{"type":"FeatureCollection","features":[{"type":"Feature","properties":{"layer":"roads"},"geometry":{"type":"LineString","coordinates":[[16.982906,51.1368204],[16.9829733,51.1368195],[16.9829865,51.136817],[16.9829997,51.1368145],[16.983014,51.1368148],[16.9830282,51.1368152],[16.9830425,51.1368155],[16.9830567,51.1368159],[16.983071,51.1368162],[16.9830852,51.1368165],[16.9830995,51.1368169],[16.9831137,51.1368172],[16.983128,51.1368176],[16.9831423,51.1368179],[16.9831565,51.1368183],[16.9831708,51.1368186],[16.983185,51.1368189],[16.9831993,51.1368193],[16.9832135,51.1368196],[16.9832278,51.13682],[16.983242,51.1368203],[16.9832563,51.1368206],[16.9832705,51.136821],[16.9832848,51.1368213],[16.9832991,51.1368217],[16.9833133,51.136822],[16.9833276,51.1368224],[16.9833418,51.1368227],[16.9833561,51.136823],[16.9833988,51.1368241],[16.9834256,51.1368221],[16.983443,51.1368216],[16.9834478,51.1368094],[16.9834594,51.1368044],[16.983471,51.1367994],[16.9834826,51.1367944],[16.9834941,51.1367894],[16.9835057,51.1367843],[16.9835173,51.1367793],[16.9835289,51.1367743],[16.9835405,51.1367693],[16.983552,51.1367643],[16.9835636,51.1367593],[16.9835752,51.1367543],[16.9835868,51.1367493],[16.9835984,51.1367443],[16.9836099,51.1367393],[16.9836215,51.1367343],[16.9836331,51.1367293],[16.9836447,51.1367243],[16.9836562,51.1367193],[16.9836678,51.1367143],[16.9836794,51.1367093],[16.983691,51.1367042],[16.9837026,51.1366992],[16.9837141,51.1366942],[16.9837257,51.1366892],[16.9837373,51.1366842],[16.9837489,51.1366792],[16.9837604,51.1366742],[16.983772,51.1366692],[16.9837836,51.1366642],[16.9837952,51.1366592],[16.9838068,51.1366542],[16.9838183,51.1366492],[16.9838299,51.1366442],[16.9838415,51.1366392],[16.9838531,51.1366342],[16.9838647,51.1366291],[16.9838762,51.1366241],[16.9838878,51.1366191],[16.9838994,51.1366141],[16.983911,51.1366091],[16.9839225,51.1366041],[16.9839341,51.1365991],[16.9839457,51.1365941],[16.983957,51.1365887],[16.9839684,51.1365833],[16.9839797,51.1365779],[16.9840218,51.1365627],[16.9840477,51.1365311]]}},{"type":"Feature","properties":{"layer":"roads"},"geometry":{"type":"LineString","coordinates":[[16.982906,51.1368204],[16.9829613,51.1368617],[16.9829817,51.1368756],[16.9829918,51.1368814],[16.983002,51.1368873],[16.9830122,51.1368932],[16.9830223,51.136899],[16.9830325,51.1369049],[16.9830427,51.1369108],[16.9830528,51.1369166],[16.983063,51.1369225],[16.9830732,51.1369284],[16.9830833,51.1369342],[16.9830935,51.1369401],[16.9831042,51.1369457],[16.983147,51.1369682]]}},{"type":"Feature","properties":{"layer":"roads"},"geometry":{"type":"LineString","coordinates":[[16.982906,51.1368204],[16.9828889,51.1368476],[16.9828784,51.1368536],[16.9828679,51.1368596],[16.9828573,51.1368656],[16.9828468,51.1368716],[16.9828363,51.1368776],[16.9828258,51.1368836],[16.9828152,51.1368897],[16.9828047,51.1368957],[16.9827942,51.1369017],[16.9827837,51.1369077],[16.9827731,51.1369137],[16.9827626,51.1369197],[16.9827521,51.1369257],[16.9827416,51.1369317],[16.982731,51.1369377],[16.9827205,51.1369437],[16.98271,51.1369497],[16.9826995,51.1369557],[16.982689,51.1369617],[16.9826784,51.1369677],[16.9826679,51.1369737],[16.9826574,51.1369797],[16.9826468,51.1369857],[16.9826363,51.1369917],[16.9826258,51.1369977],[16.9826153,51.1370037],[16.9826048,51.1370097],[16.9825942,51.1370158],[16.9825837,51.1370218],[16.9825732,51.1370278],[16.9825626,51.1370338],[16.9825521,51.1370398],[16.9825416,51.1370458],[16.9825311,51.1370518],[16.9825206,51.1370578],[16.98251,51.1370638],[16.9824995,51.1370698],[16.9824875,51.1370746],[16.9824755,51.1370794],[16.9824635,51.1370843],[16.9824515,51.1370891],[16.9824396,51.1370939],[16.9824276,51.1370987],[16.9824156,51.1371035],[16.9824036,51.1371083],[16.9823916,51.1371132],[16.9823796,51.137118],[16.9823676,51.1371228],[16.9823556,51.1371276],[16.9823437,51.1371324],[16.9823317,51.1371372],[16.9823197,51.1371421],[16.9823077,51.1371469],[16.9822957,51.1371517],[16.9822837,51.1371565],[16.9822717,51.1371613],[16.9822597,51.1371661],[16.9822478,51.137171],[16.9822358,51.1371758],[16.9822238,51.1371806],[16.9822118,51.1371854],[16.9821998,51.1371902],[16.9821878,51.137195],[16.9821758,51.1371999],[16.9821638,51.1372047],[16.9821519,51.1372095],[16.9821399,51.1372143],[16.9821279,51.1372191],[16.9821159,51.1372239],[16.9821039,51.1372288],[16.9820919,51.1372336],[16.9820799,51.1372384],[16.9820679,51.1372432],[16.982056,51.137248],[16.982044,51.1372528],[16.982032,51.1372577],[16.98202,51.1372625],[16.982008,51.1372673],[16.981997,51.1372729],[16.981986,51.1372784],[16.981975,51.137284],[16.981964,51.1372895],[16.981953,51.1372951],[16.981942,51.1373006],[16.981931,51.1373062],[16.98192,51.1373117],[16.981909,51.1373173],[16.981898,51.1373228],[16.981887,51.1373284],[16.981876,51.1373339],[16.981865,51.1373395],[16.981854,51.137345],[16.981843,51.1373506],[16.981832,51.1373561],[16.981821,51.1373617],[16.98181,51.1373672],[16.981799,51.1373728],[16.981788,51.1373783],[16.981777,51.1373839],[16.981766,51.1373894],[16.981755,51.137395],[16.981744,51.1374005],[16.981733,51.1374061],[16.981722,51.1374116],[16.981711,51.1374172],[16.9817,51.1374227],[16.981689,51.1374283],[16.981678,51.1374338],[16.981667,51.1374394],[16.981656,51.1374449],[16.981645,51.1374505],[16.981634,51.137456],[16.981623,51.1374616],[16.981612,51.1374671],[16.981601,51.1374727],[16.98159,51.1374782],[16.981579,51.1374838],[16.981568,51.1374893],[16.981557,51.1374949],[16.981546,51.1375004],[16.981535,51.137506],[16.981524,51.1375115],[16.981513,51.1375171],[16.981502,51.1375226],[16.981491,51.1375282],[16.98148,51.1375337],[16.981469,51.1375393],[16.981458,51.1375448],[16.981447,51.1375504],[16.981436,51.1375559],[16.981425,51.1375615],[16.981414,51.137567],[16.981403,51.1375726],[16.981392,51.1375781],[16.981381,51.1375837],[16.98137,51.1375892],[16.981359,51.1375948],[16.981348,51.1376003],[16.981337,51.1376059],[16.981326,51.1376114],[16.981315,51.137617],[16.981304,51.1376225],[16.981293,51.1376281],[16.9812821,51.137634],[16.9812713,51.1376398],[16.9812604,51.1376457],[16.9812496,51.1376515],[16.9812387,51.1376574],[16.9812279,51.1376632],[16.981217,51.1376691],[16.9812061,51.1376749],[16.9811953,51.1376808],[16.9811844,51.1376866],[16.9811736,51.1376925],[16.9811627,51.1376983],[16.9811519,51.1377042],[16.981141,51.13771],[16.9811301,51.1377159],[16.9811193,51.1377217],[16.9811084,51.1377276],[16.9810976,51.1377334],[16.9810867,51.1377393],[16.9810759,51.1377451],[16.981065,51.137751],[16.9810541,51.1377568],[16.9810433,51.1377627],[16.9810324,51.1377685],[16.9810216,51.1377744],[16.9810107,51.1377802],[16.9809999,51.1377861],[16.980989,51.1377919],[16.9809781,51.1377978],[16.9809673,51.1378036],[16.9809564,51.1378095],[16.9809456,51.1378153],[16.9809347,51.1378212],[16.9809239,51.137827],[16.980913,51.1378329],[16.9809021,51.1378387],[16.9808913,51.1378446],[16.9808804,51.1378504],[16.9808696,51.1378563],[16.9808587,51.1378621],[16.9808479,51.137868],[16.980837,51.1378738],[16.9808261,51.1378797],[16.9808153,51.1378855],[16.9808044,51.1378914],[16.9807936,51.1378972],[16.9807827,51.1379031],[16.9807719,51.1379089],[16.980761,51.1379148],[16.9807501,51.1379206],[16.9807393,51.1379265],[16.9807284,51.1379323],[16.9807176,51.1379382],[16.9807067,51.137944],[16.9806959,51.1379499],[16.980685,51.1379557],[16.9806741,51.1379616],[16.9806633,51.1379674],[16.9806524,51.1379733],[16.9806416,51.1379791],[16.9806307,51.137985],[16.9806199,51.1379908],[16.980609,51.1379967],[16.9805994,51.1380031],[16.9805898,51.1380095],[16.9805802,51.1380159],[16.9805706,51.1380223],[16.980561,51.1380288],[16.9805514,51.1380352],[16.9805418,51.1380416],[16.9805322,51.138048],[16.9805226,51.1380544],[16.980513,51.1380608],[16.9805034,51.1380672],[16.9804938,51.1380736],[16.9804842,51.1380801],[16.9804746,51.1380865],[16.980465,51.1380929],[16.9804554,51.1380993],[16.9804458,51.1381057],[16.9804362,51.1381121],[16.9804266,51.1381185],[16.980417,51.1381249],[16.9804074,51.1381314],[16.9803978,51.1381378],[16.9803882,51.1381442],[16.9803786,51.1381506],[16.980369,51.138157],[16.9803594,51.1381634],[16.9803498,51.1381698],[16.9803402,51.1381762],[16.9803306,51.1381826],[16.980321,51.1381891],[16.9803114,51.1381955],[16.9803018,51.1382019],[16.9802922,51.1382083],[16.9802826,51.1382147],[16.980273,51.1382211],[16.9802634,51.1382275],[16.9802538,51.1382339],[16.9802442,51.1382404],[16.9802346,51.1382468],[16.980225,51.1382532],[16.9802154,51.1382596],[16.9802058,51.138266],[16.9802006,51.1382744],[16.9801954,51.1382827],[16.9801902,51.1382911],[16.9801849,51.1382995],[16.9801797,51.1383079],[16.9801745,51.1383162],[16.9801693,51.1383246],[16.9801641,51.138333],[16.9801589,51.1383414],[16.9801536,51.1383497],[16.9801484,51.1383581],[16.9801432,51.1383665],[16.980138,51.1383748],[16.9801328,51.1383832],[16.9801119,51.1384167]]}},{"type":"Feature","properties":{"layer":"roads"},"geometry":{"type":"LineString","coordinates":[[16.9746101,51.1305952],[16.974652,51.1305715],[16.9746826,51.1305543],[16.9746929,51.1305485],[16.9747235,51.1305313],[16.9747668,51.130507]]}},{"type":"Feature","properties":{"layer":"roads"},"geometry":{"type":"LineString","coordinates":[[16.9746101,51.1305952],[16.9745665,51.130592],[16.974554,51.1305945],[16.9745414,51.130597],[16.9745288,51.1305995],[16.9745163,51.1306019],[16.9745038,51.1306044],[16.9744912,51.1306069],[16.9744783,51.1306108],[16.9744654,51.1306146],[16.9744526,51.1306185],[16.9744397,51.1306223],[16.9744268,51.1306262],[16.9744139,51.13063],[16.974401,51.1306339],[16.9743882,51.1306378],[16.9743753,51.1306416],[16.9743624,51.1306455],[16.9743495,51.1306493],[16.9743366,51.1306532],[16.9743238,51.130657],[16.9743109,51.1306609],[16.974298,51.1306648],[16.9742851,51.1306686],[16.9742723,51.1306725],[16.9742594,51.1306763],[16.9742465,51.1306802],[16.9742336,51.130684],[16.9742207,51.1306879],[16.9742079,51.1306918],[16.974195,51.1306956],[16.9741821,51.1306995],[16.9741692,51.1307033],[16.9741563,51.1307072],[16.9741435,51.130711],[16.9741306,51.1307149],[16.9741177,51.1307188],[16.9741048,51.1307226],[16.9740919,51.1307265],[16.9740791,51.1307303],[16.9740662,51.1307342],[16.9740533,51.130738],[16.9740404,51.1307419],[16.9740275,51.1307458],[16.9740147,51.1307496],[16.9740018,51.1307535],[16.9739889,51.1307573],[16.973976,51.1307612],[16.9739632,51.130765],[16.9739503,51.1307689],[16.9739374,51.1307728],[16.9739245,51.1307766],[16.9739116,51.1307805],[16.9738988,51.1307843],[16.9738859,51.1307882],[16.973873,51.130792],[16.9738601,51.1307959],[16.9738472,51.1307998],[16.9738344,51.1308036],[16.9738215,51.1308075],[16.9738086,51.1308113],[16.9737957,51.1308152],[16.9737828,51.130819],[16.97377,51.1308229],[16.9737571,51.1308268],[16.9737442,51.1308306],[16.9737313,51.1308345],[16.9737184,51.1308383],[16.9737056,51.1308422],[16.9736927,51.130846],[16.9736798,51.1308499],[16.9736669,51.1308538],[16.9736541,51.1308576],[16.9736412,51.1308615],[16.9736283,51.1308653],[16.9736154,51.1308692],[16.9736025,51.130873],[16.9735897,51.1308769],[16.9735768,51.1308808],[16.9735639,51.1308846],[16.973551,51.1308885],[16.9735381,51.1308923],[16.9735253,51.1308962],[16.9735124,51.1309],[16.9734995,51.1309039],[16.9734866,51.1309075],[16.9734738,51.1309111],[16.9734609,51.1309146],[16.9734481,51.1309182],[16.9734352,51.1309218],[16.9734223,51.1309254],[16.9734095,51.130929],[16.9733966,51.1309325],[16.9733838,51.1309361],[16.9733709,51.1309397],[16.973358,51.1309433],[16.9733452,51.1309469],[16.9733323,51.1309505],[16.9733195,51.130954],[16.9733066,51.1309576],[16.9732937,51.1309612],[16.9732809,51.1309648],[16.973268,51.1309684],[16.9732552,51.1309719],[16.9732423,51.1309755],[16.9732294,51.1309791],[16.9732166,51.1309827],[16.9732037,51.1309863],[16.9731909,51.1309898],[16.973178,51.1309934],[16.9731651,51.130997],[16.9731523,51.1310006],[16.9731394,51.1310042],[16.9731266,51.1310077],[16.9731137,51.1310113],[16.9731009,51.1310149],[16.973088,51.1310185],[16.9730751,51.1310221],[16.9730623,51.1310256],[16.9730494,51.1310292],[16.9730366,51.1310328],[16.9730237,51.1310364],[16.9730108,51.13104],[16.972998,51.1310436],[16.9729851,51.1310471],[16.9729723,51.1310507],[16.9729594,51.1310543],[16.9729465,51.1310579],[16.9729337,51.1310615],[16.9729208,51.131065],[16.972908,51.1310686],[16.9728951,51.1310722],[16.9728822,51.1310758],[16.9728694,51.1310794],[16.9728565,51.1310829],[16.9728437,51.1310865],[16.9728308,51.1310901],[16.9728171,51.1310918],[16.9728034,51.1310935],[16.9727897,51.1310952],[16.972776,51.1310969],[16.9727623,51.1310986],[16.9727487,51.1311003],[16.972735,51.131102],[16.9727213,51.1311037],[16.9727076,51.1311054],[16.9726939,51.1311071],[16.9726802,51.1311088],[16.9726665,51.1311105],[16.9726528,51.1311122],[16.9726391,51.1311139],[16.9726254,51.1311156],[16.9726117,51.1311173],[16.9725981,51.131119],[16.9725844,51.1311207],[16.9725707,51.1311224],[16.972557,51.1311241],[16.9725433,51.1311258],[16.9725296,51.1311275],[16.9725164,51.1311298],[16.9725032,51.131132],[16.9724899,51.1311343],[16.9724767,51.1311366],[16.9724635,51.1311388],[16.9724503,51.1311411],[16.972437,51.1311434],[16.9724238,51.1311456],[16.9724106,51.1311479],[16.9723974,51.1311502],[16.9723842,51.1311524],[16.9723709,51.1311547],[16.9723577,51.131157],[16.9723445,51.1311592],[16.9723313,51.1311615],[16.972318,51.1311638],[16.9723048,51.131166],[16.9722916,51.1311683],[16.9722786,51.1311715],[16.9722655,51.1311747],[16.9722525,51.1311779],[16.9722395,51.1311811],[16.9722265,51.1311843],[16.9722134,51.1311875],[16.9722004,51.1311907],[16.9721874,51.1311938],[16.9721744,51.131197],[16.9721613,51.1312002],[16.9721483,51.1312034],[16.9721013,51.1312212]]}},{"type":"Feature","properties":{"layer":"roads"},"geometry":{"type":"LineString","coordinates":[[16.9746101,51.1305952],[16.9745969,51.1306273],[16.9745776,51.1306487],[16.9745658,51.1306636],[16.9745486,51.1306912]]}},{"type":"Feature","properties":{"layer":"roads"},"geometry":{"type":"LineString","coordinates":[[16.9721013,51.1312212],[16.9721303,51.1312451],[16.9721389,51.1312523],[16.9721474,51.1312595],[16.9721559,51.1312667],[16.9721645,51.131274],[16.972173,51.1312812],[16.9721816,51.1312884],[16.9721901,51.1312956],[16.9721986,51.1313028],[16.9722072,51.1313101],[16.9722157,51.1313173],[16.9722242,51.1313245],[16.9722328,51.1313317],[16.9722413,51.1313389],[16.9722498,51.1313461],[16.9722584,51.1313534],[16.9722669,51.1313606],[16.9722754,51.1313678],[16.972284,51.131375],[16.9722925,51.1313822],[16.9723011,51.1313895],[16.9723096,51.1313967],[16.9723181,51.1314039],[16.9723267,51.1314111],[16.9723352,51.1314183],[16.9723437,51.1314256],[16.9723523,51.1314328],[16.9723608,51.13144],[16.9723693,51.1314471],[16.9723778,51.1314541],[16.9723863,51.1314612],[16.9723948,51.1314683],[16.9724033,51.1314753],[16.9724118,51.1314824],[16.9724202,51.1314895],[16.9724287,51.1314965],[16.9724372,51.1315036],[16.9724457,51.1315107],[16.9724542,51.1315177],[16.9724627,51.1315248],[16.9724712,51.1315319],[16.9724797,51.1315389],[16.9724882,51.131546],[16.9724967,51.1315531],[16.9725052,51.1315602],[16.9725137,51.1315672],[16.9725222,51.1315743],[16.9725307,51.1315814],[16.9725392,51.1315884],[16.9725476,51.1315955],[16.9725561,51.1316026],[16.9725646,51.1316096],[16.9725731,51.1316167],[16.9725816,51.1316238],[16.9725901,51.1316308],[16.9726156,51.1316643]]}},{"type":"Feature","properties":{"layer":"roads"},"geometry":{"type":"LineString","coordinates":[[16.9721013,51.1312212],[16.9720509,51.1312361],[16.9720395,51.1312411],[16.9720282,51.1312461],[16.9720168,51.1312511],[16.9720055,51.1312561],[16.9719942,51.1312611],[16.9719828,51.131266],[16.9719715,51.131271],[16.9719602,51.131276],[16.9719488,51.131281],[16.9719375,51.131286],[16.9719261,51.131291],[16.9719148,51.1312959],[16.9719035,51.1313009],[16.9718921,51.1313059],[16.9718808,51.1313109],[16.9718695,51.131316],[16.9718582,51.131321],[16.9718468,51.1313261],[16.9718355,51.1313312],[16.9718242,51.1313362],[16.9718128,51.1313413],[16.9718015,51.1313464],[16.9717902,51.1313514],[16.9717789,51.1313565],[16.9717676,51.1313616],[16.9717562,51.1313666],[16.9717449,51.1313717],[16.9717336,51.1313768],[16.9717223,51.1313818],[16.9717109,51.1313869],[16.9716996,51.131392],[16.9716883,51.131397],[16.971677,51.1314021],[16.9716656,51.1314071],[16.9716543,51.1314122],[16.971643,51.1314173],[16.9716316,51.1314223],[16.9716203,51.1314274],[16.971609,51.1314325],[16.9715977,51.1314375],[16.9715864,51.1314426],[16.971575,51.1314477],[16.9715637,51.1314527],[16.9715524,51.1314578],[16.971541,51.1314629],[16.9715297,51.1314679],[16.9714649,51.1314921]]}},{"type":"Feature","properties":{"layer":"roads"},"geometry":{"type":"LineString","coordinates":[[16.9721013,51.1312212],[16.9720751,51.131185],[16.9720698,51.1311772],[16.9720645,51.1311694],[16.9720566,51.1311619],[16.9720488,51.1311545],[16.9720409,51.131147],[16.9720331,51.1311395],[16.9720252,51.1311321],[16.9720174,51.1311246],[16.9720095,51.1311171],[16.9720017,51.1311096],[16.9719938,51.1311022],[16.971986,51.1310947],[16.9719781,51.1310872],[16.9719703,51.1310798],[16.9719624,51.1310723],[16.9719551,51.1310649],[16.9719479,51.1310575],[16.9719406,51.1310501],[16.9719334,51.1310427],[16.9719261,51.1310353],[16.9719188,51.131028],[16.9719116,51.1310206],[16.9719043,51.1310132],[16.9718971,51.1310058],[16.9718898,51.1309984],[16.9718826,51.130991],[16.9718753,51.1309836],[16.971868,51.1309762],[16.9718608,51.1309688],[16.9718535,51.1309614],[16.9718463,51.130954],[16.971839,51.1309467],[16.9718317,51.1309393],[16.9718245,51.1309319],[16.9718172,51.1309245],[16.97181,51.1309171],[16.9717875,51.1308912]]}},{"type":"Feature","properties":{"layer":"roads"},"geometry":{"type":"LineString","coordinates":[[16.9778997,51.130836],[16.9778546,51.1308235],[16.9778436,51.1308199],[16.9778411,51.1308125],[16.9778386,51.130805],[16.977836,51.1307976],[16.9778335,51.1307902],[16.9778309,51.130786],[16.9778229,51.1307582]]}},{"type":"Feature","properties":{"layer":"roads"},"geometry":{"type":"LineString","coordinates":[[16.9778997,51.130836],[16.9779909,51.1308392]]}},{"type":"Feature","properties":{"layer":"roads"},"geometry":{"type":"LineString","coordinates":[[16.9778997,51.130836],[16.9778781,51.1308683],[16.977873,51.130876],[16.9778678,51.1308836],[16.9778627,51.1308913],[16.9778575,51.1308989],[16.9778524,51.1309066],[16.9778472,51.1309142],[16.9778421,51.1309219],[16.9778397,51.1309305],[16.9778374,51.1309392],[16.977835,51.1309478],[16.9778327,51.1309565],[16.9778303,51.1309651],[16.9778279,51.1309738],[16.9778256,51.1309824],[16.9778232,51.1309911],[16.9778208,51.1309997],[16.9778185,51.1310084],[16.9778161,51.131017],[16.9778138,51.1310257],[16.9778114,51.1310343],[16.9778093,51.1310432],[16.9778071,51.1310521],[16.977805,51.1310609],[16.9778029,51.1310698],[16.9778007,51.1310787],[16.9777986,51.1310876],[16.9777965,51.1310964],[16.9777943,51.1311053],[16.9777922,51.1311142],[16.9777901,51.1311231],[16.9777879,51.131132],[16.9777858,51.1311408],[16.9777837,51.1311497],[16.9777815,51.1311586],[16.9777794,51.1311675],[16.9777773,51.1311763],[16.9777751,51.1311852],[16.977773,51.1311941],[16.9777709,51.131203],[16.9777687,51.1312119],[16.9777666,51.1312207],[16.9777645,51.1312296],[16.9777623,51.1312385],[16.9777602,51.1312474],[16.977758,51.1312562],[16.9777559,51.1312651],[16.9777538,51.131274],[16.9777516,51.1312829],[16.9777495,51.1312917],[16.9777474,51.1313006],[16.9777452,51.1313095],[16.9777431,51.1313184],[16.977741,51.1313273],[16.9777388,51.1313361],[16.9777367,51.131345],[16.9777346,51.1313539],[16.9777324,51.1313628],[16.9777303,51.1313716],[16.9777282,51.1313805],[16.977726,51.1313894],[16.9777239,51.1313983],[16.9777218,51.1314072],[16.9777196,51.131416],[16.9777175,51.1314249],[16.9777154,51.1314338],[16.9777132,51.1314427],[16.9777111,51.1314515],[16.977709,51.1314604],[16.9777068,51.1314693],[16.9777047,51.1314782],[16.9777026,51.1314871],[16.9777004,51.1314959],[16.9776983,51.1315048],[16.9776962,51.1315137],[16.977694,51.1315226],[16.9776919,51.1315314],[16.9776898,51.1315403],[16.9776876,51.1315492],[16.9776855,51.1315581],[16.9776834,51.131567],[16.9776812,51.1315758],[16.9776791,51.1315847],[16.977677,51.1315936],[16.9776748,51.1316025],[16.9776727,51.1316113],[16.9776706,51.1316202],[16.9776684,51.1316291],[16.9776663,51.131638],[16.9776642,51.1316469],[16.977662,51.1316557],[16.9776599,51.1316646],[16.9776577,51.1316735],[16.9776556,51.1316824],[16.9776535,51.1316912],[16.9776513,51.1317001],[16.9776492,51.131709],[16.9776471,51.1317179],[16.9776449,51.1317267],[16.9776428,51.1317356],[16.9776407,51.1317445],[16.9776385,51.1317534],[16.9776364,51.1317623],[16.9776343,51.1317711],[16.9776321,51.13178],[16.97763,51.1317889],[16.9776279,51.1317978],[16.9776257,51.1318066],[16.9776236,51.1318155],[16.9776215,51.1318244],[16.9776193,51.1318333],[16.9776172,51.1318422],[16.9776151,51.131851],[16.9776129,51.1318599],[16.9776108,51.1318688],[16.9776087,51.1318777],[16.9776065,51.1318865],[16.9776044,51.1318954],[16.9776023,51.1319043],[16.9776001,51.1319132],[16.977598,51.1319221],[16.9775959,51.1319309],[16.9775937,51.1319398],[16.9775916,51.1319487],[16.9775895,51.1319576],[16.9775873,51.1319664],[16.9775852,51.1319753],[16.9775831,51.1319842],[16.9775809,51.1319931],[16.9775788,51.132002],[16.9775767,51.1320108],[16.9775745,51.1320197],[16.9775724,51.1320286],[16.9775703,51.1320375],[16.9775681,51.1320463],[16.977566,51.1320552],[16.9775638,51.1320641],[16.9775617,51.132073],[16.9775596,51.1320818],[16.9775574,51.1320907],[16.9775553,51.1320996],[16.9775532,51.1321085],[16.977551,51.1321174],[16.9775489,51.1321262],[16.9775468,51.1321351],[16.9775446,51.132144],[16.9775425,51.1321529],[16.9775404,51.1321617],[16.9775382,51.1321706],[16.9775361,51.1321795],[16.977534,51.1321884],[16.9775318,51.1321973],[16.9775297,51.1322061],[16.9775276,51.132215],[16.9775254,51.1322239],[16.9775233,51.1322328],[16.9775212,51.1322416],[16.977519,51.1322505],[16.9775169,51.1322594],[16.9775148,51.1322682],[16.9775128,51.1322769],[16.9775107,51.1322857],[16.9775087,51.1322944],[16.9775066,51.1323032],[16.9775045,51.132312],[16.9775025,51.1323207],[16.9775004,51.1323295],[16.9774984,51.1323382],[16.9774963,51.132347],[16.9774942,51.1323558],[16.9774922,51.1323645],[16.9774901,51.1323733],[16.9774881,51.132382],[16.977486,51.1323908],[16.9774839,51.1323996],[16.9774819,51.1324083],[16.9774798,51.1324171],[16.9774778,51.1324258],[16.9774757,51.1324346],[16.9774736,51.1324434],[16.9774716,51.1324521],[16.9774695,51.1324609],[16.9774675,51.1324696],[16.9774654,51.1324784],[16.9774633,51.1324872],[16.9774613,51.1324959],[16.9774592,51.1325047],[16.9774908,51.1325277]]}},{"type":"Feature","properties":{"layer":"roads"},"geometry":{"type":"LineString","coordinates":[[16.9774908,51.1325277],[16.9774041,51.1325142],[16.9773441,51.1325074]]}},{"type":"Feature","properties":{"layer":"roads"},"geometry":{"type":"LineString","coordinates":[[16.9774908,51.1325277],[16.9774469,51.1325575],[16.9774448,51.1325663],[16.9774427,51.1325752],[16.9774407,51.132584],[16.9774386,51.1325928],[16.9774366,51.1326017],[16.9774345,51.1326105],[16.9774324,51.1326193],[16.9774304,51.1326282],[16.9774283,51.132637],[16.9774262,51.1326458],[16.9774242,51.1326546],[16.9774221,51.1326635],[16.9774201,51.1326723],[16.977418,51.1326811],[16.9774159,51.13269],[16.9774139,51.1326988],[16.9774118,51.1327076],[16.9774098,51.1327165],[16.9774077,51.1327253],[16.9774056,51.1327341],[16.9774036,51.1327429],[16.9774015,51.1327518],[16.9773995,51.1327606],[16.9773974,51.1327694],[16.9773953,51.1327783],[16.9773933,51.1327871],[16.9773912,51.1327959],[16.9773892,51.1328048],[16.9773871,51.1328136],[16.977385,51.1328224],[16.977383,51.1328312],[16.9773809,51.1328401],[16.9773788,51.1328489],[16.9773768,51.1328577],[16.9773747,51.1328666],[16.9773727,51.1328754],[16.9773706,51.1328842],[16.9773685,51.1328931],[16.9773665,51.1329019],[16.9773644,51.1329107],[16.9773624,51.1329195],[16.9773603,51.1329284],[16.9773582,51.1329372],[16.9773562,51.132946],[16.9773541,51.1329549],[16.9773521,51.1329637],[16.97735,51.1329725],[16.9773479,51.1329814],[16.9773459,51.1329902],[16.9773438,51.132999],[16.9773417,51.1330078],[16.9773397,51.1330167],[16.9773376,51.1330255],[16.9773356,51.1330343],[16.9773335,51.1330432],[16.9773314,51.133052],[16.9773294,51.1330608],[16.9773273,51.1330697],[16.9773253,51.1330785],[16.9773232,51.1330873],[16.9773211,51.1330961],[16.9773191,51.133105],[16.977317,51.1331138],[16.977315,51.1331226],[16.9773129,51.1331315],[16.9773108,51.1331403],[16.9773088,51.1331491],[16.9773067,51.133158],[16.9773047,51.1331668],[16.9773026,51.1331756],[16.9773005,51.1331844],[16.9772985,51.1331933],[16.9772964,51.1332021],[16.9772943,51.1332109],[16.9772923,51.1332198],[16.9772902,51.1332286],[16.9772882,51.1332374],[16.9772861,51.1332463],[16.977284,51.1332551],[16.9772772,51.1332864]]}},{"type":"Feature","properties":{"layer":"roads"},"geometry":{"type":"LineString","coordinates":[[16.9861173,51.1320228],[16.9861151,51.1319957],[16.9861167,51.131987],[16.9861183,51.1319783],[16.9861199,51.1319696],[16.9861215,51.1319608],[16.9861231,51.1319521],[16.9861247,51.1319434],[16.9861263,51.1319347],[16.9861279,51.1319259],[16.9861295,51.1319172],[16.9861311,51.1319085],[16.9861328,51.1318998],[16.9861344,51.1318911],[16.986136,51.1318823],[16.9861376,51.1318736],[16.9861392,51.1318649],[16.9861408,51.1318562],[16.9861424,51.1318475],[16.986144,51.1318387],[16.9861456,51.13183],[16.9861472,51.1318213],[16.9861488,51.1318126],[16.9861504,51.1318038],[16.986152,51.1317951],[16.9861536,51.1317864],[16.986149,51.1317787],[16.9861444,51.131771],[16.9861398,51.1317632],[16.9861352,51.1317555],[16.9861306,51.1317478],[16.9861208,51.1317414],[16.986111,51.1317349],[16.9861012,51.1317285],[16.9860915,51.1317221],[16.9860817,51.1317156],[16.9860719,51.1317092],[16.986048,51.1316832]]}},{"type":"Feature","properties":{"layer":"roads"},"geometry":{"type":"LineString","coordinates":[[16.9861173,51.1320228],[16.9860984,51.1320472],[16.9860933,51.1320555],[16.9860881,51.1320639],[16.986083,51.1320722],[16.9860778,51.1320805],[16.9860727,51.1320888],[16.9860676,51.1320971],[16.9860624,51.1321054],[16.9860573,51.1321137],[16.9860521,51.1321221],[16.986047,51.1321304],[16.9860418,51.1321387],[16.9860367,51.132147],[16.9860285,51.1321542],[16.9860202,51.1321614],[16.986012,51.1321686],[16.9860038,51.1321759],[16.9859955,51.1321831],[16.9859873,51.1321903],[16.9859791,51.1321975],[16.9859708,51.1322047],[16.9859626,51.1322119],[16.9859544,51.1322191],[16.9859461,51.1322264],[16.9859379,51.1322336],[16.9859297,51.1322408],[16.9859214,51.132248],[16.9859132,51.1322552],[16.9859049,51.1322624],[16.9858967,51.1322696],[16.9858885,51.1322768],[16.9858802,51.1322841],[16.985872,51.1322913],[16.9858638,51.1322985],[16.9858555,51.1323057],[16.9858473,51.1323129],[16.9858391,51.1323201],[16.9858308,51.1323273],[16.9858226,51.1323346],[16.9858144,51.1323418],[16.9858061,51.132349],[16.9857979,51.1323562],[16.985791,51.1323639],[16.9857842,51.1323716],[16.9857773,51.1323793],[16.9857705,51.132387],[16.9857636,51.1323946],[16.9857568,51.1324023],[16.9857499,51.13241],[16.9857431,51.1324177],[16.9857362,51.1324254],[16.9857293,51.1324331],[16.9857225,51.1324408],[16.9857156,51.1324485],[16.9857088,51.1324562],[16.9857019,51.1324638],[16.9856951,51.1324715],[16.9856882,51.1324792],[16.9856814,51.1324869],[16.9856745,51.1324946],[16.9856676,51.1325023],[16.9856608,51.13251],[16.9856539,51.1325177],[16.9856471,51.1325254],[16.9856402,51.132533],[16.9856334,51.1325407],[16.9856265,51.1325484],[16.9856197,51.1325561],[16.9856128,51.1325638],[16.9856059,51.1325715],[16.9855991,51.1325792],[16.9855922,51.1325869],[16.9855854,51.1325946],[16.9855785,51.1326022],[16.9855717,51.1326099],[16.9855648,51.1326176],[16.985558,51.1326253],[16.9855511,51.132633],[16.9855429,51.1326403],[16.9855346,51.1326475],[16.9855264,51.1326548],[16.9855181,51.132662],[16.9855099,51.1326693],[16.9855017,51.1326765],[16.9854934,51.1326838],[16.9854852,51.132691],[16.985477,51.1326983],[16.9854687,51.1327055],[16.9854605,51.1327128],[16.9854522,51.13272],[16.985444,51.1327273],[16.9854358,51.1327345],[16.9854275,51.1327418],[16.9854193,51.1327491],[16.9854111,51.1327563],[16.9854028,51.1327636],[16.9853946,51.1327708],[16.9853863,51.1327781],[16.9853781,51.1327853],[16.9853699,51.1327926],[16.9853616,51.1327998],[16.9853534,51.1328071],[16.9853452,51.1328143],[16.9853369,51.1328216],[16.9853287,51.1328288],[16.9853204,51.1328361],[16.9853122,51.1328433],[16.985304,51.1328506],[16.9852957,51.1328578],[16.9852875,51.1328651],[16.9852804,51.1328727],[16.9852733,51.1328802],[16.9852662,51.1328878],[16.9852591,51.1328954],[16.9852519,51.132903],[16.9852448,51.1329105],[16.9852377,51.1329181],[16.9852306,51.1329257],[16.9852235,51.1329332],[16.9852164,51.1329408],[16.9852093,51.1329484],[16.9852022,51.1329559],[16.9851951,51.1329635],[16.9851879,51.1329711],[16.9851808,51.1329787],[16.9851737,51.1329862],[16.9851666,51.1329938],[16.9851595,51.1330014],[16.9851524,51.1330089],[16.9851453,51.1330165],[16.9851382,51.1330241],[16.9851311,51.1330316],[16.9851239,51.1330392],[16.9851168,51.1330468],[16.9851097,51.1330544],[16.9851026,51.1330619],[16.9850955,51.1330695],[16.985089,51.1330774],[16.9850826,51.1330852],[16.9850761,51.1330931],[16.9850696,51.133101],[16.9850632,51.1331088],[16.9850567,51.1331167],[16.9850502,51.1331246],[16.9850438,51.1331324],[16.9850373,51.1331403],[16.9850308,51.1331482],[16.9850243,51.133156],[16.9850179,51.1331639],[16.9850114,51.1331718],[16.9850049,51.1331797],[16.9849985,51.1331875],[16.984992,51.1331954],[16.9849855,51.1332033],[16.9849791,51.1332111],[16.9849726,51.133219],[16.9849661,51.1332269],[16.9849597,51.1332347],[16.9849532,51.1332426],[16.9849484,51.133251],[16.9849436,51.1332594],[16.9849388,51.1332678],[16.984934,51.1332762],[16.9849291,51.1332845],[16.9849243,51.1332929],[16.9848974,51.1333243]]}},{"type":"Feature","properties":{"layer":"roads"},"geometry":{"type":"LineString","coordinates":[[16.9861173,51.1320228],[16.986166,51.1320108],[16.9861776,51.1320059],[16.9861892,51.132001],[16.9862008,51.1319961],[16.9862123,51.1319912],[16.9862239,51.1319864],[16.9862355,51.1319815],[16.9862471,51.1319766],[16.9862586,51.1319717],[16.9862702,51.1319668],[16.9862818,51.1319619],[16.9862934,51.1319571],[16.9863049,51.1319522],[16.9863165,51.1319473],[16.9863281,51.1319424],[16.9863397,51.1319375],[16.9863512,51.1319327],[16.9863628,51.1319278],[16.9863744,51.1319229],[16.9863837,51.1319162],[16.986393,51.1319095],[16.9864023,51.1319028],[16.9864116,51.1318961],[16.9864209,51.1318894],[16.9864301,51.1318827],[16.9864394,51.131876],[16.9864487,51.1318693],[16.986458,51.1318626],[16.9864673,51.1318559],[16.9864766,51.1318492],[16.9864859,51.1318424],[16.9864952,51.1318357],[16.9865045,51.131829],[16.9865138,51.1318223],[16.9865231,51.1318156],[16.9865323,51.1318089],[16.9865416,51.1318022],[16.9865509,51.1317955],[16.9865602,51.1317888],[16.9865695,51.1317821],[16.9865788,51.1317754],[16.9865881,51.1317688],[16.9865975,51.1317621],[16.9866068,51.1317555],[16.9866161,51.1317489],[16.9866255,51.1317422],[16.9866348,51.1317356],[16.9866441,51.131729],[16.9866535,51.1317223],[16.9866628,51.1317157],[16.9866721,51.1317091],[16.9866995,51.1316877]]}},{"type":"Feature","properties":{"layer":"roads"},"geometry":{"type":"LineString","coordinates":[[16.9848974,51.1333243],[16.9848587,51.1333059],[16.9848471,51.1333008],[16.9848355,51.1332957],[16.9848239,51.1332905],[16.9848123,51.1332854],[16.9848007,51.1332802],[16.9847891,51.1332751],[16.9847775,51.1332699],[16.9847659,51.1332648],[16.9847544,51.1332597],[16.9847428,51.1332545],[16.9847312,51.1332494],[16.9847196,51.1332442],[16.984708,51.1332391],[16.9846964,51.133234],[16.9846848,51.1332288],[16.9846732,51.1332237],[16.9846616,51.1332185],[16.98465,51.1332134],[16.9846384,51.1332082],[16.9846268,51.1332031],[16.9846153,51.133198],[16.9846038,51.1331929],[16.9845922,51.1331878],[16.9845807,51.1331827],[16.9845692,51.1331776],[16.9845577,51.1331725],[16.9845461,51.1331674],[16.9845346,51.1331622],[16.9845231,51.1331571],[16.9845116,51.133152],[16.9845,51.1331469],[16.9844885,51.1331418],[16.984477,51.1331367],[16.9844655,51.1331316],[16.9844539,51.1331265],[16.9844424,51.1331214],[16.9844309,51.1331163],[16.9844194,51.1331112],[16.9844078,51.1331061],[16.9843963,51.133101],[16.9843848,51.1330959],[16.9843733,51.1330907],[16.9843309,51.1330847]]}},{"type":"Feature","properties":{"layer":"roads"},"geometry":{"type":"LineString","coordinates":[[16.9848974,51.1333243],[16.9849487,51.1333485],[16.9849596,51.133354],[16.9849705,51.1333595],[16.9849814,51.133365],[16.9849924,51.1333705],[16.9850033,51.133376],[16.9850142,51.1333815],[16.9850251,51.133387],[16.985036,51.1333925],[16.9850469,51.133398],[16.9850578,51.1334035],[16.9850687,51.133409],[16.9850796,51.1334145],[16.9850905,51.13342],[16.9851014,51.1334255],[16.9851123,51.133431],[16.9851232,51.1334365],[16.9851341,51.133442],[16.9851451,51.1334475],[16.985156,51.133453],[16.9851669,51.1334585],[16.9851778,51.133464],[16.9851887,51.1334695],[16.9851996,51.133475],[16.9852105,51.1334805],[16.9852214,51.133486],[16.9852335,51.1334905],[16.9852456,51.1334949],[16.9852577,51.1334994],[16.9852698,51.1335039],[16.9852819,51.1335084],[16.985294,51.1335128],[16.9853061,51.1335173],[16.9853182,51.1335218],[16.9853303,51.1335263],[16.9853424,51.1335307],[16.9853545,51.1335352],[16.9853666,51.1335397],[16.9853787,51.1335442],[16.9853908,51.1335486],[16.9854029,51.1335531],[16.985415,51.1335576],[16.9854271,51.1335621],[16.9854392,51.1335665],[16.9854513,51.133571],[16.9854634,51.1335755],[16.9854756,51.1335799],[16.9854877,51.1335844],[16.9854998,51.1335889],[16.9855119,51.1335934],[16.985524,51.1335978],[16.9855361,51.1336023],[16.9855482,51.1336068],[16.9855603,51.1336113],[16.9855724,51.1336157],[16.9855845,51.1336202],[16.9855966,51.1336247],[16.9856087,51.1336292],[16.9856208,51.1336336],[16.9856329,51.1336381],[16.985645,51.1336426],[16.9856571,51.1336471],[16.9856692,51.1336515],[16.9856813,51.133656],[16.9857484,51.1336841]]}},{"type":"Feature","properties":{"layer":"roads"},"geometry":{"type":"LineString","coordinates":[[16.9848974,51.1333243],[16.9848861,51.1333591],[16.9848814,51.1333672],[16.9848767,51.1333754],[16.9848719,51.1333835],[16.9848672,51.1333917],[16.9848624,51.1333998],[16.9848577,51.133408],[16.984853,51.1334161],[16.9848482,51.1334243],[16.9848435,51.1334324],[16.9848387,51.1334406],[16.984834,51.1334487],[16.9848276,51.1334562],[16.9848212,51.1334637],[16.9848148,51.1334712],[16.9848084,51.1334787],[16.984802,51.1334862],[16.9847956,51.1334937],[16.9847892,51.1335012],[16.9847828,51.1335087],[16.9847764,51.1335162],[16.98477,51.1335237],[16.9847636,51.1335312],[16.9847572,51.1335387],[16.9847508,51.1335462],[16.9847444,51.1335537],[16.984738,51.1335612],[16.9847316,51.1335687],[16.9847252,51.1335762],[16.9847131,51.1335799],[16.9847011,51.1335836],[16.984689,51.1335874],[16.9846769,51.1335911],[16.9846649,51.1335948],[16.9846528,51.1335985],[16.9846101,51.1336117]]}},{"type":"Feature","properties":{"layer":"roads"},"geometry":{"type":"LineString","coordinates":[[16.972744,51.1306343],[16.9727095,51.1306082],[16.9726995,51.1306028],[16.9726896,51.1305974],[16.9726797,51.130592],[16.9726698,51.1305865],[16.9726598,51.1305811],[16.9726499,51.1305757],[16.9726392,51.1305702],[16.9726285,51.1305647],[16.9726178,51.1305592],[16.972607,51.1305537],[16.9725963,51.1305482],[16.9725856,51.1305427],[16.9725749,51.1305373],[16.9725642,51.1305318],[16.9725535,51.1305263],[16.9725427,51.1305208],[16.972532,51.1305153],[16.9725213,51.1305098],[16.9725106,51.1305043],[16.9725025,51.1304976],[16.9724945,51.1304909],[16.9724864,51.1304842],[16.9724783,51.1304775],[16.9724703,51.1304707],[16.9724622,51.130464],[16.9724542,51.1304573],[16.9724461,51.1304506],[16.9724396,51.1304426],[16.9724331,51.1304346],[16.9724267,51.1304266],[16.9724202,51.1304187],[16.9724137,51.1304107],[16.9724072,51.1304027],[16.9724008,51.1303947],[16.9723943,51.1303867],[16.9723878,51.1303787],[16.9723813,51.1303708],[16.9723749,51.1303628],[16.9723684,51.1303548],[16.9723619,51.1303468],[16.9723554,51.1303388],[16.9723489,51.1303308],[16.9723425,51.1303228],[16.972336,51.1303149],[16.9723295,51.1303069],[16.972323,51.1302989],[16.9723166,51.1302909],[16.9723101,51.1302829],[16.9723036,51.1302749],[16.9722971,51.1302669],[16.9722907,51.130259],[16.9722842,51.130251],[16.9722777,51.130243],[16.9722712,51.130235],[16.9722648,51.130227],[16.9722583,51.130219],[16.9722518,51.130211],[16.9722453,51.1302031],[16.9722388,51.1301951],[16.9722324,51.1301871],[16.9722259,51.1301791],[16.9722194,51.1301711],[16.9722129,51.1301631],[16.9722065,51.1301552],[16.9722,51.1301472],[16.9721935,51.1301392],[16.972187,51.1301312],[16.9721806,51.1301232],[16.9721741,51.1301152],[16.9721676,51.1301072],[16.9721611,51.1300993],[16.9721547,51.1300913],[16.9721482,51.1300833],[16.9721417,51.1300753],[16.9721352,51.1300673],[16.9721287,51.1300593],[16.9721223,51.1300514],[16.9721158,51.1300434],[16.9721093,51.1300354],[16.9721028,51.1300274],[16.9720964,51.1300194],[16.9720899,51.1300114],[16.9720834,51.1300034],[16.9720769,51.1299955],[16.9720705,51.1299875],[16.972064,51.1299795],[16.9720575,51.1299715],[16.9720512,51.1299636],[16.9720449,51.1299558],[16.9720386,51.1299479],[16.9720323,51.12994],[16.972026,51.1299322],[16.9720197,51.1299243],[16.9720134,51.1299164],[16.9720071,51.1299085],[16.9720008,51.1299007],[16.9719945,51.1298928],[16.9719882,51.1298849],[16.9719819,51.1298771],[16.9719757,51.1298692],[16.9719694,51.1298613],[16.9719631,51.1298535],[16.9719568,51.1298456],[16.9719505,51.1298377],[16.9719442,51.1298299],[16.9719379,51.129822],[16.9719316,51.1298141],[16.9719253,51.1298062],[16.971919,51.1297984],[16.9719127,51.1297905],[16.9719064,51.1297826],[16.9719001,51.1297748],[16.9718864,51.1297598],[16.9718607,51.1297463],[16.9718745,51.1297314],[16.9718707,51.1297243],[16.9718399,51.1297334],[16.9718078,51.129715]]}},{"type":"Feature","properties":{"layer":"roads"},"geometry":{"type":"LineString","coordinates":[[16.972744,51.1306343],[16.9727082,51.1306508],[16.9726955,51.1306547],[16.9726827,51.1306585],[16.97267,51.1306624],[16.9726573,51.1306663],[16.9726446,51.1306702],[16.9726318,51.130674],[16.9726191,51.1306779],[16.9726064,51.1306818],[16.9725937,51.1306857],[16.9725809,51.1306895],[16.9725682,51.1306934],[16.9725553,51.1306971],[16.9725423,51.1307007],[16.9725294,51.1307044],[16.9725165,51.130708],[16.9725035,51.1307117],[16.9724906,51.1307153],[16.9724776,51.130719],[16.9724647,51.1307227],[16.9724518,51.1307263],[16.9724388,51.13073],[16.9724259,51.1307336],[16.972413,51.1307373],[16.9724,51.1307409],[16.9723871,51.1307446],[16.9723741,51.1307483],[16.9723612,51.1307519],[16.9723483,51.1307556],[16.9723353,51.1307592],[16.9723224,51.1307629],[16.9723095,51.1307665],[16.9722965,51.1307702],[16.9722836,51.1307739],[16.9722706,51.1307775],[16.9722577,51.1307812],[16.9722448,51.1307848],[16.9722318,51.1307885],[16.9722189,51.1307921],[16.972206,51.1307958],[16.972193,51.1307994],[16.9721801,51.1308031],[16.9721671,51.1308068],[16.9721542,51.1308104],[16.9721413,51.1308141],[16.9721283,51.1308177],[16.9721154,51.1308214],[16.9721025,51.130825],[16.9720895,51.1308287],[16.9720766,51.1308324],[16.9720636,51.130836],[16.9720507,51.1308397],[16.9720378,51.1308433],[16.9720248,51.130847],[16.9720119,51.1308506],[16.971999,51.1308543],[16.971986,51.130858],[16.9719731,51.1308616],[16.9719601,51.1308653],[16.9719472,51.1308689],[16.9719343,51.1308726],[16.9719213,51.1308762],[16.9718669,51.1308652]]}},{"type":"Feature","properties":{"layer":"roads"},"geometry":{"type":"LineString","coordinates":[[16.972744,51.1306343],[16.9727975,51.1306236],[16.9728102,51.1306197],[16.972823,51.1306158],[16.9728358,51.130612],[16.9728486,51.1306081],[16.9728614,51.1306042],[16.9728742,51.1306003],[16.972887,51.1305964],[16.9728998,51.1305925],[16.9729125,51.1305886],[16.9729253,51.1305847],[16.9729381,51.1305808],[16.9729509,51.1305769],[16.9729637,51.1305731],[16.9729765,51.1305692],[16.9729893,51.1305653],[16.973002,51.1305614],[16.9730148,51.1305575],[16.9730276,51.1305536],[16.9730404,51.1305497],[16.9730532,51.1305458],[16.973066,51.1305419],[16.9730788,51.130538],[16.9730916,51.1305342],[16.9731043,51.1305303],[16.9731171,51.1305264],[16.9731299,51.1305225],[16.9731427,51.1305186],[16.9731555,51.1305147],[16.9731683,51.1305108],[16.9731811,51.1305069],[16.9731939,51.130503],[16.9732067,51.1304991],[16.9732195,51.1304953],[16.9732323,51.1304914],[16.9732451,51.1304875],[16.9732579,51.1304836],[16.9732707,51.1304797],[16.9732834,51.1304758],[16.9732962,51.1304719],[16.973309,51.130468],[16.9733218,51.1304641],[16.9733346,51.1304602],[16.9733474,51.1304564],[16.9733602,51.1304525],[16.973373,51.1304486],[16.9733858,51.1304447],[16.9733986,51.1304408],[16.9734114,51.1304369],[16.9734242,51.130433],[16.973437,51.1304291],[16.9734498,51.1304252],[16.9734626,51.1304213],[16.9734754,51.1304174],[16.9734882,51.1304136],[16.973501,51.1304097],[16.9735138,51.1304058],[16.9735266,51.1304019],[16.9735394,51.130398],[16.9735521,51.1303941],[16.9735649,51.1303902],[16.9735777,51.1303863],[16.9735905,51.1303824],[16.9736033,51.1303785],[16.9736161,51.1303747],[16.9736289,51.1303708],[16.9736417,51.1303669],[16.9736545,51.130363],[16.9736673,51.1303591],[16.9736801,51.1303552],[16.9736931,51.1303514],[16.9737061,51.1303476],[16.973719,51.1303438],[16.973732,51.13034],[16.973745,51.1303362],[16.973758,51.1303324],[16.9737709,51.1303286],[16.9737839,51.1303248],[16.9737969,51.1303209],[16.9738099,51.1303171],[16.9738229,51.1303133],[16.9738358,51.1303095],[16.9738488,51.1303057],[16.9738618,51.1303019],[16.9738748,51.1302981],[16.9738877,51.1302943],[16.9739007,51.1302905],[16.9739137,51.1302867],[16.9739267,51.1302829],[16.9739397,51.1302791],[16.9739526,51.1302753],[16.9739656,51.1302715],[16.9739786,51.1302677],[16.9739916,51.1302639],[16.9740045,51.13026],[16.9740175,51.1302562],[16.9740305,51.1302524],[16.9740435,51.1302486],[16.9740564,51.1302448],[16.9740694,51.130241],[16.9740824,51.1302372],[16.9740954,51.1302334],[16.9741084,51.1302296],[16.9741213,51.1302258],[16.9741343,51.130222],[16.9741473,51.1302182],[16.9741603,51.1302144],[16.9741732,51.1302106],[16.9741862,51.1302068],[16.9741992,51.130203],[16.9742122,51.1301991],[16.9742252,51.1301953],[16.9742381,51.1301915],[16.9742511,51.1301877],[16.9742641,51.1301839],[16.9742771,51.1301801],[16.97429,51.1301763],[16.974303,51.1301725],[16.974316,51.1301687],[16.9743287,51.1301649],[16.9743414,51.1301612],[16.9743541,51.1301574],[16.9743668,51.1301536],[16.9743795,51.1301499],[16.9743922,51.1301461],[16.9744049,51.1301424],[16.9744176,51.1301386],[16.9744303,51.1301348],[16.974443,51.1301311],[16.9744557,51.1301273],[16.9744684,51.1301236],[16.9744811,51.1301198],[16.9744938,51.130116],[16.9745065,51.1301123],[16.9745192,51.1301085],[16.9745319,51.1301047],[16.9745446,51.130101],[16.9745573,51.1300972],[16.9745701,51.1300935],[16.9745828,51.1300897],[16.9745955,51.1300859],[16.9746082,51.1300822],[16.9746209,51.1300784],[16.9746336,51.1300746],[16.9746463,51.1300709],[16.974659,51.1300671],[16.9746717,51.1300634],[16.9746844,51.1300596],[16.9746971,51.1300558],[16.9747098,51.1300521],[16.9747225,51.1300483],[16.9747352,51.1300445],[16.9747479,51.1300408],[16.9747606,51.130037],[16.9747733,51.1300333],[16.974786,51.1300295],[16.9747987,51.1300257],[16.9748114,51.130022],[16.9748397,51.130014],[16.9748762,51.1300041],[16.974923,51.1299961]]}},{"type":"Feature","properties":{"layer":"roads"},"geometry":{"type":"LineString","coordinates":[[16.9745486,51.1306912],[16.9745075,51.1307038],[16.9744984,51.1307106],[16.9744893,51.1307175],[16.9744802,51.1307243],[16.9744711,51.1307311],[16.974462,51.130738],[16.9744529,51.1307448],[16.9744438,51.1307517],[16.9744347,51.1307585],[16.9744256,51.1307654],[16.9744165,51.1307722],[16.9744074,51.130779],[16.9743983,51.1307859],[16.9743892,51.1307927],[16.9743801,51.1307996],[16.974371,51.1308064],[16.9743619,51.1308132],[16.9743528,51.1308201],[16.9743437,51.1308269],[16.9743346,51.1308338],[16.9743255,51.1308406],[16.9743164,51.1308474],[16.9743073,51.1308543],[16.9742983,51.1308611],[16.9742892,51.130868],[16.9742801,51.1308748],[16.974271,51.1308816],[16.9742619,51.1308885],[16.9742528,51.1308953],[16.9742437,51.1309022],[16.9742346,51.130909],[16.9742255,51.1309158],[16.9742164,51.1309227],[16.9742073,51.1309295],[16.9741982,51.1309364],[16.9741891,51.1309432],[16.97418,51.13095],[16.9741709,51.1309569],[16.9741618,51.1309637],[16.9741527,51.1309706],[16.9741436,51.1309774],[16.9741345,51.1309843],[16.9741254,51.1309911],[16.9741163,51.1309979],[16.9741072,51.1310048],[16.9740981,51.1310116],[16.974089,51.1310185],[16.9740799,51.1310253],[16.9740708,51.1310321],[16.9740617,51.131039],[16.9740526,51.1310458],[16.9740435,51.1310527],[16.9740344,51.1310595],[16.9740253,51.1310664],[16.9740162,51.1310733],[16.9740072,51.1310802],[16.9739981,51.1310871],[16.973989,51.131094],[16.9739799,51.1311009],[16.9739709,51.1311078],[16.9739618,51.1311147],[16.9739527,51.1311216],[16.9739436,51.1311285],[16.9739345,51.1311354],[16.9739255,51.1311423],[16.9739164,51.1311492],[16.9739073,51.1311561],[16.9738982,51.131163],[16.9738891,51.1311699],[16.9738801,51.1311767],[16.973871,51.1311836],[16.9738619,51.1311905],[16.9738528,51.1311974],[16.9738438,51.1312043],[16.9738347,51.1312112],[16.9738256,51.1312181],[16.9738165,51.131225],[16.9738074,51.1312319],[16.9737984,51.1312388],[16.9737893,51.1312457],[16.9737802,51.1312526],[16.9737711,51.1312595],[16.9737621,51.1312664],[16.973753,51.1312733],[16.9737439,51.1312802],[16.9737348,51.1312871],[16.9737257,51.131294],[16.9737167,51.1313009],[16.9737076,51.1313078],[16.9736985,51.1313147],[16.9736894,51.1313216],[16.9736803,51.1313285],[16.9736713,51.1313354],[16.9736622,51.1313423],[16.9736531,51.1313492],[16.973644,51.1313561],[16.973635,51.131363],[16.9736259,51.1313699],[16.9736168,51.1313768],[16.9736077,51.1313837],[16.9735986,51.1313906],[16.9735896,51.1313975],[16.9735805,51.1314044],[16.9735714,51.1314112],[16.9735623,51.1314181],[16.9735533,51.131425],[16.9735442,51.1314319],[16.9735351,51.1314388],[16.973526,51.1314457],[16.9735169,51.1314526],[16.9735079,51.1314595],[16.9734988,51.1314664],[16.9734897,51.1314733],[16.9734806,51.1314802],[16.9734716,51.1314871],[16.9734625,51.131494],[16.9734534,51.1315009],[16.9734443,51.1315078],[16.9734352,51.1315147],[16.9734262,51.1315216],[16.9734171,51.1315285],[16.973408,51.1315354],[16.9733989,51.1315423],[16.9733898,51.1315492],[16.9733808,51.1315561],[16.9733717,51.131563],[16.9733626,51.1315699],[16.9733535,51.1315768],[16.9733445,51.1315837],[16.9733354,51.1315906],[16.9733263,51.1315975],[16.9733172,51.1316044],[16.9733081,51.1316113],[16.9732991,51.1316182],[16.97329,51.1316251],[16.9732809,51.131632],[16.9732718,51.1316389],[16.9732628,51.1316457],[16.9732537,51.1316526],[16.9732446,51.1316595],[16.9732355,51.1316664],[16.9732264,51.1316733],[16.9732174,51.1316802],[16.9732083,51.1316871],[16.9731992,51.131694],[16.9731901,51.1317009],[16.973181,51.1317078],[16.973172,51.1317147],[16.9731629,51.1317216],[16.9731538,51.1317285],[16.9731447,51.1317354],[16.9731357,51.1317423],[16.9731266,51.1317492],[16.9731112,51.1317801]]}},{"type":"Feature","properties":{"layer":"roads"},"geometry":{"type":"LineString","coordinates":[[16.9745486,51.1306912],[16.9745572,51.1307251],[16.9745555,51.1307337],[16.9745537,51.1307424],[16.974552,51.130751],[16.974548,51.1307596],[16.974544,51.1307681],[16.97454,51.1307767],[16.9745359,51.1307852],[16.9745319,51.1307938],[16.9745279,51.1308023],[16.9745239,51.1308109],[16.9745199,51.1308194],[16.9745159,51.130828],[16.9745118,51.1308365],[16.9745078,51.1308451],[16.9745038,51.1308537],[16.9744998,51.1308622],[16.9744958,51.1308708],[16.9744918,51.1308793],[16.9744877,51.1308879],[16.9744837,51.1308964],[16.9744797,51.130905],[16.9744757,51.1309135],[16.9744717,51.1309221],[16.9744677,51.1309307],[16.9744636,51.1309392],[16.9744596,51.1309478],[16.9744556,51.1309563],[16.9744516,51.1309649],[16.9744476,51.1309734],[16.9744436,51.130982],[16.9744395,51.1309905],[16.9744355,51.1309991],[16.9744315,51.1310076],[16.9744275,51.1310162],[16.9744235,51.1310248],[16.9744195,51.1310333],[16.9744154,51.1310419],[16.9744114,51.1310504],[16.9744074,51.131059],[16.9744034,51.1310675],[16.9743994,51.1310761],[16.9743954,51.1310846],[16.9743913,51.1310932],[16.9743873,51.1311017],[16.9743833,51.1311103],[16.9743793,51.1311189],[16.9743753,51.1311274],[16.9743713,51.131136],[16.9743672,51.1311445],[16.9743632,51.1311531],[16.9743592,51.1311616],[16.9743552,51.1311702],[16.9743512,51.1311787],[16.9743472,51.1311873],[16.9743431,51.1311958],[16.9743391,51.1312044],[16.9743351,51.131213],[16.9743311,51.1312215],[16.9743271,51.1312301],[16.9743231,51.1312386],[16.9743191,51.1312472],[16.974315,51.1312557],[16.974311,51.1312643],[16.974307,51.1312728],[16.974303,51.1312814],[16.974299,51.13129],[16.974295,51.1312985],[16.9742909,51.1313071],[16.9742869,51.1313156],[16.9742829,51.1313242],[16.9742789,51.1313327],[16.9742749,51.1313413],[16.9742709,51.1313498],[16.9742668,51.1313584],[16.9742628,51.1313669],[16.9742588,51.1313755],[16.9742548,51.1313841],[16.9742508,51.1313926],[16.9742468,51.1314012],[16.9742427,51.1314097],[16.9742387,51.1314183],[16.9742347,51.1314268],[16.9742307,51.1314354],[16.9742267,51.1314439],[16.9742227,51.1314525],[16.9742186,51.131461],[16.9742146,51.1314696],[16.9742106,51.1314782],[16.9742066,51.1314867],[16.9742026,51.1314953],[16.9741986,51.1315038],[16.9741945,51.1315124],[16.9741905,51.1315209],[16.9741865,51.1315295],[16.9741825,51.131538],[16.9741785,51.1315466],[16.9741745,51.1315552],[16.9741704,51.1315637],[16.9741664,51.1315723],[16.9741624,51.1315808],[16.9741584,51.1315894],[16.9741544,51.1315979],[16.9741504,51.1316065],[16.9741463,51.131615],[16.9741423,51.1316236],[16.9741383,51.1316321],[16.9741343,51.1316407],[16.9741302,51.1316491],[16.9741261,51.1316575],[16.974122,51.1316659],[16.9741179,51.1316744],[16.9741138,51.1316828],[16.9741138,51.131718]]}},{"type":"Feature","properties":{"layer":"roads"},"geometry":{"type":"LineString","coordinates":[[16.9814671,51.1298087],[16.9814286,51.1298324],[16.9814171,51.1298374],[16.9814056,51.1298423],[16.9813941,51.1298472],[16.9813826,51.1298522],[16.9813711,51.1298571],[16.9813596,51.1298621],[16.9813482,51.129867],[16.9813367,51.1298719],[16.9813252,51.1298769],[16.9813137,51.1298818],[16.9813012,51.1298855],[16.9812886,51.1298892],[16.9812761,51.1298929],[16.9812635,51.1298966],[16.981251,51.1299003],[16.9812384,51.129904],[16.9812259,51.1299077],[16.9812133,51.1299114],[16.9812008,51.1299151],[16.9811882,51.1299188],[16.9811757,51.1299224],[16.9811631,51.1299261],[16.9811506,51.1299298],[16.981138,51.1299335],[16.9811255,51.1299372],[16.9810991,51.1299599]]}},{"type":"Feature","properties":{"layer":"roads"},"geometry":{"type":"LineString","coordinates":[[16.9814671,51.1298087],[16.9815237,51.1298307],[16.981536,51.1298352],[16.9815483,51.1298396],[16.9815606,51.1298441],[16.9815729,51.1298486],[16.9815852,51.1298531],[16.9815975,51.1298576],[16.9816097,51.1298621],[16.981622,51.1298666],[16.9816343,51.1298711],[16.9816466,51.1298756],[16.9816589,51.12988],[16.9816712,51.1298845],[16.9816835,51.129889],[16.9816958,51.1298935],[16.9817081,51.129898],[16.9817371,51.1299182]]}},{"type":"Feature","properties":{"layer":"roads"},"geometry":{"type":"LineString","coordinates":[[16.9814671,51.1298087],[16.9814342,51.1297909],[16.9814241,51.1297855],[16.981414,51.12978],[16.9814039,51.1297746],[16.9813939,51.1297696],[16.9813839,51.1297646],[16.9813738,51.1297596],[16.9813638,51.1297546],[16.9813538,51.1297495],[16.9813438,51.1297445],[16.9813337,51.1297395],[16.9813237,51.1297345],[16.9813137,51.1297295],[16.9813062,51.1297224],[16.9812987,51.1297152],[16.9812911,51.1297081],[16.9812836,51.129701],[16.9812761,51.1296938],[16.9812686,51.1296867],[16.9812611,51.1296795],[16.9812536,51.1296724],[16.981246,51.1296653],[16.9812385,51.1296581],[16.981231,51.129651],[16.9812238,51.1296436],[16.9812166,51.1296361],[16.9812094,51.1296287],[16.9812022,51.1296212],[16.981195,51.1296138],[16.9811878,51.1296064],[16.9811806,51.1295989],[16.9811734,51.1295915],[16.9811662,51.129584],[16.981159,51.1295766],[16.9811518,51.1295691],[16.9811446,51.1295617],[16.9811374,51.1295543],[16.9811302,51.1295468],[16.981123,51.1295394],[16.9811158,51.1295319],[16.9811086,51.1295245],[16.9811017,51.129517],[16.9810949,51.1295095],[16.981088,51.129502],[16.9810811,51.1294945],[16.9810742,51.129487],[16.9810674,51.1294795],[16.9810605,51.129472],[16.9810536,51.1294645],[16.9810467,51.129457],[16.9810399,51.1294495],[16.981033,51.129442],[16.9810261,51.1294344],[16.9810193,51.1294269],[16.9810124,51.1294194],[16.9810055,51.1294119],[16.9809986,51.1294044],[16.9809918,51.1293969],[16.9809849,51.1293894],[16.980978,51.1293819],[16.9809711,51.1293744],[16.9809643,51.1293669],[16.9809574,51.1293594],[16.980949,51.1293526],[16.9809406,51.1293459],[16.9809322,51.1293391],[16.9809238,51.1293324],[16.9809154,51.1293256],[16.980907,51.1293189],[16.9808986,51.1293121],[16.9808903,51.1293054],[16.9808819,51.1292986],[16.9808735,51.1292918],[16.9808651,51.1292851],[16.9808567,51.1292783],[16.9808483,51.1292716],[16.9808399,51.1292648],[16.9808315,51.1292581],[16.9808231,51.1292513],[16.9808135,51.1292448],[16.9808038,51.1292383],[16.9807942,51.1292318],[16.9807846,51.1292253],[16.9807749,51.1292188],[16.9807653,51.1292123],[16.9807557,51.1292058],[16.9807461,51.1291993],[16.9807364,51.1291928],[16.9807268,51.1291863],[16.9807172,51.1291798],[16.9807075,51.1291733],[16.9806979,51.1291668],[16.9806883,51.1291603],[16.9806786,51.1291538],[16.980669,51.1291473],[16.9806594,51.1291408],[16.9806497,51.1291343],[16.9806401,51.1291278],[16.9806305,51.1291213],[16.9806209,51.1291148],[16.9806112,51.1291083],[16.9806016,51.1291018],[16.980592,51.1290953],[16.9805823,51.1290888],[16.9805727,51.1290823],[16.9805623,51.1290765],[16.9805519,51.1290706],[16.9805415,51.1290648],[16.9805311,51.129059],[16.9805207,51.1290531],[16.9805103,51.1290473],[16.9804999,51.1290415],[16.9804895,51.1290356],[16.9804791,51.1290298],[16.9804687,51.129024],[16.9804583,51.1290181],[16.9804479,51.1290123],[16.9804375,51.1290065],[16.9804272,51.1290006],[16.9804168,51.1289948],[16.9804064,51.128989],[16.980396,51.1289831],[16.9803856,51.1289773],[16.9803752,51.1289715],[16.9803648,51.1289656],[16.9803544,51.1289598],[16.980344,51.128954],[16.9803336,51.1289481],[16.9803232,51.1289423],[16.9803128,51.1289365],[16.9803024,51.1289306],[16.980292,51.1289248],[16.9802817,51.1289191],[16.9802713,51.1289134],[16.980261,51.1289078],[16.9802507,51.1289021],[16.9802404,51.1288964],[16.98023,51.1288907],[16.9802197,51.128885],[16.9802094,51.1288793],[16.980199,51.1288737],[16.9801887,51.128868],[16.9801784,51.1288623],[16.980168,51.1288566],[16.9801577,51.1288509],[16.9801474,51.1288452],[16.9801371,51.1288396],[16.9801267,51.1288339],[16.9801164,51.1288282],[16.980106,51.1288221],[16.9800957,51.1288161],[16.9800675,51.1287936]]}},{"type":"Feature","properties":{"layer":"roads"},"geometry":{"type":"LineString","coordinates":[[16.9814671,51.1298087],[16.9814987,51.1297814],[16.9815048,51.1297736],[16.9815108,51.1297658],[16.9815169,51.129758],[16.981523,51.1297502],[16.981529,51.1297424],[16.9815351,51.1297345],[16.9815411,51.1297267],[16.9815472,51.1297189],[16.9815533,51.1297111],[16.9815593,51.1297033],[16.9815654,51.1296954],[16.9815714,51.1296876],[16.9815775,51.1296798],[16.9815835,51.129672],[16.9815896,51.1296642],[16.9815957,51.1296564],[16.9816017,51.1296485],[16.9816078,51.1296407],[16.9816138,51.1296329],[16.9816199,51.1296251],[16.9816217,51.1296165],[16.9816235,51.1296079],[16.9816253,51.1295993],[16.9816248,51.1295677]]}},{"type":"Feature","properties":{"layer":"roads"},"geometry":{"type":"LineString","coordinates":[[16.9800675,51.1287936],[16.9800043,51.1287784],[16.9799918,51.128775],[16.9799793,51.1287716],[16.9799668,51.1287682],[16.9799543,51.1287648],[16.9799417,51.1287615],[16.9799292,51.1287581],[16.9799167,51.1287547],[16.9799042,51.1287513],[16.9798917,51.1287479],[16.9798792,51.1287445],[16.9798667,51.1287412],[16.9798542,51.1287378],[16.9798417,51.1287344],[16.979828,51.1287337],[16.9798143,51.1287329],[16.9797639,51.1287187]]}},{"type":"Feature","properties":{"layer":"roads"},"geometry":{"type":"LineString","coordinates":[[16.9800675,51.1287936],[16.9800283,51.1288216],[16.9800217,51.128829],[16.9800152,51.1288364],[16.9800087,51.1288439],[16.9800022,51.1288513],[16.9799957,51.1288587],[16.9799927,51.1288674],[16.9799896,51.1288761],[16.9799866,51.1288848],[16.9799836,51.1288935],[16.9799805,51.1289022],[16.9799775,51.1289108],[16.9799745,51.1289195],[16.9799714,51.1289282],[16.9799684,51.1289369],[16.9799653,51.1289456],[16.9799623,51.1289543],[16.9799593,51.128963],[16.9799562,51.1289717],[16.9799532,51.1289804],[16.9799502,51.1289891],[16.9799471,51.1289977],[16.9799441,51.1290064],[16.9799411,51.1290151],[16.979938,51.1290238],[16.979935,51.1290325],[16.979932,51.1290412],[16.9799289,51.1290499],[16.9799259,51.1290586],[16.9799228,51.1290673],[16.9799198,51.129076],[16.9799168,51.1290846],[16.9799137,51.1290933],[16.9799107,51.129102],[16.9799077,51.1291107],[16.9799046,51.1291194],[16.9799016,51.1291281],[16.9798987,51.1291368],[16.9798957,51.1291455],[16.9798928,51.1291542],[16.9798899,51.1291629],[16.979887,51.1291716],[16.979884,51.1291803],[16.9798811,51.1291889],[16.9798782,51.1291976],[16.9798753,51.1292063],[16.9798723,51.129215],[16.9798694,51.1292237],[16.9798665,51.1292324],[16.9798636,51.1292411],[16.9798606,51.1292498],[16.9798577,51.1292585],[16.9798548,51.1292672],[16.9798519,51.1292759],[16.9798489,51.1292846],[16.979846,51.1292933],[16.9798431,51.129302],[16.9798402,51.1293106],[16.9798372,51.1293193],[16.9798343,51.129328],[16.9798314,51.1293367],[16.9798285,51.1293454],[16.9798255,51.1293541],[16.9798226,51.1293628],[16.9798216,51.1293717],[16.9798206,51.1293807],[16.9798196,51.1293896],[16.9798186,51.1293986],[16.9798176,51.1294075],[16.9798167,51.1294164],[16.9798157,51.1294254],[16.9798147,51.1294343],[16.9798137,51.1294433],[16.9798127,51.1294522],[16.9798117,51.1294611],[16.9798107,51.1294701],[16.9798097,51.129479],[16.9798087,51.1294879],[16.9798077,51.1294969],[16.9798067,51.1295058],[16.9798057,51.1295148],[16.9798048,51.1295237],[16.9798038,51.1295326],[16.9798028,51.1295416],[16.9798018,51.1295505],[16.9798008,51.1295595],[16.9797998,51.1295684],[16.9797985,51.129577],[16.9797972,51.1295856],[16.9797958,51.1295942],[16.9797945,51.1296028],[16.9797932,51.1296115],[16.9797919,51.1296201],[16.9797906,51.1296287],[16.9797893,51.1296373],[16.9797879,51.1296459],[16.9797866,51.1296545],[16.9797853,51.1296631],[16.979784,51.1296717],[16.9797827,51.1296803],[16.9797814,51.129689],[16.97978,51.1296976],[16.9797812,51.1297251]]}},{"type":"Feature","properties":{"layer":"roads"},"geometry":{"type":"LineString","coordinates":[[16.9800675,51.1287936],[16.9801039,51.1287747],[16.9801163,51.1287703],[16.9801287,51.128766],[16.9801411,51.1287617],[16.9801535,51.1287574],[16.9801659,51.1287531],[16.9801783,51.1287488],[16.9801907,51.1287445],[16.9802031,51.1287401],[16.9802155,51.1287358],[16.9802279,51.1287315],[16.9802403,51.1287272],[16.9802527,51.1287229],[16.9802656,51.128719],[16.9802785,51.1287151],[16.9802914,51.1287112],[16.9803044,51.1287074],[16.9803173,51.1287035],[16.9803302,51.1286996],[16.9803431,51.1286957],[16.980356,51.1286918],[16.9803689,51.1286879],[16.9803818,51.128684],[16.9803947,51.1286801],[16.9804077,51.1286763],[16.9804206,51.1286724],[16.9804335,51.1286685],[16.9804464,51.1286646],[16.9804593,51.1286607],[16.9804722,51.1286568],[16.9804851,51.1286529],[16.9804981,51.1286491],[16.980511,51.1286452],[16.9805239,51.1286413],[16.9805368,51.1286374],[16.9805497,51.1286335],[16.9805626,51.1286296],[16.9805755,51.1286257],[16.9805884,51.1286218],[16.9806014,51.128618],[16.9806143,51.1286141],[16.9806272,51.1286102],[16.9806401,51.1286063],[16.9806526,51.128603],[16.980665,51.1285997],[16.9806775,51.1285964],[16.98069,51.128593],[16.9807025,51.1285897],[16.9807149,51.1285864],[16.9807274,51.1285831],[16.9807397,51.1285798],[16.980749,51.1285778],[16.9807936,51.1285683]]}},{"type":"Feature","properties":{"layer":"roads"},"geometry":{"type":"LineString","coordinates":[[16.9831974,51.1338575],[16.9831814,51.1338887],[16.9831796,51.133897],[16.9831778,51.1339053],[16.9831759,51.1339137],[16.9831741,51.133922],[16.9831723,51.1339303],[16.9831705,51.1339386],[16.9831686,51.133947],[16.9831668,51.1339553],[16.9831663,51.1339641],[16.9831659,51.1339729],[16.9831654,51.1339816],[16.9831649,51.1339904],[16.9831645,51.1339992],[16.983164,51.134008],[16.9831635,51.1340168],[16.9831631,51.1340256],[16.9831626,51.1340343],[16.9831621,51.1340431],[16.9831617,51.1340519],[16.9831612,51.1340607],[16.9831608,51.1340695],[16.9831603,51.1340783],[16.9831598,51.134087],[16.9831594,51.1340958],[16.9831589,51.1341046],[16.9831584,51.1341134],[16.983158,51.1341222],[16.9831575,51.134131],[16.983157,51.1341397],[16.9831566,51.1341485],[16.9831561,51.1341573],[16.9831554,51.1341663],[16.9831546,51.1341752],[16.9831539,51.1341842],[16.9831532,51.1341932],[16.9831525,51.1342021],[16.9831517,51.1342111],[16.983151,51.1342201],[16.9831503,51.134229],[16.9831496,51.134238],[16.9831488,51.134247],[16.9831481,51.1342559],[16.9831474,51.1342649],[16.9831467,51.1342739],[16.983146,51.1342828],[16.9831452,51.1342918],[16.9831445,51.1343007],[16.9831438,51.1343097],[16.983143,51.1343187],[16.9831423,51.1343276],[16.9831416,51.1343366],[16.9831409,51.1343456],[16.9831402,51.1343545],[16.9831394,51.1343635],[16.9831387,51.1343725],[16.983138,51.1343814],[16.9831373,51.1343904],[16.9831365,51.1343994],[16.9831358,51.1344083],[16.9831351,51.1344173],[16.9831344,51.1344263],[16.9831336,51.1344352],[16.9831329,51.1344442],[16.9831343,51.134453],[16.9831357,51.1344619],[16.9831371,51.1344707],[16.9831385,51.1344795],[16.9831398,51.1344884],[16.9831412,51.1344972],[16.9831426,51.1345061],[16.983144,51.1345149],[16.9831454,51.1345237],[16.9831468,51.1345326],[16.9831482,51.1345414],[16.9831496,51.1345502],[16.983151,51.1345591],[16.9831524,51.1345679],[16.9831537,51.1345767],[16.9831551,51.1345856],[16.9831565,51.1345944],[16.9831579,51.1346032],[16.9831593,51.1346121],[16.9831607,51.1346209],[16.9831621,51.1346298],[16.9831635,51.1346386],[16.9831649,51.1346474],[16.9831663,51.1346563],[16.9831676,51.1346651],[16.983169,51.1346739],[16.9831704,51.1346828],[16.9831718,51.1346916],[16.9831732,51.1347004],[16.9831746,51.1347093],[16.983176,51.1347181],[16.9831774,51.1347269],[16.9831788,51.1347358],[16.9831802,51.1347446],[16.9831815,51.1347535],[16.9831829,51.1347623],[16.9831843,51.1347711],[16.9831857,51.13478],[16.9831871,51.1347888],[16.9831908,51.1347973],[16.9831946,51.1348057],[16.9831983,51.1348142],[16.983202,51.1348227],[16.9832057,51.1348311],[16.9832095,51.1348396],[16.9832132,51.1348481],[16.9832169,51.1348565],[16.9832207,51.134865],[16.9832244,51.1348735],[16.9832281,51.1348819],[16.9832319,51.1348904],[16.9832356,51.1348988],[16.9832393,51.1349073],[16.983243,51.1349158],[16.9832468,51.1349242],[16.9832505,51.1349327],[16.9832542,51.1349412],[16.983258,51.1349496],[16.9832617,51.1349581],[16.9832674,51.1349662],[16.9832731,51.1349743],[16.9832788,51.1349825],[16.9832844,51.1349906],[16.9832901,51.1349987],[16.9832958,51.1350068],[16.9833015,51.135015],[16.9833072,51.1350231],[16.9833129,51.1350312],[16.9833186,51.1350393],[16.9833243,51.1350475],[16.9833299,51.1350556],[16.9833356,51.1350637],[16.9833413,51.1350718],[16.983347,51.1350799],[16.9833527,51.1350881],[16.9833584,51.1350962],[16.9833641,51.1351043],[16.9833697,51.1351124],[16.9833754,51.1351206],[16.9833811,51.1351287],[16.9833868,51.1351368],[16.9833921,51.1351445],[16.9833974,51.1351521],[16.9834027,51.1351598],[16.9834031,51.1351881]]}},{"type":"Feature","properties":{"layer":"roads"},"geometry":{"type":"LineString","coordinates":[[16.9831974,51.1338575],[16.9832421,51.1338615],[16.9832559,51.133861],[16.9832697,51.1338605],[16.9832835,51.1338599],[16.9832973,51.1338594],[16.9833111,51.1338588],[16.9833249,51.1338583],[16.9833387,51.1338578],[16.9833525,51.1338572],[16.9833663,51.1338567],[16.98338,51.1338561],[16.9833938,51.1338556],[16.9834076,51.133855],[16.9834214,51.1338545],[16.9834352,51.133854],[16.983449,51.1338534],[16.9834628,51.1338529],[16.9834766,51.1338523],[16.9834904,51.1338518],[16.9835042,51.1338513],[16.983518,51.1338507],[16.9835318,51.1338502],[16.9835456,51.1338496],[16.9835594,51.1338491],[16.9835731,51.1338469],[16.9835868,51.1338447],[16.9836005,51.1338425],[16.9836143,51.1338403],[16.983628,51.1338381],[16.9836417,51.1338359],[16.9836554,51.1338336],[16.9836691,51.1338314],[16.9836828,51.1338292],[16.9836966,51.133827],[16.9837103,51.1338248],[16.983724,51.1338226],[16.9837377,51.1338204],[16.9837502,51.1338173],[16.9837627,51.1338143],[16.9837753,51.1338112],[16.9837878,51.1338081],[16.9838003,51.1338051],[16.9838128,51.133802],[16.9838254,51.1337989],[16.9838379,51.1337958],[16.9838504,51.1337928],[16.9838629,51.1337897],[16.9838755,51.1337866],[16.983888,51.1337836],[16.9839005,51.1337805],[16.9839116,51.1337763],[16.9839227,51.1337721],[16.9839338,51.1337679],[16.9839449,51.1337637],[16.983956,51.1337594],[16.9839672,51.1337552],[16.9839783,51.133751],[16.9839894,51.1337468],[16.9840005,51.1337426],[16.9840116,51.1337384],[16.9840245,51.1337356],[16.9840374,51.1337327],[16.9840503,51.1337299],[16.9840631,51.1337271],[16.984076,51.1337243],[16.9840889,51.1337214],[16.9841018,51.1337186],[16.9841147,51.1337158],[16.9841276,51.133713],[16.9841404,51.1337101],[16.9841533,51.1337073],[16.9841662,51.1337045],[16.9841791,51.1337017],[16.984192,51.1336988],[16.9842049,51.133696],[16.9842177,51.1336932],[16.9842306,51.1336904],[16.9842435,51.1336875],[16.9842564,51.1336847],[16.9842698,51.133682],[16.9842832,51.1336792],[16.9842966,51.1336765],[16.98431,51.1336737],[16.9843233,51.133671],[16.9843367,51.1336682],[16.9843501,51.1336655],[16.9843635,51.1336628],[16.9843769,51.13366],[16.9843903,51.1336573],[16.9844037,51.1336545],[16.9844171,51.1336518],[16.9844305,51.1336491],[16.9844438,51.1336463],[16.9844572,51.1336436],[16.9844706,51.1336408],[16.984484,51.1336381],[16.9844974,51.1336353],[16.9845108,51.1336326],[16.9845242,51.1336299],[16.9845376,51.1336271],[16.9845509,51.1336244],[16.9845643,51.1336216],[16.9846101,51.1336117]]}},{"type":"Feature","properties":{"layer":"roads"},"geometry":{"type":"LineString","coordinates":[[16.9831974,51.1338575],[16.9831946,51.1338287],[16.9831965,51.13382],[16.9831961,51.1338114],[16.9831957,51.1338027],[16.9831952,51.133794],[16.9831948,51.1337854],[16.9831944,51.1337767],[16.983194,51.1337681],[16.983184,51.1337411]]}},{"type":"Feature","properties":{"layer":"roads"},"geometry":{"type":"LineString","coordinates":[[16.9834031,51.1351881],[16.9833602,51.1351905],[16.9833464,51.1351889],[16.9833326,51.1351874],[16.9833188,51.1351859],[16.9833051,51.1351844],[16.9832913,51.1351828],[16.9832775,51.1351813],[16.9832637,51.1351798],[16.9832499,51.1351782],[16.9832361,51.1351767],[16.9832224,51.1351752],[16.9832086,51.1351737],[16.9831948,51.1351721],[16.983181,51.1351706],[16.9831672,51.1351691],[16.9831534,51.1351675],[16.9831397,51.135166],[16.9831259,51.1351645],[16.9831121,51.135163],[16.9830983,51.1351614],[16.9830845,51.1351599],[16.9830707,51.1351584],[16.983057,51.1351569],[16.9830432,51.1351553],[16.9830294,51.1351538],[16.9830159,51.1351562],[16.9830024,51.1351587],[16.9829889,51.1351611],[16.9829753,51.1351636],[16.9829618,51.135166],[16.9829483,51.1351685],[16.9829348,51.1351709],[16.9829213,51.1351734],[16.9829078,51.1351758],[16.9828942,51.1351783],[16.9828807,51.1351807],[16.9828672,51.1351832],[16.9828537,51.1351856],[16.9828402,51.1351881],[16.9828267,51.1351905],[16.9828131,51.135193],[16.9827996,51.1351954],[16.9827861,51.1351979],[16.9827726,51.1352003],[16.9827591,51.1352028],[16.9827456,51.1352052],[16.9826926,51.1352182]]}},{"type":"Feature","properties":{"layer":"roads"},"geometry":{"type":"LineString","coordinates":[[16.9834031,51.1351881],[16.9834489,51.1352364]]}},{"type":"Feature","properties":{"layer":"roads"},"geometry":{"type":"LineString","coordinates":[[16.9841285,51.1327859],[16.9840854,51.132809],[16.9840733,51.1328137],[16.9840613,51.1328183],[16.9840493,51.1328229],[16.9840373,51.1328276],[16.9840252,51.1328322],[16.9840132,51.1328368],[16.9840012,51.1328415],[16.9839891,51.1328461],[16.9839771,51.1328507],[16.9839651,51.1328554],[16.9839531,51.13286],[16.983941,51.1328646],[16.983929,51.1328693],[16.983917,51.1328739],[16.9839049,51.1328785],[16.9838929,51.1328832],[16.9838809,51.1328878],[16.9838688,51.1328924],[16.9838568,51.1328971],[16.9838448,51.1329017],[16.9838328,51.1329063],[16.9838207,51.132911],[16.9838087,51.1329156],[16.9837967,51.1329202],[16.9837601,51.1329362]]}},{"type":"Feature","properties":{"layer":"roads"},"geometry":{"type":"LineString","coordinates":[[16.9841285,51.1327859],[16.9841534,51.1328236],[16.9841584,51.1328318],[16.9841633,51.1328401],[16.9841683,51.1328484],[16.9841733,51.1328566],[16.9841782,51.1328649],[16.9841832,51.1328732],[16.9841882,51.1328814],[16.9841932,51.1328897],[16.9841981,51.132898],[16.9842031,51.1329062],[16.9842081,51.1329145],[16.9842131,51.1329227],[16.984218,51.132931],[16.984223,51.1329393],[16.984228,51.1329475],[16.9842329,51.1329558],[16.9842379,51.1329641],[16.9842429,51.1329723],[16.9842479,51.1329806],[16.9842528,51.1329889],[16.9842578,51.1329971],[16.9842628,51.1330054],[16.9842677,51.1330137],[16.9842727,51.1330219],[16.9842876,51.1330467],[16.9843007,51.1330618],[16.9843309,51.1330847]]}},{"type":"Feature","properties":{"layer":"roads"},"geometry":{"type":"LineString","coordinates":[[16.9841285,51.1327859],[16.984112,51.1327572],[16.9841066,51.1327489],[16.9841013,51.1327406],[16.9840959,51.1327323],[16.9840905,51.132724],[16.9840851,51.1327157],[16.9840798,51.1327074],[16.9840744,51.132699],[16.984069,51.1326907],[16.9840636,51.1326824],[16.9840583,51.1326741],[16.9840529,51.1326658],[16.9840475,51.1326575],[16.9840421,51.1326491],[16.9840368,51.1326408],[16.9840314,51.1326325],[16.984026,51.1326242],[16.9840206,51.1326159],[16.9840153,51.1326076],[16.9840099,51.1325993],[16.9840045,51.1325909],[16.9839991,51.1325826],[16.9839938,51.1325743],[16.9839884,51.132566],[16.983983,51.1325577],[16.9839776,51.1325494],[16.9839723,51.1325411],[16.9839669,51.1325327],[16.9839615,51.1325244],[16.9839561,51.1325161],[16.9839508,51.1325078],[16.9839454,51.1324995],[16.98394,51.1324912],[16.9839346,51.1324828],[16.9839293,51.1324745],[16.9839239,51.1324662],[16.9839185,51.1324579],[16.9839131,51.1324496],[16.9839078,51.1324413],[16.9839024,51.132433],[16.983897,51.1324246],[16.9838916,51.1324163],[16.9838863,51.132408],[16.9838809,51.1323997],[16.9838755,51.1323914],[16.9838701,51.1323831],[16.9838648,51.1323748],[16.9838594,51.1323664],[16.983854,51.1323581],[16.9838486,51.1323498],[16.9838433,51.1323415],[16.9838379,51.1323332],[16.9838325,51.1323249],[16.9838271,51.1323165],[16.9838218,51.1323082],[16.9838164,51.1322999],[16.983811,51.1322916],[16.9838056,51.1322833],[16.9838003,51.132275],[16.9837949,51.1322667],[16.9837895,51.1322583],[16.9837841,51.13225],[16.9837788,51.1322417],[16.9837734,51.1322334],[16.9837662,51.1322256],[16.983759,51.1322179],[16.9837518,51.1322101],[16.9837446,51.1322023],[16.9837374,51.1321946],[16.9837303,51.1321868],[16.9837231,51.132179],[16.9837159,51.1321713],[16.9837087,51.1321635],[16.9837015,51.1321557],[16.9836943,51.132148],[16.9836871,51.1321402],[16.9836799,51.1321325],[16.9836727,51.1321247],[16.9836656,51.1321169],[16.9836584,51.1321092],[16.9836512,51.1321014],[16.983644,51.1320936],[16.9836368,51.1320859],[16.9836296,51.1320781],[16.9836224,51.1320703],[16.9836152,51.1320626],[16.983608,51.1320548],[16.9836008,51.132047],[16.9835936,51.1320393],[16.9835865,51.1320315],[16.9835793,51.1320237],[16.9835721,51.132016],[16.9835649,51.1320082],[16.9835577,51.1320004],[16.9835505,51.1319927],[16.9835433,51.1319849],[16.9835361,51.1319772],[16.9835289,51.1319694],[16.9835218,51.1319616],[16.9835146,51.1319539],[16.9835074,51.1319461],[16.9835002,51.1319383],[16.983493,51.1319306],[16.9834858,51.1319228],[16.9834786,51.131915],[16.9834714,51.1319073],[16.9834642,51.1318995],[16.983457,51.1318917],[16.9834498,51.131884],[16.9834427,51.1318762],[16.9834355,51.1318684],[16.9834283,51.1318607],[16.9834211,51.1318529],[16.9834139,51.1318452],[16.9834067,51.1318374],[16.9833995,51.1318296],[16.9833923,51.1318219],[16.9833851,51.1318141],[16.983378,51.1318063],[16.9833708,51.1317986],[16.9833455,51.131767]]}},{"type":"Feature","properties":{"layer":"roads"},"geometry":{"type":"LineString","coordinates":[[16.9841285,51.1327859],[16.9841727,51.1327704],[16.9841825,51.1327654],[16.9841923,51.1327604],[16.9842021,51.1327554],[16.9842099,51.1327481],[16.9842176,51.1327408],[16.9842254,51.1327335],[16.9842331,51.1327262],[16.9842409,51.1327188],[16.9842486,51.1327115],[16.9842564,51.1327042],[16.9842641,51.1326969],[16.9842719,51.1326896],[16.9842786,51.1326819],[16.9842853,51.1326743],[16.984292,51.1326666],[16.9842988,51.1326589],[16.9843055,51.1326513],[16.9843122,51.1326436],[16.9843189,51.1326359],[16.9843256,51.1326283],[16.9843323,51.1326206],[16.9843391,51.1326129],[16.9843458,51.1326053],[16.9843525,51.1325976],[16.9843592,51.1325899],[16.9843659,51.1325822],[16.9843726,51.1325746],[16.9843794,51.1325669],[16.9843861,51.1325592],[16.9843928,51.1325516],[16.9843995,51.1325439],[16.9844062,51.1325362],[16.9844129,51.1325286],[16.9844197,51.1325209],[16.9844264,51.1325132],[16.9844331,51.1325056],[16.9844398,51.1324979],[16.9844466,51.1324903],[16.9844534,51.1324828],[16.9844603,51.1324752],[16.9844671,51.1324677],[16.9844739,51.1324601],[16.9844807,51.1324526],[16.9844876,51.132445],[16.9844944,51.1324375],[16.9845012,51.1324299],[16.984508,51.1324224],[16.9845148,51.1324148],[16.9845217,51.1324073],[16.9845285,51.1323997],[16.9845353,51.1323922],[16.9845421,51.1323846],[16.9845489,51.1323771],[16.9845558,51.1323695],[16.9845626,51.132362],[16.9845694,51.1323544],[16.9845762,51.1323469],[16.9845831,51.1323393],[16.9845899,51.1323318],[16.9845967,51.1323242],[16.9846039,51.1323165],[16.9846111,51.1323088],[16.9846183,51.1323012],[16.9846255,51.1322935],[16.9846327,51.1322858],[16.9846399,51.1322781],[16.9846471,51.1322704],[16.9846543,51.1322627],[16.9846615,51.132255],[16.9846688,51.1322474],[16.984676,51.1322397],[16.9846832,51.132232],[16.9846904,51.1322243],[16.9846976,51.1322166],[16.9847048,51.132209],[16.984712,51.1322013],[16.9847192,51.1321936],[16.9847264,51.1321859],[16.9847338,51.1321783],[16.9847411,51.1321707],[16.9847485,51.1321631],[16.9847558,51.1321555],[16.9847632,51.1321479],[16.9847705,51.1321403],[16.9847779,51.1321327],[16.9847852,51.1321251],[16.9847926,51.1321175],[16.9847999,51.13211],[16.9848073,51.1321024],[16.9848146,51.1320948],[16.984822,51.1320872],[16.9848293,51.1320796],[16.9848367,51.132072],[16.984844,51.1320644],[16.9848514,51.1320568],[16.9848587,51.1320492],[16.9848661,51.1320416],[16.9848738,51.1320342],[16.9848815,51.1320269],[16.9848892,51.1320195],[16.984897,51.1320122],[16.9849047,51.1320048],[16.9849124,51.1319974],[16.9849201,51.1319901],[16.9849278,51.1319827],[16.9849355,51.1319753],[16.9849432,51.131968],[16.984951,51.1319606],[16.9849587,51.1319533],[16.9849664,51.1319459],[16.9849741,51.1319385],[16.9849818,51.1319312],[16.9849895,51.1319238],[16.9849972,51.1319164],[16.985005,51.1319091],[16.9850127,51.1319017],[16.9850204,51.1318944],[16.9850281,51.131887],[16.9850363,51.1318796],[16.9850444,51.1318722],[16.9850526,51.1318648],[16.9850607,51.1318575],[16.9850689,51.1318501],[16.985077,51.1318427],[16.9850852,51.1318353],[16.9850933,51.1318279],[16.9851015,51.1318205],[16.9851096,51.1318131],[16.9851178,51.1318057],[16.9851259,51.1317984],[16.9851341,51.131791],[16.9851422,51.1317836],[16.9851504,51.1317762],[16.9851586,51.1317688],[16.9851667,51.1317614],[16.9851749,51.131754],[16.985183,51.1317467],[16.9851912,51.1317393],[16.9851993,51.1317319],[16.9852075,51.1317245],[16.9852156,51.1317171],[16.9852238,51.1317097],[16.9852326,51.1316789]]}},{"type":"Feature","properties":{"layer":"roads"},"geometry":{"type":"LineString","coordinates":[[16.9852326,51.1316789],[16.9852829,51.1316597],[16.9853137,51.1316427],[16.9853239,51.131637],[16.9853342,51.1316313],[16.9853444,51.1316256],[16.9853546,51.13162],[16.9853649,51.1316143],[16.9853751,51.1316086],[16.9854059,51.1315916],[16.9854631,51.1315763]]}},{"type":"Feature","properties":{"layer":"roads"},"geometry":{"type":"LineString","coordinates":[[16.9852326,51.1316789],[16.985189,51.1316727],[16.985176,51.1316755],[16.9851631,51.1316782],[16.9851501,51.131681],[16.9851372,51.1316838],[16.9851242,51.1316866],[16.9851113,51.1316893],[16.9850983,51.1316921],[16.9850849,51.1316951],[16.9850716,51.131698],[16.9850582,51.131701],[16.9850448,51.1317039],[16.9850315,51.1317069],[16.9850181,51.1317098],[16.9850047,51.1317128],[16.9849914,51.1317157],[16.984978,51.1317187],[16.9849646,51.1317216],[16.9849513,51.1317246],[16.9849379,51.1317275],[16.9849245,51.1317304],[16.9849112,51.1317334],[16.9848978,51.1317364],[16.9848844,51.1317393],[16.9848711,51.1317423],[16.9848577,51.1317452],[16.9848443,51.1317481],[16.984831,51.1317511],[16.9848176,51.1317541],[16.9848042,51.131757],[16.9847908,51.13176],[16.9847775,51.1317629],[16.9847641,51.1317659],[16.9847507,51.1317688],[16.9847374,51.1317718],[16.984724,51.1317747],[16.9847106,51.1317777],[16.9846973,51.1317806],[16.9846839,51.1317836],[16.9846705,51.1317865],[16.9846572,51.1317894],[16.9846438,51.1317924],[16.9846304,51.1317954],[16.9846171,51.1317983],[16.9846037,51.1318013],[16.9845903,51.1318042],[16.984577,51.1318072],[16.9845636,51.1318101],[16.9845502,51.1318114],[16.9845368,51.1318127],[16.9845233,51.131814],[16.9845099,51.1318153],[16.9844965,51.1318166],[16.9844831,51.1318179],[16.9844696,51.1318191],[16.9844562,51.1318204],[16.9844428,51.1318217],[16.9844294,51.131823],[16.9844159,51.1318243],[16.9844025,51.1318256],[16.9843884,51.1318265],[16.9843743,51.1318274],[16.9843602,51.1318283],[16.9843461,51.1318292],[16.984332,51.1318301],[16.984318,51.1318309],[16.9843039,51.1318318],[16.9842898,51.1318327],[16.9842757,51.1318336],[16.9842616,51.1318345],[16.9842475,51.1318354],[16.9842344,51.1318354],[16.9842214,51.1318353],[16.9842083,51.1318353],[16.9841953,51.1318352],[16.9841822,51.1318352],[16.9841692,51.1318352],[16.9841562,51.1318351],[16.9841431,51.1318351],[16.9841301,51.131835],[16.984117,51.131835],[16.9841037,51.1318344],[16.9840903,51.1318338],[16.984077,51.1318333],[16.9840637,51.1318327],[16.9840503,51.1318321],[16.984037,51.1318315],[16.9840236,51.1318309],[16.9840103,51.1318303],[16.983997,51.1318298],[16.9839836,51.1318292],[16.9839703,51.1318286],[16.9839566,51.1318268],[16.9839429,51.1318251],[16.9839292,51.1318233],[16.9839156,51.1318216],[16.9839019,51.1318198],[16.9838882,51.1318181],[16.9838745,51.1318163],[16.9838608,51.1318146],[16.9838471,51.1318128],[16.9838334,51.1318111],[16.9838198,51.1318093],[16.9838061,51.1318076],[16.9837924,51.1318058],[16.9837787,51.1318041],[16.983765,51.1318023],[16.9837513,51.1318006],[16.9837377,51.1317988],[16.983724,51.1317971],[16.9837103,51.1317953],[16.9836966,51.1317936],[16.9836829,51.1317918],[16.9836692,51.1317901],[16.9836555,51.1317883],[16.9836419,51.1317866],[16.9836282,51.1317848],[16.9836145,51.1317831],[16.9836008,51.1317813],[16.9835871,51.1317795],[16.9835734,51.1317777],[16.9835597,51.1317759],[16.983546,51.1317741],[16.9835323,51.1317723],[16.9835187,51.1317706],[16.983505,51.1317688],[16.9834913,51.131767],[16.9834776,51.1317652],[16.9834639,51.1317634],[16.9834502,51.1317616],[16.9834367,51.1317623],[16.9834232,51.1317631],[16.9834096,51.1317638],[16.9833961,51.1317645],[16.9833455,51.131767]]}},{"type":"Feature","properties":{"layer":"roads"},"geometry":{"type":"LineString","coordinates":[[16.9795287,51.1338185],[16.9794725,51.1338279],[16.97943,51.133825],[16.9794159,51.1338241],[16.9793576,51.1338242]]}},{"type":"Feature","properties":{"layer":"roads"},"geometry":{"type":"LineString","coordinates":[[16.9795287,51.1338185],[16.9795689,51.1338343],[16.9795826,51.1338353],[16.9795963,51.1338362],[16.97961,51.1338371],[16.9796237,51.133838],[16.9796374,51.1338389],[16.9796511,51.1338399],[16.9796648,51.1338408],[16.9796786,51.1338417],[16.9796923,51.1338426],[16.979706,51.1338436],[16.9797197,51.1338445],[16.9797334,51.1338454],[16.9797454,51.1338496],[16.9797574,51.1338538],[16.9797694,51.133858],[16.9797814,51.1338622],[16.9797935,51.1338663],[16.9798055,51.1338705],[16.9798175,51.1338747],[16.9798295,51.1338789],[16.9798415,51.1338831],[16.9798553,51.1338826],[16.9798691,51.1338821],[16.9798829,51.1338816],[16.9798967,51.1338811],[16.9799105,51.1338806],[16.9799243,51.1338801],[16.9799381,51.1338796],[16.9799519,51.1338791],[16.9799658,51.1338785],[16.9799796,51.133878],[16.9799934,51.1338775],[16.9800072,51.133877],[16.980021,51.1338765],[16.9800348,51.133876],[16.9800486,51.1338755],[16.9800624,51.133875],[16.9800762,51.1338745],[16.9800897,51.1338732],[16.9801032,51.133872],[16.9801166,51.1338707],[16.9801301,51.1338694],[16.9801436,51.1338681],[16.9801571,51.1338669],[16.9801706,51.1338656],[16.980184,51.1338643],[16.9801975,51.133863],[16.980211,51.1338618],[16.9802245,51.1338605],[16.9802379,51.1338592],[16.9802514,51.1338579],[16.9802649,51.1338567],[16.9802784,51.1338554],[16.9802919,51.1338541],[16.9803053,51.1338528],[16.9803188,51.1338516],[16.9803323,51.1338503],[16.9803448,51.1338474],[16.9803573,51.1338446],[16.9803699,51.1338417],[16.9803824,51.1338388],[16.9803949,51.133836],[16.9804074,51.1338331],[16.98042,51.1338302],[16.9804325,51.1338273],[16.980445,51.1338245],[16.9804575,51.1338216],[16.9804701,51.1338187],[16.9804826,51.1338159],[16.9804951,51.133813],[16.9805088,51.1338122],[16.9805225,51.1338114],[16.9805362,51.1338106],[16.98055,51.1338098],[16.9805637,51.133809],[16.9805774,51.1338082],[16.9805911,51.1338074],[16.9806048,51.1338066],[16.9806185,51.1338058],[16.9806322,51.133805],[16.980646,51.1338042],[16.9806597,51.1338034],[16.9806734,51.1338026],[16.9806871,51.1338018],[16.9807004,51.1338014],[16.9807137,51.1338011],[16.9807271,51.1338007],[16.9807404,51.1338003],[16.9807537,51.1337999],[16.980767,51.1337996],[16.9807803,51.1337992],[16.9807937,51.1337988],[16.980807,51.1337985],[16.9808203,51.1337981],[16.9808336,51.1337977],[16.980847,51.1337973],[16.9808603,51.133797],[16.9808736,51.1337966],[16.9808874,51.1337951],[16.9809013,51.1337936],[16.9809151,51.1337921],[16.980929,51.1337906],[16.9809428,51.133789],[16.9809566,51.1337875],[16.9809705,51.133786],[16.9809843,51.1337845],[16.9809982,51.133783],[16.981012,51.1337815],[16.9810258,51.13378],[16.9810397,51.1337785],[16.9810535,51.133777],[16.9810674,51.1337755],[16.9810812,51.1337739],[16.981095,51.1337724],[16.9811089,51.1337709],[16.9811227,51.1337694],[16.9811365,51.1337679],[16.9811504,51.1337664],[16.9811642,51.1337649],[16.9811781,51.1337634],[16.9811919,51.1337619],[16.9812057,51.1337603],[16.9812196,51.1337588],[16.9812334,51.1337573],[16.9812473,51.1337558],[16.9812611,51.1337543],[16.9812749,51.1337528],[16.9812888,51.1337513],[16.9813026,51.1337498],[16.9813165,51.1337483],[16.9813303,51.1337468],[16.9813441,51.1337452],[16.981358,51.1337437],[16.9813718,51.1337422],[16.9813857,51.1337407],[16.9813995,51.1337392],[16.9814134,51.1337388],[16.9814273,51.1337384],[16.9814411,51.133738],[16.981455,51.1337376],[16.9814689,51.1337372],[16.9814828,51.1337367],[16.9814967,51.1337363],[16.9815512,51.1337315]]}},{"type":"Feature","properties":{"layer":"roads"},"geometry":{"type":"LineString","coordinates":[[16.9795287,51.1338185],[16.9795511,51.1337938],[16.9795619,51.133788],[16.9795727,51.1337822],[16.9795834,51.1337763],[16.9795942,51.1337705],[16.9796049,51.1337647],[16.9796157,51.1337588],[16.9796264,51.133753],[16.9796372,51.1337472],[16.979648,51.1337414],[16.9796587,51.1337355],[16.9796695,51.1337297],[16.9796802,51.1337239],[16.979691,51.133718],[16.9797017,51.1337122],[16.9797125,51.1337064],[16.9797233,51.1337005],[16.979734,51.1336947],[16.9797448,51.1336889],[16.9797555,51.1336831],[16.9797663,51.1336772],[16.979777,51.1336714],[16.9797878,51.1336656],[16.9797986,51.1336597],[16.9798093,51.1336539],[16.9798201,51.1336481],[16.9798308,51.1336423],[16.9798416,51.1336364],[16.9798523,51.1336306],[16.9798631,51.1336248],[16.9798739,51.1336189],[16.9798846,51.1336131],[16.9798954,51.1336073],[16.9799061,51.1336014],[16.9799169,51.1335956],[16.9799276,51.1335898],[16.9799384,51.133584],[16.9799492,51.1335781],[16.9799599,51.1335723],[16.9799707,51.1335665],[16.9799814,51.1335606],[16.9799922,51.1335548],[16.9800029,51.133549],[16.9800137,51.1335432],[16.9800245,51.1335373],[16.9800352,51.1335315],[16.980046,51.1335257],[16.9800567,51.1335198],[16.9800675,51.133514],[16.9800782,51.1335082],[16.980089,51.1335023],[16.9800998,51.1334965],[16.9801105,51.1334907],[16.9801213,51.1334849],[16.980132,51.133479],[16.9801428,51.1334732],[16.9801535,51.1334674],[16.9801643,51.1334615],[16.9801751,51.1334557],[16.9801858,51.1334499],[16.9801966,51.133444],[16.9802073,51.1334382],[16.9802181,51.1334324],[16.9802288,51.1334266],[16.9802396,51.1334207],[16.9802504,51.1334149],[16.9802611,51.1334091],[16.9802719,51.1334032],[16.9802826,51.1333974],[16.9802934,51.1333916],[16.9803041,51.1333858],[16.9803149,51.1333799],[16.9803257,51.1333741],[16.9803364,51.1333683],[16.9803472,51.1333624],[16.9803579,51.1333566],[16.9803687,51.1333508],[16.9803794,51.1333449],[16.9803902,51.1333391],[16.980401,51.1333333],[16.9804117,51.1333275],[16.9804225,51.1333216],[16.9804332,51.1333158],[16.980444,51.13331],[16.9804547,51.1333041],[16.9804655,51.1332983],[16.9804763,51.1332925],[16.980487,51.1332866],[16.9805311,51.1332619]]}},{"type":"Feature","properties":{"layer":"roads"},"geometry":{"type":"LineString","coordinates":[[16.9815512,51.1337315],[16.9815096,51.1337071],[16.9814983,51.1337017],[16.981487,51.1336962],[16.9814757,51.1336908],[16.9814644,51.1336853],[16.9814531,51.1336799],[16.9814418,51.1336745],[16.9814305,51.133669],[16.9814192,51.1336636],[16.9814079,51.1336582],[16.9813966,51.1336527],[16.9813853,51.1336473],[16.981374,51.1336418],[16.9813627,51.1336364],[16.9813514,51.133631],[16.9813401,51.1336255],[16.9813288,51.1336201],[16.9813175,51.1336146],[16.9813062,51.1336092],[16.9812949,51.1336038],[16.9812836,51.1335983],[16.9812723,51.1335929],[16.981261,51.1335874],[16.9812497,51.133582],[16.9812384,51.1335766],[16.9812271,51.1335711],[16.9812158,51.1335657],[16.9812045,51.1335602],[16.9811932,51.1335548],[16.9811819,51.1335494],[16.9811706,51.1335439],[16.9811593,51.1335385],[16.981148,51.133533],[16.9811367,51.1335276],[16.9811254,51.1335222],[16.9811141,51.1335167],[16.9811028,51.1335113],[16.9810915,51.1335058],[16.9810802,51.1335004],[16.9810689,51.133495],[16.9810576,51.1334895],[16.9810463,51.1334841],[16.981035,51.1334787],[16.9810237,51.1334732],[16.9810124,51.1334678],[16.9810011,51.1334623],[16.9809898,51.1334569],[16.9809785,51.1334515],[16.9809672,51.133446],[16.9809559,51.1334406],[16.980925,51.1334205]]}},{"type":"Feature","properties":{"layer":"roads"},"geometry":{"type":"LineString","coordinates":[[16.9815512,51.1337315],[16.9816018,51.1337622],[16.9816107,51.1337692],[16.9816197,51.1337762],[16.9816286,51.1337832],[16.9816375,51.1337901],[16.9816464,51.1337971],[16.9816554,51.1338041],[16.9816643,51.1338111],[16.9816732,51.1338181],[16.9816822,51.133825],[16.9816911,51.133832],[16.9817,51.133839],[16.9817089,51.133846],[16.9817179,51.133853],[16.9817268,51.13386],[16.9817357,51.1338669],[16.9817447,51.1338739],[16.9817536,51.1338809],[16.9817625,51.1338879],[16.9817714,51.1338949],[16.9817804,51.1339018],[16.9817893,51.1339088],[16.9817982,51.1339158],[16.9818071,51.1339228],[16.9818161,51.1339298],[16.981825,51.1339367],[16.9818339,51.1339437],[16.981878,51.1339525]]}},{"type":"Feature","properties":{"layer":"roads"},"geometry":{"type":"LineString","coordinates":[[16.9815512,51.1337315],[16.9816211,51.1337372],[16.9816348,51.1337379],[16.9816485,51.1337386],[16.9816623,51.1337393],[16.981676,51.13374],[16.9816898,51.1337408],[16.9817035,51.1337415],[16.9817172,51.1337422],[16.981731,51.1337429],[16.9817447,51.1337436],[16.9817584,51.1337443],[16.9817722,51.1337451],[16.9817859,51.1337458],[16.9817997,51.1337465],[16.9818134,51.1337472],[16.9818271,51.1337479],[16.9818822,51.1337556]]}},{"type":"Feature","properties":{"layer":"roads"},"geometry":{"type":"LineString","coordinates":[[16.9890175,51.1306845],[16.9890268,51.1306538],[16.9890291,51.1306453],[16.9890314,51.1306369],[16.9890336,51.1306284],[16.9890359,51.1306199],[16.9890382,51.1306114],[16.9890405,51.130603],[16.9890428,51.1305945],[16.989045,51.130586],[16.9890473,51.1305776],[16.9890496,51.1305691],[16.9890519,51.1305606],[16.9890542,51.1305521],[16.9890565,51.1305437],[16.9890587,51.1305352],[16.989061,51.1305267],[16.9890633,51.1305183],[16.9890656,51.1305098],[16.9890679,51.1305013],[16.9890701,51.1304928],[16.9890724,51.1304844],[16.9890747,51.1304759],[16.9890767,51.1304685],[16.9890787,51.1304611],[16.9890807,51.1304537],[16.9890827,51.1304463],[16.9890849,51.1304381],[16.9890871,51.1304299],[16.9890894,51.1304217],[16.9890916,51.1304135],[16.9890938,51.1304053],[16.989096,51.130397],[16.9890982,51.1303888],[16.9891004,51.1303806],[16.9891026,51.1303724],[16.9891049,51.1303642],[16.9891071,51.130356],[16.9891093,51.1303478],[16.9891116,51.1303392],[16.989114,51.1303305],[16.9891163,51.1303219],[16.9891186,51.1303133],[16.9891209,51.1303047],[16.9891233,51.130296],[16.9891256,51.1302874],[16.9891279,51.1302788],[16.9891302,51.1302702],[16.9891326,51.1302615],[16.9891349,51.1302529],[16.9891372,51.1302445],[16.9891394,51.1302361],[16.9891417,51.1302278],[16.9891439,51.1302194],[16.9891462,51.130211],[16.9891485,51.1302026],[16.9891507,51.1301942],[16.989153,51.1301859],[16.9891552,51.1301775],[16.9891575,51.1301691],[16.9891598,51.1301606],[16.9891621,51.1301521],[16.9891644,51.1301436],[16.9891667,51.1301351],[16.9891689,51.1301266],[16.9891712,51.1301181],[16.9891735,51.1301096],[16.9891758,51.1301011],[16.9891781,51.1300927],[16.9891804,51.1300842],[16.9891827,51.1300757],[16.989185,51.1300672],[16.9891872,51.1300587],[16.9891895,51.1300502],[16.9891918,51.1300417],[16.9891941,51.1300332],[16.9891964,51.1300247],[16.9891824,51.1300233],[16.9891685,51.1300218],[16.9891545,51.1300204],[16.9891406,51.130019],[16.9891266,51.1300175],[16.9891127,51.1300161],[16.9890987,51.1300146],[16.9890848,51.1300132],[16.9890708,51.1300118],[16.9890569,51.1300103],[16.9890429,51.1300089],[16.989029,51.1300075],[16.989015,51.130006],[16.9890011,51.1300046],[16.9889871,51.1300032],[16.9889732,51.1300017],[16.9889592,51.1300003],[16.9889452,51.1299989],[16.9889313,51.1299974],[16.9889173,51.129996],[16.9889034,51.1299945],[16.9888894,51.1299931],[16.9888755,51.1299917],[16.9888615,51.1299902],[16.9888476,51.1299888],[16.9888336,51.1299874],[16.9888197,51.1299859],[16.9888057,51.1299845],[16.9887918,51.1299831],[16.9887778,51.1299816],[16.9887639,51.1299802],[16.9887499,51.1299788],[16.988736,51.1299773],[16.988722,51.1299759],[16.9887081,51.1299744],[16.9886941,51.129973],[16.9886801,51.1299716],[16.9886662,51.1299701],[16.9886522,51.1299687],[16.9886383,51.1299673],[16.9886243,51.1299658],[16.9886104,51.1299644],[16.9885964,51.129963],[16.9885825,51.1299615],[16.9885685,51.1299601],[16.9885546,51.1299587],[16.9885406,51.1299572],[16.9885267,51.1299558],[16.9885127,51.1299543],[16.9884988,51.1299529],[16.9884848,51.1299515],[16.9884709,51.12995],[16.9884569,51.1299486],[16.9884428,51.1299475],[16.9884288,51.1299463],[16.9884147,51.1299452],[16.9884007,51.1299441],[16.9883866,51.129943],[16.9883725,51.1299418],[16.9883585,51.1299407],[16.9883444,51.1299396],[16.9883304,51.1299384],[16.9883163,51.1299373],[16.9883022,51.1299362],[16.9882882,51.129935],[16.9882741,51.1299339],[16.9882601,51.1299328],[16.988246,51.1299316],[16.9882319,51.1299305],[16.9882179,51.1299294],[16.9881697,51.129926]]}},{"type":"Feature","properties":{"layer":"roads"},"geometry":{"type":"LineString","coordinates":[[16.9881697,51.129926],[16.9881804,51.1298915],[16.9881816,51.1298829],[16.9881827,51.1298743],[16.9881839,51.1298657],[16.9881851,51.1298571],[16.9881863,51.1298484],[16.9881874,51.1298398],[16.9881886,51.1298312],[16.9881898,51.1298226],[16.9881909,51.129814],[16.9881921,51.1298053],[16.9881933,51.1297967],[16.9881945,51.1297881],[16.9881956,51.1297795],[16.9881968,51.1297709],[16.988198,51.1297623],[16.988202,51.1297323]]}},{"type":"Feature","properties":{"layer":"roads"},"geometry":{"type":"LineString","coordinates":[[16.9881697,51.129926],[16.9881228,51.129925],[16.9881096,51.1299248],[16.9880964,51.1299245],[16.9880832,51.1299242],[16.98807,51.129924],[16.9880567,51.1299237],[16.9880435,51.1299235],[16.9880303,51.1299232],[16.9880171,51.129923],[16.9880033,51.1299216],[16.987961,51.1299117]]}},{"type":"Feature","properties":{"layer":"roads"},"geometry":{"type":"LineString","coordinates":[[16.9881697,51.129926],[16.9881719,51.129961],[16.9881629,51.1300116]]}},{"type":"Feature","properties":{"layer":"roads"},"geometry":{"type":"LineString","coordinates":[[16.9780117,51.130376],[16.9779649,51.1303833],[16.9779518,51.1303854],[16.9779388,51.1303874],[16.9779258,51.1303895],[16.9779127,51.1303915],[16.9778997,51.1303936],[16.9778867,51.1303956],[16.9778737,51.1303977],[16.9778606,51.1303997],[16.9778476,51.1304018],[16.9778346,51.1304038],[16.9778215,51.1304059],[16.9778085,51.1304079],[16.9777966,51.1304095],[16.9777848,51.1304111],[16.9777729,51.1304127],[16.9777611,51.1304143],[16.9777492,51.1304159],[16.9777365,51.1304179],[16.9777238,51.1304198],[16.9777111,51.1304218],[16.9776984,51.1304238],[16.9776857,51.1304257],[16.977673,51.1304277],[16.9776606,51.1304314],[16.9776482,51.1304351],[16.9776358,51.1304388],[16.9776234,51.1304425],[16.9776111,51.1304461],[16.9775987,51.1304498],[16.9775863,51.1304535],[16.9775739,51.1304572],[16.9775615,51.1304609],[16.9775491,51.1304646],[16.9775362,51.1304683],[16.9775234,51.1304721],[16.9775105,51.1304758],[16.9774977,51.1304795],[16.9774848,51.1304832],[16.977472,51.130487],[16.9774591,51.1304907],[16.9774462,51.1304944],[16.9774334,51.1304982],[16.9774205,51.1305019],[16.9774077,51.1305056],[16.9773948,51.1305093],[16.977382,51.1305131],[16.9773691,51.1305168],[16.977356,51.1305201],[16.9773429,51.1305234],[16.9773298,51.1305267],[16.9773167,51.1305301],[16.9773036,51.1305334],[16.9772905,51.1305367],[16.9772774,51.13054],[16.9772643,51.1305433],[16.9772512,51.1305466],[16.977238,51.13055],[16.9772249,51.1305533],[16.9772118,51.1305566],[16.9771987,51.1305599],[16.9771856,51.1305632],[16.9771725,51.1305665],[16.9771594,51.1305699],[16.9771463,51.1305732],[16.9771332,51.1305765],[16.9771201,51.1305798],[16.9771082,51.130584],[16.9770964,51.1305882],[16.9770845,51.1305924],[16.9770726,51.1305966],[16.9770599,51.1306005],[16.9770472,51.1306043],[16.9770345,51.1306082],[16.9770218,51.130612],[16.9770091,51.1306159],[16.9769964,51.1306197],[16.9769838,51.1306236],[16.9769711,51.1306275],[16.9769584,51.1306313],[16.9769457,51.1306352],[16.976933,51.130639],[16.9769203,51.1306429],[16.9769076,51.1306467],[16.9768949,51.1306506],[16.9768827,51.1306542],[16.9768705,51.1306577],[16.9768583,51.1306613],[16.9768461,51.1306649],[16.9768339,51.1306684],[16.9768216,51.130672],[16.9768094,51.1306755],[16.9767972,51.1306791],[16.976785,51.1306827],[16.9767728,51.1306862],[16.9767606,51.1306898],[16.9767482,51.1306942],[16.9767357,51.1306986],[16.9767233,51.130703],[16.9767109,51.1307074],[16.9766637,51.1307087]]}},{"type":"Feature","properties":{"layer":"roads"},"geometry":{"type":"LineString","coordinates":[[16.9766637,51.1307087],[16.9766898,51.1306825],[16.9767018,51.1306777],[16.9767499,51.1306587]]}},{"type":"Feature","properties":{"layer":"roads"},"geometry":{"type":"LineString","coordinates":[[16.9766637,51.1307087],[16.9766148,51.130727],[16.9766032,51.1307317],[16.9765915,51.1307364],[16.9765799,51.130741],[16.9765333,51.1307601]]}},{"type":"Feature","properties":{"layer":"roads"},"geometry":{"type":"LineString","coordinates":[[16.9765333,51.1307601],[16.9765111,51.1307872],[16.9764998,51.1307926],[16.9764885,51.1307979],[16.9764772,51.1308033],[16.9764659,51.1308087],[16.9764546,51.1308141],[16.9764433,51.1308194],[16.976432,51.1308248],[16.9764211,51.1308298],[16.9764102,51.1308349],[16.9763993,51.1308399],[16.9763884,51.130845],[16.9763775,51.13085],[16.9763665,51.1308551],[16.9763556,51.1308601],[16.9763447,51.1308652],[16.9762912,51.1308731]]}},{"type":"Feature","properties":{"layer":"roads"},"geometry":{"type":"LineString","coordinates":[[16.9762912,51.1308731],[16.9762501,51.1308921],[16.9762395,51.1308971],[16.9762288,51.1309021],[16.9762181,51.1309072],[16.9762075,51.1309122],[16.9761968,51.1309172],[16.9761861,51.1309222],[16.9761907,51.1309365],[16.9761702,51.1309299],[16.9761594,51.1309351],[16.9761256,51.1309612]]}},{"type":"Feature","properties":{"layer":"roads"},"geometry":{"type":"LineString","coordinates":[[16.9761256,51.1309612],[16.9761862,51.1309832],[16.9761947,51.1309903],[16.9762032,51.1309974],[16.9762118,51.1310045],[16.9762203,51.1310116],[16.9762288,51.1310187],[16.9762374,51.1310258],[16.9762459,51.1310329],[16.9762544,51.13104],[16.976263,51.1310471],[16.9762715,51.1310542],[16.9762801,51.1310613],[16.9762886,51.1310684],[16.9762971,51.1310755],[16.9763057,51.1310826],[16.9763142,51.1310897],[16.9763227,51.1310968],[16.9763313,51.1311039],[16.9763398,51.131111],[16.9763483,51.1311181],[16.9763569,51.1311252],[16.9763654,51.1311323],[16.9763739,51.1311394],[16.9763825,51.1311465],[16.976391,51.1311536],[16.9763996,51.1311607],[16.9764081,51.1311678],[16.9764166,51.1311749],[16.9764252,51.131182],[16.9764453,51.1311954],[16.9764724,51.13121],[16.9764821,51.1312153],[16.9764917,51.1312205],[16.9765017,51.131226],[16.9765118,51.1312315],[16.9765218,51.131237],[16.9765318,51.1312425],[16.9765419,51.131248],[16.9765519,51.1312534],[16.9765619,51.1312589],[16.9765719,51.1312644],[16.976582,51.1312699],[16.976592,51.1312754],[16.9766012,51.1312816],[16.9766104,51.1312879],[16.9766196,51.1312941],[16.9766287,51.1313004],[16.9766379,51.1313066],[16.9766471,51.1313129],[16.9766563,51.1313191],[16.9766655,51.1313253],[16.9766747,51.1313316],[16.9766839,51.1313378],[16.9767158,51.1313585]]}},{"type":"Feature","properties":{"layer":"roads"},"geometry":{"type":"LineString","coordinates":[[16.979266,51.1286353],[16.9793071,51.1286038],[16.9793159,51.1285969],[16.9793246,51.1285901],[16.9793333,51.1285832],[16.9793421,51.1285763],[16.9793508,51.1285694],[16.9793595,51.1285626],[16.9793683,51.1285557],[16.979377,51.1285488],[16.9793857,51.1285419],[16.9793945,51.1285351],[16.9794032,51.1285282],[16.9794106,51.1285212],[16.9794181,51.1285142],[16.9794255,51.1285072],[16.979433,51.1285002],[16.9794404,51.1284932],[16.9794819,51.1284738]]}},{"type":"Feature","properties":{"layer":"roads"},"geometry":{"type":"LineString","coordinates":[[16.979266,51.1286353],[16.9793203,51.1286482],[16.9793323,51.1286525],[16.9793443,51.1286567],[16.9793563,51.128661],[16.9793684,51.1286652],[16.9793804,51.1286694],[16.9793924,51.1286737],[16.9794044,51.1286779],[16.9794164,51.1286821],[16.9794711,51.1287049]]}},{"type":"Feature","properties":{"layer":"roads"},"geometry":{"type":"LineString","coordinates":[[16.979266,51.1286353],[16.9792338,51.1286574],[16.9792242,51.128664],[16.9792146,51.1286705],[16.979205,51.128677],[16.9791954,51.1286836],[16.9791858,51.1286901],[16.9791761,51.1286966],[16.9791665,51.1287032],[16.9791569,51.1287097],[16.9791473,51.1287162],[16.9791377,51.1287228],[16.9791281,51.1287293],[16.9791185,51.1287358],[16.9791089,51.1287424],[16.9790993,51.1287489],[16.9790902,51.1287554],[16.9790811,51.128762],[16.979072,51.1287685],[16.979063,51.128775],[16.9790539,51.1287816],[16.9790448,51.1287881],[16.9790357,51.1287946],[16.9790266,51.1288012],[16.9790175,51.1288077],[16.9790085,51.1288142],[16.9789994,51.1288207],[16.9789757,51.1288517]]}},{"type":"Feature","properties":{"layer":"roads"},"geometry":{"type":"LineString","coordinates":[[16.979266,51.1286353],[16.9792247,51.1286146],[16.9792128,51.1286104],[16.979201,51.1286062],[16.9791891,51.128602],[16.9791772,51.1285978],[16.9791653,51.1285937],[16.9791535,51.1285895],[16.9791416,51.1285853],[16.9791286,51.1285819],[16.9791156,51.1285785],[16.9791026,51.1285751],[16.9790897,51.1285717],[16.9790767,51.1285683],[16.9790637,51.1285649],[16.9790507,51.1285615],[16.9790377,51.1285581],[16.9790247,51.1285547],[16.9790117,51.1285513],[16.9789988,51.1285479],[16.9789858,51.1285445],[16.9789728,51.1285411],[16.9789598,51.1285378],[16.9789468,51.1285344],[16.9789338,51.128531],[16.9789209,51.1285276],[16.9789079,51.1285242],[16.9788949,51.1285208],[16.9788819,51.1285174],[16.9788689,51.128514],[16.9788559,51.1285106],[16.9788429,51.1285072],[16.97883,51.1285038],[16.978817,51.1285004],[16.978804,51.128497],[16.978791,51.1284936],[16.9787777,51.1284905],[16.9787644,51.1284874],[16.9787511,51.1284843],[16.9787378,51.1284812],[16.9787245,51.1284781],[16.9787112,51.1284751],[16.9786979,51.128472],[16.9786846,51.1284689],[16.9786713,51.1284658],[16.978658,51.1284627],[16.9786447,51.1284596],[16.9786314,51.1284565],[16.9786181,51.1284534],[16.9786048,51.1284503],[16.9785915,51.1284472],[16.9785782,51.1284441],[16.9785649,51.128441],[16.9785517,51.128438],[16.9785384,51.1284349],[16.9785251,51.1284318],[16.9785118,51.1284287],[16.9784985,51.1284256],[16.9784852,51.1284225],[16.9784719,51.1284194],[16.9784586,51.1284163],[16.9784453,51.1284132],[16.978432,51.1284101],[16.9784187,51.128407],[16.9784054,51.128404],[16.9783921,51.1284009],[16.9783788,51.1283978],[16.9783655,51.1283947],[16.9783522,51.1283916],[16.9783389,51.1283885],[16.9783251,51.1283868],[16.9783113,51.1283851],[16.9782976,51.1283833],[16.9782838,51.1283816],[16.97827,51.1283799],[16.9782562,51.1283782],[16.9782425,51.1283765],[16.9782287,51.1283747],[16.9782149,51.128373],[16.9782011,51.1283713],[16.9781874,51.1283696],[16.9781736,51.1283679],[16.9781598,51.1283662],[16.978146,51.1283644],[16.9781323,51.1283627],[16.9781185,51.128361],[16.9781047,51.1283593],[16.9780909,51.1283576],[16.9780772,51.1283558],[16.9780634,51.1283541],[16.9780496,51.1283524],[16.9780355,51.1283521],[16.9780214,51.1283517],[16.9780073,51.1283514],[16.9779932,51.128351],[16.9779792,51.1283507],[16.9779651,51.1283504],[16.977951,51.12835],[16.9779369,51.1283497],[16.9779236,51.1283511],[16.9779103,51.1283525],[16.9778971,51.128354],[16.9778838,51.1283554],[16.9778705,51.1283568],[16.9778572,51.1283582],[16.977844,51.1283597],[16.9778307,51.1283611],[16.9778174,51.1283625],[16.977804,51.1283648],[16.9777905,51.1283671],[16.9777771,51.1283694],[16.9777636,51.1283717],[16.9777502,51.128374],[16.9777368,51.1283763],[16.9777233,51.1283786],[16.9777099,51.1283809],[16.9776964,51.1283833],[16.977683,51.1283856],[16.9776695,51.1283879],[16.9776561,51.1283902],[16.9776427,51.1283925],[16.9776292,51.1283948],[16.9776158,51.1283971],[16.9776023,51.1283994],[16.9775889,51.1284017],[16.9775754,51.1284042],[16.977562,51.1284067],[16.9775485,51.1284091],[16.977535,51.1284116],[16.9775216,51.1284141],[16.9775081,51.1284166],[16.9774946,51.128419],[16.9774812,51.1284215],[16.9774677,51.128424],[16.9774542,51.1284265],[16.9774407,51.1284289],[16.9774273,51.1284314],[16.9774138,51.1284339],[16.9774003,51.1284364],[16.9773869,51.1284389],[16.9773734,51.1284413],[16.9773356,51.1284615]]}},{"type":"Feature","properties":{"layer":"roads"},"geometry":{"type":"LineString","coordinates":[[16.9773356,51.1284615],[16.9772495,51.128452]]}},{"type":"Feature","properties":{"layer":"roads"},"geometry":{"type":"LineString","coordinates":[[16.9773356,51.1284615],[16.9773723,51.1284878],[16.9773837,51.1284924],[16.977395,51.1284969],[16.9774064,51.1285014],[16.9774178,51.1285059],[16.9774292,51.1285104],[16.9774406,51.1285149],[16.9774519,51.1285195],[16.9774633,51.128524],[16.9774747,51.1285285],[16.9774853,51.1285343],[16.9774959,51.1285401],[16.9775065,51.1285458],[16.9775171,51.1285516],[16.9775277,51.1285574],[16.9775383,51.1285632],[16.9775489,51.128569],[16.9775595,51.1285747],[16.9775701,51.1285805],[16.9775807,51.1285863],[16.9775913,51.1285921],[16.9776019,51.1285979],[16.9776125,51.1286037],[16.9776231,51.1286094],[16.9776337,51.1286152],[16.9776443,51.128621],[16.9776545,51.1286269],[16.9776648,51.1286329],[16.977675,51.1286388],[16.9776853,51.1286448],[16.9776955,51.1286507],[16.9777058,51.1286566],[16.977716,51.1286626],[16.9777262,51.1286685],[16.9777365,51.1286744],[16.9777467,51.1286804],[16.977757,51.1286863],[16.9777672,51.1286923],[16.9777775,51.1286982],[16.9777877,51.1287041],[16.9777979,51.1287101],[16.9778082,51.128716],[16.9778184,51.128722],[16.9778287,51.1287279],[16.9778389,51.1287338],[16.9778491,51.1287398],[16.9778594,51.1287457],[16.9778696,51.1287516],[16.9778799,51.1287576],[16.9778901,51.1287635],[16.9779004,51.1287695],[16.9779106,51.1287754],[16.9779218,51.1287809],[16.9779329,51.1287865],[16.9779441,51.128792],[16.9779553,51.1287975],[16.9779664,51.1288031],[16.9779776,51.1288086],[16.9779888,51.1288141],[16.9779999,51.1288197],[16.9780111,51.1288252],[16.9780223,51.1288307],[16.9780334,51.1288363],[16.9780446,51.1288418],[16.9780558,51.1288473],[16.9780669,51.1288529],[16.9781028,51.1288737]]}},{"type":"Feature","properties":{"layer":"roads"},"geometry":{"type":"LineString","coordinates":[[16.9700915,51.1319071],[16.9701502,51.1318838],[16.9701631,51.1318802],[16.970176,51.1318765],[16.9701889,51.1318728],[16.9702019,51.1318691],[16.9702148,51.1318655],[16.9702277,51.1318618],[16.9702406,51.1318581],[16.9702535,51.1318545],[16.9702665,51.1318508],[16.9702794,51.1318471],[16.9702923,51.1318434],[16.9703052,51.1318398],[16.9703181,51.1318361],[16.9703311,51.1318324],[16.970344,51.1318288],[16.9703569,51.1318251],[16.9703698,51.1318214],[16.9703827,51.1318178],[16.9703957,51.1318141],[16.9704086,51.1318104],[16.9704215,51.1318067],[16.9704344,51.1318031],[16.9704784,51.1317798]]}},{"type":"Feature","properties":{"layer":"roads"},"geometry":{"type":"LineString","coordinates":[[16.9700915,51.1319071],[16.9701045,51.131863],[16.970106,51.1318542],[16.9701075,51.1318453],[16.970109,51.1318364],[16.9701105,51.1318276],[16.970112,51.1318187],[16.9701135,51.1318098],[16.970115,51.131801],[16.9701165,51.1317921],[16.970118,51.1317833],[16.9701195,51.1317744],[16.970121,51.1317655],[16.9701225,51.1317567],[16.970124,51.1317478],[16.9701255,51.1317389],[16.970127,51.1317301],[16.9701358,51.131689]]}},{"type":"Feature","properties":{"layer":"roads"},"geometry":{"type":"LineString","coordinates":[[16.9700915,51.1319071],[16.9700858,51.1319423],[16.9700833,51.131951],[16.9700807,51.1319598],[16.9700782,51.1319685],[16.9700757,51.1319773],[16.9700731,51.131986],[16.9700706,51.1319948],[16.9700681,51.1320035],[16.9700655,51.1320123],[16.970063,51.132021],[16.9700604,51.1320298],[16.9700579,51.1320385],[16.9700554,51.1320473],[16.9700528,51.132056],[16.9700503,51.1320648],[16.9700478,51.1320735],[16.9700452,51.1320823],[16.9700427,51.132091],[16.9700401,51.1320998],[16.9700376,51.1321085],[16.9700351,51.1321173],[16.9700325,51.132126],[16.97003,51.1321348],[16.9700288,51.1321435],[16.9700276,51.1321522],[16.9700264,51.1321609],[16.9700253,51.1321697],[16.9700241,51.1321784],[16.9700229,51.1321871],[16.9700217,51.1321958],[16.9700205,51.1322045],[16.9700193,51.1322132],[16.9700181,51.1322219],[16.970017,51.1322307],[16.9700158,51.1322394],[16.9700146,51.1322481],[16.9700134,51.1322568],[16.9700134,51.1322656],[16.9700133,51.1322744],[16.9700133,51.1322832],[16.9700132,51.132292],[16.9700132,51.1323008],[16.9700131,51.1323096],[16.9700131,51.1323185],[16.9700131,51.1323273],[16.970013,51.1323361],[16.970013,51.1323449],[16.9700129,51.1323537],[16.9700129,51.1323625],[16.9700161,51.1323711],[16.9700193,51.1323798],[16.9700225,51.1323884],[16.9700257,51.132397],[16.9700289,51.1324056],[16.9700321,51.1324143],[16.9700353,51.1324229],[16.9700385,51.1324315],[16.9700417,51.1324401],[16.9700463,51.1324674]]}},{"type":"Feature","properties":{"layer":"roads"},"geometry":{"type":"LineString","coordinates":[[16.9700915,51.1319071],[16.9700515,51.1319175],[16.9700398,51.1319223],[16.9700281,51.1319271],[16.9700163,51.1319318],[16.9700046,51.1319366],[16.9699929,51.1319414],[16.9699811,51.1319461],[16.9699694,51.1319509],[16.9699576,51.1319556],[16.9699459,51.1319604],[16.9699342,51.1319652],[16.9699224,51.1319699],[16.9699107,51.1319747],[16.9698989,51.1319794],[16.9698872,51.1319842],[16.9698755,51.131989],[16.9698637,51.1319937],[16.969852,51.1319985],[16.9698403,51.1320033],[16.9698285,51.132008],[16.9698168,51.1320128],[16.969805,51.1320175],[16.9697933,51.1320223],[16.969782,51.1320277],[16.9697708,51.1320331],[16.9697595,51.1320385],[16.9697482,51.1320439],[16.969737,51.1320493],[16.9697257,51.1320547],[16.9697144,51.1320601],[16.9697032,51.1320655],[16.9696919,51.1320709],[16.9696806,51.1320763],[16.9696694,51.1320817],[16.9696581,51.1320871],[16.9696468,51.1320924],[16.9696356,51.1320978],[16.9696243,51.1321032],[16.969613,51.1321086],[16.9696018,51.132114],[16.9695905,51.1321194],[16.9695792,51.1321248],[16.969568,51.1321302],[16.9695567,51.1321356],[16.9695454,51.132141],[16.9695342,51.1321464],[16.9695229,51.1321518],[16.9695134,51.1321583],[16.9695039,51.1321648],[16.9694944,51.1321713],[16.9694848,51.1321778],[16.9694753,51.1321843],[16.9694658,51.1321908],[16.9694563,51.1321973],[16.9694468,51.1322038],[16.9694373,51.1322103],[16.9694277,51.1322169],[16.9694182,51.1322234],[16.9694087,51.1322299],[16.9693992,51.1322364],[16.9693897,51.1322429],[16.9693802,51.1322494],[16.9693706,51.1322559],[16.9693611,51.1322624],[16.9693516,51.1322689],[16.9693421,51.1322754],[16.9693352,51.1322828],[16.9693282,51.1322901],[16.9693213,51.1322975],[16.9693144,51.1323049],[16.9693074,51.1323122],[16.9693005,51.1323196],[16.9692936,51.1323269],[16.9692866,51.1323343],[16.9692797,51.1323417],[16.9692728,51.132349],[16.9692659,51.1323564],[16.9692589,51.1323638],[16.969252,51.1323711],[16.9692451,51.1323785],[16.9692381,51.1323858],[16.9692312,51.1323932],[16.9692243,51.1324006],[16.9692173,51.1324079],[16.9692104,51.1324153],[16.9692047,51.1324233],[16.969199,51.1324313],[16.9691932,51.1324393],[16.9691875,51.1324473],[16.9691818,51.1324553],[16.9691761,51.1324633],[16.9691703,51.1324713],[16.9691646,51.1324793],[16.9691589,51.1324873],[16.9691532,51.1324953],[16.9691474,51.1325033],[16.9691417,51.1325113],[16.969136,51.1325193],[16.9691303,51.1325273],[16.9691245,51.1325353],[16.9691188,51.1325433],[16.9691131,51.1325513],[16.969108,51.1325596],[16.9691029,51.1325679],[16.9690977,51.1325762],[16.9690926,51.1325845],[16.9690875,51.1325928],[16.9690824,51.1326011],[16.9690773,51.1326094],[16.9690721,51.1326177],[16.969067,51.132626],[16.9690619,51.1326343],[16.9690568,51.1326426],[16.9690517,51.1326509],[16.9690465,51.1326592],[16.9690414,51.1326675],[16.9690363,51.1326758],[16.9690312,51.1326841],[16.9690261,51.1326924],[16.9690209,51.1327007],[16.9690158,51.132709],[16.9690107,51.1327173],[16.9690056,51.1327255],[16.9690005,51.1327338],[16.9689954,51.1327421],[16.9689902,51.1327504],[16.9689851,51.1327587],[16.96898,51.132767],[16.9689749,51.1327753],[16.9689698,51.1327836],[16.9689646,51.1327919],[16.9689595,51.1328002],[16.9689544,51.1328085],[16.9689493,51.1328168],[16.9689117,51.1328364]]}},{"type":"Feature","properties":{"layer":"roads"},"geometry":{"type":"LineString","coordinates":[[16.9689117,51.1328364],[16.9689103,51.1328657],[16.9689079,51.1328743],[16.9689056,51.1328829],[16.9689035,51.1329],[16.9689045,51.1329256],[16.9689049,51.1329342],[16.9689052,51.1329427],[16.9689056,51.1329513],[16.9689059,51.1329598],[16.9689062,51.1329683],[16.9689066,51.1329769],[16.9689076,51.1330025],[16.9689184,51.1330299]]}},{"type":"Feature","properties":{"layer":"roads"},"geometry":{"type":"LineString","coordinates":[[16.9689117,51.1328364],[16.9688992,51.1328026],[16.9688988,51.1327937],[16.9688984,51.1327849],[16.968898,51.132776],[16.9688976,51.1327671],[16.9688972,51.1327582],[16.9688968,51.1327493],[16.9688964,51.1327404],[16.968896,51.1327315],[16.9688956,51.1327227],[16.9688952,51.1327138],[16.9688948,51.1327049],[16.9688944,51.132696],[16.968894,51.1326871],[16.9688936,51.1326782],[16.9688932,51.1326693],[16.9688928,51.1326604],[16.9688924,51.1326516],[16.968892,51.1326427],[16.9688916,51.1326338],[16.9688912,51.1326249],[16.9688908,51.132616],[16.9688904,51.1326071],[16.96889,51.1325982],[16.9688896,51.1325894],[16.9688892,51.1325805],[16.9688888,51.1325716],[16.9688884,51.1325627],[16.968888,51.1325538],[16.9688876,51.1325449],[16.9688872,51.132536],[16.9688868,51.1325271],[16.9688864,51.1325183],[16.968886,51.1325094],[16.9688856,51.1325005],[16.9688852,51.1324916],[16.9688848,51.1324827],[16.9688844,51.1324738],[16.968884,51.1324649],[16.9688836,51.1324561],[16.9688832,51.1324472],[16.9688828,51.1324383],[16.9688824,51.1324294],[16.968882,51.1324205],[16.9688816,51.1324116],[16.9688812,51.1324027],[16.9688808,51.1323938],[16.9688574,51.1323498]]}},{"type":"Feature","properties":{"layer":"roads"},"geometry":{"type":"LineString","coordinates":[[16.9741138,51.131718],[16.9740887,51.1317431],[16.9740697,51.1317555],[16.9740359,51.1317717],[16.9740246,51.1317771],[16.9740133,51.1317825],[16.9740021,51.1317879],[16.9739908,51.1317933],[16.9739795,51.1317987],[16.9739682,51.1318041],[16.973957,51.1318095],[16.9739457,51.1318149],[16.9739344,51.1318203],[16.9739231,51.1318257],[16.9739118,51.1318311],[16.9739006,51.1318365],[16.9738893,51.1318419],[16.973878,51.1318473],[16.9738667,51.1318527],[16.9738555,51.1318581],[16.9738442,51.1318635],[16.9738329,51.1318689],[16.9738216,51.1318743],[16.9738104,51.1318797],[16.9737991,51.1318851],[16.9737878,51.1318905],[16.9737765,51.1318959],[16.9737652,51.1319013],[16.973754,51.1319067],[16.9737427,51.1319121],[16.9737314,51.1319175],[16.9737201,51.1319229],[16.9737089,51.1319283],[16.9736976,51.1319337],[16.9736863,51.1319391],[16.973675,51.1319445],[16.9736638,51.1319499],[16.9736525,51.1319553],[16.9736412,51.1319607],[16.9736299,51.1319662],[16.9736186,51.1319716],[16.9736074,51.131977],[16.9735961,51.1319824],[16.9735848,51.1319878],[16.9735735,51.1319932],[16.9735623,51.1319986],[16.973551,51.132004],[16.9735397,51.1320094],[16.9735284,51.1320148],[16.9735172,51.1320202],[16.9735059,51.1320256],[16.9734946,51.132031],[16.9734833,51.1320364],[16.973472,51.1320418],[16.9734608,51.1320472],[16.9734495,51.1320526],[16.9734382,51.132058],[16.9734269,51.1320634],[16.9734157,51.1320688],[16.9734044,51.1320742],[16.9733931,51.1320796],[16.9733818,51.132085],[16.9733706,51.1320904],[16.9733593,51.1320958],[16.973348,51.1321012],[16.9733367,51.1321066],[16.9733254,51.132112],[16.9733142,51.1321174],[16.9733029,51.1321228],[16.9732916,51.1321282],[16.9732803,51.1321336],[16.9732691,51.132139],[16.9732578,51.1321444],[16.9732465,51.1321498],[16.9732352,51.1321552],[16.9731884,51.1321703]]}},{"type":"Feature","properties":{"layer":"roads"},"geometry":{"type":"LineString","coordinates":[[16.9741138,51.131718],[16.97416,51.1317114],[16.9741713,51.1317059],[16.9741826,51.1317004],[16.9741939,51.1316949],[16.9742052,51.1316893],[16.9742165,51.1316838],[16.9742278,51.1316783],[16.9742391,51.1316728],[16.9742503,51.1316672],[16.9742616,51.1316617],[16.9742729,51.1316562],[16.9742842,51.1316507],[16.9742955,51.1316452],[16.9743068,51.1316396],[16.9743181,51.1316341],[16.9743294,51.1316286],[16.9743407,51.1316231],[16.974352,51.1316175],[16.9743632,51.131612],[16.9743745,51.1316065],[16.9743858,51.131601],[16.9743971,51.1315954],[16.9744084,51.1315899],[16.9744197,51.1315844],[16.974431,51.1315789],[16.9744423,51.1315734],[16.9744536,51.1315678],[16.9744649,51.1315623],[16.9744761,51.1315568],[16.9744874,51.1315513],[16.9744987,51.1315457],[16.97451,51.1315402],[16.9745213,51.1315347],[16.9745326,51.1315292],[16.9745439,51.1315236],[16.9745552,51.1315181],[16.9745665,51.1315126],[16.9745778,51.1315071],[16.974589,51.1315015],[16.9746003,51.131496],[16.9746116,51.1314905],[16.9746229,51.131485],[16.9746342,51.1314795],[16.9746455,51.1314739],[16.9746568,51.1314684],[16.9746681,51.1314629],[16.9746794,51.1314574],[16.9746906,51.1314518],[16.9747019,51.1314463],[16.9747132,51.1314408],[16.9747245,51.1314353],[16.9747358,51.1314297],[16.9747471,51.1314242],[16.9747584,51.1314187],[16.9747697,51.1314132],[16.974781,51.1314077],[16.9747923,51.1314021],[16.9748035,51.1313966],[16.9748148,51.1313911],[16.9748261,51.1313856],[16.9748374,51.13138],[16.9748487,51.1313745],[16.97486,51.131369],[16.9748713,51.1313635],[16.9748826,51.1313579],[16.9748939,51.1313524],[16.9749052,51.1313469],[16.9749164,51.1313414],[16.9749277,51.1313358],[16.974939,51.1313303],[16.9749503,51.1313248],[16.9749616,51.1313193],[16.9749729,51.1313138],[16.9749842,51.1313082],[16.9749955,51.1313027],[16.9750068,51.1312972],[16.9750181,51.1312917],[16.9750293,51.1312861],[16.9750406,51.1312806],[16.9750519,51.1312751],[16.9750632,51.1312696],[16.9750745,51.131264],[16.9750858,51.1312585],[16.9750971,51.131253],[16.9751084,51.1312475],[16.9751197,51.131242],[16.9751309,51.1312364],[16.9751422,51.1312309],[16.9751535,51.1312254],[16.9751648,51.1312199],[16.9751761,51.1312143],[16.9751874,51.1312088],[16.9751987,51.1312033],[16.97521,51.1311978],[16.9752213,51.1311922],[16.9752326,51.1311867],[16.9752438,51.1311812],[16.9752551,51.1311757],[16.9752664,51.1311701],[16.9752777,51.1311646],[16.975289,51.1311591],[16.9753003,51.1311536],[16.9753116,51.1311481],[16.9753229,51.1311425],[16.9753342,51.131137],[16.9753455,51.1311315],[16.9753567,51.131126],[16.975368,51.1311204],[16.9753793,51.1311149],[16.9753906,51.1311094],[16.9754019,51.1311039],[16.9754132,51.1310983],[16.9754245,51.1310928],[16.9754358,51.1310873],[16.9754471,51.1310818],[16.9754584,51.1310763],[16.9754696,51.1310707],[16.9754809,51.1310652],[16.9754922,51.1310597],[16.9755035,51.1310542],[16.9755148,51.1310486],[16.9755261,51.1310431],[16.9755374,51.1310376],[16.9755487,51.1310321],[16.97556,51.1310265],[16.9755713,51.131021],[16.9755825,51.1310155],[16.9755938,51.13101],[16.9756051,51.1310044],[16.9756164,51.1309989],[16.9756277,51.1309934],[16.9756389,51.1309879],[16.9756501,51.1309824],[16.9756856,51.1309585]]}},{"type":"Feature","properties":{"layer":"roads"},"geometry":{"type":"LineString","coordinates":[[16.9756856,51.1309585],[16.9757334,51.13096],[16.9757466,51.1309611],[16.9757608,51.130962],[16.9757749,51.130963],[16.9757891,51.1309639],[16.9758032,51.1309649],[16.9758174,51.1309659],[16.9758315,51.1309668],[16.9758457,51.1309678],[16.9758598,51.1309688],[16.9758739,51.1309697],[16.9758881,51.1309707],[16.9759022,51.1309716],[16.9759161,51.1309726],[16.9759299,51.1309736],[16.9759438,51.1309746],[16.9759577,51.1309755],[16.9759748,51.1309799],[16.9759921,51.1309775],[16.9760062,51.1309776],[16.9760203,51.1309777],[16.9760344,51.1309779],[16.9760485,51.130978],[16.9760698,51.1309822],[16.9760816,51.130972],[16.9761256,51.1309612]]}},{"type":"Feature","properties":{"layer":"roads"},"geometry":{"type":"LineString","coordinates":[[16.9756856,51.1309585],[16.97565,51.1309377],[16.9756415,51.1309307],[16.975633,51.1309237],[16.9756246,51.1309166],[16.9756161,51.1309096],[16.9756077,51.1309025],[16.9755992,51.1308955],[16.9755907,51.1308885],[16.9755823,51.1308814],[16.9755738,51.1308744],[16.9755654,51.1308673],[16.9755569,51.1308603],[16.9755484,51.1308533],[16.97554,51.1308462],[16.9755315,51.1308392],[16.975523,51.1308322],[16.9755146,51.1308251],[16.9755061,51.1308181],[16.9754977,51.130811],[16.9754892,51.130804],[16.9754807,51.130797],[16.9754723,51.1307899],[16.9754638,51.1307829],[16.9754554,51.1307758],[16.9754469,51.1307688],[16.9754384,51.1307618],[16.97543,51.1307547],[16.9754215,51.1307477],[16.9754131,51.1307406],[16.9754046,51.1307336],[16.9753961,51.1307266],[16.9753877,51.1307195],[16.9753792,51.1307125],[16.9753708,51.1307054],[16.9753507,51.1306966],[16.9753295,51.1306696],[16.9753213,51.1306624],[16.9753131,51.1306552],[16.9753049,51.130648],[16.9752967,51.1306408],[16.9752885,51.1306336],[16.9752803,51.1306264],[16.9752721,51.1306192],[16.9752638,51.1306119],[16.9752556,51.1306047],[16.9752474,51.1305975],[16.9752392,51.1305903],[16.975231,51.1305831],[16.9752228,51.1305759],[16.9752146,51.1305687],[16.97519,51.1305471],[16.975174,51.1305337],[16.9751481,51.1305112]]}},{"type":"Feature","properties":{"layer":"roads"},"geometry":{"type":"LineString","coordinates":[[16.9786022,51.1325272],[16.9785548,51.1325234],[16.9785413,51.1325221],[16.9785279,51.1325207],[16.9785109,51.1325195],[16.9784532,51.1325176]]}},{"type":"Feature","properties":{"layer":"roads"},"geometry":{"type":"LineString","coordinates":[[16.9786022,51.1325272],[16.9786305,51.1325485],[16.9786434,51.1325517],[16.9786563,51.1325549],[16.9786692,51.1325582],[16.9786821,51.1325614],[16.978695,51.1325646],[16.9787078,51.1325679],[16.9787207,51.1325711],[16.9787336,51.1325743],[16.9787465,51.1325776],[16.9787594,51.1325808],[16.9787723,51.132584],[16.9787852,51.1325873],[16.9787981,51.1325905],[16.978811,51.1325937],[16.9788239,51.1325969],[16.9788368,51.1326002],[16.9788497,51.1326034],[16.9788626,51.1326066],[16.9788755,51.1326099],[16.9788884,51.1326131],[16.9789014,51.1326166],[16.9789144,51.1326202],[16.9789274,51.1326237],[16.9789404,51.1326273],[16.9789534,51.1326308],[16.9789664,51.1326344],[16.9789794,51.1326379],[16.9789924,51.1326415],[16.9790054,51.132645],[16.9790184,51.1326486],[16.9790315,51.1326521],[16.9790445,51.1326557],[16.9790575,51.1326592],[16.9790705,51.1326628],[16.9790835,51.1326663],[16.9790965,51.1326699],[16.9791095,51.1326734],[16.9791225,51.132677],[16.9791355,51.1326805],[16.9791485,51.1326841],[16.9791615,51.1326876],[16.9791734,51.1326921],[16.9791853,51.1326967],[16.9791972,51.1327012],[16.9792091,51.1327058],[16.979221,51.1327103],[16.9792329,51.1327149],[16.9792448,51.1327194],[16.9792567,51.132724],[16.9792686,51.1327285],[16.9792805,51.1327331],[16.9792923,51.1327376],[16.9793042,51.1327422],[16.9793161,51.1327467],[16.979328,51.1327513],[16.9793399,51.1327558],[16.9793518,51.1327604],[16.9793637,51.1327649],[16.9793756,51.1327695],[16.9793875,51.132774],[16.9793994,51.1327786],[16.9794113,51.1327831],[16.9794231,51.1327881],[16.9794348,51.1327932],[16.9794466,51.1327982],[16.9794584,51.1328033],[16.9794701,51.1328083],[16.9794819,51.1328134],[16.9794936,51.1328184],[16.9795054,51.1328235],[16.9795172,51.1328285],[16.9795289,51.1328336],[16.9795407,51.1328386],[16.9795525,51.1328436],[16.9795642,51.1328487],[16.979576,51.1328537],[16.9795878,51.1328588],[16.9795995,51.1328638],[16.9796113,51.1328689],[16.979623,51.1328739],[16.9796348,51.132879],[16.9796466,51.132884],[16.9796583,51.132889],[16.9796701,51.1328941],[16.9796819,51.1328991],[16.9796936,51.1329042],[16.9797054,51.1329092],[16.9797171,51.1329143],[16.9797289,51.1329193],[16.9797407,51.1329244],[16.9797524,51.1329294],[16.9797642,51.1329345],[16.979776,51.1329395],[16.9797877,51.1329445],[16.9797995,51.1329496],[16.9798113,51.1329546],[16.979823,51.1329597],[16.9798348,51.1329647],[16.9798465,51.1329698],[16.9798583,51.1329748],[16.9798701,51.1329799],[16.9798818,51.1329849],[16.9798936,51.1329899],[16.9799054,51.132995],[16.9799171,51.133],[16.9799289,51.1330051],[16.9799407,51.1330101],[16.9799524,51.1330152],[16.9799642,51.1330202],[16.9799759,51.1330253],[16.9799877,51.1330303],[16.9799995,51.1330354],[16.9800112,51.1330404],[16.980023,51.1330454],[16.9800348,51.1330505],[16.9800465,51.1330555],[16.9800583,51.1330606],[16.98007,51.1330656],[16.9800818,51.1330707],[16.9800936,51.1330757],[16.9801053,51.1330808],[16.9801171,51.1330858],[16.9801289,51.1330908],[16.9801406,51.1330959],[16.9801524,51.1331009],[16.9801642,51.133106],[16.9801759,51.133111],[16.9801877,51.1331161],[16.9801994,51.1331211],[16.9802497,51.1331365]]}},{"type":"Feature","properties":{"layer":"roads"},"geometry":{"type":"LineString","coordinates":[[16.9786022,51.1325272],[16.9786408,51.1325144],[16.9786548,51.1325139],[16.9786689,51.1325133],[16.9786829,51.1325127],[16.978697,51.1325122],[16.978711,51.1325116],[16.978725,51.1325111],[16.9787391,51.1325105],[16.9787531,51.13251],[16.9787672,51.1325094],[16.9787812,51.1325089],[16.9787953,51.1325083],[16.9788093,51.1325078],[16.9788233,51.1325072],[16.9788374,51.1325066],[16.9788514,51.1325061],[16.9788655,51.1325055],[16.9788795,51.132505],[16.9788936,51.1325044],[16.9789076,51.1325039],[16.9789216,51.1325033],[16.9789357,51.1325028],[16.9789497,51.1325022],[16.9789638,51.1325016],[16.9789778,51.1325011],[16.9789919,51.1325005],[16.9790059,51.1325],[16.9790199,51.1324994],[16.979034,51.1324989],[16.979048,51.1324983],[16.9790936,51.1324906]]}},{"type":"Feature","properties":{"layer":"roads"},"geometry":{"type":"LineString","coordinates":[[16.9802497,51.1331365],[16.9802606,51.1331075],[16.9802642,51.1330991],[16.9802783,51.1330652]]}},{"type":"Feature","properties":{"layer":"roads"},"geometry":{"type":"LineString","coordinates":[[16.9802497,51.1331365],[16.9802936,51.1331599],[16.9803054,51.1331645],[16.9803171,51.1331692],[16.9803289,51.1331738],[16.9803407,51.1331785],[16.9803524,51.1331831],[16.9803642,51.1331878],[16.980376,51.1331924],[16.9803878,51.1331971],[16.9803995,51.1332017],[16.9804113,51.1332064],[16.9804231,51.133211],[16.9804349,51.1332157],[16.9804466,51.1332203],[16.9804584,51.133225],[16.9804702,51.1332296],[16.9804819,51.1332343],[16.9804937,51.1332389],[16.9805311,51.1332619]]}},{"type":"Feature","properties":{"layer":"roads"},"geometry":{"type":"LineString","coordinates":[[16.9802497,51.1331365],[16.980229,51.1331742],[16.9802246,51.1331824],[16.9802202,51.1331906],[16.9802159,51.1331988],[16.9802115,51.133207],[16.9802071,51.1332152],[16.9802028,51.1332234],[16.9801984,51.1332316],[16.9801885,51.1332588]]}},{"type":"Feature","properties":{"layer":"roads"},"geometry":{"type":"LineString","coordinates":[[16.9833455,51.131767],[16.9833645,51.1317353],[16.9833702,51.1317272],[16.9833758,51.1317191],[16.9833814,51.1317111],[16.983387,51.131703],[16.9833927,51.131695],[16.9833983,51.1316869],[16.9834039,51.1316788],[16.9834096,51.1316708],[16.9834152,51.1316627],[16.9834208,51.1316546],[16.9834265,51.1316466],[16.9834321,51.1316385],[16.9834377,51.1316305],[16.9834337,51.1316003]]}},{"type":"Feature","properties":{"layer":"roads"},"geometry":{"type":"LineString","coordinates":[[16.9833455,51.131767],[16.9832973,51.1317877],[16.9832861,51.1317928],[16.983275,51.1317978],[16.9832638,51.1318029],[16.9832526,51.1318079],[16.9832415,51.131813],[16.9832303,51.131818],[16.9832191,51.1318231],[16.9832079,51.1318281],[16.9831968,51.1318332],[16.9831856,51.1318382],[16.9831744,51.1318433],[16.9831633,51.1318483],[16.9831521,51.1318534],[16.9831409,51.1318584],[16.9831297,51.1318635],[16.9831186,51.1318685],[16.9831074,51.1318736],[16.9830952,51.1318778],[16.983083,51.1318819],[16.9830708,51.1318861],[16.9830586,51.1318902],[16.9830464,51.1318944],[16.9830342,51.1318986],[16.983022,51.1319027],[16.9830099,51.1319069],[16.9829977,51.1319111],[16.9829855,51.1319152],[16.9829733,51.1319194],[16.9829611,51.1319236],[16.9829245,51.131936],[16.9828939,51.1319561]]}},{"type":"Feature","properties":{"layer":"roads"},"geometry":{"type":"LineString","coordinates":[[16.9833455,51.131767],[16.9833044,51.1317425],[16.983295,51.1317363],[16.9832856,51.1317301],[16.9832762,51.1317238],[16.9832668,51.1317176],[16.9832574,51.1317114],[16.983248,51.1317051],[16.9832386,51.1316989],[16.9832292,51.1316926],[16.9832198,51.1316864],[16.9831928,51.1316645]]}},{"type":"Feature","properties":{"layer":"roads"},"geometry":{"type":"LineString","coordinates":[[16.969657,51.1342736],[16.9696183,51.134248],[16.9696096,51.134241],[16.969601,51.1342341],[16.9695924,51.1342272],[16.9695838,51.1342202],[16.9695752,51.1342133],[16.9695666,51.1342064],[16.969558,51.1341994],[16.9695494,51.1341925],[16.9695408,51.1341856],[16.9695321,51.1341786],[16.9695235,51.1341717],[16.9695149,51.1341648],[16.9695063,51.1341578],[16.9694977,51.1341509],[16.96949,51.134144],[16.9694823,51.1341371],[16.9694745,51.1341302],[16.9694668,51.1341233],[16.9694591,51.1341164],[16.9694514,51.1341096],[16.9694437,51.1341027],[16.969436,51.1340958],[16.9694282,51.1340889],[16.9694205,51.134082],[16.9694128,51.1340751],[16.9694052,51.1340682],[16.9693976,51.1340613],[16.96939,51.1340545],[16.9693824,51.1340476],[16.9693747,51.1340407],[16.969353,51.1340111]]}},{"type":"Feature","properties":{"layer":"roads"},"geometry":{"type":"LineString","coordinates":[[16.969657,51.1342736],[16.9696786,51.1342171],[16.9696823,51.1342088],[16.969686,51.1342004],[16.9696897,51.134192],[16.9696934,51.1341837],[16.9696971,51.1341753],[16.9697008,51.134167],[16.9697045,51.1341586],[16.9697082,51.1341502],[16.9697119,51.1341419],[16.9697156,51.1341335],[16.9697193,51.1341251],[16.969723,51.1341168],[16.9697267,51.1341084],[16.9697304,51.1341],[16.9697341,51.1340917],[16.9697378,51.1340833],[16.9697403,51.1340745],[16.9697428,51.1340658],[16.9697454,51.134057],[16.9697479,51.1340482],[16.9697504,51.1340395],[16.9697529,51.1340307],[16.9697554,51.1340219],[16.969758,51.1340131],[16.9697605,51.1340044],[16.969763,51.1339956],[16.9697644,51.1339867],[16.9697658,51.1339778],[16.9697671,51.1339689],[16.9697685,51.13396],[16.9697699,51.1339511],[16.9697713,51.1339421],[16.9697727,51.1339332],[16.9697741,51.1339243],[16.9697953,51.1338789]]}},{"type":"Feature","properties":{"layer":"roads"},"geometry":{"type":"LineString","coordinates":[[16.969657,51.1342736],[16.9697141,51.1342385],[16.9697244,51.1342323],[16.9697346,51.1342261],[16.9697448,51.1342199],[16.9697551,51.1342137],[16.9697653,51.1342075],[16.9697755,51.1342012],[16.9697858,51.134195],[16.969796,51.1341888],[16.9698063,51.1341826],[16.9698165,51.1341764],[16.9698267,51.1341702],[16.969837,51.134164],[16.9698472,51.1341578],[16.9698574,51.1341516],[16.9698677,51.1341454],[16.9698779,51.1341392],[16.9698882,51.134133],[16.9698984,51.1341268],[16.9699086,51.1341206],[16.9699189,51.1341144],[16.9699291,51.1341082],[16.9699393,51.134102],[16.9699496,51.1340958],[16.9699598,51.1340896],[16.9699701,51.1340834],[16.9699803,51.1340772],[16.9699905,51.134071],[16.9700008,51.1340647],[16.970011,51.1340585],[16.9700212,51.1340523],[16.9700315,51.1340461],[16.9700417,51.1340399],[16.970052,51.1340337],[16.9700622,51.1340275],[16.9700724,51.1340213],[16.9700827,51.1340151],[16.9700929,51.1340089],[16.9701031,51.1340027],[16.9701134,51.1339965],[16.9701236,51.1339903],[16.9701339,51.1339841],[16.9701441,51.1339779],[16.9701543,51.1339717],[16.9701646,51.1339655],[16.9701748,51.1339593],[16.970185,51.1339531],[16.9701953,51.1339469],[16.9702055,51.1339407],[16.9702158,51.1339345],[16.970226,51.1339282],[16.9702362,51.133922],[16.9702465,51.1339158],[16.9702567,51.1339096],[16.9702669,51.1339034],[16.9702772,51.1338972],[16.9702874,51.133891],[16.9702977,51.1338848],[16.9703079,51.1338786],[16.9703181,51.1338724],[16.9703284,51.1338662],[16.9703386,51.13386],[16.9703488,51.1338538],[16.9703591,51.1338477],[16.9703693,51.1338415],[16.9703795,51.1338354],[16.9703898,51.1338292],[16.9704,51.1338231],[16.9704102,51.1338169],[16.9704205,51.1338108],[16.9704307,51.1338046],[16.970441,51.1337985],[16.9704512,51.1337923],[16.9704614,51.1337862],[16.9704717,51.13378],[16.9704819,51.1337739],[16.9704921,51.1337677],[16.9705024,51.1337616],[16.9705126,51.1337554],[16.9705228,51.1337492],[16.9705331,51.1337431],[16.9705433,51.1337369],[16.9705535,51.1337308],[16.9705638,51.1337246],[16.970574,51.1337185],[16.9705842,51.1337123],[16.9705945,51.1337062],[16.9706047,51.1337],[16.970615,51.1336939],[16.9706252,51.1336877],[16.9706354,51.1336816],[16.9706457,51.1336754],[16.9706559,51.1336693],[16.9706661,51.1336631],[16.9706764,51.133657],[16.9706866,51.1336508],[16.9706968,51.1336446],[16.9707071,51.1336385],[16.9707173,51.1336323],[16.9707275,51.1336262],[16.9707378,51.13362],[16.970748,51.1336139],[16.9707582,51.1336077],[16.9707685,51.1336016],[16.9707787,51.1335954],[16.970789,51.1335893],[16.9707992,51.1335831],[16.9708094,51.133577],[16.9708197,51.1335708],[16.9708299,51.1335647],[16.9708401,51.1335585],[16.9708504,51.1335524],[16.9708606,51.1335462],[16.9708708,51.13354],[16.9708811,51.1335339],[16.9708913,51.1335277],[16.9709015,51.1335216],[16.9709118,51.1335154],[16.970922,51.1335093],[16.9709322,51.1335031],[16.9709425,51.133497],[16.9709527,51.1334908],[16.970963,51.1334847],[16.9709732,51.1334785],[16.9709834,51.1334724],[16.9709937,51.1334662],[16.9710039,51.1334601],[16.9710352,51.1334334]]}},{"type":"Feature","properties":{"layer":"roads"},"geometry":{"type":"LineString","coordinates":[[16.9710352,51.1334334],[16.9709967,51.1334172],[16.9709872,51.1334112],[16.9709778,51.1334051],[16.9709683,51.133399],[16.9709588,51.1333929],[16.9709494,51.1333868],[16.9709399,51.1333807],[16.9709304,51.1333746],[16.970921,51.1333685],[16.9709115,51.1333625],[16.9708665,51.1333349]]}},{"type":"Feature","properties":{"layer":"roads"},"geometry":{"type":"LineString","coordinates":[[16.9710352,51.1334334],[16.9710758,51.1334168],[16.9710861,51.1334106],[16.9710964,51.1334044],[16.9711067,51.1333981],[16.971117,51.1333919],[16.9711273,51.1333857],[16.9711376,51.1333795],[16.9711479,51.1333733],[16.9711582,51.1333671],[16.9711685,51.1333609],[16.9711789,51.1333547],[16.9711892,51.1333485],[16.9711995,51.1333423],[16.9712098,51.1333361],[16.9712201,51.1333299],[16.9712304,51.1333237],[16.9712407,51.1333175],[16.971251,51.1333112],[16.9712613,51.133305],[16.9712716,51.1332988],[16.9712819,51.1332926],[16.9712922,51.1332864],[16.9713025,51.1332802],[16.9713128,51.133274],[16.9713231,51.1332678],[16.9713334,51.1332616],[16.9713437,51.1332554],[16.971354,51.1332492],[16.9713643,51.133243],[16.9713746,51.1332368],[16.9713849,51.1332305],[16.9713952,51.1332243],[16.9714055,51.1332181],[16.9714158,51.1332119],[16.9714261,51.1332057],[16.9714364,51.1331995],[16.9714467,51.1331933],[16.9714571,51.1331871],[16.9714674,51.1331809],[16.9714777,51.1331747],[16.971488,51.1331685],[16.9714983,51.1331623],[16.9715086,51.1331561],[16.9715189,51.1331499],[16.9715292,51.1331436],[16.9715395,51.1331374],[16.9715498,51.1331312],[16.9715601,51.133125],[16.9715704,51.1331188],[16.9715807,51.1331126],[16.971591,51.1331064],[16.9716013,51.1331002],[16.9716116,51.133094],[16.9716219,51.1330878],[16.9716322,51.1330816],[16.9716425,51.1330754],[16.9716528,51.1330692],[16.9716631,51.1330629],[16.9716734,51.1330567],[16.9716837,51.1330505],[16.971694,51.1330443],[16.9717043,51.1330381],[16.9717146,51.1330319],[16.9717249,51.1330257],[16.9717353,51.1330195],[16.9717456,51.1330133],[16.9717559,51.1330071],[16.9717662,51.1330009],[16.9717765,51.1329947],[16.9717868,51.1329885],[16.9717971,51.1329823],[16.9718074,51.132976],[16.9718177,51.1329698],[16.971828,51.1329636],[16.9718383,51.1329574],[16.9718486,51.1329512],[16.9718589,51.132945],[16.9718692,51.1329388],[16.9718795,51.1329326],[16.9718898,51.1329264],[16.9719001,51.1329202],[16.9719104,51.132914],[16.9719207,51.1329078],[16.971931,51.1329016],[16.9719413,51.1328953],[16.9719516,51.1328891],[16.9719619,51.1328829],[16.9719722,51.1328767],[16.9719825,51.1328705],[16.9719928,51.1328643],[16.9720031,51.1328581],[16.9720135,51.1328519],[16.9720238,51.1328457],[16.9720341,51.1328395],[16.9720444,51.1328333],[16.9720547,51.1328271],[16.972065,51.1328209],[16.9720753,51.1328147],[16.9720856,51.1328084],[16.9720959,51.1328022],[16.9721062,51.132796],[16.9721165,51.1327898],[16.9721485,51.1327626]]}},{"type":"Feature","properties":{"layer":"roads"},"geometry":{"type":"LineString","coordinates":[[16.9854231,51.1300777],[16.9854549,51.1300487],[16.9854942,51.1300404],[16.9855074,51.1300377],[16.9855205,51.130035],[16.9855336,51.1300322],[16.9855467,51.1300295],[16.9855598,51.1300267],[16.9855729,51.130024],[16.985586,51.1300213],[16.9855991,51.1300185],[16.9856122,51.1300158],[16.9856254,51.130013],[16.9856385,51.1300103],[16.9856516,51.1300075],[16.9856647,51.1300048],[16.9856778,51.1300021],[16.9856909,51.1299993],[16.985704,51.1299966],[16.9857171,51.1299938],[16.9857302,51.1299911],[16.9857434,51.1299884],[16.9857839,51.129977]]}},{"type":"Feature","properties":{"layer":"roads"},"geometry":{"type":"LineString","coordinates":[[16.9854231,51.1300777],[16.9853763,51.1300852],[16.9853654,51.1300908],[16.9853544,51.1300965],[16.9853435,51.1301021],[16.9853326,51.1301077],[16.9853217,51.1301134],[16.9853108,51.130119],[16.9852998,51.1301246],[16.9852889,51.1301303],[16.985278,51.1301359],[16.9852671,51.1301415],[16.9852562,51.1301472],[16.9852453,51.1301528],[16.9852343,51.1301584],[16.9852234,51.1301641],[16.9852125,51.1301697],[16.9852016,51.1301753],[16.9851907,51.130181],[16.9851797,51.1301866],[16.9851688,51.1301922],[16.9851579,51.1301979],[16.985147,51.1302035],[16.9851361,51.1302091],[16.9851251,51.1302148],[16.9851142,51.1302204],[16.9851033,51.130226],[16.9850924,51.1302317],[16.9850815,51.1302373],[16.9850705,51.1302429],[16.9850596,51.1302485],[16.9850487,51.1302542],[16.9850378,51.1302598],[16.9850269,51.1302654],[16.9850159,51.1302711],[16.985005,51.1302767],[16.9849941,51.1302823],[16.9849832,51.130288],[16.9849723,51.1302936],[16.9849613,51.1302992],[16.9849504,51.1303049],[16.9849395,51.1303105],[16.9849286,51.1303161],[16.9849177,51.1303218],[16.9849067,51.1303274],[16.9848958,51.130333],[16.9848849,51.1303387],[16.984874,51.1303443],[16.9848631,51.1303499],[16.9848522,51.1303556],[16.9848412,51.1303612],[16.9848303,51.1303668],[16.9848194,51.1303725],[16.9848085,51.1303781],[16.9847976,51.1303837],[16.9847866,51.1303894],[16.9847757,51.130395],[16.9847648,51.1304006],[16.9847539,51.1304063],[16.984743,51.1304119],[16.984732,51.1304175],[16.9847211,51.1304232],[16.9847102,51.1304288],[16.984701,51.1304355],[16.9846918,51.1304421],[16.9846826,51.1304488],[16.9846733,51.1304554],[16.9846641,51.1304621],[16.9846549,51.1304687],[16.9846457,51.1304754],[16.9846365,51.130482],[16.9846273,51.1304887],[16.9846181,51.1304953],[16.9846089,51.130502],[16.9845996,51.1305087],[16.9845904,51.1305153],[16.9845812,51.130522],[16.984572,51.1305286],[16.9845628,51.1305353],[16.9845536,51.1305419],[16.9845444,51.1305486],[16.9845352,51.1305552],[16.9845259,51.1305619],[16.9845167,51.1305685],[16.9845075,51.1305752],[16.9844983,51.1305818],[16.9844891,51.1305885],[16.9844799,51.1305952],[16.9844707,51.1306018],[16.9844614,51.1306085],[16.9844522,51.1306151],[16.984443,51.1306218],[16.9844338,51.1306284],[16.9844246,51.1306351],[16.9844154,51.1306417],[16.9844062,51.1306484],[16.984397,51.130655],[16.9843877,51.1306617],[16.9843785,51.1306684],[16.9843693,51.130675],[16.9843601,51.1306817],[16.9843509,51.1306883],[16.9843417,51.130695],[16.9843325,51.1307016],[16.9843233,51.1307083],[16.984314,51.1307149],[16.9843048,51.1307216],[16.9842956,51.1307282],[16.9842864,51.1307349],[16.9842815,51.1307432],[16.9842767,51.1307516],[16.9842718,51.1307599],[16.9842669,51.1307682],[16.984262,51.1307766],[16.9842572,51.1307849],[16.9842523,51.1307932],[16.9842474,51.1308015],[16.9842426,51.1308099],[16.9842377,51.1308182],[16.9842328,51.1308265],[16.984228,51.1308349],[16.9842231,51.1308432],[16.9842182,51.1308515],[16.9842134,51.1308599],[16.9842085,51.1308682],[16.9842036,51.1308765],[16.9841906,51.1309071]]}},{"type":"Feature","properties":{"layer":"roads"},"geometry":{"type":"LineString","coordinates":[[16.9854231,51.1300777],[16.9854347,51.130105],[16.9854335,51.130114],[16.9854323,51.1301229],[16.9854311,51.1301318],[16.98543,51.1301408],[16.9854288,51.1301497],[16.9854276,51.1301587],[16.9854264,51.1301676],[16.9854252,51.1301765],[16.985424,51.1301855],[16.9854229,51.1301944],[16.9854217,51.1302033],[16.9854205,51.1302123],[16.9854193,51.1302212],[16.9854181,51.1302302],[16.9854169,51.1302391],[16.9854158,51.130248],[16.9854146,51.130257],[16.9854134,51.1302659],[16.9854122,51.1302748],[16.985411,51.1302838],[16.9854098,51.1302927],[16.9854087,51.1303017],[16.9854075,51.1303106],[16.9854063,51.1303195],[16.9854051,51.1303285],[16.9854039,51.1303374],[16.9854027,51.1303464],[16.9854016,51.1303553],[16.9854004,51.1303642],[16.9853992,51.1303732],[16.985398,51.1303821],[16.9853968,51.130391],[16.9853956,51.1304],[16.9853945,51.1304089],[16.9853933,51.1304179],[16.9853921,51.1304268],[16.9853909,51.1304357],[16.9853897,51.1304447],[16.9853885,51.1304536],[16.9853874,51.1304625],[16.9853862,51.1304715],[16.985385,51.1304804],[16.9853838,51.1304894],[16.9853826,51.1304983],[16.9853814,51.1305072],[16.9853803,51.1305162],[16.9853791,51.1305251],[16.9853779,51.130534],[16.9853767,51.130543],[16.9853755,51.1305519],[16.9853743,51.1305609],[16.9853732,51.1305698],[16.985372,51.1305787],[16.9853708,51.1305877],[16.9853696,51.1305966],[16.9853684,51.1306056],[16.9853672,51.1306145],[16.985366,51.1306234],[16.9853649,51.1306324],[16.9853637,51.1306413],[16.9853625,51.1306502],[16.9853613,51.1306592],[16.9853601,51.1306681],[16.9853589,51.1306771],[16.9853578,51.130686],[16.9853566,51.1306949],[16.9853554,51.1307039],[16.9853542,51.1307128],[16.985353,51.1307217],[16.9853518,51.1307307],[16.9853507,51.1307396],[16.9853495,51.1307486],[16.9853483,51.1307575],[16.9853471,51.1307664],[16.9853459,51.1307754],[16.9853447,51.1307843],[16.9853436,51.1307932],[16.9853424,51.1308022],[16.9853412,51.1308111],[16.98534,51.1308201],[16.9853388,51.130829],[16.9853376,51.1308379],[16.9853365,51.1308469],[16.9853353,51.1308558],[16.9853341,51.1308648],[16.9853329,51.1308737],[16.9853317,51.1308826],[16.9853305,51.1308916],[16.9853294,51.1309005],[16.9853282,51.1309094],[16.985327,51.1309184],[16.9853258,51.1309273],[16.9853246,51.1309363],[16.9853234,51.1309452],[16.9853223,51.1309541],[16.9853211,51.1309631],[16.9853199,51.130972],[16.9853187,51.1309809],[16.9853175,51.1309899],[16.9853163,51.1309988],[16.9853152,51.1310078],[16.985314,51.1310167],[16.9853128,51.1310256],[16.9853116,51.1310346],[16.9853104,51.1310435],[16.9853092,51.1310524],[16.9853052,51.1310882]]}},{"type":"Feature","properties":{"layer":"roads"},"geometry":{"type":"LineString","coordinates":[[16.9841906,51.1309071],[16.9841474,51.1309204],[16.9841057,51.1309393]]}},{"type":"Feature","properties":{"layer":"roads"},"geometry":{"type":"LineString","coordinates":[[16.9841906,51.1309071],[16.9842401,51.1309164],[16.9842529,51.1309201],[16.9842656,51.1309238],[16.9842784,51.1309276],[16.9842912,51.1309313],[16.984304,51.130935],[16.9843167,51.1309387],[16.9843295,51.1309424],[16.9843423,51.1309462],[16.984355,51.1309499],[16.9843678,51.1309536],[16.9843806,51.1309573],[16.9843934,51.1309611],[16.9844061,51.1309648],[16.9844189,51.1309685],[16.9844323,51.1309716],[16.9844456,51.1309747],[16.984459,51.1309778],[16.9844723,51.1309809],[16.9844857,51.1309841],[16.984499,51.1309872],[16.9845124,51.1309903],[16.9845257,51.1309934],[16.9845391,51.1309965],[16.9845525,51.1309978],[16.9845659,51.1309991],[16.9845794,51.1310004],[16.9845928,51.1310017],[16.9846062,51.131003],[16.9846196,51.1310042],[16.984633,51.1310055],[16.9846464,51.1310068],[16.9846599,51.1310081],[16.9846733,51.1310094],[16.9846867,51.1310107],[16.9847006,51.1310114],[16.9847144,51.1310121],[16.9847283,51.1310127],[16.9847422,51.1310134],[16.984756,51.1310141],[16.9847699,51.1310148],[16.9847838,51.1310155],[16.9847976,51.1310161],[16.9848115,51.1310168],[16.9848254,51.1310175],[16.9848392,51.1310182],[16.9848531,51.1310189],[16.9848669,51.1310195],[16.9848808,51.1310202],[16.9848947,51.1310209],[16.9849085,51.1310216],[16.9849224,51.1310223],[16.9849363,51.1310229],[16.9849501,51.1310236],[16.984964,51.1310243],[16.9849765,51.1310278],[16.984989,51.1310313],[16.9850016,51.1310348],[16.9850141,51.1310382],[16.9850266,51.1310417],[16.9850391,51.1310452],[16.9850517,51.1310487],[16.9850642,51.1310522],[16.9850767,51.1310557],[16.9850892,51.1310592],[16.9851017,51.1310626],[16.9851143,51.1310661],[16.9851268,51.1310696],[16.9851393,51.1310731],[16.9851533,51.1310744],[16.9851673,51.1310757],[16.9851813,51.131077],[16.9851953,51.1310783],[16.9852094,51.1310796],[16.9852234,51.1310809],[16.9852374,51.1310822],[16.9852514,51.1310835],[16.9853052,51.1310882]]}},{"type":"Feature","properties":{"layer":"roads"},"geometry":{"type":"LineString","coordinates":[[16.9742566,51.1294435],[16.9742106,51.1294385],[16.9741978,51.129437],[16.974185,51.1294355],[16.9741721,51.1294341],[16.9741593,51.1294326],[16.9741463,51.1294306],[16.9741333,51.1294285],[16.9741203,51.1294265],[16.9741073,51.1294245],[16.9740943,51.1294224],[16.9740813,51.1294204],[16.9740682,51.1294184],[16.9740552,51.1294163],[16.9740422,51.1294143],[16.9740292,51.1294122],[16.9740162,51.1294102],[16.9740032,51.1294082],[16.9739902,51.1294061],[16.9739772,51.1294041],[16.9739638,51.1294015],[16.9739504,51.129399],[16.973937,51.1293964],[16.9739237,51.1293939],[16.9739103,51.1293913],[16.9738969,51.1293888],[16.9738835,51.1293862],[16.9738701,51.1293836],[16.9738567,51.1293811],[16.9738433,51.1293785],[16.97383,51.129376],[16.9738166,51.1293734],[16.9738032,51.1293709],[16.9737898,51.1293683],[16.9737761,51.1293657],[16.9737624,51.1293631],[16.9737487,51.1293605],[16.973735,51.1293579],[16.9737213,51.1293553],[16.9737076,51.1293526],[16.9736939,51.12935],[16.9736802,51.1293474],[16.9736665,51.1293448],[16.9736528,51.1293422],[16.9736391,51.1293396],[16.9736254,51.129337],[16.9736117,51.1293344],[16.973598,51.1293318],[16.9735843,51.1293292],[16.9735706,51.1293266],[16.9735569,51.1293239],[16.9735432,51.1293213],[16.9735295,51.1293187],[16.9735158,51.1293161],[16.9735021,51.1293135],[16.9734884,51.1293109],[16.9734747,51.1293083],[16.973461,51.1293057],[16.9734473,51.1293031],[16.9734336,51.1293005],[16.9734199,51.1292978],[16.9734062,51.1292952],[16.9733925,51.1292926],[16.9733788,51.12929],[16.9733651,51.1292874],[16.9733514,51.1292848],[16.9733381,51.1292825],[16.9733248,51.1292803],[16.9733115,51.129278],[16.9732982,51.1292757],[16.9732849,51.1292734],[16.9732716,51.1292712],[16.9732583,51.1292689],[16.973245,51.1292666],[16.9732316,51.1292643],[16.9732183,51.1292621],[16.973205,51.1292598],[16.9731917,51.1292575],[16.9731784,51.1292553],[16.9731651,51.129253],[16.9731518,51.1292507],[16.9731385,51.1292484],[16.9731252,51.1292462],[16.9731119,51.1292439],[16.9730747,51.1292197]]}},{"type":"Feature","properties":{"layer":"roads"},"geometry":{"type":"LineString","coordinates":[[16.9742566,51.1294435],[16.9742834,51.1294761],[16.9742888,51.1294841],[16.9742942,51.129492],[16.9742995,51.1295],[16.9743049,51.1295079],[16.9743103,51.1295159],[16.9743186,51.1295231],[16.9743269,51.1295302],[16.9743352,51.1295374],[16.9743434,51.1295446],[16.9743517,51.1295518],[16.97436,51.1295589],[16.9743683,51.1295661],[16.9743766,51.1295733],[16.9743849,51.1295805],[16.9743932,51.1295876],[16.9744015,51.1295948],[16.9744097,51.129602],[16.974418,51.1296092],[16.9744263,51.1296163],[16.9744346,51.1296235],[16.9744429,51.1296307],[16.9744512,51.1296379],[16.9744595,51.129645],[16.9744678,51.1296522],[16.974476,51.1296594],[16.9744843,51.1296666],[16.9744926,51.1296737],[16.9745009,51.1296809],[16.9745086,51.1296867],[16.9745164,51.1296925],[16.9745241,51.1296983],[16.9745318,51.1297041],[16.9745396,51.1297099],[16.9745473,51.1297157],[16.9745548,51.129722],[16.9745623,51.1297283],[16.9745698,51.1297345],[16.9745773,51.1297408],[16.9745848,51.1297471],[16.9745923,51.1297534],[16.9746027,51.1297594],[16.9746132,51.1297653],[16.9746236,51.1297713],[16.974634,51.1297772],[16.9746444,51.1297832],[16.9746549,51.1297892],[16.9746653,51.1297951],[16.9746757,51.1298011],[16.9746862,51.129807],[16.9746966,51.129813],[16.974707,51.1298189],[16.9747175,51.1298249],[16.9747279,51.1298309],[16.9747383,51.1298368],[16.9747487,51.1298428],[16.9747592,51.1298487],[16.9747696,51.1298547],[16.9747815,51.1298586],[16.9747934,51.1298626],[16.9748053,51.1298665],[16.9748173,51.1298705],[16.9748292,51.1298744],[16.9748411,51.1298784],[16.974853,51.1298823],[16.9748651,51.1298868],[16.9748771,51.1298913],[16.9748892,51.1298959],[16.9749012,51.1299004],[16.9749133,51.1299049],[16.9749253,51.1299094],[16.9749374,51.129914],[16.9749494,51.1299185],[16.9749615,51.129923],[16.9749715,51.1299284],[16.9749815,51.1299337],[16.9749915,51.129939],[16.9750016,51.1299444],[16.9750116,51.1299498],[16.9750525,51.1299601]]}},{"type":"Feature","properties":{"layer":"roads"},"geometry":{"type":"LineString","coordinates":[[16.9742566,51.1294435],[16.9742459,51.1294113],[16.9742419,51.1294031],[16.9742379,51.1293949],[16.9742339,51.1293866],[16.9742299,51.1293784],[16.9742224,51.1293714],[16.9742149,51.1293644],[16.9742075,51.1293574],[16.9742,51.1293504],[16.9741925,51.1293434],[16.974185,51.1293364],[16.9741775,51.1293294],[16.9741701,51.1293224],[16.9741626,51.1293154],[16.9741551,51.1293084],[16.9741452,51.1293019],[16.9741353,51.1292954],[16.9741254,51.1292889],[16.9741156,51.1292825],[16.9741057,51.129276],[16.9740958,51.1292695],[16.9740859,51.129263],[16.9740748,51.1292582],[16.9740638,51.1292533],[16.9740527,51.1292485],[16.9740416,51.1292436],[16.9740305,51.1292388],[16.9740195,51.1292339],[16.9740084,51.1292291],[16.9739991,51.1292232],[16.9739899,51.1292174],[16.9739806,51.1292115],[16.9739713,51.1292056],[16.973962,51.1291997],[16.9739528,51.1291939],[16.9739435,51.129188],[16.9739347,51.1291815],[16.973926,51.129175],[16.9739172,51.1291685],[16.9739084,51.129162],[16.9738996,51.1291555],[16.9738909,51.129149],[16.9738821,51.1291425],[16.9738733,51.129136],[16.9738646,51.1291295],[16.9738558,51.129123],[16.973847,51.1291165],[16.9738383,51.12911],[16.9738295,51.1291035],[16.9738207,51.129097],[16.9738119,51.1290905],[16.9738032,51.129084],[16.9737944,51.1290775],[16.9737887,51.129071],[16.9737661,51.1290452]]}},{"type":"Feature","properties":{"layer":"roads"},"geometry":{"type":"LineString","coordinates":[[16.9742566,51.1294435],[16.9743022,51.129437],[16.9743157,51.1294345],[16.9743291,51.1294321],[16.9743426,51.1294296],[16.974356,51.1294272],[16.9743693,51.1294256],[16.9743826,51.129424],[16.974396,51.1294223],[16.9744093,51.1294207],[16.9744226,51.1294191],[16.9744359,51.1294175],[16.9744501,51.1294168],[16.9744642,51.1294161],[16.9744784,51.1294154],[16.9744925,51.1294146],[16.9745067,51.1294139],[16.9745208,51.1294132],[16.974535,51.1294125],[16.9745492,51.1294118],[16.9745633,51.1294111],[16.9745775,51.1294103],[16.9745916,51.1294096],[16.9746058,51.1294089],[16.97462,51.1294082],[16.9746341,51.1294075],[16.9746483,51.1294068],[16.9746624,51.129406],[16.9746766,51.1294053],[16.9746908,51.1294046],[16.9747049,51.1294039],[16.9747191,51.1294032],[16.9747332,51.1294025],[16.9747474,51.1294017],[16.9747615,51.129401],[16.9747757,51.1294003],[16.9747894,51.1293996],[16.9748032,51.129399],[16.9748169,51.1293983],[16.9748306,51.1293976],[16.9748444,51.1293969],[16.9748581,51.1293963],[16.9748719,51.1293956],[16.9748856,51.1293949],[16.9748993,51.1293943],[16.9749131,51.1293936],[16.9749268,51.1293929],[16.9749405,51.1293922],[16.9749543,51.1293916],[16.974968,51.1293909],[16.9749818,51.1293902],[16.9749955,51.1293896],[16.9750092,51.1293889],[16.975023,51.1293882],[16.9750367,51.1293876],[16.9750505,51.1293869],[16.9750642,51.1293862],[16.9750779,51.1293855],[16.9750917,51.1293849],[16.9751054,51.1293842],[16.9751196,51.1293836],[16.9751337,51.129383],[16.9751479,51.1293825],[16.9751621,51.1293819],[16.9751762,51.1293813],[16.9751904,51.1293807],[16.9752046,51.1293802],[16.9752187,51.1293796],[16.9752329,51.129379],[16.9752471,51.1293784],[16.9752612,51.1293779],[16.9752754,51.1293773],[16.9752896,51.1293767],[16.9753037,51.1293761],[16.9753179,51.1293756],[16.9753321,51.129375],[16.9753462,51.1293744],[16.9753604,51.1293738],[16.9753746,51.1293732],[16.9753887,51.1293727],[16.9754029,51.1293721],[16.9754171,51.1293715],[16.9754312,51.1293709],[16.9754454,51.1293704],[16.9754596,51.1293698],[16.9754737,51.1293692],[16.9754879,51.1293686],[16.9755021,51.1293681],[16.9755162,51.1293675],[16.9755304,51.1293669],[16.9755446,51.1293663],[16.9755587,51.1293658],[16.9755729,51.1293652],[16.9755871,51.1293646],[16.9756012,51.129364],[16.9756154,51.1293634],[16.9756296,51.1293629],[16.9756437,51.1293623],[16.9756579,51.1293617],[16.9756721,51.1293611],[16.9756862,51.1293606],[16.9757004,51.12936],[16.9757146,51.1293594],[16.9757287,51.1293588],[16.9757429,51.1293583],[16.9757571,51.1293577],[16.9757712,51.1293571],[16.9757854,51.1293565],[16.9757996,51.129356],[16.9758137,51.1293554],[16.9758279,51.1293548],[16.975842,51.1293534],[16.975856,51.1293521],[16.9758701,51.1293507],[16.9758841,51.1293493],[16.9758982,51.129348],[16.9759122,51.1293466],[16.9759263,51.1293452],[16.9759404,51.1293439],[16.9759544,51.1293425],[16.9759685,51.1293411],[16.9759825,51.1293397],[16.9759966,51.1293384],[16.9760107,51.129337],[16.9760247,51.1293356],[16.9760388,51.1293343],[16.9760837,51.1293364]]}},{"type":"Feature","properties":{"layer":"roads"},"geometry":{"type":"LineString","coordinates":[[16.9760837,51.1293364],[16.9760582,51.129366],[16.9760509,51.1293735],[16.9760435,51.1293809],[16.9760362,51.1293884],[16.9760288,51.1293958],[16.9760214,51.1294032],[16.9760141,51.1294107],[16.9760067,51.1294181],[16.9759994,51.1294256],[16.975992,51.129433],[16.9759847,51.1294405],[16.9759773,51.1294479],[16.97597,51.1294554],[16.9759626,51.1294628],[16.9759553,51.1294703],[16.9759479,51.1294777],[16.9759405,51.1294851],[16.9759332,51.1294926],[16.9759258,51.1295],[16.9759185,51.1295075],[16.9759111,51.1295149],[16.9758891,51.1295373],[16.9758729,51.1295513],[16.9758641,51.1295579],[16.9758347,51.1295818]]}},{"type":"Feature","properties":{"layer":"roads"},"geometry":{"type":"LineString","coordinates":[[16.9760837,51.1293364],[16.9761336,51.1293044],[16.9761432,51.1292982],[16.9761529,51.1292921],[16.9761625,51.129286],[16.9761722,51.1292799],[16.9761818,51.1292738],[16.9761915,51.1292677],[16.9761987,51.1292603],[16.9762059,51.129253],[16.9762131,51.1292456],[16.9762203,51.1292382],[16.9762275,51.1292308],[16.9762346,51.1292235],[16.9762418,51.1292161],[16.976249,51.1292087],[16.9762562,51.1292014],[16.9762634,51.129194],[16.9762706,51.1291866],[16.9762778,51.1291792],[16.976285,51.1291719],[16.9762922,51.1291645],[16.9762994,51.1291571],[16.9763065,51.1291498],[16.9763137,51.1291424],[16.9763353,51.1291203],[16.9763779,51.1290946]]}},{"type":"Feature","properties":{"layer":"roads"},"geometry":{"type":"LineString","coordinates":[[16.9760837,51.1293364],[16.9761445,51.1293415],[16.9761568,51.1293446],[16.9761692,51.1293478],[16.9761816,51.129351],[16.9761939,51.1293541],[16.9762063,51.1293573],[16.9762181,51.1293613],[16.9762298,51.1293654],[16.9762416,51.1293694],[16.9762533,51.1293734],[16.9762651,51.1293775],[16.9762768,51.1293815],[16.9762886,51.1293855],[16.9763003,51.1293896],[16.9763121,51.1293936],[16.9763228,51.1293992],[16.9763335,51.1294047],[16.9763443,51.1294103],[16.976355,51.1294159],[16.9763657,51.1294214],[16.9763764,51.129427],[16.9763872,51.1294326],[16.9763979,51.1294381],[16.9764086,51.1294437],[16.976419,51.1294493],[16.9764294,51.1294549],[16.9764398,51.1294605],[16.9764502,51.1294661],[16.9764606,51.1294716],[16.976471,51.1294772],[16.9764814,51.1294828],[16.9764918,51.1294884],[16.9765022,51.129494],[16.9765126,51.1294996],[16.976523,51.1295052],[16.9765334,51.1295108],[16.9765438,51.1295164],[16.9765542,51.1295219],[16.9765646,51.1295275],[16.976575,51.1295331],[16.9765854,51.1295387],[16.9765958,51.1295443],[16.976606,51.1295505],[16.9766163,51.1295566],[16.9766265,51.1295628],[16.9766368,51.1295689],[16.976647,51.1295751],[16.9766572,51.1295813],[16.9766675,51.1295874],[16.9766777,51.1295936],[16.976688,51.1295997],[16.9766982,51.1296059],[16.9767084,51.1296121],[16.9767187,51.1296182],[16.9767289,51.1296244],[16.9767391,51.1296306],[16.9767494,51.1296367],[16.9767596,51.1296429],[16.9767699,51.129649],[16.9767801,51.1296552],[16.9767903,51.1296614],[16.9768006,51.1296675],[16.9768108,51.1296737],[16.9768211,51.1296798],[16.9768313,51.129686],[16.9768415,51.1296922],[16.9768518,51.1296983],[16.976862,51.1297045],[16.9768723,51.1297106],[16.9768825,51.1297168],[16.9768927,51.129723],[16.976903,51.1297291],[16.9769132,51.1297353],[16.9769235,51.1297414],[16.9769337,51.1297476],[16.9769439,51.1297538],[16.9769542,51.1297599],[16.9769644,51.1297661],[16.9769747,51.1297722],[16.9769849,51.1297784],[16.9769951,51.1297846],[16.9770054,51.1297907],[16.9770156,51.1297969],[16.9770258,51.1298031],[16.9770361,51.1298092],[16.9770463,51.1298154],[16.9770566,51.1298215],[16.9770668,51.1298277],[16.977077,51.1298339],[16.9770873,51.12984],[16.9770975,51.1298462],[16.9771078,51.1298523],[16.977118,51.1298585],[16.9771257,51.1298657],[16.9771368,51.1298928]]}},{"type":"Feature","properties":{"layer":"roads"},"geometry":{"type":"LineString","coordinates":[[16.9774223,51.1321335],[16.977447,51.1321075],[16.9774486,51.1320989],[16.9774502,51.1320902],[16.9774518,51.1320816],[16.9774534,51.1320729],[16.9774549,51.1320643],[16.9774565,51.1320557],[16.9774581,51.132047],[16.9774597,51.1320384],[16.9774613,51.1320297],[16.9774629,51.1320211],[16.9774644,51.1320124],[16.977466,51.1320038],[16.9774676,51.1319951],[16.9774692,51.1319865],[16.9774708,51.1319778],[16.9774724,51.1319692],[16.9774739,51.1319606],[16.9774755,51.1319519],[16.9774771,51.1319433],[16.9774787,51.1319346],[16.9774803,51.131926],[16.9774819,51.1319173],[16.9774834,51.1319087],[16.977485,51.1319],[16.9774866,51.1318914],[16.9774888,51.1318825],[16.977491,51.1318737],[16.9774932,51.1318648],[16.9774954,51.131856],[16.9774976,51.1318471],[16.9774998,51.1318383],[16.977502,51.1318294],[16.9775042,51.1318206],[16.9775064,51.1318117],[16.9775085,51.1318029],[16.9775107,51.131794],[16.9775129,51.1317852],[16.9775151,51.1317763],[16.9775173,51.1317675],[16.9775195,51.1317586],[16.9775217,51.1317498],[16.9775239,51.1317409],[16.9775261,51.1317321],[16.9775283,51.1317232],[16.9775305,51.1317144],[16.9775327,51.1317055],[16.9775349,51.1316967],[16.9775371,51.1316878],[16.9775393,51.131679],[16.9775415,51.1316701],[16.9775437,51.1316613],[16.9775459,51.1316524],[16.977548,51.1316436],[16.9775502,51.1316347],[16.9775524,51.1316259],[16.9775546,51.131617],[16.9775568,51.1316082],[16.977559,51.1315993],[16.9775612,51.1315905],[16.9775634,51.1315816],[16.9775656,51.1315728],[16.9775678,51.1315639],[16.9775696,51.1315551],[16.9775714,51.1315462],[16.9775732,51.1315374],[16.9775749,51.1315285],[16.9775767,51.1315197],[16.9775785,51.1315109],[16.9775803,51.131502],[16.9775821,51.1314932],[16.9775839,51.1314843],[16.9775857,51.1314755],[16.9775875,51.1314667],[16.9775892,51.1314578],[16.977591,51.131449],[16.9775928,51.1314401],[16.9775946,51.1314313],[16.9775964,51.1314225],[16.9775982,51.1314136],[16.9776,51.1314048],[16.9776017,51.1313959],[16.9776035,51.1313871],[16.9776053,51.1313782],[16.9776071,51.1313694],[16.9776089,51.1313606],[16.9776107,51.1313517],[16.9776125,51.1313429],[16.9776142,51.131334],[16.977616,51.1313252],[16.9776178,51.1313164],[16.9776196,51.1313075],[16.9776214,51.1312987],[16.9776232,51.1312898],[16.977625,51.131281],[16.9776268,51.1312722],[16.9776285,51.1312633],[16.9776303,51.1312545],[16.9776321,51.1312456],[16.9776339,51.1312368],[16.9776355,51.1312279],[16.9776372,51.131219],[16.9776388,51.1312102],[16.9776405,51.1312013],[16.9776421,51.1311924],[16.9776438,51.1311835],[16.9776454,51.1311746],[16.9776471,51.1311657],[16.9776487,51.1311569],[16.9776504,51.131148],[16.977652,51.1311391],[16.9776537,51.1311302],[16.9776553,51.1311213],[16.977657,51.1311124],[16.9776586,51.1311036],[16.9776603,51.1310947],[16.9776619,51.1310858],[16.9776636,51.1310769],[16.9776652,51.131068],[16.9776495,51.1310389]]}},{"type":"Feature","properties":{"layer":"roads"},"geometry":{"type":"LineString","coordinates":[[16.9774223,51.1321335],[16.9773761,51.1321155],[16.9773695,51.1321078],[16.9773629,51.1321002],[16.9773583,51.1320922],[16.9773536,51.1320842],[16.977349,51.1320762],[16.9773443,51.1320683],[16.9773397,51.1320603],[16.9773351,51.1320523],[16.9773304,51.1320443],[16.9773258,51.1320363],[16.9773211,51.1320283],[16.9773165,51.1320204],[16.9773118,51.1320124],[16.9773072,51.1320044],[16.9773029,51.1319968],[16.9772987,51.1319892],[16.9772944,51.1319816],[16.9772902,51.131974],[16.9772859,51.1319664],[16.9772817,51.1319588],[16.9772774,51.1319512],[16.9772732,51.1319436],[16.9772689,51.131936],[16.9772634,51.1319278],[16.9772578,51.1319195],[16.9772523,51.1319113],[16.9772467,51.131903],[16.9772412,51.1318948],[16.9772356,51.1318866],[16.9772301,51.1318783],[16.9772245,51.1318701],[16.977219,51.1318619],[16.9772134,51.1318536],[16.9772079,51.1318454],[16.9772023,51.1318371],[16.9771968,51.1318289],[16.9771905,51.1318215],[16.9771842,51.131814],[16.9771779,51.1318066],[16.9771716,51.1317992],[16.9771653,51.1317918],[16.977159,51.1317843],[16.9771527,51.1317769],[16.9771464,51.1317695],[16.9771401,51.1317621],[16.9771338,51.1317546],[16.9771275,51.1317472],[16.9771206,51.1317402],[16.9771136,51.1317331],[16.9771067,51.1317261],[16.9770678,51.1317052]]}},{"type":"Feature","properties":{"layer":"roads"},"geometry":{"type":"LineString","coordinates":[[16.9774223,51.1321335],[16.9774322,51.1321776],[16.97743,51.1321865],[16.9774279,51.1321954],[16.9774258,51.1322043],[16.9774236,51.1322132],[16.9774215,51.132222],[16.9774194,51.1322309],[16.9774172,51.1322398],[16.9774151,51.1322487],[16.977413,51.1322576],[16.9774108,51.1322665],[16.9774087,51.1322753],[16.9774066,51.1322842],[16.9774044,51.1322931],[16.9774023,51.132302],[16.9774002,51.1323109],[16.977398,51.1323198],[16.9773959,51.1323286],[16.9773937,51.1323375],[16.9773916,51.1323464],[16.9773895,51.1323553],[16.9773873,51.1323642],[16.9773852,51.1323731],[16.9773831,51.1323819],[16.9773809,51.1323908],[16.9773788,51.1323997],[16.9773767,51.1324086],[16.9773745,51.1324175],[16.9773724,51.1324264],[16.9773703,51.1324352],[16.9773681,51.1324441],[16.977366,51.132453],[16.9773639,51.1324619],[16.9773617,51.1324708],[16.9773441,51.1325074]]}},{"type":"Feature","properties":{"layer":"roads"},"geometry":{"type":"LineString","coordinates":[[16.9776495,51.1310389],[16.9776065,51.1310427],[16.9775934,51.1310447],[16.9775804,51.1310468],[16.9775673,51.1310488],[16.9775548,51.1310526],[16.9775423,51.1310565],[16.9775298,51.1310603],[16.9775172,51.1310642],[16.9775047,51.131068],[16.9774922,51.1310719],[16.9774797,51.1310757],[16.9774672,51.1310796],[16.9774547,51.1310834],[16.9774422,51.1310873],[16.9774296,51.1310911],[16.9774171,51.1310949],[16.9774046,51.1310988],[16.9773921,51.1311026],[16.9773796,51.1311065],[16.9773671,51.1311103],[16.9773545,51.1311142],[16.977342,51.131118],[16.9773295,51.1311219],[16.977317,51.1311257],[16.9773045,51.1311296],[16.9772919,51.1311336],[16.9772794,51.1311375],[16.9772668,51.1311415],[16.9772543,51.1311454],[16.9772417,51.1311493],[16.9772292,51.1311533],[16.9772166,51.1311572],[16.9772041,51.1311611],[16.9771916,51.1311651],[16.9771343,51.1311804]]}},{"type":"Feature","properties":{"layer":"roads"},"geometry":{"type":"LineString","coordinates":[[16.9776495,51.1310389],[16.9776777,51.1310008],[16.9776792,51.1309929],[16.9776806,51.1309849],[16.9776821,51.130977],[16.9776853,51.1309684],[16.9776886,51.1309597],[16.9776918,51.1309511],[16.977695,51.1309424],[16.9776982,51.1309338],[16.9777015,51.1309251],[16.9777047,51.1309165],[16.9777084,51.1309083],[16.9777121,51.1309001],[16.9777158,51.130892],[16.9777195,51.1308838],[16.9777232,51.1308756],[16.9777268,51.1308674],[16.9777305,51.1308592],[16.9777342,51.1308511],[16.9777379,51.1308429],[16.9777416,51.1308347],[16.9777446,51.1308265],[16.9777567,51.1307936]]}},{"type":"Feature","properties":{"layer":"roads"},"geometry":{"type":"LineString","coordinates":[[16.9718669,51.1308652],[16.9717875,51.1308912]]}},{"type":"Feature","properties":{"layer":"roads"},"geometry":{"type":"LineString","coordinates":[[16.9718669,51.1308652],[16.9718405,51.1308386],[16.9718408,51.1308298],[16.9718411,51.1308209],[16.9718413,51.130812],[16.9718398,51.1308031],[16.9718383,51.1307943],[16.9718368,51.1307854],[16.9718352,51.1307766],[16.9718337,51.1307677],[16.9718322,51.1307589],[16.9718307,51.13075],[16.9718292,51.1307412],[16.9718277,51.1307323],[16.9718261,51.1307235],[16.9718246,51.1307146],[16.9718231,51.1307058],[16.9718216,51.1306969],[16.9718201,51.1306881],[16.9718186,51.1306792],[16.971817,51.1306704],[16.9718155,51.1306615],[16.971814,51.1306527],[16.9718125,51.1306438],[16.971811,51.130635],[16.9718095,51.1306261],[16.971808,51.1306173],[16.9718064,51.1306084],[16.9718049,51.1305996],[16.9718034,51.1305907],[16.9718019,51.1305819],[16.9718004,51.130573],[16.9717989,51.1305642],[16.9717973,51.1305553],[16.9717958,51.1305465],[16.9717943,51.1305376],[16.9717928,51.1305288],[16.9717913,51.1305199],[16.9717898,51.1305111],[16.9717882,51.1305022],[16.9717867,51.1304934],[16.9717852,51.1304845],[16.9717837,51.1304757],[16.9717822,51.1304668],[16.9717807,51.130458],[16.9717792,51.1304491],[16.9717776,51.1304402],[16.9717761,51.1304314],[16.9717746,51.1304225],[16.9717731,51.1304137],[16.9717716,51.1304048],[16.9717701,51.130396],[16.9717685,51.1303871],[16.971767,51.1303783],[16.9717655,51.1303694],[16.971764,51.1303606],[16.9717625,51.1303517],[16.971761,51.1303429],[16.9717594,51.130334],[16.9717579,51.1303252],[16.9717564,51.1303163],[16.9717549,51.1303075],[16.9717534,51.1302986],[16.9717519,51.1302898],[16.9717503,51.1302809],[16.9717488,51.1302721],[16.9717473,51.1302632],[16.9717458,51.1302544],[16.9717443,51.1302455],[16.9717428,51.1302367],[16.9717413,51.1302278],[16.9717397,51.130219],[16.9717382,51.1302101],[16.9717367,51.1302013],[16.9717352,51.1301924],[16.9717337,51.1301836],[16.9717322,51.1301747],[16.9717306,51.1301659],[16.9717291,51.130157],[16.9717276,51.1301482],[16.9717261,51.1301393],[16.9717246,51.1301305],[16.9717231,51.1301216],[16.9717215,51.1301128],[16.97172,51.1301039],[16.9717185,51.1300951],[16.971717,51.1300862],[16.9717156,51.1300773],[16.9717142,51.1300685],[16.9717129,51.1300596],[16.9717115,51.1300508],[16.9717101,51.1300419],[16.9717087,51.1300331],[16.9717074,51.1300242],[16.971706,51.1300154],[16.9717046,51.1300065],[16.9717032,51.1299977],[16.9717019,51.1299888],[16.9717005,51.12998],[16.9716991,51.1299711],[16.9716977,51.1299623],[16.9716964,51.1299534],[16.971695,51.1299446],[16.9716936,51.1299357],[16.9716922,51.1299269],[16.9716909,51.129918],[16.9716895,51.1299091],[16.9716881,51.1299003],[16.9716867,51.1298914],[16.9716853,51.1298826],[16.971684,51.1298737],[16.9716826,51.1298649],[16.9716812,51.129856],[16.9716798,51.1298472],[16.9716785,51.1298383],[16.9716771,51.1298295],[16.9716757,51.1298206],[16.9716743,51.1298118],[16.971673,51.1298029],[16.9716716,51.1297941],[16.9716702,51.1297852],[16.9716688,51.1297764],[16.9716717,51.1297415]]}},{"type":"Feature","properties":{"layer":"roads"},"geometry":{"type":"LineString","coordinates":[[16.9716717,51.1297415],[16.9716556,51.129715],[16.9716533,51.1297063],[16.971651,51.1296976],[16.9716488,51.129689],[16.9716465,51.1296803],[16.9716374,51.1296455]]}},{"type":"Feature","properties":{"layer":"roads"},"geometry":{"type":"LineString","coordinates":[[16.9716717,51.1297415],[16.9717157,51.1297348],[16.9717285,51.1297311],[16.9717412,51.1297273],[16.971754,51.1297236],[16.9718078,51.129715]]}},{"type":"Feature","properties":{"layer":"roads"},"geometry":{"type":"LineString","coordinates":[[16.9804518,51.1309372],[16.9805149,51.1309175],[16.9805268,51.1309131],[16.9805387,51.1309086],[16.9805505,51.1309042],[16.9805624,51.1308997],[16.9805742,51.1308953],[16.9805861,51.1308909],[16.980598,51.1308864],[16.9806098,51.130882],[16.9806217,51.1308775],[16.9806335,51.1308731],[16.9806454,51.1308686],[16.9806573,51.1308642],[16.9806691,51.1308597],[16.980681,51.1308553],[16.9806928,51.1308508],[16.9807047,51.1308464],[16.9807164,51.1308421],[16.9807281,51.1308378],[16.9807398,51.1308335],[16.9807516,51.1308292],[16.9807633,51.1308248],[16.980775,51.1308205],[16.9807867,51.1308162],[16.9807984,51.1308119],[16.9808101,51.1308076],[16.9808218,51.1308033],[16.9808335,51.130799],[16.9808452,51.1307946],[16.980857,51.1307903],[16.9808687,51.130786],[16.9808804,51.1307817],[16.9808921,51.1307774],[16.9809048,51.1307733],[16.9809176,51.1307693],[16.9809303,51.1307652],[16.9809431,51.1307611],[16.9809558,51.130757],[16.9809686,51.130753],[16.9809813,51.1307489],[16.9809941,51.1307448],[16.9810068,51.1307408],[16.9810196,51.1307367],[16.9810323,51.1307326],[16.981045,51.1307286],[16.9810578,51.1307245],[16.9810705,51.1307204],[16.9810833,51.1307163],[16.981096,51.1307123],[16.9811088,51.1307082],[16.9811215,51.1307041],[16.9811343,51.1307001],[16.981147,51.130696],[16.9811598,51.1306919],[16.9811725,51.1306878],[16.9811853,51.1306838],[16.981198,51.1306797],[16.9812105,51.1306762],[16.981223,51.1306726],[16.9812355,51.1306691],[16.981248,51.1306655],[16.9812604,51.130662],[16.9812729,51.1306584],[16.9812854,51.1306549],[16.9812979,51.1306514],[16.9813104,51.1306478],[16.9813229,51.1306443],[16.9813354,51.1306407],[16.9813478,51.1306372],[16.9813603,51.1306336],[16.9813728,51.1306301],[16.9813853,51.1306265],[16.9813978,51.130623],[16.9814111,51.13062],[16.9814245,51.1306169],[16.9814378,51.1306139],[16.9814511,51.1306109],[16.9814644,51.1306078],[16.9814778,51.1306048],[16.9814911,51.1306018],[16.9815044,51.1305987],[16.9815177,51.1305957],[16.9815311,51.1305927],[16.9815444,51.1305896],[16.9815577,51.1305866],[16.981571,51.1305836],[16.9815844,51.1305805],[16.9815977,51.1305775],[16.9816107,51.1305758],[16.9816236,51.1305741],[16.9816366,51.1305724],[16.9816495,51.1305707],[16.9816625,51.1305689],[16.9816755,51.1305672],[16.9816884,51.1305655],[16.9817362,51.1305601]]}},{"type":"Feature","properties":{"layer":"roads"},"geometry":{"type":"LineString","coordinates":[[16.9804518,51.1309372],[16.9805186,51.1309504],[16.9805313,51.1309542],[16.9805441,51.130958],[16.9805568,51.1309618],[16.9805951,51.1309731],[16.9806348,51.1309912]]}},{"type":"Feature","properties":{"layer":"roads"},"geometry":{"type":"LineString","coordinates":[[16.9804518,51.1309372],[16.9803967,51.1309284],[16.9803826,51.1309271],[16.9803684,51.1309257],[16.9803542,51.1309243],[16.9803401,51.130923],[16.9803259,51.1309216],[16.9803118,51.1309202],[16.9802976,51.1309188],[16.9802835,51.1309175],[16.9802693,51.1309161],[16.9802559,51.1309134],[16.9802425,51.1309106],[16.9802291,51.1309079],[16.9802157,51.1309051],[16.9802023,51.1309024],[16.9801889,51.1308996],[16.9801755,51.1308969],[16.980162,51.1308942],[16.9801486,51.1308914],[16.9801352,51.1308887],[16.9801218,51.1308859],[16.9801084,51.1308832],[16.980095,51.1308805],[16.9800816,51.1308777],[16.9800682,51.130875],[16.9800548,51.1308722],[16.9800414,51.1308695],[16.980028,51.1308667],[16.9800146,51.130864],[16.9800012,51.1308613],[16.9799878,51.1308585],[16.9799743,51.1308558],[16.9799609,51.130853],[16.9799475,51.1308503],[16.9799341,51.1308475],[16.9799207,51.1308448],[16.9799073,51.1308421],[16.9798939,51.1308393],[16.9798805,51.1308366],[16.9798671,51.1308338],[16.9798537,51.1308311],[16.9798403,51.1308284],[16.9798269,51.1308256],[16.9798135,51.1308229],[16.9798001,51.1308201],[16.9797866,51.1308174],[16.9797732,51.1308146],[16.9797598,51.1308119],[16.9797464,51.1308092],[16.979733,51.1308064],[16.9797196,51.1308037],[16.9797062,51.1308009],[16.9796928,51.1307982],[16.9796794,51.1307954],[16.979666,51.1307927],[16.9796526,51.13079],[16.9796392,51.1307872],[16.9796258,51.1307845],[16.9796124,51.1307817],[16.9795989,51.130779],[16.9795855,51.1307763],[16.9795721,51.1307735],[16.9795587,51.1307708],[16.9795453,51.130768],[16.9795319,51.1307653],[16.9795185,51.1307625],[16.9795051,51.1307598],[16.9794919,51.1307582],[16.9794787,51.1307565],[16.9794654,51.1307549],[16.9794522,51.1307532],[16.979439,51.1307516],[16.9794258,51.13075],[16.9794125,51.1307483],[16.9793509,51.1307392]]}},{"type":"Feature","properties":{"layer":"roads"},"geometry":{"type":"LineString","coordinates":[[16.9804518,51.1309372],[16.9804081,51.1309586],[16.9803962,51.1309632],[16.9803843,51.1309679],[16.9803724,51.1309726],[16.9803605,51.1309772],[16.9803486,51.1309819],[16.9803367,51.1309865],[16.9803248,51.1309912],[16.9803129,51.1309959],[16.980301,51.1310005],[16.9802892,51.1310052],[16.9802773,51.1310098],[16.9802654,51.1310145],[16.9802535,51.1310191],[16.9802416,51.1310238],[16.9802315,51.1310298],[16.9802214,51.1310357],[16.9802113,51.1310417],[16.9802012,51.1310476],[16.9801911,51.1310536],[16.980181,51.1310596],[16.9801709,51.1310655],[16.9801608,51.1310715],[16.9801507,51.1310774],[16.9801406,51.1310834],[16.9801305,51.1310893],[16.9801204,51.1310953],[16.9801103,51.1311013],[16.9801002,51.1311072],[16.98009,51.1311132],[16.9800799,51.1311191],[16.9800698,51.1311251],[16.9800597,51.1311311],[16.9800496,51.131137],[16.9800395,51.131143],[16.9800294,51.1311489],[16.9800193,51.1311549],[16.9800092,51.1311608],[16.9799991,51.1311668],[16.979989,51.1311728],[16.9799789,51.1311787],[16.9799688,51.1311847],[16.9799587,51.1311906],[16.9799486,51.1311966],[16.9799395,51.1312034],[16.9799304,51.1312102],[16.9799213,51.1312171],[16.9799122,51.1312239],[16.9799031,51.1312307],[16.979894,51.1312375],[16.9798849,51.1312443],[16.9798758,51.1312512],[16.9798667,51.131258],[16.9798576,51.1312648],[16.9798485,51.1312716],[16.9798394,51.1312784],[16.9798303,51.1312852],[16.9798212,51.1312921],[16.9798121,51.1312989],[16.979803,51.1313057],[16.9797939,51.1313125],[16.9797847,51.1313193],[16.9797756,51.1313262],[16.9797665,51.131333],[16.9797574,51.1313398],[16.9797483,51.1313466],[16.9797392,51.1313534],[16.9797301,51.1313603],[16.979721,51.1313671],[16.9797119,51.1313739],[16.9797028,51.1313807],[16.9796937,51.1313875],[16.9796846,51.1313943],[16.9796755,51.1314012],[16.9796664,51.131408],[16.9796573,51.1314148],[16.9796482,51.1314216],[16.9796391,51.1314284],[16.97963,51.1314353],[16.9796209,51.1314421],[16.9796118,51.1314489],[16.9796027,51.1314557],[16.9795936,51.1314625],[16.9795845,51.1314694],[16.9795754,51.1314762],[16.9795663,51.131483],[16.9795572,51.1314898],[16.9795481,51.1314966],[16.979539,51.1315034],[16.9795299,51.1315103],[16.9795208,51.1315171],[16.9795117,51.1315239],[16.9795026,51.1315307],[16.9794935,51.1315375],[16.9794844,51.1315444],[16.9794752,51.1315512],[16.9794661,51.131558],[16.979457,51.1315648],[16.9794479,51.1315716],[16.9794388,51.1315785],[16.9794297,51.1315853],[16.9794206,51.1315921],[16.9794115,51.1315989],[16.9794024,51.1316057],[16.9793933,51.1316125],[16.9793842,51.1316194],[16.9793751,51.1316262],[16.979366,51.131633],[16.9793569,51.1316398],[16.9793478,51.1316466],[16.9793387,51.1316535],[16.9793296,51.1316603],[16.9793205,51.1316671],[16.9793107,51.1316726],[16.9792724,51.1316896]]}},{"type":"Feature","properties":{"layer":"roads"},"geometry":{"type":"LineString","coordinates":[[16.9792724,51.1316896],[16.9792593,51.1316606],[16.9792563,51.1316522],[16.9792532,51.1316437],[16.9792502,51.1316352],[16.9792472,51.1316268],[16.9792442,51.1316183],[16.9792412,51.1316098],[16.9792381,51.1316013],[16.9792351,51.1315929],[16.9792321,51.1315844],[16.9792291,51.1315759],[16.979226,51.1315675],[16.979223,51.131559],[16.9792182,51.1315515],[16.9792134,51.1315439],[16.9792085,51.1315364],[16.9792037,51.1315289],[16.9791989,51.1315213],[16.9791941,51.1315138],[16.9791893,51.1315063],[16.9791844,51.1314988],[16.9791796,51.1314912],[16.9791748,51.1314837],[16.9791695,51.1314756],[16.9791641,51.1314676],[16.9791588,51.1314595],[16.9791534,51.1314515],[16.9791481,51.1314434],[16.9791427,51.1314354],[16.9791374,51.1314273],[16.9791287,51.1314204],[16.97912,51.1314134],[16.9791113,51.1314065],[16.9791027,51.1313995],[16.979094,51.1313926],[16.9790853,51.1313857],[16.9790766,51.1313787],[16.9790679,51.1313718],[16.9790592,51.1313649],[16.9790506,51.1313579],[16.9790419,51.131351],[16.9790332,51.131344],[16.9790245,51.1313371],[16.9790153,51.1313303],[16.9790062,51.1313236],[16.978997,51.1313168],[16.9789879,51.1313101],[16.9789787,51.1313033],[16.9789696,51.1312965],[16.9789604,51.1312898],[16.9789513,51.131283],[16.9789421,51.1312763],[16.978933,51.1312695],[16.9789238,51.1312627],[16.9789147,51.131256],[16.9789055,51.1312492],[16.9788964,51.1312425],[16.9788872,51.1312357],[16.9788797,51.1312292],[16.9788722,51.1312228],[16.9788647,51.1312163],[16.9788571,51.1312099],[16.9788496,51.1312034],[16.9788421,51.131197],[16.9788346,51.1311905],[16.9788262,51.1311833],[16.9788178,51.1311761],[16.9788095,51.1311689],[16.9788011,51.1311617],[16.9787927,51.1311545],[16.9787843,51.1311473],[16.9787759,51.13114],[16.9787676,51.1311328],[16.9787592,51.1311256],[16.9787508,51.1311184],[16.9787424,51.1311112],[16.978734,51.131104],[16.9787257,51.1310968],[16.9787173,51.1310896],[16.9787089,51.1310824],[16.9787005,51.1310752],[16.9786922,51.131068],[16.9786838,51.1310608],[16.9786754,51.1310535],[16.978667,51.1310463],[16.9786586,51.1310391],[16.9786503,51.1310319],[16.9786419,51.1310247],[16.9786335,51.1310175],[16.9786263,51.1310108],[16.9786191,51.131004],[16.9786119,51.1309973],[16.9786047,51.1309905],[16.9785975,51.1309838],[16.9785903,51.130977],[16.9785831,51.1309703],[16.9785759,51.1309635],[16.9785687,51.1309568],[16.9785595,51.1309499],[16.9785503,51.1309431],[16.9785411,51.1309362],[16.978532,51.1309294],[16.9785192,51.1308999]]}},{"type":"Feature","properties":{"layer":"roads"},"geometry":{"type":"LineString","coordinates":[[16.9792724,51.1316896],[16.979291,51.1317277],[16.9792959,51.131736],[16.9793008,51.1317444],[16.9793057,51.1317527],[16.9793106,51.131761],[16.9793155,51.1317693],[16.9793204,51.1317776],[16.9793253,51.1317859],[16.9793302,51.1317942],[16.9793351,51.1318025],[16.97934,51.1318108],[16.9793449,51.1318191],[16.9793498,51.1318274],[16.9793547,51.1318358],[16.9793597,51.1318441],[16.9793646,51.1318524],[16.9793695,51.1318607],[16.9793744,51.131869],[16.9793793,51.1318773],[16.9793842,51.1318856],[16.9793891,51.1318939],[16.979394,51.1319022],[16.9793989,51.1319105],[16.9794038,51.1319188],[16.9794087,51.1319271],[16.9794136,51.1319355],[16.9794185,51.1319438],[16.9794234,51.1319521],[16.9794283,51.1319604],[16.9794332,51.1319687],[16.9794381,51.131977],[16.9794402,51.1319848],[16.9794422,51.1319927],[16.9794443,51.1320005],[16.9794464,51.1320083],[16.9794513,51.1320156],[16.9794561,51.132023],[16.9794609,51.1320303],[16.9794658,51.1320376],[16.9794706,51.132045],[16.9794755,51.1320523],[16.9794832,51.1320596],[16.9794908,51.1320668],[16.9794985,51.132074],[16.9795061,51.1320813],[16.9795138,51.1320885],[16.9795215,51.1320958],[16.9795291,51.132103],[16.9795368,51.1321103],[16.9795445,51.1321176],[16.9795521,51.1321248],[16.9795598,51.1321321],[16.9795674,51.1321393],[16.9795751,51.1321466],[16.9795828,51.1321538],[16.9795904,51.1321611],[16.9795981,51.1321683],[16.9796057,51.1321755],[16.9796221,51.1322074]]}},{"type":"Feature","properties":{"layer":"roads"},"geometry":{"type":"LineString","coordinates":[[16.9792724,51.1316896],[16.9792299,51.1317177],[16.9792195,51.1317235],[16.9792091,51.1317293],[16.9791987,51.1317351],[16.9791883,51.1317408],[16.9791779,51.1317466],[16.9791676,51.1317524],[16.9791572,51.1317582],[16.9791468,51.131764],[16.9791364,51.1317698],[16.979126,51.1317756],[16.9791156,51.1317814],[16.9791053,51.1317872],[16.9790949,51.131793],[16.9790845,51.1317988],[16.9790741,51.1318046],[16.9790637,51.1318104],[16.9790533,51.1318162],[16.979043,51.131822],[16.9790326,51.1318278],[16.9790222,51.1318335],[16.9790118,51.1318393],[16.9790014,51.1318451],[16.978991,51.1318509],[16.9789807,51.1318567],[16.9789703,51.1318625],[16.9789599,51.1318683],[16.9789495,51.1318741],[16.9789372,51.1318786],[16.9789249,51.1318831],[16.9789125,51.1318876],[16.9789002,51.1318921],[16.9788879,51.1318966],[16.9788756,51.1319011],[16.9788633,51.1319057],[16.9788509,51.1319102],[16.9788386,51.1319147],[16.9788263,51.1319192],[16.978814,51.1319237],[16.9788017,51.1319282],[16.9787894,51.1319327],[16.978777,51.1319372],[16.9787647,51.1319417],[16.9787524,51.1319462],[16.9787401,51.1319507],[16.9787278,51.1319552],[16.9787154,51.1319598],[16.9787031,51.1319643],[16.9786908,51.1319688],[16.9786785,51.1319733],[16.9786662,51.1319778],[16.9786538,51.1319823],[16.9786415,51.1319868],[16.9786292,51.1319913],[16.9786169,51.1319958],[16.9786046,51.1320003],[16.9785923,51.1320048],[16.9785799,51.1320093],[16.9785676,51.1320139],[16.9785553,51.1320184],[16.978543,51.1320229],[16.9785307,51.1320274],[16.9785183,51.1320319],[16.978506,51.1320364],[16.9784937,51.1320409],[16.978481,51.1320448],[16.9784683,51.1320487],[16.9784556,51.1320526],[16.9784429,51.1320565],[16.9784302,51.1320604],[16.9784175,51.1320643],[16.9784048,51.1320682],[16.9783921,51.1320721],[16.9783794,51.132076],[16.9783667,51.1320799],[16.9783541,51.1320837],[16.9783414,51.1320876],[16.9783287,51.1320915],[16.978316,51.1320954],[16.9783033,51.1320993],[16.9782906,51.1321032],[16.9782779,51.1321071],[16.9782652,51.132111],[16.9782525,51.1321149],[16.9782398,51.1321188],[16.9782271,51.1321227],[16.9782144,51.1321266],[16.9782016,51.1321297],[16.9781888,51.1321329],[16.9781761,51.132136],[16.9781633,51.1321391],[16.9781166,51.1321557]]}},{"type":"Feature","properties":{"layer":"roads"},"geometry":{"type":"LineString","coordinates":[[16.9782351,51.130314],[16.9782824,51.1302938],[16.9782942,51.1302887],[16.978306,51.1302836],[16.9783178,51.1302786],[16.9783296,51.1302735],[16.9783415,51.1302685],[16.9783533,51.1302634],[16.9783651,51.1302584],[16.9783769,51.1302533],[16.9783873,51.1302476],[16.9783978,51.1302419],[16.9784082,51.1302362],[16.9784187,51.1302305],[16.9784291,51.1302248],[16.9784396,51.1302191],[16.97845,51.1302134],[16.9784605,51.1302077],[16.9784709,51.130202],[16.9784814,51.1301963],[16.9784918,51.1301906],[16.9785023,51.1301849],[16.9785127,51.1301792],[16.9785232,51.1301735],[16.9785336,51.1301677],[16.9785441,51.130162],[16.9785545,51.1301563],[16.978565,51.1301506],[16.9785754,51.1301449],[16.9785859,51.1301392],[16.9785963,51.1301335],[16.9786068,51.1301278],[16.9786172,51.1301221],[16.9786277,51.1301164],[16.9786381,51.1301107],[16.9786486,51.130105],[16.978659,51.1300993],[16.9786695,51.1300936],[16.9786799,51.1300879],[16.9786907,51.1300821],[16.9787015,51.1300764],[16.9787123,51.1300706],[16.9787231,51.1300649],[16.9787338,51.1300591],[16.9787446,51.1300534],[16.9787554,51.1300476],[16.9787662,51.1300418],[16.978777,51.1300361],[16.9787878,51.1300303],[16.9787986,51.1300246],[16.9788094,51.1300188],[16.9788202,51.1300131],[16.9788309,51.1300073],[16.9788417,51.1300015],[16.9788525,51.1299958],[16.9788633,51.12999],[16.9788741,51.1299843],[16.9788849,51.1299785],[16.9788957,51.1299728],[16.9789065,51.129967],[16.9789173,51.1299612],[16.9789281,51.1299555],[16.9789388,51.1299497],[16.9789496,51.129944],[16.9789604,51.1299382],[16.9789712,51.1299325],[16.978982,51.1299267],[16.9789938,51.129922],[16.9790056,51.1299172],[16.9790175,51.1299125],[16.9790293,51.1299078],[16.9790411,51.129903],[16.9790529,51.1298983],[16.9790647,51.1298935],[16.9790766,51.1298888],[16.9790884,51.1298841],[16.9791002,51.1298793],[16.979112,51.1298746],[16.9791239,51.1298699],[16.9791357,51.1298651],[16.9791475,51.1298604],[16.9791593,51.1298556],[16.9791711,51.1298509],[16.979183,51.1298462],[16.9791948,51.1298414],[16.9792066,51.1298367],[16.9792185,51.1298324],[16.9792304,51.1298281],[16.9792423,51.1298237],[16.9792542,51.1298194],[16.9792661,51.1298151],[16.979278,51.1298108],[16.9792899,51.1298065],[16.9793018,51.1298022],[16.9793137,51.1297978],[16.9793256,51.1297935],[16.9793375,51.1297892],[16.9793494,51.1297849],[16.9793614,51.1297809],[16.9793735,51.129777],[16.9793855,51.129773],[16.9793976,51.129769],[16.9794096,51.1297651],[16.9794217,51.1297611],[16.9794337,51.1297571],[16.9794458,51.1297531],[16.9794578,51.1297492],[16.9794699,51.1297452],[16.9794819,51.1297412],[16.979494,51.1297373],[16.979506,51.1297333],[16.9795178,51.1297294],[16.9795295,51.1297255],[16.9795577,51.1297044]]}},{"type":"Feature","properties":{"layer":"roads"},"geometry":{"type":"LineString","coordinates":[[16.9795577,51.1297044],[16.9795131,51.1296841],[16.9795006,51.1296804],[16.979488,51.1296768],[16.9794755,51.1296731],[16.979463,51.1296694],[16.9794504,51.1296658],[16.9794379,51.1296621],[16.9794254,51.1296585],[16.9794128,51.1296548],[16.9794003,51.1296512],[16.9793878,51.1296475],[16.9793752,51.1296439],[16.9793627,51.1296402],[16.9793503,51.1296359],[16.979338,51.1296316],[16.9793256,51.1296273],[16.9793133,51.129623],[16.9793009,51.1296187],[16.9792886,51.1296144],[16.9792762,51.1296101],[16.9792639,51.1296058],[16.9792515,51.1296015],[16.9792388,51.1295977],[16.9792261,51.1295939],[16.9792134,51.1295902],[16.9792007,51.1295864],[16.9791879,51.1295826],[16.9791752,51.1295788],[16.9791625,51.1295751],[16.9791498,51.1295713],[16.9791371,51.1295675],[16.9791244,51.1295637],[16.9791117,51.12956],[16.979099,51.1295562],[16.9790862,51.1295524],[16.9790735,51.1295486],[16.9790608,51.1295449],[16.9790481,51.1295411],[16.9790354,51.1295373],[16.9790254,51.1295311],[16.9790153,51.129525],[16.9790053,51.1295188],[16.9789952,51.1295126],[16.9789852,51.1295065],[16.9789752,51.1295003],[16.9789296,51.1294718]]}},{"type":"Feature","properties":{"layer":"roads"},"geometry":{"type":"LineString","coordinates":[[16.9795577,51.1297044],[16.9796301,51.1297114],[16.9796469,51.1297125],[16.9796598,51.129713],[16.9796727,51.1297136],[16.9796857,51.1297142],[16.9796987,51.1297147],[16.9797213,51.1297165],[16.9797812,51.1297251]]}},{"type":"Feature","properties":{"layer":"roads"},"geometry":{"type":"LineString","coordinates":[[16.9853052,51.1310882],[16.9853601,51.1310928],[16.9853741,51.1310943],[16.985388,51.1310959],[16.985402,51.1310974],[16.9854159,51.131099],[16.9854299,51.1311005],[16.9854427,51.1311021],[16.9854554,51.1311037],[16.9854682,51.1311053],[16.985481,51.1311069],[16.9854937,51.1311085],[16.9855065,51.1311101],[16.985519,51.1311113],[16.9855314,51.1311125],[16.9855439,51.1311136],[16.9855564,51.1311148],[16.9855689,51.131116],[16.9855814,51.1311171],[16.9855938,51.1311183],[16.9856063,51.1311195],[16.9856173,51.1311226],[16.9856283,51.1311258],[16.9856393,51.1311289],[16.9856515,51.1311302],[16.9856636,51.1311314],[16.9856758,51.1311327],[16.9856879,51.131134],[16.9857001,51.1311353],[16.9857122,51.1311365],[16.9857244,51.1311378],[16.9857374,51.1311396],[16.9857503,51.1311413],[16.9857633,51.131143],[16.9857763,51.1311448],[16.9857892,51.1311465],[16.9858022,51.1311483],[16.9858151,51.13115],[16.9858281,51.1311518],[16.985842,51.1311511],[16.985856,51.1311504],[16.9858699,51.1311497],[16.9858839,51.131149],[16.9858978,51.1311483],[16.9859118,51.1311475],[16.9859257,51.1311468],[16.9859397,51.1311461],[16.9859536,51.1311454],[16.9859676,51.1311447],[16.9859815,51.131144],[16.985993,51.1311416],[16.9860045,51.1311392],[16.986016,51.1311368],[16.9860276,51.1311343],[16.9860391,51.1311319],[16.9860506,51.1311295],[16.9860626,51.1311258],[16.9861065,51.1311187]]}},{"type":"Feature","properties":{"layer":"roads"},"geometry":{"type":"LineString","coordinates":[[16.9708665,51.1333349],[16.9708481,51.1333656],[16.9708417,51.1333725],[16.9708354,51.1333793],[16.970829,51.1333862],[16.9708185,51.1333918],[16.970808,51.1333975],[16.9707975,51.1334031],[16.970787,51.1334088],[16.9707766,51.1334144],[16.9707661,51.1334201],[16.9707556,51.1334257],[16.9707451,51.1334314],[16.9707346,51.133437],[16.9707241,51.1334427],[16.9707136,51.1334483],[16.9707031,51.133454],[16.9706926,51.1334596],[16.9706822,51.1334652],[16.9706717,51.1334709],[16.9706612,51.1334765],[16.9706507,51.1334822],[16.9706402,51.1334878],[16.9706297,51.1334935],[16.9706192,51.1334991],[16.9706087,51.1335048],[16.9705983,51.1335104],[16.9705878,51.1335161],[16.9705773,51.1335217],[16.9705668,51.1335274],[16.9705563,51.133533],[16.9705452,51.1335383],[16.9705341,51.1335437],[16.970523,51.133549],[16.9705118,51.1335543],[16.9705007,51.1335597],[16.9704896,51.133565],[16.9704785,51.1335703],[16.9704674,51.1335757],[16.9704563,51.133581],[16.9704451,51.1335863],[16.970434,51.1335916],[16.9704229,51.133597],[16.9704118,51.1336023],[16.9704007,51.1336076],[16.9703896,51.133613],[16.9703784,51.1336183],[16.9703673,51.1336236],[16.9703562,51.133629],[16.9703451,51.1336343],[16.9703332,51.1336391],[16.9703213,51.1336439],[16.9703094,51.1336487],[16.9702974,51.1336535],[16.9702855,51.1336584],[16.9702736,51.1336632],[16.9702617,51.133668],[16.9702498,51.1336728],[16.9702379,51.1336776],[16.9702259,51.1336824],[16.970214,51.1336872],[16.9702021,51.133692],[16.9701902,51.1336968],[16.9701783,51.1337016],[16.9701664,51.1337065],[16.9701544,51.1337113],[16.9701425,51.1337161],[16.9701306,51.1337209],[16.9701187,51.1337257],[16.9701083,51.1337315],[16.9700979,51.1337373],[16.9700875,51.1337432],[16.970077,51.133749],[16.9700666,51.1337548],[16.9700562,51.1337606],[16.9700458,51.1337665],[16.9700354,51.1337723],[16.970025,51.1337781],[16.9700145,51.1337839],[16.9700041,51.1337897],[16.9699937,51.1337956],[16.9699833,51.1338014],[16.9699729,51.1338072],[16.9699625,51.133813],[16.969952,51.1338189],[16.9699416,51.1338247],[16.9699312,51.1338305],[16.9699195,51.133835],[16.9699079,51.1338395],[16.9698962,51.1338439],[16.9698846,51.1338484],[16.9698729,51.1338529],[16.9698612,51.1338574],[16.9698496,51.1338618],[16.9697953,51.1338789]]}},{"type":"Feature","properties":{"layer":"roads"},"geometry":{"type":"LineString","coordinates":[[16.9708665,51.1333349],[16.9708334,51.1333138],[16.9708233,51.1333077],[16.9708132,51.1333016],[16.9708032,51.1332955],[16.9707931,51.1332895],[16.9707831,51.1332834],[16.970773,51.1332773],[16.9707629,51.1332712],[16.9707529,51.1332651],[16.9707428,51.1332591],[16.9707328,51.133253],[16.9707227,51.1332469],[16.9707141,51.1332397],[16.9707056,51.1332325],[16.970697,51.1332253],[16.9706885,51.1332181],[16.9706799,51.1332109],[16.9706714,51.1332038],[16.9706628,51.1331966],[16.9706543,51.1331894],[16.9706457,51.1331822],[16.9706372,51.133175],[16.9706286,51.1331678],[16.9706201,51.1331606],[16.9706115,51.1331534],[16.970603,51.1331462],[16.9705944,51.133139],[16.9705859,51.1331319],[16.9705773,51.1331247],[16.9705688,51.1331175],[16.9705602,51.1331103],[16.9705517,51.1331031],[16.9705431,51.1330959],[16.9705356,51.1330883],[16.9705281,51.1330807],[16.9705206,51.133073],[16.9705131,51.1330654],[16.9705056,51.1330578],[16.9704981,51.1330502],[16.9704906,51.1330426],[16.9704831,51.1330349],[16.9704756,51.1330273],[16.9704681,51.1330197],[16.9704606,51.1330121],[16.9704532,51.1330045],[16.9704457,51.1329968],[16.9704382,51.1329892],[16.9704307,51.1329816],[16.9704232,51.132974],[16.9704157,51.1329663],[16.9704082,51.1329587],[16.9704007,51.1329511],[16.9703932,51.1329435],[16.9703857,51.1329359],[16.9703782,51.1329282],[16.9703707,51.1329206],[16.9703632,51.132913],[16.9703566,51.1329055],[16.9703499,51.132898],[16.9703433,51.1328906],[16.9703367,51.1328831],[16.97033,51.1328756],[16.9703234,51.1328681],[16.9703168,51.1328606],[16.9703101,51.1328532],[16.9703035,51.1328457],[16.9702969,51.1328382],[16.9702902,51.1328307],[16.9702836,51.1328232],[16.9702769,51.1328158],[16.9702703,51.1328083],[16.9702637,51.1328008],[16.970257,51.1327933],[16.9702261,51.1327646]]}},{"type":"Feature","properties":{"layer":"roads"},"geometry":{"type":"LineString","coordinates":[[16.9708665,51.1333349],[16.9708952,51.1333057],[16.9709006,51.1332976],[16.970906,51.1332895],[16.9709114,51.1332815],[16.9709168,51.1332734],[16.9709222,51.1332653],[16.9709276,51.1332572],[16.970933,51.1332491],[16.9709384,51.133241],[16.9709438,51.1332329],[16.9709471,51.1332242],[16.9709504,51.1332155],[16.9709536,51.1332067],[16.9709569,51.133198],[16.9709602,51.1331893],[16.9709635,51.1331806],[16.9709668,51.1331719],[16.9709701,51.1331632],[16.9709733,51.1331544],[16.9709766,51.1331457],[16.9709799,51.133137],[16.970981,51.1331289],[16.970982,51.1331209],[16.9709831,51.1331128],[16.9709842,51.1331047],[16.9709852,51.1330966],[16.9709863,51.1330886],[16.9709874,51.1330805],[16.9709885,51.1330724],[16.9709895,51.1330644],[16.9709906,51.1330563],[16.970994,51.1330482],[16.9709974,51.1330401],[16.9710007,51.133032],[16.9710041,51.1330239],[16.9710075,51.1330157],[16.9710108,51.1330076],[16.9710142,51.1329995],[16.9710176,51.1329914],[16.971026,51.1329846],[16.9710344,51.1329777],[16.9710427,51.1329709],[16.9710511,51.1329641],[16.9710595,51.1329573],[16.9710679,51.1329504],[16.9710763,51.1329436],[16.9710847,51.1329368],[16.9710931,51.13293],[16.9711014,51.1329231],[16.9711098,51.1329163],[16.9711182,51.1329095],[16.9711266,51.1329026],[16.971135,51.1328958],[16.9711434,51.132889],[16.9711517,51.1328822],[16.9711601,51.1328753],[16.9711685,51.1328685],[16.9711741,51.1328607],[16.9711797,51.1328528],[16.9711854,51.132845],[16.971191,51.1328372],[16.9711966,51.1328293],[16.9712022,51.1328215],[16.9712078,51.1328137],[16.9712135,51.1328059],[16.9712191,51.132798],[16.9712247,51.1327902],[16.9712303,51.1327824],[16.9712359,51.1327745],[16.9712415,51.1327667],[16.9712472,51.1327589],[16.9712528,51.132751],[16.9712584,51.1327432],[16.971261,51.1327344],[16.9712636,51.1327256],[16.9712662,51.1327169],[16.9712688,51.1327081],[16.9712714,51.1326993],[16.971274,51.1326905],[16.9712766,51.1326817],[16.9712792,51.1326729],[16.9712818,51.1326642],[16.9712844,51.1326554],[16.971287,51.1326466],[16.9712896,51.1326378],[16.9712922,51.132629],[16.9712948,51.1326203],[16.9712974,51.1326115],[16.9713,51.1326027],[16.9713061,51.1325947],[16.9713122,51.1325866],[16.9713183,51.1325786],[16.9713244,51.1325705],[16.9713305,51.1325625],[16.9713366,51.1325545],[16.9713428,51.1325464],[16.9713489,51.1325384],[16.971355,51.1325303],[16.9713611,51.1325223],[16.9713672,51.1325143],[16.9713733,51.1325062],[16.9713794,51.1324982],[16.9713855,51.1324901],[16.9713916,51.1324821],[16.9713977,51.132474],[16.9714038,51.132466],[16.9714099,51.132458],[16.971416,51.1324499],[16.9714221,51.1324419],[16.9714283,51.1324338],[16.9714344,51.1324258],[16.971452,51.1323921]]}},{"type":"Feature","properties":{"layer":"roads"},"geometry":{"type":"LineString","coordinates":[[16.971452,51.1323921],[16.9714006,51.1324053],[16.9713878,51.1324092],[16.9713749,51.1324131],[16.971362,51.1324171],[16.9713492,51.132421],[16.9713363,51.132425],[16.9713235,51.1324289],[16.9713106,51.1324328],[16.9712977,51.1324368],[16.9712849,51.1324407],[16.971272,51.1324446],[16.9712592,51.1324486],[16.9712463,51.1324525],[16.9712334,51.1324564],[16.9712206,51.1324604],[16.9712077,51.1324643],[16.9711949,51.1324682],[16.971182,51.1324722],[16.9711692,51.1324761],[16.9711563,51.13248],[16.9711434,51.132484],[16.9711306,51.1324879],[16.9711177,51.1324919],[16.9711049,51.1324958],[16.971092,51.1324997],[16.9710792,51.1325037],[16.9710663,51.1325076],[16.9710534,51.1325115],[16.9710406,51.1325155],[16.9710277,51.1325194],[16.9710149,51.1325233],[16.971002,51.1325273],[16.9709891,51.1325312],[16.9709763,51.1325351],[16.9709634,51.1325391],[16.9709506,51.132543],[16.9709377,51.132547],[16.9709248,51.1325509],[16.970912,51.1325548],[16.9708991,51.1325588],[16.9708863,51.1325627],[16.9708734,51.1325666],[16.9708606,51.1325706],[16.9708477,51.1325745],[16.9708348,51.1325784],[16.970822,51.1325824],[16.9708091,51.1325863],[16.9707963,51.1325902],[16.9707834,51.1325942],[16.9707706,51.1325981],[16.9707577,51.132602],[16.9707448,51.132606],[16.970732,51.1326099],[16.9707191,51.1326139],[16.9707063,51.1326178],[16.9706934,51.1326217],[16.9706805,51.1326257],[16.9706677,51.1326296],[16.9706548,51.1326335],[16.970642,51.1326375],[16.9706291,51.1326414],[16.9706162,51.1326453],[16.9706034,51.1326493],[16.9705905,51.1326532],[16.9705777,51.1326571],[16.9705648,51.1326611],[16.970552,51.132665],[16.9705391,51.132669],[16.9705262,51.1326729],[16.9705134,51.1326768],[16.9705005,51.1326808],[16.9704877,51.1326847],[16.9704748,51.1326886],[16.970462,51.1326926],[16.9704491,51.1326965],[16.9704362,51.1327004],[16.9704234,51.1327044],[16.9704105,51.1327083],[16.9703977,51.1327122],[16.9703848,51.1327162],[16.9703719,51.1327201],[16.9703591,51.132724],[16.9703462,51.132728],[16.9703334,51.1327319],[16.9703205,51.1327359],[16.9703076,51.1327398],[16.9702948,51.1327437],[16.9702819,51.1327477],[16.9702691,51.1327516],[16.9702261,51.1327646]]}},{"type":"Feature","properties":{"layer":"roads"},"geometry":{"type":"LineString","coordinates":[[16.971452,51.1323921],[16.9715158,51.1323744],[16.9715285,51.1323716],[16.9715412,51.1323688],[16.9715539,51.132366],[16.9715666,51.1323631],[16.9715793,51.1323603],[16.971592,51.1323575],[16.9716426,51.1323454]]}},{"type":"Feature","properties":{"layer":"roads"},"geometry":{"type":"LineString","coordinates":[[16.971452,51.1323921],[16.9714747,51.1323502],[16.9714772,51.1323414],[16.9714796,51.1323326],[16.9714821,51.1323237],[16.9714845,51.1323149],[16.971487,51.132306],[16.9714894,51.1322972],[16.9714919,51.1322884],[16.9714944,51.1322795],[16.9714968,51.1322707],[16.9714993,51.1322618],[16.9715017,51.132253],[16.9715042,51.1322442],[16.9715066,51.1322353],[16.9715091,51.1322265],[16.9715115,51.1322176],[16.971514,51.1322088],[16.9715126,51.1322012],[16.9715111,51.1321935],[16.9715063,51.1321581]]}},{"type":"Feature","properties":{"layer":"roads"},"geometry":{"type":"LineString","coordinates":[[16.9770678,51.1317052],[16.9770545,51.1316779],[16.9770297,51.1316384]]}},{"type":"Feature","properties":{"layer":"roads"},"geometry":{"type":"LineString","coordinates":[[16.9770678,51.1317052],[16.9770487,51.1317321],[16.9770484,51.131741],[16.977048,51.1317499],[16.9770477,51.1317588],[16.9770473,51.1317677],[16.9770455,51.1317765],[16.9770438,51.1317853],[16.977042,51.1317941],[16.9770403,51.1318029],[16.9770385,51.1318117],[16.9770368,51.1318206],[16.9770351,51.1318294],[16.9770333,51.1318382],[16.9770315,51.131847],[16.9770298,51.1318558],[16.9770272,51.1318643],[16.9770245,51.1318728],[16.9770218,51.1318812],[16.9770192,51.1318897],[16.9770165,51.1318982],[16.9770139,51.1319067],[16.977009,51.1319144],[16.9770041,51.1319221],[16.9769991,51.1319298],[16.9769942,51.1319375],[16.9769893,51.1319453],[16.9769844,51.131953],[16.9769794,51.1319607],[16.9769745,51.1319684],[16.9769696,51.1319761],[16.9769623,51.1319833],[16.976955,51.1319905],[16.9769477,51.1319977],[16.9769404,51.1320049],[16.9769332,51.1320122],[16.9769259,51.1320194],[16.9769186,51.1320266],[16.9769113,51.1320338],[16.976904,51.132041],[16.9768967,51.1320482],[16.9768894,51.1320554],[16.9768821,51.1320626],[16.9768748,51.1320698],[16.9768676,51.1320771],[16.9768603,51.1320843],[16.976853,51.1320915],[16.9768457,51.1320987],[16.9768384,51.1321059],[16.9768304,51.1321129],[16.9768223,51.1321199],[16.9768143,51.1321269],[16.9768063,51.1321339],[16.9767983,51.1321409],[16.9767902,51.1321479],[16.9767822,51.1321549],[16.9767742,51.1321619],[16.9767661,51.1321689],[16.9767581,51.1321759],[16.9767501,51.1321829],[16.976742,51.1321899],[16.976734,51.1321969],[16.976726,51.1322039],[16.976718,51.1322109],[16.9767099,51.1322179],[16.9767019,51.1322249],[16.9766929,51.1322317],[16.9766839,51.1322384],[16.9766748,51.1322452],[16.9766658,51.1322519],[16.9766568,51.1322587],[16.9766478,51.1322655],[16.9766388,51.1322722],[16.9766297,51.132279],[16.9766207,51.1322857],[16.9766117,51.1322925],[16.9766027,51.1322993],[16.9765937,51.132306],[16.9765846,51.1323128],[16.9765756,51.1323195],[16.9765666,51.1323263],[16.9765576,51.1323331],[16.9765486,51.1323398],[16.9765395,51.1323466],[16.9765305,51.1323533],[16.9765215,51.1323601],[16.9765125,51.1323669],[16.9765035,51.1323736],[16.9764944,51.1323804],[16.9764854,51.1323871],[16.9764764,51.1323939],[16.9764674,51.1324007],[16.9764584,51.1324074],[16.9764493,51.1324142],[16.9764403,51.1324209],[16.9764313,51.1324277],[16.9764238,51.1324353],[16.9764163,51.1324429],[16.9764088,51.1324506],[16.9764013,51.1324582],[16.9763938,51.1324658],[16.9763863,51.1324734],[16.9763788,51.1324811],[16.9763713,51.1324887],[16.9763638,51.1324963],[16.9763563,51.132504],[16.9763488,51.1325116],[16.9763413,51.1325192],[16.9763393,51.1325275],[16.9763372,51.1325358],[16.9763217,51.1325662]]}},{"type":"Feature","properties":{"layer":"roads"},"geometry":{"type":"LineString","coordinates":[[16.9763217,51.1325662],[16.9762741,51.1325535],[16.9762608,51.1325504],[16.9762476,51.1325472],[16.9762343,51.1325441],[16.9762211,51.132541],[16.9762078,51.1325379],[16.9761946,51.1325347],[16.9761813,51.1325316],[16.9761682,51.132529],[16.9761551,51.1325264],[16.976142,51.1325239],[16.976129,51.1325213],[16.9761159,51.1325187],[16.9761028,51.1325161],[16.9760897,51.1325136],[16.9760766,51.132511],[16.9760635,51.1325084],[16.9760505,51.1325058],[16.9760374,51.1325032],[16.9760243,51.1325007],[16.9760112,51.1324981],[16.9759981,51.1324955],[16.9759851,51.1324929],[16.975972,51.1324904],[16.9759589,51.1324878],[16.9759458,51.1324852],[16.9759321,51.1324827],[16.9759183,51.1324802],[16.9759046,51.1324777],[16.9758909,51.1324752],[16.9758772,51.1324727],[16.9758634,51.1324702],[16.9758497,51.1324677],[16.975836,51.1324652],[16.9758222,51.1324627],[16.9758085,51.1324602],[16.9757948,51.1324577],[16.975781,51.1324552],[16.9757673,51.1324527],[16.9757536,51.1324502],[16.9757399,51.1324477],[16.9757261,51.1324452],[16.9757124,51.1324427],[16.9756987,51.1324402],[16.9756849,51.1324377],[16.9756712,51.1324352],[16.9756579,51.1324326],[16.9756445,51.13243],[16.9756312,51.1324273],[16.9756179,51.1324247],[16.9756045,51.1324221],[16.9755912,51.1324195],[16.9755779,51.1324169],[16.9755645,51.1324143],[16.9755512,51.1324116],[16.9755378,51.132409],[16.9755245,51.1324064],[16.9755112,51.1324038],[16.9754978,51.1324012],[16.9754845,51.1323986],[16.9754712,51.1323959],[16.9754578,51.1323933],[16.9754445,51.1323907],[16.9754312,51.1323881],[16.9754178,51.1323855],[16.9754045,51.1323828],[16.9753912,51.1323802],[16.9753778,51.1323776],[16.9753645,51.132375],[16.9753511,51.1323724],[16.9752995,51.1323577]]}},{"type":"Feature","properties":{"layer":"roads"},"geometry":{"type":"LineString","coordinates":[[16.9763217,51.1325662],[16.9763011,51.1325981],[16.9762941,51.1326055],[16.9762871,51.1326128],[16.9762801,51.1326201],[16.9762731,51.1326274],[16.9762662,51.1326347],[16.9762592,51.132642],[16.9762522,51.1326493],[16.9762452,51.1326566],[16.9762382,51.132664],[16.9762172,51.1326859],[16.9761962,51.1327141]]}},{"type":"Feature","properties":{"layer":"roads"},"geometry":{"type":"LineString","coordinates":[[16.9763217,51.1325662],[16.9763849,51.1325729],[16.9763989,51.132574],[16.9764128,51.132575],[16.9764268,51.132576],[16.9764407,51.132577],[16.9764547,51.132578],[16.9764686,51.132579],[16.9764824,51.132577],[16.9764962,51.132575],[16.97651,51.132573],[16.9765238,51.132571],[16.9765377,51.132569],[16.9765515,51.132567],[16.9765653,51.132565],[16.9765791,51.132563],[16.9765929,51.132561],[16.9766065,51.1325587],[16.9766201,51.1325564],[16.9766337,51.1325542],[16.9766473,51.1325519],[16.9766609,51.1325496],[16.9766744,51.1325473],[16.976688,51.132545],[16.9767016,51.1325428],[16.9767152,51.1325405],[16.9767288,51.1325382],[16.9767412,51.1325357],[16.9767537,51.1325332],[16.9767661,51.1325308],[16.9767785,51.1325283],[16.976791,51.1325258],[16.9768034,51.1325233],[16.9768158,51.1325208],[16.9768282,51.1325184],[16.9768407,51.1325159],[16.9768531,51.1325134],[16.9768663,51.132512],[16.9768796,51.1325107],[16.9768928,51.1325093],[16.9769061,51.1325079],[16.9769193,51.1325065],[16.9769325,51.1325052],[16.9769458,51.1325038],[16.976959,51.1325024],[16.9769723,51.1325031],[16.9769857,51.1325038],[16.976999,51.1325045],[16.9770123,51.1325052],[16.9770257,51.1325059],[16.977039,51.1325066],[16.9770523,51.1325074],[16.9770656,51.1325081],[16.977079,51.1325088],[16.9770923,51.1325095],[16.9771056,51.1325102],[16.977119,51.1325109],[16.9771323,51.1325116],[16.9771458,51.1325117],[16.9771594,51.1325118],[16.9771729,51.1325119],[16.9771864,51.132512],[16.9771999,51.1325121],[16.9772135,51.1325122],[16.977227,51.1325123],[16.977241,51.1325116],[16.977255,51.132511],[16.9772691,51.1325103],[16.9772831,51.1325096],[16.9772971,51.132509],[16.9773441,51.1325074]]}},{"type":"Feature","properties":{"layer":"roads"},"geometry":{"type":"LineString","coordinates":[[16.9697953,51.1338789],[16.9697284,51.1339033],[16.9697156,51.133907],[16.9697028,51.1339107],[16.96969,51.1339143],[16.9696772,51.133918],[16.9696644,51.1339217],[16.9696516,51.1339253],[16.9696388,51.133929],[16.969626,51.1339326],[16.9696132,51.1339363],[16.9696004,51.13394],[16.9695876,51.1339436],[16.9695748,51.1339473],[16.9695619,51.1339509],[16.9695491,51.1339546],[16.9695363,51.1339583],[16.9695235,51.1339619],[16.9695107,51.1339656],[16.9694979,51.1339693],[16.9694851,51.1339729],[16.9694723,51.1339766],[16.9694595,51.1339802],[16.9694467,51.1339839],[16.9694339,51.1339876],[16.9694211,51.1339912],[16.9694083,51.1339949],[16.9693955,51.1339986],[16.969353,51.1340111]]}},{"type":"Feature","properties":{"layer":"roads"},"geometry":{"type":"LineString","coordinates":[[16.9697953,51.1338789],[16.9698065,51.1338488],[16.9698119,51.1338408],[16.9698173,51.1338328],[16.9698227,51.1338248],[16.9698281,51.1338168],[16.9698302,51.1338089],[16.9698323,51.133801],[16.9698343,51.1337931],[16.9698364,51.1337852],[16.9698385,51.1337772],[16.9698406,51.1337693],[16.9698426,51.1337614],[16.9698447,51.1337535],[16.9698468,51.1337456],[16.9698476,51.1337367],[16.9698484,51.1337278],[16.9698491,51.1337189],[16.9698499,51.13371],[16.9698507,51.1337011],[16.9698515,51.1336922],[16.9698523,51.1336833],[16.9698531,51.1336744],[16.9698538,51.1336655],[16.9698546,51.1336566],[16.9698554,51.1336477],[16.9698562,51.1336388],[16.969857,51.1336299],[16.9698578,51.133621],[16.9698585,51.1336121],[16.9698593,51.1336032],[16.9698601,51.1335943],[16.9698609,51.1335854],[16.9698617,51.1335765],[16.9698625,51.1335675],[16.9698632,51.1335586],[16.969864,51.1335497],[16.9698648,51.1335408],[16.9698656,51.1335319],[16.9698664,51.133523],[16.9698671,51.1335141],[16.9698679,51.1335052],[16.9698687,51.1334963],[16.9698695,51.1334874],[16.9698703,51.1334785],[16.9698711,51.1334696],[16.9698718,51.1334607],[16.9698726,51.1334518],[16.9698734,51.1334429],[16.9698742,51.133434],[16.969875,51.1334251],[16.9698758,51.1334162],[16.9698765,51.1334073],[16.9698773,51.1333984],[16.9698781,51.1333895],[16.9698794,51.1333809],[16.9698807,51.1333723],[16.969882,51.1333637],[16.9698833,51.1333551],[16.9698846,51.1333465],[16.9698859,51.1333379],[16.9698872,51.1333293],[16.9698885,51.1333207],[16.9698898,51.1333121],[16.9698911,51.1333035],[16.9698924,51.1332949],[16.9698933,51.1332864],[16.9698941,51.133278],[16.969895,51.1332695],[16.9698959,51.1332611],[16.9698967,51.1332526],[16.9698976,51.1332442],[16.9698985,51.1332357],[16.9698994,51.1332273],[16.9699002,51.1332188],[16.9699011,51.1332104],[16.969902,51.1332019],[16.9699028,51.1331935],[16.9699037,51.133185],[16.9699034,51.1331761],[16.9699032,51.1331673],[16.9699029,51.1331584],[16.9699026,51.1331496],[16.9699023,51.1331407],[16.9699021,51.1331318],[16.9699018,51.133123],[16.9699015,51.1331141],[16.9699013,51.1331052],[16.969901,51.1330964],[16.9699007,51.1330875],[16.9699004,51.1330787],[16.9699002,51.1330698],[16.9698999,51.1330609],[16.9698996,51.1330521],[16.9698994,51.1330432],[16.9698991,51.1330343],[16.9698988,51.1330255],[16.9698985,51.1330166],[16.9698983,51.1330078],[16.969898,51.1329989],[16.9698962,51.1329902],[16.9698945,51.1329814],[16.9698927,51.1329727],[16.9698909,51.132964],[16.9698891,51.1329552],[16.9698874,51.1329465],[16.9698856,51.1329378],[16.9698838,51.132929],[16.969882,51.1329203],[16.9698803,51.1329116],[16.9698785,51.1329028],[16.9698645,51.1328696]]}},{"type":"Feature","properties":{"layer":"roads"},"geometry":{"type":"LineString","coordinates":[[16.9698645,51.1328696],[16.9698206,51.1328837],[16.9698078,51.1328877],[16.9697951,51.1328917],[16.9697824,51.1328956],[16.9697697,51.1328996],[16.969757,51.1329035],[16.9697443,51.1329075],[16.9697316,51.1329115],[16.9697189,51.1329154],[16.9697062,51.1329194],[16.9696934,51.1329234],[16.9696807,51.1329273],[16.969668,51.1329313],[16.9696553,51.1329352],[16.9696426,51.1329392],[16.9696299,51.1329432],[16.9696172,51.1329471],[16.9696045,51.1329511],[16.9695918,51.132955],[16.9695791,51.132959],[16.9695663,51.132963],[16.9695536,51.1329669],[16.9695409,51.1329709],[16.9695282,51.1329748],[16.9695155,51.1329788],[16.9695028,51.1329828],[16.9694901,51.1329867],[16.9694774,51.1329907],[16.9694647,51.1329946],[16.9694519,51.1329986],[16.9694392,51.1330026],[16.9694265,51.1330065],[16.9694138,51.1330105],[16.9694011,51.1330145],[16.9693884,51.1330184],[16.9693757,51.1330224],[16.969363,51.1330263],[16.9693503,51.1330303],[16.9693375,51.1330343],[16.9693248,51.1330382],[16.9693121,51.1330422],[16.9692994,51.1330461],[16.9692867,51.1330501],[16.9692745,51.1330537],[16.9692623,51.1330572],[16.9692501,51.1330608],[16.9692379,51.1330644],[16.9692257,51.1330679],[16.9692135,51.1330715],[16.9692013,51.1330751],[16.9691891,51.1330787],[16.9691768,51.1330822],[16.9691646,51.1330858],[16.9691524,51.1330894],[16.9691402,51.1330929],[16.969128,51.1330965],[16.9690818,51.1331097]]}},{"type":"Feature","properties":{"layer":"roads"},"geometry":{"type":"LineString","coordinates":[[16.9698645,51.1328696],[16.9699199,51.1328552],[16.9699321,51.132852],[16.9699442,51.1328488],[16.9699563,51.1328457],[16.9699685,51.1328425],[16.9699806,51.1328393],[16.969992,51.1328363],[16.9700034,51.1328332],[16.9700148,51.1328302],[16.9700261,51.1328272],[16.9700375,51.1328242],[16.9700489,51.1328211],[16.9700603,51.1328181],[16.9700715,51.1328202],[16.9700827,51.1328222],[16.970094,51.1328242],[16.9701052,51.1328263],[16.9701178,51.1328231],[16.9701304,51.1328199],[16.970143,51.1328167],[16.9701556,51.1328135],[16.9701577,51.1328062],[16.9701599,51.1327988],[16.970162,51.1327914],[16.9701641,51.1327841],[16.9701752,51.1327807],[16.9701862,51.1327772],[16.9702261,51.1327646]]}},{"type":"Feature","properties":{"layer":"roads"},"geometry":{"type":"LineString","coordinates":[[16.9698645,51.1328696],[16.9698814,51.1328331],[16.9698839,51.1328243],[16.9698864,51.1328156],[16.9698889,51.1328069],[16.9698914,51.1327982],[16.9698939,51.1327895],[16.9698964,51.1327808],[16.9698989,51.1327721],[16.9699014,51.1327634],[16.9699039,51.1327547],[16.9699064,51.1327459],[16.9699089,51.1327372],[16.9699114,51.1327285],[16.9699139,51.1327198],[16.9699164,51.1327111],[16.9699194,51.1327024],[16.9699224,51.1326938],[16.9699254,51.1326851],[16.9699284,51.1326765],[16.9699314,51.1326678],[16.9699344,51.1326592],[16.9699374,51.1326505],[16.9699403,51.1326419],[16.9699433,51.1326332],[16.9699463,51.1326246],[16.9699493,51.1326159],[16.9699523,51.1326073],[16.9699553,51.1325986],[16.9699583,51.13259],[16.9699613,51.1325813],[16.9699643,51.1325728],[16.9699673,51.1325642],[16.9699703,51.1325557],[16.9699733,51.1325471],[16.9699763,51.1325385],[16.9699793,51.13253],[16.9699862,51.1325227],[16.9699931,51.1325155],[16.9699999,51.1325082],[16.9700068,51.132501],[16.9700137,51.1324937],[16.9700463,51.1324674]]}},{"type":"Feature","properties":{"layer":"roads"},"geometry":{"type":"LineString","coordinates":[[16.9843787,51.1358596],[16.9843377,51.1358837],[16.9843253,51.1358882],[16.9843128,51.1358926],[16.9843004,51.1358971],[16.984263,51.1359104],[16.9842205,51.1359366]]}},{"type":"Feature","properties":{"layer":"roads"},"geometry":{"type":"LineString","coordinates":[[16.9843787,51.1358596],[16.9844229,51.1358511],[16.9844347,51.1358461],[16.9844465,51.1358412],[16.9844584,51.1358362],[16.9844702,51.1358312],[16.984482,51.1358263],[16.9844938,51.1358213],[16.9845056,51.1358163],[16.9845174,51.1358114],[16.9845292,51.1358064],[16.984541,51.1358014],[16.9845528,51.1357965],[16.9845646,51.1357915],[16.9845764,51.1357865],[16.9845882,51.1357816],[16.9846001,51.1357766],[16.9846119,51.1357716],[16.9846237,51.1357667],[16.9846355,51.1357617],[16.9846473,51.1357567],[16.9846591,51.1357518],[16.9846709,51.1357468],[16.9846827,51.1357418],[16.9846945,51.1357369],[16.9847063,51.1357319],[16.9847181,51.1357269],[16.9847299,51.135722],[16.9847417,51.135717],[16.9847536,51.135712],[16.9847654,51.1357071],[16.9847772,51.1357021],[16.984789,51.1356971],[16.9848008,51.1356922],[16.9848126,51.1356872],[16.9848244,51.1356822],[16.9848362,51.1356773],[16.984848,51.1356723],[16.9848598,51.1356673],[16.9848716,51.1356624],[16.9848834,51.1356574],[16.9848953,51.1356524],[16.9849071,51.1356475],[16.9849189,51.1356425],[16.9849307,51.1356375],[16.9849425,51.1356326],[16.9849543,51.1356276],[16.9849661,51.1356226],[16.9849779,51.1356177],[16.9849897,51.1356127],[16.9850015,51.1356077],[16.9850133,51.1356028],[16.9850251,51.1355978],[16.985037,51.1355928],[16.9850488,51.1355879],[16.9850606,51.1355829],[16.9850724,51.1355779],[16.9850842,51.135573],[16.985096,51.135568],[16.9851074,51.1355629],[16.9851188,51.1355579],[16.9851302,51.1355528],[16.9851416,51.1355478],[16.985153,51.1355427],[16.9851644,51.1355377],[16.9851758,51.1355326],[16.9851872,51.1355276],[16.9851986,51.1355225],[16.9852099,51.1355175],[16.9852213,51.1355124],[16.9852327,51.1355074],[16.9852441,51.1355023],[16.9852555,51.1354973],[16.9852669,51.1354922],[16.9852783,51.1354872],[16.9852897,51.1354821],[16.9853011,51.1354771],[16.9853125,51.135472],[16.985324,51.1354669],[16.9853355,51.1354618],[16.985347,51.1354567],[16.9853585,51.1354515],[16.98537,51.1354464],[16.9853815,51.1354413],[16.985393,51.1354362],[16.9854045,51.1354311],[16.985416,51.135426],[16.9854275,51.1354209],[16.985439,51.1354157],[16.9854505,51.1354106],[16.985462,51.1354055],[16.9854735,51.1354004],[16.985485,51.1353953],[16.9854965,51.1353902],[16.985508,51.1353851],[16.9855194,51.13538],[16.9855309,51.1353748],[16.9855424,51.1353697],[16.9855539,51.1353646],[16.9855654,51.1353595],[16.9855769,51.1353544],[16.9855884,51.1353493],[16.9855999,51.1353442],[16.9856114,51.135339],[16.9856229,51.1353339],[16.9856344,51.1353288],[16.9856459,51.1353237],[16.9856574,51.1353186],[16.9856689,51.1353135],[16.9856804,51.1353084],[16.9856919,51.1353032],[16.9857317,51.1352858]]}},{"type":"Feature","properties":{"layer":"roads"},"geometry":{"type":"LineString","coordinates":[[16.9843787,51.1358596],[16.9844398,51.1358793],[16.9844528,51.1358826],[16.9844659,51.135886],[16.984479,51.1358893],[16.984492,51.1358926],[16.9845051,51.1358959],[16.9845182,51.1358993],[16.9845312,51.1359026],[16.9845443,51.1359059],[16.9845573,51.1359092],[16.9845704,51.1359126],[16.9845835,51.1359159],[16.9845965,51.1359192],[16.9846096,51.1359225],[16.9846227,51.1359258],[16.9846357,51.1359292],[16.9846488,51.1359325],[16.9846619,51.1359358],[16.9846749,51.1359391],[16.984688,51.1359425],[16.9847011,51.1359458],[16.9847141,51.1359491],[16.9847272,51.1359525],[16.9847403,51.1359558],[16.9847533,51.1359591],[16.9847664,51.1359624],[16.9847795,51.1359658],[16.9847925,51.1359691],[16.9848056,51.1359724],[16.9848187,51.1359757],[16.9848317,51.1359791],[16.9848448,51.1359824],[16.9848579,51.1359857],[16.9848709,51.135989],[16.984884,51.1359924],[16.9848971,51.1359957],[16.9849101,51.135999],[16.9849232,51.1360023],[16.9849362,51.1360057],[16.9849493,51.136009],[16.9849624,51.1360123],[16.9849754,51.1360156],[16.9849885,51.136019],[16.9850016,51.1360223],[16.9850146,51.1360256],[16.9850277,51.1360289],[16.9850408,51.1360322],[16.9850538,51.1360356],[16.9850669,51.1360389],[16.9850792,51.1360412],[16.9850915,51.1360434],[16.9851038,51.1360457],[16.9851505,51.1360584]]}},{"type":"Feature","properties":{"layer":"roads"},"geometry":{"type":"LineString","coordinates":[[16.9857317,51.1352858],[16.9857694,51.1352657],[16.9857802,51.1352601],[16.9857909,51.1352546],[16.9858017,51.135249],[16.9858124,51.1352435],[16.9858232,51.1352379],[16.9858339,51.1352324],[16.9858447,51.1352268],[16.9859038,51.1351928]]}},{"type":"Feature","properties":{"layer":"roads"},"geometry":{"type":"LineString","coordinates":[[16.9857317,51.1352858],[16.9857022,51.1352598],[16.985684,51.1352388],[16.9856764,51.1352029]]}},{"type":"Feature","properties":{"layer":"roads"},"geometry":{"type":"LineString","coordinates":[[16.9857317,51.1352858],[16.9857531,51.1353196],[16.9857598,51.1353276],[16.9857665,51.1353355],[16.9857732,51.1353435],[16.9857798,51.1353514],[16.9857865,51.1353593],[16.9857932,51.1353673],[16.9857999,51.1353752],[16.9858066,51.1353831],[16.9858132,51.1353911],[16.9858199,51.135399],[16.9858266,51.135407],[16.9858333,51.1354149],[16.98584,51.1354228],[16.9858467,51.1354308],[16.9858533,51.1354387],[16.98586,51.1354466],[16.9858667,51.1354546],[16.9858734,51.1354625],[16.9858801,51.1354704],[16.9858867,51.1354784],[16.9858934,51.1354863],[16.9859001,51.1354943],[16.9859068,51.1355022],[16.9859135,51.1355101],[16.9859201,51.1355181],[16.9859268,51.135526],[16.9859335,51.1355339],[16.9859402,51.1355419],[16.9859469,51.1355498],[16.9859535,51.1355578],[16.9859602,51.1355657],[16.9859669,51.1355736],[16.9859736,51.1355816],[16.9859803,51.1355895],[16.9859869,51.1355974],[16.9859936,51.1356054],[16.9860003,51.1356133],[16.986007,51.1356212],[16.9860137,51.1356292],[16.9860204,51.1356371],[16.986027,51.1356451],[16.9860337,51.135653],[16.9860404,51.1356609],[16.9860471,51.1356689],[16.9860538,51.1356768],[16.9860604,51.1356847],[16.9860671,51.1356927],[16.9860738,51.1357006],[16.9860805,51.1357086],[16.9861132,51.1357389]]}},{"type":"Feature","properties":{"layer":"roads"},"geometry":{"type":"LineString","coordinates":[[16.9827407,51.1363809],[16.9827341,51.1363456],[16.982731,51.1363369],[16.9827279,51.1363282],[16.982724,51.1363196],[16.9827201,51.136311],[16.9827162,51.1363023],[16.9827123,51.1362937],[16.9827083,51.1362851],[16.9827044,51.1362765],[16.9827005,51.1362679],[16.9826966,51.1362593],[16.9826927,51.1362506],[16.9826888,51.136242],[16.9826849,51.1362334],[16.982681,51.1362248],[16.982677,51.1362162],[16.9826731,51.1362075],[16.9826692,51.1361989],[16.9826653,51.1361903],[16.9826614,51.1361817],[16.9826575,51.1361731],[16.9826536,51.1361644],[16.9826497,51.1361558],[16.9826457,51.1361472],[16.9826418,51.1361386],[16.9826379,51.13613],[16.982634,51.1361214],[16.9826301,51.1361127],[16.9826262,51.1361041],[16.9826223,51.1360955],[16.9826184,51.1360869],[16.9826144,51.1360783],[16.9826105,51.1360696],[16.9826066,51.136061],[16.9826027,51.1360524],[16.9825988,51.1360438],[16.9825949,51.1360352],[16.982591,51.1360265],[16.9825871,51.1360179],[16.9825832,51.1360093],[16.9825792,51.1360007],[16.9825753,51.1359921],[16.9825714,51.1359835],[16.9825675,51.1359748],[16.9825636,51.1359662],[16.9825597,51.1359576],[16.9825558,51.135949],[16.9825519,51.1359404],[16.9825479,51.1359317],[16.982544,51.1359231],[16.9825401,51.1359145],[16.9825362,51.1359059],[16.9825323,51.1358973],[16.9825284,51.1358886],[16.9825245,51.13588],[16.9825206,51.1358714],[16.9825166,51.1358628],[16.9825127,51.1358542],[16.9825088,51.1358456],[16.9825049,51.1358369],[16.982501,51.1358283],[16.9824971,51.1358197],[16.9824932,51.1358111],[16.9824893,51.1358025],[16.9824854,51.1357938],[16.9824814,51.1357852],[16.9824775,51.1357766],[16.9824736,51.135768],[16.9824697,51.1357594],[16.9824658,51.1357507],[16.9824619,51.1357421],[16.982458,51.1357335],[16.9824541,51.1357249],[16.9824501,51.1357163],[16.9824462,51.1357077],[16.9824423,51.135699],[16.9824384,51.1356904],[16.9824345,51.1356818],[16.9824306,51.1356732],[16.9824267,51.1356646],[16.9824228,51.1356559],[16.9824188,51.1356473],[16.9824149,51.1356387],[16.982411,51.1356301],[16.9824071,51.1356215],[16.9824032,51.1356128],[16.9823993,51.1356042],[16.9823954,51.1355956],[16.9823915,51.135587],[16.9823875,51.1355784],[16.9823836,51.1355698],[16.9823797,51.1355611],[16.9823758,51.1355525],[16.9823719,51.1355439],[16.9823694,51.1355352],[16.9823668,51.1355264],[16.9823643,51.1355177],[16.9823618,51.135509],[16.9823593,51.1355003],[16.9823567,51.1354915],[16.9823542,51.1354828],[16.9823517,51.1354741],[16.9823492,51.1354654],[16.9823466,51.1354566],[16.9823441,51.1354479],[16.9823416,51.1354392],[16.9823541,51.1354113]]}},{"type":"Feature","properties":{"layer":"roads"},"geometry":{"type":"LineString","coordinates":[[16.9827407,51.1363809],[16.9827942,51.1363558],[16.9828077,51.136354],[16.9828212,51.1363521],[16.9828347,51.1363503],[16.9828481,51.1363485],[16.9828616,51.1363466],[16.9828751,51.1363448],[16.9829349,51.1363286]]}},{"type":"Feature","properties":{"layer":"roads"},"geometry":{"type":"LineString","coordinates":[[16.9823541,51.1354113],[16.9823302,51.1353856],[16.9823214,51.1353693],[16.9823137,51.1353429],[16.9823112,51.1353341],[16.9823086,51.1353253],[16.9823061,51.1353164],[16.9823035,51.1353076],[16.982301,51.1352988],[16.9822984,51.13529],[16.9822884,51.1352575]]}},{"type":"Feature","properties":{"layer":"roads"},"geometry":{"type":"LineString","coordinates":[[16.9823541,51.1354113],[16.9823944,51.1354221],[16.9824045,51.1354284],[16.9824146,51.1354346],[16.9824247,51.1354409],[16.9824348,51.1354472],[16.9824448,51.1354535],[16.9824549,51.1354598],[16.982465,51.1354661],[16.9824751,51.1354724],[16.9824851,51.1354786],[16.9824952,51.1354849],[16.9825053,51.1354912],[16.982514,51.1354979],[16.9825227,51.1355046],[16.9825314,51.1355113],[16.98254,51.1355179],[16.9825487,51.1355246],[16.9825574,51.1355313],[16.9825661,51.135538],[16.9825748,51.1355447],[16.9825835,51.1355514],[16.9825921,51.135558],[16.9826008,51.1355647],[16.9826095,51.1355714],[16.9826182,51.1355781],[16.9826261,51.1355849],[16.9826341,51.1355917],[16.982642,51.1355985],[16.9826499,51.1356054],[16.9826579,51.1356122],[16.9826658,51.135619],[16.9826738,51.1356258],[16.9826817,51.1356326],[16.9826896,51.1356394],[16.9826976,51.1356462],[16.9827055,51.1356531],[16.9827134,51.1356599],[16.9827214,51.1356667],[16.9827293,51.1356735],[16.9827378,51.1356807],[16.9827463,51.1356879],[16.9827548,51.1356951],[16.9827634,51.1357022],[16.9827719,51.1357094],[16.9827804,51.1357166],[16.9827889,51.1357238],[16.9827974,51.135731],[16.9828059,51.1357382],[16.9828145,51.1357453],[16.982823,51.1357525],[16.9828315,51.1357597],[16.9828413,51.1357661],[16.9828511,51.1357725],[16.9828608,51.1357788],[16.9828706,51.1357852],[16.9828804,51.1357916],[16.9828902,51.135798],[16.9828999,51.1358043],[16.9829097,51.1358107],[16.9829195,51.1358171],[16.9829304,51.1358224],[16.9829414,51.1358278],[16.9829836,51.1358429]]}},{"type":"Feature","properties":{"layer":"roads"},"geometry":{"type":"LineString","coordinates":[[16.9821574,51.1311512],[16.9821646,51.1311968],[16.9821617,51.1312056],[16.9821588,51.1312144],[16.9821559,51.1312231],[16.982153,51.1312319],[16.9821501,51.1312407],[16.9821472,51.1312494],[16.9821443,51.1312582],[16.9821414,51.131267],[16.9821385,51.1312758],[16.9821356,51.1312845],[16.9821327,51.1312933],[16.9821298,51.1313021],[16.9821269,51.1313109],[16.982124,51.1313196],[16.982121,51.1313284],[16.9821181,51.1313372],[16.9821152,51.131346],[16.9821123,51.1313547],[16.9821094,51.1313635],[16.9821065,51.1313723],[16.9821036,51.1313811],[16.9821007,51.1313898],[16.9820978,51.1313986],[16.9820949,51.1314074],[16.982092,51.1314162],[16.9820891,51.1314249],[16.9820703,51.1314684]]}},{"type":"Feature","properties":{"layer":"roads"},"geometry":{"type":"LineString","coordinates":[[16.9821574,51.1311512],[16.9821988,51.1311308],[16.9822045,51.1311231],[16.9822102,51.1311154],[16.9822158,51.1311076],[16.9822215,51.1310999],[16.9822272,51.1310922],[16.9822328,51.1310845],[16.9822385,51.1310767],[16.9822441,51.131069],[16.9822498,51.1310613],[16.9822557,51.1310537],[16.9822615,51.1310461],[16.9822674,51.1310385],[16.9822733,51.1310309],[16.9822792,51.1310233],[16.982285,51.1310158],[16.9822909,51.1310082],[16.9822968,51.1310006],[16.9823026,51.130993],[16.9823085,51.1309854],[16.9823111,51.1309771],[16.9823138,51.1309688],[16.9823164,51.1309605],[16.9823191,51.1309521],[16.9823217,51.1309438],[16.9823244,51.1309355],[16.982327,51.1309272],[16.9823297,51.1309189],[16.9823323,51.1309106],[16.982335,51.1309022],[16.9823376,51.1308939],[16.9823403,51.1308856],[16.9823429,51.1308773],[16.9823434,51.1308693],[16.982344,51.1308614],[16.9823446,51.1308534],[16.9823555,51.1308228]]}},{"type":"Feature","properties":{"layer":"roads"},"geometry":{"type":"LineString","coordinates":[[16.9821574,51.1311512],[16.9822225,51.131182],[16.9822341,51.1311871],[16.9822456,51.1311921],[16.9822572,51.1311972],[16.9822688,51.1312023],[16.9822804,51.1312074],[16.9822919,51.1312124],[16.9823035,51.1312175],[16.9823151,51.1312226],[16.9823267,51.1312277],[16.9823382,51.1312327],[16.9823498,51.1312378],[16.9823614,51.1312429],[16.982373,51.131248],[16.9823845,51.131253],[16.9823961,51.1312581],[16.9824072,51.1312633],[16.9824184,51.1312684],[16.9824295,51.1312736],[16.9824548,51.1312965]]}},{"type":"Feature","properties":{"layer":"roads"},"geometry":{"type":"LineString","coordinates":[[16.9821574,51.1311512],[16.9821352,51.1311192],[16.9821284,51.1311121],[16.9821216,51.131105],[16.9821148,51.131098],[16.9821079,51.1310909],[16.9821011,51.1310838],[16.9820953,51.1310757],[16.9820895,51.1310676],[16.9820838,51.1310595],[16.982078,51.1310514],[16.9820722,51.1310432],[16.9820664,51.1310351],[16.9820607,51.131027],[16.9820549,51.1310189],[16.9820491,51.1310108],[16.9820433,51.1310027],[16.9820375,51.1309946],[16.9820318,51.1309865],[16.982026,51.1309784],[16.9820202,51.1309702],[16.9820144,51.1309621],[16.9820087,51.130954],[16.9820029,51.1309459],[16.9819971,51.1309378],[16.9819913,51.1309297],[16.9819855,51.1309216],[16.9819798,51.1309135],[16.981974,51.1309054],[16.9819682,51.1308972],[16.9819624,51.1308891],[16.9819567,51.130881],[16.9819509,51.1308729],[16.9819451,51.1308648],[16.9819394,51.1308568],[16.9819337,51.1308488],[16.981928,51.1308407],[16.9819224,51.1308327],[16.9819167,51.1308247],[16.981911,51.1308167],[16.9819053,51.1308087],[16.9818996,51.1308007],[16.9818939,51.1307926],[16.9818882,51.1307846],[16.9818825,51.1307766],[16.9818769,51.1307686],[16.9818712,51.1307606],[16.9818655,51.1307526],[16.9818598,51.1307445],[16.9818541,51.1307365],[16.9818484,51.1307285],[16.9818427,51.1307205],[16.981837,51.1307125],[16.9818314,51.1307045],[16.9818257,51.1306964],[16.98182,51.1306884],[16.9818143,51.1306804],[16.9818087,51.1306724],[16.9818031,51.1306644],[16.9817975,51.1306564],[16.9817919,51.1306484],[16.9817863,51.1306404],[16.9817807,51.1306323],[16.9817751,51.1306243],[16.9817695,51.1306163],[16.9817639,51.1306083],[16.9817583,51.1306003],[16.9817527,51.1305923],[16.9817362,51.1305601]]}},{"type":"Feature","properties":{"layer":"roads"},"geometry":{"type":"LineString","coordinates":[[16.9821574,51.1311512],[16.9821095,51.1311468],[16.9820962,51.1311439],[16.9820829,51.1311409],[16.9820695,51.1311379],[16.9820562,51.1311349],[16.9820429,51.131132],[16.9820295,51.131129],[16.9820162,51.131126],[16.9820029,51.131123],[16.9819895,51.1311201],[16.9819762,51.1311171],[16.9819629,51.1311141],[16.9819495,51.1311111],[16.9819362,51.1311082],[16.9819229,51.1311052],[16.9819095,51.1311022],[16.9818962,51.1310992],[16.9818829,51.1310963],[16.9818695,51.1310933],[16.9818562,51.1310903],[16.9818429,51.1310873],[16.9818295,51.1310844],[16.9818162,51.1310814],[16.9818024,51.1310792],[16.9817886,51.131077],[16.9817748,51.1310747],[16.981761,51.1310725],[16.9817472,51.1310703],[16.9817334,51.1310681],[16.9817196,51.1310658],[16.9817058,51.1310636],[16.981692,51.1310614],[16.9816782,51.1310592],[16.9816644,51.1310569],[16.9816506,51.1310547],[16.9816367,51.1310525],[16.9816229,51.1310503],[16.9816091,51.131048],[16.9815953,51.1310458],[16.9815815,51.1310436],[16.9815677,51.1310414],[16.9815539,51.1310391],[16.9815401,51.1310369],[16.9815263,51.1310347],[16.9815125,51.1310325],[16.9814987,51.1310302],[16.9814849,51.131028],[16.9814711,51.1310258],[16.9814572,51.1310247],[16.9814432,51.1310237],[16.9814293,51.1310226],[16.9814153,51.1310215],[16.9814014,51.1310204],[16.9813875,51.1310194],[16.9813735,51.1310183],[16.9813596,51.1310172],[16.9813456,51.1310161],[16.9813317,51.1310151],[16.9813178,51.131014],[16.9813038,51.1310129],[16.9812899,51.1310118],[16.981276,51.1310108],[16.981262,51.1310097],[16.9812481,51.1310086],[16.9812341,51.1310075],[16.9812202,51.1310065],[16.9812063,51.1310054],[16.9811923,51.1310043],[16.9811784,51.1310032],[16.9811644,51.1310022],[16.9811505,51.1310011],[16.9811362,51.1310005],[16.9811219,51.1309998],[16.9811077,51.1309992],[16.9810934,51.1309986],[16.9810791,51.1309979],[16.9810648,51.1309973],[16.9810505,51.1309966],[16.9810363,51.130996],[16.981022,51.1309954],[16.9810077,51.1309947],[16.9809934,51.1309941],[16.9809792,51.1309935],[16.9809649,51.1309928],[16.9809506,51.1309922],[16.9809363,51.1309915],[16.980922,51.1309909],[16.9809078,51.1309903],[16.9808935,51.1309896],[16.9808792,51.130989],[16.9808649,51.1309884],[16.9808506,51.1309877],[16.9808364,51.1309871],[16.9808221,51.1309865],[16.9808078,51.1309858],[16.9807935,51.1309852],[16.9807792,51.1309845],[16.980765,51.1309839],[16.9807507,51.1309833],[16.9807364,51.1309826],[16.9807221,51.130982],[16.9807079,51.1309814],[16.9806936,51.1309807],[16.9806793,51.1309801],[16.9806348,51.1309912]]}},{"type":"Feature","properties":{"layer":"roads"},"geometry":{"type":"LineString","coordinates":[[16.9806348,51.1309912],[16.98066,51.1310199],[16.9806675,51.1310272],[16.980675,51.1310344],[16.9806825,51.1310416],[16.98069,51.1310489],[16.9806976,51.1310561],[16.9807051,51.1310633],[16.9807126,51.1310706],[16.9807201,51.1310778],[16.9807276,51.131085],[16.9807351,51.1310923],[16.9807426,51.1310995],[16.9807515,51.1311064],[16.9807604,51.1311132],[16.9807693,51.1311201],[16.9807781,51.1311269],[16.980787,51.1311338],[16.9807959,51.1311407],[16.9808048,51.1311475],[16.9808137,51.1311544],[16.9808226,51.1311613],[16.9808314,51.1311681],[16.9808403,51.131175],[16.9808492,51.1311818],[16.9808581,51.1311887],[16.980867,51.1311956],[16.9808759,51.1312024],[16.9808848,51.1312093],[16.9808936,51.1312161],[16.9809025,51.131223],[16.9809114,51.1312299],[16.9809203,51.1312367],[16.9809292,51.1312436],[16.9809381,51.1312505],[16.9809469,51.1312573],[16.9809558,51.1312642],[16.9809647,51.131271],[16.9809736,51.1312779],[16.9809815,51.1312853],[16.9809894,51.1312928],[16.9809973,51.1313002],[16.9810052,51.1313076],[16.9810131,51.1313151],[16.981021,51.1313225],[16.9810288,51.1313299],[16.9810367,51.1313374],[16.9810446,51.1313448],[16.9810525,51.1313522],[16.9810604,51.1313597],[16.9810683,51.1313671],[16.9810762,51.1313745],[16.9810841,51.131382],[16.981092,51.1313894],[16.9810999,51.1313968],[16.9811078,51.1314043],[16.9811157,51.1314117],[16.9811235,51.1314191],[16.9811314,51.1314265],[16.9811393,51.131434],[16.9811472,51.1314414],[16.9811551,51.1314488],[16.981163,51.1314563],[16.9811709,51.1314637],[16.9811788,51.1314711],[16.9811867,51.1314786],[16.9811946,51.131486],[16.9812025,51.1314934],[16.9812104,51.1315009],[16.9812182,51.1315083],[16.9812261,51.1315157],[16.981234,51.1315232],[16.9812419,51.1315306],[16.9812498,51.131538],[16.9812577,51.1315455],[16.9812656,51.1315529],[16.9812739,51.1315602],[16.9812822,51.1315674],[16.9812905,51.1315747],[16.9812988,51.1315819],[16.9813071,51.1315892],[16.9813154,51.1315964],[16.9813237,51.1316037],[16.981332,51.1316109],[16.9813403,51.1316182],[16.9813486,51.1316254],[16.9813569,51.1316327],[16.9813652,51.1316399],[16.9813735,51.1316472],[16.9813818,51.1316544],[16.9813901,51.1316617],[16.9813984,51.1316689],[16.9814067,51.1316762],[16.981415,51.1316834],[16.9814233,51.1316907],[16.9814316,51.1316979],[16.9814399,51.1317052],[16.9814482,51.1317124],[16.9814776,51.1317366]]}},{"type":"Feature","properties":{"layer":"roads"},"geometry":{"type":"LineString","coordinates":[[16.9857839,51.129977],[16.9857695,51.1299459],[16.9857655,51.1299412],[16.9857601,51.1299347],[16.9857547,51.1299282],[16.9857343,51.1298975]]}},{"type":"Feature","properties":{"layer":"roads"},"geometry":{"type":"LineString","coordinates":[[16.9857839,51.129977],[16.9858156,51.1300001],[16.9858222,51.1300077],[16.9858288,51.1300153],[16.9858354,51.1300228],[16.985842,51.1300304],[16.9858486,51.130038],[16.9858552,51.1300456],[16.9858618,51.1300531],[16.9858684,51.1300607],[16.9858749,51.1300683],[16.9858815,51.1300759],[16.9858881,51.1300834],[16.9858947,51.130091],[16.9859013,51.1300986],[16.9859079,51.1301062],[16.9859145,51.1301137],[16.9859211,51.1301213],[16.9859277,51.1301289],[16.9859343,51.1301365],[16.9859409,51.130144],[16.9859475,51.1301516],[16.9859555,51.1301591],[16.9859634,51.1301665],[16.9859714,51.130174],[16.9859793,51.1301814],[16.9859873,51.1301889],[16.9859952,51.1301964],[16.9860032,51.1302038],[16.9860111,51.1302113],[16.9860191,51.1302188],[16.986027,51.1302262],[16.986035,51.1302337],[16.9860429,51.1302411],[16.9860509,51.1302486],[16.9860588,51.1302561],[16.9860668,51.1302635],[16.9860747,51.130271],[16.9860827,51.1302784],[16.9860907,51.1302859],[16.9860986,51.1302934],[16.9861066,51.1303008],[16.9861145,51.1303083],[16.9861225,51.1303158],[16.9861304,51.1303232],[16.9861384,51.1303307],[16.9861463,51.1303381],[16.9861543,51.1303456],[16.9861622,51.1303531],[16.9861702,51.1303605],[16.9861781,51.130368],[16.9861861,51.1303755],[16.986194,51.1303829],[16.986202,51.1303904],[16.9862099,51.1303978],[16.9862179,51.1304053],[16.9862265,51.1304125],[16.9862351,51.1304196],[16.9862437,51.1304268],[16.9862523,51.130434],[16.9862609,51.1304412],[16.9862695,51.1304483],[16.9862782,51.1304555],[16.9862868,51.1304627],[16.9862954,51.1304699],[16.986304,51.130477],[16.9863126,51.1304842],[16.9863212,51.1304914],[16.9863298,51.1304986],[16.9863384,51.1305057],[16.986347,51.1305129],[16.9863556,51.1305201],[16.9863642,51.1305273],[16.9863728,51.1305344],[16.9863814,51.1305416],[16.98639,51.1305488],[16.9863987,51.130556],[16.9864073,51.1305631],[16.9864159,51.1305703],[16.9864245,51.1305775],[16.9864331,51.1305847],[16.9864417,51.1305918],[16.9864503,51.130599],[16.9864596,51.1306057],[16.9864689,51.1306124],[16.9864782,51.1306191],[16.9864875,51.1306258],[16.9864968,51.1306325],[16.9865061,51.1306392],[16.9865154,51.130646],[16.9865247,51.1306527],[16.986534,51.1306594],[16.9865433,51.1306661],[16.9865526,51.1306728],[16.9865619,51.1306795],[16.9865712,51.1306862],[16.9865805,51.1306929],[16.9865899,51.1306996],[16.9865992,51.1307063],[16.9866085,51.130713],[16.9866178,51.1307197],[16.9866271,51.1307264],[16.9866364,51.1307331],[16.9866457,51.1307398],[16.986655,51.1307466],[16.9866643,51.1307533],[16.9866736,51.13076],[16.9866829,51.1307667],[16.9867145,51.1307899]]}},{"type":"Feature","properties":{"layer":"roads"},"geometry":{"type":"LineString","coordinates":[[16.9867145,51.1307899],[16.9867494,51.1307637],[16.986759,51.1307579],[16.9867687,51.1307521],[16.9867783,51.1307463],[16.9867879,51.1307405],[16.9867976,51.1307348],[16.9868072,51.130729],[16.9868169,51.1307232],[16.9868265,51.1307174],[16.9868355,51.1307105],[16.9868444,51.1307036],[16.9868534,51.1306966],[16.9868624,51.1306897],[16.9868714,51.1306828],[16.9868803,51.1306759],[16.9868893,51.1306689],[16.9868983,51.130662],[16.9869073,51.1306551],[16.9869162,51.1306482],[16.9869252,51.1306413],[16.9869342,51.1306343],[16.9869431,51.1306274],[16.9869521,51.1306205],[16.9869611,51.1306136],[16.9869701,51.1306066],[16.986979,51.1305997],[16.986988,51.1305928],[16.9869975,51.1305862],[16.9870071,51.1305795],[16.9870166,51.1305729],[16.9870261,51.1305663],[16.9870357,51.1305597],[16.9870452,51.130553],[16.9870548,51.1305464],[16.9870643,51.1305398],[16.9870738,51.1305332],[16.9870834,51.1305265],[16.9870929,51.1305199],[16.9871024,51.1305133],[16.987112,51.1305067],[16.9871215,51.1305],[16.987131,51.1304934],[16.9871406,51.1304868],[16.9871501,51.1304801],[16.9871597,51.1304735],[16.9871692,51.1304669],[16.9871787,51.1304603],[16.9871883,51.1304536],[16.9871978,51.130447],[16.9872073,51.1304404],[16.9872169,51.1304338],[16.9872264,51.1304271],[16.9872359,51.1304205],[16.9872455,51.1304139],[16.987255,51.1304072],[16.9872646,51.1304006],[16.9872741,51.130394],[16.9872836,51.1303874],[16.9872932,51.1303807],[16.9873027,51.1303741],[16.9873122,51.1303675],[16.9873218,51.1303609],[16.9873313,51.1303542],[16.9873409,51.1303476],[16.9873504,51.130341],[16.9873599,51.1303343],[16.9873695,51.1303277],[16.987379,51.1303211],[16.9873885,51.1303145],[16.9873981,51.1303078],[16.9874076,51.1303012],[16.9874171,51.1302946],[16.9874267,51.130288],[16.9874362,51.1302813],[16.9874458,51.1302747],[16.9874553,51.1302681],[16.987489,51.1302452]]}},{"type":"Feature","properties":{"layer":"roads"},"geometry":{"type":"LineString","coordinates":[[16.9867145,51.1307899],[16.9867473,51.1308139],[16.9867565,51.1308207],[16.9867656,51.1308275],[16.9867747,51.1308343],[16.9867839,51.1308411],[16.986793,51.1308478],[16.9868022,51.1308546],[16.9868113,51.1308614],[16.9868204,51.1308682],[16.9868296,51.130875],[16.9868387,51.1308817],[16.9868478,51.1308885],[16.986857,51.1308953],[16.9868661,51.1309021],[16.9868752,51.1309089],[16.9868844,51.1309156],[16.9868935,51.1309224],[16.9869026,51.1309292],[16.9869118,51.130936],[16.9869209,51.1309428],[16.98693,51.1309495],[16.9869392,51.1309563],[16.9869483,51.1309631],[16.9869575,51.1309699],[16.9869666,51.1309767],[16.9869757,51.1309835],[16.9869849,51.1309902],[16.986994,51.130997],[16.9870031,51.1310038],[16.9870123,51.1310106],[16.9870214,51.1310174],[16.9870305,51.1310241],[16.9870397,51.1310309],[16.9870488,51.1310377],[16.9870579,51.1310445],[16.9870671,51.1310513],[16.9870762,51.1310581],[16.9870854,51.1310648],[16.9870945,51.1310716],[16.9871036,51.1310784],[16.9871128,51.1310852],[16.9871219,51.131092],[16.987131,51.1310987],[16.9871402,51.1311055],[16.9871493,51.1311123],[16.9871568,51.1311183],[16.9871643,51.1311244],[16.9871728,51.1311302],[16.9871813,51.1311361],[16.9872153,51.1311595]]}},{"type":"Feature","properties":{"layer":"roads"},"geometry":{"type":"LineString","coordinates":[[16.9867145,51.1307899],[16.986668,51.13081],[16.9866573,51.1308158],[16.9866466,51.1308216],[16.986636,51.1308274],[16.9866253,51.1308332],[16.9866146,51.130839],[16.9866039,51.1308448],[16.9865932,51.1308506],[16.9865825,51.1308564],[16.9865718,51.1308622],[16.9865611,51.130868],[16.9865504,51.1308738],[16.9865397,51.1308796],[16.986529,51.1308854],[16.9865183,51.1308912],[16.9865076,51.130897],[16.986497,51.1309028],[16.9864863,51.1309086],[16.9864756,51.1309144],[16.9864649,51.1309202],[16.9864542,51.130926],[16.9864435,51.1309318],[16.9864328,51.1309376],[16.9864221,51.1309433],[16.9864114,51.1309491],[16.9864007,51.1309549],[16.98639,51.1309607],[16.9863793,51.1309665],[16.9863686,51.1309723],[16.9863579,51.1309781],[16.9863473,51.1309839],[16.9863366,51.1309897],[16.9863259,51.1309955],[16.9863152,51.1310013],[16.9863045,51.1310071],[16.9862938,51.1310129],[16.9862831,51.1310187],[16.9862724,51.1310245],[16.9862617,51.1310303],[16.986251,51.1310361],[16.9862403,51.1310419],[16.9862296,51.1310477],[16.9862189,51.1310535],[16.9862083,51.1310593],[16.9861976,51.1310651],[16.9861869,51.1310709],[16.9861762,51.1310767],[16.9861655,51.1310825],[16.9861548,51.1310883],[16.9861356,51.1310979],[16.9861065,51.1311187]]}},{"type":"Feature","properties":{"layer":"roads"},"geometry":{"type":"LineString","coordinates":[[16.9756351,51.1298994],[16.9755736,51.1299257],[16.9755604,51.1299287],[16.9755471,51.1299317],[16.9755338,51.1299348],[16.9755206,51.1299378],[16.9754456,51.1299558]]}},{"type":"Feature","properties":{"layer":"roads"},"geometry":{"type":"LineString","coordinates":[[16.9756351,51.1298994],[16.9756794,51.1299078],[16.9756925,51.1299063],[16.9757057,51.1299049],[16.9757188,51.1299034],[16.975732,51.129902],[16.9757454,51.129901],[16.9757589,51.1298999],[16.9757723,51.1298989],[16.9757857,51.1298978],[16.9757991,51.1298968],[16.9758126,51.1298957],[16.975826,51.1298947],[16.9758394,51.1298936],[16.9758528,51.1298926],[16.9758662,51.1298916],[16.9758797,51.1298905],[16.9758931,51.1298895],[16.9759065,51.1298884],[16.9759199,51.1298874],[16.9759334,51.1298863],[16.9759468,51.1298853],[16.9759606,51.1298847],[16.9759745,51.129884],[16.9759883,51.1298834],[16.9760022,51.1298828],[16.976016,51.1298821],[16.9760299,51.1298815],[16.9760437,51.1298809],[16.9760576,51.1298802],[16.9760714,51.1298796],[16.9760853,51.129879],[16.9760991,51.1298783],[16.976113,51.1298777],[16.9761268,51.1298771],[16.9761407,51.1298764],[16.9761546,51.1298758],[16.9761684,51.1298752],[16.9761823,51.1298745],[16.9761961,51.1298739],[16.9762104,51.1298738],[16.9762247,51.1298736],[16.976239,51.1298735],[16.9762533,51.1298733],[16.9762675,51.1298732],[16.9762818,51.1298731],[16.9762961,51.1298729],[16.9763104,51.1298728],[16.9763247,51.1298726],[16.976339,51.1298725],[16.9763533,51.1298724],[16.9763676,51.1298722],[16.9763819,51.1298721],[16.9763962,51.1298719],[16.9764104,51.1298718],[16.9764247,51.1298717],[16.976439,51.1298715],[16.9764533,51.1298714],[16.9764676,51.1298712],[16.9764819,51.1298711],[16.9764959,51.1298714],[16.9765099,51.1298717],[16.976524,51.129872],[16.976538,51.1298723],[16.976552,51.1298727],[16.976566,51.129873],[16.97658,51.1298733],[16.9765941,51.1298736],[16.9766081,51.1298739],[16.9766221,51.1298742],[16.9766361,51.1298745],[16.9766501,51.1298748],[16.9766641,51.1298752],[16.9766782,51.1298755],[16.9766922,51.1298758],[16.9767062,51.1298761],[16.9767202,51.1298764],[16.9767342,51.1298767],[16.9767483,51.129877],[16.9767623,51.1298773],[16.9767763,51.1298776],[16.9767903,51.129878],[16.9768043,51.1298783],[16.9768184,51.1298786],[16.9768324,51.1298789],[16.9768464,51.1298792],[16.9768602,51.1298806],[16.976874,51.1298819],[16.9768879,51.1298833],[16.9769017,51.1298847],[16.9769155,51.129886],[16.9769293,51.1298874],[16.9769431,51.1298888],[16.976957,51.1298901],[16.9769708,51.1298915],[16.9769846,51.1298929],[16.9769984,51.1298942],[16.9770122,51.1298956],[16.9770261,51.129897],[16.9770399,51.1298983],[16.9770537,51.1298997],[16.9770668,51.1299007],[16.97708,51.1299017],[16.9770931,51.1299027],[16.9771368,51.1298928]]}},{"type":"Feature","properties":{"layer":"roads"},"geometry":{"type":"LineString","coordinates":[[16.9756351,51.1298994],[16.9756413,51.1298645],[16.9756438,51.1298564],[16.9756462,51.1298482],[16.9756524,51.1298402],[16.9756586,51.1298322],[16.9756648,51.1298242],[16.975671,51.1298163],[16.9756772,51.1298083],[16.9756834,51.1298003],[16.9756896,51.1297923],[16.9756958,51.1297843],[16.975702,51.1297763],[16.9757082,51.1297683],[16.9757144,51.1297603],[16.9757206,51.1297524],[16.9757268,51.1297444],[16.975733,51.1297364],[16.9757392,51.1297284],[16.9757454,51.1297204],[16.9757516,51.1297124],[16.9757578,51.1297044],[16.975764,51.1296964],[16.9757701,51.1296885],[16.9757763,51.1296805],[16.9757825,51.1296725],[16.9757887,51.1296645],[16.9757949,51.1296565],[16.9758011,51.1296485],[16.9758073,51.1296405],[16.9758135,51.1296326],[16.9758197,51.1296246],[16.9758259,51.1296166],[16.9758347,51.1295818]]}},{"type":"Feature","properties":{"layer":"roads"},"geometry":{"type":"LineString","coordinates":[[16.9771368,51.1298928],[16.9772239,51.1299005]]}},{"type":"Feature","properties":{"layer":"roads"},"geometry":{"type":"LineString","coordinates":[[16.9721485,51.1327626],[16.972113,51.1327444],[16.9721044,51.1327377],[16.9720958,51.132731],[16.9720872,51.1327243],[16.9720786,51.1327176],[16.97207,51.1327109],[16.9720615,51.1327043],[16.9720529,51.1326976],[16.9720443,51.1326909],[16.9720357,51.1326842],[16.9720271,51.1326775],[16.9720185,51.1326708],[16.9720099,51.1326641],[16.9720013,51.1326574],[16.9719927,51.1326507],[16.9719841,51.132644],[16.9719754,51.1326372],[16.9719667,51.1326305],[16.971958,51.1326237],[16.9719493,51.132617],[16.9719406,51.1326102],[16.9719319,51.1326035],[16.9719232,51.1325967],[16.9719145,51.13259],[16.9719058,51.1325832],[16.9718971,51.1325765],[16.9718884,51.1325697],[16.9718797,51.132563],[16.971871,51.1325562],[16.9718623,51.1325495],[16.9718536,51.1325427],[16.9718449,51.132536],[16.9718362,51.1325292],[16.9718275,51.1325225],[16.9718188,51.1325157],[16.9718106,51.1325084],[16.9718025,51.132501],[16.9717943,51.1324937],[16.9717861,51.1324863],[16.9717779,51.132479],[16.9717697,51.1324716],[16.9717616,51.1324643],[16.9717534,51.132457],[16.9717452,51.1324496],[16.971737,51.1324423],[16.9717289,51.1324349],[16.9717207,51.1324276],[16.9717136,51.1324202],[16.9717066,51.1324128],[16.9716995,51.1324054],[16.9716924,51.132398],[16.9716853,51.1323906],[16.9716783,51.1323833],[16.9716712,51.1323759],[16.9716426,51.1323454]]}},{"type":"Feature","properties":{"layer":"roads"},"geometry":{"type":"LineString","coordinates":[[16.9721485,51.1327626],[16.9721883,51.1327466],[16.9721986,51.1327404],[16.9722088,51.1327343],[16.972219,51.1327281],[16.9722292,51.132722],[16.9722395,51.1327158],[16.9722497,51.1327097],[16.9722599,51.1327035],[16.9722702,51.1326974],[16.9722804,51.1326912],[16.9722906,51.1326851],[16.9723009,51.1326789],[16.9723111,51.1326727],[16.9723213,51.1326666],[16.9723316,51.1326604],[16.9723418,51.1326543],[16.972352,51.1326481],[16.9723623,51.132642],[16.9723725,51.1326358],[16.9723827,51.1326297],[16.9723929,51.1326235],[16.9724032,51.1326174],[16.9724134,51.1326112],[16.9724236,51.1326051],[16.9724339,51.1325989],[16.9724441,51.1325928],[16.9724543,51.1325866],[16.9724646,51.1325804],[16.9724748,51.1325743],[16.972485,51.1325681],[16.9724953,51.132562],[16.9725055,51.1325558],[16.9725157,51.1325497],[16.9725259,51.1325435],[16.9725362,51.1325374],[16.9725464,51.1325312],[16.9725566,51.1325251],[16.9725669,51.1325189],[16.9725771,51.1325128],[16.9725873,51.1325066],[16.9725976,51.1325004],[16.9726078,51.1324943],[16.972618,51.1324881],[16.9726283,51.132482],[16.9726385,51.1324758],[16.9726487,51.1324697],[16.972659,51.1324635],[16.9726692,51.1324574],[16.9726794,51.1324512],[16.9727122,51.1324221]]}},{"type":"Feature","properties":{"layer":"roads"},"geometry":{"type":"LineString","coordinates":[[16.9776362,51.1325486],[16.9776511,51.1325775],[16.9776608,51.1325841],[16.9776704,51.1325906],[16.97768,51.1325971],[16.9776896,51.1326037],[16.9776993,51.1326102],[16.9777089,51.1326168],[16.9777185,51.1326233],[16.9777281,51.1326298],[16.9777378,51.1326364],[16.9777474,51.1326429],[16.977757,51.1326494],[16.9777666,51.132656],[16.9777763,51.1326625],[16.9777859,51.1326691],[16.9777955,51.1326756],[16.9778051,51.1326821],[16.9778148,51.1326887],[16.9778244,51.1326952],[16.977834,51.1327017],[16.9778436,51.1327083],[16.9778533,51.1327148],[16.9778629,51.1327214],[16.9778725,51.1327279],[16.9778799,51.1327355],[16.9778873,51.1327431],[16.9778947,51.1327507],[16.9779022,51.1327583],[16.9779096,51.1327658],[16.977917,51.1327734],[16.9779244,51.132781],[16.9779318,51.1327886],[16.9779392,51.1327962],[16.9779467,51.1328038],[16.9779541,51.1328114],[16.9779615,51.132819],[16.9779689,51.1328265],[16.9779763,51.1328341],[16.9779837,51.1328417],[16.9779912,51.1328493],[16.9779986,51.1328569],[16.978006,51.1328645],[16.9780134,51.1328721],[16.9780208,51.1328796],[16.9780282,51.1328872],[16.9780356,51.1328948],[16.9780431,51.1329024],[16.9780505,51.13291],[16.9780579,51.1329176],[16.9780653,51.1329252],[16.9780727,51.1329328],[16.9780801,51.1329403],[16.9780876,51.1329479],[16.978095,51.1329555],[16.9781024,51.1329631],[16.9781098,51.1329707],[16.9781198,51.1329768],[16.9781299,51.132983],[16.9781399,51.1329891],[16.97815,51.1329952],[16.97816,51.1330014],[16.9781701,51.1330075],[16.9781802,51.1330137],[16.9781902,51.1330198],[16.9782003,51.1330259],[16.9782103,51.1330321],[16.9782204,51.1330382],[16.9782304,51.1330443],[16.9782404,51.1330505],[16.9782505,51.1330566],[16.9782605,51.1330627],[16.9782706,51.1330689],[16.9782806,51.133075],[16.9782907,51.1330812],[16.9783007,51.1330873],[16.9783108,51.1330934],[16.9783208,51.1330996],[16.9783309,51.1331057],[16.9783396,51.1331126],[16.9783482,51.1331196],[16.9783569,51.1331265],[16.9783656,51.1331335],[16.9783743,51.1331404],[16.9783829,51.1331474],[16.9783916,51.1331543],[16.9784003,51.1331613],[16.9784089,51.1331682],[16.9784176,51.1331752],[16.9784263,51.1331821],[16.978435,51.1331891],[16.9784436,51.133196],[16.9784523,51.133203],[16.978461,51.1332099],[16.9784697,51.1332169],[16.9784783,51.1332238],[16.978487,51.1332308],[16.978527,51.1332434]]}},{"type":"Feature","properties":{"layer":"roads"},"geometry":{"type":"LineString","coordinates":[[16.9776362,51.1325486],[16.9776786,51.1325398],[16.9776928,51.1325401],[16.977707,51.1325403],[16.9777213,51.1325406],[16.9777355,51.1325408],[16.9777497,51.1325411],[16.9777639,51.1325413],[16.9777781,51.1325416],[16.977821,51.1325372]]}},{"type":"Feature","properties":{"layer":"roads"},"geometry":{"type":"LineString","coordinates":[[16.9776362,51.1325486],[16.9775861,51.1325378],[16.9774908,51.1325277]]}},{"type":"Feature","properties":{"layer":"roads"},"geometry":{"type":"LineString","coordinates":[[16.978527,51.1332434],[16.9785427,51.1332715],[16.9785489,51.1332873],[16.9785526,51.1333111],[16.9785645,51.1333425]]}},{"type":"Feature","properties":{"layer":"roads"},"geometry":{"type":"LineString","coordinates":[[16.978527,51.1332434],[16.9785369,51.1332086],[16.9785356,51.1331998],[16.9785342,51.1331909],[16.9785329,51.1331821],[16.9785316,51.1331733],[16.9785302,51.1331644],[16.9785289,51.1331556],[16.9785275,51.1331467],[16.9785262,51.1331379],[16.9785248,51.133129],[16.9785235,51.1331202],[16.9785221,51.1331113],[16.9785208,51.1331025],[16.9785194,51.1330936],[16.9785181,51.1330848],[16.9785168,51.133076],[16.9785154,51.1330671],[16.9785141,51.1330583],[16.9785127,51.1330494],[16.9785114,51.1330406],[16.97851,51.1330317],[16.9785087,51.1330229],[16.9785073,51.133014],[16.978506,51.1330052],[16.9785046,51.1329963],[16.9785033,51.1329875],[16.9785026,51.1329788],[16.9785019,51.1329701],[16.9785013,51.1329614],[16.9785006,51.1329527],[16.9784999,51.132944],[16.9784992,51.1329353],[16.9784985,51.1329266],[16.9784979,51.132918],[16.9784972,51.1329093],[16.9784965,51.1329006],[16.9784958,51.1328919],[16.9784951,51.1328832],[16.9784945,51.1328745],[16.9784938,51.1328658],[16.9784931,51.1328571],[16.9784924,51.1328484],[16.9784918,51.1328397],[16.9784911,51.132831],[16.9784904,51.1328223],[16.9784897,51.1328136],[16.978489,51.1328049],[16.9784884,51.1327963],[16.9784877,51.1327876],[16.978487,51.1327789],[16.9784863,51.1327702],[16.9784856,51.1327615],[16.978485,51.1327528],[16.9784843,51.1327441],[16.9784836,51.1327354],[16.9784825,51.1327265],[16.9784815,51.1327176],[16.9784804,51.1327087],[16.9784794,51.1326998],[16.9784783,51.1326909],[16.9784773,51.1326819],[16.9784762,51.132673],[16.9784752,51.1326641],[16.9784741,51.1326552],[16.9784731,51.1326463],[16.978472,51.1326374],[16.978471,51.1326285],[16.9784699,51.1326196],[16.9784688,51.1326107],[16.9784678,51.1326018],[16.9784667,51.1325929],[16.9784657,51.132584],[16.9784646,51.132575],[16.9784636,51.1325661],[16.9784625,51.1325572],[16.9784615,51.1325483],[16.9784532,51.1325176]]}},{"type":"Feature","properties":{"layer":"roads"},"geometry":{"type":"LineString","coordinates":[[16.9797812,51.1297251],[16.9798292,51.1297355],[16.9798424,51.1297385],[16.9798557,51.1297416],[16.979869,51.1297446],[16.9798822,51.1297476],[16.9798955,51.1297507],[16.9799088,51.1297537],[16.979922,51.1297567],[16.9799353,51.1297598],[16.9799486,51.1297628],[16.9799618,51.1297658],[16.9799751,51.1297688],[16.9799884,51.1297719],[16.9800016,51.1297749],[16.9800149,51.1297779],[16.9800282,51.129781],[16.9800414,51.129784],[16.9800547,51.129787],[16.980068,51.12979],[16.9800812,51.1297931],[16.9800945,51.1297961],[16.9801078,51.1297991],[16.980121,51.1298022],[16.9801343,51.1298052],[16.9801476,51.1298082],[16.9801609,51.1298113],[16.9801741,51.1298143],[16.9801874,51.1298173],[16.9802007,51.1298203],[16.9802139,51.1298234],[16.9802272,51.1298264],[16.9802405,51.1298294],[16.9802537,51.1298325],[16.980267,51.1298355],[16.9802803,51.1298385],[16.9802935,51.1298415],[16.9803068,51.1298446],[16.9803201,51.1298476],[16.9803333,51.1298506],[16.9803466,51.1298537],[16.9803599,51.1298567],[16.9803731,51.1298597],[16.9803864,51.1298627],[16.9803997,51.1298658],[16.9804129,51.1298688],[16.9804262,51.1298718],[16.9804395,51.1298749],[16.9804527,51.1298779],[16.980466,51.1298809],[16.9804793,51.129884],[16.9804925,51.129887],[16.9805058,51.12989],[16.9805191,51.129893],[16.9805323,51.1298961],[16.9805456,51.1298991],[16.9805596,51.1299008],[16.9805736,51.1299025],[16.9805877,51.1299041],[16.9806017,51.1299058],[16.9806157,51.1299075],[16.9806297,51.1299092],[16.9806437,51.1299108],[16.9806577,51.1299125],[16.9806717,51.1299142],[16.9806858,51.1299159],[16.9806998,51.1299175],[16.9807138,51.1299192],[16.9807278,51.1299209],[16.9807418,51.1299226],[16.9807558,51.1299242],[16.9807699,51.1299259],[16.9807839,51.1299276],[16.9807979,51.1299293],[16.9808119,51.1299309],[16.9808259,51.1299326],[16.98084,51.1299343],[16.980854,51.1299359],[16.980868,51.1299376],[16.980882,51.1299393],[16.980896,51.129941],[16.98091,51.1299426],[16.980924,51.1299443],[16.9809381,51.129946],[16.9809521,51.1299477],[16.9809661,51.1299493],[16.9809801,51.129951],[16.9809941,51.1299527],[16.9810081,51.1299544],[16.9810222,51.129956],[16.9810362,51.1299577],[16.9810991,51.1299599]]}},{"type":"Feature","properties":{"layer":"roads"},"geometry":{"type":"LineString","coordinates":[[16.9840819,51.1313458],[16.9839987,51.1313181],[16.9839851,51.1313152],[16.9839715,51.1313123],[16.983958,51.1313094],[16.9839454,51.1313061],[16.9839328,51.1313028],[16.9839202,51.1312995],[16.9839076,51.1312962],[16.983895,51.1312929],[16.9838824,51.1312895],[16.9838697,51.1312862],[16.9838571,51.1312829],[16.9838445,51.1312796],[16.9838319,51.1312763],[16.9838193,51.131273],[16.9838067,51.1312697],[16.9837947,51.1312655],[16.9837826,51.1312614],[16.9837706,51.1312572],[16.9837586,51.1312531],[16.9837466,51.1312489],[16.9837345,51.1312448],[16.9837225,51.1312406],[16.9837105,51.1312364],[16.9836984,51.1312323],[16.9836864,51.1312281],[16.9836744,51.131224],[16.9836624,51.1312198],[16.9836503,51.1312157],[16.9836383,51.1312115],[16.983627,51.1312068],[16.9836158,51.131202],[16.9836045,51.1311973],[16.9835932,51.1311926],[16.983582,51.1311878],[16.9835707,51.1311831],[16.9835594,51.1311783],[16.9835482,51.1311736],[16.9835369,51.1311689],[16.9835256,51.1311641],[16.9835143,51.1311594],[16.9835031,51.1311546],[16.9834918,51.1311499],[16.9834805,51.1311452],[16.9834693,51.1311404],[16.983458,51.1311357],[16.9834462,51.1311306],[16.9834343,51.1311256],[16.9834225,51.1311205],[16.9834106,51.1311155],[16.9833988,51.1311104],[16.983387,51.1311054],[16.9833751,51.1311003],[16.9833633,51.1310953],[16.9833514,51.1310902],[16.9833396,51.1310852],[16.9833277,51.1310801],[16.9833159,51.1310751],[16.9833041,51.13107],[16.9832922,51.131065],[16.9832804,51.1310599],[16.9832685,51.1310549],[16.9832567,51.1310498],[16.9832462,51.1310449],[16.9832357,51.1310401],[16.9832252,51.1310352],[16.9832147,51.1310304],[16.9832042,51.1310255],[16.9831936,51.1310207],[16.9831831,51.1310158],[16.9831726,51.131011],[16.9831621,51.1310061],[16.9831516,51.1310013],[16.9831411,51.1309964],[16.9831303,51.1309912],[16.9831195,51.130986],[16.9831088,51.1309809],[16.983098,51.1309757],[16.9830872,51.1309705],[16.9830764,51.1309653],[16.9830656,51.1309601],[16.9830549,51.130955],[16.9830441,51.1309498],[16.9830333,51.1309446],[16.9830225,51.1309394],[16.9830117,51.1309342],[16.9830009,51.130929],[16.9829902,51.1309239],[16.9829794,51.1309187],[16.9829686,51.1309135],[16.9829591,51.1309068],[16.9829496,51.1309001],[16.9829401,51.1308934],[16.9829306,51.1308867],[16.9829211,51.13088],[16.9829116,51.1308733],[16.9829021,51.1308666],[16.9828927,51.1308599],[16.9828832,51.1308531],[16.9828737,51.1308464],[16.9828642,51.1308397],[16.9828547,51.130833],[16.9828452,51.1308263],[16.9828357,51.1308196],[16.9828262,51.1308129],[16.9828167,51.1308062],[16.9828097,51.1308005],[16.9827749,51.1307818]]}},{"type":"Feature","properties":{"layer":"roads"},"geometry":{"type":"LineString","coordinates":[[16.9827749,51.1307818],[16.9827408,51.1308018],[16.9827289,51.1308065],[16.9827169,51.1308111],[16.982705,51.1308158],[16.9826918,51.1308151],[16.9826785,51.1308143],[16.9826653,51.1308136],[16.9826521,51.1308129],[16.9826388,51.1308122],[16.9826256,51.1308114],[16.9826123,51.1308107],[16.9825991,51.13081],[16.9825859,51.1308093],[16.9825726,51.1308085],[16.9825594,51.1308078],[16.9825461,51.1308092],[16.9825328,51.1308105],[16.9825194,51.1308119],[16.9825061,51.1308132],[16.9824928,51.1308146],[16.9824794,51.1308159],[16.9824661,51.1308173],[16.9824528,51.1308186],[16.9824395,51.13082],[16.9824261,51.1308214],[16.9824128,51.1308227],[16.9823995,51.1308241],[16.9823555,51.1308228]]}},{"type":"Feature","properties":{"layer":"roads"},"geometry":{"type":"LineString","coordinates":[[16.9827749,51.1307818],[16.9827549,51.1307559],[16.9827545,51.1307483],[16.982754,51.1307408],[16.9827536,51.1307332],[16.9827531,51.1307257],[16.9827527,51.1307181],[16.9827453,51.1307115],[16.9827379,51.130705],[16.9827305,51.1306984],[16.9827231,51.1306918],[16.9827156,51.1306853],[16.9827082,51.1306787],[16.9827008,51.1306721],[16.9826934,51.1306656],[16.982686,51.130659],[16.9826781,51.1306516],[16.9826703,51.1306442],[16.9826624,51.1306367],[16.9826546,51.1306293],[16.9826467,51.1306219],[16.9826388,51.1306145],[16.982631,51.130607],[16.9826231,51.1305996],[16.9826153,51.1305922],[16.9826074,51.1305848],[16.9825996,51.1305773],[16.9825917,51.1305699],[16.9825838,51.1305625],[16.982576,51.1305551],[16.9825681,51.1305476],[16.9825755,51.1305346],[16.9825428,51.1305323],[16.9824993,51.1305307],[16.9824861,51.1305302],[16.9824728,51.1305297],[16.9824595,51.1305291],[16.9824462,51.1305286],[16.982433,51.1305281],[16.9823853,51.1305273]]}},{"type":"Feature","properties":{"layer":"roads"},"geometry":{"type":"LineString","coordinates":[[16.9785192,51.1308999],[16.97844,51.1309093],[16.9783827,51.1309214]]}},{"type":"Feature","properties":{"layer":"roads"},"geometry":{"type":"LineString","coordinates":[[16.9785192,51.1308999],[16.9785704,51.1308863],[16.978583,51.1308837],[16.9785955,51.1308811],[16.9786081,51.1308785],[16.9786206,51.1308759],[16.9786332,51.1308733],[16.9786457,51.1308707],[16.9786586,51.1308672],[16.9786716,51.1308637],[16.9786845,51.1308602],[16.9786975,51.1308567],[16.9787104,51.1308533],[16.9787233,51.1308498],[16.9787363,51.1308463],[16.9787492,51.1308428],[16.9787622,51.1308393],[16.9787751,51.1308358],[16.978788,51.1308323],[16.978801,51.1308288],[16.9788139,51.1308253],[16.9788269,51.1308218],[16.9788398,51.1308183],[16.9788527,51.1308149],[16.9788657,51.1308114],[16.9788786,51.1308079],[16.9788916,51.1308044],[16.9789045,51.1308009],[16.9789172,51.1307985],[16.9789299,51.1307961],[16.9789427,51.1307938],[16.9789554,51.1307914],[16.9789681,51.130789],[16.9789808,51.1307866],[16.9789935,51.1307842],[16.9790063,51.1307819],[16.979019,51.1307795],[16.9790317,51.1307771],[16.9790445,51.130776],[16.9790574,51.130775],[16.9790702,51.1307739],[16.9790831,51.1307728],[16.9790959,51.1307718],[16.9791087,51.1307707],[16.9791216,51.1307696],[16.9791344,51.1307685],[16.9791473,51.1307675],[16.9791601,51.1307664],[16.9791742,51.1307652],[16.9791882,51.1307641],[16.9792023,51.1307629],[16.9792164,51.1307618],[16.9792305,51.1307606],[16.9792445,51.1307594],[16.9792586,51.1307583],[16.9792727,51.1307571],[16.9792867,51.130756],[16.9793008,51.1307548],[16.9793509,51.1307392]]}},{"type":"Feature","properties":{"layer":"roads"},"geometry":{"type":"LineString","coordinates":[[16.9846101,51.1336117],[16.9846233,51.1336471],[16.984628,51.1336555],[16.9846327,51.133664],[16.9846375,51.1336724],[16.9846422,51.1336808],[16.9846469,51.1336893],[16.9846516,51.1336977],[16.9846563,51.1337061],[16.984661,51.1337146],[16.9846657,51.133723],[16.9846704,51.1337314],[16.9846751,51.1337398],[16.9846798,51.1337483],[16.9846845,51.1337567],[16.9846892,51.1337651],[16.984694,51.1337736],[16.9846987,51.133782],[16.9847034,51.1337904],[16.9847081,51.1337988],[16.9847128,51.1338073],[16.9847175,51.1338157],[16.9847222,51.1338241],[16.9847269,51.1338326],[16.9847316,51.133841],[16.9847363,51.1338494],[16.984741,51.1338578],[16.9847457,51.1338663],[16.9847505,51.1338747],[16.9847552,51.1338831],[16.9847599,51.1338916],[16.9847646,51.1339],[16.9847693,51.1339084],[16.984774,51.1339169],[16.9847787,51.1339253],[16.9847834,51.1339337],[16.9847881,51.1339421],[16.9847928,51.1339506],[16.9847975,51.133959],[16.9848023,51.1339674],[16.984807,51.1339759],[16.9848117,51.1339843],[16.9848164,51.1339927],[16.9848211,51.1340011],[16.9848258,51.1340096],[16.9848305,51.134018],[16.9848352,51.1340264],[16.9848399,51.1340349],[16.9848446,51.1340433],[16.9848493,51.1340517],[16.984854,51.1340601],[16.9848588,51.1340686],[16.9848635,51.134077],[16.9848682,51.1340854],[16.9848729,51.1340939],[16.9848776,51.1341023],[16.9848823,51.1341107],[16.984887,51.1341192],[16.9848917,51.1341276],[16.9848964,51.134136],[16.9849011,51.1341444],[16.9849058,51.1341529],[16.9849105,51.1341613],[16.9849153,51.1341697],[16.98492,51.1341782],[16.9849247,51.1341866],[16.9849294,51.134195],[16.9849341,51.1342034],[16.9849388,51.1342119],[16.9849435,51.1342203],[16.9849488,51.1342285],[16.9849541,51.1342367],[16.9849656,51.134266]]}},{"type":"Feature","properties":{"layer":"roads"},"geometry":{"type":"LineString","coordinates":[[16.9846101,51.1336117],[16.9845856,51.1335796],[16.9845809,51.1335711],[16.9845761,51.1335626],[16.9845714,51.1335542],[16.9845667,51.1335457],[16.984562,51.1335373],[16.9845572,51.1335288],[16.9845525,51.1335203],[16.9845478,51.1335119],[16.9845431,51.1335034],[16.9845383,51.133495],[16.9845336,51.1334865],[16.9845289,51.133478],[16.9845242,51.1334696],[16.9845194,51.1334611],[16.9845147,51.1334526],[16.98451,51.1334442],[16.9845053,51.1334357],[16.9845005,51.1334273],[16.9844958,51.1334188],[16.9844911,51.1334103],[16.9844864,51.1334019],[16.9844816,51.1333934],[16.9844769,51.133385],[16.9844722,51.1333765],[16.9844675,51.133368],[16.9844627,51.1333596],[16.984458,51.1333511],[16.9844533,51.1333427],[16.9844485,51.1333342],[16.9844438,51.1333257],[16.9844391,51.1333173],[16.9844344,51.1333088],[16.9844296,51.1333004],[16.9844249,51.1332919],[16.9844202,51.1332834],[16.9844155,51.133275],[16.9844107,51.1332665],[16.984406,51.1332581],[16.9844013,51.1332496],[16.9843966,51.1332411],[16.9843918,51.1332327],[16.9843871,51.1332242],[16.9843824,51.1332158],[16.9843777,51.1332073],[16.9843729,51.1331988],[16.9843682,51.1331904],[16.9843635,51.1331819],[16.9843588,51.1331734],[16.984354,51.133165],[16.9843493,51.1331565],[16.9843446,51.1331481],[16.9843399,51.1331396],[16.9843351,51.1331311],[16.9843304,51.1331227],[16.9843257,51.1331142],[16.9843309,51.1330847]]}},{"type":"Feature","properties":{"layer":"roads"},"geometry":{"type":"LineString","coordinates":[[16.9814776,51.1317366],[16.981429,51.1317533],[16.981418,51.1317581],[16.9814069,51.1317628],[16.9813959,51.1317676],[16.9813849,51.1317724],[16.9813738,51.1317771],[16.9813628,51.1317819],[16.9813518,51.1317867],[16.9813408,51.1317915],[16.9813297,51.1317962],[16.9813187,51.131801],[16.9813101,51.1318078],[16.9813016,51.1318146],[16.981293,51.1318214],[16.9812844,51.1318282],[16.9812759,51.131835],[16.9812673,51.1318419],[16.9812587,51.1318487],[16.9812502,51.1318555],[16.9812416,51.1318623],[16.981233,51.1318691],[16.9812245,51.1318759],[16.9812159,51.1318827],[16.9812113,51.1318912],[16.9812068,51.1318997],[16.9812022,51.1319082],[16.9811977,51.1319166],[16.9811931,51.1319251],[16.9811886,51.1319336],[16.981184,51.1319421],[16.9811795,51.1319506],[16.9811749,51.1319591],[16.9811703,51.1319675],[16.9811658,51.131976],[16.9811612,51.1319845],[16.9811567,51.131993],[16.9811521,51.1320015],[16.9811476,51.13201],[16.981143,51.1320185],[16.9811385,51.1320269],[16.9811339,51.1320354],[16.9811294,51.1320439],[16.9811248,51.1320524],[16.9811202,51.1320606],[16.9811155,51.1320688],[16.9810952,51.1321078]]}},{"type":"Feature","properties":{"layer":"roads"},"geometry":{"type":"LineString","coordinates":[[16.9814776,51.1317366],[16.9815124,51.1317589],[16.9815223,51.1317651],[16.9815321,51.1317713],[16.9815419,51.1317775],[16.9815517,51.1317837],[16.9815616,51.1317899],[16.9815714,51.1317961],[16.9815812,51.1318022],[16.9815911,51.1318084],[16.9816009,51.1318146],[16.9816107,51.1318208],[16.9816206,51.131827],[16.9816304,51.1318332],[16.9816402,51.1318394],[16.9816501,51.1318456],[16.9816599,51.1318517],[16.9816697,51.1318579],[16.9816796,51.1318641],[16.9816894,51.1318703],[16.9816992,51.1318765],[16.981709,51.1318827],[16.9817189,51.1318889],[16.9817287,51.131895],[16.9817385,51.1319012],[16.9817484,51.1319074],[16.9817582,51.1319136],[16.981768,51.1319201],[16.9817777,51.1319266],[16.9817875,51.1319331],[16.9817973,51.1319396],[16.9818071,51.131946],[16.9818168,51.1319525],[16.9818266,51.131959],[16.9818364,51.1319655],[16.9818462,51.131972],[16.9818559,51.1319785],[16.9818657,51.131985],[16.9818755,51.1319915],[16.9818852,51.131998],[16.981895,51.1320044],[16.9819305,51.1320252]]}},{"type":"Feature","properties":{"layer":"roads"},"geometry":{"type":"LineString","coordinates":[[16.9814776,51.1317366],[16.9815165,51.131711],[16.9815273,51.1317052],[16.9815381,51.1316994],[16.981549,51.1316936],[16.9815598,51.1316878],[16.9815707,51.131682],[16.9815815,51.1316762],[16.9815924,51.1316704],[16.9816032,51.1316646],[16.981614,51.1316588],[16.9816249,51.131653],[16.9816357,51.1316473],[16.9816466,51.1316415],[16.9816574,51.1316357],[16.9816682,51.1316299],[16.9816791,51.1316241],[16.9816899,51.1316183],[16.9817008,51.1316125],[16.9817116,51.1316067],[16.9817225,51.1316009],[16.9817333,51.1315951],[16.9817441,51.1315893],[16.981755,51.1315835],[16.9817658,51.1315777],[16.9817767,51.1315719],[16.9817875,51.1315661],[16.9817999,51.1315623],[16.9818122,51.1315584],[16.9818246,51.1315546],[16.9818369,51.1315507],[16.9818493,51.1315469],[16.9818616,51.131543],[16.981874,51.1315392],[16.9818864,51.1315353],[16.9818987,51.1315315],[16.9819111,51.1315276],[16.9819234,51.1315238],[16.9819358,51.1315199],[16.9819481,51.1315161],[16.9819605,51.1315122],[16.9819728,51.1315084],[16.9819852,51.1315045],[16.9819976,51.1315007],[16.9820099,51.1314968],[16.9820223,51.131493],[16.9820703,51.1314684]]}},{"type":"Feature","properties":{"layer":"roads"},"geometry":{"type":"LineString","coordinates":[[16.9705875,51.1305162],[16.9706568,51.1304774]]}},{"type":"Feature","properties":{"layer":"roads"},"geometry":{"type":"LineString","coordinates":[[16.9705875,51.1305162],[16.9705445,51.130519],[16.9705317,51.1305228],[16.9705189,51.1305266],[16.9705061,51.1305304],[16.9704933,51.1305342],[16.9704806,51.130538],[16.9704678,51.1305418],[16.970455,51.1305456],[16.9704422,51.1305494],[16.9704294,51.1305532],[16.9704166,51.130557],[16.9704038,51.1305608],[16.9703911,51.1305646],[16.9703783,51.1305684],[16.9703655,51.1305722],[16.9703527,51.130576],[16.9703399,51.1305798],[16.9703271,51.1305836],[16.9703143,51.1305874],[16.9703016,51.1305912],[16.9702888,51.130595],[16.970276,51.1305988],[16.9702632,51.1306026],[16.9702504,51.1306064],[16.9702376,51.1306102],[16.9702248,51.130614],[16.9702121,51.1306178],[16.9701993,51.1306216],[16.9701865,51.1306254],[16.9701737,51.1306292],[16.9701609,51.130633],[16.9701481,51.1306368],[16.9701353,51.1306406],[16.9701225,51.1306444],[16.9701098,51.1306482],[16.970097,51.130652],[16.9700842,51.1306558],[16.9700714,51.1306596],[16.9700586,51.1306634],[16.9700458,51.1306672],[16.970033,51.130671],[16.9700203,51.1306748],[16.9700075,51.1306786],[16.9699947,51.1306824],[16.9699819,51.1306862],[16.9699691,51.13069],[16.9699563,51.1306938],[16.9699435,51.1306976],[16.9699308,51.1307014],[16.969918,51.1307052],[16.9699052,51.130709],[16.9698924,51.1307128],[16.9698796,51.1307166],[16.9698668,51.1307204],[16.969854,51.1307242],[16.9698413,51.130728],[16.9698285,51.1307318],[16.9698157,51.1307356],[16.9698029,51.1307394],[16.9697901,51.1307432],[16.9697773,51.130747],[16.9697645,51.1307508],[16.9697259,51.1307689]]}},{"type":"Feature","properties":{"layer":"roads"},"geometry":{"type":"LineString","coordinates":[[16.9705875,51.1305162],[16.9705886,51.130546],[16.9705832,51.1305542],[16.9705778,51.1305625],[16.9705724,51.1305708],[16.9705669,51.1305791],[16.9705615,51.1305874],[16.9705561,51.1305957],[16.9705507,51.130604],[16.9705453,51.1306123],[16.9705398,51.1306206],[16.9705344,51.1306289],[16.970529,51.1306372],[16.9705235,51.1306455],[16.9705181,51.1306538],[16.9705127,51.130662],[16.9705073,51.1306703],[16.9705019,51.1306786],[16.9704964,51.1306869],[16.970491,51.1306952],[16.9704856,51.1307035],[16.9704802,51.1307118],[16.9704747,51.1307201],[16.9704693,51.1307284],[16.9704639,51.1307367],[16.9704584,51.130745],[16.970453,51.1307533],[16.9704476,51.1307616],[16.9704422,51.1307698],[16.9704368,51.1307781],[16.9704313,51.1307864],[16.9704259,51.1307947],[16.9704205,51.130803],[16.970415,51.1308113],[16.9704096,51.1308196],[16.9704042,51.1308279],[16.9703988,51.1308362],[16.9703934,51.1308445],[16.9703879,51.1308528],[16.9703825,51.1308611],[16.9703771,51.1308694],[16.9703717,51.1308776],[16.9703662,51.1308859],[16.9703608,51.1308942],[16.9703554,51.1309025],[16.9703499,51.1309108],[16.9703445,51.1309191],[16.9703391,51.1309274],[16.9703373,51.1309361],[16.9703355,51.1309448],[16.9703337,51.1309535],[16.970332,51.1309622],[16.9703302,51.1309708],[16.9703284,51.1309795],[16.9703266,51.1309882],[16.9703248,51.1309969],[16.970323,51.1310056],[16.9703212,51.1310143],[16.9703194,51.131023],[16.9703176,51.1310316],[16.9703159,51.1310403],[16.9703141,51.131049],[16.9703123,51.1310577],[16.9703105,51.1310664],[16.9703105,51.1310749],[16.9703106,51.1310834],[16.9703106,51.1310919],[16.9703106,51.1311004],[16.9703106,51.1311089],[16.9703107,51.1311174],[16.9703107,51.1311259],[16.9703107,51.1311345],[16.9703107,51.131143],[16.9703108,51.1311515],[16.9703108,51.13116],[16.9703108,51.1311685],[16.9703108,51.131177],[16.9703109,51.1311855],[16.9703109,51.131194],[16.9703087,51.1312025],[16.9703065,51.1312111],[16.9703042,51.1312196],[16.970302,51.1312282],[16.9702998,51.1312367],[16.9702976,51.1312452],[16.9702954,51.1312538],[16.9702931,51.1312623],[16.9702909,51.1312709],[16.9702887,51.1312794],[16.9702865,51.1312879],[16.9702843,51.1312965],[16.970282,51.131305],[16.9702798,51.1313136],[16.9702776,51.1313221],[16.9702754,51.1313306],[16.9702711,51.1313595]]}},{"type":"Feature","properties":{"layer":"roads"},"geometry":{"type":"LineString","coordinates":[[16.9702711,51.1313595],[16.9703175,51.1313494],[16.9703303,51.1313455],[16.970343,51.1313417],[16.9703558,51.1313378],[16.9703685,51.131334],[16.9703813,51.1313301],[16.970394,51.1313262],[16.9704068,51.1313224],[16.9704195,51.1313185],[16.9704323,51.1313147],[16.970445,51.1313108],[16.9704578,51.131307],[16.9704705,51.1313031],[16.9704833,51.1312992],[16.970496,51.1312954],[16.9705088,51.1312915],[16.9705215,51.1312877],[16.9705343,51.1312838],[16.970547,51.13128],[16.9705598,51.1312761],[16.9705725,51.1312723],[16.9705853,51.1312684],[16.970598,51.1312645],[16.9706108,51.1312607],[16.9706235,51.1312568],[16.9706363,51.131253],[16.970649,51.1312491],[16.9706618,51.1312453],[16.9706745,51.1312414],[16.9706873,51.1312375],[16.9707,51.1312337],[16.9707128,51.1312298],[16.9707255,51.131226],[16.9707383,51.1312221],[16.9707893,51.1312067]]}},{"type":"Feature","properties":{"layer":"roads"},"geometry":{"type":"LineString","coordinates":[[16.9702711,51.1313595],[16.9702376,51.1313924],[16.9702303,51.1313994],[16.9702231,51.1314063],[16.9701929,51.1314282]]}},{"type":"Feature","properties":{"layer":"roads"},"geometry":{"type":"LineString","coordinates":[[16.9702711,51.1313595],[16.9702146,51.131362],[16.9702016,51.1313612],[16.9701533,51.1313635]]}},{"type":"Feature","properties":{"layer":"roads"},"geometry":{"type":"LineString","coordinates":[[16.9767158,51.1313585],[16.9767672,51.1313423],[16.9767788,51.1313372],[16.9767904,51.1313321],[16.9768021,51.131327],[16.9768137,51.1313218],[16.9768253,51.1313167],[16.976837,51.1313116],[16.9768486,51.1313065],[16.9768603,51.1313014],[16.9768719,51.1312962],[16.9768835,51.1312911],[16.9768952,51.131286],[16.9769068,51.1312809],[16.9769184,51.1312758],[16.9769301,51.1312706],[16.9769417,51.1312655],[16.9769534,51.1312604],[16.976965,51.1312553],[16.9769766,51.1312501],[16.9769883,51.131245],[16.9769999,51.1312399],[16.9770116,51.1312348],[16.9770232,51.1312297],[16.9770348,51.1312245],[16.9770465,51.1312194],[16.9770581,51.1312143],[16.9770697,51.1312092],[16.9771343,51.1311804]]}},{"type":"Feature","properties":{"layer":"roads"},"geometry":{"type":"LineString","coordinates":[[16.9767158,51.1313585],[16.9767536,51.1313912],[16.9767619,51.1313983],[16.9767701,51.1314055],[16.9767784,51.1314126],[16.9767867,51.1314197],[16.9767949,51.1314268],[16.9768032,51.1314339],[16.9768114,51.131441],[16.9768197,51.1314481],[16.9768279,51.1314552],[16.9768362,51.1314623],[16.9768445,51.1314694],[16.9768527,51.1314766],[16.976861,51.1314837],[16.9768692,51.1314908],[16.9768775,51.1314979],[16.9768857,51.131505],[16.976894,51.1315121],[16.9769015,51.1315196],[16.976909,51.1315271],[16.9769165,51.1315346],[16.9769239,51.1315422],[16.9769314,51.1315497],[16.9769389,51.1315572],[16.9769464,51.1315647],[16.9769539,51.1315722],[16.9769614,51.1315797],[16.9769689,51.1315872],[16.9769763,51.1315948],[16.9769838,51.1316023],[16.9769913,51.1316098],[16.9769988,51.1316173],[16.9770297,51.1316384]]}},{"type":"Feature","properties":{"layer":"roads"},"geometry":{"type":"LineString","coordinates":[[16.9767158,51.1313585],[16.9766693,51.1313781],[16.9766564,51.1313819],[16.9766436,51.1313857],[16.9766308,51.1313895],[16.976618,51.1313934],[16.9766051,51.1313972],[16.9765923,51.131401],[16.9765795,51.1314048],[16.9765666,51.1314086],[16.9765538,51.1314124],[16.976541,51.1314163],[16.9765281,51.1314201],[16.9765153,51.1314239],[16.9765025,51.1314277],[16.9764896,51.1314315],[16.9764768,51.1314354],[16.976464,51.1314392],[16.9764512,51.131443],[16.9764383,51.1314468],[16.9764255,51.1314506],[16.9764127,51.1314545],[16.9763998,51.1314583],[16.976387,51.1314621],[16.9763752,51.1314663],[16.9763633,51.1314705],[16.9763515,51.1314748],[16.9763397,51.131479],[16.9763278,51.1314832],[16.976316,51.1314874],[16.9763042,51.1314917],[16.9762923,51.1314959],[16.9762805,51.1315001],[16.9762687,51.1315043],[16.9762568,51.1315085],[16.976245,51.1315128],[16.9762332,51.131517],[16.9762213,51.1315212],[16.9762095,51.1315254],[16.9761977,51.1315297],[16.9761858,51.1315339],[16.976174,51.1315381],[16.9761625,51.1315435],[16.976151,51.1315489],[16.9761396,51.1315542],[16.9761281,51.1315596],[16.9761166,51.131565],[16.9761051,51.1315703],[16.9760936,51.1315757],[16.9760822,51.1315811],[16.9760707,51.1315865],[16.9760592,51.1315918],[16.9760477,51.1315972],[16.9760362,51.1316026],[16.9760248,51.131608],[16.9760133,51.1316134],[16.9760018,51.1316187],[16.9759903,51.1316241],[16.9759788,51.1316295],[16.9759674,51.1316348],[16.9759559,51.1316402],[16.9759444,51.1316456],[16.9759342,51.1316515],[16.9759239,51.1316574],[16.9759137,51.1316632],[16.9759035,51.1316691],[16.9758932,51.131675],[16.975883,51.1316809],[16.9758728,51.1316868],[16.9758625,51.1316926],[16.9758523,51.1316985],[16.9758421,51.1317044],[16.9758318,51.1317103],[16.9758216,51.1317162],[16.9758114,51.131722],[16.9758011,51.1317279],[16.9757909,51.1317338],[16.9757806,51.1317397],[16.9757704,51.1317455],[16.9757602,51.1317514],[16.9757499,51.1317573],[16.9757397,51.1317632],[16.9757295,51.1317691],[16.9757192,51.1317749],[16.975709,51.1317808],[16.9756988,51.1317867],[16.9756885,51.1317926],[16.9756783,51.1317985],[16.9756681,51.1318043],[16.9756578,51.1318102],[16.9756476,51.1318161],[16.975637,51.1318219],[16.9756264,51.1318277],[16.9756158,51.1318335],[16.9756052,51.1318393],[16.9755946,51.1318452],[16.975584,51.131851],[16.9755734,51.1318568],[16.9755628,51.1318626],[16.9755522,51.1318684],[16.9755089,51.1318941]]}},{"type":"Feature","properties":{"layer":"roads"},"geometry":{"type":"LineString","coordinates":[[16.9849656,51.134266],[16.9850016,51.1343102],[16.9850069,51.1343184],[16.9850121,51.1343265],[16.9850174,51.1343346],[16.9850226,51.1343428],[16.9850279,51.1343509],[16.9850331,51.1343591],[16.9850384,51.1343672],[16.9850436,51.1343753],[16.9850489,51.1343835],[16.9850646,51.1344079],[16.9850958,51.134427]]}},{"type":"Feature","properties":{"layer":"roads"},"geometry":{"type":"LineString","coordinates":[[16.9849656,51.134266],[16.9849242,51.1342828],[16.9849102,51.1342841],[16.9848961,51.1342854],[16.984882,51.1342867],[16.9848679,51.134288],[16.9848585,51.1342945],[16.9848492,51.1343009],[16.9848398,51.1343074],[16.9848305,51.1343138],[16.9848211,51.1343203],[16.9848117,51.1343268],[16.9848024,51.1343332],[16.984793,51.1343397],[16.9847836,51.1343462],[16.9847743,51.1343526],[16.9847649,51.1343591],[16.9847556,51.1343655],[16.9847462,51.134372],[16.9847368,51.1343785],[16.9847275,51.1343849],[16.9847181,51.1343914],[16.9847087,51.1343979],[16.9846994,51.1344043],[16.98469,51.1344108],[16.9846807,51.1344172],[16.9846713,51.1344237],[16.9846619,51.1344302],[16.9846526,51.1344366],[16.9846432,51.1344431],[16.9846364,51.1344508],[16.9846295,51.1344584],[16.9846227,51.1344661],[16.9846159,51.1344738],[16.984609,51.1344814],[16.9846022,51.1344891],[16.9845954,51.1344967],[16.9845885,51.1345044],[16.9845817,51.1345121],[16.9845749,51.1345197],[16.984568,51.1345274],[16.9845612,51.1345351],[16.9845544,51.1345427],[16.9845475,51.1345504],[16.9845407,51.1345581],[16.9845339,51.1345657],[16.984527,51.1345734],[16.9845202,51.134581],[16.9845134,51.1345887],[16.9845065,51.1345964],[16.9844997,51.134604],[16.9844929,51.1346117],[16.984486,51.1346194],[16.9844792,51.134627],[16.9844724,51.1346347],[16.9844655,51.1346424],[16.9844587,51.13465],[16.9844519,51.1346577],[16.984445,51.1346654],[16.9844382,51.134673],[16.9844314,51.1346807],[16.9844245,51.1346883],[16.9844177,51.134696],[16.9844109,51.1347037],[16.984404,51.1347113],[16.9843972,51.134719],[16.9843969,51.1347278],[16.9843965,51.1347366],[16.9843962,51.1347454],[16.9843959,51.1347542],[16.9843955,51.134763],[16.9843952,51.1347718],[16.9843948,51.1347806],[16.9843945,51.1347894],[16.9843942,51.1347982],[16.9843938,51.134807],[16.9843935,51.1348158],[16.9843932,51.1348246],[16.9843928,51.1348334],[16.9843925,51.1348422],[16.9843921,51.134851],[16.9843918,51.1348598],[16.9843915,51.1348686],[16.9843911,51.1348774],[16.9843908,51.1348862],[16.9843905,51.134895],[16.9843901,51.1349038],[16.9843898,51.1349126],[16.9843894,51.1349214],[16.9843891,51.1349302],[16.9843888,51.134939],[16.9843884,51.1349478],[16.9843881,51.1349566],[16.9843878,51.1349654],[16.9843874,51.1349742],[16.9843871,51.134983],[16.9843867,51.1349918],[16.9843864,51.1350006],[16.9843768,51.1350348]]}},{"type":"Feature","properties":{"layer":"roads"},"geometry":{"type":"LineString","coordinates":[[16.9843768,51.1350348],[16.9843318,51.1350387],[16.9843184,51.1350416],[16.984305,51.1350446],[16.9842916,51.1350475],[16.9842782,51.1350504],[16.9842648,51.1350533],[16.9842514,51.1350563],[16.984238,51.1350592],[16.9842246,51.1350621],[16.9842112,51.1350651],[16.9841978,51.135068],[16.9841844,51.1350709],[16.984171,51.1350738],[16.9841576,51.1350768],[16.9841442,51.1350797],[16.9841308,51.1350826],[16.9841174,51.1350856],[16.984104,51.1350885],[16.9840906,51.1350914],[16.9840772,51.1350943],[16.9840638,51.1350973],[16.9840504,51.1351002],[16.984037,51.1351031],[16.9840236,51.1351061],[16.9840102,51.135109],[16.9839968,51.1351119],[16.9839834,51.1351148],[16.98397,51.1351178],[16.9839566,51.1351207],[16.9839432,51.1351236],[16.9839298,51.1351265],[16.9839164,51.1351295],[16.983903,51.1351324],[16.9838897,51.1351353],[16.9838765,51.1351382],[16.9838632,51.1351411],[16.9838499,51.135144],[16.9838367,51.1351469],[16.9838234,51.1351498],[16.9838101,51.1351527],[16.9837969,51.1351556],[16.9837836,51.1351585],[16.9837703,51.1351614],[16.9837571,51.1351643],[16.9837438,51.1351672],[16.9837305,51.1351701],[16.9837173,51.135173],[16.983704,51.1351759],[16.9836907,51.1351788],[16.9836775,51.1351817],[16.9836642,51.1351846],[16.9836509,51.1351875],[16.9836376,51.1351904],[16.9836244,51.1351933],[16.9836111,51.1351962],[16.9835978,51.1351991],[16.9835846,51.135202],[16.9835713,51.1352049],[16.983558,51.1352078],[16.9835448,51.1352107],[16.9835315,51.1352136],[16.9835182,51.1352165],[16.983505,51.1352194],[16.9834917,51.1352223],[16.9834489,51.1352364]]}},{"type":"Feature","properties":{"layer":"roads"},"geometry":{"type":"LineString","coordinates":[[16.9843768,51.1350348],[16.9843876,51.1350623],[16.9843881,51.1350712],[16.9843886,51.13508],[16.9843892,51.1350889],[16.9843897,51.1350977],[16.9843903,51.1351065],[16.9843908,51.1351154],[16.9843913,51.1351242],[16.9843919,51.135133],[16.9843924,51.1351419],[16.984393,51.1351507],[16.9843935,51.1351595],[16.984394,51.1351684],[16.9843946,51.1351772],[16.9843951,51.1351861],[16.9843956,51.1351949],[16.9843962,51.1352037],[16.9843967,51.1352126],[16.9843973,51.1352214],[16.9843978,51.1352302],[16.9843983,51.1352391],[16.9843989,51.1352479],[16.9843994,51.1352567],[16.9844,51.1352656],[16.9844005,51.1352744],[16.984401,51.1352833],[16.9844016,51.1352921],[16.9844021,51.1353009],[16.9844027,51.1353098],[16.9844032,51.1353186],[16.9843991,51.135327],[16.984395,51.1353354],[16.984391,51.1353437],[16.9843869,51.1353521],[16.9843828,51.1353605],[16.9843787,51.1353689],[16.9843747,51.1353773],[16.9843706,51.1353856],[16.9843665,51.135394],[16.9843624,51.1354024],[16.9843584,51.1354108],[16.9843543,51.1354192],[16.9843502,51.1354276],[16.9843461,51.1354359],[16.9843421,51.1354443],[16.984338,51.1354527],[16.9843339,51.1354611],[16.9843298,51.1354695],[16.9843258,51.1354778],[16.9843217,51.1354862],[16.9843176,51.1354946],[16.984317,51.1355034],[16.9843165,51.1355122],[16.9843159,51.135521],[16.9843154,51.1355297],[16.9843148,51.1355385],[16.9843143,51.1355473],[16.9843137,51.1355561],[16.9843132,51.1355649],[16.9843126,51.1355737],[16.984312,51.1355824],[16.9843115,51.1355912],[16.9843109,51.1356],[16.9843104,51.1356088],[16.9843098,51.1356176],[16.9843093,51.1356264],[16.9843087,51.1356351],[16.9843081,51.1356439],[16.9843076,51.1356527],[16.984307,51.1356615],[16.9843065,51.1356703],[16.9843059,51.1356791],[16.9843054,51.1356879],[16.9843048,51.1356966],[16.9843042,51.1357054],[16.9843037,51.1357142],[16.9843031,51.135723],[16.9843026,51.1357318],[16.984302,51.1357406],[16.9843015,51.1357493],[16.9843009,51.1357581],[16.9843004,51.1357669],[16.9842998,51.1357757],[16.9843071,51.1357832],[16.9843144,51.1357908],[16.9843217,51.1357983],[16.984329,51.1358058],[16.9843363,51.1358133],[16.9843436,51.1358209],[16.984351,51.1358284],[16.9843787,51.1358596]]}},{"type":"Feature","properties":{"layer":"roads"},"geometry":{"type":"LineString","coordinates":[[16.9868193,51.135241],[16.9868265,51.1352686],[16.986834,51.1352762],[16.9868414,51.1352838],[16.9868488,51.1352914],[16.9868563,51.135299],[16.9868637,51.1353067],[16.9868711,51.1353143],[16.9868786,51.1353219],[16.986886,51.1353295],[16.9868934,51.1353371],[16.9869009,51.1353447],[16.9869083,51.1353523],[16.9869157,51.13536],[16.9869232,51.1353676],[16.9869306,51.1353752],[16.986938,51.1353828],[16.9869455,51.1353904],[16.9869529,51.135398],[16.9869603,51.1354056],[16.9869678,51.1354132],[16.9869886,51.1354346],[16.986988,51.1354498],[16.9869785,51.1354559],[16.986969,51.135462],[16.9869595,51.135468],[16.9869499,51.1354741],[16.9869404,51.1354802],[16.9869309,51.1354863],[16.9869214,51.1354924],[16.9869119,51.1354985],[16.9869024,51.1355045],[16.9868929,51.1355106],[16.9868834,51.1355167],[16.9868739,51.1355228],[16.9868644,51.1355289],[16.9868548,51.135535],[16.9868453,51.135541],[16.9868358,51.1355471],[16.9868263,51.1355532],[16.9868168,51.1355593],[16.986805,51.1355638],[16.9867932,51.1355684],[16.9867814,51.1355729],[16.9867696,51.1355775],[16.9867578,51.135582],[16.986746,51.1355866],[16.9867342,51.1355911],[16.9867224,51.1355957],[16.9867106,51.1356002],[16.9866988,51.1356047],[16.986687,51.1356093],[16.9866752,51.1356138],[16.9866633,51.1356184],[16.9866515,51.1356229],[16.9866397,51.1356275],[16.9866279,51.135632],[16.9866161,51.1356365],[16.9866043,51.1356411],[16.9865925,51.1356456],[16.9865807,51.1356502],[16.9865689,51.1356547],[16.9865571,51.1356593],[16.9865453,51.1356638],[16.9865335,51.1356684],[16.9865217,51.1356729],[16.9865079,51.1356751],[16.9864941,51.1356774],[16.9864802,51.1356796],[16.9864664,51.1356819],[16.9864526,51.1356841],[16.9864388,51.1356864],[16.986425,51.1356886],[16.9864112,51.1356909],[16.9863974,51.1356931],[16.9863835,51.1356954],[16.9863697,51.1356976],[16.9863559,51.1356999],[16.9863421,51.1357021],[16.9863283,51.1357044],[16.9863145,51.1357066],[16.9863006,51.1357088],[16.9862868,51.1357111],[16.986273,51.1357133],[16.9862592,51.1357156],[16.9862454,51.1357178],[16.9862315,51.1357201],[16.9862177,51.1357223],[16.9862039,51.1357246],[16.9861901,51.1357268],[16.9861763,51.1357291],[16.9861625,51.1357313],[16.9861132,51.1357389]]}},{"type":"Feature","properties":{"layer":"roads"},"geometry":{"type":"LineString","coordinates":[[16.9868193,51.135241],[16.9867848,51.1352208],[16.9867626,51.1352107],[16.986727,51.1351969],[16.9867151,51.1351923],[16.9867032,51.1351877],[16.9866913,51.1351831],[16.9866794,51.1351785],[16.9866676,51.1351739],[16.9866557,51.1351693],[16.9866438,51.1351647],[16.9866319,51.1351601],[16.98662,51.1351555],[16.9865844,51.1351417],[16.9865469,51.135121]]}},{"type":"Feature","properties":{"layer":"roads"},"geometry":{"type":"LineString","coordinates":[[16.9868193,51.135241],[16.9868661,51.1352386],[16.9868792,51.1352419],[16.986893,51.1352423],[16.9869068,51.1352428],[16.9869206,51.1352432],[16.9869344,51.1352437],[16.9869482,51.1352441],[16.986962,51.1352445],[16.9869759,51.135245],[16.9869897,51.1352454],[16.9870035,51.1352458],[16.9870173,51.1352463],[16.9870311,51.1352467],[16.9870449,51.1352472],[16.9870587,51.1352476],[16.9870719,51.135246],[16.9870852,51.1352443],[16.9870984,51.1352427],[16.9871116,51.135241],[16.9871249,51.1352394],[16.9871381,51.1352377],[16.9871513,51.1352361],[16.9871646,51.1352344],[16.9871778,51.1352328],[16.987191,51.1352311],[16.9872043,51.1352295],[16.9872175,51.1352278],[16.9872307,51.1352262],[16.987244,51.1352245],[16.9872572,51.1352229],[16.987266,51.1352159],[16.9872748,51.1352089],[16.9872836,51.1352018],[16.9872924,51.1351948],[16.9873013,51.1351878],[16.9873101,51.1351808],[16.9873189,51.1351737],[16.9873277,51.1351667],[16.9873365,51.1351597],[16.9873453,51.1351527],[16.9873541,51.1351456],[16.9873629,51.1351386],[16.9873717,51.1351316],[16.9873806,51.1351246],[16.9873894,51.1351176],[16.9873982,51.1351105],[16.987407,51.1351035],[16.9874158,51.1350965],[16.9874246,51.1350895],[16.9874334,51.1350824],[16.9874422,51.1350754],[16.9874511,51.1350684],[16.9874599,51.1350614],[16.9874687,51.1350544],[16.9874775,51.1350473],[16.9874863,51.1350403],[16.9874951,51.1350333],[16.9875039,51.1350263],[16.9875127,51.1350192],[16.9875215,51.1350122],[16.9875304,51.1350052],[16.9875392,51.1349982],[16.987548,51.1349911],[16.9875568,51.1349841],[16.9875656,51.1349771],[16.9875731,51.1349696],[16.9875805,51.1349622],[16.987588,51.1349547],[16.9875954,51.1349473],[16.9876029,51.1349398],[16.9876104,51.1349323],[16.9876178,51.1349249],[16.9876253,51.1349174],[16.9876327,51.13491],[16.9876402,51.1349025],[16.9876477,51.134895],[16.9876551,51.1348876],[16.9876626,51.1348801],[16.98767,51.1348727],[16.9876775,51.1348652],[16.9876849,51.1348578],[16.9876924,51.1348503],[16.9876999,51.1348428],[16.9877073,51.1348354],[16.9877148,51.1348279],[16.9877222,51.1348205],[16.9877297,51.134813],[16.9877372,51.1348055],[16.9877446,51.1347981],[16.9877521,51.1347906],[16.9877595,51.1347832],[16.987767,51.1347757],[16.9877745,51.1347682],[16.9878043,51.1347384]]}},{"type":"Feature","properties":{"layer":"roads"},"geometry":{"type":"LineString","coordinates":[[16.9826926,51.1352182],[16.9827026,51.1352461],[16.9827054,51.1352539],[16.9827081,51.1352616],[16.9827109,51.1352694],[16.9827135,51.1352782],[16.982716,51.1352871],[16.9827186,51.1352959],[16.9827211,51.1353047],[16.9827237,51.1353135],[16.9827263,51.1353224],[16.9827288,51.1353312],[16.9827314,51.13534],[16.9827339,51.1353489],[16.9827365,51.1353577],[16.9827415,51.1353661],[16.9827465,51.1353745],[16.9827514,51.135383],[16.9827564,51.1353914],[16.9827614,51.1353998],[16.9827664,51.1354082],[16.9827713,51.1354166],[16.9827763,51.1354251],[16.9827813,51.1354335],[16.9827863,51.1354419],[16.9827912,51.1354503],[16.9827962,51.1354587],[16.9828012,51.1354671],[16.9828062,51.1354756],[16.9828111,51.135484],[16.9828161,51.1354924],[16.9828211,51.1355008],[16.9828261,51.1355092],[16.982831,51.1355177],[16.982836,51.1355261],[16.982841,51.1355345],[16.9828455,51.1355429],[16.9828499,51.1355512],[16.9828544,51.1355596],[16.9828588,51.135568],[16.9828633,51.1355763],[16.9828678,51.1355847],[16.9828722,51.1355931],[16.9828767,51.1356014],[16.9828812,51.1356098],[16.9828856,51.1356182],[16.9828901,51.1356265],[16.9828945,51.1356349],[16.982923,51.1356653]]}},{"type":"Feature","properties":{"layer":"roads"},"geometry":{"type":"LineString","coordinates":[[16.9826926,51.1352182],[16.9826362,51.1352217],[16.9826224,51.1352234],[16.9826086,51.1352251],[16.9825948,51.1352267],[16.982581,51.1352284],[16.9825671,51.1352301],[16.9825533,51.1352318],[16.9825395,51.1352334],[16.9825257,51.1352351],[16.9825119,51.1352368],[16.9824981,51.1352385],[16.9824842,51.1352401],[16.9824704,51.1352418],[16.9824566,51.1352435],[16.9824428,51.1352452],[16.982429,51.1352468],[16.9824152,51.1352485],[16.9824013,51.1352502],[16.9823875,51.1352519],[16.9823737,51.1352535],[16.9823599,51.1352552],[16.9823461,51.1352569],[16.9823323,51.1352586],[16.9822884,51.1352575]]}},{"type":"Feature","properties":{"layer":"roads"},"geometry":{"type":"LineString","coordinates":[[16.9826926,51.1352182],[16.9826826,51.1351899],[16.9826796,51.1351815],[16.9826766,51.1351732],[16.9826736,51.1351648],[16.9826706,51.1351565],[16.9826677,51.1351481],[16.9826647,51.1351397],[16.9826617,51.1351314],[16.9826587,51.135123],[16.9826558,51.1351146],[16.9826528,51.1351063],[16.9826498,51.1350979],[16.9826468,51.1350896],[16.9826438,51.1350812],[16.9826409,51.1350728],[16.9826379,51.1350645],[16.9826349,51.1350561],[16.982632,51.1350477],[16.9826291,51.1350392],[16.9826262,51.1350308],[16.9826233,51.1350223],[16.9826204,51.1350139],[16.9826175,51.1350054],[16.9826147,51.134997],[16.9826118,51.1349886],[16.9826089,51.1349801],[16.982606,51.1349717],[16.9826031,51.1349632],[16.9826002,51.1349548],[16.9825973,51.1349463],[16.9825944,51.1349379],[16.9825917,51.1349291],[16.982589,51.1349203],[16.9825862,51.1349115],[16.9825835,51.1349027],[16.9825808,51.1348938],[16.9825781,51.134885],[16.9825753,51.1348762],[16.9825726,51.1348674],[16.9825699,51.1348586],[16.9825672,51.1348498],[16.9825644,51.134841],[16.9825617,51.1348322],[16.982559,51.1348233],[16.9825563,51.1348145],[16.9825535,51.1348057],[16.9825508,51.1347969],[16.9825481,51.1347881],[16.9825453,51.1347793],[16.9825426,51.1347705],[16.9825399,51.1347617],[16.9825372,51.1347529],[16.9825344,51.134744],[16.9825317,51.1347352],[16.982529,51.1347264],[16.9825263,51.1347176],[16.9825235,51.1347088],[16.9825208,51.1347],[16.9825181,51.1346912],[16.9825154,51.1346824],[16.9825127,51.1346735],[16.9825099,51.1346647],[16.9825072,51.1346559],[16.9825045,51.1346471],[16.9825018,51.1346383],[16.982499,51.1346295],[16.9824963,51.1346207],[16.9824936,51.1346119],[16.9824909,51.1346031],[16.9824881,51.1345942],[16.9824854,51.1345854],[16.9824827,51.1345766],[16.98248,51.1345678],[16.9824772,51.134559],[16.9824745,51.1345502],[16.9824718,51.1345414],[16.9824691,51.1345326],[16.9824663,51.1345237],[16.9824636,51.1345149],[16.9824609,51.1345061],[16.9824582,51.1344973],[16.9824554,51.1344885],[16.9824527,51.1344797],[16.98245,51.1344709],[16.9824472,51.1344621],[16.9824445,51.1344533],[16.9824418,51.1344444],[16.9824391,51.1344356],[16.9824364,51.1344268],[16.9824336,51.134418],[16.9824309,51.1344092],[16.9824282,51.1344004],[16.9824255,51.1343916],[16.9824001,51.1343676]]}},{"type":"Feature","properties":{"layer":"roads"},"geometry":{"type":"LineString","coordinates":[[16.9824001,51.1343676],[16.9823634,51.1343936],[16.9823568,51.1344015],[16.9823503,51.1344093],[16.9823438,51.1344172],[16.9823372,51.134425],[16.9823307,51.1344329],[16.9823242,51.1344407],[16.9823176,51.1344486],[16.9823111,51.1344564],[16.9823046,51.1344643],[16.982298,51.1344721],[16.9822915,51.13448],[16.982285,51.1344878],[16.9822784,51.1344957],[16.9822719,51.1345035],[16.9822654,51.1345113],[16.9822588,51.1345192],[16.9822523,51.134527],[16.9822458,51.1345349],[16.9822392,51.1345427],[16.9822327,51.1345506],[16.9822262,51.1345584],[16.9822196,51.1345663],[16.9822131,51.1345741],[16.9822066,51.134582],[16.9822,51.1345898],[16.9821935,51.1345977],[16.982187,51.1346055],[16.9821804,51.1346134],[16.9821739,51.1346212],[16.9821412,51.1346408]]}},{"type":"Feature","properties":{"layer":"roads"},"geometry":{"type":"LineString","coordinates":[[16.9824001,51.1343676],[16.9824188,51.1343081]]}},{"type":"Feature","properties":{"layer":"roads"},"geometry":{"type":"LineString","coordinates":[[16.9855515,51.131484],[16.9855141,51.1314702],[16.9855012,51.1314692],[16.9854882,51.1314682],[16.9854753,51.1314671],[16.9854623,51.1314661],[16.9854494,51.1314651],[16.9854354,51.1314645],[16.9854215,51.1314639],[16.9854075,51.1314633],[16.9853936,51.1314627],[16.9853796,51.1314621],[16.9853657,51.1314615],[16.9853517,51.1314609],[16.9853377,51.1314603],[16.9853238,51.1314597],[16.9853098,51.1314591],[16.9852959,51.1314585],[16.9852819,51.1314579],[16.985268,51.1314573],[16.985254,51.1314567],[16.9852409,51.1314567],[16.9852278,51.1314566],[16.9852147,51.1314566],[16.9852015,51.1314565],[16.9851884,51.1314565],[16.9851753,51.1314565],[16.9851622,51.1314564],[16.9851491,51.1314564],[16.9851363,51.1314595],[16.9851236,51.1314626],[16.9851108,51.1314657],[16.985098,51.1314688],[16.9850852,51.1314719],[16.9850725,51.131475],[16.9850597,51.1314781],[16.9850471,51.1314805],[16.9850345,51.1314829],[16.985022,51.1314853],[16.9850094,51.1314877],[16.9849968,51.1314901],[16.9849852,51.1314898],[16.9849737,51.1314894],[16.9849621,51.131489],[16.9849505,51.1314887],[16.9849383,51.1314865],[16.9849261,51.1314843],[16.9849139,51.1314822],[16.9849017,51.13148],[16.9848895,51.1314778],[16.9848768,51.1314768],[16.984864,51.1314757],[16.9848513,51.1314747],[16.9848386,51.1314737],[16.9848269,51.1314741],[16.9848151,51.1314745],[16.9848034,51.1314748],[16.9847916,51.1314752],[16.9847799,51.1314756],[16.9847676,51.1314767],[16.9847552,51.1314777],[16.9847429,51.1314788],[16.9847305,51.1314799],[16.9847182,51.131481],[16.9847058,51.131482],[16.9846935,51.1314831],[16.98468,51.1314814],[16.9846666,51.1314798],[16.9846531,51.1314781],[16.9846397,51.1314765],[16.9846262,51.1314748],[16.9846151,51.1314712],[16.9846041,51.1314676],[16.984593,51.131464],[16.984582,51.1314604],[16.9845709,51.1314568],[16.9845599,51.1314532],[16.9845488,51.1314496],[16.9845367,51.1314474],[16.9845246,51.1314452],[16.9845124,51.1314431],[16.9845003,51.1314409],[16.9844882,51.1314387],[16.9844761,51.1314365],[16.9844625,51.1314355],[16.9844488,51.1314346],[16.9844352,51.1314336],[16.9844216,51.1314327],[16.9844079,51.1314318],[16.9843943,51.1314308],[16.9843807,51.1314299],[16.9843671,51.1314289],[16.9843534,51.131428],[16.9843398,51.131427],[16.9843267,51.1314258],[16.9843136,51.1314245],[16.9843006,51.1314233],[16.9842875,51.131422],[16.9842744,51.1314208],[16.9842641,51.1314165],[16.9842538,51.1314123],[16.9842435,51.131408],[16.9842333,51.1314038],[16.984223,51.1313995],[16.9842127,51.1313953],[16.9841659,51.131377]]}},{"type":"Feature","properties":{"layer":"roads"},"geometry":{"type":"LineString","coordinates":[[16.9855515,51.131484],[16.9855309,51.1315078],[16.9855214,51.1315143],[16.9855118,51.1315208],[16.9855022,51.1315273],[16.9854927,51.1315339],[16.9854831,51.1315404],[16.9854735,51.1315469],[16.9854631,51.1315763]]}},{"type":"Feature","properties":{"layer":"roads"},"geometry":{"type":"LineString","coordinates":[[16.9789296,51.1294718],[16.9788995,51.1295035],[16.9788906,51.1295105],[16.9788817,51.1295175],[16.9788728,51.1295245],[16.978864,51.1295315],[16.9788551,51.1295385],[16.9788462,51.1295455],[16.9788373,51.1295524],[16.9788284,51.1295594],[16.9788196,51.1295664],[16.9788107,51.1295734],[16.9788018,51.1295804],[16.9787929,51.1295874],[16.978784,51.1295943],[16.9787752,51.1296013],[16.9787663,51.1296083],[16.9787574,51.1296153],[16.9787485,51.1296223],[16.9787396,51.1296293],[16.9787308,51.1296363],[16.9787219,51.1296432],[16.978713,51.1296502],[16.9787041,51.1296572],[16.9786952,51.1296642],[16.9786864,51.1296712],[16.9786775,51.1296782],[16.9786686,51.1296852],[16.9786597,51.1296921],[16.9786508,51.1296991],[16.978642,51.1297061],[16.9786331,51.1297131],[16.9786242,51.1297201],[16.9786153,51.1297271],[16.9786064,51.129734],[16.9785976,51.129741],[16.9785887,51.129748],[16.9785798,51.129755],[16.9785709,51.129762],[16.978562,51.129769],[16.9785532,51.129776],[16.9785443,51.1297829],[16.9785354,51.1297899],[16.9785265,51.1297969],[16.9785176,51.1298039],[16.9785088,51.1298109],[16.9784999,51.1298179],[16.978491,51.1298248],[16.9784821,51.1298318],[16.9784732,51.1298388],[16.9784644,51.1298458],[16.9784555,51.1298528],[16.9784466,51.1298598],[16.9784377,51.1298668],[16.9784288,51.1298737],[16.97842,51.1298807],[16.9784111,51.1298877],[16.9784022,51.1298947],[16.9783941,51.1299019],[16.978386,51.1299091],[16.9783779,51.1299163],[16.9783698,51.1299235],[16.9783617,51.1299307],[16.9783536,51.1299379],[16.9783455,51.1299451],[16.9783374,51.1299523],[16.9783293,51.1299595],[16.9783212,51.1299667],[16.9783131,51.1299739],[16.978305,51.1299811],[16.978297,51.1299884],[16.9782889,51.1299956],[16.9782808,51.1300028],[16.9782727,51.13001],[16.9782646,51.1300172],[16.9782565,51.1300244],[16.9782484,51.1300316],[16.9782403,51.1300388],[16.9782322,51.130046],[16.9782241,51.1300532],[16.9781813,51.1300692]]}},{"type":"Feature","properties":{"layer":"roads"},"geometry":{"type":"LineString","coordinates":[[16.9789296,51.1294718],[16.9789025,51.1294472],[16.9788944,51.1294401],[16.9788863,51.129433],[16.9788782,51.1294259],[16.9788701,51.1294189],[16.978862,51.1294118],[16.9788539,51.1294047],[16.9788458,51.1293976],[16.9788214,51.1293763],[16.9787784,51.1293582]]}},{"type":"Feature","properties":{"layer":"roads"},"geometry":{"type":"LineString","coordinates":[[16.9789296,51.1294718],[16.9789693,51.129447],[16.9789779,51.1294398],[16.9789865,51.1294327],[16.978995,51.1294255],[16.9790036,51.1294184],[16.9790122,51.1294112],[16.9790208,51.1294041],[16.9790294,51.1293969],[16.9790379,51.1293898],[16.9790465,51.1293826],[16.9790551,51.1293755],[16.9790637,51.1293683],[16.9790723,51.1293612],[16.9790808,51.129354],[16.9790894,51.1293469],[16.979098,51.1293397],[16.9791066,51.1293326],[16.9791151,51.1293254],[16.9791237,51.1293183],[16.9791323,51.1293111],[16.9791409,51.1293039],[16.9791495,51.1292968],[16.979158,51.1292896],[16.9791666,51.1292825],[16.9791752,51.1292753],[16.9791838,51.1292682],[16.9791923,51.129261],[16.9792009,51.1292539],[16.9792095,51.1292467],[16.9792181,51.1292396],[16.9792267,51.1292324],[16.9792352,51.1292253],[16.9792438,51.1292181],[16.9792524,51.129211],[16.979261,51.1292038],[16.9792696,51.1291967],[16.9792781,51.1291895],[16.9792867,51.1291824],[16.9792953,51.1291752],[16.9793039,51.1291681],[16.9793124,51.1291609],[16.979321,51.1291538],[16.9793296,51.1291466],[16.9793366,51.1291389],[16.9793435,51.1291311],[16.9793505,51.1291234],[16.9793575,51.1291156],[16.9793645,51.1291079],[16.9793714,51.1291001],[16.9793784,51.1290924],[16.9793854,51.1290847],[16.9793924,51.1290769],[16.9793993,51.1290692],[16.9794063,51.1290614],[16.9794133,51.1290537],[16.9794202,51.1290459],[16.9794272,51.1290382],[16.9794342,51.1290305],[16.9794412,51.1290227],[16.9794481,51.129015],[16.9794551,51.1290072],[16.9794621,51.1289995],[16.9794691,51.1289918],[16.979476,51.128984],[16.979483,51.1289763],[16.97949,51.1289685],[16.9794969,51.1289608],[16.9795039,51.128953],[16.9795109,51.1289453],[16.9795179,51.1289376],[16.9795248,51.1289298],[16.9795318,51.1289221],[16.9795388,51.1289143],[16.9795457,51.1289066],[16.9795527,51.1288988],[16.9795597,51.1288911],[16.9795667,51.1288834],[16.9795736,51.1288756],[16.9795806,51.1288679],[16.9795876,51.1288601],[16.9795946,51.1288524],[16.9796015,51.1288446],[16.9796085,51.1288369],[16.9796144,51.128829],[16.9796203,51.1288211],[16.9796262,51.1288132],[16.9796321,51.1288053],[16.979638,51.1287974],[16.9796439,51.1287895],[16.9796498,51.1287816],[16.9796556,51.1287737],[16.9796615,51.1287658],[16.9796674,51.1287579],[16.9796831,51.1287252]]}},{"type":"Feature","properties":{"layer":"roads"},"geometry":{"type":"LineString","coordinates":[[16.9796831,51.1287252],[16.9796386,51.1287272],[16.9796256,51.1287274],[16.9796125,51.1287276],[16.9795994,51.1287278],[16.9795863,51.128728],[16.979574,51.1287272],[16.9795617,51.1287263],[16.9795216,51.128723],[16.9794711,51.1287049]]}},{"type":"Feature","properties":{"layer":"roads"},"geometry":{"type":"LineString","coordinates":[[16.9796831,51.1287252],[16.9796963,51.1286917],[16.9796976,51.128683],[16.9796989,51.1286743],[16.9797002,51.1286657],[16.9797015,51.128657],[16.9797028,51.1286484],[16.9797041,51.1286397],[16.9797055,51.128631],[16.9797068,51.1286224],[16.9797081,51.1286137],[16.9797094,51.1286051],[16.9797107,51.1285964],[16.979712,51.1285877],[16.9797134,51.1285791],[16.9797147,51.1285704],[16.979716,51.1285618],[16.9797173,51.1285531],[16.9797189,51.1285443],[16.9797204,51.1285354],[16.979722,51.1285266],[16.9797236,51.1285178],[16.9797252,51.1285089],[16.9797267,51.1285001],[16.9797283,51.1284913],[16.9797299,51.1284824],[16.9797314,51.1284736],[16.979733,51.1284648],[16.9797346,51.1284559],[16.9797362,51.1284471],[16.9797377,51.1284383],[16.9797393,51.1284294],[16.9797409,51.1284206],[16.9797424,51.1284118],[16.979744,51.1284029],[16.9797456,51.1283941],[16.9797472,51.1283853],[16.9797487,51.1283764],[16.9797503,51.1283676],[16.9797519,51.1283588],[16.9797534,51.1283499],[16.979755,51.1283411],[16.9797566,51.1283323],[16.9797582,51.1283234],[16.9797597,51.1283146],[16.9797613,51.1283058],[16.9797629,51.1282969],[16.9797644,51.1282881],[16.979766,51.1282793],[16.9797676,51.1282704],[16.9797692,51.1282616],[16.9797707,51.1282528],[16.9797723,51.1282439],[16.9797739,51.1282351],[16.9797754,51.1282263],[16.979777,51.1282174],[16.9797786,51.1282086],[16.9797801,51.1281998],[16.9797817,51.1281909],[16.9797833,51.1281821],[16.9797849,51.1281733],[16.9797864,51.1281644],[16.979788,51.1281556],[16.9797896,51.1281468],[16.9797911,51.1281379],[16.9797927,51.1281291],[16.9797943,51.1281203],[16.9797959,51.1281114],[16.9797974,51.1281026],[16.979799,51.1280938],[16.9798006,51.1280849],[16.9798021,51.1280761],[16.9798037,51.1280673],[16.9798053,51.1280584],[16.9798069,51.1280496],[16.9798084,51.1280408],[16.97981,51.1280319],[16.9798116,51.1280231],[16.9798131,51.1280143],[16.9798147,51.1280054],[16.9798163,51.1279966],[16.97982,51.1279638]]}},{"type":"Feature","properties":{"layer":"roads"},"geometry":{"type":"LineString","coordinates":[[16.9796831,51.1287252],[16.9797639,51.1287187]]}},{"type":"Feature","properties":{"layer":"roads"},"geometry":{"type":"LineString","coordinates":[[16.9817362,51.1305601],[16.9817236,51.1305267],[16.9817226,51.1305183],[16.9817217,51.1305099],[16.9817208,51.1305014],[16.9817198,51.130493],[16.9817189,51.1304846],[16.9817173,51.1304757],[16.9817156,51.1304668],[16.9817139,51.1304579],[16.9817125,51.1304425],[16.9817137,51.130412],[16.9817154,51.1303975],[16.981717,51.1303896],[16.9817186,51.1303816],[16.9817201,51.1303736],[16.9817216,51.1303656],[16.9817232,51.1303577],[16.9817247,51.1303497],[16.9817258,51.1303218]]}},{"type":"Feature","properties":{"layer":"roads"},"geometry":{"type":"LineString","coordinates":[[16.9817362,51.1305601],[16.9817827,51.1305595],[16.9817965,51.1305593],[16.9818103,51.1305591],[16.9818242,51.1305589],[16.981838,51.1305586],[16.9818519,51.1305584],[16.9818657,51.1305582],[16.9818794,51.1305572],[16.9818932,51.1305561],[16.9819069,51.1305551],[16.9819207,51.1305541],[16.9819344,51.1305531],[16.9819482,51.130552],[16.9819619,51.130551],[16.9819757,51.13055],[16.9819894,51.130549],[16.9820032,51.1305479],[16.9820169,51.1305469],[16.9820307,51.1305459],[16.9820444,51.1305449],[16.9820582,51.1305438],[16.9820719,51.1305428],[16.9820858,51.1305418],[16.9820996,51.1305408],[16.9821135,51.1305398],[16.9821274,51.1305388],[16.9821412,51.1305378],[16.9821551,51.1305369],[16.982169,51.1305359],[16.9821829,51.1305349],[16.9821967,51.1305339],[16.9822106,51.1305329],[16.9822247,51.1305323],[16.9822388,51.1305318],[16.9822529,51.1305312],[16.982267,51.1305306],[16.9822811,51.13053],[16.9822952,51.1305294],[16.9823094,51.1305289],[16.9823235,51.1305283],[16.9823376,51.1305277],[16.9823853,51.1305273]]}},{"type":"Feature","properties":{"layer":"roads"},"geometry":{"type":"LineString","coordinates":[[16.9805311,51.1332619],[16.9804567,51.133261],[16.9804427,51.1332616],[16.9804287,51.1332622],[16.9804147,51.1332628],[16.9804007,51.1332633],[16.9803867,51.1332639],[16.9803727,51.1332645],[16.9803586,51.1332651],[16.9803446,51.1332657],[16.9803306,51.1332663],[16.9803166,51.1332669],[16.9803026,51.1332674],[16.9802886,51.133268],[16.9802746,51.1332686],[16.9802606,51.1332692],[16.9802466,51.1332698],[16.9802325,51.1332704],[16.9801885,51.1332588]]}},{"type":"Feature","properties":{"layer":"roads"},"geometry":{"type":"LineString","coordinates":[[16.9781166,51.1321557],[16.9781592,51.1321709],[16.9781712,51.1321741],[16.9781778,51.1321818],[16.9781845,51.1321895],[16.9781911,51.1321972],[16.9781978,51.1322049],[16.9782044,51.1322126],[16.978211,51.1322203],[16.9782177,51.1322281],[16.9782243,51.1322358],[16.9782647,51.1322693]]}},{"type":"Feature","properties":{"layer":"roads"},"geometry":{"type":"LineString","coordinates":[[16.9781166,51.1321557],[16.9780647,51.1321823],[16.978056,51.1321892],[16.9780473,51.1321961],[16.9780386,51.132203],[16.97803,51.1322098],[16.9780213,51.1322167],[16.9780126,51.1322236],[16.9780039,51.1322305],[16.9779952,51.1322374],[16.9779866,51.1322442],[16.9779779,51.1322511],[16.9779692,51.132258],[16.9779605,51.1322649],[16.9779518,51.1322718],[16.9779432,51.1322786],[16.9779314,51.1323051]]}},{"type":"Feature","properties":{"layer":"roads"},"geometry":{"type":"LineString","coordinates":[[16.9781166,51.1321557],[16.9780761,51.1321277],[16.9780702,51.132121],[16.9780644,51.1321142],[16.9780655,51.1321055],[16.9780666,51.1320969],[16.9780676,51.1320882],[16.9780687,51.1320796],[16.9780698,51.1320709],[16.9780709,51.1320623],[16.9780719,51.1320536],[16.978073,51.132045],[16.9780741,51.1320363],[16.9780752,51.1320277],[16.9780762,51.132019],[16.9780773,51.1320104],[16.9780784,51.1320017],[16.9780794,51.131993],[16.9780805,51.1319844],[16.9780816,51.1319757],[16.9780827,51.1319671],[16.9780837,51.1319584],[16.9780848,51.1319498],[16.9780859,51.1319411],[16.9780698,51.1318972]]}},{"type":"Feature","properties":{"layer":"roads"},"geometry":{"type":"LineString","coordinates":[[16.9851505,51.1360584],[16.9852118,51.1360443],[16.9852242,51.1360399],[16.9852365,51.1360354],[16.9852489,51.136031],[16.9852612,51.1360265],[16.9852735,51.136022],[16.9852859,51.1360176],[16.9852982,51.1360131],[16.9853106,51.1360087],[16.9853229,51.1360042],[16.9853352,51.1359997],[16.9853476,51.1359953],[16.9853599,51.1359908],[16.9853723,51.1359864],[16.9853846,51.1359819],[16.9853969,51.1359774],[16.9854093,51.135973],[16.9854216,51.1359685],[16.985434,51.1359641],[16.9854463,51.1359596],[16.9854586,51.1359551],[16.985471,51.1359507],[16.9854833,51.1359462],[16.9854957,51.1359418],[16.985508,51.1359373],[16.9855203,51.1359328],[16.9855327,51.1359284],[16.985545,51.1359239],[16.9855574,51.1359195],[16.9855697,51.135915],[16.985582,51.1359105],[16.9855944,51.1359061],[16.9856067,51.1359016],[16.9856191,51.1358972],[16.9856314,51.1358927],[16.9856437,51.1358882],[16.9856561,51.1358838],[16.9856684,51.1358793],[16.9856808,51.1358749],[16.9856931,51.1358704],[16.9857054,51.1358659],[16.9857178,51.1358615],[16.9857301,51.135857],[16.9857425,51.1358526],[16.9857548,51.1358481],[16.9857671,51.1358436],[16.9857795,51.1358392],[16.9857918,51.1358347],[16.9858042,51.1358303],[16.9858165,51.1358258],[16.9858288,51.1358213],[16.9858412,51.1358169],[16.9858535,51.1358124],[16.9858659,51.135808],[16.9858782,51.1358035],[16.9858909,51.1358],[16.9859036,51.1357965],[16.9859164,51.135793],[16.9859291,51.1357895],[16.9859418,51.1357859],[16.9859545,51.1357824],[16.9859673,51.1357789],[16.98598,51.1357754],[16.9859927,51.1357719],[16.9860054,51.1357684],[16.9860181,51.1357649],[16.9860309,51.1357614],[16.9860436,51.1357579],[16.9860563,51.1357543],[16.986069,51.1357508],[16.9861132,51.1357389]]}},{"type":"Feature","properties":{"layer":"roads"},"geometry":{"type":"LineString","coordinates":[[16.9851505,51.1360584],[16.9852396,51.1360858]]}},{"type":"Feature","properties":{"layer":"roads"},"geometry":{"type":"LineString","coordinates":[[16.9851505,51.1360584],[16.9851047,51.1360786],[16.9850926,51.136083],[16.9850805,51.1360873],[16.9850684,51.1360916],[16.9850563,51.136096],[16.9850442,51.1361003],[16.9850321,51.1361046],[16.98502,51.1361089],[16.9850079,51.1361133],[16.9849958,51.1361176],[16.9849836,51.1361219],[16.9849715,51.1361263],[16.9849594,51.1361306],[16.9849473,51.1361349],[16.9849352,51.1361392],[16.9849231,51.1361436],[16.984911,51.1361479],[16.9848989,51.1361522],[16.9848868,51.1361566],[16.9848747,51.1361609],[16.9848626,51.1361652],[16.9848505,51.1361695],[16.9848384,51.1361739],[16.9848263,51.1361782],[16.984815,51.1361835],[16.9848037,51.1361888],[16.9847924,51.1361941],[16.9847811,51.1361994],[16.9847698,51.1362047],[16.9847584,51.1362099],[16.9847471,51.1362152],[16.9847358,51.1362205],[16.9847245,51.1362258],[16.9847132,51.1362311],[16.9847019,51.1362364],[16.9846906,51.1362417],[16.9846793,51.136247],[16.984668,51.1362523],[16.9846567,51.1362576],[16.9846454,51.1362629],[16.984634,51.1362681],[16.9846227,51.1362734],[16.9846114,51.1362787],[16.9846001,51.136284],[16.9845888,51.1362893],[16.9845775,51.1362946],[16.9845662,51.1362999],[16.984555,51.1363053],[16.9845437,51.1363106],[16.9845324,51.136316],[16.9845211,51.1363213],[16.9845099,51.1363267],[16.9844986,51.136332],[16.9844873,51.1363373],[16.984476,51.1363427],[16.9844648,51.136348],[16.9844535,51.1363534],[16.9844422,51.1363587],[16.9844309,51.1363641],[16.9844197,51.1363694],[16.9844084,51.1363747],[16.9843971,51.1363801],[16.9843859,51.1363854],[16.9843746,51.1363908],[16.9843633,51.1363961],[16.984352,51.1364015],[16.9843408,51.1364068],[16.9843295,51.1364121],[16.9843182,51.1364175],[16.9843069,51.1364228],[16.9842957,51.1364282],[16.9842844,51.1364335],[16.9842731,51.1364389],[16.9842618,51.1364442],[16.9842506,51.1364495],[16.9842393,51.1364549],[16.984228,51.1364602],[16.9842167,51.1364656],[16.9842055,51.1364709],[16.9841942,51.1364763],[16.9841829,51.1364816],[16.9841717,51.1364869],[16.9841604,51.1364923],[16.9841491,51.1364976],[16.9841378,51.136503],[16.9841266,51.1365083],[16.9841153,51.1365137],[16.984104,51.136519],[16.9840927,51.1365243],[16.9840477,51.1365311]]}},{"type":"Feature","properties":{"layer":"roads"},"geometry":{"type":"LineString","coordinates":[[16.9840477,51.1365311],[16.9840452,51.1364957],[16.984048,51.1364871],[16.9840509,51.1364784],[16.9840538,51.1364697],[16.9840566,51.1364611],[16.9840595,51.1364524],[16.9840624,51.1364437],[16.9840653,51.1364351],[16.9840681,51.1364264],[16.984071,51.1364177],[16.9840739,51.136409],[16.9840767,51.1364004],[16.9840796,51.1363917],[16.9840825,51.136383],[16.9840853,51.1363744],[16.9840882,51.1363657],[16.9840911,51.136357],[16.9840939,51.1363484],[16.9840968,51.1363397],[16.9840997,51.136331],[16.9841025,51.1363224],[16.9841054,51.1363137],[16.9841083,51.136305],[16.9841111,51.1362964],[16.984114,51.1362877],[16.9841169,51.136279],[16.9841197,51.1362704],[16.9841226,51.1362617],[16.9841255,51.136253],[16.9841283,51.1362444],[16.9841312,51.1362357],[16.9841341,51.136227],[16.9841369,51.1362184],[16.9841398,51.1362097],[16.9841427,51.136201],[16.9841456,51.1361924],[16.9841484,51.1361837],[16.9841513,51.136175],[16.9841542,51.1361663],[16.984157,51.1361577],[16.9841599,51.136149],[16.9841628,51.1361403],[16.9841656,51.1361317],[16.9841685,51.136123],[16.9841714,51.1361143],[16.9841742,51.1361057],[16.9841771,51.136097],[16.98418,51.1360883],[16.9841828,51.1360797],[16.9841857,51.136071],[16.9841893,51.1360623],[16.9841929,51.1360536],[16.9841965,51.136045],[16.9842001,51.1360363],[16.9842037,51.1360276],[16.9842073,51.1360189],[16.9842109,51.1360103],[16.9842145,51.1360016],[16.9842182,51.1359929],[16.9842218,51.1359842],[16.9842254,51.1359755],[16.984229,51.1359669],[16.9842205,51.1359366]]}},{"type":"Feature","properties":{"layer":"roads"},"geometry":{"type":"LineString","coordinates":[[16.9843787,51.1358596],[16.9843105,51.135847],[16.9842977,51.1358438],[16.9842848,51.1358407],[16.984272,51.1358375],[16.9842605,51.1358334],[16.9842489,51.1358293],[16.9842374,51.1358252],[16.9842259,51.1358211],[16.9842143,51.135817],[16.9842028,51.1358129],[16.9841912,51.1358088],[16.9841797,51.1358047],[16.9841682,51.1358006],[16.9841566,51.1357965],[16.9841451,51.1357924],[16.9841346,51.1357864],[16.9841242,51.1357803],[16.9841137,51.1357743],[16.9841032,51.1357682],[16.9840928,51.1357622],[16.9840823,51.1357561],[16.9840719,51.1357501],[16.9840614,51.135744],[16.9840509,51.135738],[16.9840405,51.1357319],[16.98403,51.1357259],[16.9840195,51.1357198],[16.9840091,51.1357138],[16.9839986,51.1357077],[16.9839882,51.1357017],[16.9839502,51.1356871]]}},{"type":"Feature","properties":{"layer":"roads"},"geometry":{"type":"LineString","coordinates":[[16.9702261,51.1327646],[16.9702103,51.1327302],[16.9702053,51.1327219],[16.9702002,51.1327137],[16.9701952,51.1327054],[16.9701901,51.1326971],[16.9701851,51.1326888],[16.97018,51.1326805],[16.970175,51.1326722],[16.9701699,51.1326642],[16.9701648,51.1326562],[16.9701597,51.1326482],[16.9701546,51.1326402],[16.9701495,51.1326322],[16.9701443,51.1326241],[16.9701392,51.1326161],[16.9701341,51.1326081],[16.970129,51.1326001],[16.9701239,51.1325921],[16.9701188,51.1325841],[16.9701137,51.1325761],[16.9701087,51.1325679],[16.9701036,51.1325597],[16.9700986,51.1325515],[16.9700936,51.1325433],[16.9700895,51.1325355],[16.9700853,51.1325277],[16.9700812,51.1325199],[16.9700771,51.1325121],[16.9700729,51.1325043],[16.9700688,51.1324964],[16.9700463,51.1324674]]}},{"type":"Feature","properties":{"layer":"roads"},"geometry":{"type":"LineString","coordinates":[[16.9777315,51.1318035],[16.9777159,51.13183],[16.9777138,51.1318387],[16.9777116,51.1318475],[16.9777095,51.1318562],[16.9777073,51.1318649],[16.9777052,51.1318736],[16.977703,51.1318824],[16.9777009,51.1318911],[16.9776987,51.1318998],[16.9776966,51.1319085],[16.9776944,51.1319173],[16.9776923,51.131926],[16.9776901,51.1319347],[16.977688,51.1319434],[16.9776858,51.1319522],[16.9776837,51.1319609],[16.9776815,51.1319696],[16.9776794,51.1319784],[16.9776772,51.1319871],[16.9776751,51.1319958],[16.9776729,51.1320045],[16.9776708,51.1320133],[16.9776686,51.132022],[16.9776665,51.1320307],[16.9776643,51.1320394],[16.9776622,51.1320482],[16.97766,51.1320569],[16.9776579,51.1320656],[16.9776557,51.1320743],[16.9776536,51.1320831],[16.9776514,51.1320918],[16.9776493,51.1321005],[16.9776471,51.1321093],[16.977645,51.132118],[16.9776428,51.1321267],[16.9776407,51.1321354],[16.9776385,51.1321442],[16.9776364,51.1321529],[16.9776342,51.1321616],[16.9776321,51.1321703],[16.9776299,51.1321791],[16.9776278,51.1321878],[16.9776256,51.1321965],[16.9776235,51.1322052],[16.9776213,51.132214],[16.9776192,51.1322227],[16.977617,51.1322314],[16.9776149,51.1322401],[16.9776127,51.1322489],[16.9776106,51.1322576],[16.9776083,51.1322663],[16.9776061,51.1322751],[16.9776038,51.1322838],[16.9776016,51.1322925],[16.9775993,51.1323013],[16.9775971,51.13231],[16.9775948,51.1323187],[16.9775926,51.1323275],[16.9775903,51.1323362],[16.9775881,51.1323449],[16.9775859,51.1323537],[16.9775836,51.1323624],[16.9775814,51.1323711],[16.9775791,51.1323799],[16.9775927,51.1324099]]}},{"type":"Feature","properties":{"layer":"roads"},"geometry":{"type":"LineString","coordinates":[[16.9777315,51.1318035],[16.977731,51.1317687],[16.9777332,51.13176],[16.9777353,51.1317512],[16.9777375,51.1317424],[16.9777396,51.1317336],[16.9777418,51.1317248],[16.977744,51.131716],[16.9777461,51.1317072],[16.9777483,51.1316984],[16.9777505,51.1316897],[16.9777526,51.1316809],[16.9777548,51.1316721],[16.977757,51.1316633],[16.9777591,51.1316545],[16.9777613,51.1316457],[16.9777634,51.1316369],[16.9777656,51.1316282],[16.9777678,51.1316194],[16.9777699,51.1316106],[16.9777721,51.1316018],[16.9777745,51.131593],[16.977777,51.1315842],[16.9777794,51.1315753],[16.9777819,51.1315665],[16.9777843,51.1315577],[16.9777867,51.1315489],[16.9777892,51.13154],[16.9777916,51.1315312],[16.977794,51.1315224],[16.9777965,51.1315136],[16.9777989,51.1315047],[16.9778014,51.1314959],[16.9778038,51.1314871],[16.9778062,51.1314783],[16.9778087,51.1314695],[16.9778111,51.1314606],[16.9778136,51.1314518],[16.977816,51.131443],[16.9778184,51.1314342],[16.9778209,51.1314253],[16.9778233,51.1314165],[16.9778257,51.1314077],[16.9778282,51.1313989],[16.9778306,51.13139],[16.9778331,51.1313812],[16.9778355,51.1313724],[16.9778379,51.1313636],[16.9778404,51.1313547],[16.9778428,51.1313459],[16.9778453,51.1313371],[16.9778477,51.1313283],[16.9778501,51.1313195],[16.9778526,51.1313106],[16.977855,51.1313018],[16.9778574,51.131293],[16.9778599,51.1312842],[16.9778623,51.1312753],[16.9778648,51.1312665],[16.9778672,51.1312577],[16.9778696,51.1312489],[16.9778721,51.13124],[16.9778745,51.1312312],[16.9778769,51.1312224],[16.9778794,51.1312136],[16.9778818,51.1312048],[16.9778843,51.1311959],[16.9778867,51.1311871],[16.9778891,51.1311783],[16.9778916,51.1311695],[16.977894,51.1311606],[16.9778965,51.1311518],[16.9778989,51.131143],[16.9779013,51.1311342],[16.9779038,51.1311253],[16.9779062,51.1311165],[16.9779086,51.1311077],[16.9779111,51.1310989],[16.9779135,51.13109],[16.977916,51.1310812],[16.9779184,51.1310724],[16.9779208,51.1310636],[16.9779233,51.1310548],[16.9779257,51.1310459],[16.9779282,51.1310371],[16.9779306,51.1310283],[16.977933,51.1310195],[16.9779355,51.1310106],[16.9779379,51.1310018],[16.9779403,51.130993],[16.9779428,51.1309842],[16.9779737,51.1309616]]}},{"type":"Feature","properties":{"layer":"roads"},"geometry":{"type":"LineString","coordinates":[[16.9777315,51.1318035],[16.9777749,51.1318105],[16.9777876,51.1318143],[16.9778002,51.1318181],[16.9778128,51.131822],[16.9778254,51.1318258],[16.977838,51.1318297],[16.9778506,51.1318335],[16.9778632,51.1318374],[16.9778758,51.1318412],[16.9778884,51.131845],[16.977901,51.1318489],[16.9779137,51.1318527],[16.9779263,51.1318566],[16.9779389,51.1318604],[16.9779515,51.1318642],[16.9779641,51.1318681],[16.9779767,51.1318719],[16.9779893,51.1318758],[16.9780019,51.1318796],[16.9780145,51.1318835],[16.9780271,51.1318873],[16.9780698,51.1318972]]}},{"type":"Feature","properties":{"layer":"roads"},"geometry":{"type":"LineString","coordinates":[[16.9779737,51.1309616],[16.9779563,51.1309246],[16.9779579,51.1309163],[16.9779594,51.1309081],[16.977961,51.1308998],[16.9779684,51.1308946],[16.9779758,51.1308895],[16.9779832,51.1308843],[16.9779863,51.1308765],[16.9779893,51.1308687],[16.9779909,51.1308392]]}},{"type":"Feature","properties":{"layer":"roads"},"geometry":{"type":"LineString","coordinates":[[16.9810952,51.1321078],[16.9811472,51.1321166],[16.9811597,51.1321204],[16.9811723,51.1321241],[16.9811848,51.1321279],[16.9811971,51.132132],[16.9812095,51.1321362],[16.9812218,51.1321403],[16.9812342,51.1321444],[16.9812465,51.1321485],[16.9812589,51.1321527],[16.9812712,51.1321568],[16.9812836,51.1321609],[16.9812959,51.132165],[16.9813083,51.1321692],[16.9813206,51.1321733],[16.9813329,51.1321774],[16.9813453,51.1321816],[16.9813576,51.1321857],[16.98137,51.1321898],[16.9813823,51.1321939],[16.9813947,51.1321981],[16.981407,51.1322022],[16.9814194,51.1322063],[16.9814317,51.1322104],[16.9814441,51.1322146],[16.9814564,51.1322187],[16.9814661,51.1322245],[16.9814758,51.1322303],[16.9814855,51.1322361],[16.9814953,51.1322419],[16.981505,51.1322477],[16.9815147,51.1322535],[16.9815244,51.1322593],[16.9815341,51.1322652],[16.9815438,51.132271],[16.9815535,51.1322768],[16.9815632,51.1322826],[16.981573,51.1322884],[16.9815827,51.1322942],[16.9815924,51.1323],[16.9816021,51.1323058],[16.9816089,51.1323134],[16.9816157,51.132321],[16.9816225,51.1323286],[16.9816293,51.1323362],[16.9816361,51.1323437],[16.981643,51.1323513],[16.9816498,51.1323589],[16.9816566,51.1323665],[16.9816634,51.1323741],[16.9816702,51.1323817],[16.981677,51.1323893],[16.9816838,51.1323969],[16.9816906,51.1324045],[16.9816974,51.1324121],[16.9817042,51.1324197],[16.9817111,51.1324272],[16.9817179,51.1324348],[16.9817415,51.132461]]}},{"type":"Feature","properties":{"layer":"roads"},"geometry":{"type":"LineString","coordinates":[[16.9810952,51.1321078],[16.981085,51.1321353],[16.981082,51.1321437],[16.981079,51.1321522],[16.981076,51.1321606],[16.981073,51.132169],[16.98107,51.1321775],[16.981067,51.1321859],[16.981064,51.1321944],[16.981061,51.1322028],[16.981058,51.1322112],[16.981055,51.1322197],[16.981052,51.1322281],[16.981049,51.1322366],[16.981046,51.132245],[16.981043,51.1322535],[16.98104,51.1322619],[16.981037,51.1322703],[16.981034,51.1322788],[16.981031,51.1322872],[16.981028,51.1322957],[16.981025,51.1323041],[16.981022,51.1323126],[16.981019,51.132321],[16.9810157,51.1323294],[16.9810124,51.1323379],[16.9810092,51.1323463],[16.9810059,51.1323548],[16.9810026,51.1323632],[16.9809993,51.1323716],[16.9809961,51.1323801],[16.9809928,51.1323885],[16.9809895,51.132397],[16.9809862,51.1324054],[16.9809829,51.1324138],[16.9809797,51.1324223],[16.9809764,51.1324307],[16.9809731,51.1324391],[16.9809713,51.1324689]]}},{"type":"Feature","properties":{"layer":"roads"},"geometry":{"type":"LineString","coordinates":[[16.9810952,51.1321078],[16.9810413,51.1321014],[16.9810273,51.1321014],[16.9810134,51.1321013],[16.9809995,51.1321013],[16.9809855,51.1321013],[16.9809716,51.1321012],[16.9809577,51.1321012],[16.9809437,51.1321012],[16.9809298,51.1321012],[16.9809159,51.1321011],[16.980902,51.1321011],[16.980888,51.1321011],[16.9808741,51.1321011],[16.9808602,51.132101],[16.9808462,51.132101],[16.9808323,51.132101],[16.9808184,51.1321009],[16.9808044,51.1321009],[16.9807905,51.1321009],[16.9807766,51.1321009],[16.9807626,51.1321008],[16.9807487,51.1321008],[16.9807348,51.1321018],[16.9807209,51.1321028],[16.9807071,51.1321037],[16.9806932,51.1321047],[16.9806793,51.1321057],[16.9806654,51.1321067],[16.9806515,51.1321076],[16.9806377,51.1321086],[16.9806238,51.1321096],[16.9806099,51.1321106],[16.980596,51.1321115],[16.9805821,51.1321125],[16.9805682,51.1321135],[16.9805544,51.1321145],[16.9805405,51.1321154],[16.9805266,51.1321164],[16.9805127,51.1321174],[16.9804988,51.1321184],[16.980485,51.1321193],[16.9804711,51.1321203],[16.9804572,51.1321213],[16.9804433,51.1321223],[16.9804294,51.1321232],[16.9804156,51.1321242],[16.9804017,51.1321252],[16.9803878,51.1321262],[16.9803739,51.1321271],[16.98036,51.1321281],[16.9803461,51.1321291],[16.9803323,51.1321301],[16.9803184,51.132131],[16.9803045,51.132132],[16.9802906,51.132133],[16.9802767,51.132134],[16.9802629,51.1321349],[16.980249,51.1321359],[16.9802351,51.1321369],[16.9802213,51.1321383],[16.9802075,51.1321397],[16.9801937,51.1321411],[16.9801798,51.1321426],[16.980166,51.132144],[16.9801522,51.1321454],[16.9801384,51.1321468],[16.9801246,51.1321482],[16.9801108,51.1321496],[16.980097,51.132151],[16.9800832,51.1321524],[16.9800693,51.1321539],[16.9800555,51.1321553],[16.9800417,51.1321567],[16.9800279,51.1321581],[16.9800146,51.1321597],[16.9800013,51.1321613],[16.979988,51.1321629],[16.9799747,51.1321646],[16.9799614,51.1321662],[16.9799481,51.1321678],[16.9799348,51.1321694],[16.9799215,51.132171],[16.9799083,51.1321727],[16.979895,51.1321743],[16.9798817,51.1321759],[16.9798684,51.1321775],[16.9798551,51.1321791],[16.9798418,51.1321807],[16.9798285,51.1321823],[16.9797819,51.1321939]]}},{"type":"Feature","properties":{"layer":"roads"},"geometry":{"type":"LineString","coordinates":[[16.9797819,51.1321939],[16.9798039,51.1322208],[16.9798077,51.1322291],[16.9798116,51.1322375],[16.9798154,51.1322459],[16.9798192,51.1322543],[16.979823,51.1322627],[16.9798269,51.1322711],[16.9798307,51.1322795],[16.9798345,51.1322879],[16.9798384,51.1322962],[16.9798422,51.1323046],[16.979846,51.132313],[16.9798498,51.1323214],[16.9798537,51.1323298],[16.9798575,51.1323382],[16.9798613,51.1323466],[16.9798651,51.132355],[16.979869,51.1323633],[16.9798728,51.1323717],[16.9798766,51.1323801],[16.9798805,51.1323885],[16.9798843,51.1323969],[16.9798881,51.1324053],[16.9798919,51.1324137],[16.9798958,51.1324221],[16.979902,51.1324517]]}},{"type":"Feature","properties":{"layer":"roads"},"geometry":{"type":"LineString","coordinates":[[16.9797819,51.1321939],[16.979733,51.132194],[16.9797191,51.1321957],[16.9797053,51.1321973],[16.9796914,51.132199],[16.9796775,51.1322007],[16.9796221,51.1322074]]}},{"type":"Feature","properties":{"layer":"roads"},"geometry":{"type":"LineString","coordinates":[[16.9770898,51.1290376],[16.9771507,51.1290448],[16.9771635,51.1290409],[16.9771764,51.1290369],[16.9771892,51.129033],[16.9772021,51.1290291],[16.977215,51.1290251],[16.9772278,51.1290212],[16.9772407,51.1290173],[16.9772536,51.1290134],[16.9772664,51.1290094],[16.9772793,51.1290055],[16.9772914,51.1290016],[16.9773035,51.1289977],[16.9773156,51.1289937],[16.9773277,51.1289898],[16.9773398,51.1289859],[16.9773519,51.128982],[16.977364,51.1289781],[16.9773761,51.1289741],[16.9773882,51.1289702],[16.9774002,51.1289663],[16.9774123,51.1289624],[16.9774244,51.1289584],[16.9774365,51.1289545],[16.9774486,51.1289506],[16.9774607,51.1289467],[16.9774728,51.1289428],[16.9774849,51.1289388],[16.977497,51.1289349],[16.9775091,51.128931],[16.9775212,51.1289288],[16.9775334,51.1289266],[16.9775456,51.1289244],[16.9775577,51.1289222],[16.9775699,51.12892],[16.977582,51.1289178],[16.9775939,51.128916],[16.9776058,51.1289143],[16.9776177,51.1289125],[16.9776296,51.1289107],[16.9776415,51.128909],[16.9776534,51.1289072],[16.9776669,51.1289058],[16.9776805,51.1289044],[16.977694,51.128903],[16.9777075,51.1289016],[16.9777211,51.1289002],[16.9777346,51.1288988],[16.9777481,51.1288973],[16.9777617,51.1288959],[16.9777752,51.1288945],[16.9777887,51.1288931],[16.9778023,51.1288917],[16.9778158,51.1288903],[16.9778297,51.1288902],[16.9778436,51.1288901],[16.9778575,51.1288899],[16.9778715,51.1288898],[16.9778854,51.1288897],[16.9778993,51.1288895],[16.9779132,51.1288894],[16.9779271,51.1288893],[16.977941,51.1288892],[16.977955,51.128889],[16.9779689,51.1288889],[16.9779828,51.1288888],[16.9779952,51.1288882],[16.9780076,51.1288875],[16.97802,51.1288869],[16.9780324,51.1288863],[16.9780448,51.1288856],[16.9780572,51.128885],[16.9781028,51.1288737]]}},{"type":"Feature","properties":{"layer":"roads"},"geometry":{"type":"LineString","coordinates":[[16.9770898,51.1290376],[16.9771037,51.1290682],[16.9771081,51.1290758],[16.9771126,51.1290835],[16.977117,51.1290911],[16.9771215,51.1290988],[16.9771274,51.1291069],[16.9771334,51.1291151],[16.9771393,51.1291232],[16.9771452,51.1291314],[16.9771511,51.1291395],[16.9771571,51.1291477],[16.977163,51.1291558],[16.9771689,51.129164],[16.9771748,51.1291721],[16.9771808,51.1291803],[16.9771867,51.1291884],[16.9771926,51.1291966],[16.9771985,51.1292047],[16.9772045,51.1292128],[16.9772104,51.129221],[16.9772163,51.1292291],[16.9772223,51.1292373],[16.9772282,51.1292454],[16.9772341,51.1292536],[16.97724,51.1292617],[16.977246,51.1292699],[16.9772519,51.129278],[16.9772578,51.1292862],[16.9772637,51.1292943],[16.9772697,51.1293025],[16.9772756,51.1293106],[16.9772826,51.1293184],[16.9772896,51.1293263],[16.9772966,51.1293341],[16.9773036,51.1293419],[16.9773106,51.1293498],[16.9773176,51.1293576],[16.9773246,51.1293654],[16.9773316,51.1293733],[16.9773386,51.1293811],[16.9773456,51.1293889],[16.9773526,51.1293968],[16.9773595,51.1294046],[16.9773665,51.1294124],[16.9773735,51.1294203],[16.9773805,51.1294281],[16.9773875,51.1294359],[16.9773945,51.1294438],[16.9774015,51.1294516],[16.9774085,51.1294594],[16.9774155,51.1294673],[16.9774225,51.1294751],[16.9774295,51.1294829],[16.9774365,51.1294908],[16.9774435,51.1294986],[16.9774512,51.129506],[16.9774589,51.1295134],[16.9774666,51.1295209],[16.9774743,51.1295283],[16.977482,51.1295357],[16.9774897,51.1295431],[16.9774973,51.1295506],[16.977505,51.129558],[16.9775127,51.1295654],[16.9775204,51.1295728],[16.9775281,51.1295803],[16.9775358,51.1295877],[16.9775435,51.1295951],[16.9775512,51.1296025],[16.9775589,51.12961],[16.9775666,51.1296174],[16.9775743,51.1296248],[16.977582,51.1296322],[16.9775896,51.1296397],[16.9775973,51.1296471],[16.977605,51.1296545],[16.9776127,51.1296619],[16.9776204,51.1296694],[16.9776281,51.1296768],[16.9776358,51.1296842],[16.9776442,51.1296912],[16.9776526,51.1296983],[16.977661,51.1297053],[16.9776694,51.1297123],[16.9776778,51.1297194],[16.9776862,51.1297264],[16.9776947,51.1297334],[16.9777031,51.1297404],[16.9777115,51.1297475],[16.9777199,51.1297545],[16.9777102,51.1297833]]}},{"type":"Feature","properties":{"layer":"roads"},"geometry":{"type":"LineString","coordinates":[[16.9777102,51.1297833],[16.9777822,51.1298019],[16.9777914,51.1298085],[16.9778007,51.1298151],[16.97781,51.1298217],[16.9778192,51.1298283],[16.9778285,51.1298348],[16.9778378,51.1298414],[16.977847,51.129848],[16.9778563,51.1298546],[16.9778656,51.1298612],[16.9778748,51.1298677],[16.9778841,51.1298743],[16.9778934,51.1298809],[16.9779026,51.1298875],[16.9779119,51.1298941],[16.9779212,51.1299006],[16.9779304,51.1299072],[16.9779397,51.1299138],[16.9779842,51.1299348]]}},{"type":"Feature","properties":{"layer":"roads"},"geometry":{"type":"LineString","coordinates":[[16.9777102,51.1297833],[16.9778004,51.1297671],[16.9778142,51.129765],[16.977828,51.1297629],[16.9778418,51.1297608],[16.9778556,51.1297587],[16.9778675,51.129754],[16.9778795,51.1297493],[16.9778914,51.1297446],[16.9779034,51.1297399],[16.9779153,51.1297352],[16.9779273,51.1297305],[16.9779392,51.1297258],[16.9779512,51.1297211],[16.9779631,51.1297163],[16.977975,51.1297116],[16.977987,51.1297069],[16.9779989,51.1297022],[16.9780109,51.1296975],[16.978062,51.1296831]]}},{"type":"Feature","properties":{"layer":"roads"},"geometry":{"type":"LineString","coordinates":[[16.9680657,51.1330193],[16.9680508,51.133047],[16.9680306,51.1330796]]}},{"type":"Feature","properties":{"layer":"roads"},"geometry":{"type":"LineString","coordinates":[[16.9680657,51.1330193],[16.9680634,51.1329856],[16.9680653,51.1329768],[16.9680672,51.132968],[16.968069,51.1329592],[16.9680709,51.1329504],[16.9680728,51.1329416],[16.9680747,51.1329328],[16.9680765,51.132924],[16.9680784,51.1329152],[16.968081,51.1329068],[16.9680837,51.1328984],[16.9680863,51.1328899],[16.968089,51.1328815],[16.9680916,51.1328731],[16.9680943,51.1328647],[16.9680969,51.1328563],[16.9680996,51.1328479],[16.9681022,51.1328394],[16.9681048,51.132831],[16.9681075,51.1328226],[16.9681101,51.1328142],[16.9681128,51.1328058],[16.9681154,51.1327973],[16.9681181,51.1327889],[16.9681207,51.1327805],[16.9681233,51.1327719],[16.9681259,51.1327633],[16.9681284,51.1327548],[16.968131,51.1327462],[16.9681336,51.1327376],[16.9681362,51.132729],[16.9681388,51.1327204],[16.9681413,51.1327119],[16.9681439,51.1327033],[16.9681465,51.1326947],[16.9681491,51.1326861],[16.9681517,51.1326775],[16.9681542,51.132669],[16.9681568,51.1326604],[16.9681594,51.1326518],[16.968162,51.1326432],[16.9681645,51.1326347],[16.9681671,51.1326261],[16.9681697,51.1326175],[16.9681723,51.1326089],[16.9681749,51.1326003],[16.9681774,51.1325918],[16.96818,51.1325832],[16.9681826,51.1325746],[16.9681852,51.132566],[16.9681878,51.1325574],[16.9681903,51.1325489],[16.9681929,51.1325403],[16.9681955,51.1325317],[16.9681975,51.1325229],[16.9681995,51.1325141],[16.9682015,51.1325053],[16.9682035,51.1324965],[16.9682056,51.1324877],[16.9682076,51.1324789],[16.9682096,51.1324702],[16.9682116,51.1324614],[16.9682136,51.1324526],[16.9682156,51.1324438],[16.9682176,51.132435],[16.9682196,51.1324262],[16.9682216,51.1324174],[16.9682237,51.1324086],[16.9682257,51.1323998],[16.9682277,51.132391],[16.9682297,51.1323822],[16.9682317,51.1323734],[16.9682337,51.1323646],[16.9682357,51.1323558],[16.9682377,51.1323471],[16.9682397,51.1323383],[16.9682418,51.1323295],[16.9682438,51.1323207],[16.9682458,51.1323119],[16.9682478,51.1323031],[16.9682498,51.1322943],[16.9682502,51.1322857],[16.9682506,51.1322771],[16.9682509,51.1322685],[16.9682513,51.1322599],[16.9682517,51.1322513],[16.9682521,51.1322426],[16.9682525,51.132234],[16.9682625,51.1322006]]}},{"type":"Feature","properties":{"layer":"roads"},"geometry":{"type":"LineString","coordinates":[[16.9680657,51.1330193],[16.9681123,51.1330207],[16.9681259,51.1330229],[16.9681395,51.133025],[16.9681531,51.1330272],[16.9681668,51.1330294],[16.9681804,51.1330316],[16.968194,51.1330337],[16.9682076,51.1330359],[16.9682212,51.1330381],[16.9682349,51.1330403],[16.9682485,51.1330424],[16.9682621,51.1330446],[16.9682757,51.1330468],[16.9682893,51.1330489],[16.968303,51.1330511],[16.9683166,51.1330533],[16.9683302,51.1330555],[16.9683438,51.1330576],[16.9683574,51.1330598],[16.9683711,51.133062],[16.9683847,51.1330642],[16.9683983,51.1330663],[16.9684119,51.1330685],[16.9684255,51.1330707],[16.9684392,51.1330729],[16.9684528,51.133075],[16.9684664,51.1330772],[16.9684801,51.1330799],[16.9684938,51.1330825],[16.9685075,51.1330851],[16.9685211,51.1330878],[16.9685348,51.1330904],[16.9685485,51.1330931],[16.9685622,51.1330958],[16.9685759,51.1330984],[16.9685896,51.1331011],[16.9686032,51.1331037],[16.9686169,51.1331063],[16.9686306,51.133109],[16.9686443,51.1331109],[16.968658,51.1331128],[16.9686718,51.1331147],[16.9686855,51.1331166],[16.9686992,51.1331185],[16.9687129,51.1331204],[16.9687267,51.1331223],[16.9687404,51.1331242],[16.9687541,51.1331261],[16.9687678,51.133128],[16.9687816,51.1331299],[16.9687953,51.1331318],[16.968809,51.1331337],[16.9688227,51.1331351],[16.9688365,51.1331366],[16.9688502,51.133138],[16.9688639,51.1331395],[16.9689119,51.1331429]]}},{"type":"Feature","properties":{"layer":"roads"},"geometry":{"type":"LineString","coordinates":[[16.9682625,51.1322006],[16.9683061,51.1322128],[16.9683191,51.1322161],[16.9683322,51.1322194],[16.9683452,51.1322227],[16.9683582,51.132226],[16.9683712,51.1322294],[16.9683842,51.1322327],[16.9683973,51.132236],[16.9684103,51.1322393],[16.9684233,51.1322426],[16.9684364,51.1322459],[16.9684494,51.1322492],[16.9684624,51.1322525],[16.9684754,51.1322558],[16.9684885,51.1322591],[16.9685015,51.1322624],[16.9685145,51.1322657],[16.9685275,51.132269],[16.9685406,51.1322723],[16.9685536,51.1322756],[16.9685666,51.1322789],[16.9685796,51.1322823],[16.9685927,51.1322856],[16.9686057,51.1322889],[16.9686187,51.1322922],[16.9686317,51.1322955],[16.9686447,51.1322988],[16.9686578,51.1323021],[16.9686708,51.1323054],[16.9686838,51.1323087],[16.9686969,51.132312],[16.9687099,51.1323153],[16.9687229,51.1323186],[16.9687359,51.1323219],[16.968749,51.1323252],[16.968762,51.1323285],[16.968775,51.1323318],[16.968788,51.1323352],[16.968801,51.1323385],[16.9688141,51.1323418],[16.9688574,51.1323498]]}},{"type":"Feature","properties":{"layer":"roads"},"geometry":{"type":"LineString","coordinates":[[16.9682625,51.1322006],[16.9682063,51.1321856],[16.9681943,51.1321821],[16.9681824,51.1321785],[16.9681704,51.132175],[16.9681585,51.1321715],[16.9681466,51.132168],[16.9681346,51.1321645],[16.9681227,51.132161],[16.968111,51.1321565],[16.9680993,51.1321521],[16.9680875,51.1321476],[16.9680758,51.1321431],[16.9680641,51.1321387],[16.9680524,51.1321342],[16.9680406,51.1321297],[16.9680289,51.1321252],[16.9680172,51.1321208],[16.967982,51.1321074],[16.9679389,51.1321004]]}},{"type":"Feature","properties":{"layer":"roads"},"geometry":{"type":"LineString","coordinates":[[16.9682625,51.1322006],[16.9682589,51.132164],[16.9682601,51.1321551],[16.9682613,51.1321462],[16.9682625,51.1321373],[16.9682638,51.1321284],[16.968265,51.1321195],[16.9682662,51.1321106],[16.9682674,51.1321017],[16.9682686,51.1320928],[16.9682699,51.1320839],[16.9682711,51.132075],[16.9682723,51.1320661],[16.9682735,51.1320572],[16.9682747,51.1320483],[16.9682759,51.1320394],[16.9682772,51.1320305],[16.9682784,51.1320216],[16.9682796,51.1320127],[16.9682808,51.1320038],[16.968282,51.1319949],[16.9682833,51.131986],[16.9682845,51.1319771],[16.9682857,51.1319682],[16.9682869,51.1319593],[16.9682881,51.1319504],[16.9682894,51.1319415],[16.9682996,51.1319142]]}},{"type":"Feature","properties":{"layer":"roads"},"geometry":{"type":"LineString","coordinates":[[16.9853636,51.1344617],[16.9853425,51.1344901],[16.9853366,51.1344981],[16.9853307,51.1345062],[16.9853247,51.1345142],[16.9853188,51.1345222],[16.9853129,51.1345302],[16.985307,51.1345383],[16.9853011,51.1345463],[16.9852951,51.1345543],[16.9852892,51.1345623],[16.9852833,51.1345704],[16.9852774,51.1345784],[16.9852715,51.1345864],[16.9852655,51.1345944],[16.9852596,51.1346025],[16.9852301,51.1346319]]}},{"type":"Feature","properties":{"layer":"roads"},"geometry":{"type":"LineString","coordinates":[[16.9853636,51.1344617],[16.9853722,51.1344317],[16.9853742,51.1344229],[16.9853761,51.1344141],[16.9853781,51.1344053],[16.9853801,51.1343966],[16.9853821,51.1343878],[16.9853841,51.134379],[16.9853876,51.1343705],[16.9853911,51.1343619],[16.9853946,51.1343534],[16.9853981,51.1343448],[16.9854015,51.1343363],[16.985405,51.1343278],[16.9854085,51.1343192],[16.985412,51.1343107],[16.9854155,51.1343021],[16.985419,51.1342936],[16.9854225,51.134285],[16.9854259,51.1342765],[16.9854294,51.134268],[16.9854329,51.1342594],[16.9854364,51.1342509],[16.9854399,51.1342423],[16.9854434,51.1342338],[16.9854469,51.1342253],[16.9854504,51.1342167],[16.9854538,51.1342082],[16.9854573,51.1341996],[16.9854608,51.1341911],[16.9854643,51.1341825],[16.9854678,51.134174],[16.9854723,51.1341656],[16.9854767,51.1341573],[16.9854812,51.1341489],[16.9854856,51.1341406],[16.9854901,51.1341322],[16.9854945,51.1341239],[16.985499,51.1341155],[16.9855034,51.1341072],[16.9855079,51.1340988],[16.9855123,51.1340905],[16.9855168,51.1340821],[16.9855212,51.1340738],[16.9855257,51.1340654],[16.9855308,51.1340573],[16.9855359,51.1340492],[16.985541,51.1340411],[16.985546,51.1340329],[16.9855511,51.1340248],[16.9855562,51.1340167],[16.9855613,51.1340086],[16.9855664,51.1340005],[16.9855715,51.1339924],[16.9855766,51.1339843],[16.9855817,51.1339762],[16.9855867,51.133968],[16.9855918,51.1339599],[16.9855969,51.1339518],[16.985602,51.1339437],[16.9856071,51.1339356],[16.9856122,51.1339275],[16.9856173,51.1339194],[16.9856224,51.1339113],[16.9856274,51.1339031],[16.9856325,51.133895],[16.9856376,51.1338869],[16.9856427,51.1338788],[16.9856463,51.1338703],[16.9856499,51.1338617],[16.9856536,51.1338532],[16.9856572,51.1338447],[16.9856608,51.1338361],[16.9856645,51.1338276],[16.9856681,51.133819],[16.9856717,51.1338105],[16.9856753,51.133802],[16.985679,51.1337934],[16.9856826,51.1337849],[16.9856862,51.1337763],[16.9856898,51.1337678],[16.9856934,51.1337593],[16.9856971,51.1337507],[16.9857007,51.1337422],[16.9857043,51.1337337],[16.9857079,51.1337251],[16.9857116,51.1337166],[16.9857152,51.133708],[16.9857484,51.1336841]]}},{"type":"Feature","properties":{"layer":"roads"},"geometry":{"type":"LineString","coordinates":[[16.9853636,51.1344617],[16.9853123,51.1344504],[16.9852989,51.1344485],[16.9852854,51.1344465],[16.9852719,51.1344446],[16.9852585,51.1344427],[16.985245,51.1344408],[16.9852315,51.1344389],[16.9852181,51.134437],[16.9852046,51.1344351],[16.9851911,51.1344332],[16.9851776,51.1344313],[16.9851642,51.1344294],[16.9851507,51.1344275],[16.9850958,51.134427]]}},{"type":"Feature","properties":{"layer":"roads"},"geometry":{"type":"LineString","coordinates":[[16.9853636,51.1344617],[16.9854213,51.1344654],[16.9854351,51.1344673],[16.9854489,51.1344691],[16.9854627,51.134471],[16.9854765,51.1344728],[16.9854903,51.1344747],[16.985504,51.1344765],[16.9855178,51.1344784],[16.9855316,51.1344802],[16.9855454,51.1344821],[16.9855592,51.1344839],[16.985573,51.1344858],[16.9855868,51.1344876],[16.9856005,51.1344895],[16.9856143,51.1344913],[16.9856281,51.1344932],[16.9856419,51.134495],[16.9856557,51.1344969],[16.9856695,51.1344987],[16.9856832,51.1345006],[16.985697,51.1345024],[16.9857108,51.1345043],[16.9857246,51.1345061],[16.9857383,51.1345074],[16.985752,51.1345087],[16.9857658,51.1345101],[16.9857795,51.1345114],[16.9857932,51.1345127],[16.9858069,51.134514],[16.9858621,51.1345145]]}},{"type":"Feature","properties":{"layer":"roads"},"geometry":{"type":"LineString","coordinates":[[16.9857484,51.1336841],[16.9857895,51.133696],[16.9858015,51.1337005],[16.9858134,51.1337049],[16.9858493,51.1337182],[16.9858813,51.1337375]]}},{"type":"Feature","properties":{"layer":"roads"},"geometry":{"type":"LineString","coordinates":[[16.9826478,51.131378],[16.9825852,51.1313457],[16.9825741,51.1313406],[16.982563,51.1313354],[16.9825518,51.1313302],[16.9825407,51.1313251],[16.9825074,51.1313096],[16.9824548,51.1312965]]}},{"type":"Feature","properties":{"layer":"roads"},"geometry":{"type":"LineString","coordinates":[[16.9826478,51.131378],[16.9826869,51.1313929],[16.9826984,51.1313982],[16.9827099,51.1314035],[16.9827213,51.1314088],[16.9827328,51.1314141],[16.9827443,51.1314194],[16.9827557,51.1314247],[16.9827672,51.1314301],[16.9827787,51.1314354],[16.9827901,51.1314407],[16.9828016,51.131446],[16.9828122,51.1314514],[16.9828229,51.1314568],[16.9828335,51.1314623],[16.9828442,51.1314677],[16.9828548,51.1314731],[16.9828655,51.1314785],[16.9828761,51.1314839],[16.9828867,51.1314893],[16.9828974,51.1314948],[16.982908,51.1315002],[16.9829187,51.1315056],[16.9829293,51.131511],[16.98294,51.1315164],[16.9829506,51.1315219],[16.9829613,51.1315273],[16.982984,51.13154],[16.9830121,51.1315572],[16.9830221,51.1315633],[16.9830322,51.1315695],[16.9830422,51.1315756],[16.9830523,51.1315817],[16.9830623,51.1315878],[16.9830724,51.1315939],[16.9830824,51.1316001],[16.9830924,51.1316062],[16.9831025,51.1316123],[16.9831125,51.1316184],[16.9831226,51.1316246],[16.9831326,51.1316307],[16.9831928,51.1316645]]}},{"type":"Feature","properties":{"layer":"roads"},"geometry":{"type":"LineString","coordinates":[[16.9826478,51.131378],[16.982619,51.131401],[16.9826164,51.1314096],[16.9826137,51.1314183],[16.982611,51.131427],[16.9826084,51.1314356],[16.9826058,51.1314443],[16.9826031,51.131453],[16.9826004,51.1314616],[16.9825978,51.1314703],[16.9825952,51.1314789],[16.9825925,51.1314876],[16.9825899,51.1314963],[16.9825872,51.1315049],[16.9825846,51.1315136],[16.9825819,51.1315223],[16.9825793,51.1315309],[16.9825766,51.1315396],[16.982573,51.1315478],[16.9825694,51.131556],[16.9825657,51.1315642],[16.9825621,51.1315724],[16.9825585,51.1315806],[16.9825549,51.1315888],[16.9825513,51.131597],[16.9825477,51.1316052],[16.9825441,51.1316134],[16.9825404,51.1316216],[16.9825368,51.1316298],[16.9825332,51.131638],[16.9825311,51.1316466],[16.982529,51.1316553],[16.9825269,51.1316639],[16.9825248,51.1316726],[16.9825227,51.1316812],[16.9825206,51.1316898],[16.9825185,51.1316985],[16.9825164,51.1317071],[16.9825143,51.1317157],[16.9825122,51.1317244],[16.9825101,51.131733],[16.982508,51.1317417],[16.9825059,51.1317503],[16.9825034,51.1317587],[16.9825009,51.1317671],[16.9824985,51.1317756],[16.982496,51.131784],[16.9824935,51.1317924],[16.9824911,51.1318008],[16.9824886,51.1318092],[16.9824861,51.1318176],[16.9824836,51.1318261],[16.9824812,51.1318345],[16.9824787,51.1318429],[16.9824762,51.1318513],[16.9824737,51.1318596],[16.9824712,51.1318679],[16.9824686,51.1318762],[16.9824661,51.1318845],[16.9824636,51.1318928],[16.982461,51.1319011],[16.9824585,51.1319094],[16.982456,51.1319177],[16.9824535,51.131926],[16.982451,51.1319343],[16.9824484,51.1319426],[16.9824459,51.1319509],[16.9824435,51.1319593],[16.9824411,51.1319677],[16.9824386,51.1319761],[16.9824362,51.1319845],[16.9824338,51.1319929],[16.9824314,51.1320013],[16.9824289,51.1320097],[16.9824265,51.1320181],[16.9824241,51.1320265],[16.9824217,51.1320349],[16.9824192,51.1320433],[16.9824168,51.1320517],[16.9824144,51.1320601],[16.9824127,51.1320685],[16.982411,51.132077],[16.9824094,51.1320854],[16.9824077,51.1320939],[16.982406,51.1321023],[16.9824043,51.1321107],[16.9824026,51.1321192],[16.9824033,51.1321534]]}},{"type":"Feature","properties":{"layer":"roads"},"geometry":{"type":"LineString","coordinates":[[16.9824033,51.1321534],[16.9824497,51.1321341],[16.9824608,51.1321287],[16.9824719,51.1321232],[16.9824829,51.1321178],[16.982494,51.1321123],[16.9825051,51.1321069],[16.9825162,51.1321015],[16.9825273,51.132096],[16.9825384,51.1320906],[16.9825495,51.1320851],[16.9825612,51.1320804],[16.9825729,51.1320758],[16.9825846,51.1320711],[16.9825963,51.1320664],[16.982608,51.1320617],[16.9826197,51.1320571],[16.9826314,51.1320524],[16.9826431,51.1320477],[16.9826548,51.132043],[16.9826665,51.1320384],[16.9826782,51.1320337],[16.9826899,51.132029],[16.9827016,51.1320243],[16.9827133,51.1320197],[16.982725,51.132015],[16.9827368,51.1320103],[16.9827485,51.1320056],[16.9827602,51.132001],[16.9827719,51.1319963],[16.9827836,51.1319916],[16.9827953,51.1319869],[16.982807,51.1319823],[16.9828187,51.1319776],[16.9828304,51.1319729],[16.9828421,51.1319682],[16.9828939,51.1319561]]}},{"type":"Feature","properties":{"layer":"roads"},"geometry":{"type":"LineString","coordinates":[[16.9824033,51.1321534],[16.9823448,51.1321769],[16.9823325,51.1321808],[16.9823202,51.1321847],[16.9823078,51.1321886],[16.9822955,51.1321925],[16.9822832,51.1321964],[16.9822287,51.1322079]]}},{"type":"Feature","properties":{"layer":"roads"},"geometry":{"type":"LineString","coordinates":[[16.9824033,51.1321534],[16.9823996,51.1321965],[16.9824009,51.1322053],[16.9824023,51.1322141],[16.9824036,51.1322228],[16.982405,51.1322316],[16.9824063,51.1322404],[16.9824076,51.1322492],[16.982409,51.132258],[16.9824103,51.1322667],[16.9823936,51.1322938]]}},{"type":"Feature","properties":{"layer":"roads"},"geometry":{"type":"LineString","coordinates":[[16.9772772,51.1332864],[16.9772698,51.133317],[16.9772678,51.1333258],[16.9772658,51.1333347],[16.9772638,51.1333435],[16.9772618,51.1333524],[16.9772598,51.1333612],[16.9772578,51.1333701],[16.9772558,51.1333789],[16.9772538,51.1333878],[16.9772518,51.1333966],[16.9772498,51.1334055],[16.9772478,51.1334143],[16.9772458,51.1334232],[16.9772438,51.133432],[16.9772418,51.1334409],[16.9772398,51.1334497],[16.9772378,51.1334586],[16.9772358,51.1334674],[16.9772337,51.1334763],[16.9772317,51.1334852],[16.9772297,51.133494],[16.9772277,51.1335029],[16.9772257,51.1335117],[16.9772237,51.1335206],[16.9772217,51.1335294],[16.9772197,51.1335383],[16.9772177,51.1335471],[16.9772157,51.133556],[16.9772137,51.1335648],[16.9772117,51.1335737],[16.9772097,51.1335825],[16.9772077,51.1335914],[16.9772057,51.1336002],[16.9772037,51.1336091],[16.9772017,51.1336179],[16.9771997,51.1336268],[16.9771977,51.1336356],[16.9771957,51.1336445],[16.9771937,51.1336533],[16.9771917,51.1336622],[16.9771897,51.1336711],[16.9771877,51.1336799],[16.9771857,51.1336888],[16.9771837,51.1336976],[16.9771817,51.1337065],[16.9771797,51.1337153],[16.9771777,51.1337242],[16.9771757,51.133733],[16.9771737,51.1337419],[16.9771717,51.1337507],[16.9771697,51.1337596],[16.9771677,51.1337684],[16.9771657,51.1337773],[16.9771637,51.1337861],[16.9771617,51.133795],[16.9771597,51.1338038],[16.9771577,51.1338127],[16.9771557,51.1338215],[16.9771537,51.1338304],[16.9771517,51.1338392],[16.9771497,51.1338481],[16.9771476,51.133857],[16.9771456,51.1338658],[16.9771436,51.1338747],[16.9771416,51.1338835],[16.9771396,51.1338924],[16.9771376,51.1339012],[16.9771356,51.1339101],[16.9771336,51.1339189],[16.9771316,51.1339278],[16.9771296,51.1339366],[16.9771276,51.1339455],[16.9771256,51.1339543],[16.9771236,51.1339632],[16.9771216,51.133972],[16.9771196,51.1339809],[16.9771176,51.1339897],[16.9771156,51.1339986],[16.9771136,51.1340074],[16.9771116,51.1340163],[16.9771096,51.1340251],[16.9771076,51.134034],[16.9771054,51.1340423],[16.9771033,51.1340506],[16.9770844,51.1340788]]}},{"type":"Feature","properties":{"layer":"roads"},"geometry":{"type":"LineString","coordinates":[[16.9772772,51.1332864],[16.9772262,51.1332808],[16.9772137,51.1332784],[16.9771646,51.1332646]]}},{"type":"Feature","properties":{"layer":"roads"},"geometry":{"type":"LineString","coordinates":[[16.9772772,51.1332864],[16.9773681,51.1333137]]}},{"type":"Feature","properties":{"layer":"roads"},"geometry":{"type":"LineString","coordinates":[[16.9770844,51.1340788],[16.9770864,51.1341165],[16.9770843,51.1341247],[16.9770761,51.1341573]]}},{"type":"Feature","properties":{"layer":"roads"},"geometry":{"type":"LineString","coordinates":[[16.9770844,51.1340788],[16.97694,51.1340461]]}},{"type":"Feature","properties":{"layer":"roads"},"geometry":{"type":"LineString","coordinates":[[16.9770844,51.1340788],[16.9769927,51.1340937],[16.9769907,51.1341025],[16.9769888,51.1341113],[16.9769868,51.1341201],[16.9769849,51.1341289],[16.976983,51.1341378],[16.976981,51.1341466],[16.9769791,51.1341554],[16.9769772,51.1341642],[16.9769752,51.134173],[16.9769733,51.1341818],[16.9769714,51.1341907],[16.9769694,51.1341995],[16.9769675,51.1342083],[16.9769655,51.1342171],[16.9769636,51.1342259],[16.9769617,51.1342347],[16.9769597,51.1342436],[16.9769578,51.1342524],[16.9769559,51.1342612],[16.9769539,51.13427],[16.976952,51.1342788],[16.9769501,51.1342876],[16.9769481,51.1342965],[16.9769462,51.1343053],[16.9769442,51.1343141],[16.9769423,51.1343229],[16.9769404,51.1343317],[16.9769384,51.1343405],[16.9769365,51.1343494],[16.9769346,51.1343582],[16.9769326,51.134367],[16.9769307,51.1343758],[16.9769288,51.1343846],[16.9769268,51.1343934],[16.9769249,51.1344023],[16.9769229,51.1344111],[16.976921,51.1344199],[16.9769191,51.1344287],[16.9769171,51.1344375],[16.9769152,51.1344463],[16.9769133,51.1344552],[16.9769113,51.134464],[16.9769094,51.1344728],[16.9769075,51.1344816],[16.9769055,51.1344904],[16.9769036,51.1344992],[16.9769016,51.1345081],[16.9768997,51.1345169],[16.9768978,51.1345257],[16.9768958,51.1345345],[16.9768939,51.1345433],[16.976892,51.1345521],[16.97689,51.134561],[16.9768881,51.1345698],[16.9768862,51.1345786],[16.9768842,51.1345874],[16.9768823,51.1345962],[16.9768803,51.134605],[16.9768678,51.1346373]]}},{"type":"Feature","properties":{"layer":"roads"},"geometry":{"type":"LineString","coordinates":[[16.97694,51.1340461],[16.9770041,51.1340407],[16.9770059,51.1340318],[16.9770078,51.1340229],[16.9770096,51.134014],[16.9770114,51.1340052],[16.9770133,51.1339963],[16.9770151,51.1339874],[16.977017,51.1339786],[16.9770188,51.1339697],[16.9770206,51.1339608],[16.9770225,51.1339519],[16.9770243,51.1339431],[16.9770262,51.1339342],[16.977028,51.1339253],[16.9770298,51.1339164],[16.9770317,51.1339076],[16.9770335,51.1338987],[16.9770353,51.1338898],[16.9770372,51.133881],[16.977039,51.1338721],[16.9770409,51.1338632],[16.9770427,51.1338543],[16.9770445,51.1338455],[16.9770464,51.1338366],[16.9770482,51.1338277],[16.9770501,51.1338189],[16.9770519,51.13381],[16.9770537,51.1338011],[16.9770556,51.1337922],[16.9770574,51.1337834],[16.9770593,51.1337745],[16.9770611,51.1337656],[16.9770629,51.1337568],[16.9770648,51.1337479],[16.9770666,51.133739],[16.9770685,51.1337301],[16.9770703,51.1337213],[16.9770721,51.1337124],[16.977074,51.1337035],[16.9770758,51.1336947],[16.9770777,51.1336858],[16.9770795,51.1336769],[16.9770813,51.133668],[16.9770832,51.1336592],[16.977085,51.1336503],[16.9770868,51.1336414],[16.9770887,51.1336325],[16.9770905,51.1336237],[16.9770924,51.1336148],[16.9770942,51.1336059],[16.977096,51.1335971],[16.9770979,51.1335882],[16.9770997,51.1335793],[16.9771016,51.1335704],[16.9771034,51.1335616],[16.9771052,51.1335527],[16.9771071,51.1335438],[16.9771089,51.133535],[16.9771108,51.1335261],[16.9771126,51.1335172],[16.9771144,51.1335083],[16.9771163,51.1334995],[16.9771181,51.1334906],[16.97712,51.1334817],[16.9771218,51.1334729],[16.9771236,51.133464],[16.9771255,51.1334551],[16.9771273,51.1334462],[16.9771292,51.1334374],[16.977131,51.1334285],[16.9771328,51.1334196],[16.9771347,51.1334108],[16.9771365,51.1334019],[16.9771383,51.133393],[16.9771402,51.1333841],[16.977142,51.1333753],[16.9771439,51.1333664],[16.9771457,51.1333575],[16.9771475,51.1333486],[16.9771494,51.1333398],[16.9771512,51.1333309],[16.9771531,51.133322],[16.9771549,51.1333132],[16.9771567,51.1333043],[16.9771586,51.1332954],[16.9771646,51.1332646]]}},{"type":"Feature","properties":{"layer":"roads"},"geometry":{"type":"LineString","coordinates":[[16.9771646,51.1332646],[16.9771099,51.1332584],[16.9770963,51.1332557],[16.9770828,51.1332531],[16.9770692,51.1332505],[16.9770557,51.1332479],[16.9770421,51.1332453],[16.9770285,51.1332427],[16.977015,51.1332401],[16.9770014,51.1332375],[16.9769879,51.1332348],[16.9769743,51.1332322],[16.9769608,51.1332296],[16.9769472,51.133227],[16.9769337,51.1332244],[16.9769201,51.1332218],[16.9769066,51.1332192],[16.976893,51.1332166],[16.9768794,51.1332139],[16.9768659,51.1332113],[16.9768523,51.1332087],[16.9768388,51.1332061],[16.9768252,51.1332035],[16.9768117,51.1332009],[16.9767981,51.1331983],[16.9767846,51.1331956],[16.976771,51.133193],[16.9767575,51.1331904],[16.9767439,51.1331878],[16.9767303,51.1331852],[16.9767168,51.1331826],[16.9767032,51.13318],[16.9766897,51.1331774],[16.9766761,51.1331747],[16.9766626,51.1331721],[16.976649,51.1331695],[16.9766355,51.1331669],[16.9766219,51.1331643],[16.9766102,51.1331628],[16.9765985,51.1331612],[16.9765867,51.1331597],[16.976575,51.1331581],[16.9765633,51.1331566],[16.9765515,51.1331571],[16.9765397,51.1331577],[16.9765278,51.1331582],[16.976516,51.1331588],[16.9765042,51.1331593],[16.9764908,51.133162],[16.9764774,51.1331646],[16.976464,51.1331673],[16.9764506,51.13317],[16.9764371,51.1331727],[16.9764237,51.1331753],[16.9764103,51.133178],[16.9763969,51.1331807],[16.9763835,51.1331833],[16.9763701,51.133186],[16.9763568,51.133189],[16.9763435,51.133192],[16.9763302,51.133195],[16.9763168,51.133198],[16.9763035,51.133201],[16.9762902,51.133204],[16.9762769,51.133207],[16.9762636,51.13321],[16.9762503,51.133213],[16.976237,51.133216],[16.9761944,51.1332253]]}},{"type":"Feature","properties":{"layer":"roads"},"geometry":{"type":"LineString","coordinates":[[16.9771646,51.1332646],[16.9771729,51.1332333],[16.9771751,51.1332245],[16.9771773,51.1332156],[16.9771795,51.1332067],[16.9771817,51.1331979],[16.9771839,51.133189],[16.9771861,51.1331801],[16.9771883,51.1331713],[16.9771905,51.1331624],[16.9771927,51.1331535],[16.9771949,51.1331447],[16.9771971,51.1331358],[16.9771993,51.1331269],[16.9772015,51.1331181],[16.9772037,51.1331092],[16.9772059,51.1331003],[16.9772081,51.1330915],[16.9772103,51.1330826],[16.9772125,51.1330737],[16.9772147,51.1330649],[16.9772169,51.133056],[16.9772191,51.1330471],[16.9772213,51.1330383],[16.9772235,51.1330294],[16.9772257,51.1330205],[16.9772279,51.1330117],[16.9772301,51.1330028],[16.9772323,51.1329939],[16.9772345,51.1329851],[16.9772367,51.1329762],[16.9772389,51.1329673],[16.9772411,51.1329585],[16.9772433,51.1329496],[16.9772455,51.1329407],[16.9772477,51.1329319],[16.9772499,51.132923],[16.9772521,51.1329141],[16.9772543,51.1329053],[16.9772565,51.1328964],[16.9772586,51.1328876],[16.9772608,51.1328787],[16.977263,51.1328698],[16.9772652,51.132861],[16.9772674,51.1328521],[16.9772696,51.1328432],[16.9772718,51.1328344],[16.977274,51.1328255],[16.9772762,51.1328166],[16.9772784,51.1328078],[16.9772806,51.1327989],[16.9772828,51.13279],[16.977285,51.1327812],[16.9772872,51.1327723],[16.9772894,51.1327634],[16.9772916,51.1327546],[16.9772938,51.1327457],[16.977296,51.1327368],[16.9772982,51.132728],[16.9773004,51.1327191],[16.9773026,51.1327102],[16.9773048,51.1327014],[16.977307,51.1326925],[16.9773092,51.1326836],[16.9773114,51.1326748],[16.9773136,51.1326659],[16.9773158,51.132657],[16.977318,51.1326482],[16.9773202,51.1326393],[16.9773224,51.1326304],[16.9773246,51.1326216],[16.9773268,51.1326127],[16.977329,51.1326038],[16.9773312,51.132595],[16.9773334,51.1325861],[16.9773356,51.1325772],[16.9773378,51.1325684],[16.97734,51.1325595],[16.9773422,51.1325506],[16.9773444,51.1325418],[16.9773441,51.1325074]]}},{"type":"Feature","properties":{"layer":"roads"},"geometry":{"type":"LineString","coordinates":[[16.9675081,51.131422],[16.9675506,51.1313965],[16.9675647,51.1313975],[16.9675787,51.1313984],[16.9675928,51.1313994],[16.9676069,51.1314003],[16.967621,51.1314013],[16.9676351,51.1314022],[16.9676492,51.1314032],[16.9676624,51.1314047],[16.9676756,51.1314062],[16.9676888,51.1314076],[16.967702,51.1314091],[16.9677152,51.1314106],[16.9677684,51.1314132]]}},{"type":"Feature","properties":{"layer":"roads"},"geometry":{"type":"LineString","coordinates":[[16.9675081,51.131422],[16.9674858,51.1313906],[16.9674402,51.1313807],[16.9674267,51.1313777],[16.9674132,51.1313747],[16.9673997,51.1313717],[16.9673862,51.1313687],[16.9673727,51.1313657],[16.9673592,51.1313627],[16.9673457,51.1313597],[16.9673322,51.1313567],[16.9673184,51.1313544],[16.9673046,51.131352],[16.9672909,51.1313497],[16.9672771,51.1313474],[16.9672633,51.1313451],[16.9672495,51.1313428],[16.9672357,51.1313404],[16.9672219,51.1313381],[16.9672082,51.1313358],[16.9671944,51.1313334],[16.9671806,51.1313311],[16.9671668,51.1313288],[16.9671553,51.1313248],[16.9671438,51.1313208],[16.9671323,51.1313168],[16.9671207,51.1313128],[16.9671092,51.1313088],[16.9670977,51.1313048],[16.9670862,51.1313008],[16.9670743,51.1312966],[16.9670624,51.1312924],[16.9670505,51.1312882],[16.9670385,51.131284],[16.9670266,51.1312799],[16.9670147,51.1312757],[16.9670028,51.1312715],[16.9669909,51.1312673],[16.9669786,51.1312661],[16.9669289,51.1312654]]}},{"type":"Feature","properties":{"layer":"roads"},"geometry":{"type":"LineString","coordinates":[[16.9675081,51.131422],[16.9675279,51.1314492],[16.9675327,51.1314572],[16.9675376,51.1314653],[16.9675424,51.1314734],[16.9675472,51.1314814],[16.967552,51.1314895],[16.9675556,51.1314975],[16.9675591,51.1315056],[16.9675627,51.1315137],[16.9675662,51.1315217],[16.9675698,51.1315297],[16.9675734,51.1315378],[16.9675769,51.1315459],[16.9675805,51.1315539],[16.967584,51.131562],[16.9675876,51.13157],[16.9675914,51.1315783],[16.9675951,51.1315866],[16.9675989,51.1315948],[16.9676027,51.1316031],[16.9676065,51.1316114],[16.9676102,51.1316197],[16.967614,51.131628],[16.9676178,51.1316363],[16.9676216,51.1316445],[16.9676253,51.1316528],[16.9676291,51.1316611],[16.9676329,51.1316694],[16.9676366,51.1316777],[16.9676404,51.1316859],[16.9676442,51.1316942],[16.967648,51.1317025],[16.9676517,51.1317108],[16.9676555,51.1317191],[16.9676593,51.1317274],[16.9676631,51.1317356],[16.9676668,51.1317439],[16.9676706,51.1317522],[16.9676747,51.1317605],[16.9676788,51.1317688],[16.9676828,51.1317771],[16.9676869,51.1317854],[16.967691,51.1317937],[16.9676951,51.131802],[16.9676991,51.1318104],[16.9677032,51.1318187],[16.9677073,51.131827],[16.9677114,51.1318353],[16.9677154,51.1318436],[16.9677195,51.1318519],[16.9677236,51.1318602],[16.9677282,51.1318686],[16.9677329,51.131877],[16.9677375,51.1318854],[16.9677422,51.1318938],[16.9677468,51.1319022],[16.9677514,51.1319107],[16.9677561,51.1319191],[16.9677607,51.1319275],[16.9677654,51.1319359],[16.96777,51.1319443],[16.9677747,51.1319525],[16.9677794,51.1319606],[16.9677841,51.1319688],[16.9677888,51.1319769],[16.9677934,51.1319851],[16.9677981,51.1319932],[16.9678028,51.1320014],[16.9678075,51.1320095],[16.9678122,51.1320177],[16.9678227,51.1320234],[16.9678333,51.1320291],[16.9678438,51.1320347],[16.9678544,51.1320404],[16.9678649,51.1320461],[16.9678754,51.1320518],[16.967886,51.1320575],[16.9678965,51.1320631],[16.9679071,51.1320688],[16.9679176,51.1320745],[16.9679389,51.1321004]]}},{"type":"Feature","properties":{"layer":"roads"},"geometry":{"type":"LineString","coordinates":[[16.9675081,51.131422],[16.9674823,51.1314592],[16.9674809,51.1314675],[16.9674794,51.1314759],[16.9674779,51.1314842],[16.9674764,51.1314925],[16.9674735,51.1315013],[16.9674706,51.13151],[16.9674676,51.1315188],[16.9674647,51.1315275],[16.9674618,51.1315363],[16.9674589,51.131545],[16.967456,51.1315538],[16.9674531,51.1315626],[16.9674449,51.1315871],[16.9674404,51.1316055],[16.9674394,51.1316134],[16.9674384,51.1316214],[16.9674374,51.1316293],[16.9674364,51.1316372],[16.9674354,51.1316451],[16.9674344,51.1316531],[16.9674334,51.131661],[16.9674353,51.1316689],[16.9674373,51.1316768],[16.9674392,51.1316847],[16.9674411,51.1316926],[16.967443,51.1317005],[16.967445,51.1317084],[16.9674469,51.1317163],[16.9674505,51.1317245],[16.9674541,51.1317327],[16.9674577,51.1317409],[16.9674612,51.1317491],[16.9674648,51.1317573],[16.9674684,51.1317655],[16.967472,51.1317736],[16.9674756,51.1317818],[16.9674791,51.13179],[16.9674827,51.1317982],[16.9674863,51.1318064],[16.9674899,51.1318146],[16.9674945,51.1318228],[16.9674992,51.1318311],[16.9675038,51.1318393],[16.9675084,51.1318475],[16.9675131,51.1318557],[16.9675177,51.131864],[16.9675223,51.1318722],[16.9675269,51.1318804],[16.9675316,51.1318887],[16.9675445,51.1319062],[16.9675639,51.1319279],[16.9675708,51.1319356],[16.967576,51.1319439],[16.9675813,51.1319523],[16.9675959,51.1319756],[16.9676054,51.131994],[16.9676086,51.1320024],[16.9676118,51.1320108],[16.9676149,51.1320192],[16.9676181,51.1320276],[16.9676213,51.132036],[16.9676534,51.1320638]]}},{"type":"Feature","properties":{"layer":"roads"},"geometry":{"type":"LineString","coordinates":[[16.9679389,51.1321004],[16.9679008,51.1321134],[16.9678869,51.1321155],[16.9678731,51.1321175],[16.9678592,51.1321196],[16.9678453,51.1321217],[16.967792,51.1321248]]}},{"type":"Feature","properties":{"layer":"roads"},"geometry":{"type":"LineString","coordinates":[[16.9673138,51.1325301],[16.9673549,51.1325217],[16.9673666,51.1325175],[16.9673783,51.1325133],[16.9673901,51.1325091],[16.9674018,51.1325049],[16.9674136,51.1325006],[16.9674253,51.1324964],[16.9674371,51.1324922],[16.9674488,51.132488],[16.9674605,51.1324838],[16.9675027,51.1324618]]}},{"type":"Feature","properties":{"layer":"roads"},"geometry":{"type":"LineString","coordinates":[[16.9673138,51.1325301],[16.9673161,51.1325647],[16.9673188,51.1325734],[16.9673216,51.1325821],[16.9673243,51.1325909],[16.967327,51.1325996],[16.9673298,51.1326083],[16.9673325,51.1326171],[16.9673352,51.1326258],[16.967338,51.1326345],[16.9673407,51.1326433],[16.9673434,51.132652],[16.9673462,51.1326607],[16.9673489,51.1326694],[16.9673516,51.1326782],[16.9673544,51.1326869],[16.9673571,51.1326956],[16.9673598,51.1327044],[16.9673625,51.1327131],[16.9673653,51.1327218],[16.967368,51.1327305],[16.9673707,51.1327393],[16.9673735,51.132748],[16.9673762,51.1327567],[16.9673789,51.1327655],[16.9673817,51.1327742],[16.9673844,51.1327829],[16.9673871,51.1327917],[16.9673899,51.1328004],[16.9673926,51.1328091],[16.9673953,51.1328178],[16.9673981,51.1328266],[16.9674008,51.1328353],[16.9674037,51.1328441],[16.9674066,51.1328529],[16.9674095,51.1328617],[16.9674124,51.1328705],[16.9674152,51.1328792],[16.9674181,51.132888],[16.967421,51.1328968],[16.9674239,51.1329056],[16.9674268,51.1329144],[16.9674297,51.1329232],[16.9674326,51.132932],[16.9674355,51.1329408],[16.9674384,51.1329496],[16.9674412,51.1329583],[16.9674441,51.1329671],[16.967447,51.1329759],[16.9674499,51.1329847],[16.9674528,51.1329935],[16.9674557,51.1330023],[16.9674586,51.1330111],[16.9674615,51.1330199],[16.9674644,51.1330287],[16.9674672,51.1330374],[16.9674701,51.1330462],[16.967473,51.133055],[16.9674759,51.1330638],[16.9674788,51.1330726],[16.9674817,51.1330814],[16.9674846,51.1330902],[16.9674875,51.133099],[16.9674904,51.1331078],[16.9674932,51.1331165],[16.9674961,51.1331253],[16.967499,51.1331341],[16.9675019,51.1331429],[16.9675048,51.1331517],[16.9675077,51.1331605],[16.9675106,51.1331693],[16.9675135,51.1331781],[16.9675164,51.1331869],[16.9675192,51.1331956],[16.9675221,51.1332044],[16.967525,51.1332132],[16.9675279,51.133222],[16.9675308,51.1332308],[16.9675337,51.1332396],[16.9675366,51.1332484],[16.9675395,51.1332572],[16.9675424,51.133266],[16.9675452,51.1332747],[16.9675755,51.1332997]]}},{"type":"Feature","properties":{"layer":"roads"},"geometry":{"type":"LineString","coordinates":[[16.9673138,51.1325301],[16.9672966,51.1325047],[16.9672938,51.1324962],[16.967291,51.1324878],[16.9672882,51.1324793],[16.9672854,51.1324709],[16.9672825,51.1324624],[16.9672797,51.1324539],[16.9672769,51.1324455],[16.9672741,51.132437],[16.9672713,51.1324286],[16.9672684,51.1324201],[16.9672656,51.1324117],[16.9672628,51.1324032],[16.9672596,51.1323945],[16.9672564,51.1323857],[16.9672532,51.132377],[16.96725,51.1323682],[16.9672468,51.1323595],[16.9672435,51.1323507],[16.9672403,51.132342],[16.9672371,51.1323333],[16.9672339,51.1323245],[16.9672307,51.1323158],[16.9672275,51.132307],[16.9672243,51.1322983],[16.9672211,51.1322895],[16.9672179,51.1322808],[16.9672146,51.132272],[16.9672114,51.1322633],[16.9672082,51.1322546],[16.967205,51.1322458],[16.9672018,51.1322371],[16.9671986,51.1322283],[16.9671954,51.1322196],[16.9671922,51.1322108],[16.967189,51.1322021],[16.9671858,51.1321934],[16.9671826,51.1321846],[16.9671793,51.1321759],[16.9671761,51.1321671],[16.9671729,51.1321584],[16.9671697,51.1321496],[16.9671665,51.1321409],[16.9671666,51.1321321],[16.9671667,51.1321234],[16.9671669,51.1321146],[16.967167,51.1321059],[16.9671671,51.1320971],[16.9671672,51.1320884],[16.9671673,51.1320796],[16.9671674,51.1320709],[16.9671676,51.1320621],[16.9671677,51.1320534],[16.9671902,51.1320235]]}},{"type":"Feature","properties":{"layer":"roads"},"geometry":{"type":"LineString","coordinates":[[16.9675755,51.1332997],[16.9675698,51.1333449],[16.9675731,51.1333537],[16.9675763,51.1333624],[16.9675796,51.1333712],[16.9675828,51.1333799],[16.9675861,51.1333887],[16.9675893,51.1333974],[16.9675926,51.1334062],[16.9675958,51.1334149],[16.9675991,51.1334237],[16.9676043,51.1334317],[16.9676094,51.1334397],[16.9676146,51.1334477],[16.9676198,51.1334557],[16.9676249,51.1334638],[16.9676301,51.1334718],[16.9676352,51.1334798],[16.9676404,51.1334878],[16.9676455,51.1334954],[16.9676505,51.1335031],[16.9676556,51.1335107],[16.9676607,51.1335183],[16.9676658,51.133526],[16.9676708,51.1335336],[16.9676759,51.1335413],[16.967681,51.1335489],[16.9676861,51.1335565],[16.9676911,51.1335642],[16.9676962,51.1335718],[16.9676984,51.1335804],[16.9677006,51.133589],[16.9677028,51.1335976],[16.9677049,51.1336062],[16.9677071,51.1336148],[16.9677093,51.1336234],[16.9677115,51.133632],[16.9677137,51.1336406],[16.9677158,51.1336492],[16.9677342,51.1336802]]}},{"type":"Feature","properties":{"layer":"roads"},"geometry":{"type":"LineString","coordinates":[[16.9675755,51.1332997],[16.9676158,51.1332881],[16.9676277,51.1332837],[16.9676395,51.1332793],[16.9676513,51.1332749],[16.9676631,51.1332706],[16.9676749,51.1332662],[16.9676886,51.1332642],[16.9677023,51.1332621],[16.967716,51.1332601],[16.9677298,51.133258],[16.9677435,51.133256],[16.9677572,51.133254],[16.9677709,51.1332519],[16.9677846,51.1332499],[16.9677983,51.1332478],[16.967812,51.1332458],[16.9678257,51.1332438],[16.9678395,51.1332417],[16.9678532,51.1332397],[16.9678669,51.1332376],[16.9678806,51.1332356],[16.9678937,51.133235],[16.9679069,51.1332343],[16.96792,51.1332337],[16.9679332,51.133233],[16.9679463,51.1332324],[16.9679595,51.1332317],[16.9679726,51.1332311],[16.9680254,51.1332288]]}},{"type":"Feature","properties":{"layer":"roads"},"geometry":{"type":"LineString","coordinates":[[16.9773681,51.1333137],[16.977416,51.1333284],[16.9774275,51.1333333],[16.9774391,51.1333383],[16.9774506,51.1333432],[16.9774621,51.1333482],[16.9774736,51.1333532],[16.9774851,51.1333581],[16.9775211,51.1333731]]}},{"type":"Feature","properties":{"layer":"roads"},"geometry":{"type":"LineString","coordinates":[[16.9773681,51.1333137],[16.9773756,51.1332818],[16.9773775,51.1332729],[16.9773794,51.133264],[16.9773812,51.1332551],[16.9773831,51.1332462],[16.977385,51.1332373],[16.9773868,51.1332284],[16.9773887,51.1332195],[16.9773906,51.1332106],[16.9773924,51.1332017],[16.9773943,51.1331928],[16.9773962,51.1331839],[16.9773981,51.133175],[16.9773999,51.1331661],[16.9774018,51.1331572],[16.9774037,51.1331483],[16.9774055,51.1331394],[16.9774074,51.1331305],[16.9774093,51.1331216],[16.9774111,51.1331128],[16.977413,51.1331039],[16.9774149,51.133095],[16.9774168,51.1330861],[16.9774186,51.1330772],[16.9774205,51.1330683],[16.9774224,51.1330594],[16.9774242,51.1330505],[16.9774261,51.1330416],[16.977428,51.1330327],[16.9774298,51.1330238],[16.9774317,51.1330149],[16.9774336,51.133006],[16.9774355,51.1329971],[16.9774373,51.1329882],[16.9774392,51.1329793],[16.9774411,51.1329704],[16.9774429,51.1329615],[16.9774448,51.1329526],[16.9774467,51.1329437],[16.9774485,51.1329348],[16.9774504,51.1329259],[16.9774523,51.132917],[16.9774542,51.1329081],[16.977456,51.1328992],[16.9774579,51.1328903],[16.9774598,51.1328814],[16.9774616,51.1328725],[16.9774635,51.1328636],[16.9774654,51.1328547],[16.9774672,51.1328458],[16.9774691,51.1328369],[16.977471,51.132828],[16.9774729,51.1328191],[16.9774747,51.1328102],[16.9774766,51.1328013],[16.9774785,51.1327924],[16.9774803,51.1327835],[16.9774822,51.1327746],[16.9774841,51.1327657],[16.9774859,51.1327568],[16.9774878,51.1327479],[16.9774897,51.132739],[16.9774916,51.1327301],[16.9774934,51.1327213],[16.9774953,51.1327124],[16.9774972,51.1327035],[16.977499,51.1326946],[16.9775009,51.1326857],[16.9775028,51.1326768],[16.9775046,51.1326679],[16.9775065,51.132659],[16.9775084,51.1326501],[16.9775103,51.1326412],[16.9775121,51.1326323],[16.977514,51.1326234],[16.9775159,51.1326145],[16.9775177,51.1326056],[16.9775196,51.1325967],[16.9775215,51.1325878],[16.9775233,51.1325789],[16.9775252,51.13257],[16.9775271,51.1325611],[16.977529,51.1325522],[16.9775308,51.1325433],[16.9774908,51.1325277]]}},{"type":"Feature","properties":{"layer":"roads"},"geometry":{"type":"LineString","coordinates":[[16.9773681,51.1333137],[16.9773614,51.1333439],[16.9773593,51.1333528],[16.9773571,51.1333617],[16.977355,51.1333705],[16.9773528,51.1333794],[16.9773507,51.1333882],[16.9773486,51.1333971],[16.9773464,51.133406],[16.9773443,51.1334148],[16.9773421,51.1334237],[16.9773457,51.1334572]]}},{"type":"Feature","properties":{"layer":"roads"},"geometry":{"type":"LineString","coordinates":[[16.9774908,51.1325277],[16.9775434,51.1325002],[16.9775461,51.1324917],[16.9775487,51.1324831],[16.9775514,51.1324746],[16.9775541,51.1324661],[16.9775567,51.1324575],[16.9775594,51.132449],[16.9775927,51.1324099]]}},{"type":"Feature","properties":{"layer":"roads"},"geometry":{"type":"LineString","coordinates":[[16.9829097,51.1326711],[16.9829289,51.1326458],[16.9829288,51.1326368],[16.9829287,51.1326279],[16.9829286,51.1326189],[16.9829285,51.13261],[16.9829284,51.132601],[16.9829284,51.132592],[16.9829283,51.1325831],[16.9829282,51.1325741],[16.9829281,51.1325652],[16.982928,51.1325562],[16.9829279,51.1325473],[16.9829278,51.1325383],[16.9829277,51.1325294],[16.9829277,51.1325204],[16.9829276,51.1325115],[16.9829275,51.1325025],[16.9829274,51.1324936],[16.9829273,51.1324846],[16.9829261,51.132476],[16.982925,51.1324674],[16.9829238,51.1324588],[16.9829227,51.1324502],[16.9829215,51.1324415],[16.9829203,51.1324329],[16.9829192,51.1324243],[16.982918,51.1324157],[16.9829169,51.1324071],[16.9829157,51.1323985],[16.9829146,51.1323899],[16.9829134,51.1323813],[16.9829122,51.1323726],[16.9829111,51.132364],[16.9829099,51.1323554],[16.9829088,51.1323468],[16.9829076,51.1323382],[16.9829056,51.1323295],[16.9829035,51.1323207],[16.9829015,51.132312],[16.9828994,51.1323032],[16.9828974,51.1322945],[16.9828953,51.1322858],[16.9828933,51.132277],[16.9828913,51.1322683],[16.9828892,51.1322595],[16.9828872,51.1322508],[16.9828851,51.132242],[16.9828831,51.1322333],[16.982884,51.1322244],[16.9828849,51.1322155],[16.9828858,51.1322067],[16.9828866,51.1321978],[16.9828875,51.1321889],[16.9828884,51.13218],[16.9828893,51.1321711],[16.9828902,51.1321622],[16.9828911,51.1321534],[16.9828919,51.1321445],[16.9828928,51.1321356],[16.9828937,51.1321267],[16.9828946,51.1321178],[16.9828955,51.132109],[16.9828964,51.1321001],[16.9828973,51.1320912],[16.9828981,51.1320823],[16.982899,51.1320734],[16.9828999,51.1320645],[16.9829008,51.1320557],[16.9829017,51.1320468],[16.9829026,51.1320379],[16.9829035,51.132029],[16.9829043,51.1320201],[16.9829052,51.1320113],[16.9829061,51.1320024],[16.982907,51.1319935],[16.9829079,51.1319846],[16.9828939,51.1319561]]}},{"type":"Feature","properties":{"layer":"roads"},"geometry":{"type":"LineString","coordinates":[[16.9829097,51.1326711],[16.9828706,51.1326457],[16.982864,51.1326378],[16.9828575,51.1326298],[16.9828509,51.1326218],[16.9828443,51.1326139],[16.9828378,51.1326059],[16.9828312,51.1325979],[16.9828247,51.13259],[16.9828181,51.132582],[16.9828089,51.1325755],[16.9827997,51.1325691],[16.9827904,51.1325626],[16.9827812,51.1325561],[16.982772,51.1325496],[16.9827627,51.1325432],[16.9827535,51.1325367],[16.9827443,51.1325302],[16.9827351,51.1325237],[16.9827258,51.1325172],[16.9827166,51.1325108],[16.9827074,51.1325043],[16.9826982,51.1324978],[16.982689,51.1324914],[16.9826797,51.1324849],[16.9826705,51.1324784],[16.9826613,51.1324719],[16.982652,51.1324654],[16.9826428,51.132459],[16.9826336,51.1324525],[16.9826244,51.132446],[16.9826151,51.1324396],[16.9826059,51.1324331],[16.9825967,51.1324266],[16.9825868,51.1324206],[16.9825769,51.1324147],[16.982567,51.1324087],[16.9825571,51.1324028],[16.9825472,51.1323968],[16.9825373,51.1323909],[16.9825274,51.1323849],[16.9825175,51.132379],[16.9825076,51.132373],[16.9824976,51.132367],[16.9824877,51.1323611],[16.9824778,51.1323551],[16.9824343,51.1323458]]}},{"type":"Feature","properties":{"layer":"roads"},"geometry":{"type":"LineString","coordinates":[[16.9829097,51.1326711],[16.982923,51.1327005],[16.9829263,51.1327089],[16.9829368,51.132725],[16.9829584,51.1327476],[16.9829656,51.1327552],[16.9829728,51.1327627],[16.98298,51.1327703],[16.9829872,51.1327778],[16.9829944,51.1327854],[16.9830016,51.1327929],[16.9830088,51.1328005],[16.9830148,51.132808],[16.9830208,51.1328156],[16.9830269,51.1328231],[16.9830329,51.1328306],[16.9830389,51.1328382],[16.9830449,51.1328457],[16.983051,51.1328532],[16.983057,51.1328607],[16.9830722,51.1328923]]}},{"type":"Feature","properties":{"layer":"roads"},"geometry":{"type":"LineString","coordinates":[[16.9823802,51.133773],[16.9823717,51.133809],[16.9823724,51.133818],[16.982373,51.133827],[16.9823736,51.1338359],[16.9823743,51.1338449],[16.9823749,51.1338539],[16.9823755,51.1338629],[16.9823762,51.1338719],[16.9823768,51.1338808],[16.9823774,51.1338898],[16.9823781,51.1338988],[16.9823787,51.1339078],[16.9823793,51.1339167],[16.98238,51.1339257],[16.9823806,51.1339347],[16.9823812,51.1339437],[16.9823819,51.1339527],[16.9823825,51.1339616],[16.9823831,51.1339706],[16.9823838,51.1339796],[16.9823844,51.1339886],[16.982385,51.1339975],[16.9823857,51.1340065],[16.9823863,51.1340155],[16.9823869,51.1340245],[16.9823876,51.1340335],[16.9823882,51.1340424],[16.9823888,51.1340514],[16.9823895,51.1340604],[16.9823901,51.1340694],[16.9823907,51.1340783],[16.9823914,51.1340873],[16.982392,51.1340963],[16.9823926,51.1341053],[16.9823933,51.1341143],[16.9823939,51.1341232],[16.9823945,51.1341322],[16.9823952,51.1341412],[16.9823958,51.1341502],[16.9823964,51.1341591],[16.9823971,51.1341681],[16.9823977,51.1341771],[16.9823983,51.1341861],[16.982399,51.1341951],[16.9823996,51.134204],[16.9824002,51.134213],[16.9824009,51.134222],[16.9824015,51.134231],[16.9824021,51.1342399],[16.9824028,51.1342489],[16.9824034,51.1342579],[16.982404,51.1342669],[16.9824047,51.1342759],[16.9824188,51.1343081]]}},{"type":"Feature","properties":{"layer":"roads"},"geometry":{"type":"LineString","coordinates":[[16.9823802,51.133773],[16.9823164,51.1337762],[16.9823032,51.133777],[16.98229,51.1337778],[16.9822767,51.1337785],[16.9822635,51.1337793],[16.9822503,51.1337801],[16.9822371,51.1337809],[16.9822239,51.1337816],[16.9822107,51.1337824],[16.9821975,51.1337832],[16.9821838,51.1337831],[16.9821702,51.133783],[16.9821565,51.1337828],[16.9821429,51.1337827],[16.9821292,51.1337826],[16.9821155,51.1337825],[16.9821019,51.1337824],[16.9820882,51.1337822],[16.9820746,51.1337821],[16.9820609,51.133782],[16.9820471,51.1337796],[16.9820334,51.1337772],[16.9820196,51.1337748],[16.9820059,51.1337724],[16.9819921,51.13377],[16.9819784,51.1337676],[16.9819646,51.1337652],[16.9819509,51.1337628],[16.9819371,51.1337604],[16.9818822,51.1337556]]}},{"type":"Feature","properties":{"layer":"roads"},"geometry":{"type":"LineString","coordinates":[[16.9823802,51.133773],[16.9824256,51.1337759],[16.9824398,51.1337766],[16.9824539,51.1337773],[16.982468,51.133778],[16.9824821,51.1337787],[16.9824957,51.1337786],[16.9825092,51.1337786],[16.9825228,51.1337785],[16.9825364,51.1337784],[16.9825499,51.1337784],[16.9825635,51.1337783],[16.9825775,51.1337791],[16.9825914,51.1337799],[16.9826054,51.1337807],[16.9826194,51.1337816],[16.9826333,51.1337824],[16.9826473,51.1337832],[16.9826616,51.1337831],[16.9826759,51.1337829],[16.9826902,51.1337828],[16.9827045,51.1337827],[16.9827188,51.1337826],[16.9827331,51.1337824],[16.9827474,51.1337823],[16.9827617,51.1337822],[16.982776,51.1337821],[16.9827902,51.1337819],[16.9828045,51.1337818],[16.9828188,51.1337817],[16.9828331,51.1337815],[16.9828474,51.1337814],[16.9828617,51.1337813],[16.982876,51.1337812],[16.9828903,51.133781],[16.9829046,51.1337809],[16.9829179,51.1337793],[16.9829312,51.1337778],[16.9829445,51.1337762],[16.9829578,51.1337746],[16.9829711,51.133773],[16.9830138,51.1337779]]}},{"type":"Feature","properties":{"layer":"roads"},"geometry":{"type":"LineString","coordinates":[[16.9823802,51.133773],[16.9824026,51.1337445],[16.9824109,51.1337373],[16.9824193,51.1337302],[16.9824276,51.1337231],[16.9824359,51.1337159],[16.9824443,51.1337087],[16.9824526,51.1337016],[16.982461,51.1336945],[16.9824693,51.1336873],[16.9824777,51.1336801],[16.982486,51.133673],[16.9824943,51.1336658],[16.9825027,51.1336587],[16.982511,51.1336515],[16.9825194,51.1336444],[16.9825277,51.1336372],[16.9825361,51.1336301],[16.9825444,51.1336229],[16.9825527,51.1336158],[16.9825611,51.1336086],[16.9825694,51.1336015],[16.9825778,51.1335943],[16.9825861,51.1335872],[16.9825945,51.13358],[16.9826028,51.1335729],[16.9826027,51.1335641],[16.9826026,51.1335552],[16.9826026,51.1335464],[16.9826025,51.1335375],[16.9826024,51.1335287],[16.9826023,51.1335198],[16.9826022,51.133511],[16.9826022,51.1335022],[16.9826021,51.1334933],[16.982602,51.1334845],[16.9826019,51.1334756],[16.9826019,51.1334668],[16.9826018,51.133458],[16.9826017,51.1334491],[16.9826016,51.1334403],[16.9826015,51.1334314],[16.9826015,51.1334226],[16.9826014,51.1334137],[16.9826013,51.1334049],[16.9826012,51.1333961],[16.9826011,51.1333872],[16.9826011,51.1333784],[16.982601,51.1333695],[16.9826009,51.1333607],[16.9826008,51.1333518],[16.9826007,51.133343],[16.9826007,51.1333342],[16.9826006,51.1333253],[16.9826005,51.1333165],[16.9826004,51.1333076],[16.9826004,51.1332988],[16.9826003,51.13329],[16.9826002,51.1332811],[16.9826001,51.1332723],[16.9826,51.1332634],[16.9826,51.1332546],[16.9825999,51.1332457],[16.9825998,51.1332369],[16.9825993,51.1332283],[16.9825989,51.1332197],[16.9825984,51.1332111],[16.982598,51.1332025],[16.9825975,51.1331939],[16.982597,51.1331852],[16.9825966,51.1331766],[16.9825961,51.133168],[16.9825957,51.1331594],[16.9825952,51.1331508],[16.9825947,51.1331422],[16.9825943,51.1331336],[16.9825938,51.133125],[16.9825934,51.1331164],[16.9825929,51.1331078],[16.9825925,51.1330992],[16.982592,51.1330905],[16.9825915,51.1330819],[16.98258,51.1330485]]}},{"type":"Feature","properties":{"layer":"roads"},"geometry":{"type":"LineString","coordinates":[[16.98258,51.1330485],[16.9825349,51.1330578],[16.9825213,51.1330604],[16.9825076,51.133063],[16.9824939,51.1330656],[16.9824802,51.1330682],[16.9824665,51.1330708],[16.9824528,51.1330733],[16.9824391,51.1330759],[16.9824254,51.1330785],[16.9824117,51.1330811],[16.9823981,51.1330837],[16.9823844,51.1330863],[16.9823707,51.1330889],[16.982357,51.1330914],[16.9823433,51.133094],[16.9823296,51.1330966],[16.9823159,51.1330992],[16.9823022,51.1331018],[16.9822885,51.1331044],[16.9822749,51.133107],[16.9822612,51.1331095],[16.9822475,51.1331121],[16.9822338,51.1331147],[16.9822201,51.1331173],[16.9822064,51.1331199],[16.9821927,51.1331225],[16.982179,51.133125],[16.9821654,51.1331276],[16.9821517,51.1331302],[16.982138,51.1331328],[16.9821243,51.1331354],[16.9821106,51.133138],[16.9820969,51.1331406],[16.9820832,51.1331431],[16.9820695,51.1331457],[16.9820558,51.1331483],[16.9820422,51.1331509],[16.9820285,51.1331535],[16.9820148,51.1331561],[16.9820011,51.1331587],[16.9819874,51.1331612],[16.9819737,51.1331638],[16.98196,51.1331664],[16.9819463,51.133169],[16.9819326,51.1331716],[16.981919,51.1331742],[16.9818732,51.1331771]]}},{"type":"Feature","properties":{"layer":"roads"},"geometry":{"type":"LineString","coordinates":[[16.98258,51.1330485],[16.9825683,51.1330148],[16.9825629,51.1330066],[16.9825576,51.1329984],[16.9825522,51.1329902],[16.9825469,51.132982],[16.9825416,51.1329738],[16.9825362,51.1329657],[16.9825308,51.1329575],[16.9825255,51.1329493],[16.9825201,51.1329411],[16.9825148,51.1329329],[16.9825094,51.1329248],[16.9825041,51.1329166],[16.9824987,51.1329084],[16.9824934,51.1329002],[16.9824902,51.132892],[16.982487,51.1328838],[16.9824838,51.1328757],[16.9824806,51.1328675],[16.9824774,51.1328593],[16.9824742,51.1328511],[16.982471,51.1328429],[16.9824677,51.1328348],[16.9824645,51.1328266],[16.9824613,51.1328184],[16.9824581,51.1328102],[16.9824373,51.1327763]]}},{"type":"Feature","properties":{"layer":"roads"},"geometry":{"type":"LineString","coordinates":[[16.98258,51.1330485],[16.9826442,51.1330398],[16.9826578,51.1330379],[16.9826715,51.133036],[16.9826851,51.1330341],[16.9826987,51.1330322],[16.9827123,51.1330303],[16.982726,51.1330284],[16.9827396,51.1330265],[16.9827532,51.1330245],[16.9827668,51.1330226],[16.9827805,51.1330207],[16.9827941,51.1330188],[16.9828058,51.133014],[16.9828175,51.1330092],[16.9828293,51.1330044],[16.982841,51.1329995],[16.9828527,51.1329947],[16.9828644,51.1329899],[16.9828761,51.1329851],[16.9828879,51.1329803],[16.9828996,51.1329755],[16.9829113,51.1329706],[16.982923,51.1329658],[16.9829347,51.132961],[16.9829465,51.1329562],[16.9829582,51.1329514],[16.9829699,51.1329466],[16.9829816,51.1329417],[16.9829933,51.1329369],[16.9830051,51.1329321],[16.9830168,51.1329273],[16.9830285,51.1329225],[16.9830402,51.1329177],[16.9830722,51.1328923]]}},{"type":"Feature","properties":{"layer":"roads"},"geometry":{"type":"LineString","coordinates":[[16.9761944,51.1332253],[16.9760887,51.133258]]}},{"type":"Feature","properties":{"layer":"roads"},"geometry":{"type":"LineString","coordinates":[[16.9761944,51.1332253],[16.9761674,51.1331956],[16.9761633,51.1331875],[16.9761592,51.1331794],[16.9761586,51.1331707],[16.9761579,51.133162],[16.9761573,51.1331533],[16.9761566,51.1331446],[16.976156,51.1331359],[16.9761554,51.1331271],[16.9761547,51.1331184],[16.9761541,51.1331097],[16.9761534,51.133101],[16.9761528,51.1330923],[16.9761522,51.1330836],[16.9761515,51.1330749],[16.9761509,51.1330662],[16.9761502,51.1330575],[16.9761496,51.1330488],[16.976149,51.13304],[16.9761483,51.1330313],[16.9761477,51.1330226],[16.976147,51.1330139],[16.9761464,51.1330052],[16.9761468,51.1329965],[16.9761472,51.1329877],[16.9761476,51.132979],[16.9761479,51.1329702],[16.9761483,51.1329615],[16.9761487,51.1329528],[16.9761491,51.132944],[16.9761495,51.1329353],[16.9761499,51.1329265],[16.9761503,51.1329178],[16.9761507,51.1329091],[16.976151,51.1329003],[16.9761514,51.1328916],[16.9761518,51.1328828],[16.9761522,51.1328741],[16.9761548,51.1328656],[16.9761575,51.132857],[16.9761601,51.1328485],[16.9761628,51.13284],[16.9761654,51.1328315],[16.9761681,51.1328229],[16.9761707,51.1328144],[16.9761734,51.1328059],[16.976176,51.1327974],[16.9761787,51.1327888],[16.9761813,51.1327803],[16.976184,51.1327718],[16.9761866,51.1327633],[16.9761893,51.1327547],[16.9761919,51.1327462],[16.9761962,51.1327141]]}},{"type":"Feature","properties":{"layer":"roads"},"geometry":{"type":"LineString","coordinates":[[16.9761944,51.1332253],[16.9762113,51.1332553],[16.9762182,51.1332621],[16.9762251,51.1332689],[16.9762307,51.1332767],[16.9762364,51.1332845],[16.976242,51.1332923],[16.9762476,51.1333001],[16.9762533,51.1333079],[16.9762589,51.1333157],[16.9762645,51.1333235],[16.9762701,51.1333313],[16.9762758,51.1333392],[16.9762814,51.133347],[16.976287,51.1333548],[16.9762927,51.1333626],[16.9762983,51.1333704],[16.9763039,51.1333782],[16.9763096,51.133386],[16.9763152,51.1333938],[16.9763209,51.1334019],[16.9763267,51.1334101],[16.9763324,51.1334182],[16.9763381,51.1334263],[16.9763438,51.1334344],[16.9763496,51.1334426],[16.9763553,51.1334507],[16.976361,51.1334588],[16.9763667,51.1334669],[16.9763725,51.1334751],[16.9763782,51.1334832],[16.9763839,51.1334913],[16.9763896,51.1334994],[16.9763954,51.1335076],[16.9764011,51.1335157],[16.9764064,51.1335232],[16.9764116,51.1335308],[16.9764169,51.1335383],[16.9764222,51.1335459],[16.9764275,51.1335534],[16.9764328,51.133561],[16.976438,51.1335685],[16.9764433,51.1335761],[16.9764486,51.1335836],[16.9764539,51.1335912],[16.9764591,51.1335987],[16.9764644,51.1336063],[16.976469,51.1336135],[16.9764737,51.1336206],[16.9764783,51.1336278],[16.9764829,51.133635],[16.9764876,51.1336421],[16.9764922,51.1336493],[16.976498,51.1336575],[16.9765039,51.1336657],[16.9765097,51.1336739],[16.9765156,51.1336821],[16.9765214,51.1336903],[16.9765273,51.1336985],[16.9765331,51.1337067],[16.976539,51.1337149],[16.9765448,51.1337231],[16.9765494,51.1337308],[16.976554,51.1337385],[16.9765586,51.1337462],[16.9765632,51.1337539],[16.9765678,51.1337617],[16.9765724,51.1337694],[16.976577,51.1337771],[16.9765816,51.1337848],[16.9765858,51.1337931],[16.9765901,51.1338015],[16.9765943,51.1338098],[16.9765986,51.1338182],[16.9766028,51.1338265],[16.9766044,51.1338337],[16.9766061,51.1338409],[16.9766077,51.1338481],[16.9766094,51.1338553],[16.9766104,51.1338631],[16.9766114,51.1338708],[16.9766123,51.1338786],[16.9766133,51.1338863],[16.9766143,51.1338941],[16.9766147,51.1339019],[16.9766151,51.1339097],[16.9766125,51.1339378]]}},{"type":"Feature","properties":{"layer":"roads"},"geometry":{"type":"LineString","coordinates":[[16.9766125,51.1339378],[16.9765729,51.133925],[16.9765619,51.133921],[16.9765509,51.133917],[16.97654,51.133913],[16.976529,51.133909],[16.9765176,51.1339043],[16.9765062,51.1338996],[16.9764948,51.1338948],[16.9764834,51.1338901],[16.9764719,51.1338854],[16.9764605,51.1338807],[16.9764491,51.133876],[16.9764377,51.1338713],[16.9764263,51.1338665],[16.9764149,51.1338618],[16.9764035,51.1338571],[16.9763921,51.1338524],[16.9763806,51.1338477],[16.9763692,51.133843],[16.9763578,51.1338382],[16.9763464,51.1338335],[16.976335,51.1338288],[16.9763242,51.1338231],[16.9763134,51.1338175],[16.9763027,51.1338118],[16.9762919,51.1338062],[16.9762811,51.1338005],[16.9762703,51.1337949],[16.9762596,51.1337892],[16.9762488,51.1337836],[16.976238,51.1337779],[16.9762272,51.1337723],[16.9762165,51.1337666],[16.9762057,51.133761],[16.9761949,51.1337553],[16.9761844,51.1337494],[16.9761738,51.1337434],[16.9761633,51.1337375],[16.9761527,51.1337315],[16.9761422,51.1337256],[16.9761316,51.1337196],[16.9761211,51.1337137],[16.9761105,51.1337078],[16.9761,51.1337018],[16.9760894,51.1336959],[16.9760789,51.1336899],[16.9760683,51.133684],[16.9760578,51.1336781],[16.9760472,51.1336721],[16.9760367,51.1336662],[16.9760261,51.1336602],[16.9760156,51.1336543],[16.976005,51.1336483],[16.9759945,51.1336424],[16.9759857,51.1336369],[16.9759769,51.1336314],[16.9759472,51.1336115]]}},{"type":"Feature","properties":{"layer":"roads"},"geometry":{"type":"LineString","coordinates":[[16.9766125,51.1339378],[16.9766656,51.1339548],[16.9766778,51.1339582],[16.97669,51.1339617],[16.9767022,51.1339651],[16.9767144,51.1339686],[16.9767267,51.133972],[16.9767389,51.1339755],[16.9767511,51.1339789],[16.9767637,51.1339827],[16.9767762,51.1339865],[16.9767888,51.1339903],[16.9768013,51.1339941],[16.9768138,51.1339979],[16.9768264,51.1340017],[16.9768389,51.1340055],[16.9768515,51.1340093],[16.9768629,51.1340135],[16.9768743,51.1340176],[16.9768857,51.1340218],[16.9768971,51.134026],[16.97694,51.1340461]]}},{"type":"Feature","properties":{"layer":"roads"},"geometry":{"type":"LineString","coordinates":[[16.9766125,51.1339378],[16.976624,51.1339761],[16.9766258,51.1339848],[16.9766276,51.1339936],[16.9766294,51.1340024],[16.9766312,51.1340111],[16.9766367,51.1340374],[16.9766381,51.1340548],[16.9766378,51.1340633],[16.9766382,51.1340933]]}},{"type":"Feature","properties":{"layer":"roads"},"geometry":{"type":"LineString","coordinates":[[16.9781813,51.1300692],[16.9781435,51.1300513],[16.9781338,51.1300452],[16.9781242,51.1300391],[16.9781145,51.1300329],[16.9781049,51.1300268],[16.9780952,51.1300207],[16.9780856,51.1300145],[16.9780759,51.1300084],[16.9780663,51.1300023],[16.9780566,51.1299961],[16.978047,51.12999],[16.9780384,51.1299839],[16.9780298,51.1299778],[16.9780039,51.1299594],[16.9779842,51.1299348]]}},{"type":"Feature","properties":{"layer":"roads"},"geometry":{"type":"LineString","coordinates":[[16.9781813,51.1300692],[16.9781589,51.1301088],[16.9781261,51.1301355]]}},{"type":"Feature","properties":{"layer":"roads"},"geometry":{"type":"LineString","coordinates":[[16.97982,51.1279638],[16.9798711,51.1279468],[16.9798811,51.1279421],[16.9798847,51.1279336],[16.9798882,51.1279251],[16.9798918,51.1279167],[16.9798953,51.1279082],[16.9798989,51.1278997],[16.9799024,51.1278912],[16.979906,51.1278827],[16.9799096,51.1278743],[16.9799131,51.1278658],[16.9799167,51.1278573],[16.9799202,51.1278488],[16.9799238,51.1278404],[16.9799274,51.1278319],[16.9799309,51.1278234],[16.9799345,51.1278149],[16.979938,51.1278064],[16.9799416,51.127798],[16.9799451,51.1277895],[16.9799487,51.127781],[16.9799586,51.1277761],[16.9799684,51.1277711],[16.9799783,51.1277662],[16.9799887,51.1277625],[16.9800304,51.1277479]]}},{"type":"Feature","properties":{"layer":"roads"},"geometry":{"type":"LineString","coordinates":[[16.97982,51.1279638],[16.9797699,51.1279614],[16.9797571,51.1279592],[16.9797583,51.1279506],[16.9797595,51.1279419],[16.9797607,51.1279333],[16.9797619,51.1279246],[16.9797631,51.127916],[16.9797643,51.1279074],[16.9797655,51.1278987],[16.9797667,51.1278901],[16.9797679,51.1278814],[16.9797691,51.1278728],[16.9797703,51.1278642],[16.9797714,51.1278555],[16.9797726,51.1278469],[16.9797738,51.1278383],[16.979775,51.1278296],[16.9797762,51.127821],[16.9797774,51.1278123],[16.9797786,51.1278037],[16.9797798,51.1277951],[16.979781,51.1277864],[16.9797822,51.1277778],[16.9797834,51.1277691],[16.9797846,51.1277605],[16.9797826,51.1277518],[16.9797806,51.1277432],[16.9797787,51.1277345],[16.9797767,51.1277258],[16.9797747,51.1277171],[16.9797727,51.1277085],[16.9797707,51.1276998],[16.9797688,51.1276911],[16.9797668,51.1276824],[16.9797648,51.1276738],[16.9797628,51.1276651],[16.9797609,51.1276564],[16.9797589,51.1276477],[16.9797569,51.1276391],[16.9797549,51.1276304],[16.9797529,51.1276217],[16.979751,51.127613],[16.979749,51.1276044],[16.979747,51.1275957],[16.9797841,51.1275729]]}},{"type":"Feature","properties":{"layer":"roads"},"geometry":{"type":"LineString","coordinates":[[16.9784532,51.1325176],[16.9784463,51.1324891],[16.9784433,51.132481],[16.9784403,51.1324729],[16.9784373,51.1324648],[16.9784343,51.1324567],[16.9784313,51.1324485],[16.9784283,51.1324404],[16.9784253,51.1324323],[16.9784223,51.1324242],[16.9784151,51.1324164],[16.9784079,51.1324087],[16.9784008,51.1324009],[16.9783936,51.1323932],[16.9783864,51.1323854],[16.9783792,51.1323776],[16.9783721,51.1323699],[16.9783649,51.1323621],[16.9783577,51.1323544],[16.9783505,51.1323466],[16.9783434,51.1323389],[16.9783362,51.1323311],[16.978329,51.1323233],[16.9783218,51.1323156],[16.9783147,51.1323078],[16.9783075,51.1323001],[16.9783003,51.1322923],[16.9782647,51.1322693]]}},{"type":"Feature","properties":{"layer":"roads"},"geometry":{"type":"LineString","coordinates":[[16.9784532,51.1325176],[16.9784016,51.1325235],[16.9783875,51.132524],[16.9783733,51.1325245],[16.9783591,51.1325249],[16.978345,51.1325254],[16.9783308,51.1325259],[16.9783166,51.1325264],[16.9783025,51.1325268],[16.9782883,51.1325273],[16.9782741,51.1325278],[16.9782599,51.1325283],[16.9782458,51.1325288],[16.9782316,51.1325292],[16.9782174,51.1325297],[16.9782033,51.1325302],[16.9781891,51.1325307],[16.9781749,51.1325311],[16.9781608,51.1325316],[16.9781466,51.1325321],[16.9781324,51.1325326],[16.9781183,51.1325331],[16.9781041,51.1325335],[16.9780899,51.132534],[16.9780758,51.1325345],[16.9780616,51.132535],[16.9780474,51.1325354],[16.9780333,51.1325359],[16.9780191,51.1325364],[16.9780049,51.1325369],[16.9779908,51.1325373],[16.9779766,51.1325378],[16.9779624,51.1325383],[16.9779482,51.1325388],[16.9779341,51.1325393],[16.9779199,51.1325397],[16.9779057,51.1325402],[16.9778916,51.1325407],[16.9778774,51.1325412],[16.977821,51.1325372]]}},{"type":"Feature","properties":{"layer":"roads"},"geometry":{"type":"LineString","coordinates":[[16.9794802,51.1276694],[16.9795036,51.1276421],[16.9795053,51.1276339],[16.979507,51.1276257],[16.9795087,51.1276176],[16.9795104,51.1276094],[16.9795121,51.1276012],[16.97951,51.1275934],[16.9795078,51.1275856],[16.9795057,51.1275778],[16.9795035,51.12757],[16.979495,51.1275533],[16.97948,51.1275326],[16.9794746,51.1275252],[16.9794645,51.1275201],[16.9794259,51.1275061]]}},{"type":"Feature","properties":{"layer":"roads"},"geometry":{"type":"LineString","coordinates":[[16.9794802,51.1276694],[16.9795058,51.1276945],[16.9795125,51.1277004],[16.9795192,51.1277063],[16.979524,51.1277132],[16.9795289,51.1277201],[16.9795337,51.1277269],[16.9795385,51.1277338],[16.9795434,51.1277407],[16.9795482,51.1277476],[16.979551,51.1277559],[16.9795539,51.1277643],[16.9795567,51.1277726],[16.9795596,51.127781],[16.9795624,51.1277893],[16.9795614,51.1277981],[16.9795604,51.1278069],[16.9795595,51.1278156],[16.9795585,51.1278244],[16.9795575,51.1278332],[16.9795562,51.1278414],[16.9795548,51.1278496],[16.9795534,51.1278578],[16.9795521,51.1278661],[16.9795508,51.1278743],[16.9795494,51.1278825],[16.9795481,51.1278911],[16.9795468,51.1278998],[16.9795455,51.1279084],[16.9795442,51.1279171],[16.9795429,51.1279257],[16.9795417,51.1279344],[16.9795404,51.127943],[16.9795391,51.1279516],[16.9795378,51.1279603],[16.9795365,51.1279689],[16.9795352,51.1279776],[16.9795339,51.1279862],[16.9795334,51.1279949],[16.9795329,51.1280036],[16.9795324,51.1280123],[16.979532,51.128021],[16.9795315,51.1280297],[16.979531,51.1280384],[16.9795305,51.1280472],[16.97953,51.1280559],[16.9795295,51.1280646],[16.9795291,51.1280733],[16.9795286,51.128082],[16.9795281,51.1280907],[16.9795276,51.1280994],[16.9795276,51.1281081],[16.9795276,51.1281168],[16.9795276,51.1281256],[16.9795275,51.1281343],[16.9795275,51.128143],[16.9795275,51.1281517],[16.9795275,51.1281604],[16.9795275,51.1281692],[16.9795275,51.1281779],[16.9795274,51.1281866],[16.9795274,51.1281953],[16.9795274,51.128204],[16.9795274,51.1282128],[16.9795274,51.1282215],[16.9795274,51.1282302],[16.9795274,51.1282389],[16.9795273,51.1282476],[16.9795273,51.1282564],[16.9795273,51.1282651],[16.9795273,51.1282738],[16.9795266,51.1282826],[16.9795258,51.1282914],[16.9795251,51.1283002],[16.9795244,51.128309],[16.9795236,51.1283178],[16.9795229,51.1283266],[16.9795222,51.1283354],[16.9795214,51.1283442],[16.9795207,51.1283529],[16.9795199,51.1283617],[16.9795192,51.1283705],[16.9795185,51.1283793],[16.9795177,51.1283881],[16.979517,51.1283969],[16.9795163,51.1284057],[16.9795155,51.1284145],[16.9795103,51.1284324],[16.9794819,51.1284738]]}},{"type":"Feature","properties":{"layer":"roads"},"geometry":{"type":"LineString","coordinates":[[16.9794802,51.1276694],[16.9794328,51.1276518],[16.979424,51.1276458],[16.9794152,51.1276398],[16.9794084,51.1276324],[16.9794015,51.1276249],[16.9793947,51.1276175],[16.9793879,51.1276101],[16.979367,51.1275697]]}},{"type":"Feature","properties":{"layer":"roads"},"geometry":{"type":"LineString","coordinates":[[16.9761962,51.1327141],[16.9761512,51.1327176],[16.9761393,51.1327224],[16.9761275,51.1327273],[16.9761157,51.1327322],[16.9761039,51.1327371],[16.9760921,51.1327419],[16.9760803,51.1327468],[16.9760692,51.1327524],[16.9760582,51.132758],[16.9760471,51.1327636],[16.976036,51.1327692],[16.976025,51.1327748],[16.9760139,51.1327804],[16.9760028,51.1327861],[16.9759918,51.1327917],[16.9759807,51.1327973],[16.9759696,51.1328029],[16.9759586,51.1328085],[16.9759475,51.1328141],[16.9759364,51.1328197],[16.9759254,51.1328253],[16.9759143,51.1328309],[16.9759032,51.1328365],[16.9758922,51.1328421],[16.9758811,51.1328477],[16.97587,51.1328533],[16.975859,51.1328589],[16.9758479,51.1328646],[16.9758368,51.1328702],[16.9758258,51.1328758],[16.9758147,51.1328814],[16.9758036,51.132887],[16.9757926,51.1328926],[16.9757815,51.1328982],[16.9757703,51.1329036],[16.975759,51.132909],[16.9757478,51.1329143],[16.9757366,51.1329197],[16.9757254,51.1329251],[16.9757141,51.1329305],[16.9757029,51.1329358],[16.9756917,51.1329412],[16.9756805,51.1329466],[16.9756692,51.132952],[16.975658,51.1329573],[16.9756468,51.1329627],[16.9756355,51.1329681],[16.9756243,51.1329735],[16.9756131,51.1329789],[16.9756019,51.1329842],[16.9755906,51.1329896],[16.9755794,51.132995],[16.9755682,51.1330004],[16.975557,51.1330057],[16.9755457,51.1330111],[16.9755345,51.1330165],[16.9755243,51.1330228],[16.975514,51.133029],[16.9755038,51.1330353],[16.9754936,51.1330415],[16.9754834,51.1330478],[16.9754731,51.1330541],[16.9754629,51.1330603],[16.9754527,51.1330666],[16.9754425,51.1330729],[16.9754323,51.1330791],[16.975422,51.1330854],[16.9754118,51.1330916],[16.9754016,51.1330979],[16.9753913,51.1331042],[16.9753811,51.1331104],[16.9753709,51.1331167],[16.9753607,51.133123],[16.9753505,51.1331292],[16.9753402,51.1331355],[16.97533,51.1331418],[16.9752974,51.1331696]]}},{"type":"Feature","properties":{"layer":"roads"},"geometry":{"type":"LineString","coordinates":[[16.9752974,51.1331696],[16.9753364,51.1331863],[16.9753482,51.1331911],[16.9753601,51.133196],[16.9753719,51.1332009],[16.9753837,51.1332057],[16.9753955,51.1332106],[16.9754074,51.1332155],[16.9754192,51.1332203],[16.975431,51.1332252],[16.9754429,51.13323],[16.9754547,51.1332349],[16.9754665,51.1332398],[16.9754783,51.1332446],[16.9754902,51.1332495],[16.975502,51.1332544],[16.9755138,51.1332592],[16.9755256,51.1332641],[16.9755375,51.133269],[16.9755865,51.1332884]]}},{"type":"Feature","properties":{"layer":"roads"},"geometry":{"type":"LineString","coordinates":[[16.9752974,51.1331696],[16.9752498,51.1331422],[16.97524,51.1331361],[16.9752301,51.13313],[16.9752203,51.1331238],[16.9752105,51.1331177],[16.9752007,51.1331115],[16.9751908,51.1331054],[16.975181,51.1330993],[16.9751712,51.1330931],[16.9751613,51.133087],[16.9751136,51.1330602]]}},{"type":"Feature","properties":{"layer":"roads"},"geometry":{"type":"LineString","coordinates":[[16.9752974,51.1331696],[16.9752544,51.1331926],[16.9752457,51.1331991],[16.975237,51.1332055],[16.9752284,51.133212],[16.9752197,51.1332185],[16.975211,51.1332249],[16.9752023,51.1332314],[16.9751936,51.1332378],[16.975185,51.1332443],[16.9751763,51.1332507],[16.9751676,51.1332572],[16.9751608,51.1332648],[16.9751199,51.1332983]]}},{"type":"Feature","properties":{"layer":"roads"},"geometry":{"type":"LineString","coordinates":[[16.9715063,51.1321581],[16.9715587,51.1321753],[16.971572,51.1321783],[16.9715854,51.1321814],[16.9715987,51.1321845],[16.971612,51.1321875],[16.9716253,51.1321906],[16.9716387,51.1321937],[16.971652,51.1321967],[16.9716653,51.1321998],[16.9716786,51.1322029],[16.971692,51.1322059],[16.9717053,51.132209],[16.9717184,51.1322116],[16.9717316,51.1322142],[16.9717447,51.1322168],[16.9717579,51.1322194],[16.971771,51.132222],[16.9717842,51.1322246],[16.9717973,51.1322272],[16.9718105,51.1322298],[16.9718236,51.1322324],[16.9718368,51.132235],[16.9718595,51.1322394],[16.9719225,51.1322503]]}},{"type":"Feature","properties":{"layer":"roads"},"geometry":{"type":"LineString","coordinates":[[16.9715063,51.1321581],[16.9715007,51.1321302],[16.9714995,51.132122],[16.9714983,51.1321138],[16.9714971,51.1321056],[16.971496,51.1320974],[16.9714948,51.1320892],[16.9714936,51.132081],[16.9714928,51.1320724],[16.971492,51.1320638],[16.9714912,51.1320553],[16.9714904,51.1320467],[16.9714897,51.1320381],[16.9714889,51.1320295],[16.9714881,51.132021],[16.9714873,51.1320124],[16.9714865,51.1320038],[16.9714866,51.1319952],[16.9714866,51.1319866],[16.9714866,51.1319781],[16.9714867,51.1319695],[16.9714868,51.1319609],[16.9714868,51.1319523],[16.9714869,51.1319437],[16.9714869,51.1319352],[16.9714869,51.1319266],[16.971487,51.131918],[16.9714882,51.1319098],[16.9714895,51.1319017],[16.9714907,51.1318935],[16.9714919,51.1318854],[16.9714931,51.1318772],[16.9714944,51.1318691],[16.9714956,51.1318609],[16.9714966,51.1318524],[16.9714975,51.1318439],[16.9714985,51.1318353],[16.9714995,51.1318268],[16.9715005,51.1318183],[16.9715014,51.1318098],[16.9715024,51.1318013],[16.9715034,51.1317927],[16.9715043,51.1317842],[16.9715053,51.1317757],[16.9715067,51.1317674],[16.9715081,51.1317592],[16.9715095,51.1317509],[16.9715109,51.1317427],[16.9715123,51.1317344],[16.9715137,51.1317262],[16.9715151,51.1317179],[16.9715165,51.1317097],[16.9715179,51.1317014],[16.9715164,51.1316929],[16.9715149,51.1316844],[16.9715135,51.131676],[16.971512,51.1316675],[16.9715105,51.131659],[16.971509,51.1316505],[16.9715076,51.1316421],[16.9715061,51.1316336],[16.9715046,51.1316251],[16.9715031,51.1316166],[16.9715017,51.1316082],[16.9715002,51.1315997],[16.9714987,51.1315912],[16.9714977,51.1315829],[16.9714967,51.1315745],[16.9714957,51.1315662],[16.9714947,51.1315579],[16.9714937,51.1315495],[16.9714927,51.1315412],[16.9714917,51.1315329],[16.9714907,51.1315246],[16.9714897,51.1315162],[16.9714649,51.1314921]]}},{"type":"Feature","properties":{"layer":"roads"},"geometry":{"type":"LineString","coordinates":[[16.9715063,51.1321581],[16.9714545,51.1321483],[16.9714418,51.1321446],[16.9714291,51.1321409],[16.9714163,51.1321373],[16.9714036,51.1321336],[16.9713909,51.1321299],[16.9713782,51.1321262],[16.9713655,51.1321225],[16.9713527,51.1321189],[16.97134,51.1321152],[16.9713273,51.1321115],[16.9713146,51.1321078],[16.9713019,51.1321041],[16.9712891,51.1321005],[16.9712764,51.1320968],[16.9712637,51.1320931],[16.971251,51.1320894],[16.9712382,51.1320858],[16.9712255,51.1320821],[16.9712128,51.1320784],[16.9712002,51.1320744],[16.9711876,51.1320703],[16.9711751,51.1320663],[16.9711625,51.1320623],[16.9711499,51.1320582],[16.9711373,51.1320542],[16.9711248,51.1320501],[16.9711122,51.1320461],[16.9710996,51.1320421],[16.971087,51.132038],[16.9710744,51.132034],[16.9710619,51.13203],[16.9710493,51.1320259],[16.9710367,51.1320219],[16.9710241,51.1320178],[16.9710116,51.1320138],[16.970999,51.1320098],[16.9709864,51.1320057],[16.9709738,51.1320017],[16.9709612,51.1319977],[16.9709487,51.1319936],[16.9709361,51.1319896],[16.9709235,51.1319855],[16.9709109,51.1319815],[16.9708984,51.1319775],[16.9708858,51.1319734],[16.9708732,51.1319694],[16.9708613,51.1319649],[16.9708493,51.1319603],[16.9708374,51.1319558],[16.9708255,51.1319512],[16.9708135,51.1319467],[16.9708016,51.1319421],[16.9707897,51.1319376],[16.9707777,51.131933],[16.9707658,51.1319285],[16.9707539,51.1319239],[16.9707419,51.1319194],[16.97073,51.1319149],[16.9707181,51.1319103],[16.9707061,51.1319058],[16.9706942,51.1319012],[16.9706823,51.1318967],[16.9706703,51.1318921],[16.9706584,51.1318876],[16.9706465,51.131883],[16.9706345,51.1318785],[16.9706226,51.1318739],[16.9706107,51.1318694],[16.9705987,51.1318648],[16.9705868,51.1318603],[16.9705776,51.1318538],[16.9705685,51.1318472],[16.9705593,51.1318407],[16.9705502,51.1318342],[16.970541,51.1318276],[16.9705319,51.1318211],[16.9705227,51.1318145],[16.9705136,51.131808],[16.9705044,51.1318015],[16.9704784,51.1317798]]}},{"type":"Feature","properties":{"layer":"roads"},"geometry":{"type":"LineString","coordinates":[[16.9704784,51.1317798],[16.9705359,51.1317719],[16.9705483,51.1317678],[16.9705607,51.1317637],[16.9705732,51.1317596],[16.9705856,51.1317555],[16.9705983,51.1317517],[16.970611,51.1317478],[16.9706237,51.131744],[16.9706363,51.1317401],[16.970649,51.1317363],[16.9706617,51.1317324],[16.9706744,51.1317286],[16.9706871,51.1317248],[16.9706998,51.1317209],[16.9707125,51.1317171],[16.9707252,51.1317132],[16.9707378,51.1317094],[16.9707505,51.1317056],[16.9707632,51.1317017],[16.9707759,51.1316979],[16.9707886,51.131694],[16.9708013,51.1316902],[16.970814,51.1316863],[16.9708266,51.1316825],[16.9708393,51.1316787],[16.970852,51.1316748],[16.9708647,51.131671],[16.9708774,51.1316671],[16.9708901,51.1316633],[16.9709028,51.1316594],[16.9709155,51.1316556],[16.9709281,51.1316518],[16.9709408,51.1316479],[16.9709535,51.1316441],[16.9709662,51.1316402],[16.9709789,51.1316364],[16.9709916,51.1316326],[16.9710043,51.1316287],[16.971017,51.1316249],[16.9710677,51.1316095]]}},{"type":"Feature","properties":{"layer":"roads"},"geometry":{"type":"LineString","coordinates":[[16.9873938,51.1311374],[16.9874366,51.131114],[16.9874473,51.1311081],[16.9874581,51.1311022],[16.9874688,51.1310964],[16.9874795,51.1310905],[16.9874902,51.1310847],[16.9875009,51.1310788],[16.9875116,51.131073],[16.9875223,51.1310671],[16.9875287,51.1310591],[16.9875351,51.1310511],[16.9875414,51.1310432],[16.9875478,51.1310352],[16.9875542,51.1310272],[16.9875606,51.1310192],[16.987567,51.1310113],[16.9875733,51.1310033],[16.9875797,51.1309953],[16.9875861,51.1309873],[16.9875925,51.1309793],[16.9875988,51.1309714],[16.9876052,51.1309634],[16.9876116,51.1309554],[16.987616,51.1309471],[16.9876205,51.1309388],[16.9876249,51.1309305],[16.9876293,51.1309221],[16.9876338,51.1309138],[16.9876382,51.1309055],[16.9876427,51.1308972],[16.9876471,51.1308889],[16.9876515,51.1308806],[16.987656,51.1308722],[16.9876604,51.1308639],[16.9876648,51.1308556],[16.9876693,51.1308473],[16.9876737,51.130839],[16.9876781,51.1308307],[16.9876826,51.1308224],[16.987687,51.130814],[16.9876914,51.1308057],[16.9876959,51.1307974],[16.9877003,51.1307891],[16.9877048,51.1307808],[16.9877092,51.1307725],[16.9877136,51.1307641],[16.9877181,51.1307558],[16.9877225,51.1307475],[16.9877269,51.1307392],[16.9877314,51.1307309],[16.9877358,51.1307226],[16.9877402,51.1307143],[16.9877447,51.1307059],[16.9877491,51.1306976],[16.9877535,51.1306893],[16.987758,51.130681],[16.9877624,51.1306727],[16.9877669,51.1306644],[16.9877713,51.130656],[16.9877757,51.1306477],[16.9877802,51.1306394],[16.9877846,51.1306311],[16.9877869,51.1306226],[16.9877892,51.130614],[16.9877915,51.1306055],[16.9877938,51.1305969],[16.9877961,51.1305884],[16.9877983,51.1305798],[16.9878006,51.1305713],[16.9878029,51.1305627],[16.9878052,51.1305542],[16.9878075,51.1305457],[16.9878098,51.1305371],[16.9878121,51.1305286],[16.9878144,51.13052],[16.9878167,51.1305115],[16.987819,51.1305029],[16.9878212,51.1304944],[16.9878381,51.1304659]]}},{"type":"Feature","properties":{"layer":"roads"},"geometry":{"type":"LineString","coordinates":[[16.9878381,51.1304659],[16.9878752,51.1304911],[16.9878841,51.1304973],[16.9878931,51.1305035],[16.987902,51.1305097],[16.987911,51.1305158],[16.9879199,51.130522],[16.9879289,51.1305282],[16.9879415,51.1305315],[16.9879541,51.1305348],[16.9879668,51.1305381],[16.9879794,51.1305414],[16.987992,51.1305448],[16.9880046,51.1305481],[16.9880172,51.1305514],[16.9880298,51.1305547],[16.9880425,51.130558],[16.9880551,51.1305613],[16.9880677,51.1305646],[16.9880803,51.1305679],[16.9880929,51.1305713],[16.9881865,51.1305924]]}},{"type":"Feature","properties":{"layer":"roads"},"geometry":{"type":"LineString","coordinates":[[16.9878381,51.1304659],[16.9877908,51.1304363],[16.9877809,51.1304303],[16.987771,51.1304243],[16.9877611,51.1304183],[16.9877512,51.1304123],[16.9877413,51.1304063],[16.9877314,51.1304004],[16.9877215,51.1303944],[16.9877116,51.1303884],[16.9877017,51.1303824],[16.9876918,51.1303763],[16.9876819,51.1303702],[16.987672,51.1303641],[16.9876621,51.130358],[16.9876522,51.1303519],[16.9876423,51.1303458],[16.9876324,51.1303397],[16.9876225,51.1303336],[16.9876126,51.1303275],[16.9876027,51.1303214],[16.9875928,51.1303153],[16.9875829,51.1303092],[16.987573,51.1303031],[16.9875631,51.130297],[16.9875532,51.1302909],[16.9875433,51.1302848],[16.9875334,51.1302787],[16.9875235,51.1302726],[16.987489,51.1302452]]}},{"type":"Feature","properties":{"layer":"roads"},"geometry":{"type":"LineString","coordinates":[[16.9878381,51.1304659],[16.9878438,51.1304261],[16.9878471,51.1304176],[16.9878505,51.130409],[16.9878538,51.1304005],[16.9878572,51.130392],[16.9878605,51.1303835],[16.9878639,51.1303749],[16.9878672,51.1303664],[16.9878706,51.1303579],[16.9878739,51.1303493],[16.9878773,51.1303408],[16.9878806,51.1303323],[16.987884,51.1303238],[16.9878873,51.1303152],[16.9878907,51.1303067],[16.987894,51.1302982],[16.9878974,51.1302897],[16.9879007,51.1302811],[16.9879041,51.1302726],[16.9879074,51.1302641],[16.9879108,51.1302555],[16.9879141,51.130247],[16.9879175,51.1302385],[16.9879208,51.13023],[16.9879242,51.1302214],[16.9879275,51.1302129],[16.9879309,51.1302044],[16.9879342,51.1301959],[16.9879376,51.1301873],[16.9879409,51.1301788],[16.9879483,51.1301715],[16.9879556,51.1301642],[16.987963,51.1301568],[16.9879704,51.1301495],[16.9879778,51.1301422],[16.9879852,51.1301349],[16.9879925,51.1301275],[16.9879999,51.1301202],[16.9880073,51.1301129],[16.9880147,51.1301056],[16.988022,51.1300982],[16.9880294,51.1300909],[16.9880368,51.1300836],[16.9880442,51.1300763],[16.9880515,51.1300689],[16.9880589,51.1300616],[16.9880663,51.1300543],[16.9880737,51.130047],[16.988081,51.1300396],[16.9880884,51.1300323],[16.9880958,51.130025],[16.9881032,51.1300176],[16.9881105,51.1300103],[16.9881179,51.130003],[16.9881629,51.1300116]]}},{"type":"Feature","properties":{"layer":"roads"},"geometry":{"type":"LineString","coordinates":[[16.9868801,51.1340701],[16.9869276,51.1340709],[16.9869403,51.1340747],[16.9869531,51.1340785],[16.9869659,51.1340822],[16.9869787,51.134086],[16.9869904,51.1340901],[16.9870022,51.1340942],[16.9870139,51.1340984],[16.9870256,51.1341025],[16.9870374,51.1341066],[16.9870491,51.1341107],[16.9870608,51.1341149],[16.9870725,51.134119],[16.9870843,51.1341231],[16.987096,51.1341272],[16.9871077,51.1341314],[16.9871195,51.1341355],[16.9871312,51.1341396],[16.9871385,51.1341456],[16.9871457,51.1341517],[16.987153,51.1341577],[16.9871542,51.1341653],[16.9871555,51.134173],[16.9871567,51.1341806],[16.9871519,51.134189],[16.9871471,51.1341974],[16.9871424,51.1342058],[16.9871376,51.1342142],[16.9871328,51.1342226],[16.987128,51.1342309],[16.9871232,51.1342393],[16.9871184,51.1342477],[16.9871137,51.1342561],[16.9871089,51.1342645],[16.9871041,51.1342729],[16.9870973,51.1342799],[16.9870905,51.1342869],[16.9870837,51.134294],[16.9870769,51.134301],[16.98707,51.134308],[16.9870632,51.134315],[16.9870564,51.134322],[16.9870496,51.1343291],[16.9870428,51.1343361],[16.987036,51.1343431],[16.9870263,51.1343477],[16.9870166,51.1343523],[16.9870069,51.1343569],[16.9869972,51.1343615],[16.9869842,51.1343646],[16.9869712,51.1343677],[16.9869582,51.1343709],[16.9869452,51.134374],[16.9869322,51.1343771],[16.9869192,51.1343802],[16.9869062,51.1343833],[16.9868931,51.1343865],[16.9868801,51.1343896],[16.9868671,51.1343927],[16.9868541,51.1343958],[16.9868411,51.1343989],[16.9868281,51.1344021],[16.9868151,51.1344052],[16.9868021,51.1344083],[16.9867891,51.1344109],[16.986776,51.1344135],[16.986763,51.1344161],[16.9867499,51.1344187],[16.9867369,51.1344213],[16.9867238,51.1344239],[16.9867108,51.1344265],[16.9866977,51.1344291],[16.9866847,51.1344317],[16.9866716,51.1344343],[16.9866586,51.1344369],[16.9866455,51.1344395],[16.9866325,51.1344421],[16.9866202,51.1344444],[16.9866079,51.1344467],[16.9865957,51.1344489],[16.9865449,51.1344538]]}},{"type":"Feature","properties":{"layer":"roads"},"geometry":{"type":"LineString","coordinates":[[16.9868801,51.1340701],[16.9868618,51.1341029],[16.9868552,51.1341107],[16.9868486,51.1341185],[16.986842,51.1341264],[16.9868354,51.1341342],[16.9868288,51.134142],[16.9868222,51.1341499],[16.9868156,51.1341577],[16.986809,51.1341655],[16.9868024,51.1341734],[16.9867958,51.1341812],[16.9867892,51.134189],[16.9867826,51.1341969],[16.986776,51.1342047],[16.9867694,51.1342125],[16.9867628,51.1342204],[16.9867562,51.1342282],[16.9867496,51.134236],[16.986743,51.1342439],[16.9867364,51.1342517],[16.9867298,51.1342595],[16.9867232,51.1342674],[16.9867166,51.1342752],[16.9867093,51.1342826],[16.986702,51.13429],[16.9866947,51.1342974],[16.9866874,51.1343048],[16.9866801,51.1343122],[16.9866728,51.1343196],[16.9866656,51.134327],[16.9866583,51.1343344],[16.986651,51.1343418],[16.9866437,51.1343492],[16.9866364,51.1343566],[16.9866291,51.134364],[16.9866218,51.1343715],[16.9866145,51.1343789],[16.9866072,51.1343863],[16.9865999,51.1343937],[16.9865926,51.1344011],[16.9865853,51.1344085],[16.9865781,51.1344159],[16.9865708,51.1344233],[16.9865449,51.1344538]]}},{"type":"Feature","properties":{"layer":"roads"},"geometry":{"type":"LineString","coordinates":[[16.9868801,51.1340701],[16.9868262,51.1340394],[16.9868136,51.1340353],[16.9868011,51.1340313],[16.9867885,51.1340272],[16.986776,51.1340231],[16.9867634,51.134019],[16.9867508,51.1340149],[16.9867383,51.1340108],[16.9867257,51.1340067],[16.9867132,51.1340026],[16.9867006,51.1339985],[16.9866881,51.1339944],[16.9866755,51.1339903],[16.9866629,51.1339863],[16.9866504,51.1339822],[16.9866378,51.1339781],[16.9866253,51.133974],[16.9866127,51.1339699],[16.9866002,51.1339658],[16.9865876,51.1339617],[16.986575,51.1339576],[16.9865625,51.1339535],[16.9865499,51.1339494],[16.9865374,51.1339454],[16.9865248,51.1339413],[16.9864872,51.133929],[16.986443,51.1339221]]}},{"type":"Feature","properties":{"layer":"roads"},"geometry":{"type":"LineString","coordinates":[[16.9865449,51.1344538],[16.9864805,51.134466],[16.986467,51.1344675],[16.9864536,51.1344689],[16.9864401,51.1344703],[16.9864266,51.1344718],[16.9864132,51.1344732],[16.9863997,51.1344746],[16.9863863,51.1344761],[16.9863728,51.1344775],[16.9863594,51.1344789],[16.9863459,51.1344804],[16.9863324,51.1344818],[16.986319,51.1344832],[16.9863055,51.1344847],[16.9862921,51.1344861],[16.9862786,51.1344875],[16.9862652,51.134489],[16.9862517,51.1344904],[16.9862387,51.1344918],[16.9862258,51.1344931],[16.9862128,51.1344945],[16.9861999,51.1344959],[16.9861869,51.1344972],[16.986174,51.1344986],[16.986161,51.1344999],[16.9861481,51.1345013],[16.9861351,51.1345027],[16.9861222,51.134504],[16.9861092,51.1345054],[16.9860955,51.1345062],[16.9860817,51.1345069],[16.986068,51.1345077],[16.9860542,51.1345085],[16.9860405,51.1345093],[16.9860267,51.13451],[16.986013,51.1345108],[16.9859992,51.1345116],[16.9859855,51.1345124],[16.9859718,51.1345131],[16.985958,51.1345139],[16.9859443,51.1345147],[16.9859305,51.1345154],[16.9859168,51.1345162],[16.9858621,51.1345145]]}},{"type":"Feature","properties":{"layer":"roads"},"geometry":{"type":"LineString","coordinates":[[16.9865449,51.1344538],[16.9865115,51.1344913],[16.9865067,51.1344996],[16.986502,51.1345079],[16.9864972,51.1345162],[16.9864924,51.1345244],[16.9864876,51.1345327],[16.9864828,51.134541],[16.986478,51.1345493],[16.9864732,51.1345575],[16.9864684,51.1345658],[16.9864637,51.1345741],[16.9864589,51.1345824],[16.9864541,51.1345906],[16.9864493,51.1345989],[16.9864445,51.1346072],[16.9864397,51.1346155],[16.9864349,51.1346237],[16.9864301,51.134632],[16.9864254,51.1346403],[16.9864206,51.1346486],[16.9864158,51.1346568],[16.986411,51.1346651],[16.9864062,51.1346734],[16.9864014,51.1346816],[16.9863966,51.1346899],[16.9863919,51.1346982],[16.9863871,51.1347065],[16.9863823,51.1347147],[16.9863775,51.134723],[16.9863727,51.1347313],[16.9863679,51.1347396],[16.9863631,51.1347478],[16.9863583,51.1347561],[16.9863536,51.1347644],[16.9863488,51.1347727],[16.986344,51.1347809],[16.9863392,51.1347892],[16.9863344,51.1347975],[16.9863296,51.1348058],[16.9863248,51.134814],[16.98632,51.1348223],[16.9863153,51.1348306],[16.9863105,51.1348389],[16.9863019,51.134866]]}},{"type":"Feature","properties":{"layer":"roads"},"geometry":{"type":"LineString","coordinates":[[16.9780698,51.1318972],[16.9780971,51.1318717],[16.9780988,51.131863],[16.9781005,51.1318543],[16.9781022,51.1318456],[16.978104,51.1318369],[16.9781057,51.1318282],[16.9781074,51.1318195],[16.9781091,51.1318108],[16.9781108,51.1318021],[16.9781126,51.1317934],[16.9781143,51.1317847],[16.978116,51.131776],[16.9781177,51.1317674],[16.9781194,51.1317587],[16.9781212,51.13175],[16.9781229,51.1317413],[16.9781246,51.1317326],[16.9781263,51.1317239],[16.978128,51.1317152],[16.9781298,51.1317065],[16.9781315,51.1316978],[16.9781332,51.1316891],[16.9781349,51.1316804],[16.9781366,51.1316717],[16.9781384,51.131663],[16.9781401,51.1316543],[16.9781418,51.1316456],[16.9781434,51.1316367],[16.978145,51.1316277],[16.9781466,51.1316188],[16.9781482,51.1316099],[16.9781498,51.1316009],[16.9781514,51.131592],[16.978153,51.1315831],[16.9781546,51.1315742],[16.9781562,51.1315652],[16.9781578,51.1315563],[16.9781594,51.1315474],[16.978161,51.1315384],[16.9781626,51.1315295],[16.9781642,51.1315206],[16.9781658,51.1315116],[16.9781674,51.1315027],[16.9781691,51.1314938],[16.9781707,51.1314849],[16.9781723,51.1314759],[16.9781739,51.131467],[16.9781755,51.1314581],[16.9781771,51.1314491],[16.9781787,51.1314402],[16.9781803,51.1314313],[16.9781819,51.1314223],[16.9781835,51.1314134],[16.9781851,51.1314045],[16.9781867,51.1313956],[16.9781883,51.1313866],[16.9781899,51.1313777],[16.9781915,51.1313688],[16.9781931,51.1313598],[16.9781947,51.1313509],[16.9781966,51.1313422],[16.9781986,51.1313335],[16.9782005,51.1313248],[16.9782025,51.1313161],[16.9782044,51.1313074],[16.9782064,51.1312987],[16.9782083,51.13129],[16.9782102,51.1312813],[16.9782122,51.1312726],[16.9782141,51.1312639],[16.9782161,51.1312552],[16.978218,51.1312465],[16.97822,51.1312378],[16.9782219,51.1312291],[16.9782238,51.1312204],[16.9782258,51.1312117],[16.9782277,51.131203],[16.9782297,51.1311943],[16.9782316,51.1311856],[16.9782336,51.1311769],[16.9782364,51.1311589],[16.9782515,51.1311239]]}},{"type":"Feature","properties":{"layer":"roads"},"geometry":{"type":"LineString","coordinates":[[16.9766623,51.1282285],[16.9767068,51.128229],[16.9767199,51.1282275],[16.976787,51.1282487]]}},{"type":"Feature","properties":{"layer":"roads"},"geometry":{"type":"LineString","coordinates":[[16.9766623,51.1282285],[16.9766485,51.1281879]]}},{"type":"Feature","properties":{"layer":"roads"},"geometry":{"type":"LineString","coordinates":[[16.9766623,51.1282285],[16.9766502,51.1282599],[16.976649,51.1282684],[16.9766477,51.1282768],[16.9766464,51.1282853],[16.9766451,51.1282937],[16.9766438,51.1283022],[16.9766425,51.1283106],[16.9766412,51.128319],[16.9766399,51.1283275],[16.9766386,51.1283359],[16.9766374,51.1283444],[16.9766361,51.1283528],[16.9766348,51.1283613],[16.9766335,51.1283697],[16.9766314,51.1283781],[16.9766293,51.1283864],[16.9766272,51.1283948],[16.9766251,51.1284032],[16.9766231,51.1284115],[16.976621,51.1284199],[16.9766189,51.1284283],[16.9766168,51.1284366],[16.9766147,51.128445],[16.9766126,51.1284533],[16.9766105,51.1284617],[16.9766084,51.1284701],[16.9766064,51.1284784],[16.9766043,51.1284868],[16.9766022,51.1284952],[16.9766001,51.1285035],[16.976598,51.1285119],[16.9765955,51.1285206],[16.9765929,51.1285293],[16.9765904,51.128538],[16.9765878,51.1285467],[16.9765853,51.1285554],[16.9765827,51.1285641],[16.9765802,51.1285728],[16.9765776,51.1285815],[16.9765751,51.1285902],[16.9765725,51.1285989],[16.97657,51.1286075],[16.9765675,51.1286162],[16.9765649,51.1286249],[16.9765624,51.1286336],[16.9765598,51.1286423],[16.9765573,51.128651],[16.9765547,51.1286597],[16.9765522,51.1286684],[16.9765496,51.1286771],[16.9765471,51.1286858],[16.9765445,51.1286945],[16.976542,51.1287032],[16.9765393,51.1287118],[16.9765367,51.1287205],[16.976534,51.1287291],[16.9765314,51.1287377],[16.9765287,51.1287464],[16.9765261,51.128755],[16.9765234,51.1287637],[16.9765208,51.1287723],[16.9765182,51.1287809],[16.9765155,51.1287896],[16.9765128,51.1287982],[16.9765102,51.1288068],[16.9765075,51.1288155],[16.9765049,51.1288241],[16.9765022,51.1288327],[16.9764996,51.1288414],[16.9764969,51.12885],[16.9764943,51.1288587],[16.9764916,51.1288673],[16.976489,51.1288759],[16.9764863,51.1288846],[16.9764837,51.1288932],[16.9764824,51.1289014],[16.9764811,51.1289097],[16.9764935,51.1289433]]}},{"type":"Feature","properties":{"layer":"roads"},"geometry":{"type":"LineString","coordinates":[[16.9764935,51.1289433],[16.9764657,51.1289752],[16.9764465,51.1289984],[16.9764401,51.1290061],[16.9764336,51.1290139],[16.9764272,51.1290216],[16.9764208,51.1290294],[16.9764144,51.1290371],[16.976408,51.1290449],[16.9764007,51.1290525],[16.9763934,51.12906],[16.9763862,51.1290676],[16.9763779,51.1290946]]}},{"type":"Feature","properties":{"layer":"roads"},"geometry":{"type":"LineString","coordinates":[[16.9764935,51.1289433],[16.9765404,51.1289262],[16.9765485,51.1289192],[16.9765566,51.1289123],[16.9765646,51.1289053],[16.9765727,51.1288983],[16.9765808,51.1288914],[16.9765889,51.1288844],[16.976597,51.1288774],[16.976605,51.1288705],[16.9766131,51.1288635],[16.9766212,51.1288565],[16.9766293,51.1288496],[16.9766374,51.1288426],[16.9766455,51.1288356],[16.9766535,51.1288287],[16.9766616,51.1288217],[16.9766697,51.1288147],[16.9766778,51.1288078],[16.9766859,51.1288008],[16.9766939,51.1287938],[16.976702,51.1287869],[16.9767101,51.1287799],[16.9767168,51.1287726],[16.9767235,51.1287653],[16.9767301,51.128758],[16.9767368,51.1287507],[16.9767435,51.1287434],[16.9767502,51.1287361],[16.9767568,51.1287288],[16.9767635,51.1287215],[16.9767702,51.1287142],[16.9767769,51.1287069],[16.9767835,51.1286996],[16.9767902,51.1286923],[16.9767969,51.128685],[16.9768063,51.128679],[16.9768156,51.128673],[16.976825,51.1286671],[16.9768343,51.1286611],[16.9768437,51.1286551],[16.976853,51.1286491],[16.9768937,51.1286384]]}},{"type":"Feature","properties":{"layer":"roads"},"geometry":{"type":"LineString","coordinates":[[16.9755089,51.1318941],[16.9755133,51.1319247],[16.9755086,51.1319332],[16.9755039,51.1319416],[16.9754991,51.13195],[16.9754944,51.1319584],[16.9754897,51.1319668],[16.975485,51.1319753],[16.9754803,51.1319837],[16.9754755,51.1319921],[16.9754708,51.1320005],[16.9754661,51.132009],[16.9754614,51.1320174],[16.9754567,51.1320258],[16.9754519,51.1320342],[16.9754472,51.1320426],[16.9754425,51.1320511],[16.9754378,51.1320595],[16.9754331,51.1320679],[16.9754284,51.1320763],[16.9754236,51.1320848],[16.9754189,51.1320932],[16.9754142,51.1321016],[16.9754104,51.1321098],[16.9754067,51.1321181],[16.9754029,51.1321263],[16.9753992,51.1321346],[16.9753954,51.1321428],[16.9753916,51.1321511],[16.9753879,51.1321593],[16.9753841,51.1321675],[16.9753803,51.1321758],[16.9753766,51.132184],[16.9753728,51.1321923],[16.975369,51.1322005],[16.9753653,51.1322088],[16.9753615,51.132217],[16.9753578,51.1322253],[16.975354,51.1322335],[16.9753503,51.1322421],[16.9753465,51.1322506],[16.9753428,51.1322592],[16.975339,51.1322677],[16.9753353,51.1322763],[16.9753315,51.1322849],[16.9753278,51.1322934],[16.975324,51.132302],[16.9753203,51.1323105],[16.9753165,51.1323191],[16.9753128,51.1323277],[16.9752995,51.1323577]]}},{"type":"Feature","properties":{"layer":"roads"},"geometry":{"type":"LineString","coordinates":[[16.9755089,51.1318941],[16.9754646,51.131896],[16.9754526,51.1319001],[16.9754406,51.1319041],[16.9754286,51.1319082],[16.9754166,51.1319122],[16.9754045,51.1319163],[16.9753925,51.1319204],[16.9753805,51.1319244],[16.9753685,51.1319285],[16.9753565,51.1319325],[16.9753445,51.1319366],[16.9753325,51.1319406],[16.9753205,51.1319447],[16.9753084,51.1319488],[16.9752964,51.1319528],[16.9752844,51.1319569],[16.9752724,51.1319609],[16.9752604,51.131965],[16.975248,51.1319694],[16.9752355,51.1319739],[16.9752231,51.1319783],[16.9752107,51.1319828],[16.9751982,51.1319872],[16.9751858,51.1319916],[16.9751734,51.1319961],[16.9751609,51.1320005],[16.9751485,51.132005],[16.9751361,51.1320094],[16.9751236,51.1320138],[16.9751112,51.1320183],[16.9750988,51.1320227],[16.9750863,51.1320272],[16.9750739,51.1320316],[16.9750626,51.132036],[16.9750512,51.1320404],[16.9750399,51.1320447],[16.9750285,51.1320491],[16.9750172,51.1320535],[16.9750058,51.1320579],[16.9749945,51.1320623],[16.9749831,51.1320667],[16.9749718,51.132071],[16.9749604,51.1320754],[16.9749491,51.1320798],[16.9749378,51.1320851],[16.9749265,51.1320903],[16.9749152,51.1320956],[16.974904,51.1321009],[16.9748927,51.1321061],[16.9748814,51.1321114],[16.9748701,51.1321167],[16.9748588,51.1321219],[16.9748475,51.1321272],[16.9748362,51.1321325],[16.9748249,51.1321377],[16.9748137,51.132143],[16.9748024,51.1321483],[16.9747911,51.1321535],[16.9747798,51.1321588],[16.9747685,51.1321641],[16.9747572,51.1321693],[16.9747458,51.1321746],[16.9747345,51.1321799],[16.9747232,51.1321851],[16.9747119,51.1321904],[16.9747006,51.1321956],[16.9746893,51.1322009],[16.9746779,51.1322062],[16.9746666,51.1322114],[16.9746553,51.1322167],[16.9746447,51.1322214],[16.9746341,51.1322262],[16.9746235,51.1322309],[16.9745921,51.1322591]]}},{"type":"Feature","properties":{"layer":"roads"},"geometry":{"type":"LineString","coordinates":[[16.9745921,51.1322591],[16.9745357,51.1322643],[16.9744949,51.1322651],[16.9744813,51.1322654],[16.9744677,51.1322657],[16.9744541,51.1322659],[16.9744405,51.1322662],[16.9744269,51.1322665],[16.9744134,51.1322656],[16.9743999,51.1322646],[16.9743864,51.1322637],[16.9743729,51.1322628],[16.9743595,51.1322618],[16.974346,51.1322609],[16.9742908,51.1322615]]}},{"type":"Feature","properties":{"layer":"roads"},"geometry":{"type":"LineString","coordinates":[[16.9745921,51.1322591],[16.9746434,51.1322715],[16.9746569,51.1322726],[16.9746704,51.1322737],[16.9746838,51.1322748],[16.9746972,51.1322758],[16.9747107,51.1322769],[16.974724,51.1322777],[16.9747374,51.1322786],[16.9747507,51.1322794],[16.974764,51.1322802],[16.9747774,51.132281],[16.9747907,51.1322818],[16.9748041,51.1322827],[16.9748174,51.1322835],[16.9748316,51.1322846],[16.9748458,51.1322856],[16.9748599,51.1322866],[16.9748741,51.1322877],[16.9748883,51.1322888],[16.9749024,51.1322898],[16.9749166,51.1322908],[16.9749308,51.1322919],[16.9749442,51.1322939],[16.9749577,51.1322959],[16.9749711,51.1322979],[16.9749845,51.1322999],[16.974998,51.1323019],[16.9750114,51.1323039],[16.9750248,51.1323059],[16.9750383,51.1323079],[16.9750517,51.1323099],[16.9750643,51.1323122],[16.9750769,51.1323145],[16.9750896,51.1323168],[16.9751022,51.1323191],[16.9751148,51.1323214],[16.9751274,51.1323237],[16.97514,51.132326],[16.9751527,51.1323283],[16.9751653,51.1323306],[16.9751779,51.1323329],[16.9751912,51.1323361],[16.9752045,51.1323393],[16.9752179,51.1323426],[16.9752312,51.1323458],[16.9752445,51.132349],[16.9752995,51.1323577]]}},{"type":"Feature","properties":{"layer":"roads"},"geometry":{"type":"LineString","coordinates":[[16.9750525,51.1299601],[16.97508,51.1299907],[16.9750896,51.1299969],[16.9750992,51.1300031],[16.9751088,51.1300094],[16.9751184,51.1300156],[16.975128,51.1300218],[16.9751376,51.130028],[16.9751472,51.1300343],[16.9751568,51.1300405],[16.9751664,51.1300467],[16.975176,51.1300529],[16.9751856,51.1300592],[16.9751952,51.1300654],[16.9752048,51.1300716],[16.9752143,51.1300778],[16.9752367,51.1301261]]}},{"type":"Feature","properties":{"layer":"roads"},"geometry":{"type":"LineString","coordinates":[[16.9750525,51.1299601],[16.9749915,51.1299761],[16.974923,51.1299961]]}},{"type":"Feature","properties":{"layer":"roads"},"geometry":{"type":"LineString","coordinates":[[16.9680306,51.1330796],[16.9679929,51.1330635],[16.9679853,51.133056],[16.9679802,51.1330478],[16.9679751,51.1330397],[16.96797,51.1330315],[16.9679649,51.1330234],[16.9679598,51.1330152],[16.9679548,51.133007],[16.9679497,51.1329989],[16.9679446,51.1329907],[16.9679395,51.1329826],[16.9679344,51.1329744],[16.9679293,51.1329662],[16.9679242,51.1329581],[16.9679191,51.1329499],[16.967914,51.1329418],[16.9679089,51.1329336],[16.9679039,51.1329254],[16.9678988,51.1329173],[16.9678937,51.1329091],[16.9678886,51.132901],[16.9678835,51.1328928],[16.9678765,51.1328852],[16.9678694,51.1328775],[16.9678624,51.1328699],[16.9678554,51.1328623],[16.9678483,51.1328547],[16.9678413,51.132847],[16.9678342,51.1328394],[16.9678272,51.1328318],[16.9678202,51.1328241],[16.9678131,51.1328165],[16.9678061,51.1328089],[16.9677991,51.1328013],[16.967792,51.1327936],[16.967785,51.132786],[16.967776,51.1327802],[16.967767,51.1327743],[16.9677581,51.1327685],[16.9677491,51.1327626],[16.9677401,51.1327568],[16.9677311,51.1327509],[16.9677222,51.1327451],[16.9677132,51.1327392],[16.9677042,51.1327334],[16.9676982,51.1327253],[16.9676923,51.1327173],[16.9676863,51.1327092],[16.9676804,51.1327011],[16.9676744,51.132693],[16.9676684,51.132685],[16.9676625,51.1326769],[16.9676565,51.1326688],[16.9676506,51.1326607],[16.9676446,51.1326527],[16.9676386,51.1326446],[16.9676327,51.1326365],[16.9676267,51.1326285],[16.9676208,51.1326204],[16.9676148,51.1326123],[16.9676088,51.1326042],[16.9676029,51.1325962],[16.9675969,51.1325881],[16.9675909,51.13258],[16.967585,51.1325719],[16.967579,51.1325639],[16.9675731,51.1325558],[16.9675671,51.1325477],[16.9675611,51.1325397],[16.9675552,51.1325316],[16.9675492,51.1325235],[16.9675433,51.1325154],[16.9675373,51.1325074],[16.9675313,51.1324993],[16.9675254,51.1324912],[16.9675027,51.1324618]]}},{"type":"Feature","properties":{"layer":"roads"},"geometry":{"type":"LineString","coordinates":[[16.9680306,51.1330796],[16.9680368,51.133117],[16.9680319,51.1331432],[16.9680302,51.1331519],[16.9680286,51.1331606],[16.9680269,51.1331693],[16.9680267,51.1331778],[16.9680264,51.1331862],[16.9680262,51.1331947],[16.9680254,51.1332288]]}},{"type":"Feature","properties":{"layer":"roads"},"geometry":{"type":"LineString","coordinates":[[16.9675027,51.1324618],[16.9675338,51.1324357],[16.9675403,51.1324278],[16.9675469,51.13242],[16.9675534,51.1324122],[16.96756,51.1324043],[16.9675666,51.1323965],[16.9675731,51.1323887],[16.9675797,51.1323808],[16.9675863,51.132373],[16.9675928,51.1323651],[16.9675994,51.1323573],[16.9676059,51.1323495],[16.9676125,51.1323416],[16.9676191,51.1323338],[16.9676256,51.132326],[16.9676322,51.1323181],[16.9676388,51.1323103],[16.9676453,51.1323025],[16.9676519,51.1322946],[16.9676584,51.1322868],[16.967665,51.132279],[16.9676716,51.1322711],[16.9676781,51.1322633],[16.9676847,51.1322555],[16.9676913,51.1322476],[16.9676978,51.1322398],[16.9677044,51.132232],[16.9677109,51.1322241],[16.9677175,51.1322163],[16.9677241,51.1322084],[16.9677306,51.1322006],[16.9677372,51.1321928],[16.9677438,51.1321849],[16.9677503,51.1321771],[16.9677569,51.1321693],[16.9677634,51.1321614],[16.96777,51.1321536],[16.967792,51.1321248]]}},{"type":"Feature","properties":{"layer":"roads"},"geometry":{"type":"LineString","coordinates":[[16.9675027,51.1324618],[16.9674868,51.1324366],[16.9674816,51.132429],[16.9674764,51.1324214],[16.9674712,51.1324138],[16.967466,51.1324062],[16.9674609,51.1323986],[16.9674557,51.132391],[16.9674505,51.1323834],[16.9674453,51.1323758],[16.9674418,51.1323674],[16.9674384,51.1323589],[16.9674349,51.1323505],[16.9674314,51.132342],[16.967428,51.1323336],[16.9674245,51.1323251],[16.967421,51.1323167],[16.9674176,51.1323082],[16.9674141,51.1322998],[16.9674106,51.1322913],[16.9674072,51.1322829],[16.9673968,51.1322575],[16.9673914,51.1322209]]}},{"type":"Feature","properties":{"layer":"roads"},"geometry":{"type":"LineString","coordinates":[[16.987489,51.1302452],[16.9875215,51.1302214],[16.987531,51.1302147],[16.9875404,51.1302081],[16.9875498,51.1302014],[16.9875592,51.1301947],[16.9875686,51.130188],[16.987578,51.1301813],[16.9875874,51.1301746],[16.9875968,51.1301679],[16.9876062,51.1301612],[16.9876157,51.1301545],[16.9876251,51.1301478],[16.9876345,51.1301411],[16.9876439,51.1301344],[16.9876533,51.1301278],[16.9876627,51.1301211],[16.9876721,51.1301144],[16.9876815,51.1301077],[16.9876909,51.130101],[16.9877004,51.1300943],[16.9877098,51.1300876],[16.9877192,51.1300809],[16.9877286,51.1300742],[16.987738,51.1300675],[16.9877474,51.1300608],[16.9877568,51.1300542],[16.9877662,51.1300475],[16.9877756,51.1300408],[16.987785,51.1300341],[16.9877945,51.1300274],[16.9878039,51.1300207],[16.9878133,51.130014],[16.9878227,51.1300073],[16.9878321,51.1300006],[16.9878415,51.1299939],[16.9878509,51.1299872],[16.9878603,51.1299805],[16.9878697,51.1299739],[16.9878792,51.1299672],[16.9878886,51.1299605],[16.987898,51.1299538],[16.9879074,51.1299471],[16.9879168,51.1299404],[16.9879247,51.1299343],[16.987961,51.1299117]]}},{"type":"Feature","properties":{"layer":"roads"},"geometry":{"type":"LineString","coordinates":[[16.987489,51.1302452],[16.9874507,51.1302245],[16.9874424,51.1302186],[16.9874366,51.1302111],[16.9874309,51.1302035],[16.9874251,51.130196],[16.9874193,51.1301884],[16.9874136,51.1301809],[16.9874078,51.1301733],[16.987402,51.1301658],[16.9873963,51.1301583],[16.9873905,51.1301507],[16.9873847,51.1301432],[16.987379,51.1301356],[16.9873732,51.1301281],[16.9873637,51.1301218],[16.9873542,51.1301155],[16.9873447,51.1301092],[16.9873351,51.1301029],[16.9873256,51.1300966],[16.9873161,51.1300903],[16.9873066,51.130084],[16.9872971,51.1300777],[16.9872875,51.1300714],[16.987278,51.130065],[16.9872685,51.1300587],[16.987259,51.1300524],[16.9872495,51.1300461],[16.98724,51.1300398],[16.9872304,51.1300335],[16.9872209,51.1300272],[16.9872114,51.1300209],[16.9872019,51.1300146],[16.9871906,51.1300102],[16.9871793,51.1300058],[16.987168,51.1300014],[16.9871567,51.129997],[16.9871455,51.1299926],[16.9871342,51.1299882],[16.9871229,51.1299838],[16.9871116,51.1299794],[16.9871003,51.129975],[16.9870884,51.1299713],[16.9870765,51.1299676],[16.9870646,51.129964],[16.9870527,51.1299603],[16.9870408,51.1299566],[16.9870289,51.129953],[16.9870169,51.1299493],[16.987005,51.1299456],[16.9869931,51.1299419],[16.9869812,51.1299382],[16.9869693,51.1299346],[16.9869574,51.1299309],[16.9869471,51.1299262],[16.9869367,51.1299215],[16.9869264,51.1299168],[16.9869161,51.1299121],[16.9869057,51.1299075],[16.9868389,51.129886]]}},{"type":"Feature","properties":{"layer":"roads"},"geometry":{"type":"LineString","coordinates":[[16.9752995,51.1323577],[16.9752916,51.1323883],[16.9752895,51.1323972],[16.9752874,51.132406],[16.9752853,51.1324148],[16.9752832,51.1324236],[16.9752812,51.1324324],[16.9752791,51.1324412],[16.975277,51.1324501],[16.9752749,51.1324589],[16.9752728,51.1324677],[16.9752707,51.1324765],[16.9752687,51.1324853],[16.9752666,51.1324941],[16.9752645,51.132503],[16.9752624,51.1325118],[16.9752603,51.1325206],[16.9752583,51.1325294],[16.9752562,51.1325382],[16.9752541,51.132547],[16.975252,51.1325558],[16.9752499,51.1325647],[16.9752478,51.1325735],[16.9752458,51.1325823],[16.9752437,51.1325911],[16.9752416,51.1325999],[16.9752395,51.1326087],[16.9752374,51.1326176],[16.9752354,51.1326264],[16.9752333,51.1326352],[16.9752312,51.132644],[16.9752284,51.1326526],[16.9752256,51.1326612],[16.9752228,51.1326698],[16.97522,51.1326784],[16.9752171,51.1326869],[16.9752143,51.1326955],[16.9752115,51.1327041],[16.9752087,51.1327127],[16.9752059,51.1327213],[16.9752031,51.1327299],[16.9752003,51.1327385],[16.9751975,51.1327471],[16.9751947,51.1327557],[16.9751918,51.1327642],[16.975189,51.1327728],[16.9751862,51.1327814],[16.9751834,51.13279],[16.9751806,51.1327986],[16.9751778,51.1328072],[16.975175,51.1328158],[16.9751722,51.1328244],[16.9751694,51.132833],[16.9751665,51.1328415],[16.9751637,51.1328501],[16.9751609,51.1328587],[16.9751581,51.1328673],[16.9751553,51.1328759],[16.9751525,51.1328845],[16.9751497,51.1328931],[16.9751469,51.1329017],[16.9751441,51.1329103],[16.9751412,51.1329188],[16.9751384,51.1329274],[16.9751356,51.132936],[16.9751328,51.1329446],[16.97513,51.1329532],[16.9751285,51.1329618],[16.975127,51.1329704],[16.9751256,51.132979],[16.9751241,51.1329876],[16.9751226,51.1329962],[16.9751211,51.1330047],[16.9751196,51.1330133],[16.9751181,51.1330219],[16.9751167,51.1330305],[16.9751136,51.1330602]]}},{"type":"Feature","properties":{"layer":"roads"},"geometry":{"type":"LineString","coordinates":[[16.9751136,51.1330602],[16.975064,51.1330297],[16.9750543,51.1330244],[16.9750447,51.1330191],[16.9750323,51.1330148],[16.97502,51.1330105],[16.9750076,51.1330062],[16.9749952,51.1330019],[16.9749828,51.1329976],[16.9749705,51.1329933],[16.9749581,51.132989],[16.9749457,51.1329847],[16.9749333,51.1329804],[16.974921,51.1329761],[16.9749086,51.1329718],[16.9748963,51.1329681],[16.9748839,51.1329645],[16.9748716,51.1329608],[16.9748593,51.1329571],[16.9748469,51.1329534],[16.9748346,51.1329498],[16.9748223,51.1329461],[16.97481,51.1329424],[16.9747976,51.1329387],[16.9747853,51.1329351],[16.974773,51.1329314],[16.9747606,51.1329277],[16.9747483,51.132924],[16.974736,51.1329203],[16.9747236,51.1329167],[16.9747113,51.132913],[16.9746981,51.1329101],[16.974685,51.1329071],[16.9746718,51.1329042],[16.9746586,51.1329013],[16.9746454,51.1328983],[16.9746323,51.1328954],[16.9746191,51.1328924],[16.9746059,51.1328895],[16.9745928,51.1328866],[16.9745796,51.1328836],[16.9745664,51.1328807],[16.9745532,51.1328778],[16.9745401,51.1328748],[16.9745269,51.1328719],[16.9745147,51.132871],[16.9745025,51.1328701],[16.9744539,51.1328715]]}},{"type":"Feature","properties":{"layer":"roads"},"geometry":{"type":"LineString","coordinates":[[16.9824188,51.1343081],[16.9824592,51.1342952],[16.9824676,51.1342879],[16.9824759,51.1342807],[16.9824843,51.1342734],[16.9824926,51.1342662],[16.982501,51.1342589],[16.9825094,51.1342517],[16.9825177,51.1342444],[16.9825261,51.1342372],[16.9825344,51.1342299],[16.9825428,51.1342227],[16.9825511,51.1342154],[16.9825595,51.1342081],[16.9825678,51.1342009],[16.9825762,51.1341936],[16.9825845,51.1341864],[16.9825929,51.1341791],[16.9826013,51.1341719],[16.9826096,51.1341646],[16.982618,51.1341574],[16.9826263,51.1341501],[16.9826347,51.1341429],[16.982643,51.1341356],[16.9826514,51.1341284],[16.9826597,51.1341211],[16.9826681,51.1341139],[16.9826764,51.1341066],[16.9826848,51.1340993],[16.9826932,51.1340921],[16.9827015,51.1340848],[16.9827099,51.1340776],[16.9827182,51.1340703],[16.9827266,51.1340631],[16.9827349,51.1340558],[16.9827433,51.1340486],[16.9827516,51.1340413],[16.98276,51.1340341],[16.9827683,51.1340268],[16.9827767,51.1340196],[16.9827851,51.1340123],[16.9827934,51.1340051],[16.9828018,51.1339978],[16.9828101,51.1339906],[16.9828185,51.1339833],[16.9828268,51.133976],[16.9828352,51.1339688],[16.9828435,51.1339615],[16.9828519,51.1339543],[16.9828602,51.133947],[16.9828686,51.1339398],[16.982877,51.1339325],[16.9828853,51.1339253],[16.9828937,51.133918],[16.982902,51.1339108],[16.9829104,51.1339035],[16.9829187,51.1338963],[16.9829271,51.133889],[16.9829354,51.1338818],[16.9829438,51.1338745],[16.9829521,51.1338673],[16.9829605,51.13386],[16.9829674,51.1338526],[16.9829744,51.1338452],[16.9829813,51.1338378],[16.9829883,51.1338303],[16.9829952,51.1338229],[16.9830022,51.1338155],[16.9830091,51.1338081],[16.9830138,51.1337779]]}},{"type":"Feature","properties":{"layer":"roads"},"geometry":{"type":"LineString","coordinates":[[16.9830138,51.1337779],[16.9830904,51.133747]]}},{"type":"Feature","properties":{"layer":"roads"},"geometry":{"type":"LineString","coordinates":[[16.9821412,51.1346408],[16.9821385,51.1346767],[16.98215,51.1347018],[16.9821538,51.1347102],[16.9821577,51.1347185],[16.9821615,51.1347269],[16.9821653,51.1347353],[16.9821692,51.1347436],[16.982173,51.134752],[16.9821768,51.1347604],[16.9821807,51.1347687],[16.9821845,51.1347771],[16.9821883,51.1347855],[16.9821921,51.1347938],[16.982196,51.1348022],[16.9821998,51.1348106],[16.9822036,51.134819],[16.9822075,51.1348273],[16.9822113,51.1348357],[16.9822129,51.1348445],[16.9822144,51.1348532],[16.982216,51.134862],[16.9822176,51.1348708],[16.9822192,51.1348795],[16.9822207,51.1348883],[16.9822223,51.1348971],[16.9822239,51.1349058],[16.9822254,51.1349146],[16.982227,51.1349234],[16.9822286,51.1349321],[16.9822302,51.1349409],[16.9822317,51.1349496],[16.9822333,51.1349584],[16.9822349,51.1349672],[16.9822364,51.1349759],[16.982238,51.1349847],[16.9822396,51.1349935],[16.9822412,51.1350022],[16.9822427,51.135011],[16.9822443,51.1350198],[16.9822459,51.1350285],[16.9822474,51.1350373],[16.982249,51.1350461],[16.9822506,51.1350548],[16.9822522,51.1350636],[16.9822537,51.1350724],[16.9822553,51.1350811],[16.9822569,51.1350899],[16.9822585,51.1350987],[16.98226,51.1351074],[16.9822616,51.1351162],[16.9822632,51.135125],[16.9822647,51.1351337],[16.9822663,51.1351425],[16.9822679,51.1351512],[16.9822695,51.13516],[16.982271,51.1351688],[16.9822726,51.1351775],[16.9822742,51.1351863],[16.9822757,51.1351951],[16.9822773,51.1352038],[16.9822789,51.1352126],[16.9822805,51.1352214],[16.982282,51.1352301],[16.9822884,51.1352575]]}},{"type":"Feature","properties":{"layer":"roads"},"geometry":{"type":"LineString","coordinates":[[16.9821412,51.1346408],[16.9821082,51.1346213],[16.9821038,51.1346134],[16.9820994,51.1346056],[16.982095,51.1345977],[16.9820906,51.1345899],[16.982088,51.1345812],[16.9820855,51.1345725],[16.9820829,51.1345637],[16.9820803,51.134555],[16.9820778,51.1345463],[16.9820752,51.1345376],[16.9820727,51.1345288],[16.9820701,51.1345201],[16.9820675,51.1345114],[16.982065,51.1345027],[16.9820624,51.1344939],[16.9820598,51.1344852],[16.9820573,51.1344765],[16.9820547,51.1344678],[16.9820521,51.1344591],[16.9820496,51.1344503],[16.982047,51.1344416],[16.9820444,51.1344329],[16.9820419,51.1344242],[16.9820393,51.1344154],[16.9820368,51.1344067],[16.9820342,51.134398],[16.9820316,51.1343893],[16.9820291,51.1343805],[16.9820265,51.1343718],[16.9820239,51.1343631],[16.9820214,51.1343544],[16.9820188,51.1343457],[16.9820162,51.1343369],[16.9820137,51.1343282],[16.9820111,51.1343195],[16.9820085,51.1343108],[16.982006,51.134302],[16.9820034,51.1342933],[16.9820009,51.1342846],[16.9819983,51.1342759],[16.9819957,51.1342671],[16.9819932,51.1342584],[16.9819906,51.1342497],[16.9819872,51.1342413],[16.9819838,51.134233],[16.9819804,51.1342246],[16.981977,51.1342163],[16.9819736,51.1342079],[16.9819702,51.1341996],[16.9819668,51.1341912],[16.9819634,51.1341829],[16.98196,51.1341745],[16.9819567,51.1341661],[16.9819533,51.1341578],[16.9819499,51.1341494],[16.9819465,51.1341411],[16.9819431,51.1341327],[16.9819397,51.1341244],[16.9819363,51.134116],[16.9819329,51.1341077],[16.9819295,51.1340993],[16.9819263,51.1340906],[16.981923,51.1340818],[16.9819198,51.1340731],[16.9819166,51.1340643],[16.9819133,51.1340556],[16.9819101,51.1340468],[16.9819069,51.1340381],[16.9819037,51.1340293],[16.9819004,51.1340206],[16.9818972,51.1340118],[16.981894,51.1340031],[16.9818907,51.1339943],[16.981878,51.1339525]]}},{"type":"Feature","properties":{"layer":"roads"},"geometry":{"type":"LineString","coordinates":[[16.9731884,51.1321703],[16.9731562,51.1321934],[16.9731449,51.1321989],[16.9731336,51.1322044],[16.9731222,51.1322099],[16.9731109,51.1322154],[16.9730996,51.1322209],[16.9730883,51.1322264],[16.973077,51.1322319],[16.9730657,51.1322374],[16.9730544,51.1322429],[16.9730431,51.1322484],[16.9730318,51.1322539],[16.9730205,51.1322594],[16.9730092,51.1322649],[16.9729979,51.1322704],[16.9729866,51.1322759],[16.9729752,51.1322814],[16.9729639,51.1322869],[16.9729526,51.1322924],[16.9729413,51.1322979],[16.97293,51.1323034],[16.9729187,51.1323089],[16.9729074,51.1323144],[16.9728699,51.1323355]]}},{"type":"Feature","properties":{"layer":"roads"},"geometry":{"type":"LineString","coordinates":[[16.9731884,51.1321703],[16.9731686,51.1321427],[16.9731439,51.1321212],[16.9731318,51.1321059],[16.9731161,51.1320777]]}},{"type":"Feature","properties":{"layer":"roads"},"geometry":{"type":"LineString","coordinates":[[16.978917,51.1333305],[16.9789653,51.1333463],[16.9789772,51.1333495],[16.9789892,51.1333527],[16.9790015,51.1333557],[16.9790137,51.1333587],[16.979026,51.1333617],[16.9790383,51.1333647],[16.9790506,51.1333676],[16.9790628,51.1333706],[16.9790751,51.1333736],[16.9790874,51.1333766],[16.9790996,51.1333796],[16.9791119,51.1333826],[16.9791254,51.1333832],[16.9791389,51.1333839],[16.9791524,51.1333845],[16.9791659,51.1333851],[16.9791794,51.1333858],[16.9791929,51.1333864],[16.9792064,51.133387],[16.9792199,51.1333877],[16.9792333,51.1333883],[16.9792468,51.133389],[16.9792603,51.1333896],[16.9792738,51.1333902],[16.9792873,51.1333909],[16.9793008,51.1333915],[16.9793143,51.1333921],[16.9793278,51.1333928],[16.9793413,51.1333934],[16.9793552,51.1333928],[16.979369,51.1333921],[16.9793829,51.1333915],[16.9793968,51.1333908],[16.9794106,51.1333902],[16.9794245,51.1333896],[16.9794384,51.1333889],[16.9794522,51.1333883],[16.9794661,51.1333876],[16.97948,51.133387],[16.9795249,51.1333878]]}},{"type":"Feature","properties":{"layer":"roads"},"geometry":{"type":"LineString","coordinates":[[16.978917,51.1333305],[16.9788375,51.1333296],[16.9788235,51.1333303],[16.9788095,51.1333309],[16.9787955,51.1333316],[16.9787815,51.1333322],[16.9787675,51.1333329],[16.9787535,51.1333335],[16.9787395,51.1333342],[16.9787256,51.1333348],[16.9787116,51.1333355],[16.9786976,51.1333362],[16.9786836,51.1333368],[16.9786696,51.1333375],[16.9786556,51.1333381],[16.9786416,51.1333388],[16.9786276,51.1333394],[16.9786136,51.1333401],[16.9785645,51.1333425]]}},{"type":"Feature","properties":{"layer":"roads"},"geometry":{"type":"LineString","coordinates":[[16.978917,51.1333305],[16.9789368,51.1333047],[16.9789477,51.1332992],[16.9789585,51.1332936],[16.9789692,51.1332882],[16.9789799,51.1332829],[16.9789906,51.1332776],[16.9790013,51.1332722],[16.979012,51.1332669],[16.9790227,51.1332615],[16.9790358,51.1332591],[16.9790489,51.1332566],[16.979062,51.1332542],[16.9790751,51.1332517],[16.9790882,51.1332493],[16.9791013,51.1332468],[16.9791144,51.1332444],[16.9791275,51.1332419],[16.9791405,51.1332395],[16.9791536,51.133237],[16.9791667,51.1332346],[16.9791798,51.1332321],[16.9791929,51.1332297],[16.979206,51.1332272],[16.9792191,51.1332247],[16.9792322,51.1332223],[16.9792459,51.1332214],[16.9792596,51.1332205],[16.9792734,51.1332196],[16.9792871,51.1332187],[16.9793008,51.1332178],[16.9793145,51.133217],[16.9793283,51.1332161],[16.979342,51.1332152],[16.9793557,51.1332143],[16.9793695,51.1332134],[16.9793832,51.1332125],[16.9793969,51.1332116],[16.9794105,51.1332119],[16.9794242,51.1332123],[16.9794378,51.1332126],[16.9794514,51.1332129],[16.9794651,51.1332133],[16.9794787,51.1332136],[16.9794923,51.1332139],[16.9795059,51.1332142],[16.9795196,51.1332146],[16.9795332,51.1332149],[16.9795468,51.1332152],[16.9795605,51.1332156],[16.9795741,51.1332159],[16.9795878,51.1332185],[16.9796015,51.1332212],[16.9796152,51.1332238],[16.9796289,51.1332264],[16.9796426,51.1332291],[16.9796563,51.1332317],[16.97967,51.1332343],[16.9796837,51.133237],[16.9796974,51.1332396],[16.9797097,51.1332426],[16.9797219,51.1332455],[16.9797342,51.1332485],[16.9797464,51.1332515],[16.9797587,51.1332544],[16.9797709,51.1332574],[16.9797832,51.1332604],[16.9797955,51.1332633],[16.9798077,51.1332663],[16.97982,51.1332693],[16.9798322,51.1332722],[16.9798445,51.1332752],[16.9798819,51.1332996]]}},{"type":"Feature","properties":{"layer":"roads"},"geometry":{"type":"LineString","coordinates":[[16.9798819,51.1332996],[16.9798456,51.1333163],[16.9798321,51.1333193],[16.9798187,51.1333222],[16.9798052,51.1333251],[16.9797917,51.133328],[16.9797783,51.1333309],[16.9797648,51.1333339],[16.9797514,51.1333368],[16.9797379,51.1333397],[16.9797245,51.1333426],[16.979711,51.1333456],[16.9796976,51.1333485],[16.9796841,51.1333514],[16.9796718,51.1333543],[16.9796596,51.1333573],[16.9796473,51.1333602],[16.9796351,51.1333632],[16.9796228,51.1333661],[16.9796106,51.1333691],[16.9795983,51.133372],[16.9795249,51.1333878]]}},{"type":"Feature","properties":{"layer":"roads"},"geometry":{"type":"LineString","coordinates":[[16.9798819,51.1332996],[16.9799402,51.1332973],[16.9799819,51.133293],[16.9799958,51.1332915],[16.9800097,51.1332901],[16.9800236,51.1332886],[16.9800375,51.1332872],[16.9800514,51.1332857],[16.9800653,51.1332843],[16.9800792,51.1332829],[16.9800931,51.1332814],[16.980107,51.13328],[16.9801209,51.1332785],[16.9801885,51.1332588]]}},{"type":"Feature","properties":{"layer":"roads"},"geometry":{"type":"LineString","coordinates":[[16.9708522,51.1304195],[16.9708746,51.130447],[16.9708815,51.1304548],[16.9708885,51.1304626],[16.9708954,51.1304704],[16.9709024,51.1304782],[16.9709093,51.130486],[16.9709163,51.1304939],[16.9709232,51.1305017],[16.9709302,51.1305095],[16.9709371,51.1305173],[16.9709441,51.1305251],[16.970951,51.1305329],[16.970958,51.1305408],[16.970965,51.1305486],[16.9709719,51.1305564],[16.9709789,51.1305642],[16.9709858,51.130572],[16.9709928,51.1305798],[16.9709997,51.1305877],[16.9710067,51.1305955],[16.9710136,51.1306033],[16.9710206,51.1306111],[16.9710275,51.1306189],[16.9710345,51.1306267],[16.9710414,51.1306346],[16.9710484,51.1306424],[16.9710553,51.1306502],[16.9710623,51.130658],[16.9710693,51.1306658],[16.9710762,51.1306736],[16.9710832,51.1306815],[16.9710901,51.1306893],[16.9710971,51.1306971],[16.971104,51.1307049],[16.971111,51.1307127],[16.9711179,51.1307205],[16.9711249,51.1307284],[16.9711318,51.1307362],[16.9711388,51.130744],[16.9711457,51.1307518],[16.9711527,51.1307596],[16.9711596,51.1307674],[16.9711666,51.1307753],[16.9711735,51.1307831],[16.9711805,51.1307909],[16.9711875,51.1307987],[16.9711944,51.1308065],[16.9712014,51.1308143],[16.9712083,51.1308222],[16.9712153,51.13083],[16.9712222,51.1308378],[16.9712292,51.1308456],[16.9712361,51.1308534],[16.9712431,51.1308612],[16.97125,51.1308691],[16.971257,51.1308769],[16.9712639,51.1308847],[16.9712709,51.1308925],[16.9712778,51.1309003],[16.9712848,51.1309081],[16.9712918,51.130916],[16.9712987,51.1309238],[16.9713057,51.1309316],[16.9713126,51.1309394],[16.9713196,51.1309472],[16.9713265,51.130955],[16.9713335,51.1309629],[16.9713404,51.1309707],[16.9713474,51.1309785],[16.9713543,51.1309863],[16.9713613,51.1309941],[16.9713682,51.1310019],[16.9713892,51.1310256]]}},{"type":"Feature","properties":{"layer":"roads"},"geometry":{"type":"LineString","coordinates":[[16.9708522,51.1304195],[16.9708394,51.130389],[16.9708358,51.1303804],[16.9708323,51.1303718],[16.9708287,51.1303632],[16.9708251,51.1303546],[16.9708216,51.130346],[16.970818,51.1303374],[16.9708144,51.1303288],[16.9708108,51.1303202],[16.9708073,51.1303115],[16.9708037,51.1303029],[16.9708001,51.1302943],[16.9707966,51.1302857],[16.9707691,51.1302554]]}},{"type":"Feature","properties":{"layer":"roads"},"geometry":{"type":"LineString","coordinates":[[16.9708522,51.1304195],[16.9708048,51.1304388],[16.9707925,51.1304426],[16.9707803,51.1304465],[16.970768,51.1304503],[16.9707558,51.1304541],[16.9707436,51.1304579],[16.9707313,51.1304618],[16.9707191,51.1304656],[16.9707069,51.1304694],[16.9706568,51.1304774]]}},{"type":"Feature","properties":{"layer":"roads"},"geometry":{"type":"LineString","coordinates":[[16.9708522,51.1304195],[16.9709037,51.1304078],[16.9709162,51.1304039],[16.9709287,51.1304],[16.9709413,51.1303961],[16.9709538,51.1303922],[16.9709663,51.1303883],[16.9709788,51.1303844],[16.9709913,51.1303804],[16.9710038,51.1303765],[16.9710163,51.1303726],[16.9710288,51.1303687],[16.9710413,51.1303648],[16.9710538,51.1303609],[16.9710663,51.1303569],[16.9710788,51.130353],[16.9710913,51.1303491],[16.9711038,51.1303452],[16.9711164,51.1303413],[16.9711289,51.1303374],[16.9711414,51.1303335],[16.9711785,51.1303152]]}},{"type":"Feature","properties":{"layer":"roads"},"geometry":{"type":"LineString","coordinates":[[16.9713892,51.1310256],[16.9713381,51.1310408],[16.9713253,51.1310447],[16.9713125,51.1310485],[16.9712998,51.1310524],[16.971287,51.1310563],[16.9712742,51.1310601],[16.9712615,51.131064],[16.9712487,51.1310678],[16.971236,51.1310717],[16.9712232,51.1310755],[16.9712104,51.1310794],[16.9711977,51.1310833],[16.9711849,51.1310871],[16.9711722,51.131091],[16.9711594,51.1310948],[16.9711466,51.1310987],[16.9711339,51.1311025],[16.9711211,51.1311064],[16.9711083,51.1311103],[16.9710956,51.1311141],[16.9710828,51.131118],[16.9710701,51.1311218],[16.9710573,51.1311257],[16.9710445,51.1311296],[16.9710318,51.1311334],[16.971019,51.1311373],[16.9710062,51.1311411],[16.9709935,51.131145],[16.9709807,51.1311488],[16.970968,51.1311527],[16.9709552,51.1311566],[16.9709424,51.1311604],[16.9709297,51.1311643],[16.9709169,51.1311681],[16.9709042,51.131172],[16.9708914,51.1311758],[16.9708786,51.1311797],[16.9708659,51.1311836],[16.9708531,51.1311874],[16.9708403,51.1311913],[16.9707893,51.1312067]]}},{"type":"Feature","properties":{"layer":"roads"},"geometry":{"type":"LineString","coordinates":[[16.9713892,51.1310256],[16.9714408,51.1310109],[16.9714537,51.1310073],[16.9714666,51.1310037],[16.9714796,51.1310001],[16.9714925,51.1309965],[16.9715054,51.1309929],[16.9715184,51.1309892],[16.9715313,51.1309856],[16.9715442,51.130982],[16.9715571,51.1309784],[16.9715701,51.1309748],[16.971583,51.1309712],[16.9715959,51.1309675],[16.9716088,51.1309639],[16.9716218,51.1309603],[16.9716347,51.1309567],[16.9716476,51.1309531],[16.9716605,51.1309495],[16.9716735,51.1309459],[16.9716864,51.1309422],[16.9716993,51.1309386],[16.9717122,51.130935],[16.9717252,51.1309314],[16.9717381,51.1309278],[16.971751,51.1309242],[16.9717875,51.1308912]]}},{"type":"Feature","properties":{"layer":"roads"},"geometry":{"type":"LineString","coordinates":[[16.9714649,51.1314921],[16.9714224,51.1315021],[16.9714097,51.1315059],[16.971397,51.1315098],[16.9713844,51.1315136],[16.9713717,51.1315174],[16.971359,51.1315213],[16.9713464,51.1315251],[16.9713337,51.1315289],[16.971321,51.1315328],[16.9713084,51.1315366],[16.9712957,51.1315404],[16.971283,51.1315443],[16.9712704,51.1315481],[16.9712577,51.131552],[16.971245,51.1315558],[16.9712324,51.1315596],[16.9712197,51.1315635],[16.971207,51.1315673],[16.9711944,51.1315711],[16.9711817,51.131575],[16.971169,51.1315788],[16.9711564,51.1315826],[16.9711437,51.1315865],[16.971131,51.1315903],[16.9711184,51.1315942],[16.9710677,51.1316095]]}},{"type":"Feature","properties":{"layer":"roads"},"geometry":{"type":"LineString","coordinates":[[16.9830722,51.1328923],[16.9830949,51.1329247],[16.9830975,51.1329334],[16.9831001,51.1329422],[16.9831027,51.1329509],[16.9831053,51.1329597],[16.9831079,51.1329685],[16.9831105,51.1329772],[16.9831131,51.132986],[16.9831157,51.1329947],[16.9831183,51.1330035],[16.9831209,51.1330122],[16.9831235,51.133021],[16.9831261,51.1330298],[16.9831288,51.1330385],[16.9831314,51.1330473],[16.983134,51.133056],[16.9831366,51.1330648],[16.9831392,51.1330735],[16.9831418,51.1330823],[16.9831444,51.133091],[16.983147,51.1330998],[16.9831496,51.1331086],[16.9831522,51.1331173],[16.9831548,51.1331261],[16.9831574,51.1331348],[16.98316,51.1331436],[16.9831626,51.1331523],[16.9831652,51.1331611],[16.9831666,51.13317],[16.9831681,51.1331789],[16.9831695,51.1331879],[16.9831709,51.1331968],[16.9831723,51.1332057],[16.9831738,51.1332146],[16.9831752,51.1332235],[16.9831766,51.1332325],[16.9831781,51.1332414],[16.9831795,51.1332503],[16.9831809,51.1332592],[16.9831823,51.1332681],[16.9831838,51.1332771],[16.9831852,51.133286],[16.9831866,51.1332949],[16.9831881,51.1333038],[16.9831895,51.1333127],[16.9831909,51.1333217],[16.9831923,51.1333306],[16.9831938,51.1333395],[16.9831952,51.1333484],[16.9831966,51.1333573],[16.983198,51.1333663],[16.9831995,51.1333752],[16.9832009,51.1333841],[16.9832023,51.133393],[16.9832038,51.1334019],[16.9832052,51.1334108],[16.9832066,51.1334198],[16.983208,51.1334287],[16.9832095,51.1334376],[16.9832109,51.1334465],[16.9832123,51.1334554],[16.9832138,51.1334644],[16.9832152,51.1334733],[16.9832166,51.1334822],[16.983218,51.1334911],[16.9832195,51.1335],[16.9832209,51.133509],[16.9832223,51.1335179],[16.9832449,51.1335438]]}},{"type":"Feature","properties":{"layer":"roads"},"geometry":{"type":"LineString","coordinates":[[16.9830722,51.1328923],[16.9831397,51.1329092],[16.9831528,51.1329119],[16.983166,51.1329146],[16.9831791,51.1329173],[16.9831923,51.13292],[16.9832054,51.1329226],[16.9832186,51.1329253],[16.9832317,51.132928],[16.9832449,51.1329307],[16.983258,51.1329334],[16.9832712,51.1329361],[16.9832843,51.1329388],[16.9832975,51.1329415],[16.9833114,51.1329434],[16.9833254,51.1329453],[16.9833393,51.1329472],[16.9833532,51.1329491],[16.9833672,51.132951],[16.9833811,51.1329529],[16.983395,51.1329548],[16.9834089,51.1329567],[16.9834229,51.1329586],[16.9834368,51.1329605],[16.9834507,51.1329624],[16.9834647,51.1329643],[16.9834786,51.1329662],[16.9834923,51.1329655],[16.983506,51.1329647],[16.9835198,51.132964],[16.983563,51.1329654]]}},{"type":"Feature","properties":{"layer":"roads"},"geometry":{"type":"LineString","coordinates":[[16.9832449,51.1335438],[16.9832874,51.1335217],[16.9832955,51.1335146],[16.9833036,51.1335074],[16.9833116,51.1335003],[16.9833197,51.1334932],[16.9833278,51.1334861],[16.9833359,51.133479],[16.9833439,51.1334719],[16.983352,51.1334648],[16.9833601,51.1334577],[16.9833668,51.1334499],[16.9833735,51.1334422],[16.9833802,51.1334344],[16.9833869,51.1334266],[16.9833936,51.1334189],[16.9834004,51.1334111],[16.9834071,51.1334033],[16.9834138,51.1333956],[16.9834205,51.1333878],[16.9834272,51.13338],[16.9834339,51.1333723],[16.9834406,51.1333645],[16.9834473,51.1333567],[16.983454,51.133349],[16.9834607,51.1333412],[16.9834674,51.1333334],[16.9834741,51.1333257],[16.9834808,51.1333179],[16.9834876,51.1333101],[16.9834943,51.1333024],[16.983501,51.1332946],[16.9835077,51.1332868],[16.9835144,51.1332791],[16.9835211,51.1332713],[16.9835269,51.1332634],[16.9835328,51.1332554],[16.9835386,51.1332475],[16.9835445,51.1332395],[16.9835503,51.1332316],[16.9835562,51.1332236],[16.983562,51.1332157],[16.9835679,51.1332077],[16.9835737,51.1331998],[16.9835796,51.1331918],[16.9835854,51.1331839],[16.9835913,51.1331759],[16.9835971,51.133168],[16.9836029,51.1331601],[16.9836088,51.1331521],[16.9836146,51.1331442],[16.9836205,51.1331362],[16.9836263,51.1331283],[16.9836322,51.1331203],[16.983638,51.1331124],[16.9836439,51.1331044],[16.9836497,51.1330965],[16.9836556,51.1330885],[16.9836614,51.1330806],[16.9836673,51.1330726],[16.9836821,51.1330394]]}},{"type":"Feature","properties":{"layer":"roads"},"geometry":{"type":"LineString","coordinates":[[16.9832449,51.1335438],[16.9832248,51.1335793],[16.9832124,51.133601],[16.9832033,51.1336113],[16.9831978,51.1336193],[16.983195,51.1336307],[16.9831739,51.1336554]]}},{"type":"Feature","properties":{"layer":"roads"},"geometry":{"type":"LineString","coordinates":[[16.9688225,51.131119],[16.9688387,51.1310873],[16.9688412,51.1310793],[16.9688457,51.1310724],[16.9688502,51.1310656],[16.9688548,51.1310587],[16.9688593,51.1310518],[16.968868,51.1310455],[16.9688768,51.1310392],[16.9688855,51.1310329],[16.9688942,51.1310266],[16.9689029,51.1310203],[16.9689117,51.131014],[16.9689204,51.1310077],[16.9689332,51.1310038],[16.968946,51.1309999],[16.9689588,51.130996],[16.9689716,51.1309921],[16.9689844,51.1309882],[16.9689971,51.1309843],[16.9690099,51.1309804],[16.9690227,51.1309765],[16.9690355,51.1309726],[16.9690483,51.1309687],[16.9690611,51.1309648],[16.9690739,51.1309609],[16.9690867,51.130957],[16.9690995,51.1309531],[16.9691123,51.1309492],[16.969125,51.1309453],[16.9691378,51.1309414],[16.9691506,51.1309375],[16.9691634,51.1309336],[16.9691762,51.1309297],[16.969189,51.1309258],[16.9692018,51.1309219],[16.9692146,51.130918],[16.9692274,51.1309141],[16.9692402,51.1309102],[16.9692529,51.1309063],[16.9692657,51.1309024],[16.9692785,51.1308985],[16.9692913,51.1308946],[16.9693041,51.1308907],[16.9693169,51.1308868],[16.9693297,51.130883],[16.9693425,51.1308791],[16.9693553,51.1308752],[16.9693681,51.1308713],[16.9693809,51.1308674],[16.9693936,51.1308635],[16.9694064,51.1308596],[16.9694192,51.1308557],[16.969432,51.1308518],[16.9694448,51.1308479],[16.9694576,51.130844],[16.9694704,51.1308401],[16.9694832,51.1308362],[16.969496,51.1308323],[16.9695088,51.1308284],[16.9695215,51.1308245],[16.9695343,51.1308206],[16.9695471,51.1308167],[16.9695599,51.1308128],[16.9695727,51.1308089],[16.9695855,51.130805],[16.9695983,51.1308011],[16.9696111,51.1307972],[16.9696239,51.1307933],[16.9696367,51.1307894],[16.9696494,51.1307855],[16.9696622,51.1307816],[16.969675,51.1307777],[16.9697259,51.1307689]]}},{"type":"Feature","properties":{"layer":"roads"},"geometry":{"type":"LineString","coordinates":[[16.9688225,51.131119],[16.9688308,51.1311466],[16.9688307,51.1311554],[16.9688307,51.1311642],[16.9688306,51.1311731],[16.9688305,51.1311819],[16.9688305,51.1311907],[16.9688304,51.1311996],[16.9688303,51.1312084],[16.9688302,51.1312173],[16.9688302,51.1312261],[16.9688301,51.1312349],[16.96883,51.1312438],[16.96883,51.1312526],[16.9688299,51.1312615],[16.9688298,51.1312703],[16.9688298,51.1312791],[16.9688297,51.131288],[16.9688296,51.1312968],[16.9688295,51.1313057],[16.9688295,51.1313145],[16.9688294,51.1313233],[16.9688293,51.1313322],[16.9688293,51.131341],[16.9688292,51.1313498],[16.9688383,51.1313862]]}},{"type":"Feature","properties":{"layer":"roads"},"geometry":{"type":"LineString","coordinates":[[16.9688225,51.131119],[16.9687798,51.1311229],[16.9687669,51.1311258],[16.9687541,51.1311288],[16.9687412,51.1311317],[16.9687284,51.1311346],[16.9687156,51.1311375],[16.9687027,51.1311405],[16.9686899,51.1311434],[16.9686771,51.1311463],[16.9686642,51.1311492],[16.9686514,51.1311522],[16.9686385,51.1311551],[16.9686257,51.131158],[16.9686129,51.1311609],[16.9686,51.1311639],[16.9685872,51.1311668],[16.9685743,51.1311703],[16.9685614,51.1311739],[16.9685484,51.1311774],[16.9685355,51.131181],[16.9685226,51.1311845],[16.9685097,51.1311881],[16.9684968,51.1311916],[16.9684839,51.1311952],[16.9684709,51.1311987],[16.968458,51.1312023],[16.9684451,51.1312058],[16.9684322,51.1312094],[16.9684193,51.1312129],[16.9684064,51.1312165],[16.9683934,51.13122],[16.9683805,51.1312236],[16.9683676,51.1312271],[16.9683549,51.1312308],[16.9683422,51.1312344],[16.9683118,51.1312573]]}},{"type":"Feature","properties":{"layer":"roads"},"geometry":{"type":"LineString","coordinates":[[16.9697259,51.1307689],[16.9697373,51.1307985],[16.9697433,51.1308066],[16.9697493,51.1308147],[16.9697552,51.1308228],[16.9697612,51.1308309],[16.9697672,51.130839],[16.9697732,51.1308472],[16.9697791,51.1308553],[16.9697851,51.1308634],[16.9697911,51.1308715],[16.9697971,51.1308796],[16.9698031,51.1308877],[16.969809,51.1308958],[16.969815,51.130904],[16.969821,51.1309121],[16.969827,51.1309202],[16.9698329,51.1309283],[16.9698389,51.1309364],[16.9698449,51.1309445],[16.9698509,51.1309526],[16.9698568,51.1309608],[16.9698628,51.1309689],[16.9698688,51.130977],[16.9698748,51.1309851],[16.9698807,51.1309932],[16.9698867,51.1310013],[16.9698927,51.1310095],[16.9698987,51.1310176],[16.9699047,51.1310257],[16.9699106,51.1310338],[16.9699166,51.1310419],[16.9699226,51.13105],[16.9699286,51.1310581],[16.9699345,51.1310663],[16.9699405,51.1310744],[16.9699465,51.1310825],[16.9699525,51.1310906],[16.9699584,51.1310987],[16.9699644,51.1311068],[16.9699704,51.1311149],[16.9699764,51.1311231],[16.9699824,51.1311312],[16.9699883,51.1311393],[16.9699943,51.1311474],[16.9700003,51.1311555],[16.9700063,51.1311636],[16.9700122,51.1311718],[16.9700182,51.1311799],[16.9700242,51.131188],[16.9700302,51.1311961],[16.9700361,51.1312042],[16.9700421,51.1312123],[16.9700481,51.1312204],[16.9700541,51.1312286],[16.97006,51.1312367],[16.970066,51.1312448],[16.970072,51.1312529],[16.970078,51.131261],[16.970084,51.1312691],[16.9700899,51.1312772],[16.9700959,51.1312854],[16.9701019,51.1312935],[16.9701079,51.1313016],[16.9701138,51.1313097],[16.9701198,51.1313178],[16.9701258,51.1313259],[16.9701318,51.1313341],[16.9701533,51.1313635]]}},{"type":"Feature","properties":{"layer":"roads"},"geometry":{"type":"LineString","coordinates":[[16.9781028,51.1288737],[16.9781591,51.1288698],[16.978171,51.1288685],[16.9781845,51.1288683],[16.9781979,51.1288682],[16.9782114,51.128868],[16.9782249,51.1288678],[16.9782383,51.1288677],[16.9782518,51.1288675],[16.9782653,51.1288673],[16.9782787,51.1288672],[16.9782922,51.128867],[16.9783057,51.1288668],[16.9783191,51.1288667],[16.9783326,51.1288665],[16.9783465,51.1288674],[16.9783603,51.1288682],[16.9783742,51.1288691],[16.978388,51.1288699],[16.9784019,51.1288708],[16.9784157,51.1288716],[16.9784296,51.1288725],[16.9784434,51.1288733],[16.9784573,51.1288742],[16.9784711,51.128875],[16.978485,51.1288759],[16.9784988,51.1288767],[16.9785127,51.1288776],[16.978527,51.1288774],[16.9785412,51.1288772],[16.9785555,51.128877],[16.9785698,51.1288768],[16.9785841,51.1288767],[16.9785983,51.1288765],[16.9786126,51.1288763],[16.9786269,51.1288761],[16.9786397,51.1288762],[16.9786524,51.1288762],[16.9786652,51.1288763],[16.9786779,51.1288764],[16.9786907,51.1288765],[16.9787035,51.1288766],[16.9787162,51.1288766],[16.978729,51.1288767],[16.9787425,51.1288773],[16.978756,51.128878],[16.9787695,51.1288787],[16.978783,51.1288793],[16.9788208,51.1288939]]}},{"type":"Feature","properties":{"layer":"roads"},"geometry":{"type":"LineString","coordinates":[[16.9781028,51.1288737],[16.9781487,51.1289013],[16.978158,51.1289079],[16.9781672,51.1289145],[16.9781765,51.1289211],[16.9781858,51.1289277],[16.978195,51.1289343],[16.9782043,51.1289409],[16.9782136,51.1289474],[16.9782229,51.128954],[16.9782321,51.1289606],[16.9782414,51.1289672],[16.9782507,51.1289738],[16.9782599,51.1289804],[16.9782692,51.128987],[16.9782785,51.1289935],[16.9782878,51.1290001],[16.978297,51.1290067],[16.9783063,51.1290133],[16.9783156,51.1290199],[16.9783248,51.1290265],[16.9783341,51.1290331],[16.9783434,51.1290396],[16.9783527,51.1290462],[16.9783619,51.1290528],[16.9783712,51.1290594],[16.9783805,51.129066],[16.9783897,51.1290726],[16.978399,51.1290792],[16.9784083,51.1290857],[16.9784176,51.1290923],[16.9784268,51.1290989],[16.9784361,51.1291055],[16.9784457,51.129112],[16.9784553,51.1291186],[16.9784649,51.1291251],[16.9784745,51.1291317],[16.9784841,51.1291382],[16.9784937,51.1291448],[16.9785033,51.1291513],[16.9785129,51.1291579],[16.9785225,51.1291644],[16.978532,51.129171],[16.9785416,51.1291775],[16.9785512,51.1291841],[16.9785608,51.1291906],[16.9785704,51.1291972],[16.97858,51.1292037],[16.9786177,51.1292249]]}},{"type":"Feature","properties":{"layer":"roads"},"geometry":{"type":"LineString","coordinates":[[16.9861132,51.1357389],[16.9861369,51.1357759]]}},{"type":"Feature","properties":{"layer":"roads"},"geometry":{"type":"LineString","coordinates":[[16.9711785,51.1303152],[16.9711638,51.1302868],[16.9711568,51.130279],[16.9711499,51.1302713],[16.971143,51.1302635],[16.9711361,51.1302558],[16.9711292,51.130248],[16.9711223,51.1302403],[16.9711168,51.1302327],[16.9711114,51.1302252],[16.9711059,51.1302176],[16.9711004,51.1302101],[16.971095,51.1302025],[16.9710895,51.130195],[16.971084,51.1301874],[16.9710786,51.1301799],[16.9710731,51.1301723],[16.9710677,51.1301643],[16.9710623,51.1301563],[16.9710569,51.1301483],[16.9710515,51.1301404],[16.971046,51.1301324],[16.9710406,51.1301244],[16.9710352,51.1301164],[16.9710298,51.1301084],[16.9710244,51.1301004],[16.971019,51.1300925],[16.9710136,51.1300845],[16.9710082,51.1300765],[16.9710028,51.1300685],[16.9709973,51.1300605],[16.9709919,51.1300525],[16.9709865,51.1300445],[16.9709811,51.1300366],[16.9709757,51.1300286],[16.9709703,51.1300206],[16.9709649,51.1300126],[16.9709595,51.1300046],[16.970954,51.1299966],[16.9709272,51.1299712]]}},{"type":"Feature","properties":{"layer":"roads"},"geometry":{"type":"LineString","coordinates":[[16.9711785,51.1303152],[16.9712118,51.1303407],[16.9712187,51.1303483],[16.9712255,51.130356],[16.9712323,51.1303636],[16.9712396,51.1303713],[16.9712469,51.1303789],[16.9712543,51.1303866],[16.9712616,51.1303942],[16.9712689,51.1304019],[16.9712762,51.1304096],[16.9712835,51.1304172],[16.9712908,51.1304249],[16.9712982,51.1304325],[16.9713055,51.1304402],[16.9713128,51.1304478],[16.9713201,51.1304555],[16.9713274,51.1304632],[16.9713347,51.1304708],[16.9713421,51.1304785],[16.9713494,51.1304861],[16.9713567,51.1304938],[16.9713642,51.1305014],[16.9713717,51.130509],[16.9713791,51.1305165],[16.9713866,51.1305241],[16.9713941,51.1305317],[16.9714016,51.1305393],[16.971409,51.1305468],[16.9714165,51.1305544],[16.971424,51.130562],[16.9714315,51.1305696],[16.9714389,51.1305771],[16.9714464,51.1305847],[16.9714539,51.1305923],[16.9714614,51.1305999],[16.9714688,51.1306074],[16.9714763,51.130615],[16.9714838,51.1306226],[16.9714913,51.1306302],[16.9714987,51.1306377],[16.9715062,51.1306453],[16.9715137,51.1306529],[16.9715214,51.1306601],[16.9715292,51.1306673],[16.9715369,51.1306746],[16.9715447,51.1306818],[16.9715524,51.130689],[16.9715602,51.1306962],[16.9715679,51.1307035],[16.9715756,51.1307107],[16.9715834,51.1307179],[16.9715911,51.1307251],[16.9715989,51.1307324],[16.9716066,51.1307396],[16.9716143,51.1307468],[16.9716221,51.130754],[16.9716298,51.1307612],[16.9716376,51.1307685],[16.9716453,51.1307757],[16.9716531,51.1307829],[16.9716608,51.1307901],[16.9716685,51.1307974],[16.9716763,51.1308046],[16.971684,51.1308118],[16.9716918,51.130819],[16.9716995,51.1308263],[16.9717073,51.1308335],[16.971715,51.1308407],[16.9717231,51.1308463],[16.9717312,51.130852],[16.9717393,51.1308576],[16.9717474,51.1308633],[16.9717555,51.1308689],[16.9717875,51.1308912]]}},{"type":"Feature","properties":{"layer":"roads"},"geometry":{"type":"LineString","coordinates":[[16.9842205,51.1359366],[16.9841764,51.1359413],[16.984164,51.1359457],[16.9841517,51.1359501],[16.9841393,51.1359545],[16.9841269,51.1359589],[16.9841146,51.1359633],[16.9841022,51.1359677],[16.984089,51.1359706],[16.9840758,51.1359736],[16.9840625,51.1359765],[16.9840493,51.1359794],[16.9840361,51.1359823],[16.9840229,51.1359853],[16.9840096,51.1359882],[16.9839964,51.1359911],[16.9839832,51.135994],[16.98397,51.135997],[16.9839568,51.1359999],[16.9839435,51.1360028],[16.9839303,51.1360057],[16.9839171,51.1360087],[16.9839039,51.1360116],[16.9838906,51.1360145],[16.9838774,51.1360174],[16.9838642,51.1360204],[16.983851,51.1360233],[16.9838378,51.1360262],[16.9838245,51.1360291],[16.9837696,51.1360339]]}},{"type":"Feature","properties":{"layer":"roads"},"geometry":{"type":"LineString","coordinates":[[16.9852301,51.1346319],[16.9852014,51.1346021],[16.9851957,51.134594],[16.98519,51.134586],[16.9851843,51.1345779],[16.9851785,51.1345698],[16.9851728,51.1345617],[16.9851671,51.1345536],[16.9851614,51.1345455],[16.9851557,51.1345374],[16.98515,51.1345293],[16.9851442,51.1345212],[16.9851385,51.1345131],[16.9851328,51.134505],[16.9851271,51.1344969],[16.9851214,51.1344888],[16.9851156,51.1344807],[16.9851099,51.1344726],[16.9851042,51.1344646],[16.9850985,51.1344565],[16.9850958,51.134427]]}},{"type":"Feature","properties":{"layer":"roads"},"geometry":{"type":"LineString","coordinates":[[16.9852301,51.1346319],[16.9852413,51.1346587],[16.985247,51.1346667],[16.9852527,51.1346747],[16.9852583,51.1346828],[16.985264,51.1346908],[16.9852697,51.1346988],[16.9852754,51.1347068],[16.985281,51.1347149],[16.9852867,51.1347229],[16.9852924,51.1347309],[16.985298,51.134739],[16.9853037,51.134747],[16.9853099,51.1347551],[16.9853162,51.1347632],[16.9853224,51.1347712],[16.9853287,51.1347793],[16.9853349,51.1347874],[16.9853411,51.1347955],[16.9853474,51.1348036],[16.9853536,51.1348116],[16.9853598,51.1348197],[16.9853661,51.1348278],[16.9853723,51.1348359],[16.9853786,51.134844],[16.9853848,51.134852],[16.985391,51.1348601],[16.9853973,51.1348682],[16.9854035,51.1348763],[16.9854098,51.1348844],[16.985416,51.1348924],[16.9854222,51.1349005],[16.9854285,51.1349086],[16.9854347,51.1349167],[16.9854409,51.1349248],[16.9854472,51.1349328],[16.9854534,51.1349409],[16.9854597,51.134949],[16.9854659,51.1349571],[16.9854721,51.1349652],[16.9854784,51.1349732],[16.9854846,51.1349813],[16.9854908,51.1349894],[16.9854971,51.1349975],[16.9855033,51.1350056],[16.9855096,51.1350136],[16.9855158,51.1350217],[16.985522,51.1350298],[16.9855283,51.1350379],[16.9855345,51.135046],[16.9855408,51.135054],[16.985547,51.1350621],[16.9855532,51.1350702],[16.9855595,51.1350783],[16.9855657,51.1350864],[16.9855719,51.1350944],[16.9855782,51.1351025],[16.9855844,51.1351106],[16.9855907,51.1351187],[16.9855969,51.1351268],[16.9856031,51.1351348],[16.9856094,51.1351429],[16.9856156,51.135151],[16.9856219,51.1351591],[16.9856281,51.1351672],[16.9856343,51.1351752],[16.9856406,51.1351833],[16.9856764,51.1352029]]}},{"type":"Feature","properties":{"layer":"roads"},"geometry":{"type":"LineString","coordinates":[[16.9856764,51.1352029],[16.9857053,51.1351731],[16.9857092,51.1351648],[16.9857131,51.1351564],[16.985717,51.135148],[16.9857209,51.1351396],[16.9857248,51.1351312],[16.9857287,51.1351229],[16.9857326,51.1351145],[16.9857365,51.1351061],[16.9857404,51.1350977],[16.9857443,51.1350893],[16.9857482,51.1350809],[16.9857521,51.1350726],[16.985756,51.1350642],[16.9857818,51.1350417]]}},{"type":"Feature","properties":{"layer":"roads"},"geometry":{"type":"LineString","coordinates":[[16.9701533,51.1313635],[16.9701025,51.1314103]]}},{"type":"Feature","properties":{"layer":"roads"},"geometry":{"type":"LineString","coordinates":[[16.980708,51.1330294],[16.9806555,51.1330389],[16.9806438,51.1330424],[16.9806322,51.1330459],[16.9806206,51.1330494],[16.9806089,51.1330529],[16.9805973,51.1330564],[16.9805841,51.133058],[16.980571,51.1330595],[16.9805578,51.1330611],[16.9805447,51.1330626],[16.9805315,51.1330642],[16.9805183,51.1330657],[16.9805052,51.1330673],[16.980492,51.1330688],[16.9804788,51.1330704],[16.9804657,51.1330719],[16.9804525,51.1330735],[16.9804394,51.133075],[16.9804262,51.1330766],[16.9804128,51.1330756],[16.9803993,51.1330745],[16.9803859,51.1330735],[16.9803724,51.1330725],[16.980359,51.1330715],[16.9803455,51.1330704],[16.9803321,51.1330694],[16.9802783,51.1330652]]}},{"type":"Feature","properties":{"layer":"roads"},"geometry":{"type":"LineString","coordinates":[[16.980708,51.1330294],[16.9807263,51.1330554],[16.9807295,51.1330639],[16.9807327,51.1330724],[16.9807359,51.133081],[16.9807391,51.1330895],[16.9807423,51.133098],[16.9807455,51.1331065],[16.9807486,51.133115],[16.9807518,51.1331235],[16.980755,51.133132],[16.9807582,51.1331405],[16.9807652,51.133148],[16.9807722,51.1331555],[16.9807793,51.133163],[16.9807863,51.1331705],[16.9807933,51.133178],[16.9808003,51.1331855],[16.9808074,51.133193],[16.9808144,51.1332005],[16.9808214,51.133208],[16.9808435,51.1332324]]}},{"type":"Feature","properties":{"layer":"roads"},"geometry":{"type":"LineString","coordinates":[[16.980708,51.1330294],[16.9807141,51.1329959],[16.9807142,51.1329875],[16.9807144,51.132979],[16.9807145,51.1329705],[16.9807147,51.132962],[16.9807169,51.1329534],[16.9807191,51.1329449],[16.9807213,51.1329363],[16.9807234,51.1329278],[16.9807256,51.1329192],[16.9807278,51.1329107],[16.98073,51.1329021],[16.9807346,51.1328939],[16.9807392,51.1328857],[16.9807438,51.1328775],[16.9807484,51.1328693],[16.980753,51.1328611],[16.9807576,51.1328528],[16.9807622,51.1328446],[16.9807668,51.1328364],[16.9807714,51.1328282],[16.980776,51.13282],[16.9807827,51.1328127],[16.9807894,51.1328053],[16.9807961,51.132798],[16.9808028,51.1327906],[16.9808096,51.1327833],[16.9808163,51.1327759],[16.980823,51.1327686],[16.9808297,51.1327612],[16.9808364,51.1327539],[16.9808431,51.1327465],[16.980852,51.1327399],[16.980861,51.1327332],[16.9808699,51.1327266],[16.9808788,51.1327199],[16.9808878,51.1327133],[16.9808967,51.1327067],[16.9809056,51.1327],[16.9809146,51.1326934],[16.9809235,51.1326867],[16.9809324,51.1326801],[16.9809414,51.1326734],[16.9809503,51.1326668],[16.9809612,51.1326617],[16.980972,51.1326567],[16.9809829,51.1326516],[16.9809937,51.1326466],[16.9810046,51.1326415],[16.9810154,51.1326365],[16.9810263,51.1326314],[16.9810371,51.1326264],[16.981048,51.1326213],[16.9810588,51.1326163],[16.9810697,51.1326112],[16.9810822,51.1326076],[16.9810947,51.132604],[16.9811071,51.1326004],[16.9811196,51.1325968],[16.9811321,51.1325932],[16.9811446,51.1325896],[16.981157,51.132586],[16.9811695,51.1325824],[16.981182,51.1325788],[16.9811945,51.1325757],[16.981207,51.1325726],[16.9812195,51.1325695],[16.981232,51.1325664],[16.9812446,51.1325633],[16.9812884,51.132559]]}},{"type":"Feature","properties":{"layer":"roads"},"geometry":{"type":"LineString","coordinates":[[16.9812884,51.132559],[16.9812334,51.1325334],[16.9812212,51.1325299],[16.9812089,51.1325263],[16.9811967,51.1325228],[16.9811845,51.1325193],[16.9811722,51.1325158],[16.98116,51.1325123],[16.9811478,51.1325088],[16.9811355,51.1325053],[16.9811233,51.1325018],[16.9811097,51.1324994],[16.9810961,51.132497],[16.9810825,51.1324946],[16.9810689,51.1324922],[16.9810553,51.1324898],[16.9810417,51.1324874],[16.981028,51.1324849],[16.9810144,51.1324825],[16.9809713,51.1324689]]}},{"type":"Feature","properties":{"layer":"roads"},"geometry":{"type":"LineString","coordinates":[[16.9829836,51.1358429],[16.9829737,51.1358036],[16.9829699,51.1357951],[16.9829662,51.1357867],[16.9829624,51.1357782],[16.9829587,51.1357698],[16.982955,51.1357613],[16.9829512,51.1357528],[16.9829475,51.1357444],[16.9829437,51.1357359],[16.98294,51.1357274],[16.9829363,51.135719],[16.982925,51.1356936],[16.982923,51.1356653]]}},{"type":"Feature","properties":{"layer":"roads"},"geometry":{"type":"LineString","coordinates":[[16.9829836,51.1358429],[16.9830389,51.1358768],[16.9830496,51.1358823],[16.9830603,51.1358879],[16.983071,51.1358935],[16.9830817,51.1358991],[16.9830924,51.1359047],[16.9831025,51.1359105],[16.9831125,51.1359164],[16.9831226,51.1359222],[16.9831326,51.1359281],[16.9831427,51.1359339],[16.9831527,51.1359398],[16.9831628,51.1359456],[16.9831728,51.1359515],[16.9831829,51.1359573],[16.9831929,51.1359632],[16.983203,51.135969],[16.983213,51.1359749],[16.9832231,51.1359807],[16.9832333,51.1359862],[16.9832436,51.1359918],[16.9832539,51.1359973],[16.9832641,51.1360028],[16.9832743,51.1360084],[16.9832846,51.1360139],[16.9832949,51.1360194],[16.9833051,51.136025],[16.9833153,51.1360305],[16.9833256,51.136036],[16.9833358,51.1360416],[16.9833461,51.1360471],[16.9833597,51.1360493],[16.9833733,51.1360514],[16.9833869,51.1360536],[16.9834005,51.1360558],[16.983414,51.1360579],[16.9834276,51.1360601],[16.9834412,51.1360623],[16.9834548,51.1360644],[16.9834684,51.1360666],[16.983482,51.1360687],[16.9835309,51.1360851]]}},{"type":"Feature","properties":{"layer":"roads"},"geometry":{"type":"LineString","coordinates":[[16.9829836,51.1358429],[16.9829947,51.1358903],[16.9829944,51.1358992],[16.9829941,51.1359082],[16.9829937,51.1359172],[16.9829934,51.1359261],[16.982993,51.1359351],[16.9829927,51.1359441],[16.9829924,51.135953],[16.982992,51.135962],[16.9829917,51.135971],[16.9829913,51.1359799],[16.982991,51.1359889],[16.9829907,51.1359979],[16.9829903,51.1360069],[16.98299,51.1360158],[16.9829897,51.1360248],[16.9829893,51.1360338],[16.982989,51.1360427],[16.9829886,51.1360517],[16.9829883,51.1360607],[16.982988,51.1360696],[16.9829876,51.1360786],[16.9829873,51.1360876],[16.9829869,51.1360965],[16.9829866,51.1361055],[16.9829856,51.1361134],[16.9829846,51.1361212],[16.9829836,51.1361291],[16.9829825,51.1361369],[16.9829815,51.1361448],[16.9829805,51.1361526],[16.9829795,51.1361605],[16.9829773,51.1361685],[16.982975,51.1361766],[16.9829728,51.1361846],[16.9829705,51.1361926],[16.9829683,51.1362007],[16.982966,51.1362087],[16.9829638,51.1362167],[16.9829615,51.1362248],[16.9829593,51.1362328],[16.9829561,51.1362408],[16.9829528,51.1362488],[16.9829496,51.1362568],[16.9829464,51.1362647],[16.9829432,51.1362727],[16.9829399,51.1362807],[16.9829367,51.1362887],[16.9829354,51.1362968],[16.9829349,51.1363286]]}},{"type":"Feature","properties":{"layer":"roads"},"geometry":{"type":"LineString","coordinates":[[16.9689228,51.1347003],[16.9689575,51.1347329],[16.9689874,51.1347543],[16.9689967,51.1347607],[16.9690059,51.1347672],[16.9690151,51.1347737],[16.9690243,51.1347802],[16.9690336,51.1347866],[16.9690428,51.1347931],[16.969052,51.1347996],[16.9690613,51.134806],[16.9690982,51.1348319]]}},{"type":"Feature","properties":{"layer":"roads"},"geometry":{"type":"LineString","coordinates":[[16.9689228,51.1347003],[16.9689703,51.1347156],[16.9689802,51.1347093],[16.9689901,51.1347029],[16.969,51.1346965],[16.9690098,51.1346901],[16.9690197,51.1346838],[16.9690296,51.1346774],[16.9690395,51.134671],[16.9690494,51.1346646],[16.9690593,51.1346583],[16.9690692,51.1346519],[16.9690791,51.1346455],[16.969089,51.1346391],[16.9690989,51.1346328],[16.9691087,51.1346264],[16.9691186,51.13462],[16.9691285,51.1346136],[16.9691384,51.1346073],[16.9691483,51.1346009],[16.9691582,51.1345945],[16.9691681,51.1345881],[16.969178,51.1345818],[16.9691879,51.1345754],[16.9691978,51.134569],[16.9692076,51.1345626],[16.9692175,51.1345562],[16.9692274,51.1345499],[16.9692373,51.1345435],[16.9692472,51.1345371],[16.9692571,51.1345307],[16.969267,51.1345244],[16.9692769,51.134518],[16.9692868,51.1345116],[16.9692967,51.1345052],[16.9693065,51.1344989],[16.9693164,51.1344925],[16.9693263,51.1344861],[16.9693362,51.1344797],[16.9693461,51.1344734],[16.969356,51.134467],[16.9693659,51.1344606],[16.9693758,51.1344542],[16.9693857,51.1344479],[16.9693956,51.1344415],[16.9694054,51.1344351],[16.9694153,51.1344287],[16.9694252,51.1344223],[16.9694351,51.134416],[16.969445,51.1344096],[16.9694549,51.1344032],[16.9694648,51.1343968],[16.9694747,51.1343905],[16.9694846,51.1343841],[16.9694945,51.1343777],[16.9695043,51.1343713],[16.9695142,51.134365],[16.9695241,51.1343586],[16.969534,51.1343522],[16.9695439,51.1343458],[16.9695538,51.1343395],[16.9695637,51.1343331],[16.9695736,51.1343267],[16.9695835,51.1343203],[16.9695934,51.134314],[16.9696032,51.1343076],[16.969657,51.1342736]]}},{"type":"Feature","properties":{"layer":"roads"},"geometry":{"type":"LineString","coordinates":[[16.969657,51.1342736],[16.9696427,51.1343283],[16.969641,51.134337],[16.9696393,51.1343458],[16.9696376,51.1343546],[16.969636,51.1343633],[16.9696343,51.1343721],[16.9696326,51.1343808],[16.9696309,51.1343896],[16.9696293,51.1343984],[16.9696276,51.1344071],[16.9696259,51.1344159],[16.9696242,51.1344246],[16.9696226,51.1344334],[16.9696209,51.1344422],[16.9696192,51.1344509],[16.9696175,51.1344597],[16.9696159,51.1344684],[16.9696142,51.1344772],[16.9696125,51.134486],[16.9696108,51.1344947],[16.9696092,51.1345035],[16.9696075,51.1345123],[16.9696028,51.1345368],[16.9695907,51.1345536],[16.9695805,51.1345598],[16.9695704,51.1345661],[16.9695603,51.1345724],[16.9695501,51.1345787],[16.96954,51.1345849],[16.9695299,51.1345912],[16.9695197,51.1345975],[16.9695096,51.1346038],[16.9694995,51.13461],[16.9694893,51.1346163],[16.9694792,51.1346226],[16.9694691,51.1346289],[16.9694589,51.1346351],[16.9694488,51.1346414],[16.9694387,51.1346477],[16.9694285,51.134654],[16.9694184,51.1346602],[16.9694083,51.1346665],[16.9693981,51.1346728],[16.969388,51.1346791],[16.9693779,51.1346853],[16.9693677,51.1346916],[16.9693576,51.1346979],[16.9693475,51.1347041],[16.9693373,51.1347104],[16.9693272,51.1347167],[16.9693171,51.134723],[16.9693069,51.1347292],[16.9692968,51.1347355],[16.9692867,51.1347418],[16.9692765,51.1347481],[16.9692664,51.1347543],[16.9692563,51.1347606],[16.9692461,51.1347669],[16.969236,51.1347732],[16.9692259,51.1347794],[16.9692157,51.1347857],[16.9691752,51.1348108]]}},{"type":"Feature","properties":{"layer":"roads"},"geometry":{"type":"LineString","coordinates":[[16.9669744,51.1314121],[16.966961,51.1314392],[16.9669625,51.1314476],[16.966964,51.1314561],[16.9669655,51.1314646],[16.966967,51.131473],[16.9669685,51.1314815],[16.9669705,51.1314903],[16.9669725,51.1314992],[16.9669745,51.1315081],[16.9669765,51.1315169],[16.9669785,51.1315258],[16.9669805,51.1315346],[16.9669825,51.1315435],[16.9669845,51.1315523],[16.9669865,51.1315612],[16.9669885,51.13157],[16.9669905,51.1315788],[16.9669925,51.1315877],[16.9669945,51.1315965],[16.9669965,51.1316054],[16.9669985,51.1316142],[16.9670005,51.1316231],[16.9670025,51.1316319],[16.9670045,51.1316408],[16.9670065,51.1316496],[16.9670085,51.1316585],[16.9670126,51.1316671],[16.9670167,51.1316756],[16.9670208,51.1316842],[16.9670249,51.1316927],[16.967029,51.1317013],[16.9670331,51.1317098],[16.9670372,51.1317184],[16.9670413,51.1317269],[16.9670454,51.1317355],[16.9670495,51.131744],[16.9670536,51.1317526],[16.9670577,51.1317611],[16.9670618,51.1317697],[16.9670659,51.1317783],[16.96707,51.1317868],[16.9670741,51.1317954],[16.9670782,51.1318039],[16.9670823,51.1318125],[16.9670864,51.131821],[16.9670906,51.1318296],[16.9670947,51.1318381],[16.9670988,51.1318467],[16.9671029,51.1318552],[16.967107,51.1318638],[16.9671111,51.1318723],[16.9671152,51.1318809],[16.9671193,51.1318895],[16.9671234,51.131898],[16.9671275,51.1319066],[16.9671316,51.1319151],[16.9671357,51.1319237],[16.9671398,51.1319322],[16.9671439,51.1319408],[16.967148,51.1319493],[16.9671521,51.1319579],[16.9671562,51.1319664],[16.9671603,51.131975],[16.9671644,51.1319835],[16.9671902,51.1320235]]}},{"type":"Feature","properties":{"layer":"roads"},"geometry":{"type":"LineString","coordinates":[[16.9669744,51.1314121],[16.9669554,51.1313872],[16.966949,51.1313714],[16.9669445,51.131346],[16.966943,51.1313375],[16.9669415,51.131329],[16.96694,51.1313205],[16.9669384,51.131312],[16.9669369,51.1313035],[16.9669354,51.131295],[16.9669289,51.1312654]]}},{"type":"Feature","properties":{"layer":"roads"},"geometry":{"type":"LineString","coordinates":[[16.9669744,51.1314121],[16.9670173,51.1314288],[16.9670256,51.1314349],[16.9670322,51.1314426],[16.9670388,51.1314503],[16.9670454,51.131458],[16.967052,51.1314658],[16.9670586,51.1314735],[16.9670652,51.1314812],[16.9670718,51.1314889],[16.9670783,51.1314966],[16.9670849,51.1315043],[16.9670915,51.131512],[16.9670981,51.1315198],[16.9671047,51.1315275],[16.9671113,51.1315352],[16.9671179,51.1315429],[16.9671253,51.1315503],[16.9671328,51.1315578],[16.9671402,51.1315653],[16.9671477,51.1315727],[16.9671551,51.1315801],[16.9671625,51.1315876],[16.96717,51.1315951],[16.9671774,51.1316025],[16.9671849,51.1316099],[16.9671923,51.1316174],[16.9671997,51.1316249],[16.9672072,51.1316323],[16.9672146,51.1316398],[16.967222,51.1316472],[16.9672429,51.1316681],[16.967259,51.1316845],[16.9672662,51.1316921],[16.9672734,51.1316996],[16.9672806,51.1317072],[16.9672879,51.1317147],[16.9672951,51.1317222],[16.9673023,51.1317298],[16.9673095,51.1317373],[16.9673152,51.1317453],[16.9673209,51.1317532],[16.9673266,51.1317612],[16.9673323,51.1317691],[16.967338,51.1317771],[16.9673436,51.1317851],[16.9673493,51.131793],[16.967355,51.131801],[16.9673607,51.1318089],[16.9673664,51.1318169],[16.9673721,51.1318249],[16.9673778,51.1318328],[16.9673835,51.1318408],[16.9673892,51.1318487],[16.9673949,51.1318567],[16.9674006,51.1318646],[16.9674062,51.1318726],[16.9674119,51.1318806],[16.9674176,51.1318885],[16.9674233,51.1318965],[16.967429,51.1319044],[16.9674347,51.1319124],[16.9674367,51.1319198],[16.9674387,51.1319272],[16.9674407,51.1319346],[16.9674427,51.131942],[16.9674403,51.1319497],[16.9674378,51.1319573],[16.9674354,51.131965],[16.967433,51.1319726],[16.9674306,51.1319803],[16.9674281,51.1319879],[16.9674257,51.1319956],[16.9674256,51.1320045],[16.9674254,51.1320134],[16.9674253,51.1320223],[16.9674252,51.1320312],[16.967425,51.1320402],[16.9674249,51.1320491],[16.9674248,51.132058],[16.9674247,51.1320669],[16.9674245,51.1320758],[16.9674456,51.1321072]]}},{"type":"Feature","properties":{"layer":"roads"},"geometry":{"type":"LineString","coordinates":[[16.9775927,51.1324099],[16.9776488,51.1324077],[16.9776619,51.1324065],[16.977713,51.1323993]]}},{"type":"Feature","properties":{"layer":"roads"},"geometry":{"type":"LineString","coordinates":[[16.9834489,51.1352364],[16.9834734,51.1352621],[16.9834787,51.1352698],[16.9834841,51.1352776],[16.9834894,51.1352853],[16.9834948,51.1352931],[16.9835002,51.1353009],[16.9835055,51.1353086],[16.9835109,51.1353164],[16.9835187,51.1353238],[16.9835264,51.1353313],[16.9835342,51.1353387],[16.983542,51.1353462],[16.9835497,51.1353536],[16.9835575,51.1353611],[16.9835653,51.1353685],[16.983573,51.135376],[16.9835808,51.1353834],[16.9835886,51.1353909],[16.9835963,51.1353983],[16.9836041,51.1354057],[16.9836119,51.1354132],[16.9836197,51.1354206],[16.9836274,51.1354281],[16.9836352,51.1354355],[16.983643,51.135443],[16.9836507,51.1354504],[16.9836585,51.1354579],[16.9836663,51.1354653],[16.983674,51.1354728],[16.9836818,51.1354802],[16.9836905,51.1354873],[16.9836992,51.1354943],[16.9837078,51.1355014],[16.9837165,51.1355084],[16.9837252,51.1355155],[16.9837339,51.1355226],[16.9837426,51.1355296],[16.9837513,51.1355367],[16.9837599,51.1355437],[16.9837686,51.1355508],[16.9837773,51.1355579],[16.983786,51.1355649],[16.9837947,51.135572],[16.9838034,51.1355791],[16.9838121,51.1355861],[16.9838207,51.1355932],[16.9838294,51.1356002],[16.9838381,51.1356073],[16.9838479,51.1356137],[16.9838578,51.1356201],[16.9838676,51.1356264],[16.9838774,51.1356328],[16.9838873,51.1356392],[16.9838971,51.1356456],[16.983907,51.135652],[16.9839168,51.1356584],[16.9839502,51.1356871]]}},{"type":"Feature","properties":{"layer":"roads"},"geometry":{"type":"LineString","coordinates":[[16.9834489,51.1352364],[16.9834182,51.1352598],[16.9834098,51.135267],[16.9834014,51.1352742],[16.9833929,51.1352815],[16.9833845,51.1352887],[16.9833761,51.1352959],[16.9833677,51.1353031],[16.9833593,51.1353103],[16.9833508,51.1353175],[16.9833424,51.1353247],[16.983334,51.1353319],[16.9833256,51.1353391],[16.9833171,51.1353463],[16.9833087,51.1353535],[16.9833003,51.1353607],[16.9832919,51.135368],[16.9832835,51.1353752],[16.983275,51.1353824],[16.9832666,51.1353896],[16.9832582,51.1353968],[16.9832498,51.135404],[16.9832413,51.1354112],[16.9832329,51.1354184],[16.9832245,51.1354256],[16.9832161,51.1354328],[16.9832077,51.13544],[16.9831992,51.1354472],[16.9831908,51.1354544],[16.9831824,51.1354617],[16.983174,51.1354689],[16.9831655,51.1354761],[16.9831571,51.1354833],[16.9831487,51.1354905],[16.9831403,51.1354977],[16.9831319,51.1355049],[16.9831234,51.1355121],[16.983115,51.1355193],[16.9831066,51.1355265],[16.9830982,51.1355337],[16.9830897,51.1355409],[16.9830813,51.1355481],[16.9830729,51.1355554],[16.9830645,51.1355626],[16.9830561,51.1355698],[16.9830476,51.135577],[16.9830392,51.1355842],[16.9830308,51.1355914],[16.9830224,51.1355986],[16.9830139,51.1356058],[16.9830055,51.135613],[16.9829971,51.1356202],[16.9829887,51.1356274],[16.9829803,51.1356346],[16.9829718,51.1356419],[16.9829634,51.1356491],[16.982923,51.1356653]]}},{"type":"Feature","properties":{"layer":"roads"},"geometry":{"type":"LineString","coordinates":[[16.9776526,51.1333869],[16.9775999,51.1333812],[16.9775842,51.1333782],[16.9775211,51.1333731]]}},{"type":"Feature","properties":{"layer":"roads"},"geometry":{"type":"LineString","coordinates":[[16.9776526,51.1333869],[16.9776958,51.1333735],[16.9777097,51.1333732],[16.9777235,51.1333728],[16.9777373,51.1333724],[16.9777511,51.133372],[16.9777649,51.1333716],[16.9777787,51.1333712],[16.9777926,51.1333708],[16.9778064,51.1333704],[16.9778202,51.13337],[16.977834,51.1333696],[16.9778482,51.133369],[16.9778624,51.1333683],[16.9778766,51.1333677],[16.9778909,51.1333671],[16.9779051,51.1333664],[16.9779193,51.1333658],[16.9779335,51.1333652],[16.9779477,51.1333646],[16.9779619,51.1333639],[16.9779761,51.1333633],[16.9779904,51.1333627],[16.9780046,51.133362],[16.9780188,51.1333614],[16.978033,51.1333608],[16.9780472,51.1333601],[16.9780614,51.1333595],[16.9780756,51.1333589],[16.9780898,51.1333582],[16.9781041,51.1333576],[16.9781183,51.133357],[16.9781325,51.1333563],[16.9781467,51.1333557],[16.9781609,51.1333551],[16.9781751,51.1333545],[16.9781893,51.1333538],[16.9782036,51.1333532],[16.9782178,51.1333526],[16.978232,51.1333519],[16.9782462,51.1333513],[16.9782604,51.1333509],[16.9782745,51.1333505],[16.9782887,51.1333501],[16.9783028,51.1333497],[16.978317,51.1333493],[16.9783311,51.133349],[16.9783453,51.1333486],[16.9783594,51.1333482],[16.9783736,51.1333478],[16.9783877,51.1333474],[16.9784019,51.133347],[16.9784161,51.1333466],[16.9784302,51.1333462],[16.9784444,51.1333458],[16.9784585,51.1333454],[16.9784727,51.133345],[16.9784868,51.1333447],[16.978501,51.1333443],[16.9785151,51.1333439],[16.9785645,51.1333425]]}},{"type":"Feature","properties":{"layer":"roads"},"geometry":{"type":"LineString","coordinates":[[16.9776526,51.1333869],[16.977671,51.1334115],[16.9776812,51.1334177],[16.9776913,51.1334239],[16.9777014,51.1334302],[16.9777116,51.1334364],[16.9777217,51.1334426],[16.9777319,51.1334488],[16.977742,51.1334551],[16.9777522,51.1334613],[16.9777623,51.1334675],[16.9777724,51.1334737],[16.9777826,51.13348],[16.9777927,51.1334862],[16.9778029,51.1334924],[16.977813,51.1334986],[16.9778231,51.1335049],[16.9778333,51.1335111],[16.9778434,51.1335173],[16.9778536,51.1335235],[16.9778637,51.1335298],[16.9778738,51.133536],[16.977884,51.1335422],[16.9778941,51.1335484],[16.9779043,51.1335547],[16.9779144,51.1335609],[16.9779246,51.1335671],[16.9779347,51.1335733],[16.9779448,51.1335796],[16.977955,51.1335858],[16.9779651,51.133592],[16.9779753,51.1335982],[16.9779854,51.1336045],[16.9779955,51.1336107],[16.9780057,51.1336169],[16.9780158,51.1336231],[16.978026,51.1336294],[16.9780361,51.1336356],[16.9780462,51.1336418],[16.9780564,51.133648],[16.9780665,51.1336543],[16.9780767,51.1336605],[16.9780868,51.1336667],[16.978097,51.1336729],[16.9781071,51.1336792],[16.9781172,51.1336854],[16.9781505,51.1337127]]}},{"type":"Feature","properties":{"layer":"roads"},"geometry":{"type":"LineString","coordinates":[[16.9785645,51.1333425],[16.9785661,51.1333755],[16.9785682,51.1333837],[16.9785703,51.1333918],[16.9785724,51.1334],[16.9785745,51.1334082],[16.9785809,51.1334328],[16.9785807,51.1334605]]}},{"type":"Feature","properties":{"layer":"roads"},"geometry":{"type":"LineString","coordinates":[[16.9868389,51.129886],[16.9867973,51.129874],[16.9867839,51.1298711],[16.9867705,51.1298681],[16.9867571,51.1298652],[16.9867437,51.1298623],[16.9867302,51.1298593],[16.9867168,51.1298564],[16.9867034,51.1298534],[16.98669,51.1298505],[16.9866793,51.1298448],[16.9866686,51.1298391],[16.9866613,51.1298324],[16.986654,51.1298257],[16.9866468,51.1298189],[16.9866395,51.1298122],[16.986632,51.1298052],[16.9866246,51.1297981],[16.9866172,51.1297911],[16.986601,51.1297611]]}},{"type":"Feature","properties":{"layer":"roads"},"geometry":{"type":"LineString","coordinates":[[16.9868389,51.129886],[16.9868266,51.1299153],[16.9868171,51.129922],[16.9868077,51.1299286],[16.9867982,51.1299353],[16.9867888,51.1299419],[16.9867793,51.1299486],[16.9867698,51.1299552],[16.9867604,51.1299619],[16.9867509,51.1299685],[16.9867415,51.1299751],[16.986732,51.1299818],[16.9867226,51.1299884],[16.9867131,51.1299951],[16.9867037,51.1300017],[16.9866942,51.1300084],[16.9866808,51.1300071],[16.9866674,51.1300058],[16.986654,51.1300044],[16.9866406,51.1300031],[16.9866271,51.1300018],[16.9866137,51.1300005],[16.9866003,51.1299991],[16.9865869,51.1299978],[16.9865735,51.1299965],[16.9865601,51.1299952],[16.9865467,51.1299939],[16.9865333,51.1299925],[16.9865199,51.1299912],[16.9865064,51.1299899],[16.986493,51.1299886],[16.9864796,51.1299872],[16.9864662,51.1299859],[16.9864528,51.1299846],[16.986439,51.1299862],[16.9864252,51.1299877],[16.9864114,51.1299893],[16.9863976,51.1299909],[16.9863837,51.1299924],[16.9863699,51.129994],[16.9863561,51.1299956],[16.9863423,51.1299971],[16.9863285,51.1299987],[16.9863147,51.1300003],[16.9863009,51.1300018],[16.9862871,51.1300034],[16.9862733,51.130005],[16.9862594,51.1300065],[16.9862456,51.1300081],[16.9862318,51.1300097],[16.986218,51.1300112],[16.9862042,51.1300128],[16.9861926,51.1300144],[16.986181,51.1300159],[16.9861693,51.1300175],[16.9861577,51.130019],[16.9861461,51.1300206],[16.9861323,51.1300225],[16.9861185,51.1300243],[16.9861046,51.1300262],[16.9860908,51.1300281],[16.986077,51.1300299],[16.9860632,51.1300318],[16.9860494,51.1300336],[16.9859941,51.1300411]]}},{"type":"Feature","properties":{"layer":"roads"},"geometry":{"type":"LineString","coordinates":[[16.9755649,51.1341626],[16.9756065,51.1341905],[16.9756157,51.1341966],[16.9756248,51.1342027],[16.9756339,51.1342088],[16.975643,51.1342149],[16.9756521,51.134221],[16.9756612,51.1342271],[16.9756725,51.1342325],[16.9756837,51.1342378],[16.975695,51.1342432],[16.9757063,51.1342485],[16.9757175,51.1342539],[16.9757288,51.1342593],[16.97574,51.1342646],[16.9757513,51.13427],[16.9757623,51.1342742],[16.9757733,51.1342784],[16.9757843,51.1342826],[16.9757953,51.1342868],[16.9758062,51.134291],[16.975851,51.1343074]]}},{"type":"Feature","properties":{"layer":"roads"},"geometry":{"type":"LineString","coordinates":[[16.9755649,51.1341626],[16.975553,51.1341987],[16.9755466,51.1342066],[16.9755403,51.1342145],[16.9755339,51.1342224],[16.9755275,51.1342303],[16.9755177,51.1342356],[16.975508,51.1342409],[16.9754982,51.1342463],[16.9754885,51.1342516],[16.9754494,51.1342729]]}},{"type":"Feature","properties":{"layer":"roads"},"geometry":{"type":"LineString","coordinates":[[16.9755649,51.1341626],[16.9755916,51.1341353],[16.975597,51.1341276],[16.9756024,51.1341199],[16.9756078,51.1341122],[16.9756132,51.1341045],[16.9756186,51.1340968],[16.9756239,51.1340891],[16.9756293,51.1340814],[16.9756347,51.1340737],[16.9756403,51.1340655],[16.9756459,51.1340573],[16.9756515,51.1340491],[16.9756571,51.1340409],[16.9756626,51.1340327],[16.9756682,51.1340245],[16.9756738,51.1340163],[16.9756794,51.1340081],[16.975685,51.134],[16.9756906,51.1339918],[16.9756962,51.1339836],[16.9757017,51.1339754],[16.9757073,51.1339672],[16.9757129,51.133959],[16.9757185,51.1339508],[16.9757241,51.1339426],[16.97573,51.1339348],[16.9757359,51.133927],[16.9757418,51.1339192],[16.9757478,51.1339114],[16.9757537,51.1339036],[16.9757596,51.1338958],[16.9757655,51.133888],[16.9757714,51.1338801],[16.9757773,51.1338723],[16.9757832,51.1338645],[16.9757892,51.1338567],[16.9757951,51.1338489],[16.975801,51.1338411],[16.9758069,51.1338333],[16.9758122,51.1338254],[16.9758175,51.1338174],[16.9758228,51.1338095],[16.975828,51.1338016],[16.9758333,51.1337937],[16.9758386,51.1337857],[16.9758439,51.1337778],[16.9758492,51.1337699],[16.9758545,51.1337619],[16.9758598,51.133754],[16.975865,51.1337461],[16.9758703,51.1337382],[16.9758756,51.1337302],[16.9758809,51.1337223],[16.9758852,51.1337142],[16.9758896,51.1337062],[16.9758939,51.1336981],[16.9758982,51.13369],[16.9759026,51.1336819],[16.9759069,51.1336739],[16.9759112,51.1336658],[16.9759156,51.1336577],[16.9759199,51.1336497],[16.9759243,51.1336416],[16.9759472,51.1336115]]}},{"type":"Feature","properties":{"layer":"roads"},"geometry":{"type":"LineString","coordinates":[[16.9755649,51.1341626],[16.9755365,51.1341385],[16.9755281,51.1341316],[16.9755198,51.1341247],[16.9755114,51.1341179],[16.975503,51.134111],[16.9754946,51.1341041],[16.9754862,51.1340972],[16.9754778,51.1340903],[16.9754694,51.1340834],[16.9754613,51.1340765],[16.9754531,51.1340697],[16.975445,51.1340628],[16.9754369,51.1340559],[16.9754288,51.134049],[16.9754206,51.1340422],[16.9754125,51.1340353],[16.9754059,51.1340278],[16.9753992,51.1340203],[16.9753926,51.1340128],[16.9753859,51.1340053],[16.9753792,51.1339977],[16.9753726,51.1339902],[16.975366,51.1339827],[16.9753593,51.1339752],[16.9753529,51.1339684],[16.9753465,51.1339616],[16.9753402,51.1339548],[16.9753338,51.1339479],[16.9753274,51.1339411],[16.975321,51.1339343],[16.975316,51.1339261],[16.975311,51.133918],[16.975306,51.1339098],[16.975301,51.1339017],[16.975296,51.1338935],[16.9752909,51.1338853],[16.9752859,51.1338772],[16.9752809,51.133869],[16.9752759,51.1338609],[16.9752709,51.1338527],[16.9752659,51.1338446],[16.9752609,51.1338364],[16.9752538,51.1338123],[16.9752452,51.1337968],[16.9752212,51.1337712]]}},{"type":"Feature","properties":{"layer":"roads"},"geometry":{"type":"LineString","coordinates":[[16.9759472,51.1336115],[16.9759034,51.1335842],[16.9758938,51.1335779],[16.9758843,51.1335716],[16.9758747,51.1335653],[16.9758651,51.133559],[16.9758556,51.1335528],[16.975846,51.1335465],[16.9758365,51.1335402],[16.9758269,51.1335339],[16.9758185,51.1335272],[16.9758101,51.1335205],[16.9758018,51.1335138],[16.9757934,51.1335071],[16.975785,51.1335003],[16.9757766,51.1334936],[16.9757683,51.1334869],[16.9757599,51.1334802],[16.9757515,51.1334735],[16.9757451,51.1334663],[16.9757388,51.133459],[16.9757324,51.1334518],[16.975726,51.1334446],[16.9757196,51.1334373],[16.9757132,51.1334301],[16.9757069,51.1334228],[16.9757005,51.1334156],[16.9756947,51.1334077],[16.9756889,51.1333998],[16.975683,51.1333918],[16.9756772,51.1333839],[16.9756714,51.133376],[16.9756656,51.1333681],[16.9756597,51.1333601],[16.9756539,51.1333522],[16.9756481,51.1333443],[16.9756407,51.133337],[16.9756334,51.1333297],[16.975626,51.1333224],[16.9756187,51.1333152],[16.9755865,51.1332884]]}},{"type":"Feature","properties":{"layer":"roads"},"geometry":{"type":"LineString","coordinates":[[16.9759472,51.1336115],[16.9759588,51.1335752],[16.9759631,51.1335667],[16.9759675,51.1335581],[16.9759718,51.1335496],[16.9759761,51.1335411],[16.9759804,51.1335325],[16.9759847,51.133524],[16.975989,51.1335155],[16.9759933,51.133507],[16.9759976,51.1334984],[16.9760019,51.1334899],[16.9760062,51.1334814],[16.9760106,51.1334728],[16.9760149,51.1334643],[16.9760192,51.1334558],[16.9760235,51.1334473],[16.9760278,51.1334387],[16.9760321,51.1334302],[16.9760366,51.1334217],[16.9760411,51.1334132],[16.9760457,51.1334047],[16.9760502,51.1333962],[16.9760547,51.1333876],[16.9760592,51.1333791],[16.9760638,51.1333706],[16.9760683,51.1333621],[16.9760728,51.1333536],[16.9760773,51.1333451],[16.9760818,51.1333366],[16.9760864,51.1333281],[16.9760909,51.1333196],[16.9760954,51.133311],[16.9760999,51.1333025],[16.9761045,51.133294],[16.976109,51.1332855],[16.9760887,51.133258]]}},{"type":"Feature","properties":{"layer":"roads"},"geometry":{"type":"LineString","coordinates":[[16.9836821,51.1330394],[16.9836455,51.1330241],[16.9836357,51.133018],[16.9836258,51.1330118],[16.983616,51.1330057],[16.9836062,51.1329995],[16.9835963,51.1329933],[16.983563,51.1329654]]}},{"type":"Feature","properties":{"layer":"roads"},"geometry":{"type":"LineString","coordinates":[[16.9836821,51.1330394],[16.9837082,51.133017],[16.9837141,51.133009],[16.9837199,51.1330011],[16.9837258,51.1329931],[16.9837316,51.1329852],[16.9837375,51.1329772],[16.9837433,51.1329693],[16.9837601,51.1329362]]}},{"type":"Feature","properties":{"layer":"roads"},"geometry":{"type":"LineString","coordinates":[[16.9793509,51.1307392],[16.9793283,51.1307122],[16.9793182,51.1307059],[16.9793081,51.1306997],[16.979298,51.1306934],[16.9792879,51.1306871],[16.9792779,51.1306809],[16.9792678,51.1306746],[16.9792577,51.1306683],[16.9792476,51.1306621],[16.9792375,51.1306558],[16.9792347,51.1306477],[16.9792319,51.1306396],[16.9792291,51.1306315],[16.9792264,51.1306235],[16.9792236,51.1306154],[16.9792208,51.1306073],[16.9792136,51.1305796]]}},{"type":"Feature","properties":{"layer":"roads"},"geometry":{"type":"LineString","coordinates":[[16.9768678,51.1346373],[16.9769696,51.1346459]]}},{"type":"Feature","properties":{"layer":"roads"},"geometry":{"type":"LineString","coordinates":[[16.9768678,51.1346373],[16.9768695,51.1346733],[16.9768687,51.1346815],[16.9768679,51.1346898],[16.9768671,51.134698],[16.976864,51.134731]]}},{"type":"Feature","properties":{"layer":"roads"},"geometry":{"type":"LineString","coordinates":[[16.9768678,51.1346373],[16.9768192,51.1346156],[16.9767906,51.1345888]]}},{"type":"Feature","properties":{"layer":"roads"},"geometry":{"type":"LineString","coordinates":[[16.9797639,51.1287187],[16.9797929,51.128695],[16.9798056,51.1286911],[16.9798183,51.1286871],[16.9798311,51.1286832],[16.9798438,51.1286793],[16.9798566,51.1286754],[16.9798693,51.1286715],[16.979882,51.1286675],[16.9798948,51.1286636],[16.9799075,51.1286597],[16.9799202,51.1286558],[16.979933,51.1286519],[16.9799457,51.128648],[16.9799584,51.128644],[16.9799712,51.1286401],[16.9799839,51.1286362],[16.9799966,51.1286323],[16.9800094,51.1286284],[16.9800221,51.1286245],[16.9800348,51.1286206],[16.9800476,51.1286166],[16.9800603,51.1286127],[16.980073,51.1286088],[16.9800858,51.1286049],[16.9800985,51.128601],[16.9801113,51.128597],[16.980124,51.1285931],[16.9801367,51.1285892],[16.9801495,51.1285853],[16.9801622,51.1285814],[16.9801749,51.1285775],[16.9801877,51.1285735],[16.9802004,51.1285696],[16.9802131,51.1285657],[16.9802259,51.1285618],[16.9802386,51.1285579],[16.9802513,51.128554],[16.9802641,51.1285501],[16.9802768,51.1285461],[16.9802895,51.1285422],[16.9803023,51.1285383],[16.980315,51.1285344],[16.9803277,51.1285305],[16.9803405,51.1285266],[16.9803532,51.1285226],[16.9803659,51.1285187],[16.9803787,51.1285148],[16.9803914,51.1285109],[16.9804042,51.128507],[16.9804169,51.128503],[16.9804296,51.1284991],[16.9804424,51.1284952],[16.9804551,51.1284913],[16.9804678,51.1284874],[16.9804806,51.1284835],[16.9805315,51.1284678]]}},{"type":"Feature","properties":{"layer":"roads"},"geometry":{"type":"LineString","coordinates":[[16.9822884,51.1352575],[16.9822295,51.1352433],[16.982216,51.1352444],[16.9822024,51.1352455],[16.9821889,51.1352466],[16.9821754,51.1352477],[16.9821618,51.1352488],[16.9821483,51.1352498],[16.9821348,51.1352509],[16.9821213,51.135252],[16.9821077,51.1352531],[16.9820942,51.1352542],[16.9820807,51.1352553],[16.9820316,51.1352593]]}},{"type":"Feature","properties":{"layer":"roads"},"geometry":{"type":"LineString","coordinates":[[16.9827407,51.1363809],[16.9827067,51.1364023],[16.9827,51.1364101],[16.9826933,51.1364179],[16.9826865,51.1364258],[16.9826798,51.1364336],[16.9826731,51.1364415],[16.9826664,51.1364493],[16.9826596,51.1364571],[16.9826529,51.136465],[16.9826462,51.1364728],[16.9826388,51.1364804],[16.9826314,51.1364879],[16.982624,51.1364955],[16.9826166,51.1365031],[16.9826092,51.1365106],[16.9826017,51.1365182],[16.9825943,51.1365257],[16.9825869,51.1365333],[16.9825795,51.1365409],[16.9825721,51.1365484],[16.9825647,51.136556],[16.9825559,51.1365614],[16.9825471,51.1365669],[16.9825383,51.1365723],[16.9825294,51.1365777],[16.9825206,51.1365831],[16.9825118,51.1365886],[16.982503,51.136594],[16.9824894,51.1365968],[16.9824759,51.1365996],[16.9824623,51.1366023],[16.9824488,51.1366051],[16.9824352,51.1366079],[16.9824216,51.1366107],[16.9824081,51.1366135],[16.9823945,51.1366162],[16.982381,51.136619],[16.9823674,51.1366218],[16.9823544,51.136624],[16.9823413,51.1366262],[16.9823283,51.1366285],[16.9823152,51.1366307],[16.9823022,51.1366329],[16.982288,51.1366337],[16.9822738,51.1366345],[16.9822596,51.1366353],[16.9822453,51.1366361],[16.9822311,51.1366369],[16.9822169,51.1366377],[16.9822027,51.1366385],[16.9821885,51.1366393],[16.9821743,51.1366401],[16.9821601,51.1366409],[16.9821458,51.1366417],[16.9821316,51.1366425],[16.9821174,51.1366433],[16.9821032,51.1366441],[16.982091,51.1366444],[16.9820788,51.1366447],[16.9820301,51.1366459]]}},{"type":"Feature","properties":{"layer":"roads"},"geometry":{"type":"LineString","coordinates":[[16.9827407,51.1363809],[16.9827551,51.1364147],[16.9827576,51.1364233],[16.9827601,51.1364319],[16.9827626,51.1364405],[16.982765,51.1364491],[16.9827675,51.1364577],[16.98277,51.1364663],[16.9827724,51.1364749],[16.9827749,51.1364835],[16.9827774,51.1364921],[16.9827799,51.1365007],[16.9827823,51.1365093],[16.9827848,51.1365179],[16.9827859,51.1365265],[16.9827955,51.1365775]]}},{"type":"Feature","properties":{"layer":"roads"},"geometry":{"type":"LineString","coordinates":[[16.9688574,51.1323498],[16.9688776,51.1323229],[16.9688772,51.132314],[16.9688768,51.1323052],[16.9688764,51.1322963],[16.968876,51.1322874],[16.9688756,51.1322786],[16.9688752,51.1322697],[16.9688748,51.1322609],[16.9688744,51.132252],[16.968874,51.1322432],[16.9688736,51.1322343],[16.9688732,51.1322254],[16.9688728,51.1322166],[16.9688724,51.1322077],[16.968872,51.1321989],[16.9688716,51.13219],[16.9688712,51.1321812],[16.9688708,51.1321723],[16.9688704,51.1321634],[16.96887,51.1321546],[16.9688696,51.1321457],[16.9688692,51.1321369],[16.9688688,51.132128],[16.9688684,51.1321192],[16.968868,51.1321103],[16.9688676,51.1321014],[16.9688672,51.1320926],[16.9688668,51.1320837],[16.9688664,51.1320749],[16.968866,51.132066],[16.9688656,51.1320572],[16.9688652,51.1320483],[16.9688648,51.1320395],[16.9688644,51.1320306],[16.968864,51.1320217],[16.9688636,51.1320129],[16.9688632,51.132004],[16.9688628,51.1319952],[16.9688624,51.1319863],[16.968862,51.1319775],[16.9688616,51.1319686],[16.9688612,51.1319597],[16.9688608,51.1319509],[16.9688604,51.131942],[16.96886,51.1319332],[16.9688596,51.1319243],[16.9688592,51.1319155],[16.9688588,51.1319066],[16.9688584,51.1318977],[16.968858,51.1318889],[16.9688576,51.13188],[16.9688572,51.1318712],[16.9688568,51.1318623],[16.9688564,51.1318535],[16.968856,51.1318446],[16.9688556,51.1318357],[16.9688552,51.1318269],[16.9688548,51.131818],[16.9688544,51.1318092],[16.9688525,51.1317772]]}},{"type":"Feature","properties":{"layer":"roads"},"geometry":{"type":"LineString","coordinates":[[16.9688525,51.1317772],[16.968851,51.1317473],[16.9688505,51.1317384],[16.96885,51.1317296],[16.9688494,51.1317208],[16.9688489,51.131712],[16.9688483,51.1317031],[16.9688478,51.1316943],[16.9688473,51.1316855],[16.9688467,51.1316766],[16.9688462,51.1316678],[16.9688456,51.131659],[16.9688451,51.1316501],[16.9688446,51.1316413],[16.968844,51.1316325],[16.9688435,51.1316236],[16.9688429,51.1316148],[16.9688424,51.131606],[16.9688419,51.1315971],[16.9688413,51.1315883],[16.9688408,51.1315795],[16.9688402,51.1315707],[16.9688397,51.1315618],[16.9688392,51.131553],[16.9688386,51.1315442],[16.9688381,51.1315353],[16.9688375,51.1315265],[16.968837,51.1315177],[16.9688365,51.1315088],[16.9688359,51.1315],[16.9688354,51.1314912],[16.9688348,51.1314823],[16.9688343,51.1314735],[16.9688338,51.1314647],[16.9688332,51.1314558],[16.9688327,51.131447],[16.9688321,51.1314382],[16.9688316,51.1314294],[16.9688311,51.1314205],[16.9688383,51.1313862]]}},{"type":"Feature","properties":{"layer":"roads"},"geometry":{"type":"LineString","coordinates":[[16.9688525,51.1317772],[16.9689047,51.1317671],[16.9689176,51.1317632],[16.9689305,51.1317593],[16.9689434,51.1317555],[16.9689563,51.1317516],[16.9689692,51.1317477],[16.968982,51.1317438],[16.9689949,51.13174],[16.9690078,51.1317361],[16.9690207,51.1317322],[16.9690336,51.1317283],[16.9690465,51.1317245],[16.9690594,51.1317206],[16.9690722,51.1317167],[16.9690851,51.1317128],[16.969098,51.1317089],[16.9691109,51.1317051],[16.9691238,51.1317012],[16.9691367,51.1316973],[16.9691495,51.1316934],[16.9691624,51.1316896],[16.9691753,51.1316857],[16.9691882,51.1316818],[16.9692011,51.1316779],[16.969214,51.1316741],[16.9692268,51.1316702],[16.9692397,51.1316663],[16.9692526,51.1316624],[16.9692655,51.1316585],[16.9692784,51.1316547],[16.9692913,51.1316508],[16.9693042,51.1316469],[16.969317,51.131643],[16.9693299,51.1316392],[16.9693428,51.1316353],[16.9693557,51.1316314],[16.9693686,51.1316275],[16.9693815,51.1316237],[16.9693943,51.1316198],[16.9694072,51.1316159],[16.9694201,51.131612],[16.969433,51.1316082],[16.9694459,51.1316043],[16.9694588,51.1316004],[16.9694716,51.1315965],[16.9694845,51.1315926],[16.9694974,51.1315888],[16.9695103,51.1315849],[16.9695232,51.131581],[16.9695361,51.1315771],[16.969549,51.1315733],[16.9695618,51.1315694],[16.9695747,51.1315655],[16.9695876,51.1315616],[16.9696005,51.1315578],[16.9696134,51.1315539],[16.9696263,51.13155],[16.9696627,51.1315345]]}},{"type":"Feature","properties":{"layer":"roads"},"geometry":{"type":"LineString","coordinates":[[16.9688525,51.1317772],[16.968798,51.131787],[16.9687842,51.1317881],[16.9687703,51.1317891],[16.9687565,51.1317902],[16.9687151,51.1317935],[16.9686635,51.131793]]}},{"type":"Feature","properties":{"layer":"roads"},"geometry":{"type":"LineString","coordinates":[[16.9696627,51.1315345],[16.9697293,51.1315194],[16.9697421,51.1315156],[16.969755,51.1315118],[16.9697679,51.131508],[16.9697807,51.1315042],[16.9697936,51.1315004],[16.9698065,51.1314967],[16.9698194,51.1314929],[16.9698322,51.1314891],[16.9698451,51.1314853],[16.969858,51.1314815],[16.9698708,51.1314777],[16.9698837,51.131474],[16.9698966,51.1314702],[16.9699094,51.1314664],[16.9699223,51.1314626],[16.9699352,51.1314588],[16.969948,51.131455],[16.9699609,51.1314512],[16.9699738,51.1314475],[16.9700098,51.1314235]]}},{"type":"Feature","properties":{"layer":"roads"},"geometry":{"type":"LineString","coordinates":[[16.9696627,51.1315345],[16.9697245,51.1315526],[16.9697362,51.1315571],[16.9697479,51.1315616],[16.9697595,51.1315661],[16.9697712,51.1315706],[16.9697829,51.1315751],[16.9697946,51.1315796],[16.9698062,51.1315842],[16.9698179,51.1315887],[16.9698296,51.1315932],[16.9698413,51.1315977],[16.9698529,51.1316022],[16.9698646,51.1316067],[16.9698763,51.1316112],[16.969888,51.1316158],[16.9698996,51.1316203],[16.9699113,51.1316248],[16.969923,51.1316293],[16.9699354,51.1316331],[16.9699477,51.131637],[16.9699601,51.1316408],[16.9699724,51.1316447],[16.9699848,51.1316485],[16.9699971,51.1316523],[16.9700095,51.1316562],[16.9700218,51.13166],[16.9700342,51.1316639],[16.9700465,51.1316677],[16.9700589,51.1316716],[16.9700712,51.1316754],[16.9700836,51.1316792],[16.9701358,51.131689]]}},{"type":"Feature","properties":{"layer":"roads"},"geometry":{"type":"LineString","coordinates":[[16.9696627,51.1315345],[16.9696136,51.1315188],[16.9696007,51.1315157],[16.9695879,51.1315125],[16.9695751,51.1315094],[16.9695622,51.1315063],[16.9695494,51.1315031],[16.9695365,51.1315],[16.9695237,51.1314969],[16.9695109,51.1314937],[16.969498,51.1314906],[16.9694574,51.1314782]]}},{"type":"Feature","properties":{"layer":"roads"},"geometry":{"type":"LineString","coordinates":[[16.9680264,51.1333388],[16.9680261,51.1333069],[16.968026,51.133299],[16.9680259,51.1332912],[16.9680258,51.1332822],[16.9680257,51.1332733],[16.9680256,51.1332643],[16.9680254,51.1332288]]}},{"type":"Feature","properties":{"layer":"roads"},"geometry":{"type":"LineString","coordinates":[[16.9680264,51.1333388],[16.9680835,51.1333385],[16.9680978,51.1333386],[16.9681121,51.1333387],[16.9681264,51.1333388],[16.9681406,51.1333389],[16.9681549,51.1333389],[16.9681692,51.133339],[16.9681835,51.1333391],[16.9681978,51.1333392],[16.968212,51.1333393],[16.9682263,51.1333394],[16.9682406,51.1333394],[16.9682549,51.1333395],[16.9682692,51.1333396],[16.9682834,51.1333397],[16.9682977,51.1333398],[16.968312,51.1333399],[16.9683263,51.1333399],[16.9683406,51.13334],[16.9683548,51.1333401],[16.9683691,51.1333402],[16.9683834,51.1333403],[16.9683977,51.1333404],[16.968412,51.1333404],[16.9684262,51.1333405],[16.9684405,51.1333406],[16.9684548,51.1333407],[16.9684691,51.1333408],[16.9684833,51.1333408],[16.9684976,51.1333409],[16.9685119,51.133341],[16.9685262,51.1333411],[16.9685405,51.1333412],[16.9685547,51.1333413],[16.968569,51.1333413],[16.9685833,51.1333414],[16.9685976,51.1333415],[16.9686119,51.1333416],[16.9686261,51.1333417],[16.9686404,51.1333418],[16.9686547,51.1333418],[16.968669,51.1333419],[16.9686833,51.133342],[16.9686975,51.1333421],[16.9687118,51.1333422],[16.9687261,51.1333423],[16.9687404,51.1333423],[16.9687547,51.1333424],[16.9687689,51.1333425],[16.9687832,51.1333426],[16.9687975,51.1333427],[16.9688118,51.1333428],[16.9688261,51.1333428],[16.9688403,51.1333429],[16.9688546,51.133343],[16.9688689,51.1333431],[16.9688832,51.1333432],[16.9688975,51.1333433],[16.9689457,51.1333418]]}},{"type":"Feature","properties":{"layer":"roads"},"geometry":{"type":"LineString","coordinates":[[16.9680264,51.1333388],[16.9680268,51.1333734],[16.9680269,51.1333822],[16.968027,51.133391],[16.9680271,51.1333998],[16.9680272,51.1334087],[16.9680273,51.1334175],[16.9680274,51.1334263],[16.9680275,51.1334351],[16.9680276,51.1334439],[16.9680277,51.1334527],[16.9680278,51.1334615],[16.9680291,51.1334704],[16.9680305,51.1334792],[16.9680318,51.1334881],[16.9680331,51.133497],[16.9680345,51.1335058],[16.9680358,51.1335147],[16.9680371,51.1335236],[16.9680385,51.1335324],[16.9680398,51.1335413],[16.9680412,51.1335501],[16.9680425,51.133559],[16.9680438,51.1335679],[16.9680452,51.1335767],[16.9680465,51.1335856],[16.9680478,51.1335945],[16.9680492,51.1336033],[16.9680505,51.1336122],[16.9680529,51.1336205],[16.9680553,51.1336287],[16.9680577,51.133637],[16.9680602,51.1336453],[16.9680599,51.133676]]}},{"type":"Feature","properties":{"layer":"roads"},"geometry":{"type":"LineString","coordinates":[[16.9689457,51.1333418],[16.9689513,51.1333777],[16.9689541,51.1333863],[16.9689568,51.1333948],[16.9689596,51.1334034],[16.9689623,51.1334119],[16.9689651,51.1334205],[16.9689678,51.133429],[16.9689706,51.1334376],[16.9689743,51.1334458],[16.9689779,51.1334539],[16.9689816,51.1334621],[16.9689852,51.1334702],[16.9689889,51.1334784],[16.9689926,51.1334865],[16.9689962,51.1334947],[16.9689999,51.1335028],[16.9690035,51.133511],[16.9690072,51.1335191],[16.9690108,51.1335273],[16.9690145,51.1335354],[16.9690182,51.1335436],[16.9690218,51.1335517],[16.9690255,51.1335599],[16.9690291,51.133568],[16.9690328,51.1335762],[16.9690373,51.1335847],[16.9690418,51.1335932],[16.9690463,51.1336017],[16.9690509,51.1336102],[16.9690554,51.1336187],[16.9690599,51.1336272],[16.9690644,51.1336357],[16.9690689,51.1336442],[16.9690734,51.1336527],[16.9690779,51.1336612],[16.9690824,51.1336697],[16.969087,51.1336782],[16.9690915,51.1336867],[16.969096,51.1336952],[16.9691005,51.1337037],[16.9691055,51.1337118],[16.9691105,51.1337199],[16.9691155,51.133728],[16.9691205,51.1337361],[16.9691255,51.1337442],[16.9691305,51.1337523],[16.9691355,51.1337604],[16.9691405,51.1337686],[16.9691455,51.1337767],[16.9691505,51.1337848],[16.9691555,51.1337929],[16.9691605,51.133801],[16.9691655,51.1338091],[16.9691705,51.1338172],[16.9691755,51.1338253],[16.9691834,51.1338328],[16.9691913,51.1338402],[16.9691992,51.1338477],[16.9692052,51.1338793]]}},{"type":"Feature","properties":{"layer":"roads"},"geometry":{"type":"LineString","coordinates":[[16.9689457,51.1333418],[16.9689342,51.1333088],[16.9689326,51.1333001],[16.9689311,51.1332914],[16.9689296,51.1332827],[16.9689281,51.133274],[16.9689265,51.1332654],[16.968925,51.1332567],[16.9689235,51.133248],[16.9689219,51.1332393],[16.9689204,51.1332306],[16.9689189,51.1332219],[16.9689173,51.1332133],[16.9689158,51.1332046],[16.9689143,51.1331959],[16.9689128,51.1331872],[16.9689112,51.1331785],[16.9689119,51.1331429]]}},{"type":"Feature","properties":{"layer":"roads"},"geometry":{"type":"LineString","coordinates":[[16.9689457,51.1333418],[16.9689932,51.1333259],[16.9689984,51.1333178],[16.9690036,51.1333097],[16.9690088,51.1333016],[16.969014,51.1332935],[16.9690192,51.1332854],[16.9690245,51.1332772],[16.9690297,51.1332691],[16.9690349,51.133261],[16.9690401,51.1332529],[16.9690453,51.1332448],[16.9690505,51.1332367],[16.9690557,51.1332286],[16.9690609,51.1332205],[16.9690661,51.1332124],[16.9690713,51.1332043],[16.9690766,51.1331961],[16.9690818,51.133188],[16.969087,51.1331799],[16.9690922,51.1331718],[16.9690974,51.1331637],[16.9691026,51.1331556],[16.9691007,51.1331475],[16.9690989,51.1331395],[16.9690818,51.1331097]]}},{"type":"Feature","properties":{"layer":"roads"},"geometry":{"type":"LineString","coordinates":[[16.9692052,51.1338793],[16.9692556,51.1339074],[16.9692618,51.1339148],[16.969268,51.1339222],[16.9692742,51.1339297],[16.9692804,51.1339371],[16.9692866,51.1339446],[16.9692928,51.133952],[16.969299,51.1339595],[16.9693052,51.1339669],[16.9693117,51.1339746],[16.9693182,51.1339823],[16.969353,51.1340111]]}},{"type":"Feature","properties":{"layer":"roads"},"geometry":{"type":"LineString","coordinates":[[16.9692052,51.1338793],[16.969162,51.1338902],[16.9691483,51.1338927],[16.9691345,51.1338952],[16.9691208,51.1338977],[16.969107,51.1339002],[16.9690932,51.1339027],[16.9690795,51.1339052],[16.9690657,51.1339077],[16.969052,51.1339102],[16.9690382,51.1339127],[16.9690245,51.1339153],[16.9690107,51.1339178],[16.968997,51.1339203],[16.9689832,51.1339228],[16.9689695,51.1339253],[16.9689557,51.1339278],[16.9689419,51.1339303],[16.9689282,51.1339328],[16.9689144,51.1339353],[16.9689007,51.1339378],[16.9688869,51.1339404],[16.9688436,51.133967]]}},{"type":"Feature","properties":{"layer":"roads"},"geometry":{"type":"LineString","coordinates":[[16.9688552,51.134654],[16.968903,51.1346432],[16.9689125,51.134637],[16.968922,51.1346307],[16.9689315,51.1346244],[16.9689411,51.1346181],[16.9689506,51.1346118],[16.9689601,51.1346055],[16.9689697,51.1345993],[16.9689792,51.134593],[16.9689887,51.1345867],[16.9689983,51.1345804],[16.9690078,51.1345741],[16.9690173,51.1345678],[16.9690268,51.1345616],[16.9690364,51.1345553],[16.9690459,51.134549],[16.9690515,51.134541],[16.969057,51.134533],[16.9690626,51.134525],[16.9690682,51.134517],[16.9690737,51.134509],[16.9690793,51.134501],[16.9690849,51.134493],[16.9690904,51.134485],[16.969096,51.134477],[16.9691016,51.1344689],[16.9691072,51.1344609],[16.9691127,51.1344529],[16.9691183,51.1344449],[16.9691239,51.1344369],[16.9691294,51.1344289],[16.969135,51.1344209],[16.9691406,51.1344129],[16.9691461,51.1344049],[16.9691517,51.1343969],[16.9691482,51.1343884],[16.9691447,51.13438],[16.9691412,51.1343715],[16.9691378,51.1343631],[16.9691343,51.1343546],[16.9691308,51.1343461],[16.9691273,51.1343377],[16.9691238,51.1343292],[16.9691203,51.1343207],[16.9691168,51.1343123],[16.9691134,51.1343038],[16.9691099,51.1342954],[16.9691064,51.1342869],[16.9691029,51.1342784],[16.9690994,51.13427],[16.9690959,51.1342615],[16.9690924,51.134253],[16.9690889,51.1342446],[16.9690855,51.1342361],[16.969082,51.1342277],[16.9690785,51.1342192],[16.969075,51.1342107],[16.9690715,51.1342023],[16.969068,51.1341938],[16.9690645,51.1341853],[16.9690415,51.1341536]]}},{"type":"Feature","properties":{"layer":"roads"},"geometry":{"type":"LineString","coordinates":[[16.9688552,51.134654],[16.9689228,51.1347003]]}},{"type":"Feature","properties":{"layer":"roads"},"geometry":{"type":"LineString","coordinates":[[16.9690415,51.1341536],[16.9690021,51.1341702],[16.96899,51.1341749],[16.9689779,51.1341795],[16.9689658,51.1341842],[16.9689537,51.1341889],[16.9689416,51.1341935],[16.9689295,51.1341982],[16.9689174,51.1342029],[16.9689052,51.1342075],[16.9688931,51.1342122],[16.968881,51.1342169],[16.9688689,51.1342216],[16.9688568,51.1342262],[16.9688447,51.1342309],[16.9688326,51.1342356],[16.9688205,51.1342402],[16.9688083,51.1342449],[16.9687657,51.1342597]]}},{"type":"Feature","properties":{"layer":"roads"},"geometry":{"type":"LineString","coordinates":[[16.9690415,51.1341536],[16.9690958,51.1341302],[16.9691071,51.1341249],[16.9691184,51.1341196],[16.9691297,51.1341143],[16.969141,51.1341089],[16.9691523,51.1341036],[16.9691636,51.1340983],[16.9691749,51.134093],[16.9691862,51.1340877],[16.9691974,51.1340823],[16.9692087,51.134077],[16.96922,51.1340717],[16.9692313,51.1340664],[16.9692426,51.1340611],[16.9692539,51.1340558],[16.9692652,51.1340504],[16.9692765,51.1340451],[16.9692878,51.1340398],[16.9692991,51.1340345],[16.969353,51.1340111]]}},{"type":"Feature","properties":{"layer":"roads"},"geometry":{"type":"LineString","coordinates":[[16.9690415,51.1341536],[16.9690194,51.1341228],[16.9690115,51.1341156],[16.9690037,51.1341084],[16.9689959,51.1341012],[16.9689881,51.134094],[16.9689803,51.1340869],[16.9689725,51.1340797],[16.9689647,51.1340725],[16.9689569,51.1340653],[16.9689491,51.1340581],[16.9689413,51.134051],[16.9689334,51.1340438],[16.9689256,51.1340366],[16.9689178,51.1340294],[16.96891,51.1340222],[16.9689022,51.134015],[16.9688944,51.1340079],[16.9688866,51.1340007],[16.9688788,51.1339935],[16.9688436,51.133967]]}},{"type":"Feature","properties":{"layer":"roads"},"geometry":{"type":"LineString","coordinates":[[16.9818822,51.1337556],[16.9818829,51.1337856],[16.9818831,51.1337943],[16.9818833,51.133803],[16.9818835,51.1338117],[16.9818837,51.1338204],[16.9818839,51.1338291],[16.9818841,51.1338378],[16.9818843,51.1338465],[16.9818845,51.1338552],[16.9818847,51.1338639],[16.9818849,51.1338725],[16.9818851,51.1338812],[16.9818853,51.1338899],[16.9818855,51.1338986],[16.9818857,51.1339073],[16.9818859,51.133916],[16.9818861,51.1339247],[16.981878,51.1339525]]}},{"type":"Feature","properties":{"layer":"roads"},"geometry":{"type":"LineString","coordinates":[[16.9818822,51.1337556],[16.981881,51.1337251],[16.9818807,51.1337165],[16.9818804,51.1337079],[16.98188,51.1336994],[16.9818796,51.1336908],[16.9818793,51.1336822],[16.9818789,51.1336736],[16.9818786,51.1336651],[16.9818783,51.1336565],[16.9818779,51.1336479],[16.9818776,51.1336393],[16.9818772,51.1336308],[16.9818768,51.1336222],[16.9818765,51.1336136],[16.9818762,51.133605],[16.9818758,51.1335964],[16.9818755,51.1335879],[16.9818751,51.1335793],[16.9818749,51.1335703],[16.9818746,51.1335614],[16.9818744,51.1335524],[16.9818741,51.1335434],[16.9818739,51.1335344],[16.9818736,51.1335255],[16.9818734,51.1335165],[16.9818731,51.1335075],[16.9818729,51.1334985],[16.9818726,51.1334896],[16.9818724,51.1334806],[16.9818721,51.1334716],[16.9818719,51.1334627],[16.9818716,51.1334537],[16.9818714,51.1334447],[16.9818711,51.1334357],[16.9818709,51.1334268],[16.9818706,51.1334178],[16.9818704,51.1334088],[16.9818701,51.1333998],[16.9818699,51.1333909],[16.9818697,51.1333819],[16.9818694,51.1333729],[16.9818692,51.133364],[16.9818689,51.133355],[16.9818687,51.133346],[16.9818684,51.133337],[16.9818682,51.1333281],[16.9818679,51.1333191],[16.9818677,51.1333101],[16.9818674,51.1333011],[16.9818672,51.1332922],[16.9818669,51.1332832],[16.9818667,51.1332742],[16.9818664,51.1332653],[16.9818662,51.1332563],[16.9818659,51.1332473],[16.9818657,51.1332383],[16.9818654,51.1332294],[16.9818652,51.1332204],[16.9818649,51.1332114],[16.9818732,51.1331771]]}},{"type":"Feature","properties":{"layer":"roads"},"geometry":{"type":"LineString","coordinates":[[16.9818732,51.1331771],[16.9818633,51.1331502],[16.981863,51.1331416],[16.9818628,51.133133],[16.9818626,51.1331245],[16.9818623,51.1331159],[16.9818621,51.1331073],[16.9818618,51.1330987],[16.9818616,51.1330901],[16.9818614,51.1330816],[16.9818611,51.133073],[16.9818609,51.1330644],[16.9818612,51.1330555],[16.9818616,51.1330467],[16.9818619,51.1330378],[16.9818623,51.133029],[16.9818626,51.1330201],[16.981863,51.1330113],[16.9818633,51.1330024],[16.9818637,51.1329935],[16.981864,51.1329847],[16.9818644,51.1329758],[16.9818647,51.132967],[16.9818651,51.1329581],[16.9818654,51.1329492],[16.9818658,51.1329404],[16.9818661,51.1329315],[16.9818665,51.1329227],[16.9818668,51.1329138],[16.9818672,51.132905],[16.9818635,51.1328874],[16.9818519,51.132848]]}},{"type":"Feature","properties":{"layer":"roads"},"geometry":{"type":"LineString","coordinates":[[16.9796221,51.1322074],[16.9795677,51.1322135],[16.9795541,51.1322149],[16.9795406,51.1322164],[16.979527,51.1322179],[16.9795134,51.1322194],[16.9794999,51.1322209],[16.9794863,51.1322224],[16.9794728,51.1322239],[16.9794592,51.1322253],[16.9794457,51.1322268],[16.9794321,51.1322283],[16.9794186,51.1322298],[16.979405,51.1322313],[16.9793907,51.1322316],[16.9793764,51.1322318],[16.9793622,51.1322321],[16.9793479,51.1322323],[16.9793336,51.1322326],[16.9793193,51.1322328],[16.979305,51.1322331],[16.9792908,51.1322333],[16.9792765,51.1322336],[16.9792622,51.1322338],[16.9792479,51.1322341],[16.9792336,51.1322343],[16.9792194,51.1322346],[16.9792051,51.1322348],[16.9791908,51.1322351],[16.9791767,51.1322349],[16.9791625,51.1322346],[16.9791484,51.1322344],[16.9791342,51.1322341],[16.9791201,51.1322339],[16.979106,51.1322337],[16.97906,51.1322387]]}},{"type":"Feature","properties":{"layer":"roads"},"geometry":{"type":"LineString","coordinates":[[16.9819305,51.1320252],[16.9819308,51.1320659],[16.98193,51.1320748],[16.9819292,51.1320837],[16.9819284,51.1320926],[16.9819276,51.1321014],[16.9819268,51.1321103],[16.981926,51.1321192],[16.9819252,51.1321281],[16.9819243,51.132137],[16.9819235,51.1321458],[16.9819227,51.1321547],[16.9819219,51.1321636],[16.9819211,51.1321725],[16.9819203,51.1321814],[16.9819195,51.1321902],[16.9819187,51.1321991],[16.9819178,51.132208],[16.981917,51.1322169],[16.9819162,51.1322257],[16.9819154,51.1322346],[16.9819146,51.1322435],[16.9819138,51.1322524],[16.981913,51.1322613],[16.9819122,51.1322701],[16.9819113,51.132279],[16.9819105,51.1322879],[16.9819097,51.1322968],[16.9819089,51.1323057],[16.9819081,51.1323145],[16.9819073,51.1323234],[16.9819232,51.1323512]]}},{"type":"Feature","properties":{"layer":"roads"},"geometry":{"type":"LineString","coordinates":[[16.9819305,51.1320252],[16.9819777,51.1320486],[16.9819886,51.1320531],[16.9819995,51.1320576],[16.9820104,51.1320622],[16.9820213,51.1320667],[16.9820322,51.1320713],[16.9820431,51.1320758],[16.9820522,51.1320823],[16.9820613,51.1320888],[16.9820703,51.1320952],[16.9820794,51.1321017],[16.9820885,51.1321082],[16.9820976,51.1321147],[16.9821067,51.1321212],[16.9821157,51.1321276],[16.9821248,51.1321341],[16.9821339,51.1321406],[16.982143,51.1321471],[16.9821521,51.1321536],[16.9821612,51.1321601],[16.9821702,51.1321665],[16.9821793,51.132173],[16.9821884,51.1321795],[16.9821975,51.132186],[16.9822287,51.1322079]]}},{"type":"Feature","properties":{"layer":"roads"},"geometry":{"type":"LineString","coordinates":[[16.9819305,51.1320252],[16.9819397,51.1319957],[16.9819411,51.131987],[16.9819425,51.1319784],[16.9819439,51.1319697],[16.9819453,51.131961],[16.9819467,51.1319523],[16.9819481,51.1319437],[16.9819495,51.131935],[16.9819509,51.1319263],[16.9819523,51.1319176],[16.9819537,51.131909],[16.9819551,51.1319003],[16.9819565,51.1318916],[16.9819579,51.1318829],[16.9819593,51.1318743],[16.9819607,51.1318656],[16.9819621,51.1318569],[16.9819635,51.1318482],[16.9819649,51.1318396],[16.9819663,51.1318309],[16.9819677,51.1318222],[16.9819691,51.1318135],[16.9819705,51.1318049],[16.9819719,51.1317962],[16.9819733,51.1317875],[16.9819747,51.1317788],[16.9819761,51.1317702],[16.9819775,51.1317615],[16.9819804,51.1317529],[16.9819832,51.1317443],[16.9819861,51.1317357],[16.9819889,51.1317271],[16.9819918,51.1317185],[16.9819946,51.1317099],[16.9819975,51.1317013],[16.9820003,51.1316927],[16.9820032,51.1316841],[16.982006,51.1316755],[16.9820089,51.1316669],[16.9820118,51.1316583],[16.9820146,51.1316497],[16.9820175,51.1316411],[16.9820203,51.1316325],[16.9820232,51.1316239],[16.982026,51.1316152],[16.9820289,51.1316066],[16.9820317,51.131598],[16.9820346,51.1315894],[16.9820374,51.1315808],[16.9820403,51.1315722],[16.9820432,51.1315636],[16.982046,51.131555],[16.9820489,51.1315464],[16.9820517,51.1315378],[16.9820546,51.1315292],[16.9820574,51.1315206],[16.9820603,51.131512],[16.9820631,51.1315034],[16.9820703,51.1314684]]}},{"type":"Feature","properties":{"layer":"roads"},"geometry":{"type":"LineString","coordinates":[[16.9671902,51.1320235],[16.9672194,51.1320448],[16.9672267,51.1320524],[16.9672339,51.1320599],[16.9672412,51.1320674],[16.9672485,51.132075],[16.9672557,51.1320825],[16.967263,51.1320901],[16.9672703,51.1320976],[16.9672775,51.1321051],[16.9672848,51.1321127],[16.9672921,51.1321202],[16.9672994,51.1321277],[16.9673066,51.1321353],[16.9673139,51.1321428],[16.9673196,51.1321504],[16.9673252,51.132158],[16.9673309,51.1321656],[16.9673366,51.1321732],[16.9673423,51.1321808],[16.9673479,51.1321884],[16.9673536,51.1321959],[16.9673914,51.1322209]]}},{"type":"Feature","properties":{"layer":"roads"},"geometry":{"type":"LineString","coordinates":[[16.9817415,51.132461],[16.9816953,51.1324751],[16.9816845,51.1324795],[16.9816737,51.1324838],[16.981663,51.1324882],[16.9816522,51.1324926],[16.9816407,51.1324969],[16.9816293,51.1325012],[16.9816178,51.1325055],[16.9816063,51.1325098],[16.9815949,51.132514],[16.9815834,51.1325183],[16.9815719,51.1325226],[16.9815604,51.1325269],[16.981549,51.1325312],[16.9815375,51.1325355],[16.9815267,51.1325391],[16.9815158,51.1325428],[16.981505,51.1325464],[16.9814942,51.13255],[16.9814833,51.1325537],[16.9814725,51.1325573],[16.9814419,51.1325774]]}},{"type":"Feature","properties":{"layer":"roads"},"geometry":{"type":"LineString","coordinates":[[16.9817415,51.132461],[16.9817846,51.1324378],[16.9817962,51.1324329],[16.9818077,51.1324279],[16.9818193,51.1324229],[16.9818309,51.132418],[16.9818766,51.1324022]]}},{"type":"Feature","properties":{"layer":"roads"},"geometry":{"type":"LineString","coordinates":[[16.9817415,51.132461],[16.9817627,51.1324894],[16.9817688,51.1324974],[16.9817749,51.1325054],[16.9817809,51.1325133],[16.981787,51.1325213],[16.9817931,51.1325293],[16.9817992,51.1325372],[16.9818053,51.1325452],[16.9818114,51.1325531],[16.9818175,51.1325611],[16.9818232,51.1325682],[16.981829,51.1325753],[16.9818348,51.1325825],[16.9818625,51.1326052]]}},{"type":"Feature","properties":{"layer":"roads"},"geometry":{"type":"LineString","coordinates":[[16.9689119,51.1331429],[16.9689058,51.1331084],[16.968906,51.1330995],[16.9689062,51.1330907],[16.9689064,51.1330818],[16.9689066,51.133073],[16.9689068,51.1330641],[16.9689184,51.1330299]]}},{"type":"Feature","properties":{"layer":"roads"},"geometry":{"type":"LineString","coordinates":[[16.9689119,51.1331429],[16.9689574,51.1331365],[16.9689705,51.1331347],[16.9689835,51.1331329],[16.9689966,51.1331311],[16.9690085,51.1331281],[16.9690203,51.1331251],[16.9690322,51.1331221],[16.9690818,51.1331097]]}},{"type":"Feature","properties":{"layer":"roads"},"geometry":{"type":"LineString","coordinates":[[16.9839502,51.1356871],[16.983928,51.1357111],[16.9839234,51.1357195],[16.9839189,51.1357278],[16.9839143,51.1357362],[16.9839097,51.1357446],[16.9839052,51.135753],[16.9839006,51.1357614],[16.983896,51.1357698],[16.9838915,51.1357782],[16.9838869,51.1357866],[16.9838823,51.135795],[16.9838777,51.1358034],[16.9838732,51.1358118],[16.9838686,51.1358201],[16.983864,51.1358285],[16.9838595,51.1358369],[16.9838549,51.1358453],[16.9838503,51.1358537],[16.9838458,51.1358621],[16.9838412,51.1358705],[16.9838366,51.1358789],[16.983832,51.1358873],[16.9838275,51.1358957],[16.9838229,51.1359041],[16.9838183,51.1359124],[16.9838138,51.1359208],[16.9838092,51.1359292],[16.9838046,51.1359376],[16.9838,51.135946],[16.9837955,51.1359544],[16.9837909,51.1359628],[16.9837863,51.1359712],[16.9837818,51.1359796],[16.9837772,51.135988],[16.9837726,51.1359964],[16.9837681,51.1360047],[16.9837696,51.1360339]]}},{"type":"Feature","properties":{"layer":"roads"},"geometry":{"type":"LineString","coordinates":[[16.9882813,51.1315729],[16.9882945,51.1315422],[16.9882978,51.1315345],[16.9882976,51.1315266],[16.9882974,51.1315186],[16.9882971,51.1315107],[16.9882969,51.1315027],[16.9882967,51.1314948],[16.9882947,51.131486],[16.9882927,51.1314771],[16.9882908,51.1314683],[16.9882888,51.1314594],[16.9882868,51.1314506],[16.9882848,51.1314417],[16.9882829,51.1314329],[16.9882809,51.131424],[16.9882789,51.1314152],[16.9882769,51.1314063],[16.988275,51.1313975],[16.988273,51.1313887],[16.988271,51.1313798],[16.988269,51.131371],[16.9882671,51.1313621],[16.9882651,51.1313533],[16.9882631,51.1313444],[16.9882611,51.1313356],[16.9882592,51.1313267],[16.9882572,51.1313179],[16.9882557,51.1313091],[16.9882541,51.1313003],[16.9882526,51.1312916],[16.9882511,51.1312828],[16.9882495,51.131274],[16.988248,51.1312652],[16.9882465,51.1312564],[16.9882449,51.1312477],[16.9882434,51.1312389],[16.9882419,51.1312301],[16.9882403,51.1312213],[16.9882388,51.1312125],[16.9882373,51.1312038],[16.9882357,51.131195],[16.9882342,51.1311862],[16.9882334,51.1311775],[16.9882326,51.1311689],[16.9882318,51.1311602],[16.988231,51.1311516],[16.9882302,51.1311429],[16.9882294,51.1311342],[16.9882286,51.1311256],[16.9882278,51.1311169],[16.988227,51.1311082],[16.9882263,51.1310996],[16.9882255,51.1310909],[16.9882247,51.1310823],[16.9882239,51.1310736],[16.9882379,51.1310461]]}},{"type":"Feature","properties":{"layer":"roads"},"geometry":{"type":"LineString","coordinates":[[16.9882379,51.1310461],[16.9882181,51.1310215],[16.9882127,51.130995],[16.9882073,51.1309686],[16.9882067,51.1309516],[16.9882116,51.1309415],[16.9882113,51.1309316],[16.9882111,51.1308972]]}},{"type":"Feature","properties":{"layer":"roads"},"geometry":{"type":"LineString","coordinates":[[16.9882379,51.1310461],[16.9882888,51.1310587],[16.9883003,51.1310635],[16.9883463,51.1310824]]}},{"type":"Feature","properties":{"layer":"roads"},"geometry":{"type":"LineString","coordinates":[[16.9690818,51.1331097],[16.9690482,51.1330846],[16.9690374,51.1330789],[16.9690266,51.1330732],[16.9690158,51.1330676],[16.969005,51.1330619],[16.9689943,51.1330563],[16.9689835,51.1330506],[16.9689727,51.133045],[16.9689619,51.1330393],[16.9689184,51.1330299]]}},{"type":"Feature","properties":{"layer":"roads"},"geometry":{"type":"LineString","coordinates":[[16.9801135,51.1324949],[16.9800472,51.1324725],[16.9800345,51.1324703],[16.9800217,51.132468],[16.9800089,51.1324658],[16.9799961,51.1324635],[16.9799833,51.1324613],[16.9799696,51.1324618],[16.979902,51.1324517]]}},{"type":"Feature","properties":{"layer":"roads"},"geometry":{"type":"LineString","coordinates":[[16.9801135,51.1324949],[16.9801548,51.1324808],[16.9801689,51.1324806],[16.980183,51.1324805],[16.9801971,51.1324803],[16.9802112,51.1324801],[16.9802253,51.13248],[16.9802394,51.1324798],[16.9802535,51.1324796],[16.9802676,51.1324794],[16.9802818,51.1324793],[16.9802959,51.1324791],[16.98031,51.1324789],[16.9803241,51.1324787],[16.9803382,51.1324786],[16.9803523,51.1324784],[16.9803664,51.1324782],[16.9803805,51.1324781],[16.9803946,51.1324779],[16.9804087,51.1324777],[16.9804228,51.1324775],[16.9804369,51.1324774],[16.980451,51.1324772],[16.9804651,51.1324771],[16.9804793,51.132477],[16.9804934,51.1324768],[16.9805076,51.1324767],[16.9805217,51.1324766],[16.9805358,51.1324765],[16.98055,51.1324764],[16.9805641,51.1324762],[16.9805783,51.1324761],[16.9805924,51.132476],[16.9806065,51.1324759],[16.9806207,51.1324758],[16.9806348,51.1324756],[16.9806489,51.1324755],[16.9806631,51.1324754],[16.9806772,51.1324753],[16.9806914,51.1324752],[16.9807055,51.132475],[16.9807196,51.1324749],[16.9807338,51.1324748],[16.9807479,51.1324747],[16.9807621,51.1324746],[16.9807762,51.1324745],[16.9807903,51.1324743],[16.9808045,51.1324742],[16.9808186,51.1324741],[16.9808327,51.132474],[16.9808469,51.1324739],[16.980861,51.1324737],[16.9808752,51.1324736],[16.9808893,51.1324735],[16.9809034,51.1324734],[16.9809176,51.1324733],[16.9809713,51.1324689]]}},{"type":"Feature","properties":{"layer":"roads"},"geometry":{"type":"LineString","coordinates":[[16.9801135,51.1324949],[16.9801297,51.1325219],[16.980136,51.13253],[16.9801423,51.1325381],[16.9801485,51.1325462],[16.9801548,51.1325543],[16.980161,51.1325624],[16.9801673,51.1325705],[16.9801736,51.1325786],[16.9801798,51.1325866],[16.9801861,51.1325947],[16.9801924,51.1326028],[16.9801986,51.1326109],[16.9802049,51.132619],[16.9802092,51.1326265],[16.9802135,51.1326341],[16.9802178,51.1326416],[16.9802221,51.1326492],[16.9802264,51.1326567],[16.9802307,51.1326643],[16.980235,51.1326718],[16.9802384,51.1326802],[16.9802418,51.1326887],[16.9802453,51.1326971],[16.9802487,51.1327056],[16.9802521,51.132714],[16.9802555,51.1327224],[16.980259,51.1327309],[16.9802624,51.1327393],[16.9802658,51.1327477],[16.9802692,51.1327562],[16.9802727,51.1327646],[16.9802761,51.1327731],[16.9802985,51.1327961]]}},{"type":"Feature","properties":{"layer":"roads"},"geometry":{"type":"LineString","coordinates":[[16.9727122,51.1324221],[16.9726746,51.1324072],[16.9726614,51.1324058],[16.9726481,51.1324044],[16.9726349,51.1324029],[16.9726216,51.1324015],[16.9726084,51.1324001],[16.9725952,51.1323972],[16.9725819,51.1323943],[16.9725687,51.1323914],[16.9725554,51.1323886],[16.9725422,51.1323857],[16.972529,51.1323828],[16.9725157,51.1323799],[16.9725025,51.132377],[16.9724892,51.1323741],[16.972476,51.1323713],[16.9724628,51.1323684],[16.9724495,51.1323655],[16.9724363,51.1323626],[16.972423,51.1323597],[16.9724098,51.1323568],[16.9723966,51.132354],[16.9723833,51.1323511],[16.9723701,51.1323482],[16.9723568,51.1323453],[16.9723436,51.1323424],[16.9723304,51.1323395],[16.9723171,51.1323367],[16.9723039,51.1323338],[16.9722906,51.1323309],[16.9722774,51.132328],[16.9722639,51.1323251],[16.9722504,51.1323221],[16.9722369,51.1323192],[16.9722234,51.1323163],[16.9722099,51.1323133],[16.9721964,51.1323104],[16.972183,51.1323075],[16.9721695,51.1323046],[16.972156,51.1323016],[16.9721425,51.1322987],[16.972129,51.1322958],[16.9721155,51.1322928],[16.972102,51.1322899],[16.9720885,51.132287],[16.972075,51.132284],[16.9720615,51.1322811],[16.972048,51.1322782],[16.9720345,51.1322752],[16.972021,51.1322723],[16.9720076,51.1322694],[16.9719941,51.1322665],[16.9719806,51.1322635],[16.9719671,51.1322606],[16.9719225,51.1322503]]}},{"type":"Feature","properties":{"layer":"roads"},"geometry":{"type":"LineString","coordinates":[[16.9727122,51.1324221],[16.9727957,51.1323795]]}},{"type":"Feature","properties":{"layer":"roads"},"geometry":{"type":"LineString","coordinates":[[16.9719225,51.1322503],[16.9719839,51.1322312],[16.9719954,51.1322271],[16.9720068,51.132223],[16.9720183,51.1322189],[16.9720297,51.1322148],[16.9720412,51.1322107],[16.9720534,51.1322069],[16.9720656,51.1322031],[16.9720778,51.1321993],[16.97209,51.1321955],[16.9721022,51.1321917],[16.9721144,51.1321879],[16.9721266,51.1321841],[16.9721388,51.1321803],[16.9721511,51.1321766],[16.9721633,51.1321728],[16.9721755,51.132169],[16.9721877,51.1321652],[16.9721999,51.1321614],[16.9722121,51.1321576],[16.9722243,51.1321538],[16.9722365,51.13215],[16.9722487,51.1321462],[16.9722613,51.1321423],[16.9722738,51.1321384],[16.9722864,51.1321345],[16.972299,51.1321306],[16.9723115,51.1321267],[16.9723241,51.1321228],[16.9723367,51.1321189],[16.9723492,51.132115],[16.9723618,51.1321112],[16.9723744,51.1321073],[16.9723869,51.1321034],[16.9723995,51.1320995],[16.9724121,51.1320956],[16.9724246,51.1320917],[16.9724372,51.1320878],[16.9724498,51.1320839],[16.9724623,51.13208],[16.9724749,51.1320761],[16.9724875,51.1320722],[16.9725,51.1320683],[16.9725126,51.1320644],[16.9725252,51.1320605],[16.9725377,51.1320566],[16.9725503,51.1320527],[16.9725629,51.1320489],[16.9725754,51.132045],[16.972588,51.1320411],[16.9726006,51.1320372],[16.9726131,51.1320333],[16.9726257,51.1320294],[16.9726697,51.1320159]]}},{"type":"Feature","properties":{"layer":"roads"},"geometry":{"type":"LineString","coordinates":[[16.9683666,51.1345829],[16.9684116,51.1345885],[16.9684243,51.1345913],[16.9684369,51.1345942],[16.9684496,51.1345971],[16.9684622,51.1346],[16.9684749,51.1346028],[16.9684875,51.1346057],[16.9685002,51.1346086],[16.9685128,51.1346115],[16.9685255,51.1346143],[16.9685381,51.1346172],[16.9685514,51.1346197],[16.9685646,51.1346221],[16.9685779,51.1346246],[16.9685912,51.134627],[16.9686045,51.1346295],[16.9686177,51.1346319],[16.968631,51.1346344],[16.9686443,51.1346368],[16.9686576,51.1346393],[16.9686708,51.1346417],[16.9686841,51.1346442],[16.9686974,51.1346466],[16.9687107,51.1346491],[16.9687239,51.1346515],[16.9687372,51.134654],[16.9687505,51.1346564],[16.9687638,51.1346589],[16.968777,51.1346613],[16.9687903,51.1346638],[16.9688037,51.1346627],[16.9688552,51.134654]]}},{"type":"Feature","properties":{"layer":"roads"},"geometry":{"type":"LineString","coordinates":[[16.9683666,51.1345829],[16.9683048,51.1345515],[16.9682939,51.1345458],[16.968283,51.1345402],[16.9682721,51.1345345],[16.9682612,51.1345289],[16.9682503,51.1345232],[16.9682418,51.1345164],[16.9682334,51.1345095],[16.9682249,51.1345027],[16.9682164,51.1344959],[16.968208,51.134489],[16.9681995,51.1344822],[16.968191,51.1344754],[16.9681826,51.1344685],[16.9681741,51.1344617],[16.9681672,51.1344542],[16.9681603,51.1344467],[16.9681535,51.1344392],[16.9681466,51.1344317],[16.9681277,51.1344061]]}},{"type":"Feature","properties":{"layer":"roads"},"geometry":{"type":"LineString","coordinates":[[16.9683666,51.1345829],[16.9683424,51.1346097],[16.9683409,51.1346186],[16.968351,51.1346243],[16.9683611,51.1346301],[16.9683712,51.1346358],[16.9683813,51.1346415],[16.9683914,51.1346472],[16.9684015,51.134653],[16.9684116,51.1346587],[16.9684217,51.1346644],[16.9684318,51.1346701],[16.9684419,51.1346759],[16.968452,51.1346816],[16.9684621,51.1346873],[16.9684722,51.134693],[16.9684823,51.1346988],[16.9684924,51.1347045],[16.9685014,51.1347108],[16.9685103,51.134717],[16.9685193,51.1347233],[16.9685282,51.1347295],[16.9685372,51.1347358],[16.9685462,51.1347421],[16.9685551,51.1347483],[16.9685641,51.1347546],[16.968573,51.1347608],[16.968582,51.1347671],[16.9685935,51.1347709],[16.9686051,51.1347747],[16.9686166,51.1347785],[16.9686281,51.1347823],[16.9686396,51.1347861],[16.9686512,51.1347899],[16.9686627,51.1347937],[16.9686693,51.1348014],[16.9686758,51.1348092],[16.9686824,51.1348169],[16.968689,51.1348247],[16.9686955,51.1348324],[16.9687021,51.1348401],[16.9687087,51.1348479],[16.9687153,51.1348556],[16.9687218,51.1348634],[16.9687284,51.1348711],[16.9687384,51.1348775],[16.9687484,51.1348838],[16.9687585,51.1348902],[16.9687685,51.1348965],[16.9687785,51.1349029],[16.9687885,51.1349092],[16.9687985,51.1349156],[16.9688086,51.1349219],[16.9688186,51.1349283],[16.9688607,51.1349392]]}},{"type":"Feature","properties":{"layer":"roads"},"geometry":{"type":"LineString","coordinates":[[16.9688607,51.1349392],[16.9688803,51.1349743]]}},{"type":"Feature","properties":{"layer":"roads"},"geometry":{"type":"LineString","coordinates":[[16.9688607,51.1349392],[16.9688683,51.1349045],[16.9688668,51.1348956],[16.9688654,51.1348867],[16.9688639,51.1348779],[16.9688624,51.134869],[16.9688609,51.1348602],[16.9688619,51.1348513],[16.9688629,51.1348424],[16.9688639,51.1348335],[16.9688649,51.1348247],[16.9688659,51.1348158],[16.9688669,51.1348069],[16.9688679,51.134798],[16.9688689,51.1347891],[16.9688699,51.1347802],[16.9688709,51.1347713],[16.9688719,51.1347624],[16.9688729,51.1347536],[16.9688739,51.1347447],[16.9688749,51.1347358],[16.9688759,51.1347269],[16.9688769,51.134718],[16.9688779,51.1347091],[16.9688789,51.1347002],[16.9689228,51.1347003]]}},{"type":"Feature","properties":{"layer":"roads"},"geometry":{"type":"LineString","coordinates":[[16.9716426,51.1323454],[16.9716922,51.1323299],[16.9717046,51.1323258],[16.9717169,51.1323216],[16.9717292,51.1323175],[16.9717416,51.1323134],[16.9717539,51.1323093],[16.9717662,51.1323052],[16.9717786,51.1323011],[16.9717909,51.132297],[16.9718033,51.1322929],[16.9718156,51.1322888],[16.9718279,51.1322847],[16.9718403,51.1322806],[16.9718526,51.1322765],[16.9718649,51.1322723],[16.9719225,51.1322503]]}},{"type":"Feature","properties":{"layer":"roads"},"geometry":{"type":"LineString","coordinates":[[16.9881629,51.1300116],[16.988165,51.1300409],[16.9881643,51.1300499],[16.9881637,51.1300589],[16.9881631,51.1300679],[16.9881625,51.1300768],[16.9881619,51.1300858],[16.9881612,51.1300948],[16.9881606,51.1301037],[16.9881677,51.1301337]]}},{"type":"Feature","properties":{"layer":"roads"},"geometry":{"type":"LineString","coordinates":[[16.9757742,51.1305502],[16.975728,51.1305331],[16.9757164,51.1305289],[16.9757049,51.1305246],[16.9756933,51.1305203],[16.9756818,51.130516],[16.9756702,51.1305118],[16.9756587,51.1305075],[16.9756471,51.1305032],[16.9756356,51.130499],[16.975624,51.1304947],[16.9756151,51.1304881],[16.9756062,51.1304815],[16.9755974,51.1304748],[16.9755885,51.1304682],[16.9755796,51.1304616],[16.9755707,51.130455],[16.9755619,51.1304484],[16.975553,51.1304418],[16.9755441,51.1304351],[16.9755353,51.1304285],[16.9755264,51.1304219],[16.9755175,51.1304153],[16.9755086,51.1304087],[16.9754998,51.130402],[16.9754909,51.1303954],[16.975482,51.1303888],[16.9754796,51.130387],[16.9754713,51.1303805],[16.975463,51.130374],[16.9754547,51.1303675],[16.9754464,51.130361],[16.9754381,51.1303545],[16.9754298,51.130348],[16.9754215,51.1303416],[16.9754132,51.1303351],[16.9754049,51.1303286],[16.9753966,51.1303221],[16.9753883,51.1303156],[16.97538,51.1303091],[16.9753733,51.1303021],[16.9753665,51.1302951],[16.9753598,51.1302881],[16.975353,51.1302811],[16.9753463,51.1302741],[16.9753395,51.1302671],[16.9753328,51.1302601],[16.975326,51.1302531],[16.9753193,51.1302461],[16.9753125,51.1302391],[16.9753058,51.1302321],[16.9752994,51.130225],[16.975293,51.1302178],[16.9752866,51.1302107],[16.9752802,51.1302036],[16.9752738,51.1301965],[16.9752673,51.1301893],[16.9752609,51.1301822],[16.9752545,51.1301751],[16.9752481,51.130168],[16.9752417,51.1301608],[16.9752367,51.1301261]]}},{"type":"Feature","properties":{"layer":"roads"},"geometry":{"type":"LineString","coordinates":[[16.9752367,51.1301261],[16.9751869,51.1301721],[16.9751748,51.1301767],[16.9751627,51.1301813],[16.9751507,51.1301858],[16.9751386,51.1301904],[16.9751265,51.130195],[16.9751144,51.1301996],[16.9751023,51.1302042],[16.9750902,51.1302088],[16.9750781,51.1302134],[16.9750678,51.130219],[16.9750576,51.1302245],[16.9750473,51.1302301],[16.975037,51.1302356],[16.9750268,51.1302412],[16.9750165,51.1302467],[16.9750062,51.1302523],[16.974996,51.1302579],[16.9749624,51.1302769]]}},{"type":"Feature","properties":{"layer":"roads"},"geometry":{"type":"LineString","coordinates":[[16.9726697,51.1320159],[16.97264,51.1319897],[16.9726342,51.1319827],[16.9726324,51.1319748],[16.9726307,51.1319669],[16.9726289,51.131959],[16.9726272,51.1319512],[16.9726254,51.1319433],[16.9726237,51.1319354],[16.9726219,51.1319275],[16.9726191,51.1319193],[16.9726163,51.131911],[16.9726135,51.1319028],[16.9726108,51.1318946],[16.972608,51.1318863],[16.9726052,51.1318781],[16.9726024,51.1318699],[16.9725996,51.1318616],[16.9725969,51.1318534],[16.9725941,51.1318452],[16.9725913,51.1318369],[16.9725885,51.1318287],[16.972588,51.1318201],[16.9725875,51.1318114],[16.972587,51.1318027],[16.9725865,51.1317941],[16.972586,51.1317854],[16.9725855,51.1317768],[16.9725859,51.1317683],[16.9725862,51.1317598],[16.9725866,51.1317512],[16.972587,51.1317427],[16.9725874,51.1317342],[16.9725878,51.1317257],[16.9725881,51.1317172],[16.9725885,51.1317087],[16.9725889,51.1317002],[16.9725892,51.1316916],[16.9726156,51.1316643]]}},{"type":"Feature","properties":{"layer":"roads"},"geometry":{"type":"LineString","coordinates":[[16.9726697,51.1320159],[16.9726942,51.1320466],[16.9727019,51.1320539],[16.9727096,51.1320611],[16.9727172,51.1320683],[16.9727249,51.1320756],[16.9727326,51.1320828],[16.9727403,51.1320901],[16.972748,51.1320973],[16.9727557,51.1321045],[16.9727634,51.1321118],[16.9727711,51.132119],[16.9727769,51.1321271],[16.9727827,51.1321353],[16.9727885,51.1321434],[16.9727943,51.1321515],[16.9728001,51.1321596],[16.9728059,51.1321678],[16.9728117,51.1321759],[16.9728175,51.132184],[16.9728217,51.1321919],[16.9728258,51.1321997],[16.97283,51.1322076],[16.9728341,51.1322155],[16.9728383,51.1322234],[16.9728424,51.1322312],[16.9728466,51.1322391],[16.9728482,51.1322473],[16.9728497,51.1322556],[16.9728513,51.1322638],[16.9728528,51.1322721],[16.9728543,51.1322803],[16.9728559,51.1322885],[16.9728574,51.1322968],[16.972859,51.132305],[16.9728699,51.1323355]]}},{"type":"Feature","properties":{"layer":"roads"},"geometry":{"type":"LineString","coordinates":[[16.9726697,51.1320159],[16.9727107,51.1320009],[16.9727225,51.1319968],[16.9727343,51.1319926],[16.9727462,51.1319884],[16.972758,51.1319842],[16.9727697,51.1319793],[16.9727814,51.1319744],[16.972793,51.1319695],[16.9728047,51.1319647],[16.9728164,51.1319598],[16.9728281,51.1319549],[16.9728398,51.13195],[16.9728514,51.1319451],[16.9728631,51.1319402],[16.9728748,51.1319353],[16.9729266,51.1319118]]}},{"type":"Feature","properties":{"layer":"roads"},"geometry":{"type":"LineString","coordinates":[[16.9824343,51.1323458],[16.9824215,51.1323719],[16.982422,51.1323807],[16.9824226,51.1323895],[16.9824231,51.1323982],[16.9824236,51.132407],[16.9824241,51.1324157],[16.9824246,51.1324245],[16.9824252,51.1324332],[16.9824257,51.132442],[16.9824262,51.1324508],[16.9824267,51.1324595],[16.9824272,51.1324683],[16.9824278,51.132477],[16.9824283,51.1324858],[16.9824288,51.1324945],[16.9824293,51.1325033],[16.9824298,51.132512],[16.9824304,51.1325208],[16.9824309,51.1325296],[16.9824314,51.1325383],[16.9824319,51.1325471],[16.9824324,51.1325558],[16.982433,51.1325646],[16.9824335,51.1325733],[16.982434,51.1325821],[16.9824345,51.132591],[16.982435,51.1325999],[16.9824355,51.1326087],[16.9824361,51.1326176],[16.9824366,51.1326265],[16.9824371,51.1326354],[16.9824376,51.1326443],[16.9824381,51.1326532],[16.9824386,51.132662],[16.9824391,51.1326709],[16.9824396,51.1326798],[16.9824402,51.1326887],[16.9824407,51.1326976],[16.9824412,51.1327064],[16.9824417,51.1327153],[16.9824422,51.1327242],[16.9824427,51.1327331],[16.9824432,51.132742],[16.9824373,51.1327763]]}},{"type":"Feature","properties":{"layer":"roads"},"geometry":{"type":"LineString","coordinates":[[16.9824343,51.1323458],[16.9823936,51.1322938]]}},{"type":"Feature","properties":{"layer":"roads"},"geometry":{"type":"LineString","coordinates":[[16.9861065,51.1311187],[16.9861357,51.1311434],[16.9861457,51.131148],[16.9861557,51.1311526],[16.9861656,51.1311572],[16.9861756,51.1311618],[16.9861873,51.1311658],[16.9862347,51.1311804]]}},{"type":"Feature","properties":{"layer":"roads"},"geometry":{"type":"LineString","coordinates":[[16.9790936,51.1324906],[16.9791469,51.1324944],[16.9791611,51.1324938],[16.9791753,51.1324933],[16.9791895,51.1324927],[16.9792038,51.1324922],[16.979218,51.1324916],[16.9792322,51.132491],[16.9792464,51.1324905],[16.9792607,51.1324899],[16.9792749,51.1324893],[16.9792891,51.1324888],[16.9793033,51.1324882],[16.9793175,51.1324877],[16.9793318,51.1324871],[16.979346,51.1324865],[16.9793602,51.132486],[16.9793744,51.1324854],[16.9793887,51.1324848],[16.9794029,51.1324843],[16.9794171,51.1324837],[16.9794313,51.1324831],[16.9794455,51.1324826],[16.9794598,51.132482],[16.979474,51.1324815],[16.9794882,51.1324809],[16.9795024,51.1324803],[16.9795167,51.1324798],[16.9795309,51.1324792],[16.9795451,51.1324786],[16.9795593,51.1324781],[16.9795736,51.1324775],[16.9795878,51.132477],[16.979602,51.1324764],[16.9796162,51.1324758],[16.9796304,51.1324753],[16.9796447,51.1324747],[16.9796589,51.1324741],[16.9796731,51.1324736],[16.9796873,51.132473],[16.9797016,51.1324724],[16.9797158,51.1324719],[16.97973,51.1324713],[16.9797442,51.1324708],[16.9797584,51.1324702],[16.9797727,51.1324696],[16.9797869,51.1324691],[16.9798011,51.1324685],[16.9798153,51.1324679],[16.9798296,51.1324674],[16.9798438,51.1324668],[16.979858,51.1324663],[16.979902,51.1324517]]}},{"type":"Feature","properties":{"layer":"roads"},"geometry":{"type":"LineString","coordinates":[[16.9790936,51.1324906],[16.9790969,51.132461],[16.9790951,51.1324522],[16.9790932,51.1324434],[16.9790914,51.1324346],[16.9790896,51.1324259],[16.9790878,51.1324171],[16.9790859,51.1324083],[16.9790841,51.1323995],[16.9790823,51.1323907],[16.9790805,51.132382],[16.9790786,51.1323732],[16.9790768,51.1323644],[16.979075,51.1323556],[16.9790731,51.1323468],[16.9790713,51.1323381],[16.9790695,51.1323293],[16.9790677,51.1323205],[16.9790658,51.1323117],[16.979064,51.1323029],[16.9790622,51.1322942],[16.9790604,51.1322854],[16.9790585,51.1322766],[16.9790567,51.1322678],[16.97906,51.1322387]]}},{"type":"Feature","properties":{"layer":"roads"},"geometry":{"type":"LineString","coordinates":[[16.9858621,51.1345145],[16.9858592,51.1345452],[16.9858583,51.1345538],[16.9858574,51.1345624],[16.9858565,51.134571],[16.9858557,51.1345797],[16.9858548,51.1345883],[16.9858539,51.1345969],[16.9858561,51.1346048],[16.9858583,51.1346126],[16.9858605,51.1346205],[16.9858627,51.1346283],[16.9858649,51.1346362],[16.9858618,51.1346434],[16.9858587,51.1346506],[16.9858555,51.1346579],[16.9858524,51.1346651],[16.9858493,51.1346723],[16.9858428,51.1346801],[16.9858363,51.1346879],[16.9858298,51.1346957],[16.9858234,51.1347035],[16.9858169,51.1347114],[16.9858104,51.1347192],[16.9858039,51.134727],[16.9857974,51.1347348],[16.985796,51.134743],[16.9857946,51.1347511],[16.9857931,51.1347593],[16.9857917,51.1347674],[16.9857903,51.1347756],[16.9857902,51.1347837],[16.98579,51.1347919],[16.9857899,51.1348001],[16.9857898,51.1348082],[16.9857891,51.1348159],[16.9857883,51.1348237],[16.9857876,51.1348314],[16.9857869,51.1348392],[16.9857862,51.1348469],[16.9857854,51.1348547],[16.9857847,51.1348624],[16.9857839,51.1348712],[16.9857831,51.13488],[16.9857823,51.1348888],[16.9857815,51.1348977],[16.9857807,51.1349065],[16.9857799,51.1349153],[16.985779,51.1349241],[16.9857782,51.1349329],[16.9857774,51.1349417],[16.9857766,51.1349506],[16.9857758,51.1349594],[16.985775,51.1349682],[16.9857742,51.134977],[16.9857752,51.1349844],[16.9857763,51.1349918],[16.9857773,51.1349991],[16.9857784,51.1350065],[16.9857818,51.1350417]]}},{"type":"Feature","properties":{"layer":"roads"},"geometry":{"type":"LineString","coordinates":[[16.9858621,51.1345145],[16.985864,51.1344857],[16.9858646,51.1344773],[16.9858652,51.1344689],[16.9858657,51.1344605],[16.9858663,51.134452],[16.9858668,51.1344436],[16.9858674,51.1344352],[16.985868,51.1344268],[16.9858685,51.1344184],[16.9858691,51.13441],[16.9858696,51.1344016],[16.9858702,51.1343932],[16.9858705,51.1343844],[16.9858709,51.1343756],[16.9858712,51.1343668],[16.9858715,51.134358],[16.9858718,51.1343492],[16.9858721,51.1343404],[16.9858725,51.1343316],[16.9858728,51.1343228],[16.9858767,51.1343147],[16.9858805,51.1343066],[16.9858844,51.1342985],[16.9858883,51.1342903],[16.9858922,51.1342822],[16.985896,51.1342741],[16.9858999,51.134266],[16.9859038,51.1342579],[16.9859077,51.1342498],[16.9859115,51.1342417],[16.9859154,51.1342336],[16.985927,51.1342092],[16.9859527,51.1341728]]}},{"type":"Feature","properties":{"layer":"roads"},"geometry":{"type":"LineString","coordinates":[[16.97906,51.1322387],[16.9790079,51.132233],[16.9789941,51.1322331],[16.9789803,51.1322332],[16.9789664,51.1322333],[16.9789526,51.1322334],[16.9789388,51.1322335],[16.9789249,51.1322336],[16.9789111,51.1322337],[16.9788973,51.1322338],[16.9788834,51.1322339],[16.9788696,51.1322341],[16.9788558,51.1322342],[16.978842,51.1322343],[16.9788281,51.1322344],[16.9788143,51.1322345],[16.9788005,51.1322346],[16.9787866,51.1322347],[16.9787728,51.1322348],[16.978759,51.1322349],[16.9787452,51.132235],[16.9787313,51.1322351],[16.9787175,51.1322352],[16.9787036,51.132236],[16.9786896,51.1322368],[16.9786757,51.1322377],[16.9786618,51.1322385],[16.9786479,51.1322393],[16.9786339,51.1322401],[16.97862,51.1322409],[16.9786061,51.1322417],[16.9785922,51.1322426],[16.9785782,51.1322434],[16.9785643,51.1322442],[16.9785504,51.132245],[16.9785364,51.1322458],[16.9785225,51.1322467],[16.9785086,51.1322475],[16.9784947,51.1322483],[16.9784807,51.1322491],[16.9784668,51.1322499],[16.9784529,51.1322507],[16.978439,51.1322516],[16.978425,51.1322524],[16.9784111,51.1322532],[16.9783977,51.1322543],[16.9783844,51.1322554],[16.978371,51.1322566],[16.9783577,51.1322577],[16.9783444,51.1322588],[16.978331,51.1322599],[16.9783176,51.132261],[16.9782647,51.1322693]]}},{"type":"Feature","properties":{"layer":"roads"},"geometry":{"type":"LineString","coordinates":[[16.9782647,51.1322693],[16.9781963,51.1322755],[16.9781827,51.1322777],[16.978169,51.13228],[16.9781554,51.1322822],[16.9781417,51.1322844],[16.9781281,51.1322867],[16.9781144,51.1322889],[16.9781008,51.1322911],[16.9780871,51.1322934],[16.9780735,51.1322956],[16.9780598,51.1322978],[16.9780462,51.1323],[16.9780325,51.1323023],[16.9780189,51.1323045],[16.9780052,51.1323067],[16.9779916,51.132309],[16.9779779,51.1323112],[16.9779314,51.1323051]]}},{"type":"Feature","properties":{"layer":"roads"},"geometry":{"type":"LineString","coordinates":[[16.9866995,51.1316877],[16.9866362,51.1316856],[16.9866225,51.1316831],[16.9866098,51.1316802],[16.9865971,51.1316774],[16.9865844,51.1316745],[16.9865717,51.1316716],[16.9865589,51.1316688],[16.9865462,51.1316659],[16.9865335,51.131663],[16.9865208,51.1316601],[16.9865081,51.1316573],[16.9864954,51.1316544],[16.9864817,51.1316414],[16.9864685,51.1316426],[16.9864552,51.1316437],[16.986442,51.1316448],[16.9864287,51.131646],[16.9864123,51.1316455],[16.9863909,51.1316486],[16.986358,51.1316531],[16.9863301,51.1316562],[16.9863174,51.1316586],[16.9863046,51.1316609],[16.9862919,51.1316632],[16.9862791,51.1316656],[16.9862663,51.1316679],[16.9862536,51.1316702],[16.9862408,51.1316725],[16.9862281,51.1316749],[16.9862153,51.1316772],[16.9862026,51.1316781],[16.98619,51.131679],[16.9861773,51.1316799],[16.9861646,51.1316809],[16.986152,51.1316818],[16.9861393,51.1316827],[16.9861255,51.131681],[16.9861118,51.1316794],[16.986098,51.1316777],[16.986048,51.1316832]]}},{"type":"Feature","properties":{"layer":"roads"},"geometry":{"type":"LineString","coordinates":[[16.980925,51.1334205],[16.9809271,51.1333875],[16.9809259,51.133379],[16.9809247,51.1333706],[16.9809234,51.1333621],[16.9809222,51.1333537],[16.9809209,51.1333452],[16.9809197,51.1333368],[16.9809185,51.1333283],[16.9809172,51.1333199],[16.980916,51.1333114],[16.9809148,51.133303],[16.9809135,51.1332945],[16.9809123,51.1332861],[16.9809033,51.1332792],[16.9808944,51.1332724],[16.9808854,51.1332655],[16.9808435,51.1332324]]}},{"type":"Feature","properties":{"layer":"roads"},"geometry":{"type":"LineString","coordinates":[[16.980925,51.1334205],[16.980877,51.1334026],[16.9808657,51.1333972],[16.9808545,51.1333917],[16.9808432,51.1333863],[16.9808319,51.1333809],[16.9808207,51.1333755],[16.9808094,51.13337],[16.9807982,51.1333646],[16.9807869,51.1333592],[16.9807752,51.1333544],[16.9807635,51.1333495],[16.9807517,51.1333447],[16.98074,51.1333398],[16.9807283,51.133335],[16.9807166,51.1333301],[16.9807049,51.1333253],[16.9806931,51.1333205],[16.9806814,51.1333156],[16.9806697,51.1333108],[16.980658,51.1333059],[16.9806463,51.1333011],[16.9806346,51.1332962],[16.9806228,51.1332914],[16.9806111,51.1332866],[16.9805994,51.1332817],[16.9805311,51.1332619]]}},{"type":"Feature","properties":{"layer":"roads"},"geometry":{"type":"LineString","coordinates":[[16.9781505,51.1337127],[16.9781999,51.1336878],[16.9782104,51.1336822],[16.978221,51.1336766],[16.9782315,51.133671],[16.978242,51.1336654],[16.9782526,51.1336598],[16.9782631,51.1336542],[16.9782736,51.1336485],[16.9782841,51.1336429],[16.9782947,51.1336373],[16.9783052,51.1336317],[16.9783157,51.1336261],[16.9783263,51.1336205],[16.9783368,51.1336149],[16.9783473,51.1336092],[16.9783578,51.1336036],[16.9783684,51.133598],[16.9783789,51.1335924],[16.9783892,51.1335871],[16.9783996,51.1335818],[16.9784099,51.1335765],[16.9784202,51.1335712],[16.9784306,51.1335659],[16.9784409,51.1335606],[16.9784512,51.1335553],[16.9784616,51.13355],[16.9784719,51.1335447],[16.9784823,51.1335394],[16.9784926,51.1335341],[16.9785029,51.1335288],[16.9785133,51.1335235],[16.9785236,51.1335182],[16.9785295,51.1335105],[16.9785355,51.1335028],[16.9785414,51.133495],[16.9785474,51.1334873],[16.9785807,51.1334605]]}},{"type":"Feature","properties":{"layer":"roads"},"geometry":{"type":"LineString","coordinates":[[16.9781505,51.1337127],[16.9781969,51.1337344],[16.9782067,51.1337404],[16.9782164,51.1337464],[16.9782262,51.1337524],[16.978236,51.1337584],[16.9782457,51.1337645],[16.9782555,51.1337705],[16.9782653,51.1337765],[16.9782807,51.1338039]]}},{"type":"Feature","properties":{"layer":"roads"},"geometry":{"type":"LineString","coordinates":[[16.9781505,51.1337127],[16.978113,51.1337278],[16.9781017,51.1337322],[16.9780905,51.1337366],[16.9780793,51.133741],[16.9780681,51.1337454],[16.9780562,51.1337495],[16.9780442,51.1337535],[16.9780323,51.1337576],[16.9780203,51.1337616],[16.9780083,51.1337657],[16.9779964,51.1337698],[16.9779845,51.1337738],[16.9779725,51.1337779],[16.9779605,51.1337819],[16.9779245,51.1338059]]}},{"type":"Feature","properties":{"layer":"roads"},"geometry":{"type":"LineString","coordinates":[[16.9761422,51.1343722],[16.9761688,51.1343954],[16.9761817,51.1343993],[16.9761946,51.1344032],[16.9762075,51.134407],[16.9762204,51.1344109],[16.9762333,51.1344148],[16.9762462,51.1344187],[16.9762591,51.1344226],[16.976272,51.1344265],[16.9762849,51.1344303],[16.9762978,51.1344342],[16.9763107,51.1344381],[16.9763236,51.134442],[16.9763365,51.1344459],[16.9763494,51.1344498],[16.9763622,51.1344536],[16.9763751,51.1344575],[16.976388,51.1344614],[16.9764009,51.1344653],[16.9764138,51.1344692],[16.9764267,51.1344731],[16.9764396,51.1344769],[16.9764525,51.1344808],[16.9764654,51.1344847],[16.9764783,51.1344886],[16.9764912,51.1344925],[16.9765041,51.1344964],[16.976517,51.1345002],[16.9765299,51.1345041],[16.9765428,51.134508],[16.9765546,51.1345126],[16.9765663,51.1345171],[16.9765781,51.1345217],[16.9765898,51.1345262],[16.9766016,51.1345308],[16.9766134,51.1345354],[16.9766251,51.1345399],[16.9766369,51.1345445],[16.9766486,51.134549],[16.9766604,51.1345536],[16.9766722,51.1345582],[16.9766839,51.1345627],[16.9766957,51.1345673],[16.9767075,51.1345719],[16.9767192,51.1345764],[16.976731,51.134581],[16.9767427,51.1345855],[16.9767906,51.1345888]]}},{"type":"Feature","properties":{"layer":"roads"},"geometry":{"type":"LineString","coordinates":[[16.9761422,51.1343722],[16.976072,51.1343656],[16.9760596,51.1343628],[16.9760471,51.13436],[16.9760347,51.1343572],[16.9760223,51.1343544],[16.9760098,51.1343516],[16.9759974,51.1343488],[16.9759849,51.134346],[16.9759725,51.1343432],[16.9759603,51.1343397],[16.975948,51.1343361],[16.9759358,51.1343326],[16.9759236,51.134329],[16.9759114,51.1343255],[16.9758991,51.134322],[16.975851,51.1343074]]}},{"type":"Feature","properties":{"layer":"roads"},"geometry":{"type":"LineString","coordinates":[[16.9761422,51.1343722],[16.9761924,51.1343567],[16.9762063,51.1343546],[16.9762201,51.1343525],[16.976234,51.1343504],[16.9762465,51.1343472],[16.9762591,51.134344],[16.9762716,51.1343408],[16.9762841,51.1343376],[16.9762966,51.1343344],[16.9763091,51.1343312],[16.9763217,51.134328],[16.9763342,51.1343248],[16.9763459,51.134321],[16.9763575,51.1343172],[16.9763692,51.1343133],[16.9763809,51.1343095],[16.9763925,51.1343057],[16.9764042,51.1343019],[16.9764142,51.1342977],[16.9764241,51.1342936],[16.9764341,51.1342894],[16.9764441,51.1342853],[16.976454,51.1342811],[16.976464,51.134277],[16.9764746,51.134272],[16.9764853,51.1342671],[16.9764959,51.1342621],[16.9765066,51.1342572],[16.9765256,51.1342451],[16.9765722,51.1342144]]}},{"type":"Feature","properties":{"layer":"roads"},"geometry":{"type":"LineString","coordinates":[[16.9767906,51.1345888],[16.976798,51.134561],[16.9767954,51.1345523],[16.9767929,51.1345437],[16.9767903,51.1345351],[16.9767878,51.1345264],[16.9767852,51.1345178],[16.9767827,51.1345091],[16.9767801,51.1345005],[16.9767776,51.1344918],[16.976775,51.1344832],[16.9767725,51.1344745],[16.9767699,51.1344658],[16.9767673,51.1344572],[16.9767648,51.1344486],[16.9767622,51.1344399],[16.9767597,51.1344312],[16.9767571,51.1344226],[16.9767546,51.134414],[16.976752,51.1344053],[16.9767495,51.1343966],[16.9767469,51.134388],[16.9767444,51.1343794],[16.9767418,51.1343707],[16.9767393,51.1343621],[16.9767367,51.1343534],[16.9767342,51.1343448],[16.9767316,51.1343361],[16.9767291,51.1343275],[16.9767265,51.1343188],[16.976724,51.1343103],[16.9767215,51.1343018],[16.976719,51.1342933],[16.9767165,51.1342848],[16.976714,51.1342763],[16.9767115,51.1342678],[16.976709,51.1342593],[16.9767065,51.1342508],[16.976704,51.1342423],[16.9767015,51.1342338],[16.976699,51.1342253],[16.9766965,51.1342168],[16.976694,51.1342083],[16.9766773,51.1341761]]}},{"type":"Feature","properties":{"layer":"roads"},"geometry":{"type":"LineString","coordinates":[[16.9751199,51.1332983],[16.9751188,51.133334],[16.9751216,51.1333421],[16.9751244,51.1333502],[16.9751272,51.1333582],[16.9751299,51.1333663],[16.9751327,51.1333743],[16.9751355,51.1333824],[16.9751383,51.1333905],[16.9751411,51.1333985],[16.9751439,51.1334066],[16.9751462,51.1334154],[16.9751485,51.1334243],[16.9751508,51.1334331],[16.9751531,51.133442],[16.9751554,51.1334508],[16.9751577,51.1334597],[16.97516,51.1334685],[16.9751622,51.1334774],[16.9751645,51.1334862],[16.9751668,51.1334951],[16.9751691,51.1335039],[16.9751714,51.1335128],[16.9751737,51.1335216],[16.975176,51.1335305],[16.9751783,51.1335393],[16.9751806,51.1335482],[16.9751829,51.133557],[16.9751852,51.1335659],[16.9751875,51.1335747],[16.9751898,51.1335836],[16.9751921,51.1335924],[16.9751943,51.1336013],[16.9751966,51.1336101],[16.9751989,51.133619],[16.9752012,51.1336278],[16.9752035,51.1336367],[16.9752058,51.1336455],[16.9752081,51.1336544],[16.9752104,51.1336632],[16.975213,51.133672],[16.9752155,51.1336808],[16.9752181,51.1336897],[16.9752207,51.1336985],[16.9752232,51.1337073],[16.9752258,51.1337161],[16.9752284,51.1337249],[16.975231,51.1337337],[16.9752335,51.1337426],[16.9752212,51.1337712]]}},{"type":"Feature","properties":{"layer":"roads"},"geometry":{"type":"LineString","coordinates":[[16.9751199,51.1332983],[16.9750724,51.1333355],[16.9750622,51.1333399],[16.975052,51.1333443],[16.9750397,51.1333476],[16.9750274,51.1333509],[16.9750151,51.1333542],[16.9750028,51.1333575],[16.9749905,51.1333608],[16.9749782,51.1333641],[16.9749659,51.1333674],[16.9749535,51.1333707],[16.9749412,51.133374],[16.9749289,51.1333773],[16.9749166,51.1333806],[16.9749043,51.1333839],[16.974892,51.1333872],[16.9748797,51.1333905],[16.9748674,51.1333938],[16.9748559,51.1333984],[16.9748443,51.1334031],[16.9748328,51.1334077],[16.9748213,51.1334123],[16.9748097,51.133417],[16.9747982,51.1334216],[16.9747866,51.1334263],[16.9747407,51.1334448]]}},{"type":"Feature","properties":{"layer":"roads"},"geometry":{"type":"LineString","coordinates":[[16.9751199,51.1332983],[16.9751642,51.1333211],[16.975177,51.1333219],[16.975191,51.1333209],[16.975205,51.13332],[16.975219,51.133319],[16.9752329,51.1333181],[16.9752469,51.1333171],[16.9752609,51.1333162],[16.9752749,51.1333152],[16.9752889,51.1333143],[16.9753029,51.1333133],[16.9753169,51.1333124],[16.9753309,51.1333114],[16.9753448,51.1333105],[16.9753588,51.1333095],[16.9753728,51.1333086],[16.9753868,51.1333076],[16.9754008,51.1333066],[16.9754148,51.1333057],[16.9754288,51.1333047],[16.9754427,51.1333038],[16.9754567,51.1333028],[16.9754707,51.1333019],[16.9754847,51.1333009],[16.9754987,51.1333],[16.9755127,51.133299],[16.9755267,51.1332981],[16.9755865,51.1332884]]}},{"type":"Feature","properties":{"layer":"roads"},"geometry":{"type":"LineString","coordinates":[[16.9752212,51.1337712],[16.9751811,51.1337611],[16.975171,51.1337549],[16.9751609,51.1337487],[16.9751509,51.1337425],[16.9751408,51.1337364],[16.9751308,51.1337302],[16.9751207,51.133724],[16.9751106,51.1337178],[16.9751006,51.1337116],[16.9750905,51.1337055],[16.9750805,51.1336993],[16.9750704,51.1336931],[16.9750603,51.1336869],[16.9750503,51.1336808],[16.9750402,51.1336746],[16.9750301,51.1336684],[16.9750201,51.1336622],[16.97501,51.1336561],[16.975,51.1336499],[16.9749899,51.1336437],[16.9749813,51.1336368],[16.9749727,51.13363],[16.9749641,51.1336231],[16.9749555,51.1336163],[16.9749469,51.1336094],[16.9749383,51.1336025],[16.9749297,51.1335957],[16.9749211,51.1335888],[16.9749125,51.133582],[16.9749039,51.1335751],[16.9748953,51.1335683],[16.9748867,51.1335614],[16.9748781,51.1335545],[16.9748695,51.1335477],[16.9748609,51.1335408],[16.9748523,51.133534],[16.9748437,51.1335271],[16.9748351,51.1335202],[16.9748265,51.1335134],[16.9748179,51.1335065],[16.9748093,51.1334997],[16.9748007,51.1334928],[16.9747921,51.133486],[16.9747835,51.1334791],[16.9747749,51.1334722],[16.9747407,51.1334448]]}},{"type":"Feature","properties":{"layer":"roads"},"geometry":{"type":"LineString","coordinates":[[16.9829349,51.1363286],[16.9829064,51.1363674],[16.9829038,51.1363753],[16.9829012,51.1363833],[16.9828986,51.1363913],[16.9828959,51.1363992],[16.9828933,51.1364071],[16.9828907,51.1364151],[16.9828881,51.1364231],[16.9828855,51.136431],[16.982884,51.1364398],[16.9828824,51.1364485],[16.9828809,51.1364573],[16.9828794,51.136466],[16.9828778,51.1364748],[16.9828763,51.1364836],[16.9828748,51.1364923],[16.9828733,51.1365011],[16.9828717,51.1365099],[16.9828702,51.1365186],[16.9828687,51.1365274],[16.9828671,51.1365361],[16.9828656,51.1365449],[16.9828561,51.1365491],[16.9828465,51.1365532],[16.982837,51.1365574],[16.9827955,51.1365775]]}},{"type":"Feature","properties":{"layer":"roads"},"geometry":{"type":"LineString","coordinates":[[16.9829349,51.1363286],[16.9829787,51.1363064],[16.9829908,51.1363016],[16.9830028,51.1362968],[16.9830149,51.1362921],[16.983027,51.1362873],[16.9830391,51.1362825],[16.9830511,51.1362777],[16.9830632,51.1362729],[16.9830753,51.1362681],[16.9830874,51.1362634],[16.9830994,51.1362586],[16.9831115,51.1362538],[16.9831236,51.136249],[16.9831357,51.1362442],[16.9831478,51.1362394],[16.9831598,51.1362346],[16.9831719,51.1362299],[16.983184,51.1362251],[16.9831961,51.1362203],[16.9832081,51.1362155],[16.9832202,51.1362107],[16.9832323,51.1362059],[16.9832444,51.1362012],[16.9832564,51.1361964],[16.9832685,51.1361916],[16.9832806,51.1361868],[16.9832927,51.136182],[16.9833048,51.1361772],[16.9833168,51.1361724],[16.9833289,51.1361677],[16.983341,51.1361629],[16.9833531,51.1361581],[16.9833651,51.1361533],[16.9833772,51.1361485],[16.9833893,51.1361437],[16.9834014,51.136139],[16.9834134,51.1361342],[16.9834255,51.1361294],[16.9834376,51.1361246],[16.9834503,51.1361209],[16.983463,51.1361172],[16.9834756,51.1361135],[16.9834883,51.1361098],[16.983501,51.1361061],[16.9835309,51.1360851]]}},{"type":"Feature","properties":{"layer":"roads"},"geometry":{"type":"LineString","coordinates":[[16.9678745,51.1307998],[16.9678926,51.130828],[16.9678971,51.130835],[16.9679042,51.1308422],[16.9679113,51.1308495],[16.9679185,51.1308567],[16.9679256,51.130864],[16.9679327,51.1308712],[16.9679396,51.1308788],[16.9679465,51.1308864],[16.9679534,51.130894],[16.9679603,51.1309016],[16.9679673,51.1309092],[16.9679742,51.1309168],[16.9679811,51.1309244],[16.967988,51.130932],[16.9679949,51.1309396],[16.9680018,51.1309473],[16.9680087,51.1309549],[16.9680156,51.1309625],[16.9680225,51.1309701],[16.9680294,51.1309777],[16.9680363,51.1309853],[16.9680433,51.1309929],[16.9680502,51.1310005],[16.9680571,51.1310081],[16.968064,51.1310157],[16.9680709,51.1310233],[16.9680762,51.1310309],[16.9680815,51.1310385],[16.9680868,51.1310461],[16.968092,51.1310536],[16.9680973,51.1310612],[16.9681026,51.1310688],[16.9681079,51.1310764],[16.9681132,51.131084],[16.9681184,51.1310916],[16.9681237,51.1310991],[16.968129,51.1311067],[16.9681343,51.1311143],[16.9681384,51.1311227],[16.9681425,51.1311311],[16.9681465,51.1311395],[16.9681506,51.1311479],[16.9681547,51.1311563],[16.9681588,51.1311646],[16.9681629,51.131173],[16.9681669,51.1311814],[16.968171,51.1311898],[16.9681751,51.1311982],[16.9681784,51.1312061],[16.9681846,51.1312348]]}},{"type":"Feature","properties":{"layer":"roads"},"geometry":{"type":"LineString","coordinates":[[16.9681846,51.1312348],[16.9681393,51.1312245],[16.9681263,51.1312212],[16.9681132,51.1312179],[16.9681002,51.1312145],[16.9680872,51.1312112],[16.9680741,51.1312079],[16.9680611,51.1312046],[16.9680481,51.1312012],[16.968035,51.1311979],[16.968022,51.1311946],[16.968009,51.1311913],[16.967996,51.1311879],[16.9679829,51.1311846],[16.9679699,51.1311813],[16.9679574,51.131177],[16.9679449,51.1311726],[16.9679325,51.1311683],[16.96792,51.1311639],[16.9679075,51.1311596],[16.9678947,51.1311565],[16.967882,51.1311534],[16.9678692,51.1311502],[16.9678565,51.1311471],[16.9678437,51.131144],[16.9678309,51.1311409],[16.9678182,51.1311378],[16.9678054,51.1311346],[16.9677927,51.1311315],[16.9677799,51.1311284],[16.9677659,51.1311298],[16.9677518,51.1311312],[16.9677378,51.1311325],[16.9676982,51.1311462]]}},{"type":"Feature","properties":{"layer":"roads"},"geometry":{"type":"LineString","coordinates":[[16.9681846,51.1312348],[16.9682033,51.1312715],[16.9682063,51.1312799],[16.9682092,51.1312884],[16.9682122,51.1312968],[16.9682152,51.1313052],[16.9682182,51.1313136],[16.9682211,51.1313221],[16.9682241,51.1313305],[16.9682271,51.1313389],[16.96823,51.1313474],[16.968233,51.1313558],[16.968236,51.1313642],[16.968239,51.1313726],[16.9682419,51.1313811],[16.9682449,51.1313895],[16.9682017,51.1314105]]}},{"type":"Feature","properties":{"layer":"roads"},"geometry":{"type":"LineString","coordinates":[[16.9681846,51.1312348],[16.9682587,51.1312545],[16.9683118,51.1312573]]}},{"type":"Feature","properties":{"layer":"roads"},"geometry":{"type":"LineString","coordinates":[[16.9771343,51.1311804],[16.9771108,51.1312243],[16.9771094,51.1312332],[16.977108,51.1312421],[16.9771066,51.131251],[16.9771053,51.1312599],[16.9771039,51.1312687],[16.9771025,51.1312776],[16.9771011,51.1312865],[16.9770997,51.1312954],[16.9770984,51.1313043],[16.977097,51.1313132],[16.9770956,51.1313221],[16.9770942,51.131331],[16.9770928,51.1313399],[16.9770915,51.1313488],[16.9770901,51.1313577],[16.9770887,51.1313666],[16.9770873,51.1313755],[16.977086,51.1313844],[16.9770846,51.1313933],[16.9770832,51.1314022],[16.9770818,51.1314111],[16.9770804,51.1314199],[16.9770791,51.1314288],[16.9770777,51.1314377],[16.9770763,51.1314466],[16.9770749,51.1314555],[16.9770735,51.1314644],[16.9770722,51.1314733],[16.9770708,51.1314822],[16.9770694,51.1314911],[16.9770685,51.1315],[16.9770676,51.131509],[16.9770667,51.1315179],[16.9770658,51.1315269],[16.9770649,51.1315358],[16.9770639,51.1315447],[16.977063,51.1315537],[16.9770621,51.1315626],[16.9770612,51.1315716],[16.9770603,51.1315805],[16.9770594,51.1315894],[16.9770585,51.1315984],[16.9770576,51.1316073],[16.9770567,51.1316163],[16.9770297,51.1316384]]}},{"type":"Feature","properties":{"layer":"roads"},"geometry":{"type":"LineString","coordinates":[[16.9771343,51.1311804],[16.9771476,51.1311509],[16.9771538,51.1311434],[16.9771601,51.1311358],[16.9771663,51.1311283],[16.9771726,51.1311207],[16.9771788,51.1311132],[16.9771851,51.1311056],[16.9771927,51.131098],[16.9772003,51.1310904],[16.977208,51.1310828],[16.9772156,51.1310752],[16.9772232,51.1310676],[16.9772308,51.13106],[16.9772385,51.1310524],[16.9772461,51.1310448],[16.9772537,51.1310372],[16.9772613,51.1310296],[16.9772689,51.1310219],[16.9772766,51.1310143],[16.9772842,51.1310067],[16.9772918,51.1309991],[16.9772994,51.1309915],[16.9773071,51.1309839],[16.9773147,51.1309763],[16.9773223,51.1309687],[16.9773299,51.1309611],[16.9773376,51.1309535],[16.9773452,51.1309459],[16.9773528,51.1309383],[16.9773619,51.1309327],[16.9773711,51.1309271],[16.9773802,51.1309215],[16.9773894,51.1309159],[16.9773985,51.1309103],[16.9774077,51.1309047],[16.9774168,51.1308991],[16.9774282,51.1308937],[16.9774396,51.1308883],[16.977451,51.1308829],[16.9774624,51.1308775],[16.9774738,51.1308722],[16.9774852,51.1308668],[16.9774966,51.1308614],[16.977508,51.130856],[16.9775194,51.1308506],[16.9775298,51.1308462],[16.9775403,51.1308419],[16.9775507,51.1308375],[16.9775924,51.13082]]}},{"type":"Feature","properties":{"layer":"roads"},"geometry":{"type":"LineString","coordinates":[[16.9747407,51.1334448],[16.9747032,51.1334605],[16.9746612,51.1334788]]}},{"type":"Feature","properties":{"layer":"roads"},"geometry":{"type":"LineString","coordinates":[[16.9777448,51.1338283],[16.9777097,51.1338491],[16.9776967,51.1338519],[16.9776836,51.1338547],[16.9776706,51.1338575],[16.9776576,51.1338602],[16.9776446,51.133863],[16.9776315,51.1338658],[16.9776185,51.1338686],[16.9776069,51.1338734],[16.9775953,51.1338781],[16.9775837,51.1338829],[16.9775721,51.1338877],[16.9775605,51.1338924],[16.9775489,51.1338972],[16.9775373,51.133902],[16.9775257,51.1339067],[16.9775141,51.1339115],[16.9775025,51.1339163],[16.9774909,51.133921],[16.9774793,51.1339258],[16.9774677,51.1339306],[16.9774561,51.1339353],[16.9774445,51.1339401],[16.9774328,51.1339449],[16.9774212,51.1339496],[16.9774096,51.1339544],[16.977398,51.1339592],[16.9773864,51.1339639],[16.9773748,51.1339687],[16.9773632,51.1339735],[16.9773516,51.1339782],[16.97734,51.133983],[16.9773284,51.1339878],[16.9773168,51.1339925],[16.9773052,51.1339973],[16.9772936,51.1340021],[16.977282,51.1340068],[16.9772704,51.1340116],[16.9772603,51.1340168],[16.9772091,51.1340277]]}},{"type":"Feature","properties":{"layer":"roads"},"geometry":{"type":"LineString","coordinates":[[16.9777448,51.1338283],[16.9776987,51.1338149],[16.9776847,51.1338146],[16.9776707,51.1338143],[16.9776566,51.1338139],[16.9776426,51.1338136],[16.9776286,51.1338133],[16.9776146,51.133813],[16.9776005,51.1338126],[16.9775865,51.1338123],[16.9775725,51.133812],[16.9775585,51.1338117],[16.9775444,51.1338113],[16.9775304,51.133811],[16.9775164,51.1338107],[16.9775024,51.1338104],[16.9774883,51.13381],[16.9774743,51.1338097],[16.9774603,51.1338094],[16.9774463,51.1338091],[16.9774322,51.1338087],[16.9774182,51.1338084],[16.9774042,51.1338081],[16.9773902,51.1338078],[16.9773761,51.1338074],[16.9773621,51.1338071],[16.9773481,51.1338068],[16.9773341,51.1338065],[16.97732,51.1338061],[16.977306,51.1338058],[16.9772499,51.1338045]]}},{"type":"Feature","properties":{"layer":"roads"},"geometry":{"type":"LineString","coordinates":[[16.9777448,51.1338283],[16.9777989,51.1338234],[16.9778124,51.1338222],[16.9778259,51.133821],[16.9778395,51.1338197],[16.9778665,51.133817],[16.9779245,51.1338059]]}},{"type":"Feature","properties":{"layer":"roads"},"geometry":{"type":"LineString","coordinates":[[16.9772091,51.1340277],[16.9772026,51.134],[16.9772047,51.1339911],[16.9772069,51.1339822],[16.977209,51.1339733],[16.9772112,51.1339644],[16.9772133,51.1339556],[16.9772155,51.1339467],[16.9772177,51.1339378],[16.9772198,51.1339289],[16.977222,51.13392],[16.9772241,51.1339111],[16.9772263,51.1339022],[16.9772284,51.1338934],[16.9772306,51.1338845],[16.9772327,51.1338756],[16.9772349,51.1338667],[16.977237,51.1338578],[16.9772391,51.1338489],[16.9772413,51.13384],[16.9772499,51.1338045]]}},{"type":"Feature","properties":{"layer":"roads"},"geometry":{"type":"LineString","coordinates":[[16.9772091,51.1340277],[16.9771867,51.1340579],[16.9770844,51.1340788]]}},{"type":"Feature","properties":{"layer":"roads"},"geometry":{"type":"LineString","coordinates":[[16.9808435,51.1332324],[16.9808856,51.1332117],[16.9808947,51.1332051],[16.9809037,51.1331985],[16.9809127,51.1331919],[16.9809218,51.1331853],[16.9809308,51.1331788],[16.9809398,51.1331722],[16.9809489,51.1331656],[16.9809579,51.133159],[16.980967,51.1331524],[16.980976,51.1331458],[16.980985,51.1331393],[16.9809941,51.1331327],[16.9810031,51.1331261],[16.9810121,51.1331195],[16.9810212,51.1331129],[16.9810302,51.1331063],[16.9810392,51.1330998],[16.9810483,51.1330932],[16.9810573,51.1330866],[16.9810661,51.1330796],[16.9810748,51.1330727],[16.9810836,51.1330657],[16.9810924,51.1330587],[16.9811011,51.1330518],[16.9811099,51.1330448],[16.9811186,51.1330379],[16.9811274,51.1330309],[16.9811362,51.1330239],[16.9811449,51.133017],[16.9811537,51.13301],[16.9811624,51.133003],[16.9811712,51.1329961],[16.98118,51.1329891],[16.9811887,51.1329822],[16.9811975,51.1329752],[16.9812073,51.132969],[16.9812172,51.1329627],[16.981227,51.1329565],[16.9812369,51.1329503],[16.9812467,51.1329441],[16.9812565,51.1329378],[16.9812664,51.1329316],[16.9812762,51.1329254],[16.981286,51.1329192],[16.9812959,51.1329129],[16.9813057,51.1329067],[16.9813156,51.1329005],[16.9813254,51.1328943],[16.9813352,51.132888],[16.9813451,51.1328818],[16.9813636,51.132868],[16.981415,51.1328364]]}},{"type":"Feature","properties":{"layer":"roads"},"geometry":{"type":"LineString","coordinates":[[16.9808435,51.1332324],[16.9807934,51.1332415],[16.9807793,51.1332424],[16.9807653,51.1332433],[16.9807513,51.1332442],[16.9807372,51.1332451],[16.9807232,51.133246],[16.9807092,51.1332469],[16.9806952,51.1332478],[16.9806811,51.1332486],[16.9806671,51.1332495],[16.9806531,51.1332504],[16.980639,51.1332513],[16.980625,51.1332522],[16.980611,51.1332531],[16.9805311,51.1332619]]}},{"type":"Feature","properties":{"layer":"roads"},"geometry":{"type":"LineString","coordinates":[[16.9835309,51.1360851],[16.98359,51.136081],[16.9836288,51.1360725],[16.9836418,51.1360696],[16.9836547,51.1360667],[16.9836676,51.1360639],[16.9836805,51.136061],[16.9836935,51.1360581],[16.9837323,51.1360496],[16.9837696,51.1360339]]}},{"type":"Feature","properties":{"layer":"roads"},"geometry":{"type":"LineString","coordinates":[[16.9858813,51.1337375],[16.9859239,51.1337432],[16.9859364,51.1337474],[16.9859489,51.1337515],[16.9859614,51.1337556],[16.9859739,51.1337598],[16.9859865,51.1337639],[16.985999,51.133768],[16.9860115,51.1337721],[16.986024,51.1337763],[16.9860365,51.1337804],[16.986049,51.1337845],[16.9860616,51.1337887],[16.9860741,51.1337928],[16.9860866,51.1337969],[16.9860991,51.133801],[16.9861116,51.1338052],[16.9861241,51.1338093],[16.9861367,51.1338134],[16.9861492,51.1338176],[16.9861617,51.1338217],[16.9861742,51.1338258],[16.9861867,51.1338299],[16.9861992,51.1338341],[16.9862118,51.1338382],[16.9862243,51.1338423],[16.9862368,51.1338465],[16.9862493,51.1338506],[16.9862618,51.1338547],[16.9862743,51.1338588],[16.9862869,51.133863],[16.9862994,51.1338671],[16.9863119,51.1338712],[16.9863244,51.1338754],[16.9863369,51.1338795],[16.9863494,51.1338836],[16.986362,51.1338877],[16.9863745,51.1338919],[16.986387,51.133896],[16.9863995,51.1339001],[16.986443,51.1339221]]}},{"type":"Feature","properties":{"layer":"roads"},"geometry":{"type":"LineString","coordinates":[[16.9858813,51.1337375],[16.9858676,51.1337664],[16.9858689,51.1337751],[16.9858701,51.1337839],[16.9858714,51.1337927],[16.9858727,51.1338014],[16.9858739,51.1338102],[16.9858752,51.1338189],[16.9858764,51.1338277],[16.9858777,51.1338364],[16.985879,51.1338452],[16.9858802,51.133854],[16.9858815,51.1338627],[16.9858828,51.1338715],[16.985884,51.1338802],[16.9858853,51.133889],[16.9858865,51.1338977],[16.9858878,51.1339065],[16.9858893,51.133915],[16.9858908,51.1339235],[16.9858923,51.1339321],[16.9858938,51.1339406],[16.9858953,51.1339491],[16.9858968,51.1339576],[16.9858983,51.1339661],[16.9858998,51.1339747],[16.9859013,51.1339832],[16.9859028,51.1339917],[16.9859043,51.1340002],[16.9859058,51.1340087],[16.9859073,51.1340173],[16.9859088,51.1340258],[16.9859103,51.1340343],[16.9859118,51.1340428],[16.9859133,51.1340513],[16.9859148,51.1340599],[16.9859163,51.1340684],[16.9859178,51.1340769],[16.9859187,51.1340858],[16.9859197,51.1340946],[16.9859206,51.1341035],[16.9859215,51.1341124],[16.9859225,51.1341213],[16.9859234,51.1341301],[16.9859243,51.134139],[16.9859253,51.1341479],[16.9859527,51.1341728]]}},{"type":"Feature","properties":{"layer":"roads"},"geometry":{"type":"LineString","coordinates":[[16.9859527,51.1341728],[16.9859917,51.1341482],[16.9859993,51.1341411],[16.9860069,51.1341341],[16.9860145,51.1341271],[16.9860222,51.1341201],[16.9860298,51.1341131],[16.9860374,51.1341061],[16.986045,51.134099],[16.9860527,51.134092],[16.9860603,51.134085],[16.9860695,51.1340789],[16.9860787,51.1340727],[16.9860879,51.1340666],[16.9860972,51.1340604],[16.9861064,51.1340542],[16.9861156,51.1340481],[16.9861254,51.1340426],[16.9861352,51.1340372],[16.9861449,51.1340318],[16.9861547,51.1340263],[16.9861645,51.1340208],[16.9861742,51.1340154],[16.986184,51.13401],[16.9861938,51.1340045],[16.9862065,51.1340007],[16.9862192,51.1339969],[16.9862319,51.1339931],[16.9862446,51.1339893],[16.9862573,51.1339855],[16.9862699,51.1339817],[16.9862826,51.1339779],[16.9862953,51.1339741],[16.986308,51.1339703],[16.9863207,51.1339665],[16.9863334,51.1339627],[16.9863462,51.1339593],[16.9863591,51.1339558],[16.9863719,51.1339524],[16.9863847,51.133949],[16.9863976,51.1339455],[16.9864104,51.1339421],[16.986443,51.1339221]]}},{"type":"Feature","properties":{"layer":"roads"},"geometry":{"type":"LineString","coordinates":[[16.9786177,51.1292249],[16.9786025,51.1292643],[16.9785985,51.1292729],[16.9785945,51.1292815],[16.9785905,51.1292902],[16.9785865,51.1292988],[16.9785825,51.1293074],[16.9785786,51.129316],[16.9785746,51.1293246],[16.9785706,51.1293332],[16.9785671,51.129365]]}},{"type":"Feature","properties":{"layer":"roads"},"geometry":{"type":"LineString","coordinates":[[16.9786177,51.1292249],[16.9786567,51.1292566],[16.9786663,51.1292633],[16.9786758,51.1292699],[16.9786854,51.1292766],[16.978695,51.1292833],[16.9787045,51.12929],[16.9787141,51.1292966],[16.9787237,51.1293033],[16.9787333,51.12931],[16.9787428,51.1293166],[16.9787524,51.1293233],[16.978762,51.12933],[16.9787784,51.1293582]]}},{"type":"Feature","properties":{"layer":"roads"},"geometry":{"type":"LineString","coordinates":[[16.9786177,51.1292249],[16.9786313,51.129196],[16.9786346,51.1291876],[16.9786378,51.1291791],[16.978641,51.1291706],[16.9786443,51.1291622],[16.9786475,51.1291537],[16.9786503,51.1291457],[16.978653,51.1291378],[16.9786558,51.1291298],[16.9786585,51.1291218],[16.9786613,51.1291138],[16.9786641,51.1291058],[16.9786668,51.1290979],[16.9786696,51.1290899],[16.9786736,51.1290826],[16.9786776,51.1290753],[16.9786816,51.129068],[16.9786856,51.1290608],[16.9786896,51.1290535],[16.9786936,51.1290462],[16.9786994,51.1290386],[16.9787051,51.1290309],[16.9787109,51.1290233],[16.9787166,51.1290157],[16.9787224,51.129008],[16.9787281,51.1290004],[16.9787339,51.1289928],[16.9787396,51.1289851],[16.9787454,51.1289775],[16.9787524,51.1289701],[16.9787595,51.1289628],[16.9787665,51.1289554],[16.9787736,51.1289481],[16.9787806,51.1289407],[16.9787877,51.1289334],[16.9787947,51.128926],[16.9788018,51.1289187],[16.9788208,51.1288939]]}},{"type":"Feature","properties":{"layer":"roads"},"geometry":{"type":"LineString","coordinates":[[16.9676982,51.1311462],[16.967642,51.1311368],[16.9676072,51.1311248],[16.9675545,51.1311188]]}},{"type":"Feature","properties":{"layer":"roads"},"geometry":{"type":"LineString","coordinates":[[16.9676982,51.1311462],[16.9677199,51.1311736],[16.967731,51.131179],[16.967742,51.1311845],[16.9677531,51.1311899],[16.9677641,51.1311954],[16.9677752,51.1312009],[16.9677862,51.1312063],[16.9677973,51.1312118],[16.9678083,51.1312172],[16.9678194,51.1312227],[16.9678305,51.1312282],[16.9678415,51.1312336],[16.9678526,51.1312391],[16.9678636,51.1312445],[16.9678747,51.13125],[16.9678857,51.1312555],[16.9678968,51.1312609],[16.9679078,51.1312664],[16.9679189,51.1312718],[16.9679299,51.1312773],[16.967941,51.1312827],[16.967952,51.1312882],[16.9679631,51.1312937],[16.9679741,51.1312991],[16.9679852,51.1313046],[16.9679962,51.13131],[16.9680073,51.1313155],[16.9680184,51.131321],[16.9680294,51.1313264],[16.9680405,51.1313319],[16.9680515,51.1313373],[16.9680626,51.1313428],[16.9680736,51.1313483],[16.9680847,51.1313537],[16.9680957,51.1313592],[16.9681068,51.1313646],[16.9681178,51.1313701],[16.9681289,51.1313756],[16.9681399,51.131381],[16.968151,51.1313865],[16.968162,51.1313919],[16.9682017,51.1314105]]}},{"type":"Feature","properties":{"layer":"roads"},"geometry":{"type":"LineString","coordinates":[[16.9682017,51.1314105],[16.9681465,51.1314202],[16.9681327,51.1314199],[16.968119,51.1314195],[16.9681052,51.1314191],[16.9680914,51.1314188],[16.9680776,51.1314184],[16.9680635,51.1314184],[16.9680494,51.1314184],[16.9680353,51.1314183],[16.9680212,51.1314183],[16.9680071,51.1314183],[16.9679929,51.1314183],[16.9679788,51.1314183],[16.9679647,51.1314182],[16.9679506,51.1314182],[16.9679365,51.1314182],[16.9679224,51.1314182],[16.9679083,51.1314182],[16.9678942,51.1314182],[16.9678801,51.1314181],[16.967866,51.1314181],[16.9678518,51.1314181],[16.9678377,51.1314181],[16.9677684,51.1314132]]}},{"type":"Feature","properties":{"layer":"roads"},"geometry":{"type":"LineString","coordinates":[[16.9682017,51.1314105],[16.9682655,51.1314271]]}},{"type":"Feature","properties":{"layer":"roads"},"geometry":{"type":"LineString","coordinates":[[16.9682655,51.1314271],[16.9683107,51.1314184],[16.9683242,51.1314172],[16.9683377,51.131416],[16.9683511,51.1314148],[16.9683646,51.1314136],[16.9683781,51.1314123],[16.9683916,51.1314111],[16.9684051,51.1314099],[16.9684185,51.1314087],[16.968432,51.1314075],[16.9684455,51.1314063],[16.968459,51.1314051],[16.9684724,51.1314039],[16.9684859,51.1314027],[16.9684994,51.1314015],[16.968513,51.1314001],[16.9685266,51.1313988],[16.9685402,51.1313974],[16.9685538,51.131396],[16.9685674,51.1313946],[16.968581,51.1313933],[16.9685946,51.1313919],[16.9686082,51.1313905],[16.9686218,51.1313891],[16.9686353,51.1313878],[16.9686837,51.1313715]]}},{"type":"Feature","properties":{"layer":"roads"},"geometry":{"type":"LineString","coordinates":[[16.9682655,51.1314271],[16.9682667,51.1314566],[16.9682692,51.131465],[16.9682717,51.1314733],[16.9682791,51.1314984],[16.9682877,51.131514],[16.9683072,51.1315403]]}},{"type":"Feature","properties":{"layer":"roads"},"geometry":{"type":"LineString","coordinates":[[16.9763779,51.1290946],[16.976426,51.1291002],[16.9764399,51.1290981],[16.9764539,51.129096],[16.9764678,51.1290939],[16.9764817,51.1290918],[16.9764956,51.1290897],[16.9765095,51.1290876],[16.9765235,51.1290854],[16.9765374,51.1290833],[16.9765513,51.1290812],[16.9765652,51.1290791],[16.9765791,51.129077],[16.9765931,51.1290749],[16.976607,51.1290728],[16.9766209,51.1290707],[16.9766348,51.1290685],[16.9766487,51.1290664],[16.9766627,51.1290643],[16.9766766,51.1290622],[16.9766905,51.1290601],[16.9767038,51.1290589],[16.976717,51.1290577],[16.9767303,51.1290565],[16.9767436,51.1290552],[16.9767568,51.129054],[16.9767701,51.1290528],[16.9767834,51.1290516],[16.9767966,51.1290504],[16.9768099,51.1290492],[16.9768231,51.129048],[16.9768364,51.1290467],[16.9768497,51.1290455],[16.9768629,51.1290443],[16.9768762,51.1290431],[16.97689,51.1290424],[16.9769037,51.1290416],[16.9769175,51.1290409],[16.9769312,51.1290402],[16.976945,51.1290395],[16.9769588,51.1290387],[16.9769725,51.129038],[16.9769863,51.1290373],[16.977,51.1290366],[16.9770138,51.1290358],[16.9770276,51.1290351],[16.9770413,51.1290344],[16.9770898,51.1290376]]}},{"type":"Feature","properties":{"layer":"roads"},"geometry":{"type":"LineString","coordinates":[[16.9770898,51.1290376],[16.9770632,51.1290003],[16.9770584,51.1289923],[16.9770535,51.1289844],[16.9770487,51.1289764],[16.9770439,51.1289684],[16.977039,51.1289604],[16.9770342,51.1289525],[16.9770293,51.1289445],[16.9770245,51.1289365],[16.9770197,51.1289285],[16.9770148,51.1289206],[16.97701,51.1289126],[16.9770051,51.1289046],[16.9770003,51.1288966],[16.9769954,51.1288887],[16.9769906,51.1288807],[16.9769871,51.128872],[16.9769835,51.1288634],[16.97698,51.1288547],[16.9769765,51.1288461],[16.976973,51.1288374],[16.9769694,51.1288288],[16.9769659,51.1288201],[16.9769624,51.1288115],[16.9769589,51.1288028],[16.9769553,51.1287942],[16.9769518,51.1287855],[16.9769483,51.1287769],[16.9769448,51.1287682],[16.9769412,51.1287596],[16.9769377,51.1287509],[16.9769342,51.1287423],[16.9769307,51.1287336],[16.9769271,51.128725],[16.9769236,51.1287163],[16.9769214,51.1287075],[16.9769193,51.1286986],[16.9769171,51.1286898],[16.9769149,51.128681],[16.9769128,51.1286722],[16.9769106,51.1286633],[16.9768937,51.1286384]]}},{"type":"Feature","properties":{"layer":"roads"},"geometry":{"type":"LineString","coordinates":[[16.9674456,51.1321072],[16.9674916,51.1321023],[16.9675054,51.1321002],[16.9675193,51.132098],[16.9675332,51.1320958],[16.967547,51.1320936],[16.9675609,51.1320915],[16.9675747,51.1320893],[16.9675886,51.1320871],[16.9676025,51.1320849],[16.9676163,51.1320828],[16.9676534,51.1320638]]}},{"type":"Feature","properties":{"layer":"roads"},"geometry":{"type":"LineString","coordinates":[[16.9674456,51.1321072],[16.9674197,51.1321474],[16.9674191,51.132156],[16.9674184,51.1321645],[16.9674178,51.1321731],[16.9674171,51.1321816],[16.9674165,51.1321902],[16.9673914,51.1322209]]}},{"type":"Feature","properties":{"layer":"roads"},"geometry":{"type":"LineString","coordinates":[[16.9744539,51.1328715],[16.9744607,51.1329005],[16.9744624,51.132909],[16.9744642,51.1329175],[16.9744659,51.1329261],[16.9744677,51.1329346],[16.9744694,51.1329431],[16.9744701,51.1329515],[16.9744708,51.1329598],[16.9744715,51.1329682],[16.9744722,51.1329765],[16.974473,51.1329849],[16.9744737,51.1329933],[16.9744744,51.1330016],[16.9744751,51.13301],[16.9744758,51.1330183],[16.9744765,51.1330267],[16.9744759,51.1330354],[16.9744753,51.1330442],[16.9744747,51.1330529],[16.9744741,51.1330617],[16.9744736,51.1330704],[16.974473,51.1330792],[16.9744724,51.1330879],[16.9744718,51.1330967],[16.9744712,51.1331054],[16.9744675,51.1331136],[16.9744639,51.1331218],[16.9744602,51.13313],[16.9744566,51.1331382],[16.9744529,51.1331464],[16.9744493,51.1331546],[16.9744456,51.1331629],[16.974442,51.1331711],[16.9744383,51.1331793],[16.974426,51.1332078]]}},{"type":"Feature","properties":{"layer":"roads"},"geometry":{"type":"LineString","coordinates":[[16.9744539,51.1328715],[16.9744553,51.1328311],[16.9744557,51.1328223],[16.9744561,51.1328134],[16.9744565,51.1328046],[16.9744569,51.1327958],[16.9744573,51.1327869],[16.9744577,51.1327781],[16.9744569,51.1327703],[16.9744561,51.1327626],[16.9744528,51.1327315]]}},{"type":"Feature","properties":{"layer":"roads"},"geometry":{"type":"LineString","coordinates":[[16.9744539,51.1328715],[16.974403,51.1328643],[16.9743904,51.1328637],[16.9743777,51.1328632],[16.9743642,51.1328623],[16.9743507,51.1328614],[16.9743372,51.1328606],[16.9743237,51.1328597],[16.9743102,51.1328588],[16.9742967,51.1328579],[16.9742832,51.132857],[16.9742698,51.1328562],[16.9742563,51.1328553],[16.9742428,51.1328544],[16.9742293,51.1328535],[16.9742158,51.1328527],[16.9742023,51.1328518],[16.9741888,51.1328509],[16.9741749,51.1328496],[16.974161,51.1328484],[16.9741471,51.1328471],[16.9740914,51.132842]]}},{"type":"Feature","properties":{"layer":"roads"},"geometry":{"type":"LineString","coordinates":[[16.9824373,51.1327763],[16.9824995,51.1327861],[16.982513,51.1327882],[16.9825265,51.1327903],[16.9825401,51.1327925],[16.9825536,51.1327946],[16.9825672,51.1327968],[16.9825807,51.1327989],[16.9825942,51.132801],[16.9826078,51.1328032],[16.9826213,51.1328053],[16.9826348,51.1328074],[16.9826484,51.1328096],[16.9826619,51.1328117],[16.9826755,51.1328139],[16.982689,51.132816],[16.9827025,51.1328181],[16.9827161,51.1328203],[16.9827296,51.1328224],[16.9827432,51.1328246],[16.9827567,51.1328267],[16.9827699,51.1328296],[16.9827831,51.1328324],[16.9827963,51.1328353],[16.9828096,51.1328382],[16.9828228,51.132841],[16.982836,51.1328439],[16.9828492,51.1328468],[16.9828624,51.1328496],[16.9828756,51.1328525],[16.9828889,51.1328554],[16.9829021,51.1328582],[16.9829153,51.1328611],[16.9829285,51.132864],[16.9829417,51.1328669],[16.9829549,51.1328697],[16.9829682,51.1328726],[16.9829814,51.1328755],[16.9829946,51.1328783],[16.9830078,51.1328812],[16.983021,51.1328841],[16.9830722,51.1328923]]}},{"type":"Feature","properties":{"layer":"roads"},"geometry":{"type":"LineString","coordinates":[[16.9824373,51.1327763],[16.9823902,51.1327705],[16.9823764,51.1327687],[16.9823626,51.132767],[16.9823489,51.1327652],[16.9823351,51.1327635],[16.9823213,51.1327617],[16.9823075,51.13276],[16.9822937,51.1327582],[16.98228,51.1327565],[16.9822662,51.1327547],[16.9822524,51.132753],[16.9822386,51.1327512],[16.9822249,51.1327495],[16.9822111,51.1327477],[16.9821973,51.132746],[16.9821835,51.1327442],[16.9821697,51.1327425],[16.982156,51.1327407],[16.9821422,51.132739],[16.9821284,51.1327372],[16.9821146,51.1327355],[16.9821009,51.1327337],[16.9820871,51.132732],[16.9820733,51.1327302],[16.9820591,51.132729],[16.9820449,51.1327277],[16.9820307,51.1327265],[16.9820165,51.1327253],[16.9820023,51.1327241],[16.9819881,51.1327228],[16.981974,51.1327216],[16.9819598,51.1327204],[16.9819456,51.1327191],[16.9819314,51.1327179],[16.9819172,51.1327167],[16.9818681,51.1327131]]}},{"type":"Feature","properties":{"layer":"roads"},"geometry":{"type":"LineString","coordinates":[[16.9788208,51.1288939],[16.9789139,51.1288743],[16.9789378,51.1288685],[16.9789757,51.1288517]]}},{"type":"Feature","properties":{"layer":"roads"},"geometry":{"type":"LineString","coordinates":[[16.9681488,51.1339466],[16.9681742,51.1339823],[16.9681788,51.1339906],[16.9681834,51.1339989],[16.968188,51.1340072],[16.9681926,51.1340155],[16.9681972,51.1340238],[16.9682017,51.1340322],[16.9682063,51.1340405],[16.9682109,51.1340488],[16.9682155,51.1340571],[16.9682201,51.1340654],[16.9682247,51.1340737],[16.968232,51.1341045]]}},{"type":"Feature","properties":{"layer":"roads"},"geometry":{"type":"LineString","coordinates":[[16.9681488,51.1339466],[16.9681982,51.133945],[16.9682123,51.1339437],[16.9682264,51.1339424],[16.9682404,51.133941],[16.9682545,51.1339397],[16.9682686,51.1339384],[16.9682827,51.133937],[16.9682968,51.1339357],[16.9683109,51.1339344],[16.968325,51.1339331],[16.9683391,51.1339317],[16.9683532,51.1339304],[16.9683673,51.1339291],[16.9683813,51.1339277],[16.9683954,51.1339264],[16.9684095,51.1339251],[16.9684236,51.1339237],[16.9684377,51.1339224],[16.9684518,51.1339211],[16.9684659,51.1339198],[16.96848,51.1339184],[16.9684941,51.1339171],[16.9685082,51.1339158],[16.9685222,51.1339144],[16.9685363,51.1339131],[16.9685504,51.1339118],[16.9685645,51.1339105],[16.9685786,51.1339091],[16.9685927,51.1339078],[16.9686066,51.1339079],[16.9686204,51.1339081],[16.9686343,51.1339082],[16.9686482,51.1339083],[16.9686621,51.1339084],[16.9686759,51.1339086],[16.9686898,51.1339087],[16.9687037,51.1339088],[16.9687176,51.1339089],[16.9687314,51.1339091],[16.9687453,51.1339092],[16.9687592,51.1339093],[16.9687731,51.1339094],[16.9687869,51.1339096],[16.9688008,51.1339097],[16.968806,51.1339165],[16.9688112,51.1339233],[16.9688164,51.1339301],[16.9688215,51.1339368],[16.9688436,51.133967]]}},{"type":"Feature","properties":{"layer":"roads"},"geometry":{"type":"LineString","coordinates":[[16.9793576,51.1338242],[16.9793703,51.1337949],[16.979374,51.1337864],[16.9793777,51.1337779],[16.9793814,51.1337694],[16.9793851,51.1337609],[16.9793887,51.1337525],[16.9793924,51.133744],[16.9793961,51.1337355],[16.9793998,51.133727],[16.9794035,51.1337185],[16.9794071,51.1337101],[16.9794108,51.1337016],[16.9794145,51.1336931],[16.9794182,51.1336846],[16.9794219,51.1336761],[16.9794255,51.1336677],[16.9794292,51.1336592],[16.9794329,51.1336507],[16.9794366,51.1336422],[16.9794403,51.1336337],[16.9794439,51.1336253],[16.9794476,51.1336168],[16.9794513,51.1336083],[16.979455,51.1335998],[16.9794587,51.1335913],[16.9794623,51.1335829],[16.979466,51.1335744],[16.9794697,51.1335659],[16.9794735,51.1335572],[16.9794773,51.1335486],[16.9794811,51.1335399],[16.9794849,51.1335312],[16.9794887,51.1335225],[16.9794924,51.1335139],[16.9794962,51.1335052],[16.9795,51.1334965],[16.9795038,51.1334879],[16.9795076,51.1334792],[16.9795114,51.1334705],[16.9795152,51.1334618],[16.979519,51.1334532],[16.9795228,51.1334445],[16.9795266,51.1334358],[16.9795303,51.1334272],[16.9795341,51.1334185],[16.9795249,51.1333878]]}},{"type":"Feature","properties":{"layer":"roads"},"geometry":{"type":"LineString","coordinates":[[16.9793576,51.1338242],[16.9793437,51.1338515],[16.9793398,51.1338593],[16.9793359,51.1338671],[16.979332,51.1338749],[16.9793281,51.1338827],[16.9793242,51.1338905],[16.9793156,51.1338971],[16.979307,51.1339036],[16.9792984,51.1339102],[16.9792898,51.1339167],[16.9792812,51.1339233],[16.9792726,51.1339298],[16.979264,51.1339364],[16.9792554,51.1339429],[16.9792468,51.1339495],[16.9792382,51.133956],[16.9792296,51.1339626],[16.9792222,51.1339693],[16.9792149,51.1339759],[16.9792075,51.1339826],[16.9792002,51.1339892],[16.9791928,51.1339959],[16.9791855,51.1340025],[16.9791781,51.1340092],[16.9791718,51.1340165],[16.9791654,51.1340238],[16.9791591,51.1340311],[16.9791527,51.1340384],[16.9791464,51.1340457],[16.9791095,51.1340625]]}},{"type":"Feature","properties":{"layer":"roads"},"geometry":{"type":"LineString","coordinates":[[16.9793576,51.1338242],[16.9793032,51.1338194],[16.9792892,51.1338191],[16.9792751,51.1338189],[16.9792611,51.1338186],[16.9792471,51.1338184],[16.9792331,51.1338182],[16.979219,51.1338179],[16.979205,51.1338177],[16.979191,51.1338175],[16.9791769,51.1338172],[16.9791629,51.133817],[16.9791489,51.1338168],[16.9791349,51.1338165],[16.9791208,51.1338163],[16.9791068,51.133816],[16.9790928,51.1338158],[16.9790788,51.1338156],[16.9790647,51.1338153],[16.9790507,51.1338151],[16.9790367,51.1338149],[16.9790226,51.1338146],[16.9790086,51.1338144],[16.9789946,51.1338142],[16.9789806,51.1338139],[16.9789665,51.1338137],[16.9789525,51.1338134],[16.978889,51.1338115]]}},{"type":"Feature","properties":{"layer":"roads"},"geometry":{"type":"LineString","coordinates":[[16.9840819,51.1313458],[16.9841177,51.1313746],[16.9841659,51.131377]]}},{"type":"Feature","properties":{"layer":"roads"},"geometry":{"type":"LineString","coordinates":[[16.9840819,51.1313458],[16.9840379,51.1313628],[16.9840257,51.1313657],[16.9840134,51.1313686],[16.9840012,51.1313715],[16.9839889,51.1313744],[16.9839767,51.1313773],[16.9839645,51.1313802],[16.9839522,51.1313831],[16.98394,51.131386],[16.9839298,51.1313919],[16.9839196,51.1313979],[16.9839094,51.1314038],[16.9838992,51.1314098],[16.983889,51.1314157],[16.9838788,51.1314216],[16.9838686,51.1314276],[16.9838584,51.1314335],[16.9838482,51.1314395],[16.983838,51.1314454],[16.9838278,51.1314513],[16.9838176,51.1314573],[16.9838074,51.1314632],[16.9837972,51.1314692],[16.983787,51.1314751],[16.9837749,51.1314792],[16.9837627,51.1314833],[16.9837506,51.1314874],[16.9837385,51.1314916],[16.9837263,51.1314957],[16.9837142,51.1314998],[16.9837021,51.1315039],[16.9836899,51.131508],[16.9836778,51.1315121],[16.9836657,51.1315163],[16.9836535,51.1315204],[16.9836414,51.1315245],[16.9836292,51.1315286],[16.9836171,51.1315327],[16.983605,51.1315368],[16.9835928,51.1315409],[16.9835807,51.1315451],[16.9835686,51.1315492],[16.9835564,51.1315533],[16.9835443,51.1315574],[16.9835322,51.1315615],[16.98352,51.1315656],[16.9835079,51.1315698],[16.9834958,51.1315739],[16.9834836,51.131578],[16.9834337,51.1316003]]}},{"type":"Feature","properties":{"layer":"roads"},"geometry":{"type":"LineString","coordinates":[[16.9766773,51.1341761],[16.9767243,51.1341502],[16.9767344,51.1341441],[16.9767445,51.1341381],[16.9767545,51.1341321],[16.9767646,51.1341261],[16.9767747,51.13412],[16.9767848,51.134114],[16.9767948,51.134108],[16.9768049,51.1341019],[16.976815,51.1340959],[16.9768231,51.1340905],[16.9768311,51.1340851],[16.9768392,51.1340796],[16.9768472,51.1340742],[16.9768553,51.1340688],[16.9768661,51.1340631],[16.9768768,51.1340573],[16.97694,51.1340461]]}},{"type":"Feature","properties":{"layer":"roads"},"geometry":{"type":"LineString","coordinates":[[16.9766773,51.1341761],[16.9766719,51.1341401],[16.9766688,51.1341316],[16.9766658,51.1341231],[16.9766382,51.1340933]]}},{"type":"Feature","properties":{"layer":"roads"},"geometry":{"type":"LineString","coordinates":[[16.9766773,51.1341761],[16.976643,51.1341943],[16.9766328,51.1341993],[16.9766226,51.1342043],[16.9765722,51.1342144]]}},{"type":"Feature","properties":{"layer":"roads"},"geometry":{"type":"LineString","coordinates":[[16.9751199,51.1332983],[16.9751003,51.133268],[16.9750862,51.1332671],[16.9750721,51.1332661],[16.975058,51.1332652],[16.9750439,51.1332642],[16.9750298,51.1332633],[16.9750158,51.1332623],[16.9750017,51.1332613],[16.9749876,51.1332604],[16.9749735,51.1332594],[16.9749594,51.1332585],[16.9749453,51.1332575],[16.9749312,51.1332565],[16.9749171,51.1332556],[16.974903,51.1332546],[16.9748889,51.1332537],[16.9748748,51.1332527],[16.9748607,51.1332518],[16.9748467,51.1332508],[16.9748326,51.1332498],[16.9748185,51.1332489],[16.9748044,51.1332479],[16.9747903,51.133247],[16.9747762,51.133246],[16.9747621,51.133245],[16.974748,51.1332441],[16.9747339,51.1332431],[16.9747198,51.1332422],[16.9747057,51.1332412],[16.9746916,51.1332403],[16.9746775,51.1332393],[16.9746635,51.1332383],[16.9746494,51.1332374],[16.9746353,51.1332364],[16.9746212,51.1332355],[16.9746071,51.1332345],[16.974593,51.1332336],[16.9745789,51.1332326],[16.9745648,51.1332316],[16.9745507,51.1332307],[16.9745366,51.1332297],[16.9745225,51.1332288],[16.9745084,51.1332278],[16.9744944,51.1332268],[16.9744803,51.1332259],[16.9744662,51.1332249],[16.974426,51.1332078]]}},{"type":"Feature","properties":{"layer":"roads"},"geometry":{"type":"LineString","coordinates":[[16.9751199,51.1332983],[16.9751217,51.133238],[16.9751235,51.1332302],[16.9751233,51.1332215],[16.9751231,51.1332128],[16.9751228,51.1332041],[16.9751226,51.1331954],[16.9751224,51.1331867],[16.9751222,51.133178],[16.975122,51.1331693],[16.9751218,51.1331606],[16.9751215,51.1331519],[16.9751213,51.1331432],[16.9751211,51.1331345],[16.9751201,51.1331258],[16.9751191,51.1331171],[16.9751181,51.1331084],[16.9751171,51.1330997],[16.9751136,51.1330602]]}},{"type":"Feature","properties":{"layer":"roads"},"geometry":{"type":"LineString","coordinates":[[16.974426,51.1332078],[16.9743706,51.1332394],[16.9743593,51.1332437],[16.974348,51.1332481],[16.9743366,51.1332525],[16.9743253,51.1332569],[16.9743151,51.1332609],[16.9742744,51.1332767]]}},{"type":"Feature","properties":{"layer":"roads"},"geometry":{"type":"LineString","coordinates":[[16.9768937,51.1286384],[16.9768977,51.1286107],[16.9768915,51.1285852],[16.9768894,51.1285767],[16.9768913,51.1285465]]}},{"type":"Feature","properties":{"layer":"roads"},"geometry":{"type":"LineString","coordinates":[[16.987961,51.1299117],[16.9879698,51.129885],[16.9879752,51.1298773],[16.9879806,51.1298696],[16.987986,51.1298619],[16.9879914,51.1298542],[16.9879968,51.1298465],[16.9880022,51.1298388],[16.9880076,51.129831],[16.988013,51.1298233],[16.9880184,51.1298156],[16.9880238,51.1298079],[16.9880289,51.1298002],[16.988034,51.1297925],[16.9880391,51.1297849],[16.9880442,51.1297772],[16.9880493,51.1297695],[16.9880543,51.1297618],[16.9880594,51.1297541],[16.9880645,51.1297464],[16.9880905,51.1297167]]}},{"type":"Feature","properties":{"layer":"roads"},"geometry":{"type":"LineString","coordinates":[[16.9707893,51.1312067],[16.970812,51.1312396],[16.9708177,51.1312478],[16.9708234,51.131256],[16.9708291,51.1312642],[16.9708348,51.1312725],[16.9708404,51.1312807],[16.9708461,51.1312889],[16.9708518,51.1312971],[16.9708575,51.1313053],[16.9708632,51.1313136],[16.9708688,51.1313218],[16.9708745,51.13133],[16.9708802,51.1313382],[16.9708859,51.1313464],[16.9708916,51.1313547],[16.9708973,51.1313629],[16.9709029,51.1313711],[16.9709086,51.1313793],[16.9709143,51.1313875],[16.97092,51.1313958],[16.9709257,51.131404],[16.9709313,51.1314122],[16.970937,51.1314204],[16.9709427,51.1314287],[16.9709484,51.1314369],[16.9709541,51.1314451],[16.9709597,51.1314533],[16.9709654,51.1314615],[16.9709711,51.1314698],[16.9709768,51.131478],[16.9709825,51.1314862],[16.9709882,51.1314944],[16.9709938,51.1315026],[16.9709995,51.1315109],[16.9710052,51.1315191],[16.9710109,51.1315273],[16.9710166,51.1315355],[16.9710222,51.1315437],[16.9710279,51.131552],[16.9710336,51.1315602],[16.9710393,51.1315684],[16.971045,51.1315766],[16.9710677,51.1316095]]}},{"type":"Feature","properties":{"layer":"roads"},"geometry":{"type":"LineString","coordinates":[[16.9848355,51.1313875],[16.9847877,51.1313922],[16.9847758,51.1313934],[16.9847638,51.1313946],[16.98475,51.1313938],[16.9847361,51.1313931],[16.9847223,51.1313923],[16.9847085,51.1313916],[16.9846946,51.1313908],[16.9846808,51.1313901],[16.9846669,51.1313893],[16.9846531,51.1313886],[16.9846393,51.1313878],[16.9846254,51.1313871],[16.9846116,51.1313863],[16.9845978,51.1313855],[16.9845839,51.1313848],[16.9845701,51.131384],[16.9845563,51.1313833],[16.9845424,51.1313825],[16.9845286,51.1313818],[16.9845147,51.131381],[16.9845009,51.1313803],[16.9844871,51.1313795],[16.9844732,51.1313788],[16.9844594,51.131378],[16.9844459,51.1313772],[16.9844325,51.1313764],[16.984419,51.1313755],[16.9844056,51.1313747],[16.9843921,51.1313739],[16.9843787,51.1313731],[16.9843652,51.1313722],[16.9843518,51.1313714],[16.9843383,51.1313706],[16.9843257,51.1313693],[16.984313,51.1313679],[16.9843004,51.1313666],[16.9842877,51.1313653],[16.9842751,51.1313639],[16.9842624,51.1313626],[16.9842498,51.1313612],[16.9842371,51.1313599],[16.9842239,51.1313581],[16.9842108,51.1313563],[16.9841976,51.1313545],[16.9841845,51.1313527],[16.9840819,51.1313458]]}},{"type":"Feature","properties":{"layer":"roads"},"geometry":{"type":"LineString","coordinates":[[16.9753415,51.1298273],[16.9752993,51.1298403],[16.9752881,51.1298458],[16.9752769,51.1298512],[16.9752657,51.1298567],[16.9752545,51.1298621],[16.9752433,51.1298676],[16.9752321,51.1298731],[16.9752209,51.1298785],[16.9752097,51.129884],[16.9751985,51.1298894],[16.9751872,51.1298949],[16.975176,51.1299003],[16.9751648,51.1299058],[16.9751536,51.1299112],[16.9751424,51.1299167],[16.9751312,51.1299222],[16.97512,51.1299276],[16.9751088,51.1299331],[16.9750525,51.1299601]]}},{"type":"Feature","properties":{"layer":"roads"},"geometry":{"type":"LineString","coordinates":[[16.9753415,51.1298273],[16.9753731,51.1298494],[16.9753804,51.1298572],[16.9753877,51.1298649],[16.9753949,51.1298726],[16.9754022,51.1298804],[16.9754094,51.1298881],[16.9754167,51.1298959],[16.9754239,51.1299036],[16.9754312,51.1299113],[16.9754385,51.1299191],[16.9754456,51.1299558]]}},{"type":"Feature","properties":{"layer":"roads"},"geometry":{"type":"LineString","coordinates":[[16.9753415,51.1298273],[16.9753724,51.1298046],[16.9753819,51.1297999],[16.9753927,51.1297943],[16.9754034,51.1297887],[16.9754142,51.1297831],[16.975425,51.1297775],[16.9754358,51.1297719],[16.9754465,51.1297663],[16.9754573,51.1297607],[16.9754681,51.1297551],[16.9754789,51.1297495],[16.9754896,51.1297439],[16.9755004,51.1297383],[16.9755112,51.1297327],[16.975522,51.1297271],[16.9755327,51.1297215],[16.9755435,51.1297159],[16.9755543,51.1297103],[16.9755651,51.1297047],[16.9755758,51.1296991],[16.9755866,51.1296935],[16.9755974,51.1296878],[16.9756082,51.1296822],[16.9756189,51.1296766],[16.9756297,51.129671],[16.9756405,51.1296654],[16.9756513,51.1296598],[16.975662,51.1296542],[16.9756728,51.1296486],[16.9756836,51.129643],[16.9756944,51.1296374],[16.9757051,51.1296318],[16.9757159,51.1296262],[16.9757267,51.1296206],[16.9757375,51.129615],[16.9757482,51.1296094],[16.975759,51.1296038],[16.9757698,51.1295982],[16.9757806,51.1295926],[16.9757913,51.129587],[16.9758347,51.1295818]]}},{"type":"Feature","properties":{"layer":"roads"},"geometry":{"type":"LineString","coordinates":[[16.9694574,51.1314782],[16.9693793,51.1314655],[16.9693657,51.1314632],[16.9693521,51.1314609],[16.9693385,51.1314585],[16.9693248,51.1314562],[16.9693112,51.1314539],[16.9692976,51.1314515],[16.969284,51.1314492],[16.9692704,51.1314468],[16.9692567,51.1314445],[16.9692431,51.1314422],[16.9692295,51.1314398],[16.9692159,51.1314375],[16.9692023,51.1314351],[16.9691887,51.1314328],[16.969175,51.1314305],[16.9691614,51.1314281],[16.9691478,51.1314258],[16.9691342,51.1314235],[16.9691206,51.1314211],[16.9691069,51.1314188],[16.9690933,51.1314164],[16.9690797,51.1314141],[16.9690658,51.1314125],[16.9690518,51.1314109],[16.9690379,51.1314093],[16.969024,51.1314077],[16.96901,51.1314061],[16.9689961,51.1314045],[16.9689822,51.1314029],[16.9689682,51.1314013],[16.9689543,51.1313996],[16.9689404,51.131398],[16.9689264,51.1313964],[16.9689125,51.1313948],[16.9688986,51.1313932],[16.9688846,51.1313916],[16.9688383,51.1313862]]}},{"type":"Feature","properties":{"layer":"roads"},"geometry":{"type":"LineString","coordinates":[[16.9694574,51.1314782],[16.9694739,51.131451],[16.969488,51.13145],[16.969502,51.1314489],[16.969516,51.1314479],[16.9695301,51.1314468],[16.9695441,51.1314458],[16.9695581,51.1314447],[16.9695722,51.1314436],[16.9695862,51.1314426],[16.9696002,51.1314415],[16.9696143,51.1314405],[16.9696283,51.1314394],[16.9696423,51.1314384],[16.9696564,51.1314373],[16.9696704,51.1314362],[16.9696844,51.1314352],[16.9696985,51.1314341],[16.9697125,51.1314331],[16.9697265,51.131432],[16.9697406,51.1314309],[16.9697546,51.1314299],[16.9697686,51.1314288],[16.9697826,51.1314278],[16.9697967,51.1314267],[16.9698107,51.1314257],[16.9698247,51.1314246],[16.9698388,51.1314235],[16.9698528,51.1314225],[16.9698668,51.1314214],[16.9698809,51.1314204],[16.9698949,51.1314193],[16.9699089,51.1314183],[16.969923,51.1314172],[16.969937,51.1314161],[16.969951,51.1314151],[16.9699651,51.131414],[16.9700098,51.1314235]]}},{"type":"Feature","properties":{"layer":"roads"},"geometry":{"type":"LineString","coordinates":[[16.9700098,51.1314235],[16.9701025,51.1314103]]}},{"type":"Feature","properties":{"layer":"roads"},"geometry":{"type":"LineString","coordinates":[[16.9701025,51.1314103],[16.9701455,51.1314202],[16.9701929,51.1314282]]}},{"type":"Feature","properties":{"layer":"roads"},"geometry":{"type":"LineString","coordinates":[[16.9863019,51.134866],[16.9862727,51.1348967],[16.9862671,51.134905],[16.9862615,51.1349132],[16.9862559,51.1349215],[16.9862502,51.1349297],[16.9862446,51.134938],[16.9862405,51.1349461],[16.9862365,51.1349542],[16.9862324,51.1349623],[16.9862283,51.1349704],[16.9862243,51.1349786],[16.9862202,51.1349867],[16.9862161,51.1349948],[16.9862121,51.1350029],[16.986208,51.135011],[16.9862022,51.1350188],[16.9861964,51.1350265],[16.9861906,51.1350343],[16.9861848,51.1350421],[16.9861756,51.1350479],[16.9861663,51.1350536],[16.9861571,51.1350594],[16.9861478,51.1350651],[16.9861386,51.1350709],[16.9861293,51.1350766],[16.9861201,51.1350824],[16.9861108,51.1350881],[16.9861016,51.1350939],[16.9860916,51.1350991],[16.9860659,51.1351278]]}},{"type":"Feature","properties":{"layer":"roads"},"geometry":{"type":"LineString","coordinates":[[16.9863019,51.134866],[16.9863369,51.1348934],[16.9863441,51.134901],[16.9863513,51.1349086],[16.9863584,51.1349162],[16.9863656,51.1349238],[16.9863728,51.1349314],[16.98638,51.134939],[16.9863872,51.1349466],[16.9863944,51.1349542],[16.9864016,51.1349618],[16.9864088,51.1349694],[16.986416,51.134977],[16.9864232,51.1349846],[16.9864304,51.1349922],[16.9864376,51.1349998],[16.9864448,51.1350074],[16.986452,51.135015],[16.9864592,51.1350226],[16.9864663,51.1350302],[16.9864735,51.1350378],[16.9864807,51.1350454],[16.9864879,51.135053],[16.9864951,51.1350606],[16.9865023,51.1350682],[16.9865095,51.1350758],[16.9865167,51.1350834],[16.9865237,51.1350901],[16.9865469,51.135121]]}},{"type":"Feature","properties":{"layer":"roads"},"geometry":{"type":"LineString","coordinates":[[16.9785807,51.1334605],[16.9786163,51.1334804],[16.9786229,51.1334883],[16.9786296,51.1334961],[16.9786362,51.133504],[16.9786429,51.1335119],[16.9786495,51.1335198],[16.9786562,51.1335277],[16.9786628,51.1335355],[16.9786695,51.1335434],[16.9786762,51.1335513],[16.9786828,51.1335592],[16.9786895,51.133567],[16.9786961,51.1335749],[16.9787028,51.1335828],[16.9787094,51.1335907],[16.9787161,51.1335986],[16.9787227,51.1336064],[16.9787294,51.1336143],[16.978736,51.1336222],[16.9787427,51.1336301],[16.9787493,51.133638],[16.978756,51.1336458],[16.9787626,51.1336537],[16.9787693,51.1336616],[16.978776,51.1336695],[16.9787826,51.1336773],[16.9787893,51.1336852],[16.9787959,51.1336931],[16.9788026,51.133701],[16.9788092,51.1337089],[16.9788159,51.1337167],[16.9788225,51.1337246],[16.9788292,51.1337325],[16.9788358,51.1337404],[16.9788425,51.1337482],[16.9788491,51.1337561],[16.9788558,51.133764],[16.9788616,51.1337709],[16.9788674,51.1337779],[16.9788732,51.1337848],[16.978889,51.1338115]]}},{"type":"Feature","properties":{"layer":"roads"},"geometry":{"type":"LineString","coordinates":[[16.978889,51.1338115],[16.9788391,51.1338125],[16.9788248,51.1338125],[16.9788105,51.1338125],[16.9787962,51.1338125],[16.9787819,51.1338125],[16.9787676,51.1338125],[16.9787533,51.1338125],[16.978739,51.1338125],[16.9787247,51.1338125],[16.9787103,51.1338125],[16.978696,51.1338125],[16.9786817,51.1338125],[16.9786674,51.1338125],[16.9786531,51.1338125],[16.9786388,51.1338125],[16.9786245,51.1338125],[16.9786102,51.1338125],[16.9785958,51.1338126],[16.9785815,51.1338126],[16.9785672,51.1338126],[16.9785529,51.1338126],[16.9785386,51.1338126],[16.9785243,51.1338126],[16.97851,51.1338126],[16.9784956,51.1338126],[16.9784813,51.1338126],[16.978467,51.1338126],[16.9784527,51.1338126],[16.9784384,51.1338126],[16.9784241,51.1338126],[16.9784098,51.1338126],[16.9783955,51.1338126],[16.9783812,51.1338126],[16.9783668,51.1338126],[16.9783525,51.1338126],[16.9783382,51.1338126],[16.9782807,51.1338039]]}},{"type":"Feature","properties":{"layer":"roads"},"geometry":{"type":"LineString","coordinates":[[16.978889,51.1338115],[16.9789228,51.1338441],[16.9789295,51.133852],[16.9789361,51.1338599],[16.9789427,51.1338678],[16.9789493,51.1338757],[16.9789559,51.1338836],[16.9789625,51.1338915],[16.9789691,51.1338994],[16.9789757,51.1339073],[16.9789823,51.1339152],[16.978989,51.133923],[16.9789956,51.1339309],[16.9790022,51.1339388],[16.9790088,51.1339467],[16.9790154,51.1339546],[16.979022,51.1339625],[16.9790286,51.1339704],[16.9790352,51.1339783],[16.9790418,51.1339862],[16.9790485,51.1339941],[16.9790551,51.134002],[16.9790617,51.1340099],[16.9790683,51.1340178],[16.9790749,51.1340257],[16.9790791,51.1340337],[16.9791095,51.1340625]]}},{"type":"Feature","properties":{"layer":"roads"},"geometry":{"type":"LineString","coordinates":[[16.986048,51.1316832],[16.9859988,51.1316695],[16.9859865,51.1316661],[16.9859614,51.1316588],[16.9859231,51.131647],[16.9859104,51.1316431],[16.9858976,51.1316391],[16.9858848,51.1316352],[16.9858721,51.1316313],[16.9858593,51.1316274],[16.9858465,51.1316234],[16.9858338,51.1316195],[16.985821,51.1316156],[16.9858083,51.1316116],[16.9857955,51.1316077],[16.9857827,51.1316038],[16.98577,51.1315999],[16.9857572,51.1315959],[16.9857444,51.131592],[16.9857317,51.1315881],[16.9857189,51.1315842],[16.9856883,51.1315649]]}},{"type":"Feature","properties":{"layer":"roads"},"geometry":{"type":"LineString","coordinates":[[16.9823853,51.1305273],[16.9823796,51.13049],[16.9823798,51.1304814],[16.98238,51.1304729],[16.9823802,51.1304643],[16.9823804,51.1304558],[16.9823806,51.1304472],[16.9823808,51.1304387],[16.982381,51.1304301],[16.9823812,51.1304216],[16.9823852,51.1304023],[16.9824179,51.1303713]]}},{"type":"Feature","properties":{"layer":"roads"},"geometry":{"type":"LineString","coordinates":[[16.9823853,51.1305273],[16.982375,51.1305607],[16.9823737,51.1305694],[16.9823725,51.1305781],[16.9823713,51.1305868],[16.98237,51.1305955],[16.9823688,51.1306042],[16.9823675,51.1306129],[16.9823663,51.1306215],[16.9823651,51.1306302],[16.9823638,51.1306389],[16.9823626,51.1306476],[16.9823614,51.1306563],[16.9823601,51.130665],[16.9823589,51.1306736],[16.9823577,51.1306823],[16.9823564,51.130691],[16.9823552,51.1306997],[16.9823546,51.1307084],[16.982354,51.130717],[16.9823534,51.1307257],[16.9823528,51.1307343],[16.9823522,51.130743],[16.9823516,51.1307516],[16.982351,51.1307603],[16.9823504,51.1307689],[16.9823498,51.1307776],[16.9823492,51.1307862],[16.9823486,51.1307949],[16.9823555,51.1308228]]}},{"type":"Feature","properties":{"layer":"roads"},"geometry":{"type":"LineString","coordinates":[[16.978062,51.1296831],[16.9780905,51.1296613],[16.9781005,51.129655],[16.9781104,51.1296487],[16.9781204,51.1296423],[16.9781303,51.129636],[16.9781403,51.1296297],[16.9781502,51.1296234],[16.9781602,51.129617],[16.9781701,51.1296107],[16.9781801,51.1296044],[16.97819,51.129598],[16.9782,51.1295917],[16.9782099,51.1295854],[16.9782199,51.129579],[16.9782298,51.1295727],[16.9782398,51.1295664],[16.9782497,51.1295601],[16.9782597,51.1295537],[16.9782696,51.1295474],[16.9782796,51.1295411],[16.9782895,51.1295347],[16.9782995,51.1295284],[16.9783094,51.1295221],[16.9783193,51.1295158],[16.9783291,51.1295095],[16.978339,51.1295032],[16.9783489,51.1294969],[16.9783588,51.1294906],[16.9783686,51.1294843],[16.9783785,51.129478],[16.9783884,51.1294717],[16.9783983,51.1294654],[16.9784082,51.1294591],[16.978418,51.1294527],[16.9784279,51.1294464],[16.9784378,51.1294401],[16.9784477,51.1294338],[16.9784576,51.1294275],[16.9784674,51.1294212],[16.9784773,51.1294149],[16.9784872,51.1294086],[16.9784971,51.1294023],[16.9785069,51.129396],[16.9785168,51.1293897],[16.9785671,51.129365]]}},{"type":"Feature","properties":{"layer":"roads"},"geometry":{"type":"LineString","coordinates":[[16.978062,51.1296831],[16.9780655,51.1297185],[16.9780645,51.1297274],[16.9780635,51.1297363],[16.9780625,51.1297452],[16.9780597,51.1297539],[16.9780569,51.1297625],[16.9780541,51.1297712],[16.9780513,51.1297799],[16.9780485,51.1297886],[16.9780457,51.1297972],[16.9780429,51.1298059],[16.9780401,51.1298146],[16.9780373,51.1298232],[16.9780345,51.1298319],[16.9780317,51.1298406],[16.9780289,51.1298492],[16.9780261,51.1298579],[16.9780233,51.1298666],[16.9780205,51.1298753],[16.9780177,51.1298839],[16.9780149,51.1298926],[16.9780121,51.1299013],[16.9780093,51.1299099],[16.9779842,51.1299348]]}},{"type":"Feature","properties":{"layer":"roads"},"geometry":{"type":"LineString","coordinates":[[16.9772239,51.1299005],[16.9772622,51.1299228],[16.9772751,51.1299248],[16.9772879,51.1299279],[16.9773007,51.1299309],[16.9773134,51.129934],[16.9773262,51.129937],[16.977339,51.1299401],[16.9773518,51.1299432],[16.9773646,51.1299462],[16.9773773,51.1299493],[16.9773901,51.1299523],[16.9774029,51.1299554],[16.977415,51.12996],[16.9774272,51.1299646],[16.9774393,51.1299693],[16.9774514,51.1299739],[16.9774636,51.1299785],[16.9774757,51.1299831],[16.9774878,51.1299877],[16.9774999,51.1299924],[16.9775121,51.129997],[16.9775242,51.1300016],[16.9775337,51.1300071],[16.9775433,51.1300126],[16.9775528,51.1300181],[16.9775623,51.1300236],[16.9775719,51.1300291],[16.9775814,51.1300346],[16.9775909,51.1300401],[16.9776004,51.1300456],[16.97761,51.1300511],[16.9776195,51.1300566],[16.9776277,51.1300623],[16.9776359,51.1300681],[16.9776442,51.1300738],[16.9776524,51.1300796],[16.9776606,51.1300853],[16.9777024,51.1300926]]}},{"type":"Feature","properties":{"layer":"roads"},"geometry":{"type":"LineString","coordinates":[[16.9772239,51.1299005],[16.9772633,51.1298849],[16.9772763,51.1298815],[16.9772893,51.1298781],[16.9773024,51.1298747],[16.9773154,51.1298713],[16.9773285,51.1298679],[16.9773415,51.1298645],[16.9773546,51.1298611],[16.9773676,51.1298577],[16.9773807,51.1298543],[16.9773937,51.1298509],[16.9774068,51.1298476],[16.9774199,51.1298442],[16.9774329,51.1298408],[16.9774459,51.1298374],[16.977459,51.129834],[16.977472,51.1298306],[16.9774851,51.1298272],[16.9774981,51.1298246],[16.977511,51.1298221],[16.977524,51.1298195],[16.9775369,51.129817],[16.9775499,51.1298144],[16.9775629,51.1298119],[16.9775758,51.1298093],[16.9775888,51.1298068],[16.9776018,51.1298042],[16.9777102,51.1297833]]}},{"type":"Feature","properties":{"layer":"roads"},"geometry":{"type":"LineString","coordinates":[[16.9777024,51.1300926],[16.9777204,51.1300666],[16.9777216,51.1300581],[16.9777228,51.1300496],[16.977724,51.1300411],[16.9777217,51.1300331],[16.9777194,51.130025],[16.9777172,51.130017],[16.9777149,51.1300089],[16.9777126,51.1300009],[16.9777103,51.1299928],[16.9777081,51.1299848],[16.9777058,51.1299767],[16.9777035,51.1299687],[16.9777003,51.1299609],[16.9776972,51.129953],[16.977694,51.1299452],[16.9776908,51.1299374],[16.9776876,51.1299296],[16.9776844,51.1299218],[16.9776813,51.1299139],[16.9776781,51.1299061],[16.9776762,51.1298975],[16.9776743,51.1298889],[16.9776724,51.1298802],[16.9776706,51.1298716],[16.9776687,51.129863],[16.9776668,51.1298544],[16.9776649,51.1298457],[16.977663,51.1298371],[16.9776611,51.1298285],[16.9776593,51.1298199],[16.9776574,51.1298112],[16.9776555,51.1298026],[16.9777102,51.1297833]]}},{"type":"Feature","properties":{"layer":"roads"},"geometry":{"type":"LineString","coordinates":[[16.9777024,51.1300926],[16.9777198,51.1301248],[16.9777396,51.1301461],[16.9777462,51.1301532],[16.9777528,51.1301603],[16.9777526,51.1301688],[16.9777525,51.1301772],[16.9777523,51.1301857],[16.9777521,51.1301941],[16.977752,51.1302026],[16.9777518,51.130211],[16.9777516,51.1302195],[16.9777515,51.130228],[16.9777508,51.1302618]]}},{"type":"Feature","properties":{"layer":"roads"},"geometry":{"type":"LineString","coordinates":[[16.9789757,51.1288517],[16.9790189,51.1288556],[16.979032,51.1288531],[16.9790452,51.1288506],[16.9790584,51.1288481],[16.9790715,51.1288456],[16.9790847,51.1288432],[16.9790979,51.1288407],[16.979111,51.1288382],[16.9791242,51.1288357],[16.9791374,51.1288325],[16.9791507,51.1288294],[16.9791639,51.1288262],[16.9791772,51.128823],[16.9791904,51.1288198],[16.9792036,51.1288167],[16.9792169,51.1288135],[16.9792301,51.1288103],[16.9792434,51.1288072],[16.9792566,51.128804],[16.9792698,51.1288008],[16.9792831,51.1287976],[16.9792963,51.1287945],[16.9793095,51.1287913],[16.9793228,51.1287881],[16.979336,51.1287849],[16.9793493,51.1287818],[16.9793625,51.1287786],[16.9793745,51.1287746],[16.9793866,51.1287706],[16.9793987,51.1287666],[16.9794107,51.1287626],[16.9794228,51.1287587],[16.9794348,51.1287547],[16.9794469,51.1287507],[16.9794589,51.1287467],[16.9794696,51.128742],[16.9794803,51.1287372],[16.979491,51.1287325],[16.9794711,51.1287049]]}},{"type":"Feature","properties":{"layer":"roads"},"geometry":{"type":"LineString","coordinates":[[16.9688383,51.1313862],[16.9687648,51.1313764],[16.9687443,51.1313745],[16.9687308,51.1313736],[16.9686837,51.1313715]]}},{"type":"Feature","properties":{"layer":"roads"},"geometry":{"type":"LineString","coordinates":[[16.977821,51.1325372],[16.9778081,51.1325113],[16.9778014,51.1325035],[16.9777947,51.1324957],[16.977788,51.1324878],[16.9777813,51.13248],[16.9777746,51.1324722],[16.9777679,51.1324644],[16.9777612,51.1324566],[16.9777545,51.1324487],[16.9777478,51.1324409],[16.9777411,51.1324331],[16.9777344,51.1324253],[16.977713,51.1323993]]}},{"type":"Feature","properties":{"layer":"roads"},"geometry":{"type":"LineString","coordinates":[[16.9683072,51.1315403],[16.9683484,51.131548],[16.9683579,51.1315547],[16.9683674,51.1315614],[16.9683769,51.1315681],[16.9683864,51.1315748],[16.9683959,51.1315815],[16.9684054,51.1315882],[16.9684149,51.1315949],[16.9684243,51.1316017],[16.9684338,51.1316084],[16.9684433,51.1316151],[16.9684528,51.1316218],[16.9684623,51.1316285],[16.9684718,51.1316352],[16.9684813,51.1316419],[16.9684908,51.1316486],[16.9685003,51.1316553],[16.9685088,51.1316619],[16.9685173,51.1316685],[16.9685257,51.1316751],[16.9685342,51.1316817],[16.9685427,51.1316883],[16.9685512,51.1316949],[16.9685597,51.1317015],[16.9685682,51.1317081],[16.9685766,51.1317147],[16.9685851,51.1317213],[16.9685936,51.1317279],[16.9686034,51.131734],[16.9686132,51.13174],[16.968623,51.1317461],[16.9686328,51.1317522],[16.9686426,51.1317582],[16.9686523,51.1317643],[16.9686635,51.131793]]}},{"type":"Feature","properties":{"layer":"roads"},"geometry":{"type":"LineString","coordinates":[[16.9683072,51.1315403],[16.9682997,51.1315678],[16.9682997,51.1315764],[16.9682997,51.131585],[16.9682997,51.1315936],[16.9682997,51.1316022],[16.9682997,51.1316109],[16.9682997,51.1316195],[16.9682997,51.1316281],[16.9682997,51.1316367],[16.9682997,51.1316453],[16.9682997,51.1316539],[16.9682997,51.1316625],[16.9682997,51.1316711],[16.9682997,51.1316797],[16.9682997,51.1316884],[16.9682997,51.131697],[16.9682997,51.1317056],[16.9682997,51.1317142],[16.9682942,51.1317416]]}},{"type":"Feature","properties":{"layer":"roads"},"geometry":{"type":"LineString","coordinates":[[16.9686635,51.131793],[16.9686208,51.1318009],[16.9686074,51.131802],[16.968594,51.1318031],[16.9685537,51.1318062],[16.9685021,51.1318064]]}},{"type":"Feature","properties":{"layer":"roads"},"geometry":{"type":"LineString","coordinates":[[16.9709272,51.1299712],[16.9708797,51.1299553],[16.9708695,51.1299513],[16.9708593,51.1299473],[16.9708185,51.1299313]]}},{"type":"Feature","properties":{"layer":"roads"},"geometry":{"type":"LineString","coordinates":[[16.9709272,51.1299712],[16.9709568,51.1299336],[16.9709629,51.1299259],[16.970969,51.1299181],[16.970969,51.1299101],[16.970969,51.1299021],[16.970969,51.1298941],[16.9709691,51.1298861],[16.9709691,51.1298541]]}},{"type":"Feature","properties":{"layer":"roads"},"geometry":{"type":"LineString","coordinates":[[16.9709272,51.1299712],[16.9709017,51.1299942],[16.9708941,51.1300015],[16.9708864,51.1300089],[16.9708847,51.130017],[16.970883,51.1300251],[16.9708814,51.1300332],[16.9708797,51.1300413],[16.970878,51.1300494],[16.9708763,51.1300574],[16.9708746,51.1300655],[16.970873,51.1300736],[16.9708713,51.1300817],[16.9708696,51.1300898],[16.9708643,51.1300974],[16.970859,51.130105],[16.9708536,51.1301125],[16.9708483,51.1301201],[16.970843,51.1301277],[16.9708377,51.1301353],[16.9708324,51.1301429],[16.970827,51.1301504],[16.9708217,51.130158],[16.9708164,51.1301656],[16.9708095,51.1301729],[16.9708026,51.1301802],[16.9707957,51.1301875],[16.9707749,51.1302095],[16.9707678,51.1302254],[16.9707691,51.1302554]]}},{"type":"Feature","properties":{"layer":"roads"},"geometry":{"type":"LineString","coordinates":[[16.9726156,51.1316643],[16.9726566,51.1316878],[16.9726648,51.1316949],[16.9726731,51.131702],[16.9726814,51.1317092],[16.9726897,51.1317163],[16.972698,51.1317234],[16.9727062,51.1317305],[16.9727145,51.1317377],[16.9727228,51.1317448],[16.9727311,51.1317519],[16.9727394,51.131759],[16.9727476,51.1317662],[16.9727559,51.1317733],[16.9727642,51.1317804],[16.9727725,51.1317875],[16.9727807,51.1317947],[16.972789,51.1318018],[16.9727973,51.1318089],[16.9728056,51.131816],[16.9728139,51.1318232],[16.9728221,51.1318303],[16.9728304,51.1318374],[16.9728387,51.1318445],[16.972847,51.1318517],[16.9728553,51.1318588],[16.9728635,51.1318659],[16.9728718,51.131873],[16.9728801,51.1318802],[16.9728884,51.1318873],[16.9729266,51.1319118]]}},{"type":"Feature","properties":{"layer":"roads"},"geometry":{"type":"LineString","coordinates":[[16.9755865,51.1332884],[16.9756532,51.1332883],[16.9756673,51.1332871],[16.9756809,51.1332875],[16.9756946,51.1332879],[16.9757082,51.1332883],[16.9757218,51.1332887],[16.9757354,51.1332891],[16.9757491,51.1332894],[16.9757627,51.1332898],[16.9757763,51.1332902],[16.9757899,51.1332906],[16.9758036,51.133291],[16.9758172,51.1332914],[16.9758308,51.1332918],[16.9758437,51.1332911],[16.9758565,51.1332904],[16.9758694,51.1332897],[16.9758823,51.133289],[16.9758951,51.1332882],[16.975908,51.1332875],[16.9759209,51.1332868],[16.9759337,51.1332861],[16.9759466,51.1332854],[16.9759593,51.1332832],[16.975972,51.1332811],[16.9759847,51.1332789],[16.9759974,51.1332767],[16.97601,51.1332745],[16.9760227,51.1332723],[16.9760354,51.1332702],[16.9760481,51.133268],[16.9760887,51.133258]]}},{"type":"Feature","properties":{"layer":"roads"},"geometry":{"type":"LineString","coordinates":[[16.9683118,51.1312573],[16.9683459,51.1312756],[16.9683592,51.1312788],[16.9683725,51.1312821],[16.9683858,51.1312853],[16.968399,51.1312885],[16.9684123,51.1312917],[16.9684256,51.1312949],[16.9684389,51.1312981],[16.9684522,51.1313014],[16.9684655,51.1313046],[16.9684787,51.1313078],[16.968492,51.131311],[16.9685053,51.1313142],[16.9685186,51.1313175],[16.9685319,51.1313207],[16.9685452,51.1313239],[16.9685584,51.1313271],[16.9685717,51.1313303],[16.968585,51.1313336],[16.9685983,51.1313368],[16.9686116,51.13134],[16.9686249,51.1313432],[16.9686381,51.1313464],[16.9686514,51.1313496],[16.9686837,51.1313715]]}},{"type":"Feature","properties":{"layer":"roads"},"geometry":{"type":"LineString","coordinates":[[16.9677342,51.1336802],[16.9677776,51.1336742],[16.9677914,51.133674],[16.9678052,51.1336738],[16.967819,51.1336736],[16.9678328,51.1336734],[16.9678466,51.1336732],[16.9678604,51.133673],[16.9678742,51.1336728],[16.967888,51.1336726],[16.9679018,51.1336725],[16.9679156,51.1336723],[16.9679294,51.1336721],[16.9679432,51.1336719],[16.967957,51.1336717],[16.9679708,51.1336715],[16.9679846,51.1336713],[16.9679984,51.1336711],[16.9680122,51.1336709],[16.9680599,51.133676]]}},{"type":"Feature","properties":{"layer":"roads"},"geometry":{"type":"LineString","coordinates":[[16.9677342,51.1336802],[16.9677416,51.1337148],[16.9677454,51.1337227],[16.9677492,51.1337307],[16.9677531,51.1337386],[16.9677569,51.1337465],[16.9677607,51.1337545],[16.9677646,51.1337625],[16.9677684,51.1337704],[16.9677718,51.1337781],[16.9677752,51.1337858],[16.9677786,51.1337935],[16.9677819,51.1338012],[16.9677853,51.1338089],[16.9677887,51.1338166],[16.9677921,51.1338243],[16.9677982,51.1338322],[16.9678042,51.1338402],[16.9678103,51.1338481],[16.9678164,51.133856],[16.9678224,51.1338639],[16.9678285,51.1338719],[16.9678765,51.1339098]]}},{"type":"Feature","properties":{"layer":"roads"},"geometry":{"type":"LineString","coordinates":[[16.9669289,51.1312654],[16.9669189,51.1312272],[16.9669163,51.1312187],[16.9669137,51.1312102],[16.9669111,51.1312018],[16.9669085,51.1311933],[16.9669058,51.1311848],[16.9669032,51.1311763],[16.9669006,51.1311678],[16.966898,51.1311594],[16.9668954,51.1311509],[16.9668927,51.1311424],[16.9668901,51.1311339],[16.9668875,51.1311255],[16.9668849,51.131117],[16.9668823,51.1311085],[16.9668911,51.1310572]]}},{"type":"Feature","properties":{"layer":"roads"},"geometry":{"type":"LineString","coordinates":[[16.9669289,51.1312654],[16.9668825,51.1312462],[16.9668692,51.1312431],[16.9668559,51.13124],[16.9668426,51.1312369],[16.9668293,51.1312338],[16.966816,51.1312306],[16.9668027,51.1312275],[16.9667894,51.1312244],[16.9667761,51.1312213],[16.9667628,51.1312182],[16.9667495,51.1312151],[16.9667407,51.1312096],[16.9667318,51.1312042],[16.966723,51.1311987],[16.9667142,51.1311932],[16.9667053,51.1311878],[16.9666965,51.1311823],[16.9666872,51.1311763],[16.9666779,51.1311704],[16.9666686,51.1311644],[16.9666592,51.1311584],[16.9666499,51.1311525],[16.9666406,51.1311465],[16.9666304,51.1311409],[16.9666201,51.1311353],[16.9666099,51.1311298],[16.9665917,51.1311036]]}},{"type":"Feature","properties":{"layer":"roads"},"geometry":{"type":"LineString","coordinates":[[16.967792,51.1321248],[16.9677481,51.1321068],[16.9677377,51.132101],[16.9677272,51.1320952],[16.9676932,51.1320762],[16.9676534,51.1320638]]}},{"type":"Feature","properties":{"layer":"roads"},"geometry":{"type":"LineString","coordinates":[[16.9772499,51.1338045],[16.9772585,51.1337691],[16.9772606,51.1337602],[16.9772628,51.1337514],[16.9772649,51.1337425],[16.9772671,51.1337337],[16.9772692,51.1337248],[16.9772713,51.1337159],[16.9772735,51.1337071],[16.9772756,51.1336982],[16.9772778,51.1336894],[16.9772799,51.1336805],[16.9772821,51.1336717],[16.9772842,51.1336628],[16.9772864,51.133654],[16.9772885,51.1336451],[16.9772906,51.1336362],[16.9772928,51.1336274],[16.9772949,51.1336185],[16.9772971,51.1336097],[16.9772992,51.1336008],[16.9773014,51.133592],[16.9773035,51.1335831],[16.9773057,51.1335743],[16.9773078,51.1335654],[16.9773099,51.1335565],[16.9773121,51.1335477],[16.9773142,51.1335388],[16.9773164,51.13353],[16.9773185,51.1335211],[16.9773207,51.1335123],[16.9773228,51.1335034],[16.977325,51.1334946],[16.9773457,51.1334572]]}},{"type":"Feature","properties":{"layer":"roads"},"geometry":{"type":"LineString","coordinates":[[16.9882111,51.1308972],[16.9882361,51.1308708],[16.9882374,51.1308622],[16.9882387,51.1308535],[16.98824,51.1308449],[16.9882413,51.1308363],[16.9882426,51.1308277],[16.9882466,51.1308018],[16.9882566,51.1307597]]}},{"type":"Feature","properties":{"layer":"roads"},"geometry":{"type":"LineString","coordinates":[[16.9882111,51.1308972],[16.9881836,51.1308711],[16.9881814,51.1308623],[16.9881792,51.1308534],[16.988177,51.1308445],[16.9881748,51.1308357],[16.9881726,51.1308268],[16.9881704,51.1308179],[16.9881682,51.1308091],[16.988166,51.1308002],[16.9881638,51.1307913],[16.9881616,51.1307825],[16.9881594,51.1307736],[16.9881572,51.1307647],[16.9881551,51.1307559],[16.9881529,51.130747],[16.9881507,51.1307381],[16.9881485,51.1307293],[16.9881463,51.1307204],[16.9881441,51.1307115],[16.9881419,51.1307027],[16.9881397,51.1306938],[16.98814,51.1306854],[16.9881403,51.130677],[16.9881406,51.1306686],[16.9881408,51.1306602],[16.9881411,51.1306518],[16.9881414,51.1306434],[16.9881417,51.1306349],[16.988142,51.1306265],[16.9881423,51.1306181],[16.9881425,51.1306097],[16.9881428,51.1306013],[16.9881865,51.1305924]]}},{"type":"Feature","properties":{"layer":"roads"},"geometry":{"type":"LineString","coordinates":[[16.9881865,51.1305924],[16.9881425,51.1305494],[16.9881423,51.1305406],[16.9881421,51.1305319],[16.9881419,51.1305231],[16.9881416,51.1305143],[16.9881414,51.1305056],[16.9881412,51.1304968],[16.988141,51.130488],[16.9881408,51.1304792],[16.9881406,51.1304705],[16.9881403,51.1304617],[16.9881401,51.1304529],[16.9881399,51.1304442],[16.9881397,51.1304354],[16.9881395,51.1304266],[16.9881392,51.1304178],[16.988139,51.1304091],[16.9881388,51.1304003],[16.988165,51.1303786]]}},{"type":"Feature","properties":{"layer":"roads"},"geometry":{"type":"LineString","coordinates":[[16.9772495,51.128452],[16.977213,51.1284729],[16.9771997,51.1284757],[16.9771864,51.1284785],[16.9771731,51.1284813],[16.9771599,51.1284841],[16.9771466,51.1284869],[16.9771333,51.1284897],[16.97712,51.1284925],[16.9771068,51.1284953],[16.9770935,51.1284981],[16.9770802,51.1285008],[16.9770669,51.1285036],[16.9770537,51.1285064],[16.9770404,51.1285092],[16.9770271,51.128512],[16.9770138,51.1285148],[16.9770006,51.1285176],[16.9769873,51.1285204],[16.976974,51.1285232],[16.9769607,51.128526],[16.9769475,51.1285287],[16.9769342,51.1285315],[16.9768913,51.1285465]]}},{"type":"Feature","properties":{"layer":"roads"},"geometry":{"type":"LineString","coordinates":[[16.9772495,51.128452],[16.9772114,51.1284267],[16.9771998,51.1284225],[16.9771882,51.1284183],[16.9771766,51.1284141],[16.977165,51.1284099],[16.9771534,51.1284057],[16.9771418,51.1284015],[16.9771308,51.128396],[16.9771199,51.1283904],[16.9771089,51.1283849],[16.977098,51.1283794],[16.977087,51.1283739],[16.9770761,51.1283683],[16.9770651,51.1283628],[16.9770541,51.1283573],[16.9770432,51.1283517],[16.9770322,51.1283462],[16.9770213,51.1283407],[16.9770103,51.1283351],[16.9769993,51.1283296],[16.9769884,51.1283241],[16.9769774,51.1283186],[16.9769665,51.128313],[16.9769555,51.1283075],[16.9769445,51.128302],[16.9769336,51.1282964],[16.9769226,51.1282909],[16.9769117,51.1282854],[16.9769007,51.1282799],[16.9768898,51.1282743],[16.9768788,51.1282688],[16.9768662,51.1282669],[16.9768536,51.128265],[16.9768411,51.1282631],[16.9768285,51.1282613],[16.976787,51.1282487]]}},{"type":"Feature","properties":{"layer":"roads"},"geometry":{"type":"LineString","coordinates":[[16.976787,51.1282487],[16.9768068,51.1282901],[16.9768076,51.1282983],[16.9768085,51.1283064],[16.9768112,51.1283152],[16.9768139,51.1283239],[16.9768166,51.1283327],[16.9768193,51.1283414],[16.9768219,51.1283502],[16.9768246,51.1283589],[16.9768273,51.1283677],[16.97683,51.1283764],[16.9768327,51.1283852],[16.9768354,51.1283939],[16.9768381,51.1284027],[16.9768408,51.1284114],[16.9768435,51.1284202],[16.9768461,51.1284289],[16.9768488,51.1284377],[16.9768515,51.1284464],[16.9768542,51.1284552],[16.9768569,51.1284639],[16.9768596,51.1284727],[16.9768623,51.1284814],[16.976865,51.1284902],[16.9768677,51.1284989],[16.9768703,51.1285077],[16.976873,51.1285164],[16.9768913,51.1285465]]}},{"type":"Feature","properties":{"layer":"roads"},"geometry":{"type":"LineString","coordinates":[[16.9677684,51.1314132],[16.9678025,51.1314474],[16.9678078,51.1314548],[16.9678165,51.1314612],[16.9678253,51.1314676],[16.9678341,51.1314739],[16.9678428,51.1314803],[16.9678515,51.1314867],[16.9678603,51.1314931],[16.967869,51.1314995],[16.9678778,51.1315058],[16.9678865,51.1315122],[16.9678953,51.1315186],[16.9679053,51.1315247],[16.9679153,51.1315308],[16.9679253,51.1315369],[16.9679353,51.131543],[16.9679453,51.1315491],[16.9679553,51.1315552],[16.9679652,51.1315612],[16.9679752,51.1315673],[16.9679852,51.1315734],[16.9679952,51.1315795],[16.9680052,51.1315856],[16.9680152,51.1315917],[16.9680376,51.131605],[16.9680664,51.1316218],[16.9680767,51.1316278],[16.968087,51.1316338],[16.9680973,51.1316398],[16.9681076,51.1316458],[16.9681179,51.1316518],[16.9681282,51.1316578],[16.9681386,51.1316637],[16.9681489,51.1316697],[16.9681592,51.1316757],[16.9681695,51.1316817],[16.9681798,51.1316877],[16.9681901,51.1316937],[16.9682004,51.1316997],[16.9682107,51.1317057],[16.968221,51.1317117],[16.9682313,51.1317177],[16.9682425,51.1317222],[16.9682538,51.1317267],[16.9682942,51.1317416]]}},{"type":"Feature","properties":{"layer":"roads"},"geometry":{"type":"LineString","coordinates":[[16.9677684,51.1314132],[16.9677447,51.1313811],[16.9677373,51.1313737],[16.96773,51.1313663],[16.9677227,51.1313589],[16.9677154,51.1313515],[16.967708,51.1313442],[16.9677007,51.1313368],[16.9676934,51.1313294],[16.9676861,51.131322],[16.9676787,51.1313146],[16.9676714,51.1313072],[16.9676641,51.1312999],[16.9676568,51.1312925],[16.9676494,51.1312851],[16.9676421,51.1312777],[16.9676365,51.1312697],[16.967631,51.1312616],[16.9676254,51.1312536],[16.9676199,51.1312455],[16.9676143,51.1312375],[16.9676088,51.1312294],[16.9676032,51.1312214],[16.9675977,51.1312134],[16.9675921,51.1312053],[16.9675866,51.1311973],[16.967581,51.1311892],[16.9675755,51.1311812],[16.9675699,51.1311731],[16.9675644,51.1311651],[16.9675588,51.131157],[16.9675533,51.131149],[16.9675545,51.1311188]]}},{"type":"Feature","properties":{"layer":"roads"},"geometry":{"type":"LineString","coordinates":[[16.9675545,51.1311188],[16.967503,51.1310886],[16.9674422,51.1310715]]}},{"type":"Feature","properties":{"layer":"roads"},"geometry":{"type":"LineString","coordinates":[[16.9818681,51.1327131],[16.9818759,51.1326793],[16.9818762,51.1326709],[16.9818766,51.1326624],[16.9818769,51.132654],[16.9818772,51.1326456],[16.9818776,51.1326371],[16.9818625,51.1326052]]}},{"type":"Feature","properties":{"layer":"roads"},"geometry":{"type":"LineString","coordinates":[[16.9818681,51.1327131],[16.9818181,51.1327126],[16.981804,51.1327125],[16.9817898,51.1327124],[16.9817757,51.1327123],[16.9817616,51.1327123],[16.9817474,51.1327122],[16.9816879,51.1327071]]}},{"type":"Feature","properties":{"layer":"roads"},"geometry":{"type":"LineString","coordinates":[[16.9818681,51.1327131],[16.9818732,51.1327479],[16.9818729,51.1327566],[16.9818726,51.1327653],[16.9818722,51.132774],[16.9818719,51.1327828],[16.9818716,51.1327915],[16.9818712,51.1328002],[16.9818709,51.1328089],[16.9818705,51.1328176],[16.9818519,51.132848]]}},{"type":"Feature","properties":{"layer":"roads"},"geometry":{"type":"LineString","coordinates":[[16.9860659,51.1351278],[16.9860131,51.1351428],[16.9859909,51.1351512],[16.9859599,51.1351672],[16.9859496,51.1351726],[16.9859038,51.1351928]]}},{"type":"Feature","properties":{"layer":"roads"},"geometry":{"type":"LineString","coordinates":[[16.9860659,51.1351278],[16.9861118,51.135138],[16.9861257,51.135137],[16.9861395,51.135136],[16.9861533,51.1351351],[16.9861671,51.1351341],[16.986181,51.1351331],[16.9861948,51.1351321],[16.9862086,51.1351311],[16.9862225,51.1351301],[16.9862363,51.1351291],[16.9862501,51.1351282],[16.9862639,51.1351272],[16.9862778,51.1351262],[16.9862916,51.1351252],[16.9863056,51.1351258],[16.9863197,51.1351264],[16.9863337,51.135127],[16.9863478,51.1351276],[16.9863618,51.1351282],[16.9863759,51.1351288],[16.9863899,51.1351294],[16.986404,51.13513],[16.986418,51.1351306],[16.9864321,51.1351311],[16.9864461,51.1351317],[16.9864601,51.1351323],[16.9864742,51.1351329],[16.9864882,51.1351335],[16.9865023,51.1351341],[16.9865469,51.135121]]}},{"type":"Feature","properties":{"layer":"roads"},"geometry":{"type":"LineString","coordinates":[[16.9731161,51.1320777],[16.9730802,51.1320626],[16.9730722,51.1320553],[16.9730643,51.1320479],[16.9730564,51.1320406],[16.9730484,51.1320333],[16.9730405,51.1320259],[16.9730326,51.1320186],[16.9730246,51.1320112],[16.9730167,51.1320039],[16.9730088,51.1319965],[16.9730008,51.1319892],[16.9729929,51.1319819],[16.972985,51.1319745],[16.972977,51.1319672],[16.9729691,51.1319598],[16.9729612,51.1319525],[16.9729532,51.1319452],[16.9729266,51.1319118]]}},{"type":"Feature","properties":{"layer":"roads"},"geometry":{"type":"LineString","coordinates":[[16.9731161,51.1320777],[16.9731364,51.1320513],[16.9731365,51.1320424],[16.9731366,51.1320334],[16.9731367,51.1320245],[16.9731368,51.1320155],[16.9731369,51.1320066],[16.973137,51.1319976],[16.9731371,51.1319887],[16.9731372,51.1319797],[16.9731373,51.1319708],[16.9731374,51.1319618],[16.9731375,51.1319529],[16.9731376,51.1319439],[16.9731377,51.131935],[16.9731378,51.131926],[16.9731379,51.1319171],[16.973138,51.1319081],[16.9731381,51.1318992],[16.9731382,51.1318902],[16.9731383,51.1318813],[16.9731384,51.1318723],[16.9731385,51.1318634],[16.9731386,51.1318544],[16.9731387,51.1318455],[16.9731388,51.1318365],[16.9731389,51.1318276],[16.973139,51.1318186],[16.9731369,51.1318098],[16.9731112,51.1317801]]}},{"type":"Feature","properties":{"layer":"roads"},"geometry":{"type":"LineString","coordinates":[[16.9731112,51.1317801],[16.9730664,51.1317978],[16.9730578,51.1318047],[16.9730493,51.1318116],[16.9730408,51.1318186],[16.9730323,51.1318255],[16.9730238,51.1318325],[16.9730152,51.1318394],[16.9730067,51.1318464],[16.9729982,51.1318533],[16.9729897,51.1318603],[16.9729812,51.1318672],[16.9729726,51.1318741],[16.9729641,51.1318811],[16.9729556,51.131888],[16.9729266,51.1319118]]}},{"type":"Feature","properties":{"layer":"roads"},"geometry":{"type":"LineString","coordinates":[[16.9704784,51.1317798],[16.9704213,51.1317695],[16.9704083,51.1317657],[16.9703954,51.131762],[16.9703824,51.1317582],[16.9703694,51.1317544],[16.9703565,51.1317506],[16.9703435,51.1317469],[16.9703306,51.1317431],[16.9703176,51.1317393],[16.9703044,51.1317361],[16.9702912,51.1317329],[16.970278,51.1317297],[16.9702649,51.1317265],[16.9702517,51.1317233],[16.9702385,51.1317201],[16.9702253,51.1317169],[16.9702121,51.1317138],[16.9701989,51.1317106],[16.9701857,51.1317074],[16.9701358,51.131689]]}},{"type":"Feature","properties":{"layer":"roads"},"geometry":{"type":"LineString","coordinates":[[16.9704784,51.1317798],[16.9704545,51.1317483],[16.9704482,51.1317403],[16.9704418,51.1317322],[16.9704355,51.1317242],[16.9704292,51.1317162],[16.9704229,51.1317081],[16.9704166,51.1317001],[16.9704102,51.1316921],[16.9704039,51.1316841],[16.9703976,51.131676],[16.9703913,51.131668],[16.9703849,51.13166],[16.9703786,51.131652],[16.9703723,51.1316439],[16.970366,51.1316359],[16.9703596,51.1316279],[16.9703533,51.1316199],[16.970347,51.1316118],[16.9703407,51.1316038],[16.9703344,51.1315958],[16.970328,51.1315878],[16.9703217,51.1315798],[16.9703154,51.1315717],[16.9703091,51.1315637],[16.9703027,51.1315557],[16.9702964,51.1315477],[16.9702901,51.1315396],[16.9702838,51.1315316],[16.9702775,51.1315236],[16.9702711,51.1315155],[16.9702648,51.1315075],[16.9702249,51.1314883]]}},{"type":"Feature","properties":{"layer":"roads"},"geometry":{"type":"LineString","coordinates":[[16.9702249,51.1314883],[16.9702015,51.1315203],[16.9701981,51.131529],[16.9701947,51.1315377],[16.9701912,51.1315464],[16.9701878,51.1315551],[16.9701844,51.1315638],[16.970181,51.1315726],[16.9701775,51.1315813],[16.9701741,51.13159],[16.9701707,51.1315987],[16.9701673,51.1316074],[16.9701638,51.1316161],[16.9701604,51.1316249],[16.970157,51.1316336],[16.9701536,51.1316423],[16.9701501,51.131651],[16.9701467,51.1316597],[16.9701358,51.131689]]}},{"type":"Feature","properties":{"layer":"roads"},"geometry":{"type":"LineString","coordinates":[[16.9702249,51.1314883],[16.9702279,51.1314607],[16.9701929,51.1314282]]}},{"type":"Feature","properties":{"layer":"roads"},"geometry":{"type":"LineString","coordinates":[[16.9728699,51.1323355],[16.9728945,51.1323681],[16.9729035,51.1323747],[16.9729125,51.1323814],[16.9729215,51.1323881],[16.9729305,51.1323947],[16.9729395,51.1324014],[16.9729486,51.1324081],[16.9729576,51.1324147],[16.9729666,51.1324214],[16.9729752,51.1324273],[16.9729839,51.1324332],[16.9729925,51.1324391],[16.973027,51.1324626]]}},{"type":"Feature","properties":{"layer":"roads"},"geometry":{"type":"LineString","coordinates":[[16.9728699,51.1323355],[16.9727957,51.1323795]]}},{"type":"Feature","properties":{"layer":"roads"},"geometry":{"type":"LineString","coordinates":[[16.9817371,51.1299182],[16.9818033,51.1299248],[16.9818142,51.1299237],[16.9818251,51.1299227],[16.9818364,51.1299197],[16.9818478,51.1299166],[16.9818591,51.1299136],[16.9818705,51.1299105],[16.9819105,51.1298977]]}},{"type":"Feature","properties":{"layer":"roads"},"geometry":{"type":"LineString","coordinates":[[16.9817371,51.1299182],[16.9817102,51.1299425],[16.9816987,51.1299472],[16.9816849,51.129949],[16.9816711,51.1299509],[16.9816572,51.1299527],[16.9816434,51.1299545],[16.9816296,51.1299564],[16.9816158,51.1299582],[16.981602,51.1299601],[16.9815882,51.1299619],[16.9815743,51.1299637],[16.9815605,51.1299656],[16.9815467,51.1299674],[16.9815329,51.1299692],[16.9815191,51.1299711],[16.9815052,51.1299729],[16.9814914,51.1299748],[16.9814776,51.1299766],[16.9814638,51.1299784],[16.98145,51.1299803],[16.9814361,51.1299821],[16.9814223,51.1299839],[16.9814085,51.1299858],[16.9813947,51.1299876],[16.9813809,51.1299895],[16.9813671,51.1299913],[16.9813532,51.1299931],[16.9813394,51.129995],[16.9813256,51.1299968],[16.9813119,51.1299956],[16.9812981,51.1299944],[16.9812844,51.1299932],[16.9812706,51.129992],[16.9812569,51.1299908],[16.9812432,51.1299896],[16.9812294,51.1299884],[16.9811991,51.1299844],[16.9811605,51.1299779],[16.9811467,51.1299756],[16.9810991,51.1299599]]}},{"type":"Feature","properties":{"layer":"roads"},"geometry":{"type":"LineString","coordinates":[[16.9688552,51.134654],[16.9688179,51.1346294],[16.9688095,51.1346227],[16.9688011,51.134616],[16.9687927,51.1346094],[16.9687844,51.1346027],[16.968776,51.134596],[16.9687676,51.1345893],[16.9687592,51.1345827],[16.9687508,51.134576],[16.9687425,51.1345693],[16.9687341,51.1345627],[16.9687257,51.134556],[16.9687006,51.134536],[16.9686799,51.1345026]]}},{"type":"Feature","properties":{"layer":"roads"},"geometry":{"type":"LineString","coordinates":[[16.9819232,51.1323512],[16.981971,51.1323339],[16.9819808,51.1323278],[16.9819906,51.1323217],[16.9820004,51.1323156],[16.9820102,51.1323095],[16.98202,51.1323034],[16.9820298,51.1322972],[16.9820396,51.1322911],[16.9820494,51.132285],[16.9820592,51.1322789],[16.9820708,51.1322744],[16.9820825,51.13227],[16.9820941,51.1322655],[16.9821058,51.132261],[16.9821174,51.1322566],[16.982129,51.1322521],[16.9821407,51.1322476],[16.9821523,51.1322432],[16.982164,51.1322387],[16.9821756,51.1322342],[16.9821872,51.1322298],[16.9822287,51.1322079]]}},{"type":"Feature","properties":{"layer":"roads"},"geometry":{"type":"LineString","coordinates":[[16.9819232,51.1323512],[16.9818766,51.1324022]]}},{"type":"Feature","properties":{"layer":"roads"},"geometry":{"type":"LineString","coordinates":[[16.9880905,51.1297167],[16.9881367,51.1297249],[16.9881497,51.1297272],[16.988202,51.1297323]]}},{"type":"Feature","properties":{"layer":"roads"},"geometry":{"type":"LineString","coordinates":[[16.9880905,51.1297167],[16.9880495,51.1297075],[16.9880377,51.1297048],[16.9880259,51.1297021],[16.9880124,51.1297],[16.9879988,51.129698],[16.9879853,51.1296959],[16.9879717,51.1296938],[16.9879582,51.1296917],[16.9879446,51.1296897],[16.9879311,51.1296876],[16.9879175,51.1296855],[16.9879039,51.1296834],[16.9878904,51.1296813],[16.9878768,51.1296793],[16.9878633,51.1296772],[16.9878497,51.1296751],[16.9878362,51.1296731],[16.9878227,51.129671],[16.9878091,51.1296689],[16.9877956,51.1296668],[16.987782,51.1296648],[16.9877685,51.1296627],[16.9877549,51.1296606],[16.9877414,51.1296585],[16.9877278,51.1296564],[16.9877142,51.1296544],[16.9877007,51.1296523],[16.9876871,51.1296502],[16.9876736,51.1296482],[16.98766,51.1296461],[16.9876465,51.129644],[16.9876391,51.1296365],[16.9876318,51.129629],[16.9876244,51.1296215],[16.9875949,51.1295916]]}},{"type":"Feature","properties":{"layer":"roads"},"geometry":{"type":"LineString","coordinates":[[16.9880905,51.1297167],[16.9881021,51.1296846],[16.9881064,51.1296768],[16.9881106,51.129669],[16.9881149,51.1296612],[16.9881192,51.1296534],[16.9881235,51.1296457],[16.9881278,51.1296379],[16.9881601,51.1295883]]}},{"type":"Feature","properties":{"layer":"roads"},"geometry":{"type":"LineString","coordinates":[[16.9823241,51.1370185],[16.9823707,51.1370022],[16.9823823,51.1369981],[16.982394,51.136994],[16.9824056,51.13699],[16.9824173,51.1369859],[16.9824289,51.1369818],[16.9824394,51.1369761],[16.9824499,51.1369703],[16.9824605,51.1369646],[16.982471,51.1369589],[16.9824771,51.1369511],[16.9824832,51.1369433],[16.9824893,51.1369354],[16.9824953,51.1369276],[16.9825014,51.1369198],[16.9825075,51.1369119],[16.9825136,51.1369041],[16.9825197,51.1368963],[16.9825258,51.1368885],[16.9825318,51.1368807],[16.9825379,51.1368728],[16.982544,51.136865],[16.9825515,51.1368577],[16.9825589,51.1368504],[16.9825664,51.136843],[16.9825739,51.1368357],[16.9825813,51.1368284],[16.9825888,51.1368211],[16.9825963,51.1368138],[16.9826037,51.1368064],[16.9826112,51.1367991],[16.9826187,51.1367918],[16.9826261,51.1367845],[16.9826477,51.1367535]]}},{"type":"Feature","properties":{"layer":"roads"},"geometry":{"type":"LineString","coordinates":[[16.9826477,51.1367535],[16.9826013,51.1367475],[16.9825877,51.1367456],[16.982574,51.1367437],[16.9825603,51.1367418],[16.9825467,51.1367399],[16.982533,51.1367379],[16.9825194,51.136736],[16.9825057,51.1367341],[16.982492,51.1367322],[16.9824784,51.1367303],[16.9824237,51.1367226]]}},{"type":"Feature","properties":{"layer":"roads"},"geometry":{"type":"LineString","coordinates":[[16.9826477,51.1367535],[16.9826784,51.1367228],[16.982684,51.1367147],[16.9826896,51.1367066],[16.9826952,51.1366985],[16.9827008,51.1366904],[16.9827064,51.1366823],[16.982712,51.1366742],[16.9827176,51.1366661],[16.9827232,51.136658],[16.9827289,51.1366499],[16.9827345,51.1366418],[16.9827401,51.1366337],[16.9827457,51.1366256],[16.9827513,51.1366175],[16.9827569,51.1366094],[16.9827625,51.1366013],[16.9827955,51.1365775]]}},{"type":"Feature","properties":{"layer":"roads"},"geometry":{"type":"LineString","coordinates":[[16.9826477,51.1367535],[16.9827057,51.1367692],[16.9827181,51.1367727],[16.9827305,51.1367762],[16.982743,51.1367797],[16.9827554,51.1367832],[16.9827678,51.1367867],[16.9827802,51.1367901],[16.9827926,51.1367936],[16.9828051,51.1367971],[16.9828175,51.1368006],[16.9828299,51.1368041],[16.9828423,51.1368076],[16.9828548,51.1368111],[16.982906,51.1368204]]}},{"type":"Feature","properties":{"layer":"roads"},"geometry":{"type":"LineString","coordinates":[[16.9812884,51.132559],[16.9813479,51.1325602],[16.9813613,51.1325626],[16.9814419,51.1325774]]}},{"type":"Feature","properties":{"layer":"roads"},"geometry":{"type":"LineString","coordinates":[[16.9812884,51.132559],[16.9813218,51.1325885],[16.9813272,51.132596],[16.9813327,51.1326035],[16.9813381,51.132611],[16.9813436,51.1326185],[16.981349,51.132626],[16.9813539,51.1326339],[16.9813587,51.1326418],[16.9813636,51.1326497],[16.9813684,51.1326575],[16.9813733,51.1326654],[16.9813781,51.1326733],[16.981383,51.1326812],[16.9813851,51.1326899],[16.9813871,51.1326986],[16.9813892,51.1327072],[16.9813912,51.1327159],[16.9813933,51.1327246],[16.9813953,51.1327333],[16.9813974,51.1327419],[16.9813994,51.1327506],[16.9814015,51.1327593],[16.9814003,51.1327673],[16.9813992,51.1327753],[16.981398,51.1327834],[16.9813968,51.1327914],[16.9813957,51.1327994],[16.9813945,51.1328074],[16.981415,51.1328364]]}},{"type":"Feature","properties":{"layer":"roads"},"geometry":{"type":"LineString","coordinates":[[16.981415,51.1328364],[16.9814548,51.1328247],[16.9814659,51.1328191],[16.981477,51.1328134],[16.9814881,51.1328078],[16.9814992,51.1328021],[16.9815103,51.1327965],[16.9815214,51.1327908],[16.9815325,51.1327852],[16.9815436,51.1327795],[16.9815547,51.1327739],[16.9815658,51.1327682],[16.9815769,51.1327626],[16.981588,51.1327569],[16.9815991,51.1327513],[16.9816102,51.1327456],[16.9816213,51.13274],[16.9816324,51.1327343],[16.9816435,51.1327287],[16.9816879,51.1327071]]}},{"type":"Feature","properties":{"layer":"roads"},"geometry":{"type":"LineString","coordinates":[[16.9680599,51.133676],[16.9680775,51.1337048],[16.9680801,51.1337134],[16.9680826,51.1337221],[16.9680851,51.1337308],[16.9680876,51.1337395],[16.9680902,51.1337481],[16.9680927,51.1337568],[16.9680952,51.1337655],[16.9680978,51.1337741],[16.9681003,51.1337828],[16.9681029,51.1337915],[16.9681054,51.1338002],[16.968108,51.1338089],[16.9681105,51.1338176],[16.968113,51.1338263],[16.9681156,51.133835],[16.9681181,51.1338437],[16.9681207,51.1338524],[16.9681233,51.1338612],[16.9681258,51.1338699],[16.9681284,51.1338786],[16.9681309,51.1338873],[16.9681334,51.133896],[16.968136,51.1339047],[16.9681385,51.1339134],[16.9681488,51.1339466]]}},{"type":"Feature","properties":{"layer":"roads"},"geometry":{"type":"LineString","coordinates":[[16.9862347,51.1311804],[16.9862159,51.131206],[16.9862099,51.1312141],[16.9862039,51.1312223],[16.9861978,51.1312304],[16.9861918,51.1312385],[16.9861858,51.1312467],[16.9861798,51.1312548],[16.9861737,51.131263],[16.9861677,51.1312711],[16.9861617,51.1312792],[16.9861556,51.1312874],[16.9861496,51.1312955],[16.9861436,51.1313036],[16.9861376,51.1313118],[16.9861315,51.1313199],[16.9861255,51.131328],[16.9861195,51.1313362],[16.9861135,51.1313443],[16.9861074,51.1313524],[16.9861014,51.1313606],[16.9860954,51.1313687],[16.9860894,51.1313768],[16.9860833,51.131385],[16.9860773,51.1313931],[16.9860713,51.1314012],[16.9860652,51.1314094],[16.9860592,51.1314175],[16.9860532,51.1314257],[16.9860472,51.1314338],[16.9860411,51.1314419],[16.9860351,51.1314501],[16.9860291,51.1314582],[16.9860231,51.1314663],[16.986017,51.1314745],[16.9859962,51.1314868],[16.9859616,51.1314967],[16.9859492,51.1315003],[16.9859368,51.1315038],[16.9859245,51.1315073],[16.9859121,51.1315108],[16.9858998,51.1315144],[16.9858874,51.1315179],[16.9858738,51.1315203],[16.9858602,51.1315226],[16.9858465,51.131525],[16.9858329,51.1315274],[16.9858193,51.1315298],[16.9858057,51.1315321],[16.9857921,51.1315345],[16.9857785,51.1315369],[16.9857648,51.1315393],[16.9857512,51.1315416],[16.9857376,51.131544],[16.985724,51.1315464],[16.9856883,51.1315649]]}},{"type":"Feature","properties":{"layer":"roads"},"geometry":{"type":"LineString","coordinates":[[16.9862347,51.1311804],[16.9862847,51.1311904],[16.9862974,51.1311926],[16.9863101,51.1311948],[16.9863227,51.131197],[16.9863354,51.1311992],[16.9863493,51.1311995],[16.9863632,51.1311999],[16.9863771,51.1312002],[16.9863911,51.1312005],[16.986405,51.1312008],[16.9864189,51.1312011],[16.9864328,51.1312015],[16.9864467,51.1312018],[16.9864606,51.1312003],[16.9864744,51.1311988],[16.9864883,51.1311974],[16.9865022,51.1311959],[16.9865161,51.1311944],[16.9865299,51.1311929],[16.9865438,51.1311914],[16.9865577,51.1311899],[16.9866132,51.131184]]}},{"type":"Feature","properties":{"layer":"roads"},"geometry":{"type":"LineString","coordinates":[[16.9820703,51.1314684],[16.9821209,51.131445],[16.9821308,51.1314385],[16.9821406,51.131432],[16.9821505,51.1314254],[16.9821603,51.1314189],[16.9821702,51.1314124],[16.9821798,51.1314066],[16.9821893,51.1314008],[16.9821989,51.131395],[16.9822085,51.1313892],[16.982218,51.1313834],[16.9822276,51.1313776],[16.9822372,51.1313719],[16.9822468,51.1313661],[16.9822563,51.1313603],[16.9822659,51.1313545],[16.9822755,51.1313487],[16.982285,51.1313429],[16.9822946,51.1313371],[16.9823068,51.131334],[16.9823189,51.1313309],[16.9823311,51.1313279],[16.9823432,51.1313248],[16.9823554,51.1313217],[16.9823682,51.1313201],[16.982381,51.1313186],[16.9823938,51.131317],[16.9824066,51.1313154],[16.9824194,51.1313139],[16.9824548,51.1312965]]}},{"type":"Feature","properties":{"layer":"roads"},"geometry":{"type":"LineString","coordinates":[[16.9678765,51.1339098],[16.9678616,51.1339363],[16.9678638,51.1339445],[16.967866,51.1339526],[16.9678683,51.1339608],[16.9678705,51.133969],[16.9678727,51.1339772],[16.9678749,51.1339853],[16.9678771,51.1339935],[16.9678793,51.1340017],[16.9678828,51.1340102],[16.9678862,51.1340187],[16.9678897,51.1340271],[16.9678932,51.1340356],[16.9678928,51.1340432],[16.9678923,51.1340507],[16.9678918,51.1340583],[16.9678914,51.1340659],[16.9678909,51.1340734],[16.9678905,51.134081],[16.9678939,51.1340891],[16.9678974,51.1340972],[16.9679008,51.1341053],[16.9679042,51.1341135],[16.9679077,51.1341216],[16.9679111,51.1341297],[16.9679166,51.134138],[16.9679221,51.1341463],[16.9679276,51.1341546],[16.9679331,51.1341629],[16.96794,51.1341695],[16.9679468,51.134176],[16.9679537,51.1341826],[16.9679606,51.1341891],[16.9679931,51.1342111]]}},{"type":"Feature","properties":{"layer":"roads"},"geometry":{"type":"LineString","coordinates":[[16.9678765,51.1339098],[16.9679217,51.1339139],[16.9679355,51.133916],[16.9679492,51.133918],[16.967963,51.1339201],[16.9679768,51.1339222],[16.9679906,51.1339242],[16.9680044,51.1339263],[16.9680181,51.1339284],[16.9680319,51.1339304],[16.9680457,51.1339325],[16.9680595,51.1339346],[16.9680732,51.1339366],[16.968087,51.1339387],[16.9681008,51.1339407],[16.9681488,51.1339466]]}},{"type":"Feature","properties":{"layer":"roads"},"geometry":{"type":"LineString","coordinates":[[16.9679931,51.1342111],[16.9680288,51.1341903],[16.9680407,51.1341857],[16.9680526,51.134181],[16.9680645,51.1341764],[16.9680764,51.1341718],[16.9680883,51.1341672],[16.9681002,51.1341625],[16.9681121,51.1341579],[16.968124,51.1341533],[16.9681359,51.1341486],[16.9681478,51.134144],[16.9681597,51.1341394],[16.9681716,51.1341348],[16.9681835,51.1341301],[16.9681954,51.1341255],[16.968232,51.1341045]]}},{"type":"Feature","properties":{"layer":"roads"},"geometry":{"type":"LineString","coordinates":[[16.9679931,51.1342111],[16.968005,51.1342412],[16.968011,51.1342493],[16.9680169,51.1342574],[16.9680229,51.1342655],[16.968026,51.1342737],[16.968029,51.1342819],[16.9680321,51.1342901],[16.9680351,51.1342983],[16.9680382,51.1343065],[16.9680413,51.1343147],[16.9680443,51.1343229],[16.9680474,51.1343311],[16.9680546,51.1343381],[16.9680618,51.1343451],[16.968069,51.1343521],[16.9680762,51.1343591],[16.9680834,51.1343661],[16.9681277,51.1344061]]}},{"type":"Feature","properties":{"layer":"roads"},"geometry":{"type":"LineString","coordinates":[[16.9688436,51.133967],[16.9688219,51.1339939],[16.9688199,51.1340026],[16.9688179,51.1340113],[16.9688159,51.13402],[16.9688139,51.1340287],[16.9688119,51.1340374],[16.9688099,51.1340461],[16.9688079,51.1340548],[16.9688059,51.1340635],[16.9688039,51.1340722],[16.9688019,51.1340809],[16.9687999,51.1340896],[16.9687979,51.1340983],[16.9687959,51.134107],[16.9687939,51.1341157],[16.9687919,51.1341244],[16.9687899,51.1341331],[16.9687879,51.1341418],[16.9687859,51.1341505],[16.9687839,51.1341592],[16.9687819,51.1341679],[16.9687799,51.1341766],[16.9687779,51.1341853],[16.9687759,51.134194],[16.9687739,51.1342027],[16.9687719,51.1342114],[16.9687699,51.1342201],[16.9687679,51.1342288],[16.9687657,51.1342597]]}},{"type":"Feature","properties":{"layer":"roads"},"geometry":{"type":"LineString","coordinates":[[16.9687657,51.1342597],[16.9687509,51.134299],[16.9687486,51.1343079],[16.9687464,51.1343167],[16.9687441,51.1343256],[16.9687418,51.1343345],[16.9687396,51.1343433],[16.9687373,51.1343522],[16.9687351,51.134361],[16.9687328,51.1343699],[16.9687306,51.1343787],[16.9687283,51.1343876],[16.9687261,51.1343964],[16.9687238,51.1344053],[16.9687215,51.1344142],[16.9687193,51.134423],[16.968717,51.1344319],[16.9687148,51.1344407],[16.9687125,51.1344496],[16.9687103,51.1344584],[16.968708,51.1344673],[16.9687057,51.1344762],[16.9686799,51.1345026]]}},{"type":"Feature","properties":{"layer":"roads"},"geometry":{"type":"LineString","coordinates":[[16.9687657,51.1342597],[16.9687113,51.134281],[16.9686991,51.1342854],[16.968687,51.1342898],[16.9686748,51.1342941],[16.9686627,51.1342985],[16.9686505,51.1343028],[16.9686384,51.1343072],[16.9686262,51.1343115],[16.968614,51.1343159],[16.9686019,51.1343203],[16.9685897,51.1343246],[16.9685776,51.134329],[16.9685654,51.1343333],[16.9685533,51.1343377],[16.9685411,51.1343421],[16.968485,51.1343606]]}},{"type":"Feature","properties":{"layer":"roads"},"geometry":{"type":"LineString","coordinates":[[16.966872,51.131016],[16.9668911,51.1310572]]}},{"type":"Feature","properties":{"layer":"roads"},"geometry":{"type":"LineString","coordinates":[[16.966872,51.131016],[16.9669112,51.1310019],[16.9669247,51.1309992],[16.9669381,51.1309965],[16.9669516,51.1309937],[16.9669651,51.130991],[16.9669786,51.1309883],[16.966992,51.1309856],[16.9670055,51.1309828],[16.967019,51.1309801],[16.9670325,51.1309774],[16.9670459,51.1309747],[16.9670594,51.130972],[16.9670729,51.1309692],[16.9670863,51.1309665],[16.9670998,51.1309638],[16.9671133,51.1309611],[16.9671268,51.1309583],[16.9671402,51.1309556],[16.9671537,51.1309529],[16.9671672,51.1309502],[16.9671807,51.1309474],[16.9671941,51.1309447],[16.9672076,51.130942],[16.9672177,51.1309408],[16.9672279,51.1309395],[16.967238,51.1309383],[16.9672888,51.1309315]]}},{"type":"Feature","properties":{"layer":"roads"},"geometry":{"type":"LineString","coordinates":[[16.9672888,51.1309315],[16.967319,51.1309676],[16.9673282,51.1309867],[16.9673369,51.1310008],[16.9673463,51.1310086],[16.9673552,51.131041]]}},{"type":"Feature","properties":{"layer":"roads"},"geometry":{"type":"LineString","coordinates":[[16.9672888,51.1309315],[16.9672939,51.1309042],[16.9672813,51.1308723]]}},{"type":"Feature","properties":{"layer":"roads"},"geometry":{"type":"LineString","coordinates":[[16.9749624,51.1302769],[16.9749859,51.1303076],[16.9749936,51.1303145],[16.9749993,51.1303219],[16.975005,51.1303294],[16.9750106,51.1303368],[16.9750163,51.1303443],[16.975022,51.1303517],[16.9750291,51.1303583],[16.9750362,51.130365],[16.9750434,51.1303716],[16.9750505,51.1303782],[16.9750576,51.1303849],[16.9750647,51.1303915],[16.9750719,51.1303981],[16.975079,51.1304048],[16.9750861,51.1304114],[16.9750932,51.1304187],[16.9751004,51.1304259],[16.9751075,51.1304332],[16.9751147,51.1304404],[16.9751218,51.1304477],[16.975129,51.1304549],[16.9751361,51.1304622],[16.9751407,51.13047],[16.9751452,51.1304777],[16.9751481,51.1305112]]}},{"type":"Feature","properties":{"layer":"roads"},"geometry":{"type":"LineString","coordinates":[[16.9749624,51.1302769],[16.9749271,51.130311],[16.9749201,51.1303187],[16.9749132,51.1303264],[16.9749062,51.1303341],[16.9748993,51.1303419],[16.9748923,51.1303496],[16.9748854,51.1303573],[16.9748784,51.130365],[16.9748715,51.1303727],[16.9748645,51.1303804],[16.9748576,51.1303882],[16.9748506,51.1303959],[16.9748437,51.1304036],[16.9748367,51.1304113],[16.9748298,51.130419],[16.9748228,51.1304268],[16.9748159,51.1304345],[16.9748007,51.1304513],[16.9747816,51.1304725],[16.9747747,51.1304801],[16.9747668,51.130507]]}},{"type":"Feature","properties":{"layer":"roads"},"geometry":{"type":"LineString","coordinates":[[16.9749624,51.1302769],[16.9749375,51.1302483],[16.9749398,51.1302399],[16.9749422,51.1302315],[16.9749445,51.1302231],[16.9749469,51.1302147],[16.9749492,51.1302062],[16.9749516,51.1301978],[16.9749539,51.1301894],[16.9749563,51.130181],[16.9749586,51.1301726],[16.974961,51.1301642],[16.9749614,51.1301553],[16.9749617,51.1301463],[16.9749621,51.1301374],[16.9749625,51.1301284],[16.9749629,51.1301195],[16.9749632,51.1301106],[16.9749636,51.1301016],[16.974964,51.1300927],[16.9749643,51.1300837],[16.9749647,51.1300748],[16.9749624,51.130066],[16.97496,51.1300571],[16.9749577,51.1300483],[16.9749554,51.1300394],[16.974953,51.1300306],[16.9749507,51.1300218],[16.974923,51.1299961]]}},{"type":"Feature","properties":{"layer":"roads"},"geometry":{"type":"LineString","coordinates":[[16.9751481,51.1305112],[16.975104,51.1305075],[16.9750929,51.1305029],[16.9750793,51.1305005],[16.9750656,51.1304981],[16.975052,51.1304957],[16.9750383,51.1304933],[16.9750247,51.1304909],[16.9750132,51.1304909],[16.9750017,51.1304909],[16.9749902,51.1304908],[16.9749787,51.1304908],[16.9749672,51.1304908],[16.9749541,51.1304915],[16.9749411,51.1304922],[16.974928,51.1304929],[16.974915,51.1304936],[16.9749021,51.1304959],[16.9748891,51.1304982],[16.9748762,51.1305005],[16.9748632,51.1305027],[16.9748502,51.130505],[16.9748373,51.1305073],[16.9748243,51.1305096],[16.9748114,51.1305119],[16.9747668,51.130507]]}},{"type":"Feature","properties":{"layer":"roads"},"geometry":{"type":"LineString","coordinates":[[16.983563,51.1329654],[16.9836163,51.1329537],[16.9836301,51.1329519],[16.9836431,51.1329499],[16.983656,51.1329478],[16.983669,51.1329458],[16.9836819,51.1329438],[16.9836949,51.1329417],[16.9837078,51.1329397],[16.9837601,51.1329362]]}},{"type":"Feature","properties":{"layer":"roads"},"geometry":{"type":"LineString","coordinates":[[16.968485,51.1343606],[16.9685275,51.1343866],[16.9685363,51.1343934],[16.968544,51.1344003],[16.9685517,51.1344073],[16.9685594,51.1344142],[16.9685671,51.1344211],[16.9685747,51.134428],[16.9685824,51.1344349],[16.9685901,51.1344419],[16.9685978,51.1344488],[16.9686057,51.1344555],[16.9686135,51.1344622],[16.9686214,51.1344689],[16.9686293,51.1344756],[16.9686371,51.1344823],[16.9686799,51.1345026]]}},{"type":"Feature","properties":{"layer":"roads"},"geometry":{"type":"LineString","coordinates":[[16.968485,51.1343606],[16.9684628,51.1343309],[16.9684554,51.1343237],[16.968448,51.1343166],[16.9684405,51.1343094],[16.9684331,51.1343022],[16.9684257,51.1342951],[16.9684182,51.1342879],[16.9684108,51.1342808],[16.9684034,51.1342736],[16.9683961,51.134266],[16.9683888,51.1342585],[16.9683815,51.1342509],[16.9683742,51.1342433],[16.9683669,51.1342357],[16.9683597,51.1342282],[16.9683524,51.1342206],[16.9683451,51.134213],[16.9683378,51.1342054],[16.9683305,51.1341979],[16.9683232,51.1341903],[16.9683159,51.1341827],[16.9683086,51.1341752],[16.9683013,51.1341676],[16.968294,51.13416],[16.9682867,51.1341524],[16.9682795,51.1341449],[16.9682722,51.1341373],[16.9682649,51.1341297],[16.968232,51.1341045]]}},{"type":"Feature","properties":{"layer":"roads"},"geometry":{"type":"LineString","coordinates":[[16.968485,51.1343606],[16.9684379,51.134367],[16.9684242,51.1343688],[16.9684105,51.1343707],[16.9683969,51.1343725],[16.9683832,51.1343744],[16.9683703,51.1343759],[16.9683574,51.1343773],[16.9683444,51.1343788],[16.9683315,51.1343802],[16.9683186,51.1343817],[16.9683057,51.1343831],[16.9682927,51.1343846],[16.9682798,51.134386],[16.9682669,51.1343875],[16.9682537,51.1343875],[16.9682404,51.1343875],[16.9682272,51.1343875],[16.968214,51.1343875],[16.9682008,51.1343876],[16.9681875,51.1343876],[16.9681743,51.1343876],[16.9681611,51.1343876],[16.9681277,51.1344061]]}},{"type":"Feature","properties":{"layer":"roads"},"geometry":{"type":"LineString","coordinates":[[16.9779245,51.1338059],[16.9779672,51.1338171],[16.9779814,51.1338169],[16.9779957,51.1338167],[16.97801,51.1338165],[16.9780242,51.1338164],[16.9780385,51.1338162],[16.9780528,51.133816],[16.978067,51.1338158],[16.9780813,51.1338156],[16.9780956,51.1338155],[16.9781099,51.1338153],[16.9781241,51.1338151],[16.9781384,51.1338149],[16.9781527,51.1338147],[16.9781669,51.1338146],[16.9781812,51.1338144],[16.9781955,51.1338142],[16.9782097,51.133814],[16.978224,51.1338139],[16.9782383,51.1338137],[16.9782807,51.1338039]]}},{"type":"Feature","properties":{"layer":"roads"},"geometry":{"type":"LineString","coordinates":[[16.9665917,51.1311036],[16.9665369,51.1310957],[16.9664882,51.1310874]]}},{"type":"Feature","properties":{"layer":"roads"},"geometry":{"type":"LineString","coordinates":[[16.9665917,51.1311036],[16.9666472,51.1310981],[16.9666613,51.1310976],[16.9666754,51.1310972],[16.9666894,51.1310968],[16.9667035,51.1310964],[16.9667176,51.1310951],[16.9667317,51.1310939],[16.9667458,51.1310926],[16.9667599,51.1310914],[16.966774,51.1310901],[16.9667862,51.1310882],[16.9667984,51.1310862],[16.9668107,51.1310843],[16.9668229,51.1310823],[16.9668351,51.1310804],[16.9668474,51.1310785],[16.9668596,51.1310765],[16.9668911,51.1310572]]}},{"type":"Feature","properties":{"layer":"roads"},"geometry":{"type":"LineString","coordinates":[[16.9706568,51.1304774],[16.9706582,51.1304442],[16.9706634,51.1304368],[16.9706687,51.1304293],[16.970674,51.1304219],[16.9706779,51.1304134],[16.9706818,51.1304048],[16.9706857,51.1303963],[16.9706897,51.1303877],[16.9706936,51.1303792],[16.9706975,51.1303706],[16.9707014,51.1303621],[16.9707053,51.1303535],[16.9707092,51.130345],[16.9707132,51.1303364],[16.9707171,51.1303279],[16.970721,51.1303194],[16.9707249,51.1303108],[16.9707288,51.1303023],[16.9707327,51.1302937],[16.9707367,51.1302852],[16.9707406,51.1302766],[16.9707691,51.1302554]]}},{"type":"Feature","properties":{"layer":"roads"},"geometry":{"type":"LineString","coordinates":[[16.9779737,51.1309616],[16.9780083,51.1309838],[16.9780199,51.130989],[16.9780316,51.1309942],[16.9780432,51.1309994],[16.9780548,51.1310046],[16.9780665,51.1310098],[16.9780781,51.131015],[16.9780897,51.1310202],[16.9781014,51.1310254],[16.978113,51.1310306],[16.9781247,51.1310359],[16.9781363,51.1310411],[16.9781479,51.1310463],[16.9781596,51.1310515],[16.9781712,51.1310567],[16.9781776,51.1310646],[16.978184,51.1310724],[16.9781904,51.1310803],[16.9781968,51.1310881],[16.9782032,51.131096],[16.9782096,51.1311038],[16.9782515,51.1311239]]}},{"type":"Feature","properties":{"layer":"roads"},"geometry":{"type":"LineString","coordinates":[[16.9779737,51.1309616],[16.9780159,51.1309529],[16.978029,51.130952],[16.9780422,51.130951],[16.9780554,51.1309488],[16.9780686,51.1309465],[16.9780818,51.1309442],[16.978095,51.130942],[16.9781082,51.1309398],[16.9781214,51.1309375],[16.9781347,51.1309353],[16.9781479,51.130933],[16.9781611,51.1309307],[16.9781743,51.1309285],[16.9781875,51.1309263],[16.9782007,51.130924],[16.9782139,51.1309217],[16.9782271,51.1309195],[16.9782402,51.1309193],[16.9782534,51.130919],[16.9782665,51.1309188],[16.9782797,51.1309186],[16.9782928,51.1309184],[16.978306,51.1309181],[16.9783191,51.1309179],[16.9783322,51.1309177],[16.9783827,51.1309214]]}},{"type":"Feature","properties":{"layer":"roads"},"geometry":{"type":"LineString","coordinates":[[16.9782515,51.1311239],[16.9782753,51.1311012],[16.9782803,51.1310928],[16.9782853,51.1310844],[16.9782902,51.131076],[16.9782952,51.1310676],[16.9783002,51.1310593],[16.9783052,51.1310509],[16.9783102,51.1310425],[16.9783151,51.1310341],[16.9783201,51.1310257],[16.9783251,51.1310174],[16.9783301,51.131009],[16.978335,51.1310006],[16.97834,51.1309922],[16.978345,51.1309838],[16.97835,51.1309755],[16.9783549,51.1309671],[16.9783599,51.1309587],[16.9783649,51.1309503],[16.9783827,51.1309214]]}},{"type":"Feature","properties":{"layer":"roads"},"geometry":{"type":"LineString","coordinates":[[16.9802783,51.1330652],[16.9802927,51.133031],[16.9802953,51.1330232],[16.9802978,51.1330155],[16.9803004,51.1330077],[16.9803029,51.1329999],[16.9803492,51.133005]]}},{"type":"Feature","properties":{"layer":"roads"},"geometry":{"type":"LineString","coordinates":[[16.982906,51.1368204],[16.9829011,51.1367895],[16.982897,51.136781],[16.9828929,51.1367725],[16.9828888,51.1367641],[16.9828847,51.1367556],[16.9828806,51.1367471],[16.9828765,51.1367386],[16.9828724,51.1367302],[16.9828683,51.1367217],[16.9828642,51.1367132],[16.9828601,51.1367048],[16.982856,51.1366963],[16.9828519,51.1366878],[16.9828479,51.1366794],[16.9828438,51.1366709],[16.9828397,51.1366624],[16.9828356,51.136654],[16.9828315,51.1366455],[16.9828274,51.136637],[16.9828233,51.1366286],[16.9828192,51.1366201],[16.9828151,51.1366116],[16.982811,51.1366031],[16.9827955,51.1365775]]}},{"type":"Feature","properties":{"layer":"roads"},"geometry":{"type":"LineString","coordinates":[[16.9794819,51.1284738],[16.9794943,51.1285014],[16.9794921,51.12851],[16.9794898,51.1285187],[16.9794875,51.1285274],[16.9794853,51.128536],[16.979483,51.1285447],[16.9794807,51.1285534],[16.9794784,51.1285621],[16.9794762,51.1285707],[16.9794739,51.1285794],[16.9794732,51.1285879],[16.9794726,51.1285965],[16.9794719,51.128605],[16.9794712,51.1286136],[16.9794705,51.1286221],[16.9794699,51.1286307],[16.9794692,51.1286392],[16.9794685,51.1286478],[16.9794679,51.1286563],[16.9794672,51.1286649],[16.9794665,51.1286735],[16.9794711,51.1287049]]}},{"type":"Feature","properties":{"layer":"roads"},"geometry":{"type":"LineString","coordinates":[[16.9783827,51.1309214],[16.978395,51.130883],[16.9783976,51.1308746],[16.9784001,51.1308662],[16.9784027,51.1308577],[16.9784052,51.1308493],[16.9784078,51.1308408],[16.9784103,51.1308324],[16.9784129,51.1308239],[16.9784155,51.1308155],[16.978418,51.1308071],[16.9784206,51.1307986],[16.9784231,51.1307902],[16.9784257,51.1307817],[16.9784282,51.1307733],[16.9784308,51.1307649],[16.9784333,51.1307564],[16.9784359,51.130748],[16.9784384,51.1307395],[16.978441,51.1307311],[16.978439,51.1307233],[16.9784369,51.1307155],[16.9784348,51.1307078],[16.9784207,51.1306777]]}},{"type":"Feature","properties":{"layer":"roads"},"geometry":{"type":"LineString","coordinates":[[16.9682996,51.1319142],[16.9682935,51.131879],[16.9682939,51.13187],[16.9682942,51.1318611],[16.9682946,51.1318521],[16.968295,51.1318432],[16.9682953,51.1318342],[16.9682956,51.1318253],[16.968296,51.1318164],[16.9682963,51.1318074],[16.9682967,51.1317985],[16.9682971,51.1317895],[16.9682974,51.1317806],[16.9682942,51.1317416]]}},{"type":"Feature","properties":{"layer":"roads"},"geometry":{"type":"LineString","coordinates":[[16.9682996,51.1319142],[16.9683483,51.1318972],[16.9683596,51.131892],[16.9683709,51.1318867],[16.9683822,51.1318814],[16.9683935,51.1318761],[16.9684048,51.1318708],[16.9684161,51.1318655],[16.9684273,51.1318602],[16.9684386,51.1318549],[16.9684499,51.1318496],[16.9684612,51.1318443],[16.9684725,51.131839],[16.9684838,51.1318338],[16.9685021,51.1318064]]}},{"type":"Feature","properties":{"layer":"roads"},"geometry":{"type":"LineString","coordinates":[[16.9750525,51.1299601],[16.9751126,51.1299632],[16.9751268,51.1299626],[16.975141,51.1299621],[16.9751552,51.1299616],[16.9751694,51.1299611],[16.9751836,51.1299605],[16.9751978,51.12996],[16.975212,51.1299595],[16.9752262,51.129959],[16.9752404,51.1299584],[16.9752546,51.1299579],[16.9752687,51.1299574],[16.9752829,51.1299568],[16.9752971,51.1299563],[16.9753113,51.1299558],[16.9753255,51.1299553],[16.9753397,51.1299547],[16.9753539,51.1299542],[16.9753681,51.1299537],[16.9753823,51.1299532],[16.9753965,51.1299526],[16.9754456,51.1299558]]}},{"type":"Feature","properties":{"layer":"roads"},"geometry":{"type":"LineString","coordinates":[[16.9754456,51.1299558],[16.9754263,51.1299821],[16.975418,51.1299885],[16.9754098,51.1299949],[16.9754015,51.1300013],[16.9753933,51.1300077],[16.9753839,51.130014],[16.9753745,51.1300203],[16.9753651,51.1300267],[16.9753558,51.130033],[16.9753464,51.1300393],[16.975337,51.1300456],[16.9753276,51.1300519],[16.9753182,51.1300583],[16.9753088,51.1300646],[16.9752994,51.1300709],[16.97529,51.1300772],[16.9752807,51.1300835],[16.9752713,51.1300899],[16.9752619,51.1300962],[16.9752367,51.1301261]]}},{"type":"Feature","properties":{"layer":"roads"},"geometry":{"type":"LineString","coordinates":[[16.9822287,51.1322079],[16.982276,51.1322359],[16.9822866,51.1322419],[16.9822972,51.1322479],[16.9823077,51.1322539],[16.9823183,51.1322599],[16.9823288,51.1322659],[16.9823394,51.1322719],[16.9823493,51.1322778],[16.9823936,51.1322938]]}},{"type":"Feature","properties":{"layer":"roads"},"geometry":{"type":"LineString","coordinates":[[16.9816879,51.1327071],[16.9816348,51.1326893],[16.9816244,51.1326837],[16.9816139,51.1326781],[16.9816034,51.1326726],[16.9815929,51.132667],[16.9815824,51.1326614],[16.9815719,51.1326558],[16.9815614,51.1326502],[16.9815509,51.1326446],[16.9815405,51.132639],[16.98153,51.1326334],[16.9815195,51.1326278],[16.981509,51.1326222],[16.9814985,51.1326166],[16.981488,51.132611],[16.9814775,51.1326055],[16.981467,51.1325999],[16.9814419,51.1325774]]}},{"type":"Feature","properties":{"layer":"roads"},"geometry":{"type":"LineString","coordinates":[[16.9816879,51.1327071],[16.9817099,51.1327396],[16.9817182,51.1327466],[16.9817265,51.1327536],[16.9817348,51.1327606],[16.9817431,51.1327676],[16.9817513,51.1327745],[16.9817596,51.1327815],[16.9817679,51.1327885],[16.9817762,51.1327955],[16.9817845,51.1328025],[16.9817928,51.1328095],[16.981801,51.1328164],[16.9818093,51.1328234],[16.9818176,51.1328304],[16.9818519,51.132848]]}},{"type":"Feature","properties":{"layer":"roads"},"geometry":{"type":"LineString","coordinates":[[16.9881865,51.1305924],[16.9882311,51.1306346],[16.9882314,51.1306433],[16.9882316,51.1306519],[16.9882318,51.1306606],[16.988232,51.1306692],[16.9882323,51.1306779],[16.9882325,51.1306865],[16.9882327,51.1306952],[16.9882329,51.1307038],[16.9882332,51.1307125],[16.9882334,51.1307211],[16.9882336,51.1307298],[16.9882566,51.1307597]]}},{"type":"Feature","properties":{"layer":"roads"},"geometry":{"type":"LineString","coordinates":[[16.9881865,51.1305924],[16.9883068,51.1306109]]}},{"type":"Feature","properties":{"layer":"roads"},"geometry":{"type":"LineString","coordinates":[[16.988165,51.1303786],[16.9882367,51.1303623],[16.9882651,51.1303651],[16.9882766,51.1303663],[16.9882881,51.1303675],[16.9883011,51.1303689],[16.9883142,51.1303702],[16.9883272,51.1303716],[16.9883402,51.1303729],[16.9883533,51.1303743],[16.9883663,51.1303756],[16.9883794,51.130377],[16.9884315,51.1303824]]}},{"type":"Feature","properties":{"layer":"roads"},"geometry":{"type":"LineString","coordinates":[[16.988165,51.1303786],[16.988155,51.1303476],[16.9881539,51.130321],[16.9881536,51.1303126],[16.9881532,51.1303041],[16.9881529,51.1302957],[16.9881525,51.1302872],[16.9881522,51.1302788],[16.9881518,51.1302703],[16.9881515,51.1302619],[16.9881511,51.1302534],[16.9881508,51.130245],[16.9881514,51.1302362],[16.988152,51.1302274],[16.9881526,51.1302187],[16.9881532,51.1302099],[16.9881538,51.1302011],[16.9881544,51.1301923],[16.9881551,51.1301835],[16.9881557,51.1301747],[16.9881563,51.1301659],[16.9881677,51.1301337]]}},{"type":"Feature","properties":{"layer":"roads"},"geometry":{"type":"LineString","coordinates":[[16.9856883,51.1315649],[16.9856286,51.1315623],[16.9855877,51.1315673],[16.985574,51.131569],[16.9855604,51.1315707],[16.9855467,51.1315724],[16.985533,51.1315741],[16.9855194,51.1315758],[16.9854631,51.1315763]]}},{"type":"Feature","properties":{"layer":"roads"},"geometry":{"type":"LineString","coordinates":[[16.9673552,51.131041],[16.9673335,51.1310715],[16.9673199,51.1310708],[16.9673062,51.13107],[16.9672925,51.1310692],[16.9672788,51.1310684],[16.9672651,51.1310676],[16.9672515,51.1310669],[16.9672378,51.1310661],[16.9672241,51.1310653],[16.9672104,51.1310645],[16.9671967,51.1310637],[16.9671831,51.131063],[16.9671694,51.1310622],[16.9671557,51.1310614],[16.9671421,51.1310617],[16.9671284,51.131062],[16.9671148,51.1310622],[16.9671011,51.1310625],[16.9670875,51.1310628],[16.9670739,51.1310631],[16.9670602,51.1310633],[16.9670466,51.1310636],[16.967033,51.1310639],[16.9670193,51.1310642],[16.9670057,51.1310644],[16.966992,51.1310647],[16.9669643,51.131062],[16.9668911,51.1310572]]}},{"type":"Feature","properties":{"layer":"roads"},"geometry":{"type":"LineString","coordinates":[[16.9673552,51.131041],[16.9673724,51.1310735],[16.9674422,51.1310715]]}},{"type":"Feature","properties":{"layer":"roads"},"geometry":{"type":"LineString","coordinates":[[16.9682942,51.1317416],[16.9683488,51.1317606],[16.9683613,51.1317645],[16.9683738,51.1317684],[16.9683864,51.1317724],[16.9683989,51.1317763],[16.9684114,51.1317802],[16.9684239,51.1317842],[16.9684364,51.1317881],[16.9684489,51.1317921],[16.9684614,51.131796],[16.9685021,51.1318064]]}},{"type":"Feature","properties":{"layer":"roads"},"geometry":{"type":"LineString","coordinates":[[16.9779314,51.1323051],[16.9778936,51.1323222],[16.9778712,51.1323318],[16.9778376,51.1323468],[16.9778264,51.1323518],[16.9778152,51.1323568],[16.977804,51.1323618],[16.9777927,51.1323668],[16.9777815,51.1323718],[16.9777703,51.1323768],[16.9777591,51.1323818],[16.977713,51.1323993]]}},{"type":"Feature","properties":{"layer":"roads"},"geometry":{"type":"LineString","coordinates":[[16.9791543,51.1274125],[16.9791106,51.1274087],[16.9791007,51.1274063],[16.9790909,51.1274038],[16.9790802,51.1273993],[16.9790372,51.1273814]]}},{"type":"Feature","properties":{"layer":"roads"},"geometry":{"type":"LineString","coordinates":[[16.9791543,51.1274125],[16.9792022,51.1274102],[16.9792143,51.1274094],[16.9792265,51.1274085],[16.9792385,51.1274088],[16.9792505,51.1274091],[16.9792624,51.1274094],[16.9792744,51.1274097],[16.9792864,51.12741],[16.9792984,51.1274126],[16.9793105,51.1274153],[16.9793573,51.127427]]}},{"type":"Feature","properties":{"layer":"roads"},"geometry":{"type":"LineString","coordinates":[[16.9791543,51.1274125],[16.9791571,51.1274429],[16.9791616,51.127451],[16.9791661,51.127459],[16.9791706,51.1274671],[16.9791751,51.1274752],[16.9791796,51.1274832],[16.9791841,51.1274913],[16.9791895,51.1274975],[16.9791949,51.1275038],[16.9792003,51.12751],[16.9792057,51.1275162],[16.979215,51.1275229],[16.9792243,51.1275296],[16.9792336,51.1275364],[16.9792429,51.1275431],[16.9792537,51.1275478],[16.9792644,51.1275524],[16.9792751,51.1275571],[16.9792859,51.1275618],[16.9792971,51.1275653],[16.9793083,51.1275689],[16.9793194,51.1275725],[16.979367,51.1275697]]}},{"type":"Feature","properties":{"layer":"roads"},"geometry":{"type":"LineString","coordinates":[[16.979367,51.1275697],[16.9793753,51.1275424],[16.9793817,51.1275344],[16.9793882,51.1275264],[16.9794259,51.1275061]]}},{"type":"Feature","properties":{"layer":"roads"},"geometry":{"type":"LineString","coordinates":[[16.975851,51.1343074],[16.9758283,51.1343361],[16.9758301,51.1343447],[16.975832,51.1343533],[16.9758338,51.1343619],[16.9758356,51.1343705],[16.9758375,51.1343791],[16.9758393,51.1343877],[16.9758411,51.1343963],[16.975843,51.1344049],[16.9758448,51.1344135],[16.9758467,51.1344221],[16.9758485,51.1344307],[16.9758503,51.1344393],[16.9758522,51.1344479],[16.975854,51.1344565],[16.9758558,51.1344651],[16.9758577,51.1344737],[16.9758595,51.1344823],[16.9758526,51.1344894],[16.9758457,51.1344965],[16.9758181,51.1345249]]}},{"type":"Feature","properties":{"layer":"roads"},"geometry":{"type":"LineString","coordinates":[[16.9857818,51.1350417],[16.9858178,51.1350599],[16.9858234,51.1350681],[16.985829,51.1350763],[16.9858347,51.1350845],[16.9858403,51.1350927],[16.985846,51.135101],[16.9858516,51.1351092],[16.9858549,51.1351179],[16.9858582,51.1351265],[16.9858614,51.1351352],[16.9858647,51.1351439],[16.985868,51.1351526],[16.9858713,51.1351612],[16.9858746,51.1351699],[16.9859038,51.1351928]]}},{"type":"Feature","properties":{"layer":"roads"},"geometry":{"type":"LineString","coordinates":[[16.9830904,51.133747],[16.9831408,51.1337444],[16.983184,51.1337411]]}},{"type":"Feature","properties":{"layer":"roads"},"geometry":{"type":"LineString","coordinates":[[16.9830904,51.133747],[16.983094,51.1337175],[16.9831012,51.1337098],[16.9831084,51.1337021],[16.9831156,51.1336944],[16.9831228,51.1336867],[16.98313,51.133679],[16.9831372,51.1336713],[16.9831739,51.1336554]]}},{"type":"Feature","properties":{"layer":"roads"},"geometry":{"type":"LineString","coordinates":[[16.9831739,51.1336554],[16.9831902,51.1336891],[16.9831906,51.133698],[16.983191,51.1337069],[16.983184,51.1337411]]}},{"type":"Feature","properties":{"layer":"roads"},"geometry":{"type":"LineString","coordinates":[[16.9765722,51.1342144],[16.9765684,51.1341873],[16.9765732,51.1341795],[16.9765781,51.1341718],[16.9765829,51.134164],[16.9765877,51.1341563],[16.9765925,51.1341485],[16.9765973,51.1341408],[16.976601,51.1341322],[16.9766048,51.1341236],[16.9766085,51.134115],[16.9766382,51.1340933]]}},{"type":"Feature","properties":{"layer":"roads"},"geometry":{"type":"LineString","coordinates":[[16.9818625,51.1326052],[16.9818803,51.1325776],[16.9818809,51.132569],[16.9818814,51.1325603],[16.981882,51.1325516],[16.9818826,51.1325429],[16.9818831,51.1325342],[16.9818837,51.1325256],[16.9818842,51.1325169],[16.9818848,51.1325082],[16.9818854,51.1324995],[16.9818859,51.1324908],[16.9818865,51.1324822],[16.981887,51.1324735],[16.9818876,51.1324648],[16.9818891,51.132456],[16.9818906,51.1324472],[16.981892,51.1324384],[16.9818935,51.1324296],[16.9818766,51.1324022]]}},{"type":"Feature","properties":{"layer":"roads"},"geometry":{"type":"LineString","coordinates":[[16.9881677,51.1301337],[16.9882306,51.1301403],[16.9882541,51.1301417],[16.9882673,51.1301431],[16.9882805,51.1301445],[16.9882937,51.1301458],[16.9883069,51.1301471],[16.9883201,51.1301485],[16.9883333,51.1301499],[16.9883465,51.1301512],[16.9883597,51.1301526],[16.9883729,51.1301539],[16.9884257,51.1301593]]}},{"type":"Feature","properties":{"layer":"roads"},"geometry":{"type":"LineString","coordinates":[[16.9834337,51.1316003],[16.9833806,51.1316043],[16.9833676,51.1316075],[16.9833546,51.1316107],[16.9833416,51.1316139],[16.9833286,51.1316171],[16.9833157,51.1316202],[16.9833027,51.1316234],[16.9832897,51.1316266],[16.9832767,51.1316298],[16.9832637,51.131633],[16.9832507,51.1316361],[16.9832377,51.1316393],[16.9832247,51.1316425],[16.9831928,51.1316645]]}},{"type":"Feature","properties":{"layer":"roads"},"geometry":{"type":"LineString","coordinates":[[16.9882566,51.1307597],[16.9882815,51.1307306],[16.9882833,51.130722],[16.9882851,51.1307135],[16.9882869,51.1307049],[16.9882887,51.1306964],[16.9882905,51.1306878],[16.9882922,51.1306792],[16.988294,51.1306707],[16.9882958,51.1306621],[16.9882976,51.1306536],[16.9882994,51.130645],[16.9883068,51.1306109]]}},{"type":"Feature","properties":{"layer":"roads"},"geometry":{"type":"LineString","coordinates":[[16.9775211,51.1333731],[16.9774936,51.133395],[16.9774806,51.133398],[16.9774704,51.1334038],[16.9774601,51.1334097],[16.9774499,51.1334155],[16.9774397,51.1334214],[16.9774294,51.1334272],[16.9774192,51.1334331],[16.977409,51.1334389],[16.9773987,51.1334448],[16.9773885,51.1334506],[16.9773457,51.1334572]]}},{"type":"Feature","properties":{"layer":"roads"},"geometry":{"type":"LineString","coordinates":[[16.988202,51.1297323],[16.9882575,51.1297408],[16.9882715,51.1297419],[16.9882855,51.129743],[16.9882995,51.129744],[16.9883135,51.1297451],[16.9883275,51.1297462],[16.9883835,51.1297506]]}},{"type":"Feature","properties":{"layer":"roads"},"geometry":{"type":"LineString","coordinates":[[16.988202,51.1297323],[16.988202,51.1296977],[16.9882021,51.1296899],[16.9882022,51.1296822],[16.9882024,51.1296744],[16.9882026,51.1296665],[16.9882168,51.1296332]]}},{"type":"Feature","properties":{"layer":"roads"},"geometry":{"type":"LineString","coordinates":[[16.9883068,51.1306109],[16.9883539,51.1306173]]}},{"type":"Feature","properties":{"layer":"roads"},"geometry":{"type":"LineString","coordinates":[[16.9787784,51.1293582],[16.9787272,51.1293647],[16.9787137,51.1293643],[16.9787002,51.1293638],[16.9786876,51.1293645],[16.978675,51.1293652],[16.9786625,51.1293658],[16.9786499,51.1293665],[16.9786361,51.1293681],[16.9786223,51.1293696],[16.9785671,51.129365]]}},{"type":"Feature","properties":{"layer":"roads"},"geometry":{"type":"LineString","coordinates":[[16.9868784,51.1315553],[16.9868427,51.1315821],[16.9868337,51.1315888],[16.9868248,51.1315954],[16.9868159,51.1316021],[16.9868069,51.1316088],[16.986798,51.1316155],[16.9867891,51.1316222],[16.9867801,51.1316289],[16.9867712,51.1316356],[16.9867623,51.1316423],[16.9867533,51.131649],[16.9867444,51.1316557],[16.9867355,51.1316623],[16.9866995,51.1316877]]}},{"type":"Feature","properties":{"layer":"roads"},"geometry":{"type":"LineString","coordinates":[[16.9866995,51.1316877],[16.9867543,51.1316938],[16.986767,51.1316934],[16.9867804,51.1316924],[16.9867937,51.1316913],[16.986807,51.1316902],[16.9868204,51.1316892],[16.9868714,51.1316901]]}},{"type":"Feature","properties":{"layer":"roads"},"geometry":{"type":"LineString","coordinates":[[16.9816879,51.1327071],[16.9817274,51.1326825],[16.9817375,51.1326767],[16.9817476,51.1326709],[16.9817578,51.132665],[16.9817679,51.1326592],[16.981778,51.1326533],[16.9817881,51.1326475],[16.9817982,51.1326417],[16.9818084,51.1326358],[16.9818185,51.13263],[16.9818286,51.1326242],[16.9818625,51.1326052]]}},{"type":"Feature","properties":{"layer":"roads"},"geometry":{"type":"LineString","coordinates":[[16.9793573,51.127427],[16.9793941,51.1274458],[16.9793994,51.1274527],[16.9794046,51.1274595],[16.9794259,51.1275061]]}},{"type":"Feature","properties":{"layer":"roads"},"geometry":{"type":"LineString","coordinates":[[16.9793573,51.127427],[16.9793752,51.1274015],[16.9793807,51.1273934],[16.9793862,51.1273853],[16.9793917,51.1273772],[16.9793972,51.127369],[16.9794027,51.1273609],[16.9794082,51.1273528],[16.9794138,51.1273447],[16.9794193,51.1273366],[16.9794248,51.1273285],[16.9794225,51.1273205],[16.9794201,51.1273125],[16.9794178,51.1273045],[16.9794155,51.1272965],[16.9794062,51.1272645]]}},{"type":"Feature","properties":{"layer":"roads"},"geometry":{"type":"LineString","coordinates":[[16.9881601,51.1295883],[16.9882062,51.1295989],[16.9882139,51.1296056],[16.9882168,51.1296332]]}},{"type":"Feature","properties":{"layer":"roads"},"geometry":{"type":"LineString","coordinates":[[16.9881601,51.1295883],[16.9881881,51.1295568],[16.9881946,51.1295492],[16.988201,51.1295416],[16.9882074,51.1295339],[16.9882138,51.1295263],[16.9882203,51.1295187],[16.9882267,51.1295111],[16.9882331,51.1295035],[16.9882372,51.1294952],[16.9882413,51.1294869],[16.9882454,51.1294786],[16.9882494,51.1294704],[16.9882535,51.1294621],[16.9882576,51.1294538],[16.9882617,51.1294455],[16.9882498,51.1294177]]}},{"type":"Feature","properties":{"layer":"roads"},"geometry":{"type":"LineString","coordinates":[[16.9881601,51.1295883],[16.9881333,51.1295493],[16.9881228,51.1295436],[16.9881123,51.1295379],[16.9881018,51.1295322],[16.9880913,51.1295265],[16.9880808,51.1295209],[16.9880703,51.1295152],[16.9880465,51.129487]]}},{"type":"Feature","properties":{"layer":"roads"},"geometry":{"type":"LineString","coordinates":[[16.9742908,51.1322615],[16.974272,51.1322861],[16.9742601,51.132291],[16.9742482,51.1322959],[16.9742364,51.1323008],[16.9742245,51.1323057],[16.9742126,51.1323106],[16.9742007,51.1323155],[16.9741889,51.1323205],[16.974177,51.1323254],[16.9741651,51.1323303],[16.9741176,51.1323499]]}},{"type":"Feature","properties":{"layer":"roads"},"geometry":{"type":"LineString","coordinates":[[16.972966,51.1324949],[16.9729323,51.132473],[16.9729229,51.1324664],[16.9729136,51.1324598],[16.9729042,51.1324533],[16.9728948,51.1324467],[16.9728854,51.1324401],[16.972876,51.1324335],[16.9728667,51.1324269],[16.9728573,51.1324203],[16.9728479,51.1324137],[16.9728385,51.1324072],[16.9728292,51.1324006],[16.9727957,51.1323795]]}},{"type":"Feature","properties":{"layer":"roads"},"geometry":{"type":"LineString","coordinates":[[16.9779909,51.1308392],[16.9780028,51.1308127],[16.9780038,51.1308046],[16.9779945,51.1307728]]}},{"type":"Feature","properties":{"layer":"roads"},"geometry":{"type":"LineString","coordinates":[[16.9718078,51.129715],[16.971785,51.1296862],[16.9717784,51.1296787],[16.9717717,51.1296712],[16.9717651,51.1296637],[16.9717584,51.1296562],[16.9717517,51.1296487],[16.9717251,51.1296188]]}},{"type":"Feature","properties":{"layer":"roads"},"geometry":{"type":"LineString","coordinates":[[16.9767574,51.1281316],[16.976778,51.1281587],[16.9767837,51.128166],[16.9767893,51.1281732],[16.976795,51.1281805],[16.9768006,51.1281878],[16.976795,51.1281946],[16.9767894,51.1282014],[16.9767838,51.1282083],[16.9767782,51.1282151],[16.976787,51.1282487]]}},{"type":"Feature","properties":{"layer":"roads"},"geometry":{"type":"LineString","coordinates":[[16.9771495,51.134155],[16.9771569,51.1341233],[16.9771588,51.1341154],[16.9771607,51.1341075],[16.9771625,51.1340996],[16.9770844,51.1340788]]}},{"type":"Feature","properties":{"layer":"roads"},"geometry":{"type":"LineString","coordinates":[[16.9882168,51.1296332],[16.9882857,51.1295961]]}},{"type":"Feature","properties":{"layer":"roads"},"geometry":{"type":"LineString","coordinates":[[16.9802985,51.1327961],[16.9803238,51.1329005]]}},{"type":"Feature","properties":{"layer":"roads"},"geometry":{"type":"LineString","coordinates":[[16.9803492,51.133005],[16.9803238,51.1329005]]}},{"type":"Feature","properties":{"layer":"roads"},"geometry":{"type":"LineString","coordinates":[[16.9884315,51.1303824],[16.9884286,51.1302709]]}},{"type":"Feature","properties":{"layer":"roads"},"geometry":{"type":"LineString","coordinates":[[16.9884257,51.1301593],[16.9884286,51.1302709]]}},{"type":"Feature","properties":{"layer":"obstacles"},"geometry":{"type":"Polygon","coordinates":[[[16.974657,51.1323179],[16.9744793,51.1323041],[16.9744695,51.1323535],[16.9746473,51.1323673],[16.974657,51.1323179]]]}},{"type":"Feature","properties":{"layer":"obstacles"},"geometry":{"type":"Polygon","coordinates":[[[16.9675105,51.1319213],[16.9673698,51.1316075],[16.9672531,51.1316271],[16.9673984,51.1319416],[16.9675105,51.1319213]]]}},{"type":"Feature","properties":{"layer":"obstacles"},"geometry":{"type":"Polygon","coordinates":[[[16.9834413,51.130272],[16.9832798,51.1302899],[16.9832483,51.1303386],[16.9833493,51.130434],[16.9834262,51.1305081],[16.9838059,51.1302558],[16.9836747,51.1302425],[16.9834413,51.130272]]]}},{"type":"Feature","properties":{"layer":"obstacles"},"geometry":{"type":"Polygon","coordinates":[[[16.9781408,51.131107],[16.9781377,51.1311219],[16.9781844,51.1311257],[16.9781875,51.1311108],[16.9781408,51.131107]]]}},{"type":"Feature","properties":{"layer":"obstacles"},"geometry":{"type":"Polygon","coordinates":[[[16.9752995,51.1307185],[16.9753155,51.1307316],[16.97532,51.1307329],[16.9753255,51.1307335],[16.9753322,51.130733],[16.9753366,51.1307316],[16.975341,51.1307291],[16.9753432,51.1307254],[16.9753437,51.1307221],[16.9753431,51.1307191],[16.9753347,51.1307121],[16.9753264,51.130705],[16.9753213,51.1307037],[16.9753142,51.1307031],[16.9753081,51.1307037],[16.9753029,51.130706],[16.9752999,51.13071],[16.9752986,51.1307138],[16.9752995,51.1307185]]]}},{"type":"Feature","properties":{"layer":"obstacles"},"geometry":{"type":"Polygon","coordinates":[[[16.9874591,51.1296778],[16.9866885,51.1297897],[16.9862428,51.129848],[16.9860729,51.1298717],[16.9860218,51.129965],[16.9860545,51.1300037],[16.9863453,51.1302967],[16.9864661,51.1304113],[16.9867529,51.1306227],[16.9870737,51.1308573],[16.987323,51.1310259],[16.9877191,51.1312952],[16.9877834,51.1313215],[16.9878318,51.1313266],[16.987888,51.1313138],[16.9879516,51.1312818],[16.9878464,51.1312043],[16.988023,51.1311131],[16.9880354,51.1310047],[16.9880627,51.1309303],[16.9880769,51.1306032],[16.9880142,51.1305693],[16.9880154,51.1302958],[16.9880451,51.1299816],[16.9879778,51.1298382],[16.9879511,51.1297132],[16.9874591,51.1296778]]]}},{"type":"Feature","properties":{"layer":"obstacles"},"geometry":{"type":"Polygon","coordinates":[[[16.98292,51.1370321],[16.9835973,51.1367224],[16.9846165,51.1362933],[16.9851007,51.1360989],[16.9854037,51.1359954],[16.9859134,51.1358069],[16.9862822,51.1357067],[16.9859134,51.1358069],[16.9854037,51.1359954],[16.9851007,51.1360989],[16.9846165,51.1362933],[16.9835973,51.1367224],[16.98292,51.1370321]]]}},{"type":"Feature","properties":{"layer":"obstacles"},"geometry":{"type":"Polygon","coordinates":[[[16.9843692,51.1302268],[16.9848666,51.1301028],[16.9847689,51.1300785],[16.985708,51.1299246],[16.9857408,51.1299455],[16.9857833,51.1299361],[16.9858287,51.129926],[16.9859833,51.1300965],[16.986227,51.1303197],[16.9864592,51.1305034],[16.9867572,51.1307192],[16.9872355,51.1310688],[16.9870911,51.1311678],[16.9866168,51.1311187],[16.9866019,51.1311774],[16.986581,51.1312597],[16.9865798,51.1312671],[16.9859144,51.1312269],[16.9853274,51.1312024],[16.9850998,51.1311848],[16.9848393,51.1311315],[16.9845933,51.1310789],[16.984409,51.1310282],[16.9842388,51.1309751],[16.9841138,51.1309273],[16.9840488,51.1309051],[16.9839322,51.1308544],[16.983832,51.1308024],[16.9837635,51.1307657],[16.9836948,51.1307247],[16.9836227,51.1306732],[16.9836836,51.1306972],[16.9837656,51.1306913],[16.9837505,51.1305968],[16.9843692,51.1302268]]]}},{"type":"Feature","properties":{"layer":"obstacles"},"geometry":{"type":"Polygon","coordinates":[[[16.9738664,51.1298345],[16.9739586,51.1297826],[16.973929,51.1297618],[16.9738367,51.1298137],[16.9738664,51.1298345]]]}},{"type":"Feature","properties":{"layer":"obstacles"},"geometry":{"type":"Polygon","coordinates":[[[16.9740875,51.1294379],[16.9742176,51.1295953],[16.9742639,51.1296546],[16.9744731,51.1299089],[16.9744716,51.1299182],[16.9725293,51.1304931],[16.9744716,51.1299182],[16.9744731,51.1299089],[16.9742639,51.1296546],[16.9742176,51.1295953],[16.9740875,51.1294379]]]}},{"type":"Feature","properties":{"layer":"obstacles"},"geometry":{"type":"Polygon","coordinates":[[[16.9790245,51.1276872],[16.9790982,51.1276734],[16.9791107,51.1276603],[16.9791071,51.1276488],[16.979012,51.1276014],[16.9789645,51.1275552],[16.9789211,51.127544],[16.9788932,51.1275574],[16.9788991,51.1275966],[16.9789526,51.1276447],[16.9790245,51.1276872]]]}},{"type":"Feature","properties":{"layer":"obstacles"},"geometry":{"type":"Polygon","coordinates":[[[16.9843806,51.1358525],[16.9853955,51.1354125],[16.9856593,51.1352798],[16.9853658,51.1348637],[16.985083,51.1345132],[16.9848928,51.1342373],[16.9845886,51.1337049],[16.98432,51.1332485],[16.9840681,51.1328353],[16.9838137,51.1329323],[16.9837401,51.1329919],[16.9834929,51.1333603],[16.9833348,51.1335393],[16.9832504,51.133631],[16.9832207,51.1337026],[16.9832207,51.1338898],[16.9832219,51.1339211],[16.9832623,51.1339233],[16.9833728,51.1350904],[16.9834834,51.1352403],[16.9836058,51.1353678],[16.9837793,51.1355333],[16.9841049,51.1357563],[16.9843806,51.1358525]]]}},{"type":"Feature","properties":{"layer":"obstacles"},"geometry":{"type":"Polygon","coordinates":[[[16.9852945,51.1360479],[16.9858649,51.1358413],[16.9860955,51.1357697],[16.9859445,51.1355952],[16.9856926,51.1353268],[16.9844721,51.1358503],[16.9844757,51.1358749],[16.9849926,51.1359867],[16.985096,51.136027],[16.9852244,51.1360568],[16.9852945,51.1360479]]]}},{"type":"Feature","properties":{"layer":"boundary"},"geometry":{"type":"Polygon","coordinates":[[[16.966559,51.1311306],[16.9670691,51.1322429],[16.966986,51.1322586],[16.9679445,51.1343781],[16.9679562,51.1343956],[16.9688547,51.1349731],[16.9690982,51.1348319],[16.9695802,51.1345422],[16.9696181,51.1345642],[16.9716092,51.1333485],[16.9726211,51.1326962],[16.9725834,51.132675],[16.9730005,51.1324296],[16.9730367,51.1324506],[16.9760791,51.1309972],[16.9760532,51.1309635],[16.9762069,51.1308901],[16.9760737,51.1307867],[16.9758907,51.1308725],[16.9756179,51.1306316],[16.9756387,51.1305827],[16.9756411,51.1305429],[16.9757623,51.1304467],[16.9759163,51.1304627],[16.9761714,51.1303303],[16.9766614,51.1306641],[16.9775117,51.1303116],[16.9777627,51.1302468],[16.9779133,51.1301959],[16.9780389,51.130069],[16.9782139,51.1301483],[16.9781098,51.1302694],[16.978135,51.1302831],[16.9781621,51.1302856],[16.978245,51.1302797],[16.9782911,51.1302749],[16.9783557,51.1302445],[16.978392,51.1302586],[16.9783822,51.1302659],[16.9783716,51.1302752],[16.9783627,51.130288],[16.9783618,51.1302967],[16.9783655,51.1303058],[16.9783687,51.1303096],[16.9783827,51.1303179],[16.978405,51.1303296],[16.9784441,51.1303455],[16.9784667,51.1303531],[16.9784979,51.1303557],[16.9785224,51.1303565],[16.9785482,51.1303544],[16.9786306,51.1303253],[16.9793636,51.1302399],[16.9797845,51.1302013],[16.9816903,51.1299373],[16.9817103,51.1299288],[16.9817849,51.1299122],[16.9818334,51.1299126],[16.9818511,51.1298997],[16.9818883,51.129864],[16.981859,51.1298211],[16.9815464,51.1295158],[16.980856,51.1288293],[16.9807237,51.1286209],[16.9801275,51.1279626],[16.9797713,51.1275596],[16.9795498,51.1273131],[16.9793382,51.1273061],[16.9793039,51.1273113],[16.9791746,51.127331],[16.9791676,51.1273321],[16.9790762,51.1273673],[16.9790372,51.1273814],[16.9789948,51.1273964],[16.9788123,51.1274618],[16.9788158,51.127466],[16.97887,51.1275301],[16.9787755,51.1275655],[16.9788768,51.1276951],[16.9789435,51.1279223],[16.9783173,51.1281006],[16.9775505,51.1283235],[16.9774605,51.1283626],[16.9773426,51.1283956],[16.9772627,51.1283001],[16.9772056,51.1282361],[16.9771703,51.1282156],[16.9770137,51.1281753],[16.9769814,51.1281629],[16.9768663,51.1281038],[16.9768538,51.128095],[16.9768224,51.1281013],[16.9767437,51.1281708],[16.9766109,51.1282112],[16.9762105,51.128334],[16.9741516,51.1289591],[16.9738713,51.129044],[16.9736989,51.1290719],[16.9731409,51.129221],[16.9730438,51.129247],[16.9733922,51.1297365],[16.9734506,51.1297148],[16.9737426,51.1301034],[16.9724956,51.1304608],[16.9718933,51.1297023],[16.9718634,51.1296573],[16.9719355,51.1296043],[16.9719201,51.129574],[16.9709964,51.1298528],[16.9708005,51.1299533],[16.9692205,51.1304484],[16.9679402,51.1308143],[16.967273,51.1309671],[16.966559,51.1311306]]]}},{"type":"Feature","properties":{"layer":"boundary"},"geometry":{"type":"Polygon","coordinates":[[[16.9820337,51.1303507],[16.9817421,51.130354],[16.9814947,51.130357],[16.9809062,51.1304224],[16.9788943,51.130646],[16.9787253,51.1306881],[16.9786182,51.1306918],[16.9785561,51.1306938],[16.9785124,51.1306962],[16.9781223,51.1307651],[16.9777948,51.1307998],[16.9776987,51.1308158],[16.9776093,51.1308293],[16.9775544,51.1308202],[16.9773423,51.1308594],[16.9769761,51.1310163],[16.9767499,51.1310995],[16.9765716,51.1311664],[16.9764548,51.1312104],[16.9762571,51.1312956],[16.9760113,51.1314146],[16.9755266,51.1316519],[16.9750981,51.1318662],[16.974629,51.1320835],[16.9742218,51.1322749],[16.9752719,51.1323818],[16.9751245,51.1329076],[16.974146,51.1328118],[16.9741089,51.1328529],[16.9741117,51.1328602],[16.974162,51.1329553],[16.9742304,51.1330403],[16.9747489,51.1335247],[16.975111,51.1339179],[16.9753016,51.1341075],[16.9755054,51.1342979],[16.9756638,51.1344488],[16.9758667,51.1345305],[16.9759308,51.1345863],[16.9759992,51.1346146],[16.9760959,51.1346415],[16.976344,51.1346896],[16.9764326,51.1347048],[16.9767035,51.134718],[16.9767759,51.134721],[16.9768946,51.1347182],[16.976921,51.134691],[16.9770395,51.1341336],[16.9771856,51.1341268],[16.9779677,51.1340905],[16.9790101,51.1340367],[16.9792225,51.1340277],[16.9793384,51.1340218],[16.9800203,51.1339868],[16.9812315,51.1339194],[16.9816116,51.1338983],[16.9816722,51.1339328],[16.9818789,51.1346285],[16.98203,51.13517],[16.9821648,51.1355668],[16.9824538,51.1366007],[16.9824647,51.1367466],[16.982817,51.1368155],[16.9829415,51.1368695],[16.9830882,51.1369755],[16.9841724,51.1364945],[16.9847751,51.1362397],[16.9859845,51.135805],[16.9866634,51.1356218],[16.9867977,51.1355819],[16.9869815,51.1354721],[16.9872337,51.1352753],[16.9871123,51.1352108],[16.9865508,51.134982],[16.9872885,51.1342689],[16.987274,51.1341992],[16.9872435,51.1341457],[16.986488,51.1338793],[16.9857347,51.1336117],[16.9849467,51.1333331],[16.985845,51.1323862],[16.9866707,51.131926],[16.986833,51.1318299],[16.9867539,51.1317736],[16.986861,51.1317124],[16.9867875,51.1316557],[16.9866952,51.1316461],[16.9867058,51.1316023],[16.9866321,51.1315962],[16.9866208,51.1316392],[16.9864819,51.1316285],[16.9864945,51.1315267],[16.985523,51.1314704],[16.9855583,51.1314447],[16.9847349,51.1314019],[16.9844671,51.1313874],[16.9843432,51.1313786],[16.9842271,51.1313668],[16.9841083,51.1313478],[16.9839496,51.1313162],[16.9838095,51.1312767],[16.9836276,51.1312166],[16.9834357,51.1311437],[16.9832376,51.1310645],[16.9831125,51.1310088],[16.9829511,51.1309247],[16.9828625,51.1308619],[16.9827236,51.1307545],[16.9827705,51.130711],[16.9825716,51.1305327],[16.9824646,51.1304268],[16.9824016,51.1304109],[16.9823689,51.1304107],[16.9823162,51.1303568],[16.9821911,51.1303426],[16.9820337,51.1303507]]]}},{"type":"Feature","properties":{"layer":"boundary"},"geometry":{"type":"Polygon","coordinates":[[[16.9858287,51.129926],[16.9857833,51.1299361],[16.9857408,51.1299455],[16.9850878,51.1300461],[16.9839413,51.130232],[16.9832475,51.1303],[16.9836227,51.1306732],[16.9836948,51.1307247],[16.9837635,51.1307657],[16.983832,51.1308024],[16.9839322,51.1308544],[16.9840488,51.1309051],[16.9841138,51.1309273],[16.9842388,51.1309751],[16.984409,51.1310282],[16.9845933,51.1310789],[16.9848393,51.1311315],[16.9850998,51.1311848],[16.9853274,51.1312024],[16.9859144,51.1312269],[16.9865798,51.1312671],[16.986581,51.1312597],[16.9866019,51.1311774],[16.9866168,51.1311187],[16.9870911,51.1311678],[16.9872355,51.1310688],[16.9867572,51.1307192],[16.9864592,51.1305034],[16.986227,51.1303197],[16.9859833,51.1300965],[16.9858287,51.129926]]]}},{"type":"Feature","properties":{"layer":"boundary"},"geometry":{"type":"Polygon","coordinates":[[[16.987323,51.1310259],[16.9877191,51.1312952],[16.9877834,51.1313215],[16.9878318,51.1313266],[16.987888,51.1313138],[16.9879516,51.1312818],[16.9878464,51.1312043],[16.988023,51.1311131],[16.9882044,51.1312447],[16.9880295,51.1313397],[16.9880012,51.1313174],[16.9879809,51.1313372],[16.9879586,51.1313632],[16.9879727,51.1313976],[16.9880001,51.1314146],[16.9881257,51.1314675],[16.9883454,51.1315554],[16.9883369,51.1315199],[16.9883137,51.1314233],[16.9882815,51.1310943],[16.9882613,51.1310143],[16.9882871,51.1307696],[16.9882533,51.1299595],[16.9882285,51.1296372],[16.9882488,51.1295249],[16.9883112,51.1294439],[16.9879874,51.1295533],[16.9877524,51.1296138],[16.9874591,51.1296778],[16.9866885,51.1297897],[16.9862428,51.129848],[16.9860729,51.1298717],[16.9860218,51.129965],[16.9860545,51.1300037],[16.9863453,51.1302967],[16.9864661,51.1304113],[16.9867529,51.1306227],[16.9870737,51.1308573],[16.987323,51.1310259]]]}}],"psm_processed":{"version":1,"origin":[16.978334746,51.131934468],"bridge_gap_m":50.0,"parallel_m":3.0,"junction_m":6.0,"dead_end_gap_m":25.0,"parts_before":3,"bridges":2,"parts_after":1,"junctions_before":398,"junctions_after":384,"length_before":29931,"length_after":29355,"dead_ends_linked":4}}