{"type":"FeatureCollection","features":[{"type":"Feature","properties":{"layer":"roads"},"geometry":{"type":"LineString","coordinates":[[17.0817137,51.1168655],[17.0817274,51.1168935],[17.0817393,51.1168977],[17.0817513,51.1169019],[17.0817632,51.1169061],[17.0817751,51.1169103],[17.081787,51.1169145],[17.0817989,51.1169187],[17.0818108,51.1169229],[17.0818228,51.1169271],[17.0818347,51.1169313],[17.0818466,51.1169355],[17.0818585,51.1169397],[17.0818698,51.1169432],[17.0818811,51.1169467],[17.0818925,51.1169501],[17.0819038,51.1169536],[17.0819151,51.1169571],[17.0819264,51.1169606],[17.0819378,51.116964],[17.0819491,51.1169675],[17.0819614,51.1169704],[17.0819736,51.1169733],[17.0819859,51.1169762],[17.0819982,51.1169791],[17.0820104,51.116982],[17.0820227,51.1169849],[17.0820349,51.1169878],[17.0820472,51.1169907],[17.0820595,51.1169936],[17.0820717,51.1169965],[17.082084,51.1169994],[17.0820979,51.1170012],[17.0821118,51.1170029],[17.0821257,51.1170047],[17.0821396,51.1170065],[17.0821535,51.1170083],[17.0821674,51.11701],[17.0821813,51.1170118],[17.0821952,51.1170136],[17.0822092,51.1170153],[17.0822231,51.1170171],[17.082237,51.1170189],[17.0822509,51.1170206],[17.0822648,51.1170224],[17.0822787,51.1170242],[17.0822926,51.117026],[17.0823065,51.1170277],[17.0823204,51.1170295],[17.0823343,51.1170301],[17.0823481,51.1170308],[17.082362,51.1170314],[17.0823758,51.1170321],[17.0823897,51.1170327],[17.0824036,51.1170334],[17.0824174,51.117034],[17.0824313,51.1170347],[17.0824452,51.1170353],[17.082459,51.117036],[17.0824729,51.1170366],[17.0824867,51.1170373],[17.0825006,51.1170379],[17.0825145,51.1170386],[17.0825283,51.1170392],[17.0825422,51.1170399],[17.0825561,51.1170405],[17.0825699,51.1170412],[17.0825838,51.1170418],[17.0825976,51.1170425],[17.0826115,51.1170431],[17.0826254,51.1170438],[17.0826392,51.1170444],[17.0826531,51.1170451],[17.082667,51.1170457],[17.0826808,51.1170464],[17.0826947,51.117047],[17.0827085,51.1170477],[17.0827224,51.1170483],[17.0827362,51.1170482],[17.08275,51.1170481],[17.0827638,51.117048],[17.0827776,51.1170479],[17.0827913,51.1170478],[17.0828051,51.1170477],[17.0828189,51.1170476],[17.0828327,51.1170475],[17.0828465,51.1170475],[17.0828603,51.1170474],[17.0828741,51.1170473],[17.0828879,51.1170472],[17.0829017,51.1170471],[17.0829154,51.117047],[17.0829292,51.1170469],[17.082943,51.1170468],[17.0829568,51.1170467],[17.0829706,51.1170466],[17.0829848,51.1170459],[17.082999,51.1170452],[17.0830133,51.1170445],[17.0830275,51.1170438],[17.0830417,51.1170431],[17.0830559,51.1170424],[17.0830701,51.1170417],[17.0830843,51.117041],[17.0830985,51.1170403],[17.0831128,51.1170396],[17.083127,51.1170389],[17.0831412,51.1170382],[17.0831554,51.1170375],[17.0831696,51.1170368],[17.0831838,51.117036],[17.0831981,51.1170353],[17.0832123,51.1170346],[17.0832265,51.1170339],[17.0832407,51.1170332],[17.0832549,51.1170325],[17.0832691,51.1170318],[17.0832834,51.1170311],[17.0832976,51.1170304],[17.0833118,51.1170297],[17.083326,51.117029],[17.0833402,51.1170283],[17.0833544,51.1170276],[17.0833687,51.1170269],[17.0833829,51.1170262],[17.0833971,51.1170255],[17.0834111,51.1170248],[17.0834252,51.1170242],[17.0834392,51.1170235],[17.0834532,51.1170229],[17.0834673,51.1170222],[17.0834813,51.1170216],[17.0834953,51.1170209],[17.0835094,51.1170203],[17.0835234,51.1170196],[17.0835374,51.117019],[17.0835515,51.1170184],[17.0835655,51.1170177],[17.0835796,51.1170171],[17.0835936,51.1170164],[17.0836076,51.1170158],[17.0836217,51.1170151],[17.0836357,51.1170144],[17.0836497,51.1170138],[17.0836638,51.1170131],[17.0836778,51.1170125],[17.0836911,51.1170124],[17.0837045,51.1170123],[17.0837178,51.1170122],[17.0837311,51.1170121],[17.0837445,51.117012],[17.0837578,51.1170118],[17.0837712,51.1170117],[17.0837845,51.1170116],[17.0837978,51.1170115],[17.0838112,51.1170114],[17.0838245,51.1170113],[17.0838382,51.1170116],[17.0838519,51.117012],[17.0838656,51.1170123],[17.0838794,51.1170126],[17.0838931,51.1170129],[17.0839068,51.1170133],[17.0839205,51.1170136],[17.0839342,51.1170139],[17.0839479,51.1170143],[17.0839616,51.1170146],[17.0839754,51.1170149],[17.0839891,51.1170152],[17.0840028,51.1170156],[17.0840165,51.1170159],[17.0840306,51.1170164],[17.0840447,51.1170169],[17.0840588,51.1170173],[17.0840729,51.1170178],[17.084087,51.1170183],[17.0841011,51.1170188],[17.0841151,51.1170192],[17.0841292,51.1170197],[17.0841433,51.1170202],[17.0841574,51.1170207],[17.0841715,51.1170211],[17.0841856,51.1170216],[17.0841997,51.1170221],[17.0842138,51.1170226],[17.0842279,51.117023],[17.084242,51.1170235],[17.0842561,51.117024],[17.0842702,51.1170245],[17.0842842,51.1170249],[17.0842983,51.1170254],[17.0843124,51.1170259],[17.0843265,51.1170264],[17.0843406,51.1170268],[17.0843547,51.1170273],[17.0843688,51.1170278],[17.084383,51.1170286],[17.0843973,51.1170293],[17.0844115,51.1170301],[17.0844257,51.1170309],[17.08444,51.1170317],[17.0844542,51.1170324],[17.0844684,51.1170332],[17.0844827,51.117034],[17.0844969,51.1170347],[17.0845111,51.1170355],[17.0845253,51.1170363],[17.0845396,51.1170371],[17.0845538,51.1170378],[17.084568,51.1170386],[17.0845823,51.1170394],[17.0845965,51.1170401],[17.0846107,51.1170409],[17.084625,51.1170417],[17.0846392,51.1170425],[17.0846534,51.1170432],[17.0846677,51.117044],[17.0846819,51.1170448],[17.0846961,51.1170455],[17.0847104,51.1170463],[17.0847246,51.1170471],[17.0847388,51.1170479],[17.084753,51.1170486],[17.0847673,51.1170494],[17.0847815,51.1170502],[17.0847957,51.1170509],[17.08481,51.1170517],[17.0848242,51.1170525],[17.0848384,51.1170533],[17.0848527,51.117054],[17.0848669,51.1170548],[17.0848811,51.1170556],[17.0848954,51.1170564],[17.0849096,51.1170571],[17.0849238,51.1170579],[17.0849381,51.1170587],[17.0849523,51.1170594],[17.0849665,51.1170602],[17.0849807,51.117061],[17.084995,51.1170618],[17.0850092,51.1170625],[17.0850234,51.1170633],[17.0850377,51.1170641],[17.0850519,51.1170648],[17.0850661,51.1170656],[17.0850804,51.1170664],[17.0850946,51.1170672],[17.0851088,51.1170679],[17.0851231,51.1170687],[17.0851373,51.1170695],[17.0851515,51.1170702],[17.0851658,51.117071],[17.08518,51.1170718],[17.0851942,51.1170726],[17.0852084,51.1170733],[17.0852227,51.1170741],[17.0852369,51.1170749],[17.0852511,51.1170756],[17.0852654,51.1170764],[17.0852796,51.1170772],[17.0852938,51.117078],[17.0853081,51.1170787],[17.0853223,51.1170795],[17.0853365,51.1170805],[17.0853507,51.1170816],[17.0853649,51.1170826],[17.0853791,51.1170837],[17.0853933,51.1170847],[17.0854075,51.1170857],[17.0854216,51.1170868],[17.0854358,51.1170878],[17.08545,51.1170889],[17.0854642,51.1170899],[17.0854784,51.1170909],[17.0854926,51.117092],[17.0855068,51.117093],[17.085521,51.117094],[17.0855352,51.1170951],[17.0855494,51.1170961],[17.0855636,51.1170972],[17.0855778,51.1170982],[17.085592,51.1170992],[17.0856061,51.1171003],[17.0856203,51.1171013],[17.0856345,51.1171024],[17.0856487,51.1171034],[17.0856629,51.1171044],[17.0856771,51.1171055],[17.0856913,51.1171065],[17.0857055,51.1171076],[17.0857197,51.1171086],[17.0857339,51.1171096],[17.0857481,51.1171107],[17.0857623,51.1171117],[17.0857765,51.1171128],[17.0857906,51.1171138],[17.0858048,51.1171148],[17.085819,51.1171159],[17.0858332,51.1171169],[17.0858474,51.1171179],[17.0858616,51.117119],[17.0858758,51.11712],[17.08589,51.1171211],[17.0859042,51.1171221],[17.0859184,51.1171231],[17.0859326,51.1171242],[17.0859468,51.1171252],[17.0859609,51.1171263],[17.0859751,51.1171273],[17.0859893,51.1171283],[17.0860035,51.1171294],[17.0860177,51.1171304],[17.0860319,51.1171315],[17.0860461,51.1171325],[17.0860603,51.1171335],[17.0860745,51.1171346],[17.0860887,51.1171356],[17.0861029,51.1171366],[17.0861171,51.1171377],[17.0861313,51.1171387],[17.0861454,51.1171398],[17.0861596,51.1171408],[17.0861738,51.1171418],[17.086188,51.1171429],[17.0862022,51.1171439],[17.0862164,51.117145],[17.0862306,51.117146],[17.0862442,51.1171474],[17.0862579,51.1171488],[17.0862715,51.1171502],[17.0862852,51.1171516],[17.0862988,51.1171529],[17.0863124,51.1171543],[17.0863261,51.1171557],[17.0863406,51.1171469],[17.0863426,51.1171232],[17.0863433,51.1171148],[17.086344,51.1171063],[17.0863447,51.1170979],[17.0863454,51.1170894],[17.0863461,51.1170809],[17.0863468,51.1170725],[17.0863475,51.117064],[17.0863483,51.1170556],[17.086351,51.1170229]]}},{"type":"Feature","properties":{"layer":"roads"},"geometry":{"type":"LineString","coordinates":[[17.0817137,51.1168655],[17.0816803,51.1169147],[17.0816742,51.1169215],[17.0816681,51.1169283],[17.081662,51.1169345],[17.0816262,51.1169597]]}},{"type":"Feature","properties":{"layer":"roads"},"geometry":{"type":"LineString","coordinates":[[17.0800666,51.1196168],[17.0801286,51.1196052],[17.080142,51.119603],[17.0801553,51.1196007],[17.0801687,51.1195985],[17.0801821,51.1195962],[17.0801955,51.1195939],[17.0802089,51.1195917],[17.0802223,51.1195894],[17.0802355,51.1195883],[17.0802488,51.1195871],[17.080262,51.119586],[17.0802753,51.1195849],[17.0802885,51.1195838],[17.0803018,51.1195826],[17.080315,51.1195815],[17.0803283,51.1195804],[17.0803822,51.1195715]]}},{"type":"Feature","properties":{"layer":"roads"},"geometry":{"type":"LineString","coordinates":[[17.0800666,51.1196168],[17.0800871,51.1196453],[17.0800991,51.1196763]]}},{"type":"Feature","properties":{"layer":"roads"},"geometry":{"type":"LineString","coordinates":[[17.0800666,51.1196168],[17.0800468,51.1195853],[17.0800397,51.119578],[17.0800327,51.1195707],[17.0800256,51.1195635],[17.0800186,51.1195562],[17.0800115,51.119549],[17.0800045,51.1195417],[17.0799974,51.1195345],[17.0799904,51.1195272],[17.0799833,51.1195199],[17.0799763,51.1195127],[17.0799692,51.1195054],[17.0799622,51.1194982],[17.0799551,51.1194909],[17.0799513,51.1194824],[17.0799476,51.1194739],[17.0799438,51.1194654],[17.0799401,51.1194569],[17.0799363,51.1194484],[17.0799325,51.1194399],[17.0799288,51.1194314],[17.079925,51.1194229],[17.0799212,51.1194143],[17.0799175,51.1194058],[17.0799137,51.1193973],[17.07991,51.1193888],[17.0799062,51.1193803],[17.0799024,51.1193718],[17.0798987,51.1193633],[17.0798949,51.1193548],[17.0798912,51.1193463],[17.0798874,51.1193378],[17.0798844,51.1193294],[17.0798813,51.1193209],[17.0798783,51.1193125],[17.0798753,51.1193041],[17.0798722,51.1192957],[17.0798692,51.1192872],[17.0798662,51.1192788],[17.0798631,51.1192704],[17.0798601,51.119262],[17.0798571,51.1192535],[17.0798541,51.1192451],[17.079851,51.1192367],[17.079848,51.1192283],[17.079845,51.1192198],[17.0798419,51.1192114],[17.0798389,51.119203],[17.0798359,51.1191946],[17.0798328,51.1191861],[17.0798298,51.1191777],[17.079827,51.119169],[17.0798242,51.1191604],[17.0798215,51.1191517],[17.0798187,51.119143],[17.0798159,51.1191344],[17.0798131,51.1191257],[17.0798104,51.119117],[17.0798076,51.1191084],[17.0798048,51.1190997],[17.0798039,51.1190908],[17.079803,51.1190818],[17.079802,51.1190729],[17.0798011,51.119064],[17.0798002,51.119055],[17.0797993,51.1190461],[17.0797984,51.1190371],[17.0797975,51.1190282],[17.0797965,51.1190193],[17.0797956,51.1190103],[17.0797947,51.1190014],[17.0797903,51.1189935],[17.0797858,51.1189855],[17.0797814,51.1189776],[17.0797769,51.1189696],[17.0797725,51.1189617],[17.0797681,51.1189538],[17.0797636,51.1189458],[17.0797592,51.1189379],[17.0797547,51.1189299],[17.0797503,51.118922],[17.0797413,51.1189153],[17.0797323,51.1189086],[17.0797233,51.1189018],[17.0797143,51.1188951],[17.0797053,51.1188884],[17.0796963,51.1188817],[17.0796873,51.118875],[17.0796784,51.1188682],[17.0796694,51.1188615],[17.0796604,51.1188548],[17.0796514,51.1188481],[17.0796424,51.1188414],[17.0796334,51.1188347],[17.0796244,51.1188279],[17.0796154,51.1188212],[17.0796064,51.1188145],[17.0795962,51.1188085],[17.0795859,51.1188025],[17.0795756,51.1187964],[17.0795654,51.1187904],[17.0795552,51.1187844],[17.0795449,51.1187784],[17.0795346,51.1187724],[17.0795244,51.1187664],[17.0795142,51.1187604],[17.0795039,51.1187543],[17.0794936,51.1187483],[17.0794834,51.1187423],[17.0794765,51.1187349],[17.0794696,51.1187274],[17.0794628,51.11872],[17.0794559,51.1187125],[17.079449,51.1187051],[17.0794421,51.1186976],[17.0794352,51.1186902],[17.0794284,51.1186827],[17.0794215,51.1186753],[17.0794146,51.1186678],[17.0794077,51.1186604],[17.0794008,51.1186529],[17.079394,51.1186455],[17.0793871,51.118638],[17.0793802,51.1186306],[17.0793737,51.1186233],[17.0793671,51.1186159],[17.0793606,51.1186086],[17.0793541,51.1186012],[17.0793475,51.1185939],[17.079341,51.1185865],[17.0793345,51.1185792],[17.0793279,51.1185718],[17.0793214,51.1185645],[17.0793149,51.1185571],[17.0793083,51.1185497],[17.0793018,51.1185424],[17.0792929,51.118536],[17.079284,51.1185297],[17.0792751,51.1185233],[17.0792662,51.1185169],[17.0792573,51.1185105],[17.0792484,51.1185042],[17.0792395,51.1184978],[17.0792306,51.1184914],[17.0792217,51.1184851],[17.0792128,51.1184787],[17.0792053,51.1184712],[17.0791978,51.1184637],[17.0791904,51.1184562],[17.0791829,51.1184487],[17.0791754,51.1184412],[17.0791679,51.1184337],[17.0791551,51.1184302],[17.0791423,51.1184268],[17.0791295,51.1184233],[17.0791167,51.1184199],[17.0791039,51.1184164],[17.0790911,51.118413],[17.0790783,51.1184095],[17.0790655,51.118406],[17.0790527,51.1184026],[17.0790399,51.1183991],[17.0790271,51.1183957],[17.0790143,51.1183922],[17.0790015,51.1183888],[17.0789887,51.1183853],[17.0789759,51.1183819],[17.0789631,51.1183784],[17.0789515,51.1183738],[17.0789398,51.1183692],[17.0789282,51.1183646],[17.0789165,51.11836],[17.0789049,51.1183553],[17.0788933,51.1183507],[17.0788816,51.1183461],[17.07887,51.1183415],[17.0788583,51.1183369],[17.0788467,51.1183323],[17.0788351,51.1183277],[17.0788234,51.1183231],[17.0788118,51.1183185],[17.0788002,51.1183138],[17.0787885,51.1183092],[17.0787769,51.1183046],[17.0787652,51.1183],[17.0787536,51.1182954],[17.0787417,51.1182909],[17.0787298,51.1182865],[17.0787179,51.118282],[17.078706,51.1182775],[17.0786941,51.1182731],[17.0786822,51.1182686],[17.0786703,51.1182641],[17.0786584,51.1182596],[17.0786465,51.1182552],[17.0786346,51.1182507],[17.0786227,51.1182462],[17.0786108,51.1182418],[17.0785989,51.1182373],[17.078587,51.1182328],[17.0785751,51.1182284],[17.0785632,51.1182239],[17.0785509,51.1182196],[17.0785386,51.1182153],[17.0785262,51.118211],[17.0785139,51.1182067],[17.0785016,51.1182024],[17.0784893,51.1181981],[17.0784769,51.1181939],[17.0784646,51.1181896],[17.0784523,51.1181853],[17.07844,51.118181],[17.0784276,51.1181767],[17.0784153,51.1181724],[17.078403,51.1181681],[17.07839,51.1181644],[17.0783771,51.1181608],[17.0783641,51.1181571],[17.0783511,51.1181534],[17.0783381,51.1181497],[17.0783252,51.1181461],[17.0783122,51.1181424],[17.0782992,51.1181387],[17.0782863,51.1181351],[17.0782733,51.1181314],[17.0782603,51.1181277],[17.0782473,51.118124],[17.0782344,51.1181204],[17.0782214,51.1181167],[17.0782092,51.1181135],[17.0781971,51.1181102],[17.0781849,51.118107],[17.0781728,51.1181038],[17.0781606,51.1181005],[17.0781485,51.1180973],[17.0781363,51.118094],[17.0781242,51.1180908],[17.078112,51.1180876],[17.0780999,51.1180843],[17.0780877,51.1180811],[17.078076,51.1180776],[17.0780643,51.1180741],[17.0780526,51.1180706],[17.078041,51.1180671],[17.0780293,51.1180635],[17.0780176,51.11806],[17.0780059,51.1180565],[17.0779942,51.118053],[17.0779856,51.118046],[17.077977,51.118039],[17.0779684,51.118032],[17.0779598,51.118025],[17.0779512,51.118018],[17.0779426,51.118011],[17.0779393,51.118003],[17.0779361,51.117995],[17.0779328,51.1179869],[17.0779296,51.1179789],[17.0779263,51.1179709],[17.077923,51.1179628],[17.0779198,51.1179548],[17.0779165,51.1179468],[17.0779188,51.1179379],[17.0779212,51.1179291],[17.0779236,51.1179202],[17.0779259,51.1179114],[17.0779282,51.1179026],[17.0779306,51.1178937],[17.077933,51.1178849],[17.0779353,51.117876],[17.0779399,51.1178684],[17.0779444,51.1178609],[17.077949,51.1178533],[17.0779536,51.1178458],[17.0779582,51.1178382],[17.0779627,51.1178307],[17.0779673,51.1178231],[17.077973,51.1178154],[17.0779787,51.1178077],[17.0779844,51.1178],[17.0779901,51.1177924],[17.0779959,51.1177847],[17.0780016,51.117777],[17.0780073,51.1177693],[17.078013,51.1177616],[17.07802,51.1177544],[17.078027,51.1177471],[17.078034,51.1177399],[17.078041,51.1177327],[17.078048,51.1177255],[17.078055,51.1177182],[17.078062,51.117711],[17.0780692,51.1177033],[17.0780764,51.1176956],[17.0780836,51.1176879],[17.0780908,51.1176802],[17.078098,51.1176726],[17.0781052,51.1176649],[17.0781124,51.1176572],[17.0781196,51.1176495],[17.0781268,51.1176418],[17.0781321,51.1176347],[17.0781375,51.1176275],[17.0781428,51.1176204],[17.0781637,51.1175922]]}},{"type":"Feature","properties":{"layer":"roads"},"geometry":{"type":"LineString","coordinates":[[17.0800666,51.1196168],[17.0800219,51.1196243],[17.0800086,51.1196268],[17.0799953,51.1196293],[17.079982,51.1196318],[17.0799687,51.1196343],[17.0799554,51.1196368],[17.0799422,51.1196394],[17.0799289,51.1196419],[17.0799156,51.1196444],[17.0799023,51.1196469],[17.079889,51.1196494],[17.0798757,51.1196519],[17.0798625,51.1196544],[17.0798492,51.1196569],[17.0798359,51.1196594],[17.0798227,51.1196626],[17.0798095,51.1196659],[17.0797963,51.1196691],[17.0797831,51.1196723],[17.0797699,51.1196756],[17.0797567,51.1196788],[17.0797435,51.1196821],[17.0797303,51.1196853],[17.0797171,51.1196885],[17.0797039,51.1196918],[17.0796907,51.119695],[17.0796775,51.1196982],[17.0796642,51.1197015],[17.079651,51.1197047],[17.0796378,51.1197079],[17.0796246,51.1197112],[17.0796114,51.1197144],[17.0795982,51.1197176],[17.079585,51.1197209],[17.0795718,51.1197241],[17.0795586,51.1197274],[17.0795454,51.1197306],[17.0795322,51.1197338],[17.079519,51.1197371],[17.0795058,51.1197403],[17.0794938,51.1197428],[17.0794817,51.1197453],[17.0794697,51.1197478],[17.0794577,51.1197503],[17.079445,51.1197525],[17.0794323,51.1197546],[17.0794196,51.1197568],[17.0794069,51.1197589],[17.079364,51.1197666]]}},{"type":"Feature","properties":{"layer":"roads"},"geometry":{"type":"LineString","coordinates":[[17.0781637,51.1175922],[17.0782121,51.1176073],[17.0782241,51.1176112],[17.078236,51.117615],[17.078248,51.1176189],[17.07826,51.1176228],[17.078272,51.1176267],[17.0782839,51.1176305],[17.0782959,51.1176344],[17.0783079,51.1176383],[17.0783199,51.1176422],[17.0783318,51.117646],[17.0783438,51.1176499],[17.0783562,51.1176544],[17.0783685,51.1176589],[17.0783809,51.1176633],[17.0783933,51.1176678],[17.0784056,51.1176723],[17.078418,51.1176768],[17.0784304,51.1176813],[17.0784428,51.1176858],[17.0784551,51.1176902],[17.0784675,51.1176947],[17.0784799,51.1176992],[17.0784922,51.1177037],[17.0785046,51.1177082],[17.078517,51.1177126],[17.0785293,51.1177171],[17.0785417,51.1177216],[17.0785541,51.1177261],[17.0785665,51.1177306],[17.0785788,51.1177351],[17.0785912,51.1177395],[17.0786036,51.117744],[17.0786159,51.1177485],[17.0786283,51.117753],[17.0786407,51.1177575],[17.078653,51.1177619],[17.0786654,51.1177664],[17.0786778,51.1177709],[17.0786902,51.1177754],[17.0787025,51.1177799],[17.0787149,51.1177844],[17.0787273,51.1177888],[17.0787396,51.1177933],[17.078752,51.1177978],[17.0787636,51.1178029],[17.0787751,51.1178081],[17.0787867,51.1178132],[17.0787982,51.1178183],[17.0788098,51.1178235],[17.0788214,51.1178286],[17.0788329,51.1178337],[17.0788445,51.1178389],[17.078856,51.117844],[17.0788676,51.1178492],[17.0788791,51.1178543],[17.0788907,51.1178594],[17.0789023,51.1178646],[17.0789138,51.1178697],[17.0789254,51.1178748],[17.0789648,51.1178863]]}},{"type":"Feature","properties":{"layer":"roads"},"geometry":{"type":"LineString","coordinates":[[17.0781637,51.1175922],[17.0781133,51.1175784],[17.0781006,51.1175751],[17.0780879,51.1175718],[17.0780752,51.1175684],[17.0780624,51.1175651],[17.0780497,51.1175617],[17.078037,51.1175584],[17.0780243,51.1175551],[17.0780116,51.1175517],[17.0779988,51.1175484],[17.0779861,51.117545],[17.0779734,51.1175417],[17.0779607,51.1175384],[17.077948,51.117535],[17.0779352,51.1175317],[17.0779225,51.1175283],[17.0779098,51.117525],[17.0778972,51.1175212],[17.0778846,51.1175174],[17.077872,51.1175136],[17.0778594,51.1175098],[17.0778468,51.1175061],[17.0778341,51.1175023],[17.0778215,51.1174985],[17.0778089,51.1174947],[17.0777963,51.1174909],[17.0777837,51.1174871],[17.0777711,51.1174833],[17.0777585,51.1174795],[17.0777459,51.1174758],[17.0777333,51.117472],[17.0777207,51.1174682],[17.077708,51.1174644],[17.0776954,51.1174606],[17.0776828,51.1174568],[17.0776702,51.117453],[17.0776576,51.1174492],[17.077645,51.1174455],[17.0776324,51.1174417],[17.0776198,51.1174379],[17.0776072,51.1174341],[17.0775946,51.1174303],[17.0775819,51.1174265],[17.0775693,51.1174227],[17.0775567,51.1174189],[17.0775441,51.1174152],[17.0775315,51.1174114],[17.0775189,51.1174076],[17.0775063,51.1174038],[17.0774937,51.1174],[17.0774811,51.1173962],[17.0774685,51.1173924],[17.0774558,51.1173886],[17.0774432,51.1173849],[17.0774306,51.1173811],[17.077418,51.1173773],[17.0774054,51.1173735],[17.0773928,51.1173697],[17.0773803,51.1173659],[17.0773677,51.1173621],[17.0773552,51.1173583],[17.0773427,51.1173545],[17.0773301,51.1173507],[17.0773176,51.1173469],[17.0773051,51.1173431],[17.0772925,51.1173393],[17.07728,51.1173354],[17.0772675,51.1173316],[17.0772549,51.1173278],[17.0772424,51.117324],[17.0772299,51.1173202],[17.0772173,51.1173164],[17.0772048,51.1173126],[17.0771923,51.1173088],[17.0771797,51.117305],[17.0771672,51.1173012],[17.0771546,51.1172974],[17.0771421,51.1172936],[17.0771296,51.1172898],[17.077117,51.117286],[17.0771045,51.1172822],[17.077092,51.1172784],[17.0770794,51.1172746],[17.0770669,51.1172708],[17.0770544,51.1172669],[17.0770418,51.1172631],[17.0770293,51.1172593],[17.0770168,51.1172555],[17.0770042,51.1172517],[17.0769917,51.1172479],[17.0769792,51.1172441],[17.0769666,51.1172403],[17.0769541,51.1172365],[17.0769407,51.1172347],[17.0769273,51.117233],[17.0769139,51.1172312],[17.0769005,51.1172294],[17.0768871,51.1172277],[17.0768737,51.1172259],[17.0768603,51.1172241],[17.0768469,51.1172224],[17.0768335,51.1172206],[17.0768201,51.1172188],[17.0768067,51.1172171],[17.0767933,51.1172153],[17.0767793,51.117215],[17.0767653,51.1172146],[17.0767514,51.1172143],[17.0767374,51.1172139],[17.0767234,51.1172136],[17.0767094,51.1172133],[17.0766955,51.1172129],[17.0766815,51.1172126],[17.0766675,51.1172122],[17.0766535,51.1172119],[17.0766396,51.1172115],[17.0766256,51.1172112],[17.0766116,51.1172109],[17.0765976,51.1172105],[17.0765837,51.1172102],[17.0765697,51.1172098],[17.0765557,51.1172095],[17.0765427,51.117212],[17.0765297,51.1172145],[17.0765167,51.117217],[17.0765036,51.1172195],[17.0764906,51.117222],[17.0764776,51.1172245],[17.0764646,51.117227],[17.0764516,51.1172295],[17.0764386,51.117232],[17.0764256,51.1172345],[17.0764125,51.117237],[17.0763995,51.1172395],[17.0763865,51.117242],[17.0763735,51.1172445],[17.0763599,51.1172454],[17.0763463,51.1172463],[17.0763326,51.1172471],[17.076319,51.117248],[17.0763054,51.1172489],[17.0762916,51.1172478],[17.0762779,51.1172468],[17.0762642,51.1172458],[17.0762504,51.1172447],[17.0761954,51.1172405]]}},{"type":"Feature","properties":{"layer":"roads"},"geometry":{"type":"LineString","coordinates":[[17.080762,51.1108159],[17.080813,51.1108236],[17.0808261,51.1108272],[17.0808392,51.1108308],[17.0808523,51.1108344],[17.0808654,51.110838],[17.0808785,51.1108417],[17.0808916,51.1108453],[17.0809046,51.1108489],[17.0809177,51.1108525],[17.0809308,51.1108561],[17.0809439,51.1108597],[17.080957,51.1108633],[17.08097,51.1108669],[17.0809831,51.1108705],[17.0809962,51.1108741],[17.0810093,51.1108777],[17.0810224,51.1108813],[17.0810355,51.1108849],[17.0810485,51.1108885],[17.0810616,51.1108921],[17.0810747,51.1108958],[17.0810878,51.1108994],[17.0811009,51.110903],[17.081114,51.1109066],[17.081127,51.1109102],[17.0811401,51.1109138],[17.0811532,51.1109174],[17.0811663,51.110921],[17.0811794,51.1109246],[17.0811925,51.1109282],[17.0812055,51.1109318],[17.0812186,51.1109354],[17.0812317,51.110939],[17.0812448,51.1109426],[17.0812579,51.1109462],[17.081271,51.1109499],[17.0812841,51.1109535],[17.0812971,51.1109571],[17.0813102,51.1109607],[17.0813233,51.1109643],[17.0813364,51.1109679],[17.0813495,51.1109715],[17.0813626,51.1109751],[17.0813756,51.1109787],[17.0813887,51.1109823],[17.0814018,51.1109859],[17.0814149,51.1109895],[17.081428,51.1109931],[17.081441,51.1109967],[17.0814541,51.1110003],[17.0814672,51.111004],[17.0814803,51.1110076],[17.0814934,51.1110112],[17.0815065,51.1110148],[17.0815195,51.1110184],[17.0815326,51.111022],[17.0815457,51.1110256],[17.0815588,51.1110292],[17.0815718,51.1110329],[17.0815848,51.1110366],[17.0815978,51.1110403],[17.0816108,51.1110441],[17.0816238,51.1110478],[17.0816368,51.1110515],[17.0816498,51.1110552],[17.0816628,51.1110589],[17.0816758,51.1110626],[17.0816888,51.1110664],[17.0817018,51.1110701],[17.0817149,51.1110738],[17.0817279,51.1110775],[17.0817409,51.1110812],[17.0817539,51.1110849],[17.0817669,51.1110887],[17.0817799,51.1110924],[17.0817929,51.1110961],[17.0818059,51.1110998],[17.0818189,51.1111035],[17.0818319,51.1111072],[17.0818449,51.111111],[17.0818579,51.1111147],[17.0818709,51.1111184],[17.0818839,51.1111221],[17.0818969,51.1111258],[17.0819099,51.1111295],[17.0819229,51.1111333],[17.0819359,51.111137],[17.0819489,51.1111407],[17.0819619,51.1111444],[17.0819749,51.1111481],[17.0819879,51.1111518],[17.0820009,51.1111556],[17.082014,51.1111593],[17.082027,51.111163],[17.08204,51.1111667],[17.082053,51.1111704],[17.082066,51.1111741],[17.082079,51.1111779],[17.082092,51.1111816],[17.082105,51.1111853],[17.082118,51.111189],[17.082131,51.1111927],[17.082144,51.1111964],[17.082157,51.1112002],[17.08217,51.1112039],[17.082183,51.1112076],[17.082196,51.1112113],[17.082209,51.111215],[17.082222,51.1112187],[17.082235,51.1112224],[17.082248,51.1112262],[17.082261,51.1112299],[17.082274,51.1112336],[17.082287,51.1112373],[17.0823,51.111241],[17.0823131,51.1112447],[17.0823261,51.1112485],[17.0823391,51.1112522],[17.0823521,51.1112559],[17.0823651,51.1112596],[17.0823781,51.1112633],[17.0823911,51.111267],[17.0824041,51.1112708],[17.0824171,51.1112745],[17.0824301,51.1112782],[17.0824431,51.1112819],[17.0824561,51.1112856],[17.0824691,51.1112893],[17.0824821,51.1112931],[17.0824951,51.1112968],[17.0825081,51.1113005],[17.0825211,51.1113042],[17.0825341,51.1113079],[17.0825471,51.1113116],[17.0825601,51.1113154],[17.0825731,51.1113191],[17.0825861,51.1113228],[17.0825991,51.1113265],[17.0826122,51.1113302],[17.0826252,51.1113339],[17.0826382,51.1113377],[17.0826512,51.1113414],[17.0826642,51.1113451],[17.0826772,51.1113488],[17.0826902,51.1113525],[17.0827032,51.1113562],[17.0827162,51.11136],[17.0827292,51.1113637],[17.0827422,51.1113674],[17.0827552,51.1113711],[17.0827681,51.1113749],[17.0827809,51.1113788],[17.0827938,51.1113826],[17.0828067,51.1113865],[17.0828196,51.1113903],[17.0828324,51.1113941],[17.0828453,51.111398],[17.0828582,51.1114018],[17.082871,51.1114057],[17.0828839,51.1114095],[17.0828968,51.1114133],[17.0829096,51.1114172],[17.0829225,51.111421],[17.0829354,51.1114249],[17.0829483,51.1114287],[17.0829611,51.1114325],[17.082974,51.1114364],[17.0829869,51.1114402],[17.0829997,51.1114441],[17.0830126,51.1114479],[17.0830255,51.1114517],[17.0830383,51.1114556],[17.0830512,51.1114594],[17.0830641,51.1114633],[17.083077,51.1114671],[17.0830898,51.111471],[17.0831027,51.1114748],[17.0831156,51.1114786],[17.0831284,51.1114825],[17.0831413,51.1114863],[17.0831542,51.1114902],[17.083167,51.111494],[17.0831799,51.1114978],[17.0831928,51.1115017],[17.0832057,51.1115055],[17.0832185,51.1115094],[17.0832314,51.1115132],[17.0832443,51.111517],[17.0832571,51.1115209],[17.08327,51.1115247],[17.0832829,51.1115286],[17.0832957,51.1115324],[17.0833086,51.1115362],[17.0833215,51.1115401],[17.0833344,51.1115439],[17.0833472,51.1115478],[17.0833601,51.1115516],[17.0833729,51.1115553],[17.0833857,51.1115591],[17.0833985,51.1115628],[17.0834113,51.1115665],[17.0834241,51.1115703],[17.0834368,51.111574],[17.0834496,51.1115777],[17.0834624,51.1115815],[17.0834752,51.1115852],[17.083488,51.1115889],[17.0835008,51.1115927],[17.0835136,51.1115964],[17.0835264,51.1116001],[17.0835392,51.1116039],[17.083552,51.1116076],[17.0835648,51.1116113],[17.0835776,51.1116151],[17.0835903,51.1116188],[17.0836031,51.1116225],[17.0836159,51.1116263],[17.0836287,51.11163],[17.0836415,51.1116337],[17.0836543,51.1116375],[17.0836671,51.1116412],[17.0836799,51.111645],[17.0836927,51.1116487],[17.0837055,51.1116524],[17.0837183,51.1116562],[17.0837311,51.1116599],[17.0837438,51.1116636],[17.0837566,51.1116674],[17.0837694,51.1116711],[17.0837822,51.1116748],[17.083795,51.1116786],[17.0838078,51.1116823],[17.0838206,51.111686],[17.0838334,51.1116898],[17.0838462,51.1116935],[17.083859,51.1116972],[17.0838718,51.111701],[17.0838846,51.1117047],[17.0838973,51.1117084],[17.0839101,51.1117122],[17.0839229,51.1117159],[17.0839357,51.1117196],[17.0839485,51.1117234],[17.0839613,51.1117271],[17.0839733,51.1117306],[17.0839854,51.111734],[17.0839974,51.1117375],[17.0840094,51.111741],[17.0840214,51.1117444],[17.0840335,51.1117479],[17.0840455,51.1117513],[17.0840575,51.1117548],[17.0840695,51.1117583],[17.0840816,51.1117617],[17.0840936,51.1117652],[17.0841069,51.1117669],[17.0841202,51.1117686],[17.0841336,51.1117703],[17.0841469,51.111772],[17.0841602,51.1117737],[17.0842032,51.1117675]]}},{"type":"Feature","properties":{"layer":"roads"},"geometry":{"type":"LineString","coordinates":[[17.080762,51.1108159],[17.0807019,51.1107682]]}},{"type":"Feature","properties":{"layer":"roads"},"geometry":{"type":"LineString","coordinates":[[17.080762,51.1108159],[17.0807532,51.1108454],[17.0807481,51.1108535],[17.080743,51.1108616],[17.0807286,51.1108844],[17.0807267,51.1109022],[17.080731,51.1109103],[17.0807354,51.1109183],[17.0807397,51.1109263],[17.080744,51.1109343],[17.0807483,51.1109424],[17.0807526,51.1109504],[17.0807569,51.1109584],[17.0807613,51.1109665],[17.0807656,51.1109745],[17.0807699,51.1109825],[17.0807742,51.1109906],[17.0807785,51.1109986],[17.0807906,51.1110211],[17.0808001,51.1110386],[17.0808044,51.1110466],[17.0808088,51.1110545],[17.0808131,51.1110624],[17.0808174,51.1110703],[17.0808217,51.1110783],[17.080826,51.1110862],[17.0808304,51.1110941],[17.0808347,51.1111021],[17.080839,51.11111],[17.0808419,51.1111185],[17.0808448,51.1111271],[17.0808476,51.1111356],[17.0808505,51.1111441],[17.0808534,51.1111526],[17.0808563,51.1111612],[17.0808592,51.1111697],[17.0808621,51.1111782],[17.0808649,51.1111867],[17.0808678,51.1111953],[17.0808707,51.1112038],[17.0808745,51.1112119],[17.0808783,51.1112201],[17.0808821,51.1112282],[17.0808859,51.1112363],[17.0808897,51.1112445],[17.0808935,51.1112526],[17.0808973,51.1112608],[17.0809011,51.1112689],[17.080905,51.111277],[17.0809088,51.1112852],[17.0809126,51.1112933],[17.0809164,51.1113014],[17.0809202,51.1113096],[17.080924,51.1113177],[17.0809278,51.1113259],[17.0809316,51.111334],[17.0809337,51.1113424],[17.0809357,51.1113509],[17.0809378,51.1113593],[17.0809399,51.1113677],[17.080942,51.1113762],[17.080944,51.1113846],[17.0809461,51.1113931],[17.0809482,51.1114015],[17.0809503,51.1114099],[17.0809523,51.1114184],[17.0809544,51.1114268],[17.0809565,51.1114355],[17.0809586,51.1114442],[17.0809606,51.1114528],[17.0809627,51.1114615],[17.0809648,51.1114702],[17.0809669,51.1114789],[17.080969,51.1114876],[17.080971,51.1114962],[17.0809731,51.1115049],[17.0809752,51.1115136],[17.0809752,51.1115226],[17.0809752,51.1115316],[17.0809752,51.1115405],[17.0809752,51.1115495],[17.0809753,51.1115585],[17.0809753,51.1115675],[17.0809753,51.1115764],[17.0809753,51.1115854],[17.0809753,51.1115944],[17.0809753,51.1116034],[17.0809753,51.1116124],[17.0809753,51.1116213],[17.0809753,51.1116303],[17.0809754,51.1116393],[17.0809754,51.1116483],[17.0809754,51.1116572],[17.0809754,51.1116662],[17.0809754,51.1116752],[17.0809725,51.1116833],[17.0809696,51.1116914],[17.0809666,51.1116995],[17.0809637,51.1117076],[17.0809608,51.1117158],[17.0809579,51.1117239],[17.080955,51.111732],[17.080952,51.1117401],[17.0809491,51.1117482],[17.0809462,51.1117563],[17.0809419,51.1117648],[17.0809375,51.1117733],[17.0809332,51.1117818],[17.0809288,51.1117902],[17.0809245,51.1117987],[17.0809202,51.1118072],[17.0809158,51.1118157],[17.0809115,51.1118242],[17.0809067,51.1118321],[17.0809019,51.11184],[17.0808971,51.1118479],[17.0808923,51.1118558],[17.0808876,51.1118637],[17.0808828,51.1118716],[17.080878,51.1118795],[17.0808732,51.1118873],[17.0808684,51.1118952],[17.0808636,51.1119031],[17.0808588,51.111911],[17.080854,51.1119189],[17.0808493,51.1119268],[17.0808445,51.1119347],[17.0808397,51.1119426],[17.0808349,51.1119505],[17.0808291,51.1119584],[17.0808234,51.1119663],[17.0808176,51.1119742],[17.0808118,51.1119821],[17.080806,51.11199],[17.0808003,51.1119979],[17.0807945,51.1120058],[17.0807887,51.1120137],[17.080783,51.1120216],[17.0807772,51.1120295],[17.0807455,51.1120521]]}},{"type":"Feature","properties":{"layer":"roads"},"geometry":{"type":"LineString","coordinates":[[17.0842032,51.1117675],[17.0842643,51.11179],[17.084277,51.1117923],[17.0842897,51.1117947],[17.0843015,51.1117982],[17.0843134,51.1118016],[17.0843252,51.1118051],[17.0843371,51.1118086],[17.0843489,51.1118121],[17.0843608,51.1118156],[17.0843726,51.111819],[17.0843845,51.1118225],[17.0843973,51.1118263],[17.0844102,51.1118301],[17.084423,51.1118339],[17.0844359,51.1118376],[17.0844487,51.1118414],[17.0844616,51.1118452],[17.0844744,51.111849],[17.0844873,51.1118528],[17.0845001,51.1118566],[17.084513,51.1118604],[17.0845258,51.1118641],[17.0845387,51.1118679],[17.0845515,51.1118717],[17.0845644,51.1118755],[17.0845772,51.1118793],[17.0845901,51.1118831],[17.0846029,51.1118868],[17.0846158,51.1118906],[17.0846286,51.1118944],[17.0846415,51.1118982],[17.0846543,51.111902],[17.0846672,51.1119058],[17.08468,51.1119096],[17.0847314,51.1119247]]}},{"type":"Feature","properties":{"layer":"roads"},"geometry":{"type":"LineString","coordinates":[[17.0842032,51.1117675],[17.0841808,51.1117383],[17.0841716,51.1117321],[17.0841623,51.1117259],[17.084153,51.1117197],[17.0841437,51.1117135],[17.0841345,51.1117073],[17.0841252,51.111701],[17.0841159,51.1116948],[17.0841066,51.1116886],[17.0840973,51.1116824],[17.0840881,51.1116762],[17.0840788,51.11167],[17.0840695,51.1116638],[17.0840603,51.1116574],[17.0840511,51.111651],[17.084042,51.1116446],[17.0840328,51.1116382],[17.0840236,51.1116319],[17.0840144,51.1116255],[17.0840053,51.1116191],[17.0839961,51.1116127],[17.0839869,51.1116063],[17.0839777,51.1115999],[17.0839686,51.1115935],[17.0839594,51.1115872],[17.0839502,51.1115808],[17.083941,51.1115744],[17.0839319,51.111568],[17.0839227,51.1115616],[17.0839147,51.1115544],[17.0839066,51.1115471],[17.0838986,51.1115399],[17.0838905,51.1115327],[17.0838825,51.1115254],[17.0838745,51.1115182],[17.0838664,51.111511],[17.0838584,51.1115037],[17.0838503,51.1114965],[17.0838423,51.1114893],[17.0838343,51.111482],[17.0838262,51.1114748],[17.0838182,51.1114676],[17.0838101,51.1114603],[17.0838021,51.1114531],[17.0837958,51.1114451],[17.0837894,51.1114372],[17.0837831,51.1114292],[17.0837767,51.1114213],[17.0837704,51.1114133],[17.083764,51.1114053],[17.0837577,51.1113974],[17.0837514,51.1113894],[17.083745,51.1113815],[17.0837387,51.1113735],[17.0837323,51.1113656],[17.083726,51.1113576],[17.0837218,51.1113494],[17.0837177,51.1113412],[17.0837135,51.111333],[17.0837094,51.1113248],[17.0837052,51.1113166],[17.083701,51.1113084],[17.0836969,51.1113002],[17.0836927,51.111292],[17.0836885,51.1112838],[17.0836844,51.1112756],[17.0836802,51.1112674],[17.0836761,51.1112592],[17.0836719,51.111251],[17.0836675,51.1112431],[17.0836632,51.1112352],[17.0836588,51.1112273],[17.0836544,51.1112193],[17.0836501,51.1112114],[17.0836457,51.1112035],[17.0836414,51.1111956],[17.083637,51.1111877],[17.0836326,51.1111798],[17.0836283,51.1111719],[17.0836176,51.1111386]]}},{"type":"Feature","properties":{"layer":"roads"},"geometry":{"type":"LineString","coordinates":[[17.0852148,51.1096371],[17.0851667,51.1096548],[17.0851562,51.1096598],[17.0851474,51.1096667],[17.0851386,51.1096736],[17.0851298,51.1096804],[17.085121,51.1096873],[17.0851122,51.1096942],[17.0851034,51.1097011],[17.0850947,51.109708],[17.0850859,51.1097148],[17.0850771,51.1097217],[17.0850683,51.1097286],[17.0850595,51.1097355],[17.0850507,51.1097424],[17.0850419,51.1097492],[17.0850331,51.1097561],[17.0850243,51.109763],[17.0850155,51.1097699],[17.0850067,51.1097767],[17.084998,51.1097836],[17.084959,51.1097982]]}},{"type":"Feature","properties":{"layer":"roads"},"geometry":{"type":"LineString","coordinates":[[17.0852148,51.1096371],[17.085239,51.1096108],[17.0852366,51.1095849],[17.0852358,51.1095763],[17.085235,51.1095677],[17.0852342,51.109559],[17.0852334,51.1095504],[17.0852326,51.1095418],[17.0852318,51.1095332],[17.085231,51.1095246],[17.0852303,51.1095159],[17.0852295,51.1095073],[17.0852287,51.1094987],[17.0852279,51.1094901],[17.0852271,51.1094815],[17.0852263,51.1094728],[17.0852255,51.1094642],[17.0852247,51.1094556],[17.0852239,51.109447],[17.0852231,51.1094383],[17.0852223,51.1094297],[17.0852215,51.1094211],[17.0852197,51.1094127],[17.085218,51.1094043],[17.0852162,51.109396],[17.0852144,51.1093876],[17.0852127,51.1093792],[17.0852109,51.1093708],[17.0852092,51.1093625],[17.0852074,51.1093541],[17.0852056,51.1093457],[17.0852039,51.1093374],[17.0852021,51.109329],[17.0852004,51.1093206],[17.0851986,51.1093122],[17.0851968,51.1093039],[17.0851951,51.1092955],[17.0851933,51.1092871],[17.0851895,51.1092785],[17.0851856,51.1092699],[17.0851818,51.1092613],[17.085178,51.1092527],[17.0851741,51.1092441],[17.0851703,51.1092355],[17.0851665,51.1092269],[17.0851626,51.1092183],[17.0851588,51.1092097],[17.085155,51.109201],[17.0851512,51.1091924],[17.0851473,51.1091838],[17.0851435,51.1091752],[17.0851397,51.1091666],[17.0851358,51.109158],[17.085132,51.1091494],[17.0851282,51.1091408],[17.0851243,51.1091322],[17.0851205,51.1091236],[17.0851157,51.1091152],[17.085111,51.1091068],[17.0851062,51.1090985],[17.0851014,51.1090901],[17.0850967,51.1090817],[17.0850919,51.1090733],[17.0850871,51.1090649],[17.0850824,51.1090566],[17.0850776,51.1090482],[17.0850728,51.1090398],[17.0850681,51.1090314],[17.0850633,51.1090231],[17.0850585,51.1090147],[17.0850538,51.1090063],[17.085049,51.1089979],[17.0850442,51.1089895],[17.0850395,51.1089812],[17.0850347,51.1089728],[17.0850299,51.1089644],[17.0850252,51.108956],[17.0850204,51.1089476],[17.0850156,51.1089393],[17.0850109,51.1089309],[17.0850061,51.1089225],[17.0850013,51.1089141],[17.0849966,51.1089058],[17.0849918,51.1088974],[17.084987,51.108889],[17.0849823,51.1088806],[17.0849775,51.1088722],[17.0849727,51.1088639],[17.084968,51.1088555],[17.0849632,51.1088471],[17.0849583,51.1088389],[17.0849535,51.1088308],[17.0849486,51.1088226],[17.0849438,51.1088145],[17.0849389,51.1088063],[17.084934,51.1087982],[17.0849292,51.10879],[17.0849243,51.1087818],[17.0849194,51.1087737],[17.0849146,51.1087655],[17.0849097,51.1087574],[17.0849049,51.1087492],[17.0849,51.108741],[17.0848951,51.1087329],[17.0848903,51.1087247],[17.0848854,51.1087166],[17.0848806,51.1087084],[17.0848757,51.1087003],[17.0848708,51.1086921],[17.084866,51.1086839],[17.0848611,51.1086758],[17.0848563,51.1086676],[17.0848514,51.1086595],[17.0848465,51.1086513],[17.0848417,51.1086431],[17.0848368,51.108635],[17.0848319,51.1086268],[17.0848271,51.1086187],[17.0848204,51.1085881]]}},{"type":"Feature","properties":{"layer":"roads"},"geometry":{"type":"LineString","coordinates":[[17.0852148,51.1096371],[17.0852355,51.109664],[17.0852346,51.1096729],[17.0852338,51.1096818],[17.0852329,51.1096907],[17.0852321,51.1096996],[17.0852312,51.1097085],[17.0852304,51.1097174],[17.0852295,51.1097263],[17.0852286,51.1097353],[17.0852278,51.1097442],[17.0852269,51.1097531],[17.0852261,51.109762],[17.0852252,51.1097709],[17.0852243,51.1097798],[17.0852233,51.1097886],[17.0852224,51.1097975],[17.0852215,51.1098063],[17.0852206,51.1098152],[17.0852196,51.1098241],[17.0852187,51.1098329],[17.0852178,51.1098418],[17.0852168,51.1098506],[17.0852159,51.1098595],[17.085215,51.1098684],[17.0852141,51.1098772],[17.0852131,51.1098861],[17.0852122,51.1098949],[17.0852113,51.1099038],[17.0852104,51.1099127],[17.0852094,51.1099215],[17.0852085,51.1099304],[17.0852076,51.1099392],[17.0852066,51.1099481],[17.0852057,51.109957],[17.0852048,51.1099658],[17.0852039,51.1099747],[17.0852029,51.1099836],[17.085202,51.1099924],[17.0852011,51.1100013],[17.0852001,51.1100101],[17.0851992,51.110019],[17.0851983,51.1100279],[17.0851974,51.1100367],[17.0851964,51.1100456],[17.0851955,51.1100544],[17.0851946,51.1100633],[17.0851937,51.1100722],[17.0851927,51.110081],[17.0851918,51.1100899],[17.0851909,51.1100987],[17.0851899,51.1101076],[17.085189,51.1101165],[17.0851881,51.1101253],[17.0851872,51.1101342],[17.0851862,51.110143],[17.0851853,51.1101519],[17.0851843,51.1101608],[17.0851832,51.1101698],[17.0851822,51.1101787],[17.0851812,51.1101877],[17.0851802,51.1101966],[17.0851791,51.1102056],[17.0851781,51.1102145],[17.0851771,51.1102235],[17.0851761,51.1102324],[17.085175,51.1102414],[17.085174,51.1102503],[17.085173,51.1102593],[17.0851719,51.1102682],[17.0851709,51.1102772],[17.0851699,51.1102861],[17.0851689,51.1102951],[17.0851678,51.110304],[17.0851668,51.110313],[17.0851658,51.1103219],[17.0851648,51.1103309],[17.0851637,51.1103398],[17.0851627,51.1103488],[17.0851617,51.1103577],[17.0851606,51.1103667],[17.0851596,51.1103756],[17.0851586,51.1103846],[17.0851576,51.1103935],[17.0851565,51.1104025],[17.0851555,51.1104114],[17.0851545,51.1104204],[17.0851535,51.1104293],[17.0851524,51.1104383],[17.0851514,51.1104472],[17.0851504,51.1104562],[17.0851493,51.1104651],[17.0851483,51.1104741],[17.0851473,51.110483],[17.0851463,51.110492],[17.0851452,51.1105009],[17.0851442,51.1105099],[17.0851432,51.1105188],[17.0851422,51.1105278],[17.0851411,51.1105367],[17.0851401,51.1105457],[17.0851391,51.1105546],[17.085138,51.1105636],[17.085137,51.1105725],[17.085136,51.1105815],[17.085135,51.1105904],[17.0851339,51.1105994],[17.0851329,51.1106083],[17.0851319,51.1106173],[17.0851309,51.1106262],[17.0851298,51.1106352],[17.0851288,51.1106441],[17.0851288,51.110653],[17.0851288,51.1106618],[17.0851288,51.1106707],[17.0851288,51.1106795],[17.0851288,51.1106884],[17.0851288,51.1106973],[17.0851287,51.1107061],[17.0851287,51.110715],[17.0851287,51.1107238],[17.0851287,51.1107327],[17.0851287,51.1107416],[17.0851287,51.1107504],[17.0851287,51.1107593],[17.0851287,51.1107681],[17.0851287,51.110777],[17.0851287,51.1107859],[17.0851287,51.1107947],[17.0851287,51.1108036],[17.0851286,51.1108124],[17.0851286,51.1108213],[17.0851286,51.1108301],[17.0851286,51.110839],[17.0851286,51.1108479],[17.0851286,51.1108567],[17.0851286,51.1108656],[17.0851286,51.1108744],[17.0851286,51.1108833],[17.0851286,51.1108922],[17.0851286,51.110901],[17.0851286,51.1109099],[17.0851285,51.1109187],[17.0851285,51.1109276],[17.0851285,51.1109365],[17.0851285,51.1109453],[17.0851285,51.1109542],[17.0851285,51.110963],[17.0851285,51.1109719],[17.0851287,51.1109807],[17.085129,51.1109895],[17.0851292,51.1109983],[17.0851295,51.1110071],[17.0851297,51.1110158],[17.0851299,51.1110246],[17.0851302,51.1110334],[17.0851304,51.1110422],[17.0851307,51.111051],[17.0851309,51.1110598],[17.0851311,51.1110686],[17.0851314,51.1110774],[17.0851316,51.1110862],[17.0851319,51.111095],[17.0851321,51.1111037],[17.0851323,51.1111125],[17.0851326,51.1111213],[17.0851328,51.1111301],[17.085133,51.1111389],[17.0851333,51.1111477],[17.0851335,51.1111565],[17.0851338,51.1111653],[17.085134,51.1111741],[17.0851342,51.1111828],[17.0851345,51.1111916],[17.0851347,51.1112004],[17.085135,51.1112092],[17.0851352,51.111218],[17.0851354,51.1112268],[17.0851357,51.1112356],[17.0851359,51.1112444],[17.0851362,51.1112532],[17.0851364,51.111262],[17.0851366,51.1112707],[17.0851369,51.1112795],[17.0851371,51.1112883],[17.0851374,51.1112971],[17.0851376,51.1113059],[17.0851378,51.1113142],[17.0851379,51.1113225],[17.0851381,51.1113308],[17.0851383,51.1113392],[17.0851384,51.1113475],[17.0851386,51.1113558],[17.0851388,51.1113641],[17.085139,51.1113724],[17.0851391,51.1113807],[17.0851393,51.1113891],[17.0851395,51.1113974],[17.0851396,51.1114057],[17.0851398,51.111414],[17.0851399,51.111423],[17.08514,51.111432],[17.08514,51.1114409],[17.0851401,51.1114499],[17.0851402,51.1114589],[17.0851403,51.1114679],[17.0851404,51.1114768],[17.0851404,51.1114858],[17.0851405,51.1114948],[17.0851406,51.1115038],[17.0851407,51.1115127],[17.0851408,51.1115217],[17.0851408,51.1115307],[17.0851409,51.1115397],[17.085141,51.1115486],[17.0851411,51.1115576],[17.0851412,51.1115666],[17.0851412,51.1115756],[17.0851413,51.1115845],[17.0851414,51.1115935],[17.0851415,51.1116025],[17.0851415,51.1116114],[17.0851416,51.1116204],[17.0851417,51.1116294],[17.0851418,51.1116384],[17.0851419,51.1116473],[17.0851419,51.1116563],[17.085142,51.1116653],[17.0851421,51.1116743],[17.0851422,51.1116832],[17.0851423,51.1116922],[17.0851423,51.1117012],[17.0851424,51.1117102],[17.0851425,51.1117191],[17.0851426,51.1117281],[17.0851427,51.1117371],[17.0851427,51.1117461],[17.0851428,51.111755],[17.0851429,51.111764],[17.085143,51.111773],[17.0851431,51.111782],[17.0851431,51.1117909],[17.0851432,51.1117999],[17.0851433,51.1118089],[17.0851424,51.1118175],[17.0851415,51.111826],[17.0851406,51.1118346],[17.0851397,51.1118432],[17.0851388,51.1118517],[17.0851379,51.1118603],[17.085137,51.1118689],[17.0851361,51.1118774],[17.0851352,51.111886],[17.0851343,51.1118945],[17.0851334,51.1119031],[17.0851325,51.1119117],[17.0851316,51.1119202],[17.0851307,51.1119288],[17.0851259,51.1119357],[17.0851301,51.1119633]]}},{"type":"Feature","properties":{"layer":"roads"},"geometry":{"type":"LineString","coordinates":[[17.0851301,51.1119633],[17.0851721,51.1119701],[17.0851851,51.1119715],[17.0852374,51.1119769]]}},{"type":"Feature","properties":{"layer":"roads"},"geometry":{"type":"LineString","coordinates":[[17.0851301,51.1119633],[17.0850838,51.1119963],[17.0850609,51.1120293]]}},{"type":"Feature","properties":{"layer":"roads"},"geometry":{"type":"LineString","coordinates":[[17.0863538,51.1168012],[17.0863517,51.1168362],[17.0863497,51.1168448],[17.0863476,51.1168533],[17.0863455,51.1168619],[17.0863435,51.1168705],[17.0863414,51.116879],[17.0863394,51.1168876],[17.0863373,51.1168962],[17.0863352,51.1169048],[17.0863332,51.1169133],[17.0863336,51.116941]]}},{"type":"Feature","properties":{"layer":"roads"},"geometry":{"type":"LineString","coordinates":[[17.0863538,51.1168012],[17.0863038,51.1167969],[17.0862897,51.1167956],[17.0862757,51.1167944],[17.0862616,51.1167931],[17.0862476,51.1167915],[17.0862335,51.1167899],[17.0862195,51.1167883],[17.0862054,51.1167867],[17.0861914,51.1167851],[17.0861774,51.1167835],[17.0861633,51.116782],[17.0861493,51.1167804],[17.0861352,51.1167788],[17.0861212,51.1167772],[17.0861072,51.1167756],[17.0860931,51.116774],[17.0860791,51.1167724],[17.0860651,51.1167708],[17.086051,51.1167692],[17.086037,51.1167676],[17.0860229,51.116766],[17.0860089,51.1167644],[17.0859949,51.1167628],[17.0859808,51.1167612],[17.0859668,51.1167596],[17.0859527,51.1167581],[17.0859387,51.1167565],[17.0859247,51.1167549],[17.0858825,51.1167501],[17.0858562,51.1167451],[17.0858139,51.1167319]]}},{"type":"Feature","properties":{"layer":"roads"},"geometry":{"type":"LineString","coordinates":[[17.0863538,51.1168012],[17.0863705,51.1167667],[17.0863731,51.1167579],[17.0863758,51.1167491],[17.0863784,51.1167403],[17.086381,51.1167315],[17.0863836,51.1167227],[17.0863863,51.1167139],[17.0863889,51.1167051],[17.0863915,51.1166963],[17.0863942,51.1166875],[17.0863968,51.1166786],[17.0863994,51.1166698],[17.086402,51.116661],[17.0864047,51.1166522],[17.0864073,51.1166434],[17.0864099,51.1166346],[17.0864125,51.1166258],[17.0864152,51.116617],[17.0864178,51.1166082],[17.0864204,51.1165994],[17.086423,51.1165906],[17.0864257,51.1165818],[17.0864283,51.116573],[17.0864303,51.1165651],[17.0864322,51.1165573],[17.0864342,51.1165494],[17.0864362,51.1165416],[17.0864381,51.1165337],[17.0864401,51.1165258],[17.086442,51.116518],[17.086444,51.1165101],[17.0864485,51.1165019],[17.0864529,51.1164937],[17.0864574,51.1164856],[17.0864619,51.1164774],[17.0864663,51.1164692],[17.0864708,51.116461],[17.0864753,51.1164529],[17.0864798,51.1164447],[17.0864842,51.1164365],[17.0864887,51.1164283],[17.0864932,51.1164201],[17.0864976,51.116412],[17.0865021,51.1164038],[17.0865066,51.1163956],[17.086511,51.1163874],[17.0865155,51.1163792],[17.08652,51.1163711],[17.0865245,51.1163629],[17.0865289,51.1163547],[17.0865334,51.1163465],[17.0865379,51.1163384],[17.0865423,51.1163302],[17.0865468,51.116322],[17.0865513,51.1163139],[17.0865558,51.1163057],[17.0865602,51.1162976],[17.0865647,51.1162894],[17.0865794,51.116261]]}},{"type":"Feature","properties":{"layer":"roads"},"geometry":{"type":"LineString","coordinates":[[17.0863538,51.1168012],[17.0864012,51.1168055],[17.086415,51.1168067],[17.0864287,51.1168079],[17.0864425,51.1168092],[17.0864562,51.1168104],[17.0864699,51.1168116],[17.0864837,51.1168128],[17.0864974,51.116814],[17.0865112,51.1168152],[17.0865249,51.1168164],[17.0865386,51.1168176],[17.0865524,51.1168188],[17.0865661,51.11682],[17.0865799,51.1168213],[17.0865936,51.1168225],[17.0866074,51.1168237],[17.0866211,51.1168249],[17.0866348,51.1168261],[17.0866486,51.1168273],[17.0866623,51.1168285],[17.0866761,51.1168297],[17.0866898,51.1168309],[17.0867035,51.1168321],[17.0867173,51.1168334],[17.086731,51.1168346],[17.0867448,51.1168358],[17.0867585,51.116837],[17.0867723,51.1168382],[17.086786,51.1168394],[17.0868,51.116841],[17.0868139,51.1168426],[17.0868279,51.1168442],[17.0868418,51.1168458],[17.0868558,51.1168474],[17.0868697,51.116849],[17.0868837,51.1168506],[17.0868976,51.1168522],[17.0869116,51.1168538],[17.0869255,51.1168553],[17.0869395,51.1168569],[17.0869535,51.1168585],[17.0869674,51.1168601],[17.0869814,51.1168617],[17.0869953,51.1168633],[17.0870093,51.1168649],[17.0870232,51.1168665],[17.0870372,51.1168681],[17.0870511,51.1168697],[17.0870651,51.1168713],[17.087079,51.1168729],[17.087093,51.1168745],[17.087107,51.1168761],[17.0871209,51.1168777],[17.0871349,51.1168793],[17.0871488,51.1168809],[17.0871628,51.1168825],[17.0871767,51.1168841],[17.0871907,51.1168856],[17.0872046,51.1168872],[17.0872186,51.1168888],[17.0872325,51.1168904],[17.0872465,51.116892],[17.0872604,51.1168936],[17.0872744,51.1168952],[17.0872884,51.1168968],[17.0873023,51.1168984],[17.0873163,51.1169],[17.0873302,51.1169016],[17.0873442,51.1169032],[17.0873581,51.1169048],[17.0873721,51.1169064],[17.087386,51.116908],[17.0874,51.1169096],[17.0874139,51.1169112],[17.0874279,51.1169128],[17.0874419,51.1169144],[17.0874558,51.1169159],[17.0874698,51.1169175],[17.0874837,51.1169191],[17.0874977,51.1169207],[17.0875116,51.1169223],[17.0875256,51.1169239],[17.0875395,51.1169255],[17.0875535,51.1169271],[17.0875674,51.1169287],[17.0875814,51.1169303],[17.0875954,51.116932],[17.0876095,51.1169337],[17.0876235,51.1169354],[17.0876375,51.1169371],[17.0876516,51.1169388],[17.0876656,51.1169405],[17.0876796,51.1169423],[17.0876936,51.116944],[17.0877077,51.1169457],[17.0877217,51.1169474],[17.0877357,51.1169491],[17.0877498,51.1169508],[17.0877638,51.1169525],[17.0877778,51.1169542],[17.0877919,51.1169559],[17.0878059,51.1169576],[17.0878199,51.1169593],[17.087834,51.116961],[17.087848,51.1169627],[17.087862,51.1169645],[17.087876,51.1169662],[17.0878901,51.1169679],[17.0879041,51.1169696],[17.0879181,51.1169713],[17.0879322,51.116973],[17.0879462,51.1169747],[17.0879599,51.1169766],[17.0879737,51.1169784],[17.0879874,51.1169803],[17.0880011,51.1169822],[17.0880149,51.1169841],[17.0880286,51.1169859],[17.0880423,51.1169878],[17.088056,51.1169897],[17.0880698,51.1169916],[17.0880835,51.1169934],[17.0880972,51.1169953],[17.088111,51.1169972],[17.0881247,51.116999],[17.0881384,51.1170009],[17.0881522,51.1170028],[17.0881659,51.1170047],[17.0881796,51.1170065],[17.0881933,51.1170084],[17.0882071,51.1170103],[17.0882208,51.1170122],[17.0882345,51.117014],[17.0882483,51.1170159],[17.088262,51.1170178],[17.0882757,51.1170196],[17.0882895,51.1170215],[17.0883032,51.1170234],[17.0883169,51.1170253],[17.0883306,51.1170271],[17.0883444,51.117029],[17.0883581,51.1170309],[17.0883718,51.1170328],[17.0883856,51.1170346],[17.0883993,51.1170365],[17.0884131,51.1170384],[17.088427,51.1170403],[17.0884408,51.1170421],[17.0884547,51.117044],[17.0884685,51.1170459],[17.0884824,51.1170478],[17.0884962,51.1170497],[17.0885101,51.1170515],[17.0885239,51.1170534],[17.0885378,51.1170553],[17.0885516,51.1170572],[17.0885655,51.1170591],[17.0885793,51.1170609],[17.0885932,51.1170628],[17.088607,51.1170647],[17.0886209,51.1170666],[17.0886347,51.1170685],[17.0886486,51.1170703],[17.0886624,51.1170722],[17.0886763,51.1170741],[17.0886901,51.117076],[17.088704,51.1170778],[17.0887178,51.1170797],[17.0887317,51.1170816],[17.0887455,51.1170835],[17.0887594,51.1170854],[17.0887732,51.1170872],[17.0887871,51.1170891],[17.0888009,51.117091],[17.0888148,51.1170929],[17.0888286,51.1170948],[17.0888425,51.1170966],[17.0888563,51.1170985],[17.0888702,51.1171004],[17.088884,51.1171023],[17.0888979,51.1171042],[17.0889117,51.117106],[17.0889256,51.1171079],[17.0889394,51.1171098],[17.0889532,51.1171118],[17.0889671,51.1171139],[17.0889809,51.1171159],[17.0889947,51.1171179],[17.0890085,51.11712],[17.0890224,51.117122],[17.0890362,51.117124],[17.08905,51.1171261],[17.0890639,51.1171281],[17.0890777,51.1171301],[17.0890915,51.1171322],[17.0891053,51.1171342],[17.0891192,51.1171362],[17.089133,51.1171383],[17.0891468,51.1171403],[17.0891607,51.1171423],[17.0891745,51.1171444],[17.0891883,51.1171464],[17.0892021,51.1171485],[17.089216,51.1171505],[17.0892298,51.1171525],[17.0892436,51.1171546],[17.0892575,51.1171566],[17.0892713,51.1171586],[17.0892851,51.1171607],[17.0892989,51.1171627],[17.0893128,51.1171647],[17.0893266,51.1171668],[17.0893404,51.1171688],[17.0893543,51.1171708],[17.0893681,51.1171729],[17.0893819,51.1171749],[17.0893957,51.1171769],[17.0894096,51.117179],[17.0894234,51.117181],[17.0894364,51.1171839],[17.0894495,51.1171868],[17.0894625,51.1171897],[17.0894756,51.1171926],[17.0894886,51.1171955],[17.0895017,51.1171984],[17.0895147,51.1172013],[17.0895277,51.1172041],[17.0895408,51.117207],[17.0895538,51.1172099],[17.0896021,51.1172077]]}},{"type":"Feature","properties":{"layer":"roads"},"geometry":{"type":"LineString","coordinates":[[17.0896021,51.1172077],[17.0896549,51.1172177],[17.0896791,51.1172124],[17.089707,51.1172024],[17.0897486,51.1171799]]}},{"type":"Feature","properties":{"layer":"roads"},"geometry":{"type":"LineString","coordinates":[[17.0896021,51.1172077],[17.0896141,51.1171758],[17.0896208,51.1171685],[17.0896276,51.1171612],[17.0896343,51.1171539],[17.089641,51.1171466],[17.0896477,51.1171393],[17.0896545,51.117132],[17.0896612,51.1171247],[17.0897013,51.1171046]]}},{"type":"Feature","properties":{"layer":"roads"},"geometry":{"type":"LineString","coordinates":[[17.0777732,51.1099362],[17.0778093,51.109953],[17.0778532,51.1099591]]}},{"type":"Feature","properties":{"layer":"roads"},"geometry":{"type":"LineString","coordinates":[[17.0777732,51.1099362],[17.0777223,51.1099281],[17.0777093,51.1099244],[17.0776963,51.1099207],[17.0776833,51.109917],[17.0776703,51.1099133],[17.0776574,51.1099096],[17.0776444,51.1099058],[17.0776314,51.1099021],[17.0776184,51.1098984],[17.0776054,51.1098947],[17.0775925,51.109891],[17.0775795,51.1098873],[17.0775665,51.1098835],[17.0775535,51.1098798],[17.0775405,51.1098761],[17.0775276,51.1098724],[17.0775146,51.1098687],[17.0775016,51.1098649],[17.0774886,51.1098612],[17.0774756,51.1098575],[17.0774627,51.1098538],[17.0774497,51.1098501],[17.0774367,51.1098464],[17.0774237,51.1098426],[17.0774107,51.1098389],[17.0773978,51.1098352],[17.0773848,51.1098315],[17.0773718,51.1098278],[17.0773588,51.1098241],[17.0773458,51.1098203],[17.0773329,51.1098166],[17.0773199,51.1098129],[17.0773069,51.1098092],[17.0772939,51.1098055],[17.0772809,51.1098018],[17.077268,51.109798],[17.077255,51.1097943],[17.077242,51.1097906],[17.077229,51.1097869],[17.077216,51.1097832],[17.0772031,51.1097794],[17.0771901,51.1097757],[17.0771771,51.109772],[17.0771641,51.1097683],[17.0771511,51.1097646],[17.0771382,51.1097609],[17.0771252,51.1097571],[17.0771122,51.1097534],[17.0770992,51.1097497],[17.0770862,51.109746],[17.0770733,51.1097423],[17.0770603,51.1097386],[17.0770473,51.1097348],[17.0770343,51.1097311],[17.0770213,51.1097274],[17.0770083,51.1097237],[17.0769954,51.10972],[17.0769824,51.1097162],[17.0769694,51.1097125],[17.0769564,51.1097088],[17.0769434,51.1097051],[17.0769305,51.1097014],[17.0769175,51.1096977],[17.0769045,51.1096939],[17.0768915,51.1096902],[17.0768785,51.1096865],[17.0768656,51.1096828],[17.0768526,51.1096791],[17.0768396,51.1096754],[17.0768266,51.1096716],[17.0768136,51.1096679],[17.0768007,51.1096642],[17.0767877,51.1096605],[17.0767747,51.1096568],[17.0767617,51.1096531],[17.0767487,51.1096493],[17.0767358,51.1096456],[17.0767228,51.1096419],[17.0767098,51.1096382],[17.0766968,51.1096345],[17.0766838,51.1096307],[17.0766709,51.109627],[17.0766579,51.1096233],[17.0766449,51.1096196],[17.0766319,51.1096159],[17.0766189,51.1096122],[17.076606,51.1096084],[17.076593,51.1096047],[17.07658,51.109601],[17.076567,51.1095973],[17.076554,51.1095936],[17.0765411,51.1095899],[17.0765281,51.1095861],[17.0765151,51.1095824],[17.0765021,51.1095787],[17.0764891,51.109575],[17.0764762,51.1095713],[17.0764632,51.1095675],[17.0764502,51.1095638],[17.0764372,51.1095601],[17.0764242,51.1095564],[17.0764113,51.1095527],[17.0763983,51.109549],[17.0763853,51.1095452],[17.0763723,51.1095415],[17.0763593,51.1095378],[17.0763464,51.1095341],[17.0763334,51.1095304],[17.0763204,51.1095267],[17.0763074,51.1095229],[17.0762944,51.1095192],[17.0762815,51.1095155],[17.0762685,51.1095118],[17.0762555,51.1095081],[17.0762425,51.1095044],[17.0762295,51.1095006],[17.0762166,51.1094969],[17.0762036,51.1094932],[17.0761906,51.1094895],[17.0761776,51.1094858],[17.0761646,51.109482],[17.0761517,51.1094783],[17.0761387,51.1094746],[17.0761257,51.1094709],[17.0761127,51.1094672],[17.0760997,51.1094635],[17.0760868,51.1094597],[17.0760738,51.109456],[17.0760608,51.1094523],[17.0760478,51.1094486],[17.0760348,51.1094449],[17.0760219,51.1094412],[17.0760089,51.1094374],[17.0759959,51.1094337],[17.0759829,51.10943],[17.0759699,51.1094263],[17.075957,51.1094226],[17.075944,51.1094188],[17.075931,51.1094151],[17.075918,51.1094114],[17.075905,51.1094077],[17.0758921,51.109404],[17.0758791,51.1094003],[17.0758661,51.1093965],[17.0758531,51.1093928],[17.0758401,51.1093891],[17.0758272,51.1093854],[17.0758142,51.1093817],[17.0758012,51.109378],[17.0757882,51.1093742],[17.0757752,51.1093705],[17.0757623,51.1093668],[17.0757493,51.1093631],[17.0757363,51.1093594],[17.0757233,51.1093557],[17.0757103,51.1093519],[17.0756974,51.1093482],[17.0756844,51.1093445],[17.0756714,51.1093408],[17.0756584,51.1093371],[17.0756454,51.1093333],[17.0756324,51.1093296],[17.0756195,51.1093259],[17.0756065,51.1093222],[17.0755935,51.1093185],[17.0755805,51.1093148],[17.0755675,51.109311],[17.0755546,51.1093073],[17.0755416,51.1093036],[17.0755286,51.1092999],[17.0755156,51.1092962],[17.0755026,51.1092925],[17.0754897,51.1092887],[17.0754767,51.109285],[17.0754637,51.1092813],[17.0754507,51.1092776],[17.0754377,51.1092739],[17.0754248,51.1092701],[17.0754118,51.1092664],[17.0753988,51.1092627],[17.0753858,51.109259],[17.0753728,51.1092553],[17.0753599,51.1092516],[17.0753469,51.1092478],[17.0753339,51.1092441],[17.0753209,51.1092404],[17.0753079,51.1092367],[17.075295,51.109233],[17.075282,51.1092293],[17.075269,51.1092255],[17.075256,51.1092218],[17.075243,51.1092181],[17.0752301,51.1092144],[17.0752171,51.1092107],[17.0752041,51.109207],[17.0751911,51.1092032],[17.0751781,51.1091995],[17.0751652,51.1091958],[17.0751522,51.1091921],[17.0751392,51.1091884],[17.0751262,51.1091846],[17.0751132,51.1091809],[17.0751003,51.1091772],[17.0750873,51.1091735],[17.0750743,51.1091698],[17.0750613,51.1091661],[17.0750483,51.1091623],[17.0750354,51.1091586],[17.0750224,51.1091549],[17.0750094,51.1091512],[17.0749964,51.1091475],[17.0749635,51.1091248]]}},{"type":"Feature","properties":{"layer":"roads"},"geometry":{"type":"LineString","coordinates":[[17.0777732,51.1099362],[17.0777851,51.1099069],[17.077791,51.1098988],[17.077797,51.1098907],[17.0778336,51.1098687]]}},{"type":"Feature","properties":{"layer":"roads"},"geometry":{"type":"LineString","coordinates":[[17.0749635,51.1091248],[17.0748923,51.1091189],[17.0748793,51.1091155],[17.0748662,51.109112],[17.0748531,51.1091086],[17.0748401,51.1091052],[17.074827,51.1091017],[17.074814,51.1090983],[17.074801,51.1090949],[17.0747879,51.1090915],[17.0747749,51.109088],[17.0747618,51.1090846],[17.0747488,51.1090812],[17.0747357,51.1090777],[17.0747227,51.1090743],[17.0747096,51.1090709],[17.0746966,51.1090675],[17.0746835,51.109064],[17.0746704,51.1090606],[17.0746574,51.1090572],[17.0746443,51.1090537],[17.0746313,51.1090503],[17.0746183,51.1090469],[17.0746052,51.1090435],[17.0745922,51.10904],[17.0745791,51.1090366],[17.0745661,51.1090332],[17.074553,51.1090297],[17.07454,51.1090263],[17.0745269,51.1090229],[17.0745139,51.1090194],[17.0745008,51.109016],[17.0744877,51.1090126],[17.0744747,51.1090092],[17.0744616,51.1090057],[17.0744486,51.1090023],[17.0744356,51.1089989],[17.0744225,51.1089954],[17.0744095,51.108992],[17.0743964,51.1089886],[17.0743834,51.1089852],[17.0743703,51.1089817],[17.0743573,51.1089783],[17.0743442,51.1089749],[17.0743311,51.1089714],[17.0743181,51.108968],[17.074305,51.1089646],[17.074292,51.1089612],[17.074279,51.1089577],[17.0742659,51.1089543],[17.0742529,51.1089509],[17.0742398,51.1089474],[17.0742268,51.108944],[17.0742137,51.1089406],[17.0742007,51.1089372],[17.0741876,51.1089337],[17.0741746,51.1089303],[17.0741615,51.1089269],[17.0741484,51.1089234],[17.0741354,51.10892],[17.0741223,51.1089166],[17.0741093,51.1089132],[17.0740963,51.1089097],[17.0740832,51.1089063],[17.0740738,51.1088997],[17.0740644,51.1088932],[17.0740269,51.108867]]}},{"type":"Feature","properties":{"layer":"roads"},"geometry":{"type":"LineString","coordinates":[[17.0749635,51.1091248],[17.0749862,51.1091003],[17.0749946,51.1090938],[17.0750029,51.1090874],[17.0750113,51.1090809],[17.0750196,51.1090744],[17.075028,51.109068],[17.0750363,51.1090615],[17.0750473,51.1090571],[17.0750583,51.1090526],[17.0750693,51.1090482],[17.0750804,51.1090437],[17.0750914,51.1090393],[17.0751024,51.1090349],[17.0751134,51.1090304],[17.0751244,51.109026],[17.0751356,51.1090216],[17.0751469,51.1090172],[17.0751582,51.1090128],[17.0751694,51.1090084],[17.0751807,51.109004],[17.0751919,51.1089996],[17.0752032,51.1089952],[17.0752144,51.1089908],[17.0752257,51.1089864],[17.0752369,51.108982],[17.0752482,51.1089776],[17.0752594,51.1089732],[17.0752724,51.1089704],[17.0752853,51.1089675],[17.0752983,51.1089647],[17.0753113,51.1089618],[17.0753242,51.108959],[17.0753372,51.1089562],[17.0753502,51.1089533],[17.0753631,51.1089505],[17.0753761,51.1089476],[17.075389,51.1089448],[17.075402,51.1089419],[17.075415,51.1089391],[17.0754279,51.1089363],[17.0754409,51.1089334],[17.0754539,51.1089306],[17.0754668,51.1089277],[17.0754798,51.1089249],[17.0754938,51.108924],[17.0755078,51.1089231],[17.0755218,51.1089221],[17.0755359,51.1089212],[17.0755499,51.1089203],[17.0755639,51.1089194],[17.0755779,51.1089185],[17.0755919,51.1089175],[17.0756059,51.1089166],[17.0756199,51.1089157],[17.0756339,51.1089148],[17.0757145,51.1089074]]}},{"type":"Feature","properties":{"layer":"roads"},"geometry":{"type":"LineString","coordinates":[[17.0791451,51.1109859],[17.0791734,51.1110085],[17.0791811,51.111016],[17.0791888,51.1110236],[17.0791965,51.1110311],[17.0792042,51.1110386],[17.0792119,51.1110461],[17.0792195,51.1110537],[17.0792272,51.1110612],[17.0792349,51.1110687],[17.0792426,51.1110762],[17.0792503,51.1110838],[17.079258,51.1110913],[17.0792657,51.1110988],[17.0792733,51.1111063],[17.079281,51.1111139],[17.0792887,51.1111214],[17.0792964,51.1111289],[17.079303,51.1111359],[17.0793095,51.111143],[17.0793161,51.11115],[17.0793226,51.111157],[17.0793292,51.1111641],[17.0793357,51.1111711],[17.0793423,51.1111781],[17.0793488,51.1111852],[17.0793554,51.1111922],[17.0793644,51.1111988],[17.0793735,51.1112055],[17.0793825,51.1112121],[17.0793915,51.1112187],[17.0794005,51.1112253],[17.0794096,51.111232],[17.0794186,51.1112386],[17.0794276,51.1112452],[17.0794367,51.1112519],[17.0794457,51.1112585],[17.0794547,51.1112651],[17.0794637,51.1112717],[17.0794728,51.1112784],[17.0794818,51.111285],[17.0794908,51.1112916],[17.0794999,51.1112983],[17.0795089,51.1113049],[17.0795179,51.1113115],[17.0795269,51.1113181],[17.079536,51.1113248],[17.079545,51.1113314],[17.0795563,51.1113366],[17.0795677,51.1113419],[17.079579,51.1113471],[17.0795903,51.1113523],[17.0796017,51.1113575],[17.079613,51.1113628],[17.0796244,51.111368],[17.0796357,51.1113732],[17.079647,51.1113785],[17.0796584,51.1113837],[17.0796697,51.1113889],[17.079681,51.1113942],[17.0796924,51.1113994],[17.0797037,51.1114046],[17.0797151,51.1114098],[17.0797264,51.1114151],[17.0797377,51.1114203],[17.0797491,51.1114255],[17.0797604,51.1114308],[17.0797717,51.111436],[17.0797831,51.1114412],[17.0797944,51.1114465],[17.0798058,51.1114517],[17.0798171,51.1114569],[17.0798284,51.1114621],[17.0798398,51.1114674],[17.0798511,51.1114726],[17.0798625,51.1114775],[17.0798738,51.1114824],[17.0798852,51.1114873],[17.0798965,51.1114922],[17.0799079,51.111497],[17.0799192,51.1115019],[17.0799306,51.1115068],[17.079942,51.1115117],[17.0799533,51.1115166],[17.0799647,51.1115215],[17.079976,51.1115264],[17.0799874,51.1115313],[17.0799988,51.1115362],[17.0800101,51.1115411],[17.0800215,51.1115459],[17.0800328,51.1115508],[17.0800442,51.1115557],[17.0800555,51.1115606],[17.0800669,51.1115655],[17.0800777,51.1115708],[17.0800884,51.1115761],[17.0800992,51.1115814],[17.08011,51.1115867],[17.0801208,51.1115919],[17.0801315,51.1115972],[17.0801423,51.1116025],[17.0801531,51.1116078],[17.0801638,51.1116131],[17.0801746,51.1116184],[17.0801854,51.1116237],[17.0801962,51.111629],[17.0802069,51.1116343],[17.0802177,51.1116395],[17.0802285,51.1116448],[17.0802393,51.1116501],[17.08025,51.1116554],[17.0802608,51.1116607],[17.0802704,51.1116673],[17.08028,51.1116738],[17.0802895,51.1116804],[17.0802991,51.111687],[17.0803087,51.1116935],[17.0803183,51.1117001],[17.0803278,51.1117067],[17.0803374,51.1117132],[17.080347,51.1117198],[17.0803566,51.1117264],[17.0803662,51.1117329],[17.0803757,51.1117395],[17.0803853,51.111746],[17.0803949,51.1117526],[17.0804045,51.1117592],[17.0804141,51.1117657],[17.0804236,51.1117723],[17.0804332,51.1117789],[17.0804428,51.1117854],[17.0804524,51.111792],[17.0804619,51.1117986],[17.0804715,51.1118051],[17.0804811,51.1118117],[17.0804894,51.1118188],[17.0804977,51.1118259],[17.080506,51.111833],[17.0805144,51.11184],[17.0805227,51.1118471],[17.080531,51.1118542],[17.0805393,51.1118613],[17.0805476,51.1118684],[17.0805559,51.1118754],[17.0805642,51.1118825],[17.0805725,51.1118896],[17.0805809,51.1118967],[17.0805892,51.1119038],[17.0805975,51.1119109],[17.0806058,51.1119179],[17.0806141,51.111925],[17.0806224,51.1119321],[17.0806307,51.1119392],[17.080639,51.1119463],[17.0806473,51.1119534],[17.0806557,51.1119604],[17.080664,51.1119675],[17.0806723,51.1119746],[17.0806806,51.1119817],[17.0806873,51.1119889],[17.080694,51.1119961],[17.0807006,51.1120034],[17.0807073,51.1120106],[17.080714,51.1120178],[17.0807207,51.112025],[17.0807455,51.1120521]]}},{"type":"Feature","properties":{"layer":"roads"},"geometry":{"type":"LineString","coordinates":[[17.0791451,51.1109859],[17.0791116,51.11094],[17.0791058,51.1109323],[17.0790999,51.1109246],[17.0790941,51.1109168],[17.0790882,51.1109091],[17.0790748,51.1108929],[17.0790572,51.1108732],[17.0790508,51.1108662],[17.0790332,51.1108465],[17.0790202,51.1108298],[17.0790148,51.1108216],[17.0790093,51.1108134],[17.0790039,51.1108052],[17.0789985,51.110797],[17.0789931,51.1107888],[17.0789876,51.1107807],[17.0789822,51.1107725],[17.0789768,51.1107643],[17.0789714,51.1107561],[17.0789659,51.1107479],[17.0789605,51.1107397],[17.0789551,51.1107315],[17.0789494,51.1107234],[17.0789436,51.1107152],[17.0789379,51.1107071],[17.0789322,51.110699],[17.0789264,51.1106908],[17.0789207,51.1106827],[17.078915,51.1106746],[17.0789093,51.1106664],[17.0789035,51.1106583],[17.0788978,51.1106502],[17.0788921,51.1106421],[17.0788863,51.1106339],[17.0788806,51.1106258],[17.0788749,51.1106177],[17.0788691,51.1106095],[17.0788634,51.1106014],[17.0788557,51.1105942],[17.0788479,51.1105869],[17.0788401,51.1105797],[17.0788122,51.1105581]]}},{"type":"Feature","properties":{"layer":"roads"},"geometry":{"type":"LineString","coordinates":[[17.0791451,51.1109859],[17.0791028,51.1109999],[17.0790948,51.1110071],[17.0790867,51.1110144],[17.0790787,51.1110216],[17.0790706,51.1110289],[17.0790626,51.1110361],[17.0790546,51.1110434],[17.0790465,51.1110506],[17.0790385,51.1110579],[17.0790304,51.1110652],[17.0790224,51.1110724],[17.0790143,51.1110797],[17.0790063,51.1110869],[17.0789982,51.1110941],[17.0789902,51.1111014],[17.0789822,51.1111086],[17.0789741,51.1111159],[17.0789661,51.1111231],[17.078958,51.1111304],[17.07895,51.1111376],[17.0789419,51.1111449],[17.0789339,51.1111522],[17.0789258,51.1111594],[17.0789178,51.1111667],[17.0789098,51.1111739],[17.0789017,51.1111812],[17.0788937,51.1111884],[17.0788856,51.1111956],[17.0788776,51.1112029],[17.0788695,51.1112101],[17.0788615,51.1112174],[17.0788534,51.1112246],[17.0788454,51.1112319],[17.0788406,51.1112403],[17.0788358,51.1112487],[17.078831,51.1112572],[17.0788263,51.1112656],[17.0788215,51.111274],[17.0788167,51.1112824],[17.0788172,51.1112901],[17.0788178,51.1112979],[17.0788183,51.1113056],[17.0788189,51.1113134],[17.0788194,51.1113211],[17.07882,51.1113289],[17.0788205,51.1113366],[17.0788261,51.1113446],[17.0788318,51.1113526],[17.0788374,51.1113606],[17.0788431,51.1113686],[17.0788487,51.1113766],[17.0788544,51.1113847],[17.07886,51.1113927],[17.0788657,51.1114007],[17.0788713,51.1114087],[17.078877,51.1114167],[17.0788826,51.1114247],[17.0788882,51.1114327],[17.0788939,51.1114407],[17.0788995,51.1114487],[17.0789052,51.1114568],[17.0789108,51.1114648],[17.0789165,51.1114728],[17.0789221,51.1114808],[17.0789278,51.1114888],[17.0789334,51.1114968],[17.0789406,51.1115044],[17.0789478,51.1115119],[17.0789549,51.1115195],[17.0789621,51.111527],[17.0789693,51.1115346],[17.0789765,51.1115421],[17.0789836,51.1115497],[17.0789908,51.1115573],[17.078998,51.1115648],[17.0790052,51.1115724],[17.0790124,51.1115799],[17.0790195,51.1115875],[17.0790267,51.111595],[17.0790339,51.1116026],[17.0790425,51.1116091],[17.0790511,51.1116156],[17.0790597,51.1116221],[17.0790683,51.1116286],[17.0790769,51.1116351],[17.0790856,51.1116416],[17.0790942,51.1116481],[17.0791028,51.1116546],[17.0791114,51.1116611],[17.07912,51.1116676],[17.0791286,51.1116741],[17.0791372,51.1116806],[17.0791485,51.1116854],[17.0791597,51.1116903],[17.079171,51.1116951],[17.0791822,51.1117],[17.0791935,51.1117048],[17.0792048,51.1117096],[17.079216,51.1117145],[17.0792273,51.1117193],[17.0792385,51.1117242],[17.0792498,51.111729],[17.079261,51.1117339],[17.0792723,51.1117387],[17.0792842,51.111742],[17.0792962,51.1117454],[17.0793081,51.1117487],[17.07932,51.1117521],[17.079332,51.1117554],[17.0793439,51.1117588],[17.0793558,51.1117621],[17.0793677,51.1117655],[17.0793797,51.1117688],[17.0793916,51.1117722],[17.079405,51.1117752],[17.0794184,51.1117782],[17.0794318,51.1117811],[17.0794452,51.1117841],[17.0794586,51.1117871],[17.079472,51.1117901],[17.0794854,51.1117931],[17.0794988,51.111796],[17.0795122,51.111799],[17.0795256,51.111802],[17.079539,51.111805],[17.0795524,51.111808],[17.0795659,51.1118109],[17.0795793,51.1118139],[17.0795927,51.1118169],[17.0796061,51.1118199],[17.0796195,51.1118229],[17.0796329,51.1118258],[17.0796463,51.1118288],[17.0796597,51.1118318],[17.0796731,51.1118348],[17.0796865,51.1118378],[17.0796999,51.1118407],[17.0797133,51.1118437],[17.0797267,51.1118467],[17.0797401,51.1118497],[17.0797535,51.1118527],[17.0797669,51.1118556],[17.0797803,51.1118586],[17.0797937,51.1118616],[17.0798071,51.1118646],[17.0798205,51.1118676],[17.0798339,51.1118705],[17.0798473,51.1118735],[17.0798607,51.1118765],[17.0798741,51.1118795],[17.0798875,51.1118824],[17.079901,51.1118854],[17.0799144,51.1118884],[17.0799278,51.1118914],[17.0799412,51.1118944],[17.0799546,51.1118973],[17.079968,51.1119003],[17.0799814,51.1119033],[17.0799948,51.1119063],[17.0800082,51.1119093],[17.0800216,51.1119122],[17.080035,51.1119152],[17.0800484,51.1119182],[17.0800618,51.1119212],[17.0800752,51.1119242],[17.0800886,51.1119271],[17.080102,51.1119301],[17.0801154,51.1119331],[17.0801288,51.1119361],[17.0801422,51.1119391],[17.0801556,51.111942],[17.080169,51.111945],[17.0801824,51.111948],[17.0801958,51.111951],[17.0802092,51.111954],[17.0802227,51.1119569],[17.0802361,51.1119599],[17.0802495,51.1119629],[17.0802629,51.1119659],[17.0802763,51.1119689],[17.0802897,51.1119718],[17.0803031,51.1119748],[17.0803165,51.1119778],[17.0803299,51.1119808],[17.0803433,51.1119838],[17.0803567,51.1119867],[17.0803701,51.1119897],[17.0803835,51.1119927],[17.0803962,51.1119958],[17.080409,51.1119989],[17.0804217,51.112002],[17.0804344,51.1120051],[17.0804472,51.1120082],[17.0804599,51.1120113],[17.0804726,51.1120144],[17.0804854,51.1120174],[17.0804981,51.1120205],[17.0805108,51.1120236],[17.0805235,51.1120267],[17.0805363,51.1120298],[17.080549,51.1120329],[17.0805617,51.112036],[17.0805745,51.1120391],[17.0805872,51.1120422],[17.0806011,51.1120438],[17.080615,51.1120453],[17.0806289,51.1120469],[17.0806428,51.1120485],[17.0806567,51.1120501],[17.0806707,51.1120516],[17.0806846,51.1120532],[17.0806985,51.1120548],[17.0807455,51.1120521]]}},{"type":"Feature","properties":{"layer":"roads"},"geometry":{"type":"LineString","coordinates":[[17.0807455,51.1120521],[17.0807825,51.1120923],[17.0807896,51.1121001],[17.0807967,51.112108],[17.0808038,51.1121158],[17.0808109,51.1121236],[17.080818,51.1121314],[17.0808251,51.1121392],[17.0808322,51.112147],[17.0808387,51.112154],[17.0808453,51.1121611],[17.0808519,51.1121681],[17.0808584,51.1121751],[17.0808649,51.1121821],[17.0808715,51.1121892],[17.0808911,51.1122103],[17.0809165,51.1122326]]}},{"type":"Feature","properties":{"layer":"roads"},"geometry":{"type":"LineString","coordinates":[[17.0870266,51.1164195],[17.0869545,51.116406],[17.0869426,51.1164014],[17.0869306,51.1163969],[17.0869187,51.1163923],[17.0869068,51.1163877],[17.0868948,51.1163831],[17.0868829,51.1163786],[17.0868709,51.116374],[17.086859,51.1163694],[17.086847,51.1163648],[17.0868351,51.1163602],[17.0868231,51.1163557],[17.0868112,51.1163511],[17.0867993,51.1163464],[17.0867874,51.1163416],[17.0867755,51.1163369],[17.0867636,51.1163322],[17.0867517,51.1163274],[17.0867398,51.1163227],[17.0867279,51.116318],[17.086716,51.1163132],[17.0867041,51.1163085],[17.0866922,51.1163037],[17.0866803,51.116299],[17.0866684,51.1162943],[17.0866565,51.1162895],[17.0866446,51.1162848],[17.0866343,51.1162802],[17.0866239,51.1162755],[17.0865794,51.116261]]}},{"type":"Feature","properties":{"layer":"roads"},"geometry":{"type":"LineString","coordinates":[[17.0870266,51.1164195],[17.0870485,51.1164436],[17.08706,51.1164484],[17.0870716,51.1164532],[17.0870831,51.116458],[17.0870946,51.1164628],[17.0871062,51.1164676],[17.0871177,51.1164725],[17.0871293,51.1164773],[17.0871408,51.1164821],[17.0871525,51.1164867],[17.0871643,51.1164912],[17.087176,51.1164958],[17.0871878,51.1165003],[17.0871995,51.1165049],[17.0872113,51.1165094],[17.087223,51.116514],[17.0872348,51.1165185],[17.0872465,51.1165231],[17.0872582,51.1165277],[17.08727,51.1165322],[17.0872817,51.1165368],[17.0872935,51.1165413],[17.0873052,51.1165459],[17.087317,51.1165504],[17.0873287,51.116555],[17.0873413,51.1165588],[17.0873539,51.1165625],[17.0873665,51.1165663],[17.0873791,51.1165701],[17.0873917,51.1165738],[17.0874044,51.1165776],[17.087417,51.1165813],[17.0874296,51.1165851],[17.0874422,51.1165889],[17.0874548,51.1165926],[17.0874674,51.1165964],[17.0874796,51.1165997],[17.0874918,51.116603],[17.0875041,51.1166063],[17.0875163,51.1166096],[17.0875285,51.1166129],[17.0875408,51.1166162],[17.087553,51.1166195],[17.0875652,51.1166228],[17.0875774,51.1166261],[17.0875897,51.1166294],[17.0876019,51.1166327],[17.0876141,51.116636],[17.0876274,51.1166389],[17.0876407,51.1166417],[17.0876541,51.1166446],[17.0876674,51.1166475],[17.0876807,51.1166504],[17.087694,51.1166532],[17.0877073,51.1166561],[17.0877207,51.116659],[17.087734,51.1166618],[17.0877473,51.1166647],[17.0877606,51.1166676],[17.0877739,51.1166705],[17.0877873,51.1166733],[17.0878006,51.1166762],[17.0878139,51.1166791],[17.0878272,51.116682],[17.0878405,51.1166848],[17.0878539,51.1166877],[17.0878672,51.1166906],[17.0878805,51.1166934],[17.0878938,51.1166963],[17.0879071,51.1166992],[17.0879205,51.1167021],[17.0879338,51.1167049],[17.0879471,51.1167078],[17.0879605,51.1167105],[17.0879738,51.1167132],[17.0879872,51.1167159],[17.0880006,51.1167186],[17.0880139,51.1167213],[17.0880273,51.116724],[17.0880407,51.1167267],[17.088054,51.1167294],[17.0880674,51.1167321],[17.0880808,51.1167348],[17.0880941,51.1167375],[17.0881075,51.1167402],[17.0881208,51.1167429],[17.0881342,51.1167456],[17.0881476,51.1167483],[17.0881609,51.116751],[17.0881743,51.1167537],[17.0881877,51.1167564],[17.088201,51.1167591],[17.0882144,51.1167618],[17.0882278,51.1167645],[17.0882411,51.1167672],[17.0882545,51.1167699],[17.0882679,51.1167726],[17.0882812,51.1167753],[17.0882946,51.116778],[17.088308,51.1167807],[17.0883213,51.1167834],[17.0883347,51.1167861],[17.0883481,51.1167888],[17.0883614,51.1167915],[17.0883748,51.1167942],[17.0883882,51.1167969],[17.0884015,51.1167996],[17.0884149,51.1168023],[17.0884282,51.116805],[17.0884416,51.1168077],[17.088455,51.1168104],[17.0884683,51.1168131],[17.0884817,51.1168158],[17.0884951,51.1168185],[17.0885084,51.1168212],[17.0885218,51.1168239],[17.0885352,51.1168266],[17.0885485,51.1168293],[17.0885619,51.116832],[17.0885755,51.1168346],[17.088589,51.1168372],[17.0886026,51.1168398],[17.0886162,51.1168424],[17.0886298,51.116845],[17.0886433,51.1168475],[17.0886569,51.1168501],[17.0886705,51.1168527],[17.0886841,51.1168553],[17.0886977,51.1168579],[17.0887112,51.1168605],[17.0887248,51.1168631],[17.0887384,51.1168657],[17.0887519,51.1168683],[17.0887655,51.1168709],[17.0887791,51.1168735],[17.0887927,51.116876],[17.0888063,51.1168786],[17.0888198,51.1168812],[17.0888334,51.1168838],[17.088847,51.1168864],[17.0888605,51.116889],[17.0888741,51.1168916],[17.0888877,51.1168942],[17.0889013,51.1168968],[17.0889148,51.1168994],[17.0889284,51.116902],[17.088942,51.1169045],[17.0889556,51.1169071],[17.0889692,51.1169097],[17.0889827,51.1169123],[17.0889963,51.1169149],[17.0890099,51.1169175],[17.0890234,51.1169201],[17.089037,51.1169227],[17.0890506,51.1169253],[17.0890642,51.1169279],[17.0890778,51.1169305],[17.0890913,51.116933],[17.0891049,51.1169356],[17.0891185,51.1169382],[17.089132,51.1169408],[17.0891456,51.1169434],[17.0891592,51.116946],[17.0891729,51.1169485],[17.0891866,51.116951],[17.0892003,51.1169536],[17.089214,51.1169561],[17.0892277,51.1169586],[17.0892414,51.1169611],[17.0892551,51.1169637],[17.0892688,51.1169662],[17.0892825,51.1169687],[17.0892962,51.1169712],[17.08931,51.1169737],[17.0893237,51.1169763],[17.0893374,51.1169788],[17.0893511,51.1169813],[17.0893648,51.1169838],[17.0893785,51.1169864],[17.0893922,51.1169889],[17.0894059,51.1169914],[17.0894196,51.1169939],[17.0894333,51.1169965],[17.089447,51.116999],[17.0894607,51.1170015],[17.0894736,51.117004],[17.0894865,51.1170064],[17.0894993,51.1170089],[17.0895122,51.1170113],[17.0895251,51.1170138],[17.089538,51.1170162],[17.0895508,51.1170187],[17.0895637,51.1170211],[17.0895766,51.1170236],[17.0895889,51.1170264],[17.0896012,51.1170291],[17.0896548,51.1170287]]}},{"type":"Feature","properties":{"layer":"roads"},"geometry":{"type":"LineString","coordinates":[[17.0870266,51.1164195],[17.0870637,51.1164052],[17.0870759,51.1164014],[17.0870882,51.1163976],[17.0871005,51.1163937],[17.0871128,51.1163899],[17.087125,51.1163861],[17.0871373,51.1163823],[17.0871496,51.1163784],[17.0871619,51.1163746],[17.0871741,51.1163708],[17.0871864,51.116367],[17.0871987,51.1163632],[17.087211,51.1163593],[17.0872232,51.1163555],[17.0872355,51.1163517],[17.0872472,51.1163472],[17.0872589,51.1163426],[17.0872705,51.1163381],[17.0872822,51.1163335],[17.0872939,51.116329],[17.0873056,51.1163244],[17.0873173,51.1163199],[17.0873289,51.1163153],[17.0873406,51.1163108],[17.0873523,51.1163062],[17.087364,51.1163016],[17.0873757,51.1162971],[17.0873873,51.1162925],[17.087399,51.116288],[17.0874107,51.1162834],[17.0874224,51.1162789],[17.0874341,51.1162743],[17.0874457,51.1162698],[17.0874574,51.1162652],[17.0874691,51.1162607],[17.0874797,51.1162551],[17.0874903,51.1162496],[17.0875009,51.116244],[17.0875115,51.1162385],[17.0875222,51.1162329],[17.0875328,51.1162274],[17.0875434,51.1162218],[17.087554,51.1162162],[17.0875646,51.1162107],[17.0875752,51.1162051],[17.0875858,51.1161996],[17.0875964,51.116194],[17.087607,51.1161885],[17.0876176,51.1161829],[17.0876283,51.1161773],[17.0876389,51.1161718],[17.0876495,51.1161662],[17.0876601,51.1161607],[17.0876707,51.1161551],[17.0876813,51.1161496],[17.0876919,51.116144],[17.0877025,51.1161384],[17.0877131,51.1161329],[17.0877238,51.1161273],[17.0877344,51.1161218],[17.087745,51.1161162],[17.0877556,51.1161107],[17.0877662,51.1161051],[17.0877748,51.1160979],[17.0877833,51.1160908],[17.0877919,51.1160836],[17.0878005,51.1160765],[17.0878091,51.1160693],[17.0878176,51.1160621],[17.0878262,51.116055],[17.0878348,51.1160478],[17.0878433,51.1160406],[17.0878519,51.1160335],[17.0878605,51.1160263],[17.087869,51.1160192],[17.0878776,51.116012],[17.0878862,51.1160048],[17.0878948,51.1159977],[17.0879033,51.1159905],[17.0879119,51.1159834],[17.0879205,51.1159762],[17.087929,51.115969],[17.0879376,51.1159619],[17.0879462,51.1159547],[17.0879548,51.1159475],[17.0879633,51.1159404],[17.0879719,51.1159332],[17.0879805,51.1159261],[17.087989,51.1159189],[17.0879976,51.1159117],[17.0880062,51.1159046],[17.0880147,51.1158974],[17.0880233,51.1158902],[17.0880319,51.1158831],[17.0880405,51.1158759],[17.088049,51.1158688],[17.0880576,51.1158616],[17.0880635,51.1158536],[17.0880695,51.1158457],[17.0880754,51.1158377],[17.0880813,51.1158298],[17.0880873,51.1158218],[17.0880932,51.1158139],[17.0880991,51.1158059],[17.088105,51.115798],[17.088111,51.11579],[17.0881169,51.1157821],[17.0881228,51.1157741],[17.0881288,51.1157662],[17.0881347,51.1157582],[17.0881406,51.1157503],[17.0881466,51.1157423],[17.0881525,51.1157344],[17.0881584,51.1157264],[17.0881644,51.1157185],[17.0881703,51.1157105],[17.0881762,51.1157026],[17.0881821,51.1156946],[17.0881881,51.1156867],[17.088194,51.1156787],[17.0881999,51.1156708],[17.0882059,51.1156628],[17.0882118,51.1156549],[17.0882177,51.1156469],[17.0882237,51.115639],[17.0882296,51.115631],[17.0882355,51.1156231],[17.0882415,51.1156151],[17.0882474,51.1156072],[17.0882533,51.1155992],[17.0882592,51.1155913],[17.0882652,51.1155833],[17.0882872,51.1155565]]}},{"type":"Feature","properties":{"layer":"roads"},"geometry":{"type":"LineString","coordinates":[[17.0896548,51.1170287],[17.0896454,51.1170015],[17.0896384,51.1169937],[17.0896315,51.1169859],[17.0896245,51.1169781],[17.0896176,51.1169702],[17.0896106,51.1169624],[17.0896036,51.1169546],[17.0895967,51.1169468],[17.0895897,51.1169389],[17.0895827,51.1169311],[17.0895758,51.1169233],[17.0895688,51.1169155],[17.0895618,51.1169076],[17.0895549,51.1168998],[17.0895479,51.116892],[17.0895409,51.1168842],[17.089534,51.1168763],[17.089527,51.1168685],[17.08952,51.1168607],[17.0895131,51.1168528],[17.0895061,51.116845],[17.0894992,51.1168372],[17.0894922,51.1168294],[17.0894852,51.1168215],[17.0894783,51.1168137],[17.0894713,51.1168059],[17.0894643,51.1167981],[17.0894574,51.1167902],[17.0894504,51.1167824],[17.0894434,51.1167746],[17.0894365,51.1167668],[17.0894295,51.1167589],[17.0894225,51.1167511],[17.0894156,51.1167433],[17.0894086,51.1167355],[17.0894017,51.1167276],[17.0893947,51.1167198],[17.0893877,51.116712],[17.0893808,51.1167041],[17.0893738,51.1166963],[17.0893668,51.1166885],[17.0893599,51.1166807],[17.0893529,51.1166728],[17.0893459,51.116665],[17.089339,51.1166572],[17.089332,51.1166494],[17.089325,51.1166415],[17.0893181,51.1166337],[17.0893111,51.1166259],[17.0893041,51.1166181],[17.0892972,51.1166102],[17.0892902,51.1166024],[17.0892833,51.1165946],[17.0892763,51.1165868],[17.0892693,51.1165789],[17.0892624,51.1165711],[17.0892554,51.1165633],[17.0892484,51.1165555],[17.0892415,51.1165476],[17.0892345,51.1165398],[17.089227,51.1165322],[17.0892194,51.1165247],[17.0892119,51.1165171],[17.0892044,51.1165095],[17.0891968,51.116502],[17.0891893,51.1164944],[17.0891818,51.1164868],[17.0891742,51.1164792],[17.0891667,51.1164717],[17.0891591,51.1164641],[17.0891516,51.1164565],[17.0891441,51.116449],[17.0891365,51.1164414],[17.089129,51.1164338],[17.0891215,51.1164263],[17.0891139,51.1164187],[17.0891064,51.1164111],[17.0890989,51.1164036],[17.0890913,51.116396],[17.0890838,51.1163884],[17.0890763,51.1163808],[17.0890687,51.1163733],[17.0890612,51.1163657],[17.0890536,51.1163581],[17.0890461,51.1163506],[17.0890386,51.116343],[17.089031,51.1163354],[17.0890235,51.1163279],[17.089016,51.1163203],[17.0890084,51.1163127],[17.0890009,51.1163052],[17.0889934,51.1162976],[17.0889858,51.11629],[17.0889783,51.1162824],[17.0889708,51.1162749],[17.0889632,51.1162673],[17.0889557,51.1162597],[17.0889482,51.1162522],[17.0889406,51.1162446],[17.0889331,51.116237],[17.0889255,51.1162295],[17.088918,51.1162219],[17.0889105,51.1162143],[17.0889029,51.1162067],[17.0888954,51.1161992],[17.0888879,51.1161916],[17.0888803,51.116184],[17.0888728,51.1161765],[17.0888653,51.1161689],[17.0888577,51.1161613],[17.0888502,51.1161538],[17.0888427,51.1161462],[17.0888351,51.1161386],[17.0888276,51.1161311],[17.08882,51.1161235],[17.0888125,51.1161159],[17.088805,51.1161083],[17.0887974,51.1161008],[17.0887899,51.1160932],[17.0887824,51.1160856],[17.0887748,51.1160781],[17.0887673,51.1160705],[17.0887602,51.1160628],[17.088753,51.116055],[17.0887459,51.1160473],[17.0887387,51.1160395],[17.0887316,51.1160318],[17.0887245,51.116024],[17.0887173,51.1160163],[17.0887102,51.1160085],[17.088703,51.1160008],[17.0886959,51.115993],[17.0886888,51.1159853],[17.0886816,51.1159775],[17.0886745,51.1159698],[17.0886673,51.1159621],[17.0886602,51.1159543],[17.0886531,51.1159466],[17.0886459,51.1159388],[17.0886388,51.1159311],[17.0886316,51.1159233],[17.0886245,51.1159156],[17.0886174,51.1159078],[17.0886102,51.1159001],[17.0886031,51.1158923],[17.0885959,51.1158846],[17.0885888,51.1158768],[17.0885817,51.1158691],[17.0885745,51.1158614],[17.0885674,51.1158536],[17.0885602,51.1158459],[17.0885531,51.1158381],[17.088546,51.1158304],[17.0885388,51.1158226],[17.0885317,51.1158149],[17.0885245,51.1158071],[17.0885174,51.1157994],[17.0885102,51.1157916],[17.0885031,51.1157839],[17.088496,51.1157761],[17.0884888,51.1157684],[17.0884817,51.1157606],[17.0884745,51.1157529],[17.0884674,51.1157452],[17.0884603,51.1157374],[17.0884531,51.1157297],[17.088446,51.1157219],[17.0884388,51.1157142],[17.0884317,51.1157064],[17.0884246,51.1156987],[17.0884174,51.1156909],[17.0884103,51.1156832],[17.0884031,51.1156754],[17.088396,51.1156677],[17.0883889,51.1156599],[17.0883817,51.1156522],[17.0883746,51.1156445],[17.0883674,51.1156367],[17.0883603,51.115629],[17.0883532,51.1156212],[17.088346,51.1156135],[17.0883389,51.1156057],[17.0883317,51.115598],[17.0883246,51.1155902],[17.0883175,51.1155825],[17.0882872,51.1155565]]}},{"type":"Feature","properties":{"layer":"roads"},"geometry":{"type":"LineString","coordinates":[[17.0896548,51.1170287],[17.0896921,51.1170558],[17.0897013,51.1171046]]}},{"type":"Feature","properties":{"layer":"roads"},"geometry":{"type":"LineString","coordinates":[[17.0867987,51.1070257],[17.0868313,51.1069714]]}},{"type":"Feature","properties":{"layer":"roads"},"geometry":{"type":"LineString","coordinates":[[17.0867987,51.1070257],[17.0867511,51.1070286],[17.08674,51.1070343],[17.086729,51.10704],[17.086718,51.1070457],[17.086707,51.1070514],[17.0866959,51.1070571],[17.0866849,51.1070628],[17.0866739,51.1070685],[17.0866629,51.1070742],[17.0866518,51.1070799],[17.0866408,51.1070856],[17.0866298,51.1070913],[17.0866187,51.1070971],[17.0866077,51.1071028],[17.0865967,51.1071085],[17.0865857,51.1071142],[17.0865746,51.1071199],[17.0865636,51.1071256],[17.0865526,51.1071313],[17.0865416,51.107137],[17.0865305,51.1071427],[17.0865195,51.1071484],[17.0865085,51.1071541],[17.0864975,51.1071598],[17.0864864,51.1071655],[17.0864754,51.1071712],[17.0864644,51.1071769],[17.0864533,51.1071826],[17.0864423,51.1071883],[17.0864313,51.107194],[17.0864203,51.1071997],[17.0864092,51.1072054],[17.0863982,51.1072111],[17.0863872,51.1072168],[17.0863762,51.1072225],[17.0863651,51.1072282],[17.0863541,51.107234],[17.0863431,51.1072397],[17.086332,51.1072454],[17.086321,51.1072511],[17.08631,51.1072568],[17.086299,51.1072625],[17.0862879,51.1072682],[17.0862769,51.1072739],[17.0862659,51.1072796],[17.0862549,51.1072853],[17.0862438,51.107291],[17.0862328,51.1072967],[17.0862219,51.1073025],[17.086211,51.1073082],[17.0862001,51.107314],[17.0861892,51.1073197],[17.0861783,51.1073255],[17.0861674,51.1073313],[17.0861565,51.107337],[17.0861456,51.1073428],[17.0861347,51.1073485],[17.0861238,51.1073543],[17.0861129,51.10736],[17.086102,51.1073658],[17.0860911,51.1073716],[17.0860802,51.1073773],[17.0860693,51.1073831],[17.0860584,51.1073888],[17.0860475,51.1073946],[17.0860366,51.1074004],[17.0860257,51.1074061],[17.0860148,51.1074119],[17.0860039,51.1074176],[17.085993,51.1074234],[17.0859821,51.1074292],[17.0859712,51.1074349],[17.0859603,51.1074407],[17.0859494,51.1074464],[17.0859385,51.1074522],[17.0859276,51.1074579],[17.0859167,51.1074637],[17.0859058,51.1074695],[17.0858949,51.1074752],[17.085884,51.107481],[17.0858731,51.1074867],[17.0858622,51.1074925],[17.0858513,51.1074983],[17.0858404,51.107504],[17.0858295,51.1075098],[17.0858186,51.1075155],[17.0858077,51.1075213],[17.0857968,51.107527],[17.0857859,51.1075328],[17.085775,51.1075386],[17.0857641,51.1075443],[17.0857532,51.1075501],[17.0857423,51.1075558],[17.0857315,51.1075616],[17.0857206,51.1075674],[17.0857097,51.1075731],[17.0856988,51.1075789],[17.0856879,51.1075846],[17.085677,51.1075904],[17.0856661,51.1075962],[17.0856552,51.1076019],[17.0856443,51.1076077],[17.0856334,51.1076134],[17.0856225,51.1076192],[17.0856116,51.1076249],[17.0856007,51.1076307],[17.0855898,51.1076365],[17.0855789,51.1076422],[17.085568,51.107648],[17.0855571,51.1076537],[17.0855462,51.1076595],[17.0855353,51.1076653],[17.0855244,51.107671],[17.0855135,51.1076768],[17.0855026,51.1076825],[17.0854917,51.1076883],[17.0854808,51.107694],[17.0854699,51.1076998],[17.085459,51.1077056],[17.0854481,51.1077113],[17.0854372,51.1077171],[17.0854263,51.1077228],[17.0854154,51.1077286],[17.0854045,51.1077344],[17.0853936,51.1077401],[17.0853827,51.1077459],[17.0853718,51.1077516],[17.0853609,51.1077574],[17.08535,51.1077632],[17.0853391,51.1077689],[17.0853282,51.1077747],[17.0853173,51.1077804],[17.0853064,51.1077862],[17.0852955,51.1077919],[17.0852846,51.1077977],[17.0852737,51.1078035],[17.0852628,51.1078092],[17.0852519,51.107815],[17.085241,51.1078207],[17.0852301,51.1078265],[17.085219,51.107832],[17.0852079,51.1078375],[17.0851968,51.107843],[17.0851857,51.1078484],[17.0851746,51.1078539],[17.0851635,51.1078594],[17.0851524,51.1078649],[17.0851413,51.1078704],[17.0851302,51.1078759],[17.0851191,51.1078814],[17.085108,51.1078869],[17.0850969,51.1078923],[17.0850858,51.1078978],[17.0850747,51.1079033],[17.0850636,51.1079088],[17.0850525,51.1079143],[17.0850414,51.1079198],[17.0850303,51.1079253],[17.0850192,51.1079308],[17.0850081,51.1079362],[17.084997,51.1079417],[17.0849859,51.1079472],[17.0849748,51.1079527],[17.0849637,51.1079582],[17.0849526,51.1079637],[17.0849415,51.1079692],[17.0849304,51.1079747],[17.0849193,51.1079801],[17.0849082,51.1079856],[17.0848971,51.1079911],[17.084886,51.1079966],[17.0848749,51.1080021],[17.0848638,51.1080076],[17.0848527,51.1080131],[17.0848416,51.1080186],[17.0848305,51.108024],[17.0848194,51.1080295],[17.0848083,51.108035],[17.0847972,51.1080405],[17.0847857,51.1080453],[17.0847743,51.1080501],[17.0847628,51.1080549],[17.0847514,51.1080597],[17.0847399,51.1080645],[17.0847285,51.1080693],[17.084717,51.1080741],[17.0847055,51.1080789],[17.0846941,51.1080837],[17.0846826,51.1080884],[17.0846712,51.1080932],[17.0846597,51.108098],[17.0846482,51.1081028],[17.0846368,51.1081076],[17.0846253,51.1081124],[17.0846139,51.1081172],[17.0846024,51.108122],[17.084591,51.1081268],[17.0845645,51.1081361],[17.0844949,51.1081614]]}},{"type":"Feature","properties":{"layer":"roads"},"geometry":{"type":"LineString","coordinates":[[17.0867987,51.1070257],[17.0868061,51.1070533],[17.0868045,51.1070622],[17.0868029,51.107071],[17.0868013,51.1070799],[17.0867997,51.1070888],[17.0867981,51.1070977],[17.0867965,51.1071066],[17.0867949,51.1071155],[17.0867933,51.1071244],[17.0867917,51.1071333],[17.0867901,51.1071422],[17.0867885,51.1071511],[17.0867869,51.10716],[17.0867853,51.1071689],[17.0867837,51.1071778],[17.0867821,51.1071867],[17.0867805,51.1071955],[17.0867789,51.1072044],[17.0867773,51.1072133],[17.0867757,51.1072222],[17.0867741,51.1072311],[17.0867725,51.10724],[17.0867709,51.1072489],[17.0867693,51.1072578],[17.0867677,51.1072667],[17.0867661,51.1072756],[17.0867645,51.1072845],[17.0867629,51.1072934],[17.0867613,51.1073023],[17.0867598,51.1073111],[17.0867582,51.10732],[17.0867566,51.1073289],[17.086755,51.1073378],[17.0867534,51.1073467],[17.0867518,51.1073556],[17.0867502,51.1073645],[17.0867486,51.1073734],[17.086747,51.1073823],[17.0867454,51.1073912],[17.0867438,51.1074001],[17.0867422,51.107409],[17.0867406,51.1074179],[17.086739,51.1074267],[17.0867374,51.1074356],[17.0867358,51.1074445],[17.0867342,51.1074534],[17.0867326,51.1074623],[17.086731,51.1074712],[17.0867294,51.1074801],[17.0867278,51.107489],[17.0867262,51.1074979],[17.0867246,51.1075068],[17.086723,51.1075157],[17.0867214,51.1075246],[17.0867198,51.1075335],[17.0867182,51.1075424],[17.0867166,51.1075512],[17.086715,51.1075601],[17.0867134,51.107569],[17.0867118,51.1075779],[17.0867102,51.1075868],[17.0867086,51.1075957],[17.086707,51.1076046],[17.0867053,51.1076135],[17.0867037,51.1076224],[17.086702,51.1076313],[17.0867003,51.1076402],[17.0866986,51.1076491],[17.086697,51.107658],[17.0866953,51.1076669],[17.0866936,51.1076758],[17.0866919,51.1076848],[17.0866903,51.1076937],[17.0866886,51.1077026],[17.0866869,51.1077115],[17.0866852,51.1077204],[17.0866836,51.1077293],[17.0866819,51.1077382],[17.0866802,51.1077471],[17.0866786,51.107756],[17.0866769,51.1077649],[17.0866752,51.1077738],[17.0866735,51.1077827],[17.0866719,51.1077916],[17.0866702,51.1078005],[17.0866685,51.1078094],[17.0866668,51.1078183],[17.0866652,51.1078272],[17.0866635,51.1078362],[17.0866618,51.1078451],[17.0866601,51.107854],[17.0866585,51.1078629],[17.0866568,51.1078718],[17.0866551,51.1078807],[17.0866534,51.1078896],[17.0866518,51.1078985],[17.0866501,51.1079074],[17.0866487,51.107916],[17.0866473,51.1079246],[17.0866459,51.1079332],[17.0866445,51.1079419],[17.0866431,51.1079505],[17.0866417,51.1079591],[17.0866403,51.1079677],[17.0866389,51.1079763],[17.0866375,51.1079849],[17.0866361,51.1079935],[17.0866347,51.1080021],[17.0866332,51.1080108],[17.0866318,51.1080194],[17.0866304,51.108028],[17.086629,51.1080366],[17.0866276,51.1080452],[17.0866262,51.1080538],[17.0866248,51.1080624],[17.0866234,51.108071],[17.086622,51.1080797],[17.086625,51.1081125]]}},{"type":"Feature","properties":{"layer":"roads"},"geometry":{"type":"LineString","coordinates":[[17.0882872,51.1155565],[17.0883077,51.1155178],[17.0883123,51.1155094],[17.088317,51.115501],[17.0883217,51.1154926],[17.0883264,51.1154841],[17.0883311,51.1154757],[17.0883358,51.1154673],[17.0883405,51.1154589],[17.0883452,51.1154505],[17.0883499,51.115442],[17.0883545,51.1154336],[17.0883592,51.1154252],[17.0883639,51.1154168],[17.0883686,51.1154083],[17.0883733,51.1153999],[17.088378,51.1153915],[17.0883827,51.1153831],[17.0883874,51.1153747],[17.0883921,51.1153662],[17.0883967,51.1153578],[17.0884014,51.1153494],[17.0884061,51.115341],[17.0884108,51.1153326],[17.0884155,51.1153241],[17.0884202,51.1153157],[17.0884249,51.1153073],[17.0884296,51.1152989],[17.0884342,51.1152905],[17.0884389,51.115282],[17.0884436,51.1152736],[17.0884483,51.1152652],[17.088453,51.1152568],[17.0884577,51.1152484],[17.0884624,51.1152399],[17.0884671,51.1152315],[17.0884718,51.1152231],[17.0884764,51.1152147],[17.0884811,51.1152062],[17.0884858,51.1151978],[17.0884905,51.1151894],[17.0884952,51.115181],[17.0884999,51.1151726],[17.0885046,51.1151641],[17.0885093,51.1151557],[17.088514,51.1151473],[17.0885186,51.1151389],[17.0885414,51.1151134]]}},{"type":"Feature","properties":{"layer":"roads"},"geometry":{"type":"LineString","coordinates":[[17.0882872,51.1155565],[17.0882597,51.1155208],[17.0882524,51.1155132],[17.0882451,51.1155055],[17.0882378,51.1154978],[17.0882305,51.1154902],[17.0882232,51.1154825],[17.0882159,51.1154749],[17.0882086,51.1154672],[17.0882013,51.1154595],[17.088194,51.1154519],[17.0881867,51.1154442],[17.0881794,51.1154365],[17.0881721,51.1154289],[17.0881648,51.1154212],[17.0881575,51.1154135],[17.0881502,51.1154059],[17.0881429,51.1153982],[17.0881356,51.1153905],[17.0881283,51.1153829],[17.088121,51.1153752],[17.0881137,51.1153675],[17.0881064,51.1153599],[17.0880991,51.1153522],[17.0880918,51.1153445],[17.0880845,51.1153369],[17.0880772,51.1153292],[17.0880699,51.1153216],[17.0880626,51.1153139],[17.0880553,51.1153062],[17.088048,51.1152986],[17.0880407,51.1152909],[17.0880334,51.1152832],[17.0880261,51.1152756],[17.0880188,51.1152679],[17.0880115,51.1152602],[17.0880042,51.1152526],[17.0879969,51.1152449],[17.0879896,51.1152372],[17.0879823,51.1152296],[17.087975,51.1152219],[17.0879677,51.1152142],[17.0879604,51.1152066],[17.0879531,51.1151989],[17.0879458,51.1151912],[17.0879385,51.1151836],[17.0879312,51.1151759],[17.0879239,51.1151683],[17.0879166,51.1151606],[17.0879093,51.1151529],[17.087902,51.1151453],[17.0878947,51.1151376],[17.0878874,51.1151299],[17.0878801,51.1151223],[17.0878728,51.1151146],[17.0878626,51.1151083],[17.0878525,51.115102],[17.0878423,51.1150957],[17.0878322,51.1150894],[17.087822,51.1150831],[17.0878118,51.1150768],[17.0877776,51.1150555]]}},{"type":"Feature","properties":{"layer":"roads"},"geometry":{"type":"LineString","coordinates":[[17.0857997,51.1130658],[17.0858026,51.1130987],[17.0858023,51.1131075],[17.0858021,51.1131163],[17.0858018,51.1131251],[17.0858016,51.1131339],[17.0858013,51.1131427],[17.0858011,51.1131515],[17.0858008,51.1131603],[17.0858006,51.1131691],[17.0858003,51.1131779],[17.0858001,51.1131867],[17.0857998,51.1131955],[17.0857996,51.1132043],[17.0857994,51.1132131],[17.0857991,51.1132219],[17.0857989,51.1132307],[17.0857986,51.1132395],[17.0857984,51.1132483],[17.0857981,51.1132571],[17.0857979,51.1132658],[17.0857976,51.1132746],[17.0857974,51.1132834],[17.0857971,51.1132922],[17.0857969,51.113301],[17.0857966,51.1133098],[17.0857964,51.1133186],[17.0857962,51.1133274],[17.0857959,51.1133362],[17.0857957,51.113345],[17.0857954,51.1133538],[17.0857952,51.1133626],[17.0857949,51.1133714],[17.0857947,51.1133802],[17.0857944,51.113389],[17.0857942,51.1133978],[17.0857939,51.1134066],[17.0857937,51.1134154],[17.0857934,51.1134242],[17.0857932,51.113433],[17.0857929,51.1134418],[17.0857927,51.1134506],[17.0857927,51.1134594],[17.0857928,51.1134682],[17.0857928,51.113477],[17.0857929,51.1134858],[17.0857929,51.1134946],[17.085793,51.1135034],[17.085793,51.1135122],[17.0857931,51.113521],[17.0857931,51.1135298],[17.0857919,51.113538],[17.0857907,51.1135461],[17.0857896,51.1135543],[17.0857884,51.1135625],[17.0857872,51.1135706],[17.085786,51.1135788],[17.0857849,51.113587],[17.0857837,51.1135951],[17.0857825,51.1136033],[17.0857792,51.1136106],[17.085776,51.1136179],[17.0857727,51.1136252],[17.0857695,51.1136325],[17.0857662,51.1136398],[17.0857605,51.1136475],[17.0857548,51.1136552],[17.0857491,51.113663],[17.0857434,51.1136707],[17.0857377,51.1136784],[17.0857306,51.113686],[17.0857235,51.1136937],[17.0857164,51.1137013],[17.0857093,51.1137089],[17.0857022,51.1137166],[17.0856951,51.1137242],[17.085688,51.1137318],[17.0856809,51.1137395],[17.0856738,51.1137471],[17.0856667,51.1137547],[17.0856595,51.1137624],[17.0856524,51.11377],[17.0856453,51.1137776],[17.0856382,51.1137853],[17.0856311,51.1137929],[17.085624,51.1138005],[17.0856169,51.1138082],[17.0856098,51.1138158],[17.0856027,51.1138234],[17.0855956,51.1138311],[17.0855885,51.1138387],[17.0855814,51.1138464],[17.0855743,51.1138541],[17.0855673,51.1138619],[17.0855602,51.1138696],[17.0855531,51.1138773],[17.085546,51.113885],[17.085539,51.1138927],[17.0855319,51.1139004],[17.0855248,51.1139082],[17.0855177,51.1139159],[17.0855107,51.1139236],[17.0855036,51.1139313],[17.0854965,51.113939],[17.0854894,51.1139467],[17.0854824,51.1139545],[17.0854753,51.1139622],[17.0854682,51.1139699],[17.0854611,51.1139776],[17.085454,51.1139853],[17.085447,51.1139931],[17.0854399,51.1140008],[17.0854328,51.1140085],[17.0854257,51.1140162],[17.0854187,51.1140239],[17.0854116,51.1140316],[17.0854045,51.1140394],[17.0853974,51.1140471],[17.0853904,51.1140548],[17.0853833,51.1140625],[17.0853762,51.1140702],[17.0853691,51.1140779],[17.0853621,51.1140857],[17.085355,51.1140934],[17.0853479,51.1141011],[17.0853382,51.1141075],[17.0853285,51.1141139],[17.0853188,51.1141203],[17.0853092,51.1141267],[17.0852995,51.1141331],[17.0852898,51.1141396],[17.0852801,51.114146],[17.0852704,51.1141524],[17.0852607,51.1141588],[17.085251,51.1141652],[17.0852414,51.1141716],[17.0852317,51.114178],[17.085222,51.1141844],[17.0852123,51.1141908],[17.0852026,51.1141972],[17.0851929,51.1142037],[17.0851832,51.1142101],[17.0851736,51.1142165],[17.0851639,51.1142229],[17.0851542,51.1142293],[17.0851445,51.1142357],[17.0851336,51.1142415],[17.0851226,51.1142473],[17.0851117,51.1142531],[17.0851007,51.1142589],[17.0850898,51.1142647],[17.0850788,51.1142705],[17.0850679,51.1142763],[17.0850569,51.1142821],[17.085046,51.1142879],[17.0850351,51.1142937],[17.0850241,51.1142995],[17.0850132,51.1143053],[17.0850022,51.1143111],[17.0849913,51.1143168],[17.0849803,51.1143226],[17.0849694,51.1143284],[17.0849584,51.1143342],[17.0849475,51.11434],[17.0849366,51.1143458],[17.0849256,51.1143516],[17.0849147,51.1143574],[17.0849037,51.1143632],[17.0848928,51.114369],[17.0848818,51.1143748],[17.0848709,51.1143806],[17.0848599,51.1143864],[17.084849,51.1143922],[17.0848386,51.1143983],[17.0848283,51.1144044],[17.0848179,51.1144105],[17.0848075,51.1144165],[17.0847971,51.1144226],[17.0847868,51.1144287],[17.0847764,51.1144348],[17.084766,51.1144409],[17.0847557,51.114447],[17.0847453,51.1144531],[17.0847349,51.1144591],[17.0847245,51.1144652],[17.0847142,51.1144713],[17.0847038,51.1144774],[17.0846961,51.114485],[17.0846883,51.1144925],[17.0846663,51.1145252]]}},{"type":"Feature","properties":{"layer":"roads"},"geometry":{"type":"LineString","coordinates":[[17.0857997,51.1130658],[17.0858561,51.1130855],[17.0858693,51.1130888],[17.0858826,51.1130921],[17.0858958,51.1130954],[17.085909,51.1130987],[17.0859222,51.113102],[17.0859354,51.1131053],[17.0859486,51.1131086],[17.0859618,51.1131119],[17.085975,51.1131152],[17.0859882,51.1131185],[17.0860014,51.1131218],[17.0860146,51.1131251],[17.0860279,51.1131284],[17.0860411,51.1131317],[17.0860543,51.113135],[17.0860675,51.1131383],[17.0860807,51.1131416],[17.0860939,51.1131449],[17.0861071,51.1131482],[17.0861203,51.1131515],[17.0861335,51.1131548],[17.0861467,51.1131581],[17.0861599,51.1131614],[17.0861732,51.1131647],[17.0861864,51.113168],[17.0861996,51.1131713],[17.0862448,51.1131886]]}},{"type":"Feature","properties":{"layer":"roads"},"geometry":{"type":"LineString","coordinates":[[17.0846663,51.1145252],[17.0847117,51.1145317],[17.0847253,51.1145339],[17.0847389,51.1145361],[17.0847524,51.1145384],[17.084766,51.1145406],[17.0847796,51.1145428],[17.0847932,51.114545],[17.0848067,51.1145473],[17.0848203,51.1145495],[17.0848339,51.1145517],[17.0848475,51.1145539],[17.0848611,51.1145561],[17.0848746,51.1145584],[17.0848882,51.1145606],[17.0849018,51.1145628],[17.0849154,51.114565],[17.0849289,51.1145673],[17.0849425,51.1145695],[17.0849561,51.1145717],[17.0849697,51.1145739],[17.0849833,51.1145761],[17.0849968,51.1145784],[17.0850104,51.1145806],[17.085024,51.1145828],[17.0850376,51.114585],[17.0850511,51.1145873],[17.0850876,51.1146025]]}},{"type":"Feature","properties":{"layer":"roads"},"geometry":{"type":"LineString","coordinates":[[17.0846663,51.1145252],[17.0846033,51.1145136],[17.0845898,51.1145114],[17.0845763,51.1145091],[17.0845627,51.1145068],[17.0845492,51.1145045],[17.0845357,51.1145022],[17.0845222,51.1144999],[17.0845086,51.1144976],[17.0844951,51.1144953],[17.0844816,51.1144931],[17.0844681,51.1144908],[17.0844546,51.1144885],[17.084441,51.1144862],[17.0844275,51.1144839],[17.084414,51.1144816],[17.0844005,51.1144793],[17.0843869,51.114477],[17.0843734,51.1144747],[17.0843599,51.1144725],[17.0843193,51.1144656],[17.0842736,51.1144649]]}},{"type":"Feature","properties":{"layer":"roads"},"geometry":{"type":"LineString","coordinates":[[17.0846663,51.1145252],[17.0846476,51.1145565],[17.0846452,51.1145649],[17.0846428,51.1145733],[17.0846403,51.1145817],[17.0846379,51.1145901],[17.0846354,51.1145985],[17.084633,51.114607],[17.0846305,51.1146154],[17.0846281,51.1146238],[17.0846261,51.1146324],[17.084624,51.1146411],[17.084622,51.1146497],[17.08462,51.1146584],[17.0846179,51.114667],[17.0846159,51.1146757],[17.0846139,51.1146843],[17.0846118,51.114693],[17.0846098,51.1147016],[17.0846078,51.1147103],[17.0846057,51.1147189],[17.0846037,51.1147276],[17.0846017,51.1147362],[17.0845996,51.1147449],[17.0845976,51.1147535],[17.0845971,51.1147624],[17.0845967,51.1147712],[17.0845962,51.1147801],[17.0845958,51.1147889],[17.0845953,51.1147978],[17.0845948,51.1148067],[17.0845944,51.1148155],[17.0846136,51.1148438]]}},{"type":"Feature","properties":{"layer":"roads"},"geometry":{"type":"LineString","coordinates":[[17.0832475,51.1166318],[17.0832481,51.1166013],[17.0832502,51.1165925],[17.0832523,51.1165837],[17.0832544,51.1165749],[17.0832565,51.1165661],[17.0832586,51.1165573],[17.0832607,51.1165485],[17.0832628,51.1165397],[17.0832649,51.1165309],[17.083267,51.116522],[17.0832691,51.1165132],[17.0832712,51.1165044],[17.0832733,51.1164956],[17.0832754,51.1164868],[17.0832775,51.116478],[17.0832796,51.1164692],[17.0832817,51.1164604],[17.0832839,51.1164516],[17.083286,51.1164427],[17.0832881,51.1164339],[17.0832902,51.1164251],[17.0832923,51.1164163],[17.0832944,51.1164075],[17.0832965,51.1163987],[17.0832986,51.1163899],[17.0833007,51.1163811],[17.0833028,51.1163722],[17.0833049,51.1163634],[17.083307,51.1163546],[17.0833091,51.1163458],[17.0833112,51.116337],[17.0833133,51.1163282],[17.0833154,51.1163194],[17.0833175,51.1163106],[17.0833196,51.1163018],[17.0833217,51.1162929],[17.0833298,51.1162526]]}},{"type":"Feature","properties":{"layer":"roads"},"geometry":{"type":"LineString","coordinates":[[17.0832475,51.1166318],[17.0831829,51.1166488],[17.0831692,51.1166496],[17.0831555,51.1166504],[17.0831418,51.1166513],[17.0831281,51.1166521],[17.0831144,51.116653],[17.0831007,51.1166538],[17.083087,51.1166546],[17.0830734,51.1166555],[17.0830597,51.1166563],[17.083046,51.1166572],[17.0830323,51.116658],[17.0830185,51.1166587],[17.0830047,51.1166594],[17.082991,51.1166602],[17.0829772,51.1166609],[17.0829634,51.1166616],[17.0829496,51.1166623],[17.0829358,51.116663],[17.0829221,51.1166638],[17.0829083,51.1166645],[17.0828945,51.1166652],[17.0828807,51.1166659],[17.082867,51.1166667],[17.0828532,51.1166674],[17.0828394,51.1166681],[17.0828267,51.1166686],[17.0828139,51.1166691],[17.0828012,51.1166695],[17.0827884,51.11667],[17.0827756,51.1166705],[17.0827629,51.116671],[17.0827513,51.1166705],[17.0827397,51.11667],[17.082728,51.1166695],[17.0827164,51.116669],[17.0827048,51.1166685],[17.0826924,51.1166647],[17.0826801,51.1166608],[17.0826701,51.1166569],[17.0826601,51.1166531],[17.0826501,51.1166492],[17.0826431,51.116642],[17.0826361,51.1166348],[17.082629,51.1166276],[17.082622,51.1166204],[17.082615,51.1166132],[17.082608,51.116606],[17.082601,51.1165988],[17.0825939,51.1165917],[17.0825869,51.1165845],[17.0825799,51.1165773],[17.0825729,51.1165701],[17.0825659,51.1165629],[17.0825589,51.1165557],[17.0825518,51.1165485],[17.0825448,51.1165413],[17.0825378,51.1165341],[17.0825316,51.1165266],[17.0825254,51.1165191],[17.0825192,51.1165116],[17.0825131,51.1165041],[17.0825069,51.1164967],[17.0824828,51.1164716]]}},{"type":"Feature","properties":{"layer":"roads"},"geometry":{"type":"LineString","coordinates":[[17.0832475,51.1166318],[17.0832914,51.1166427],[17.0833049,51.116642],[17.0833183,51.1166413],[17.0833317,51.1166406],[17.0833452,51.1166399],[17.083359,51.1166396],[17.0833729,51.1166394],[17.0833867,51.1166391],[17.0834005,51.1166388],[17.0834144,51.1166386],[17.0834282,51.1166383],[17.083442,51.116638],[17.0834558,51.1166377],[17.0834697,51.1166375],[17.0834835,51.1166372],[17.0834973,51.1166369],[17.0835112,51.1166367],[17.083525,51.1166364],[17.0835388,51.1166361],[17.0835527,51.1166359],[17.0835665,51.1166356],[17.0835803,51.1166353],[17.0835942,51.1166351],[17.083608,51.1166348],[17.0836218,51.1166345],[17.0836357,51.1166343],[17.0836495,51.116634],[17.0836633,51.1166337],[17.0836771,51.1166334],[17.083691,51.1166332],[17.0837048,51.1166329],[17.0837186,51.1166326],[17.0837325,51.1166324],[17.0837463,51.1166321],[17.0837604,51.1166321],[17.0837744,51.1166321],[17.0837885,51.1166321],[17.0838025,51.1166321],[17.0838166,51.116632],[17.0838306,51.116632],[17.0838447,51.116632],[17.0838587,51.116632],[17.0838728,51.116632],[17.0838869,51.116632],[17.0839009,51.116632],[17.083915,51.116632],[17.083929,51.116632],[17.0839431,51.116632],[17.0839571,51.1166319],[17.0839712,51.1166319],[17.0839852,51.1166319],[17.0839993,51.1166319],[17.0840133,51.1166319],[17.0840274,51.1166319],[17.0840415,51.1166319],[17.0840555,51.1166319],[17.0840696,51.1166319],[17.0840836,51.1166319],[17.0840977,51.1166318],[17.0841117,51.1166318],[17.0841258,51.1166318],[17.0841398,51.1166318],[17.0841539,51.1166318],[17.0841679,51.1166326],[17.0841818,51.1166333],[17.0841958,51.1166341],[17.0842098,51.1166349],[17.0842237,51.1166357],[17.0842377,51.1166364],[17.0842517,51.1166372],[17.0842656,51.116638],[17.0842796,51.1166387],[17.0842935,51.1166395],[17.0843075,51.1166403],[17.0843215,51.1166411],[17.0843354,51.1166418],[17.0843494,51.1166426],[17.0843634,51.1166434],[17.0843773,51.1166441],[17.0843913,51.1166449],[17.0844053,51.1166457],[17.0844192,51.1166464],[17.0844332,51.1166472],[17.0844472,51.116648],[17.0844611,51.1166488],[17.0844751,51.1166495],[17.084489,51.1166503],[17.084503,51.1166511],[17.084517,51.1166518],[17.0845309,51.1166526],[17.0845449,51.1166534],[17.0845589,51.1166542],[17.0845728,51.1166549],[17.0845868,51.1166557],[17.0846006,51.1166567],[17.0846145,51.1166576],[17.0846283,51.1166586],[17.0846421,51.1166596],[17.0846559,51.1166605],[17.0846698,51.1166615],[17.0846836,51.1166625],[17.0846974,51.1166634],[17.0847112,51.1166644],[17.0847251,51.1166654],[17.0847389,51.1166663],[17.0847527,51.1166673],[17.0847666,51.1166683],[17.0847804,51.1166692],[17.0847942,51.1166702],[17.084808,51.1166711],[17.0848219,51.1166721],[17.0848357,51.1166731],[17.0848495,51.116674],[17.0848634,51.116675],[17.0848772,51.116676],[17.084891,51.1166769],[17.0849048,51.1166779],[17.0849187,51.1166789],[17.0849325,51.1166798],[17.0849463,51.1166808],[17.0849601,51.1166818],[17.084974,51.1166827],[17.0849878,51.1166837],[17.0850018,51.1166848],[17.0850157,51.1166858],[17.0850297,51.1166869],[17.0850437,51.116688],[17.0850577,51.116689],[17.0850716,51.1166901],[17.0850856,51.1166911],[17.0850996,51.1166922],[17.0851135,51.1166933],[17.0851275,51.1166943],[17.0851415,51.1166954],[17.0851555,51.1166965],[17.0851694,51.1166975],[17.0851834,51.1166986],[17.0851974,51.1166997],[17.0852114,51.1167007],[17.0852253,51.1167018],[17.0852393,51.1167029],[17.0852533,51.1167039],[17.0852672,51.116705],[17.0852812,51.116706],[17.0852952,51.1167071],[17.0853092,51.1167082],[17.0853231,51.1167092],[17.0853371,51.1167103],[17.0853511,51.1167114],[17.0853651,51.1167124],[17.085379,51.1167135],[17.085393,51.1167146],[17.085407,51.1167156],[17.0854209,51.1167167],[17.0854349,51.1167177],[17.0854489,51.1167188],[17.0854629,51.1167199],[17.0854768,51.1167209],[17.0854908,51.116722],[17.0855048,51.116723],[17.0855188,51.116724],[17.0855328,51.1167249],[17.0855468,51.1167259],[17.0855607,51.1167269],[17.0855747,51.1167279],[17.0855887,51.1167289],[17.0856027,51.1167299],[17.0856167,51.1167308],[17.0856307,51.1167318],[17.0856447,51.1167328],[17.0856587,51.1167338],[17.0856727,51.1167348],[17.0856866,51.1167357],[17.0857006,51.1167367],[17.0857146,51.1167377],[17.0857286,51.1167387],[17.0857426,51.1167397],[17.0857566,51.1167406],[17.0857706,51.1167416],[17.0858139,51.1167319]]}},{"type":"Feature","properties":{"layer":"roads"},"geometry":{"type":"LineString","coordinates":[[17.0858139,51.1167319],[17.0857939,51.1167076],[17.0857833,51.1167018],[17.0857726,51.116696],[17.085762,51.1166901],[17.0857513,51.1166843],[17.0857407,51.1166785],[17.08573,51.1166726],[17.0857194,51.1166668],[17.0857087,51.1166609],[17.0856981,51.1166551],[17.0856874,51.1166493],[17.0856768,51.1166434],[17.0856661,51.1166376],[17.0856555,51.1166318],[17.0856448,51.1166259],[17.0856342,51.1166201],[17.0856235,51.1166143],[17.0856128,51.1166084],[17.0856022,51.1166026],[17.0855915,51.1165967],[17.0855809,51.1165909],[17.0855702,51.1165851],[17.0855596,51.1165792],[17.0855489,51.1165734],[17.0855383,51.1165676],[17.0855276,51.1165617],[17.085517,51.1165559],[17.0855063,51.11655],[17.0854957,51.1165442],[17.085485,51.1165384],[17.0854744,51.1165325],[17.0854637,51.1165267],[17.0854531,51.1165209],[17.0854424,51.116515],[17.0854318,51.1165092],[17.0854211,51.1165033],[17.0854105,51.1164975],[17.0853998,51.1164917],[17.0853892,51.1164858],[17.0853785,51.11648],[17.085368,51.1164739],[17.0853576,51.1164678],[17.0853471,51.1164617],[17.0853367,51.1164556],[17.0853262,51.1164495],[17.0853157,51.1164434],[17.0853053,51.1164373],[17.0852948,51.1164312],[17.0852843,51.1164251],[17.0852739,51.116419],[17.0852634,51.1164129],[17.085253,51.1164068],[17.0852425,51.1164007],[17.085232,51.1163946],[17.0852216,51.1163885],[17.0852111,51.1163824],[17.0852006,51.1163763],[17.0851902,51.1163702],[17.0851797,51.116364],[17.0851692,51.1163579],[17.0851588,51.1163518],[17.0851483,51.1163457],[17.0851379,51.1163396],[17.0851274,51.1163335],[17.0851169,51.1163274],[17.0851065,51.1163213],[17.085096,51.1163152],[17.0850856,51.1163091],[17.0850751,51.116303],[17.0850646,51.1162969],[17.0850542,51.1162908],[17.0850437,51.1162847],[17.0850332,51.1162786],[17.0850228,51.1162725],[17.0850123,51.1162664],[17.0850019,51.1162603],[17.0849914,51.1162542],[17.0849809,51.1162481],[17.0849705,51.116242],[17.08496,51.1162359],[17.0849495,51.1162298],[17.0849391,51.1162237],[17.0849286,51.1162176],[17.0849182,51.1162115],[17.0849077,51.1162054],[17.0848972,51.1161993],[17.0848868,51.1161932],[17.0848763,51.1161871],[17.0848658,51.116181],[17.0848554,51.1161749],[17.0848449,51.1161688],[17.0848345,51.1161627],[17.084824,51.1161566],[17.0848135,51.1161504],[17.0848031,51.1161443],[17.0847926,51.1161382],[17.0847821,51.1161321],[17.0847717,51.116126],[17.0847612,51.1161199],[17.0847508,51.1161138],[17.0847403,51.1161077],[17.0847298,51.1161016],[17.0847194,51.1160955],[17.0847089,51.1160894],[17.0846984,51.1160833],[17.084688,51.1160772],[17.0846775,51.1160711],[17.0846399,51.116045]]}},{"type":"Feature","properties":{"layer":"roads"},"geometry":{"type":"LineString","coordinates":[[17.089941,51.1138825],[17.08991,51.1139023],[17.0898968,51.1139053],[17.0898835,51.1139083],[17.0898713,51.1139127],[17.0898592,51.1139171],[17.089847,51.1139215],[17.0898348,51.1139259],[17.0898226,51.1139303],[17.0898105,51.1139347],[17.0897983,51.1139391],[17.0897861,51.1139435],[17.0897739,51.1139479],[17.0897618,51.1139524],[17.0897496,51.1139568],[17.0897374,51.1139612],[17.0897252,51.1139656],[17.0897131,51.11397],[17.0897009,51.1139744],[17.0896887,51.1139788],[17.0896765,51.1139832],[17.0896644,51.1139876],[17.0896522,51.113992],[17.0896408,51.113997],[17.0896294,51.114002],[17.089618,51.114007],[17.0896066,51.1140119],[17.0895952,51.1140169],[17.0895839,51.1140219],[17.0895725,51.1140269],[17.0895611,51.1140319],[17.0895497,51.1140369],[17.0895383,51.1140419],[17.0895269,51.1140469],[17.0895155,51.1140518],[17.0895041,51.1140568],[17.0894927,51.1140618],[17.0894813,51.1140668],[17.0894699,51.1140718],[17.0894586,51.1140768],[17.0894472,51.1140818],[17.0894358,51.1140867],[17.0894244,51.1140917],[17.089413,51.1140967],[17.0894016,51.1141017],[17.0893913,51.1141075],[17.089381,51.1141132],[17.0893708,51.114119],[17.0893605,51.1141247],[17.0893502,51.1141305],[17.0893399,51.1141363],[17.0893296,51.114142],[17.0893193,51.1141478],[17.0893091,51.1141535],[17.0892988,51.1141593],[17.0892885,51.114165],[17.0892782,51.1141708],[17.0892679,51.1141766],[17.0892576,51.1141823],[17.0892474,51.1141881],[17.0892371,51.1141938],[17.0892268,51.1141996],[17.0892175,51.1142064],[17.0892082,51.1142132],[17.0891989,51.11422],[17.0891896,51.1142268],[17.0891803,51.1142336],[17.089171,51.1142404],[17.0891617,51.1142472],[17.0891524,51.114254],[17.0891431,51.1142608],[17.0891338,51.1142676],[17.0891245,51.1142744],[17.0891152,51.1142812],[17.0891059,51.114288],[17.0890966,51.1142948],[17.0890873,51.1143016],[17.089078,51.1143084],[17.0890687,51.1143152],[17.0890594,51.114322],[17.0890501,51.1143288],[17.0890408,51.1143356],[17.0890337,51.1143433],[17.0890267,51.114351],[17.0890196,51.1143587],[17.0890125,51.1143664],[17.0890054,51.1143741],[17.0889984,51.1143819],[17.0889913,51.1143896],[17.0889842,51.1143973],[17.0889772,51.114405],[17.0889701,51.1144127],[17.088963,51.1144204],[17.0889559,51.1144281],[17.0889489,51.1144358],[17.0889418,51.1144435],[17.0889347,51.1144512],[17.0889277,51.114459],[17.0889206,51.1144667],[17.0889135,51.1144744],[17.0889064,51.1144821],[17.0888994,51.1144898],[17.0888923,51.1144975],[17.0888861,51.1145044],[17.0888799,51.1145113],[17.0888737,51.1145182],[17.0888675,51.114525],[17.0888613,51.1145319],[17.0888551,51.1145388],[17.0888489,51.1145457],[17.0888445,51.1145539],[17.0888402,51.1145622],[17.0888358,51.1145704],[17.0888315,51.1145787],[17.0888271,51.1145869],[17.0888228,51.1145952],[17.0888184,51.1146034],[17.0888141,51.1146117],[17.0888097,51.1146199],[17.0888053,51.1146281],[17.088801,51.1146364],[17.0887966,51.1146446],[17.0887923,51.1146529],[17.0887879,51.1146611],[17.0887836,51.1146694],[17.0887792,51.1146776],[17.0887749,51.1146859],[17.0887705,51.1146941],[17.0887658,51.1147022],[17.0887611,51.1147103],[17.0887564,51.1147185],[17.0887517,51.1147266],[17.088747,51.1147347],[17.0887423,51.1147428],[17.0887376,51.1147509],[17.0887329,51.114759],[17.0887282,51.1147672],[17.0887235,51.1147753],[17.0887188,51.1147834],[17.0887142,51.1147915],[17.0887095,51.1147996],[17.0887048,51.1148078],[17.0887001,51.1148159],[17.0886954,51.114824],[17.0886907,51.1148321],[17.088686,51.1148402],[17.0886813,51.1148483],[17.0886766,51.1148565],[17.0886719,51.1148646],[17.0886672,51.1148727],[17.0886625,51.1148812],[17.0886578,51.1148897],[17.0886531,51.1148981],[17.0886484,51.1149066],[17.0886437,51.1149151],[17.088639,51.1149236],[17.0886342,51.114932],[17.0886295,51.1149405],[17.0886248,51.114949],[17.0886201,51.1149575],[17.0886154,51.1149659],[17.0886107,51.1149744],[17.088606,51.1149829],[17.0886013,51.1149914],[17.0885966,51.1149998],[17.0885919,51.1150083],[17.0885872,51.1150168],[17.0885825,51.1150253],[17.0885777,51.1150337],[17.088573,51.1150422],[17.0885683,51.1150507],[17.0885636,51.1150592],[17.0885589,51.1150676],[17.0885542,51.1150761],[17.0885495,51.1150846],[17.0885414,51.1151134]]}},{"type":"Feature","properties":{"layer":"roads"},"geometry":{"type":"LineString","coordinates":[[17.089941,51.1138825],[17.0899887,51.113879],[17.0900022,51.1138778],[17.0900158,51.1138765],[17.0900434,51.1138758],[17.0900855,51.1138774],[17.0900995,51.1138779],[17.0901136,51.1138784],[17.0901276,51.1138789],[17.0901416,51.1138794],[17.0901556,51.11388],[17.0901697,51.1138805],[17.0901837,51.113881],[17.0901942,51.1138763],[17.0902046,51.1138716],[17.0902533,51.1138552]]}},{"type":"Feature","properties":{"layer":"roads"},"geometry":{"type":"LineString","coordinates":[[17.089941,51.1138825],[17.0898904,51.1138701],[17.0898765,51.1138696],[17.0898626,51.1138691],[17.0898487,51.1138685],[17.0898348,51.113868],[17.0898209,51.1138675],[17.0898071,51.113867],[17.0897932,51.1138665],[17.0897793,51.113866],[17.0897654,51.1138654],[17.0897515,51.1138649],[17.0897376,51.1138644],[17.0897237,51.1138639],[17.0897098,51.1138634],[17.0896959,51.1138628],[17.089682,51.1138623],[17.0896681,51.1138618],[17.0896542,51.1138613],[17.0896403,51.1138608],[17.0896264,51.1138602],[17.0896125,51.1138597],[17.0895986,51.1138592],[17.0895847,51.1138589],[17.0895708,51.1138586],[17.0895569,51.1138584],[17.0895429,51.1138581],[17.089529,51.1138578],[17.0895151,51.1138575],[17.0895012,51.1138572],[17.0894873,51.113857],[17.0894734,51.1138567],[17.0894594,51.1138564],[17.0894455,51.1138561],[17.0894316,51.1138558],[17.0894177,51.1138555],[17.0894038,51.1138553],[17.0893899,51.113855],[17.089376,51.1138547],[17.089362,51.1138544],[17.0893481,51.1138541],[17.0893342,51.1138539],[17.0893203,51.1138536],[17.0893064,51.1138533],[17.0892925,51.113853],[17.0892785,51.1138527],[17.0892646,51.1138525],[17.0892507,51.1138522],[17.0892368,51.1138519],[17.0892232,51.1138514],[17.0892096,51.1138508],[17.089196,51.1138503],[17.0891825,51.1138498],[17.0891689,51.1138493],[17.0891553,51.1138487],[17.0891417,51.1138482],[17.0891281,51.1138477],[17.0891145,51.1138471],[17.0891009,51.1138466],[17.0890874,51.1138461],[17.0890738,51.1138456],[17.0890602,51.113845],[17.0890466,51.1138445],[17.0890167,51.1138239]]}},{"type":"Feature","properties":{"layer":"roads"},"geometry":{"type":"LineString","coordinates":[[17.0885414,51.1151134],[17.0885892,51.1151245],[17.0885983,51.1151283],[17.0886073,51.1151322],[17.0886163,51.1151361],[17.0886279,51.1151412],[17.0886394,51.1151464],[17.088651,51.1151515],[17.0886625,51.1151566],[17.0886741,51.1151618],[17.0886856,51.1151669],[17.0886945,51.1151728],[17.0887034,51.1151786],[17.0887123,51.1151845],[17.0887212,51.1151903],[17.0887302,51.1151962],[17.0887391,51.115202],[17.088748,51.1152079],[17.0887569,51.1152137],[17.0887658,51.1152196],[17.0887785,51.1152235],[17.0887912,51.1152274],[17.0888039,51.1152313],[17.0888166,51.1152352],[17.0888293,51.115239],[17.088842,51.1152429],[17.0888547,51.1152468],[17.0888674,51.1152507],[17.0888801,51.1152546],[17.0888928,51.1152585],[17.0889055,51.1152624],[17.0889182,51.1152663],[17.0889309,51.1152702],[17.0889436,51.1152741],[17.0889563,51.115278],[17.088969,51.1152818],[17.0889817,51.1152857],[17.0889944,51.1152896],[17.0890071,51.1152935],[17.0890198,51.1152974],[17.0890325,51.1153013],[17.0890452,51.1153052],[17.0890579,51.1153091],[17.0890706,51.115313],[17.0890833,51.1153168],[17.089096,51.1153207],[17.0891087,51.1153246],[17.0891508,51.1153432]]}},{"type":"Feature","properties":{"layer":"roads"},"geometry":{"type":"LineString","coordinates":[[17.0785274,51.1139673],[17.0785026,51.1139343],[17.078498,51.1139258],[17.0784933,51.1139173],[17.0784887,51.1139089],[17.078484,51.1139004],[17.0784794,51.1138919],[17.0784747,51.1138834],[17.0784701,51.1138749],[17.0784654,51.1138664],[17.0784608,51.1138579],[17.0784571,51.1138496],[17.0784535,51.1138412],[17.0784498,51.1138329],[17.0784462,51.1138245],[17.0784425,51.1138162],[17.0784389,51.1138078],[17.0784352,51.1137995],[17.0784316,51.1137911],[17.0784279,51.1137828],[17.0784243,51.1137744],[17.0784206,51.1137661],[17.078417,51.1137578],[17.0784134,51.1137494],[17.0784097,51.1137411],[17.0784061,51.1137327],[17.0784024,51.1137244],[17.0783988,51.113716],[17.0783951,51.1137077],[17.0783805,51.1136741]]}},{"type":"Feature","properties":{"layer":"roads"},"geometry":{"type":"LineString","coordinates":[[17.0785274,51.1139673],[17.078479,51.1139733],[17.0784649,51.113975],[17.0784509,51.1139766],[17.0784368,51.1139783],[17.0784227,51.11398],[17.0784087,51.1139816],[17.0783946,51.1139833],[17.0783806,51.113985],[17.0783665,51.1139866],[17.0783524,51.1139883],[17.0783384,51.11399],[17.0783243,51.1139917],[17.0783102,51.1139933],[17.0782962,51.113995],[17.0782821,51.1139967],[17.078268,51.1139983],[17.078254,51.114],[17.0782399,51.1140017],[17.0782258,51.1140033],[17.0782118,51.114005],[17.0781977,51.1140067],[17.0781836,51.1140083],[17.0781696,51.11401],[17.0781555,51.1140117],[17.0781415,51.1140133],[17.0781274,51.114015],[17.0781133,51.1140167],[17.0780993,51.1140183],[17.0780852,51.11402],[17.0780711,51.1140217],[17.0780571,51.1140233],[17.078043,51.114025],[17.0780289,51.1140267],[17.0780149,51.1140283],[17.0780008,51.11403],[17.0779867,51.1140317],[17.0779727,51.1140334],[17.0779586,51.114035],[17.0779446,51.1140367],[17.0779305,51.1140384],[17.0779164,51.11404],[17.0779024,51.1140417],[17.0778883,51.1140434],[17.0778742,51.114045],[17.0778602,51.1140467],[17.0778461,51.1140484],[17.077832,51.11405],[17.077818,51.1140517],[17.0778039,51.1140534],[17.0777898,51.114055],[17.0777758,51.1140567],[17.0777617,51.1140584],[17.0777476,51.11406],[17.0777336,51.1140617],[17.0777195,51.1140634],[17.0777055,51.114065],[17.0776914,51.1140667],[17.0776773,51.1140684],[17.0776633,51.1140701],[17.0776492,51.1140717],[17.0776351,51.1140734],[17.0776211,51.1140751],[17.077607,51.1140767],[17.0775929,51.1140784],[17.0775789,51.1140801],[17.0775648,51.1140817],[17.0775507,51.1140834],[17.0775367,51.1140851],[17.0775226,51.1140867],[17.0775086,51.1140884],[17.0774945,51.1140901],[17.0774804,51.1140917],[17.0774664,51.1140934],[17.0774523,51.1140951],[17.0774382,51.1140967],[17.0774242,51.1140984],[17.0774101,51.1141001],[17.077396,51.1141017],[17.077382,51.1141034],[17.0773679,51.1141051],[17.0773538,51.1141067],[17.0773398,51.1141084],[17.0773257,51.1141101],[17.0773116,51.1141118],[17.0772976,51.1141134],[17.0772835,51.1141151],[17.0772695,51.1141168],[17.0772554,51.1141184],[17.0772413,51.1141201],[17.0772273,51.1141218],[17.0772132,51.1141234],[17.0771991,51.1141251],[17.0771851,51.1141268],[17.077171,51.1141284],[17.0771569,51.1141301],[17.0771429,51.1141318],[17.0771288,51.1141334],[17.0771147,51.1141351],[17.0771007,51.1141368],[17.0770866,51.1141384],[17.0770725,51.1141401],[17.0770585,51.1141418],[17.0770444,51.1141434],[17.0770304,51.1141451],[17.0770163,51.1141468],[17.0770022,51.1141485],[17.0769882,51.1141501],[17.0769741,51.1141518],[17.07696,51.1141535],[17.076946,51.1141551],[17.0769319,51.1141568],[17.0769178,51.1141585],[17.0769038,51.1141601],[17.0768897,51.1141618],[17.0768756,51.1141635],[17.0768616,51.1141651],[17.0768475,51.1141668],[17.0768335,51.1141685],[17.0768194,51.1141701],[17.0768053,51.1141718],[17.0767913,51.1141735],[17.0767772,51.1141751],[17.0767631,51.1141768],[17.0767491,51.1141785],[17.076735,51.1141801],[17.0767209,51.1141818],[17.0767069,51.1141835],[17.0766928,51.1141851],[17.0766787,51.1141868],[17.0766647,51.1141885],[17.0766506,51.1141902],[17.0766365,51.1141918],[17.0766225,51.1141935],[17.0766084,51.1141952],[17.0765944,51.1141968],[17.0765803,51.1141985],[17.0765662,51.1142002],[17.0765522,51.1142018],[17.0765381,51.1142035],[17.076524,51.1142052],[17.07651,51.1142068],[17.0764959,51.1142085],[17.0764822,51.1142106],[17.0764685,51.1142128],[17.0764548,51.1142149],[17.076441,51.114217],[17.0764273,51.1142192],[17.0764136,51.1142213],[17.0763999,51.1142234],[17.0763862,51.1142256],[17.0763725,51.1142277],[17.0763587,51.1142298],[17.076345,51.1142319],[17.0763313,51.1142341],[17.0763176,51.1142362],[17.0763039,51.1142383],[17.0762902,51.1142405],[17.0762764,51.1142426],[17.0762627,51.1142447],[17.076249,51.1142469],[17.0762353,51.114249],[17.0762227,51.114252],[17.0762101,51.114255],[17.0761975,51.114258],[17.0761849,51.114261],[17.0761722,51.1142639],[17.0761596,51.1142669],[17.076147,51.1142699],[17.0761344,51.1142729],[17.0761218,51.1142759],[17.0761112,51.1142798],[17.0760688,51.1142952]]}},{"type":"Feature","properties":{"layer":"roads"},"geometry":{"type":"LineString","coordinates":[[17.0785274,51.1139673],[17.0785767,51.1139597],[17.0785906,51.1139576],[17.0786044,51.1139554],[17.0786183,51.1139533],[17.0786322,51.1139512],[17.078646,51.113949],[17.0786599,51.1139469],[17.0786738,51.1139447],[17.0786876,51.1139426],[17.0787015,51.1139404],[17.0787154,51.1139383],[17.0787293,51.1139361],[17.0787431,51.113934],[17.078757,51.1139319],[17.0787709,51.1139297],[17.0787847,51.1139276],[17.0787986,51.1139254],[17.0788125,51.1139233],[17.0788263,51.1139211],[17.0788402,51.113919],[17.0788541,51.1139169],[17.078868,51.1139147],[17.0788818,51.1139126],[17.0788957,51.1139104],[17.0789096,51.1139083],[17.0789234,51.1139061],[17.0789373,51.113904],[17.0789512,51.1139018],[17.0789651,51.1138997],[17.0789789,51.1138976],[17.0789928,51.1138954],[17.0790067,51.1138933],[17.0790205,51.1138911],[17.0790344,51.113889],[17.0790483,51.1138868],[17.0790621,51.1138847],[17.079076,51.1138826],[17.0790899,51.1138804],[17.0791038,51.1138783],[17.0791176,51.1138761],[17.0791315,51.113874],[17.0791454,51.1138718],[17.0791592,51.1138697],[17.0791731,51.1138675],[17.079187,51.1138654],[17.0792009,51.1138633],[17.0792147,51.1138611],[17.0792286,51.113859],[17.0792425,51.1138568],[17.0792563,51.1138547],[17.0792702,51.1138525],[17.0792841,51.1138504],[17.0792979,51.1138483],[17.0793118,51.1138461],[17.0793257,51.113844],[17.0793396,51.1138418],[17.0793534,51.1138397],[17.0793673,51.1138375],[17.0793812,51.1138354],[17.079395,51.1138332],[17.0794089,51.1138311],[17.0794228,51.113829],[17.0794366,51.1138268],[17.0794505,51.1138247],[17.0794644,51.1138225],[17.0795122,51.1138088]]}},{"type":"Feature","properties":{"layer":"roads"},"geometry":{"type":"LineString","coordinates":[[17.0785274,51.1139673],[17.0785377,51.114002],[17.0785418,51.1140104],[17.0785459,51.1140188],[17.07855,51.1140272],[17.0785541,51.1140356],[17.0785583,51.1140441],[17.0785624,51.1140525],[17.0785665,51.1140609],[17.0785706,51.1140693],[17.0785747,51.1140777],[17.0785789,51.1140862],[17.078583,51.1140946],[17.0785871,51.114103],[17.0785912,51.1141114],[17.0785953,51.1141198],[17.0785994,51.1141282],[17.0786036,51.1141367],[17.0786077,51.1141451],[17.0786118,51.1141535],[17.0786159,51.1141619],[17.07862,51.1141703],[17.0786242,51.1141788],[17.0786283,51.1141872],[17.0786324,51.1141956],[17.0786365,51.114204],[17.0786406,51.1142124],[17.0786618,51.1142429]]}},{"type":"Feature","properties":{"layer":"roads"},"geometry":{"type":"LineString","coordinates":[[17.0819753,51.1193661],[17.0819635,51.1193397],[17.0819585,51.119332],[17.0819536,51.1193244],[17.0819486,51.1193167],[17.0819436,51.1193091],[17.0819386,51.1193015],[17.0819337,51.1192938],[17.0819287,51.1192862],[17.0819231,51.1192784],[17.0819175,51.1192706],[17.0819118,51.1192628],[17.0819062,51.119255],[17.0819006,51.1192472],[17.081895,51.1192394],[17.0818894,51.1192316],[17.0818837,51.1192238],[17.0818781,51.1192159],[17.0818725,51.1192081],[17.0818669,51.1192003],[17.0818613,51.1191925],[17.0818557,51.1191847],[17.08185,51.1191769],[17.0818444,51.1191691],[17.0818388,51.1191613],[17.0818326,51.1191534],[17.0818264,51.1191455],[17.0818202,51.1191376],[17.081814,51.1191297],[17.0818078,51.1191218],[17.0818016,51.1191139],[17.0817954,51.119106],[17.0817892,51.119098],[17.081783,51.1190901],[17.0817768,51.1190822],[17.0817706,51.1190743],[17.0817644,51.1190664],[17.0817582,51.1190585],[17.081752,51.1190506],[17.0817459,51.1190427],[17.0817397,51.1190348],[17.0817335,51.1190269],[17.0817273,51.119019],[17.0817211,51.1190111],[17.0817149,51.1190032],[17.0817087,51.1189953],[17.0817025,51.1189874],[17.0816963,51.1189794],[17.0816901,51.1189715],[17.0816839,51.1189636],[17.0816777,51.1189557],[17.0816438,51.118937]]}},{"type":"Feature","properties":{"layer":"roads"},"geometry":{"type":"LineString","coordinates":[[17.0816438,51.118937],[17.0816052,51.1189504],[17.0815935,51.1189547],[17.0815818,51.1189589],[17.0815701,51.1189631],[17.0815584,51.1189673],[17.0815468,51.1189716],[17.0815351,51.1189758],[17.0814787,51.1189796]]}},{"type":"Feature","properties":{"layer":"roads"},"geometry":{"type":"LineString","coordinates":[[17.0816438,51.118937],[17.0816399,51.1189084],[17.0816334,51.1189006],[17.0816269,51.1188928],[17.0816204,51.1188849],[17.0816139,51.1188771],[17.0816074,51.1188693],[17.0816009,51.1188614],[17.0815943,51.1188536],[17.0815878,51.1188458],[17.0815813,51.1188379],[17.0815748,51.1188301],[17.0815683,51.1188223],[17.0815618,51.1188144],[17.0815553,51.1188066],[17.0815488,51.1187988],[17.0815423,51.1187909],[17.0815358,51.1187831],[17.0815293,51.1187752],[17.0815228,51.1187674],[17.0815163,51.1187596],[17.0815098,51.1187517],[17.0815033,51.1187439],[17.0814968,51.1187361],[17.0814903,51.1187282],[17.0814838,51.1187204],[17.0814772,51.1187126],[17.0814707,51.1187047],[17.0814642,51.1186969],[17.0814577,51.1186891],[17.0814512,51.1186812],[17.0814447,51.1186734],[17.0814382,51.1186656],[17.0814317,51.1186577],[17.0814252,51.1186499],[17.0814177,51.1186422],[17.0814102,51.1186346],[17.0814028,51.1186269],[17.0813953,51.1186193],[17.0813878,51.1186116],[17.0813803,51.118604],[17.0813729,51.1185963],[17.0813654,51.1185887],[17.0813579,51.118581],[17.0813504,51.1185734],[17.081343,51.1185657],[17.0813355,51.1185581],[17.081328,51.1185504],[17.0813205,51.1185428],[17.0813131,51.1185351],[17.0813056,51.1185275],[17.0812981,51.1185198],[17.0812906,51.1185122],[17.0812832,51.1185045],[17.0812757,51.1184969],[17.0812682,51.1184892],[17.0812607,51.1184816],[17.0812533,51.1184739],[17.0812458,51.1184663],[17.0812383,51.1184586],[17.0812308,51.118451],[17.0812234,51.1184433],[17.0812159,51.1184357],[17.0812084,51.118428],[17.0812004,51.1184208],[17.0811924,51.1184137],[17.0811844,51.1184065],[17.0811764,51.1183993],[17.0811684,51.1183922],[17.0811604,51.118385],[17.0811524,51.1183778],[17.0811444,51.1183707],[17.0811364,51.1183635],[17.0811284,51.1183563],[17.0811204,51.1183492],[17.0811124,51.118342],[17.0811044,51.1183348],[17.0810964,51.1183276],[17.0810883,51.1183205],[17.0810803,51.1183133],[17.0810723,51.1183061],[17.0810643,51.118299],[17.0810563,51.1182918],[17.0810483,51.1182846],[17.0810403,51.1182775],[17.0810323,51.1182703],[17.0810243,51.1182631],[17.0810163,51.118256],[17.0810083,51.1182488],[17.0810003,51.1182416],[17.0809923,51.1182345],[17.0809843,51.1182273],[17.0809781,51.1182197],[17.080972,51.118212],[17.0809658,51.1182044],[17.0809596,51.1181968],[17.0809535,51.1181891],[17.0809473,51.1181815],[17.0809411,51.1181739],[17.0809349,51.1181663],[17.0809288,51.1181586],[17.0809226,51.118151],[17.0809164,51.1181434],[17.0809103,51.1181357],[17.0809041,51.1181281],[17.0808991,51.1181203],[17.080894,51.1181125],[17.080889,51.1181047],[17.0808839,51.1180969],[17.0808788,51.1180892],[17.0808738,51.1180814],[17.0808687,51.1180736],[17.0808637,51.1180658],[17.0808596,51.1180579],[17.0808555,51.11805],[17.0808514,51.1180421],[17.0808473,51.1180342],[17.0808432,51.1180262],[17.0808391,51.1180183],[17.080835,51.1180104],[17.0808215,51.1179828]]}},{"type":"Feature","properties":{"layer":"roads"},"geometry":{"type":"LineString","coordinates":[[17.0808215,51.1179828],[17.0808144,51.1179516],[17.0808123,51.1179429],[17.0808102,51.1179341],[17.0808082,51.1179254],[17.0808061,51.1179166],[17.080804,51.1179078],[17.0808019,51.1178991],[17.0807998,51.1178903],[17.0807978,51.1178815],[17.0807957,51.1178728],[17.0807936,51.117864],[17.0807915,51.1178552],[17.0807895,51.1178465],[17.0807874,51.1178377],[17.0807853,51.117829],[17.0807832,51.1178202],[17.0807812,51.1178114],[17.0807791,51.1178027],[17.080777,51.1177939],[17.08078,51.1177853],[17.0807829,51.1177766],[17.0807859,51.117768],[17.0807889,51.1177593],[17.0807918,51.1177507],[17.0807948,51.1177421],[17.0807977,51.1177334],[17.0808007,51.1177248],[17.0808037,51.1177161],[17.0808066,51.1177075],[17.0808096,51.1176989],[17.0808126,51.1176902],[17.0808155,51.1176816],[17.0808185,51.1176729],[17.0808214,51.1176643],[17.0808244,51.1176556],[17.0808274,51.117647],[17.0808303,51.1176384],[17.0808333,51.1176297],[17.0808363,51.1176211],[17.0808392,51.1176124],[17.0808422,51.1176038],[17.0808451,51.1175952],[17.0808481,51.1175865],[17.0808511,51.1175779],[17.080854,51.1175692],[17.080857,51.1175606],[17.0808625,51.1175525],[17.0808679,51.1175443],[17.0808734,51.1175362],[17.0808788,51.1175281],[17.0808843,51.11752],[17.0808897,51.1175118],[17.0808952,51.1175037],[17.080901,51.1174956],[17.0809068,51.1174876],[17.0809126,51.1174795],[17.0809184,51.1174714],[17.0809242,51.1174634],[17.08093,51.1174553],[17.0809358,51.1174473],[17.0809416,51.1174392],[17.0809495,51.1174318],[17.0809575,51.1174243],[17.0809654,51.1174169],[17.0809733,51.1174095],[17.0809812,51.1174021],[17.0809892,51.1173946],[17.0809971,51.1173872],[17.081005,51.1173798],[17.0810129,51.1173724],[17.0810209,51.1173649],[17.0810288,51.1173575],[17.0810371,51.1173506],[17.0810454,51.1173436],[17.0810537,51.1173367],[17.0810619,51.1173298],[17.0810702,51.1173229],[17.0810785,51.1173159],[17.0810868,51.117309],[17.0810951,51.1173021],[17.0811034,51.1172951],[17.0811117,51.1172882],[17.0811199,51.1172813],[17.0811282,51.1172744],[17.0811365,51.1172674],[17.0811448,51.1172605],[17.0811518,51.1172529],[17.0811588,51.1172453],[17.0811659,51.1172377],[17.0811729,51.1172301],[17.0811799,51.1172225],[17.0811869,51.117215],[17.0811939,51.1172074],[17.0812009,51.1171998],[17.081208,51.1171922],[17.081215,51.1171846],[17.081222,51.117177],[17.0812252,51.1171483]]}},{"type":"Feature","properties":{"layer":"roads"},"geometry":{"type":"LineString","coordinates":[[17.0808215,51.1179828],[17.0808719,51.1179756],[17.0808841,51.1179728],[17.0809333,51.1179617]]}},{"type":"Feature","properties":{"layer":"roads"},"geometry":{"type":"LineString","coordinates":[[17.0808215,51.1179828],[17.0807717,51.1179991],[17.0807589,51.1180022],[17.0807461,51.1180053],[17.0807334,51.1180084],[17.0807206,51.1180115],[17.0807078,51.1180146],[17.0806951,51.1180177],[17.0806823,51.1180208],[17.0806696,51.1180239],[17.0806568,51.118027],[17.080644,51.1180301],[17.0806068,51.1180622]]}},{"type":"Feature","properties":{"layer":"roads"},"geometry":{"type":"LineString","coordinates":[[17.0796889,51.1050666],[17.0797046,51.1050198],[17.0797064,51.1050116],[17.0797081,51.1050033],[17.0797099,51.1049951],[17.0797119,51.1049865],[17.0797139,51.1049779],[17.079716,51.1049693],[17.0797115,51.1049417]]}},{"type":"Feature","properties":{"layer":"roads"},"geometry":{"type":"LineString","coordinates":[[17.0796889,51.1050666],[17.0797339,51.1050718],[17.0797465,51.1050756],[17.079759,51.1050793],[17.0797716,51.1050831],[17.0797842,51.1050869],[17.0797968,51.1050907],[17.0798094,51.1050944],[17.0798219,51.1050982],[17.0798345,51.105102],[17.0798471,51.1051057],[17.0798597,51.1051095],[17.0798723,51.1051133],[17.0798849,51.1051171],[17.0798974,51.1051208],[17.07991,51.1051246],[17.0799226,51.1051284],[17.0799337,51.1051334],[17.0799448,51.1051383],[17.0799558,51.1051433],[17.0799669,51.1051483],[17.079978,51.1051533],[17.0799891,51.1051582],[17.0800001,51.1051632],[17.0800112,51.1051682],[17.0800223,51.1051731],[17.0800334,51.1051781],[17.0800444,51.1051831],[17.0800555,51.105188],[17.0800666,51.105193],[17.0800777,51.105198],[17.0800887,51.105203],[17.0800998,51.1052079],[17.0801109,51.1052129],[17.0801189,51.1052197],[17.080127,51.1052266],[17.080135,51.1052334],[17.0801431,51.1052402],[17.0801511,51.105247],[17.0801592,51.1052539],[17.0801672,51.1052607],[17.0801753,51.1052675],[17.0801833,51.1052743],[17.0801914,51.1052812],[17.0801994,51.105288],[17.0802074,51.1052943],[17.0802154,51.1053007],[17.0802234,51.105307],[17.0802314,51.1053134],[17.0802394,51.1053197],[17.0802474,51.1053261],[17.0802554,51.1053324],[17.0802634,51.1053388],[17.0802714,51.1053451],[17.0802753,51.105353],[17.0802791,51.1053608],[17.080283,51.1053687],[17.0802868,51.1053766],[17.0802907,51.1053845],[17.0802945,51.1053923],[17.0802984,51.1054002],[17.0802975,51.1054087],[17.0802967,51.1054172],[17.0802958,51.1054257],[17.080295,51.1054342],[17.0802941,51.1054427],[17.0802932,51.1054512],[17.0802924,51.1054597],[17.0802915,51.1054682],[17.0802906,51.1054767],[17.0802898,51.1054852],[17.0802889,51.1054937],[17.0802881,51.1055022],[17.0802872,51.1055107],[17.0802968,51.1055174],[17.0803064,51.105524],[17.080316,51.1055307],[17.0803255,51.1055373],[17.0803351,51.105544],[17.0803447,51.1055507],[17.0803543,51.1055573],[17.0803639,51.105564],[17.0803735,51.1055707],[17.080383,51.1055773],[17.0803926,51.105584],[17.0804022,51.1055906],[17.0804118,51.1055973],[17.0804204,51.1056023],[17.080429,51.1056072],[17.0804376,51.1056122],[17.0804481,51.1056182],[17.0804585,51.1056243],[17.080469,51.1056303],[17.0804795,51.1056363],[17.0804899,51.1056424],[17.0805004,51.1056484],[17.0805109,51.1056544],[17.0805213,51.1056605],[17.0805318,51.1056665],[17.0805423,51.1056725],[17.0805528,51.1056786],[17.0805632,51.1056846],[17.0805737,51.1056906],[17.0805842,51.1056966],[17.0805946,51.1057027],[17.0806051,51.1057087],[17.0806156,51.1057147],[17.080626,51.1057208],[17.0806365,51.1057268],[17.080647,51.1057328],[17.0806574,51.1057389],[17.0806679,51.1057449],[17.0806773,51.1057511],[17.0806868,51.1057574],[17.0806962,51.1057636],[17.0807057,51.1057698],[17.0807151,51.105776],[17.0807246,51.1057823],[17.080734,51.1057885],[17.0807435,51.1057947],[17.0807529,51.1058009],[17.0807624,51.1058072],[17.0807718,51.1058134],[17.0807813,51.1058196],[17.0807907,51.1058258],[17.0808002,51.1058321],[17.0808096,51.1058383],[17.0808178,51.1058452],[17.080826,51.105852],[17.0808343,51.1058589],[17.0808425,51.1058658],[17.0808507,51.1058727],[17.0808589,51.1058795],[17.0808671,51.1058864],[17.0808754,51.1058933],[17.0808836,51.1059002],[17.0808918,51.105907],[17.0809,51.1059139],[17.0809082,51.1059208],[17.0809165,51.1059277],[17.0809247,51.1059345],[17.0809329,51.1059414],[17.0809416,51.1059485],[17.0809503,51.1059557],[17.0809591,51.1059628],[17.0809678,51.1059699],[17.0809765,51.105977],[17.0809852,51.1059842],[17.0809939,51.1059913],[17.0810027,51.1059984],[17.0810114,51.1060055],[17.0810201,51.1060127],[17.0810288,51.1060198],[17.0810375,51.1060269],[17.0810463,51.106034],[17.081055,51.1060412],[17.0810637,51.1060483],[17.0810707,51.1060554],[17.0810776,51.1060624],[17.0810845,51.1060695],[17.0810915,51.1060765],[17.0810984,51.1060836],[17.0811054,51.1060906],[17.0811124,51.1060977],[17.0811193,51.1061048],[17.0811263,51.1061118],[17.0811332,51.1061189],[17.0811401,51.1061259],[17.0811471,51.106133],[17.0811511,51.1061416],[17.0811552,51.1061502],[17.0811592,51.1061589],[17.0811632,51.1061675],[17.0811631,51.1061752],[17.0811401,51.1061997]]}},{"type":"Feature","properties":{"layer":"roads"},"geometry":{"type":"LineString","coordinates":[[17.0796889,51.1050666],[17.0796639,51.1050893],[17.0796638,51.1050981],[17.0796636,51.105107],[17.0796635,51.1051158],[17.0796633,51.1051246],[17.0796632,51.1051334],[17.079663,51.1051423],[17.0796629,51.1051511],[17.0796627,51.1051599],[17.0796626,51.1051688],[17.0796624,51.1051776],[17.0796623,51.1051864],[17.0796621,51.1051953],[17.079662,51.1052041],[17.0796618,51.1052129],[17.0796617,51.1052217],[17.0796615,51.1052306],[17.0796614,51.1052394],[17.0796612,51.1052482],[17.0796611,51.1052571],[17.0796609,51.1052659],[17.0796608,51.1052747],[17.0796606,51.1052836],[17.0796605,51.1052924],[17.0796603,51.1053012],[17.0796602,51.10531],[17.07966,51.1053189],[17.0796599,51.1053277],[17.0796597,51.1053365],[17.0796596,51.1053454],[17.0796594,51.1053542],[17.0796593,51.105363],[17.0796591,51.1053719],[17.079659,51.1053807],[17.0796588,51.1053895],[17.0796587,51.1053983],[17.0796585,51.1054072],[17.0796584,51.105416],[17.0796555,51.1054236],[17.0796526,51.1054313],[17.0796497,51.1054389],[17.0796468,51.1054466],[17.0796439,51.1054543],[17.079641,51.1054619],[17.0796342,51.1054677],[17.0796274,51.1054735],[17.0796206,51.1054793],[17.0796138,51.1054851],[17.079607,51.1054909],[17.0795988,51.1054983],[17.0795906,51.1055056],[17.0795823,51.105513],[17.0795741,51.1055203],[17.0795659,51.1055277],[17.0795284,51.1055541]]}},{"type":"Feature","properties":{"layer":"roads"},"geometry":{"type":"LineString","coordinates":[[17.0811401,51.1061997],[17.0812072,51.1062206],[17.0812534,51.1062513]]}},{"type":"Feature","properties":{"layer":"roads"},"geometry":{"type":"LineString","coordinates":[[17.0811401,51.1061997],[17.0810947,51.1061951],[17.0810811,51.1061929],[17.0810675,51.1061908],[17.0810539,51.1061886],[17.0810403,51.1061864],[17.0810267,51.1061843],[17.0810131,51.1061821],[17.0809995,51.1061799],[17.0809859,51.1061778],[17.0809723,51.1061756],[17.0809586,51.1061735],[17.080945,51.1061713],[17.0809314,51.1061691],[17.0809178,51.106167],[17.0809042,51.1061648],[17.0808903,51.1061635],[17.0808764,51.1061623],[17.0808625,51.106161],[17.0808486,51.1061598],[17.0808347,51.1061585],[17.0808208,51.1061572],[17.0808069,51.106156],[17.080793,51.1061547],[17.0807791,51.1061534],[17.0807652,51.1061522],[17.0807513,51.1061509],[17.0807374,51.1061497],[17.0807235,51.1061484],[17.0807094,51.1061468],[17.0806954,51.1061452],[17.0806813,51.1061435],[17.0806673,51.1061419],[17.0806532,51.1061403],[17.0806391,51.1061387],[17.0806251,51.106137],[17.080611,51.1061354],[17.0805969,51.1061338],[17.0805829,51.1061322],[17.0805688,51.1061305],[17.0805548,51.1061289],[17.0805407,51.1061273],[17.0805292,51.1061237],[17.0805177,51.10612],[17.0805061,51.1061164],[17.0804946,51.1061128],[17.0804831,51.1061091],[17.0804716,51.1061055],[17.08046,51.1061019],[17.0804485,51.1060982],[17.080437,51.1060946],[17.0804263,51.1060901],[17.0804156,51.1060857],[17.0804049,51.1060812],[17.0803943,51.1060767],[17.0803836,51.1060722],[17.0803729,51.1060678],[17.0803622,51.1060633],[17.0803507,51.1060581],[17.0803392,51.106053],[17.0803276,51.1060478],[17.0803161,51.1060427],[17.0803046,51.1060375],[17.0802931,51.1060323],[17.0802816,51.1060272],[17.08027,51.106022],[17.0802585,51.1060169],[17.080247,51.1060117],[17.0802377,51.1060059],[17.0802284,51.106],[17.0802192,51.1059942],[17.0802099,51.1059883],[17.0802006,51.1059825],[17.0801913,51.1059767],[17.0801821,51.1059708],[17.0801728,51.105965],[17.0801286,51.1059551]]}},{"type":"Feature","properties":{"layer":"roads"},"geometry":{"type":"LineString","coordinates":[[17.0856884,51.1146876],[17.0856788,51.1147156],[17.0856765,51.1147237],[17.0856741,51.1147319],[17.0856717,51.11474],[17.0856694,51.1147481],[17.085667,51.1147562],[17.0856626,51.1147643],[17.0856582,51.1147723],[17.0856538,51.1147804],[17.0856494,51.1147884],[17.085645,51.1147965],[17.0856406,51.1148045],[17.0856362,51.1148126],[17.0856318,51.1148206],[17.085626,51.114828],[17.0856202,51.1148355],[17.0856143,51.1148429],[17.0856085,51.1148504],[17.0856027,51.1148578],[17.0855969,51.1148653],[17.085591,51.1148727],[17.0855852,51.1148802],[17.0855794,51.1148876],[17.0855727,51.1148953],[17.085566,51.114903],[17.0855592,51.1149107],[17.0855525,51.1149183],[17.0855458,51.114926],[17.0855391,51.1149337],[17.0855323,51.1149414],[17.0855256,51.1149491],[17.0855189,51.1149568],[17.0855122,51.1149644],[17.0855054,51.1149721],[17.0854987,51.1149798],[17.085492,51.1149875],[17.0854853,51.1149952],[17.0854787,51.1150029],[17.085472,51.1150106],[17.0854653,51.1150183],[17.0854587,51.1150259],[17.085452,51.1150336],[17.0854453,51.1150413],[17.0854386,51.115049],[17.085432,51.1150567],[17.0854253,51.1150644],[17.0854186,51.1150721],[17.085412,51.1150798],[17.0854053,51.1150875],[17.0853986,51.1150951],[17.085392,51.1151028],[17.0853853,51.1151105],[17.0853786,51.1151182],[17.085372,51.1151259],[17.0853653,51.1151336],[17.0853586,51.1151413],[17.0853519,51.115149],[17.0853453,51.1151566],[17.0853386,51.1151643],[17.0853319,51.115172],[17.0853253,51.1151797],[17.0853186,51.1151874],[17.0853131,51.1151952],[17.0853076,51.1152031],[17.085302,51.1152109],[17.0852965,51.1152188],[17.085291,51.1152266],[17.0852855,51.1152345],[17.08528,51.1152423],[17.0852744,51.1152502],[17.0852689,51.115258],[17.0852634,51.1152659],[17.0852579,51.1152737],[17.0852524,51.1152816],[17.0852468,51.1152894],[17.0852413,51.1152973],[17.0852358,51.1153051],[17.0852309,51.115313],[17.085226,51.1153208],[17.0852211,51.1153287],[17.0852162,51.1153366],[17.0852114,51.1153444],[17.0852065,51.1153523],[17.0852016,51.1153601],[17.0851967,51.115368],[17.0851918,51.1153759],[17.0851869,51.1153837],[17.085182,51.1153916],[17.0851771,51.1153994],[17.0851723,51.1154073],[17.0851674,51.1154152],[17.0851625,51.115423],[17.0851576,51.1154309],[17.0851551,51.1154395],[17.0851527,51.1154481],[17.0851502,51.1154567],[17.0851478,51.1154654],[17.0851453,51.115474],[17.0851429,51.1154826],[17.0851404,51.1154912],[17.085138,51.1154998],[17.0851355,51.1155084],[17.0851331,51.115517],[17.0851306,51.1155257],[17.0851282,51.1155343],[17.0851257,51.1155429],[17.0851233,51.1155515],[17.0851208,51.1155601],[17.0851184,51.1155687],[17.0851159,51.1155773],[17.0851135,51.115586],[17.085111,51.1155946],[17.0851086,51.1156032],[17.0851061,51.1156118],[17.0851022,51.1156204],[17.0850982,51.115629],[17.0850943,51.1156376],[17.0850904,51.1156461],[17.0850864,51.1156547],[17.0850825,51.1156633],[17.0850767,51.1156714],[17.0850709,51.1156794],[17.0850651,51.1156875],[17.0850593,51.1156956],[17.0850535,51.1157036],[17.0850477,51.1157117],[17.0850404,51.1157176],[17.0850332,51.1157235],[17.0850259,51.1157293],[17.0850187,51.1157352],[17.0850114,51.1157411],[17.0850002,51.1157454],[17.084989,51.1157498],[17.0849779,51.1157541],[17.0849667,51.1157584],[17.0849555,51.1157628],[17.0849443,51.1157671],[17.0849324,51.1157697],[17.0849204,51.1157723],[17.0849085,51.1157749],[17.0848965,51.1157775],[17.0848846,51.1157801],[17.0848714,51.1157813],[17.0848583,51.1157825],[17.0848451,51.1157837],[17.084832,51.1157849],[17.0848189,51.1157861],[17.0848057,51.1157873],[17.0847925,51.115788],[17.0847792,51.1157887],[17.084766,51.1157894],[17.0847527,51.1157901],[17.0847395,51.1157908],[17.0847262,51.1157915],[17.084713,51.1157922],[17.0847001,51.115792],[17.0846872,51.1157917],[17.0846743,51.1157915],[17.0846614,51.1157912],[17.0846485,51.115791],[17.0846356,51.1157907],[17.0846227,51.1157905],[17.0846092,51.1157905],[17.0845957,51.1157905],[17.0845821,51.1157905],[17.0845686,51.1157905],[17.0845551,51.1157905],[17.0845416,51.1157905],[17.084528,51.1157905],[17.0845145,51.1157904],[17.084501,51.1157904],[17.0844875,51.1157904],[17.0844482,51.1158039]]}},{"type":"Feature","properties":{"layer":"roads"},"geometry":{"type":"LineString","coordinates":[[17.0856884,51.1146876],[17.0857089,51.1146587],[17.0857146,51.1146506],[17.0857203,51.1146424],[17.0857261,51.1146342],[17.0857318,51.1146261],[17.0857376,51.1146179],[17.0857433,51.1146098],[17.085749,51.1146016],[17.0857548,51.1145935],[17.0857605,51.1145853],[17.0857663,51.1145772],[17.085772,51.1145691],[17.0857777,51.1145609],[17.0857835,51.1145527],[17.0857892,51.1145446],[17.085795,51.1145364],[17.0858007,51.1145283],[17.0858064,51.1145201],[17.0858122,51.114512],[17.0858179,51.1145038],[17.0858237,51.1144957],[17.0858294,51.1144875],[17.0858351,51.1144794],[17.0858409,51.1144712],[17.0858466,51.1144631],[17.0858524,51.1144549],[17.0858581,51.1144468],[17.0858638,51.1144386],[17.0858696,51.1144305],[17.0858753,51.1144223],[17.0858811,51.1144142],[17.0858868,51.114406],[17.0858925,51.1143979],[17.0858983,51.1143898],[17.085904,51.1143816],[17.0859098,51.1143734],[17.0859155,51.1143653],[17.0859212,51.1143571],[17.085927,51.114349],[17.0859327,51.1143408],[17.0859385,51.1143327],[17.0859442,51.1143245],[17.0859499,51.1143164],[17.0859557,51.1143083],[17.0859614,51.1143001],[17.0859672,51.1142919],[17.0859729,51.1142838],[17.0859786,51.1142756],[17.0859844,51.1142675],[17.0859901,51.1142593],[17.0859959,51.1142512],[17.0860016,51.114243],[17.0860073,51.1142349],[17.0860131,51.1142268],[17.0860188,51.1142186],[17.0860245,51.1142105],[17.0860303,51.1142023],[17.086036,51.1141941],[17.0860418,51.114186],[17.0860475,51.1141778],[17.0860532,51.1141697],[17.086059,51.1141615],[17.0860647,51.1141534],[17.0860705,51.1141452],[17.0860762,51.1141371],[17.0860819,51.114129],[17.0860877,51.1141208],[17.0860934,51.1141126],[17.0860992,51.1141045],[17.0861049,51.1140963],[17.0861106,51.1140882],[17.0861164,51.11408],[17.0861221,51.1140719],[17.0861279,51.1140637],[17.0861336,51.1140556],[17.0861393,51.1140475],[17.0861451,51.1140393],[17.0861508,51.1140312],[17.0861566,51.114023],[17.0861623,51.1140148],[17.086168,51.1140067],[17.0861738,51.1139985],[17.0861795,51.1139904],[17.0861853,51.1139822],[17.086191,51.1139741],[17.0861967,51.113966],[17.0862025,51.1139578],[17.0862082,51.1139497],[17.086214,51.1139415],[17.0862197,51.1139333],[17.0862254,51.1139252],[17.0862312,51.113917],[17.0862369,51.1139089],[17.0862427,51.1139007],[17.0862484,51.1138926],[17.0862541,51.1138845],[17.0862599,51.1138763],[17.0862656,51.1138682],[17.0862714,51.11386],[17.0862771,51.1138518],[17.0862828,51.1138437],[17.0862886,51.1138355],[17.0863184,51.113808]]}},{"type":"Feature","properties":{"layer":"roads"},"geometry":{"type":"LineString","coordinates":[[17.0856884,51.1146876],[17.0857398,51.1147008],[17.0857533,51.1147031],[17.0857668,51.1147055],[17.0857803,51.1147079],[17.0857938,51.1147102],[17.0858073,51.1147126],[17.0858207,51.114715],[17.0858342,51.1147173],[17.0858477,51.1147197],[17.0858612,51.1147221],[17.0858747,51.1147244],[17.0858882,51.1147268],[17.0859016,51.1147292],[17.0859151,51.1147315],[17.0859286,51.1147339],[17.0859421,51.1147363],[17.0859556,51.1147387],[17.0859691,51.114741],[17.0859825,51.1147434],[17.085996,51.1147458],[17.0860095,51.1147481],[17.086023,51.1147505],[17.0860365,51.1147529],[17.08605,51.1147552],[17.0860634,51.1147576],[17.0860769,51.11476],[17.0860904,51.1147623],[17.0861039,51.1147647],[17.0861174,51.1147671],[17.0861309,51.1147694],[17.0862086,51.1147782]]}},{"type":"Feature","properties":{"layer":"roads"},"geometry":{"type":"LineString","coordinates":[[17.0856884,51.1146876],[17.0856306,51.1146822],[17.0856167,51.11468],[17.0856029,51.1146777],[17.0855891,51.1146754],[17.0855752,51.1146732],[17.0855614,51.1146709],[17.0855476,51.1146686],[17.0855337,51.1146664],[17.0855199,51.1146641],[17.0855061,51.1146618],[17.0854922,51.1146596],[17.0854784,51.1146573],[17.0854646,51.114655],[17.0854507,51.1146528],[17.0854369,51.1146505],[17.0854231,51.1146482],[17.0854093,51.114646],[17.0853954,51.1146437],[17.0853816,51.1146414],[17.0853678,51.1146391],[17.0853539,51.1146369],[17.0853401,51.1146346],[17.0853263,51.1146323],[17.0853124,51.1146301],[17.0852986,51.1146278],[17.0852848,51.1146255],[17.0852709,51.1146233],[17.0852571,51.114621],[17.0852433,51.1146187],[17.0852294,51.1146165],[17.0852156,51.1146142],[17.0852018,51.1146119],[17.0851879,51.1146097],[17.0851464,51.1146029],[17.0850876,51.1146025]]}},{"type":"Feature","properties":{"layer":"roads"},"geometry":{"type":"LineString","coordinates":[[17.0844482,51.1158039],[17.0844069,51.1157598],[17.0844003,51.1157522],[17.0843936,51.1157445],[17.084387,51.1157369],[17.0843804,51.1157292],[17.0843738,51.1157216],[17.0843671,51.1157139],[17.0843605,51.1157063],[17.0843544,51.1156987],[17.0843483,51.115691],[17.0843422,51.1156834],[17.0843361,51.1156758],[17.08433,51.1156681],[17.0843239,51.1156605],[17.0843179,51.1156529],[17.0843118,51.1156453],[17.0843057,51.1156376],[17.0842781,51.1155894]]}},{"type":"Feature","properties":{"layer":"roads"},"geometry":{"type":"LineString","coordinates":[[17.0844482,51.1158039],[17.0844643,51.1158308],[17.0844705,51.1158389],[17.0844767,51.1158469],[17.0844828,51.115855],[17.084489,51.1158631],[17.0844952,51.1158712],[17.0845014,51.1158792],[17.0845076,51.1158873],[17.0845137,51.1158954],[17.0845199,51.1159034],[17.0845261,51.1159115],[17.0845323,51.1159196],[17.0845385,51.1159277],[17.0845446,51.1159357],[17.0845508,51.1159438],[17.084557,51.1159519],[17.0845632,51.11596],[17.0845694,51.115968],[17.0845756,51.1159761],[17.0845818,51.1159842],[17.084588,51.1159922],[17.0845942,51.1160003],[17.0846004,51.1160083],[17.0846399,51.116045]]}},{"type":"Feature","properties":{"layer":"roads"},"geometry":{"type":"LineString","coordinates":[[17.0821008,51.1136311],[17.0821501,51.113647],[17.08216,51.1136535],[17.0821699,51.11366],[17.0821798,51.1136665],[17.0821898,51.113673],[17.0821997,51.1136795],[17.0822096,51.113686],[17.0822195,51.1136924],[17.0822294,51.1136989],[17.0822393,51.1137054],[17.0822492,51.1137119],[17.0822591,51.1137184],[17.082269,51.1137249],[17.0822789,51.1137313],[17.0822888,51.1137378],[17.0822987,51.1137443],[17.0823086,51.1137508],[17.0823185,51.1137573],[17.0823284,51.1137638],[17.0823383,51.1137703],[17.0823483,51.1137767],[17.0823582,51.1137832],[17.0823681,51.1137897],[17.082378,51.1137962],[17.0823879,51.1138027],[17.0823978,51.1138092],[17.0824077,51.1138157],[17.0824176,51.1138221],[17.0824275,51.1138286],[17.0824374,51.1138351],[17.0824473,51.1138416],[17.0824572,51.1138481],[17.0824671,51.1138546],[17.082477,51.113861],[17.0824869,51.1138675],[17.0824968,51.113874],[17.0825068,51.1138805],[17.0825167,51.113887],[17.0825266,51.1138935],[17.0825365,51.1139],[17.0825464,51.1139064],[17.0825563,51.1139129],[17.0825662,51.1139194],[17.0825761,51.1139259],[17.082586,51.1139324],[17.0825959,51.1139389],[17.0826058,51.1139454],[17.0826157,51.1139518],[17.0826256,51.1139583],[17.0826355,51.1139648],[17.0826454,51.1139713],[17.0826554,51.1139778],[17.0826653,51.1139843],[17.0826752,51.1139908],[17.0826851,51.1139972],[17.082695,51.1140037],[17.0827049,51.1140102],[17.0827148,51.1140167],[17.0827247,51.1140232],[17.0827346,51.1140297],[17.0827445,51.1140361],[17.0827544,51.1140426],[17.0827643,51.1140491],[17.0827742,51.1140556],[17.0827841,51.1140621],[17.082794,51.1140686],[17.0828039,51.1140751],[17.0828139,51.1140815],[17.0828238,51.114088],[17.0828337,51.1140945],[17.0828436,51.114101],[17.0828535,51.1141075],[17.0828634,51.114114],[17.0828733,51.1141205],[17.0828832,51.1141269],[17.0828931,51.1141334],[17.082903,51.1141399],[17.0829129,51.1141464],[17.0829228,51.1141529],[17.0829327,51.1141594],[17.0829426,51.1141658],[17.0829525,51.1141723],[17.0829624,51.1141788],[17.0829724,51.1141853],[17.0829823,51.1141918],[17.0829922,51.1141983],[17.0830021,51.1142048],[17.083012,51.1142112],[17.0830219,51.1142177],[17.0830318,51.1142242],[17.0830417,51.1142307],[17.083053,51.1142361],[17.0830643,51.1142415],[17.0830756,51.1142469],[17.0830869,51.1142523],[17.0830983,51.1142578],[17.0831096,51.1142632],[17.0831209,51.1142686],[17.0831322,51.114274],[17.0831435,51.1142794],[17.0831554,51.1142834],[17.0831673,51.1142873],[17.0832108,51.1143045]]}},{"type":"Feature","properties":{"layer":"roads"},"geometry":{"type":"LineString","coordinates":[[17.0821008,51.1136311],[17.0820794,51.1136073],[17.082069,51.1136027],[17.0820587,51.1135981],[17.0820483,51.1135935],[17.082038,51.1135889],[17.0820276,51.1135843],[17.0820153,51.1135809],[17.082003,51.1135776],[17.0819907,51.1135742],[17.0819784,51.1135708],[17.0819661,51.1135675],[17.0819537,51.1135641],[17.0819414,51.1135607],[17.0819291,51.1135573],[17.0819168,51.113554],[17.0819045,51.1135506],[17.0818918,51.1135486],[17.0818792,51.1135466],[17.0818665,51.1135445],[17.0818539,51.1135425],[17.0818412,51.1135405],[17.0818286,51.1135385],[17.0818159,51.1135365],[17.0818033,51.1135345],[17.0817906,51.1135324],[17.081778,51.1135304],[17.0817653,51.1135284],[17.0817513,51.1135277],[17.0817372,51.113527],[17.0817232,51.1135264],[17.0817091,51.1135257],[17.0816951,51.113525],[17.0816811,51.1135243],[17.081667,51.1135236],[17.081653,51.113523],[17.0816389,51.1135223],[17.0816249,51.1135216],[17.0816116,51.1135217],[17.0815984,51.1135218],[17.0815851,51.1135218],[17.0815719,51.1135219],[17.0815586,51.113522],[17.0815454,51.1135221],[17.0815321,51.1135221],[17.0815189,51.1135222],[17.0815056,51.1135223],[17.0814915,51.1135237],[17.0814775,51.1135252],[17.0814634,51.1135266],[17.0814493,51.113528],[17.0814353,51.1135294],[17.0814212,51.1135308],[17.0814072,51.1135323],[17.0813931,51.1135337],[17.0813792,51.1135357],[17.0813653,51.1135377],[17.0813515,51.1135397],[17.0813376,51.1135417],[17.0813237,51.1135437],[17.0813098,51.1135457],[17.0812959,51.1135477],[17.081282,51.1135497],[17.0812682,51.1135517],[17.0812543,51.1135537],[17.0812404,51.1135557],[17.0812265,51.1135577],[17.0812126,51.1135597],[17.0811987,51.1135617],[17.0811849,51.1135637],[17.081171,51.1135657],[17.0811571,51.1135677],[17.0811432,51.1135697],[17.0811293,51.1135717],[17.0811154,51.1135737],[17.0811016,51.1135757],[17.0810877,51.1135777],[17.0810738,51.1135797],[17.0810599,51.1135817],[17.081046,51.1135837],[17.0810321,51.1135857],[17.0810183,51.1135877],[17.0810044,51.1135897],[17.0809905,51.1135917],[17.0809766,51.1135937],[17.0809627,51.1135957],[17.0809488,51.1135977],[17.080935,51.1135997],[17.0809211,51.1136017],[17.0809072,51.1136037],[17.0808933,51.1136057],[17.0808794,51.1136077],[17.0808655,51.1136097],[17.0808517,51.1136117],[17.0808378,51.1136137],[17.0808239,51.1136157],[17.08081,51.1136177],[17.0807961,51.1136197],[17.0807822,51.1136217],[17.0807684,51.1136237],[17.0807545,51.1136257],[17.0807406,51.1136277],[17.0807267,51.1136297],[17.0807128,51.1136317],[17.0806989,51.1136337],[17.0806851,51.1136357],[17.0806712,51.1136377],[17.0806573,51.1136397],[17.0806434,51.1136417],[17.0806295,51.1136437],[17.0806156,51.1136456],[17.0806018,51.1136476],[17.0805879,51.1136496],[17.080574,51.1136516],[17.0805601,51.1136536],[17.0805462,51.1136556],[17.0805324,51.1136576],[17.0805185,51.1136596],[17.0805046,51.1136616],[17.0804907,51.1136636],[17.0804768,51.1136656],[17.0804629,51.1136676],[17.0804491,51.1136696],[17.0804352,51.1136716],[17.0804213,51.1136736],[17.0804074,51.1136756],[17.0803935,51.1136776],[17.0803796,51.1136796],[17.0803658,51.1136816],[17.0803519,51.1136836],[17.080338,51.1136856],[17.0803241,51.1136876],[17.0803102,51.1136896],[17.0802963,51.1136916],[17.0802825,51.1136936],[17.0802686,51.1136956],[17.0802547,51.1136976],[17.0802408,51.1136996],[17.0802269,51.1137016],[17.080213,51.1137036],[17.0801992,51.1137056],[17.0801853,51.1137076],[17.0801714,51.1137096],[17.0801575,51.1137116],[17.0801436,51.1137136],[17.0801297,51.1137156],[17.0801159,51.1137176],[17.080102,51.1137196],[17.0800881,51.1137216],[17.0800742,51.1137236],[17.0800603,51.1137256],[17.0800464,51.1137276],[17.0800326,51.1137296],[17.0800187,51.1137316],[17.0800048,51.1137336],[17.0799909,51.1137356],[17.079977,51.1137376],[17.0799631,51.1137396],[17.0799493,51.1137416],[17.0799354,51.1137436],[17.0799215,51.1137456],[17.0799076,51.1137476],[17.0798937,51.1137496],[17.0798798,51.1137516],[17.0798274,51.1137596]]}},{"type":"Feature","properties":{"layer":"roads"},"geometry":{"type":"LineString","coordinates":[[17.0821008,51.1136311],[17.0821247,51.1135867],[17.0821283,51.1135781],[17.0821318,51.1135694],[17.0821354,51.1135608],[17.0821389,51.1135522],[17.0821425,51.1135436],[17.082146,51.113535],[17.0821456,51.1135263],[17.0821452,51.1135176],[17.0821447,51.1135089],[17.0821443,51.1135002],[17.0821439,51.1134914],[17.0821435,51.1134827],[17.082143,51.113474],[17.0821426,51.1134653],[17.0821422,51.1134566],[17.0821418,51.1134479],[17.0821413,51.1134392],[17.0821409,51.1134305],[17.0821405,51.1134217],[17.0821401,51.113413],[17.0821396,51.1134043],[17.0821392,51.1133956],[17.0821388,51.1133869],[17.0821356,51.1133786],[17.0821325,51.1133702],[17.0821293,51.1133619],[17.0821261,51.1133536],[17.082123,51.1133452],[17.0821198,51.1133369],[17.0821166,51.1133286],[17.0821134,51.1133203],[17.0821103,51.1133119],[17.0821071,51.1133036],[17.0821039,51.1132953],[17.0821008,51.1132869],[17.0820976,51.1132786],[17.0820907,51.1132709],[17.0820839,51.1132633],[17.082077,51.1132556],[17.0820702,51.113248],[17.0820633,51.1132403],[17.0820564,51.1132326],[17.0820496,51.113225],[17.0820427,51.1132173],[17.0820359,51.1132097],[17.082029,51.113202],[17.0820189,51.1131959],[17.0820088,51.1131897],[17.0819987,51.1131836],[17.0819886,51.1131775],[17.0819785,51.1131713],[17.0819684,51.1131652],[17.0819583,51.1131591],[17.0819482,51.113153],[17.0819381,51.1131468],[17.081928,51.1131407],[17.0819179,51.1131346],[17.0819078,51.1131284],[17.0818977,51.1131223],[17.0818867,51.1131166],[17.0818757,51.1131109],[17.0818648,51.1131051],[17.0818538,51.1130994],[17.0818428,51.1130937],[17.0818318,51.113088],[17.0818208,51.1130822],[17.0818098,51.1130765],[17.0817989,51.1130708],[17.0817879,51.1130651],[17.0817769,51.1130594],[17.0817659,51.1130536],[17.0817549,51.1130479],[17.0817439,51.1130422],[17.081733,51.1130365],[17.081722,51.1130308],[17.081711,51.113025],[17.0817,51.1130193],[17.081689,51.1130136],[17.081678,51.1130079],[17.0816671,51.1130021],[17.0816561,51.1129964],[17.0816451,51.1129907],[17.081634,51.1129852],[17.0816228,51.1129797],[17.0816117,51.1129742],[17.0816006,51.1129686],[17.0815895,51.1129631],[17.0815783,51.1129576],[17.0815672,51.1129521],[17.0815561,51.1129466],[17.0815449,51.1129411],[17.0815338,51.1129355],[17.0815227,51.11293],[17.0815116,51.1129245],[17.0815004,51.112919],[17.0814893,51.1129135],[17.0814782,51.112908],[17.081467,51.1129025],[17.0814559,51.1128969],[17.0814448,51.1128914],[17.0814337,51.1128859],[17.0814225,51.1128804],[17.0814114,51.1128749],[17.0814003,51.1128694],[17.0813892,51.1128638],[17.081378,51.1128583],[17.0813669,51.1128528],[17.0813558,51.1128473],[17.0813446,51.1128418],[17.0813335,51.1128363],[17.0813224,51.1128308],[17.0813113,51.1128252],[17.0813001,51.1128197],[17.081289,51.1128142],[17.0812779,51.1128087],[17.0812667,51.1128032],[17.0812556,51.1127977],[17.0812445,51.1127921],[17.0812334,51.1127866],[17.0812222,51.1127811],[17.0812111,51.1127756],[17.0812004,51.1127706],[17.0811896,51.1127656],[17.0811789,51.1127605],[17.0811682,51.1127555],[17.0811574,51.1127505],[17.0811467,51.1127455],[17.081136,51.1127405],[17.0811252,51.1127354],[17.0811145,51.1127304],[17.0811037,51.1127254],[17.0810578,51.1127199]]}},{"type":"Feature","properties":{"layer":"roads"},"geometry":{"type":"LineString","coordinates":[[17.0798274,51.1137596],[17.0798546,51.1137236],[17.0798587,51.1137151],[17.0798628,51.1137066],[17.0798669,51.1136981],[17.079871,51.1136896],[17.0798751,51.1136811],[17.0798792,51.1136726],[17.0798833,51.1136641],[17.0798875,51.1136556],[17.0798916,51.1136471],[17.0798957,51.1136386],[17.0798998,51.1136301],[17.0799039,51.1136216],[17.079908,51.1136131],[17.0799121,51.1136046],[17.0799162,51.1135961],[17.0799285,51.1135706],[17.0799383,51.1135336]]}},{"type":"Feature","properties":{"layer":"roads"},"geometry":{"type":"LineString","coordinates":[[17.0836176,51.1111386],[17.0835705,51.1111435],[17.0835571,51.1111446],[17.0835437,51.1111457],[17.0835303,51.1111467],[17.0835169,51.1111478],[17.0835035,51.1111489],[17.08349,51.11115],[17.0834766,51.1111511],[17.0834632,51.1111522],[17.0834491,51.1111528],[17.083435,51.1111534],[17.0834209,51.111154],[17.0834068,51.1111546],[17.0833927,51.1111552],[17.0833785,51.1111558],[17.0833644,51.1111564],[17.0833503,51.111157],[17.0833362,51.1111576],[17.0833221,51.1111582],[17.083308,51.1111588],[17.0832937,51.1111586],[17.0832794,51.1111585],[17.0832651,51.1111583],[17.0832507,51.1111581],[17.0832364,51.111158],[17.0832221,51.1111578],[17.0832078,51.1111576],[17.0831935,51.1111575],[17.0831792,51.1111573],[17.0831649,51.1111572],[17.0831505,51.111157],[17.0831362,51.1111568],[17.0831219,51.1111567],[17.0831076,51.1111565],[17.0830939,51.1111556],[17.0830802,51.1111547],[17.0830664,51.1111538],[17.0830527,51.1111529],[17.083039,51.111152],[17.0830253,51.1111511],[17.0830115,51.1111502],[17.0829978,51.1111493],[17.0829841,51.1111484],[17.0829704,51.1111475],[17.0829566,51.1111466],[17.0829429,51.1111457],[17.0829292,51.1111448],[17.0829155,51.1111439],[17.0829017,51.111143],[17.082888,51.1111421],[17.0828746,51.1111404],[17.0828611,51.1111387],[17.0828477,51.1111371],[17.0828342,51.1111354],[17.0828208,51.1111337],[17.0828073,51.111132],[17.0827939,51.1111303],[17.0827804,51.1111286],[17.082767,51.1111269],[17.0827536,51.1111253],[17.0827401,51.1111236],[17.0827267,51.1111219],[17.0827132,51.1111202],[17.0826998,51.1111185],[17.0826863,51.1111169],[17.0826729,51.1111152],[17.0826594,51.1111135],[17.082646,51.1111118],[17.0826328,51.1111085],[17.0826196,51.1111052],[17.0826063,51.1111019],[17.0825931,51.1110986],[17.0825799,51.1110953],[17.0825667,51.111092],[17.0825535,51.1110886],[17.0825402,51.1110853],[17.082527,51.111082],[17.0825138,51.1110787],[17.0825006,51.1110754],[17.0824873,51.1110721],[17.0824741,51.1110688],[17.0824609,51.1110655],[17.0824484,51.1110612],[17.0824359,51.111057],[17.0824233,51.1110527],[17.0824108,51.1110485],[17.0823983,51.1110442],[17.0823858,51.1110399],[17.0823732,51.1110357],[17.0823607,51.1110314],[17.0823482,51.1110272],[17.0823357,51.1110229],[17.0823232,51.1110186],[17.0823106,51.1110144],[17.0822981,51.1110101],[17.0822856,51.1110058],[17.0822731,51.1110016],[17.0822605,51.1109973],[17.082248,51.1109931],[17.0822355,51.1109888],[17.0822243,51.1109832],[17.0822131,51.1109777],[17.0822019,51.1109721],[17.0821907,51.1109666],[17.0821795,51.110961],[17.0821683,51.1109555],[17.0821571,51.1109499],[17.0821459,51.1109444],[17.0821347,51.1109388],[17.0821235,51.1109333],[17.0821123,51.1109277],[17.082101,51.1109222],[17.0820898,51.1109166],[17.0820786,51.1109111],[17.0820674,51.1109055],[17.0820562,51.1109],[17.082045,51.1108944],[17.0820338,51.1108889],[17.0820226,51.1108833],[17.0820114,51.1108778],[17.0820002,51.1108722],[17.081989,51.1108667],[17.0819778,51.1108611],[17.0819688,51.1108546],[17.0819598,51.1108481],[17.0819508,51.1108416],[17.0819418,51.110835],[17.0819328,51.1108285],[17.0819238,51.110822],[17.0819149,51.1108155],[17.0819059,51.110809],[17.0818969,51.1108025],[17.0818879,51.1107959],[17.0818789,51.1107894],[17.0818699,51.1107829],[17.0818609,51.1107764],[17.0818526,51.1107697],[17.0818444,51.1107629],[17.0818361,51.1107562],[17.0818278,51.1107494],[17.0818196,51.1107427],[17.0818113,51.1107359],[17.081803,51.1107292],[17.0817948,51.1107225],[17.0817865,51.1107157],[17.0817783,51.110709],[17.08177,51.1107022],[17.0817617,51.1106955],[17.0817535,51.1106887],[17.0817452,51.110682],[17.0817386,51.1106743],[17.081732,51.1106667],[17.0817254,51.110659],[17.0817189,51.1106514],[17.0817123,51.1106438],[17.0817057,51.1106361],[17.0816991,51.1106285],[17.0816925,51.1106208],[17.0816859,51.1106131],[17.0816793,51.1106055],[17.0816728,51.1105979],[17.0816507,51.1105709]]}},{"type":"Feature","properties":{"layer":"roads"},"geometry":{"type":"LineString","coordinates":[[17.0836176,51.1111386],[17.0835986,51.1111053],[17.0835955,51.1110966],[17.0835924,51.1110879],[17.0835894,51.1110792],[17.0835863,51.1110704],[17.0835833,51.1110617],[17.0835802,51.111053],[17.0835784,51.1110445],[17.0835765,51.111036],[17.0835747,51.1110275],[17.0835729,51.111019],[17.083571,51.1110105],[17.0835692,51.111002],[17.0835674,51.1109935],[17.0835656,51.110985],[17.0835637,51.1109765],[17.0835619,51.110968],[17.0835601,51.1109595],[17.0835582,51.110951],[17.0835564,51.1109425],[17.0835549,51.1109336],[17.0835534,51.1109248],[17.0835519,51.1109159],[17.0835504,51.110907],[17.0835489,51.1108981],[17.0835474,51.1108893],[17.0835459,51.1108804],[17.0835444,51.1108715],[17.0835429,51.1108626],[17.0835414,51.1108538],[17.0835399,51.1108449],[17.0835384,51.110836],[17.0835368,51.1108271],[17.0835353,51.1108183],[17.0835338,51.1108094],[17.0835323,51.1108005],[17.0835308,51.1107916],[17.0835293,51.1107828],[17.0835278,51.1107739],[17.0835263,51.110765],[17.0835248,51.1107561],[17.0835233,51.1107473],[17.0835218,51.1107384],[17.0835203,51.1107295],[17.0835188,51.1107206],[17.0835173,51.1107118],[17.0835158,51.1107029],[17.0835143,51.110694],[17.0835128,51.1106852],[17.0835113,51.1106763],[17.0835098,51.1106674],[17.0835083,51.1106585],[17.0835068,51.1106497],[17.0835053,51.1106408],[17.0835038,51.1106319],[17.0835023,51.110623],[17.0835008,51.1106142],[17.0834992,51.1106053],[17.0834977,51.1105964],[17.0834962,51.1105875],[17.0834947,51.1105787],[17.0834932,51.1105698],[17.0834917,51.1105609],[17.0834902,51.110552],[17.0834887,51.1105432],[17.0834872,51.1105343],[17.0834857,51.1105254],[17.0834842,51.1105165],[17.0834827,51.1105077],[17.0834812,51.1104988],[17.0834766,51.1104909],[17.083472,51.110483],[17.0834674,51.110475],[17.0834627,51.1104671],[17.0834581,51.1104592],[17.0834535,51.1104513],[17.0834489,51.1104433],[17.0834443,51.1104354],[17.0834397,51.1104275],[17.0834351,51.1104196],[17.0834304,51.1104117],[17.0834258,51.1104037],[17.0834212,51.1103958],[17.0834166,51.1103879],[17.0834086,51.1103809],[17.0834006,51.110374],[17.0833926,51.110367],[17.0833845,51.1103601],[17.0833765,51.1103531],[17.0833685,51.1103462],[17.0833605,51.1103392],[17.0833525,51.1103322],[17.0833445,51.1103253],[17.0833365,51.1103183],[17.0833284,51.1103114],[17.0833204,51.1103044],[17.0833124,51.1102975],[17.0833044,51.1102905],[17.0832915,51.1102867],[17.0832786,51.1102829],[17.0832656,51.1102792],[17.0832527,51.1102754],[17.0832398,51.1102716],[17.0832269,51.1102678],[17.0832139,51.110264],[17.083201,51.1102603],[17.0831881,51.1102565],[17.0831752,51.1102527],[17.0831622,51.1102489],[17.0831493,51.1102451],[17.0831364,51.1102413],[17.0831235,51.1102376],[17.0831105,51.1102338],[17.0830976,51.11023],[17.0830847,51.1102262],[17.0830718,51.1102224],[17.0830277,51.1102036]]}},{"type":"Feature","properties":{"layer":"roads"},"geometry":{"type":"LineString","coordinates":[[17.0836176,51.1111386],[17.0836649,51.1111295],[17.0836784,51.1111268],[17.0836919,51.1111242],[17.0837054,51.1111215],[17.0837189,51.1111188],[17.0837324,51.1111161],[17.083746,51.1111135],[17.0837595,51.1111108],[17.083773,51.1111081],[17.083786,51.1111048],[17.0837989,51.1111015],[17.0838119,51.1110982],[17.0838248,51.1110949],[17.0838378,51.1110916],[17.0838507,51.1110883],[17.0838637,51.111085],[17.0838766,51.1110817],[17.0838896,51.1110784],[17.0839025,51.1110751],[17.0839155,51.1110718],[17.0839284,51.1110685],[17.0839414,51.1110652],[17.0839543,51.1110619],[17.0839673,51.1110586],[17.0839802,51.1110553],[17.0839932,51.111052],[17.0840057,51.111048],[17.0840182,51.1110441],[17.0840307,51.1110401],[17.0840432,51.1110362],[17.0840557,51.1110322],[17.0840682,51.1110282],[17.0840806,51.1110243],[17.0840931,51.1110203],[17.0841056,51.1110163],[17.0841181,51.1110124],[17.0841306,51.1110084],[17.0841431,51.1110045],[17.0841556,51.1110005],[17.0841672,51.1109955],[17.0841788,51.1109904],[17.0841904,51.1109854],[17.0842019,51.1109803],[17.0842135,51.1109753],[17.0842251,51.1109703],[17.0842367,51.1109652],[17.0842483,51.1109602],[17.0842598,51.1109551],[17.0842714,51.1109501],[17.084283,51.110945],[17.0842946,51.11094],[17.0843046,51.1109346],[17.0843145,51.1109292],[17.0843245,51.1109237],[17.0843345,51.1109183],[17.0843444,51.1109129],[17.0843544,51.1109075],[17.0843644,51.1109021],[17.0843744,51.1108966],[17.0843843,51.1108912],[17.0843943,51.1108858],[17.0844044,51.1108799],[17.0844146,51.110874],[17.0844247,51.1108681],[17.0844348,51.1108622],[17.0844449,51.1108563],[17.0844551,51.1108504],[17.0844652,51.1108445],[17.0844753,51.1108387],[17.0844854,51.1108328],[17.0844956,51.1108269],[17.0845309,51.1108099]]}},{"type":"Feature","properties":{"layer":"roads"},"geometry":{"type":"LineString","coordinates":[[17.0816507,51.1105709],[17.0816017,51.1105898],[17.0815889,51.1105935],[17.0815761,51.1105972],[17.0815633,51.110601],[17.0815505,51.1106047],[17.0815376,51.1106084],[17.0815248,51.1106121],[17.081512,51.1106159],[17.0814992,51.1106196],[17.0814864,51.1106233],[17.0814736,51.110627],[17.0814607,51.1106308],[17.0814479,51.1106345],[17.0814351,51.1106382],[17.0814223,51.1106419],[17.0814095,51.1106457],[17.0813967,51.1106494],[17.0813838,51.1106531],[17.081371,51.1106568],[17.0813582,51.1106605],[17.0813454,51.1106643],[17.0813326,51.110668],[17.0813198,51.1106717],[17.0813069,51.1106754],[17.0812941,51.1106792],[17.0812813,51.1106829],[17.0812685,51.1106866],[17.0812557,51.1106903],[17.0812429,51.1106941],[17.0812301,51.1106978],[17.0812172,51.1107015],[17.0812044,51.1107052],[17.0811916,51.110709],[17.0811788,51.1107127],[17.081166,51.1107164],[17.0811532,51.1107201],[17.0811403,51.1107239],[17.0811275,51.1107276],[17.0811147,51.1107313],[17.0811018,51.1107341],[17.081089,51.1107368],[17.0810761,51.1107396],[17.0810632,51.1107424],[17.0810503,51.1107452],[17.0810375,51.110748],[17.0810246,51.1107507],[17.0810117,51.1107535],[17.0809985,51.1107548],[17.0809853,51.1107561],[17.0809721,51.1107574],[17.0809589,51.1107587],[17.0809457,51.1107599],[17.0809325,51.1107612],[17.0809193,51.1107625],[17.0809061,51.1107638],[17.0808925,51.1107648],[17.0808789,51.1107658],[17.0808653,51.1107668],[17.0808517,51.1107678],[17.0808381,51.1107688],[17.0807971,51.1107604]]}},{"type":"Feature","properties":{"layer":"roads"},"geometry":{"type":"LineString","coordinates":[[17.0816507,51.1105709],[17.0816346,51.1105425],[17.0816301,51.1105344],[17.0816255,51.1105263],[17.0816209,51.1105182],[17.0816163,51.1105101],[17.0816117,51.110502],[17.0816071,51.1104939],[17.0816032,51.1104861],[17.0815993,51.1104783],[17.0815954,51.1104704],[17.0815915,51.1104626],[17.0815876,51.1104548],[17.0815837,51.110447],[17.0815798,51.1104392],[17.0815759,51.1104313],[17.081572,51.1104235],[17.0815681,51.1104157],[17.0815647,51.1104074],[17.0815612,51.1103991],[17.0815578,51.1103909],[17.0815543,51.1103826],[17.0815509,51.1103743],[17.0815475,51.110366],[17.081544,51.1103578],[17.0815406,51.1103495],[17.0815371,51.1103412],[17.0815337,51.1103329],[17.0815302,51.1103247],[17.0815268,51.1103164],[17.0815234,51.1103081],[17.0815199,51.1102998],[17.0815165,51.1102916],[17.081513,51.1102833],[17.0815096,51.110275],[17.0815086,51.1102662],[17.0815076,51.1102574],[17.0815066,51.1102486],[17.0815056,51.1102398],[17.0815046,51.1102309],[17.0815036,51.1102221],[17.0815026,51.1102133],[17.0815016,51.1102045],[17.0815023,51.1101957],[17.081503,51.1101869],[17.0815037,51.1101781],[17.0815043,51.1101692],[17.081505,51.1101604],[17.0815057,51.1101516],[17.0815064,51.1101428],[17.0815078,51.1101346],[17.0815093,51.1101264],[17.0815107,51.1101182],[17.0815122,51.11011],[17.0815136,51.1101018],[17.081515,51.1100937],[17.0815165,51.1100855],[17.0815179,51.1100773],[17.0815194,51.1100691],[17.0815208,51.1100609],[17.0815238,51.1100522],[17.0815269,51.1100436],[17.0815299,51.1100349],[17.081533,51.1100263],[17.081536,51.1100176],[17.0815391,51.1100089],[17.0815421,51.1100003],[17.0815452,51.1099916],[17.0815482,51.1099829],[17.0815513,51.1099743],[17.0815543,51.1099656],[17.0815574,51.109957],[17.0815604,51.1099483],[17.0815656,51.1099406],[17.0815708,51.1099329],[17.081576,51.1099252],[17.0815812,51.1099175],[17.0815864,51.1099098],[17.0815915,51.1099021],[17.0815967,51.1098945],[17.0816019,51.1098868],[17.0816071,51.1098791],[17.0816123,51.1098714],[17.0816175,51.1098637],[17.0816227,51.109856],[17.0816307,51.1098486],[17.0816386,51.1098413],[17.0816466,51.1098339],[17.0816545,51.1098265],[17.0816625,51.1098192],[17.0816704,51.1098118],[17.0816784,51.1098044],[17.0816863,51.109797],[17.0816943,51.1097897],[17.0817022,51.1097823],[17.0817327,51.1097565]]}},{"type":"Feature","properties":{"layer":"roads"},"geometry":{"type":"LineString","coordinates":[[17.0816507,51.1105709],[17.0817029,51.1105574],[17.0817154,51.110553],[17.0817278,51.1105486],[17.0817403,51.1105442],[17.0817528,51.1105399],[17.0817653,51.1105355],[17.0817777,51.1105311],[17.0817902,51.1105267],[17.0818027,51.1105223],[17.0818152,51.110518],[17.0818276,51.1105136],[17.0818401,51.1105092],[17.081852,51.1105043],[17.081864,51.1104995],[17.0818759,51.1104946],[17.0818879,51.1104897],[17.0818998,51.1104849],[17.0819118,51.11048],[17.0819237,51.1104751],[17.0819357,51.1104703],[17.0819476,51.1104654],[17.0819596,51.1104605],[17.0819715,51.1104557],[17.0819835,51.1104508],[17.0819954,51.1104459],[17.0820074,51.1104411],[17.0820193,51.1104362],[17.0820313,51.1104313],[17.0820432,51.1104265],[17.0820552,51.1104216],[17.0820671,51.1104168],[17.0820791,51.1104119],[17.082091,51.110407],[17.082103,51.1104022],[17.0821149,51.1103973],[17.0821269,51.1103924],[17.0821388,51.1103876],[17.0821508,51.1103827],[17.0821627,51.1103778],[17.0821747,51.110373],[17.0821866,51.1103681],[17.0821986,51.1103632],[17.0822105,51.1103584],[17.0822225,51.1103535],[17.0822344,51.1103486],[17.0822464,51.1103438],[17.0822583,51.1103389],[17.0822709,51.110335],[17.0822835,51.110331],[17.0822961,51.1103271],[17.0823087,51.1103231],[17.0823213,51.1103192],[17.0823339,51.1103153],[17.0823464,51.1103113],[17.082359,51.1103074],[17.0823716,51.1103035],[17.0823842,51.1102995],[17.0823968,51.1102956],[17.0824094,51.1102916],[17.082422,51.1102877],[17.0824346,51.1102838],[17.0824472,51.1102798],[17.0824598,51.1102759],[17.0824724,51.1102719],[17.082485,51.110268],[17.0824976,51.1102641],[17.0825101,51.1102601],[17.0825227,51.1102562],[17.0825353,51.1102523],[17.0825479,51.1102483],[17.0825605,51.1102444],[17.0825731,51.1102404],[17.0825857,51.1102365],[17.0825983,51.1102331],[17.0826109,51.1102297],[17.0826235,51.1102263],[17.0826361,51.110223],[17.0826488,51.1102196],[17.0826614,51.1102162],[17.082674,51.1102128],[17.0826866,51.1102094],[17.0826992,51.110206],[17.0827118,51.1102026],[17.0827244,51.1101993],[17.082737,51.1101959],[17.0827496,51.1101925],[17.0827622,51.1101891],[17.0827748,51.1101857],[17.0827875,51.1101823],[17.0828001,51.110179],[17.0828127,51.1101756],[17.0828253,51.1101722],[17.0828379,51.1101688],[17.0828509,51.1101716],[17.0828639,51.1101744],[17.0828769,51.1101773],[17.0828899,51.1101801],[17.0829029,51.1101829],[17.0829159,51.1101857],[17.0829289,51.1101885],[17.082942,51.1101914],[17.082955,51.1101942],[17.082968,51.110197],[17.082981,51.1101998],[17.0830277,51.1102036]]}},{"type":"Feature","properties":{"layer":"roads"},"geometry":{"type":"LineString","coordinates":[[17.0807019,51.1107682],[17.0806484,51.110778],[17.0806355,51.1107743],[17.0806226,51.1107706],[17.0806097,51.110767],[17.0805968,51.1107633],[17.0805839,51.1107596],[17.0805709,51.1107559],[17.080558,51.1107522],[17.0805451,51.1107485],[17.0805322,51.1107448],[17.0805193,51.1107412],[17.0805064,51.1107375],[17.0804935,51.1107338],[17.0804806,51.1107301],[17.0804677,51.1107264],[17.0804548,51.1107227],[17.0804419,51.1107191],[17.080429,51.1107154],[17.0804161,51.1107117],[17.0804032,51.110708],[17.0803902,51.1107043],[17.0803773,51.1107006],[17.0803644,51.1106969],[17.0803515,51.1106933],[17.0803386,51.1106896],[17.0803257,51.1106859],[17.0803128,51.1106822],[17.0802999,51.1106785],[17.080287,51.1106748],[17.0802741,51.1106711],[17.0802612,51.1106675],[17.0802483,51.1106638],[17.0802354,51.1106601],[17.0802224,51.1106564],[17.0802095,51.1106527],[17.0801966,51.110649],[17.0801837,51.1106454],[17.0801708,51.1106417],[17.0801579,51.110638],[17.080145,51.1106343],[17.0801321,51.1106306],[17.0801192,51.1106269],[17.0801063,51.1106232],[17.0800934,51.1106196],[17.0800805,51.1106159],[17.0800676,51.1106122],[17.0800546,51.1106085],[17.0800417,51.1106048],[17.0800288,51.1106011],[17.0800159,51.1105974],[17.080003,51.1105938],[17.0799901,51.1105901],[17.0799772,51.1105864],[17.0799643,51.1105827],[17.0799514,51.110579],[17.0799385,51.1105753],[17.0799256,51.1105717],[17.0799127,51.110568],[17.0798998,51.1105643],[17.0798869,51.1105606],[17.0798739,51.1105569],[17.079861,51.1105532],[17.0798481,51.1105495],[17.0798352,51.1105459],[17.0798223,51.1105422],[17.0798094,51.1105385],[17.0797965,51.1105348],[17.0797836,51.1105311],[17.0797707,51.1105274],[17.0797577,51.1105237],[17.0797448,51.11052],[17.0797319,51.1105163],[17.079719,51.1105126],[17.0797061,51.1105089],[17.0796932,51.1105052],[17.0796802,51.1105015],[17.0796673,51.1104978],[17.0796544,51.1104941],[17.0796415,51.1104904],[17.0796286,51.1104867],[17.0796157,51.110483],[17.0796027,51.1104793],[17.0795898,51.1104756],[17.0795769,51.1104719],[17.079564,51.1104682],[17.0795511,51.1104645],[17.0795382,51.1104608],[17.0795252,51.1104571],[17.0795123,51.1104534],[17.0794994,51.1104497],[17.0794865,51.110446],[17.0794736,51.1104423],[17.0794607,51.1104386],[17.0794477,51.1104349],[17.0794348,51.1104312],[17.0794219,51.1104275],[17.079409,51.1104238],[17.0793961,51.1104201],[17.0793832,51.1104164],[17.0793703,51.1104127],[17.0793573,51.110409],[17.0793444,51.1104053],[17.0793315,51.1104017],[17.0793186,51.110398],[17.0793057,51.1103943],[17.0792928,51.1103906],[17.0792798,51.1103869],[17.0792669,51.1103832],[17.079254,51.1103795],[17.0792411,51.1103758],[17.0792282,51.1103721],[17.0792153,51.1103684],[17.0792023,51.1103647],[17.0791894,51.110361],[17.0791765,51.1103573],[17.0791636,51.1103536],[17.0791507,51.1103499],[17.0791378,51.1103462],[17.0791248,51.1103425],[17.0791119,51.1103388],[17.079099,51.1103351],[17.0790861,51.1103314],[17.0790732,51.1103277],[17.0790603,51.110324],[17.0790473,51.1103203],[17.0790344,51.1103166],[17.0790215,51.1103129],[17.0790086,51.1103092],[17.0789957,51.1103055],[17.0789828,51.1103018],[17.0789698,51.1102981],[17.0789569,51.1102944],[17.078944,51.1102907],[17.0789311,51.110287],[17.0789182,51.1102833],[17.0789053,51.1102796],[17.0788923,51.1102759],[17.0788794,51.1102722],[17.0788665,51.1102685],[17.0788375,51.1102477]]}},{"type":"Feature","properties":{"layer":"roads"},"geometry":{"type":"LineString","coordinates":[[17.0807019,51.1107682],[17.0806393,51.1108136],[17.0806337,51.1108213],[17.080628,51.1108291],[17.0806224,51.1108368],[17.0806166,51.1108448],[17.0806108,51.1108528],[17.080605,51.1108608],[17.0806,51.1108683],[17.08058,51.1108982]]}},{"type":"Feature","properties":{"layer":"roads"},"geometry":{"type":"LineString","coordinates":[[17.0788375,51.1102477],[17.0788606,51.1102161],[17.0788648,51.1102087],[17.0788691,51.1102013],[17.078872,51.1101938],[17.078875,51.1101862],[17.0788779,51.1101787],[17.0788808,51.1101712],[17.0788837,51.1101637],[17.0788867,51.1101561],[17.0788896,51.1101486],[17.0788925,51.1101405],[17.0788955,51.1101325],[17.0788984,51.1101244],[17.0789014,51.1101164],[17.0789043,51.1101083],[17.0789073,51.1101003],[17.0789102,51.1100922],[17.0789131,51.1100841],[17.0789315,51.1100592]]}},{"type":"Feature","properties":{"layer":"roads"},"geometry":{"type":"LineString","coordinates":[[17.0788375,51.1102477],[17.0787922,51.1102467],[17.0787798,51.110243],[17.0787673,51.1102393],[17.0787549,51.1102356],[17.0787424,51.110232],[17.07873,51.1102283],[17.0787176,51.1102246],[17.0787051,51.1102209],[17.0786927,51.1102173],[17.0786802,51.1102136],[17.0786678,51.1102099],[17.0786554,51.1102062],[17.0786429,51.1102026],[17.0786305,51.1101989],[17.078618,51.1101952],[17.0785757,51.1101763]]}},{"type":"Feature","properties":{"layer":"roads"},"geometry":{"type":"LineString","coordinates":[[17.0785757,51.1101763],[17.078529,51.1101687],[17.0785161,51.1101648],[17.0785032,51.1101609],[17.0784903,51.110157],[17.0784774,51.1101531],[17.0784645,51.1101492],[17.0784516,51.1101453],[17.0784386,51.1101415],[17.0784257,51.1101376],[17.0784128,51.1101337],[17.0783999,51.1101298],[17.078387,51.1101259],[17.0783741,51.110122],[17.0783612,51.1101181],[17.0783482,51.1101143],[17.0783353,51.1101104],[17.0783224,51.1101065],[17.0783095,51.1101026],[17.0782966,51.1100987],[17.0782837,51.1100948],[17.0782708,51.1100909],[17.0782578,51.1100871],[17.0782449,51.1100832],[17.078232,51.1100793],[17.0782191,51.1100754],[17.0782062,51.1100715],[17.0781933,51.1100676],[17.0781804,51.1100637],[17.0781674,51.1100599],[17.0781545,51.110056],[17.0781416,51.1100521],[17.0781287,51.1100482],[17.0781158,51.1100443],[17.0781029,51.1100404],[17.07809,51.1100365],[17.078077,51.1100327],[17.0780641,51.1100288],[17.0780512,51.1100249],[17.0780383,51.110021],[17.0780254,51.1100171],[17.0780125,51.1100132],[17.0779996,51.1100093],[17.0779866,51.1100055],[17.0779737,51.1100016],[17.0779608,51.1099977],[17.0779479,51.1099938],[17.077935,51.1099899],[17.0779221,51.109986],[17.0779092,51.1099821],[17.0778962,51.1099783],[17.0778532,51.1099591]]}},{"type":"Feature","properties":{"layer":"roads"},"geometry":{"type":"LineString","coordinates":[[17.0785757,51.1101763],[17.0786025,51.1101525],[17.0786079,51.1101446],[17.0786134,51.1101366],[17.0786188,51.1101287],[17.0786243,51.1101208],[17.0786297,51.1101128],[17.0786352,51.1101049],[17.0786406,51.110097],[17.0786461,51.1100891],[17.0786515,51.1100811],[17.078657,51.1100732],[17.0786624,51.1100653],[17.0786679,51.1100574],[17.0786733,51.1100494],[17.0786788,51.1100415],[17.0786842,51.1100336],[17.0786897,51.1100256],[17.0786951,51.1100177],[17.0787165,51.1099859]]}},{"type":"Feature","properties":{"layer":"roads"},"geometry":{"type":"LineString","coordinates":[[17.0844293,51.1087694],[17.0844728,51.108745],[17.0844847,51.1087402],[17.0844967,51.1087353],[17.0845087,51.1087304],[17.0845207,51.1087255],[17.0845327,51.1087206],[17.0845447,51.1087157],[17.0845567,51.1087108],[17.0845687,51.1087059],[17.0845806,51.1087011],[17.0845926,51.1086962],[17.0846046,51.1086913],[17.0846166,51.1086864],[17.0846286,51.1086815],[17.0846402,51.1086767],[17.0846517,51.108672],[17.0846633,51.1086672],[17.0846749,51.1086624],[17.0846864,51.1086576],[17.084698,51.1086529],[17.0847095,51.1086481],[17.0847211,51.1086433],[17.0847327,51.1086386],[17.0847442,51.1086338],[17.0847558,51.108629],[17.0847674,51.1086242],[17.0847789,51.1086195],[17.0848204,51.1085881]]}},{"type":"Feature","properties":{"layer":"roads"},"geometry":{"type":"LineString","coordinates":[[17.0844293,51.1087694],[17.084394,51.1087346],[17.0843863,51.1087271],[17.0843786,51.1087196],[17.0843709,51.1087122],[17.0843632,51.1087047],[17.0843555,51.1086972],[17.0843478,51.1086897],[17.0843401,51.1086822],[17.0843324,51.1086747],[17.0843247,51.1086672],[17.084317,51.1086597],[17.0843092,51.1086522],[17.0843015,51.1086447],[17.0842938,51.1086372],[17.0842861,51.1086297],[17.0842784,51.1086222],[17.0842707,51.1086147],[17.084263,51.1086072],[17.0842553,51.1085998],[17.0842476,51.1085923],[17.0842399,51.1085848],[17.0842322,51.1085773],[17.0842245,51.1085698],[17.0842168,51.1085623],[17.0842091,51.1085548],[17.0842005,51.1085478],[17.0841919,51.1085407],[17.0841833,51.1085337],[17.0841747,51.1085267],[17.0841662,51.1085196],[17.0841576,51.1085126],[17.084149,51.1085055],[17.0841404,51.1084985],[17.0841318,51.1084915],[17.0841232,51.1084844],[17.0841146,51.1084774],[17.084106,51.1084703],[17.0840975,51.1084633],[17.0840889,51.1084563],[17.0840803,51.1084492],[17.0840717,51.1084422],[17.0840631,51.1084352],[17.0840545,51.1084281],[17.0840459,51.1084211],[17.0840373,51.1084141],[17.0840288,51.108407],[17.0840202,51.1084],[17.0840116,51.1083929],[17.084003,51.1083859],[17.0839944,51.1083789],[17.0839858,51.1083718],[17.0839772,51.1083648],[17.0839686,51.1083577],[17.0839302,51.1083234]]}},{"type":"Feature","properties":{"layer":"roads"},"geometry":{"type":"LineString","coordinates":[[17.0844293,51.1087694],[17.0843873,51.1087891],[17.0843779,51.1087952],[17.0843686,51.1088014],[17.0843592,51.1088075],[17.0843498,51.1088136],[17.0843404,51.1088197],[17.084331,51.1088259],[17.0843217,51.108832],[17.0843123,51.1088381],[17.0843035,51.1088442],[17.0842947,51.1088502],[17.0842859,51.1088563],[17.0842771,51.1088623],[17.0842683,51.1088684],[17.0842596,51.1088744],[17.0842508,51.1088805],[17.084242,51.1088865],[17.0842332,51.1088926],[17.0842244,51.1088986],[17.0842152,51.1089055],[17.0842061,51.1089123],[17.0841969,51.1089192],[17.0841878,51.1089261],[17.0841786,51.1089329],[17.0841695,51.1089398],[17.0841603,51.1089467],[17.0841512,51.1089535],[17.084142,51.1089604],[17.0841329,51.1089672],[17.0841237,51.1089741],[17.0841146,51.108981],[17.0841054,51.1089878],[17.0840963,51.1089947],[17.0840871,51.1090016],[17.084078,51.1090084],[17.0840688,51.1090153],[17.0840611,51.1090229],[17.0840534,51.1090305],[17.0840457,51.1090381],[17.0840381,51.1090456],[17.0840304,51.1090532],[17.0840227,51.1090608],[17.084015,51.1090684],[17.0840073,51.109076],[17.0839996,51.1090836],[17.0839919,51.1090912],[17.0839843,51.1090987],[17.0839766,51.1091063],[17.0839689,51.1091139],[17.0839612,51.1091215],[17.0839535,51.1091291],[17.0839458,51.1091367],[17.0839381,51.1091443],[17.0839304,51.1091519],[17.0839228,51.1091594],[17.0839151,51.109167],[17.0839074,51.1091746],[17.0838997,51.1091822],[17.083892,51.1091898],[17.0838843,51.1091974],[17.0838766,51.109205],[17.083869,51.1092125],[17.0838613,51.1092201],[17.0838536,51.1092277],[17.0838459,51.1092353],[17.0838382,51.1092429],[17.0838305,51.1092505],[17.0838228,51.1092581],[17.0838152,51.1092656],[17.0838075,51.1092732],[17.0837998,51.1092808],[17.0837921,51.1092884],[17.0837844,51.109296],[17.0837767,51.1093036],[17.083769,51.1093112],[17.0837613,51.1093188],[17.0837537,51.1093263],[17.083746,51.1093339],[17.0837383,51.1093415],[17.0837306,51.1093491],[17.0837229,51.1093567],[17.0837152,51.1093643],[17.0837075,51.1093719],[17.0836999,51.1093794],[17.0836922,51.109387],[17.0836845,51.1093946],[17.0836768,51.1094022],[17.0836695,51.1094099],[17.0836622,51.1094176],[17.0836549,51.1094253],[17.0836475,51.1094329],[17.0836402,51.1094406],[17.0836329,51.1094483],[17.0836256,51.109456],[17.0836183,51.1094637],[17.083611,51.1094714],[17.0836037,51.1094791],[17.0835964,51.1094868],[17.083589,51.1094944],[17.0835817,51.1095021],[17.0835744,51.1095098],[17.0835671,51.1095175],[17.0835598,51.1095252],[17.0835525,51.1095329],[17.0835452,51.1095406],[17.0835378,51.1095482],[17.0835305,51.1095559],[17.0835232,51.1095636],[17.0835159,51.1095713],[17.0835086,51.109579],[17.0835013,51.1095867],[17.083494,51.1095944],[17.0834867,51.1096021],[17.0834793,51.1096097],[17.083472,51.1096174],[17.0834647,51.1096251],[17.0834574,51.1096328],[17.0834509,51.1096405],[17.0834444,51.1096482],[17.0834379,51.1096559],[17.0834314,51.1096637],[17.0834249,51.1096714],[17.0834185,51.1096791],[17.083412,51.1096868],[17.0834055,51.1096945],[17.083399,51.1097022],[17.0833925,51.1097099],[17.083386,51.1097176],[17.0833795,51.1097253],[17.083373,51.1097331],[17.0833665,51.1097408],[17.08336,51.1097485],[17.0833536,51.1097562],[17.0833471,51.1097639],[17.0833406,51.1097716],[17.0833341,51.1097793],[17.0833276,51.1097871],[17.0833211,51.1097948],[17.0833146,51.1098025],[17.0833081,51.1098102],[17.0833016,51.1098179],[17.0832951,51.1098256],[17.0832886,51.1098333],[17.0832822,51.109841],[17.0832757,51.1098487],[17.0832692,51.1098565],[17.0832627,51.1098642],[17.0832562,51.1098719],[17.0832497,51.1098796],[17.0832439,51.1098869],[17.083238,51.1098943],[17.0832322,51.1099016],[17.0832264,51.109909],[17.0832206,51.1099163],[17.0832147,51.1099237],[17.0832089,51.109931],[17.0831945,51.1099619]]}},{"type":"Feature","properties":{"layer":"roads"},"geometry":{"type":"LineString","coordinates":[[17.0844293,51.1087694],[17.0844472,51.1087971],[17.0844529,51.1088052],[17.0844585,51.1088133],[17.0844641,51.1088214],[17.0844697,51.1088296],[17.0844753,51.1088377],[17.0844809,51.1088458],[17.0844865,51.1088539],[17.0844921,51.108862],[17.0844978,51.1088702],[17.0845034,51.1088783],[17.084509,51.1088864],[17.0845146,51.1088945],[17.0845202,51.1089026],[17.0845258,51.1089108],[17.0845314,51.1089189],[17.084537,51.108927],[17.0845427,51.1089351],[17.0845483,51.1089432],[17.0845539,51.1089513],[17.0845595,51.1089595],[17.0845651,51.1089676],[17.0845707,51.1089757],[17.0845763,51.1089838],[17.0845819,51.1089919],[17.0845876,51.1090001],[17.0845932,51.1090082],[17.0845988,51.1090163],[17.0846044,51.1090244],[17.08461,51.1090325],[17.0846156,51.1090407],[17.0846212,51.1090488],[17.0846268,51.1090569],[17.0846325,51.109065],[17.0846381,51.1090731],[17.0846437,51.1090813],[17.0846493,51.1090894],[17.0846549,51.1090975],[17.084659,51.109106],[17.0846631,51.1091145],[17.0846672,51.109123],[17.0846713,51.1091315],[17.0846754,51.10914],[17.0846795,51.1091486],[17.0846836,51.1091571],[17.0846876,51.1091656],[17.0846917,51.1091741],[17.0846958,51.1091826],[17.0846999,51.1091911],[17.084704,51.1091996],[17.0847081,51.1092081],[17.0847122,51.1092166],[17.0847163,51.1092251],[17.0847204,51.1092336],[17.0847245,51.1092421],[17.0847286,51.1092506],[17.0847327,51.1092592],[17.0847368,51.1092677],[17.0847409,51.1092762],[17.084745,51.1092847],[17.0847491,51.1092932],[17.0847532,51.1093017],[17.0847572,51.1093102],[17.0847613,51.1093187],[17.0847654,51.1093272],[17.0847695,51.1093357],[17.0847736,51.1093442],[17.0847777,51.1093527],[17.0847818,51.1093613],[17.0847859,51.1093698],[17.08479,51.1093783],[17.0847941,51.1093868],[17.0847982,51.1093953],[17.0848023,51.1094038],[17.0848064,51.1094123],[17.0848105,51.1094208],[17.0848146,51.1094293],[17.0848187,51.1094378],[17.0848227,51.1094463],[17.0848268,51.1094548],[17.0848309,51.1094634],[17.084835,51.1094719],[17.0848391,51.1094804],[17.0848432,51.1094889],[17.0848473,51.1094974],[17.0848514,51.1095059],[17.0848539,51.1095145],[17.0848565,51.1095231],[17.084859,51.1095318],[17.0848615,51.1095404],[17.0848641,51.109549],[17.0848666,51.1095576],[17.0848691,51.1095663],[17.0848717,51.1095749],[17.0848742,51.1095835],[17.0848768,51.1095921],[17.0848793,51.1096007],[17.0848818,51.1096094],[17.0848844,51.109618],[17.0848869,51.1096266],[17.0848894,51.1096352],[17.084892,51.1096438],[17.0848945,51.1096525],[17.084897,51.1096611],[17.0848996,51.1096697],[17.0849021,51.1096783],[17.0849046,51.109687],[17.0849072,51.1096956],[17.0849097,51.1097042],[17.0849122,51.1097128],[17.0849148,51.1097214],[17.0849173,51.1097301],[17.0849198,51.1097387],[17.0849224,51.1097473],[17.0849249,51.1097559],[17.0849275,51.1097645],[17.08493,51.1097732],[17.084959,51.1097982]]}},{"type":"Feature","properties":{"layer":"roads"},"geometry":{"type":"LineString","coordinates":[[17.0831945,51.1099619],[17.0832399,51.1099697],[17.0832535,51.109972],[17.0832671,51.1099743],[17.0832807,51.1099766],[17.0832943,51.1099789],[17.0833078,51.1099813],[17.0833214,51.1099836],[17.083335,51.1099859],[17.0833486,51.1099882],[17.0833622,51.1099905],[17.0833757,51.1099929],[17.0833893,51.1099952],[17.0834029,51.1099975],[17.0834165,51.1099998],[17.0834301,51.1100021],[17.0834437,51.1100044],[17.0834572,51.1100068],[17.0834708,51.1100091],[17.0834844,51.1100114],[17.0834981,51.1100133],[17.0835119,51.1100152],[17.0835256,51.1100171],[17.0835394,51.110019],[17.0835531,51.1100209],[17.0835669,51.1100228],[17.0835806,51.1100247],[17.0835944,51.1100266],[17.0836081,51.1100285],[17.0836219,51.1100304],[17.0836356,51.1100323],[17.0836494,51.1100342],[17.0836631,51.1100361],[17.0836769,51.110038],[17.0836906,51.1100399],[17.0837038,51.1100426],[17.083717,51.1100454],[17.0837302,51.1100481],[17.0837434,51.1100509],[17.0837565,51.1100536],[17.0837697,51.1100564],[17.0837829,51.1100591],[17.0837961,51.1100619],[17.0838093,51.1100646],[17.0838231,51.1100664],[17.0838369,51.1100682],[17.0838507,51.11007],[17.0838645,51.1100718],[17.0838783,51.1100736],[17.0838921,51.1100754],[17.0839059,51.1100772],[17.0839196,51.110079],[17.0839334,51.1100808],[17.0839472,51.1100826],[17.083961,51.1100844],[17.0839748,51.1100862],[17.0839886,51.110088],[17.0840024,51.1100898],[17.0840162,51.1100916],[17.0840289,51.1100947],[17.0840416,51.1100979],[17.0840544,51.110101],[17.0840671,51.1101041],[17.0840798,51.1101073],[17.0840925,51.1101104],[17.0841053,51.1101135],[17.084118,51.1101167],[17.0841307,51.1101198],[17.084142,51.1101244],[17.0841533,51.110129],[17.0841646,51.1101335],[17.0841759,51.1101381],[17.0841872,51.1101427],[17.0841985,51.1101473],[17.0842099,51.1101519],[17.0842212,51.1101564],[17.0842325,51.110161],[17.0842438,51.1101656],[17.0842551,51.1101702],[17.0843035,51.1101863]]}},{"type":"Feature","properties":{"layer":"roads"},"geometry":{"type":"LineString","coordinates":[[17.0831945,51.1099619],[17.0831356,51.1099476],[17.0831231,51.1099444],[17.0831106,51.1099412],[17.0830981,51.109938],[17.0830856,51.1099348],[17.0830731,51.1099316],[17.0830606,51.1099284],[17.0830481,51.1099252],[17.0830356,51.109922],[17.0830231,51.1099178],[17.0830107,51.1099135],[17.0829982,51.1099093],[17.0829858,51.1099051],[17.0829733,51.1099008],[17.0829609,51.1098966],[17.0829484,51.1098924],[17.082936,51.1098882],[17.0829235,51.1098839],[17.082911,51.1098797],[17.0828986,51.1098755],[17.0828861,51.1098712],[17.0828737,51.109867],[17.0828612,51.1098628],[17.0828488,51.1098585],[17.0828363,51.1098543],[17.0828239,51.1098501],[17.0828114,51.1098458],[17.082799,51.1098416],[17.0827865,51.1098374],[17.082774,51.1098331],[17.0827616,51.1098289],[17.0827491,51.1098247],[17.0827367,51.1098205],[17.0827242,51.1098162],[17.0826869,51.1098035],[17.082637,51.1097834]]}},{"type":"Feature","properties":{"layer":"roads"},"geometry":{"type":"LineString","coordinates":[[17.0831945,51.1099619],[17.0831653,51.1099938],[17.0831602,51.1100022],[17.0831551,51.1100105],[17.08315,51.1100189],[17.0831449,51.1100273],[17.0831398,51.1100356],[17.0831347,51.110044],[17.0831296,51.1100523],[17.0831246,51.1100607],[17.0831195,51.110069],[17.0831144,51.1100774],[17.0831093,51.1100857],[17.0831042,51.1100941],[17.0830991,51.1101025],[17.083094,51.1101108],[17.083089,51.1101192],[17.0830839,51.1101275],[17.0830788,51.1101359],[17.0830737,51.1101442],[17.0830686,51.1101526],[17.0830635,51.110161],[17.0830584,51.1101693],[17.0830533,51.1101777],[17.0830277,51.1102036]]}},{"type":"Feature","properties":{"layer":"roads"},"geometry":{"type":"LineString","coordinates":[[17.0877776,51.1150555],[17.0877196,51.1150385],[17.0877067,51.1150353],[17.0876939,51.115032],[17.087681,51.1150287],[17.0876681,51.1150255],[17.0876552,51.1150222],[17.0876423,51.1150189],[17.0876294,51.1150157],[17.0876165,51.1150124],[17.0876028,51.1150102],[17.0875892,51.115008],[17.0875755,51.1150057],[17.0875619,51.1150035],[17.0875482,51.1150013],[17.0875346,51.1149991],[17.0875209,51.1149968],[17.0875073,51.1149946],[17.0874936,51.1149924],[17.08748,51.1149902],[17.0874663,51.1149879],[17.0874526,51.1149857],[17.087439,51.1149835],[17.0874253,51.1149813],[17.0874117,51.114979],[17.087398,51.1149768],[17.0873844,51.1149746],[17.0873707,51.1149724],[17.0873571,51.1149701],[17.0873434,51.1149679],[17.0873298,51.1149657],[17.0873161,51.1149635],[17.0873024,51.1149613],[17.0872888,51.114959],[17.0872751,51.1149568],[17.0872615,51.1149546],[17.0872478,51.1149524],[17.0872342,51.1149501],[17.0872205,51.1149479],[17.0872069,51.1149457],[17.0871932,51.1149435],[17.0871796,51.1149412],[17.0871659,51.114939],[17.0871523,51.1149368],[17.0871386,51.1149346],[17.0871249,51.1149323],[17.0871113,51.1149301],[17.0870976,51.1149279],[17.087084,51.1149257],[17.0870703,51.1149234],[17.0870567,51.1149212],[17.087043,51.114919],[17.0869996,51.1149061]]}},{"type":"Feature","properties":{"layer":"roads"},"geometry":{"type":"LineString","coordinates":[[17.0877776,51.1150555],[17.0878015,51.1150217],[17.0878091,51.1150142],[17.0878166,51.1150068],[17.0878242,51.1149993],[17.0878318,51.1149918],[17.0878394,51.1149844],[17.0878469,51.1149769],[17.0878545,51.1149694],[17.0878621,51.1149619],[17.0878697,51.1149545],[17.0878772,51.114947],[17.0878848,51.1149395],[17.0878924,51.1149321],[17.0879,51.1149246],[17.0879075,51.1149171],[17.0879151,51.1149097],[17.0879227,51.1149022],[17.0879302,51.1148947],[17.0879378,51.1148872],[17.0879454,51.1148798],[17.087953,51.1148723],[17.0879605,51.1148648],[17.0879681,51.1148574],[17.0879757,51.1148499],[17.0879833,51.1148424],[17.0879908,51.1148349],[17.0879984,51.1148275],[17.088006,51.11482],[17.0880136,51.1148125],[17.0880211,51.1148051],[17.0880287,51.1147976],[17.0880363,51.1147901],[17.0880439,51.1147826],[17.0880514,51.1147752],[17.088059,51.1147677],[17.0880664,51.1147602],[17.0880739,51.1147527],[17.0880813,51.1147451],[17.0880887,51.1147376],[17.0880962,51.1147301],[17.0881036,51.1147226],[17.0881111,51.1147151],[17.0881185,51.1147076],[17.0881259,51.1147],[17.0881334,51.1146925],[17.0881408,51.114685],[17.0881482,51.1146775],[17.0881557,51.11467],[17.0881631,51.1146624],[17.0881706,51.1146549],[17.088178,51.1146474],[17.0881854,51.1146399],[17.0881929,51.1146324],[17.0882003,51.1146248],[17.0882077,51.1146173],[17.0882152,51.1146098],[17.0882226,51.1146023],[17.08823,51.1145948],[17.0882375,51.1145873],[17.0882449,51.1145797],[17.0882524,51.1145722],[17.0882598,51.1145647],[17.0882672,51.1145572],[17.0882747,51.1145497],[17.0882821,51.1145421],[17.0882895,51.1145346],[17.088297,51.1145271],[17.0883044,51.1145196],[17.0883119,51.1145121],[17.0883193,51.1145046],[17.0883267,51.114497],[17.0883342,51.1144895],[17.0883416,51.114482],[17.0883491,51.1144744],[17.0883566,51.1144669],[17.0883641,51.1144593],[17.0883716,51.1144518],[17.0883791,51.1144442],[17.0883866,51.1144366],[17.0883941,51.1144291],[17.0884016,51.1144215],[17.0884091,51.114414],[17.0884166,51.1144064],[17.0884241,51.1143989],[17.0884316,51.1143913],[17.0884391,51.1143837],[17.0884466,51.1143762],[17.0884541,51.1143686],[17.0884616,51.1143611],[17.0884691,51.1143535],[17.0884766,51.1143459],[17.0884841,51.1143384],[17.0884916,51.1143308],[17.0884991,51.1143233],[17.0885066,51.1143157],[17.0885141,51.1143082],[17.0885216,51.1143006],[17.0885291,51.114293],[17.0885366,51.1142855],[17.0885441,51.1142779],[17.0885516,51.1142704],[17.0885591,51.1142628],[17.0885666,51.1142552],[17.0885741,51.1142477],[17.0885816,51.1142401],[17.0885891,51.1142326],[17.0885966,51.114225],[17.0886042,51.1142174],[17.0886117,51.1142099],[17.0886192,51.1142023],[17.0886267,51.1141948],[17.0886342,51.1141872],[17.0886417,51.1141797],[17.0886492,51.1141721],[17.0886567,51.1141645],[17.0886642,51.114157],[17.0886717,51.1141494],[17.0886792,51.1141419],[17.0886867,51.1141343],[17.0886942,51.1141267],[17.0887017,51.1141192],[17.0887092,51.1141116],[17.0887167,51.1141041],[17.0887242,51.1140965],[17.0887317,51.114089],[17.0887392,51.1140814],[17.0887467,51.1140738],[17.0887542,51.1140663],[17.0887617,51.1140587],[17.0887692,51.1140512],[17.0887767,51.1140436],[17.0887842,51.114036],[17.0887917,51.1140285],[17.0887992,51.1140209],[17.0888067,51.1140134],[17.0888142,51.1140058],[17.0888217,51.1139983],[17.0888292,51.1139907],[17.0888367,51.1139831],[17.0888442,51.1139756],[17.0888517,51.113968],[17.0888592,51.1139605],[17.0888667,51.1139529],[17.088874,51.1139454],[17.0888813,51.1139379],[17.0888886,51.1139304],[17.088896,51.113923],[17.0889033,51.1139155],[17.0889222,51.1138862]]}},{"type":"Feature","properties":{"layer":"roads"},"geometry":{"type":"LineString","coordinates":[[17.0877776,51.1150555],[17.0877449,51.1150818],[17.0877383,51.1150893],[17.0877317,51.1150969],[17.0877251,51.1151044],[17.0877186,51.115112],[17.087712,51.1151195],[17.0877054,51.1151271],[17.0876988,51.1151346],[17.0876922,51.1151422],[17.0876857,51.1151497],[17.0876791,51.1151573],[17.0876725,51.1151648],[17.0876649,51.1151723],[17.0876573,51.1151799],[17.0876497,51.1151874],[17.087642,51.115195],[17.0876344,51.1152025],[17.0876268,51.11521],[17.0876192,51.1152176],[17.0876116,51.1152251],[17.087604,51.1152327],[17.0875964,51.1152402],[17.0875888,51.1152477],[17.0875811,51.1152553],[17.0875735,51.1152628],[17.0875659,51.1152704],[17.0875583,51.1152779],[17.0875507,51.1152854],[17.0875431,51.115293],[17.0875355,51.1153005],[17.0875279,51.1153081],[17.0875202,51.1153156],[17.0875126,51.1153231],[17.087505,51.1153307],[17.0874974,51.1153382],[17.0874898,51.1153458],[17.0874822,51.1153533],[17.0874746,51.1153608],[17.087467,51.1153684],[17.0874593,51.1153759],[17.0874517,51.1153835],[17.0874441,51.115391],[17.0874365,51.1153985],[17.0874289,51.1154061],[17.0874213,51.1154136],[17.0874137,51.1154211],[17.0874061,51.1154287],[17.0873984,51.1154362],[17.0873908,51.1154438],[17.0873832,51.1154513],[17.0873756,51.1154588],[17.087368,51.1154664],[17.0873604,51.1154739],[17.0873528,51.1154815],[17.0873452,51.115489],[17.0873375,51.1154965],[17.0873299,51.1155041],[17.0873223,51.1155116],[17.0873147,51.1155192],[17.0873071,51.1155267],[17.0872995,51.1155342],[17.0872919,51.1155418],[17.0872843,51.1155493],[17.0872766,51.1155569],[17.087269,51.1155644],[17.0872614,51.1155719],[17.0872538,51.1155795],[17.0872462,51.115587],[17.0872386,51.1155946],[17.087231,51.1156021],[17.0872234,51.1156096],[17.0872157,51.1156172],[17.0872081,51.1156247],[17.0872005,51.1156323],[17.0871929,51.1156398],[17.0871853,51.1156473],[17.0871777,51.1156549],[17.0871701,51.1156624],[17.0871624,51.11567],[17.0871548,51.1156775],[17.0871472,51.1156851],[17.0871396,51.1156926],[17.087132,51.1157001],[17.0871244,51.1157077],[17.0871168,51.1157152],[17.0871091,51.1157228],[17.0871015,51.1157303],[17.0870939,51.1157379],[17.0870863,51.1157454],[17.0870787,51.1157529],[17.0870711,51.1157605],[17.0870635,51.115768],[17.0870558,51.1157756],[17.0870482,51.1157831],[17.0870406,51.1157907],[17.087033,51.1157982],[17.0870254,51.1158057],[17.0870178,51.1158133],[17.0870102,51.1158208],[17.0870025,51.1158284],[17.0869949,51.1158359],[17.0869873,51.1158435],[17.0869797,51.115851],[17.0869721,51.1158585],[17.0869645,51.1158661],[17.0869569,51.1158736],[17.0869492,51.1158812],[17.0869416,51.1158887],[17.086934,51.1158963],[17.0869264,51.1159038],[17.0869188,51.1159113],[17.0869112,51.1159189],[17.0869036,51.1159264],[17.0868959,51.115934],[17.0868883,51.1159415],[17.0868807,51.1159491],[17.0868731,51.1159566],[17.0868655,51.1159641],[17.0868579,51.1159717],[17.0868503,51.1159792],[17.0868426,51.1159868],[17.086835,51.1159943],[17.0868274,51.1160019],[17.0868198,51.1160094],[17.0868122,51.1160169],[17.0868046,51.1160245],[17.086797,51.116032],[17.0867893,51.1160396],[17.0867817,51.1160471],[17.0867741,51.1160547],[17.0867665,51.1160622],[17.0867589,51.1160697],[17.0867513,51.1160773],[17.0867437,51.1160848],[17.086736,51.1160924],[17.0867284,51.1160999],[17.0867208,51.1161075],[17.0867132,51.116115],[17.0867063,51.1161225],[17.0866995,51.1161299],[17.0866926,51.1161374],[17.0866857,51.1161449],[17.0866788,51.1161523],[17.086672,51.1161598],[17.0866651,51.1161673],[17.0866582,51.1161747],[17.0866513,51.1161822],[17.0866445,51.1161897],[17.0866376,51.1161972],[17.0866307,51.1162046],[17.0866238,51.1162121],[17.086617,51.1162196],[17.0866101,51.116227],[17.0866032,51.1162345],[17.0865794,51.116261]]}},{"type":"Feature","properties":{"layer":"roads"},"geometry":{"type":"LineString","coordinates":[[17.0865794,51.116261],[17.0865317,51.1162416],[17.086519,51.1162378],[17.0865062,51.116234],[17.0864935,51.1162301],[17.0864808,51.1162263],[17.0864672,51.1162246],[17.0864536,51.1162228],[17.0864401,51.1162211],[17.0864265,51.1162193],[17.0864129,51.1162176],[17.0863993,51.1162159],[17.0863857,51.1162141],[17.0863721,51.1162124],[17.0863585,51.1162106],[17.086345,51.1162089],[17.0863314,51.1162071],[17.0863178,51.1162054],[17.0863042,51.1162037],[17.0862906,51.1162021],[17.086277,51.1162004],[17.0862634,51.1161988],[17.0862499,51.1161971],[17.0862363,51.1161954],[17.0862227,51.1161938],[17.0862091,51.1161921],[17.0861955,51.1161904],[17.0861819,51.1161888],[17.0861683,51.1161871],[17.0861547,51.1161855],[17.0861411,51.1161838],[17.0861276,51.1161821],[17.086114,51.1161805],[17.0861004,51.1161788],[17.0860868,51.1161772],[17.0860732,51.1161755],[17.0860596,51.1161738],[17.086046,51.1161722],[17.0860324,51.1161705],[17.0860189,51.1161688],[17.0860053,51.1161672],[17.0859917,51.1161655],[17.0859781,51.1161639],[17.0859645,51.1161622],[17.0859508,51.1161603],[17.0859372,51.1161584],[17.0859235,51.1161565],[17.0859098,51.1161546],[17.0858962,51.1161527],[17.0858825,51.1161507],[17.0858688,51.1161488],[17.0858552,51.1161469],[17.0858415,51.116145],[17.0858278,51.1161431],[17.0858142,51.1161412],[17.0858005,51.1161393],[17.0857868,51.1161374],[17.0857732,51.1161355],[17.0857595,51.1161336],[17.0857458,51.1161316],[17.0857321,51.1161297],[17.0857185,51.1161278],[17.0857048,51.1161259],[17.0856911,51.116124],[17.0856775,51.1161221],[17.0856638,51.1161202],[17.0856501,51.1161183],[17.0856365,51.1161164],[17.0856228,51.1161145],[17.0856091,51.1161125],[17.0855955,51.1161106],[17.0855818,51.1161087],[17.0855681,51.1161068],[17.0855545,51.1161049],[17.0855408,51.116103],[17.0855269,51.1161016],[17.0855131,51.1161002],[17.0854992,51.1160988],[17.0854853,51.1160974],[17.0854715,51.1160961],[17.0854576,51.1160947],[17.0854437,51.1160933],[17.0854299,51.1160919],[17.085416,51.1160905],[17.0854021,51.1160891],[17.0853882,51.1160877],[17.0853744,51.1160864],[17.0853605,51.116085],[17.0853466,51.1160836],[17.0853328,51.1160822],[17.0853189,51.1160808],[17.0853053,51.1160795],[17.0852917,51.1160782],[17.0852781,51.1160768],[17.0852645,51.1160755],[17.0852508,51.1160742],[17.0852372,51.1160729],[17.0852236,51.1160716],[17.08521,51.1160703],[17.0851964,51.1160689],[17.0851828,51.1160676],[17.0851692,51.1160663],[17.0851556,51.116065],[17.0851419,51.1160637],[17.0851283,51.1160624],[17.0851147,51.116061],[17.0851011,51.1160597],[17.0850875,51.1160584],[17.0850741,51.1160576],[17.0850608,51.1160568],[17.0850474,51.116056],[17.0850341,51.1160553],[17.0850207,51.1160545],[17.0850074,51.1160537],[17.084994,51.1160529],[17.0849807,51.1160521],[17.0849673,51.1160513],[17.084954,51.1160505],[17.0849406,51.1160497],[17.0849273,51.116049],[17.0849139,51.1160482],[17.0849006,51.1160474],[17.0848872,51.1160466],[17.0848734,51.1160463],[17.0848596,51.116046],[17.0848458,51.1160457],[17.084832,51.1160453],[17.0848183,51.116045],[17.0848045,51.1160447],[17.0847907,51.1160444],[17.0847769,51.1160441],[17.0847631,51.1160438],[17.0847493,51.1160434],[17.0847355,51.1160431],[17.0847217,51.1160428],[17.0847079,51.1160425],[17.0846941,51.1160422],[17.0846399,51.116045]]}},{"type":"Feature","properties":{"layer":"roads"},"geometry":{"type":"LineString","coordinates":[[17.0831426,51.1134515],[17.0831375,51.1134784],[17.0831386,51.1134872],[17.0831397,51.1134959],[17.0831408,51.1135047],[17.0831418,51.1135135],[17.0831429,51.1135222],[17.083144,51.113531],[17.0831451,51.1135397],[17.0831462,51.1135485],[17.0831473,51.1135572],[17.0831483,51.113566],[17.0831494,51.1135748],[17.0831505,51.1135835],[17.0831516,51.1135923],[17.0831527,51.113601],[17.0831537,51.1136098],[17.0831548,51.1136185],[17.0831559,51.1136273],[17.0831603,51.1136355],[17.0831647,51.1136437],[17.0831691,51.1136519],[17.0831734,51.1136602],[17.0831778,51.1136684],[17.0831822,51.1136766],[17.0831866,51.1136848],[17.083191,51.113693],[17.0831954,51.1137012],[17.0831997,51.1137095],[17.0832041,51.1137177],[17.0832085,51.1137259],[17.0832129,51.1137341],[17.0832173,51.1137423],[17.0832216,51.1137505],[17.083226,51.1137588],[17.0832304,51.113767],[17.0832348,51.1137752],[17.0832392,51.1137834],[17.0832435,51.1137915],[17.0832479,51.1137997],[17.0832523,51.1138078],[17.0832567,51.113816],[17.083261,51.1138241],[17.0832654,51.1138323],[17.0832698,51.1138404],[17.0832741,51.1138486],[17.0832785,51.1138567],[17.0832829,51.1138649],[17.0832873,51.113873],[17.0832916,51.1138812],[17.083296,51.1138893],[17.0833004,51.1138975],[17.0833047,51.1139056],[17.0833091,51.1139138],[17.0833135,51.1139219],[17.0833179,51.1139301],[17.0833222,51.1139382],[17.0833266,51.1139464],[17.0833252,51.1139552],[17.0833239,51.113964],[17.0833225,51.1139729],[17.0833212,51.1139817],[17.0833198,51.1139905],[17.0833184,51.1139993],[17.0833171,51.1140081],[17.0833157,51.1140169],[17.0833144,51.1140258],[17.083313,51.1140346],[17.0833117,51.1140434],[17.0833103,51.1140522],[17.0833089,51.114061],[17.0833076,51.1140698],[17.0833062,51.1140787],[17.0833049,51.1140875],[17.0833035,51.1140963],[17.0833009,51.1141049],[17.0832984,51.1141135],[17.0832958,51.1141222],[17.0832933,51.1141308],[17.0832907,51.1141394],[17.0832882,51.114148],[17.0832856,51.1141566],[17.0832831,51.1141652],[17.0832805,51.1141739],[17.0832779,51.1141825],[17.0832754,51.1141911],[17.0832728,51.1141997],[17.0832703,51.1142083],[17.0832677,51.1142169],[17.0832652,51.1142256],[17.0832626,51.1142342],[17.0832601,51.1142428],[17.0832575,51.1142514],[17.0832531,51.1142594],[17.0832488,51.1142673],[17.0832444,51.1142753],[17.0832108,51.1143045]]}},{"type":"Feature","properties":{"layer":"roads"},"geometry":{"type":"LineString","coordinates":[[17.0831426,51.1134515],[17.0831851,51.1134572],[17.0831981,51.1134607],[17.083211,51.1134642],[17.083224,51.1134676],[17.083237,51.1134711],[17.0832499,51.1134745],[17.0832629,51.113478],[17.0832768,51.1134788],[17.0832907,51.1134797],[17.0833047,51.1134805],[17.0833186,51.1134813],[17.0833246,51.1134873],[17.0833307,51.1134934],[17.0833367,51.1134994],[17.0833359,51.1135076],[17.0833351,51.1135158],[17.0833343,51.1135239],[17.0833335,51.1135321],[17.0833326,51.1135403],[17.0833316,51.1135486],[17.0833307,51.1135568],[17.0833297,51.113565],[17.0833288,51.1135733],[17.0833279,51.1135815],[17.0833269,51.1135898],[17.083326,51.113598],[17.083326,51.1136066],[17.0833261,51.1136151],[17.0833261,51.1136237],[17.0833261,51.1136323],[17.0833262,51.1136409],[17.0833262,51.1136494],[17.0833263,51.1136837]]}},{"type":"Feature","properties":{"layer":"roads"},"geometry":{"type":"LineString","coordinates":[[17.0831426,51.1134515],[17.0831335,51.1134164],[17.0831337,51.1134075],[17.0831338,51.1133985],[17.0831339,51.1133895],[17.083134,51.1133805],[17.0831341,51.1133715],[17.0831342,51.1133625],[17.0831344,51.1133536],[17.0831345,51.1133446],[17.0831346,51.1133356],[17.0831347,51.1133266],[17.0831348,51.1133176],[17.0831349,51.1133086],[17.0831351,51.1132997],[17.0831352,51.1132907],[17.0831353,51.1132817],[17.0831354,51.1132727],[17.0831355,51.1132637],[17.0831356,51.1132547],[17.0831358,51.1132458],[17.0831359,51.1132368],[17.083136,51.1132278],[17.0831361,51.1132188],[17.0831348,51.1132108],[17.0831335,51.1132027],[17.0831322,51.1131946],[17.0831308,51.1131866],[17.0831295,51.1131786],[17.0831282,51.1131705],[17.0831269,51.1131624],[17.0831256,51.1131544],[17.0831217,51.1131465],[17.0831177,51.1131387],[17.0831138,51.1131308],[17.0831098,51.113123],[17.0831059,51.1131151],[17.083102,51.1131072],[17.083098,51.1130994],[17.0830941,51.1130915],[17.0830864,51.1130845],[17.0830788,51.1130775],[17.0830711,51.1130705],[17.0830635,51.1130634],[17.0830558,51.1130564],[17.0830481,51.1130494],[17.0830405,51.1130424],[17.0830328,51.1130354],[17.0830246,51.1130287],[17.0830163,51.113022],[17.0830081,51.1130153],[17.0829998,51.1130086],[17.0829915,51.1130019],[17.0829833,51.1129952],[17.0829751,51.1129885],[17.0829668,51.1129818],[17.0829586,51.1129751],[17.0829503,51.1129684],[17.082942,51.1129617],[17.0829338,51.112955],[17.0829238,51.1129492],[17.0829139,51.1129434],[17.0829039,51.1129376],[17.0828939,51.1129318],[17.0828839,51.112926],[17.082874,51.1129202],[17.082864,51.1129144],[17.082854,51.1129086],[17.082844,51.1129028],[17.0828341,51.112897],[17.0828241,51.1128912],[17.082813,51.1128856],[17.0828019,51.1128801],[17.0827907,51.1128745],[17.0827796,51.112869],[17.0827685,51.1128634],[17.0827574,51.1128578],[17.0827462,51.1128523],[17.0827351,51.1128467],[17.082724,51.1128412],[17.0827129,51.1128356],[17.0827018,51.11283],[17.0826906,51.1128245],[17.0826795,51.1128189],[17.0826684,51.1128133],[17.0826573,51.1128078],[17.0826462,51.1128022],[17.082635,51.1127967],[17.0826239,51.1127911],[17.0826128,51.1127855],[17.0826017,51.11278],[17.0825905,51.1127744],[17.0825794,51.1127689],[17.0825683,51.1127633],[17.0825572,51.1127577],[17.0825461,51.1127522],[17.0825349,51.1127466],[17.0825238,51.1127411],[17.0825127,51.1127355],[17.0825006,51.1127308],[17.0824885,51.1127262],[17.0824765,51.1127215],[17.0824644,51.1127169],[17.0824523,51.1127122],[17.0824402,51.1127076],[17.0824281,51.1127029],[17.082416,51.1126983],[17.082404,51.1126936],[17.0823919,51.112689],[17.0823798,51.1126843],[17.0823677,51.1126797],[17.0823556,51.112675],[17.0823436,51.1126703],[17.0823315,51.1126657],[17.0823194,51.112661],[17.0823073,51.1126564],[17.0822952,51.1126517],[17.0822831,51.1126471],[17.0822711,51.1126424],[17.082259,51.1126378],[17.0822469,51.1126331],[17.0822348,51.1126285],[17.0822227,51.1126238],[17.0822106,51.1126192],[17.0821986,51.1126145],[17.0821865,51.1126098],[17.0821744,51.1126052],[17.0821623,51.1126005],[17.0821502,51.1125959],[17.0821382,51.1125912],[17.0821261,51.1125866],[17.082114,51.1125819],[17.0821019,51.1125773],[17.0820898,51.1125726],[17.0820777,51.112568],[17.0820657,51.1125633],[17.0820536,51.1125587],[17.0820415,51.112554],[17.0820291,51.1125502],[17.0820167,51.1125464],[17.0820044,51.1125425],[17.081992,51.1125387],[17.0819796,51.1125349],[17.0819672,51.1125311],[17.0819549,51.1125273],[17.0819425,51.1125234],[17.0819301,51.1125196],[17.0819177,51.1125158],[17.0819054,51.112512],[17.081893,51.1125082],[17.0818806,51.1125043],[17.0818682,51.1125005],[17.0818559,51.1124967],[17.0818435,51.1124929],[17.0818311,51.1124891],[17.0818188,51.1124852],[17.0818064,51.1124814],[17.0817395,51.1124766]]}},{"type":"Feature","properties":{"layer":"roads"},"geometry":{"type":"LineString","coordinates":[[17.0810032,51.1126702],[17.0809536,51.1126662],[17.08094,51.1126635],[17.0809264,51.1126608],[17.0809128,51.1126581],[17.0808992,51.1126555],[17.0808856,51.1126528],[17.080872,51.1126501],[17.0808584,51.1126474],[17.0808448,51.1126447],[17.0808312,51.1126421],[17.0808176,51.1126394],[17.0808039,51.1126367],[17.0807903,51.112634],[17.0807767,51.1126314],[17.0807631,51.1126287],[17.0807495,51.112626],[17.0807359,51.1126233],[17.0807223,51.1126206],[17.0807087,51.112618],[17.0806951,51.1126153],[17.0806815,51.1126126],[17.0806679,51.1126099],[17.0806543,51.1126073],[17.0806407,51.1126046],[17.0806271,51.1126019],[17.0806135,51.1125992],[17.0805999,51.1125966],[17.0805863,51.1125939],[17.0805727,51.1125912],[17.0805591,51.1125885],[17.0805455,51.1125858],[17.0805319,51.1125832],[17.0805183,51.1125805],[17.0805047,51.1125778],[17.0804911,51.1125751],[17.0804775,51.1125725],[17.0804639,51.1125698],[17.0804503,51.1125671],[17.0804366,51.1125644],[17.080423,51.1125617],[17.0804094,51.1125591],[17.0803958,51.1125564],[17.0803822,51.1125537],[17.0803686,51.112551],[17.080355,51.1125484],[17.0803414,51.1125457],[17.0803278,51.112543],[17.0803142,51.1125403],[17.0803006,51.1125376],[17.080287,51.112535],[17.0802734,51.1125323],[17.0802598,51.1125296],[17.0802462,51.1125269],[17.0802326,51.1125243],[17.080219,51.1125216],[17.0802054,51.1125189],[17.0801918,51.1125162],[17.0801782,51.1125136],[17.0801646,51.1125109],[17.080151,51.1125082],[17.0801374,51.1125055],[17.0801238,51.1125028],[17.0801102,51.1125002],[17.0800966,51.1124975],[17.0800829,51.1124948],[17.0800693,51.1124921],[17.0800557,51.1124895],[17.0800421,51.1124868],[17.0800285,51.1124841],[17.0800149,51.1124814],[17.0800013,51.1124787],[17.0799877,51.1124761],[17.0799741,51.1124734],[17.0799605,51.1124707],[17.0799469,51.112468],[17.0799333,51.1124654],[17.0799197,51.1124627],[17.0799061,51.11246],[17.0798928,51.1124567],[17.0798795,51.1124534],[17.0798661,51.1124501],[17.0798528,51.1124468],[17.0798395,51.1124435],[17.0798262,51.1124402],[17.0798128,51.1124369],[17.0797995,51.1124336],[17.0797862,51.1124303],[17.0797729,51.112427],[17.0797595,51.1124237],[17.0797462,51.1124204],[17.0797329,51.1124171],[17.0797196,51.1124138],[17.0797062,51.1124105],[17.0796929,51.1124072],[17.0796796,51.1124039],[17.0796663,51.1124006],[17.0796529,51.1123973],[17.0796396,51.112394],[17.0796263,51.1123907],[17.079613,51.1123874],[17.0795997,51.1123841],[17.0795863,51.1123808],[17.079573,51.1123775],[17.0795597,51.1123742],[17.0795464,51.1123709],[17.079533,51.1123676],[17.0795197,51.1123643],[17.0795064,51.1123609],[17.0794931,51.1123576],[17.0794797,51.1123543],[17.0794664,51.112351],[17.0794531,51.1123477],[17.0794398,51.1123444],[17.0794264,51.1123411],[17.0794131,51.1123378],[17.0793998,51.1123345],[17.0793865,51.1123312],[17.0793732,51.1123279],[17.0793598,51.1123246],[17.0793465,51.1123213],[17.0793332,51.112318],[17.0793199,51.1123147],[17.0793065,51.1123114],[17.0792932,51.1123081],[17.0792799,51.1123048],[17.0792666,51.1123015],[17.0792532,51.1122982],[17.0792399,51.1122949],[17.0792266,51.1122916],[17.0792133,51.1122883],[17.0791999,51.112285],[17.0791866,51.1122817],[17.0791733,51.1122784],[17.07916,51.1122751],[17.0791466,51.1122718],[17.0791333,51.1122685],[17.07912,51.1122652],[17.0791079,51.1122607],[17.0790958,51.1122563],[17.0790836,51.1122518],[17.0790715,51.1122474],[17.0790594,51.1122429],[17.0790473,51.1122385],[17.0790352,51.112234],[17.079023,51.1122296],[17.0790109,51.1122251],[17.0789988,51.1122207],[17.0789867,51.1122162],[17.0789746,51.1122118],[17.0789624,51.1122073],[17.0789503,51.1122029],[17.0788847,51.1121935]]}},{"type":"Feature","properties":{"layer":"roads"},"geometry":{"type":"LineString","coordinates":[[17.0810032,51.1126702],[17.0810578,51.1127199]]}},{"type":"Feature","properties":{"layer":"roads"},"geometry":{"type":"LineString","coordinates":[[17.0810032,51.1126702],[17.0810193,51.1126427],[17.0810255,51.1126349],[17.0810317,51.112627],[17.081038,51.1126191],[17.0810442,51.1126113],[17.0810597,51.1125953],[17.0810813,51.1125763],[17.0810891,51.1125696],[17.0811007,51.1125568],[17.0811162,51.11252]]}},{"type":"Feature","properties":{"layer":"roads"},"geometry":{"type":"LineString","coordinates":[[17.0764647,51.1156461],[17.0765192,51.1156601],[17.0765321,51.1156616],[17.076545,51.1156631],[17.0765579,51.1156646],[17.0765708,51.1156661],[17.0765836,51.1156677],[17.0765965,51.1156692],[17.0766094,51.1156707],[17.0766229,51.115671],[17.0766364,51.1156712],[17.0766498,51.1156715],[17.0766633,51.1156718],[17.0766768,51.115672],[17.0766903,51.1156723],[17.0767038,51.1156726],[17.0767172,51.1156728],[17.0767307,51.1156731],[17.0767442,51.1156733],[17.0767577,51.1156736],[17.0767711,51.1156739],[17.0767846,51.1156741],[17.0767981,51.1156744],[17.0768119,51.1156739],[17.0768258,51.1156734],[17.0768396,51.1156729],[17.0768535,51.1156724],[17.0768673,51.115672],[17.0768811,51.1156715],[17.076895,51.115671],[17.0769088,51.1156705],[17.0769227,51.11567],[17.0769365,51.1156695],[17.0769504,51.115669],[17.0769642,51.1156685],[17.076978,51.1156681],[17.0769919,51.1156676],[17.0770057,51.1156671],[17.0770196,51.1156666],[17.0770334,51.1156661],[17.0770473,51.1156656],[17.0770612,51.1156652],[17.077075,51.1156647],[17.0770889,51.1156643],[17.0771028,51.1156638],[17.0771167,51.1156634],[17.0771306,51.1156629],[17.0771444,51.1156624],[17.0771583,51.115662],[17.0771722,51.1156615],[17.0771861,51.1156611],[17.0772,51.1156606],[17.0772138,51.1156601],[17.0772277,51.1156597],[17.0772416,51.1156592],[17.0772555,51.1156588],[17.0772694,51.1156583],[17.0772833,51.1156579],[17.0772971,51.1156574],[17.077311,51.1156569],[17.0773249,51.1156565],[17.0773388,51.115656],[17.0773527,51.1156556],[17.0773665,51.1156551],[17.0773804,51.1156546],[17.0773943,51.1156542],[17.0774082,51.1156537],[17.0774221,51.1156533],[17.0774359,51.1156528],[17.0774498,51.1156524],[17.0774637,51.1156519],[17.0774777,51.1156513],[17.0774918,51.1156506],[17.0775058,51.11565],[17.0775199,51.1156493],[17.0775339,51.1156487],[17.0775479,51.115648],[17.077562,51.1156474],[17.077576,51.1156467],[17.0775901,51.1156461],[17.0776041,51.1156454],[17.0776182,51.1156448],[17.0776322,51.1156441],[17.0776462,51.1156435],[17.0776603,51.1156428],[17.0776743,51.1156421],[17.0776884,51.1156415],[17.0777024,51.1156408],[17.0777165,51.1156402],[17.0777305,51.1156395],[17.0777445,51.1156389],[17.0777586,51.1156382],[17.0777726,51.1156376],[17.0777867,51.1156369],[17.0778007,51.1156363],[17.0778147,51.1156357],[17.0778288,51.1156351],[17.0778428,51.1156345],[17.0778568,51.1156339],[17.0778708,51.1156333],[17.0778849,51.1156327],[17.0778989,51.1156321],[17.0779129,51.1156315],[17.077927,51.1156309],[17.077941,51.1156303],[17.077955,51.1156297],[17.077969,51.1156291],[17.0779831,51.1156285],[17.0779971,51.1156279],[17.078011,51.1156273],[17.0780248,51.1156267],[17.0780387,51.1156261],[17.0780526,51.1156255],[17.0780664,51.1156249],[17.0780803,51.1156243],[17.0780942,51.1156237],[17.078108,51.1156231],[17.0781219,51.1156225],[17.0781358,51.1156219],[17.0781496,51.1156212],[17.0781635,51.1156206],[17.0781774,51.11562],[17.0781912,51.1156194],[17.0782051,51.1156188],[17.078219,51.1156182],[17.0782328,51.1156176],[17.0782467,51.115617],[17.0782606,51.1156164],[17.0782744,51.1156158],[17.0782883,51.1156152],[17.0783016,51.1156142],[17.0783149,51.1156133],[17.0783282,51.1156123],[17.0783415,51.1156113],[17.0783548,51.1156103],[17.0783681,51.1156093],[17.0783814,51.1156084],[17.0783947,51.1156074],[17.0784087,51.1156067],[17.0784227,51.1156059],[17.0784368,51.1156052],[17.0784508,51.1156044],[17.0784648,51.1156037],[17.0784788,51.1156029],[17.0784928,51.1156022],[17.0785069,51.1156014],[17.0785209,51.1156006],[17.0785349,51.1155999],[17.0785489,51.1155992],[17.0786023,51.1155917]]}},{"type":"Feature","properties":{"layer":"roads"},"geometry":{"type":"LineString","coordinates":[[17.0764647,51.1156461],[17.0765048,51.1156299],[17.0765141,51.1156239],[17.0765234,51.1156178],[17.0765327,51.1156118],[17.076542,51.1156058],[17.0765535,51.1156005],[17.076565,51.1155951],[17.0765766,51.1155898],[17.0765881,51.1155845],[17.0765996,51.1155792],[17.0766111,51.1155738],[17.0766226,51.1155685],[17.0766342,51.1155632],[17.0766457,51.1155579],[17.0766572,51.1155525],[17.0766687,51.1155472],[17.0766802,51.1155419],[17.0766918,51.1155366],[17.0767033,51.1155312],[17.0767148,51.1155259],[17.0767264,51.1155208],[17.076738,51.1155156],[17.0767497,51.1155105],[17.0767613,51.1155054],[17.0767729,51.1155002],[17.0767845,51.1154951],[17.0767961,51.11549],[17.0768078,51.1154848],[17.0768194,51.1154797],[17.076831,51.1154746],[17.0768426,51.1154694],[17.0768542,51.1154643],[17.0768659,51.1154592],[17.0768775,51.115454],[17.0768891,51.1154489],[17.0768992,51.1154431],[17.0769093,51.1154374],[17.0769194,51.1154316],[17.0769294,51.1154258],[17.0769395,51.11542],[17.0769496,51.1154143],[17.0769597,51.1154085],[17.0769698,51.1154027],[17.0769799,51.1153969],[17.0769899,51.1153912],[17.077,51.1153854],[17.0770101,51.1153796],[17.0770202,51.1153739],[17.0770303,51.1153681],[17.0770403,51.1153623],[17.0770504,51.1153565],[17.0770605,51.1153508],[17.0770706,51.115345],[17.0770798,51.1153385],[17.077089,51.115332],[17.0770983,51.1153255],[17.0771075,51.115319],[17.0771167,51.1153124],[17.0771259,51.1153059],[17.0771351,51.1152994],[17.0771444,51.1152929],[17.0771536,51.1152864],[17.0771628,51.1152799],[17.077172,51.1152734],[17.0771812,51.1152669],[17.0771905,51.1152604],[17.0771997,51.1152539],[17.0772089,51.1152473],[17.0772181,51.1152408],[17.0772273,51.1152343],[17.0772366,51.1152278],[17.0772458,51.1152213],[17.077255,51.1152148],[17.0772647,51.1152083],[17.0772744,51.1152018],[17.0772841,51.1151953],[17.0772938,51.1151888],[17.0773035,51.1151823],[17.0773133,51.1151758],[17.077323,51.1151693],[17.0773327,51.1151628],[17.0773424,51.1151563],[17.0773521,51.1151498],[17.0773618,51.1151434],[17.0773715,51.1151369],[17.0773812,51.1151304],[17.0773909,51.1151239],[17.0774007,51.1151174],[17.0774104,51.1151109],[17.0774201,51.1151044],[17.0774298,51.1150979],[17.0774395,51.1150914],[17.0774492,51.1150849],[17.0774583,51.1150784],[17.0774675,51.1150719],[17.0774766,51.1150654],[17.0774857,51.1150589],[17.0774949,51.1150525],[17.077504,51.115046],[17.0775131,51.1150395],[17.0775222,51.115033],[17.0775314,51.1150265],[17.0775405,51.11502],[17.0775496,51.1150135],[17.0775588,51.1150071],[17.0775679,51.1150006],[17.077577,51.1149941],[17.0775862,51.1149876],[17.0775953,51.1149811],[17.0776046,51.1149746],[17.0776139,51.1149681],[17.0776231,51.1149616],[17.0776324,51.1149551],[17.0776417,51.1149486],[17.077651,51.1149421],[17.0776603,51.1149356],[17.0776695,51.1149291],[17.0776788,51.1149226],[17.0776881,51.1149162],[17.0776974,51.1149097],[17.0777066,51.1149032],[17.0777159,51.1148967],[17.0777252,51.1148902],[17.0777345,51.1148837],[17.0777438,51.1148772],[17.077753,51.1148707],[17.0777623,51.1148642],[17.0777716,51.1148577],[17.0777809,51.1148513],[17.0777902,51.1148449],[17.0777994,51.1148385],[17.0778087,51.1148321],[17.077818,51.1148257],[17.0778273,51.1148193],[17.0778365,51.1148129],[17.0778458,51.1148065],[17.0778551,51.1148001],[17.0778644,51.1147937],[17.0778736,51.1147873],[17.0778829,51.1147809],[17.0778922,51.1147745],[17.0779015,51.1147681],[17.0779108,51.1147617],[17.07792,51.1147553],[17.0779293,51.1147489],[17.0779386,51.1147425],[17.0779479,51.1147361],[17.0779599,51.114709]]}},{"type":"Feature","properties":{"layer":"roads"},"geometry":{"type":"LineString","coordinates":[[17.0779599,51.114709],[17.0779166,51.114705],[17.0779028,51.1147069],[17.0778891,51.1147089],[17.0778754,51.1147109],[17.0778616,51.1147128],[17.0778479,51.1147148],[17.0778341,51.1147167],[17.0778204,51.1147187],[17.0778066,51.1147206],[17.0777929,51.1147226],[17.0777791,51.1147245],[17.0777654,51.1147265],[17.0777516,51.1147284],[17.0777379,51.1147304],[17.0777242,51.1147324],[17.0777104,51.1147343],[17.0776967,51.1147363],[17.0776829,51.1147382],[17.0776692,51.1147402],[17.0776554,51.1147421],[17.0776417,51.1147441],[17.0776279,51.114746],[17.0776142,51.114748],[17.0776005,51.11475],[17.0775867,51.1147519],[17.077573,51.1147539],[17.0775592,51.1147558],[17.0775455,51.1147578],[17.0775317,51.1147597],[17.077518,51.1147617],[17.0775042,51.1147636],[17.0774905,51.1147656],[17.0774768,51.1147676],[17.077463,51.1147695],[17.0774493,51.1147715],[17.0774355,51.1147734],[17.0774218,51.1147754],[17.077408,51.1147773],[17.0773943,51.1147793],[17.0773805,51.1147812],[17.0773668,51.1147832],[17.077353,51.1147851],[17.0773393,51.1147871],[17.0773256,51.1147891],[17.0773118,51.114791],[17.0772981,51.114793],[17.0772843,51.1147949],[17.0772373,51.1147904]]}},{"type":"Feature","properties":{"layer":"roads"},"geometry":{"type":"LineString","coordinates":[[17.0779599,51.114709],[17.0780013,51.1146955],[17.0780255,51.1146881],[17.0780638,51.1146785],[17.0780765,51.1146753],[17.0780893,51.114672],[17.0781021,51.1146688],[17.0781148,51.1146656],[17.0781856,51.1146462]]}},{"type":"Feature","properties":{"layer":"roads"},"geometry":{"type":"LineString","coordinates":[[17.0889222,51.1138862],[17.0888741,51.1138782],[17.0888614,51.1138745],[17.0888486,51.1138708],[17.0888359,51.1138673],[17.0888232,51.1138638],[17.0888105,51.1138603],[17.0887979,51.1138568],[17.0887852,51.1138533],[17.0887725,51.1138498],[17.0887598,51.1138463],[17.0887471,51.1138428],[17.0887344,51.1138393],[17.0887217,51.1138358],[17.088709,51.1138323],[17.0886964,51.1138287],[17.0886837,51.1138252],[17.088671,51.1138217],[17.0886583,51.1138182],[17.0886456,51.1138147],[17.0886329,51.1138112],[17.0886202,51.1138077],[17.0886075,51.1138042],[17.0885605,51.1137975]]}},{"type":"Feature","properties":{"layer":"roads"},"geometry":{"type":"LineString","coordinates":[[17.0889222,51.1138862],[17.0889585,51.1138668],[17.0889668,51.1138602],[17.0890167,51.1138239]]}},{"type":"Feature","properties":{"layer":"roads"},"geometry":{"type":"LineString","coordinates":[[17.0786023,51.1155917],[17.078614,51.115561],[17.0786186,51.1155539],[17.0786232,51.1155467],[17.0786324,51.1155406],[17.0786415,51.1155345],[17.0786507,51.1155285],[17.0786598,51.1155224],[17.078669,51.1155163],[17.0786781,51.1155102],[17.0786873,51.1155042],[17.0786965,51.1154981],[17.0787056,51.115492],[17.0787148,51.1154859],[17.0787239,51.1154798],[17.0787331,51.1154738],[17.0787422,51.1154677],[17.0787514,51.1154616],[17.078762,51.1154563],[17.0787725,51.115451],[17.0787831,51.1154457],[17.0787936,51.1154404],[17.0788042,51.115435],[17.0788147,51.1154297],[17.0788253,51.1154244],[17.0788358,51.1154191],[17.0788464,51.1154138],[17.0788596,51.1154108],[17.0788728,51.1154078],[17.0788861,51.1154048],[17.0788993,51.1154018],[17.0789125,51.1153988],[17.0789257,51.1153958],[17.0789389,51.1153927],[17.0789521,51.1153897],[17.0789654,51.1153867],[17.0789786,51.1153837],[17.0789918,51.1153807],[17.079005,51.1153777],[17.0790182,51.1153747],[17.0790315,51.1153717],[17.0790447,51.1153687],[17.0790579,51.1153657],[17.0790711,51.1153627],[17.0790843,51.1153597],[17.0790976,51.1153567],[17.0791108,51.1153537],[17.079124,51.1153506],[17.0791372,51.1153476],[17.0791504,51.1153446],[17.0791636,51.1153416],[17.0791769,51.1153386],[17.0791901,51.1153356],[17.0792033,51.1153326],[17.0792165,51.11533],[17.0792298,51.1153275],[17.079243,51.1153249],[17.0792563,51.1153223],[17.0792695,51.1153197],[17.0792828,51.1153172],[17.079296,51.1153146],[17.0793093,51.115312],[17.0793225,51.1153107],[17.0793357,51.1153094],[17.0793489,51.1153081],[17.0793622,51.1153068],[17.0793754,51.1153055],[17.0794311,51.1153045]]}},{"type":"Feature","properties":{"layer":"roads"},"geometry":{"type":"LineString","coordinates":[[17.0786023,51.1155917],[17.0786529,51.1155935],[17.0786652,51.1155928],[17.0786776,51.1155921],[17.0786906,51.1155914],[17.0787037,51.1155907],[17.0787167,51.11559],[17.0787297,51.1155893],[17.0787428,51.1155886],[17.0787558,51.1155879],[17.0787688,51.1155872],[17.0787819,51.1155865],[17.0787949,51.1155858],[17.078808,51.1155859],[17.078821,51.115586],[17.0788341,51.1155862],[17.0788472,51.1155863],[17.0788602,51.1155864],[17.0788733,51.1155865],[17.0788863,51.1155866],[17.0788994,51.1155867],[17.0789125,51.1155869],[17.0789255,51.115587],[17.0789386,51.1155871],[17.0789521,51.1155873],[17.0789656,51.1155875],[17.0789791,51.1155877],[17.0789926,51.1155879],[17.079006,51.115588],[17.0790195,51.1155882],[17.079033,51.1155884],[17.0790465,51.1155886],[17.0790593,51.1155894],[17.0790722,51.1155902],[17.079085,51.1155911],[17.0790979,51.1155919],[17.0791107,51.1155927],[17.0791243,51.1155933],[17.0791931,51.1155835]]}},{"type":"Feature","properties":{"layer":"roads"},"geometry":{"type":"LineString","coordinates":[[17.0758867,51.1159207],[17.0759416,51.1159259],[17.0759553,51.1159272],[17.075969,51.1159285],[17.0759827,51.1159297],[17.0759964,51.115931],[17.0760101,51.1159323],[17.0760239,51.1159336],[17.0760376,51.1159349],[17.0760513,51.1159362],[17.076065,51.1159375],[17.0760785,51.1159391],[17.076092,51.1159407],[17.0761055,51.1159423],[17.076119,51.1159439],[17.0761325,51.1159455],[17.076146,51.1159471],[17.0761594,51.1159487],[17.0761729,51.1159503],[17.0761864,51.1159519],[17.0761999,51.1159535],[17.0762134,51.1159551],[17.0762269,51.1159567],[17.0762404,51.1159583],[17.0762533,51.1159605],[17.0762663,51.1159626],[17.0762792,51.1159648],[17.0762922,51.115967],[17.0763051,51.1159691],[17.0763181,51.1159713],[17.076331,51.1159735],[17.0763439,51.1159756],[17.0763569,51.1159778],[17.0763698,51.11598],[17.0763828,51.1159821],[17.0763957,51.1159843],[17.0764098,51.1159857],[17.076424,51.1159871],[17.0764381,51.1159885],[17.0764523,51.1159899],[17.0764664,51.1159913],[17.0764805,51.1159927],[17.0764947,51.1159941],[17.0765088,51.1159955],[17.076523,51.1159969],[17.0765371,51.1159983],[17.0765512,51.115999],[17.0765654,51.1159996],[17.0765795,51.1160003],[17.0765936,51.1160009],[17.0766077,51.1160016],[17.0766219,51.1160022],[17.076636,51.1160029],[17.0766498,51.1160049],[17.0766635,51.1160068],[17.0766773,51.1160088],[17.076691,51.1160108],[17.0767048,51.1160127],[17.0767186,51.1160147],[17.0767323,51.1160167],[17.0767461,51.1160187],[17.0767598,51.1160206],[17.0767736,51.1160226],[17.0767873,51.1160245],[17.076801,51.1160263],[17.0768147,51.1160282],[17.0768284,51.1160301],[17.0768421,51.1160319],[17.0768558,51.1160338],[17.0768695,51.1160357],[17.0768832,51.1160375],[17.0768969,51.1160394],[17.0769081,51.1160414],[17.0769192,51.1160434],[17.0769304,51.1160454],[17.0769429,51.1160477],[17.0769555,51.11605],[17.076968,51.1160522],[17.0769806,51.1160545],[17.0769931,51.1160568],[17.0770058,51.1160575],[17.0770185,51.1160582],[17.0770312,51.1160589],[17.077044,51.1160596],[17.0770567,51.1160603],[17.0770694,51.116061],[17.0770821,51.1160617],[17.0770957,51.1160627],[17.0771093,51.1160637],[17.0771229,51.1160646],[17.0771365,51.1160656],[17.0771501,51.1160666],[17.0771637,51.1160676],[17.0771774,51.1160686],[17.077191,51.1160696],[17.0772046,51.1160706],[17.0772182,51.1160715],[17.0772318,51.1160725],[17.0772454,51.1160735],[17.0772577,51.1160755],[17.0772701,51.1160775],[17.0772824,51.1160795],[17.0772947,51.1160815],[17.0773071,51.1160835],[17.0773194,51.1160855],[17.0773329,51.1160854],[17.0773464,51.1160854],[17.0773599,51.1160853],[17.0773734,51.1160853],[17.0773869,51.1160852],[17.0774004,51.1160851],[17.0774139,51.1160851],[17.0774274,51.116085],[17.0774409,51.116085],[17.0774544,51.1160849],[17.0774668,51.1160838],[17.0774792,51.1160826],[17.0774916,51.1160815],[17.077504,51.1160804],[17.0775133,51.116079],[17.0775226,51.1160776],[17.0775319,51.1160762],[17.0775445,51.1160748],[17.077557,51.1160733],[17.0775696,51.1160719],[17.0775821,51.1160704],[17.0775947,51.1160689],[17.0776073,51.1160675],[17.0776198,51.1160661],[17.0776324,51.1160646],[17.0776461,51.1160626],[17.0776599,51.1160606],[17.0776736,51.1160586],[17.0776873,51.1160566],[17.0777011,51.1160546],[17.0777148,51.1160526],[17.0777286,51.1160506],[17.0777423,51.1160486],[17.0777557,51.1160466],[17.077769,51.1160446],[17.0777824,51.1160427],[17.0777957,51.1160407],[17.0778091,51.1160387],[17.0778224,51.1160367],[17.0778358,51.1160347],[17.0778491,51.1160328],[17.0778625,51.1160308],[17.0778759,51.1160288],[17.0778892,51.1160268],[17.0779026,51.1160248],[17.0779159,51.1160228],[17.0779293,51.1160209],[17.0779426,51.1160189],[17.0779716,51.1160145],[17.0780079,51.1160089],[17.078088,51.1160033]]}},{"type":"Feature","properties":{"layer":"roads"},"geometry":{"type":"LineString","coordinates":[[17.0845309,51.1108099],[17.084569,51.1107653],[17.0845747,51.1107572],[17.0845804,51.1107492],[17.0845861,51.1107411],[17.0845918,51.1107331],[17.0845975,51.1107251],[17.0846032,51.110717],[17.0846089,51.110709],[17.0846146,51.110701],[17.0846204,51.1106929],[17.0846261,51.1106849],[17.0846318,51.1106769],[17.0846375,51.1106688],[17.0846432,51.1106608],[17.0846489,51.1106528],[17.0846546,51.1106447],[17.0846603,51.1106367],[17.084666,51.1106286],[17.0846831,51.1106045],[17.084684,51.1105772]]}},{"type":"Feature","properties":{"layer":"roads"},"geometry":{"type":"LineString","coordinates":[[17.0845309,51.1108099],[17.0845646,51.1108298],[17.0845692,51.1108379],[17.0845738,51.110846],[17.0845783,51.110854],[17.0845829,51.1108621],[17.0845875,51.1108702],[17.0845921,51.1108783],[17.0845967,51.1108864],[17.0846013,51.1108945],[17.0846059,51.1109026],[17.0846083,51.110911],[17.0846108,51.1109194],[17.0846132,51.1109279],[17.0846156,51.1109363],[17.084618,51.1109447],[17.0846205,51.1109531],[17.0846229,51.1109616],[17.0846253,51.11097],[17.0846278,51.1109784],[17.0846302,51.1109868],[17.0846326,51.1109953],[17.0846351,51.1110037],[17.0846375,51.1110121],[17.0846399,51.1110205],[17.0846423,51.111029],[17.0846448,51.1110374],[17.0846472,51.1110458],[17.0846511,51.1110542],[17.084655,51.1110627],[17.084659,51.1110711],[17.0846629,51.1110796],[17.0846668,51.111088],[17.0846707,51.1110965],[17.0846746,51.1111049],[17.0846785,51.1111134],[17.0846825,51.1111218],[17.0846864,51.1111303],[17.0846903,51.1111387],[17.084696,51.1111469],[17.0847018,51.1111551],[17.0847075,51.1111633],[17.0847133,51.1111715],[17.0847191,51.1111796],[17.0847248,51.1111878],[17.0847305,51.111196],[17.0847363,51.1112042],[17.084742,51.1112124],[17.0847478,51.1112206],[17.0847535,51.1112288],[17.0847593,51.1112369],[17.0847651,51.1112451],[17.0847708,51.1112533],[17.0847766,51.1112615],[17.0847823,51.1112697],[17.0847871,51.111278],[17.084792,51.1112864],[17.0847968,51.1112947],[17.0848016,51.1113031],[17.0848065,51.1113114],[17.0848113,51.1113198],[17.0848161,51.1113281],[17.084821,51.1113365],[17.0848258,51.1113448],[17.0848306,51.1113532],[17.0848355,51.1113615],[17.0848403,51.1113699],[17.0848451,51.1113782],[17.0848499,51.1113866],[17.0848548,51.1113949],[17.0848596,51.1114033],[17.0848644,51.1114116],[17.0848693,51.11142],[17.0848741,51.1114283],[17.0848789,51.1114367],[17.0848838,51.111445],[17.0848886,51.1114534],[17.0848934,51.1114617],[17.0848983,51.1114701],[17.0849031,51.1114784],[17.084906,51.111487],[17.084909,51.1114956],[17.0849119,51.1115041],[17.0849149,51.1115127],[17.0849178,51.1115213],[17.0849207,51.1115299],[17.0849237,51.1115385],[17.0849266,51.111547],[17.0849296,51.1115556],[17.0849325,51.1115642],[17.0849354,51.1115728],[17.0849384,51.1115814],[17.0849413,51.1115899],[17.0849443,51.1115985],[17.0849472,51.1116071],[17.0849501,51.1116157],[17.0849531,51.1116243],[17.084956,51.1116328],[17.084959,51.1116414],[17.0849619,51.11165],[17.0849648,51.1116586],[17.0849678,51.1116672],[17.0849707,51.1116757],[17.0849737,51.1116843],[17.0849766,51.1116929],[17.0849795,51.1117015],[17.0849825,51.1117101],[17.0849854,51.1117186],[17.0849884,51.1117272],[17.0849913,51.1117358],[17.0849942,51.1117444],[17.0849972,51.111753],[17.0850001,51.1117615],[17.0850031,51.1117701],[17.085006,51.1117787],[17.0850075,51.1117876],[17.085009,51.1117966],[17.0850105,51.1118055],[17.085012,51.1118145],[17.0850135,51.1118234],[17.085015,51.1118323],[17.0850165,51.1118413],[17.085018,51.1118502],[17.0850195,51.1118591],[17.085021,51.1118681],[17.0850225,51.111877],[17.085024,51.111886],[17.0850255,51.1118949],[17.0850248,51.1119035],[17.0850241,51.1119121],[17.0850235,51.1119207],[17.0850228,51.1119293],[17.0850221,51.1119379],[17.0850214,51.1119465],[17.0850207,51.1119551],[17.0850201,51.1119637],[17.0850194,51.1119723],[17.0850187,51.1119809],[17.085016,51.1120153]]}},{"type":"Feature","properties":{"layer":"roads"},"geometry":{"type":"LineString","coordinates":[[17.0846399,51.116045],[17.084569,51.1160469],[17.084555,51.1160485],[17.0845409,51.1160501],[17.0845269,51.1160517],[17.0845128,51.1160532],[17.0844988,51.1160548],[17.0844847,51.1160564],[17.0844707,51.116058],[17.0844566,51.1160596],[17.0844426,51.1160612],[17.0844285,51.1160627],[17.0844145,51.1160643],[17.0844004,51.1160659],[17.0843864,51.1160675],[17.0843723,51.1160691],[17.0843583,51.1160706],[17.0843442,51.1160722],[17.0843302,51.1160738],[17.0843169,51.1160757],[17.0843036,51.1160777],[17.0842903,51.1160796],[17.084277,51.1160815],[17.0842637,51.1160835],[17.0842504,51.1160854],[17.0842371,51.1160873],[17.0842238,51.1160893],[17.0842105,51.1160912],[17.0841971,51.1160931],[17.0841838,51.1160951],[17.0841705,51.116097],[17.0841572,51.1160989],[17.0841439,51.1161009],[17.0841306,51.1161028],[17.0841173,51.1161047],[17.084104,51.1161067],[17.0840907,51.1161086],[17.0840775,51.1161113],[17.0840642,51.116114],[17.084051,51.1161167],[17.0840377,51.1161194],[17.0840245,51.1161221],[17.0840112,51.1161248],[17.083998,51.1161275],[17.0839848,51.1161302],[17.0839715,51.1161329],[17.0839583,51.1161356],[17.083945,51.1161383],[17.0839318,51.116141],[17.0839185,51.1161437],[17.0839053,51.1161464],[17.0838921,51.116149],[17.0838788,51.1161517],[17.0838656,51.1161544],[17.0838523,51.1161571],[17.0838391,51.1161598],[17.0838258,51.1161625],[17.0838126,51.1161652],[17.0837993,51.1161679],[17.0837861,51.1161706],[17.0837729,51.1161733],[17.0837596,51.116176],[17.0837464,51.1161787],[17.0837331,51.1161814],[17.0837199,51.1161841],[17.0837066,51.1161868],[17.0836934,51.1161895],[17.0836799,51.1161919],[17.0836663,51.1161944],[17.0836528,51.1161968],[17.0836392,51.1161992],[17.0836257,51.1162016],[17.0836122,51.1162041],[17.0835986,51.1162065],[17.0835851,51.1162089],[17.0835716,51.1162114],[17.083558,51.1162138],[17.0835445,51.1162162],[17.0835309,51.1162186],[17.0835174,51.1162211],[17.0835039,51.1162235],[17.0834903,51.1162259],[17.0834768,51.1162283],[17.0834632,51.1162308],[17.0834497,51.1162332],[17.0834364,51.1162359],[17.0834231,51.1162386],[17.0834098,51.1162414],[17.0833965,51.1162441],[17.0833833,51.1162468],[17.0833298,51.1162526]]}},{"type":"Feature","properties":{"layer":"roads"},"geometry":{"type":"LineString","coordinates":[[17.0810578,51.1127199],[17.0810331,51.1127456],[17.0810275,51.1127537],[17.081022,51.1127617],[17.0810164,51.1127698],[17.0810109,51.1127778],[17.0810053,51.1127859],[17.0809994,51.1127938],[17.0809935,51.1128018],[17.0809875,51.1128097],[17.0809816,51.1128177],[17.0809757,51.1128256],[17.0809698,51.1128336],[17.0809638,51.1128415],[17.0809579,51.1128495],[17.080952,51.1128574],[17.0809461,51.1128654],[17.0809401,51.1128733],[17.0809342,51.1128813],[17.0809283,51.1128892],[17.0809196,51.1128955],[17.080911,51.1129017],[17.0809023,51.112908],[17.0808937,51.1129143],[17.080885,51.1129205],[17.0808764,51.1129268],[17.0808677,51.112933],[17.0808591,51.1129393],[17.0808504,51.1129456],[17.0808418,51.1129518],[17.0808331,51.1129581],[17.0808227,51.1129636],[17.0808123,51.1129691],[17.0808019,51.1129747],[17.0807915,51.1129802],[17.0807811,51.1129857],[17.0807708,51.1129913],[17.0807604,51.1129968],[17.08075,51.1130023],[17.0807396,51.1130078],[17.0807292,51.1130134],[17.0807188,51.1130189],[17.0807084,51.1130244],[17.080698,51.1130299],[17.0806876,51.1130354],[17.0806773,51.113041],[17.0806669,51.1130465],[17.0806565,51.113052],[17.0806461,51.1130576],[17.0806357,51.1130631],[17.0806253,51.1130686],[17.0806147,51.1130743],[17.0806041,51.11308],[17.0805935,51.1130857],[17.0805829,51.1130914],[17.0805722,51.1130971],[17.0805616,51.1131028],[17.080551,51.1131085],[17.0805404,51.1131142],[17.0805298,51.1131198],[17.0805192,51.1131255],[17.0805086,51.1131312],[17.080498,51.1131369],[17.0804874,51.1131426],[17.0804767,51.1131483],[17.0804661,51.113154],[17.0804555,51.1131597],[17.0804449,51.1131654],[17.0804343,51.1131711],[17.0804237,51.1131768],[17.0804131,51.1131825],[17.0804025,51.1131882],[17.0803918,51.1131939],[17.0803812,51.1131996],[17.0803706,51.1132053],[17.08036,51.113211],[17.0803494,51.1132167],[17.0803388,51.1132223],[17.0803282,51.113228],[17.0803176,51.1132337],[17.080307,51.1132394],[17.0802963,51.1132451],[17.0802857,51.1132508],[17.0802751,51.1132565],[17.0802645,51.1132622],[17.0802539,51.1132679],[17.0802453,51.1132746],[17.0802367,51.1132813],[17.0802281,51.1132881],[17.0802195,51.1132948],[17.0802109,51.1133015],[17.0802023,51.1133082],[17.0801937,51.1133149],[17.0801851,51.1133216],[17.0801765,51.1133284],[17.0801679,51.1133351],[17.0801593,51.1133418],[17.0801507,51.1133485],[17.0801421,51.1133552],[17.0801335,51.1133619],[17.0801249,51.1133687],[17.0801163,51.1133754],[17.0801077,51.1133821],[17.0801004,51.1133896],[17.0800931,51.1133971],[17.0800858,51.1134046],[17.0800785,51.1134121],[17.0800712,51.1134196],[17.0800639,51.1134271],[17.0800566,51.1134346],[17.0800493,51.1134421],[17.080042,51.1134496],[17.0800347,51.1134571],[17.0800274,51.1134646],[17.0800201,51.1134721],[17.0800129,51.1134796],[17.0800056,51.1134871],[17.0799983,51.1134946],[17.079991,51.1135021],[17.0799837,51.1135096],[17.0799764,51.1135171],[17.0799383,51.1135336]]}},{"type":"Feature","properties":{"layer":"roads"},"geometry":{"type":"LineString","coordinates":[[17.086625,51.1081125],[17.0866313,51.1081471],[17.0866351,51.1081553],[17.0866388,51.1081635],[17.0866425,51.1081718],[17.0866463,51.10818],[17.08665,51.1081883],[17.0866537,51.1081965],[17.0866575,51.1082047],[17.0866612,51.108213],[17.0866649,51.1082212],[17.0866687,51.1082295],[17.0866724,51.1082377],[17.0866781,51.1082453],[17.0866838,51.108253],[17.0866895,51.1082606],[17.0866952,51.1082682],[17.0867009,51.1082758],[17.0867066,51.1082835],[17.0867123,51.1082911],[17.086718,51.1082987],[17.0867237,51.1083064],[17.0867294,51.108314],[17.0867351,51.1083216],[17.0867408,51.1083292],[17.0867465,51.1083369],[17.0867522,51.1083445],[17.0867621,51.1083503],[17.086772,51.1083562],[17.086782,51.108362],[17.0867919,51.1083679],[17.0868018,51.1083737],[17.0868117,51.1083796],[17.0868216,51.1083854],[17.0868315,51.1083913],[17.0868415,51.1083971],[17.0868514,51.108403],[17.0868613,51.1084088],[17.086874,51.1084118],[17.0868867,51.1084147],[17.0868994,51.1084177],[17.0869122,51.1084206],[17.0869249,51.1084236],[17.0869376,51.1084265],[17.0869503,51.1084295],[17.086963,51.1084324],[17.0869757,51.1084354],[17.0869885,51.1084383],[17.0870012,51.1084413],[17.0870139,51.1084442],[17.0870266,51.1084472],[17.0870406,51.1084486],[17.0870545,51.1084501],[17.0870685,51.1084515],[17.0870824,51.108453],[17.0870964,51.1084544],[17.0871103,51.1084558],[17.0871243,51.1084573],[17.0871383,51.1084587],[17.0871522,51.1084602],[17.0871662,51.1084616],[17.0871801,51.108463],[17.0871941,51.1084645],[17.087208,51.1084659],[17.087222,51.1084674],[17.087236,51.1084688],[17.0872499,51.1084702],[17.0872639,51.1084717],[17.0872778,51.1084731],[17.0872918,51.1084746],[17.0873057,51.108476],[17.0873197,51.1084775],[17.0873336,51.1084789],[17.0873476,51.1084803],[17.0873616,51.1084818],[17.0873755,51.1084832],[17.0873895,51.1084847],[17.0874034,51.1084861],[17.0874174,51.1084875],[17.0874313,51.108489],[17.0874453,51.1084904],[17.0874593,51.1084919],[17.0874732,51.1084933],[17.0874872,51.1084947],[17.0875011,51.1084962],[17.0875151,51.1084976],[17.087529,51.1084991],[17.087543,51.1085005],[17.0875563,51.1085029],[17.0875696,51.1085053],[17.0875829,51.1085077],[17.0875962,51.1085101],[17.0876095,51.1085125],[17.0876228,51.1085149],[17.0876361,51.1085173],[17.0876494,51.1085197],[17.0876627,51.1085221],[17.0876759,51.1085245],[17.0876892,51.1085269],[17.0877025,51.1085293],[17.0877158,51.1085317],[17.0877291,51.1085341],[17.0877424,51.1085365],[17.0877557,51.1085389],[17.087769,51.1085413],[17.0877823,51.1085437],[17.0877956,51.1085461],[17.0878089,51.1085485],[17.0878211,51.1085528],[17.0878333,51.108557],[17.0878454,51.1085613],[17.0878951,51.1085635]]}},{"type":"Feature","properties":{"layer":"roads"},"geometry":{"type":"LineString","coordinates":[[17.086625,51.1081125],[17.0866702,51.1081021],[17.0866836,51.1080991],[17.0866971,51.1080961],[17.0867105,51.1080931],[17.086724,51.1080901],[17.0867374,51.1080871],[17.0867508,51.1080841],[17.0867643,51.108081],[17.0867777,51.108078],[17.0867912,51.108075],[17.0868046,51.108072],[17.0868181,51.108069],[17.0868315,51.108066],[17.0868449,51.108063],[17.0868584,51.10806],[17.0868718,51.108057],[17.0868853,51.108054],[17.0868987,51.108051],[17.0869122,51.108048],[17.0869256,51.108045],[17.0869391,51.108042],[17.0869525,51.108039],[17.0869659,51.108036],[17.0869794,51.108033],[17.0869928,51.10803],[17.0870063,51.108027],[17.0870197,51.108024],[17.0870332,51.108021],[17.0870466,51.1080179],[17.0870601,51.1080149],[17.0870735,51.1080119],[17.0870869,51.1080089],[17.0871004,51.1080059],[17.0871138,51.1080029],[17.0871273,51.1079999],[17.0871407,51.1079969],[17.0871542,51.1079939],[17.0871676,51.1079909],[17.0871811,51.1079879],[17.0871945,51.1079849],[17.0872079,51.1079819],[17.0872214,51.1079789],[17.0872348,51.1079759],[17.0872483,51.1079729],[17.0872617,51.1079699],[17.0872752,51.1079669],[17.0872886,51.1079639],[17.087302,51.1079609],[17.0873155,51.1079579],[17.0873289,51.1079548],[17.0873424,51.1079518],[17.0873558,51.1079488],[17.0873693,51.1079458],[17.0873827,51.1079428],[17.0873962,51.1079398],[17.0874096,51.1079368],[17.087423,51.1079338],[17.0874365,51.1079308],[17.0874499,51.1079278],[17.0874634,51.1079248],[17.0874768,51.1079218],[17.0874903,51.1079188],[17.0875037,51.1079158],[17.0875172,51.1079128],[17.0875306,51.1079098],[17.087544,51.1079068],[17.0875575,51.1079038],[17.0875709,51.1079008],[17.0875844,51.1078978],[17.0875978,51.1078948],[17.0876113,51.1078917],[17.0876247,51.1078887],[17.0876381,51.1078857],[17.0876516,51.1078827],[17.087665,51.1078797],[17.0876785,51.1078767],[17.0876919,51.1078737],[17.0877438,51.1078567]]}},{"type":"Feature","properties":{"layer":"roads"},"geometry":{"type":"LineString","coordinates":[[17.086625,51.1081125],[17.0865765,51.1081235],[17.0865632,51.1081266],[17.0865499,51.1081297],[17.0865367,51.1081329],[17.0865234,51.108136],[17.0865101,51.1081391],[17.0864968,51.1081423],[17.0864835,51.1081454],[17.0864702,51.1081485],[17.0864569,51.1081516],[17.0864436,51.1081548],[17.0864303,51.1081579],[17.086417,51.108161],[17.0864037,51.1081641],[17.0863904,51.1081673],[17.0863772,51.1081704],[17.0863639,51.1081735],[17.0863506,51.1081767],[17.0863373,51.1081798],[17.086324,51.1081829],[17.0863107,51.108186],[17.0862974,51.1081892],[17.0862841,51.1081923],[17.0862708,51.1081954],[17.0862575,51.1081986],[17.0862442,51.1082017],[17.0862309,51.1082048],[17.0862177,51.1082079],[17.0862044,51.1082111],[17.0861911,51.1082142],[17.0861778,51.1082173],[17.0861645,51.1082205],[17.0861512,51.1082236],[17.0861379,51.1082267],[17.0861246,51.1082298],[17.0861113,51.108233],[17.086098,51.1082361],[17.0860847,51.1082392],[17.0860714,51.1082423],[17.0860582,51.1082455],[17.0860449,51.1082486],[17.0860316,51.1082517],[17.0860183,51.1082549],[17.086005,51.108258],[17.0859917,51.1082611],[17.0859784,51.1082642],[17.0859651,51.1082674],[17.0859518,51.1082705],[17.0859385,51.1082736],[17.0859252,51.1082768],[17.0859119,51.1082799],[17.0858987,51.108283],[17.0858854,51.1082861],[17.0858721,51.1082893],[17.0858588,51.1082924],[17.0858455,51.1082955],[17.0858322,51.1082987],[17.0858189,51.1083018],[17.0858056,51.1083049],[17.0857923,51.108308],[17.085779,51.1083112],[17.0857657,51.1083143],[17.0857524,51.1083174],[17.0857392,51.1083206],[17.0857259,51.1083237],[17.0857126,51.1083268],[17.0856993,51.1083299],[17.085686,51.1083331],[17.0856727,51.1083362],[17.0856594,51.1083393],[17.0856461,51.1083424],[17.0856328,51.1083456],[17.0856195,51.1083487],[17.0856062,51.1083518],[17.0855929,51.108355],[17.0855797,51.1083581],[17.0855664,51.1083612],[17.0855531,51.1083643],[17.0855398,51.1083675],[17.0855265,51.1083706],[17.0855132,51.1083737],[17.0854999,51.1083769],[17.0854866,51.10838],[17.0854733,51.1083831],[17.08546,51.1083862],[17.0854467,51.1083894],[17.0854334,51.1083925],[17.0854202,51.1083956],[17.0854069,51.1083988],[17.0853936,51.1084019],[17.0853803,51.108405],[17.085367,51.1084081],[17.0853537,51.1084113],[17.0853404,51.1084144],[17.0853271,51.1084175],[17.0853138,51.1084206],[17.0853005,51.1084238],[17.0852872,51.1084269],[17.0852739,51.10843],[17.0852607,51.1084332],[17.0852474,51.1084363],[17.0852341,51.1084394],[17.0852208,51.1084425],[17.0852075,51.1084457],[17.0851942,51.1084488],[17.0851814,51.1084523],[17.0851686,51.1084558],[17.0851557,51.1084592],[17.0851429,51.1084627],[17.0851301,51.1084662],[17.0851173,51.1084697],[17.0851044,51.1084732],[17.0850916,51.1084767],[17.0850788,51.1084801],[17.085066,51.1084836],[17.0850532,51.1084871],[17.0850403,51.1084906],[17.0850275,51.1084941],[17.0850147,51.1084976],[17.0850019,51.1085011],[17.084989,51.1085045],[17.0849762,51.108508],[17.0849634,51.1085115],[17.0849508,51.1085149],[17.0849382,51.1085184],[17.0849256,51.1085218],[17.0849131,51.1085252],[17.0849005,51.1085286],[17.0848879,51.1085321],[17.0848698,51.1085406],[17.0848204,51.1085881]]}},{"type":"Feature","properties":{"layer":"roads"},"geometry":{"type":"LineString","coordinates":[[17.0799481,51.1184938],[17.0799103,51.1184797],[17.0799018,51.1184726],[17.0798934,51.1184655],[17.079885,51.1184584],[17.0798765,51.1184513],[17.0798681,51.1184442],[17.0798591,51.1184373],[17.0798501,51.1184304],[17.0798411,51.1184235],[17.0798321,51.1184166],[17.0798231,51.1184097],[17.0798141,51.1184028],[17.0798051,51.1183959],[17.0797961,51.118389],[17.079787,51.1183821],[17.079778,51.1183752],[17.079769,51.1183683],[17.07976,51.1183614],[17.079751,51.1183545],[17.079742,51.1183476],[17.079733,51.1183407],[17.079724,51.1183338],[17.079715,51.1183269],[17.079706,51.1183201],[17.079697,51.1183132],[17.079688,51.1183063],[17.079679,51.1182994],[17.07967,51.1182925],[17.079661,51.1182856],[17.079652,51.1182787],[17.079643,51.1182718],[17.0796339,51.1182649],[17.0796249,51.118258],[17.0796159,51.1182511],[17.0796069,51.1182442],[17.0795979,51.1182373],[17.0795889,51.1182304],[17.0795799,51.1182235],[17.0795709,51.1182166],[17.0795619,51.1182097],[17.0795512,51.1182039],[17.0795405,51.118198],[17.0795298,51.1181922],[17.0795191,51.1181863],[17.0795084,51.1181805],[17.0794977,51.1181747],[17.079487,51.1181688],[17.0794763,51.118163],[17.0794656,51.1181571],[17.0794549,51.1181513],[17.0794442,51.1181455],[17.0794335,51.1181396],[17.0794228,51.1181338],[17.0794121,51.118128],[17.0794014,51.1181221],[17.0793907,51.1181163],[17.07938,51.1181104],[17.0793693,51.1181046],[17.0793586,51.1180988],[17.0793479,51.1180929],[17.0793372,51.1180871],[17.0793265,51.1180812],[17.0793158,51.1180754],[17.0793051,51.1180696],[17.0792944,51.1180637],[17.0792837,51.1180579],[17.079273,51.118052],[17.0792623,51.1180462],[17.0792516,51.1180404],[17.0792409,51.1180345],[17.0792302,51.1180287],[17.0792195,51.1180229],[17.0792088,51.118017],[17.0791981,51.1180112],[17.0791874,51.1180053],[17.0791767,51.1179995],[17.079166,51.1179937],[17.0791553,51.1179878],[17.0791446,51.117982],[17.0791339,51.1179761],[17.0791232,51.1179703],[17.0791133,51.117965],[17.0791034,51.1179597],[17.0790656,51.1179348]]}},{"type":"Feature","properties":{"layer":"roads"},"geometry":{"type":"LineString","coordinates":[[17.0799481,51.1184938],[17.0799675,51.1185208],[17.0799726,51.1185287],[17.0799862,51.1185437],[17.0800117,51.1185651],[17.0800202,51.1185723],[17.0800287,51.1185795],[17.0800372,51.1185866],[17.0800457,51.1185938],[17.0800542,51.1186009],[17.0800627,51.1186081],[17.0800712,51.1186153],[17.0800797,51.1186224],[17.0800882,51.1186296],[17.0800968,51.1186367],[17.0801053,51.1186439],[17.0801138,51.118651],[17.0801223,51.1186582],[17.0801308,51.1186654],[17.0801393,51.1186725],[17.0801478,51.1186797],[17.0801563,51.1186868],[17.0801648,51.118694],[17.0801733,51.1187012],[17.0801818,51.1187083],[17.0801903,51.1187155],[17.0801988,51.1187226],[17.0802073,51.1187298],[17.0802156,51.118737],[17.0802239,51.1187442],[17.0802323,51.1187514],[17.0802406,51.1187586],[17.0802489,51.1187658],[17.0802572,51.118773],[17.0802655,51.1187802],[17.0802738,51.1187874],[17.0802822,51.1187946],[17.0802905,51.1188018],[17.0802988,51.118809],[17.0803071,51.1188162],[17.0803154,51.1188234],[17.0803237,51.1188306],[17.0803321,51.1188378],[17.0803404,51.118845],[17.0803487,51.1188522],[17.080357,51.1188593],[17.0803653,51.1188665],[17.0803736,51.1188737],[17.0803819,51.1188809],[17.0803903,51.1188881],[17.0803986,51.1188953],[17.0804069,51.1189025],[17.0804152,51.1189097],[17.0804235,51.1189169],[17.0804319,51.1189241],[17.0804402,51.1189313],[17.0804485,51.1189385],[17.0804911,51.1189614]]}},{"type":"Feature","properties":{"layer":"roads"},"geometry":{"type":"LineString","coordinates":[[17.0799481,51.1184938],[17.0799638,51.1184679],[17.0799621,51.1184593],[17.0799603,51.1184507],[17.0799586,51.1184422],[17.0799568,51.1184336],[17.0799551,51.118425],[17.0799507,51.1184165],[17.0799463,51.1184081],[17.0799419,51.1183996],[17.0799375,51.1183912],[17.0799331,51.1183827],[17.0799286,51.1183743],[17.0799242,51.1183658],[17.0799198,51.1183573],[17.0799154,51.1183489],[17.079911,51.1183404],[17.0799066,51.118332],[17.0799022,51.1183235],[17.0798978,51.1183151],[17.0798934,51.1183066],[17.079889,51.1182981],[17.0798845,51.1182897],[17.0798801,51.1182812],[17.0798757,51.1182728],[17.0798713,51.1182643],[17.0798669,51.1182559],[17.0798625,51.1182474],[17.0798552,51.1182398],[17.0798479,51.1182323],[17.0798406,51.1182247],[17.0798332,51.1182171],[17.0798259,51.1182095],[17.0798186,51.118202],[17.0798113,51.1181944],[17.079804,51.1181868],[17.0797966,51.1181793],[17.0797893,51.1181717],[17.079782,51.1181641],[17.0797747,51.1181565],[17.0797674,51.118149],[17.0797601,51.1181414],[17.0797528,51.1181338],[17.0797454,51.1181262],[17.0797381,51.1181187],[17.0797308,51.1181111],[17.0797248,51.1181034],[17.0797187,51.1180957],[17.0797127,51.118088],[17.0797066,51.1180802],[17.0797006,51.1180725],[17.0796945,51.1180648],[17.0796885,51.1180571],[17.0796822,51.1180497],[17.0796758,51.1180422],[17.0796695,51.1180348],[17.0796631,51.1180274],[17.0796567,51.1180199],[17.0796504,51.1180125],[17.0796482,51.1180037],[17.079646,51.1179949],[17.0796439,51.1179861],[17.0796417,51.1179773],[17.0796395,51.1179685],[17.0796373,51.1179597],[17.0796351,51.1179509],[17.079633,51.1179422],[17.0796308,51.1179334],[17.0796286,51.1179246],[17.0796264,51.1179158],[17.0796242,51.117907],[17.0796221,51.1178982],[17.0796199,51.1178894],[17.0796177,51.1178806],[17.0796163,51.1178718],[17.079615,51.1178629],[17.0796136,51.1178541],[17.0796122,51.1178452],[17.0796108,51.1178364],[17.0796095,51.1178275],[17.0796081,51.1178187],[17.0796067,51.1178098],[17.0796053,51.117801],[17.079604,51.1177921],[17.0796026,51.1177833],[17.0796012,51.1177744],[17.0795998,51.1177656],[17.0795985,51.1177567],[17.0795971,51.1177479],[17.0795957,51.1177391],[17.0795944,51.1177302],[17.079593,51.1177214],[17.0795916,51.1177125],[17.0795902,51.1177037],[17.0795889,51.1176948],[17.0795875,51.117686],[17.0795861,51.1176771],[17.0795847,51.1176683],[17.0795834,51.1176594],[17.079582,51.1176506],[17.0795806,51.1176417],[17.0795792,51.1176329],[17.0795779,51.117624],[17.0795765,51.1176152],[17.079572,51.1176071],[17.0795675,51.117599],[17.0795629,51.117591],[17.0795584,51.1175829],[17.0795539,51.1175748],[17.0795494,51.1175667],[17.0795448,51.1175586],[17.0795403,51.1175506],[17.0795358,51.1175425],[17.0795313,51.1175344],[17.0795267,51.1175263],[17.0795222,51.1175182],[17.0795177,51.1175102],[17.0795132,51.1175021],[17.0795086,51.117494],[17.0795041,51.1174859],[17.0794868,51.1174532]]}},{"type":"Feature","properties":{"layer":"roads"},"geometry":{"type":"LineString","coordinates":[[17.0794868,51.1174532],[17.0795406,51.1174457],[17.0795543,51.1174437],[17.0795679,51.1174418],[17.0795816,51.1174398],[17.0795953,51.1174378],[17.0796089,51.1174359],[17.0796226,51.1174339],[17.0797019,51.1174259]]}},{"type":"Feature","properties":{"layer":"roads"},"geometry":{"type":"LineString","coordinates":[[17.0794868,51.1174532],[17.0794363,51.117459],[17.0794239,51.1174603],[17.0794123,51.1174639],[17.0794007,51.1174676],[17.0793891,51.1174712],[17.0793775,51.1174748],[17.07931,51.1174959]]}},{"type":"Feature","properties":{"layer":"roads"},"geometry":{"type":"LineString","coordinates":[[17.0799383,51.1135336],[17.0799142,51.1135017],[17.0799116,51.1134931],[17.079909,51.1134845],[17.0799064,51.1134758],[17.0799037,51.1134672],[17.0799011,51.1134586],[17.0798985,51.1134499],[17.0798959,51.1134413],[17.0798932,51.1134327],[17.0798906,51.1134241],[17.079888,51.1134154],[17.0798854,51.1134068],[17.0798827,51.1133982],[17.0798801,51.1133895],[17.0798775,51.1133809],[17.0798749,51.1133723],[17.0798722,51.1133637],[17.0798696,51.113355],[17.079867,51.1133464],[17.0798487,51.113318]]}},{"type":"Feature","properties":{"layer":"roads"},"geometry":{"type":"LineString","coordinates":[[17.084959,51.1097982],[17.0849449,51.1098335],[17.0849439,51.1098595],[17.0849436,51.1098681],[17.0849433,51.1098767],[17.0849429,51.1098854],[17.0849426,51.109894],[17.084921,51.1099389]]}},{"type":"Feature","properties":{"layer":"roads"},"geometry":{"type":"LineString","coordinates":[[17.080932,51.1141049],[17.080985,51.1141275],[17.0809971,51.1141314],[17.0810092,51.1141354],[17.0810213,51.1141394],[17.0810334,51.1141433],[17.0810455,51.1141473],[17.0810577,51.1141513],[17.0810698,51.1141552],[17.0810819,51.1141592],[17.081094,51.1141632],[17.0811061,51.1141671],[17.0811183,51.1141711],[17.0811304,51.1141751],[17.0811425,51.114179],[17.0811546,51.114183],[17.0811677,51.1141843],[17.0811808,51.1141857],[17.0811939,51.114187],[17.081207,51.1141883],[17.0812201,51.1141897],[17.0812332,51.114191],[17.0812463,51.1141923],[17.0812594,51.1141936],[17.0812725,51.114195],[17.0812856,51.1141963],[17.0812987,51.1141976],[17.0813118,51.114199],[17.0813249,51.1142003],[17.0813384,51.1141995],[17.0813519,51.1141988],[17.0813654,51.114198],[17.0813789,51.1141972],[17.0813924,51.1141965],[17.0814059,51.1141957],[17.0814194,51.1141949],[17.0814328,51.1141942],[17.0814463,51.1141934],[17.0814598,51.1141927],[17.0814733,51.1141919],[17.0814868,51.1141911],[17.0815003,51.1141904],[17.0815138,51.1141896],[17.0815277,51.1141881],[17.0815415,51.1141866],[17.0815554,51.1141851],[17.0815693,51.1141835],[17.0815832,51.114182],[17.081597,51.1141805],[17.0816109,51.114179],[17.0816248,51.1141775],[17.0816386,51.114176],[17.0816525,51.1141745],[17.0816664,51.1141729],[17.0816803,51.1141714],[17.0816941,51.1141699],[17.081708,51.1141684],[17.0817219,51.1141669],[17.0817357,51.1141654],[17.0817496,51.1141639],[17.0817635,51.1141623],[17.0817774,51.1141608],[17.0817912,51.1141593],[17.0818051,51.1141578],[17.0818181,51.1141583],[17.0818311,51.1141587],[17.081844,51.1141592],[17.081857,51.1141597],[17.08187,51.1141601],[17.081883,51.1141606],[17.0818959,51.1141611],[17.0819089,51.1141615],[17.0819219,51.114162],[17.0819352,51.1141647],[17.0819486,51.1141675],[17.0819619,51.1141702],[17.0819752,51.1141729],[17.0819885,51.1141756],[17.0820019,51.1141784],[17.0820433,51.1141864]]}},{"type":"Feature","properties":{"layer":"roads"},"geometry":{"type":"LineString","coordinates":[[17.080932,51.1141049],[17.0809821,51.1140919],[17.0809935,51.114087],[17.0810049,51.1140821],[17.0810163,51.1140771],[17.0810277,51.1140722],[17.0810391,51.1140673],[17.0810504,51.1140623],[17.0810618,51.1140574],[17.0810732,51.1140525],[17.0810846,51.1140476],[17.081096,51.1140427],[17.0811074,51.1140377],[17.0811188,51.1140328],[17.0811302,51.1140279],[17.0811416,51.1140229],[17.081153,51.114018],[17.0811644,51.1140131],[17.0811751,51.1140075],[17.0811858,51.1140019],[17.0811964,51.1139963],[17.0812071,51.1139908],[17.0812178,51.1139852],[17.0812285,51.1139796],[17.0812391,51.113974],[17.0812498,51.1139684],[17.0812605,51.1139628],[17.0812712,51.1139572],[17.0812818,51.1139517],[17.0812925,51.1139461],[17.0813032,51.1139405],[17.0813139,51.1139349],[17.0813245,51.1139293],[17.0813352,51.1139237],[17.0813459,51.1139181],[17.0813566,51.1139126],[17.0813672,51.113907],[17.0813779,51.1139014],[17.0813886,51.1138958],[17.0813988,51.1138895],[17.0814089,51.1138832],[17.0814191,51.1138769],[17.0814292,51.1138706],[17.0814394,51.1138643],[17.0814495,51.113858],[17.0814597,51.1138516],[17.0814698,51.1138453],[17.08148,51.113839],[17.0814901,51.1138327],[17.0815003,51.1138264],[17.0815104,51.1138201],[17.0815206,51.1138138],[17.0815307,51.1138075],[17.0815409,51.1138012],[17.081551,51.1137949],[17.0815612,51.1137886],[17.0815713,51.1137823],[17.0815815,51.113776],[17.0815916,51.1137697],[17.0816018,51.1137633],[17.0816119,51.113757],[17.0816221,51.1137507],[17.0816322,51.1137444],[17.0816424,51.1137381],[17.0816525,51.1137318],[17.0816627,51.1137255],[17.0816738,51.1137216],[17.081685,51.1137177],[17.0816961,51.1137138],[17.0817073,51.1137098],[17.0817184,51.1137059],[17.0817295,51.113702],[17.0817407,51.1136981],[17.0817518,51.1136942],[17.0817647,51.1136911],[17.0817775,51.1136881],[17.0817904,51.113685],[17.0818033,51.1136819],[17.0818162,51.1136788],[17.081829,51.1136757],[17.0818419,51.1136727],[17.0818548,51.1136696],[17.0818683,51.113669],[17.0818817,51.1136685],[17.0818952,51.1136679],[17.0819087,51.1136673],[17.0819222,51.1136668],[17.0819356,51.1136662],[17.0819491,51.1136656],[17.0819626,51.1136651],[17.0819761,51.1136645],[17.0819895,51.1136639],[17.082003,51.1136633],[17.0820165,51.1136628],[17.08203,51.1136622],[17.0820435,51.1136616],[17.0820569,51.1136611],[17.0821008,51.1136311]]}},{"type":"Feature","properties":{"layer":"roads"},"geometry":{"type":"LineString","coordinates":[[17.080932,51.1141049],[17.0809103,51.1140813],[17.0809037,51.1140737],[17.0808972,51.1140661],[17.0808906,51.1140585],[17.0808807,51.1140522],[17.0808708,51.1140458],[17.0808609,51.1140395],[17.080851,51.1140331],[17.0808411,51.1140268],[17.0808291,51.1140239],[17.0808172,51.114021],[17.0808053,51.1140181],[17.0807933,51.1140152],[17.0807813,51.1140123],[17.0807694,51.1140094],[17.0807575,51.1140065],[17.0807455,51.1140036],[17.0807317,51.1140015],[17.0807179,51.1139994],[17.0807042,51.1139973],[17.0806904,51.1139952],[17.0806766,51.1139931],[17.0806628,51.113991],[17.080649,51.1139889],[17.0806353,51.1139869],[17.0806215,51.1139848],[17.0806077,51.1139827],[17.0805939,51.1139806],[17.0805801,51.1139785],[17.0805663,51.1139764],[17.0805526,51.1139743],[17.0805388,51.1139722],[17.080525,51.1139701],[17.0805114,51.1139684],[17.0804978,51.1139667],[17.0804842,51.113965],[17.0804707,51.1139634],[17.0804571,51.1139617],[17.0804435,51.11396],[17.0804299,51.1139583],[17.0804163,51.1139566],[17.0804027,51.1139549],[17.0803891,51.1139532],[17.0803755,51.1139515],[17.080362,51.1139498],[17.0803484,51.1139482],[17.0803348,51.1139465],[17.0803212,51.1139448],[17.0803076,51.1139431],[17.080294,51.1139431],[17.0802803,51.1139431],[17.0802666,51.1139431],[17.080253,51.1139431],[17.0802393,51.1139431],[17.0802257,51.1139431],[17.0802121,51.113943],[17.0801984,51.113943],[17.0801848,51.113943],[17.0801711,51.113943],[17.0801574,51.113943],[17.0801438,51.113943],[17.0801303,51.1139438],[17.0801168,51.1139446],[17.0801033,51.1139454],[17.0800897,51.1139462],[17.0800762,51.113947],[17.0800627,51.1139478],[17.0800492,51.1139486],[17.0800357,51.1139494],[17.0800222,51.1139502],[17.0800087,51.113951],[17.0799951,51.1139518],[17.0799816,51.1139526],[17.0799681,51.1139534],[17.0799546,51.1139542],[17.0799408,51.1139555],[17.0799271,51.1139568],[17.0799133,51.113958],[17.0798996,51.1139593],[17.0798858,51.1139606],[17.0798721,51.1139619],[17.0798583,51.1139632],[17.0798446,51.1139644],[17.0798308,51.1139657],[17.0798171,51.113967],[17.0798033,51.1139683],[17.0797896,51.1139696],[17.0797758,51.1139708],[17.0797621,51.1139721],[17.0797483,51.1139734],[17.0797352,51.113975],[17.0797221,51.1139766],[17.079709,51.1139782],[17.0796959,51.1139798],[17.0796828,51.1139815],[17.0796697,51.1139831],[17.0796234,51.1139931]]}},{"type":"Feature","properties":{"layer":"roads"},"geometry":{"type":"LineString","coordinates":[[17.080932,51.1141049],[17.0808832,51.1141062],[17.0808699,51.1141048],[17.0808566,51.1141035],[17.0808432,51.1141021],[17.0808299,51.1141008],[17.0808166,51.1140994],[17.0808033,51.1140981],[17.0807899,51.1140967],[17.0807766,51.1140954],[17.0807633,51.114094],[17.0807493,51.1140938],[17.0807353,51.1140936],[17.0807212,51.1140934],[17.0807072,51.1140932],[17.0806932,51.114093],[17.0806792,51.1140928],[17.0806651,51.1140926],[17.0806511,51.1140924],[17.0806371,51.1140923],[17.0806231,51.1140921],[17.080609,51.1140919],[17.080595,51.1140917],[17.080581,51.1140915],[17.080567,51.1140913],[17.0805529,51.1140911],[17.0805389,51.1140909],[17.0805249,51.1140907],[17.0805112,51.1140931],[17.0804975,51.1140954],[17.0804838,51.1140978],[17.0804701,51.1141001],[17.0804564,51.1141025],[17.0804427,51.1141049],[17.080429,51.1141072],[17.0804153,51.1141096],[17.0804016,51.1141119],[17.0803879,51.1141143],[17.0803742,51.1141167],[17.0803605,51.114119],[17.0803468,51.1141214],[17.0803331,51.1141238],[17.0803194,51.1141261],[17.0803057,51.1141285],[17.080292,51.1141308],[17.0802782,51.1141332],[17.0802645,51.1141356],[17.0802508,51.1141379],[17.0802371,51.1141403],[17.0802234,51.1141426],[17.0802097,51.114145],[17.080196,51.1141474],[17.0801823,51.1141497],[17.0801686,51.1141521],[17.0801549,51.1141545],[17.0801412,51.1141568],[17.0801275,51.1141592],[17.0801138,51.1141615],[17.0801001,51.1141639],[17.0800864,51.1141663],[17.0800727,51.1141686],[17.080059,51.114171],[17.0800453,51.1141733],[17.0800316,51.1141757],[17.080018,51.1141782],[17.0800045,51.1141807],[17.0799909,51.1141832],[17.0799774,51.1141857],[17.0799638,51.1141881],[17.0799503,51.1141906],[17.0799367,51.1141931],[17.0799232,51.1141956],[17.0799096,51.1141981],[17.079896,51.1142006],[17.0798825,51.1142031],[17.0798689,51.1142056],[17.0798554,51.114208],[17.0798418,51.1142105],[17.0798283,51.114213],[17.0798147,51.1142155],[17.0798012,51.114218],[17.0797876,51.1142205],[17.0797741,51.114223],[17.0797605,51.1142255],[17.0797469,51.1142279],[17.0797334,51.1142304],[17.0797198,51.1142329],[17.0797063,51.1142354],[17.0796927,51.1142379],[17.0796792,51.1142404],[17.0796656,51.1142429],[17.0796521,51.1142454],[17.0796385,51.1142478],[17.0796249,51.1142503],[17.0796114,51.1142528],[17.0795978,51.1142553],[17.0795843,51.1142578],[17.0795707,51.1142603],[17.0795572,51.1142628],[17.0795436,51.1142653],[17.0795301,51.1142677],[17.0795165,51.1142702],[17.079503,51.1142727],[17.0794894,51.1142752],[17.0794758,51.1142777],[17.0794623,51.1142802],[17.0794487,51.1142827],[17.0794352,51.1142852],[17.0794216,51.1142876],[17.0794081,51.1142901],[17.0793945,51.1142926],[17.079381,51.1142951],[17.0793674,51.1142976],[17.0793535,51.1142998],[17.0793397,51.1143021],[17.0793258,51.1143043],[17.0793119,51.1143065],[17.079265,51.114303]]}},{"type":"Feature","properties":{"layer":"roads"},"geometry":{"type":"LineString","coordinates":[[17.079265,51.114303],[17.0792829,51.1142726],[17.0792907,51.1142658],[17.0792985,51.1142591],[17.0793062,51.1142523],[17.0793139,51.1142456],[17.0793217,51.1142388],[17.0793305,51.1142325],[17.0793393,51.1142261],[17.079348,51.1142198],[17.0793568,51.1142135],[17.0793656,51.1142071],[17.0793744,51.1142008],[17.0793831,51.1141944],[17.0793919,51.1141881],[17.0794007,51.1141818],[17.0794095,51.1141754],[17.0794183,51.1141691],[17.079427,51.1141628],[17.0794358,51.1141564],[17.0794446,51.1141501],[17.0794527,51.114143],[17.0794608,51.114136],[17.0794688,51.1141289],[17.0794769,51.1141219],[17.079485,51.1141148],[17.0794931,51.1141078],[17.0795011,51.1141007],[17.0795092,51.1140937],[17.0795173,51.1140866],[17.0795254,51.1140796],[17.0795335,51.1140725],[17.0795415,51.1140655],[17.0795496,51.1140584],[17.0795577,51.1140514],[17.0795658,51.1140443],[17.0795739,51.1140373],[17.0795819,51.1140302],[17.0796234,51.1139931]]}},{"type":"Feature","properties":{"layer":"roads"},"geometry":{"type":"LineString","coordinates":[[17.079265,51.114303],[17.0792158,51.1143232],[17.0791772,51.1143332],[17.0791643,51.1143365],[17.0791515,51.1143398],[17.0791386,51.1143432],[17.0791257,51.1143465],[17.0791129,51.1143498],[17.0791,51.1143531],[17.0790871,51.1143565],[17.0790742,51.1143598],[17.0790614,51.1143631],[17.0790485,51.1143664],[17.0790356,51.1143698],[17.0790227,51.1143731],[17.0790099,51.1143764],[17.078997,51.1143797],[17.0789841,51.1143831],[17.0789713,51.1143864],[17.0789584,51.1143897],[17.0789455,51.114393],[17.0789326,51.1143964],[17.0789198,51.1143997],[17.0789069,51.114403],[17.0788948,51.114406],[17.0788827,51.1144091],[17.0788705,51.1144121],[17.0788584,51.1144152],[17.0788463,51.1144182],[17.0788342,51.1144213],[17.0788221,51.1144243],[17.0787763,51.1144413]]}},{"type":"Feature","properties":{"layer":"roads"},"geometry":{"type":"LineString","coordinates":[[17.0817217,51.116675],[17.0817333,51.1166481],[17.0817344,51.1166392],[17.0817354,51.1166304],[17.0817364,51.1166215],[17.0817397,51.1166133],[17.081743,51.1166051],[17.0817463,51.1165969],[17.0817496,51.1165887],[17.0817529,51.1165805],[17.0817563,51.1165722],[17.0817596,51.116564],[17.0817629,51.1165558],[17.0817662,51.1165476],[17.0817695,51.1165394],[17.0817728,51.1165312],[17.0817745,51.1165223],[17.0817763,51.1165135],[17.081778,51.1165046],[17.0817797,51.1164958],[17.0817815,51.1164869],[17.0817832,51.1164781],[17.081785,51.1164692],[17.0817867,51.1164604],[17.0817884,51.1164515],[17.0817902,51.1164427],[17.0817919,51.1164338],[17.0817911,51.1164249],[17.0817903,51.1164159],[17.0817894,51.116407],[17.0817886,51.116398],[17.0817878,51.1163891],[17.081787,51.1163801],[17.0817861,51.1163712],[17.0817853,51.1163622],[17.0817845,51.1163533],[17.0817837,51.1163443],[17.0817828,51.1163354],[17.081782,51.1163264],[17.0817812,51.1163175],[17.0817804,51.1163085],[17.0817795,51.1162996],[17.0817787,51.1162906],[17.0817779,51.1162817],[17.0817771,51.1162728],[17.0817763,51.1162638],[17.0817754,51.1162549],[17.0817746,51.1162459],[17.0817738,51.116237],[17.081773,51.116228],[17.0817721,51.1162191],[17.0817713,51.1162101],[17.0817705,51.1162012],[17.0817697,51.1161922],[17.0817688,51.1161833],[17.081768,51.1161743],[17.0817672,51.1161654],[17.0817664,51.1161564],[17.0817655,51.1161475],[17.0817647,51.1161385],[17.0817639,51.1161296],[17.0817631,51.1161218],[17.0817622,51.1161139],[17.0817614,51.1161061],[17.0817584,51.1160787]]}},{"type":"Feature","properties":{"layer":"roads"},"geometry":{"type":"LineString","coordinates":[[17.0817217,51.116675],[17.0817368,51.1167103],[17.0817721,51.1167617]]}},{"type":"Feature","properties":{"layer":"roads"},"geometry":{"type":"LineString","coordinates":[[17.0817217,51.116675],[17.0816779,51.1166674],[17.0816695,51.1166613],[17.0816611,51.1166552],[17.0816499,51.1166502],[17.0816387,51.1166451],[17.0816275,51.1166401],[17.0816164,51.1166351],[17.0816052,51.1166301],[17.081594,51.116625],[17.0815828,51.11662],[17.0815716,51.116615],[17.0815604,51.1166099],[17.0815492,51.1166049],[17.0815381,51.1165999],[17.0815269,51.1165949],[17.0815157,51.1165898],[17.0815045,51.1165848],[17.0814973,51.1165777],[17.08149,51.1165706],[17.0814828,51.1165634],[17.0814756,51.1165563],[17.0814683,51.1165492],[17.0814611,51.1165421],[17.0814539,51.116535],[17.0814467,51.1165278],[17.0814394,51.1165207],[17.0814322,51.1165136],[17.081425,51.1165065],[17.0814177,51.1164994],[17.0814105,51.1164923],[17.0814033,51.1164851],[17.081396,51.116478],[17.0813888,51.1164709],[17.0813829,51.1164632],[17.081377,51.1164556],[17.0813711,51.1164479],[17.0813653,51.1164403],[17.0813594,51.1164326],[17.0813535,51.116425],[17.0813476,51.1164173],[17.0813417,51.1164097],[17.0813358,51.116402],[17.08133,51.1163944],[17.0813241,51.1163867],[17.0813182,51.1163791],[17.0813123,51.1163714],[17.0813048,51.1163639],[17.0812973,51.1163564],[17.0812899,51.116349],[17.0812824,51.1163415],[17.0812749,51.116334],[17.0812674,51.1163265],[17.0812599,51.116319],[17.0812525,51.1163116],[17.081245,51.1163041],[17.0812375,51.1162966],[17.0812297,51.1162899],[17.0812218,51.1162832],[17.081214,51.1162765],[17.0812062,51.1162698],[17.0811984,51.1162631],[17.0811905,51.1162563],[17.0811827,51.1162496],[17.0811749,51.1162429],[17.081167,51.1162362],[17.0811592,51.1162295],[17.0811524,51.116222],[17.0811455,51.1162145],[17.0811387,51.116207],[17.0811319,51.1161995],[17.0811251,51.116192],[17.0811182,51.1161845],[17.0811114,51.116177],[17.0811046,51.1161695],[17.0810978,51.116162],[17.081091,51.1161545],[17.0810841,51.116147],[17.0810773,51.1161395],[17.0810705,51.1161321],[17.0810636,51.1161246],[17.0810568,51.1161171],[17.08105,51.1161096],[17.0810432,51.1161021],[17.0810363,51.1160946],[17.0810295,51.1160871],[17.0810227,51.1160796],[17.0810159,51.1160721],[17.081009,51.1160646],[17.0810022,51.1160571],[17.0809954,51.1160496],[17.080986,51.1160428],[17.0809765,51.1160361],[17.0809671,51.1160293],[17.0809576,51.1160226],[17.0809482,51.1160158],[17.0809388,51.1160091],[17.0809293,51.1160023],[17.0809199,51.1159956],[17.0809104,51.1159888],[17.080901,51.1159821],[17.0808916,51.1159753],[17.0808821,51.1159686],[17.0808727,51.1159618],[17.0808633,51.1159551],[17.0808538,51.1159483],[17.0808444,51.1159416],[17.0808349,51.1159348],[17.0808255,51.1159281],[17.0808161,51.1159213],[17.0808066,51.1159146],[17.0807972,51.1159078],[17.0807877,51.1159011],[17.0807783,51.1158943],[17.0807638,51.1158654]]}},{"type":"Feature","properties":{"layer":"roads"},"geometry":{"type":"LineString","coordinates":[[17.0807638,51.1158654],[17.0807183,51.1158471],[17.080707,51.1158425],[17.0806833,51.1158354],[17.0806464,51.1158278],[17.0806341,51.1158253],[17.0806218,51.1158227],[17.0806095,51.1158202],[17.0805963,51.1158176],[17.080583,51.1158151],[17.0805698,51.1158125],[17.0805565,51.1158099],[17.0805433,51.1158073],[17.0805301,51.1158048],[17.0805168,51.1158022],[17.0805036,51.1157996],[17.0804903,51.115797],[17.0804771,51.1157945],[17.0804638,51.1157919],[17.0804506,51.1157893],[17.080438,51.1157861],[17.0804253,51.1157828],[17.0804127,51.1157796],[17.0804,51.1157764],[17.0803874,51.1157731],[17.0803747,51.1157699],[17.0803621,51.1157666],[17.0803494,51.1157634],[17.0803368,51.1157602],[17.0803242,51.1157569],[17.0803115,51.1157537],[17.0802989,51.1157505],[17.0802428,51.1157228]]}},{"type":"Feature","properties":{"layer":"roads"},"geometry":{"type":"LineString","coordinates":[[17.0807638,51.1158654],[17.0808175,51.115864],[17.0808311,51.1158669],[17.0808446,51.1158697],[17.0808582,51.1158726],[17.0808717,51.1158755],[17.0808853,51.1158784],[17.0808988,51.1158813],[17.0809124,51.1158842],[17.0809259,51.1158871],[17.0809395,51.11589],[17.080953,51.1158929],[17.0809666,51.1158958],[17.0809801,51.1158987],[17.0809935,51.1159015],[17.0810069,51.1159043],[17.0810203,51.1159071],[17.0810336,51.1159099],[17.081047,51.1159127],[17.0810604,51.1159155],[17.0810738,51.1159183],[17.0810872,51.1159211],[17.0811006,51.115924],[17.0811139,51.1159268],[17.0811273,51.1159296],[17.0811407,51.1159324],[17.0811541,51.1159352],[17.0811675,51.115938],[17.0811808,51.1159408],[17.0811942,51.1159436],[17.0812076,51.1159464],[17.081221,51.1159492],[17.0812346,51.1159518],[17.0812482,51.1159544],[17.0812618,51.115957],[17.0812754,51.1159596],[17.0812889,51.1159623],[17.0813025,51.1159649],[17.0813161,51.1159675],[17.0813297,51.1159701],[17.0813433,51.1159727],[17.0813569,51.1159753],[17.0813705,51.1159779],[17.0813841,51.1159805],[17.0813977,51.1159831],[17.0814427,51.1159889]]}},{"type":"Feature","properties":{"layer":"roads"},"geometry":{"type":"LineString","coordinates":[[17.0783805,51.1136741],[17.0783263,51.1136803],[17.0783128,51.1136818],[17.0782993,51.1136833],[17.0782857,51.1136847],[17.0782722,51.1136862],[17.0782586,51.1136877],[17.0782451,51.1136892],[17.0782315,51.1136907],[17.078218,51.1136922],[17.0782047,51.1136928],[17.0781914,51.1136934],[17.078178,51.1136939],[17.0781647,51.1136945],[17.0781514,51.1136951],[17.0781381,51.1136957],[17.0781247,51.1136962],[17.0781114,51.1136968],[17.0780981,51.1136974],[17.0780848,51.1136971],[17.0780715,51.1136968],[17.0780582,51.1136965],[17.0780449,51.1136961],[17.0780316,51.1136958],[17.0780183,51.1136955],[17.0780049,51.1136952],[17.0779916,51.1136949],[17.0779783,51.1136946],[17.077965,51.1136942],[17.0779517,51.1136939],[17.0779384,51.1136936],[17.0779251,51.1136933],[17.0779115,51.1136925],[17.077898,51.1136918],[17.0778844,51.113691],[17.0778709,51.1136903],[17.0778573,51.1136895],[17.0778437,51.1136887],[17.0778302,51.113688],[17.0778166,51.1136872],[17.077803,51.1136865],[17.0777895,51.1136857],[17.0777759,51.1136849],[17.0777624,51.1136842],[17.0777488,51.1136834],[17.0777352,51.1136826],[17.0777217,51.1136819],[17.0777081,51.1136811],[17.0776946,51.1136804],[17.077681,51.1136796],[17.0776672,51.1136778],[17.0776533,51.1136761],[17.0776395,51.1136743],[17.0776256,51.1136726],[17.0776118,51.1136708],[17.077598,51.113669],[17.0775841,51.1136673],[17.0775703,51.1136655],[17.0775564,51.1136638],[17.0775426,51.113662],[17.0775287,51.1136602],[17.0775149,51.1136585],[17.0775011,51.1136567],[17.0774872,51.113655],[17.0774734,51.1136532],[17.0774595,51.1136515],[17.0774457,51.1136497],[17.0774319,51.1136479],[17.077418,51.1136462],[17.0774042,51.1136444],[17.0773903,51.1136427],[17.0773765,51.1136409],[17.077363,51.1136395],[17.0773495,51.1136381],[17.077336,51.1136367],[17.0773225,51.1136352],[17.0773091,51.1136338],[17.0772956,51.1136324],[17.0772821,51.113631],[17.0772686,51.1136296],[17.0772551,51.1136282],[17.0772416,51.1136267],[17.0772281,51.1136253],[17.0772146,51.1136239],[17.0772011,51.1136225],[17.0771876,51.1136211],[17.0771742,51.1136197],[17.0771607,51.1136182],[17.0771472,51.1136168],[17.0771337,51.1136154],[17.0771202,51.113614],[17.077107,51.1136111],[17.0770937,51.1136083],[17.0770805,51.1136054],[17.0770672,51.1136025],[17.077054,51.1135997],[17.0770407,51.1135968],[17.0770275,51.1135939],[17.0770142,51.113591],[17.077001,51.1135882],[17.0769877,51.1135853],[17.0769745,51.1135824],[17.0769612,51.1135796],[17.076948,51.1135767],[17.0769352,51.1135732],[17.0769223,51.1135696],[17.0769095,51.1135661],[17.0768966,51.1135626],[17.0768838,51.1135591],[17.0768709,51.1135555],[17.0768581,51.113552],[17.0768452,51.1135485],[17.0768324,51.1135449],[17.0768195,51.1135414],[17.0768067,51.1135379],[17.0767938,51.1135343],[17.0767809,51.1135308],[17.0767681,51.1135273],[17.0767553,51.1135238],[17.0767424,51.1135202],[17.0766959,51.1135024]]}},{"type":"Feature","properties":{"layer":"roads"},"geometry":{"type":"LineString","coordinates":[[17.0783805,51.1136741],[17.0783657,51.1136396],[17.078362,51.1136309],[17.0783583,51.1136222],[17.0783546,51.1136135],[17.0783509,51.1136048],[17.0783472,51.1135961],[17.0783435,51.1135874],[17.0783398,51.1135788],[17.0783361,51.1135701],[17.0783324,51.1135614],[17.0783287,51.1135527],[17.078325,51.113544],[17.0783213,51.1135353],[17.0783176,51.1135267],[17.0783139,51.113518],[17.0783102,51.1135093],[17.0783066,51.1135006],[17.0783029,51.1134919],[17.0782992,51.1134832],[17.0782955,51.1134745],[17.0782918,51.1134659],[17.0782881,51.1134572],[17.0782844,51.1134485],[17.0782807,51.1134398],[17.078277,51.1134311],[17.0782733,51.1134224],[17.0782696,51.1134137],[17.0782659,51.1134051],[17.0782622,51.1133964],[17.0782585,51.1133877],[17.0782548,51.113379],[17.0782511,51.1133703],[17.0782474,51.1133616],[17.0782437,51.113353],[17.078239,51.1133197]]}},{"type":"Feature","properties":{"layer":"roads"},"geometry":{"type":"LineString","coordinates":[[17.0766959,51.1135024],[17.0767311,51.1134819],[17.0767411,51.1134759],[17.0767511,51.1134698],[17.0767611,51.1134638],[17.0767711,51.1134577],[17.0767811,51.1134517],[17.0767911,51.1134457],[17.0768012,51.1134396],[17.0768112,51.1134336],[17.0768212,51.1134275],[17.0768312,51.1134215],[17.0768412,51.1134154],[17.0768512,51.1134094],[17.0768612,51.1134033],[17.0768712,51.1133973],[17.0768813,51.1133912],[17.0768913,51.1133852],[17.0769013,51.1133792],[17.0769113,51.1133731],[17.0769213,51.1133671],[17.0769313,51.113361],[17.0769413,51.113355],[17.0769514,51.1133489],[17.0769614,51.1133429],[17.0769714,51.1133368],[17.0769814,51.1133308],[17.0769932,51.1133266],[17.077005,51.1133224],[17.0770168,51.1133182],[17.0770287,51.113314],[17.0770405,51.1133098],[17.0770523,51.1133056],[17.0770641,51.1133014],[17.0770759,51.1132972],[17.0770877,51.113293],[17.0770996,51.1132888],[17.0771114,51.1132846],[17.0771232,51.1132804],[17.077135,51.1132762],[17.0771478,51.1132726],[17.0771605,51.1132689],[17.0771733,51.1132653],[17.0771861,51.1132617],[17.0771989,51.1132581],[17.0772116,51.1132544],[17.0772244,51.1132508],[17.0772372,51.1132472],[17.07725,51.1132436],[17.0772627,51.1132399],[17.0772755,51.1132363],[17.0772883,51.1132327],[17.0773011,51.1132291],[17.0773138,51.1132254],[17.0773266,51.1132218],[17.0773391,51.1132177],[17.0773516,51.1132135],[17.0773642,51.1132094],[17.0773767,51.1132052],[17.0773892,51.1132011],[17.0774017,51.1131969],[17.0774143,51.1131928],[17.0774268,51.1131886],[17.0774393,51.1131845],[17.0774518,51.1131803],[17.0774643,51.1131762],[17.0774769,51.113172],[17.0774894,51.1131679],[17.0775019,51.1131637],[17.0775144,51.1131596],[17.0775269,51.1131554],[17.0775395,51.1131513],[17.077552,51.1131471],[17.0775645,51.113143],[17.077577,51.1131388],[17.0775896,51.1131347],[17.0776021,51.1131305],[17.0776146,51.1131264],[17.0776271,51.1131222],[17.0776396,51.1131181],[17.0776522,51.1131139],[17.0776647,51.1131098],[17.0776772,51.1131056],[17.0776897,51.1131015],[17.0777022,51.1130973],[17.0777148,51.1130932],[17.0777273,51.113089],[17.0777398,51.1130849],[17.0777523,51.1130807],[17.0777649,51.1130766],[17.0777774,51.1130724],[17.0777899,51.1130683],[17.0777983,51.1130624],[17.0778067,51.1130564],[17.0778151,51.1130505],[17.0778235,51.1130445],[17.0778319,51.1130386],[17.0778403,51.1130326],[17.0778487,51.1130267],[17.0778551,51.1130202],[17.0778614,51.1130137],[17.0778678,51.1130072],[17.0778741,51.1130007],[17.0778805,51.1129942],[17.0778868,51.1129877],[17.0778928,51.1129803],[17.0778988,51.1129729],[17.0779049,51.1129655],[17.0779109,51.1129581],[17.0779169,51.1129507],[17.0779229,51.1129432],[17.0779289,51.1129358],[17.077935,51.1129284],[17.077941,51.112921],[17.077947,51.1129136],[17.0779538,51.1129068],[17.0779606,51.1129],[17.0779674,51.1128932],[17.0779947,51.1128661]]}},{"type":"Feature","properties":{"layer":"roads"},"geometry":{"type":"LineString","coordinates":[[17.0766959,51.1135024],[17.0766383,51.1134945],[17.0766252,51.1134916],[17.076612,51.1134887],[17.0765988,51.1134858],[17.0765856,51.1134829],[17.0765725,51.11348],[17.0765593,51.1134771],[17.0765461,51.1134742],[17.076533,51.1134713],[17.0765198,51.1134684],[17.0765066,51.1134655],[17.0764935,51.1134626],[17.0764803,51.1134597],[17.0764672,51.1134575],[17.0764541,51.1134553],[17.0764411,51.1134531],[17.076428,51.1134509],[17.0764149,51.1134487],[17.0764018,51.1134465],[17.0763888,51.1134442],[17.0763757,51.113442],[17.0763626,51.1134398],[17.0763495,51.1134376],[17.0763365,51.1134354],[17.0763234,51.1134332],[17.0763103,51.113431],[17.0762973,51.1134293],[17.0762842,51.1134276],[17.0762712,51.1134259],[17.0762582,51.1134242],[17.0762452,51.1134225],[17.0762321,51.1134208],[17.0762191,51.1134191],[17.0762053,51.1134179],[17.0761914,51.1134167],[17.0761776,51.1134155],[17.0761637,51.1134143],[17.0761499,51.1134131],[17.0761361,51.1134118],[17.0761222,51.1134106],[17.0761084,51.1134094],[17.0760945,51.1134082],[17.0760807,51.113407],[17.0760667,51.1134057],[17.0760527,51.1134045],[17.0760387,51.1134032],[17.0760247,51.1134019],[17.0760106,51.1134006],[17.0759966,51.1133993],[17.0759826,51.1133981],[17.0759686,51.1133968],[17.0759565,51.1133936],[17.0759445,51.1133904],[17.0759324,51.1133871],[17.0759204,51.1133839],[17.0759083,51.1133807],[17.0758994,51.1133757],[17.0758905,51.1133707],[17.0758816,51.1133657],[17.0758727,51.1133607],[17.0758643,51.1133543],[17.0758559,51.1133479],[17.0758474,51.1133416],[17.075839,51.1133352],[17.0758306,51.1133288],[17.0758218,51.1133236],[17.0758131,51.1133184],[17.0758043,51.1133132],[17.0757955,51.113308],[17.0757868,51.1133028],[17.075761,51.1132762]]}},{"type":"Feature","properties":{"layer":"roads"},"geometry":{"type":"LineString","coordinates":[[17.0766959,51.1135024],[17.0766554,51.1135329],[17.0766465,51.1135396],[17.0766376,51.1135463],[17.0766287,51.113553],[17.0766198,51.1135597],[17.0766109,51.1135664],[17.076602,51.1135731],[17.0765931,51.1135797],[17.0765842,51.1135864],[17.0765753,51.1135931],[17.0765664,51.1135998],[17.0765575,51.1136065],[17.0765486,51.1136132],[17.0765397,51.1136199],[17.0765308,51.1136266],[17.0765219,51.1136333],[17.076513,51.11364],[17.0765041,51.1136467],[17.0764966,51.1136541],[17.0764892,51.1136615],[17.0764817,51.1136688],[17.0764742,51.1136762],[17.0764668,51.1136836],[17.0764593,51.113691],[17.0764518,51.1136983],[17.0764444,51.1137057],[17.0764369,51.1137131],[17.0764294,51.1137205],[17.076422,51.1137279],[17.0764145,51.1137352],[17.0764071,51.1137426],[17.0763996,51.11375],[17.0763921,51.1137574],[17.0763847,51.1137648],[17.0763772,51.1137721],[17.0763697,51.1137795],[17.0763623,51.1137869],[17.0763548,51.1137943],[17.0763473,51.1138016],[17.0763399,51.113809],[17.0763324,51.1138164],[17.076324,51.1138237],[17.0763156,51.1138309],[17.0763072,51.1138382],[17.0762988,51.1138455],[17.0762904,51.1138527],[17.076282,51.11386],[17.0762736,51.1138672],[17.0762652,51.1138745],[17.0762568,51.1138818],[17.0762484,51.113889],[17.07624,51.1138963],[17.0762316,51.1139036],[17.0762232,51.1139108],[17.0762148,51.1139181],[17.0762064,51.1139254],[17.076198,51.1139326],[17.0761896,51.1139399],[17.0761812,51.1139471],[17.0761728,51.1139544],[17.0761644,51.1139617],[17.076156,51.1139689],[17.0761476,51.1139762],[17.0761384,51.113983],[17.0761292,51.1139899],[17.07612,51.1139967],[17.0761108,51.1140035],[17.0761016,51.1140103],[17.0760923,51.1140172],[17.0760831,51.114024],[17.0760739,51.1140308],[17.0760647,51.1140377],[17.0760555,51.1140445],[17.0760463,51.1140513],[17.0760371,51.1140582],[17.0760279,51.114065],[17.0760187,51.1140718],[17.0760095,51.1140786],[17.0760003,51.1140855],[17.0759911,51.1140923],[17.0759818,51.1140991],[17.0759726,51.114106],[17.0759634,51.1141128],[17.0759542,51.1141196],[17.075945,51.1141264],[17.0759358,51.1141333],[17.0759266,51.1141401],[17.075921,51.1141482],[17.0759154,51.1141564],[17.0759098,51.1141645],[17.0759041,51.1141727],[17.0758985,51.1141809],[17.0758929,51.114189],[17.0758873,51.1141972],[17.0758817,51.1142053],[17.0758734,51.1142105],[17.075865,51.1142157],[17.0758567,51.1142209],[17.0758513,51.1142363],[17.0758583,51.1142602],[17.0758608,51.1142687],[17.0758633,51.1142772],[17.0758658,51.1142857],[17.0758525,51.1142968],[17.0758158,51.1143029],[17.0757632,51.1143115]]}},{"type":"Feature","properties":{"layer":"roads"},"geometry":{"type":"LineString","coordinates":[[17.0801797,51.1147738],[17.0802235,51.1147953],[17.080236,51.1147992],[17.0802484,51.1148031],[17.0802609,51.114807],[17.0802733,51.1148109],[17.0802857,51.1148148],[17.0802982,51.1148188],[17.0803106,51.1148227],[17.0803231,51.1148266],[17.0803355,51.1148305],[17.080348,51.1148347],[17.0803605,51.1148389],[17.080373,51.1148432],[17.0803855,51.1148474],[17.0803979,51.1148516],[17.0804104,51.1148558],[17.0804229,51.11486],[17.0804354,51.1148643],[17.0804479,51.1148685],[17.0804604,51.1148727],[17.0804729,51.1148769],[17.0804854,51.1148811],[17.0804979,51.1148854],[17.0805103,51.1148896],[17.0805228,51.1148938],[17.0805353,51.114898],[17.0805478,51.1149022],[17.0805603,51.1149065],[17.0805728,51.1149107],[17.0805853,51.1149149],[17.0805978,51.1149191],[17.0806103,51.1149233],[17.0806227,51.1149276],[17.0806352,51.1149318],[17.0806477,51.114936],[17.0806602,51.1149402],[17.0806727,51.1149444],[17.0806852,51.1149487],[17.0806977,51.1149529],[17.0807102,51.1149571],[17.0807227,51.1149613],[17.0807351,51.1149656],[17.0807476,51.1149698],[17.0807601,51.114974],[17.0807726,51.1149782],[17.0807851,51.1149824],[17.0807976,51.1149867],[17.0808101,51.1149909],[17.0808226,51.1149951],[17.0808351,51.1149993],[17.0808475,51.1150035],[17.08086,51.1150078],[17.0808725,51.115012],[17.080885,51.1150162],[17.0808975,51.1150204],[17.08091,51.1150246],[17.0809225,51.1150289],[17.080935,51.1150331],[17.0809475,51.1150373],[17.0809599,51.1150415],[17.0809724,51.1150457],[17.0810131,51.1150595]]}},{"type":"Feature","properties":{"layer":"roads"},"geometry":{"type":"LineString","coordinates":[[17.0801797,51.1147738],[17.0801351,51.1147704],[17.0800936,51.1147661],[17.0800798,51.1147646],[17.0800659,51.1147632],[17.0800521,51.1147618],[17.0800383,51.1147603],[17.0800245,51.1147589],[17.0800106,51.1147575],[17.0799968,51.114756],[17.0799475,51.1147568]]}},{"type":"Feature","properties":{"layer":"roads"},"geometry":{"type":"LineString","coordinates":[[17.0801797,51.1147738],[17.0802095,51.1147525],[17.0802216,51.1147487],[17.0802337,51.1147448],[17.0802458,51.1147409],[17.0802579,51.1147371],[17.08027,51.1147332],[17.0802821,51.1147294],[17.0802943,51.1147255],[17.0803064,51.1147217],[17.0803185,51.1147178],[17.0803306,51.114714],[17.0803427,51.1147101],[17.0803564,51.114708],[17.0803701,51.1147059],[17.0803838,51.1147038],[17.0803974,51.1147017],[17.0804111,51.1146996],[17.0804248,51.1146975],[17.0804385,51.1146954],[17.0804522,51.1146933],[17.0804659,51.1146912],[17.0804795,51.1146891],[17.0804932,51.114687],[17.0805069,51.1146849],[17.0805206,51.1146828],[17.0805343,51.1146807],[17.080548,51.1146786],[17.0805616,51.1146765],[17.0805753,51.1146744],[17.080589,51.1146723],[17.0806027,51.1146702],[17.0806164,51.1146681],[17.0806301,51.114666],[17.0806438,51.1146639],[17.0806574,51.1146618],[17.0806711,51.1146597],[17.0806848,51.1146576],[17.0806985,51.1146554],[17.0807122,51.1146533],[17.0807259,51.1146512],[17.0807395,51.1146491],[17.0807532,51.114647],[17.0807669,51.1146449],[17.0807806,51.1146428],[17.0807943,51.1146407],[17.080808,51.1146386],[17.0808217,51.1146365],[17.0808353,51.1146344],[17.080849,51.1146323],[17.0808627,51.1146302],[17.0808764,51.1146281],[17.0808901,51.114626],[17.0809038,51.1146239],[17.0809174,51.1146218],[17.0809311,51.1146197],[17.0809448,51.1146176],[17.0809585,51.1146155],[17.0809722,51.1146134],[17.0809859,51.1146113],[17.0809995,51.1146092],[17.0810132,51.1146071],[17.0810269,51.114605],[17.0810406,51.1146029],[17.0810545,51.1146014],[17.0810684,51.1145999],[17.0810823,51.1145984],[17.0810962,51.1145969],[17.0811101,51.1145954],[17.081124,51.1145939],[17.0811379,51.1145924],[17.0811518,51.1145909],[17.0811658,51.1145894],[17.0811797,51.1145879],[17.0811936,51.1145864],[17.0812075,51.1145849],[17.0812214,51.1145834],[17.0812353,51.1145819],[17.0812492,51.1145804],[17.0812631,51.1145789],[17.081277,51.1145774],[17.0812909,51.114576],[17.0813048,51.1145745],[17.0813187,51.114573],[17.0813326,51.1145715],[17.0813465,51.11457],[17.0813604,51.1145685],[17.0813743,51.114567],[17.0813882,51.1145655],[17.0814021,51.114564],[17.0814161,51.1145625],[17.08143,51.114561],[17.0814439,51.1145595],[17.0814578,51.114558],[17.0814717,51.1145565],[17.0814856,51.114555],[17.0814995,51.1145535],[17.0815134,51.114552],[17.0815273,51.1145505],[17.0815404,51.1145488],[17.0815534,51.1145471],[17.0815665,51.1145454],[17.0815796,51.1145438],[17.0815926,51.1145421],[17.0816057,51.1145404],[17.0816188,51.1145387],[17.0816318,51.114537],[17.0816449,51.1145353],[17.0816579,51.1145336],[17.081671,51.114532],[17.0816841,51.1145303],[17.0816971,51.1145286],[17.0817102,51.1145269],[17.0817231,51.1145268],[17.0817359,51.1145266],[17.0817488,51.1145265],[17.0817617,51.1145263],[17.0818072,51.11453]]}},{"type":"Feature","properties":{"layer":"roads"},"geometry":{"type":"LineString","coordinates":[[17.0818072,51.11453],[17.0817857,51.1145572],[17.0817788,51.114565],[17.081772,51.1145729],[17.0817652,51.1145807],[17.0817583,51.1145886],[17.0817514,51.1145964],[17.0817446,51.1146043],[17.0817378,51.1146121],[17.0817309,51.11462],[17.081724,51.1146278],[17.0817172,51.1146356],[17.0817103,51.1146435],[17.0817035,51.1146513],[17.0816966,51.1146592],[17.0816898,51.114667],[17.0816829,51.1146749],[17.0816761,51.1146827],[17.0816692,51.1146906],[17.0816624,51.1146984],[17.0816555,51.1147063],[17.0816487,51.1147141],[17.0816418,51.114722],[17.081635,51.1147298],[17.0816284,51.1147377],[17.0816219,51.1147456],[17.0816153,51.1147535],[17.0816088,51.1147613],[17.0816022,51.1147692],[17.0815956,51.1147771],[17.0815891,51.114785],[17.0815825,51.1147929],[17.081576,51.1148008],[17.0815694,51.1148087],[17.0815628,51.1148166],[17.0815563,51.1148244],[17.0815497,51.1148323],[17.0815432,51.1148402],[17.0815366,51.1148481],[17.08153,51.114856],[17.0815235,51.1148639],[17.0815169,51.1148718],[17.0815104,51.1148796],[17.0815038,51.1148875],[17.0814972,51.1148954],[17.0814907,51.1149033],[17.0814841,51.1149112],[17.0814776,51.1149191],[17.081471,51.114927],[17.0814644,51.1149349],[17.0814579,51.1149427],[17.0814513,51.1149506],[17.0814448,51.1149585],[17.0814382,51.1149664],[17.081433,51.1149739],[17.0814278,51.1149813],[17.0814226,51.1149888],[17.0814174,51.1149962],[17.0814121,51.1150037],[17.0814069,51.1150112],[17.0814017,51.1150186],[17.0813877,51.1150445]]}},{"type":"Feature","properties":{"layer":"roads"},"geometry":{"type":"LineString","coordinates":[[17.0818072,51.11453],[17.0818384,51.1144941],[17.0818447,51.1144862],[17.081851,51.1144783],[17.0818573,51.1144704],[17.0818636,51.1144625],[17.08187,51.1144545],[17.0818763,51.1144466],[17.0818826,51.1144387],[17.0818889,51.1144308],[17.0818952,51.1144229],[17.0819015,51.114415],[17.0819079,51.114407],[17.0819142,51.1143991],[17.0819205,51.1143912],[17.0819268,51.1143833],[17.0819331,51.1143754],[17.0819394,51.1143675],[17.0819458,51.1143595],[17.0819521,51.1143516],[17.0819584,51.1143437],[17.0819647,51.1143358],[17.081971,51.1143279],[17.0819773,51.11432],[17.0819837,51.114312],[17.08199,51.1143041],[17.0819963,51.1142962],[17.0820022,51.1142881],[17.0820081,51.1142801],[17.082014,51.114272],[17.0820199,51.1142639],[17.0820258,51.1142559],[17.0820317,51.1142478],[17.0820376,51.1142397],[17.0820435,51.1142316],[17.0820494,51.1142236],[17.0820433,51.1141864]]}},{"type":"Feature","properties":{"layer":"roads"},"geometry":{"type":"LineString","coordinates":[[17.0818072,51.11453],[17.0818634,51.1145348],[17.081876,51.114537],[17.0818886,51.1145392],[17.0819011,51.1145415],[17.0819137,51.1145437],[17.0819267,51.1145468],[17.0819396,51.1145499],[17.0819526,51.114553],[17.0819656,51.1145561],[17.0819786,51.1145592],[17.0819915,51.1145623],[17.0820045,51.1145654],[17.0820175,51.1145685],[17.0820305,51.1145716],[17.0820434,51.1145746],[17.0820564,51.1145777],[17.0820694,51.1145808],[17.0820824,51.1145839],[17.0820953,51.114587],[17.0821083,51.1145901],[17.0821213,51.1145932],[17.0821343,51.1145963],[17.0821472,51.1145994],[17.0821602,51.1146025],[17.0821716,51.1146079],[17.0821829,51.1146134],[17.0821943,51.1146188],[17.0822057,51.1146242],[17.0822171,51.1146297],[17.0822284,51.1146351],[17.0822398,51.1146405],[17.0822512,51.114646],[17.0822626,51.1146514],[17.0822739,51.1146568],[17.0822853,51.1146623],[17.0822967,51.1146677],[17.0823081,51.1146732],[17.0823194,51.1146786],[17.0823308,51.114684],[17.0823422,51.1146895],[17.0823535,51.1146949],[17.0823649,51.1147003],[17.0823763,51.1147058],[17.0823877,51.1147112],[17.082399,51.1147166],[17.0824104,51.1147221],[17.0824218,51.1147275],[17.0824332,51.1147329],[17.0824445,51.1147384],[17.0824559,51.1147438],[17.0824668,51.1147491],[17.0824777,51.1147544],[17.0824886,51.1147597],[17.0824995,51.1147651],[17.0825104,51.1147704],[17.0825213,51.1147757],[17.0825322,51.114781],[17.0825431,51.1147863],[17.082554,51.1147917],[17.0825649,51.114797],[17.0825758,51.1148023],[17.0825866,51.1148076],[17.0825975,51.1148129],[17.0826084,51.1148182],[17.0826193,51.1148235],[17.0826302,51.1148289],[17.0826411,51.1148342],[17.082652,51.1148395],[17.0826629,51.1148448],[17.0826738,51.1148501],[17.0826847,51.1148555],[17.0826956,51.1148608],[17.0827065,51.1148661],[17.0827174,51.1148714],[17.0827291,51.1148765],[17.0827409,51.1148816],[17.0827526,51.1148867],[17.0827643,51.1148918],[17.0827761,51.1148969],[17.0827878,51.114902],[17.0827995,51.1149071],[17.0828112,51.1149122],[17.082823,51.1149173],[17.0828347,51.1149224],[17.0828464,51.1149275],[17.0828582,51.1149326],[17.0828699,51.1149377],[17.0828816,51.1149428],[17.0828934,51.1149479],[17.0829051,51.114953],[17.0829168,51.1149581],[17.0829285,51.1149632],[17.0829403,51.1149683],[17.082952,51.1149734],[17.0829637,51.1149785],[17.0829755,51.1149836],[17.0829872,51.1149887],[17.0829993,51.1149934],[17.0830114,51.1149981],[17.0830235,51.1150028],[17.0830356,51.1150075],[17.0830477,51.1150122],[17.0830599,51.1150169],[17.0830874,51.1150432]]}},{"type":"Feature","properties":{"layer":"roads"},"geometry":{"type":"LineString","coordinates":[[17.0814787,51.1189796],[17.0814164,51.1189809],[17.0814037,51.1189847],[17.081391,51.1189885],[17.0813782,51.1189923],[17.0813655,51.1189961],[17.0813527,51.1189999],[17.08134,51.1190037],[17.0813273,51.1190075],[17.0813145,51.1190113],[17.0813018,51.1190151],[17.0812891,51.1190189],[17.0812763,51.1190227],[17.0812636,51.1190265],[17.0812508,51.1190303],[17.0812381,51.1190341],[17.0812254,51.1190379],[17.0812126,51.1190417],[17.0811999,51.1190455],[17.0811871,51.1190493],[17.0811744,51.1190531],[17.0811617,51.1190569],[17.0811489,51.1190607],[17.0811362,51.1190645],[17.0811234,51.1190683],[17.0811107,51.1190721],[17.081098,51.1190759],[17.0810852,51.1190797],[17.0810725,51.1190835],[17.0810597,51.1190873],[17.081047,51.1190911],[17.0810343,51.1190949],[17.0810215,51.1190987],[17.0810088,51.1191025],[17.0809961,51.1191063],[17.0809833,51.1191101],[17.0809706,51.1191139],[17.0809578,51.1191177],[17.0809451,51.1191215],[17.0809324,51.1191253],[17.0808736,51.1191411]]}},{"type":"Feature","properties":{"layer":"roads"},"geometry":{"type":"LineString","coordinates":[[17.0814787,51.1189796],[17.0814541,51.1189504],[17.0814475,51.1189428],[17.0814409,51.1189352],[17.0814342,51.1189275],[17.0814276,51.1189199],[17.081421,51.1189122],[17.0814143,51.1189046],[17.0814077,51.118897],[17.0814011,51.1188893],[17.0813944,51.1188817],[17.0813878,51.1188741],[17.0813812,51.1188664],[17.0813746,51.1188588],[17.0813679,51.1188512],[17.0813613,51.1188435],[17.0813547,51.1188359],[17.081348,51.1188283],[17.0813414,51.1188206],[17.0813348,51.118813],[17.0813281,51.1188053],[17.0813215,51.1187977],[17.0813149,51.1187901],[17.0813082,51.1187824],[17.0813016,51.1187748],[17.0812941,51.1187673],[17.0812866,51.1187597],[17.081279,51.1187522],[17.0812715,51.1187446],[17.081264,51.1187371],[17.0812565,51.1187295],[17.0812489,51.118722],[17.0812414,51.1187144],[17.0812339,51.1187069],[17.0812264,51.1186993],[17.0812189,51.1186918],[17.0812113,51.1186842],[17.0812038,51.1186767],[17.0811963,51.1186691],[17.0811888,51.1186616],[17.0811812,51.118654],[17.0811737,51.1186465],[17.0811662,51.1186389],[17.0811587,51.1186314],[17.0811512,51.1186238],[17.0811436,51.1186163],[17.0811361,51.1186088],[17.0811286,51.1186012],[17.0811211,51.1185937],[17.0811135,51.1185861],[17.081106,51.1185786],[17.0810985,51.118571],[17.081091,51.1185635],[17.0810834,51.1185559],[17.0810759,51.1185484],[17.0810684,51.1185408],[17.0810609,51.1185333],[17.0810534,51.1185257],[17.0810458,51.1185182],[17.0810383,51.1185106],[17.0810308,51.1185031],[17.0810233,51.1184955],[17.0810157,51.118488],[17.0810082,51.1184804],[17.0810007,51.1184729],[17.0809935,51.1184653],[17.0809864,51.1184577],[17.0809792,51.1184501],[17.080972,51.1184425],[17.0809649,51.1184349],[17.0809577,51.1184273],[17.0809505,51.1184197],[17.0809434,51.1184121],[17.0809362,51.1184045],[17.080929,51.1183969],[17.0809219,51.1183893],[17.0809147,51.1183817],[17.0809076,51.1183741],[17.0809004,51.1183665],[17.0808932,51.1183589],[17.0808861,51.1183513],[17.0808789,51.1183437],[17.0808717,51.1183361],[17.0808646,51.1183285],[17.0808574,51.1183209],[17.0808502,51.1183133],[17.0808431,51.1183056],[17.0808359,51.118298],[17.0808287,51.1182904],[17.0808216,51.1182828],[17.0808144,51.1182752],[17.0808072,51.1182676],[17.0808001,51.11826],[17.0807929,51.1182524],[17.0807857,51.1182448],[17.0807786,51.1182372],[17.0807714,51.1182296],[17.0807643,51.118222],[17.0807571,51.1182144],[17.0807499,51.1182068],[17.0807428,51.1181992],[17.0807356,51.1181916],[17.0807284,51.118184],[17.0807213,51.1181764],[17.0807141,51.1181688],[17.0807069,51.1181612],[17.0806998,51.1181536],[17.0806926,51.118146],[17.0806855,51.1181386],[17.0806784,51.1181312],[17.0806713,51.1181238],[17.0806641,51.1181164],[17.080657,51.118109],[17.0806499,51.1181016],[17.0806428,51.1180943],[17.0806357,51.1180869],[17.0806068,51.1180622]]}},{"type":"Feature","properties":{"layer":"roads"},"geometry":{"type":"LineString","coordinates":[[17.0806068,51.1180622],[17.0805893,51.1180961],[17.0805887,51.1181051],[17.0805881,51.118114],[17.0805875,51.1181229],[17.0805869,51.1181319],[17.0805863,51.1181408],[17.0805857,51.1181497],[17.0805851,51.1181587],[17.0805845,51.1181676],[17.0805839,51.1181765],[17.0805832,51.1181855],[17.0805826,51.1181944],[17.080582,51.1182033],[17.0805814,51.1182123],[17.0805808,51.1182212],[17.0805802,51.1182302],[17.0805796,51.1182391],[17.080579,51.118248],[17.0805784,51.118257],[17.0805778,51.1182659],[17.0805772,51.1182748],[17.0805765,51.1182838],[17.0805759,51.1182927],[17.0805753,51.1183016],[17.0805747,51.1183106],[17.0805741,51.1183195],[17.0805735,51.1183284],[17.0805729,51.1183374],[17.0805723,51.1183463],[17.0805717,51.1183553],[17.0805711,51.1183642],[17.0805704,51.1183731],[17.0805698,51.1183821],[17.0805692,51.118391],[17.0805686,51.1183999],[17.080568,51.1184089],[17.0805674,51.1184178],[17.0805662,51.1184266],[17.080565,51.1184354],[17.0805638,51.1184443],[17.0805626,51.1184531],[17.0805614,51.1184619],[17.0805602,51.1184707],[17.080559,51.1184796],[17.0805578,51.1184884],[17.0805566,51.1184972],[17.0805554,51.118506],[17.0805542,51.1185149],[17.080553,51.1185237],[17.0805518,51.1185325],[17.0805506,51.1185413],[17.0805494,51.1185502],[17.0805482,51.118559],[17.0805469,51.1185678],[17.0805457,51.1185766],[17.0805445,51.1185855],[17.0805433,51.1185943],[17.0805421,51.1186031],[17.0805409,51.1186119],[17.0805397,51.1186208],[17.0805385,51.1186296],[17.0805373,51.1186384],[17.0805361,51.1186472],[17.0805349,51.1186561],[17.0805337,51.1186649],[17.0805325,51.1186737],[17.0805313,51.1186825],[17.0805301,51.1186914],[17.0805289,51.1187002],[17.0805277,51.118709],[17.080527,51.1187177],[17.0805264,51.1187265],[17.0805257,51.1187352],[17.0805251,51.118744],[17.0805244,51.1187527],[17.0805238,51.1187615],[17.0805231,51.1187702],[17.0805225,51.118779],[17.0805218,51.1187877],[17.0805211,51.1187965],[17.0805205,51.1188052],[17.0805198,51.118814],[17.0805192,51.1188227],[17.0805185,51.1188315],[17.0805179,51.1188402],[17.0805172,51.118849],[17.0805165,51.1188577],[17.0805159,51.1188664],[17.0805152,51.1188752],[17.0805146,51.1188839],[17.0805139,51.1188927],[17.0805133,51.1189014],[17.0805126,51.1189102],[17.080512,51.1189189],[17.0805113,51.1189277],[17.0805106,51.1189364],[17.0804911,51.1189614]]}},{"type":"Feature","properties":{"layer":"roads"},"geometry":{"type":"LineString","coordinates":[[17.0806068,51.1180622],[17.0805975,51.1180355],[17.0805945,51.1180066],[17.0805949,51.1179977],[17.0805953,51.1179887],[17.0805957,51.1179797],[17.0805961,51.1179707],[17.0805965,51.1179618],[17.0805969,51.1179528],[17.0805973,51.1179438],[17.0805976,51.1179349],[17.080598,51.1179259],[17.0805984,51.1179169],[17.0805988,51.117908],[17.0805992,51.117899],[17.0805996,51.11789],[17.0806,51.1178811],[17.0806004,51.1178721],[17.0806007,51.1178631],[17.0806011,51.1178541],[17.0806015,51.1178452],[17.0806019,51.1178362],[17.0806023,51.1178272],[17.0806027,51.1178183],[17.0806031,51.1178093],[17.0806035,51.1178003],[17.0806038,51.1177914],[17.0806042,51.1177824],[17.0806046,51.1177734],[17.080605,51.1177645],[17.0806054,51.1177555],[17.0806058,51.1177465],[17.0806062,51.1177375],[17.0806066,51.1177286],[17.0806094,51.1176769]]}},{"type":"Feature","properties":{"layer":"roads"},"geometry":{"type":"LineString","coordinates":[[17.0848204,51.1085881],[17.0847904,51.1085619],[17.0847849,51.1085539],[17.0847793,51.1085458],[17.0847738,51.1085377],[17.0847683,51.1085297],[17.0847627,51.1085216],[17.0847572,51.1085135],[17.0847517,51.1085055],[17.0847462,51.1084974],[17.0847406,51.1084893],[17.0847351,51.1084813],[17.0847296,51.1084732],[17.084724,51.1084651],[17.0847185,51.1084571],[17.084713,51.108449],[17.0847075,51.108441],[17.0847019,51.1084329],[17.0846964,51.1084248],[17.0846909,51.1084168],[17.0846853,51.1084087],[17.0846798,51.1084006],[17.0846743,51.1083926],[17.0846688,51.1083845],[17.0846632,51.1083764],[17.0846577,51.1083684],[17.0846522,51.1083603],[17.0846466,51.1083522],[17.0846411,51.1083442],[17.0846356,51.1083361],[17.0846301,51.108328],[17.0846245,51.10832],[17.084619,51.1083119],[17.0846127,51.1083042],[17.0846063,51.1082965],[17.0846,51.1082888],[17.0845936,51.1082811],[17.0845872,51.1082734],[17.0845809,51.1082657],[17.0845745,51.108258],[17.0845682,51.1082503],[17.0845619,51.1082426],[17.0845555,51.1082349],[17.0845492,51.1082271],[17.0845428,51.1082194],[17.0845365,51.1082117],[17.0845301,51.108204],[17.0845238,51.1081963],[17.0845174,51.1081886],[17.0844949,51.1081614]]}},{"type":"Feature","properties":{"layer":"roads"},"geometry":{"type":"LineString","coordinates":[[17.0817584,51.1160787],[17.0817728,51.1160525],[17.0817778,51.116045],[17.0817827,51.1160376],[17.0817877,51.1160302],[17.0817926,51.1160228],[17.0818062,51.1160208],[17.0818198,51.1160187],[17.0818334,51.1160167],[17.0818471,51.1160146],[17.0818607,51.1160126],[17.0818743,51.1160105],[17.0818879,51.1160085],[17.0819015,51.1160064],[17.0819151,51.1160044],[17.0819287,51.1160023],[17.0819423,51.1160003],[17.081956,51.1159982],[17.0819696,51.1159962],[17.0819832,51.1159941],[17.0819968,51.1159921],[17.0820104,51.1159901],[17.082024,51.115988],[17.0820376,51.115986],[17.0820513,51.1159839],[17.0820649,51.1159819],[17.0820785,51.1159798],[17.0820921,51.1159778],[17.0821057,51.1159757],[17.0821193,51.1159737],[17.0821329,51.1159716],[17.0821465,51.1159696],[17.0821602,51.1159675],[17.0821738,51.1159655],[17.0821874,51.1159634],[17.082201,51.1159614],[17.0822143,51.1159585],[17.0822275,51.1159557],[17.0822408,51.1159528],[17.082254,51.1159499],[17.0822673,51.1159471],[17.0822805,51.1159442],[17.0822938,51.1159413],[17.0823071,51.1159385],[17.0823203,51.1159356],[17.0823336,51.1159327],[17.0823468,51.1159299],[17.0823601,51.115927],[17.0823733,51.1159241],[17.0823866,51.1159212],[17.0823999,51.1159184],[17.0824131,51.1159155],[17.0824264,51.1159126],[17.0824396,51.1159098],[17.0824529,51.1159069],[17.0824661,51.115904],[17.0824794,51.1159012],[17.0824927,51.1158983],[17.0825059,51.1158954],[17.0825192,51.1158926],[17.0825324,51.1158897],[17.0825457,51.1158868],[17.0825589,51.115884],[17.0825722,51.1158811],[17.0825843,51.1158768],[17.0825963,51.1158726],[17.0826084,51.1158683],[17.0826204,51.115864],[17.0826325,51.1158597],[17.0826445,51.1158555],[17.0826566,51.1158512],[17.0826686,51.1158469],[17.0826807,51.1158426],[17.0826927,51.1158384],[17.0827048,51.1158341],[17.0827168,51.1158298],[17.0827289,51.1158255],[17.0827409,51.1158213],[17.082753,51.115817],[17.082765,51.1158127],[17.0827771,51.1158084],[17.0827891,51.1158042],[17.0828012,51.1157999],[17.0828127,51.1157945],[17.0828242,51.1157892],[17.0828357,51.1157838],[17.0828472,51.1157785],[17.0828587,51.1157731],[17.0828701,51.1157678],[17.0828816,51.1157624],[17.0828931,51.1157571],[17.0829046,51.1157517],[17.0829161,51.1157464],[17.0829276,51.115741],[17.0829363,51.1157341],[17.082945,51.1157271],[17.0829538,51.1157202],[17.0829625,51.1157132],[17.0829712,51.1157063],[17.0829799,51.1156993],[17.0829886,51.1156924],[17.0829973,51.1156854],[17.0830061,51.1156785],[17.0830148,51.1156715],[17.0830235,51.1156646],[17.0830293,51.1156569],[17.0830352,51.1156492],[17.083041,51.1156415],[17.0830469,51.1156339],[17.0830527,51.1156262],[17.0830585,51.1156185],[17.0830644,51.1156108],[17.0830702,51.1156031],[17.0830761,51.1155954],[17.0830819,51.1155877],[17.0830877,51.11558],[17.0831171,51.1155528]]}},{"type":"Feature","properties":{"layer":"roads"},"geometry":{"type":"LineString","coordinates":[[17.0817584,51.1160787],[17.0818042,51.1160909],[17.0818158,51.116095],[17.0818273,51.1160991],[17.0818389,51.1161031],[17.0818504,51.1161072],[17.081862,51.1161113],[17.0818735,51.1161153],[17.0818851,51.1161194],[17.0818966,51.1161234],[17.0819082,51.1161275],[17.08192,51.1161326],[17.0819318,51.1161376],[17.0819436,51.1161427],[17.0819554,51.1161477],[17.0819672,51.1161528],[17.081979,51.1161578],[17.0819908,51.1161629],[17.0820025,51.1161679],[17.0820143,51.116173],[17.0820261,51.116178],[17.0820379,51.1161831],[17.0820497,51.1161881],[17.0820615,51.1161932],[17.0820733,51.1161982],[17.0820851,51.1162033],[17.0820965,51.1162086],[17.0821078,51.1162138],[17.0821192,51.1162191],[17.0821305,51.1162244],[17.0821419,51.1162297],[17.0821532,51.1162349],[17.0821646,51.1162402],[17.0821759,51.1162455],[17.0821873,51.1162508],[17.0821986,51.116256],[17.08221,51.1162613],[17.0822204,51.1162671],[17.0822307,51.1162728],[17.0822411,51.1162786],[17.0822514,51.1162843],[17.0822618,51.1162901],[17.0822721,51.1162958],[17.0822825,51.1163016],[17.0822928,51.1163073],[17.0823032,51.1163131],[17.0823135,51.1163188],[17.0823239,51.1163246],[17.0823318,51.1163317],[17.0823396,51.1163388],[17.0823475,51.1163459],[17.0823553,51.116353],[17.0823632,51.1163602],[17.082371,51.1163673],[17.0823789,51.1163744],[17.0823868,51.1163815],[17.0823946,51.1163886],[17.0824025,51.1163957],[17.0824103,51.1164028],[17.0824182,51.1164099],[17.0824261,51.116417],[17.0824339,51.1164241],[17.0824418,51.1164313],[17.0824496,51.1164384],[17.0824575,51.1164455],[17.0824828,51.1164716]]}},{"type":"Feature","properties":{"layer":"roads"},"geometry":{"type":"LineString","coordinates":[[17.0817584,51.1160787],[17.0817121,51.116062],[17.0817006,51.1160588],[17.0816892,51.1160556],[17.0816777,51.1160524],[17.0816662,51.1160492],[17.0816537,51.1160459],[17.0816411,51.1160426],[17.0816286,51.1160393],[17.0816161,51.1160359],[17.0816035,51.1160326],[17.081591,51.1160293],[17.0815784,51.116026],[17.0815659,51.1160227],[17.0815534,51.1160194],[17.0815408,51.1160161],[17.0815283,51.1160128],[17.0815158,51.1160094],[17.0814427,51.1159889]]}},{"type":"Feature","properties":{"layer":"roads"},"geometry":{"type":"LineString","coordinates":[[17.0831171,51.1155528],[17.0831532,51.1155696],[17.0831638,51.1155747],[17.0831743,51.1155798],[17.0831808,51.1155876],[17.0831872,51.1155954],[17.0831937,51.1156032],[17.0832001,51.1156111],[17.0832066,51.1156189],[17.083213,51.1156267],[17.0832195,51.1156345],[17.0832259,51.1156423],[17.0832324,51.1156501],[17.0832388,51.1156579],[17.0832453,51.1156658],[17.0832517,51.1156736],[17.0832582,51.1156814],[17.0832646,51.1156892],[17.0832711,51.115697],[17.0832775,51.1157048],[17.083284,51.1157126],[17.0832905,51.1157205],[17.0832969,51.1157283],[17.0833034,51.1157361],[17.0833098,51.1157439],[17.0833163,51.1157517],[17.0833227,51.1157595],[17.0833292,51.1157674],[17.0833356,51.1157752],[17.0833421,51.115783],[17.0833485,51.1157908],[17.083355,51.1157986],[17.0833614,51.1158064],[17.0833679,51.1158142],[17.0833743,51.1158221],[17.0833808,51.1158299],[17.0833872,51.1158377],[17.0833937,51.1158455],[17.0833963,51.1158531],[17.0833989,51.1158606],[17.0834014,51.1158682],[17.083404,51.1158758],[17.0834066,51.1158833],[17.0834092,51.1158909],[17.0834075,51.1158995],[17.0834059,51.1159081],[17.0834042,51.1159167],[17.0834025,51.1159253],[17.0834009,51.115934],[17.0833992,51.1159426],[17.0833975,51.1159512],[17.0833958,51.1159598],[17.0833942,51.1159684],[17.0833925,51.115977],[17.0833908,51.1159856],[17.0833892,51.1159942],[17.0833875,51.1160029],[17.0833858,51.1160115],[17.0833842,51.1160201],[17.0833825,51.1160287],[17.0833805,51.1160375],[17.0833785,51.1160463],[17.0833765,51.1160551],[17.0833744,51.1160639],[17.0833724,51.1160727],[17.0833704,51.1160815],[17.0833684,51.1160904],[17.0833664,51.1160992],[17.0833644,51.116108],[17.0833623,51.1161168],[17.0833603,51.1161256],[17.0833583,51.1161344],[17.0833563,51.1161432],[17.0833543,51.116152],[17.0833523,51.1161608],[17.0833503,51.1161696],[17.0833482,51.1161784],[17.0833462,51.1161872],[17.0833442,51.116196],[17.0833422,51.1162049],[17.0833402,51.1162137],[17.0833382,51.1162225],[17.0833298,51.1162526]]}},{"type":"Feature","properties":{"layer":"roads"},"geometry":{"type":"LineString","coordinates":[[17.0831171,51.1155528],[17.0830599,51.1155343],[17.0830471,51.1155305],[17.0830343,51.1155268],[17.0830215,51.115523],[17.0830087,51.1155193],[17.0829959,51.1155155],[17.0829831,51.1155117],[17.0829702,51.115508],[17.0829574,51.1155042],[17.0829446,51.1155005],[17.0829318,51.1154967],[17.082919,51.115493],[17.0829062,51.1154892],[17.0828934,51.1154854],[17.0828806,51.1154817],[17.0828678,51.1154779],[17.082855,51.1154742],[17.0828422,51.1154704],[17.0828294,51.1154667],[17.0828166,51.1154629],[17.0828038,51.1154592],[17.082791,51.1154554],[17.0827782,51.1154516],[17.0827654,51.1154479],[17.0827526,51.1154441],[17.0827398,51.1154404],[17.082727,51.1154366],[17.0827141,51.1154329],[17.0827013,51.1154291],[17.0826885,51.1154253],[17.0826757,51.1154216],[17.0826629,51.1154178],[17.0826501,51.1154141],[17.0826373,51.1154103],[17.0826245,51.1154066],[17.0826117,51.1154028],[17.0825989,51.1153991],[17.0825861,51.1153953],[17.0825756,51.1153897],[17.0825651,51.1153841],[17.0825545,51.1153786],[17.082544,51.115373],[17.0825335,51.1153674],[17.082523,51.1153618],[17.0825124,51.1153562],[17.0825019,51.1153507],[17.0824914,51.1153451],[17.0824809,51.1153395],[17.0824703,51.1153339],[17.0824598,51.1153283],[17.0824493,51.1153228],[17.0824388,51.1153172],[17.0824283,51.1153116],[17.0824177,51.115306],[17.0824072,51.1153004],[17.0823967,51.1152948],[17.0823862,51.1152893],[17.0823756,51.1152837],[17.0823651,51.1152781],[17.0823286,51.1152524]]}},{"type":"Feature","properties":{"layer":"roads"},"geometry":{"type":"LineString","coordinates":[[17.0831171,51.1155528],[17.0831347,51.1155184],[17.0831405,51.1155107],[17.0831464,51.115503],[17.0831523,51.1154952],[17.0831582,51.1154875],[17.0831641,51.1154798],[17.08317,51.1154721],[17.0831759,51.1154643],[17.0831818,51.1154566],[17.0831876,51.1154489],[17.0831935,51.1154412],[17.0831994,51.1154334],[17.0832053,51.1154257],[17.0832112,51.115418],[17.0832165,51.1154097],[17.0832217,51.1154015],[17.083227,51.1153932],[17.0832323,51.115385],[17.0832375,51.1153767],[17.0832428,51.1153684],[17.083248,51.1153602],[17.0832533,51.1153519],[17.0832586,51.1153437],[17.0832638,51.1153354],[17.0832691,51.1153271],[17.0832744,51.1153189],[17.0832796,51.1153106],[17.0832849,51.1153024],[17.0832901,51.1152941],[17.0832954,51.1152859],[17.0833007,51.1152776],[17.0833059,51.1152693],[17.0833112,51.1152611],[17.0833165,51.1152528],[17.0833217,51.1152446],[17.083327,51.1152363],[17.0833322,51.115228],[17.0833375,51.1152198],[17.0833428,51.1152115],[17.083348,51.1152033],[17.0833533,51.115195],[17.0833595,51.1151875],[17.0833657,51.11518],[17.0833719,51.1151726],[17.0833781,51.1151651],[17.0833843,51.1151576],[17.0833904,51.1151502],[17.0833966,51.1151427],[17.0834028,51.1151352],[17.083409,51.1151277],[17.0834152,51.1151203],[17.0834214,51.1151128],[17.0834276,51.1151053],[17.0834336,51.1150973],[17.0834397,51.1150892],[17.0834457,51.1150812],[17.0834518,51.1150732],[17.0834578,51.1150651],[17.0834639,51.1150571],[17.0834699,51.1150491],[17.0834759,51.115041],[17.083482,51.115033],[17.083488,51.1150249],[17.083505,51.1149949]]}},{"type":"Feature","properties":{"layer":"roads"},"geometry":{"type":"LineString","coordinates":[[17.0823132,51.1082674],[17.0823413,51.1082418],[17.0823495,51.1082345],[17.0823576,51.1082271],[17.0823657,51.1082197],[17.0823739,51.1082123],[17.082382,51.1082049],[17.0823902,51.1081975],[17.0823983,51.1081902],[17.0824064,51.1081828],[17.0824146,51.1081754],[17.0824227,51.108168],[17.0824309,51.1081606],[17.082439,51.1081532],[17.0824471,51.1081458],[17.0824553,51.1081385],[17.0824634,51.1081311],[17.0824716,51.1081237],[17.0824797,51.1081163],[17.0824879,51.1081089],[17.082496,51.1081015],[17.0825041,51.1080942],[17.0825123,51.1080868],[17.0825204,51.1080794],[17.0825286,51.108072],[17.0825367,51.1080646],[17.0825448,51.1080572],[17.082553,51.1080499],[17.0825611,51.1080425],[17.0825693,51.1080351],[17.0825774,51.1080277],[17.0825855,51.1080203],[17.0825937,51.1080129],[17.0826018,51.1080055],[17.08261,51.1079982],[17.0826181,51.1079908],[17.0826262,51.1079834],[17.0826344,51.107976],[17.0826425,51.1079686],[17.0826507,51.1079612],[17.0826588,51.1079539],[17.0826669,51.1079465],[17.0826751,51.1079391],[17.0826832,51.1079317],[17.0826914,51.1079243],[17.0826995,51.1079169],[17.0827076,51.1079095],[17.0827158,51.1079022],[17.0827239,51.1078948],[17.0827321,51.1078874],[17.0827402,51.10788],[17.0827483,51.1078726],[17.0827565,51.1078652],[17.0827646,51.1078579],[17.0827728,51.1078505],[17.0827809,51.1078431],[17.082789,51.1078357],[17.0827972,51.1078283],[17.0828053,51.1078209],[17.0828135,51.1078135],[17.0828216,51.1078062],[17.0828298,51.1077988],[17.0828379,51.1077914],[17.082846,51.107784],[17.0828542,51.1077766],[17.0828623,51.1077692],[17.0828705,51.1077619],[17.0828786,51.1077545],[17.0828867,51.1077471],[17.0828949,51.1077397],[17.082903,51.1077323],[17.0829112,51.1077249],[17.0829193,51.1077175],[17.0829274,51.1077102],[17.0829356,51.1077028],[17.0829437,51.1076954],[17.0829519,51.107688],[17.08296,51.1076806],[17.0829681,51.1076732],[17.0829763,51.1076659],[17.0829844,51.1076585],[17.0829926,51.1076511],[17.0830007,51.1076437],[17.0830088,51.1076363],[17.083017,51.1076289],[17.0830251,51.1076215],[17.0830333,51.1076142],[17.0830414,51.1076068],[17.0830495,51.1075994],[17.0830577,51.107592],[17.0830658,51.1075846],[17.083074,51.1075772],[17.0830821,51.1075699],[17.0830902,51.1075625],[17.0830984,51.1075551],[17.0831065,51.1075477],[17.0831147,51.1075403],[17.0831228,51.1075329],[17.083131,51.1075256],[17.0831391,51.1075182],[17.0831472,51.1075108],[17.0831554,51.1075034],[17.0831635,51.107496],[17.0831717,51.1074886],[17.0831798,51.1074812],[17.0831879,51.1074739],[17.0831961,51.1074665],[17.0832042,51.1074591],[17.0832124,51.1074517],[17.0832205,51.1074443],[17.0832319,51.1074141]]}},{"type":"Feature","properties":{"layer":"roads"},"geometry":{"type":"LineString","coordinates":[[17.0823132,51.1082674],[17.0822874,51.1082941],[17.0822801,51.1083016],[17.0822727,51.1083092],[17.0822654,51.1083167],[17.082258,51.1083242],[17.0822506,51.1083318],[17.0822433,51.1083393],[17.0822359,51.1083468],[17.0822285,51.1083543],[17.0822212,51.1083619],[17.0822138,51.1083694],[17.0822065,51.1083769],[17.0821991,51.1083845],[17.0821917,51.108392],[17.0821844,51.1083995],[17.082177,51.1084071],[17.0821697,51.1084146],[17.0821623,51.1084221],[17.0821549,51.1084296],[17.0821476,51.1084372],[17.0821402,51.1084447],[17.0821335,51.1084525],[17.0821268,51.1084603],[17.0821201,51.1084681],[17.0821135,51.1084759],[17.0821068,51.1084837],[17.0821001,51.1084914],[17.0820934,51.1084992],[17.0820867,51.108507],[17.08208,51.1085148],[17.0820733,51.1085226],[17.0820666,51.1085304],[17.08206,51.1085382],[17.0820533,51.108546],[17.0820466,51.1085538],[17.0820399,51.1085616],[17.0820332,51.1085694],[17.0820265,51.1085771],[17.0820198,51.1085849],[17.0820132,51.1085927],[17.0820065,51.1086005],[17.0819998,51.1086083],[17.0819743,51.1086322]]}},{"type":"Feature","properties":{"layer":"roads"},"geometry":{"type":"LineString","coordinates":[[17.0823132,51.1082674],[17.0823595,51.108283],[17.082399,51.1083056]]}},{"type":"Feature","properties":{"layer":"roads"},"geometry":{"type":"LineString","coordinates":[[17.0823132,51.1082674],[17.0822718,51.1082444],[17.0822606,51.1082394],[17.0822493,51.1082345],[17.082238,51.1082296],[17.0822267,51.1082247],[17.0822155,51.1082198],[17.0822042,51.1082149],[17.0821929,51.1082101],[17.0821816,51.1082052],[17.0821703,51.1082004],[17.082159,51.1081955],[17.0821477,51.1081907],[17.0821364,51.1081858],[17.0821251,51.108181],[17.0821138,51.1081762],[17.0821025,51.1081713],[17.0820912,51.1081665],[17.0820799,51.1081616],[17.0820686,51.1081568],[17.0820573,51.1081519],[17.082046,51.1081471],[17.0820347,51.1081423],[17.0820234,51.1081374],[17.0820121,51.1081326],[17.0819623,51.1081079]]}},{"type":"Feature","properties":{"layer":"roads"},"geometry":{"type":"LineString","coordinates":[[17.0832319,51.1074141],[17.0831908,51.1074052],[17.0831767,51.1074047],[17.0831627,51.1074043],[17.0831486,51.1074038],[17.0831345,51.1074034],[17.0831204,51.1074029],[17.0831064,51.1074025],[17.0830923,51.107402],[17.0830782,51.1074016],[17.0830657,51.1074007],[17.0830531,51.1073999],[17.0830406,51.107399],[17.083028,51.1073981],[17.0830155,51.1073972],[17.083003,51.1073964],[17.0829904,51.1073955],[17.0829779,51.1073946],[17.0829651,51.1073922],[17.0829524,51.1073898],[17.0829396,51.1073874],[17.0829269,51.107385],[17.0829141,51.1073825],[17.0829013,51.1073801],[17.0828886,51.1073777],[17.0828758,51.1073753],[17.0828631,51.1073729],[17.0828503,51.1073705],[17.0828379,51.1073662],[17.0828255,51.1073619],[17.082813,51.1073576],[17.0827683,51.1073529]]}},{"type":"Feature","properties":{"layer":"roads"},"geometry":{"type":"LineString","coordinates":[[17.0832319,51.1074141],[17.0833106,51.1073626]]}},{"type":"Feature","properties":{"layer":"roads"},"geometry":{"type":"LineString","coordinates":[[17.0878951,51.1085635],[17.087903,51.1085358],[17.0879005,51.1085273],[17.0878979,51.1085188],[17.0878953,51.1085102],[17.0878927,51.1085017],[17.0878901,51.1084932],[17.0878876,51.1084847],[17.087885,51.1084762],[17.0878824,51.1084676],[17.0878798,51.1084591],[17.0878773,51.1084506],[17.0878747,51.1084421],[17.0878721,51.1084336],[17.0878695,51.108425],[17.0878669,51.1084165],[17.0878644,51.108408],[17.0878618,51.1083995],[17.0878592,51.108391],[17.0878682,51.1083476]]}},{"type":"Feature","properties":{"layer":"roads"},"geometry":{"type":"LineString","coordinates":[[17.0878951,51.1085635],[17.0879524,51.1086079]]}},{"type":"Feature","properties":{"layer":"roads"},"geometry":{"type":"LineString","coordinates":[[17.0833539,51.107457],[17.083317,51.1074803],[17.083309,51.1074876],[17.083301,51.1074949],[17.0832929,51.1075022],[17.0832849,51.1075095],[17.0832769,51.1075168],[17.0832689,51.107524],[17.0832608,51.1075313],[17.0832528,51.1075386],[17.0832448,51.1075459],[17.0832368,51.1075532],[17.0832287,51.1075604],[17.0832207,51.1075677],[17.0832127,51.107575],[17.0832047,51.1075823],[17.0831966,51.1075896],[17.0831886,51.1075969],[17.0831806,51.1076041],[17.0831726,51.1076114],[17.0831645,51.1076187],[17.0831565,51.107626],[17.0831485,51.1076333],[17.0831404,51.1076405],[17.0831324,51.1076478],[17.0831244,51.1076551],[17.0831164,51.1076624],[17.0831083,51.1076697],[17.0831003,51.107677],[17.0830923,51.1076842],[17.0830843,51.1076915],[17.0830762,51.1076988],[17.0830682,51.1077061],[17.0830602,51.1077134],[17.0830522,51.1077207],[17.0830441,51.1077279],[17.0830361,51.1077352],[17.0830281,51.1077425],[17.0830201,51.1077498],[17.083012,51.1077571],[17.083004,51.1077643],[17.082996,51.1077716],[17.082988,51.1077789],[17.0829799,51.1077862],[17.0829719,51.1077935],[17.0829639,51.1078008],[17.0829559,51.107808],[17.0829478,51.1078153],[17.0829398,51.1078226],[17.0829316,51.1078298],[17.0829234,51.107837],[17.0829152,51.1078443],[17.082907,51.1078515],[17.0828988,51.1078587],[17.0828906,51.1078659],[17.0828824,51.1078731],[17.0828742,51.1078804],[17.082866,51.1078876],[17.0828578,51.1078948],[17.0828496,51.107902],[17.0828414,51.1079092],[17.0828332,51.1079165],[17.082825,51.1079237],[17.0828168,51.1079309],[17.0828086,51.1079381],[17.0828004,51.1079453],[17.0827922,51.1079526],[17.082784,51.1079598],[17.0827758,51.107967],[17.0827677,51.1079742],[17.0827595,51.1079814],[17.0827513,51.1079886],[17.0827431,51.1079959],[17.0827349,51.1080031],[17.0827267,51.1080103],[17.0827185,51.1080175],[17.0827103,51.1080247],[17.0827021,51.108032],[17.0826939,51.1080392],[17.0826857,51.1080464],[17.0826775,51.1080536],[17.0826693,51.1080608],[17.0826611,51.1080681],[17.0826529,51.1080753],[17.0826447,51.1080825],[17.0826365,51.1080897],[17.0826283,51.1080969],[17.0826201,51.1081042],[17.0826119,51.1081114],[17.0826037,51.1081186],[17.0825956,51.1081259],[17.0825876,51.1081333],[17.0825795,51.1081406],[17.0825714,51.1081479],[17.0825634,51.1081553],[17.0825553,51.1081626],[17.0825473,51.10817],[17.0825392,51.1081773],[17.0825311,51.1081846],[17.0825231,51.108192],[17.082515,51.1081993],[17.0825069,51.1082066],[17.0824989,51.108214],[17.0824908,51.1082213],[17.0824827,51.1082286],[17.0824747,51.108236],[17.0824666,51.1082433],[17.0824585,51.1082506],[17.0824505,51.108258],[17.0824424,51.1082653],[17.0824344,51.1082727],[17.0824263,51.10828],[17.082399,51.1083056]]}},{"type":"Feature","properties":{"layer":"roads"},"geometry":{"type":"LineString","coordinates":[[17.0833539,51.107457],[17.083372,51.1074304],[17.0834029,51.1074024]]}},{"type":"Feature","properties":{"layer":"roads"},"geometry":{"type":"LineString","coordinates":[[17.0833539,51.107457],[17.083387,51.1074778],[17.0833985,51.1074826],[17.08341,51.1074874],[17.0834215,51.1074922],[17.083433,51.107497],[17.0834444,51.1075019],[17.0834559,51.1075067],[17.0834674,51.1075115],[17.083479,51.1075156],[17.0834907,51.1075198],[17.0835023,51.1075239],[17.083514,51.1075281],[17.0835256,51.1075322],[17.0835372,51.1075363],[17.0835489,51.1075405],[17.0835605,51.1075446],[17.0835722,51.1075488],[17.0835838,51.1075529],[17.0835954,51.107557],[17.0836537,51.1075912]]}},{"type":"Feature","properties":{"layer":"roads"},"geometry":{"type":"LineString","coordinates":[[17.082399,51.1083056],[17.0824474,51.1083222],[17.0824587,51.1083272],[17.08247,51.1083322],[17.0824813,51.1083373],[17.0824926,51.1083423],[17.0825039,51.1083474],[17.0825152,51.1083524],[17.0825265,51.1083574],[17.0825379,51.1083625],[17.0825492,51.1083675],[17.0825605,51.1083726],[17.0825718,51.1083776],[17.0825832,51.1083824],[17.0825946,51.1083871],[17.082606,51.1083919],[17.0826175,51.1083966],[17.0826289,51.1084014],[17.0826403,51.1084062],[17.0826517,51.1084109],[17.0826631,51.1084157],[17.0826745,51.1084205],[17.0827212,51.1084397]]}},{"type":"Feature","properties":{"layer":"roads"},"geometry":{"type":"LineString","coordinates":[[17.082399,51.1083056],[17.0823725,51.1083324],[17.0823651,51.1083399],[17.0823577,51.1083475],[17.0823503,51.1083551],[17.0823429,51.1083627],[17.0823355,51.1083703],[17.082328,51.1083779],[17.0823206,51.1083855],[17.0823132,51.1083931],[17.0823058,51.1084007],[17.0822984,51.1084083],[17.082291,51.1084158],[17.0822746,51.108444]]}},{"type":"Feature","properties":{"layer":"roads"},"geometry":{"type":"LineString","coordinates":[[17.0795028,51.1077313],[17.0794563,51.107734],[17.0794441,51.1077381],[17.0794319,51.1077423],[17.0794224,51.1077498],[17.0794074,51.1077506],[17.0793952,51.1077548],[17.0793829,51.107759],[17.0793707,51.1077632],[17.0793585,51.1077674],[17.0793462,51.1077716],[17.079334,51.1077758],[17.0793141,51.1077703],[17.0793102,51.1077792],[17.0792646,51.1077883],[17.0792528,51.1077926],[17.0792409,51.1077969],[17.079229,51.1078012],[17.0792171,51.1078055],[17.0792052,51.1078098],[17.0791933,51.1078141],[17.0791814,51.1078184],[17.0791696,51.1078228],[17.0791577,51.1078271],[17.0791458,51.1078314],[17.0791339,51.1078357],[17.079122,51.10784],[17.0791101,51.1078443],[17.0790982,51.1078486],[17.0790864,51.107853],[17.0790745,51.1078573],[17.0790626,51.1078616],[17.0790507,51.1078659],[17.0790455,51.1078603],[17.0790404,51.1078548],[17.0790352,51.1078492],[17.0790227,51.1078535],[17.0790102,51.1078577],[17.0789977,51.107862],[17.0789853,51.1078663],[17.0789728,51.1078706],[17.0789603,51.1078749],[17.0789478,51.1078791],[17.0789312,51.1078901],[17.0788874,51.1078998],[17.078854,51.1079112],[17.0788332,51.1079085],[17.0788268,51.1079009],[17.0788205,51.1078934],[17.0788141,51.1078858],[17.0788077,51.1078782],[17.07882,51.107874],[17.0788322,51.1078698],[17.0788445,51.1078656],[17.0788568,51.1078614],[17.0788622,51.1078563],[17.0788677,51.1078511],[17.0788731,51.107846],[17.0788737,51.1078378],[17.0788744,51.1078296],[17.0788676,51.1078217],[17.0788609,51.1078139],[17.0788541,51.107806],[17.0788473,51.1077981],[17.0788406,51.1077903],[17.0788338,51.1077824],[17.0788222,51.1077863],[17.0788105,51.1077903],[17.0788041,51.1077824],[17.0787977,51.1077746],[17.0787914,51.1077667],[17.078785,51.1077589],[17.0787786,51.107751],[17.0787723,51.1077432],[17.0787659,51.1077353],[17.0787595,51.1077275],[17.0787531,51.1077196],[17.0787468,51.1077118],[17.0787404,51.107704],[17.078734,51.1076961],[17.0787464,51.1076918],[17.0787589,51.1076875],[17.0787713,51.1076832],[17.0787837,51.107679],[17.0787962,51.1076747],[17.0788086,51.1076704],[17.078821,51.1076661],[17.0788335,51.1076618],[17.0788459,51.1076575],[17.0788584,51.1076533],[17.0788708,51.107649],[17.0788832,51.1076447],[17.0788957,51.1076404],[17.0789081,51.1076361],[17.0789205,51.1076318],[17.078933,51.1076276],[17.0789454,51.1076233],[17.0789578,51.107619],[17.0789703,51.1076147],[17.0789827,51.1076104],[17.0789951,51.1076061],[17.0790076,51.1076019],[17.07902,51.1075976],[17.0790324,51.1075933],[17.0790449,51.107589],[17.0790573,51.1075847],[17.0790697,51.1075804],[17.0790822,51.1075762],[17.0790946,51.1075719],[17.0791071,51.1075676],[17.0791195,51.1075633],[17.0791319,51.107559],[17.0791444,51.1075547],[17.0791568,51.1075505],[17.0791692,51.1075462],[17.0791817,51.1075419],[17.0791941,51.1075376],[17.0792062,51.1075331],[17.0792184,51.1075285],[17.0792305,51.107524],[17.0792427,51.1075195],[17.0792548,51.107515],[17.079267,51.1075104],[17.0792791,51.1075059],[17.0792858,51.1075138],[17.0792925,51.1075217],[17.0792992,51.1075296],[17.0793059,51.1075375],[17.0793126,51.1075454],[17.0793193,51.1075533],[17.079326,51.1075611],[17.0793327,51.107569],[17.0793394,51.1075769],[17.0793461,51.1075848],[17.0793528,51.1075927],[17.0793595,51.1076006],[17.0793662,51.1076085],[17.079373,51.1076164],[17.0793797,51.1076243],[17.0793864,51.1076322],[17.0793931,51.1076401],[17.0793998,51.107648],[17.0794065,51.1076559],[17.0794132,51.1076638],[17.0794199,51.1076716],[17.0794266,51.1076795],[17.0794333,51.1076874],[17.07944,51.1076953],[17.0794467,51.1077032],[17.0794534,51.1077111],[17.0795028,51.1077313]]}},{"type":"Feature","properties":{"layer":"roads"},"geometry":{"type":"LineString","coordinates":[[17.0832108,51.1143045],[17.0832821,51.1143088],[17.0832958,51.1143092],[17.0833096,51.1143096],[17.0833234,51.1143101],[17.0833372,51.1143105],[17.083351,51.1143109],[17.0833641,51.1143102],[17.0833772,51.1143095],[17.0833902,51.1143088],[17.0834033,51.1143081],[17.0834164,51.1143074],[17.0834295,51.1143067],[17.0834425,51.114306],[17.0834556,51.1143053],[17.0834687,51.1143046],[17.083482,51.1143026],[17.0834953,51.1143007],[17.0835086,51.1142987],[17.0835219,51.1142968],[17.0835352,51.1142949],[17.0835485,51.1142929],[17.0835618,51.1142909],[17.0835751,51.114289],[17.0835884,51.1142871],[17.0836017,51.1142851],[17.083615,51.1142831],[17.0836322,51.1142908],[17.0836412,51.1143133],[17.0836444,51.1143213],[17.0836646,51.1143688]]}},{"type":"Feature","properties":{"layer":"roads"},"geometry":{"type":"LineString","coordinates":[[17.0832108,51.1143045],[17.0831637,51.1143205],[17.0831511,51.1143232],[17.0831385,51.1143258],[17.0831258,51.1143285],[17.0831132,51.1143312],[17.0830996,51.1143307],[17.083086,51.1143303],[17.0830725,51.1143298],[17.0830589,51.1143294],[17.0830453,51.1143289],[17.0830317,51.1143284],[17.0830182,51.114328],[17.0830046,51.1143275],[17.082991,51.114327],[17.0829775,51.1143266],[17.0829639,51.1143261],[17.0829503,51.1143256],[17.0829367,51.1143252],[17.0829232,51.1143247],[17.0829096,51.1143243],[17.082896,51.1143238],[17.0828824,51.1143228],[17.0828688,51.1143217],[17.0828552,51.1143207],[17.0828416,51.1143197],[17.0828281,51.1143186],[17.0828145,51.1143176],[17.0828009,51.1143166],[17.0827873,51.1143155],[17.0827737,51.1143145],[17.0827601,51.1143134],[17.0827465,51.1143124],[17.0827329,51.1143114],[17.0827194,51.1143103],[17.0827058,51.1143093],[17.0826922,51.1143083],[17.0826786,51.1143072],[17.082665,51.1143062],[17.0826515,51.1143036],[17.0826381,51.114301],[17.0826246,51.1142984],[17.0826112,51.1142958],[17.0825977,51.1142931],[17.0825843,51.1142905],[17.0825708,51.1142879],[17.0825574,51.1142853],[17.0825439,51.1142827],[17.0825305,51.1142801],[17.082517,51.1142775],[17.0825035,51.1142749],[17.0824901,51.1142723],[17.0824766,51.1142696],[17.0824632,51.114267],[17.0824497,51.1142644],[17.0824363,51.1142618],[17.0824228,51.1142592],[17.0824094,51.1142566],[17.0823959,51.114254],[17.0823825,51.1142514],[17.082369,51.1142488],[17.0823555,51.1142461],[17.0823421,51.1142435],[17.0823286,51.1142409],[17.0823152,51.1142383],[17.0823017,51.1142357],[17.0822883,51.1142331],[17.0822748,51.1142305],[17.0822614,51.1142279],[17.0822479,51.1142252],[17.0822345,51.1142226],[17.082221,51.11422],[17.0822075,51.1142174],[17.0821941,51.1142148],[17.0821806,51.1142122],[17.0821672,51.1142096],[17.0821537,51.114207],[17.0821403,51.1142044],[17.0821268,51.1142017],[17.0821134,51.1141991],[17.0820999,51.1141965],[17.0820865,51.1141939],[17.0820433,51.1141864]]}},{"type":"Feature","properties":{"layer":"roads"},"geometry":{"type":"LineString","coordinates":[[17.0889732,51.1077541],[17.0889879,51.1077261],[17.0889926,51.1077097],[17.0889955,51.107685],[17.0889964,51.1076767],[17.0889974,51.1076685],[17.0889984,51.1076603],[17.0889993,51.107652],[17.0890003,51.1076438],[17.0890013,51.1076355],[17.0890022,51.1076273],[17.0890032,51.107619],[17.0890096,51.1075846]]}},{"type":"Feature","properties":{"layer":"roads"},"geometry":{"type":"LineString","coordinates":[[17.0889732,51.1077541],[17.088994,51.1077808],[17.0889944,51.1077897],[17.0889947,51.1077987],[17.0889951,51.1078077],[17.0889954,51.1078167],[17.0889957,51.1078256],[17.0889961,51.1078346],[17.0889964,51.1078436],[17.0889968,51.1078525],[17.0889971,51.1078615],[17.0889975,51.1078705],[17.0889978,51.1078794],[17.0889982,51.1078884],[17.0889985,51.1078974],[17.0889989,51.1079063],[17.0889992,51.1079153],[17.0889996,51.1079243],[17.0889999,51.1079332],[17.0890002,51.1079422],[17.0890006,51.1079512],[17.0890009,51.1079602],[17.0890013,51.1079691],[17.0890016,51.1079781],[17.089002,51.1079871],[17.0890023,51.107996],[17.0890027,51.108005],[17.089003,51.108014],[17.0890034,51.1080229],[17.0890037,51.1080319],[17.0890024,51.1080402],[17.0890011,51.1080486],[17.0889998,51.1080569],[17.0889985,51.1080653],[17.0889972,51.1080736],[17.0889959,51.108082],[17.0889945,51.1080903],[17.0889932,51.1080986],[17.0889919,51.108107],[17.0889906,51.1081153],[17.0889893,51.1081237],[17.088988,51.108132],[17.0889867,51.1081404],[17.0889854,51.1081487],[17.0889828,51.1081574],[17.0889803,51.1081661],[17.0889777,51.1081748],[17.0889752,51.1081835],[17.0889726,51.1081922],[17.08897,51.1082009],[17.0889675,51.1082096],[17.0889649,51.1082183],[17.0889623,51.108227],[17.0889598,51.1082357],[17.0889572,51.1082444],[17.0889547,51.1082531],[17.0889521,51.1082618],[17.0889495,51.1082705],[17.088947,51.1082792],[17.0889444,51.1082879],[17.0889419,51.1082966],[17.0889393,51.1083053],[17.0889356,51.1083139],[17.0889318,51.1083226],[17.0889281,51.1083312],[17.0889244,51.1083398],[17.0889206,51.1083484],[17.0889169,51.1083571],[17.0889131,51.1083657],[17.0889094,51.1083743],[17.0889057,51.108383],[17.0889019,51.1083916],[17.0888982,51.1084002],[17.0888945,51.1084088],[17.0888907,51.1084175],[17.088887,51.1084261],[17.0888821,51.1084343],[17.0888773,51.1084425],[17.0888724,51.1084507],[17.0888675,51.1084589],[17.0888627,51.1084672],[17.0888578,51.1084754],[17.0888529,51.1084836],[17.088848,51.1084918],[17.0888432,51.1085],[17.0888383,51.1085082],[17.0888334,51.1085164],[17.0888286,51.1085247],[17.0888237,51.1085329],[17.0888188,51.1085411],[17.088814,51.1085493],[17.0888091,51.1085575],[17.0888007,51.1085647],[17.0887922,51.1085718],[17.0887838,51.108579],[17.0887753,51.1085861],[17.0887669,51.1085933],[17.0887584,51.1086005],[17.08875,51.1086076],[17.0887415,51.1086148],[17.0887331,51.108622],[17.0887246,51.1086291],[17.0887162,51.1086363],[17.0887077,51.1086434],[17.0886576,51.1086695]]}},{"type":"Feature","properties":{"layer":"roads"},"geometry":{"type":"LineString","coordinates":[[17.0889732,51.1077541],[17.0889304,51.107776],[17.0889227,51.1077832],[17.0889151,51.1077905],[17.0889074,51.1077977],[17.0888998,51.107805],[17.0888921,51.1078122],[17.0888845,51.1078195],[17.0888768,51.1078267],[17.0888692,51.107834],[17.0888615,51.1078412],[17.0888539,51.1078485],[17.0888462,51.1078557],[17.0888386,51.107863],[17.0888309,51.1078702],[17.0888233,51.1078775],[17.0888156,51.1078847],[17.088808,51.107892],[17.0888003,51.1078992],[17.0887912,51.1079057],[17.0887821,51.1079122],[17.0887731,51.1079187],[17.088764,51.1079252],[17.0887549,51.1079317],[17.0887458,51.1079382],[17.0887367,51.1079447],[17.0887276,51.1079512],[17.0887186,51.1079577],[17.0887095,51.1079642],[17.0887004,51.1079707],[17.0886913,51.1079773],[17.0886822,51.1079838],[17.0886732,51.1079903],[17.0886641,51.1079968],[17.088655,51.1080033],[17.0886459,51.1080098],[17.0886368,51.1080163],[17.0886277,51.1080228],[17.0886187,51.1080293],[17.0886096,51.1080358],[17.0886005,51.1080423],[17.0885917,51.1080477],[17.0885829,51.1080531],[17.088574,51.1080585],[17.0885652,51.1080639],[17.0885564,51.1080693],[17.0885193,51.1080967]]}},{"type":"Feature","properties":{"layer":"roads"},"geometry":{"type":"LineString","coordinates":[[17.0830874,51.1150432],[17.0831627,51.1150302],[17.0831763,51.1150288],[17.0831899,51.1150274],[17.0832035,51.115026],[17.0832171,51.1150247],[17.0832307,51.1150233],[17.0832443,51.1150219],[17.0832579,51.1150205],[17.0832715,51.1150192],[17.0832851,51.1150178],[17.0832987,51.1150164],[17.0833123,51.115015],[17.0833259,51.1150136],[17.0833395,51.1150123],[17.0833531,51.1150109],[17.0833667,51.1150095],[17.0833799,51.115008],[17.0833932,51.1150065],[17.0834064,51.1150049],[17.0834196,51.1150034],[17.0834328,51.1150019],[17.0834461,51.1150004],[17.0834593,51.1149989],[17.083505,51.1149949]]}},{"type":"Feature","properties":{"layer":"roads"},"geometry":{"type":"LineString","coordinates":[[17.0830874,51.1150432],[17.0830577,51.115063],[17.0830475,51.1150684],[17.0830374,51.1150739],[17.0830273,51.1150793],[17.0830172,51.1150848],[17.083007,51.1150902],[17.0829969,51.1150957],[17.0829848,51.1150994],[17.0829726,51.1151032],[17.0829605,51.1151069],[17.0829483,51.1151106],[17.0829362,51.1151143],[17.0829241,51.1151181],[17.0829119,51.1151218],[17.0828998,51.1151255],[17.0828876,51.1151293],[17.0828755,51.115133],[17.0828623,51.1151364],[17.0828492,51.1151398],[17.082836,51.1151432],[17.0828229,51.1151466],[17.0828097,51.1151499],[17.0827966,51.1151533],[17.0827834,51.1151567],[17.0827703,51.1151601],[17.0827571,51.1151635],[17.0827439,51.1151669],[17.0827308,51.1151703],[17.0827176,51.1151737],[17.0827045,51.1151771],[17.0826913,51.1151804],[17.0826782,51.1151838],[17.082665,51.1151872],[17.0826519,51.1151906],[17.0826387,51.115194],[17.0826251,51.1151963],[17.0826115,51.1151987],[17.0825979,51.115201],[17.0825843,51.1152034],[17.0825707,51.1152057],[17.0825571,51.115208],[17.0825436,51.1152104],[17.08253,51.1152127],[17.0825164,51.1152151],[17.0825028,51.1152174],[17.0824892,51.1152198],[17.0824756,51.1152221],[17.082462,51.1152244],[17.0824484,51.1152268],[17.0824348,51.1152291],[17.0824212,51.1152315],[17.0824076,51.1152338],[17.0823941,51.1152362],[17.0823805,51.1152385],[17.0823286,51.1152524]]}},{"type":"Feature","properties":{"layer":"roads"},"geometry":{"type":"LineString","coordinates":[[17.0863184,51.113808],[17.0863292,51.1137785],[17.086335,51.1137704],[17.0863408,51.1137622],[17.0863467,51.1137541],[17.0863525,51.1137459],[17.0863583,51.1137378],[17.0863642,51.1137296],[17.08637,51.1137215],[17.0863759,51.1137133],[17.0863817,51.1137052],[17.0863875,51.113697],[17.0863934,51.1136889],[17.0863992,51.1136808],[17.086405,51.1136726],[17.0864109,51.1136645],[17.0864167,51.1136563],[17.0864226,51.1136482],[17.0864284,51.11364],[17.0864342,51.1136319],[17.0864401,51.1136237],[17.0864459,51.1136156],[17.0864517,51.1136074],[17.0864576,51.1135993],[17.0864634,51.1135911],[17.0864693,51.113583],[17.0864751,51.1135748],[17.0864809,51.1135667],[17.0864868,51.1135586],[17.0864926,51.1135504],[17.0864984,51.1135423],[17.0865043,51.1135341],[17.0865101,51.113526],[17.086516,51.1135178],[17.0865218,51.1135097],[17.0865276,51.1135015],[17.0865335,51.1134934],[17.0865393,51.1134852],[17.0865451,51.1134771],[17.086551,51.1134689],[17.0865693,51.1134376]]}},{"type":"Feature","properties":{"layer":"roads"},"geometry":{"type":"LineString","coordinates":[[17.0863184,51.113808],[17.0863579,51.1138253],[17.0863709,51.1138288],[17.086384,51.1138323],[17.086397,51.1138359],[17.08641,51.1138394],[17.086423,51.113843],[17.0864361,51.1138465],[17.0864491,51.11385],[17.0864621,51.1138536],[17.0864751,51.1138571],[17.0864882,51.1138607],[17.0865012,51.1138642],[17.0865142,51.1138677],[17.0865272,51.1138713],[17.0865403,51.1138748],[17.0865533,51.1138784],[17.0865663,51.1138819],[17.0865794,51.1138854],[17.0865924,51.113889],[17.0866054,51.1138925],[17.0866184,51.113896],[17.0866315,51.1138996],[17.0866445,51.1139031],[17.0866575,51.1139067],[17.0866705,51.1139102],[17.0866836,51.1139137],[17.0866966,51.1139173],[17.0867096,51.1139208],[17.0867226,51.1139244],[17.0867357,51.1139279],[17.0867487,51.1139314],[17.0868037,51.113942]]}},{"type":"Feature","properties":{"layer":"roads"},"geometry":{"type":"LineString","coordinates":[[17.0757145,51.1089074],[17.0757251,51.1089362],[17.0757339,51.1089425],[17.0757427,51.1089488],[17.0757545,51.1089538],[17.0757663,51.1089589],[17.0757781,51.1089639],[17.07579,51.108969],[17.0758018,51.108974],[17.0758136,51.1089791],[17.0758254,51.1089841],[17.0758372,51.1089892],[17.075849,51.1089942],[17.0758608,51.1089993],[17.0758726,51.1090043],[17.0758845,51.1090094],[17.0758963,51.1090144],[17.0759081,51.1090195],[17.0759199,51.1090245],[17.0759317,51.1090296],[17.0759435,51.1090346],[17.0759553,51.1090397],[17.0759671,51.1090447],[17.075979,51.1090498],[17.0759908,51.1090548],[17.0760026,51.1090599],[17.0760144,51.1090649],[17.0760262,51.10907],[17.076038,51.109075],[17.0760498,51.1090801],[17.0760616,51.1090851],[17.0760735,51.1090902],[17.0760853,51.1090952],[17.0760971,51.1091003],[17.0761089,51.1091053],[17.0761213,51.1091097],[17.0761337,51.1091141],[17.076146,51.1091185],[17.0761584,51.1091229],[17.0761708,51.1091273],[17.0761832,51.1091317],[17.0761956,51.1091361],[17.0762079,51.1091405],[17.0762203,51.1091449],[17.0762327,51.1091493],[17.0762451,51.1091537],[17.0762575,51.1091581],[17.0762698,51.1091625],[17.0762822,51.1091669],[17.0762946,51.1091713],[17.076307,51.1091757],[17.0763194,51.1091801],[17.0763317,51.1091845],[17.0763441,51.1091889],[17.0763565,51.1091933],[17.0763689,51.1091977],[17.0763813,51.1092021],[17.0763936,51.1092065],[17.076406,51.1092109],[17.0764184,51.1092153],[17.0764308,51.1092197],[17.0764432,51.1092241],[17.0764555,51.1092285],[17.0764679,51.1092329],[17.0764803,51.1092373],[17.0764927,51.1092417],[17.0765051,51.1092461],[17.0765174,51.1092505],[17.0765298,51.1092549],[17.0765422,51.1092593],[17.0765546,51.1092637],[17.076567,51.1092681],[17.0765793,51.1092725],[17.0765917,51.1092769],[17.0766041,51.1092813],[17.0766165,51.1092857],[17.0766289,51.1092901],[17.0766412,51.1092945],[17.0766536,51.1092989],[17.076666,51.1093033],[17.0766784,51.1093077],[17.0766908,51.1093121],[17.0767031,51.1093165],[17.0767155,51.1093209],[17.0767279,51.1093253],[17.0767403,51.1093297],[17.0767527,51.1093341],[17.076765,51.1093385],[17.0767774,51.1093429],[17.0767898,51.1093473],[17.0768022,51.1093517],[17.0768146,51.1093561],[17.0768269,51.1093605],[17.0768393,51.1093649],[17.0768517,51.1093693],[17.0768641,51.1093737],[17.0768765,51.1093781],[17.0768888,51.1093825],[17.0769012,51.1093869],[17.0769136,51.1093913],[17.076926,51.1093957],[17.0769384,51.1094001],[17.0769883,51.1094108]]}},{"type":"Feature","properties":{"layer":"roads"},"geometry":{"type":"LineString","coordinates":[[17.0757145,51.1089074],[17.0757546,51.1088936],[17.0757675,51.1088901],[17.0757804,51.1088866],[17.0757933,51.1088831],[17.0758063,51.1088796],[17.0758192,51.1088761],[17.0758321,51.1088726],[17.075845,51.108869],[17.0758579,51.1088655],[17.0758709,51.108862],[17.0758838,51.1088585],[17.0758967,51.108855],[17.0759096,51.1088515],[17.0759225,51.108848],[17.076004,51.1088362]]}},{"type":"Feature","properties":{"layer":"roads"},"geometry":{"type":"LineString","coordinates":[[17.0769883,51.1094108],[17.0770258,51.1094298],[17.0770383,51.1094339],[17.0770509,51.109438],[17.0770635,51.1094422],[17.0770761,51.1094463],[17.0770886,51.1094504],[17.0771012,51.1094545],[17.0771138,51.1094586],[17.0771263,51.1094628],[17.0771389,51.1094669],[17.0771515,51.109471],[17.077164,51.1094751],[17.0771766,51.1094793],[17.0771892,51.1094834],[17.0772017,51.1094875],[17.0772143,51.1094916],[17.0772269,51.1094957],[17.0772395,51.1094999],[17.077252,51.109504],[17.0772646,51.1095081],[17.0772772,51.1095122],[17.0772897,51.1095164],[17.0773023,51.1095205],[17.0773149,51.1095246],[17.0773274,51.1095287],[17.07734,51.1095328],[17.0773526,51.109537],[17.0773651,51.1095411],[17.0773777,51.1095452],[17.0773903,51.1095493],[17.0774028,51.1095534],[17.0774154,51.1095576],[17.077428,51.1095617],[17.0774406,51.1095658],[17.0774531,51.1095699],[17.0774657,51.1095741],[17.0774783,51.1095782],[17.0774908,51.1095823],[17.0775034,51.1095864],[17.077516,51.1095905],[17.0775285,51.1095947],[17.0775411,51.1095988],[17.0775537,51.1096029],[17.0775662,51.109607],[17.0775788,51.1096112],[17.0775914,51.1096153],[17.077604,51.1096194],[17.0776165,51.1096235],[17.0776291,51.1096276],[17.0776417,51.1096318],[17.0776542,51.1096359],[17.0776668,51.10964],[17.0776794,51.1096441],[17.0776919,51.1096483],[17.0777045,51.1096524],[17.0777171,51.1096565],[17.0777296,51.1096606],[17.0777422,51.1096647],[17.0777548,51.1096689],[17.0777674,51.109673],[17.0777799,51.1096771],[17.0777925,51.1096812],[17.0778051,51.1096854],[17.0778524,51.1097011]]}},{"type":"Feature","properties":{"layer":"roads"},"geometry":{"type":"LineString","coordinates":[[17.0769883,51.1094108],[17.0770023,51.1093815],[17.077009,51.1093736],[17.0770157,51.1093657],[17.0770224,51.1093577],[17.0770291,51.1093498],[17.0770358,51.1093418],[17.0770425,51.1093339],[17.0770492,51.1093259],[17.0770559,51.109318],[17.0770625,51.1093101],[17.0770692,51.1093021],[17.0770759,51.1092942],[17.0770826,51.1092862],[17.0770893,51.1092783],[17.077096,51.1092703],[17.0771027,51.1092624],[17.0771094,51.1092545],[17.0771418,51.1092247]]}},{"type":"Feature","properties":{"layer":"roads"},"geometry":{"type":"LineString","coordinates":[[17.0774302,51.1144504],[17.077392,51.1144361],[17.0773783,51.1144381],[17.0773645,51.1144402],[17.0773507,51.1144422],[17.0773369,51.1144442],[17.0773232,51.1144462],[17.0773094,51.1144482],[17.0772956,51.1144502],[17.0772818,51.1144523],[17.077268,51.1144543],[17.0772543,51.1144563],[17.0772405,51.1144583],[17.0772267,51.1144603],[17.0772129,51.1144623],[17.0771992,51.1144643],[17.0771854,51.1144664],[17.0771716,51.1144684],[17.0771578,51.1144704],[17.077144,51.1144724],[17.0771303,51.1144744],[17.0771165,51.1144764],[17.0771027,51.1144785],[17.0770889,51.1144805],[17.0770752,51.1144825],[17.0770614,51.1144845],[17.0770476,51.1144865],[17.0770338,51.1144885],[17.07702,51.1144906],[17.0770063,51.1144926],[17.0769925,51.1144946],[17.0769787,51.1144966],[17.0769649,51.1144986],[17.0769512,51.1145006],[17.0769374,51.1145026],[17.0769236,51.1145047],[17.0769098,51.1145067],[17.076896,51.1145087],[17.0768823,51.1145107],[17.0768685,51.1145127],[17.0768547,51.1145147],[17.0768409,51.1145168],[17.0768272,51.1145188],[17.0768134,51.1145208],[17.0767996,51.1145228],[17.0767857,51.1145247],[17.0767719,51.1145267],[17.076758,51.1145286],[17.0767441,51.1145305],[17.0767302,51.1145324],[17.0767164,51.1145343],[17.0767025,51.1145363],[17.0766886,51.1145382],[17.0766747,51.1145401],[17.0766609,51.1145421],[17.076647,51.114544],[17.0766331,51.1145459],[17.0766193,51.1145478],[17.0766054,51.1145498],[17.0765915,51.1145517],[17.0765776,51.1145536],[17.0765638,51.1145555],[17.0765499,51.1145574],[17.076536,51.1145594],[17.0765222,51.1145613],[17.0765083,51.1145632],[17.0764944,51.1145652],[17.0764805,51.1145671],[17.0764667,51.114569],[17.0764528,51.1145709],[17.0764389,51.1145729],[17.076425,51.1145748],[17.0764112,51.1145767],[17.0763973,51.1145786],[17.0763834,51.1145805],[17.0763696,51.1145825],[17.0763557,51.1145844],[17.0763418,51.1145863],[17.0763279,51.1145883],[17.0763141,51.1145902],[17.0763002,51.1145921],[17.0762863,51.114594],[17.0762724,51.114596],[17.0762586,51.1145979],[17.0762447,51.1145998],[17.0762307,51.1146013],[17.0762167,51.1146028],[17.0762027,51.1146042],[17.0761886,51.1146057],[17.0761746,51.1146072],[17.0761606,51.1146087],[17.0761466,51.1146101],[17.0761326,51.1146116],[17.0761186,51.1146131],[17.0761046,51.1146146],[17.0760905,51.114616],[17.0760765,51.1146175],[17.0760625,51.114619],[17.0760485,51.1146205],[17.0760345,51.114622],[17.0760205,51.1146234],[17.0760065,51.1146249],[17.0759925,51.1146264],[17.0759784,51.1146279],[17.0759644,51.1146293],[17.0759504,51.1146308],[17.0759218,51.114633],[17.0758877,51.1146346],[17.0758797,51.1146415],[17.0758717,51.1146484],[17.0758638,51.1146553],[17.0758558,51.1146623],[17.0758478,51.1146692],[17.0758399,51.1146761],[17.0758319,51.114683],[17.0758239,51.1146899],[17.0758165,51.1146966],[17.075809,51.1147032],[17.0758016,51.1147098],[17.0757942,51.1147165],[17.0757867,51.1147232],[17.0757793,51.1147298],[17.0757719,51.1147364],[17.0757645,51.1147431],[17.075757,51.1147497],[17.0757496,51.1147564],[17.0757373,51.1147608],[17.0757251,51.1147651],[17.0757128,51.1147695],[17.0757005,51.1147739],[17.0756882,51.1147783],[17.075676,51.1147826],[17.0756637,51.114787],[17.0756514,51.1147914],[17.0756391,51.1147958],[17.0756268,51.1148002],[17.0756146,51.1148045],[17.0756023,51.1148089],[17.0755899,51.1148129],[17.0755775,51.1148169],[17.0755651,51.1148209],[17.0755527,51.114825],[17.0755403,51.114829],[17.0755279,51.114833],[17.0755155,51.114837],[17.0755027,51.1148395],[17.0754899,51.1148419],[17.0754771,51.1148444],[17.0754643,51.1148468],[17.0754515,51.1148493],[17.0754386,51.1148497],[17.0754258,51.1148502],[17.0754129,51.1148506],[17.0754,51.114851],[17.0753872,51.1148515],[17.0753743,51.1148519],[17.0753615,51.1148524],[17.0753486,51.1148528],[17.0753351,51.1148548],[17.0753217,51.1148568],[17.0753082,51.1148587],[17.0752947,51.1148607],[17.0752813,51.1148627],[17.0752678,51.1148647],[17.0752544,51.1148667],[17.0752409,51.1148687],[17.0752274,51.1148706],[17.075214,51.1148726],[17.0752005,51.1148746],[17.0751869,51.1148773],[17.0751732,51.11488],[17.0751374,51.1149005]]}},{"type":"Feature","properties":{"layer":"roads"},"geometry":{"type":"LineString","coordinates":[[17.0774302,51.1144504],[17.0774749,51.1144243],[17.0774887,51.1144224],[17.0775026,51.1144204],[17.0775164,51.1144185],[17.0775302,51.1144165],[17.0775441,51.1144146],[17.0775579,51.1144127],[17.0775717,51.1144107],[17.0775856,51.1144088],[17.0775994,51.1144068],[17.0776132,51.1144049],[17.077627,51.1144029],[17.0776409,51.114401],[17.0776547,51.114399],[17.0776685,51.1143971],[17.0776824,51.1143952],[17.0776962,51.1143932],[17.07771,51.1143913],[17.0777239,51.1143893],[17.0777377,51.1143874],[17.0777515,51.1143854],[17.0777653,51.1143835],[17.0777792,51.1143815],[17.077793,51.1143796],[17.0778068,51.1143777],[17.0778207,51.1143757],[17.0778345,51.1143738],[17.0778483,51.1143718],[17.0778621,51.1143699],[17.077876,51.1143679],[17.0778898,51.114366],[17.0779036,51.114364],[17.0779175,51.1143621],[17.0779313,51.1143602],[17.0779451,51.1143582],[17.077959,51.1143563],[17.0779728,51.1143543],[17.0779866,51.1143524],[17.0780004,51.1143504],[17.0780143,51.1143485],[17.0780281,51.1143465],[17.0780419,51.1143446],[17.0780558,51.1143427],[17.0780696,51.1143407],[17.0780834,51.1143388],[17.0780973,51.1143368],[17.0781111,51.1143349],[17.0781249,51.1143329],[17.0781387,51.114331],[17.0781526,51.114329],[17.0781664,51.1143271],[17.0781803,51.1143255],[17.0781943,51.1143238],[17.0782082,51.1143222],[17.0782221,51.1143205],[17.078236,51.1143189],[17.07825,51.1143172],[17.0782639,51.1143156],[17.0782778,51.1143139],[17.0782918,51.1143123],[17.0783057,51.1143106],[17.0783196,51.114309],[17.0783335,51.1143073],[17.0783475,51.1143057],[17.0783614,51.114304],[17.0783753,51.1143024],[17.0783893,51.1143007],[17.0784032,51.1142991],[17.0784171,51.1142974],[17.078431,51.1142958],[17.078445,51.1142941],[17.0784589,51.1142925],[17.0784721,51.1142894],[17.0784853,51.1142863],[17.0784985,51.1142832],[17.0785118,51.1142801],[17.078525,51.114277],[17.0785382,51.1142739],[17.0785514,51.1142708],[17.0785646,51.1142678],[17.0785778,51.1142647],[17.078591,51.1142616],[17.0786042,51.1142585],[17.0786175,51.1142554],[17.0786618,51.1142429]]}},{"type":"Feature","properties":{"layer":"roads"},"geometry":{"type":"LineString","coordinates":[[17.0804911,51.1189614],[17.0805094,51.1189974],[17.0805174,51.1190228],[17.0805254,51.1190482],[17.0805449,51.119073]]}},{"type":"Feature","properties":{"layer":"roads"},"geometry":{"type":"LineString","coordinates":[[17.0819623,51.1081079],[17.0819525,51.1081478],[17.0819489,51.1081564],[17.0819453,51.1081651],[17.0819417,51.1081737],[17.081938,51.1081824],[17.0819344,51.108191],[17.0819308,51.1081997],[17.0819272,51.1082083],[17.0819236,51.108217],[17.08192,51.1082256],[17.0819164,51.1082343],[17.0819128,51.1082429],[17.0819092,51.1082516],[17.0819056,51.1082602],[17.081902,51.1082689],[17.0818984,51.1082775],[17.0818948,51.1082862],[17.0818912,51.1082948],[17.0818875,51.1083035],[17.0818839,51.1083121],[17.0818803,51.1083208],[17.0818767,51.1083294],[17.0818731,51.1083381],[17.0818695,51.1083467],[17.0818659,51.1083554],[17.0818623,51.108364],[17.0818586,51.1083727],[17.0818548,51.1083813],[17.0818511,51.10839],[17.0818473,51.1083987],[17.0818436,51.1084073],[17.0818398,51.108416],[17.0818361,51.1084247],[17.0818324,51.1084333],[17.0818286,51.108442],[17.0818249,51.1084507],[17.0818211,51.1084593],[17.0818174,51.108468],[17.0818137,51.1084767],[17.0818099,51.1084853],[17.0818062,51.108494],[17.0818024,51.1085027],[17.0817987,51.1085114],[17.0817949,51.10852],[17.0817912,51.1085287],[17.0817875,51.1085374],[17.0817837,51.108546],[17.08178,51.1085547],[17.0817762,51.1085634],[17.0817725,51.108572],[17.0817688,51.1085807],[17.081765,51.1085894],[17.0817613,51.108598],[17.0817583,51.1086273]]}},{"type":"Feature","properties":{"layer":"roads"},"geometry":{"type":"LineString","coordinates":[[17.0819623,51.1081079],[17.0820116,51.1080934],[17.0820228,51.1080884],[17.082034,51.1080835],[17.0820452,51.1080785],[17.0820564,51.1080736],[17.0820688,51.1080691],[17.0820812,51.1080647],[17.0820936,51.1080602],[17.082106,51.1080557],[17.0821184,51.1080512],[17.0821308,51.1080468],[17.082168,51.1080334],[17.0821948,51.1080116]]}},{"type":"Feature","properties":{"layer":"roads"},"geometry":{"type":"LineString","coordinates":[[17.0819623,51.1081079],[17.081954,51.1080786],[17.0819508,51.10807],[17.0819476,51.1080614],[17.0819444,51.1080527],[17.0819411,51.1080441],[17.0819379,51.1080354],[17.0819347,51.1080268],[17.0819331,51.1080182],[17.0819315,51.1080095],[17.0819298,51.1080009],[17.0819282,51.1079922],[17.0819266,51.1079836],[17.081925,51.107975],[17.0819233,51.1079663],[17.0819217,51.1079577],[17.0819201,51.107949],[17.0819184,51.1079404],[17.0819168,51.1079318],[17.0819152,51.1079231],[17.0819136,51.1079145],[17.0819119,51.1079058],[17.0819103,51.1078972],[17.0819087,51.1078886],[17.0819071,51.1078799],[17.0819054,51.1078713],[17.0819038,51.1078626],[17.0819022,51.107854],[17.0819021,51.1078452],[17.081902,51.1078363],[17.0819019,51.1078275],[17.0819018,51.1078187],[17.0819017,51.1078098],[17.0819016,51.107801],[17.0819015,51.1077922],[17.0819014,51.1077834],[17.0819013,51.1077745],[17.0819012,51.1077657],[17.0819011,51.1077569],[17.081901,51.107748],[17.0819009,51.1077392],[17.0818988,51.1077308],[17.0818966,51.1077224],[17.0818945,51.107714],[17.0818924,51.1077056],[17.0818902,51.1076972],[17.0818881,51.1076888],[17.081886,51.1076804],[17.0818838,51.107672],[17.0818817,51.1076636],[17.0818796,51.1076553],[17.0818774,51.1076469],[17.0818753,51.1076385],[17.0818732,51.1076301],[17.081871,51.1076217],[17.0818689,51.1076133],[17.0818668,51.1076049],[17.0818646,51.1075965],[17.0818625,51.1075881],[17.0818618,51.1075794],[17.081861,51.1075707],[17.0818603,51.107562],[17.0818596,51.1075533],[17.0818588,51.1075446],[17.0818581,51.1075359],[17.0818573,51.1075272],[17.0818566,51.1075185],[17.0818559,51.1075098],[17.0818551,51.1075011],[17.0818544,51.1074924],[17.0818536,51.1074836],[17.0818529,51.1074749],[17.0818522,51.1074662],[17.0818514,51.1074575],[17.0818507,51.1074488],[17.08185,51.1074401],[17.0818492,51.1074314],[17.0818485,51.1074227],[17.0818477,51.107414],[17.081847,51.1074053],[17.0818463,51.1073966],[17.0818455,51.1073879],[17.0818448,51.1073792],[17.0818438,51.1073703],[17.0818428,51.1073613],[17.0818418,51.1073524],[17.0818408,51.1073435],[17.0818398,51.1073346],[17.0818388,51.1073256],[17.0818378,51.1073167],[17.0818368,51.1073078],[17.0818358,51.1072988],[17.0818348,51.1072899],[17.0818339,51.107281],[17.0818329,51.1072721],[17.0818319,51.1072631],[17.0818309,51.1072542],[17.0818299,51.1072453],[17.081806,51.1072179]]}},{"type":"Feature","properties":{"layer":"roads"},"geometry":{"type":"LineString","coordinates":[[17.0819623,51.1081079],[17.0819176,51.1080998],[17.0819052,51.1080964],[17.0818929,51.1080931],[17.0818805,51.1080897],[17.081846,51.1080803],[17.0818181,51.1080746],[17.081805,51.1080729],[17.0817919,51.1080712],[17.0817787,51.1080694],[17.0817656,51.1080677],[17.0817525,51.108066],[17.0817394,51.1080643],[17.0817263,51.1080626],[17.0817132,51.1080609],[17.0816764,51.1080561],[17.0816467,51.1080526],[17.0816327,51.1080512],[17.0816187,51.1080497],[17.0816047,51.1080483],[17.0815907,51.1080469],[17.0815767,51.1080455],[17.0815627,51.108044],[17.0815487,51.1080426],[17.0815347,51.1080412],[17.0815207,51.1080398],[17.0815067,51.1080384],[17.0814927,51.1080369],[17.0814787,51.1080355],[17.0814647,51.1080341],[17.0814063,51.1080441]]}},{"type":"Feature","properties":{"layer":"roads"},"geometry":{"type":"LineString","coordinates":[[17.081806,51.1072179],[17.0818335,51.1071854],[17.0818624,51.1071665],[17.081872,51.1071602],[17.0818816,51.1071539],[17.0818912,51.1071476],[17.0819008,51.1071413],[17.0819104,51.107135],[17.08192,51.1071287],[17.0819297,51.1071223],[17.0819393,51.107116],[17.0819489,51.1071097],[17.0819585,51.1071034],[17.0819681,51.1070971],[17.0819777,51.1070908],[17.0819873,51.1070845],[17.081997,51.1070782],[17.0820066,51.1070719],[17.0820162,51.1070656],[17.0820258,51.1070593],[17.0820391,51.1070561],[17.0820525,51.1070529],[17.0820658,51.1070497],[17.0820791,51.1070464],[17.0821413,51.1070349]]}},{"type":"Feature","properties":{"layer":"roads"},"geometry":{"type":"LineString","coordinates":[[17.081806,51.1072179],[17.0817656,51.10723],[17.0817559,51.1072364],[17.0817462,51.1072428],[17.0817365,51.1072492],[17.0817268,51.1072556],[17.0817171,51.107262],[17.0817074,51.1072684],[17.0816977,51.1072748],[17.081688,51.1072812],[17.0816782,51.1072875],[17.0816685,51.1072939],[17.0816588,51.1073003],[17.0816491,51.1073067],[17.0816269,51.1073192],[17.0815977,51.1073334],[17.0815873,51.1073385],[17.0815769,51.1073436],[17.0815665,51.1073487],[17.0815373,51.1073629],[17.0815135,51.1073722],[17.0815022,51.1073753],[17.081491,51.1073785],[17.0814797,51.1073817],[17.0814684,51.1073848],[17.0814571,51.107388],[17.0814435,51.1073903],[17.0814299,51.1073925],[17.0814163,51.1073948],[17.0814027,51.1073971],[17.0813891,51.1073993],[17.0813755,51.1074016],[17.0813619,51.1074038],[17.0813483,51.1074061],[17.0813347,51.1074084],[17.0813211,51.1074106],[17.0813075,51.1074129],[17.081294,51.1074152],[17.0812804,51.1074174],[17.0812668,51.1074197],[17.0812532,51.1074219],[17.0812396,51.1074242],[17.081226,51.1074265],[17.0812124,51.1074287],[17.0811988,51.107431],[17.0811852,51.1074332],[17.0811328,51.107446]]}},{"type":"Feature","properties":{"layer":"roads"},"geometry":{"type":"LineString","coordinates":[[17.0862086,51.1147782],[17.0862541,51.1147902],[17.0862679,51.1147925],[17.0862818,51.1147947],[17.0862956,51.114797],[17.0863095,51.1147993],[17.0863234,51.1148015],[17.0863372,51.1148038],[17.0863511,51.114806],[17.0863649,51.1148083],[17.0863788,51.1148106],[17.0863926,51.1148128],[17.0864065,51.1148151],[17.0864203,51.1148174],[17.0864342,51.1148196],[17.086448,51.1148219],[17.0864619,51.1148241],[17.0864758,51.1148264],[17.0864896,51.1148287],[17.0865035,51.1148309],[17.0865173,51.1148332],[17.0865312,51.1148355],[17.086545,51.1148377],[17.0865589,51.11484],[17.0865727,51.1148422],[17.0865866,51.1148445],[17.0866005,51.1148468],[17.0866143,51.114849],[17.0866282,51.1148513],[17.086642,51.1148535],[17.0866559,51.1148558],[17.0866697,51.1148581],[17.0866836,51.1148603],[17.0866974,51.1148626],[17.0867113,51.1148649],[17.0867252,51.1148671],[17.086739,51.1148694],[17.0867529,51.1148716],[17.0867667,51.1148739],[17.0867806,51.1148762],[17.0867944,51.1148784],[17.0868083,51.1148807],[17.0868221,51.114883],[17.086836,51.1148852],[17.0868498,51.1148875],[17.0868637,51.1148897],[17.0868776,51.114892],[17.0868914,51.1148943],[17.0869053,51.1148965],[17.0869191,51.1148988],[17.086933,51.1149011],[17.0869468,51.1149033],[17.0869996,51.1149061]]}},{"type":"Feature","properties":{"layer":"roads"},"geometry":{"type":"LineString","coordinates":[[17.0862086,51.1147782],[17.0862087,51.1147465],[17.0862147,51.1147384],[17.0862207,51.1147304],[17.0862267,51.1147223],[17.0862326,51.1147142],[17.0862386,51.1147061],[17.0862446,51.114698],[17.0862506,51.1146899],[17.0862566,51.1146818],[17.0862625,51.1146737],[17.0862685,51.1146656],[17.0862745,51.1146575],[17.0862805,51.1146495],[17.0862865,51.1146414],[17.0862925,51.1146333],[17.0862984,51.1146252],[17.0863044,51.1146171],[17.0863104,51.114609],[17.0863164,51.1146009],[17.0863224,51.1145928],[17.0863283,51.1145847],[17.0863343,51.1145766],[17.0863403,51.1145686],[17.0863463,51.1145605],[17.0863523,51.1145524],[17.0863582,51.1145443],[17.0863642,51.1145362],[17.0863702,51.1145281],[17.0863762,51.11452],[17.0863822,51.1145119],[17.0863881,51.1145038],[17.0863941,51.1144957],[17.0864001,51.1144876],[17.0864061,51.1144796],[17.0864121,51.1144715],[17.086418,51.1144634],[17.086424,51.1144553],[17.08643,51.1144472],[17.086436,51.1144391],[17.086442,51.114431],[17.0864479,51.1144229],[17.0864539,51.1144148],[17.0864599,51.1144067],[17.0864659,51.1143987],[17.0864719,51.1143906],[17.0864778,51.1143825],[17.0864838,51.1143744],[17.0864898,51.1143663],[17.0864958,51.1143582],[17.0865018,51.1143501],[17.0865078,51.114342],[17.0865137,51.1143339],[17.0865197,51.1143258],[17.0865257,51.1143178],[17.0865317,51.1143097],[17.0865377,51.1143016],[17.0865436,51.1142935],[17.0865496,51.1142854],[17.0865556,51.1142773],[17.0865616,51.1142692],[17.0865676,51.1142611],[17.0865735,51.114253],[17.0865795,51.1142449],[17.0865855,51.1142369],[17.0865915,51.1142288],[17.0865975,51.1142207],[17.0866034,51.1142126],[17.0866094,51.1142045],[17.0866154,51.1141964],[17.0866214,51.1141883],[17.0866274,51.1141802],[17.0866333,51.1141721],[17.0866393,51.114164],[17.0866453,51.1141559],[17.0866513,51.1141479],[17.0866573,51.1141398],[17.0866632,51.1141317],[17.0866692,51.1141236],[17.0866752,51.1141155],[17.0866812,51.1141074],[17.0866872,51.1140993],[17.0866931,51.1140912],[17.0866991,51.1140831],[17.0867051,51.114075],[17.0867111,51.114067],[17.0867171,51.1140589],[17.0867231,51.1140508],[17.086729,51.1140427],[17.086735,51.1140346],[17.086741,51.1140265],[17.086747,51.1140184],[17.086753,51.1140103],[17.0867589,51.1140022],[17.0867649,51.1139941],[17.0867709,51.1139861],[17.0867769,51.113978],[17.0867829,51.1139699],[17.0868037,51.113942]]}},{"type":"Feature","properties":{"layer":"roads"},"geometry":{"type":"LineString","coordinates":[[17.0868037,51.113942],[17.0868522,51.1139595],[17.0868651,51.1139629],[17.086878,51.1139664],[17.0868908,51.1139699],[17.0869037,51.1139733],[17.0869166,51.1139768],[17.0869294,51.1139803],[17.0869423,51.1139837],[17.0869551,51.1139872],[17.086968,51.1139907],[17.0869809,51.1139941],[17.0869937,51.1139976],[17.0870066,51.1140011],[17.0870195,51.1140045],[17.0870323,51.114008],[17.0870452,51.1140115],[17.087058,51.1140149],[17.0870709,51.1140184],[17.0870838,51.1140219],[17.0870966,51.1140254],[17.0871095,51.1140288],[17.0871224,51.1140323],[17.0871352,51.1140358],[17.0871481,51.1140392],[17.087161,51.1140427],[17.0871738,51.1140462],[17.0871867,51.1140496],[17.0871995,51.1140531],[17.0872124,51.1140566],[17.0872253,51.11406],[17.0872381,51.1140635],[17.087251,51.114067],[17.0872638,51.1140704],[17.0873105,51.1140768]]}},{"type":"Feature","properties":{"layer":"roads"},"geometry":{"type":"LineString","coordinates":[[17.0868037,51.113942],[17.0868266,51.1139146],[17.086833,51.1139068],[17.0868395,51.1138991],[17.0868459,51.1138913],[17.0868524,51.1138836],[17.0868588,51.1138758],[17.0868653,51.1138681],[17.0868717,51.1138603],[17.0868782,51.1138526],[17.0868846,51.1138448],[17.0868911,51.1138371],[17.0868975,51.1138293],[17.086904,51.1138216],[17.0869104,51.1138138],[17.0869169,51.1138061],[17.0869233,51.1137983],[17.0869298,51.1137906],[17.0869362,51.1137828],[17.0869427,51.1137751],[17.0869491,51.1137673],[17.0869556,51.1137596],[17.086962,51.1137518],[17.0869665,51.1137438],[17.0869711,51.1137359],[17.0869756,51.1137279],[17.0869801,51.1137199],[17.0869847,51.113712],[17.0869892,51.113704],[17.0869929,51.1136957],[17.0869965,51.1136875],[17.0870002,51.1136792],[17.0870038,51.1136709],[17.0870075,51.1136626],[17.0870111,51.1136544],[17.0870148,51.1136461],[17.0870194,51.1136379],[17.0870239,51.1136297],[17.0870285,51.1136215],[17.087033,51.1136133],[17.0870376,51.1136051],[17.0870422,51.113597],[17.0870467,51.1135888],[17.0870513,51.1135806],[17.0870558,51.1135724],[17.0870604,51.1135642],[17.087066,51.1135563],[17.0870716,51.1135485],[17.0870771,51.1135406],[17.0870827,51.1135327],[17.0870883,51.1135248],[17.0870939,51.113517],[17.0870994,51.1135091],[17.087105,51.1135012],[17.0871106,51.1134933],[17.0871162,51.1134855],[17.0871218,51.1134776],[17.0871273,51.1134697],[17.0871329,51.1134619],[17.0871385,51.113454],[17.0871548,51.1134209]]}},{"type":"Feature","properties":{"layer":"roads"},"geometry":{"type":"LineString","coordinates":[[17.0777654,51.1082132],[17.0778148,51.1082204],[17.0778252,51.1082169],[17.0778356,51.1082135],[17.077846,51.10821],[17.0778654,51.1082377]]}},{"type":"Feature","properties":{"layer":"roads"},"geometry":{"type":"LineString","coordinates":[[17.0777654,51.1082132],[17.0777247,51.1081998],[17.0777187,51.1081928],[17.0777127,51.1081857],[17.0777067,51.1081786],[17.0777007,51.1081716],[17.0777131,51.1081674],[17.0777255,51.1081631],[17.0777184,51.1081555],[17.0777113,51.108148],[17.0777043,51.1081404],[17.0776972,51.1081328],[17.0776901,51.1081252],[17.077683,51.1081176],[17.0776759,51.1081101],[17.0776688,51.1081025],[17.0776618,51.1080949],[17.0776547,51.1080874],[17.0776476,51.1080798],[17.0776405,51.1080722],[17.0776281,51.1080765],[17.0776156,51.1080808],[17.0776032,51.1080851],[17.0775907,51.1080894],[17.0775783,51.1080937],[17.0775659,51.108098],[17.0775534,51.1081023],[17.077541,51.1081066],[17.0775286,51.1081109],[17.0775161,51.1081151],[17.0775037,51.1081194],[17.0774912,51.1081237],[17.0774788,51.108128],[17.0774664,51.1081323],[17.0774539,51.1081366],[17.0774415,51.1081409],[17.0774291,51.1081452],[17.0774166,51.1081495],[17.0774042,51.1081538],[17.0773917,51.1081581],[17.0773793,51.1081624],[17.0773669,51.1081667],[17.0773544,51.108171],[17.077342,51.1081753],[17.0773296,51.1081796],[17.0773171,51.1081839],[17.0773047,51.1081882],[17.0772922,51.1081924],[17.0772798,51.1081967],[17.0772674,51.108201],[17.0772549,51.1082053],[17.0772425,51.1082096],[17.0772301,51.1082139],[17.0772176,51.1082182],[17.0772052,51.1082225],[17.0771927,51.1082268],[17.0771803,51.1082311],[17.0771682,51.1082349],[17.0771562,51.1082387],[17.0771441,51.1082424],[17.0771321,51.1082462],[17.07712,51.10825],[17.077108,51.1082538],[17.0771147,51.1082617],[17.0771215,51.1082695],[17.0771282,51.1082774],[17.0771349,51.1082853],[17.0771416,51.1082931],[17.0771484,51.108301],[17.0771551,51.1083089],[17.0771618,51.1083167],[17.0771685,51.1083246],[17.0771753,51.1083325],[17.077182,51.1083403],[17.0771887,51.1083482],[17.0771954,51.1083561],[17.0772022,51.1083639],[17.0772089,51.1083718],[17.0772156,51.1083797],[17.0772223,51.1083875],[17.0772291,51.1083954],[17.0772358,51.1084033],[17.0772425,51.1084111],[17.0772492,51.108419],[17.077256,51.1084269],[17.0772627,51.1084347],[17.0772694,51.1084426],[17.0772761,51.1084505],[17.0772829,51.1084583],[17.0772507,51.1084859]]}},{"type":"Feature","properties":{"layer":"roads"},"geometry":{"type":"LineString","coordinates":[[17.0777654,51.1082132],[17.0777882,51.1081728]]}},{"type":"Feature","properties":{"layer":"roads"},"geometry":{"type":"LineString","coordinates":[[17.0772507,51.1084859],[17.077308,51.1084738],[17.0773198,51.10847],[17.0773316,51.1084663],[17.0773454,51.1084663],[17.0773556,51.1084586],[17.0773678,51.1084546],[17.0773801,51.1084507],[17.0773923,51.1084467],[17.0774045,51.1084428],[17.0774167,51.1084388],[17.077429,51.1084349],[17.077445,51.1084247],[17.0774799,51.1084057],[17.0774916,51.1084019],[17.0775032,51.108398],[17.0775149,51.1083942],[17.0775092,51.1083878],[17.0775036,51.1083814],[17.0775159,51.1083771],[17.0775282,51.1083728],[17.0775404,51.1083685],[17.0775527,51.1083643],[17.077565,51.10836],[17.0775773,51.1083557],[17.0775896,51.1083514],[17.0776018,51.1083471],[17.0776141,51.1083428],[17.0776264,51.1083385],[17.0776387,51.1083342],[17.077651,51.10833],[17.0776632,51.1083257],[17.0776755,51.1083214],[17.0777023,51.108312],[17.0777361,51.1083],[17.07778,51.1082892],[17.0777964,51.1082787],[17.0778084,51.1082744],[17.0778203,51.1082702],[17.0778323,51.108266],[17.0778442,51.1082618],[17.0778654,51.1082377]]}},{"type":"Feature","properties":{"layer":"roads"},"geometry":{"type":"LineString","coordinates":[[17.0802902,51.1092293],[17.0803426,51.1092367],[17.0803561,51.1092354],[17.0803695,51.1092342],[17.080383,51.1092329],[17.0803964,51.1092317],[17.0804099,51.1092304],[17.0804233,51.1092291],[17.0804368,51.1092279],[17.0804502,51.1092266],[17.0804637,51.1092254],[17.0804771,51.1092241],[17.0804906,51.1092228],[17.080504,51.1092216],[17.0805175,51.1092203],[17.0805309,51.1092191],[17.0805444,51.1092178],[17.0805578,51.1092166],[17.0805713,51.1092153],[17.080585,51.1092134],[17.0805986,51.1092116],[17.0806123,51.1092097],[17.080626,51.1092079],[17.0806396,51.109206],[17.0806533,51.1092042],[17.080667,51.1092023],[17.0806806,51.1092005],[17.0806943,51.1091986],[17.0807061,51.1091948],[17.0807179,51.1091911],[17.0807297,51.1091873],[17.0807414,51.1091836],[17.0807532,51.1091798],[17.080765,51.1091761],[17.0807768,51.1091723],[17.0807842,51.1091647],[17.0807917,51.1091572],[17.0807991,51.1091496],[17.0808066,51.1091421],[17.080814,51.1091345],[17.0808215,51.109127],[17.0808289,51.1091194],[17.0808364,51.1091119],[17.0808438,51.1091043],[17.0808513,51.1090967],[17.0808587,51.1090892],[17.0808662,51.1090816],[17.0808736,51.1090741],[17.0808811,51.1090665],[17.0808885,51.109059],[17.080896,51.1090514],[17.0809034,51.1090439],[17.0809109,51.1090363],[17.0809183,51.1090287],[17.0809258,51.1090212],[17.0809332,51.1090136],[17.0809407,51.1090061],[17.0809481,51.1089985],[17.0809556,51.108991],[17.080963,51.1089834],[17.0809705,51.1089759],[17.0809779,51.1089683],[17.0809854,51.1089607],[17.0809928,51.1089532],[17.0810003,51.1089456],[17.0810077,51.1089381],[17.0810152,51.1089305],[17.0810226,51.108923],[17.0810301,51.1089154],[17.0810375,51.1089078],[17.081045,51.1089003],[17.0810524,51.1088927],[17.0810599,51.1088852],[17.0810673,51.1088776],[17.0810748,51.1088701],[17.0810822,51.1088625],[17.0810897,51.108855],[17.0810971,51.1088474],[17.0811046,51.1088398],[17.081112,51.1088323],[17.0811195,51.1088247],[17.0811269,51.1088172],[17.0811344,51.1088096],[17.0811418,51.1088021],[17.0811493,51.1087945],[17.0811567,51.108787],[17.0811642,51.1087794],[17.0811716,51.1087718],[17.0811791,51.1087643],[17.0811865,51.1087567],[17.081194,51.1087492],[17.0812014,51.1087416],[17.0812089,51.1087341],[17.0812163,51.1087265],[17.0812238,51.108719],[17.0812312,51.1087114],[17.0812362,51.1087039],[17.0812412,51.1086963],[17.0812509,51.1086661]]}},{"type":"Feature","properties":{"layer":"roads"},"geometry":{"type":"LineString","coordinates":[[17.0802902,51.1092293],[17.0803135,51.1091969],[17.0803206,51.1091893],[17.0803277,51.1091817],[17.0803348,51.1091741],[17.0803419,51.1091665],[17.080349,51.1091589],[17.0803561,51.1091513],[17.0803632,51.1091437],[17.0803703,51.109136],[17.0803774,51.1091284],[17.0803845,51.1091208],[17.0803916,51.1091132],[17.0803987,51.1091056],[17.0804017,51.1090977],[17.0804047,51.1090898],[17.0804077,51.109082],[17.0804107,51.1090741],[17.0804137,51.1090662],[17.0804167,51.1090583],[17.0804197,51.1090505],[17.0804227,51.1090426],[17.0804257,51.1090347],[17.0804315,51.1090267],[17.0804374,51.1090186],[17.0804432,51.1090106],[17.0804491,51.1090026],[17.0804549,51.1089946],[17.0804607,51.1089865],[17.0804666,51.1089785],[17.0804724,51.1089705],[17.0804783,51.1089625],[17.0804841,51.1089544],[17.0804899,51.1089464],[17.0804958,51.1089384],[17.0805016,51.1089304],[17.0805074,51.1089223],[17.0805133,51.1089143],[17.0805191,51.1089063],[17.080525,51.1088983],[17.0805308,51.1088902],[17.0805366,51.1088822],[17.0805425,51.1088742],[17.0805483,51.1088662],[17.0805542,51.1088581],[17.08056,51.1088501],[17.0805673,51.1088424],[17.0805746,51.1088347],[17.080582,51.1088269],[17.0805893,51.1088192],[17.0805966,51.1088115],[17.0806039,51.1088038],[17.0806113,51.108796],[17.0806186,51.1087883],[17.0806259,51.1087806],[17.0806332,51.1087729],[17.0806406,51.1087651],[17.0806479,51.1087574],[17.0806552,51.1087497],[17.0806625,51.108742],[17.0806699,51.1087342],[17.0806772,51.1087265],[17.0806845,51.1087188],[17.0806918,51.1087111],[17.0806992,51.1087033],[17.0807065,51.1086956],[17.0807138,51.1086879],[17.0807245,51.1086828],[17.0807352,51.1086776],[17.080746,51.1086725],[17.0807567,51.1086674],[17.0807674,51.1086622],[17.0807781,51.1086571],[17.0807889,51.1086519],[17.0807996,51.1086468],[17.0808103,51.1086417],[17.080821,51.1086365],[17.0808317,51.1086314],[17.0808425,51.1086263],[17.0808532,51.1086211],[17.0808639,51.108616],[17.0808681,51.1086081],[17.0808723,51.1086002],[17.0808765,51.1085923],[17.0808807,51.1085844],[17.0808849,51.1085765],[17.080889,51.1085686],[17.0808932,51.1085607],[17.0808974,51.1085528],[17.0809016,51.1085449],[17.0809058,51.108537],[17.0809102,51.1085287],[17.0809145,51.1085203],[17.0809189,51.108512],[17.0809232,51.1085036],[17.0809523,51.1084806]]}},{"type":"Feature","properties":{"layer":"roads"},"geometry":{"type":"LineString","coordinates":[[17.0802902,51.1092293],[17.0802194,51.1092466],[17.0802065,51.1092476],[17.0801936,51.1092486],[17.0801807,51.1092496],[17.0801683,51.1092539],[17.0801559,51.1092582],[17.0801435,51.1092626],[17.0801311,51.1092669],[17.0801188,51.1092712],[17.0801064,51.1092755],[17.080094,51.1092799],[17.0800702,51.1092834],[17.0800098,51.1092706]]}},{"type":"Feature","properties":{"layer":"roads"},"geometry":{"type":"LineString","coordinates":[[17.0812509,51.1086661],[17.0812751,51.108641],[17.0812798,51.1086329],[17.0812846,51.1086247],[17.0812893,51.1086165],[17.0812941,51.1086084],[17.0812988,51.1086002],[17.0813027,51.1085919],[17.0813066,51.1085835],[17.0813104,51.1085752],[17.0813143,51.1085668],[17.0813182,51.1085585],[17.0813221,51.1085502],[17.0813259,51.1085418],[17.0813298,51.1085335],[17.0813337,51.1085252],[17.0813376,51.1085168],[17.0813414,51.1085085],[17.0813453,51.1085001],[17.0813492,51.1084918],[17.0813531,51.1084835],[17.0813569,51.1084751],[17.0813608,51.1084668],[17.0813647,51.1084585],[17.0813686,51.1084501],[17.0813724,51.1084418],[17.0813763,51.1084334],[17.0813802,51.1084251],[17.081382,51.1084169],[17.0813838,51.1084086],[17.0813856,51.1084004],[17.0813874,51.1083921],[17.0813892,51.1083839],[17.081391,51.1083756],[17.0813928,51.1083674],[17.0813946,51.1083591],[17.0813964,51.1083509],[17.0813982,51.1083426],[17.0814,51.1083344],[17.0814014,51.108326],[17.0814027,51.1083177],[17.0814041,51.1083093],[17.0814054,51.1083009],[17.0814068,51.1082926],[17.0814081,51.1082842],[17.0814095,51.1082759],[17.0814108,51.1082675],[17.0814122,51.1082591],[17.0814135,51.1082508],[17.0814149,51.1082424],[17.0814154,51.108234],[17.0814158,51.1082256],[17.0814163,51.1082173],[17.0814168,51.1082089],[17.0814172,51.1082005],[17.0814177,51.1081921],[17.0814182,51.1081838],[17.0814186,51.1081754],[17.0814191,51.108167],[17.0814185,51.1081586],[17.0814179,51.1081503],[17.0814173,51.1081419],[17.0814167,51.1081336],[17.081416,51.1081252],[17.0814154,51.1081169],[17.0814148,51.1081085],[17.0814142,51.1081002],[17.0814063,51.1080441]]}},{"type":"Feature","properties":{"layer":"roads"},"geometry":{"type":"LineString","coordinates":[[17.0812509,51.1086661],[17.0812058,51.1086607],[17.0811706,51.1086516],[17.0811452,51.108644],[17.0811348,51.1086402],[17.0811245,51.1086365],[17.0811171,51.1086323],[17.0811097,51.108628],[17.0811023,51.1086238],[17.0810972,51.1086164],[17.0810921,51.1086091],[17.0810871,51.1086017],[17.081082,51.1085944],[17.0810769,51.108587],[17.0810719,51.1085797],[17.0810668,51.1085723],[17.0810617,51.108565],[17.0810539,51.1085581],[17.0810461,51.1085513],[17.0810384,51.1085444],[17.0810306,51.1085375],[17.0810228,51.1085306],[17.081015,51.1085238],[17.0810072,51.1085169],[17.0809995,51.10851],[17.0809917,51.1085031],[17.0809523,51.1084806]]}},{"type":"Feature","properties":{"layer":"roads"},"geometry":{"type":"LineString","coordinates":[[17.0782271,51.1112922],[17.0782308,51.1113211],[17.0782308,51.11133],[17.0782309,51.111339],[17.0782309,51.1113479],[17.078231,51.1113569],[17.078231,51.1113658],[17.0782311,51.1113748],[17.0782311,51.1113837],[17.0782311,51.1113926],[17.0782312,51.1114016],[17.0782312,51.1114105],[17.0782313,51.1114195],[17.0782313,51.1114284],[17.078233,51.1114373],[17.0782346,51.1114462],[17.0782363,51.1114552],[17.0782379,51.1114641],[17.0782396,51.111473],[17.0782412,51.1114819],[17.0782429,51.1114909],[17.0782445,51.1114998],[17.0782462,51.1115087],[17.0782478,51.1115176],[17.0782495,51.1115265],[17.0782511,51.1115355],[17.0782528,51.1115444],[17.0782544,51.1115533],[17.0782561,51.1115622],[17.0782577,51.1115712],[17.0782594,51.1115801],[17.078261,51.111589],[17.0782627,51.1115979],[17.0782643,51.1116068],[17.078266,51.1116158],[17.0782676,51.1116247],[17.0782693,51.1116336],[17.0782742,51.1116604],[17.0782883,51.1116963]]}},{"type":"Feature","properties":{"layer":"roads"},"geometry":{"type":"LineString","coordinates":[[17.0782271,51.1112922],[17.0781783,51.1112927],[17.0781686,51.1112987],[17.0781588,51.1113048],[17.0781491,51.1113108],[17.0781393,51.1113169],[17.0781296,51.1113229],[17.0781198,51.111329],[17.0781101,51.111335],[17.0781003,51.1113411],[17.0780922,51.1113481],[17.0780841,51.111355],[17.0780759,51.111362],[17.0780678,51.111369],[17.0780597,51.1113759],[17.0780516,51.1113829],[17.0780434,51.1113898],[17.0780353,51.1113968],[17.0780272,51.1114038],[17.0780191,51.1114107],[17.078011,51.1114177],[17.0780028,51.1114247],[17.0779947,51.1114316],[17.0779866,51.1114386],[17.0779779,51.1114457],[17.0779691,51.1114528],[17.0779604,51.11146],[17.0779517,51.1114671],[17.077943,51.1114742],[17.0779342,51.1114813],[17.0779255,51.1114885],[17.0779168,51.1114956],[17.077908,51.1115027],[17.0778993,51.1115098],[17.0778906,51.1115169],[17.0778819,51.1115241],[17.0778731,51.1115312],[17.0778644,51.1115383],[17.0778557,51.1115454],[17.077847,51.1115526],[17.0778382,51.1115597],[17.0778295,51.1115668],[17.0778218,51.1115742],[17.0778141,51.1115817],[17.0778063,51.1115892],[17.0777986,51.1115966],[17.0777909,51.111604],[17.0777832,51.1116115],[17.0777755,51.111619],[17.0777677,51.1116264],[17.07776,51.1116339],[17.0777523,51.1116413],[17.0777479,51.1116494],[17.0777435,51.1116574],[17.0777391,51.1116655],[17.0777348,51.1116735],[17.0777304,51.1116816],[17.077726,51.1116896],[17.0777216,51.1116977],[17.0777172,51.1117057],[17.0777128,51.1117138],[17.0777084,51.1117219],[17.077704,51.1117299],[17.0776996,51.111738],[17.0776953,51.111746],[17.0776909,51.1117541],[17.0776865,51.1117621],[17.0776821,51.1117702],[17.0776762,51.1117781],[17.0776704,51.1117861],[17.0776645,51.111794],[17.0776586,51.1118019],[17.0776528,51.1118099],[17.0776469,51.1118178],[17.0776411,51.1118258],[17.0776352,51.1118337],[17.0776293,51.1118416],[17.0776235,51.1118496],[17.0776176,51.1118575],[17.0776132,51.1118642],[17.0776087,51.1118708],[17.0776043,51.1118775],[17.0775998,51.1118841],[17.0775976,51.1118919],[17.0775953,51.1118998],[17.0775931,51.1119076],[17.0775909,51.1119155],[17.0775887,51.1119233],[17.0775864,51.1119312],[17.0775842,51.111939],[17.0775829,51.111947],[17.0775815,51.111955],[17.0775802,51.111963],[17.0775788,51.111971],[17.0775775,51.111979],[17.0775753,51.111986],[17.077573,51.111993],[17.0775708,51.1119999],[17.0775686,51.1120069],[17.0775638,51.1120138],[17.077559,51.1120208],[17.0775399,51.1120486]]}},{"type":"Feature","properties":{"layer":"roads"},"geometry":{"type":"LineString","coordinates":[[17.0782271,51.1112922],[17.0782304,51.1112418],[17.0782304,51.1112331],[17.0782304,51.1112245],[17.0782303,51.1112158],[17.0782303,51.1112072],[17.0782303,51.1111985],[17.0782302,51.1111899],[17.0782302,51.1111812],[17.0782301,51.1111726],[17.0782301,51.1111639],[17.0782309,51.1111557],[17.0782318,51.1111476],[17.0782258,51.1111194]]}},{"type":"Feature","properties":{"layer":"roads"},"geometry":{"type":"LineString","coordinates":[[17.0812252,51.1171483],[17.0812429,51.1171213],[17.0812458,51.1171129],[17.0812487,51.1171046],[17.0812516,51.1170962],[17.0812537,51.1170881],[17.0812559,51.11708],[17.081258,51.1170719],[17.0812601,51.1170638],[17.0812623,51.1170556],[17.0812644,51.1170475],[17.0812665,51.1170394],[17.0812686,51.1170313],[17.0812708,51.1170232],[17.0812729,51.1170151],[17.0812733,51.1170066],[17.0812738,51.1169981],[17.0812742,51.1169896],[17.081259,51.1169618]]}},{"type":"Feature","properties":{"layer":"roads"},"geometry":{"type":"LineString","coordinates":[[17.0812252,51.1171483],[17.081172,51.1171479],[17.0811588,51.1171493],[17.0811456,51.1171507],[17.0811324,51.1171521],[17.0811192,51.1171535],[17.081106,51.1171549],[17.0810927,51.1171563],[17.0810795,51.1171577],[17.0810663,51.1171591],[17.0810531,51.1171605],[17.0810399,51.1171619],[17.0810267,51.1171633],[17.0809587,51.1171758]]}},{"type":"Feature","properties":{"layer":"roads"},"geometry":{"type":"LineString","coordinates":[[17.0807192,51.110634],[17.080723,51.1105955],[17.0807261,51.1105868],[17.0807293,51.1105782],[17.0807324,51.1105695],[17.0807256,51.1105425]]}},{"type":"Feature","properties":{"layer":"roads"},"geometry":{"type":"LineString","coordinates":[[17.0807192,51.110634],[17.0807709,51.1106112],[17.0807836,51.1106129],[17.0808176,51.1106479]]}},{"type":"Feature","properties":{"layer":"roads"},"geometry":{"type":"LineString","coordinates":[[17.0807256,51.1105425],[17.0807511,51.1105177],[17.0807543,51.1105093],[17.0807575,51.1105009],[17.0807606,51.1104925],[17.0807638,51.1104841],[17.080767,51.1104757],[17.0807702,51.1104673],[17.0807733,51.110459],[17.0807765,51.1104506],[17.0807797,51.1104422],[17.0807829,51.1104338],[17.0807861,51.1104254],[17.0807892,51.110417],[17.0807924,51.1104086],[17.0807956,51.1104002],[17.0807984,51.1103916],[17.0808012,51.1103829],[17.080804,51.1103743],[17.0808068,51.1103656],[17.0808096,51.110357],[17.0808124,51.1103483],[17.0808152,51.1103397],[17.080818,51.110331],[17.0808208,51.1103224],[17.0808236,51.1103138],[17.0808264,51.1103051],[17.0808292,51.1102965],[17.080832,51.1102878],[17.0808348,51.1102792],[17.0808376,51.1102705],[17.0808404,51.1102619],[17.0808432,51.1102533],[17.080846,51.1102446],[17.0808488,51.110236],[17.0808516,51.1102273],[17.0808544,51.1102187],[17.0808572,51.11021],[17.08086,51.1102014],[17.0808628,51.1101928],[17.0808656,51.1101841],[17.0808684,51.1101755],[17.0808712,51.1101668],[17.080874,51.1101582],[17.0808768,51.1101495],[17.0808796,51.1101409],[17.0808824,51.1101322],[17.0808852,51.1101236],[17.0808897,51.1101154],[17.0808941,51.1101073],[17.0808986,51.1100991],[17.080903,51.110091],[17.0809075,51.1100828],[17.0809119,51.1100746],[17.0809164,51.1100665],[17.0809208,51.1100583],[17.0809253,51.1100501],[17.0809297,51.110042],[17.0809342,51.1100338],[17.0809386,51.1100257],[17.0809431,51.1100175],[17.0809475,51.1100093],[17.080952,51.1100012],[17.0809564,51.109993],[17.0809609,51.1099848],[17.0809653,51.1099767],[17.0809698,51.1099685],[17.0809742,51.1099604],[17.0809787,51.1099522],[17.0809845,51.1099441],[17.0809904,51.109936],[17.0809962,51.1099278],[17.081002,51.1099197],[17.0810078,51.1099116],[17.0810137,51.1099035],[17.0810195,51.1098953],[17.0810253,51.1098872],[17.0810311,51.1098791],[17.081037,51.109871],[17.0810428,51.1098628],[17.0810486,51.1098547],[17.0810544,51.1098466],[17.0810603,51.1098385],[17.0810661,51.1098304],[17.0810719,51.1098222],[17.0810778,51.1098141],[17.0810836,51.109806],[17.0810894,51.1097979],[17.0810952,51.1097897],[17.0811011,51.1097816],[17.0811069,51.1097735],[17.0811127,51.1097654],[17.0811421,51.1097375]]}},{"type":"Feature","properties":{"layer":"roads"},"geometry":{"type":"LineString","coordinates":[[17.0807256,51.1105425],[17.0806799,51.1105232],[17.0806701,51.1105172],[17.0806602,51.1105111],[17.0806504,51.110505],[17.0806405,51.110499],[17.0806307,51.1104929],[17.0806208,51.1104868],[17.080611,51.1104808],[17.0806011,51.1104747],[17.0805913,51.1104687],[17.0805814,51.1104626],[17.0805758,51.1104557],[17.0805702,51.1104488],[17.0805389,51.11043]]}},{"type":"Feature","properties":{"layer":"roads"},"geometry":{"type":"LineString","coordinates":[[17.0811421,51.1097375],[17.0811541,51.1097091],[17.0811601,51.1097011],[17.0811661,51.1096931],[17.081172,51.1096851],[17.081178,51.1096771],[17.081184,51.1096691],[17.08119,51.1096611],[17.0811959,51.1096532],[17.0812019,51.1096452],[17.0812079,51.1096372],[17.0812139,51.1096292],[17.0812198,51.1096212],[17.0812258,51.1096132],[17.0812318,51.1096052],[17.0812378,51.1095973],[17.0812437,51.1095893],[17.0812497,51.1095813],[17.0812557,51.1095733],[17.0812614,51.1095656],[17.081267,51.109558],[17.0812727,51.1095503],[17.0812783,51.1095427],[17.081284,51.109535],[17.0812897,51.1095273],[17.0812953,51.1095197],[17.081301,51.109512],[17.0813067,51.1095043],[17.0813123,51.1094967],[17.081318,51.109489],[17.0813237,51.1094813],[17.0813517,51.1094524]]}},{"type":"Feature","properties":{"layer":"roads"},"geometry":{"type":"LineString","coordinates":[[17.0811421,51.1097375],[17.0812294,51.109758]]}},{"type":"Feature","properties":{"layer":"roads"},"geometry":{"type":"LineString","coordinates":[[17.0809523,51.1084806],[17.0809381,51.1084541],[17.0809174,51.1084308],[17.0809105,51.1084231],[17.0809036,51.1084153],[17.0808966,51.1084075],[17.0808897,51.1083998],[17.0808828,51.108392],[17.0808759,51.1083842],[17.080869,51.1083765],[17.0808621,51.1083687],[17.0808552,51.1083609],[17.0808483,51.1083532],[17.0808414,51.1083454],[17.0808345,51.1083376],[17.0808276,51.1083299],[17.0808207,51.1083221],[17.0808138,51.1083143],[17.0808068,51.1083066],[17.0807999,51.1082988],[17.080793,51.108291],[17.0807861,51.1082833],[17.0807792,51.1082755],[17.0807723,51.1082677],[17.0807654,51.1082599],[17.0807585,51.1082522],[17.0807516,51.1082444],[17.0807447,51.1082366],[17.0807378,51.1082289],[17.0807309,51.1082211],[17.080724,51.1082133],[17.080717,51.1082056],[17.0807101,51.1081978],[17.0807032,51.10819],[17.0806963,51.1081823],[17.0806894,51.1081745],[17.0806825,51.1081667],[17.0806756,51.108159],[17.0806687,51.1081512],[17.0806618,51.1081434],[17.0806549,51.1081357],[17.080648,51.1081279],[17.0806411,51.1081201],[17.0806342,51.1081124],[17.0806272,51.1081046],[17.0806203,51.1080968],[17.0806015,51.1080685]]}},{"type":"Feature","properties":{"layer":"roads"},"geometry":{"type":"LineString","coordinates":[[17.088166,51.114192],[17.0881481,51.1142223],[17.0881408,51.1142299],[17.0881336,51.1142376],[17.0881263,51.1142452],[17.0881191,51.1142529],[17.0881118,51.1142605],[17.0881046,51.1142682],[17.0880973,51.1142758],[17.0880901,51.1142835],[17.0880828,51.1142911],[17.0880756,51.1142988],[17.0880684,51.1143065],[17.0880611,51.1143141],[17.0880539,51.1143218],[17.0880466,51.1143294],[17.0880394,51.1143371],[17.0880321,51.1143447],[17.0880249,51.1143524],[17.0880176,51.11436],[17.0880104,51.1143677],[17.0880031,51.1143753],[17.0879959,51.114383],[17.0879886,51.1143906],[17.0879814,51.1143983],[17.0879742,51.114406],[17.0879669,51.1144136],[17.0879597,51.1144213],[17.0879524,51.1144289],[17.0879452,51.1144366],[17.0879379,51.1144442],[17.0879307,51.1144519],[17.0879234,51.1144595],[17.0879162,51.1144672],[17.0879089,51.1144748],[17.0879017,51.1144825],[17.0878944,51.1144901],[17.0878872,51.1144978],[17.08788,51.1145055],[17.0878727,51.1145131],[17.0878655,51.1145208],[17.0878582,51.1145284],[17.087851,51.1145361],[17.0878437,51.1145437],[17.0878365,51.1145514],[17.0878292,51.114559],[17.087822,51.1145667],[17.0878147,51.1145743],[17.0878075,51.114582],[17.0878002,51.1145896],[17.087793,51.1145973],[17.0877858,51.114605],[17.0877785,51.1146126],[17.0877713,51.1146203],[17.087764,51.1146279],[17.0877568,51.1146356],[17.0877495,51.1146432],[17.0877423,51.1146509],[17.087735,51.1146585],[17.0877278,51.1146662],[17.0877205,51.1146738],[17.0877133,51.1146815],[17.087706,51.1146891],[17.0876988,51.1146968],[17.0876856,51.1146933],[17.0876724,51.1146899],[17.0876592,51.1146864],[17.0876461,51.114683],[17.0876329,51.1146795],[17.0876197,51.1146761],[17.0876065,51.1146726],[17.0875933,51.1146692],[17.0875801,51.1146657],[17.0875669,51.1146623],[17.0875538,51.1146588],[17.0875406,51.1146554],[17.0875274,51.1146519],[17.0875142,51.1146485],[17.087501,51.114645],[17.0874878,51.1146416],[17.0874746,51.1146381],[17.0874615,51.1146346],[17.0874483,51.1146312],[17.0874351,51.1146277],[17.0874219,51.1146243],[17.0874087,51.1146208],[17.0873955,51.1146174],[17.0873824,51.1146139],[17.0873692,51.1146105],[17.087356,51.114607],[17.0873428,51.1146036],[17.0873296,51.1146001],[17.0873164,51.1145967],[17.0873032,51.1145932],[17.0872901,51.1145898],[17.0872374,51.1145822]]}},{"type":"Feature","properties":{"layer":"roads"},"geometry":{"type":"LineString","coordinates":[[17.088166,51.114192],[17.0881179,51.1141862],[17.088105,51.1141829],[17.088092,51.1141796],[17.0880791,51.1141763],[17.0880661,51.114173],[17.0880531,51.1141697],[17.0880402,51.1141665],[17.0880272,51.1141632],[17.0880142,51.1141599],[17.0880013,51.1141566],[17.0879883,51.1141533],[17.0879754,51.11415],[17.0879624,51.1141468],[17.0879494,51.1141435],[17.0879365,51.1141402],[17.0879235,51.1141369],[17.0879105,51.1141336],[17.0878976,51.1141303],[17.0878846,51.114127],[17.0878716,51.1141238],[17.0878587,51.1141205],[17.0878457,51.1141172],[17.0878328,51.1141139],[17.0878198,51.1141106],[17.0878068,51.1141073],[17.0877939,51.1141041],[17.0877809,51.1141008],[17.0877679,51.1140975],[17.087755,51.1140942],[17.087742,51.1140909],[17.0877291,51.1140876],[17.0876772,51.1140745]]}},{"type":"Feature","properties":{"layer":"roads"},"geometry":{"type":"LineString","coordinates":[[17.088166,51.114192],[17.0881986,51.1141688],[17.0882058,51.1141612],[17.088213,51.1141536],[17.0882202,51.114146],[17.0882274,51.1141384],[17.0882346,51.1141308],[17.0882418,51.1141232],[17.088249,51.1141155],[17.0882562,51.1141079],[17.0882634,51.1141003],[17.0882706,51.1140927],[17.0882778,51.1140851],[17.088285,51.1140775],[17.0882922,51.1140699],[17.0882995,51.1140623],[17.0883067,51.1140546],[17.0883139,51.114047],[17.0883211,51.1140394],[17.0883283,51.1140318],[17.0883355,51.1140242],[17.0883427,51.1140166],[17.0883499,51.114009],[17.0883571,51.1140013],[17.0883643,51.1139937],[17.0883715,51.1139861],[17.0883787,51.1139785],[17.0883859,51.1139709],[17.0883931,51.1139633],[17.0884003,51.1139557],[17.0884075,51.113948],[17.0884147,51.1139404],[17.0884219,51.1139328],[17.0884415,51.1139227],[17.0884575,51.1138952],[17.0884646,51.1138877],[17.0884717,51.1138802],[17.0884788,51.1138727],[17.0884859,51.1138652],[17.0884929,51.1138577],[17.0885,51.1138502],[17.0885071,51.1138427],[17.0885142,51.1138352],[17.0885213,51.1138277],[17.0885284,51.1138202],[17.0885605,51.1137975]]}},{"type":"Feature","properties":{"layer":"roads"},"geometry":{"type":"LineString","coordinates":[[17.0872374,51.1145822],[17.087198,51.114565],[17.0871849,51.1145614],[17.0871718,51.1145578],[17.0871587,51.1145542],[17.0871456,51.1145506],[17.0871324,51.114547],[17.0871193,51.1145434],[17.0871062,51.1145398],[17.0870931,51.1145362],[17.08708,51.1145326],[17.0870432,51.1145225],[17.0870329,51.11451],[17.0870384,51.1145018],[17.0870438,51.1144936],[17.0870492,51.1144855],[17.0870547,51.1144773],[17.0870601,51.1144691],[17.0870655,51.1144609],[17.0870709,51.1144527],[17.0870764,51.1144445],[17.0870818,51.1144363],[17.0870872,51.1144281],[17.0870927,51.11442],[17.0870981,51.1144118],[17.0871035,51.1144036],[17.087109,51.1143954],[17.0871144,51.1143872],[17.0871198,51.114379],[17.0871252,51.1143708],[17.0871307,51.1143627],[17.0871361,51.1143545],[17.0871415,51.1143463],[17.087147,51.1143381],[17.0871524,51.1143299],[17.0871578,51.1143217],[17.0871633,51.1143135],[17.0871687,51.1143053],[17.0871741,51.1142972],[17.0871795,51.114289],[17.087185,51.1142808],[17.0871904,51.1142726],[17.0871958,51.1142644],[17.0872013,51.1142562],[17.0872067,51.114248],[17.0872121,51.1142398],[17.0872176,51.1142317],[17.087223,51.1142235],[17.0872284,51.1142153],[17.0872338,51.1142071],[17.0872393,51.1141989],[17.0872447,51.1141907],[17.0872501,51.1141825],[17.0872556,51.1141744],[17.087261,51.1141662],[17.0872664,51.114158],[17.0872719,51.1141498],[17.0872773,51.1141416],[17.0872827,51.1141334],[17.0872881,51.1141252],[17.0872936,51.114117],[17.087299,51.1141089],[17.0873105,51.1140768]]}},{"type":"Feature","properties":{"layer":"roads"},"geometry":{"type":"LineString","coordinates":[[17.0872374,51.1145822],[17.0872246,51.1146108],[17.0872181,51.1146186],[17.0872116,51.1146265],[17.0872051,51.1146343],[17.0871987,51.1146422],[17.0871922,51.11465],[17.0871857,51.1146579],[17.0871792,51.1146657],[17.0871727,51.1146736],[17.0871663,51.1146814],[17.0871598,51.1146892],[17.0871533,51.1146971],[17.0871468,51.1147049],[17.0871403,51.1147128],[17.0871339,51.1147206],[17.0871274,51.1147285],[17.0871209,51.1147363],[17.0871144,51.1147442],[17.087108,51.114752],[17.0871015,51.1147599],[17.087095,51.1147677],[17.0870885,51.1147756],[17.087082,51.1147834],[17.0870756,51.1147912],[17.0870691,51.1147991],[17.0870626,51.1148069],[17.0870561,51.1148148],[17.0870496,51.1148226],[17.0870432,51.1148305],[17.0870367,51.1148383],[17.0870302,51.1148462],[17.0870237,51.114854],[17.0870172,51.1148619],[17.0870108,51.1148697],[17.0870043,51.1148776],[17.0869996,51.1149061]]}},{"type":"Feature","properties":{"layer":"roads"},"geometry":{"type":"LineString","coordinates":[[17.0796234,51.1139931],[17.0796574,51.1139569],[17.0796641,51.1139491],[17.0796709,51.1139413],[17.0796776,51.1139336],[17.0796844,51.1139258],[17.0796911,51.1139181],[17.0796979,51.1139103],[17.0797046,51.1139025],[17.0797114,51.1138948],[17.0797181,51.113887],[17.0797249,51.1138793],[17.0797316,51.1138715],[17.0797391,51.1138639],[17.0797466,51.1138563],[17.0797541,51.1138488],[17.0797616,51.1138412],[17.079769,51.1138336],[17.0797765,51.113826],[17.079784,51.1138185],[17.0797915,51.1138109],[17.079799,51.1138033],[17.0798055,51.1137957],[17.0798274,51.1137596]]}},{"type":"Feature","properties":{"layer":"roads"},"geometry":{"type":"LineString","coordinates":[[17.0821008,51.1136311],[17.082069,51.1136961],[17.0820686,51.113705],[17.0820682,51.1137139],[17.0820679,51.1137228],[17.0820675,51.1137317],[17.0820672,51.1137406],[17.0820668,51.1137496],[17.0820664,51.1137585],[17.0820661,51.1137674],[17.0820657,51.1137763],[17.0820653,51.1137852],[17.082065,51.1137941],[17.0820646,51.113803],[17.0820643,51.1138119],[17.0820639,51.1138208],[17.0820635,51.1138297],[17.0820632,51.1138386],[17.0820628,51.1138475],[17.0820625,51.1138564],[17.0820621,51.1138653],[17.0820617,51.1138742],[17.0820614,51.1138831],[17.082061,51.113892],[17.0820606,51.113901],[17.0820603,51.1139099],[17.0820599,51.1139188],[17.0820596,51.1139277],[17.0820592,51.1139366],[17.0820588,51.1139455],[17.0820585,51.1139544],[17.0820581,51.1139633],[17.0820578,51.1139722],[17.0820574,51.1139811],[17.0820567,51.1139898],[17.0820559,51.1139985],[17.0820552,51.1140072],[17.0820545,51.1140159],[17.0820537,51.1140247],[17.082053,51.1140334],[17.0820523,51.1140421],[17.0820515,51.1140508],[17.0820508,51.1140595],[17.0820501,51.1140682],[17.0820494,51.1140769],[17.0820486,51.1140856],[17.0820479,51.1140944],[17.0820472,51.1141031],[17.0820464,51.1141118],[17.0820457,51.1141205],[17.0820419,51.1141281],[17.0820381,51.1141357],[17.0820343,51.1141432],[17.0820304,51.1141508],[17.0820433,51.1141864]]}},{"type":"Feature","properties":{"layer":"roads"},"geometry":{"type":"LineString","coordinates":[[17.0821948,51.1080116],[17.0822436,51.1080087],[17.0822562,51.1080047],[17.0822689,51.1080006],[17.0822815,51.1079966],[17.0822941,51.1079926],[17.0823068,51.1079885],[17.0823194,51.1079845],[17.082332,51.1079804],[17.0823447,51.1079764],[17.0823573,51.1079724],[17.08237,51.1079683],[17.0823826,51.1079643],[17.0823922,51.1079583],[17.0824017,51.1079524],[17.0824113,51.1079465],[17.0824208,51.1079405],[17.0824304,51.1079345],[17.08244,51.1079286],[17.0824495,51.1079226],[17.0824591,51.1079167],[17.0824686,51.1079108],[17.0824782,51.1079048],[17.0824872,51.1078986],[17.0824962,51.1078924],[17.0825053,51.1078862],[17.0825143,51.10788],[17.0825233,51.1078739],[17.0825323,51.1078677],[17.0825414,51.1078615],[17.0825504,51.1078553],[17.0825594,51.1078491],[17.0825668,51.1078421],[17.0825742,51.1078352],[17.0825816,51.1078282],[17.082589,51.1078213],[17.0825964,51.1078143],[17.0826038,51.1078073],[17.0826112,51.1078004],[17.0826186,51.1077934],[17.082626,51.1077865],[17.0826334,51.1077795],[17.0826412,51.1077723],[17.082649,51.107765],[17.0826568,51.1077578],[17.0826646,51.1077506],[17.0826725,51.1077433],[17.0826803,51.1077361],[17.0826881,51.1077289],[17.0826959,51.1077216],[17.0827037,51.1077144],[17.0827091,51.1077062],[17.0827146,51.107698],[17.08272,51.1076897],[17.0827254,51.1076815],[17.0827309,51.1076733],[17.0827363,51.1076651],[17.0827418,51.1076569],[17.0827472,51.1076487],[17.0827526,51.1076404],[17.0827581,51.1076322],[17.0827635,51.107624],[17.0827662,51.1076153],[17.082769,51.1076066],[17.0827717,51.1075979],[17.0827745,51.1075893],[17.0827772,51.1075806],[17.08278,51.1075719],[17.0827827,51.1075632],[17.0827855,51.1075545],[17.0827859,51.1075463],[17.0827863,51.107538],[17.0827866,51.1075298],[17.082787,51.1075216],[17.0827874,51.1075133],[17.0827878,51.1075051],[17.0827881,51.1074969],[17.0827885,51.1074886],[17.0827889,51.1074804],[17.0827865,51.1074722],[17.0827841,51.107464],[17.0827816,51.1074559],[17.0827792,51.1074477],[17.0827768,51.1074395],[17.0827744,51.1074313],[17.082772,51.1074231],[17.0827695,51.107415],[17.0827671,51.1074068],[17.0827647,51.1073986],[17.0827614,51.1073902],[17.0827582,51.1073819],[17.0827683,51.1073529]]}},{"type":"Feature","properties":{"layer":"roads"},"geometry":{"type":"LineString","coordinates":[[17.0821948,51.1080116],[17.0821861,51.1079847],[17.0821873,51.1079758],[17.0821884,51.107967],[17.0821896,51.1079581],[17.0821907,51.1079493],[17.0821919,51.1079404],[17.082193,51.1079316],[17.0821941,51.1079227],[17.0821953,51.1079139],[17.0821964,51.107905],[17.0821976,51.1078962],[17.0821987,51.1078873],[17.0821999,51.1078785],[17.082201,51.1078696],[17.0822022,51.1078608],[17.0822033,51.1078519],[17.0822045,51.1078431],[17.0822056,51.1078342],[17.0822067,51.1078254],[17.0822079,51.1078165],[17.082209,51.1078077],[17.0822102,51.1077988],[17.0822113,51.10779],[17.0822125,51.1077811],[17.0822136,51.1077723],[17.0822148,51.1077634],[17.0822159,51.1077546],[17.0822171,51.1077457],[17.0822182,51.1077369],[17.0822176,51.1077282],[17.0822171,51.1077196],[17.0822165,51.1077109],[17.0822159,51.1077022],[17.0822154,51.1076935],[17.0822148,51.1076849],[17.0822142,51.1076762],[17.0822137,51.1076675],[17.0822131,51.1076589],[17.0822125,51.1076502],[17.082212,51.1076415],[17.0822114,51.1076328],[17.0822108,51.1076242],[17.0822102,51.1076155],[17.0822097,51.1076068],[17.0822091,51.1075982],[17.0822085,51.1075895],[17.082208,51.1075808],[17.0822074,51.1075721],[17.0822068,51.1075635],[17.0822063,51.1075548],[17.0822057,51.1075461],[17.0822051,51.1075375],[17.0822046,51.1075288],[17.082204,51.1075201],[17.0822034,51.1075114],[17.0822029,51.1075028],[17.0822023,51.1074941],[17.0822013,51.1074857],[17.0822004,51.1074773],[17.0821994,51.1074689],[17.0821985,51.1074606],[17.0821975,51.1074522],[17.0821965,51.1074438],[17.0821956,51.1074354],[17.0821946,51.107427],[17.0821937,51.1074186],[17.0821927,51.1074103],[17.0821918,51.1074019],[17.0821908,51.1073935],[17.0821908,51.1073852],[17.0821908,51.1073768],[17.0821908,51.1073685],[17.0821908,51.1073602],[17.0821908,51.1073518],[17.0821908,51.1073435],[17.0821859,51.1073359],[17.0821807,51.1073184],[17.0821801,51.1072798],[17.0821775,51.107261],[17.0821751,51.1072521],[17.0821726,51.1072433],[17.0821702,51.1072345],[17.0821678,51.1072257],[17.0821654,51.1072168],[17.082163,51.107208],[17.0821606,51.1071992],[17.0821581,51.1071903],[17.0821557,51.1071815],[17.0821533,51.1071727],[17.0821509,51.1071638],[17.0821485,51.107155],[17.0821461,51.1071462],[17.0821436,51.1071374],[17.0821412,51.1071285],[17.0821388,51.1071197],[17.0821382,51.1071111],[17.0821375,51.1071025],[17.0821369,51.1070939],[17.0821363,51.1070853],[17.0821356,51.1070766],[17.082135,51.107068],[17.0821413,51.1070349]]}},{"type":"Feature","properties":{"layer":"roads"},"geometry":{"type":"LineString","coordinates":[[17.0827683,51.1073529],[17.082728,51.1073258],[17.0826964,51.1073082],[17.0826859,51.1073023],[17.0826754,51.1072964],[17.0826649,51.1072906],[17.0826544,51.1072847],[17.0826438,51.1072788],[17.0826333,51.1072729],[17.0826228,51.1072671],[17.0826123,51.1072612],[17.0826018,51.1072553],[17.0825912,51.1072494],[17.0825807,51.1072435],[17.0825702,51.1072377],[17.0825597,51.1072318],[17.0825492,51.1072259],[17.0825386,51.10722],[17.0825281,51.1072142],[17.0825176,51.1072083],[17.0825071,51.1072024],[17.0824966,51.1071965],[17.0824861,51.1071907],[17.0824755,51.1071848],[17.082465,51.1071789],[17.0824545,51.107173],[17.082444,51.1071672],[17.0824335,51.1071613],[17.0824229,51.1071554],[17.0824124,51.1071495],[17.0824019,51.1071436],[17.0823914,51.1071378],[17.0823809,51.1071319],[17.0823703,51.107126],[17.0823598,51.1071201],[17.0823493,51.1071143],[17.0823388,51.1071084],[17.0823283,51.1071025],[17.0823178,51.1070966],[17.0823072,51.1070908],[17.0822967,51.1070849],[17.0822862,51.107079],[17.0822734,51.1070752],[17.0822606,51.1070714],[17.0822478,51.1070676],[17.082235,51.1070639],[17.0822222,51.1070601],[17.0822093,51.1070563],[17.0821965,51.1070525],[17.0821413,51.1070349]]}},{"type":"Feature","properties":{"layer":"roads"},"geometry":{"type":"LineString","coordinates":[[17.0817327,51.1097565],[17.0816689,51.1097605],[17.0816546,51.1097606],[17.0816403,51.1097607],[17.081626,51.1097608],[17.0816117,51.1097608],[17.0815974,51.1097609],[17.0815831,51.109761],[17.0815688,51.1097611],[17.0815545,51.1097612],[17.0815402,51.1097612],[17.0815259,51.1097613],[17.0815116,51.1097614],[17.0814973,51.1097615],[17.081483,51.1097616],[17.0814686,51.1097616],[17.0814543,51.1097617],[17.08144,51.1097618],[17.0814257,51.1097619],[17.0814114,51.109762],[17.0813971,51.109762],[17.0813828,51.1097621],[17.0813685,51.1097622],[17.0813542,51.1097623],[17.0813399,51.1097624],[17.0813256,51.1097624],[17.0813113,51.1097625],[17.081297,51.1097626],[17.0812827,51.1097627],[17.0812294,51.109758]]}},{"type":"Feature","properties":{"layer":"roads"},"geometry":{"type":"LineString","coordinates":[[17.0877438,51.1078567],[17.0877502,51.1078971],[17.0877513,51.107906],[17.0877524,51.1079148],[17.0877535,51.1079237],[17.0877546,51.1079326],[17.0877557,51.1079414],[17.0877569,51.1079503],[17.087758,51.1079591],[17.0877591,51.107968],[17.0877602,51.1079768],[17.0877613,51.1079857],[17.0877624,51.1079946],[17.0877636,51.1080034],[17.0877647,51.1080123],[17.0877658,51.1080211],[17.0877669,51.10803],[17.087768,51.1080388],[17.0877691,51.1080477],[17.0877703,51.1080565],[17.0877714,51.1080654],[17.0877725,51.1080743],[17.0877736,51.1080831],[17.0877747,51.108092],[17.0877758,51.1081008],[17.087777,51.1081097],[17.0877781,51.1081185],[17.0877792,51.1081274],[17.0877819,51.1081362],[17.0877846,51.1081451],[17.0877872,51.1081539],[17.0877899,51.1081627],[17.0877926,51.1081715],[17.0877953,51.1081804],[17.087798,51.1081892],[17.0878006,51.108198],[17.0878033,51.1082068],[17.087806,51.1082157],[17.0878087,51.1082245],[17.0878114,51.1082333],[17.087814,51.1082422],[17.0878167,51.108251],[17.0878194,51.1082598],[17.0878221,51.1082686],[17.0878248,51.1082775],[17.0878275,51.1082863],[17.0878301,51.1082951],[17.0878328,51.1083039],[17.0878355,51.1083128],[17.0878382,51.1083216],[17.0878682,51.1083476]]}},{"type":"Feature","properties":{"layer":"roads"},"geometry":{"type":"LineString","coordinates":[[17.0877438,51.1078567],[17.0877423,51.1078265],[17.0877414,51.1078177],[17.0877406,51.1078089],[17.0877397,51.1078001],[17.0877388,51.1077913],[17.087738,51.1077826],[17.0877371,51.1077738],[17.0877363,51.107765],[17.0877354,51.1077562],[17.0877346,51.1077474],[17.0877337,51.1077386],[17.0877328,51.1077298],[17.087732,51.107721],[17.0877311,51.1077122],[17.0877303,51.1077034],[17.0877294,51.1076946],[17.0877285,51.1076858],[17.0877277,51.107677],[17.0877268,51.1076682],[17.087726,51.1076594],[17.0877251,51.1076506],[17.0877243,51.1076419],[17.0877234,51.1076331],[17.0877225,51.1076243],[17.0877217,51.1076155],[17.0877208,51.1076067],[17.08772,51.1075979],[17.0877191,51.1075891],[17.0877183,51.1075803],[17.0877174,51.1075715],[17.0877181,51.1075627],[17.0877187,51.1075539],[17.0877194,51.107545],[17.0877201,51.1075362],[17.0877207,51.1075274],[17.0877214,51.1075185],[17.0877221,51.1075097],[17.0877227,51.1075009],[17.0877234,51.1074921],[17.0877241,51.1074833],[17.0877248,51.1074744],[17.0877254,51.1074656],[17.0877274,51.1074391],[17.0877231,51.1074104]]}},{"type":"Feature","properties":{"layer":"roads"},"geometry":{"type":"LineString","coordinates":[[17.0877438,51.1078567],[17.0877991,51.1078493],[17.0878124,51.1078462],[17.0878257,51.1078431],[17.0878391,51.10784],[17.0878524,51.1078369],[17.0878657,51.1078338],[17.0878791,51.1078307],[17.0878924,51.1078276],[17.0879058,51.1078245],[17.0879191,51.1078214],[17.0879324,51.1078183],[17.0879458,51.1078152],[17.0879591,51.1078121],[17.0879724,51.107809],[17.0879858,51.1078059],[17.0879991,51.1078028],[17.0880125,51.1077997],[17.0880258,51.1077966],[17.0880391,51.1077935],[17.0880525,51.1077904],[17.0880658,51.1077874],[17.0880791,51.1077843],[17.0880925,51.1077812],[17.0881058,51.1077781],[17.0881192,51.107775],[17.0881325,51.1077719],[17.0881458,51.1077688],[17.0881592,51.1077657],[17.0881725,51.1077626],[17.0881858,51.1077595],[17.0881992,51.1077564],[17.0882125,51.1077533],[17.0882259,51.1077502],[17.0882392,51.1077471],[17.0882525,51.107744],[17.0882659,51.1077409],[17.0882792,51.1077378],[17.0882925,51.1077347],[17.0883059,51.1077316],[17.0883192,51.1077285],[17.0883326,51.1077254],[17.0883459,51.1077223],[17.0883592,51.1077192],[17.0883726,51.1077161],[17.0883859,51.107713],[17.0883992,51.1077099],[17.0884126,51.1077068],[17.0884259,51.1077037],[17.0884393,51.1077006],[17.0884526,51.1076975],[17.0884659,51.1076944],[17.0884793,51.1076913],[17.0884926,51.1076882],[17.0885059,51.1076851],[17.0885193,51.107682],[17.0885326,51.1076789],[17.088546,51.1076758],[17.0885593,51.1076727],[17.0885726,51.1076696],[17.088586,51.1076665],[17.0885993,51.1076634],[17.0886126,51.1076603],[17.088626,51.1076572],[17.0886393,51.1076541],[17.0886527,51.107651],[17.088666,51.1076479],[17.0886793,51.1076448],[17.0886927,51.1076417],[17.088706,51.1076386],[17.0887193,51.1076356],[17.0887327,51.1076325],[17.088746,51.1076294],[17.0887594,51.1076263],[17.0887727,51.1076232],[17.088786,51.1076201],[17.0887994,51.107617],[17.0888127,51.1076139],[17.088826,51.1076108],[17.0888394,51.1076077],[17.0888527,51.1076046],[17.0888661,51.1076015],[17.0888794,51.1075984],[17.0888927,51.1075953],[17.0889061,51.1075922],[17.0889194,51.1075891],[17.0889327,51.107586],[17.0889461,51.1075829],[17.0889594,51.1075798],[17.0890096,51.1075846]]}},{"type":"Feature","properties":{"layer":"roads"},"geometry":{"type":"LineString","coordinates":[[17.0890096,51.1075846],[17.0890283,51.1075556],[17.0890349,51.1075293],[17.0890371,51.1075206],[17.0890393,51.1075118],[17.0890415,51.1075031],[17.0890437,51.1074943],[17.0890459,51.1074856],[17.0890481,51.1074768],[17.0890503,51.1074681],[17.0890525,51.1074593],[17.0890547,51.1074506],[17.0890569,51.1074418],[17.0890591,51.1074331],[17.0890613,51.1074243],[17.0890635,51.1074156],[17.0890657,51.1074068],[17.0890679,51.1073981],[17.0890701,51.1073893],[17.0890723,51.1073806],[17.0890745,51.1073718],[17.0890767,51.1073631],[17.0890779,51.1073543],[17.0890791,51.1073456],[17.0890804,51.1073368],[17.0890816,51.107328],[17.0890828,51.1073193],[17.089084,51.1073105],[17.0890852,51.1073018],[17.0890865,51.107293],[17.0890877,51.1072842],[17.0890889,51.1072755],[17.0890901,51.1072667],[17.0890914,51.1072579],[17.0890926,51.1072492],[17.0890938,51.1072404],[17.089095,51.1072316],[17.0890962,51.1072229],[17.0890975,51.1072141],[17.0890987,51.1072054],[17.0890999,51.1071966],[17.0891011,51.1071878],[17.0891023,51.1071791],[17.0891036,51.1071703],[17.0891048,51.1071615],[17.089106,51.1071528],[17.0891072,51.107144],[17.0891085,51.1071352],[17.0891097,51.1071265],[17.0891109,51.1071177],[17.0891121,51.107109],[17.0891133,51.1071002],[17.0891146,51.1070914],[17.0891158,51.1070827],[17.089117,51.1070739],[17.0891164,51.1070651],[17.0891159,51.1070563],[17.0891153,51.1070475],[17.0891147,51.1070387],[17.0891141,51.1070299],[17.0891136,51.1070212],[17.089113,51.1070124],[17.0891124,51.1070036],[17.0891118,51.1069948],[17.0891113,51.106986],[17.0891107,51.1069772],[17.0891101,51.1069684],[17.0891095,51.1069596],[17.089109,51.1069508],[17.0891084,51.106942],[17.0891078,51.1069332],[17.0891072,51.1069244],[17.0891067,51.1069157],[17.0891061,51.1069069],[17.0891055,51.1068981],[17.0891049,51.1068893],[17.0891044,51.1068805],[17.0891038,51.1068717],[17.0891028,51.1068631],[17.0891018,51.1068545],[17.0891008,51.1068459],[17.0890998,51.1068373],[17.0890989,51.1068287],[17.0890979,51.1068201],[17.0890969,51.1068115],[17.0890959,51.1068029],[17.0890929,51.1067644]]}},{"type":"Feature","properties":{"layer":"roads"},"geometry":{"type":"LineString","coordinates":[[17.0870194,51.1064959],[17.0869675,51.1064858],[17.0869539,51.1064843],[17.0869403,51.1064829],[17.0869267,51.1064814],[17.0869132,51.10648],[17.0868996,51.1064785],[17.086886,51.1064771],[17.0868724,51.1064756],[17.0868588,51.1064742],[17.0868452,51.1064727],[17.0868317,51.1064713],[17.0868181,51.1064698],[17.0868045,51.1064684],[17.0867909,51.1064669],[17.0867773,51.1064655],[17.0867637,51.106464],[17.0867502,51.1064626],[17.0867031,51.1064647]]}},{"type":"Feature","properties":{"layer":"roads"},"geometry":{"type":"LineString","coordinates":[[17.0870194,51.1064959],[17.0869835,51.1065221],[17.0869732,51.1065279],[17.0869628,51.1065337],[17.0869524,51.1065395],[17.0869453,51.1065464],[17.0869381,51.1065533],[17.086931,51.1065602],[17.0869239,51.1065671],[17.0869168,51.1065739],[17.0869096,51.1065808],[17.0869025,51.1065877],[17.0868954,51.1065946],[17.0868882,51.1066015],[17.0868811,51.1066084],[17.0868769,51.1066166],[17.0868727,51.1066248],[17.0868685,51.106633],[17.0868642,51.1066413],[17.08686,51.1066495],[17.0868558,51.1066577],[17.0868516,51.1066659],[17.0868474,51.1066741],[17.0868216,51.1066959]]}},{"type":"Feature","properties":{"layer":"roads"},"geometry":{"type":"LineString","coordinates":[[17.0870194,51.1064959],[17.0870712,51.1064843],[17.0870831,51.1064814],[17.087095,51.1064785],[17.087107,51.1064756],[17.0871189,51.1064727],[17.0871322,51.1064705],[17.0871456,51.1064683],[17.0871589,51.1064661],[17.0871723,51.106464],[17.0871856,51.1064618],[17.087199,51.1064596],[17.0872123,51.1064574],[17.0872256,51.1064552],[17.087239,51.106453],[17.0872523,51.1064509],[17.0872657,51.1064487],[17.087279,51.1064465],[17.0872921,51.1064476],[17.0873052,51.1064488],[17.0873182,51.1064499],[17.0873313,51.1064511],[17.0873444,51.1064522],[17.0873575,51.1064533],[17.0873706,51.1064545],[17.0873836,51.1064556],[17.0873967,51.1064568],[17.0874098,51.1064579],[17.0874225,51.1064613],[17.0874352,51.1064648],[17.0874479,51.1064682],[17.0874606,51.1064716],[17.0874734,51.1064751],[17.0874861,51.1064785],[17.0874988,51.1064819],[17.0875115,51.1064854],[17.0875242,51.1064888],[17.0875366,51.1064924],[17.0875491,51.106496],[17.0875615,51.1064995],[17.087574,51.1065031],[17.0875864,51.1065067],[17.0875988,51.1065102],[17.0876113,51.1065138],[17.0876237,51.1065174],[17.0876362,51.106521],[17.0876486,51.1065245],[17.0876611,51.1065281],[17.0876735,51.1065317],[17.0876847,51.1065338],[17.0876959,51.1065358],[17.0877071,51.1065379],[17.0877205,51.1065396],[17.0877338,51.1065413],[17.0877472,51.1065431],[17.0877606,51.1065448],[17.0877739,51.1065465],[17.0877873,51.1065482],[17.0878007,51.1065499],[17.087814,51.1065516],[17.0878274,51.1065534],[17.0878407,51.1065551],[17.0878541,51.1065568],[17.0878675,51.1065585],[17.0878808,51.1065602],[17.0878942,51.1065619],[17.0879076,51.1065637],[17.0879209,51.1065654],[17.0879343,51.1065671],[17.0879479,51.1065671],[17.0879616,51.1065672],[17.0879752,51.1065672],[17.0879889,51.1065672],[17.0880025,51.1065672],[17.0880162,51.1065673],[17.0880298,51.1065673],[17.0880434,51.1065673],[17.0880571,51.1065674],[17.0880707,51.1065674],[17.0880844,51.1065674],[17.088098,51.1065674],[17.0881117,51.1065675],[17.0881253,51.1065675],[17.0881385,51.1065655],[17.0881517,51.1065635],[17.0881649,51.1065614],[17.0881781,51.1065594],[17.0881912,51.1065574],[17.0882044,51.1065554],[17.0882176,51.1065534],[17.0882308,51.1065514],[17.088244,51.1065493],[17.0882572,51.1065473],[17.0883002,51.1065528]]}},{"type":"Feature","properties":{"layer":"roads"},"geometry":{"type":"LineString","coordinates":[[17.0883002,51.1065528],[17.0883453,51.1065291],[17.0883723,51.1065107],[17.0883813,51.1065045],[17.0883904,51.1064984],[17.0883994,51.1064923],[17.0884084,51.1064861],[17.0884354,51.1064677],[17.0884857,51.1064498]]}},{"type":"Feature","properties":{"layer":"roads"},"geometry":{"type":"LineString","coordinates":[[17.0883002,51.1065528],[17.0882872,51.1065789],[17.088279,51.1065862],[17.0882709,51.1065935],[17.0882627,51.1066008],[17.0882545,51.1066081],[17.0882463,51.1066153],[17.0882381,51.1066226],[17.08823,51.1066299],[17.0882218,51.1066372],[17.0882136,51.1066445],[17.0882054,51.1066518],[17.0881972,51.1066591],[17.0881891,51.1066663],[17.0881809,51.1066736],[17.0881727,51.1066809],[17.0881645,51.1066882],[17.0881563,51.1066955],[17.0881482,51.1067028],[17.08814,51.1067101],[17.0881318,51.1067173],[17.0881236,51.1067246],[17.0881154,51.1067319],[17.0881073,51.1067392],[17.0880991,51.1067465],[17.0880909,51.1067538],[17.0880827,51.106761],[17.0880745,51.1067683],[17.0880664,51.1067756],[17.0880582,51.1067829],[17.08805,51.1067902],[17.0880418,51.1067975],[17.0880336,51.1068048],[17.0880255,51.106812],[17.0880173,51.1068193],[17.0880091,51.1068266],[17.0880009,51.1068339],[17.0879927,51.1068412],[17.0879846,51.1068485],[17.0879764,51.1068558],[17.0879682,51.106863],[17.08796,51.1068703],[17.0879518,51.1068776],[17.0879437,51.1068849],[17.0879355,51.1068922],[17.0879273,51.1068995],[17.0879191,51.1069068],[17.0878632,51.1069405]]}},{"type":"Feature","properties":{"layer":"roads"},"geometry":{"type":"LineString","coordinates":[[17.0833298,51.1162526],[17.0832763,51.1162681],[17.0832629,51.1162707],[17.0832494,51.1162733],[17.083236,51.1162758],[17.0832225,51.1162784],[17.0832091,51.116281],[17.0831956,51.1162836],[17.0831822,51.1162862],[17.0831687,51.1162888],[17.0831553,51.1162914],[17.0831419,51.116294],[17.0831284,51.1162966],[17.083115,51.1162992],[17.0831015,51.1163018],[17.0830881,51.1163044],[17.0830746,51.116307],[17.0830612,51.1163095],[17.0830477,51.1163121],[17.0830343,51.1163147],[17.0830208,51.1163173],[17.0830074,51.1163199],[17.0829939,51.1163225],[17.0829805,51.1163251],[17.0829671,51.116328],[17.0829537,51.1163309],[17.0829403,51.1163337],[17.0829269,51.1163366],[17.0829135,51.1163395],[17.0829001,51.1163424],[17.0828867,51.1163453],[17.0828733,51.1163482],[17.0828598,51.116351],[17.0828464,51.1163539],[17.082833,51.1163568],[17.0828196,51.1163597],[17.0828062,51.1163626],[17.0827928,51.1163654],[17.0827794,51.1163683],[17.082766,51.1163712],[17.0827526,51.1163741],[17.0827392,51.116377],[17.0827258,51.1163798],[17.0827124,51.1163827],[17.082699,51.1163856],[17.0826856,51.1163885],[17.0826722,51.1163914],[17.0826588,51.1163942],[17.0826453,51.1163971],[17.0826319,51.1164],[17.0826185,51.1164029],[17.0826051,51.1164058],[17.0825917,51.1164087],[17.0825783,51.1164115],[17.0825649,51.1164144],[17.0825515,51.1164173],[17.0825417,51.1164226],[17.0825319,51.1164279],[17.0825221,51.1164332],[17.0825124,51.1164385],[17.0824828,51.1164716]]}},{"type":"Feature","properties":{"layer":"roads"},"geometry":{"type":"LineString","coordinates":[[17.085861,51.109124],[17.0858124,51.1091371],[17.0857988,51.1091382],[17.0857851,51.1091394],[17.0857714,51.1091405],[17.0857577,51.1091416],[17.085744,51.1091427],[17.0857303,51.1091438],[17.0857167,51.1091449],[17.085703,51.109146],[17.0856893,51.1091471],[17.0856756,51.1091482],[17.0856619,51.1091494],[17.0856482,51.1091505],[17.0856346,51.1091516],[17.0856209,51.1091527],[17.0856072,51.1091538],[17.0855939,51.1091553],[17.0855806,51.1091567],[17.0855673,51.1091582],[17.085554,51.1091596],[17.0855408,51.1091611],[17.0855275,51.1091626],[17.0855142,51.109164],[17.0855009,51.1091655],[17.0854876,51.1091669],[17.0854743,51.1091684],[17.085461,51.1091698],[17.0854477,51.1091713],[17.0854345,51.1091728],[17.0854212,51.1091742],[17.0854079,51.1091757],[17.0853946,51.1091771],[17.0853813,51.1091786],[17.0853682,51.1091804],[17.0853551,51.1091823],[17.085342,51.1091841],[17.0853289,51.109186],[17.0853158,51.1091878],[17.0853027,51.1091896],[17.0852503,51.109197]]}},{"type":"Feature","properties":{"layer":"roads"},"geometry":{"type":"LineString","coordinates":[[17.085861,51.109124],[17.0859589,51.1091571]]}},{"type":"Feature","properties":{"layer":"roads"},"geometry":{"type":"LineString","coordinates":[[17.085861,51.109124],[17.085834,51.1090987],[17.0858225,51.1090936],[17.085811,51.1090885],[17.0857995,51.1090833],[17.085788,51.1090782],[17.0857765,51.1090731],[17.0857649,51.1090679],[17.0857534,51.1090628],[17.0857419,51.1090577],[17.0857304,51.1090525],[17.0857189,51.1090474],[17.0857074,51.1090423],[17.0856959,51.1090371],[17.0856844,51.109032],[17.0856729,51.1090269],[17.0856614,51.1090217],[17.0856499,51.1090166],[17.0856397,51.1090105],[17.0856294,51.1090045],[17.0856192,51.1089984],[17.085609,51.1089924],[17.0855988,51.1089863],[17.0855885,51.1089802],[17.0855783,51.1089742],[17.0855681,51.1089681],[17.0855579,51.1089621],[17.0855476,51.108956],[17.0855374,51.1089499],[17.0855272,51.1089439],[17.0855169,51.1089378],[17.0855067,51.1089318],[17.0854965,51.1089257],[17.0854863,51.1089197],[17.085476,51.1089136],[17.0854658,51.1089075],[17.0854556,51.1089015],[17.0854454,51.1088954],[17.0854351,51.1088894],[17.0854249,51.1088833],[17.0854169,51.1088761],[17.0854089,51.1088689],[17.0854009,51.1088618],[17.0853928,51.1088546],[17.0853848,51.1088474],[17.0853768,51.1088402],[17.0853688,51.108833],[17.0853608,51.1088258],[17.0853528,51.1088187],[17.0853448,51.1088115],[17.0853367,51.1088043],[17.0853287,51.1087971],[17.0853207,51.1087899],[17.0853127,51.1087828],[17.0853047,51.1087756],[17.0852967,51.1087684],[17.0852887,51.1087612],[17.0852806,51.108754],[17.0852726,51.1087468],[17.0852646,51.1087397],[17.0852566,51.1087325],[17.0852486,51.1087253],[17.0852406,51.1087181],[17.0852326,51.1087109],[17.0852245,51.1087037],[17.0852165,51.1086966],[17.0852085,51.1086894],[17.0852005,51.1086822],[17.085189,51.1086774],[17.0851776,51.1086726],[17.0851661,51.1086678],[17.0851547,51.108663],[17.0851432,51.1086582],[17.0851318,51.1086534],[17.0851203,51.1086486],[17.0851089,51.1086439],[17.0850974,51.1086391],[17.085086,51.1086343],[17.0850745,51.1086295],[17.0850631,51.1086247],[17.0850516,51.1086199],[17.0850402,51.1086151],[17.0850287,51.1086103],[17.0850152,51.1086083],[17.0850017,51.1086063],[17.0849882,51.1086043],[17.0849748,51.1086024],[17.0849613,51.1086004],[17.0849478,51.1085984],[17.0849343,51.1085964],[17.084908,51.108589],[17.0848781,51.1085764],[17.0848674,51.1085719],[17.0848567,51.1085674],[17.0848204,51.1085881]]}},{"type":"Feature","properties":{"layer":"roads"},"geometry":{"type":"LineString","coordinates":[[17.0790656,51.1179348],[17.0790704,51.1179029],[17.0790697,51.1178948],[17.0790582,51.1178617]]}},{"type":"Feature","properties":{"layer":"roads"},"geometry":{"type":"LineString","coordinates":[[17.0790656,51.1179348],[17.0790167,51.1179171],[17.0790054,51.1179118],[17.078994,51.1179064],[17.0789648,51.1178863]]}},{"type":"Feature","properties":{"layer":"roads"},"geometry":{"type":"LineString","coordinates":[[17.0812294,51.109758],[17.0812495,51.1097309],[17.0812556,51.1097229],[17.0812616,51.1097148],[17.0812676,51.1097068],[17.0812736,51.1096988],[17.0812796,51.1096907],[17.0812856,51.1096827],[17.0812916,51.1096747],[17.0812976,51.1096667],[17.0813036,51.1096586],[17.0813097,51.1096506],[17.0813157,51.1096426],[17.0813217,51.1096345],[17.0813277,51.1096265],[17.0813337,51.1096185],[17.0813397,51.1096105],[17.0813457,51.1096024],[17.0813517,51.1095944],[17.0813578,51.1095864],[17.0813638,51.1095783],[17.0813698,51.1095703],[17.0813758,51.1095623],[17.0813818,51.1095543],[17.0813878,51.1095462],[17.0813938,51.1095382],[17.0813998,51.1095302],[17.0814058,51.1095221],[17.0814119,51.1095141],[17.0814179,51.1095061],[17.0814325,51.1094742]]}},{"type":"Feature","properties":{"layer":"roads"},"geometry":{"type":"LineString","coordinates":[[17.0812294,51.109758],[17.0812064,51.1097869],[17.0812001,51.1097949],[17.0811937,51.1098029],[17.0811873,51.1098109],[17.081181,51.1098189],[17.0811746,51.1098268],[17.0811683,51.1098348],[17.0811619,51.1098428],[17.0811568,51.1098508],[17.0811517,51.1098588],[17.0811466,51.1098668],[17.0811415,51.1098747],[17.0811364,51.1098827],[17.0811312,51.1098907],[17.0811261,51.1098987],[17.081121,51.1099067],[17.0811159,51.1099147],[17.0811108,51.1099227],[17.0811057,51.1099307],[17.0811006,51.1099386],[17.0810955,51.1099466],[17.0810904,51.1099546],[17.0810853,51.1099626],[17.0810802,51.1099706],[17.0810751,51.1099786],[17.0810699,51.1099866],[17.0810648,51.1099946],[17.0810597,51.1100025],[17.0810546,51.1100105],[17.0810495,51.1100185],[17.0810444,51.1100265],[17.0810407,51.1100347],[17.081037,51.1100429],[17.0810333,51.1100511],[17.0810297,51.1100593],[17.081026,51.1100675],[17.0810223,51.1100758],[17.0810186,51.110084],[17.0810149,51.1100922],[17.0810112,51.1101004],[17.0810076,51.1101086],[17.0810039,51.1101168],[17.0810002,51.110125],[17.0809971,51.1101336],[17.0809941,51.1101423],[17.080991,51.1101509],[17.0809879,51.1101595],[17.0809849,51.1101682],[17.0809818,51.1101768],[17.0809787,51.1101854],[17.0809757,51.1101941],[17.0809726,51.1102027],[17.0809695,51.1102113],[17.0809664,51.11022],[17.0809634,51.1102286],[17.0809603,51.1102372],[17.0809572,51.1102458],[17.0809542,51.1102545],[17.0809511,51.1102631],[17.080948,51.1102717],[17.080945,51.1102804],[17.0809419,51.110289],[17.0809388,51.1102976],[17.0809358,51.1103063],[17.0809327,51.1103149],[17.0809299,51.1103234],[17.080927,51.1103319],[17.0809242,51.1103404],[17.0809214,51.1103489],[17.0809185,51.1103574],[17.0809157,51.1103659],[17.0809129,51.1103744],[17.0809101,51.1103829],[17.0809072,51.1103914],[17.0809044,51.1103999],[17.0809016,51.1104084],[17.0808987,51.1104169],[17.0808959,51.1104254],[17.0808931,51.1104339],[17.0808902,51.1104424],[17.0808874,51.1104509],[17.0808846,51.1104594],[17.0808817,51.1104679],[17.0808789,51.1104764],[17.0808761,51.1104849],[17.0808733,51.1104934],[17.0808704,51.1105019],[17.0808676,51.1105104],[17.0808648,51.1105189],[17.0808619,51.1105274],[17.0808562,51.110546],[17.0808493,51.1105695],[17.0808469,51.1105779],[17.0808444,51.1105864],[17.0808419,51.1105948],[17.0808395,51.1106032],[17.080837,51.1106116],[17.0808176,51.1106479]]}},{"type":"Feature","properties":{"layer":"roads"},"geometry":{"type":"LineString","coordinates":[[17.0801018,51.1162451],[17.0800903,51.1162725],[17.0800895,51.1162813],[17.0800887,51.1162901],[17.0800878,51.1162989],[17.080087,51.1163077],[17.0800861,51.1163164],[17.0800853,51.1163252],[17.0800844,51.116334],[17.0800836,51.1163428],[17.0800828,51.1163516],[17.0800889,51.1163801]]}},{"type":"Feature","properties":{"layer":"roads"},"geometry":{"type":"LineString","coordinates":[[17.0801018,51.1162451],[17.0801457,51.1162491],[17.0801587,51.116252],[17.0801716,51.1162549],[17.0801846,51.1162579],[17.0801976,51.1162608],[17.0802106,51.1162638],[17.0802236,51.1162667],[17.0802366,51.1162697],[17.0802496,51.1162726],[17.0802614,51.1162761],[17.0802732,51.1162795],[17.080285,51.116283],[17.0802968,51.1162865],[17.0803086,51.11629],[17.0803205,51.1162934],[17.0803656,51.1163123]]}},{"type":"Feature","properties":{"layer":"roads"},"geometry":{"type":"LineString","coordinates":[[17.0801018,51.1162451],[17.0800545,51.1162276],[17.0800415,51.1162243],[17.0800284,51.1162211],[17.0800154,51.1162178],[17.0800023,51.1162146],[17.0799893,51.1162113],[17.0799762,51.1162081],[17.0799632,51.1162048],[17.0799501,51.1162016],[17.079937,51.1161984],[17.079924,51.1161951],[17.0799109,51.1161919],[17.0798979,51.1161886],[17.0798848,51.1161854],[17.0798718,51.1161821],[17.0798587,51.1161789],[17.0798457,51.1161756],[17.0798326,51.1161724],[17.0798196,51.1161691],[17.0798065,51.1161659],[17.0797935,51.1161626],[17.0797804,51.1161594],[17.0797676,51.1161561],[17.0797547,51.1161528],[17.0797419,51.1161495],[17.0797291,51.1161462],[17.0797163,51.116143],[17.0797034,51.1161397],[17.0796906,51.1161364],[17.0796778,51.1161331],[17.079665,51.1161298],[17.0796521,51.1161265],[17.0796393,51.1161232],[17.0796265,51.1161199],[17.0796136,51.1161166],[17.0796008,51.1161133],[17.079588,51.1161101],[17.0795752,51.1161068],[17.0795623,51.1161035],[17.0795495,51.1161002],[17.0795367,51.1160969],[17.0795238,51.1160936],[17.079511,51.1160903],[17.0794982,51.116087],[17.0794854,51.1160837],[17.0794725,51.1160804],[17.0794597,51.1160772],[17.0794469,51.1160739],[17.0794341,51.1160706],[17.0794212,51.1160673],[17.0794084,51.116064],[17.0793951,51.1160609],[17.0793818,51.1160577],[17.0793685,51.1160546],[17.0793552,51.1160514],[17.0793419,51.1160483],[17.0793287,51.1160451],[17.0793154,51.116042],[17.0793021,51.1160388],[17.0792888,51.1160357],[17.0792755,51.1160325],[17.0792622,51.1160294],[17.079249,51.1160267],[17.0792358,51.116024],[17.0792226,51.1160212],[17.0792094,51.1160185],[17.0791962,51.1160158],[17.079183,51.1160131],[17.0791698,51.1160103],[17.0791566,51.1160076],[17.0791434,51.1160049],[17.0791302,51.1160022],[17.079117,51.1159994],[17.0791038,51.1159967],[17.0790906,51.115994],[17.0790774,51.1159913],[17.0790642,51.1159885],[17.079051,51.1159858],[17.0790378,51.1159831],[17.0790261,51.1159801],[17.0790145,51.1159772],[17.0790028,51.1159742],[17.0789911,51.1159712],[17.0789795,51.1159683],[17.0789678,51.1159653],[17.0789564,51.1159629],[17.0789451,51.1159606],[17.0789337,51.1159582],[17.0789223,51.1159558],[17.078911,51.1159535],[17.0788847,51.1159511],[17.0788243,51.1159427]]}},{"type":"Feature","properties":{"layer":"roads"},"geometry":{"type":"LineString","coordinates":[[17.0786618,51.1142429],[17.0786945,51.1142188],[17.0787038,51.114212],[17.0787132,51.1142052],[17.0787225,51.1141984],[17.0787349,51.1141946],[17.0787472,51.1141909],[17.0787596,51.1141871],[17.0787719,51.1141834],[17.0787843,51.1141796],[17.0787966,51.1141758],[17.078809,51.1141721],[17.0788213,51.1141683],[17.0788336,51.1141646],[17.078846,51.1141608],[17.0788584,51.1141571],[17.0788707,51.1141533],[17.0788831,51.1141495],[17.0788954,51.1141458],[17.0789077,51.114142],[17.0789201,51.1141383],[17.0789324,51.1141345],[17.0789448,51.1141307],[17.0789572,51.114127],[17.0789695,51.1141232],[17.0789819,51.1141195],[17.0789942,51.1141157],[17.0790071,51.1141129],[17.07902,51.1141101],[17.079033,51.1141072],[17.0790459,51.1141044],[17.0790588,51.1141016],[17.0790717,51.1140988],[17.0790846,51.114096],[17.0790976,51.1140931],[17.0791105,51.1140903],[17.0791234,51.1140875],[17.0791363,51.1140847],[17.0791493,51.1140818],[17.0791622,51.114079],[17.0791751,51.1140762],[17.079188,51.1140734],[17.0792009,51.1140706],[17.0792139,51.1140677],[17.0792268,51.1140649],[17.0792397,51.1140621],[17.0792527,51.1140596],[17.0792658,51.1140572],[17.0792788,51.1140547],[17.0792918,51.1140523],[17.0793049,51.1140498],[17.0793179,51.1140474],[17.0793309,51.1140449],[17.0793439,51.1140425],[17.079357,51.11404],[17.07937,51.1140376],[17.079383,51.1140351],[17.0793961,51.1140327],[17.0794091,51.1140302],[17.0794221,51.1140277],[17.0794351,51.1140252],[17.0794482,51.1140227],[17.0794612,51.1140202],[17.0794742,51.1140178],[17.0794872,51.1140153],[17.0795002,51.1140128],[17.0795132,51.1140103],[17.0795263,51.1140078],[17.0795393,51.1140053],[17.0795523,51.1140028],[17.0795653,51.1140003],[17.0796234,51.1139931]]}},{"type":"Feature","properties":{"layer":"roads"},"geometry":{"type":"LineString","coordinates":[[17.0786618,51.1142429],[17.0786774,51.1142792],[17.0786824,51.1142875],[17.0786875,51.1142958],[17.0786926,51.114304],[17.0786976,51.1143123],[17.0787027,51.1143206],[17.0787078,51.1143289],[17.0787128,51.1143372],[17.0787179,51.1143454],[17.0787229,51.1143537],[17.078728,51.114362],[17.0787331,51.1143703],[17.0787381,51.1143786],[17.0787432,51.1143868],[17.0787483,51.1143951],[17.0787533,51.1144034],[17.0787763,51.1144413]]}},{"type":"Feature","properties":{"layer":"roads"},"geometry":{"type":"LineString","coordinates":[[17.0836537,51.1075912],[17.0836983,51.1075965],[17.0837096,51.1076011],[17.0837208,51.1076057],[17.0837321,51.1076102],[17.0837433,51.1076148],[17.0837546,51.1076194],[17.0837656,51.1076251],[17.0837766,51.1076308],[17.0837875,51.1076366],[17.0837985,51.1076423],[17.0838095,51.107648],[17.0838205,51.1076537],[17.0838314,51.1076595],[17.0838424,51.1076652],[17.0838534,51.1076709],[17.0838644,51.1076766],[17.0838753,51.1076824],[17.0838863,51.1076881],[17.0838973,51.1076938],[17.083907,51.1077001],[17.0839168,51.1077064],[17.0839265,51.1077127],[17.0839362,51.1077189],[17.0839459,51.1077252],[17.0839557,51.1077315],[17.0839654,51.1077378],[17.0839751,51.1077441],[17.0839848,51.1077504],[17.0839945,51.1077567],[17.0840043,51.1077629],[17.084014,51.1077692],[17.0840237,51.1077755],[17.0840334,51.1077818],[17.0840432,51.1077881],[17.0840529,51.1077944],[17.0840626,51.1078007],[17.0840723,51.1078069],[17.0840821,51.1078132],[17.0840918,51.1078195],[17.0841015,51.1078258],[17.0841112,51.1078321],[17.084121,51.1078384],[17.0841307,51.1078447],[17.0841404,51.1078509],[17.0841501,51.1078572],[17.0841599,51.1078635],[17.0841696,51.1078698],[17.084178,51.1078767],[17.0841864,51.1078836],[17.0841948,51.1078905],[17.0842033,51.1078974],[17.0842117,51.1079043],[17.0842201,51.1079112],[17.0842285,51.1079181],[17.0842369,51.107925],[17.0842453,51.1079319],[17.0842537,51.1079388],[17.0842621,51.1079457],[17.0842706,51.1079526],[17.084279,51.1079595],[17.0842874,51.1079664],[17.0842958,51.1079733],[17.0843042,51.1079802],[17.0843126,51.1079871],[17.084321,51.107994],[17.0843294,51.1080009],[17.0843379,51.1080078],[17.0843463,51.1080147],[17.0843547,51.1080216],[17.0843631,51.1080285],[17.0843707,51.1080361],[17.0843783,51.1080437],[17.0843858,51.1080513],[17.0843934,51.1080589],[17.084401,51.1080665],[17.0844086,51.1080741],[17.0844162,51.1080817],[17.0844238,51.1080893],[17.0844313,51.108097],[17.0844389,51.1081046],[17.0844465,51.1081122],[17.0844541,51.1081198],[17.0844617,51.1081274],[17.0844693,51.108135],[17.0844949,51.1081614]]}},{"type":"Feature","properties":{"layer":"roads"},"geometry":{"type":"LineString","coordinates":[[17.0836537,51.1075912],[17.0836438,51.1076258],[17.0836441,51.1076345],[17.0836444,51.1076432],[17.0836447,51.1076519],[17.083645,51.1076606],[17.0836453,51.1076693],[17.0836455,51.1076779],[17.0836458,51.1076866],[17.0836461,51.1076953],[17.0836464,51.107704],[17.0836467,51.1077127],[17.083647,51.1077214],[17.0836473,51.1077301],[17.0836476,51.1077388],[17.0836479,51.1077475],[17.0836482,51.1077562],[17.0836485,51.1077649],[17.0836507,51.1077736],[17.0836528,51.1077823],[17.083655,51.1077909],[17.0836571,51.1077996],[17.0836593,51.1078083],[17.0836614,51.107817],[17.0836636,51.1078257],[17.0836658,51.1078344],[17.0836679,51.107843],[17.0836701,51.1078517],[17.0836722,51.1078604],[17.0836744,51.1078691],[17.0836804,51.1079185]]}},{"type":"Feature","properties":{"layer":"roads"},"geometry":{"type":"LineString","coordinates":[[17.0844949,51.1081614],[17.0844419,51.1081728],[17.0844294,51.1081765],[17.0844169,51.1081802],[17.0844043,51.108184],[17.0843918,51.1081877],[17.0843793,51.1081915],[17.0843668,51.1081952],[17.0843543,51.108199],[17.0843417,51.1082027],[17.0843292,51.1082064],[17.0843167,51.1082102],[17.0843042,51.1082139],[17.0842916,51.1082177],[17.0842791,51.1082214],[17.0842666,51.1082251],[17.0842541,51.1082289],[17.0842415,51.1082326],[17.084229,51.1082364],[17.0842165,51.1082401],[17.0842033,51.1082431],[17.0841902,51.1082461],[17.084177,51.1082491],[17.0841638,51.1082521],[17.0841507,51.1082551],[17.0841375,51.1082581],[17.0841243,51.1082611],[17.0841112,51.1082641],[17.084098,51.1082672],[17.0840849,51.1082702],[17.0840717,51.1082732],[17.0840585,51.1082762],[17.0840454,51.1082792],[17.0840322,51.1082822],[17.084019,51.1082852],[17.0840059,51.1082882],[17.0839927,51.1082912],[17.083983,51.1082976],[17.0839732,51.108304],[17.0839302,51.1083234]]}},{"type":"Feature","properties":{"layer":"roads"},"geometry":{"type":"LineString","coordinates":[[17.0842781,51.1155894],[17.0842421,51.1155624],[17.0842356,51.1155549],[17.084229,51.1155475],[17.0842225,51.11554],[17.084216,51.1155325],[17.0842094,51.1155251],[17.0842029,51.1155176],[17.0841964,51.1155102],[17.0841898,51.1155027],[17.0841833,51.1154953],[17.0841768,51.1154878],[17.0841702,51.1154804],[17.0841637,51.1154729],[17.0841574,51.1154652],[17.0841511,51.1154576],[17.0841448,51.1154499],[17.0841385,51.1154422],[17.0841322,51.1154345],[17.0841259,51.1154269],[17.0841196,51.1154192],[17.0841134,51.1154115],[17.0841071,51.1154038],[17.0841008,51.1153962],[17.0840945,51.1153885],[17.0840882,51.1153808],[17.0840819,51.1153731],[17.0840756,51.1153655],[17.0840693,51.1153578],[17.0840645,51.1153495],[17.0840597,51.1153413],[17.0840549,51.115333],[17.0840501,51.1153247],[17.0840452,51.1153164],[17.0840404,51.1153082],[17.0840356,51.1152999],[17.0840308,51.1152916],[17.084026,51.1152834],[17.0840212,51.1152751],[17.0840164,51.1152668],[17.0840116,51.1152585],[17.0840068,51.1152503],[17.084002,51.115242],[17.0839971,51.1152337],[17.0839923,51.1152255],[17.0839875,51.1152172],[17.0839827,51.1152089],[17.0839779,51.1152006],[17.0839731,51.1151924],[17.0839683,51.1151841],[17.0839635,51.1151758],[17.0839587,51.1151675],[17.0839539,51.1151593],[17.083949,51.115151],[17.0839442,51.1151427],[17.0839394,51.1151345],[17.0839346,51.1151262],[17.0839298,51.1151179],[17.083925,51.1151096],[17.0839202,51.1151014],[17.0839154,51.1150931],[17.0839106,51.1150848],[17.0839058,51.1150766],[17.0839009,51.1150683],[17.0838961,51.11506],[17.0838913,51.1150517],[17.0838865,51.1150435],[17.0838817,51.1150352],[17.0838769,51.1150272],[17.0838722,51.1150192],[17.0838674,51.1150112],[17.0838627,51.1150032],[17.0838579,51.1149952],[17.0838532,51.1149872],[17.0838484,51.1149792],[17.0838437,51.1149712],[17.0838174,51.1149429]]}},{"type":"Feature","properties":{"layer":"roads"},"geometry":{"type":"LineString","coordinates":[[17.0842781,51.1155894],[17.0843143,51.1155745],[17.0843209,51.1155679],[17.0843275,51.1155614],[17.084328,51.1155526],[17.0843286,51.1155438],[17.0843292,51.115535],[17.0843297,51.1155262],[17.0843303,51.1155174],[17.0843308,51.1155086],[17.0843313,51.1154998],[17.0843319,51.1154911],[17.0843325,51.1154823],[17.084333,51.1154735],[17.0843336,51.1154647],[17.0843341,51.1154559],[17.0843347,51.1154471],[17.0843352,51.1154383],[17.0843365,51.1154301],[17.0843378,51.1154219],[17.0843391,51.1154137],[17.0843403,51.1154054],[17.0843416,51.1153972],[17.0843429,51.115389],[17.084349,51.1153816],[17.0843551,51.1153742],[17.0843611,51.1153667],[17.0843672,51.1153593],[17.0843733,51.1153519],[17.0843794,51.1153445],[17.0843873,51.1153377],[17.0843952,51.1153309],[17.0844032,51.115324],[17.0844111,51.1153172],[17.084419,51.1153104],[17.0844269,51.1153036],[17.0844349,51.1152967],[17.0844428,51.1152899],[17.0844507,51.1152831],[17.0844586,51.1152763],[17.0844666,51.1152694],[17.0844745,51.1152626],[17.0844824,51.1152558],[17.0844905,51.1152491],[17.0844986,51.1152424],[17.0845067,51.1152357],[17.0845148,51.115229],[17.084523,51.1152223],[17.0845311,51.1152156],[17.0845392,51.1152089],[17.0845473,51.1152022],[17.0845508,51.1151936],[17.0845544,51.1151849],[17.0845579,51.1151763],[17.0845614,51.1151677],[17.0845649,51.115159],[17.0845684,51.1151504],[17.084572,51.1151417],[17.0845755,51.1151331],[17.084576,51.1151243],[17.0845766,51.1151155],[17.0845771,51.1151067],[17.0845776,51.1150978],[17.0845782,51.115089],[17.0845787,51.1150802],[17.0845793,51.1150714],[17.0845798,51.1150626],[17.0845803,51.1150538],[17.0845809,51.115045],[17.0845814,51.1150362],[17.0845819,51.1150273],[17.0845825,51.1150185],[17.084583,51.1150097],[17.0845835,51.1150009],[17.0845841,51.1149921],[17.0845846,51.1149833],[17.0845852,51.1149745],[17.0845857,51.1149656],[17.0845862,51.1149568],[17.0845868,51.114948],[17.0845873,51.1149392],[17.0845878,51.1149304],[17.0845884,51.1149216],[17.0845889,51.1149128],[17.0845895,51.114904],[17.08459,51.1148951],[17.0845905,51.1148863],[17.0845911,51.1148775],[17.0846136,51.1148438]]}},{"type":"Feature","properties":{"layer":"roads"},"geometry":{"type":"LineString","coordinates":[[17.0902916,51.1137857],[17.0902787,51.1138304],[17.0902533,51.1138552]]}},{"type":"Feature","properties":{"layer":"roads"},"geometry":{"type":"LineString","coordinates":[[17.0902916,51.1137857],[17.0903349,51.1137823],[17.0903477,51.113783],[17.0903604,51.1137836],[17.0903732,51.1137843],[17.0903867,51.113785],[17.0904003,51.1137857],[17.0904138,51.1137864],[17.0904274,51.1137871],[17.0904409,51.1137878],[17.0904419,51.1137793],[17.0904429,51.1137707],[17.090444,51.1137622],[17.090445,51.1137536],[17.090446,51.1137451],[17.090447,51.1137365],[17.0904481,51.113728],[17.0904491,51.1137194],[17.0904501,51.1137109],[17.0904598,51.1137051],[17.0904694,51.1136994],[17.0904791,51.1136936],[17.0904887,51.1136879],[17.0905361,51.113683]]}},{"type":"Feature","properties":{"layer":"roads"},"geometry":{"type":"LineString","coordinates":[[17.0902916,51.1137857],[17.0902876,51.1137529],[17.090289,51.1137439],[17.0902903,51.113735],[17.0902916,51.1137261],[17.090293,51.1137172],[17.0902943,51.1137083],[17.0902957,51.1136993],[17.090297,51.1136904],[17.0902984,51.1136815],[17.0902997,51.1136726],[17.0902989,51.1136641],[17.0902981,51.1136556],[17.0902974,51.113647],[17.0902966,51.1136385],[17.0902958,51.11363],[17.0902921,51.1136221],[17.0902884,51.1136142],[17.0902847,51.1136063],[17.0902811,51.1135984],[17.0902774,51.1135904],[17.0902737,51.1135825],[17.09027,51.1135746],[17.0902663,51.1135667],[17.0902604,51.1135585],[17.0902544,51.1135504],[17.0902485,51.1135422],[17.0902426,51.113534],[17.0902367,51.1135259],[17.0902307,51.1135177],[17.0902248,51.1135096],[17.0902189,51.1135014],[17.0902092,51.1134959],[17.0901995,51.1134904],[17.0901898,51.1134849],[17.0901801,51.1134793],[17.0901704,51.1134738],[17.0901607,51.1134683],[17.090151,51.1134628],[17.0901405,51.1134583],[17.0901299,51.1134537],[17.0901194,51.1134492],[17.0901089,51.1134447],[17.0900983,51.1134401],[17.0900878,51.1134356],[17.0900762,51.1134321],[17.0900646,51.1134286],[17.0900529,51.1134251],[17.0900413,51.1134216],[17.0900297,51.1134181],[17.0900181,51.1134146],[17.0900064,51.1134111],[17.0899948,51.1134076],[17.0899832,51.1134041],[17.0899697,51.1134017],[17.0899562,51.1133993],[17.0899427,51.113397],[17.0899292,51.1133946],[17.0899157,51.1133922],[17.0899022,51.1133898],[17.0898888,51.1133874],[17.0898753,51.1133851],[17.0898618,51.1133827],[17.0898483,51.1133803],[17.0898348,51.1133779],[17.0898213,51.1133756],[17.0898078,51.1133732],[17.0897943,51.1133708],[17.0897808,51.1133684],[17.0897673,51.113366],[17.0897538,51.1133637],[17.0897403,51.1133613],[17.0897269,51.1133589],[17.0897134,51.1133565],[17.0896999,51.1133541],[17.0896864,51.1133518],[17.0896729,51.1133494],[17.0896594,51.113347],[17.0896462,51.1133445],[17.089633,51.113342],[17.0896199,51.1133395],[17.0896067,51.113337],[17.0895935,51.1133345],[17.0895803,51.113332],[17.0895672,51.1133294],[17.089554,51.1133269],[17.0895408,51.1133244],[17.0895276,51.1133219],[17.0895145,51.1133194],[17.0895013,51.1133169],[17.0894795,51.1133236],[17.0894594,51.113345],[17.0894522,51.1133526],[17.089445,51.1133602],[17.0894379,51.1133679],[17.0894307,51.1133755],[17.0894235,51.1133832],[17.0894163,51.1133908],[17.0894092,51.1133985],[17.089402,51.1134061],[17.0893948,51.1134137],[17.0893876,51.1134214],[17.0893805,51.113429],[17.0893733,51.1134367],[17.0893661,51.1134443],[17.0893589,51.1134519],[17.0893517,51.1134596],[17.0893446,51.1134672],[17.0893374,51.1134749],[17.0893302,51.1134825],[17.089323,51.1134901],[17.0893159,51.1134978],[17.0893087,51.1135054],[17.0893015,51.1135131],[17.0892943,51.1135207],[17.0892872,51.1135284],[17.08928,51.113536],[17.0892728,51.1135436],[17.0892656,51.1135513],[17.0892585,51.1135589],[17.0892513,51.1135666],[17.0892441,51.1135742],[17.0892369,51.1135818],[17.0892297,51.1135895],[17.0892226,51.1135971],[17.0892154,51.1136048],[17.0892082,51.1136124],[17.089201,51.11362],[17.0891939,51.1136277],[17.0891867,51.1136353],[17.0891795,51.113643],[17.0891723,51.1136506],[17.0891652,51.1136583],[17.089158,51.1136659],[17.0891508,51.1136735],[17.0891436,51.1136812],[17.0891365,51.1136888],[17.0891293,51.1136965],[17.0891221,51.1137041],[17.0891149,51.1137117],[17.0891077,51.1137194],[17.0891006,51.113727],[17.0890934,51.1137347],[17.0890862,51.1137423],[17.089079,51.1137499],[17.0890719,51.1137576],[17.0890647,51.1137652],[17.0890575,51.1137729],[17.0890503,51.1137805],[17.0890432,51.1137882],[17.089036,51.1137958],[17.0890167,51.1138239]]}},{"type":"Feature","properties":{"layer":"roads"},"geometry":{"type":"LineString","coordinates":[[17.0811328,51.107446],[17.0811177,51.1074167],[17.0811134,51.1074082],[17.081109,51.1073997],[17.0811046,51.1073912],[17.0811003,51.1073826],[17.0810959,51.1073741],[17.0810916,51.1073656],[17.0810872,51.1073571],[17.0810828,51.1073486],[17.0810785,51.10734],[17.0810741,51.1073315],[17.0810697,51.107323],[17.0810654,51.1073145],[17.081061,51.107306],[17.0810567,51.1072974],[17.0810523,51.1072889],[17.0810479,51.1072804],[17.0810436,51.1072719],[17.0810392,51.1072633],[17.0810349,51.1072548],[17.0810305,51.1072463],[17.0810257,51.1072383],[17.0810208,51.1072303],[17.081016,51.1072223],[17.0810111,51.1072143],[17.0810063,51.1072063],[17.0810014,51.1071983],[17.0809966,51.1071903],[17.0809917,51.1071823],[17.0809869,51.1071743],[17.080982,51.1071663],[17.0809772,51.1071583],[17.0809724,51.1071503],[17.0809675,51.1071423],[17.0809627,51.1071343],[17.0809578,51.1071263],[17.080953,51.1071183],[17.0809481,51.1071103],[17.0809433,51.1071023],[17.0809384,51.1070943],[17.0809336,51.1070863],[17.080927,51.1070786],[17.0809203,51.1070709],[17.0809137,51.1070632],[17.080907,51.1070556],[17.0809004,51.1070479],[17.0808938,51.1070402],[17.0808871,51.1070325],[17.0808805,51.1070248],[17.0808738,51.1070171],[17.0808672,51.1070094],[17.0808606,51.1070017],[17.0808539,51.1069941],[17.0808473,51.1069864],[17.0808407,51.1069787],[17.080834,51.106971],[17.0808274,51.1069633],[17.0808207,51.1069556],[17.0808141,51.1069479],[17.0808075,51.1069402],[17.0808008,51.1069326],[17.0807942,51.1069249],[17.0807875,51.1069172],[17.0807809,51.1069095],[17.0807723,51.1069024],[17.0807638,51.1068952],[17.0807552,51.1068881],[17.0807466,51.106881],[17.0807381,51.1068738],[17.0807295,51.1068667],[17.0807209,51.1068596],[17.0807123,51.1068524],[17.0807038,51.1068453],[17.0806952,51.1068382],[17.0806866,51.106831],[17.0806781,51.1068239],[17.0806695,51.1068167],[17.0806609,51.1068096],[17.0806524,51.1068025],[17.0806438,51.1067953],[17.0806352,51.1067882],[17.0806266,51.1067811],[17.0806181,51.1067739],[17.0806095,51.1067668],[17.0805697,51.1067443]]}},{"type":"Feature","properties":{"layer":"roads"},"geometry":{"type":"LineString","coordinates":[[17.0811328,51.107446],[17.0811477,51.1074754],[17.0811519,51.1074836],[17.0811561,51.1074919],[17.0811603,51.1075002],[17.0811646,51.1075085],[17.0811688,51.1075167],[17.081173,51.107525],[17.0811772,51.1075333],[17.0811814,51.1075415],[17.0811857,51.1075498],[17.0811899,51.1075581],[17.0811941,51.1075663],[17.0811983,51.1075746],[17.0812026,51.1075829],[17.0812068,51.1075911],[17.081211,51.1075994],[17.0812152,51.1076077],[17.0812194,51.1076159],[17.0812237,51.1076242],[17.0812279,51.1076325],[17.0812321,51.1076408],[17.0812363,51.107649],[17.0812405,51.1076573],[17.0812448,51.1076656],[17.081249,51.1076738],[17.0812532,51.1076821],[17.0812575,51.1076904],[17.0812619,51.1076987],[17.0812662,51.107707],[17.0812705,51.1077153],[17.0812748,51.1077236],[17.0812792,51.1077319],[17.0812835,51.1077402],[17.0812878,51.1077485],[17.0812921,51.1077568],[17.0812964,51.107765],[17.0813008,51.1077733],[17.0813051,51.1077816],[17.0813094,51.1077899],[17.0813137,51.1077982],[17.0813181,51.1078065],[17.0813224,51.1078148],[17.0813267,51.1078231],[17.081331,51.1078314],[17.0813354,51.1078397],[17.0813397,51.107848],[17.081343,51.1078566],[17.0813463,51.1078652],[17.0813496,51.1078738],[17.0813528,51.1078824],[17.0813561,51.107891],[17.0813594,51.1078995],[17.0813627,51.1079081],[17.081366,51.1079167],[17.0813693,51.1079253],[17.0813726,51.1079339],[17.0813758,51.1079425],[17.0813791,51.1079511],[17.0813824,51.1079597],[17.0813857,51.1079683],[17.081389,51.1079769],[17.0813923,51.1079854],[17.0813956,51.107994],[17.0814063,51.1080441]]}},{"type":"Feature","properties":{"layer":"roads"},"geometry":{"type":"LineString","coordinates":[[17.0811328,51.107446],[17.0810771,51.1074504],[17.0810637,51.1074524],[17.0810503,51.1074544],[17.0810369,51.1074564],[17.0810235,51.1074584],[17.08101,51.1074605],[17.0809966,51.1074625],[17.0809832,51.1074645],[17.0809698,51.1074675],[17.0809564,51.1074705],[17.080943,51.1074735],[17.0809296,51.1074765],[17.0809162,51.1074795],[17.0809028,51.1074825],[17.0808894,51.1074855],[17.080876,51.1074885],[17.0808626,51.1074915],[17.0808492,51.1074945],[17.0808358,51.1074976],[17.0808224,51.1075006],[17.080809,51.1075036],[17.0807956,51.1075066],[17.0807822,51.1075096],[17.0807688,51.1075126],[17.0807554,51.1075156],[17.080742,51.1075186],[17.0807286,51.1075216],[17.0807152,51.1075246],[17.0807018,51.1075276],[17.0806886,51.107531],[17.0806754,51.1075344],[17.0806621,51.1075379],[17.0806489,51.1075413],[17.0806357,51.1075447],[17.0806225,51.1075481],[17.0806093,51.1075515],[17.080596,51.107555],[17.0805828,51.1075584],[17.0805696,51.1075618],[17.0805564,51.1075652],[17.0805432,51.1075686],[17.0805299,51.1075721],[17.0805167,51.1075755],[17.0805035,51.1075789],[17.0804903,51.1075823],[17.0804771,51.1075857],[17.0804638,51.1075892],[17.0804506,51.1075926],[17.0804374,51.107596],[17.0804242,51.1075994],[17.080411,51.1076028],[17.0803977,51.1076063],[17.0803845,51.1076097],[17.0803713,51.1076131],[17.0803581,51.1076165],[17.0803449,51.1076199],[17.0803316,51.1076234],[17.0803184,51.1076268],[17.0803052,51.1076302],[17.080292,51.1076336],[17.0802788,51.107637],[17.0802359,51.1076485]]}},{"type":"Feature","properties":{"layer":"roads"},"geometry":{"type":"LineString","coordinates":[[17.0805697,51.1067443],[17.0805382,51.106763],[17.0805268,51.1067674],[17.0805154,51.1067718],[17.080504,51.1067762],[17.0804927,51.1067806],[17.0804813,51.106785],[17.0804699,51.1067894],[17.0804585,51.1067938],[17.0804471,51.1067982],[17.0804357,51.1068026],[17.0804243,51.106807],[17.0804129,51.1068114],[17.0804005,51.1068157],[17.0803881,51.1068199],[17.0803757,51.1068242],[17.0803634,51.1068285],[17.080351,51.1068328],[17.0803386,51.106837],[17.0803262,51.1068413],[17.0803138,51.1068456],[17.0803014,51.1068499],[17.080289,51.1068541],[17.0802767,51.1068584],[17.0802643,51.1068627],[17.0802519,51.106867],[17.0802395,51.1068712],[17.0802271,51.1068755],[17.0802147,51.1068798],[17.0802023,51.1068841],[17.08019,51.1068883],[17.0801776,51.1068926],[17.0801652,51.1068969],[17.0801528,51.1069012],[17.0801404,51.1069054],[17.080128,51.1069097],[17.0801156,51.106914],[17.0801033,51.1069183],[17.0800909,51.1069226],[17.0800785,51.1069268],[17.0800661,51.1069311],[17.0800537,51.1069354],[17.0800413,51.1069397],[17.080029,51.1069439],[17.0800166,51.1069482],[17.0800042,51.1069525],[17.0799918,51.1069568],[17.0799794,51.106961],[17.079967,51.1069653],[17.0799546,51.1069696],[17.0799423,51.1069739],[17.0799299,51.1069781],[17.0799175,51.1069824],[17.0799051,51.1069867],[17.0798927,51.106991],[17.0798803,51.1069952],[17.0798679,51.1069995],[17.0798556,51.1070038],[17.0798432,51.1070081],[17.0798308,51.1070123],[17.0798184,51.1070166],[17.079806,51.1070191],[17.0797936,51.1070215],[17.0797812,51.107024],[17.0797689,51.1070265],[17.0797355,51.1070464]]}},{"type":"Feature","properties":{"layer":"roads"},"geometry":{"type":"LineString","coordinates":[[17.0805697,51.1067443],[17.080545,51.1067212],[17.0805353,51.1067151],[17.0805257,51.106709],[17.080516,51.106703],[17.0805063,51.1066969],[17.0804966,51.1066908],[17.0804869,51.1066848],[17.0804772,51.1066787],[17.0804675,51.1066727],[17.0804578,51.1066666],[17.0804481,51.1066605],[17.0804384,51.1066545],[17.0804288,51.1066484],[17.0804191,51.1066423],[17.0804094,51.1066363],[17.0803997,51.1066302],[17.08039,51.1066242],[17.0803803,51.1066181],[17.0803706,51.1066116],[17.0803609,51.106605],[17.0803512,51.1065985],[17.0803415,51.106592],[17.0803319,51.1065855],[17.0803222,51.1065789],[17.0803125,51.1065724],[17.0803028,51.1065659],[17.0802931,51.1065594],[17.0802834,51.1065528],[17.0802737,51.1065463],[17.080264,51.1065398],[17.0802543,51.1065333],[17.0802446,51.1065267],[17.080235,51.1065202],[17.0801961,51.1064946]]}},{"type":"Feature","properties":{"layer":"roads"},"geometry":{"type":"LineString","coordinates":[[17.0771418,51.1092247],[17.0770983,51.1092102],[17.0770857,51.109206],[17.077073,51.1092018],[17.0770604,51.1091977],[17.0770478,51.1091935],[17.0770351,51.1091893],[17.0770225,51.1091852],[17.0770099,51.109181],[17.0769972,51.1091768],[17.0769846,51.1091726],[17.076972,51.1091685],[17.0769593,51.1091643],[17.0769467,51.1091601],[17.0769341,51.109156],[17.0769214,51.1091518],[17.0769088,51.1091476],[17.0768962,51.1091435],[17.0768835,51.1091393],[17.0768709,51.1091351],[17.0768583,51.1091309],[17.0768456,51.1091268],[17.076833,51.1091226],[17.0768204,51.1091184],[17.0768077,51.1091143],[17.0767951,51.1091101],[17.0767825,51.1091059],[17.0767698,51.1091017],[17.0767572,51.1090976],[17.0767446,51.1090934],[17.0767319,51.1090892],[17.0767193,51.1090851],[17.0767067,51.1090809],[17.076694,51.1090767],[17.0766814,51.1090726],[17.0766688,51.1090684],[17.0766561,51.1090642],[17.0766435,51.10906],[17.0766309,51.1090559],[17.0766182,51.1090517],[17.0766056,51.1090475],[17.076593,51.1090434],[17.0765803,51.1090392],[17.0765677,51.109035],[17.0765551,51.1090308],[17.0765424,51.1090267],[17.0765298,51.1090225],[17.0765174,51.1090183],[17.076505,51.1090141],[17.0764927,51.1090099],[17.0764803,51.1090057],[17.0764679,51.1090015],[17.0764555,51.1089973],[17.0764431,51.1089931],[17.0764307,51.1089889],[17.0764184,51.1089847],[17.076406,51.1089805],[17.0763936,51.1089763],[17.0763812,51.1089721],[17.0763688,51.1089679],[17.0763565,51.1089637],[17.0763441,51.1089595],[17.0763317,51.1089553],[17.0763193,51.1089511],[17.0763069,51.1089469],[17.0762946,51.1089427],[17.0762822,51.1089384],[17.0762698,51.1089342],[17.0762574,51.10893],[17.076245,51.1089258],[17.0762326,51.1089216],[17.0762203,51.1089174],[17.0762079,51.1089132],[17.0761955,51.108909],[17.0761831,51.1089048],[17.0761707,51.1089006],[17.0761584,51.1088964],[17.076146,51.1088922],[17.0761336,51.108888],[17.0761212,51.1088838],[17.0761088,51.1088796],[17.0760964,51.1088754],[17.0760841,51.1088712],[17.0760717,51.108867],[17.0760447,51.1088579],[17.076004,51.1088362]]}},{"type":"Feature","properties":{"layer":"roads"},"geometry":{"type":"LineString","coordinates":[[17.0771418,51.1092247],[17.0771607,51.1091914],[17.0771669,51.1091835],[17.077173,51.1091757],[17.0771791,51.1091679],[17.0771853,51.1091601],[17.0771914,51.1091522],[17.0771975,51.1091444],[17.0772037,51.1091366],[17.0772098,51.1091287],[17.0772159,51.1091209],[17.0772221,51.1091131],[17.0772282,51.1091052],[17.0772343,51.1090974],[17.0772405,51.1090896],[17.0772466,51.1090818],[17.0772527,51.1090739],[17.0772589,51.1090661],[17.077265,51.1090583],[17.0772711,51.1090504],[17.0772773,51.1090426],[17.0772834,51.1090348],[17.0772895,51.1090269],[17.0772957,51.1090191],[17.0773018,51.1090113],[17.0773079,51.1090035],[17.0773141,51.1089956],[17.0773202,51.1089878],[17.0773263,51.10898],[17.0773325,51.1089721],[17.0773386,51.1089643],[17.0773501,51.1089596],[17.0773615,51.1089548],[17.077373,51.1089501],[17.0773845,51.1089453],[17.077418,51.1089245]]}},{"type":"Feature","properties":{"layer":"roads"},"geometry":{"type":"LineString","coordinates":[[17.0771418,51.1092247],[17.0771868,51.1092393],[17.0771994,51.1092434],[17.077212,51.1092476],[17.0772247,51.1092517],[17.0772373,51.1092559],[17.07725,51.10926],[17.0772626,51.1092642],[17.0772753,51.1092683],[17.0772879,51.1092725],[17.0773005,51.1092766],[17.0773132,51.1092808],[17.0773258,51.1092849],[17.0773385,51.1092891],[17.0773511,51.1092932],[17.0773637,51.1092973],[17.0773764,51.1093015],[17.077389,51.1093056],[17.0774017,51.1093098],[17.0774143,51.1093139],[17.0774269,51.1093181],[17.0774396,51.1093222],[17.0774522,51.1093264],[17.0774649,51.1093305],[17.0774775,51.1093347],[17.0774902,51.1093388],[17.0775028,51.109343],[17.0775154,51.1093471],[17.0775281,51.1093513],[17.0775407,51.1093554],[17.0775534,51.1093596],[17.077566,51.1093637],[17.0775783,51.1093678],[17.0775905,51.1093718],[17.0776028,51.1093759],[17.077615,51.10938],[17.0776273,51.109384],[17.0776395,51.1093881],[17.0776518,51.1093922],[17.0776641,51.1093962],[17.0776763,51.1094003],[17.0776886,51.1094044],[17.0777008,51.1094084],[17.0777131,51.1094125],[17.0777253,51.1094166],[17.0777376,51.1094206],[17.0777499,51.1094247],[17.0777621,51.1094288],[17.0777744,51.1094328],[17.0777866,51.1094369],[17.0777989,51.109441],[17.0778111,51.109445],[17.0778234,51.1094491],[17.0778356,51.1094532],[17.0778479,51.1094572],[17.0778602,51.1094613],[17.0778724,51.1094654],[17.0778847,51.1094694],[17.0778969,51.1094735],[17.0779092,51.1094776],[17.0779214,51.1094816],[17.0779421,51.1094883],[17.0779979,51.1094992]]}},{"type":"Feature","properties":{"layer":"roads"},"geometry":{"type":"LineString","coordinates":[[17.0738517,51.1146172],[17.0738717,51.1146476],[17.0738766,51.1146553],[17.0738816,51.1146629],[17.0738866,51.1146705],[17.0738916,51.1146781],[17.073898,51.1146844],[17.0739044,51.1146907],[17.0739108,51.114697],[17.0739172,51.1147033],[17.0739236,51.1147096],[17.0739343,51.1147147],[17.0739449,51.1147198],[17.0739556,51.1147248],[17.0739662,51.1147299],[17.0739769,51.114735],[17.0739907,51.1147372],[17.0740046,51.1147393],[17.0740184,51.1147415],[17.0740323,51.1147437],[17.0740461,51.1147458],[17.07406,51.114748],[17.0740738,51.1147501],[17.0740876,51.1147523],[17.0741015,51.1147545],[17.0741153,51.1147566],[17.0741292,51.1147588],[17.074143,51.114761],[17.0741568,51.1147631],[17.0741707,51.1147653],[17.0741845,51.1147675],[17.0741984,51.1147696],[17.0742122,51.1147718],[17.0742261,51.1147739],[17.0742399,51.1147761],[17.0742537,51.1147783],[17.0742676,51.1147804],[17.0742814,51.1147826],[17.0742953,51.1147848],[17.0743091,51.1147869],[17.0743229,51.1147891],[17.0743368,51.1147912],[17.0743506,51.1147934],[17.0743645,51.1147956],[17.0743783,51.1147977],[17.0743922,51.1147999],[17.074406,51.1148021],[17.0744198,51.1148042],[17.0744337,51.1148064],[17.0744475,51.1148086],[17.0744614,51.1148107],[17.0744752,51.1148129],[17.074489,51.114815],[17.0745029,51.1148172],[17.0745167,51.1148194],[17.0745306,51.1148215],[17.0745444,51.1148237],[17.0745583,51.1148259],[17.0745721,51.114828],[17.0745859,51.1148302],[17.0745998,51.1148324],[17.0746136,51.1148345],[17.0746275,51.1148367],[17.0746413,51.1148388],[17.0746551,51.114841],[17.074669,51.1148432],[17.0746828,51.1148453],[17.0746967,51.1148475],[17.0747105,51.1148497],[17.0747244,51.1148518],[17.0747382,51.114854],[17.074752,51.1148561],[17.0747659,51.1148583],[17.0747797,51.1148605],[17.0747936,51.1148626],[17.0748074,51.1148648],[17.0748204,51.1148681],[17.0748333,51.1148715],[17.0748463,51.1148748],[17.0748593,51.1148781],[17.0748722,51.1148815],[17.0748852,51.1148848],[17.0748982,51.1148881],[17.0749111,51.1148915],[17.0749696,51.1149027]]}},{"type":"Feature","properties":{"layer":"roads"},"geometry":{"type":"LineString","coordinates":[[17.0853467,51.1123686],[17.0853597,51.1124017],[17.0853637,51.1124092],[17.0853678,51.1124167],[17.0853718,51.1124242],[17.0853758,51.1124318],[17.0853798,51.1124393],[17.0853839,51.1124468],[17.0853879,51.1124543],[17.0853941,51.1124622],[17.0854003,51.1124701],[17.0854065,51.112478],[17.0854127,51.1124859],[17.0854188,51.1124938],[17.085425,51.1125017],[17.0854312,51.1125097],[17.0854374,51.1125176],[17.0854436,51.1125255],[17.0854498,51.1125334],[17.085456,51.1125413],[17.0854622,51.1125492],[17.0854683,51.1125571],[17.0854745,51.112565],[17.0854807,51.1125729],[17.0854869,51.1125808],[17.0854931,51.1125887],[17.0854993,51.1125966],[17.0855055,51.1126045],[17.0855117,51.1126125],[17.0855179,51.1126204],[17.085524,51.1126283],[17.0855302,51.1126362],[17.0855364,51.1126441],[17.0855426,51.112652],[17.0855488,51.1126599],[17.0855544,51.1126677],[17.08556,51.1126755],[17.0855656,51.1126832],[17.0855712,51.112691],[17.0855767,51.1126988],[17.0855823,51.1127066],[17.0855879,51.1127144],[17.0855935,51.1127221],[17.0855991,51.1127299],[17.0856047,51.1127377],[17.0856103,51.1127455],[17.0856159,51.1127532],[17.0856215,51.112761],[17.0856271,51.1127688],[17.0856326,51.1127766],[17.0856382,51.1127844],[17.0856438,51.1127921],[17.0856494,51.1127999],[17.085655,51.1128077],[17.085659,51.1128162],[17.085663,51.1128247],[17.0856671,51.1128331],[17.0856711,51.1128416],[17.0856751,51.1128501],[17.0856791,51.1128586],[17.0856831,51.1128671],[17.0856872,51.1128755],[17.0856912,51.112884],[17.0856952,51.1128925],[17.0857001,51.1129007],[17.085705,51.1129088],[17.0857099,51.112917],[17.0857149,51.1129252],[17.0857198,51.1129334],[17.0857247,51.1129415],[17.0857296,51.1129497],[17.0857345,51.1129579],[17.0857394,51.1129661],[17.0857443,51.1129742],[17.0857492,51.1129824],[17.0857542,51.1129906],[17.0857591,51.1129987],[17.085764,51.1130069],[17.0857689,51.1130151],[17.0857738,51.1130233],[17.0857787,51.1130314],[17.0857997,51.1130658]]}},{"type":"Feature","properties":{"layer":"roads"},"geometry":{"type":"LineString","coordinates":[[17.0857997,51.1130658],[17.0857517,51.1130585],[17.0857389,51.113055],[17.085726,51.1130516],[17.0857131,51.1130481],[17.0857002,51.1130447],[17.0856873,51.1130412],[17.0856744,51.1130378],[17.0856615,51.1130343],[17.0856486,51.1130309],[17.0856357,51.1130274],[17.0856229,51.1130239],[17.08561,51.1130205],[17.0855971,51.113017],[17.0855842,51.1130136],[17.0855713,51.1130101],[17.0855584,51.1130067],[17.0855455,51.1130032],[17.0855326,51.1129998],[17.0855197,51.1129963],[17.0855068,51.1129929],[17.085494,51.1129894],[17.0854811,51.112986],[17.0854682,51.1129825],[17.0854553,51.1129791],[17.0854424,51.1129756],[17.0854284,51.1129753],[17.0854144,51.1129751],[17.0854004,51.1129749],[17.0853864,51.1129746],[17.0853303,51.1129736]]}},{"type":"Feature","properties":{"layer":"roads"},"geometry":{"type":"LineString","coordinates":[[17.0813546,51.1065832],[17.081408,51.106587],[17.081422,51.1065864],[17.081436,51.1065858],[17.08145,51.1065851],[17.081464,51.1065845],[17.081478,51.1065839],[17.081492,51.1065832],[17.081506,51.1065826],[17.08152,51.106582],[17.0815339,51.1065814],[17.0815479,51.1065807],[17.0815619,51.1065801],[17.0815759,51.1065795],[17.0815899,51.1065789],[17.0816039,51.1065782],[17.0816179,51.1065776],[17.0816319,51.106577],[17.0816459,51.1065764],[17.0816599,51.1065757],[17.0816739,51.1065751],[17.0816879,51.1065745],[17.0817008,51.1065715],[17.0817137,51.1065685],[17.0817265,51.1065655],[17.0817394,51.1065625],[17.0817523,51.1065594],[17.0818011,51.1065424]]}},{"type":"Feature","properties":{"layer":"roads"},"geometry":{"type":"LineString","coordinates":[[17.0813546,51.1065832],[17.0813853,51.1066174],[17.0813936,51.1066244],[17.0814019,51.1066313],[17.0814102,51.1066383],[17.0814185,51.1066453],[17.0814268,51.1066523],[17.0814352,51.1066592],[17.0814435,51.1066662],[17.0814518,51.1066732],[17.0814601,51.1066802],[17.0814684,51.1066871],[17.0814767,51.1066941],[17.0814851,51.1067011],[17.0814934,51.1067081],[17.0815017,51.106715],[17.08151,51.106722],[17.0815201,51.106728],[17.0815301,51.1067341],[17.0815402,51.1067401],[17.0815502,51.1067462],[17.0815603,51.1067522],[17.0815704,51.1067583],[17.0815804,51.1067643],[17.0815905,51.1067704],[17.0816005,51.1067764],[17.0816106,51.1067825],[17.0816207,51.1067885],[17.0816307,51.1067946],[17.0816408,51.1068006],[17.0816509,51.1068067],[17.0816609,51.1068127],[17.081671,51.1068187],[17.081681,51.1068248],[17.0816911,51.1068308],[17.0817012,51.1068369],[17.0817112,51.1068429],[17.0817213,51.106849],[17.0817313,51.106855],[17.0817414,51.1068611],[17.0817515,51.1068671],[17.0817615,51.1068732],[17.0817716,51.1068792],[17.0817816,51.1068853],[17.0817917,51.1068913],[17.0818036,51.1068963],[17.0818155,51.1069013],[17.0818274,51.1069063],[17.0818393,51.1069112],[17.0818512,51.1069162],[17.0818631,51.1069212],[17.081875,51.1069262],[17.0818869,51.1069312],[17.0818988,51.1069362],[17.0819107,51.1069412],[17.0819226,51.1069461],[17.0819345,51.1069511],[17.0819464,51.1069561],[17.0819583,51.1069611],[17.0819702,51.1069661],[17.0819821,51.1069711],[17.081994,51.1069761],[17.0820059,51.106981],[17.0820178,51.106986],[17.0820297,51.106991],[17.0820416,51.106996],[17.082053,51.1070007],[17.0820643,51.1070054],[17.0820757,51.1070101],[17.082087,51.1070148],[17.0820984,51.1070195],[17.0821413,51.1070349]]}},{"type":"Feature","properties":{"layer":"roads"},"geometry":{"type":"LineString","coordinates":[[17.0813546,51.1065832],[17.0813539,51.1065482],[17.0813543,51.1065399],[17.0813499,51.1065317],[17.0813456,51.1065235],[17.0813412,51.1065153],[17.0813369,51.1065071],[17.0813325,51.1064989],[17.0813282,51.1064907],[17.0813238,51.1064825],[17.0813195,51.1064743],[17.0813151,51.1064661],[17.0813108,51.1064579],[17.0813064,51.1064497],[17.0813021,51.1064415],[17.0812977,51.1064333],[17.0812945,51.1064248],[17.0812913,51.1064162],[17.0812882,51.1064077],[17.081285,51.1063991],[17.0812818,51.1063906],[17.0812786,51.106382],[17.0812755,51.1063735],[17.0812723,51.1063649],[17.0812691,51.1063564],[17.0812659,51.1063478],[17.0812628,51.1063393],[17.0812596,51.1063307],[17.0812564,51.1063222],[17.0812532,51.1063136],[17.0812501,51.1063051],[17.0812469,51.1062965],[17.0812437,51.106288],[17.081245,51.1062792],[17.0812534,51.1062513]]}},{"type":"Feature","properties":{"layer":"roads"},"geometry":{"type":"LineString","coordinates":[[17.0813546,51.1065832],[17.0812983,51.1065793],[17.0812848,51.1065767],[17.0812714,51.1065741],[17.081258,51.1065716],[17.0812445,51.106569],[17.0812311,51.1065665],[17.0812176,51.1065639],[17.0812042,51.1065613],[17.0811908,51.1065588],[17.0811773,51.1065562],[17.0811639,51.1065536],[17.0811505,51.1065511],[17.081137,51.1065485],[17.0811236,51.106546],[17.0811102,51.1065434],[17.0810967,51.1065408],[17.0810833,51.1065383],[17.0810698,51.1065357],[17.0810564,51.1065332],[17.081043,51.1065306],[17.0810295,51.106528],[17.0810161,51.1065255],[17.0810027,51.1065229],[17.0809892,51.1065204],[17.0809758,51.1065178],[17.0809622,51.1065158],[17.0809487,51.1065137],[17.0809351,51.1065117],[17.0809216,51.1065097],[17.080908,51.1065076],[17.0808945,51.1065056],[17.0808809,51.1065035],[17.0808674,51.1065015],[17.0808538,51.1064995],[17.0808403,51.1064974],[17.0808267,51.1064954],[17.0808132,51.1064934],[17.0807996,51.1064913],[17.0807861,51.1064893],[17.0807725,51.1064873],[17.080759,51.1064852],[17.0807454,51.1064832],[17.0807319,51.1064812],[17.0807183,51.1064791],[17.0807048,51.1064771],[17.0806912,51.106475],[17.0806777,51.106473],[17.0806641,51.106471],[17.0806506,51.1064689],[17.080637,51.1064669],[17.080623,51.1064655],[17.0806091,51.106464],[17.0805951,51.1064626],[17.0805811,51.1064611],[17.0805672,51.1064597],[17.0805532,51.1064583],[17.0805392,51.1064568],[17.0805252,51.1064554],[17.0805113,51.1064539],[17.0804973,51.1064525],[17.0804843,51.1064518],[17.0804713,51.1064511],[17.0804582,51.1064504],[17.0804452,51.1064497],[17.0804322,51.1064489],[17.0804192,51.1064482],[17.0804061,51.1064475],[17.0803931,51.1064468],[17.0803801,51.1064461],[17.0803675,51.1064476],[17.0803549,51.1064491],[17.0803423,51.1064506],[17.0803296,51.1064521],[17.080317,51.1064537],[17.0803044,51.1064552],[17.0802918,51.1064567],[17.0802792,51.1064582],[17.0802688,51.1064627],[17.0802584,51.1064672],[17.0802481,51.1064717],[17.0802377,51.1064761],[17.0801961,51.1064946]]}},{"type":"Feature","properties":{"layer":"roads"},"geometry":{"type":"LineString","coordinates":[[17.0801961,51.1064946],[17.080157,51.1064712],[17.0801472,51.1064654],[17.0801375,51.1064597],[17.0801277,51.1064539],[17.0800686,51.1064227]]}},{"type":"Feature","properties":{"layer":"roads"},"geometry":{"type":"LineString","coordinates":[[17.0843035,51.1101863],[17.0843251,51.1102114],[17.0843342,51.1102183],[17.0843432,51.1102251],[17.0843522,51.110232],[17.0843613,51.1102389],[17.0843703,51.1102457],[17.0843794,51.1102526],[17.0843884,51.1102595],[17.0843974,51.1102664],[17.0844065,51.1102732],[17.0844155,51.1102801],[17.0844232,51.1102872],[17.0844309,51.1102942],[17.0844386,51.1103013],[17.0844462,51.1103084],[17.0844539,51.1103155],[17.0844616,51.1103225],[17.0844693,51.1103296],[17.084477,51.1103367],[17.0844847,51.1103438],[17.0844924,51.1103508],[17.0845001,51.1103579],[17.0845077,51.110365],[17.0845154,51.1103721],[17.0845231,51.1103791],[17.0845308,51.1103862],[17.0845359,51.1103942],[17.084541,51.1104022],[17.0845461,51.1104101],[17.0845512,51.1104181],[17.0845563,51.1104261],[17.0845614,51.1104341],[17.0845665,51.1104421],[17.0845716,51.1104501],[17.0845768,51.110458],[17.0845819,51.110466],[17.084587,51.110474],[17.0845921,51.110482],[17.0845972,51.11049],[17.0846023,51.110498],[17.0846074,51.1105059],[17.0846125,51.1105139],[17.0846176,51.1105219],[17.0846247,51.1105294],[17.0846318,51.1105368],[17.084639,51.1105443],[17.0846461,51.1105517],[17.084684,51.1105772]]}},{"type":"Feature","properties":{"layer":"roads"},"geometry":{"type":"LineString","coordinates":[[17.0843035,51.1101863],[17.08434,51.1101709],[17.0843527,51.1101677],[17.0843654,51.1101644],[17.0843782,51.1101612],[17.0843909,51.1101579],[17.0844037,51.1101546],[17.0844164,51.1101514],[17.0844287,51.1101476],[17.0844409,51.1101437],[17.0844532,51.1101399],[17.0844655,51.1101361],[17.0844777,51.1101323],[17.08449,51.1101284],[17.0845022,51.1101246],[17.0845145,51.1101208],[17.0845268,51.110117],[17.084539,51.1101131],[17.0845513,51.1101093],[17.0845623,51.1101039],[17.0845733,51.1100985],[17.0845843,51.110093],[17.0845953,51.1100876],[17.0846063,51.1100822],[17.0846173,51.1100768],[17.0846284,51.1100713],[17.0846394,51.1100659],[17.0846504,51.1100605],[17.0846614,51.1100551],[17.0846724,51.1100497],[17.0846834,51.1100442],[17.0846944,51.1100388],[17.0847054,51.1100334],[17.0847145,51.1100272],[17.0847236,51.110021],[17.0847327,51.1100148],[17.0847417,51.1100086],[17.0847508,51.1100024],[17.0847599,51.1099962],[17.084769,51.10999],[17.0847813,51.1099856],[17.0847936,51.1099812],[17.0848059,51.1099768],[17.0848182,51.1099725],[17.0848305,51.1099681],[17.0848428,51.1099637],[17.0848552,51.1099593],[17.0848675,51.1099549],[17.0848798,51.1099505],[17.084921,51.1099389]]}},{"type":"Feature","properties":{"layer":"roads"},"geometry":{"type":"LineString","coordinates":[[17.0799729,51.1063486],[17.0799289,51.1063378],[17.0799186,51.1063318],[17.0799083,51.1063259],[17.079898,51.1063199],[17.0798877,51.1063139],[17.0798776,51.1063076],[17.0798675,51.1063013],[17.0798574,51.106295],[17.0798473,51.1062888],[17.0798372,51.1062825],[17.0798271,51.1062762],[17.079817,51.1062699],[17.0798069,51.1062636],[17.0797968,51.1062573],[17.0797867,51.1062511],[17.0797766,51.1062448],[17.0797665,51.1062385],[17.0797564,51.1062322],[17.0797463,51.1062259],[17.0797362,51.1062196],[17.0797261,51.1062133],[17.079716,51.1062071],[17.0797059,51.1062008],[17.0796958,51.1061945],[17.0796857,51.1061882],[17.0796765,51.1061813],[17.0796673,51.1061744],[17.079658,51.1061676],[17.0796488,51.1061607],[17.0796396,51.1061538],[17.0796304,51.1061469],[17.0796211,51.10614],[17.0796119,51.1061332],[17.0796027,51.1061263],[17.0795935,51.1061194],[17.0795842,51.1061125],[17.079575,51.1061057],[17.0795658,51.1060988],[17.0795566,51.1060919],[17.0795474,51.106085],[17.0795381,51.1060781],[17.0795289,51.1060713],[17.0795197,51.1060644],[17.0795105,51.1060575],[17.0795012,51.1060506],[17.079492,51.1060437],[17.0794828,51.1060369],[17.0794736,51.10603],[17.0794643,51.1060231],[17.0794551,51.1060162],[17.0794459,51.1060094],[17.0794367,51.1060025],[17.0794275,51.1059956],[17.0794182,51.1059887],[17.079409,51.1059818],[17.0793998,51.105975],[17.0793906,51.1059681],[17.0793813,51.1059612],[17.0793721,51.1059543],[17.0793629,51.1059474],[17.0793537,51.1059406],[17.0793444,51.1059337],[17.0793352,51.1059268],[17.079326,51.1059199],[17.0793168,51.105913],[17.0793076,51.1059062],[17.0792983,51.1058993],[17.0792891,51.1058924],[17.0792799,51.1058855],[17.0792707,51.1058787],[17.0792614,51.1058718],[17.0792522,51.1058649],[17.079243,51.105858],[17.0792009,51.1058349]]}},{"type":"Feature","properties":{"layer":"roads"},"geometry":{"type":"LineString","coordinates":[[17.0799729,51.1063486],[17.0799902,51.1063735],[17.0800197,51.1063907],[17.0800295,51.1063965],[17.0800394,51.1064022],[17.0800686,51.1064227]]}},{"type":"Feature","properties":{"layer":"roads"},"geometry":{"type":"LineString","coordinates":[[17.0799729,51.1063486],[17.0799916,51.106315],[17.0799935,51.1063063],[17.0799954,51.1062975],[17.0799972,51.1062887],[17.0799991,51.1062799],[17.080001,51.1062711],[17.0800028,51.1062624],[17.0800047,51.1062536],[17.0800066,51.1062448],[17.0800084,51.106236],[17.0800103,51.1062272],[17.0800122,51.1062185],[17.080014,51.1062097],[17.0800159,51.1062009],[17.0800178,51.1061921],[17.0800196,51.1061834],[17.0800215,51.1061746],[17.0800234,51.1061658],[17.0800252,51.106157],[17.0800271,51.1061482],[17.080029,51.1061395],[17.0800309,51.1061307],[17.0800327,51.1061219],[17.0800346,51.1061131],[17.0800365,51.1061044],[17.0800383,51.1060956],[17.0800402,51.1060868],[17.0800431,51.1060789],[17.080046,51.1060709],[17.0800489,51.106063],[17.0800518,51.106055],[17.0800547,51.1060471],[17.0800576,51.1060391],[17.0800605,51.1060311],[17.0800634,51.1060232],[17.080069,51.1060155],[17.0800745,51.1060077],[17.08008,51.1059999],[17.0800856,51.1059922],[17.0800911,51.1059845],[17.0800967,51.1059767],[17.0801286,51.1059551]]}},{"type":"Feature","properties":{"layer":"roads"},"geometry":{"type":"LineString","coordinates":[[17.0792009,51.1058349],[17.0791718,51.1058589],[17.0791632,51.105866],[17.0791546,51.1058731],[17.079146,51.1058802],[17.0791374,51.1058873],[17.0791289,51.1058944],[17.0791203,51.1059015],[17.0791117,51.1059086],[17.0791031,51.1059157],[17.0790945,51.1059228],[17.0790859,51.1059299],[17.0790774,51.105937],[17.0790688,51.1059441],[17.0790602,51.1059512],[17.0790516,51.1059583],[17.079043,51.1059654],[17.0790087,51.1059938]]}},{"type":"Feature","properties":{"layer":"roads"},"geometry":{"type":"LineString","coordinates":[[17.0792009,51.1058349],[17.0791724,51.1058015],[17.079164,51.1057943],[17.0791555,51.105787],[17.0791471,51.1057798],[17.0791387,51.1057725],[17.0791303,51.1057653],[17.0791218,51.105758],[17.0791134,51.1057507],[17.079105,51.1057435],[17.0790966,51.1057362],[17.0790882,51.105729],[17.0790797,51.1057218],[17.0790713,51.1057145],[17.0790629,51.1057073],[17.0790545,51.1057],[17.079046,51.1056928],[17.0790376,51.1056855],[17.0790292,51.1056783],[17.0790208,51.105671],[17.0790123,51.1056637],[17.0790039,51.1056565],[17.0789955,51.1056492],[17.0789871,51.105642],[17.0789786,51.1056348],[17.0789702,51.1056275],[17.0789365,51.1055985]]}},{"type":"Feature","properties":{"layer":"roads"},"geometry":{"type":"LineString","coordinates":[[17.0792009,51.1058349],[17.0792396,51.1058025],[17.079248,51.1057954],[17.0792564,51.1057884],[17.0792648,51.1057814],[17.0792732,51.1057744],[17.0792815,51.1057674],[17.0792899,51.1057604],[17.0792983,51.1057534],[17.0793067,51.1057464],[17.0793151,51.1057394],[17.0793234,51.1057324],[17.0793318,51.1057253],[17.0793402,51.1057183],[17.0793486,51.1057113],[17.079357,51.1057043],[17.0793654,51.1056973],[17.0793737,51.1056903],[17.0793821,51.1056833],[17.0793905,51.1056763],[17.0793989,51.1056693],[17.0794073,51.1056623],[17.0794157,51.1056552],[17.079424,51.1056482],[17.0794324,51.1056412],[17.0794408,51.1056342],[17.0794492,51.1056272],[17.0794576,51.1056202],[17.0794659,51.1056132],[17.0794743,51.1056062],[17.0794827,51.1055992],[17.0794911,51.1055922],[17.0794995,51.1055851],[17.0795284,51.1055541]]}},{"type":"Feature","properties":{"layer":"roads"},"geometry":{"type":"LineString","coordinates":[[17.0797019,51.1174259],[17.0797118,51.1173978],[17.0797205,51.1173907],[17.0797291,51.1173837],[17.0797378,51.1173766],[17.0797474,51.1173711],[17.0797571,51.1173656],[17.0797667,51.1173601],[17.0797763,51.1173546],[17.0797859,51.1173492],[17.0797956,51.1173437],[17.0798052,51.1173382],[17.0798148,51.1173327],[17.0798277,51.1173303],[17.0798406,51.1173278],[17.0798535,51.1173254],[17.0798664,51.1173229],[17.0798793,51.1173205],[17.0798921,51.1173181],[17.079905,51.1173156],[17.0799179,51.1173132],[17.0799308,51.1173107],[17.0799437,51.1173083],[17.0799573,51.1173062],[17.0799709,51.1173042],[17.0799846,51.1173021],[17.0799982,51.1173001],[17.0800118,51.117298],[17.0800255,51.1172959],[17.0800391,51.1172939],[17.0800527,51.1172918],[17.0800663,51.1172898],[17.08008,51.1172877],[17.0800936,51.1172857],[17.0801072,51.1172836],[17.0801211,51.117282],[17.080135,51.1172803],[17.0801489,51.1172787],[17.0801628,51.117277],[17.0801767,51.1172754],[17.0801906,51.1172737],[17.0802045,51.1172721],[17.0802184,51.1172704],[17.0802323,51.1172688],[17.0802462,51.1172671],[17.0802602,51.1172655],[17.0802741,51.1172638],[17.080288,51.1172622],[17.0803019,51.1172605],[17.0803158,51.1172589],[17.0803297,51.1172572],[17.0803436,51.1172556],[17.0803575,51.1172539],[17.0803714,51.1172523],[17.0803853,51.1172506],[17.0803992,51.117249],[17.0804129,51.1172472],[17.0804265,51.1172454],[17.0804402,51.1172437],[17.0804538,51.1172419],[17.0804675,51.1172401],[17.0804811,51.1172383],[17.0804948,51.1172366],[17.0805084,51.1172348],[17.0805221,51.117233],[17.0805358,51.1172312],[17.0805494,51.1172295],[17.0805631,51.1172277],[17.0805767,51.1172259],[17.0805904,51.1172241],[17.080604,51.1172224],[17.0806177,51.1172206],[17.0806314,51.1172188],[17.080645,51.117217],[17.0806587,51.1172153],[17.0806723,51.1172135],[17.0807124,51.1171974]]}},{"type":"Feature","properties":{"layer":"roads"},"geometry":{"type":"LineString","coordinates":[[17.0797019,51.1174259],[17.0797559,51.1174343],[17.079769,51.1174356],[17.0797821,51.117437],[17.0797952,51.1174384],[17.0798084,51.1174398],[17.0798215,51.1174411],[17.0798346,51.1174425],[17.0798477,51.1174439],[17.0798605,51.1174465],[17.0798733,51.1174492],[17.0798862,51.1174518],[17.079899,51.1174545],[17.0799118,51.1174571],[17.0799246,51.1174597],[17.0799374,51.1174624],[17.0799503,51.117465],[17.0799631,51.1174677],[17.0799759,51.1174703],[17.0799882,51.1174739],[17.0800004,51.1174775],[17.0800127,51.1174811],[17.080025,51.1174847],[17.0800373,51.1174882],[17.0800495,51.1174918],[17.0800618,51.1174954],[17.0800741,51.117499],[17.0800863,51.1175026],[17.0800986,51.1175062],[17.0801109,51.1175098],[17.0801231,51.1175134],[17.0801354,51.1175169],[17.0801477,51.1175205],[17.08016,51.1175241],[17.0801722,51.1175277],[17.0801845,51.1175313],[17.0801962,51.1175359],[17.0802079,51.1175405],[17.0802196,51.1175451],[17.0802313,51.1175497],[17.080243,51.1175543],[17.0802547,51.1175589],[17.0802664,51.1175635],[17.0802781,51.1175681],[17.0802898,51.1175727],[17.0803016,51.1175772],[17.0803133,51.1175818],[17.080325,51.1175864],[17.0803367,51.117591],[17.0803484,51.1175956],[17.0803601,51.1176002],[17.0803718,51.1176048],[17.0803835,51.1176094],[17.0803952,51.117614],[17.0804069,51.1176186],[17.0804191,51.117623],[17.0804313,51.1176273],[17.0804434,51.1176317],[17.0804556,51.1176361],[17.0804678,51.1176405],[17.0804799,51.1176448],[17.0804921,51.1176492],[17.0805043,51.1176536],[17.0805165,51.117658],[17.0805286,51.1176624],[17.0805408,51.1176667],[17.080553,51.1176711],[17.080564,51.1176754],[17.0806094,51.1176769]]}},{"type":"Feature","properties":{"layer":"roads"},"geometry":{"type":"LineString","coordinates":[[17.0807124,51.1171974],[17.0807951,51.1171968],[17.0808087,51.1171949],[17.0808223,51.117193],[17.080836,51.117191],[17.0808496,51.1171891],[17.0808632,51.1171871],[17.0808768,51.1171852],[17.0808905,51.1171832],[17.0809041,51.1171813],[17.0809587,51.1171758]]}},{"type":"Feature","properties":{"layer":"roads"},"geometry":{"type":"LineString","coordinates":[[17.0807124,51.1171974],[17.0806824,51.1171686],[17.0806727,51.1171626],[17.080663,51.1171566],[17.0806358,51.1171398],[17.0806139,51.1171266],[17.0806037,51.1171206],[17.0805934,51.1171145],[17.0805832,51.1171085],[17.0805729,51.1171025],[17.0805627,51.1170965],[17.0805524,51.1170905],[17.0805421,51.1170845],[17.0805319,51.1170785],[17.0805216,51.1170724],[17.0805114,51.1170664],[17.0805011,51.1170604],[17.0804912,51.1170544],[17.0804813,51.1170483],[17.0804713,51.1170423],[17.0804614,51.1170362],[17.0804515,51.1170302],[17.0804416,51.1170242],[17.0804317,51.1170181],[17.0804217,51.1170121],[17.0804118,51.117006],[17.0804019,51.117],[17.080392,51.116994],[17.0803821,51.1169879],[17.0803721,51.1169819],[17.0803622,51.1169758],[17.0803523,51.1169698],[17.0803424,51.1169638],[17.0803325,51.1169577],[17.0803225,51.1169517],[17.0803126,51.1169456],[17.0803027,51.1169396],[17.0802928,51.1169336],[17.0802829,51.1169277],[17.080273,51.1169217],[17.0802631,51.1169158],[17.0802532,51.1169098],[17.0802286,51.1168855]]}},{"type":"Feature","properties":{"layer":"roads"},"geometry":{"type":"LineString","coordinates":[[17.0828203,51.1083256],[17.0827766,51.1083683],[17.0827704,51.1083762],[17.0827641,51.1083841],[17.0827578,51.1083921],[17.0827515,51.1084],[17.0827453,51.1084079],[17.0827212,51.1084397]]}},{"type":"Feature","properties":{"layer":"roads"},"geometry":{"type":"LineString","coordinates":[[17.0828203,51.1083256],[17.0828523,51.1083464],[17.082865,51.1083488],[17.0828776,51.1083512],[17.0828902,51.1083536],[17.0829029,51.108356],[17.0829155,51.1083584],[17.0829282,51.1083609],[17.0829408,51.1083633],[17.0829535,51.1083657],[17.0829674,51.1083665],[17.0829814,51.1083674],[17.0829953,51.1083682],[17.0830092,51.1083691],[17.0830232,51.1083699],[17.0830371,51.1083708],[17.0830511,51.1083716],[17.083065,51.1083725],[17.0830789,51.1083733],[17.0830929,51.1083742],[17.0831068,51.108375],[17.0831207,51.1083759],[17.0831347,51.1083767],[17.0831486,51.1083776],[17.0831626,51.1083784],[17.0831765,51.1083793],[17.0831904,51.1083801],[17.0832044,51.108381],[17.0832183,51.1083818],[17.0832322,51.1083827],[17.0832462,51.1083835],[17.0832601,51.1083844],[17.0832741,51.1083852],[17.083288,51.1083861],[17.0833019,51.1083869],[17.0833159,51.1083878],[17.0833298,51.1083886],[17.0833435,51.1083882],[17.0833572,51.1083878],[17.0833708,51.1083873],[17.0833845,51.1083869],[17.0833982,51.1083865],[17.0834119,51.1083861],[17.0834255,51.1083856],[17.0834392,51.1083852],[17.0834529,51.1083848],[17.0834666,51.1083844],[17.0834802,51.1083839],[17.0834939,51.1083835],[17.0835076,51.1083831],[17.0835213,51.1083827],[17.0835349,51.1083822],[17.0835486,51.1083818],[17.0835623,51.1083814],[17.083576,51.108381],[17.0835896,51.1083805],[17.0836033,51.1083801],[17.083617,51.1083797],[17.0836308,51.1083775],[17.0836446,51.1083753],[17.0836584,51.1083732],[17.0836722,51.108371],[17.083686,51.1083688],[17.0836998,51.1083666],[17.0837136,51.1083645],[17.0837274,51.1083623],[17.0837412,51.1083601],[17.083755,51.1083579],[17.0837688,51.1083557],[17.0837825,51.1083536],[17.0837963,51.1083514],[17.0838101,51.1083492],[17.0838239,51.108347],[17.0838377,51.1083448],[17.0838515,51.1083427],[17.0838653,51.1083405],[17.0838791,51.1083383],[17.0839302,51.1083234]]}},{"type":"Feature","properties":{"layer":"roads"},"geometry":{"type":"LineString","coordinates":[[17.0828203,51.1083256],[17.0828449,51.108301],[17.0828535,51.1082938],[17.0828622,51.1082867],[17.0828708,51.1082795],[17.0828794,51.1082724],[17.0828881,51.1082652],[17.0828967,51.1082581],[17.0829053,51.1082509],[17.082914,51.1082437],[17.0829226,51.1082366],[17.0829312,51.1082294],[17.0829399,51.1082223],[17.0829485,51.1082151],[17.0829572,51.108208],[17.0829658,51.1082008],[17.0829744,51.1081937],[17.0829831,51.1081865],[17.0829917,51.1081794],[17.0830019,51.1081734],[17.0830121,51.1081675],[17.0830223,51.1081615],[17.0830325,51.1081555],[17.0830427,51.1081496],[17.0830529,51.1081436],[17.0830631,51.1081376],[17.0830733,51.1081317],[17.0830835,51.1081257],[17.0830938,51.1081197],[17.083104,51.1081138],[17.0831142,51.1081078],[17.0831244,51.1081018],[17.0831346,51.1080959],[17.0831448,51.1080899],[17.083155,51.1080839],[17.0831652,51.108078],[17.0831754,51.108072],[17.0831872,51.1080671],[17.0831989,51.1080621],[17.0832107,51.1080572],[17.0832225,51.1080523],[17.0832343,51.1080473],[17.083246,51.1080424],[17.0832578,51.1080375],[17.0832696,51.1080326],[17.0832814,51.1080276],[17.0832931,51.1080227],[17.0833049,51.1080178],[17.0833167,51.1080128],[17.0833285,51.1080079],[17.0833402,51.108003],[17.083352,51.107998],[17.0833638,51.1079931],[17.0833756,51.1079882],[17.0833873,51.1079833],[17.0833991,51.1079783],[17.0834109,51.1079734],[17.0834239,51.1079701],[17.0834368,51.1079668],[17.0834498,51.1079635],[17.0834627,51.1079601],[17.0834757,51.1079568],[17.0834886,51.1079535],[17.0835016,51.1079502],[17.0835146,51.1079469],[17.0835275,51.1079436],[17.0835405,51.1079403],[17.0835534,51.1079369],[17.0835664,51.1079336],[17.0835793,51.1079303],[17.0835923,51.107927],[17.0836053,51.1079237],[17.0836182,51.1079204],[17.0836312,51.1079171],[17.0836804,51.1079185]]}},{"type":"Feature","properties":{"layer":"roads"},"geometry":{"type":"LineString","coordinates":[[17.0839302,51.1083234],[17.0839102,51.108298],[17.0839041,51.10829],[17.0838981,51.1082821],[17.0838921,51.1082742],[17.083886,51.1082663],[17.08388,51.1082584],[17.0838739,51.1082505],[17.0838679,51.1082426],[17.0838619,51.1082347],[17.0838558,51.1082267],[17.0838498,51.1082188],[17.0838438,51.1082109],[17.0838377,51.108203],[17.0838317,51.1081951],[17.0838257,51.1081872],[17.0838196,51.1081793],[17.0838136,51.1081714],[17.0838076,51.1081635],[17.0838015,51.1081555],[17.0837955,51.1081476],[17.0837895,51.1081397],[17.0837834,51.1081318],[17.0837774,51.1081239],[17.0837713,51.108116],[17.0837653,51.1081081],[17.0837593,51.1081002],[17.0837532,51.1080922],[17.0837472,51.1080843],[17.0837412,51.1080764],[17.0837351,51.1080685],[17.0837291,51.1080606],[17.0837265,51.1080519],[17.083724,51.1080432],[17.0837214,51.1080345],[17.0837189,51.1080258],[17.0837163,51.108017],[17.0837137,51.1080083],[17.0837112,51.1079996],[17.0837086,51.1079909],[17.083706,51.1079822],[17.0837035,51.1079735],[17.0837009,51.1079648],[17.0836984,51.1079561],[17.0836958,51.1079474],[17.0836804,51.1079185]]}},{"type":"Feature","properties":{"layer":"roads"},"geometry":{"type":"LineString","coordinates":[[17.0820911,51.1086438],[17.0820682,51.1086703],[17.082062,51.1086782],[17.0820557,51.1086861],[17.0820494,51.1086939],[17.0820432,51.1087018],[17.0820369,51.1087097],[17.0820307,51.1087175],[17.0820244,51.1087254],[17.0820182,51.1087333],[17.0820119,51.1087411],[17.0820056,51.108749],[17.0819994,51.1087569],[17.0819931,51.1087648],[17.0819869,51.1087726],[17.0819806,51.1087805],[17.0819743,51.1087884],[17.0819681,51.1087962],[17.0819618,51.1088041],[17.0819556,51.108812],[17.0819493,51.1088198],[17.081943,51.1088277],[17.0819368,51.1088356],[17.0819305,51.1088435],[17.0819243,51.1088513],[17.081918,51.1088592],[17.0819117,51.1088671],[17.0819055,51.1088749],[17.0818992,51.1088828],[17.081893,51.1088907],[17.0818867,51.1088986],[17.0818804,51.1089064],[17.0818742,51.1089143],[17.0818679,51.1089222],[17.0818617,51.10893],[17.0818554,51.1089379],[17.0818492,51.1089458],[17.0818429,51.1089536],[17.0818366,51.1089615],[17.0818304,51.1089694],[17.0818241,51.1089773],[17.0818179,51.1089851],[17.0818116,51.108993],[17.0818055,51.1090009],[17.0817995,51.1090089],[17.0817934,51.1090168],[17.0817873,51.1090248],[17.0817812,51.1090327],[17.0817752,51.1090407],[17.0817691,51.1090486],[17.081763,51.1090566],[17.081757,51.1090645],[17.0817509,51.1090725],[17.0817448,51.1090804],[17.0817387,51.1090884],[17.0817327,51.1090963],[17.0817266,51.1091043],[17.0817205,51.1091122],[17.0817145,51.1091202],[17.0817084,51.1091281],[17.0817023,51.1091361],[17.0816963,51.109144],[17.0816902,51.1091519],[17.0816841,51.1091599],[17.081678,51.1091678],[17.081672,51.1091758],[17.0816659,51.1091837],[17.0816598,51.1091917],[17.0816538,51.1091996],[17.0816477,51.1092076],[17.0816416,51.1092155],[17.0816355,51.1092235],[17.0816295,51.1092314],[17.0816234,51.1092394],[17.0816173,51.1092473],[17.0816113,51.1092553],[17.0816052,51.1092632],[17.0815991,51.1092712],[17.081569,51.1092979]]}},{"type":"Feature","properties":{"layer":"roads"},"geometry":{"type":"LineString","coordinates":[[17.0820911,51.1086438],[17.0821138,51.1086159],[17.0821205,51.1086081],[17.0821272,51.1086004],[17.082134,51.1085927],[17.0821407,51.108585],[17.0821474,51.1085773],[17.0821541,51.1085696],[17.0821608,51.1085619],[17.0821675,51.1085542],[17.0821742,51.1085465],[17.0821809,51.1085387],[17.0821876,51.108531],[17.0821943,51.1085233],[17.082201,51.1085156],[17.0822077,51.1085079],[17.0822144,51.1085002],[17.0822212,51.1084925],[17.0822279,51.1084848],[17.0822346,51.108477],[17.0822413,51.1084693],[17.0822746,51.108444]]}},{"type":"Feature","properties":{"layer":"roads"},"geometry":{"type":"LineString","coordinates":[[17.0820911,51.1086438],[17.0821357,51.1086585],[17.0821495,51.1086605],[17.0821633,51.1086626],[17.0821771,51.1086646],[17.0821908,51.1086666],[17.0822046,51.1086687],[17.0822184,51.1086707],[17.0822322,51.1086728],[17.082246,51.1086748],[17.0822583,51.1086777],[17.0822706,51.1086807],[17.0822828,51.1086836],[17.0822951,51.1086866],[17.0823074,51.1086895],[17.0823197,51.1086924],[17.082332,51.1086954],[17.0823442,51.1086983],[17.0823565,51.1087013],[17.0823688,51.1087042],[17.0823811,51.1087075],[17.0823933,51.1087109],[17.0824056,51.1087142],[17.0824549,51.1087216]]}},{"type":"Feature","properties":{"layer":"roads"},"geometry":{"type":"LineString","coordinates":[[17.0820911,51.1086438],[17.08204,51.1086314],[17.0819743,51.1086322]]}},{"type":"Feature","properties":{"layer":"roads"},"geometry":{"type":"LineString","coordinates":[[17.081569,51.1092979],[17.0815567,51.1093262],[17.0815507,51.109334],[17.0815446,51.1093418],[17.0815386,51.1093495],[17.0815326,51.1093573],[17.0815265,51.1093651],[17.0815205,51.1093729],[17.0815144,51.1093807],[17.0815084,51.1093885],[17.0815024,51.1093963],[17.0814963,51.1094041],[17.0814903,51.1094119],[17.0814842,51.1094197],[17.0814782,51.1094275],[17.0814721,51.1094352],[17.0814661,51.109443],[17.0814601,51.1094508],[17.0814325,51.1094742]]}},{"type":"Feature","properties":{"layer":"roads"},"geometry":{"type":"LineString","coordinates":[[17.081569,51.1092979],[17.0815336,51.1092814],[17.081486,51.1092749]]}},{"type":"Feature","properties":{"layer":"roads"},"geometry":{"type":"LineString","coordinates":[[17.0838174,51.1149429],[17.0838123,51.1149133],[17.083808,51.1149048],[17.0838038,51.1148963],[17.0837995,51.1148878],[17.0837952,51.1148793],[17.0837909,51.1148709],[17.0837867,51.1148624],[17.0837824,51.1148539],[17.0837793,51.1148455],[17.0837762,51.1148371],[17.083773,51.1148287],[17.0837699,51.1148203],[17.0837668,51.1148119],[17.0837637,51.1148035],[17.0837606,51.1147951],[17.0837574,51.1147867],[17.0837543,51.1147783],[17.0837512,51.1147699],[17.0837481,51.1147615],[17.083745,51.1147531],[17.0837418,51.1147447],[17.0837387,51.1147363],[17.0837203,51.1147034]]}},{"type":"Feature","properties":{"layer":"roads"},"geometry":{"type":"LineString","coordinates":[[17.0838174,51.1149429],[17.0837742,51.1149551],[17.0837604,51.1149571],[17.0837467,51.1149591],[17.0837329,51.1149611],[17.0837191,51.1149631],[17.0837053,51.114965],[17.0836915,51.114967],[17.0836777,51.114969],[17.0836639,51.114971],[17.0836501,51.114973],[17.0836363,51.114975],[17.0836225,51.1149769],[17.0836087,51.1149789],[17.0835949,51.1149809],[17.0835812,51.1149829],[17.0835674,51.1149849],[17.083505,51.1149949]]}},{"type":"Feature","properties":{"layer":"roads"},"geometry":{"type":"LineString","coordinates":[[17.0801286,51.1059551],[17.0800955,51.105916],[17.0800855,51.1059096],[17.0800754,51.1059032],[17.0800654,51.1058967],[17.0800553,51.1058903],[17.0800453,51.1058839],[17.0800352,51.1058775],[17.0800252,51.1058711],[17.0800152,51.1058647],[17.0800051,51.1058583],[17.0799951,51.1058519],[17.079985,51.1058455],[17.079975,51.1058391],[17.0799649,51.1058327],[17.0799549,51.1058262],[17.0799448,51.1058198],[17.0799348,51.1058134],[17.0799248,51.105807],[17.0799147,51.1058006],[17.0799047,51.1057942],[17.0798946,51.1057878],[17.0798846,51.1057814],[17.0798745,51.105775],[17.0798645,51.1057686],[17.0798544,51.1057622],[17.0798444,51.1057558],[17.0798343,51.1057494],[17.0798243,51.1057429],[17.0798143,51.1057365],[17.0798042,51.1057301],[17.0797942,51.1057237],[17.0797841,51.1057173],[17.0797741,51.1057109],[17.079764,51.1057045],[17.079754,51.1056981],[17.0797439,51.1056917],[17.0797339,51.1056853],[17.0797239,51.1056789],[17.0797138,51.1056725],[17.0797038,51.105666],[17.0796937,51.1056596],[17.0796837,51.1056532],[17.0796736,51.1056468],[17.0796636,51.1056404],[17.0796535,51.105634],[17.0796435,51.1056276],[17.0796335,51.1056212],[17.0796234,51.1056148],[17.0796134,51.1056084],[17.0796033,51.105602],[17.0795933,51.1055955],[17.0795832,51.1055891],[17.0795732,51.1055827],[17.0795631,51.1055763],[17.0795284,51.1055541]]}},{"type":"Feature","properties":{"layer":"roads"},"geometry":{"type":"LineString","coordinates":[[17.081486,51.1092749],[17.081441,51.1092659],[17.0814341,51.1092596],[17.0814269,51.1092522],[17.0814197,51.1092448],[17.0814125,51.1092375],[17.0814053,51.1092301],[17.0813981,51.1092227],[17.0813624,51.1091957]]}},{"type":"Feature","properties":{"layer":"roads"},"geometry":{"type":"LineString","coordinates":[[17.081486,51.1092749],[17.0814562,51.1093071],[17.0814501,51.109315],[17.081444,51.109323],[17.0814379,51.109331],[17.0814318,51.109339],[17.0814257,51.109347],[17.0814196,51.1093549],[17.0814135,51.1093629],[17.0814073,51.1093709],[17.0814012,51.1093789],[17.0813951,51.1093869],[17.081389,51.1093948],[17.0813829,51.1094028],[17.0813768,51.1094108],[17.0813707,51.1094188],[17.0813517,51.1094524]]}},{"type":"Feature","properties":{"layer":"roads"},"geometry":{"type":"LineString","coordinates":[[17.081486,51.1092749],[17.0815048,51.1092436],[17.081511,51.1092355],[17.0815172,51.1092274],[17.0815234,51.1092193],[17.0815295,51.1092113],[17.0815357,51.1092032],[17.0815419,51.1091951],[17.0815481,51.109187],[17.0815542,51.109179],[17.0815604,51.1091709],[17.0815666,51.1091628],[17.0815728,51.1091547],[17.081579,51.1091466],[17.0815851,51.1091386],[17.0815913,51.1091305],[17.0815975,51.1091224],[17.0816037,51.1091143],[17.0816098,51.1091063],[17.081616,51.1090982],[17.0816222,51.1090901],[17.0816285,51.1090821],[17.0816348,51.1090741],[17.0816411,51.1090661],[17.0816474,51.109058],[17.0816536,51.10905],[17.0816599,51.109042],[17.0816662,51.109034],[17.0816725,51.109026],[17.0816788,51.109018],[17.0816851,51.1090099],[17.0816914,51.1090019],[17.0816977,51.1089939],[17.0817039,51.1089859],[17.0817102,51.1089779],[17.0817165,51.1089699],[17.0817228,51.1089618],[17.0817291,51.1089538],[17.0817354,51.1089458],[17.0817417,51.1089378],[17.081748,51.1089298],[17.0817542,51.1089218],[17.0817605,51.1089137],[17.0817668,51.1089057],[17.0817731,51.1088977],[17.0817794,51.1088897],[17.0817857,51.1088817],[17.081792,51.1088737],[17.0817982,51.1088656],[17.0818045,51.1088576],[17.0818108,51.1088496],[17.0818171,51.1088416],[17.0818234,51.1088336],[17.0818297,51.1088256],[17.081836,51.1088176],[17.0818423,51.1088095],[17.0818486,51.1088015],[17.0818548,51.1087935],[17.0818611,51.1087855],[17.0818674,51.1087775],[17.0818737,51.1087695],[17.08188,51.1087614],[17.0818863,51.1087534],[17.0818926,51.1087454],[17.0818988,51.1087374],[17.0819051,51.1087294],[17.0819114,51.1087214],[17.0819177,51.1087133],[17.081924,51.1087053],[17.0819303,51.1086973],[17.0819366,51.1086893],[17.0819429,51.1086813],[17.0819491,51.1086733],[17.0819554,51.1086652],[17.0819743,51.1086322]]}},{"type":"Feature","properties":{"layer":"roads"},"geometry":{"type":"LineString","coordinates":[[17.0819743,51.1086322],[17.0819173,51.1086391],[17.081903,51.1086385],[17.0818888,51.108638],[17.0818745,51.1086375],[17.0818603,51.108637],[17.081846,51.1086364],[17.0818318,51.1086359],[17.0818176,51.1086354],[17.0818033,51.1086348],[17.0817583,51.1086273]]}},{"type":"Feature","properties":{"layer":"roads"},"geometry":{"type":"LineString","coordinates":[[17.084921,51.1099389],[17.0849436,51.109964],[17.0849441,51.1099728],[17.0849447,51.1099817],[17.0849453,51.1099905],[17.0849458,51.1099994],[17.0849464,51.1100082],[17.0849469,51.1100171],[17.0849475,51.1100259],[17.0849481,51.1100348],[17.0849486,51.1100436],[17.0849492,51.1100525],[17.0849498,51.1100613],[17.0849503,51.1100702],[17.0849509,51.110079],[17.084948,51.1100875],[17.0849451,51.1100959],[17.0849422,51.1101044],[17.0849394,51.1101129],[17.0849365,51.1101213],[17.0849336,51.1101298],[17.0849307,51.1101383],[17.0849278,51.1101467],[17.0849249,51.1101552],[17.0849221,51.1101637],[17.0849192,51.1101722],[17.0849163,51.1101806],[17.0849134,51.1101891],[17.0849105,51.1101976],[17.0849076,51.110206],[17.0849048,51.1102145],[17.0849019,51.110223],[17.084899,51.1102314],[17.0848961,51.1102399],[17.0848923,51.1102483],[17.0848886,51.1102568],[17.0848848,51.1102652],[17.0848811,51.1102737],[17.0848773,51.1102821],[17.0848736,51.1102905],[17.0848698,51.110299],[17.084866,51.1103074],[17.0848623,51.1103158],[17.0848585,51.1103243],[17.0848548,51.1103327],[17.084851,51.1103412],[17.0848473,51.1103496],[17.0848435,51.110358],[17.0848397,51.1103665],[17.084836,51.1103749],[17.0848322,51.1103833],[17.0848285,51.1103918],[17.0848247,51.1104002],[17.084821,51.1104087],[17.0848172,51.1104171],[17.0848114,51.1104253],[17.0848055,51.1104334],[17.0847997,51.1104416],[17.0847939,51.1104497],[17.084788,51.1104579],[17.0847822,51.110466],[17.0847763,51.1104742],[17.0847705,51.1104823],[17.0847647,51.1104905],[17.0847588,51.1104986],[17.084753,51.1105068],[17.0847472,51.110515],[17.0847413,51.1105231],[17.0847355,51.1105313],[17.0847297,51.1105394],[17.0847238,51.1105476],[17.084718,51.1105557],[17.084684,51.1105772]]}},{"type":"Feature","properties":{"layer":"roads"},"geometry":{"type":"LineString","coordinates":[[17.0814427,51.1159889],[17.0814624,51.1159604],[17.0814616,51.1159514],[17.0814608,51.1159424],[17.08146,51.1159335],[17.0814591,51.1159245],[17.0814583,51.1159156],[17.0814575,51.1159066],[17.0814567,51.1158977],[17.0814559,51.1158887],[17.0814551,51.1158797],[17.0814543,51.1158708],[17.0814535,51.1158618],[17.0814527,51.1158529],[17.0814519,51.1158439],[17.0814511,51.1158349],[17.0814503,51.115826],[17.0814495,51.115817],[17.0814487,51.1158081],[17.0814478,51.1157991],[17.081447,51.1157902],[17.0814462,51.1157812],[17.0814454,51.1157722],[17.0814446,51.1157633],[17.0814438,51.1157543],[17.081443,51.1157454],[17.0814422,51.1157364],[17.0814404,51.1157281],[17.0814387,51.1157198],[17.0814369,51.1157115],[17.0814351,51.1157031],[17.0814334,51.1156948],[17.0814316,51.1156865],[17.0814249,51.1156789],[17.0814182,51.1156713],[17.0814116,51.1156637],[17.0814049,51.1156561],[17.0813982,51.1156485],[17.0813915,51.1156409],[17.0813849,51.1156333],[17.0813782,51.1156257],[17.0813715,51.1156181],[17.0813648,51.1156105],[17.0813581,51.1156029],[17.0813515,51.1155952],[17.0813448,51.1155876],[17.0813381,51.11558],[17.0813314,51.1155724],[17.0813247,51.1155648],[17.0813181,51.1155572],[17.0813114,51.1155496],[17.0813047,51.115542],[17.081298,51.1155344],[17.0812914,51.1155268],[17.0812847,51.1155192],[17.081278,51.1155116],[17.0812709,51.115504],[17.0812639,51.1154965],[17.0812568,51.1154889],[17.0812498,51.1154814],[17.0812427,51.1154738],[17.0812356,51.1154663],[17.0812286,51.1154587],[17.0812215,51.1154512],[17.0812145,51.1154436],[17.0812074,51.1154361],[17.0812004,51.1154285],[17.0811933,51.115421],[17.0811862,51.1154134],[17.0811792,51.1154059],[17.0811721,51.1153983],[17.0811651,51.1153908],[17.081158,51.1153832],[17.0811557,51.1153746],[17.0811534,51.1153659],[17.081204,51.1153514]]}},{"type":"Feature","properties":{"layer":"roads"},"geometry":{"type":"LineString","coordinates":[[17.081204,51.1153514],[17.0811434,51.1153483],[17.0810753,51.1153454],[17.0810555,51.1153377],[17.0810331,51.115312]]}},{"type":"Feature","properties":{"layer":"roads"},"geometry":{"type":"LineString","coordinates":[[17.0791438,51.116733],[17.0791239,51.1167607],[17.0791168,51.1167676],[17.0791097,51.1167744],[17.0790991,51.1167804],[17.0790519,51.1168007]]}},{"type":"Feature","properties":{"layer":"roads"},"geometry":{"type":"LineString","coordinates":[[17.0791438,51.116733],[17.0791018,51.1167185],[17.0790892,51.1167148],[17.0790765,51.116711],[17.0790639,51.1167073],[17.0790512,51.1167036],[17.0790385,51.1166999],[17.0790259,51.1166962],[17.0790132,51.1166924],[17.0790006,51.1166887],[17.0789879,51.116685],[17.0789753,51.1166812],[17.0789626,51.1166775],[17.07895,51.1166738],[17.0789023,51.1166738]]}},{"type":"Feature","properties":{"layer":"roads"},"geometry":{"type":"LineString","coordinates":[[17.0791438,51.116733],[17.0791922,51.1167423],[17.0792054,51.1167452],[17.0792187,51.1167482],[17.0792319,51.1167512],[17.0792452,51.1167541],[17.0792584,51.1167571],[17.0792717,51.11676],[17.0792849,51.116763],[17.0792982,51.116766],[17.0793114,51.1167689],[17.0793247,51.1167719],[17.0793379,51.1167748],[17.0793512,51.1167778],[17.0793644,51.1167808],[17.0793777,51.1167837],[17.0793909,51.1167867],[17.0794042,51.1167896],[17.0794174,51.1167926],[17.0794307,51.1167956],[17.0794439,51.1167985],[17.0794572,51.1168015],[17.0794704,51.1168044],[17.0794837,51.1168074],[17.0794969,51.1168104],[17.0795102,51.1168133],[17.0795234,51.1168163],[17.0795367,51.1168192],[17.0795499,51.1168222],[17.0795632,51.1168252],[17.0795764,51.1168281],[17.0795897,51.1168311],[17.0796029,51.116834],[17.0796162,51.116837],[17.0796292,51.1168389],[17.0796422,51.1168407],[17.0796552,51.1168426],[17.0796682,51.1168444],[17.0796812,51.1168463],[17.0796942,51.1168481],[17.0797072,51.1168499],[17.0797202,51.1168518],[17.0797332,51.1168537],[17.0797462,51.1168555],[17.0797592,51.1168573],[17.0797722,51.1168592],[17.0797854,51.1168605],[17.0797985,51.1168618],[17.0798117,51.1168631],[17.0798248,51.1168644],[17.079838,51.1168657],[17.0798511,51.116867],[17.0798643,51.1168683],[17.0798774,51.1168696],[17.0798906,51.1168709],[17.0799037,51.1168722],[17.0799169,51.1168735],[17.0799311,51.1168739],[17.0799453,51.1168743],[17.0799595,51.1168748],[17.0799737,51.1168752],[17.0799879,51.1168756],[17.0800022,51.116876],[17.0800164,51.1168764],[17.0800306,51.1168769],[17.0800448,51.1168773],[17.080059,51.1168777],[17.0800732,51.1168781],[17.0800874,51.1168785],[17.0801016,51.1168789],[17.0801158,51.1168794],[17.08013,51.1168798],[17.0801443,51.1168802],[17.0801585,51.1168806],[17.0801727,51.116881],[17.0802286,51.1168855]]}},{"type":"Feature","properties":{"layer":"roads"},"geometry":{"type":"LineString","coordinates":[[17.0791438,51.116733],[17.0791707,51.1167045],[17.0791822,51.1166956],[17.079192,51.1166894],[17.0792018,51.1166831],[17.0792116,51.1166768],[17.0792213,51.1166706],[17.0792311,51.1166643],[17.0792409,51.116658],[17.0792507,51.1166518],[17.0792605,51.1166455],[17.0792703,51.1166393],[17.0792801,51.116633],[17.0792899,51.1166267],[17.0792996,51.1166205],[17.0793271,51.1166029],[17.0793514,51.116592],[17.0793641,51.1165885],[17.0793767,51.1165851],[17.0793893,51.1165817],[17.079402,51.1165782],[17.0794146,51.1165748],[17.0794272,51.1165713],[17.0794398,51.1165679],[17.0794525,51.1165645],[17.0794651,51.116561],[17.0794777,51.1165576],[17.0794904,51.1165541],[17.079503,51.1165507],[17.0795156,51.1165473],[17.0795283,51.1165438],[17.0795409,51.1165404],[17.0795526,51.1165358],[17.0795644,51.1165312],[17.0795761,51.1165267],[17.0795878,51.1165221],[17.0795995,51.1165175],[17.0796113,51.1165129],[17.079623,51.1165084],[17.0796347,51.1165038],[17.0796465,51.1164992],[17.0796582,51.1164946],[17.0796699,51.11649],[17.0796817,51.1164855],[17.0796934,51.1164809],[17.0797051,51.1164763],[17.0797168,51.1164717],[17.0797286,51.1164672],[17.0797403,51.1164626],[17.079752,51.116458],[17.0797638,51.1164534],[17.0797755,51.1164488],[17.0797872,51.1164443],[17.079799,51.1164397],[17.0798107,51.1164351],[17.0798224,51.1164305],[17.0798341,51.116426],[17.0798459,51.1164214],[17.0798576,51.1164168],[17.0798713,51.1164144],[17.079885,51.1164119],[17.0798987,51.1164095],[17.0799124,51.1164071],[17.0799261,51.1164047],[17.0799397,51.1164022],[17.0799534,51.1163998],[17.0799671,51.1163974],[17.0799808,51.1163949],[17.0799945,51.1163925],[17.0800086,51.1163916],[17.0800228,51.1163906],[17.080037,51.1163897],[17.0800889,51.1163801]]}},{"type":"Feature","properties":{"layer":"roads"},"geometry":{"type":"LineString","coordinates":[[17.0802286,51.1168855],[17.0802713,51.1168809],[17.0802853,51.1168805],[17.0802992,51.1168801],[17.0803132,51.1168798],[17.0803272,51.1168794],[17.0803412,51.1168791],[17.0803552,51.1168787],[17.0803692,51.1168783],[17.0803832,51.116878],[17.0803972,51.1168776],[17.0804112,51.1168773],[17.0804252,51.1168769],[17.0804392,51.1168765],[17.0804532,51.1168762],[17.0804671,51.1168758],[17.0804811,51.1168755],[17.0804951,51.1168751],[17.0805091,51.1168747],[17.0805231,51.1168744],[17.0805371,51.116874],[17.0805511,51.1168737],[17.0805651,51.1168733],[17.0805791,51.1168729],[17.0805931,51.1168726],[17.0806071,51.1168722],[17.0806211,51.1168719],[17.080635,51.1168715],[17.080649,51.1168711],[17.080663,51.1168708],[17.080677,51.1168704],[17.080691,51.1168701],[17.080705,51.1168697],[17.0807191,51.1168691],[17.0807332,51.1168686],[17.0807474,51.116868],[17.0807615,51.1168675],[17.0807756,51.1168669],[17.0807897,51.1168664],[17.0808038,51.1168658],[17.0808179,51.1168653],[17.0808321,51.1168647],[17.0808462,51.1168641],[17.0808603,51.1168636],[17.0808744,51.116863],[17.0808885,51.1168625],[17.0809027,51.1168619],[17.0809168,51.1168614],[17.0809309,51.1168608],[17.080945,51.1168602],[17.0809591,51.1168597],[17.0809733,51.1168591],[17.0809874,51.1168586],[17.0810015,51.116858],[17.0810156,51.1168575],[17.0810297,51.1168569],[17.0810439,51.1168563],[17.081058,51.1168558],[17.0810721,51.1168552],[17.0810862,51.1168547],[17.0811003,51.1168541],[17.0811144,51.1168536],[17.0811286,51.116853],[17.0811427,51.1168525],[17.0811568,51.1168519],[17.0811999,51.1168573]]}},{"type":"Feature","properties":{"layer":"roads"},"geometry":{"type":"LineString","coordinates":[[17.0791931,51.1155835],[17.0792079,51.1155576],[17.0792137,51.1155499],[17.0792195,51.1155423],[17.0792253,51.1155346],[17.0792312,51.115527],[17.079237,51.1155193],[17.0792428,51.1155117],[17.0792486,51.115504],[17.0792544,51.1154964],[17.0792602,51.1154887],[17.0792661,51.1154811],[17.0792719,51.1154734],[17.0792777,51.1154658],[17.0792842,51.115458],[17.0792908,51.1154502],[17.0792973,51.1154423],[17.0793039,51.1154345],[17.0793104,51.1154267],[17.0793169,51.1154189],[17.0793235,51.1154111],[17.07933,51.1154032],[17.0793365,51.1153954],[17.0793431,51.1153876],[17.0793496,51.1153798],[17.0793562,51.115372],[17.0793627,51.1153642],[17.0793692,51.1153563],[17.0793758,51.1153485],[17.0793823,51.1153407],[17.0793888,51.1153329],[17.0794311,51.1153045]]}},{"type":"Feature","properties":{"layer":"roads"},"geometry":{"type":"LineString","coordinates":[[17.0791931,51.1155835],[17.0792346,51.1156017],[17.0792485,51.1156032],[17.0792625,51.1156047],[17.0792764,51.1156062],[17.0792903,51.1156076],[17.0793043,51.1156091],[17.0793182,51.1156106],[17.0793322,51.1156121],[17.0793461,51.1156135],[17.07936,51.115615],[17.079374,51.1156165],[17.0793879,51.115618],[17.0794019,51.1156195],[17.0794158,51.1156209],[17.0794298,51.1156224],[17.0794437,51.1156239],[17.0794576,51.1156255],[17.0794715,51.1156271],[17.0794854,51.1156288],[17.0794994,51.1156304],[17.0795133,51.115632],[17.0795272,51.1156336],[17.0795411,51.1156352],[17.079555,51.1156369],[17.0795689,51.1156385],[17.0795828,51.1156401],[17.0795967,51.1156417],[17.0796107,51.1156433],[17.0796246,51.115645],[17.0796385,51.1156466],[17.0796524,51.1156482],[17.0796657,51.1156502],[17.0796791,51.1156521],[17.0796924,51.1156541],[17.0797057,51.115656],[17.0797191,51.1156579],[17.0797324,51.1156599],[17.0797457,51.1156619],[17.079759,51.1156638],[17.0797724,51.1156657],[17.0797857,51.1156677],[17.079799,51.1156697],[17.0798124,51.1156716],[17.0798257,51.1156735],[17.079839,51.1156755],[17.0798524,51.1156774],[17.0798657,51.1156794],[17.0798791,51.1156816],[17.0798924,51.1156837],[17.0799058,51.1156859],[17.0799192,51.115688],[17.0799325,51.1156902],[17.0799459,51.1156924],[17.0799593,51.1156945],[17.0799726,51.1156967],[17.079986,51.1156988],[17.0799993,51.115701],[17.0800127,51.1157031],[17.0800261,51.1157053],[17.0800394,51.1157075],[17.0800528,51.1157096],[17.0800662,51.1157118],[17.0800795,51.1157139],[17.0800929,51.1157161],[17.0801058,51.1157179],[17.0801188,51.1157197],[17.0801317,51.1157215],[17.0801447,51.1157232],[17.0801577,51.115725],[17.0801706,51.1157268],[17.0801836,51.1157286],[17.0801965,51.1157304],[17.0802428,51.1157228]]}},{"type":"Feature","properties":{"layer":"roads"},"geometry":{"type":"LineString","coordinates":[[17.0802428,51.1157228],[17.0802447,51.1156952],[17.0802439,51.1156868],[17.0802432,51.1156783],[17.0802383,51.1156699],[17.0802334,51.1156615],[17.0802286,51.1156532],[17.0802237,51.1156448],[17.0802188,51.1156364],[17.0802139,51.115628],[17.080209,51.1156196],[17.0802041,51.1156113],[17.0801992,51.1156029],[17.0801944,51.1155945],[17.0801895,51.1155861],[17.0801846,51.1155777],[17.0801797,51.1155694],[17.0801748,51.115561],[17.08017,51.1155526],[17.0801651,51.1155442],[17.0801602,51.1155359],[17.0801553,51.1155275],[17.0801504,51.1155191],[17.0801455,51.1155107],[17.0801407,51.1155023],[17.0801358,51.115494],[17.0801309,51.1154856],[17.080126,51.1154772],[17.0801192,51.1154693],[17.0801124,51.1154615],[17.0801056,51.1154536],[17.0800988,51.1154457],[17.0800919,51.1154379],[17.0800851,51.11543],[17.0800783,51.1154221],[17.0800715,51.1154143],[17.0800647,51.1154064],[17.0800579,51.1153985],[17.0800511,51.1153906],[17.0800443,51.1153828],[17.0800374,51.1153749],[17.0800306,51.115367],[17.0800238,51.1153592],[17.0800131,51.115332]]}},{"type":"Feature","properties":{"layer":"roads"},"geometry":{"type":"LineString","coordinates":[[17.0788122,51.1105581],[17.0787913,51.1105097],[17.0787888,51.1105012],[17.0787863,51.1104928],[17.0787838,51.1104843],[17.0787807,51.1104761],[17.0787776,51.1104679],[17.0787744,51.1104596],[17.0787713,51.1104514],[17.0787559,51.11042]]}},{"type":"Feature","properties":{"layer":"roads"},"geometry":{"type":"LineString","coordinates":[[17.0788122,51.1105581],[17.0787762,51.1105731],[17.07877,51.1105805],[17.0787637,51.1105879],[17.0787574,51.1105952],[17.0787511,51.1106026],[17.0787448,51.11061],[17.0787399,51.1106178],[17.0787349,51.1106257],[17.07873,51.1106335],[17.078725,51.1106413],[17.0787201,51.1106492],[17.0787152,51.110657],[17.0787102,51.1106648],[17.0787053,51.1106727],[17.0787003,51.1106805],[17.0786954,51.1106883],[17.0786904,51.1106962],[17.0786855,51.110704],[17.0786767,51.1107103],[17.0786679,51.1107165],[17.0786592,51.1107228],[17.0786504,51.110729],[17.0786416,51.1107353],[17.0786323,51.1107413],[17.0786231,51.1107474],[17.0786138,51.1107534],[17.0786046,51.1107595],[17.0785953,51.1107655],[17.0785861,51.1107716],[17.0785768,51.1107776],[17.0785676,51.1107837],[17.0785583,51.1107897],[17.0785491,51.1107958],[17.0785398,51.1108018],[17.0785288,51.1108076],[17.0785179,51.1108134],[17.0785069,51.1108192],[17.078496,51.110825],[17.078485,51.1108308],[17.0784741,51.1108365],[17.0784631,51.1108423],[17.0784522,51.1108481],[17.0784412,51.1108539],[17.0784303,51.1108597],[17.0784193,51.1108655],[17.0784121,51.1108724],[17.0784049,51.1108794],[17.0783978,51.1108863],[17.0783906,51.1108932],[17.0783834,51.1109002],[17.0783762,51.1109071],[17.078369,51.110914],[17.0783619,51.1109209],[17.0783547,51.1109279],[17.0783475,51.1109348],[17.0783418,51.1109424],[17.0783362,51.1109499],[17.0783305,51.1109575],[17.0783249,51.1109651],[17.0783192,51.1109726],[17.0783136,51.1109802],[17.0783079,51.1109878],[17.0783023,51.1109953],[17.0782966,51.1110029],[17.078291,51.1110105],[17.0782854,51.1110181],[17.0782798,51.1110257],[17.0782743,51.1110332],[17.0782687,51.1110408],[17.0782631,51.1110484],[17.0782575,51.111056],[17.0782543,51.1110644],[17.0782511,51.1110728],[17.0782479,51.1110812],[17.0782448,51.1110897],[17.0782258,51.1111194]]}},{"type":"Feature","properties":{"layer":"roads"},"geometry":{"type":"LineString","coordinates":[[17.0782258,51.1111194],[17.0781822,51.111109],[17.0781689,51.1111075],[17.078157,51.1111059],[17.0781451,51.1111042],[17.0781332,51.1111026],[17.0781213,51.111101],[17.0781094,51.1110993],[17.0780975,51.1110977],[17.0780842,51.1110956],[17.0780709,51.1110934],[17.0780577,51.1110913],[17.0780444,51.1110891],[17.0780319,51.1110857],[17.0780195,51.1110824],[17.078007,51.111079],[17.0779966,51.1110769],[17.0779861,51.1110748],[17.0779757,51.1110727],[17.0779653,51.1110706],[17.0779546,51.1110704],[17.0779439,51.1110702],[17.0779332,51.11107],[17.0779213,51.1110707],[17.0779095,51.1110714],[17.0778976,51.1110721],[17.077887,51.1110738],[17.0778764,51.1110755],[17.0778659,51.1110772],[17.0778224,51.1110818]]}},{"type":"Feature","properties":{"layer":"roads"},"geometry":{"type":"LineString","coordinates":[[17.0811862,51.1167711],[17.0812391,51.1167674],[17.0812519,51.1167662],[17.0812646,51.116765],[17.0812774,51.1167637],[17.0813284,51.1167589]]}},{"type":"Feature","properties":{"layer":"roads"},"geometry":{"type":"LineString","coordinates":[[17.0811862,51.1167711],[17.0812018,51.1167981],[17.0812069,51.1168059],[17.0812121,51.1168138],[17.0812173,51.1168216],[17.0812224,51.1168294],[17.0811999,51.1168573]]}},{"type":"Feature","properties":{"layer":"roads"},"geometry":{"type":"LineString","coordinates":[[17.0811862,51.1167711],[17.0811474,51.1167466],[17.0811386,51.1167402],[17.0811299,51.1167338],[17.0811211,51.1167274],[17.0811124,51.1167209],[17.0811036,51.1167145],[17.0810949,51.1167081],[17.0810861,51.1167017],[17.0810774,51.1166952],[17.0810686,51.1166888],[17.0810599,51.1166824],[17.0810522,51.1166751],[17.0810446,51.1166677],[17.0810369,51.1166604],[17.0810292,51.116653],[17.0810216,51.1166457],[17.0810139,51.1166383],[17.0810062,51.116631],[17.0809986,51.1166236],[17.0809909,51.1166163],[17.0809816,51.1166107],[17.0809722,51.1166051],[17.0809629,51.1165995],[17.0809535,51.1165939],[17.0809442,51.1165883],[17.0809349,51.1165827],[17.0809255,51.1165771],[17.0809162,51.1165715],[17.0809068,51.1165659],[17.0808975,51.1165603],[17.0808871,51.1165554],[17.0808767,51.1165506],[17.0808662,51.1165457],[17.0808558,51.1165409],[17.0808454,51.116536],[17.0808349,51.1165311],[17.0808245,51.1165263],[17.0808141,51.1165214],[17.0808039,51.1165153],[17.0807937,51.1165092],[17.0807835,51.1165031],[17.0807733,51.116497],[17.0807631,51.1164908],[17.0807529,51.1164847],[17.0807427,51.1164786],[17.0807325,51.1164725],[17.0807223,51.1164664],[17.0807114,51.116461],[17.0807005,51.1164555],[17.0806896,51.1164501],[17.0806788,51.1164446],[17.0806679,51.1164392],[17.080657,51.1164337],[17.0806461,51.1164283],[17.0806352,51.1164228],[17.0806243,51.1164174],[17.0806135,51.1164119],[17.0806026,51.1164065],[17.0805917,51.116401],[17.0805808,51.1163956],[17.080569,51.1163906],[17.0805571,51.1163856],[17.0805453,51.1163806],[17.0805334,51.1163756],[17.0805216,51.1163707],[17.0805098,51.1163657],[17.0804979,51.1163607],[17.0804861,51.1163557],[17.0804742,51.1163507],[17.0804624,51.1163457],[17.0804505,51.1163407],[17.0804387,51.1163357],[17.0804269,51.1163308],[17.080415,51.1163258],[17.0803656,51.1163123]]}},{"type":"Feature","properties":{"layer":"roads"},"geometry":{"type":"LineString","coordinates":[[17.0803656,51.1163123],[17.0803339,51.1163393],[17.0803248,51.116345],[17.0803157,51.1163507],[17.080303,51.1163541],[17.0802903,51.1163575],[17.0802776,51.1163609],[17.080265,51.1163643],[17.0802523,51.1163677],[17.0802396,51.1163711],[17.0802262,51.1163724],[17.0802129,51.1163737],[17.0801995,51.116375],[17.0801862,51.1163763],[17.0801729,51.1163776],[17.0801595,51.1163789],[17.0801461,51.1163803],[17.0801328,51.1163816],[17.0800889,51.1163801]]}},{"type":"Feature","properties":{"layer":"roads"},"geometry":{"type":"LineString","coordinates":[[17.0788847,51.1121935],[17.0788412,51.1121973],[17.0788273,51.1121971],[17.0788134,51.1121969],[17.0787996,51.1121968],[17.0787857,51.1121966],[17.0787719,51.1121965],[17.078758,51.1121963],[17.078744,51.1121964],[17.07873,51.1121966],[17.078716,51.1121967],[17.0787021,51.1121969],[17.0786881,51.112197],[17.0786741,51.1121972],[17.0786601,51.1121973],[17.0786461,51.1121974],[17.0786321,51.1121976],[17.0786181,51.1121977],[17.0786042,51.1121979],[17.0785902,51.112198],[17.0785762,51.1121982],[17.0785622,51.1121983],[17.0785485,51.1122002],[17.0785347,51.112202],[17.078521,51.1122039],[17.0785073,51.1122058],[17.0784935,51.1122076],[17.0784798,51.1122095],[17.078466,51.1122114],[17.0784523,51.1122132],[17.0784386,51.1122151],[17.0784248,51.112217],[17.0784111,51.1122189],[17.0783973,51.1122207],[17.0783836,51.1122226],[17.0783699,51.1122245],[17.0783561,51.1122263],[17.0783424,51.1122282],[17.0783299,51.1122303],[17.0783174,51.1122323],[17.078305,51.1122344],[17.0782514,51.1122404]]}},{"type":"Feature","properties":{"layer":"roads"},"geometry":{"type":"LineString","coordinates":[[17.0788847,51.1121935],[17.0788723,51.1121673],[17.0788632,51.1121604],[17.0788541,51.1121536],[17.0788449,51.1121468],[17.0788358,51.11214],[17.0788266,51.1121332],[17.0788175,51.1121263],[17.0788084,51.1121195],[17.0787992,51.1121127],[17.0787901,51.1121059],[17.078781,51.1120991],[17.0787718,51.1120922],[17.0787627,51.1120854],[17.0787536,51.1120786],[17.0787444,51.1120718],[17.0787353,51.112065],[17.0787262,51.1120581],[17.078717,51.1120513],[17.0787079,51.1120445],[17.0786987,51.1120377],[17.0786896,51.1120309],[17.0786805,51.1120241],[17.0786713,51.1120172],[17.0786622,51.1120104],[17.0786531,51.1120036],[17.0786439,51.1119968],[17.0786348,51.11199],[17.0786257,51.1119831],[17.0786165,51.1119763],[17.0786074,51.1119695],[17.0785982,51.1119627],[17.0785891,51.1119559],[17.07858,51.111949],[17.0785708,51.1119422],[17.0785617,51.1119354],[17.0785543,51.111928],[17.0785469,51.1119207],[17.0785394,51.1119133],[17.078532,51.1119059],[17.0785246,51.1118986],[17.0785172,51.1118912],[17.0785098,51.1118838],[17.0785023,51.1118765],[17.0784949,51.1118691],[17.0784875,51.1118617],[17.0784801,51.1118544],[17.0784727,51.111847],[17.0784652,51.1118396],[17.0784578,51.1118323],[17.0784504,51.1118249],[17.078443,51.1118176],[17.0784355,51.1118102],[17.0784281,51.1118028],[17.0784207,51.1117955],[17.0784133,51.1117881],[17.0784059,51.1117807],[17.0783984,51.1117734],[17.078391,51.111766],[17.0783836,51.1117586],[17.0783762,51.1117513],[17.0783688,51.1117439],[17.0783613,51.1117365],[17.0783539,51.1117292],[17.0783465,51.1117218],[17.0783377,51.1117152],[17.0783288,51.1117087],[17.0782883,51.1116963]]}},{"type":"Feature","properties":{"layer":"roads"},"geometry":{"type":"LineString","coordinates":[[17.0782883,51.1116963],[17.0782729,51.1117293],[17.0782724,51.1117378],[17.078272,51.1117464],[17.0782716,51.111755],[17.0782711,51.1117635],[17.0782707,51.1117721],[17.0782702,51.1117806],[17.0782698,51.1117892],[17.0782694,51.1117978],[17.0782689,51.1118063],[17.0782685,51.1118149],[17.0782681,51.1118235],[17.0782676,51.111832],[17.0782672,51.1118406],[17.0782669,51.1118496],[17.0782666,51.1118585],[17.0782663,51.1118675],[17.078266,51.1118764],[17.0782657,51.1118854],[17.0782654,51.1118944],[17.0782651,51.1119033],[17.0782648,51.1119123],[17.0782645,51.1119212],[17.0782642,51.1119302],[17.0782639,51.1119392],[17.0782636,51.1119481],[17.0782633,51.1119571],[17.0782631,51.111966],[17.0782628,51.111975],[17.0782625,51.111984],[17.0782622,51.1119929],[17.0782619,51.1120019],[17.0782616,51.1120109],[17.0782613,51.1120198],[17.078261,51.1120288],[17.0782607,51.1120377],[17.0782604,51.1120467],[17.0782601,51.1120557],[17.0782598,51.1120646],[17.0782595,51.1120736],[17.0782592,51.1120825],[17.0782589,51.1120915],[17.0782573,51.1121001],[17.0782557,51.1121087],[17.0782541,51.1121174],[17.0782525,51.112126],[17.0782509,51.1121346],[17.0782493,51.1121432],[17.0782477,51.1121519],[17.0782461,51.1121605],[17.0782445,51.1121691],[17.0782429,51.1121777],[17.0782413,51.1121863],[17.0782397,51.112195],[17.0782381,51.1122036],[17.0782365,51.1122122],[17.0782514,51.1122404]]}},{"type":"Feature","properties":{"layer":"roads"},"geometry":{"type":"LineString","coordinates":[[17.0783841,51.1132964],[17.078401,51.1133254],[17.0784033,51.1133338],[17.0784056,51.1133423],[17.0784079,51.1133508],[17.0784101,51.1133592],[17.0784124,51.1133677],[17.0784147,51.1133762],[17.078417,51.1133846],[17.0784193,51.1133931],[17.0784216,51.1134015],[17.0784239,51.11341],[17.0784329,51.1134162],[17.0784418,51.1134225],[17.0784508,51.1134287],[17.0784618,51.1134311],[17.0784728,51.1134335],[17.0784837,51.113436],[17.0784947,51.1134384],[17.0785057,51.1134408],[17.0785188,51.113441],[17.0785319,51.1134412],[17.078545,51.1134414],[17.0785581,51.1134415],[17.0785712,51.1134417],[17.0785843,51.1134419],[17.0785974,51.1134421],[17.0786113,51.1134405],[17.0786252,51.113439],[17.0786392,51.1134374],[17.0786531,51.1134358],[17.078667,51.1134342],[17.0786809,51.1134327],[17.0786949,51.1134311],[17.0787088,51.1134295],[17.0787227,51.1134279],[17.0787366,51.1134264],[17.0787506,51.1134248],[17.0787645,51.1134232],[17.0787784,51.1134216],[17.0787923,51.1134201],[17.0788063,51.1134185],[17.0788202,51.1134169],[17.0788341,51.1134153],[17.078848,51.1134138],[17.078862,51.1134122],[17.0788759,51.1134106],[17.0788898,51.113409],[17.0789037,51.1134075],[17.0789177,51.1134059],[17.0789316,51.1134043],[17.0789455,51.1134027],[17.0789594,51.1134012],[17.0789733,51.1133996],[17.0789873,51.113398],[17.0790012,51.1133965],[17.0790151,51.1133949],[17.079029,51.1133933],[17.079043,51.1133917],[17.0790569,51.1133902],[17.0790708,51.1133886],[17.0790847,51.113387],[17.0790987,51.1133854],[17.0791126,51.1133839],[17.0791265,51.1133823],[17.0791404,51.1133807],[17.0791544,51.1133791],[17.0791683,51.1133776],[17.0791822,51.113376],[17.0791961,51.1133744],[17.0792101,51.1133728],[17.079224,51.1133713],[17.0792379,51.1133697],[17.0792518,51.1133681],[17.0793055,51.1133676]]}},{"type":"Feature","properties":{"layer":"roads"},"geometry":{"type":"LineString","coordinates":[[17.0783841,51.1132964],[17.0783944,51.1132698],[17.0783996,51.1132626],[17.0784047,51.1132553],[17.0784153,51.1132509],[17.0784258,51.1132464],[17.0784364,51.113242],[17.0784502,51.1132398],[17.078464,51.1132376],[17.0784778,51.1132354],[17.0784917,51.1132332],[17.0785055,51.113231],[17.0785193,51.1132288],[17.0785331,51.1132266],[17.0785469,51.1132244],[17.0785607,51.1132222],[17.0785745,51.11322],[17.0785884,51.1132178],[17.0786022,51.1132156],[17.078616,51.1132134],[17.0786298,51.1132112],[17.0786436,51.113209],[17.0786574,51.1132068],[17.0786712,51.1132046],[17.0786851,51.1132023],[17.0786989,51.1132001],[17.0787127,51.1131979],[17.0787265,51.1131957],[17.0787403,51.1131935],[17.0787541,51.1131913],[17.0787679,51.1131891],[17.0787817,51.1131869],[17.0787956,51.1131847],[17.0788094,51.1131825],[17.0788232,51.1131803],[17.078837,51.1131781],[17.0788508,51.1131759],[17.0788646,51.1131737],[17.0788784,51.1131715],[17.0788923,51.1131693],[17.0789394,51.1131558]]}},{"type":"Feature","properties":{"layer":"roads"},"geometry":{"type":"LineString","coordinates":[[17.0783841,51.1132964],[17.0783403,51.113309],[17.0783268,51.1133112],[17.0783134,51.1133134],[17.0782999,51.1133157],[17.0782864,51.1133179],[17.078239,51.1133197]]}},{"type":"Feature","properties":{"layer":"roads"},"geometry":{"type":"LineString","coordinates":[[17.0793055,51.1133676],[17.0793096,51.1133976],[17.0793136,51.1134061],[17.0793176,51.1134146],[17.0793217,51.1134232],[17.0793257,51.1134317],[17.0793297,51.1134403],[17.0793337,51.1134488],[17.0793377,51.1134574],[17.0793417,51.1134659],[17.0793457,51.1134744],[17.0793497,51.113483],[17.0793537,51.1134915],[17.0793577,51.1135001],[17.0793617,51.1135086],[17.0793657,51.1135171],[17.0793697,51.1135257],[17.0793738,51.1135342],[17.0793778,51.1135428],[17.0793818,51.1135513],[17.0793858,51.1135599],[17.0793898,51.1135684],[17.0793938,51.1135769],[17.0793978,51.1135855],[17.0794018,51.113594],[17.0794058,51.1136026],[17.0794098,51.1136111],[17.0794138,51.1136196],[17.0794178,51.1136282],[17.0794218,51.1136367],[17.0794258,51.1136453],[17.0794299,51.1136538],[17.0794339,51.1136624],[17.0794379,51.1136709],[17.0794419,51.1136794],[17.0794459,51.113688],[17.0794499,51.1136965],[17.0794539,51.1137051],[17.0794579,51.1137136],[17.0794619,51.1137221],[17.0794659,51.1137307],[17.0794699,51.1137392],[17.0794739,51.1137478],[17.0794779,51.1137563],[17.079482,51.1137649],[17.079486,51.1137734],[17.07949,51.1137819],[17.0795122,51.1138088]]}},{"type":"Feature","properties":{"layer":"roads"},"geometry":{"type":"LineString","coordinates":[[17.0793055,51.1133676],[17.079349,51.1133543],[17.0793628,51.113352],[17.0793767,51.1133497],[17.0793905,51.1133475],[17.0794044,51.1133452],[17.0794182,51.1133429],[17.079432,51.1133406],[17.0794459,51.1133383],[17.0794597,51.1133361],[17.0794736,51.1133338],[17.0794874,51.1133315],[17.0795431,51.1133236]]}},{"type":"Feature","properties":{"layer":"roads"},"geometry":{"type":"LineString","coordinates":[[17.0879605,51.1094665],[17.0879686,51.109434],[17.0879688,51.1094251],[17.087969,51.1094161],[17.0879692,51.1094071],[17.0879694,51.1093981],[17.0879696,51.1093891],[17.0879698,51.1093801],[17.08797,51.1093711],[17.0879702,51.1093621],[17.0879704,51.1093532],[17.0879707,51.1093442],[17.0879709,51.1093352],[17.0879711,51.1093262],[17.0879713,51.1093172],[17.0879715,51.1093082],[17.0879717,51.1092992],[17.0879719,51.1092903],[17.0879721,51.1092813],[17.0879723,51.1092723],[17.0879725,51.1092633],[17.0879727,51.1092543],[17.0879729,51.1092453],[17.0879731,51.1092363],[17.0879733,51.1092273],[17.0879735,51.1092184],[17.0879737,51.1092094],[17.0879739,51.1092004],[17.0879741,51.1091914],[17.0879743,51.1091824],[17.0879745,51.1091734],[17.0879747,51.1091644],[17.0879749,51.1091555],[17.0879751,51.1091465],[17.0879753,51.1091375],[17.0879755,51.1091285],[17.0879758,51.1091195],[17.087976,51.1091105],[17.0879762,51.1091015],[17.0879764,51.1090925],[17.0879766,51.1090836],[17.0879768,51.1090746],[17.087977,51.1090656],[17.0879772,51.1090566],[17.0879774,51.1090476],[17.0879776,51.1090386],[17.0879778,51.1090296],[17.087978,51.1090207],[17.0879782,51.1090117],[17.0879784,51.1090027],[17.0879786,51.1089937],[17.0879788,51.1089847],[17.087979,51.1089757],[17.0879792,51.1089667],[17.0879794,51.1089577],[17.0879796,51.1089488],[17.0879798,51.1089398],[17.08798,51.1089308],[17.0879802,51.1089218],[17.0879804,51.1089128],[17.0879806,51.1089038],[17.0879809,51.1088948],[17.0879811,51.1088859],[17.0879813,51.1088769],[17.0879815,51.1088679],[17.0879817,51.1088589],[17.0879819,51.1088499],[17.0879821,51.1088409],[17.0879823,51.1088319],[17.0879825,51.1088229],[17.0879827,51.108814],[17.0879829,51.108805],[17.0879831,51.108796],[17.0879823,51.1087763],[17.0879798,51.1087513],[17.087979,51.1087424],[17.0879781,51.1087334],[17.0879773,51.1087245],[17.0879764,51.1087156],[17.0879755,51.1087067],[17.0879747,51.1086977],[17.0879738,51.1086888],[17.0879692,51.1086803],[17.0879646,51.1086718],[17.08796,51.1086633],[17.0879554,51.1086548],[17.0879508,51.1086463],[17.0879462,51.1086379],[17.0879524,51.1086079]]}},{"type":"Feature","properties":{"layer":"roads"},"geometry":{"type":"LineString","coordinates":[[17.0879605,51.1094665],[17.0879673,51.1094948],[17.0879671,51.1095033],[17.0879669,51.1095117],[17.0879648,51.1095443]]}},{"type":"Feature","properties":{"layer":"roads"},"geometry":{"type":"LineString","coordinates":[[17.0800131,51.115332],[17.0799469,51.1153174],[17.079933,51.1153172],[17.0799191,51.1153171],[17.0799053,51.1153169],[17.0798914,51.1153168],[17.0798776,51.1153166],[17.0798637,51.1153165],[17.0798499,51.1153163],[17.079836,51.1153162],[17.0798221,51.115316],[17.0797806,51.1153156],[17.0797553,51.1153123],[17.0797147,51.1153005]]}},{"type":"Feature","properties":{"layer":"roads"},"geometry":{"type":"LineString","coordinates":[[17.0800131,51.115332],[17.0800583,51.1153192],[17.0800724,51.1153195],[17.0800864,51.1153198],[17.0801004,51.1153201],[17.0801144,51.1153204],[17.0801284,51.1153207],[17.0801424,51.115321],[17.0801564,51.1153213],[17.0801704,51.1153216],[17.0801844,51.1153219],[17.0801984,51.1153222],[17.0802125,51.1153225],[17.0802265,51.1153228],[17.0802405,51.1153231],[17.0802545,51.1153234],[17.0802685,51.1153237],[17.0802825,51.115324],[17.0802965,51.1153242],[17.0803105,51.1153245],[17.0803245,51.1153248],[17.0803385,51.1153251],[17.0803526,51.1153254],[17.0803666,51.1153257],[17.0803806,51.115326],[17.0803946,51.1153263],[17.0804086,51.1153266],[17.0804226,51.1153269],[17.0804366,51.1153272],[17.0804506,51.1153275],[17.0804646,51.1153278],[17.0804786,51.1153281],[17.0804927,51.1153284],[17.0805067,51.1153287],[17.0805207,51.115329],[17.0805347,51.1153293],[17.0805487,51.1153296],[17.0805627,51.1153299],[17.0805767,51.1153303],[17.0805907,51.1153307],[17.0806047,51.1153312],[17.0806188,51.1153316],[17.0806328,51.115332],[17.0806468,51.1153324],[17.0806608,51.1153328],[17.0806748,51.1153333],[17.0806888,51.1153337],[17.0807028,51.1153341],[17.0807169,51.1153345],[17.0807309,51.1153349],[17.0807449,51.1153354],[17.0807589,51.1153358],[17.0807729,51.1153362],[17.0807869,51.1153366],[17.0808009,51.115337],[17.080815,51.1153374],[17.080829,51.1153379],[17.080843,51.1153383],[17.080857,51.1153387],[17.080871,51.1153391],[17.080885,51.1153395],[17.080899,51.11534],[17.080913,51.1153404],[17.0809271,51.1153408],[17.0809411,51.1153412],[17.0809551,51.1153416],[17.0809691,51.1153421],[17.0809831,51.1153425],[17.0809971,51.1153429],[17.0810111,51.1153433],[17.0810252,51.1153437],[17.0810331,51.115312]]}},{"type":"Feature","properties":{"layer":"roads"},"geometry":{"type":"LineString","coordinates":[[17.0807971,51.1107604],[17.0808015,51.1107334],[17.0808038,51.1107255],[17.0808061,51.1107176],[17.0808084,51.1107098],[17.0808107,51.1107019],[17.080813,51.110694],[17.0808153,51.1106862],[17.0808176,51.1106479]]}},{"type":"Feature","properties":{"layer":"roads"},"geometry":{"type":"LineString","coordinates":[[17.0807971,51.1107604],[17.0807019,51.1107682]]}},{"type":"Feature","properties":{"layer":"roads"},"geometry":{"type":"LineString","coordinates":[[17.0814063,51.1080441],[17.0813679,51.1080242],[17.0813543,51.1080227],[17.0813407,51.1080213],[17.0813271,51.1080199],[17.0813134,51.1080185],[17.0812998,51.1080171],[17.0812862,51.1080157],[17.0812726,51.1080143],[17.081259,51.1080128],[17.0812454,51.1080114],[17.0812318,51.10801],[17.0812182,51.1080086],[17.0812047,51.108006],[17.0811912,51.1080034],[17.0811778,51.1080008],[17.0811643,51.1079982],[17.0811508,51.1079956],[17.0811373,51.1079929],[17.0811239,51.1079903],[17.0811104,51.1079877],[17.0810969,51.1079851],[17.0810834,51.1079825],[17.0810699,51.1079799],[17.0810565,51.1079773],[17.081043,51.1079747],[17.0810295,51.1079721],[17.081016,51.1079695],[17.0810026,51.1079668],[17.0809891,51.1079642],[17.0809756,51.1079616],[17.0809621,51.107959],[17.0809486,51.1079564],[17.0809352,51.1079538],[17.0809217,51.1079512],[17.0809082,51.1079486],[17.0808947,51.107946],[17.0808812,51.1079434],[17.0808678,51.1079408],[17.0808543,51.1079381],[17.0808408,51.1079355],[17.0808273,51.1079329],[17.0808139,51.1079303],[17.0808004,51.1079277],[17.0807869,51.1079251],[17.0807738,51.1079222],[17.0807607,51.1079193],[17.0807475,51.1079165],[17.0807344,51.1079136],[17.0807213,51.1079107],[17.0807082,51.1079078],[17.080695,51.1079049],[17.0806819,51.1079021],[17.0806688,51.1078992],[17.0806557,51.1078963],[17.0806425,51.1078934],[17.0806294,51.1078905],[17.0806163,51.1078877],[17.0806032,51.1078848],[17.08059,51.1078819],[17.0805769,51.107879],[17.0805638,51.1078761],[17.0805507,51.1078733],[17.0805375,51.1078704],[17.0805244,51.1078675],[17.0805113,51.1078646],[17.0804982,51.1078617],[17.080485,51.1078589],[17.0804719,51.107856],[17.0804588,51.1078531],[17.0804204,51.1078677]]}},{"type":"Feature","properties":{"layer":"roads"},"geometry":{"type":"LineString","coordinates":[[17.0804204,51.1078677],[17.0803788,51.1078229],[17.0803724,51.1078149],[17.0803661,51.1078069],[17.0803597,51.1077989],[17.0803534,51.107791],[17.0803471,51.107783],[17.0803407,51.107775],[17.0803344,51.107767],[17.080328,51.107759],[17.0803217,51.107751],[17.0803153,51.1077431],[17.0803089,51.1077351],[17.0803026,51.1077271],[17.0802962,51.1077191],[17.0802899,51.1077111],[17.0802836,51.1077032],[17.0802772,51.1076952],[17.0802709,51.1076872],[17.0802645,51.1076792],[17.0802359,51.1076485]]}},{"type":"Feature","properties":{"layer":"roads"},"geometry":{"type":"LineString","coordinates":[[17.0804204,51.1078677],[17.0804391,51.1078939],[17.0804461,51.1079017],[17.0804531,51.1079095],[17.0804601,51.1079173],[17.0804671,51.1079251],[17.080474,51.107933],[17.080481,51.1079408],[17.080488,51.1079486],[17.080495,51.1079564],[17.080502,51.1079642],[17.080509,51.107972],[17.080516,51.1079798],[17.0805229,51.1079877],[17.0805299,51.1079955],[17.0805369,51.1080033],[17.0805439,51.1080111],[17.0805509,51.1080189],[17.0805579,51.1080267],[17.0806015,51.1080685]]}},{"type":"Feature","properties":{"layer":"roads"},"geometry":{"type":"LineString","coordinates":[[17.0780895,51.1094142],[17.0780595,51.1094373],[17.078053,51.109445],[17.0780465,51.1094527],[17.07804,51.1094604],[17.0780335,51.1094681],[17.078027,51.1094758],[17.0779979,51.1094992]]}},{"type":"Feature","properties":{"layer":"roads"},"geometry":{"type":"LineString","coordinates":[[17.0780895,51.1094142],[17.0780494,51.1093927],[17.0780375,51.1093882],[17.0780255,51.1093836],[17.0780135,51.1093791],[17.0780015,51.1093745],[17.0779895,51.10937],[17.0779776,51.1093663],[17.0779656,51.1093626],[17.0779537,51.1093589],[17.0779417,51.1093552],[17.0779298,51.1093515],[17.0779178,51.1093478],[17.0779059,51.1093442],[17.0778939,51.1093405],[17.077882,51.1093368],[17.07787,51.1093331],[17.0778581,51.1093294],[17.0778461,51.1093257],[17.0778342,51.109322],[17.0778248,51.1093165],[17.0778153,51.109311],[17.0778059,51.1093055],[17.0777965,51.1093001],[17.0777871,51.1092946],[17.0777776,51.1092891],[17.0777682,51.1092836],[17.077761,51.1092761],[17.0777538,51.1092685],[17.0777466,51.109261],[17.0777393,51.1092534],[17.0777321,51.1092459],[17.0777249,51.1092384],[17.0777177,51.1092308],[17.0777105,51.1092233],[17.0777033,51.1092158],[17.0776961,51.1092082],[17.0776888,51.1092007],[17.0776816,51.1091931],[17.0776744,51.1091856],[17.0776672,51.1091781],[17.07766,51.1091705],[17.0776528,51.109163],[17.0776456,51.1091555],[17.0776383,51.1091479],[17.0776311,51.1091404],[17.0776239,51.1091328],[17.0776167,51.1091253],[17.0776095,51.1091177],[17.0776024,51.10911],[17.0775952,51.1091024],[17.077588,51.1090947],[17.0775809,51.109087],[17.0775737,51.1090794],[17.0775665,51.1090718],[17.0775594,51.1090641],[17.0775522,51.1090565],[17.077545,51.1090488],[17.0775379,51.1090412],[17.0775307,51.1090335],[17.0775236,51.1090259],[17.0775164,51.1090182],[17.0775092,51.1090106],[17.0775021,51.1090029],[17.0774949,51.1089952],[17.0774877,51.1089876],[17.0774806,51.1089799],[17.0774734,51.1089723],[17.0774662,51.1089647],[17.0774591,51.108957],[17.0774519,51.1089494],[17.077418,51.1089245]]}},{"type":"Feature","properties":{"layer":"roads"},"geometry":{"type":"LineString","coordinates":[[17.0780895,51.1094142],[17.0781361,51.1094221],[17.0781487,51.109426],[17.0781614,51.1094299],[17.0781741,51.1094338],[17.0781867,51.1094377],[17.0781994,51.1094416],[17.0782121,51.1094455],[17.0782247,51.1094495],[17.0782374,51.1094534],[17.0782501,51.1094573],[17.0782627,51.1094612],[17.0782754,51.1094651],[17.0782881,51.109469],[17.0783007,51.109473],[17.0783134,51.1094769],[17.0783261,51.1094808],[17.0783387,51.1094847],[17.0783514,51.1094886],[17.0783641,51.1094925],[17.0783767,51.1094964],[17.0784192,51.1095037]]}},{"type":"Feature","properties":{"layer":"roads"},"geometry":{"type":"LineString","coordinates":[[17.077418,51.1089245],[17.0774018,51.1088962],[17.0773947,51.1088886],[17.0773876,51.1088811],[17.0773804,51.1088735],[17.0773733,51.108866],[17.0773661,51.1088584],[17.077359,51.1088509],[17.0773519,51.1088433],[17.0773447,51.1088358],[17.0773376,51.1088282],[17.0773304,51.1088207],[17.0773233,51.1088131],[17.0773161,51.1088055],[17.077309,51.108798],[17.0773019,51.1087904],[17.0772947,51.1087829],[17.0772876,51.1087753],[17.0772804,51.1087678],[17.0772733,51.1087602],[17.0772662,51.1087527],[17.077259,51.1087451],[17.0772519,51.1087376],[17.0772447,51.10873],[17.0772376,51.1087225],[17.0772305,51.1087149],[17.0772233,51.1087074],[17.0772043,51.1086773]]}},{"type":"Feature","properties":{"layer":"roads"},"geometry":{"type":"LineString","coordinates":[[17.0806094,51.1176769],[17.0806229,51.1176496],[17.0806259,51.1176409],[17.0806288,51.1176323],[17.0806318,51.1176237],[17.0806347,51.1176151],[17.0806377,51.1176064],[17.0806407,51.1175978],[17.0806436,51.1175892],[17.0806466,51.1175806],[17.0806495,51.1175719],[17.0806525,51.1175633],[17.0806573,51.1175552],[17.0806621,51.1175472],[17.0806668,51.1175391],[17.0806716,51.117531],[17.0806764,51.1175229],[17.0806812,51.1175148],[17.0806859,51.1175068],[17.0806907,51.1174987],[17.0806955,51.1174906],[17.0807002,51.1174825],[17.080705,51.1174745],[17.0807098,51.1174664],[17.0807146,51.1174583],[17.0807193,51.1174502],[17.0807241,51.1174422],[17.0807289,51.1174341],[17.0807354,51.1174264],[17.0807418,51.1174186],[17.0807483,51.1174109],[17.0807548,51.1174031],[17.0807612,51.1173954],[17.0807677,51.1173877],[17.0807742,51.1173799],[17.0807806,51.1173722],[17.0807871,51.1173644],[17.0807936,51.1173567],[17.0808001,51.117349],[17.0808065,51.1173412],[17.080813,51.1173335],[17.0808195,51.1173257],[17.0808259,51.117318],[17.0808324,51.1173102],[17.0808389,51.1173025],[17.0808453,51.1172948],[17.0808518,51.117287],[17.0808583,51.1172793],[17.0808647,51.1172715],[17.0808712,51.1172638],[17.080879,51.1172567],[17.0808867,51.1172496],[17.0808945,51.1172425],[17.0809023,51.1172354],[17.08091,51.1172283],[17.0809178,51.1172212],[17.0809256,51.1172142],[17.0809334,51.1172071],[17.0809587,51.1171758]]}},{"type":"Feature","properties":{"layer":"roads"},"geometry":{"type":"LineString","coordinates":[[17.0790519,51.1168007],[17.0790096,51.1168225],[17.0789978,51.116827],[17.0789861,51.1168315],[17.0789743,51.116836],[17.0789623,51.1168393],[17.0789503,51.1168425],[17.0789384,51.1168458],[17.0789264,51.116849],[17.0789144,51.1168523],[17.0789013,51.116854],[17.0788883,51.1168557],[17.0788752,51.1168574],[17.0788622,51.1168592],[17.0788491,51.1168609],[17.0788361,51.1168626],[17.0788232,51.1168637],[17.0788103,51.1168647],[17.0787974,51.1168658],[17.0787845,51.1168668],[17.0787717,51.1168679],[17.0787201,51.1168721]]}},{"type":"Feature","properties":{"layer":"roads"},"geometry":{"type":"LineString","coordinates":[[17.0790519,51.1168007],[17.0790821,51.1168245],[17.0790905,51.1168312],[17.079099,51.116838],[17.0791074,51.1168447],[17.0791159,51.1168514],[17.0791243,51.1168581],[17.0791328,51.1168648],[17.079141,51.1168713],[17.0791492,51.1168777],[17.0791574,51.1168842],[17.0791656,51.1168906],[17.0791738,51.1168971],[17.0791801,51.1169036],[17.0791864,51.11691],[17.0791927,51.1169165],[17.079199,51.1169229],[17.0792053,51.1169294],[17.0792099,51.1169374],[17.0792145,51.1169455],[17.079219,51.1169535],[17.0792236,51.1169616],[17.0792282,51.1169696],[17.0792289,51.1169783],[17.0792297,51.116987],[17.0792304,51.1169957],[17.0792312,51.1170045],[17.0792319,51.1170132],[17.0792327,51.1170219],[17.0792334,51.1170306],[17.0792342,51.1170393],[17.0792349,51.117048],[17.0792357,51.1170568],[17.0792364,51.1170655],[17.0792372,51.1170742],[17.0792379,51.1170829],[17.0792367,51.1170918],[17.0792356,51.1171007],[17.0792344,51.1171097],[17.0792332,51.1171186],[17.0792321,51.1171275],[17.0792309,51.1171364],[17.0792298,51.1171453],[17.0792286,51.1171542],[17.0792274,51.1171632],[17.0792263,51.1171721],[17.0792251,51.117181],[17.07922,51.1171885],[17.0792148,51.1171961],[17.0792097,51.1172036],[17.0792045,51.1172112],[17.0791994,51.1172187],[17.0791942,51.1172263],[17.0791891,51.1172338],[17.0791839,51.1172414],[17.0791788,51.1172489],[17.0791736,51.1172565],[17.0791685,51.117264],[17.07916,51.11727],[17.0791515,51.117276],[17.0791429,51.117282],[17.0791344,51.117288],[17.0791259,51.117294],[17.0791174,51.1173],[17.0791088,51.117306],[17.0791003,51.117312],[17.0790918,51.117318],[17.0790845,51.1173249],[17.0790772,51.1173319],[17.0790698,51.1173388],[17.0790625,51.1173458],[17.0790552,51.1173528],[17.0790479,51.1173597],[17.0790479,51.1173904]]}},{"type":"Feature","properties":{"layer":"roads"},"geometry":{"type":"LineString","coordinates":[[17.0790519,51.1168007],[17.0790202,51.1167778],[17.0790111,51.1167712],[17.0790019,51.1167646],[17.0789928,51.1167579],[17.0789837,51.1167513],[17.0789745,51.1167447],[17.0789654,51.116738],[17.0789563,51.1167314],[17.0789472,51.1167247],[17.078938,51.1167181],[17.0789289,51.1167115],[17.0789198,51.1167048],[17.0789023,51.1166738]]}},{"type":"Feature","properties":{"layer":"roads"},"geometry":{"type":"LineString","coordinates":[[17.0790479,51.1173904],[17.0790885,51.1173997],[17.0791006,51.1174042],[17.0791128,51.1174087],[17.0791249,51.1174132],[17.079137,51.1174176],[17.0791492,51.1174221],[17.0791613,51.1174266],[17.0791734,51.1174311],[17.0791855,51.1174356],[17.0791977,51.11744],[17.0792098,51.1174445],[17.0792219,51.117449],[17.0792341,51.1174535],[17.0792462,51.1174579],[17.0792583,51.1174624],[17.0792705,51.1174669],[17.0792826,51.1174714],[17.07931,51.1174959]]}},{"type":"Feature","properties":{"layer":"roads"},"geometry":{"type":"LineString","coordinates":[[17.0790479,51.1173904],[17.0790389,51.1174237],[17.0790387,51.1174321],[17.0790385,51.1174405],[17.0790389,51.1174492],[17.0790394,51.1174579],[17.0790398,51.1174666],[17.0790402,51.1174753],[17.0790407,51.117484],[17.0790411,51.1174927],[17.0790415,51.1175014],[17.079042,51.11751],[17.0790424,51.1175187],[17.0790428,51.1175274],[17.0790433,51.1175361],[17.0790536,51.1175646]]}},{"type":"Feature","properties":{"layer":"roads"},"geometry":{"type":"LineString","coordinates":[[17.0805548,51.1102942],[17.0805226,51.1102751],[17.0805151,51.1102685],[17.0805077,51.1102619],[17.0804868,51.1102435],[17.0804698,51.1102283],[17.0804618,51.110221],[17.0804537,51.1102137],[17.0804457,51.1102063],[17.0804376,51.110199],[17.0804296,51.1101917],[17.0804215,51.1101844],[17.0804135,51.1101771],[17.0804054,51.1101698],[17.0803974,51.1101625],[17.0803893,51.1101551],[17.0803813,51.1101478],[17.0803732,51.1101405],[17.0803652,51.1101332],[17.0803571,51.1101259],[17.0803491,51.1101186],[17.080341,51.1101113],[17.080333,51.1101039],[17.0803249,51.1100966],[17.0803169,51.1100893],[17.0803088,51.110082],[17.0803008,51.1100747],[17.0802927,51.1100674],[17.0802847,51.1100601],[17.0802766,51.1100527],[17.0802686,51.1100454],[17.0802605,51.1100381],[17.0802525,51.1100308],[17.0802444,51.1100235],[17.0802364,51.1100162],[17.0802283,51.1100089],[17.0802203,51.1100015],[17.0802122,51.1099942],[17.0802042,51.1099869],[17.0801909,51.1099747],[17.0801576,51.1099521]]}},{"type":"Feature","properties":{"layer":"roads"},"geometry":{"type":"LineString","coordinates":[[17.0805548,51.1102942],[17.0805511,51.1103401],[17.0805469,51.1103477],[17.0805428,51.1103552],[17.0805386,51.1103628],[17.0805344,51.1103704],[17.0805353,51.110378],[17.0805362,51.1103856],[17.080537,51.1103931],[17.0805379,51.1104007],[17.0805389,51.11043]]}},{"type":"Feature","properties":{"layer":"roads"},"geometry":{"type":"LineString","coordinates":[[17.0805548,51.1102942],[17.0805942,51.1102721],[17.0805989,51.110264],[17.0806036,51.110256],[17.0806082,51.1102479],[17.0806129,51.1102398],[17.0806176,51.1102318],[17.0806223,51.1102237],[17.080627,51.1102156],[17.0806316,51.1102076],[17.0806363,51.1101995],[17.080641,51.1101914],[17.0806457,51.1101834],[17.0806504,51.1101753],[17.0806551,51.1101672],[17.0806597,51.1101592],[17.0806644,51.1101511],[17.0806691,51.110143],[17.0806738,51.110135],[17.0806785,51.1101269],[17.0806831,51.1101188],[17.0806878,51.1101108],[17.0806925,51.1101027],[17.080697,51.1100946],[17.0807014,51.1100865],[17.0807059,51.1100784],[17.0807104,51.1100703],[17.0807148,51.1100622],[17.0807193,51.1100541],[17.0807238,51.110046],[17.0807282,51.1100379],[17.0807327,51.1100298],[17.0807372,51.1100217],[17.0807417,51.1100136],[17.0807461,51.1100055],[17.0807506,51.1099974],[17.0807551,51.1099893],[17.0807595,51.1099812],[17.080764,51.1099731],[17.0807692,51.1099648],[17.0807744,51.1099564],[17.0807796,51.1099481],[17.0807848,51.1099398],[17.0807899,51.1099314],[17.0807951,51.1099231],[17.0808003,51.1099148],[17.0808055,51.1099064],[17.0808107,51.1098981],[17.0808159,51.1098898],[17.0808211,51.1098814],[17.0808263,51.1098731],[17.0808315,51.1098648],[17.0808366,51.1098564],[17.0808418,51.1098481],[17.080847,51.1098398],[17.0808522,51.1098314],[17.0808574,51.1098231],[17.0808622,51.1098151],[17.080867,51.109807],[17.0808718,51.109799],[17.0808767,51.1097909],[17.0808815,51.1097829],[17.0808863,51.1097748],[17.0808911,51.1097668],[17.0808959,51.1097587],[17.0809007,51.1097507],[17.0809055,51.1097426],[17.0809103,51.1097346],[17.0809152,51.1097265],[17.0809267,51.1096945]]}},{"type":"Feature","properties":{"layer":"roads"},"geometry":{"type":"LineString","coordinates":[[17.0809267,51.1096945],[17.0808667,51.1096841],[17.0808547,51.1096799],[17.0808427,51.1096758],[17.0808307,51.1096716],[17.0808188,51.1096675],[17.0808068,51.1096633],[17.0807948,51.1096592],[17.0807829,51.109655],[17.0807709,51.1096509],[17.0807589,51.1096467],[17.080747,51.1096426],[17.080735,51.1096384],[17.0807015,51.1096268],[17.0806784,51.1096158],[17.0806697,51.1096099],[17.0806609,51.1096039],[17.0806522,51.109598],[17.0806435,51.109592],[17.0806348,51.1095861],[17.080626,51.1095801],[17.0806173,51.1095742],[17.0806086,51.1095682],[17.0806013,51.1095626],[17.080594,51.1095569],[17.0805868,51.1095513],[17.0805795,51.1095457],[17.0805706,51.1095408],[17.0805618,51.109536],[17.0805529,51.1095311],[17.080544,51.1095262],[17.0805347,51.1095214],[17.0805255,51.1095167],[17.0805162,51.1095119],[17.080507,51.1095072],[17.0804741,51.1094839]]}},{"type":"Feature","properties":{"layer":"roads"},"geometry":{"type":"LineString","coordinates":[[17.0809267,51.1096945],[17.0809486,51.1096694],[17.0809533,51.1096611],[17.0809581,51.1096529],[17.0809628,51.1096446],[17.0809676,51.1096364],[17.0809723,51.1096281],[17.0809789,51.1096202],[17.0809856,51.1096122],[17.0809922,51.1096043],[17.0809989,51.1095964],[17.0810055,51.1095884],[17.0810122,51.1095805],[17.0810188,51.1095726],[17.0810255,51.1095646],[17.0810321,51.1095567],[17.0810388,51.1095488],[17.0810454,51.1095408],[17.0810521,51.1095329],[17.0810587,51.109525],[17.0810654,51.109517],[17.081072,51.1095091],[17.0810776,51.1095012],[17.0810832,51.1094933],[17.0810889,51.1094854],[17.0810945,51.1094775],[17.0811001,51.1094696],[17.0811057,51.1094617],[17.0811114,51.1094538],[17.081117,51.1094459],[17.0811226,51.109438],[17.0811282,51.1094301],[17.0811507,51.1093981]]}},{"type":"Feature","properties":{"layer":"roads"},"geometry":{"type":"LineString","coordinates":[[17.0795122,51.1138088],[17.0795592,51.1138067],[17.0795724,51.1138044],[17.0795857,51.1138021],[17.079599,51.1137997],[17.0796123,51.1137974],[17.0796256,51.113795],[17.0796389,51.1137927],[17.0796522,51.1137904],[17.0796655,51.113788],[17.0796787,51.1137857],[17.079692,51.1137833],[17.0797053,51.113781],[17.0797186,51.1137787],[17.0797319,51.1137763],[17.0797452,51.113774],[17.0797585,51.1137716],[17.0797718,51.1137693],[17.079785,51.113767],[17.0798274,51.1137596]]}},{"type":"Feature","properties":{"layer":"roads"},"geometry":{"type":"LineString","coordinates":[[17.0826363,51.1087789],[17.0826254,51.108806],[17.0826237,51.1088145],[17.082622,51.1088231],[17.0826203,51.1088316],[17.0826185,51.1088401],[17.0826168,51.1088486],[17.0826151,51.1088571],[17.0826134,51.1088656],[17.0826116,51.1088741],[17.0826099,51.1088826],[17.0826082,51.1088912],[17.0826065,51.1088997],[17.0826047,51.1089082],[17.082603,51.1089167],[17.0826013,51.1089252],[17.0825961,51.1089333],[17.0825908,51.1089413],[17.0825856,51.1089494],[17.0825803,51.1089574],[17.0825751,51.1089655],[17.0825698,51.1089735],[17.0825646,51.1089816],[17.0825593,51.1089896],[17.0825541,51.1089977],[17.0825488,51.1090057],[17.0825436,51.1090138],[17.0825383,51.1090218],[17.0825331,51.1090299],[17.0825279,51.109038],[17.0825226,51.109046],[17.0825174,51.1090541],[17.0825121,51.1090621],[17.0825069,51.1090702],[17.0825016,51.1090782],[17.0824964,51.1090863],[17.0824911,51.1090943],[17.0824859,51.1091024],[17.0824806,51.1091104],[17.0824754,51.1091185],[17.0824701,51.1091265],[17.0824649,51.1091346],[17.0824582,51.1091423],[17.0824514,51.1091501],[17.0824447,51.1091578],[17.082438,51.1091655],[17.0824312,51.1091732],[17.0824245,51.109181],[17.0824178,51.1091887],[17.082411,51.1091964],[17.0824043,51.1092041],[17.0823976,51.1092119],[17.0823908,51.1092196],[17.0823841,51.1092273],[17.0823774,51.109235],[17.0823706,51.1092428],[17.0823639,51.1092505],[17.0823572,51.1092582],[17.0823504,51.109266],[17.0823437,51.1092737],[17.082337,51.1092814],[17.0823302,51.1092891],[17.0823235,51.1092969],[17.0823168,51.1093046],[17.08231,51.1093123],[17.0823033,51.10932],[17.0822966,51.1093278],[17.0822898,51.1093355],[17.0822831,51.1093432],[17.0822764,51.1093509],[17.0822615,51.1093764]]}},{"type":"Feature","properties":{"layer":"roads"},"geometry":{"type":"LineString","coordinates":[[17.0826363,51.1087789],[17.0825569,51.1087573]]}},{"type":"Feature","properties":{"layer":"roads"},"geometry":{"type":"LineString","coordinates":[[17.0826363,51.1087789],[17.0826857,51.1087795],[17.0826994,51.1087793],[17.0827132,51.108779],[17.082727,51.1087788],[17.0827407,51.1087785],[17.0827545,51.1087783],[17.0827681,51.1087794],[17.0827817,51.1087805],[17.0827952,51.1087815],[17.0828088,51.1087826],[17.0828224,51.1087837],[17.0828273,51.1087758],[17.0828322,51.108768],[17.0828371,51.1087601],[17.082842,51.1087522],[17.0828469,51.1087443],[17.0828518,51.1087365],[17.0828567,51.1087286],[17.0828616,51.1087207],[17.0828665,51.1087128],[17.0828714,51.108705],[17.0828763,51.1086971],[17.0828639,51.1086928],[17.0828515,51.1086885],[17.0828391,51.1086842],[17.0828267,51.1086799],[17.0828142,51.1086755],[17.0828018,51.1086712],[17.0827894,51.1086669],[17.082777,51.1086626],[17.0827646,51.1086583],[17.082752,51.1086554],[17.0827395,51.1086524],[17.0827269,51.1086495],[17.0827143,51.1086466],[17.0827017,51.1086436],[17.0826892,51.1086407],[17.0826766,51.1086378],[17.082664,51.1086348],[17.0826514,51.1086319],[17.0826388,51.108629],[17.0826263,51.108626],[17.0825859,51.1086461]]}},{"type":"Feature","properties":{"layer":"roads"},"geometry":{"type":"LineString","coordinates":[[17.0822615,51.1093764],[17.0822257,51.1094006],[17.0822183,51.1094074],[17.0822108,51.1094143],[17.0822034,51.1094211],[17.082196,51.1094279],[17.0821885,51.1094348],[17.0821811,51.1094416],[17.0821721,51.1094485],[17.0821632,51.1094554],[17.0821542,51.1094623],[17.0821452,51.1094692],[17.0821363,51.109476],[17.0821273,51.1094829],[17.0821184,51.1094898],[17.0821094,51.1094967],[17.0821004,51.1095036],[17.0820915,51.1095105],[17.0820825,51.1095174],[17.0820735,51.1095243],[17.0820646,51.1095312],[17.0820556,51.1095381],[17.0820467,51.109545],[17.0820377,51.1095518],[17.0820287,51.1095587],[17.0820198,51.1095656],[17.0820108,51.1095725],[17.0820018,51.1095794],[17.0819929,51.1095863],[17.0819839,51.1095932],[17.0819749,51.1096001],[17.081966,51.109607],[17.081957,51.1096139],[17.0819481,51.1096207],[17.0819391,51.1096276],[17.0819301,51.1096345],[17.0819212,51.1096414],[17.0819122,51.1096483],[17.0819019,51.1096545],[17.0818915,51.1096607],[17.0818812,51.109667],[17.0818708,51.1096732],[17.0818605,51.1096794],[17.0818502,51.1096856],[17.0818398,51.1096918],[17.0818295,51.109698],[17.0818192,51.1097043],[17.0818088,51.1097105],[17.0817985,51.1097167],[17.0817881,51.1097229],[17.0817778,51.1097291],[17.0817327,51.1097565]]}},{"type":"Feature","properties":{"layer":"roads"},"geometry":{"type":"LineString","coordinates":[[17.0822615,51.1093764],[17.0822895,51.1094074],[17.0822948,51.1094156],[17.0823001,51.1094238],[17.0823054,51.109432],[17.0823107,51.1094402],[17.0823161,51.1094484],[17.0823214,51.1094566],[17.0823267,51.1094648],[17.0823327,51.1094724],[17.0823387,51.1094801],[17.0823447,51.1094877],[17.0823507,51.1094953],[17.0823567,51.109503],[17.0823627,51.1095106],[17.0823687,51.1095183],[17.0823747,51.1095259],[17.0823808,51.1095335],[17.0823868,51.1095412],[17.0823928,51.1095488],[17.0823988,51.1095564],[17.0824048,51.1095641],[17.0824108,51.1095717],[17.0824168,51.1095794],[17.0824228,51.109587],[17.0824312,51.1095941],[17.0824396,51.1096012],[17.082448,51.1096082],[17.0824563,51.1096153],[17.0824647,51.1096224],[17.0824731,51.1096295],[17.0824815,51.1096365],[17.0824899,51.1096436],[17.0824983,51.1096507],[17.0825067,51.1096578],[17.0825151,51.1096648],[17.0825234,51.1096719],[17.0825318,51.109679],[17.0825402,51.1096861],[17.0825486,51.1096931],[17.082557,51.1097002],[17.0825654,51.1097073],[17.0825738,51.1097144],[17.0825821,51.1097215],[17.0825905,51.1097285],[17.0825989,51.1097356],[17.0826073,51.1097427],[17.0826157,51.1097498],[17.0826241,51.1097568],[17.082637,51.1097834]]}},{"type":"Feature","properties":{"layer":"roads"},"geometry":{"type":"LineString","coordinates":[[17.0817797,51.1193814],[17.0818065,51.1194221],[17.0818142,51.1194542]]}},{"type":"Feature","properties":{"layer":"roads"},"geometry":{"type":"LineString","coordinates":[[17.0817797,51.1193814],[17.0817402,51.1193973],[17.0817268,51.1193984],[17.081714,51.1193945],[17.0817012,51.1193906],[17.0816884,51.1193867],[17.0816756,51.1193828],[17.0816628,51.1193789],[17.0816499,51.119375],[17.0816371,51.119371],[17.0816243,51.1193671],[17.0816115,51.1193632],[17.0815987,51.1193593],[17.0815859,51.1193554],[17.0815731,51.1193515],[17.0815603,51.1193476],[17.0815475,51.1193437],[17.0815347,51.1193398],[17.0815219,51.1193359],[17.081509,51.119332],[17.0814962,51.1193281],[17.0814834,51.1193242],[17.0814706,51.1193202],[17.0814578,51.1193163],[17.081445,51.1193124],[17.0814322,51.1193085],[17.0814194,51.1193046],[17.0814066,51.1193007],[17.0813938,51.1192968],[17.081381,51.1192929],[17.0813681,51.119289],[17.0813553,51.1192851],[17.0813425,51.1192812],[17.0813297,51.1192773],[17.0813169,51.1192734],[17.0813041,51.1192695],[17.0812913,51.1192655],[17.0812785,51.1192616],[17.0812657,51.1192577],[17.0812529,51.1192538],[17.0812401,51.1192499],[17.0812272,51.119246],[17.0812144,51.1192421],[17.0812016,51.1192382],[17.0811888,51.1192343],[17.081176,51.1192304],[17.0811632,51.1192265],[17.0811504,51.1192226],[17.0811376,51.1192187],[17.0811248,51.1192147],[17.081112,51.1192108],[17.0810992,51.1192069],[17.0810863,51.119203],[17.0810735,51.1191991],[17.0810607,51.1191952],[17.0810479,51.1191913],[17.0810351,51.1191874],[17.0810223,51.1191835],[17.0810095,51.1191796],[17.0809967,51.1191757],[17.0809839,51.1191718],[17.0809711,51.1191679],[17.0809583,51.1191639],[17.0809454,51.11916],[17.0809326,51.1191561],[17.0809198,51.1191522],[17.0808736,51.1191411]]}},{"type":"Feature","properties":{"layer":"roads"},"geometry":{"type":"LineString","coordinates":[[17.0817797,51.1193814],[17.0817694,51.1193526],[17.0817646,51.1193445],[17.0817598,51.1193364],[17.0817549,51.1193283],[17.0817501,51.1193202],[17.0817437,51.1193122],[17.0817373,51.1193042],[17.0817309,51.1192962],[17.0817246,51.1192882],[17.0817182,51.1192803],[17.0817118,51.1192723],[17.0817054,51.1192643],[17.081699,51.1192563],[17.0816926,51.1192483],[17.0816862,51.1192403],[17.0816799,51.1192323],[17.0816735,51.1192243],[17.0816671,51.1192164],[17.0816607,51.1192084],[17.0816543,51.1192004],[17.0816479,51.1191924],[17.0816415,51.1191844],[17.0816352,51.1191764],[17.0816288,51.1191684],[17.0816224,51.1191604],[17.081616,51.1191525],[17.0816096,51.1191445],[17.0816032,51.1191365],[17.0815969,51.1191285],[17.0815905,51.1191205],[17.0815841,51.1191125],[17.0815777,51.1191045],[17.0815713,51.1190965],[17.0815649,51.1190886],[17.0815585,51.1190806],[17.0815522,51.1190726],[17.0815458,51.1190646],[17.0815394,51.1190566],[17.081533,51.1190486],[17.0815266,51.1190406],[17.0815202,51.1190326],[17.0815138,51.1190247],[17.0815075,51.1190167],[17.0815011,51.1190087],[17.0814787,51.1189796]]}},{"type":"Feature","properties":{"layer":"roads"},"geometry":{"type":"LineString","coordinates":[[17.0751374,51.1149005],[17.0751814,51.1149214],[17.0751944,51.1149242],[17.0752049,51.1149301],[17.0752153,51.114936],[17.0752258,51.1149419],[17.0752362,51.1149478],[17.075278,51.1149714]]}},{"type":"Feature","properties":{"layer":"roads"},"geometry":{"type":"LineString","coordinates":[[17.0751374,51.1149005],[17.075091,51.114899],[17.0750637,51.1148985],[17.0750218,51.1148974],[17.0749696,51.1149027]]}},{"type":"Feature","properties":{"layer":"roads"},"geometry":{"type":"LineString","coordinates":[[17.0809165,51.1122326],[17.0809198,51.1122666],[17.0809234,51.1122748],[17.0809271,51.112283],[17.0809308,51.1122912],[17.0809372,51.1122989],[17.0809436,51.1123066],[17.08095,51.1123144],[17.0809564,51.1123221],[17.0809628,51.1123298],[17.0809692,51.1123375],[17.0809756,51.1123452],[17.0809821,51.112353],[17.0809885,51.1123607],[17.0809949,51.1123684],[17.0810013,51.1123761],[17.0810077,51.1123838],[17.0810141,51.1123916],[17.0810205,51.1123993],[17.0810269,51.112407],[17.0810333,51.1124147],[17.0810397,51.1124224],[17.0810461,51.1124302],[17.0810525,51.1124379],[17.0810589,51.1124456],[17.0810653,51.1124533],[17.0810717,51.112461],[17.0810782,51.1124688],[17.0810846,51.1124765],[17.081091,51.1124842],[17.0810974,51.1124919],[17.0811162,51.11252]]}},{"type":"Feature","properties":{"layer":"roads"},"geometry":{"type":"LineString","coordinates":[[17.0809165,51.1122326],[17.0809639,51.1122322],[17.0809772,51.1122351],[17.0809904,51.1122381],[17.0810036,51.1122411],[17.0810169,51.112244],[17.0810301,51.112247],[17.0810434,51.11225],[17.0810566,51.112253],[17.0810699,51.1122559],[17.0810831,51.1122589],[17.0810959,51.1122628],[17.0811086,51.1122667],[17.0811214,51.1122707],[17.0811342,51.1122746],[17.0811469,51.1122785],[17.0811597,51.1122824],[17.0811725,51.1122864],[17.0811852,51.1122903],[17.081198,51.1122942],[17.0812108,51.1122981],[17.0812236,51.1123021],[17.0812363,51.112306],[17.0812491,51.1123099],[17.0812619,51.1123138],[17.0812746,51.1123178],[17.0812874,51.1123217],[17.0813002,51.1123256],[17.0813129,51.1123295],[17.0813257,51.1123335],[17.0813385,51.1123374],[17.0813512,51.1123413],[17.081364,51.1123452],[17.0813768,51.1123491],[17.0813895,51.1123531],[17.0814023,51.112357],[17.0814151,51.1123609],[17.0814278,51.1123648],[17.0814406,51.1123688],[17.0814534,51.1123727],[17.0814662,51.1123766],[17.0814789,51.1123805],[17.0814917,51.1123845],[17.0815045,51.1123884],[17.0815172,51.1123923],[17.08153,51.1123962],[17.0815428,51.1124002],[17.0815555,51.1124041],[17.0815683,51.112408],[17.0815808,51.1124119],[17.0815934,51.1124157],[17.0816059,51.1124196],[17.0816185,51.1124235],[17.081631,51.1124273],[17.0816435,51.1124312],[17.0816561,51.1124351],[17.0816686,51.1124389],[17.0816811,51.1124428],[17.0816937,51.1124467],[17.0817062,51.1124505],[17.0817395,51.1124766]]}},{"type":"Feature","properties":{"layer":"roads"},"geometry":{"type":"LineString","coordinates":[[17.0817395,51.1124766],[17.0816961,51.1124842],[17.0816822,51.1124851],[17.0816682,51.1124861],[17.0816542,51.112487],[17.0816402,51.112488],[17.0816262,51.1124889],[17.0816123,51.1124898],[17.0815983,51.1124908],[17.0815843,51.1124917],[17.0815703,51.1124927],[17.0815564,51.1124936],[17.0815424,51.1124946],[17.0815284,51.1124955],[17.0815144,51.1124964],[17.0815004,51.1124974],[17.0814865,51.1124983],[17.0814725,51.1124993],[17.0814585,51.1125002],[17.0814445,51.1125011],[17.0814305,51.1125021],[17.0814166,51.112503],[17.0814026,51.112504],[17.0813886,51.1125049],[17.0813746,51.1125058],[17.0813606,51.1125068],[17.0813467,51.1125077],[17.0813327,51.1125087],[17.0813187,51.1125096],[17.0813047,51.1125106],[17.0812908,51.1125115],[17.0812768,51.1125124],[17.0812628,51.1125134],[17.0812488,51.1125143],[17.0812348,51.1125153],[17.0812209,51.1125162],[17.0812069,51.1125172],[17.0811929,51.1125181],[17.0811789,51.112519],[17.0811649,51.11252],[17.0811162,51.11252]]}},{"type":"Feature","properties":{"layer":"roads"},"geometry":{"type":"LineString","coordinates":[[17.0813793,51.1153377],[17.0814042,51.115307],[17.0814134,51.1153008],[17.0814227,51.1152946],[17.0814319,51.1152883],[17.0814411,51.1152821],[17.0814481,51.1152744],[17.0814552,51.1152667],[17.0814663,51.1152351]]}},{"type":"Feature","properties":{"layer":"roads"},"geometry":{"type":"LineString","coordinates":[[17.0813793,51.1153377],[17.0813271,51.1153505],[17.0812893,51.1153501],[17.081204,51.1153514]]}},{"type":"Feature","properties":{"layer":"roads"},"geometry":{"type":"LineString","coordinates":[[17.0813793,51.1153377],[17.0814245,51.1153487],[17.0814386,51.1153484],[17.0814528,51.1153481],[17.0814669,51.1153478],[17.0814805,51.1153468],[17.0814941,51.1153458],[17.0815078,51.1153448],[17.0815214,51.1153438],[17.081535,51.1153428],[17.0815486,51.1153417],[17.0815623,51.1153407],[17.0815759,51.1153397],[17.0815895,51.1153387],[17.0816031,51.1153377],[17.0816168,51.1153367],[17.0816304,51.1153357],[17.081644,51.1153347],[17.0816577,51.1153337],[17.0816713,51.1153326],[17.0816849,51.1153316],[17.0816985,51.1153306],[17.0817122,51.1153296],[17.0817258,51.1153286],[17.0817394,51.1153276],[17.0817534,51.1153257],[17.0817674,51.1153238],[17.0817813,51.1153219],[17.0817953,51.11532],[17.0818093,51.1153182],[17.0818233,51.1153163],[17.0818372,51.1153144],[17.0818512,51.1153125],[17.0818652,51.1153106],[17.0818792,51.1153087],[17.0818932,51.1153068],[17.0819071,51.1153049],[17.0819211,51.1153031],[17.0819351,51.1153012],[17.0819491,51.1152993],[17.081963,51.1152974],[17.081977,51.1152955],[17.081991,51.1152936],[17.082005,51.1152917],[17.082019,51.1152898],[17.0820329,51.115288],[17.0820469,51.1152861],[17.0820609,51.1152842],[17.0820749,51.1152823],[17.0820889,51.1152804],[17.0821028,51.1152785],[17.0821168,51.1152766],[17.0821308,51.1152747],[17.0821448,51.1152729],[17.0821587,51.115271],[17.0821727,51.1152691],[17.0821867,51.1152672],[17.0822007,51.1152653],[17.0822147,51.1152634],[17.0822286,51.1152615],[17.0822426,51.1152596],[17.0822566,51.1152578],[17.0822706,51.1152559],[17.0822845,51.115254],[17.0823286,51.1152524]]}},{"type":"Feature","properties":{"layer":"roads"},"geometry":{"type":"LineString","coordinates":[[17.0797355,51.1070464],[17.0796921,51.107005],[17.0796852,51.1069972],[17.079658,51.1069658]]}},{"type":"Feature","properties":{"layer":"roads"},"geometry":{"type":"LineString","coordinates":[[17.0797355,51.1070464],[17.0797527,51.1070738],[17.0797594,51.1070813],[17.0797661,51.1070888],[17.0797727,51.1070962],[17.0797794,51.1071037],[17.0797861,51.1071112],[17.0797924,51.1071187],[17.0797987,51.1071263],[17.079805,51.1071338],[17.0798113,51.1071413],[17.0798176,51.1071488],[17.0798239,51.1071564],[17.0798302,51.1071639],[17.0798364,51.1071714],[17.0798427,51.1071789],[17.079849,51.1071865],[17.0798553,51.107194],[17.0798616,51.1072015],[17.0798679,51.107209],[17.0798742,51.1072166],[17.0798805,51.1072241],[17.0798868,51.1072316],[17.0798932,51.1072391],[17.0798995,51.1072466],[17.0799058,51.1072541],[17.0799121,51.1072616],[17.0799185,51.1072691],[17.0799248,51.1072766],[17.0799311,51.1072841],[17.0799374,51.1072919],[17.0799437,51.1072996],[17.0799501,51.1073074],[17.0799564,51.1073152],[17.0799627,51.1073229],[17.079969,51.1073307],[17.0799753,51.1073384],[17.0799816,51.1073462],[17.079988,51.107354],[17.0799943,51.1073617],[17.0800006,51.1073695],[17.0800072,51.1073772],[17.0800138,51.107385],[17.0800205,51.1073927],[17.0800271,51.1074005],[17.0800337,51.1074082],[17.0800403,51.107416],[17.080047,51.1074237],[17.0800536,51.1074314],[17.0800602,51.1074392],[17.0800668,51.1074469],[17.0800734,51.1074547],[17.0800897,51.1074857]]}},{"type":"Feature","properties":{"layer":"roads"},"geometry":{"type":"LineString","coordinates":[[17.0871523,51.1069629],[17.0871648,51.1069933],[17.0871737,51.1070003],[17.0871827,51.1070072],[17.0871916,51.1070142],[17.0872006,51.1070211],[17.0872095,51.1070281],[17.0872185,51.107035],[17.0872274,51.1070419],[17.0872364,51.1070489],[17.0872453,51.1070558],[17.0872543,51.1070628],[17.0872632,51.1070697],[17.0872722,51.1070766],[17.0872811,51.1070836],[17.0872901,51.1070905],[17.087299,51.1070975],[17.087308,51.1071044],[17.0873169,51.1071114],[17.0873258,51.1071183],[17.0873348,51.1071252],[17.0873437,51.1071322],[17.0873527,51.1071391],[17.0873616,51.1071461],[17.0873706,51.107153],[17.0873795,51.1071599],[17.0873885,51.1071669],[17.0873974,51.1071738],[17.0874064,51.1071808],[17.0874153,51.1071877],[17.0874243,51.1071946],[17.0874332,51.1072016],[17.0874422,51.1072085],[17.0874511,51.1072155],[17.0874601,51.1072224],[17.087469,51.1072294],[17.087478,51.1072363],[17.0874869,51.1072432],[17.0874959,51.1072502],[17.0875048,51.1072571],[17.0875138,51.1072641],[17.0875227,51.107271],[17.0875316,51.1072779],[17.0875406,51.1072849],[17.0875495,51.1072918],[17.0875584,51.1072987],[17.0875674,51.1073056],[17.0875763,51.1073126],[17.0875852,51.1073195],[17.0875941,51.1073264],[17.0876031,51.1073333],[17.087612,51.1073403],[17.0876209,51.1073472],[17.0876299,51.1073541],[17.0876388,51.107361],[17.0876477,51.107368],[17.0876567,51.1073749],[17.0876656,51.1073818],[17.0876745,51.1073887],[17.0876834,51.1073957],[17.0877231,51.1074104]]}},{"type":"Feature","properties":{"layer":"roads"},"geometry":{"type":"LineString","coordinates":[[17.0871523,51.1069629],[17.0871944,51.106954],[17.0872083,51.1069544],[17.0872222,51.1069548],[17.087236,51.1069551],[17.0872499,51.1069555],[17.0872638,51.1069559],[17.0872777,51.1069563],[17.0872916,51.1069567],[17.0873055,51.1069571],[17.0873193,51.1069574],[17.0873332,51.1069578],[17.0873471,51.1069582],[17.087361,51.1069586],[17.0873749,51.106959],[17.0873888,51.1069594],[17.0874026,51.1069597],[17.0874165,51.1069601],[17.0874304,51.1069605],[17.0874443,51.1069609],[17.0874582,51.1069613],[17.0874721,51.1069617],[17.0874859,51.106962],[17.0874998,51.1069624],[17.0875137,51.1069628],[17.087527,51.1069619],[17.0875403,51.1069609],[17.0875536,51.10696],[17.0875669,51.1069591],[17.0875802,51.1069582],[17.0875935,51.1069572],[17.0876068,51.1069563],[17.0876202,51.1069554],[17.0876335,51.1069545],[17.0876468,51.1069535],[17.0876601,51.1069526],[17.0876734,51.1069517],[17.0876867,51.1069508],[17.0877,51.1069498],[17.0877133,51.1069489],[17.0877266,51.1069479],[17.0877399,51.1069469],[17.0877532,51.1069459],[17.0877666,51.1069449],[17.0877799,51.1069439],[17.0877932,51.1069429],[17.0878065,51.1069419],[17.0878198,51.1069409],[17.0878632,51.1069405]]}},{"type":"Feature","properties":{"layer":"roads"},"geometry":{"type":"LineString","coordinates":[[17.0871523,51.1069629],[17.0870977,51.1069527],[17.0870576,51.1069556],[17.0870442,51.1069565],[17.0870308,51.1069575],[17.0870174,51.1069585],[17.087004,51.1069594],[17.0869906,51.1069604],[17.0869772,51.1069614],[17.0869638,51.1069623],[17.0869505,51.1069633],[17.0869371,51.1069643],[17.0869237,51.1069652],[17.0869103,51.1069662],[17.0868978,51.1069665],[17.0868852,51.1069669],[17.0868313,51.1069714]]}},{"type":"Feature","properties":{"layer":"roads"},"geometry":{"type":"LineString","coordinates":[[17.0877231,51.1074104],[17.0877437,51.1073783],[17.0877463,51.1073696],[17.0877489,51.1073609],[17.0877515,51.1073523],[17.0877541,51.1073436],[17.0877567,51.1073349],[17.0877593,51.1073262],[17.0877619,51.1073176],[17.0877645,51.1073089],[17.0877671,51.1073002],[17.0877697,51.1072916],[17.0877723,51.1072829],[17.0877749,51.1072742],[17.0877775,51.1072655],[17.0877802,51.1072569],[17.0877828,51.1072482],[17.0877854,51.1072395],[17.087788,51.1072308],[17.0877906,51.1072222],[17.0877932,51.1072135],[17.0877958,51.1072048],[17.0877984,51.1071962],[17.087801,51.1071875],[17.0878036,51.1071788],[17.0878062,51.1071701],[17.0878088,51.1071615],[17.0878114,51.1071528],[17.087814,51.1071441],[17.0878166,51.1071355],[17.0878192,51.1071268],[17.0878218,51.1071181],[17.0878244,51.1071094],[17.087827,51.1071008],[17.0878296,51.1070921],[17.0878328,51.1070834],[17.0878359,51.1070747],[17.0878391,51.1070661],[17.0878422,51.1070574],[17.0878454,51.1070487],[17.0878485,51.10704],[17.0878517,51.1070314],[17.0878548,51.1070227],[17.087858,51.107014],[17.0878612,51.1070053],[17.0878643,51.1069966],[17.0878675,51.106988],[17.0878706,51.1069793],[17.0878738,51.1069706],[17.0878632,51.1069405]]}},{"type":"Feature","properties":{"layer":"roads"},"geometry":{"type":"LineString","coordinates":[[17.0810131,51.1150595],[17.0809854,51.1150876],[17.0809794,51.1151254]]}},{"type":"Feature","properties":{"layer":"roads"},"geometry":{"type":"LineString","coordinates":[[17.0810131,51.1150595],[17.081054,51.1150375],[17.0810653,51.1150337],[17.0810765,51.1150299],[17.0810878,51.1150261],[17.0811002,51.1150244],[17.0811126,51.1150227],[17.081125,51.115021],[17.0811375,51.1150194],[17.0811499,51.1150177],[17.0811623,51.115016],[17.0811747,51.1150143],[17.0811872,51.1150144],[17.0811996,51.1150145],[17.0812121,51.1150145],[17.0812245,51.1150146],[17.081237,51.1150147],[17.08125,51.115016],[17.081263,51.1150174],[17.0813006,51.1150346]]}},{"type":"Feature","properties":{"layer":"roads"},"geometry":{"type":"LineString","coordinates":[[17.0811999,51.1168573],[17.0811691,51.1168841],[17.0811642,51.1168925],[17.0811594,51.1169009],[17.0811546,51.1169093],[17.0811498,51.1169177],[17.081145,51.1169261],[17.0811402,51.1169345],[17.0811354,51.1169429],[17.0811306,51.1169513],[17.081118,51.1169857]]}},{"type":"Feature","properties":{"layer":"roads"},"geometry":{"type":"LineString","coordinates":[[17.083505,51.1149949],[17.0835332,51.1149603],[17.0835384,51.1149522],[17.0835437,51.1149441],[17.0835489,51.1149359],[17.0835541,51.1149278],[17.0835594,51.1149197],[17.0835646,51.1149116],[17.0835699,51.1149034],[17.0835751,51.1148953],[17.0835804,51.1148872],[17.0835856,51.1148791],[17.0835908,51.1148709],[17.0835961,51.1148628],[17.0836013,51.1148547],[17.0836066,51.1148466],[17.0836118,51.1148384],[17.0836171,51.1148303],[17.0836223,51.1148222],[17.083628,51.1148142],[17.0836338,51.1148062],[17.0836395,51.1147981],[17.0836453,51.1147901],[17.083651,51.1147821],[17.0836568,51.1147741],[17.0836625,51.1147661],[17.0836683,51.1147581],[17.083674,51.11475],[17.0836798,51.114742],[17.0836855,51.114734],[17.0836913,51.114726],[17.0837203,51.1147034]]}},{"type":"Feature","properties":{"layer":"roads"},"geometry":{"type":"LineString","coordinates":[[17.0778524,51.1097011],[17.0778587,51.1096625],[17.0778658,51.1096547],[17.0778729,51.1096469],[17.07788,51.1096391],[17.0778872,51.1096313],[17.0778943,51.1096235],[17.0779014,51.1096157],[17.0779085,51.1096079],[17.0779157,51.1096001],[17.0779228,51.1095924],[17.0779299,51.1095846],[17.077937,51.1095768],[17.0779441,51.109569],[17.0779513,51.1095612],[17.0779584,51.1095534],[17.0779655,51.1095456],[17.0779726,51.1095378],[17.0779797,51.1095301],[17.0779979,51.1094992]]}},{"type":"Feature","properties":{"layer":"roads"},"geometry":{"type":"LineString","coordinates":[[17.0813624,51.1091957],[17.0813291,51.1092234],[17.0813225,51.1092309],[17.081316,51.1092384],[17.0813094,51.1092459],[17.0813028,51.1092534],[17.0812949,51.1092601],[17.081287,51.1092668],[17.0812792,51.1092736],[17.0812713,51.1092803],[17.0812634,51.109287],[17.0812555,51.1092937],[17.0812476,51.1093004],[17.0812398,51.1093072],[17.0812319,51.1093139],[17.081224,51.1093206],[17.0812165,51.1093282],[17.0812089,51.1093359],[17.0812014,51.1093435],[17.0811939,51.1093512],[17.0811863,51.1093588],[17.0811788,51.1093665],[17.0811713,51.1093741],[17.0811507,51.1093981]]}},{"type":"Feature","properties":{"layer":"roads"},"geometry":{"type":"LineString","coordinates":[[17.0813624,51.1091957],[17.0813797,51.1091622],[17.0813856,51.1091543],[17.0813915,51.1091464],[17.0813974,51.1091385],[17.0814033,51.1091306],[17.0814092,51.1091228],[17.0814151,51.1091149],[17.081421,51.109107],[17.0814269,51.1090991],[17.0814328,51.1090912],[17.0814388,51.1090834],[17.0814447,51.1090755],[17.0814506,51.1090676],[17.0814565,51.1090597],[17.0814624,51.1090518],[17.0814683,51.109044],[17.0814742,51.1090361],[17.0814801,51.1090282],[17.081486,51.1090203],[17.0814919,51.1090124],[17.0814978,51.1090046],[17.0815037,51.1089967],[17.0815096,51.1089888],[17.0815161,51.108981],[17.0815226,51.1089732],[17.0815291,51.1089654],[17.0815356,51.1089575],[17.081542,51.1089497],[17.0815485,51.1089419],[17.081555,51.1089341],[17.0815615,51.1089263],[17.081568,51.1089185],[17.0815745,51.1089106],[17.081581,51.1089028],[17.0815875,51.108895],[17.081594,51.1088872],[17.0816005,51.1088794],[17.0816069,51.1088716],[17.0816134,51.1088637],[17.0816199,51.1088559],[17.0816264,51.1088481],[17.0816329,51.1088403],[17.0816374,51.108832],[17.081642,51.1088237],[17.0816465,51.1088154],[17.081651,51.1088071],[17.0816556,51.1087988],[17.0816601,51.1087905],[17.0816647,51.1087822],[17.0816692,51.1087739],[17.0816737,51.1087656],[17.0816783,51.1087573],[17.0816828,51.108749],[17.0816873,51.1087407],[17.0816919,51.1087323],[17.0816964,51.108724],[17.0817009,51.1087157],[17.0817055,51.1087074],[17.08171,51.1086991],[17.0817145,51.1086908],[17.0817191,51.1086825],[17.0817236,51.1086742],[17.0817282,51.1086659],[17.0817327,51.1086576],[17.0817583,51.1086273]]}},{"type":"Feature","properties":{"layer":"roads"},"geometry":{"type":"LineString","coordinates":[[17.0778524,51.1097011],[17.0778976,51.1097158],[17.0779102,51.10972],[17.0779228,51.1097241],[17.0779354,51.1097283],[17.077948,51.1097324],[17.0779606,51.1097366],[17.0779732,51.1097408],[17.0779858,51.1097449],[17.0779984,51.1097491],[17.078011,51.1097532],[17.0780237,51.1097574],[17.0780363,51.1097615],[17.0780489,51.1097657],[17.0780615,51.1097699],[17.0780741,51.109774],[17.0780867,51.1097782],[17.0780993,51.1097823],[17.0781119,51.1097865],[17.0781245,51.1097906],[17.0781371,51.1097948],[17.0781497,51.1097989],[17.0781623,51.1098031],[17.0781749,51.1098073],[17.0781875,51.1098114],[17.0782001,51.1098156],[17.0782127,51.1098197],[17.0782253,51.1098239],[17.0782379,51.109828],[17.0782505,51.1098322],[17.0782631,51.1098364],[17.0782757,51.1098405],[17.0782883,51.1098447],[17.078301,51.1098488],[17.0783136,51.109853],[17.0783262,51.1098571],[17.0783388,51.1098613],[17.0783514,51.1098655],[17.078364,51.1098696],[17.0783766,51.1098738],[17.0783892,51.1098779],[17.0784018,51.1098821],[17.0784144,51.1098862],[17.078427,51.1098904],[17.0784396,51.1098946],[17.0784522,51.1098987],[17.0784648,51.1099029],[17.0784774,51.109907],[17.07849,51.1099112],[17.0785026,51.1099153],[17.0785152,51.1099195],[17.0785278,51.1099236],[17.0785404,51.1099278],[17.078553,51.109932],[17.0785656,51.1099361],[17.0785783,51.1099403],[17.0785909,51.1099444],[17.0786035,51.1099486],[17.0786161,51.1099527],[17.0786287,51.1099569],[17.0786413,51.1099611],[17.0786539,51.1099652],[17.0786665,51.1099694],[17.0787165,51.1099859]]}},{"type":"Feature","properties":{"layer":"roads"},"geometry":{"type":"LineString","coordinates":[[17.0778524,51.1097011],[17.0778509,51.1097351],[17.0778488,51.109741],[17.0778466,51.109747],[17.0778474,51.1097556],[17.0778481,51.1097643],[17.0778489,51.1097729],[17.0778497,51.1097816],[17.0778504,51.1097902],[17.0778512,51.1097988],[17.077852,51.1098075],[17.0778527,51.1098161],[17.0778535,51.1098248],[17.0778543,51.1098334],[17.077855,51.109842],[17.0778336,51.1098687]]}},{"type":"Feature","properties":{"layer":"roads"},"geometry":{"type":"LineString","coordinates":[[17.0787165,51.1099859],[17.0787361,51.1099535],[17.0787409,51.1099454],[17.0787456,51.1099372],[17.0787504,51.1099291],[17.0787552,51.109921],[17.07876,51.1099129],[17.0787648,51.1099047],[17.0787696,51.1098966],[17.0787755,51.1098887],[17.0787814,51.1098808],[17.0787874,51.109873],[17.0787933,51.1098651],[17.0787992,51.1098572],[17.0788051,51.1098493],[17.0788111,51.1098414],[17.078817,51.1098335],[17.0788229,51.1098257],[17.0788288,51.1098178],[17.0788347,51.1098099],[17.0788407,51.109802],[17.0788466,51.1097941],[17.0788525,51.1097863],[17.0788584,51.1097784],[17.0788644,51.1097705],[17.0788703,51.1097626],[17.0788762,51.1097547],[17.0788821,51.1097469],[17.078888,51.109739],[17.078894,51.1097311],[17.0788999,51.1097232],[17.0789058,51.1097153],[17.0789396,51.1096663]]}},{"type":"Feature","properties":{"layer":"roads"},"geometry":{"type":"LineString","coordinates":[[17.0817327,51.1097565],[17.0817951,51.109759],[17.0818089,51.1097588],[17.0818227,51.1097585],[17.0818365,51.1097583],[17.0818503,51.109758],[17.0818641,51.1097578],[17.0818779,51.1097575],[17.0818917,51.1097573],[17.0819055,51.1097571],[17.0819193,51.1097568],[17.0819331,51.1097566],[17.0819469,51.1097563],[17.0819607,51.1097561],[17.081975,51.1097565],[17.0819893,51.109757],[17.0820036,51.1097574],[17.0820178,51.1097578],[17.0820321,51.1097583],[17.0820464,51.1097587],[17.0820607,51.1097591],[17.082075,51.1097595],[17.0820893,51.10976],[17.0821036,51.1097604],[17.0821179,51.1097608],[17.0821321,51.1097613],[17.0821464,51.1097617],[17.0821607,51.1097621],[17.082175,51.1097626],[17.0821893,51.109763],[17.0822036,51.1097634],[17.0822179,51.1097638],[17.0822322,51.1097643],[17.0822464,51.1097647],[17.0822607,51.1097651],[17.082275,51.1097656],[17.0822893,51.109766],[17.0823031,51.1097672],[17.0823168,51.1097684],[17.0823306,51.1097696],[17.0823443,51.1097708],[17.0823581,51.1097719],[17.0823718,51.1097731],[17.0823856,51.1097743],[17.0823993,51.1097755],[17.0824131,51.1097767],[17.0824268,51.1097779],[17.0824406,51.1097791],[17.0824543,51.1097803],[17.0824681,51.1097815],[17.0824819,51.1097826],[17.0824956,51.1097838],[17.0825094,51.109785],[17.0825231,51.1097862],[17.0825369,51.1097874],[17.0825506,51.1097886],[17.0825644,51.1097898],[17.0825781,51.109791],[17.0825919,51.1097922],[17.082637,51.1097834]]}},{"type":"Feature","properties":{"layer":"roads"},"geometry":{"type":"LineString","coordinates":[[17.0802359,51.1076485],[17.0802126,51.1076165],[17.080206,51.1076088],[17.0801993,51.1076011],[17.0801927,51.1075934],[17.0801861,51.1075857],[17.0801795,51.107578],[17.0801728,51.1075703],[17.0801662,51.1075626],[17.0801596,51.1075549],[17.0801529,51.1075472],[17.0801463,51.1075395],[17.0801397,51.1075318],[17.0801331,51.1075241],[17.0801264,51.1075164],[17.0801198,51.1075087],[17.0800897,51.1074857]]}},{"type":"Feature","properties":{"layer":"roads"},"geometry":{"type":"LineString","coordinates":[[17.0802359,51.1076485],[17.0801422,51.107678]]}},{"type":"Feature","properties":{"layer":"roads"},"geometry":{"type":"LineString","coordinates":[[17.0814063,51.1080441],[17.081357,51.1080881],[17.0813429,51.1080872],[17.0813287,51.1080863],[17.0813146,51.1080854],[17.0813004,51.1080845],[17.0812863,51.1080835],[17.0812721,51.1080826],[17.081258,51.1080817],[17.0812438,51.1080808],[17.0812297,51.1080799],[17.0812155,51.1080789],[17.0812014,51.108078],[17.0811872,51.1080771],[17.0811731,51.1080762],[17.0811589,51.1080753],[17.0811447,51.1080744],[17.0811306,51.1080734],[17.0811164,51.1080725],[17.0811023,51.1080716],[17.0810882,51.1080714],[17.0810741,51.1080712],[17.0810601,51.1080711],[17.081046,51.1080709],[17.0810319,51.1080707],[17.0810178,51.1080705],[17.0810037,51.1080703],[17.0809896,51.1080701],[17.0809756,51.10807],[17.0809615,51.1080698],[17.0809474,51.1080696],[17.080934,51.1080691],[17.0809207,51.1080687],[17.0809073,51.1080682],[17.080894,51.1080678],[17.0808806,51.1080673],[17.0808673,51.1080669],[17.0808539,51.1080664],[17.0808406,51.108066],[17.0808272,51.1080655],[17.0808139,51.1080651],[17.0808005,51.1080646],[17.0807871,51.1080634],[17.0807737,51.1080622],[17.0807603,51.108061],[17.0807469,51.1080598],[17.0807335,51.1080586],[17.0807201,51.1080574],[17.0807067,51.1080562],[17.0806933,51.108055],[17.0806803,51.1080537],[17.0806673,51.1080524],[17.0806542,51.1080511],[17.0806412,51.1080498],[17.0806015,51.1080685]]}},{"type":"Feature","properties":{"layer":"roads"},"geometry":{"type":"LineString","coordinates":[[17.0880202,51.1136617],[17.0879768,51.1136437],[17.0879639,51.1136402],[17.0879509,51.1136366],[17.087938,51.1136331],[17.087925,51.1136296],[17.0879121,51.1136261],[17.0878991,51.1136226],[17.0878862,51.1136191],[17.0878732,51.1136156],[17.0878603,51.1136121],[17.0878473,51.1136086],[17.0878344,51.1136051],[17.0878214,51.1136015],[17.0878085,51.113598],[17.0877955,51.1135945],[17.0877825,51.113591],[17.0877696,51.1135875],[17.0877566,51.113584],[17.0877437,51.1135805],[17.0877307,51.113577],[17.0877178,51.1135735],[17.0877048,51.1135699],[17.0876919,51.1135664],[17.0876789,51.1135629],[17.087666,51.1135594],[17.087653,51.1135559],[17.0876401,51.1135524],[17.0876271,51.1135489],[17.0876142,51.1135454],[17.0876012,51.1135419],[17.0875882,51.1135383],[17.0875753,51.1135348],[17.0875623,51.1135313],[17.0875494,51.1135278],[17.0875364,51.1135243],[17.0875235,51.1135208],[17.0875105,51.1135173],[17.0874976,51.1135138],[17.0874846,51.1135103],[17.0874717,51.1135068],[17.0874587,51.1135032],[17.0874458,51.1134997],[17.0874328,51.1134962],[17.0874199,51.1134927],[17.0874069,51.1134892],[17.087394,51.1134857],[17.087381,51.1134822],[17.087368,51.1134787],[17.0873551,51.1134752],[17.0873421,51.1134716],[17.0873292,51.1134681],[17.0873162,51.1134646],[17.0873033,51.1134611],[17.0872903,51.1134576],[17.0872774,51.1134541],[17.0872644,51.1134506],[17.0872515,51.1134471],[17.0872385,51.1134436],[17.0872256,51.1134401],[17.0872126,51.1134365],[17.0871997,51.113433],[17.0871548,51.1134209]]}},{"type":"Feature","properties":{"layer":"roads"},"geometry":{"type":"LineString","coordinates":[[17.0880202,51.1136617],[17.0880685,51.1136675],[17.0880817,51.1136708],[17.0880949,51.1136741],[17.0881081,51.1136774],[17.0881213,51.1136807],[17.0881345,51.1136841],[17.0881477,51.1136874],[17.0881609,51.1136907],[17.0881741,51.113694],[17.0881873,51.1136973],[17.0882005,51.1137006],[17.0882137,51.113704],[17.0882269,51.1137073],[17.0882401,51.1137106],[17.0882533,51.1137139],[17.0882665,51.1137172],[17.0882797,51.1137205],[17.0882928,51.1137239],[17.088306,51.1137272],[17.0883192,51.1137305],[17.0883324,51.1137338],[17.0883456,51.1137371],[17.0883588,51.1137404],[17.088372,51.1137438],[17.0883852,51.1137471],[17.0883984,51.1137504],[17.0884116,51.1137537],[17.0884248,51.113757],[17.088438,51.1137603],[17.0884512,51.1137637],[17.0884644,51.113767],[17.0884776,51.1137703],[17.0884908,51.1137736],[17.088504,51.1137769],[17.0885172,51.1137802],[17.0885605,51.1137975]]}},{"type":"Feature","properties":{"layer":"roads"},"geometry":{"type":"LineString","coordinates":[[17.0880202,51.1136617],[17.0879902,51.1136859],[17.0879838,51.1136939],[17.0879774,51.1137018],[17.087971,51.1137097],[17.0879646,51.1137176],[17.0879582,51.1137256],[17.0879518,51.1137335],[17.0879454,51.1137414],[17.0879391,51.1137494],[17.0879327,51.1137573],[17.0879263,51.1137652],[17.0879199,51.1137732],[17.0879135,51.1137811],[17.0879071,51.113789],[17.0879007,51.1137969],[17.0878944,51.1138049],[17.087888,51.1138128],[17.0878816,51.1138207],[17.0878752,51.1138287],[17.0878688,51.1138366],[17.0878624,51.1138445],[17.087856,51.1138525],[17.0878496,51.1138604],[17.0878433,51.1138683],[17.0878369,51.1138762],[17.0878305,51.1138842],[17.0878241,51.1138921],[17.0878177,51.1139],[17.0878113,51.113908],[17.0878049,51.1139159],[17.0877985,51.1139238],[17.0877922,51.1139318],[17.0877858,51.1139397],[17.0877794,51.1139476],[17.087773,51.1139555],[17.0877666,51.1139635],[17.0877602,51.1139714],[17.0877538,51.1139793],[17.0877475,51.1139873],[17.0877411,51.1139952],[17.0877347,51.1140031],[17.0877283,51.1140111],[17.0877219,51.114019],[17.0877155,51.1140269],[17.0877091,51.1140348],[17.0877027,51.1140428],[17.0876772,51.1140745]]}},{"type":"Feature","properties":{"layer":"roads"},"geometry":{"type":"LineString","coordinates":[[17.0871548,51.1134209],[17.0871077,51.1134092],[17.0870945,51.1134059],[17.0870812,51.1134026],[17.0870679,51.1133993],[17.0870547,51.1133959],[17.0870414,51.1133926],[17.0870282,51.1133893],[17.0870149,51.113386],[17.0870016,51.1133827],[17.0869884,51.1133794],[17.0869751,51.113376],[17.0869618,51.1133727],[17.0869486,51.1133694],[17.0869353,51.1133661],[17.086922,51.1133628],[17.0869088,51.1133594],[17.0868955,51.1133561],[17.0868822,51.1133528],[17.086869,51.1133495],[17.0868557,51.1133462],[17.0868424,51.1133428],[17.0868292,51.1133395],[17.0868159,51.1133362],[17.0868026,51.1133329],[17.0867894,51.1133296],[17.0867761,51.1133263],[17.0867629,51.1133229],[17.0867496,51.1133196],[17.0867363,51.1133163],[17.0867231,51.113313],[17.0867098,51.1133097],[17.0866643,51.1132982]]}},{"type":"Feature","properties":{"layer":"roads"},"geometry":{"type":"LineString","coordinates":[[17.0871548,51.1134209],[17.0871837,51.1133906],[17.0871895,51.1133826],[17.0871952,51.1133746],[17.087201,51.1133667],[17.0872067,51.1133587],[17.0872124,51.1133507],[17.0872182,51.1133427],[17.0872239,51.1133348],[17.0872296,51.1133268],[17.0872354,51.1133188],[17.0872411,51.1133108],[17.0872468,51.1133028],[17.0872526,51.1132949],[17.0872583,51.1132869],[17.0872641,51.1132789],[17.0872698,51.1132709],[17.0872755,51.113263],[17.0872813,51.113255],[17.087287,51.113247],[17.0872927,51.113239],[17.0872985,51.1132311],[17.0873042,51.1132231],[17.08731,51.1132151],[17.0873203,51.1131862]]}},{"type":"Feature","properties":{"layer":"roads"},"geometry":{"type":"LineString","coordinates":[[17.0798538,51.1092727],[17.0798958,51.1092245]]}},{"type":"Feature","properties":{"layer":"roads"},"geometry":{"type":"LineString","coordinates":[[17.0798538,51.1092727],[17.0798194,51.1092971],[17.079812,51.1093039],[17.0798045,51.1093106],[17.0797971,51.1093174],[17.0797897,51.1093242],[17.0797823,51.1093309],[17.0797749,51.1093377],[17.0797661,51.1093436],[17.0797573,51.1093495],[17.0797485,51.1093554],[17.0797397,51.1093614],[17.0797309,51.1093673],[17.0797221,51.1093732],[17.0797133,51.1093791],[17.0797045,51.109385],[17.0796932,51.1093901],[17.079682,51.1093953],[17.0796707,51.1094004],[17.0796595,51.1094056],[17.0796482,51.1094107],[17.079637,51.1094159],[17.0796257,51.109421],[17.079614,51.1094253],[17.0796024,51.1094295],[17.0795908,51.1094338],[17.0795791,51.1094381],[17.0795674,51.1094424],[17.0795558,51.1094466],[17.0795442,51.1094509],[17.0795325,51.1094552],[17.0795208,51.1094591],[17.0795091,51.109463],[17.0794974,51.1094669],[17.0794856,51.1094708],[17.0794739,51.1094747],[17.0794622,51.1094786],[17.0794505,51.1094825],[17.0794388,51.1094864],[17.0794255,51.1094889],[17.0794122,51.1094915],[17.079399,51.109494],[17.0793857,51.1094965],[17.0793724,51.109499],[17.0793592,51.1095016],[17.0793459,51.1095041],[17.0793326,51.1095066],[17.0793186,51.1095083],[17.0793045,51.1095099],[17.0792905,51.1095116],[17.0792764,51.1095132],[17.0792624,51.1095149],[17.0792492,51.1095153],[17.0792361,51.1095158],[17.0792229,51.1095162],[17.0792098,51.1095167],[17.0791966,51.1095171],[17.0791831,51.109517],[17.0791696,51.1095168],[17.0791562,51.1095167],[17.0791427,51.1095166],[17.0791292,51.1095165],[17.0791157,51.1095163],[17.0791022,51.1095162],[17.0790887,51.1095161],[17.0790753,51.109516],[17.0790618,51.1095158],[17.0790114,51.1095187]]}},{"type":"Feature","properties":{"layer":"roads"},"geometry":{"type":"LineString","coordinates":[[17.0798538,51.1092727],[17.0799123,51.1092807],[17.0799261,51.109281],[17.0799399,51.1092813],[17.0799537,51.1092816],[17.0799674,51.1092819],[17.0800098,51.1092706]]}},{"type":"Feature","properties":{"layer":"roads"},"geometry":{"type":"LineString","coordinates":[[17.0790114,51.1095187],[17.0790506,51.1094922],[17.0790535,51.1094627],[17.0790553,51.1094444],[17.0790562,51.1094356],[17.0790571,51.1094267],[17.0790579,51.1094179],[17.0790588,51.109409],[17.0790597,51.1094002],[17.0790616,51.1093813],[17.0790562,51.1093405]]}},{"type":"Feature","properties":{"layer":"roads"},"geometry":{"type":"LineString","coordinates":[[17.0790114,51.1095187],[17.0790438,51.1095598],[17.0790314,51.1095781],[17.0789818,51.1095914]]}},{"type":"Feature","properties":{"layer":"roads"},"geometry":{"type":"LineString","coordinates":[[17.0813877,51.1150445],[17.0813006,51.1150346]]}},{"type":"Feature","properties":{"layer":"roads"},"geometry":{"type":"LineString","coordinates":[[17.0813877,51.1150445],[17.0814182,51.1150657],[17.0814262,51.1150719],[17.0814343,51.1150781],[17.0814423,51.1150843],[17.0814481,51.115092],[17.0814539,51.1150998],[17.0814597,51.1151075],[17.0814654,51.1151153],[17.0814712,51.115123],[17.081477,51.1151308],[17.0814828,51.1151385],[17.0814839,51.1151472],[17.081485,51.1151559],[17.0814861,51.1151646],[17.0814871,51.1151734],[17.0814882,51.1151821],[17.0814893,51.1151908],[17.0814904,51.1151995],[17.081487,51.1152079],[17.0814663,51.1152351]]}},{"type":"Feature","properties":{"layer":"roads"},"geometry":{"type":"LineString","coordinates":[[17.0782514,51.1122404],[17.0782146,51.1123024]]}},{"type":"Feature","properties":{"layer":"roads"},"geometry":{"type":"LineString","coordinates":[[17.0818011,51.1065424],[17.0818481,51.1065624],[17.0818586,51.1065684],[17.0818691,51.1065744],[17.0818795,51.1065803],[17.08189,51.1065863],[17.0819005,51.1065923],[17.081911,51.1065983],[17.0819214,51.1066043],[17.0819319,51.1066103],[17.0819424,51.1066163],[17.0819529,51.1066223],[17.0819633,51.1066283],[17.0819738,51.1066343],[17.0819843,51.1066403],[17.0819948,51.1066462],[17.0820052,51.1066522],[17.0820157,51.1066582],[17.0820262,51.1066642],[17.0820367,51.1066702],[17.0820471,51.1066762],[17.0820576,51.1066822],[17.0820681,51.1066882],[17.0820785,51.1066942],[17.082089,51.1067002],[17.0820995,51.1067062],[17.08211,51.1067121],[17.0821204,51.1067181],[17.0821309,51.1067241],[17.0821414,51.1067301],[17.0821519,51.1067361],[17.0821623,51.1067421],[17.0821728,51.1067481],[17.0821833,51.1067541],[17.0821938,51.1067601],[17.0822042,51.1067661],[17.0822147,51.106772],[17.0822252,51.106778],[17.0822357,51.106784],[17.0822461,51.10679],[17.0822566,51.106796],[17.0822671,51.106802],[17.0822775,51.106808],[17.082288,51.106814],[17.0822985,51.10682],[17.082309,51.106826],[17.0823194,51.106832],[17.0823299,51.1068379],[17.0823404,51.1068439],[17.0823509,51.1068499],[17.0823613,51.1068559],[17.0823718,51.1068619],[17.0823823,51.1068679],[17.0823928,51.1068739],[17.0824032,51.1068799],[17.0824137,51.1068859],[17.0824242,51.1068919],[17.0824347,51.1068979],[17.0824451,51.1069038],[17.0824556,51.1069098],[17.0824661,51.1069158],[17.0824977,51.1069412]]}},{"type":"Feature","properties":{"layer":"roads"},"geometry":{"type":"LineString","coordinates":[[17.0818011,51.1065424],[17.0817746,51.1065203],[17.0817641,51.1065143],[17.0817536,51.1065082],[17.081743,51.1065022],[17.0817325,51.1064962],[17.081722,51.1064902],[17.0817115,51.1064841],[17.0817009,51.1064781],[17.0816904,51.1064721],[17.0816799,51.1064661],[17.0816694,51.10646],[17.0816589,51.106454],[17.0816483,51.106448],[17.0816378,51.106442],[17.0816273,51.1064359],[17.0816168,51.1064299],[17.0816062,51.1064239],[17.0815957,51.1064179],[17.0815852,51.1064119],[17.0815747,51.1064058],[17.0815642,51.1063998],[17.0815536,51.1063938],[17.0815431,51.1063877],[17.0815326,51.1063817],[17.0815221,51.1063757],[17.0815115,51.1063697],[17.081501,51.1063636],[17.0814905,51.1063576],[17.08148,51.1063516],[17.0814694,51.1063456],[17.0814589,51.1063396],[17.0814484,51.1063335],[17.0814379,51.1063275],[17.0814274,51.1063215],[17.0814168,51.1063154],[17.0814063,51.1063094],[17.0813958,51.1063034],[17.0813853,51.1062974],[17.0813747,51.1062913],[17.0813642,51.1062853],[17.0813537,51.1062793],[17.0813432,51.1062733],[17.0813326,51.1062673],[17.0813221,51.1062612],[17.0813116,51.1062552],[17.0812996,51.1062512],[17.0812534,51.1062513]]}},{"type":"Feature","properties":{"layer":"roads"},"geometry":{"type":"LineString","coordinates":[[17.0824977,51.1069412],[17.0825394,51.106957],[17.0825498,51.1069629],[17.0825603,51.1069687],[17.0825708,51.1069745],[17.0825813,51.1069803],[17.0825917,51.1069861],[17.0826022,51.1069919],[17.0826127,51.1069977],[17.0826231,51.1070035],[17.0826336,51.1070093],[17.0826441,51.1070151],[17.0826545,51.107021],[17.082665,51.1070268],[17.0826755,51.1070326],[17.0826859,51.1070384],[17.0826964,51.1070442],[17.0827069,51.10705],[17.0827174,51.1070558],[17.0827278,51.1070616],[17.0827383,51.1070674],[17.0827488,51.1070732],[17.0827592,51.1070791],[17.0827697,51.1070849],[17.0827802,51.1070907],[17.0827906,51.1070965],[17.0828011,51.1071023],[17.0828116,51.1071081],[17.082822,51.1071139],[17.0828325,51.1071197],[17.082843,51.1071255],[17.0828535,51.1071313],[17.0828639,51.1071372],[17.0829058,51.1071604]]}},{"type":"Feature","properties":{"layer":"roads"},"geometry":{"type":"LineString","coordinates":[[17.0824977,51.1069412],[17.0824567,51.1069552],[17.0824464,51.1069606],[17.0824362,51.1069659],[17.082426,51.1069713],[17.0824158,51.1069766],[17.0824023,51.1069793],[17.0823888,51.106982],[17.0823753,51.1069847],[17.0823618,51.1069875],[17.0823483,51.1069902],[17.0823349,51.1069929],[17.0823214,51.1069956],[17.0823079,51.1069983],[17.0822944,51.107001],[17.0822809,51.1070037],[17.0822674,51.1070065],[17.0822539,51.1070092],[17.0822404,51.1070119],[17.0822269,51.1070146],[17.0822134,51.1070173],[17.0822,51.10702],[17.0821413,51.1070349]]}},{"type":"Feature","properties":{"layer":"roads"},"geometry":{"type":"LineString","coordinates":[[17.0824828,51.1164716],[17.082451,51.1164963],[17.0824417,51.1165018],[17.0824324,51.1165073],[17.082423,51.1165129],[17.0824137,51.1165184],[17.0824028,51.1165242],[17.0823918,51.11653],[17.0823809,51.1165358],[17.0823699,51.1165415],[17.082359,51.1165473],[17.082348,51.1165531],[17.0823371,51.1165589],[17.0823269,51.1165641],[17.0823167,51.1165693],[17.0823064,51.1165744],[17.0822962,51.1165796],[17.082286,51.1165848],[17.0822758,51.11659],[17.0822656,51.1165952],[17.0822554,51.1166004],[17.0822451,51.1166055],[17.0822349,51.1166107],[17.0822247,51.1166159],[17.0822127,51.1166206],[17.0822007,51.1166252],[17.0821887,51.1166299],[17.0821767,51.1166345],[17.0821647,51.1166391],[17.0821527,51.1166438],[17.0821407,51.1166484],[17.0821287,51.1166531],[17.0821158,51.1166564],[17.0821029,51.1166597],[17.08209,51.116663],[17.0820771,51.1166663],[17.0820642,51.1166696],[17.0820514,51.116673],[17.0820385,51.1166763],[17.0820256,51.1166796],[17.0820127,51.1166829],[17.0819998,51.1166862],[17.0819866,51.1166894],[17.0819735,51.1166926],[17.0819603,51.1166958],[17.0819472,51.116699],[17.081934,51.1167022],[17.0819208,51.1167054],[17.0819077,51.1167085],[17.0818945,51.1167117],[17.0818813,51.1167149],[17.0818682,51.1167181],[17.081855,51.1167213],[17.0818419,51.1167245],[17.0818287,51.1167277],[17.0818186,51.1167324],[17.0818084,51.1167371],[17.0817721,51.1167617]]}},{"type":"Feature","properties":{"layer":"roads"},"geometry":{"type":"LineString","coordinates":[[17.0890929,51.1067644],[17.0891291,51.1067474],[17.0891348,51.1067395],[17.0891405,51.1067317],[17.0891462,51.1067239],[17.0891498,51.1067153],[17.0891535,51.1067067],[17.0891571,51.1066981],[17.0891607,51.1066895],[17.0891644,51.1066809],[17.089168,51.1066723],[17.0891716,51.1066638],[17.0891753,51.1066552],[17.0891789,51.1066466],[17.0891825,51.106638],[17.0891862,51.1066294],[17.0891898,51.1066208],[17.089192,51.1066122],[17.0891942,51.1066036],[17.0891965,51.106595],[17.0891987,51.1065864],[17.0892009,51.1065778],[17.0892031,51.1065692],[17.0892053,51.1065606],[17.0892076,51.106552],[17.0892098,51.1065434],[17.089212,51.1065348],[17.0892142,51.1065262],[17.0892164,51.1065176],[17.0892187,51.106509],[17.0892209,51.1065004],[17.0892231,51.1064918],[17.0892253,51.1064833],[17.0892275,51.1064747],[17.0892298,51.1064661],[17.089232,51.1064575],[17.0892342,51.1064489],[17.0892364,51.1064403],[17.0892386,51.1064317],[17.0892409,51.1064231],[17.0892431,51.1064145],[17.0892453,51.1064059],[17.0892475,51.1063973],[17.0892497,51.1063887],[17.089252,51.1063801],[17.0892542,51.1063715],[17.0892564,51.1063629],[17.0892576,51.1063543],[17.0892589,51.1063457],[17.0892601,51.1063371],[17.0892613,51.1063284],[17.0892626,51.1063198],[17.0892638,51.1063112],[17.089265,51.1063026],[17.0892474,51.1062756]]}},{"type":"Feature","properties":{"layer":"roads"},"geometry":{"type":"LineString","coordinates":[[17.0890929,51.1067644],[17.0890662,51.1067358],[17.0890621,51.1067274],[17.089058,51.1067191],[17.0890539,51.1067107],[17.0890498,51.1067024],[17.0890457,51.106694],[17.0890398,51.1066863],[17.089034,51.1066787],[17.0890281,51.106671],[17.0890222,51.1066633],[17.0890164,51.1066556],[17.0890105,51.106648],[17.0890046,51.1066403],[17.0889988,51.1066326],[17.0889929,51.1066249],[17.088987,51.1066173],[17.0889812,51.1066096],[17.0889753,51.1066019],[17.0889694,51.1065942],[17.0889636,51.1065866],[17.0889577,51.1065789],[17.0889487,51.1065725],[17.0889398,51.106566],[17.0889308,51.1065596],[17.0889219,51.1065531],[17.0889129,51.1065466],[17.088904,51.1065402],[17.088895,51.1065337],[17.0888861,51.1065273],[17.0888771,51.1065209],[17.0888681,51.1065144],[17.0888592,51.106508],[17.0888502,51.1065015],[17.0888114,51.1064784]]}},{"type":"Feature","properties":{"layer":"roads"},"geometry":{"type":"LineString","coordinates":[[17.0892474,51.1062756],[17.0892018,51.1062948],[17.0891937,51.1063016],[17.0891855,51.1063084],[17.0891774,51.1063152],[17.0891693,51.106322],[17.0891581,51.1063273],[17.089147,51.1063325],[17.0891358,51.1063378],[17.0891246,51.1063431],[17.0891135,51.1063484],[17.0891023,51.1063536],[17.0890911,51.1063589],[17.08908,51.1063642],[17.0890688,51.1063694],[17.0890577,51.1063747],[17.0890465,51.10638],[17.0890353,51.1063852],[17.0890242,51.1063905],[17.089013,51.1063958],[17.0890018,51.1064011],[17.0889907,51.1064063],[17.0889795,51.1064116],[17.0889677,51.1064162],[17.0889559,51.1064208],[17.0889441,51.1064253],[17.0889323,51.1064299],[17.0889205,51.1064345],[17.0889087,51.1064391],[17.0888969,51.1064437],[17.0888852,51.1064482],[17.0888734,51.1064528],[17.0888616,51.1064574],[17.0888498,51.106462],[17.0888114,51.1064784]]}},{"type":"Feature","properties":{"layer":"roads"},"geometry":{"type":"LineString","coordinates":[[17.0892474,51.1062756],[17.0892749,51.1062337]]}},{"type":"Feature","properties":{"layer":"roads"},"geometry":{"type":"LineString","coordinates":[[17.0809587,51.1171758],[17.0809966,51.1171392],[17.0810027,51.1171311],[17.0810088,51.117123],[17.0810149,51.1171149],[17.081021,51.1171068],[17.0810271,51.1170987],[17.0810332,51.1170906],[17.0810394,51.1170824],[17.0810455,51.1170743],[17.0810516,51.1170662],[17.0810577,51.1170581],[17.0810638,51.11705],[17.0810699,51.1170419],[17.081076,51.1170338],[17.0810821,51.1170257],[17.0810882,51.1170176],[17.0810943,51.1170095],[17.081118,51.1169857]]}},{"type":"Feature","properties":{"layer":"roads"},"geometry":{"type":"LineString","coordinates":[[17.0789648,51.1178863],[17.0790009,51.1178712],[17.0790141,51.1178678],[17.0790582,51.1178617]]}},{"type":"Feature","properties":{"layer":"roads"},"geometry":{"type":"LineString","coordinates":[[17.0791611,51.1101078],[17.079154,51.1101402],[17.0791595,51.1101477],[17.0791651,51.1101551],[17.0791706,51.1101625],[17.0791761,51.11017],[17.0791816,51.1101774],[17.0791871,51.1101849],[17.0791926,51.1101923],[17.0791982,51.1101997],[17.0792037,51.1102072],[17.0792092,51.1102146],[17.07922,51.1102188],[17.0792308,51.1102231],[17.0792417,51.1102273],[17.0792525,51.1102316],[17.0792633,51.1102358],[17.0792745,51.1102409],[17.0792857,51.110246],[17.0792968,51.1102511],[17.079308,51.1102562],[17.0793192,51.1102613],[17.0793305,51.1102648],[17.0793417,51.1102683],[17.079353,51.1102718],[17.0793642,51.1102753],[17.0793755,51.1102788],[17.0793867,51.1102823],[17.0793918,51.1102883],[17.0793969,51.1102942],[17.0794019,51.1103002],[17.079407,51.1103061],[17.0794146,51.1103122],[17.0794223,51.1103183],[17.0794299,51.1103243],[17.0794375,51.1103304],[17.0794488,51.1103351],[17.0794601,51.1103398],[17.0794714,51.1103445],[17.0794827,51.1103492],[17.079494,51.1103539],[17.0795053,51.1103586],[17.0795166,51.1103633],[17.0795279,51.110368],[17.0795392,51.1103727],[17.0795505,51.1103774],[17.0795586,51.1103827],[17.0795667,51.110388],[17.0795748,51.1103934],[17.0795829,51.1103987],[17.079591,51.110404],[17.0795991,51.1104097],[17.0796072,51.1104153],[17.0796153,51.110421],[17.0796234,51.1104267],[17.0796315,51.1104323],[17.0796396,51.110438],[17.0796517,51.1104417],[17.0796637,51.1104455],[17.0796758,51.1104492],[17.0796879,51.1104529],[17.0796999,51.1104567],[17.079712,51.1104604],[17.0797241,51.1104641],[17.0797361,51.1104679],[17.0797645,51.1104699],[17.0798027,51.1104658],[17.0798163,51.1104644],[17.0798292,51.1104639],[17.0798422,51.1104634],[17.0798551,51.1104629],[17.079868,51.1104624],[17.0798809,51.1104619],[17.0798939,51.1104614],[17.0799068,51.1104609],[17.0799199,51.1104607],[17.079933,51.1104605],[17.0799696,51.11046],[17.079994,51.1104554],[17.0800028,51.110451],[17.0800135,51.1104467],[17.0800241,51.1104425],[17.0800348,51.1104382],[17.0800484,51.1104401],[17.0800621,51.110442],[17.0800757,51.1104439],[17.0800893,51.1104458],[17.080103,51.1104476],[17.0801166,51.1104495],[17.0801302,51.1104514],[17.0801439,51.1104533],[17.0801575,51.1104552],[17.0801686,51.1104513],[17.0801797,51.1104475],[17.0801908,51.1104436],[17.0802003,51.1104433],[17.0802099,51.1104429],[17.0802183,51.1104435],[17.0802268,51.1104442],[17.0802378,51.1104458],[17.0802489,51.1104473],[17.0802599,51.1104488],[17.0802878,51.1104482],[17.0803269,51.1104432],[17.0803409,51.1104413],[17.0803549,51.1104395],[17.0803689,51.1104377],[17.0803829,51.1104359],[17.0803958,51.1104359],[17.0804087,51.1104358],[17.0804216,51.1104358],[17.0804344,51.1104357],[17.0804473,51.1104357],[17.0804602,51.1104356],[17.0804731,51.1104356],[17.0804831,51.1104388],[17.0804905,51.1104395],[17.0804979,51.1104401],[17.0805389,51.11043]]}},{"type":"Feature","properties":{"layer":"roads"},"geometry":{"type":"LineString","coordinates":[[17.0791611,51.1101078],[17.0790782,51.1100885]]}},{"type":"Feature","properties":{"layer":"roads"},"geometry":{"type":"LineString","coordinates":[[17.0791611,51.1101078],[17.0792084,51.1101198],[17.0792202,51.1101228],[17.0792317,51.1101257],[17.0792432,51.1101286],[17.0792546,51.1101316],[17.0792661,51.1101345],[17.0792776,51.1101374],[17.079289,51.1101389],[17.0793004,51.1101404],[17.0793117,51.1101419],[17.0793231,51.1101434],[17.0793345,51.1101449],[17.0793428,51.110139],[17.0793511,51.1101331],[17.0793594,51.1101271],[17.0793677,51.1101212],[17.079376,51.1101153],[17.0793843,51.1101094],[17.0793919,51.110102],[17.0793995,51.1100947],[17.0794072,51.1100873],[17.0794148,51.11008],[17.0794224,51.1100726],[17.07943,51.1100653],[17.0794376,51.1100579],[17.0794452,51.1100506],[17.0794721,51.1100241]]}},{"type":"Feature","properties":{"layer":"roads"},"geometry":{"type":"LineString","coordinates":[[17.0795284,51.1055541],[17.0794941,51.1055323],[17.0794844,51.1055261],[17.0794746,51.10552],[17.0794649,51.1055138],[17.0794112,51.1054764]]}},{"type":"Feature","properties":{"layer":"roads"},"geometry":{"type":"LineString","coordinates":[[17.0873203,51.1131862],[17.0872801,51.1131693],[17.0872669,51.1131659],[17.0872537,51.1131624],[17.0872405,51.1131589],[17.0872273,51.1131555],[17.0872141,51.113152],[17.0872008,51.1131485],[17.0871876,51.1131451],[17.0871744,51.1131416],[17.0871612,51.1131381],[17.087148,51.1131347],[17.0871348,51.1131312],[17.0871216,51.1131277],[17.0871084,51.1131243],[17.0870952,51.1131208],[17.087082,51.1131173],[17.0870688,51.1131138],[17.0870556,51.1131104],[17.0870424,51.1131069],[17.0870292,51.1131034],[17.087016,51.1131],[17.0870028,51.1130965],[17.0869896,51.113093],[17.0869764,51.1130896],[17.0869631,51.1130861],[17.0869499,51.1130826],[17.0869367,51.1130792],[17.0869235,51.1130757],[17.0869103,51.1130722],[17.0868971,51.1130688],[17.0868421,51.1130586]]}},{"type":"Feature","properties":{"layer":"roads"},"geometry":{"type":"LineString","coordinates":[[17.0873203,51.1131862],[17.0873496,51.1131598],[17.0873552,51.113152],[17.0873607,51.1131442],[17.0873663,51.1131364],[17.0873719,51.1131286],[17.0873774,51.1131208],[17.087383,51.113113],[17.0873886,51.1131052],[17.0873941,51.1130974],[17.0873997,51.1130896],[17.0873868,51.1130862],[17.0873738,51.1130828],[17.0873609,51.1130794],[17.087348,51.113076],[17.0873351,51.1130726],[17.0873221,51.1130692],[17.0873092,51.1130658],[17.0872963,51.1130624],[17.0872833,51.113059],[17.0872704,51.1130557],[17.0872575,51.1130523],[17.0872446,51.1130489],[17.0872316,51.1130455],[17.0872187,51.1130421],[17.0872058,51.1130387],[17.0871928,51.1130353],[17.0871799,51.1130319],[17.087167,51.1130285],[17.087154,51.1130251],[17.0871411,51.1130217],[17.0871282,51.1130183],[17.0871153,51.1130149],[17.0871023,51.1130115],[17.0870894,51.1130081],[17.0870765,51.1130047],[17.0870635,51.1130013],[17.0870506,51.1129979],[17.0870377,51.1129945],[17.0870248,51.1129912],[17.0870118,51.1129878],[17.0869989,51.1129844],[17.086986,51.112981],[17.086973,51.1129776],[17.0869601,51.1129742],[17.0869472,51.1129708],[17.0869343,51.1129674],[17.0869213,51.112964],[17.0869084,51.1129606],[17.0869031,51.1129685],[17.0868977,51.1129763],[17.0868924,51.1129842],[17.086887,51.112992],[17.0868817,51.1129999],[17.0868763,51.1130078],[17.086871,51.1130156],[17.0868657,51.1130235],[17.0868603,51.1130313],[17.0868421,51.1130586]]}},{"type":"Feature","properties":{"layer":"roads"},"geometry":{"type":"LineString","coordinates":[[17.0868421,51.1130586],[17.0868224,51.1130865],[17.0868169,51.1130944],[17.0868114,51.1131023],[17.0868059,51.1131102],[17.0868004,51.1131182],[17.0867949,51.1131261],[17.0867894,51.113134],[17.0867839,51.1131419],[17.0867618,51.1131735]]}},{"type":"Feature","properties":{"layer":"roads"},"geometry":{"type":"LineString","coordinates":[[17.0868421,51.1130586],[17.0867942,51.1130411],[17.0867816,51.1130377],[17.0867691,51.1130342],[17.0867566,51.1130308],[17.086744,51.1130273],[17.0867315,51.1130239],[17.0867262,51.1130318],[17.0867209,51.1130397],[17.0867156,51.1130476],[17.0867103,51.1130554],[17.086705,51.1130633],[17.0866997,51.1130712],[17.0866944,51.1130791],[17.0866891,51.113087],[17.0866838,51.1130949],[17.0866785,51.1131028],[17.0866732,51.1131107],[17.0866679,51.1131185],[17.0866626,51.1131264],[17.0866573,51.1131343],[17.086652,51.1131422],[17.0866642,51.1131457],[17.0866764,51.1131492],[17.0866887,51.1131526],[17.0867009,51.1131561],[17.0867131,51.1131596],[17.0867618,51.1131735]]}},{"type":"Feature","properties":{"layer":"roads"},"geometry":{"type":"LineString","coordinates":[[17.0863289,51.1085383],[17.086325,51.1085718],[17.086324,51.1085801],[17.086323,51.1085885],[17.086322,51.1085969],[17.086321,51.1086053],[17.08632,51.1086136],[17.0863191,51.108622],[17.0863181,51.1086304],[17.0863171,51.1086387],[17.0863161,51.1086471],[17.0863166,51.1086559],[17.0863171,51.1086646],[17.0863176,51.1086734],[17.086318,51.1086821],[17.0863185,51.1086909],[17.086319,51.1086996],[17.0863195,51.1087084],[17.08632,51.1087172],[17.0863205,51.1087259],[17.086321,51.1087347],[17.0863214,51.1087434],[17.0863219,51.1087522],[17.0863224,51.1087609],[17.0863229,51.1087697],[17.0863218,51.1087786],[17.0863207,51.1087875],[17.0863196,51.1087963],[17.0863185,51.1088052],[17.0863173,51.1088141],[17.0863162,51.108823],[17.0863151,51.1088318],[17.086314,51.1088407],[17.0863129,51.1088496],[17.0863096,51.1088577],[17.0863063,51.1088658],[17.086303,51.1088739],[17.0862997,51.108882],[17.0862964,51.1088901],[17.0862931,51.1088982],[17.0862898,51.1089063],[17.0862865,51.1089144],[17.0862832,51.1089225],[17.0862799,51.1089306],[17.0862766,51.1089387],[17.0862733,51.1089468],[17.08627,51.1089549],[17.0862667,51.108963],[17.0862608,51.108967],[17.0862548,51.108971],[17.0862413,51.1089718],[17.0862278,51.1089726],[17.0862142,51.1089733],[17.0862007,51.1089741],[17.0861872,51.1089749],[17.0861777,51.1089813],[17.0861682,51.1089877],[17.0861586,51.1089941],[17.0861491,51.1090005],[17.0861293,51.1090155],[17.0861052,51.1090355],[17.0860966,51.1090427],[17.086088,51.1090498],[17.0860794,51.109057],[17.0860708,51.1090641],[17.0860622,51.1090713],[17.0860536,51.1090784],[17.086045,51.1090856],[17.0860364,51.1090927],[17.0860278,51.1090999],[17.0860192,51.109107],[17.0860106,51.1091142],[17.086002,51.1091213],[17.0859933,51.1091285],[17.0859589,51.1091571]]}},{"type":"Feature","properties":{"layer":"roads"},"geometry":{"type":"LineString","coordinates":[[17.0774302,51.1144504],[17.0774125,51.1144992],[17.0774072,51.1145075],[17.0774019,51.1145157],[17.0773965,51.114524],[17.0773912,51.1145322],[17.0773859,51.1145405],[17.0773806,51.1145488],[17.0773753,51.114557],[17.0773699,51.1145653],[17.0773646,51.1145735],[17.0773593,51.1145818],[17.077354,51.11459],[17.0773486,51.1145983],[17.0773433,51.1146066],[17.077338,51.1146148],[17.0773327,51.1146231],[17.0773274,51.1146313],[17.077322,51.1146396],[17.0773167,51.1146478],[17.0773114,51.1146561],[17.0773061,51.1146643],[17.0773008,51.1146726],[17.0772954,51.1146809],[17.0772901,51.1146891],[17.0772848,51.1146974],[17.0772795,51.1147056],[17.0772741,51.1147139],[17.0772688,51.1147221],[17.0772635,51.1147304],[17.0772582,51.1147387],[17.0772529,51.1147469],[17.0772475,51.1147552],[17.0772422,51.1147634],[17.0772373,51.1147904]]}},{"type":"Feature","properties":{"layer":"roads"},"geometry":{"type":"LineString","coordinates":[[17.0774302,51.1144504],[17.0774614,51.114471],[17.0774752,51.1144734],[17.077489,51.1144758],[17.0775027,51.1144783],[17.0775165,51.1144807],[17.0775303,51.1144831],[17.0775441,51.1144855],[17.0775579,51.1144879],[17.0775717,51.1144903],[17.0775855,51.1144927],[17.0775993,51.1144951],[17.077613,51.1144976],[17.0776268,51.1145],[17.0776406,51.1145024],[17.0776544,51.1145048],[17.0776682,51.1145072],[17.077682,51.1145096],[17.0776958,51.114512],[17.0777096,51.1145144],[17.0777234,51.1145168],[17.0777371,51.1145193],[17.0777509,51.1145217],[17.0777647,51.1145241],[17.0777785,51.1145265],[17.0777923,51.1145289],[17.0778061,51.1145313],[17.0778199,51.1145337],[17.0778337,51.1145361],[17.0778474,51.1145386],[17.0778612,51.114541],[17.077875,51.1145434],[17.0778888,51.1145458],[17.0779026,51.1145482],[17.0779164,51.1145506],[17.0779302,51.114553],[17.077944,51.1145554],[17.0779578,51.1145578],[17.0779715,51.1145603],[17.0779853,51.1145627],[17.0779991,51.1145651],[17.0780129,51.1145675],[17.0780267,51.1145699],[17.0780405,51.1145723],[17.0780543,51.1145747],[17.0780681,51.1145771],[17.0780818,51.1145796],[17.0780956,51.114582],[17.0781094,51.1145844],[17.0781232,51.1145868],[17.078137,51.1145892],[17.0781406,51.1145971],[17.0781442,51.1146051],[17.0781478,51.1146131],[17.0781514,51.114621],[17.0781856,51.1146462]]}},{"type":"Feature","properties":{"layer":"roads"},"geometry":{"type":"LineString","coordinates":[[17.0791352,51.1072602],[17.0791629,51.1072914],[17.0791698,51.1072992],[17.0791767,51.1073069],[17.0791836,51.1073147],[17.0791906,51.1073225],[17.0791975,51.1073303],[17.0792044,51.1073381],[17.0792111,51.1073459],[17.0792178,51.1073537],[17.0792244,51.1073616],[17.0792311,51.1073694],[17.0792378,51.1073772],[17.0792445,51.107385],[17.0792512,51.1073929],[17.0792578,51.1074007],[17.0792645,51.1074085],[17.0792712,51.1074163],[17.0792779,51.1074242],[17.0792846,51.107432],[17.0792912,51.1074398],[17.0792979,51.1074476],[17.0793046,51.1074555],[17.0793113,51.1074633],[17.079318,51.1074711],[17.0793246,51.1074789],[17.0793313,51.1074868],[17.079338,51.1074946],[17.0793447,51.1075024],[17.0793514,51.1075102],[17.079358,51.1075181],[17.0793647,51.1075259],[17.0793714,51.1075337],[17.0793781,51.1075415],[17.0793847,51.1075494],[17.0793914,51.1075572],[17.0793981,51.107565],[17.0794048,51.1075728],[17.0794115,51.1075807],[17.0794181,51.1075885],[17.0794248,51.1075963],[17.0794315,51.1076041],[17.0794382,51.107612],[17.0794449,51.1076198],[17.0794515,51.1076276],[17.0794582,51.1076354],[17.0794649,51.1076433],[17.0794716,51.1076511],[17.0794783,51.1076589],[17.0794849,51.1076667],[17.0794916,51.1076746],[17.0794983,51.1076824],[17.079505,51.1076902],[17.0795117,51.107698],[17.0795183,51.1077059],[17.0795028,51.1077313]]}},{"type":"Feature","properties":{"layer":"roads"},"geometry":{"type":"LineString","coordinates":[[17.0795028,51.1077313],[17.0795584,51.1077527],[17.0795651,51.1077605],[17.0795717,51.1077682],[17.0795784,51.107776],[17.0795851,51.1077838],[17.0795918,51.1077916],[17.0795984,51.1077994],[17.0796258,51.1078269]]}},{"type":"Feature","properties":{"layer":"roads"},"geometry":{"type":"LineString","coordinates":[[17.078832,51.1130021],[17.078852,51.1130341],[17.0788572,51.1130413],[17.0788623,51.1130485],[17.0788674,51.1130567],[17.0788725,51.1130648],[17.0788776,51.113073],[17.0788827,51.1130811],[17.0788878,51.1130893],[17.0788929,51.1130974],[17.078898,51.1131056],[17.0789031,51.1131138],[17.0789082,51.1131219],[17.0789133,51.1131301],[17.0789394,51.1131558]]}},{"type":"Feature","properties":{"layer":"roads"},"geometry":{"type":"LineString","coordinates":[[17.078832,51.1130021],[17.0787653,51.1129868],[17.0787514,51.1129858],[17.0787375,51.1129847],[17.0787235,51.1129837],[17.0787096,51.1129826],[17.0786981,51.1129775],[17.0786866,51.1129724],[17.0786751,51.1129673],[17.0786636,51.1129621],[17.0786521,51.112957],[17.0786407,51.1129519],[17.0786292,51.1129468],[17.0786177,51.1129417],[17.0786062,51.1129366],[17.0785947,51.1129314],[17.0785832,51.1129263],[17.0785717,51.1129212],[17.0785642,51.1129136],[17.0785568,51.1129061],[17.0785493,51.1128985],[17.0785419,51.112891],[17.0785344,51.1128834],[17.078527,51.1128759],[17.0785195,51.1128683],[17.0785121,51.1128608],[17.0785046,51.1128532],[17.0784972,51.1128457],[17.0784897,51.1128381],[17.0784823,51.1128306],[17.0784748,51.112823],[17.0784674,51.1128155],[17.0784599,51.1128079],[17.0784525,51.1128004],[17.078445,51.1127928],[17.0784376,51.1127853],[17.0784301,51.1127777],[17.0783894,51.1127604]]}},{"type":"Feature","properties":{"layer":"roads"},"geometry":{"type":"LineString","coordinates":[[17.078832,51.1130021],[17.0788728,51.1129893],[17.0788858,51.1129884],[17.0788988,51.1129875],[17.0789117,51.1129866],[17.0789247,51.1129835],[17.0789377,51.1129804],[17.0789506,51.1129774],[17.0789636,51.1129743],[17.0789766,51.1129712],[17.078989,51.1129674],[17.0790015,51.1129635],[17.0790139,51.1129597],[17.0790263,51.1129559],[17.0790387,51.112952],[17.0790512,51.1129482],[17.0790636,51.1129444],[17.079076,51.1129405],[17.0790885,51.1129367],[17.0791009,51.1129328],[17.0791133,51.112929],[17.0791258,51.1129252],[17.0791382,51.1129213],[17.0791506,51.1129175],[17.079163,51.1129137],[17.0791755,51.1129098],[17.0791879,51.112906],[17.0791997,51.112904],[17.0792115,51.1129019],[17.0792234,51.1128999],[17.0792352,51.1128978],[17.079247,51.1128958],[17.0792589,51.1128949],[17.0792708,51.1128941],[17.0792827,51.1128932],[17.0792946,51.1128924],[17.0793078,51.112894],[17.0793211,51.1128956],[17.0793343,51.1128973],[17.0793476,51.1128989],[17.0793596,51.1129026],[17.0793716,51.1129063],[17.0793836,51.11291],[17.0793956,51.1129137],[17.0794076,51.1129174],[17.0794196,51.1129211],[17.0794316,51.1129248],[17.0794436,51.1129285],[17.0794556,51.1129322],[17.0794676,51.1129359],[17.0794796,51.1129396],[17.0794916,51.1129433],[17.0795026,51.1129487],[17.0795137,51.1129541],[17.0795247,51.1129595],[17.0795357,51.1129648],[17.0795467,51.1129702],[17.0795813,51.1129946]]}},{"type":"Feature","properties":{"layer":"roads"},"geometry":{"type":"LineString","coordinates":[[17.0795813,51.1129946],[17.0796276,51.1130097],[17.0796367,51.1130166],[17.0796458,51.1130235],[17.079655,51.1130304],[17.0796641,51.1130373],[17.0796732,51.1130442],[17.0796823,51.1130511],[17.0796914,51.113058],[17.0797006,51.1130649],[17.0797097,51.1130718],[17.0797188,51.1130787],[17.0797279,51.1130856],[17.0797371,51.1130925],[17.0797462,51.1130994],[17.0797553,51.1131063],[17.0797603,51.1131143],[17.0797653,51.1131222],[17.0797703,51.1131302],[17.0797753,51.1131382],[17.0797803,51.1131462],[17.0797853,51.1131541],[17.0797903,51.1131621],[17.0797953,51.1131701],[17.0798003,51.1131781],[17.0798053,51.113186],[17.0798103,51.113194],[17.0798153,51.113202],[17.0798203,51.11321],[17.0798253,51.1132179],[17.0798303,51.1132259],[17.0798329,51.1132345],[17.0798355,51.1132431],[17.0798382,51.1132517],[17.0798408,51.1132603],[17.0798434,51.1132689],[17.079846,51.1132775],[17.0798486,51.1132861],[17.0798487,51.113318]]}},{"type":"Feature","properties":{"layer":"roads"},"geometry":{"type":"LineString","coordinates":[[17.0795813,51.1129946],[17.0795504,51.1130168],[17.079543,51.1130244],[17.0795356,51.1130321],[17.0795283,51.1130397],[17.0795209,51.1130473],[17.0795136,51.1130549],[17.0795062,51.1130625],[17.0794981,51.1130695],[17.0794901,51.1130766],[17.0794821,51.1130836],[17.079474,51.1130907],[17.0794531,51.1131181]]}},{"type":"Feature","properties":{"layer":"roads"},"geometry":{"type":"LineString","coordinates":[[17.0793482,51.1150549],[17.0793685,51.1150301],[17.0793736,51.115022],[17.0793787,51.115014],[17.0793837,51.1150059],[17.0793888,51.1149979],[17.0793939,51.1149898],[17.079399,51.1149817],[17.0794041,51.1149737],[17.0794091,51.1149656],[17.0794142,51.1149576],[17.0794193,51.1149495],[17.0794244,51.1149414],[17.0794447,51.1149092]]}},{"type":"Feature","properties":{"layer":"roads"},"geometry":{"type":"LineString","coordinates":[[17.0793482,51.1150549],[17.0793797,51.1150951],[17.0793888,51.1151013],[17.0793979,51.1151075],[17.0794071,51.1151137],[17.0794162,51.1151199],[17.0794253,51.1151261],[17.0794528,51.1151446],[17.0794797,51.1151773]]}},{"type":"Feature","properties":{"layer":"roads"},"geometry":{"type":"LineString","coordinates":[[17.0793482,51.1150549],[17.0793021,51.1150459],[17.0792919,51.1150398],[17.0792817,51.1150337],[17.0792714,51.1150275],[17.0792612,51.1150214],[17.0792509,51.1150153],[17.0792407,51.1150091],[17.0792305,51.115003],[17.0792202,51.1149969],[17.07921,51.1149908],[17.0791997,51.1149846],[17.0791895,51.1149785],[17.0791793,51.1149724],[17.079169,51.1149663],[17.0791588,51.1149601],[17.0791485,51.114954],[17.0791383,51.1149479],[17.0791313,51.1149403],[17.0791244,51.1149326],[17.0791174,51.114925],[17.0791105,51.1149174],[17.0791035,51.1149098],[17.0790966,51.1149021],[17.0790896,51.1148945],[17.0790826,51.1148869],[17.0790757,51.1148792],[17.0790687,51.1148716],[17.0790618,51.114864],[17.0790548,51.1148564],[17.0790479,51.1148487],[17.0790409,51.1148411],[17.079034,51.1148335],[17.079027,51.1148258],[17.07902,51.1148182],[17.0790131,51.1148106],[17.0790061,51.114803],[17.0789992,51.1147953],[17.0789922,51.1147877],[17.0789853,51.1147801],[17.0789783,51.1147725],[17.0789713,51.1147648],[17.0789644,51.1147572],[17.0789574,51.1147496],[17.0789505,51.1147419],[17.0789435,51.1147343],[17.0789366,51.1147267],[17.0789296,51.1147191],[17.0789227,51.1147114],[17.0789157,51.1147038],[17.0789087,51.1146962],[17.0789018,51.1146885],[17.0788948,51.1146809],[17.0788759,51.1146519]]}},{"type":"Feature","properties":{"layer":"roads"},"geometry":{"type":"LineString","coordinates":[[17.0788759,51.1146519],[17.078924,51.1146503],[17.0789383,51.1146503],[17.0789525,51.1146503],[17.0789668,51.1146503],[17.078981,51.1146503],[17.0789953,51.1146503],[17.0790096,51.1146503],[17.0790238,51.1146502],[17.0790381,51.1146502],[17.0790523,51.1146502],[17.0790666,51.1146502],[17.0790808,51.1146502],[17.0790951,51.1146502],[17.0791093,51.1146501],[17.0791236,51.1146501],[17.0791378,51.1146501],[17.0791521,51.1146501],[17.0791656,51.1146495],[17.0791791,51.1146488],[17.0791925,51.1146482],[17.0792407,51.1146352]]}},{"type":"Feature","properties":{"layer":"roads"},"geometry":{"type":"LineString","coordinates":[[17.0788759,51.1146519],[17.0788531,51.1146169],[17.0788497,51.1146085],[17.0788462,51.1146001],[17.0788427,51.1145918],[17.0788393,51.1145834],[17.0788358,51.114575],[17.0788316,51.1145669],[17.0788274,51.1145587],[17.0788232,51.1145506],[17.0788137,51.1145239]]}},{"type":"Feature","properties":{"layer":"roads"},"geometry":{"type":"LineString","coordinates":[[17.0788759,51.1146519],[17.0788104,51.1146533],[17.0787963,51.114654],[17.0787821,51.1146548],[17.078768,51.1146555],[17.0787538,51.1146562],[17.0787397,51.1146569],[17.0787255,51.1146577],[17.0787114,51.1146584],[17.0786972,51.1146591],[17.0786831,51.1146598],[17.0786689,51.1146606],[17.0786548,51.1146613],[17.0786409,51.1146611],[17.078627,51.1146609],[17.0786131,51.1146607],[17.0785992,51.1146605],[17.0785853,51.1146603],[17.0785714,51.1146601],[17.0785575,51.1146599],[17.0785436,51.1146597],[17.0785297,51.1146595],[17.0785158,51.1146594],[17.0785019,51.1146592],[17.078488,51.114659],[17.0784741,51.1146588],[17.0784602,51.1146586],[17.0784463,51.1146584],[17.0784324,51.1146582],[17.0784185,51.114658],[17.0784046,51.1146578],[17.0783907,51.1146576],[17.0783766,51.1146573],[17.0783626,51.114657],[17.0783485,51.1146567],[17.0783345,51.1146564],[17.0783204,51.1146561],[17.0783064,51.1146558],[17.0782923,51.1146555],[17.0782783,51.1146552],[17.0782642,51.1146549],[17.0782501,51.1146546],[17.0782361,51.1146543],[17.0781856,51.1146462]]}},{"type":"Feature","properties":{"layer":"roads"},"geometry":{"type":"LineString","coordinates":[[17.0760573,51.1152139],[17.0760499,51.1151767],[17.0760468,51.115168],[17.0760436,51.1151593],[17.0760405,51.1151506],[17.0760373,51.1151419],[17.0760342,51.1151332],[17.076031,51.1151246],[17.0760279,51.1151159],[17.0760247,51.1151072],[17.0760216,51.1150985],[17.0760185,51.1150898],[17.0760153,51.1150811],[17.0760122,51.1150724],[17.076009,51.1150638],[17.0760059,51.1150551],[17.0760027,51.1150464],[17.0759996,51.1150377],[17.0759964,51.115029],[17.0759933,51.1150203],[17.0759738,51.1149866]]}},{"type":"Feature","properties":{"layer":"roads"},"geometry":{"type":"LineString","coordinates":[[17.0760573,51.1152139],[17.0761102,51.1151931],[17.0761221,51.1151885],[17.076134,51.115184],[17.0761459,51.1151794],[17.0761579,51.1151748],[17.0761698,51.1151703],[17.0761817,51.1151657],[17.0761937,51.1151617],[17.0762056,51.1151577],[17.0762176,51.1151537],[17.0762295,51.1151496],[17.0762415,51.1151456],[17.0762534,51.1151416],[17.0762654,51.1151376],[17.0762773,51.1151336],[17.0762893,51.1151296],[17.0763013,51.1151256],[17.0763132,51.1151216],[17.0763252,51.1151176],[17.0763371,51.1151135],[17.0763491,51.1151095],[17.076361,51.1151055],[17.076373,51.1151015],[17.0763839,51.1150958],[17.0763948,51.1150901],[17.0764057,51.1150844],[17.0764166,51.1150787],[17.0764275,51.115073],[17.0764383,51.1150673],[17.0764492,51.1150616],[17.0764601,51.1150559],[17.076471,51.1150502],[17.0764819,51.1150445],[17.0764906,51.1150377],[17.0764992,51.1150309],[17.0765078,51.1150242],[17.0765165,51.1150174],[17.0765252,51.1150106],[17.0765338,51.1150038],[17.0765424,51.114997],[17.0765511,51.1149903],[17.0765598,51.1149835],[17.0765684,51.1149767],[17.0765716,51.1149682],[17.0765748,51.1149597],[17.0765781,51.1149512],[17.0765813,51.1149427],[17.0765845,51.1149341],[17.0765877,51.1149256],[17.0765766,51.1148979]]}},{"type":"Feature","properties":{"layer":"roads"},"geometry":{"type":"LineString","coordinates":[[17.0760573,51.1152139],[17.0760837,51.1152438],[17.076089,51.1152518],[17.0760943,51.1152599],[17.0760997,51.115268],[17.076105,51.1152761],[17.0761103,51.1152842],[17.0761156,51.1152923],[17.0761209,51.1153004],[17.0761262,51.1153085],[17.0761315,51.1153166],[17.0761368,51.1153246],[17.0761421,51.1153327],[17.0761474,51.1153408],[17.0761527,51.1153489],[17.076158,51.115357],[17.0761633,51.1153651],[17.0761687,51.1153732],[17.076174,51.1153813],[17.0761793,51.1153893],[17.0761846,51.1153974],[17.0761899,51.1154055],[17.0761952,51.1154136],[17.0762005,51.1154217],[17.0762089,51.115429],[17.0762172,51.1154362],[17.0762256,51.1154435],[17.0762339,51.1154507],[17.0762422,51.115458],[17.0762506,51.1154653],[17.0762589,51.1154725],[17.0762673,51.1154798],[17.0762756,51.115487],[17.076284,51.1154943],[17.0762923,51.1155016],[17.0763007,51.1155088],[17.076309,51.1155161],[17.0763174,51.1155233],[17.0763257,51.1155306],[17.0763341,51.1155378],[17.0763424,51.1155451],[17.0763508,51.1155524],[17.0763591,51.1155596],[17.0763675,51.1155669],[17.0763758,51.1155741],[17.0763842,51.1155814],[17.0763925,51.1155887],[17.0764009,51.1155959],[17.0764092,51.1156032],[17.0764176,51.1156104],[17.0764259,51.1156177],[17.0764647,51.1156461]]}},{"type":"Feature","properties":{"layer":"roads"},"geometry":{"type":"LineString","coordinates":[[17.0760573,51.1152139],[17.0760124,51.1152329],[17.0760008,51.1152374],[17.0759893,51.1152418],[17.0759512,51.1152625]]}},{"type":"Feature","properties":{"layer":"roads"},"geometry":{"type":"LineString","coordinates":[[17.0764647,51.1156461],[17.0763986,51.1156446],[17.0763848,51.1156427],[17.076371,51.1156409],[17.0763572,51.115639],[17.0763433,51.1156371],[17.0763295,51.1156352],[17.0763157,51.1156334],[17.0763019,51.1156315],[17.0762881,51.1156296],[17.0762743,51.1156277],[17.0762604,51.1156259],[17.0762466,51.115624],[17.0762328,51.1156221],[17.0762193,51.1156193],[17.0762058,51.1156166],[17.0761923,51.1156138],[17.0761788,51.1156111],[17.0761653,51.1156083],[17.0761518,51.1156056],[17.0761383,51.1156028],[17.0761248,51.1156],[17.0761113,51.1155973],[17.0760978,51.1155945],[17.0760843,51.1155918],[17.0760708,51.115589],[17.0760573,51.1155863],[17.0760438,51.1155835],[17.0760309,51.1155804],[17.0760179,51.1155773],[17.076005,51.1155742],[17.075992,51.1155711],[17.0759791,51.115568],[17.0759662,51.1155649],[17.0759532,51.1155618],[17.0759403,51.1155587],[17.0759273,51.1155556],[17.0759144,51.1155525],[17.0759014,51.1155494],[17.0758885,51.1155463],[17.0758756,51.1155432],[17.0758626,51.1155401],[17.0758497,51.115537],[17.0758367,51.1155339],[17.0758238,51.1155308],[17.0758123,51.1155281],[17.0758008,51.1155254],[17.0757591,51.1155158]]}},{"type":"Feature","properties":{"layer":"roads"},"geometry":{"type":"LineString","coordinates":[[17.0772373,51.1147904],[17.0772019,51.1148066],[17.0771609,51.1148124],[17.0771473,51.1148144],[17.0771336,51.1148163],[17.0771199,51.1148182],[17.0771063,51.1148201],[17.0770926,51.1148221],[17.0770789,51.114824],[17.0770653,51.1148259],[17.0770516,51.1148279],[17.0770379,51.1148298],[17.0770243,51.1148317],[17.0770106,51.1148337],[17.0769969,51.1148356],[17.0769833,51.1148375],[17.0769696,51.1148395],[17.0769559,51.1148414],[17.0769423,51.1148433],[17.0769286,51.1148453],[17.0769149,51.1148472],[17.0769013,51.1148491],[17.0768876,51.114851],[17.0768739,51.114853],[17.0768603,51.1148549],[17.0768466,51.1148568],[17.0768329,51.1148588],[17.0768193,51.1148607],[17.0768056,51.1148626],[17.0767919,51.1148646],[17.0767783,51.1148665],[17.0767646,51.1148684],[17.0767509,51.1148704],[17.0767373,51.1148723],[17.0767236,51.1148742],[17.0767099,51.1148762],[17.0766963,51.1148781],[17.0766826,51.11488],[17.0766689,51.1148819],[17.0766553,51.1148839],[17.0765766,51.1148979]]}},{"type":"Feature","properties":{"layer":"roads"},"geometry":{"type":"LineString","coordinates":[[17.0778532,51.1099591],[17.0778801,51.109935],[17.0778857,51.1099271],[17.0778914,51.1099192],[17.077897,51.1099113],[17.0779027,51.1099034],[17.0779083,51.1098955],[17.0778983,51.1098917],[17.0778336,51.1098687]]}},{"type":"Feature","properties":{"layer":"roads"},"geometry":{"type":"LineString","coordinates":[[17.0800672,51.1087327],[17.0800734,51.108765],[17.0800729,51.1087739],[17.0800723,51.1087828],[17.0800718,51.1087916],[17.0800712,51.1088005],[17.0800706,51.1088092],[17.0800701,51.1088178],[17.0800695,51.1088265],[17.080069,51.1088352],[17.0800684,51.1088439],[17.0800679,51.1088525],[17.0800673,51.1088612],[17.0800654,51.1088692],[17.0800636,51.1088772],[17.0800617,51.1088852],[17.0800599,51.1088932],[17.0800581,51.1089012],[17.0800562,51.1089092],[17.0800544,51.1089172],[17.0800525,51.1089252],[17.0800501,51.1089335],[17.0800476,51.1089417],[17.0800452,51.10895],[17.0800428,51.1089582],[17.0800403,51.1089664],[17.0800379,51.1089747],[17.0800354,51.1089829],[17.080033,51.1089912],[17.08003,51.1089997],[17.0800269,51.1090082],[17.0800238,51.1090167],[17.0800208,51.1090252],[17.0800177,51.1090336],[17.0800147,51.1090421],[17.0800116,51.1090506],[17.0800086,51.1090591],[17.080004,51.1090666],[17.0799994,51.1090742],[17.0799947,51.1090817],[17.0799901,51.1090892],[17.0799855,51.1090967],[17.0799808,51.1091043],[17.0799762,51.1091118],[17.0799716,51.1091193],[17.0799664,51.1091266],[17.0799612,51.1091339],[17.079956,51.1091412],[17.0799508,51.1091486],[17.0799457,51.1091559],[17.0799405,51.1091632],[17.0799353,51.1091705],[17.0799301,51.1091778],[17.0799245,51.1091849],[17.0799189,51.1091921],[17.0799133,51.1091993],[17.0798958,51.1092245]]}},{"type":"Feature","properties":{"layer":"roads"},"geometry":{"type":"LineString","coordinates":[[17.0800672,51.1087327],[17.0800733,51.1087038],[17.0800729,51.1086951],[17.0800724,51.1086864],[17.0800719,51.1086778],[17.0800715,51.1086691],[17.0800711,51.1086605],[17.0800706,51.1086518],[17.0800692,51.1086435],[17.0800679,51.1086352],[17.0800665,51.108627],[17.0800651,51.1086187],[17.0800638,51.1086104],[17.0800624,51.1086021],[17.080061,51.1085939],[17.0800597,51.1085856],[17.0800583,51.1085773],[17.0800569,51.108569],[17.0800556,51.1085608],[17.0800542,51.1085525],[17.0800517,51.1085441],[17.0800492,51.1085356],[17.0800467,51.1085272],[17.0800442,51.1085188],[17.0800417,51.1085103],[17.0800392,51.1085019],[17.0800367,51.1084934],[17.0800342,51.108485],[17.0800317,51.1084766],[17.0800292,51.1084681],[17.0800267,51.1084597],[17.0800232,51.1084514],[17.0800198,51.1084432],[17.0800164,51.1084349],[17.0800129,51.1084266],[17.0800095,51.1084184],[17.080006,51.1084101],[17.0800026,51.1084018],[17.0799991,51.1083936],[17.0799957,51.1083853],[17.0799922,51.1083771],[17.0799888,51.1083688],[17.0799853,51.1083605],[17.0799819,51.1083523],[17.0799784,51.108344],[17.0799742,51.1083356],[17.0799699,51.1083273],[17.0799657,51.1083189],[17.0799614,51.1083105],[17.0799572,51.1083022],[17.0799529,51.1082938],[17.0799487,51.1082855],[17.0799444,51.1082771],[17.0799251,51.1082469]]}},{"type":"Feature","properties":{"layer":"roads"},"geometry":{"type":"LineString","coordinates":[[17.0800672,51.1087327],[17.0799831,51.1087391],[17.0799542,51.1087395],[17.0799404,51.1087397],[17.0799266,51.1087398],[17.0799127,51.10874],[17.0798989,51.1087401],[17.0798851,51.1087403],[17.0798586,51.1087403],[17.0797931,51.1087452]]}},{"type":"Feature","properties":{"layer":"roads"},"geometry":{"type":"LineString","coordinates":[[17.0798958,51.1092245],[17.0798543,51.1092061],[17.0798204,51.1091952],[17.0797978,51.1091877],[17.0797868,51.1091838],[17.0797758,51.1091799],[17.0797649,51.1091761],[17.0797539,51.1091723],[17.0797429,51.1091684],[17.0797319,51.1091645],[17.0797098,51.1091564],[17.0796556,51.1091316]]}},{"type":"Feature","properties":{"layer":"roads"},"geometry":{"type":"LineString","coordinates":[[17.0798958,51.1092245],[17.0799487,51.1092366]]}},{"type":"Feature","properties":{"layer":"roads"},"geometry":{"type":"LineString","coordinates":[[17.0783159,51.1093493],[17.0783423,51.1093143],[17.0783609,51.1092977],[17.0783768,51.1092831],[17.0783849,51.1092758],[17.0783929,51.1092684],[17.078401,51.1092611],[17.078409,51.1092537],[17.0784171,51.1092464],[17.0784317,51.1092329],[17.0784734,51.1092065]]}},{"type":"Feature","properties":{"layer":"roads"},"geometry":{"type":"LineString","coordinates":[[17.0783159,51.1093493],[17.0783517,51.1093647],[17.0783634,51.1093689],[17.0783752,51.109373],[17.0783869,51.1093772],[17.0784386,51.1094038]]}},{"type":"Feature","properties":{"layer":"roads"},"geometry":{"type":"LineString","coordinates":[[17.0783159,51.1093493],[17.0782715,51.1093328],[17.0782604,51.1093277],[17.0782493,51.1093226],[17.0782381,51.1093174],[17.078227,51.1093123],[17.0782159,51.1093072],[17.0782047,51.109302],[17.0781936,51.1092969],[17.0781825,51.1092918],[17.0781713,51.1092866],[17.0781602,51.1092815],[17.0781491,51.1092764],[17.078138,51.1092713],[17.0781268,51.1092661],[17.0781157,51.109261],[17.078106,51.1092551],[17.0780964,51.1092492],[17.0780867,51.1092432],[17.078077,51.1092373],[17.0780674,51.1092314],[17.0780577,51.1092255],[17.078048,51.1092196],[17.0780384,51.1092136],[17.0780287,51.1092077],[17.078019,51.1092018],[17.0780094,51.1091959],[17.0779997,51.10919],[17.07799,51.109184],[17.0779804,51.1091781],[17.0779707,51.1091722],[17.0779609,51.1091658],[17.0779511,51.1091593],[17.0779413,51.1091529],[17.0779315,51.1091465],[17.0779217,51.10914],[17.0779119,51.1091336],[17.0779021,51.1091272],[17.0778923,51.1091208],[17.0778825,51.1091143],[17.0778727,51.1091079],[17.0778629,51.1091015],[17.0778531,51.109095],[17.0778433,51.1090886],[17.0778349,51.109082],[17.0778266,51.1090753],[17.0778182,51.1090687],[17.0778099,51.109062],[17.0778015,51.1090554],[17.0777932,51.1090487],[17.0777848,51.1090421],[17.0777765,51.1090354],[17.0777681,51.1090288],[17.0777598,51.1090221],[17.0777346,51.1089949]]}},{"type":"Feature","properties":{"layer":"roads"},"geometry":{"type":"LineString","coordinates":[[17.0777346,51.1089949],[17.077701,51.1089736],[17.0776926,51.1089665],[17.0776841,51.1089593],[17.0776757,51.1089522],[17.0776673,51.1089451],[17.0776589,51.1089379],[17.0776505,51.1089308],[17.077642,51.1089236],[17.0776336,51.1089165],[17.077626,51.1089091],[17.0776184,51.1089017],[17.0776108,51.1088943],[17.0776033,51.108887],[17.0775957,51.1088796],[17.0775881,51.1088722],[17.0775805,51.1088648],[17.0775729,51.1088574],[17.0775653,51.10885],[17.0775577,51.1088426],[17.0775502,51.1088353],[17.0775426,51.1088279],[17.077535,51.1088205],[17.0775274,51.1088131],[17.0775198,51.1088057],[17.0775122,51.1087983],[17.0775046,51.1087909],[17.0774971,51.1087836],[17.0774895,51.1087762],[17.0774819,51.1087688],[17.0774743,51.1087614],[17.0774676,51.1087538],[17.0774609,51.1087461],[17.0774541,51.1087385],[17.0774474,51.1087309],[17.0774407,51.1087232],[17.077434,51.1087156],[17.0774272,51.108708],[17.0774205,51.1087003],[17.0774138,51.1086927],[17.0774071,51.108685],[17.0774003,51.1086774],[17.0773936,51.1086698],[17.0773869,51.1086621],[17.0773802,51.1086545],[17.0773534,51.1086291]]}},{"type":"Feature","properties":{"layer":"roads"},"geometry":{"type":"LineString","coordinates":[[17.0777346,51.1089949],[17.0778021,51.1089703],[17.0778251,51.1089597],[17.077836,51.1089546],[17.077847,51.1089495],[17.077858,51.1089445],[17.0778689,51.1089395],[17.0778799,51.1089344],[17.0778908,51.1089293],[17.0779098,51.1089206],[17.0779434,51.1088973]]}},{"type":"Feature","properties":{"layer":"roads"},"geometry":{"type":"LineString","coordinates":[[17.0878682,51.1083476],[17.0879094,51.1083379],[17.0879215,51.108334],[17.0879655,51.1083245]]}},{"type":"Feature","properties":{"layer":"roads"},"geometry":{"type":"LineString","coordinates":[[17.0800897,51.1074857],[17.0800455,51.1074938],[17.0800335,51.1074978],[17.0800215,51.1075017],[17.0799496,51.1075198]]}},{"type":"Feature","properties":{"layer":"roads"},"geometry":{"type":"LineString","coordinates":[[17.0799251,51.1082469],[17.0799155,51.1082205],[17.0799114,51.1082127],[17.0799073,51.1082048],[17.0799033,51.108197],[17.0798992,51.1081891],[17.0798945,51.1081816],[17.0798897,51.1081741],[17.079885,51.1081667],[17.0798802,51.1081592],[17.0798754,51.1081517],[17.0798707,51.1081443],[17.0798659,51.1081368],[17.0798612,51.1081293],[17.0798553,51.1081214],[17.0798493,51.1081135],[17.0798434,51.1081057],[17.0798375,51.1080978],[17.0798315,51.1080899],[17.0798256,51.108082],[17.0798197,51.1080742],[17.0798137,51.1080663],[17.0798078,51.1080584],[17.0798022,51.1080505],[17.0797966,51.1080425],[17.079791,51.1080346],[17.0797854,51.1080266],[17.0797799,51.1080187],[17.0797743,51.1080107],[17.0797687,51.1080028],[17.0797631,51.1079948],[17.0797575,51.1079869],[17.0797511,51.1079793],[17.0797446,51.1079717],[17.0797382,51.1079641],[17.0797317,51.1079565],[17.0797253,51.1079489],[17.0797189,51.1079413],[17.0797124,51.1079337],[17.079706,51.1079261],[17.0796996,51.1079184],[17.0796931,51.1079108],[17.0796867,51.1079032],[17.0796802,51.1078956],[17.0796738,51.107888],[17.0796674,51.1078804],[17.0796609,51.1078728],[17.0796545,51.1078652],[17.079648,51.1078576],[17.0796258,51.1078269]]}},{"type":"Feature","properties":{"layer":"roads"},"geometry":{"type":"LineString","coordinates":[[17.0799251,51.1082469],[17.0798459,51.1082702],[17.0798177,51.1082763],[17.0798047,51.1082792],[17.0797917,51.1082821],[17.0797786,51.1082849],[17.0797656,51.1082878],[17.0797526,51.1082907],[17.0797272,51.1082961],[17.0796682,51.1083015]]}},{"type":"Feature","properties":{"layer":"roads"},"geometry":{"type":"LineString","coordinates":[[17.0765766,51.1148979],[17.0765317,51.114902],[17.0765179,51.1149041],[17.0765042,51.1149062],[17.0764904,51.1149083],[17.0764766,51.1149104],[17.0764628,51.1149125],[17.0764491,51.1149146],[17.0764353,51.1149167],[17.0764215,51.1149188],[17.0764077,51.1149208],[17.076394,51.1149229],[17.0763802,51.114925],[17.0763664,51.1149271],[17.0763526,51.1149292],[17.0763389,51.1149313],[17.0763251,51.1149334],[17.0763113,51.1149355],[17.0762975,51.1149376],[17.0762838,51.1149396],[17.07627,51.1149417],[17.0762562,51.1149438],[17.0762424,51.1149459],[17.0762287,51.114948],[17.0762149,51.1149501],[17.0762011,51.1149522],[17.0761873,51.1149543],[17.0761736,51.1149564],[17.0761598,51.1149584],[17.076146,51.1149605],[17.0761322,51.1149626],[17.0761185,51.1149647],[17.0761047,51.1149668],[17.0760909,51.1149689],[17.0760771,51.114971],[17.0760634,51.1149731],[17.0760496,51.1149752],[17.0760358,51.1149772],[17.076022,51.1149793],[17.0759738,51.1149866]]}},{"type":"Feature","properties":{"layer":"roads"},"geometry":{"type":"LineString","coordinates":[[17.0765028,51.1088071],[17.0765344,51.1088303],[17.0765415,51.108838],[17.0765485,51.1088458],[17.0765556,51.1088536],[17.0765627,51.1088613],[17.0765697,51.1088691],[17.0765768,51.1088768],[17.0765839,51.1088846],[17.0765909,51.1088924],[17.076598,51.1089001],[17.0766263,51.1089312]]}},{"type":"Feature","properties":{"layer":"roads"},"geometry":{"type":"LineString","coordinates":[[17.0765028,51.1088071],[17.0765416,51.1087871],[17.0765534,51.1087831],[17.0765653,51.1087791],[17.0765771,51.1087751],[17.0765843,51.1087691],[17.0765915,51.108763],[17.0765987,51.108757],[17.0766059,51.108751],[17.0766131,51.1087449],[17.0766203,51.1087389],[17.0766237,51.1087314],[17.0766271,51.108724],[17.0766306,51.1087165],[17.076634,51.1087091],[17.0766374,51.1087016],[17.0766376,51.1086935],[17.0766378,51.1086854],[17.0766381,51.1086773],[17.0766383,51.1086692],[17.0766385,51.1086611],[17.0766498,51.1086557],[17.076661,51.1086503],[17.0766723,51.1086449],[17.0766835,51.1086396],[17.0766948,51.1086342],[17.076706,51.1086288],[17.0767173,51.1086234],[17.0767223,51.1086155],[17.0767274,51.1086077],[17.0767324,51.1085998],[17.0767375,51.108592],[17.0767425,51.1085841],[17.0767549,51.1085797],[17.0767673,51.1085752],[17.0767797,51.1085708],[17.076792,51.1085664],[17.0768044,51.1085619],[17.0768168,51.1085575],[17.0768292,51.1085531],[17.0768416,51.1085486],[17.076854,51.1085442],[17.0768664,51.1085398],[17.0768788,51.1085353],[17.0768911,51.1085309],[17.0769035,51.1085264],[17.0769159,51.108522],[17.0769283,51.1085176],[17.0769407,51.1085131],[17.0769531,51.1085087],[17.0769655,51.1085043],[17.0769779,51.1084998],[17.0769902,51.1084954],[17.0770347,51.1084801]]}},{"type":"Feature","properties":{"layer":"roads"},"geometry":{"type":"LineString","coordinates":[[17.0765028,51.1088071],[17.0764582,51.1088154],[17.0764462,51.1088195],[17.0764337,51.108819],[17.0764213,51.1088185],[17.0764088,51.108818],[17.0763963,51.1088174],[17.0763839,51.1088169],[17.0763714,51.1088164],[17.0763595,51.1088145],[17.0763477,51.1088125],[17.0763358,51.1088106],[17.076324,51.1088086],[17.0763121,51.1088067],[17.0763017,51.1088032],[17.0762912,51.1087997],[17.0762808,51.1087962],[17.0762703,51.1087927],[17.0762599,51.1087892],[17.0762474,51.1087934],[17.0762349,51.1087976],[17.0762223,51.1088017],[17.0762098,51.1088059],[17.0761973,51.1088101],[17.0761835,51.1088087],[17.0761698,51.1088072],[17.0761561,51.1088058],[17.0761423,51.1088043],[17.0761292,51.1088019],[17.0761162,51.1087995],[17.0761031,51.108797],[17.07609,51.1087946],[17.0760784,51.1087985],[17.0760668,51.1088025],[17.0760553,51.1088064],[17.0760437,51.1088104],[17.0760321,51.1088143],[17.076004,51.1088362]]}},{"type":"Feature","properties":{"layer":"roads"},"geometry":{"type":"LineString","coordinates":[[17.0770347,51.1084801],[17.0770815,51.1084722],[17.0770957,51.1084725],[17.0771099,51.1084727],[17.0771241,51.108473],[17.0771383,51.1084733],[17.0771526,51.1084735],[17.0771668,51.1084738],[17.0772507,51.1084859]]}},{"type":"Feature","properties":{"layer":"roads"},"geometry":{"type":"LineString","coordinates":[[17.0770347,51.1084801],[17.0770097,51.108457],[17.0770034,51.1084497],[17.0769972,51.1084425],[17.0769909,51.1084352],[17.0769846,51.108428],[17.0769784,51.1084208],[17.0769721,51.1084135],[17.0769655,51.1084058],[17.0769588,51.1083982],[17.0769522,51.1083905],[17.0769456,51.1083828],[17.0769389,51.1083752],[17.0769323,51.1083675],[17.0769256,51.1083599],[17.076919,51.1083522],[17.0769124,51.1083445],[17.0769057,51.1083369],[17.0768991,51.1083292],[17.0768943,51.1083236],[17.0768894,51.108318],[17.0768846,51.1083124],[17.0768778,51.1083046],[17.076871,51.1082969],[17.0768642,51.1082891],[17.0768574,51.1082813],[17.0768506,51.1082736],[17.0768438,51.1082658],[17.076837,51.1082581],[17.0768302,51.1082503],[17.0768234,51.1082425],[17.0768166,51.1082348],[17.0768098,51.108227],[17.076803,51.1082192],[17.0767962,51.1082115],[17.0767894,51.1082037],[17.0767826,51.108196],[17.0767758,51.1081882],[17.076769,51.1081804],[17.0767622,51.1081727],[17.0767554,51.1081649],[17.0767493,51.1081579],[17.0767433,51.1081508],[17.0767372,51.1081438],[17.0767312,51.1081367],[17.0767251,51.1081297],[17.0767009,51.1081015]]}},{"type":"Feature","properties":{"layer":"roads"},"geometry":{"type":"LineString","coordinates":[[17.0770347,51.1084801],[17.0770527,51.1085112],[17.077059,51.1085184],[17.0770654,51.1085257],[17.0770717,51.1085329],[17.0771003,51.1085545]]}},{"type":"Feature","properties":{"layer":"roads"},"geometry":{"type":"LineString","coordinates":[[17.0881443,51.1086712],[17.0881052,51.1086561],[17.0880951,51.1086506],[17.088073,51.1086409],[17.0880374,51.1086285],[17.0880255,51.1086243],[17.0880136,51.1086202],[17.0880017,51.108616],[17.0879524,51.1086079]]}},{"type":"Feature","properties":{"layer":"roads"},"geometry":{"type":"LineString","coordinates":[[17.0881443,51.1086712],[17.0881455,51.1087015],[17.0881531,51.1087085],[17.0881607,51.1087156],[17.0881682,51.1087226],[17.0881758,51.1087297],[17.0881834,51.1087367],[17.088189,51.1087447],[17.0881946,51.1087527],[17.0882001,51.1087608],[17.0882057,51.1087688],[17.0882113,51.1087768],[17.0882169,51.1087848],[17.0882225,51.1087928],[17.088228,51.1088009],[17.0882336,51.1088089],[17.0882392,51.1088169],[17.0882448,51.1088249],[17.0882504,51.1088329],[17.0882559,51.108841],[17.0882615,51.108849],[17.0882671,51.108857],[17.088273,51.1088649],[17.0882789,51.1088729],[17.0882848,51.1088808],[17.0882907,51.1088887],[17.0882966,51.1088967],[17.0883025,51.1089046],[17.0883084,51.1089126],[17.0883143,51.1089205],[17.0883202,51.1089284],[17.0883261,51.1089364],[17.088332,51.1089443],[17.0883379,51.1089522],[17.0883438,51.1089602],[17.0883496,51.1089681],[17.0883555,51.1089761],[17.0883614,51.108984],[17.0883673,51.1089919],[17.0883732,51.1089999],[17.0883791,51.1090078],[17.088385,51.1090157],[17.0883909,51.1090237],[17.088426,51.1090424]]}},{"type":"Feature","properties":{"layer":"roads"},"geometry":{"type":"LineString","coordinates":[[17.0881443,51.1086712],[17.0881869,51.1086765],[17.0881996,51.1086804],[17.0882124,51.1086843],[17.0882251,51.1086882],[17.0882379,51.1086922],[17.0882506,51.1086961],[17.0882634,51.1087],[17.0882772,51.1087015],[17.088291,51.108703],[17.0883048,51.1087046],[17.0883186,51.1087061],[17.0883324,51.1087076],[17.0883462,51.1087091],[17.08836,51.1087106],[17.0883738,51.1087122],[17.0883876,51.1087137],[17.0884014,51.1087152],[17.0884145,51.1087136],[17.0884276,51.108712],[17.0884407,51.1087104],[17.0884538,51.1087087],[17.0884669,51.1087071],[17.08848,51.1087055],[17.0884931,51.1087039],[17.0885062,51.1087023],[17.0885193,51.1087007],[17.0885324,51.108699],[17.0885455,51.1086974],[17.0885586,51.1086958],[17.0885703,51.108692],[17.088582,51.1086883],[17.0885938,51.1086845],[17.0886055,51.1086807],[17.0886576,51.1086695]]}},{"type":"Feature","properties":{"layer":"roads"},"geometry":{"type":"LineString","coordinates":[[17.088426,51.1090424],[17.0884518,51.1090204],[17.0884561,51.1090119],[17.0884603,51.1090034],[17.0884646,51.108995],[17.0884689,51.1089865],[17.0884731,51.108978],[17.0884774,51.1089695],[17.0884816,51.108961],[17.0884859,51.1089525],[17.0884901,51.1089441],[17.0884944,51.1089356],[17.0884986,51.1089271],[17.0885029,51.1089186],[17.0885071,51.1089101],[17.0885114,51.1089016],[17.0885157,51.1088932],[17.0885199,51.1088847],[17.0885242,51.1088762],[17.0885284,51.1088677],[17.0885327,51.1088592],[17.0885369,51.1088507],[17.0885412,51.1088423],[17.0885454,51.1088338],[17.0885497,51.1088253],[17.0885562,51.1088177],[17.0885627,51.1088101],[17.0885692,51.1088025],[17.0885757,51.1087949],[17.0885822,51.1087873],[17.0885887,51.1087797],[17.0885952,51.1087721],[17.0886017,51.1087645],[17.0886082,51.1087569],[17.0886147,51.1087493],[17.0886212,51.1087417],[17.0886278,51.1087342],[17.0886343,51.1087266],[17.0886408,51.108719],[17.0886473,51.1087114],[17.0886538,51.1087038],[17.0886576,51.1086695]]}},{"type":"Feature","properties":{"layer":"roads"},"geometry":{"type":"LineString","coordinates":[[17.088426,51.1090424],[17.0884276,51.10908],[17.0884315,51.109106],[17.0884329,51.1091147],[17.0884342,51.1091234],[17.0884355,51.1091321],[17.0884368,51.1091407],[17.0884381,51.1091494],[17.0884394,51.1091581],[17.0884407,51.1091668],[17.088442,51.1091755],[17.088446,51.1092015],[17.0884551,51.1092389]]}},{"type":"Feature","properties":{"layer":"roads"},"geometry":{"type":"LineString","coordinates":[[17.0817137,51.1168655],[17.0817433,51.1168145],[17.0817474,51.116808],[17.0817721,51.1167617]]}},{"type":"Feature","properties":{"layer":"roads"},"geometry":{"type":"LineString","coordinates":[[17.0817137,51.1168655],[17.0817509,51.116846],[17.0817632,51.1168481],[17.0817754,51.1168503],[17.0817877,51.1168524],[17.0818,51.1168546],[17.0818123,51.1168567],[17.0818255,51.1168585],[17.0818388,51.1168602],[17.081852,51.116862],[17.0818652,51.1168637],[17.0818785,51.1168655],[17.0818917,51.1168673],[17.0819049,51.116869],[17.0819181,51.1168708],[17.0819314,51.1168725],[17.0819446,51.1168743],[17.0819586,51.1168754],[17.0819727,51.1168764],[17.0819867,51.1168775],[17.0820007,51.1168785],[17.0820147,51.1168796],[17.0820287,51.1168807],[17.0820428,51.1168817],[17.0820568,51.1168828],[17.0820708,51.1168828],[17.0820847,51.1168828],[17.0820987,51.1168828],[17.0821126,51.1168827],[17.0821266,51.1168827],[17.0821405,51.1168827],[17.0821545,51.1168827],[17.0821685,51.1168827],[17.0821824,51.1168827],[17.0821964,51.1168827],[17.0822103,51.1168827],[17.0822243,51.1168826],[17.0822382,51.1168826],[17.0822522,51.1168826],[17.0822662,51.1168826],[17.0822801,51.1168826],[17.0822941,51.1168826],[17.082308,51.1168826],[17.082322,51.1168825],[17.0823359,51.1168825],[17.0823499,51.1168825],[17.0823638,51.1168825],[17.0823778,51.1168825],[17.0823918,51.1168825],[17.0824057,51.1168825],[17.0824197,51.1168825],[17.0824755,51.1168824]]}},{"type":"Feature","properties":{"layer":"roads"},"geometry":{"type":"LineString","coordinates":[[17.0768569,51.1080478],[17.0768838,51.1080793],[17.0768905,51.1080872],[17.0768972,51.1080951],[17.0769039,51.108103],[17.0769107,51.1081108],[17.0769174,51.1081187],[17.0769241,51.1081266],[17.0769308,51.1081345],[17.0769375,51.1081424],[17.0769442,51.1081502],[17.076951,51.1081581],[17.0769577,51.108166],[17.0769644,51.1081739],[17.0769711,51.1081817],[17.0769778,51.1081896],[17.0769846,51.1081975],[17.0769913,51.1082054],[17.076998,51.1082133],[17.0770047,51.1082211],[17.0770114,51.108229],[17.0770182,51.1082369],[17.0770249,51.1082448],[17.0770316,51.1082527],[17.0770383,51.1082605],[17.077045,51.1082684],[17.0770517,51.1082763],[17.0770585,51.1082842],[17.0770652,51.1082921],[17.0770719,51.1082999],[17.0770786,51.1083078],[17.0770853,51.1083157],[17.0770921,51.1083236],[17.0770988,51.1083315],[17.0771055,51.1083393],[17.0771122,51.1083472],[17.0771189,51.1083551],[17.0771257,51.108363],[17.0771324,51.1083708],[17.0771391,51.1083787],[17.0771458,51.1083866],[17.0771525,51.1083945],[17.0771592,51.1084024],[17.077166,51.1084102],[17.0771727,51.1084181],[17.0771794,51.108426],[17.0771861,51.1084339],[17.0771928,51.1084418],[17.0771996,51.1084496],[17.0772063,51.1084575],[17.0772507,51.1084859]]}},{"type":"Feature","properties":{"layer":"roads"},"geometry":{"type":"LineString","coordinates":[[17.0876772,51.1140745],[17.0876251,51.1140613],[17.0876121,51.114058],[17.0875991,51.1140548],[17.0875861,51.1140515],[17.0875731,51.1140482],[17.0875601,51.1140449],[17.0875471,51.1140416],[17.0875341,51.1140383],[17.087521,51.114035],[17.087508,51.1140317],[17.087495,51.1140284],[17.087482,51.1140251],[17.087469,51.1140218],[17.087456,51.1140185],[17.087443,51.1140153],[17.08743,51.114012],[17.0874169,51.1140087],[17.0874039,51.1140054],[17.0873909,51.1140021],[17.0873779,51.1139988],[17.0873722,51.1140066],[17.0873665,51.1140143],[17.0873608,51.1140221],[17.0873551,51.1140299],[17.0873494,51.1140377],[17.0873438,51.1140454],[17.0873381,51.1140532],[17.0873105,51.1140768]]}},{"type":"Feature","properties":{"layer":"roads"},"geometry":{"type":"LineString","coordinates":[[17.0757591,51.1155158],[17.0757421,51.1155471],[17.0757325,51.115552],[17.0757229,51.115557],[17.0757133,51.1155619],[17.0757037,51.1155669],[17.0757024,51.1155754],[17.075701,51.1155839],[17.0756997,51.1155924],[17.0756984,51.1156009],[17.0756971,51.1156094],[17.0756957,51.1156179],[17.0756944,51.1156263],[17.0756931,51.1156348],[17.0756917,51.1156433],[17.0756904,51.1156518],[17.0756851,51.1156858]]}},{"type":"Feature","properties":{"layer":"roads"},"geometry":{"type":"LineString","coordinates":[[17.0757591,51.1155158],[17.0757143,51.1155046],[17.0757013,51.1155015],[17.0756883,51.1154983],[17.0756753,51.1154951],[17.0756623,51.115492],[17.0756493,51.1154888],[17.0756363,51.1154856],[17.0756233,51.1154825],[17.0756103,51.1154793],[17.0755977,51.1154758],[17.0755851,51.1154724],[17.0755725,51.1154689],[17.0755599,51.1154655],[17.0755473,51.115462],[17.0755004,51.1154441]]}},{"type":"Feature","properties":{"layer":"roads"},"geometry":{"type":"LineString","coordinates":[[17.0757591,51.1155158],[17.0757751,51.1154842],[17.0757773,51.1154759],[17.0757796,51.1154677],[17.0757818,51.1154594],[17.0757807,51.115431]]}},{"type":"Feature","properties":{"layer":"roads"},"geometry":{"type":"LineString","coordinates":[[17.0900261,51.1168612],[17.0900259,51.1168289],[17.090027,51.1168202],[17.0900281,51.1168114],[17.0900295,51.1168026],[17.0900308,51.1167938],[17.0900322,51.116785],[17.0900336,51.1167762],[17.0900349,51.1167674],[17.0900363,51.1167586],[17.0900377,51.1167498],[17.090039,51.116741],[17.0900404,51.1167322],[17.0900418,51.1167234],[17.0900431,51.1167147],[17.0900445,51.1167059],[17.0900459,51.1166971],[17.0900472,51.1166883],[17.0900486,51.1166795],[17.09005,51.1166707],[17.0900513,51.1166619],[17.0900527,51.1166531],[17.0900541,51.1166443],[17.0900554,51.1166355],[17.0900568,51.1166267],[17.0900582,51.1166179],[17.0900596,51.1166091],[17.0900609,51.1166003],[17.0900623,51.1165915],[17.0900637,51.1165827],[17.090065,51.1165739],[17.0900664,51.1165651],[17.0900678,51.1165563],[17.0900691,51.1165475],[17.0900705,51.1165387],[17.0900719,51.1165299],[17.0900732,51.1165212],[17.0900746,51.1165124],[17.090076,51.1165036],[17.0900773,51.1164948],[17.0900787,51.116486],[17.0900801,51.1164772],[17.0900814,51.1164684],[17.0900869,51.1164332]]}},{"type":"Feature","properties":{"layer":"roads"},"geometry":{"type":"LineString","coordinates":[[17.0900261,51.1168612],[17.0899716,51.1168626],[17.0899574,51.1168624],[17.0899432,51.1168621],[17.0899048,51.1168606],[17.0898872,51.1168688],[17.089886,51.1168776],[17.0898849,51.1168865],[17.0898837,51.1168953],[17.0898825,51.1169042],[17.0898813,51.116913],[17.0898802,51.1169219],[17.089879,51.1169307],[17.0898778,51.1169396],[17.0898766,51.1169484],[17.0898755,51.1169573],[17.0898743,51.1169662],[17.0898731,51.116975],[17.0898719,51.1169839],[17.0898707,51.1169927],[17.0898696,51.1170016],[17.0898684,51.1170104],[17.0898672,51.1170193],[17.089866,51.1170281],[17.0898649,51.117037],[17.0898637,51.1170458],[17.0898625,51.1170547],[17.0898508,51.1170584],[17.089839,51.1170621],[17.0898273,51.1170659],[17.0898156,51.1170696],[17.0898039,51.1170733],[17.0897922,51.117077],[17.0897804,51.1170808],[17.0897687,51.1170845],[17.089757,51.1170882],[17.0897452,51.117092],[17.0897013,51.1171046]]}},{"type":"Feature","properties":{"layer":"roads"},"geometry":{"type":"LineString","coordinates":[[17.0900261,51.1168612],[17.0900376,51.1168906],[17.0900363,51.1168993],[17.0900349,51.116908],[17.0900335,51.1169167],[17.0900322,51.1169253],[17.0900308,51.116934],[17.0900294,51.1169427],[17.0900281,51.1169514],[17.0900267,51.11696],[17.0900253,51.1169687],[17.090024,51.1169774],[17.0900226,51.1169861],[17.0900213,51.1169947],[17.0900199,51.1170034],[17.0900185,51.1170121],[17.0900172,51.1170208],[17.0900158,51.1170294],[17.0900144,51.1170381],[17.0900131,51.1170468],[17.0900117,51.1170555],[17.0900104,51.1170641],[17.090009,51.1170728],[17.0900076,51.1170815],[17.0900063,51.1170902],[17.0900049,51.1170989],[17.0900035,51.1171076],[17.0900022,51.1171164],[17.0900008,51.1171251],[17.0899994,51.1171338],[17.0899981,51.1171425],[17.0899967,51.1171512],[17.0899953,51.1171599],[17.089994,51.1171686],[17.0899926,51.1171773],[17.0899912,51.117186],[17.0899899,51.1171947],[17.0899885,51.1172034],[17.0899872,51.1172121],[17.0899858,51.1172208],[17.0899844,51.1172295],[17.0899831,51.1172382],[17.0899817,51.1172469],[17.0899803,51.1172556],[17.089979,51.1172643],[17.0899776,51.117273],[17.0899763,51.1172817],[17.0899749,51.1172904],[17.0899735,51.1172991],[17.0899722,51.1173078],[17.0899602,51.1173183],[17.0898914,51.1173116],[17.0898653,51.117317],[17.0898556,51.1173235],[17.089846,51.1173299],[17.0898363,51.1173364],[17.0898266,51.1173428],[17.0898169,51.1173492],[17.0898073,51.1173557],[17.0897976,51.1173621],[17.0897879,51.1173685],[17.0897782,51.117375],[17.0897686,51.1173814],[17.0897589,51.1173879],[17.0897492,51.1173943],[17.0897391,51.1174],[17.0897291,51.1174058],[17.089719,51.1174115],[17.0897089,51.1174173],[17.0896988,51.117423],[17.0896888,51.1174288],[17.0896787,51.1174345],[17.0896686,51.1174403],[17.0896585,51.117446],[17.0896485,51.1174518],[17.0896384,51.1174575],[17.0896283,51.1174633],[17.0896182,51.117469],[17.0896082,51.1174748],[17.0895981,51.1174805],[17.0895849,51.1174833],[17.0895716,51.117486],[17.0895584,51.1174888],[17.0895451,51.1174915],[17.0895319,51.1174943],[17.0895186,51.117497],[17.0895054,51.1174998],[17.0894921,51.1175025],[17.0894789,51.1175053],[17.0894692,51.1175118],[17.0894596,51.1175184],[17.0894499,51.1175249],[17.0894403,51.1175315],[17.0894306,51.1175381],[17.0894209,51.1175446],[17.0893823,51.1175708]]}},{"type":"Feature","properties":{"layer":"roads"},"geometry":{"type":"LineString","coordinates":[[17.0885193,51.1080967],[17.0885691,51.1080994],[17.0885741,51.1081077],[17.0885792,51.1081161],[17.0885821,51.1081226],[17.088585,51.1081291],[17.0885879,51.1081356],[17.0885915,51.1081425],[17.0885952,51.1081494],[17.0885988,51.1081563],[17.0885995,51.1081637],[17.0886001,51.108171],[17.0886008,51.1081784],[17.0886014,51.1081858],[17.0886031,51.1081941],[17.0886048,51.1082023],[17.0886065,51.1082106],[17.0885983,51.1082164],[17.0885501,51.1082142]]}},{"type":"Feature","properties":{"layer":"roads"},"geometry":{"type":"LineString","coordinates":[[17.0891508,51.1153432],[17.0891432,51.1153719],[17.0891423,51.1153809],[17.0891414,51.1153898],[17.0891405,51.1153987],[17.0891396,51.1154076],[17.0891387,51.1154165],[17.0891349,51.1154251],[17.0891311,51.1154336],[17.0891273,51.1154422],[17.0891234,51.1154507],[17.0891196,51.1154593],[17.0891158,51.1154679],[17.089112,51.1154764],[17.0891082,51.115485],[17.0890929,51.1155192]]}},{"type":"Feature","properties":{"layer":"roads"},"geometry":{"type":"LineString","coordinates":[[17.0891508,51.1153432],[17.0891937,51.1153388],[17.0892385,51.1153338]]}},{"type":"Feature","properties":{"layer":"roads"},"geometry":{"type":"LineString","coordinates":[[17.0790562,51.1093405],[17.0791063,51.1093371],[17.0791198,51.1093373],[17.0791332,51.1093375],[17.0791466,51.1093377],[17.0791601,51.1093378],[17.0791735,51.109338],[17.0791874,51.1093368],[17.0792012,51.1093356],[17.0792151,51.1093344],[17.0792289,51.1093332],[17.0792428,51.1093319],[17.0792567,51.1093307],[17.0792705,51.1093295],[17.0792844,51.1093283],[17.0792982,51.1093271],[17.0793121,51.1093259],[17.0793242,51.109322],[17.0793363,51.109318],[17.0793484,51.1093141],[17.0793605,51.1093101],[17.0793726,51.1093062],[17.0793847,51.1093023],[17.0793968,51.1092983],[17.0794089,51.1092944],[17.079421,51.1092905],[17.0794331,51.1092865],[17.0794452,51.1092826],[17.0794573,51.1092786],[17.0794694,51.1092747],[17.0794791,51.1092681],[17.0794889,51.1092615],[17.0794986,51.1092549],[17.0795083,51.1092483],[17.0795181,51.1092417],[17.0795278,51.1092351],[17.0795375,51.1092286],[17.0795472,51.109222],[17.079557,51.1092154],[17.0795667,51.1092088],[17.0795764,51.1092022],[17.0795862,51.1091956],[17.0795959,51.109189],[17.0796028,51.1091812],[17.0796096,51.1091733],[17.0796165,51.1091655],[17.0796233,51.1091576],[17.0796556,51.1091316]]}},{"type":"Feature","properties":{"layer":"roads"},"geometry":{"type":"LineString","coordinates":[[17.0790562,51.1093405],[17.0790101,51.1093296],[17.0789962,51.1093279],[17.0789822,51.1093261],[17.0789682,51.1093244],[17.0789543,51.1093226],[17.0789403,51.1093209],[17.0789263,51.1093191],[17.0789124,51.1093174],[17.0788984,51.1093156],[17.0788844,51.1093139],[17.0788705,51.1093121],[17.0788565,51.1093104],[17.0788436,51.1093077],[17.0788306,51.109305],[17.0788177,51.1093023],[17.0788047,51.1092996],[17.0787918,51.1092969],[17.0787788,51.1092942],[17.0787658,51.1092915],[17.0787529,51.1092889],[17.0787399,51.1092862],[17.078727,51.1092835],[17.078714,51.1092808],[17.0787011,51.1092781],[17.0786881,51.1092754],[17.0786752,51.1092727],[17.078663,51.1092685],[17.0786507,51.1092642],[17.0786385,51.10926],[17.0786263,51.1092557],[17.0786141,51.1092515],[17.0786018,51.1092473],[17.0785896,51.109243],[17.0785774,51.1092388],[17.0785651,51.1092345],[17.0785529,51.1092303],[17.0785407,51.109226],[17.0785284,51.1092218],[17.0785162,51.1092176],[17.0784734,51.1092065]]}},{"type":"Feature","properties":{"layer":"roads"},"geometry":{"type":"LineString","coordinates":[[17.0796556,51.1091316],[17.0796666,51.1091036],[17.0796723,51.1090959],[17.079678,51.1090883],[17.0796837,51.1090807],[17.0796894,51.109073],[17.0796951,51.1090654],[17.0797008,51.1090578],[17.0797065,51.1090501],[17.0797121,51.1090425],[17.0797178,51.1090349],[17.0797235,51.1090272],[17.0797292,51.1090196],[17.0797319,51.1090109],[17.0797346,51.1090022],[17.0797374,51.1089934],[17.0797401,51.1089847],[17.0797428,51.108976],[17.0797455,51.1089672],[17.0797482,51.1089585],[17.0797509,51.1089498],[17.0797537,51.1089411],[17.0797564,51.1089324],[17.0797591,51.1089236],[17.0797618,51.1089149],[17.0797645,51.1089062],[17.0797673,51.1088975],[17.07977,51.1088887],[17.0797727,51.10888],[17.0797737,51.1088716],[17.0797747,51.1088632],[17.0797757,51.1088547],[17.0797768,51.1088463],[17.0797778,51.1088379],[17.0797788,51.1088295],[17.0797798,51.1088211],[17.0797808,51.1088127],[17.0797818,51.1088042],[17.0797829,51.1087958],[17.0797839,51.1087874],[17.0797849,51.108779],[17.0797931,51.1087452]]}},{"type":"Feature","properties":{"layer":"roads"},"geometry":{"type":"LineString","coordinates":[[17.0799496,51.1075198],[17.0799697,51.1075466],[17.0799794,51.107553],[17.0799892,51.1075593],[17.0799989,51.1075657],[17.0800087,51.107572],[17.0800185,51.1075784],[17.0800282,51.1075847],[17.080038,51.1075911],[17.0800477,51.1075974],[17.0800575,51.1076038],[17.0800672,51.1076101],[17.080077,51.1076165],[17.0800867,51.1076228],[17.0800965,51.1076292],[17.0801063,51.1076355],[17.080116,51.1076419],[17.0801258,51.1076482],[17.0801422,51.107678]]}},{"type":"Feature","properties":{"layer":"roads"},"geometry":{"type":"LineString","coordinates":[[17.0799496,51.1075198],[17.0799508,51.1074901],[17.0799451,51.1074833],[17.0799394,51.1074764],[17.0799332,51.1074687],[17.0799269,51.107461],[17.0799207,51.1074533],[17.0799145,51.1074456],[17.0799082,51.107438],[17.079902,51.1074303],[17.0798958,51.1074226],[17.0798895,51.1074149],[17.0798833,51.1074072],[17.0798765,51.1073998],[17.0798696,51.1073923],[17.0798628,51.1073849],[17.0798559,51.1073775],[17.0798491,51.10737],[17.0798423,51.1073626],[17.0798354,51.1073551],[17.0798286,51.1073477],[17.0798262,51.1073406],[17.0798239,51.1073335],[17.0798215,51.1073265],[17.0798191,51.1073194],[17.0798132,51.1073136],[17.0798073,51.1073077],[17.0798015,51.1073018],[17.0797956,51.107296],[17.0797898,51.1072895],[17.079784,51.1072829],[17.0797781,51.1072764],[17.0797723,51.1072698],[17.0797665,51.1072633],[17.0797632,51.107256],[17.07976,51.1072486],[17.0797567,51.1072413],[17.0797535,51.1072339],[17.0797502,51.1072266],[17.0797402,51.1072227],[17.0797302,51.1072188],[17.0797197,51.1072213],[17.0797092,51.1072238],[17.0796987,51.1072264],[17.0796882,51.1072289],[17.0796821,51.1072215],[17.0796761,51.1072141],[17.07967,51.1072067],[17.0796639,51.1071993],[17.0796579,51.107192],[17.0796336,51.1071624]]}},{"type":"Feature","properties":{"layer":"roads"},"geometry":{"type":"LineString","coordinates":[[17.0796258,51.1078269],[17.0796118,51.107861],[17.0795902,51.1078687],[17.0795784,51.1078728],[17.0795666,51.1078768],[17.0795547,51.1078808],[17.0795429,51.1078848],[17.0795311,51.1078889],[17.0795193,51.1078929],[17.0795075,51.1078969],[17.0794957,51.107901],[17.0794839,51.107905],[17.0794366,51.1079211]]}},{"type":"Feature","properties":{"layer":"roads"},"geometry":{"type":"LineString","coordinates":[[17.0796258,51.1078269],[17.0796812,51.1078356],[17.0797044,51.1078279],[17.0797168,51.1078238],[17.0797291,51.1078196],[17.0797415,51.1078155],[17.0797538,51.1078114],[17.0797662,51.1078073],[17.0797785,51.1078031],[17.0797909,51.107799],[17.0798032,51.1077949],[17.0798156,51.1077908],[17.0798279,51.1077867],[17.0798403,51.1077825],[17.0798526,51.1077784],[17.079865,51.1077743],[17.0798773,51.1077702],[17.0798897,51.107766],[17.079902,51.1077619],[17.0799144,51.1077578],[17.0799267,51.1077537],[17.0799391,51.1077496],[17.0799514,51.1077454],[17.0799638,51.1077413],[17.0799761,51.1077372],[17.0799885,51.1077331],[17.0800289,51.107713]]}},{"type":"Feature","properties":{"layer":"roads"},"geometry":{"type":"LineString","coordinates":[[17.0779434,51.1088973],[17.0779172,51.1088666],[17.0779102,51.1088598],[17.0779032,51.1088529],[17.0778962,51.1088461],[17.077889,51.1088383],[17.0778818,51.1088306],[17.0778746,51.1088228],[17.0778673,51.1088151],[17.0778601,51.1088073],[17.0778529,51.1087995],[17.0778457,51.1087918],[17.0778385,51.108784],[17.0778313,51.1087763],[17.0778241,51.1087685],[17.0778168,51.1087607],[17.0778096,51.108753],[17.0778024,51.1087452],[17.0777952,51.1087374],[17.077788,51.1087297],[17.0777808,51.1087219],[17.0777736,51.1087142],[17.0777663,51.1087064],[17.0777591,51.1086986],[17.0777519,51.1086909],[17.0777447,51.1086831],[17.0777375,51.1086754],[17.0777303,51.1086676],[17.0777231,51.1086598],[17.0777158,51.1086521],[17.0777086,51.1086443],[17.0777014,51.1086366],[17.0776942,51.1086288],[17.0776871,51.1086212],[17.07768,51.1086136],[17.077673,51.108606],[17.0776659,51.1085985],[17.0776376,51.1085681]]}},{"type":"Feature","properties":{"layer":"roads"},"geometry":{"type":"LineString","coordinates":[[17.0779434,51.1088973],[17.0779804,51.1089196],[17.0779898,51.1089259],[17.0779992,51.1089322],[17.0780086,51.1089385],[17.0780179,51.1089448],[17.0780273,51.1089511],[17.0780367,51.1089573],[17.0780461,51.1089636],[17.0780554,51.1089699],[17.0780648,51.1089762],[17.0780742,51.1089825],[17.0780836,51.1089888],[17.0780929,51.1089951],[17.0781023,51.1090014],[17.0781117,51.1090077],[17.078122,51.1090135],[17.0781322,51.1090193],[17.0781425,51.1090251],[17.0781527,51.1090309],[17.078163,51.1090366],[17.0781733,51.1090424],[17.0781835,51.1090482],[17.0781938,51.109054],[17.0782041,51.1090598],[17.0782143,51.1090656],[17.0782246,51.1090714],[17.0782348,51.1090772],[17.0782451,51.109083],[17.0782554,51.1090887],[17.0782656,51.1090945],[17.0782759,51.1091003],[17.0782861,51.1091061],[17.0782964,51.1091119],[17.0783067,51.1091177],[17.0783169,51.1091235],[17.0783272,51.1091293],[17.0783375,51.109135],[17.0783477,51.1091408],[17.078358,51.1091466],[17.0783682,51.1091524],[17.0783785,51.1091582],[17.0783896,51.1091635],[17.0784007,51.1091688],[17.0784118,51.1091741],[17.0784229,51.1091794],[17.078434,51.1091847],[17.0784734,51.1092065]]}},{"type":"Feature","properties":{"layer":"roads"},"geometry":{"type":"LineString","coordinates":[[17.0781856,51.1146462],[17.0782338,51.1146263],[17.0782451,51.1146218],[17.0782565,51.1146174],[17.0782678,51.114613],[17.0782791,51.1146085],[17.0782905,51.1146041],[17.0783018,51.1145997],[17.0783143,51.1145955],[17.0783268,51.1145913],[17.0783392,51.1145872],[17.0783517,51.114583],[17.0783642,51.1145788],[17.0783767,51.1145746],[17.0783892,51.1145704],[17.0784016,51.1145663],[17.0784141,51.1145621],[17.0784266,51.1145579],[17.0784391,51.1145537],[17.0784516,51.1145495],[17.078464,51.1145454],[17.0784765,51.1145412],[17.078489,51.114537],[17.0785015,51.1145328],[17.078514,51.1145286],[17.0785264,51.1145245],[17.0785389,51.1145203],[17.0785514,51.1145161],[17.0785639,51.1145119],[17.0785764,51.1145077],[17.0785888,51.1145036],[17.0786013,51.1144994],[17.0786138,51.1144952],[17.0786261,51.1144907],[17.0786384,51.1144862],[17.0786507,51.1144817],[17.078663,51.1144771],[17.0786753,51.1144726],[17.0786876,51.1144681],[17.0786998,51.1144636],[17.0787121,51.1144591],[17.0787244,51.1144546],[17.0787763,51.1144413]]}},{"type":"Feature","properties":{"layer":"roads"},"geometry":{"type":"LineString","coordinates":[[17.0793524,51.1096356],[17.0793732,51.1096598],[17.0793942,51.1096839]]}},{"type":"Feature","properties":{"layer":"roads"},"geometry":{"type":"LineString","coordinates":[[17.0793524,51.1096356],[17.0793982,51.109621],[17.0794115,51.1096182],[17.0794247,51.1096154],[17.079438,51.1096126],[17.0794512,51.1096098],[17.0794645,51.109607],[17.0794778,51.1096043],[17.079491,51.1096015],[17.0795043,51.1095987],[17.0795165,51.1095946],[17.0795287,51.1095905],[17.0795409,51.1095864],[17.0795531,51.1095823],[17.0795653,51.1095782],[17.0795775,51.1095742],[17.0795897,51.1095701],[17.0796019,51.109566],[17.0796141,51.1095619],[17.0796263,51.1095578],[17.0796385,51.1095537],[17.0796492,51.1095488],[17.0796599,51.1095438],[17.0796706,51.1095389],[17.0796813,51.109534],[17.079692,51.109529],[17.0797028,51.1095241],[17.0797135,51.1095191],[17.0797242,51.1095142],[17.0797349,51.1095093],[17.0797456,51.1095043],[17.0797563,51.1094994],[17.0797667,51.1094932],[17.0797771,51.1094871],[17.0797875,51.1094809],[17.0797979,51.1094747],[17.0798083,51.1094686],[17.0798187,51.1094624],[17.0798291,51.1094562],[17.0798395,51.1094501],[17.0798499,51.1094439],[17.0798603,51.1094377],[17.0798707,51.1094316],[17.0798811,51.1094254],[17.0798894,51.1094191],[17.0798976,51.1094128],[17.0799406,51.1094022]]}},{"type":"Feature","properties":{"layer":"roads"},"geometry":{"type":"LineString","coordinates":[[17.0793524,51.1096356],[17.0793073,51.1096365],[17.0792945,51.1096383],[17.0792817,51.1096401],[17.0792689,51.1096419],[17.0792561,51.1096437],[17.0792434,51.1096455],[17.0792306,51.1096473],[17.0792178,51.1096491],[17.0792047,51.1096499],[17.0791915,51.1096507],[17.0791784,51.1096516],[17.0791652,51.1096524],[17.0791521,51.1096532],[17.0791389,51.109654],[17.0791258,51.1096549],[17.0791126,51.1096557],[17.0790969,51.109659],[17.079071,51.1096824]]}},{"type":"Feature","properties":{"layer":"roads"},"geometry":{"type":"LineString","coordinates":[[17.0799406,51.1094022],[17.0799937,51.1093455]]}},{"type":"Feature","properties":{"layer":"roads"},"geometry":{"type":"LineString","coordinates":[[17.0799406,51.1094022],[17.0799728,51.1094313],[17.0799893,51.1094548],[17.0799966,51.1094653],[17.080002,51.109473],[17.0800074,51.1094808],[17.0800128,51.1094886],[17.0800182,51.1094963],[17.080036,51.1095222]]}},{"type":"Feature","properties":{"layer":"roads"},"geometry":{"type":"LineString","coordinates":[[17.0797931,51.1087452],[17.0797824,51.1087142],[17.0797818,51.1087057],[17.0797813,51.1086971],[17.0797808,51.1086885],[17.0797802,51.10868],[17.0797797,51.1086714],[17.0797791,51.1086629],[17.0797786,51.1086543],[17.0797768,51.1086454],[17.0797751,51.1086366],[17.0797733,51.1086277],[17.0797716,51.1086188],[17.0797698,51.10861],[17.079768,51.1086011],[17.0797663,51.1085922],[17.0797645,51.1085834],[17.0797627,51.1085745],[17.079761,51.1085656],[17.0797592,51.1085567],[17.0797575,51.1085479],[17.0797557,51.108539],[17.0797539,51.1085301],[17.0797522,51.1085213],[17.0797504,51.1085124],[17.0797477,51.1085037],[17.079745,51.1084951],[17.0797423,51.1084864],[17.0797397,51.1084778],[17.079737,51.1084691],[17.0797343,51.1084605],[17.0797316,51.1084518],[17.0797289,51.1084431],[17.0797262,51.1084345],[17.0797235,51.1084258],[17.0797209,51.1084172],[17.0797182,51.1084085],[17.0797155,51.1083999],[17.0797128,51.1083912],[17.0797082,51.1083829],[17.0797037,51.1083747],[17.0796991,51.1083664],[17.0796945,51.1083581],[17.0796899,51.1083498],[17.0796854,51.1083416],[17.0796808,51.1083333],[17.0796682,51.1083015]]}},{"type":"Feature","properties":{"layer":"roads"},"geometry":{"type":"LineString","coordinates":[[17.0796682,51.1083015],[17.0796467,51.1082766],[17.0796416,51.1082687],[17.0796364,51.1082607],[17.0796313,51.1082528],[17.0796262,51.1082448],[17.0796211,51.1082368],[17.079616,51.1082289],[17.0796109,51.1082209],[17.0796044,51.1082131],[17.079598,51.1082052],[17.0795915,51.1081974],[17.0795851,51.1081896],[17.0795786,51.1081817],[17.0795721,51.1081739],[17.0795657,51.1081661],[17.0795592,51.1081583],[17.0795528,51.1081504],[17.0795463,51.1081426],[17.0795398,51.1081348],[17.0795334,51.1081269],[17.0795269,51.1081191],[17.0795205,51.1081113],[17.079514,51.1081034],[17.0795075,51.1080956],[17.0795011,51.1080878],[17.0794946,51.10808],[17.0794881,51.1080721],[17.0794817,51.1080643],[17.0794752,51.1080565],[17.0794688,51.1080486],[17.0794623,51.1080408],[17.0794558,51.108033],[17.0794494,51.1080251],[17.0794429,51.1080173],[17.0794365,51.1080095],[17.07943,51.1080017],[17.0794235,51.1079938],[17.0793977,51.1079625]]}},{"type":"Feature","properties":{"layer":"roads"},"geometry":{"type":"LineString","coordinates":[[17.0773534,51.1086291],[17.0773321,51.1086006],[17.0773251,51.1085928],[17.0773181,51.1085851],[17.0773112,51.1085773],[17.0773042,51.1085695],[17.0772972,51.1085618],[17.0772902,51.108554],[17.0772833,51.1085463],[17.0772763,51.1085385],[17.0772693,51.1085308],[17.0772623,51.108523],[17.0772554,51.1085153],[17.0772507,51.1084859]]}},{"type":"Feature","properties":{"layer":"roads"},"geometry":{"type":"LineString","coordinates":[[17.0773534,51.1086291],[17.0774023,51.1086167],[17.0774442,51.1086031],[17.0774684,51.1085951],[17.0774798,51.1085913],[17.0774911,51.1085874],[17.0775025,51.1085835],[17.0775139,51.1085797],[17.0775594,51.1085642]]}},{"type":"Feature","properties":{"layer":"roads"},"geometry":{"type":"LineString","coordinates":[[17.0773534,51.1086291],[17.0773122,51.1086476],[17.0772679,51.1086626],[17.0772043,51.1086773]]}},{"type":"Feature","properties":{"layer":"roads"},"geometry":{"type":"LineString","coordinates":[[17.0787763,51.1144413],[17.0787863,51.1144691],[17.0787895,51.1144772],[17.0788137,51.1145239]]}},{"type":"Feature","properties":{"layer":"roads"},"geometry":{"type":"LineString","coordinates":[[17.0842736,51.1144649],[17.084223,51.1144493],[17.0842092,51.1144469],[17.0841954,51.1144446],[17.0841816,51.1144423],[17.0841678,51.1144399],[17.084154,51.1144376],[17.0841402,51.1144352],[17.0841264,51.1144329],[17.0841126,51.1144306],[17.0840988,51.1144282],[17.084085,51.1144259],[17.0840712,51.1144235],[17.0840574,51.1144212],[17.0840436,51.1144189],[17.0840298,51.1144165],[17.084016,51.1144142],[17.0840022,51.1144119],[17.0839884,51.1144095],[17.0839747,51.1144072],[17.0839609,51.1144048],[17.0839471,51.1144025],[17.0839333,51.1144002],[17.0839195,51.1143978],[17.0839057,51.1143955],[17.0838919,51.1143932],[17.0838781,51.1143908],[17.0838643,51.1143885],[17.0838505,51.1143861],[17.0838367,51.1143838],[17.0838229,51.1143815],[17.0838091,51.1143791],[17.0837953,51.1143768],[17.0837815,51.1143744],[17.0837677,51.1143721],[17.0837539,51.1143698],[17.0837401,51.1143674],[17.0837263,51.1143651],[17.0837125,51.1143628],[17.0836646,51.1143688]]}},{"type":"Feature","properties":{"layer":"roads"},"geometry":{"type":"LineString","coordinates":[[17.0842736,51.1144649],[17.0842485,51.114489],[17.084237,51.1144941],[17.0842255,51.1144992],[17.084214,51.1145043],[17.0842026,51.1145095],[17.0841911,51.1145146],[17.0841796,51.1145197],[17.0841682,51.1145249],[17.0841567,51.11453],[17.0841452,51.1145351],[17.0841338,51.1145403],[17.0841223,51.1145454],[17.0841108,51.1145505],[17.0840994,51.1145557],[17.0840879,51.1145608],[17.0840764,51.1145659],[17.0840649,51.114571],[17.0840535,51.1145762],[17.084042,51.1145813],[17.0840305,51.1145864],[17.0840191,51.1145916],[17.0840076,51.1145967],[17.0839961,51.1146018],[17.0839847,51.114607],[17.0839732,51.1146121],[17.0839617,51.1146172],[17.0839503,51.1146224],[17.0839388,51.1146275],[17.0839273,51.1146326],[17.0839158,51.1146377],[17.0839044,51.1146429],[17.0838929,51.114648],[17.0838814,51.1146531],[17.08387,51.1146583],[17.0838585,51.1146634],[17.0838447,51.1146656],[17.0838308,51.1146679],[17.0838169,51.1146701],[17.0838031,51.1146724],[17.0837893,51.1146746],[17.0837754,51.1146769],[17.0837615,51.1146792],[17.0837477,51.1146814],[17.0837203,51.1147034]]}},{"type":"Feature","properties":{"layer":"roads"},"geometry":{"type":"LineString","coordinates":[[17.0837203,51.1147034],[17.0837134,51.1146509],[17.0837117,51.1146421],[17.0837101,51.1146334],[17.0837084,51.1146246],[17.0837068,51.1146159],[17.0837052,51.1146071],[17.0837035,51.1145984],[17.0837019,51.1145896],[17.0837002,51.1145809],[17.0836985,51.1145722],[17.0836969,51.1145634],[17.0836952,51.1145546],[17.0836936,51.1145459],[17.0836919,51.1145371],[17.0836903,51.1145284],[17.0836886,51.1145196],[17.083687,51.1145109],[17.0836853,51.1145021],[17.0836837,51.1144934],[17.0836821,51.1144847],[17.0836804,51.1144759],[17.0836788,51.1144671],[17.0836771,51.1144584],[17.0836754,51.1144496],[17.0836738,51.1144409],[17.0836721,51.1144321],[17.0836705,51.1144234],[17.0836688,51.1144147],[17.0836672,51.1144059],[17.0836655,51.1143972],[17.0836646,51.1143688]]}},{"type":"Feature","properties":{"layer":"roads"},"geometry":{"type":"LineString","coordinates":[[17.0846136,51.1148438],[17.0846555,51.114834],[17.0846661,51.1148282],[17.0846768,51.1148224],[17.0846874,51.1148166],[17.0846981,51.1148108],[17.0847087,51.114805],[17.0847193,51.1147992],[17.08473,51.1147934],[17.0847406,51.1147876],[17.0847513,51.1147818],[17.0847619,51.114776],[17.0847726,51.1147703],[17.0847832,51.1147645],[17.0847939,51.1147587],[17.0848045,51.1147529],[17.0848152,51.1147471],[17.0848258,51.1147413],[17.084836,51.1147352],[17.0848462,51.1147291],[17.0848564,51.114723],[17.0848666,51.1147169],[17.0848768,51.1147108],[17.084887,51.1147047],[17.0848972,51.1146986],[17.0849074,51.1146925],[17.0849176,51.1146864],[17.0849283,51.1146816],[17.0849389,51.1146767],[17.0849496,51.1146719],[17.0849603,51.114667],[17.0849709,51.1146622],[17.0849816,51.1146573],[17.0849923,51.1146525],[17.0850029,51.1146476],[17.0850136,51.1146428],[17.0850255,51.1146386],[17.0850374,51.1146344],[17.0850493,51.1146301],[17.0850612,51.1146259],[17.0850876,51.1146025]]}},{"type":"Feature","properties":{"layer":"roads"},"geometry":{"type":"LineString","coordinates":[[17.0892385,51.1153338],[17.0892574,51.1153088],[17.0892675,51.1153038],[17.0892762,51.1152987],[17.089285,51.1152936],[17.0892937,51.1152886],[17.0893025,51.1152835],[17.0893078,51.1152758],[17.0893131,51.1152682],[17.0893183,51.1152606],[17.0893236,51.1152529],[17.0893289,51.1152453],[17.0893342,51.1152376],[17.0893343,51.1152291],[17.0893344,51.1152205],[17.0893344,51.115212],[17.0893345,51.1152034],[17.0893346,51.1151949],[17.0893347,51.1151863],[17.0893347,51.1151778],[17.0893348,51.1151692],[17.0893349,51.1151607],[17.0893369,51.1151535],[17.0893389,51.1151464],[17.0893408,51.1151392],[17.0893428,51.115132],[17.0893421,51.1151238],[17.0893413,51.1151155],[17.0893406,51.1151073],[17.0893399,51.1150991],[17.0893392,51.1150908],[17.0893384,51.1150826],[17.0893377,51.1150743],[17.089337,51.1150661],[17.0893363,51.1150579],[17.0893355,51.1150496],[17.0893348,51.1150414],[17.0893366,51.1150339],[17.0893384,51.1150265],[17.0893401,51.115019],[17.0893419,51.1150116],[17.0893437,51.1150041],[17.0893432,51.1149953],[17.0893414,51.1149601]]}},{"type":"Feature","properties":{"layer":"roads"},"geometry":{"type":"LineString","coordinates":[[17.0892385,51.1153338],[17.0892898,51.1153473],[17.0893031,51.1153485],[17.0893164,51.1153497],[17.0893298,51.1153496],[17.0893433,51.1153494],[17.0893567,51.1153493],[17.0893701,51.1153492],[17.0893836,51.115349],[17.089397,51.1153489],[17.0894104,51.1153488],[17.0894238,51.1153487],[17.0894373,51.1153485],[17.0894507,51.1153484],[17.0894575,51.1153429],[17.0894644,51.1153373],[17.0894713,51.1153317],[17.0894781,51.1153262],[17.0894912,51.1153234],[17.0895043,51.1153207],[17.0895174,51.1153179],[17.0895305,51.1153152],[17.0895437,51.1153124],[17.0895568,51.1153096],[17.0895699,51.1153069],[17.089583,51.1153041],[17.0895959,51.115305],[17.0896089,51.1153059],[17.0896218,51.1153068],[17.0896347,51.1153076],[17.0896476,51.1153085],[17.0896606,51.1153094],[17.0896735,51.1153103],[17.0896839,51.1153164],[17.0896943,51.1153226],[17.0897046,51.1153287],[17.089715,51.1153348],[17.0897565,51.1153593]]}},{"type":"Feature","properties":{"layer":"roads"},"geometry":{"type":"LineString","coordinates":[[17.0865693,51.1134376],[17.0865911,51.1134123],[17.0865967,51.1134043],[17.0866023,51.1133962],[17.086608,51.1133882],[17.0866136,51.1133801],[17.0866192,51.1133721],[17.0866249,51.1133641],[17.0866305,51.113356],[17.0866362,51.113348],[17.0866418,51.1133399],[17.0866474,51.1133319],[17.0866643,51.1132982]]}},{"type":"Feature","properties":{"layer":"roads"},"geometry":{"type":"LineString","coordinates":[[17.0865693,51.1134376],[17.0865073,51.1134281],[17.0864959,51.1134249],[17.0864846,51.1134217],[17.0864402,51.1134053]]}},{"type":"Feature","properties":{"layer":"roads"},"geometry":{"type":"LineString","coordinates":[[17.0759738,51.1149866],[17.0759294,51.1149927],[17.0759166,51.1149945],[17.0759038,51.1149962],[17.0758909,51.114998],[17.0758781,51.1149998],[17.0758396,51.1150051],[17.0757819,51.1150007]]}},{"type":"Feature","properties":{"layer":"roads"},"geometry":{"type":"LineString","coordinates":[[17.0759738,51.1149866],[17.0759592,51.1149525],[17.0759539,51.1149443],[17.0759485,51.114936],[17.0759431,51.1149277],[17.0759378,51.1149195],[17.0759324,51.1149112],[17.075927,51.1149029],[17.0759217,51.1148947],[17.0759002,51.1148616]]}},{"type":"Feature","properties":{"layer":"roads"},"geometry":{"type":"LineString","coordinates":[[17.0825859,51.1086461],[17.0825609,51.1086222],[17.0825089,51.1086429]]}},{"type":"Feature","properties":{"layer":"roads"},"geometry":{"type":"LineString","coordinates":[[17.0825859,51.1086461],[17.082631,51.1085933],[17.0826372,51.1085661]]}},{"type":"Feature","properties":{"layer":"roads"},"geometry":{"type":"LineString","coordinates":[[17.0789394,51.1131558],[17.0789881,51.113154],[17.0790017,51.1131519],[17.0790153,51.1131497],[17.0790289,51.1131476],[17.0790425,51.1131454],[17.0790566,51.113144],[17.0790708,51.1131426],[17.0790849,51.1131412],[17.079099,51.1131397],[17.0791132,51.1131383],[17.0791273,51.1131369],[17.0791414,51.1131355],[17.0791556,51.1131341],[17.0791697,51.1131327],[17.0791838,51.1131312],[17.079198,51.1131298],[17.0792121,51.1131284],[17.0792262,51.113127],[17.0792404,51.1131256],[17.0792545,51.1131242],[17.0792687,51.1131228],[17.0792828,51.1131213],[17.0792969,51.1131199],[17.0793111,51.1131185],[17.0793252,51.1131171],[17.0793393,51.1131157],[17.0793535,51.1131143],[17.0793676,51.1131128],[17.0793817,51.1131114],[17.0793959,51.11311],[17.07941,51.1131086],[17.0794531,51.1131181]]}},{"type":"Feature","properties":{"layer":"roads"},"geometry":{"type":"LineString","coordinates":[[17.0812786,51.116556],[17.0813182,51.1165812],[17.0813281,51.1165875],[17.081338,51.1165938],[17.0813479,51.1166001],[17.0813578,51.1166063],[17.0813678,51.1166126],[17.0813777,51.1166189],[17.0813876,51.1166252],[17.0813975,51.1166315],[17.0814074,51.1166378],[17.0814173,51.1166441],[17.0814272,51.1166504],[17.0814371,51.1166567],[17.0814466,51.116662],[17.0814562,51.1166672],[17.0814657,51.1166725],[17.0814753,51.1166777],[17.0814848,51.116683],[17.0814944,51.1166882],[17.0815039,51.1166935],[17.0815154,51.1166981],[17.0815268,51.1167026],[17.0815383,51.1167072],[17.0815497,51.1167117],[17.0815612,51.1167163],[17.0815736,51.1167208],[17.081586,51.1167252],[17.0815984,51.1167297],[17.0816108,51.1167341],[17.0816231,51.1167386],[17.0816355,51.116743],[17.0816479,51.1167475],[17.0816603,51.1167519],[17.0816727,51.1167564],[17.0816861,51.1167593],[17.0816995,51.1167622],[17.0817129,51.1167651],[17.0817263,51.1167679],[17.0817721,51.1167617]]}},{"type":"Feature","properties":{"layer":"roads"},"geometry":{"type":"LineString","coordinates":[[17.0888114,51.1064784],[17.0887604,51.1064661],[17.0887469,51.1064637],[17.0887333,51.1064613],[17.0887198,51.1064589],[17.0887063,51.1064565],[17.0886928,51.1064541],[17.0886793,51.1064517],[17.0886658,51.1064493],[17.0886523,51.1064469],[17.0886384,51.1064479],[17.0886246,51.1064489],[17.0886107,51.1064498],[17.0885969,51.1064508],[17.088583,51.1064518],[17.0885691,51.1064528],[17.0885553,51.1064538],[17.0885414,51.1064547],[17.0884857,51.1064498]]}},{"type":"Feature","properties":{"layer":"roads"},"geometry":{"type":"LineString","coordinates":[[17.0783894,51.1127604],[17.0783516,51.1127779],[17.0783418,51.112784],[17.0783321,51.1127901],[17.0783223,51.1127962],[17.0783126,51.1128022],[17.0783028,51.1128083],[17.0782931,51.1128144],[17.0782857,51.1128216],[17.0782782,51.1128288],[17.0782708,51.1128361],[17.0782634,51.1128433],[17.0782559,51.1128505],[17.0782485,51.1128577],[17.0782411,51.1128649],[17.0782336,51.1128722],[17.0782262,51.1128794],[17.0782188,51.1128866],[17.0782114,51.1128938],[17.0782039,51.1129011],[17.0781965,51.1129083],[17.0781891,51.1129155],[17.0781816,51.1129227],[17.0781742,51.1129299],[17.0781668,51.1129372],[17.0781593,51.1129444],[17.0781519,51.1129516],[17.0781461,51.1129598],[17.0781403,51.1129679],[17.0781345,51.1129761],[17.0781009,51.1129957]]}},{"type":"Feature","properties":{"layer":"roads"},"geometry":{"type":"LineString","coordinates":[[17.0783894,51.1127604],[17.0783724,51.1127192],[17.0783654,51.1127121],[17.0783584,51.1127051],[17.0783514,51.112698],[17.0783444,51.1126909],[17.0783375,51.1126838],[17.0783305,51.1126768],[17.0783235,51.1126697],[17.0783164,51.1126621],[17.0783092,51.1126544],[17.0783021,51.1126468],[17.0782949,51.1126392],[17.0782878,51.1126315],[17.0782806,51.1126239],[17.0782735,51.1126163],[17.0782663,51.1126087],[17.0782592,51.112601],[17.078252,51.1125934],[17.0782449,51.1125858],[17.0782377,51.1125781],[17.0782306,51.1125705],[17.0781935,51.1125445]]}},{"type":"Feature","properties":{"layer":"roads"},"geometry":{"type":"LineString","coordinates":[[17.0798487,51.113318],[17.0797995,51.1133138],[17.0797852,51.1133143],[17.0797709,51.1133148],[17.0797567,51.1133152],[17.0797424,51.1133157],[17.0797282,51.1133162],[17.0797139,51.1133167],[17.0796997,51.1133172],[17.0796854,51.1133176],[17.0796711,51.1133181],[17.0796569,51.1133186],[17.0796426,51.1133191],[17.0796284,51.1133195],[17.0796141,51.11332],[17.0795998,51.1133205],[17.0795431,51.1133236]]}},{"type":"Feature","properties":{"layer":"roads"},"geometry":{"type":"LineString","coordinates":[[17.0800686,51.1064227],[17.0800462,51.1064469],[17.0800356,51.1064509],[17.0800251,51.1064549],[17.0800145,51.1064589],[17.0800021,51.1064633],[17.0799896,51.1064677],[17.0799772,51.1064721],[17.0799647,51.1064765],[17.0799523,51.106481],[17.0799399,51.1064854],[17.0799274,51.1064898],[17.079915,51.1064942],[17.0799025,51.1064986],[17.0798901,51.106503],[17.0798777,51.1065074],[17.0798652,51.1065118],[17.0798528,51.1065162],[17.0798404,51.1065207],[17.0798279,51.1065251],[17.0798155,51.1065295],[17.079803,51.1065339],[17.0797906,51.1065383],[17.0797782,51.1065427],[17.0797657,51.1065471],[17.0797533,51.1065515],[17.0797408,51.1065559],[17.0797284,51.1065604],[17.079716,51.1065648],[17.0797035,51.1065692],[17.0796911,51.1065736],[17.0796787,51.106578],[17.0796662,51.1065824],[17.0796538,51.1065868],[17.0796413,51.1065912],[17.0796289,51.1065956],[17.0796165,51.1066001],[17.0795667,51.1066177]]}},{"type":"Feature","properties":{"layer":"roads"},"geometry":{"type":"LineString","coordinates":[[17.079071,51.1096824],[17.0790194,51.1096688],[17.0790084,51.1096649],[17.0789974,51.1096611],[17.0789863,51.1096573],[17.0789396,51.1096663]]}},{"type":"Feature","properties":{"layer":"roads"},"geometry":{"type":"LineString","coordinates":[[17.079071,51.1096824],[17.0790538,51.1097094],[17.0790488,51.1097169],[17.0790438,51.1097244],[17.0790407,51.1097329],[17.0790377,51.1097415],[17.0790346,51.10975],[17.0790316,51.1097585],[17.0790285,51.109767],[17.0790255,51.1097756],[17.0790224,51.1097841],[17.0790192,51.1097928],[17.0790159,51.1098015],[17.0790127,51.1098102],[17.0790095,51.1098189],[17.0790063,51.1098276],[17.079003,51.1098363],[17.0789998,51.109845],[17.0789966,51.1098537],[17.0789934,51.1098624],[17.0789901,51.1098711],[17.0789869,51.1098798],[17.0789837,51.1098885],[17.0789805,51.1098972],[17.0789772,51.1099059],[17.078974,51.1099146],[17.0789709,51.1099232],[17.0789679,51.1099318],[17.0789648,51.1099403],[17.0789617,51.1099489],[17.0789587,51.1099575],[17.0789556,51.1099661],[17.0789525,51.1099747],[17.0789494,51.1099832],[17.0789464,51.1099918],[17.0789433,51.1100004],[17.0789402,51.110009],[17.0789372,51.1100176],[17.0789341,51.1100262],[17.0789315,51.1100592]]}},{"type":"Feature","properties":{"layer":"roads"},"geometry":{"type":"LineString","coordinates":[[17.0789315,51.1100592],[17.0789763,51.1100635],[17.0789891,51.1100664],[17.0790019,51.1100696],[17.0790148,51.1100728],[17.0790276,51.110076],[17.0790782,51.1100885]]}},{"type":"Feature","properties":{"layer":"roads"},"geometry":{"type":"LineString","coordinates":[[17.0813517,51.1094524],[17.0813911,51.1094663],[17.0814325,51.1094742]]}},{"type":"Feature","properties":{"layer":"roads"},"geometry":{"type":"LineString","coordinates":[[17.0813517,51.1094524],[17.0813083,51.1094384],[17.0812956,51.1094344],[17.0812829,51.1094303],[17.0812703,51.1094262],[17.0812576,51.1094221],[17.0812449,51.109418],[17.0812322,51.1094139],[17.0812196,51.1094098],[17.0812069,51.1094057],[17.0811942,51.1094017],[17.0811507,51.1093981]]}},{"type":"Feature","properties":{"layer":"roads"},"geometry":{"type":"LineString","coordinates":[[17.0796292,51.1152384],[17.0796663,51.11522],[17.0796715,51.1152124],[17.0796767,51.1152047],[17.079682,51.115197],[17.0796872,51.1151893],[17.079692,51.1151809],[17.0796969,51.1151725],[17.0797017,51.1151641],[17.0797066,51.1151556],[17.0797114,51.1151472],[17.0797163,51.1151388],[17.0797211,51.1151304],[17.079726,51.115122],[17.0797308,51.1151136],[17.0797357,51.1151052],[17.0797406,51.1150967],[17.0797454,51.1150883],[17.0797503,51.1150799],[17.0797551,51.1150715],[17.0797599,51.1150631],[17.0797648,51.1150547],[17.0797696,51.1150463],[17.0797745,51.1150379],[17.0797793,51.1150294],[17.0797842,51.115021],[17.079789,51.1150126],[17.0797939,51.1150042],[17.0797985,51.1149962],[17.0798032,51.1149882],[17.0798078,51.1149802],[17.0798125,51.1149722],[17.0798172,51.1149642],[17.0798218,51.1149562],[17.0798264,51.1149482],[17.0798311,51.1149402],[17.0798358,51.1149322],[17.0798444,51.1149006]]}},{"type":"Feature","properties":{"layer":"roads"},"geometry":{"type":"LineString","coordinates":[[17.0796292,51.1152384],[17.0795914,51.1152214],[17.0795806,51.1152155],[17.0795698,51.1152096],[17.079559,51.1152037],[17.0795483,51.1151979],[17.0795375,51.115192],[17.0795267,51.1151861],[17.0794797,51.1151773]]}},{"type":"Feature","properties":{"layer":"roads"},"geometry":{"type":"LineString","coordinates":[[17.0796292,51.1152384],[17.0796858,51.1152723],[17.0797147,51.1153005]]}},{"type":"Feature","properties":{"layer":"roads"},"geometry":{"type":"LineString","coordinates":[[17.0798444,51.1149006],[17.079869,51.114875],[17.0798739,51.1148666],[17.0798787,51.1148583],[17.0798835,51.11485],[17.0798884,51.1148417],[17.0798932,51.1148334],[17.079898,51.1148251],[17.0799028,51.1148168],[17.0799077,51.1148085],[17.0799125,51.1148002],[17.0799173,51.1147919],[17.0799222,51.1147835],[17.0799475,51.1147568]]}},{"type":"Feature","properties":{"layer":"roads"},"geometry":{"type":"LineString","coordinates":[[17.0798444,51.1149006],[17.0797984,51.1148957],[17.0797856,51.1148925],[17.0797728,51.1148894],[17.07976,51.1148863],[17.0797472,51.1148831],[17.0797344,51.11488],[17.0797216,51.1148769],[17.0797087,51.1148737],[17.0796959,51.1148706],[17.0796831,51.1148674],[17.0796703,51.1148643],[17.0796575,51.1148612],[17.0796447,51.114858],[17.0795934,51.1148455]]}},{"type":"Feature","properties":{"layer":"roads"},"geometry":{"type":"LineString","coordinates":[[17.0884551,51.1092389],[17.0884941,51.1092544],[17.0885019,51.1092618],[17.0885097,51.1092691],[17.0885175,51.1092765],[17.0885253,51.1092838],[17.0885331,51.1092912],[17.0885409,51.1092986],[17.0885487,51.1093059],[17.0885565,51.1093133],[17.0885643,51.1093207],[17.0885721,51.109328],[17.0885799,51.1093354],[17.0885898,51.1093419],[17.0885997,51.1093484],[17.0886095,51.1093549],[17.0886194,51.1093614],[17.0886293,51.1093679],[17.0886392,51.1093744],[17.0886491,51.1093809],[17.0886589,51.1093875],[17.0886688,51.109394],[17.0886787,51.1094005],[17.0886886,51.109407],[17.0886985,51.1094135],[17.0887083,51.10942],[17.0887182,51.1094265],[17.0887281,51.109433],[17.0887319,51.1094415],[17.0887357,51.1094499],[17.0887395,51.1094584],[17.0887433,51.1094668],[17.0887471,51.1094753],[17.0887623,51.1095091]]}},{"type":"Feature","properties":{"layer":"roads"},"geometry":{"type":"LineString","coordinates":[[17.0884551,51.1092389],[17.0884356,51.1092631],[17.0884336,51.1092719],[17.0884317,51.1092807],[17.0884297,51.1092895],[17.0884278,51.1092984],[17.0884258,51.1093072],[17.0884239,51.109316],[17.0884219,51.1093248],[17.08842,51.1093336],[17.088418,51.1093424],[17.0884161,51.1093513],[17.0884141,51.1093601],[17.0884122,51.1093689],[17.0884102,51.1093777],[17.0884074,51.1093862],[17.0884047,51.1093947],[17.0884019,51.1094032],[17.0883991,51.1094117],[17.0883964,51.1094202],[17.0883936,51.1094287],[17.0883908,51.1094372],[17.0883881,51.1094457],[17.0883853,51.1094542],[17.0883825,51.1094628],[17.0883798,51.1094713],[17.088377,51.1094798],[17.0883743,51.1094883],[17.0883715,51.1094968],[17.0883687,51.1095053],[17.088366,51.1095138],[17.0883549,51.1095478]]}},{"type":"Feature","properties":{"layer":"roads"},"geometry":{"type":"LineString","coordinates":[[17.0790114,51.1095187],[17.0789624,51.1095114],[17.0789484,51.1095099],[17.0789344,51.1095083],[17.0789204,51.1095068],[17.0789064,51.1095052],[17.0788925,51.1095037],[17.0788785,51.1095022],[17.0788645,51.1095006],[17.0788505,51.1094991],[17.0788365,51.1094975],[17.0788234,51.1094948],[17.0788102,51.1094921],[17.0787971,51.1094894],[17.0787839,51.1094866],[17.0787708,51.1094839],[17.0787576,51.1094812],[17.0787445,51.1094785],[17.0787313,51.1094758],[17.0787182,51.109473],[17.078705,51.1094703],[17.0786919,51.1094676],[17.0786787,51.1094649],[17.0786662,51.1094614],[17.0786538,51.1094579],[17.0786413,51.1094544],[17.0786289,51.1094509],[17.0786164,51.1094474],[17.078604,51.1094439],[17.0785915,51.1094404],[17.0785791,51.1094369],[17.0785666,51.1094334],[17.0785542,51.1094299],[17.0785417,51.1094264],[17.0785293,51.1094229],[17.0785168,51.1094194],[17.0785044,51.1094159],[17.0784919,51.1094124],[17.0784386,51.1094038]]}},{"type":"Feature","properties":{"layer":"roads"},"geometry":{"type":"LineString","coordinates":[[17.0784386,51.1094038],[17.0784301,51.1094378],[17.0784298,51.1094424],[17.0784295,51.1094511],[17.0784292,51.1094598],[17.0784289,51.1094685],[17.0784286,51.1094773],[17.0784192,51.1095037]]}},{"type":"Feature","properties":{"layer":"roads"},"geometry":{"type":"LineString","coordinates":[[17.078239,51.1133197],[17.0782174,51.1132924],[17.0782136,51.1132838],[17.0782098,51.1132751],[17.078206,51.1132665],[17.0782022,51.1132579],[17.0781984,51.1132493],[17.0781946,51.1132406],[17.0781908,51.113232],[17.078187,51.1132234],[17.0781832,51.1132148],[17.0781794,51.1132061],[17.0781756,51.1131975],[17.0781718,51.1131889],[17.078168,51.1131803],[17.0781643,51.1131716],[17.0781605,51.113163],[17.0781567,51.1131544],[17.0781529,51.1131458],[17.0781491,51.1131371],[17.0781453,51.1131285],[17.0781415,51.1131199],[17.0781377,51.1131113],[17.0781339,51.1131026],[17.0781301,51.113094],[17.0781263,51.1130854],[17.0781225,51.1130768],[17.0781187,51.1130681],[17.0781149,51.1130595],[17.0781035,51.1130336],[17.0781009,51.1129957]]}},{"type":"Feature","properties":{"layer":"roads"},"geometry":{"type":"LineString","coordinates":[[17.0784192,51.1095037],[17.0784639,51.1095247],[17.0784761,51.1095289],[17.0784882,51.109533],[17.0785004,51.1095372],[17.0785126,51.1095414],[17.0785248,51.1095456],[17.0785369,51.1095498],[17.0785491,51.109554],[17.0785613,51.1095582],[17.0785734,51.1095624],[17.0785856,51.1095666],[17.0785978,51.1095708],[17.0786099,51.1095749],[17.0786221,51.1095791],[17.0786343,51.1095833],[17.0786464,51.1095875],[17.0786586,51.1095917],[17.0786708,51.1095959],[17.0786829,51.1096001],[17.0786951,51.1096043],[17.0787073,51.1096085],[17.0787195,51.1096127],[17.0787316,51.1096168],[17.0787438,51.109621],[17.078756,51.1096252],[17.0787681,51.1096294],[17.0787803,51.1096336],[17.0787927,51.1096378],[17.0788052,51.109642],[17.0788176,51.1096462],[17.07883,51.1096503],[17.0788425,51.1096545],[17.0788549,51.1096587],[17.0788673,51.1096629],[17.0788798,51.1096671],[17.0788922,51.1096712],[17.0789396,51.1096663]]}},{"type":"Feature","properties":{"layer":"roads"},"geometry":{"type":"LineString","coordinates":[[17.0776613,51.1122176],[17.0777096,51.1122191],[17.0777216,51.1122194],[17.0777337,51.1122198],[17.0777474,51.1122223],[17.0777612,51.1122249],[17.0777749,51.1122274],[17.0777886,51.11223],[17.0778023,51.1122325],[17.0778161,51.1122351],[17.0778298,51.1122376],[17.0778435,51.1122402],[17.0778573,51.1122427],[17.077871,51.1122453],[17.0778847,51.1122478],[17.0778985,51.1122504],[17.0779122,51.1122529],[17.0779259,51.1122555],[17.0779396,51.112258],[17.0779534,51.1122605],[17.0779671,51.1122631],[17.0779808,51.1122656],[17.0779946,51.1122682],[17.0780083,51.1122707],[17.078022,51.1122733],[17.0780358,51.1122758],[17.0780495,51.1122784],[17.0780632,51.1122809],[17.0780769,51.1122835],[17.0780907,51.112286],[17.0781044,51.1122886],[17.0781181,51.1122911],[17.0781319,51.1122937],[17.0781456,51.1122962],[17.0781593,51.1122974],[17.0782146,51.1123024]]}},{"type":"Feature","properties":{"layer":"roads"},"geometry":{"type":"LineString","coordinates":[[17.0782146,51.1123024],[17.0782069,51.1123359],[17.0782051,51.1123444],[17.0782032,51.1123529],[17.0782014,51.1123614],[17.0781996,51.1123699],[17.0781977,51.1123784],[17.0781959,51.1123868],[17.078194,51.1123953],[17.0781922,51.1124038],[17.0781904,51.1124123],[17.0781885,51.1124208],[17.0781867,51.1124293],[17.0781848,51.1124377],[17.078183,51.1124462],[17.0781811,51.1124547],[17.0781793,51.1124632],[17.0781809,51.1124709],[17.0781824,51.1124785],[17.078184,51.1124862],[17.0781886,51.1125092],[17.0781935,51.1125445]]}},{"type":"Feature","properties":{"layer":"roads"},"geometry":{"type":"LineString","coordinates":[[17.0902533,51.1138552],[17.0902763,51.1138792],[17.0902759,51.1138873],[17.0902756,51.1138953],[17.0902753,51.1139034],[17.0902741,51.1139121],[17.0902729,51.1139208],[17.0902718,51.1139295],[17.0902706,51.1139383],[17.0902694,51.113947],[17.0902682,51.1139557],[17.090267,51.1139644],[17.0902659,51.1139731],[17.0902647,51.1139818],[17.0902635,51.1139906],[17.0902623,51.1139993],[17.0902612,51.114008],[17.09026,51.1140167],[17.0902588,51.1140254],[17.0902576,51.1140341],[17.0902564,51.1140428],[17.0902553,51.1140516],[17.0902541,51.1140603],[17.0902529,51.114069],[17.0902517,51.1140777],[17.0902505,51.1140864],[17.0902494,51.1140951],[17.0902482,51.1141038],[17.090247,51.1141126],[17.0902458,51.1141213],[17.0902447,51.11413],[17.0902435,51.1141387],[17.0902423,51.1141474],[17.0902411,51.1141561],[17.0902364,51.114191]]}},{"type":"Feature","properties":{"layer":"roads"},"geometry":{"type":"LineString","coordinates":[[17.0757819,51.1150007],[17.075755,51.1149796],[17.075743,51.1149751],[17.0757311,51.1149705],[17.0757191,51.114966],[17.0757071,51.1149614],[17.0756951,51.1149569],[17.0756832,51.1149523],[17.0756712,51.1149478],[17.0756592,51.1149432],[17.0756473,51.1149387],[17.0755994,51.1149205]]}},{"type":"Feature","properties":{"layer":"roads"},"geometry":{"type":"LineString","coordinates":[[17.0757819,51.1150007],[17.075743,51.1150185],[17.075729,51.1150204],[17.075715,51.1150224],[17.0757011,51.1150243],[17.0756871,51.1150262],[17.0756731,51.1150282],[17.0756592,51.1150301],[17.0756452,51.115032],[17.0756312,51.115034],[17.0756173,51.1150359],[17.0756033,51.1150378],[17.0755893,51.1150398],[17.0755754,51.1150417],[17.0755614,51.1150436],[17.0755474,51.1150456],[17.0755334,51.1150475],[17.0755195,51.1150494],[17.0755055,51.1150514],[17.0754915,51.1150533],[17.0754776,51.1150552],[17.0754636,51.1150572],[17.0754496,51.1150591],[17.0754357,51.115061],[17.0754217,51.115063],[17.0754077,51.1150649],[17.0753938,51.1150668],[17.0753798,51.1150688],[17.0753658,51.1150707],[17.0753518,51.1150726],[17.0753379,51.1150746],[17.0753239,51.1150765],[17.0753099,51.1150784],[17.075296,51.1150804],[17.0752725,51.1151098]]}},{"type":"Feature","properties":{"layer":"roads"},"geometry":{"type":"LineString","coordinates":[[17.0752725,51.1151098],[17.0752296,51.1150904],[17.0752165,51.1150924],[17.075146,51.1150891]]}},{"type":"Feature","properties":{"layer":"roads"},"geometry":{"type":"LineString","coordinates":[[17.0788137,51.1145239],[17.0788563,51.1145156],[17.0788698,51.1145171],[17.0788829,51.1145208],[17.0788959,51.1145245],[17.078909,51.1145282],[17.078922,51.1145319],[17.0789351,51.1145355],[17.0789482,51.1145392],[17.0789612,51.1145429],[17.0789743,51.1145466],[17.0789873,51.1145503],[17.0790004,51.114554],[17.0790134,51.1145577],[17.0790265,51.1145614],[17.0790396,51.114565],[17.0790526,51.1145687],[17.0790657,51.1145724],[17.0790787,51.1145761],[17.0790918,51.1145798],[17.0791049,51.1145835],[17.0791179,51.1145872],[17.079131,51.1145909],[17.079144,51.1145946],[17.0791571,51.1145982],[17.0791702,51.1146019],[17.0791832,51.1146056],[17.0791963,51.1146093],[17.0792093,51.114613],[17.0792407,51.1146352]]}},{"type":"Feature","properties":{"layer":"roads"},"geometry":{"type":"LineString","coordinates":[[17.0792407,51.1146352],[17.0793005,51.114641],[17.0793273,51.1146442],[17.0793677,51.1146493],[17.0793812,51.114651],[17.0793947,51.1146527],[17.0794082,51.1146544],[17.0794217,51.1146561],[17.0794352,51.1146578],[17.0794486,51.1146595],[17.0794621,51.1146611],[17.0794756,51.1146628],[17.0794891,51.1146645],[17.0795026,51.1146662],[17.0795161,51.1146679],[17.0795296,51.1146696],[17.0795716,51.1146808]]}},{"type":"Feature","properties":{"layer":"roads"},"geometry":{"type":"LineString","coordinates":[[17.0801592,51.1097171],[17.0801964,51.1096861],[17.0802057,51.1096798],[17.0802149,51.1096734],[17.0802242,51.1096671],[17.0802335,51.1096607],[17.0802428,51.1096544],[17.080252,51.109648],[17.0802613,51.1096417],[17.0802706,51.1096354],[17.0802798,51.109629],[17.0802891,51.1096227],[17.0802984,51.1096163],[17.0803077,51.10961],[17.0803169,51.1096036],[17.0803262,51.1095973],[17.0803355,51.1095909],[17.0803448,51.1095846],[17.080354,51.1095782],[17.0803633,51.1095719],[17.0803702,51.1095647],[17.080377,51.1095576],[17.0803839,51.1095504],[17.0803907,51.1095433],[17.0803976,51.1095361],[17.080404,51.1095287],[17.0804104,51.1095213],[17.0804168,51.1095139],[17.0804232,51.1095064],[17.0804295,51.109499],[17.0804741,51.1094839]]}},{"type":"Feature","properties":{"layer":"roads"},"geometry":{"type":"LineString","coordinates":[[17.0801592,51.1097171],[17.080138,51.1096824],[17.0801325,51.1096744],[17.0801269,51.1096664],[17.0801213,51.1096584],[17.0801158,51.1096505],[17.0801103,51.1096425],[17.0801047,51.1096345],[17.0800997,51.1096263],[17.0800947,51.109618],[17.0800897,51.1096098],[17.0800847,51.1096015],[17.0800797,51.1095933],[17.0800747,51.1095851],[17.0800698,51.1095768],[17.0800648,51.1095686],[17.0800598,51.1095604],[17.080036,51.1095222]]}},{"type":"Feature","properties":{"layer":"roads"},"geometry":{"type":"LineString","coordinates":[[17.0801592,51.1097171],[17.0801233,51.109739],[17.0801143,51.1097459],[17.0801053,51.1097528],[17.0800964,51.1097597],[17.0800874,51.1097666],[17.0800784,51.1097735],[17.0800694,51.1097803],[17.0800604,51.1097872],[17.0800514,51.1097941],[17.0800417,51.109798],[17.080032,51.109802],[17.0800222,51.1098059],[17.0800125,51.1098099],[17.0800028,51.1098138],[17.0799892,51.1098167],[17.0799757,51.1098196],[17.0799621,51.1098224],[17.0799486,51.1098253],[17.079935,51.1098282],[17.0799237,51.1098308],[17.0799123,51.1098334],[17.079901,51.109836],[17.0798897,51.1098385],[17.0798783,51.1098411],[17.079867,51.1098437],[17.0798551,51.1098476],[17.0798433,51.1098515],[17.0798314,51.1098554],[17.0798195,51.1098594],[17.0798077,51.1098633],[17.0797958,51.1098672],[17.079784,51.1098711],[17.0797721,51.109875],[17.0797616,51.1098802],[17.0797512,51.1098854],[17.0797407,51.1098907],[17.0797303,51.1098959],[17.0796897,51.1099173]]}},{"type":"Feature","properties":{"layer":"roads"},"geometry":{"type":"LineString","coordinates":[[17.0801592,51.1097171],[17.0801766,51.1097449],[17.0801809,51.1097532],[17.0801786,51.1097839]]}},{"type":"Feature","properties":{"layer":"roads"},"geometry":{"type":"LineString","coordinates":[[17.0796897,51.1099173],[17.0797483,51.1099309],[17.0797554,51.1099384],[17.0797853,51.1099614]]}},{"type":"Feature","properties":{"layer":"roads"},"geometry":{"type":"LineString","coordinates":[[17.075146,51.1150891],[17.0751097,51.1151084],[17.0750961,51.1151104],[17.0750825,51.1151124],[17.0750688,51.1151144],[17.0750552,51.1151163],[17.0750416,51.1151183],[17.075028,51.1151203],[17.0750144,51.1151223],[17.0750008,51.1151243],[17.0749872,51.1151262],[17.0749736,51.1151282],[17.07496,51.1151302],[17.0749464,51.1151322],[17.0749328,51.1151342],[17.0749192,51.1151361],[17.0749056,51.1151381],[17.0748919,51.1151401],[17.0748783,51.1151421],[17.0748647,51.115144],[17.0748511,51.115146],[17.0748375,51.115148],[17.0748239,51.11515],[17.0748103,51.115152],[17.0747967,51.1151539],[17.0747831,51.1151559],[17.0747695,51.1151579],[17.0747559,51.1151599],[17.0747423,51.1151619],[17.0747287,51.1151638],[17.074715,51.1151658],[17.0747014,51.1151678],[17.0746878,51.1151698],[17.0747115,51.1151981]]}},{"type":"Feature","properties":{"layer":"roads"},"geometry":{"type":"LineString","coordinates":[[17.075146,51.1150891],[17.0751235,51.1150642],[17.0751154,51.115057],[17.0751073,51.1150497],[17.0750992,51.1150425],[17.0750911,51.1150352],[17.0750829,51.115028],[17.0750748,51.1150207],[17.0750667,51.1150135],[17.0750586,51.1150062],[17.0750516,51.114999],[17.0750447,51.1149917],[17.0750377,51.1149845],[17.0750308,51.1149773],[17.0750238,51.11497],[17.0750169,51.1149628],[17.0750099,51.1149555],[17.075003,51.1149483],[17.074996,51.1149411],[17.0749891,51.1149338],[17.0749696,51.1149027]]}},{"type":"Feature","properties":{"layer":"roads"},"geometry":{"type":"LineString","coordinates":[[17.0747115,51.1151981],[17.0746631,51.115183],[17.0746464,51.1151787],[17.0746206,51.1151743],[17.0745821,51.115164],[17.0745693,51.1151605],[17.0745565,51.1151571],[17.0745437,51.1151536],[17.0745309,51.1151502],[17.0745181,51.1151468],[17.0745052,51.1151433],[17.0744924,51.1151399],[17.0744796,51.1151365],[17.0744668,51.115133],[17.074454,51.1151296],[17.0744412,51.1151261],[17.0744283,51.1151227],[17.0744155,51.1151193],[17.0744027,51.1151158],[17.0743753,51.1151073],[17.0743411,51.1150954],[17.0743289,51.1150911],[17.0743167,51.1150869],[17.074304,51.1150889],[17.0742913,51.1150908],[17.0742786,51.1150928],[17.0742659,51.1150947],[17.0742532,51.1150967],[17.0742405,51.1150986],[17.0742279,51.1151006],[17.074181,51.115111]]}},{"type":"Feature","properties":{"layer":"roads"},"geometry":{"type":"LineString","coordinates":[[17.0783441,51.1080714],[17.0782962,51.1080184]]}},{"type":"Feature","properties":{"layer":"roads"},"geometry":{"type":"LineString","coordinates":[[17.0783441,51.1080714],[17.0783685,51.1080983]]}},{"type":"Feature","properties":{"layer":"roads"},"geometry":{"type":"LineString","coordinates":[[17.0783441,51.1080714],[17.0782946,51.1080893],[17.0782821,51.1080936],[17.0782695,51.1080979],[17.078257,51.1081022],[17.0782445,51.1081065],[17.0782319,51.1081108],[17.0782194,51.1081151],[17.0782068,51.1081194],[17.0781943,51.1081237],[17.0781817,51.108128],[17.0781692,51.1081323],[17.0781566,51.1081366],[17.0781441,51.1081409],[17.0781316,51.1081452],[17.078119,51.1081495],[17.0781065,51.1081538],[17.0780939,51.1081581],[17.0780814,51.1081624],[17.0780688,51.1081667],[17.0780563,51.108171],[17.0780438,51.1081753],[17.0780312,51.1081796],[17.0780187,51.1081839],[17.0780061,51.1081882],[17.0779936,51.1081925],[17.077981,51.1081968],[17.0779685,51.1082011],[17.0779559,51.1082054],[17.0779434,51.1082097],[17.0779309,51.108214],[17.0779183,51.1082183],[17.0779058,51.1082226],[17.0778654,51.1082377]]}},{"type":"Feature","properties":{"layer":"roads"},"geometry":{"type":"LineString","coordinates":[[17.0781009,51.1129957],[17.078066,51.1129483]]}},{"type":"Feature","properties":{"layer":"roads"},"geometry":{"type":"LineString","coordinates":[[17.0866643,51.1132982],[17.086693,51.1132681],[17.0866988,51.1132603],[17.0867045,51.1132524],[17.0867102,51.1132445],[17.086716,51.1132366],[17.0867218,51.1132287],[17.0867275,51.1132208],[17.0867333,51.1132129],[17.086739,51.1132051],[17.0867618,51.1131735]]}},{"type":"Feature","properties":{"layer":"roads"},"geometry":{"type":"LineString","coordinates":[[17.0866643,51.1132982],[17.0866204,51.1132861],[17.086608,51.1132827],[17.0865955,51.1132792],[17.0865831,51.1132758],[17.0865385,51.1132697]]}},{"type":"Feature","properties":{"layer":"roads"},"geometry":{"type":"LineString","coordinates":[[17.0794531,51.1131181],[17.0794721,51.1131453],[17.0794754,51.1131538],[17.0794788,51.1131622],[17.0794822,51.1131706],[17.0794855,51.1131791],[17.0794889,51.1131875],[17.0794923,51.1131959],[17.0794956,51.1132044],[17.079499,51.1132128],[17.0795024,51.1132212],[17.0795057,51.1132297],[17.0795091,51.1132381],[17.0795125,51.1132465],[17.0795159,51.1132549],[17.0795192,51.1132634],[17.0795226,51.1132718],[17.079526,51.1132802],[17.0795293,51.1132887],[17.0795327,51.1132971],[17.0795431,51.1133236]]}},{"type":"Feature","properties":{"layer":"roads"},"geometry":{"type":"LineString","coordinates":[[17.0781935,51.1125445],[17.0781572,51.1125659],[17.0781517,51.1125741],[17.0781462,51.1125823],[17.0781407,51.1125905],[17.0781352,51.1125986],[17.0781297,51.1126068],[17.0781242,51.112615],[17.0781187,51.1126231],[17.0781132,51.1126313],[17.0781078,51.1126395],[17.0781023,51.1126477],[17.0780968,51.1126558],[17.0780913,51.112664],[17.0780858,51.1126722],[17.0780803,51.1126803],[17.0780748,51.1126885],[17.0780693,51.1126967],[17.0780638,51.1127049],[17.0780583,51.112713],[17.0780528,51.1127212],[17.0780473,51.1127294],[17.0780418,51.1127376],[17.0780363,51.1127457],[17.0780308,51.1127539],[17.0780173,51.1127567],[17.0780038,51.1127594],[17.0779498,51.1127705]]}},{"type":"Feature","properties":{"layer":"roads"},"geometry":{"type":"LineString","coordinates":[[17.0804741,51.1094839],[17.0804603,51.1094484],[17.080458,51.1094401],[17.0804521,51.1094339],[17.0804462,51.1094278],[17.0804403,51.1094217],[17.0804344,51.1094155],[17.0804017,51.1093911]]}},{"type":"Feature","properties":{"layer":"roads"},"geometry":{"type":"LineString","coordinates":[[17.0804741,51.1094839],[17.080405,51.1094546],[17.0803941,51.109449],[17.0803832,51.1094435],[17.0803723,51.1094379],[17.0803614,51.1094323],[17.0803304,51.1094096]]}},{"type":"Feature","properties":{"layer":"roads"},"geometry":{"type":"LineString","coordinates":[[17.0862448,51.1131886],[17.0862904,51.1131953],[17.0863032,51.1131988],[17.086316,51.1132023],[17.0863288,51.1132059],[17.0863416,51.1132094],[17.0863544,51.1132129],[17.0863672,51.1132164],[17.08638,51.1132199],[17.0863927,51.1132235],[17.0864055,51.113227],[17.0864183,51.1132305],[17.0864311,51.113234],[17.0864439,51.1132375],[17.0864567,51.1132411],[17.0864695,51.1132446],[17.0864823,51.1132481],[17.0864951,51.1132516],[17.0865385,51.1132697]]}},{"type":"Feature","properties":{"layer":"roads"},"geometry":{"type":"LineString","coordinates":[[17.0862448,51.1131886],[17.0862215,51.1132115],[17.0862009,51.113246]]}},{"type":"Feature","properties":{"layer":"roads"},"geometry":{"type":"LineString","coordinates":[[17.0750582,51.1153145],[17.0750962,51.1152872],[17.0751041,51.1152799],[17.0751121,51.1152726],[17.0751201,51.1152653],[17.0751281,51.115258],[17.0751361,51.1152507],[17.0751441,51.1152434],[17.0751521,51.115236],[17.0751601,51.1152287],[17.0751681,51.1152214],[17.075176,51.1152141],[17.075184,51.1152068],[17.075192,51.1151995],[17.0752,51.1151921],[17.075208,51.1151848],[17.075216,51.1151775],[17.075224,51.1151702],[17.075232,51.1151629],[17.07524,51.1151556],[17.0752479,51.1151483],[17.0752725,51.1151098]]}},{"type":"Feature","properties":{"layer":"roads"},"geometry":{"type":"LineString","coordinates":[[17.0750582,51.1153145],[17.0750293,51.1153439],[17.0750205,51.1153508],[17.0750118,51.1153576],[17.0750031,51.1153645],[17.0749944,51.1153713],[17.0749856,51.1153782],[17.0749769,51.115385],[17.0749682,51.1153919],[17.0749594,51.1153987],[17.0749507,51.1154056],[17.074942,51.1154124],[17.0749332,51.1154193],[17.0749245,51.1154261],[17.0749158,51.115433],[17.0749071,51.1154398],[17.0748983,51.1154467],[17.0748896,51.1154535],[17.0748809,51.1154604],[17.074859,51.1154778],[17.0748421,51.1154928],[17.0748348,51.1154998],[17.0748275,51.1155068],[17.0748202,51.1155138],[17.0748081,51.1155096],[17.0747961,51.1155055],[17.074784,51.1155014],[17.074772,51.1154972],[17.0747599,51.115493],[17.0747479,51.1154889],[17.0747358,51.1154848],[17.0747238,51.1154806],[17.0747117,51.1154765],[17.0746996,51.1154723],[17.0746876,51.1154681],[17.0746755,51.115464],[17.0746635,51.1154599],[17.0746514,51.1154557],[17.0746394,51.1154516],[17.0746273,51.1154474],[17.0745796,51.115431],[17.0745851,51.1154227],[17.074591,51.1154145],[17.074597,51.1154064],[17.0746029,51.1153983],[17.0746089,51.1153901],[17.0746148,51.115382],[17.0746208,51.1153739],[17.0746268,51.1153657],[17.0746327,51.1153576],[17.0746387,51.1153495],[17.0746446,51.1153413],[17.0746506,51.1153332],[17.0746569,51.1153252],[17.0746631,51.1153172],[17.0746694,51.1153093],[17.0746757,51.1153013],[17.0746819,51.1152933],[17.0746882,51.1152853],[17.0746945,51.1152773],[17.0747007,51.1152694],[17.074707,51.1152614],[17.0747133,51.1152534],[17.0747195,51.1152454],[17.0747258,51.1152374],[17.0747321,51.1152295],[17.0747383,51.1152215],[17.0747115,51.1151981]]}},{"type":"Feature","properties":{"layer":"roads"},"geometry":{"type":"LineString","coordinates":[[17.0750582,51.1153145],[17.075015,51.1153007],[17.0750027,51.1152967],[17.0749904,51.1152927],[17.0749782,51.1152888],[17.0749659,51.1152848],[17.0749536,51.1152808],[17.0749413,51.1152769],[17.074929,51.1152729],[17.0749167,51.115269],[17.0749044,51.115265],[17.0748921,51.115261],[17.0748798,51.1152571],[17.0748675,51.1152531],[17.0748552,51.1152492],[17.0748429,51.1152452],[17.0748306,51.1152412],[17.0748184,51.1152373],[17.0748061,51.1152333],[17.0747938,51.1152293],[17.0747115,51.1151981]]}},{"type":"Feature","properties":{"layer":"roads"},"geometry":{"type":"LineString","coordinates":[[17.0750582,51.1153145],[17.0751012,51.1153284],[17.0751136,51.1153324],[17.0751259,51.1153364],[17.0751383,51.1153404],[17.0751506,51.1153443],[17.075163,51.1153483],[17.0751753,51.1153523],[17.0751877,51.1153563],[17.0752,51.1153602],[17.0752123,51.1153642],[17.0752247,51.1153682],[17.075237,51.1153722],[17.0752494,51.1153762],[17.0752617,51.1153801],[17.0752741,51.1153841],[17.0752864,51.1153881],[17.0752988,51.1153921],[17.0753111,51.115396],[17.0753235,51.1154],[17.0753358,51.115404],[17.0753482,51.1154074],[17.0753605,51.1154108],[17.0753729,51.1154142],[17.0753853,51.1154176],[17.0753977,51.115421],[17.0754101,51.1154243],[17.0754224,51.1154277],[17.0754348,51.1154311],[17.0754472,51.1154345],[17.0755004,51.1154441]]}},{"type":"Feature","properties":{"layer":"roads"},"geometry":{"type":"LineString","coordinates":[[17.0755004,51.1154441],[17.0755418,51.1154229],[17.0755533,51.1154185],[17.0755648,51.1154142],[17.0755762,51.1154098],[17.0755877,51.1154055],[17.0755992,51.1154011],[17.0756107,51.1153967],[17.0756564,51.1153779]]}},{"type":"Feature","properties":{"layer":"roads"},"geometry":{"type":"LineString","coordinates":[[17.0752725,51.1151098],[17.0753,51.1151314],[17.0753101,51.1151376],[17.0753202,51.1151438],[17.0753303,51.11515],[17.0753403,51.1151562],[17.0753504,51.1151624],[17.0753605,51.1151686],[17.0753705,51.1151747],[17.0753806,51.1151809],[17.0753907,51.1151871],[17.0754007,51.1151933],[17.0754108,51.1151995],[17.0754209,51.1152057],[17.075431,51.1152119],[17.075441,51.1152181],[17.0754511,51.1152243],[17.0754618,51.11523],[17.0754726,51.1152358],[17.0754833,51.1152415],[17.075494,51.1152473],[17.0755047,51.115253],[17.0755154,51.1152587],[17.0755262,51.1152645],[17.0755369,51.1152702],[17.0755476,51.1152759],[17.0755584,51.1152817],[17.0755691,51.1152874],[17.0755798,51.1152931],[17.0756226,51.1153033]]}},{"type":"Feature","properties":{"layer":"roads"},"geometry":{"type":"LineString","coordinates":[[17.0756226,51.1153033],[17.0756268,51.1153424],[17.0756564,51.1153779]]}},{"type":"Feature","properties":{"layer":"roads"},"geometry":{"type":"LineString","coordinates":[[17.0756226,51.1153033],[17.0756503,51.1152813],[17.0756593,51.1152749],[17.0756715,51.1152719],[17.0756837,51.1152689],[17.0756959,51.1152659],[17.0757081,51.1152629],[17.0757203,51.1152599],[17.075734,51.1152578],[17.0757478,51.1152557],[17.0757615,51.1152536],[17.0757753,51.1152514],[17.075789,51.1152493],[17.0758028,51.1152472],[17.0758165,51.1152451],[17.0758303,51.1152447],[17.0758442,51.1152442],[17.075858,51.1152438],[17.0758719,51.1152433],[17.0758857,51.1152429],[17.075896,51.1152447],[17.0759063,51.1152465],[17.0759512,51.1152625]]}},{"type":"Feature","properties":{"layer":"roads"},"geometry":{"type":"LineString","coordinates":[[17.0803304,51.1094096],[17.08035,51.1093851]]}},{"type":"Feature","properties":{"layer":"roads"},"geometry":{"type":"LineString","coordinates":[[17.0803304,51.1094096],[17.0802903,51.1093964],[17.080279,51.1093911],[17.0802677,51.1093857],[17.0802564,51.1093804],[17.080245,51.1093751],[17.0802337,51.1093698],[17.0802224,51.1093644],[17.0802111,51.1093591],[17.0802027,51.1093651],[17.0801944,51.1093711],[17.0801861,51.1093771],[17.0801777,51.1093831],[17.0801695,51.1093873],[17.0801612,51.1093915],[17.080153,51.1093957],[17.0801451,51.1094024],[17.0801371,51.1094092],[17.0801292,51.1094159],[17.0801213,51.1094226],[17.0801147,51.1094302],[17.080108,51.1094379],[17.0801014,51.1094455],[17.0800948,51.1094531],[17.0800925,51.1094613],[17.0800902,51.1094695],[17.0800878,51.1094777],[17.0800855,51.1094859],[17.0800832,51.1094941],[17.0800797,51.1095003],[17.0800762,51.1095066],[17.080036,51.1095222]]}},{"type":"Feature","properties":{"layer":"roads"},"geometry":{"type":"LineString","coordinates":[[17.080036,51.1095222],[17.0799906,51.1095394],[17.0799782,51.1095423],[17.0799659,51.1095453],[17.0799536,51.1095483],[17.0799413,51.1095513],[17.079929,51.1095543],[17.0799163,51.1095575],[17.0799035,51.1095607],[17.0798908,51.1095639],[17.0798781,51.1095672],[17.0798653,51.1095704],[17.0798526,51.1095736],[17.0798422,51.1095776],[17.0798317,51.1095816],[17.0798213,51.1095855],[17.0798109,51.1095895],[17.0798059,51.1095975],[17.0798008,51.1096056],[17.0797958,51.1096136],[17.0797907,51.1096217],[17.0797857,51.1096297],[17.0797799,51.1096364],[17.0797741,51.1096431],[17.0797684,51.1096498],[17.0797626,51.1096565],[17.0797568,51.1096632],[17.0797017,51.1096856]]}},{"type":"Feature","properties":{"layer":"roads"},"geometry":{"type":"LineString","coordinates":[[17.0868216,51.1066959],[17.0867864,51.106679],[17.0867804,51.1066716],[17.0867745,51.1066642],[17.0867705,51.1066557],[17.0867666,51.1066473],[17.0867626,51.1066388],[17.0867586,51.1066304],[17.0867546,51.1066219],[17.0867507,51.1066134],[17.0867467,51.106605],[17.0867427,51.1065965],[17.0867388,51.1065881],[17.0867348,51.1065796],[17.0867308,51.1065711],[17.0867268,51.1065627],[17.0867229,51.1065542],[17.0867189,51.1065458],[17.0867149,51.1065373],[17.0867109,51.1065288],[17.086707,51.1065204],[17.086703,51.1065119],[17.086699,51.1065035],[17.0866951,51.106495],[17.0867031,51.1064647]]}},{"type":"Feature","properties":{"layer":"roads"},"geometry":{"type":"LineString","coordinates":[[17.0868216,51.1066959],[17.0868221,51.1067322],[17.0868222,51.1067584],[17.0868222,51.1067672],[17.0868222,51.1067759],[17.0868222,51.1067847],[17.0868222,51.1067935],[17.0868222,51.1068022],[17.0868222,51.106811],[17.0868223,51.1068197],[17.0868223,51.1068285],[17.0868223,51.1068372],[17.0868223,51.106846],[17.0868223,51.1068548],[17.0868223,51.1068635],[17.0868223,51.1068723],[17.0868224,51.106881],[17.0868224,51.1068898],[17.0868224,51.1068985],[17.0868224,51.1069073],[17.0868224,51.1069161],[17.0868224,51.1069248],[17.0868224,51.1069336],[17.0868225,51.1069423],[17.0868313,51.1069714]]}},{"type":"Feature","properties":{"layer":"roads"},"geometry":{"type":"LineString","coordinates":[[17.0867031,51.1064647],[17.0866383,51.1064312]]}},{"type":"Feature","properties":{"layer":"roads"},"geometry":{"type":"LineString","coordinates":[[17.0790536,51.1175646],[17.079047,51.1175974],[17.0790476,51.1176062],[17.0790483,51.1176151],[17.079049,51.1176239],[17.0790496,51.1176327],[17.0790503,51.1176416],[17.079051,51.1176504],[17.0790516,51.1176592],[17.0790523,51.1176681],[17.079053,51.1176769],[17.0790536,51.1176857],[17.0790543,51.1176946],[17.0790549,51.1177034],[17.0790556,51.1177122],[17.0790563,51.1177211],[17.0790569,51.1177299],[17.0790576,51.1177387],[17.0790583,51.1177476],[17.0790589,51.1177564],[17.0790596,51.1177652],[17.0790602,51.1177741],[17.0790609,51.1177829],[17.0790616,51.1177918],[17.0790623,51.1178006],[17.079063,51.1178095],[17.0790637,51.1178184],[17.0790644,51.1178273],[17.0790582,51.1178617]]}},{"type":"Feature","properties":{"layer":"roads"},"geometry":{"type":"LineString","coordinates":[[17.0790536,51.1175646],[17.0790981,51.1175678],[17.0791114,51.117567],[17.0791246,51.1175662],[17.0791379,51.1175654],[17.0791506,51.1175614],[17.0791632,51.1175573],[17.0791759,51.1175533],[17.0791885,51.1175493],[17.0792012,51.1175453],[17.0792139,51.1175412],[17.0792265,51.1175372],[17.0792392,51.1175332],[17.0792494,51.1175283],[17.0792596,51.1175234],[17.0792698,51.1175186],[17.07931,51.1174959]]}},{"type":"Feature","properties":{"layer":"roads"},"geometry":{"type":"LineString","coordinates":[[17.0784265,51.1160871],[17.078405,51.1161149],[17.0783925,51.1161112],[17.0783799,51.1161076],[17.0783674,51.1161039],[17.0783549,51.1161002],[17.0783424,51.1160965],[17.0783298,51.1160929],[17.0783173,51.1160892],[17.0783048,51.1160855],[17.0782923,51.1160818],[17.0782797,51.1160782],[17.0782672,51.1160745],[17.0782547,51.1160708],[17.0782422,51.1160671],[17.0782297,51.1160634],[17.0782171,51.1160598],[17.0782046,51.1160561],[17.0781921,51.1160524],[17.0781796,51.1160487],[17.078167,51.1160451],[17.0781545,51.1160414],[17.078142,51.1160377],[17.0781295,51.116034],[17.0781169,51.1160304],[17.078088,51.1160033]]}},{"type":"Feature","properties":{"layer":"roads"},"geometry":{"type":"LineString","coordinates":[[17.0784265,51.1160871],[17.0784503,51.1161197],[17.078467,51.1161313],[17.0784733,51.1161393],[17.0784796,51.1161473],[17.0784859,51.1161552],[17.0784922,51.1161632],[17.0784985,51.1161712],[17.0785048,51.1161792],[17.0785112,51.1161872],[17.0785175,51.1161952],[17.0785238,51.1162032],[17.0785301,51.1162112],[17.0785364,51.1162191],[17.0785427,51.1162271],[17.078549,51.1162351],[17.0785553,51.1162431],[17.0785603,51.1162507],[17.0785652,51.1162584],[17.0785702,51.116266],[17.0785752,51.1162736],[17.0785801,51.1162813],[17.0785851,51.1162889],[17.0785901,51.1162965],[17.078595,51.1163042],[17.0786,51.1163118],[17.0786043,51.1163202],[17.0786086,51.1163285],[17.0786128,51.1163369],[17.0786171,51.1163453],[17.0786214,51.1163537],[17.0786256,51.116362],[17.0786299,51.1163704],[17.0786342,51.1163788],[17.0786385,51.1163872],[17.0786428,51.1163956],[17.078647,51.1164039],[17.0786513,51.1164123],[17.0786556,51.1164207],[17.0786599,51.1164291],[17.0786641,51.1164374],[17.0786684,51.1164458],[17.0786727,51.1164542],[17.0786769,51.1164626],[17.0786812,51.1164709],[17.0786855,51.1164793],[17.0786901,51.1164878],[17.0786947,51.1164963],[17.0786992,51.1165048],[17.0787038,51.1165133],[17.0787084,51.1165219],[17.078713,51.1165304],[17.0787175,51.1165389],[17.0787221,51.1165474],[17.0787459,51.1165812]]}},{"type":"Feature","properties":{"layer":"roads"},"geometry":{"type":"LineString","coordinates":[[17.078088,51.1160033],[17.0781272,51.1159908],[17.0781406,51.1159888],[17.0781541,51.1159868],[17.0781676,51.1159848],[17.078181,51.1159828],[17.0781945,51.1159808],[17.078208,51.1159788],[17.0782214,51.1159768],[17.0782349,51.1159748],[17.0782484,51.1159728],[17.0782618,51.1159708],[17.0782753,51.1159688],[17.0783431,51.1159712]]}},{"type":"Feature","properties":{"layer":"roads"},"geometry":{"type":"LineString","coordinates":[[17.0772043,51.1086773],[17.0771757,51.108654],[17.0771691,51.1086464],[17.0771626,51.1086387],[17.077156,51.108631],[17.0771495,51.1086234],[17.0771429,51.1086157],[17.0771363,51.108608],[17.0771298,51.1086003],[17.0771232,51.1085927],[17.0771167,51.108585],[17.0771003,51.1085545]]}},{"type":"Feature","properties":{"layer":"roads"},"geometry":{"type":"LineString","coordinates":[[17.086351,51.1170229],[17.0863546,51.116993],[17.0863564,51.1169844],[17.0863583,51.1169759],[17.0863525,51.1169688],[17.0863336,51.116941]]}},{"type":"Feature","properties":{"layer":"roads"},"geometry":{"type":"LineString","coordinates":[[17.086351,51.1170229],[17.0864059,51.1170279],[17.0864196,51.1170295],[17.0864333,51.117031],[17.086447,51.1170326],[17.0864606,51.1170341],[17.0864743,51.1170357],[17.086488,51.1170372],[17.0865017,51.1170388],[17.0865154,51.1170403],[17.0865291,51.1170419],[17.0865428,51.1170434],[17.0865565,51.117045],[17.0865702,51.1170465],[17.0865839,51.1170481],[17.0865976,51.1170497],[17.0866113,51.1170512],[17.086625,51.1170528],[17.0866387,51.1170543],[17.0866524,51.1170559],[17.0866661,51.1170574],[17.0866798,51.117059],[17.0866934,51.1170605],[17.0867071,51.1170621],[17.0867208,51.1170636],[17.0867345,51.1170652],[17.0867893,51.1170714]]}},{"type":"Feature","properties":{"layer":"roads"},"geometry":{"type":"LineString","coordinates":[[17.0816262,51.1169597],[17.0816616,51.1169787],[17.0816726,51.1169826],[17.0816837,51.1169865],[17.0816947,51.1169904],[17.081704,51.1169942],[17.0817133,51.116998],[17.0817226,51.1170018],[17.0817319,51.1170056],[17.0817389,51.1170127],[17.0817459,51.1170198],[17.0817457,51.1170263],[17.0817454,51.1170329],[17.0817419,51.1170398],[17.0817383,51.1170467],[17.0817461,51.1170542],[17.081754,51.1170617],[17.0817618,51.1170692],[17.0817696,51.1170768],[17.0817774,51.1170843],[17.0817853,51.1170918],[17.0817931,51.1170993],[17.0818005,51.1171067],[17.081808,51.1171141],[17.0818154,51.1171215],[17.0818228,51.1171289],[17.0818303,51.1171363],[17.0818377,51.1171436],[17.0818452,51.117151],[17.0818749,51.1171806]]}},{"type":"Feature","properties":{"layer":"roads"},"geometry":{"type":"LineString","coordinates":[[17.0816262,51.1169597],[17.0815803,51.1169487],[17.0815682,51.1169441],[17.0815562,51.1169396],[17.0815441,51.116935],[17.0815321,51.1169304],[17.08152,51.1169258],[17.081508,51.1169213],[17.0814959,51.1169167],[17.0814856,51.1169135],[17.0814753,51.1169104],[17.081465,51.1169072],[17.0814527,51.1169107],[17.0814404,51.1169143],[17.0814281,51.1169178],[17.0814158,51.1169213],[17.0814036,51.1169186],[17.0813915,51.1169159],[17.0813793,51.1169132],[17.0813672,51.1169105],[17.081355,51.1169078],[17.0813434,51.1169061],[17.0813318,51.1169043],[17.0813203,51.1169026],[17.0813087,51.1169008],[17.0812615,51.1169024]]}},{"type":"Feature","properties":{"layer":"roads"},"geometry":{"type":"LineString","coordinates":[[17.0884857,51.1064498],[17.0884987,51.1064221],[17.0885077,51.1064155],[17.0885168,51.106409],[17.0885258,51.1064024],[17.0885349,51.1063958],[17.0885439,51.1063892],[17.088553,51.1063826],[17.088562,51.1063761],[17.0885711,51.1063695],[17.0885801,51.1063629],[17.0885892,51.1063563],[17.0885982,51.1063498],[17.0886073,51.1063432],[17.0886163,51.1063366],[17.0886254,51.10633],[17.0886344,51.1063234],[17.0886435,51.1063169],[17.0886525,51.1063103],[17.0886616,51.1063037],[17.0886706,51.1062971],[17.0886797,51.1062905],[17.0886887,51.106284],[17.0886978,51.1062774],[17.0887264,51.1062478]]}},{"type":"Feature","properties":{"layer":"roads"},"geometry":{"type":"LineString","coordinates":[[17.0797017,51.1096856],[17.0796963,51.1097124],[17.0796861,51.1097182],[17.0796759,51.1097239],[17.0796657,51.1097297],[17.0796555,51.1097354],[17.0796453,51.1097412],[17.0796377,51.1097462],[17.0796301,51.1097513],[17.0796226,51.1097563],[17.079615,51.1097613],[17.0796078,51.109769],[17.0796006,51.1097768],[17.0795986,51.1097831],[17.0795966,51.1097894],[17.0795946,51.1097957],[17.0795957,51.1098031],[17.0795968,51.1098104],[17.079598,51.1098178],[17.0795991,51.1098251],[17.0796002,51.1098325],[17.0796044,51.1098396],[17.0796086,51.1098466],[17.0796129,51.1098537],[17.0796171,51.1098607],[17.0796213,51.1098677],[17.0796255,51.1098748],[17.0796309,51.1098819],[17.0796363,51.109889],[17.0796417,51.1098961],[17.0796472,51.1099032],[17.0796897,51.1099173]]}},{"type":"Feature","properties":{"layer":"roads"},"geometry":{"type":"LineString","coordinates":[[17.0797017,51.1096856],[17.0796613,51.1096738],[17.0796485,51.1096709],[17.0796356,51.1096679],[17.0796228,51.109665],[17.079609,51.1096642],[17.0795953,51.1096634],[17.0795815,51.1096626],[17.0795677,51.1096618],[17.0795548,51.1096635],[17.0795419,51.1096652],[17.079529,51.109667],[17.0795161,51.1096687],[17.0795033,51.109671],[17.0794905,51.1096732],[17.0794777,51.1096754],[17.079465,51.1096777],[17.0794522,51.10968],[17.0794394,51.1096822],[17.0793942,51.1096839]]}},{"type":"Feature","properties":{"layer":"roads"},"geometry":{"type":"LineString","coordinates":[[17.0796897,51.1099173],[17.079615,51.1099426],[17.0796029,51.1099471],[17.0795907,51.1099517],[17.0795786,51.1099562],[17.0795665,51.1099607],[17.0795544,51.1099653],[17.0795423,51.1099698],[17.0795314,51.109975],[17.0795205,51.1099801],[17.0795095,51.1099853],[17.0794986,51.1099905],[17.0794925,51.1099981],[17.0794721,51.1100241]]}},{"type":"Feature","properties":{"layer":"roads"},"geometry":{"type":"LineString","coordinates":[[17.0805841,51.1193117],[17.080559,51.1193429],[17.0805552,51.1193512],[17.0805513,51.1193595],[17.0805474,51.1193678],[17.0805436,51.1193761],[17.0805397,51.1193844],[17.0805338,51.1193924],[17.0805279,51.1194004],[17.0805221,51.1194083],[17.0805162,51.1194163],[17.0805103,51.1194243],[17.0805044,51.1194323],[17.0804986,51.1194402],[17.0804927,51.1194482],[17.0804803,51.1194893]]}},{"type":"Feature","properties":{"layer":"roads"},"geometry":{"type":"LineString","coordinates":[[17.0805841,51.1193117],[17.0805812,51.1192845],[17.080578,51.1192583],[17.080577,51.1192496],[17.0805755,51.1192]]}},{"type":"Feature","properties":{"layer":"roads"},"geometry":{"type":"LineString","coordinates":[[17.0805841,51.1193117],[17.0806281,51.1193297],[17.0806333,51.1193375],[17.0806385,51.1193454],[17.0806437,51.1193532],[17.0806489,51.119361],[17.0806542,51.1193688],[17.0806594,51.1193766],[17.0806646,51.1193845],[17.0806698,51.1193923],[17.080675,51.1194001],[17.0806802,51.119408],[17.0806854,51.1194158],[17.0806906,51.1194236],[17.0806959,51.1194314],[17.0807011,51.1194392],[17.0807063,51.1194471],[17.0807115,51.1194549],[17.0807157,51.1194634],[17.0807199,51.1194719],[17.0807242,51.1194805],[17.0807284,51.119489],[17.0807326,51.1194975],[17.0807354,51.1195048],[17.0807381,51.1195122],[17.0807387,51.1195403]]}},{"type":"Feature","properties":{"layer":"roads"},"geometry":{"type":"LineString","coordinates":[[17.0807387,51.1195403],[17.0806929,51.1195419],[17.0806796,51.1195439],[17.0806662,51.1195458],[17.0806528,51.1195477],[17.0806395,51.1195497],[17.0806261,51.1195516],[17.0806127,51.1195535],[17.0805993,51.1195554],[17.080586,51.1195574],[17.0805726,51.1195593],[17.0805592,51.1195612],[17.0805459,51.1195632],[17.0805325,51.1195651],[17.0804828,51.1195664]]}},{"type":"Feature","properties":{"layer":"roads"},"geometry":{"type":"LineString","coordinates":[[17.0807387,51.1195403],[17.0807536,51.1195732]]}},{"type":"Feature","properties":{"layer":"roads"},"geometry":{"type":"LineString","coordinates":[[17.079811,51.107608],[17.0797996,51.107564],[17.0798033,51.1075381],[17.0798045,51.1075294],[17.0798057,51.1075208],[17.079807,51.1075122],[17.0798082,51.1075035],[17.0798094,51.1074949],[17.0798107,51.1074882],[17.0798292,51.1074755],[17.0798559,51.1074753],[17.0798653,51.1074811],[17.0798747,51.1074869],[17.0798841,51.1074927],[17.0798935,51.1074986],[17.0799028,51.1075044],[17.0799496,51.1075198]]}},{"type":"Feature","properties":{"layer":"roads"},"geometry":{"type":"LineString","coordinates":[[17.079811,51.107608],[17.0798505,51.1076285],[17.0798572,51.1076342],[17.079864,51.1076399],[17.0798707,51.1076456],[17.0798801,51.1076497],[17.0798895,51.1076538],[17.0798989,51.1076579],[17.0799083,51.107662],[17.0799205,51.1076665],[17.0799327,51.1076709],[17.0799449,51.1076754],[17.0799571,51.1076799],[17.0799693,51.1076844],[17.0799815,51.1076888],[17.0799937,51.1076933],[17.0800289,51.107713]]}},{"type":"Feature","properties":{"layer":"roads"},"geometry":{"type":"LineString","coordinates":[[17.079811,51.107608],[17.0797858,51.1076339],[17.079784,51.1076426],[17.0797822,51.1076514],[17.0797804,51.1076601],[17.0797786,51.1076689],[17.0797768,51.1076777],[17.079775,51.1076864],[17.0797732,51.1076952],[17.0797714,51.1077039],[17.0797696,51.1077127],[17.0797678,51.1077214],[17.079766,51.1077302],[17.0797642,51.1077389],[17.0797624,51.1077477],[17.0797606,51.1077564],[17.0797588,51.1077652],[17.0797459,51.1077684],[17.0797329,51.1077716],[17.07972,51.1077747],[17.079707,51.1077779],[17.0796941,51.1077811],[17.0796811,51.1077843],[17.0796681,51.1077874],[17.0796445,51.1077939],[17.0796258,51.1078269]]}},{"type":"Feature","properties":{"layer":"roads"},"geometry":{"type":"LineString","coordinates":[[17.0794721,51.1100241],[17.0794352,51.1100036],[17.0794269,51.1099973],[17.0794187,51.1099911],[17.0794097,51.1099854],[17.0794007,51.1099798],[17.0793917,51.1099741],[17.0793828,51.1099685],[17.0793738,51.1099628],[17.0793648,51.1099572],[17.0793379,51.1099477],[17.0793159,51.1099389],[17.079306,51.1099326],[17.079296,51.1099263],[17.0792861,51.10992],[17.0792761,51.1099137],[17.0792644,51.1099088],[17.0792527,51.1099039],[17.0792411,51.1098991],[17.0792294,51.1098942],[17.0792177,51.1098893],[17.0791688,51.1098769]]}},{"type":"Feature","properties":{"layer":"roads"},"geometry":{"type":"LineString","coordinates":[[17.0794721,51.1100241],[17.0795143,51.1100439],[17.079527,51.110047],[17.0795371,51.1100477],[17.0795472,51.1100483],[17.0795573,51.110049],[17.0795687,51.1100475],[17.07958,51.110046],[17.0795914,51.1100445],[17.0796051,51.1100422],[17.0796187,51.1100398],[17.0796324,51.1100375],[17.0796447,51.1100369],[17.079657,51.1100363],[17.0796693,51.1100357],[17.0796815,51.1100351],[17.0796938,51.1100345],[17.0797061,51.1100339],[17.0797164,51.1100321],[17.0797267,51.1100304],[17.0797319,51.1100229],[17.0797371,51.1100153],[17.0797424,51.1100078],[17.0797476,51.1100003],[17.0797519,51.1099944],[17.0797561,51.1099884],[17.0797853,51.1099614]]}},{"type":"Feature","properties":{"layer":"roads"},"geometry":{"type":"LineString","coordinates":[[17.0783431,51.1159712],[17.0783546,51.1159981],[17.0783597,51.1160055],[17.0783648,51.116013],[17.0783716,51.1160208],[17.0783919,51.1160441],[17.0784089,51.1160594],[17.0784265,51.1160871]]}},{"type":"Feature","properties":{"layer":"roads"},"geometry":{"type":"LineString","coordinates":[[17.0783431,51.1159712],[17.0783798,51.1159548],[17.0783924,51.1159533],[17.0784051,51.1159518],[17.0784177,51.1159503],[17.0784315,51.1159492],[17.0784453,51.1159481],[17.078459,51.115947],[17.0784728,51.1159459],[17.0784866,51.1159448],[17.0785004,51.1159437],[17.0785115,51.1159418],[17.0785227,51.1159399],[17.0785338,51.1159381],[17.078545,51.1159362],[17.0785586,51.1159354],[17.0785723,51.1159345],[17.0785859,51.1159337],[17.0785996,51.1159328],[17.0786132,51.115932],[17.078626,51.1159319],[17.0786387,51.1159317],[17.0786515,51.1159316],[17.0786642,51.1159314],[17.078677,51.1159313],[17.0786897,51.1159311],[17.0787025,51.115931],[17.0787152,51.1159308],[17.07874,51.1159341],[17.0787714,51.1159342],[17.0788243,51.1159427]]}},{"type":"Feature","properties":{"layer":"roads"},"geometry":{"type":"LineString","coordinates":[[17.0791688,51.1098769],[17.0791531,51.109903],[17.0791506,51.1099117],[17.0791446,51.1099195],[17.0791387,51.1099273],[17.0791327,51.109935],[17.0791268,51.1099428],[17.0791208,51.1099506],[17.0791141,51.1099568],[17.0791074,51.109963],[17.0791007,51.1099692],[17.0790939,51.1099755],[17.0790872,51.1099817],[17.0790805,51.1099879],[17.0790769,51.1099937],[17.0790732,51.1099994],[17.0790696,51.1100052],[17.0790711,51.1100125],[17.0790725,51.1100199],[17.079074,51.1100272],[17.0790755,51.1100345],[17.0790794,51.1100417],[17.0790832,51.1100488],[17.0790871,51.110056],[17.0790782,51.1100885]]}},{"type":"Feature","properties":{"layer":"roads"},"geometry":{"type":"LineString","coordinates":[[17.0791688,51.1098769],[17.0791677,51.1098435],[17.0791693,51.1098353],[17.0791708,51.109827],[17.0791723,51.1098188],[17.0791738,51.1098105],[17.0791785,51.1098031],[17.0791832,51.1097957],[17.0791879,51.1097883],[17.0791926,51.1097809],[17.0791973,51.1097735],[17.079202,51.1097661],[17.0792096,51.10976],[17.0792172,51.1097539],[17.0792249,51.1097478],[17.0792325,51.1097417],[17.0792427,51.1097378],[17.0792529,51.109734],[17.0792632,51.1097301],[17.0792734,51.1097263],[17.0792836,51.1097224],[17.0792917,51.1097172],[17.0792998,51.1097119],[17.0793078,51.1097067],[17.0793159,51.1097014],[17.079324,51.1096962],[17.0793368,51.109695],[17.0793496,51.1096939],[17.0793942,51.1096839]]}},{"type":"Feature","properties":{"layer":"roads"},"geometry":{"type":"LineString","coordinates":[[17.0863336,51.116941],[17.0862869,51.1169371],[17.0862728,51.116936],[17.0862586,51.1169349],[17.0862445,51.1169339],[17.0862304,51.1169328],[17.0862162,51.1169317],[17.0862021,51.1169307],[17.086188,51.1169296],[17.0861738,51.1169285],[17.0861597,51.1169274],[17.0861456,51.1169264],[17.0861314,51.1169253],[17.0861173,51.1169242],[17.0861032,51.1169232],[17.0860891,51.1169221],[17.0860749,51.116921],[17.0860608,51.1169199],[17.0860467,51.1169189],[17.0860325,51.1169178],[17.0860184,51.1169167],[17.0860043,51.1169157],[17.0859901,51.1169146],[17.0859336,51.1169103]]}},{"type":"Feature","properties":{"layer":"roads"},"geometry":{"type":"LineString","coordinates":[[17.0827212,51.1084397],[17.082701,51.1084726],[17.0826962,51.1084809],[17.0826914,51.1084891],[17.0826866,51.1084974],[17.0826819,51.1085057],[17.0826771,51.108514],[17.0826723,51.1085222],[17.0826675,51.1085305],[17.0826627,51.1085388],[17.0826372,51.1085661]]}},{"type":"Feature","properties":{"layer":"roads"},"geometry":{"type":"LineString","coordinates":[[17.0797853,51.1099614],[17.0798399,51.1099578],[17.0798525,51.1099583],[17.0798652,51.1099589],[17.0798778,51.1099594],[17.0798904,51.10996],[17.0799027,51.1099593],[17.0799149,51.1099586],[17.0799271,51.1099579],[17.0799394,51.1099572],[17.0799526,51.1099581],[17.0799657,51.1099591],[17.0799788,51.10996],[17.079992,51.109961],[17.080004,51.1099622],[17.080016,51.1099634],[17.0800279,51.1099646],[17.0800399,51.1099658],[17.0800519,51.109967],[17.0800609,51.1099678],[17.0800759,51.1099727],[17.080112,51.1099631],[17.0801576,51.1099521]]}},{"type":"Feature","properties":{"layer":"roads"},"geometry":{"type":"LineString","coordinates":[[17.0808736,51.1191411],[17.0808171,51.119156],[17.0808042,51.1191591],[17.0807914,51.1191621],[17.0807785,51.1191652],[17.0807657,51.1191683],[17.0807528,51.1191714],[17.08074,51.1191745],[17.0807271,51.1191776],[17.0807142,51.1191807],[17.0807014,51.1191838],[17.0806885,51.1191869],[17.0806757,51.11919],[17.0806628,51.1191931],[17.0806499,51.1191962],[17.0806371,51.1191992],[17.0806242,51.1192023],[17.0805755,51.1192]]}},{"type":"Feature","properties":{"layer":"roads"},"geometry":{"type":"LineString","coordinates":[[17.0808736,51.1191411],[17.080816,51.119125],[17.0808029,51.1191219],[17.0807898,51.1191188],[17.0807767,51.1191157],[17.0807636,51.1191126],[17.0807505,51.1191095],[17.0807375,51.1191064],[17.0807244,51.1191033],[17.0807113,51.1191002],[17.0806982,51.119097],[17.0806851,51.1190939],[17.080672,51.1190908],[17.080659,51.1190877],[17.0806459,51.1190846],[17.0806328,51.1190815],[17.0806197,51.1190784],[17.0806066,51.1190753],[17.0805935,51.1190722],[17.0805449,51.119073]]}},{"type":"Feature","properties":{"layer":"roads"},"geometry":{"type":"LineString","coordinates":[[17.0805449,51.119073],[17.0805405,51.1191006],[17.080543,51.1191094],[17.0805455,51.1191181],[17.080548,51.1191269],[17.0805504,51.1191357],[17.0805529,51.1191445],[17.0805554,51.1191533],[17.0805579,51.119162],[17.0805604,51.1191708],[17.0805755,51.1192]]}},{"type":"Feature","properties":{"layer":"roads"},"geometry":{"type":"LineString","coordinates":[[17.0800289,51.107713],[17.0800719,51.107705],[17.0800835,51.1077011],[17.0800951,51.1076971],[17.0801422,51.107678]]}},{"type":"Feature","properties":{"layer":"roads"},"geometry":{"type":"LineString","coordinates":[[17.0759512,51.1152625],[17.075943,51.1152932],[17.075941,51.1153004],[17.0759389,51.1153076],[17.0759369,51.1153148],[17.0759353,51.1153216],[17.0759337,51.1153285],[17.0759322,51.1153354],[17.0759306,51.1153422],[17.0759275,51.1153508],[17.0759243,51.1153595],[17.0759212,51.1153681],[17.075918,51.1153768],[17.0759149,51.1153854],[17.0759061,51.1153916],[17.0758972,51.1153979],[17.0758883,51.1154041],[17.0758795,51.1154103],[17.0758696,51.1154138],[17.0758596,51.1154172],[17.0758497,51.1154206],[17.0758398,51.1154241],[17.0758275,51.1154247],[17.0757807,51.115431]]}},{"type":"Feature","properties":{"layer":"roads"},"geometry":{"type":"LineString","coordinates":[[17.0795716,51.1146808],[17.0796233,51.1146846],[17.0796365,51.1146873],[17.0796498,51.1146901],[17.0796631,51.1146928],[17.0796763,51.1146956],[17.0796896,51.1146983],[17.0797028,51.114701],[17.0797161,51.1147038],[17.0797294,51.1147065],[17.0797426,51.1147092],[17.0797559,51.114712],[17.0797691,51.1147147],[17.0797824,51.1147175],[17.0797956,51.1147202],[17.0798089,51.1147229],[17.0798222,51.1147257],[17.0798354,51.1147284],[17.0798487,51.1147311],[17.0798619,51.1147339],[17.0798752,51.1147366],[17.0798885,51.1147394],[17.0799017,51.1147421],[17.0799475,51.1147568]]}},{"type":"Feature","properties":{"layer":"roads"},"geometry":{"type":"LineString","coordinates":[[17.0795716,51.1146808],[17.079566,51.1147093],[17.0795485,51.1147423]]}},{"type":"Feature","properties":{"layer":"roads"},"geometry":{"type":"LineString","coordinates":[[17.0822746,51.108444],[17.082311,51.1084634],[17.0823234,51.1084677],[17.0823358,51.108472],[17.0823482,51.1084763],[17.0823606,51.1084807],[17.0823731,51.108485],[17.0823855,51.1084893],[17.0823979,51.1084936],[17.0824103,51.1084979],[17.0824227,51.1085022],[17.0824682,51.1085215]]}},{"type":"Feature","properties":{"layer":"roads"},"geometry":{"type":"LineString","coordinates":[[17.0824549,51.1087216],[17.0824934,51.1087388],[17.0825062,51.1087425],[17.0825569,51.1087573]]}},{"type":"Feature","properties":{"layer":"roads"},"geometry":{"type":"LineString","coordinates":[[17.0824549,51.1087216],[17.0824667,51.1086937],[17.0824728,51.1086861],[17.0824789,51.1086784],[17.082485,51.1086708],[17.0825089,51.1086429]]}},{"type":"Feature","properties":{"layer":"roads"},"geometry":{"type":"LineString","coordinates":[[17.0787459,51.1165812],[17.078788,51.1166001],[17.0787968,51.1166064],[17.0788056,51.1166127],[17.0788143,51.116619],[17.0788406,51.1166379],[17.0788593,51.1166494],[17.0789023,51.1166738]]}},{"type":"Feature","properties":{"layer":"roads"},"geometry":{"type":"LineString","coordinates":[[17.0787459,51.1165812],[17.0787214,51.1166111],[17.0787211,51.1166189],[17.0787208,51.1166267],[17.0787204,51.1166344],[17.0787201,51.1166422],[17.0787183,51.1166495],[17.0787164,51.1166568],[17.0787146,51.116664],[17.0787127,51.1166713],[17.0787109,51.1166786],[17.0787058,51.1166866],[17.0787008,51.1166946],[17.0786957,51.1167026],[17.0786906,51.1167106],[17.0786858,51.1167179],[17.0786809,51.1167251],[17.0786761,51.1167324],[17.0786712,51.1167396],[17.0786519,51.1167687]]}},{"type":"Feature","properties":{"layer":"roads"},"geometry":{"type":"LineString","coordinates":[[17.0757807,51.115431],[17.0757295,51.1154208],[17.0757191,51.1154165],[17.0757086,51.1154121],[17.0756982,51.1154078],[17.0756899,51.1154021],[17.0756564,51.1153779]]}},{"type":"Feature","properties":{"layer":"roads"},"geometry":{"type":"LineString","coordinates":[[17.0784265,51.1160871],[17.0784351,51.1160547],[17.0784473,51.1160557],[17.0784594,51.1160566],[17.078473,51.1160577],[17.0784866,51.1160587],[17.0785001,51.1160598],[17.0785137,51.1160609],[17.0785273,51.1160619],[17.0785409,51.116063],[17.0785542,51.116064],[17.0785674,51.116065],[17.0785807,51.1160661],[17.078594,51.1160671],[17.0786072,51.1160681],[17.0786205,51.1160691],[17.0786344,51.1160687],[17.0786483,51.1160684],[17.0786622,51.116068],[17.0786746,51.1160669],[17.078687,51.1160657],[17.0787365,51.1160612]]}},{"type":"Feature","properties":{"layer":"roads"},"geometry":{"type":"LineString","coordinates":[[17.0879655,51.1083245],[17.0879951,51.1083449],[17.0880058,51.10835],[17.0880164,51.1083551],[17.0880271,51.1083602],[17.0880377,51.1083653],[17.0880484,51.1083704],[17.0880583,51.1083737],[17.0880683,51.1083771],[17.0880782,51.1083804],[17.0880905,51.10838],[17.0881028,51.1083797],[17.0881151,51.1083793],[17.0881278,51.1083766],[17.0881406,51.1083739],[17.0881533,51.1083712],[17.0881661,51.1083685],[17.0881756,51.1083621],[17.0881851,51.1083556],[17.0881946,51.1083492],[17.0882042,51.1083428],[17.0882137,51.1083364],[17.0882232,51.1083299],[17.0882446,51.1083193],[17.0882913,51.1083081]]}},{"type":"Feature","properties":{"layer":"roads"},"geometry":{"type":"LineString","coordinates":[[17.0879655,51.1083245],[17.0880326,51.1082991],[17.0880453,51.1082951],[17.0880579,51.1082911],[17.0880706,51.1082872],[17.0880832,51.1082832],[17.0880959,51.1082792],[17.0881085,51.1082752],[17.0881211,51.1082712],[17.0881338,51.1082673],[17.0881464,51.1082633],[17.0881591,51.1082593],[17.0881718,51.1082553],[17.0881844,51.1082514],[17.0881971,51.1082474],[17.0882433,51.1082655]]}},{"type":"Feature","properties":{"layer":"roads"},"geometry":{"type":"LineString","coordinates":[[17.0814663,51.1152351],[17.081424,51.1152218],[17.0814108,51.115219],[17.0813977,51.1152162],[17.0813845,51.1152134],[17.0813713,51.1152106],[17.0813581,51.1152078],[17.081345,51.115205],[17.0813318,51.1152022],[17.0813186,51.1151995],[17.0812751,51.1151904]]}},{"type":"Feature","properties":{"layer":"roads"},"geometry":{"type":"LineString","coordinates":[[17.0861462,51.1133273],[17.0861668,51.1133],[17.0861718,51.1132921],[17.0861768,51.1132842],[17.0861818,51.1132763],[17.0862009,51.113246]]}},{"type":"Feature","properties":{"layer":"roads"},"geometry":{"type":"LineString","coordinates":[[17.0861462,51.1133273],[17.0861867,51.1133417],[17.0862072,51.1133469],[17.086219,51.1133499],[17.0862308,51.1133528],[17.0862427,51.1133558],[17.0862545,51.1133588],[17.0862978,51.113368]]}},{"type":"Feature","properties":{"layer":"roads"},"geometry":{"type":"LineString","coordinates":[[17.0861462,51.1133273],[17.0860874,51.1133181]]}},{"type":"Feature","properties":{"layer":"roads"},"geometry":{"type":"LineString","coordinates":[[17.0861462,51.1133273],[17.0861317,51.113355],[17.0861268,51.1133629],[17.0861218,51.1133707],[17.0861168,51.1133786],[17.0861118,51.1133864],[17.0861068,51.1133942],[17.0861019,51.1134021],[17.0860969,51.1134099],[17.0860919,51.1134178],[17.0860869,51.1134256],[17.0860994,51.113429],[17.0861119,51.1134324],[17.0861244,51.1134358],[17.0861369,51.1134391],[17.0861494,51.1134425],[17.086162,51.1134459],[17.0861745,51.1134493],[17.086187,51.1134527],[17.0861995,51.113456],[17.0862481,51.1134642]]}},{"type":"Feature","properties":{"layer":"roads"},"geometry":{"type":"LineString","coordinates":[[17.0862481,51.1134642],[17.0862887,51.1134795],[17.0863016,51.1134828],[17.0863145,51.1134861],[17.0863274,51.1134894],[17.0863636,51.1134987],[17.0863841,51.1134949],[17.0863891,51.1134871],[17.0863941,51.1134793],[17.0863992,51.1134715],[17.0864042,51.1134637],[17.0864092,51.1134558],[17.0864142,51.113448],[17.0864192,51.1134402],[17.0864243,51.1134324],[17.0864402,51.1134053]]}},{"type":"Feature","properties":{"layer":"roads"},"geometry":{"type":"LineString","coordinates":[[17.0862481,51.1134642],[17.0862615,51.1134257],[17.0862661,51.1134179],[17.0862708,51.1134102],[17.0862755,51.1134025],[17.0862801,51.1133947],[17.0862978,51.113368]]}},{"type":"Feature","properties":{"layer":"roads"},"geometry":{"type":"LineString","coordinates":[[17.0813006,51.1150346],[17.0812889,51.1150645],[17.0812837,51.1150728],[17.0812786,51.1150812],[17.0812734,51.1150896],[17.0812682,51.1150979],[17.081263,51.1151063],[17.0812578,51.1151146],[17.0812526,51.115123],[17.0812474,51.1151313],[17.0811958,51.115174]]}},{"type":"Feature","properties":{"layer":"roads"},"geometry":{"type":"LineString","coordinates":[[17.0865385,51.1132697],[17.0865111,51.1132973],[17.0864944,51.1133234]]}},{"type":"Feature","properties":{"layer":"roads"},"geometry":{"type":"LineString","coordinates":[[17.081259,51.1169618],[17.0812615,51.1169024]]}},{"type":"Feature","properties":{"layer":"roads"},"geometry":{"type":"LineString","coordinates":[[17.081259,51.1169618],[17.0812055,51.1169687],[17.0811931,51.1169718],[17.0811807,51.1169749],[17.0811684,51.1169779],[17.081118,51.1169857]]}},{"type":"Feature","properties":{"layer":"roads"},"geometry":{"type":"LineString","coordinates":[[17.0859589,51.1091571],[17.0860026,51.1091778],[17.0860135,51.1091829],[17.0860244,51.1091881],[17.0860353,51.1091933],[17.086079,51.109214]]}},{"type":"Feature","properties":{"layer":"roads"},"geometry":{"type":"LineString","coordinates":[[17.0803822,51.1195715],[17.0804051,51.1195393],[17.0804125,51.1195317],[17.08042,51.1195242],[17.0804274,51.1195166],[17.0804348,51.119509],[17.0804803,51.1194893]]}},{"type":"Feature","properties":{"layer":"roads"},"geometry":{"type":"LineString","coordinates":[[17.0803822,51.1195715],[17.0804371,51.1195736],[17.0804828,51.1195664]]}},{"type":"Feature","properties":{"layer":"roads"},"geometry":{"type":"LineString","coordinates":[[17.0792859,51.1053433],[17.0793254,51.1053684],[17.0793353,51.1053747],[17.0793452,51.1053809],[17.0793551,51.1053872],[17.0793649,51.1053935],[17.0793748,51.1053997],[17.0793847,51.105406],[17.0793929,51.105413],[17.0794012,51.1054201],[17.0794094,51.1054271],[17.0794176,51.1054341],[17.0794258,51.1054411],[17.0794341,51.1054482],[17.0794423,51.1054552],[17.0794112,51.1054764]]}},{"type":"Feature","properties":{"layer":"roads"},"geometry":{"type":"LineString","coordinates":[[17.0794112,51.1054764],[17.0793678,51.1054538],[17.079358,51.105448],[17.0793483,51.1054421],[17.0793386,51.1054362],[17.0793095,51.1054187],[17.0792594,51.1054047]]}},{"type":"Feature","properties":{"layer":"roads"},"geometry":{"type":"LineString","coordinates":[[17.0794311,51.1153045],[17.0794894,51.1153016],[17.0795034,51.1153023],[17.0795174,51.115303],[17.0795314,51.1153036],[17.0795454,51.1153043],[17.0795594,51.115305],[17.0795734,51.1153057],[17.0795874,51.1153064],[17.0796014,51.1153071],[17.0796153,51.1153077],[17.0796293,51.1153084],[17.0796433,51.1153091],[17.0796573,51.1153098],[17.0796713,51.1153105],[17.0797147,51.1153005]]}},{"type":"Feature","properties":{"layer":"roads"},"geometry":{"type":"LineString","coordinates":[[17.0794311,51.1153045],[17.0794722,51.1152656],[17.0794714,51.1152568],[17.0794706,51.1152479],[17.0794698,51.1152391],[17.079469,51.1152303],[17.0794683,51.1152214],[17.0794675,51.1152126],[17.0794667,51.1152038],[17.0794797,51.1151773]]}},{"type":"Feature","properties":{"layer":"roads"},"geometry":{"type":"LineString","coordinates":[[17.0810331,51.115312],[17.0810043,51.1152807],[17.0809975,51.1152734],[17.0809908,51.1152661],[17.0809841,51.1152589],[17.0809773,51.1152516],[17.0809706,51.1152443],[17.0809667,51.1152357],[17.0809629,51.1152271],[17.080959,51.1152184],[17.0809552,51.1152098],[17.0809513,51.1152012],[17.0809501,51.1151928],[17.0809489,51.1151845],[17.0809478,51.1151762],[17.0809466,51.1151678],[17.080949,51.1151593],[17.0809514,51.1151508],[17.0809794,51.1151254]]}},{"type":"Feature","properties":{"layer":"roads"},"geometry":{"type":"LineString","coordinates":[[17.0810331,51.115312],[17.0810579,51.1152722],[17.0810696,51.1152682],[17.0810814,51.1152642],[17.0810931,51.1152603],[17.0811048,51.1152563],[17.0811166,51.1152524],[17.0811283,51.1152484],[17.0811386,51.1152471],[17.0811868,51.1152456]]}},{"type":"Feature","properties":{"layer":"roads"},"geometry":{"type":"LineString","coordinates":[[17.0809794,51.1151254],[17.0810266,51.1151315],[17.0810398,51.1151345],[17.0810529,51.1151374],[17.0810661,51.1151404],[17.0810792,51.1151433],[17.0810924,51.1151463],[17.0811055,51.1151493],[17.0811187,51.1151522],[17.0811318,51.1151552],[17.081145,51.1151581],[17.0811958,51.115174]]}},{"type":"Feature","properties":{"layer":"roads"},"geometry":{"type":"LineString","coordinates":[[17.0885501,51.1082142],[17.0885617,51.1082655]]}},{"type":"Feature","properties":{"layer":"roads"},"geometry":{"type":"LineString","coordinates":[[17.0790774,51.1053172],[17.0791274,51.105327],[17.0791398,51.1053295],[17.0791523,51.1053319],[17.0791648,51.1053344],[17.0791773,51.1053368],[17.0791867,51.1053426],[17.0791961,51.1053485],[17.0792056,51.1053543],[17.079215,51.1053602],[17.0792244,51.105366],[17.0792338,51.1053719],[17.0792433,51.1053777],[17.0792594,51.1054047]]}},{"type":"Feature","properties":{"layer":"roads"},"geometry":{"type":"LineString","coordinates":[[17.0792594,51.1054047],[17.0792078,51.1054151],[17.0791947,51.1054154],[17.0791815,51.1054158],[17.0791684,51.1054161],[17.0791561,51.1054157],[17.0791437,51.1054154],[17.0791314,51.105415],[17.0790821,51.1054136]]}},{"type":"Feature","properties":{"layer":"roads"},"geometry":{"type":"LineString","coordinates":[[17.0804741,51.1094839],[17.0805308,51.1094774],[17.0805391,51.1094711],[17.0805722,51.1094461]]}},{"type":"Feature","properties":{"layer":"roads"},"geometry":{"type":"LineString","coordinates":[[17.0804828,51.1195664],[17.0804895,51.1195328],[17.0804892,51.1195243],[17.0804889,51.1195158],[17.0804803,51.1194893]]}},{"type":"Feature","properties":{"layer":"roads"},"geometry":{"type":"LineString","coordinates":[[17.0882433,51.1082655],[17.0882576,51.1082283],[17.0882696,51.1082245],[17.0883386,51.108234]]}},{"type":"Feature","properties":{"layer":"roads"},"geometry":{"type":"LineString","coordinates":[[17.0801576,51.1099521],[17.0801622,51.1099205],[17.0801625,51.1099116],[17.0801628,51.1099028],[17.080163,51.1098939],[17.0801633,51.1098851],[17.0801636,51.1098762],[17.0801639,51.1098674],[17.0801641,51.1098585],[17.0801644,51.1098497],[17.0801652,51.1098409],[17.0801661,51.1098322],[17.0801669,51.1098234],[17.0801678,51.1098147],[17.0801786,51.1097839]]}},{"type":"Feature","properties":{"layer":"roads"},"geometry":{"type":"LineString","coordinates":[[17.0807019,51.1107682],[17.0806849,51.1107139],[17.0806877,51.1107052],[17.0806905,51.1106965],[17.0806932,51.1106877],[17.080696,51.110679],[17.0806987,51.1106702],[17.0807192,51.110634]]}},{"type":"Feature","properties":{"layer":"roads"},"geometry":{"type":"LineString","coordinates":[[17.0772507,51.1084859],[17.0772133,51.1085209],[17.0771985,51.1085263],[17.0771872,51.1085302],[17.077176,51.1085342],[17.0771647,51.1085382],[17.0771534,51.1085421],[17.0771421,51.1085461],[17.0771003,51.1085545]]}},{"type":"Feature","properties":{"layer":"roads"},"geometry":{"type":"LineString","coordinates":[[17.0824682,51.1085215],[17.0824614,51.108553],[17.0824666,51.1085606],[17.0824718,51.1085681],[17.082477,51.1085757],[17.0824821,51.1085833],[17.0824873,51.1085909],[17.0824925,51.1085985],[17.0824977,51.108606],[17.0825029,51.1086136],[17.0825089,51.1086429]]}},{"type":"Feature","properties":{"layer":"roads"},"geometry":{"type":"LineString","coordinates":[[17.0824682,51.1085215],[17.0825131,51.1085235],[17.0825254,51.1085271],[17.0825377,51.1085308],[17.08255,51.1085344],[17.0825623,51.1085381],[17.0825746,51.1085417],[17.0825868,51.1085454],[17.0825991,51.108549],[17.0826372,51.1085661]]}},{"type":"Feature","properties":{"layer":"roads"},"geometry":{"type":"LineString","coordinates":[[17.074181,51.115111],[17.0741368,51.1151146],[17.0741236,51.1151166],[17.0740706,51.1151248]]}},{"type":"Feature","properties":{"layer":"roads"},"geometry":{"type":"LineString","coordinates":[[17.074181,51.115111],[17.0742031,51.1151407],[17.0741959,51.1151516],[17.0741863,51.1151566],[17.0741767,51.1151615],[17.0741671,51.1151664],[17.0741575,51.1151714],[17.07412,51.1151878]]}},{"type":"Feature","properties":{"layer":"roads"},"geometry":{"type":"LineString","coordinates":[[17.0812751,51.1151904],[17.081277,51.1151608],[17.0811958,51.115174]]}},{"type":"Feature","properties":{"layer":"roads"},"geometry":{"type":"LineString","coordinates":[[17.0897013,51.1171046],[17.0897097,51.117135],[17.0897205,51.1171467],[17.0897262,51.1171529],[17.0897486,51.1171799]]}},{"type":"Feature","properties":{"layer":"roads"},"geometry":{"type":"LineString","coordinates":[[17.0811868,51.1152456],[17.0811958,51.115174]]}},{"type":"Feature","properties":{"layer":"roads"},"geometry":{"type":"LineString","coordinates":[[17.0811868,51.1152456],[17.0812126,51.115275],[17.0812167,51.1152832],[17.0812209,51.1152915],[17.0812251,51.1152998],[17.0812293,51.1153081],[17.0812334,51.1153163],[17.0812376,51.1153246],[17.0812381,51.1153329],[17.081204,51.1153514]]}},{"type":"Feature","properties":{"layer":"roads"},"geometry":{"type":"LineString","coordinates":[[17.0800098,51.1092706],[17.0799764,51.1092459]]}},{"type":"Feature","properties":{"layer":"roads"},"geometry":{"type":"LineString","coordinates":[[17.0864402,51.1134053],[17.0864594,51.1133777],[17.0864644,51.1133699],[17.0864695,51.1133621],[17.0864745,51.1133543],[17.0864944,51.1133234]]}},{"type":"Feature","properties":{"layer":"roads"},"geometry":{"type":"LineString","coordinates":[[17.0864402,51.1134053],[17.0863893,51.1133953],[17.0863701,51.11339],[17.086358,51.1133867],[17.086346,51.1133833],[17.0862978,51.113368]]}},{"type":"Feature","properties":{"layer":"roads"},"geometry":{"type":"LineString","coordinates":[[17.0864944,51.1133234],[17.0864449,51.1133104],[17.0864325,51.1133072],[17.0864201,51.1133041],[17.0864076,51.113301],[17.0863952,51.1132978],[17.0863828,51.1132947],[17.0863336,51.1132832]]}},{"type":"Feature","properties":{"layer":"roads"},"geometry":{"type":"LineString","coordinates":[[17.0863336,51.1132832],[17.0862933,51.1132705],[17.0862802,51.1132668],[17.0862672,51.1132632],[17.0862541,51.1132595],[17.0862411,51.1132558],[17.0862009,51.113246]]}},{"type":"Feature","properties":{"layer":"roads"},"geometry":{"type":"LineString","coordinates":[[17.0863336,51.1132832],[17.0863234,51.1133213],[17.0863189,51.1133289],[17.0863145,51.1133366],[17.0862978,51.113368]]}},{"type":"Feature","properties":{"layer":"roads"},"geometry":{"type":"LineString","coordinates":[[17.0885193,51.1080967],[17.088522,51.1081298],[17.0885254,51.1081374],[17.0885289,51.108145],[17.0885319,51.1081529],[17.0885348,51.1081608],[17.0885378,51.1081687],[17.0885397,51.1081756],[17.0885415,51.1081826],[17.0885501,51.1082142]]}},{"type":"Feature","properties":{"layer":"roads"},"geometry":{"type":"LineString","coordinates":[[17.0885193,51.1080967],[17.0884665,51.1081244],[17.0884572,51.1081301],[17.0884312,51.1081532]]}},{"type":"Feature","properties":{"layer":"roads"},"geometry":{"type":"LineString","coordinates":[[17.0885501,51.1082142],[17.0884742,51.108201]]}},{"type":"Feature","properties":{"layer":"roads"},"geometry":{"type":"LineString","coordinates":[[17.0811999,51.1168573],[17.0812476,51.1168763],[17.0812615,51.1169024]]}},{"type":"Feature","properties":{"layer":"roads"},"geometry":{"type":"LineString","coordinates":[[17.0825859,51.1086461],[17.0825805,51.1086787],[17.0825647,51.1086894],[17.0825664,51.1086977],[17.0825681,51.1087061],[17.0825698,51.1087144],[17.0825715,51.1087227],[17.0825732,51.108731],[17.0825569,51.1087573]]}},{"type":"Feature","properties":{"layer":"roads"},"geometry":{"type":"LineString","coordinates":[[17.0883386,51.108234],[17.0883737,51.1082741],[17.0883501,51.1083093],[17.0883371,51.1083131],[17.0882913,51.1083081]]}},{"type":"Feature","properties":{"layer":"roads"},"geometry":{"type":"LineString","coordinates":[[17.0883386,51.108234],[17.0883924,51.1082566],[17.0883988,51.1082506],[17.0884057,51.108244],[17.0884126,51.1082374],[17.0884221,51.1082324],[17.0884315,51.1082274],[17.088441,51.1082223],[17.0884742,51.108201]]}},{"type":"Feature","properties":{"layer":"roads"},"geometry":{"type":"LineString","coordinates":[[17.0884742,51.108201],[17.0884312,51.1081532]]}},{"type":"Feature","properties":{"layer":"roads"},"geometry":{"type":"LineString","coordinates":[[17.0883386,51.108234],[17.088327,51.1082001],[17.0883373,51.1081948],[17.0883477,51.1081896],[17.088358,51.1081844],[17.0883683,51.1081791],[17.0883786,51.1081739],[17.0883889,51.1081687],[17.0884312,51.1081532]]}},{"type":"Feature","properties":{"layer":"roads"},"geometry":{"type":"LineString","coordinates":[[17.0882913,51.1083081],[17.0882433,51.1082655]]}},{"type":"Feature","properties":{"layer":"roads"},"geometry":{"type":"LineString","coordinates":[[17.0897486,51.1171799],[17.0897758,51.1172079],[17.0897828,51.1172155],[17.0898109,51.1172459]]}},{"type":"Feature","properties":{"layer":"roads"},"geometry":{"type":"LineString","coordinates":[[17.0789818,51.1095914],[17.0789396,51.1096663]]}},{"type":"Feature","properties":{"layer":"roads"},"geometry":{"type":"LineString","coordinates":[[17.0833106,51.1073626],[17.0833568,51.1073825]]}},{"type":"Feature","properties":{"layer":"roads"},"geometry":{"type":"LineString","coordinates":[[17.0834029,51.1074024],[17.0833568,51.1073825]]}},{"type":"Feature","properties":{"layer":"roads"},"geometry":{"type":"LineString","coordinates":[[17.0813284,51.1167589],[17.0813035,51.1166574]]}},{"type":"Feature","properties":{"layer":"roads"},"geometry":{"type":"LineString","coordinates":[[17.0812786,51.116556],[17.0813035,51.1166574]]}},{"type":"Feature","properties":{"layer":"roads"},"geometry":{"type":"LineString","coordinates":[[17.0787201,51.1168721],[17.078686,51.1168204]]}},{"type":"Feature","properties":{"layer":"roads"},"geometry":{"type":"LineString","coordinates":[[17.0786519,51.1167687],[17.078686,51.1168204]]}},{"type":"Feature","properties":{"layer":"roads"},"geometry":{"type":"LineString","coordinates":[[17.075278,51.1149714],[17.0755925,51.1149178]]}},{"type":"Feature","properties":{"layer":"roads"},"geometry":{"type":"LineString","coordinates":[[17.0759002,51.1148616],[17.0755925,51.1149178]]}},{"type":"Feature","properties":{"layer":"roads"},"geometry":{"type":"LineString","coordinates":[[17.0755994,51.1149205],[17.0755925,51.1149178]]}},{"type":"Feature","properties":{"layer":"roads"},"geometry":{"type":"LineString","coordinates":[[17.0794447,51.1149092],[17.0795289,51.1148323]]}},{"type":"Feature","properties":{"layer":"roads"},"geometry":{"type":"LineString","coordinates":[[17.0795934,51.1148455],[17.0795289,51.1148323]]}},{"type":"Feature","properties":{"layer":"roads"},"geometry":{"type":"LineString","coordinates":[[17.0795485,51.1147423],[17.0795289,51.1148323]]}},{"type":"Feature","properties":{"layer":"roads"},"geometry":{"type":"LineString","coordinates":[[17.0799487,51.1092366],[17.0799729,51.109276]]}},{"type":"Feature","properties":{"layer":"roads"},"geometry":{"type":"LineString","coordinates":[[17.0799937,51.1093455],[17.0799729,51.109276]]}},{"type":"Feature","properties":{"layer":"roads"},"geometry":{"type":"LineString","coordinates":[[17.0799764,51.1092459],[17.0799729,51.109276]]}},{"type":"Feature","properties":{"layer":"roads"},"geometry":{"type":"LineString","coordinates":[[17.0767009,51.1081015],[17.0767789,51.1080746]]}},{"type":"Feature","properties":{"layer":"roads"},"geometry":{"type":"LineString","coordinates":[[17.0768569,51.1080478],[17.0767789,51.1080746]]}},{"type":"Feature","properties":{"layer":"roads"},"geometry":{"type":"LineString","coordinates":[[17.0794366,51.1079211],[17.0794172,51.1079418]]}},{"type":"Feature","properties":{"layer":"roads"},"geometry":{"type":"LineString","coordinates":[[17.0793977,51.1079625],[17.0794172,51.1079418]]}},{"type":"Feature","properties":{"layer":"roads"},"geometry":{"type":"LineString","coordinates":[[17.0776376,51.1085681],[17.0775985,51.1085662]]}},{"type":"Feature","properties":{"layer":"roads"},"geometry":{"type":"LineString","coordinates":[[17.0775594,51.1085642],[17.0775985,51.1085662]]}},{"type":"Feature","properties":{"layer":"roads"},"geometry":{"type":"LineString","coordinates":[[17.0804017,51.1093911],[17.0804413,51.1094074]]}},{"type":"Feature","properties":{"layer":"roads"},"geometry":{"type":"LineString","coordinates":[[17.08035,51.1093851],[17.0804413,51.1094074]]}},{"type":"Feature","properties":{"layer":"roads"},"geometry":{"type":"LineString","coordinates":[[17.0805722,51.1094461],[17.0804413,51.1094074]]}},{"type":"Feature","properties":{"layer":"obstacles"},"geometry":{"type":"Polygon","coordinates":[[[17.0778977,51.1098974],[17.0778197,51.1098747],[17.0777787,51.1099309],[17.0777948,51.1099357],[17.077798,51.1099413],[17.0778322,51.109951],[17.0778407,51.1099487],[17.0778574,51.1099533],[17.0778977,51.1098974]]]}},{"type":"Feature","properties":{"layer":"obstacles"},"geometry":{"type":"Polygon","coordinates":[[[17.0789693,51.1097831],[17.0789492,51.1097774],[17.0789178,51.1097683],[17.0788818,51.1098175],[17.0789335,51.1098325],[17.0789693,51.1097831]]]}},{"type":"Feature","properties":{"layer":"obstacles"},"geometry":{"type":"Polygon","coordinates":[[[17.0800202,51.1094502],[17.0799999,51.1094175],[17.0799686,51.1094252],[17.0799324,51.1094341],[17.0799528,51.1094668],[17.0799912,51.1094575],[17.0800202,51.1094502]]]}},{"type":"Feature","properties":{"layer":"obstacles"},"geometry":{"type":"Polygon","coordinates":[[[17.0806339,51.1077757],[17.080689,51.1077619],[17.0806279,51.1076641],[17.0805722,51.1076781],[17.0806339,51.1077757]]]}},{"type":"Feature","properties":{"layer":"obstacles"},"geometry":{"type":"Polygon","coordinates":[[[17.0819859,51.1064263],[17.0820241,51.1064017],[17.081765,51.1062466],[17.0817134,51.1062605],[17.0819859,51.1064263]]]}},{"type":"Feature","properties":{"layer":"obstacles"},"geometry":{"type":"Polygon","coordinates":[[[17.0808476,51.1085323],[17.0807705,51.1084391],[17.0804398,51.1085512],[17.0805151,51.108644],[17.0808476,51.1085323]]]}},{"type":"Feature","properties":{"layer":"obstacles"},"geometry":{"type":"Polygon","coordinates":[[[17.0807705,51.1084391],[17.0807556,51.1084211],[17.0807474,51.108411],[17.0804162,51.1085251],[17.0804231,51.1085328],[17.0804398,51.1085512],[17.0807705,51.1084391]]]}},{"type":"Feature","properties":{"layer":"obstacles"},"geometry":{"type":"Polygon","coordinates":[[[17.08095,51.107868],[17.080891,51.107769],[17.0808378,51.1077817],[17.0808968,51.1078807],[17.08095,51.107868]]]}},{"type":"Feature","properties":{"layer":"obstacles"},"geometry":{"type":"Polygon","coordinates":[[[17.080419,51.1093773],[17.0803782,51.1093566],[17.0804111,51.1093315],[17.0803687,51.1093104],[17.080304,51.1093619],[17.0803063,51.1093631],[17.08035,51.1093851],[17.0803859,51.1094032],[17.0804017,51.1093911],[17.080419,51.1093773]]]}},{"type":"Feature","properties":{"layer":"obstacles"},"geometry":{"type":"Polygon","coordinates":[[[17.0757688,51.1156955],[17.0757727,51.1156765],[17.0757977,51.1156783],[17.0758073,51.1156328],[17.0757049,51.1156252],[17.0756959,51.1156706],[17.0757187,51.1156724],[17.075715,51.1156911],[17.0757688,51.1156955]]]}},{"type":"Feature","properties":{"layer":"obstacles"},"geometry":{"type":"Polygon","coordinates":[[[17.084287,51.112962],[17.084431,51.112935],[17.084467,51.112948],[17.08445,51.112968],[17.08442,51.112974],[17.084427,51.112989],[17.084372,51.113],[17.08437,51.112996],[17.084368,51.112997],[17.084369,51.113],[17.084323,51.113009],[17.084321,51.113005],[17.084309,51.113007],[17.084287,51.112962]]]}},{"type":"Feature","properties":{"layer":"obstacles"},"geometry":{"type":"Polygon","coordinates":[[[17.0747717,51.1153524],[17.0747957,51.1153599],[17.0748103,51.1153381],[17.0747882,51.1153318],[17.0748242,51.1152842],[17.074789,51.1152731],[17.0747809,51.1152822],[17.0747321,51.1152696],[17.0746895,51.1153229],[17.0746419,51.1153825],[17.0746941,51.1153994],[17.0746871,51.1154084],[17.0747197,51.1154176],[17.0747717,51.1153524]]]}},{"type":"Feature","properties":{"layer":"obstacles"},"geometry":{"type":"Polygon","coordinates":[[[17.0775345,51.1088522],[17.0774375,51.1087464],[17.0773418,51.1086377],[17.0772847,51.1085751],[17.0772636,51.1085821],[17.0773213,51.1086444],[17.0774147,51.1087547],[17.0774935,51.1088386],[17.0775141,51.1088602],[17.0775345,51.1088522]]]}},{"type":"Feature","properties":{"layer":"obstacles"},"geometry":{"type":"Polygon","coordinates":[[[17.0798346,51.1080594],[17.0798823,51.1081276],[17.0799362,51.1082182],[17.0799827,51.1083042],[17.0800259,51.1084032],[17.080063,51.1085019],[17.0800767,51.1085491],[17.0800828,51.1085684],[17.0800948,51.1086376],[17.0800956,51.1086795],[17.080099,51.1087587],[17.0801208,51.1087586],[17.080121,51.1086791],[17.0801179,51.1086369],[17.0801107,51.1085924],[17.0801061,51.1085673],[17.0801005,51.1085465],[17.0800895,51.1084992],[17.080053,51.1083988],[17.0800378,51.1083609],[17.0800096,51.1083005],[17.0799613,51.1082116],[17.0799053,51.1081211],[17.079858,51.108053],[17.0798346,51.1080594]]]}},{"type":"Feature","properties":{"layer":"obstacles"},"geometry":{"type":"Polygon","coordinates":[[[17.0791729,51.1095011],[17.0792662,51.1094975],[17.0793246,51.1094908],[17.0794313,51.1094687],[17.0795203,51.109442],[17.0796034,51.1094102],[17.0796581,51.1093846],[17.079718,51.1093485],[17.0797836,51.1092993],[17.0798408,51.1092481],[17.0798745,51.1092133],[17.0799061,51.1091724],[17.079954,51.1091095],[17.0799851,51.1090553],[17.0800089,51.1089945],[17.0800309,51.108931],[17.0800372,51.1088755],[17.0800469,51.1087712],[17.0800179,51.108771],[17.0800098,51.1088749],[17.0800006,51.1089313],[17.0799597,51.1090517],[17.0799258,51.1091056],[17.079876,51.1091689],[17.0798475,51.1092037],[17.0798144,51.1092403],[17.0797609,51.1092886],[17.0796983,51.1093374],[17.0796438,51.1093701],[17.0795874,51.1093962],[17.0795107,51.1094285],[17.0794229,51.1094547],[17.0793187,51.1094755],[17.0792621,51.1094821],[17.0791722,51.1094859],[17.0791729,51.1095011]]]}},{"type":"Feature","properties":{"layer":"obstacles"},"geometry":{"type":"Polygon","coordinates":[[[17.0782889,51.1092992],[17.0782436,51.1092779],[17.0781811,51.1092468],[17.0781286,51.1092187],[17.0779558,51.1091186],[17.077923,51.1090949],[17.0778884,51.1090709],[17.0778229,51.1090214],[17.0777742,51.1089835],[17.0776631,51.108884],[17.077604,51.1088254],[17.0775798,51.1088348],[17.0776396,51.108895],[17.0777547,51.1089932],[17.0778068,51.1090337],[17.0779352,51.1091266],[17.0779975,51.1091635],[17.0781122,51.1092302],[17.0781678,51.1092593],[17.0782308,51.1092894],[17.0782751,51.109311],[17.0782889,51.1092992]]]}},{"type":"Feature","properties":{"layer":"obstacles"},"geometry":{"type":"Polygon","coordinates":[[[17.0791763,51.1095506],[17.0792807,51.1095437],[17.0793657,51.1095334],[17.0794476,51.1095192],[17.0795891,51.1094751],[17.0796535,51.1094476],[17.0797153,51.1094166],[17.0797578,51.1093931],[17.0798418,51.1093353],[17.0798985,51.1092804],[17.0799418,51.1092345],[17.0800089,51.1091492],[17.0800397,51.109096],[17.0800654,51.1090506],[17.080092,51.1089862],[17.0801001,51.1089384],[17.0801124,51.1088739],[17.0801208,51.1087586],[17.080099,51.1087587],[17.0800876,51.1088752],[17.0800754,51.1089364],[17.0800642,51.1089841],[17.0800391,51.1090468],[17.0800172,51.1090907],[17.0799858,51.1091459],[17.0799179,51.1092283],[17.0798883,51.1092587],[17.0798692,51.109279],[17.0798233,51.1093264],[17.0797422,51.1093828],[17.0796389,51.1094363],[17.0795748,51.1094611],[17.0794365,51.109503],[17.0793588,51.1095181],[17.0792767,51.1095288],[17.0791757,51.1095358],[17.0791763,51.1095506]]]}},{"type":"Feature","properties":{"layer":"obstacles"},"geometry":{"type":"Polygon","coordinates":[[[17.0800179,51.108771],[17.0800469,51.1087712],[17.0800479,51.1087385],[17.0800463,51.1086738],[17.080032,51.1085749],[17.0800176,51.1085109],[17.0799792,51.1084101],[17.0799349,51.1083176],[17.0799032,51.1082583],[17.0798901,51.1082297],[17.0798378,51.1081422],[17.0797885,51.1080724],[17.0797135,51.1079781],[17.0796217,51.1078574],[17.0795087,51.1077294],[17.0794973,51.1077152],[17.0794042,51.1076067],[17.079297,51.1074849],[17.0792685,51.1074491],[17.0791142,51.1072673],[17.0791035,51.1072553],[17.0790832,51.1072622],[17.0790945,51.1072752],[17.0791274,51.1073159],[17.0791382,51.107328],[17.0792486,51.1074563],[17.07928,51.1074906],[17.0793857,51.107613],[17.0794783,51.1077228],[17.0794892,51.1077368],[17.079602,51.1078647],[17.0796944,51.1079844],[17.0797708,51.1080808],[17.0798656,51.1082353],[17.0798814,51.1082626],[17.0799111,51.1083209],[17.0799524,51.1084144],[17.0799872,51.1085157],[17.0800037,51.1085788],[17.0800183,51.1086761],[17.0800184,51.1087385],[17.0800179,51.108771]]]}},{"type":"Feature","properties":{"layer":"obstacles"},"geometry":{"type":"Polygon","coordinates":[[[17.0798794,51.1074303],[17.0799509,51.1075142],[17.0798794,51.1074303]]]}},{"type":"Feature","properties":{"layer":"obstacles"},"geometry":{"type":"Polygon","coordinates":[[[17.0807769,51.1083964],[17.0806086,51.1081951],[17.0804563,51.1080204],[17.0801983,51.1077122],[17.0798648,51.1078256],[17.0801983,51.1077122],[17.0804563,51.1080204],[17.0806086,51.1081951],[17.0807769,51.1083964]]]}},{"type":"Feature","properties":{"layer":"obstacles"},"geometry":{"type":"Polygon","coordinates":[[[17.0803106,51.1085135],[17.0803172,51.1085496],[17.0803121,51.1085588],[17.08035,51.1086461],[17.0803937,51.1086946],[17.0805088,51.1086585],[17.0803937,51.1086946],[17.08035,51.1086461],[17.0803121,51.1085588],[17.0803172,51.1085496],[17.0803106,51.1085135]]]}},{"type":"Feature","properties":{"layer":"obstacles"},"geometry":{"type":"Polygon","coordinates":[[[17.0797839,51.1078503],[17.079891,51.107977],[17.0800119,51.1081233],[17.0800739,51.1081947],[17.0802159,51.108358],[17.080288,51.1084408],[17.0803143,51.1084883],[17.080288,51.1084408],[17.0802159,51.108358],[17.0800739,51.1081947],[17.0800119,51.1081233],[17.079891,51.107977],[17.0797839,51.1078503]]]}},{"type":"Feature","properties":{"layer":"obstacles"},"geometry":{"type":"Polygon","coordinates":[[[17.0805876,51.1103796],[17.0806081,51.1103848],[17.0806277,51.1103545],[17.0806071,51.1103493],[17.0805876,51.1103796]]]}},{"type":"Feature","properties":{"layer":"obstacles"},"geometry":{"type":"Polygon","coordinates":[[[17.0786665,51.1094821],[17.0785991,51.1094659],[17.0784318,51.1094182],[17.0784166,51.1094133],[17.0782684,51.1093539],[17.0782411,51.1093413],[17.0782274,51.1093523],[17.0782549,51.1093661],[17.0784,51.1094243],[17.0784305,51.1094333],[17.0784893,51.1094521],[17.078592,51.1094803],[17.0786601,51.1094957],[17.0786665,51.1094821]]]}},{"type":"Feature","properties":{"layer":"obstacles"},"geometry":{"type":"Polygon","coordinates":[[[17.0803762,51.1101066],[17.0803707,51.1100717],[17.0803203,51.1100554],[17.0802639,51.1100794],[17.0802685,51.1101156],[17.0803197,51.1101307],[17.0803762,51.1101066]]]}},{"type":"Feature","properties":{"layer":"obstacles"},"geometry":{"type":"Polygon","coordinates":[[[17.0756655,51.1093236],[17.0750667,51.1091493],[17.0750941,51.1090845],[17.0752564,51.1090285],[17.0754348,51.1089826],[17.0755334,51.1090142],[17.0755246,51.1090744],[17.0755461,51.1091283],[17.0756165,51.1091737],[17.0756655,51.109071],[17.0758116,51.109015],[17.0759799,51.109098],[17.0759773,51.1091451],[17.0758733,51.1092108],[17.0757721,51.1091969],[17.0757453,51.109271],[17.0756655,51.1093236]]]}},{"type":"Feature","properties":{"layer":"obstacles"},"geometry":{"type":"Polygon","coordinates":[[[17.0781049,51.1100195],[17.0779976,51.1099745],[17.0778655,51.1097583],[17.0778707,51.1097457],[17.0778876,51.1097415],[17.0779118,51.1097453],[17.0782619,51.1098571],[17.0784076,51.1099067],[17.0782541,51.1100113],[17.0781049,51.1100195]]]}},{"type":"Feature","properties":{"layer":"obstacles"},"geometry":{"type":"Polygon","coordinates":[[[17.0758411,51.1093489],[17.07588,51.1093287],[17.0759739,51.1093203],[17.0761067,51.1093236],[17.0762596,51.109364],[17.0762891,51.1093379],[17.0762716,51.1092916],[17.0762059,51.1092773],[17.076155,51.1092824],[17.0760571,51.1092377],[17.0761228,51.1091729],[17.0763132,51.1092428],[17.0764098,51.1093548],[17.0765117,51.1094011],[17.0765989,51.1093758],[17.076678,51.1094053],[17.0766753,51.1094583],[17.0767383,51.1094558],[17.0768202,51.1094221],[17.0768644,51.1094567],[17.0768657,51.1095291],[17.0769087,51.1095392],[17.0769985,51.1095046],[17.077146,51.1095442],[17.0771353,51.1095787],[17.0771554,51.1095922],[17.0771903,51.109551],[17.0777884,51.1097059],[17.0778089,51.1097217],[17.0778256,51.1097659],[17.0778346,51.1098439],[17.0778065,51.1098566],[17.0777515,51.1099261],[17.0758546,51.1093758],[17.0758411,51.1093489]]]}},{"type":"Feature","properties":{"layer":"obstacles"},"geometry":{"type":"Polygon","coordinates":[[[17.0759323,51.1089388],[17.0769958,51.1092916],[17.0759323,51.1089388]]]}},{"type":"Feature","properties":{"layer":"obstacles"},"geometry":{"type":"Polygon","coordinates":[[[17.0790149,51.1095482],[17.0790447,51.1095495],[17.0790824,51.1095502],[17.0790832,51.1095356],[17.0790463,51.1095352],[17.0790159,51.1095337],[17.0790149,51.1095482]]]}},{"type":"Feature","properties":{"layer":"obstacles"},"geometry":{"type":"Polygon","coordinates":[[[17.0778112,51.1096692],[17.077865,51.109635],[17.0779547,51.1095237],[17.0778174,51.1094741],[17.0774807,51.1093642],[17.0773673,51.1093275],[17.0773533,51.1093362],[17.0773132,51.1093221],[17.0773212,51.1093124],[17.0771525,51.1092552],[17.077017,51.1094029],[17.0774247,51.1095391],[17.0777289,51.109647],[17.0778012,51.1096696],[17.0778112,51.1096692]]]}},{"type":"Feature","properties":{"layer":"obstacles"},"geometry":{"type":"Polygon","coordinates":[[[17.0799429,51.1071912],[17.0800374,51.1073044],[17.0799429,51.1071912]]]}},{"type":"Feature","properties":{"layer":"obstacles"},"geometry":{"type":"Polygon","coordinates":[[[17.0799182,51.1071658],[17.0798313,51.1070637],[17.0798477,51.1070442],[17.0798313,51.1070637],[17.0799182,51.1071658]]]}},{"type":"Feature","properties":{"layer":"obstacles"},"geometry":{"type":"Polygon","coordinates":[[[17.0825853,51.1086907],[17.0826266,51.1087012],[17.0826157,51.108718],[17.082712,51.1087423],[17.0827176,51.1087329],[17.0827723,51.1087475],[17.0827932,51.1087381],[17.0828057,51.1087208],[17.0827998,51.108705],[17.0827464,51.1086912],[17.082751,51.1086822],[17.0826547,51.1086575],[17.0826433,51.1086746],[17.0826012,51.1086639],[17.082593,51.1086782],[17.0825853,51.1086907]]]}},{"type":"Feature","properties":{"layer":"obstacles"},"geometry":{"type":"Polygon","coordinates":[[[17.0772847,51.1085751],[17.0772704,51.1085585],[17.0772394,51.1085233],[17.0772308,51.108514],[17.0771914,51.1084713],[17.0771638,51.108437],[17.0768353,51.1080551],[17.0768237,51.1080409],[17.0767983,51.1080497],[17.076809,51.1080627],[17.0768457,51.1081039],[17.0768578,51.1081178],[17.0771668,51.1084738],[17.0772098,51.1085223],[17.0772636,51.1085821],[17.0772847,51.1085751]]]}},{"type":"Feature","properties":{"layer":"obstacles"},"geometry":{"type":"Polygon","coordinates":[[[17.0773602,51.1085528],[17.0773027,51.1084889],[17.0771304,51.1082873],[17.076951,51.1080812],[17.0769391,51.1080671],[17.0769074,51.10803],[17.0768964,51.1080165],[17.0768714,51.1080251],[17.0768838,51.1080393],[17.0772822,51.1084964],[17.0773379,51.1085603],[17.0773602,51.1085528]]]}},{"type":"Feature","properties":{"layer":"obstacles"},"geometry":{"type":"Polygon","coordinates":[[[17.079858,51.108053],[17.0797953,51.1079621],[17.0796921,51.107832],[17.0796552,51.1077906],[17.0796467,51.1077813],[17.0796343,51.1077677],[17.0796232,51.1077551],[17.0795978,51.1077254],[17.0795459,51.1076658],[17.0795117,51.107625],[17.0794881,51.1075968],[17.0794645,51.1075712],[17.0794461,51.1075779],[17.0794666,51.1076022],[17.0794781,51.1076152],[17.0795037,51.1076471],[17.0795254,51.1076715],[17.07954,51.10769],[17.0796031,51.1077621],[17.0796137,51.1077747],[17.0796338,51.1077971],[17.0796703,51.1078393],[17.0797554,51.1079485],[17.0798346,51.1080594],[17.079858,51.108053]]]}},{"type":"Feature","properties":{"layer":"obstacles"},"geometry":{"type":"Polygon","coordinates":[[[17.0786877,51.1094502],[17.0788123,51.1094779],[17.0789469,51.1094942],[17.0789515,51.1094798],[17.0788174,51.1094626],[17.0786982,51.1094348],[17.0786877,51.1094502]]]}},{"type":"Feature","properties":{"layer":"obstacles"},"geometry":{"type":"Polygon","coordinates":[[[17.0786601,51.1094957],[17.0787697,51.1095204],[17.0788194,51.1095294],[17.0788914,51.1095382],[17.0789347,51.1095434],[17.0789406,51.1095289],[17.0788957,51.1095238],[17.0788211,51.1095153],[17.0786665,51.1094821],[17.0786601,51.1094957]]]}},{"type":"Feature","properties":{"layer":"obstacles"},"geometry":{"type":"Polygon","coordinates":[[[17.0786982,51.1094348],[17.0785926,51.1094096],[17.078533,51.1093903],[17.0784458,51.1093603],[17.0783357,51.1093203],[17.0782889,51.1092992],[17.0782751,51.109311],[17.0782866,51.1093167],[17.078323,51.1093318],[17.0784272,51.1093744],[17.0785172,51.1094043],[17.078585,51.1094223],[17.0786877,51.1094502],[17.0786982,51.1094348]]]}},{"type":"Feature","properties":{"layer":"obstacles"},"geometry":{"type":"Polygon","coordinates":[[[17.0782411,51.1093413],[17.0781667,51.1093058],[17.0781327,51.1092881],[17.0780711,51.1092565],[17.0779029,51.1091544],[17.0777477,51.1090443],[17.07773,51.1090536],[17.0778333,51.1091286],[17.0778862,51.109165],[17.0779703,51.1092188],[17.0780561,51.1092678],[17.0781136,51.1092966],[17.0781727,51.1093272],[17.0782274,51.1093523],[17.0782411,51.1093413]]]}},{"type":"Feature","properties":{"layer":"obstacles"},"geometry":{"type":"Polygon","coordinates":[[[17.077604,51.1088254],[17.0775846,51.1088062],[17.0775404,51.1087589],[17.0774954,51.1087103],[17.0774142,51.1086127],[17.0773602,51.1085528],[17.0773379,51.1085603],[17.0773905,51.1086206],[17.0774711,51.1087174],[17.0775626,51.1088175],[17.0775798,51.1088348],[17.077604,51.1088254]]]}},{"type":"Feature","properties":{"layer":"obstacles"},"geometry":{"type":"Polygon","coordinates":[[[17.0775141,51.1088602],[17.0775353,51.1088833],[17.0775787,51.1089237],[17.0776682,51.1090061],[17.0776883,51.1090219],[17.07773,51.1090536],[17.0777477,51.1090443],[17.0777075,51.1090121],[17.0776871,51.1089967],[17.0775979,51.1089152],[17.0775548,51.1088745],[17.0775345,51.1088522],[17.0775141,51.1088602]]]}},{"type":"Feature","properties":{"layer":"obstacles"},"geometry":{"type":"Polygon","coordinates":[[[17.0790039,51.1095333],[17.079003,51.1095333],[17.0789708,51.1095319],[17.0789406,51.1095289],[17.0789347,51.1095434],[17.0789655,51.1095461],[17.0790029,51.109548],[17.0790039,51.1095333]]]}},{"type":"Feature","properties":{"layer":"obstacles"},"geometry":{"type":"Polygon","coordinates":[[[17.0790941,51.1095505],[17.0791763,51.1095506],[17.0791757,51.1095358],[17.0790948,51.1095358],[17.0790941,51.1095505]]]}},{"type":"Feature","properties":{"layer":"obstacles"},"geometry":{"type":"Polygon","coordinates":[[[17.0790078,51.1094828],[17.0789515,51.1094798],[17.0789469,51.1094942],[17.0790067,51.1094975],[17.0790078,51.1094828]]]}},{"type":"Feature","properties":{"layer":"obstacles"},"geometry":{"type":"Polygon","coordinates":[[[17.0790966,51.1095004],[17.0791729,51.1095011],[17.0791722,51.1094859],[17.0790971,51.1094856],[17.0790966,51.1095004]]]}},{"type":"Feature","properties":{"layer":"obstacles"},"geometry":{"type":"Polygon","coordinates":[[[17.079018,51.1094979],[17.0790498,51.1094997],[17.0790851,51.1095003],[17.0790856,51.1094855],[17.0790515,51.1094848],[17.0790191,51.1094832],[17.079018,51.1094979]]]}},{"type":"Feature","properties":{"layer":"obstacles"},"geometry":{"type":"Polygon","coordinates":[[[17.0898882,51.1164503],[17.0893616,51.1159956],[17.0893852,51.1159106],[17.0894497,51.1158296],[17.0895636,51.1157838],[17.0897743,51.1157774],[17.0898648,51.1157972],[17.0899355,51.1158418],[17.090015,51.1159241],[17.0899527,51.1164125],[17.0898882,51.1164503]]]}},{"type":"Feature","properties":{"layer":"obstacles"},"geometry":{"type":"Polygon","coordinates":[[[17.0867083,51.1140342],[17.0864595,51.1141013],[17.0863146,51.1139599],[17.0860652,51.1140171],[17.0858426,51.114172],[17.0856468,51.1143926],[17.0853705,51.1146637],[17.0851318,51.1146486],[17.0849172,51.1147193],[17.0849065,51.1146384],[17.0851264,51.1144549],[17.0861457,51.1139077],[17.0864219,51.1135642],[17.0860089,51.1134884],[17.0859016,51.113576],[17.0857192,51.113581],[17.0857272,51.1131062],[17.0856414,51.113123],[17.0855153,51.1136686],[17.085276,51.1136417],[17.0851585,51.1137336],[17.0847187,51.1140003],[17.0845237,51.114083],[17.0843325,51.1142377],[17.0841179,51.1142377],[17.0837451,51.1143926],[17.0832462,51.114364],[17.082691,51.1143421],[17.0820928,51.114236],[17.0818273,51.1145627],[17.0815242,51.1145677],[17.0803578,51.11473],[17.0802679,51.1147848],[17.0809958,51.1150274],[17.0811085,51.1149887],[17.081315,51.1150021],[17.0814209,51.1150316],[17.0814518,51.1150535],[17.0815121,51.1151352],[17.0815108,51.1152042],[17.0814733,51.1152909],[17.0815021,51.1153599],[17.0813324,51.1153667],[17.0804878,51.1153448],[17.0796534,51.1153296],[17.0796239,51.1152648],[17.0794824,51.1151882],[17.0791277,51.114955],[17.0790267,51.1148822],[17.0787625,51.1149142],[17.0788417,51.1147719],[17.078839,51.1146692],[17.0786194,51.1146783],[17.0785662,51.1147502],[17.078572,51.1148335],[17.078626,51.1148801],[17.0786608,51.1149393],[17.0785902,51.1149781],[17.0784915,51.1151035],[17.0783856,51.1152129],[17.0783496,51.1152852],[17.0783029,51.1152994],[17.0782604,51.1152755],[17.0781589,51.1153111],[17.0781037,51.1153061],[17.078027,51.1153148],[17.0779801,51.1153654],[17.0780026,51.1153931],[17.077999,51.1154171],[17.0779258,51.1154358],[17.0778605,51.1154845],[17.0778943,51.1155273],[17.0779019,51.1155656],[17.0778393,51.1155828],[17.0778391,51.1156201],[17.077883,51.1156717],[17.0778899,51.115766],[17.0782861,51.1157684],[17.0785171,51.1157674],[17.0787279,51.1157783],[17.0789156,51.115799],[17.0790432,51.1158206],[17.0791611,51.1158442],[17.0793113,51.1158796],[17.0796451,51.1159629],[17.0803988,51.1161516],[17.0804552,51.1161657],[17.0806117,51.116211],[17.0806929,51.1162392],[17.0807943,51.1162808],[17.0808917,51.1163289],[17.0812556,51.1165573],[17.0812889,51.1165375],[17.0814478,51.1166348],[17.0814925,51.1166598],[17.0815545,51.1166891],[17.0816321,51.1167206],[17.081741,51.1167522],[17.0817388,51.1167257],[17.0817953,51.116726],[17.0819829,51.1166795],[17.0821285,51.1166433],[17.0822178,51.1166057],[17.082324,51.116555],[17.0824029,51.1165145],[17.0824387,51.1164891],[17.082448,51.1164626],[17.0824169,51.1164253],[17.0824539,51.1164064],[17.0825286,51.1164121],[17.0829609,51.1163175],[17.0832698,51.1162524],[17.0833933,51.1162277],[17.0836569,51.1161834],[17.084077,51.1161035],[17.0843022,51.1160627],[17.0845751,51.1160259],[17.0846544,51.1160269],[17.0849377,51.1160352],[17.0853376,51.1160594],[17.0854911,51.1160792],[17.0855775,51.1160876],[17.0857527,51.116184],[17.0859321,51.1162247],[17.0861672,51.1162399],[17.0862897,51.1163077],[17.0861856,51.116458],[17.0860002,51.1165239],[17.0858761,51.1164761],[17.0857247,51.1164877],[17.0856907,51.1165643],[17.0855479,51.1165549],[17.0854816,51.1165715],[17.0852762,51.1164445],[17.0853042,51.1163858],[17.0853104,51.1162849],[17.0853188,51.1161655],[17.0854434,51.1161012],[17.0851124,51.1160737],[17.0847813,51.1160602],[17.0846207,51.1160549],[17.0843545,51.1160791],[17.0840432,51.116133],[17.0836943,51.1162009],[17.0832848,51.1162786],[17.0825699,51.1164291],[17.0825328,51.1164467],[17.082523,51.1164791],[17.0825453,51.1165054],[17.0825026,51.1165214],[17.0824524,51.1165226],[17.0823741,51.1165567],[17.0821438,51.1166653],[17.0818548,51.116735],[17.0818285,51.116747],[17.0818101,51.1167639],[17.0817937,51.1167884],[17.0818699,51.1168021],[17.0819981,51.1168206],[17.0821322,51.116824],[17.0823763,51.1168273],[17.0826526,51.1168223],[17.083307,51.1168206],[17.0840098,51.116829],[17.0844658,51.1168341],[17.0851031,51.1168689],[17.0857785,51.1169146],[17.0859243,51.1169269],[17.0859309,51.1168915],[17.0863617,51.1169246],[17.0863905,51.1169675],[17.0870003,51.1170257],[17.0892607,51.1173026],[17.0893352,51.1173044],[17.0893844,51.1172846],[17.0894539,51.1172943],[17.0895853,51.1172466],[17.0895846,51.1171774],[17.0896724,51.1170919],[17.0893899,51.1167516],[17.0894351,51.1167346],[17.0896929,51.1169953],[17.0897355,51.1170325],[17.0897593,51.1170636],[17.0898227,51.1170376],[17.0898664,51.1168089],[17.0899056,51.1168097],[17.0898585,51.1166143],[17.0897588,51.1164723],[17.089239,51.1160411],[17.0892207,51.1159723],[17.0892319,51.1159053],[17.0892769,51.1158391],[17.0893556,51.1157774],[17.0894848,51.1157395],[17.0896281,51.1157289],[17.0898051,51.1157421],[17.0899555,51.1157686],[17.089999,51.115788],[17.0900398,51.1157694],[17.0902828,51.113696],[17.0902055,51.113666],[17.0902182,51.1135902],[17.090176,51.1135196],[17.0894595,51.113382],[17.0884347,51.1144346],[17.0885892,51.1145766],[17.0887971,51.1146313],[17.0891427,51.1145616],[17.089463,51.1147592],[17.0891034,51.114798],[17.0888336,51.114925],[17.0886535,51.114942],[17.0885471,51.114933],[17.0886089,51.1147133],[17.0885105,51.1146331],[17.0885049,51.1145563],[17.088429,51.1145334],[17.0883226,51.1145298],[17.0877905,51.115138],[17.0876704,51.1151552],[17.0875411,51.1150388],[17.0873079,51.1150052],[17.0872188,51.1150426],[17.0873496,51.1151194],[17.0872249,51.115212],[17.0870066,51.115336],[17.0869115,51.115396],[17.0867727,51.1154628],[17.0868071,51.1155796],[17.0867395,51.1157194],[17.0864981,51.1156548],[17.0863329,51.1157531],[17.0866729,51.1158096],[17.0868387,51.1157531],[17.0869483,51.115799],[17.0867432,51.1159313],[17.0867516,51.1159701],[17.0868686,51.1160006],[17.086735,51.1161288],[17.0865465,51.1161081],[17.086538,51.1159683],[17.0861334,51.1158695],[17.0858861,51.1158499],[17.0857352,51.1158268],[17.0855434,51.1157725],[17.0854899,51.1157082],[17.08539,51.1157432],[17.0853055,51.1157053],[17.0852408,51.1156901],[17.0852005,51.1156743],[17.0850828,51.1156075],[17.0850916,51.1154888],[17.0851532,51.1153726],[17.0851586,51.1152985],[17.0849869,51.1152227],[17.085172,51.1151604],[17.0850567,51.1150897],[17.0846973,51.1149264],[17.0848797,51.1148573],[17.0854671,51.1149095],[17.085628,51.1147277],[17.0856602,51.1146587],[17.0859606,51.1147159],[17.0861698,51.1146856],[17.0863763,51.1143253],[17.0862717,51.1141754],[17.086379,51.1141013],[17.0865158,51.1141855],[17.0866088,51.1141778],[17.0867083,51.1140342]]]}},{"type":"Feature","properties":{"layer":"obstacles"},"geometry":{"type":"Polygon","coordinates":[[[17.08853,51.1139466],[17.0885214,51.1139312],[17.0884979,51.1139242],[17.0884734,51.1139296],[17.0884621,51.1139443],[17.0884708,51.1139597],[17.0884942,51.1139668],[17.0885188,51.1139613],[17.08853,51.1139466]]]}},{"type":"Feature","properties":{"layer":"obstacles"},"geometry":{"type":"Polygon","coordinates":[[[17.0823787,51.1169658],[17.0827498,51.1169789],[17.0840413,51.1169536],[17.0847843,51.1169822],[17.0866779,51.1171262],[17.0884643,51.1173762],[17.0893736,51.1174789],[17.089619,51.117457],[17.0897799,51.1174183],[17.089619,51.117457],[17.0893736,51.1174789],[17.0884643,51.1173762],[17.0866779,51.1171262],[17.0847843,51.1169822],[17.0840413,51.1169536],[17.0827498,51.1169789],[17.0823787,51.1169658]]]}},{"type":"Feature","properties":{"layer":"obstacles"},"geometry":{"type":"Polygon","coordinates":[[[17.0852355,51.1132087],[17.0838408,51.1127018],[17.0833768,51.1128079],[17.0832775,51.1127658],[17.0834063,51.1126075],[17.0832427,51.1125503],[17.0837147,51.1118969],[17.0838193,51.1119357],[17.0834841,51.1123667],[17.0837791,51.112456],[17.0842378,51.112062],[17.0849781,51.1122657],[17.0850532,51.1124173],[17.0851819,51.1129494],[17.0852355,51.1132087]]]}},{"type":"Feature","properties":{"layer":"obstacles"},"geometry":{"type":"Polygon","coordinates":[[[17.0890141,51.113782],[17.089399,51.1133712],[17.0889082,51.1132727],[17.0886587,51.1132356],[17.0865961,51.1128214],[17.0863822,51.112754],[17.0863151,51.1127692],[17.0861226,51.1127032],[17.0859723,51.1130811],[17.086164,51.1131378],[17.0862608,51.1130529],[17.0863741,51.1130639],[17.0867793,51.1129178],[17.0869107,51.1129344],[17.0874497,51.1130772],[17.0873582,51.1132148],[17.087557,51.113276],[17.0877877,51.1131615],[17.0881203,51.113367],[17.0884495,51.1133366],[17.0885595,51.1134562],[17.0887767,51.1134714],[17.0888277,51.1135421],[17.0887016,51.1136044],[17.0886587,51.1136903],[17.0887647,51.1137694],[17.0888176,51.1137441],[17.088827,51.1136785],[17.0888693,51.1136675],[17.0889531,51.1136877],[17.0889799,51.1137618],[17.0890141,51.113782]]]}},{"type":"Feature","properties":{"layer":"obstacles"},"geometry":{"type":"Polygon","coordinates":[[[17.0784553,51.1094901],[17.0785983,51.1095395],[17.0788661,51.1095902],[17.0789166,51.1095603],[17.0787987,51.1095421],[17.0786075,51.1094967],[17.0784556,51.1094559],[17.0784483,51.1094766],[17.0784553,51.1094901]]]}},{"type":"Feature","properties":{"layer":"obstacles"},"geometry":{"type":"Polygon","coordinates":[[[17.0778348,51.1091976],[17.078023,51.1093184],[17.0780431,51.1093313],[17.0781093,51.1093586],[17.0782049,51.1093981],[17.078341,51.1094543],[17.0783719,51.1094694],[17.0783979,51.1094576],[17.0784072,51.1094403],[17.0783134,51.1094002],[17.0781875,51.1093491],[17.0780773,51.1092909],[17.0779985,51.1092493],[17.0778742,51.1091737],[17.0778511,51.109178],[17.0778348,51.1091976]]]}},{"type":"Feature","properties":{"layer":"obstacles"},"geometry":{"type":"Polygon","coordinates":[[[17.0773382,51.1087648],[17.0774612,51.1089],[17.0774921,51.1089345],[17.077686,51.1091162],[17.0777804,51.109175],[17.0778177,51.1091502],[17.0776921,51.1090597],[17.0775876,51.1089623],[17.0773606,51.1087282],[17.0773113,51.1086798],[17.0772754,51.1086973],[17.0773382,51.1087648]]]}},{"type":"Feature","properties":{"layer":"obstacles"},"geometry":{"type":"Polygon","coordinates":[[[17.0771841,51.1085148],[17.0771605,51.1084848],[17.0770927,51.1084801],[17.0770758,51.1084896],[17.0771189,51.108538],[17.0771841,51.1085148]]]}},{"type":"Feature","properties":{"layer":"obstacles"},"geometry":{"type":"Polygon","coordinates":[[[17.0770793,51.1084607],[17.0770393,51.1084574],[17.076934,51.1083373],[17.0767678,51.1081381],[17.0768583,51.1081219],[17.0768998,51.108169],[17.0770031,51.1082887],[17.0771368,51.108441],[17.077159,51.1084659],[17.0770793,51.1084607]]]}},{"type":"Feature","properties":{"layer":"obstacles"},"geometry":{"type":"Polygon","coordinates":[[[17.0811848,51.1151862],[17.0812324,51.1151985],[17.081252,51.1151684],[17.0812044,51.1151561],[17.0811848,51.1151862]]]}},{"type":"Feature","properties":{"layer":"obstacles"},"geometry":{"type":"Polygon","coordinates":[[[17.0800058,51.109436],[17.0800504,51.1094245],[17.0800058,51.109436]]]}},{"type":"Feature","properties":{"layer":"obstacles"},"geometry":{"type":"Polygon","coordinates":[[[17.0798878,51.1094675],[17.0799536,51.1094502],[17.0798878,51.1094675]]]}},{"type":"Feature","properties":{"layer":"obstacles"},"geometry":{"type":"Polygon","coordinates":[[[17.0798862,51.1196823],[17.0798594,51.1196335],[17.0797854,51.1194868],[17.0797219,51.1193548],[17.0796237,51.1192082],[17.0794551,51.1190157],[17.0793298,51.1188965],[17.0791924,51.1187892],[17.0790611,51.1187056],[17.0789852,51.1186615],[17.0786766,51.1185117],[17.0783344,51.1183799],[17.077757,51.1182314],[17.0773915,51.118152],[17.07738,51.1181167],[17.0773955,51.1180915],[17.0777259,51.1179157],[17.0777635,51.1179099],[17.0778058,51.1179107],[17.0778476,51.1179194],[17.0778801,51.1179058],[17.0779126,51.1178728],[17.0779312,51.117795],[17.0779177,51.1177274],[17.0781001,51.1176008],[17.0782403,51.1175738],[17.078257,51.1175694],[17.07831,51.1175554],[17.078703,51.1173125],[17.078738,51.1173007],[17.0788028,51.1172934],[17.078854,51.1173002],[17.0789011,51.1173173],[17.0785842,51.1176796],[17.0786404,51.1176993],[17.0787236,51.1177078],[17.0787798,51.1176641],[17.0789866,51.1174157],[17.0790858,51.1173845],[17.0793376,51.1173936],[17.0797709,51.1173235],[17.079783,51.1173628],[17.079863,51.1176224],[17.0798654,51.1178503],[17.0799036,51.1179801],[17.0799778,51.1180972],[17.0800115,51.1181057],[17.080052,51.1180746],[17.0800362,51.1180196],[17.080061,51.1178136],[17.0801351,51.1177219],[17.080324,51.1175328],[17.080279,51.1174736],[17.080043,51.1174087],[17.0800392,51.1173519],[17.0800587,51.1173141],[17.0808836,51.1171984],[17.0811689,51.1171701],[17.0811016,51.1172577],[17.0809735,51.1173667],[17.0808656,51.1174823],[17.0807895,51.1176014],[17.0807628,51.1177234],[17.0807544,51.117831],[17.0807727,51.117909],[17.0807861,51.1179721],[17.0808186,51.118057],[17.0808447,51.1181106],[17.0809582,51.1182448],[17.0812976,51.1185662],[17.0816024,51.1189172],[17.0819395,51.1193478],[17.0819342,51.1193711],[17.0818803,51.119397],[17.0812312,51.1194698],[17.080996,51.1192739],[17.0808791,51.1192655],[17.0808185,51.1192965],[17.080796,51.1193614],[17.0808039,51.1195177],[17.0807784,51.1195206],[17.080512,51.1195593],[17.0803444,51.1195853],[17.080179,51.1196247],[17.0798862,51.1196823]]]}},{"type":"Feature","properties":{"layer":"obstacles"},"geometry":{"type":"Polygon","coordinates":[[[17.0783668,51.1173399],[17.0783624,51.1173866],[17.0782906,51.1175377],[17.07831,51.1175554],[17.078257,51.1175694],[17.0781001,51.1176008],[17.0779177,51.1177274],[17.077711,51.1176518],[17.0775761,51.1176566],[17.0773853,51.1177014],[17.0772555,51.1178164],[17.0771867,51.1178787],[17.0771218,51.1179123],[17.0770773,51.1179107],[17.0769728,51.1178315],[17.0769602,51.1178036],[17.0770009,51.1177397],[17.0770111,51.1176742],[17.0769755,51.1176247],[17.0769399,51.1175927],[17.0765199,51.1175049],[17.0762858,51.1175065],[17.0762221,51.1175342],[17.0762196,51.1175555],[17.0759303,51.1176828],[17.0755505,51.1173432],[17.0755972,51.1173193],[17.0760725,51.1172617],[17.0762533,51.1172594],[17.0762297,51.1171937],[17.0764713,51.1171783],[17.076534,51.1171754],[17.0775232,51.1171687],[17.0783097,51.1171732],[17.0783137,51.1170572],[17.0783554,51.1171108],[17.0783668,51.1173399]]]}},{"type":"Feature","properties":{"layer":"obstacles"},"geometry":{"type":"Polygon","coordinates":[[[17.0784275,51.115967],[17.0786154,51.1159482],[17.0787137,51.1159489],[17.0787469,51.1159514],[17.0787929,51.1159662],[17.078817,51.1159706],[17.0788433,51.1159675],[17.078861,51.1159636],[17.0788809,51.1159646],[17.0789146,51.1159751],[17.0793051,51.1160603],[17.0797399,51.1161711],[17.0800745,51.1162533],[17.0802522,51.1162861],[17.0803191,51.1163062],[17.0803741,51.1163362],[17.0804338,51.1163628],[17.0804595,51.1163631],[17.0805736,51.1164158],[17.0807737,51.1165249],[17.0809764,51.1166461],[17.0808176,51.1168069],[17.0806766,51.1168181],[17.0805734,51.1167795],[17.0804219,51.1167004],[17.0804027,51.1167022],[17.0803193,51.1167458],[17.0802875,51.1168131],[17.0802042,51.1168654],[17.0799282,51.1168629],[17.0798203,51.1168528],[17.0798469,51.1168044],[17.0800856,51.116537],[17.0801082,51.1165152],[17.0801215,51.1164885],[17.0801169,51.1164623],[17.0800982,51.1164479],[17.0800696,51.1164379],[17.080027,51.1164323],[17.0799938,51.1164331],[17.0799448,51.1164467],[17.0798477,51.1164782],[17.0797587,51.1165233],[17.0797263,51.1165678],[17.0797146,51.1166236],[17.0796483,51.1167707],[17.0796244,51.1168244],[17.0794399,51.1167782],[17.079417,51.116761],[17.0794536,51.1167419],[17.0794536,51.1167055],[17.0794126,51.1166449],[17.0793173,51.1165809],[17.0792366,51.1165382],[17.0791316,51.1165203],[17.0789897,51.1165439],[17.0789032,51.1165873],[17.0787809,51.1165601],[17.0787471,51.116534],[17.0787037,51.1165673],[17.0786376,51.1164425],[17.0786087,51.1164354],[17.0783166,51.1165827],[17.078312,51.1160969],[17.0782951,51.116091],[17.0777781,51.1161305],[17.0777749,51.1160594],[17.0784275,51.115967]]]}},{"type":"Feature","properties":{"layer":"obstacles"},"geometry":{"type":"Polygon","coordinates":[[[17.0794686,51.1106712],[17.0796257,51.1107163],[17.0794686,51.1106712]]]}},{"type":"Feature","properties":{"layer":"obstacles"},"geometry":{"type":"Polygon","coordinates":[[[17.0805615,51.1073074],[17.0801165,51.1074585],[17.0797397,51.1070071],[17.079967,51.1069324],[17.0802611,51.1069033],[17.0803898,51.1072165],[17.0804595,51.1072839],[17.0805615,51.1073074]]]}},{"type":"Feature","properties":{"layer":"obstacles"},"geometry":{"type":"Polygon","coordinates":[[[17.0823186,51.1089586],[17.0824428,51.1087588],[17.0827058,51.1088378],[17.0827485,51.1088167],[17.0828856,51.1088322],[17.0829621,51.1086953],[17.0826833,51.1085937],[17.0828272,51.1083608],[17.0831849,51.1084055],[17.0834612,51.1086637],[17.0835032,51.1087317],[17.0835217,51.1088152],[17.0832369,51.1091344],[17.0831826,51.10915],[17.0827552,51.1090915],[17.0823186,51.1089586]]]}},{"type":"Feature","properties":{"layer":"obstacles"},"geometry":{"type":"Polygon","coordinates":[[[17.0810664,51.1065641],[17.0816369,51.1062066],[17.0820464,51.1064663],[17.0825588,51.1067463],[17.0827234,51.1068491],[17.0829644,51.1069423],[17.0829886,51.1069547],[17.0833394,51.1071475],[17.0833289,51.1071783],[17.0831793,51.1073912],[17.083334,51.1074823],[17.0837251,51.1076263],[17.0839632,51.1077534],[17.0841175,51.1078589],[17.0841265,51.107865],[17.084318,51.1080162],[17.0844638,51.1081533],[17.0840897,51.108246],[17.0838513,51.1083142],[17.0838984,51.1083958],[17.0836032,51.1084625],[17.0831849,51.1084055],[17.0828272,51.1083608],[17.0826833,51.1085937],[17.0825847,51.108582],[17.0824753,51.1086123],[17.082423,51.1087403],[17.0824428,51.1087588],[17.0823186,51.1089586],[17.0819348,51.1088712],[17.0817413,51.1091365],[17.0813621,51.1090355],[17.0814028,51.1089723],[17.081458,51.108904],[17.081528,51.108838],[17.0815585,51.1087913],[17.0815836,51.1087216],[17.0815932,51.1086147],[17.0816548,51.1084899],[17.0816825,51.1084219],[17.0817229,51.1082942],[17.0817276,51.1082429],[17.0817384,51.1081996],[17.0817869,51.1081286],[17.0818208,51.1080932],[17.0818278,51.1080577],[17.0817888,51.1079947],[17.0817772,51.1077841],[17.0817348,51.1076563],[17.0817,51.107595],[17.0816729,51.1075231],[17.0816246,51.1073533],[17.08155,51.107193],[17.081385,51.10693],[17.0810664,51.1065641]]]}},{"type":"Feature","properties":{"layer":"obstacles"},"geometry":{"type":"Polygon","coordinates":[[[17.0805099,51.1053408],[17.0806687,51.105498],[17.0808787,51.105686],[17.081218,51.1059409],[17.0816369,51.1062066],[17.0810664,51.1065641],[17.0809918,51.1065696],[17.0804542,51.1068191],[17.0802611,51.1069033],[17.079967,51.1069324],[17.0794402,51.1063256],[17.0793993,51.1063335],[17.0791776,51.106098],[17.0790275,51.1059236],[17.0789457,51.1058383],[17.0788996,51.1057754],[17.0788745,51.105709],[17.0788855,51.1056726],[17.0789253,51.1056339],[17.0789813,51.1055986],[17.0789627,51.1055835],[17.0790788,51.1055083],[17.0791165,51.1054785],[17.0791507,51.1054455],[17.0793069,51.1053738],[17.0793682,51.1052955],[17.0793349,51.1052336],[17.0792153,51.1051088],[17.0794086,51.1050479],[17.0795387,51.1050028],[17.0796857,51.1049572],[17.0796187,51.1050573],[17.0800012,51.1051289],[17.0801745,51.1052116],[17.0802209,51.1052172],[17.0802385,51.1051806],[17.0805099,51.1053408]]]}},{"type":"Feature","properties":{"layer":"obstacles"},"geometry":{"type":"Polygon","coordinates":[[[17.0883056,51.108839],[17.0883097,51.1086413],[17.0883937,51.1086324],[17.0884462,51.1085974],[17.0884848,51.1085388],[17.0885276,51.1085152],[17.0886208,51.1085023],[17.0887156,51.1084844],[17.0887423,51.1084739],[17.0887609,51.1084666],[17.088787,51.1084402],[17.0887828,51.1083938],[17.0887902,51.1083261],[17.0888632,51.1082088],[17.0888737,51.1081569],[17.0888643,51.1081099],[17.0888051,51.1080719],[17.0887264,51.1080664],[17.0886581,51.1080898],[17.0886397,51.1081259],[17.0885991,51.108087],[17.0886348,51.1079895],[17.0886216,51.1079203],[17.0884893,51.107768],[17.0883879,51.1076462],[17.0883994,51.1076007],[17.0884452,51.1075465],[17.0885775,51.1074635],[17.0887935,51.1073804],[17.0888569,51.1073514],[17.0889203,51.1073094],[17.088992,51.1072254],[17.0890052,51.1071479],[17.089014,51.1069901],[17.088992,51.1068406],[17.0889126,51.1067465],[17.0887759,51.1066745],[17.0880969,51.10668],[17.0880263,51.1067077],[17.0878789,51.1068805],[17.0877043,51.1068465],[17.0877223,51.106808],[17.0877274,51.10678],[17.0877177,51.1067489],[17.0876336,51.1066627],[17.0875941,51.1065981],[17.0875679,51.1065636],[17.0875309,51.1065473],[17.0874145,51.1065224],[17.0873657,51.1065052],[17.0873208,51.10651],[17.0872606,51.1065135],[17.0872006,51.1065002],[17.0871652,51.1065073],[17.0870596,51.1063427],[17.0871862,51.1063322],[17.08741,51.1063137],[17.0877042,51.1063016],[17.0893028,51.1062472],[17.0890802,51.1084626],[17.0890267,51.1084595],[17.0889846,51.1089796],[17.0889586,51.1089896],[17.0889586,51.1089457],[17.0889221,51.1088962],[17.0887946,51.1088733],[17.0886214,51.108837],[17.0883785,51.1088294],[17.0883056,51.108839]]]}},{"type":"Feature","properties":{"layer":"obstacles"},"geometry":{"type":"Polygon","coordinates":[[[17.0866021,51.1076397],[17.0863908,51.1076507],[17.0864375,51.1074888],[17.0864084,51.107458],[17.0862621,51.1074219],[17.086189,51.1074313],[17.0861452,51.1074564],[17.0859113,51.1077479],[17.0858459,51.107797],[17.0857494,51.1078492],[17.0853198,51.107966],[17.0851278,51.1080838],[17.0850344,51.1081178],[17.0849291,51.1081876],[17.0849114,51.1082644],[17.0847861,51.1082985],[17.0846586,51.1081188],[17.0846549,51.1080479],[17.0847156,51.1079882],[17.0848948,51.1078708],[17.0858806,51.1072886],[17.0860753,51.1071403],[17.0862065,51.1069851],[17.086415,51.1066286],[17.0865757,51.1064843],[17.0867212,51.1064077],[17.0868265,51.1063729],[17.0870596,51.1063427],[17.0871652,51.1065073],[17.0871024,51.1065445],[17.0870829,51.1065664],[17.0870988,51.1065918],[17.0871059,51.1066201],[17.0870401,51.1067049],[17.0869752,51.1067522],[17.0869501,51.106798],[17.0869588,51.1068144],[17.0869889,51.1068333],[17.0870284,51.1068555],[17.0870762,51.1068704],[17.0871111,51.1068722],[17.087135,51.1068652],[17.0871695,51.1068423],[17.0871942,51.10682],[17.0873119,51.1067711],[17.087351,51.1067703],[17.0873976,51.1067779],[17.0874357,51.1067957],[17.0874712,51.1068267],[17.0874975,51.1068494],[17.0875253,51.1068686],[17.0875527,51.1068789],[17.0875864,51.1068865],[17.0876188,51.1068849],[17.0876788,51.1068631],[17.0877043,51.1068465],[17.0878789,51.1068805],[17.0877265,51.1070593],[17.0876842,51.1070797],[17.0876251,51.107087],[17.0870695,51.1070953],[17.0870111,51.1070993],[17.0867476,51.1071506],[17.0867108,51.1071812],[17.0866991,51.1072143],[17.0866021,51.1076397]]]}},{"type":"Feature","properties":{"layer":"obstacles"},"geometry":{"type":"Polygon","coordinates":[[[17.0858456,51.1091539],[17.0858108,51.1091516],[17.0853634,51.109195],[17.0852917,51.1091839],[17.085162,51.1089252],[17.0850439,51.108719],[17.0849234,51.1084979],[17.0848819,51.1084336],[17.0847861,51.1082985],[17.0849114,51.1082644],[17.0850283,51.1083077],[17.0859637,51.1080728],[17.0861108,51.1080373],[17.0862312,51.1079401],[17.0863515,51.1077868],[17.0863908,51.1076507],[17.0866021,51.1076397],[17.0865828,51.1077338],[17.0865768,51.1079174],[17.086831,51.107865],[17.0869284,51.1079341],[17.0869718,51.1079828],[17.0869812,51.1080081],[17.0870002,51.1080617],[17.0870002,51.1080959],[17.0869647,51.1081435],[17.0869173,51.1082193],[17.0869125,51.1082892],[17.086877,51.1083875],[17.0869641,51.108417],[17.0870425,51.1084258],[17.0872839,51.1084445],[17.0872966,51.1083766],[17.08756,51.1082031],[17.0875687,51.1081985],[17.0876421,51.1081926],[17.0880211,51.1082431],[17.0882986,51.108308],[17.0883089,51.1083324],[17.0882517,51.108342],[17.08821,51.1083707],[17.0881775,51.108402],[17.0881403,51.1084094],[17.0881006,51.1084053],[17.0880469,51.1083974],[17.0879985,51.1083987],[17.0879604,51.1084163],[17.0879458,51.1084446],[17.0879658,51.10849],[17.0880283,51.1085224],[17.0881012,51.1085556],[17.0881738,51.1085837],[17.0882385,51.1086188],[17.0883097,51.1086413],[17.0883056,51.108839],[17.0882327,51.1091841],[17.0882418,51.1093138],[17.088264,51.1094968],[17.0879235,51.1094947],[17.087924,51.1094599],[17.0879327,51.1087972],[17.0874298,51.1087714],[17.0874176,51.1087557],[17.0874184,51.1085779],[17.0869515,51.1085837],[17.0864193,51.1085777],[17.0864611,51.108835],[17.0864697,51.1089328],[17.0863886,51.1089395],[17.0862553,51.1089692],[17.0862462,51.1087534],[17.0862269,51.1085178],[17.0861382,51.1085182],[17.0860713,51.1085217],[17.0859781,51.108529],[17.0859105,51.1085374],[17.0858621,51.1085448],[17.0858084,51.1085584],[17.0857255,51.1085911],[17.0856457,51.1086253],[17.0855523,51.1087139],[17.0854939,51.1087565],[17.0860342,51.1090494],[17.0859379,51.109119],[17.0858456,51.1091539]]]}},{"type":"Feature","properties":{"layer":"obstacles"},"geometry":{"type":"Polygon","coordinates":[[[17.0889445,51.1094743],[17.0884396,51.1094975],[17.0885212,51.1094205],[17.088916,51.1090239],[17.0889586,51.1089896],[17.0889846,51.1089796],[17.0889445,51.1094743]]]}},{"type":"Feature","properties":{"layer":"obstacles"},"geometry":{"type":"Polygon","coordinates":[[[17.0866794,51.114172],[17.0867334,51.1141856],[17.0867911,51.1141988],[17.0868825,51.1141924],[17.0869047,51.1140491],[17.0868591,51.1139936],[17.0867856,51.1140198],[17.0866794,51.114172]]]}},{"type":"Feature","properties":{"layer":"obstacles"},"geometry":{"type":"Polygon","coordinates":[[[17.0870751,51.1143652],[17.0872418,51.1141482],[17.0870481,51.1140987],[17.0869049,51.1142741],[17.0870751,51.1143652]]]}},{"type":"Feature","properties":{"layer":"obstacles"},"geometry":{"type":"Polygon","coordinates":[[[17.0865864,51.1142964],[17.0864943,51.1144196],[17.0865369,51.1145429],[17.0864598,51.114669],[17.0863227,51.1147041],[17.0863048,51.1147632],[17.0869342,51.1148725],[17.0869689,51.1147911],[17.0869798,51.1146848],[17.0869073,51.1146275],[17.0869342,51.1145711],[17.0869955,51.1144689],[17.086816,51.1143829],[17.0865864,51.1142964]]]}},{"type":"Feature","properties":{"layer":"obstacles"},"geometry":{"type":"Polygon","coordinates":[[[17.0771432,51.1085653],[17.0772192,51.1086507],[17.0772416,51.1086508],[17.0772723,51.1086411],[17.0772867,51.1086294],[17.0772067,51.1085423],[17.0771432,51.1085653]]]}},{"type":"Feature","properties":{"layer":"obstacles"},"geometry":{"type":"Polygon","coordinates":[[[17.0787622,51.1160667],[17.0787599,51.116048],[17.0787753,51.1160407],[17.0787892,51.1160437],[17.0787961,51.1160638],[17.0787937,51.1160683],[17.078782,51.1160731],[17.0787697,51.1160714],[17.0787622,51.1160667]]]}},{"type":"Feature","properties":{"layer":"obstacles"},"geometry":{"type":"Polygon","coordinates":[[[17.0764242,51.1089539],[17.0766147,51.1090191],[17.0766226,51.1090044],[17.0766385,51.1089766],[17.0766487,51.1089414],[17.076617,51.1089499],[17.0765776,51.1089497],[17.0765499,51.1089393],[17.0765316,51.1089287],[17.0764959,51.1088895],[17.0764709,51.1089044],[17.0764376,51.1089333],[17.0764242,51.1089539]]]}},{"type":"Feature","properties":{"layer":"obstacles"},"geometry":{"type":"Polygon","coordinates":[[[17.0800495,51.1074808],[17.0799688,51.1073871],[17.0800495,51.1074808]]]}},{"type":"Feature","properties":{"layer":"obstacles"},"geometry":{"type":"Polygon","coordinates":[[[17.0800848,51.1073616],[17.0801832,51.107479],[17.0800848,51.1073616]]]}},{"type":"Feature","properties":{"layer":"obstacles"},"geometry":{"type":"Polygon","coordinates":[[[17.079743,51.1075805],[17.0797031,51.1075302],[17.079743,51.1075805]]]}},{"type":"Feature","properties":{"layer":"obstacles"},"geometry":{"type":"Polygon","coordinates":[[[17.0800677,51.1074955],[17.0801669,51.1076192],[17.0800677,51.1074955]]]}},{"type":"Feature","properties":{"layer":"obstacles"},"geometry":{"type":"Polygon","coordinates":[[[17.0879406,51.109426],[17.0879464,51.1088547],[17.0879406,51.109426]]]}},{"type":"Feature","properties":{"layer":"obstacles"},"geometry":{"type":"Polygon","coordinates":[[[17.0776962,51.1143492],[17.0781092,51.1142898],[17.0776962,51.1143492]]]}},{"type":"Feature","properties":{"layer":"obstacles"},"geometry":{"type":"Polygon","coordinates":[[[17.0781944,51.1142793],[17.0782849,51.1142679],[17.0781944,51.1142793]]]}},{"type":"Feature","properties":{"layer":"obstacles"},"geometry":{"type":"Polygon","coordinates":[[[17.0784173,51.1140935],[17.0784097,51.1141075],[17.0784036,51.1141219],[17.0784026,51.1141375],[17.0784062,51.1141522],[17.0784128,51.1141713],[17.078428,51.1141898],[17.0784458,51.114202],[17.0784616,51.1142093],[17.0784844,51.1142131],[17.0784616,51.1142093],[17.0784458,51.114202],[17.078428,51.1141898],[17.0784128,51.1141713],[17.0784062,51.1141522],[17.0784026,51.1141375],[17.0784036,51.1141219],[17.0784097,51.1141075],[17.0784173,51.1140935]]]}},{"type":"Feature","properties":{"layer":"obstacles"},"geometry":{"type":"Polygon","coordinates":[[[17.0783482,51.1140546],[17.0783061,51.1140632],[17.0783482,51.1140546]]]}},{"type":"Feature","properties":{"layer":"obstacles"},"geometry":{"type":"Polygon","coordinates":[[[17.0782796,51.114075],[17.0782207,51.1140897],[17.0781699,51.1140995],[17.0780377,51.1141193],[17.0781699,51.1140995],[17.0782207,51.1140897],[17.0782796,51.114075]]]}},{"type":"Feature","properties":{"layer":"obstacles"},"geometry":{"type":"Polygon","coordinates":[[[17.0779701,51.1141257],[17.0777302,51.1141614],[17.077684,51.1141653],[17.0777302,51.1141614],[17.0779701,51.1141257]]]}},{"type":"Feature","properties":{"layer":"boundary"},"geometry":{"type":"Polygon","coordinates":[[[17.0846549,51.1080479],[17.0847156,51.1079882],[17.0848948,51.1078708],[17.0858806,51.1072886],[17.0860753,51.1071403],[17.0862065,51.1069851],[17.086415,51.1066286],[17.0865757,51.1064843],[17.0867212,51.1064077],[17.0868265,51.1063729],[17.0870596,51.1063427],[17.0871862,51.1063322],[17.08741,51.1063137],[17.0877042,51.1063016],[17.0893028,51.1062472],[17.0890802,51.1084626],[17.0890267,51.1084595],[17.0889846,51.1089796],[17.0889445,51.1094743],[17.0884396,51.1094975],[17.088264,51.1094968],[17.0879235,51.1094947],[17.087924,51.1094599],[17.0879327,51.1087972],[17.0874298,51.1087714],[17.0874176,51.1087557],[17.0874184,51.1085779],[17.0869515,51.1085837],[17.0864193,51.1085777],[17.0864611,51.108835],[17.0864697,51.1089328],[17.0863886,51.1089395],[17.0862553,51.1089692],[17.0862462,51.1087534],[17.0862269,51.1085178],[17.0861382,51.1085182],[17.0860713,51.1085217],[17.0859781,51.108529],[17.0859105,51.1085374],[17.0858621,51.1085448],[17.0858084,51.1085584],[17.0857255,51.1085911],[17.0856457,51.1086253],[17.0855523,51.1087139],[17.0854939,51.1087565],[17.0860342,51.1090494],[17.0859379,51.109119],[17.0858456,51.1091539],[17.0858108,51.1091516],[17.0853634,51.109195],[17.0852917,51.1091839],[17.085162,51.1089252],[17.0850439,51.108719],[17.0849234,51.1084979],[17.0848819,51.1084336],[17.0847861,51.1082985],[17.0846586,51.1081188],[17.0846549,51.1080479]]]}},{"type":"Feature","properties":{"layer":"boundary"},"geometry":{"type":"Polygon","coordinates":[[[17.0783754,51.1101134],[17.0781423,51.1100403],[17.0763954,51.1095415],[17.0750394,51.1091574],[17.0750586,51.1090364],[17.0752566,51.1089593],[17.0754172,51.1089235],[17.0756635,51.1088864],[17.0761196,51.1087672],[17.0761729,51.1087855],[17.0762653,51.1087617],[17.0763284,51.1087896],[17.0763793,51.1087979],[17.0764332,51.1087969],[17.0765315,51.1087685],[17.0765648,51.1087505],[17.0765938,51.1087144],[17.0766023,51.1086834],[17.0766,51.1086505],[17.0766725,51.1086228],[17.0766851,51.1085748],[17.0769758,51.1084749],[17.077835,51.1081856],[17.0801165,51.1074585],[17.0797397,51.1070071],[17.079967,51.1069324],[17.0794402,51.1063256],[17.0793993,51.1063335],[17.0791776,51.106098],[17.0790275,51.1059236],[17.0789457,51.1058383],[17.0788996,51.1057754],[17.0788745,51.105709],[17.0788855,51.1056726],[17.0789253,51.1056339],[17.0789813,51.1055986],[17.0789627,51.1055835],[17.0790788,51.1055083],[17.0791165,51.1054785],[17.0791507,51.1054455],[17.0793069,51.1053738],[17.0793682,51.1052955],[17.0793349,51.1052336],[17.0792153,51.1051088],[17.0794086,51.1050479],[17.0795387,51.1050028],[17.0796857,51.1049572],[17.0796187,51.1050573],[17.0799981,51.1051311],[17.0801745,51.1052116],[17.0802209,51.1052172],[17.0802385,51.1051806],[17.0805099,51.1053408],[17.0806687,51.105498],[17.0808787,51.105686],[17.081218,51.1059409],[17.0816369,51.1062066],[17.0820464,51.1064663],[17.0825588,51.1067463],[17.0827234,51.1068491],[17.0829644,51.1069423],[17.0829886,51.1069547],[17.0828054,51.1071708],[17.0831793,51.1073912],[17.083334,51.1074823],[17.0837251,51.1076263],[17.0839632,51.1077534],[17.0841175,51.1078589],[17.0841265,51.107865],[17.084318,51.1080162],[17.0844638,51.1081533],[17.0845449,51.1081301],[17.0847428,51.1084102],[17.0849571,51.1087345],[17.085018,51.1088485],[17.0851783,51.1091265],[17.0852827,51.1094061],[17.0852957,51.1096527],[17.0851768,51.1105989],[17.0851972,51.1118602],[17.0851608,51.1120336],[17.0843757,51.1118059],[17.0842736,51.1117788],[17.0840861,51.1117751],[17.0815458,51.1110555],[17.0783754,51.1101134]]]}},{"type":"Feature","properties":{"layer":"boundary"},"geometry":{"type":"Polygon","coordinates":[[[17.080179,51.1196247],[17.0798862,51.1196823],[17.0798594,51.1196335],[17.0797854,51.1194868],[17.0797219,51.1193548],[17.0796237,51.1192082],[17.0794551,51.1190157],[17.0793298,51.1188965],[17.0791924,51.1187892],[17.0790611,51.1187056],[17.0789852,51.1186615],[17.0786766,51.1185117],[17.0783344,51.1183799],[17.077757,51.1182314],[17.0773915,51.118152],[17.0771036,51.1181194],[17.0769209,51.1178537],[17.0768256,51.1177779],[17.0768506,51.1177328],[17.0767615,51.1176481],[17.0765428,51.1177578],[17.0764456,51.1176735],[17.0762196,51.1175555],[17.0759303,51.1176828],[17.0755505,51.1173432],[17.0755972,51.1173193],[17.0760725,51.1172617],[17.0762533,51.1172594],[17.0762297,51.1171937],[17.0764713,51.1171783],[17.076534,51.1171754],[17.0775232,51.1171687],[17.0783097,51.1171732],[17.0783137,51.1170572],[17.0783166,51.1165827],[17.078312,51.1160969],[17.0782951,51.116091],[17.0777781,51.1161305],[17.0777749,51.1160594],[17.0777861,51.1159394],[17.0773904,51.1159866],[17.0768694,51.1159384],[17.0765611,51.1158502],[17.0765286,51.1157964],[17.076231,51.1157829],[17.075959,51.1157702],[17.0756766,51.1157358],[17.0752704,51.1156386],[17.0749365,51.115546],[17.0744292,51.1153421],[17.0742011,51.1152458],[17.0741479,51.1151763],[17.0740984,51.1151021],[17.0738316,51.1147393],[17.0739685,51.1147211],[17.0745902,51.114816],[17.0746907,51.1148314],[17.0748044,51.1148488],[17.0757975,51.1146915],[17.0757632,51.1143115],[17.0757431,51.1140954],[17.0758698,51.1140989],[17.075859,51.1138306],[17.0757646,51.1133069],[17.0758783,51.1132994],[17.0767389,51.1131395],[17.0770374,51.1130789],[17.0779108,51.1129096],[17.0779701,51.1129077],[17.0780592,51.1129638],[17.0780962,51.1129256],[17.0781102,51.1128893],[17.0779533,51.1125628],[17.077891,51.1125403],[17.0777359,51.1122477],[17.0776625,51.1121321],[17.0776028,51.11207],[17.0775766,51.1120083],[17.0775588,51.1118885],[17.0778224,51.1110818],[17.0778236,51.1110768],[17.0777922,51.1110616],[17.0782352,51.1103157],[17.0788282,51.1104843],[17.0814462,51.1112392],[17.0814895,51.1121029],[17.082845,51.1127851],[17.0830509,51.1128975],[17.0831739,51.1129738],[17.0832812,51.1130879],[17.0832883,51.1133831],[17.0837903,51.1135914],[17.0835112,51.1138521],[17.0841415,51.1140938],[17.0842114,51.1141782],[17.0845237,51.114083],[17.0847189,51.1140001],[17.0851585,51.1137336],[17.085276,51.1136417],[17.0853876,51.1134923],[17.0854303,51.1132486],[17.0852628,51.1132393],[17.0844364,51.1129352],[17.083875,51.1130295],[17.0836802,51.1129626],[17.0833287,51.1128418],[17.0833185,51.1128512],[17.0832389,51.1128232],[17.083395,51.1126079],[17.0832286,51.1125562],[17.0836795,51.1119402],[17.0837156,51.1118908],[17.0841806,51.1120225],[17.0850372,51.1122663],[17.0850948,51.1123447],[17.085289,51.1124262],[17.0853348,51.1124125],[17.0859166,51.1126037],[17.0866026,51.1128163],[17.0902462,51.1135194],[17.0902882,51.1135751],[17.0903081,51.1136334],[17.0903069,51.1137283],[17.0902956,51.1138489],[17.0901711,51.115776],[17.0901293,51.1164222],[17.0900491,51.1170685],[17.0899155,51.1171497],[17.0898386,51.1172202],[17.0897847,51.1172557],[17.0899306,51.1174004],[17.0899297,51.1174424],[17.0898946,51.1174669],[17.0898105,51.1175064],[17.089689,51.1175412],[17.0895788,51.1175605],[17.0894621,51.1175623],[17.0893455,51.1175549],[17.089235,51.1175402],[17.088376,51.1174063],[17.0878882,51.1173326],[17.0870325,51.1172249],[17.0863006,51.1171447],[17.0855273,51.1170848],[17.0851249,51.117055],[17.0847499,51.1170356],[17.0842237,51.1170135],[17.0837005,51.1170018],[17.0833017,51.1170192],[17.0829448,51.1170357],[17.0827043,51.1170385],[17.0825306,51.1170311],[17.0820274,51.1169799],[17.0814891,51.1171248],[17.0811689,51.1171701],[17.0811016,51.1172577],[17.0809735,51.1173667],[17.0808656,51.1174823],[17.0807895,51.1176014],[17.0807628,51.1177234],[17.0807544,51.117831],[17.0807727,51.117909],[17.0807861,51.1179721],[17.0808186,51.118057],[17.0808447,51.1181106],[17.0809582,51.1182448],[17.0812976,51.1185662],[17.0816024,51.1189172],[17.0819395,51.1193478],[17.0819342,51.1193711],[17.0818803,51.119397],[17.0812312,51.1194698],[17.0808039,51.1195177],[17.0807784,51.1195206],[17.080512,51.1195593],[17.0803444,51.1195853],[17.080179,51.1196247]]]}}],"psm_processed":{"version":1,"origin":[17.081614583,51.111886965],"bridge_gap_m":50.0,"parallel_m":3.0,"junction_m":6.0,"dead_end_gap_m":25.0,"parts_before":10,"bridges":9,"parts_after":1,"junctions_before":439,"junctions_after":390,"length_before":32423,"length_after":32077,"dead_ends_linked":24}}