{"type":"FeatureCollection","features":[{"type":"Feature","properties":{"layer":"roads"},"geometry":{"type":"LineString","coordinates":[[17.0099433,51.0756662],[17.0099825,51.0756258],[17.0099864,51.0756107],[17.0099882,51.0756021],[17.00999,51.0755934],[17.0099918,51.0755848],[17.0099936,51.0755762],[17.0099954,51.0755676],[17.0099972,51.075559],[17.009999,51.0755503],[17.0100008,51.0755417],[17.0100026,51.0755331],[17.0100076,51.0755089],[17.0100162,51.0754912],[17.0100226,51.0754838],[17.010029,51.0754764],[17.0100354,51.075469],[17.0100418,51.0754616],[17.0100482,51.0754542],[17.0100546,51.0754469],[17.010061,51.0754395],[17.0100674,51.0754321],[17.0100738,51.0754247],[17.0100802,51.0754173],[17.0100866,51.0754099],[17.010093,51.0754025],[17.0100994,51.0753951],[17.0101076,51.0753878],[17.0101159,51.0753805],[17.0101241,51.0753733],[17.0101323,51.075366],[17.0101406,51.0753587],[17.0101488,51.0753514],[17.010157,51.0753442],[17.0101653,51.0753369],[17.0102137,51.0752898]]}},{"type":"Feature","properties":{"layer":"roads"},"geometry":{"type":"LineString","coordinates":[[17.0099433,51.0756662],[17.0099968,51.0756689],[17.0100099,51.0756722],[17.0100231,51.0756754],[17.0100362,51.0756787],[17.0100493,51.075682],[17.0100624,51.0756852],[17.0100755,51.0756885],[17.0100886,51.0756918],[17.0101018,51.075695],[17.0101149,51.0756983],[17.010128,51.0757015],[17.0101411,51.0757048],[17.0101542,51.0757081],[17.0101673,51.0757113],[17.0101804,51.0757146],[17.0101936,51.0757178],[17.0102067,51.0757211],[17.0102198,51.0757244],[17.0102329,51.0757276],[17.010246,51.0757309],[17.0102591,51.0757342],[17.0102723,51.0757374],[17.0102854,51.0757407],[17.0102985,51.0757439],[17.0103116,51.0757472],[17.0103229,51.0757516],[17.0103342,51.075756],[17.0103454,51.0757605],[17.0103567,51.0757649],[17.010368,51.0757693],[17.0103793,51.0757737],[17.0103906,51.0757782],[17.0104018,51.0757826],[17.0104131,51.075787],[17.0104244,51.0757914],[17.0104357,51.0757958],[17.0104469,51.0758003],[17.0104582,51.0758047],[17.0104695,51.0758091],[17.0104797,51.0758149],[17.0104899,51.0758206],[17.0105001,51.0758264],[17.0105102,51.0758322],[17.0105204,51.0758379],[17.0105306,51.0758437],[17.0105408,51.0758495],[17.010551,51.0758552],[17.0105612,51.075861],[17.0105713,51.0758668],[17.0105815,51.0758726],[17.0105917,51.0758783],[17.0106019,51.0758841],[17.0106121,51.0758899],[17.0106223,51.0758956],[17.0106324,51.0759014],[17.0106426,51.0759072],[17.0106528,51.0759129],[17.010663,51.0759187],[17.010674,51.0759243],[17.010685,51.0759299],[17.010696,51.0759356],[17.010707,51.0759412],[17.0107181,51.0759468],[17.0107291,51.0759524],[17.0107401,51.075958],[17.0107511,51.0759637],[17.0107621,51.0759693],[17.0107731,51.0759749],[17.0107841,51.0759805],[17.0107951,51.0759862],[17.0108062,51.0759918],[17.0108172,51.0759974],[17.0108282,51.076003],[17.0108392,51.0760086],[17.0108502,51.0760143],[17.0108612,51.0760199],[17.0108722,51.0760255],[17.0108832,51.0760311],[17.0108943,51.0760367],[17.0109053,51.0760424],[17.0109163,51.076048],[17.0109273,51.0760536],[17.0109383,51.0760592],[17.0109493,51.0760649],[17.0109603,51.0760705],[17.0109713,51.0760761],[17.0109824,51.0760817],[17.0109934,51.0760873],[17.0110044,51.076093],[17.0110154,51.0760986],[17.0110264,51.0761042],[17.0110393,51.0761065],[17.0110521,51.0761088],[17.011065,51.076111],[17.0110779,51.0761133],[17.0110908,51.0761156],[17.0111036,51.0761179],[17.0111165,51.0761202],[17.0111294,51.0761224],[17.0111423,51.0761247],[17.0111551,51.076127],[17.011168,51.0761293],[17.0111809,51.0761316],[17.0111938,51.0761338],[17.0112066,51.0761361],[17.0112195,51.0761384],[17.0112325,51.0761383],[17.0112455,51.0761383],[17.0112585,51.0761382],[17.0112715,51.0761382],[17.0112846,51.0761381],[17.0112976,51.0761381],[17.0113106,51.076138],[17.0113236,51.076138],[17.0113366,51.0761379],[17.0113497,51.0761356],[17.0113628,51.0761333],[17.0113759,51.076131],[17.011389,51.0761287],[17.0114021,51.0761265],[17.0114152,51.0761242],[17.0114283,51.0761219],[17.0114414,51.0761196],[17.0114545,51.0761173],[17.0114671,51.0761137],[17.0114796,51.0761102],[17.0114922,51.0761066],[17.0115047,51.0761031],[17.0115173,51.0760996],[17.0115299,51.076096],[17.0115424,51.0760924],[17.011555,51.0760889],[17.0115675,51.0760853],[17.0115801,51.0760818],[17.0115927,51.0760783],[17.0116052,51.0760747],[17.0116178,51.0760712],[17.0116303,51.0760676],[17.0116429,51.076064],[17.0116555,51.0760605],[17.011668,51.076057],[17.0116806,51.0760534],[17.0116931,51.0760499],[17.0117057,51.0760463],[17.0117188,51.0760427],[17.0117318,51.076039],[17.0117449,51.0760354],[17.0117579,51.0760318],[17.011771,51.0760282],[17.0117841,51.0760245],[17.0117971,51.0760209],[17.0118102,51.0760173],[17.0118232,51.0760136],[17.0118363,51.07601],[17.0118494,51.0760064],[17.0118624,51.0760028],[17.0118755,51.0759991],[17.0118885,51.0759955],[17.0119016,51.0759919],[17.0119147,51.0759883],[17.0119277,51.0759846],[17.0119408,51.075981],[17.0119538,51.0759774],[17.0119669,51.0759737],[17.01198,51.0759701],[17.011993,51.0759665],[17.0120061,51.0759629],[17.0120191,51.0759592],[17.0120322,51.0759556],[17.0120453,51.0759522],[17.0120585,51.0759488],[17.0120716,51.0759454],[17.0120848,51.075942],[17.0120979,51.0759386],[17.012111,51.0759352],[17.0121242,51.0759318],[17.0121373,51.0759284],[17.0121505,51.075925],[17.0121636,51.0759217],[17.0121767,51.0759183],[17.0121899,51.0759149],[17.012203,51.0759115],[17.0122161,51.0759081],[17.0122293,51.0759047],[17.0122424,51.0759013],[17.0122556,51.0758979],[17.0122687,51.0758945],[17.0122807,51.0758911],[17.0122928,51.0758877],[17.0123048,51.0758843],[17.0123556,51.0758749]]}},{"type":"Feature","properties":{"layer":"roads"},"geometry":{"type":"LineString","coordinates":[[17.0099433,51.0756662],[17.0099718,51.0756971],[17.0099721,51.0757058],[17.0099724,51.0757145],[17.0099726,51.0757232],[17.0099729,51.0757318],[17.0099732,51.0757405],[17.0099735,51.0757492],[17.0099738,51.0757579],[17.0099741,51.0757666],[17.0099744,51.0757752],[17.0099747,51.0757839],[17.009975,51.0757926],[17.0099753,51.0758013],[17.0099756,51.07581],[17.0099759,51.0758186],[17.0099761,51.0758273],[17.0099764,51.075836],[17.0099767,51.0758447],[17.009977,51.0758534],[17.0099773,51.075862],[17.0099776,51.0758707],[17.0099779,51.0758794],[17.0099788,51.0758881],[17.0099798,51.0758969],[17.0099807,51.0759056],[17.0099817,51.0759144],[17.0099826,51.0759231],[17.0099836,51.0759319],[17.0099845,51.0759406],[17.0099854,51.0759494],[17.0099864,51.0759581],[17.0099873,51.0759669],[17.0099883,51.0759756],[17.0099892,51.0759844],[17.0099901,51.0759931],[17.0099911,51.0760019],[17.009992,51.0760106],[17.0099862,51.076041]]}},{"type":"Feature","properties":{"layer":"roads"},"geometry":{"type":"LineString","coordinates":[[17.0123556,51.0758749],[17.0123891,51.0759006],[17.0124025,51.0759035],[17.0124159,51.0759064],[17.0124293,51.0759093],[17.0124427,51.0759123],[17.0124561,51.0759152],[17.0124695,51.0759181],[17.0124829,51.075921],[17.0124963,51.0759239],[17.0125097,51.0759268],[17.0125231,51.0759297],[17.0125365,51.0759326],[17.0125499,51.0759356],[17.0125633,51.0759385],[17.0125767,51.0759414],[17.0125901,51.0759443],[17.0126018,51.075949],[17.0126134,51.0759537],[17.0126251,51.0759584],[17.0126367,51.075963],[17.0126484,51.0759677],[17.0126601,51.0759724],[17.0126717,51.0759771],[17.0126834,51.0759818],[17.012695,51.0759865],[17.0127067,51.0759911],[17.0127184,51.0759958],[17.01273,51.0760005],[17.0127417,51.0760052],[17.0127534,51.0760099],[17.012765,51.0760146],[17.0127767,51.0760192],[17.0127883,51.0760239],[17.0128,51.0760286],[17.0128126,51.0760305],[17.0128253,51.0760325],[17.0128379,51.0760344],[17.0128505,51.0760363],[17.0128945,51.0760289]]}},{"type":"Feature","properties":{"layer":"roads"},"geometry":{"type":"LineString","coordinates":[[17.0123556,51.0758749],[17.0123907,51.0758572],[17.0124032,51.075853],[17.0124156,51.0758487],[17.0124281,51.0758445],[17.0124406,51.0758403],[17.012453,51.075836],[17.0124655,51.0758318],[17.0124779,51.0758275],[17.0124904,51.0758233],[17.0125028,51.075819],[17.0125153,51.0758148],[17.0125278,51.0758106],[17.0125402,51.0758063],[17.0125527,51.0758021],[17.0125651,51.0757978],[17.0125776,51.0757936],[17.01259,51.0757893],[17.0126025,51.0757851],[17.0126145,51.0757807],[17.0126266,51.0757762],[17.0126386,51.0757718],[17.0126506,51.0757674],[17.0126627,51.0757629],[17.0126747,51.0757585],[17.0126867,51.0757541],[17.0126988,51.0757496],[17.0127108,51.0757452],[17.0127228,51.0757408],[17.0127349,51.0757363],[17.0127469,51.0757319],[17.0127589,51.0757275],[17.012771,51.075723],[17.012783,51.0757186],[17.012827,51.0757108]]}},{"type":"Feature","properties":{"layer":"roads"},"geometry":{"type":"LineString","coordinates":[[17.0138169,51.0774347],[17.0137968,51.0774771],[17.0137937,51.0774856],[17.0137906,51.077494],[17.0137875,51.0775025],[17.0137844,51.077511],[17.0137813,51.0775195],[17.0137782,51.0775279],[17.0137751,51.0775364],[17.0137707,51.0775446],[17.0137662,51.0775528],[17.0137618,51.077561],[17.0137573,51.0775692],[17.0137528,51.0775774],[17.0137484,51.0775857],[17.013744,51.0775939],[17.0137395,51.0776021],[17.0137351,51.0776103],[17.0137306,51.0776185],[17.0137262,51.0776267],[17.0137217,51.0776349],[17.0137148,51.0776421],[17.0137078,51.0776492],[17.0137009,51.0776563],[17.013694,51.0776635],[17.0136871,51.0776707],[17.0136801,51.0776778],[17.0136505,51.0777057]]}},{"type":"Feature","properties":{"layer":"roads"},"geometry":{"type":"LineString","coordinates":[[17.0138169,51.0774347],[17.013768,51.077441],[17.0137543,51.0774403],[17.0137406,51.0774396],[17.0137268,51.0774388],[17.0137131,51.0774381],[17.0136994,51.0774374],[17.0136857,51.0774367],[17.0136719,51.0774359],[17.0136582,51.0774352],[17.0136453,51.0774347],[17.0136324,51.0774343],[17.0136195,51.0774338],[17.0136066,51.0774334],[17.0135937,51.0774329],[17.0135808,51.0774325],[17.0135679,51.077432],[17.013555,51.0774316],[17.0135421,51.0774311],[17.0135292,51.0774294],[17.0135163,51.0774277],[17.0135034,51.077426],[17.0134905,51.0774243],[17.0134776,51.0774226],[17.0134647,51.0774209],[17.0134518,51.0774192],[17.0134389,51.0774175],[17.013426,51.0774158],[17.0134139,51.0774115],[17.0134019,51.0774073],[17.0133898,51.077403],[17.0133778,51.0773987],[17.0133657,51.0773944],[17.0133536,51.0773902],[17.0133416,51.0773859],[17.0133295,51.0773816],[17.0133174,51.0773774],[17.0133054,51.0773731],[17.0132933,51.0773688],[17.0132813,51.0773645],[17.0132692,51.0773603],[17.0132571,51.077356],[17.0132451,51.0773517],[17.013233,51.0773475],[17.0132209,51.0773432],[17.0132089,51.0773389],[17.0131968,51.0773346],[17.0131848,51.0773304],[17.0131727,51.0773261],[17.0131595,51.0773228],[17.0131463,51.0773196],[17.0131332,51.0773163],[17.01312,51.0773131],[17.0131068,51.0773098],[17.0130936,51.0773066],[17.0130804,51.0773033],[17.0130672,51.0773001],[17.0130541,51.0772968],[17.0130409,51.0772935],[17.0130277,51.0772903],[17.0130145,51.077287],[17.0130013,51.0772838],[17.0129881,51.0772805],[17.012975,51.0772773],[17.0129618,51.077274],[17.0129486,51.0772708],[17.0129354,51.0772675],[17.0129222,51.0772643],[17.012909,51.077261],[17.0128959,51.0772577],[17.0128827,51.0772545],[17.0128695,51.0772512],[17.0128563,51.077248],[17.0128431,51.0772447],[17.0128299,51.0772415],[17.0128168,51.0772382],[17.0128036,51.077235],[17.0127904,51.0772317],[17.0127774,51.0772281],[17.0127644,51.0772245],[17.0127514,51.077221],[17.0127384,51.0772174],[17.0127254,51.0772138],[17.0127124,51.0772102],[17.0126994,51.0772067],[17.0126864,51.0772031],[17.0126734,51.0771995],[17.0126604,51.0771959],[17.0126474,51.0771924],[17.0126344,51.0771888],[17.0126214,51.0771852],[17.0126084,51.0771816],[17.0125954,51.0771781],[17.0125824,51.0771745],[17.0125693,51.0771709],[17.0125563,51.0771673],[17.0125433,51.0771638],[17.0125303,51.0771602],[17.0125173,51.0771566],[17.0125043,51.077153],[17.0124913,51.0771495],[17.0124783,51.0771459],[17.0124653,51.0771423],[17.0124523,51.0771387],[17.0124393,51.0771352],[17.0124263,51.0771316],[17.0124133,51.077128],[17.0124003,51.0771244],[17.0123873,51.0771209],[17.0123743,51.0771173],[17.0123613,51.0771137],[17.0123489,51.0771099],[17.0123365,51.077106],[17.012324,51.0771022],[17.0123116,51.0770984],[17.0122992,51.0770945],[17.0122868,51.0770907],[17.0122744,51.0770868],[17.012262,51.077083],[17.0122495,51.0770792],[17.0122371,51.0770753],[17.0122247,51.0770715],[17.0122123,51.0770677],[17.0121999,51.0770638],[17.0121874,51.07706],[17.012175,51.0770561],[17.0121626,51.0770523],[17.0121502,51.0770485],[17.0121378,51.0770446],[17.0121253,51.0770408],[17.0121129,51.077037],[17.0121005,51.0770331],[17.0120881,51.0770293],[17.0120757,51.0770254],[17.0120633,51.0770216],[17.0120508,51.0770178],[17.0120384,51.0770139],[17.012026,51.0770101],[17.012014,51.0770063],[17.0120019,51.0770025],[17.0119899,51.0769987],[17.0119779,51.0769949],[17.0119658,51.0769911],[17.0119538,51.0769873],[17.0119417,51.0769835],[17.0119297,51.0769796],[17.0119177,51.0769758],[17.0118902,51.0769522]]}},{"type":"Feature","properties":{"layer":"roads"},"geometry":{"type":"LineString","coordinates":[[17.0118902,51.0769522],[17.011846,51.0769503],[17.0118198,51.0769508],[17.0117791,51.0769555],[17.0117655,51.076957],[17.0117519,51.0769586],[17.0117383,51.0769602],[17.0117247,51.0769618],[17.0117112,51.0769633],[17.0116976,51.0769649],[17.011684,51.0769665],[17.0116704,51.076968],[17.0116568,51.0769696],[17.0116433,51.0769712],[17.0116297,51.0769727],[17.0116161,51.0769743],[17.0116021,51.0769741],[17.0115881,51.0769739],[17.011574,51.0769736],[17.01156,51.0769734],[17.011546,51.0769732],[17.011532,51.076973],[17.011518,51.0769728],[17.0115039,51.0769726],[17.0114899,51.0769723],[17.0114759,51.0769721],[17.0114619,51.0769719],[17.0114479,51.0769717],[17.0114339,51.0769715],[17.0114198,51.0769712],[17.0114058,51.076971],[17.0113918,51.0769708],[17.0113781,51.0769694],[17.0113645,51.0769679],[17.0113508,51.0769665],[17.0113371,51.076965],[17.0113234,51.0769636],[17.0113098,51.0769621],[17.0112961,51.0769607],[17.0112824,51.0769593],[17.0112688,51.0769578],[17.0112551,51.0769564],[17.0112414,51.0769549],[17.0112277,51.0769535],[17.0112141,51.0769521],[17.0112004,51.0769506],[17.0111867,51.0769492],[17.0111731,51.0769477],[17.0111594,51.0769463],[17.0111457,51.0769448],[17.0111321,51.0769434],[17.0110874,51.0769415]]}},{"type":"Feature","properties":{"layer":"roads"},"geometry":{"type":"LineString","coordinates":[[17.0118902,51.0769522],[17.0119251,51.0769336],[17.0119382,51.0769305],[17.0119513,51.0769273],[17.0119644,51.0769242],[17.0119775,51.076921],[17.0119907,51.0769178],[17.0120038,51.0769147],[17.0120169,51.0769115],[17.01203,51.0769084],[17.0120431,51.0769052],[17.0120562,51.0769021],[17.0120694,51.0768989],[17.0120825,51.0768957],[17.0120956,51.0768926],[17.0121087,51.0768894],[17.0121218,51.0768863],[17.012135,51.0768831],[17.0121481,51.07688],[17.0121612,51.0768768],[17.0121739,51.0768727],[17.0121867,51.0768686],[17.0121994,51.0768645],[17.0122121,51.0768604],[17.0122249,51.0768563],[17.0122376,51.0768522],[17.0122503,51.0768481],[17.0122631,51.076844],[17.0122758,51.0768399],[17.0122886,51.0768358],[17.0123013,51.0768317],[17.012314,51.0768276],[17.0123268,51.0768235],[17.0123395,51.0768194],[17.0123522,51.0768153],[17.012365,51.0768112],[17.0123777,51.0768071],[17.0123904,51.076803],[17.0124032,51.0767989],[17.0124159,51.0767948],[17.012426,51.0767889],[17.012436,51.0767829],[17.0124461,51.076777],[17.0124561,51.0767711],[17.0124662,51.0767651],[17.0124762,51.0767592],[17.0124863,51.0767533],[17.0124963,51.0767474],[17.0125064,51.0767414],[17.0125165,51.0767355],[17.0125265,51.0767296],[17.0125366,51.0767236],[17.0125466,51.0767177],[17.0125567,51.0767118],[17.0125667,51.0767058],[17.0125768,51.0766999],[17.0125857,51.076693],[17.0125946,51.0766861],[17.0126035,51.0766792],[17.0126124,51.0766723],[17.0126213,51.0766655],[17.0126302,51.0766586],[17.0126391,51.0766517],[17.012648,51.0766448],[17.0126568,51.0766379],[17.0126657,51.076631],[17.0126746,51.0766241],[17.0126835,51.0766172],[17.0126924,51.0766104],[17.0127013,51.0766035],[17.0127401,51.0765793]]}},{"type":"Feature","properties":{"layer":"roads"},"geometry":{"type":"LineString","coordinates":[[17.0133109,51.0778869],[17.0133507,51.0778751],[17.0133836,51.0778578],[17.0133945,51.0778521],[17.0134054,51.0778464],[17.0134164,51.0778406],[17.0134273,51.0778349],[17.0134383,51.0778291],[17.0134492,51.0778234],[17.0134597,51.0778179],[17.0134702,51.0778123],[17.0134808,51.0778068],[17.0134913,51.0778013],[17.0135018,51.0777957],[17.0135123,51.0777902],[17.0135228,51.0777847],[17.0135334,51.0777792],[17.0135439,51.0777736],[17.0135544,51.0777681],[17.0135642,51.0777619],[17.013574,51.0777558],[17.0135838,51.0777496],[17.0135936,51.0777434],[17.0136034,51.0777372],[17.0136132,51.0777311],[17.0136505,51.0777057]]}},{"type":"Feature","properties":{"layer":"roads"},"geometry":{"type":"LineString","coordinates":[[17.0133109,51.0778869],[17.0132748,51.0779136],[17.013264,51.0779191],[17.0132532,51.0779246],[17.0132423,51.07793],[17.0132315,51.0779355],[17.0132207,51.077941],[17.0132098,51.0779464],[17.013199,51.0779519],[17.0131876,51.0779565],[17.0131762,51.077961],[17.0131648,51.0779656],[17.0131534,51.0779702],[17.013142,51.0779748],[17.0131306,51.0779793],[17.0131192,51.0779839],[17.0131078,51.0779885],[17.0130964,51.077993],[17.013085,51.0779976],[17.0130736,51.0780022],[17.0130622,51.0780068],[17.0130508,51.0780113],[17.0130394,51.0780159],[17.0130263,51.0780191],[17.0130132,51.0780223],[17.0130001,51.0780255],[17.012987,51.0780287],[17.0129739,51.0780319],[17.0129608,51.0780351],[17.0129478,51.0780384],[17.0129347,51.0780416],[17.0129216,51.0780448],[17.0129085,51.078048],[17.0128954,51.0780512],[17.0128823,51.0780544],[17.0128692,51.0780565],[17.012856,51.0780586],[17.0128429,51.0780607],[17.0128297,51.0780629],[17.0128166,51.078065],[17.0128034,51.0780671],[17.0127903,51.0780692],[17.0127771,51.0780713],[17.012764,51.0780734],[17.0127508,51.0780756],[17.0127377,51.0780777],[17.0127245,51.0780798],[17.0127114,51.0780819],[17.0126979,51.0780829],[17.0126844,51.078084],[17.0126709,51.078085],[17.0126574,51.078086],[17.0126439,51.078087],[17.0126304,51.0780881],[17.0126169,51.0780891],[17.0126033,51.0780901],[17.0125898,51.0780911],[17.0125763,51.0780922],[17.0125628,51.0780932],[17.0125493,51.0780942],[17.0125358,51.0780952],[17.0125223,51.0780963],[17.0125088,51.0780973],[17.012495,51.0780981],[17.0124812,51.078099],[17.0124674,51.0780998],[17.0124536,51.0781007],[17.0124399,51.0781015],[17.0124261,51.0781023],[17.0124123,51.0781032],[17.0123985,51.078104],[17.0123847,51.0781048],[17.0123709,51.0781057],[17.0123571,51.0781065],[17.0123434,51.0781074],[17.0123296,51.0781082],[17.0123158,51.078109],[17.012302,51.0781099],[17.0122882,51.0781107],[17.012274,51.0781112],[17.0122598,51.0781118],[17.0122456,51.0781123],[17.0122315,51.0781129],[17.0122173,51.0781134],[17.0122031,51.078114],[17.0121889,51.0781145],[17.0121747,51.0781151],[17.0121605,51.0781156],[17.0121463,51.0781161],[17.0121321,51.0781167],[17.012118,51.0781172],[17.0121038,51.0781178],[17.0120896,51.0781183],[17.0120754,51.0781189],[17.0120612,51.0781194],[17.012047,51.0781195],[17.0120328,51.0781196],[17.0120186,51.0781198],[17.0120045,51.0781199],[17.0119903,51.07812],[17.0119761,51.0781201],[17.0119619,51.0781202],[17.0119477,51.0781204],[17.0119335,51.0781205],[17.0119193,51.0781206],[17.0118748,51.0781338]]}},{"type":"Feature","properties":{"layer":"roads"},"geometry":{"type":"LineString","coordinates":[[17.0133109,51.0778869],[17.0132766,51.0778701],[17.013264,51.077868],[17.0132498,51.0778686],[17.0132355,51.0778693],[17.0132213,51.0778699],[17.0132071,51.0778705],[17.0131929,51.0778712],[17.0131786,51.0778718],[17.0131644,51.0778725],[17.0131502,51.0778731],[17.0131359,51.0778737],[17.0131217,51.0778744],[17.0131075,51.077875],[17.0130933,51.0778756],[17.013079,51.0778763],[17.0130648,51.0778769],[17.0130512,51.0778754],[17.0130377,51.077874],[17.0130241,51.0778725],[17.0130105,51.077871],[17.0129969,51.0778696],[17.0129834,51.0778681],[17.0129698,51.0778666],[17.0129562,51.0778652],[17.0129427,51.0778637],[17.0129291,51.0778623],[17.0129155,51.0778608],[17.0129019,51.0778593],[17.0128884,51.0778579],[17.0128748,51.0778564],[17.0128613,51.0778535],[17.0128477,51.0778506],[17.0128342,51.0778477],[17.0128206,51.0778448],[17.0128071,51.0778419],[17.0127936,51.077839],[17.01278,51.0778361],[17.0127665,51.0778332],[17.0127529,51.0778303],[17.0127394,51.0778274],[17.0127258,51.0778245],[17.0127123,51.0778216],[17.0126988,51.0778187],[17.0126852,51.0778158],[17.0126717,51.0778129],[17.0126581,51.07781],[17.0126446,51.0778071],[17.0126308,51.0778047],[17.012617,51.0778022],[17.0126033,51.0777998],[17.0125895,51.0777974],[17.0125757,51.077795],[17.0125619,51.0777925],[17.0125481,51.0777901],[17.0125343,51.0777877],[17.0125206,51.0777853],[17.0125068,51.0777828],[17.012493,51.0777804],[17.0124792,51.077778],[17.0124654,51.0777756],[17.0124516,51.0777731],[17.0124379,51.0777707],[17.0124241,51.0777683],[17.0124103,51.0777659],[17.0123965,51.0777634],[17.0123827,51.077761],[17.0123689,51.0777586],[17.0123552,51.0777562],[17.0123414,51.0777537],[17.0123276,51.0777513],[17.012314,51.0777504],[17.0123003,51.0777494],[17.0122867,51.0777485],[17.0122731,51.0777475],[17.0122595,51.0777466],[17.0122458,51.0777457],[17.0122322,51.0777447],[17.0122186,51.0777438],[17.012205,51.0777428],[17.0121913,51.0777419],[17.0121777,51.077741],[17.0121641,51.07774],[17.0121505,51.0777391],[17.0121368,51.0777381],[17.0121232,51.0777372],[17.0121093,51.0777378],[17.0120954,51.0777384],[17.0120815,51.077739],[17.0120675,51.0777396],[17.0120536,51.0777402],[17.0120397,51.0777408],[17.0120258,51.0777414],[17.0120119,51.077742],[17.011998,51.0777426],[17.011984,51.0777432],[17.0119701,51.0777438],[17.0119562,51.0777444],[17.0119423,51.0777451],[17.0119284,51.0777457],[17.0119145,51.0777463],[17.0119005,51.0777469],[17.0118866,51.0777475],[17.0118727,51.0777481],[17.0118588,51.0777487],[17.0118449,51.0777493],[17.011831,51.0777499],[17.011817,51.0777505],[17.0118031,51.0777511],[17.0117892,51.0777517],[17.0117753,51.0777523],[17.0117617,51.0777538],[17.0117481,51.0777553],[17.0117345,51.0777568],[17.0117209,51.0777583],[17.0117073,51.0777598],[17.0116938,51.0777613],[17.0116802,51.0777628],[17.0116666,51.0777643],[17.011653,51.0777658],[17.0116394,51.0777673],[17.0116258,51.0777688],[17.0116122,51.0777704],[17.0115986,51.0777719],[17.011585,51.0777734],[17.0115714,51.0777749],[17.0115578,51.0777764],[17.0115443,51.0777779],[17.0115307,51.0777794],[17.0115171,51.0777809],[17.0114698,51.077787]]}},{"type":"Feature","properties":{"layer":"roads"},"geometry":{"type":"LineString","coordinates":[[17.0114698,51.077787],[17.0114766,51.077821],[17.0114767,51.0778298],[17.0114767,51.0778387],[17.0114768,51.0778476],[17.0114769,51.0778565],[17.0114806,51.0778646],[17.0114844,51.0778728],[17.0114881,51.0778809],[17.0114918,51.077889],[17.0114956,51.0778972],[17.0114993,51.0779053],[17.011503,51.0779134],[17.0115068,51.0779216],[17.0115105,51.0779297],[17.0115142,51.0779378],[17.011518,51.077946],[17.0115217,51.0779541],[17.0115286,51.0779614],[17.0115355,51.0779687],[17.0115424,51.077976],[17.0115493,51.0779833],[17.0115562,51.0779906],[17.0115631,51.0779979],[17.01157,51.0780052],[17.0115768,51.0780124],[17.0115837,51.0780197],[17.0116006,51.0780521]]}},{"type":"Feature","properties":{"layer":"roads"},"geometry":{"type":"LineString","coordinates":[[17.0114698,51.077787],[17.0114245,51.0777986],[17.0114116,51.0778019],[17.0113987,51.0778052],[17.0113857,51.0778085],[17.0113728,51.0778118],[17.0113599,51.0778151],[17.0113469,51.0778184],[17.011334,51.0778217],[17.011321,51.077825],[17.0113081,51.0778283],[17.0112952,51.0778316],[17.0112822,51.0778349],[17.0112693,51.0778382],[17.0112563,51.0778415],[17.0112434,51.0778448],[17.0112305,51.0778481],[17.0112175,51.0778514],[17.0112046,51.0778547],[17.0111917,51.077858],[17.0111787,51.0778613],[17.0111658,51.0778646],[17.0111528,51.0778679],[17.0111399,51.0778712],[17.0111283,51.0778761],[17.0111166,51.077881],[17.011105,51.0778859],[17.0110934,51.0778908],[17.0110817,51.0778958],[17.0110701,51.0779007],[17.0110585,51.0779056],[17.0110468,51.0779105],[17.0110352,51.0779154],[17.0110236,51.0779203],[17.0110119,51.0779252],[17.0110003,51.0779301],[17.0109887,51.077935],[17.010977,51.07794],[17.0109654,51.0779449],[17.0109537,51.0779498],[17.0109421,51.0779547],[17.0109305,51.0779596],[17.0109188,51.0779645],[17.0109072,51.0779694],[17.0108956,51.0779743],[17.0108592,51.0779943]]}},{"type":"Feature","properties":{"layer":"roads"},"geometry":{"type":"LineString","coordinates":[[17.0114698,51.077787],[17.0114715,51.0777507],[17.0114703,51.077742],[17.0114691,51.0777334],[17.0114679,51.0777247],[17.0114668,51.077716],[17.0114656,51.0777073],[17.0114644,51.0776987],[17.0114632,51.07769],[17.011462,51.0776813],[17.0114608,51.0776727],[17.0114596,51.077664],[17.0114584,51.0776553],[17.0114572,51.0776466],[17.011456,51.077638],[17.0114548,51.0776293],[17.0114536,51.0776206],[17.0114524,51.077612],[17.0114512,51.0776033],[17.0114501,51.0775946],[17.0114489,51.0775859],[17.0114477,51.0775773],[17.0114465,51.0775686],[17.0114453,51.0775599],[17.0114441,51.0775512],[17.0114429,51.0775426],[17.0114417,51.0775339],[17.011439,51.0775253],[17.0114364,51.0775167],[17.0114337,51.0775081],[17.0114311,51.0774995],[17.0114284,51.077491],[17.0114257,51.0774824],[17.0114231,51.0774738],[17.0114204,51.0774652],[17.0114177,51.0774566],[17.0114151,51.077448],[17.0114124,51.0774394],[17.0114098,51.0774308],[17.0114071,51.0774222],[17.0114044,51.0774137],[17.0114018,51.0774051],[17.0113991,51.0773965],[17.0113965,51.0773879],[17.0113938,51.0773793],[17.0113891,51.0773712],[17.0113843,51.0773632],[17.0113796,51.0773551],[17.0113749,51.0773471],[17.0113702,51.077339],[17.0113654,51.077331],[17.0113607,51.0773229],[17.011356,51.0773149],[17.0113512,51.0773068],[17.0113465,51.0772988],[17.0113418,51.0772907],[17.011337,51.0772827],[17.0113323,51.0772746],[17.0113276,51.0772666],[17.0113229,51.0772585],[17.0113181,51.0772505],[17.0113134,51.0772424],[17.0113061,51.0772348],[17.0112987,51.0772271],[17.0112914,51.0772195],[17.0112841,51.0772119],[17.0112767,51.0772042],[17.0112694,51.0771966],[17.0112621,51.077189],[17.0112547,51.0771813],[17.0112474,51.0771737],[17.01124,51.077166],[17.0112327,51.0771584],[17.0112254,51.0771508],[17.011218,51.0771431],[17.0112107,51.0771355],[17.0112034,51.0771279],[17.011196,51.0771202],[17.0111887,51.0771126],[17.0111814,51.077105],[17.011174,51.0770973],[17.0111667,51.0770897],[17.0111594,51.0770821],[17.011152,51.0770744],[17.0111447,51.0770668],[17.0111373,51.0770591],[17.01113,51.0770515],[17.0111227,51.0770439],[17.0111153,51.0770362],[17.011108,51.0770286],[17.0111007,51.077021],[17.0110933,51.0770133],[17.011086,51.0770057],[17.0110832,51.076997],[17.0110804,51.0769883],[17.0110776,51.0769796],[17.0110748,51.0769709],[17.0110874,51.0769415]]}},{"type":"Feature","properties":{"layer":"roads"},"geometry":{"type":"LineString","coordinates":[[17.0128704,51.0782396],[17.0129227,51.0782257],[17.0129358,51.0782222],[17.0129488,51.0782187],[17.0129619,51.0782152],[17.012975,51.0782117],[17.0129881,51.0782082],[17.0130011,51.0782048],[17.0130142,51.0782013],[17.0130273,51.0781978],[17.0130403,51.0781943],[17.0130534,51.0781908],[17.0130665,51.0781873],[17.0130796,51.0781839],[17.0130926,51.0781804],[17.0131057,51.0781769],[17.0131188,51.0781734],[17.0131319,51.0781699],[17.0131449,51.0781664],[17.013158,51.078163],[17.0131711,51.0781595],[17.0131842,51.078156],[17.0131972,51.0781525],[17.0132103,51.078149],[17.0132234,51.0781455],[17.0132364,51.0781421],[17.0132495,51.0781386],[17.0132626,51.0781351],[17.0132757,51.0781316],[17.0132887,51.0781281],[17.0133018,51.0781246],[17.0133149,51.0781212],[17.013328,51.0781177],[17.013341,51.0781142],[17.0133541,51.0781107],[17.0133672,51.0781072],[17.0133802,51.0781037],[17.0133933,51.0781003],[17.0134064,51.0780968],[17.0134195,51.0780933],[17.0134325,51.0780898],[17.0134456,51.0780863],[17.0134587,51.0780828],[17.0134718,51.0780794],[17.0134848,51.0780759],[17.0134979,51.0780724],[17.013511,51.0780689],[17.013524,51.0780654],[17.0135371,51.0780619],[17.0135502,51.0780585],[17.0135633,51.078055],[17.0135763,51.0780515],[17.0135894,51.078048],[17.0136025,51.0780445],[17.0136156,51.078041],[17.0136286,51.0780376],[17.0136417,51.0780341],[17.0136548,51.0780306],[17.0136679,51.0780271],[17.0136809,51.0780236],[17.013694,51.0780201],[17.0137071,51.0780166],[17.0137201,51.0780132],[17.0137332,51.0780097],[17.0137463,51.0780062],[17.0137594,51.0780027],[17.0137724,51.0779992],[17.0137855,51.0779957],[17.0137986,51.0779923],[17.0138117,51.0779888],[17.0138247,51.0779853],[17.0138378,51.0779818],[17.0138509,51.0779783],[17.0138639,51.0779748],[17.013877,51.0779714],[17.0138901,51.0779679],[17.0139032,51.0779644],[17.0139162,51.0779609],[17.0139293,51.0779574],[17.0139424,51.0779539],[17.0139555,51.0779505],[17.0139685,51.077947],[17.0139816,51.0779435],[17.0139947,51.07794],[17.0140077,51.0779365],[17.0140208,51.077933],[17.0140339,51.0779296],[17.014047,51.0779261],[17.01406,51.0779226],[17.0140731,51.0779191],[17.0140862,51.0779156],[17.0140993,51.0779121],[17.0141123,51.0779087],[17.0141254,51.0779052],[17.0141385,51.0779017],[17.0141515,51.0778982],[17.0141646,51.0778947],[17.0141777,51.0778912],[17.0141908,51.0778878],[17.0142038,51.0778843],[17.0142169,51.0778808],[17.01423,51.0778773],[17.0142431,51.0778738],[17.0142561,51.0778703],[17.0142692,51.0778669],[17.0142823,51.0778634],[17.0142954,51.0778599],[17.0143084,51.0778564],[17.0143215,51.0778529],[17.0143346,51.0778494],[17.0143476,51.077846],[17.0143607,51.0778425],[17.0143738,51.077839],[17.0143869,51.0778355],[17.0143999,51.077832],[17.014413,51.0778285],[17.0144261,51.0778251],[17.0144392,51.0778216],[17.0144522,51.0778181],[17.0144653,51.0778146],[17.0144774,51.0778112],[17.0144895,51.0778078],[17.0145015,51.0778043],[17.0145383,51.0777799]]}},{"type":"Feature","properties":{"layer":"roads"},"geometry":{"type":"LineString","coordinates":[[17.0145383,51.0777799],[17.0145078,51.0777591],[17.0144962,51.0777542],[17.0144845,51.0777521],[17.0144728,51.07775],[17.0144611,51.0777479],[17.0144494,51.0777458],[17.0144377,51.0777437],[17.014426,51.0777416],[17.0144154,51.0777394],[17.0144047,51.0777371],[17.014394,51.0777348],[17.0143834,51.0777326],[17.0143712,51.0777299],[17.014359,51.0777273],[17.0143469,51.0777246],[17.0143347,51.0777219],[17.0143225,51.0777193],[17.0143103,51.0777166],[17.0142987,51.0777123],[17.014287,51.0777079],[17.0142754,51.0777036],[17.0142638,51.0776992],[17.0142521,51.0776949],[17.0142405,51.0776905],[17.0142288,51.077687],[17.014217,51.0776835],[17.0142053,51.0776801],[17.0141935,51.0776766],[17.0141818,51.0776731],[17.0141701,51.0776696],[17.0141247,51.0776625]]}},{"type":"Feature","properties":{"layer":"roads"},"geometry":{"type":"LineString","coordinates":[[17.0102261,51.0769123],[17.0102883,51.0768966],[17.0103017,51.0768949],[17.0103152,51.0768933],[17.0103287,51.0768916],[17.0103421,51.0768899],[17.0103556,51.0768882],[17.0103691,51.0768866],[17.0103826,51.0768849],[17.010396,51.0768832],[17.0104095,51.0768815],[17.010423,51.0768799],[17.0104364,51.0768782],[17.0104499,51.0768765],[17.0104634,51.0768748],[17.0104768,51.0768732],[17.0104903,51.0768715],[17.0105044,51.0768704],[17.0105185,51.0768693],[17.0105327,51.0768682],[17.0105468,51.0768671],[17.0105609,51.076866],[17.010575,51.0768649],[17.0105891,51.0768638],[17.0106033,51.0768627],[17.0106174,51.0768616],[17.0106315,51.0768604],[17.0106456,51.0768593],[17.0106597,51.0768582],[17.0106739,51.0768571],[17.010688,51.076856],[17.0107414,51.0768451]]}},{"type":"Feature","properties":{"layer":"roads"},"geometry":{"type":"LineString","coordinates":[[17.0102261,51.0769123],[17.010226,51.0768678],[17.0102238,51.0768589],[17.0102217,51.0768501],[17.0102196,51.0768412],[17.0102175,51.0768323],[17.0102154,51.0768234],[17.0102133,51.0768146],[17.0102112,51.0768057],[17.0102091,51.0767968],[17.0102069,51.076788],[17.0102048,51.0767791],[17.0102027,51.0767702],[17.0102006,51.0767613],[17.0101985,51.0767525],[17.0101964,51.0767436],[17.0101943,51.0767347],[17.0101922,51.0767258],[17.01019,51.076717],[17.0101879,51.0767081],[17.0101858,51.0766992],[17.0101837,51.0766904],[17.0101816,51.0766815],[17.0101795,51.0766726],[17.0101774,51.0766637],[17.0101753,51.0766549],[17.0101731,51.076646],[17.010171,51.0766371],[17.0101689,51.0766282],[17.0101668,51.0766194],[17.0101647,51.0766105],[17.0101621,51.0766018],[17.0101594,51.0765931],[17.0101568,51.0765844],[17.0101542,51.0765757],[17.0101515,51.076567],[17.0101489,51.0765582],[17.0101463,51.0765495],[17.0101436,51.0765408],[17.010141,51.0765321],[17.0101383,51.0765234],[17.0101357,51.0765147],[17.0101331,51.076506],[17.0101304,51.0764973],[17.0101278,51.0764886],[17.0101252,51.0764798],[17.0101203,51.0764512]]}},{"type":"Feature","properties":{"layer":"roads"},"geometry":{"type":"LineString","coordinates":[[17.0102261,51.0769123],[17.0102299,51.0769473],[17.010229,51.0769561],[17.0102282,51.0769649],[17.0102273,51.0769737],[17.0102264,51.0769825],[17.0102255,51.0769913],[17.0102246,51.0770001],[17.0102237,51.0770089],[17.0102228,51.0770177],[17.0102219,51.0770265],[17.010221,51.0770353],[17.0102201,51.0770441],[17.0102192,51.0770529],[17.0102184,51.0770617],[17.0102175,51.0770705],[17.0102166,51.0770793],[17.0102157,51.0770881],[17.0102148,51.0770969],[17.0102139,51.0771057],[17.010213,51.0771145],[17.0102103,51.0771233],[17.0102076,51.0771322],[17.0102049,51.077141],[17.0102022,51.0771498],[17.0101995,51.0771587],[17.0101969,51.0771675],[17.0101942,51.0771763],[17.0101915,51.0771851],[17.0101888,51.077194],[17.0101861,51.0772028],[17.0101834,51.0772116],[17.0101807,51.0772205],[17.010178,51.0772293],[17.0101753,51.0772381],[17.0101726,51.077247],[17.0101699,51.0772558],[17.0101672,51.0772646],[17.0101646,51.0772734],[17.0101619,51.0772823],[17.0101592,51.0772911],[17.0101565,51.0772999],[17.0101538,51.0773088],[17.0101511,51.0773176],[17.0101483,51.077326],[17.0101455,51.0773344],[17.0101426,51.0773428],[17.0101398,51.0773511],[17.010137,51.0773595],[17.0101342,51.0773679],[17.0101314,51.0773763],[17.0101286,51.0773847],[17.0101257,51.0773931],[17.0101229,51.0774015],[17.0101201,51.0774099],[17.0101173,51.0774183],[17.0101145,51.0774266],[17.0101116,51.077435],[17.0101088,51.0774434],[17.010106,51.0774518],[17.0101022,51.0774601],[17.0100985,51.0774683],[17.0100947,51.0774766],[17.010091,51.0774849],[17.0100872,51.0774931],[17.0100834,51.0775014],[17.0100797,51.0775097],[17.0100759,51.077518],[17.0100722,51.0775262],[17.0100684,51.0775345],[17.0100646,51.0775428],[17.0100609,51.077551],[17.0100571,51.0775593],[17.0100534,51.0775676],[17.0100496,51.0775759],[17.0100458,51.0775841],[17.0100421,51.0775924],[17.0100383,51.0776007],[17.0100346,51.0776089],[17.0100308,51.0776172],[17.010025,51.0776251],[17.0100192,51.077633],[17.0100135,51.0776408],[17.0100077,51.0776487],[17.0100019,51.0776566],[17.0099961,51.0776645],[17.0099904,51.0776723],[17.0099846,51.0776802],[17.0099788,51.0776881],[17.009973,51.0776959],[17.0099673,51.0777038],[17.0099615,51.0777117],[17.0099557,51.0777196],[17.0099499,51.0777274],[17.0099442,51.0777353],[17.0099384,51.0777432],[17.0099326,51.0777511],[17.0099268,51.0777589],[17.0099211,51.0777668],[17.0099153,51.0777747],[17.0099095,51.0777826],[17.0099037,51.0777904],[17.009898,51.0777983],[17.0098922,51.0778062],[17.0098859,51.0778142],[17.0098795,51.0778221],[17.0098732,51.0778301],[17.0098669,51.077838],[17.0098606,51.077846],[17.0098542,51.0778539],[17.0098479,51.0778619],[17.0098416,51.0778698],[17.0098353,51.0778778],[17.0098289,51.0778857],[17.0098226,51.0778937],[17.0097914,51.0779218]]}},{"type":"Feature","properties":{"layer":"roads"},"geometry":{"type":"LineString","coordinates":[[17.0102261,51.0769123],[17.010179,51.0769313],[17.0101679,51.0769368],[17.0101568,51.0769424],[17.0101458,51.076948],[17.0101347,51.0769536],[17.0101236,51.0769592],[17.0101125,51.0769648],[17.0101014,51.0769704],[17.0100904,51.076976],[17.0100793,51.0769816],[17.0100682,51.0769872],[17.0100571,51.0769928],[17.010046,51.0769984],[17.010035,51.0770039],[17.0100239,51.0770095],[17.0100128,51.0770151],[17.0100017,51.0770207],[17.0099906,51.0770263],[17.0099796,51.0770319],[17.0099685,51.0770375],[17.0099574,51.0770431],[17.0099463,51.0770487],[17.0099352,51.0770543],[17.0099242,51.0770599],[17.0099131,51.0770655],[17.009902,51.077071],[17.0098909,51.0770766],[17.0098798,51.0770822],[17.0098688,51.0770878],[17.0098577,51.0770934],[17.0098466,51.077099],[17.0098381,51.0771055],[17.0098295,51.077112],[17.009821,51.0771186],[17.0098125,51.0771251],[17.009804,51.0771316],[17.0097954,51.0771381],[17.0097869,51.0771446],[17.0097784,51.0771511],[17.0097699,51.0771577],[17.0097614,51.0771642],[17.0097528,51.0771707],[17.0097443,51.0771772],[17.0097358,51.0771837],[17.0097273,51.0771903],[17.0097187,51.0771968],[17.0097102,51.0772033],[17.0097039,51.0772113],[17.0096976,51.0772192],[17.0096914,51.0772272],[17.0096851,51.0772352],[17.0096788,51.0772431],[17.0096725,51.0772511],[17.0096662,51.0772591],[17.0096599,51.077267],[17.0096537,51.077275],[17.0096474,51.0772829],[17.0096411,51.0772909],[17.0096348,51.0772989],[17.0096285,51.0773068],[17.0096222,51.0773148],[17.009616,51.0773228],[17.0096097,51.0773307],[17.0096034,51.0773387],[17.009599,51.077347],[17.0095946,51.0773554],[17.0095901,51.0773637],[17.0095857,51.077372],[17.0095813,51.0773803],[17.0095769,51.0773887],[17.0095725,51.077397],[17.0095681,51.0774053],[17.0095636,51.0774137],[17.0095592,51.077422],[17.0095548,51.0774303],[17.0095504,51.0774387],[17.009546,51.077447],[17.0095416,51.0774553],[17.0095371,51.0774636],[17.0095327,51.077472],[17.0095283,51.0774803],[17.0095252,51.0774889],[17.009522,51.0774976],[17.0095189,51.0775062],[17.0095158,51.0775149],[17.0095126,51.0775235],[17.0095095,51.0775322],[17.0095063,51.0775408],[17.0095032,51.0775494],[17.0095001,51.0775581],[17.0094772,51.077589]]}},{"type":"Feature","properties":{"layer":"roads"},"geometry":{"type":"LineString","coordinates":[[17.0097914,51.0779218],[17.0097648,51.0778966],[17.0097567,51.0778894],[17.0097485,51.0778822],[17.0097404,51.0778749],[17.0097323,51.0778677],[17.0097242,51.0778605],[17.009716,51.0778532],[17.0097079,51.077846],[17.0096998,51.0778388],[17.0096916,51.0778316],[17.0096835,51.0778244],[17.0096754,51.0778171],[17.0096673,51.0778099],[17.0096591,51.0778027],[17.009651,51.0777954],[17.0096429,51.0777882],[17.0096347,51.077781],[17.0096266,51.0777738],[17.0096185,51.0777665],[17.0096104,51.0777593],[17.0096022,51.0777521],[17.0095941,51.0777449],[17.009586,51.0777377],[17.0095778,51.0777304],[17.0095697,51.0777232],[17.0095616,51.077716],[17.0095535,51.0777087],[17.0095186,51.0776929]]}},{"type":"Feature","properties":{"layer":"roads"},"geometry":{"type":"LineString","coordinates":[[17.0097914,51.0779218],[17.0098312,51.077954],[17.0098396,51.0779611],[17.0098481,51.0779683],[17.0098566,51.0779754],[17.009865,51.0779825],[17.0098735,51.0779897],[17.009882,51.0779968],[17.0098904,51.0780039],[17.0098989,51.0780111],[17.0099074,51.0780182],[17.0099158,51.0780253],[17.0099243,51.0780324],[17.0099328,51.0780396],[17.0099412,51.0780467],[17.0099497,51.0780538],[17.0099582,51.078061],[17.0099666,51.0780681],[17.0099751,51.0780752],[17.0099836,51.0780823],[17.009992,51.0780895],[17.0100005,51.0780966],[17.0100088,51.0781038],[17.0100171,51.0781109],[17.0100254,51.0781181],[17.0100337,51.0781252],[17.010042,51.0781324],[17.0100502,51.0781396],[17.0100585,51.0781467],[17.0100668,51.0781539],[17.0100751,51.078161],[17.0100834,51.0781682],[17.0100917,51.0781754],[17.0101,51.0781825],[17.0101083,51.0781897],[17.0101166,51.0781968],[17.0101249,51.078204],[17.0101332,51.0782112],[17.0101414,51.0782183],[17.0101497,51.0782255],[17.010158,51.0782327],[17.0101663,51.0782398],[17.0101746,51.078247],[17.0101829,51.0782541],[17.0101912,51.0782613],[17.0101995,51.0782685],[17.0102078,51.0782756],[17.0102161,51.0782828],[17.0102244,51.0782899],[17.0102326,51.0782971],[17.0102409,51.0783043],[17.01028,51.0783364]]}},{"type":"Feature","properties":{"layer":"roads"},"geometry":{"type":"LineString","coordinates":[[17.0097914,51.0779218],[17.0097662,51.077955],[17.0097585,51.0779624],[17.0097507,51.0779697],[17.0097429,51.0779771],[17.0097352,51.0779845],[17.0097274,51.0779918],[17.0097196,51.0779992],[17.0097118,51.0780066],[17.0097041,51.078014],[17.0096963,51.0780213],[17.0096885,51.0780287],[17.0096808,51.0780361],[17.009673,51.0780434],[17.0096652,51.0780508],[17.0096575,51.0780582],[17.0096497,51.0780655],[17.0096419,51.0780729],[17.0096342,51.0780803],[17.0096264,51.0780877],[17.0096186,51.078095],[17.0096109,51.0781024],[17.0096031,51.0781098],[17.0095953,51.0781171],[17.0095876,51.0781245],[17.0095798,51.0781319],[17.009572,51.0781393],[17.0095642,51.0781466],[17.0095565,51.078154],[17.0095487,51.0781614],[17.0095409,51.0781687],[17.0095332,51.0781761],[17.0095254,51.0781835],[17.0095176,51.0781909],[17.0095099,51.0781982],[17.0095021,51.0782056],[17.0094934,51.078212],[17.0094846,51.0782184],[17.0094759,51.0782249],[17.0094672,51.0782313],[17.0094584,51.0782377],[17.0094497,51.0782441],[17.009441,51.0782505],[17.0094322,51.078257],[17.0094235,51.0782634],[17.0094148,51.0782698],[17.0093749,51.0782852]]}},{"type":"Feature","properties":{"layer":"roads"},"geometry":{"type":"LineString","coordinates":[[17.0109289,51.0736163],[17.0109394,51.0735813],[17.0109442,51.073573],[17.010949,51.0735647],[17.0109554,51.0735568],[17.0109617,51.0735488],[17.0109681,51.0735409],[17.0109744,51.073533],[17.0109808,51.073525],[17.0109871,51.0735171],[17.0109935,51.0735092],[17.0109998,51.0735012],[17.0110062,51.0734933],[17.0110125,51.0734854],[17.0110189,51.0734774],[17.0110253,51.0734695],[17.0110316,51.0734616],[17.011038,51.0734537],[17.0110443,51.0734457],[17.0110507,51.0734378],[17.011057,51.0734299],[17.0110634,51.0734219],[17.0110697,51.073414],[17.0110761,51.0734061],[17.0110824,51.0733981],[17.0110888,51.0733902],[17.0110943,51.0733819],[17.0110998,51.0733736],[17.0111053,51.0733653],[17.0111108,51.073357],[17.0111163,51.0733487],[17.0111218,51.0733404],[17.0111273,51.0733321],[17.0111328,51.0733238],[17.0111383,51.0733155],[17.0111438,51.0733072],[17.0111493,51.0732989],[17.0111548,51.0732906],[17.0111603,51.0732823],[17.0111657,51.073274],[17.0111712,51.0732657],[17.0111767,51.0732574],[17.0111822,51.0732491],[17.0111877,51.0732408],[17.0111932,51.0732325],[17.0111987,51.0732242],[17.0112042,51.0732159],[17.0112097,51.0732076],[17.0112152,51.0731993],[17.0112207,51.073191],[17.0112262,51.0731827],[17.0112317,51.0731744],[17.0112372,51.0731661],[17.0112427,51.0731578],[17.0112487,51.07315],[17.0112548,51.0731422],[17.0112608,51.0731345],[17.0112668,51.0731267],[17.0112729,51.0731189],[17.0112789,51.0731111],[17.0112849,51.0731033],[17.011291,51.0730955],[17.011297,51.0730878],[17.011303,51.07308],[17.0113091,51.0730722],[17.0113151,51.0730644],[17.0113211,51.0730566],[17.0113271,51.0730489],[17.0113332,51.0730411],[17.0113392,51.0730333],[17.0113452,51.0730255],[17.0113513,51.0730177],[17.0113573,51.0730099],[17.0113633,51.0730022],[17.0113694,51.0729944],[17.0113754,51.0729866],[17.0113779,51.0729779],[17.0113803,51.0729692],[17.0113828,51.0729605],[17.0113853,51.0729518],[17.0113878,51.0729431],[17.0113902,51.0729344],[17.0113927,51.0729257],[17.0113952,51.0729169],[17.0113977,51.0729082],[17.0114002,51.0728995],[17.0114026,51.0728908],[17.0114268,51.0728646]]}},{"type":"Feature","properties":{"layer":"roads"},"geometry":{"type":"LineString","coordinates":[[17.0109289,51.0736163],[17.0108783,51.0736008],[17.0108679,51.0735973],[17.0108548,51.0735944],[17.0108417,51.0735915],[17.0108286,51.0735886],[17.0108155,51.0735857],[17.0108024,51.0735828],[17.0107893,51.0735799],[17.0107762,51.073577],[17.0107631,51.0735741],[17.01075,51.0735712],[17.0107369,51.0735683],[17.0107238,51.0735654],[17.0107107,51.0735625],[17.0106976,51.0735596],[17.0106845,51.0735567],[17.0106714,51.0735538],[17.0106575,51.0735517],[17.0106436,51.0735496],[17.0106297,51.0735476],[17.0106157,51.0735455],[17.0106018,51.0735434],[17.0105879,51.0735413],[17.010574,51.0735393],[17.0105601,51.0735372],[17.0105462,51.0735351],[17.0105322,51.073533],[17.0105183,51.073531],[17.0105044,51.0735289],[17.0104905,51.0735268],[17.0104769,51.0735264],[17.0104632,51.073526],[17.0104496,51.0735256],[17.010436,51.0735253],[17.0104223,51.0735249],[17.0104087,51.0735245],[17.010395,51.0735241],[17.0103814,51.0735237],[17.0103678,51.0735233],[17.0103541,51.0735229],[17.0103405,51.0735226],[17.0103269,51.0735222],[17.0103132,51.0735218],[17.0102996,51.0735214],[17.010286,51.0735216],[17.0102724,51.0735217],[17.0102588,51.0735219],[17.0102451,51.073522],[17.0102315,51.0735222],[17.0102179,51.0735223],[17.0102043,51.0735225],[17.0101907,51.0735226],[17.0101771,51.0735228],[17.0101634,51.0735229],[17.0101498,51.0735231],[17.0101362,51.0735232],[17.0101226,51.0735234],[17.0101091,51.0735255],[17.0100957,51.0735275],[17.0100822,51.0735296],[17.0100687,51.0735316],[17.0100552,51.0735337],[17.0100418,51.0735358],[17.0100283,51.0735378],[17.0100148,51.0735399],[17.0100014,51.0735419],[17.0099879,51.073544],[17.0099744,51.0735461],[17.0099609,51.0735481],[17.0099475,51.0735502],[17.009934,51.0735522],[17.0099205,51.0735543],[17.0099071,51.0735564],[17.0098936,51.0735584],[17.0098801,51.0735605],[17.0098666,51.0735626],[17.0098532,51.0735646],[17.0098397,51.0735667],[17.0098262,51.0735687],[17.0098128,51.0735708],[17.0097993,51.0735729],[17.0097858,51.0735749],[17.0097723,51.073577],[17.0097589,51.073579],[17.0097454,51.0735811],[17.0097024,51.0735797]]}},{"type":"Feature","properties":{"layer":"roads"},"geometry":{"type":"LineString","coordinates":[[17.0109289,51.0736163],[17.0109094,51.0736476],[17.0109067,51.0736558],[17.010904,51.073664],[17.0109013,51.0736723],[17.0108987,51.0736805],[17.010896,51.0736888],[17.0108933,51.073697],[17.0108906,51.0737052],[17.0108879,51.0737135],[17.0108853,51.0737217],[17.0108826,51.07373],[17.0108799,51.0737382],[17.0108789,51.0737471],[17.0108779,51.0737561],[17.0108769,51.073765],[17.0108759,51.0737739],[17.010875,51.0737828],[17.010874,51.0737918],[17.010873,51.0738007],[17.010872,51.0738096],[17.010871,51.0738185],[17.01087,51.0738275],[17.010869,51.0738364],[17.010868,51.0738453],[17.0108671,51.0738542],[17.0108661,51.0738632],[17.0108651,51.0738721],[17.0108641,51.073881],[17.0108631,51.07389],[17.0108621,51.0738989],[17.0108611,51.0739078],[17.0108601,51.0739167],[17.0108591,51.0739257],[17.0108582,51.0739346],[17.0108572,51.0739435],[17.0108562,51.0739524],[17.0108552,51.0739614],[17.0108542,51.0739703],[17.0108532,51.0739792],[17.0108522,51.0739881],[17.0108512,51.0739971],[17.0108503,51.074006],[17.0108493,51.0740149],[17.0108483,51.0740238],[17.0108473,51.0740328],[17.0108463,51.0740417],[17.0108478,51.0740504],[17.0108492,51.074059],[17.0108507,51.0740677],[17.0108521,51.0740763],[17.0108536,51.074085],[17.010855,51.0740936],[17.0108565,51.0741023],[17.0108579,51.074111],[17.0108594,51.0741196],[17.0108608,51.0741283],[17.0108623,51.0741369],[17.0108637,51.0741456],[17.0108652,51.0741542],[17.0108667,51.0741629],[17.0108681,51.0741716],[17.0108696,51.0741802],[17.010871,51.0741889],[17.0108725,51.0741975],[17.0108739,51.0742062],[17.0108754,51.0742148],[17.0108768,51.0742235],[17.0108783,51.0742322],[17.0108797,51.0742408],[17.0108812,51.0742495],[17.0108826,51.0742581],[17.0108841,51.0742668],[17.0108855,51.0742754],[17.010887,51.0742841],[17.0108859,51.0742927],[17.0108848,51.0743014],[17.0108837,51.07431],[17.0108826,51.0743186],[17.0108815,51.0743272],[17.0108804,51.0743359],[17.0108793,51.0743445],[17.0108782,51.0743531],[17.0108771,51.0743618],[17.010876,51.0743704],[17.010875,51.074379],[17.0108739,51.0743876],[17.0108728,51.0743963],[17.0108717,51.0744049],[17.0108706,51.0744135],[17.0108695,51.0744222],[17.0108684,51.0744308],[17.0108673,51.0744394],[17.0108662,51.074448],[17.0108651,51.0744567],[17.010864,51.0744653],[17.0108601,51.0744736],[17.0108563,51.0744819],[17.0108524,51.0744903],[17.0108486,51.0744986],[17.0108447,51.0745069],[17.0108408,51.0745152],[17.010837,51.0745235],[17.0108331,51.0745318],[17.0108292,51.0745402],[17.0108254,51.0745485],[17.0108215,51.0745568],[17.0108176,51.0745651],[17.0108138,51.0745734],[17.0108099,51.0745817],[17.0108061,51.07459],[17.0108022,51.0745984],[17.0107983,51.0746067],[17.0107945,51.074615],[17.0107906,51.0746233],[17.0107867,51.0746316],[17.0107829,51.07464],[17.010779,51.0746483],[17.0107752,51.0746566],[17.010801,51.0746851]]}},{"type":"Feature","properties":{"layer":"roads"},"geometry":{"type":"LineString","coordinates":[[17.0109289,51.0736163],[17.0109693,51.0736309],[17.0109817,51.073635],[17.010994,51.0736391],[17.0110063,51.0736431],[17.0110186,51.0736472],[17.0110309,51.0736513],[17.0110432,51.0736554],[17.0110555,51.0736594],[17.0110678,51.0736635],[17.0110802,51.0736676],[17.0110925,51.0736717],[17.0111048,51.0736757],[17.0111171,51.0736798],[17.0111294,51.0736839],[17.0111413,51.0736888],[17.0111531,51.0736937],[17.011165,51.0736986],[17.0111768,51.0737035],[17.0111887,51.0737084],[17.0112005,51.0737133],[17.0112124,51.0737182],[17.0112242,51.0737231],[17.0112361,51.073728],[17.0112479,51.073733],[17.0112598,51.0737379],[17.0112716,51.0737428],[17.0112835,51.0737477],[17.0112953,51.0737526],[17.0113072,51.0737575],[17.011319,51.0737624],[17.0113309,51.0737673],[17.0113427,51.0737722],[17.0113546,51.0737771],[17.0113664,51.073782],[17.0113774,51.0737875],[17.0113884,51.073793],[17.0113993,51.0737985],[17.0114103,51.073804],[17.0114213,51.0738094],[17.0114323,51.0738149],[17.0114432,51.0738204],[17.0114542,51.0738259],[17.0114652,51.0738314],[17.0114762,51.0738369],[17.0114871,51.0738424],[17.0114981,51.0738479],[17.0115091,51.0738533],[17.0115201,51.0738588],[17.011531,51.0738643],[17.011542,51.0738698],[17.011553,51.0738753],[17.011564,51.0738808],[17.0115749,51.0738863],[17.0115859,51.0738918],[17.0115969,51.0738972],[17.011657,51.0739241]]}},{"type":"Feature","properties":{"layer":"roads"},"geometry":{"type":"LineString","coordinates":[[17.010801,51.0746851],[17.0107309,51.0746611],[17.0107189,51.0746567],[17.0107068,51.0746523],[17.0106948,51.0746479],[17.0106828,51.0746435],[17.0106708,51.074639],[17.0106587,51.0746346],[17.0106467,51.0746302],[17.0106347,51.0746258],[17.0106227,51.0746214],[17.0106106,51.0746169],[17.0105986,51.0746125],[17.0105866,51.0746081],[17.0105746,51.0746037],[17.0105625,51.0745993],[17.0105505,51.0745948],[17.0105385,51.0745904],[17.0105265,51.074586],[17.0105145,51.0745816],[17.0105025,51.0745769],[17.0104906,51.0745723],[17.0104786,51.0745676],[17.0104667,51.074563],[17.0104547,51.0745583],[17.0104428,51.0745537],[17.0104308,51.074549],[17.0104189,51.0745444],[17.0104069,51.0745397],[17.010395,51.0745351],[17.010383,51.0745305],[17.0103711,51.0745258],[17.0103591,51.0745212],[17.0103472,51.0745165],[17.0103352,51.0745119],[17.0103233,51.0745072],[17.0103113,51.0745026],[17.0102994,51.0744979],[17.0102871,51.0744893],[17.0102696,51.0744863],[17.0102577,51.0744816],[17.0102457,51.074477],[17.0102338,51.0744723],[17.0102218,51.0744677],[17.0102098,51.0744632],[17.0101979,51.0744586],[17.0101603,51.0744401]]}},{"type":"Feature","properties":{"layer":"roads"},"geometry":{"type":"LineString","coordinates":[[17.0089827,51.0732596],[17.00895,51.0732857],[17.00894,51.0732922],[17.0089301,51.0732986],[17.0089201,51.073305],[17.0089102,51.0733115],[17.0089002,51.0733179],[17.0088902,51.0733243],[17.0088803,51.0733308],[17.0088703,51.0733372],[17.0088603,51.0733436],[17.0088504,51.0733501],[17.0088404,51.0733565],[17.0088305,51.073363],[17.0088205,51.0733694],[17.0088105,51.0733758],[17.0088006,51.0733823],[17.0087906,51.0733887],[17.0087806,51.0733952],[17.0087707,51.0734016],[17.0087607,51.073408],[17.0087508,51.0734145],[17.0087408,51.0734209],[17.0087308,51.0734273],[17.0087209,51.0734338],[17.0087109,51.0734402],[17.0087009,51.0734467],[17.008691,51.0734531],[17.008681,51.0734595],[17.0086711,51.073466],[17.0086611,51.0734724],[17.0086511,51.0734788],[17.0086412,51.0734853],[17.0086312,51.0734917],[17.0086213,51.0734981],[17.0086113,51.0735046],[17.0086013,51.073511],[17.0085914,51.0735175],[17.0085814,51.0735239],[17.0085714,51.0735303],[17.0085615,51.0735368],[17.0085515,51.0735432],[17.0085416,51.0735497],[17.0085316,51.0735561],[17.0085216,51.0735625],[17.0085117,51.073569],[17.0085017,51.0735754],[17.0084917,51.0735818],[17.0084818,51.0735883],[17.0084718,51.0735947],[17.0084618,51.0736012],[17.0084519,51.0736076],[17.0084419,51.073614],[17.008432,51.0736205],[17.008422,51.0736269],[17.0084106,51.0736323],[17.0083993,51.0736378],[17.0083879,51.0736432],[17.0083766,51.0736487],[17.0083652,51.0736541],[17.0083539,51.0736596],[17.0083425,51.073665],[17.0083312,51.0736705],[17.0083198,51.0736759],[17.0083085,51.0736814],[17.0082971,51.0736868],[17.0082858,51.0736923],[17.0082744,51.0736977],[17.0082631,51.0737032],[17.0082517,51.0737086],[17.0082404,51.0737141],[17.008229,51.0737195],[17.0082177,51.073725],[17.0082063,51.0737304],[17.0081943,51.0737345],[17.0081823,51.0737387],[17.0081702,51.0737428],[17.0081582,51.0737469],[17.0081462,51.0737511],[17.0081342,51.0737552],[17.0081221,51.0737594],[17.0081101,51.0737635],[17.0080981,51.0737676],[17.0080861,51.0737718],[17.0080741,51.0737759],[17.008062,51.07378],[17.00805,51.0737842],[17.008038,51.0737883],[17.008026,51.0737924],[17.0080139,51.0737966],[17.0080019,51.0738007],[17.0079899,51.0738049],[17.0079779,51.073809],[17.0079658,51.0738131],[17.0079538,51.0738173],[17.0079418,51.0738214],[17.0079293,51.0738246],[17.0079169,51.0738277],[17.0079044,51.0738309],[17.0078919,51.0738341],[17.0078795,51.0738372],[17.007867,51.0738404],[17.0078545,51.0738436],[17.007842,51.0738468],[17.0078296,51.0738499],[17.0078171,51.0738531],[17.0078035,51.0738542],[17.00779,51.0738553],[17.0077764,51.0738564],[17.0077629,51.0738575],[17.0077493,51.0738586],[17.0077358,51.0738598],[17.0077222,51.0738609],[17.0077086,51.073862],[17.0076951,51.0738631],[17.0076815,51.0738642],[17.0076384,51.0738629]]}},{"type":"Feature","properties":{"layer":"roads"},"geometry":{"type":"LineString","coordinates":[[17.0089827,51.0732596],[17.0089898,51.0733014],[17.0089923,51.0733102],[17.0089948,51.0733189],[17.0089973,51.0733277],[17.0089998,51.0733364],[17.0090022,51.0733452],[17.0090047,51.0733539],[17.0090072,51.0733627],[17.0090082,51.0733716],[17.0090092,51.0733804],[17.0090102,51.0733893],[17.0090112,51.0733982],[17.0090122,51.0734071],[17.0090132,51.0734159],[17.0090142,51.0734248],[17.0090152,51.0734337],[17.0090162,51.0734426],[17.0090172,51.0734514],[17.0090182,51.0734603],[17.0090192,51.0734692],[17.0090202,51.0734781],[17.0090212,51.0734869],[17.0090222,51.0734958],[17.0090228,51.0735046],[17.0090235,51.0735133],[17.0090241,51.0735221],[17.0090247,51.0735308],[17.0090254,51.0735396],[17.009026,51.0735484],[17.0090266,51.0735571],[17.0090273,51.0735659],[17.0090279,51.0735746],[17.0090285,51.0735834],[17.0090292,51.0735922],[17.0090298,51.0736009],[17.0090304,51.0736097],[17.0090311,51.0736185],[17.0090317,51.0736272],[17.0090323,51.073636],[17.009033,51.0736447],[17.0090336,51.0736535],[17.0090327,51.0736621],[17.0090318,51.0736707],[17.0090309,51.0736793],[17.00903,51.0736879],[17.0090291,51.0736964],[17.0090282,51.073705],[17.0090273,51.0737136],[17.0090264,51.0737222],[17.0090255,51.0737308],[17.0090245,51.0737394],[17.0090236,51.073748],[17.0090227,51.0737566],[17.0090218,51.0737652],[17.0090209,51.0737738],[17.00902,51.0737823],[17.0090427,51.0738151]]}},{"type":"Feature","properties":{"layer":"roads"},"geometry":{"type":"LineString","coordinates":[[17.0118748,51.0781338],[17.0118895,51.0781671],[17.011894,51.0781748],[17.0118985,51.0781825],[17.011903,51.0781901],[17.0119075,51.0781978],[17.0119146,51.0782052],[17.0119217,51.0782126],[17.0119287,51.07822],[17.0119358,51.0782274],[17.0119429,51.0782349],[17.01195,51.0782423],[17.0119571,51.0782497],[17.0119641,51.0782571],[17.0119712,51.0782645],[17.0119783,51.0782719],[17.0119854,51.0782793],[17.0119925,51.0782867],[17.0119996,51.0782942],[17.0120066,51.0783016],[17.0120137,51.078309],[17.0120208,51.0783164],[17.0120276,51.0783243],[17.0120344,51.0783322],[17.0120412,51.07834],[17.012048,51.0783479],[17.0120548,51.0783558],[17.0120616,51.0783637],[17.0120684,51.0783715],[17.0120752,51.0783794],[17.0120821,51.0783873],[17.0120889,51.0783952],[17.0120957,51.078403],[17.0121025,51.0784109],[17.0121093,51.0784188],[17.0121365,51.0784503]]}},{"type":"Feature","properties":{"layer":"roads"},"geometry":{"type":"LineString","coordinates":[[17.0118748,51.0781338],[17.0118098,51.0781083],[17.0117966,51.0781051],[17.0117834,51.0781019],[17.0117702,51.0780987],[17.011757,51.0780955],[17.0117439,51.0780923],[17.0117307,51.0780891],[17.0117175,51.0780859],[17.0117043,51.0780827],[17.0116911,51.0780795],[17.0116779,51.0780763],[17.0116383,51.0780667],[17.0116006,51.0780521]]}},{"type":"Feature","properties":{"layer":"roads"},"geometry":{"type":"LineString","coordinates":[[17.0104868,51.0727489],[17.0104604,51.0727738],[17.0104515,51.0727795],[17.0104425,51.0727852],[17.0104332,51.0727914],[17.0104239,51.0727977],[17.0104146,51.0728039],[17.0104054,51.0728101],[17.0103961,51.0728163],[17.0103868,51.0728226],[17.0103775,51.0728288],[17.0103682,51.072835],[17.0103589,51.0728412],[17.0103496,51.0728475],[17.0103403,51.0728537],[17.0103311,51.0728599],[17.0103218,51.0728661],[17.0103125,51.0728724],[17.0103032,51.0728786],[17.0102951,51.0728855],[17.010287,51.0728925],[17.010279,51.0728994],[17.0102709,51.0729063],[17.0102628,51.0729133],[17.0102547,51.0729202],[17.0102466,51.0729272],[17.0102385,51.0729341],[17.0102305,51.072941],[17.0102224,51.072948],[17.0102143,51.0729549],[17.0102066,51.0729623],[17.0101989,51.0729698],[17.0101912,51.0729772],[17.0101835,51.0729846],[17.0101758,51.0729921],[17.0101681,51.0729995],[17.0101605,51.0730069],[17.0101528,51.0730143],[17.0101451,51.0730218],[17.0101374,51.0730292],[17.0101297,51.0730366],[17.010122,51.0730441],[17.0101143,51.0730515],[17.0101074,51.0730591],[17.0101004,51.0730667],[17.0100934,51.0730742],[17.0100865,51.0730818],[17.0100796,51.0730894],[17.0100726,51.073097],[17.0100657,51.0731046],[17.0100587,51.0731122],[17.0100518,51.0731198],[17.0100448,51.0731273],[17.0100378,51.0731349],[17.0100309,51.0731425],[17.0100238,51.0731501],[17.0100167,51.0731577],[17.0100095,51.0731653],[17.0100024,51.0731728],[17.0099953,51.0731804],[17.0099881,51.073188],[17.009981,51.0731956],[17.0099739,51.0732032],[17.0099668,51.0732108],[17.0099596,51.0732183],[17.0099525,51.0732259],[17.0099454,51.0732335],[17.0099395,51.0732409],[17.0099337,51.0732483],[17.0099278,51.0732557],[17.0099219,51.0732631],[17.009916,51.0732705],[17.0099102,51.073278],[17.0099043,51.0732854],[17.0098984,51.0732928],[17.0098925,51.0733002],[17.0098867,51.0733076],[17.0098808,51.073315],[17.0098748,51.0733229],[17.0098687,51.0733308],[17.0098627,51.0733387],[17.0098567,51.0733466],[17.0098507,51.0733545],[17.0098446,51.0733624],[17.0098386,51.0733703],[17.0098326,51.0733782],[17.0098265,51.073386],[17.0098205,51.0733939],[17.0098145,51.0734018],[17.0098085,51.0734097],[17.0098024,51.0734176],[17.0097964,51.0734255],[17.0097904,51.0734334],[17.0097844,51.0734413],[17.0097783,51.0734492],[17.0097723,51.0734571],[17.0097664,51.073465],[17.0097605,51.0734728],[17.0097546,51.0734807],[17.0097487,51.0734886],[17.0097428,51.0734964],[17.0097369,51.0735043],[17.009731,51.0735121],[17.0097251,51.07352],[17.0097192,51.0735279],[17.0097133,51.0735357],[17.0097074,51.0735436],[17.0097015,51.0735514],[17.0097024,51.0735797]]}},{"type":"Feature","properties":{"layer":"roads"},"geometry":{"type":"LineString","coordinates":[[17.0104868,51.0727489],[17.0105273,51.0727323],[17.0105373,51.0727263],[17.0105473,51.0727202],[17.0105573,51.0727142],[17.0105674,51.0727081],[17.0105774,51.072702],[17.0105874,51.072696],[17.0105974,51.0726899],[17.0106074,51.0726839],[17.0106374,51.0726657],[17.01069,51.0726539]]}},{"type":"Feature","properties":{"layer":"roads"},"geometry":{"type":"LineString","coordinates":[[17.0104868,51.0727489],[17.0104441,51.0727346],[17.0104333,51.0727291],[17.0104213,51.0727243],[17.0104093,51.0727195],[17.0103973,51.0727147],[17.0103866,51.0727117],[17.010376,51.0727087],[17.0103653,51.0727057],[17.0103546,51.0727027],[17.0103407,51.0727041],[17.0103268,51.0727055],[17.0103129,51.0727069],[17.010299,51.0727083],[17.0102851,51.0727097],[17.0102713,51.0727112],[17.0102574,51.0727126],[17.0102435,51.072714],[17.0102296,51.0727154],[17.0102157,51.0727168],[17.0102018,51.0727182],[17.0101881,51.0727201],[17.0101745,51.072722],[17.0101608,51.0727238],[17.0101471,51.0727257],[17.0101334,51.0727276],[17.0101198,51.0727295],[17.0101061,51.0727313],[17.0100924,51.0727332],[17.0100787,51.0727351],[17.0100651,51.072737],[17.0100514,51.0727389],[17.0100377,51.0727407],[17.0100241,51.0727426],[17.0100104,51.0727445],[17.0099694,51.0727501],[17.0099181,51.0727522]]}},{"type":"Feature","properties":{"layer":"roads"},"geometry":{"type":"LineString","coordinates":[[17.0097024,51.0735797],[17.009657,51.0736149],[17.0096518,51.0736229],[17.0096466,51.0736309],[17.0096414,51.0736389],[17.0096362,51.0736469],[17.009631,51.0736549],[17.0096258,51.0736629],[17.0096205,51.0736709],[17.0096153,51.0736789],[17.0096101,51.0736869],[17.0096049,51.0736949],[17.0095997,51.0737029],[17.0095945,51.0737109],[17.0095893,51.0737189],[17.0095682,51.0737438]]}},{"type":"Feature","properties":{"layer":"roads"},"geometry":{"type":"LineString","coordinates":[[17.0076384,51.0738629],[17.0075615,51.0738103],[17.0075496,51.0738075],[17.0075377,51.0738047],[17.0075257,51.073802],[17.0075138,51.0737992],[17.0075018,51.0738017],[17.0074898,51.0738041],[17.0074778,51.0738066],[17.0074298,51.0738165]]}},{"type":"Feature","properties":{"layer":"roads"},"geometry":{"type":"LineString","coordinates":[[17.0076384,51.0738629],[17.0076176,51.073814],[17.0076259,51.0738068],[17.0076342,51.0737995],[17.0076425,51.0737923],[17.0076508,51.073785],[17.0076591,51.0737778],[17.0076674,51.0737705],[17.0076757,51.0737633],[17.007684,51.073756],[17.0076923,51.0737488],[17.0077006,51.0737415],[17.0077089,51.0737343],[17.0077172,51.073727],[17.0077255,51.0737198],[17.0077338,51.0737125],[17.0077421,51.0737052],[17.0077504,51.073698],[17.0077587,51.0736907],[17.007767,51.0736835],[17.0077753,51.0736762],[17.0077836,51.073669],[17.0077919,51.0736617],[17.0078002,51.0736545],[17.0078085,51.0736472],[17.0078168,51.07364],[17.0078251,51.0736327],[17.0078334,51.0736255],[17.0078417,51.0736182],[17.00785,51.073611],[17.0078583,51.0736037],[17.0078681,51.0735973],[17.0078778,51.0735908],[17.0078876,51.0735844],[17.0078973,51.073578],[17.0079071,51.0735715],[17.0079168,51.0735651],[17.0079266,51.0735587],[17.0079363,51.0735522],[17.0079461,51.0735458],[17.0079558,51.0735394],[17.0079656,51.073533],[17.0079753,51.0735265],[17.0079851,51.0735201],[17.0079948,51.0735137],[17.0080046,51.0735072],[17.0080143,51.0735008],[17.0080241,51.0734944],[17.0080338,51.0734879],[17.0080436,51.0734815],[17.008055,51.0734763],[17.0080665,51.0734711],[17.0080779,51.0734658],[17.0080893,51.0734606],[17.0081007,51.0734554],[17.0081122,51.0734502],[17.0081236,51.073445],[17.008135,51.0734397],[17.0081464,51.0734345],[17.0081579,51.0734293],[17.0081693,51.0734241],[17.0081807,51.0734189],[17.0081921,51.0734136],[17.0082036,51.0734084],[17.008215,51.0734032],[17.008227,51.0733988],[17.008239,51.0733945],[17.008251,51.0733901],[17.008263,51.0733857],[17.008275,51.0733814],[17.008287,51.073377],[17.008299,51.0733727],[17.008311,51.0733683],[17.008323,51.0733639],[17.008335,51.0733596],[17.008347,51.0733552],[17.008359,51.0733508],[17.008371,51.0733465],[17.008383,51.0733421],[17.008395,51.0733378],[17.008407,51.0733334],[17.008419,51.073329],[17.008431,51.0733247],[17.008443,51.0733203],[17.008455,51.0733159],[17.008467,51.0733116],[17.008479,51.0733072],[17.008491,51.0733029],[17.008503,51.0732985],[17.008515,51.0732941],[17.008527,51.0732898],[17.008539,51.0732854],[17.00855,51.0732805],[17.008561,51.0732756],[17.008572,51.0732707],[17.008583,51.0732658],[17.008594,51.0732609],[17.008605,51.073256],[17.0086161,51.0732511],[17.0086271,51.0732461],[17.0086381,51.0732412],[17.0086491,51.0732363],[17.0086601,51.0732314],[17.0086711,51.0732265],[17.0086821,51.0732216],[17.0087056,51.07321],[17.0087346,51.0731942],[17.008745,51.0731886],[17.0087554,51.073183],[17.0087658,51.0731774],[17.0087761,51.0731718],[17.0087865,51.0731662],[17.0087969,51.0731606],[17.0088073,51.073155],[17.0088177,51.0731493],[17.008828,51.0731437],[17.0088384,51.0731381],[17.0088488,51.0731325],[17.0088598,51.073127],[17.0088708,51.0731215],[17.0088817,51.073116],[17.0088927,51.0731105],[17.0089037,51.073105],[17.0089147,51.0730995],[17.0089256,51.0730941],[17.0089366,51.0730886],[17.0089791,51.0730798]]}},{"type":"Feature","properties":{"layer":"roads"},"geometry":{"type":"LineString","coordinates":[[17.0110874,51.0769415],[17.0110132,51.0769205],[17.0110006,51.0769166],[17.010988,51.0769126],[17.0109753,51.0769087],[17.0109627,51.0769048],[17.0109501,51.0769009],[17.0109375,51.076897],[17.0109248,51.076893],[17.0109122,51.0768891],[17.0108995,51.0768855],[17.0108868,51.0768819],[17.0108742,51.0768783],[17.0108615,51.0768747],[17.0108488,51.0768711],[17.0108361,51.0768674],[17.0108234,51.0768638],[17.0107854,51.076853],[17.0107414,51.0768451]]}},{"type":"Feature","properties":{"layer":"roads"},"geometry":{"type":"LineString","coordinates":[[17.0092028,51.0771596],[17.0092035,51.0771273],[17.0092012,51.0771188],[17.009199,51.0771104],[17.0091968,51.077102],[17.0091945,51.0770936],[17.0091923,51.0770852],[17.0091901,51.0770768],[17.0091878,51.0770683],[17.0091856,51.0770599],[17.0091833,51.0770515],[17.0091811,51.0770431],[17.0091804,51.0770345],[17.0091796,51.0770259],[17.0091789,51.0770173],[17.0091782,51.0770087],[17.0091775,51.0770001],[17.0091767,51.0769915],[17.009176,51.0769829],[17.0091753,51.0769743],[17.0091745,51.0769657],[17.0091738,51.0769571],[17.0091731,51.0769485],[17.0091724,51.0769399],[17.0091716,51.0769313],[17.0091709,51.0769227],[17.0091702,51.0769141],[17.0091695,51.0769055],[17.0091687,51.0768969],[17.009168,51.0768883],[17.0091685,51.0768796],[17.009169,51.0768709],[17.0091695,51.0768622],[17.0091701,51.0768535],[17.0091706,51.0768448],[17.0091711,51.0768361],[17.0091716,51.0768274],[17.0091721,51.0768187],[17.0091727,51.07681],[17.0091732,51.0768013],[17.0091737,51.0767926],[17.0091742,51.0767839],[17.0091747,51.0767752],[17.0091752,51.0767665],[17.0091757,51.0767578],[17.0091763,51.0767492],[17.0091768,51.0767405],[17.0091773,51.0767318],[17.0091778,51.0767231],[17.0091783,51.0767144],[17.0091788,51.0767057],[17.0091794,51.076697],[17.0091799,51.0766883],[17.0091804,51.0766796],[17.0091809,51.0766709],[17.0091814,51.0766622],[17.0091819,51.0766535],[17.0091825,51.0766448],[17.009183,51.0766361],[17.0091835,51.0766274],[17.0091858,51.0766189],[17.009188,51.0766103],[17.0091902,51.0766018],[17.0091925,51.0765933],[17.0091947,51.0765848],[17.009197,51.0765763],[17.0091992,51.0765677],[17.0092015,51.0765592],[17.0092037,51.0765507],[17.009206,51.0765422],[17.0092082,51.0765336],[17.0092105,51.0765251],[17.0092148,51.0765172],[17.009219,51.0765092],[17.0092233,51.0765013],[17.0092275,51.0764934],[17.0092318,51.0764855],[17.009236,51.0764775],[17.0092403,51.0764696],[17.0092445,51.0764617],[17.0092488,51.0764538],[17.009253,51.0764458],[17.0092573,51.0764379],[17.0092634,51.0764305],[17.0092695,51.076423],[17.0092756,51.0764156],[17.0092817,51.0764081],[17.0092878,51.0764007],[17.0092939,51.0763933],[17.0093,51.0763858],[17.0093061,51.0763784],[17.0093122,51.0763709],[17.0093183,51.0763635],[17.0093244,51.076356],[17.0093305,51.0763486],[17.0093417,51.0763438],[17.009353,51.076339],[17.0093642,51.0763342],[17.0094005,51.0763188]]}},{"type":"Feature","properties":{"layer":"roads"},"geometry":{"type":"LineString","coordinates":[[17.0092028,51.0771596],[17.0091567,51.077161],[17.0091433,51.0771632],[17.0091299,51.0771653],[17.0091165,51.0771674],[17.0091031,51.0771696],[17.0090496,51.0771781]]}},{"type":"Feature","properties":{"layer":"roads"},"geometry":{"type":"LineString","coordinates":[[17.0092028,51.0771596],[17.0092192,51.0771864],[17.0092214,51.0771949],[17.0092237,51.0772033],[17.0092259,51.0772118],[17.0092301,51.0772199],[17.0092344,51.0772281],[17.0092386,51.0772362],[17.0092428,51.0772444],[17.0092471,51.0772525],[17.0092513,51.0772607],[17.0092556,51.0772688],[17.0092598,51.0772769],[17.009264,51.0772851],[17.0092683,51.0772932],[17.0092725,51.0773014],[17.0092767,51.0773095],[17.009281,51.0773176],[17.0092852,51.0773258],[17.0092895,51.0773339],[17.0092937,51.0773421],[17.0092979,51.0773502],[17.0093022,51.0773584],[17.0093064,51.0773665],[17.0093125,51.0773746],[17.0093187,51.0773827],[17.0093248,51.0773908],[17.009331,51.0773989],[17.0093371,51.077407],[17.0093432,51.0774151],[17.0093494,51.0774232],[17.0093555,51.0774313],[17.0093616,51.0774394],[17.0093678,51.0774475],[17.0093739,51.0774556],[17.0093801,51.0774637],[17.0093862,51.0774718],[17.0093923,51.0774799],[17.0093985,51.0774879],[17.0094046,51.077496],[17.0094107,51.0775041],[17.0094169,51.0775122],[17.009423,51.0775203],[17.0094292,51.0775284],[17.0094353,51.0775365],[17.0094414,51.0775446],[17.0094476,51.0775527],[17.0094537,51.0775608],[17.0094772,51.077589]]}},{"type":"Feature","properties":{"layer":"roads"},"geometry":{"type":"LineString","coordinates":[[17.0094005,51.0763188],[17.0094227,51.0763478],[17.009429,51.0763548],[17.0094352,51.0763618],[17.0094414,51.0763689],[17.0094476,51.0763759],[17.0094538,51.0763829],[17.0094654,51.0763878],[17.0094771,51.0763927],[17.0094887,51.0763976],[17.0095004,51.0764025],[17.009512,51.0764073],[17.0095237,51.0764122],[17.0095353,51.0764171],[17.009547,51.076422],[17.0095586,51.0764269],[17.0095717,51.0764275],[17.0095848,51.0764281],[17.009598,51.0764287],[17.0096111,51.0764293],[17.0096242,51.0764299],[17.0096373,51.0764305],[17.0096505,51.0764311],[17.0096636,51.0764317],[17.0096768,51.0764287],[17.00969,51.0764256],[17.0097032,51.0764226],[17.0097165,51.0764196],[17.0097297,51.0764166],[17.0097429,51.0764135],[17.0097561,51.0764105],[17.0097645,51.076404],[17.0097729,51.0763975],[17.0097812,51.0763909],[17.0097896,51.0763844],[17.009798,51.0763779],[17.0098064,51.0763714],[17.0098147,51.0763648],[17.0098231,51.0763583],[17.0098315,51.0763518],[17.0098338,51.076343],[17.009836,51.0763343],[17.0098383,51.0763255],[17.0098405,51.0763168],[17.0098428,51.076308],[17.009845,51.0762992],[17.0098472,51.0762905],[17.0098495,51.0762817],[17.0098473,51.0762732],[17.0098451,51.0762647],[17.009843,51.0762562],[17.0098408,51.0762477],[17.0098386,51.0762392],[17.0098364,51.0762307],[17.0098342,51.0762222],[17.0098321,51.0762137],[17.0098299,51.0762052],[17.0098277,51.0761967],[17.0098255,51.0761882],[17.0098233,51.0761797],[17.0098211,51.0761712],[17.009819,51.0761627],[17.0098168,51.0761542],[17.0098146,51.0761457],[17.0098124,51.0761372],[17.0098102,51.0761287],[17.0098081,51.0761202],[17.0098059,51.0761117],[17.0097921,51.0761034],[17.0098057,51.0760752]]}},{"type":"Feature","properties":{"layer":"roads"},"geometry":{"type":"LineString","coordinates":[[17.0094005,51.0763188],[17.0093888,51.0762862],[17.0093865,51.0762779],[17.0093842,51.0762695],[17.0093841,51.0762409]]}},{"type":"Feature","properties":{"layer":"roads"},"geometry":{"type":"LineString","coordinates":[[17.0094772,51.077589],[17.0094284,51.0776002],[17.0094144,51.0775999],[17.0094004,51.0775997],[17.0093864,51.0775994],[17.0093724,51.0775991],[17.0093584,51.0775989],[17.0093444,51.0775986],[17.0093304,51.0775983],[17.0093164,51.077598],[17.0093024,51.0775978],[17.0092884,51.0775975],[17.0092744,51.0775972],[17.0092604,51.0775969],[17.0092464,51.0775967],[17.0092324,51.0775964],[17.0092184,51.0775961],[17.0092044,51.0775959],[17.0091904,51.0775956],[17.0091764,51.0775953],[17.0091624,51.077595],[17.0091484,51.0775948],[17.0091344,51.0775945],[17.0091223,51.0775914],[17.0091102,51.0775883],[17.0090981,51.0775852],[17.0090861,51.0775822],[17.009074,51.0775791],[17.0090619,51.077576],[17.0090514,51.0775737],[17.0090408,51.0775715],[17.0090303,51.0775693],[17.0090198,51.077567],[17.00901,51.0775607],[17.0090002,51.0775543],[17.0089905,51.077548],[17.0089807,51.0775417],[17.0089709,51.0775354],[17.0089612,51.0775291],[17.0089514,51.0775227],[17.0089416,51.0775164],[17.0089336,51.0775098],[17.0089257,51.0775031],[17.0089177,51.0774965],[17.0089097,51.0774899],[17.0089017,51.0774832],[17.0088938,51.0774766],[17.0088858,51.0774699],[17.0088778,51.0774633],[17.0088698,51.0774567],[17.0088619,51.07745],[17.0088539,51.0774434],[17.0088416,51.0774418],[17.0088293,51.0774402],[17.0087802,51.0774339]]}},{"type":"Feature","properties":{"layer":"roads"},"geometry":{"type":"LineString","coordinates":[[17.0094772,51.077589],[17.0094945,51.0776333],[17.0095022,51.0776574],[17.0095186,51.0776929]]}},{"type":"Feature","properties":{"layer":"roads"},"geometry":{"type":"LineString","coordinates":[[17.0076384,51.0738629],[17.0076349,51.0739377]]}},{"type":"Feature","properties":{"layer":"roads"},"geometry":{"type":"LineString","coordinates":[[17.0076384,51.0738629],[17.0076732,51.0738955],[17.0076872,51.0738959],[17.0077012,51.0738963],[17.0077152,51.0738966],[17.0077292,51.073897],[17.0077432,51.0738974],[17.0077572,51.0738978],[17.0077712,51.0738982],[17.0077852,51.0738986],[17.0077992,51.0738989],[17.0078132,51.0738993],[17.0078272,51.0738997],[17.0078412,51.0739001],[17.0078552,51.0739005],[17.0078692,51.0739009],[17.0078832,51.0739013],[17.0078972,51.0739016],[17.0079112,51.073902],[17.0079252,51.0739024],[17.0079392,51.0739028],[17.0079532,51.0739032],[17.0079672,51.0739036],[17.0079812,51.0739039],[17.0079952,51.0739043],[17.0080092,51.0739047],[17.0080232,51.0739051],[17.0080372,51.0739055],[17.0080512,51.0739059],[17.0080652,51.0739062],[17.0080792,51.0739066],[17.0080932,51.073907],[17.0081072,51.0739074],[17.0081212,51.0739078],[17.0081352,51.0739082],[17.0081492,51.0739086],[17.0081632,51.0739089],[17.0081772,51.0739093],[17.0081912,51.0739097],[17.0082052,51.0739101],[17.0082192,51.0739105],[17.0082332,51.0739109],[17.0082472,51.0739112],[17.0082612,51.0739116],[17.0082752,51.073912],[17.0082892,51.0739124],[17.0083027,51.073912],[17.0083162,51.0739116],[17.0083296,51.0739111],[17.0083431,51.0739107],[17.0083566,51.0739103],[17.0083701,51.0739099],[17.0083836,51.0739095],[17.008397,51.073909],[17.0084105,51.0739086],[17.008424,51.0739082],[17.0084375,51.0739078],[17.008451,51.0739074],[17.0084644,51.0739069],[17.0084779,51.0739065],[17.0084914,51.0739061],[17.0085053,51.0739044],[17.0085193,51.0739027],[17.0085332,51.073901],[17.0085472,51.0738994],[17.0085611,51.0738977],[17.008575,51.073896],[17.008589,51.0738943],[17.0086029,51.0738926],[17.0086168,51.0738909],[17.0086308,51.0738893],[17.0086447,51.0738876],[17.0086587,51.0738859],[17.0086726,51.0738842],[17.0086858,51.073883],[17.008699,51.0738819],[17.0087123,51.0738807],[17.0087255,51.0738795],[17.0087387,51.0738784],[17.0087519,51.0738772],[17.0087651,51.073876],[17.0087784,51.0738748],[17.0087916,51.0738737],[17.0088048,51.0738725],[17.0088174,51.0738701],[17.00883,51.0738677],[17.0088426,51.0738653],[17.0088552,51.0738629],[17.0088679,51.0738605],[17.0088805,51.073858],[17.0088931,51.0738556],[17.0089057,51.0738532],[17.0089183,51.0738508],[17.0089309,51.0738484],[17.0089431,51.0738439],[17.0089553,51.0738393],[17.0089675,51.0738348],[17.0089798,51.0738303],[17.008992,51.0738258],[17.0090427,51.0738151]]}},{"type":"Feature","properties":{"layer":"roads"},"geometry":{"type":"LineString","coordinates":[[17.0110431,51.0723905],[17.0110768,51.0723699],[17.0110886,51.0723649],[17.0111003,51.0723598],[17.011112,51.0723548],[17.0111238,51.0723498],[17.0111355,51.0723448],[17.0111472,51.0723397],[17.011159,51.0723347],[17.0111707,51.0723297],[17.0111797,51.0723249],[17.0111887,51.0723202],[17.0111977,51.0723154],[17.0112067,51.0723107],[17.0112157,51.0723059],[17.011246,51.0722795]]}},{"type":"Feature","properties":{"layer":"roads"},"geometry":{"type":"LineString","coordinates":[[17.0110431,51.0723905],[17.0110014,51.0723747],[17.0109919,51.0723696],[17.0109824,51.0723645],[17.0109729,51.0723594],[17.0109592,51.0723586],[17.0109454,51.0723578],[17.0109317,51.0723569],[17.010918,51.0723561],[17.0109042,51.0723553],[17.0108905,51.0723545],[17.0108768,51.0723536],[17.0108631,51.0723528],[17.0108493,51.072352],[17.0108356,51.0723512],[17.0108219,51.0723503],[17.0108081,51.0723495],[17.0107944,51.0723487],[17.0107805,51.0723502],[17.0107666,51.0723516],[17.0107527,51.0723531],[17.0107388,51.0723546],[17.0107249,51.072356],[17.010711,51.0723575],[17.0106971,51.0723589],[17.0106832,51.0723604],[17.0106702,51.0723634],[17.0106573,51.0723663],[17.0106443,51.0723693],[17.0106313,51.0723723],[17.0106183,51.0723752],[17.0106054,51.0723782],[17.0105924,51.0723811],[17.0105794,51.0723841],[17.0105664,51.0723871],[17.0105535,51.07239],[17.0105405,51.072393],[17.0105293,51.0723972],[17.0105182,51.0724013],[17.010507,51.0724055],[17.0104959,51.0724097],[17.0104847,51.0724139],[17.0104735,51.072418],[17.0104624,51.0724222],[17.0104512,51.0724264],[17.0104401,51.0724305],[17.0104289,51.0724347],[17.0104167,51.0724391],[17.0104045,51.0724435],[17.0103923,51.0724479],[17.0103801,51.0724523],[17.0103679,51.0724567],[17.0103556,51.072461],[17.0103434,51.0724654],[17.0103312,51.0724698],[17.010319,51.0724742],[17.0103068,51.0724786],[17.0102946,51.072483],[17.0102829,51.0724879],[17.0102712,51.0724928],[17.0102595,51.0724977],[17.0102478,51.0725026],[17.0102361,51.0725075],[17.0102244,51.0725124],[17.0102127,51.0725173],[17.010201,51.0725222],[17.0101893,51.0725271],[17.0101776,51.072532],[17.010166,51.0725369],[17.0101543,51.0725419],[17.0101426,51.0725468],[17.0101309,51.0725517],[17.0101192,51.0725566],[17.0101075,51.0725615],[17.0100958,51.0725664],[17.0100841,51.0725713],[17.0100724,51.0725762],[17.0100607,51.0725811],[17.010049,51.072586],[17.0100373,51.0725909],[17.0100263,51.0725958],[17.0100152,51.0726008],[17.0100042,51.0726057],[17.0099931,51.0726107],[17.0099821,51.0726156],[17.009971,51.0726205],[17.00996,51.0726255],[17.0099489,51.0726304],[17.0099379,51.0726353],[17.0099269,51.0726403],[17.0099158,51.0726452],[17.0099048,51.0726502],[17.0098937,51.0726551],[17.0098827,51.07266],[17.0098716,51.072665],[17.0098606,51.0726699],[17.0098495,51.0726749],[17.0098307,51.072683],[17.0097946,51.0726981],[17.0097553,51.0727303]]}},{"type":"Feature","properties":{"layer":"roads"},"geometry":{"type":"LineString","coordinates":[[17.0110431,51.0723905],[17.01107,51.0724186]]}},{"type":"Feature","properties":{"layer":"roads"},"geometry":{"type":"LineString","coordinates":[[17.0114268,51.0728646],[17.011358,51.0728049]]}},{"type":"Feature","properties":{"layer":"roads"},"geometry":{"type":"LineString","coordinates":[[17.0114268,51.0728646],[17.011472,51.0728816],[17.0114815,51.0728873],[17.011491,51.0728931],[17.0115005,51.0728988],[17.01151,51.0729045],[17.0115186,51.0729117],[17.0115272,51.0729188],[17.0115358,51.072926],[17.0115444,51.0729332],[17.011553,51.0729403],[17.0115617,51.0729475],[17.0115703,51.0729547],[17.0115789,51.0729618],[17.0115875,51.072969],[17.0115961,51.0729762],[17.0116047,51.0729833],[17.0116133,51.0729905],[17.0116193,51.0729985],[17.0116254,51.0730065],[17.0116314,51.0730145],[17.0116374,51.0730225],[17.0116435,51.0730305],[17.0116495,51.0730386],[17.0116555,51.0730466],[17.0116616,51.0730546],[17.0116676,51.0730626],[17.0116969,51.0730902]]}},{"type":"Feature","properties":{"layer":"roads"},"geometry":{"type":"LineString","coordinates":[[17.01028,51.0783364],[17.010311,51.0783058],[17.0103203,51.078299],[17.0103295,51.0782923],[17.0103388,51.0782855],[17.010348,51.0782787],[17.0103572,51.0782719],[17.0103665,51.0782652],[17.0103757,51.0782584],[17.0103849,51.0782516],[17.0103942,51.0782448],[17.0104034,51.0782381],[17.0104127,51.0782313],[17.0104219,51.0782245],[17.0104311,51.0782177],[17.0104404,51.078211],[17.0104496,51.0782042],[17.0104588,51.0781974],[17.0104681,51.0781906],[17.0104773,51.0781839],[17.0104866,51.0781771],[17.0104958,51.0781703],[17.010505,51.0781635],[17.0105143,51.0781568],[17.0105235,51.07815],[17.0105347,51.0781446],[17.0105459,51.0781392],[17.0105571,51.0781338],[17.0105683,51.0781284],[17.0105796,51.078123],[17.0105908,51.0781176],[17.010602,51.0781122],[17.0106132,51.0781068],[17.0106244,51.0781014],[17.0106356,51.078096],[17.0106468,51.0780906],[17.010658,51.0780852],[17.0106692,51.0780798],[17.0106805,51.0780745],[17.0106917,51.0780691],[17.0107029,51.0780637],[17.0107141,51.0780583],[17.0107253,51.0780529],[17.0107365,51.0780475],[17.0107477,51.0780421],[17.0107589,51.0780367],[17.0107701,51.0780313],[17.0107813,51.0780259],[17.0107926,51.0780205],[17.0108592,51.0779943]]}},{"type":"Feature","properties":{"layer":"roads"},"geometry":{"type":"LineString","coordinates":[[17.01028,51.0783364],[17.0103063,51.0783607],[17.0103144,51.0783676],[17.0103224,51.0783746],[17.0103305,51.0783815],[17.0103386,51.0783885],[17.0103466,51.0783955],[17.0103547,51.0784024],[17.0103627,51.0784094],[17.0103708,51.0784163],[17.0103788,51.0784233],[17.0103869,51.0784302],[17.0103949,51.0784371],[17.010403,51.0784441],[17.0104103,51.0784515],[17.0104176,51.0784589],[17.010425,51.0784663],[17.0104323,51.0784738],[17.0104396,51.0784812],[17.0104469,51.0784886],[17.0104543,51.078496],[17.0104616,51.0785034],[17.0104689,51.0785108],[17.0104762,51.0785182],[17.0104835,51.0785257],[17.0104909,51.0785331],[17.0104982,51.0785405],[17.0105055,51.0785479],[17.0105128,51.0785553],[17.0105201,51.0785627],[17.0105275,51.0785701],[17.0105348,51.0785776],[17.0105421,51.078585],[17.0105494,51.0785924],[17.0105567,51.0785998],[17.0105641,51.0786072],[17.0105714,51.0786146],[17.0105787,51.078622],[17.010586,51.0786295],[17.0105934,51.0786369],[17.0106007,51.0786443],[17.010608,51.0786517],[17.0106153,51.0786594],[17.0106225,51.0786671],[17.0106298,51.0786748],[17.010637,51.0786825],[17.0106443,51.0786902],[17.0106515,51.0786978],[17.0106588,51.0787055],[17.0106661,51.0787132],[17.0106733,51.0787209],[17.0106806,51.0787286],[17.0106878,51.0787363],[17.0106951,51.078744],[17.0107023,51.0787517],[17.0107096,51.0787594],[17.0107168,51.0787671],[17.0107241,51.0787748],[17.0107314,51.0787825],[17.0107386,51.0787901],[17.0107459,51.0787978],[17.0107749,51.0788286]]}},{"type":"Feature","properties":{"layer":"roads"},"geometry":{"type":"LineString","coordinates":[[17.01028,51.0783364],[17.0102398,51.0783612],[17.0102312,51.0783683],[17.0102226,51.0783753],[17.010214,51.0783824],[17.0102054,51.0783895],[17.0101968,51.0783966],[17.0101883,51.0784036],[17.0101797,51.0784107],[17.0101711,51.0784178],[17.0101625,51.0784249],[17.0101539,51.0784319],[17.0101453,51.078439],[17.0101368,51.0784461],[17.0101282,51.0784532],[17.0101196,51.0784602],[17.010111,51.0784673],[17.0101024,51.0784744],[17.0100938,51.0784814],[17.0100852,51.0784885],[17.0100767,51.0784956],[17.0100681,51.0785027],[17.0100595,51.0785097],[17.0100509,51.0785168],[17.0100423,51.0785239],[17.0100337,51.078531],[17.0100252,51.078538],[17.0100166,51.0785451],[17.010008,51.0785522],[17.0099994,51.0785593],[17.0099908,51.0785663],[17.0099822,51.0785734],[17.0099737,51.0785805],[17.0099651,51.0785876],[17.0099565,51.0785946],[17.0099479,51.0786017],[17.0099378,51.0786081],[17.0099277,51.0786144],[17.0099176,51.0786208],[17.0099075,51.0786271],[17.0098973,51.0786335],[17.0098872,51.0786398],[17.0098771,51.0786462],[17.009867,51.0786525],[17.0098569,51.0786589],[17.0098468,51.0786652],[17.0098367,51.0786716],[17.0098266,51.0786779],[17.0098165,51.0786843],[17.0098064,51.0786906],[17.0097962,51.078697],[17.0097861,51.0787033],[17.009776,51.0787097],[17.0097659,51.078716],[17.0097558,51.0787224],[17.0097434,51.0787268],[17.0097311,51.0787313],[17.0097187,51.0787357],[17.0097064,51.0787401],[17.009694,51.0787446],[17.0096817,51.078749],[17.0096693,51.0787535],[17.009657,51.0787579],[17.0096446,51.0787623],[17.0096323,51.0787668],[17.0096199,51.0787712],[17.0096076,51.0787756],[17.0095952,51.0787801],[17.0095829,51.0787845],[17.0095705,51.078789],[17.0095582,51.0787934],[17.0095458,51.0787978],[17.0095335,51.0788023],[17.0095211,51.0788067],[17.0095078,51.0788099],[17.0094945,51.0788132],[17.0094812,51.0788164],[17.0094679,51.0788197],[17.0094546,51.0788229],[17.0094413,51.0788261],[17.009428,51.0788294],[17.0094147,51.0788326],[17.0094015,51.0788359],[17.0093882,51.0788391],[17.0093749,51.0788424],[17.0093616,51.0788456],[17.0093483,51.0788488],[17.0093024,51.0788476]]}},{"type":"Feature","properties":{"layer":"roads"},"geometry":{"type":"LineString","coordinates":[[17.0093024,51.0788476],[17.0093055,51.0788145],[17.0093044,51.0788066],[17.0093034,51.0787986],[17.0093023,51.0787907],[17.0093012,51.0787828],[17.0093002,51.0787748],[17.0092991,51.0787669],[17.0092952,51.0787593],[17.0092914,51.0787517],[17.0092875,51.0787441],[17.0092836,51.0787365],[17.0092798,51.0787289],[17.0092759,51.0787213],[17.0092694,51.0787144],[17.0092327,51.0786741]]}},{"type":"Feature","properties":{"layer":"roads"},"geometry":{"type":"LineString","coordinates":[[17.0093024,51.0788476],[17.0092755,51.0788923],[17.0092706,51.0788999],[17.0092657,51.0789075],[17.0092608,51.0789151],[17.0092529,51.0789216],[17.0092449,51.0789281],[17.009237,51.0789346],[17.009229,51.0789412],[17.0092211,51.0789477],[17.0092131,51.0789542],[17.0092052,51.0789607],[17.0091948,51.0789657],[17.0091843,51.0789706],[17.0091739,51.0789756],[17.0091635,51.0789805],[17.0091531,51.0789855],[17.0091426,51.0789904],[17.0091322,51.0789954],[17.0091201,51.0789984],[17.0091079,51.0790015],[17.0090958,51.0790045],[17.0090464,51.0790152]]}},{"type":"Feature","properties":{"layer":"roads"},"geometry":{"type":"LineString","coordinates":[[17.0099181,51.0727522],[17.0099005,51.0727806],[17.0098894,51.0727863],[17.0098784,51.072792],[17.0098665,51.0727967],[17.0098547,51.0728013],[17.0098428,51.072806],[17.009831,51.0728107],[17.0098191,51.0728154],[17.0098072,51.07282],[17.0097954,51.0728247],[17.0097835,51.0728294],[17.0097717,51.072834],[17.0097598,51.0728387],[17.0097479,51.0728434],[17.0097361,51.0728481],[17.0097242,51.0728527],[17.0097124,51.0728574],[17.0097005,51.0728621],[17.0096886,51.0728667],[17.0096768,51.0728714],[17.0096649,51.0728761],[17.009653,51.0728808],[17.0096412,51.0728854],[17.0096293,51.0728901],[17.0096175,51.0728948],[17.0096056,51.0728994],[17.0095937,51.0729041],[17.0095819,51.0729088],[17.00957,51.0729135],[17.0095582,51.0729181],[17.0095463,51.0729228],[17.0095356,51.0729286],[17.0095249,51.0729344],[17.0095142,51.0729402],[17.0095035,51.0729459],[17.0094928,51.0729517],[17.0094821,51.0729575],[17.0094714,51.0729633],[17.0094607,51.0729691],[17.00945,51.0729749],[17.0094393,51.0729807],[17.0094286,51.0729865],[17.0094179,51.0729922],[17.0094072,51.072998],[17.0093965,51.0730038],[17.0093858,51.0730096],[17.0093751,51.0730154],[17.0093644,51.0730212],[17.0093537,51.073027],[17.009343,51.0730327],[17.0093323,51.0730385],[17.0093216,51.0730443],[17.0093109,51.0730501],[17.0093002,51.0730559],[17.0092895,51.0730617],[17.0092788,51.0730675],[17.0092681,51.0730732],[17.0092574,51.073079],[17.0092467,51.0730848],[17.009236,51.0730906],[17.0092253,51.0730964],[17.0092146,51.0731022],[17.0092039,51.073108],[17.0091932,51.0731138],[17.0091825,51.0731195],[17.0091718,51.0731253],[17.0091611,51.0731311],[17.0091504,51.0731369],[17.0091414,51.0731437],[17.0091325,51.0731505],[17.0091235,51.0731573],[17.0091145,51.0731642],[17.0091055,51.073171],[17.0090966,51.0731778],[17.0090876,51.0731846],[17.0090786,51.0731914],[17.0090696,51.0731982],[17.0090607,51.0732051],[17.0090517,51.0732119],[17.0090427,51.0732187],[17.0090337,51.0732255],[17.0090248,51.0732323],[17.0089827,51.0732596]]}},{"type":"Feature","properties":{"layer":"roads"},"geometry":{"type":"LineString","coordinates":[[17.0099181,51.0727522],[17.0098651,51.072741],[17.0098521,51.0727395],[17.0098262,51.0727375],[17.0097553,51.0727303]]}},{"type":"Feature","properties":{"layer":"roads"},"geometry":{"type":"LineString","coordinates":[[17.0089827,51.0732596],[17.0089855,51.0732137],[17.0089865,51.0732049],[17.0089874,51.0731961],[17.0089884,51.0731874],[17.0089893,51.0731786],[17.0089903,51.0731698],[17.0089912,51.073161],[17.0089921,51.0731522],[17.0089931,51.0731434],[17.008994,51.0731347],[17.008995,51.0731259],[17.0089959,51.0731171],[17.0089969,51.0731083],[17.0089791,51.0730798]]}},{"type":"Feature","properties":{"layer":"roads"},"geometry":{"type":"LineString","coordinates":[[17.0076743,51.0748937],[17.0077232,51.0748903],[17.007735,51.0748884],[17.0077467,51.0748865],[17.0077585,51.0748846],[17.0077703,51.0748827],[17.0077839,51.0748799],[17.0077975,51.0748771],[17.0078111,51.0748743],[17.0078247,51.0748715],[17.0078383,51.0748686],[17.0078519,51.0748658],[17.0078655,51.074863],[17.0078791,51.0748602],[17.0078926,51.0748574],[17.0079062,51.0748546],[17.0079198,51.0748518],[17.0079334,51.074849],[17.007947,51.0748461],[17.0079606,51.0748433],[17.0079742,51.0748405],[17.0079878,51.0748377],[17.0080014,51.0748349],[17.0080145,51.0748317],[17.0080276,51.0748285],[17.0080407,51.0748253],[17.0080538,51.074822],[17.0080669,51.0748188],[17.00808,51.0748156],[17.0080931,51.0748124],[17.0081062,51.0748092],[17.0081193,51.074806],[17.0081324,51.0748028],[17.0081455,51.0747995],[17.0081586,51.0747963],[17.0081717,51.0747931],[17.0081848,51.0747899],[17.0081979,51.0747867],[17.008211,51.0747835],[17.0082241,51.0747803],[17.0082372,51.074777],[17.0082503,51.0747738],[17.0082634,51.0747706],[17.0082765,51.0747674],[17.0082882,51.0747719],[17.0082999,51.0747764],[17.0083116,51.0747809],[17.0083234,51.0747853],[17.0083351,51.0747898],[17.0083468,51.0747943],[17.0083577,51.0747975],[17.0083685,51.0748007],[17.0083794,51.0748039],[17.008392,51.0748052],[17.0084045,51.0748065],[17.0084133,51.0748021],[17.0084221,51.0747978],[17.0084309,51.0747935],[17.0084397,51.0747891],[17.008449,51.0747823],[17.0084583,51.0747756],[17.0084676,51.0747688],[17.0084769,51.074762],[17.0084862,51.0747553],[17.0084954,51.0747485],[17.0085047,51.0747418],[17.008514,51.074735],[17.0085233,51.0747282],[17.0085326,51.0747215],[17.0085419,51.0747147],[17.0085507,51.074708],[17.0085595,51.0747012],[17.0085683,51.0746945],[17.0085771,51.0746877],[17.008586,51.074681],[17.0085948,51.0746743],[17.0086036,51.0746675],[17.0086413,51.0746464]]}},{"type":"Feature","properties":{"layer":"roads"},"geometry":{"type":"LineString","coordinates":[[17.0086413,51.0746464],[17.0086609,51.0746218],[17.0086687,51.0746154],[17.0086764,51.074609],[17.0086672,51.0746033],[17.008658,51.0745975],[17.0086488,51.0745918],[17.0086395,51.0745861],[17.0086303,51.0745804],[17.0086211,51.0745746],[17.0086119,51.0745689],[17.0086023,51.0745633],[17.0085928,51.0745578],[17.0085832,51.0745522],[17.0085737,51.0745467],[17.0085641,51.0745411],[17.0085549,51.0745342],[17.0085458,51.0745273],[17.0085366,51.0745205],[17.0085275,51.0745136],[17.0085183,51.0745067],[17.008512,51.0744991],[17.0085057,51.0744914],[17.0084994,51.0744837],[17.0084931,51.0744761],[17.0084868,51.0744684],[17.0084805,51.0744608],[17.0084793,51.0744521],[17.0084781,51.0744434],[17.0084704,51.0743932]]}},{"type":"Feature","properties":{"layer":"roads"},"geometry":{"type":"LineString","coordinates":[[17.0086413,51.0746464],[17.0086763,51.0746723],[17.0086856,51.0746773],[17.0086956,51.0746828],[17.0087057,51.0746883],[17.0087157,51.0746939],[17.0087257,51.0746994],[17.0087358,51.0747049],[17.0087733,51.0747283]]}},{"type":"Feature","properties":{"layer":"roads"},"geometry":{"type":"LineString","coordinates":[[17.0127401,51.0765793],[17.0127866,51.0765967],[17.0128006,51.0765973],[17.0128146,51.0765979],[17.0128286,51.0765985],[17.0128426,51.0765991],[17.0128565,51.0765997],[17.0128705,51.0766003],[17.0128845,51.0766009],[17.0128985,51.0766015],[17.0129125,51.0766021],[17.0129265,51.0766027],[17.0129405,51.0766033],[17.0129545,51.0766039],[17.0129685,51.0766045],[17.0129825,51.0766051],[17.0129964,51.0766057],[17.0130104,51.0766063],[17.0130244,51.0766069],[17.0130384,51.0766075],[17.0130524,51.0766081],[17.0130664,51.0766087],[17.0130795,51.0766088],[17.0130926,51.0766089],[17.0131058,51.0766091],[17.0131189,51.0766092],[17.0131735,51.0766071]]}},{"type":"Feature","properties":{"layer":"roads"},"geometry":{"type":"LineString","coordinates":[[17.0127401,51.0765793],[17.0127537,51.0765507],[17.0127602,51.0765427],[17.0127666,51.0765347],[17.012773,51.0765267],[17.0127795,51.0765187],[17.0127859,51.0765106],[17.0127923,51.0765026],[17.0127988,51.0764946],[17.0128052,51.0764866],[17.0128116,51.0764786],[17.0128181,51.0764706],[17.0128245,51.0764625],[17.0128309,51.0764545],[17.0128374,51.0764465],[17.0128438,51.0764385],[17.0128502,51.0764305],[17.0128566,51.0764224],[17.0128631,51.0764144],[17.0128695,51.0764064],[17.0128759,51.0763984],[17.0128824,51.0763904],[17.0128888,51.0763824],[17.0128952,51.0763743],[17.0129017,51.0763663],[17.0129081,51.0763583],[17.0129145,51.0763503],[17.0129435,51.0763302]]}},{"type":"Feature","properties":{"layer":"roads"},"geometry":{"type":"LineString","coordinates":[[17.0100018,51.0746133],[17.0100483,51.0746396],[17.0100605,51.0746441],[17.0100726,51.0746486],[17.0100847,51.0746531],[17.0100969,51.0746576],[17.010109,51.074662],[17.0101211,51.0746665],[17.0101333,51.074671],[17.0101454,51.0746755],[17.0101575,51.07468],[17.0101697,51.0746845],[17.0101818,51.074689],[17.0101939,51.0746935],[17.0102061,51.074698],[17.0102182,51.0747025],[17.0102303,51.074707],[17.0102425,51.0747115],[17.0102546,51.074716],[17.0102667,51.0747205],[17.0102789,51.074725],[17.010291,51.0747295],[17.0103031,51.074734],[17.0103153,51.0747385],[17.0103274,51.0747429],[17.0103396,51.0747474],[17.0103517,51.0747519],[17.0103638,51.0747564],[17.010376,51.0747609],[17.0103881,51.0747654],[17.0104002,51.0747699],[17.0104124,51.0747744],[17.0104245,51.0747789],[17.0104366,51.0747834],[17.0104488,51.0747879],[17.0104609,51.0747924],[17.010473,51.0747969],[17.0104852,51.0748014],[17.0104973,51.0748059],[17.0105094,51.0748104],[17.0105216,51.0748149],[17.0105337,51.0748194],[17.0105458,51.0748238],[17.010558,51.0748283],[17.0105701,51.0748328],[17.0105822,51.0748373],[17.0105944,51.0748418],[17.0106065,51.0748463],[17.0106385,51.0748655]]}},{"type":"Feature","properties":{"layer":"roads"},"geometry":{"type":"LineString","coordinates":[[17.0100018,51.0746133],[17.0099766,51.0746488],[17.0099708,51.0746556],[17.0099699,51.0746629],[17.009969,51.0746702],[17.009968,51.0746774],[17.0099671,51.0746847],[17.0099648,51.0746918],[17.0099626,51.0746989],[17.0099604,51.074706],[17.0099581,51.0747131],[17.0099542,51.0747212],[17.0099502,51.0747293],[17.0099463,51.0747374],[17.0099406,51.0747454],[17.0099349,51.0747535],[17.0099292,51.0747615],[17.0098759,51.0747846]]}},{"type":"Feature","properties":{"layer":"roads"},"geometry":{"type":"LineString","coordinates":[[17.0100018,51.0746133],[17.0099811,51.074585],[17.0099778,51.0745767],[17.0099745,51.0745684],[17.0099711,51.0745601],[17.0099678,51.0745518],[17.0099638,51.0745444],[17.0099597,51.0745369],[17.0099557,51.0745295],[17.0099517,51.0745221],[17.0099476,51.0745146],[17.0099436,51.0745072],[17.0099125,51.0744828]]}},{"type":"Feature","properties":{"layer":"roads"},"geometry":{"type":"LineString","coordinates":[[17.0100018,51.0746133],[17.0100294,51.0745884],[17.0100363,51.074581],[17.0100433,51.0745736],[17.0100503,51.0745661],[17.0100573,51.0745587],[17.0100643,51.0745513],[17.0100712,51.0745438],[17.0100782,51.0745364],[17.0100852,51.074529],[17.0100922,51.0745215],[17.0100992,51.0745141],[17.0101061,51.0745066],[17.0101131,51.0744992],[17.0101201,51.0744918],[17.0101271,51.0744843],[17.0101341,51.0744769],[17.010141,51.0744695],[17.0101603,51.0744401]]}},{"type":"Feature","properties":{"layer":"roads"},"geometry":{"type":"LineString","coordinates":[[17.0101603,51.0744401],[17.0101217,51.0744169],[17.01011,51.0744123],[17.0100982,51.0744078],[17.0100864,51.0744032],[17.0100746,51.0743987],[17.0100628,51.0743941],[17.010051,51.0743895],[17.0100393,51.074385],[17.0099916,51.0743734]]}},{"type":"Feature","properties":{"layer":"roads"},"geometry":{"type":"LineString","coordinates":[[17.010801,51.0746851],[17.0107759,51.0747288],[17.0107684,51.0747361],[17.0107609,51.0747435],[17.0107535,51.0747509],[17.010746,51.0747582],[17.0107385,51.0747655],[17.0107311,51.0747729],[17.0107236,51.0747802],[17.0107162,51.0747876],[17.0107087,51.0747949],[17.0107066,51.0748247]]}},{"type":"Feature","properties":{"layer":"roads"},"geometry":{"type":"LineString","coordinates":[[17.010801,51.0746851],[17.0108561,51.0747024]]}},{"type":"Feature","properties":{"layer":"roads"},"geometry":{"type":"LineString","coordinates":[[17.0108065,51.0748209],[17.0108664,51.0748078],[17.0108795,51.0748043],[17.0108927,51.0748007],[17.0109058,51.0747972],[17.0109189,51.0747937],[17.0109321,51.0747901],[17.0109452,51.0747866],[17.0109583,51.0747831],[17.0109714,51.0747796],[17.0109846,51.074776],[17.0109977,51.0747725],[17.0110108,51.074769],[17.0110239,51.0747655],[17.0110371,51.0747619],[17.0110502,51.0747584],[17.0110626,51.0747556],[17.011075,51.0747527],[17.0110873,51.0747499],[17.0110997,51.0747471],[17.0111121,51.0747442],[17.0111245,51.0747414],[17.0111369,51.0747386],[17.0111715,51.0747179]]}},{"type":"Feature","properties":{"layer":"roads"},"geometry":{"type":"LineString","coordinates":[[17.0108065,51.0748209],[17.0108279,51.0747891],[17.0108314,51.0747808],[17.0108349,51.0747726],[17.0108384,51.0747644],[17.0108419,51.0747562],[17.0108454,51.074748],[17.0108448,51.0747392],[17.0108441,51.0747303],[17.0108561,51.0747024]]}},{"type":"Feature","properties":{"layer":"roads"},"geometry":{"type":"LineString","coordinates":[[17.0108065,51.0748209],[17.0107621,51.0748255],[17.0107066,51.0748247]]}},{"type":"Feature","properties":{"layer":"roads"},"geometry":{"type":"LineString","coordinates":[[17.0108065,51.0748209],[17.0107996,51.0748552],[17.0107961,51.0748635],[17.0107925,51.0748718],[17.0107889,51.0748801],[17.0107854,51.0748884],[17.0107818,51.0748967],[17.0107783,51.074905],[17.0107747,51.0749134],[17.0107711,51.0749217],[17.0107676,51.07493],[17.010764,51.0749383],[17.0107591,51.0749456],[17.0107542,51.0749529],[17.0107493,51.0749602],[17.0107443,51.0749675],[17.0107394,51.0749748],[17.0107345,51.0749821],[17.0107288,51.0749899],[17.0107231,51.0749977],[17.0107174,51.0750055],[17.0107117,51.0750133],[17.010706,51.0750211],[17.0107003,51.0750289],[17.0106946,51.0750367],[17.0106889,51.0750445],[17.0106835,51.0750522],[17.0106782,51.0750599],[17.0106728,51.0750676],[17.0106674,51.0750753],[17.010662,51.075083],[17.0106567,51.0750907],[17.0106513,51.0750984],[17.0106433,51.075105],[17.0106352,51.0751115],[17.0106272,51.0751181],[17.0106191,51.0751246],[17.0106111,51.0751312],[17.010603,51.0751377],[17.010595,51.0751443],[17.0105869,51.0751508],[17.0105789,51.0751574],[17.0105686,51.0751626],[17.0105583,51.0751678],[17.010548,51.075173],[17.0105378,51.0751782],[17.0105275,51.0751834],[17.0105172,51.0751886],[17.0105069,51.0751937],[17.0104966,51.0751989],[17.0104864,51.0752041],[17.0104761,51.0752093],[17.0104658,51.0752145],[17.0104555,51.0752197],[17.0104439,51.0752246],[17.0104323,51.0752296],[17.0104207,51.0752345],[17.0104091,51.0752395],[17.0103975,51.0752444],[17.0103859,51.0752494],[17.0103743,51.0752543],[17.0103627,51.0752593],[17.0103511,51.0752642],[17.0103395,51.0752692],[17.0103278,51.0752741],[17.0103162,51.0752791],[17.0103046,51.0752841],[17.010293,51.075289],[17.0102814,51.0752939],[17.0102698,51.0752989],[17.0102582,51.0753038],[17.0102466,51.0753088],[17.010235,51.0753137],[17.0102234,51.0753187],[17.0102137,51.0752898]]}},{"type":"Feature","properties":{"layer":"roads"},"geometry":{"type":"LineString","coordinates":[[17.0102137,51.0752898],[17.0101487,51.0752903],[17.0101363,51.0752859],[17.0101239,51.0752815],[17.0101115,51.0752772],[17.0100991,51.0752728],[17.0100867,51.0752684],[17.0100743,51.075264],[17.010062,51.0752596],[17.0100496,51.0752553],[17.0100372,51.0752509],[17.0100248,51.0752465],[17.0100124,51.0752421],[17.01,51.0752377],[17.0099876,51.0752334],[17.0099752,51.075229],[17.0099467,51.0752035]]}},{"type":"Feature","properties":{"layer":"roads"},"geometry":{"type":"LineString","coordinates":[[17.0093749,51.0782852],[17.009316,51.0782928],[17.0093022,51.0782906],[17.0092884,51.0782883],[17.0092746,51.0782861],[17.0092608,51.0782838],[17.0092478,51.0782824],[17.0092347,51.0782809],[17.0092217,51.0782795],[17.0092086,51.078278],[17.0091956,51.0782766],[17.0091825,51.0782751],[17.0091695,51.0782737],[17.0091561,51.0782743],[17.0091427,51.0782748],[17.0091293,51.0782754],[17.009116,51.0782759],[17.0091026,51.0782765],[17.0090892,51.0782771],[17.0090758,51.0782776],[17.0090624,51.0782782],[17.0090485,51.0782792],[17.0090346,51.0782802],[17.0090207,51.0782812],[17.0090068,51.0782821],[17.0089929,51.0782831],[17.0089791,51.0782841],[17.0089652,51.0782851],[17.0089513,51.0782861],[17.0089374,51.0782871],[17.0089235,51.078288],[17.0089096,51.078289],[17.0088957,51.07829],[17.0088818,51.078291],[17.0088679,51.078292],[17.008854,51.078293],[17.0088402,51.0782939],[17.0088263,51.0782949],[17.0088124,51.0782959],[17.0087985,51.0782969],[17.0087846,51.0782979],[17.0087707,51.0782989],[17.0087568,51.0782998],[17.0087429,51.0783008],[17.008729,51.0783018],[17.0087151,51.0783028],[17.0087013,51.0783038],[17.0086874,51.0783048],[17.0086426,51.0783113],[17.0086178,51.0783097],[17.0086037,51.0783108],[17.0085897,51.0783118],[17.0085757,51.0783129],[17.0085616,51.0783139],[17.0085476,51.0783149],[17.0085335,51.078316],[17.0085195,51.078317],[17.0085055,51.0783181],[17.0084914,51.0783191],[17.0084774,51.0783201],[17.0084634,51.0783212],[17.0084493,51.0783222],[17.0084353,51.0783232],[17.0084213,51.0783243],[17.0084072,51.0783253],[17.0083932,51.0783264],[17.0083792,51.0783274],[17.0083651,51.0783284],[17.0083511,51.0783295],[17.0083371,51.0783305],[17.008323,51.0783316],[17.008309,51.0783326],[17.0082949,51.0783336],[17.0082809,51.0783347],[17.0082669,51.0783357],[17.0082528,51.0783368],[17.0082388,51.0783378],[17.0082256,51.0783365],[17.0082124,51.0783351],[17.0081992,51.0783338],[17.008186,51.0783324],[17.0081728,51.0783311],[17.0081604,51.0783268],[17.0081481,51.0783225],[17.0081357,51.0783182],[17.0081234,51.0783139],[17.008111,51.0783096],[17.0080987,51.0783053],[17.0080863,51.078301],[17.008074,51.0782967],[17.0080616,51.0782923],[17.0080493,51.078288],[17.0080369,51.0782837],[17.0080246,51.0782794],[17.0080122,51.0782751],[17.0079999,51.0782708],[17.0079875,51.0782665],[17.0079752,51.0782622],[17.0079628,51.0782579],[17.0079505,51.0782536],[17.0079381,51.0782493],[17.0079257,51.078245],[17.0079134,51.0782407],[17.007901,51.0782364],[17.0078887,51.0782321],[17.0078763,51.0782278],[17.007864,51.0782235],[17.0078516,51.0782192],[17.0078393,51.0782149],[17.0078269,51.0782105],[17.0078146,51.0782062],[17.0078022,51.0782019],[17.0077899,51.0781976],[17.0077775,51.0781933],[17.0077281,51.0781761]]}},{"type":"Feature","properties":{"layer":"roads"},"geometry":{"type":"LineString","coordinates":[[17.0093749,51.0782852],[17.0093381,51.0783291],[17.0093299,51.0783359],[17.0093217,51.0783426],[17.0093134,51.0783494],[17.0093052,51.0783562],[17.009279,51.0783766],[17.0092641,51.0783907],[17.0092585,51.078398],[17.0092373,51.078423]]}},{"type":"Feature","properties":{"layer":"roads"},"geometry":{"type":"LineString","coordinates":[[17.0093749,51.0782852],[17.0093662,51.078251],[17.0093654,51.0782425],[17.0093646,51.078234],[17.0093637,51.0782256],[17.0093629,51.0782171],[17.0093621,51.0782086],[17.0093655,51.0782003],[17.0093689,51.078192],[17.0093723,51.0781837],[17.0093757,51.0781754],[17.009379,51.0781671],[17.0093824,51.0781588],[17.0093858,51.0781505],[17.0093892,51.0781422],[17.0093926,51.0781339],[17.009396,51.0781256],[17.0093994,51.0781173],[17.0094027,51.078109],[17.0094061,51.0781007],[17.0094095,51.0780924],[17.0094129,51.0780841],[17.0094163,51.0780758],[17.0094187,51.078067],[17.0094211,51.0780583],[17.0094234,51.0780495],[17.0094258,51.0780408],[17.0094282,51.078032],[17.0094306,51.0780233],[17.009433,51.0780145],[17.0094354,51.0780058],[17.0094378,51.077997],[17.0094401,51.0779882],[17.0094425,51.0779795],[17.0094449,51.0779707],[17.0094473,51.077962],[17.0094497,51.0779532],[17.0094521,51.0779445],[17.0094544,51.0779357],[17.0094568,51.077927],[17.0094592,51.0779182],[17.0094608,51.0779095],[17.0094623,51.0779008],[17.0094639,51.077892],[17.0094655,51.0778833],[17.009467,51.0778746],[17.0094686,51.0778659],[17.0094702,51.0778572],[17.0094718,51.0778485],[17.0094733,51.0778397],[17.0094749,51.077831],[17.0094765,51.0778223],[17.009478,51.0778136],[17.0094796,51.0778049],[17.0094812,51.0777962],[17.0094827,51.0777874],[17.0094843,51.0777787],[17.0094859,51.07777],[17.0094874,51.0777613],[17.009489,51.0777526],[17.0094906,51.0777439],[17.0094921,51.0777351],[17.0094937,51.0777264],[17.0094953,51.0777177],[17.0095186,51.0776929]]}},{"type":"Feature","properties":{"layer":"roads"},"geometry":{"type":"LineString","coordinates":[[17.0121827,51.0744362],[17.0121752,51.0744053],[17.0121676,51.0743979],[17.0121601,51.0743904],[17.0121526,51.074383],[17.0121451,51.0743755],[17.0121376,51.074368],[17.0121301,51.0743606],[17.0121226,51.0743531],[17.0121151,51.0743456],[17.0121076,51.0743382],[17.0121,51.0743307],[17.0120925,51.0743233],[17.012085,51.0743158],[17.0120775,51.0743083],[17.01207,51.0743009],[17.0120625,51.0742934],[17.012055,51.0742859],[17.0120475,51.0742785],[17.0120399,51.074271],[17.0120324,51.0742636],[17.0120249,51.0742561],[17.0120174,51.0742486],[17.0120099,51.0742412],[17.0120024,51.0742337],[17.0119949,51.0742262],[17.0119874,51.0742188],[17.0119799,51.0742113],[17.0119723,51.0742039],[17.0119648,51.0741964],[17.0119573,51.0741889],[17.0119498,51.0741815],[17.0119423,51.074174],[17.011934,51.0741671],[17.0119256,51.0741601],[17.0119173,51.0741532],[17.011909,51.0741463],[17.0119006,51.0741393],[17.0118923,51.0741324],[17.011884,51.0741255],[17.0118756,51.0741185],[17.0118673,51.0741116],[17.011859,51.0741047],[17.0118507,51.0740978],[17.0118423,51.0740908],[17.011834,51.0740839],[17.0118257,51.074077],[17.0118173,51.07407],[17.011809,51.0740631],[17.0118007,51.0740562],[17.0117923,51.0740492],[17.011784,51.0740423],[17.0117756,51.0740351],[17.0117672,51.0740278],[17.0117587,51.0740206],[17.0117503,51.0740133],[17.0117419,51.0740061],[17.0117335,51.0739989],[17.011725,51.0739916],[17.0117166,51.0739844],[17.0117082,51.0739771],[17.0116998,51.0739699],[17.0116913,51.0739626],[17.0116829,51.0739554],[17.011657,51.0739241]]}},{"type":"Feature","properties":{"layer":"roads"},"geometry":{"type":"LineString","coordinates":[[17.0121827,51.0744362],[17.0121332,51.0744476],[17.01212,51.0744487],[17.0121068,51.0744498],[17.0120937,51.074451],[17.0120805,51.0744521],[17.0120673,51.0744532],[17.0120541,51.0744543],[17.0120409,51.0744554],[17.0120278,51.0744566],[17.0120146,51.0744577],[17.0120014,51.0744588],[17.0119498,51.0744691]]}},{"type":"Feature","properties":{"layer":"roads"},"geometry":{"type":"LineString","coordinates":[[17.0121827,51.0744362],[17.0122315,51.0744666],[17.012238,51.0744745],[17.0122446,51.0744823],[17.0122512,51.0744902],[17.0122577,51.074498],[17.0122643,51.0745059],[17.0122709,51.0745138],[17.0122774,51.0745216],[17.012284,51.0745295],[17.0122906,51.0745373],[17.0122971,51.0745452],[17.0123037,51.074553],[17.0123103,51.0745609],[17.0123168,51.0745687],[17.0123234,51.0745766],[17.01233,51.0745845],[17.0123365,51.0745923],[17.0123431,51.0746002],[17.0123497,51.074608],[17.0123562,51.0746159],[17.0123628,51.0746237],[17.0123694,51.0746316],[17.0123759,51.0746394],[17.0123825,51.0746473],[17.0123891,51.0746552],[17.0123956,51.074663],[17.0124022,51.0746709],[17.0124088,51.0746787],[17.0124153,51.0746866],[17.0124219,51.0746944],[17.0124285,51.0747023],[17.0124397,51.0747387]]}},{"type":"Feature","properties":{"layer":"roads"},"geometry":{"type":"LineString","coordinates":[[17.011657,51.0739241],[17.0117065,51.0739243],[17.0117196,51.0739254],[17.0117327,51.0739264],[17.0117458,51.0739274],[17.011759,51.0739285],[17.0117721,51.0739295],[17.0117862,51.0739301],[17.0118004,51.0739306],[17.0118145,51.0739312],[17.0118286,51.0739318],[17.0118428,51.0739323],[17.0118569,51.0739329],[17.011871,51.0739335],[17.0118851,51.073934],[17.0118993,51.0739346],[17.0119134,51.0739352],[17.0119275,51.0739357],[17.0119417,51.0739363],[17.0119558,51.0739369],[17.0119699,51.0739374],[17.0119841,51.073938],[17.0119982,51.0739386],[17.0120123,51.0739391],[17.0120264,51.0739397],[17.0120406,51.0739403],[17.0120547,51.0739408],[17.0120688,51.0739414],[17.012083,51.073942],[17.0120971,51.0739425],[17.0121112,51.0739431],[17.0121254,51.0739437],[17.0121395,51.0739442],[17.0121536,51.0739448],[17.0121677,51.0739454],[17.0121819,51.0739459],[17.012196,51.0739465],[17.0122101,51.0739471],[17.0122243,51.0739476],[17.0122384,51.0739482],[17.0122522,51.0739485],[17.0122661,51.0739489],[17.0122799,51.0739492],[17.0122938,51.0739496],[17.0123077,51.0739499],[17.0123215,51.0739503],[17.0123354,51.0739506],[17.0123492,51.0739509],[17.0124046,51.0739523]]}},{"type":"Feature","properties":{"layer":"roads"},"geometry":{"type":"LineString","coordinates":[[17.011657,51.0739241],[17.0115963,51.0739388],[17.0115852,51.0739438],[17.0115741,51.0739487],[17.0115629,51.0739536],[17.0115518,51.0739585],[17.0115407,51.0739634],[17.0115317,51.0739702],[17.0115227,51.073977],[17.0115137,51.0739837],[17.0115047,51.0739905],[17.0114957,51.0739973],[17.0114866,51.0740041],[17.0114776,51.0740109],[17.0114686,51.0740176],[17.0114596,51.0740244],[17.0114506,51.0740312],[17.011442,51.0740379],[17.0114333,51.0740447],[17.0114247,51.0740514],[17.011416,51.0740582],[17.0114074,51.0740649],[17.0113987,51.0740717],[17.0113901,51.0740784],[17.0113853,51.0740861],[17.0113805,51.0740939],[17.0113757,51.0741017],[17.011371,51.0741094],[17.0113662,51.0741171],[17.0113614,51.0741249],[17.011356,51.0741329],[17.0113506,51.074141],[17.0113451,51.074149],[17.0113397,51.0741571],[17.0113343,51.0741651],[17.0113289,51.0741731],[17.0113234,51.0741812],[17.011318,51.0741892],[17.0113126,51.0741973],[17.0113072,51.0742053],[17.0113018,51.0742134],[17.0112963,51.0742214],[17.0112909,51.0742294],[17.0112855,51.0742375],[17.0112801,51.0742455],[17.0112746,51.0742536],[17.0112692,51.0742616],[17.0112638,51.0742696],[17.0112584,51.0742777],[17.0112529,51.0742857],[17.0112475,51.0742938],[17.0112421,51.0743018],[17.011237,51.0743092],[17.0112319,51.0743166],[17.0112268,51.074324],[17.0112217,51.0743314],[17.0112166,51.0743388],[17.0112115,51.0743462],[17.0112064,51.0743536],[17.0112012,51.074362],[17.011196,51.0743704],[17.0111908,51.0743787],[17.0111856,51.0743871],[17.0111891,51.0744176]]}},{"type":"Feature","properties":{"layer":"roads"},"geometry":{"type":"LineString","coordinates":[[17.011657,51.0739241],[17.0116677,51.0738915],[17.0116744,51.0738846],[17.0116811,51.0738777],[17.0116879,51.0738707],[17.0116946,51.0738638],[17.0117013,51.0738569],[17.0117062,51.0738489],[17.0117111,51.0738409],[17.0117159,51.0738329],[17.0117208,51.0738249],[17.0117257,51.0738169],[17.0117306,51.0738089],[17.0117355,51.0738009],[17.0117403,51.0737929],[17.0117452,51.0737849],[17.0117501,51.0737769],[17.011755,51.0737689],[17.0117599,51.0737609],[17.0117647,51.0737529],[17.0117696,51.0737449],[17.0117745,51.0737369],[17.0117767,51.0737282],[17.0117789,51.0737194],[17.0117812,51.0737107],[17.0117834,51.073702],[17.0117856,51.0736933],[17.0117878,51.0736845],[17.0117901,51.0736758],[17.0117923,51.0736671],[17.0117945,51.0736583],[17.0117967,51.0736496],[17.0117989,51.0736409],[17.0118012,51.0736322],[17.0118034,51.0736234],[17.0118056,51.0736147],[17.0118065,51.0736058],[17.0118074,51.0735969],[17.0118083,51.0735879],[17.0118092,51.073579],[17.0118101,51.0735701],[17.011811,51.0735612],[17.0118119,51.0735522],[17.0118128,51.0735433],[17.0118137,51.0735344],[17.0118146,51.0735254],[17.0118155,51.0735165],[17.0118164,51.0735076],[17.0118154,51.0734988],[17.0118143,51.07349],[17.0118133,51.0734812],[17.0118123,51.0734724],[17.0118113,51.0734636],[17.0118102,51.0734547],[17.0118092,51.0734459],[17.0118082,51.0734371],[17.0118071,51.0734283],[17.0118061,51.0734195],[17.0118051,51.0734107],[17.0118041,51.0734019],[17.011803,51.0733931],[17.011802,51.0733843],[17.011801,51.0733755],[17.0117999,51.0733666],[17.0117989,51.0733578],[17.0117979,51.073349],[17.0118004,51.0733151]]}},{"type":"Feature","properties":{"layer":"roads"},"geometry":{"type":"LineString","coordinates":[[17.0118004,51.0733151],[17.0117792,51.0732889],[17.0117753,51.0732805],[17.0117714,51.073272],[17.0117675,51.0732636],[17.0117636,51.0732552],[17.0117597,51.0732467],[17.0117558,51.0732383],[17.0117519,51.0732299],[17.011748,51.0732215],[17.0117441,51.073213],[17.0117403,51.0732046],[17.0117364,51.0731962],[17.0117325,51.0731877],[17.0117286,51.0731793],[17.0117247,51.0731709],[17.0117208,51.0731625],[17.0117169,51.073154],[17.011713,51.0731456],[17.0117091,51.0731372],[17.0117052,51.0731287],[17.0117013,51.0731203],[17.0116969,51.0730902]]}},{"type":"Feature","properties":{"layer":"roads"},"geometry":{"type":"LineString","coordinates":[[17.0118004,51.0733151],[17.011844,51.0733115],[17.0118564,51.0733087],[17.0118687,51.0733059],[17.011881,51.0733031],[17.0118933,51.0733004],[17.0119056,51.0732976],[17.0119179,51.0732948],[17.0119304,51.0732921],[17.0119428,51.0732895],[17.0119553,51.0732868],[17.0119677,51.0732841],[17.0119802,51.0732815],[17.01203,51.0732708]]}},{"type":"Feature","properties":{"layer":"roads"},"geometry":{"type":"LineString","coordinates":[[17.0087182,51.0747736],[17.0086781,51.0747949],[17.0086685,51.0748015],[17.0086588,51.0748081],[17.0086492,51.0748147],[17.0086395,51.0748213],[17.0086299,51.0748279],[17.0086203,51.0748345],[17.0086106,51.0748411],[17.008601,51.0748477],[17.0085913,51.0748543],[17.0085817,51.0748609],[17.0085721,51.0748675],[17.0085624,51.0748742],[17.0085528,51.0748808],[17.0085432,51.0748874],[17.0085335,51.074894],[17.0085239,51.0749006],[17.0085142,51.0749072],[17.0085046,51.0749138],[17.008495,51.0749204],[17.0084853,51.074927],[17.0084757,51.0749336],[17.008466,51.0749402],[17.0084564,51.0749468],[17.0084474,51.0749535],[17.0084383,51.0749601],[17.0084292,51.0749668],[17.0084202,51.0749734],[17.0084112,51.0749801],[17.0084021,51.0749867],[17.0083931,51.0749934],[17.008384,51.0750001],[17.008375,51.0750067],[17.0083659,51.0750134],[17.0083569,51.07502],[17.0083478,51.0750267],[17.0083388,51.0750333],[17.0083297,51.07504],[17.0083207,51.0750467],[17.0083116,51.0750533],[17.0083025,51.07506],[17.0082935,51.0750666],[17.0082845,51.0750733],[17.0082754,51.0750799],[17.0082663,51.0750866],[17.0082573,51.0750933],[17.0082483,51.0750999],[17.0082392,51.0751066],[17.0082302,51.0751132],[17.0082211,51.0751199],[17.0082121,51.0751265],[17.008203,51.0751332],[17.0081936,51.0751384],[17.0081842,51.0751435],[17.0081748,51.0751487],[17.0081372,51.0751693]]}},{"type":"Feature","properties":{"layer":"roads"},"geometry":{"type":"LineString","coordinates":[[17.0087182,51.0747736],[17.0087415,51.0747508],[17.0087733,51.0747283]]}},{"type":"Feature","properties":{"layer":"roads"},"geometry":{"type":"LineString","coordinates":[[17.0087182,51.0747736],[17.0087444,51.0747986],[17.0087459,51.0748075],[17.0087474,51.0748164],[17.0087512,51.0748247],[17.008755,51.074833],[17.0087588,51.0748412],[17.0087626,51.0748495],[17.0087664,51.0748578],[17.0087702,51.074866],[17.008774,51.0748743],[17.0087778,51.0748826],[17.0087816,51.0748909],[17.0087854,51.0748992],[17.0087892,51.0749074],[17.008793,51.0749157],[17.0087949,51.074924],[17.0087969,51.0749324],[17.0087988,51.0749407],[17.0088008,51.074949],[17.0088027,51.0749573],[17.0088046,51.0749657],[17.0088066,51.074974],[17.0088085,51.0749823],[17.0088105,51.0749906],[17.0088124,51.074999],[17.0088143,51.0750073],[17.0088163,51.0750156],[17.0088182,51.0750239],[17.0088202,51.0750323],[17.0088221,51.0750406],[17.0088133,51.0750474],[17.0088046,51.0750541],[17.0087958,51.0750609],[17.0087871,51.0750677],[17.0087783,51.0750745],[17.0087696,51.0750813],[17.0087608,51.075088],[17.008752,51.0750948],[17.0087433,51.0751016],[17.0087345,51.0751084],[17.0087258,51.0751151],[17.008717,51.0751219],[17.0087083,51.0751287],[17.0086995,51.0751355],[17.0086908,51.0751422],[17.008682,51.075149],[17.0086732,51.0751558],[17.0086644,51.0751626],[17.0086557,51.0751694],[17.0086469,51.0751762],[17.0086381,51.075183],[17.0086293,51.0751897],[17.0086206,51.0751965],[17.0086118,51.0752033],[17.008603,51.0752101],[17.0085942,51.0752169],[17.0085855,51.0752237],[17.0085767,51.0752305],[17.0085679,51.0752373],[17.0085591,51.0752441],[17.0085504,51.0752509],[17.0085416,51.0752576],[17.0085275,51.0752859]]}},{"type":"Feature","properties":{"layer":"roads"},"geometry":{"type":"LineString","coordinates":[[17.0085275,51.0752859],[17.0084839,51.0752911],[17.0084425,51.0752895],[17.0084287,51.075289],[17.0084149,51.0752885],[17.0084011,51.075288],[17.0083873,51.0752875],[17.0083736,51.0752869],[17.0083598,51.0752864],[17.008346,51.0752859],[17.0083322,51.0752854],[17.0083184,51.0752849],[17.0083046,51.0752843],[17.0082908,51.0752838],[17.008277,51.0752833],[17.008263,51.0752836],[17.008249,51.075284],[17.008235,51.0752843],[17.008221,51.0752847],[17.008207,51.075285],[17.0081929,51.0752853],[17.0081789,51.0752857],[17.0081649,51.075286],[17.0081509,51.0752864],[17.0081369,51.0752867],[17.0081234,51.0752865],[17.0081099,51.0752864],[17.0080965,51.0752862],[17.008083,51.075286],[17.0080695,51.0752859],[17.008056,51.0752857],[17.0080425,51.0752855],[17.0080291,51.0752853],[17.0080156,51.0752852],[17.0080021,51.075285],[17.0079882,51.0752839],[17.0079742,51.0752828],[17.0079603,51.0752817],[17.0079464,51.0752806],[17.0079324,51.0752795],[17.0079185,51.0752784],[17.0079045,51.0752773],[17.0078488,51.0752729]]}},{"type":"Feature","properties":{"layer":"roads"},"geometry":{"type":"LineString","coordinates":[[17.0085275,51.0752859],[17.0085817,51.0752958],[17.0085957,51.0752965],[17.0086097,51.0752972],[17.0086237,51.0752979],[17.0086377,51.0752986],[17.0086517,51.0752993],[17.0086657,51.0753],[17.0086797,51.0753007],[17.0086937,51.0753014],[17.0087064,51.0753042],[17.0087191,51.0753071],[17.0087318,51.0753099],[17.0087429,51.0753145],[17.008754,51.075319],[17.0087651,51.0753236],[17.0087762,51.0753282],[17.0087873,51.0753328],[17.0087985,51.0753373],[17.0088411,51.0753478]]}},{"type":"Feature","properties":{"layer":"roads"},"geometry":{"type":"LineString","coordinates":[[17.013523,51.076858],[17.0134643,51.0768278],[17.0134557,51.0768208],[17.0134471,51.0768137],[17.0134385,51.0768067],[17.0134299,51.0767997],[17.0134213,51.0767926],[17.0134127,51.0767856],[17.0134041,51.0767786],[17.0133955,51.0767716],[17.0133869,51.0767645],[17.0133783,51.0767575],[17.0133697,51.0767505],[17.0133611,51.0767434],[17.0133525,51.0767364],[17.0133438,51.0767294],[17.0133352,51.0767224],[17.0133266,51.0767153],[17.013318,51.0767083],[17.0133094,51.0767013],[17.0133008,51.0766942],[17.0132922,51.0766872],[17.0132836,51.0766802],[17.013275,51.0766732],[17.0132664,51.0766661],[17.0132578,51.0766591],[17.0132492,51.0766521],[17.0132406,51.076645],[17.013232,51.076638],[17.0131735,51.0766071]]}},{"type":"Feature","properties":{"layer":"roads"},"geometry":{"type":"LineString","coordinates":[[17.013523,51.076858],[17.0135277,51.0768864],[17.0135349,51.076894],[17.0135421,51.0769016],[17.0135494,51.0769093],[17.0135566,51.0769169],[17.0135638,51.0769245],[17.0135711,51.0769321],[17.0135783,51.0769398],[17.0135856,51.0769474],[17.0135928,51.076955],[17.0136,51.0769626],[17.0136073,51.0769703],[17.0136145,51.0769779],[17.0136217,51.0769855],[17.013629,51.0769931],[17.0136362,51.0770007],[17.0136435,51.0770084],[17.0136507,51.077016],[17.0136579,51.0770236],[17.0136652,51.0770312],[17.0136724,51.0770389],[17.0136797,51.0770465],[17.0136869,51.0770541],[17.0136941,51.0770617],[17.0137014,51.0770694],[17.0137086,51.077077],[17.0137158,51.0770846],[17.0137231,51.0770922],[17.0137303,51.0770999],[17.0137376,51.0771075],[17.0137448,51.0771151],[17.0137485,51.0771236],[17.0137522,51.0771321],[17.013756,51.0771405],[17.0137597,51.077149],[17.0137634,51.0771575],[17.0137671,51.077166],[17.0137708,51.0771744],[17.0137746,51.0771829],[17.0137783,51.0771914],[17.013782,51.0771998],[17.0137857,51.0772083],[17.0137894,51.0772168],[17.0137931,51.0772253],[17.0137969,51.0772337],[17.0138006,51.0772422],[17.0138043,51.0772507],[17.0138063,51.077259],[17.0138083,51.0772673],[17.0138103,51.0772756],[17.0138123,51.0772839],[17.0138144,51.0772922],[17.0138164,51.0773005],[17.0138184,51.0773088],[17.0138204,51.0773171],[17.0138224,51.0773254],[17.0138244,51.0773337],[17.0138238,51.0773418],[17.0138232,51.07735],[17.0138227,51.0773581],[17.0138221,51.0773663],[17.0138215,51.0773744],[17.0138209,51.0773826],[17.0138203,51.0773907],[17.0138198,51.0773989],[17.0138192,51.077407],[17.0138169,51.0774347]]}},{"type":"Feature","properties":{"layer":"roads"},"geometry":{"type":"LineString","coordinates":[[17.013523,51.076858],[17.0135774,51.0768542],[17.0135905,51.0768539],[17.0136036,51.0768536],[17.0136171,51.0768557],[17.0136305,51.0768578],[17.013644,51.07686],[17.0136575,51.0768621],[17.0136709,51.0768642],[17.0136844,51.0768663],[17.0136979,51.0768684],[17.0137113,51.0768705],[17.0137248,51.0768727],[17.0137383,51.0768748],[17.0137517,51.0768769],[17.0137652,51.076879],[17.0137787,51.0768811],[17.0137922,51.0768833],[17.0138056,51.0768854],[17.0138191,51.0768875],[17.0138326,51.0768896],[17.013846,51.0768917],[17.0138595,51.0768938],[17.013873,51.076896],[17.0138864,51.0768981],[17.0138999,51.0769002],[17.0139134,51.0769023],[17.0139268,51.0769044],[17.0139403,51.0769065],[17.0139538,51.0769087],[17.0139672,51.0769108],[17.0139807,51.0769129],[17.0139933,51.0769107],[17.014006,51.0769084],[17.0140186,51.0769062],[17.0140312,51.076904],[17.0140438,51.0769017],[17.0140564,51.0768995],[17.0140691,51.0768972],[17.0140817,51.076895],[17.0140889,51.0768934],[17.0141021,51.0768906],[17.0141548,51.0768792]]}},{"type":"Feature","properties":{"layer":"roads"},"geometry":{"type":"LineString","coordinates":[[17.0138169,51.0774347],[17.0138682,51.0774264],[17.0138806,51.0774292],[17.013893,51.077432],[17.0139054,51.0774348],[17.0139178,51.0774376],[17.0139302,51.0774404],[17.0139414,51.077444],[17.0139525,51.0774476],[17.0139637,51.0774513],[17.0139749,51.0774549],[17.0139861,51.0774585],[17.0139973,51.0774622],[17.0140084,51.0774658],[17.0140196,51.0774694],[17.014028,51.0774766],[17.0140363,51.0774837],[17.0140447,51.0774909],[17.014053,51.077498],[17.0140614,51.0775052],[17.0140697,51.0775123],[17.0140781,51.0775195],[17.0140828,51.0775269],[17.0140876,51.0775344],[17.0140923,51.0775418],[17.0140971,51.0775492],[17.0141018,51.0775566],[17.0141066,51.0775641],[17.0141113,51.0775715],[17.0141125,51.0775799],[17.0141137,51.0775883],[17.0141148,51.0775968],[17.014116,51.0776052],[17.0141172,51.0776136],[17.0141184,51.077622],[17.0141196,51.0776304],[17.0141247,51.0776625]]}},{"type":"Feature","properties":{"layer":"roads"},"geometry":{"type":"LineString","coordinates":[[17.0111891,51.0744176],[17.0111317,51.0744486],[17.0111234,51.0744556],[17.0111151,51.0744626],[17.0111068,51.0744696],[17.0110985,51.0744766],[17.0110902,51.0744836],[17.0110819,51.0744906],[17.0110735,51.0744976],[17.0110652,51.0745045],[17.0110569,51.0745115],[17.0110486,51.0745185],[17.0110403,51.0745255],[17.011032,51.0745325],[17.0110237,51.0745395],[17.0110154,51.0745465],[17.0110071,51.0745535],[17.0109988,51.0745605],[17.0109905,51.0745675],[17.0109822,51.0745745],[17.0109727,51.0745809],[17.0109632,51.0745872],[17.0109538,51.0745936],[17.0109443,51.0746],[17.0109348,51.0746063],[17.0109253,51.0746127],[17.0109158,51.0746191],[17.0109063,51.0746254],[17.0108969,51.0746318],[17.0108874,51.0746381],[17.0108779,51.0746445],[17.0108684,51.0746509],[17.0108589,51.0746572],[17.0108494,51.0746636],[17.01084,51.07467],[17.010801,51.0746851]]}},{"type":"Feature","properties":{"layer":"roads"},"geometry":{"type":"LineString","coordinates":[[17.0111891,51.0744176],[17.0112323,51.0744199],[17.0112458,51.0744198],[17.0112593,51.0744196],[17.0112728,51.0744195],[17.0112852,51.0744186],[17.0112976,51.0744177],[17.01131,51.0744168],[17.0113223,51.0744159],[17.0113347,51.074415],[17.0113471,51.0744141],[17.0113595,51.0744132],[17.0113733,51.0744145],[17.0113872,51.0744157],[17.011401,51.074417],[17.0114148,51.0744183],[17.0114286,51.0744196],[17.0114425,51.0744208],[17.0114563,51.0744221],[17.0114689,51.0744242],[17.0114815,51.0744264],[17.0114941,51.0744285],[17.0115067,51.0744306],[17.0115194,51.0744327],[17.011532,51.0744349],[17.0115446,51.074437],[17.0115913,51.0744492]]}},{"type":"Feature","properties":{"layer":"roads"},"geometry":{"type":"LineString","coordinates":[[17.0101203,51.0764512],[17.010171,51.0764428],[17.01018,51.0764497],[17.010189,51.0764566],[17.010198,51.0764636],[17.010207,51.0764705],[17.010216,51.0764774],[17.0102249,51.0764843],[17.0102339,51.0764912],[17.0102429,51.0764982],[17.0102519,51.0765051],[17.0102609,51.076512],[17.0102699,51.0765189],[17.0102789,51.0765259],[17.0102879,51.0765328],[17.0102969,51.0765397],[17.0103059,51.0765466],[17.0103149,51.0765535],[17.0103238,51.0765605],[17.0103328,51.0765674],[17.0103418,51.0765743],[17.0103508,51.0765812],[17.0103598,51.0765881],[17.0103688,51.0765951],[17.0103778,51.076602],[17.0103868,51.0766089],[17.0103958,51.0766158],[17.0104048,51.0766228],[17.0104138,51.0766297],[17.0104227,51.0766366],[17.0104317,51.0766435],[17.0104407,51.0766504],[17.0104497,51.0766574],[17.0104587,51.0766643],[17.0104677,51.0766712],[17.0104779,51.0766771],[17.010488,51.0766831],[17.0104982,51.076689],[17.0105084,51.076695],[17.0105185,51.0767009],[17.0105287,51.0767068],[17.0105389,51.0767128],[17.010549,51.0767187],[17.0105592,51.0767247],[17.0105694,51.0767306],[17.0105795,51.0767365],[17.0105897,51.0767425],[17.0105999,51.0767484],[17.01061,51.0767544],[17.0106202,51.0767603],[17.0106304,51.0767662],[17.0106405,51.0767722],[17.0106507,51.0767781],[17.0106609,51.0767841],[17.010671,51.07679],[17.0106812,51.0767959],[17.0106914,51.0768019],[17.0107015,51.0768078],[17.0107117,51.0768138],[17.0107219,51.0768197],[17.0107414,51.0768451]]}},{"type":"Feature","properties":{"layer":"roads"},"geometry":{"type":"LineString","coordinates":[[17.0101203,51.0764512],[17.0101017,51.0764016],[17.0100991,51.0763929],[17.0100965,51.0763842],[17.0100939,51.0763755],[17.0100913,51.0763668],[17.0100888,51.0763582],[17.0100862,51.0763495],[17.0100836,51.0763408],[17.010081,51.0763321],[17.0100784,51.0763234],[17.0100758,51.0763147],[17.0100733,51.0763061],[17.0100707,51.0762974],[17.0100681,51.0762887],[17.0100655,51.07628],[17.0100629,51.0762713],[17.0100604,51.0762627],[17.0100578,51.076254],[17.0100552,51.0762453],[17.0100526,51.0762366],[17.01005,51.0762279],[17.0100474,51.0762192],[17.0100449,51.0762106],[17.0100423,51.0762019],[17.0100397,51.0761932],[17.0100371,51.0761845],[17.0100345,51.0761758],[17.010032,51.0761672],[17.0100294,51.0761585],[17.0100268,51.0761498],[17.0100242,51.0761411],[17.0100216,51.0761324],[17.010019,51.0761237],[17.0100165,51.0761151],[17.0100139,51.0761064],[17.0100113,51.0760977],[17.0100087,51.076089],[17.0100061,51.0760803],[17.0100035,51.0760716],[17.0099862,51.076041]]}},{"type":"Feature","properties":{"layer":"roads"},"geometry":{"type":"LineString","coordinates":[[17.0077681,51.0786084],[17.0078229,51.0786182],[17.0078366,51.0786207],[17.0078503,51.0786231],[17.007864,51.0786256],[17.0078777,51.078628],[17.0078914,51.0786305],[17.0079051,51.078633],[17.0079188,51.0786354],[17.0079325,51.0786379],[17.0079462,51.0786403],[17.0079599,51.0786428],[17.0079736,51.0786452],[17.0079873,51.0786477],[17.008001,51.0786501],[17.0080147,51.0786526],[17.0080284,51.0786551],[17.0080421,51.0786575],[17.0080558,51.07866],[17.0080695,51.0786624],[17.0080832,51.0786649],[17.0080969,51.0786673],[17.0081106,51.0786698],[17.0081243,51.0786722],[17.008138,51.0786747],[17.0081517,51.0786772],[17.0081654,51.0786796],[17.0081791,51.0786821],[17.0081928,51.0786845],[17.0082065,51.078687],[17.0082202,51.0786894],[17.0082339,51.0786919],[17.0082476,51.0786943],[17.0082613,51.0786968],[17.0082744,51.078698],[17.0082875,51.0786992],[17.0083005,51.0787004],[17.0083136,51.0787016],[17.0083267,51.0787028],[17.0083398,51.078704],[17.0083528,51.0787051],[17.0083659,51.0787063],[17.008379,51.0787075],[17.0083921,51.0787087],[17.0084051,51.0787099],[17.0084182,51.0787111],[17.0084313,51.0787123],[17.008445,51.0787132],[17.0084586,51.0787141],[17.0084723,51.078715],[17.0084859,51.0787159],[17.0084995,51.0787168],[17.0085132,51.0787177],[17.0085268,51.0787186],[17.0085405,51.0787196],[17.0085542,51.0787205],[17.0085678,51.0787214],[17.0085815,51.0787223],[17.0085951,51.0787232],[17.0086088,51.0787241],[17.0086521,51.078727]]}},{"type":"Feature","properties":{"layer":"roads"},"geometry":{"type":"LineString","coordinates":[[17.0086521,51.078727],[17.0086767,51.0786967],[17.0086834,51.0786892],[17.0086902,51.0786817],[17.0086996,51.0786754],[17.008709,51.0786692],[17.0087184,51.0786629],[17.0087279,51.0786566],[17.0087373,51.0786504],[17.0087467,51.0786441],[17.0087582,51.0786394],[17.0087698,51.0786348],[17.0087813,51.0786301],[17.0087928,51.0786254],[17.0088044,51.0786208],[17.0088159,51.0786161],[17.0088289,51.0786133],[17.0088419,51.0786105],[17.0088548,51.0786077],[17.0088678,51.0786049],[17.0088808,51.0786021],[17.0088938,51.0785993],[17.0089075,51.0785985],[17.0089211,51.0785978],[17.0089987,51.0785942]]}},{"type":"Feature","properties":{"layer":"roads"},"geometry":{"type":"LineString","coordinates":[[17.0086521,51.078727],[17.0086374,51.078758],[17.0086288,51.0787798],[17.0086259,51.0787972],[17.0086266,51.0788053],[17.0086274,51.0788133],[17.0086281,51.0788213],[17.008634,51.0788534]]}},{"type":"Feature","properties":{"layer":"roads"},"geometry":{"type":"LineString","coordinates":[[17.0099916,51.0743734],[17.0099772,51.0744014],[17.0099706,51.074409],[17.0099639,51.0744165],[17.0099572,51.074424],[17.0099506,51.0744316],[17.0099439,51.0744391],[17.0099372,51.0744466],[17.0099125,51.0744828]]}},{"type":"Feature","properties":{"layer":"roads"},"geometry":{"type":"LineString","coordinates":[[17.0099916,51.0743734],[17.0099566,51.0743538],[17.0099448,51.0743494],[17.009933,51.074345],[17.0099212,51.0743406],[17.0099094,51.0743363],[17.0098976,51.0743319],[17.0098858,51.0743275],[17.0098739,51.0743231],[17.0098621,51.0743188],[17.0098503,51.0743144],[17.0098385,51.07431],[17.0098267,51.0743059],[17.0098149,51.0743017],[17.0098032,51.0742976],[17.0097914,51.0742935],[17.0097796,51.0742894],[17.0097679,51.0742853],[17.0097561,51.0742811],[17.0097443,51.074277],[17.0097325,51.0742729],[17.0096848,51.0742626]]}},{"type":"Feature","properties":{"layer":"roads"},"geometry":{"type":"LineString","coordinates":[[17.0108592,51.0779943],[17.0108719,51.0780212],[17.0108805,51.0780268],[17.0108891,51.0780323],[17.0108977,51.0780379],[17.0109114,51.0780384],[17.010925,51.0780389],[17.0109387,51.0780394],[17.0109523,51.0780399],[17.010966,51.0780404],[17.0109797,51.0780409],[17.0109933,51.0780414],[17.011007,51.0780419],[17.0110206,51.0780424],[17.0110343,51.0780429],[17.011048,51.0780434],[17.0110616,51.0780439],[17.0110753,51.0780444],[17.011089,51.0780449],[17.0111026,51.0780454],[17.0111163,51.0780459],[17.0111299,51.0780464],[17.0111436,51.0780469],[17.0111578,51.0780474],[17.0111719,51.0780479],[17.0111861,51.0780484],[17.0112002,51.0780489],[17.0112144,51.0780493],[17.0112286,51.0780498],[17.0112427,51.0780503],[17.0112569,51.0780508],[17.0112711,51.0780513],[17.0112852,51.0780518],[17.0112994,51.0780523],[17.0113135,51.0780528],[17.0113277,51.0780532],[17.0113419,51.0780537],[17.011356,51.0780542],[17.0113702,51.0780547],[17.0113844,51.0780552],[17.0113985,51.0780557],[17.0114127,51.0780562],[17.0114268,51.0780567],[17.011441,51.0780572],[17.0114552,51.0780576],[17.0114693,51.0780581],[17.0114835,51.0780586],[17.0114976,51.0780591],[17.0115118,51.0780596],[17.011526,51.0780601],[17.0115401,51.0780606],[17.0115543,51.0780611],[17.0116006,51.0780521]]}},{"type":"Feature","properties":{"layer":"roads"},"geometry":{"type":"LineString","coordinates":[[17.0084704,51.0743932],[17.008427,51.0743909],[17.0084154,51.0743864],[17.0084038,51.074382],[17.0083923,51.0743775],[17.0083807,51.0743731],[17.0083692,51.0743686],[17.0083576,51.0743642],[17.008346,51.0743597],[17.0083345,51.0743553],[17.0083229,51.0743508],[17.0083114,51.0743464],[17.0082998,51.0743419],[17.0082879,51.0743374],[17.008276,51.0743329],[17.0082641,51.0743284],[17.0082522,51.0743239],[17.0082403,51.0743194],[17.0082284,51.0743149],[17.0082165,51.0743104],[17.0082046,51.0743059],[17.0081927,51.0743014],[17.0081808,51.0742969],[17.0081688,51.0742923],[17.0081569,51.0742878],[17.008145,51.0742833],[17.0081331,51.0742788],[17.0081212,51.0742743],[17.0081093,51.0742698],[17.0080974,51.0742653],[17.0080855,51.0742608],[17.0080736,51.0742563],[17.0080617,51.0742518],[17.0080498,51.0742473],[17.0080417,51.0742408],[17.0080336,51.0742343],[17.0080255,51.0742278],[17.0080174,51.0742213],[17.0080093,51.0742148],[17.0080012,51.0742083],[17.0079931,51.0742018],[17.007985,51.0741953],[17.0079769,51.0741888],[17.0079725,51.0741813],[17.0079681,51.0741737],[17.0079637,51.0741662],[17.0079594,51.0741587],[17.007955,51.0741512],[17.0079506,51.0741437],[17.0079462,51.0741361],[17.0079418,51.0741286],[17.0079436,51.074121],[17.0079455,51.0741134],[17.0079473,51.0741057],[17.0079491,51.0740981],[17.0079557,51.0740921],[17.0079723,51.0740667]]}},{"type":"Feature","properties":{"layer":"roads"},"geometry":{"type":"LineString","coordinates":[[17.0084704,51.0743932],[17.0084769,51.0743584],[17.0084777,51.0743507],[17.0084785,51.074343],[17.0084794,51.0743354],[17.0084802,51.0743277],[17.008481,51.07432],[17.0084838,51.0743124],[17.0084867,51.0743048],[17.0084895,51.0742972],[17.0084924,51.0742896],[17.0084952,51.074282],[17.008504,51.0742756],[17.0085128,51.0742693],[17.0085216,51.0742629],[17.0085304,51.0742565],[17.0085393,51.0742502],[17.0085481,51.0742438],[17.0085569,51.0742374],[17.0085657,51.0742311],[17.0085745,51.0742247],[17.0085863,51.0742202],[17.0085981,51.0742157],[17.0086099,51.0742112],[17.0086456,51.0741947]]}},{"type":"Feature","properties":{"layer":"roads"},"geometry":{"type":"LineString","coordinates":[[17.0079723,51.0740667],[17.0079291,51.0740549],[17.0079176,51.0740501],[17.007906,51.0740454],[17.0078944,51.0740406],[17.0078828,51.0740358],[17.0078713,51.074031],[17.0078597,51.0740263],[17.0078481,51.0740215],[17.0078366,51.0740167],[17.007825,51.074012],[17.0078134,51.0740072],[17.0078019,51.0740024],[17.0077903,51.0739976],[17.0077787,51.0739929],[17.0077672,51.0739881],[17.0077556,51.0739833],[17.007744,51.0739786],[17.0077325,51.0739738],[17.0077209,51.073969],[17.0077093,51.0739642],[17.0076977,51.0739595],[17.0076862,51.0739547],[17.0076746,51.0739499],[17.0076349,51.0739377]]}},{"type":"Feature","properties":{"layer":"roads"},"geometry":{"type":"LineString","coordinates":[[17.0079723,51.0740667],[17.0080143,51.0740449],[17.0080258,51.0740403],[17.0080373,51.0740358],[17.0080489,51.0740313],[17.0080604,51.0740268],[17.0080719,51.0740222],[17.0080834,51.0740177],[17.0080965,51.0740171],[17.0081097,51.0740164],[17.0081228,51.0740158],[17.008136,51.0740151],[17.0081491,51.0740145],[17.0081623,51.0740138],[17.0081754,51.0740132],[17.0081876,51.074016],[17.0081998,51.0740188],[17.0082119,51.0740217],[17.0082241,51.0740245],[17.0082363,51.0740273],[17.0082488,51.0740311],[17.0082613,51.0740348],[17.0082738,51.0740386],[17.0082863,51.0740424],[17.0082988,51.0740461],[17.0083114,51.0740499],[17.0083239,51.0740536],[17.0083364,51.0740574],[17.0083489,51.0740612],[17.0083614,51.0740649],[17.0083739,51.0740687],[17.0083854,51.0740733],[17.0083968,51.0740779],[17.0084083,51.0740826],[17.0084197,51.0740872],[17.0084312,51.0740918],[17.0084426,51.0740964],[17.0084541,51.0741011],[17.0084655,51.0741057],[17.008477,51.0741103],[17.0084886,51.0741151],[17.0085001,51.07412],[17.0085117,51.0741248],[17.0085232,51.0741297],[17.0085348,51.0741345],[17.0085464,51.0741393],[17.0085579,51.0741442],[17.0085695,51.074149],[17.0085806,51.0741534],[17.0085916,51.0741578],[17.0086027,51.0741622],[17.0086137,51.0741666],[17.0086248,51.0741711],[17.0086456,51.0741947]]}},{"type":"Feature","properties":{"layer":"roads"},"geometry":{"type":"LineString","coordinates":[[17.0086456,51.0741947],[17.0087215,51.0741774],[17.0087346,51.0741746],[17.0087477,51.0741718],[17.0087612,51.0741711],[17.0087747,51.0741703],[17.0087882,51.0741696],[17.0088017,51.0741688],[17.0088152,51.0741681],[17.0088286,51.0741673],[17.0088421,51.0741666],[17.0088556,51.0741658],[17.0088691,51.074165],[17.0088826,51.0741643],[17.0088956,51.0741678],[17.0089086,51.0741714],[17.0089215,51.0741749],[17.0089345,51.0741785],[17.0089475,51.074182],[17.0089605,51.0741855],[17.0089734,51.0741891],[17.0089864,51.0741926],[17.0089982,51.0741972],[17.0090101,51.0742017],[17.0090219,51.0742063],[17.0090337,51.0742109],[17.0090456,51.0742154],[17.0090574,51.07422],[17.0090692,51.0742246],[17.0090811,51.0742291],[17.0090929,51.0742337],[17.0091295,51.0742486]]}},{"type":"Feature","properties":{"layer":"roads"},"geometry":{"type":"LineString","coordinates":[[17.0112857,51.072383],[17.0112404,51.0724008],[17.0112291,51.0724053],[17.0112178,51.0724097],[17.0112065,51.0724142],[17.0111947,51.072419],[17.0111828,51.0724239],[17.011171,51.0724287],[17.0111591,51.0724336],[17.0111473,51.0724384],[17.0111354,51.0724432],[17.0111236,51.0724481],[17.0111117,51.0724529],[17.0110999,51.0724577],[17.011088,51.0724626],[17.0110762,51.0724674],[17.0110643,51.0724723],[17.0110525,51.0724771],[17.0110406,51.0724819],[17.0110288,51.0724868],[17.0110169,51.0724916],[17.0110051,51.0724965],[17.0109932,51.0725013],[17.010982,51.0725064],[17.0109708,51.0725114],[17.0109596,51.0725165],[17.0109484,51.0725216],[17.0109373,51.0725267],[17.0109261,51.0725317],[17.0109149,51.0725368],[17.0109037,51.0725419],[17.0108925,51.0725469],[17.0108813,51.072552],[17.0108701,51.0725571],[17.0108589,51.0725622],[17.0108478,51.0725672],[17.0108366,51.0725723],[17.0108254,51.0725774],[17.0108142,51.0725825],[17.010803,51.0725875],[17.0107918,51.0725926],[17.0107806,51.0725977],[17.0107694,51.0726027],[17.0107583,51.0726078],[17.0107471,51.0726129],[17.0107359,51.072618],[17.0107247,51.072623],[17.0107135,51.0726281],[17.01069,51.0726539]]}},{"type":"Feature","properties":{"layer":"roads"},"geometry":{"type":"LineString","coordinates":[[17.01069,51.0726539],[17.0107393,51.0726675],[17.0107525,51.0726687],[17.0107658,51.0726699],[17.0107784,51.0726715],[17.010791,51.072673],[17.0108036,51.0726746],[17.0108163,51.0726762],[17.0108289,51.0726778],[17.0108415,51.0726793],[17.0108541,51.0726809],[17.0108675,51.0726828],[17.0108809,51.0726848],[17.0108943,51.0726867],[17.0109077,51.0726887],[17.0109212,51.0726906],[17.0109346,51.0726926],[17.010948,51.0726945],[17.0109614,51.0726965],[17.0109748,51.0726984],[17.0109875,51.0727015],[17.0110002,51.0727045],[17.0110129,51.0727076],[17.0110255,51.0727107],[17.0110382,51.0727137],[17.0110509,51.0727168],[17.0110636,51.0727199],[17.0110763,51.0727229],[17.011089,51.072726],[17.0111017,51.0727291],[17.0111144,51.0727321],[17.011127,51.0727352],[17.0111397,51.0727383],[17.0111524,51.0727413],[17.0111651,51.0727444],[17.0111772,51.0727485],[17.0111892,51.0727526],[17.0112013,51.0727567],[17.0112133,51.0727607],[17.0112254,51.0727648],[17.0112375,51.0727689],[17.0112495,51.072773],[17.0112616,51.0727771],[17.0112736,51.0727812],[17.0112857,51.0727853],[17.0112978,51.0727894],[17.0113098,51.0727934],[17.011358,51.0728049]]}},{"type":"Feature","properties":{"layer":"roads"},"geometry":{"type":"LineString","coordinates":[[17.0127066,51.0752309],[17.0127522,51.0752258],[17.0127656,51.0752256],[17.0127789,51.0752279],[17.0127922,51.0752302],[17.0128055,51.0752325],[17.0128188,51.0752347],[17.0128321,51.075237],[17.0128454,51.0752393],[17.0128587,51.0752416],[17.012872,51.0752439],[17.0128853,51.0752461],[17.0128985,51.0752484],[17.0129118,51.0752507],[17.0129251,51.075253],[17.0129384,51.0752553],[17.0129517,51.0752576],[17.012965,51.0752599],[17.0129783,51.0752621],[17.0129916,51.0752644],[17.0130429,51.0752735]]}},{"type":"Feature","properties":{"layer":"roads"},"geometry":{"type":"LineString","coordinates":[[17.0127066,51.0752309],[17.0126714,51.0751937],[17.0126679,51.0751854],[17.0126645,51.0751771],[17.0126611,51.0751688],[17.0126577,51.0751605],[17.0126543,51.0751522],[17.0126509,51.0751438],[17.0126475,51.0751355],[17.0126441,51.0751272],[17.0126407,51.0751189],[17.0126372,51.0751106],[17.0126338,51.0751023],[17.0126304,51.075094],[17.012627,51.0750857],[17.0126183,51.0750676],[17.012606,51.0750448],[17.0125937,51.075022],[17.0125841,51.0750037],[17.0125798,51.0749953],[17.0125754,51.0749868],[17.0125711,51.0749783],[17.0125668,51.0749699],[17.0125624,51.0749614],[17.0125581,51.0749529],[17.0125538,51.0749445],[17.0125495,51.074936],[17.0125451,51.0749275],[17.0125408,51.0749191],[17.0125365,51.0749106],[17.0125322,51.0749021],[17.0125278,51.0748937],[17.0125235,51.0748852],[17.0125192,51.0748767],[17.0125149,51.0748683],[17.0125106,51.0748598],[17.0125062,51.0748513],[17.0125019,51.0748429],[17.0124737,51.0747956]]}},{"type":"Feature","properties":{"layer":"roads"},"geometry":{"type":"LineString","coordinates":[[17.0127066,51.0752309],[17.0126969,51.0752615],[17.0126999,51.0752702],[17.0127029,51.0752788],[17.0127058,51.0752875],[17.0127088,51.0752962],[17.0127118,51.0753048],[17.0127148,51.0753135],[17.0127177,51.0753221],[17.0127207,51.0753308],[17.0127237,51.0753394],[17.0127267,51.0753481],[17.0127296,51.0753567],[17.0127326,51.0753654],[17.0127356,51.0753741],[17.0127386,51.0753827],[17.0127415,51.0753914],[17.0127445,51.0754],[17.0127475,51.0754087],[17.0127505,51.0754173],[17.0127534,51.075426],[17.0127564,51.0754347],[17.0127594,51.0754433],[17.0127624,51.075452],[17.0127653,51.0754606],[17.0127683,51.0754693],[17.0127713,51.0754779],[17.0127743,51.0754866],[17.0127772,51.0754953],[17.0127802,51.0755039],[17.0127832,51.0755126],[17.0127862,51.0755212],[17.0127891,51.0755299],[17.0127921,51.0755385],[17.0127951,51.0755472],[17.0127981,51.0755559],[17.012801,51.0755645],[17.012804,51.0755732],[17.012807,51.0755818],[17.01281,51.0755905],[17.0128129,51.0755991],[17.0128159,51.0756078],[17.0128189,51.0756164],[17.0128479,51.0756385]]}},{"type":"Feature","properties":{"layer":"roads"},"geometry":{"type":"LineString","coordinates":[[17.0128479,51.0756385],[17.0128763,51.0756175],[17.0128805,51.075609],[17.0128852,51.0756012],[17.0128899,51.0755934],[17.0128946,51.0755855],[17.0128993,51.0755777],[17.012904,51.0755699],[17.0129088,51.0755621],[17.0129135,51.0755543],[17.0129182,51.0755465],[17.0129229,51.0755386],[17.0129276,51.0755308],[17.0129323,51.075523],[17.0129383,51.0755156],[17.0129443,51.0755082],[17.0129502,51.0755009],[17.0129562,51.0754935],[17.0129622,51.0754861],[17.0129682,51.0754787],[17.0129741,51.0754714],[17.0129801,51.075464],[17.0129861,51.0754566],[17.012989,51.0754483],[17.0129919,51.07544],[17.0129948,51.0754318],[17.0129977,51.0754235],[17.0130006,51.0754152],[17.0130035,51.0754069],[17.0130064,51.0753986],[17.0130093,51.0753904],[17.0130122,51.0753821],[17.0130151,51.0753738],[17.013018,51.0753655],[17.0130209,51.0753573],[17.0130238,51.075349],[17.0130267,51.0753407],[17.0130306,51.0753329],[17.0130345,51.0753252],[17.0130385,51.0753174],[17.0130424,51.0753096],[17.0130463,51.0753019],[17.0130429,51.0752735]]}},{"type":"Feature","properties":{"layer":"roads"},"geometry":{"type":"LineString","coordinates":[[17.0128479,51.0756385],[17.0128439,51.0756685],[17.0128433,51.0756771],[17.012827,51.0757108]]}},{"type":"Feature","properties":{"layer":"roads"},"geometry":{"type":"LineString","coordinates":[[17.0106385,51.0748655],[17.0106175,51.0748912],[17.0106111,51.074899],[17.0106048,51.0749068],[17.0105984,51.0749147],[17.0105921,51.0749225],[17.0105857,51.0749303],[17.0105794,51.0749382],[17.010573,51.074946],[17.0105667,51.0749539],[17.0105603,51.0749617],[17.010554,51.0749695],[17.0105476,51.0749774],[17.0105413,51.0749852],[17.0105349,51.074993],[17.0105083,51.0750241]]}},{"type":"Feature","properties":{"layer":"roads"},"geometry":{"type":"LineString","coordinates":[[17.0106385,51.0748655],[17.0106671,51.0748359],[17.0107066,51.0748247]]}},{"type":"Feature","properties":{"layer":"roads"},"geometry":{"type":"LineString","coordinates":[[17.011358,51.0728049],[17.0113784,51.0727772],[17.0113865,51.0727701],[17.0113946,51.072763],[17.0114027,51.0727559],[17.0114108,51.0727488],[17.0114189,51.0727417],[17.011427,51.0727346],[17.0114351,51.0727274],[17.0114432,51.0727203],[17.0114513,51.0727132],[17.0114594,51.0727061],[17.0114675,51.072699],[17.0114756,51.0726919],[17.0114837,51.0726848],[17.0114918,51.0726777],[17.0114999,51.0726705],[17.011508,51.0726634],[17.0115161,51.0726563],[17.0115242,51.0726492],[17.0115323,51.0726421],[17.0115404,51.072635],[17.0115485,51.0726279],[17.0115566,51.0726207],[17.0115647,51.0726136],[17.0115728,51.0726065],[17.0115809,51.0725994],[17.011589,51.0725923],[17.0115971,51.0725852],[17.0116052,51.0725781],[17.0116133,51.0725709],[17.0116214,51.0725638],[17.0116295,51.0725567],[17.0116376,51.0725496],[17.0116347,51.0725419],[17.0116319,51.0725342],[17.011629,51.0725265],[17.0116261,51.0725189],[17.0116232,51.0725112],[17.0116204,51.0725035],[17.0116175,51.0724958],[17.0116166,51.072488],[17.0116132,51.0724568]]}},{"type":"Feature","properties":{"layer":"roads"},"geometry":{"type":"LineString","coordinates":[[17.0099467,51.0752035],[17.0098966,51.0751871],[17.009884,51.075183],[17.0098715,51.0751789],[17.009859,51.0751748],[17.0098464,51.0751707],[17.0098339,51.0751666],[17.0098214,51.0751625],[17.0098088,51.0751585],[17.0097963,51.0751544],[17.0097838,51.0751503],[17.0097712,51.0751462],[17.0097587,51.0751421],[17.0097461,51.075138],[17.0097336,51.0751339],[17.0097211,51.0751298],[17.0097085,51.0751257],[17.009696,51.0751216],[17.0096835,51.0751175],[17.0096709,51.0751134],[17.0096584,51.0751093],[17.0096459,51.0751052],[17.0096333,51.0751011],[17.0096208,51.075097],[17.0096083,51.0750929],[17.0095957,51.0750888],[17.0095526,51.0750728]]}},{"type":"Feature","properties":{"layer":"roads"},"geometry":{"type":"LineString","coordinates":[[17.0095526,51.0750728],[17.0095963,51.0750525],[17.009603,51.075045],[17.0096096,51.0750376],[17.0096162,51.0750301],[17.0096228,51.0750226],[17.0096295,51.0750151],[17.0096361,51.0750076],[17.0096427,51.0750002],[17.0096493,51.0749927],[17.0096559,51.0749852],[17.0096626,51.0749777],[17.0096692,51.0749702],[17.0096758,51.0749627],[17.0096824,51.0749553],[17.0096828,51.0749254]]}},{"type":"Feature","properties":{"layer":"roads"},"geometry":{"type":"LineString","coordinates":[[17.0095526,51.0750728],[17.0095123,51.075061],[17.0094998,51.0750579],[17.0094874,51.0750547],[17.0094749,51.0750515],[17.0094008,51.075026]]}},{"type":"Feature","properties":{"layer":"roads"},"geometry":{"type":"LineString","coordinates":[[17.0102137,51.0752898],[17.0102668,51.0752455],[17.0102749,51.0752381],[17.0102829,51.0752308],[17.010291,51.0752234],[17.0102991,51.075216],[17.0103072,51.0752087],[17.0103153,51.0752013],[17.0103234,51.0751939],[17.0103315,51.0751866],[17.0103396,51.0751792],[17.0103477,51.0751718],[17.0103558,51.0751644],[17.0103639,51.0751571],[17.0103719,51.0751497],[17.01038,51.0751423],[17.0103881,51.075135],[17.0103962,51.0751276],[17.0104043,51.0751202],[17.0104124,51.0751128],[17.0104205,51.0751055],[17.0104286,51.0750981],[17.0104367,51.0750907],[17.0104448,51.0750834],[17.0104529,51.075076],[17.010461,51.0750686],[17.010469,51.0750613],[17.0104771,51.0750539],[17.0105083,51.0750241]]}},{"type":"Feature","properties":{"layer":"roads"},"geometry":{"type":"LineString","coordinates":[[17.0105083,51.0750241],[17.0104613,51.0750059],[17.0104492,51.0750013],[17.0104371,51.0749967],[17.0104251,51.0749921],[17.010413,51.0749875],[17.0104009,51.0749829],[17.0103889,51.0749783],[17.0103768,51.0749736],[17.0103648,51.074969],[17.0103527,51.0749644],[17.0103406,51.0749598],[17.0103286,51.0749552],[17.0103165,51.0749506],[17.0103044,51.074946],[17.0102924,51.0749413],[17.0102803,51.0749367],[17.0102683,51.0749321],[17.0102562,51.0749275],[17.0102441,51.0749229],[17.0102321,51.0749183],[17.01022,51.0749137],[17.010208,51.0749091],[17.0101959,51.0749044],[17.0101838,51.0748998],[17.0101718,51.0748952],[17.0101597,51.0748906],[17.0101476,51.074886],[17.0101356,51.0748814],[17.0101235,51.0748768],[17.0101115,51.0748721],[17.0100994,51.0748675],[17.0100873,51.0748629],[17.0100753,51.0748583],[17.0100632,51.0748537],[17.0100511,51.0748491],[17.0100391,51.0748445],[17.010027,51.0748398],[17.010015,51.0748352],[17.0100029,51.0748306],[17.0099908,51.074826],[17.0099788,51.0748214],[17.0099667,51.0748168],[17.0099546,51.0748122],[17.0099426,51.0748075],[17.0099305,51.0748029],[17.0099185,51.0747983],[17.0098759,51.0747846]]}},{"type":"Feature","properties":{"layer":"roads"},"geometry":{"type":"LineString","coordinates":[[17.0098759,51.0747846],[17.0098727,51.0748195],[17.0098642,51.0748259],[17.0098558,51.0748324],[17.009846,51.0748381],[17.0098362,51.0748438],[17.0098265,51.0748495],[17.0098167,51.0748552],[17.0098069,51.0748609],[17.0097982,51.0748669],[17.0097895,51.0748729],[17.0097633,51.0748908],[17.009745,51.0749016],[17.0097354,51.0749063],[17.0097213,51.0749111],[17.0096828,51.0749254]]}},{"type":"Feature","properties":{"layer":"roads"},"geometry":{"type":"LineString","coordinates":[[17.0093841,51.0762409],[17.0094292,51.0762314]]}},{"type":"Feature","properties":{"layer":"roads"},"geometry":{"type":"LineString","coordinates":[[17.0093841,51.0762409],[17.0093681,51.0762104],[17.0093658,51.0762018],[17.0093635,51.0761933],[17.0093612,51.0761847],[17.0093588,51.0761762],[17.0093565,51.0761677],[17.0093542,51.0761591],[17.0093519,51.0761506],[17.0093495,51.076142],[17.0093472,51.0761335],[17.0093449,51.076125],[17.0093426,51.0761164],[17.0093403,51.0761079],[17.0093379,51.0760993],[17.0093356,51.0760908],[17.0093333,51.0760822],[17.009331,51.0760737],[17.0093286,51.0760652],[17.0093263,51.0760566],[17.009324,51.0760481],[17.0093217,51.0760395],[17.0093193,51.076031],[17.009317,51.0760224],[17.0093147,51.0760139],[17.0093141,51.0760051],[17.0093135,51.0759963],[17.0093129,51.0759876],[17.0093123,51.0759788],[17.0093117,51.07597],[17.0093111,51.0759612],[17.0093105,51.0759524],[17.00931,51.0759437],[17.0093094,51.0759349],[17.0093088,51.0759261],[17.0093082,51.0759173],[17.0093076,51.0759085],[17.009307,51.0758998],[17.0093064,51.075891],[17.0093058,51.0758822],[17.0093115,51.0758748],[17.0093172,51.0758675],[17.0093228,51.0758601],[17.0093285,51.0758528],[17.0093342,51.0758454],[17.0093399,51.0758381],[17.0093601,51.0758088]]}},{"type":"Feature","properties":{"layer":"roads"},"geometry":{"type":"LineString","coordinates":[[17.0093601,51.0758088],[17.009404,51.0758023],[17.0094158,51.0757988],[17.0094662,51.0757913]]}},{"type":"Feature","properties":{"layer":"roads"},"geometry":{"type":"LineString","coordinates":[[17.0093601,51.0758088],[17.009329,51.0757868],[17.0093245,51.0757785],[17.00932,51.0757703],[17.0093156,51.075762],[17.0093111,51.0757538],[17.0093066,51.0757455],[17.0093021,51.0757373],[17.0092976,51.075729],[17.0092932,51.0757207],[17.0092887,51.0757125],[17.0092842,51.0757042],[17.0092797,51.075696],[17.0092753,51.0756877],[17.0092708,51.0756794],[17.0092663,51.0756712],[17.0092618,51.0756629],[17.0092573,51.0756547],[17.0092529,51.0756464],[17.0092484,51.0756382],[17.0092439,51.0756299],[17.0092394,51.0756216],[17.0092349,51.0756134],[17.0092305,51.0756051],[17.009226,51.0755969],[17.0092215,51.0755886],[17.0092225,51.0755804],[17.0092356,51.0755465]]}},{"type":"Feature","properties":{"layer":"roads"},"geometry":{"type":"LineString","coordinates":[[17.0099862,51.076041],[17.0099422,51.0760531],[17.0099288,51.076055],[17.0099154,51.0760569],[17.009902,51.0760588],[17.0098886,51.0760607],[17.0098752,51.0760626],[17.0098618,51.0760645],[17.0098484,51.0760664],[17.0098057,51.0760752]]}},{"type":"Feature","properties":{"layer":"roads"},"geometry":{"type":"LineString","coordinates":[[17.0128945,51.0760289],[17.012894,51.0760004],[17.0128926,51.0759917],[17.0128911,51.0759829],[17.0128897,51.0759742],[17.0128883,51.0759654],[17.0128869,51.0759567],[17.0128854,51.0759479],[17.012884,51.0759392],[17.0128826,51.0759305],[17.0128812,51.0759217],[17.0128797,51.075913],[17.0128783,51.0759042],[17.0128769,51.0758955],[17.0128755,51.0758868],[17.012874,51.075878],[17.0128726,51.0758693],[17.0128712,51.0758605],[17.0128698,51.0758518],[17.0128683,51.075843],[17.0128669,51.0758343],[17.0128655,51.0758256],[17.0128641,51.0758168],[17.0128626,51.0758081],[17.0128612,51.0757993],[17.0128598,51.0757906],[17.0128584,51.0757819],[17.0128569,51.0757731],[17.0128555,51.0757644],[17.0128541,51.0757556],[17.0128527,51.0757469],[17.0128512,51.0757381],[17.012827,51.0757108]]}},{"type":"Feature","properties":{"layer":"roads"},"geometry":{"type":"LineString","coordinates":[[17.0128945,51.0760289],[17.0129103,51.0760769],[17.0129126,51.0760851],[17.012915,51.0760934],[17.0129173,51.0761016],[17.0129196,51.0761098],[17.0129219,51.076118],[17.0129242,51.0761262],[17.0129265,51.0761344],[17.0129288,51.0761427],[17.012931,51.076151],[17.0129333,51.0761593],[17.0129355,51.0761676],[17.0129378,51.0761758],[17.01294,51.0761841],[17.0129423,51.0761924],[17.0129445,51.0762007],[17.0129468,51.076209],[17.0129468,51.0762174],[17.0129468,51.0762259],[17.0129468,51.0762343],[17.0129468,51.0762427],[17.0129468,51.0762512],[17.0129468,51.0762596],[17.0129467,51.076268],[17.0129467,51.0762765],[17.0129467,51.0763018],[17.0129435,51.0763302]]}},{"type":"Feature","properties":{"layer":"roads"},"geometry":{"type":"LineString","coordinates":[[17.0093363,51.0741231],[17.0093742,51.0741407],[17.0093864,51.0741452],[17.0093986,51.0741497],[17.0094108,51.0741542],[17.009423,51.0741587],[17.0094352,51.0741632],[17.0094473,51.0741677],[17.0094595,51.0741722],[17.0094717,51.0741767],[17.0094839,51.0741812],[17.0094961,51.0741857],[17.0095083,51.0741902],[17.0095205,51.0741947],[17.0095598,51.0742161]]}},{"type":"Feature","properties":{"layer":"roads"},"geometry":{"type":"LineString","coordinates":[[17.0093363,51.0741231],[17.0093077,51.074147],[17.0093019,51.0741552],[17.009296,51.0741633],[17.0092901,51.0741714],[17.0092842,51.0741795],[17.0092783,51.0741876],[17.0092724,51.0741957],[17.0092665,51.0742039],[17.0092607,51.074212],[17.0092548,51.0742201],[17.0092489,51.0742282],[17.009243,51.0742363],[17.0092371,51.0742444],[17.0092312,51.0742525],[17.0092254,51.0742607],[17.0092195,51.0742688],[17.0092136,51.0742769],[17.0092077,51.074285],[17.009201,51.0742927],[17.0091942,51.0743005],[17.0091875,51.0743082],[17.0091808,51.0743159],[17.0091741,51.0743236],[17.0091673,51.0743314],[17.0091606,51.0743391],[17.0091539,51.0743468],[17.0091471,51.0743546],[17.0091404,51.0743623],[17.0091337,51.07437],[17.009127,51.0743777],[17.0091202,51.0743855],[17.0091135,51.0743932],[17.0091068,51.0744009],[17.0091,51.0744087],[17.0090933,51.0744164],[17.0090866,51.0744241],[17.0090798,51.0744319],[17.0090731,51.0744396],[17.0090664,51.0744473],[17.0090501,51.0744778]]}},{"type":"Feature","properties":{"layer":"roads"},"geometry":{"type":"LineString","coordinates":[[17.0093363,51.0741231],[17.0093449,51.0740891],[17.0093536,51.0740758],[17.0093588,51.0740684],[17.0093641,51.0740611],[17.0093693,51.0740537],[17.0093745,51.0740463],[17.0093798,51.0740389],[17.009385,51.0740316],[17.0093902,51.0740242],[17.0093956,51.0740159],[17.0094011,51.0740077],[17.0094065,51.0739994],[17.0094119,51.0739912],[17.0094174,51.0739829],[17.0094228,51.0739747],[17.0094282,51.0739665],[17.0094337,51.0739582],[17.0094391,51.0739499],[17.0094446,51.0739417],[17.00945,51.0739334],[17.0094554,51.0739252],[17.0094609,51.0739169],[17.0094663,51.0739087],[17.0094717,51.0739004],[17.009477,51.0738921],[17.0094824,51.0738838],[17.0094878,51.0738755],[17.0094932,51.0738672],[17.0094985,51.0738589],[17.0095039,51.0738506],[17.0095093,51.0738423],[17.0095147,51.073834],[17.00952,51.0738256],[17.0095254,51.0738173],[17.0095308,51.073809],[17.0095362,51.0738007],[17.0095415,51.0737924],[17.0095469,51.0737841],[17.0095523,51.0737758],[17.0095682,51.0737438]]}},{"type":"Feature","properties":{"layer":"roads"},"geometry":{"type":"LineString","coordinates":[[17.0090501,51.0744778],[17.0090939,51.0744871],[17.0091058,51.0744913],[17.0091177,51.0744955],[17.009198,51.074527]]}},{"type":"Feature","properties":{"layer":"roads"},"geometry":{"type":"LineString","coordinates":[[17.0090501,51.0744778],[17.0090158,51.0745041],[17.0090097,51.0745108],[17.0090024,51.0745183],[17.0089951,51.0745258],[17.0089878,51.0745333],[17.0089805,51.0745408],[17.0089732,51.0745482],[17.0089659,51.0745557],[17.0089586,51.0745632],[17.0089513,51.0745707],[17.008944,51.0745782],[17.0089366,51.0745857],[17.0089293,51.0745932],[17.008922,51.0746007],[17.0089147,51.0746082],[17.0089074,51.0746156],[17.0089001,51.0746231],[17.0088928,51.0746306],[17.0088855,51.0746381],[17.0088782,51.0746456],[17.0088697,51.0746524],[17.0088612,51.0746592],[17.0088526,51.0746659],[17.0088441,51.0746727],[17.0088356,51.0746795],[17.0088271,51.0746863],[17.0088185,51.0746931],[17.00881,51.0746999],[17.0088015,51.0747067],[17.0087733,51.0747283]]}},{"type":"Feature","properties":{"layer":"roads"},"geometry":{"type":"LineString","coordinates":[[17.0095682,51.0737438],[17.0095213,51.0737384],[17.0095021,51.0737335],[17.0094913,51.0737309],[17.0094804,51.0737282],[17.0094696,51.0737255],[17.0094565,51.0737223],[17.0094433,51.0737191],[17.0094302,51.0737158],[17.0094171,51.0737126],[17.0094056,51.0737146],[17.0093941,51.0737166],[17.0093826,51.0737186],[17.0093711,51.0737206],[17.0093611,51.0737242],[17.0093511,51.0737278],[17.0093411,51.0737313],[17.0093311,51.0737349],[17.0093211,51.0737385],[17.0093081,51.0737421],[17.009295,51.0737457],[17.009282,51.0737493],[17.009269,51.0737529],[17.009256,51.0737565],[17.0092429,51.0737601],[17.0092299,51.0737637],[17.0092169,51.0737673],[17.0092038,51.0737709],[17.0091908,51.0737745],[17.0091778,51.0737781],[17.0091648,51.0737817],[17.0091517,51.0737853],[17.0091387,51.0737889],[17.0091265,51.0737917],[17.0091142,51.0737945],[17.009102,51.0737972],[17.0090898,51.0738],[17.0090427,51.0738151]]}},{"type":"Feature","properties":{"layer":"roads"},"geometry":{"type":"LineString","coordinates":[[17.0084539,51.0792228],[17.0083975,51.079246],[17.0083447,51.0792591]]}},{"type":"Feature","properties":{"layer":"roads"},"geometry":{"type":"LineString","coordinates":[[17.0084539,51.0792228],[17.0085109,51.0791874],[17.0085261,51.079162]]}},{"type":"Feature","properties":{"layer":"roads"},"geometry":{"type":"LineString","coordinates":[[17.0084539,51.0792228],[17.0084769,51.0792494],[17.0084758,51.0792581],[17.0084747,51.0792668],[17.0084736,51.0792755],[17.0084725,51.0792841],[17.0084714,51.0792928],[17.0084703,51.0793015],[17.0084692,51.0793102],[17.0084681,51.0793189],[17.0084711,51.0793274],[17.0084741,51.079336],[17.0084771,51.0793446],[17.0084801,51.0793531],[17.008483,51.0793616],[17.008486,51.0793702],[17.008489,51.0793788],[17.008492,51.0793873],[17.0084939,51.0793956],[17.0084958,51.0794038],[17.0084976,51.0794121],[17.0084995,51.0794203],[17.0085014,51.0794286],[17.0085033,51.0794369],[17.0085051,51.0794451],[17.008507,51.0794534],[17.0085043,51.0794616],[17.0085015,51.0794697],[17.0084988,51.0794779],[17.008496,51.0794861],[17.0084933,51.0794942],[17.0084905,51.0795024],[17.0084878,51.0795106],[17.008485,51.0795188],[17.0084823,51.0795269],[17.0084713,51.0795596]]}},{"type":"Feature","properties":{"layer":"roads"},"geometry":{"type":"LineString","coordinates":[[17.0094008,51.075026],[17.0094147,51.0750545],[17.0094097,51.0750623],[17.0094046,51.0750701],[17.0093995,51.0750779],[17.0093944,51.0750857],[17.0093894,51.0750934],[17.0093843,51.0751012],[17.0093792,51.075109],[17.0093741,51.0751168],[17.0093691,51.0751246],[17.009364,51.0751324],[17.0093589,51.0751402],[17.0093589,51.0751478],[17.009359,51.0751553],[17.009359,51.0751629],[17.009359,51.0751705],[17.0093591,51.075178],[17.0093591,51.0751856],[17.0093457,51.0751862],[17.0093324,51.0751868],[17.009319,51.0751874],[17.0093057,51.0751879],[17.0092923,51.0751885],[17.009279,51.0751891],[17.0092656,51.0751897],[17.0092529,51.0751894],[17.0092402,51.0751892],[17.0092274,51.0751889],[17.0092147,51.0751887],[17.009202,51.0751884],[17.0091892,51.0751881],[17.0091765,51.0751879],[17.0091638,51.0751876],[17.0091509,51.0751866],[17.0091381,51.0751857],[17.0091252,51.0751847],[17.0091124,51.0751838],[17.0090995,51.0751828],[17.0090622,51.0751665]]}},{"type":"Feature","properties":{"layer":"roads"},"geometry":{"type":"LineString","coordinates":[[17.0090622,51.0751665],[17.009017,51.0752063],[17.0090092,51.0752131],[17.0090014,51.0752199],[17.0089937,51.0752267],[17.0089859,51.0752335],[17.0089775,51.0752407],[17.0089691,51.0752479],[17.0089607,51.075255],[17.0089523,51.0752622],[17.0089438,51.0752694],[17.0089354,51.0752766],[17.008927,51.0752838],[17.0089186,51.075291],[17.0089102,51.0752981],[17.0089018,51.0753053],[17.0088934,51.0753125],[17.008885,51.0753197],[17.0088765,51.0753269],[17.0088411,51.0753478]]}},{"type":"Feature","properties":{"layer":"roads"},"geometry":{"type":"LineString","coordinates":[[17.0090622,51.0751665],[17.0090776,51.0751404],[17.0090835,51.0751327],[17.0090894,51.075125],[17.0090953,51.0751173],[17.0091013,51.0751096],[17.0091072,51.0751019],[17.0091131,51.0750942],[17.009119,51.0750865],[17.0091249,51.0750787],[17.0091308,51.075071],[17.0091367,51.0750633],[17.0091426,51.0750556],[17.0091485,51.0750479],[17.0091565,51.0750421],[17.0091645,51.0750363],[17.0091724,51.0750306],[17.0091804,51.0750248],[17.0091884,51.075019],[17.0091962,51.0750122],[17.0092039,51.0750055],[17.0092117,51.0749987],[17.0092194,51.0749919],[17.0092272,51.0749852],[17.0092577,51.0749581]]}},{"type":"Feature","properties":{"layer":"roads"},"geometry":{"type":"LineString","coordinates":[[17.0090464,51.0790152],[17.0089939,51.0790196],[17.0089806,51.0790203],[17.0089672,51.0790211],[17.0089539,51.0790218],[17.0089406,51.0790225],[17.0089276,51.0790206],[17.0089146,51.0790187],[17.0089015,51.0790168],[17.0088885,51.0790149],[17.0088372,51.0790056]]}},{"type":"Feature","properties":{"layer":"roads"},"geometry":{"type":"LineString","coordinates":[[17.0090464,51.0790152],[17.0090501,51.079043],[17.0090511,51.0790518],[17.009052,51.0790606],[17.009053,51.0790694],[17.0090539,51.0790782],[17.0090549,51.079087],[17.0090559,51.0790957],[17.0090568,51.0791045],[17.0090578,51.0791133],[17.0090588,51.0791221],[17.0090597,51.0791309],[17.0090607,51.0791396],[17.0090617,51.0791484],[17.0090626,51.0791572],[17.0090636,51.079166],[17.0090645,51.0791748],[17.0090655,51.0791836],[17.0090665,51.0791923],[17.0090674,51.0792011],[17.0090684,51.0792099],[17.0090726,51.079218],[17.0090769,51.0792262],[17.0090811,51.0792343],[17.0090854,51.0792424],[17.0090896,51.0792506],[17.0090939,51.0792587],[17.0090981,51.0792668],[17.0091024,51.079275],[17.0091066,51.0792831],[17.0091108,51.0792912],[17.0091151,51.0792994],[17.0091193,51.0793075],[17.0091236,51.0793156],[17.0091278,51.0793238],[17.0091448,51.0793563]]}},{"type":"Feature","properties":{"layer":"roads"},"geometry":{"type":"LineString","coordinates":[[17.0141247,51.0776625],[17.0140859,51.0776827],[17.0140767,51.0776894],[17.0140674,51.0776962],[17.0140581,51.0777029],[17.0140488,51.0777097],[17.0140395,51.0777164],[17.0140286,51.0777204],[17.0140176,51.0777244],[17.0140067,51.0777284],[17.0139958,51.0777323],[17.0139849,51.0777363],[17.013974,51.0777403],[17.013963,51.0777443],[17.0139521,51.0777483],[17.0139389,51.0777482],[17.0139257,51.077748],[17.0139124,51.0777479],[17.0138992,51.0777478],[17.013886,51.0777476],[17.0138728,51.0777475],[17.0138595,51.0777473],[17.0138463,51.0777472],[17.0138326,51.0777451],[17.0138189,51.077743],[17.0138052,51.0777409],[17.0137915,51.0777388],[17.0137778,51.0777367],[17.0137641,51.0777346],[17.0137504,51.0777325],[17.0137381,51.0777292],[17.0137259,51.077726],[17.0137136,51.0777227],[17.0137014,51.0777194],[17.0136505,51.0777057]]}},{"type":"Feature","properties":{"layer":"roads"},"geometry":{"type":"LineString","coordinates":[[17.0129435,51.0763302],[17.0129789,51.07635],[17.0129853,51.076358],[17.0129918,51.076366],[17.0129982,51.0763739],[17.0130047,51.0763819],[17.0130111,51.0763898],[17.0130175,51.0763978],[17.013024,51.0764058],[17.0130304,51.0764137],[17.0130369,51.0764217],[17.0130433,51.0764297],[17.0130497,51.0764376],[17.0130562,51.0764456],[17.0130626,51.0764536],[17.0130691,51.0764615],[17.0130755,51.0764695],[17.0130823,51.0764773],[17.0130891,51.0764851],[17.0130958,51.0764929],[17.0131026,51.0765007],[17.0131094,51.0765085],[17.0131162,51.0765163],[17.013123,51.0765241],[17.0131298,51.0765319],[17.0131365,51.0765397],[17.0131433,51.0765475],[17.0131501,51.0765553],[17.0131569,51.0765631],[17.0131637,51.0765709],[17.0131705,51.0765787],[17.0131735,51.0766071]]}},{"type":"Feature","properties":{"layer":"roads"},"geometry":{"type":"LineString","coordinates":[[17.0090427,51.0738151],[17.0090778,51.0738396],[17.00909,51.0738442],[17.0091023,51.0738488],[17.0091146,51.0738533],[17.0091269,51.0738579],[17.0091391,51.0738625],[17.0091514,51.0738671],[17.0091637,51.0738717],[17.0091759,51.0738762],[17.0091882,51.0738808],[17.0092005,51.0738854],[17.0092128,51.07389],[17.009225,51.0738946],[17.0092373,51.0738992],[17.0092496,51.0739037],[17.0092619,51.0739083],[17.0092741,51.0739129],[17.0092864,51.0739175],[17.0092987,51.0739221],[17.009311,51.0739266],[17.0093232,51.0739312],[17.009364,51.0739458]]}},{"type":"Feature","properties":{"layer":"roads"},"geometry":{"type":"LineString","coordinates":[[17.0124397,51.0747387],[17.0123896,51.0747222],[17.0123766,51.0747233],[17.0123631,51.0747213],[17.0123496,51.0747193],[17.0123361,51.0747173],[17.0123226,51.0747154],[17.0123091,51.0747134],[17.0122956,51.0747114],[17.0122417,51.0747146]]}},{"type":"Feature","properties":{"layer":"roads"},"geometry":{"type":"LineString","coordinates":[[17.0092373,51.078423],[17.0091983,51.0784344],[17.0091894,51.0784408],[17.0091805,51.0784472],[17.0091715,51.0784535],[17.0091626,51.0784599],[17.0091537,51.0784663],[17.0091433,51.0784723],[17.0091328,51.0784784],[17.0091224,51.0784844],[17.0091119,51.0784905],[17.0091015,51.0784965],[17.0090911,51.0785026],[17.0090806,51.0785086],[17.0090702,51.0785147],[17.0090598,51.0785207],[17.0090493,51.0785268],[17.0090389,51.0785328],[17.0090284,51.0785389],[17.009018,51.0785449],[17.009012,51.078552],[17.0090059,51.0785591],[17.0089999,51.0785662],[17.0089987,51.0785942]]}},{"type":"Feature","properties":{"layer":"roads"},"geometry":{"type":"LineString","coordinates":[[17.0092373,51.078423],[17.0092596,51.0784502],[17.0092614,51.078459],[17.0092631,51.0784678],[17.0092649,51.0784766],[17.0092667,51.0784855],[17.0092684,51.0784943],[17.0092702,51.0785031],[17.0092719,51.078512],[17.0092737,51.0785208],[17.0092755,51.0785296],[17.0092772,51.0785385],[17.009279,51.0785473],[17.0092807,51.0785561],[17.0092825,51.078565],[17.0092843,51.0785738],[17.009286,51.0785826],[17.0092878,51.0785914],[17.0092895,51.0786003],[17.0092913,51.0786091],[17.0092887,51.0786176],[17.0092861,51.0786261],[17.0092834,51.0786345],[17.0092808,51.078643],[17.0092746,51.0786503],[17.0092683,51.0786576],[17.0092327,51.0786741]]}},{"type":"Feature","properties":{"layer":"roads"},"geometry":{"type":"LineString","coordinates":[[17.0092327,51.0786741],[17.0091938,51.0786512],[17.0091851,51.0786454],[17.0091746,51.078641],[17.0091641,51.0786365],[17.0091536,51.0786321],[17.009143,51.0786277],[17.0091325,51.0786232],[17.009122,51.0786188],[17.0091102,51.0786159],[17.0090983,51.0786131],[17.0090865,51.0786102],[17.0090747,51.0786073],[17.0090628,51.0786045],[17.009051,51.0786016],[17.0089987,51.0785942]]}},{"type":"Feature","properties":{"layer":"roads"},"geometry":{"type":"LineString","coordinates":[[17.0111715,51.0747179],[17.0112229,51.0747154],[17.0112358,51.0747147],[17.0112486,51.0747141],[17.0112615,51.0747134],[17.0112879,51.0747142],[17.0113286,51.0747182],[17.0113422,51.0747196],[17.0113557,51.074721],[17.0113693,51.0747223],[17.0113829,51.0747237],[17.0113964,51.074725],[17.01141,51.0747264],[17.0114236,51.0747278],[17.0114371,51.0747291],[17.0114507,51.0747305],[17.0114643,51.0747318],[17.0114778,51.0747332],[17.0114914,51.0747346],[17.011505,51.0747359],[17.0115558,51.0747469]]}},{"type":"Feature","properties":{"layer":"roads"},"geometry":{"type":"LineString","coordinates":[[17.0111715,51.0747179],[17.0111296,51.0747031],[17.0111165,51.0747022],[17.0111033,51.0747013],[17.0110894,51.0747009],[17.0110756,51.0747004],[17.0110617,51.0747],[17.0110478,51.0746996],[17.011034,51.0746991],[17.0110201,51.0746987],[17.0110062,51.0746983],[17.0109923,51.0746978],[17.0109785,51.0746974],[17.0109646,51.074697],[17.0109507,51.0746966],[17.0109369,51.0746961],[17.010923,51.0746957],[17.0109091,51.0746953],[17.0108561,51.0747024]]}},{"type":"Feature","properties":{"layer":"roads"},"geometry":{"type":"LineString","coordinates":[[17.0088411,51.0753478],[17.0088683,51.0753772],[17.0088768,51.0753844],[17.0088853,51.0753916],[17.0088938,51.0753988],[17.0089022,51.075406],[17.0089107,51.0754132],[17.0089192,51.0754204],[17.0089299,51.0754255],[17.0089406,51.0754305],[17.0089512,51.0754356],[17.0089619,51.0754407],[17.0089726,51.0754457],[17.0089833,51.0754508],[17.0089939,51.0754559],[17.0090046,51.075461],[17.0090153,51.075466],[17.009026,51.0754711],[17.0090366,51.0754762],[17.0090473,51.0754812],[17.009058,51.0754863],[17.0090701,51.0754901],[17.0090822,51.0754938],[17.0090943,51.0754976],[17.0091064,51.0755014],[17.0091185,51.0755052],[17.0091306,51.0755089],[17.0091427,51.0755127],[17.0091547,51.0755165],[17.0091668,51.0755202],[17.0091789,51.075524],[17.009191,51.0755278],[17.0092356,51.0755465]]}},{"type":"Feature","properties":{"layer":"roads"},"geometry":{"type":"LineString","coordinates":[[17.0092356,51.0755465],[17.0092807,51.0755503],[17.0092941,51.0755531],[17.0093074,51.0755559],[17.0093208,51.0755587],[17.0093341,51.0755615],[17.0093474,51.0755643],[17.0093608,51.0755671],[17.0093741,51.07557],[17.0093875,51.0755728],[17.0094008,51.0755756],[17.0094142,51.0755784],[17.0094275,51.0755812],[17.0094409,51.075584],[17.0094837,51.0755987]]}},{"type":"Feature","properties":{"layer":"roads"},"geometry":{"type":"LineString","coordinates":[[17.0087733,51.0747283],[17.0088112,51.0747484],[17.00882,51.0747537],[17.0088288,51.0747591],[17.0088392,51.0747643],[17.0088496,51.0747695],[17.00886,51.0747747],[17.0088703,51.0747799],[17.0088807,51.0747851],[17.0088911,51.0747903],[17.0089015,51.0747955],[17.0089116,51.0748],[17.0089218,51.0748046],[17.0089319,51.0748091],[17.008942,51.0748136],[17.0089847,51.0748258]]}},{"type":"Feature","properties":{"layer":"roads"},"geometry":{"type":"LineString","coordinates":[[17.0116969,51.0730902],[17.0117372,51.0730745],[17.0117501,51.0730715],[17.0117629,51.0730684],[17.0117758,51.0730654],[17.0117886,51.0730625],[17.0118014,51.0730596],[17.0118141,51.0730567],[17.0118269,51.0730538],[17.0118397,51.073051],[17.0118525,51.0730481],[17.0119036,51.0730365]]}},{"type":"Feature","properties":{"layer":"roads"},"geometry":{"type":"LineString","coordinates":[[17.0117535,51.0747444],[17.0116973,51.0747244],[17.0116866,51.0747211],[17.0116759,51.0747178],[17.0116642,51.0747164],[17.0116524,51.0747151],[17.0116405,51.0747159],[17.0116286,51.0747168],[17.0116176,51.0747197],[17.0116066,51.0747226],[17.0115558,51.0747469]]}},{"type":"Feature","properties":{"layer":"roads"},"geometry":{"type":"LineString","coordinates":[[17.0117535,51.0747444],[17.0117454,51.0747862],[17.0117296,51.0748025],[17.0117112,51.0748037],[17.0117019,51.0748084],[17.0116926,51.0748131],[17.0116816,51.074816],[17.0116706,51.0748189],[17.0116587,51.0748197],[17.0116469,51.0748205],[17.0116351,51.0748192],[17.0116233,51.0748179],[17.0116127,51.0748145],[17.011602,51.0748112],[17.0115932,51.0748061],[17.0115844,51.074801],[17.0115783,51.0747946],[17.0115722,51.0747882],[17.0115692,51.0747809],[17.0115493,51.0747741],[17.0115558,51.0747469]]}},{"type":"Feature","properties":{"layer":"roads"},"geometry":{"type":"LineString","coordinates":[[17.0117535,51.0747444],[17.0117982,51.0747355],[17.0118092,51.0747318],[17.0118203,51.0747281],[17.0118316,51.0747235],[17.0118428,51.074719],[17.0118541,51.0747144],[17.0118653,51.0747098],[17.0118766,51.0747053],[17.0118878,51.0747007],[17.0118991,51.0746962],[17.0119103,51.0746916],[17.0119217,51.0746889],[17.0119332,51.0746862],[17.0119446,51.0746835],[17.011956,51.0746807],[17.0119675,51.074678],[17.0119789,51.0746753],[17.0119928,51.0746767],[17.0120067,51.0746781],[17.0120207,51.0746795],[17.0120346,51.0746808],[17.0120485,51.0746822],[17.0120624,51.0746836],[17.0120764,51.074685],[17.0120903,51.0746864],[17.0121042,51.0746878],[17.0121181,51.0746891],[17.0121321,51.0746905],[17.012146,51.0746919],[17.0121736,51.0746977],[17.0122417,51.0747146]]}},{"type":"Feature","properties":{"layer":"roads"},"geometry":{"type":"LineString","coordinates":[[17.0117535,51.0747444],[17.0117721,51.0747088],[17.0117758,51.0747016],[17.0117795,51.0746943],[17.0117831,51.0746871],[17.0117868,51.0746799],[17.0117903,51.0746714],[17.0117938,51.0746629],[17.0117972,51.0746544],[17.0118007,51.0746459],[17.0118042,51.0746375],[17.0118065,51.0746097]]}},{"type":"Feature","properties":{"layer":"roads"},"geometry":{"type":"LineString","coordinates":[[17.0083447,51.0792591],[17.008307,51.0792449],[17.0082954,51.0792409],[17.0082838,51.079237],[17.0082721,51.079233],[17.0082605,51.079229],[17.0082489,51.079225],[17.0082399,51.0792195],[17.0082309,51.0792139],[17.008222,51.0792084],[17.008213,51.0792028],[17.008204,51.0791973],[17.0081986,51.0791898],[17.0081933,51.0791823],[17.0081879,51.0791748],[17.0081826,51.0791673],[17.0081772,51.0791598],[17.0081765,51.0791519],[17.0081757,51.079144],[17.0081749,51.079136],[17.0081536,51.0791105]]}},{"type":"Feature","properties":{"layer":"roads"},"geometry":{"type":"LineString","coordinates":[[17.0083447,51.0792591],[17.0083266,51.0792865],[17.0083165,51.0792924],[17.0083063,51.0792984],[17.0082961,51.0793043],[17.008286,51.0793102],[17.0082759,51.0793161],[17.0082657,51.079322],[17.0082556,51.0793279],[17.0082454,51.0793338],[17.0082363,51.0793391],[17.0082272,51.0793444],[17.0082181,51.0793497],[17.008209,51.079355],[17.0081999,51.0793603],[17.0081908,51.0793656],[17.0081799,51.0793707],[17.0081689,51.0793758],[17.008158,51.0793809],[17.008147,51.079386],[17.0081361,51.0793911],[17.0081252,51.0793962],[17.0081142,51.0794013],[17.0081033,51.0794064],[17.0080595,51.0794268]]}},{"type":"Feature","properties":{"layer":"roads"},"geometry":{"type":"LineString","coordinates":[[17.0083329,51.0790217],[17.0082863,51.0790278],[17.0082562,51.079044],[17.0082461,51.0790494],[17.0082361,51.0790548],[17.008226,51.0790603],[17.0082159,51.0790657],[17.0081858,51.0790819],[17.0081536,51.0791105]]}},{"type":"Feature","properties":{"layer":"roads"},"geometry":{"type":"LineString","coordinates":[[17.0083329,51.0790217],[17.0083491,51.0789927],[17.0083597,51.0789868],[17.0083702,51.0789809],[17.0083808,51.078975],[17.0083913,51.078969],[17.0084019,51.0789631],[17.0084124,51.0789572],[17.008423,51.0789512],[17.0084335,51.0789453],[17.0084444,51.0789399],[17.0084554,51.0789345],[17.0084663,51.0789291],[17.0084773,51.0789238],[17.0084882,51.0789184],[17.0084991,51.078913],[17.0085101,51.0789076],[17.008521,51.0789022],[17.008532,51.0788968],[17.0085429,51.0788914],[17.0085538,51.078886],[17.0085648,51.0788807],[17.0085757,51.0788753],[17.0085867,51.0788699],[17.008634,51.0788534]]}},{"type":"Feature","properties":{"layer":"roads"},"geometry":{"type":"LineString","coordinates":[[17.0083329,51.0790217],[17.0083847,51.0790323],[17.0083958,51.0790351],[17.008407,51.0790379],[17.0084181,51.0790408],[17.0084293,51.0790436],[17.0084404,51.0790464],[17.0084486,51.079051],[17.0084569,51.0790557],[17.0084651,51.0790603],[17.008474,51.0790653],[17.0084883,51.0790784],[17.008501,51.0790973],[17.0085055,51.079104],[17.0085096,51.0791121],[17.0085137,51.0791202],[17.0085178,51.0791283],[17.0085261,51.079162]]}},{"type":"Feature","properties":{"layer":"roads"},"geometry":{"type":"LineString","coordinates":[[17.008634,51.0788534],[17.0086512,51.0788857],[17.0086563,51.0788938],[17.0086613,51.0789019],[17.0086663,51.0789099],[17.0086713,51.078918],[17.0086802,51.0789247],[17.008689,51.0789313],[17.0086979,51.0789379],[17.0087068,51.0789446],[17.0087156,51.0789513],[17.0087245,51.0789579],[17.0087333,51.0789645],[17.0087422,51.0789712],[17.008754,51.0789757],[17.0087658,51.0789802],[17.0087775,51.0789847],[17.0087893,51.0789892],[17.0088372,51.0790056]]}},{"type":"Feature","properties":{"layer":"roads"},"geometry":{"type":"LineString","coordinates":[[17.0085261,51.079162],[17.0085713,51.0791571],[17.0085821,51.0791517],[17.008593,51.0791462],[17.0086039,51.0791408],[17.0086147,51.0791354],[17.0086256,51.0791299],[17.0086365,51.0791245],[17.0086474,51.0791191],[17.0086582,51.0791136],[17.0086691,51.0791082],[17.00868,51.0791027],[17.0086908,51.0790973],[17.0087017,51.0790919],[17.0087126,51.0790864],[17.0087234,51.079081],[17.0087343,51.0790755],[17.0087452,51.0790701],[17.0087561,51.0790647],[17.0087669,51.0790592],[17.0087778,51.0790538],[17.0087862,51.0790472],[17.0087945,51.0790405],[17.0088029,51.0790339],[17.0088113,51.0790272],[17.0088372,51.0790056]]}},{"type":"Feature","properties":{"layer":"roads"},"geometry":{"type":"LineString","coordinates":[[17.0115913,51.0744492],[17.0116372,51.0744485],[17.011651,51.0744498],[17.0116647,51.0744511],[17.0116784,51.0744524],[17.0116921,51.0744536],[17.0117058,51.0744549],[17.0117195,51.0744562],[17.0117326,51.0744569],[17.0117458,51.0744577],[17.0117589,51.0744584],[17.011772,51.0744591],[17.0117851,51.0744598],[17.0117983,51.0744606],[17.0118114,51.0744613],[17.0118249,51.0744623],[17.0118385,51.0744633],[17.011852,51.0744642],[17.0118656,51.0744652],[17.0118791,51.0744662],[17.0118918,51.0744658],[17.0119045,51.0744654],[17.0119498,51.0744691]]}},{"type":"Feature","properties":{"layer":"roads"},"geometry":{"type":"LineString","coordinates":[[17.0115913,51.0744492],[17.0115803,51.0744804],[17.0115792,51.0744892],[17.0115781,51.074498],[17.0115771,51.0745069],[17.011576,51.0745157],[17.0115749,51.0745245],[17.0115812,51.0745319],[17.0115875,51.0745393],[17.0115938,51.0745467],[17.0116358,51.074587]]}},{"type":"Feature","properties":{"layer":"roads"},"geometry":{"type":"LineString","coordinates":[[17.0094837,51.0755987],[17.0095344,51.0755999],[17.0095478,51.0756015],[17.0095611,51.0756031],[17.0095745,51.0756047],[17.0095879,51.0756062],[17.0096012,51.0756078],[17.0096146,51.0756094],[17.0096279,51.075611],[17.0096413,51.0756125],[17.0096547,51.0756141],[17.009668,51.0756157],[17.0096814,51.0756173],[17.0096948,51.0756188],[17.0097081,51.0756204],[17.0097215,51.075622],[17.0097346,51.075624],[17.0097477,51.075626],[17.0097608,51.075628],[17.0097738,51.0756301],[17.0097869,51.0756321],[17.0098,51.0756341],[17.0098131,51.0756361],[17.0098262,51.0756381],[17.0098393,51.0756401],[17.0098524,51.0756421],[17.0098654,51.0756442],[17.0098785,51.0756462],[17.0099433,51.0756662]]}},{"type":"Feature","properties":{"layer":"roads"},"geometry":{"type":"LineString","coordinates":[[17.0094837,51.0755987],[17.0094842,51.0756273],[17.0094817,51.0756353],[17.0094792,51.0756433],[17.0094767,51.0756513],[17.0094768,51.0756599],[17.009477,51.0756685],[17.0094771,51.0756771],[17.0094772,51.0756858],[17.0094774,51.0756944],[17.0094775,51.075703],[17.0094776,51.0757116],[17.0094778,51.0757202],[17.0094779,51.0757288],[17.009478,51.0757374],[17.0094782,51.075746],[17.0094783,51.0757547],[17.0094784,51.0757633],[17.0094662,51.0757913]]}},{"type":"Feature","properties":{"layer":"roads"},"geometry":{"type":"LineString","coordinates":[[17.0099433,51.0756662],[17.0098732,51.0756777],[17.0098635,51.0756835],[17.0098538,51.0756893],[17.0098441,51.0756951],[17.0098149,51.0757125],[17.0097831,51.0757326]]}},{"type":"Feature","properties":{"layer":"roads"},"geometry":{"type":"LineString","coordinates":[[17.0092577,51.0749581],[17.0092126,51.0749375],[17.0092012,51.0749324],[17.0091898,51.0749273],[17.0091783,51.0749221],[17.0091669,51.074917],[17.0091555,51.0749119],[17.0091441,51.0749067],[17.0091065,51.0748829]]}},{"type":"Feature","properties":{"layer":"roads"},"geometry":{"type":"LineString","coordinates":[[17.0092577,51.0749581],[17.0093008,51.0749786],[17.0093115,51.0749837],[17.0093221,51.0749889],[17.0093328,51.074994],[17.0094008,51.075026]]}},{"type":"Feature","properties":{"layer":"roads"},"geometry":{"type":"LineString","coordinates":[[17.0089791,51.0730798],[17.0090084,51.0730483],[17.0090143,51.073041],[17.0090202,51.0730337],[17.009026,51.0730265],[17.0090319,51.0730192],[17.0090378,51.0730119],[17.0090437,51.0730046],[17.0090511,51.0729971],[17.0090585,51.0729897],[17.0090659,51.0729822],[17.0090733,51.0729747],[17.0090807,51.0729672],[17.0090881,51.0729598],[17.0090955,51.0729523],[17.0091033,51.0729459],[17.009111,51.0729394],[17.0091187,51.072933],[17.0091265,51.0729266],[17.0091343,51.0729201],[17.009142,51.0729137],[17.0091522,51.0729082],[17.0091623,51.0729027],[17.0091725,51.0728972],[17.0091827,51.0728918],[17.0091929,51.0728863],[17.009203,51.0728808],[17.0092132,51.0728753],[17.0092234,51.0728698],[17.0092336,51.0728643],[17.0092437,51.0728588],[17.0092539,51.0728533],[17.0092641,51.0728479],[17.0092743,51.0728424],[17.0092844,51.0728369],[17.0093175,51.072812]]}},{"type":"Feature","properties":{"layer":"roads"},"geometry":{"type":"LineString","coordinates":[[17.0076349,51.0739377],[17.0076021,51.0739595],[17.00759,51.073963],[17.0075779,51.0739665],[17.0075294,51.0739804]]}},{"type":"Feature","properties":{"layer":"roads"},"geometry":{"type":"LineString","coordinates":[[17.0097242,51.0758224],[17.0097343,51.0758563],[17.0097368,51.0758647],[17.0097393,51.0758731],[17.0097418,51.0758815],[17.0097444,51.0758899],[17.0097469,51.0758983],[17.0097494,51.0759068],[17.0097519,51.0759152],[17.0097545,51.0759236],[17.009757,51.075932],[17.0097595,51.0759404],[17.009762,51.0759488],[17.0097646,51.0759572],[17.0097671,51.0759656],[17.0097696,51.075974],[17.0097717,51.0759823],[17.0097738,51.0759907],[17.0097759,51.075999],[17.009778,51.0760073],[17.0097801,51.0760156],[17.0097822,51.0760239],[17.0097843,51.0760323],[17.0097864,51.0760406],[17.0097885,51.0760489],[17.0098057,51.0760752]]}},{"type":"Feature","properties":{"layer":"roads"},"geometry":{"type":"LineString","coordinates":[[17.0097242,51.0758224],[17.0097491,51.0757989],[17.0097547,51.0757908],[17.0097603,51.0757828],[17.0097659,51.0757747],[17.0097716,51.0757666],[17.0097831,51.0757326]]}},{"type":"Feature","properties":{"layer":"roads"},"geometry":{"type":"LineString","coordinates":[[17.0097242,51.0758224],[17.0096803,51.0758059],[17.009671,51.0758008],[17.0096617,51.0757958],[17.009614,51.0757773]]}},{"type":"Feature","properties":{"layer":"roads"},"geometry":{"type":"LineString","coordinates":[[17.0081536,51.0791105],[17.0081108,51.0791201],[17.0081,51.0791255],[17.0080892,51.079131],[17.0080783,51.0791365],[17.0080675,51.0791419],[17.0080567,51.0791474],[17.0080465,51.0791526],[17.0080363,51.0791577],[17.0080261,51.0791629],[17.0080159,51.079168],[17.0080057,51.0791732],[17.0079955,51.0791783],[17.0079853,51.0791835],[17.0079445,51.0792041]]}},{"type":"Feature","properties":{"layer":"roads"},"geometry":{"type":"LineString","coordinates":[[17.0122417,51.0747146],[17.0122629,51.0747383],[17.0122743,51.0747433],[17.0122854,51.0747481],[17.0122966,51.0747528],[17.0123077,51.0747576],[17.0123189,51.0747624],[17.01233,51.0747671],[17.0123412,51.0747719],[17.0123523,51.0747767],[17.0123634,51.0747814],[17.0123746,51.0747862],[17.0123857,51.0747909],[17.0123969,51.0747957],[17.012408,51.0748005],[17.0124192,51.0748052],[17.0124303,51.07481],[17.0124737,51.0747956]]}},{"type":"Feature","properties":{"layer":"roads"},"geometry":{"type":"LineString","coordinates":[[17.0124737,51.0747956],[17.0124397,51.0747387]]}},{"type":"Feature","properties":{"layer":"roads"},"geometry":{"type":"LineString","coordinates":[[17.0095221,51.074454],[17.0095401,51.0744292],[17.0095469,51.0744219],[17.0095536,51.0744145],[17.0095604,51.0744072],[17.0095672,51.0743998],[17.0096086,51.0743559]]}},{"type":"Feature","properties":{"layer":"roads"},"geometry":{"type":"LineString","coordinates":[[17.0095221,51.074454],[17.0095607,51.0744689],[17.0095743,51.0744697],[17.0095879,51.0744704],[17.0095996,51.0744726],[17.0096113,51.0744748],[17.0096229,51.074477],[17.0096346,51.0744792],[17.0096463,51.0744814],[17.0096576,51.0744856],[17.0096688,51.0744899],[17.0096801,51.0744941],[17.0096913,51.0744984],[17.0097026,51.0745026],[17.0097118,51.0745079],[17.009721,51.0745132],[17.0097302,51.0745185],[17.0097394,51.0745238],[17.0097463,51.0745299],[17.0097532,51.074536],[17.0097601,51.0745422],[17.009767,51.0745483],[17.0097739,51.0745557],[17.0097807,51.074563],[17.0097933,51.0745943]]}},{"type":"Feature","properties":{"layer":"roads"},"geometry":{"type":"LineString","coordinates":[[17.0095221,51.074454],[17.0094472,51.0745135]]}},{"type":"Feature","properties":{"layer":"roads"},"geometry":{"type":"LineString","coordinates":[[17.0097933,51.0745943],[17.0098305,51.0745565],[17.0098378,51.0745493],[17.0098451,51.0745422],[17.0098523,51.0745351],[17.0098596,51.0745279],[17.0098669,51.0745208],[17.0098742,51.0745136],[17.0099125,51.0744828]]}},{"type":"Feature","properties":{"layer":"roads"},"geometry":{"type":"LineString","coordinates":[[17.0095483,51.0748401],[17.0095093,51.0748271],[17.0094968,51.0748267],[17.0094845,51.0748244],[17.0094722,51.0748221],[17.00946,51.0748197],[17.0094477,51.0748174],[17.0094354,51.0748151],[17.0094226,51.0748117],[17.0094099,51.0748083],[17.0093971,51.074805],[17.0093843,51.0748016],[17.0093728,51.0747966],[17.0093612,51.0747917],[17.0093497,51.0747867],[17.0093382,51.0747817],[17.0093302,51.0747755],[17.0093222,51.0747693],[17.0093143,51.0747632],[17.0093063,51.074757],[17.0092684,51.0747357]]}},{"type":"Feature","properties":{"layer":"roads"},"geometry":{"type":"LineString","coordinates":[[17.0095483,51.0748401],[17.0095349,51.0748671],[17.0095276,51.0748746],[17.0094941,51.074913]]}},{"type":"Feature","properties":{"layer":"roads"},"geometry":{"type":"LineString","coordinates":[[17.0095483,51.0748401],[17.0096395,51.0747714]]}},{"type":"Feature","properties":{"layer":"roads"},"geometry":{"type":"LineString","coordinates":[[17.0092684,51.0747357],[17.0092315,51.0747623],[17.0091867,51.0748023]]}},{"type":"Feature","properties":{"layer":"roads"},"geometry":{"type":"LineString","coordinates":[[17.0092684,51.0747357],[17.0093103,51.074663]]}},{"type":"Feature","properties":{"layer":"roads"},"geometry":{"type":"LineString","coordinates":[[17.0119498,51.0744691],[17.0119381,51.0744976],[17.011937,51.074506],[17.0119337,51.074514],[17.0119303,51.0745219],[17.011927,51.0745299],[17.0119214,51.0745377],[17.0119158,51.0745454],[17.0119102,51.0745532],[17.011904,51.0745585],[17.0118978,51.0745637],[17.0118916,51.074569],[17.0118837,51.0745727],[17.0118758,51.0745765],[17.0118679,51.0745802],[17.0118579,51.0745849],[17.011848,51.0745895],[17.0118065,51.0746097]]}},{"type":"Feature","properties":{"layer":"roads"},"geometry":{"type":"LineString","coordinates":[[17.0096086,51.0743559],[17.0096299,51.0743836],[17.0096418,51.074388],[17.0096537,51.0743924],[17.0096656,51.0743968],[17.0096774,51.0744013],[17.0096893,51.0744057],[17.0097012,51.0744101],[17.0097131,51.0744145],[17.009725,51.0744189],[17.0097369,51.0744233],[17.0097488,51.0744277],[17.0097607,51.0744321],[17.0097726,51.0744365],[17.0097845,51.0744409],[17.0097964,51.0744453],[17.0098083,51.0744497],[17.0098202,51.0744541],[17.009832,51.0744586],[17.0098439,51.074463],[17.0098558,51.0744674],[17.0098677,51.0744718],[17.0099125,51.0744828]]}},{"type":"Feature","properties":{"layer":"roads"},"geometry":{"type":"LineString","coordinates":[[17.0096086,51.0743559],[17.0095457,51.0743524],[17.0095335,51.0743479],[17.0095214,51.0743435],[17.0095093,51.074339],[17.0094971,51.0743345],[17.0094347,51.0742955]]}},{"type":"Feature","properties":{"layer":"roads"},"geometry":{"type":"LineString","coordinates":[[17.0124397,51.0747387],[17.0124752,51.0747591],[17.0124887,51.0747578],[17.0125021,51.0747564],[17.0125156,51.0747551],[17.0125291,51.0747538],[17.0125426,51.0747525],[17.012556,51.0747511],[17.0125695,51.0747498],[17.012583,51.0747485],[17.0125965,51.0747474],[17.01261,51.0747463],[17.0126236,51.0747453],[17.0126371,51.0747442],[17.0126506,51.0747431],[17.0126641,51.074742],[17.0126777,51.074741],[17.0126912,51.0747399],[17.0127047,51.0747388],[17.0127182,51.0747377],[17.0127318,51.0747367],[17.0127453,51.0747356],[17.0127588,51.0747345],[17.0128129,51.0747302]]}},{"type":"Feature","properties":{"layer":"roads"},"geometry":{"type":"LineString","coordinates":[[17.0096848,51.0742626],[17.0096505,51.0742431],[17.0096388,51.0742387],[17.0096272,51.0742343],[17.0096155,51.07423],[17.0096038,51.0742256],[17.0095598,51.0742161]]}},{"type":"Feature","properties":{"layer":"roads"},"geometry":{"type":"LineString","coordinates":[[17.0096848,51.0742626],[17.0096695,51.0742904],[17.0096626,51.0742979],[17.0096557,51.0743054],[17.0096488,51.0743129],[17.0096086,51.0743559]]}},{"type":"Feature","properties":{"layer":"roads"},"geometry":{"type":"LineString","coordinates":[[17.0097933,51.0745943],[17.0097567,51.0746126],[17.0097447,51.0746082],[17.0097328,51.0746037],[17.0097208,51.0745992],[17.0097088,51.0745948],[17.0096969,51.0745904],[17.0096849,51.0745859],[17.009673,51.0745815],[17.009661,51.074577],[17.0096491,51.0745725],[17.0096371,51.0745681],[17.0096251,51.0745637],[17.0096132,51.0745592],[17.0096012,51.0745547],[17.0095893,51.0745503],[17.0095773,51.0745458],[17.0095653,51.0745414],[17.0095534,51.074537],[17.0095414,51.0745325],[17.0095294,51.074528],[17.0095175,51.0745236],[17.0095055,51.0745192],[17.0094936,51.0745147],[17.0094472,51.0745135]]}},{"type":"Feature","properties":{"layer":"roads"},"geometry":{"type":"LineString","coordinates":[[17.0097933,51.0745943],[17.0097719,51.074641],[17.0097438,51.0746679]]}},{"type":"Feature","properties":{"layer":"roads"},"geometry":{"type":"LineString","coordinates":[[17.0094941,51.074913],[17.0094626,51.0748914],[17.0094508,51.0748869],[17.009439,51.0748823],[17.0094272,51.0748778],[17.0094154,51.0748733],[17.0094036,51.0748687],[17.0093918,51.0748642],[17.00938,51.0748597],[17.0093682,51.0748551],[17.0093564,51.0748506],[17.0093447,51.0748461],[17.0093329,51.0748416],[17.0093211,51.074837],[17.0093093,51.0748325],[17.0092975,51.074828],[17.0092771,51.0748356],[17.0092593,51.0748336],[17.0092488,51.0748244],[17.0092374,51.0748199],[17.0091867,51.0748023]]}},{"type":"Feature","properties":{"layer":"roads"},"geometry":{"type":"LineString","coordinates":[[17.0093103,51.074663],[17.0093347,51.0746873],[17.0093466,51.0746916],[17.0093586,51.074696],[17.0093705,51.0747003],[17.0093825,51.0747047],[17.0093944,51.074709],[17.0094064,51.0747133],[17.0094183,51.0747177],[17.0094303,51.074722],[17.0094422,51.0747264],[17.0094542,51.0747307],[17.0094661,51.074735],[17.0094781,51.0747394],[17.00949,51.0747437],[17.009502,51.0747481],[17.0095139,51.0747524],[17.0095259,51.0747568],[17.0095378,51.0747611],[17.0095498,51.0747654],[17.0095617,51.0747698],[17.0095737,51.0747741],[17.0095856,51.0747785],[17.0095976,51.0747828],[17.0096395,51.0747714]]}},{"type":"Feature","properties":{"layer":"roads"},"geometry":{"type":"LineString","coordinates":[[17.0096828,51.0749254],[17.0096296,51.0749287],[17.0096167,51.0749298],[17.0096039,51.074931],[17.009591,51.0749321],[17.0095782,51.0749333],[17.0095644,51.074934],[17.0095507,51.0749346],[17.009537,51.0749352],[17.0095232,51.0749359],[17.0094941,51.074913]]}},{"type":"Feature","properties":{"layer":"roads"},"geometry":{"type":"LineString","coordinates":[[17.0094662,51.0757913],[17.0095307,51.0757784],[17.0095697,51.0757768],[17.009614,51.0757773]]}},{"type":"Feature","properties":{"layer":"roads"},"geometry":{"type":"LineString","coordinates":[[17.0094941,51.074913],[17.009467,51.0749384],[17.0094445,51.0749626],[17.0094359,51.0749691],[17.0094272,51.0749756],[17.0094186,51.0749821],[17.0094099,51.0749886],[17.0094013,51.074995],[17.0094008,51.075026]]}},{"type":"Feature","properties":{"layer":"roads"},"geometry":{"type":"LineString","coordinates":[[17.0115558,51.0747469],[17.0115576,51.0747165],[17.0115616,51.0747087],[17.0115652,51.0747004],[17.0115688,51.0746922],[17.0115724,51.0746839],[17.011576,51.0746756],[17.0115796,51.0746674],[17.0115832,51.0746591],[17.0115868,51.0746508],[17.0115903,51.0746426],[17.0115939,51.0746343],[17.0115975,51.074626],[17.0116011,51.0746177],[17.0116047,51.0746095],[17.0116358,51.074587]]}},{"type":"Feature","properties":{"layer":"roads"},"geometry":{"type":"LineString","coordinates":[[17.0116358,51.074587],[17.0116844,51.0746012],[17.0116962,51.0746026],[17.0117079,51.074604],[17.0117197,51.0746054],[17.0117339,51.0746055],[17.0117481,51.0746057],[17.0117623,51.0746058],[17.0118065,51.0746097]]}},{"type":"Feature","properties":{"layer":"roads"},"geometry":{"type":"LineString","coordinates":[[17.0095598,51.0742161],[17.0095269,51.0742382],[17.0095193,51.0742457],[17.0095118,51.0742531],[17.0095042,51.0742606],[17.0094347,51.0742955]]}},{"type":"Feature","properties":{"layer":"roads"},"geometry":{"type":"LineString","coordinates":[[17.0098759,51.0747846],[17.0098748,51.0747527],[17.0098799,51.0747462],[17.0098841,51.0747395],[17.0098884,51.0747328],[17.0098926,51.0747261],[17.0098968,51.0747194],[17.0098848,51.0747153],[17.0098728,51.0747112],[17.0098608,51.0747071],[17.0098488,51.0747029],[17.0098368,51.0746988],[17.0098247,51.0746947],[17.0098127,51.0746906],[17.0098007,51.0746865],[17.0097887,51.0746823],[17.0097438,51.0746679]]}},{"type":"Feature","properties":{"layer":"roads"},"geometry":{"type":"LineString","coordinates":[[17.0098759,51.0747846],[17.0098104,51.0747585],[17.009799,51.0747543],[17.0097876,51.0747501],[17.0097762,51.074746],[17.0097648,51.0747418],[17.0097534,51.0747376],[17.0097413,51.0747331],[17.0096976,51.0747168]]}},{"type":"Feature","properties":{"layer":"roads"},"geometry":{"type":"LineString","coordinates":[[17.0098759,51.0747846],[17.0098262,51.0748003],[17.0098171,51.0748066],[17.009808,51.0748129],[17.0097963,51.0748084],[17.0097845,51.0748039],[17.0097728,51.0747995],[17.0097611,51.074795],[17.0097493,51.0747905],[17.0097376,51.074786],[17.0097259,51.0747815],[17.0097141,51.074777],[17.0097024,51.0747725],[17.0096907,51.0747681],[17.0096395,51.0747714]]}},{"type":"Feature","properties":{"layer":"roads"},"geometry":{"type":"LineString","coordinates":[[17.0097438,51.0746679],[17.0096976,51.0747168]]}},{"type":"Feature","properties":{"layer":"roads"},"geometry":{"type":"LineString","coordinates":[[17.00928,51.0744463],[17.0093659,51.0744732],[17.009378,51.0744777],[17.0093902,51.0744821],[17.0094023,51.0744866],[17.0094145,51.074491],[17.0094472,51.0745135]]}},{"type":"Feature","properties":{"layer":"roads"},"geometry":{"type":"LineString","coordinates":[[17.00928,51.0744463],[17.0092879,51.074486],[17.0092806,51.0744937],[17.0092732,51.0745013],[17.0092659,51.074509],[17.009198,51.074527]]}},{"type":"Feature","properties":{"layer":"roads"},"geometry":{"type":"LineString","coordinates":[[17.00928,51.0744463],[17.0093238,51.0744481],[17.0093302,51.0744407],[17.0093367,51.0744333],[17.0093432,51.0744259],[17.0093497,51.0744186],[17.0093561,51.0744112],[17.0093626,51.0744038],[17.0093691,51.0743964],[17.0093755,51.074389],[17.009382,51.0743816],[17.0093894,51.0743744],[17.0093968,51.0743671],[17.0094042,51.0743599],[17.0094116,51.0743527],[17.009419,51.0743454],[17.0094264,51.0743382],[17.0094338,51.074331],[17.0094412,51.0743237],[17.0094347,51.0742955]]}},{"type":"Feature","properties":{"layer":"roads"},"geometry":{"type":"LineString","coordinates":[[17.0089847,51.0748258],[17.0090003,51.0747974],[17.0090072,51.0747899],[17.0090142,51.0747825],[17.00906,51.0747555]]}},{"type":"Feature","properties":{"layer":"roads"},"geometry":{"type":"LineString","coordinates":[[17.0089847,51.0748258],[17.0090182,51.0748486],[17.0090297,51.0748539],[17.0090412,51.0748593],[17.0090526,51.0748646],[17.0090641,51.0748699],[17.0091065,51.0748829]]}},{"type":"Feature","properties":{"layer":"roads"},"geometry":{"type":"LineString","coordinates":[[17.0097831,51.0757326],[17.0097367,51.0757294],[17.009723,51.0757316],[17.0097093,51.0757338],[17.0096978,51.0757377],[17.0096863,51.0757415],[17.0096748,51.0757454],[17.0096633,51.0757493],[17.0096518,51.0757531],[17.009614,51.0757773]]}},{"type":"Feature","properties":{"layer":"roads"},"geometry":{"type":"LineString","coordinates":[[17.0096395,51.0747714],[17.0096976,51.0747168]]}},{"type":"Feature","properties":{"layer":"roads"},"geometry":{"type":"LineString","coordinates":[[17.0097553,51.0727303],[17.0097037,51.0727349],[17.0096916,51.0727351],[17.0096794,51.0727352],[17.0096673,51.0727354],[17.0096533,51.0727358],[17.0096393,51.0727361],[17.0096253,51.0727365],[17.0096113,51.0727369],[17.0095973,51.0727373],[17.0095833,51.0727376],[17.0095693,51.072738],[17.0095553,51.0727384],[17.0095413,51.0727388],[17.0095273,51.0727391],[17.0094976,51.0727426],[17.0094611,51.0727499],[17.009448,51.0727525],[17.0094244,51.0727544],[17.0093736,51.0727618]]}},{"type":"Feature","properties":{"layer":"roads"},"geometry":{"type":"LineString","coordinates":[[17.009133,51.074604],[17.0090824,51.0746016],[17.0090748,51.0746091],[17.0090671,51.0746167],[17.0090594,51.0746242],[17.0090517,51.0746317],[17.0090441,51.0746392],[17.0090364,51.0746467],[17.0090287,51.0746543],[17.009021,51.0746618],[17.0090134,51.0746693],[17.0090057,51.0746768],[17.008998,51.0746843],[17.0089791,51.0747137]]}},{"type":"Feature","properties":{"layer":"roads"},"geometry":{"type":"LineString","coordinates":[[17.009133,51.074604],[17.0091175,51.0745643],[17.0091243,51.0745568],[17.0091312,51.0745494],[17.009138,51.0745419],[17.009198,51.074527]]}},{"type":"Feature","properties":{"layer":"roads"},"geometry":{"type":"LineString","coordinates":[[17.0089791,51.0747137],[17.008988,51.0747432],[17.0089998,51.0747474],[17.00906,51.0747555]]}},{"type":"Feature","properties":{"layer":"roads"},"geometry":{"type":"LineString","coordinates":[[17.00906,51.0747555],[17.0090709,51.0747214],[17.009078,51.0747137],[17.009085,51.074706],[17.0090921,51.0746983],[17.0090992,51.0746906],[17.0091063,51.0746829],[17.0091134,51.0746751],[17.0091205,51.0746674],[17.0091276,51.0746597],[17.0091347,51.074652],[17.0091417,51.0746443],[17.0091488,51.0746366],[17.0091559,51.0746289],[17.009133,51.074604]]}},{"type":"Feature","properties":{"layer":"roads"},"geometry":{"type":"LineString","coordinates":[[17.009133,51.074604],[17.0092128,51.0746388],[17.0092252,51.0746432],[17.0092377,51.0746476],[17.0092501,51.074652],[17.0092626,51.0746564],[17.0093103,51.074663]]}},{"type":"Feature","properties":{"layer":"roads"},"geometry":{"type":"LineString","coordinates":[[17.0091065,51.0748829],[17.0091355,51.0748625],[17.0091419,51.0748553],[17.0091484,51.0748481],[17.0091548,51.0748409],[17.0091867,51.0748023]]}},{"type":"Feature","properties":{"layer":"roads"},"geometry":{"type":"LineString","coordinates":[[17.0091867,51.0748023],[17.009131,51.0747796],[17.0091188,51.0747752],[17.0091067,51.0747707],[17.00906,51.0747555]]}},{"type":"Feature","properties":{"layer":"roads"},"geometry":{"type":"LineString","coordinates":[[17.0096086,51.0743559],[17.0097035,51.0743733]]}},{"type":"Feature","properties":{"layer":"roads"},"geometry":{"type":"LineString","coordinates":[[17.0093793,51.0745905],[17.009408,51.074567],[17.0094166,51.0745525],[17.0094236,51.0745449],[17.0094472,51.0745135]]}},{"type":"Feature","properties":{"layer":"roads"},"geometry":{"type":"LineString","coordinates":[[17.0093793,51.0745905],[17.0093592,51.0746184],[17.0093478,51.0746275],[17.009341,51.0746349],[17.0093103,51.074663]]}},{"type":"Feature","properties":{"layer":"roads"},"geometry":{"type":"LineString","coordinates":[[17.0093793,51.0745905],[17.0093401,51.0745757],[17.0093286,51.0745717],[17.0093171,51.0745677],[17.0093056,51.0745637],[17.009294,51.0745596],[17.0092825,51.0745556],[17.009271,51.0745516],[17.0092595,51.0745475],[17.009248,51.0745435],[17.009198,51.074527]]}},{"type":"Feature","properties":{"layer":"roads"},"geometry":{"type":"LineString","coordinates":[[17.0093175,51.072812],[17.0093183,51.0727767],[17.0093282,51.0727712],[17.0093736,51.0727618]]}},{"type":"Feature","properties":{"layer":"roads"},"geometry":{"type":"LineString","coordinates":[[17.0081372,51.0751693],[17.007993,51.0752211]]}},{"type":"Feature","properties":{"layer":"roads"},"geometry":{"type":"LineString","coordinates":[[17.0078488,51.0752729],[17.007993,51.0752211]]}},{"type":"Feature","properties":{"layer":"obstacles"},"geometry":{"type":"Polygon","coordinates":[[[17.0094796,51.075401],[17.0093921,51.0753874],[17.0093777,51.075424],[17.0094652,51.0754377],[17.0094796,51.075401]]]}},{"type":"Feature","properties":{"layer":"obstacles"},"geometry":{"type":"Polygon","coordinates":[[[17.0096918,51.0753325],[17.009687,51.0753305],[17.0097142,51.0753035],[17.0096902,51.0752936],[17.0097007,51.0752822],[17.0096763,51.0752728],[17.0095988,51.0752425],[17.0095878,51.0752382],[17.0095597,51.0752657],[17.0095236,51.0752511],[17.0094604,51.0753169],[17.0096405,51.0753878],[17.0096918,51.0753325]]]}},{"type":"Feature","properties":{"layer":"obstacles"},"geometry":{"type":"Polygon","coordinates":[[[17.0097048,51.0752446],[17.0097129,51.0752479],[17.0097289,51.0752544],[17.0097772,51.0752066],[17.0097333,51.075189],[17.0096993,51.0751754],[17.0096295,51.0751474],[17.0095802,51.0751962],[17.0096266,51.0752149],[17.0095988,51.0752425],[17.0096763,51.0752728],[17.0097048,51.0752446]]]}},{"type":"Feature","properties":{"layer":"obstacles"},"geometry":{"type":"Polygon","coordinates":[[[17.0100651,51.0753077],[17.0099755,51.0752736],[17.0099417,51.0753091],[17.0100312,51.0753431],[17.0100651,51.0753077]]]}},{"type":"Feature","properties":{"layer":"obstacles"},"geometry":{"type":"Polygon","coordinates":[[[17.0095827,51.0752362],[17.0095878,51.0752382],[17.0095889,51.075237],[17.0095525,51.0752224],[17.0095243,51.0752504],[17.0095556,51.0752631],[17.0095827,51.0752362]]]}},{"type":"Feature","properties":{"layer":"obstacles"},"geometry":{"type":"Polygon","coordinates":[[[17.0094237,51.0728194],[17.0094294,51.0727907],[17.0093968,51.0727736],[17.0093769,51.0727783],[17.0093534,51.0727838],[17.0093467,51.0728121],[17.0093624,51.0728201],[17.0093799,51.0728291],[17.0094237,51.0728194]]]}},{"type":"Feature","properties":{"layer":"obstacles"},"geometry":{"type":"Polygon","coordinates":[[[17.0094514,51.0746444],[17.009495,51.0746],[17.0095534,51.0746226],[17.0095098,51.074667],[17.0094514,51.0746444]]]}},{"type":"Feature","properties":{"layer":"obstacles"},"geometry":{"type":"Polygon","coordinates":[[[17.0115582,51.0747571],[17.0115565,51.0747716],[17.0115569,51.0747787],[17.0115607,51.0747859],[17.0115705,51.074799],[17.0115852,51.0748102],[17.011604,51.0748187],[17.0116255,51.0748239],[17.0116485,51.0748256],[17.0116714,51.0748235],[17.0116927,51.074818],[17.0117111,51.0748092],[17.0117254,51.0747977],[17.0117346,51.0747844],[17.0117254,51.0747977],[17.0117111,51.0748092],[17.0116927,51.074818],[17.0116714,51.0748235],[17.0116485,51.0748256],[17.0116255,51.0748239],[17.011604,51.0748187],[17.0115852,51.0748102],[17.0115705,51.074799],[17.0115607,51.0747859],[17.0115569,51.0747787],[17.0115565,51.0747716],[17.0115582,51.0747571]]]}},{"type":"Feature","properties":{"layer":"obstacles"},"geometry":{"type":"Polygon","coordinates":[[[17.0090508,51.0745099],[17.0088406,51.0747311],[17.0090508,51.0745099]]]}},{"type":"Feature","properties":{"layer":"obstacles"},"geometry":{"type":"Polygon","coordinates":[[[17.0096167,51.0743673],[17.0097076,51.074397],[17.0096167,51.0743673]]]}},{"type":"Feature","properties":{"layer":"obstacles"},"geometry":{"type":"Polygon","coordinates":[[[17.0094259,51.0742017],[17.0093052,51.0743386],[17.0091778,51.074473],[17.0091443,51.0745103],[17.0090461,51.0746122],[17.0089452,51.0747218],[17.0089307,51.0747367],[17.0090897,51.0747949],[17.0092677,51.0748619],[17.0090897,51.0747949],[17.0089307,51.0747367],[17.0089452,51.0747218],[17.0090461,51.0746122],[17.0091443,51.0745103],[17.0091778,51.074473],[17.0093052,51.0743386],[17.0094259,51.0742017]]]}},{"type":"Feature","properties":{"layer":"boundary"},"geometry":{"type":"Polygon","coordinates":[[[17.0123433,51.0738895],[17.0119758,51.0732056],[17.0116429,51.0725841],[17.0115983,51.0724944],[17.0115744,51.0724569],[17.0115382,51.0724316],[17.0114103,51.0723944],[17.0113279,51.0723852],[17.0112796,51.0724023],[17.0111859,51.0724373],[17.0110705,51.0723595],[17.0111296,51.0723252],[17.0111908,51.0722873],[17.0113272,51.0721068],[17.0112989,51.0719729],[17.0111537,51.0720221],[17.0109751,51.0720967],[17.010599,51.0721942],[17.009012,51.0728143],[17.0084727,51.0731139],[17.0079877,51.0733995],[17.0075076,51.0736883],[17.0073814,51.0736735],[17.007352,51.0736877],[17.0074747,51.0738524],[17.0075216,51.0739258],[17.0075582,51.0740153],[17.0075917,51.0741135],[17.0076732,51.0743798],[17.0076917,51.0745539],[17.0077012,51.0747497],[17.0077055,51.0748508],[17.0077148,51.0748606],[17.0077294,51.0748668],[17.0077507,51.0748693],[17.0082742,51.0747525],[17.0083973,51.0747962],[17.0085749,51.0746721],[17.0087721,51.0748071],[17.0088182,51.0749319],[17.0088419,51.0750406],[17.0087869,51.0750893],[17.0088507,51.0751885],[17.0087465,51.0752165],[17.0087589,51.0752911],[17.0087009,51.0753494],[17.0087178,51.0753745],[17.0088781,51.0757833],[17.008948,51.0760307],[17.008972,51.0762226],[17.0090254,51.0765048],[17.0090369,51.0766741],[17.0090493,51.0771683],[17.0090496,51.0771781],[17.0090619,51.077576],[17.0090621,51.0775823],[17.0090662,51.0776887],[17.0090741,51.0778972],[17.0090937,51.0781295],[17.0082445,51.0781407],[17.0077531,51.0781506],[17.0077844,51.0785658],[17.0078537,51.0788538],[17.0079493,51.079139],[17.008097,51.0794436],[17.0081954,51.079628],[17.0092847,51.0792925],[17.0107249,51.0788444],[17.0108436,51.0787921],[17.0104761,51.0783114],[17.0109861,51.078134],[17.0114099,51.0786158],[17.0120701,51.0784365],[17.0123423,51.078364],[17.0128943,51.0782142],[17.0129168,51.0782509],[17.0130052,51.0784343],[17.013277,51.0783647],[17.0134975,51.0783083],[17.0138581,51.078216],[17.0141972,51.0781292],[17.0145701,51.0780337],[17.0145398,51.07798],[17.0144415,51.0778055],[17.0139492,51.0768816],[17.0135225,51.0760857],[17.0131068,51.0753145],[17.0128664,51.0748642],[17.0125854,51.0743446],[17.0123433,51.0738895]]]}}],"psm_processed":{"version":1,"origin":[17.010191142,51.075370766],"bridge_gap_m":50.0,"parallel_m":3.0,"junction_m":6.0,"dead_end_gap_m":25.0,"parts_before":1,"parts_after":1,"junctions_before":168,"junctions_after":132,"length_before":8809,"length_after":8409,"dead_ends_linked":2}}