{"type":"FeatureCollection","features":[{"type":"Feature","properties":{"layer":"roads"},"geometry":{"type":"LineString","coordinates":[[16.9985106,51.0812577],[16.9984712,51.0812777],[16.9984613,51.0812827],[16.9984515,51.0812877],[16.9984424,51.0812944],[16.9984334,51.0813011],[16.9984243,51.0813078],[16.9984152,51.0813144],[16.9984061,51.0813211],[16.9983971,51.0813278],[16.998388,51.0813345],[16.9983784,51.08134],[16.9983689,51.0813455],[16.9983594,51.0813509],[16.9983498,51.0813564],[16.9983396,51.0813622],[16.9983293,51.0813681],[16.9983191,51.0813739],[16.9983089,51.0813798],[16.9982996,51.0813865],[16.9982903,51.0813933],[16.998281,51.0814],[16.9982718,51.0814068],[16.9982625,51.0814135],[16.9982532,51.0814203],[16.9982439,51.081427],[16.9982346,51.0814337],[16.9982253,51.0814405],[16.998216,51.0814472],[16.9982067,51.081454],[16.9981975,51.0814607],[16.9981882,51.0814675],[16.9981789,51.0814742],[16.9981696,51.0814809],[16.9981603,51.0814877],[16.998151,51.0814944],[16.9981417,51.0815012],[16.9981324,51.0815079],[16.9981232,51.0815147],[16.9981139,51.0815214],[16.9981046,51.0815282],[16.9980953,51.0815349],[16.998086,51.0815416],[16.9980767,51.0815484],[16.9980674,51.0815551],[16.9980581,51.0815619],[16.9980488,51.0815686],[16.9980396,51.0815754],[16.9980303,51.0815821],[16.998021,51.0815888],[16.9980117,51.0815956],[16.9980024,51.0816023],[16.9979931,51.0816091],[16.9979838,51.0816158],[16.9979746,51.0816226],[16.9979653,51.0816293],[16.997956,51.081636],[16.9979467,51.0816428],[16.9979374,51.0816495],[16.9979281,51.0816563],[16.9979188,51.081663],[16.9979095,51.0816698],[16.9979003,51.0816765],[16.997891,51.0816832],[16.9978817,51.08169],[16.9978724,51.0816967],[16.9978631,51.0817035],[16.9978538,51.0817102],[16.9978445,51.081717],[16.9978352,51.0817237],[16.9978259,51.0817305],[16.9978167,51.0817372],[16.9978074,51.0817439],[16.9977981,51.0817507],[16.9977888,51.0817574],[16.9977795,51.0817642],[16.9977702,51.0817709],[16.9977609,51.0817777],[16.9977517,51.0817844],[16.9977424,51.0817911],[16.9977331,51.0817979],[16.9977238,51.0818046],[16.9977145,51.0818114],[16.9977052,51.0818181],[16.9976959,51.0818249],[16.9976866,51.0818316],[16.9976774,51.0818383],[16.9976681,51.0818451],[16.9976588,51.0818518],[16.9976495,51.0818586],[16.9976402,51.0818653],[16.9976309,51.0818721],[16.9976216,51.0818788],[16.9976123,51.0818855],[16.9976031,51.0818923],[16.9975938,51.081899],[16.9975845,51.0819058],[16.9975752,51.0819125],[16.9975659,51.0819193],[16.9975566,51.081926],[16.9975473,51.0819327],[16.997538,51.0819395],[16.9975288,51.0819462],[16.9975195,51.081953],[16.9975102,51.0819597],[16.9975009,51.0819665],[16.9974916,51.0819732],[16.9974823,51.08198],[16.997473,51.0819867],[16.9974637,51.0819934],[16.9974544,51.0820002],[16.9974452,51.0820069],[16.9974359,51.0820137],[16.9974266,51.0820204],[16.9974173,51.0820272],[16.997408,51.0820339],[16.9973987,51.0820406],[16.9973894,51.0820474],[16.9973802,51.0820541],[16.9973709,51.0820609],[16.9973616,51.0820676],[16.9973523,51.0820744],[16.997343,51.0820811],[16.9973332,51.0820876],[16.9973234,51.082094],[16.9973136,51.0821005],[16.9973038,51.082107],[16.997294,51.0821134],[16.9972841,51.0821199],[16.9972743,51.0821264],[16.9972645,51.0821328],[16.9972547,51.0821393],[16.9972449,51.0821458],[16.9972351,51.0821523],[16.9972253,51.0821587],[16.9972155,51.0821652],[16.9972057,51.0821717],[16.9971959,51.0821781],[16.9971861,51.0821846],[16.9971763,51.0821911],[16.9971664,51.0821975],[16.9971566,51.082204],[16.9971468,51.0822105],[16.997137,51.0822169],[16.9971272,51.0822234],[16.9971174,51.0822299],[16.9971076,51.0822363],[16.9970978,51.0822428],[16.997088,51.0822493],[16.9970782,51.0822557],[16.9970684,51.0822622],[16.9970586,51.0822687],[16.9970487,51.0822752],[16.9970389,51.0822816],[16.9970291,51.0822881],[16.9970193,51.0822946],[16.9970095,51.082301],[16.9969997,51.0823075],[16.9969899,51.082314],[16.9969801,51.0823204],[16.9969703,51.0823269],[16.9969605,51.0823334],[16.9969507,51.0823398],[16.9969409,51.0823463],[16.996931,51.0823528],[16.9969212,51.0823592],[16.9969114,51.0823657],[16.9969016,51.0823722],[16.9968918,51.0823786],[16.996882,51.0823851],[16.9968722,51.0823916],[16.9968624,51.0823981],[16.9968526,51.0824045],[16.9968428,51.082411],[16.996833,51.0824175],[16.9968232,51.0824239],[16.9968133,51.0824304],[16.9968035,51.0824369],[16.9967937,51.0824433],[16.9967839,51.0824498],[16.9967741,51.0824563],[16.9967643,51.0824627],[16.9967545,51.0824692],[16.9967447,51.0824757],[16.9967349,51.0824821],[16.9967251,51.0824886],[16.9967153,51.0824951],[16.9967055,51.0825016],[16.9966956,51.082508],[16.9966858,51.0825145],[16.996676,51.082521],[16.9966662,51.0825274],[16.9966564,51.0825339],[16.9966466,51.0825404],[16.9966368,51.0825468],[16.996627,51.0825533],[16.9966172,51.0825598],[16.9966074,51.0825662],[16.9965976,51.0825727],[16.9965877,51.0825792],[16.9965779,51.0825856],[16.9965681,51.0825921],[16.9965583,51.0825986],[16.9965485,51.082605],[16.9965387,51.0826115],[16.9965289,51.082618],[16.9965191,51.0826245],[16.9965093,51.0826309],[16.9964995,51.0826374],[16.9964897,51.0826439],[16.9964799,51.0826503],[16.99647,51.0826568],[16.9964602,51.0826633],[16.9964504,51.0826697],[16.9964406,51.0826762],[16.9964308,51.0826827],[16.996421,51.0826891],[16.9964112,51.0826956],[16.9964014,51.0827021],[16.9963916,51.0827085],[16.9963818,51.082715],[16.996372,51.0827215],[16.9963622,51.0827279],[16.9963523,51.0827344],[16.9963425,51.0827409],[16.9963327,51.0827474],[16.9963229,51.0827538],[16.9963131,51.0827603],[16.9963033,51.0827668],[16.9962935,51.0827732],[16.9962837,51.0827797],[16.9962739,51.0827862],[16.9962641,51.0827926],[16.9962543,51.0827991],[16.9962445,51.0828056],[16.9962346,51.082812],[16.9962248,51.0828185],[16.996215,51.082825],[16.9962052,51.0828314],[16.9961954,51.0828379],[16.9961856,51.0828444],[16.9961758,51.0828508],[16.996166,51.0828573],[16.9961562,51.0828638],[16.9961464,51.0828703],[16.9961366,51.0828767],[16.9961268,51.0828832],[16.9961169,51.0828897],[16.9961071,51.0828961],[16.9960973,51.0829026],[16.9960875,51.0829091],[16.9960777,51.0829155],[16.9960679,51.082922],[16.9960603,51.0829295],[16.9960527,51.082937],[16.9960452,51.0829446],[16.9960376,51.0829521],[16.99603,51.0829596],[16.9960224,51.0829671],[16.9960149,51.0829746],[16.9960073,51.0829822],[16.9959997,51.0829897],[16.9959921,51.0829972],[16.9959846,51.0830047],[16.995977,51.0830123],[16.9959694,51.0830198],[16.9959618,51.0830273],[16.9959543,51.0830348],[16.9959467,51.0830423],[16.9959391,51.0830499],[16.9959315,51.0830574],[16.9959239,51.0830649],[16.9959164,51.0830724],[16.9959088,51.0830799],[16.9959012,51.0830875],[16.9958936,51.083095],[16.9958861,51.0831025],[16.9958785,51.08311],[16.9958709,51.0831175],[16.9958633,51.0831251],[16.9958558,51.0831326],[16.9958482,51.0831401],[16.9958406,51.0831476],[16.995833,51.0831552],[16.9958255,51.0831627],[16.9958179,51.0831702],[16.9958103,51.0831777],[16.9958027,51.0831852],[16.9957952,51.0831928],[16.9957876,51.0832003],[16.99578,51.0832078],[16.9957732,51.0832151],[16.9957664,51.0832224],[16.9957596,51.0832297],[16.9957528,51.083237],[16.995746,51.0832443],[16.9957393,51.0832515],[16.9957325,51.0832588],[16.9957257,51.0832661],[16.9957189,51.0832734],[16.9957121,51.0832807],[16.9957053,51.083288],[16.9956995,51.0832961],[16.9956937,51.0833042],[16.9956879,51.0833124],[16.995682,51.0833205],[16.9956762,51.0833286],[16.9956704,51.0833367],[16.9956646,51.0833449],[16.9956588,51.083353],[16.995653,51.0833611],[16.9956472,51.0833692],[16.9956413,51.0833773],[16.9956355,51.0833855],[16.9956297,51.0833936],[16.9956239,51.0834017],[16.9956181,51.0834098],[16.9956123,51.0834179],[16.9956065,51.0834261],[16.9956006,51.0834342],[16.9955948,51.0834423],[16.995589,51.0834504],[16.9955832,51.0834586],[16.9955774,51.0834667],[16.9955716,51.0834748],[16.9955658,51.0834829],[16.9955599,51.083491],[16.9955541,51.0834992],[16.9955483,51.0835073],[16.9955425,51.0835154],[16.9955367,51.0835235],[16.9955309,51.0835316],[16.9955251,51.0835398],[16.9955192,51.0835479],[16.9955134,51.083556],[16.9955076,51.0835641],[16.9955018,51.0835723],[16.995496,51.0835804],[16.9954902,51.0835885],[16.9954844,51.0835966],[16.9954785,51.0836047],[16.9954727,51.0836129],[16.9954669,51.083621],[16.9954611,51.0836291],[16.9954553,51.0836372],[16.9954495,51.0836453],[16.9954437,51.0836535],[16.9954378,51.0836616],[16.995432,51.0836697],[16.9954262,51.0836778],[16.9954204,51.083686],[16.9954146,51.0836941],[16.9954088,51.0837022],[16.995403,51.0837103],[16.9953971,51.0837184],[16.9953913,51.0837266],[16.9953855,51.0837347],[16.9953797,51.0837428],[16.9953736,51.0837509],[16.9953676,51.083759],[16.9953615,51.0837671],[16.9953555,51.0837752],[16.9953494,51.0837833],[16.9953434,51.0837914],[16.9953373,51.0837994],[16.9953313,51.0838075],[16.9953252,51.0838156],[16.9953192,51.0838237],[16.9953131,51.0838318],[16.995307,51.0838399],[16.995301,51.083848],[16.9952949,51.0838561],[16.9952889,51.0838642],[16.9952828,51.0838723],[16.9952768,51.0838804],[16.9952707,51.0838885],[16.9952647,51.0838966],[16.9952586,51.0839046],[16.9952525,51.0839127],[16.9952465,51.0839208],[16.9952404,51.0839289],[16.9952344,51.083937],[16.9952283,51.0839451],[16.9952223,51.0839532],[16.9952162,51.0839613],[16.9952102,51.0839694],[16.9952041,51.0839775],[16.9951981,51.0839856],[16.995192,51.0839937],[16.9951859,51.0840017],[16.9951799,51.0840098],[16.9951738,51.0840179],[16.9951678,51.084026],[16.9951617,51.0840341],[16.9951557,51.0840422],[16.9951496,51.0840503],[16.9951436,51.0840584],[16.9951375,51.0840665],[16.9951314,51.0840746],[16.9951254,51.0840827],[16.9951193,51.0840908],[16.9951133,51.0840989],[16.9951072,51.0841069],[16.9951012,51.084115],[16.9950951,51.0841231],[16.9950891,51.0841312],[16.995083,51.0841393],[16.995077,51.0841474],[16.9950709,51.0841555],[16.995064,51.084163],[16.9950571,51.0841706],[16.9950502,51.0841781],[16.9950433,51.0841856],[16.9950365,51.0841931],[16.9950296,51.0842007],[16.9950227,51.0842082],[16.9950158,51.0842157],[16.9950089,51.0842233],[16.995002,51.0842308],[16.9949951,51.0842383],[16.9949882,51.0842459],[16.9949814,51.0842534],[16.9949745,51.0842609],[16.9949676,51.0842684],[16.9949607,51.084276],[16.9949538,51.0842835],[16.9949457,51.0842901],[16.9949375,51.0842966],[16.9949294,51.0843032],[16.9949213,51.0843098],[16.9949131,51.0843164],[16.994905,51.084323],[16.9948969,51.0843295],[16.9948887,51.0843361],[16.9948806,51.0843427],[16.9948725,51.0843493],[16.9948643,51.0843558],[16.9948562,51.0843624],[16.9948463,51.0843684],[16.9948365,51.0843744],[16.9948266,51.0843804],[16.9948167,51.0843864],[16.9948069,51.0843924],[16.994797,51.0843984],[16.9947872,51.0844044],[16.9947773,51.0844104],[16.9947674,51.0844164],[16.9947576,51.0844225],[16.9947477,51.0844285],[16.9947378,51.0844345],[16.994728,51.0844405],[16.9947181,51.0844465],[16.9947083,51.0844525],[16.9946984,51.0844585],[16.9946885,51.0844645],[16.9946787,51.0844705],[16.9946688,51.0844765],[16.994658,51.0844821],[16.9946473,51.0844877],[16.9946365,51.0844933],[16.9946258,51.0844989],[16.9946151,51.0845045],[16.9946043,51.0845101],[16.9945935,51.0845157],[16.9945828,51.0845213],[16.994572,51.0845269],[16.9945613,51.0845324],[16.9945505,51.084538],[16.9945398,51.0845436],[16.9945291,51.0845492],[16.9945183,51.0845548],[16.9945075,51.0845604],[16.9944968,51.084566],[16.994486,51.0845716],[16.9944753,51.0845772],[16.9944646,51.0845828],[16.9944538,51.0845884],[16.9944436,51.0845945],[16.9944333,51.0846006],[16.9944231,51.0846067],[16.9944128,51.0846128],[16.9944026,51.0846189],[16.9943924,51.084625],[16.9943821,51.0846311],[16.9943719,51.0846372],[16.9943617,51.0846433],[16.9943514,51.0846494],[16.9943412,51.0846555],[16.9943309,51.0846616],[16.9943207,51.0846677],[16.9943105,51.0846738],[16.9943002,51.0846799],[16.99429,51.084686],[16.9942793,51.0846915],[16.9942686,51.084697],[16.9942579,51.0847025],[16.9942473,51.084708],[16.9942366,51.0847136],[16.9942259,51.0847191],[16.9942152,51.0847246],[16.9942045,51.0847301],[16.9941939,51.0847356],[16.9941832,51.0847411],[16.9941725,51.0847466],[16.9941618,51.0847521],[16.9941511,51.0847576],[16.9941404,51.0847632],[16.9941298,51.0847687],[16.9941191,51.0847742],[16.9941084,51.0847797],[16.9940977,51.0847852],[16.9940852,51.0847893],[16.9940726,51.0847934],[16.9940601,51.0847975],[16.9940476,51.0848016],[16.9940351,51.0848057],[16.9940225,51.0848098],[16.99401,51.0848139],[16.9939975,51.084818],[16.993985,51.0848222],[16.9939724,51.0848263],[16.9939599,51.0848304],[16.9939474,51.0848345],[16.9939348,51.0848386],[16.9939223,51.0848427],[16.9939098,51.0848468],[16.9938973,51.0848509],[16.9938847,51.084855],[16.9938722,51.0848591],[16.9938604,51.0848637],[16.9938486,51.0848682],[16.9938367,51.0848728],[16.9938249,51.0848774],[16.9938131,51.0848819],[16.9938013,51.0848865],[16.9937894,51.0848911],[16.9937776,51.0848957],[16.9937658,51.0849002],[16.993754,51.0849048],[16.9937422,51.0849094],[16.9937303,51.0849139],[16.9937185,51.0849185],[16.9937067,51.0849231],[16.9936949,51.0849276],[16.9936831,51.0849322],[16.9936712,51.0849368],[16.9936594,51.0849414],[16.9936476,51.0849459],[16.9936358,51.0849505],[16.9936239,51.0849551],[16.9936121,51.0849596],[16.9936003,51.0849642],[16.9935895,51.0849699],[16.9935788,51.0849755],[16.993568,51.0849812],[16.9935573,51.0849869],[16.9935465,51.0849925],[16.9935357,51.0849982],[16.993525,51.0850039],[16.9935142,51.0850095],[16.9935035,51.0850152],[16.9934927,51.0850209],[16.9934819,51.0850265],[16.9934712,51.0850322],[16.9934604,51.0850379],[16.9934497,51.0850435],[16.9934389,51.0850492],[16.9934283,51.0850552],[16.9934178,51.0850612],[16.9934072,51.0850671],[16.9933967,51.0850731],[16.9933861,51.0850791],[16.9933756,51.085085],[16.993365,51.085091],[16.9933545,51.085097],[16.9933439,51.085103],[16.9933334,51.0851089],[16.9933228,51.0851149],[16.9933122,51.0851209],[16.9933017,51.0851269],[16.9932911,51.0851329],[16.9932806,51.0851388],[16.99327,51.0851448],[16.9932595,51.0851508],[16.9932489,51.0851567],[16.9932384,51.0851627],[16.9932278,51.0851687],[16.9932153,51.0851725],[16.9932028,51.0851763],[16.9931903,51.0851801],[16.9931778,51.0851839],[16.9931653,51.0851877],[16.9931528,51.0851916],[16.9931403,51.0851954],[16.9931278,51.0851992],[16.9931153,51.085203],[16.9931028,51.0852068],[16.9930904,51.0852106],[16.9930779,51.0852144],[16.9930654,51.0852182],[16.9930529,51.085222],[16.9930404,51.0852259],[16.9930279,51.0852297],[16.9930154,51.0852335],[16.9930029,51.0852373],[16.9929904,51.0852411],[16.9929779,51.0852449],[16.9929649,51.0852483],[16.9929518,51.0852518],[16.9929388,51.0852552],[16.9929258,51.0852586],[16.9929128,51.0852621],[16.9928997,51.0852655],[16.9928867,51.0852689],[16.9928737,51.0852724],[16.9928607,51.0852758],[16.9928476,51.0852792],[16.9928346,51.0852827],[16.9928216,51.0852861],[16.9928086,51.0852895],[16.9927955,51.085293],[16.9927825,51.0852964],[16.9927695,51.0852998],[16.9927565,51.0853033],[16.9927434,51.0853067],[16.9927304,51.0853101],[16.9927174,51.0853136],[16.9927043,51.085317],[16.9926913,51.0853205],[16.9926783,51.0853239],[16.9926653,51.0853273],[16.9926522,51.0853308],[16.9926392,51.0853342],[16.9926262,51.0853376],[16.9926132,51.0853411],[16.9926001,51.0853445],[16.9925871,51.0853479],[16.9925741,51.0853514],[16.9925611,51.0853548],[16.992548,51.0853582],[16.992535,51.0853617],[16.992522,51.0853651],[16.992509,51.0853685],[16.9924959,51.085372],[16.9924829,51.0853754],[16.9924691,51.0853774],[16.9924554,51.0853794],[16.9924416,51.0853814],[16.9924278,51.0853834],[16.9924141,51.0853854],[16.9924003,51.0853875],[16.9923865,51.0853895],[16.9923728,51.0853915],[16.992359,51.0853935],[16.9923452,51.0853955],[16.9923315,51.0853975],[16.9923177,51.0853995],[16.9923039,51.0854015],[16.9922902,51.0854035],[16.9922764,51.0854055],[16.9922626,51.0854076],[16.9922489,51.0854096],[16.9922351,51.0854116],[16.9922213,51.0854136],[16.9922076,51.0854156],[16.9921938,51.0854176],[16.99218,51.0854196],[16.9921663,51.0854216],[16.9921525,51.0854236],[16.9921387,51.0854256],[16.992125,51.0854277],[16.9921112,51.0854297],[16.9920974,51.0854317],[16.9920837,51.0854337],[16.9920699,51.0854357],[16.992057,51.0854391],[16.9920441,51.0854425],[16.9920312,51.0854458],[16.9920183,51.0854492],[16.9920054,51.0854526],[16.9919926,51.085456],[16.9919797,51.0854594],[16.9919668,51.0854628],[16.9919539,51.0854661],[16.991941,51.0854695],[16.9919281,51.0854729],[16.9919152,51.0854763],[16.9919023,51.0854797],[16.9918894,51.0854831],[16.9918765,51.0854864],[16.9918636,51.0854898],[16.9918507,51.0854932],[16.9918379,51.0854966],[16.991825,51.0855],[16.9918121,51.0855034],[16.9917992,51.0855067],[16.9917863,51.0855101],[16.9917734,51.0855135],[16.9917613,51.0855177],[16.9917492,51.0855218],[16.9917372,51.085526],[16.9917251,51.0855301],[16.991713,51.0855343],[16.9917009,51.0855384],[16.9916888,51.0855426],[16.9916767,51.0855467],[16.9916647,51.0855509],[16.9916526,51.085555],[16.9916405,51.0855592],[16.9916347,51.0855665],[16.9916289,51.0855738],[16.9916231,51.0855811],[16.9916172,51.0855883],[16.9916114,51.0855956],[16.9916056,51.0856029],[16.9915998,51.0856102],[16.9915986,51.0856189],[16.9915974,51.0856276],[16.9915962,51.0856363],[16.9915949,51.0856451],[16.9915937,51.0856538],[16.9915925,51.0856625],[16.9915913,51.0856712],[16.991591,51.0856797],[16.9915908,51.0856881],[16.9915905,51.0856966],[16.9915903,51.085705],[16.99159,51.0857135],[16.9915897,51.0857219],[16.9915895,51.0857304],[16.9915892,51.0857389],[16.991589,51.0857473],[16.9915887,51.0857558],[16.9915885,51.0857642],[16.9915882,51.0857727],[16.9915815,51.0857805],[16.9915747,51.0857884],[16.991568,51.0857962],[16.9915612,51.0858041],[16.9915545,51.0858119],[16.9915478,51.0858197],[16.991541,51.0858276],[16.9915343,51.0858354],[16.9915275,51.0858433],[16.9915208,51.0858511],[16.9915141,51.0858589],[16.9915073,51.0858668],[16.9915006,51.0858746],[16.9914938,51.0858825],[16.9914871,51.0858903],[16.9914804,51.0858981],[16.9914736,51.085906],[16.9914669,51.0859138],[16.9914601,51.0859217],[16.9914534,51.0859295],[16.9914467,51.0859373],[16.9914399,51.0859452],[16.9914332,51.085953],[16.9914264,51.0859609],[16.9914197,51.0859687],[16.9914099,51.0859736],[16.9914001,51.0859785],[16.9913902,51.0859834],[16.9913804,51.0859883],[16.9913706,51.0859932],[16.9913607,51.0859981],[16.9913509,51.086003],[16.9913411,51.0860079],[16.9913302,51.0860134],[16.9913193,51.0860188],[16.9913083,51.0860243],[16.9912974,51.0860297],[16.9912865,51.0860352],[16.9912756,51.0860406],[16.9912646,51.0860461],[16.9912537,51.0860515],[16.9912428,51.086057],[16.9912319,51.0860624],[16.9912209,51.0860679],[16.99121,51.0860733],[16.9911991,51.0860788],[16.991193,51.0860818],[16.9911869,51.0860849],[16.991178,51.0860894],[16.991169,51.0860938],[16.99116,51.0860982],[16.9911511,51.0861027],[16.9911402,51.0861071],[16.9911293,51.0861115],[16.9911184,51.0861159],[16.9911078,51.0861202],[16.9910972,51.0861244],[16.9910865,51.0861287],[16.9910759,51.086133],[16.9910641,51.0861378],[16.9910523,51.0861426],[16.9910406,51.0861475],[16.9910288,51.0861523],[16.991017,51.0861571],[16.9910052,51.0861619],[16.9909935,51.0861668],[16.9909817,51.0861716],[16.9909699,51.0861764],[16.9909581,51.0861812],[16.9909464,51.0861861],[16.9909346,51.0861909],[16.9909228,51.0861957],[16.990911,51.0862005],[16.9908992,51.0862053],[16.9908875,51.0862102],[16.9908757,51.086215],[16.9908639,51.0862198],[16.9908521,51.0862246],[16.9908404,51.0862295],[16.9908286,51.0862343],[16.9908168,51.0862391],[16.990805,51.0862439],[16.9907933,51.0862488],[16.9907815,51.0862536],[16.9907697,51.0862584],[16.9907579,51.0862632],[16.9907461,51.086268],[16.9907344,51.0862729],[16.9907226,51.0862777],[16.9907108,51.0862825],[16.990699,51.0862873],[16.9906873,51.0862922],[16.9906755,51.086297],[16.9906637,51.0863018],[16.9906519,51.0863066],[16.9906402,51.0863115],[16.9906284,51.0863163],[16.9906166,51.0863211],[16.9906048,51.0863259],[16.990593,51.0863307],[16.9905813,51.0863356],[16.9905695,51.0863404],[16.9905577,51.0863452],[16.9905459,51.08635],[16.9905342,51.0863549],[16.9905224,51.0863597],[16.9905106,51.0863645],[16.9904988,51.0863693],[16.9904871,51.0863742],[16.9904753,51.086379],[16.9904635,51.0863838],[16.9904516,51.0863886],[16.9904396,51.0863933],[16.9904277,51.0863981],[16.9904157,51.0864029],[16.9904038,51.0864076],[16.9903918,51.0864124],[16.9903799,51.0864172],[16.9903679,51.0864219],[16.990356,51.0864267],[16.990344,51.0864314],[16.9903321,51.0864362],[16.9903201,51.086441],[16.9903082,51.0864457],[16.9902962,51.0864505],[16.9902843,51.0864553],[16.9902723,51.08646],[16.9902604,51.0864648],[16.9902484,51.0864696],[16.9902365,51.0864743],[16.9902246,51.0864791],[16.9902126,51.0864839],[16.9902007,51.0864886],[16.9901887,51.0864934],[16.9901768,51.0864982],[16.9901648,51.0865029],[16.9901529,51.0865077],[16.9901409,51.0865125],[16.990129,51.0865172],[16.990117,51.086522],[16.9901051,51.0865268],[16.9900931,51.0865315],[16.9900812,51.0865363],[16.9900692,51.086541],[16.9900573,51.0865458],[16.9900453,51.0865506],[16.9900334,51.0865553],[16.9900214,51.0865601],[16.9900095,51.0865649],[16.9899975,51.0865696],[16.9899856,51.0865744],[16.9899725,51.0865776],[16.9899594,51.0865808],[16.9899463,51.086584],[16.9899332,51.0865871],[16.9899201,51.0865903],[16.989907,51.0865935],[16.9898939,51.0865967],[16.9898808,51.0865999],[16.9898677,51.0866031],[16.9898546,51.0866062],[16.9898415,51.0866094],[16.9898284,51.0866126],[16.9898153,51.0866158],[16.9898022,51.086619],[16.9897891,51.0866222],[16.989776,51.0866253],[16.9897629,51.0866285],[16.9897498,51.0866317],[16.9897367,51.0866349],[16.9897236,51.0866381],[16.9897105,51.0866412],[16.9896973,51.0866444],[16.9896842,51.0866476],[16.9896711,51.0866508],[16.989658,51.086654],[16.9896449,51.0866572],[16.9896318,51.0866604],[16.9896187,51.0866635],[16.9896056,51.0866667],[16.9895925,51.0866699],[16.9895794,51.0866731],[16.9895663,51.0866763],[16.9895532,51.0866795],[16.9895401,51.0866826],[16.989527,51.0866858],[16.9895139,51.086689],[16.9895008,51.0866922],[16.9894877,51.0866954],[16.9894746,51.0866986],[16.9894615,51.0867017],[16.9894484,51.0867049],[16.9894353,51.0867081],[16.9894218,51.0867104],[16.9894083,51.0867128],[16.9893948,51.0867151],[16.9893813,51.0867174],[16.9893678,51.0867198],[16.9893543,51.0867221],[16.9893408,51.0867244],[16.9893273,51.0867268],[16.9893138,51.0867291],[16.9893003,51.0867314],[16.9892868,51.0867338],[16.9892733,51.0867361],[16.9892598,51.0867384],[16.9892463,51.0867408],[16.9892328,51.0867431],[16.9892193,51.0867454],[16.9892058,51.0867478],[16.9891923,51.0867501],[16.9891787,51.0867524],[16.9891652,51.0867547],[16.9891517,51.0867571],[16.9891382,51.0867594],[16.9891247,51.0867617],[16.9891112,51.0867641],[16.9890977,51.0867664],[16.9890842,51.0867687],[16.9890707,51.0867711],[16.9890572,51.0867734],[16.9890437,51.0867757],[16.9890302,51.0867781],[16.9890167,51.0867804],[16.9890032,51.0867827],[16.9889897,51.0867851],[16.9889762,51.0867874],[16.9889627,51.0867897],[16.9889492,51.0867921],[16.9889357,51.0867944],[16.9889217,51.0867959],[16.9889077,51.0867975],[16.9888938,51.086799],[16.9888798,51.0868006],[16.9888658,51.0868021],[16.9888518,51.0868037],[16.9888379,51.0868052],[16.9888239,51.0868068],[16.9888099,51.0868083],[16.9887959,51.0868098],[16.988782,51.0868114],[16.988768,51.0868129],[16.988754,51.0868145],[16.98874,51.086816],[16.9887261,51.0868176],[16.9887121,51.0868191],[16.9886981,51.0868206],[16.9886841,51.0868222],[16.9886702,51.0868237],[16.9886562,51.0868253],[16.9886422,51.0868268],[16.9886282,51.0868284],[16.9886143,51.0868299],[16.9886003,51.0868315],[16.9885863,51.086833],[16.9885722,51.0868346],[16.9885581,51.0868361],[16.988544,51.0868377],[16.9885299,51.0868392],[16.9885159,51.0868408],[16.9885018,51.0868424],[16.9884877,51.0868439],[16.9884736,51.0868455],[16.9884595,51.086847],[16.9884454,51.0868486],[16.9884313,51.0868501],[16.9884172,51.0868517],[16.9884032,51.0868533],[16.9883891,51.0868548],[16.988375,51.0868564],[16.9883609,51.0868579],[16.9883468,51.0868595],[16.9883327,51.0868602],[16.9883186,51.0868609],[16.9883045,51.0868616],[16.9882904,51.0868622],[16.9882763,51.0868629],[16.9882622,51.0868636],[16.9882481,51.0868643],[16.988234,51.086865],[16.9882199,51.0868657],[16.9882058,51.0868664],[16.9881917,51.086867],[16.9881776,51.0868677],[16.9881636,51.0868684],[16.9881495,51.0868691],[16.9881354,51.0868698],[16.9881213,51.0868705],[16.9881072,51.0868712],[16.9880931,51.0868719],[16.988079,51.0868725],[16.9880649,51.0868732],[16.9880508,51.0868739],[16.9880367,51.0868746],[16.9880226,51.0868753],[16.9880085,51.086876],[16.9879944,51.0868767],[16.9879803,51.0868773],[16.9879662,51.086878],[16.9879521,51.0868787],[16.987938,51.0868794],[16.9879239,51.0868801],[16.9879098,51.0868808],[16.9878957,51.0868815],[16.9878816,51.0868821],[16.9878675,51.0868828],[16.9878534,51.0868835],[16.9878393,51.0868842],[16.9878252,51.0868849],[16.9878111,51.0868856],[16.9877971,51.0868863],[16.987783,51.086887],[16.9877689,51.0868876],[16.9877548,51.0868883],[16.9877407,51.086889],[16.9877266,51.0868897],[16.9877125,51.0868904],[16.9876984,51.0868911],[16.9876843,51.0868918],[16.9876702,51.0868924],[16.9876561,51.0868931],[16.987642,51.0868938],[16.9876279,51.0868945],[16.9876137,51.0868943],[16.9875995,51.0868942],[16.9875854,51.086894],[16.9875712,51.0868939],[16.987557,51.0868937],[16.9875429,51.0868936],[16.9875287,51.0868934],[16.9875145,51.0868933],[16.9875003,51.0868931],[16.9874861,51.086893],[16.987472,51.0868928],[16.9874578,51.0868927],[16.9874436,51.0868925],[16.9874295,51.0868924],[16.9874153,51.0868922],[16.9874011,51.0868921],[16.9873869,51.0868919],[16.9873727,51.0868918],[16.9873586,51.0868916],[16.9873444,51.0868914],[16.9873302,51.0868913],[16.9873161,51.0868911],[16.9873019,51.086891],[16.9872877,51.0868908],[16.9872735,51.0868907],[16.9872593,51.0868905],[16.9872452,51.0868904],[16.987231,51.0868902],[16.9872168,51.0868901],[16.9872027,51.0868899],[16.9871885,51.0868898],[16.9871743,51.0868896],[16.9871601,51.0868895],[16.9871459,51.0868893],[16.9871318,51.0868892],[16.9871176,51.086889],[16.9871034,51.0868889],[16.9870893,51.0868887],[16.9870751,51.0868886],[16.9870609,51.0868884],[16.9870471,51.086887],[16.9870333,51.0868855],[16.9870195,51.0868841],[16.9870057,51.0868826],[16.9869919,51.0868812],[16.9869781,51.0868798],[16.9869643,51.0868783],[16.9869505,51.0868769],[16.9869367,51.0868755],[16.9869229,51.086874],[16.9869091,51.0868726],[16.9868953,51.0868711],[16.9868815,51.0868697],[16.9868677,51.0868683],[16.9868539,51.0868668],[16.9868401,51.0868654],[16.9868263,51.0868639],[16.9868125,51.0868625],[16.9867988,51.0868611],[16.986785,51.0868596],[16.9867712,51.0868582],[16.9867574,51.0868567],[16.9867436,51.0868553],[16.9867298,51.0868539],[16.986716,51.0868524],[16.9867022,51.086851],[16.9866884,51.0868495],[16.9866746,51.0868481],[16.9866608,51.0868467],[16.986647,51.0868452],[16.9866332,51.0868438],[16.9866194,51.0868424],[16.9866056,51.0868409],[16.9865918,51.0868395],[16.986578,51.086838],[16.9865642,51.0868366],[16.9865505,51.0868341],[16.9865368,51.0868316],[16.9865231,51.086829],[16.9865093,51.0868265],[16.9864956,51.086824],[16.9864819,51.0868215],[16.9864682,51.086819],[16.9864545,51.0868164],[16.9864408,51.0868139],[16.9864271,51.0868114],[16.9864133,51.0868089],[16.9863996,51.0868064],[16.9863859,51.0868039],[16.9863722,51.0868013],[16.9863585,51.0867988],[16.9863448,51.0867963],[16.9863311,51.0867938],[16.9863173,51.0867913],[16.9863036,51.0867887],[16.9862899,51.0867862],[16.9862762,51.0867837],[16.9862631,51.0867801],[16.98625,51.0867765],[16.9862369,51.086773],[16.9862239,51.0867694],[16.9862108,51.0867658],[16.9861977,51.0867622],[16.9861846,51.0867587],[16.9861715,51.0867551],[16.9861584,51.0867515],[16.9861453,51.0867479],[16.9861323,51.0867444],[16.9861192,51.0867408],[16.9861061,51.0867372],[16.986093,51.0867336],[16.9860799,51.0867301],[16.9860668,51.0867265],[16.9860538,51.0867229],[16.9860407,51.0867193],[16.9860276,51.0867158],[16.9860145,51.0867122],[16.9860014,51.0867086],[16.9859883,51.086705],[16.9859752,51.0867014],[16.9859622,51.0866979],[16.9859491,51.0866943],[16.985936,51.0866907],[16.9859229,51.0866871],[16.9859098,51.0866836],[16.9858967,51.08668],[16.9858836,51.0866764],[16.9858706,51.0866728],[16.9858575,51.0866693],[16.9858444,51.0866657],[16.9858313,51.0866621],[16.9858182,51.0866585],[16.9858051,51.086655],[16.9857921,51.0866514],[16.985779,51.0866478],[16.9857659,51.0866442],[16.9857528,51.0866406],[16.9857397,51.0866371],[16.9857266,51.0866335],[16.9857135,51.0866299],[16.9857005,51.0866263],[16.9856874,51.0866228],[16.9856743,51.0866192],[16.9856612,51.0866156],[16.9856481,51.086612],[16.985635,51.0866085],[16.9856219,51.0866049],[16.9856089,51.0866013],[16.9855958,51.0865977],[16.9855827,51.0865942],[16.9855696,51.0865906],[16.9855565,51.086587],[16.9855434,51.0865834],[16.9855304,51.0865799],[16.9855173,51.0865763],[16.9855042,51.0865727],[16.9854911,51.0865691],[16.985478,51.0865655],[16.9854649,51.086562],[16.9854518,51.0865584],[16.9854388,51.0865548],[16.9854257,51.0865512],[16.9854126,51.0865477],[16.9853995,51.0865441],[16.9853864,51.0865405],[16.9853733,51.0865369],[16.9853602,51.0865334],[16.9853472,51.0865298],[16.9853341,51.0865262],[16.985321,51.0865226],[16.9853079,51.0865191],[16.9852948,51.0865155],[16.9852817,51.0865119],[16.9852687,51.0865083],[16.9852556,51.0865048],[16.9852425,51.0865012],[16.9852294,51.0864976],[16.9852159,51.0864947],[16.9852025,51.0864918],[16.985189,51.0864888],[16.9851756,51.0864859],[16.9851621,51.086483],[16.9851486,51.0864801],[16.9851352,51.0864771],[16.9851217,51.0864742],[16.9851082,51.0864713],[16.9850948,51.0864684],[16.9850813,51.0864654],[16.9850679,51.0864625],[16.9850544,51.0864596],[16.9850409,51.0864567],[16.9850275,51.0864537],[16.985014,51.0864508],[16.9850006,51.0864479],[16.9849871,51.086445],[16.9849736,51.086442],[16.9849602,51.0864391],[16.9849467,51.0864362],[16.9849332,51.0864333],[16.9849198,51.0864303],[16.9849063,51.0864274],[16.9848929,51.0864245],[16.9848794,51.0864216],[16.9848659,51.0864186],[16.9848525,51.0864157],[16.984839,51.0864128],[16.9848255,51.0864099],[16.9848121,51.0864069],[16.9847986,51.086404],[16.9847852,51.0864011],[16.9847717,51.0863982],[16.9847582,51.0863952],[16.9847448,51.0863923],[16.9847313,51.0863894],[16.9847179,51.0863865],[16.9847044,51.0863835],[16.9846909,51.0863806],[16.9846775,51.0863777],[16.984664,51.0863748],[16.9846505,51.0863718],[16.9846371,51.0863689],[16.9846236,51.086366],[16.9846102,51.0863631],[16.9845967,51.0863601],[16.9845832,51.0863572],[16.9845698,51.0863543],[16.9845563,51.0863514],[16.9845429,51.0863484],[16.9845294,51.0863455],[16.9845159,51.0863426],[16.9845025,51.0863397],[16.984489,51.0863367],[16.9844755,51.0863338],[16.9844621,51.0863309],[16.9844486,51.086328],[16.9844352,51.086325],[16.9844217,51.0863221],[16.9844082,51.0863192],[16.9843948,51.0863163],[16.9843813,51.0863133],[16.9843678,51.0863104],[16.9843544,51.0863075],[16.9843409,51.0863046],[16.9843275,51.0863016],[16.984314,51.0862987],[16.9843005,51.0862958],[16.9842871,51.0862929],[16.9842736,51.0862899],[16.9842602,51.086287],[16.9842467,51.0862841],[16.9842332,51.0862812],[16.9842198,51.0862782],[16.9842063,51.0862753],[16.9841928,51.0862724],[16.9841794,51.0862695],[16.9841659,51.0862665],[16.9841525,51.0862636],[16.984139,51.0862607],[16.984126,51.0862584],[16.9841131,51.0862561],[16.9841001,51.0862538],[16.9840872,51.0862515],[16.9840742,51.0862491],[16.9840613,51.0862468],[16.9840483,51.0862445],[16.9840354,51.0862422],[16.9840224,51.0862399],[16.9840103,51.0862381],[16.9839982,51.0862362],[16.983986,51.0862344],[16.9839739,51.0862325],[16.9839618,51.0862307],[16.9839537,51.0862285],[16.9839457,51.0862263],[16.9839337,51.0862241],[16.9839216,51.086222],[16.9839096,51.0862198],[16.9838976,51.0862177],[16.9838836,51.0862176],[16.9838697,51.0862174],[16.9838557,51.0862173],[16.9838425,51.0862172],[16.9838294,51.0862171],[16.9838162,51.086217],[16.983803,51.0862169],[16.9837912,51.0862156],[16.9837794,51.0862144],[16.9837677,51.0862131],[16.9837559,51.0862118],[16.9837441,51.0862106],[16.9837323,51.0862093],[16.9837183,51.0862078],[16.9837043,51.0862063],[16.9836903,51.0862048],[16.9836763,51.0862032],[16.9836623,51.0862017],[16.9836483,51.0862002],[16.9836343,51.0861987],[16.9836203,51.0861972],[16.9836063,51.0861957],[16.9835923,51.0861942],[16.9835783,51.0861927],[16.9835643,51.0861911],[16.9835503,51.0861896],[16.9835363,51.0861881],[16.9835223,51.0861866],[16.9835083,51.0861851],[16.9834941,51.0861851],[16.9834798,51.0861851],[16.9834656,51.0861852],[16.9834514,51.0861852],[16.9834371,51.0861852],[16.9834229,51.0861852],[16.9834087,51.0861853],[16.9833945,51.0861853],[16.9833802,51.0861853],[16.983366,51.0861853],[16.9833518,51.0861853],[16.9833375,51.0861854],[16.9833233,51.0861854],[16.9833091,51.0861854],[16.9832948,51.0861854],[16.9832806,51.0861854],[16.9832664,51.0861855],[16.9832522,51.0861855],[16.9832379,51.0861855],[16.9832237,51.0861855],[16.9832095,51.0861856],[16.9831952,51.0861856],[16.983181,51.0861856],[16.9831668,51.086186],[16.9831526,51.0861864],[16.9831385,51.0861869],[16.9831243,51.0861873],[16.9831101,51.0861877],[16.9830959,51.0861881],[16.9830818,51.0861885],[16.9830676,51.086189],[16.9830534,51.0861894],[16.9830392,51.0861898],[16.9830251,51.0861902],[16.9830109,51.0861906],[16.9829967,51.0861911],[16.9829825,51.0861915],[16.9829684,51.0861919],[16.9829542,51.0861923],[16.98294,51.0861927],[16.9829258,51.0861932],[16.9829116,51.0861936],[16.9828975,51.086194],[16.9828833,51.0861944],[16.9828691,51.0861949],[16.9828549,51.0861953],[16.9828408,51.0861957],[16.9828266,51.0861961],[16.9828124,51.0861965],[16.9827982,51.086197],[16.9827841,51.0861974],[16.9827699,51.0861978],[16.9827557,51.0861982],[16.9827415,51.0861986],[16.9827274,51.0861991],[16.9827132,51.0861995],[16.982699,51.0861999],[16.982685,51.0862008],[16.982671,51.0862017],[16.982657,51.0862027],[16.982643,51.0862036],[16.982629,51.0862045],[16.982615,51.0862054],[16.982601,51.0862063],[16.982587,51.0862073],[16.982573,51.0862082],[16.982559,51.0862091],[16.982545,51.08621],[16.982531,51.0862109],[16.982517,51.0862119],[16.982503,51.0862128],[16.982489,51.0862137],[16.982475,51.0862146],[16.982461,51.0862155],[16.982447,51.0862164],[16.982433,51.0862174],[16.982419,51.0862183],[16.982405,51.0862192],[16.982391,51.0862201],[16.982377,51.086221],[16.982363,51.086222],[16.982349,51.0862229],[16.982335,51.0862238],[16.982321,51.0862247],[16.982307,51.0862256],[16.982293,51.0862266],[16.982279,51.0862275],[16.982265,51.0862284],[16.982251,51.0862293],[16.982237,51.0862302],[16.982223,51.0862312],[16.98218,51.0862382]]}},{"type":"Feature","properties":{"layer":"roads"},"geometry":{"type":"LineString","coordinates":[[16.98218,51.0862382],[16.9821533,51.0862685],[16.982145,51.0862756],[16.9821366,51.0862827],[16.9821283,51.0862898],[16.98212,51.0862969],[16.9821116,51.086304],[16.9821033,51.0863111],[16.9820949,51.0863182],[16.9820866,51.0863253],[16.9820783,51.0863324],[16.9820532,51.0863537],[16.9820385,51.0863681],[16.982032,51.0863755],[16.9820078,51.0864006]]}},{"type":"Feature","properties":{"layer":"roads"},"geometry":{"type":"LineString","coordinates":[[16.98218,51.0862382],[16.9821244,51.0862369],[16.9821103,51.0862376],[16.9820962,51.0862384],[16.982082,51.0862392],[16.9820679,51.0862399],[16.9820538,51.0862407],[16.9820397,51.0862415],[16.9820256,51.0862423],[16.9820115,51.086243],[16.9819973,51.0862438],[16.9819832,51.0862446],[16.9819691,51.0862453],[16.981955,51.0862461],[16.9819409,51.0862469],[16.9819267,51.0862477],[16.9819126,51.0862484],[16.9818985,51.0862492],[16.9818854,51.0862484],[16.9818722,51.0862476],[16.9818591,51.0862468],[16.9818459,51.086246],[16.9818328,51.0862452],[16.9818196,51.0862444],[16.9817637,51.0862436]]}},{"type":"Feature","properties":{"layer":"roads"},"geometry":{"type":"LineString","coordinates":[[16.9822107,51.0894806],[16.9822251,51.089515],[16.9822287,51.0895236],[16.9822323,51.0895322],[16.9822358,51.0895408],[16.9822394,51.0895494],[16.982243,51.089558],[16.9822466,51.0895666],[16.9822502,51.0895752],[16.9822538,51.0895838],[16.9822574,51.0895924],[16.982261,51.089601],[16.9822646,51.0896096],[16.9822682,51.0896182],[16.9822718,51.0896268],[16.9822754,51.0896354],[16.982279,51.089644],[16.9822826,51.0896526],[16.9822862,51.0896612],[16.9822897,51.0896698],[16.9822933,51.0896784],[16.9822969,51.089687],[16.9823005,51.0896956],[16.9823041,51.0897042],[16.9823077,51.0897128],[16.9823113,51.0897214],[16.9823149,51.08973],[16.9823185,51.0897386],[16.9823221,51.0897472],[16.9823257,51.0897558],[16.9823293,51.0897644],[16.9823329,51.089773],[16.9823364,51.0897817],[16.98234,51.0897903],[16.9823436,51.0897989],[16.9823472,51.0898075],[16.9823508,51.0898161],[16.9823544,51.0898247],[16.982358,51.0898333],[16.9823616,51.0898419],[16.9823652,51.0898505],[16.9823688,51.0898591],[16.9823724,51.0898677],[16.982376,51.0898763],[16.9823796,51.0898849],[16.9823832,51.0898935],[16.9823867,51.0899021],[16.9823903,51.0899107],[16.9823939,51.0899193],[16.9823975,51.0899279],[16.9824011,51.0899365],[16.9824047,51.0899451],[16.9824083,51.0899537],[16.9824119,51.0899623],[16.9824155,51.0899709],[16.9824191,51.0899795],[16.9824227,51.0899881],[16.9824263,51.0899967],[16.9824299,51.0900053],[16.9824335,51.0900139],[16.9824371,51.0900225],[16.9824406,51.0900311],[16.9824442,51.0900397],[16.9824478,51.0900483],[16.9824514,51.0900569],[16.982455,51.0900655],[16.9824586,51.0900741],[16.9824668,51.0901156]]}},{"type":"Feature","properties":{"layer":"roads"},"geometry":{"type":"LineString","coordinates":[[16.9822107,51.0894806],[16.9821963,51.0894463],[16.9821927,51.0894378],[16.9821891,51.0894292],[16.9821855,51.0894206],[16.9821819,51.0894121],[16.9821783,51.0894035],[16.9821747,51.0893949],[16.9821711,51.0893864],[16.9821675,51.0893778],[16.9821639,51.0893692],[16.9821603,51.0893607],[16.9821567,51.0893521],[16.9821531,51.0893435],[16.9821495,51.089335],[16.9821459,51.0893264],[16.9821423,51.0893178],[16.9821387,51.0893093],[16.9821351,51.0893007],[16.9821315,51.0892921],[16.9821279,51.0892836],[16.9821243,51.089275],[16.9821207,51.0892664],[16.9821171,51.0892579],[16.9821135,51.0892493],[16.9821099,51.0892407],[16.9821063,51.0892322],[16.9821027,51.0892236],[16.9820992,51.089215],[16.9820956,51.0892065],[16.982092,51.0891979],[16.9820884,51.0891893],[16.9820848,51.0891808],[16.9820812,51.0891722],[16.9820776,51.0891636],[16.982074,51.0891551],[16.9820704,51.0891465],[16.9820668,51.0891379],[16.9820632,51.0891294],[16.9820596,51.0891208],[16.982056,51.0891122],[16.9820524,51.0891037],[16.9820488,51.0890951],[16.9820452,51.0890865],[16.9820416,51.089078],[16.982038,51.0890694],[16.9820344,51.0890608],[16.9820308,51.0890523],[16.9820272,51.0890437],[16.9820236,51.0890351],[16.98202,51.0890266],[16.9820164,51.089018],[16.9820128,51.0890094],[16.9820092,51.0890009],[16.9820056,51.0889923],[16.982002,51.0889837],[16.9819984,51.0889752],[16.9819948,51.0889666],[16.981991,51.088958],[16.9819872,51.0889495],[16.9819834,51.0889409],[16.9819796,51.0889324],[16.9819758,51.0889238],[16.9819721,51.0889152],[16.9819683,51.0889067],[16.9819645,51.0888981],[16.9819607,51.0888896],[16.9819569,51.088881],[16.9819531,51.0888724],[16.9819493,51.0888639],[16.9819455,51.0888553],[16.9819417,51.0888468],[16.9819379,51.0888382],[16.9819342,51.0888296],[16.9819304,51.0888211],[16.9819266,51.0888125],[16.9819228,51.088804],[16.981919,51.0887954],[16.9819152,51.0887868],[16.9819114,51.0887783],[16.9819076,51.0887697],[16.9819038,51.0887612],[16.9819001,51.0887526],[16.9818963,51.088744],[16.9818925,51.0887355],[16.9818887,51.0887269],[16.9818849,51.0887184],[16.9818811,51.0887098],[16.9818773,51.0887012],[16.9818735,51.0886927],[16.9818697,51.0886841],[16.9818659,51.0886756],[16.9818621,51.088667],[16.9818584,51.0886584],[16.9818546,51.0886499],[16.9818508,51.0886413],[16.981847,51.0886328],[16.9818432,51.0886242],[16.9818394,51.0886156],[16.9818356,51.0886071],[16.9818318,51.0885985],[16.981828,51.08859],[16.9818242,51.0885814],[16.9818205,51.0885728],[16.9818167,51.0885643],[16.9818129,51.0885557],[16.9818091,51.0885472],[16.9818053,51.0885386],[16.9818015,51.08853],[16.9817977,51.0885215],[16.9817939,51.0885129],[16.9817901,51.0885044],[16.9817864,51.0884958],[16.9817826,51.0884872],[16.9817788,51.0884787],[16.981775,51.0884701],[16.9817712,51.0884616],[16.9817421,51.0884293]]}},{"type":"Feature","properties":{"layer":"roads"},"geometry":{"type":"LineString","coordinates":[[16.9822107,51.0894806],[16.9822523,51.089474],[16.9822662,51.0894718],[16.9822801,51.0894696],[16.982294,51.0894674],[16.9823078,51.0894652],[16.9823217,51.0894629],[16.9823356,51.0894607],[16.9823495,51.0894585],[16.9823634,51.0894563],[16.9823772,51.0894541],[16.9823911,51.0894519],[16.982405,51.0894497],[16.9824189,51.0894475],[16.9824327,51.0894453],[16.9824466,51.0894431],[16.9824605,51.0894409],[16.9824744,51.0894387],[16.9824883,51.0894365],[16.9825021,51.0894343],[16.982516,51.0894321],[16.9825299,51.0894298],[16.9825438,51.0894276],[16.9825576,51.0894254],[16.9825715,51.0894232],[16.9825854,51.089421],[16.9825993,51.0894188],[16.9826132,51.0894166],[16.982627,51.0894144],[16.9826409,51.0894122],[16.9826548,51.08941],[16.9826687,51.0894078],[16.9826826,51.0894056],[16.9826964,51.0894034],[16.9827103,51.0894012],[16.9827242,51.0893989],[16.9827381,51.0893967],[16.9827519,51.0893945],[16.9827658,51.0893923],[16.9827797,51.0893901],[16.9827936,51.0893879],[16.9828075,51.0893857],[16.9828213,51.0893835],[16.9828352,51.0893813],[16.9828491,51.0893791],[16.982863,51.0893769],[16.9828768,51.0893747],[16.9828907,51.0893725],[16.9829046,51.0893703],[16.9829185,51.0893681],[16.9829324,51.0893658],[16.9829462,51.0893636],[16.9829601,51.0893614],[16.982974,51.0893592],[16.9829879,51.089357],[16.9830017,51.0893548],[16.9830156,51.0893526],[16.9830295,51.0893504],[16.9830381,51.0893492],[16.9830478,51.0893476],[16.9830574,51.0893459],[16.9830671,51.0893443],[16.9830765,51.0893429],[16.9830858,51.0893414],[16.9830952,51.08934],[16.9831031,51.0893388],[16.9831111,51.0893376],[16.9831248,51.0893355],[16.9831386,51.0893334],[16.9831523,51.0893313],[16.983166,51.0893292],[16.9831797,51.0893271],[16.9831935,51.089325],[16.9832072,51.089323],[16.9832209,51.0893209],[16.9832347,51.0893188],[16.9832484,51.0893167],[16.9832621,51.0893146],[16.9832758,51.0893125],[16.9832896,51.0893104],[16.9833033,51.0893083],[16.983317,51.0893062],[16.9833308,51.0893041],[16.9833445,51.089302],[16.9833582,51.0892999],[16.9833719,51.0892979],[16.9833857,51.0892958],[16.9833994,51.0892937],[16.9834131,51.0892916],[16.9834269,51.0892895],[16.9834406,51.0892874],[16.9834543,51.0892853],[16.983468,51.0892832],[16.9834818,51.0892811],[16.9834955,51.089279],[16.9835092,51.0892769],[16.983523,51.0892748],[16.9835367,51.0892727],[16.9835504,51.0892707],[16.9835641,51.0892686],[16.9835779,51.0892665],[16.9835916,51.0892644],[16.9836053,51.0892623],[16.9836191,51.0892602],[16.9836328,51.0892581],[16.9836465,51.089256],[16.9836602,51.0892539],[16.983674,51.0892518],[16.9836877,51.0892497],[16.9837014,51.0892476],[16.9837152,51.0892455],[16.9837289,51.0892435],[16.9837426,51.0892414],[16.9837563,51.0892393],[16.9837701,51.0892372],[16.9837838,51.0892351],[16.9837975,51.089233],[16.9838113,51.0892309],[16.983825,51.0892288],[16.9838387,51.0892267],[16.9838524,51.0892246],[16.9838662,51.0892225],[16.9838799,51.0892204],[16.9838936,51.0892184],[16.9839074,51.0892163],[16.9839211,51.0892142],[16.9839348,51.0892121],[16.9839485,51.08921],[16.9839623,51.0892079],[16.983976,51.0892058],[16.9839853,51.0892044],[16.9839953,51.0892029],[16.9840052,51.0892013],[16.9840152,51.0891998],[16.9840284,51.0891977],[16.9840415,51.0891956],[16.9840551,51.0891934],[16.9840688,51.0891912],[16.9840825,51.089189],[16.9840962,51.0891868],[16.9841099,51.0891846],[16.9841236,51.0891824],[16.9841373,51.0891802],[16.984151,51.089178],[16.9841647,51.0891758],[16.9841784,51.0891736],[16.9841921,51.0891714],[16.9842058,51.0891693],[16.9842195,51.0891671],[16.9842332,51.0891649],[16.9842469,51.0891627],[16.9842606,51.0891605],[16.9842744,51.0891583],[16.9842881,51.0891561],[16.9843018,51.0891539],[16.9843155,51.0891517],[16.9843292,51.0891495],[16.9843429,51.0891473],[16.9843566,51.0891451],[16.9843703,51.0891429],[16.984384,51.0891407],[16.9843977,51.0891385],[16.9844114,51.0891363],[16.9844251,51.0891341],[16.9844388,51.0891319],[16.9844525,51.0891297],[16.9844662,51.0891275],[16.9844799,51.0891253],[16.9844936,51.0891232],[16.9845073,51.089121],[16.984521,51.0891188],[16.9845347,51.0891166],[16.9845484,51.0891144],[16.9845621,51.0891122],[16.9845758,51.08911],[16.9845895,51.0891078],[16.9846032,51.0891056],[16.9846169,51.0891034],[16.9846306,51.0891012],[16.9846443,51.089099],[16.984658,51.0890968],[16.9846717,51.0890946],[16.9846854,51.0890924],[16.9846991,51.0890902],[16.9847129,51.089088],[16.9847266,51.0890858],[16.9847403,51.0890836],[16.984754,51.0890814],[16.9847677,51.0890792],[16.9847814,51.0890771],[16.9847951,51.0890749],[16.9848088,51.0890727],[16.9848225,51.0890705],[16.9848362,51.0890683],[16.9848499,51.0890661],[16.9848636,51.0890639],[16.9848773,51.0890617],[16.984891,51.0890595],[16.9849047,51.0890573],[16.9849184,51.0890551],[16.9849299,51.0890533],[16.9849414,51.0890514],[16.984953,51.0890496],[16.9849645,51.0890477],[16.984976,51.0890459],[16.9849896,51.0890437],[16.9850033,51.0890416],[16.9850169,51.0890394],[16.9850283,51.0890375],[16.9850398,51.0890356],[16.9850512,51.0890337],[16.9850649,51.0890314],[16.9850786,51.0890291],[16.9850923,51.0890269],[16.985106,51.0890246],[16.9851197,51.0890223],[16.9851333,51.08902],[16.985147,51.0890177],[16.9851606,51.0890155],[16.9851743,51.0890132],[16.9851879,51.0890109],[16.9852016,51.0890086],[16.9852152,51.0890064],[16.9852289,51.0890041],[16.9852425,51.0890018],[16.9852562,51.0889995],[16.9852698,51.0889973],[16.9852835,51.088995],[16.9852971,51.0889927],[16.9853108,51.0889904],[16.9853244,51.0889882],[16.9853381,51.0889859],[16.9853517,51.0889836],[16.9853653,51.0889813],[16.985379,51.088979],[16.9853926,51.0889768],[16.9854063,51.0889745],[16.9854199,51.0889722],[16.9854336,51.0889699],[16.9854472,51.0889677],[16.9854609,51.0889654],[16.9854745,51.0889631],[16.9854882,51.0889608],[16.9855018,51.0889586],[16.9855155,51.0889563],[16.9855291,51.088954],[16.9855428,51.0889517],[16.9855564,51.0889495],[16.9855701,51.0889472],[16.9855837,51.0889449],[16.9855974,51.0889426],[16.985611,51.0889404],[16.9856246,51.0889381],[16.9856383,51.0889358],[16.9856519,51.0889335],[16.9856656,51.0889312],[16.9856792,51.088929],[16.9856929,51.0889267],[16.9857065,51.0889244],[16.9857202,51.0889221],[16.9857338,51.0889199],[16.9857475,51.0889176],[16.9857611,51.0889153],[16.9857748,51.088913],[16.9857884,51.0889108],[16.9858021,51.0889085],[16.9858157,51.0889062],[16.9858294,51.0889039],[16.985843,51.0889017],[16.9858566,51.0888994],[16.9858703,51.0888971],[16.9858839,51.0888948],[16.9858976,51.0888925],[16.9859112,51.0888903],[16.9859249,51.088888],[16.9859385,51.0888857],[16.9859522,51.0888834],[16.9859658,51.0888812],[16.9859795,51.0888789],[16.9859931,51.0888766],[16.9860068,51.0888743],[16.9860204,51.0888721],[16.9860341,51.0888698],[16.9860477,51.0888675],[16.9860614,51.0888652],[16.986075,51.088863],[16.9860887,51.0888607],[16.9861023,51.0888584],[16.9861093,51.0888573],[16.986119,51.0888557],[16.9861288,51.088854],[16.9861385,51.0888524],[16.986149,51.0888507],[16.9861596,51.0888491],[16.9861701,51.0888474],[16.9861778,51.0888462],[16.9861856,51.088845],[16.9861994,51.0888428],[16.9862131,51.0888407],[16.9862269,51.0888385],[16.9862407,51.0888364],[16.9862544,51.0888342],[16.9862682,51.088832],[16.986282,51.0888299],[16.9862957,51.0888277],[16.9863095,51.0888256],[16.9863233,51.0888234],[16.986337,51.0888212],[16.9863508,51.0888191],[16.9863646,51.0888169],[16.9863784,51.0888148],[16.9863921,51.0888126],[16.9864059,51.0888104],[16.9864197,51.0888083],[16.9864334,51.0888061],[16.9864472,51.0888039],[16.986461,51.0888018],[16.9864747,51.0887996],[16.9864885,51.0887975],[16.9865023,51.0887953],[16.986516,51.0887931],[16.9865298,51.088791],[16.9865436,51.0887888],[16.9865573,51.0887867],[16.9865711,51.0887845],[16.9865849,51.0887823],[16.9865986,51.0887802],[16.9866124,51.088778],[16.9866262,51.0887759],[16.9866399,51.0887737],[16.9866537,51.0887715],[16.9866675,51.0887694],[16.9866813,51.0887672],[16.986695,51.0887651],[16.9867088,51.0887629],[16.9867226,51.0887607],[16.9867363,51.0887586],[16.9867501,51.0887564],[16.9867639,51.0887543],[16.9867776,51.0887521],[16.9867914,51.0887499],[16.9868052,51.0887478],[16.9868189,51.0887456],[16.9868327,51.0887435],[16.9868465,51.0887413],[16.9868602,51.0887391],[16.986874,51.088737],[16.9868878,51.0887348],[16.9869015,51.0887326],[16.9869153,51.0887305],[16.9869291,51.0887283],[16.9869428,51.0887262],[16.9869566,51.088724],[16.9869704,51.0887218],[16.9869842,51.0887197],[16.9869979,51.0887175],[16.9870117,51.0887154],[16.9870255,51.0887132],[16.9870392,51.088711],[16.987053,51.0887089],[16.9870668,51.0887067],[16.9870805,51.0887046],[16.9870943,51.0887024],[16.987106,51.0887006],[16.9871178,51.0886989],[16.9871295,51.0886971],[16.9871412,51.0886953],[16.987153,51.0886936],[16.9871647,51.0886918],[16.987174,51.0886904],[16.987185,51.0886888],[16.9871959,51.0886871],[16.9872069,51.0886855],[16.9872165,51.0886839],[16.9872261,51.0886823],[16.9872357,51.0886807],[16.9872477,51.0886787],[16.9872614,51.0886764],[16.9872751,51.0886741],[16.9872888,51.0886719],[16.9873026,51.0886696],[16.9873163,51.0886673],[16.98733,51.088665],[16.9873437,51.0886627],[16.9873574,51.0886605],[16.9873711,51.0886582],[16.9873848,51.0886559],[16.9873986,51.0886536],[16.9874123,51.0886514],[16.987426,51.0886491],[16.9874397,51.0886468],[16.9874534,51.0886445],[16.9874671,51.0886422],[16.9874808,51.08864],[16.9874946,51.0886377],[16.9875083,51.0886354],[16.987522,51.0886331],[16.9875357,51.0886308],[16.9875494,51.0886286],[16.9875631,51.0886263],[16.9875768,51.088624],[16.9875905,51.0886217],[16.9876043,51.0886194],[16.987618,51.0886172],[16.9876317,51.0886149],[16.9876454,51.0886126],[16.9876591,51.0886103],[16.9876728,51.088608],[16.9876865,51.0886058],[16.9877003,51.0886035],[16.987714,51.0886012],[16.9877277,51.0885989],[16.9877414,51.0885967],[16.9877551,51.0885944],[16.9877688,51.0885921],[16.9877825,51.0885898],[16.9877963,51.0885875],[16.98781,51.0885853],[16.9878237,51.088583],[16.9878374,51.0885807],[16.9878511,51.0885784],[16.9878648,51.0885761],[16.9878785,51.0885739],[16.9878923,51.0885716],[16.987906,51.0885693],[16.9879197,51.088567],[16.9879334,51.0885647],[16.9879471,51.0885625],[16.9879608,51.0885602],[16.9879745,51.0885579],[16.9879883,51.0885556],[16.988002,51.0885534],[16.9880157,51.0885511],[16.9880294,51.0885488],[16.9880431,51.0885465],[16.9880568,51.0885442],[16.9880705,51.088542],[16.9880843,51.0885397],[16.988098,51.0885374],[16.9881117,51.0885351],[16.9881254,51.0885328],[16.9881391,51.0885306],[16.9881528,51.0885283],[16.9881665,51.088526],[16.9881802,51.0885237],[16.988194,51.0885214],[16.9882077,51.0885192],[16.9882214,51.0885169],[16.9882351,51.0885146],[16.9882488,51.0885123],[16.9882625,51.08851],[16.9882762,51.0885078],[16.98829,51.0885055],[16.9883037,51.0885032],[16.9883174,51.0885009],[16.9883311,51.0884987],[16.9883448,51.0884964],[16.9883585,51.0884941],[16.9883722,51.0884918],[16.988386,51.0884895],[16.9883997,51.0884873],[16.9884134,51.088485],[16.9884271,51.0884827],[16.9884366,51.0884811],[16.9884468,51.0884794],[16.9884569,51.0884777],[16.9884671,51.088476],[16.9884777,51.0884742],[16.9884883,51.0884723],[16.9884989,51.0884705],[16.9885094,51.0884687],[16.9885231,51.0884663],[16.9885367,51.088464],[16.9885504,51.0884616],[16.9885641,51.0884592],[16.9885777,51.0884568],[16.9885914,51.0884545],[16.9886051,51.0884521],[16.9886187,51.0884497],[16.9886324,51.0884474],[16.988646,51.088445],[16.9886597,51.0884426],[16.9886734,51.0884403],[16.988687,51.0884379],[16.9887007,51.0884355],[16.9887144,51.0884331],[16.988728,51.0884308],[16.9887417,51.0884284],[16.9887554,51.088426],[16.988769,51.0884237],[16.9887827,51.0884213],[16.9887964,51.0884189],[16.98881,51.0884166],[16.9888237,51.0884142],[16.9888374,51.0884118],[16.988851,51.0884094],[16.9888647,51.0884071],[16.9888784,51.0884047],[16.988892,51.0884023],[16.9889057,51.0884],[16.9889193,51.0883976],[16.988933,51.0883952],[16.9889467,51.0883929],[16.9889603,51.0883905],[16.988974,51.0883881],[16.9889877,51.0883857],[16.9890013,51.0883834],[16.989015,51.088381],[16.9890287,51.0883786],[16.9890423,51.0883763],[16.989056,51.0883739],[16.9890697,51.0883715],[16.9890833,51.0883691],[16.989097,51.0883668],[16.9891107,51.0883644],[16.9891243,51.088362],[16.989138,51.0883597],[16.9891516,51.0883573],[16.9891653,51.0883549],[16.989179,51.0883526],[16.9891926,51.0883502],[16.9892063,51.0883478],[16.98922,51.0883454],[16.9892336,51.0883431],[16.9892473,51.0883407],[16.989261,51.0883383],[16.9892746,51.088336],[16.9892883,51.0883336],[16.989302,51.0883312],[16.9893156,51.0883289],[16.9893293,51.0883265],[16.989343,51.0883241],[16.9893566,51.0883217],[16.9893703,51.0883194],[16.989384,51.088317],[16.9893976,51.0883146],[16.9894113,51.0883123],[16.9894249,51.0883099],[16.9894386,51.0883075],[16.9894523,51.0883052],[16.9894659,51.0883028],[16.9894796,51.0883004],[16.9894933,51.088298],[16.9895069,51.0882957],[16.9895206,51.0882933],[16.9895326,51.0882912],[16.9895444,51.0882892],[16.9895561,51.0882871],[16.9895679,51.0882851],[16.9895809,51.0882828],[16.9895938,51.0882806],[16.9896055,51.0882785],[16.9896192,51.0882761],[16.9896329,51.0882737],[16.9896466,51.0882713],[16.9896604,51.0882689],[16.9896741,51.0882665],[16.9896878,51.0882642],[16.9897015,51.0882618],[16.9897152,51.0882594],[16.9897289,51.088257],[16.9897426,51.0882546],[16.9897563,51.0882522],[16.9897701,51.0882498],[16.9897838,51.0882474],[16.9897975,51.088245],[16.9898112,51.0882426],[16.9898249,51.0882402],[16.9898386,51.0882379],[16.9898523,51.0882355],[16.989866,51.0882331],[16.9898798,51.0882307],[16.9898935,51.0882283],[16.9899072,51.0882259],[16.9899209,51.0882235],[16.9899346,51.0882211],[16.9899483,51.0882187],[16.989962,51.0882163],[16.9899758,51.0882139],[16.9899895,51.0882116],[16.9900032,51.0882092],[16.9900169,51.0882068],[16.9900306,51.0882044],[16.9900443,51.088202],[16.990058,51.0881996],[16.9900717,51.0881972],[16.9900855,51.0881948],[16.9900992,51.0881924],[16.9901129,51.08819],[16.9901266,51.0881876],[16.9901403,51.0881853],[16.990154,51.0881829],[16.9901677,51.0881805],[16.9901814,51.0881781],[16.9901952,51.0881757],[16.9902089,51.0881733],[16.9902226,51.0881709],[16.9902363,51.0881685],[16.99025,51.0881661],[16.9902637,51.0881637],[16.9902774,51.0881613],[16.9902911,51.088159],[16.9903049,51.0881566],[16.9903186,51.0881542],[16.9903323,51.0881518],[16.990346,51.0881494],[16.9903597,51.088147],[16.9903734,51.0881446],[16.9903871,51.0881422],[16.9904009,51.0881398],[16.9904146,51.0881374],[16.9904283,51.088135],[16.990442,51.0881327],[16.9904557,51.0881303],[16.9904694,51.0881279],[16.9904831,51.0881255],[16.9904968,51.0881231],[16.9905106,51.0881207],[16.9905243,51.0881183],[16.990538,51.0881159],[16.9905517,51.0881135],[16.9905654,51.0881111],[16.9905791,51.0881087],[16.9905928,51.0881064],[16.9906065,51.088104],[16.9906203,51.0881016],[16.990634,51.0880992],[16.9906477,51.0880968],[16.9906614,51.0880944],[16.9906743,51.0880921],[16.9906877,51.0880897],[16.9907012,51.0880874],[16.990712,51.0880857],[16.9907228,51.088084],[16.9907336,51.0880823],[16.9907461,51.0880803],[16.9907598,51.0880781],[16.9907736,51.0880758],[16.9907873,51.0880736],[16.9908011,51.0880713],[16.9908148,51.0880691],[16.9908285,51.0880668],[16.9908423,51.0880646],[16.990856,51.0880624],[16.9908697,51.0880601],[16.9908835,51.0880579],[16.9908972,51.0880556],[16.990911,51.0880534],[16.9909247,51.0880511],[16.9909384,51.0880489],[16.9909522,51.0880466],[16.9909659,51.0880444],[16.9909797,51.0880422],[16.9909934,51.0880399],[16.9910071,51.0880377],[16.9910209,51.0880354],[16.9910346,51.0880332],[16.9910483,51.0880309],[16.9910621,51.0880287],[16.9910758,51.0880265],[16.9910896,51.0880242],[16.9911033,51.088022],[16.991117,51.0880197],[16.9911308,51.0880175],[16.9911445,51.0880152],[16.9911583,51.088013],[16.991172,51.0880107],[16.9911857,51.0880085],[16.9911995,51.0880063],[16.9912132,51.088004],[16.9912269,51.0880018],[16.9912407,51.0879995],[16.9912544,51.0879973],[16.9912682,51.087995],[16.9912819,51.0879928],[16.9912956,51.0879906],[16.9913094,51.0879883],[16.9913231,51.0879861],[16.9913369,51.0879838],[16.9913506,51.0879816],[16.9913643,51.0879793],[16.9913781,51.0879771],[16.9913918,51.0879749],[16.9914055,51.0879726],[16.9914193,51.0879704],[16.991433,51.0879681],[16.9914468,51.0879659],[16.9914605,51.0879636],[16.9914742,51.0879614],[16.991488,51.0879591],[16.9915017,51.0879569],[16.9915155,51.0879547],[16.9915292,51.0879524],[16.9915429,51.0879502],[16.9915567,51.0879479],[16.9915704,51.0879457],[16.9915841,51.0879434],[16.9915979,51.0879412],[16.9916116,51.087939],[16.9916254,51.0879367],[16.9916391,51.0879345],[16.9916528,51.0879322],[16.9916666,51.08793],[16.9916803,51.0879277],[16.9916941,51.0879255],[16.9917078,51.0879232],[16.9917215,51.087921],[16.9917353,51.0879188],[16.991749,51.0879165],[16.9917627,51.0879143],[16.9917765,51.087912],[16.9917902,51.0879098],[16.991804,51.0879075],[16.9918177,51.0879053],[16.9918302,51.0879033],[16.9918427,51.0879014],[16.9918553,51.0878994],[16.9918678,51.0878974],[16.9919098,51.0878902]]}},{"type":"Feature","properties":{"layer":"roads"},"geometry":{"type":"LineString","coordinates":[[16.9783438,51.0811321],[16.9782884,51.0811401],[16.9782751,51.0811432],[16.9782619,51.0811463],[16.9782486,51.0811494],[16.9782353,51.0811525],[16.9782221,51.0811556],[16.9782088,51.0811587],[16.9781956,51.0811618],[16.9781823,51.0811649],[16.978169,51.081168],[16.9781558,51.0811711],[16.9781425,51.0811742],[16.9781292,51.0811773],[16.978116,51.0811804],[16.9781027,51.0811835],[16.9780894,51.0811866],[16.9780762,51.0811897],[16.9780629,51.0811928],[16.9780496,51.0811959],[16.9780364,51.081199],[16.9780231,51.0812021],[16.9780099,51.0812052],[16.9779966,51.0812083],[16.9779833,51.0812114],[16.9779701,51.0812145],[16.9779568,51.0812176],[16.9779435,51.0812207],[16.9779303,51.0812238],[16.977917,51.0812269],[16.9779035,51.0812299],[16.97789,51.0812329],[16.9778765,51.0812358],[16.977863,51.0812388],[16.9778495,51.0812418],[16.977836,51.0812448],[16.9778225,51.0812477],[16.977809,51.0812507],[16.9777955,51.0812537],[16.977782,51.0812567],[16.9777685,51.0812597],[16.977755,51.0812626],[16.9777415,51.0812656],[16.977728,51.0812686],[16.9777145,51.0812716],[16.977701,51.0812745],[16.9776875,51.0812775],[16.977674,51.0812805],[16.9776605,51.0812835],[16.977647,51.0812865],[16.9776335,51.0812894],[16.97762,51.0812924],[16.9776065,51.0812954],[16.977593,51.0812984],[16.9775795,51.0813013],[16.977566,51.0813043],[16.9775525,51.0813073],[16.977539,51.0813103],[16.9775255,51.0813133],[16.977512,51.0813162],[16.9774985,51.0813192],[16.977485,51.0813222],[16.9774715,51.0813252],[16.977458,51.0813282],[16.9774445,51.0813311],[16.977431,51.0813341],[16.9774175,51.0813371],[16.977404,51.0813401],[16.9773905,51.081343],[16.977377,51.081346],[16.9773635,51.081349],[16.97735,51.081352],[16.9773365,51.081355],[16.977323,51.0813579],[16.9773095,51.0813609],[16.977296,51.0813639],[16.9772825,51.0813669],[16.977269,51.0813698],[16.9772555,51.0813728],[16.977242,51.0813758],[16.9772285,51.0813788],[16.977215,51.0813818],[16.9772015,51.0813847],[16.977188,51.0813877],[16.9771745,51.0813907],[16.977161,51.0813937],[16.9771475,51.0813966],[16.977134,51.0813996],[16.9771205,51.0814026],[16.977107,51.0814056],[16.9770935,51.0814086],[16.97708,51.0814115],[16.9770666,51.0814145],[16.9770531,51.0814175],[16.9770396,51.0814205],[16.9770261,51.0814234],[16.9770126,51.0814264],[16.9769991,51.0814294],[16.9769856,51.0814324],[16.9769721,51.0814354],[16.9769586,51.0814383],[16.9769451,51.0814413],[16.9769316,51.0814443],[16.9769181,51.0814473],[16.9769046,51.0814502],[16.9768911,51.0814532],[16.9768776,51.0814562],[16.9768641,51.0814592],[16.9768506,51.0814622],[16.9768371,51.0814651],[16.9768236,51.0814681],[16.9768101,51.0814711],[16.9767966,51.0814741],[16.9767831,51.0814771],[16.9767696,51.08148],[16.9767561,51.081483],[16.9767426,51.081486],[16.9767291,51.081489],[16.9767156,51.0814919],[16.9767021,51.0814949],[16.9766886,51.0814979],[16.9766751,51.0815009],[16.9766616,51.0815039],[16.9766481,51.0815068],[16.9766346,51.0815098],[16.9766211,51.0815128],[16.9766076,51.0815158],[16.9765941,51.0815187],[16.9765806,51.0815217],[16.9765671,51.0815247],[16.9765536,51.0815277],[16.9765401,51.0815307],[16.9765266,51.0815336],[16.9765131,51.0815366],[16.9764996,51.0815396],[16.9764861,51.0815426],[16.9764726,51.0815455],[16.9764591,51.0815485],[16.9764456,51.0815515],[16.9764321,51.0815545],[16.9764186,51.0815575],[16.9764051,51.0815604],[16.9763916,51.0815634],[16.9763781,51.0815664],[16.9763646,51.0815694],[16.9763511,51.0815723],[16.9763376,51.0815753],[16.9763241,51.0815783],[16.9763106,51.0815813],[16.9762971,51.0815843],[16.9762836,51.0815872],[16.9762701,51.0815902],[16.9762566,51.0815932],[16.9762431,51.0815962],[16.9762296,51.0815992],[16.9762161,51.0816021],[16.9762026,51.0816051],[16.9761891,51.0816081],[16.9761756,51.0816111],[16.9761621,51.081614],[16.9761486,51.081617],[16.9761351,51.08162],[16.9761216,51.081623],[16.9761081,51.081626],[16.9760946,51.0816289],[16.9760811,51.0816319],[16.9760676,51.0816349],[16.9760541,51.0816379],[16.9760406,51.0816408],[16.9760271,51.0816438],[16.9760136,51.0816468],[16.9760001,51.0816498],[16.9759866,51.0816528],[16.9759731,51.0816557],[16.9759596,51.0816587],[16.9759461,51.0816617],[16.9759326,51.0816647],[16.9759191,51.0816676],[16.9759056,51.0816706],[16.9758921,51.0816736],[16.9758786,51.0816766],[16.9758651,51.0816796],[16.9758516,51.0816825],[16.9758381,51.0816855],[16.9758246,51.0816885],[16.9758111,51.0816915],[16.9757976,51.0816944],[16.9757841,51.0816974],[16.9757706,51.0817004],[16.9757571,51.0817034],[16.9757436,51.0817064],[16.9757301,51.0817093],[16.9757166,51.0817123],[16.9757031,51.0817153],[16.9756896,51.0817183],[16.9756761,51.0817212],[16.9756626,51.0817242],[16.9756491,51.0817272],[16.9756356,51.0817302],[16.9756221,51.0817332],[16.9756086,51.0817361],[16.9755951,51.0817391],[16.9755816,51.0817421],[16.9755681,51.0817451],[16.9755546,51.0817481],[16.9755411,51.081751],[16.9755276,51.081754],[16.9755141,51.081757],[16.9755006,51.08176],[16.9754871,51.0817629],[16.9754736,51.0817659],[16.9754601,51.0817689],[16.9754466,51.0817719],[16.9754331,51.0817749],[16.9754196,51.0817778],[16.9754061,51.0817808],[16.9753926,51.0817838],[16.9753792,51.0817868],[16.9753657,51.0817897],[16.9753522,51.0817927],[16.9753387,51.0817957],[16.9753252,51.0817987],[16.9753117,51.0818017],[16.9752982,51.0818046],[16.9752847,51.0818076],[16.9752712,51.0818106],[16.9752577,51.0818136],[16.9752442,51.0818165],[16.9752307,51.0818195],[16.9752172,51.0818225],[16.9752037,51.0818255],[16.9751902,51.0818285],[16.9751767,51.0818314],[16.9751632,51.0818344],[16.9751497,51.0818374],[16.9751362,51.0818404],[16.9751227,51.0818433],[16.9751092,51.0818463],[16.9750957,51.0818493],[16.9750822,51.0818523],[16.9750687,51.0818553],[16.9750552,51.0818582],[16.9750417,51.0818612],[16.9750282,51.0818642],[16.9750147,51.0818672],[16.9750012,51.0818701],[16.9749877,51.0818731],[16.9749742,51.0818761],[16.9749607,51.0818791],[16.9749472,51.0818821],[16.9749337,51.081885],[16.9749202,51.081888],[16.9749067,51.081891],[16.9748932,51.081894],[16.9748797,51.081897],[16.9748662,51.0818999],[16.9748527,51.0819029],[16.9748392,51.0819059],[16.9748257,51.0819089],[16.9748122,51.0819118],[16.9747987,51.0819148],[16.9747852,51.0819178],[16.9747717,51.0819208],[16.9747582,51.0819238],[16.9747447,51.0819267],[16.9747312,51.0819297],[16.9747177,51.0819327],[16.9747042,51.0819357],[16.9746907,51.0819386],[16.9746772,51.0819416],[16.9746637,51.0819446],[16.9746502,51.0819476],[16.9746367,51.0819506],[16.9746232,51.0819535],[16.9746097,51.0819565],[16.9745962,51.0819595],[16.9745827,51.0819625],[16.9745365,51.0819731]]}},{"type":"Feature","properties":{"layer":"roads"},"geometry":{"type":"LineString","coordinates":[[16.9783438,51.0811321],[16.9783901,51.0811163],[16.9784025,51.0811134],[16.9784151,51.0811092],[16.9784276,51.0811049],[16.9784402,51.0811007],[16.9784527,51.0810965],[16.9784653,51.0810923],[16.9784778,51.081088],[16.9784904,51.0810838],[16.978503,51.0810796],[16.9785155,51.0810754],[16.9785281,51.0810711],[16.9785406,51.0810669],[16.9785532,51.0810627],[16.9785657,51.0810584],[16.9785783,51.0810542],[16.9785909,51.08105],[16.9786034,51.0810458],[16.978616,51.0810415],[16.9786285,51.0810373],[16.9786411,51.0810331],[16.9786537,51.0810289],[16.9786662,51.0810246],[16.9786788,51.0810204],[16.9786913,51.0810162],[16.9787039,51.0810119],[16.9787164,51.0810077],[16.978729,51.0810035],[16.9787416,51.0809993],[16.9787541,51.080995],[16.9787667,51.0809908],[16.9788018,51.080979],[16.9788229,51.0809814],[16.9788288,51.0809888],[16.9788348,51.0809963],[16.9788407,51.0810037],[16.9788467,51.0810112],[16.9788526,51.0810186],[16.9788586,51.0810261],[16.9788645,51.0810335],[16.9788705,51.081041],[16.9788764,51.0810484],[16.9788824,51.0810559],[16.9788886,51.0810638],[16.9788948,51.0810718],[16.9789009,51.0810798],[16.9789071,51.0810877],[16.9789133,51.0810957],[16.9789195,51.0811036],[16.9789257,51.0811116],[16.9789318,51.0811195],[16.978938,51.0811275],[16.9789442,51.0811354],[16.9789474,51.0811441],[16.9789505,51.0811528],[16.9789537,51.0811615],[16.9789568,51.0811701],[16.97896,51.0811788],[16.9789631,51.0811875],[16.9789663,51.0811962],[16.9789643,51.0812046],[16.9789623,51.081213],[16.9789602,51.0812213],[16.9789582,51.0812297],[16.9789562,51.0812381],[16.9789542,51.0812465],[16.9789521,51.0812548],[16.9789501,51.0812632],[16.9789481,51.0812716],[16.9789449,51.08128],[16.9789417,51.0812883],[16.9789242,51.0813155]]}},{"type":"Feature","properties":{"layer":"roads"},"geometry":{"type":"LineString","coordinates":[[16.9783438,51.0811321],[16.978383,51.0811553],[16.9783939,51.0811602],[16.9784067,51.0811638],[16.9784194,51.0811674],[16.9784322,51.081171],[16.978445,51.0811745],[16.9784577,51.0811781],[16.9784705,51.0811817],[16.9784823,51.0811861],[16.978494,51.0811906],[16.9785058,51.081195],[16.9785175,51.0811995],[16.9785293,51.0812039],[16.978541,51.0812084],[16.9785528,51.0812128],[16.9785645,51.0812173],[16.9785763,51.0812217],[16.978588,51.0812262],[16.9785998,51.0812306],[16.9786123,51.081234],[16.9786248,51.0812374],[16.9786374,51.0812408],[16.9786499,51.0812442],[16.9786624,51.0812476],[16.9786749,51.0812509],[16.9786875,51.0812543],[16.9787,51.0812577],[16.9787125,51.0812611],[16.9787251,51.0812645],[16.9787376,51.0812679],[16.9787501,51.0812713],[16.9787626,51.0812755],[16.9787752,51.0812797],[16.9787877,51.0812839],[16.9788002,51.0812881],[16.9788128,51.0812923],[16.9788253,51.0812965],[16.9788378,51.0813007],[16.9788504,51.0813049],[16.9788629,51.0813091],[16.9788755,51.0813133],[16.9789242,51.0813155]]}},{"type":"Feature","properties":{"layer":"roads"},"geometry":{"type":"LineString","coordinates":[[16.9745365,51.0819731],[16.9745254,51.081941],[16.9745213,51.0819335],[16.9745045,51.0819031]]}},{"type":"Feature","properties":{"layer":"roads"},"geometry":{"type":"LineString","coordinates":[[16.9745365,51.0819731],[16.9745638,51.0820046],[16.9745692,51.0820129],[16.9745746,51.0820212],[16.97458,51.0820295],[16.9745854,51.0820378],[16.9745908,51.0820461],[16.9745962,51.0820544],[16.9746016,51.0820628],[16.974607,51.0820711],[16.9746124,51.0820794],[16.9746178,51.0820877],[16.9746232,51.082096],[16.9746286,51.0821043],[16.974634,51.0821126],[16.9746394,51.0821209],[16.9746448,51.0821292],[16.9746502,51.0821375],[16.9746556,51.0821458],[16.974661,51.0821541],[16.9746664,51.0821624],[16.9746718,51.0821707],[16.9746772,51.082179],[16.9746826,51.0821873],[16.974688,51.0821956],[16.9746934,51.0822039],[16.9746988,51.0822122],[16.9747042,51.0822205],[16.9747096,51.0822288],[16.9747149,51.0822372],[16.9747203,51.0822455],[16.9747257,51.0822538],[16.9747311,51.0822621],[16.9747365,51.0822704],[16.9747419,51.0822787],[16.9747473,51.082287],[16.9747527,51.0822953],[16.9747581,51.0823036],[16.9747635,51.0823119],[16.9747689,51.0823202],[16.9747743,51.0823285],[16.9747797,51.0823368],[16.9747851,51.0823451],[16.9747905,51.0823534],[16.9747959,51.0823617],[16.9748013,51.08237],[16.9748067,51.0823783],[16.9748121,51.0823866],[16.9748175,51.0823949],[16.9748229,51.0824033],[16.9748283,51.0824116],[16.9748337,51.0824199],[16.9748391,51.0824282],[16.9748445,51.0824365],[16.9748499,51.0824448],[16.9748553,51.0824531],[16.9748607,51.0824614],[16.9748661,51.0824697],[16.9748715,51.082478],[16.9748769,51.0824863],[16.9748925,51.082514]]}},{"type":"Feature","properties":{"layer":"roads"},"geometry":{"type":"LineString","coordinates":[[16.9745365,51.0819731],[16.9744883,51.0819832],[16.9744749,51.0819861],[16.9744614,51.0819891],[16.974448,51.081992],[16.9744345,51.081995],[16.974421,51.0819979],[16.9744076,51.0820009],[16.9743941,51.0820038],[16.9743806,51.0820068],[16.9743672,51.0820097],[16.9743537,51.0820127],[16.9743403,51.0820156],[16.9743268,51.0820186],[16.9743133,51.0820215],[16.9742999,51.0820245],[16.9742864,51.0820274],[16.9742729,51.0820304],[16.9742595,51.0820333],[16.974246,51.0820363],[16.9742325,51.0820392],[16.9742191,51.0820422],[16.9742056,51.0820451],[16.9741922,51.0820481],[16.9741787,51.082051],[16.9741652,51.0820539],[16.9741518,51.0820569],[16.9741383,51.0820598],[16.9741248,51.0820628],[16.9741114,51.0820657],[16.9740979,51.0820687],[16.9740844,51.0820716],[16.974071,51.0820746],[16.9740575,51.0820775],[16.9740441,51.0820805],[16.9740306,51.0820834],[16.9740171,51.0820864],[16.9740037,51.0820893],[16.9739902,51.0820923],[16.9739767,51.0820952],[16.9739633,51.0820982],[16.9739498,51.0821011],[16.9739364,51.0821041],[16.9739229,51.082107],[16.9739094,51.08211],[16.973896,51.0821129],[16.9738825,51.0821159],[16.973869,51.0821188],[16.9738556,51.0821218],[16.9738421,51.0821247],[16.9738286,51.0821276],[16.9738152,51.0821306],[16.9738017,51.0821335],[16.9737883,51.0821365],[16.9737748,51.0821394],[16.9737613,51.0821424],[16.9737479,51.0821453],[16.9737344,51.0821483],[16.9737209,51.0821512],[16.9737075,51.0821542],[16.973694,51.0821571],[16.9736805,51.0821601],[16.9736671,51.082163],[16.9736536,51.082166],[16.9736402,51.0821689],[16.9736267,51.0821719],[16.9736132,51.0821748],[16.9735998,51.0821778],[16.9735863,51.0821807],[16.9735728,51.0821837],[16.9735594,51.0821866],[16.9735459,51.0821896],[16.9735325,51.0821925],[16.973519,51.0821955],[16.9734706,51.0822066]]}},{"type":"Feature","properties":{"layer":"roads"},"geometry":{"type":"LineString","coordinates":[[16.9789825,51.0821608],[16.9789698,51.0821224],[16.9789673,51.0821138],[16.9789648,51.0821053],[16.9789623,51.0820968],[16.9789598,51.0820883],[16.9789573,51.0820798],[16.9789547,51.0820713],[16.9789522,51.0820628],[16.9789497,51.0820542],[16.9789472,51.0820457],[16.9789447,51.0820372],[16.9789421,51.0820287],[16.9789396,51.0820202],[16.9789371,51.0820117],[16.9789346,51.0820032],[16.9789321,51.0819947],[16.9789296,51.0819861],[16.978927,51.0819776],[16.9789245,51.0819691],[16.978922,51.0819606],[16.9789195,51.0819521],[16.9789183,51.0819433],[16.9789171,51.0819345],[16.9789159,51.0819257],[16.9789148,51.0819169],[16.9789136,51.0819081],[16.9789124,51.0818993],[16.9789112,51.0818905],[16.97891,51.0818817],[16.9789088,51.0818729],[16.9789076,51.0818641],[16.9789065,51.0818553],[16.9789053,51.0818465],[16.9789041,51.0818378],[16.9789029,51.081829],[16.9789017,51.0818202],[16.9789005,51.0818114],[16.9788993,51.0818026],[16.9788981,51.0817938],[16.978897,51.081785],[16.9788958,51.0817762],[16.9788946,51.0817674],[16.9788934,51.0817586],[16.9788922,51.0817498],[16.978891,51.081741],[16.9788898,51.0817322],[16.9788887,51.0817234],[16.9788875,51.0817146],[16.9788863,51.0817058],[16.9788851,51.081697],[16.9788839,51.0816882],[16.9788827,51.0816794],[16.9788815,51.0816706],[16.9788804,51.0816618],[16.9788792,51.081653],[16.978878,51.0816442],[16.9788768,51.0816354],[16.9788756,51.0816266],[16.9788744,51.0816178],[16.9788732,51.0816091],[16.978872,51.0816003],[16.9788709,51.0815915],[16.9788697,51.0815827],[16.9788685,51.0815739],[16.9788673,51.0815651],[16.9788661,51.0815563],[16.9788649,51.0815475],[16.9788637,51.0815387],[16.9788626,51.0815299],[16.9788614,51.0815211],[16.9788602,51.0815123],[16.978863,51.0814931],[16.9788723,51.0814688],[16.9788756,51.0814601],[16.978879,51.0814515],[16.9788823,51.0814428],[16.9788856,51.0814341],[16.978889,51.0814255],[16.9788923,51.0814168],[16.9788956,51.0814081],[16.978899,51.0813995],[16.9789023,51.0813908],[16.9789056,51.0813821],[16.978909,51.0813735],[16.9789123,51.0813648],[16.9789242,51.0813155]]}},{"type":"Feature","properties":{"layer":"roads"},"geometry":{"type":"LineString","coordinates":[[16.9789825,51.0821608],[16.9789251,51.0821643],[16.9789114,51.0821663],[16.9788977,51.0821683],[16.978884,51.0821702],[16.9788703,51.0821722],[16.9788566,51.0821742],[16.9788429,51.0821762],[16.9788292,51.0821781],[16.9788155,51.0821801],[16.9788018,51.0821821],[16.9787881,51.0821841],[16.9787744,51.082186],[16.9787607,51.082188],[16.9787478,51.0821899],[16.9787349,51.0821917],[16.9787221,51.0821936],[16.9787092,51.0821955],[16.9786963,51.0821974],[16.9786834,51.0821992],[16.9786705,51.0822011],[16.9786577,51.082203],[16.9786448,51.0822048],[16.9786319,51.0822067],[16.9786195,51.0822088],[16.978607,51.0822109],[16.9785946,51.0822129],[16.9785822,51.082215],[16.9785697,51.0822171],[16.9785573,51.0822192],[16.9785523,51.0822259],[16.9785472,51.0822326],[16.9785422,51.0822394],[16.9785371,51.0822461],[16.9785321,51.0822528],[16.9785289,51.0822607],[16.9785256,51.0822686],[16.9785223,51.0822764],[16.9785191,51.0822843],[16.9785158,51.0822922],[16.9785126,51.0823001],[16.9785141,51.0823082],[16.9785157,51.0823163],[16.9785172,51.0823244],[16.9785188,51.0823325],[16.9785203,51.0823406],[16.9785219,51.0823487],[16.9785234,51.0823568],[16.9785291,51.0823645],[16.9785347,51.0823721],[16.9785404,51.0823798],[16.9785461,51.0823874],[16.9785518,51.0823951],[16.9785574,51.0824028],[16.9785631,51.0824104],[16.9785688,51.0824181],[16.9785744,51.0824257],[16.9785801,51.0824334],[16.9785856,51.0824414],[16.9785912,51.0824494],[16.9785967,51.0824575],[16.9786022,51.0824655],[16.9786077,51.0824735],[16.9786133,51.0824815],[16.9786188,51.0824895],[16.9786243,51.0824975],[16.9786298,51.0825056],[16.9786354,51.0825136],[16.9786409,51.0825216],[16.9786441,51.08253],[16.9786535,51.0825554],[16.9786478,51.0825862]]}},{"type":"Feature","properties":{"layer":"roads"},"geometry":{"type":"LineString","coordinates":[[16.9789825,51.0821608],[16.9790013,51.0821853],[16.9790066,51.0821925],[16.9790125,51.0822005],[16.9790184,51.0822084],[16.9790243,51.0822164],[16.9790302,51.0822244],[16.9790361,51.0822324],[16.979042,51.0822403],[16.9790479,51.0822483],[16.9790538,51.0822563],[16.9790597,51.0822643],[16.9790656,51.0822722],[16.9790715,51.0822802],[16.9790774,51.0822882],[16.9790833,51.0822962],[16.9790893,51.0823041],[16.9790952,51.0823121],[16.9791011,51.0823201],[16.979107,51.0823281],[16.9791129,51.0823361],[16.9791188,51.082344],[16.9791247,51.082352],[16.9791306,51.08236],[16.9791365,51.0823679],[16.9791424,51.0823759],[16.9791483,51.0823839],[16.9791542,51.0823919],[16.9791601,51.0823999],[16.979166,51.0824078],[16.9791719,51.0824158],[16.9791788,51.0824236],[16.9791858,51.0824315],[16.9791927,51.0824393],[16.9791996,51.0824471],[16.9792066,51.0824549],[16.9792135,51.0824627],[16.9792205,51.0824706],[16.9792274,51.0824784],[16.9792343,51.0824862],[16.9792413,51.0824941],[16.9792482,51.0825019],[16.9792551,51.0825097],[16.9792621,51.0825175],[16.979269,51.0825253],[16.9792759,51.0825332],[16.9792829,51.082541],[16.9792898,51.0825488],[16.9792967,51.0825567],[16.9793037,51.0825645],[16.9793106,51.0825723],[16.9793176,51.0825801],[16.9793245,51.082588],[16.9793314,51.0825958],[16.9793384,51.0826036],[16.9793453,51.0826114],[16.9793522,51.0826193],[16.9793592,51.0826271],[16.9793661,51.0826349],[16.979373,51.0826427],[16.97938,51.0826506],[16.9793869,51.0826584],[16.9793939,51.0826662],[16.9794008,51.082674],[16.9794077,51.0826819],[16.9794147,51.0826897],[16.9794216,51.0826975],[16.9794283,51.0827052],[16.9794351,51.082713],[16.9794418,51.0827207],[16.9794485,51.0827285],[16.9794553,51.0827362],[16.979462,51.0827439],[16.9794687,51.0827517],[16.9794755,51.0827594],[16.9794822,51.0827672],[16.9794889,51.0827749],[16.9794957,51.0827826],[16.9795024,51.0827904],[16.9795091,51.0827981],[16.9795159,51.0828059],[16.9795226,51.0828136],[16.9795293,51.0828213],[16.9795361,51.0828291],[16.9795428,51.0828368],[16.9795495,51.0828446],[16.9795563,51.0828523],[16.979563,51.08286],[16.9795697,51.0828678],[16.9795765,51.0828755],[16.9795832,51.0828833],[16.9795899,51.082891],[16.9795967,51.0828987],[16.9796034,51.0829065],[16.9796101,51.0829142],[16.9796169,51.082922],[16.9796236,51.0829297],[16.9796285,51.0829379],[16.9796333,51.0829462],[16.9796382,51.0829544],[16.979643,51.0829626],[16.9796479,51.0829709],[16.9796528,51.0829791],[16.9796576,51.0829873],[16.9796625,51.0829955],[16.9796674,51.0830038],[16.9796722,51.083012],[16.9796771,51.0830202],[16.9796819,51.0830285],[16.9796868,51.0830367],[16.9796917,51.0830449],[16.9796965,51.0830532],[16.9797014,51.0830614],[16.9797063,51.0830696],[16.9797111,51.0830779],[16.979716,51.0830861],[16.9797208,51.0830943],[16.9797257,51.0831026],[16.9797306,51.0831108],[16.9797354,51.083119],[16.9797403,51.0831273],[16.9797452,51.0831355],[16.97975,51.0831437],[16.9797549,51.0831519],[16.9797597,51.0831602],[16.9797646,51.0831684],[16.9797695,51.0831766],[16.9797743,51.0831849],[16.9797792,51.0831931],[16.9797833,51.0832016],[16.9797874,51.0832101],[16.9797915,51.0832186],[16.9797957,51.0832271],[16.9797998,51.0832356],[16.9798039,51.0832441],[16.979808,51.0832526],[16.9798121,51.0832611],[16.9798162,51.0832696],[16.9798204,51.083278],[16.9798245,51.0832865],[16.9798286,51.083295],[16.9798327,51.0833035],[16.9798368,51.083312],[16.9798409,51.0833205],[16.9798451,51.083329],[16.9798492,51.0833375],[16.9798533,51.083346],[16.9798574,51.0833545],[16.9798606,51.0833632],[16.9798639,51.083372],[16.9798671,51.0833807],[16.9798704,51.0833894],[16.9798736,51.0833982],[16.9798769,51.0834069],[16.9798801,51.0834157],[16.9798834,51.0834244],[16.9798866,51.0834331],[16.9798899,51.0834419],[16.9798931,51.0834506],[16.9798964,51.0834593],[16.9798996,51.0834681],[16.9799029,51.0834768],[16.9799305,51.0835019]]}},{"type":"Feature","properties":{"layer":"roads"},"geometry":{"type":"LineString","coordinates":[[16.9789825,51.0821608],[16.9790358,51.0821514],[16.9790498,51.0821501],[16.9790637,51.0821489],[16.9790777,51.0821476],[16.9790917,51.0821464],[16.9791057,51.0821451],[16.9791196,51.0821439],[16.9791336,51.0821426],[16.9791476,51.0821414],[16.9791616,51.0821401],[16.9791755,51.0821389],[16.9791895,51.0821376],[16.9792035,51.0821364],[16.9792174,51.0821351],[16.9792314,51.0821339],[16.9792454,51.0821326],[16.9792594,51.0821314],[16.9792733,51.0821301],[16.9792873,51.0821289],[16.9793013,51.0821276],[16.9793153,51.0821264],[16.9793292,51.0821251],[16.9793432,51.0821239],[16.9793572,51.0821226],[16.9793712,51.0821214],[16.9793851,51.0821201],[16.9793991,51.0821189],[16.9794131,51.0821176],[16.9794271,51.0821164],[16.979441,51.0821151],[16.979455,51.0821139],[16.979469,51.0821126],[16.9794829,51.0821114],[16.9794969,51.0821101],[16.9795109,51.0821089],[16.9795249,51.0821076],[16.9795388,51.0821064],[16.9795528,51.0821051],[16.9795668,51.0821039],[16.9795808,51.0821026],[16.9795947,51.0821014],[16.9796087,51.0821001],[16.9796227,51.0820989],[16.9796367,51.0820976],[16.9796506,51.0820964],[16.9796646,51.0820951],[16.9796787,51.0820938],[16.9796928,51.0820926],[16.9797068,51.0820913],[16.9797209,51.0820901],[16.979735,51.0820888],[16.9797491,51.0820875],[16.9797631,51.0820863],[16.9797772,51.082085],[16.9797913,51.0820837],[16.9798054,51.0820825],[16.9798194,51.0820812],[16.9798335,51.08208],[16.9798476,51.0820787],[16.9798617,51.0820774],[16.9798757,51.0820762],[16.9798898,51.0820749],[16.9799039,51.0820736],[16.979918,51.0820724],[16.9799321,51.0820711],[16.9799461,51.0820699],[16.9799602,51.0820686],[16.9799743,51.0820673],[16.9799884,51.0820661],[16.9800024,51.0820648],[16.9800165,51.0820636],[16.9800306,51.0820623],[16.9800447,51.082061],[16.9800587,51.0820598],[16.9800728,51.0820585],[16.9800869,51.0820572],[16.980101,51.082056],[16.980115,51.0820547],[16.9801291,51.0820535],[16.9801432,51.0820522],[16.9801573,51.0820508],[16.9801715,51.0820493],[16.9801856,51.0820479],[16.9801997,51.0820465],[16.9802138,51.082045],[16.980228,51.0820436],[16.9802421,51.0820422],[16.9802562,51.0820407],[16.9802703,51.0820393],[16.9802845,51.0820379],[16.9802986,51.0820364],[16.9803127,51.082035],[16.9803268,51.0820336],[16.980341,51.0820321],[16.9803551,51.0820307],[16.9803692,51.0820293],[16.9803833,51.0820278],[16.9803975,51.0820264],[16.9804116,51.082025],[16.9804257,51.0820235],[16.9804398,51.0820221],[16.980454,51.0820206],[16.9804681,51.0820192],[16.9804822,51.0820178],[16.9804963,51.0820163],[16.9805105,51.0820149],[16.9805246,51.0820135],[16.9805387,51.082012],[16.9805528,51.0820106],[16.980567,51.0820092],[16.9805811,51.0820077],[16.9805952,51.0820063],[16.9806093,51.0820049],[16.9806235,51.0820034],[16.9806376,51.082002],[16.9806517,51.0820006],[16.9806658,51.0819991],[16.98068,51.0819977],[16.9806941,51.0819963],[16.9807082,51.0819948],[16.9807224,51.0819934],[16.9807365,51.081992],[16.9807506,51.0819905],[16.9807647,51.0819891],[16.9807789,51.0819877],[16.980793,51.0819862],[16.9808071,51.0819848],[16.9808212,51.0819834],[16.9808354,51.0819819],[16.9808495,51.0819805],[16.9808636,51.0819791],[16.9808777,51.0819776],[16.9808919,51.0819762],[16.980906,51.0819748],[16.9809201,51.0819733],[16.9809342,51.0819719],[16.9809484,51.0819705],[16.9809625,51.081969],[16.9809766,51.0819676],[16.9809907,51.0819662],[16.9810049,51.0819647],[16.981019,51.0819633],[16.9810331,51.0819618],[16.9810472,51.0819604],[16.9810614,51.081959],[16.9810755,51.0819575],[16.9810896,51.0819561],[16.9811037,51.0819547],[16.9811179,51.0819532],[16.981132,51.0819518],[16.9811461,51.0819504],[16.9811602,51.0819489],[16.9811744,51.0819475],[16.9811885,51.0819461],[16.9812026,51.0819446],[16.9812167,51.0819432],[16.9812309,51.0819418],[16.981245,51.0819403],[16.9812591,51.0819389],[16.9812732,51.0819375],[16.9812874,51.081936],[16.9813015,51.0819346],[16.9813156,51.0819332],[16.9813297,51.0819318],[16.9813437,51.0819304],[16.9813578,51.081929],[16.9813719,51.0819275],[16.981386,51.0819261],[16.9814,51.0819247],[16.9814141,51.0819233],[16.9814282,51.0819219],[16.9814423,51.0819205],[16.9814564,51.0819191],[16.9814704,51.0819177],[16.9814845,51.0819163],[16.9814986,51.0819149],[16.9815127,51.0819134],[16.9815267,51.081912],[16.9815408,51.0819106],[16.9815549,51.0819092],[16.981569,51.0819078],[16.9815831,51.0819064],[16.9815971,51.081905],[16.9816112,51.0819036],[16.9816253,51.0819022],[16.9816394,51.0819008],[16.9816534,51.0818993],[16.9816675,51.0818979],[16.9816816,51.0818965],[16.9816957,51.0818951],[16.9817097,51.0818937],[16.9817238,51.0818923],[16.9817379,51.0818909],[16.981752,51.0818895],[16.9817661,51.0818881],[16.9817801,51.0818867],[16.9817942,51.0818852],[16.9818083,51.0818838],[16.9818224,51.0818824],[16.9818364,51.081881],[16.9818505,51.0818796],[16.9818646,51.0818782],[16.9818787,51.0818768],[16.9818928,51.0818754],[16.9819068,51.081874],[16.9819209,51.0818726],[16.981935,51.0818711],[16.9819491,51.0818697],[16.9819631,51.0818683],[16.9819772,51.0818669],[16.9819913,51.0818655],[16.9820054,51.0818641],[16.9820195,51.0818627],[16.9820335,51.0818613],[16.9820476,51.0818599],[16.9820617,51.0818585],[16.9820758,51.081857],[16.9820898,51.0818556],[16.9821039,51.0818542],[16.982118,51.0818528],[16.9821321,51.0818514],[16.9821462,51.08185],[16.9821602,51.0818486],[16.9821743,51.0818472],[16.9821884,51.0818458],[16.9822025,51.0818444],[16.9822165,51.0818429],[16.9822306,51.0818415],[16.9822447,51.0818401],[16.9822588,51.0818387],[16.9822728,51.0818373],[16.9822869,51.0818359],[16.982301,51.0818345],[16.9823151,51.0818331],[16.9823292,51.0818317],[16.9823432,51.0818303],[16.9823573,51.0818288],[16.9823714,51.0818274],[16.9823855,51.081826],[16.9823995,51.0818246],[16.9824136,51.0818232],[16.9824277,51.0818218],[16.9824418,51.0818204],[16.9824559,51.081819],[16.9824699,51.0818176],[16.982484,51.0818162],[16.9824981,51.0818147],[16.9825122,51.0818133],[16.9825262,51.0818119],[16.9825403,51.0818105],[16.9825544,51.0818091],[16.9825682,51.0818077],[16.982582,51.0818064],[16.9825958,51.081805],[16.9826096,51.0818036],[16.9826648,51.0817981]]}},{"type":"Feature","properties":{"layer":"roads"},"geometry":{"type":"LineString","coordinates":[[16.9764151,51.0886647],[16.9764031,51.0886933],[16.9764057,51.0887021],[16.9764084,51.0887109],[16.976411,51.0887197],[16.9764136,51.0887286],[16.9764162,51.0887374],[16.9764188,51.0887462],[16.9764214,51.0887551],[16.976424,51.0887639],[16.9764266,51.0887727],[16.9764292,51.0887816],[16.9764318,51.0887904],[16.9764352,51.0887986],[16.9764387,51.0888068],[16.9764421,51.088815],[16.9764455,51.0888232],[16.976449,51.0888314],[16.9764524,51.0888396],[16.9764558,51.0888478],[16.9764593,51.088856],[16.9764627,51.0888641],[16.9764662,51.0888723],[16.9764696,51.0888805],[16.976473,51.0888887],[16.9764765,51.0888969],[16.9764799,51.0889051],[16.9764833,51.0889133],[16.9764868,51.0889215],[16.9764902,51.0889297],[16.9764949,51.0889372],[16.9764996,51.0889447],[16.9765043,51.0889521],[16.976509,51.0889596],[16.9765137,51.0889671],[16.9765207,51.0889741],[16.9765277,51.0889812],[16.9765348,51.0889882],[16.9765418,51.0889953],[16.9765488,51.0890023],[16.9765572,51.0890081],[16.9765656,51.089014],[16.976574,51.0890198],[16.9765824,51.0890257],[16.9765908,51.0890315],[16.9765992,51.0890374],[16.9766076,51.0890432],[16.976616,51.0890491],[16.9766216,51.0890567],[16.9766271,51.0890643],[16.9766326,51.089072],[16.9766382,51.0890796],[16.9766438,51.0890872],[16.9766493,51.0890948],[16.9766548,51.0891024],[16.9766604,51.0891101],[16.9766659,51.0891177],[16.9766715,51.0891253],[16.9766755,51.0891338],[16.9766796,51.0891424],[16.9766836,51.0891509],[16.9766877,51.0891595],[16.9766917,51.089168],[16.9766958,51.0891766],[16.9766998,51.0891851],[16.9767038,51.0891936],[16.9767079,51.0892022],[16.9767119,51.0892107],[16.976716,51.0892193],[16.97672,51.0892278],[16.9767241,51.0892364],[16.9767281,51.0892449],[16.9767306,51.0892536],[16.976733,51.0892624],[16.9767355,51.0892711],[16.9767352,51.0892791],[16.9767349,51.0892871],[16.9767346,51.0892951],[16.9767344,51.089303],[16.9767341,51.089311],[16.9767338,51.089319],[16.9767335,51.089327],[16.9767323,51.0893353],[16.9767311,51.0893437],[16.9767299,51.089352],[16.9767287,51.0893604],[16.9767275,51.0893687],[16.9767262,51.0893771],[16.976725,51.0893854],[16.9767238,51.0893938],[16.9767226,51.0894021],[16.9767214,51.0894105],[16.9767202,51.0894188],[16.9767245,51.0894267],[16.9767288,51.0894346],[16.9767331,51.0894424],[16.9767374,51.0894503],[16.9767417,51.0894582],[16.9767479,51.0894644],[16.9767541,51.0894706],[16.9767603,51.0894768],[16.9767665,51.089483],[16.9767735,51.0894891],[16.9767806,51.0894953],[16.9767876,51.0895014],[16.9767964,51.0895071],[16.9768052,51.0895127],[16.9768139,51.0895183],[16.9768227,51.089524],[16.9768315,51.0895297],[16.9768403,51.0895353],[16.976849,51.0895409],[16.9768578,51.0895466],[16.9768693,51.0895517],[16.9768809,51.0895568],[16.9768924,51.0895619],[16.9769039,51.0895669],[16.9769154,51.089572],[16.976927,51.0895771],[16.9769385,51.0895822],[16.9769503,51.0895872],[16.9769622,51.0895922],[16.976974,51.0895972],[16.9769858,51.0896022],[16.9769977,51.0896071],[16.9770095,51.0896121],[16.9770214,51.0896171],[16.9770332,51.0896221],[16.9770405,51.0896289],[16.9770478,51.0896357],[16.9770551,51.0896424],[16.9770623,51.0896492],[16.9770696,51.089656],[16.9770769,51.0896628],[16.9770799,51.0896714],[16.9770829,51.0896799],[16.977086,51.0896885],[16.977089,51.089697],[16.977092,51.0897056],[16.977095,51.0897141],[16.9770981,51.0897227],[16.9771011,51.0897312],[16.9771041,51.0897398],[16.9771071,51.0897483],[16.9771102,51.0897569],[16.9771132,51.0897654],[16.9771162,51.089774],[16.9771192,51.0897825],[16.9771223,51.0897911],[16.9771253,51.0897996],[16.9771283,51.0898082],[16.9771313,51.0898168],[16.9771343,51.0898253],[16.9771374,51.0898339],[16.9771404,51.0898424],[16.9771434,51.089851],[16.9771464,51.0898595],[16.9771495,51.0898681],[16.9771525,51.0898766],[16.9771555,51.0898852],[16.9771585,51.0898937],[16.9771616,51.0899023],[16.9771646,51.0899108],[16.9771676,51.0899194],[16.9771706,51.0899279],[16.9771737,51.0899365],[16.9771767,51.089945],[16.9771797,51.0899536],[16.9771819,51.0899618],[16.977184,51.0899701],[16.9771862,51.0899783],[16.9771883,51.0899865],[16.9771904,51.0899947],[16.9771926,51.0900029],[16.9771947,51.0900112],[16.9772006,51.0900281],[16.9772053,51.0900466],[16.9772031,51.0900545],[16.9772044,51.0900626],[16.9772029,51.0900763],[16.977178,51.0901111]]}},{"type":"Feature","properties":{"layer":"roads"},"geometry":{"type":"LineString","coordinates":[[16.9764151,51.0886647],[16.9764617,51.0886823],[16.9764711,51.0886886],[16.9764805,51.088695],[16.9764898,51.0887013],[16.9764992,51.0887077],[16.9765086,51.088714],[16.976518,51.0887204],[16.9765289,51.0887253],[16.9765398,51.0887303],[16.9765507,51.0887352],[16.9765615,51.0887401],[16.9765724,51.0887451],[16.9765833,51.08875],[16.9765942,51.088755],[16.9766051,51.0887599],[16.9766169,51.0887637],[16.9766287,51.0887675],[16.9766406,51.0887714],[16.9766524,51.0887752],[16.9766642,51.088779],[16.9766771,51.0887814],[16.97669,51.0887839],[16.976703,51.0887863],[16.9767159,51.0887888],[16.9767288,51.0887912],[16.9767427,51.088793],[16.9767565,51.0887947],[16.9767704,51.0887965],[16.9767843,51.0887982],[16.9767981,51.0888],[16.976812,51.0888018],[16.9768259,51.0888035],[16.9768397,51.0888053],[16.9768536,51.088807],[16.9768675,51.0888088],[16.9768813,51.0888106],[16.9768952,51.0888123],[16.9769091,51.0888141],[16.9769229,51.0888158],[16.9769368,51.0888176],[16.9769499,51.0888201],[16.9769631,51.0888226],[16.9769762,51.0888251],[16.9769893,51.0888275],[16.9770025,51.08883],[16.9770156,51.0888325],[16.9770287,51.088835],[16.9770419,51.0888375],[16.977055,51.08884],[16.9770681,51.0888425],[16.9770813,51.088845],[16.9770944,51.0888474],[16.9771075,51.0888499],[16.9771207,51.0888524],[16.9771338,51.0888549],[16.9771471,51.0888562],[16.9771604,51.0888574],[16.9771737,51.0888587],[16.977187,51.0888599],[16.9772004,51.0888612],[16.9772137,51.0888625],[16.9772284,51.0888261]]}},{"type":"Feature","properties":{"layer":"roads"},"geometry":{"type":"LineString","coordinates":[[16.9764151,51.0886647],[16.9763937,51.0886381],[16.976388,51.0886303],[16.9763782,51.0886144],[16.9763658,51.0885899],[16.9763617,51.0885818],[16.9763575,51.0885736],[16.9763534,51.0885654],[16.9763493,51.0885573],[16.9763452,51.0885491],[16.976341,51.0885409],[16.9763369,51.0885327],[16.9763328,51.0885246],[16.9763287,51.0885164],[16.9763245,51.0885082],[16.9763204,51.0885001],[16.9763163,51.0884919],[16.9763122,51.0884837],[16.976308,51.0884756],[16.9763039,51.0884674],[16.9762977,51.0884603],[16.9762914,51.0884532],[16.9762852,51.0884461],[16.9762789,51.088439],[16.9762727,51.0884318],[16.9762664,51.0884247],[16.9762602,51.0884176],[16.9762539,51.0884105],[16.9762477,51.0884034],[16.9762396,51.0883964],[16.9762315,51.0883894],[16.9762235,51.0883824],[16.9762154,51.0883754],[16.9762073,51.0883684],[16.9761992,51.0883614],[16.9761912,51.0883544],[16.9761831,51.0883474],[16.976175,51.0883404],[16.9761691,51.0883329],[16.9761632,51.0883254],[16.9761573,51.0883179],[16.9761514,51.0883105],[16.9761455,51.088303],[16.9761396,51.0882955],[16.9761337,51.088288],[16.9761278,51.0882805],[16.9761219,51.0882731],[16.976116,51.0882656],[16.9761101,51.0882581],[16.9761042,51.0882506],[16.9760986,51.0882424],[16.976093,51.0882342],[16.9760873,51.088226],[16.9760817,51.0882179],[16.9760761,51.0882097],[16.9760705,51.0882015],[16.9760649,51.0881933],[16.9760593,51.0881851],[16.9760536,51.0881769],[16.976048,51.0881687],[16.9760424,51.0881606],[16.9760368,51.0881524],[16.9760312,51.0881442],[16.9760256,51.088136],[16.9760199,51.0881278],[16.9760143,51.0881196],[16.9760087,51.0881114],[16.9760031,51.0881032],[16.9759975,51.0880951],[16.9759919,51.0880869],[16.9759862,51.0880787],[16.9759806,51.0880705],[16.975975,51.0880623],[16.9759694,51.0880541],[16.9759638,51.0880459],[16.9759582,51.0880378],[16.9759525,51.0880296],[16.9759469,51.0880214],[16.9759413,51.0880132],[16.9759359,51.0880053],[16.9759305,51.0879974],[16.9759251,51.0879894],[16.9759197,51.0879815],[16.9759143,51.0879736],[16.9759089,51.0879657],[16.9759035,51.0879577],[16.9758981,51.0879498],[16.9758927,51.0879419],[16.9758874,51.087934],[16.975882,51.0879261],[16.9758766,51.0879181],[16.9758712,51.0879102],[16.9758658,51.0879023],[16.9758604,51.0878944],[16.975855,51.0878864],[16.9758496,51.0878785],[16.9758442,51.0878706],[16.9758372,51.087863],[16.9758303,51.0878554],[16.9758233,51.0878478],[16.9758163,51.0878402],[16.9758094,51.0878326],[16.9758024,51.087825],[16.9757954,51.0878174],[16.9757885,51.0878098],[16.9757815,51.0878022],[16.9757745,51.0877946],[16.9757676,51.087787],[16.9757606,51.0877793],[16.9757536,51.0877717],[16.9757466,51.0877641],[16.9757397,51.0877565],[16.9757327,51.0877489],[16.9757257,51.0877413],[16.9757188,51.0877337],[16.9757118,51.0877261],[16.9757048,51.0877185],[16.9756979,51.0877109],[16.9756909,51.0877033],[16.9756842,51.0876958],[16.9756776,51.0876883],[16.9756709,51.0876807],[16.9756643,51.0876732],[16.9756576,51.0876657],[16.975651,51.0876582],[16.9756443,51.0876507],[16.9756376,51.0876431],[16.975631,51.0876356],[16.9756243,51.0876281],[16.9755977,51.087598]]}},{"type":"Feature","properties":{"layer":"roads"},"geometry":{"type":"LineString","coordinates":[[16.9824281,51.0903171],[16.9824276,51.090277],[16.982427,51.0902681],[16.9824264,51.0902593],[16.9824258,51.0902504],[16.9824252,51.0902415],[16.9824246,51.0902326],[16.9824239,51.0902238],[16.9824233,51.0902149],[16.9824227,51.090206],[16.9824221,51.0901971],[16.9824215,51.0901883],[16.9824209,51.0901794],[16.9824202,51.0901705],[16.9824196,51.0901616],[16.982419,51.0901528],[16.9824184,51.0901439],[16.9824239,51.0901363],[16.9824668,51.0901156]]}},{"type":"Feature","properties":{"layer":"roads"},"geometry":{"type":"LineString","coordinates":[[16.9824281,51.0903171],[16.9824816,51.0903038],[16.9824944,51.0903017],[16.9825351,51.0902888]]}},{"type":"Feature","properties":{"layer":"roads"},"geometry":{"type":"LineString","coordinates":[[16.9824281,51.0903171],[16.982416,51.0903465],[16.9824125,51.090355],[16.982409,51.0903635],[16.9824055,51.090372],[16.982402,51.0903805],[16.9823985,51.090389],[16.982395,51.0903975],[16.9823914,51.0904059],[16.9823879,51.0904144],[16.9823844,51.0904229],[16.9823809,51.0904314],[16.9823774,51.0904399],[16.9823739,51.0904484],[16.9823704,51.0904569],[16.9823668,51.0904654],[16.9823633,51.0904739],[16.9823598,51.0904824],[16.9823563,51.0904909],[16.9823472,51.0904976],[16.9823381,51.0905043],[16.982329,51.090511],[16.9823199,51.0905177],[16.9823107,51.0905244],[16.9823016,51.0905311],[16.9822925,51.0905378],[16.9822834,51.0905445],[16.9822743,51.0905511],[16.9822652,51.0905578],[16.9822561,51.0905645],[16.982247,51.0905712],[16.9822378,51.0905779],[16.9822287,51.0905846],[16.9822196,51.0905913],[16.9822105,51.090598],[16.9822014,51.0906047],[16.9821908,51.0906102],[16.9821802,51.0906156],[16.9821696,51.0906211],[16.9821591,51.0906266],[16.9821485,51.0906321],[16.9821379,51.0906375],[16.9821273,51.090643],[16.9821167,51.0906485],[16.9821061,51.090654],[16.9820955,51.0906594],[16.9820849,51.0906649],[16.9820744,51.0906704],[16.9820638,51.0906759],[16.9820532,51.0906813],[16.9820426,51.0906868],[16.9820323,51.0906923],[16.9820221,51.0906979],[16.9820118,51.0907034],[16.9820016,51.0907089],[16.9819913,51.0907145],[16.981981,51.09072],[16.9819708,51.0907255],[16.9819605,51.090731],[16.9819502,51.0907366],[16.98194,51.0907421],[16.9819297,51.0907476],[16.9819195,51.0907532],[16.9819092,51.0907587],[16.9818992,51.0907643],[16.9818891,51.0907698],[16.981879,51.0907754],[16.981869,51.0907809],[16.9818589,51.0907865],[16.9818489,51.0907921],[16.9818389,51.0907976],[16.9818288,51.0908032],[16.9818188,51.0908087],[16.9818087,51.0908143],[16.9817987,51.0908198],[16.9817886,51.0908254],[16.9817809,51.0908318],[16.9817731,51.0908382],[16.9817654,51.0908446],[16.9817576,51.090851],[16.9817499,51.0908573],[16.98172,51.090884]]}},{"type":"Feature","properties":{"layer":"roads"},"geometry":{"type":"LineString","coordinates":[[16.9824281,51.0903171],[16.9823751,51.0903166],[16.9823613,51.0903176],[16.9823476,51.0903186],[16.9823338,51.0903197],[16.9823201,51.0903207],[16.9823063,51.0903217],[16.9822926,51.0903227],[16.9822789,51.0903237],[16.9822651,51.0903248],[16.9822514,51.0903258],[16.9822376,51.0903268],[16.9822239,51.0903278],[16.9822101,51.0903289],[16.9821964,51.0903299],[16.9821826,51.0903309],[16.9821686,51.0903314],[16.9821546,51.090332],[16.9821407,51.0903325],[16.9821267,51.090333],[16.9821127,51.0903336],[16.9820987,51.0903341],[16.9820847,51.0903346],[16.9820707,51.0903352],[16.9820568,51.0903357],[16.9820428,51.0903362],[16.9820288,51.0903368],[16.9820148,51.0903373],[16.9820008,51.0903378],[16.9819868,51.0903384],[16.9819728,51.0903389],[16.9819589,51.0903394],[16.9819449,51.09034],[16.9819309,51.0903405],[16.9819169,51.090341],[16.9819029,51.0903416],[16.9818889,51.0903421],[16.981875,51.0903426],[16.981861,51.0903432],[16.981847,51.0903437],[16.9818331,51.0903441],[16.9818193,51.0903445],[16.9818054,51.0903449],[16.9817916,51.0903454],[16.9817777,51.0903458],[16.9817639,51.0903462],[16.98175,51.0903466],[16.9817362,51.090347],[16.9817223,51.0903474],[16.9817084,51.0903478],[16.9816946,51.0903483],[16.9816807,51.0903487],[16.9816669,51.0903491],[16.981653,51.0903495],[16.9816392,51.0903499],[16.9816253,51.0903503],[16.9816115,51.0903507],[16.9815976,51.0903511],[16.9815838,51.0903516],[16.9815699,51.090352],[16.981556,51.0903524],[16.9815422,51.0903528],[16.9815283,51.0903532],[16.9815145,51.0903536],[16.9815006,51.090354],[16.9814868,51.0903545],[16.9814729,51.0903549],[16.9814591,51.0903553],[16.9814452,51.0903557],[16.9814311,51.0903565],[16.981417,51.0903573],[16.9814029,51.0903581],[16.9813888,51.0903589],[16.9813747,51.0903597],[16.9813606,51.0903605],[16.9813464,51.0903614],[16.9813323,51.0903622],[16.9813182,51.090363],[16.9813041,51.0903638],[16.98129,51.0903646],[16.9812759,51.0903654],[16.9812618,51.0903662],[16.9812477,51.090367],[16.9812336,51.0903678],[16.9812195,51.0903686],[16.9812054,51.0903694],[16.9811913,51.0903702],[16.9811772,51.090371],[16.981163,51.0903718],[16.9811489,51.0903727],[16.9811348,51.0903735],[16.9811207,51.0903743],[16.9811066,51.0903751],[16.9810925,51.0903759],[16.9810784,51.0903767],[16.9810643,51.0903775],[16.9810502,51.0903783],[16.9810361,51.0903791],[16.981022,51.0903799],[16.9810079,51.0903807],[16.9809938,51.0903815],[16.9809797,51.0903823],[16.9809655,51.0903832],[16.9809514,51.090384],[16.9809373,51.0903848],[16.9809232,51.0903856],[16.9809091,51.0903864],[16.980895,51.0903872],[16.9808809,51.090388],[16.9808671,51.0903902],[16.9808533,51.0903924],[16.9808395,51.0903946],[16.9808256,51.0903968],[16.9808118,51.090399],[16.980798,51.0904012],[16.9807842,51.0904033],[16.9807704,51.0904055],[16.9807566,51.0904077],[16.9807428,51.0904099],[16.9807289,51.0904121],[16.9807151,51.0904143],[16.9807013,51.0904165],[16.9806875,51.0904187],[16.9806737,51.0904209],[16.9806599,51.0904231],[16.9806461,51.0904253],[16.9806322,51.0904275],[16.9806184,51.0904296],[16.9806046,51.0904318],[16.9805908,51.090434],[16.980577,51.0904362],[16.9805632,51.0904384],[16.9805494,51.0904406],[16.9805355,51.0904428],[16.9805217,51.090445],[16.9805079,51.0904472],[16.9804941,51.0904494],[16.9804803,51.0904516],[16.9804665,51.0904538],[16.9804527,51.0904559],[16.9804388,51.0904581],[16.980425,51.0904603],[16.9804112,51.0904625],[16.9803974,51.0904647],[16.9803836,51.0904669],[16.9803698,51.0904691],[16.9803559,51.0904713],[16.9803421,51.0904735],[16.9803283,51.0904757],[16.9803145,51.0904779],[16.9803007,51.0904801],[16.9802869,51.0904823],[16.9802731,51.0904844],[16.9802592,51.0904866],[16.9802454,51.0904888],[16.9802316,51.090491],[16.9802178,51.0904932],[16.980204,51.0904954],[16.9801902,51.0904976],[16.9801764,51.0904998],[16.9801625,51.090502],[16.9801487,51.0905042],[16.9801349,51.0905064],[16.9801211,51.0905086],[16.9801073,51.0905107],[16.9800935,51.0905129],[16.9800511,51.090527]]}},{"type":"Feature","properties":{"layer":"roads"},"geometry":{"type":"LineString","coordinates":[[16.9800511,51.090527],[16.980104,51.0905429],[16.9801172,51.090546],[16.9801305,51.0905492],[16.9801438,51.0905524],[16.980157,51.0905555],[16.9801703,51.0905587],[16.9801827,51.0905631],[16.9801951,51.0905675],[16.9802075,51.090572],[16.9802199,51.0905764],[16.9802323,51.0905808],[16.9802447,51.0905852],[16.9802571,51.0905897],[16.9802695,51.0905941],[16.980282,51.0905985],[16.9802944,51.0906029],[16.9803068,51.0906074],[16.9803192,51.0906118],[16.9803316,51.0906162],[16.980344,51.0906206],[16.9803564,51.0906251],[16.9803688,51.0906295],[16.9803812,51.0906339],[16.9803936,51.0906383],[16.980406,51.0906428],[16.9804184,51.0906472],[16.9804308,51.0906516],[16.9804432,51.090656],[16.9804556,51.0906605],[16.980468,51.0906649],[16.9804805,51.0906693],[16.9804929,51.0906737],[16.9805053,51.0906782],[16.9805177,51.0906826],[16.9805301,51.090687],[16.9805425,51.0906914],[16.9805549,51.0906959],[16.9805673,51.0907003],[16.9805797,51.0907047],[16.9805921,51.0907091],[16.9806045,51.0907136],[16.9806169,51.090718],[16.9806293,51.0907224],[16.9806417,51.0907268],[16.9806541,51.0907313],[16.9806665,51.0907357],[16.980679,51.0907401],[16.9806914,51.0907445],[16.9807038,51.090749],[16.9807162,51.0907534],[16.9807286,51.0907578],[16.980741,51.0907622],[16.9807534,51.0907667],[16.9807658,51.0907711],[16.9807782,51.0907755],[16.9807907,51.0907793],[16.9808032,51.0907832],[16.9808156,51.090787],[16.9808281,51.0907908],[16.9808406,51.0907946],[16.9808531,51.0907985],[16.9808656,51.0908023],[16.980878,51.0908061],[16.9808905,51.0908099],[16.980903,51.0908137],[16.9809155,51.0908176],[16.980928,51.0908214],[16.9809404,51.0908252],[16.9809529,51.090829],[16.9809654,51.0908329],[16.9809779,51.0908367],[16.9809904,51.0908405],[16.9810028,51.0908443],[16.9810153,51.0908482],[16.9810278,51.090852],[16.9810407,51.0908553],[16.9810537,51.0908585],[16.9810666,51.0908618],[16.9810796,51.090865],[16.9810925,51.0908683],[16.9811054,51.0908716],[16.9811184,51.0908748],[16.9811313,51.0908781],[16.9811443,51.0908813],[16.9811572,51.0908846],[16.9811701,51.0908879],[16.9811831,51.0908911],[16.981196,51.0908944],[16.981209,51.0908976],[16.9812219,51.0909009],[16.9812349,51.0909041],[16.9812478,51.0909074],[16.9812607,51.0909107],[16.9812737,51.0909139],[16.9812866,51.0909172],[16.9813168,51.0909386]]}},{"type":"Feature","properties":{"layer":"roads"},"geometry":{"type":"LineString","coordinates":[[16.9800511,51.090527],[16.9799756,51.0905236]]}},{"type":"Feature","properties":{"layer":"roads"},"geometry":{"type":"LineString","coordinates":[[16.9800511,51.090527],[16.9800367,51.0905589],[16.9800398,51.0905676],[16.9800429,51.0905764],[16.9800459,51.0905851],[16.980049,51.0905939],[16.9800521,51.0906026],[16.9800552,51.0906114],[16.9800582,51.0906201],[16.9800613,51.0906289],[16.9800644,51.0906376],[16.9800675,51.0906464],[16.9800705,51.0906551],[16.9800736,51.0906639],[16.9800767,51.0906726],[16.9800798,51.0906814],[16.9800828,51.0906901],[16.9800859,51.0906989],[16.980089,51.0907076],[16.9800921,51.0907164],[16.9800952,51.0907251],[16.9800982,51.0907338],[16.9801013,51.0907426],[16.9801044,51.0907513],[16.9801075,51.0907601],[16.9801105,51.0907688],[16.9801136,51.0907776],[16.9801167,51.0907863],[16.9801198,51.0907951],[16.9801228,51.0908038],[16.9801259,51.0908126],[16.980129,51.0908213],[16.9801321,51.0908301],[16.9801351,51.0908388],[16.9801382,51.0908476],[16.9801413,51.0908563],[16.9801444,51.0908651],[16.9801474,51.0908738],[16.9801505,51.0908826],[16.9801536,51.0908913],[16.9801567,51.0909001],[16.9801597,51.0909088],[16.9801628,51.0909175],[16.9801659,51.0909263],[16.980169,51.090935],[16.9801721,51.0909438],[16.9801751,51.0909525],[16.9801782,51.0909613],[16.9801813,51.09097],[16.9801844,51.0909788],[16.9801874,51.0909875],[16.9801905,51.0909963],[16.9801936,51.091005],[16.9801967,51.0910138],[16.9801997,51.0910225],[16.9802028,51.0910313],[16.9802059,51.09104],[16.980209,51.0910488],[16.980212,51.0910575],[16.9802151,51.0910663],[16.9802182,51.091075],[16.9802369,51.091109]]}},{"type":"Feature","properties":{"layer":"roads"},"geometry":{"type":"LineString","coordinates":[[16.9814611,51.0858958],[16.9814139,51.0858976],[16.9813972,51.0858982],[16.9813594,51.0859034],[16.9813365,51.0859067],[16.9813231,51.0859088],[16.9813097,51.0859108],[16.9812963,51.0859129],[16.9812829,51.0859149],[16.9812695,51.0859169],[16.981256,51.085919],[16.9812426,51.085921],[16.9812292,51.085923],[16.9811917,51.0859288],[16.9811623,51.0859325],[16.9811489,51.0859337],[16.9811356,51.085935],[16.9811222,51.0859362],[16.9811089,51.0859375],[16.9810956,51.0859387],[16.9810822,51.08594],[16.9810689,51.0859412],[16.9810556,51.0859425],[16.9810422,51.0859438],[16.9810002,51.0859525]]}},{"type":"Feature","properties":{"layer":"roads"},"geometry":{"type":"LineString","coordinates":[[16.9814611,51.0858958],[16.981496,51.0859136],[16.9815097,51.0859158],[16.9815233,51.0859181],[16.981537,51.0859203],[16.9815506,51.0859226],[16.9815643,51.0859248],[16.9815779,51.0859271],[16.9815916,51.0859294],[16.9816053,51.0859316],[16.9816189,51.0859339],[16.9816326,51.0859361],[16.9816462,51.0859384],[16.9816599,51.0859406],[16.9816736,51.0859429],[16.9816872,51.0859451],[16.9817009,51.0859474],[16.9817145,51.0859496],[16.9817282,51.0859519],[16.9817418,51.0859541],[16.9817555,51.0859564],[16.9817696,51.085956],[16.9817837,51.0859555],[16.9817978,51.0859551],[16.9818119,51.0859547],[16.981826,51.0859542],[16.9818401,51.0859538],[16.9818542,51.0859534],[16.9818683,51.0859529],[16.9818824,51.0859525],[16.9818965,51.0859521],[16.9819106,51.0859516],[16.9819247,51.0859512],[16.9819388,51.0859508],[16.9819529,51.0859504],[16.981967,51.0859499],[16.9819811,51.0859495],[16.9819952,51.0859491],[16.9820093,51.0859486],[16.9820234,51.0859482],[16.9820375,51.0859478],[16.9820516,51.0859473],[16.9820657,51.0859469],[16.9820796,51.0859451],[16.9820935,51.0859432],[16.9821074,51.0859414],[16.9821212,51.0859395],[16.9821351,51.0859377],[16.982149,51.0859358],[16.9821629,51.085934],[16.9821768,51.0859321],[16.9821907,51.0859303],[16.9822045,51.0859284],[16.9822184,51.0859266],[16.9822323,51.0859247],[16.9822462,51.0859229],[16.9822601,51.085921],[16.982274,51.0859192],[16.9822879,51.0859173],[16.9823017,51.0859155],[16.9823156,51.0859136],[16.9823295,51.0859118],[16.9823434,51.0859099],[16.9823573,51.0859081],[16.9823712,51.0859062],[16.982385,51.0859043],[16.9823989,51.0859025],[16.9824128,51.0859006],[16.9824267,51.0858988],[16.9824406,51.0858969],[16.9824545,51.0858951],[16.9824683,51.0858932],[16.9824822,51.0858914],[16.9824961,51.0858895],[16.98251,51.0858877],[16.9825241,51.0858861],[16.9825381,51.0858845],[16.9825522,51.0858829],[16.9825663,51.0858812],[16.9825804,51.0858796],[16.9825944,51.085878],[16.9826085,51.0858764],[16.9826226,51.0858748],[16.9826366,51.0858732],[16.9826507,51.0858715],[16.9826648,51.0858699],[16.9826789,51.0858683],[16.9826929,51.0858667],[16.982707,51.0858651],[16.9827211,51.0858635],[16.9827351,51.0858619],[16.9827492,51.0858602],[16.9827633,51.0858586],[16.9827774,51.085857],[16.9827914,51.0858554],[16.9828055,51.0858538],[16.9828196,51.0858522],[16.9828337,51.0858505],[16.9828477,51.0858489],[16.9828618,51.0858473],[16.9828759,51.0858457],[16.9828899,51.0858441],[16.982904,51.0858425],[16.9829181,51.0858408],[16.9829322,51.0858392],[16.9829462,51.0858376],[16.9829603,51.085836],[16.9829744,51.085837],[16.9829886,51.085838],[16.9830027,51.085839],[16.9830169,51.08584],[16.983031,51.0858409],[16.9830452,51.0858419],[16.9830593,51.0858429],[16.9830735,51.0858439],[16.9830876,51.0858449],[16.9831018,51.0858459],[16.9831159,51.0858469],[16.98313,51.0858479],[16.9831442,51.0858488],[16.9831583,51.0858498],[16.9831725,51.0858508],[16.9831866,51.0858518],[16.9832008,51.0858528],[16.9832149,51.0858538],[16.9832291,51.0858548],[16.9832432,51.0858558],[16.9832574,51.0858567],[16.9832715,51.0858577],[16.9832856,51.0858587],[16.9832998,51.0858597],[16.9833139,51.0858607],[16.9833281,51.0858617],[16.9833422,51.0858627],[16.9833564,51.0858637],[16.9833705,51.0858646],[16.9833847,51.0858656],[16.9833988,51.0858666],[16.983413,51.0858676],[16.9834271,51.0858686],[16.9834407,51.085869],[16.9834544,51.0858694],[16.983468,51.0858697],[16.9834817,51.0858701],[16.9834954,51.0858705],[16.983509,51.0858709],[16.9835227,51.0858712],[16.9835363,51.0858716],[16.98355,51.085872],[16.9835636,51.0858724],[16.9835772,51.0858728],[16.9835909,51.0858731],[16.9836045,51.0858735],[16.9836182,51.0858739],[16.9836319,51.0858743],[16.9836455,51.0858746],[16.9836592,51.085875],[16.9836728,51.0858754],[16.9836833,51.0858733],[16.9836939,51.0858712],[16.9837044,51.085869],[16.9837569,51.085862]]}},{"type":"Feature","properties":{"layer":"roads"},"geometry":{"type":"LineString","coordinates":[[16.9814611,51.0858958],[16.9815072,51.0858769],[16.9815205,51.0858743],[16.9815339,51.0858717],[16.9815472,51.0858691],[16.9815606,51.0858665],[16.9815739,51.0858638],[16.9815873,51.0858612],[16.9816006,51.0858586],[16.981614,51.085856],[16.9816273,51.0858534],[16.9816407,51.0858508],[16.981654,51.0858482],[16.9816674,51.0858456],[16.9816807,51.0858429],[16.9816941,51.0858403],[16.9817074,51.0858377],[16.9817208,51.0858351],[16.9817341,51.0858325],[16.9817475,51.0858299],[16.9817608,51.0858273],[16.9817742,51.0858247],[16.9817875,51.085822],[16.9818009,51.0858194],[16.9818142,51.0858168],[16.9818276,51.0858142],[16.9818409,51.0858116],[16.9818543,51.085809],[16.9818676,51.0858064],[16.981881,51.0858038],[16.9818943,51.0858011],[16.9819477,51.0857907]]}},{"type":"Feature","properties":{"layer":"roads"},"geometry":{"type":"LineString","coordinates":[[16.9799305,51.0835019],[16.9799679,51.0834878],[16.9799777,51.0834812],[16.9799875,51.0834747],[16.9799972,51.0834681],[16.980007,51.0834616],[16.9800168,51.0834551],[16.9800265,51.0834485],[16.9800363,51.083442],[16.9800461,51.0834354],[16.9800558,51.0834289],[16.9800656,51.0834223],[16.9800754,51.0834158],[16.9800851,51.0834092],[16.9800949,51.0834027],[16.9801047,51.0833962],[16.9801144,51.0833896],[16.9801242,51.0833831],[16.980134,51.0833765],[16.9801437,51.08337],[16.9801535,51.0833634],[16.9801632,51.0833569],[16.980173,51.0833503],[16.9801828,51.0833438],[16.9801925,51.0833372],[16.9802023,51.0833307],[16.9802121,51.0833242],[16.9802218,51.0833176],[16.9802316,51.0833111],[16.9802414,51.0833045],[16.9802511,51.083298],[16.9802609,51.0832914],[16.9802707,51.0832849],[16.9802804,51.0832783],[16.9802902,51.0832718],[16.9803,51.0832653],[16.9803097,51.0832587],[16.9803195,51.0832522],[16.9803293,51.0832456],[16.980339,51.0832391],[16.9803488,51.0832325],[16.9803586,51.083226],[16.9803683,51.0832194],[16.9803781,51.0832129],[16.9803896,51.0832085],[16.980401,51.083204],[16.9804125,51.0831996],[16.9804583,51.0831819]]}},{"type":"Feature","properties":{"layer":"roads"},"geometry":{"type":"LineString","coordinates":[[16.9799305,51.0835019],[16.9799202,51.0835295],[16.9799237,51.0835563],[16.9799248,51.0835653],[16.9799259,51.0835742],[16.9799271,51.0835832],[16.9799282,51.0835921],[16.9799293,51.0836011],[16.9799305,51.08361],[16.9799316,51.083619],[16.9799328,51.0836279],[16.9799339,51.0836369],[16.979935,51.0836458],[16.9799362,51.0836548],[16.9799373,51.0836637],[16.9799384,51.0836727],[16.9799396,51.0836816],[16.9799407,51.0836906],[16.9799419,51.0836995],[16.979943,51.0837085],[16.9799441,51.0837174],[16.9799453,51.0837264],[16.9799342,51.0837531]]}},{"type":"Feature","properties":{"layer":"roads"},"geometry":{"type":"LineString","coordinates":[[16.9786478,51.0825862],[16.9786911,51.082603],[16.978698,51.0826108],[16.9787049,51.0826186],[16.9787118,51.0826265],[16.9787186,51.0826343],[16.9787255,51.0826421],[16.9787324,51.08265],[16.9787393,51.0826578],[16.9787462,51.0826656],[16.9787531,51.0826735],[16.97876,51.0826813],[16.9787668,51.0826891],[16.9787737,51.082697],[16.9787806,51.0827048],[16.9787875,51.0827126],[16.9787944,51.0827205],[16.9788013,51.0827283],[16.9788081,51.0827361],[16.978815,51.082744],[16.9788219,51.0827518],[16.9788288,51.0827596],[16.9788357,51.0827675],[16.9788425,51.0827753],[16.9788494,51.0827831],[16.9788563,51.082791],[16.9788632,51.0827988],[16.9788697,51.0828066],[16.9788762,51.0828144],[16.9788826,51.0828223],[16.9788891,51.0828301],[16.9788956,51.0828379],[16.9789021,51.0828457],[16.9789086,51.0828535],[16.9789151,51.0828613],[16.9789215,51.0828692],[16.978928,51.082877],[16.9789345,51.0828848],[16.978941,51.0828926],[16.9789475,51.0829004],[16.9789539,51.0829083],[16.9789604,51.0829161],[16.9789669,51.0829239],[16.9789734,51.0829317],[16.9789799,51.0829395],[16.9789864,51.0829473],[16.9789928,51.0829552],[16.9789993,51.082963],[16.9790058,51.0829708],[16.9790123,51.0829786],[16.9790188,51.0829864],[16.9790252,51.0829943],[16.9790317,51.0830021],[16.9790382,51.0830099],[16.9790447,51.0830177],[16.9790512,51.0830255],[16.9790576,51.0830334],[16.9790641,51.0830412],[16.9790706,51.083049],[16.9790771,51.0830568],[16.9790836,51.0830646],[16.9790901,51.0830724],[16.9790965,51.0830803],[16.979103,51.0830881],[16.9791095,51.0830959],[16.979116,51.0831037],[16.9791225,51.0831115],[16.9791289,51.0831194],[16.9791354,51.0831272],[16.9791419,51.083135],[16.9791484,51.0831428],[16.9791549,51.0831506],[16.9791614,51.0831584],[16.9791678,51.0831663],[16.9791743,51.0831741],[16.9791808,51.0831819],[16.9791873,51.0831897],[16.9791937,51.0831976],[16.9792002,51.0832054],[16.9792066,51.0832132],[16.9792131,51.0832211],[16.9792195,51.0832289],[16.979226,51.0832367],[16.9792325,51.0832445],[16.9792389,51.0832524],[16.9792454,51.0832602],[16.9792518,51.083268],[16.9792583,51.0832759],[16.9792647,51.0832837],[16.9792712,51.0832915],[16.9792776,51.0832994],[16.9792841,51.0833072],[16.9792906,51.083315],[16.979297,51.0833228],[16.9793035,51.0833307],[16.9793099,51.0833385],[16.9793164,51.0833463],[16.9793228,51.0833542],[16.9793293,51.083362],[16.9793381,51.0833688],[16.9793469,51.0833756],[16.9793557,51.0833824],[16.9793645,51.0833892],[16.9793733,51.083396],[16.979382,51.0834028],[16.9793908,51.0834096],[16.9793996,51.0834164],[16.9794084,51.0834232],[16.9794172,51.08343],[16.979426,51.0834368],[16.9794348,51.0834436],[16.9794436,51.0834504],[16.9794524,51.0834572],[16.9794612,51.083464],[16.97947,51.0834708],[16.9794787,51.0834776],[16.9794875,51.0834844],[16.9794963,51.0834912],[16.9795051,51.083498],[16.9795139,51.0835048],[16.9795227,51.0835116],[16.9795315,51.0835184],[16.9795403,51.0835252],[16.9795491,51.083532],[16.9795579,51.0835388],[16.9795667,51.0835456],[16.9795754,51.0835524],[16.9795842,51.0835592],[16.979593,51.083566],[16.9796018,51.0835728],[16.9796106,51.0835796],[16.9796194,51.0835864],[16.9796298,51.0835925],[16.9796402,51.0835985],[16.9796506,51.0836046],[16.979661,51.0836106],[16.9796714,51.0836167],[16.9796818,51.0836227],[16.9796922,51.0836288],[16.9797026,51.0836348],[16.979713,51.0836409],[16.9797234,51.0836469],[16.9797338,51.083653],[16.9797442,51.083659],[16.9797546,51.0836651],[16.979765,51.0836711],[16.9797754,51.0836772],[16.9797857,51.0836832],[16.9797961,51.0836893],[16.9798065,51.0836954],[16.9798169,51.0837014],[16.9798273,51.0837075],[16.9798377,51.0837135],[16.9798481,51.0837196],[16.9798585,51.0837256],[16.9798689,51.0837317],[16.9798793,51.0837377],[16.9798897,51.0837438],[16.9799342,51.0837531]]}},{"type":"Feature","properties":{"layer":"roads"},"geometry":{"type":"LineString","coordinates":[[16.9786478,51.0825862],[16.978622,51.082608],[16.9786162,51.0826154],[16.9786105,51.0826228],[16.9786047,51.0826301],[16.9785989,51.0826375],[16.9785868,51.082642],[16.9785746,51.0826466],[16.9785625,51.0826511],[16.9785504,51.0826556],[16.9785382,51.0826601],[16.9785261,51.0826647],[16.9785139,51.0826692],[16.9785018,51.0826737],[16.9784897,51.0826782],[16.9784775,51.0826828],[16.9784654,51.0826873],[16.9784516,51.0826897],[16.9784379,51.0826922],[16.9784241,51.0826946],[16.9784103,51.0826971],[16.9783966,51.0826995],[16.9783828,51.082702],[16.978369,51.0827044],[16.9783553,51.0827068],[16.9783415,51.0827093],[16.9783277,51.0827117],[16.978314,51.0827142],[16.9783002,51.0827166],[16.9782867,51.0827193],[16.9782733,51.082722],[16.9782598,51.0827247],[16.9782464,51.0827274],[16.9782329,51.0827301],[16.9782195,51.0827329],[16.978206,51.0827356],[16.9781926,51.0827383],[16.9781791,51.082741],[16.9781657,51.0827437],[16.9781522,51.0827464],[16.9781388,51.0827491],[16.9781253,51.0827518],[16.9781119,51.0827545],[16.9780984,51.0827572],[16.978085,51.0827599],[16.9780715,51.0827626],[16.9780581,51.0827654],[16.9780446,51.0827681],[16.9780312,51.0827708],[16.9780177,51.0827735],[16.9780043,51.0827762],[16.9779908,51.0827789],[16.9779787,51.0827833],[16.9779666,51.0827878],[16.9779545,51.0827922],[16.9779424,51.0827967],[16.9779303,51.0828011],[16.9779182,51.0828056],[16.9779061,51.08281],[16.977894,51.0828145],[16.9778819,51.0828189],[16.9778699,51.0828233],[16.9778578,51.0828278],[16.9778457,51.0828322],[16.9778336,51.0828367],[16.9778215,51.0828411],[16.9778094,51.0828456],[16.9777973,51.08285],[16.9777852,51.0828545],[16.9777731,51.0828589],[16.977761,51.0828634],[16.9777489,51.0828678],[16.977737,51.0828722],[16.9777251,51.0828767],[16.9777131,51.0828811],[16.9777012,51.0828855],[16.9776893,51.08289],[16.9776774,51.0828944],[16.9776654,51.0828988],[16.9776535,51.0829032],[16.9776416,51.0829077],[16.9776297,51.0829121],[16.9776177,51.0829165],[16.9776058,51.082921],[16.9775939,51.0829254],[16.977582,51.0829298],[16.97757,51.0829343],[16.9775581,51.0829387],[16.9775462,51.0829431],[16.9775343,51.0829476],[16.9775223,51.082952],[16.9775104,51.0829564],[16.9774985,51.0829609],[16.9774866,51.0829653],[16.9774746,51.0829697],[16.9774627,51.0829741],[16.9774508,51.0829786],[16.9774389,51.082983],[16.9774269,51.0829874],[16.977415,51.0829919],[16.9773868,51.0829996],[16.9773487,51.0830074],[16.9773351,51.0830102],[16.9773215,51.083013],[16.9773079,51.0830158],[16.9772943,51.0830186],[16.9772807,51.0830214],[16.9772671,51.0830242],[16.9772535,51.0830269],[16.9772399,51.0830297],[16.9772263,51.0830325],[16.9772127,51.0830353],[16.9771992,51.0830381],[16.9771856,51.0830409],[16.977172,51.0830437],[16.9771584,51.0830465],[16.9771448,51.0830492],[16.9771312,51.083052],[16.9771176,51.0830548],[16.977104,51.0830576],[16.9770904,51.0830604],[16.9770768,51.0830632],[16.9770632,51.083066],[16.9770496,51.0830687],[16.977036,51.0830715],[16.9770224,51.0830743],[16.9770088,51.0830771],[16.9769954,51.0830798],[16.976982,51.0830824],[16.9769687,51.0830851],[16.9769553,51.0830877],[16.9769419,51.0830904],[16.9769285,51.083093],[16.9769151,51.0830957],[16.9769018,51.0830983],[16.9768884,51.083101],[16.976875,51.0831036],[16.9768616,51.0831063],[16.9768482,51.0831089],[16.9768349,51.0831116],[16.9768215,51.0831142],[16.9768081,51.0831169],[16.9767947,51.0831195],[16.9767814,51.0831222],[16.976768,51.0831248],[16.9767546,51.0831275],[16.9767412,51.0831301],[16.9767278,51.0831328],[16.9767145,51.0831354],[16.9767011,51.0831381],[16.9766877,51.0831407],[16.9766743,51.0831434],[16.9766609,51.083146],[16.9766476,51.0831487],[16.9766342,51.0831513],[16.9766208,51.083154],[16.9766088,51.0831584],[16.9765969,51.0831629],[16.9765849,51.0831673],[16.9765729,51.0831717],[16.9765609,51.0831761],[16.976549,51.0831806],[16.976537,51.083185],[16.976525,51.0831894],[16.9765131,51.0831938],[16.9765011,51.0831983],[16.9764891,51.0832027],[16.9764771,51.0832071],[16.9764652,51.0832115],[16.9764532,51.083216],[16.9764412,51.0832204],[16.9764292,51.0832248],[16.9764173,51.0832292],[16.9764053,51.0832336],[16.9763933,51.0832381],[16.9763814,51.0832425],[16.9763694,51.0832469],[16.9763574,51.0832513],[16.9763454,51.0832558],[16.9763335,51.0832602],[16.9763215,51.0832646],[16.9763095,51.083269],[16.9762976,51.0832735],[16.9762856,51.0832779],[16.9762736,51.0832823],[16.9762345,51.0833032]]}},{"type":"Feature","properties":{"layer":"roads"},"geometry":{"type":"LineString","coordinates":[[16.9799342,51.0837531],[16.9799535,51.083789],[16.9799579,51.0838155],[16.9799593,51.0838244],[16.9799607,51.0838333],[16.9799622,51.0838421],[16.9799636,51.083851],[16.9799651,51.0838598],[16.9799665,51.0838687],[16.9799679,51.0838776],[16.9799694,51.0838864],[16.9799708,51.0838953],[16.9799723,51.0839041],[16.9799737,51.083913],[16.9799751,51.0839219],[16.9799766,51.0839307],[16.979978,51.0839396],[16.9799795,51.0839484],[16.9799809,51.0839573],[16.9799823,51.0839662],[16.9799838,51.083975],[16.9799852,51.0839839],[16.9799867,51.0839927],[16.9799881,51.0840016],[16.9799895,51.0840105],[16.979991,51.0840193],[16.9799924,51.0840282],[16.9799939,51.084037],[16.9799953,51.0840459],[16.9799967,51.0840548],[16.9799982,51.0840636],[16.9799996,51.0840725],[16.9800011,51.0840813],[16.9800025,51.0840902],[16.9800039,51.0840991],[16.9800054,51.0841079],[16.9800068,51.0841168],[16.9800083,51.0841256],[16.9800097,51.0841345],[16.9800112,51.0841433],[16.9800126,51.0841522],[16.980014,51.0841611],[16.9800155,51.0841699],[16.9800169,51.0841788],[16.9800184,51.0841876],[16.9800198,51.0841965],[16.9800212,51.0842054],[16.9800227,51.0842142],[16.9800241,51.0842231],[16.9800256,51.0842319],[16.980027,51.0842408],[16.9800284,51.0842497],[16.9800299,51.0842585],[16.9800313,51.0842674],[16.9800328,51.0842762],[16.9800342,51.0842851],[16.9800356,51.084294],[16.9800371,51.0843028],[16.9800385,51.0843117],[16.98004,51.0843205],[16.9800414,51.0843294],[16.9800428,51.0843383],[16.9800443,51.0843471],[16.9800457,51.084356],[16.9800472,51.0843648],[16.9800486,51.0843737],[16.98005,51.0843826],[16.9800515,51.0843914],[16.9800529,51.0844003],[16.9800544,51.0844091],[16.9800558,51.084418],[16.9800572,51.0844269],[16.9800587,51.0844357],[16.9800601,51.0844446],[16.9800616,51.0844534],[16.980063,51.0844623],[16.9800656,51.0844711],[16.9800681,51.08448],[16.9800707,51.0844888],[16.9800733,51.0844976],[16.9800758,51.0845065],[16.9800784,51.0845153],[16.9800809,51.0845242],[16.9800835,51.084533],[16.9800861,51.0845418],[16.9800886,51.0845507],[16.9800912,51.0845595],[16.9800938,51.0845683],[16.9800963,51.0845772],[16.9800989,51.084586],[16.9801014,51.0845949],[16.980104,51.0846037],[16.9801066,51.0846125],[16.9801091,51.0846214],[16.9801117,51.0846302],[16.9801143,51.084639],[16.9801168,51.0846479],[16.9801194,51.0846567],[16.9801219,51.0846656],[16.9801217,51.0846972]]}},{"type":"Feature","properties":{"layer":"roads"},"geometry":{"type":"LineString","coordinates":[[16.9799756,51.0905236],[16.9799509,51.090501],[16.9799386,51.0904972],[16.9799263,51.0904933],[16.9799141,51.0904895],[16.9799018,51.0904857],[16.9798896,51.0904819],[16.9798773,51.090478],[16.9798651,51.0904742],[16.9798528,51.0904704],[16.9798389,51.0904686],[16.9798251,51.0904668],[16.9798112,51.0904651],[16.9797974,51.0904633],[16.9797835,51.0904615],[16.9797697,51.0904597],[16.9797558,51.0904579],[16.979742,51.0904562],[16.9797281,51.0904544],[16.9797142,51.0904526],[16.9797004,51.0904508],[16.9796865,51.090449],[16.9796727,51.0904473],[16.9796588,51.0904455],[16.979645,51.0904437],[16.9796311,51.0904419],[16.9796173,51.0904401],[16.9796034,51.0904384],[16.9795895,51.0904366],[16.9795757,51.0904348],[16.9795618,51.090433],[16.979548,51.0904312],[16.9795341,51.0904295],[16.9795203,51.0904277],[16.9795064,51.0904259],[16.9794926,51.0904241],[16.9794787,51.0904223],[16.9794648,51.0904206],[16.979451,51.0904188],[16.9794371,51.090417],[16.9794233,51.0904152],[16.9794094,51.0904134],[16.9793956,51.0904116],[16.9793817,51.0904099],[16.9793678,51.0904081],[16.979354,51.0904063],[16.9793401,51.0904045],[16.9793263,51.0904027],[16.9793124,51.090401],[16.9792986,51.0903992],[16.9792847,51.0903974],[16.9792709,51.0903956],[16.979257,51.0903938],[16.9792431,51.0903921],[16.9792293,51.0903903],[16.9792154,51.0903885],[16.9792016,51.0903867],[16.9791877,51.0903849],[16.9791739,51.0903832],[16.97916,51.0903814],[16.9791462,51.0903796],[16.9791323,51.0903778],[16.9791184,51.090376],[16.9791046,51.0903743],[16.9790907,51.0903725],[16.9790769,51.0903707],[16.979063,51.0903689],[16.9790492,51.0903671],[16.9790353,51.0903654],[16.9790215,51.0903636],[16.9790076,51.0903618],[16.9789938,51.0903601],[16.9789801,51.0903584],[16.9789663,51.0903567],[16.9789525,51.090355],[16.9789388,51.0903533],[16.978925,51.0903516],[16.9789113,51.0903499],[16.9788975,51.0903482],[16.9788837,51.0903465],[16.97887,51.0903448],[16.9788562,51.0903431],[16.9788424,51.0903414],[16.9788287,51.0903397],[16.9788149,51.090338],[16.9788011,51.0903363],[16.9787874,51.0903346],[16.9787736,51.0903329],[16.9787599,51.0903312],[16.9787461,51.0903295],[16.9787323,51.0903278],[16.9787186,51.0903261],[16.9787048,51.0903244],[16.978691,51.0903227],[16.9786773,51.090321],[16.9786635,51.0903193],[16.9786497,51.0903176],[16.978636,51.0903159],[16.9786222,51.0903142],[16.9786084,51.0903125],[16.9785947,51.0903108],[16.9785809,51.0903091],[16.9785672,51.0903074],[16.9785534,51.0903057],[16.9785396,51.090304],[16.9785259,51.0903023],[16.9785121,51.0903006],[16.9784983,51.0902989],[16.9784846,51.0902972],[16.9784708,51.0902955],[16.978457,51.0902938],[16.9784433,51.0902921],[16.9784295,51.0902904],[16.9784158,51.0902887],[16.978402,51.090287],[16.9783882,51.0902853],[16.9783745,51.0902836],[16.9783607,51.0902819],[16.9783475,51.0902794],[16.9783343,51.0902768],[16.9783211,51.0902743],[16.9783079,51.0902718],[16.9782947,51.0902693],[16.9782815,51.0902667],[16.9782684,51.0902642],[16.9782552,51.0902617],[16.978242,51.0902591],[16.9782288,51.0902566],[16.9782156,51.0902541],[16.9782024,51.0902516],[16.9781892,51.090249],[16.978176,51.0902465],[16.978163,51.090243],[16.9781499,51.0902395],[16.9781369,51.090236],[16.9781238,51.0902324],[16.9781108,51.0902289],[16.9780978,51.0902254],[16.9780847,51.0902219],[16.9780717,51.0902184],[16.9780587,51.0902148],[16.9780456,51.0902113],[16.9780326,51.0902078],[16.9780195,51.0902043],[16.9780065,51.0902008],[16.9779935,51.0901973],[16.97794,51.0901884]]}},{"type":"Feature","properties":{"layer":"roads"},"geometry":{"type":"LineString","coordinates":[[16.9799756,51.0905236],[16.979927,51.0905382],[16.9799131,51.0905402],[16.9798992,51.0905423],[16.9798853,51.0905443],[16.9798714,51.0905464],[16.9798575,51.0905484],[16.9798436,51.0905504],[16.9798297,51.0905525],[16.9798158,51.0905545],[16.9798018,51.0905566],[16.9797879,51.0905586],[16.979774,51.0905607],[16.9797601,51.0905627],[16.9797462,51.0905647],[16.9797323,51.0905668],[16.9797184,51.0905688],[16.9797045,51.0905709],[16.9796906,51.0905729],[16.9796767,51.090575],[16.9796627,51.090577],[16.9796488,51.090579],[16.9796349,51.0905811],[16.979621,51.0905831],[16.9796071,51.0905852],[16.9795932,51.0905872],[16.9795793,51.0905892],[16.9795654,51.0905913],[16.9795515,51.0905933],[16.9795375,51.0905954],[16.9795236,51.0905974],[16.9795097,51.0905995],[16.9794958,51.0906015],[16.9794819,51.0906035],[16.979468,51.0906056],[16.9794541,51.0906076],[16.9794402,51.0906097],[16.9794263,51.0906117],[16.9794124,51.0906137],[16.9793984,51.0906158],[16.9793845,51.0906178],[16.9793706,51.0906199],[16.9793567,51.0906219],[16.9793428,51.090624],[16.9793289,51.090626],[16.9793151,51.0906281],[16.9793012,51.0906302],[16.9792874,51.0906323],[16.9792735,51.0906344],[16.9792597,51.0906365],[16.9792459,51.0906386],[16.979232,51.0906407],[16.9792182,51.0906428],[16.9792044,51.0906448],[16.9791905,51.0906469],[16.9791767,51.090649],[16.9791628,51.0906511],[16.979149,51.0906532],[16.9791352,51.0906553],[16.9791213,51.0906574],[16.9791075,51.0906595],[16.9790936,51.0906616],[16.9790798,51.0906637],[16.979066,51.0906658],[16.9790521,51.0906679],[16.9790383,51.09067],[16.9790245,51.0906721],[16.9790106,51.0906742],[16.9789968,51.0906763],[16.9789829,51.0906784],[16.9789691,51.0906804],[16.9789553,51.0906825],[16.9789414,51.0906846],[16.9789276,51.0906867],[16.9789138,51.0906888],[16.9788999,51.0906909],[16.9788861,51.090693],[16.9788722,51.0906951],[16.9788584,51.0906972],[16.978845,51.0906984],[16.9788315,51.0906997],[16.9788181,51.0907009],[16.9788047,51.0907021],[16.9787913,51.0907033],[16.9787778,51.0907046],[16.9787644,51.0907058],[16.9787095,51.0907111]]}},{"type":"Feature","properties":{"layer":"roads"},"geometry":{"type":"LineString","coordinates":[[16.97794,51.0901884],[16.9779461,51.0902173],[16.9779473,51.0902258],[16.9779485,51.0902343],[16.9779497,51.0902428],[16.977951,51.0902513],[16.9779522,51.0902598],[16.9779534,51.0902683],[16.9779546,51.0902768],[16.9779582,51.0903024],[16.9779577,51.0903395]]}},{"type":"Feature","properties":{"layer":"roads"},"geometry":{"type":"LineString","coordinates":[[16.97794,51.0901884],[16.9778869,51.090175],[16.9778732,51.0901729],[16.9778596,51.0901709],[16.977846,51.0901688],[16.9778324,51.0901668],[16.9778188,51.0901647],[16.9778052,51.0901627],[16.9777916,51.0901606],[16.977778,51.0901586],[16.9777644,51.0901565],[16.9777507,51.0901545],[16.9777371,51.0901524],[16.9777235,51.0901504],[16.9777099,51.0901483],[16.9776963,51.0901463],[16.9776827,51.0901442],[16.9776691,51.0901422],[16.9776555,51.0901401],[16.9776418,51.0901381],[16.9776282,51.090136],[16.9776146,51.090134],[16.977601,51.0901319],[16.9775874,51.0901299],[16.9775738,51.0901278],[16.9775602,51.0901258],[16.9775466,51.0901237],[16.977533,51.0901217],[16.9775193,51.0901196],[16.9775057,51.0901176],[16.9774921,51.0901155],[16.9774785,51.0901135],[16.9774649,51.0901114],[16.977451,51.0901105],[16.9774372,51.0901097],[16.9774233,51.0901088],[16.9774094,51.090108],[16.9773955,51.0901071],[16.9773817,51.0901062],[16.9773678,51.0901054],[16.9773539,51.0901045],[16.9773396,51.0901044],[16.9773253,51.0901042],[16.977311,51.0901041],[16.9772967,51.0901039],[16.9772824,51.0901038],[16.977268,51.0901037],[16.9772537,51.0901035],[16.9772394,51.0901034],[16.9772251,51.0901032],[16.977178,51.0901111]]}},{"type":"Feature","properties":{"layer":"roads"},"geometry":{"type":"LineString","coordinates":[[16.97794,51.0901884],[16.9779298,51.0901498],[16.9779269,51.0901415],[16.977924,51.0901331],[16.9779211,51.0901248],[16.9779182,51.0901164],[16.9779154,51.0901081],[16.9779125,51.0900997],[16.9779096,51.0900914],[16.9779067,51.090083],[16.9779038,51.0900747],[16.9779009,51.0900663],[16.9778981,51.090058],[16.9778952,51.0900496],[16.9778923,51.0900413],[16.9778892,51.0900327],[16.9778861,51.090024],[16.9778829,51.0900154],[16.9778798,51.0900068],[16.9778767,51.0899982],[16.9778736,51.0899895],[16.9778705,51.0899809],[16.9778673,51.0899723],[16.9778642,51.0899636],[16.9778611,51.089955],[16.977858,51.0899464],[16.9778548,51.0899378],[16.9778517,51.0899291],[16.9778486,51.0899205],[16.9778456,51.0899121],[16.9778334,51.0898784]]}},{"type":"Feature","properties":{"layer":"roads"},"geometry":{"type":"LineString","coordinates":[[16.9801217,51.0846972],[16.9801445,51.0847264],[16.9801486,51.0847349],[16.9801528,51.0847433],[16.9801569,51.0847518],[16.980161,51.0847603],[16.9801651,51.0847688],[16.9801692,51.0847773],[16.9801733,51.0847858],[16.9801774,51.0847943],[16.9801815,51.0848028],[16.9801856,51.0848113],[16.9801898,51.0848197],[16.9801939,51.0848282],[16.980198,51.0848367],[16.9802021,51.0848452],[16.9802062,51.0848537],[16.9802103,51.0848622],[16.9802144,51.0848707],[16.9802185,51.0848792],[16.9802226,51.0848877],[16.9802267,51.0848962],[16.9802309,51.0849046],[16.980235,51.0849131],[16.9802391,51.0849216],[16.9802432,51.0849301],[16.9802473,51.0849386],[16.9802514,51.0849471],[16.9802555,51.0849556],[16.9802596,51.0849641],[16.9802637,51.0849726],[16.9802679,51.084981],[16.980272,51.0849895],[16.9802761,51.084998],[16.9802802,51.0850065],[16.9802843,51.085015],[16.9802889,51.0850234],[16.9802936,51.0850319],[16.9802982,51.0850403],[16.9803028,51.0850487],[16.9803074,51.0850571],[16.9803121,51.0850656],[16.9803167,51.085074],[16.9803213,51.0850824],[16.9803259,51.0850908],[16.9803306,51.0850993],[16.9803352,51.0851077],[16.9803398,51.0851161],[16.9803444,51.0851245],[16.9803491,51.085133],[16.9803537,51.0851414],[16.9803583,51.0851498],[16.9803629,51.0851582],[16.9803676,51.0851667],[16.9803722,51.0851751],[16.9803768,51.0851835],[16.9803814,51.0851919],[16.9803861,51.0852004],[16.9803907,51.0852088],[16.9803953,51.0852172],[16.9803999,51.0852256],[16.9804046,51.0852341],[16.9804092,51.0852425],[16.9804138,51.0852509],[16.9804184,51.0852593],[16.9804231,51.0852678],[16.9804277,51.0852762],[16.9804323,51.0852846],[16.9804369,51.085293],[16.9804416,51.0853015],[16.9804462,51.0853099],[16.9804508,51.0853183],[16.9804554,51.0853267],[16.9804601,51.0853352],[16.9804647,51.0853436],[16.9804693,51.085352],[16.9804739,51.0853604],[16.9804786,51.0853689],[16.9804832,51.0853773],[16.9804878,51.0853857],[16.9804924,51.0853941],[16.9804971,51.0854026],[16.9805017,51.085411],[16.9805063,51.0854194],[16.9805109,51.0854278],[16.9805156,51.0854363],[16.9805202,51.0854447],[16.9805248,51.0854531],[16.9805294,51.0854615],[16.9805341,51.08547],[16.9805387,51.0854784],[16.9805433,51.0854868],[16.9805479,51.0854952],[16.9805526,51.0855037],[16.9805572,51.0855121],[16.9805618,51.0855205],[16.9805664,51.0855289],[16.9805711,51.0855374],[16.9805757,51.0855458],[16.9805803,51.0855542],[16.9805849,51.0855626],[16.9805896,51.0855711],[16.9805942,51.0855795],[16.9805988,51.0855879],[16.9806034,51.0855963],[16.9806081,51.0856048],[16.9806127,51.0856132],[16.9806173,51.0856216],[16.9806219,51.08563],[16.9806266,51.0856385],[16.9806312,51.0856469],[16.9806373,51.085655],[16.9806433,51.0856631],[16.9806494,51.0856711],[16.9806555,51.0856792],[16.9806615,51.0856873],[16.9806676,51.0856954],[16.9806737,51.0857034],[16.9806797,51.0857115],[16.9806858,51.0857196],[16.9806918,51.0857277],[16.9806979,51.0857357],[16.980704,51.0857438],[16.98071,51.0857519],[16.9807161,51.08576],[16.9807222,51.085768],[16.9807282,51.0857761],[16.9807343,51.0857842],[16.9807394,51.085792],[16.9807446,51.0857998],[16.9807497,51.0858076],[16.9807549,51.0858154],[16.98076,51.0858231],[16.9807651,51.0858309],[16.9807703,51.0858387],[16.9807754,51.0858465],[16.9807806,51.0858543],[16.9807857,51.0858621],[16.980791,51.0858696],[16.9807964,51.0858772],[16.9808017,51.0858847],[16.9808071,51.0858923],[16.9808124,51.0858998],[16.9808177,51.0859074],[16.9808231,51.085915],[16.9808284,51.0859225],[16.980841,51.0859542]]}},{"type":"Feature","properties":{"layer":"roads"},"geometry":{"type":"LineString","coordinates":[[16.9801217,51.0846972],[16.9800792,51.0847139],[16.9800659,51.0847171],[16.9800527,51.0847203],[16.9800394,51.0847236],[16.9800262,51.0847268],[16.9800129,51.0847301],[16.9799996,51.0847333],[16.9799864,51.0847365],[16.9799731,51.0847398],[16.9799599,51.084743],[16.9799466,51.0847463],[16.9799334,51.0847495],[16.9799201,51.0847527],[16.9799068,51.084756],[16.9798936,51.0847592],[16.9798803,51.0847625],[16.9798671,51.0847657],[16.9798538,51.084769],[16.9798406,51.0847722],[16.9798273,51.0847754],[16.979814,51.0847787],[16.9798008,51.0847819],[16.9797875,51.0847852],[16.9797743,51.0847884],[16.979761,51.0847916],[16.9797078,51.0848029]]}},{"type":"Feature","properties":{"layer":"roads"},"geometry":{"type":"LineString","coordinates":[[16.980841,51.0859542],[16.9807926,51.0859548],[16.9807783,51.0859553],[16.9807641,51.0859558],[16.9807498,51.0859563],[16.9807355,51.0859569],[16.9807212,51.0859574],[16.9807069,51.0859579],[16.9806926,51.0859584],[16.9806783,51.0859589],[16.980664,51.0859594],[16.9806497,51.08596],[16.9806354,51.0859605],[16.9806212,51.085961],[16.9806069,51.0859615],[16.9805926,51.085962],[16.9805783,51.0859626],[16.980564,51.0859631],[16.9805497,51.0859636],[16.9805354,51.0859641],[16.9805211,51.0859646],[16.9805068,51.0859651],[16.9804925,51.0859657],[16.9804782,51.0859662],[16.980464,51.0859667],[16.9804497,51.0859672],[16.9804354,51.0859677],[16.9804211,51.0859683],[16.9804068,51.0859688],[16.9803925,51.0859693],[16.9803787,51.0859705],[16.980365,51.0859717],[16.9803512,51.0859729],[16.9803375,51.0859741],[16.9803237,51.0859753],[16.9803099,51.0859765],[16.9802962,51.0859777],[16.9802824,51.0859789],[16.9802687,51.08598],[16.9802549,51.0859812],[16.9802412,51.0859824],[16.9802274,51.0859836],[16.9802136,51.0859848],[16.9801651,51.0859892]]}},{"type":"Feature","properties":{"layer":"roads"},"geometry":{"type":"LineString","coordinates":[[16.980841,51.0859542],[16.9808623,51.0859876],[16.9808654,51.0859963],[16.9808685,51.086005],[16.9808717,51.0860137],[16.9808748,51.0860224],[16.9808779,51.0860311],[16.980881,51.0860398],[16.9808841,51.0860486],[16.9808873,51.0860573],[16.9808904,51.086066],[16.9808935,51.0860747],[16.9808966,51.0860834],[16.9808998,51.0860921],[16.9809029,51.0861008],[16.980906,51.0861096],[16.9809091,51.0861183],[16.9809122,51.086127],[16.9809154,51.0861357],[16.9809185,51.0861444],[16.9809216,51.0861531],[16.9809247,51.0861618],[16.9809279,51.0861705],[16.980931,51.0861793],[16.9809341,51.086188],[16.9809372,51.0861967],[16.9809403,51.0862054],[16.9809435,51.0862141],[16.9809466,51.0862228],[16.9809497,51.0862315],[16.9809528,51.0862403],[16.9809559,51.086249],[16.9809591,51.0862577],[16.9809622,51.0862664],[16.9809653,51.0862751],[16.9809684,51.0862838],[16.9809716,51.0862925],[16.9809747,51.0863013],[16.9809778,51.08631],[16.9809809,51.0863187],[16.980984,51.0863274],[16.9809872,51.0863361],[16.9809903,51.0863448],[16.9809934,51.0863535],[16.9809965,51.0863623],[16.9809997,51.086371],[16.9810028,51.0863797],[16.9810059,51.0863884],[16.981009,51.0863966],[16.9810122,51.0864048],[16.9810153,51.086413],[16.9810185,51.0864212],[16.9810216,51.0864294],[16.9810248,51.0864376],[16.9810279,51.0864458],[16.981031,51.0864541],[16.9810342,51.0864623],[16.9810373,51.0864705],[16.9810405,51.0864787],[16.9810436,51.0864869],[16.9810542,51.0865149]]}},{"type":"Feature","properties":{"layer":"roads"},"geometry":{"type":"LineString","coordinates":[[16.980841,51.0859542],[16.980906,51.085952],[16.9809481,51.0859515],[16.9810002,51.0859525]]}},{"type":"Feature","properties":{"layer":"roads"},"geometry":{"type":"LineString","coordinates":[[16.975138,51.0834036],[16.9751967,51.0833653],[16.9752076,51.0833597],[16.9752185,51.083354],[16.9752294,51.0833484],[16.9752381,51.0833422],[16.9752468,51.0833361],[16.9752555,51.0833299],[16.9752642,51.0833237],[16.9752729,51.0833176],[16.9752816,51.0833114],[16.9752878,51.0833044],[16.9752939,51.0832974],[16.9753001,51.0832904],[16.97532,51.0832611]]}},{"type":"Feature","properties":{"layer":"roads"},"geometry":{"type":"LineString","coordinates":[[16.975138,51.0834036],[16.9750937,51.0834059],[16.9750818,51.0834095],[16.9750699,51.0834131],[16.9750566,51.0834163],[16.9750432,51.0834196],[16.9750299,51.0834228],[16.9750165,51.083426],[16.9750031,51.0834292],[16.9749898,51.0834325],[16.9749764,51.0834357],[16.9749631,51.0834389],[16.9749498,51.0834421],[16.9749364,51.0834454],[16.9749231,51.0834486],[16.9749097,51.0834518],[16.9748964,51.083455],[16.974883,51.0834583],[16.9748697,51.0834615],[16.9748563,51.0834647],[16.9748429,51.083468],[16.9748296,51.0834712],[16.9748162,51.0834744],[16.9748029,51.0834776],[16.9747896,51.0834809],[16.9747762,51.0834841],[16.9747629,51.0834873],[16.9747495,51.0834905],[16.9747361,51.0834938],[16.9747228,51.083497],[16.9747094,51.0835002],[16.9746961,51.0835034],[16.9746827,51.0835067],[16.9746694,51.0835099],[16.9746575,51.0835129],[16.9746455,51.0835158],[16.9746336,51.0835188],[16.9746217,51.0835218],[16.9746097,51.0835247],[16.9745978,51.0835277],[16.9745859,51.0835307],[16.9745739,51.0835336],[16.974562,51.0835366],[16.9745515,51.0835406],[16.974541,51.0835447],[16.9745304,51.0835487],[16.9745199,51.0835527],[16.9745094,51.0835568],[16.9744989,51.0835608],[16.974488,51.0835656],[16.974477,51.0835704],[16.9744661,51.0835753],[16.9744552,51.0835801],[16.9744442,51.0835849],[16.9744333,51.0835897],[16.9744224,51.0835946],[16.9744115,51.0835994],[16.9744005,51.0836042],[16.9743896,51.083609],[16.9743787,51.0836139],[16.9743677,51.0836187],[16.9743568,51.0836235],[16.9743465,51.0836295],[16.9743362,51.0836356],[16.9743259,51.0836416],[16.9743156,51.0836476],[16.9743053,51.0836537],[16.974295,51.0836597],[16.9742846,51.0836657],[16.9742743,51.0836718],[16.974264,51.0836778],[16.9742537,51.0836838],[16.9742434,51.0836899],[16.9742331,51.0836959],[16.9742259,51.0837027],[16.9742188,51.0837095],[16.9742116,51.0837164],[16.9742045,51.0837232],[16.9741973,51.08373],[16.9741901,51.0837368],[16.974183,51.0837436],[16.9741758,51.0837505],[16.9741687,51.0837573],[16.9741615,51.0837641],[16.9741545,51.0837717],[16.9741476,51.0837793],[16.9741406,51.0837869],[16.9741337,51.0837945],[16.9741267,51.0838022],[16.9741198,51.0838098],[16.9741128,51.0838174],[16.9741059,51.083825],[16.9740989,51.0838326],[16.9740919,51.0838402],[16.974085,51.0838478],[16.974078,51.0838554],[16.9740711,51.0838631],[16.9740641,51.0838707],[16.9740572,51.0838783],[16.9740502,51.0838859],[16.9740432,51.0838935],[16.9740363,51.0839011],[16.9740293,51.0839087],[16.9740224,51.0839163],[16.9740154,51.083924],[16.9740085,51.0839316],[16.9740015,51.0839392],[16.9739946,51.0839468],[16.9739876,51.0839544],[16.973981,51.0839624],[16.9739744,51.0839703],[16.9739678,51.0839783],[16.9739613,51.0839863],[16.9739547,51.0839942],[16.9739481,51.0840022],[16.9739415,51.0840102],[16.9739349,51.0840181],[16.9739283,51.0840261],[16.9739217,51.0840341],[16.9739152,51.084042],[16.9739086,51.08405],[16.973902,51.084058],[16.9738954,51.0840659],[16.9738888,51.0840739],[16.9738822,51.0840819],[16.9738757,51.0840898],[16.9738691,51.0840978],[16.9738625,51.0841058],[16.9738559,51.0841138],[16.9738493,51.0841217],[16.9738427,51.0841297],[16.9738361,51.0841377],[16.9738296,51.0841456],[16.973823,51.0841536],[16.9738164,51.0841616],[16.9738098,51.0841695],[16.9738032,51.0841775],[16.9737966,51.0841855],[16.97379,51.0841934],[16.9737835,51.0842014],[16.9737769,51.0842094],[16.9737703,51.0842173],[16.9737653,51.0842559]]}},{"type":"Feature","properties":{"layer":"roads"},"geometry":{"type":"LineString","coordinates":[[16.975138,51.0834036],[16.9751402,51.0834367],[16.9751381,51.0834448],[16.9751336,51.083453],[16.975129,51.0834612],[16.9751245,51.0834694],[16.97512,51.0834776],[16.9751155,51.0834858],[16.975111,51.083494],[16.9751064,51.0835022],[16.9751019,51.0835104],[16.9750974,51.0835186],[16.9750928,51.0835268],[16.9750883,51.083535],[16.9750838,51.0835432],[16.9750779,51.0835508],[16.975072,51.0835583],[16.9750661,51.0835659],[16.9750602,51.0835735],[16.9750544,51.083581],[16.9750485,51.0835886],[16.9750426,51.0835961],[16.9750367,51.0836037],[16.9750322,51.0836116],[16.9750276,51.0836194],[16.9750231,51.0836273],[16.9750186,51.0836352],[16.9750141,51.0836431],[16.9750095,51.0836509],[16.975005,51.0836588],[16.9750005,51.0836667],[16.9749959,51.0836745],[16.9749914,51.0836824],[16.9749869,51.0836903],[16.9749824,51.0836982],[16.9749778,51.083706],[16.9749733,51.0837139],[16.9749728,51.0837221],[16.9749722,51.0837303],[16.9749717,51.0837385],[16.9749711,51.0837467],[16.9749706,51.0837549],[16.9749701,51.0837631],[16.9749695,51.0837713],[16.974969,51.0837795],[16.9749684,51.0837877],[16.9749679,51.0837959],[16.9749705,51.083804],[16.9749732,51.0838121],[16.9749758,51.0838201],[16.9749784,51.0838282],[16.9749811,51.0838363],[16.9749837,51.0838444],[16.9749878,51.083853],[16.9749919,51.0838615],[16.974996,51.0838701],[16.9750001,51.0838787],[16.9750042,51.0838873],[16.9750083,51.0838958],[16.9750125,51.0839044],[16.9750166,51.083913],[16.975033,51.0839473]]}},{"type":"Feature","properties":{"layer":"roads"},"geometry":{"type":"LineString","coordinates":[[16.9718795,51.0831706],[16.9718606,51.0831353],[16.9718637,51.0831277],[16.9718668,51.0831201],[16.9718751,51.083113],[16.9718834,51.0831059],[16.9718917,51.0830989],[16.9719,51.0830918],[16.9719082,51.0830847],[16.9719165,51.0830776],[16.9719248,51.0830706],[16.9719331,51.0830635],[16.9719414,51.0830564],[16.9719497,51.0830493],[16.971958,51.0830423],[16.9719663,51.0830352],[16.9719745,51.0830281],[16.9719828,51.083021],[16.9719911,51.083014],[16.9719994,51.0830069],[16.9720077,51.0829998],[16.9720154,51.0829929],[16.9720231,51.0829859],[16.9720307,51.082979],[16.9720384,51.0829721],[16.9720461,51.0829652],[16.9720538,51.0829582],[16.9720719,51.082932]]}},{"type":"Feature","properties":{"layer":"roads"},"geometry":{"type":"LineString","coordinates":[[16.9718795,51.0831706],[16.9718374,51.0831931],[16.9718289,51.0832],[16.9718203,51.0832068],[16.9718117,51.0832137],[16.9718031,51.0832205],[16.9717945,51.0832273],[16.9717859,51.0832342],[16.9717773,51.083241],[16.9717687,51.0832479],[16.9717602,51.0832547],[16.9717516,51.0832615],[16.971743,51.0832684],[16.9717344,51.0832752],[16.9717258,51.083282],[16.9717172,51.0832889],[16.9717086,51.0832957],[16.9717,51.0833025],[16.9716657,51.0833299]]}},{"type":"Feature","properties":{"layer":"roads"},"geometry":{"type":"LineString","coordinates":[[16.9718795,51.0831706],[16.9719085,51.0831933],[16.9719148,51.0831991],[16.9719212,51.083205],[16.9719275,51.0832108],[16.9719338,51.0832166],[16.9719397,51.0832247],[16.9719455,51.0832329],[16.9719514,51.083241],[16.9719572,51.0832492],[16.9719631,51.0832573],[16.9719689,51.0832654],[16.9719748,51.0832736],[16.9719806,51.0832817],[16.9719865,51.0832899],[16.9719923,51.083298],[16.9719982,51.0833062],[16.972004,51.0833143],[16.9720099,51.0833224],[16.9720157,51.0833306],[16.9720216,51.0833387],[16.9720274,51.0833469],[16.9720333,51.083355],[16.9720404,51.0833627],[16.9720475,51.0833704],[16.9720545,51.0833781],[16.9720616,51.0833858],[16.9720687,51.0833935],[16.9720758,51.0834012],[16.9720829,51.0834089],[16.9720899,51.0834166],[16.972097,51.0834243],[16.9721041,51.083432],[16.9721124,51.0834389],[16.9721206,51.0834458],[16.9721289,51.0834527],[16.9721372,51.0834596],[16.9721454,51.0834665],[16.9721537,51.0834734],[16.972162,51.0834804],[16.9721702,51.0834873],[16.9721785,51.0834942],[16.9721868,51.0835011],[16.972195,51.083508],[16.9722033,51.0835149],[16.9722094,51.0835223],[16.9722156,51.0835297],[16.9722217,51.0835371],[16.9722266,51.083567]]}},{"type":"Feature","properties":{"layer":"roads"},"geometry":{"type":"LineString","coordinates":[[16.9718795,51.0831706],[16.9719192,51.0831491],[16.9719311,51.083145],[16.9719429,51.0831408],[16.9719548,51.0831366],[16.9719666,51.0831324],[16.9719785,51.0831283],[16.9719903,51.0831241],[16.9720017,51.0831188],[16.9720132,51.0831135],[16.9720246,51.0831082],[16.9720361,51.0831029],[16.9720475,51.0830976],[16.972059,51.0830924],[16.9720704,51.0830871],[16.9720818,51.0830818],[16.9720933,51.0830765],[16.9721047,51.0830712],[16.9721162,51.0830659],[16.9721276,51.0830606],[16.9721391,51.0830553],[16.9721505,51.08305],[16.972162,51.0830447],[16.9721734,51.0830395],[16.9721848,51.0830342],[16.9721963,51.0830289],[16.9722077,51.0830236],[16.9722192,51.0830183],[16.9722306,51.083013],[16.9722421,51.0830077],[16.9722535,51.0830024],[16.9722649,51.0829971],[16.9722764,51.0829918],[16.9722878,51.0829866],[16.9722993,51.0829813],[16.9723107,51.082976],[16.9723222,51.0829707],[16.9723336,51.0829654],[16.9723445,51.0829603],[16.9723554,51.0829553],[16.9723663,51.0829502],[16.9723773,51.0829452],[16.9723882,51.0829401],[16.9723991,51.082935],[16.97241,51.08293],[16.9724209,51.0829249],[16.9724318,51.0829198],[16.9724428,51.0829148],[16.9724537,51.0829097],[16.9724646,51.0829047],[16.9724755,51.0828996],[16.9724869,51.0828954],[16.9724984,51.0828911],[16.9725098,51.0828869],[16.9725213,51.0828826],[16.9725327,51.0828784],[16.9725442,51.0828741],[16.9725556,51.0828699],[16.9725682,51.0828661],[16.9725807,51.0828622],[16.9725932,51.0828584],[16.9726058,51.0828546],[16.9726184,51.0828507],[16.9726309,51.0828469],[16.9726434,51.082843],[16.972656,51.0828392],[16.9726685,51.0828363],[16.972681,51.0828334],[16.9726935,51.0828306],[16.972706,51.0828277],[16.9727185,51.0828248],[16.9727311,51.0828219],[16.9727436,51.082819],[16.9727561,51.0828162],[16.9727686,51.0828133],[16.9727811,51.0828104],[16.972794,51.0828079],[16.9728069,51.0828054],[16.9728199,51.0828029],[16.9728328,51.0828004],[16.9728457,51.0827979],[16.9728586,51.0827954],[16.9728715,51.082793],[16.9728844,51.0827905],[16.9728973,51.082788],[16.9729103,51.0827855],[16.9729232,51.082783],[16.9729361,51.0827805],[16.9729497,51.0827779],[16.9729632,51.0827754],[16.9729768,51.0827728],[16.9729904,51.0827702],[16.9730039,51.0827677],[16.9730175,51.0827651],[16.973031,51.0827626],[16.9730446,51.08276],[16.9730582,51.0827574],[16.9730717,51.0827549],[16.9730853,51.0827523],[16.9730989,51.0827497],[16.9731124,51.0827472],[16.973126,51.0827446],[16.9731396,51.082742],[16.9731531,51.0827395],[16.9731667,51.0827369],[16.9731803,51.0827343],[16.9731938,51.0827318],[16.9732074,51.0827292],[16.9732209,51.0827267],[16.9732345,51.0827241],[16.9732481,51.0827215],[16.9732616,51.082719],[16.9732752,51.0827164],[16.9732888,51.0827138],[16.9733023,51.0827113],[16.9733159,51.0827087],[16.9733295,51.0827061],[16.973343,51.0827036],[16.9733566,51.082701],[16.9733702,51.0826984],[16.9733837,51.0826959],[16.9733973,51.0826933],[16.9734108,51.0826908],[16.9734244,51.0826882],[16.973471,51.0826752]]}},{"type":"Feature","properties":{"layer":"roads"},"geometry":{"type":"LineString","coordinates":[[16.973471,51.0826752],[16.9734308,51.082658],[16.973419,51.0826533],[16.9734071,51.0826485],[16.9733952,51.0826437],[16.9733833,51.082639],[16.9733715,51.0826342],[16.9733596,51.0826294],[16.9733477,51.0826247],[16.9733359,51.0826199],[16.973324,51.0826151],[16.9733121,51.0826104],[16.9733003,51.0826056],[16.9732884,51.0826008],[16.9732765,51.082596],[16.9732647,51.0825913],[16.9732528,51.0825865],[16.9732409,51.0825817],[16.973229,51.082577],[16.9732172,51.0825722],[16.9732053,51.0825674],[16.9731934,51.0825627],[16.9731816,51.0825579],[16.9731697,51.0825531],[16.9731578,51.0825484],[16.9731459,51.0825436],[16.9731341,51.0825388],[16.9731222,51.0825341],[16.9731103,51.0825293],[16.9730985,51.0825245],[16.9730866,51.0825198],[16.9730747,51.082515],[16.9730629,51.0825102],[16.973051,51.0825055],[16.9730391,51.0825007],[16.9730272,51.0824959],[16.9730154,51.0824912],[16.9730035,51.0824864],[16.9729916,51.0824816],[16.9729798,51.0824768],[16.9729679,51.0824721],[16.972956,51.0824673],[16.9729442,51.0824625],[16.9729323,51.0824578],[16.9729204,51.082453],[16.9729085,51.0824482],[16.9728967,51.0824435],[16.9728848,51.0824387],[16.972847,51.0824234]]}},{"type":"Feature","properties":{"layer":"roads"},"geometry":{"type":"LineString","coordinates":[[16.973471,51.0826752],[16.9735388,51.0826706],[16.9735515,51.0826687],[16.9735642,51.0826667],[16.9735769,51.0826647],[16.9735896,51.0826628],[16.9736037,51.0826612],[16.9736177,51.0826596],[16.9736318,51.082658],[16.9736459,51.0826565],[16.97366,51.0826549],[16.973674,51.0826533],[16.9736881,51.0826517],[16.9737022,51.0826501],[16.9737162,51.0826485],[16.9737303,51.0826469],[16.9737444,51.0826453],[16.9737584,51.0826438],[16.9737725,51.0826422],[16.9737866,51.0826406],[16.9738007,51.082639],[16.9738147,51.0826374],[16.9738288,51.0826358],[16.9738429,51.0826342],[16.9738569,51.0826326],[16.973871,51.0826311],[16.9738851,51.0826295],[16.9738992,51.0826279],[16.9739132,51.0826263],[16.9739273,51.0826247],[16.9739414,51.0826231],[16.9739554,51.0826215],[16.9739695,51.0826199],[16.9739836,51.0826184],[16.9739976,51.0826168],[16.9740117,51.0826152],[16.9740258,51.0826136],[16.9740399,51.082612],[16.9740539,51.0826104],[16.974068,51.0826088],[16.9740821,51.0826072],[16.9740961,51.0826057],[16.9741102,51.0826041],[16.9741243,51.0826025],[16.9741384,51.0826009],[16.9741524,51.0825993],[16.9741665,51.0825977],[16.9741806,51.0825961],[16.9741946,51.0825946],[16.9742087,51.082593],[16.9742228,51.0825914],[16.9742368,51.0825898],[16.9742509,51.0825882],[16.974265,51.0825866],[16.9742791,51.082585],[16.9742931,51.0825834],[16.9743072,51.0825819],[16.9743213,51.0825803],[16.9743353,51.0825787],[16.9743494,51.0825771],[16.9743635,51.0825755],[16.9743775,51.0825739],[16.9743916,51.0825723],[16.9744057,51.0825707],[16.9744198,51.0825692],[16.9744338,51.0825676],[16.9744479,51.082566],[16.974462,51.0825644],[16.974476,51.0825628],[16.9744901,51.0825612],[16.9745042,51.0825596],[16.9745183,51.082558],[16.9745323,51.0825565],[16.9745464,51.0825549],[16.9745605,51.0825533],[16.9745745,51.0825517],[16.9745886,51.0825501],[16.9746027,51.0825485],[16.9746167,51.0825469],[16.9746308,51.0825453],[16.9746449,51.0825438],[16.974659,51.0825422],[16.974673,51.0825406],[16.9746871,51.082539],[16.9747006,51.0825374],[16.9747142,51.0825358],[16.9747277,51.0825343],[16.9747412,51.0825327],[16.9747547,51.0825311],[16.9747683,51.0825296],[16.9747818,51.082528],[16.9747953,51.0825264],[16.9748088,51.0825248],[16.9748224,51.0825233],[16.9748359,51.0825217],[16.9748494,51.0825201],[16.9748925,51.082514]]}},{"type":"Feature","properties":{"layer":"roads"},"geometry":{"type":"LineString","coordinates":[[16.973471,51.0826752],[16.9734906,51.0826445],[16.9734903,51.0826355],[16.9734901,51.0826265],[16.9734898,51.0826176],[16.9734896,51.0826086],[16.9734893,51.0825996],[16.9734891,51.0825906],[16.9734888,51.0825816],[16.9734886,51.0825726],[16.9734884,51.0825637],[16.9734881,51.0825547],[16.9734879,51.0825457],[16.9734876,51.0825367],[16.9734874,51.0825277],[16.9734871,51.0825187],[16.9734869,51.0825098],[16.9734867,51.0825008],[16.9734864,51.0824918],[16.9734862,51.0824828],[16.9734859,51.0824738],[16.9734857,51.0824648],[16.9734854,51.0824559],[16.9734852,51.0824469],[16.9734849,51.0824379],[16.9734847,51.0824289],[16.9734845,51.0824199],[16.9734842,51.0824109],[16.973484,51.0824019],[16.9734837,51.082393],[16.9734835,51.082384],[16.9734832,51.082375],[16.973483,51.082366],[16.9734827,51.082357],[16.9734825,51.082348],[16.9734823,51.0823391],[16.973482,51.0823301],[16.9734818,51.0823211],[16.9734815,51.0823121],[16.9734813,51.0823031],[16.973481,51.0822941],[16.9734808,51.0822852],[16.9734806,51.0822762],[16.9734803,51.0822672],[16.9734801,51.0822582],[16.9734798,51.0822492],[16.9734796,51.0822402],[16.9734706,51.0822066]]}},{"type":"Feature","properties":{"layer":"roads"},"geometry":{"type":"LineString","coordinates":[[16.973471,51.0826752],[16.9735011,51.0827197]]}},{"type":"Feature","properties":{"layer":"roads"},"geometry":{"type":"LineString","coordinates":[[16.9768958,51.0852151],[16.9769432,51.0852081],[16.976957,51.0852059],[16.9769708,51.0852037],[16.9769846,51.0852016],[16.9769984,51.0851994],[16.9770121,51.0851972],[16.9770259,51.085195],[16.9770397,51.0851928],[16.9770535,51.0851906],[16.9770673,51.0851884],[16.977081,51.0851862],[16.9770948,51.085184],[16.9771086,51.0851818],[16.9771224,51.0851797],[16.9771362,51.0851775],[16.9771499,51.0851753],[16.9771637,51.0851731],[16.9771775,51.0851709],[16.9771913,51.0851687],[16.9772051,51.0851665],[16.9772188,51.0851643],[16.9772326,51.0851621],[16.9772464,51.0851599],[16.9772602,51.0851578],[16.977274,51.0851556],[16.9772877,51.0851534],[16.9773015,51.0851512],[16.9773153,51.085149],[16.9773291,51.0851468],[16.9773429,51.0851446],[16.9773567,51.0851424],[16.9773704,51.0851402],[16.9773842,51.085138],[16.977398,51.0851359],[16.9774118,51.0851337],[16.9774256,51.0851315],[16.9774393,51.0851293],[16.9774531,51.0851271],[16.9774669,51.0851249],[16.9774807,51.0851227],[16.9774945,51.0851205],[16.9775082,51.0851183],[16.977522,51.0851161],[16.9775358,51.085114],[16.9775496,51.0851118],[16.9775634,51.0851096],[16.9775771,51.0851074],[16.9775909,51.0851052],[16.9776047,51.085103],[16.9776185,51.0851008],[16.9776323,51.0850986],[16.977646,51.0850964],[16.9776598,51.0850942],[16.9776736,51.0850921],[16.9776874,51.0850899],[16.9777012,51.0850877],[16.9777149,51.0850855],[16.9777287,51.0850833],[16.9777425,51.0850811],[16.9777563,51.0850789],[16.9777701,51.0850767],[16.9777838,51.0850745],[16.9777976,51.0850723],[16.9778114,51.0850701],[16.9778252,51.085068],[16.977839,51.0850658],[16.9778527,51.0850636],[16.9778665,51.0850614],[16.9778803,51.0850592],[16.9778941,51.085057],[16.9779079,51.0850548],[16.9779216,51.0850526],[16.9779354,51.0850504],[16.9779492,51.0850482],[16.977963,51.0850461],[16.9779768,51.0850439],[16.9779905,51.0850417],[16.9780043,51.0850395],[16.9780181,51.0850373],[16.9780319,51.0850351],[16.9780457,51.0850329],[16.9780594,51.0850307],[16.9780732,51.0850285],[16.978087,51.0850263],[16.9781008,51.0850242],[16.9781146,51.085022],[16.9781283,51.0850198],[16.9781421,51.0850176],[16.9781559,51.0850154],[16.9781697,51.0850132],[16.9781835,51.085011],[16.9781973,51.0850088],[16.978211,51.0850066],[16.9782248,51.0850044],[16.9782386,51.0850023],[16.9782524,51.0850001],[16.9782662,51.0849979],[16.9782799,51.0849957],[16.9782937,51.0849935],[16.9783075,51.0849913],[16.9783213,51.0849891],[16.9783351,51.0849869],[16.9783488,51.0849847],[16.9783626,51.0849825],[16.9783764,51.0849804],[16.9783902,51.0849782],[16.978404,51.084976],[16.9784177,51.0849738],[16.9784315,51.0849716],[16.9784453,51.0849694],[16.9784591,51.0849672],[16.9784729,51.084965],[16.9784866,51.0849628],[16.9785004,51.0849606],[16.9785142,51.0849585],[16.978528,51.0849563],[16.9785418,51.0849541],[16.9785891,51.0849463]]}},{"type":"Feature","properties":{"layer":"roads"},"geometry":{"type":"LineString","coordinates":[[16.9768958,51.0852151],[16.9768463,51.0852225],[16.9768324,51.0852244],[16.9768186,51.0852263],[16.9768047,51.0852283],[16.9767908,51.0852302],[16.9767769,51.0852322],[16.976763,51.0852341],[16.9767491,51.085236],[16.9767352,51.085238],[16.9767213,51.0852399],[16.9767074,51.0852419],[16.9766935,51.0852438],[16.9766796,51.0852457],[16.9766657,51.0852477],[16.9766519,51.0852496],[16.976638,51.0852516],[16.9766241,51.0852535],[16.9766102,51.0852554],[16.9765963,51.0852574],[16.9765824,51.0852593],[16.9765685,51.0852613],[16.9765546,51.0852632],[16.9765407,51.0852652],[16.9765268,51.0852671],[16.9765129,51.085269],[16.976499,51.085271],[16.9764852,51.0852729],[16.9764713,51.0852749],[16.9764574,51.0852768],[16.9764435,51.0852787],[16.9764296,51.0852807],[16.9764157,51.0852826],[16.9764018,51.0852846],[16.9763879,51.0852865],[16.976374,51.0852884],[16.9763601,51.0852904],[16.9763462,51.0852923],[16.9763323,51.0852943],[16.9763185,51.0852962],[16.9763046,51.0852981],[16.9762907,51.0853001],[16.9762768,51.085302],[16.9762629,51.085304],[16.976249,51.0853059],[16.9762351,51.0853078],[16.9762212,51.0853098],[16.9762073,51.0853117],[16.9761934,51.0853137],[16.9761795,51.0853156],[16.9761657,51.0853175],[16.9761518,51.0853195],[16.9761379,51.0853214],[16.976124,51.0853234],[16.9761101,51.0853253],[16.9760962,51.0853272],[16.9760823,51.0853292],[16.9760684,51.0853311],[16.9760545,51.0853331],[16.9760406,51.085335],[16.9760267,51.0853369],[16.9760128,51.0853389],[16.975999,51.0853408],[16.9759851,51.0853428],[16.9759712,51.0853447],[16.9759573,51.0853466],[16.9759434,51.0853486],[16.9759295,51.0853505],[16.9759156,51.0853525],[16.9759017,51.0853544],[16.9758878,51.0853564],[16.9758739,51.0853583],[16.97586,51.0853602],[16.9758461,51.0853622],[16.9758323,51.0853641],[16.9758184,51.0853661],[16.9758045,51.085368],[16.9757906,51.0853699],[16.9757767,51.0853719],[16.9757628,51.0853738],[16.9757489,51.0853758],[16.975735,51.0853777],[16.9757211,51.0853796],[16.9757072,51.0853816],[16.9756933,51.0853835],[16.9756794,51.0853855],[16.9756656,51.0853874],[16.9756517,51.0853893],[16.9756378,51.0853913],[16.9755897,51.085398]]}},{"type":"Feature","properties":{"layer":"roads"},"geometry":{"type":"LineString","coordinates":[[16.9768958,51.0852151],[16.976914,51.0852461],[16.9769171,51.0852539],[16.9769262,51.0852775],[16.9769472,51.0853011]]}},{"type":"Feature","properties":{"layer":"roads"},"geometry":{"type":"LineString","coordinates":[[16.9768958,51.0852151],[16.9768923,51.0851794],[16.9768899,51.0851706],[16.9768875,51.0851617],[16.9768851,51.0851529],[16.9768827,51.0851441],[16.9768803,51.0851352],[16.9768778,51.0851264],[16.9768754,51.0851176],[16.976873,51.0851088],[16.9768706,51.0850999],[16.9768682,51.0850911],[16.9768658,51.0850823],[16.9768634,51.0850734],[16.976861,51.0850646],[16.9768586,51.0850558],[16.9768562,51.085047],[16.9768538,51.0850381],[16.9768514,51.0850293],[16.976849,51.0850205],[16.9768466,51.0850117],[16.9768442,51.0850028],[16.9768418,51.084994],[16.9768394,51.0849852],[16.976837,51.0849763],[16.9768346,51.0849675],[16.9768322,51.0849587],[16.9768297,51.0849499],[16.9768273,51.084941],[16.9768249,51.0849322],[16.9768225,51.0849234],[16.9768201,51.0849145],[16.9768177,51.0849057],[16.9768153,51.0848969],[16.9768129,51.0848881],[16.9768105,51.0848792],[16.9768081,51.0848704],[16.9768046,51.0848618],[16.9768012,51.0848532],[16.9767977,51.0848446],[16.9767943,51.084836],[16.9767908,51.0848274],[16.9767873,51.0848188],[16.9767839,51.0848102],[16.9767804,51.0848016],[16.976777,51.0847931],[16.9767735,51.0847845],[16.97677,51.0847759],[16.9767666,51.0847673],[16.9767631,51.0847587],[16.9767597,51.0847501],[16.9767562,51.0847415],[16.9767528,51.0847329],[16.9767493,51.0847243],[16.9767458,51.0847157],[16.9767424,51.0847071],[16.9767389,51.0846985],[16.9767355,51.0846899],[16.976732,51.0846813],[16.9767285,51.0846727],[16.9767251,51.0846641],[16.9767216,51.0846556],[16.9767182,51.084647],[16.9767147,51.0846384],[16.9767112,51.0846298],[16.9767078,51.0846212],[16.9767043,51.0846126],[16.9767009,51.084604],[16.9766974,51.0845954],[16.9766939,51.0845868],[16.9766905,51.0845782],[16.976687,51.0845696],[16.9766836,51.084561],[16.9766801,51.0845524],[16.9766767,51.0845438],[16.9766732,51.0845352],[16.9766697,51.0845266],[16.9766663,51.0845181],[16.9766628,51.0845095],[16.9766594,51.0845009],[16.9766559,51.0844923],[16.9766524,51.0844837],[16.9766401,51.0844531]]}},{"type":"Feature","properties":{"layer":"roads"},"geometry":{"type":"LineString","coordinates":[[16.9785891,51.0849463],[16.9786353,51.0849366],[16.9786484,51.0849339],[16.9786614,51.0849312],[16.9786745,51.0849285],[16.9786876,51.0849257],[16.9787006,51.084923],[16.9787137,51.0849203],[16.9787267,51.0849176],[16.9787398,51.0849149],[16.9787528,51.0849122],[16.9787659,51.0849094],[16.978779,51.0849067],[16.978792,51.084904],[16.9788051,51.0849013],[16.9788181,51.0848986],[16.9788312,51.0848958],[16.9788442,51.0848931],[16.9788573,51.0848904],[16.9788711,51.084889],[16.978885,51.0848877],[16.9788988,51.0848863],[16.9789126,51.0848849],[16.9789264,51.0848836],[16.9789403,51.0848822],[16.9789541,51.0848808],[16.9789679,51.0848795],[16.9789818,51.0848781],[16.9789956,51.0848768],[16.9790094,51.0848754],[16.9790233,51.084874],[16.9790371,51.0848727],[16.9790509,51.0848713],[16.9790995,51.0848665]]}},{"type":"Feature","properties":{"layer":"roads"},"geometry":{"type":"LineString","coordinates":[[16.9785891,51.0849463],[16.9785738,51.0849125],[16.9785714,51.0849037],[16.9785691,51.084895],[16.9785667,51.0848862],[16.9785644,51.0848775],[16.9785621,51.0848687],[16.9785597,51.0848599],[16.9785574,51.0848512],[16.9785551,51.0848424],[16.9785527,51.0848337],[16.9785504,51.0848249],[16.9785481,51.0848162],[16.9785457,51.0848074],[16.9785434,51.0847986],[16.9785411,51.0847899],[16.9785387,51.0847811],[16.9785364,51.0847724],[16.978534,51.0847636],[16.9785317,51.0847549],[16.9785294,51.0847461],[16.978527,51.0847374],[16.9785247,51.0847286],[16.9785216,51.0847198],[16.9785185,51.0847111],[16.9785155,51.0847023],[16.9785124,51.0846935],[16.9785093,51.0846847],[16.9785062,51.084676],[16.9785032,51.0846672],[16.9785001,51.0846584],[16.978497,51.0846496],[16.9784939,51.0846409],[16.9784909,51.0846321],[16.9784878,51.0846233],[16.9784847,51.0846146],[16.9784816,51.0846058],[16.9784785,51.084597],[16.9784755,51.0845882],[16.9784724,51.0845795],[16.9784792,51.0845501]]}},{"type":"Feature","properties":{"layer":"roads"},"geometry":{"type":"LineString","coordinates":[[16.9785891,51.0849463],[16.9785925,51.0849827],[16.9785948,51.0849915],[16.9785972,51.0850003],[16.9785995,51.0850091],[16.9786019,51.0850179],[16.9786042,51.0850267],[16.9786066,51.0850355],[16.9786089,51.0850443],[16.9786113,51.0850531],[16.9786136,51.085062],[16.978616,51.0850708],[16.9786183,51.0850796],[16.9786207,51.0850884],[16.978623,51.0850972],[16.9786253,51.085106],[16.9786277,51.0851148],[16.97863,51.0851236],[16.9786324,51.0851324],[16.9786347,51.0851412],[16.9786371,51.08515],[16.9786394,51.0851588],[16.9786418,51.0851676],[16.9786441,51.0851764],[16.9786465,51.0851852],[16.9786488,51.085194],[16.9786512,51.0852028],[16.9786535,51.0852116],[16.9786559,51.0852204],[16.9786582,51.0852292],[16.9786605,51.085238],[16.9786629,51.0852468],[16.9786652,51.0852556],[16.9786676,51.0852644],[16.9786699,51.0852733],[16.9786723,51.0852821],[16.9786746,51.0852909],[16.978677,51.0852997],[16.9786793,51.0853085],[16.9786817,51.0853173],[16.978684,51.0853261],[16.9786864,51.0853349],[16.9786887,51.0853437],[16.9787049,51.0853777]]}},{"type":"Feature","properties":{"layer":"roads"},"geometry":{"type":"LineString","coordinates":[[16.9761455,51.0877534],[16.9761026,51.0877389],[16.9760924,51.0877342],[16.9760823,51.0877296],[16.9760721,51.0877249],[16.976067,51.0877167],[16.9760619,51.0877085],[16.9760567,51.0877002],[16.9760516,51.087692],[16.9760465,51.0876838],[16.9760413,51.0876756],[16.9760362,51.0876673],[16.9760311,51.0876591],[16.976026,51.0876509],[16.9760208,51.0876426],[16.9760157,51.0876344],[16.9760106,51.0876262],[16.976006,51.0876184],[16.9760014,51.0876106],[16.9759968,51.0876027],[16.9759922,51.0875949],[16.9759875,51.0875871],[16.9759829,51.0875793],[16.9759783,51.0875714],[16.9759737,51.0875636],[16.9759691,51.0875558],[16.9759666,51.087547],[16.9759641,51.0875383],[16.9759616,51.0875295],[16.9759591,51.0875208],[16.9759566,51.0875121],[16.9759541,51.0875033],[16.9759516,51.0874946],[16.9759491,51.0874858],[16.975935,51.087453]]}},{"type":"Feature","properties":{"layer":"roads"},"geometry":{"type":"LineString","coordinates":[[16.9761455,51.0877534],[16.9761529,51.0877813],[16.9761562,51.0877893],[16.9761595,51.0877972],[16.9761627,51.0878051],[16.976166,51.087813],[16.9761692,51.0878209],[16.9761724,51.0878296],[16.9761756,51.0878382],[16.9761788,51.0878469],[16.976182,51.0878556],[16.9761852,51.0878642],[16.9761885,51.0878729],[16.9761917,51.0878815],[16.9761949,51.0878902],[16.9761981,51.0878989],[16.9762013,51.0879075],[16.9762045,51.0879162],[16.9762089,51.0879239],[16.9762132,51.0879316],[16.9762176,51.0879394],[16.9762219,51.0879471],[16.9762263,51.0879548],[16.9762345,51.0879613],[16.9762428,51.0879677],[16.976251,51.0879742],[16.9762593,51.0879806],[16.9762675,51.0879871],[16.9762769,51.0879919],[16.9762863,51.0879966],[16.9762956,51.0880013],[16.976305,51.0880061],[16.9763144,51.0880108],[16.9763238,51.0880156],[16.9763315,51.0880224],[16.9763392,51.0880292],[16.9763469,51.0880359],[16.9763546,51.0880427],[16.9763623,51.0880495],[16.97637,51.0880563],[16.9763777,51.0880631],[16.9763854,51.0880698],[16.9763931,51.0880766],[16.9764008,51.0880834],[16.9764072,51.0880909],[16.9764137,51.0880984],[16.9764201,51.0881059],[16.9764265,51.0881134],[16.9764329,51.0881209],[16.9764393,51.0881284],[16.9764458,51.0881359],[16.9764522,51.0881434],[16.9764586,51.0881509],[16.976465,51.0881584],[16.9764715,51.0881659],[16.9764779,51.0881734],[16.9764781,51.0881819],[16.9764784,51.0881905],[16.9764786,51.088199],[16.9764789,51.0882076],[16.9764791,51.0882161],[16.9764794,51.0882247],[16.9764796,51.0882332],[16.9764803,51.0882412],[16.976481,51.0882491],[16.9764818,51.0882571],[16.9764825,51.088265],[16.9764832,51.088273],[16.9764839,51.0882809],[16.976488,51.0882883],[16.9764921,51.0882956],[16.9764962,51.088303],[16.9765003,51.0883104],[16.9765044,51.0883178],[16.9765085,51.0883251],[16.9765126,51.0883325],[16.9765226,51.0883375],[16.9765326,51.0883424],[16.9765426,51.0883474],[16.9765525,51.0883524],[16.9765625,51.0883574],[16.9765725,51.0883623],[16.9765825,51.0883673],[16.9765955,51.0883707],[16.9766084,51.0883741],[16.9766214,51.0883774],[16.9766344,51.0883808],[16.9766474,51.0883842],[16.9766603,51.0883876],[16.9766733,51.088391],[16.9766863,51.0883943],[16.9766992,51.0883977],[16.9767122,51.0884011],[16.9767237,51.0884058],[16.9767353,51.0884104],[16.9767468,51.0884151],[16.9767583,51.0884197],[16.9767698,51.0884244],[16.9767814,51.088429],[16.9767929,51.0884337],[16.9768044,51.0884383],[16.9768159,51.088443],[16.9768275,51.0884476],[16.976839,51.0884523],[16.9768513,51.0884565],[16.9768635,51.0884607],[16.9768758,51.0884648],[16.9768881,51.088469],[16.9769004,51.0884732],[16.9769126,51.0884774],[16.9769249,51.0884816],[16.9769372,51.0884858],[16.9769495,51.0884899],[16.9769617,51.0884941],[16.976974,51.0884983],[16.9769863,51.0885025],[16.9769986,51.0885067],[16.9770108,51.0885109],[16.9770231,51.088515],[16.9770354,51.0885192],[16.9770477,51.0885234],[16.9770599,51.0885276],[16.9770722,51.0885318],[16.9770845,51.088536],[16.9771245,51.0885534]]}},{"type":"Feature","properties":{"layer":"roads"},"geometry":{"type":"LineString","coordinates":[[16.9761455,51.0877534],[16.9761976,51.0877512],[16.9762112,51.0877496],[16.9762248,51.087748],[16.9762383,51.0877464],[16.9762519,51.0877447],[16.9762655,51.0877431],[16.9762791,51.0877415],[16.9762927,51.0877399],[16.9763063,51.0877383],[16.9763199,51.0877367],[16.9763335,51.0877351],[16.9763471,51.0877331],[16.9763608,51.087731],[16.9763744,51.087729],[16.976388,51.087727],[16.9764017,51.0877249],[16.9764153,51.0877229],[16.9764289,51.0877208],[16.9764426,51.0877188],[16.9764562,51.0877168],[16.9764698,51.0877147],[16.9764834,51.0877127],[16.9764971,51.0877107],[16.9765107,51.0877086],[16.9765243,51.0877066],[16.976538,51.0877045],[16.9765516,51.0877025],[16.9765652,51.0877005],[16.9765789,51.0876984],[16.9765925,51.0876964],[16.9766061,51.0876944],[16.9766198,51.0876923],[16.9766334,51.0876903],[16.976647,51.0876882],[16.9766607,51.0876862],[16.9766743,51.0876842],[16.9766879,51.0876821],[16.9767015,51.0876801],[16.9767152,51.0876781],[16.9767288,51.087676],[16.9767424,51.087674],[16.9767561,51.0876719],[16.9768043,51.0876647]]}},{"type":"Feature","properties":{"layer":"roads"},"geometry":{"type":"LineString","coordinates":[[16.9771245,51.0885534],[16.9771093,51.0885137],[16.9771063,51.088505],[16.9771033,51.0884963],[16.9771003,51.0884877],[16.9770973,51.088479],[16.9770944,51.0884703],[16.9770914,51.0884616],[16.9770884,51.0884529],[16.9770854,51.0884442],[16.9770824,51.0884355],[16.9770794,51.0884268],[16.9770764,51.0884181],[16.9770734,51.0884094],[16.9770704,51.0884007],[16.9770674,51.088392],[16.9770644,51.0883833],[16.9770614,51.0883746],[16.9770584,51.088366],[16.9770554,51.0883573],[16.9770524,51.0883486],[16.9770494,51.0883399],[16.9770464,51.0883312],[16.9770435,51.0883225],[16.9770405,51.0883138],[16.9770375,51.0883051],[16.9770345,51.0882964],[16.9770315,51.0882877],[16.9770285,51.088279],[16.9770255,51.0882703],[16.9770225,51.0882616],[16.9770195,51.0882529],[16.9770165,51.0882443],[16.9770135,51.0882356],[16.9770105,51.0882269],[16.9770075,51.0882182],[16.9770045,51.0882095],[16.9770015,51.0882008],[16.9769985,51.0881921],[16.9769955,51.0881834],[16.9769925,51.0881747],[16.9769896,51.088166],[16.9769866,51.0881573],[16.9769836,51.0881486],[16.9769806,51.0881399],[16.9769776,51.0881312],[16.9769746,51.0881226],[16.9769716,51.0881139],[16.9769686,51.0881052],[16.9769656,51.0880965],[16.9769626,51.0880878],[16.9769596,51.0880791],[16.9769566,51.0880704],[16.9769536,51.0880617],[16.9769506,51.088053],[16.9769476,51.0880443],[16.9769446,51.0880356],[16.9769416,51.0880269],[16.9769387,51.0880182],[16.9769357,51.0880095],[16.9769327,51.0880009],[16.9769297,51.0879922],[16.9769267,51.0879835],[16.9769237,51.0879748],[16.9769216,51.0879415]]}},{"type":"Feature","properties":{"layer":"roads"},"geometry":{"type":"LineString","coordinates":[[16.9790067,51.0861553],[16.9789957,51.0861227],[16.9789947,51.0861144],[16.9789937,51.0861061],[16.9789927,51.0860978],[16.9789917,51.0860895],[16.9789908,51.0860811],[16.9789898,51.0860728],[16.9789888,51.0860645],[16.9789834,51.0860565],[16.9789781,51.0860485],[16.9789727,51.0860405],[16.9789674,51.0860325],[16.978962,51.0860245],[16.9789567,51.0860165],[16.9789513,51.0860084],[16.978946,51.0860004],[16.9789406,51.0859924],[16.9789353,51.0859844],[16.9789299,51.0859764],[16.9789246,51.0859684],[16.9789192,51.0859604],[16.978916,51.0859517],[16.9789128,51.0859431],[16.9789096,51.0859344],[16.9789064,51.0859258],[16.9789032,51.0859171],[16.9789,51.0859084],[16.9788968,51.0858998],[16.9788936,51.0858911],[16.9788904,51.0858824],[16.9788872,51.0858738],[16.978884,51.0858651],[16.9788808,51.0858564],[16.9788775,51.0858478],[16.9788743,51.0858391],[16.9788711,51.0858305],[16.9788679,51.0858218],[16.9788647,51.0858131],[16.9788615,51.0858045],[16.9788583,51.0857958],[16.9788551,51.0857872],[16.9788519,51.0857785],[16.9788487,51.0857698],[16.9788455,51.0857612],[16.9788423,51.0857525],[16.9788391,51.0857438],[16.9788359,51.0857352],[16.9788327,51.0857265],[16.9788295,51.0857178],[16.9788263,51.0857092],[16.9788231,51.0857005],[16.9788199,51.0856919],[16.9788167,51.0856832],[16.9788135,51.0856745],[16.9788103,51.0856659],[16.9788071,51.0856572],[16.9788039,51.0856486],[16.9788006,51.0856399],[16.9787974,51.0856312],[16.9787942,51.0856226],[16.978791,51.0856139],[16.9787878,51.0856052],[16.9787846,51.0855966],[16.9787896,51.0855685]]}},{"type":"Feature","properties":{"layer":"roads"},"geometry":{"type":"LineString","coordinates":[[16.9790067,51.0861553],[16.9789581,51.0861613],[16.9789443,51.0861631],[16.9789305,51.0861648],[16.9789167,51.0861666],[16.9789028,51.0861683],[16.978889,51.0861701],[16.9788752,51.0861719],[16.9788614,51.0861736],[16.9788475,51.0861754],[16.9788337,51.0861772],[16.9788199,51.0861789],[16.9788061,51.0861807],[16.9787922,51.0861825],[16.9787784,51.0861842],[16.9787646,51.086186],[16.9787507,51.0861878],[16.9787369,51.0861895],[16.9787231,51.0861913],[16.9787093,51.086193],[16.9786955,51.0861948],[16.9786816,51.0861966],[16.9786678,51.0861983],[16.978654,51.0862001],[16.9786402,51.0862019],[16.9786263,51.0862036],[16.9786125,51.0862054],[16.9785987,51.0862072],[16.9785849,51.0862089],[16.978571,51.0862107],[16.9785572,51.0862125],[16.9785434,51.0862142],[16.9785296,51.086216],[16.9785157,51.0862177],[16.9785019,51.0862195],[16.9784881,51.0862213],[16.9784743,51.086223],[16.9784604,51.0862248],[16.9784466,51.0862266],[16.9784328,51.0862283],[16.978419,51.0862301],[16.9784051,51.0862319],[16.9783913,51.0862336],[16.9783775,51.0862354],[16.9783637,51.0862371],[16.9783498,51.0862389],[16.978336,51.0862407],[16.9783222,51.0862424],[16.9783083,51.0862442],[16.9782945,51.086246],[16.9782807,51.0862477],[16.9782669,51.0862495],[16.978253,51.0862513],[16.9782392,51.086253],[16.9782254,51.0862548],[16.9782116,51.0862566],[16.9781977,51.0862583],[16.9781839,51.0862601],[16.9781701,51.0862618],[16.9781563,51.0862636],[16.9781424,51.0862654],[16.9781286,51.0862671],[16.9781148,51.0862689],[16.9781007,51.0862705],[16.9780867,51.0862722],[16.9780726,51.0862738],[16.9780586,51.0862754],[16.9780445,51.0862771],[16.9780304,51.0862787],[16.9780164,51.0862803],[16.9780023,51.0862819],[16.9779882,51.0862836],[16.9779742,51.0862852],[16.9779601,51.0862868],[16.977946,51.0862885],[16.977932,51.0862901],[16.9779179,51.0862917],[16.9779039,51.0862934],[16.9778898,51.086295],[16.9778757,51.0862966],[16.9778617,51.0862982],[16.9778476,51.0862999],[16.9778335,51.0863015],[16.9778195,51.0863031],[16.9778054,51.0863048],[16.9777914,51.0863064],[16.9777773,51.086308],[16.9777632,51.0863097],[16.9777492,51.0863113],[16.9777351,51.0863129],[16.977721,51.0863146],[16.977707,51.0863162],[16.9776929,51.0863178],[16.9776789,51.0863194],[16.9776648,51.0863211],[16.9776507,51.0863227],[16.9776367,51.0863243],[16.9776226,51.086326],[16.9776085,51.0863276],[16.9775945,51.0863292],[16.9775804,51.0863309],[16.9775664,51.0863325],[16.9775523,51.0863341],[16.9775382,51.0863357],[16.9775242,51.0863374],[16.9775101,51.086339],[16.977496,51.0863406],[16.977482,51.0863423],[16.9774679,51.0863439],[16.9774539,51.0863455],[16.9774398,51.0863472],[16.9774257,51.0863488],[16.9774117,51.0863504],[16.9773976,51.086352],[16.9773835,51.0863537],[16.9773695,51.0863553],[16.9773209,51.0863611]]}},{"type":"Feature","properties":{"layer":"roads"},"geometry":{"type":"LineString","coordinates":[[16.9790067,51.0861553],[16.9790549,51.0861491],[16.9790687,51.0861473],[16.9790825,51.0861456],[16.9790963,51.0861439],[16.9791102,51.0861421],[16.979124,51.0861404],[16.9791378,51.0861387],[16.9791516,51.0861369],[16.9791654,51.0861352],[16.9791793,51.0861335],[16.9791931,51.0861318],[16.9792069,51.08613],[16.9792207,51.0861283],[16.9792345,51.0861266],[16.9792484,51.0861248],[16.9792622,51.0861231],[16.979276,51.0861214],[16.9792898,51.0861196],[16.9793036,51.0861179],[16.9793175,51.0861162],[16.9793313,51.0861144],[16.9793451,51.0861127],[16.9793589,51.086111],[16.9793727,51.0861092],[16.9793866,51.0861075],[16.9794004,51.0861058],[16.9794142,51.086104],[16.979428,51.0861023],[16.9794418,51.0861006],[16.9794557,51.0860988],[16.9794695,51.0860971],[16.9794833,51.0860954],[16.9794971,51.0860936],[16.9795109,51.0860919],[16.9795248,51.0860902],[16.9795386,51.0860885],[16.9795524,51.0860867],[16.9795662,51.086085],[16.97958,51.0860833],[16.9795939,51.0860815],[16.9796077,51.0860798],[16.9796215,51.0860781],[16.9796353,51.0860763],[16.9796491,51.0860746],[16.979663,51.0860729],[16.9796768,51.0860711],[16.9796906,51.0860694],[16.9797038,51.0860661],[16.979717,51.0860627],[16.9797303,51.0860594],[16.9797435,51.086056],[16.9797567,51.0860527],[16.9797699,51.0860493],[16.9797832,51.086046],[16.9797964,51.0860426],[16.9798096,51.0860393],[16.9798228,51.0860359],[16.9798361,51.0860326],[16.9798493,51.0860292],[16.9798625,51.0860259],[16.9798757,51.0860225],[16.979889,51.0860192],[16.9799022,51.0860158],[16.9799154,51.0860125],[16.9799289,51.0860112],[16.9799424,51.08601],[16.9799559,51.0860087],[16.9799694,51.0860074],[16.979983,51.0860061],[16.9799965,51.0860049],[16.98001,51.0860036],[16.9800235,51.0860023],[16.980037,51.0860011],[16.9800505,51.0859998],[16.980064,51.0859985],[16.9800775,51.0859972],[16.980091,51.085996],[16.9801046,51.0859947],[16.9801181,51.0859934],[16.9801651,51.0859892]]}},{"type":"Feature","properties":{"layer":"roads"},"geometry":{"type":"LineString","coordinates":[[16.9790067,51.0861553],[16.97901,51.0861903],[16.9790127,51.0861989],[16.9790153,51.0862075],[16.9790179,51.0862161],[16.9790205,51.0862247],[16.9790231,51.0862333],[16.9790257,51.0862419],[16.9790283,51.0862505],[16.9790309,51.086259],[16.9790335,51.0862676],[16.9790361,51.0862762],[16.9790388,51.0862848],[16.9790414,51.0862934],[16.979044,51.086302],[16.9790466,51.0863106],[16.9790492,51.0863191],[16.9790518,51.0863277],[16.9790544,51.0863363],[16.979057,51.0863449],[16.9790596,51.0863535],[16.9790622,51.0863621],[16.9790649,51.0863707],[16.9790675,51.0863793],[16.9790778,51.0864137]]}},{"type":"Feature","properties":{"layer":"roads"},"geometry":{"type":"LineString","coordinates":[[16.9773209,51.0863611],[16.977272,51.0863678],[16.9772582,51.0863697],[16.9772444,51.0863716],[16.9772306,51.0863735],[16.9772167,51.0863754],[16.9772029,51.0863773],[16.9771891,51.0863792],[16.9771753,51.0863811],[16.9771615,51.0863829],[16.9771477,51.0863848],[16.9771338,51.0863867],[16.97712,51.0863886],[16.9771062,51.0863905],[16.9770924,51.0863924],[16.9770786,51.0863943],[16.9770647,51.0863962],[16.9770509,51.0863981],[16.9770371,51.0864],[16.9770233,51.0864019],[16.9770095,51.0864038],[16.9769956,51.0864057],[16.9769818,51.0864076],[16.976968,51.0864095],[16.9769542,51.0864114],[16.9769404,51.0864133],[16.9769265,51.0864152],[16.9769127,51.0864171],[16.9768989,51.086419],[16.9768851,51.0864209],[16.9768713,51.0864228],[16.9768575,51.0864246],[16.9768436,51.0864265],[16.9768298,51.0864284],[16.976816,51.0864303],[16.9768022,51.0864322],[16.9767884,51.0864341],[16.9767745,51.086436],[16.9767607,51.0864379],[16.9767469,51.0864398],[16.9767331,51.0864417],[16.9767193,51.0864436],[16.9767054,51.0864455],[16.9766916,51.0864474],[16.9766778,51.0864493],[16.976664,51.0864512],[16.9766502,51.0864531],[16.9766363,51.086455],[16.9766225,51.0864569],[16.9766087,51.0864588],[16.9765949,51.0864607],[16.9765811,51.0864626],[16.9765672,51.0864645],[16.9765534,51.0864664],[16.9765396,51.0864682],[16.9765258,51.0864701],[16.976512,51.086472],[16.9764982,51.0864739],[16.9764843,51.0864758],[16.9764705,51.0864777],[16.9764567,51.0864796],[16.9764429,51.0864815],[16.9764291,51.0864834],[16.9763815,51.0864901]]}},{"type":"Feature","properties":{"layer":"roads"},"geometry":{"type":"LineString","coordinates":[[16.9773209,51.0863611],[16.9773146,51.0863253],[16.9773115,51.0863166],[16.9773083,51.0863078],[16.9773051,51.0862991],[16.977302,51.0862904],[16.9772988,51.0862817],[16.9772956,51.0862729],[16.9772925,51.0862642],[16.9772893,51.0862555],[16.9772861,51.0862468],[16.977283,51.086238],[16.9772798,51.0862293],[16.9772766,51.0862206],[16.9772735,51.0862119],[16.9772703,51.0862031],[16.9772671,51.0861944],[16.977264,51.0861857],[16.9772608,51.086177],[16.9772576,51.0861682],[16.9772544,51.0861595],[16.9772513,51.0861508],[16.9772481,51.0861421],[16.9772449,51.0861333],[16.9772418,51.0861246],[16.9772386,51.0861159],[16.9772354,51.0861072],[16.9772323,51.0860984],[16.9772291,51.0860897],[16.9772259,51.086081],[16.9772228,51.0860723],[16.9772196,51.0860635],[16.9772164,51.0860548],[16.9772133,51.0860461],[16.9772101,51.0860374],[16.9772069,51.0860286],[16.9772038,51.0860199],[16.9772006,51.0860112],[16.9771974,51.0860025],[16.9771943,51.0859937],[16.9771911,51.085985],[16.9771879,51.0859763],[16.9771848,51.0859675],[16.9771816,51.0859588],[16.9771784,51.0859501],[16.9771753,51.0859414],[16.9771721,51.0859326],[16.9771689,51.0859239],[16.9771658,51.0859152],[16.9771626,51.0859065],[16.9771594,51.0858977],[16.9771563,51.085889],[16.9771531,51.0858803],[16.9771499,51.0858716],[16.9771468,51.0858628],[16.9771436,51.0858541],[16.9771404,51.0858454],[16.9771373,51.0858367],[16.9771341,51.0858279],[16.9771309,51.0858192],[16.9771278,51.0858105],[16.9771246,51.0858018],[16.9771214,51.085793],[16.9771182,51.0857843],[16.9771151,51.0857756],[16.9771119,51.0857669],[16.9771087,51.0857581],[16.9771056,51.0857494],[16.9771024,51.0857407],[16.9770992,51.085732],[16.9770961,51.0857232],[16.9770929,51.0857145],[16.9770897,51.0857058],[16.9770866,51.0856971],[16.9770834,51.0856883],[16.9770802,51.0856796],[16.9770771,51.0856709],[16.9770739,51.0856622],[16.9770707,51.0856534],[16.9770676,51.0856447],[16.9770644,51.085636],[16.9770533,51.0856058]]}},{"type":"Feature","properties":{"layer":"roads"},"geometry":{"type":"LineString","coordinates":[[16.9773209,51.0863611],[16.9773394,51.0863951],[16.9773424,51.0864038],[16.9773455,51.0864125],[16.9773485,51.0864212],[16.9773515,51.0864299],[16.9773546,51.0864386],[16.9773576,51.0864473],[16.9773606,51.086456],[16.9773636,51.0864648],[16.9773667,51.0864735],[16.9773697,51.0864822],[16.9773727,51.0864909],[16.9773758,51.0864996],[16.9773788,51.0865083],[16.9773818,51.086517],[16.9773849,51.0865257],[16.9773879,51.0865345],[16.9773909,51.0865432],[16.9773939,51.0865519],[16.977397,51.0865606],[16.9774,51.0865693],[16.977403,51.086578],[16.9774061,51.0865867],[16.9774091,51.0865954],[16.9774149,51.0866314]]}},{"type":"Feature","properties":{"layer":"roads"},"geometry":{"type":"LineString","coordinates":[[16.9774149,51.0866314],[16.9773668,51.0866396],[16.9773532,51.086642],[16.9773396,51.0866443],[16.977326,51.0866467],[16.9773124,51.086649],[16.9772988,51.0866513],[16.9772853,51.0866537],[16.9772717,51.086656],[16.9772581,51.0866583],[16.9772445,51.0866607],[16.9772309,51.086663],[16.9772173,51.0866654],[16.9772037,51.0866677],[16.9771901,51.08667],[16.9771765,51.0866724],[16.9771629,51.0866747],[16.9771493,51.0866768],[16.9771357,51.0866788],[16.9771221,51.0866809],[16.9771086,51.0866829],[16.977095,51.086685],[16.9770814,51.0866871],[16.9770678,51.0866891],[16.9770542,51.0866912],[16.9770406,51.0866932],[16.977027,51.0866953],[16.9770135,51.0866974],[16.9769999,51.0866994],[16.9769863,51.0867015],[16.9769727,51.0867035],[16.9769591,51.0867056],[16.9769455,51.0867076],[16.9769319,51.0867097],[16.9769183,51.0867118],[16.9769048,51.0867138],[16.9768912,51.0867159],[16.9768776,51.0867179],[16.976864,51.08672],[16.97685,51.0867217],[16.9768359,51.0867234],[16.9768219,51.0867252],[16.9768078,51.0867269],[16.9767938,51.0867286],[16.9767798,51.0867303],[16.9767657,51.0867321],[16.9767517,51.0867338],[16.9767376,51.0867355],[16.9767236,51.0867372],[16.9767095,51.086739],[16.9766955,51.0867407],[16.9766815,51.0867424],[16.9766674,51.0867441],[16.9766534,51.0867459],[16.9766393,51.0867476],[16.9766253,51.0867493],[16.9766115,51.0867507],[16.9765976,51.086752],[16.9765838,51.0867534],[16.9765699,51.0867547],[16.9765561,51.0867561],[16.9765423,51.0867575],[16.9765284,51.0867588],[16.9764809,51.086764]]}},{"type":"Feature","properties":{"layer":"roads"},"geometry":{"type":"LineString","coordinates":[[16.9774149,51.0866314],[16.9774596,51.0866256],[16.9774724,51.086624],[16.9774853,51.0866225],[16.9774981,51.0866209],[16.9775109,51.0866193],[16.9775237,51.0866178],[16.9775365,51.0866162],[16.9775495,51.0866139],[16.9775625,51.0866115],[16.9775754,51.0866092],[16.9775884,51.0866068],[16.9776014,51.0866045],[16.9776144,51.0866022],[16.9776273,51.0865998],[16.9776403,51.0865975],[16.9776533,51.0865952],[16.9776663,51.0865928],[16.9776792,51.0865905],[16.9776922,51.0865881],[16.9777052,51.0865858],[16.9777185,51.0865833],[16.9777318,51.0865807],[16.9777452,51.0865782],[16.9777585,51.0865757],[16.9777718,51.0865731],[16.9777851,51.0865706],[16.9777984,51.086568],[16.9778118,51.0865655],[16.9778251,51.086563],[16.9778384,51.0865604],[16.9778517,51.0865579],[16.9778651,51.0865554],[16.9778784,51.0865528],[16.9778917,51.0865503],[16.977905,51.0865477],[16.9779183,51.0865452],[16.9779317,51.0865427],[16.977945,51.0865401],[16.9779583,51.0865376],[16.9779721,51.0865366],[16.9779859,51.0865357],[16.9779997,51.0865347],[16.9780135,51.0865337],[16.9780273,51.0865328],[16.9780411,51.0865318],[16.9780549,51.0865309],[16.9780687,51.0865299],[16.9780825,51.0865289],[16.9780963,51.086528],[16.9781101,51.086527],[16.9781239,51.086526],[16.9781377,51.0865251],[16.9781515,51.0865241],[16.9781653,51.0865232],[16.9781791,51.0865222],[16.9781929,51.0865212],[16.9782067,51.0865203],[16.9782205,51.0865193],[16.9782341,51.0865175],[16.9782476,51.0865157],[16.9782612,51.0865138],[16.9782748,51.086512],[16.9782883,51.0865102],[16.9783019,51.0865084],[16.9783155,51.0865065],[16.978329,51.0865047],[16.9783426,51.0865029],[16.9783561,51.0865011],[16.9783697,51.0864993],[16.9783833,51.0864974],[16.9783968,51.0864956],[16.9784104,51.0864938],[16.9784236,51.086492],[16.9784368,51.0864902],[16.9784501,51.0864883],[16.9784633,51.0864865],[16.9784765,51.0864847],[16.9784897,51.0864829],[16.9785029,51.0864811],[16.9785162,51.0864792],[16.9785294,51.0864774],[16.9785426,51.0864756],[16.9785563,51.086474],[16.9785699,51.0864725],[16.9785836,51.0864709],[16.9785972,51.0864694],[16.9786109,51.0864678],[16.9786246,51.0864663],[16.9786382,51.0864648],[16.9786519,51.0864632],[16.9786655,51.0864617],[16.9786792,51.0864601],[16.9786928,51.0864586],[16.9787065,51.086457],[16.9787193,51.0864552],[16.978732,51.0864534],[16.9787448,51.0864515],[16.9787575,51.0864497],[16.9787703,51.0864479],[16.978783,51.0864461],[16.9787958,51.0864443],[16.9788085,51.0864425],[16.9788213,51.0864406],[16.978834,51.0864388],[16.9788468,51.086437],[16.9788603,51.0864354],[16.9788738,51.0864338],[16.9788872,51.0864322],[16.9789007,51.0864306],[16.9789142,51.086429],[16.9789277,51.0864275],[16.9789412,51.0864259],[16.9789547,51.0864243],[16.9789681,51.0864227],[16.9789816,51.0864211],[16.9789951,51.0864195],[16.9790089,51.0864185],[16.9790227,51.0864175],[16.9790778,51.0864137]]}},{"type":"Feature","properties":{"layer":"roads"},"geometry":{"type":"LineString","coordinates":[[16.9774149,51.0866314],[16.977433,51.086665],[16.977436,51.0866737],[16.9774389,51.0866824],[16.9774418,51.0866911],[16.9774448,51.0866998],[16.9774477,51.0867085],[16.9774507,51.0867171],[16.9774536,51.0867258],[16.9774566,51.0867345],[16.9774595,51.0867432],[16.9774625,51.0867519],[16.9774655,51.0867606],[16.9774684,51.0867693],[16.9774713,51.0867779],[16.9774743,51.0867866],[16.9774772,51.0867953],[16.9774802,51.086804],[16.9774832,51.0868127],[16.9774861,51.0868214],[16.977489,51.08683],[16.977492,51.0868387],[16.977495,51.0868474],[16.9774979,51.0868561],[16.9775008,51.0868648],[16.9775038,51.0868735],[16.9775094,51.0869091]]}},{"type":"Feature","properties":{"layer":"roads"},"geometry":{"type":"LineString","coordinates":[[16.9790778,51.0864137],[16.9790878,51.0864484],[16.9790902,51.0864571],[16.9790927,51.0864658],[16.9790951,51.0864745],[16.9790976,51.0864831],[16.9791001,51.0864918],[16.9791025,51.0865005],[16.979105,51.0865092],[16.9791075,51.0865179],[16.9791099,51.0865266],[16.9791124,51.0865353],[16.9791148,51.086544],[16.9791173,51.0865527],[16.9791198,51.0865614],[16.9791222,51.0865701],[16.9791247,51.0865788],[16.9791272,51.0865875],[16.9791296,51.0865962],[16.9791321,51.0866049],[16.9791345,51.0866136],[16.979137,51.0866222],[16.9791395,51.0866309],[16.9791419,51.0866396],[16.9791444,51.0866483],[16.9791468,51.086657],[16.9791633,51.0866906]]}},{"type":"Feature","properties":{"layer":"roads"},"geometry":{"type":"LineString","coordinates":[[16.9775094,51.0869091],[16.977461,51.0869164],[16.9774473,51.0869184],[16.9774337,51.0869205],[16.97742,51.0869225],[16.9774064,51.0869246],[16.9773927,51.0869266],[16.977379,51.0869286],[16.9773654,51.0869307],[16.9773517,51.0869327],[16.9773381,51.0869348],[16.9773244,51.0869368],[16.9773108,51.0869389],[16.9772971,51.0869409],[16.9772835,51.086943],[16.9772698,51.086945],[16.9772562,51.0869471],[16.9772425,51.0869491],[16.9772288,51.0869511],[16.9772152,51.0869532],[16.9772015,51.0869552],[16.9771879,51.0869573],[16.9771742,51.0869593],[16.9771606,51.0869614],[16.9771469,51.0869634],[16.9771333,51.0869655],[16.9771196,51.0869675],[16.9771059,51.0869695],[16.9770923,51.0869716],[16.9770786,51.0869736],[16.977065,51.0869757],[16.9770513,51.0869777],[16.9770377,51.0869798],[16.977024,51.0869818],[16.9770104,51.0869839],[16.9769967,51.0869859],[16.9769831,51.086988],[16.9769694,51.08699],[16.9769557,51.086992],[16.9769421,51.0869941],[16.9769284,51.0869961],[16.9769148,51.0869982],[16.9769011,51.0870002],[16.9768875,51.0870023],[16.9768738,51.0870043],[16.9768602,51.0870064],[16.9768304,51.0870103],[16.9767928,51.0870148],[16.9767794,51.0870164],[16.9767659,51.087018],[16.9767525,51.0870196],[16.9767391,51.0870212],[16.9767257,51.0870228],[16.9767122,51.0870243],[16.9766988,51.0870259],[16.9766854,51.0870275],[16.976672,51.0870291],[16.9766585,51.0870307],[16.9766451,51.0870323],[16.9765966,51.0870381]]}},{"type":"Feature","properties":{"layer":"roads"},"geometry":{"type":"LineString","coordinates":[[16.9775094,51.0869091],[16.9775281,51.0869427],[16.9775312,51.0869513],[16.9775344,51.0869599],[16.9775375,51.0869685],[16.9775406,51.0869772],[16.9775438,51.0869858],[16.9775469,51.0869944],[16.97755,51.087003],[16.9775532,51.0870116],[16.9775563,51.0870203],[16.9775594,51.0870289],[16.9775625,51.0870375],[16.9775657,51.0870461],[16.9775688,51.0870548],[16.9775719,51.0870634],[16.9775751,51.087072],[16.9775782,51.0870806],[16.9775813,51.0870892],[16.9775844,51.0870979],[16.9775876,51.0871065],[16.9775907,51.0871151],[16.9775938,51.0871237],[16.977597,51.0871323],[16.9776001,51.087141],[16.9776032,51.0871496],[16.9776064,51.0871582],[16.9776095,51.0871668],[16.9776126,51.0871754],[16.9776157,51.0871841],[16.9776189,51.0871927],[16.9776371,51.0872246]]}},{"type":"Feature","properties":{"layer":"roads"},"geometry":{"type":"LineString","coordinates":[[16.9775094,51.0869091],[16.977557,51.0869026],[16.9775708,51.0869008],[16.9775846,51.0868989],[16.9775984,51.086897],[16.9776122,51.0868952],[16.977626,51.0868933],[16.9776398,51.0868915],[16.9776536,51.0868896],[16.9776674,51.0868877],[16.9776812,51.0868859],[16.977695,51.086884],[16.9777088,51.0868822],[16.9777226,51.0868803],[16.9777364,51.0868784],[16.9777502,51.0868766],[16.977764,51.0868747],[16.9777778,51.0868728],[16.9777916,51.086871],[16.9778054,51.0868691],[16.9778192,51.0868673],[16.977833,51.0868654],[16.9778468,51.0868635],[16.9778606,51.0868617],[16.9778744,51.0868598],[16.9778882,51.086858],[16.977902,51.0868561],[16.9779158,51.0868542],[16.9779296,51.0868524],[16.9779434,51.0868505],[16.9779572,51.0868487],[16.977971,51.0868468],[16.9779848,51.0868449],[16.9779986,51.0868431],[16.9780124,51.0868412],[16.9780262,51.0868394],[16.97804,51.0868375],[16.9780538,51.0868356],[16.9780676,51.0868338],[16.9780814,51.0868319],[16.9780952,51.0868301],[16.978109,51.0868282],[16.9781228,51.0868263],[16.9781366,51.0868245],[16.9781504,51.0868226],[16.9781642,51.0868207],[16.978178,51.0868189],[16.9781918,51.086817],[16.9782056,51.0868152],[16.9782194,51.0868133],[16.9782332,51.0868114],[16.978247,51.0868096],[16.9782608,51.0868077],[16.9782746,51.0868059],[16.9782884,51.086804],[16.9783024,51.0868022],[16.9783164,51.0868004],[16.9783304,51.0867986],[16.9783444,51.0867968],[16.9783584,51.086795],[16.9783724,51.0867931],[16.9783864,51.0867913],[16.9784004,51.0867895],[16.9784144,51.0867877],[16.9784284,51.0867859],[16.9784425,51.0867841],[16.9784565,51.0867823],[16.9784705,51.0867805],[16.9784845,51.0867787],[16.9784985,51.0867769],[16.9785125,51.086775],[16.9785265,51.0867732],[16.9785405,51.0867714],[16.9785545,51.0867696],[16.9785685,51.0867678],[16.9785825,51.086766],[16.9785965,51.0867642],[16.9786105,51.0867624],[16.9786245,51.0867606],[16.9786385,51.0867588],[16.9786525,51.0867569],[16.9786665,51.0867551],[16.9786805,51.0867533],[16.9786945,51.0867515],[16.9787085,51.0867497],[16.9787226,51.0867479],[16.9787366,51.0867461],[16.9787506,51.0867443],[16.9787646,51.0867425],[16.9787786,51.0867407],[16.9787926,51.0867389],[16.9788066,51.086737],[16.9788206,51.0867352],[16.9788346,51.0867334],[16.9788486,51.0867316],[16.9788626,51.0867298],[16.9788766,51.086728],[16.9788906,51.0867262],[16.9789046,51.0867244],[16.9789186,51.0867226],[16.9789326,51.0867208],[16.9789466,51.0867189],[16.9789606,51.0867171],[16.9789746,51.0867153],[16.9789886,51.0867135],[16.9790026,51.0867117],[16.9790167,51.0867099],[16.9790307,51.0867081],[16.9790447,51.0867063],[16.9790587,51.0867045],[16.9790727,51.0867027],[16.9790867,51.0867008],[16.9791007,51.086699],[16.9791147,51.0866972],[16.9791633,51.0866906]]}},{"type":"Feature","properties":{"layer":"roads"},"geometry":{"type":"LineString","coordinates":[[16.9791633,51.0866906],[16.979212,51.0866832],[16.9792258,51.0866811],[16.9792396,51.086679],[16.9792534,51.0866768],[16.9792672,51.0866747],[16.979281,51.0866725],[16.9792949,51.0866704],[16.9793087,51.0866683],[16.9793225,51.0866661],[16.9793363,51.086664],[16.9793501,51.0866619],[16.9793639,51.0866597],[16.9793778,51.0866576],[16.9793916,51.0866554],[16.9794054,51.0866533],[16.9794192,51.0866512],[16.979433,51.086649],[16.9794468,51.0866469],[16.9794607,51.0866447],[16.9794745,51.0866426],[16.9794883,51.0866405],[16.9795021,51.0866383],[16.9795159,51.0866362],[16.9795297,51.086634],[16.9795436,51.0866319],[16.9795574,51.0866298],[16.9795712,51.0866276],[16.979585,51.0866255],[16.9795988,51.0866233],[16.9796126,51.0866212],[16.9796264,51.0866191],[16.9796403,51.0866169],[16.9796541,51.0866148],[16.9796679,51.0866127],[16.9796817,51.0866105],[16.9796955,51.0866084],[16.9797093,51.0866062],[16.9797232,51.0866041],[16.979737,51.086602],[16.9797508,51.0865998],[16.9797646,51.0865977],[16.9797784,51.0865955],[16.9797922,51.0865934],[16.9798061,51.0865913],[16.9798199,51.0865891],[16.9798337,51.086587],[16.9798475,51.0865848],[16.9798613,51.0865827],[16.9798751,51.0865806],[16.979889,51.0865784],[16.9799028,51.0865763],[16.9799166,51.0865742],[16.9799304,51.086572],[16.9799442,51.0865699],[16.979958,51.0865677],[16.9799718,51.0865656],[16.9799857,51.0865635],[16.9799995,51.0865613],[16.9800133,51.0865592],[16.9800271,51.086557],[16.9800409,51.0865549],[16.9800547,51.0865528],[16.9800686,51.0865506],[16.9800824,51.0865485],[16.9800962,51.0865463],[16.98011,51.0865442],[16.9801238,51.0865421],[16.9801376,51.0865399],[16.9801515,51.0865378],[16.9801653,51.0865356],[16.9801791,51.0865335],[16.9801929,51.0865314],[16.9802067,51.0865292],[16.9802205,51.0865271],[16.9802344,51.086525],[16.9802482,51.0865228],[16.980262,51.0865207],[16.9802758,51.0865185],[16.9802896,51.0865164],[16.9803034,51.0865143],[16.9803173,51.0865121],[16.9803646,51.0865051]]}},{"type":"Feature","properties":{"layer":"roads"},"geometry":{"type":"LineString","coordinates":[[16.9791633,51.0866906],[16.9791744,51.0867413],[16.9791646,51.0867792]]}},{"type":"Feature","properties":{"layer":"roads"},"geometry":{"type":"LineString","coordinates":[[16.9746652,51.086216],[16.9747085,51.0862088],[16.9747222,51.0862074],[16.974736,51.086206],[16.9747497,51.0862045],[16.9747634,51.0862031],[16.9747771,51.0862017],[16.9747909,51.0862003],[16.9748046,51.0861989],[16.9748183,51.0861975],[16.974832,51.086196],[16.9748458,51.0861946],[16.9748595,51.0861932],[16.9748732,51.0861918],[16.9748869,51.0861904],[16.9749007,51.0861889],[16.9749144,51.0861875],[16.9749281,51.0861861],[16.9749417,51.086184],[16.9749552,51.0861819],[16.9749688,51.0861798],[16.9749824,51.0861777],[16.9749959,51.0861756],[16.9750095,51.0861735],[16.9750231,51.0861714],[16.9750366,51.0861693],[16.9750502,51.0861672],[16.9750638,51.0861651],[16.9750773,51.086163],[16.9751357,51.0861594]]}},{"type":"Feature","properties":{"layer":"roads"},"geometry":{"type":"LineString","coordinates":[[16.9746652,51.086216],[16.9746065,51.0861874],[16.9745981,51.0861803],[16.9745898,51.0861732],[16.9745814,51.0861661],[16.974573,51.086159],[16.9745647,51.0861519],[16.9745563,51.0861448],[16.974548,51.0861376],[16.9745396,51.0861305],[16.9745313,51.0861234],[16.9745229,51.0861163],[16.9745145,51.0861092],[16.9745062,51.0861021],[16.9744978,51.086095],[16.9744895,51.0860878],[16.9744811,51.0860807],[16.9744728,51.0860736],[16.9744644,51.0860665],[16.974456,51.0860594],[16.9744477,51.0860523],[16.9744393,51.0860452],[16.974431,51.086038],[16.9744226,51.0860309],[16.9744143,51.0860238],[16.9744059,51.0860167],[16.9743975,51.0860096],[16.9743892,51.0860025],[16.9743808,51.0859954],[16.9743621,51.0859705]]}},{"type":"Feature","properties":{"layer":"roads"},"geometry":{"type":"LineString","coordinates":[[16.9746652,51.086216],[16.9746695,51.0862449],[16.9746769,51.0862522],[16.9746843,51.0862595],[16.9746918,51.0862667],[16.9746992,51.086274],[16.9747066,51.0862813],[16.974714,51.0862885],[16.9747214,51.0862958],[16.9747288,51.086303],[16.9747362,51.0863103],[16.9747397,51.0863189],[16.9747432,51.0863275],[16.9747468,51.086336],[16.9747503,51.0863446],[16.9747538,51.0863532],[16.9747574,51.0863618],[16.9747609,51.0863704],[16.9747644,51.0863789],[16.9747679,51.0863875],[16.9747714,51.0863961],[16.974775,51.0864047],[16.9747785,51.0864133],[16.974782,51.0864219],[16.9747856,51.0864304],[16.9747891,51.086439],[16.9747926,51.0864476],[16.9747994,51.086455],[16.9748062,51.0864625],[16.9748131,51.0864699],[16.9748199,51.0864773],[16.9748267,51.0864847],[16.9748335,51.0864922],[16.9748403,51.0864996],[16.9748472,51.086507],[16.974854,51.0865144],[16.9748608,51.0865219],[16.9748676,51.0865293],[16.9748745,51.0865367],[16.9748813,51.0865441],[16.9748881,51.0865516],[16.9748949,51.086559],[16.9749017,51.0865664],[16.9749086,51.0865738],[16.9749154,51.0865813],[16.9749222,51.0865887],[16.9749304,51.0865956],[16.9749385,51.0866025],[16.9749467,51.0866094],[16.9749548,51.0866163],[16.974963,51.0866232],[16.9749712,51.0866301],[16.9749793,51.086637],[16.9749875,51.0866439],[16.9749956,51.0866509],[16.9750038,51.0866578],[16.9750119,51.0866647],[16.9750201,51.0866716],[16.9750283,51.0866785],[16.9750364,51.0866854],[16.9750446,51.0866923],[16.9750527,51.0866992],[16.9750609,51.0867061],[16.97507,51.0867124],[16.9750792,51.0867188],[16.9750883,51.0867251],[16.9750975,51.0867315],[16.9751066,51.0867378],[16.9751158,51.0867441],[16.9751249,51.0867505],[16.9751341,51.0867568],[16.9751432,51.0867631],[16.9751523,51.0867695],[16.9751615,51.0867758],[16.9751706,51.0867821],[16.9751798,51.0867885],[16.9751889,51.0867948],[16.9751981,51.0868012],[16.9752072,51.0868075],[16.9752152,51.0868145],[16.9752232,51.0868215],[16.9752312,51.0868285],[16.9752392,51.0868354],[16.9752472,51.0868424],[16.9752552,51.0868494],[16.9752632,51.0868564],[16.9752712,51.0868634],[16.9752792,51.0868704],[16.9752872,51.0868774],[16.9752952,51.0868844],[16.9753032,51.0868913],[16.9753112,51.0868983],[16.9753192,51.0869053],[16.9753272,51.0869123],[16.9753352,51.0869193],[16.9753456,51.0869252],[16.9753561,51.0869311],[16.9753665,51.086937],[16.975377,51.086943],[16.9753874,51.0869489],[16.9753978,51.0869548],[16.9754083,51.0869607],[16.9754187,51.0869666],[16.9754291,51.0869725],[16.9754396,51.0869785],[16.97545,51.0869844],[16.9754605,51.0869903],[16.9754709,51.0869962],[16.9754828,51.0869994],[16.9754946,51.0870026],[16.9755065,51.0870058],[16.9755184,51.0870091],[16.9755466,51.0870309]]}},{"type":"Feature","properties":{"layer":"roads"},"geometry":{"type":"LineString","coordinates":[[16.9755466,51.0870309],[16.97552,51.0870521],[16.9755108,51.0870582],[16.9755017,51.0870642],[16.9754925,51.0870703],[16.9754833,51.0870763],[16.9754742,51.0870824],[16.975465,51.0870884],[16.9754531,51.0870928],[16.9754412,51.0870971],[16.9754292,51.0871015],[16.9754173,51.0871059],[16.9754054,51.0871103],[16.9753934,51.0871146],[16.9753815,51.087119],[16.9753696,51.0871234],[16.9753577,51.0871278],[16.9753458,51.0871322],[16.9753338,51.0871365],[16.9753219,51.0871409],[16.97531,51.0871453],[16.975298,51.0871497],[16.9752861,51.087154],[16.9752742,51.0871584],[16.9752635,51.0871638],[16.9752528,51.0871692],[16.9752422,51.0871746],[16.9752315,51.08718],[16.9752208,51.0871854],[16.9752101,51.0871909],[16.9751674,51.0872125]]}},{"type":"Feature","properties":{"layer":"roads"},"geometry":{"type":"LineString","coordinates":[[16.9755466,51.0870309],[16.9756181,51.0870327],[16.9756312,51.0870354],[16.9756443,51.0870381],[16.9756574,51.0870407],[16.9756705,51.0870434],[16.9756836,51.0870461],[16.9756966,51.0870488],[16.9757097,51.0870515],[16.9757228,51.0870542],[16.9757359,51.0870569],[16.9757867,51.0870694]]}},{"type":"Feature","properties":{"layer":"roads"},"geometry":{"type":"LineString","coordinates":[[16.9806629,51.0923047],[16.9806197,51.0923172],[16.9806061,51.0923192],[16.9805926,51.0923212],[16.9805791,51.0923232],[16.9805655,51.0923252],[16.980552,51.0923272],[16.9805385,51.0923293],[16.9804872,51.0923252]]}},{"type":"Feature","properties":{"layer":"roads"},"geometry":{"type":"LineString","coordinates":[[16.9806629,51.0923047],[16.9807104,51.0923037],[16.9807226,51.0923019],[16.9807348,51.0923001],[16.9807486,51.092298],[16.9807625,51.0922959],[16.9807763,51.0922938],[16.9807901,51.0922917],[16.980804,51.0922896],[16.9808178,51.0922875],[16.9808316,51.0922854],[16.9808455,51.0922833],[16.9808593,51.0922812],[16.9808731,51.0922791],[16.980887,51.092277],[16.9809008,51.0922749],[16.9809146,51.0922728],[16.9809285,51.0922707],[16.9809423,51.0922686],[16.9809561,51.0922665],[16.98097,51.0922644],[16.9809838,51.0922624],[16.9809976,51.0922603],[16.9810115,51.0922582],[16.9810253,51.0922561],[16.9810391,51.092254],[16.981053,51.0922519],[16.9810668,51.0922498],[16.9810806,51.0922477],[16.9810945,51.0922456],[16.9811083,51.0922435],[16.9811221,51.0922414],[16.9811359,51.0922393],[16.9811498,51.0922372],[16.9811636,51.0922351],[16.9811774,51.092233],[16.9811913,51.0922309],[16.9812051,51.0922288],[16.9812189,51.0922267],[16.9812328,51.0922246],[16.9812466,51.0922225],[16.9812604,51.0922204],[16.9812743,51.0922183],[16.9812881,51.0922162],[16.9813019,51.0922141],[16.9813158,51.092212],[16.9813296,51.0922099],[16.9813434,51.0922078],[16.9813573,51.0922057],[16.9813711,51.0922036],[16.9813849,51.0922015],[16.9813988,51.0921994],[16.9814126,51.0921973],[16.9814264,51.0921952],[16.9814403,51.0921931],[16.9814541,51.092191],[16.9814679,51.092189],[16.9814818,51.0921869],[16.9814956,51.0921848],[16.9815094,51.0921827],[16.9815233,51.0921806],[16.9815371,51.0921785],[16.9815509,51.0921764],[16.9815648,51.0921743],[16.9815786,51.0921722],[16.9815924,51.0921701],[16.9816063,51.092168],[16.9816201,51.0921659],[16.9816339,51.0921638],[16.9816478,51.0921617],[16.9816616,51.0921596],[16.9816754,51.0921575],[16.9816893,51.0921554],[16.9817031,51.0921533],[16.9817169,51.0921512],[16.9817308,51.0921491],[16.9817446,51.092147],[16.9817584,51.0921449],[16.9817723,51.0921428],[16.9817861,51.0921407],[16.9817999,51.0921386],[16.9818138,51.0921365],[16.9818276,51.0921344],[16.9818414,51.0921323],[16.9818552,51.0921302],[16.9818691,51.0921281],[16.9818829,51.092126],[16.9818967,51.0921239],[16.9819106,51.0921218],[16.9819244,51.0921197],[16.9819382,51.0921177],[16.9819521,51.0921156],[16.9819659,51.0921135],[16.9819797,51.0921114],[16.9819936,51.0921093],[16.9820074,51.0921072],[16.9820212,51.0921051],[16.9820351,51.092103],[16.9820489,51.0921009],[16.9820627,51.0920988],[16.9820766,51.0920967],[16.9820904,51.0920946],[16.9821042,51.0920925],[16.9821181,51.0920904],[16.9821319,51.0920883],[16.9821796,51.0920809]]}},{"type":"Feature","properties":{"layer":"roads"},"geometry":{"type":"LineString","coordinates":[[16.9806629,51.0923047],[16.9806623,51.0922745],[16.9806594,51.0922658],[16.9806565,51.0922571],[16.9806418,51.0922181]]}},{"type":"Feature","properties":{"layer":"roads"},"geometry":{"type":"LineString","coordinates":[[16.9821796,51.0920809],[16.982185,51.0921153],[16.9821879,51.0921236],[16.9821908,51.0921319],[16.9821938,51.0921403],[16.9821967,51.0921486],[16.9821996,51.0921569],[16.9822025,51.0921652],[16.9822054,51.0921736],[16.9822083,51.0921819],[16.9822112,51.0921902],[16.9822224,51.0921955],[16.9822336,51.0922007],[16.9822785,51.0922218]]}},{"type":"Feature","properties":{"layer":"roads"},"geometry":{"type":"LineString","coordinates":[[16.9821796,51.0920809],[16.982161,51.0920472],[16.9821578,51.0920385],[16.9821547,51.0920298],[16.9821516,51.0920211],[16.9821485,51.0920124],[16.9821454,51.0920037],[16.9821423,51.091995],[16.9821392,51.0919863],[16.9821361,51.0919777],[16.982133,51.091969],[16.9821298,51.0919603],[16.9821267,51.0919516],[16.9821236,51.0919429],[16.9821205,51.0919342],[16.9821174,51.0919255],[16.9821143,51.0919168],[16.9821112,51.0919081],[16.9821081,51.0918994],[16.982105,51.0918907],[16.9821018,51.091882],[16.9820987,51.0918733],[16.9820956,51.0918646],[16.9820925,51.0918559],[16.9820894,51.0918472],[16.9820863,51.0918385],[16.9820832,51.0918298],[16.9820801,51.0918211],[16.9820769,51.0918124],[16.9820738,51.0918037],[16.9820707,51.0917951],[16.9820676,51.0917864],[16.9820645,51.0917777],[16.9820614,51.091769],[16.9820583,51.0917603],[16.9820552,51.0917516],[16.9820521,51.0917429],[16.9820489,51.0917342],[16.9820458,51.0917255],[16.9820427,51.0917168],[16.9820396,51.0917081],[16.9820365,51.0916994],[16.9820332,51.0916909],[16.98203,51.0916824],[16.9820267,51.0916738],[16.9820234,51.0916653],[16.9820201,51.0916568],[16.9820169,51.0916483],[16.9820136,51.0916397],[16.9820103,51.0916312],[16.9820071,51.0916227],[16.9820038,51.0916142],[16.9820005,51.0916056],[16.9819972,51.0915971],[16.981994,51.0915886],[16.9819907,51.0915801],[16.9819874,51.0915716],[16.9819842,51.091563],[16.9819809,51.0915545],[16.9819776,51.091546],[16.9819743,51.0915375],[16.9819711,51.0915289],[16.9819678,51.0915204],[16.9819645,51.0915119],[16.9819613,51.0915034],[16.981958,51.0914949],[16.9819547,51.0914863],[16.9819514,51.0914778],[16.9819482,51.0914693],[16.9819449,51.0914608],[16.9819416,51.0914522],[16.9819384,51.0914437],[16.9819351,51.0914352],[16.9819318,51.0914267],[16.9819203,51.0913972]]}},{"type":"Feature","properties":{"layer":"roads"},"geometry":{"type":"LineString","coordinates":[[16.9821796,51.0920809],[16.9822282,51.0920739],[16.9822419,51.0920719],[16.9822556,51.0920698],[16.9822693,51.0920678],[16.982283,51.0920658],[16.9822967,51.0920637],[16.9823104,51.0920617],[16.9823241,51.0920597],[16.9823378,51.0920577],[16.9823515,51.0920556],[16.9823652,51.0920536],[16.9823789,51.0920516],[16.9823926,51.0920495],[16.9824063,51.0920475],[16.98242,51.0920455],[16.9824337,51.0920435],[16.9824474,51.0920414],[16.9824611,51.0920394],[16.9824748,51.0920374],[16.9824885,51.0920354],[16.9825022,51.0920333],[16.9825159,51.0920313],[16.9825296,51.0920293],[16.9825433,51.0920272],[16.982557,51.0920252],[16.9825707,51.0920232],[16.9825844,51.0920212],[16.9825981,51.0920191],[16.9826118,51.0920171],[16.9826255,51.0920151],[16.9826392,51.092013],[16.9826529,51.092011],[16.9826666,51.092009],[16.9826803,51.092007],[16.982694,51.0920049],[16.9827077,51.0920029],[16.9827214,51.0920009],[16.9827351,51.0919988],[16.9827488,51.0919968],[16.9827625,51.0919948],[16.9827762,51.0919928],[16.9827899,51.0919907],[16.9828043,51.0919796],[16.9828061,51.0919582],[16.9828067,51.0919506],[16.9828073,51.091943],[16.9828117,51.091935],[16.9828161,51.0919271],[16.9828206,51.0919191],[16.982825,51.0919112],[16.9828294,51.0919032],[16.9828338,51.0918952],[16.9828383,51.0918873],[16.9828427,51.0918793],[16.9828471,51.0918713],[16.9828515,51.0918634],[16.982856,51.0918554],[16.9828604,51.0918475],[16.9828648,51.0918395],[16.9828706,51.0918325],[16.9828764,51.0918255],[16.9828822,51.0918184],[16.9828879,51.0918114],[16.9828937,51.0918044],[16.9828995,51.0917974],[16.9829053,51.0917903],[16.9829111,51.0917833],[16.98292,51.0917769],[16.9829289,51.0917705],[16.9829378,51.091764],[16.9829467,51.0917576],[16.9829556,51.0917512],[16.9829645,51.0917448],[16.9829734,51.0917384],[16.9829823,51.0917319],[16.9829912,51.0917255],[16.9830001,51.0917191],[16.9830253,51.0916944]]}},{"type":"Feature","properties":{"layer":"roads"},"geometry":{"type":"LineString","coordinates":[[16.9813168,51.0909386],[16.9812804,51.0909544],[16.9812666,51.0909565],[16.9812528,51.0909585],[16.981239,51.0909606],[16.9812252,51.0909627],[16.9812113,51.0909647],[16.9811975,51.0909668],[16.9811837,51.0909688],[16.9811699,51.0909709],[16.9811561,51.090973],[16.9811422,51.090975],[16.9811284,51.0909771],[16.9811146,51.0909791],[16.9811008,51.0909812],[16.9810869,51.0909832],[16.9810731,51.0909853],[16.9810593,51.0909874],[16.9810455,51.0909894],[16.9810317,51.0909915],[16.9810178,51.0909935],[16.981004,51.0909956],[16.9809902,51.0909977],[16.9809764,51.0909997],[16.9809626,51.0910018],[16.9809487,51.0910038],[16.9809349,51.0910059],[16.9809211,51.091008],[16.9809073,51.09101],[16.9808934,51.0910121],[16.9808796,51.0910141],[16.9808658,51.0910162],[16.980852,51.0910182],[16.9808382,51.0910203],[16.9808244,51.0910223],[16.9808106,51.0910244],[16.9807967,51.0910264],[16.9807829,51.0910284],[16.9807691,51.0910305],[16.9807553,51.0910325],[16.9807415,51.0910346],[16.9807277,51.0910366],[16.9807139,51.0910386],[16.9807001,51.0910407],[16.9806863,51.0910427],[16.9806724,51.0910447],[16.9806586,51.0910468],[16.9806448,51.0910488],[16.980631,51.0910509],[16.9806172,51.0910529],[16.9806034,51.0910549],[16.9805896,51.091057],[16.9805758,51.091059],[16.980562,51.0910611],[16.9805482,51.0910631],[16.9805343,51.0910651],[16.9805205,51.0910672],[16.9805067,51.0910692],[16.9804929,51.0910713],[16.9804791,51.0910733],[16.9804653,51.0910753],[16.9804515,51.0910774],[16.9804377,51.0910794],[16.9804239,51.0910815],[16.98041,51.0910835],[16.9803962,51.0910855],[16.9803824,51.0910876],[16.9803686,51.0910896],[16.9803548,51.0910916],[16.980341,51.0910937],[16.9803272,51.0910957],[16.9803134,51.0910978],[16.9802996,51.0910998],[16.9802857,51.0911018],[16.9802369,51.091109]]}},{"type":"Feature","properties":{"layer":"roads"},"geometry":{"type":"LineString","coordinates":[[16.9813168,51.0909386],[16.9813638,51.0909394],[16.9814255,51.0909408]]}},{"type":"Feature","properties":{"layer":"roads"},"geometry":{"type":"LineString","coordinates":[[16.9801018,51.0858663],[16.9801222,51.0858908],[16.9801313,51.0859155],[16.9801344,51.0859238],[16.9801374,51.085932],[16.9801404,51.0859402],[16.9801434,51.0859484],[16.9801465,51.0859567],[16.9801651,51.0859892]]}},{"type":"Feature","properties":{"layer":"roads"},"geometry":{"type":"LineString","coordinates":[[16.9801018,51.0858663],[16.9801051,51.0858386],[16.9801023,51.0858298],[16.9800995,51.085821],[16.9800967,51.0858122],[16.9800939,51.0858034],[16.9800911,51.0857946],[16.9800883,51.0857858],[16.9800855,51.085777],[16.9800827,51.0857682],[16.9800798,51.0857594],[16.980077,51.0857506],[16.9800742,51.0857418],[16.9800714,51.085733],[16.9800686,51.0857241],[16.9800658,51.0857153],[16.980063,51.0857065],[16.9800602,51.0856977],[16.9800573,51.0856889],[16.9800545,51.0856801],[16.9800517,51.0856713],[16.9800489,51.0856625],[16.9800461,51.0856537],[16.9800433,51.0856449],[16.9800405,51.0856361],[16.9800377,51.0856273],[16.9800349,51.0856185],[16.980032,51.0856097],[16.9800292,51.0856009],[16.9800264,51.0855921],[16.9800236,51.0855833],[16.9800208,51.0855745],[16.9800169,51.0855665],[16.9800131,51.0855585],[16.9800092,51.0855504],[16.9800053,51.0855424],[16.9800014,51.0855344],[16.9799976,51.0855264],[16.9799937,51.0855184],[16.9799898,51.0855103],[16.979986,51.0855023],[16.9799821,51.0854943],[16.9799745,51.0854871],[16.9799668,51.08548],[16.9799592,51.0854728],[16.9799516,51.0854657],[16.979944,51.0854585],[16.9799363,51.0854514],[16.9799287,51.0854442],[16.9799192,51.0854386],[16.9799098,51.0854331],[16.9798814,51.0854164],[16.9798465,51.0853787]]}},{"type":"Feature","properties":{"layer":"roads"},"geometry":{"type":"LineString","coordinates":[[16.9801018,51.0858663],[16.980053,51.085867],[16.9800398,51.0858639],[16.9800266,51.0858608],[16.9800134,51.0858577],[16.9800001,51.0858545],[16.9799869,51.0858514],[16.9799737,51.0858483],[16.9799604,51.0858452],[16.9799472,51.0858421],[16.979934,51.085839],[16.9799207,51.0858358],[16.9799075,51.0858327],[16.9798943,51.0858296],[16.9798811,51.0858265],[16.9798678,51.0858234],[16.9798546,51.0858203],[16.9798414,51.0858171],[16.9798281,51.085814],[16.9798149,51.0858109],[16.9798013,51.0858089],[16.9797877,51.0858068],[16.979774,51.0858048],[16.9797604,51.0858028],[16.9797468,51.0858007],[16.9797332,51.0857987],[16.9797196,51.0857967],[16.979706,51.0857946],[16.9796923,51.0857926],[16.9796787,51.0857906],[16.9796651,51.0857885],[16.9796515,51.0857865],[16.9796379,51.0857844],[16.9796243,51.0857824],[16.9796106,51.0857804],[16.979597,51.0857783],[16.9795834,51.0857763],[16.9795698,51.0857743],[16.9795562,51.0857722],[16.9795426,51.0857702],[16.9795289,51.0857682],[16.9795153,51.0857661],[16.9795017,51.0857641],[16.9794897,51.0857652],[16.9794778,51.0857664],[16.9794659,51.0857675],[16.9794539,51.0857686],[16.979442,51.085764],[16.97943,51.0857593],[16.9794197,51.0857547],[16.9794094,51.0857502],[16.9793992,51.0857456],[16.9793889,51.0857411],[16.979376,51.0857375],[16.9793631,51.0857339],[16.9793502,51.0857304],[16.9793373,51.0857268],[16.9793243,51.0857232],[16.9793114,51.0857196],[16.9792985,51.085716],[16.9792856,51.0857125],[16.9792727,51.0857089],[16.9792598,51.0857053],[16.9792469,51.0857017],[16.979234,51.0856981],[16.9792211,51.0856946],[16.9792082,51.085691],[16.9791952,51.0856874],[16.9791823,51.0856838],[16.9791694,51.0856803],[16.9791565,51.0856767],[16.9791436,51.0856731],[16.9791307,51.0856695],[16.9791178,51.0856659],[16.9791049,51.0856624],[16.979092,51.0856588],[16.9790791,51.0856552],[16.9790661,51.0856516],[16.9790532,51.085648],[16.9790403,51.0856445],[16.9790274,51.0856409],[16.9790145,51.0856373],[16.9790026,51.0856329],[16.9789908,51.0856285],[16.9789789,51.0856241],[16.9789671,51.0856196],[16.9789552,51.0856152],[16.9789433,51.0856108],[16.9789315,51.0856064],[16.9789196,51.085602],[16.9789077,51.0855976],[16.9788959,51.0855932],[16.978884,51.0855887],[16.9788722,51.0855843],[16.9788603,51.0855799],[16.9788484,51.0855755],[16.9788366,51.0855711],[16.9787896,51.0855685]]}},{"type":"Feature","properties":{"layer":"roads"},"geometry":{"type":"LineString","coordinates":[[16.9787896,51.0855685],[16.978762,51.0855363],[16.9787519,51.0855115],[16.9787486,51.0855032],[16.9787452,51.0854949],[16.9787418,51.0854866],[16.9787385,51.0854783],[16.9787351,51.08547],[16.9787318,51.0854618],[16.9787284,51.0854535],[16.978725,51.0854452],[16.9787217,51.0854369],[16.9787183,51.0854286],[16.9787149,51.0854203],[16.9787116,51.085412],[16.9787049,51.0853777]]}},{"type":"Feature","properties":{"layer":"roads"},"geometry":{"type":"LineString","coordinates":[[16.9748925,51.082514],[16.9749122,51.0825436],[16.9749174,51.082551],[16.9749226,51.0825585],[16.9749371,51.0825795],[16.9749486,51.0825968],[16.9749539,51.082605],[16.9749592,51.0826133],[16.9749645,51.0826216],[16.9749699,51.0826299],[16.9749752,51.0826382],[16.9749805,51.0826464],[16.9749858,51.0826547],[16.9749911,51.082663],[16.9749964,51.0826712],[16.9750017,51.0826795],[16.975007,51.0826878],[16.9750123,51.0826961],[16.9750176,51.0827044],[16.975023,51.0827126],[16.9750283,51.0827209],[16.9750336,51.0827292],[16.9750389,51.0827375],[16.9750442,51.0827457],[16.9750495,51.082754],[16.9750548,51.0827623],[16.9750601,51.0827705],[16.9750654,51.0827788],[16.9750708,51.0827871],[16.9750761,51.0827954],[16.9750814,51.0828037],[16.9750867,51.0828119],[16.975092,51.0828202],[16.9750973,51.0828285],[16.9751026,51.0828367],[16.9751079,51.082845],[16.9751132,51.0828533],[16.9751186,51.0828616],[16.9751239,51.0828699],[16.9751292,51.0828781],[16.9751345,51.0828864],[16.9751398,51.0828947],[16.9751451,51.0829029],[16.9751504,51.0829112],[16.9751557,51.0829195],[16.975161,51.0829278],[16.9751664,51.0829361],[16.9751717,51.0829443],[16.975177,51.0829526],[16.9751823,51.0829609],[16.9751876,51.0829692],[16.9751929,51.0829774],[16.9751982,51.0829857],[16.9752035,51.082994],[16.9752088,51.0830022],[16.9752141,51.0830105],[16.9752195,51.0830188],[16.9752354,51.0830436],[16.9752472,51.0830576],[16.9752538,51.0830634],[16.97528,51.0830895]]}},{"type":"Feature","properties":{"layer":"roads"},"geometry":{"type":"LineString","coordinates":[[16.9825351,51.0902888],[16.9825325,51.0902594],[16.9825292,51.0902509],[16.9825258,51.0902425],[16.9825225,51.0902341],[16.9825191,51.0902257],[16.9825158,51.0902173],[16.9825124,51.0902089],[16.9825091,51.0902005],[16.9825057,51.0901921],[16.9825024,51.0901836],[16.982499,51.0901752],[16.9824957,51.0901668],[16.9824923,51.0901584],[16.982489,51.09015],[16.9824856,51.0901416],[16.9824668,51.0901156]]}},{"type":"Feature","properties":{"layer":"roads"},"geometry":{"type":"LineString","coordinates":[[16.9825351,51.0902888],[16.9825578,51.0903187],[16.9825618,51.0903273],[16.9825658,51.0903359],[16.9825698,51.0903444],[16.9825738,51.090353],[16.9825777,51.0903616],[16.9825817,51.0903701],[16.9825857,51.0903787],[16.9825897,51.0903873],[16.9825937,51.0903959],[16.9825976,51.0904044],[16.9826016,51.090413],[16.9826056,51.0904216],[16.9826096,51.0904302],[16.9826136,51.0904387],[16.9826175,51.0904473],[16.9826215,51.0904559],[16.9826255,51.0904644],[16.9826295,51.090473],[16.9826335,51.0904816],[16.9826374,51.0904902],[16.9826414,51.0904987],[16.9826454,51.0905073],[16.9826494,51.0905159],[16.9826534,51.0905244],[16.9826574,51.090533],[16.9826613,51.0905416],[16.9826653,51.0905502],[16.9826693,51.0905587],[16.9826733,51.0905673],[16.9826773,51.0905759],[16.9826812,51.0905845],[16.9826852,51.090593],[16.9826892,51.0906016],[16.9826932,51.0906102],[16.9826972,51.0906187],[16.9827011,51.0906273],[16.9827051,51.0906359],[16.9827091,51.0906445],[16.9827131,51.090653],[16.9827171,51.0906616],[16.982721,51.0906702],[16.982725,51.0906787],[16.982729,51.0906873],[16.982733,51.0906959],[16.982737,51.0907045],[16.9827409,51.090713],[16.9827449,51.0907216],[16.9827489,51.0907302],[16.9827529,51.0907388],[16.9827569,51.0907473],[16.9827608,51.0907559],[16.9827648,51.0907645],[16.9827688,51.090773],[16.9827728,51.0907816],[16.9827768,51.0907902],[16.9827807,51.0907988],[16.9827847,51.0908073],[16.9827887,51.0908159],[16.9827927,51.0908245],[16.9827967,51.090833],[16.9828006,51.0908416],[16.9828046,51.0908502],[16.9828086,51.0908588],[16.9828126,51.0908673],[16.9828166,51.0908759],[16.9828205,51.0908845],[16.9828245,51.0908931],[16.9828285,51.0909016],[16.9828325,51.0909102],[16.9828365,51.0909188],[16.9828405,51.0909273],[16.9828444,51.0909359],[16.9828484,51.0909445],[16.9828524,51.0909531],[16.9828564,51.0909616],[16.9828604,51.0909702],[16.9828643,51.0909788],[16.9828683,51.0909873],[16.9828723,51.0909959],[16.9828763,51.0910045],[16.9828803,51.0910131],[16.9828842,51.0910216],[16.9828882,51.0910302],[16.9828922,51.0910388],[16.9828962,51.0910474],[16.9829002,51.0910559],[16.9829041,51.0910645],[16.9829081,51.0910731],[16.9829121,51.0910816],[16.9829161,51.0910902],[16.9829201,51.0910988],[16.9829425,51.0911281]]}},{"type":"Feature","properties":{"layer":"roads"},"geometry":{"type":"LineString","coordinates":[[16.9829425,51.0911281],[16.982942,51.0911593],[16.9829445,51.091168],[16.982947,51.0911767],[16.9829494,51.0911853],[16.9829519,51.091194],[16.9829544,51.0912027],[16.9829537,51.0912328]]}},{"type":"Feature","properties":{"layer":"roads"},"geometry":{"type":"LineString","coordinates":[[16.9829425,51.0911281],[16.9829851,51.0911112],[16.9829983,51.0911079],[16.9830116,51.0911046],[16.9830248,51.0911013],[16.9830381,51.091098],[16.9830514,51.0910947],[16.9830646,51.0910914],[16.9830779,51.091088],[16.9830912,51.0910847],[16.9831044,51.0910814],[16.9831177,51.0910781],[16.98313,51.0910751],[16.9831423,51.091072],[16.9831546,51.091069],[16.9832039,51.0910568]]}},{"type":"Feature","properties":{"layer":"roads"},"geometry":{"type":"LineString","coordinates":[[16.9776185,51.0834741],[16.977641,51.0835003],[16.9776415,51.0835086],[16.977642,51.0835169],[16.9776425,51.0835252],[16.977643,51.0835335],[16.9776435,51.0835418],[16.9776441,51.0835501],[16.9776446,51.0835584],[16.9776451,51.0835667],[16.9776456,51.083575],[16.9776411,51.0835829],[16.9776367,51.0835907],[16.9776322,51.0835986],[16.9776277,51.0836064],[16.9776233,51.0836143],[16.9776188,51.0836221],[16.9776144,51.08363],[16.9776099,51.0836378],[16.9776054,51.0836457],[16.977601,51.0836535],[16.9775965,51.0836614],[16.9775887,51.0836686],[16.9775808,51.0836758],[16.977573,51.0836829],[16.9775651,51.0836901],[16.9775573,51.0836973],[16.9775495,51.0837045],[16.9775416,51.0837116],[16.9775338,51.0837188],[16.977526,51.083726],[16.9775181,51.0837332],[16.9775103,51.0837403],[16.9775024,51.0837475],[16.9774946,51.0837547],[16.9774965,51.0837634],[16.9774984,51.0837721],[16.9775002,51.0837808],[16.9775021,51.0837894],[16.977504,51.0837981],[16.9775059,51.0838068],[16.9775077,51.0838155],[16.9775096,51.0838242],[16.9775115,51.0838329],[16.9775133,51.0838415],[16.9775152,51.0838502],[16.9775171,51.0838589],[16.977519,51.0838676],[16.9775209,51.0838763],[16.9775227,51.0838849],[16.9775246,51.0838936],[16.9775265,51.0839023],[16.9775284,51.083911],[16.9775302,51.0839197],[16.9775321,51.0839284],[16.977534,51.0839371],[16.9775358,51.0839457],[16.9775377,51.0839544],[16.9775396,51.0839631],[16.9775415,51.0839718],[16.9775434,51.0839805],[16.9775452,51.0839892],[16.9775471,51.0839978],[16.977549,51.0840065],[16.9775509,51.0840152],[16.9775527,51.0840239],[16.9775546,51.0840326],[16.9775565,51.0840412],[16.9775583,51.0840499],[16.9775602,51.0840586],[16.9775621,51.0840673],[16.9775647,51.0840758],[16.9775672,51.0840844],[16.9775698,51.0840929],[16.9775724,51.0841015],[16.9775749,51.08411],[16.9775775,51.0841186],[16.9775801,51.0841272],[16.9775826,51.0841357],[16.9775852,51.0841443],[16.9775878,51.0841528],[16.9775903,51.0841614],[16.9775929,51.0841699],[16.9775955,51.0841784],[16.977598,51.084187],[16.9776006,51.0841955],[16.9776031,51.0842041],[16.9776057,51.0842126],[16.9776083,51.0842212],[16.9776108,51.0842297],[16.9776134,51.0842383],[16.977616,51.0842468],[16.9776185,51.0842554],[16.9776285,51.0842896]]}},{"type":"Feature","properties":{"layer":"roads"},"geometry":{"type":"LineString","coordinates":[[16.9776185,51.0834741],[16.9775699,51.0834765],[16.9775561,51.0834783],[16.9775423,51.0834802],[16.9775285,51.0834821],[16.9775147,51.0834839],[16.9775009,51.0834858],[16.9774871,51.0834877],[16.9774733,51.0834895],[16.9774595,51.0834914],[16.9774457,51.0834933],[16.9774319,51.0834952],[16.9774181,51.083497],[16.9774043,51.0834989],[16.9773905,51.0835008],[16.9773767,51.0835026],[16.9773629,51.0835045],[16.9773491,51.0835064],[16.9773353,51.0835083],[16.9773215,51.0835101],[16.9773077,51.083512],[16.9772939,51.0835139],[16.9772801,51.0835157],[16.9772663,51.0835176],[16.9772525,51.0835195],[16.9772387,51.0835214],[16.9772249,51.0835232],[16.9772111,51.0835251],[16.9771973,51.083527],[16.9771835,51.0835288],[16.9771697,51.0835307],[16.9771559,51.0835326],[16.9771421,51.0835345],[16.9771283,51.0835363],[16.9771145,51.0835382],[16.9771007,51.0835401],[16.9770869,51.0835419],[16.9770731,51.0835438],[16.9770593,51.0835457],[16.9770455,51.0835475],[16.9770317,51.0835494],[16.9770179,51.0835513],[16.9770041,51.0835532],[16.9769903,51.083555],[16.9769765,51.0835569],[16.9769628,51.0835588],[16.9769492,51.0835608],[16.9769355,51.0835627],[16.9769218,51.0835647],[16.9769081,51.0835666],[16.9768945,51.0835685],[16.9768808,51.0835705],[16.9768671,51.0835724],[16.9768534,51.0835744],[16.9768398,51.0835763],[16.9768261,51.0835783],[16.9768124,51.0835802],[16.9767987,51.0835821],[16.9767851,51.0835841],[16.9767714,51.083586],[16.9767577,51.083588],[16.976744,51.0835899],[16.9767304,51.0835918],[16.9767167,51.0835938],[16.976703,51.0835957],[16.9766893,51.0835977],[16.9766757,51.0835996],[16.976662,51.0836015],[16.9766483,51.0836035],[16.9766347,51.0836054],[16.976621,51.0836074],[16.9766073,51.0836093],[16.9765936,51.0836113],[16.97658,51.0836132],[16.9765663,51.0836151],[16.9765526,51.0836171],[16.9765389,51.083619],[16.9765253,51.083621],[16.9765116,51.0836229],[16.9764979,51.0836248],[16.9764842,51.0836268],[16.9764706,51.0836287],[16.9764569,51.0836307],[16.9764432,51.0836326],[16.9764295,51.0836346],[16.9764159,51.0836365],[16.9764022,51.0836384],[16.9763473,51.0836462]]}},{"type":"Feature","properties":{"layer":"roads"},"geometry":{"type":"LineString","coordinates":[[16.9776185,51.0834741],[16.9776935,51.0834602],[16.9777072,51.0834584],[16.9777208,51.0834567],[16.9777345,51.083455],[16.9777482,51.0834532],[16.9777618,51.0834515],[16.9777755,51.0834498],[16.9777891,51.083448],[16.9778028,51.0834463],[16.9778165,51.0834446],[16.9778301,51.0834428],[16.9778438,51.0834411],[16.9778574,51.0834394],[16.9778711,51.0834376],[16.9778848,51.0834359],[16.9778984,51.0834342],[16.9779121,51.0834324],[16.9779556,51.0834235]]}},{"type":"Feature","properties":{"layer":"roads"},"geometry":{"type":"LineString","coordinates":[[16.9776285,51.0842896],[16.9775738,51.0842985],[16.97756,51.0843007],[16.9775463,51.0843029],[16.9775325,51.0843051],[16.9775188,51.0843073],[16.977505,51.0843096],[16.9774913,51.0843118],[16.9774775,51.084314],[16.9774638,51.0843162],[16.97745,51.0843184],[16.9774363,51.0843207],[16.9774225,51.0843229],[16.9774088,51.0843251],[16.977395,51.0843273],[16.9773813,51.0843295],[16.9773675,51.0843317],[16.9773537,51.084334],[16.97734,51.0843362],[16.9773262,51.0843384],[16.9773125,51.0843406],[16.9772987,51.0843428],[16.977285,51.0843451],[16.9772712,51.0843473],[16.9772575,51.0843495],[16.9772437,51.0843517],[16.97723,51.0843539],[16.9772162,51.0843561],[16.9772025,51.0843584],[16.9771887,51.0843606],[16.977175,51.0843628],[16.9771612,51.084365],[16.9771475,51.0843672],[16.9771337,51.0843694],[16.9771199,51.0843717],[16.9771062,51.0843739],[16.9770924,51.0843761],[16.9770787,51.0843783],[16.9770649,51.0843805],[16.9770512,51.0843828],[16.9770374,51.084385],[16.9770237,51.0843872],[16.9770099,51.0843894],[16.9769962,51.0843916],[16.9769824,51.0843938],[16.9769687,51.0843961],[16.9769549,51.0843983],[16.9769412,51.0844005],[16.9769274,51.0844027],[16.9769137,51.0844049],[16.9768999,51.0844072],[16.9768862,51.0844094],[16.9768724,51.0844116],[16.9768586,51.0844138],[16.9768449,51.084416],[16.9768311,51.0844182],[16.9768174,51.0844205],[16.9768036,51.0844227],[16.9767899,51.0844249],[16.9767761,51.0844271],[16.9767624,51.0844293],[16.9767486,51.0844316],[16.9767349,51.0844338],[16.9767211,51.084436],[16.9767074,51.0844382],[16.9766936,51.0844404],[16.9766401,51.0844531]]}},{"type":"Feature","properties":{"layer":"roads"},"geometry":{"type":"LineString","coordinates":[[16.9776285,51.0842896],[16.9776818,51.0842807],[16.977695,51.0842784],[16.9777083,51.0842762],[16.9777215,51.084274],[16.9777347,51.0842718],[16.977748,51.0842695],[16.9777612,51.0842673],[16.9777745,51.0842651],[16.9777877,51.0842628],[16.977801,51.0842606],[16.9778142,51.0842584],[16.9778275,51.0842561],[16.9778407,51.0842539],[16.9778539,51.0842517],[16.9778672,51.0842495],[16.9778804,51.0842472],[16.9778937,51.084245],[16.9779069,51.0842428],[16.9779202,51.0842405],[16.9779334,51.0842383],[16.9779467,51.084239],[16.9779601,51.0842397],[16.9779734,51.0842404],[16.9779867,51.0842411],[16.978,51.0842418],[16.9780134,51.0842425],[16.9780267,51.0842431],[16.97804,51.0842438],[16.9780533,51.0842445],[16.9780667,51.0842452],[16.97808,51.0842459],[16.9780933,51.0842466],[16.9781063,51.084248],[16.9781193,51.0842493],[16.9781322,51.0842507],[16.9781452,51.084252],[16.9781582,51.0842534],[16.9781712,51.0842547],[16.9781842,51.0842561],[16.9781972,51.0842574],[16.9782101,51.0842588],[16.9782231,51.0842601],[16.9782361,51.0842615],[16.9782471,51.0842653],[16.9782582,51.084269],[16.9782692,51.0842728],[16.9782997,51.0842531]]}},{"type":"Feature","properties":{"layer":"roads"},"geometry":{"type":"LineString","coordinates":[[16.9787095,51.0907111],[16.978723,51.0907453],[16.978726,51.090754],[16.9787291,51.0907626],[16.9787321,51.0907713],[16.9787352,51.0907799],[16.9787383,51.0907886],[16.9787413,51.0907972],[16.9787444,51.0908059],[16.9787475,51.0908145],[16.9787505,51.0908232],[16.9787536,51.0908318],[16.9787567,51.0908405],[16.9787597,51.0908491],[16.9787628,51.0908578],[16.9787658,51.0908664],[16.9787689,51.0908751],[16.978772,51.0908837],[16.978775,51.0908924],[16.9787781,51.090901],[16.9787812,51.0909097],[16.9787842,51.0909183],[16.9787873,51.090927],[16.9787904,51.0909356],[16.9787934,51.0909443],[16.9787965,51.0909529],[16.9787995,51.0909616],[16.9788026,51.0909702],[16.9788057,51.0909789],[16.9788087,51.0909875],[16.9788118,51.0909962],[16.9788149,51.0910048],[16.9788179,51.0910135],[16.978821,51.0910221],[16.978824,51.0910308],[16.9788271,51.0910394],[16.9788302,51.0910481],[16.9788332,51.0910567],[16.9788363,51.0910654],[16.9788394,51.091074],[16.9788424,51.0910827],[16.9788455,51.0910913],[16.9788486,51.0911],[16.9788516,51.0911086],[16.9788547,51.0911173],[16.9788577,51.0911259],[16.9788608,51.0911346],[16.9788639,51.0911432],[16.9788669,51.0911519],[16.97887,51.0911605],[16.9788731,51.0911692],[16.9788761,51.0911778],[16.9788792,51.0911865],[16.9788823,51.0911951],[16.9788853,51.0912038],[16.9788884,51.0912124],[16.9788914,51.0912211],[16.9788945,51.0912297],[16.9789047,51.0912578]]}},{"type":"Feature","properties":{"layer":"roads"},"geometry":{"type":"LineString","coordinates":[[16.9787095,51.0907111],[16.9786913,51.0906782],[16.9786864,51.0906701],[16.9786816,51.090662],[16.9786767,51.0906538],[16.9786719,51.0906457],[16.9786616,51.0906397],[16.9786512,51.0906338],[16.9786409,51.0906278],[16.9786306,51.0906218],[16.9786202,51.0906159],[16.9786099,51.0906099],[16.9785993,51.0906053],[16.9785888,51.0906007],[16.9785782,51.0905961],[16.9785677,51.0905915],[16.9785572,51.0905869],[16.9785466,51.0905823],[16.9785345,51.0905787],[16.9785225,51.0905752],[16.9785104,51.0905716],[16.9784983,51.090568],[16.9784862,51.0905644],[16.9784742,51.0905609],[16.9784621,51.0905573],[16.97845,51.0905537],[16.978438,51.0905502],[16.9784259,51.0905466],[16.9784138,51.090543],[16.9784017,51.0905394],[16.9783897,51.0905359],[16.9783776,51.0905323],[16.9783644,51.0905292],[16.9783513,51.0905261],[16.9783381,51.090523],[16.978325,51.09052],[16.9783118,51.0905169],[16.9782986,51.0905138],[16.9782855,51.0905107],[16.9782569,51.0905078],[16.9781985,51.090503]]}},{"type":"Feature","properties":{"layer":"roads"},"geometry":{"type":"LineString","coordinates":[[16.9779556,51.0834235],[16.9779518,51.0833657]]}},{"type":"Feature","properties":{"layer":"roads"},"geometry":{"type":"LineString","coordinates":[[16.9779556,51.0834235],[16.9779795,51.0834503],[16.9779838,51.0834586],[16.9779881,51.0834669],[16.9779924,51.0834752],[16.9779966,51.0834835],[16.9780009,51.0834917],[16.9780052,51.0835],[16.9780095,51.0835083],[16.9780137,51.0835166],[16.978018,51.0835249],[16.9780223,51.0835331],[16.9780265,51.0835414],[16.9780308,51.0835497],[16.9780351,51.083558],[16.9780394,51.0835663],[16.9780437,51.0835745],[16.9780479,51.0835828],[16.9780522,51.0835911],[16.978059,51.0835989],[16.9780657,51.0836067],[16.9780725,51.0836145],[16.9780793,51.0836223],[16.9780861,51.0836301],[16.9780928,51.0836378],[16.9780996,51.0836456],[16.9781064,51.0836534],[16.9781132,51.0836612],[16.9781199,51.083669],[16.9781267,51.0836768],[16.978129,51.0836855],[16.9781313,51.0836942],[16.9781336,51.0837029],[16.9781359,51.0837117],[16.9781383,51.0837204],[16.9781406,51.0837291],[16.9781429,51.0837378],[16.9781452,51.0837465],[16.9781475,51.0837552],[16.9781498,51.083764],[16.9781521,51.0837727],[16.9781544,51.0837814],[16.9781567,51.0837901],[16.978159,51.0837988],[16.9781614,51.0838075],[16.9781637,51.0838163],[16.978166,51.083825],[16.9781683,51.0838337],[16.9781706,51.0838424],[16.9781729,51.0838511],[16.9781752,51.0838598],[16.9781775,51.0838685],[16.9781798,51.0838773],[16.9781822,51.083886],[16.9781845,51.0838947],[16.9781868,51.0839034],[16.9781891,51.0839121],[16.9781914,51.0839208],[16.9781937,51.0839296],[16.978196,51.0839383],[16.9781983,51.083947],[16.9782006,51.0839557],[16.9782029,51.0839644],[16.9782053,51.0839731],[16.9782076,51.0839819],[16.9782099,51.0839906],[16.9782122,51.0839993],[16.9782145,51.084008],[16.9782172,51.0840166],[16.9782198,51.0840253],[16.9782225,51.0840339],[16.9782251,51.0840426],[16.9782278,51.0840512],[16.9782305,51.0840599],[16.9782331,51.0840685],[16.9782358,51.0840772],[16.9782384,51.0840858],[16.9782411,51.0840945],[16.9782438,51.0841031],[16.9782464,51.0841118],[16.9782491,51.0841204],[16.9782517,51.0841291],[16.9782544,51.0841377],[16.978257,51.0841464],[16.9782597,51.084155],[16.9782624,51.0841637],[16.978265,51.0841723],[16.9782677,51.084181],[16.9782703,51.0841896],[16.978273,51.0841983],[16.9782757,51.0842069],[16.9782783,51.0842156],[16.978281,51.0842242],[16.9782997,51.0842531]]}},{"type":"Feature","properties":{"layer":"roads"},"geometry":{"type":"LineString","coordinates":[[16.9782997,51.0842531],[16.9783371,51.0842272],[16.9783498,51.0842236],[16.9783625,51.08422],[16.9783752,51.0842164],[16.9783879,51.0842129],[16.9784005,51.0842093],[16.9784132,51.0842057],[16.9784259,51.0842021],[16.9784386,51.0841985],[16.9784513,51.0841949],[16.978464,51.0841914],[16.9784767,51.0841878],[16.9784894,51.0841842],[16.978502,51.0841803],[16.9785146,51.0841764],[16.9785272,51.0841725],[16.9785399,51.0841686],[16.9785525,51.0841647],[16.9785651,51.0841608],[16.9785777,51.0841569],[16.9785903,51.0841531],[16.9786029,51.0841492],[16.9786155,51.0841453],[16.9786281,51.0841414],[16.9786408,51.0841375],[16.9786534,51.0841336],[16.978666,51.0841297],[16.9786786,51.0841258],[16.9786905,51.0841216],[16.9787025,51.0841175],[16.9787144,51.0841133],[16.9787263,51.0841092],[16.9787383,51.084105],[16.9787502,51.0841009],[16.9787621,51.0840967],[16.978774,51.0840926],[16.978786,51.0840884],[16.9787979,51.0840843],[16.9788098,51.0840801],[16.9788218,51.084076],[16.9788337,51.0840718],[16.9788459,51.0840672],[16.978858,51.0840626],[16.9788702,51.084058],[16.9788823,51.0840534],[16.9788945,51.0840487],[16.9789066,51.0840441],[16.9789188,51.0840395],[16.9789309,51.0840349],[16.9789431,51.0840303],[16.9789552,51.0840257],[16.9789674,51.0840211],[16.9789795,51.0840165],[16.9789917,51.0840118],[16.9790038,51.0840072],[16.979016,51.0840026],[16.9790281,51.083998],[16.9790403,51.0839934],[16.9790521,51.0839887],[16.979064,51.0839841],[16.9790758,51.0839794],[16.9790877,51.0839748],[16.9790995,51.0839701],[16.9791114,51.0839655],[16.9791232,51.0839608],[16.9791351,51.0839562],[16.9791469,51.0839515],[16.9791601,51.083948],[16.9791732,51.0839444],[16.9791864,51.0839409],[16.9791995,51.0839373],[16.9792127,51.0839338],[16.9792258,51.0839302],[16.979239,51.0839267],[16.9792521,51.0839231],[16.9792653,51.0839196],[16.9793178,51.0839086]]}},{"type":"Feature","properties":{"layer":"roads"},"geometry":{"type":"LineString","coordinates":[[16.9797397,51.0875467],[16.979742,51.0875782],[16.9797488,51.0875858],[16.9797556,51.0875934],[16.9797623,51.087601],[16.9797691,51.0876086],[16.9797759,51.0876162],[16.9797827,51.0876239],[16.9797895,51.0876315],[16.9797962,51.0876391],[16.979803,51.0876467],[16.9798098,51.0876543],[16.9798166,51.0876619],[16.9798233,51.0876695],[16.9798301,51.0876771],[16.9798369,51.0876847],[16.9798472,51.0876909],[16.9798575,51.0876971],[16.9798679,51.0877033],[16.9798782,51.0877095],[16.9798885,51.0877157],[16.9798988,51.087722],[16.9799092,51.0877282],[16.9799195,51.0877344],[16.9799298,51.0877406],[16.9799401,51.0877468],[16.9799505,51.087753],[16.9799608,51.0877592],[16.9799711,51.0877654],[16.9799815,51.0877716],[16.9799918,51.0877778],[16.9800021,51.0877841],[16.9800124,51.0877903],[16.9800227,51.0877965],[16.9800331,51.0878027],[16.9800434,51.0878089],[16.9800539,51.0878144],[16.9800644,51.0878199],[16.980075,51.0878254],[16.9800855,51.0878309],[16.980096,51.0878365],[16.9801065,51.087842],[16.980117,51.0878475],[16.9801275,51.087853],[16.9801381,51.0878585],[16.9801486,51.087864],[16.9801591,51.0878695],[16.9801696,51.087875],[16.9801801,51.0878806],[16.9801906,51.0878861],[16.9802012,51.0878916],[16.9802117,51.0878971],[16.9802222,51.0879026],[16.9802347,51.0879068],[16.9802472,51.0879111],[16.9802596,51.0879154],[16.9802721,51.0879196],[16.9802846,51.0879238],[16.9802971,51.0879281],[16.9803095,51.0879323],[16.980322,51.0879366],[16.9803345,51.0879408],[16.9803469,51.0879451],[16.9803594,51.0879493],[16.9803719,51.0879536],[16.9803844,51.0879578],[16.9803968,51.0879621],[16.9804093,51.0879664],[16.9804218,51.0879706],[16.9804343,51.0879748],[16.9804467,51.0879791],[16.9804592,51.0879834],[16.9804717,51.0879876],[16.9804825,51.0879932],[16.9804933,51.0879987],[16.9805041,51.0880043],[16.9805149,51.0880098],[16.9805257,51.0880154],[16.9805366,51.088021],[16.9805474,51.0880265],[16.9805582,51.0880321],[16.980569,51.0880376],[16.9805798,51.0880432],[16.9805911,51.0880477],[16.9806024,51.0880523],[16.9806137,51.0880568],[16.980625,51.0880614],[16.9806363,51.0880659],[16.9806476,51.0880705],[16.9806589,51.088075],[16.9806976,51.088097]]}},{"type":"Feature","properties":{"layer":"roads"},"geometry":{"type":"LineString","coordinates":[[16.9797397,51.0875467],[16.9797824,51.0875368],[16.9797959,51.0875346],[16.9798094,51.0875324],[16.9798229,51.0875302],[16.9798364,51.087528],[16.9798499,51.0875258],[16.9798634,51.0875236],[16.9798769,51.0875214],[16.9798904,51.0875192],[16.9799039,51.087517],[16.9799174,51.0875148],[16.9799309,51.0875126],[16.9799444,51.0875104],[16.9799579,51.0875082],[16.9799715,51.087506],[16.979985,51.0875038],[16.9799985,51.0875016],[16.980012,51.0874994],[16.9800255,51.0874972],[16.980039,51.087495],[16.9800525,51.0874928],[16.980066,51.0874906],[16.9800795,51.0874884],[16.980093,51.0874862],[16.9801065,51.087484],[16.98012,51.0874818],[16.9801335,51.0874796],[16.980147,51.0874774],[16.9801605,51.0874752],[16.980174,51.087473],[16.9801875,51.0874708],[16.980201,51.0874686],[16.9802147,51.0874667],[16.9802284,51.0874647],[16.9802421,51.0874628],[16.9802558,51.0874608],[16.9802695,51.0874589],[16.9802832,51.0874569],[16.9802969,51.087455],[16.9803106,51.087453],[16.9803242,51.0874511],[16.9803379,51.0874492],[16.9803516,51.0874472],[16.9803653,51.0874453],[16.980379,51.0874433],[16.9803927,51.0874414],[16.9804064,51.0874394],[16.9804201,51.0874375],[16.9804338,51.0874356],[16.9804475,51.0874336],[16.9804612,51.0874317],[16.9804749,51.0874297],[16.9804886,51.0874278],[16.9805023,51.0874258],[16.980516,51.0874239],[16.9805297,51.0874219],[16.9805434,51.08742],[16.980557,51.0874181],[16.9805707,51.0874161],[16.9805844,51.0874142],[16.9805981,51.0874122],[16.9806118,51.0874103],[16.9806255,51.0874083],[16.9806727,51.0874014]]}},{"type":"Feature","properties":{"layer":"roads"},"geometry":{"type":"LineString","coordinates":[[16.9797397,51.0875467],[16.97966,51.0875554],[16.9796463,51.0875572],[16.9796326,51.0875591],[16.9796188,51.087561],[16.9796051,51.0875629],[16.9795914,51.0875648],[16.9795776,51.0875667],[16.9795639,51.0875686],[16.9795502,51.0875705],[16.9794941,51.0875743]]}},{"type":"Feature","properties":{"layer":"roads"},"geometry":{"type":"LineString","coordinates":[[16.9806976,51.088097],[16.9806664,51.0881198],[16.9806569,51.0881264],[16.9806475,51.088133],[16.9806381,51.0881397],[16.9806286,51.0881463],[16.9806192,51.088153],[16.9806097,51.0881596],[16.9805858,51.0881843]]}},{"type":"Feature","properties":{"layer":"roads"},"geometry":{"type":"LineString","coordinates":[[16.9806976,51.088097],[16.9807281,51.088063],[16.9807341,51.0880554],[16.9807401,51.0880478],[16.9807461,51.0880403],[16.9807521,51.0880327],[16.9807581,51.0880251],[16.9807641,51.0880176],[16.9807701,51.08801],[16.9807761,51.0880025],[16.9807821,51.0879949],[16.9807853,51.0879867],[16.9808147,51.0879594]]}},{"type":"Feature","properties":{"layer":"roads"},"geometry":{"type":"LineString","coordinates":[[16.9806976,51.088097],[16.9807535,51.0881095],[16.9807659,51.0881136],[16.9807783,51.0881177],[16.9807906,51.0881218],[16.980803,51.0881258],[16.9808154,51.0881299],[16.9808277,51.088134],[16.9808726,51.0881527]]}},{"type":"Feature","properties":{"layer":"roads"},"geometry":{"type":"LineString","coordinates":[[16.9755897,51.085398],[16.9755853,51.0853623],[16.9755826,51.0853536],[16.9755799,51.0853449],[16.9755772,51.0853363],[16.9755745,51.0853276],[16.9755718,51.0853189],[16.9755691,51.0853102],[16.9755665,51.0853015],[16.9755638,51.0852928],[16.9755611,51.0852841],[16.9755584,51.0852754],[16.9755557,51.0852667],[16.975553,51.085258],[16.9755503,51.0852493],[16.9755476,51.0852406],[16.9755449,51.0852319],[16.9755422,51.0852233],[16.9755395,51.0852146],[16.9755368,51.0852059],[16.9755341,51.0851972],[16.9755314,51.0851885],[16.9755287,51.0851798],[16.975526,51.0851711],[16.9755233,51.0851624],[16.9755206,51.0851537],[16.9755179,51.085145],[16.9755152,51.0851363],[16.9755125,51.0851276],[16.9755098,51.0851189],[16.9755072,51.0851103],[16.9755045,51.0851016],[16.9755018,51.0850929],[16.9754991,51.0850842],[16.9754964,51.0850755],[16.9754937,51.0850668],[16.975491,51.0850581],[16.9754883,51.0850494],[16.9754856,51.0850407],[16.9754829,51.085032],[16.9754802,51.0850233],[16.9754775,51.0850146],[16.9754748,51.0850059],[16.9754721,51.0849973],[16.9754694,51.0849886],[16.9754667,51.0849799],[16.975464,51.0849712],[16.9754613,51.0849625],[16.9754586,51.0849538],[16.9754559,51.0849451],[16.9754532,51.0849364],[16.9754505,51.0849277],[16.9754479,51.084919],[16.9754452,51.0849103],[16.9754425,51.0849016],[16.9754398,51.0848929],[16.9754371,51.0848843],[16.9754344,51.0848756],[16.9754317,51.0848669],[16.975429,51.0848582],[16.9754263,51.0848495],[16.9754236,51.0848408],[16.9754209,51.0848321],[16.9754185,51.0848235],[16.9754161,51.084815],[16.9754137,51.0848064],[16.9754113,51.0847978],[16.9754088,51.0847893],[16.9754064,51.0847807],[16.975404,51.0847722],[16.9754016,51.0847636],[16.9753992,51.084755],[16.9753968,51.0847465],[16.9753944,51.0847379],[16.975392,51.0847293],[16.9753895,51.0847208],[16.9753871,51.0847122],[16.9753847,51.0847036],[16.9753823,51.0846951],[16.9753799,51.0846865],[16.9753775,51.0846779],[16.9753751,51.0846694],[16.9753727,51.0846608],[16.9753702,51.0846523],[16.975353,51.084625]]}},{"type":"Feature","properties":{"layer":"roads"},"geometry":{"type":"LineString","coordinates":[[16.9755897,51.085398],[16.9755407,51.0854051],[16.9755269,51.0854071],[16.975513,51.0854091],[16.9754992,51.0854111],[16.9754853,51.0854131],[16.9754715,51.085415],[16.9754576,51.085417],[16.9754438,51.085419],[16.97543,51.085421],[16.9754161,51.085423],[16.9754023,51.085425],[16.9753884,51.085427],[16.9753746,51.085429],[16.9753607,51.085431],[16.9753469,51.085433],[16.975333,51.085435],[16.9753192,51.085437],[16.9753054,51.085439],[16.9752915,51.085441],[16.9752777,51.085443],[16.9752638,51.085445],[16.97525,51.085447],[16.9752361,51.0854489],[16.9752223,51.0854509],[16.9752084,51.0854529],[16.9751946,51.0854549],[16.9751807,51.0854569],[16.9751669,51.0854589],[16.9751531,51.0854609],[16.9751392,51.0854629],[16.9751254,51.0854649],[16.9751115,51.0854669],[16.9750977,51.0854689],[16.9750838,51.0854709],[16.97507,51.0854729],[16.9750561,51.0854749],[16.9750423,51.0854769],[16.9750285,51.0854789],[16.9750146,51.0854809],[16.9750008,51.0854828],[16.9749869,51.0854848],[16.9749731,51.0854868],[16.9749592,51.0854888],[16.9749454,51.0854908],[16.9749011,51.0855025]]}},{"type":"Feature","properties":{"layer":"roads"},"geometry":{"type":"LineString","coordinates":[[16.9755897,51.085398],[16.9756072,51.0854314],[16.97561,51.0854399],[16.9756127,51.0854485],[16.9756155,51.085457],[16.9756183,51.0854656],[16.9756211,51.0854742],[16.9756239,51.0854827],[16.9756266,51.0854913],[16.9756294,51.0854998],[16.9756497,51.0855491]]}},{"type":"Feature","properties":{"layer":"roads"},"geometry":{"type":"LineString","coordinates":[[16.9775106,51.0911158],[16.9774751,51.0910766],[16.9774716,51.0910683],[16.9774681,51.09106],[16.9774646,51.0910517],[16.9774612,51.0910434],[16.9774577,51.0910351],[16.9774542,51.0910268],[16.9774507,51.0910185],[16.9774473,51.0910102],[16.9774438,51.0910019],[16.9774403,51.0909936],[16.9774368,51.0909853],[16.9774264,51.0909604],[16.9774388,51.0909307]]}},{"type":"Feature","properties":{"layer":"roads"},"geometry":{"type":"LineString","coordinates":[[16.9775106,51.0911158],[16.9775044,51.0911444],[16.9775082,51.091153],[16.9775121,51.0911616],[16.9775159,51.0911703],[16.9775197,51.0911789],[16.9775236,51.0911875],[16.9775274,51.0911962],[16.9775313,51.0912048],[16.9775351,51.0912135],[16.977539,51.0912221],[16.9775428,51.0912307],[16.9775466,51.0912394],[16.9775505,51.091248],[16.9775543,51.0912567],[16.9775582,51.0912653],[16.977562,51.0912739],[16.9775659,51.0912826],[16.9775697,51.0912912],[16.9775735,51.0912999],[16.9775774,51.0913085],[16.9775812,51.0913171],[16.9775851,51.0913258],[16.9775889,51.0913344],[16.9775928,51.091343],[16.9775966,51.0913517],[16.9776004,51.0913603],[16.9776043,51.091369],[16.9776081,51.0913776],[16.977612,51.0913862],[16.9776158,51.0913949],[16.9776197,51.0914035],[16.9776235,51.0914122],[16.9776273,51.0914208],[16.9776312,51.0914294],[16.977635,51.0914381],[16.9776389,51.0914467],[16.9776427,51.0914553],[16.9776466,51.091464],[16.9776504,51.0914726],[16.9776542,51.0914813],[16.9776581,51.0914899],[16.9776619,51.0914985],[16.9776658,51.0915072],[16.9776696,51.0915158],[16.9776735,51.0915245],[16.9776773,51.0915331],[16.9776812,51.0915417],[16.977685,51.0915504],[16.9776888,51.091559],[16.9776927,51.0915677],[16.9776965,51.0915763],[16.9777004,51.0915849],[16.9777042,51.0915936],[16.9777081,51.0916022],[16.9777119,51.0916108],[16.9777157,51.0916195],[16.9777196,51.0916281],[16.9777234,51.0916368],[16.9777273,51.0916454],[16.9777311,51.091654],[16.977735,51.0916627],[16.9777388,51.0916713],[16.9777426,51.09168],[16.9777465,51.0916886],[16.9777503,51.0916972],[16.9777542,51.0917059],[16.977758,51.0917145],[16.9777619,51.0917231],[16.9777657,51.0917318],[16.9777695,51.0917404],[16.9777734,51.0917491],[16.9777772,51.0917577],[16.9777811,51.0917663],[16.9777849,51.091775],[16.9777888,51.0917836],[16.9777926,51.0917923],[16.9777964,51.0918009],[16.9778003,51.0918095],[16.9778041,51.0918182],[16.977808,51.0918268],[16.9778118,51.0918355],[16.9778157,51.0918441],[16.9778195,51.0918527],[16.9778233,51.0918614],[16.9778556,51.0918838]]}},{"type":"Feature","properties":{"layer":"roads"},"geometry":{"type":"LineString","coordinates":[[16.9775106,51.0911158],[16.9775595,51.0911281],[16.9775705,51.0911334],[16.9775814,51.0911387],[16.9775923,51.091144],[16.9776032,51.0911494],[16.9776141,51.0911547],[16.9776251,51.09116],[16.977636,51.0911654],[16.9776469,51.0911707],[16.9776578,51.091176],[16.9776687,51.0911813],[16.9776796,51.0911867],[16.9776906,51.091192],[16.9777015,51.0911973],[16.9777124,51.0912027],[16.9777233,51.091208],[16.9777342,51.0912133],[16.9777452,51.0912186],[16.9777561,51.091224],[16.977767,51.0912293],[16.9777784,51.0912343],[16.9777898,51.0912393],[16.9778012,51.0912442],[16.9778126,51.0912492],[16.977824,51.0912542],[16.9778354,51.0912592],[16.9778468,51.0912642],[16.9778582,51.0912691],[16.9778696,51.0912741],[16.977881,51.0912791],[16.9778924,51.0912841],[16.9779038,51.0912891],[16.9779152,51.091294],[16.9779266,51.091299],[16.977938,51.091304],[16.9779507,51.0913071],[16.9779633,51.0913102],[16.977976,51.0913133],[16.9779886,51.0913163],[16.9780013,51.0913194],[16.9780139,51.0913225],[16.9780266,51.0913256],[16.9780399,51.0913266],[16.9780533,51.0913277],[16.9780666,51.0913288],[16.97808,51.0913298],[16.9780934,51.0913308],[16.9781067,51.0913319],[16.9781201,51.091333],[16.9781334,51.091334],[16.9781472,51.0913348],[16.978161,51.0913357],[16.9781747,51.0913365],[16.9781885,51.0913374],[16.9782023,51.0913382],[16.9782161,51.0913391],[16.9782298,51.0913399],[16.9782436,51.0913407],[16.9782574,51.0913416],[16.9782712,51.0913424],[16.9782849,51.0913433],[16.9782987,51.0913441],[16.9783125,51.091345],[16.9783263,51.0913458],[16.97834,51.0913466],[16.9783795,51.0913587]]}},{"type":"Feature","properties":{"layer":"roads"},"geometry":{"type":"LineString","coordinates":[[16.9778556,51.0918838],[16.9778502,51.0919218],[16.9778617,51.0919475],[16.9778655,51.0919561],[16.9778694,51.0919647],[16.9778732,51.0919733],[16.977877,51.0919819],[16.9778809,51.0919904],[16.9778847,51.091999],[16.9778885,51.0920076],[16.9778924,51.0920162],[16.9778962,51.0920248],[16.9779182,51.0920525]]}},{"type":"Feature","properties":{"layer":"roads"},"geometry":{"type":"LineString","coordinates":[[16.9778556,51.0918838],[16.9778881,51.0918577],[16.977891,51.0918497],[16.9778939,51.0918417],[16.9778969,51.0918337],[16.9778998,51.0918258],[16.9779027,51.0918178],[16.9779056,51.0918098],[16.9779085,51.0918018],[16.9779114,51.0917938],[16.9779174,51.0917857],[16.9779234,51.0917775],[16.9779295,51.0917694],[16.9779355,51.0917612],[16.9779415,51.0917531],[16.9779475,51.0917449],[16.9779536,51.0917368],[16.9779596,51.0917286],[16.9779656,51.0917205],[16.9779716,51.0917124],[16.9779776,51.0917042],[16.9779837,51.0916961],[16.9779897,51.0916879],[16.9779957,51.0916798],[16.9780017,51.0916716],[16.9780078,51.0916635],[16.9780138,51.0916553],[16.9780198,51.0916472],[16.9780268,51.0916396],[16.9780338,51.091632],[16.9780409,51.0916244],[16.9780479,51.0916168],[16.9780549,51.0916092],[16.9780619,51.0916016],[16.9780689,51.091594],[16.978076,51.0915864],[16.978083,51.0915788],[16.97809,51.0915712],[16.978097,51.0915636],[16.9781041,51.091556],[16.9781111,51.0915484],[16.9781181,51.0915408],[16.9781251,51.0915332],[16.9781321,51.0915256],[16.9781392,51.091518],[16.9781462,51.0915104],[16.9781532,51.0915028],[16.978162,51.0914962],[16.9781708,51.0914897],[16.9781796,51.0914831],[16.9781884,51.0914765],[16.9781972,51.09147],[16.978206,51.0914634],[16.9782149,51.0914568],[16.9782237,51.0914502],[16.9782325,51.0914437],[16.9782413,51.0914371],[16.9782501,51.0914305],[16.9782589,51.091424],[16.9782677,51.0914174],[16.9782791,51.0914133],[16.9782905,51.0914092],[16.978302,51.0914051],[16.9783134,51.091401],[16.9783248,51.091397],[16.9783362,51.0913929],[16.9783477,51.0913888],[16.9783591,51.0913847],[16.9783795,51.0913587]]}},{"type":"Feature","properties":{"layer":"roads"},"geometry":{"type":"LineString","coordinates":[[16.9763473,51.0836462],[16.9763386,51.0836121],[16.9763364,51.0836036],[16.9763341,51.083595],[16.9763319,51.0835865],[16.9763297,51.083578],[16.9763274,51.0835694],[16.9763252,51.0835609],[16.976323,51.0835524],[16.9763208,51.0835439],[16.9763185,51.0835353],[16.9763163,51.0835268],[16.9763147,51.083518],[16.9763131,51.0835093],[16.9763116,51.0835005],[16.97631,51.0834918],[16.9763084,51.083483],[16.9763068,51.0834743],[16.9763052,51.0834655],[16.9763037,51.0834567],[16.9763021,51.083448],[16.9763005,51.0834392],[16.9762989,51.0834305],[16.9762974,51.0834217],[16.9762958,51.0834129],[16.9762942,51.0834042],[16.9762926,51.0833954],[16.976291,51.0833867],[16.9762895,51.0833779],[16.9762879,51.0833692],[16.9762863,51.0833604],[16.9762802,51.0833523],[16.9762742,51.0833442],[16.9762681,51.0833361],[16.976262,51.083328],[16.9762345,51.0833032]]}},{"type":"Feature","properties":{"layer":"roads"},"geometry":{"type":"LineString","coordinates":[[16.9763473,51.0836462],[16.976355,51.0836806],[16.9763569,51.0836892],[16.9763588,51.0836978],[16.9763607,51.0837064],[16.9763626,51.083715],[16.9763645,51.0837235],[16.9763664,51.0837321],[16.9763683,51.0837407],[16.9763702,51.0837493],[16.976372,51.0837579],[16.9763739,51.0837665],[16.9763758,51.0837751],[16.9763777,51.0837837],[16.9763811,51.0837923],[16.9763845,51.083801],[16.9763879,51.0838096],[16.9763913,51.0838183],[16.9763946,51.0838269],[16.976398,51.0838356],[16.9764014,51.0838442],[16.9764048,51.0838529],[16.9764082,51.0838615],[16.9764116,51.0838701],[16.976415,51.0838788],[16.9764184,51.0838874],[16.9764217,51.0838961],[16.9764251,51.0839047],[16.9764285,51.0839134],[16.9764319,51.083922],[16.9764353,51.0839307],[16.9764387,51.0839393],[16.9764421,51.0839479],[16.9764455,51.0839566],[16.9764489,51.0839652],[16.9764522,51.0839739],[16.9764556,51.0839825],[16.976459,51.0839912],[16.9764624,51.0839998],[16.9764658,51.0840084],[16.9764692,51.0840171],[16.9764726,51.0840257],[16.976476,51.0840344],[16.9764793,51.084043],[16.9764827,51.0840517],[16.9764861,51.0840603],[16.9764895,51.084069],[16.9764929,51.0840776],[16.9764963,51.0840862],[16.9764997,51.0840949],[16.9765031,51.0841035],[16.9765065,51.0841122],[16.9765098,51.0841208],[16.9765132,51.0841295],[16.9765166,51.0841381],[16.97652,51.0841468],[16.9765234,51.0841554],[16.9765268,51.084164],[16.9765302,51.0841727],[16.9765336,51.0841813],[16.976537,51.08419],[16.9765403,51.0841986],[16.9765437,51.0842073],[16.9765471,51.0842159],[16.9765505,51.0842246],[16.9765539,51.0842332],[16.9765573,51.0842418],[16.9765607,51.0842505],[16.9765641,51.0842591],[16.9765674,51.0842678],[16.9765708,51.0842764],[16.9765742,51.0842851],[16.9765776,51.0842937],[16.976581,51.0843023],[16.9765844,51.084311],[16.9765878,51.0843196],[16.9765912,51.0843283],[16.9765946,51.0843369],[16.9765979,51.0843456],[16.9766013,51.0843542],[16.9766047,51.0843629],[16.9766081,51.0843715],[16.9766115,51.0843801],[16.9766149,51.0843888],[16.9766183,51.0843974],[16.9766217,51.0844061],[16.976625,51.0844147],[16.9766284,51.0844234],[16.9766401,51.0844531]]}},{"type":"Feature","properties":{"layer":"roads"},"geometry":{"type":"LineString","coordinates":[[16.9766401,51.0844531],[16.9765826,51.0844565],[16.9765685,51.0844583],[16.9765545,51.0844602],[16.9765405,51.084462],[16.9765265,51.0844638],[16.9765125,51.0844656],[16.9764985,51.0844674],[16.9764845,51.0844692],[16.9764705,51.084471],[16.9764565,51.0844728],[16.9764425,51.0844746],[16.9764284,51.0844764],[16.9764144,51.0844782],[16.9764004,51.08448],[16.9763864,51.0844819],[16.9763724,51.0844837],[16.9763584,51.0844855],[16.9763444,51.0844873],[16.9763304,51.0844891],[16.9763164,51.0844909],[16.9763023,51.0844927],[16.9762883,51.0844945],[16.9762743,51.0844963],[16.9762603,51.0844981],[16.9762463,51.0844999],[16.9762323,51.0845017],[16.9762183,51.0845036],[16.9762043,51.0845054],[16.9761903,51.0845072],[16.9761762,51.084509],[16.9761622,51.0845108],[16.9761482,51.0845126],[16.9761342,51.0845144],[16.9761202,51.0845162],[16.9761062,51.084518],[16.9760922,51.0845198],[16.9760782,51.0845216],[16.9760642,51.0845234],[16.9760502,51.0845253],[16.9760361,51.0845271],[16.9760221,51.0845289],[16.9760081,51.0845307],[16.9759941,51.0845325],[16.9759801,51.0845343],[16.9759663,51.0845362],[16.9759526,51.084538],[16.9759388,51.0845399],[16.975925,51.0845417],[16.9759113,51.0845436],[16.9758975,51.0845455],[16.9758837,51.0845473],[16.97587,51.0845492],[16.9758562,51.084551],[16.9758424,51.0845529],[16.9758287,51.0845548],[16.9758149,51.0845566],[16.9758011,51.0845585],[16.9757874,51.0845603],[16.9757736,51.0845622],[16.9757598,51.0845641],[16.9757461,51.0845659],[16.9757323,51.0845678],[16.9757185,51.0845696],[16.9757048,51.0845715],[16.975691,51.0845734],[16.9756772,51.0845752],[16.9756635,51.0845771],[16.9756497,51.0845789],[16.9756359,51.0845808],[16.9756222,51.0845827],[16.9756084,51.0845845],[16.9755946,51.0845864],[16.9755809,51.0845882],[16.9755671,51.0845901],[16.9755533,51.084592],[16.9755396,51.0845938],[16.9755258,51.0845957],[16.975512,51.0845975],[16.9754983,51.0845994],[16.9754845,51.0846013],[16.9754707,51.0846031],[16.975457,51.084605],[16.9754432,51.0846068],[16.9754294,51.0846087],[16.9754157,51.0846106],[16.9754019,51.0846124],[16.975353,51.084625]]}},{"type":"Feature","properties":{"layer":"roads"},"geometry":{"type":"LineString","coordinates":[[16.975353,51.084625],[16.9753052,51.0846256],[16.9752913,51.0846275],[16.9752775,51.0846294],[16.9752636,51.0846313],[16.9752498,51.0846332],[16.9752359,51.0846351],[16.9752221,51.084637],[16.9752082,51.0846388],[16.9751944,51.0846407],[16.9751805,51.0846426],[16.9751667,51.0846445],[16.9751528,51.0846464],[16.975139,51.0846483],[16.9751251,51.0846502],[16.9751113,51.0846521],[16.9750974,51.084654],[16.9750836,51.0846559],[16.9750697,51.0846578],[16.9750558,51.0846597],[16.975042,51.0846616],[16.9750281,51.0846635],[16.9750143,51.0846654],[16.9750004,51.0846673],[16.9749866,51.0846692],[16.9749727,51.0846711],[16.9749589,51.084673],[16.974945,51.0846749],[16.9749312,51.0846768],[16.9749173,51.0846787],[16.9749035,51.0846805],[16.9748896,51.0846824],[16.9748758,51.0846843],[16.9748619,51.0846862],[16.9748481,51.0846881],[16.9748342,51.08469],[16.9748204,51.0846919],[16.9748065,51.0846938],[16.9747927,51.0846957],[16.9747788,51.0846976],[16.974765,51.0846995],[16.9747511,51.0847014],[16.9747372,51.0847033],[16.9747234,51.0847052],[16.9747095,51.0847071],[16.9746957,51.084709],[16.9746818,51.0847109],[16.974668,51.0847128],[16.9746541,51.0847147],[16.9746403,51.0847166],[16.9746264,51.0847185],[16.9746126,51.0847203],[16.9745987,51.0847222],[16.9745849,51.0847241],[16.974571,51.084726],[16.9745572,51.0847279],[16.9745433,51.0847298],[16.9745295,51.0847317],[16.9745156,51.0847336],[16.9745018,51.0847355],[16.9744879,51.0847374],[16.9744741,51.0847393],[16.9744602,51.0847412],[16.9744463,51.0847431],[16.9744325,51.084745],[16.9744186,51.0847469],[16.9744048,51.0847488],[16.9743909,51.0847507],[16.9743771,51.0847526],[16.9743632,51.0847545],[16.9743494,51.0847564],[16.9743355,51.0847583],[16.9743217,51.0847602],[16.9743078,51.084762],[16.974294,51.0847639],[16.9742801,51.0847658],[16.9742663,51.0847677],[16.9742524,51.0847696],[16.9742386,51.0847715],[16.9742247,51.0847734],[16.9742109,51.0847753],[16.974197,51.0847772],[16.9741832,51.0847791],[16.9741198,51.0847772]]}},{"type":"Feature","properties":{"layer":"roads"},"geometry":{"type":"LineString","coordinates":[[16.9806418,51.0922181],[16.9806028,51.0922465],[16.9805923,51.0922525],[16.9805817,51.0922585],[16.9805712,51.0922644],[16.9805606,51.0922704],[16.9805501,51.0922764],[16.9805395,51.0922824],[16.980529,51.0922884],[16.9805184,51.0922944],[16.9805079,51.0923004],[16.9804872,51.0923252]]}},{"type":"Feature","properties":{"layer":"roads"},"geometry":{"type":"LineString","coordinates":[[16.9806418,51.0922181],[16.9806846,51.0922016],[16.9806946,51.0921963],[16.9807045,51.0921911],[16.9807144,51.0921859],[16.9807243,51.0921806],[16.9807342,51.0921754],[16.9807435,51.0921686],[16.9807529,51.0921618],[16.9807622,51.092155],[16.9807715,51.0921482],[16.9807808,51.0921414],[16.9807902,51.0921346],[16.9807995,51.0921278],[16.9808088,51.0921209],[16.9808182,51.0921141],[16.9808275,51.0921073],[16.9808368,51.0921005],[16.9808461,51.0920937],[16.9808555,51.0920869],[16.9808648,51.0920801],[16.9808722,51.0920726],[16.9808796,51.0920652],[16.980887,51.0920577],[16.9808944,51.0920503],[16.9809017,51.0920428],[16.9809091,51.0920353],[16.9809165,51.0920279],[16.9809239,51.0920204],[16.9809313,51.092013],[16.9809387,51.0920055],[16.9809461,51.091998],[16.9809535,51.0919906],[16.9809609,51.0919831],[16.9809682,51.0919757],[16.9809756,51.0919682],[16.980983,51.0919607],[16.9809904,51.0919533],[16.9809978,51.0919458],[16.9810052,51.0919384],[16.9810126,51.0919309],[16.98102,51.0919235],[16.9810274,51.091916],[16.9810348,51.0919085],[16.9810421,51.0919011],[16.9810495,51.0918936],[16.9810569,51.0918862],[16.9810643,51.0918787],[16.9810717,51.0918712],[16.9810791,51.0918638],[16.9810865,51.0918563],[16.9810939,51.0918489],[16.9811013,51.0918414],[16.9811086,51.0918339],[16.981116,51.0918265],[16.9811234,51.091819],[16.9811308,51.0918116],[16.9811382,51.0918041],[16.9811452,51.0917964],[16.9811523,51.0917888],[16.9811593,51.0917811],[16.9811663,51.0917735],[16.9811734,51.0917658],[16.9811804,51.0917582],[16.9811874,51.0917505],[16.9811945,51.0917428],[16.9812015,51.0917352],[16.9812085,51.0917275],[16.9812156,51.0917199],[16.9812226,51.0917122],[16.9812296,51.0917046],[16.9812367,51.0916969],[16.9812437,51.0916892],[16.9812507,51.0916816],[16.9812578,51.0916739],[16.9812648,51.0916663],[16.9812718,51.0916586],[16.9812789,51.0916509],[16.9812859,51.0916433],[16.9812929,51.0916356],[16.9813,51.091628],[16.981307,51.0916203],[16.981314,51.0916127],[16.9813211,51.091605],[16.9813281,51.0915973],[16.9813335,51.0915674]]}},{"type":"Feature","properties":{"layer":"roads"},"geometry":{"type":"LineString","coordinates":[[16.9806418,51.0922181],[16.9806322,51.092188],[16.980629,51.0921794],[16.9806258,51.0921708],[16.9806226,51.0921622],[16.9806194,51.0921536],[16.9806162,51.0921449],[16.980613,51.0921363],[16.9806099,51.0921277],[16.9806067,51.0921191],[16.9806035,51.0921105],[16.9806003,51.0921019],[16.9805971,51.0920932],[16.9805939,51.0920846],[16.9805907,51.092076],[16.9805875,51.0920674],[16.9805843,51.0920588],[16.9805811,51.0920501],[16.9805779,51.0920415],[16.9805747,51.0920329],[16.9805715,51.0920243],[16.9805683,51.0920157],[16.9805651,51.0920071],[16.9805619,51.0919984],[16.9805587,51.0919898],[16.9805555,51.0919812],[16.9805523,51.0919726],[16.9805491,51.091964],[16.9805459,51.0919553],[16.9805428,51.0919467],[16.9805396,51.0919381],[16.9805364,51.0919295],[16.9805332,51.0919209],[16.98053,51.0919123],[16.9805268,51.0919036],[16.9805236,51.091895],[16.9805204,51.0918864],[16.9805172,51.0918778],[16.980514,51.0918692],[16.9805108,51.0918606],[16.9805076,51.0918519],[16.9805044,51.0918433],[16.9805012,51.0918347],[16.980498,51.0918261],[16.9804948,51.0918175],[16.9804916,51.0918088],[16.9804884,51.0918002],[16.9804852,51.0917916],[16.980482,51.091783],[16.9804789,51.0917744],[16.9804757,51.0917658],[16.9804725,51.0917571],[16.9804693,51.0917485],[16.9804661,51.0917399],[16.9804629,51.0917313],[16.9804597,51.0917227],[16.9804533,51.0916873]]}},{"type":"Feature","properties":{"layer":"roads"},"geometry":{"type":"LineString","coordinates":[[16.9813335,51.0915674],[16.9813796,51.0915456],[16.9814074,51.0915282],[16.9814167,51.0915223],[16.9814259,51.0915165],[16.9814352,51.0915107],[16.9814445,51.0915049],[16.9814544,51.0914989],[16.9814643,51.0914929],[16.9814742,51.0914869],[16.981484,51.0914809],[16.9814939,51.0914749],[16.9815038,51.0914689],[16.9815137,51.0914629],[16.9815273,51.0914608],[16.9815409,51.0914588],[16.9815545,51.0914567],[16.9815681,51.0914547],[16.9815818,51.0914526],[16.9815954,51.0914505],[16.981609,51.0914485],[16.9816226,51.0914464],[16.9816362,51.0914444],[16.9816498,51.0914423],[16.9816634,51.0914402],[16.981677,51.0914382],[16.9816906,51.0914361],[16.9817042,51.0914341],[16.9817179,51.091432],[16.9817315,51.0914299],[16.9817451,51.0914279],[16.9817587,51.0914258],[16.9817723,51.0914238],[16.9817859,51.0914217],[16.9817995,51.0914196],[16.9818131,51.0914176],[16.9818267,51.0914155],[16.9818403,51.0914135],[16.981854,51.0914114],[16.9818676,51.0914093],[16.9819203,51.0913972]]}},{"type":"Feature","properties":{"layer":"roads"},"geometry":{"type":"LineString","coordinates":[[16.9813335,51.0915674],[16.9812784,51.0915673],[16.9812652,51.0915696],[16.9812521,51.0915719],[16.981239,51.0915741],[16.9812258,51.0915764],[16.9812127,51.0915787],[16.9811988,51.0915807],[16.9811849,51.0915827],[16.9811709,51.0915847],[16.981157,51.0915867],[16.9811431,51.0915887],[16.9811292,51.0915906],[16.9811152,51.0915926],[16.9811013,51.0915946],[16.9810874,51.0915966],[16.9810735,51.0915986],[16.9810595,51.0916006],[16.9810456,51.0916026],[16.9810317,51.0916046],[16.9810178,51.0916066],[16.9810038,51.0916086],[16.9809899,51.0916106],[16.980976,51.0916125],[16.9809621,51.0916145],[16.9809482,51.0916165],[16.9809342,51.0916185],[16.9809203,51.0916205],[16.9809064,51.0916225],[16.9808925,51.0916245],[16.9808785,51.0916265],[16.9808646,51.0916285],[16.9808507,51.0916305],[16.9808368,51.0916325],[16.9808228,51.0916344],[16.9808089,51.0916364],[16.980795,51.0916384],[16.9807811,51.0916404],[16.9807671,51.0916424],[16.9807532,51.0916444],[16.9807393,51.0916464],[16.9807254,51.0916484],[16.9807114,51.0916504],[16.9806975,51.0916524],[16.9806836,51.0916544],[16.9806697,51.0916563],[16.9806558,51.0916583],[16.9806418,51.0916603],[16.9806279,51.0916623],[16.980614,51.0916643],[16.9806001,51.0916663],[16.9805861,51.0916683],[16.9805722,51.0916703],[16.9805583,51.0916723],[16.9805444,51.0916743],[16.9805304,51.0916763],[16.9805165,51.0916782],[16.9805026,51.0916802],[16.9804533,51.0916873]]}},{"type":"Feature","properties":{"layer":"roads"},"geometry":{"type":"LineString","coordinates":[[16.9770588,51.090181],[16.9770219,51.0901979],[16.9770112,51.0902039],[16.9769889,51.090234]]}},{"type":"Feature","properties":{"layer":"roads"},"geometry":{"type":"LineString","coordinates":[[16.9770588,51.090181],[16.977097,51.0901244],[16.9771254,51.0901192],[16.977178,51.0901111]]}},{"type":"Feature","properties":{"layer":"roads"},"geometry":{"type":"LineString","coordinates":[[16.9770588,51.090181],[16.9770907,51.0902027],[16.9770945,51.0902113],[16.9770983,51.0902199],[16.9771021,51.0902285],[16.9771059,51.0902371],[16.9771098,51.0902457],[16.9771136,51.0902543],[16.9771174,51.090263],[16.9771212,51.0902716],[16.977125,51.0902802],[16.9771289,51.0902888],[16.9771327,51.0902974],[16.9771365,51.090306],[16.9771403,51.0903146],[16.9771441,51.0903233],[16.977148,51.0903319],[16.9771518,51.0903405],[16.9771556,51.0903491],[16.9771594,51.0903577],[16.9771632,51.0903663],[16.977167,51.0903749],[16.9771709,51.0903836],[16.9771747,51.0903922],[16.9771785,51.0904008],[16.9771823,51.0904094],[16.9771861,51.090418],[16.97719,51.0904266],[16.9771938,51.0904352],[16.9771976,51.0904439],[16.9772014,51.0904525],[16.9772052,51.0904611],[16.9772091,51.0904697],[16.9772129,51.0904783],[16.9772167,51.0904869],[16.9772205,51.0904955],[16.9772243,51.0905042],[16.9772281,51.0905128],[16.977232,51.0905214],[16.9772358,51.09053],[16.9772396,51.0905386],[16.9772434,51.0905472],[16.9772472,51.0905558],[16.9772511,51.0905645],[16.9772549,51.0905731],[16.9772587,51.0905817],[16.9772625,51.0905903],[16.9772663,51.0905989],[16.9772702,51.0906075],[16.977274,51.0906161],[16.9772778,51.0906248],[16.9772816,51.0906334],[16.9772854,51.090642],[16.9772892,51.0906506],[16.9772931,51.0906592],[16.9772969,51.0906678],[16.9773007,51.0906764],[16.9773045,51.0906851],[16.9773083,51.0906937],[16.9773122,51.0907023],[16.977316,51.0907109],[16.9773198,51.0907195],[16.9773236,51.0907281],[16.9773274,51.0907367],[16.9773313,51.0907454],[16.9773351,51.090754],[16.9773389,51.0907626],[16.9773427,51.0907712],[16.9773465,51.0907798],[16.9773503,51.0907884],[16.9773542,51.090797],[16.977358,51.0908057],[16.9773618,51.0908143],[16.9773656,51.0908229],[16.9773694,51.0908315],[16.9773733,51.0908401],[16.9773771,51.0908487],[16.9773809,51.0908573],[16.9773847,51.090866],[16.9773885,51.0908746],[16.9773924,51.0908832],[16.9773962,51.0908918],[16.9774,51.0909004],[16.9774038,51.090909],[16.9774388,51.0909307]]}},{"type":"Feature","properties":{"layer":"roads"},"geometry":{"type":"LineString","coordinates":[[16.9774388,51.0909307],[16.9774666,51.0909029],[16.9774706,51.0908954],[16.9774747,51.0908879],[16.9774787,51.0908804],[16.9774822,51.090872],[16.9774857,51.0908635],[16.9774892,51.0908551],[16.9774928,51.0908466],[16.9774963,51.0908382],[16.9774998,51.0908297],[16.9775033,51.0908213],[16.9775068,51.0908128],[16.9775103,51.0908043],[16.9775138,51.0907959],[16.9775174,51.0907875],[16.9775209,51.090779],[16.9775244,51.0907706],[16.9775279,51.0907621],[16.9775354,51.0907544],[16.9775428,51.0907468],[16.9775503,51.0907391],[16.9775578,51.0907315],[16.9775652,51.0907238],[16.9775727,51.0907162],[16.9775802,51.0907085],[16.9775876,51.0907009],[16.9775951,51.0906932],[16.9776044,51.0906868],[16.9776138,51.0906805],[16.9776231,51.0906741],[16.9776324,51.0906678],[16.9776418,51.0906614],[16.9776511,51.0906551],[16.9776604,51.0906487],[16.9776697,51.0906424],[16.9776791,51.0906361],[16.9776884,51.0906297],[16.9776992,51.0906246],[16.9777101,51.0906196],[16.9777209,51.0906145],[16.9777318,51.0906094],[16.9777426,51.0906043],[16.9777535,51.0905993],[16.9777643,51.0905942],[16.9777752,51.0905891],[16.977786,51.090584],[16.9778194,51.0905669]]}},{"type":"Feature","properties":{"layer":"roads"},"geometry":{"type":"LineString","coordinates":[[16.9762345,51.0833032],[16.9761836,51.083312],[16.9761728,51.0833153],[16.9761598,51.0833169],[16.9761468,51.0833185],[16.9761059,51.0833236],[16.9760601,51.083311]]}},{"type":"Feature","properties":{"layer":"roads"},"geometry":{"type":"LineString","coordinates":[[16.9789973,51.0912931],[16.9790421,51.0912869],[16.9790559,51.0912848],[16.9790697,51.0912828],[16.9790835,51.0912807],[16.9790974,51.0912786],[16.9791112,51.0912765],[16.979125,51.0912744],[16.9791388,51.0912723],[16.9791527,51.0912702],[16.9791665,51.0912681],[16.9791803,51.0912661],[16.9791941,51.091264],[16.979208,51.0912619],[16.9792218,51.0912598],[16.9792356,51.0912577],[16.9792494,51.0912556],[16.9792633,51.0912535],[16.9792771,51.0912514],[16.9792909,51.0912493],[16.9793047,51.0912473],[16.9793185,51.0912452],[16.9793324,51.0912431],[16.9793462,51.091241],[16.97936,51.0912389],[16.9793738,51.0912368],[16.9793877,51.0912347],[16.9794015,51.0912326],[16.9794153,51.0912306],[16.9794291,51.0912285],[16.979443,51.0912264],[16.9794568,51.0912243],[16.9794706,51.0912222],[16.9794844,51.0912201],[16.9794983,51.091218],[16.9795121,51.0912159],[16.9795259,51.0912139],[16.9795397,51.0912118],[16.9795536,51.0912097],[16.9795674,51.0912076],[16.9795812,51.0912055],[16.979595,51.0912035],[16.9796088,51.0912014],[16.9796226,51.0911994],[16.9796365,51.0911974],[16.9796503,51.0911953],[16.9796641,51.0911933],[16.9796779,51.0911913],[16.9796917,51.0911892],[16.9797055,51.0911872],[16.9797193,51.0911852],[16.9797332,51.0911831],[16.979747,51.0911811],[16.9797608,51.0911791],[16.9797746,51.0911771],[16.9797884,51.091175],[16.9798022,51.091173],[16.9798161,51.091171],[16.9798299,51.0911689],[16.9798437,51.0911669],[16.9798575,51.0911649],[16.9798713,51.0911628],[16.9798851,51.0911608],[16.9798989,51.0911588],[16.9799128,51.0911567],[16.9799266,51.0911547],[16.9799404,51.0911527],[16.9799542,51.0911506],[16.979968,51.0911486],[16.9799818,51.0911466],[16.9799956,51.0911445],[16.9800095,51.0911425],[16.9800233,51.0911405],[16.9800371,51.0911384],[16.9800509,51.0911364],[16.9800647,51.0911344],[16.9800785,51.0911324],[16.9800924,51.0911303],[16.9801062,51.0911283],[16.98012,51.0911263],[16.9801338,51.0911242],[16.9801476,51.0911222],[16.9801614,51.0911202],[16.9801752,51.0911181],[16.9801891,51.0911161],[16.9802369,51.091109]]}},{"type":"Feature","properties":{"layer":"roads"},"geometry":{"type":"LineString","coordinates":[[16.9789973,51.0912931],[16.9789972,51.0913214],[16.9789916,51.0913276],[16.9789861,51.0913339],[16.9788933,51.091336]]}},{"type":"Feature","properties":{"layer":"roads"},"geometry":{"type":"LineString","coordinates":[[16.9789973,51.0912931],[16.9789751,51.0912662],[16.9789643,51.091262],[16.9789535,51.0912579],[16.9789047,51.0912578]]}},{"type":"Feature","properties":{"layer":"roads"},"geometry":{"type":"LineString","coordinates":[[16.9802369,51.091109],[16.9802434,51.0911445],[16.9802466,51.0911531],[16.9802499,51.0911618],[16.9802531,51.0911704],[16.9802563,51.091179],[16.9802596,51.0911877],[16.9802628,51.0911963],[16.980266,51.0912049],[16.9802693,51.0912136],[16.9802725,51.0912222],[16.9802757,51.0912308],[16.9802789,51.0912394],[16.9802822,51.0912481],[16.9802854,51.0912567],[16.9802886,51.0912653],[16.9802919,51.091274],[16.9802951,51.0912826],[16.9802983,51.0912912],[16.9803016,51.0912999],[16.9803048,51.0913085],[16.980308,51.0913171],[16.9803112,51.0913257],[16.9803145,51.0913344],[16.9803177,51.091343],[16.9803209,51.0913516],[16.9803242,51.0913603],[16.9803274,51.0913689],[16.9803306,51.0913775],[16.9803339,51.0913862],[16.9803371,51.0913948],[16.9803403,51.0914034],[16.9803435,51.091412],[16.9803468,51.0914207],[16.98035,51.0914293],[16.9803532,51.0914379],[16.9803565,51.0914466],[16.9803597,51.0914552],[16.9803629,51.0914638],[16.9803662,51.0914725],[16.9803694,51.0914811],[16.9803726,51.0914897],[16.9803758,51.0914983],[16.9803791,51.091507],[16.9803823,51.0915156],[16.9803855,51.0915242],[16.9803888,51.0915329],[16.980392,51.0915415],[16.9803952,51.0915501],[16.9803985,51.0915588],[16.9804017,51.0915674],[16.9804049,51.091576],[16.9804081,51.0915846],[16.9804114,51.0915933],[16.9804146,51.0916019],[16.9804178,51.0916105],[16.9804211,51.0916192],[16.9804243,51.0916278],[16.9804275,51.0916364],[16.9804308,51.0916451],[16.980434,51.0916537],[16.9804533,51.0916873]]}},{"type":"Feature","properties":{"layer":"roads"},"geometry":{"type":"LineString","coordinates":[[16.9794941,51.0875743],[16.9794849,51.0875454],[16.9794823,51.0875373],[16.9794798,51.0875292],[16.9794772,51.087521],[16.9794746,51.0875129],[16.979472,51.0875047],[16.9794694,51.0874966],[16.9794657,51.0874881],[16.979462,51.0874797],[16.9794583,51.0874712],[16.9794546,51.0874627],[16.9794509,51.0874543],[16.9794472,51.0874458],[16.9794435,51.0874373],[16.9794398,51.0874288],[16.9794361,51.0874204],[16.9794324,51.0874119],[16.9794287,51.0874034],[16.9794249,51.087395],[16.9794212,51.0873865],[16.9794175,51.087378],[16.9794138,51.0873696],[16.9794101,51.0873611],[16.9794064,51.0873526],[16.9794027,51.0873441],[16.979399,51.0873357],[16.9793907,51.0873012]]}},{"type":"Feature","properties":{"layer":"roads"},"geometry":{"type":"LineString","coordinates":[[16.9794941,51.0875743],[16.9795046,51.087604],[16.9795078,51.0876127],[16.9795109,51.0876214],[16.979514,51.0876301],[16.9795171,51.0876387],[16.9795202,51.0876474],[16.9795233,51.0876561],[16.9795265,51.0876648],[16.9795296,51.0876734],[16.9795327,51.0876821],[16.9795358,51.0876908],[16.9795389,51.0876995],[16.979542,51.0877081],[16.9795451,51.0877168],[16.9795483,51.0877255],[16.9795514,51.0877342],[16.9795545,51.0877428],[16.9795576,51.0877515],[16.9795607,51.0877602],[16.9795638,51.0877689],[16.9795669,51.0877775],[16.9795701,51.0877862],[16.9795732,51.0877949],[16.9795763,51.0878036],[16.9795794,51.0878122],[16.9795825,51.0878209],[16.9795856,51.0878296],[16.9795888,51.0878383],[16.9795919,51.0878469],[16.979595,51.0878556],[16.9795981,51.0878643],[16.9796014,51.0878728],[16.9796048,51.0878813],[16.9796081,51.0878899],[16.9796115,51.0878984],[16.9796148,51.0879069],[16.9796181,51.0879154],[16.9796215,51.0879239],[16.9796248,51.0879325],[16.9796282,51.087941],[16.9796315,51.0879495],[16.9796349,51.087958],[16.9796382,51.0879665],[16.9796415,51.0879751],[16.9796449,51.0879836],[16.9796482,51.0879921],[16.9796516,51.0880006],[16.9796549,51.0880092],[16.9796582,51.0880177],[16.9796616,51.0880262],[16.9796649,51.0880347],[16.9796683,51.0880432],[16.9796716,51.0880518],[16.979675,51.0880603],[16.9796783,51.0880688],[16.9796816,51.0880773],[16.979685,51.0880858],[16.9796883,51.0880944],[16.9796917,51.0881029],[16.979695,51.0881114],[16.9796982,51.08812],[16.9797014,51.0881286],[16.9797046,51.0881372],[16.9797078,51.0881459],[16.979711,51.0881545],[16.9797142,51.0881631],[16.9797174,51.0881717],[16.9797206,51.0881803],[16.9797238,51.0881889],[16.979727,51.0881976],[16.9797302,51.0882062],[16.9797334,51.0882148],[16.9797365,51.0882234],[16.9797397,51.088232],[16.9797429,51.0882406],[16.9797461,51.0882492],[16.9797493,51.0882579],[16.9797525,51.0882665],[16.9797557,51.0882751],[16.9797589,51.0882837],[16.9797621,51.0882923],[16.9797653,51.0883009],[16.9797781,51.0883352]]}},{"type":"Feature","properties":{"layer":"roads"},"geometry":{"type":"LineString","coordinates":[[16.9794941,51.0875743],[16.9794402,51.0875859],[16.9794264,51.0875879],[16.9794126,51.0875898],[16.9793988,51.0875918],[16.9793851,51.0875938],[16.9793713,51.0875957],[16.9793575,51.0875977],[16.9793437,51.0875997],[16.9793299,51.0876016],[16.9793162,51.0876036],[16.9793024,51.0876056],[16.9792886,51.0876076],[16.9792748,51.0876095],[16.979261,51.0876115],[16.9792473,51.0876135],[16.9792335,51.0876154],[16.9792197,51.0876174],[16.9792059,51.0876194],[16.9791922,51.0876214],[16.9791784,51.0876233],[16.9791646,51.0876253],[16.9791508,51.0876273],[16.979137,51.0876292],[16.9791233,51.0876312],[16.9791095,51.0876332],[16.9790957,51.0876351],[16.9790819,51.0876371],[16.9790681,51.0876391],[16.9790544,51.0876411],[16.9790406,51.087643],[16.9790268,51.087645],[16.979013,51.087647],[16.9789992,51.0876489],[16.9789855,51.0876509],[16.9789717,51.0876529],[16.9789579,51.0876549],[16.9789441,51.0876568],[16.9789303,51.0876588],[16.9789166,51.0876608],[16.9789028,51.0876627],[16.978889,51.0876647],[16.9788752,51.0876667],[16.9788614,51.0876686],[16.9788477,51.0876706],[16.9788339,51.0876726],[16.9788201,51.0876746],[16.9788063,51.0876765],[16.9787925,51.0876785],[16.9787788,51.0876805],[16.978765,51.0876824],[16.9787512,51.0876844],[16.9787374,51.0876864],[16.9787237,51.0876884],[16.9787099,51.0876903],[16.9786961,51.0876923],[16.9786823,51.0876943],[16.9786685,51.0876962],[16.9786548,51.0876982],[16.978641,51.0877002],[16.9786272,51.0877021],[16.9786134,51.0877041],[16.9785569,51.0877081]]}},{"type":"Feature","properties":{"layer":"roads"},"geometry":{"type":"LineString","coordinates":[[16.9797781,51.0883352],[16.9797225,51.0883428],[16.9797087,51.0883447],[16.9796948,51.0883465],[16.9796809,51.0883484],[16.979667,51.0883502],[16.9796531,51.0883521],[16.9796392,51.0883539],[16.9796253,51.0883558],[16.9796114,51.0883576],[16.9795976,51.0883595],[16.9795837,51.0883614],[16.9795698,51.0883632],[16.9795559,51.0883651],[16.979542,51.0883669],[16.9795281,51.0883688],[16.9795142,51.0883706],[16.9795003,51.0883725],[16.9794864,51.0883743],[16.9794726,51.0883762],[16.9794587,51.088378],[16.9794448,51.0883799],[16.9794309,51.0883817],[16.979417,51.0883836],[16.9794031,51.0883854],[16.9793892,51.0883873],[16.9793753,51.0883892],[16.9793614,51.088391],[16.9793476,51.0883929],[16.9793337,51.0883947],[16.9793198,51.0883966],[16.9793059,51.0883984],[16.979292,51.0884003],[16.9792781,51.0884021],[16.9792642,51.088404],[16.9792503,51.0884058],[16.9792365,51.0884077],[16.9792226,51.0884095],[16.9792087,51.0884114],[16.9791948,51.0884133],[16.9791809,51.0884151],[16.979167,51.088417],[16.9791531,51.0884188],[16.9791392,51.0884207],[16.9791253,51.0884225],[16.9791115,51.0884244],[16.9790976,51.0884262],[16.9790837,51.0884281],[16.9790698,51.0884299],[16.9790559,51.0884318],[16.979042,51.0884336],[16.9790281,51.0884355],[16.9790142,51.0884373],[16.9790003,51.0884392],[16.9789865,51.0884411],[16.9789726,51.0884429],[16.9789587,51.0884448],[16.9789448,51.0884466],[16.9789309,51.0884485],[16.978917,51.0884503],[16.9789031,51.0884522],[16.9788892,51.088454],[16.9788754,51.0884559],[16.9788199,51.0884633]]}},{"type":"Feature","properties":{"layer":"roads"},"geometry":{"type":"LineString","coordinates":[[16.9797781,51.0883352],[16.9798334,51.088327],[16.9798473,51.0883249],[16.9798611,51.0883228],[16.979875,51.0883207],[16.9798888,51.0883186],[16.9799026,51.0883165],[16.9799165,51.0883144],[16.9799303,51.0883123],[16.9799441,51.0883101],[16.979958,51.088308],[16.9799718,51.0883059],[16.9799856,51.0883038],[16.9799995,51.0883017],[16.9800133,51.0882996],[16.9800272,51.0882975],[16.980041,51.0882954],[16.9800548,51.0882933],[16.9800687,51.0882912],[16.9800825,51.0882891],[16.9800963,51.088287],[16.9801102,51.0882849],[16.980124,51.0882828],[16.9801378,51.0882807],[16.9801517,51.0882786],[16.9801655,51.0882765],[16.9801794,51.0882744],[16.9801932,51.0882723],[16.980207,51.0882702],[16.9802209,51.0882681],[16.9802347,51.088266],[16.9802485,51.0882638],[16.9802624,51.0882617],[16.9802762,51.0882596],[16.98029,51.0882575],[16.9803039,51.0882554],[16.9803177,51.0882533],[16.9803316,51.0882512],[16.9803454,51.0882491],[16.9803592,51.088247],[16.9803731,51.0882449],[16.9803869,51.0882428],[16.9804,51.0882397],[16.980413,51.0882367],[16.9804261,51.0882336],[16.9804392,51.0882306],[16.9804522,51.0882275],[16.9804653,51.0882244],[16.9804784,51.0882214],[16.9804914,51.0882183],[16.9805045,51.0882153],[16.9805176,51.0882122],[16.9805306,51.0882092],[16.9805858,51.0881843]]}},{"type":"Feature","properties":{"layer":"roads"},"geometry":{"type":"LineString","coordinates":[[16.9803646,51.0865051],[16.9803685,51.0865404],[16.980371,51.086549],[16.9803734,51.0865577],[16.9803759,51.0865664],[16.9803783,51.086575],[16.9803808,51.0865837],[16.9803833,51.0865924],[16.9803857,51.086601],[16.9803882,51.0866097],[16.9803906,51.0866183],[16.9803931,51.086627],[16.9803955,51.0866357],[16.980398,51.0866443],[16.9804004,51.086653],[16.9804029,51.0866617],[16.9804054,51.0866703],[16.9804078,51.086679],[16.9804103,51.0866877],[16.9804127,51.0866963],[16.9804152,51.086705],[16.9804176,51.0867137],[16.9804201,51.0867223],[16.9804226,51.086731],[16.980425,51.0867397],[16.9804275,51.0867483],[16.9804299,51.086757],[16.9804324,51.0867657],[16.9804348,51.0867743],[16.9804373,51.086783],[16.9804397,51.0867916],[16.9804422,51.0868003],[16.9804447,51.086809],[16.9804471,51.0868176],[16.9804496,51.0868263],[16.980452,51.086835],[16.9804545,51.0868436],[16.9804569,51.0868523],[16.9804594,51.086861],[16.9804618,51.0868696],[16.9804643,51.0868783],[16.9804678,51.0868868],[16.9804712,51.0868952],[16.9804747,51.0869037],[16.9804782,51.0869122],[16.9804816,51.0869207],[16.9804851,51.0869291],[16.9804885,51.0869376],[16.980492,51.0869461],[16.9804955,51.0869545],[16.9804989,51.086963],[16.9805024,51.0869715],[16.9805059,51.0869799],[16.9805093,51.0869884],[16.9805128,51.0869969],[16.9805162,51.0870054],[16.9805197,51.0870138],[16.9805232,51.0870223],[16.9805266,51.0870308],[16.9805301,51.0870392],[16.9805336,51.0870477],[16.980537,51.0870562],[16.9805405,51.0870646],[16.9805439,51.0870731],[16.9805474,51.0870816],[16.9805516,51.0871153]]}},{"type":"Feature","properties":{"layer":"roads"},"geometry":{"type":"LineString","coordinates":[[16.9803646,51.0865051],[16.9804136,51.0865006],[16.9804273,51.0864994],[16.980441,51.0864981],[16.9804547,51.0864968],[16.9804684,51.0864955],[16.9804821,51.0864943],[16.9804959,51.086493],[16.9805096,51.0864917],[16.9805233,51.0864905],[16.980537,51.0864892],[16.9805499,51.0864923],[16.9805627,51.0864955],[16.9805756,51.0864986],[16.9805884,51.0865017],[16.9806013,51.0865049],[16.9806141,51.086508],[16.980627,51.0865111],[16.9806398,51.0865142],[16.9806527,51.0865174],[16.9806655,51.0865205],[16.9806784,51.0865236],[16.9806912,51.0865268],[16.9807041,51.0865299],[16.9807168,51.0865327],[16.9807295,51.0865354],[16.9807421,51.0865382],[16.9807548,51.0865409],[16.9807675,51.0865437],[16.9807802,51.0865465],[16.9807929,51.0865492],[16.9808055,51.086552],[16.9808182,51.0865547],[16.9808309,51.0865575],[16.9808442,51.0865553],[16.9808574,51.0865531],[16.9808707,51.0865508],[16.9808839,51.0865486],[16.9808972,51.0865464],[16.9809104,51.0865442],[16.9809237,51.0865419],[16.9809369,51.0865397],[16.9809502,51.0865375],[16.9809634,51.0865353],[16.9809767,51.086533],[16.9809899,51.0865308],[16.9810032,51.0865286],[16.9810542,51.0865149]]}},{"type":"Feature","properties":{"layer":"roads"},"geometry":{"type":"LineString","coordinates":[[16.9803646,51.0865051],[16.9803454,51.0864713],[16.980342,51.0864627],[16.9803387,51.0864541],[16.9803354,51.0864455],[16.980332,51.0864369],[16.9803287,51.0864283],[16.9803254,51.0864197],[16.980322,51.0864111],[16.9803187,51.0864025],[16.9803153,51.0863939],[16.980312,51.0863853],[16.9803087,51.0863767],[16.9803053,51.0863681],[16.980302,51.0863595],[16.9802987,51.0863509],[16.9802953,51.0863423],[16.980292,51.0863337],[16.9802887,51.0863251],[16.9802853,51.0863165],[16.980282,51.0863079],[16.9802787,51.0862993],[16.9802753,51.0862907],[16.980272,51.0862821],[16.9802687,51.0862735],[16.9802653,51.0862649],[16.980262,51.0862563],[16.9802586,51.0862476],[16.9802553,51.086239],[16.980252,51.0862304],[16.9802486,51.0862218],[16.9802453,51.0862132],[16.980242,51.0862046],[16.9802386,51.086196],[16.9802353,51.0861874],[16.980232,51.0861788],[16.9802286,51.0861702],[16.9802253,51.0861616],[16.980222,51.086153],[16.9802186,51.0861444],[16.9802153,51.0861358],[16.980212,51.0861272],[16.9802086,51.0861186],[16.9802053,51.08611],[16.980202,51.0861014],[16.9801986,51.0860928],[16.9801953,51.0860842],[16.9801919,51.0860756],[16.9801886,51.086067],[16.9801853,51.0860584],[16.9801819,51.0860498],[16.9801786,51.0860412],[16.9801753,51.0860326],[16.9801719,51.086024],[16.9801651,51.0859892]]}},{"type":"Feature","properties":{"layer":"roads"},"geometry":{"type":"LineString","coordinates":[[16.9770533,51.0856058],[16.9770417,51.0855756],[16.9770384,51.0855671],[16.9770351,51.0855586],[16.9770317,51.08555],[16.9770284,51.0855415],[16.9770251,51.0855329],[16.9770218,51.0855244],[16.9770185,51.0855159],[16.9770152,51.0855073],[16.9770119,51.0854988],[16.9770086,51.0854902],[16.9770053,51.0854817],[16.977002,51.0854732],[16.9769987,51.0854646],[16.9769954,51.0854561],[16.976992,51.0854475],[16.9769887,51.085439],[16.9769854,51.0854305],[16.9769821,51.0854219],[16.9769788,51.0854134],[16.9769755,51.0854049],[16.9769722,51.0853963],[16.9769689,51.0853878],[16.9769656,51.0853792],[16.9769623,51.0853707],[16.976959,51.0853622],[16.9769557,51.0853536],[16.9769524,51.0853451],[16.976949,51.0853365],[16.9769472,51.0853011]]}},{"type":"Feature","properties":{"layer":"roads"},"geometry":{"type":"LineString","coordinates":[[16.9770533,51.0856058],[16.9771097,51.0856015],[16.9771234,51.0855994],[16.9771371,51.0855973],[16.9771508,51.0855952],[16.9771645,51.0855931],[16.9771782,51.085591],[16.9771919,51.0855889],[16.9772057,51.0855869],[16.9772194,51.0855848],[16.9772331,51.0855827],[16.9772468,51.0855806],[16.9772605,51.0855785],[16.9772742,51.0855764],[16.9772879,51.0855743],[16.9773016,51.0855723],[16.9773153,51.0855702],[16.977329,51.0855681],[16.9773427,51.085566],[16.9773564,51.0855639],[16.9773701,51.0855618],[16.9773838,51.0855598],[16.9773975,51.0855577],[16.9774112,51.0855556],[16.9774249,51.0855535],[16.9774386,51.0855514],[16.9774523,51.0855493],[16.977466,51.0855472],[16.9774798,51.0855452],[16.9774935,51.0855431],[16.9775072,51.085541],[16.9775209,51.0855389],[16.9775346,51.0855368],[16.9775483,51.0855347],[16.977562,51.0855326],[16.9776015,51.0855212]]}},{"type":"Feature","properties":{"layer":"roads"},"geometry":{"type":"LineString","coordinates":[[16.9770533,51.0856058],[16.9769993,51.0856173],[16.9769855,51.0856192],[16.9769716,51.0856211],[16.9769577,51.085623],[16.9769438,51.0856248],[16.9769299,51.0856267],[16.976916,51.0856286],[16.9769021,51.0856305],[16.9768882,51.0856324],[16.9768743,51.0856342],[16.9768605,51.0856361],[16.9768466,51.085638],[16.9768327,51.0856399],[16.9768188,51.0856418],[16.9768049,51.0856436],[16.976791,51.0856455],[16.9767771,51.0856474],[16.9767632,51.0856493],[16.9767494,51.0856512],[16.9767355,51.085653],[16.9767216,51.0856549],[16.9767077,51.0856568],[16.9766938,51.0856587],[16.9766799,51.0856606],[16.976666,51.0856624],[16.9766521,51.0856643],[16.9766382,51.0856662],[16.9766244,51.0856681],[16.9766105,51.08567],[16.9765966,51.0856718],[16.9765827,51.0856737],[16.9765103,51.0856853]]}},{"type":"Feature","properties":{"layer":"roads"},"geometry":{"type":"LineString","coordinates":[[16.9788199,51.0884633],[16.9787646,51.0884704],[16.9787507,51.0884722],[16.9787369,51.088474],[16.9787231,51.0884758],[16.9787093,51.0884776],[16.9786955,51.0884794],[16.9786817,51.0884811],[16.9786679,51.0884829],[16.9786541,51.0884847],[16.9786402,51.0884865],[16.9786264,51.0884883],[16.9786126,51.0884901],[16.9785988,51.0884919],[16.978585,51.0884936],[16.9785712,51.0884954],[16.9785574,51.0884972],[16.9785436,51.088499],[16.9785297,51.0885008],[16.9785159,51.0885026],[16.9785021,51.0885044],[16.9784883,51.0885061],[16.9784745,51.0885079],[16.9784607,51.0885097],[16.9784469,51.0885115],[16.9784331,51.0885133],[16.9784192,51.0885151],[16.9783758,51.0885207],[16.9783477,51.0885227],[16.9783022,51.0885365]]}},{"type":"Feature","properties":{"layer":"roads"},"geometry":{"type":"LineString","coordinates":[[16.9788199,51.0884633],[16.9788076,51.0884284],[16.9788046,51.0884196],[16.9788016,51.0884109],[16.9787985,51.0884021],[16.9787955,51.0883934],[16.9787924,51.0883847],[16.9787894,51.0883759],[16.9787864,51.0883672],[16.9787833,51.0883585],[16.9787803,51.0883497],[16.9787772,51.088341],[16.9787742,51.0883323],[16.9787711,51.0883235],[16.9787681,51.0883148],[16.9787651,51.0883061],[16.978762,51.0882973],[16.978759,51.0882886],[16.9787559,51.0882798],[16.9787529,51.0882711],[16.9787499,51.0882624],[16.9787468,51.0882536],[16.9787438,51.0882449],[16.9787407,51.0882362],[16.9787377,51.0882274],[16.9787347,51.0882187],[16.9787316,51.08821],[16.9787286,51.0882012],[16.9787255,51.0881925],[16.9787225,51.0881837],[16.9787195,51.088175],[16.9787164,51.0881663],[16.9787134,51.0881575],[16.9787103,51.0881488],[16.9787073,51.0881401],[16.9787043,51.0881313],[16.9787012,51.0881226],[16.9786982,51.0881139],[16.9786951,51.0881051],[16.9786921,51.0880964],[16.978689,51.0880877],[16.978686,51.0880789],[16.978683,51.0880702],[16.9786799,51.0880614],[16.9786769,51.0880527],[16.9786738,51.088044],[16.9786708,51.0880352],[16.9786678,51.0880265],[16.9786647,51.0880178],[16.9786617,51.088009],[16.9786586,51.0880003],[16.9786556,51.0879916],[16.9786526,51.0879828],[16.9786495,51.0879741],[16.9786465,51.0879653],[16.9786434,51.0879566],[16.9786404,51.0879479],[16.9786374,51.0879391],[16.9786343,51.0879304],[16.9786313,51.0879217],[16.9786282,51.0879129],[16.9786252,51.0879042],[16.9786222,51.0878955],[16.9786191,51.0878867],[16.9786161,51.087878],[16.978613,51.0878692],[16.97861,51.0878605],[16.978607,51.0878518],[16.9786039,51.087843],[16.9786009,51.0878343],[16.9785978,51.0878256],[16.9785948,51.0878168],[16.9785917,51.0878081],[16.9785887,51.0877994],[16.9785857,51.0877906],[16.9785826,51.0877819],[16.9785796,51.0877732],[16.9785765,51.0877644],[16.9785735,51.0877557],[16.9785705,51.0877469],[16.9785674,51.0877382],[16.9785569,51.0877081]]}},{"type":"Feature","properties":{"layer":"roads"},"geometry":{"type":"LineString","coordinates":[[16.9785569,51.0877081],[16.9785026,51.0877199],[16.9784886,51.0877219],[16.9784747,51.0877238],[16.9784608,51.0877258],[16.9784468,51.0877278],[16.9784329,51.0877297],[16.9784189,51.0877317],[16.978405,51.0877337],[16.9783911,51.0877356],[16.9783771,51.0877376],[16.9783632,51.0877396],[16.9783493,51.0877416],[16.9783353,51.0877435],[16.9783214,51.0877455],[16.9783075,51.0877475],[16.9782935,51.0877494],[16.9782796,51.0877514],[16.9782657,51.0877534],[16.9782517,51.0877554],[16.9782378,51.0877573],[16.9782239,51.0877593],[16.9782099,51.0877613],[16.978196,51.0877632],[16.978182,51.0877652],[16.9781681,51.0877672],[16.9781542,51.0877691],[16.9781402,51.0877711],[16.9781263,51.0877731],[16.9781124,51.0877751],[16.9780984,51.087777],[16.9780845,51.087779],[16.9780706,51.087781],[16.9780566,51.0877829],[16.9780427,51.0877849],[16.9780288,51.0877869],[16.9780148,51.0877889],[16.9780009,51.0877908],[16.977987,51.0877928],[16.977973,51.0877948],[16.9779591,51.0877967],[16.9779451,51.0877987],[16.9779312,51.0878007],[16.9779173,51.0878026],[16.9779033,51.0878046],[16.9778461,51.0878085]]}},{"type":"Feature","properties":{"layer":"roads"},"geometry":{"type":"LineString","coordinates":[[16.9785569,51.0877081],[16.9785465,51.0876779],[16.9785436,51.0876693],[16.9785406,51.0876608],[16.9785377,51.0876523],[16.9785347,51.0876437],[16.9785318,51.0876352],[16.9785288,51.0876267],[16.9785259,51.0876181],[16.9785229,51.0876096],[16.97852,51.0876011],[16.978517,51.0875925],[16.9785141,51.087584],[16.9785111,51.0875755],[16.9785082,51.0875669],[16.9785052,51.0875584],[16.9785023,51.0875499],[16.9784993,51.0875413],[16.9784964,51.0875328],[16.9784934,51.0875243],[16.9784905,51.0875157],[16.9784875,51.0875072],[16.9784846,51.0874987],[16.9784816,51.0874901],[16.9784787,51.0874816],[16.9784757,51.0874731],[16.9784728,51.0874645],[16.9784538,51.0874375]]}},{"type":"Feature","properties":{"layer":"roads"},"geometry":{"type":"LineString","coordinates":[[16.9813473,51.087368],[16.9813648,51.087393],[16.9813681,51.0874017],[16.9813714,51.0874104],[16.9813747,51.087419],[16.981378,51.0874277],[16.9813813,51.0874364],[16.9813846,51.087445],[16.9813879,51.0874537],[16.9813912,51.0874623],[16.9813945,51.087471],[16.9813978,51.0874797],[16.9814011,51.0874883],[16.9814044,51.087497],[16.9814077,51.0875057],[16.981411,51.0875143],[16.9814143,51.087523],[16.9814176,51.0875317],[16.9814209,51.0875403],[16.9814242,51.087549],[16.9814275,51.0875577],[16.9814308,51.0875663],[16.9814341,51.087575],[16.9814374,51.0875836],[16.9814407,51.0875923],[16.981444,51.087601],[16.9814473,51.0876096],[16.9814506,51.0876183],[16.9814539,51.087627],[16.9814572,51.0876356],[16.9814605,51.0876443],[16.9814635,51.0876531],[16.9814665,51.0876618],[16.9814695,51.0876706],[16.9814725,51.0876793],[16.9814755,51.0876881],[16.9814784,51.0876968],[16.9814814,51.0877056],[16.9814844,51.0877144],[16.9814874,51.0877231],[16.9814904,51.0877319],[16.9814934,51.0877406],[16.9814964,51.0877494],[16.9814994,51.0877582],[16.9815024,51.0877669],[16.9815054,51.0877757],[16.9815083,51.0877844],[16.9815113,51.0877932],[16.9815143,51.0878019],[16.9815173,51.0878107],[16.9815203,51.0878195],[16.9815233,51.0878282],[16.9815263,51.087837],[16.9815293,51.0878457],[16.9815323,51.0878545],[16.9815353,51.0878633],[16.9815382,51.087872],[16.9815412,51.0878808],[16.9815442,51.0878895],[16.9815472,51.0878983],[16.9815502,51.087907],[16.9815532,51.0879158],[16.9815566,51.0879243],[16.98156,51.0879328],[16.9815634,51.0879413],[16.9815668,51.0879499],[16.9815702,51.0879584],[16.9815736,51.0879669],[16.9815769,51.0879754],[16.9815803,51.0879839],[16.9815837,51.0879925],[16.9815871,51.088001],[16.9815905,51.0880095],[16.9815939,51.088018],[16.9815973,51.0880265],[16.9816007,51.088035],[16.9816041,51.0880435],[16.9816075,51.0880521],[16.9816109,51.0880606],[16.9816142,51.0880691],[16.9816176,51.0880776],[16.981621,51.0880861],[16.9816244,51.0880947],[16.9816278,51.0881032],[16.9816313,51.0881305]]}},{"type":"Feature","properties":{"layer":"roads"},"geometry":{"type":"LineString","coordinates":[[16.9813473,51.087368],[16.9812927,51.0873609],[16.9812796,51.0873579],[16.9812665,51.087355],[16.9812534,51.087352],[16.9812403,51.087349],[16.9812272,51.0873461],[16.9812141,51.0873431],[16.981201,51.0873401],[16.9811879,51.0873372],[16.9811748,51.0873342],[16.9811617,51.0873313],[16.9811221,51.087316]]}},{"type":"Feature","properties":{"layer":"roads"},"geometry":{"type":"LineString","coordinates":[[16.9813473,51.087368],[16.9813423,51.0873325],[16.9813391,51.0873239],[16.981336,51.0873152],[16.9813328,51.0873066],[16.9813296,51.0872979],[16.9813264,51.0872893],[16.9813233,51.0872807],[16.9813201,51.087272],[16.9813169,51.0872634],[16.9813137,51.0872547],[16.9813105,51.0872461],[16.9813074,51.0872375],[16.9813042,51.0872288],[16.981301,51.0872202],[16.9812978,51.0872115],[16.9812947,51.0872029],[16.9812915,51.0871943],[16.9812883,51.0871856],[16.9812851,51.087177],[16.981282,51.0871683],[16.9812528,51.087147]]}},{"type":"Feature","properties":{"layer":"roads"},"geometry":{"type":"LineString","coordinates":[[16.9816313,51.0881305],[16.9816516,51.0881629],[16.981655,51.0881714],[16.9816584,51.0881799],[16.9816618,51.0881885],[16.9816652,51.088197],[16.9816687,51.0882055],[16.9816721,51.0882141],[16.9816755,51.0882226],[16.9816789,51.0882311],[16.9816823,51.0882397],[16.9816857,51.0882482],[16.9816891,51.0882567],[16.9816925,51.0882653],[16.9816959,51.0882738],[16.9816993,51.0882823],[16.9817027,51.0882909],[16.9817061,51.0882994],[16.9817095,51.0883079],[16.9817129,51.0883165],[16.9817163,51.088325],[16.9817197,51.0883335],[16.9817231,51.0883421],[16.9817265,51.0883506],[16.9817299,51.0883591],[16.9817333,51.0883677],[16.9817368,51.0883762],[16.9817402,51.0883847],[16.9817436,51.0883933],[16.981747,51.0884018],[16.9817421,51.0884293]]}},{"type":"Feature","properties":{"layer":"roads"},"geometry":{"type":"LineString","coordinates":[[16.9816313,51.0881305],[16.9815928,51.0881551],[16.9815845,51.0881621],[16.9815762,51.0881691],[16.9815678,51.088176],[16.9815594,51.088183],[16.9815511,51.08819],[16.9815467,51.0881976],[16.9815423,51.0882051],[16.9815379,51.0882127],[16.9815335,51.0882202],[16.981529,51.0882278],[16.9815246,51.0882354],[16.9815202,51.0882429],[16.9815158,51.0882505],[16.9815069,51.0882569],[16.981498,51.0882634],[16.9814891,51.0882698],[16.9814802,51.0882762],[16.9814713,51.0882826],[16.9814625,51.0882891],[16.9814536,51.0882955],[16.9814318,51.08832]]}},{"type":"Feature","properties":{"layer":"roads"},"geometry":{"type":"LineString","coordinates":[[16.9804533,51.0916873],[16.9804051,51.0916943],[16.9803912,51.0916963],[16.9803773,51.0916983],[16.9803633,51.0917003],[16.9803494,51.0917023],[16.9803355,51.0917044],[16.9803216,51.0917064],[16.9803076,51.0917084],[16.9802937,51.0917104],[16.9802798,51.0917125],[16.9802659,51.0917145],[16.9802519,51.0917165],[16.980238,51.0917185],[16.9802241,51.0917205],[16.9802102,51.0917226],[16.9801962,51.0917246],[16.9801823,51.0917266],[16.9801684,51.0917286],[16.9801545,51.0917307],[16.9801405,51.0917327],[16.9801266,51.0917347],[16.9801127,51.0917367],[16.9800987,51.0917387],[16.9800848,51.0917408],[16.9800709,51.0917428],[16.980057,51.0917448],[16.980043,51.0917468],[16.9800291,51.0917488],[16.9800152,51.0917509],[16.9800013,51.0917529],[16.9799873,51.0917549],[16.9799734,51.0917569],[16.9799595,51.0917589],[16.9799456,51.091761],[16.9799316,51.091763],[16.9799177,51.091765],[16.9799038,51.091767],[16.9798899,51.0917691],[16.9798759,51.0917711],[16.979862,51.0917731],[16.9798481,51.0917751],[16.9798341,51.0917771],[16.9798202,51.0917792],[16.9798063,51.0917812],[16.9797924,51.0917832],[16.9797784,51.0917852],[16.9797645,51.0917873],[16.9797506,51.0917893],[16.9797367,51.0917913],[16.9797227,51.0917933],[16.9797088,51.0917953],[16.9796949,51.0917974],[16.979681,51.0917994],[16.979667,51.0918014],[16.9796531,51.0918034],[16.9796392,51.0918054],[16.9796253,51.0918075],[16.9796113,51.0918095],[16.9795974,51.0918115],[16.9795835,51.0918135],[16.9795696,51.0918155],[16.9795556,51.0918176],[16.9795417,51.0918196],[16.9795278,51.0918216],[16.9795138,51.0918236],[16.9794999,51.0918257],[16.979486,51.0918277],[16.9794721,51.0918297],[16.9794581,51.0918317],[16.9794442,51.0918337],[16.9794303,51.0918358],[16.9794164,51.0918378],[16.9794024,51.0918398],[16.9793885,51.0918418],[16.9793746,51.0918439],[16.9793607,51.0918459],[16.9793467,51.0918479],[16.9793328,51.0918499],[16.9793189,51.0918519],[16.979305,51.091854],[16.979291,51.091856],[16.979275,51.0918878]]}},{"type":"Feature","properties":{"layer":"roads"},"geometry":{"type":"LineString","coordinates":[[16.979275,51.0918878],[16.9792212,51.091865],[16.9792073,51.0918668],[16.9791933,51.0918686],[16.9791377,51.0918759]]}},{"type":"Feature","properties":{"layer":"roads"},"geometry":{"type":"LineString","coordinates":[[16.9783574,51.0919901],[16.9783619,51.0919591],[16.9783689,51.0919514],[16.9783759,51.0919437],[16.9783829,51.0919359],[16.97839,51.0919282],[16.978397,51.0919204],[16.978404,51.0919127],[16.978411,51.0919049],[16.9784181,51.0918972],[16.9784251,51.0918894],[16.9784321,51.0918817],[16.9784391,51.091874],[16.9784462,51.0918662],[16.9784532,51.0918585],[16.9784602,51.0918507],[16.9784672,51.091843],[16.9784743,51.0918352],[16.9784813,51.0918275],[16.9784883,51.0918198],[16.9784953,51.091812],[16.9785024,51.0918043],[16.9785094,51.0917965],[16.9785164,51.0917888],[16.9785234,51.091781],[16.9785305,51.0917733],[16.9785375,51.0917655],[16.9785445,51.0917578],[16.9785515,51.0917501],[16.9785586,51.0917423],[16.9785656,51.0917346],[16.9785726,51.0917268],[16.9785796,51.0917191],[16.9785867,51.0917113],[16.9785937,51.0917036],[16.9786007,51.0916959],[16.9786077,51.0916881],[16.9786148,51.0916804],[16.9786218,51.0916726],[16.9786288,51.0916649],[16.9786358,51.0916571],[16.9786429,51.0916494],[16.9786499,51.0916416],[16.9786569,51.0916339],[16.9786639,51.0916262],[16.978671,51.0916184],[16.978678,51.0916107],[16.978685,51.0916029],[16.978692,51.0915952],[16.9786991,51.0915874],[16.9787061,51.0915797],[16.9787131,51.091572],[16.9787201,51.0915642],[16.9787272,51.0915565],[16.9787342,51.0915487],[16.9787412,51.091541],[16.9787482,51.0915332],[16.9787553,51.0915255],[16.9787623,51.0915177],[16.9787693,51.09151],[16.9787763,51.0915023],[16.9787834,51.0914945],[16.9787904,51.0914868],[16.9787974,51.091479],[16.9788044,51.0914713],[16.9788115,51.0914635],[16.9788185,51.0914558],[16.9788238,51.0914475],[16.978829,51.0914392],[16.9788343,51.0914309],[16.9788395,51.0914225],[16.9788448,51.0914142],[16.9788501,51.0914059],[16.9788553,51.0913976],[16.9788606,51.0913893],[16.9788659,51.091381],[16.9788711,51.0913726],[16.9788764,51.0913643],[16.9788933,51.091336]]}},{"type":"Feature","properties":{"layer":"roads"},"geometry":{"type":"LineString","coordinates":[[16.9783574,51.0919901],[16.9784012,51.0919938],[16.9784148,51.0919919],[16.9784284,51.0919899],[16.978442,51.0919879],[16.9784556,51.091986],[16.9784691,51.091984],[16.9784827,51.0919821],[16.9784963,51.0919801],[16.9785099,51.0919781],[16.9785235,51.0919762],[16.9785371,51.0919742],[16.9785507,51.0919722],[16.9785642,51.0919703],[16.9786167,51.0919685]]}},{"type":"Feature","properties":{"layer":"roads"},"geometry":{"type":"LineString","coordinates":[[16.9783574,51.0919901],[16.978279,51.0920202]]}},{"type":"Feature","properties":{"layer":"roads"},"geometry":{"type":"LineString","coordinates":[[16.978954,51.0832382],[16.9790071,51.0832281],[16.9790213,51.083227],[16.9790355,51.0832258],[16.9790497,51.0832246],[16.9790638,51.0832234],[16.979078,51.0832222],[16.9790922,51.0832211],[16.9791064,51.0832199],[16.9791533,51.08321]]}},{"type":"Feature","properties":{"layer":"roads"},"geometry":{"type":"LineString","coordinates":[[16.978954,51.0832382],[16.9788926,51.0832194],[16.9788522,51.0832141],[16.9788388,51.0832124],[16.9788254,51.0832107],[16.9788119,51.0832089],[16.9787985,51.0832072],[16.978785,51.0832054],[16.9787716,51.0832037],[16.9787574,51.0832038],[16.9787431,51.0832039],[16.9787289,51.083204],[16.9787146,51.0832041],[16.9787004,51.0832042],[16.9786862,51.0832043],[16.9786719,51.0832045],[16.9786577,51.0832046],[16.9786435,51.0832047],[16.9786292,51.0832048],[16.978615,51.0832049],[16.9786007,51.083205],[16.9785865,51.0832051],[16.9785729,51.0832071],[16.9785592,51.083209],[16.9785456,51.083211],[16.978532,51.0832129],[16.9785184,51.0832149],[16.9785047,51.0832169],[16.9784911,51.0832188],[16.9784775,51.0832208],[16.9784638,51.0832227],[16.9784502,51.0832247],[16.978437,51.0832282],[16.9784239,51.0832318],[16.9784107,51.0832353],[16.9783976,51.0832388],[16.9783844,51.0832424],[16.9783712,51.0832459],[16.9783581,51.0832495],[16.9783449,51.083253],[16.9783318,51.0832565],[16.9783186,51.0832601],[16.9783054,51.0832636],[16.9782923,51.0832671],[16.9782791,51.0832707],[16.978266,51.0832742],[16.9782528,51.0832777],[16.9782396,51.0832813],[16.9782265,51.0832848],[16.9782133,51.0832883],[16.9782001,51.0832919],[16.978187,51.0832954],[16.9781738,51.0832989],[16.9781607,51.0833025],[16.9781475,51.083306],[16.9781343,51.0833096],[16.9781212,51.0833131],[16.978108,51.0833166],[16.9780949,51.0833202],[16.9780817,51.0833237],[16.9780702,51.083329],[16.9780586,51.0833342],[16.9780471,51.0833395],[16.9780355,51.0833447],[16.978024,51.08335],[16.9780124,51.0833552],[16.9780009,51.0833605],[16.9779518,51.0833657]]}},{"type":"Feature","properties":{"layer":"roads"},"geometry":{"type":"LineString","coordinates":[[16.978954,51.0832382],[16.9789679,51.0832673],[16.9789767,51.083274],[16.9789855,51.0832806],[16.9789944,51.0832872],[16.9790032,51.0832938],[16.979012,51.0833004],[16.9790209,51.083307],[16.9790297,51.0833136],[16.9790351,51.0833217],[16.9790405,51.0833298],[16.9790459,51.0833378],[16.9790514,51.0833459],[16.9790568,51.083354],[16.9790622,51.0833621],[16.9790676,51.0833702],[16.979073,51.0833783],[16.9790784,51.0833863],[16.9790839,51.0833944],[16.9790893,51.0834025],[16.9790947,51.0834106],[16.9791001,51.0834187],[16.9791055,51.0834267],[16.9791109,51.0834348],[16.9791163,51.0834429],[16.9791218,51.083451],[16.9791272,51.0834591],[16.9791326,51.0834672],[16.979138,51.0834752],[16.9791434,51.0834833],[16.9791488,51.0834914],[16.9791543,51.0834995],[16.9791597,51.0835076],[16.9791651,51.0835157],[16.9791705,51.0835237],[16.9791759,51.0835318],[16.9791813,51.0835399],[16.9791867,51.083548],[16.9791922,51.0835561],[16.9791976,51.0835641],[16.979203,51.0835722],[16.9792084,51.0835803],[16.9792138,51.0835884],[16.9792192,51.0835965],[16.9792247,51.0836046],[16.9792301,51.0836126],[16.9792355,51.0836207],[16.9792409,51.0836288],[16.9792434,51.0836374],[16.9792459,51.083646],[16.9792485,51.0836546],[16.979251,51.0836632],[16.9792535,51.0836718],[16.9792561,51.0836804],[16.9792586,51.083689],[16.9792611,51.0836977],[16.9792636,51.0837063],[16.9792662,51.0837149],[16.9792687,51.0837235],[16.9792712,51.0837321],[16.9792737,51.0837407],[16.9792763,51.0837493],[16.9792788,51.0837579],[16.9792813,51.0837665],[16.9792836,51.0837752],[16.9792859,51.0837839],[16.9792882,51.0837925],[16.9792905,51.0838012],[16.9792927,51.0838099],[16.979295,51.0838186],[16.9792973,51.0838273],[16.9792996,51.083836],[16.9793019,51.0838446],[16.9793042,51.0838533],[16.9793065,51.083862],[16.9793088,51.0838707],[16.979311,51.0838794],[16.9793178,51.0839086]]}},{"type":"Feature","properties":{"layer":"roads"},"geometry":{"type":"LineString","coordinates":[[16.9793178,51.0839086],[16.9793699,51.0839106],[16.9793829,51.0839119],[16.9793959,51.0839132],[16.9794089,51.0839145],[16.9794219,51.0839158],[16.9794349,51.0839171],[16.9794479,51.0839184],[16.9794618,51.0839198],[16.9794756,51.0839211],[16.9794895,51.0839225],[16.9795034,51.0839239],[16.9795173,51.0839252],[16.9795311,51.0839266],[16.979545,51.0839279],[16.9796005,51.0839334]]}},{"type":"Feature","properties":{"layer":"roads"},"geometry":{"type":"LineString","coordinates":[[16.981266,51.0870873],[16.9812528,51.087147]]}},{"type":"Feature","properties":{"layer":"roads"},"geometry":{"type":"LineString","coordinates":[[16.981266,51.0870873],[16.9812996,51.0870699],[16.9813057,51.0870621],[16.9813119,51.0870543],[16.981318,51.0870466],[16.9813241,51.0870388],[16.9813302,51.087031],[16.9813363,51.0870233],[16.9813424,51.0870155],[16.9813486,51.0870077],[16.9813547,51.087],[16.9813608,51.0869922],[16.9813669,51.0869844],[16.981373,51.0869767],[16.9813792,51.0869689],[16.9813853,51.0869611],[16.9813914,51.0869533],[16.9813975,51.0869456],[16.9814036,51.0869378],[16.9814098,51.08693],[16.9814159,51.0869223],[16.981422,51.0869145],[16.9814249,51.086906],[16.9814278,51.0868974],[16.9814308,51.0868889],[16.9814337,51.0868803],[16.9814366,51.0868718],[16.9814395,51.0868632],[16.9814425,51.0868547],[16.9814454,51.0868461],[16.9814483,51.0868376],[16.9814512,51.086829],[16.9814541,51.0868205],[16.9814571,51.086812],[16.98146,51.0868034],[16.9814629,51.0867949],[16.9814658,51.0867863],[16.9814688,51.0867778],[16.9814717,51.0867692],[16.9814746,51.0867607],[16.9814775,51.0867521],[16.9814805,51.0867436],[16.9814834,51.0867351],[16.9814863,51.0867265],[16.9814892,51.086718],[16.9814921,51.0867094],[16.9814951,51.0867009],[16.981498,51.0866923],[16.9815009,51.0866838],[16.9815038,51.0866752],[16.9815068,51.0866667],[16.9815097,51.0866581],[16.9815126,51.0866496],[16.9815242,51.0866449],[16.9815358,51.0866401],[16.9815474,51.0866354],[16.981559,51.0866307],[16.9815706,51.0866259],[16.9815822,51.0866212],[16.9815938,51.0866165],[16.9816054,51.0866117],[16.981617,51.086607],[16.9816286,51.0866022],[16.9816402,51.0865975],[16.9816518,51.0865928],[16.9816634,51.086588],[16.981675,51.0865833],[16.9816866,51.0865786],[16.9816982,51.0865738],[16.9817098,51.0865691],[16.98172,51.0865631],[16.9817303,51.0865571],[16.9817405,51.0865511],[16.9817508,51.0865451],[16.981761,51.0865391],[16.9817713,51.0865331],[16.9817815,51.0865271],[16.9817918,51.0865211],[16.9818273,51.0864998]]}},{"type":"Feature","properties":{"layer":"roads"},"geometry":{"type":"LineString","coordinates":[[16.981266,51.0870873],[16.9812447,51.0870638],[16.9812416,51.0870551],[16.9812386,51.0870463],[16.9812355,51.0870375],[16.9812325,51.0870287],[16.9812295,51.08702],[16.9812264,51.0870112],[16.9812234,51.0870024],[16.9812203,51.0869936],[16.9812173,51.0869849],[16.9812143,51.0869761],[16.9812112,51.0869673],[16.9812082,51.0869585],[16.9812051,51.0869497],[16.9812021,51.086941],[16.9811991,51.0869322],[16.981196,51.0869234],[16.981193,51.0869146],[16.9811899,51.0869059],[16.9811869,51.0868971],[16.9811839,51.0868883],[16.9811808,51.0868795],[16.9811778,51.0868708],[16.9811747,51.086862],[16.9811717,51.0868532],[16.9811687,51.0868444],[16.9811656,51.0868357],[16.9811626,51.0868269],[16.9811596,51.0868181],[16.9811565,51.0868093],[16.9811535,51.0868005],[16.9811504,51.0867918],[16.9811474,51.086783],[16.9811444,51.0867742],[16.9811413,51.0867654],[16.9811383,51.0867567],[16.9811352,51.0867479],[16.9811322,51.0867391],[16.9811292,51.0867303],[16.9811261,51.0867216],[16.9811231,51.0867128],[16.98112,51.086704],[16.981117,51.0866952],[16.981114,51.0866865],[16.9811109,51.0866777],[16.9811079,51.0866689],[16.9811048,51.0866601],[16.9811018,51.0866513],[16.9810988,51.0866426],[16.9810957,51.0866338],[16.9810927,51.086625],[16.9810896,51.0866162],[16.9810866,51.0866075],[16.9810836,51.0865987],[16.9810805,51.0865899],[16.9810775,51.0865811],[16.9810744,51.0865724],[16.9810714,51.0865636],[16.9810684,51.0865548],[16.9810653,51.086546],[16.9810542,51.0865149]]}},{"type":"Feature","properties":{"layer":"roads"},"geometry":{"type":"LineString","coordinates":[[16.9818273,51.0864998],[16.9818612,51.0864784],[16.9818708,51.0864722],[16.9818805,51.086466],[16.9818902,51.0864598],[16.9818999,51.0864536],[16.9819095,51.0864474],[16.9819192,51.0864412],[16.9819289,51.086435],[16.9819385,51.0864289],[16.9819482,51.0864227],[16.9819579,51.0864165],[16.9819675,51.0864103],[16.9820078,51.0864006]]}},{"type":"Feature","properties":{"layer":"roads"},"geometry":{"type":"LineString","coordinates":[[16.9818273,51.0864998],[16.9818578,51.0865287],[16.9818666,51.0865351],[16.9818754,51.0865415],[16.9818842,51.0865479],[16.9818931,51.0865542],[16.9819019,51.0865606],[16.9819448,51.0865809]]}},{"type":"Feature","properties":{"layer":"roads"},"geometry":{"type":"LineString","coordinates":[[16.9818273,51.0864998],[16.9817905,51.0864739],[16.9817825,51.0864666],[16.9817745,51.0864593],[16.9817666,51.086452],[16.9817586,51.0864447],[16.9817506,51.0864374],[16.9817426,51.0864301],[16.9817346,51.0864228],[16.9817266,51.0864155],[16.9817186,51.0864082],[16.9817106,51.0864009],[16.9817026,51.0863936],[16.9816946,51.0863863],[16.9816866,51.086379],[16.9816786,51.0863717],[16.9816706,51.0863644],[16.9816627,51.0863571],[16.9816547,51.0863498],[16.9816467,51.0863425],[16.9816204,51.086311]]}},{"type":"Feature","properties":{"layer":"roads"},"geometry":{"type":"LineString","coordinates":[[16.98172,51.090884],[16.9817387,51.0909104],[16.9817417,51.0909189],[16.9817447,51.0909274],[16.9817477,51.0909359],[16.9817508,51.0909444],[16.9817538,51.0909529],[16.9817568,51.0909614],[16.9817598,51.0909698],[16.9817628,51.0909783],[16.9817658,51.0909868],[16.9817688,51.0909953],[16.9817718,51.0910038],[16.9817748,51.0910123],[16.9817778,51.0910208],[16.9817808,51.0910293],[16.9817838,51.0910377],[16.9817868,51.0910462],[16.9817898,51.0910547],[16.9817929,51.0910632],[16.9817923,51.0910959]]}},{"type":"Feature","properties":{"layer":"roads"},"geometry":{"type":"LineString","coordinates":[[16.98172,51.090884],[16.9816743,51.0908873],[16.9816612,51.09089],[16.9816481,51.0908927],[16.9816351,51.0908954],[16.981622,51.0908981],[16.9816089,51.0909008],[16.9815958,51.0909035],[16.9815827,51.0909062],[16.9815696,51.0909089],[16.9815565,51.0909116],[16.9815427,51.0909138],[16.9815289,51.090916],[16.9815151,51.0909182],[16.9815013,51.0909203],[16.9814875,51.0909225],[16.9814737,51.0909247],[16.9814255,51.0909408]]}},{"type":"Feature","properties":{"layer":"roads"},"geometry":{"type":"LineString","coordinates":[[16.9734706,51.0822066],[16.9734581,51.0821738],[16.9734529,51.0821661],[16.9734324,51.0821356]]}},{"type":"Feature","properties":{"layer":"roads"},"geometry":{"type":"LineString","coordinates":[[16.9734706,51.0822066],[16.9734288,51.0822191],[16.9734163,51.0822229],[16.9734038,51.0822266],[16.9733914,51.0822303],[16.9733789,51.082234],[16.9733665,51.0822377],[16.973354,51.0822414],[16.9733415,51.0822451],[16.9733291,51.0822488],[16.9733166,51.0822525],[16.9733042,51.0822563],[16.9732917,51.08226],[16.9732793,51.0822637],[16.9732668,51.0822674],[16.9732543,51.0822711],[16.9732419,51.0822748],[16.9732294,51.0822785],[16.973217,51.0822822],[16.9732045,51.0822859],[16.973192,51.0822897],[16.9731796,51.0822934],[16.9731671,51.0822971],[16.9731547,51.0823008],[16.9731422,51.0823045],[16.9731303,51.082309],[16.9731183,51.0823135],[16.9731064,51.082318],[16.9730944,51.0823226],[16.9730825,51.0823271],[16.9730706,51.0823316],[16.9730586,51.0823361],[16.9730467,51.0823406],[16.9730347,51.0823452],[16.9730228,51.0823497],[16.9730108,51.0823542],[16.9729989,51.0823587],[16.9729874,51.0823638],[16.9729759,51.0823688],[16.9729644,51.0823739],[16.9729528,51.0823789],[16.9729413,51.082384],[16.9729298,51.082389],[16.9729183,51.0823941],[16.9729068,51.0823991],[16.9728953,51.0824042],[16.9728837,51.0824092],[16.972847,51.0824234]]}},{"type":"Feature","properties":{"layer":"roads"},"geometry":{"type":"LineString","coordinates":[[16.978955,51.0870362],[16.9790123,51.0870615],[16.97905,51.0870784],[16.9790616,51.0870835],[16.9790731,51.0870886],[16.9790847,51.0870937],[16.9790962,51.0870988],[16.9791086,51.0871029],[16.979121,51.087107],[16.9791334,51.0871112],[16.9791458,51.0871153],[16.9791582,51.0871194],[16.9791706,51.0871235],[16.979183,51.0871276],[16.9791954,51.0871318],[16.9792078,51.0871359],[16.9792202,51.08714],[16.979232,51.087143],[16.9792438,51.0871461],[16.9792969,51.0871544]]}},{"type":"Feature","properties":{"layer":"roads"},"geometry":{"type":"LineString","coordinates":[[16.978955,51.0870362],[16.978977,51.0870638],[16.9789635,51.0870667],[16.97895,51.0870696],[16.9789366,51.0870725],[16.9789231,51.0870754],[16.9789097,51.0870784],[16.9788962,51.0870813],[16.9788827,51.0870842],[16.9788693,51.0870871],[16.9788558,51.08709],[16.9788423,51.0870929],[16.9788289,51.0870958],[16.9788154,51.0870987],[16.978802,51.0871016],[16.9787885,51.0871045],[16.978775,51.0871074],[16.9787616,51.0871103],[16.9787481,51.0871132],[16.9787346,51.0871161],[16.9787212,51.0871191],[16.9787077,51.087122],[16.9786942,51.0871249],[16.9786808,51.0871278],[16.9786673,51.0871307],[16.9786539,51.0871336],[16.9786404,51.0871365],[16.9786269,51.0871394],[16.9786135,51.0871423],[16.9786,51.0871452],[16.9785865,51.0871481],[16.9785731,51.087151],[16.9785596,51.0871539],[16.9785461,51.0871568],[16.9785327,51.0871598],[16.9785192,51.0871627],[16.9785058,51.0871656],[16.9784923,51.0871685],[16.9784788,51.0871714],[16.9784654,51.0871743],[16.9784519,51.0871772],[16.9784384,51.0871801],[16.978425,51.087183],[16.9784115,51.0871859],[16.9783981,51.0871888],[16.9783846,51.0871917],[16.9783711,51.0871946],[16.9783577,51.0871976],[16.9783442,51.0872005],[16.9783307,51.0872034],[16.9783173,51.0872063],[16.9783038,51.0872092],[16.9782903,51.0872121],[16.9782769,51.087215],[16.9782634,51.0872179],[16.97825,51.0872208],[16.9782365,51.0872237],[16.978223,51.0872266],[16.9782096,51.0872295],[16.9781961,51.0872324],[16.9781826,51.0872353],[16.9781692,51.0872383],[16.9781557,51.0872412],[16.9781423,51.0872441],[16.9781288,51.087247],[16.9781153,51.0872499],[16.9781019,51.0872528],[16.9780884,51.0872557],[16.9780843,51.0872475],[16.9780803,51.0872392],[16.9780762,51.087231],[16.9780721,51.0872227],[16.978068,51.0872145],[16.9780639,51.0872063],[16.9780599,51.087198],[16.9780452,51.0871684]]}},{"type":"Feature","properties":{"layer":"roads"},"geometry":{"type":"LineString","coordinates":[[16.9780452,51.0871684],[16.9779902,51.0871763],[16.9779763,51.0871783],[16.9779625,51.0871802],[16.9779487,51.0871821],[16.9779349,51.087184],[16.9779211,51.087186],[16.9779073,51.0871879],[16.9778935,51.0871898],[16.9778797,51.0871918],[16.9778659,51.0871937],[16.9778521,51.0871956],[16.9778382,51.0871975],[16.9778244,51.0871995],[16.9778106,51.0872014],[16.9777968,51.0872033],[16.977783,51.0872053],[16.9777692,51.0872072],[16.9777554,51.0872091],[16.9777416,51.0872111],[16.9777278,51.087213],[16.977714,51.0872149],[16.9777002,51.0872168],[16.9776863,51.0872188],[16.9776371,51.0872246]]}},{"type":"Feature","properties":{"layer":"roads"},"geometry":{"type":"LineString","coordinates":[[16.9780452,51.0871684],[16.9780997,51.0871597],[16.9781133,51.0871574],[16.9781268,51.0871552],[16.9781404,51.087153],[16.978154,51.0871507],[16.9781675,51.0871485],[16.9781811,51.0871462],[16.9781947,51.087144],[16.9782082,51.0871418],[16.9782218,51.0871395],[16.9782354,51.0871373],[16.978249,51.0871351],[16.9782625,51.0871328],[16.9782761,51.0871306],[16.9782897,51.0871284],[16.9783032,51.0871261],[16.9783168,51.0871239],[16.9783304,51.0871217],[16.978344,51.0871194],[16.9783575,51.0871172],[16.9783711,51.087115],[16.9783847,51.0871127],[16.9783982,51.0871105],[16.9784118,51.0871082],[16.9784254,51.087106],[16.9784389,51.0871038],[16.9784525,51.0871015],[16.9784661,51.0870993],[16.9784797,51.0870971],[16.9784932,51.0870948],[16.9785232,51.0870897],[16.9785614,51.0870829],[16.9785751,51.0870805],[16.9785887,51.0870781],[16.9786024,51.0870757],[16.9786161,51.0870732],[16.9786297,51.0870708],[16.9786434,51.0870684],[16.978657,51.087066],[16.9786707,51.0870636],[16.9786844,51.0870611],[16.978698,51.0870587],[16.9787117,51.0870563],[16.9787253,51.0870539],[16.978739,51.0870515],[16.9787526,51.0870491],[16.9787663,51.0870466],[16.97878,51.0870442],[16.9787936,51.0870418],[16.9788073,51.0870394],[16.9788209,51.087037],[16.9788346,51.0870345],[16.9788483,51.0870321],[16.9788619,51.0870297],[16.9788756,51.0870273],[16.978955,51.0870362]]}},{"type":"Feature","properties":{"layer":"roads"},"geometry":{"type":"LineString","coordinates":[[16.9819203,51.0913972],[16.9819076,51.0913671],[16.981904,51.0913586],[16.9819004,51.0913501],[16.9818968,51.0913417],[16.9818933,51.0913332],[16.9818897,51.0913247],[16.9818861,51.0913162],[16.9818825,51.0913077],[16.9818789,51.0912992],[16.9818753,51.0912907],[16.9818717,51.0912822],[16.9818687,51.0912738],[16.9818656,51.0912654],[16.9818626,51.091257],[16.9818595,51.0912486],[16.9818565,51.0912402],[16.9818534,51.0912318],[16.9818504,51.0912234],[16.9818474,51.091215],[16.9818443,51.0912066],[16.9818413,51.0911982],[16.9818382,51.0911898],[16.9818413,51.091156]]}},{"type":"Feature","properties":{"layer":"roads"},"geometry":{"type":"LineString","coordinates":[[16.9819203,51.0913972],[16.9819758,51.0913932],[16.9819892,51.0913912],[16.9820027,51.0913893],[16.9820161,51.0913873],[16.9820296,51.0913853],[16.982043,51.0913833],[16.9820565,51.0913814],[16.9820699,51.0913794],[16.9820834,51.0913774],[16.9820968,51.0913754],[16.9821103,51.0913735],[16.9821237,51.0913715],[16.9821372,51.0913695],[16.9821506,51.0913675],[16.9821641,51.0913656],[16.9821775,51.0913636],[16.9822464,51.091356]]}},{"type":"Feature","properties":{"layer":"roads"},"geometry":{"type":"LineString","coordinates":[[16.9787049,51.0853777],[16.9786591,51.0853843],[16.9786461,51.085386],[16.9786331,51.0853878],[16.9786201,51.0853896],[16.9786072,51.0853914],[16.9785942,51.0853932],[16.9785812,51.085395],[16.9785682,51.0853967],[16.9785552,51.0853985],[16.9785422,51.0854003],[16.9785284,51.0854022],[16.9785146,51.085404],[16.9785008,51.0854059],[16.978487,51.0854077],[16.9784731,51.0854096],[16.9784593,51.0854114],[16.9784455,51.0854133],[16.9784317,51.0854151],[16.9784179,51.085417],[16.9784041,51.0854188],[16.9783903,51.0854207],[16.9783765,51.0854225],[16.9783626,51.0854244],[16.9783488,51.0854262],[16.978335,51.0854281],[16.9783212,51.0854299],[16.9783074,51.0854318],[16.9782936,51.0854336],[16.9782798,51.0854355],[16.978266,51.0854373],[16.9782521,51.0854392],[16.9782383,51.085441],[16.9782245,51.0854429],[16.9782107,51.0854447],[16.9781969,51.0854466],[16.9781831,51.0854484],[16.9781693,51.0854503],[16.9781555,51.0854521],[16.9781417,51.085454],[16.9781278,51.0854558],[16.978114,51.0854577],[16.9781002,51.0854595],[16.9780864,51.0854614],[16.9780726,51.0854632],[16.9780588,51.0854651],[16.978045,51.0854669],[16.9780312,51.0854688],[16.9780173,51.0854706],[16.9780035,51.0854725],[16.9779897,51.0854743],[16.9779759,51.0854762],[16.9779621,51.085478],[16.9779483,51.0854799],[16.9779345,51.0854817],[16.9779207,51.0854836],[16.9779069,51.0854854],[16.977893,51.0854873],[16.9778792,51.0854891],[16.9778654,51.085491],[16.9778516,51.0854928],[16.9778378,51.0854947],[16.977824,51.0854965],[16.9778102,51.0854984],[16.9777964,51.0855002],[16.9777825,51.0855021],[16.9777687,51.0855039],[16.9777549,51.0855058],[16.9777411,51.0855076],[16.9777273,51.0855095],[16.9777135,51.0855113],[16.9776997,51.0855132],[16.9776859,51.085515],[16.977672,51.0855169],[16.9776582,51.0855187],[16.9776015,51.0855212]]}},{"type":"Feature","properties":{"layer":"roads"},"geometry":{"type":"LineString","coordinates":[[16.9787049,51.0853777],[16.9787527,51.0853708],[16.9787664,51.0853688],[16.97878,51.0853668],[16.9787937,51.0853648],[16.9788073,51.0853628],[16.978821,51.0853608],[16.9788347,51.0853588],[16.9788483,51.0853567],[16.978862,51.0853547],[16.9788756,51.0853527],[16.9788893,51.0853507],[16.9789029,51.0853487],[16.9789166,51.0853467],[16.9789302,51.0853447],[16.9789439,51.0853426],[16.9789576,51.0853406],[16.9789712,51.0853386],[16.9789849,51.0853366],[16.9789985,51.0853346],[16.9790122,51.0853326],[16.9790258,51.0853306],[16.9790395,51.0853286],[16.9790532,51.0853265],[16.9790668,51.0853245],[16.9790805,51.0853225],[16.9790941,51.0853205],[16.9791078,51.0853185],[16.9791214,51.0853165],[16.9791351,51.0853145],[16.9791487,51.0853124],[16.9791624,51.0853104],[16.9791761,51.0853084],[16.9791897,51.0853064],[16.9792034,51.0853044],[16.979217,51.0853024],[16.9792307,51.0853004],[16.9792443,51.0852983],[16.9792932,51.0852858]]}},{"type":"Feature","properties":{"layer":"roads"},"geometry":{"type":"LineString","coordinates":[[16.9776015,51.0855212],[16.9775799,51.0854975],[16.9775707,51.0854908],[16.9775615,51.0854841],[16.9775523,51.0854774],[16.977543,51.0854706],[16.9775338,51.0854639],[16.9775246,51.0854572],[16.9775154,51.0854505],[16.9775062,51.0854438],[16.9774969,51.0854371],[16.9774877,51.0854304],[16.9774785,51.0854237],[16.977467,51.0854185],[16.9774555,51.0854132],[16.977444,51.085408],[16.9774325,51.0854027],[16.977421,51.0853975],[16.9774095,51.0853922],[16.977398,51.085387],[16.9773865,51.0853818],[16.977375,51.0853765],[16.9773635,51.0853713],[16.977352,51.085366],[16.9773405,51.0853608],[16.977329,51.0853555],[16.9773175,51.0853503],[16.9773038,51.0853487],[16.9772901,51.085347],[16.9772765,51.0853454],[16.9772628,51.0853437],[16.9772491,51.0853421],[16.9772354,51.0853404],[16.9772217,51.0853388],[16.9772081,51.0853372],[16.9771944,51.0853355],[16.9771807,51.0853339],[16.977167,51.0853322],[16.9771533,51.0853306],[16.9771396,51.0853289],[16.977126,51.0853273],[16.9771123,51.0853256],[16.9770986,51.085324],[16.9770856,51.085321],[16.9770725,51.085318],[16.9770595,51.0853151],[16.9770465,51.0853121],[16.9770334,51.0853091],[16.9770204,51.0853061],[16.9770074,51.0853032],[16.9769944,51.0853002],[16.9769472,51.0853011]]}},{"type":"Feature","properties":{"layer":"roads"},"geometry":{"type":"LineString","coordinates":[[16.972847,51.0824234],[16.972809,51.0824462],[16.9727984,51.082452],[16.9727878,51.0824577],[16.9727773,51.0824635],[16.9727667,51.0824693],[16.9727561,51.082475],[16.9727455,51.0824808],[16.9727349,51.0824866],[16.9727243,51.0824923],[16.9727137,51.0824981],[16.9727031,51.0825039],[16.9726925,51.0825097],[16.9726819,51.0825154],[16.9726713,51.0825212],[16.9726608,51.082527],[16.9726502,51.0825327],[16.9726396,51.0825385],[16.972629,51.0825443],[16.9726184,51.08255],[16.9726078,51.0825558],[16.9725976,51.0825619],[16.9725874,51.0825679],[16.9725772,51.082574],[16.972567,51.08258],[16.9725567,51.0825861],[16.9725465,51.0825921],[16.9725363,51.0825982],[16.9725261,51.0826043],[16.9725159,51.0826103],[16.9725057,51.0826164],[16.9724955,51.0826224],[16.9724852,51.0826285],[16.972475,51.0826345],[16.9724648,51.0826406],[16.9724546,51.0826466],[16.9724444,51.0826527],[16.9724348,51.082659],[16.9724251,51.0826653],[16.9724155,51.0826715],[16.9724059,51.0826778],[16.9723962,51.0826841],[16.9723866,51.0826904],[16.9723769,51.0826967],[16.9723673,51.0827029],[16.9723577,51.0827092],[16.972348,51.0827155],[16.9723384,51.0827218],[16.9723287,51.0827281],[16.9723191,51.0827344],[16.9723095,51.0827406],[16.9722998,51.0827469],[16.9722902,51.0827532],[16.9722813,51.0827602],[16.9722724,51.0827672],[16.9722636,51.0827742],[16.9722547,51.0827812],[16.9722458,51.0827881],[16.972237,51.0827951],[16.9722281,51.0828021],[16.9722192,51.0828091],[16.9722113,51.0828162],[16.9722034,51.0828234],[16.9721954,51.0828305],[16.9721875,51.0828377],[16.9721796,51.0828448],[16.9721717,51.0828519],[16.9721637,51.0828591],[16.9721558,51.0828662],[16.9721479,51.0828734],[16.97214,51.0828805],[16.972132,51.0828877],[16.9721241,51.0828948],[16.9721162,51.0829019],[16.9721083,51.0829091],[16.9720719,51.082932]]}},{"type":"Feature","properties":{"layer":"roads"},"geometry":{"type":"LineString","coordinates":[[16.972847,51.0824234],[16.9728082,51.0824027],[16.9727756,51.0823766]]}},{"type":"Feature","properties":{"layer":"roads"},"geometry":{"type":"LineString","coordinates":[[16.9720719,51.082932],[16.9720395,51.0829117],[16.9719944,51.0828929]]}},{"type":"Feature","properties":{"layer":"roads"},"geometry":{"type":"LineString","coordinates":[[16.9783795,51.0913587],[16.9784368,51.0913515],[16.9784789,51.0913509],[16.978493,51.0913508],[16.9785071,51.0913506],[16.9785211,51.0913504],[16.9785352,51.0913502],[16.9785482,51.0913493],[16.9785611,51.0913484],[16.9785741,51.0913475],[16.978587,51.0913466],[16.9786,51.0913457],[16.9786129,51.0913449],[16.9786259,51.091344],[16.9786388,51.0913431],[16.9786518,51.0913422],[16.9786647,51.0913413],[16.9786777,51.0913404],[16.9786906,51.091339],[16.9787036,51.0913377],[16.9787165,51.0913363],[16.9787294,51.0913349],[16.9787423,51.0913335],[16.9787553,51.0913322],[16.9787682,51.0913308],[16.9787814,51.0913285],[16.9787946,51.0913262],[16.9788078,51.0913239],[16.9788209,51.0913215],[16.9788341,51.0913192],[16.9788933,51.091336]]}},{"type":"Feature","properties":{"layer":"roads"},"geometry":{"type":"LineString","coordinates":[[16.9737653,51.0842559],[16.9737265,51.0842733],[16.9737203,51.0842813],[16.973714,51.0842893],[16.9737078,51.0842973],[16.9737016,51.0843053],[16.9736954,51.0843133],[16.9736892,51.0843213],[16.973683,51.0843293],[16.9736768,51.0843373],[16.9736706,51.0843453],[16.9736644,51.0843533],[16.9736582,51.0843613],[16.973652,51.0843693],[16.9736458,51.0843773],[16.9736396,51.0843853],[16.9736334,51.0843933],[16.9736272,51.0844013],[16.9736209,51.0844093],[16.9736147,51.0844173],[16.9736085,51.0844253],[16.9736023,51.0844333],[16.9735961,51.0844413],[16.9735899,51.0844493],[16.9735837,51.0844573],[16.9735775,51.0844653],[16.9735713,51.0844733],[16.9735651,51.0844813],[16.9735589,51.0844893],[16.9735527,51.0844973],[16.9735465,51.0845053],[16.9735403,51.0845133],[16.973534,51.0845213],[16.9735278,51.0845292],[16.9735216,51.0845372],[16.9735154,51.0845452],[16.9735092,51.0845532],[16.973503,51.0845612],[16.9734968,51.0845692],[16.9734906,51.0845772],[16.9734844,51.0845852],[16.9734782,51.0845932],[16.973472,51.0846012],[16.9734658,51.0846092],[16.9734596,51.0846172],[16.9734534,51.0846252],[16.9734472,51.0846332],[16.9734409,51.0846412],[16.9734347,51.0846492],[16.9734285,51.0846572],[16.9734223,51.0846652],[16.9734161,51.0846732],[16.9734099,51.0846812],[16.9734037,51.0846892],[16.9733975,51.0846972],[16.9733913,51.0847052],[16.9733851,51.0847132],[16.9733789,51.0847212],[16.9733727,51.0847292],[16.9733665,51.0847372],[16.9733603,51.0847452],[16.9733541,51.0847532],[16.9733478,51.0847612],[16.9733416,51.0847692],[16.9733354,51.0847772],[16.9733292,51.0847852],[16.973323,51.0847932],[16.9733168,51.0848012],[16.973295,51.0848287]]}},{"type":"Feature","properties":{"layer":"roads"},"geometry":{"type":"LineString","coordinates":[[16.9737653,51.0842559],[16.9737935,51.0842852],[16.9737977,51.0842937],[16.973802,51.0843023],[16.9738062,51.0843108],[16.9738105,51.0843194],[16.9738147,51.0843279],[16.973819,51.0843365],[16.9738232,51.084345],[16.9738275,51.0843536],[16.9738317,51.0843622],[16.973836,51.0843707],[16.9738402,51.0843793],[16.9738445,51.0843878],[16.9738487,51.0843964],[16.973853,51.0844049],[16.9738572,51.0844135],[16.9738615,51.084422],[16.9738657,51.0844306],[16.97387,51.0844391],[16.9738742,51.0844477],[16.9738785,51.0844562],[16.9738827,51.0844648],[16.973887,51.0844733],[16.9738912,51.0844819],[16.9738955,51.0844904],[16.9738998,51.084499],[16.973904,51.0845076],[16.9739083,51.0845161],[16.9739125,51.0845247],[16.9739168,51.0845332],[16.973921,51.0845418],[16.9739253,51.0845503],[16.9739295,51.0845589],[16.9739338,51.0845674],[16.973938,51.084576],[16.9739423,51.0845845],[16.9739465,51.0845931],[16.9739508,51.0846016],[16.973955,51.0846102],[16.9739593,51.0846187],[16.9739635,51.0846273],[16.9739678,51.0846358],[16.973972,51.0846444],[16.9739763,51.084653],[16.9739805,51.0846615],[16.9739848,51.0846701],[16.973989,51.0846786],[16.9739933,51.0846872],[16.9739975,51.0846957],[16.9740018,51.0847043],[16.974006,51.0847128],[16.9740103,51.0847214],[16.9740145,51.0847299],[16.9740188,51.0847385],[16.974023,51.084747],[16.9740273,51.0847556],[16.9740315,51.0847641],[16.9740519,51.0847708],[16.9741198,51.0847772]]}},{"type":"Feature","properties":{"layer":"roads"},"geometry":{"type":"LineString","coordinates":[[16.9774193,51.0892281],[16.9774085,51.0892645],[16.9773905,51.0892882],[16.9773846,51.0892961],[16.9773786,51.089304],[16.9773726,51.0893119],[16.9773666,51.0893198],[16.9773606,51.0893276],[16.9773546,51.0893355],[16.9773486,51.0893434],[16.9773426,51.0893513],[16.9773367,51.0893592],[16.9773307,51.0893671],[16.9773247,51.089375],[16.9773187,51.0893829],[16.9773127,51.0893908],[16.9773067,51.0893987],[16.9773007,51.0894066],[16.9772947,51.0894145],[16.9772887,51.0894224],[16.9772828,51.0894303],[16.9772768,51.0894382],[16.9772708,51.0894461],[16.9772648,51.089454],[16.9772588,51.0894618],[16.9772528,51.0894697],[16.9772468,51.0894776],[16.9772408,51.0894855],[16.9772349,51.0894934],[16.9772289,51.0895013],[16.9772229,51.0895092],[16.9772169,51.0895171],[16.9772109,51.089525],[16.977203,51.0895321],[16.9771952,51.0895392],[16.9771873,51.0895463],[16.9771795,51.0895534],[16.9771716,51.0895605],[16.9771637,51.0895676],[16.9771559,51.0895746],[16.977148,51.0895817],[16.9771401,51.0895888],[16.9771087,51.0896172]]}},{"type":"Feature","properties":{"layer":"roads"},"geometry":{"type":"LineString","coordinates":[[16.9774193,51.0892281],[16.9774605,51.0892117],[16.9774681,51.0892042],[16.9774758,51.0891967],[16.9774834,51.0891892],[16.9774911,51.0891818],[16.9774988,51.0891743],[16.9775064,51.0891668],[16.9775141,51.0891593],[16.9775217,51.0891518],[16.9775294,51.0891443],[16.9775371,51.0891369],[16.9775447,51.0891294],[16.9775524,51.0891219],[16.97756,51.0891144],[16.9775677,51.0891069],[16.9775754,51.0890994],[16.977583,51.089092],[16.9775907,51.0890845],[16.9775983,51.089077],[16.977606,51.0890695],[16.9776137,51.089062],[16.9776213,51.0890545],[16.977629,51.0890471],[16.9776366,51.0890396],[16.9776443,51.0890321],[16.977652,51.0890246],[16.9776596,51.0890171],[16.9776673,51.0890096],[16.9776749,51.0890022],[16.9776826,51.0889947],[16.9776903,51.0889872],[16.9776979,51.0889797],[16.9777056,51.0889722],[16.9777133,51.0889647],[16.9777209,51.0889573],[16.9777286,51.0889498],[16.9777362,51.0889423],[16.9777439,51.0889348],[16.9777516,51.0889273],[16.9777592,51.0889198],[16.9777669,51.0889124],[16.9777745,51.0889049],[16.9777822,51.0888974],[16.9777899,51.0888899],[16.9777975,51.0888824],[16.9778052,51.0888749],[16.9778128,51.0888675],[16.9778205,51.08886],[16.9778282,51.0888525],[16.9778358,51.088845],[16.9778435,51.0888375],[16.9778511,51.08883],[16.9778588,51.0888226],[16.9778665,51.0888151],[16.9778741,51.0888076],[16.9778818,51.0888001],[16.9778894,51.0887926],[16.9778971,51.0887851],[16.9779048,51.0887777],[16.9779124,51.0887702],[16.9779201,51.0887627],[16.9779277,51.0887552],[16.9779354,51.0887477],[16.9779431,51.0887402],[16.9779507,51.0887328],[16.9779584,51.0887253],[16.977966,51.0887178],[16.9779984,51.0886864]]}},{"type":"Feature","properties":{"layer":"roads"},"geometry":{"type":"LineString","coordinates":[[16.9774193,51.0892281],[16.9773945,51.0892047],[16.9773912,51.089196],[16.9773879,51.0891874],[16.9773846,51.0891788],[16.9773813,51.0891701],[16.9773779,51.0891614],[16.9773746,51.0891528],[16.9773701,51.0891447],[16.9773655,51.0891367],[16.977361,51.0891286],[16.9773565,51.0891206],[16.977352,51.0891125],[16.9773474,51.0891045],[16.9773429,51.0890964],[16.9773384,51.0890884],[16.9773338,51.0890803],[16.9773293,51.0890723],[16.9773248,51.0890642],[16.9773202,51.0890562],[16.9773157,51.0890481],[16.9773112,51.0890401],[16.9773067,51.089032],[16.9773021,51.089024],[16.9772976,51.0890159],[16.9772944,51.0890075],[16.9772912,51.0889991],[16.977288,51.0889908],[16.9772849,51.0889824],[16.9772817,51.088974],[16.9772785,51.0889656],[16.9772753,51.0889572],[16.9772721,51.0889488],[16.9772689,51.0889404],[16.9772658,51.0889321],[16.9772626,51.0889237],[16.9772594,51.0889153],[16.9772562,51.0889069],[16.977253,51.0888985],[16.9772426,51.088871],[16.9772284,51.0888261]]}},{"type":"Feature","properties":{"layer":"roads"},"geometry":{"type":"LineString","coordinates":[[16.9779518,51.0833657],[16.9779345,51.0833394],[16.9779304,51.083331],[16.9779231,51.0833235],[16.9779159,51.0833159],[16.9779086,51.0833084],[16.9779014,51.0833008],[16.9778941,51.0832933],[16.9778868,51.0832857],[16.9778796,51.0832782],[16.9778723,51.0832706],[16.977865,51.083263],[16.9778578,51.0832555],[16.9778505,51.083248],[16.9778432,51.0832404],[16.977836,51.0832329],[16.9778287,51.0832253],[16.9778215,51.0832178],[16.9778142,51.0832102],[16.977805,51.0832035],[16.9777958,51.0831968],[16.9777867,51.08319],[16.9777775,51.0831833],[16.9777683,51.0831766],[16.9777592,51.0831699],[16.97775,51.0831632],[16.9777408,51.0831564],[16.9777316,51.0831497],[16.9777225,51.083143],[16.9777133,51.0831363],[16.9777041,51.0831296],[16.9776949,51.0831228],[16.9776857,51.0831161],[16.9776766,51.0831094],[16.9776674,51.0831027],[16.9776582,51.0830959],[16.9776491,51.0830892],[16.9776399,51.0830825],[16.9776307,51.0830758],[16.977594,51.0830489]]}},{"type":"Feature","properties":{"layer":"roads"},"geometry":{"type":"LineString","coordinates":[[16.9797078,51.0848029],[16.9797189,51.0848302],[16.9797226,51.0848387],[16.9797262,51.0848472],[16.9797299,51.0848558],[16.9797335,51.0848643],[16.9797371,51.0848728],[16.9797408,51.0848813],[16.9797444,51.0848899],[16.9797481,51.0848984],[16.9797517,51.0849069],[16.9797554,51.0849155],[16.979759,51.084924],[16.9797626,51.0849325],[16.9797663,51.084941],[16.9797699,51.0849496],[16.9797736,51.0849581],[16.9797772,51.0849666],[16.9797808,51.0849751],[16.9797845,51.0849837],[16.9797881,51.0849922],[16.9797918,51.0850007],[16.9797954,51.0850093],[16.9797991,51.0850178],[16.9798027,51.0850263],[16.9798063,51.0850348],[16.97981,51.0850434],[16.9798136,51.0850519],[16.9798173,51.0850604],[16.9798209,51.0850689],[16.9798246,51.0850775],[16.9798282,51.085086],[16.9798294,51.0850948],[16.9798306,51.0851036],[16.9798317,51.0851123],[16.9798329,51.0851211],[16.9798341,51.0851299],[16.9798353,51.0851387],[16.9798365,51.0851474],[16.9798376,51.0851562],[16.9798388,51.085165],[16.97984,51.0851738],[16.9798412,51.0851826],[16.9798424,51.0851913],[16.9798436,51.0852001],[16.9798447,51.0852089],[16.9798459,51.0852177],[16.9798471,51.0852265],[16.9798483,51.0852352],[16.9798495,51.085244],[16.9798506,51.0852528],[16.9798518,51.0852616],[16.979853,51.0852703],[16.9798542,51.0852791],[16.9798554,51.0852879],[16.9798565,51.0852967],[16.9798577,51.0853055],[16.9798589,51.0853142],[16.9798601,51.085323],[16.9798613,51.0853318],[16.9798625,51.0853406],[16.9798636,51.0853494],[16.9798465,51.0853787]]}},{"type":"Feature","properties":{"layer":"roads"},"geometry":{"type":"LineString","coordinates":[[16.9797078,51.0848029],[16.9796538,51.0848073],[16.9796403,51.084808],[16.9796268,51.0848087],[16.9796132,51.0848094],[16.9795997,51.0848101],[16.9795861,51.0848108],[16.9795726,51.0848115],[16.9795591,51.0848122],[16.9795184,51.0848142],[16.9794743,51.0848116]]}},{"type":"Feature","properties":{"layer":"roads"},"geometry":{"type":"LineString","coordinates":[[16.9798465,51.0853787],[16.9797983,51.0853644],[16.9797891,51.0853586],[16.9797799,51.0853528],[16.979768,51.085348],[16.9797561,51.0853432],[16.9797442,51.0853384],[16.9797323,51.0853336],[16.9797205,51.0853288],[16.9797086,51.085324],[16.9796967,51.0853192],[16.9796848,51.0853144],[16.9796729,51.0853096],[16.979661,51.0853048],[16.9796479,51.085303],[16.9796349,51.0853012],[16.9796218,51.0852994],[16.9796088,51.0852977],[16.9795957,51.0852959],[16.9795826,51.0852941],[16.9795696,51.0852923],[16.9795565,51.0852905],[16.9795435,51.0852887],[16.9795304,51.0852869],[16.9795173,51.0852851],[16.9795043,51.0852834],[16.9794508,51.0852742]]}},{"type":"Feature","properties":{"layer":"roads"},"geometry":{"type":"LineString","coordinates":[[16.9806727,51.0874014],[16.9806772,51.0874377],[16.9806798,51.0874465],[16.9806824,51.0874553],[16.9806851,51.0874641],[16.9806877,51.0874729],[16.9806903,51.0874817],[16.980693,51.0874905],[16.9806956,51.0874993],[16.9806983,51.0875081],[16.9807009,51.0875169],[16.9807035,51.0875257],[16.9807062,51.0875346],[16.9807088,51.0875434],[16.9807115,51.0875522],[16.9807141,51.087561],[16.9807167,51.0875698],[16.9807194,51.0875786],[16.980722,51.0875874],[16.9807246,51.0875962],[16.9807273,51.087605],[16.9807299,51.0876138],[16.9807326,51.0876226],[16.9807352,51.0876314],[16.9807378,51.0876402],[16.9807405,51.087649],[16.9807431,51.0876578],[16.9807458,51.0876666],[16.9807484,51.0876754],[16.980751,51.0876842],[16.9807537,51.087693],[16.9807563,51.0877018],[16.980759,51.0877106],[16.9807616,51.0877194],[16.9807642,51.0877282],[16.9807669,51.087737],[16.9807695,51.0877458],[16.9807721,51.0877546],[16.9807748,51.0877634],[16.9807774,51.0877722],[16.9807801,51.0877811],[16.9807827,51.0877899],[16.9807853,51.0877987],[16.980788,51.0878075],[16.9807906,51.0878163],[16.9807933,51.0878251],[16.9807959,51.0878339],[16.9807985,51.0878427],[16.9808012,51.0878515],[16.9808038,51.0878603],[16.9808064,51.0878691],[16.9808091,51.0878779],[16.9808117,51.0878867],[16.9808144,51.0878955],[16.980818,51.087914],[16.9808147,51.0879594]]}},{"type":"Feature","properties":{"layer":"roads"},"geometry":{"type":"LineString","coordinates":[[16.9806727,51.0874014],[16.9807216,51.0873926],[16.9807353,51.0873901],[16.980749,51.0873876],[16.9807628,51.0873852],[16.9807765,51.0873827],[16.9807903,51.0873802],[16.980804,51.0873777],[16.9808177,51.0873753],[16.9808315,51.0873728],[16.9808452,51.0873703],[16.980859,51.0873678],[16.9808727,51.0873653],[16.9808865,51.0873629],[16.9809002,51.0873604],[16.9809139,51.0873579],[16.9809277,51.0873554],[16.9809414,51.087353],[16.9809552,51.0873505],[16.9809689,51.087348],[16.9809817,51.0873454],[16.9809944,51.0873428],[16.9810072,51.0873402],[16.98102,51.0873376],[16.9810327,51.087335],[16.9810455,51.0873324],[16.9810582,51.0873298],[16.981071,51.0873272],[16.9811221,51.087316]]}},{"type":"Feature","properties":{"layer":"roads"},"geometry":{"type":"LineString","coordinates":[[16.9806727,51.0874014],[16.9806539,51.0873674],[16.9806507,51.0873587],[16.9806476,51.0873499],[16.9806444,51.0873412],[16.9806349,51.0873149],[16.9806073,51.0872819]]}},{"type":"Feature","properties":{"layer":"roads"},"geometry":{"type":"LineString","coordinates":[[16.9805516,51.0871153],[16.9805707,51.0871416],[16.9805739,51.0871503],[16.9805771,51.0871589],[16.9805803,51.0871676],[16.9805835,51.0871763],[16.9805867,51.0871849],[16.9805899,51.0871936],[16.9805931,51.0872022],[16.9805964,51.0872109],[16.9805996,51.0872195],[16.9806028,51.0872282],[16.980606,51.0872368],[16.9806092,51.0872455],[16.9806124,51.0872542],[16.9806073,51.0872819]]}},{"type":"Feature","properties":{"layer":"roads"},"geometry":{"type":"LineString","coordinates":[[16.9805516,51.0871153],[16.980508,51.0871221],[16.9804955,51.0871259],[16.980483,51.0871296],[16.9804706,51.0871334],[16.9804581,51.0871372],[16.9804457,51.0871409],[16.9804332,51.0871447],[16.9804207,51.0871485],[16.9804083,51.0871522],[16.9803958,51.087156],[16.9803834,51.0871598],[16.9803709,51.0871635],[16.9803249,51.0871829]]}},{"type":"Feature","properties":{"layer":"roads"},"geometry":{"type":"LineString","coordinates":[[16.97528,51.0830895],[16.975326,51.0830971],[16.9753366,51.0831022],[16.9753473,51.0831072],[16.975357,51.0831126],[16.9753667,51.0831181],[16.9753764,51.0831235],[16.975386,51.0831289],[16.9753957,51.0831343],[16.9754054,51.0831398],[16.9754151,51.0831452],[16.9754279,51.0831491],[16.9754406,51.083153],[16.9754534,51.0831569],[16.9754662,51.0831608],[16.9754789,51.0831647],[16.9754917,51.0831686],[16.9755038,51.0831711],[16.9755159,51.0831736],[16.975528,51.0831761],[16.9755401,51.0831786],[16.9755523,51.0831811],[16.9755644,51.0831836],[16.9755765,51.0831861],[16.9755886,51.0831886],[16.9756007,51.0831911],[16.9756147,51.0831926],[16.9756286,51.0831941],[16.9756425,51.0831955],[16.9756565,51.083197],[16.9756704,51.0831985],[16.9756844,51.0832],[16.9756984,51.0832014],[16.9757123,51.0832029],[16.9757263,51.0832044],[16.9757402,51.0832058],[16.9757542,51.0832073],[16.9757681,51.0832088],[16.975781,51.0832119],[16.975794,51.0832151],[16.9758069,51.0832182],[16.9758199,51.0832213],[16.9758328,51.0832244],[16.9758458,51.0832276],[16.9758587,51.0832307],[16.9758717,51.0832338],[16.9758846,51.0832369],[16.9758976,51.0832401],[16.9759105,51.0832432],[16.9759212,51.0832476],[16.9759318,51.0832521],[16.9759425,51.0832565],[16.9759532,51.083261],[16.9759639,51.0832654],[16.9759745,51.0832699],[16.9759852,51.0832743],[16.9759962,51.0832794],[16.9760071,51.0832844],[16.9760181,51.0832895],[16.9760601,51.083311]]}},{"type":"Feature","properties":{"layer":"roads"},"geometry":{"type":"LineString","coordinates":[[16.97528,51.0830895],[16.9752789,51.0831227],[16.9752832,51.0831312],[16.9752874,51.0831398],[16.9752917,51.0831483],[16.975296,51.0831569],[16.9753003,51.0831655],[16.9753046,51.083174],[16.9753088,51.0831826],[16.9753131,51.0831911],[16.9753174,51.0831997],[16.9753185,51.0832087],[16.9753195,51.0832176],[16.9753206,51.0832266],[16.97532,51.0832611]]}},{"type":"Feature","properties":{"layer":"roads"},"geometry":{"type":"LineString","coordinates":[[16.9760601,51.083311],[16.9760114,51.0833222],[16.9759975,51.0833218],[16.9759837,51.0833213],[16.9759698,51.0833209],[16.9759559,51.0833204],[16.975942,51.0833199],[16.9759281,51.0833195],[16.9759142,51.083319],[16.9759003,51.0833186],[16.9758864,51.0833181],[16.9758725,51.0833176],[16.9758586,51.0833172],[16.9758447,51.0833167],[16.9758308,51.0833162],[16.9758169,51.0833158],[16.975803,51.0833153],[16.9757892,51.0833149],[16.9757753,51.0833144],[16.9757614,51.0833139],[16.9757475,51.0833135],[16.9757336,51.083313],[16.9757197,51.0833126],[16.9757058,51.0833121],[16.9756923,51.0833108],[16.9756789,51.0833094],[16.9756654,51.0833081],[16.9756519,51.0833068],[16.9756384,51.0833055],[16.975625,51.0833041],[16.9756115,51.0833028],[16.975598,51.0833015],[16.9755846,51.0833001],[16.9755711,51.0832988],[16.9755576,51.0832975],[16.9755442,51.0832961],[16.9755307,51.0832948],[16.9755172,51.0832935],[16.9755037,51.0832922],[16.9754903,51.0832908],[16.9754768,51.0832895],[16.9754641,51.0832872],[16.9754515,51.083285],[16.9754388,51.0832827],[16.9754261,51.0832805],[16.9754135,51.0832782],[16.9754008,51.083276],[16.9753881,51.0832737],[16.9753755,51.0832714],[16.9753628,51.0832692],[16.97532,51.0832611]]}},{"type":"Feature","properties":{"layer":"roads"},"geometry":{"type":"LineString","coordinates":[[16.9760601,51.083311],[16.9760889,51.0832852],[16.9760853,51.0832773],[16.9760817,51.0832694],[16.9760781,51.0832614],[16.9760745,51.0832535],[16.976071,51.0832455],[16.9760674,51.0832376],[16.9760602,51.08323],[16.976053,51.0832223],[16.9760459,51.0832147],[16.9760387,51.083207],[16.9760315,51.0831994],[16.9760243,51.0831917],[16.9760171,51.0831841],[16.97601,51.0831764],[16.9760028,51.0831688],[16.9759956,51.0831611],[16.9759884,51.0831535],[16.9759812,51.0831458],[16.9759741,51.0831382],[16.9759669,51.0831305],[16.9759597,51.0831229],[16.9759525,51.0831154],[16.9759452,51.0831079],[16.975938,51.0831003],[16.9759307,51.0830928],[16.9759235,51.0830853],[16.9759163,51.0830778],[16.975909,51.0830702],[16.9759018,51.0830627],[16.9758946,51.0830552],[16.9758656,51.0830251]]}},{"type":"Feature","properties":{"layer":"roads"},"geometry":{"type":"LineString","coordinates":[[16.9769216,51.0879415],[16.9769021,51.0879142],[16.9768989,51.0879055],[16.9768958,51.0878969],[16.9768926,51.0878883],[16.9768895,51.0878796],[16.9768863,51.087871],[16.9768832,51.0878624],[16.97688,51.0878537],[16.9768768,51.0878451],[16.9768737,51.0878365],[16.9768705,51.0878278],[16.9768674,51.0878192],[16.9768642,51.0878106],[16.9768611,51.0878019],[16.9768579,51.0877933],[16.9768548,51.0877847],[16.9768516,51.087776],[16.9768485,51.0877674],[16.9768453,51.0877588],[16.9768421,51.0877501],[16.976839,51.0877415],[16.9768358,51.0877329],[16.9768327,51.0877242],[16.9768295,51.0877156],[16.9768264,51.087707],[16.9768232,51.0876983],[16.9768043,51.0876647]]}},{"type":"Feature","properties":{"layer":"roads"},"geometry":{"type":"LineString","coordinates":[[16.9769216,51.0879415],[16.9769687,51.0879399],[16.9769822,51.0879377],[16.9769957,51.0879355],[16.9770092,51.0879333],[16.9770227,51.0879311],[16.9770362,51.0879289],[16.9770497,51.0879267],[16.9770632,51.0879245],[16.9770767,51.0879223],[16.9770902,51.0879201],[16.9771037,51.0879179],[16.9771172,51.0879157],[16.9771308,51.0879135],[16.9771443,51.0879112],[16.9771578,51.087909],[16.9771713,51.0879068],[16.9771848,51.0879046],[16.9771983,51.0879024],[16.9772118,51.0879002],[16.9772253,51.087898],[16.9772388,51.0878958],[16.9772523,51.0878936],[16.9772658,51.0878914],[16.9772793,51.0878892],[16.9772928,51.087887],[16.9773063,51.0878848],[16.9773198,51.0878826],[16.9773333,51.0878804],[16.9773468,51.0878782],[16.9773607,51.0878764],[16.9773746,51.0878745],[16.9773885,51.0878727],[16.9774024,51.0878709],[16.9774164,51.0878691],[16.9774303,51.0878673],[16.9774442,51.0878654],[16.9774581,51.0878636],[16.977472,51.0878618],[16.9774859,51.0878599],[16.9774998,51.0878581],[16.9775137,51.0878563],[16.9775276,51.0878545],[16.9775416,51.0878527],[16.9775555,51.0878508],[16.9775694,51.087849],[16.9775833,51.0878472],[16.9775972,51.0878453],[16.9776111,51.0878435],[16.977625,51.0878417],[16.9776389,51.0878399],[16.9776528,51.0878381],[16.9776668,51.0878362],[16.9776807,51.0878344],[16.9776946,51.0878326],[16.9777085,51.0878307],[16.9777224,51.0878289],[16.9777363,51.0878271],[16.9777502,51.0878253],[16.9777641,51.0878235],[16.977778,51.0878216],[16.977792,51.0878198],[16.9778461,51.0878085]]}},{"type":"Feature","properties":{"layer":"roads"},"geometry":{"type":"LineString","coordinates":[[16.9810542,51.0865149],[16.9811041,51.0865017],[16.981116,51.0864972],[16.981128,51.0864927],[16.9811399,51.0864882],[16.9811519,51.0864837],[16.9811639,51.0864792],[16.9811758,51.0864747],[16.9811878,51.0864702],[16.9811998,51.0864657],[16.9812117,51.0864611],[16.9812237,51.0864566],[16.9812357,51.0864521],[16.9812476,51.0864476],[16.9812596,51.0864431],[16.9812716,51.0864386],[16.9812835,51.0864341],[16.9812955,51.0864296],[16.9813074,51.0864251],[16.9813194,51.0864206],[16.9813314,51.0864161],[16.9813433,51.0864116],[16.9813553,51.0864071],[16.9813677,51.0864026],[16.98138,51.0863982],[16.9813924,51.0863937],[16.9814047,51.0863892],[16.9814171,51.0863848],[16.9814294,51.0863803],[16.9814418,51.0863758],[16.9814541,51.0863714],[16.9814665,51.0863669],[16.9814788,51.0863624],[16.9814912,51.086358],[16.9815035,51.0863535],[16.9815159,51.086349],[16.9815282,51.0863446],[16.9815406,51.0863401],[16.9815529,51.0863356],[16.9815653,51.0863312],[16.9815776,51.0863267],[16.9816204,51.086311]]}},{"type":"Feature","properties":{"layer":"roads"},"geometry":{"type":"LineString","coordinates":[[16.9830253,51.0916944],[16.9829972,51.0916694],[16.9829854,51.091665],[16.9829736,51.0916606],[16.9829617,51.0916561],[16.9829499,51.0916517],[16.9829381,51.0916473],[16.9829262,51.0916429],[16.9829144,51.0916385],[16.9829025,51.0916341],[16.9828907,51.0916297],[16.9828789,51.0916248],[16.9828671,51.0916199],[16.9828554,51.091615],[16.9828436,51.0916101],[16.9828318,51.0916052],[16.98282,51.0916003],[16.9828083,51.0915954],[16.9827965,51.0915906],[16.9827847,51.0915857],[16.9827729,51.0915808],[16.9827612,51.0915759],[16.9827494,51.091571],[16.9827376,51.0915661],[16.9827258,51.0915612],[16.9827141,51.0915563],[16.9827023,51.0915514],[16.9826905,51.0915465],[16.9826787,51.0915416],[16.982667,51.0915367],[16.9826552,51.0915318],[16.9826434,51.091527],[16.9826316,51.0915221],[16.9826199,51.0915172],[16.9826081,51.0915123],[16.9825963,51.0915074],[16.9825845,51.0915025],[16.9825728,51.0914976],[16.982561,51.0914927],[16.9825492,51.0914878],[16.9825374,51.0914829],[16.9825257,51.091478],[16.9825139,51.0914731],[16.9825021,51.0914682],[16.9824903,51.0914633],[16.9824786,51.0914584],[16.9824668,51.0914536],[16.982455,51.0914487],[16.9824432,51.0914438],[16.9824315,51.0914389],[16.9824197,51.091434],[16.9824079,51.0914291],[16.9823961,51.0914242],[16.9823844,51.0914193],[16.9823726,51.0914144],[16.9823608,51.0914095],[16.982349,51.0914046],[16.9823373,51.0913997],[16.9823255,51.0913948],[16.9823137,51.0913899],[16.982302,51.0913851],[16.9822902,51.0913802],[16.9822784,51.0913753],[16.9822464,51.091356]]}},{"type":"Feature","properties":{"layer":"roads"},"geometry":{"type":"LineString","coordinates":[[16.9830253,51.0916944],[16.9830968,51.0916953],[16.9831401,51.0917032]]}},{"type":"Feature","properties":{"layer":"roads"},"geometry":{"type":"LineString","coordinates":[[16.9822464,51.091356],[16.9822993,51.091344],[16.9823129,51.0913417],[16.9823265,51.0913394],[16.9823401,51.091337],[16.9823537,51.0913347],[16.9823673,51.0913324],[16.9823809,51.09133],[16.9823945,51.0913277],[16.9824081,51.0913254],[16.9824217,51.091323],[16.9824353,51.0913207],[16.9824489,51.0913184],[16.9824625,51.091316],[16.9824761,51.0913137],[16.9824897,51.0913114],[16.9825033,51.091309],[16.9825168,51.0913067],[16.9825304,51.0913044],[16.982544,51.091302],[16.9825576,51.0912997],[16.9825712,51.0912974],[16.9825848,51.091295],[16.9825984,51.0912927],[16.982612,51.0912904],[16.9826256,51.091288],[16.9826392,51.0912857],[16.9826528,51.0912834],[16.9826664,51.091281],[16.98268,51.0912787],[16.9826936,51.0912764],[16.9827072,51.091274],[16.9827208,51.0912717],[16.9827344,51.0912694],[16.982748,51.091267],[16.9827616,51.0912647],[16.9827752,51.0912624],[16.9827888,51.09126],[16.9828024,51.0912577],[16.9828159,51.091256],[16.9828294,51.0912543],[16.9828429,51.0912527],[16.9828564,51.091251],[16.9828699,51.0912493],[16.9828834,51.0912476],[16.9828969,51.0912459],[16.9829104,51.0912442],[16.9829537,51.0912328]]}},{"type":"Feature","properties":{"layer":"roads"},"geometry":{"type":"LineString","coordinates":[[16.9822464,51.091356],[16.9821874,51.0913339],[16.9821764,51.0913285],[16.9821654,51.091323],[16.9821544,51.0913176],[16.9821435,51.0913121],[16.9821325,51.0913067],[16.9821215,51.0913013],[16.9821105,51.0912958],[16.9820995,51.0912904],[16.9820886,51.0912849],[16.9820776,51.0912795],[16.9820666,51.091274],[16.9820556,51.0912686],[16.9820446,51.0912631],[16.9820337,51.0912577],[16.9820227,51.0912522],[16.9820117,51.0912468],[16.9820018,51.0912406],[16.9819919,51.0912344],[16.981982,51.0912282],[16.9819721,51.091222],[16.9819623,51.0912158],[16.9819524,51.0912095],[16.9819425,51.0912033],[16.9819326,51.0911971],[16.9819227,51.0911909],[16.9819128,51.0911847],[16.9819029,51.0911785],[16.981893,51.0911723],[16.9818831,51.0911661],[16.9818413,51.091156]]}},{"type":"Feature","properties":{"layer":"roads"},"geometry":{"type":"LineString","coordinates":[[16.9778461,51.0878085],[16.9778567,51.0878387],[16.9778598,51.0878475],[16.9778628,51.0878562],[16.9778659,51.0878649],[16.9778689,51.0878737],[16.977872,51.0878824],[16.977875,51.0878911],[16.9778781,51.0878999],[16.9778811,51.0879086],[16.9778841,51.0879174],[16.9778872,51.0879261],[16.9778902,51.0879348],[16.9778933,51.0879436],[16.9778963,51.0879523],[16.9778994,51.087961],[16.9779024,51.0879698],[16.9779055,51.0879785],[16.9779085,51.0879873],[16.9779116,51.087996],[16.9779146,51.0880047],[16.9779176,51.0880135],[16.9779207,51.0880222],[16.9779237,51.088031],[16.9779268,51.0880397],[16.9779298,51.0880484],[16.9779329,51.0880572],[16.9779359,51.0880659],[16.977939,51.0880746],[16.977942,51.0880834],[16.9779451,51.0880921],[16.9779481,51.0881009],[16.9779512,51.0881096],[16.9779542,51.0881183],[16.9779572,51.0881271],[16.9779603,51.0881358],[16.9779633,51.0881446],[16.9779664,51.0881533],[16.9779694,51.088162],[16.9779725,51.0881708],[16.9779755,51.0881795],[16.9779786,51.0881882],[16.9779816,51.088197],[16.9779847,51.0882057],[16.9779877,51.0882145],[16.9779907,51.0882232],[16.9779938,51.0882319],[16.9779968,51.0882407],[16.9779999,51.0882494],[16.9780029,51.0882582],[16.978006,51.0882669],[16.978009,51.0882756],[16.9780121,51.0882844],[16.9780151,51.0882931],[16.9780182,51.0883018],[16.9780212,51.0883106],[16.9780242,51.0883193],[16.9780273,51.0883281],[16.9780303,51.0883368],[16.9780334,51.0883455],[16.9780364,51.0883543],[16.9780395,51.088363],[16.9780425,51.0883717],[16.9780456,51.0883805],[16.9780486,51.0883892],[16.9780517,51.088398],[16.9780616,51.0884387]]}},{"type":"Feature","properties":{"layer":"roads"},"geometry":{"type":"LineString","coordinates":[[16.9778461,51.0878085],[16.9778345,51.0877781],[16.9778313,51.0877695],[16.977828,51.0877608],[16.9778247,51.0877522],[16.9778215,51.0877436],[16.9778182,51.087735],[16.9778149,51.0877264],[16.9778116,51.0877178],[16.9778084,51.0877092],[16.9778051,51.0877006],[16.9778018,51.087692],[16.9777986,51.0876834],[16.9777953,51.0876747],[16.977792,51.0876661],[16.9777888,51.0876575],[16.9777855,51.0876489],[16.9777822,51.0876403],[16.977779,51.0876317],[16.9777757,51.0876231],[16.9777724,51.0876145],[16.9777692,51.0876059],[16.9777659,51.0875973],[16.9777626,51.0875887],[16.9777593,51.08758],[16.9777561,51.0875714],[16.9777495,51.0875361]]}},{"type":"Feature","properties":{"layer":"roads"},"geometry":{"type":"LineString","coordinates":[[16.9763815,51.0864901],[16.976376,51.0864543],[16.9763732,51.0864456],[16.9763703,51.0864369],[16.9763674,51.0864282],[16.9763645,51.0864195],[16.9763616,51.0864108],[16.9763587,51.0864021],[16.9763558,51.0863934],[16.9763529,51.0863847],[16.9763501,51.086376],[16.9763472,51.0863673],[16.9763443,51.0863586],[16.9763414,51.0863499],[16.9763385,51.0863412],[16.9763356,51.0863325],[16.9763327,51.0863238],[16.9763298,51.0863151],[16.976327,51.0863064],[16.9763241,51.0862977],[16.9763212,51.086289],[16.9763183,51.0862803],[16.9763154,51.0862716],[16.9763125,51.0862629],[16.9763096,51.0862542],[16.9763067,51.0862455],[16.9763039,51.0862368],[16.976301,51.0862281],[16.9762981,51.0862194],[16.9762952,51.0862107],[16.9762923,51.086202],[16.9762894,51.0861933],[16.9762865,51.0861846],[16.9762836,51.0861759],[16.9762808,51.0861672],[16.9762779,51.0861585],[16.9762615,51.086133]]}},{"type":"Feature","properties":{"layer":"roads"},"geometry":{"type":"LineString","coordinates":[[16.9763815,51.0864901],[16.9763335,51.0864981],[16.97632,51.0865003],[16.9763065,51.0865025],[16.9762929,51.0865048],[16.9762794,51.086507],[16.9762659,51.0865093],[16.9762524,51.0865115],[16.9762389,51.0865137],[16.9762253,51.086516],[16.9762118,51.0865182],[16.9761983,51.0865204],[16.9761848,51.0865227],[16.9761712,51.0865249],[16.9761577,51.0865272],[16.9761442,51.0865294],[16.9761343,51.0865356],[16.9761244,51.0865417],[16.9761146,51.0865479],[16.9761047,51.0865541],[16.9760948,51.0865602],[16.9760849,51.0865664],[16.9760751,51.0865726],[16.9760652,51.0865788],[16.9760553,51.0865849],[16.9760454,51.0865911],[16.9760356,51.0865973],[16.9760257,51.0866034],[16.9760158,51.0866096],[16.9760212,51.0866174],[16.9760265,51.0866252],[16.9760319,51.0866329],[16.9760372,51.0866407],[16.9760426,51.0866485],[16.9760479,51.0866563],[16.9760533,51.0866641],[16.9760586,51.0866719],[16.976064,51.0866796],[16.9760693,51.0866874],[16.9760747,51.0866952],[16.9760682,51.0867026],[16.9760617,51.0867101],[16.9760552,51.0867175],[16.9760487,51.086725],[16.9760422,51.0867324],[16.9760357,51.0867399],[16.9760292,51.0867473],[16.9760227,51.0867547],[16.9760162,51.0867622],[16.9760097,51.0867696],[16.9759888,51.0867934]]}},{"type":"Feature","properties":{"layer":"roads"},"geometry":{"type":"LineString","coordinates":[[16.9763815,51.0864901],[16.9764,51.0865233],[16.9764031,51.0865319],[16.9764062,51.0865404],[16.9764093,51.086549],[16.9764124,51.0865576],[16.9764155,51.0865661],[16.9764186,51.0865747],[16.9764217,51.0865832],[16.9764248,51.0865918],[16.9764279,51.0866003],[16.976431,51.0866089],[16.9764341,51.0866174],[16.9764373,51.086626],[16.9764404,51.0866346],[16.9764435,51.0866431],[16.9764466,51.0866517],[16.9764497,51.0866602],[16.9764528,51.0866688],[16.9764559,51.0866773],[16.976459,51.0866859],[16.9764621,51.0866944],[16.9764652,51.086703],[16.9764683,51.0867116],[16.9764714,51.0867201],[16.9764745,51.0867287],[16.9764809,51.086764]]}},{"type":"Feature","properties":{"layer":"roads"},"geometry":{"type":"LineString","coordinates":[[16.9764809,51.086764],[16.9765001,51.0867976],[16.9765034,51.0868063],[16.9765066,51.086815],[16.9765099,51.0868237],[16.9765132,51.0868324],[16.9765165,51.086841],[16.9765198,51.0868497],[16.9765231,51.0868584],[16.9765264,51.0868671],[16.9765297,51.0868758],[16.976533,51.0868845],[16.9765363,51.0868931],[16.9765395,51.0869018],[16.9765428,51.0869105],[16.9765461,51.0869192],[16.9765494,51.0869279],[16.9765527,51.0869366],[16.976556,51.0869452],[16.9765593,51.0869539],[16.9765626,51.0869626],[16.9765659,51.0869713],[16.9765691,51.08698],[16.9765724,51.0869887],[16.9765757,51.0869973],[16.976579,51.087006],[16.9765966,51.0870381]]}},{"type":"Feature","properties":{"layer":"roads"},"geometry":{"type":"LineString","coordinates":[[16.9764809,51.086764],[16.9764338,51.0867718],[16.9764205,51.086774],[16.9764072,51.0867762],[16.9763939,51.0867784],[16.9763803,51.0867801],[16.9763667,51.0867819],[16.9763531,51.0867836],[16.9763396,51.0867853],[16.976326,51.086787],[16.9763124,51.0867888],[16.9762988,51.0867905],[16.9762852,51.0867922],[16.9762716,51.0867939],[16.976258,51.0867957],[16.9762444,51.0867974],[16.9762309,51.0867991],[16.9762173,51.0868008],[16.9762037,51.0868026],[16.9761901,51.0868043],[16.9761759,51.0868049],[16.9761617,51.0868055],[16.9761475,51.086806],[16.9761333,51.0868066],[16.9761192,51.0868072],[16.976105,51.0868078],[16.9760908,51.0868083],[16.9760766,51.0868089],[16.9760624,51.0868095],[16.9760493,51.0868078],[16.9760362,51.0868061],[16.9759888,51.0867934]]}},{"type":"Feature","properties":{"layer":"roads"},"geometry":{"type":"LineString","coordinates":[[16.9768043,51.0876647],[16.9768523,51.0876581],[16.9768663,51.0876562],[16.9768802,51.0876543],[16.9768941,51.0876524],[16.976908,51.0876506],[16.9769219,51.0876487],[16.9769358,51.0876468],[16.9769498,51.0876449],[16.9769637,51.087643],[16.9769776,51.0876411],[16.9769915,51.0876392],[16.9770054,51.0876373],[16.9770193,51.0876354],[16.9770333,51.0876335],[16.9770472,51.0876316],[16.9770611,51.0876297],[16.977075,51.0876278],[16.9770889,51.0876259],[16.9771028,51.0876241],[16.9771168,51.0876222],[16.9771307,51.0876203],[16.9771446,51.0876184],[16.9771585,51.0876165],[16.9771724,51.0876146],[16.9771863,51.0876127],[16.9772003,51.0876108],[16.9772142,51.0876089],[16.9772281,51.087607],[16.977242,51.0876051],[16.9772559,51.0876032],[16.9772698,51.0876013],[16.9772838,51.0875995],[16.9772977,51.0875976],[16.9773116,51.0875957],[16.9773255,51.0875938],[16.9773394,51.0875919],[16.9773533,51.08759],[16.9773673,51.0875881],[16.9773812,51.0875862],[16.9773951,51.0875843],[16.977409,51.0875824],[16.9774229,51.0875805],[16.9774368,51.0875786],[16.9774508,51.0875767],[16.9774647,51.0875749],[16.9774786,51.087573],[16.9774925,51.0875711],[16.9775064,51.0875692],[16.9775203,51.0875673],[16.9775343,51.0875654],[16.9775482,51.0875635],[16.9775621,51.0875616],[16.977576,51.0875597],[16.9775899,51.0875578],[16.9776038,51.0875559],[16.9776178,51.087554],[16.9776317,51.0875521],[16.9776456,51.0875502],[16.9776595,51.0875484],[16.9776734,51.0875465],[16.9776873,51.0875446],[16.9777013,51.0875427],[16.9777495,51.0875361]]}},{"type":"Feature","properties":{"layer":"roads"},"geometry":{"type":"LineString","coordinates":[[16.9768043,51.0876647],[16.9767982,51.0876289],[16.9767951,51.0876202],[16.9767921,51.0876115],[16.976789,51.0876027],[16.9767859,51.087594],[16.9767828,51.0875853],[16.9767797,51.0875766],[16.9767766,51.0875679],[16.9767735,51.0875591],[16.9767704,51.0875504],[16.9767673,51.0875417],[16.9767642,51.087533],[16.9767611,51.0875243],[16.976758,51.0875155],[16.976755,51.0875068],[16.9767519,51.0874981],[16.9767488,51.0874894],[16.9767457,51.0874806],[16.9767426,51.0874719],[16.976736,51.0874533],[16.9767278,51.0874303],[16.9767249,51.087422],[16.9767185,51.087404],[16.9767089,51.087377],[16.9766929,51.0873491]]}},{"type":"Feature","properties":{"layer":"roads"},"geometry":{"type":"LineString","coordinates":[[16.9777495,51.0875361],[16.9777982,51.0875288],[16.977812,51.0875267],[16.9778258,51.0875247],[16.9778397,51.0875226],[16.9778535,51.0875206],[16.9778673,51.0875185],[16.9778811,51.0875165],[16.9778949,51.0875145],[16.9779087,51.0875124],[16.9779225,51.0875104],[16.9779363,51.0875083],[16.9779501,51.0875062],[16.9779639,51.0875042],[16.9779777,51.0875021],[16.9779915,51.0875001],[16.9780053,51.0874981],[16.9780192,51.087496],[16.978033,51.087494],[16.9780468,51.0874919],[16.9780606,51.0874898],[16.9780744,51.0874878],[16.9780882,51.0874857],[16.978102,51.0874837],[16.9781158,51.0874817],[16.9781296,51.0874796],[16.9781434,51.0874776],[16.9781572,51.0874755],[16.978171,51.0874734],[16.9781848,51.0874714],[16.9781987,51.0874693],[16.9782125,51.0874673],[16.9782263,51.0874653],[16.9782401,51.0874632],[16.9782539,51.0874612],[16.9782677,51.0874591],[16.9782815,51.087457],[16.9782953,51.087455],[16.9783091,51.0874529],[16.9783229,51.0874509],[16.9783367,51.0874489],[16.9783505,51.0874468],[16.9783643,51.0874448],[16.9783782,51.0874427],[16.978392,51.0874407],[16.9784058,51.0874386],[16.9784538,51.0874375]]}},{"type":"Feature","properties":{"layer":"roads"},"geometry":{"type":"LineString","coordinates":[[16.9777495,51.0875361],[16.9777306,51.0875027],[16.9777275,51.0874941],[16.9777244,51.0874855],[16.9777213,51.0874769],[16.9777182,51.0874683],[16.9777152,51.0874597],[16.9777121,51.0874511],[16.977709,51.0874426],[16.9777059,51.087434],[16.9777028,51.0874254],[16.9776997,51.0874168],[16.9776966,51.0874082],[16.9776935,51.0873996],[16.9776904,51.0873911],[16.9776873,51.0873825],[16.9776842,51.0873739],[16.9776811,51.0873653],[16.977678,51.0873567],[16.9776749,51.0873481],[16.9776718,51.0873395],[16.9776687,51.087331],[16.9776656,51.0873224],[16.9776626,51.0873138],[16.9776595,51.0873052],[16.9776564,51.0872966],[16.9776533,51.087288],[16.9776502,51.0872794],[16.9776471,51.0872709],[16.977644,51.0872623],[16.9776409,51.0872537],[16.9776371,51.0872246]]}},{"type":"Feature","properties":{"layer":"roads"},"geometry":{"type":"LineString","coordinates":[[16.9766929,51.0873491],[16.9766439,51.0873568],[16.9766301,51.0873587],[16.9766163,51.0873606],[16.9766025,51.0873624],[16.9765887,51.0873643],[16.9765749,51.0873661],[16.9765611,51.087368],[16.9765472,51.0873699],[16.9765334,51.0873717],[16.9765196,51.0873736],[16.9765058,51.0873754],[16.976492,51.0873773],[16.9764782,51.0873792],[16.9764644,51.087381],[16.9764505,51.0873829],[16.9764367,51.0873847],[16.9764229,51.0873866],[16.9764091,51.0873885],[16.9763953,51.0873903],[16.9763815,51.0873922],[16.9763677,51.087394],[16.9763538,51.0873959],[16.97634,51.0873978],[16.9763262,51.0873996],[16.9763124,51.0874015],[16.9762986,51.0874033],[16.9762848,51.0874052],[16.9762709,51.0874071],[16.9762571,51.0874089],[16.9762433,51.0874108],[16.9762295,51.0874126],[16.9762157,51.0874145],[16.9762019,51.0874164],[16.9761881,51.0874182],[16.9761742,51.0874201],[16.9761604,51.0874219],[16.9761466,51.0874238],[16.9761328,51.0874257],[16.976119,51.0874275],[16.9761052,51.0874294],[16.9760914,51.0874312],[16.9760775,51.0874331],[16.9760637,51.087435],[16.9760499,51.0874368],[16.9760361,51.0874387],[16.9760223,51.0874405],[16.9760085,51.0874424],[16.9759947,51.0874443],[16.9759808,51.0874461],[16.975935,51.087453]]}},{"type":"Feature","properties":{"layer":"roads"},"geometry":{"type":"LineString","coordinates":[[16.9766929,51.0873491],[16.9766847,51.0873076],[16.9766786,51.0872899],[16.9766755,51.0872811],[16.9766725,51.0872724],[16.9766695,51.0872637],[16.9766664,51.0872549],[16.9766634,51.0872462],[16.9766604,51.0872374],[16.9766573,51.0872287],[16.9766543,51.08722],[16.9766513,51.0872112],[16.9766482,51.0872025],[16.9766452,51.0871938],[16.9766422,51.087185],[16.9766392,51.0871763],[16.9766361,51.0871676],[16.9766331,51.0871588],[16.9766301,51.0871501],[16.976627,51.0871414],[16.976624,51.0871326],[16.976621,51.0871239],[16.9766179,51.0871152],[16.9766149,51.0871064],[16.9766119,51.0870977],[16.9766088,51.0870889],[16.9766058,51.0870802],[16.9766028,51.0870715],[16.9765966,51.0870381]]}},{"type":"Feature","properties":{"layer":"roads"},"geometry":{"type":"LineString","coordinates":[[16.9766929,51.0873491],[16.9767409,51.0873439],[16.9767548,51.0873421],[16.9767687,51.0873402],[16.9767827,51.0873384],[16.9767966,51.0873366],[16.9768105,51.0873347],[16.9768244,51.0873329],[16.9768383,51.0873311],[16.9768522,51.0873292],[16.9768661,51.0873274],[16.97688,51.0873256],[16.9768939,51.0873237],[16.9769078,51.0873219],[16.9769217,51.0873201],[16.9769357,51.0873182],[16.9769496,51.0873164],[16.9769635,51.0873145],[16.9769774,51.0873127],[16.9769913,51.0873109],[16.9770052,51.087309],[16.9770191,51.0873072],[16.977033,51.0873054],[16.9770469,51.0873035],[16.9770608,51.0873017],[16.9770747,51.0872999],[16.9770887,51.087298],[16.9771026,51.0872962],[16.9771165,51.0872944],[16.9771304,51.0872925],[16.9771443,51.0872907],[16.9771582,51.0872889],[16.9771721,51.087287],[16.977186,51.0872852],[16.9771999,51.0872834],[16.9772138,51.0872815],[16.9772277,51.0872797],[16.9772416,51.0872779],[16.9772556,51.087276],[16.9772695,51.0872742],[16.9772834,51.0872724],[16.9772973,51.0872705],[16.9773112,51.0872687],[16.9773251,51.0872669],[16.977339,51.087265],[16.9773529,51.0872632],[16.9773668,51.0872614],[16.9773807,51.0872595],[16.9773946,51.0872577],[16.9774086,51.0872558],[16.9774225,51.087254],[16.9774364,51.0872522],[16.9774503,51.0872503],[16.9774642,51.0872485],[16.9774781,51.0872467],[16.977492,51.0872448],[16.9775059,51.087243],[16.9775198,51.0872412],[16.9775337,51.0872393],[16.9775476,51.0872375],[16.9775616,51.0872357],[16.9775755,51.0872338],[16.9775894,51.087232],[16.9776371,51.0872246]]}},{"type":"Feature","properties":{"layer":"roads"},"geometry":{"type":"LineString","coordinates":[[16.9784538,51.0874375],[16.9785023,51.0874246],[16.9785161,51.0874227],[16.9785299,51.0874208],[16.9785437,51.0874189],[16.9785575,51.087417],[16.9785712,51.087415],[16.978585,51.0874131],[16.9785988,51.0874112],[16.9786126,51.0874093],[16.9786263,51.0874074],[16.9786401,51.0874054],[16.9786539,51.0874035],[16.9786677,51.0874016],[16.9786815,51.0873997],[16.9786952,51.0873978],[16.978709,51.0873959],[16.9787228,51.0873939],[16.9787366,51.087392],[16.9787504,51.0873901],[16.9787641,51.0873882],[16.9787779,51.0873863],[16.9787917,51.0873843],[16.9788055,51.0873824],[16.9788193,51.0873805],[16.978833,51.0873786],[16.9788468,51.0873767],[16.9788606,51.0873747],[16.9788744,51.0873728],[16.9788882,51.0873709],[16.9789019,51.087369],[16.9789157,51.0873671],[16.9789295,51.0873651],[16.9789433,51.0873632],[16.978957,51.0873613],[16.9789708,51.0873594],[16.9789846,51.0873575],[16.9789984,51.0873555],[16.9790122,51.0873536],[16.9790259,51.0873517],[16.9790397,51.0873498],[16.9790535,51.0873479],[16.9790673,51.0873459],[16.9790811,51.087344],[16.9790948,51.0873421],[16.9791086,51.0873402],[16.9791224,51.0873383],[16.9791362,51.0873363],[16.97915,51.0873344],[16.9791637,51.0873325],[16.9791775,51.0873306],[16.9791913,51.0873287],[16.9792051,51.0873268],[16.9792189,51.0873248],[16.9792326,51.0873229],[16.9792464,51.087321],[16.9792602,51.0873191],[16.979274,51.0873172],[16.9792877,51.0873152],[16.9793015,51.0873133],[16.9793153,51.0873114],[16.9793291,51.0873095],[16.9793429,51.0873076],[16.9793907,51.0873012]]}},{"type":"Feature","properties":{"layer":"roads"},"geometry":{"type":"LineString","coordinates":[[16.9793907,51.0873012],[16.9793698,51.0872682],[16.9793662,51.0872598],[16.9793626,51.0872514],[16.979359,51.087243],[16.9793553,51.0872345],[16.9793517,51.0872261],[16.9793481,51.0872177],[16.9793445,51.0872093],[16.9793409,51.0872009],[16.9793301,51.0871757],[16.9792969,51.0871544]]}},{"type":"Feature","properties":{"layer":"roads"},"geometry":{"type":"LineString","coordinates":[[16.9793907,51.0873012],[16.9794406,51.0872965],[16.9794546,51.0872951],[16.9794687,51.0872938],[16.9794828,51.0872924],[16.9794969,51.0872911],[16.979511,51.0872898],[16.9795251,51.0872884],[16.9795392,51.0872871],[16.9795533,51.0872858],[16.9795674,51.0872844],[16.9795815,51.0872831],[16.9795955,51.0872817],[16.9796096,51.0872804],[16.9796237,51.0872791],[16.9796378,51.0872777],[16.9796519,51.0872764],[16.9796656,51.0872744],[16.9796793,51.0872725],[16.9796929,51.0872705],[16.9797066,51.0872686],[16.9797203,51.0872666],[16.979734,51.0872647],[16.9797477,51.0872627],[16.9797614,51.0872607],[16.979775,51.0872588],[16.9797887,51.0872568],[16.9798024,51.0872549],[16.9798161,51.0872529],[16.9798298,51.0872509],[16.9798434,51.087249],[16.9798571,51.087247],[16.9798708,51.0872451],[16.9798845,51.0872431],[16.9798982,51.0872412],[16.9799118,51.0872392],[16.9799255,51.0872372],[16.9799392,51.0872353],[16.9799529,51.0872333],[16.9799666,51.0872314],[16.9799803,51.0872294],[16.9799939,51.0872274],[16.9800076,51.0872255],[16.9800213,51.0872235],[16.980035,51.0872216],[16.9800487,51.0872196],[16.9800623,51.0872176],[16.980076,51.0872157],[16.9800897,51.0872137],[16.9801034,51.0872118],[16.9801171,51.0872098],[16.9801307,51.0872079],[16.9801444,51.0872059],[16.9801581,51.0872039],[16.9801718,51.087202],[16.9801855,51.0872],[16.9801992,51.0871981],[16.9802128,51.0871961],[16.9802265,51.0871942],[16.9802402,51.0871922],[16.9802539,51.0871902],[16.9802676,51.0871883],[16.9802812,51.0871863],[16.9803249,51.0871829]]}},{"type":"Feature","properties":{"layer":"roads"},"geometry":{"type":"LineString","coordinates":[[16.9803249,51.0871829],[16.9803684,51.0872053],[16.9803804,51.0872099],[16.9803924,51.0872145],[16.9804043,51.0872191],[16.9804163,51.0872236],[16.9804283,51.0872282],[16.9804402,51.0872328],[16.9804522,51.0872374],[16.9804642,51.087242],[16.9804761,51.0872465],[16.9804881,51.0872511],[16.9805001,51.0872557],[16.980512,51.0872603],[16.980524,51.0872649],[16.980536,51.0872694],[16.9805479,51.087274],[16.9805599,51.0872786],[16.9806073,51.0872819]]}},{"type":"Feature","properties":{"layer":"roads"},"geometry":{"type":"LineString","coordinates":[[16.9765103,51.0856853],[16.976484,51.0856623],[16.9764729,51.0856579],[16.9764618,51.0856535],[16.9764506,51.0856491],[16.9764395,51.0856447],[16.9764284,51.0856403],[16.9764147,51.085638],[16.9764011,51.0856358],[16.9763874,51.0856335],[16.9763738,51.0856313],[16.9763601,51.085629],[16.9763465,51.0856267],[16.9763328,51.0856245],[16.9763192,51.0856222],[16.9763055,51.08562],[16.9762918,51.0856177],[16.9762782,51.0856154],[16.9762645,51.0856132],[16.9762509,51.0856109],[16.9762372,51.0856087],[16.9762236,51.0856064],[16.9762099,51.0856041],[16.9761962,51.0856019],[16.9761826,51.0855996],[16.9761689,51.0855974],[16.9761553,51.0855951],[16.9761416,51.0855928],[16.976128,51.0855906],[16.9761143,51.0855883],[16.9761007,51.0855861],[16.976087,51.0855838],[16.9760733,51.0855819],[16.9760596,51.08558],[16.976046,51.0855781],[16.9760323,51.0855762],[16.9760186,51.0855743],[16.9760049,51.0855724],[16.9759912,51.0855705],[16.9759776,51.0855685],[16.9759639,51.0855666],[16.9759502,51.0855647],[16.9759365,51.0855628],[16.9759228,51.0855609],[16.9759092,51.085559],[16.9758955,51.0855571],[16.9758818,51.0855552],[16.9758684,51.085554],[16.975855,51.0855529],[16.9758416,51.0855517],[16.9758282,51.0855505],[16.9758148,51.0855493],[16.9758014,51.0855482],[16.975788,51.085547],[16.9757746,51.0855458],[16.9757612,51.0855447],[16.9757477,51.0855435],[16.9757343,51.0855423],[16.9757209,51.0855411],[16.9757075,51.08554],[16.9756941,51.0855388],[16.9756497,51.0855491]]}},{"type":"Feature","properties":{"layer":"roads"},"geometry":{"type":"LineString","coordinates":[[16.9765103,51.0856853],[16.9764671,51.085706],[16.976455,51.0857096],[16.9764429,51.0857133],[16.9764308,51.0857169],[16.9764187,51.0857205],[16.9764082,51.085726],[16.9763977,51.0857314],[16.9763872,51.0857369],[16.9763767,51.0857423],[16.9763662,51.0857478],[16.9763557,51.0857532],[16.9763452,51.0857587],[16.9763347,51.0857641],[16.9763242,51.0857696],[16.9763137,51.085775],[16.9763032,51.0857805],[16.976297,51.0857876],[16.9762907,51.0857948],[16.9762845,51.0858019],[16.9762782,51.0858091],[16.976272,51.0858162],[16.9762658,51.0858233],[16.9762595,51.0858305],[16.9762533,51.0858376],[16.976247,51.0858448],[16.9762408,51.0858519],[16.9762381,51.0858604],[16.9762354,51.0858689],[16.9762326,51.0858775],[16.9762299,51.085886],[16.9762272,51.0858945],[16.9762245,51.085903],[16.9762217,51.0859116],[16.976219,51.0859201],[16.9762163,51.0859286],[16.9762166,51.085937],[16.9762169,51.0859454],[16.9762171,51.0859538],[16.9762174,51.0859622],[16.9762177,51.0859707],[16.976218,51.0859791],[16.9762117,51.0860109]]}},{"type":"Feature","properties":{"layer":"roads"},"geometry":{"type":"LineString","coordinates":[[16.9756497,51.0855491],[16.9756547,51.0855779],[16.9756576,51.0855867],[16.9756604,51.0855955],[16.9756632,51.0856042],[16.9756661,51.085613],[16.9756689,51.0856218],[16.9756718,51.0856305],[16.9756746,51.0856393],[16.9756775,51.0856481],[16.9756803,51.0856568],[16.9756832,51.0856656],[16.975686,51.0856744],[16.9756888,51.0856831],[16.9756917,51.0856919],[16.9756945,51.0857007],[16.9756974,51.0857094],[16.9757002,51.0857182],[16.9757031,51.085727],[16.9757059,51.0857357],[16.9757087,51.0857445],[16.9757116,51.0857533],[16.9757144,51.085762],[16.9757173,51.0857708],[16.9757201,51.0857796],[16.975723,51.0857883],[16.9757258,51.0857971],[16.9757286,51.0858059],[16.9757315,51.0858146],[16.9757343,51.0858234],[16.9757372,51.0858322],[16.97574,51.0858409],[16.9757429,51.0858497],[16.9757457,51.0858585],[16.9757485,51.0858672],[16.9757514,51.085876],[16.9757542,51.0858848],[16.9757571,51.0858935],[16.9757599,51.0859023],[16.9757628,51.0859111],[16.9757656,51.0859198],[16.9757685,51.0859286],[16.9757713,51.0859374],[16.9757741,51.0859461],[16.975777,51.0859549],[16.9757798,51.0859637],[16.9757827,51.0859724],[16.9757855,51.0859812],[16.9757884,51.08599],[16.9757912,51.0859987],[16.975794,51.0860075],[16.9757969,51.0860163],[16.9757997,51.086025],[16.9758108,51.0860601]]}},{"type":"Feature","properties":{"layer":"roads"},"geometry":{"type":"LineString","coordinates":[[16.977178,51.0901111],[16.9771575,51.0901382],[16.9771697,51.0901428],[16.9771818,51.0901475],[16.9771939,51.0901521],[16.977206,51.0901567],[16.9772182,51.0901614],[16.9772303,51.090166],[16.9772424,51.0901707],[16.9772546,51.0901753],[16.9772667,51.09018],[16.9772788,51.0901846],[16.977291,51.0901892],[16.9773031,51.0901939],[16.9773152,51.0901985],[16.9773273,51.0902032],[16.9773395,51.0902078],[16.9773516,51.0902124],[16.9773637,51.0902171],[16.9773759,51.0902217],[16.977388,51.0902264],[16.9774001,51.090231],[16.9774123,51.0902357],[16.9774244,51.0902403],[16.9774365,51.0902449],[16.9774486,51.0902496],[16.9774608,51.0902542],[16.9774729,51.0902589],[16.977485,51.0902635],[16.9774972,51.0902682],[16.9775093,51.0902728],[16.9775209,51.090278],[16.9775324,51.0902832],[16.977544,51.0902884],[16.9775555,51.0902935],[16.9775671,51.0902987],[16.9775786,51.0903039],[16.9775902,51.0903091],[16.9776017,51.0903143],[16.9776133,51.0903195],[16.9776248,51.0903247],[16.9776364,51.0903299],[16.9776479,51.090335],[16.9776595,51.0903402],[16.977671,51.0903454],[16.9776826,51.0903506],[16.9776941,51.0903558],[16.9777057,51.090361],[16.9777172,51.0903662],[16.9777288,51.0903713],[16.9777403,51.0903765],[16.9777519,51.0903817],[16.9777634,51.0903869],[16.977774,51.090392],[16.9777846,51.0903971],[16.9777951,51.0904022],[16.9778057,51.0904073],[16.9778163,51.0904124],[16.9778269,51.0904176],[16.9778375,51.0904227],[16.977885,51.0904377]]}},{"type":"Feature","properties":{"layer":"roads"},"geometry":{"type":"LineString","coordinates":[[16.977885,51.0904377],[16.9778997,51.0904101],[16.9779047,51.0904018],[16.9779097,51.0903935],[16.9779146,51.0903853],[16.9779196,51.090377],[16.9779246,51.0903687],[16.9779295,51.0903605],[16.9779577,51.0903395]]}},{"type":"Feature","properties":{"layer":"roads"},"geometry":{"type":"LineString","coordinates":[[16.977885,51.0904377],[16.9778618,51.0904758],[16.9778573,51.090484],[16.9778528,51.0904922],[16.9778483,51.0905003],[16.9778437,51.0905085],[16.9778392,51.0905167],[16.9778347,51.0905249],[16.9778302,51.090533],[16.9778194,51.0905669]]}},{"type":"Feature","properties":{"layer":"roads"},"geometry":{"type":"LineString","coordinates":[[16.977885,51.0904377],[16.9779357,51.0904499],[16.9779496,51.0904516],[16.9779636,51.0904533],[16.9779776,51.090455],[16.9779915,51.0904567],[16.9780055,51.0904585],[16.9780194,51.0904602],[16.9780334,51.0904619],[16.978077,51.0904578]]}},{"type":"Feature","properties":{"layer":"roads"},"geometry":{"type":"LineString","coordinates":[[16.9789047,51.0912578],[16.9788622,51.0912724],[16.9788559,51.0912792],[16.9788497,51.091286],[16.9788933,51.091336]]}},{"type":"Feature","properties":{"layer":"roads"},"geometry":{"type":"LineString","coordinates":[[16.9740557,51.0855831],[16.9740763,51.0856151],[16.9740825,51.0856227],[16.9740887,51.0856302],[16.974095,51.0856378],[16.9741012,51.0856453],[16.9741074,51.0856529],[16.9741137,51.0856604],[16.9741199,51.085668],[16.9741227,51.085676],[16.9741255,51.085684],[16.9741282,51.0856919],[16.974131,51.0856999],[16.9741338,51.0857079],[16.9741366,51.0857159],[16.9741394,51.0857239],[16.9741421,51.0857318],[16.9741449,51.0857398],[16.9741477,51.0857478],[16.9741525,51.085756],[16.9741573,51.0857641],[16.9741621,51.0857723],[16.974167,51.0857805],[16.9741718,51.0857887],[16.9741766,51.0857968],[16.9741814,51.085805],[16.9741899,51.0858122],[16.9741985,51.0858193],[16.9742071,51.0858264],[16.9742156,51.0858336],[16.9742241,51.0858408],[16.9742327,51.0858479],[16.9742412,51.085855],[16.9742498,51.0858622],[16.9742568,51.0858697],[16.9742637,51.0858772],[16.9742707,51.0858846],[16.9742777,51.0858921],[16.9742847,51.0858996],[16.9742916,51.0859071],[16.9742986,51.0859145],[16.9743056,51.085922],[16.9743125,51.0859295],[16.9743195,51.085937],[16.9743265,51.0859445],[16.9743621,51.0859705]]}},{"type":"Feature","properties":{"layer":"roads"},"geometry":{"type":"LineString","coordinates":[[16.9740557,51.0855831],[16.973992,51.0855551],[16.9739795,51.0855512],[16.973967,51.0855474],[16.9739545,51.0855436],[16.973942,51.0855397],[16.9739295,51.0855359],[16.973917,51.0855321],[16.9739045,51.0855282],[16.9738921,51.0855244],[16.9738796,51.0855205],[16.9738671,51.0855167],[16.9738546,51.0855129],[16.9738421,51.085509],[16.9738296,51.0855052],[16.9738171,51.0855014],[16.9738046,51.0854975],[16.9737547,51.0854822]]}},{"type":"Feature","properties":{"layer":"roads"},"geometry":{"type":"LineString","coordinates":[[16.9740557,51.0855831],[16.9740984,51.0855745],[16.9741125,51.0855755],[16.9741267,51.0855765],[16.9741408,51.0855775],[16.9741549,51.0855786],[16.9741691,51.0855796],[16.9741832,51.0855806],[16.9741967,51.0855802],[16.9742102,51.0855797],[16.9742238,51.0855793],[16.9742373,51.0855789],[16.9742508,51.0855784],[16.9742643,51.085578],[16.9742778,51.0855776],[16.9742914,51.0855772],[16.9743049,51.0855767],[16.9743184,51.0855763],[16.9743323,51.0855744],[16.9743463,51.0855725],[16.9743602,51.0855706],[16.9743742,51.0855687],[16.9743881,51.0855668],[16.974402,51.085565],[16.974416,51.0855631],[16.9744299,51.0855612],[16.9744439,51.0855593],[16.9744578,51.0855574],[16.9744718,51.0855555],[16.9744857,51.0855536],[16.9744996,51.0855517],[16.9745136,51.0855498],[16.9745275,51.0855479],[16.9745415,51.0855461],[16.9745554,51.0855442],[16.9745693,51.0855423],[16.9745833,51.0855404],[16.9745972,51.0855385],[16.9746112,51.0855366],[16.9746251,51.0855347],[16.9746391,51.0855328],[16.974653,51.0855309],[16.9746669,51.085529],[16.9746809,51.0855272],[16.9746948,51.0855253],[16.9747088,51.0855234],[16.9747227,51.0855215],[16.9747366,51.0855196],[16.9747506,51.0855177],[16.9747645,51.0855158],[16.9747785,51.0855139],[16.9747924,51.085512],[16.9748064,51.0855101],[16.9748203,51.0855083],[16.9748342,51.0855064],[16.9748482,51.0855045],[16.9749011,51.0855025]]}},{"type":"Feature","properties":{"layer":"roads"},"geometry":{"type":"LineString","coordinates":[[16.9749011,51.0855025],[16.9749044,51.0855367],[16.9749072,51.0855442],[16.9749101,51.0855518],[16.9749133,51.0855604],[16.9749166,51.0855689],[16.9749198,51.0855775],[16.9749231,51.0855861],[16.9749264,51.0855946],[16.9749296,51.0856032],[16.9749329,51.0856117],[16.9749361,51.0856203],[16.9749393,51.0856289],[16.9749426,51.0856374],[16.9749459,51.085646],[16.9749491,51.0856546],[16.9749524,51.0856631],[16.9749556,51.0856717],[16.9749589,51.0856802],[16.9749622,51.0856887],[16.9749655,51.0856973],[16.9749688,51.0857058],[16.9749721,51.0857143],[16.9749754,51.0857228],[16.9749787,51.0857314],[16.974982,51.0857399],[16.9749853,51.0857484],[16.9749886,51.0857569],[16.9749919,51.0857654],[16.9749952,51.085774],[16.9749985,51.0857825],[16.9750018,51.085791],[16.975015,51.0858251]]}},{"type":"Feature","properties":{"layer":"roads"},"geometry":{"type":"LineString","coordinates":[[16.9788933,51.091336],[16.9789528,51.0913592],[16.978956,51.091368],[16.9789592,51.0913767],[16.9789624,51.0913854],[16.9789656,51.0913941],[16.9789688,51.0914029],[16.978972,51.0914116],[16.9789752,51.0914203],[16.9789784,51.091429],[16.9789816,51.0914378],[16.9789848,51.0914465],[16.978988,51.0914552],[16.9789912,51.0914639],[16.9789944,51.0914727],[16.9789976,51.0914814],[16.9790008,51.0914901],[16.979004,51.0914988],[16.9790072,51.0915076],[16.9790104,51.0915163],[16.9790137,51.091525],[16.9790169,51.0915337],[16.9790201,51.0915425],[16.9790233,51.0915512],[16.9790265,51.0915599],[16.9790297,51.0915686],[16.9790329,51.0915774],[16.9790361,51.0915861],[16.9790393,51.0915948],[16.9790425,51.0916035],[16.9790457,51.0916123],[16.9790489,51.091621],[16.9790521,51.0916297],[16.9790553,51.0916384],[16.9790585,51.0916472],[16.9790617,51.0916559],[16.9790649,51.0916646],[16.9790681,51.0916733],[16.9790713,51.0916821],[16.9790745,51.0916908],[16.9790774,51.0916992],[16.9790802,51.0917076],[16.9790831,51.091716],[16.9790859,51.0917244],[16.9790888,51.0917328],[16.9790917,51.0917412],[16.9790945,51.0917496],[16.9790974,51.091758],[16.9791002,51.0917664],[16.9791031,51.0917748],[16.979106,51.0917832],[16.9791088,51.0917916],[16.9791117,51.0918],[16.9791145,51.0918084],[16.9791174,51.0918168],[16.9791202,51.0918252],[16.9791231,51.0918336],[16.979126,51.091842],[16.9791377,51.0918759]]}},{"type":"Feature","properties":{"layer":"roads"},"geometry":{"type":"LineString","coordinates":[[16.9791377,51.0918759],[16.9790833,51.0918845],[16.9790698,51.0918867],[16.9790563,51.0918889],[16.9790428,51.0918911],[16.9790292,51.0918934],[16.9790157,51.0918956],[16.9790022,51.0918978],[16.9789887,51.0919],[16.9789752,51.0919022],[16.9789617,51.0919044],[16.9789481,51.0919067],[16.9789346,51.0919089],[16.9789211,51.0919111],[16.9789076,51.0919133],[16.9788533,51.0919223]]}},{"type":"Feature","properties":{"layer":"roads"},"geometry":{"type":"LineString","coordinates":[[16.9758108,51.0860601],[16.9757556,51.0860678],[16.9757418,51.0860697],[16.9757279,51.0860717],[16.975714,51.0860736],[16.9757002,51.0860755],[16.9756863,51.0860775],[16.9756724,51.0860794],[16.9756586,51.0860813],[16.9756447,51.0860832],[16.9756308,51.0860852],[16.975617,51.0860871],[16.9756031,51.086089],[16.9755892,51.086091],[16.9755754,51.0860929],[16.9755615,51.0860948],[16.9755476,51.0860967],[16.9755338,51.0860987],[16.9755199,51.0861006],[16.975506,51.0861025],[16.9754922,51.0861045],[16.9754783,51.0861064],[16.9754644,51.0861083],[16.9754505,51.0861102],[16.9754367,51.0861122],[16.9754228,51.0861141],[16.9754089,51.086116],[16.9753951,51.086118],[16.9753812,51.0861199],[16.9753673,51.0861218],[16.9753535,51.0861237],[16.9753396,51.0861257],[16.9753257,51.0861276],[16.9753119,51.0861295],[16.975298,51.0861315],[16.9752841,51.0861334],[16.9752703,51.0861353],[16.9752564,51.0861372],[16.9752425,51.0861392],[16.9752287,51.0861411],[16.9752148,51.086143],[16.9752009,51.086145],[16.9751871,51.0861469],[16.9751357,51.0861594]]}},{"type":"Feature","properties":{"layer":"roads"},"geometry":{"type":"LineString","coordinates":[[16.9758108,51.0860601],[16.9758647,51.0860524],[16.9758781,51.0860504],[16.9758915,51.0860485],[16.9759049,51.0860465],[16.9759451,51.0860407],[16.9760047,51.0860413]]}},{"type":"Feature","properties":{"layer":"roads"},"geometry":{"type":"LineString","coordinates":[[16.9796042,51.0924119],[16.9795636,51.0924224],[16.9795501,51.0924245],[16.9795366,51.0924265],[16.9795231,51.0924286],[16.9795096,51.0924307],[16.9794961,51.0924327],[16.9794826,51.0924348],[16.9794691,51.0924369],[16.9794556,51.092439],[16.9794421,51.092441],[16.9794286,51.0924431],[16.9794151,51.0924452],[16.9794016,51.0924472],[16.9793881,51.0924493],[16.9793746,51.0924514],[16.9793271,51.0924449]]}},{"type":"Feature","properties":{"layer":"roads"},"geometry":{"type":"LineString","coordinates":[[16.9796042,51.0924119],[16.9795797,51.0923844],[16.9795708,51.0923776],[16.9795618,51.0923707],[16.9795529,51.0923639],[16.9795439,51.092357],[16.979535,51.0923502],[16.979526,51.0923433],[16.9795171,51.0923365],[16.9795081,51.0923296],[16.9794992,51.0923228],[16.9794902,51.0923159],[16.9794582,51.0922958]]}},{"type":"Feature","properties":{"layer":"roads"},"geometry":{"type":"LineString","coordinates":[[16.9796042,51.0924119],[16.9796594,51.0924176],[16.9796733,51.0924188],[16.9796873,51.0924199],[16.9797012,51.0924211],[16.9797151,51.0924223],[16.9797291,51.0924234],[16.979743,51.0924246],[16.979757,51.0924257],[16.9797709,51.0924269],[16.9797848,51.0924281],[16.9797988,51.0924292],[16.9798127,51.0924304],[16.9798266,51.0924316],[16.9798406,51.0924327],[16.9798545,51.0924339],[16.9798682,51.0924318],[16.9798819,51.0924297],[16.9798956,51.0924276],[16.9799094,51.0924255],[16.9799231,51.0924233],[16.9799368,51.0924212],[16.9799505,51.0924191],[16.9799642,51.092417],[16.9799779,51.0924149],[16.9799916,51.0924128],[16.9800054,51.0924107],[16.9800191,51.0924086],[16.9800328,51.0924064],[16.9800465,51.0924043],[16.9800602,51.0924022],[16.9800739,51.0924001],[16.9800877,51.092398],[16.9801014,51.0923959],[16.9801151,51.0923938],[16.9801288,51.0923917],[16.9801425,51.0923895],[16.9801562,51.0923874],[16.9801699,51.0923853],[16.9801837,51.0923832],[16.9801974,51.0923811],[16.9802111,51.092379],[16.9802248,51.0923769],[16.9802385,51.0923748],[16.9802522,51.0923726],[16.9802659,51.0923705],[16.9802797,51.0923684],[16.9802934,51.0923663],[16.9803071,51.0923642],[16.9803208,51.0923621],[16.9803345,51.09236],[16.9803482,51.0923579],[16.980362,51.0923557],[16.9803757,51.0923536],[16.9803894,51.0923515],[16.980416,51.092345],[16.9804487,51.0923382],[16.9804872,51.0923252]]}},{"type":"Feature","properties":{"layer":"roads"},"geometry":{"type":"LineString","coordinates":[[16.975935,51.087453],[16.9759314,51.0874235],[16.975929,51.0874149],[16.9759265,51.0874063],[16.9759241,51.0873977],[16.9759216,51.0873891],[16.9759192,51.0873805],[16.9759167,51.0873718],[16.9759143,51.0873632],[16.9759118,51.0873546],[16.9759094,51.087346],[16.9759069,51.0873374],[16.9759045,51.0873288],[16.975902,51.0873202],[16.9758996,51.0873116],[16.9758971,51.087303],[16.9758947,51.0872944],[16.9758923,51.0872857],[16.9758898,51.0872771],[16.9758874,51.0872685],[16.9758849,51.0872599],[16.9758825,51.0872513],[16.97588,51.0872427],[16.9758776,51.0872341],[16.9758751,51.0872255],[16.9758727,51.0872169],[16.9758702,51.0872083],[16.9758678,51.0871997],[16.9758653,51.087191],[16.9758629,51.0871824],[16.9758529,51.0871479]]}},{"type":"Feature","properties":{"layer":"roads"},"geometry":{"type":"LineString","coordinates":[[16.9759888,51.0867934],[16.9759463,51.0867745],[16.9759369,51.0867683],[16.9759276,51.0867621],[16.9759182,51.0867559],[16.9759089,51.0867496],[16.9758995,51.0867434],[16.9758902,51.0867372],[16.9758808,51.086731],[16.9758715,51.0867247],[16.9758621,51.0867185],[16.9758528,51.0867123],[16.9758434,51.0867061],[16.9758341,51.0866999],[16.9758247,51.0866936],[16.9758154,51.0866874],[16.975806,51.0866812],[16.9757952,51.0866756],[16.9757845,51.08667],[16.9757737,51.0866644],[16.975763,51.0866588],[16.9757522,51.0866532],[16.9757415,51.0866476],[16.9757308,51.086642],[16.97572,51.0866364],[16.9757093,51.0866308],[16.9756985,51.0866252],[16.9756906,51.0866182],[16.9756826,51.0866112],[16.9756747,51.0866042],[16.9756667,51.0865973],[16.9756588,51.0865903],[16.9756508,51.0865833],[16.9756429,51.0865763],[16.9756349,51.0865693],[16.975627,51.0865623],[16.975619,51.0865554],[16.9756111,51.0865484],[16.9756032,51.0865414],[16.9755952,51.0865344],[16.9755873,51.0865274],[16.9755793,51.0865204],[16.9755714,51.0865134],[16.9755491,51.0864939],[16.9755304,51.086479],[16.9755211,51.0864725],[16.9755119,51.0864659],[16.9755027,51.0864594],[16.9754935,51.0864529],[16.9754842,51.0864464],[16.975475,51.0864398],[16.9754658,51.0864333],[16.9754565,51.0864268],[16.9754473,51.0864203],[16.9754381,51.0864137],[16.9754288,51.0864072],[16.9754196,51.0864007],[16.9754104,51.0863942],[16.9754012,51.0863876],[16.9753919,51.0863811],[16.9753827,51.0863746],[16.9753733,51.0863679],[16.9753639,51.0863612],[16.9753545,51.0863545],[16.9753451,51.0863478],[16.9753357,51.0863411],[16.9753263,51.0863345],[16.9753169,51.0863278],[16.9753075,51.0863211],[16.9752981,51.0863144],[16.9752887,51.0863077],[16.9752792,51.086301],[16.9752698,51.0862943],[16.9752604,51.0862876],[16.975251,51.0862809],[16.9752416,51.0862742],[16.9752322,51.0862676],[16.9752228,51.0862609],[16.9752134,51.0862542],[16.975204,51.0862475],[16.9751946,51.0862408],[16.9751852,51.0862341],[16.9751798,51.0862262],[16.9751745,51.0862182],[16.9751691,51.0862103],[16.9751638,51.0862023],[16.9751584,51.0861943],[16.975153,51.0861864],[16.9751357,51.0861594]]}},{"type":"Feature","properties":{"layer":"roads"},"geometry":{"type":"LineString","coordinates":[[16.9759888,51.0867934],[16.9759569,51.0868296],[16.9759502,51.0868371],[16.9759435,51.0868447],[16.9759368,51.0868522],[16.9759301,51.0868598],[16.9759234,51.0868673],[16.9759167,51.0868749],[16.97591,51.0868824],[16.9759033,51.08689],[16.9758965,51.0868974],[16.9758897,51.0869048],[16.9758829,51.0869122],[16.9758761,51.0869196],[16.9758693,51.086927],[16.9758625,51.0869344],[16.9758556,51.0869418],[16.9758488,51.0869492],[16.975842,51.0869566],[16.9758352,51.086964],[16.9758284,51.0869714],[16.9758216,51.0869788],[16.9758148,51.0869862],[16.9758119,51.0869935],[16.975809,51.0870009],[16.9758061,51.0870082],[16.9758032,51.0870156],[16.9758003,51.0870229],[16.9758023,51.0870317],[16.9758042,51.0870405],[16.9757867,51.0870694]]}},{"type":"Feature","properties":{"layer":"roads"},"geometry":{"type":"LineString","coordinates":[[16.9829537,51.0912328],[16.9829751,51.0912635],[16.9829786,51.0912722],[16.9829822,51.0912809],[16.9829857,51.0912896],[16.9829893,51.0912983],[16.9829928,51.091307],[16.9829964,51.0913156],[16.983,51.0913243],[16.9830035,51.091333],[16.9830071,51.0913417],[16.9830106,51.0913504],[16.9830142,51.091359],[16.9830177,51.0913677],[16.9830213,51.0913764],[16.9830248,51.0913851],[16.9830284,51.0913938],[16.983032,51.0914025],[16.9830355,51.0914111],[16.9830391,51.0914198],[16.9830426,51.0914285],[16.9830462,51.0914372],[16.9830497,51.0914459],[16.9830533,51.0914545],[16.9830568,51.0914632],[16.9830604,51.0914719],[16.9830639,51.0914806],[16.9830675,51.0914893],[16.9830711,51.0914979],[16.9830746,51.0915066],[16.9830782,51.0915153],[16.9830817,51.091524],[16.9830853,51.0915327],[16.9830888,51.0915414],[16.9830924,51.09155],[16.9830959,51.0915587],[16.9830995,51.0915674],[16.9831026,51.0915759],[16.9831057,51.0915844],[16.9831088,51.0915929],[16.9831119,51.0916014],[16.9831149,51.0916099],[16.983118,51.0916184],[16.9831211,51.0916269],[16.9831242,51.0916354],[16.9831273,51.091644],[16.9831304,51.0916525],[16.9831335,51.091661],[16.9831366,51.0916695],[16.9831401,51.0917032]]}},{"type":"Feature","properties":{"layer":"roads"},"geometry":{"type":"LineString","coordinates":[[16.9831401,51.0917032],[16.983196,51.0917136],[16.9832077,51.0917161],[16.9832195,51.0917186],[16.9832326,51.0917214],[16.9832456,51.0917242],[16.9832587,51.091727],[16.9832717,51.0917298],[16.9832848,51.0917325],[16.9832978,51.0917353],[16.9833109,51.0917381],[16.9833239,51.0917409],[16.983337,51.0917437],[16.9833497,51.091747],[16.9833624,51.0917503],[16.9833752,51.0917536],[16.9833879,51.0917569],[16.9834006,51.0917601],[16.9834133,51.0917634],[16.9834261,51.0917667],[16.9834388,51.09177],[16.9834515,51.0917733],[16.9834642,51.0917766],[16.983477,51.0917799],[16.9834897,51.0917832],[16.9835024,51.0917864],[16.9835533,51.0917996]]}},{"type":"Feature","properties":{"layer":"roads"},"geometry":{"type":"LineString","coordinates":[[16.9831401,51.0917032],[16.9831481,51.0917367],[16.9831479,51.091745],[16.9831476,51.0917533],[16.9831474,51.0917615],[16.9831472,51.0917698],[16.983147,51.0917781],[16.9831468,51.0917864],[16.9831466,51.0917947],[16.9831464,51.091803],[16.9831467,51.091811],[16.983147,51.091819],[16.9831474,51.091827],[16.9831477,51.0918349],[16.983148,51.0918429],[16.9831484,51.0918509],[16.9831487,51.0918589],[16.983149,51.0918669],[16.9831519,51.0918746],[16.9831548,51.0918822],[16.9831665,51.0919129]]}},{"type":"Feature","properties":{"layer":"roads"},"geometry":{"type":"LineString","coordinates":[[16.9758529,51.0871479],[16.9758949,51.0871418],[16.9759088,51.0871398],[16.9759228,51.0871377],[16.9759367,51.0871356],[16.9759506,51.0871336],[16.9759645,51.0871315],[16.9759785,51.0871294],[16.9759924,51.0871274],[16.9760063,51.0871253],[16.9760203,51.0871233],[16.9760342,51.0871212],[16.9760481,51.0871191],[16.9760621,51.0871171],[16.976076,51.087115],[16.9760899,51.0871129],[16.9761038,51.0871109],[16.9761178,51.0871088],[16.9761317,51.0871068],[16.9761456,51.0871047],[16.9761596,51.0871026],[16.9761735,51.0871006],[16.9761874,51.0870985],[16.9762014,51.0870964],[16.9762153,51.0870944],[16.9762292,51.0870923],[16.9762431,51.0870903],[16.9762571,51.0870882],[16.976271,51.0870861],[16.9762849,51.0870841],[16.9762989,51.087082],[16.9763128,51.0870799],[16.9763267,51.0870779],[16.9763407,51.0870758],[16.9763546,51.0870738],[16.9763685,51.0870717],[16.9763824,51.0870696],[16.9763964,51.0870676],[16.9764103,51.0870655],[16.9764242,51.0870634],[16.9764382,51.0870614],[16.9764521,51.0870593],[16.976466,51.0870573],[16.97648,51.0870552],[16.9764939,51.0870531],[16.9765078,51.0870511],[16.9765217,51.087049],[16.9765357,51.0870469],[16.9765496,51.0870449],[16.9765966,51.0870381]]}},{"type":"Feature","properties":{"layer":"roads"},"geometry":{"type":"LineString","coordinates":[[16.9758529,51.0871479],[16.9758387,51.0871142],[16.9758203,51.0870918],[16.9757867,51.0870694]]}},{"type":"Feature","properties":{"layer":"roads"},"geometry":{"type":"LineString","coordinates":[[16.9778194,51.0905669],[16.9778732,51.0905624],[16.9778863,51.0905601],[16.9778995,51.0905577],[16.9779126,51.0905554],[16.9779257,51.0905531],[16.9779388,51.0905508],[16.9779519,51.0905485],[16.977965,51.0905462],[16.9779781,51.0905439],[16.9779921,51.0905422],[16.9780061,51.0905404],[16.9780201,51.0905387],[16.9780341,51.090537],[16.9780481,51.0905353],[16.9780622,51.0905335],[16.9780762,51.0905318],[16.9780902,51.0905301],[16.9781042,51.0905283],[16.9781182,51.0905266],[16.9781322,51.0905249],[16.9781462,51.0905232],[16.9781602,51.0905214],[16.9781985,51.090503]]}},{"type":"Feature","properties":{"layer":"roads"},"geometry":{"type":"LineString","coordinates":[[16.9743621,51.0859705],[16.974402,51.0859602],[16.9744157,51.0859585],[16.9744293,51.0859568],[16.9744423,51.0859545],[16.9744553,51.0859521],[16.9744683,51.0859498],[16.9744813,51.0859475],[16.9744951,51.0859456],[16.9745089,51.0859437],[16.9745227,51.0859417],[16.9745365,51.0859398],[16.9745502,51.0859379],[16.974564,51.085936],[16.9745778,51.0859341],[16.9745916,51.0859321],[16.9746054,51.0859302],[16.9746192,51.0859283],[16.974633,51.0859264],[16.9746468,51.0859245],[16.9746606,51.0859225],[16.9746743,51.0859206],[16.9746881,51.0859187],[16.9747019,51.0859168],[16.9747157,51.0859149],[16.9747295,51.0859129],[16.9747433,51.085911],[16.9747571,51.0859091],[16.9747709,51.0859072],[16.9747846,51.0859053],[16.9747984,51.0859033],[16.9748122,51.0859014],[16.974826,51.0858995],[16.9748398,51.0858976],[16.9748536,51.0858957],[16.9748674,51.0858937],[16.9748812,51.0858918],[16.974895,51.0858899],[16.9749087,51.085888],[16.9749639,51.0858803]]}},{"type":"Feature","properties":{"layer":"roads"},"geometry":{"type":"LineString","coordinates":[[16.9751357,51.0861594],[16.9751206,51.0861204],[16.9751179,51.0861122],[16.9751153,51.086104],[16.9751127,51.0860958],[16.97511,51.0860876],[16.9751074,51.0860794],[16.9751042,51.0860707],[16.9751011,51.0860619],[16.9750979,51.0860532],[16.9750947,51.0860445],[16.9750916,51.0860357],[16.9750884,51.086027],[16.9750853,51.0860183],[16.9750821,51.0860095],[16.9750789,51.0860008],[16.9750758,51.0859921],[16.9750726,51.0859834],[16.9750694,51.0859746],[16.9750663,51.0859659],[16.9750631,51.0859572],[16.97506,51.0859484],[16.9750473,51.0859135]]}},{"type":"Feature","properties":{"layer":"roads"},"geometry":{"type":"LineString","coordinates":[[16.9782997,51.0842531],[16.9783075,51.0842925],[16.9783229,51.0843176],[16.9783281,51.084326],[16.9783332,51.0843344],[16.9783384,51.0843428],[16.9783436,51.0843512],[16.9783487,51.0843596],[16.9783539,51.0843679],[16.978359,51.0843763],[16.9783642,51.0843847],[16.9783693,51.0843931],[16.9783745,51.0844015],[16.9783797,51.0844099],[16.9783848,51.0844182],[16.97839,51.0844266],[16.9783951,51.084435],[16.9784003,51.0844434],[16.9784054,51.0844518],[16.9784106,51.0844601],[16.9784157,51.0844685],[16.9784209,51.0844769],[16.9784261,51.0844853],[16.9784312,51.0844937],[16.9784364,51.0845021],[16.9784518,51.0845272],[16.9784792,51.0845501]]}},{"type":"Feature","properties":{"layer":"roads"},"geometry":{"type":"LineString","coordinates":[[16.9791646,51.0867792],[16.979196,51.0868018],[16.9791991,51.0868105],[16.9792023,51.0868192],[16.9792054,51.0868279],[16.9792085,51.0868366],[16.9792116,51.0868453],[16.9792147,51.086854],[16.9792178,51.0868627],[16.9792209,51.0868714],[16.979224,51.0868801],[16.9792271,51.0868888],[16.9792302,51.0868975],[16.9792333,51.0869062],[16.9792364,51.0869149],[16.9792395,51.0869236],[16.9792426,51.0869323],[16.9792457,51.086941],[16.9792488,51.0869497],[16.9792519,51.0869584],[16.9792551,51.0869672],[16.9792582,51.0869759],[16.9792613,51.0869846],[16.9792644,51.0869933],[16.9792675,51.087002],[16.9792706,51.0870107],[16.9792737,51.0870194],[16.9792768,51.0870281],[16.9792799,51.0870368],[16.979283,51.0870455],[16.9792861,51.0870542],[16.9792892,51.0870629],[16.9792923,51.0870716],[16.9792954,51.0870803],[16.9792985,51.087089],[16.9793017,51.0870977],[16.9793048,51.0871064],[16.9793079,51.0871151],[16.979311,51.0871238],[16.9792969,51.0871544]]}},{"type":"Feature","properties":{"layer":"roads"},"geometry":{"type":"LineString","coordinates":[[16.9791646,51.0867792],[16.9791293,51.0868053],[16.9791212,51.0868123],[16.9791131,51.0868192],[16.979105,51.0868262],[16.9790969,51.0868331],[16.9790888,51.08684],[16.9790807,51.086847],[16.9790726,51.0868526],[16.9790644,51.0868582],[16.9790563,51.0868639],[16.9790482,51.0868695],[16.979042,51.0868773],[16.9790358,51.0868851],[16.9790296,51.0868929],[16.9790234,51.0869007],[16.9790171,51.0869085],[16.9790109,51.0869163],[16.9790047,51.0869241],[16.9789985,51.0869319],[16.9789923,51.0869397],[16.9789861,51.0869474],[16.9789799,51.0869552],[16.9789737,51.086963],[16.9789675,51.0869708],[16.9789613,51.0869786],[16.978955,51.0869864],[16.9789488,51.0869942],[16.9789426,51.087002],[16.9789364,51.0870098],[16.978955,51.0870362]]}},{"type":"Feature","properties":{"layer":"roads"},"geometry":{"type":"LineString","coordinates":[[16.9810002,51.0859525],[16.9810141,51.0859819],[16.9810244,51.085988],[16.9810348,51.0859942],[16.9810452,51.0860003],[16.9810556,51.0860064],[16.981066,51.0860125],[16.9810763,51.0860187],[16.9810867,51.0860248],[16.9810971,51.0860309],[16.9811074,51.0860371],[16.9811178,51.0860432],[16.9811282,51.0860493],[16.9811394,51.0860543],[16.9811507,51.0860593],[16.9811619,51.0860643],[16.9811732,51.0860693],[16.9811844,51.0860744],[16.9811957,51.0860794],[16.9812069,51.0860844],[16.9812181,51.0860894],[16.9812294,51.0860944],[16.9812406,51.0860994],[16.9812519,51.0861044],[16.9812631,51.0861094],[16.9812743,51.0861144],[16.9812856,51.0861194],[16.9812968,51.0861245],[16.9813081,51.0861295],[16.9813193,51.0861345],[16.9813306,51.0861395],[16.9813418,51.0861445],[16.9813545,51.0861483],[16.9813672,51.0861522],[16.9813799,51.086156],[16.9813926,51.0861599],[16.9814053,51.0861637],[16.981418,51.0861676],[16.9814306,51.0861714],[16.9814433,51.0861753],[16.981456,51.0861791],[16.9814687,51.086183],[16.9814814,51.0861868],[16.9814941,51.0861907],[16.9815408,51.086215]]}},{"type":"Feature","properties":{"layer":"roads"},"geometry":{"type":"LineString","coordinates":[[16.9784792,51.0845501],[16.9785336,51.0845586],[16.9785464,51.0845624],[16.9785591,51.0845663],[16.9785719,51.0845701],[16.9785847,51.0845739],[16.9785974,51.0845778],[16.9786102,51.0845816],[16.978623,51.0845854],[16.9786357,51.0845893],[16.9786485,51.0845931],[16.9786613,51.0845969],[16.978674,51.0846007],[16.9786868,51.0846046],[16.9786996,51.0846084],[16.9787124,51.0846122],[16.9787251,51.0846161],[16.9787379,51.0846199],[16.9787507,51.0846237],[16.9787634,51.0846276],[16.9787762,51.0846314],[16.978789,51.0846352],[16.9788017,51.0846391],[16.9788145,51.0846429],[16.9788273,51.0846467],[16.97884,51.0846506],[16.9788528,51.0846544],[16.9788656,51.0846582],[16.9788783,51.0846621],[16.9788911,51.0846659],[16.9789039,51.0846682],[16.9789166,51.0846706],[16.9789294,51.0846729],[16.9789421,51.0846753],[16.9789549,51.0846776],[16.9789676,51.08468],[16.9790131,51.0847045]]}},{"type":"Feature","properties":{"layer":"roads"},"geometry":{"type":"LineString","coordinates":[[16.9762117,51.0860109],[16.9762308,51.0860364],[16.9762338,51.0860445],[16.9762367,51.0860525],[16.9762397,51.0860605],[16.9762427,51.0860685],[16.9762457,51.0860766],[16.9762487,51.0860846],[16.976252,51.0860927],[16.9762554,51.0861007],[16.9762615,51.086133]]}},{"type":"Feature","properties":{"layer":"roads"},"geometry":{"type":"LineString","coordinates":[[16.9762117,51.0860109],[16.976164,51.0860116],[16.9761503,51.0860134],[16.9761366,51.0860152],[16.9761229,51.086017],[16.9761092,51.0860188],[16.9760955,51.0860206],[16.9760818,51.0860225],[16.9760681,51.0860243],[16.9760544,51.0860261],[16.9760047,51.0860413]]}},{"type":"Feature","properties":{"layer":"roads"},"geometry":{"type":"LineString","coordinates":[[16.9816204,51.086311],[16.9815877,51.0862836],[16.981581,51.0862762],[16.9815742,51.0862688],[16.9815675,51.0862613],[16.9815607,51.0862539],[16.981554,51.0862465],[16.9815408,51.086215]]}},{"type":"Feature","properties":{"layer":"roads"},"geometry":{"type":"LineString","coordinates":[[16.9816204,51.086311],[16.9816588,51.0862943],[16.9816699,51.0862895],[16.9816809,51.0862848],[16.9816919,51.08628],[16.981703,51.0862753],[16.981714,51.0862705],[16.981725,51.0862658],[16.9817637,51.0862436]]}},{"type":"Feature","properties":{"layer":"roads"},"geometry":{"type":"LineString","coordinates":[[16.9790063,51.0924965],[16.9789536,51.092509],[16.9789399,51.0925108],[16.9789262,51.0925127],[16.9789124,51.0925145],[16.9788987,51.0925164],[16.978885,51.0925183],[16.9788713,51.0925201],[16.9788575,51.092522],[16.9788438,51.0925238],[16.9788301,51.0925257],[16.9788164,51.0925275],[16.9788026,51.0925294],[16.9787889,51.0925312],[16.9787752,51.0925331],[16.9787615,51.092535],[16.9787477,51.0925368],[16.978734,51.0925387],[16.9787203,51.0925405],[16.9787066,51.0925424],[16.9786928,51.0925442],[16.9786791,51.0925461],[16.9786654,51.092548],[16.9786517,51.0925498],[16.9786379,51.0925517],[16.9786242,51.0925535],[16.9786105,51.0925554],[16.9785968,51.0925572],[16.978583,51.0925591],[16.9785693,51.0925609],[16.9785556,51.0925628],[16.9785419,51.0925647],[16.9785281,51.0925665],[16.9785144,51.0925684],[16.9785007,51.0925702],[16.978487,51.0925721],[16.9784732,51.0925739],[16.9784595,51.0925758],[16.9784462,51.092576],[16.9784328,51.0925763],[16.9784195,51.0925765],[16.9784062,51.0925767],[16.9783929,51.0925769],[16.9783795,51.0925772],[16.9783547,51.0925706],[16.9783278,51.0925549],[16.9783182,51.0925493],[16.9783086,51.0925436],[16.978299,51.092538],[16.9782894,51.0925324],[16.9782798,51.0925267],[16.9782702,51.0925211],[16.9782594,51.0925165],[16.9782486,51.0925118],[16.9782378,51.0925072],[16.9782269,51.0925026],[16.9782161,51.092498],[16.9782053,51.0924933],[16.9781945,51.0924887],[16.9781818,51.0924856],[16.9781691,51.0924826],[16.9781565,51.0924795],[16.9781438,51.0924764],[16.9781311,51.0924734],[16.9781184,51.0924703],[16.9781115,51.0924637],[16.9781046,51.0924571],[16.9780977,51.0924505],[16.9780909,51.092444],[16.978084,51.0924374],[16.9780771,51.0924308],[16.9780702,51.0924242],[16.9780662,51.092416],[16.9780621,51.0924078],[16.9780581,51.0923995],[16.9780541,51.0923913],[16.97805,51.0923831],[16.978046,51.0923748],[16.978042,51.0923666],[16.9780379,51.0923584],[16.9780258,51.0923337],[16.9780249,51.0922971]]}},{"type":"Feature","properties":{"layer":"roads"},"geometry":{"type":"LineString","coordinates":[[16.9790063,51.0924965],[16.9790496,51.0924961],[16.9790633,51.0924943],[16.9790769,51.0924925],[16.9790906,51.0924907],[16.9791043,51.0924889],[16.979118,51.0924871],[16.9791698,51.0924855]]}},{"type":"Feature","properties":{"layer":"roads"},"geometry":{"type":"LineString","coordinates":[[16.9790063,51.0924965],[16.9790091,51.0924693],[16.9790127,51.0924608],[16.9790162,51.0924523],[16.9790198,51.0924437],[16.9790234,51.0924352],[16.979027,51.0924267],[16.9790305,51.0924182],[16.9790341,51.0924096],[16.9790377,51.0924011],[16.9790413,51.0923926],[16.9790448,51.0923841],[16.9790484,51.0923755],[16.979052,51.092367],[16.9790556,51.0923585],[16.9790591,51.09235],[16.9790627,51.0923415],[16.9790663,51.0923329],[16.9790698,51.0923244],[16.9790734,51.0923159],[16.979077,51.0923074],[16.9790806,51.0922988],[16.9790841,51.0922903],[16.9790877,51.0922818],[16.9790913,51.0922733],[16.9790949,51.0922647],[16.9790984,51.0922562],[16.979102,51.0922477],[16.9791196,51.0922075]]}},{"type":"Feature","properties":{"layer":"roads"},"geometry":{"type":"LineString","coordinates":[[16.9792932,51.0852858],[16.9793406,51.0852879],[16.9793545,51.0852868],[16.9793683,51.0852857],[16.9793821,51.0852846],[16.9793959,51.0852835],[16.9794098,51.0852824],[16.9794508,51.0852742]]}},{"type":"Feature","properties":{"layer":"roads"},"geometry":{"type":"LineString","coordinates":[[16.9792932,51.0852858],[16.9792774,51.0852578],[16.9792754,51.0852491],[16.9792734,51.0852405],[16.9792714,51.0852319],[16.9792695,51.0852232],[16.9792675,51.0852146],[16.9792655,51.085206],[16.9792635,51.0851974],[16.979263,51.0851628]]}},{"type":"Feature","properties":{"layer":"roads"},"geometry":{"type":"LineString","coordinates":[[16.9780249,51.0922971],[16.9780005,51.0922739],[16.9779969,51.0922653],[16.9779933,51.0922568],[16.9779898,51.0922482],[16.9779862,51.0922396],[16.9779827,51.092231],[16.9779791,51.0922224],[16.9779755,51.0922138],[16.977972,51.0922052],[16.9779684,51.0921966],[16.9779649,51.092188],[16.9779613,51.0921794],[16.9779578,51.0921708],[16.9779542,51.0921622],[16.9779506,51.0921536],[16.9779471,51.092145],[16.9779435,51.0921364],[16.97794,51.0921278],[16.9779364,51.0921193],[16.9779328,51.0921107],[16.9779293,51.0921021],[16.9779257,51.0920935],[16.9779222,51.0920849],[16.9779182,51.0920525]]}},{"type":"Feature","properties":{"layer":"roads"},"geometry":{"type":"LineString","coordinates":[[16.9780249,51.0922971],[16.9780627,51.0922806],[16.9780696,51.0922731],[16.9780764,51.0922656],[16.9780832,51.0922581],[16.97809,51.0922506],[16.9780969,51.0922431],[16.9781037,51.0922356],[16.9781105,51.0922281],[16.9781173,51.0922206],[16.9781242,51.0922131],[16.978131,51.0922057],[16.9781378,51.0921982],[16.9781446,51.0921907],[16.9781515,51.0921832],[16.9781583,51.0921757],[16.9781651,51.0921682],[16.9781721,51.0921608],[16.9781792,51.0921534],[16.9781862,51.092146],[16.9781932,51.0921386],[16.9782002,51.0921312],[16.9782073,51.0921239],[16.9782143,51.0921165],[16.9782213,51.0921091],[16.9782283,51.0921017],[16.9782354,51.0920943],[16.9782424,51.0920869],[16.9782494,51.0920795],[16.9782565,51.0920721],[16.9782635,51.0920647],[16.9782705,51.0920573],[16.9782775,51.0920499],[16.978279,51.0920202]]}},{"type":"Feature","properties":{"layer":"roads"},"geometry":{"type":"LineString","coordinates":[[16.978279,51.0920202],[16.9782256,51.0920198],[16.9782122,51.0920218],[16.9781988,51.0920238],[16.9781853,51.0920259],[16.9781719,51.0920279],[16.9781585,51.0920299],[16.978145,51.0920319],[16.9781316,51.092034],[16.9781181,51.092036],[16.9781047,51.092038],[16.9780913,51.09204],[16.9780778,51.0920421],[16.9780644,51.0920441],[16.9780505,51.0920455],[16.9780366,51.0920468],[16.9780227,51.0920482],[16.9780088,51.0920496],[16.9779949,51.0920509],[16.977981,51.0920523],[16.9779671,51.0920536],[16.9779182,51.0920525]]}},{"type":"Feature","properties":{"layer":"roads"},"geometry":{"type":"LineString","coordinates":[[16.9779992,51.0885841],[16.977944,51.0885868],[16.9779304,51.0885888],[16.9779169,51.0885908],[16.9779034,51.0885928],[16.9778899,51.0885948],[16.9778764,51.0885967],[16.9778629,51.0885987],[16.9778494,51.0886007],[16.9778359,51.0886027],[16.9778223,51.0886047],[16.9778088,51.0886067],[16.9777953,51.0886087],[16.9777818,51.0886107],[16.9777683,51.0886127],[16.9777546,51.0886147],[16.977741,51.0886168],[16.9777273,51.0886188],[16.9777137,51.0886209],[16.9777,51.0886229],[16.9776864,51.088625],[16.9776727,51.088627],[16.9776591,51.0886291],[16.9776454,51.0886311],[16.9776317,51.0886331],[16.9776181,51.0886352],[16.9776044,51.0886372],[16.9775908,51.0886393],[16.9775771,51.0886413],[16.9775635,51.0886434],[16.9775498,51.0886454],[16.9775361,51.0886474],[16.9775225,51.0886495],[16.9775088,51.0886515],[16.9774952,51.0886536],[16.9774815,51.0886556],[16.9774679,51.0886577],[16.9774542,51.0886597],[16.9774406,51.0886618],[16.9773788,51.0886626]]}},{"type":"Feature","properties":{"layer":"roads"},"geometry":{"type":"LineString","coordinates":[[16.9779992,51.0885841],[16.9779915,51.0886139],[16.9779899,51.0886226],[16.9779883,51.0886314],[16.9779867,51.0886402],[16.977985,51.0886489],[16.9779834,51.0886577],[16.9779984,51.0886864]]}},{"type":"Feature","properties":{"layer":"roads"},"geometry":{"type":"LineString","coordinates":[[16.9779992,51.0885841],[16.9780522,51.0885704],[16.9780658,51.0885683],[16.9780793,51.0885662],[16.9780929,51.0885641],[16.9781064,51.088562],[16.97812,51.0885599],[16.9781336,51.0885578],[16.9781471,51.0885557],[16.9781607,51.0885536],[16.9781742,51.0885515],[16.9781878,51.0885495],[16.9782013,51.0885474],[16.9782149,51.0885453],[16.9782284,51.0885432],[16.978242,51.0885411],[16.9782556,51.088539],[16.9783022,51.0885365]]}},{"type":"Feature","properties":{"layer":"roads"},"geometry":{"type":"LineString","coordinates":[[16.9779992,51.0885841],[16.9780156,51.0885464],[16.97802,51.0885383],[16.9780244,51.0885301],[16.9780288,51.088522],[16.9780332,51.0885139],[16.9780376,51.0885058],[16.978042,51.0884977],[16.9780464,51.0884896],[16.9780508,51.0884815],[16.9780512,51.0884732],[16.9780616,51.0884387]]}},{"type":"Feature","properties":{"layer":"roads"},"geometry":{"type":"LineString","coordinates":[[16.9808726,51.0881527],[16.9808902,51.0881234],[16.9808873,51.0881147],[16.9808843,51.0881059],[16.9808814,51.0880971],[16.9808785,51.0880884],[16.9808756,51.0880796],[16.9808726,51.0880708],[16.9808697,51.0880621],[16.9808668,51.0880533],[16.9808638,51.0880445],[16.9808609,51.0880358],[16.980858,51.088027],[16.9808551,51.0880183],[16.9808521,51.0880095],[16.9808492,51.0880007],[16.9808463,51.087992],[16.9808433,51.0879832],[16.9808147,51.0879594]]}},{"type":"Feature","properties":{"layer":"roads"},"geometry":{"type":"LineString","coordinates":[[16.9808726,51.0881527],[16.9809149,51.0881621],[16.9809279,51.0881656],[16.9809409,51.0881692],[16.9809539,51.0881727],[16.9809669,51.0881763],[16.9809798,51.0881799],[16.9809928,51.0881834],[16.9810058,51.088187],[16.9810188,51.0881905],[16.9810318,51.0881941],[16.9810448,51.0881977],[16.9810578,51.0882012],[16.9810708,51.0882048],[16.9810838,51.0882083],[16.9810967,51.0882119],[16.9811097,51.0882155],[16.9811227,51.088219],[16.9811357,51.0882226],[16.9811487,51.0882261],[16.9811617,51.0882297],[16.9811739,51.0882341],[16.9811861,51.0882384],[16.9811983,51.0882428],[16.9812105,51.0882471],[16.9812227,51.0882515],[16.9812349,51.0882558],[16.9812471,51.0882602],[16.9812593,51.0882646],[16.9812715,51.0882689],[16.9812837,51.0882733],[16.981296,51.0882776],[16.9813082,51.088282],[16.9813204,51.0882863],[16.9813326,51.0882907],[16.9813448,51.0882951],[16.981357,51.0882994],[16.9813692,51.0883038],[16.9813814,51.0883081],[16.9814318,51.08832]]}},{"type":"Feature","properties":{"layer":"roads"},"geometry":{"type":"LineString","coordinates":[[16.9814318,51.08832],[16.9814653,51.0883398],[16.9814771,51.0883445],[16.9814889,51.0883491],[16.9815007,51.0883538],[16.9815126,51.0883585],[16.9815244,51.0883631],[16.9815362,51.0883678],[16.981548,51.0883724],[16.9815598,51.0883771],[16.9815716,51.0883817],[16.9815835,51.0883864],[16.9815953,51.088391],[16.9816071,51.0883957],[16.9816194,51.0884001],[16.9816318,51.0884045],[16.9816441,51.0884089],[16.9816564,51.0884133],[16.9816688,51.0884177],[16.9816811,51.0884221],[16.9816934,51.0884266],[16.9817421,51.0884293]]}},{"type":"Feature","properties":{"layer":"roads"},"geometry":{"type":"LineString","coordinates":[[16.979275,51.0918878],[16.9793032,51.0919175],[16.9793079,51.0919257],[16.9793127,51.0919339],[16.9793174,51.0919421],[16.9793222,51.0919503],[16.979327,51.0919585],[16.9793317,51.0919667],[16.9793365,51.0919749],[16.9793412,51.0919831],[16.9793442,51.0919917],[16.9793473,51.0920004],[16.9793503,51.092009],[16.9793534,51.0920177],[16.9793564,51.0920263],[16.9793595,51.092035],[16.9793625,51.0920436],[16.9793656,51.0920523],[16.9793686,51.0920609],[16.9793716,51.0920695],[16.9793747,51.0920782],[16.9793777,51.0920868],[16.9793808,51.0920955],[16.9793838,51.0921041],[16.9793869,51.0921128],[16.9793899,51.0921214],[16.979393,51.0921301],[16.979396,51.0921387],[16.9793991,51.0921474],[16.9794021,51.092156],[16.9794051,51.0921646],[16.9794082,51.0921733],[16.9794112,51.0921819],[16.9794143,51.0921906],[16.9794173,51.0921992],[16.9794048,51.0922294]]}},{"type":"Feature","properties":{"layer":"roads"},"geometry":{"type":"LineString","coordinates":[[16.979275,51.0918878],[16.9792627,51.0919269],[16.9792584,51.0919353],[16.9792541,51.0919437],[16.9792498,51.0919522],[16.9792455,51.0919606],[16.9792411,51.091969],[16.9792368,51.0919775],[16.9792325,51.0919859],[16.9792282,51.0919943],[16.9792239,51.0920028],[16.9792196,51.0920112],[16.9792153,51.0920196],[16.979211,51.0920281],[16.9792067,51.0920365],[16.9792024,51.0920449],[16.9791981,51.0920534],[16.9791938,51.0920618],[16.9791895,51.0920702],[16.9791852,51.0920787],[16.9791809,51.0920871],[16.9791766,51.0920955],[16.9791723,51.092104],[16.979168,51.0921124],[16.9791637,51.0921208],[16.9791594,51.0921293],[16.979155,51.0921377],[16.9791507,51.0921461],[16.9791464,51.0921546],[16.9791421,51.092163],[16.9791378,51.0921714],[16.9791335,51.0921799],[16.9791196,51.0922075]]}},{"type":"Feature","properties":{"layer":"roads"},"geometry":{"type":"LineString","coordinates":[[16.9794048,51.0922294],[16.9793583,51.0922292],[16.9793441,51.0922283],[16.9793298,51.0922274],[16.9793156,51.0922265],[16.9793014,51.0922255],[16.9792871,51.0922246],[16.9792729,51.0922237],[16.9792587,51.0922228],[16.9792444,51.0922219],[16.9792302,51.0922209],[16.979216,51.09222],[16.9792017,51.0922191],[16.9791875,51.0922182],[16.9791732,51.0922173],[16.9791196,51.0922075]]}},{"type":"Feature","properties":{"layer":"roads"},"geometry":{"type":"LineString","coordinates":[[16.9794048,51.0922294],[16.9794582,51.0922958]]}},{"type":"Feature","properties":{"layer":"roads"},"geometry":{"type":"LineString","coordinates":[[16.9790131,51.0847045],[16.9790589,51.0846995],[16.979072,51.0847024],[16.9790851,51.0847052],[16.9790982,51.0847081],[16.9791112,51.084711],[16.9791243,51.0847138],[16.9791374,51.0847167],[16.9791505,51.0847196],[16.9791636,51.0847224],[16.9791766,51.0847253],[16.9791897,51.0847282],[16.9792028,51.084731],[16.9792159,51.0847339],[16.979229,51.0847368],[16.9792421,51.0847396],[16.9792552,51.0847425],[16.9792682,51.0847454],[16.9792813,51.0847482],[16.9792944,51.0847511],[16.9793078,51.084754],[16.9793212,51.0847568],[16.9793346,51.0847597],[16.979348,51.0847626],[16.9793614,51.0847654],[16.9793748,51.0847683],[16.9793882,51.0847712],[16.9794016,51.084774],[16.979415,51.0847769],[16.9794284,51.0847798],[16.9794418,51.0847826],[16.9794552,51.0847855],[16.9794743,51.0848116]]}},{"type":"Feature","properties":{"layer":"roads"},"geometry":{"type":"LineString","coordinates":[[16.9790131,51.0847045],[16.9790261,51.0847373],[16.9790327,51.0847452],[16.9790392,51.084753],[16.9790457,51.0847609],[16.9790523,51.0847687],[16.9790588,51.0847766],[16.9790619,51.0847848],[16.9790649,51.0847931],[16.979068,51.0848013],[16.979071,51.0848095],[16.9790741,51.0848178],[16.9790771,51.084826],[16.9790802,51.0848343],[16.9790995,51.0848665]]}},{"type":"Feature","properties":{"layer":"roads"},"geometry":{"type":"LineString","coordinates":[[16.9794743,51.0848116],[16.9794224,51.0848254],[16.9794086,51.0848271],[16.9793949,51.0848288],[16.9793811,51.0848306],[16.9793674,51.0848323],[16.9793537,51.0848341],[16.9793399,51.0848358],[16.9793261,51.0848376],[16.9793124,51.0848393],[16.9792986,51.084841],[16.9792849,51.0848428],[16.9792711,51.0848445],[16.9792574,51.0848463],[16.9792436,51.084848],[16.9792299,51.0848498],[16.9792161,51.0848515],[16.9792024,51.0848533],[16.9791886,51.084855],[16.9791749,51.0848567],[16.9791611,51.0848585],[16.9791474,51.0848602],[16.9790995,51.0848665]]}},{"type":"Feature","properties":{"layer":"roads"},"geometry":{"type":"LineString","coordinates":[[16.9762615,51.086133],[16.9762094,51.0861206],[16.9761968,51.0861165],[16.9761843,51.0861125],[16.9761717,51.0861084],[16.9761592,51.0861043],[16.9761467,51.0861002],[16.9761341,51.0860961],[16.9761216,51.086092],[16.976109,51.0860879],[16.9760965,51.0860838],[16.9760839,51.0860797],[16.9760714,51.0860756],[16.9760589,51.0860715],[16.9760463,51.0860674],[16.9760338,51.0860634],[16.9760047,51.0860413]]}},{"type":"Feature","properties":{"layer":"roads"},"geometry":{"type":"LineString","coordinates":[[16.9818413,51.091156],[16.9818204,51.0911299],[16.9817923,51.0910959]]}},{"type":"Feature","properties":{"layer":"roads"},"geometry":{"type":"LineString","coordinates":[[16.9791196,51.0922075],[16.979067,51.0921967],[16.9790546,51.0921925],[16.9790423,51.0921882],[16.97903,51.092184],[16.9790176,51.0921798],[16.9790053,51.0921755],[16.9789929,51.0921713],[16.9789806,51.0921671],[16.9789683,51.0921629],[16.9789559,51.0921586],[16.9789436,51.0921544],[16.9789209,51.0921273],[16.9789239,51.0921118],[16.9789207,51.0921032],[16.9789175,51.0920945],[16.9789143,51.0920859],[16.9789111,51.0920773],[16.9789079,51.0920687],[16.9789047,51.0920601],[16.9789015,51.0920515],[16.9788983,51.0920428],[16.9788951,51.0920342],[16.9788919,51.0920256],[16.9788887,51.092017],[16.9788855,51.0920084],[16.9788823,51.0919998],[16.9788791,51.0919911],[16.9788759,51.0919825],[16.9788727,51.0919739],[16.9788695,51.0919653],[16.9788663,51.0919567],[16.9788533,51.0919223]]}},{"type":"Feature","properties":{"layer":"roads"},"geometry":{"type":"LineString","coordinates":[[16.9790995,51.0848665],[16.9791114,51.084901],[16.9791161,51.0849094],[16.9791208,51.0849178],[16.9791256,51.0849263],[16.9791303,51.0849347],[16.9791351,51.0849432],[16.9791398,51.0849516],[16.9791446,51.0849601],[16.9791493,51.0849685],[16.979154,51.0849769],[16.9791588,51.0849854],[16.9791635,51.0849938],[16.9791683,51.0850023],[16.979173,51.0850107],[16.9791777,51.0850191],[16.9791825,51.0850276],[16.9791872,51.085036],[16.979192,51.0850445],[16.9791967,51.0850529],[16.9792014,51.0850613],[16.9792062,51.0850698],[16.9792109,51.0850782],[16.9792157,51.0850867],[16.9792204,51.0850951],[16.9792252,51.0851036],[16.9792299,51.085112],[16.9792346,51.0851204],[16.9792394,51.0851289],[16.9792441,51.0851373],[16.979263,51.0851628]]}},{"type":"Feature","properties":{"layer":"roads"},"geometry":{"type":"LineString","coordinates":[[16.9817923,51.0910959],[16.9817481,51.0910916],[16.9817371,51.0910864],[16.9817261,51.0910812],[16.9817152,51.091076],[16.9817042,51.0910708],[16.9816932,51.0910657],[16.9816823,51.0910605],[16.9816713,51.0910553],[16.9816603,51.0910502],[16.9816493,51.091045],[16.9816384,51.0910398],[16.9816274,51.0910346],[16.9816164,51.0910294],[16.9816055,51.0910243],[16.9815945,51.0910191],[16.9815824,51.0910147],[16.9815704,51.0910103],[16.9815583,51.0910059],[16.9815462,51.0910015],[16.9815341,51.0909971],[16.9815221,51.0909927],[16.98151,51.0909883],[16.9814979,51.0909839],[16.9814858,51.0909796],[16.9814738,51.0909752],[16.9814617,51.0909708],[16.9814496,51.0909664],[16.9814255,51.0909408]]}},{"type":"Feature","properties":{"layer":"roads"},"geometry":{"type":"LineString","coordinates":[[16.9779984,51.0886864],[16.9780406,51.0886781],[16.9780518,51.0886727],[16.9780629,51.0886673],[16.9780741,51.0886619],[16.9780852,51.0886566],[16.9780964,51.0886512],[16.9781075,51.0886458],[16.9781187,51.0886404],[16.9781298,51.0886351],[16.978141,51.0886297],[16.9781521,51.0886243],[16.9781633,51.0886189],[16.9781744,51.0886136],[16.9781856,51.0886082],[16.9781967,51.0886028],[16.9782079,51.0885974],[16.978219,51.0885921],[16.9782302,51.0885867],[16.9782413,51.0885813],[16.9782525,51.0885759],[16.9782636,51.0885706],[16.9782748,51.0885652],[16.9783022,51.0885365]]}},{"type":"Feature","properties":{"layer":"roads"},"geometry":{"type":"LineString","coordinates":[[16.9783022,51.0885365],[16.9782827,51.0885114],[16.9782691,51.0885096],[16.9782556,51.0885078],[16.978242,51.088506],[16.9782285,51.0885042],[16.9782149,51.0885024],[16.9782035,51.0884973],[16.9781921,51.0884922],[16.9781807,51.0884871],[16.9781693,51.088482],[16.9781579,51.0884769],[16.9781465,51.0884718],[16.9781351,51.0884667],[16.9781237,51.0884616],[16.9781123,51.0884565],[16.9781041,51.0884494],[16.9780616,51.0884387]]}},{"type":"Feature","properties":{"layer":"roads"},"geometry":{"type":"LineString","coordinates":[[16.979263,51.0851628],[16.979314,51.0851755],[16.9793261,51.0851798],[16.9793382,51.085184],[16.9793502,51.0851883],[16.9793623,51.0851925],[16.9793744,51.0851968],[16.979382,51.0852036],[16.9793895,51.0852103],[16.9793971,51.0852171],[16.9794046,51.0852239],[16.9794122,51.0852306],[16.9794197,51.0852374],[16.9794273,51.0852442],[16.9794508,51.0852742]]}},{"type":"Feature","properties":{"layer":"roads"},"geometry":{"type":"LineString","coordinates":[[16.9781985,51.090503],[16.9781301,51.0904751],[16.978077,51.0904578]]}},{"type":"Feature","properties":{"layer":"roads"},"geometry":{"type":"LineString","coordinates":[[16.9811221,51.087316],[16.9811339,51.0872869],[16.98114,51.0872788],[16.9811462,51.0872707],[16.9811523,51.0872626],[16.9811585,51.0872545],[16.9811646,51.0872464],[16.9811707,51.0872382],[16.9811769,51.0872301],[16.981183,51.087222],[16.9811892,51.0872139],[16.9811953,51.0872058],[16.9812015,51.0871977],[16.9812076,51.0871895],[16.9812137,51.0871814],[16.9812199,51.0871733],[16.9812528,51.087147]]}},{"type":"Feature","properties":{"layer":"roads"},"geometry":{"type":"LineString","coordinates":[[16.9817637,51.0862436],[16.9817118,51.0862301],[16.9816982,51.0862277],[16.9816845,51.0862254],[16.9816708,51.086223],[16.9816572,51.0862206],[16.9816435,51.0862182],[16.9816298,51.0862159],[16.9816162,51.0862135],[16.9816025,51.0862111],[16.9815888,51.0862087],[16.9815408,51.086215]]}},{"type":"Feature","properties":{"layer":"roads"},"geometry":{"type":"LineString","coordinates":[[16.9819448,51.0865809],[16.9819709,51.0865565],[16.9819741,51.086548],[16.9819773,51.0865395],[16.9819805,51.0865309],[16.9819838,51.0865224],[16.981987,51.0865139],[16.9819902,51.0865054],[16.9819934,51.0864969],[16.9819966,51.0864884],[16.9819999,51.0864799],[16.9820031,51.0864714],[16.9820063,51.0864629],[16.9820095,51.0864544],[16.9820127,51.0864459],[16.9820159,51.0864374],[16.9820192,51.0864289],[16.9820078,51.0864006]]}},{"type":"Feature","properties":{"layer":"roads"},"geometry":{"type":"LineString","coordinates":[[16.9805858,51.0881843],[16.9806264,51.0881951],[16.9806401,51.0881933],[16.9806539,51.0881915],[16.9806677,51.0881896],[16.9806815,51.0881878],[16.9806952,51.088186],[16.980709,51.0881841],[16.9807228,51.0881823],[16.9807366,51.0881805],[16.9807504,51.0881786],[16.9807641,51.0881768],[16.9807779,51.088175],[16.9807917,51.0881731],[16.9808055,51.0881713],[16.9808192,51.0881695],[16.980833,51.0881677],[16.9808726,51.0881527]]}},{"type":"Feature","properties":{"layer":"roads"},"geometry":{"type":"LineString","coordinates":[[16.9771245,51.0885534],[16.9771385,51.0885916],[16.9771419,51.0886002],[16.9771454,51.0886088],[16.9771488,51.0886174],[16.9771523,51.0886261],[16.9771557,51.0886347],[16.9771592,51.0886433],[16.9771626,51.0886519],[16.977166,51.0886605],[16.9771795,51.0886949]]}},{"type":"Feature","properties":{"layer":"roads"},"geometry":{"type":"LineString","coordinates":[[16.9771245,51.0885534],[16.9771779,51.0885746],[16.9771892,51.0885799],[16.9772005,51.0885851],[16.9772119,51.0885903],[16.9772232,51.0885956],[16.9772345,51.0886008],[16.9772465,51.0886047],[16.9772586,51.0886087],[16.9772706,51.0886126],[16.9772826,51.0886165],[16.9772946,51.0886205],[16.9773067,51.0886244],[16.9773187,51.0886284],[16.9773307,51.0886323],[16.9773427,51.0886362],[16.9773547,51.0886402],[16.9773788,51.0886626]]}},{"type":"Feature","properties":{"layer":"roads"},"geometry":{"type":"LineString","coordinates":[[16.9773788,51.0886626],[16.9773308,51.0886759],[16.9773171,51.0886777],[16.9773033,51.0886794],[16.9772896,51.0886811],[16.9772759,51.0886829],[16.9772622,51.0886846],[16.9772484,51.0886863],[16.9772347,51.0886881],[16.9771795,51.0886949]]}},{"type":"Feature","properties":{"layer":"roads"},"geometry":{"type":"LineString","coordinates":[[16.9793271,51.0924449],[16.9792801,51.0924656],[16.9792398,51.0924709],[16.9792263,51.0924727],[16.9792129,51.0924745],[16.9791698,51.0924855]]}},{"type":"Feature","properties":{"layer":"roads"},"geometry":{"type":"LineString","coordinates":[[16.9793271,51.0924449],[16.9793332,51.0924163],[16.9793398,51.0924084],[16.9793464,51.0924005],[16.979353,51.0923925],[16.9793596,51.0923846],[16.9793662,51.0923767],[16.9793729,51.0923688],[16.9793795,51.0923609],[16.9793861,51.092353],[16.9793927,51.092345],[16.9793993,51.0923371],[16.9794059,51.0923292],[16.9794125,51.0923213],[16.9794191,51.0923134],[16.9794582,51.0922958]]}},{"type":"Feature","properties":{"layer":"roads"},"geometry":{"type":"LineString","coordinates":[[16.9788533,51.0919223],[16.9787983,51.0919316],[16.9787845,51.0919339],[16.9787707,51.0919363],[16.9787569,51.0919386],[16.9787431,51.091941],[16.9787293,51.0919433],[16.9787154,51.0919456],[16.9787016,51.091948],[16.9786878,51.0919503],[16.978674,51.0919527],[16.9786602,51.091955],[16.9786167,51.0919685]]}},{"type":"Feature","properties":{"layer":"roads"},"geometry":{"type":"LineString","coordinates":[[16.9779577,51.0903395],[16.9779925,51.0903592],[16.977998,51.0903672],[16.9780035,51.0903753],[16.9780115,51.0903818],[16.9780196,51.0903884],[16.9780276,51.0903949],[16.9780357,51.0904015],[16.9780437,51.090408],[16.9780518,51.0904146],[16.9780598,51.0904211],[16.978068,51.0904284],[16.978077,51.0904578]]}},{"type":"Feature","properties":{"layer":"roads"},"geometry":{"type":"LineString","coordinates":[[16.9786167,51.0919685],[16.9786272,51.092015]]}},{"type":"Feature","properties":{"layer":"roads"},"geometry":{"type":"LineString","coordinates":[[16.9738929,51.084827],[16.9739482,51.0848178],[16.973962,51.0848155],[16.9739758,51.0848132],[16.9739896,51.0848109],[16.9740035,51.0848086],[16.9740173,51.0848063],[16.9740311,51.084804],[16.9740449,51.0848017],[16.9740587,51.0847994],[16.9740726,51.0847971],[16.9740864,51.0847948],[16.9741198,51.0847772]]}},{"type":"Feature","properties":{"layer":"roads"},"geometry":{"type":"LineString","coordinates":[[16.9771795,51.0886949],[16.9771917,51.0887288],[16.9771947,51.0887373],[16.9771977,51.0887457],[16.9772006,51.0887541],[16.9772036,51.0887626],[16.9772066,51.088771],[16.9772095,51.0887795],[16.9772125,51.0887879],[16.9772284,51.0888261]]}},{"type":"Feature","properties":{"layer":"roads"},"geometry":{"type":"LineString","coordinates":[[16.9791698,51.0924855],[16.9791769,51.0925349]]}},{"type":"Feature","properties":{"layer":"roads"},"geometry":{"type":"LineString","coordinates":[[16.9772284,51.0888261],[16.9772931,51.0887949]]}},{"type":"Feature","properties":{"layer":"roads"},"geometry":{"type":"LineString","coordinates":[[16.975015,51.0858251],[16.9750087,51.085873]]}},{"type":"Feature","properties":{"layer":"roads"},"geometry":{"type":"LineString","coordinates":[[16.9749639,51.0858803],[16.9750087,51.085873]]}},{"type":"Feature","properties":{"layer":"roads"},"geometry":{"type":"LineString","coordinates":[[16.9750473,51.0859135],[16.9750087,51.085873]]}},{"type":"Feature","properties":{"layer":"obstacles"},"geometry":{"type":"Polygon","coordinates":[[[16.9810863,51.0849195],[16.9810716,51.0848743],[16.9810381,51.0848786],[16.9810529,51.0849238],[16.9810863,51.0849195]]]}},{"type":"Feature","properties":{"layer":"obstacles"},"geometry":{"type":"Polygon","coordinates":[[[16.9806655,51.0837751],[16.9806821,51.0837247],[16.9806078,51.0837366],[16.980626,51.0837823],[16.9806655,51.0837751]]]}},{"type":"Feature","properties":{"layer":"obstacles"},"geometry":{"type":"Polygon","coordinates":[[[16.9776481,51.0830323],[16.9784539,51.0828406],[16.9787728,51.0827643],[16.9791255,51.0831775],[16.9787728,51.0827643],[16.9784539,51.0828406],[16.9776481,51.0830323]]]}},{"type":"Feature","properties":{"layer":"obstacles"},"geometry":{"type":"Polygon","coordinates":[[[16.9763186,51.0833449],[16.9767846,51.0832336],[16.9775181,51.0830643],[16.9767846,51.0832336],[16.9763186,51.0833449]]]}},{"type":"Feature","properties":{"layer":"obstacles"},"geometry":{"type":"Polygon","coordinates":[[[16.9800153,51.0848183],[16.9804653,51.0859063],[16.9800153,51.0848183]]]}},{"type":"Feature","properties":{"layer":"obstacles"},"geometry":{"type":"Polygon","coordinates":[[[16.9791669,51.0832233],[16.9792718,51.0833395],[16.9795204,51.0836259],[16.9798656,51.0844555],[16.9799697,51.0847043],[16.9798656,51.0844555],[16.9795204,51.0836259],[16.9792718,51.0833395],[16.9791669,51.0832233]]]}},{"type":"Feature","properties":{"layer":"obstacles"},"geometry":{"type":"Polygon","coordinates":[[[16.9759207,51.0874884],[16.9759492,51.0875724],[16.9758493,51.0875875],[16.9759274,51.0878063],[16.9759587,51.0878024],[16.9762554,51.0881338],[16.9766311,51.0887341],[16.9762554,51.0881338],[16.9759587,51.0878024],[16.9759274,51.0878063],[16.9758493,51.0875875],[16.9759492,51.0875724],[16.9759207,51.0874884]]]}},{"type":"Feature","properties":{"layer":"obstacles"},"geometry":{"type":"Polygon","coordinates":[[[16.9756689,51.0870702],[16.9757716,51.0873629],[16.9758729,51.0873492],[16.9759011,51.0874302],[16.9758729,51.0873492],[16.9757716,51.0873629],[16.9756689,51.0870702]]]}},{"type":"Feature","properties":{"layer":"obstacles"},"geometry":{"type":"Polygon","coordinates":[[[16.975382,51.0871088],[16.9752873,51.0871231],[16.9749597,51.0868449],[16.974715,51.0866355],[16.974267,51.0862546],[16.9738802,51.0859209],[16.9737501,51.0858065],[16.9738802,51.0859209],[16.974267,51.0862546],[16.974715,51.0866355],[16.9749597,51.0868449],[16.9752873,51.0871231],[16.975382,51.0871088]]]}},{"type":"Feature","properties":{"layer":"obstacles"},"geometry":{"type":"Polygon","coordinates":[[[16.9766893,51.0874317],[16.9759953,51.0875228],[16.9766893,51.0874317]]]}},{"type":"Feature","properties":{"layer":"obstacles"},"geometry":{"type":"Polygon","coordinates":[[[16.9776222,51.0873033],[16.9767594,51.0874235],[16.9776222,51.0873033]]]}},{"type":"Feature","properties":{"layer":"obstacles"},"geometry":{"type":"Polygon","coordinates":[[[16.9779003,51.0872623],[16.9776971,51.0872914],[16.9779003,51.0872623]]]}},{"type":"Feature","properties":{"layer":"obstacles"},"geometry":{"type":"Polygon","coordinates":[[[16.9776246,51.0871406],[16.9778325,51.0871137],[16.9776246,51.0871406]]]}},{"type":"Feature","properties":{"layer":"obstacles"},"geometry":{"type":"Polygon","coordinates":[[[16.9766988,51.0872675],[16.9775663,51.0871473],[16.9766988,51.0872675]]]}},{"type":"Feature","properties":{"layer":"obstacles"},"geometry":{"type":"Polygon","coordinates":[[[16.975962,51.0873713],[16.9766299,51.0872772],[16.975962,51.0873713]]]}},{"type":"Feature","properties":{"layer":"obstacles"},"geometry":{"type":"Polygon","coordinates":[[[16.9765229,51.0870227],[16.9761676,51.0860612],[16.9761652,51.0859582],[16.9761914,51.085847],[16.9762246,51.0857932],[16.9763078,51.0857268],[16.9763756,51.0856917],[16.9765182,51.0856529],[16.9767036,51.085626],[16.9792063,51.0852639],[16.9793477,51.0852505],[16.9795545,51.085255],[16.9797257,51.085299],[16.9798386,51.0853378],[16.9799443,51.0853961],[16.9800121,51.085473],[16.9800739,51.08557],[16.9807643,51.0875527],[16.9808772,51.0878789],[16.9808843,51.0879438],[16.9808843,51.0879714],[16.9808107,51.0880767],[16.9807013,51.0881581],[16.9808107,51.0880767],[16.9808843,51.0879714],[16.9808843,51.0879438],[16.9808772,51.0878789],[16.9807643,51.0875527],[16.9800739,51.08557],[16.9800121,51.085473],[16.9799443,51.0853961],[16.9798386,51.0853378],[16.9797257,51.085299],[16.9795545,51.085255],[16.9793477,51.0852505],[16.9792063,51.0852639],[16.9767036,51.085626],[16.9765182,51.0856529],[16.9763756,51.0856917],[16.9763078,51.0857268],[16.9762246,51.0857932],[16.9761914,51.085847],[16.9761652,51.0859582],[16.9761676,51.0860612],[16.9765229,51.0870227]]]}},{"type":"Feature","properties":{"layer":"obstacles"},"geometry":{"type":"Polygon","coordinates":[[[16.9773322,51.0892128],[16.9772942,51.0891158],[16.9771825,51.0888776],[16.9771551,51.0887918],[16.9767071,51.0875161],[16.9771551,51.0887918],[16.9771825,51.0888776],[16.9772942,51.0891158],[16.9773322,51.0892128]]]}},{"type":"Feature","properties":{"layer":"obstacles"},"geometry":{"type":"Polygon","coordinates":[[[16.9779716,51.0885514],[16.9772122,51.0886619],[16.9767891,51.0874989],[16.9772122,51.0886619],[16.9779716,51.0885514]]]}},{"type":"Feature","properties":{"layer":"obstacles"},"geometry":{"type":"Polygon","coordinates":[[[16.9779454,51.0886209],[16.9772288,51.0887269],[16.9779454,51.0886209]]]}},{"type":"Feature","properties":{"layer":"obstacles"},"geometry":{"type":"Polygon","coordinates":[[[16.9783721,51.0884962],[16.9804767,51.0881969],[16.9805516,51.0881648],[16.9806098,51.0881267],[16.980718,51.0880334],[16.9807524,51.0879714],[16.9807714,51.087914],[16.9807607,51.087855],[16.9807489,51.0877923],[16.9806348,51.0874564],[16.9804791,51.0870548],[16.9803139,51.0865651],[16.9801487,51.0861284],[16.9799562,51.0855782],[16.979917,51.0854968],[16.9798314,51.0854147],[16.9797257,51.0853655],[16.9796163,51.0853363],[16.9795153,51.0853237],[16.979425,51.0853229],[16.9793394,51.0853229],[16.9787785,51.085405],[16.9765693,51.0857126],[16.9764445,51.0857372],[16.9763138,51.0858096],[16.976265,51.0858828],[16.976265,51.0859686],[16.9762829,51.0860425],[16.9766323,51.0870048],[16.9762829,51.0860425],[16.976265,51.0859686],[16.976265,51.0858828],[16.9763138,51.0858096],[16.9764445,51.0857372],[16.9765693,51.0857126],[16.9787785,51.085405],[16.9793394,51.0853229],[16.979425,51.0853229],[16.9795153,51.0853237],[16.9796163,51.0853363],[16.9797257,51.0853655],[16.9798314,51.0854147],[16.979917,51.0854968],[16.9799562,51.0855782],[16.9801487,51.0861284],[16.9803139,51.0865651],[16.9804791,51.0870548],[16.9806348,51.0874564],[16.9807489,51.0877923],[16.9807607,51.087855],[16.9807714,51.087914],[16.9807524,51.0879714],[16.980718,51.0880334],[16.9806098,51.0881267],[16.9805516,51.0881648],[16.9804767,51.0881969],[16.9783721,51.0884962]]]}},{"type":"Feature","properties":{"layer":"obstacles"},"geometry":{"type":"Polygon","coordinates":[[[16.9784255,51.0885507],[16.9804696,51.0882633],[16.9805825,51.0882334],[16.9806181,51.0882178],[16.9805825,51.0882334],[16.9804696,51.0882633],[16.9784255,51.0885507]]]}},{"type":"Feature","properties":{"layer":"boundary"},"geometry":{"type":"Polygon","coordinates":[[[16.972231,51.0834787],[16.9721666,51.0833439],[16.9721259,51.0832367],[16.9721317,51.0831475],[16.97217,51.0830619],[16.9725808,51.0828779],[16.9726132,51.0828693],[16.9726581,51.082856],[16.9727404,51.0828356],[16.9728876,51.0828074],[16.9733927,51.0827103],[16.973477,51.0826936],[16.9735824,51.08268],[16.9747322,51.0825497],[16.9747577,51.0825485],[16.9747901,51.0825481],[16.9748238,51.0825505],[16.9748575,51.0825559],[16.9748843,51.0825669],[16.9749011,51.0825759],[16.9749142,51.08259],[16.9749305,51.0826139],[16.9752766,51.0831566],[16.97529,51.0831865],[16.9752945,51.0832271],[16.9752822,51.0832615],[16.9752594,51.0832919],[16.9752231,51.0833262],[16.9751583,51.0833719],[16.9744971,51.0835424],[16.974351,51.0836088],[16.9742187,51.0836852],[16.9741448,51.0837529],[16.9739714,51.0839355],[16.9737519,51.084213],[16.9737687,51.084256],[16.9733355,51.0848189],[16.9735361,51.0848283],[16.9739728,51.0847737],[16.9741668,51.0847531],[16.9741549,51.0850464],[16.9739823,51.0850427],[16.9739626,51.0851726],[16.9739578,51.0852192],[16.9738264,51.0854442],[16.973656,51.0857376],[16.9736859,51.0857723],[16.9736848,51.0857955],[16.9736713,51.0858238],[16.9736635,51.0858509],[16.9736597,51.0858765],[16.9736715,51.0859037],[16.9753934,51.0873663],[16.9754186,51.0873871],[16.9754538,51.0874055],[16.9755154,51.0874051],[16.9755741,51.0873948],[16.9757716,51.0873629],[16.9758729,51.0873492],[16.9759011,51.0874302],[16.9759207,51.0874884],[16.9759492,51.0875724],[16.9758493,51.0875875],[16.9759274,51.0878063],[16.9762955,51.088553],[16.9763495,51.0886825],[16.9764098,51.0888175],[16.9764304,51.0888713],[16.9765852,51.08891],[16.976713,51.0888594],[16.9768048,51.0888452],[16.9769109,51.0888553],[16.9769881,51.0888741],[16.977085,51.0889284],[16.9771288,51.0889824],[16.9771504,51.0890278],[16.9771442,51.0891066],[16.9771177,51.0891849],[16.977228,51.0892355],[16.9769119,51.0895064],[16.9768883,51.0895381],[16.9769705,51.0895761],[16.977029,51.0895716],[16.9770886,51.0895616],[16.9771776,51.0895134],[16.9772536,51.0895462],[16.9775864,51.089194],[16.977774,51.0891756],[16.9777624,51.0891457],[16.9777619,51.0891151],[16.977818,51.0890504],[16.9779662,51.0889066],[16.9781366,51.0888771],[16.9785393,51.0888143],[16.9801983,51.0885433],[16.9808743,51.0884275],[16.9814259,51.0883356],[16.9819871,51.0897041],[16.9820967,51.0899889],[16.982208,51.0902344],[16.9808549,51.0902723],[16.9800456,51.0902938],[16.9798947,51.0901427],[16.97946,51.0900958],[16.9793042,51.0901112],[16.9785494,51.0901896],[16.9784348,51.0901926],[16.9782969,51.0901755],[16.9781636,51.0901165],[16.9780791,51.0898844],[16.9777152,51.0899225],[16.9772128,51.0899731],[16.9769605,51.0899991],[16.9769634,51.0900152],[16.9769244,51.0900359],[16.9769829,51.0901829],[16.9770201,51.0902171],[16.9770807,51.0903437],[16.9771821,51.0905835],[16.9774841,51.0912781],[16.9778467,51.0920911],[16.9780081,51.0924759],[16.9780165,51.0924829],[16.9780391,51.092455],[16.9781716,51.092456],[16.9783768,51.0925497],[16.9784254,51.0925588],[16.9784767,51.0925612],[16.9789349,51.0924962],[16.9791309,51.092464],[16.9791587,51.0925277],[16.9800334,51.0923946],[16.980765,51.0922812],[16.9821744,51.0920658],[16.9827055,51.0919871],[16.9829985,51.0919422],[16.9832345,51.0918733],[16.9835245,51.0917923],[16.9833739,51.0914676],[16.9833552,51.0914189],[16.9833439,51.091393],[16.9832111,51.0910723],[16.9832039,51.0910568],[16.9831929,51.091036],[16.9830423,51.0906685],[16.9828302,51.0901367],[16.9826119,51.0896099],[16.9825311,51.0894149],[16.9825053,51.0893513],[16.9821609,51.0885008],[16.9818567,51.0877405],[16.9817072,51.0873232],[16.9816171,51.0870066],[16.9815639,51.0867649],[16.9815328,51.0866542],[16.9819237,51.0865949],[16.9819945,51.0865841],[16.9820394,51.0865773],[16.9832813,51.0863836],[16.9838636,51.0864484],[16.9835394,51.0856337],[16.9835018,51.085609],[16.9834398,51.0855912],[16.9819248,51.0858261],[16.9814185,51.0859167],[16.9814048,51.085874],[16.9810819,51.085495],[16.9809711,51.0855177],[16.9810808,51.0848609],[16.9804031,51.083242],[16.9803781,51.0832129],[16.9795616,51.0822648],[16.9795124,51.0821513],[16.9794052,51.0821101],[16.9793477,51.0816985],[16.9793049,51.0813252],[16.9793131,51.0808272],[16.9788987,51.0809964],[16.9786609,51.0810534],[16.978124,51.0812239],[16.9782576,51.0813284],[16.9783601,51.081444],[16.9784294,51.0818425],[16.978429,51.0820778],[16.9784839,51.0822126],[16.9784748,51.082321],[16.9784847,51.0823946],[16.9781024,51.0825275],[16.9777264,51.0826453],[16.97745,51.0827169],[16.9763387,51.0829398],[16.9761851,51.0829484],[16.9759012,51.0830168],[16.9758656,51.0830251],[16.9754562,51.0831206],[16.9750714,51.0822878],[16.9749026,51.0819553],[16.9748668,51.0818848],[16.9744466,51.0819768],[16.9734936,51.0821871],[16.9733899,51.0822142],[16.9732389,51.0822575],[16.973127,51.0822936],[16.972973,51.0823549],[16.9728466,51.0824104],[16.9727481,51.0824613],[16.9725252,51.0825813],[16.9723496,51.0826903],[16.9721791,51.082811],[16.9720292,51.0829574],[16.9716647,51.0832574],[16.9716013,51.0833092],[16.9716878,51.0833331],[16.9716591,51.083424],[16.9716628,51.083446],[16.9716716,51.083471],[16.9716953,51.0834914],[16.9717264,51.0835032],[16.972259,51.0835517],[16.9722814,51.0835431],[16.972231,51.0834787]]]}}],"psm_processed":{"version":1,"origin":[16.978713364,51.086976397],"bridge_gap_m":50.0,"parallel_m":3.0,"junction_m":6.0,"dead_end_gap_m":25.0,"parts_before":1,"parts_after":1,"junctions_before":189,"junctions_after":184,"length_before":18260,"length_after":18075,"dead_ends_linked":3}}