variant_name,prediction,seed,compat_N,well_mixed,payoff_preset,payoff_T,payoff_R,payoff_P,payoff_S,evolution_on,mutation_rate,fermi_k,evolution_interval,dunbar_limit,vision_radius,player_speed,end_cycle,share_TFT,share_ALLC,share_ALLD,share_FTFT,share_TF2T,share_GRIM,share_WSLS,d_share,exploit_last_window,payoff_ALLD,payoff_TFT,payoff_all,known_partners,distinct_partners,games_per_partner,exceeding_dunbar,fixated,stabilized,alld_trend_10k,nb_character_changes,network_variant,net_nodes,net_edges,net_mean_degree,net_avg_path,net_density,net_betw_max,net_betw_mean,enc_share_remembered,enc_share_ever,enc_distinct,net_edges_removed,payoff_mode,b,c,c_over_b,kin_on,family_size,family_r,kin_spatial_clustering,kin_strategy_correlation,kin_imitation_bias,kin_matching_prob,fitness_mode,inclusive_variant,r_hat_all,r_hat_kin,r_hat_first_window,r_hat_last_window,kin_interaction_share,coop_with_kin,coop_with_strangers,r_hat_all_pooled,p4_intervals,p4_sign_agreement,kin_matching_mode
PM9_full_N500,S2,2121129191,500,False,PD_classic,9.0,5.0,1.0,0.0,True,0.0,0.5,100,0,30,0.1,100000,0.0,0.0,1.0,0.0,0.0,0.0,0.0,1.0,0.0,1.2952329901111834,0.0,1.2952329901111834,18.488,18.488,119.52239928662902,0.0,True,True,0.0014332953331857273,1209,fragmented,2498,3724,2.981585268214572,38.79333120664835,0.0011940669876710339,0.11016096710060605,0.013005871822109829,0.979182692428146,0.979182692428146,1.244019138755981,931,classic,1.0,0.3,0.3,False,n/a,n/a,n/a,n/a,n/a,n/a,n/a,n/a,n/a,n/a,n/a,n/a,n/a,n/a,n/a,n/a,n/a,n/a,n/a
PM9_full_N500,S2,2121129191,500,False,PD_classic,9.0,5.0,1.0,0.0,True,0.0,0.5,100,0,30,0.1,100000,0.0,0.0,1.0,0.0,0.0,0.0,0.0,1.0,0.0,1.378299824781304,0.0,1.378299824781304,20.772,20.772,94.73835012080927,0.0,True,True,0.00047811071244138493,1310,baseline,2498,4655,3.7269815852682147,37.43657979976443,0.0014925837345887924,0.08077171329913706,0.011936993938619469,0.9796318752361107,0.9796318752361107,1.3273542600896862,0,classic,1.0,0.3,0.3,False,n/a,n/a,n/a,n/a,n/a,n/a,n/a,n/a,n/a,n/a,n/a,n/a,n/a,n/a,n/a,n/a,n/a,n/a,n/a
PM9_full_N500,S2,2121129191,500,False,PD_classic,9.0,5.0,1.0,0.0,True,0.0,0.5,100,0,30,2.0,100000,0.0,0.0,1.0,0.0,0.0,0.0,0.0,1.0,0.0,1.0590174107073285,0.0,1.0590174107073285,192.208,192.208,13.567719243898624,0.0,True,True,0.0,966,fragmented,2498,3724,2.981585268214572,38.79333120664835,0.0011940669876710339,0.11016096710060605,0.013005871822109829,0.9404657071373171,0.9404657071373171,5.183838383838384,931,classic,1.0,0.3,0.3,False,n/a,n/a,n/a,n/a,n/a,n/a,n/a,n/a,n/a,n/a,n/a,n/a,n/a,n/a,n/a,n/a,n/a,n/a,n/a
PM9_full_N500,S2,2121129191,500,False,PD_classic,9.0,5.0,1.0,0.0,True,0.0,0.5,100,0,30,2.0,100000,0.0,0.0,1.0,0.0,0.0,0.0,0.0,1.0,0.0,1.062263218720666,0.0,1.062263218720666,231.596,231.596,10.206943351859547,0.0,True,True,0.0,981,baseline,2498,4655,3.7269815852682147,37.43657979976443,0.0014925837345887924,0.08077171329913706,0.011936993938619469,0.9170936302200969,0.9170936302200969,5.2716297786720325,0,classic,1.0,0.3,0.3,False,n/a,n/a,n/a,n/a,n/a,n/a,n/a,n/a,n/a,n/a,n/a,n/a,n/a,n/a,n/a,n/a,n/a,n/a,n/a
PM9_full_N500,S2,2121129191,500,False,PD_classic,9.0,5.0,1.0,0.0,True,0.0,0.5,100,0,30,0.1,100000,0.0,0.0,1.0,0.0,0.0,0.0,0.0,1.0,0.0,1.266570070013882,0.0,1.266570070013882,21.52,21.52,91.49762409278736,0.0,True,True,0.0001395749582998332,1160,connected,2498,4675,3.7429943955164133,34.74462194084544,0.001498996554071451,0.1087667013675437,0.011811817809093603,0.979435028937038,0.979435028937038,1.4683544303797469,0,classic,1.0,0.3,0.3,False,n/a,n/a,n/a,n/a,n/a,n/a,n/a,n/a,n/a,n/a,n/a,n/a,n/a,n/a,n/a,n/a,n/a,n/a,n/a
PM9_full_N500,S2,2121129191,500,False,PD_classic,9.0,5.0,1.0,0.0,True,0.0,0.5,100,5,30,0.1,100000,0.0,0.0,1.0,0.0,0.0,0.0,0.0,1.0,0.0,1.3519052829850386,0.0,1.3519052829850386,4.998,21.084,94.69141286774064,0.998,True,True,0.0,1371,baseline,2498,4655,3.7269815852682147,37.43657979976443,0.0014925837345887924,0.08077171329913706,0.011936993938619469,0.9794910477583569,0.9820472427996358,1.319327731092437,0,classic,1.0,0.3,0.3,False,n/a,n/a,n/a,n/a,n/a,n/a,n/a,n/a,n/a,n/a,n/a,n/a,n/a,n/a,n/a,n/a,n/a,n/a,n/a
PM9_full_N500,S2,2121129191,500,False,PD_classic,9.0,5.0,1.0,0.0,True,0.0,0.5,100,0,30,2.0,100000,0.0,0.0,1.0,0.0,0.0,0.0,0.0,1.0,0.0,1.0619267292979513,0.0,1.0619267292979513,233.952,233.952,10.141654277984571,0.0,True,True,0.0,983,connected,2498,4675,3.7429943955164133,34.74462194084544,0.001498996554071451,0.1087667013675437,0.011811817809093603,0.9179176671214706,0.9179176671214706,5.811244979919679,0,classic,1.0,0.3,0.3,False,n/a,n/a,n/a,n/a,n/a,n/a,n/a,n/a,n/a,n/a,n/a,n/a,n/a,n/a,n/a,n/a,n/a,n/a,n/a
PM9_full_N500,S2,2121129191,500,False,PD_classic,9.0,5.0,1.0,0.0,True,0.0,0.5,100,5,30,2.0,100000,0.0,0.0,1.0,0.0,0.0,0.0,0.0,1.0,0.0,1.0613547035855397,0.0,1.0613547035855397,5.0,230.448,10.332641806116284,1.0,True,True,0.0,920,baseline,2498,4655,3.7269815852682147,37.43657979976443,0.0014925837345887924,0.08077171329913706,0.011936993938619469,0.7729149262532626,0.9205029262820492,5.694779116465863,0,classic,1.0,0.3,0.3,False,n/a,n/a,n/a,n/a,n/a,n/a,n/a,n/a,n/a,n/a,n/a,n/a,n/a,n/a,n/a,n/a,n/a,n/a,n/a
PM9_full_N500,S2,2121129191,500,False,PD_classic,9.0,5.0,1.0,0.0,True,0.0,0.5,100,5,30,0.1,100000,0.0,0.0,1.0,0.0,0.0,0.0,0.0,1.0,0.0,1.2952329901111834,0.0,1.2952329901111834,5.0,18.488,119.52239928662902,0.996,True,True,0.0014332953331857273,1209,fragmented,2498,3724,2.981585268214572,38.79333120664835,0.0011940669876710339,0.11016096710060605,0.013005871822109829,0.9781262497158417,0.979182692428146,1.244019138755981,931,classic,1.0,0.3,0.3,False,n/a,n/a,n/a,n/a,n/a,n/a,n/a,n/a,n/a,n/a,n/a,n/a,n/a,n/a,n/a,n/a,n/a,n/a,n/a
PM9_full_N500,S2,2121129191,500,False,PD_classic,9.0,5.0,1.0,0.0,True,0.0,0.5,100,5,30,0.1,100000,0.0,0.0,1.0,0.0,0.0,0.0,0.0,1.0,0.0,1.266570070013882,0.0,1.266570070013882,5.0,21.52,91.49762409278736,1.0,True,True,0.0001395749582998332,1160,connected,2498,4675,3.7429943955164133,34.74462194084544,0.001498996554071451,0.1087667013675437,0.011811817809093603,0.9747338715202345,0.979435028937038,1.4683544303797469,0,classic,1.0,0.3,0.3,False,n/a,n/a,n/a,n/a,n/a,n/a,n/a,n/a,n/a,n/a,n/a,n/a,n/a,n/a,n/a,n/a,n/a,n/a,n/a
PM9_full_N500,S2,2121129191,500,False,PD_classic,9.0,5.0,1.0,0.0,True,0.0,0.5,100,5,30,2.0,100000,0.0,0.0,1.0,0.0,0.0,0.0,0.0,1.0,0.0,1.0592361631014735,0.0,1.0592361631014735,5.0,187.648,13.94281150491896,1.0,True,True,0.0,934,fragmented,2498,3724,2.981585268214572,38.79333120664835,0.0011940669876710339,0.11016096710060605,0.013005871822109829,0.8139219424998341,0.9339762231334829,5.090180360721443,931,classic,1.0,0.3,0.3,False,n/a,n/a,n/a,n/a,n/a,n/a,n/a,n/a,n/a,n/a,n/a,n/a,n/a,n/a,n/a,n/a,n/a,n/a,n/a
PM9_full_N500,S2,2121129191,500,False,PD_classic,9.0,5.0,1.0,0.0,True,0.0,0.5,100,5,30,2.0,100000,0.0,0.0,1.0,0.0,0.0,0.0,0.0,1.0,0.0,1.0643793467583036,0.0,1.0643793467583036,5.0,228.516,10.414584747317672,1.0,True,True,0.0,949,connected,2498,4675,3.7429943955164133,34.74462194084544,0.001498996554071451,0.1087667013675437,0.011811817809093603,0.771900154751473,0.9225296997953725,5.642570281124498,0,classic,1.0,0.3,0.3,False,n/a,n/a,n/a,n/a,n/a,n/a,n/a,n/a,n/a,n/a,n/a,n/a,n/a,n/a,n/a,n/a,n/a,n/a,n/a
PM9_full_N500,S2,2121129191,500,False,PD_classic,9.0,5.0,1.0,0.0,True,0.0,0.5,100,15,30,0.1,100000,0.0,0.0,1.0,0.0,0.0,0.0,0.0,1.0,0.0,1.378299824781304,0.0,1.378299824781304,14.732,20.772,94.73835012080927,0.85,True,True,0.00047811071244138493,1310,baseline,2498,4655,3.7269815852682147,37.43657979976443,0.0014925837345887924,0.08077171329913706,0.011936993938619469,0.9790013991780615,0.9796318752361107,1.3273542600896862,0,classic,1.0,0.3,0.3,False,n/a,n/a,n/a,n/a,n/a,n/a,n/a,n/a,n/a,n/a,n/a,n/a,n/a,n/a,n/a,n/a,n/a,n/a,n/a
PM9_full_N500,S2,2121129191,500,False,PD_classic,9.0,5.0,1.0,0.0,True,0.0,0.5,100,15,30,0.1,100000,0.0,0.0,1.0,0.0,0.0,0.0,0.0,1.0,0.0,1.2952329901111834,0.0,1.2952329901111834,14.204,18.488,119.52239928662902,0.716,True,True,0.0014332953331857273,1209,fragmented,2498,3724,2.981585268214572,38.79333120664835,0.0011940669876710339,0.11016096710060605,0.013005871822109829,0.979182692428146,0.979182692428146,1.244019138755981,931,classic,1.0,0.3,0.3,False,n/a,n/a,n/a,n/a,n/a,n/a,n/a,n/a,n/a,n/a,n/a,n/a,n/a,n/a,n/a,n/a,n/a,n/a,n/a
PM9_full_N500,S2,2121129191,500,False,PD_classic,9.0,5.0,1.0,0.0,True,0.0,0.5,100,15,30,2.0,100000,0.0,0.0,1.0,0.0,0.0,0.0,0.0,1.0,0.0,1.0623111157150904,0.0,1.0623111157150904,15.0,231.596,10.206943351859547,1.0,True,True,0.0,981,baseline,2498,4655,3.7269815852682147,37.43657979976443,0.0014925837345887924,0.08077171329913706,0.011936993938619469,0.8130602367217314,0.9170936302200969,5.2716297786720325,0,classic,1.0,0.3,0.3,False,n/a,n/a,n/a,n/a,n/a,n/a,n/a,n/a,n/a,n/a,n/a,n/a,n/a,n/a,n/a,n/a,n/a,n/a,n/a
PM9_full_N500,S2,2121129191,500,False,PD_classic,9.0,5.0,1.0,0.0,True,0.0,0.5,100,15,30,2.0,100000,0.0,0.0,1.0,0.0,0.0,0.0,0.0,1.0,0.0,1.060986873888351,0.0,1.060986873888351,15.0,193.16,13.467744131619543,1.0,True,True,0.0,1026,fragmented,2498,3724,2.981585268214572,38.79333120664835,0.0011940669876710339,0.11016096710060605,0.013005871822109829,0.8475824655645074,0.9299781383801953,5.224489795918367,931,classic,1.0,0.3,0.3,False,n/a,n/a,n/a,n/a,n/a,n/a,n/a,n/a,n/a,n/a,n/a,n/a,n/a,n/a,n/a,n/a,n/a,n/a,n/a
PM9_full_N500,S2,2121129191,500,False,PD_classic,9.0,5.0,1.0,0.0,True,0.0,0.5,100,15,30,0.1,100000,0.0,0.0,1.0,0.0,0.0,0.0,0.0,1.0,0.0,1.266570070013882,0.0,1.266570070013882,14.684,21.52,91.49762409278736,0.854,True,True,0.0001395749582998332,1160,connected,2498,4675,3.7429943955164133,34.74462194084544,0.001498996554071451,0.1087667013675437,0.011811817809093603,0.97872546465319,0.979435028937038,1.4683544303797469,0,classic,1.0,0.3,0.3,False,n/a,n/a,n/a,n/a,n/a,n/a,n/a,n/a,n/a,n/a,n/a,n/a,n/a,n/a,n/a,n/a,n/a,n/a,n/a
PM9_full_N500,S2,2121129191,500,False,PD_classic,9.0,5.0,1.0,0.0,True,0.01,0.5,100,0,30,0.1,100000,0.06699999999999999,0.06180000000000001,0.6458,0.08159999999999998,0.07020000000000001,0.041999999999999996,0.0316,0.8689620660083314,0.0225140712945591,1.7875972696311109,1.865752162588047,1.8461239842681336,20.936,20.936,97.16777355333345,0.0,False,True,0.004679212316849268,10828,baseline,2498,4655,3.7269815852682147,37.43657979976443,0.0014925837345887924,0.08077171329913706,0.011936993938619469,0.9884297773137208,0.9884297773137208,1.3008849557522124,0,classic,1.0,0.3,0.3,False,n/a,n/a,n/a,n/a,n/a,n/a,n/a,n/a,n/a,n/a,n/a,n/a,n/a,n/a,n/a,n/a,n/a,n/a,n/a
PM9_full_N500,S2,2121129191,500,False,PD_classic,9.0,5.0,1.0,0.0,True,0.0,0.5,100,15,30,2.0,100000,0.0,0.0,1.0,0.0,0.0,0.0,0.0,1.0,0.0,1.0608928486003224,0.0,1.0608928486003224,15.0,234.792,10.132762887239672,1.0,True,True,0.0,963,connected,2498,4675,3.7429943955164133,34.74462194084544,0.001498996554071451,0.1087667013675437,0.011811817809093603,0.8162948076705631,0.9216300166286329,5.874747474747474,0,classic,1.0,0.3,0.3,False,n/a,n/a,n/a,n/a,n/a,n/a,n/a,n/a,n/a,n/a,n/a,n/a,n/a,n/a,n/a,n/a,n/a,n/a,n/a
PM9_full_N500,S2,2121129191,500,False,PD_classic,9.0,5.0,1.0,0.0,True,0.01,0.5,100,0,30,0.1,100000,0.1284,0.04719999999999999,0.524,0.07899999999999999,0.1038,0.058600000000000006,0.05900000000000001,0.7382253724391916,0.05396825396825397,1.8074966492967126,1.8606942029670233,1.8631946377019744,17.928,17.928,118.50550469392408,0.0,False,True,-0.014708919635673414,10943,fragmented,2498,3724,2.981585268214572,38.79333120664835,0.0011940669876710339,0.11016096710060605,0.013005871822109829,0.9884843291610821,0.9884843291610821,1.2452830188679245,931,classic,1.0,0.3,0.3,False,n/a,n/a,n/a,n/a,n/a,n/a,n/a,n/a,n/a,n/a,n/a,n/a,n/a,n/a,n/a,n/a,n/a,n/a,n/a
PM9_full_N500,S2,2121129191,500,False,PD_classic,9.0,5.0,1.0,0.0,True,0.01,0.5,100,0,30,2.0,100000,0.030200000000000005,0.014800000000000002,0.8852,0.017599999999999998,0.0248,0.013600000000000001,0.013800000000000002,0.9636254442528693,0.05512622359608449,1.2625055794576798,1.2529800089783851,1.262006279914633,234.272,234.272,10.106070462177955,0.0,False,True,-0.006545210180838526,12790,baseline,2498,4655,3.7269815852682147,37.43657979976443,0.0014925837345887924,0.08077171329913706,0.011936993938619469,0.9157452979633967,0.9157452979633967,5.653923541247485,0,classic,1.0,0.3,0.3,False,n/a,n/a,n/a,n/a,n/a,n/a,n/a,n/a,n/a,n/a,n/a,n/a,n/a,n/a,n/a,n/a,n/a,n/a,n/a
PM9_full_N500,S2,2121129191,500,False,PD_classic,9.0,5.0,1.0,0.0,True,0.01,0.5,100,0,30,0.1,100000,0.08199999999999999,0.04379999999999999,0.6758000000000001,0.056600000000000004,0.0664,0.03899999999999999,0.0364,0.8717779025828924,0.041819232992869534,1.74310571389269,1.930762287431472,1.8058524566282557,21.028,21.028,94.70256800722476,0.0,False,True,0.002796068784279898,11157,connected,2498,4675,3.7429943955164133,34.74462194084544,0.001498996554071451,0.1087667013675437,0.011811817809093603,0.9741482841925947,0.9741482841925947,1.3446808510638297,0,classic,1.0,0.3,0.3,False,n/a,n/a,n/a,n/a,n/a,n/a,n/a,n/a,n/a,n/a,n/a,n/a,n/a,n/a,n/a,n/a,n/a,n/a,n/a
PM9_full_N500,S2,2121129191,500,False,PD_classic,9.0,5.0,1.0,0.0,True,0.01,0.5,100,0,30,2.0,100000,0.06260000000000002,0.008,0.8592000000000001,0.0198,0.024199999999999996,0.015000000000000003,0.011199999999999998,0.9757538585537013,0.03950889343617189,1.2440651267288612,1.2547802748520773,1.2459408544912658,192.22,192.22,13.48393707028466,0.0,False,True,-0.012505298021188424,13924,fragmented,2498,3724,2.981585268214572,38.79333120664835,0.0011940669876710339,0.11016096710060605,0.013005871822109829,0.9405184314794239,0.9405184314794239,5.262096774193548,931,classic,1.0,0.3,0.3,False,n/a,n/a,n/a,n/a,n/a,n/a,n/a,n/a,n/a,n/a,n/a,n/a,n/a,n/a,n/a,n/a,n/a,n/a,n/a
PM9_full_N500,S2,2121129191,500,False,PD_classic,9.0,5.0,1.0,0.0,True,0.01,0.5,100,5,30,0.1,100000,0.08539999999999998,0.021799999999999996,0.6784,0.05840000000000001,0.07619999999999999,0.0358,0.04399999999999999,0.8802758261072168,0.023527161438408568,1.7922422188387754,1.7099883239518123,1.787880969706386,5.0,20.896,94.5271957502876,0.998,False,True,-0.006170338281356788,10451,baseline,2498,4655,3.7269815852682147,37.43657979976443,0.0014925837345887924,0.08077171329913706,0.011936993938619469,0.9694518303179188,0.9759999446145595,1.3252032520325203,0,classic,1.0,0.3,0.3,False,n/a,n/a,n/a,n/a,n/a,n/a,n/a,n/a,n/a,n/a,n/a,n/a,n/a,n/a,n/a,n/a,n/a,n/a,n/a
PM9_full_N500,S2,2121129191,500,False,PD_classic,9.0,5.0,1.0,0.0,True,0.01,0.5,100,0,30,2.0,100000,0.029400000000000003,0.0116,0.8838000000000001,0.0224,0.016000000000000004,0.0252,0.0116,0.9667211142542838,0.05244693913348535,1.2539864138547725,1.2511077330221079,1.2542626886248367,231.564,231.564,10.371727024988857,0.0,False,True,0.00015938943755445433,13126,connected,2498,4675,3.7429943955164133,34.74462194084544,0.001498996554071451,0.1087667013675437,0.011811817809093603,0.9195855833632273,0.9195855833632273,5.530120481927711,0,classic,1.0,0.3,0.3,False,n/a,n/a,n/a,n/a,n/a,n/a,n/a,n/a,n/a,n/a,n/a,n/a,n/a,n/a,n/a,n/a,n/a,n/a,n/a
PM9_full_N500,S2,2121129191,500,False,PD_classic,9.0,5.0,1.0,0.0,True,0.01,0.5,100,5,30,0.1,100000,0.09559999999999999,0.052599999999999994,0.6254000000000001,0.06200000000000001,0.06100000000000001,0.059800000000000006,0.043599999999999986,0.835579821397052,0.022808267997148968,1.8143212649111515,1.902750262934116,1.8766791657737516,4.986,18.492,118.38507809031276,0.994,False,True,-0.015605880023516065,10662,fragmented,2498,3724,2.981585268214572,38.79333120664835,0.0011940669876710339,0.11016096710060605,0.013005871822109829,0.9885454267507517,0.9942367091742902,1.25,931,classic,1.0,0.3,0.3,False,n/a,n/a,n/a,n/a,n/a,n/a,n/a,n/a,n/a,n/a,n/a,n/a,n/a,n/a,n/a,n/a,n/a,n/a,n/a
PM9_full_N500,S2,2121129191,500,False,PD_classic,9.0,5.0,1.0,0.0,True,0.01,0.5,100,5,30,2.0,100000,0.0144,0.014800000000000002,0.9342,0.0034000000000000002,0.012199999999999999,0.007000000000000001,0.013999999999999999,0.9741441812921826,0.04530252356339313,1.2474280629902836,1.225722135899824,1.2474926048275818,5.0,233.372,10.292613680092883,1.0,False,True,0.0030730106920413033,10510,baseline,2498,4655,3.7269815852682147,37.43657979976443,0.0014925837345887924,0.08077171329913706,0.011936993938619469,0.774392331954041,0.9231485089961218,5.991967871485944,0,classic,1.0,0.3,0.3,False,n/a,n/a,n/a,n/a,n/a,n/a,n/a,n/a,n/a,n/a,n/a,n/a,n/a,n/a,n/a,n/a,n/a,n/a,n/a
PM9_full_N500,S2,2121129191,500,False,PD_classic,9.0,5.0,1.0,0.0,True,0.01,0.5,100,5,30,0.1,100000,0.09379999999999998,0.0522,0.6634,0.047799999999999995,0.0774,0.04699999999999999,0.018399999999999996,0.8505474387592316,0.031269942565411615,1.7195145430785401,1.8550970925363375,1.750626345642673,5.0,20.808,96.07679922219194,1.0,False,True,-0.003524529298116826,10663,connected,2498,4675,3.7429943955164133,34.74462194084544,0.001498996554071451,0.1087667013675437,0.011811817809093603,0.9795562461942824,0.9830159476603085,1.1864406779661016,0,classic,1.0,0.3,0.3,False,n/a,n/a,n/a,n/a,n/a,n/a,n/a,n/a,n/a,n/a,n/a,n/a,n/a,n/a,n/a,n/a,n/a,n/a,n/a
PM9_full_N500,S2,2121129191,500,False,PD_classic,9.0,5.0,1.0,0.0,True,0.01,0.5,100,5,30,2.0,100000,0.010199999999999997,0.0114,0.9094,0.0192,0.032400000000000005,0.011599999999999997,0.0058,0.9700432674532322,0.05304188321614185,1.2237833963714886,1.202068868440088,1.2235497128910613,5.0,194.668,13.319013729991715,1.0,False,True,0.0008873795495196629,10922,fragmented,2498,3724,2.981585268214572,38.79333120664835,0.0011940669876710339,0.11016096710060605,0.013005871822109829,0.8045632216029683,0.9313576939848991,5.188755020080321,931,classic,1.0,0.3,0.3,False,n/a,n/a,n/a,n/a,n/a,n/a,n/a,n/a,n/a,n/a,n/a,n/a,n/a,n/a,n/a,n/a,n/a,n/a,n/a
PM9_full_N500,S2,2121129191,500,False,PD_classic,9.0,5.0,1.0,0.0,True,0.01,0.5,100,15,30,0.1,100000,0.06160000000000001,0.05900000000000001,0.6636,0.07499999999999998,0.058600000000000006,0.036199999999999996,0.04599999999999999,0.9334547726446761,0.02391713747645951,1.7343410516053999,1.9579644750443523,1.835271921054508,14.668,20.736,97.13464113826888,0.836,False,True,0.010535850143404968,10607,baseline,2498,4655,3.7269815852682147,37.43657979976443,0.0014925837345887924,0.08077171329913706,0.011936993938619469,0.9841366838904222,0.9845649056700178,1.4101382488479262,0,classic,1.0,0.3,0.3,False,n/a,n/a,n/a,n/a,n/a,n/a,n/a,n/a,n/a,n/a,n/a,n/a,n/a,n/a,n/a,n/a,n/a,n/a,n/a
PM9_full_N500,S2,2121129191,500,False,PD_classic,9.0,5.0,1.0,0.0,True,0.01,0.5,100,5,30,2.0,100000,0.0068000000000000005,0.009799999999999998,0.9425999999999999,0.007600000000000001,0.005600000000000001,0.0172,0.0104,0.9715945713088073,0.050727969348659,1.241568078991704,1.2402975849774476,1.2421898540229013,5.0,232.08,10.316792857167318,1.0,False,True,0.0010920811683195464,10621,connected,2498,4675,3.7429943955164133,34.74462194084544,0.001498996554071451,0.1087667013675437,0.011811817809093603,0.7849707053584418,0.9218863807850861,5.826612903225806,0,classic,1.0,0.3,0.3,False,n/a,n/a,n/a,n/a,n/a,n/a,n/a,n/a,n/a,n/a,n/a,n/a,n/a,n/a,n/a,n/a,n/a,n/a,n/a
PM9_full_N500,S2,2121129191,500,False,PD_classic,9.0,5.0,1.0,0.0,True,0.01,0.5,100,15,30,0.1,100000,0.06140000000000001,0.04859999999999999,0.601,0.08919999999999999,0.08479999999999997,0.0522,0.06280000000000001,0.8728976534147594,0.03111653447223917,1.7984220852730288,2.0261113660569254,1.8699285663448164,14.122,18.324,118.40576232759958,0.672,False,True,-0.007606811227248571,10846,fragmented,2498,3724,2.981585268214572,38.79333120664835,0.0011940669876710339,0.11016096710060605,0.013005871822109829,0.9803295583126435,0.9809312808531417,1.341991341991342,931,classic,1.0,0.3,0.3,False,n/a,n/a,n/a,n/a,n/a,n/a,n/a,n/a,n/a,n/a,n/a,n/a,n/a,n/a,n/a,n/a,n/a,n/a,n/a
PM9_full_N500,S2,2121129191,500,False,PD_classic,9.0,5.0,1.0,0.0,True,0.01,0.5,100,15,30,2.0,100000,0.011,0.011399999999999999,0.9288000000000001,0.014799999999999999,0.009200000000000003,0.0158,0.009000000000000003,0.9783150846531903,0.04018521580949231,1.2419982475033107,1.2587679942805974,1.241976817363054,15.0,236.028,10.17905639637379,1.0,False,True,-0.0038199992799993173,10906,baseline,2498,4655,3.7269815852682147,37.43657979976443,0.0014925837345887924,0.08077171329913706,0.011936993938619469,0.8229469730183047,0.9201775522205919,5.686746987951807,0,classic,1.0,0.3,0.3,False,n/a,n/a,n/a,n/a,n/a,n/a,n/a,n/a,n/a,n/a,n/a,n/a,n/a,n/a,n/a,n/a,n/a,n/a,n/a
PM9_full_N500,S2,2121129191,500,False,PD_classic,9.0,5.0,1.0,0.0,True,0.01,0.5,100,15,30,0.1,100000,0.08399999999999998,0.0226,0.6752,0.0546,0.08459999999999998,0.04699999999999999,0.03200000000000001,0.946641667050027,0.012908777969018933,1.783536394254713,1.7659791614707026,1.793817967918014,14.718,21.032,95.30422578480993,0.854,False,True,0.0036103824415301324,11124,connected,2498,4675,3.7429943955164133,34.74462194084544,0.001498996554071451,0.1087667013675437,0.011811817809093603,0.985691356028979,0.9865072691326039,1.3031674208144797,0,classic,1.0,0.3,0.3,False,n/a,n/a,n/a,n/a,n/a,n/a,n/a,n/a,n/a,n/a,n/a,n/a,n/a,n/a,n/a,n/a,n/a,n/a,n/a
PM9_full_N500,S2,2121129191,500,False,PD_classic,9.0,5.0,1.0,0.0,True,0.01,0.5,100,15,30,2.0,100000,0.0154,0.010000000000000002,0.893,0.018,0.038599999999999995,0.0098,0.0152,0.9643524304380104,0.04640049329428087,1.2391804665946764,1.220145419625522,1.2380615531626724,15.0,188.56,13.808149607994558,1.0,False,True,-0.0008732098928384728,11944,fragmented,2498,3724,2.981585268214572,38.79333120664835,0.0011940669876710339,0.11016096710060605,0.013005871822109829,0.8551589381018453,0.9339783179376385,5.336032388663968,931,classic,1.0,0.3,0.3,False,n/a,n/a,n/a,n/a,n/a,n/a,n/a,n/a,n/a,n/a,n/a,n/a,n/a,n/a,n/a,n/a,n/a,n/a,n/a
PM9_full_N500,S2,2121129191,500,False,weak_PD,1.6,1.0,0.0,0.0,True,0.0,0.5,100,0,30,0.1,100000,0.009999999999999998,0.0,0.9723999999999998,0.004000000000000001,0.013600000000000001,0.0,0.0,0.9747206156280646,0.0006019261637239165,0.1776772427861138,0.4860501783478682,0.18781888555519646,21.116,21.116,91.65053658746295,0.0,False,True,0.010272809091238563,3121,baseline,2498,4655,3.7269815852682147,37.43657979976443,0.0014925837345887924,0.08077171329913706,0.011936993938619469,0.987218015935354,0.987218015935354,1.2760180995475112,0,classic,1.0,0.3,0.3,False,n/a,n/a,n/a,n/a,n/a,n/a,n/a,n/a,n/a,n/a,n/a,n/a,n/a,n/a,n/a,n/a,n/a,n/a,n/a
PM9_full_N500,S2,2121129191,500,False,PD_classic,9.0,5.0,1.0,0.0,True,0.01,0.5,100,15,30,2.0,100000,0.012,0.0036000000000000003,0.9273999999999999,0.0124,0.023599999999999996,0.0118,0.0092,0.9770699733210841,0.04330379535194784,1.2450410279689885,1.2131941023092534,1.2443827685506026,15.0,228.924,10.344480506358808,1.0,False,True,0.003816130464520393,10963,connected,2498,4675,3.7429943955164133,34.74462194084544,0.001498996554071451,0.1087667013675437,0.011811817809093603,0.8197449846813329,0.9257207783465565,5.647294589178356,0,classic,1.0,0.3,0.3,False,n/a,n/a,n/a,n/a,n/a,n/a,n/a,n/a,n/a,n/a,n/a,n/a,n/a,n/a,n/a,n/a,n/a,n/a,n/a
PM9_full_N500,S2,2121129191,500,False,weak_PD,1.6,1.0,0.0,0.0,True,0.0,0.5,100,0,30,0.1,100000,0.0,0.0,0.9926000000000001,0.007400000000000001,0.0,0.0,0.0,0.9933570403214205,0.002559055118110236,0.17536311537916266,0.0,0.17532778494532514,18.628,18.628,120.97169473652396,0.0,False,True,0.018254185016712235,2853,fragmented,2498,3724,2.981585268214572,38.79333120664835,0.0011940669876710339,0.11016096710060605,0.013005871822109829,0.9887487227761473,0.9887487227761473,1.3482142857142858,931,classic,1.0,0.3,0.3,False,n/a,n/a,n/a,n/a,n/a,n/a,n/a,n/a,n/a,n/a,n/a,n/a,n/a,n/a,n/a,n/a,n/a,n/a,n/a
PM9_full_N500,S2,2121129191,500,False,weak_PD,1.6,1.0,0.0,0.0,True,0.0,0.5,100,0,30,2.0,100000,0.0,0.0,1.0,0.0,0.0,0.0,0.0,1.0,0.0,0.02722675595710967,0.0,0.02722675595710967,230.896,230.896,10.280722429209922,0.0,True,True,0.0,1808,baseline,2498,4655,3.7269815852682147,37.43657979976443,0.0014925837345887924,0.08077171329913706,0.011936993938619469,0.9100767378789865,0.9100767378789865,5.667334669338677,0,classic,1.0,0.3,0.3,False,n/a,n/a,n/a,n/a,n/a,n/a,n/a,n/a,n/a,n/a,n/a,n/a,n/a,n/a,n/a,n/a,n/a,n/a,n/a
PM9_full_N500,S2,2121129191,500,False,weak_PD,1.6,1.0,0.0,0.0,True,0.0,0.5,100,0,30,0.1,100000,0.0020000000000000005,0.0,0.9960000000000002,0.0,0.0020000000000000005,0.0,0.0,1.0,0.0,0.12242130782603888,0.42350845948352656,0.12418620381022219,21.244,21.244,92.52546666235764,0.0,False,True,0.014772337489331648,2818,connected,2498,4675,3.7429943955164133,34.74462194084544,0.001498996554071451,0.1087667013675437,0.011811817809093603,0.9826986455300389,0.9826986455300389,1.3390557939914163,0,classic,1.0,0.3,0.3,False,n/a,n/a,n/a,n/a,n/a,n/a,n/a,n/a,n/a,n/a,n/a,n/a,n/a,n/a,n/a,n/a,n/a,n/a,n/a
PM9_full_N500,S2,2121129191,500,False,weak_PD,1.6,1.0,0.0,0.0,True,0.0,0.5,100,0,30,2.0,100000,0.0,0.0,1.0,0.0,0.0,0.0,0.0,1.0,0.0,0.03448312655430469,0.0,0.03448312655430469,193.644,193.644,13.386730283167864,0.0,True,True,0.0,2766,fragmented,2498,3724,2.981585268214572,38.79333120664835,0.0011940669876710339,0.11016096710060605,0.013005871822109829,0.9421213988868686,0.9421213988868686,5.276767676767677,931,classic,1.0,0.3,0.3,False,n/a,n/a,n/a,n/a,n/a,n/a,n/a,n/a,n/a,n/a,n/a,n/a,n/a,n/a,n/a,n/a,n/a,n/a,n/a
PM9_full_N500,S2,2121129191,500,False,weak_PD,1.6,1.0,0.0,0.0,True,0.0,0.5,100,0,30,2.0,100000,0.0,0.0,1.0,0.0,0.0,0.0,0.0,1.0,0.0,0.02599832396448372,0.0,0.02599832396448372,234.736,234.736,10.123579771695182,0.0,True,True,0.0,1808,connected,2498,4675,3.7429943955164133,34.74462194084544,0.001498996554071451,0.1087667013675437,0.011811817809093603,0.9263654962897654,0.9263654962897654,5.527054108216433,0,classic,1.0,0.3,0.3,False,n/a,n/a,n/a,n/a,n/a,n/a,n/a,n/a,n/a,n/a,n/a,n/a,n/a,n/a,n/a,n/a,n/a,n/a,n/a
PM9_full_N500,S2,2121129191,500,False,weak_PD,1.6,1.0,0.0,0.0,True,0.0,0.5,100,5,30,0.1,100000,0.0046,0.0,0.9954000000000001,0.0,0.0,0.0,0.0,1.0,0.0,0.19134989921306494,0.5827355619362729,0.1936982131894042,4.998,21.212,93.22145257874243,0.998,False,True,0.017866285865144927,3127,baseline,2498,4655,3.7269815852682147,37.43657979976443,0.0014925837345887924,0.08077171329913706,0.011936993938619469,0.9861113625993801,0.9900901345499838,1.3215859030837005,0,classic,1.0,0.3,0.3,False,n/a,n/a,n/a,n/a,n/a,n/a,n/a,n/a,n/a,n/a,n/a,n/a,n/a,n/a,n/a,n/a,n/a,n/a,n/a
PM9_full_N500,S2,2121129191,500,False,weak_PD,1.6,1.0,0.0,0.0,True,0.0,0.5,100,5,30,0.1,100000,0.0020000000000000005,0.0,0.9960000000000002,0.0,0.0,0.0020000000000000005,0.0,1.0,0.0,0.18126677891196327,0.23881789137380202,0.18234722760632963,4.996,18.772,120.21440646585094,0.992,False,True,0.01904972099889132,2815,fragmented,2498,3724,2.981585268214572,38.79333120664835,0.0011940669876710339,0.11016096710060605,0.013005871822109829,0.9846277280939926,0.9865712544312168,1.3716814159292035,931,classic,1.0,0.3,0.3,False,n/a,n/a,n/a,n/a,n/a,n/a,n/a,n/a,n/a,n/a,n/a,n/a,n/a,n/a,n/a,n/a,n/a,n/a,n/a
PM9_full_N500,S2,2121129191,500,False,weak_PD,1.6,1.0,0.0,0.0,True,0.0,0.5,100,5,30,2.0,100000,0.0,0.0,1.0,0.0,0.0,0.0,0.0,1.0,0.0,0.026998301878928342,0.0,0.026998301878928342,5.0,231.868,10.261056053462365,1.0,True,True,0.0,1736,baseline,2498,4655,3.7269815852682147,37.43657979976443,0.0014925837345887924,0.08077171329913706,0.011936993938619469,0.7825381539932897,0.9260110475334448,5.256565656565656,0,classic,1.0,0.3,0.3,False,n/a,n/a,n/a,n/a,n/a,n/a,n/a,n/a,n/a,n/a,n/a,n/a,n/a,n/a,n/a,n/a,n/a,n/a,n/a
PM9_full_N500,S2,2121129191,500,False,weak_PD,1.6,1.0,0.0,0.0,True,0.0,0.5,100,5,30,0.1,100000,0.0,0.0,1.0,0.0,0.0,0.0,0.0,1.0,0.0,0.11347041168308845,0.0,0.11347041168308845,5.0,21.528,91.18162953389216,0.998,True,True,0.0072279457118011575,2272,connected,2498,4675,3.7429943955164133,34.74462194084544,0.001498996554071451,0.1087667013675437,0.011811817809093603,0.9735075775907563,0.9777146754781861,1.311926605504587,0,classic,1.0,0.3,0.3,False,n/a,n/a,n/a,n/a,n/a,n/a,n/a,n/a,n/a,n/a,n/a,n/a,n/a,n/a,n/a,n/a,n/a,n/a,n/a
PM9_full_N500,S2,2121129191,500,False,weak_PD,1.6,1.0,0.0,0.0,True,0.0,0.5,100,5,30,2.0,100000,0.0,0.0,1.0,0.0,0.0,0.0,0.0,1.0,0.0,0.031453805782352316,0.0,0.031453805782352316,5.0,194.48,13.379438015956714,1.0,True,True,0.0,2183,fragmented,2498,3724,2.981585268214572,38.79333120664835,0.0011940669876710339,0.11016096710060605,0.013005871822109829,0.8158601897122726,0.9370647179036601,4.870445344129554,931,classic,1.0,0.3,0.3,False,n/a,n/a,n/a,n/a,n/a,n/a,n/a,n/a,n/a,n/a,n/a,n/a,n/a,n/a,n/a,n/a,n/a,n/a,n/a
PM9_full_N500,S2,2121129191,500,False,weak_PD,1.6,1.0,0.0,0.0,True,0.0,0.5,100,15,30,0.1,100000,0.0,0.0,1.0,0.0,0.0,0.0,0.0,1.0,0.0,0.17963509858860421,0.0,0.17963509858860421,14.77,21.412,92.22890941913299,0.884,True,False,0.02731990447961719,3093,baseline,2498,4655,3.7269815852682147,37.43657979976443,0.0014925837345887924,0.08077171329913706,0.011936993938619469,0.9875638028308364,0.9886755423566421,1.3008849557522124,0,classic,1.0,0.3,0.3,False,n/a,n/a,n/a,n/a,n/a,n/a,n/a,n/a,n/a,n/a,n/a,n/a,n/a,n/a,n/a,n/a,n/a,n/a,n/a
PM9_full_N500,S2,2121129191,500,False,weak_PD,1.6,1.0,0.0,0.0,True,0.0,0.5,100,5,30,2.0,100000,0.0,0.0,1.0,0.0,0.0,0.0,0.0,1.0,0.0,0.028102330862287757,0.0,0.028102330862287757,5.0,233.392,10.169488463915167,1.0,True,True,0.0,1911,connected,2498,4675,3.7429943955164133,34.74462194084544,0.001498996554071451,0.1087667013675437,0.011811817809093603,0.7717690197677002,0.9195381106664159,5.352112676056338,0,classic,1.0,0.3,0.3,False,n/a,n/a,n/a,n/a,n/a,n/a,n/a,n/a,n/a,n/a,n/a,n/a,n/a,n/a,n/a,n/a,n/a,n/a,n/a
PM9_full_N500,S2,2121129191,500,False,weak_PD,1.6,1.0,0.0,0.0,True,0.0,0.5,100,15,30,0.1,100000,0.0,0.0,0.9926000000000001,0.007400000000000001,0.0,0.0,0.0,0.9933570403214205,0.002559055118110236,0.17536311537916266,0.0,0.17532778494532514,14.304,18.628,120.97169473652396,0.718,False,True,0.018254185016712235,2853,fragmented,2498,3724,2.981585268214572,38.79333120664835,0.0011940669876710339,0.11016096710060605,0.013005871822109829,0.9878117139984234,0.9887487227761473,1.3482142857142858,931,classic,1.0,0.3,0.3,False,n/a,n/a,n/a,n/a,n/a,n/a,n/a,n/a,n/a,n/a,n/a,n/a,n/a,n/a,n/a,n/a,n/a,n/a,n/a
PM9_full_N500,S2,2121129191,500,False,weak_PD,1.6,1.0,0.0,0.0,True,0.0,0.5,100,15,30,2.0,100000,0.0,0.0,1.0,0.0,0.0,0.0,0.0,1.0,0.0,0.026425150316825373,0.0,0.026425150316825373,15.0,229.38,10.401874713965235,1.0,True,True,0.0,1735,baseline,2498,4655,3.7269815852682147,37.43657979976443,0.0014925837345887924,0.08077171329913706,0.011936993938619469,0.8166046239305089,0.9214997534175007,5.5030060120240485,0,classic,1.0,0.3,0.3,False,n/a,n/a,n/a,n/a,n/a,n/a,n/a,n/a,n/a,n/a,n/a,n/a,n/a,n/a,n/a,n/a,n/a,n/a,n/a
PM9_full_N500,S2,2121129191,500,False,weak_PD,1.6,1.0,0.0,0.0,True,0.0,0.5,100,15,30,2.0,100000,0.0,0.0,1.0,0.0,0.0,0.0,0.0,1.0,0.0,0.033382294083916436,0.0,0.033382294083916436,15.0,192.784,13.506358769181798,1.0,True,True,0.0,2676,fragmented,2498,3724,2.981585268214572,38.79333120664835,0.0011940669876710339,0.11016096710060605,0.013005871822109829,0.860961320724054,0.9339600804721164,5.4089068825910935,931,classic,1.0,0.3,0.3,False,n/a,n/a,n/a,n/a,n/a,n/a,n/a,n/a,n/a,n/a,n/a,n/a,n/a,n/a,n/a,n/a,n/a,n/a,n/a
PM9_full_N500,S2,2121129191,500,False,weak_PD,1.6,1.0,0.0,0.0,True,0.0,0.5,100,15,30,0.1,100000,0.0020000000000000005,0.0,0.9960000000000002,0.0,0.0020000000000000005,0.0,0.0,1.0,0.0,0.12242130782603888,0.42350845948352656,0.12418620381022219,14.748,21.244,92.52546666235764,0.878,False,True,0.014772337489331648,2818,connected,2498,4675,3.7429943955164133,34.74462194084544,0.001498996554071451,0.1087667013675437,0.011811817809093603,0.9807374565900333,0.9826986455300389,1.3390557939914163,0,classic,1.0,0.3,0.3,False,n/a,n/a,n/a,n/a,n/a,n/a,n/a,n/a,n/a,n/a,n/a,n/a,n/a,n/a,n/a,n/a,n/a,n/a,n/a
PM9_full_N500,S2,2121129191,500,False,weak_PD,1.6,1.0,0.0,0.0,True,0.01,0.5,100,0,30,0.1,100000,0.11640000000000002,0.0518,0.42380000000000007,0.09939999999999999,0.09839999999999999,0.11460000000000001,0.09559999999999999,0.6062046246961794,0.03106936416184971,0.3773694088883703,0.5102330770006496,0.42063938048182337,21.264,21.264,94.5693576079936,0.0,False,True,0.0012523250093049811,14545,baseline,2498,4655,3.7269815852682147,37.43657979976443,0.0014925837345887924,0.08077171329913706,0.011936993938619469,0.983472001147715,0.983472001147715,1.2863849765258215,0,classic,1.0,0.3,0.3,False,n/a,n/a,n/a,n/a,n/a,n/a,n/a,n/a,n/a,n/a,n/a,n/a,n/a,n/a,n/a,n/a,n/a,n/a,n/a
PM9_full_N500,S2,2121129191,500,False,weak_PD,1.6,1.0,0.0,0.0,True,0.0,0.5,100,15,30,2.0,100000,0.0,0.0,1.0,0.0,0.0,0.0,0.0,1.0,0.0,0.027616758895996317,0.0,0.027616758895996317,15.0,229.364,10.374634094202703,1.0,True,True,0.0,2001,connected,2498,4675,3.7429943955164133,34.74462194084544,0.001498996554071451,0.1087667013675437,0.011811817809093603,0.8209810800963839,0.9187769041724805,5.828,0,classic,1.0,0.3,0.3,False,n/a,n/a,n/a,n/a,n/a,n/a,n/a,n/a,n/a,n/a,n/a,n/a,n/a,n/a,n/a,n/a,n/a,n/a,n/a
PM9_full_N500,S2,2121129191,500,False,weak_PD,1.6,1.0,0.0,0.0,True,0.01,0.5,100,0,30,0.1,100000,0.08319999999999998,0.054400000000000004,0.45339999999999997,0.09939999999999999,0.1238,0.101,0.08479999999999999,0.6443777749179637,0.01732283464566929,0.3888480697784865,0.4296033213754205,0.42271951406061814,18.36,18.36,120.63136239344897,0.0,False,True,0.001960059040237809,14137,fragmented,2498,3724,2.981585268214572,38.79333120664835,0.0011940669876710339,0.11016096710060605,0.013005871822109829,0.9891892203393227,0.9891892203393227,1.3838862559241707,931,classic,1.0,0.3,0.3,False,n/a,n/a,n/a,n/a,n/a,n/a,n/a,n/a,n/a,n/a,n/a,n/a,n/a,n/a,n/a,n/a,n/a,n/a,n/a
PM9_full_N500,S2,2121129191,500,False,weak_PD,1.6,1.0,0.0,0.0,True,0.01,0.5,100,0,30,2.0,100000,0.1116,0.008199999999999999,0.7151999999999998,0.0558,0.06160000000000001,0.03660000000000001,0.011,0.9287886096254144,0.0819331370171488,0.1166562355505757,0.11624215371046238,0.11717652479948285,230.764,230.764,10.319457578751075,0.0,False,True,-0.005265985863947118,19554,baseline,2498,4655,3.7269815852682147,37.43657979976443,0.0014925837345887924,0.08077171329913706,0.011936993938619469,0.9217812821473057,0.9217812821473057,5.565392354124748,0,classic,1.0,0.3,0.3,False,n/a,n/a,n/a,n/a,n/a,n/a,n/a,n/a,n/a,n/a,n/a,n/a,n/a,n/a,n/a,n/a,n/a,n/a,n/a
PM9_full_N500,S2,2121129191,500,False,weak_PD,1.6,1.0,0.0,0.0,True,0.01,0.5,100,0,30,0.1,100000,0.12999999999999998,0.058800000000000005,0.4636,0.08419999999999997,0.09799999999999999,0.1066,0.058800000000000005,0.6842025285868076,0.02798756108396268,0.34033752384836347,0.34173364269118706,0.3469720256747195,21.452,21.452,91.361249144448,0.0,False,True,-0.006917970071880287,13633,connected,2498,4675,3.7429943955164133,34.74462194084544,0.001498996554071451,0.1087667013675437,0.011811817809093603,0.987609838431537,0.987609838431537,1.3211009174311927,0,classic,1.0,0.3,0.3,False,n/a,n/a,n/a,n/a,n/a,n/a,n/a,n/a,n/a,n/a,n/a,n/a,n/a,n/a,n/a,n/a,n/a,n/a,n/a
PM9_full_N500,S2,2121129191,500,False,weak_PD,1.6,1.0,0.0,0.0,True,0.01,0.5,100,0,30,2.0,100000,0.08999999999999998,0.0166,0.7006,0.06960000000000002,0.0186,0.060399999999999995,0.04419999999999999,0.8783119378489612,0.10626363353069491,0.12529616213764555,0.12864189769405535,0.12800111469140113,194.5,194.5,13.434527827315442,0.0,False,True,-0.01896508706035154,21126,fragmented,2498,3724,2.981585268214572,38.79333120664835,0.0011940669876710339,0.11016096710060605,0.013005871822109829,0.9370673820238766,0.9370673820238766,5.190283400809717,931,classic,1.0,0.3,0.3,False,n/a,n/a,n/a,n/a,n/a,n/a,n/a,n/a,n/a,n/a,n/a,n/a,n/a,n/a,n/a,n/a,n/a,n/a,n/a
PM9_full_N500,S2,2121129191,500,False,weak_PD,1.6,1.0,0.0,0.0,True,0.01,0.5,100,0,30,2.0,100000,0.07419999999999999,0.012199999999999999,0.7634,0.06720000000000001,0.0516,0.0152,0.0162,0.9265068782609902,0.08522727272727272,0.11734750490835662,0.11770527313642638,0.11731621326348773,234.176,234.176,10.13040825694103,0.0,False,True,-0.007010351241402401,18870,connected,2498,4675,3.7429943955164133,34.74462194084544,0.001498996554071451,0.1087667013675437,0.011811817809093603,0.9163536021362645,0.9163536021362645,5.549295774647887,0,classic,1.0,0.3,0.3,False,n/a,n/a,n/a,n/a,n/a,n/a,n/a,n/a,n/a,n/a,n/a,n/a,n/a,n/a,n/a,n/a,n/a,n/a,n/a
PM9_full_N500,S2,2121129191,500,False,weak_PD,1.6,1.0,0.0,0.0,True,0.01,0.5,100,5,30,0.1,100000,0.08059999999999999,0.0406,0.5231999999999999,0.09239999999999998,0.09179999999999998,0.1046,0.06680000000000001,0.8001879748469921,0.03056768558951965,0.39171376954539233,0.4316574442593814,0.41344901206862383,5.0,20.908,96.22745807695298,1.0,False,True,0.016093917175666137,14125,baseline,2498,4655,3.7269815852682147,37.43657979976443,0.0014925837345887924,0.08077171329913706,0.011936993938619469,0.9684933466752383,0.9752117625185067,1.280701754385965,0,classic,1.0,0.3,0.3,False,n/a,n/a,n/a,n/a,n/a,n/a,n/a,n/a,n/a,n/a,n/a,n/a,n/a,n/a,n/a,n/a,n/a,n/a,n/a
PM9_full_N500,S2,2121129191,500,False,weak_PD,1.6,1.0,0.0,0.0,True,0.01,0.5,100,5,30,0.1,100000,0.13620000000000002,0.09319999999999998,0.3926,0.1374,0.07919999999999999,0.0708,0.09059999999999999,0.6086894587212668,0.03404669260700389,0.4022496981941113,0.4576126776599214,0.45043671842721544,5.0,18.664,118.0183039602202,0.998,False,True,-0.0037038484153918303,14268,fragmented,2498,3724,2.981585268214572,38.79333120664835,0.0011940669876710339,0.11016096710060605,0.013005871822109829,0.987951398018861,0.9919618986821869,1.4638297872340424,931,classic,1.0,0.3,0.3,False,n/a,n/a,n/a,n/a,n/a,n/a,n/a,n/a,n/a,n/a,n/a,n/a,n/a,n/a,n/a,n/a,n/a,n/a,n/a
PM9_full_N500,S2,2121129191,500,False,weak_PD,1.6,1.0,0.0,0.0,True,0.01,0.5,100,5,30,2.0,100000,0.021799999999999996,0.019199999999999995,0.8756,0.0212,0.0218,0.028600000000000004,0.011800000000000001,0.9437865685788482,0.09078428007551055,0.10748460752132784,0.10425817898978049,0.10754158267717441,5.0,231.928,10.344033333449044,1.0,False,True,-0.001876125904505449,15561,baseline,2498,4655,3.7269815852682147,37.43657979976443,0.0014925837345887924,0.08077171329913706,0.011936993938619469,0.7733855299435075,0.9271244596262168,5.4505050505050505,0,classic,1.0,0.3,0.3,False,n/a,n/a,n/a,n/a,n/a,n/a,n/a,n/a,n/a,n/a,n/a,n/a,n/a,n/a,n/a,n/a,n/a,n/a,n/a
PM9_full_N500,S2,2121129191,500,False,weak_PD,1.6,1.0,0.0,0.0,True,0.01,0.5,100,5,30,0.1,100000,0.10900000000000001,0.07180000000000002,0.47040000000000004,0.129,0.07759999999999999,0.08879999999999998,0.05339999999999999,0.6928966867535082,0.041029935105714885,0.29723745792220807,0.3484271336955591,0.33212480249648624,5.0,21.64,93.53691691413866,1.0,False,True,-0.015335408541635632,13918,connected,2498,4675,3.7429943955164133,34.74462194084544,0.001498996554071451,0.1087667013675437,0.011811817809093603,0.9759977490679878,0.979397445752101,1.3702127659574468,0,classic,1.0,0.3,0.3,False,n/a,n/a,n/a,n/a,n/a,n/a,n/a,n/a,n/a,n/a,n/a,n/a,n/a,n/a,n/a,n/a,n/a,n/a,n/a
PM9_full_N500,S2,2121129191,500,False,weak_PD,1.6,1.0,0.0,0.0,True,0.01,0.5,100,5,30,2.0,100000,0.017,0.0256,0.8266,0.05500000000000001,0.030600000000000006,0.0192,0.026000000000000002,0.9184691397728451,0.10423053341508277,0.10696245239127071,0.09876863673380093,0.10764811405224674,5.0,193.772,13.413712451158634,1.0,False,True,-0.0025967431869716494,16365,fragmented,2498,3724,2.981585268214572,38.79333120664835,0.0011940669876710339,0.11016096710060605,0.013005871822109829,0.8194387077714075,0.9373033138742676,5.20162932790224,931,classic,1.0,0.3,0.3,False,n/a,n/a,n/a,n/a,n/a,n/a,n/a,n/a,n/a,n/a,n/a,n/a,n/a,n/a,n/a,n/a,n/a,n/a,n/a
PM9_full_N500,S2,2121129191,500,False,weak_PD,1.6,1.0,0.0,0.0,True,0.01,0.5,100,15,30,0.1,100000,0.11300000000000002,0.06540000000000001,0.42300000000000004,0.0828,0.11740000000000002,0.11580000000000001,0.08259999999999998,0.6161381822834348,0.025032938076416336,0.39674063432609163,0.42687093390531994,0.4218492468816912,14.736,21.38,93.75681009998502,0.854,False,True,0.0034165480661937295,14661,baseline,2498,4655,3.7269815852682147,37.43657979976443,0.0014925837345887924,0.08077171329913706,0.011936993938619469,0.9811064042848119,0.9822605317618116,1.251101321585903,0,classic,1.0,0.3,0.3,False,n/a,n/a,n/a,n/a,n/a,n/a,n/a,n/a,n/a,n/a,n/a,n/a,n/a,n/a,n/a,n/a,n/a,n/a,n/a
PM9_full_N500,S2,2121129191,500,False,weak_PD,1.6,1.0,0.0,0.0,True,0.01,0.5,100,5,30,2.0,100000,0.0318,0.010599999999999998,0.874,0.0214,0.016200000000000003,0.034600000000000006,0.011399999999999999,0.9472122660627216,0.06647877984084881,0.10555253092037058,0.10597861417665712,0.10565502377031454,5.0,233.1,10.145445718485568,1.0,False,True,0.0014609242436962424,15181,connected,2498,4675,3.7429943955164133,34.74462194084544,0.001498996554071451,0.1087667013675437,0.011811817809093603,0.7830317053051765,0.9243637226388906,5.5230460921843685,0,classic,1.0,0.3,0.3,False,n/a,n/a,n/a,n/a,n/a,n/a,n/a,n/a,n/a,n/a,n/a,n/a,n/a,n/a,n/a,n/a,n/a,n/a,n/a
PM9_full_N500,S2,2121129191,500,False,weak_PD,1.6,1.0,0.0,0.0,True,0.01,0.5,100,15,30,0.1,100000,0.12160000000000001,0.0744,0.4024000000000001,0.07100000000000001,0.13320000000000004,0.12060000000000001,0.0768,0.7057216351015765,0.035135568746991815,0.3610781692238322,0.47272074111024265,0.4320253649862173,14.192,18.44,121.49446145021923,0.696,False,True,-0.009461471445881572,14237,fragmented,2498,3724,2.981585268214572,38.79333120664835,0.0011940669876710339,0.11016096710060605,0.013005871822109829,0.9840862757140956,0.9849983752242603,1.4979757085020242,931,classic,1.0,0.3,0.3,False,n/a,n/a,n/a,n/a,n/a,n/a,n/a,n/a,n/a,n/a,n/a,n/a,n/a,n/a,n/a,n/a,n/a,n/a,n/a
PM9_full_N500,S2,2121129191,500,False,weak_PD,1.6,1.0,0.0,0.0,True,0.01,0.5,100,15,30,2.0,100000,0.0568,0.023799999999999998,0.8313999999999998,0.0268,0.031000000000000007,0.014599999999999998,0.015600000000000003,0.9322197971479854,0.09727164887307237,0.11131510997261225,0.10836668835434583,0.11130442445855655,15.0,234.744,10.183803344186543,1.0,False,True,-0.006588947955790359,16365,baseline,2498,4655,3.7269815852682147,37.43657979976443,0.0014925837345887924,0.08077171329913706,0.011936993938619469,0.8142985568673154,0.9192910257802209,5.706237424547283,0,classic,1.0,0.3,0.3,False,n/a,n/a,n/a,n/a,n/a,n/a,n/a,n/a,n/a,n/a,n/a,n/a,n/a,n/a,n/a,n/a,n/a,n/a,n/a
PM9_full_N500,S2,2121129191,500,False,weak_PD,1.6,1.0,0.0,0.0,True,0.01,0.5,100,15,30,2.0,100000,0.042199999999999994,0.002,0.8694,0.0178,0.026600000000000002,0.0312,0.010799999999999999,0.9500243837063733,0.05243764172335601,0.1137980920726551,0.12431648795728541,0.11523258628126236,15.0,190.668,13.722523506269331,1.0,False,True,-0.013242062568251738,18134,fragmented,2498,3724,2.981585268214572,38.79333120664835,0.0011940669876710339,0.11016096710060605,0.013005871822109829,0.8656666306965443,0.9311334184548334,5.3561368209255535,931,classic,1.0,0.3,0.3,False,n/a,n/a,n/a,n/a,n/a,n/a,n/a,n/a,n/a,n/a,n/a,n/a,n/a,n/a,n/a,n/a,n/a,n/a,n/a
PM9_full_N500,S2,2121129191,500,False,weak_PD,1.6,1.0,0.0,0.0,True,0.01,0.5,100,15,30,0.1,100000,0.12079999999999998,0.056600000000000004,0.48199999999999993,0.08099999999999999,0.1186,0.0682,0.0728,0.7747786130027837,0.04323597232897771,0.3371073143306082,0.3582518694159584,0.3521238076887351,14.716,21.396,91.17836886370382,0.862,False,True,0.009240718562873887,13873,connected,2498,4675,3.7429943955164133,34.74462194084544,0.001498996554071451,0.1087667013675437,0.011811817809093603,0.9841533235747926,0.9841533235747926,1.3047210300429184,0,classic,1.0,0.3,0.3,False,n/a,n/a,n/a,n/a,n/a,n/a,n/a,n/a,n/a,n/a,n/a,n/a,n/a,n/a,n/a,n/a,n/a,n/a,n/a
PM9_full_N500,S2,2121129191,500,False,snowdrift,4.0,3.0,0.0,2.0,True,0.0,0.5,100,0,30,0.1,100000,0.008200000000000002,0.0,0.9917999999999999,0.0,0.0,0.0,0.0,0.9998866213151928,0.00022291573785109228,0.4844144140338729,1.5217997101276877,0.49271349640262335,20.872,20.872,97.67287360350069,0.0,False,True,0.011435143340577757,2569,baseline,2498,4655,3.7269815852682147,37.43657979976443,0.0014925837345887924,0.08077171329913706,0.011936993938619469,0.9713886109310464,0.9713886109310464,1.330316742081448,0,classic,1.0,0.3,0.3,False,n/a,n/a,n/a,n/a,n/a,n/a,n/a,n/a,n/a,n/a,n/a,n/a,n/a,n/a,n/a,n/a,n/a,n/a,n/a
PM9_full_N500,S2,2121129191,500,False,weak_PD,1.6,1.0,0.0,0.0,True,0.01,0.5,100,15,30,2.0,100000,0.018,0.017,0.8595999999999998,0.019599999999999996,0.036,0.0368,0.013000000000000001,0.9362625849270598,0.08898794782895823,0.11186747920790718,0.10276781112751425,0.11177819852313553,15.0,232.276,10.217525388136572,1.0,False,True,0.005953022212092511,16304,connected,2498,4675,3.7429943955164133,34.74462194084544,0.001498996554071451,0.1087667013675437,0.011811817809093603,0.8190706336308796,0.9141347504049263,5.58316633266533,0,classic,1.0,0.3,0.3,False,n/a,n/a,n/a,n/a,n/a,n/a,n/a,n/a,n/a,n/a,n/a,n/a,n/a,n/a,n/a,n/a,n/a,n/a,n/a
PM9_full_N500,S2,2121129191,500,False,snowdrift,4.0,3.0,0.0,2.0,True,0.0,0.5,100,0,30,0.1,100000,0.007800000000000001,0.0,0.9721999999999997,0.004000000000000001,0.008000000000000002,0.008000000000000002,0.0,0.9999019607843138,0.00019000570017100514,0.6671012863455282,1.2278753993126341,0.6848727461771184,18.248,18.248,119.17189542294005,0.0,False,False,0.03466756267023457,3134,fragmented,2498,3724,2.981585268214572,38.79333120664835,0.0011940669876710339,0.11016096710060605,0.013005871822109829,0.988823722020139,0.988823722020139,1.2868852459016393,931,classic,1.0,0.3,0.3,False,n/a,n/a,n/a,n/a,n/a,n/a,n/a,n/a,n/a,n/a,n/a,n/a,n/a,n/a,n/a,n/a,n/a,n/a,n/a
PM9_full_N500,S2,2121129191,500,False,snowdrift,4.0,3.0,0.0,2.0,True,0.0,0.5,100,0,30,2.0,100000,0.0,0.0,1.0,0.0,0.0,0.0,0.0,1.0,0.0,0.16017202494426758,0.0,0.16017202494426758,229.66,229.66,10.347210732695153,0.0,True,True,0.0,3867,baseline,2498,4655,3.7269815852682147,37.43657979976443,0.0014925837345887924,0.08077171329913706,0.011936993938619469,0.9277447175184848,0.9277447175184848,5.589537223340041,0,classic,1.0,0.3,0.3,False,n/a,n/a,n/a,n/a,n/a,n/a,n/a,n/a,n/a,n/a,n/a,n/a,n/a,n/a,n/a,n/a,n/a,n/a,n/a
PM9_full_N500,S2,2121129191,500,False,snowdrift,4.0,3.0,0.0,2.0,True,0.0,0.5,100,0,30,0.1,100000,0.008000000000000002,0.0,0.9920000000000002,0.0,0.0,0.0,0.0,1.0,0.0,0.3777390094698464,0.7040048881269731,0.38034913649910335,21.136,21.136,91.65374381946184,0.0,False,True,0.003904431617695709,2403,connected,2498,4675,3.7429943955164133,34.74462194084544,0.001498996554071451,0.1087667013675437,0.011811817809093603,0.9799969353795887,0.9799969353795887,1.2407407407407407,0,classic,1.0,0.3,0.3,False,n/a,n/a,n/a,n/a,n/a,n/a,n/a,n/a,n/a,n/a,n/a,n/a,n/a,n/a,n/a,n/a,n/a,n/a,n/a
PM9_full_N500,S2,2121129191,500,False,snowdrift,4.0,3.0,0.0,2.0,True,0.0,0.5,100,0,30,2.0,100000,0.0,0.0,0.9808,0.0192,0.0,0.0,0.0,0.9953397693362158,0.006217120994739359,0.37349509741475295,0.0,0.372707011556948,195.312,195.312,13.332844111000604,0.0,False,True,0.013753888615549334,11061,fragmented,2498,3724,2.981585268214572,38.79333120664835,0.0011940669876710339,0.11016096710060605,0.013005871822109829,0.9313224334955205,0.9313224334955205,5.256565656565656,931,classic,1.0,0.3,0.3,False,n/a,n/a,n/a,n/a,n/a,n/a,n/a,n/a,n/a,n/a,n/a,n/a,n/a,n/a,n/a,n/a,n/a,n/a,n/a
PM9_full_N500,S2,2121129191,500,False,snowdrift,4.0,3.0,0.0,2.0,True,0.0,0.5,100,0,30,2.0,100000,0.0,0.0,1.0,0.0,0.0,0.0,0.0,1.0,0.0,0.2516633687246301,0.0,0.2516633687246301,233.752,233.752,10.284294390370626,0.0,True,False,0.025462786651148067,7100,connected,2498,4675,3.7429943955164133,34.74462194084544,0.001498996554071451,0.1087667013675437,0.011811817809093603,0.9241636597613129,0.9241636597613129,6.036290322580645,0,classic,1.0,0.3,0.3,False,n/a,n/a,n/a,n/a,n/a,n/a,n/a,n/a,n/a,n/a,n/a,n/a,n/a,n/a,n/a,n/a,n/a,n/a,n/a
PM9_full_N500,S2,2121129191,500,False,snowdrift,4.0,3.0,0.0,2.0,True,0.0,0.5,100,5,30,0.1,100000,0.0,0.0,1.0,0.0,0.0,0.0,0.0,1.0,0.0,0.48745046010630233,0.0,0.48745046010630233,5.0,20.984,95.08028374729193,1.0,True,True,0.012644191376765507,2585,baseline,2498,4655,3.7269815852682147,37.43657979976443,0.0014925837345887924,0.08077171329913706,0.011936993938619469,0.9731941837436351,0.9798578064488221,1.2571428571428571,0,classic,1.0,0.3,0.3,False,n/a,n/a,n/a,n/a,n/a,n/a,n/a,n/a,n/a,n/a,n/a,n/a,n/a,n/a,n/a,n/a,n/a,n/a,n/a
PM9_full_N500,S2,2121129191,500,False,snowdrift,4.0,3.0,0.0,2.0,True,0.0,0.5,100,5,30,0.1,100000,0.0,0.004000000000000001,0.9960000000000002,0.0,0.0,0.0,0.0,1.0,0.0,0.6368339496435488,0.0,0.6447361991087851,5.0,18.732,115.22045877813156,0.998,False,False,0.03142440089760652,3059,fragmented,2498,3724,2.981585268214572,38.79333120664835,0.0011940669876710339,0.11016096710060605,0.013005871822109829,0.9765935538692547,0.9793012575915501,1.4814814814814814,931,classic,1.0,0.3,0.3,False,n/a,n/a,n/a,n/a,n/a,n/a,n/a,n/a,n/a,n/a,n/a,n/a,n/a,n/a,n/a,n/a,n/a,n/a,n/a
PM9_full_N500,S2,2121129191,500,False,snowdrift,4.0,3.0,0.0,2.0,True,0.0,0.5,100,5,30,2.0,100000,0.0,0.0,1.0,0.0,0.0,0.0,0.0,1.0,0.0,0.1733275615583519,0.0,0.1733275615583519,5.0,234.88,10.202850305837401,1.0,True,True,0.0,3582,baseline,2498,4655,3.7269815852682147,37.43657979976443,0.0014925837345887924,0.08077171329913706,0.011936993938619469,0.78160312232463,0.9268617880930039,5.875751503006012,0,classic,1.0,0.3,0.3,False,n/a,n/a,n/a,n/a,n/a,n/a,n/a,n/a,n/a,n/a,n/a,n/a,n/a,n/a,n/a,n/a,n/a,n/a,n/a
PM9_full_N500,S2,2121129191,500,False,snowdrift,4.0,3.0,0.0,2.0,True,0.0,0.5,100,5,30,0.1,100000,0.0,0.0,1.0,0.0,0.0,0.0,0.0,1.0,0.0,0.3689289298164138,0.0,0.3689289298164138,5.0,21.18,93.38378608816824,1.0,True,True,0.003264301057202764,2369,connected,2498,4675,3.7429943955164133,34.74462194084544,0.001498996554071451,0.1087667013675437,0.011811817809093603,0.9739980150726908,0.9792239432940635,1.2946428571428572,0,classic,1.0,0.3,0.3,False,n/a,n/a,n/a,n/a,n/a,n/a,n/a,n/a,n/a,n/a,n/a,n/a,n/a,n/a,n/a,n/a,n/a,n/a,n/a
PM9_full_N500,S2,2121129191,500,False,snowdrift,4.0,3.0,0.0,2.0,True,0.0,0.5,100,5,30,2.0,100000,0.0,0.0,1.0,0.0,0.0,0.0,0.0,1.0,0.0,0.3339979728161737,0.0,0.3339979728161737,5.0,189.808,13.76063780846462,1.0,True,True,0.0032356641426565707,6228,fragmented,2498,3724,2.981585268214572,38.79333120664835,0.0011940669876710339,0.11016096710060605,0.013005871822109829,0.8151038012463602,0.9283559291001905,5.09349593495935,931,classic,1.0,0.3,0.3,False,n/a,n/a,n/a,n/a,n/a,n/a,n/a,n/a,n/a,n/a,n/a,n/a,n/a,n/a,n/a,n/a,n/a,n/a,n/a
PM9_full_N500,S2,2121129191,500,False,snowdrift,4.0,3.0,0.0,2.0,True,0.0,0.5,100,15,30,0.1,100000,0.008200000000000002,0.0,0.9917999999999999,0.0,0.0,0.0,0.0,0.9998866213151928,0.00022291573785109228,0.4844144140338729,1.5217997101276877,0.49271349640262335,14.716,20.872,97.67287360350069,0.848,False,True,0.011435143340577757,2569,baseline,2498,4655,3.7269815852682147,37.43657979976443,0.0014925837345887924,0.08077171329913706,0.011936993938619469,0.9708535251018432,0.9713886109310464,1.330316742081448,0,classic,1.0,0.3,0.3,False,n/a,n/a,n/a,n/a,n/a,n/a,n/a,n/a,n/a,n/a,n/a,n/a,n/a,n/a,n/a,n/a,n/a,n/a,n/a
PM9_full_N500,S2,2121129191,500,False,snowdrift,4.0,3.0,0.0,2.0,True,0.0,0.5,100,5,30,2.0,100000,0.0,0.0,1.0,0.0,0.0,0.0,0.0,1.0,0.0,0.21298482255765586,0.0,0.21298482255765586,5.0,233.408,10.146949731424744,1.0,True,True,0.0,4018,connected,2498,4675,3.7429943955164133,34.74462194084544,0.001498996554071451,0.1087667013675437,0.011811817809093603,0.7797595942950749,0.9287040660314199,5.507014028056112,0,classic,1.0,0.3,0.3,False,n/a,n/a,n/a,n/a,n/a,n/a,n/a,n/a,n/a,n/a,n/a,n/a,n/a,n/a,n/a,n/a,n/a,n/a,n/a
PM9_full_N500,S2,2121129191,500,False,snowdrift,4.0,3.0,0.0,2.0,True,0.0,0.5,100,15,30,0.1,100000,0.005999999999999999,0.0,0.9719999999999998,0.0,0.019999999999999997,0.0020000000000000005,0.0,0.9882293591099387,0.0001830831197363603,0.6701904660093146,1.4160227485189187,0.6846211009854195,14.24,18.456,117.6367457036133,0.7,False,False,0.035386432745733915,3138,fragmented,2498,3724,2.981585268214572,38.79333120664835,0.0011940669876710339,0.11016096710060605,0.013005871822109829,0.9810235865809007,0.9823202597652787,1.3248945147679325,931,classic,1.0,0.3,0.3,False,n/a,n/a,n/a,n/a,n/a,n/a,n/a,n/a,n/a,n/a,n/a,n/a,n/a,n/a,n/a,n/a,n/a,n/a,n/a
PM9_full_N500,S2,2121129191,500,False,snowdrift,4.0,3.0,0.0,2.0,True,0.0,0.5,100,15,30,2.0,100000,0.0,0.0,1.0,0.0,0.0,0.0,0.0,1.0,0.0,0.1784257016412986,0.0,0.1784257016412986,15.0,234.764,10.16154841956908,1.0,True,True,0.0,4225,baseline,2498,4655,3.7269815852682147,37.43657979976443,0.0014925837345887924,0.08077171329913706,0.011936993938619469,0.8116200364877671,0.9226343221041903,5.758551307847083,0,classic,1.0,0.3,0.3,False,n/a,n/a,n/a,n/a,n/a,n/a,n/a,n/a,n/a,n/a,n/a,n/a,n/a,n/a,n/a,n/a,n/a,n/a,n/a
PM9_full_N500,S2,2121129191,500,False,snowdrift,4.0,3.0,0.0,2.0,True,0.0,0.5,100,15,30,0.1,100000,0.008000000000000002,0.0,0.9920000000000002,0.0,0.0,0.0,0.0,1.0,0.0,0.3777390094698464,0.7040048881269731,0.38034913649910335,14.642,21.136,91.65374381946184,0.83,False,True,0.003904431617695709,2403,connected,2498,4675,3.7429943955164133,34.74462194084544,0.001498996554071451,0.1087667013675437,0.011811817809093603,0.9797280427495849,0.9799969353795887,1.2407407407407407,0,classic,1.0,0.3,0.3,False,n/a,n/a,n/a,n/a,n/a,n/a,n/a,n/a,n/a,n/a,n/a,n/a,n/a,n/a,n/a,n/a,n/a,n/a,n/a
PM9_full_N500,S2,2121129191,500,False,snowdrift,4.0,3.0,0.0,2.0,True,0.0,0.5,100,15,30,2.0,100000,0.0,0.0,1.0,0.0,0.0,0.0,0.0,1.0,0.0,0.2472562936686532,0.0,0.2472562936686532,15.0,193.6,13.4225418965707,1.0,True,True,0.003254393817576735,5979,fragmented,2498,3724,2.981585268214572,38.79333120664835,0.0011940669876710339,0.11016096710060605,0.013005871822109829,0.8647331204948059,0.9407714852160398,4.967741935483871,931,classic,1.0,0.3,0.3,False,n/a,n/a,n/a,n/a,n/a,n/a,n/a,n/a,n/a,n/a,n/a,n/a,n/a,n/a,n/a,n/a,n/a,n/a,n/a
PM9_full_N500,S2,2121129191,500,False,snowdrift,4.0,3.0,0.0,2.0,True,0.01,0.5,100,0,30,0.1,100000,0.12560000000000002,0.054799999999999995,0.4104,0.1044,0.1012,0.11440000000000002,0.08919999999999997,0.6851614985760209,0.05767524401064774,1.238033641161328,1.4396887258116942,1.3701863853560832,21.228,21.228,93.014874980578,0.0,False,True,-0.01841210564842717,14261,baseline,2498,4655,3.7269815852682147,37.43657979976443,0.0014925837345887924,0.08077171329913706,0.011936993938619469,0.9893045018054129,0.9893045018054129,1.3398058252427185,0,classic,1.0,0.3,0.3,False,n/a,n/a,n/a,n/a,n/a,n/a,n/a,n/a,n/a,n/a,n/a,n/a,n/a,n/a,n/a,n/a,n/a,n/a,n/a
PM9_full_N500,S2,2121129191,500,False,snowdrift,4.0,3.0,0.0,2.0,True,0.0,0.5,100,15,30,2.0,100000,0.0,0.0,1.0,0.0,0.0,0.0,0.0,1.0,0.0,0.16906168838188715,0.0,0.16906168838188715,15.0,233.964,10.21725480458791,1.0,True,True,0.0,3503,connected,2498,4675,3.7429943955164133,34.74462194084544,0.001498996554071451,0.1087667013675437,0.011811817809093603,0.8174308123334277,0.9140947443433612,5.665995975855131,0,classic,1.0,0.3,0.3,False,n/a,n/a,n/a,n/a,n/a,n/a,n/a,n/a,n/a,n/a,n/a,n/a,n/a,n/a,n/a,n/a,n/a,n/a,n/a
PM9_full_N500,S2,2121129191,500,False,snowdrift,4.0,3.0,0.0,2.0,True,0.01,0.5,100,0,30,0.1,100000,0.14519999999999997,0.06940000000000002,0.44020000000000004,0.11240000000000001,0.09079999999999998,0.07359999999999998,0.06840000000000002,0.6613309482572236,0.04962492787074437,1.35394678387685,1.5691830927435613,1.4426478466641601,18.264,18.264,116.21034128999499,0.0,False,True,0.004929360517445915,14315,fragmented,2498,3724,2.981585268214572,38.79333120664835,0.0011940669876710339,0.11016096710060605,0.013005871822109829,0.9878682200491307,0.9878682200491307,1.4678899082568808,931,classic,1.0,0.3,0.3,False,n/a,n/a,n/a,n/a,n/a,n/a,n/a,n/a,n/a,n/a,n/a,n/a,n/a,n/a,n/a,n/a,n/a,n/a,n/a
PM9_full_N500,S2,2121129191,500,False,snowdrift,4.0,3.0,0.0,2.0,True,0.01,0.5,100,0,30,2.0,100000,0.04939999999999999,0.04039999999999999,0.6340000000000001,0.1536,0.05740000000000001,0.04699999999999999,0.0182,0.8341739197942362,0.12732185072610605,0.9547115063993716,0.9647265081029894,0.9715130851752861,231.02,231.02,10.265198389987788,0.0,False,True,0.009274040296159355,28769,baseline,2498,4655,3.7269815852682147,37.43657979976443,0.0014925837345887924,0.08077171329913706,0.011936993938619469,0.9303677653384727,0.9303677653384727,5.36969696969697,0,classic,1.0,0.3,0.3,False,n/a,n/a,n/a,n/a,n/a,n/a,n/a,n/a,n/a,n/a,n/a,n/a,n/a,n/a,n/a,n/a,n/a,n/a,n/a
PM9_full_N500,S2,2121129191,500,False,snowdrift,4.0,3.0,0.0,2.0,True,0.01,0.5,100,0,30,0.1,100000,0.10799999999999998,0.07959999999999998,0.43400000000000005,0.11959999999999997,0.1016,0.09359999999999999,0.06360000000000002,0.6993985645609038,0.03807692307692308,1.1208887585365273,1.2632674344291397,1.2208686035495602,20.784,20.784,93.30031135316688,0.0,False,True,-0.016329434917733993,14056,connected,2498,4675,3.7429943955164133,34.74462194084544,0.001498996554071451,0.1087667013675437,0.011811817809093603,0.9896320671501772,0.9896320671501772,1.256198347107438,0,classic,1.0,0.3,0.3,False,n/a,n/a,n/a,n/a,n/a,n/a,n/a,n/a,n/a,n/a,n/a,n/a,n/a,n/a,n/a,n/a,n/a,n/a,n/a
PM9_full_N500,S2,2121129191,500,False,snowdrift,4.0,3.0,0.0,2.0,True,0.01,0.5,100,0,30,2.0,100000,0.1264,0.024799999999999996,0.5164000000000001,0.0568,0.1046,0.11920000000000001,0.0518,0.776216175451748,0.12947269303201506,1.0269992301040916,1.0733069977878853,1.0375732668676045,194.564,194.564,13.501011257251555,0.0,False,False,0.024233780135119808,30246,fragmented,2498,3724,2.981585268214572,38.79333120664835,0.0011940669876710339,0.11016096710060605,0.013005871822109829,0.9390494168021839,0.9390494168021839,5.082828282828283,931,classic,1.0,0.3,0.3,False,n/a,n/a,n/a,n/a,n/a,n/a,n/a,n/a,n/a,n/a,n/a,n/a,n/a,n/a,n/a,n/a,n/a,n/a,n/a
PM9_full_N500,S2,2121129191,500,False,snowdrift,4.0,3.0,0.0,2.0,True,0.01,0.5,100,5,30,0.1,100000,0.1508,0.057800000000000004,0.3824000000000001,0.11879999999999999,0.1008,0.12940000000000002,0.06000000000000001,0.4865731922936939,0.031970421922575036,1.3385557471405265,1.4519264420339861,1.3894743803725775,5.0,21.184,93.43770778845982,1.0,False,True,-0.005492316369264012,13985,baseline,2498,4655,3.7269815852682147,37.43657979976443,0.0014925837345887924,0.08077171329913706,0.011936993938619469,0.9839379174970472,0.9878742666860034,1.291866028708134,0,classic,1.0,0.3,0.3,False,n/a,n/a,n/a,n/a,n/a,n/a,n/a,n/a,n/a,n/a,n/a,n/a,n/a,n/a,n/a,n/a,n/a,n/a,n/a
PM9_full_N500,S2,2121129191,500,False,snowdrift,4.0,3.0,0.0,2.0,True,0.01,0.5,100,0,30,2.0,100000,0.10540000000000001,0.04539999999999999,0.3994000000000001,0.18799999999999997,0.08739999999999998,0.10300000000000001,0.07139999999999999,0.644646023734996,0.20472175379426644,1.0440178568341478,1.0696090644630996,1.042452674604048,231.82,231.82,10.25180060374839,0.0,False,True,-0.011375930303725244,29790,connected,2498,4675,3.7429943955164133,34.74462194084544,0.001498996554071451,0.1087667013675437,0.011811817809093603,0.9282005606568074,0.9282005606568074,5.567134268537074,0,classic,1.0,0.3,0.3,False,n/a,n/a,n/a,n/a,n/a,n/a,n/a,n/a,n/a,n/a,n/a,n/a,n/a,n/a,n/a,n/a,n/a,n/a,n/a
PM9_full_N500,S2,2121129191,500,False,snowdrift,4.0,3.0,0.0,2.0,True,0.01,0.5,100,5,30,0.1,100000,0.14799999999999996,0.06520000000000001,0.39320000000000005,0.1246,0.1082,0.09119999999999998,0.0696,0.6183817843692909,0.04242424242424243,1.3042914770418788,1.385528200154249,1.3323779672818559,4.996,19.016,115.5190007800807,0.996,False,True,0.005847527390113772,14290,fragmented,2498,3724,2.981585268214572,38.79333120664835,0.0011940669876710339,0.11016096710060605,0.013005871822109829,0.9725968758334087,0.9773412979450687,1.3640552995391706,931,classic,1.0,0.3,0.3,False,n/a,n/a,n/a,n/a,n/a,n/a,n/a,n/a,n/a,n/a,n/a,n/a,n/a,n/a,n/a,n/a,n/a,n/a,n/a
PM9_full_N500,S2,2121129191,500,False,snowdrift,4.0,3.0,0.0,2.0,True,0.01,0.5,100,5,30,2.0,100000,0.0284,0.03660000000000001,0.724,0.1014,0.044,0.0346,0.031000000000000007,0.8374560852090351,0.15466237942122185,0.8353669355656069,0.8583138183717857,0.8404754441442864,5.0,233.512,10.241102307884644,1.0,False,True,-0.013235755343027232,23620,baseline,2498,4655,3.7269815852682147,37.43657979976443,0.0014925837345887924,0.08077171329913706,0.011936993938619469,0.7823654743219325,0.9235203328998502,5.814516129032258,0,classic,1.0,0.3,0.3,False,n/a,n/a,n/a,n/a,n/a,n/a,n/a,n/a,n/a,n/a,n/a,n/a,n/a,n/a,n/a,n/a,n/a,n/a,n/a
PM9_full_N500,S2,2121129191,500,False,snowdrift,4.0,3.0,0.0,2.0,True,0.01,0.5,100,5,30,0.1,100000,0.09839999999999999,0.06460000000000002,0.4586,0.1338,0.1048,0.09179999999999998,0.047999999999999994,0.6258268586570714,0.05220367993153616,1.1296230604156066,1.2050437257036006,1.1990829111657586,5.0,21.44,90.51681724583605,1.0,False,True,-0.012455982623927567,14309,connected,2498,4675,3.7429943955164133,34.74462194084544,0.001498996554071451,0.1087667013675437,0.011811817809093603,0.9751677548446362,0.9809585664369066,1.2334801762114538,0,classic,1.0,0.3,0.3,False,n/a,n/a,n/a,n/a,n/a,n/a,n/a,n/a,n/a,n/a,n/a,n/a,n/a,n/a,n/a,n/a,n/a,n/a,n/a
PM9_full_N500,S2,2121129191,500,False,snowdrift,4.0,3.0,0.0,2.0,True,0.01,0.5,100,5,30,2.0,100000,0.057800000000000004,0.011600000000000003,0.644,0.06260000000000002,0.07399999999999998,0.11099999999999999,0.03899999999999999,0.7984110611573755,0.14909090909090908,0.8668262020401961,0.9474239153733258,0.8819415610014216,5.0,193.576,13.46823675881638,1.0,False,True,0.0017202020808072245,25718,fragmented,2498,3724,2.981585268214572,38.79333120664835,0.0011940669876710339,0.11016096710060605,0.013005871822109829,0.8114356181607553,0.9295163733440976,5.283400809716599,931,classic,1.0,0.3,0.3,False,n/a,n/a,n/a,n/a,n/a,n/a,n/a,n/a,n/a,n/a,n/a,n/a,n/a,n/a,n/a,n/a,n/a,n/a,n/a
PM9_full_N500,S2,2121129191,500,False,snowdrift,4.0,3.0,0.0,2.0,True,0.01,0.5,100,15,30,0.1,100000,0.07519999999999999,0.06340000000000001,0.44000000000000006,0.15439999999999998,0.08479999999999999,0.10600000000000001,0.07619999999999999,0.5880244658804503,0.046694966646452396,1.2171988166953345,1.380093186044724,1.3019889625246113,14.67,21.344,91.49090026082874,0.838,False,False,-0.022511658046626328,14102,baseline,2498,4655,3.7269815852682147,37.43657979976443,0.0014925837345887924,0.08077171329913706,0.011936993938619469,0.9802790701288836,0.9813279757227216,1.3537117903930131,0,classic,1.0,0.3,0.3,False,n/a,n/a,n/a,n/a,n/a,n/a,n/a,n/a,n/a,n/a,n/a,n/a,n/a,n/a,n/a,n/a,n/a,n/a,n/a
PM9_full_N500,S2,2121129191,500,False,snowdrift,4.0,3.0,0.0,2.0,True,0.01,0.5,100,5,30,2.0,100000,0.06160000000000001,0.034600000000000006,0.7376000000000001,0.05800000000000001,0.043199999999999995,0.0392,0.025799999999999997,0.8465641982976602,0.14551460361613353,0.8270545207773816,0.8557590188663037,0.8322842989212625,5.0,234.748,10.216525339470078,1.0,False,True,-0.006577274309099434,23838,connected,2498,4675,3.7429943955164133,34.74462194084544,0.001498996554071451,0.1087667013675437,0.011811817809093603,0.7744297879231986,0.9185194645466098,5.5636363636363635,0,classic,1.0,0.3,0.3,False,n/a,n/a,n/a,n/a,n/a,n/a,n/a,n/a,n/a,n/a,n/a,n/a,n/a,n/a,n/a,n/a,n/a,n/a,n/a
PM9_full_N500,S2,2121129191,500,False,snowdrift,4.0,3.0,0.0,2.0,True,0.01,0.5,100,15,30,0.1,100000,0.12180000000000002,0.04939999999999999,0.40360000000000007,0.143,0.1046,0.11500000000000002,0.06260000000000002,0.7281055131613124,0.03224514320048067,1.3414270391003364,1.5758260868676113,1.442614784730555,14.196,18.54,115.91068987518376,0.692,False,True,0.0009929415717692168,14205,fragmented,2498,3724,2.981585268214572,38.79333120664835,0.0011940669876710339,0.11016096710060605,0.013005871822109829,0.9864482869048898,0.987400846152293,1.4028436018957346,931,classic,1.0,0.3,0.3,False,n/a,n/a,n/a,n/a,n/a,n/a,n/a,n/a,n/a,n/a,n/a,n/a,n/a,n/a,n/a,n/a,n/a,n/a,n/a
PM9_full_N500,S2,2121129191,500,False,snowdrift,4.0,3.0,0.0,2.0,True,0.01,0.5,100,15,30,2.0,100000,0.0364,0.040999999999999995,0.6872,0.08099999999999999,0.059800000000000006,0.08459999999999998,0.01,0.8150879751662435,0.13302752293577982,0.85780039496895,0.9721260039273839,0.8680850341365353,15.0,227.292,10.478189692998868,1.0,False,True,-0.01120946563786475,25285,baseline,2498,4655,3.7269815852682147,37.43657979976443,0.0014925837345887924,0.08077171329913706,0.011936993938619469,0.82084665940934,0.9251865411515345,5.492,0,classic,1.0,0.3,0.3,False,n/a,n/a,n/a,n/a,n/a,n/a,n/a,n/a,n/a,n/a,n/a,n/a,n/a,n/a,n/a,n/a,n/a,n/a,n/a
PM9_full_N500,S2,2121129191,500,False,snowdrift,4.0,3.0,0.0,2.0,True,0.01,0.5,100,15,30,0.1,100000,0.1246,0.0506,0.3954000000000001,0.101,0.08919999999999997,0.14379999999999998,0.09539999999999998,0.6393764455551234,0.051919633976526755,1.201572354349477,1.1636753125764432,1.2402672389901532,14.706,20.62,93.669952700639,0.83,False,False,-0.02044789939158823,14170,connected,2498,4675,3.7429943955164133,34.74462194084544,0.001498996554071451,0.1087667013675437,0.011811817809093603,0.9841989537711086,0.9853381934537366,1.4336283185840708,0,classic,1.0,0.3,0.3,False,n/a,n/a,n/a,n/a,n/a,n/a,n/a,n/a,n/a,n/a,n/a,n/a,n/a,n/a,n/a,n/a,n/a,n/a,n/a
PM9_full_N500,S2,2121129191,500,False,snowdrift,4.0,3.0,0.0,2.0,True,0.01,0.5,100,15,30,2.0,100000,0.07499999999999998,0.04159999999999999,0.5652000000000001,0.06740000000000002,0.07559999999999999,0.06720000000000001,0.10800000000000001,0.7341269705738535,0.16388631448872412,1.0400644411024766,0.9703038415406883,1.0441384864619203,15.0,188.756,13.635971287131193,1.0,False,False,-0.021061735446941423,28734,fragmented,2498,3724,2.981585268214572,38.79333120664835,0.0011940669876710339,0.11016096710060605,0.013005871822109829,0.8658976304799126,0.9392596291290808,5.167002012072435,931,classic,1.0,0.3,0.3,False,n/a,n/a,n/a,n/a,n/a,n/a,n/a,n/a,n/a,n/a,n/a,n/a,n/a,n/a,n/a,n/a,n/a,n/a,n/a
PM9_full_N500,S2,686818433,500,False,PD_classic,9.0,5.0,1.0,0.0,True,0.0,0.5,100,0,30,0.1,100000,0.0,0.0,1.0,0.0,0.0,0.0,0.0,1.0,0.0,1.266142894353814,0.0,1.266142894353814,20.944,20.944,93.63534120079106,0.0,True,True,9.216036864147456e-05,1284,baseline,2498,4655,3.7269815852682147,37.43657979976443,0.0014925837345887924,0.08077171329913706,0.011936993938619469,0.988723059231866,0.988723059231866,1.4102564102564104,0,classic,1.0,0.3,0.3,False,n/a,n/a,n/a,n/a,n/a,n/a,n/a,n/a,n/a,n/a,n/a,n/a,n/a,n/a,n/a,n/a,n/a,n/a,n/a
PM9_full_N500,S2,2121129191,500,False,snowdrift,4.0,3.0,0.0,2.0,True,0.01,0.5,100,15,30,2.0,100000,0.08359999999999998,0.033999999999999996,0.6557999999999999,0.04439999999999999,0.06400000000000002,0.06200000000000001,0.05620000000000001,0.80721372581881,0.15716783216783217,0.8677074033389569,0.8740140045008803,0.8737132665190411,15.0,228.62,10.447325445810089,1.0,False,True,0.006875125100504431,25304,connected,2498,4675,3.7429943955164133,34.74462194084544,0.001498996554071451,0.1087667013675437,0.011811817809093603,0.8089722746664497,0.9210877511947937,5.449799196787149,0,classic,1.0,0.3,0.3,False,n/a,n/a,n/a,n/a,n/a,n/a,n/a,n/a,n/a,n/a,n/a,n/a,n/a,n/a,n/a,n/a,n/a,n/a,n/a
PM9_full_N500,S2,686818433,500,False,PD_classic,9.0,5.0,1.0,0.0,True,0.0,0.5,100,0,30,0.1,100000,0.0,0.0,1.0,0.0,0.0,0.0,0.0,1.0,0.0,1.2702939426809527,0.0,1.2702939426809527,18.376,18.376,120.73105001841886,0.0,True,True,0.0,1140,fragmented,2498,3724,2.981585268214572,39.63064389477817,0.0011940669876710339,0.12020652213430576,0.013187493223890165,0.9891457711728286,0.9891457711728286,1.4134615384615385,931,classic,1.0,0.3,0.3,False,n/a,n/a,n/a,n/a,n/a,n/a,n/a,n/a,n/a,n/a,n/a,n/a,n/a,n/a,n/a,n/a,n/a,n/a,n/a
PM9_full_N500,S2,686818433,500,False,PD_classic,9.0,5.0,1.0,0.0,True,0.0,0.5,100,0,30,2.0,100000,0.0,0.0,1.0,0.0,0.0,0.0,0.0,1.0,0.0,1.0636987222796748,0.0,1.0636987222796748,231.408,231.408,10.250984145838798,0.0,True,True,0.0,985,baseline,2498,4655,3.7269815852682147,37.43657979976443,0.0014925837345887924,0.08077171329913706,0.011936993938619469,0.9223082154895735,0.9223082154895735,5.6,0,classic,1.0,0.3,0.3,False,n/a,n/a,n/a,n/a,n/a,n/a,n/a,n/a,n/a,n/a,n/a,n/a,n/a,n/a,n/a,n/a,n/a,n/a,n/a
PM9_full_N500,S2,686818433,500,False,PD_classic,9.0,5.0,1.0,0.0,True,0.0,0.5,100,0,30,0.1,100000,0.0,0.0,1.0,0.0,0.0,0.0,0.0,1.0,0.0,1.2927473494581239,0.0,1.2927473494581239,20.816,20.816,93.80551047280198,0.0,True,True,0.0,1232,connected,2498,4675,3.7429943955164133,34.6557387776469,0.001498996554071451,0.09900266949170751,0.01181260001377769,0.9888113956431579,0.9888113956431579,1.3796296296296295,0,classic,1.0,0.3,0.3,False,n/a,n/a,n/a,n/a,n/a,n/a,n/a,n/a,n/a,n/a,n/a,n/a,n/a,n/a,n/a,n/a,n/a,n/a,n/a
PM9_full_N500,S2,686818433,500,False,PD_classic,9.0,5.0,1.0,0.0,True,0.0,0.5,100,0,30,2.0,100000,0.0,0.0,1.0,0.0,0.0,0.0,0.0,1.0,0.0,1.0645095867710486,0.0,1.0645095867710486,197.7,197.7,13.271846655866595,0.0,True,True,0.0,1074,fragmented,2498,3724,2.981585268214572,39.63064389477817,0.0011940669876710339,0.12020652213430576,0.013187493223890165,0.9283991843085488,0.9283991843085488,5.4124748490945676,931,classic,1.0,0.3,0.3,False,n/a,n/a,n/a,n/a,n/a,n/a,n/a,n/a,n/a,n/a,n/a,n/a,n/a,n/a,n/a,n/a,n/a,n/a,n/a
PM9_full_N500,S2,686818433,500,False,PD_classic,9.0,5.0,1.0,0.0,True,0.0,0.5,100,0,30,2.0,100000,0.0,0.0,1.0,0.0,0.0,0.0,0.0,1.0,0.0,1.0598634179931834,0.0,1.0598634179931834,234.172,234.172,10.120996656320852,0.0,True,True,0.0,979,connected,2498,4675,3.7429943955164133,34.6557387776469,0.001498996554071451,0.09900266949170751,0.01181260001377769,0.9210173730822383,0.9210173730822383,5.599198396793587,0,classic,1.0,0.3,0.3,False,n/a,n/a,n/a,n/a,n/a,n/a,n/a,n/a,n/a,n/a,n/a,n/a,n/a,n/a,n/a,n/a,n/a,n/a,n/a
PM9_full_N500,S2,686818433,500,False,PD_classic,9.0,5.0,1.0,0.0,True,0.0,0.5,100,5,30,0.1,100000,0.0,0.0,1.0,0.0,0.0,0.0,0.0,1.0,0.0,1.2661541193232184,0.0,1.2661541193232184,5.0,20.944,93.63534120079106,1.0,True,True,9.216036864147456e-05,1284,baseline,2498,4655,3.7269815852682147,37.43657979976443,0.0014925837345887924,0.08077171329913706,0.011936993938619469,0.973589737492565,0.988723059231866,1.4102564102564104,0,classic,1.0,0.3,0.3,False,n/a,n/a,n/a,n/a,n/a,n/a,n/a,n/a,n/a,n/a,n/a,n/a,n/a,n/a,n/a,n/a,n/a,n/a,n/a
PM9_full_N500,S2,686818433,500,False,PD_classic,9.0,5.0,1.0,0.0,True,0.0,0.5,100,5,30,0.1,100000,0.0,0.0,1.0,0.0,0.0,0.0,0.0,1.0,0.0,1.271240785720586,0.0,1.271240785720586,5.0,18.376,120.73105001841886,0.998,True,True,0.0,1142,fragmented,2498,3724,2.981585268214572,39.63064389477817,0.0011940669876710339,0.12020652213430576,0.013187493223890165,0.9846220691497707,0.9891457711728286,1.4134615384615385,931,classic,1.0,0.3,0.3,False,n/a,n/a,n/a,n/a,n/a,n/a,n/a,n/a,n/a,n/a,n/a,n/a,n/a,n/a,n/a,n/a,n/a,n/a,n/a
PM9_full_N500,S2,686818433,500,False,PD_classic,9.0,5.0,1.0,0.0,True,0.0,0.5,100,5,30,2.0,100000,0.0,0.0,1.0,0.0,0.0,0.0,0.0,1.0,0.0,1.0655741609136113,0.0,1.0655741609136113,5.0,228.576,10.48373066016393,1.0,True,True,0.0,989,baseline,2498,4655,3.7269815852682147,37.43657979976443,0.0014925837345887924,0.08077171329913706,0.011936993938619469,0.7749454265118103,0.9185067168745786,5.54,0,classic,1.0,0.3,0.3,False,n/a,n/a,n/a,n/a,n/a,n/a,n/a,n/a,n/a,n/a,n/a,n/a,n/a,n/a,n/a,n/a,n/a,n/a,n/a
PM9_full_N500,S2,686818433,500,False,PD_classic,9.0,5.0,1.0,0.0,True,0.0,0.5,100,5,30,0.1,100000,0.0,0.0,1.0,0.0,0.0,0.0,0.0,1.0,0.0,1.2927591018968896,0.0,1.2927591018968896,5.0,20.816,93.80551047280198,1.0,True,True,0.0,1232,connected,2498,4675,3.7429943955164133,34.6557387776469,0.001498996554071451,0.09900266949170751,0.01181260001377769,0.9797575742718996,0.9888113956431579,1.3796296296296295,0,classic,1.0,0.3,0.3,False,n/a,n/a,n/a,n/a,n/a,n/a,n/a,n/a,n/a,n/a,n/a,n/a,n/a,n/a,n/a,n/a,n/a,n/a,n/a
PM9_full_N500,S2,686818433,500,False,PD_classic,9.0,5.0,1.0,0.0,True,0.0,0.5,100,5,30,2.0,100000,0.0,0.0,1.0,0.0,0.0,0.0,0.0,1.0,0.0,1.0750182088203049,0.0,1.0750182088203049,5.0,195.652,13.261763021962663,1.0,True,True,0.0,1100,fragmented,2498,3724,2.981585268214572,39.63064389477817,0.0011940669876710339,0.12020652213430576,0.013187493223890165,0.8205646044514737,0.934124337617236,5.0464646464646465,931,classic,1.0,0.3,0.3,False,n/a,n/a,n/a,n/a,n/a,n/a,n/a,n/a,n/a,n/a,n/a,n/a,n/a,n/a,n/a,n/a,n/a,n/a,n/a
PM9_full_N500,S2,686818433,500,False,PD_classic,9.0,5.0,1.0,0.0,True,0.0,0.5,100,15,30,0.1,100000,0.0,0.0,1.0,0.0,0.0,0.0,0.0,1.0,0.0,1.266142894353814,0.0,1.266142894353814,14.74,20.944,93.63534120079106,0.848,True,True,9.216036864147456e-05,1284,baseline,2498,4655,3.7269815852682147,37.43657979976443,0.0014925837345887924,0.08077171329913706,0.011936993938619469,0.9868135389322837,0.988723059231866,1.4102564102564104,0,classic,1.0,0.3,0.3,False,n/a,n/a,n/a,n/a,n/a,n/a,n/a,n/a,n/a,n/a,n/a,n/a,n/a,n/a,n/a,n/a,n/a,n/a,n/a
PM9_full_N500,S2,686818433,500,False,PD_classic,9.0,5.0,1.0,0.0,True,0.0,0.5,100,5,30,2.0,100000,0.0,0.0,1.0,0.0,0.0,0.0,0.0,1.0,0.0,1.0605115551672648,0.0,1.0605115551672648,5.0,234.256,10.140317558463478,1.0,True,True,0.0,951,connected,2498,4675,3.7429943955164133,34.6557387776469,0.001498996554071451,0.09900266949170751,0.01181260001377769,0.7771156518259765,0.9213029895683691,5.505030181086519,0,classic,1.0,0.3,0.3,False,n/a,n/a,n/a,n/a,n/a,n/a,n/a,n/a,n/a,n/a,n/a,n/a,n/a,n/a,n/a,n/a,n/a,n/a,n/a
PM9_full_N500,S2,686818433,500,False,PD_classic,9.0,5.0,1.0,0.0,True,0.0,0.5,100,15,30,0.1,100000,0.0,0.0,1.0,0.0,0.0,0.0,0.0,1.0,0.0,1.2702939426809527,0.0,1.2702939426809527,14.126,18.376,120.73105001841886,0.666,True,True,0.0,1140,fragmented,2498,3724,2.981585268214572,39.63064389477817,0.0011940669876710339,0.12020652213430576,0.013187493223890165,0.9887497062432229,0.9891457711728286,1.4134615384615385,931,classic,1.0,0.3,0.3,False,n/a,n/a,n/a,n/a,n/a,n/a,n/a,n/a,n/a,n/a,n/a,n/a,n/a,n/a,n/a,n/a,n/a,n/a,n/a
PM9_full_N500,S2,686818433,500,False,PD_classic,9.0,5.0,1.0,0.0,True,0.0,0.5,100,15,30,2.0,100000,0.0,0.0,1.0,0.0,0.0,0.0,0.0,1.0,0.0,1.063710078765281,0.0,1.063710078765281,15.0,231.408,10.250984145838798,1.0,True,True,0.0,985,baseline,2498,4655,3.7269815852682147,37.43657979976443,0.0014925837345887924,0.08077171329913706,0.011936993938619469,0.8206693115846337,0.9223082154895735,5.6,0,classic,1.0,0.3,0.3,False,n/a,n/a,n/a,n/a,n/a,n/a,n/a,n/a,n/a,n/a,n/a,n/a,n/a,n/a,n/a,n/a,n/a,n/a,n/a
PM9_full_N500,S2,686818433,500,False,PD_classic,9.0,5.0,1.0,0.0,True,0.0,0.5,100,15,30,0.1,100000,0.0,0.0,1.0,0.0,0.0,0.0,0.0,1.0,0.0,1.2927473494581239,0.0,1.2927473494581239,14.682,20.816,93.80551047280198,0.842,True,True,0.0,1232,connected,2498,4675,3.7429943955164133,34.6557387776469,0.001498996554071451,0.09900266949170751,0.01181260001377769,0.9877456323152813,0.9888113956431579,1.3796296296296295,0,classic,1.0,0.3,0.3,False,n/a,n/a,n/a,n/a,n/a,n/a,n/a,n/a,n/a,n/a,n/a,n/a,n/a,n/a,n/a,n/a,n/a,n/a,n/a
PM9_full_N500,S2,686818433,500,False,PD_classic,9.0,5.0,1.0,0.0,True,0.0,0.5,100,15,30,2.0,100000,0.0,0.0,1.0,0.0,0.0,0.0,0.0,1.0,0.0,1.064488670605797,0.0,1.064488670605797,15.0,197.7,13.271846655866595,1.0,True,True,0.0,1070,fragmented,2498,3724,2.981585268214572,39.63064389477817,0.0011940669876710339,0.12020652213430576,0.013187493223890165,0.846572984043207,0.9283991843085488,5.4124748490945676,931,classic,1.0,0.3,0.3,False,n/a,n/a,n/a,n/a,n/a,n/a,n/a,n/a,n/a,n/a,n/a,n/a,n/a,n/a,n/a,n/a,n/a,n/a,n/a
PM9_full_N500,S2,686818433,500,False,PD_classic,9.0,5.0,1.0,0.0,True,0.01,0.5,100,0,30,0.1,100000,0.058800000000000005,0.0354,0.6898,0.06520000000000001,0.056600000000000004,0.052000000000000005,0.042199999999999994,0.8616195762087505,0.02077022933794894,1.7106284683825945,1.8027680533046637,1.7513753718849636,20.792,20.792,92.45769175543518,0.0,False,True,0.0026989835959376797,10874,baseline,2498,4655,3.7269815852682147,37.43657979976443,0.0014925837345887924,0.08077171329913706,0.011936993938619469,0.9872990390809422,0.9872990390809422,1.2995391705069124,0,classic,1.0,0.3,0.3,False,n/a,n/a,n/a,n/a,n/a,n/a,n/a,n/a,n/a,n/a,n/a,n/a,n/a,n/a,n/a,n/a,n/a,n/a,n/a
PM9_full_N500,S2,686818433,500,False,PD_classic,9.0,5.0,1.0,0.0,True,0.0,0.5,100,15,30,2.0,100000,0.0,0.0,1.0,0.0,0.0,0.0,0.0,1.0,0.0,1.0598751475410828,0.0,1.0598751475410828,15.0,234.172,10.120996656320852,1.0,True,True,0.0,977,connected,2498,4675,3.7429943955164133,34.6557387776469,0.001498996554071451,0.09900266949170751,0.01181260001377769,0.8145180554577395,0.9210173730822383,5.599198396793587,0,classic,1.0,0.3,0.3,False,n/a,n/a,n/a,n/a,n/a,n/a,n/a,n/a,n/a,n/a,n/a,n/a,n/a,n/a,n/a,n/a,n/a,n/a,n/a
PM9_full_N500,S2,686818433,500,False,PD_classic,9.0,5.0,1.0,0.0,True,0.01,0.5,100,0,30,0.1,100000,0.08959999999999999,0.03440000000000001,0.6135999999999999,0.07240000000000002,0.08839999999999999,0.0534,0.04819999999999999,0.8632857485150659,0.01700503210133611,1.7547647698956563,1.989479365087334,1.810202262525701,18.224,18.224,124.28515793564118,0.0,False,True,0.014307878031506998,11428,fragmented,2498,3724,2.981585268214572,39.63064389477817,0.0011940669876710339,0.12020652213430576,0.013187493223890165,0.991271569417371,0.991271569417371,1.4798206278026906,931,classic,1.0,0.3,0.3,False,n/a,n/a,n/a,n/a,n/a,n/a,n/a,n/a,n/a,n/a,n/a,n/a,n/a,n/a,n/a,n/a,n/a,n/a,n/a
PM9_full_N500,S2,686818433,500,False,PD_classic,9.0,5.0,1.0,0.0,True,0.01,0.5,100,0,30,2.0,100000,0.032600000000000004,0.0158,0.8862,0.022199999999999994,0.015000000000000003,0.018600000000000005,0.0096,0.9709558865310086,0.04636075949367088,1.2594305022322445,1.258523851898975,1.258224063892933,231.14,231.14,10.300677411909648,0.0,False,True,-0.0022713498853980767,12914,baseline,2498,4655,3.7269815852682147,37.43657979976443,0.0014925837345887924,0.08077171329913706,0.011936993938619469,0.9280558100247104,0.9280558100247104,5.54,0,classic,1.0,0.3,0.3,False,n/a,n/a,n/a,n/a,n/a,n/a,n/a,n/a,n/a,n/a,n/a,n/a,n/a,n/a,n/a,n/a,n/a,n/a,n/a
PM9_full_N500,S2,686818433,500,False,PD_classic,9.0,5.0,1.0,0.0,True,0.01,0.5,100,0,30,0.1,100000,0.07319999999999999,0.04699999999999999,0.623,0.06880000000000001,0.0696,0.0668,0.0516,0.7643751260394365,0.025792811839323467,1.7941464239809022,1.8440212495089188,1.8191304726651212,21.004,21.004,91.98797833262465,0.0,False,True,-0.009906606026423006,11143,connected,2498,4675,3.7429943955164133,34.6557387776469,0.001498996554071451,0.09900266949170751,0.01181260001377769,0.9780429179053755,0.9780429179053755,1.3568281938325992,0,classic,1.0,0.3,0.3,False,n/a,n/a,n/a,n/a,n/a,n/a,n/a,n/a,n/a,n/a,n/a,n/a,n/a,n/a,n/a,n/a,n/a,n/a,n/a
PM9_full_N500,S2,686818433,500,False,PD_classic,9.0,5.0,1.0,0.0,True,0.01,0.5,100,0,30,2.0,100000,0.045599999999999995,0.014000000000000002,0.8619999999999999,0.023399999999999997,0.037399999999999996,0.007800000000000001,0.0098,0.9760384089146308,0.0385432473444613,1.2498515007361461,1.2421814911342486,1.2480987885377486,197.148,197.148,13.147362462068232,0.0,False,True,0.0006871803487206625,13792,fragmented,2498,3724,2.981585268214572,39.63064389477817,0.0011940669876710339,0.12020652213430576,0.013187493223890165,0.9394047961003206,0.9394047961003206,5.078470824949698,931,classic,1.0,0.3,0.3,False,n/a,n/a,n/a,n/a,n/a,n/a,n/a,n/a,n/a,n/a,n/a,n/a,n/a,n/a,n/a,n/a,n/a,n/a,n/a
PM9_full_N500,S2,686818433,500,False,PD_classic,9.0,5.0,1.0,0.0,True,0.01,0.5,100,5,30,0.1,100000,0.07339999999999999,0.045399999999999996,0.6666,0.05960000000000001,0.08859999999999998,0.03679999999999999,0.029600000000000005,0.9155155664711376,0.023083623693379792,1.849654485904301,1.6735737801784256,1.8157611455152214,5.0,20.908,92.82358260313329,1.0,False,True,-0.00442935211740261,10899,baseline,2498,4655,3.7269815852682147,37.43657979976443,0.0014925837345887924,0.08077171329913706,0.011936993938619469,0.9767037007680207,0.9809630253407019,1.4056603773584906,0,classic,1.0,0.3,0.3,False,n/a,n/a,n/a,n/a,n/a,n/a,n/a,n/a,n/a,n/a,n/a,n/a,n/a,n/a,n/a,n/a,n/a,n/a,n/a
PM9_full_N500,S2,686818433,500,False,PD_classic,9.0,5.0,1.0,0.0,True,0.01,0.5,100,0,30,2.0,100000,0.03200000000000001,0.008200000000000002,0.8818000000000001,0.026000000000000002,0.031200000000000006,0.0072,0.013600000000000001,0.9671002827567687,0.06115346370566788,1.243677202009938,1.2507556879027093,1.243808476257193,231.868,231.868,10.279192701969675,0.0,False,True,-0.00320918723674675,12655,connected,2498,4675,3.7429943955164133,34.6557387776469,0.001498996554071451,0.09900266949170751,0.01181260001377769,0.9219218668118012,0.9219218668118012,5.72635814889336,0,classic,1.0,0.3,0.3,False,n/a,n/a,n/a,n/a,n/a,n/a,n/a,n/a,n/a,n/a,n/a,n/a,n/a,n/a,n/a,n/a,n/a,n/a,n/a
PM9_full_N500,S2,686818433,500,False,PD_classic,9.0,5.0,1.0,0.0,True,0.01,0.5,100,5,30,0.1,100000,0.08219999999999998,0.04939999999999999,0.6428,0.08099999999999999,0.05500000000000001,0.04599999999999999,0.0436,0.9037604364583391,0.029668411867364748,1.828157337847391,1.7604834826069549,1.8428738190880858,5.0,18.052,121.08966772237169,0.996,False,True,-0.005727670910686938,11104,fragmented,2498,3724,2.981585268214572,39.63064389477817,0.0011940669876710339,0.12020652213430576,0.013187493223890165,0.9774518616071257,0.9830576103652986,1.3246753246753247,931,classic,1.0,0.3,0.3,False,n/a,n/a,n/a,n/a,n/a,n/a,n/a,n/a,n/a,n/a,n/a,n/a,n/a,n/a,n/a,n/a,n/a,n/a,n/a
PM9_full_N500,S2,686818433,500,False,PD_classic,9.0,5.0,1.0,0.0,True,0.01,0.5,100,5,30,2.0,100000,0.0014,0.0056,0.9430000000000002,0.0054,0.016399999999999998,0.014799999999999999,0.013399999999999999,0.9790262793824389,0.0374025974025974,1.2524319223656104,1.2564398696380403,1.2517798256871389,5.0,231.272,10.194552045378462,1.0,False,True,0.00011717806871227485,10569,baseline,2498,4655,3.7269815852682147,37.43657979976443,0.0014925837345887924,0.08077171329913706,0.011936993938619469,0.77946268969916,0.9268378973277405,5.438877755511022,0,classic,1.0,0.3,0.3,False,n/a,n/a,n/a,n/a,n/a,n/a,n/a,n/a,n/a,n/a,n/a,n/a,n/a,n/a,n/a,n/a,n/a,n/a,n/a
PM9_full_N500,S2,686818433,500,False,PD_classic,9.0,5.0,1.0,0.0,True,0.01,0.5,100,5,30,0.1,100000,0.0774,0.058800000000000005,0.6698000000000001,0.06040000000000001,0.0546,0.036599999999999994,0.04239999999999999,0.8505882602370065,0.027972027972027972,1.7617928726726029,2.0654268443398194,1.8161436222448046,5.0,21.0,91.8851128526819,1.0,False,True,0.018284204336821375,10735,connected,2498,4675,3.7429943955164133,34.6557387776469,0.001498996554071451,0.09900266949170751,0.01181260001377769,0.9760615080939639,0.979946513230587,1.2057416267942584,0,classic,1.0,0.3,0.3,False,n/a,n/a,n/a,n/a,n/a,n/a,n/a,n/a,n/a,n/a,n/a,n/a,n/a,n/a,n/a,n/a,n/a,n/a,n/a
PM9_full_N500,S2,686818433,500,False,PD_classic,9.0,5.0,1.0,0.0,True,0.01,0.5,100,5,30,2.0,100000,0.008000000000000002,0.0124,0.9182,0.015799999999999998,0.017599999999999998,0.0118,0.016200000000000003,0.9688640361971146,0.04746317512274959,1.228746902168684,1.1787333915783453,1.2294594917732542,5.0,193.28,13.443202682706138,1.0,False,True,0.0005375253500992032,10935,fragmented,2498,3724,2.981585268214572,39.63064389477817,0.0011940669876710339,0.12020652213430576,0.013187493223890165,0.817458245466705,0.9374603921409989,5.330628803245436,931,classic,1.0,0.3,0.3,False,n/a,n/a,n/a,n/a,n/a,n/a,n/a,n/a,n/a,n/a,n/a,n/a,n/a,n/a,n/a,n/a,n/a,n/a,n/a
PM9_full_N500,S2,686818433,500,False,PD_classic,9.0,5.0,1.0,0.0,True,0.01,0.5,100,15,30,0.1,100000,0.05840000000000001,0.04539999999999999,0.6548,0.09099999999999998,0.06360000000000002,0.051000000000000004,0.03580000000000001,0.8756814525411164,0.03299005061965439,1.7487021282865198,1.675028542981239,1.7716083358437815,14.802,20.704,92.9042964677068,0.876,False,True,-0.006476397105585859,10833,baseline,2498,4655,3.7269815852682147,37.43657979976443,0.0014925837345887924,0.08077171329913706,0.011936993938619469,0.9814987369114233,0.9835086688008896,1.3493975903614457,0,classic,1.0,0.3,0.3,False,n/a,n/a,n/a,n/a,n/a,n/a,n/a,n/a,n/a,n/a,n/a,n/a,n/a,n/a,n/a,n/a,n/a,n/a,n/a
PM9_full_N500,S2,686818433,500,False,PD_classic,9.0,5.0,1.0,0.0,True,0.01,0.5,100,5,30,2.0,100000,0.009200000000000003,0.0104,0.9294,0.019400000000000008,0.015000000000000003,0.0104,0.006199999999999999,0.9686091269695426,0.04813608396670286,1.2440663867395114,1.2605474099393383,1.2439434191798378,5.0,231.92,10.194062674340813,1.0,False,True,0.0010078408313618605,10417,connected,2498,4675,3.7429943955164133,34.6557387776469,0.001498996554071451,0.09900266949170751,0.01181260001377769,0.7703767938691934,0.9153442528509249,5.42914979757085,0,classic,1.0,0.3,0.3,False,n/a,n/a,n/a,n/a,n/a,n/a,n/a,n/a,n/a,n/a,n/a,n/a,n/a,n/a,n/a,n/a,n/a,n/a,n/a
PM9_full_N500,S2,686818433,500,False,PD_classic,9.0,5.0,1.0,0.0,True,0.01,0.5,100,15,30,0.1,100000,0.09659999999999999,0.06620000000000001,0.5928000000000001,0.07379999999999999,0.0702,0.05620000000000001,0.04419999999999999,0.8131368443447673,0.019206145966709345,1.7585713697299892,1.8575561078822005,1.8184574268363234,14.118,18.216,122.09698689690254,0.668,False,True,0.009281259525037002,11403,fragmented,2498,3724,2.981585268214572,39.63064389477817,0.0011940669876710339,0.12020652213430576,0.013187493223890165,0.9855116089278434,0.9869482186654096,1.4728033472803348,931,classic,1.0,0.3,0.3,False,n/a,n/a,n/a,n/a,n/a,n/a,n/a,n/a,n/a,n/a,n/a,n/a,n/a,n/a,n/a,n/a,n/a,n/a,n/a
PM9_full_N500,S2,686818433,500,False,PD_classic,9.0,5.0,1.0,0.0,True,0.01,0.5,100,15,30,2.0,100000,0.011800000000000001,0.0092,0.9186,0.020999999999999998,0.0178,0.010199999999999999,0.011399999999999999,0.9673950058195144,0.05345699831365936,1.257893989901021,1.2531487252978695,1.2579941408280904,15.0,228.716,10.351241841803256,1.0,False,True,0.002230722522890824,11422,baseline,2498,4655,3.7269815852682147,37.43657979976443,0.0014925837345887924,0.08077171329913706,0.011936993938619469,0.8126983109941649,0.9230975191313427,5.636363636363637,0,classic,1.0,0.3,0.3,False,n/a,n/a,n/a,n/a,n/a,n/a,n/a,n/a,n/a,n/a,n/a,n/a,n/a,n/a,n/a,n/a,n/a,n/a,n/a
PM9_full_N500,S2,686818433,500,False,PD_classic,9.0,5.0,1.0,0.0,True,0.01,0.5,100,15,30,2.0,100000,0.016200000000000003,0.009600000000000001,0.917,0.0168,0.017,0.014799999999999999,0.0086,0.9730727556230789,0.04769811320754717,1.236492908074407,1.2625693916485832,1.2361229080703338,15.0,197.464,13.245491870843376,1.0,False,True,0.0018581450325793978,11764,fragmented,2498,3724,2.981585268214572,39.63064389477817,0.0011940669876710339,0.12020652213430576,0.013187493223890165,0.8489982352685148,0.9251846520098597,5.165991902834008,931,classic,1.0,0.3,0.3,False,n/a,n/a,n/a,n/a,n/a,n/a,n/a,n/a,n/a,n/a,n/a,n/a,n/a,n/a,n/a,n/a,n/a,n/a,n/a
PM9_full_N500,S2,686818433,500,False,PD_classic,9.0,5.0,1.0,0.0,True,0.01,0.5,100,15,30,0.1,100000,0.0718,0.0354,0.625,0.08639999999999998,0.08339999999999999,0.05600000000000001,0.041999999999999996,0.8949880478263654,0.026512721830233055,1.7982691161446704,1.8233909480842496,1.802766673185639,14.698,21.172,90.68866311598111,0.858,False,True,-0.01090035400141857,11021,connected,2498,4675,3.7429943955164133,34.6557387776469,0.001498996554071451,0.09900266949170751,0.01181260001377769,0.978356801970497,0.9800194349063215,1.3031674208144797,0,classic,1.0,0.3,0.3,False,n/a,n/a,n/a,n/a,n/a,n/a,n/a,n/a,n/a,n/a,n/a,n/a,n/a,n/a,n/a,n/a,n/a,n/a,n/a
PM9_full_N500,S2,686818433,500,False,weak_PD,1.6,1.0,0.0,0.0,True,0.0,0.5,100,0,30,0.1,100000,0.0,0.0,1.0,0.0,0.0,0.0,0.0,1.0,0.0,0.16596313219540723,0.0,0.16596313219540723,20.824,20.824,92.96278577729666,0.0,True,True,0.019432292129168516,2891,baseline,2498,4655,3.7269815852682147,37.43657979976443,0.0014925837345887924,0.08077171329913706,0.011936993938619469,0.9789071625997241,0.9789071625997241,1.3305785123966942,0,classic,1.0,0.3,0.3,False,n/a,n/a,n/a,n/a,n/a,n/a,n/a,n/a,n/a,n/a,n/a,n/a,n/a,n/a,n/a,n/a,n/a,n/a,n/a
PM9_full_N500,S2,686818433,500,False,PD_classic,9.0,5.0,1.0,0.0,True,0.01,0.5,100,15,30,2.0,100000,0.0198,0.012199999999999999,0.9132,0.018999999999999996,0.0196,0.0106,0.0056,0.9707038313109632,0.0453323777100878,1.2509326583693505,1.2862248112357502,1.2516829538798704,15.0,233.376,10.122142177712957,1.0,False,True,0.003167532670129582,11296,connected,2498,4675,3.7429943955164133,34.6557387776469,0.001498996554071451,0.09900266949170751,0.01181260001377769,0.8253998075783535,0.9231114773688677,5.278557114228457,0,classic,1.0,0.3,0.3,False,n/a,n/a,n/a,n/a,n/a,n/a,n/a,n/a,n/a,n/a,n/a,n/a,n/a,n/a,n/a,n/a,n/a,n/a,n/a
PM9_full_N500,S2,686818433,500,False,weak_PD,1.6,1.0,0.0,0.0,True,0.0,0.5,100,0,30,0.1,100000,0.0,0.0,0.998,0.0,0.0020000000000000005,0.0,0.0,1.0,0.0,0.13686923021440045,0.0,0.13703343947904428,18.808,18.808,118.30946045403056,0.0,False,True,0.016805788823157492,2526,fragmented,2498,3724,2.981585268214572,39.63064389477817,0.0011940669876710339,0.12020652213430576,0.013187493223890165,0.9886452449370505,0.9886452449370505,1.3559322033898304,931,classic,1.0,0.3,0.3,False,n/a,n/a,n/a,n/a,n/a,n/a,n/a,n/a,n/a,n/a,n/a,n/a,n/a,n/a,n/a,n/a,n/a,n/a,n/a
PM9_full_N500,S2,686818433,500,False,weak_PD,1.6,1.0,0.0,0.0,True,0.0,0.5,100,0,30,2.0,100000,0.0,0.0,1.0,0.0,0.0,0.0,0.0,1.0,0.0,0.030718632938686,0.0,0.030718632938686,229.772,229.772,10.369543659174488,0.0,True,True,0.0,1950,baseline,2498,4655,3.7269815852682147,37.43657979976443,0.0014925837345887924,0.08077171329913706,0.011936993938619469,0.9270551650354462,0.9270551650354462,5.687374749498998,0,classic,1.0,0.3,0.3,False,n/a,n/a,n/a,n/a,n/a,n/a,n/a,n/a,n/a,n/a,n/a,n/a,n/a,n/a,n/a,n/a,n/a,n/a,n/a
PM9_full_N500,S2,686818433,500,False,weak_PD,1.6,1.0,0.0,0.0,True,0.0,0.5,100,0,30,0.1,100000,0.0020000000000000005,0.0,0.998,0.0,0.0,0.0,0.0,1.0,0.0,0.14907853198091675,0.1787080103359174,0.14913779093762677,21.092,21.092,92.84436343923741,0.0,False,True,0.01571386125544429,2965,connected,2498,4675,3.7429943955164133,34.6557387776469,0.001498996554071451,0.09900266949170751,0.01181260001377769,0.983682740609459,0.983682740609459,1.3669724770642202,0,classic,1.0,0.3,0.3,False,n/a,n/a,n/a,n/a,n/a,n/a,n/a,n/a,n/a,n/a,n/a,n/a,n/a,n/a,n/a,n/a,n/a,n/a,n/a
PM9_full_N500,S2,686818433,500,False,weak_PD,1.6,1.0,0.0,0.0,True,0.0,0.5,100,0,30,2.0,100000,0.0,0.0,1.0,0.0,0.0,0.0,0.0,1.0,0.0,0.027227004829352086,0.0,0.027227004829352086,189.32,189.32,13.824460857885517,0.0,True,True,0.0,1912,fragmented,2498,3724,2.981585268214572,39.63064389477817,0.0011940669876710339,0.12020652213430576,0.013187493223890165,0.9376336471768609,0.9376336471768609,5.020080321285141,931,classic,1.0,0.3,0.3,False,n/a,n/a,n/a,n/a,n/a,n/a,n/a,n/a,n/a,n/a,n/a,n/a,n/a,n/a,n/a,n/a,n/a,n/a,n/a
PM9_full_N500,S2,686818433,500,False,weak_PD,1.6,1.0,0.0,0.0,True,0.0,0.5,100,5,30,0.1,100000,0.0020000000000000005,0.0,0.998,0.0,0.0,0.0,0.0,1.0,0.0,0.18645776819091903,0.005850091407678245,0.18609655283735257,5.0,21.36,91.50322777331031,1.0,False,False,0.028231562526258896,3244,baseline,2498,4655,3.7269815852682147,37.43657979976443,0.0014925837345887924,0.08077171329913706,0.011936993938619469,0.9685454243445181,0.976978999186789,1.4422310756972112,0,classic,1.0,0.3,0.3,False,n/a,n/a,n/a,n/a,n/a,n/a,n/a,n/a,n/a,n/a,n/a,n/a,n/a,n/a,n/a,n/a,n/a,n/a,n/a
PM9_full_N500,S2,686818433,500,False,weak_PD,1.6,1.0,0.0,0.0,True,0.0,0.5,100,0,30,2.0,100000,0.0,0.0,1.0,0.0,0.0,0.0,0.0,1.0,0.0,0.023643799072086795,0.0,0.023643799072086795,233.564,233.564,10.224347299030343,0.0,True,True,0.0,1667,connected,2498,4675,3.7429943955164133,34.6557387776469,0.001498996554071451,0.09900266949170751,0.01181260001377769,0.9222170116530005,0.9222170116530005,5.5353535353535355,0,classic,1.0,0.3,0.3,False,n/a,n/a,n/a,n/a,n/a,n/a,n/a,n/a,n/a,n/a,n/a,n/a,n/a,n/a,n/a,n/a,n/a,n/a,n/a
PM9_full_N500,S2,686818433,500,False,weak_PD,1.6,1.0,0.0,0.0,True,0.0,0.5,100,5,30,2.0,100000,0.0,0.0,1.0,0.0,0.0,0.0,0.0,1.0,0.0,0.027107384815673215,0.0,0.027107384815673215,5.0,230.372,10.293706367877649,1.0,True,True,0.0,1746,baseline,2498,4655,3.7269815852682147,37.43657979976443,0.0014925837345887924,0.08077171329913706,0.011936993938619469,0.7840611316710757,0.9318533525730242,5.783132530120482,0,classic,1.0,0.3,0.3,False,n/a,n/a,n/a,n/a,n/a,n/a,n/a,n/a,n/a,n/a,n/a,n/a,n/a,n/a,n/a,n/a,n/a,n/a,n/a
PM9_full_N500,S2,686818433,500,False,weak_PD,1.6,1.0,0.0,0.0,True,0.0,0.5,100,5,30,0.1,100000,0.026399999999999996,0.0,0.9736,0.0,0.0,0.0,0.0,0.999390478120833,0.0011856770215793219,0.1308010583616425,0.24753066940828747,0.13336910980466876,5.0,18.172,116.9050994635881,0.998,False,True,0.006030168120671018,2572,fragmented,2498,3724,2.981585268214572,39.63064389477817,0.0011940669876710339,0.12020652213430576,0.013187493223890165,0.9838930329755241,0.987589951824161,1.28,931,classic,1.0,0.3,0.3,False,n/a,n/a,n/a,n/a,n/a,n/a,n/a,n/a,n/a,n/a,n/a,n/a,n/a,n/a,n/a,n/a,n/a,n/a,n/a
PM9_full_N500,S2,686818433,500,False,weak_PD,1.6,1.0,0.0,0.0,True,0.0,0.5,100,5,30,0.1,100000,0.0,0.0,1.0,0.0,0.0,0.0,0.0,1.0,0.0,0.14663192600326466,0.0,0.14663192600326466,5.0,21.424,93.62416282259069,1.0,True,True,0.009638054552224069,2801,connected,2498,4675,3.7429943955164133,34.6557387776469,0.001498996554071451,0.09900266949170751,0.01181260001377769,0.9762711201646805,0.9775276790174957,1.2488262910798122,0,classic,1.0,0.3,0.3,False,n/a,n/a,n/a,n/a,n/a,n/a,n/a,n/a,n/a,n/a,n/a,n/a,n/a,n/a,n/a,n/a,n/a,n/a,n/a
PM9_full_N500,S2,686818433,500,False,weak_PD,1.6,1.0,0.0,0.0,True,0.0,0.5,100,5,30,2.0,100000,0.0,0.0,1.0,0.0,0.0,0.0,0.0,1.0,0.0,0.026122635471942476,0.0,0.026122635471942476,5.0,191.076,13.590642276161482,1.0,True,True,0.0,1803,fragmented,2498,3724,2.981585268214572,39.63064389477817,0.0011940669876710339,0.12020652213430576,0.013187493223890165,0.8108562174148032,0.9290674501425673,5.182926829268292,931,classic,1.0,0.3,0.3,False,n/a,n/a,n/a,n/a,n/a,n/a,n/a,n/a,n/a,n/a,n/a,n/a,n/a,n/a,n/a,n/a,n/a,n/a,n/a
PM9_full_N500,S2,686818433,500,False,weak_PD,1.6,1.0,0.0,0.0,True,0.0,0.5,100,15,30,0.1,100000,0.0,0.0,1.0,0.0,0.0,0.0,0.0,1.0,0.0,0.16596621296945172,0.0,0.16596621296945172,14.784,20.824,92.96278577729666,0.864,True,True,0.019432282529130117,2891,baseline,2498,4655,3.7269815852682147,37.43657979976443,0.0014925837345887924,0.08077171329913706,0.011936993938619469,0.9785080049635932,0.9789071625997241,1.3305785123966942,0,classic,1.0,0.3,0.3,False,n/a,n/a,n/a,n/a,n/a,n/a,n/a,n/a,n/a,n/a,n/a,n/a,n/a,n/a,n/a,n/a,n/a,n/a,n/a
PM9_full_N500,S2,686818433,500,False,weak_PD,1.6,1.0,0.0,0.0,True,0.0,0.5,100,5,30,2.0,100000,0.0,0.0,1.0,0.0,0.0,0.0,0.0,1.0,0.0,0.024947879343622574,0.0,0.024947879343622574,5.0,231.452,10.27355922419354,1.0,True,True,0.0,1664,connected,2498,4675,3.7429943955164133,34.6557387776469,0.001498996554071451,0.09900266949170751,0.01181260001377769,0.7719957520551165,0.9268815790277222,5.330645161290323,0,classic,1.0,0.3,0.3,False,n/a,n/a,n/a,n/a,n/a,n/a,n/a,n/a,n/a,n/a,n/a,n/a,n/a,n/a,n/a,n/a,n/a,n/a,n/a
PM9_full_N500,S2,686818433,500,False,weak_PD,1.6,1.0,0.0,0.0,True,0.0,0.5,100,15,30,0.1,100000,0.0,0.0,0.998,0.0,0.0020000000000000005,0.0,0.0,1.0,0.0,0.13686923021440045,0.0,0.13703343947904428,14.236,18.808,118.30946045403056,0.704,False,True,0.016805788823157492,2526,fragmented,2498,3724,2.981585268214572,39.63064389477817,0.0011940669876710339,0.12020652213430576,0.013187493223890165,0.988582931876233,0.9886452449370505,1.3559322033898304,931,classic,1.0,0.3,0.3,False,n/a,n/a,n/a,n/a,n/a,n/a,n/a,n/a,n/a,n/a,n/a,n/a,n/a,n/a,n/a,n/a,n/a,n/a,n/a
PM9_full_N500,S2,686818433,500,False,weak_PD,1.6,1.0,0.0,0.0,True,0.0,0.5,100,15,30,2.0,100000,0.0,0.0,1.0,0.0,0.0,0.0,0.0,1.0,0.0,0.030944889357778883,0.0,0.030944889357778883,15.0,234.928,10.122595337162688,1.0,True,True,0.0,1923,baseline,2498,4655,3.7269815852682147,37.43657979976443,0.0014925837345887924,0.08077171329913706,0.011936993938619469,0.821501085319582,0.9239635599828414,5.4,0,classic,1.0,0.3,0.3,False,n/a,n/a,n/a,n/a,n/a,n/a,n/a,n/a,n/a,n/a,n/a,n/a,n/a,n/a,n/a,n/a,n/a,n/a,n/a
PM9_full_N500,S2,686818433,500,False,weak_PD,1.6,1.0,0.0,0.0,True,0.0,0.5,100,15,30,0.1,100000,0.0020000000000000005,0.0,0.998,0.0,0.0,0.0,0.0,1.0,0.0,0.149133975170232,0.23338501291989672,0.1493024772457313,14.754,21.092,92.84436343923741,0.872,False,True,0.01571386125544429,2965,connected,2498,4675,3.7429943955164133,34.6557387776469,0.001498996554071451,0.09900266949170751,0.01181260001377769,0.9830475722129081,0.983682740609459,1.3669724770642202,0,classic,1.0,0.3,0.3,False,n/a,n/a,n/a,n/a,n/a,n/a,n/a,n/a,n/a,n/a,n/a,n/a,n/a,n/a,n/a,n/a,n/a,n/a,n/a
PM9_full_N500,S2,686818433,500,False,weak_PD,1.6,1.0,0.0,0.0,True,0.0,0.5,100,15,30,2.0,100000,0.0,0.0,1.0,0.0,0.0,0.0,0.0,1.0,0.0,0.02776184558447793,0.0,0.02776184558447793,15.0,193.408,13.395517384527746,1.0,True,True,0.0,1962,fragmented,2498,3724,2.981585268214572,39.63064389477817,0.0011940669876710339,0.12020652213430576,0.013187493223890165,0.8613156432988376,0.9397874466676569,5.028112449799197,931,classic,1.0,0.3,0.3,False,n/a,n/a,n/a,n/a,n/a,n/a,n/a,n/a,n/a,n/a,n/a,n/a,n/a,n/a,n/a,n/a,n/a,n/a,n/a
PM9_full_N500,S2,686818433,500,False,weak_PD,1.6,1.0,0.0,0.0,True,0.01,0.5,100,0,30,0.1,100000,0.09079999999999998,0.04159999999999999,0.41159999999999997,0.1392,0.1278,0.12039999999999998,0.06860000000000002,0.7208263246286213,0.05110732538330494,0.3415411042280358,0.43262315437476667,0.38488154285810877,20.98,20.98,92.88761283607492,0.0,False,True,-0.011603595214377744,13830,baseline,2498,4655,3.7269815852682147,37.43657979976443,0.0014925837345887924,0.08077171329913706,0.011936993938619469,0.9867136703250929,0.9867136703250929,1.3640552995391706,0,classic,1.0,0.3,0.3,False,n/a,n/a,n/a,n/a,n/a,n/a,n/a,n/a,n/a,n/a,n/a,n/a,n/a,n/a,n/a,n/a,n/a,n/a,n/a
PM9_full_N500,S2,686818433,500,False,weak_PD,1.6,1.0,0.0,0.0,True,0.0,0.5,100,15,30,2.0,100000,0.0,0.0,1.0,0.0,0.0,0.0,0.0,1.0,0.0,0.022879895122760396,0.0,0.022879895122760396,15.0,232.54,10.197257278742772,1.0,True,True,0.0,1569,connected,2498,4675,3.7429943955164133,34.6557387776469,0.001498996554071451,0.09900266949170751,0.01181260001377769,0.8240122174140232,0.9244982885792492,5.887550200803213,0,classic,1.0,0.3,0.3,False,n/a,n/a,n/a,n/a,n/a,n/a,n/a,n/a,n/a,n/a,n/a,n/a,n/a,n/a,n/a,n/a,n/a,n/a,n/a
PM9_full_N500,S2,686818433,500,False,weak_PD,1.6,1.0,0.0,0.0,True,0.01,0.5,100,0,30,0.1,100000,0.12879999999999997,0.04959999999999999,0.40780000000000005,0.1238,0.11440000000000002,0.11420000000000001,0.06140000000000001,0.6485152550053715,0.02610774039345468,0.39648620862203127,0.40999768712648654,0.40719290022324106,18.48,18.48,116.96207052414236,0.0,False,False,0.025402268009074785,14245,fragmented,2498,3724,2.981585268214572,39.63064389477817,0.0011940669876710339,0.12020652213430576,0.013187493223890165,0.9887342763448012,0.9887342763448012,1.349056603773585,931,classic,1.0,0.3,0.3,False,n/a,n/a,n/a,n/a,n/a,n/a,n/a,n/a,n/a,n/a,n/a,n/a,n/a,n/a,n/a,n/a,n/a,n/a,n/a
PM9_full_N500,S2,686818433,500,False,weak_PD,1.6,1.0,0.0,0.0,True,0.01,0.5,100,0,30,2.0,100000,0.049999999999999996,0.0246,0.8092,0.04179999999999999,0.020599999999999997,0.03420000000000001,0.019599999999999996,0.9411749002475563,0.07937062937062937,0.11241115248587676,0.11481799835132404,0.11216944209320684,233.088,233.088,10.210797362468185,0.0,False,True,0.0017930567722292863,18879,baseline,2498,4655,3.7269815852682147,37.43657979976443,0.0014925837345887924,0.08077171329913706,0.011936993938619469,0.9205714284580635,0.9205714284580635,5.424,0,classic,1.0,0.3,0.3,False,n/a,n/a,n/a,n/a,n/a,n/a,n/a,n/a,n/a,n/a,n/a,n/a,n/a,n/a,n/a,n/a,n/a,n/a,n/a
PM9_full_N500,S2,686818433,500,False,weak_PD,1.6,1.0,0.0,0.0,True,0.01,0.5,100,0,30,0.1,100000,0.15039999999999998,0.0536,0.3976,0.08879999999999998,0.1206,0.08779999999999998,0.1012,0.6105606578239986,0.03746877601998335,0.35107549358192747,0.4083380503991189,0.39231175655950645,21.14,21.14,92.94021460213219,0.0,False,True,-0.007212624050488695,14228,connected,2498,4675,3.7429943955164133,34.6557387776469,0.001498996554071451,0.09900266949170751,0.01181260001377769,0.9870562899864214,0.9870562899864214,1.3214285714285714,0,classic,1.0,0.3,0.3,False,n/a,n/a,n/a,n/a,n/a,n/a,n/a,n/a,n/a,n/a,n/a,n/a,n/a,n/a,n/a,n/a,n/a,n/a,n/a
PM9_full_N500,S2,686818433,500,False,weak_PD,1.6,1.0,0.0,0.0,True,0.01,0.5,100,0,30,2.0,100000,0.07,0.0134,0.7620000000000001,0.09119999999999998,0.0316,0.0196,0.012199999999999999,0.9287155676463573,0.0839030453697949,0.12871487485832955,0.1327277126981608,0.129826765879899,197.564,197.564,13.114656371024452,0.0,False,True,0.00664466657866668,21316,fragmented,2498,3724,2.981585268214572,39.63064389477817,0.0011940669876710339,0.12020652213430576,0.013187493223890165,0.9296988921773487,0.9296988921773487,4.993963782696177,931,classic,1.0,0.3,0.3,False,n/a,n/a,n/a,n/a,n/a,n/a,n/a,n/a,n/a,n/a,n/a,n/a,n/a,n/a,n/a,n/a,n/a,n/a,n/a
PM9_full_N500,S2,686818433,500,False,weak_PD,1.6,1.0,0.0,0.0,True,0.01,0.5,100,5,30,0.1,100000,0.11700000000000002,0.053599999999999995,0.4904,0.1234,0.07279999999999999,0.09999999999999999,0.04279999999999999,0.7485354531021053,0.04908675799086758,0.34517751723561285,0.373974012027173,0.3667354475780887,5.0,21.296,89.37420043274962,1.0,False,True,0.01206754587018275,14005,baseline,2498,4655,3.7269815852682147,37.43657979976443,0.0014925837345887924,0.08077171329913706,0.011936993938619469,0.9776258802888252,0.9801326253746739,1.2930232558139534,0,classic,1.0,0.3,0.3,False,n/a,n/a,n/a,n/a,n/a,n/a,n/a,n/a,n/a,n/a,n/a,n/a,n/a,n/a,n/a,n/a,n/a,n/a,n/a
PM9_full_N500,S2,686818433,500,False,weak_PD,1.6,1.0,0.0,0.0,True,0.01,0.5,100,0,30,2.0,100000,0.043,0.011599999999999997,0.7974,0.04159999999999999,0.0606,0.023199999999999995,0.022599999999999995,0.9415874519106462,0.0628315649867374,0.11408053428723008,0.12143677266408233,0.11563325096852381,232.736,232.736,10.207875702813448,0.0,False,True,0.0006018840075371288,18156,connected,2498,4675,3.7429943955164133,34.6557387776469,0.001498996554071451,0.09900266949170751,0.01181260001377769,0.9280575114384094,0.9280575114384094,5.485943775100401,0,classic,1.0,0.3,0.3,False,n/a,n/a,n/a,n/a,n/a,n/a,n/a,n/a,n/a,n/a,n/a,n/a,n/a,n/a,n/a,n/a,n/a,n/a,n/a
PM9_full_N500,S2,686818433,500,False,weak_PD,1.6,1.0,0.0,0.0,True,0.01,0.5,100,5,30,0.1,100000,0.1402,0.042399999999999986,0.4330000000000001,0.16019999999999998,0.07759999999999999,0.0854,0.06120000000000001,0.6115125430753039,0.028145695364238412,0.37384476276377426,0.45279755291985063,0.4064445982097882,5.0,18.32,117.2068265589955,1.0,False,True,-0.010921474085893414,14222,fragmented,2498,3724,2.981585268214572,39.63064389477817,0.0011940669876710339,0.12020652213430576,0.013187493223890165,0.983194072419442,0.9868574304347879,1.3482142857142858,931,classic,1.0,0.3,0.3,False,n/a,n/a,n/a,n/a,n/a,n/a,n/a,n/a,n/a,n/a,n/a,n/a,n/a,n/a,n/a,n/a,n/a,n/a,n/a
PM9_full_N500,S2,686818433,500,False,weak_PD,1.6,1.0,0.0,0.0,True,0.01,0.5,100,5,30,2.0,100000,0.032600000000000004,0.020799999999999996,0.869,0.020999999999999994,0.020199999999999996,0.0164,0.019999999999999997,0.9477382334723886,0.08701089869572985,0.10705745466351692,0.1092674827645775,0.10760641899652984,5.0,230.816,10.249551661056154,1.0,False,True,0.002487389149557697,14999,baseline,2498,4655,3.7269815852682147,37.43657979976443,0.0014925837345887924,0.08077171329913706,0.011936993938619469,0.7826380485923092,0.9205727508260318,5.36144578313253,0,classic,1.0,0.3,0.3,False,n/a,n/a,n/a,n/a,n/a,n/a,n/a,n/a,n/a,n/a,n/a,n/a,n/a,n/a,n/a,n/a,n/a,n/a,n/a
PM9_full_N500,S2,686818433,500,False,weak_PD,1.6,1.0,0.0,0.0,True,0.01,0.5,100,5,30,0.1,100000,0.09179999999999998,0.058800000000000005,0.42560000000000003,0.137,0.1016,0.1102,0.075,0.6212566060454773,0.04028347631480791,0.31694867806084664,0.33249736828512455,0.34370972460731286,5.0,20.984,92.53280809858916,1.0,False,False,-0.023957347029386285,13943,connected,2498,4675,3.7429943955164133,34.6557387776469,0.001498996554071451,0.09900266949170751,0.01181260001377769,0.9787816009079144,0.9811600205650349,1.316872427983539,0,classic,1.0,0.3,0.3,False,n/a,n/a,n/a,n/a,n/a,n/a,n/a,n/a,n/a,n/a,n/a,n/a,n/a,n/a,n/a,n/a,n/a,n/a,n/a
PM9_full_N500,S2,686818433,500,False,weak_PD,1.6,1.0,0.0,0.0,True,0.01,0.5,100,5,30,2.0,100000,0.0158,0.018,0.8767999999999999,0.016999999999999998,0.0262,0.0392,0.006999999999999999,0.9545817922461479,0.06726998491704374,0.1067552364765291,0.09113340959903046,0.10641478360088567,5.0,194.176,13.31701617107572,1.0,False,True,0.006898529994117779,16136,fragmented,2498,3724,2.981585268214572,39.63064389477817,0.0011940669876710339,0.12020652213430576,0.013187493223890165,0.8270264741959654,0.9369887314377052,5.1138211382113825,931,classic,1.0,0.3,0.3,False,n/a,n/a,n/a,n/a,n/a,n/a,n/a,n/a,n/a,n/a,n/a,n/a,n/a,n/a,n/a,n/a,n/a,n/a,n/a
PM9_full_N500,S2,686818433,500,False,weak_PD,1.6,1.0,0.0,0.0,True,0.01,0.5,100,15,30,0.1,100000,0.1044,0.04539999999999999,0.44700000000000006,0.14479999999999998,0.08199999999999999,0.10700000000000001,0.06940000000000002,0.6623578856455173,0.04263718910382945,0.34650937831970025,0.40116352729555205,0.37746199100376154,14.782,20.632,92.19553150495538,0.862,False,True,-0.00505079140316305,13627,baseline,2498,4655,3.7269815852682147,37.43657979976443,0.0014925837345887924,0.08077171329913706,0.011936993938619469,0.9823095997642349,0.9827576450317246,1.3955555555555557,0,classic,1.0,0.3,0.3,False,n/a,n/a,n/a,n/a,n/a,n/a,n/a,n/a,n/a,n/a,n/a,n/a,n/a,n/a,n/a,n/a,n/a,n/a,n/a
PM9_full_N500,S2,686818433,500,False,weak_PD,1.6,1.0,0.0,0.0,True,0.01,0.5,100,5,30,2.0,100000,0.030000000000000006,0.0184,0.8593999999999999,0.027800000000000002,0.027200000000000002,0.018999999999999996,0.0182,0.9278472674148341,0.09721300597213006,0.11107452868025455,0.10371167329187088,0.11031630412178285,5.0,230.216,10.276328966851917,1.0,False,True,-0.0009139428557710568,15346,connected,2498,4675,3.7429943955164133,34.6557387776469,0.001498996554071451,0.09900266949170751,0.01181260001377769,0.7791192442870507,0.9285530801795723,5.632,0,classic,1.0,0.3,0.3,False,n/a,n/a,n/a,n/a,n/a,n/a,n/a,n/a,n/a,n/a,n/a,n/a,n/a,n/a,n/a,n/a,n/a,n/a,n/a
PM9_full_N500,S2,686818433,500,False,weak_PD,1.6,1.0,0.0,0.0,True,0.01,0.5,100,15,30,0.1,100000,0.12940000000000002,0.05800000000000001,0.4516,0.08419999999999998,0.08959999999999999,0.09459999999999999,0.09259999999999999,0.7625693525852953,0.018014636892475136,0.3885131538238626,0.37270396456536087,0.39743517616346385,14.272,18.828,119.74894011582407,0.73,False,False,0.023419168876676968,14260,fragmented,2498,3724,2.981585268214572,39.63064389477817,0.0011940669876710339,0.12020652213430576,0.013187493223890165,0.9858014246310068,0.9865050307314381,1.3783783783783783,931,classic,1.0,0.3,0.3,False,n/a,n/a,n/a,n/a,n/a,n/a,n/a,n/a,n/a,n/a,n/a,n/a,n/a,n/a,n/a,n/a,n/a,n/a,n/a
PM9_full_N500,S2,686818433,500,False,weak_PD,1.6,1.0,0.0,0.0,True,0.01,0.5,100,15,30,2.0,100000,0.026600000000000002,0.012199999999999999,0.8756,0.025599999999999994,0.023799999999999998,0.014999999999999996,0.0212,0.9404856816962848,0.08189795255118622,0.10338340257770413,0.10979431121792725,0.1038866877514909,15.0,232.972,10.290232243657536,1.0,False,True,-0.0006236088944381413,15573,baseline,2498,4655,3.7269815852682147,37.43657979976443,0.0014925837345887924,0.08077171329913706,0.011936993938619469,0.8124842060673197,0.9182848835694326,5.6546184738955825,0,classic,1.0,0.3,0.3,False,n/a,n/a,n/a,n/a,n/a,n/a,n/a,n/a,n/a,n/a,n/a,n/a,n/a,n/a,n/a,n/a,n/a,n/a,n/a
PM9_full_N500,S2,686818433,500,False,weak_PD,1.6,1.0,0.0,0.0,True,0.01,0.5,100,15,30,0.1,100000,0.1426,0.0768,0.4386000000000001,0.10540000000000001,0.08959999999999999,0.0828,0.06420000000000001,0.6754863325003369,0.023785322219963406,0.3568160819574529,0.3895065762039759,0.3834918294899355,14.768,21.352,90.80428595411793,0.882,False,True,0.005743472573891211,14414,connected,2498,4675,3.7429943955164133,34.6557387776469,0.001498996554071451,0.09900266949170751,0.01181260001377769,0.9810579115563843,0.9819405029656895,1.3424657534246576,0,classic,1.0,0.3,0.3,False,n/a,n/a,n/a,n/a,n/a,n/a,n/a,n/a,n/a,n/a,n/a,n/a,n/a,n/a,n/a,n/a,n/a,n/a,n/a
PM9_full_N500,S2,686818433,500,False,weak_PD,1.6,1.0,0.0,0.0,True,0.01,0.5,100,15,30,2.0,100000,0.039799999999999995,0.013999999999999999,0.8094000000000001,0.05840000000000001,0.029800000000000004,0.036,0.012599999999999997,0.9382536884099755,0.07626433995798998,0.1155784144638267,0.11835433052741884,0.11700651539814112,15.0,195.02,13.229270670648308,1.0,False,True,-0.0015132924531712775,18469,fragmented,2498,3724,2.981585268214572,39.63064389477817,0.0011940669876710339,0.12020652213430576,0.013187493223890165,0.8636092623040447,0.9335751102588968,4.9818181818181815,931,classic,1.0,0.3,0.3,False,n/a,n/a,n/a,n/a,n/a,n/a,n/a,n/a,n/a,n/a,n/a,n/a,n/a,n/a,n/a,n/a,n/a,n/a,n/a
PM9_full_N500,S2,686818433,500,False,snowdrift,4.0,3.0,0.0,2.0,True,0.0,0.5,100,0,30,0.1,100000,0.005999999999999999,0.0,0.994,0.0,0.0,0.0,0.0,1.0,0.0,0.5614367606457967,0.5782149000698972,0.5615374294823414,21.26,21.26,92.99316138150776,0.0,False,True,0.017511295645156213,3095,baseline,2498,4655,3.7269815852682147,37.43657979976443,0.0014925837345887924,0.08077171329913706,0.011936993938619469,0.9849316888149134,0.9849316888149134,1.5403225806451613,0,classic,1.0,0.3,0.3,False,n/a,n/a,n/a,n/a,n/a,n/a,n/a,n/a,n/a,n/a,n/a,n/a,n/a,n/a,n/a,n/a,n/a,n/a,n/a
PM9_full_N500,S2,686818433,500,False,weak_PD,1.6,1.0,0.0,0.0,True,0.01,0.5,100,15,30,2.0,100000,0.04199999999999999,0.0134,0.8699999999999999,0.024599999999999997,0.013600000000000001,0.020799999999999996,0.015600000000000003,0.9487095709742585,0.0751008064516129,0.11423345273767868,0.11310196336108809,0.11463687868746202,15.0,235.7,10.127579037220235,1.0,False,True,0.007549114996460352,16621,connected,2498,4675,3.7429943955164133,34.6557387776469,0.001498996554071451,0.09900266949170751,0.01181260001377769,0.8201684190539276,0.927270638742852,5.48995983935743,0,classic,1.0,0.3,0.3,False,n/a,n/a,n/a,n/a,n/a,n/a,n/a,n/a,n/a,n/a,n/a,n/a,n/a,n/a,n/a,n/a,n/a,n/a,n/a
PM9_full_N500,S2,686818433,500,False,snowdrift,4.0,3.0,0.0,2.0,True,0.0,0.5,100,0,30,0.1,100000,0.018199999999999997,0.0,0.9777999999999999,0.0020000000000000005,0.0020000000000000005,0.0,0.0,0.9991086692925839,0.0001942124684404739,0.4835464634721142,1.7932761277550957,0.513657858830129,18.212,18.212,119.80756645973034,0.0,False,False,0.026168533474119248,2716,fragmented,2498,3724,2.981585268214572,39.63064389477817,0.0011940669876710339,0.12020652213430576,0.013187493223890165,0.9859373282246598,0.9859373282246598,1.3873873873873874,931,classic,1.0,0.3,0.3,False,n/a,n/a,n/a,n/a,n/a,n/a,n/a,n/a,n/a,n/a,n/a,n/a,n/a,n/a,n/a,n/a,n/a,n/a,n/a
PM9_full_N500,S2,686818433,500,False,snowdrift,4.0,3.0,0.0,2.0,True,0.0,0.5,100,0,30,2.0,100000,0.0,0.0,1.0,0.0,0.0,0.0,0.0,1.0,0.0,0.2027494287372099,0.0,0.2027494287372099,232.152,232.152,10.228120256297812,0.0,True,True,0.001809684038736155,4729,baseline,2498,4655,3.7269815852682147,37.43657979976443,0.0014925837345887924,0.08077171329913706,0.011936993938619469,0.9200882987851201,0.9200882987851201,5.679358717434869,0,classic,1.0,0.3,0.3,False,n/a,n/a,n/a,n/a,n/a,n/a,n/a,n/a,n/a,n/a,n/a,n/a,n/a,n/a,n/a,n/a,n/a,n/a,n/a
PM9_full_N500,S2,686818433,500,False,snowdrift,4.0,3.0,0.0,2.0,True,0.0,0.5,100,0,30,0.1,100000,0.011999999999999999,0.0,0.9800000000000002,0.0,0.0020000000000000005,0.005999999999999999,0.0,1.0,0.0,0.41233853759229233,0.5850233699549638,0.4239696912688929,21.584,21.584,92.5325400911644,0.0,False,True,0.006698801195193062,2486,connected,2498,4675,3.7429943955164133,34.6557387776469,0.001498996554071451,0.09900266949170751,0.01181260001377769,0.9878467432037474,0.9878467432037474,1.3515981735159817,0,classic,1.0,0.3,0.3,False,n/a,n/a,n/a,n/a,n/a,n/a,n/a,n/a,n/a,n/a,n/a,n/a,n/a,n/a,n/a,n/a,n/a,n/a,n/a
PM9_full_N500,S2,686818433,500,False,snowdrift,4.0,3.0,0.0,2.0,True,0.0,0.5,100,0,30,2.0,100000,0.0,0.0,1.0,0.0,0.0,0.0,0.0,1.0,0.0,0.24384319065709342,0.0,0.24384319065709342,195.124,195.124,13.238676446164646,0.0,True,True,8.444193776775107e-05,5951,fragmented,2498,3724,2.981585268214572,39.63064389477817,0.0011940669876710339,0.12020652213430576,0.013187493223890165,0.9405036416003351,0.9405036416003351,5.1417004048583,931,classic,1.0,0.3,0.3,False,n/a,n/a,n/a,n/a,n/a,n/a,n/a,n/a,n/a,n/a,n/a,n/a,n/a,n/a,n/a,n/a,n/a,n/a,n/a
PM9_full_N500,S2,686818433,500,False,snowdrift,4.0,3.0,0.0,2.0,True,0.0,0.5,100,0,30,2.0,100000,0.0,0.0,1.0,0.0,0.0,0.0,0.0,1.0,0.0,0.2223223367490112,0.0,0.2223223367490112,234.04,234.04,10.172773122516897,0.0,True,True,0.0,4965,connected,2498,4675,3.7429943955164133,34.6557387776469,0.001498996554071451,0.09900266949170751,0.01181260001377769,0.9176184085997238,0.9176184085997238,5.62,0,classic,1.0,0.3,0.3,False,n/a,n/a,n/a,n/a,n/a,n/a,n/a,n/a,n/a,n/a,n/a,n/a,n/a,n/a,n/a,n/a,n/a,n/a,n/a
PM9_full_N500,S2,686818433,500,False,snowdrift,4.0,3.0,0.0,2.0,True,0.0,0.5,100,5,30,0.1,100000,0.008000000000000002,0.0,0.9818000000000001,0.0,0.0,0.010199999999999999,0.0,0.9934660594974669,0.001554605518849592,0.5769759779805603,2.0206065867956013,0.5892398131237008,5.0,21.116,93.48154672651735,1.0,False,True,0.01831069084276337,3254,baseline,2498,4655,3.7269815852682147,37.43657979976443,0.0014925837345887924,0.08077171329913706,0.011936993938619469,0.9762604647112778,0.9809518980960547,1.3669724770642202,0,classic,1.0,0.3,0.3,False,n/a,n/a,n/a,n/a,n/a,n/a,n/a,n/a,n/a,n/a,n/a,n/a,n/a,n/a,n/a,n/a,n/a,n/a,n/a
PM9_full_N500,S2,686818433,500,False,snowdrift,4.0,3.0,0.0,2.0,True,0.0,0.5,100,5,30,2.0,100000,0.0,0.0,1.0,0.0,0.0,0.0,0.0,1.0,0.0,0.1949761323593362,0.0,0.1949761323593362,5.0,235.308,10.097762593170195,1.0,True,True,0.0,3742,baseline,2498,4655,3.7269815852682147,37.43657979976443,0.0014925837345887924,0.08077171329913706,0.011936993938619469,0.7624971637235111,0.9098929332920265,5.461847389558233,0,classic,1.0,0.3,0.3,False,n/a,n/a,n/a,n/a,n/a,n/a,n/a,n/a,n/a,n/a,n/a,n/a,n/a,n/a,n/a,n/a,n/a,n/a,n/a
PM9_full_N500,S2,686818433,500,False,snowdrift,4.0,3.0,0.0,2.0,True,0.0,0.5,100,5,30,0.1,100000,0.019999999999999997,0.0,0.9760000000000002,0.004000000000000001,0.0,0.0,0.0,0.9997773379515091,0.00048590864917395527,0.4531430653967825,0.9313339261692319,0.4656868312025351,5.0,18.028,122.33674201277113,0.996,False,False,0.02471320605282714,2597,fragmented,2498,3724,2.981585268214572,39.63064389477817,0.0011940669876710339,0.12020652213430576,0.013187493223890165,0.9785623342526445,0.9820030978965577,1.2828282828282829,931,classic,1.0,0.3,0.3,False,n/a,n/a,n/a,n/a,n/a,n/a,n/a,n/a,n/a,n/a,n/a,n/a,n/a,n/a,n/a,n/a,n/a,n/a,n/a
PM9_full_N500,S2,686818433,500,False,snowdrift,4.0,3.0,0.0,2.0,True,0.0,0.5,100,5,30,0.1,100000,0.0,0.0,0.9873999999999998,0.0126,0.0,0.0,0.0,0.9882439717228095,0.00018011527377521613,0.4724712224333188,0.0,0.4777016367950303,5.0,21.396,94.2477311544372,1.0,False,True,0.01510943323774101,2886,connected,2498,4675,3.7429943955164133,34.6557387776469,0.001498996554071451,0.09900266949170751,0.01181260001377769,0.9765576345704317,0.9805469429855905,1.4444444444444444,0,classic,1.0,0.3,0.3,False,n/a,n/a,n/a,n/a,n/a,n/a,n/a,n/a,n/a,n/a,n/a,n/a,n/a,n/a,n/a,n/a,n/a,n/a,n/a
PM9_full_N500,S2,686818433,500,False,snowdrift,4.0,3.0,0.0,2.0,True,0.0,0.5,100,5,30,2.0,100000,0.0,0.0,1.0,0.0,0.0,0.0,0.0,1.0,0.0,0.23477503530408916,0.0,0.23477503530408916,5.0,188.852,13.832412725792244,1.0,True,True,0.001652157008627302,4827,fragmented,2498,3724,2.981585268214572,39.63064389477817,0.0011940669876710339,0.12020652213430576,0.013187493223890165,0.8246557251981581,0.9347737650222858,5.251509054325956,931,classic,1.0,0.3,0.3,False,n/a,n/a,n/a,n/a,n/a,n/a,n/a,n/a,n/a,n/a,n/a,n/a,n/a,n/a,n/a,n/a,n/a,n/a,n/a
PM9_full_N500,S2,686818433,500,False,snowdrift,4.0,3.0,0.0,2.0,True,0.0,0.5,100,15,30,0.1,100000,0.005999999999999999,0.0,0.994,0.0,0.0,0.0,0.0,1.0,0.0,0.5614367606457967,0.5782149000698972,0.5615374294823414,14.778,21.26,92.99316138150776,0.898,False,True,0.017511295645156213,3095,baseline,2498,4655,3.7269815852682147,37.43657979976443,0.0014925837345887924,0.08077171329913706,0.011936993938619469,0.98417327420287,0.9849316888149134,1.5403225806451613,0,classic,1.0,0.3,0.3,False,n/a,n/a,n/a,n/a,n/a,n/a,n/a,n/a,n/a,n/a,n/a,n/a,n/a,n/a,n/a,n/a,n/a,n/a,n/a
PM9_full_N500,S2,686818433,500,False,snowdrift,4.0,3.0,0.0,2.0,True,0.0,0.5,100,5,30,2.0,100000,0.0,0.0,1.0,0.0,0.0,0.0,0.0,1.0,0.0,0.1769679912990092,0.0,0.1769679912990092,5.0,231.04,10.302759667759794,1.0,True,True,0.0,3393,connected,2498,4675,3.7429943955164133,34.6557387776469,0.001498996554071451,0.09900266949170751,0.01181260001377769,0.7737259356773336,0.9166664328882435,5.36144578313253,0,classic,1.0,0.3,0.3,False,n/a,n/a,n/a,n/a,n/a,n/a,n/a,n/a,n/a,n/a,n/a,n/a,n/a,n/a,n/a,n/a,n/a,n/a,n/a
PM9_full_N500,S2,686818433,500,False,snowdrift,4.0,3.0,0.0,2.0,True,0.0,0.5,100,15,30,0.1,100000,0.0382,0.0,0.9522,0.008000000000000002,0.0016,0.0,0.0,0.9732570947089256,0.0037333333333333333,0.48026852965068756,0.9690216479502753,0.5087511475151951,14.114,18.268,117.87411081980777,0.708,False,False,0.0218205512822022,2724,fragmented,2498,3724,2.981585268214572,39.63064389477817,0.0011940669876710339,0.12020652213430576,0.013187493223890165,0.9782110104259618,0.9783420720249133,1.3944954128440368,931,classic,1.0,0.3,0.3,False,n/a,n/a,n/a,n/a,n/a,n/a,n/a,n/a,n/a,n/a,n/a,n/a,n/a,n/a,n/a,n/a,n/a,n/a,n/a
PM9_full_N500,S2,686818433,500,False,snowdrift,4.0,3.0,0.0,2.0,True,0.0,0.5,100,15,30,2.0,100000,0.0,0.0,1.0,0.0,0.0,0.0,0.0,1.0,0.0,0.1998620993382991,0.0,0.1998620993382991,15.0,231.484,10.261121974688189,1.0,True,True,0.0,3784,baseline,2498,4655,3.7269815852682147,37.43657979976443,0.0014925837345887924,0.08077171329913706,0.011936993938619469,0.8285011131363529,0.9268343331196098,5.476861167002012,0,classic,1.0,0.3,0.3,False,n/a,n/a,n/a,n/a,n/a,n/a,n/a,n/a,n/a,n/a,n/a,n/a,n/a,n/a,n/a,n/a,n/a,n/a,n/a
PM9_full_N500,S2,686818433,500,False,snowdrift,4.0,3.0,0.0,2.0,True,0.0,0.5,100,15,30,2.0,100000,0.0,0.0,1.0,0.0,0.0,0.0,0.0,1.0,0.0,0.20745481167432825,0.0,0.20745481167432825,15.0,195.164,13.207626886401904,1.0,True,True,0.0,4623,fragmented,2498,3724,2.981585268214572,39.63064389477817,0.0011940669876710339,0.12020652213430576,0.013187493223890165,0.8515756162003261,0.9343157635211214,5.154471544715447,931,classic,1.0,0.3,0.3,False,n/a,n/a,n/a,n/a,n/a,n/a,n/a,n/a,n/a,n/a,n/a,n/a,n/a,n/a,n/a,n/a,n/a,n/a,n/a
PM9_full_N500,S2,686818433,500,False,snowdrift,4.0,3.0,0.0,2.0,True,0.0,0.5,100,15,30,0.1,100000,0.011999999999999999,0.0,0.9800000000000002,0.0,0.0020000000000000005,0.005999999999999999,0.0,1.0,0.0,0.41233853759229233,0.5850233699549638,0.4239696912688929,14.624,21.584,92.5325400911644,0.848,False,True,0.006698801195193062,2486,connected,2498,4675,3.7429943955164133,34.6557387776469,0.001498996554071451,0.09900266949170751,0.01181260001377769,0.9870125031929134,0.9878467432037474,1.3515981735159817,0,classic,1.0,0.3,0.3,False,n/a,n/a,n/a,n/a,n/a,n/a,n/a,n/a,n/a,n/a,n/a,n/a,n/a,n/a,n/a,n/a,n/a,n/a,n/a
PM9_full_N500,S2,686818433,500,False,snowdrift,4.0,3.0,0.0,2.0,True,0.01,0.5,100,0,30,0.1,100000,0.1136,0.057800000000000004,0.4558000000000001,0.11000000000000001,0.0804,0.08299999999999999,0.09939999999999999,0.6372518300064354,0.0383250532292406,1.2402808262704943,1.3001980950381238,1.3111383255799582,20.712,20.712,93.61857375790495,0.0,False,True,-0.001613756855023941,14004,baseline,2498,4655,3.7269815852682147,37.43657979976443,0.0014925837345887924,0.08077171329913706,0.011936993938619469,0.9872995189093975,0.9872995189093975,1.330188679245283,0,classic,1.0,0.3,0.3,False,n/a,n/a,n/a,n/a,n/a,n/a,n/a,n/a,n/a,n/a,n/a,n/a,n/a,n/a,n/a,n/a,n/a,n/a,n/a
PM9_full_N500,S2,686818433,500,False,snowdrift,4.0,3.0,0.0,2.0,True,0.0,0.5,100,15,30,2.0,100000,0.0,0.0,1.0,0.0,0.0,0.0,0.0,1.0,0.0,0.21161055306428372,0.0,0.21161055306428372,15.0,233.004,10.265692006168381,1.0,True,True,0.0,4386,connected,2498,4675,3.7429943955164133,34.6557387776469,0.001498996554071451,0.09900266949170751,0.01181260001377769,0.8230280256090521,0.9252084723026202,5.847082494969819,0,classic,1.0,0.3,0.3,False,n/a,n/a,n/a,n/a,n/a,n/a,n/a,n/a,n/a,n/a,n/a,n/a,n/a,n/a,n/a,n/a,n/a,n/a,n/a
PM9_full_N500,S2,686818433,500,False,snowdrift,4.0,3.0,0.0,2.0,True,0.01,0.5,100,0,30,0.1,100000,0.07399999999999998,0.07040000000000002,0.46699999999999997,0.14659999999999998,0.09199999999999998,0.09559999999999999,0.054400000000000004,0.6789494621580303,0.06183115338882283,1.2015098122471097,1.280019056267927,1.2541624128397393,18.364,18.364,116.692386869451,0.0,False,True,0.016238666554668418,13889,fragmented,2498,3724,2.981585268214572,39.63064389477817,0.0011940669876710339,0.12020652213430576,0.013187493223890165,0.9806021682393524,0.9806021682393524,1.3565891472868217,931,classic,1.0,0.3,0.3,False,n/a,n/a,n/a,n/a,n/a,n/a,n/a,n/a,n/a,n/a,n/a,n/a,n/a,n/a,n/a,n/a,n/a,n/a,n/a
PM9_full_N500,S2,686818433,500,False,snowdrift,4.0,3.0,0.0,2.0,True,0.01,0.5,100,0,30,2.0,100000,0.09239999999999998,0.03680000000000001,0.5086000000000002,0.18239999999999995,0.04279999999999999,0.07559999999999999,0.06140000000000001,0.7535340465868375,0.18511483336211362,0.9881897339027405,1.009859616517607,0.9976434571733784,232.084,232.084,10.251037322176055,0.0,False,True,-0.0048115872463504504,29051,baseline,2498,4655,3.7269815852682147,37.43657979976443,0.0014925837345887924,0.08077171329913706,0.011936993938619469,0.9210784102049474,0.9210784102049474,5.57429718875502,0,classic,1.0,0.3,0.3,False,n/a,n/a,n/a,n/a,n/a,n/a,n/a,n/a,n/a,n/a,n/a,n/a,n/a,n/a,n/a,n/a,n/a,n/a,n/a
PM9_full_N500,S2,686818433,500,False,snowdrift,4.0,3.0,0.0,2.0,True,0.01,0.5,100,0,30,0.1,100000,0.11700000000000002,0.0894,0.3204,0.14079999999999998,0.14519999999999997,0.125,0.06220000000000001,0.6676534200099159,0.0523356401384083,1.3529016239518383,1.3625437317601439,1.4411958683936426,21.144,21.144,91.55256995232801,0.0,False,True,-0.01077283669134347,14429,connected,2498,4675,3.7429943955164133,34.6557387776469,0.001498996554071451,0.09900266949170751,0.01181260001377769,0.9837842390053805,0.9837842390053805,1.3508771929824561,0,classic,1.0,0.3,0.3,False,n/a,n/a,n/a,n/a,n/a,n/a,n/a,n/a,n/a,n/a,n/a,n/a,n/a,n/a,n/a,n/a,n/a,n/a,n/a
PM9_full_N500,S2,686818433,500,False,snowdrift,4.0,3.0,0.0,2.0,True,0.01,0.5,100,0,30,2.0,100000,0.09659999999999999,0.0518,0.42140000000000005,0.21139999999999998,0.08199999999999999,0.08959999999999999,0.0472,0.6543659080829056,0.13986801867052953,1.1029171768683883,1.1333191495597075,1.1252041462474374,198.22,198.22,13.131399747910493,0.0,False,False,-0.02179770319081386,30422,fragmented,2498,3724,2.981585268214572,39.63064389477817,0.0011940669876710339,0.12020652213430576,0.013187493223890165,0.9322273297544101,0.9322273297544101,5.202429149797571,931,classic,1.0,0.3,0.3,False,n/a,n/a,n/a,n/a,n/a,n/a,n/a,n/a,n/a,n/a,n/a,n/a,n/a,n/a,n/a,n/a,n/a,n/a,n/a
PM9_full_N500,S2,686818433,500,False,snowdrift,4.0,3.0,0.0,2.0,True,0.01,0.5,100,5,30,0.1,100000,0.1004,0.04939999999999999,0.5084,0.05740000000000001,0.09119999999999998,0.11620000000000001,0.07699999999999999,0.6441156025736816,0.04129220306048093,1.2537624691380638,1.6013307107186179,1.3557367671376688,5.0,20.78,93.37613014314898,1.0,False,True,0.014834324937299567,14102,baseline,2498,4655,3.7269815852682147,37.43657979976443,0.0014925837345887924,0.08077171329913706,0.011936993938619469,0.9680199857031561,0.975424663586823,1.3027522935779816,0,classic,1.0,0.3,0.3,False,n/a,n/a,n/a,n/a,n/a,n/a,n/a,n/a,n/a,n/a,n/a,n/a,n/a,n/a,n/a,n/a,n/a,n/a,n/a
PM9_full_N500,S2,686818433,500,False,snowdrift,4.0,3.0,0.0,2.0,True,0.01,0.5,100,0,30,2.0,100000,0.08239999999999999,0.05179999999999999,0.5884,0.10700000000000001,0.07699999999999999,0.0508,0.04259999999999999,0.7904177175665739,0.15824329034506796,0.9339225133481983,0.9291260962184612,0.9309431195732901,233.168,233.168,10.120906962473065,0.0,False,True,-0.0023105852423442653,27777,connected,2498,4675,3.7429943955164133,34.6557387776469,0.001498996554071451,0.09900266949170751,0.01181260001377769,0.9203191757566317,0.9203191757566317,5.381526104417671,0,classic,1.0,0.3,0.3,False,n/a,n/a,n/a,n/a,n/a,n/a,n/a,n/a,n/a,n/a,n/a,n/a,n/a,n/a,n/a,n/a,n/a,n/a,n/a
PM9_full_N500,S2,686818433,500,False,snowdrift,4.0,3.0,0.0,2.0,True,0.01,0.5,100,5,30,0.1,100000,0.09019999999999997,0.04959999999999999,0.4598,0.09079999999999999,0.13699999999999998,0.11600000000000002,0.056600000000000004,0.6589299715644334,0.022093634928984744,1.245799188132981,1.3061059310566256,1.3128381704046204,4.996,18.548,122.38284595138047,0.996,False,False,0.023939567758271583,14046,fragmented,2498,3724,2.981585268214572,39.63064389477817,0.0011940669876710339,0.12020652213430576,0.013187493223890165,0.9799020454141693,0.9852675217661108,1.3172690763052208,931,classic,1.0,0.3,0.3,False,n/a,n/a,n/a,n/a,n/a,n/a,n/a,n/a,n/a,n/a,n/a,n/a,n/a,n/a,n/a,n/a,n/a,n/a,n/a
PM9_full_N500,S2,686818433,500,False,snowdrift,4.0,3.0,0.0,2.0,True,0.01,0.5,100,5,30,2.0,100000,0.04859999999999999,0.018799999999999997,0.7564,0.03380000000000001,0.04739999999999999,0.06620000000000001,0.028800000000000003,0.8650856178099543,0.12166637615478473,0.775553537220401,0.7668053094945645,0.7809877365781457,5.0,233.412,10.154632893660242,1.0,False,True,-0.0008426721706864855,22397,baseline,2498,4655,3.7269815852682147,37.43657979976443,0.0014925837345887924,0.08077171329913706,0.011936993938619469,0.7689767840092044,0.916582097393797,5.4044265593561365,0,classic,1.0,0.3,0.3,False,n/a,n/a,n/a,n/a,n/a,n/a,n/a,n/a,n/a,n/a,n/a,n/a,n/a,n/a,n/a,n/a,n/a,n/a,n/a
PM9_full_N500,S2,686818433,500,False,snowdrift,4.0,3.0,0.0,2.0,True,0.01,0.5,100,5,30,0.1,100000,0.09439999999999998,0.054200000000000005,0.48900000000000005,0.10700000000000001,0.0788,0.11520000000000001,0.06140000000000001,0.7338333607081484,0.0399548532731377,1.2963499326664816,1.4696925095083484,1.3655950812954003,5.0,21.292,91.05425864786898,1.0,False,False,0.027902386809547604,14452,connected,2498,4675,3.7429943955164133,34.6557387776469,0.001498996554071451,0.09900266949170751,0.01181260001377769,0.9770096111008675,0.9854754090563772,1.2982456140350878,0,classic,1.0,0.3,0.3,False,n/a,n/a,n/a,n/a,n/a,n/a,n/a,n/a,n/a,n/a,n/a,n/a,n/a,n/a,n/a,n/a,n/a,n/a,n/a
PM9_full_N500,S2,686818433,500,False,snowdrift,4.0,3.0,0.0,2.0,True,0.01,0.5,100,5,30,2.0,100000,0.07359999999999998,0.0464,0.629,0.1006,0.0656,0.0508,0.03400000000000001,0.7709520110016568,0.1494971045412984,0.8614388966757415,0.923283500191795,0.8737809059654649,5.0,198.196,13.098615898112485,1.0,False,True,-0.015141314965260227,25406,fragmented,2498,3724,2.981585268214572,39.63064389477817,0.0011940669876710339,0.12020652213430576,0.013187493223890165,0.818700171150736,0.9313348233708422,5.487804878048781,931,classic,1.0,0.3,0.3,False,n/a,n/a,n/a,n/a,n/a,n/a,n/a,n/a,n/a,n/a,n/a,n/a,n/a,n/a,n/a,n/a,n/a,n/a,n/a
PM9_full_N500,S2,686818433,500,False,snowdrift,4.0,3.0,0.0,2.0,True,0.01,0.5,100,15,30,0.1,100000,0.08239999999999999,0.06380000000000001,0.44320000000000004,0.1014,0.10800000000000001,0.11740000000000002,0.08379999999999999,0.6277678606347898,0.04048162756902637,1.2657110058824101,1.391341534463936,1.3415155914099413,14.792,21.104,93.5984940282555,0.868,False,True,-0.004893369973478247,14288,baseline,2498,4655,3.7269815852682147,37.43657979976443,0.0014925837345887924,0.08077171329913706,0.011936993938619469,0.9788725784962373,0.9797269179664089,1.3122171945701357,0,classic,1.0,0.3,0.3,False,n/a,n/a,n/a,n/a,n/a,n/a,n/a,n/a,n/a,n/a,n/a,n/a,n/a,n/a,n/a,n/a,n/a,n/a,n/a
PM9_full_N500,S2,686818433,500,False,snowdrift,4.0,3.0,0.0,2.0,True,0.01,0.5,100,5,30,2.0,100000,0.033800000000000004,0.041999999999999996,0.7534000000000001,0.05740000000000001,0.05500000000000001,0.031200000000000006,0.027200000000000002,0.8633583601090085,0.162215450797634,0.8281328108885,0.8856321854605883,0.8318326283853009,5.0,238.248,10.01103984647658,1.0,False,True,0.008435236940945199,23943,connected,2498,4675,3.7429943955164133,34.6557387776469,0.001498996554071451,0.09900266949170751,0.01181260001377769,0.774077948201374,0.9237897544720866,5.381526104417671,0,classic,1.0,0.3,0.3,False,n/a,n/a,n/a,n/a,n/a,n/a,n/a,n/a,n/a,n/a,n/a,n/a,n/a,n/a,n/a,n/a,n/a,n/a,n/a
PM9_full_N500,S2,686818433,500,False,snowdrift,4.0,3.0,0.0,2.0,True,0.01,0.5,100,15,30,0.1,100000,0.129,0.09679999999999998,0.3584,0.09819999999999998,0.1002,0.1258,0.09159999999999999,0.5115795406551416,0.06797003471587795,1.2948846179834927,1.4117710978166322,1.3801767184713676,14.36,19.004,120.14639532815934,0.752,False,True,-0.015747394189581886,14586,fragmented,2498,3724,2.981585268214572,39.63064389477817,0.0011940669876710339,0.12020652213430576,0.013187493223890165,0.9908407085447282,0.9914647201798785,1.4337899543378996,931,classic,1.0,0.3,0.3,False,n/a,n/a,n/a,n/a,n/a,n/a,n/a,n/a,n/a,n/a,n/a,n/a,n/a,n/a,n/a,n/a,n/a,n/a,n/a
PM9_full_N500,S2,686818433,500,False,snowdrift,4.0,3.0,0.0,2.0,True,0.01,0.5,100,15,30,2.0,100000,0.10200000000000001,0.041199999999999994,0.5752,0.0794,0.05620000000000001,0.09899999999999999,0.046999999999999986,0.737232455286328,0.15825464018235103,0.8902107807907939,0.8930483364303126,0.8933103428119423,15.0,231.144,10.297903972990074,1.0,False,False,-0.031163903855614326,25854,baseline,2498,4655,3.7269815852682147,37.43657979976443,0.0014925837345887924,0.08077171329913706,0.011936993938619469,0.8302442794450703,0.9282988824644639,5.576612903225806,0,classic,1.0,0.3,0.3,False,n/a,n/a,n/a,n/a,n/a,n/a,n/a,n/a,n/a,n/a,n/a,n/a,n/a,n/a,n/a,n/a,n/a,n/a,n/a
PM9_full_N500,S2,686818433,500,False,snowdrift,4.0,3.0,0.0,2.0,True,0.01,0.5,100,15,30,0.1,100000,0.14179999999999998,0.0508,0.44980000000000003,0.08359999999999998,0.09219999999999998,0.11400000000000002,0.06780000000000001,0.7187502702672333,0.02144103714784343,1.3620167240013668,1.4479413880672616,1.4364998273225502,14.722,21.216,90.84773255459923,0.848,False,True,0.005790493561980657,14349,connected,2498,4675,3.7429943955164133,34.6557387776469,0.001498996554071451,0.09900266949170751,0.01181260001377769,0.9813801183900807,0.9822101012728104,1.1884057971014492,0,classic,1.0,0.3,0.3,False,n/a,n/a,n/a,n/a,n/a,n/a,n/a,n/a,n/a,n/a,n/a,n/a,n/a,n/a,n/a,n/a,n/a,n/a,n/a
PM9_full_N500,S2,686818433,500,False,snowdrift,4.0,3.0,0.0,2.0,True,0.01,0.5,100,15,30,2.0,100000,0.06380000000000001,0.023399999999999997,0.6432,0.09259999999999999,0.0558,0.08179999999999998,0.0394,0.8079538222749388,0.13250230840258542,1.0362887395368787,1.0594901237741812,1.033502452433493,15.0,193.028,13.52573868795527,1.0,False,True,0.010356857427427512,28310,fragmented,2498,3724,2.981585268214572,39.63064389477817,0.0011940669876710339,0.12020652213430576,0.013187493223890165,0.8676429627884112,0.9373017852468823,5.113360323886639,931,classic,1.0,0.3,0.3,False,n/a,n/a,n/a,n/a,n/a,n/a,n/a,n/a,n/a,n/a,n/a,n/a,n/a,n/a,n/a,n/a,n/a,n/a,n/a
PM9_full_N500,S2,744720527,500,False,PD_classic,9.0,5.0,1.0,0.0,True,0.0,0.5,100,0,30,0.1,100000,0.0,0.0,1.0,0.0,0.0,0.0,0.0,1.0,0.0,1.3208437805190016,0.0,1.3208437805190016,21.224,21.224,93.35924233006084,0.0,True,True,0.0,1195,baseline,2498,4655,3.7269815852682147,37.43657979976443,0.0014925837345887924,0.08077171329913706,0.011936993938619469,0.9863475424908331,0.9863475424908331,1.3274336283185841,0,classic,1.0,0.3,0.3,False,n/a,n/a,n/a,n/a,n/a,n/a,n/a,n/a,n/a,n/a,n/a,n/a,n/a,n/a,n/a,n/a,n/a,n/a,n/a
PM9_full_N500,S2,686818433,500,False,snowdrift,4.0,3.0,0.0,2.0,True,0.01,0.5,100,15,30,2.0,100000,0.0404,0.05700000000000001,0.6659999999999999,0.092,0.0772,0.04379999999999999,0.023599999999999996,0.7901647566303257,0.15119272352840227,0.8978537374718313,0.9236543435470185,0.8995091706901313,15.0,230.488,10.26204085623445,1.0,False,True,-0.010149218196872423,25399,connected,2498,4675,3.7429943955164133,34.6557387776469,0.001498996554071451,0.09900266949170751,0.01181260001377769,0.8229413164440081,0.9296243234971551,5.464,0,classic,1.0,0.3,0.3,False,n/a,n/a,n/a,n/a,n/a,n/a,n/a,n/a,n/a,n/a,n/a,n/a,n/a,n/a,n/a,n/a,n/a,n/a,n/a
PM9_full_N500,S2,744720527,500,False,PD_classic,9.0,5.0,1.0,0.0,True,0.0,0.5,100,0,30,0.1,100000,0.0,0.0,1.0,0.0,0.0,0.0,0.0,1.0,0.0,1.2708832896912352,0.0,1.2708832896912352,18.196,18.196,122.84948380388056,0.0,True,True,0.0007020988084047551,1166,fragmented,2498,3724,2.981585268214572,38.926743881690875,0.0011940669876710339,0.10625622909002248,0.013073964737443088,0.9846009131896214,0.9846009131896214,1.3275109170305677,931,classic,1.0,0.3,0.3,False,n/a,n/a,n/a,n/a,n/a,n/a,n/a,n/a,n/a,n/a,n/a,n/a,n/a,n/a,n/a,n/a,n/a,n/a,n/a
PM9_full_N500,S2,744720527,500,False,PD_classic,9.0,5.0,1.0,0.0,True,0.0,0.5,100,0,30,2.0,100000,0.0,0.0,1.0,0.0,0.0,0.0,0.0,1.0,0.0,1.0656560599532674,0.0,1.0656560599532674,231.916,231.916,10.210882075936476,0.0,True,True,0.0,947,baseline,2498,4655,3.7269815852682147,37.43657979976443,0.0014925837345887924,0.08077171329913706,0.011936993938619469,0.9207855992213375,0.9207855992213375,5.4417670682730925,0,classic,1.0,0.3,0.3,False,n/a,n/a,n/a,n/a,n/a,n/a,n/a,n/a,n/a,n/a,n/a,n/a,n/a,n/a,n/a,n/a,n/a,n/a,n/a
PM9_full_N500,S2,744720527,500,False,PD_classic,9.0,5.0,1.0,0.0,True,0.0,0.5,100,0,30,0.1,100000,0.0,0.0,1.0,0.0,0.0,0.0,0.0,1.0,0.0,1.265499969284525,0.0,1.265499969284525,20.948,20.948,92.75326076410157,0.0,True,True,0.0005500822003280689,1131,connected,2498,4675,3.7429943955164133,34.56942399555032,0.001498996554071451,0.11572774578476967,0.011828773113682078,0.9844339769932314,0.9844339769932314,1.2977777777777777,0,classic,1.0,0.3,0.3,False,n/a,n/a,n/a,n/a,n/a,n/a,n/a,n/a,n/a,n/a,n/a,n/a,n/a,n/a,n/a,n/a,n/a,n/a,n/a
PM9_full_N500,S2,744720527,500,False,PD_classic,9.0,5.0,1.0,0.0,True,0.0,0.5,100,0,30,2.0,100000,0.0,0.0,1.0,0.0,0.0,0.0,0.0,1.0,0.0,1.0683158293247135,0.0,1.0683158293247135,193.588,193.588,13.43442973401058,0.0,True,True,0.0,1085,fragmented,2498,3724,2.981585268214572,38.926743881690875,0.0011940669876710339,0.10625622909002248,0.013073964737443088,0.937800991802442,0.937800991802442,5.16734693877551,931,classic,1.0,0.3,0.3,False,n/a,n/a,n/a,n/a,n/a,n/a,n/a,n/a,n/a,n/a,n/a,n/a,n/a,n/a,n/a,n/a,n/a,n/a,n/a
PM9_full_N500,S2,744720527,500,False,PD_classic,9.0,5.0,1.0,0.0,True,0.0,0.5,100,5,30,0.1,100000,0.0,0.0,1.0,0.0,0.0,0.0,0.0,1.0,0.0,1.3206937358872244,0.0,1.3206937358872244,5.0,21.224,93.35924233006084,1.0,True,True,0.0,1195,baseline,2498,4655,3.7269815852682147,37.43657979976443,0.0014925837345887924,0.08077171329913706,0.011936993938619469,0.9836802509502459,0.9863475424908331,1.3274336283185841,0,classic,1.0,0.3,0.3,False,n/a,n/a,n/a,n/a,n/a,n/a,n/a,n/a,n/a,n/a,n/a,n/a,n/a,n/a,n/a,n/a,n/a,n/a,n/a
PM9_full_N500,S2,744720527,500,False,PD_classic,9.0,5.0,1.0,0.0,True,0.0,0.5,100,0,30,2.0,100000,0.0,0.0,1.0,0.0,0.0,0.0,0.0,1.0,0.0,1.0589620505166697,0.0,1.0589620505166697,232.944,232.944,10.232602893150114,0.0,True,True,0.0,906,connected,2498,4675,3.7429943955164133,34.56942399555032,0.001498996554071451,0.11572774578476967,0.011828773113682078,0.9306729096294087,0.9306729096294087,5.548,0,classic,1.0,0.3,0.3,False,n/a,n/a,n/a,n/a,n/a,n/a,n/a,n/a,n/a,n/a,n/a,n/a,n/a,n/a,n/a,n/a,n/a,n/a,n/a
PM9_full_N500,S2,744720527,500,False,PD_classic,9.0,5.0,1.0,0.0,True,0.0,0.5,100,5,30,0.1,100000,0.0,0.0,1.0,0.0,0.0,0.0,0.0,1.0,0.0,1.2708796901799442,0.0,1.2708796901799442,5.0,18.196,122.84948380388056,0.996,True,True,0.0007133884535626033,1160,fragmented,2498,3724,2.981585268214572,38.926743881690875,0.0011940669876710339,0.10625622909002248,0.013073964737443088,0.9818181537737973,0.9846009131896214,1.3275109170305677,931,classic,1.0,0.3,0.3,False,n/a,n/a,n/a,n/a,n/a,n/a,n/a,n/a,n/a,n/a,n/a,n/a,n/a,n/a,n/a,n/a,n/a,n/a,n/a
PM9_full_N500,S2,744720527,500,False,PD_classic,9.0,5.0,1.0,0.0,True,0.0,0.5,100,5,30,2.0,100000,0.0,0.0,1.0,0.0,0.0,0.0,0.0,1.0,0.0,1.0647849012011907,0.0,1.0647849012011907,5.0,233.704,10.268657145741885,1.0,True,True,0.0,965,baseline,2498,4655,3.7269815852682147,37.43657979976443,0.0014925837345887924,0.08077171329913706,0.011936993938619469,0.7798721004050452,0.9295600417354379,5.927855711422846,0,classic,1.0,0.3,0.3,False,n/a,n/a,n/a,n/a,n/a,n/a,n/a,n/a,n/a,n/a,n/a,n/a,n/a,n/a,n/a,n/a,n/a,n/a,n/a
PM9_full_N500,S2,744720527,500,False,PD_classic,9.0,5.0,1.0,0.0,True,0.0,0.5,100,5,30,0.1,100000,0.0,0.0,1.0,0.0,0.0,0.0,0.0,1.0,0.0,1.265499969284525,0.0,1.265499969284525,5.0,20.948,92.75326076410157,0.998,True,True,0.0005500822003280689,1131,connected,2498,4675,3.7429943955164133,34.56942399555032,0.001498996554071451,0.11572774578476967,0.011828773113682078,0.9800775628649645,0.9844339769932314,1.2977777777777777,0,classic,1.0,0.3,0.3,False,n/a,n/a,n/a,n/a,n/a,n/a,n/a,n/a,n/a,n/a,n/a,n/a,n/a,n/a,n/a,n/a,n/a,n/a,n/a
PM9_full_N500,S2,744720527,500,False,PD_classic,9.0,5.0,1.0,0.0,True,0.0,0.5,100,5,30,2.0,100000,0.0,0.0,1.0,0.0,0.0,0.0,0.0,1.0,0.0,1.0620167622526582,0.0,1.0620167622526582,5.0,195.484,13.326272537812054,1.0,True,True,0.0,981,fragmented,2498,3724,2.981585268214572,38.926743881690875,0.0011940669876710339,0.10625622909002248,0.013073964737443088,0.8305269921530182,0.9348455667127857,4.765784114052953,931,classic,1.0,0.3,0.3,False,n/a,n/a,n/a,n/a,n/a,n/a,n/a,n/a,n/a,n/a,n/a,n/a,n/a,n/a,n/a,n/a,n/a,n/a,n/a
PM9_full_N500,S2,744720527,500,False,PD_classic,9.0,5.0,1.0,0.0,True,0.0,0.5,100,5,30,2.0,100000,0.0,0.0,1.0,0.0,0.0,0.0,0.0,1.0,0.0,1.056675210259032,0.0,1.056675210259032,5.0,234.66,10.19817375711902,1.0,True,True,0.0,870,connected,2498,4675,3.7429943955164133,34.56942399555032,0.001498996554071451,0.11572774578476967,0.011828773113682078,0.7771185333966951,0.9268554873855778,5.344064386317908,0,classic,1.0,0.3,0.3,False,n/a,n/a,n/a,n/a,n/a,n/a,n/a,n/a,n/a,n/a,n/a,n/a,n/a,n/a,n/a,n/a,n/a,n/a,n/a
PM9_full_N500,S2,744720527,500,False,PD_classic,9.0,5.0,1.0,0.0,True,0.0,0.5,100,15,30,0.1,100000,0.0,0.0,1.0,0.0,0.0,0.0,0.0,1.0,0.0,1.3208437805190016,0.0,1.3208437805190016,14.764,21.224,93.35924233006084,0.862,True,True,0.0,1195,baseline,2498,4655,3.7269815852682147,37.43657979976443,0.0014925837345887924,0.08077171329913706,0.011936993938619469,0.986013399905927,0.9863475424908331,1.3274336283185841,0,classic,1.0,0.3,0.3,False,n/a,n/a,n/a,n/a,n/a,n/a,n/a,n/a,n/a,n/a,n/a,n/a,n/a,n/a,n/a,n/a,n/a,n/a,n/a
PM9_full_N500,S2,744720527,500,False,PD_classic,9.0,5.0,1.0,0.0,True,0.0,0.5,100,15,30,0.1,100000,0.0,0.0,1.0,0.0,0.0,0.0,0.0,1.0,0.0,1.2708832896912352,0.0,1.2708832896912352,14.256,18.196,122.84948380388056,0.696,True,True,0.0007020988084047551,1166,fragmented,2498,3724,2.981585268214572,38.926743881690875,0.0011940669876710339,0.10625622909002248,0.013073964737443088,0.9844031474909701,0.9846009131896214,1.3275109170305677,931,classic,1.0,0.3,0.3,False,n/a,n/a,n/a,n/a,n/a,n/a,n/a,n/a,n/a,n/a,n/a,n/a,n/a,n/a,n/a,n/a,n/a,n/a,n/a
PM9_full_N500,S2,744720527,500,False,PD_classic,9.0,5.0,1.0,0.0,True,0.0,0.5,100,15,30,2.0,100000,0.0,0.0,1.0,0.0,0.0,0.0,0.0,1.0,0.0,1.0649110350796407,0.0,1.0649110350796407,15.0,231.264,10.266256250929445,1.0,True,True,0.0,943,baseline,2498,4655,3.7269815852682147,37.43657979976443,0.0014925837345887924,0.08077171329913706,0.011936993938619469,0.8099919534551181,0.9187775679967297,5.578313253012048,0,classic,1.0,0.3,0.3,False,n/a,n/a,n/a,n/a,n/a,n/a,n/a,n/a,n/a,n/a,n/a,n/a,n/a,n/a,n/a,n/a,n/a,n/a,n/a
PM9_full_N500,S2,744720527,500,False,PD_classic,9.0,5.0,1.0,0.0,True,0.0,0.5,100,15,30,0.1,100000,0.0,0.0,1.0,0.0,0.0,0.0,0.0,1.0,0.0,1.265499969284525,0.0,1.265499969284525,14.71,20.948,92.75326076410157,0.854,True,True,0.0005500822003280689,1131,connected,2498,4675,3.7429943955164133,34.56942399555032,0.001498996554071451,0.11572774578476967,0.011828773113682078,0.983448393172399,0.9844339769932314,1.2977777777777777,0,classic,1.0,0.3,0.3,False,n/a,n/a,n/a,n/a,n/a,n/a,n/a,n/a,n/a,n/a,n/a,n/a,n/a,n/a,n/a,n/a,n/a,n/a,n/a
PM9_full_N500,S2,744720527,500,False,PD_classic,9.0,5.0,1.0,0.0,True,0.0,0.5,100,15,30,2.0,100000,0.0,0.0,1.0,0.0,0.0,0.0,0.0,1.0,0.0,1.0682905040776185,0.0,1.0682905040776185,15.0,195.1,13.36891495474811,1.0,True,True,0.0,1085,fragmented,2498,3724,2.981585268214572,38.926743881690875,0.0011940669876710339,0.10625622909002248,0.013073964737443088,0.8548783821873653,0.9338810543656281,5.257606490872211,931,classic,1.0,0.3,0.3,False,n/a,n/a,n/a,n/a,n/a,n/a,n/a,n/a,n/a,n/a,n/a,n/a,n/a,n/a,n/a,n/a,n/a,n/a,n/a
PM9_full_N500,S2,744720527,500,False,PD_classic,9.0,5.0,1.0,0.0,True,0.01,0.5,100,0,30,0.1,100000,0.0778,0.054200000000000005,0.6260000000000001,0.08359999999999998,0.06300000000000001,0.0508,0.04459999999999999,0.8871497269505708,0.030636984791712587,1.6917557118758995,1.7297708723465666,1.710160018071255,21.06,21.06,93.6161134214549,0.0,False,True,-0.006274604298412799,10597,baseline,2498,4655,3.7269815852682147,37.43657979976443,0.0014925837345887924,0.08077171329913706,0.011936993938619469,0.9820563593259976,0.9820563593259976,1.3333333333333333,0,classic,1.0,0.3,0.3,False,n/a,n/a,n/a,n/a,n/a,n/a,n/a,n/a,n/a,n/a,n/a,n/a,n/a,n/a,n/a,n/a,n/a,n/a,n/a
PM9_full_N500,S2,744720527,500,False,PD_classic,9.0,5.0,1.0,0.0,True,0.0,0.5,100,15,30,2.0,100000,0.0,0.0,1.0,0.0,0.0,0.0,0.0,1.0,0.0,1.059812250486684,0.0,1.059812250486684,15.0,234.572,10.118505467149964,1.0,True,True,0.0,906,connected,2498,4675,3.7429943955164133,34.56942399555032,0.001498996554071451,0.11572774578476967,0.011828773113682078,0.8243775031733653,0.9282316326127306,5.566265060240964,0,classic,1.0,0.3,0.3,False,n/a,n/a,n/a,n/a,n/a,n/a,n/a,n/a,n/a,n/a,n/a,n/a,n/a,n/a,n/a,n/a,n/a,n/a,n/a
PM9_full_N500,S2,744720527,500,False,PD_classic,9.0,5.0,1.0,0.0,True,0.01,0.5,100,0,30,0.1,100000,0.0746,0.031200000000000006,0.6502000000000001,0.058800000000000005,0.09499999999999999,0.04459999999999999,0.04559999999999999,0.905248614406076,0.029357421474029973,1.8018199709546374,1.8826759294548085,1.8427418017657327,17.604,17.604,120.7288926335432,0.0,False,True,0.011860722642890571,10882,fragmented,2498,3724,2.981585268214572,38.926743881690875,0.0011940669876710339,0.10625622909002248,0.013073964737443088,0.983609096373833,0.983609096373833,1.3811659192825112,931,classic,1.0,0.3,0.3,False,n/a,n/a,n/a,n/a,n/a,n/a,n/a,n/a,n/a,n/a,n/a,n/a,n/a,n/a,n/a,n/a,n/a,n/a,n/a
PM9_full_N500,S2,744720527,500,False,PD_classic,9.0,5.0,1.0,0.0,True,0.01,0.5,100,0,30,2.0,100000,0.020199999999999996,0.011999999999999999,0.898,0.020999999999999998,0.027000000000000003,0.019799999999999995,0.0020000000000000005,0.9683733320651701,0.048704122456079316,1.246084825199498,1.2739884057301203,1.248913543352289,233.472,233.472,10.239639817080624,0.0,False,True,0.0008523490093978686,12659,baseline,2498,4655,3.7269815852682147,37.43657979976443,0.0014925837345887924,0.08077171329913706,0.011936993938619469,0.9176656269650304,0.9176656269650304,5.534412955465587,0,classic,1.0,0.3,0.3,False,n/a,n/a,n/a,n/a,n/a,n/a,n/a,n/a,n/a,n/a,n/a,n/a,n/a,n/a,n/a,n/a,n/a,n/a,n/a
PM9_full_N500,S2,744720527,500,False,PD_classic,9.0,5.0,1.0,0.0,True,0.01,0.5,100,0,30,0.1,100000,0.08539999999999999,0.0358,0.6120000000000001,0.0812,0.0548,0.08219999999999998,0.04859999999999999,0.8741193269609543,0.03016120644825793,1.7982160061679944,1.7909363347402008,1.8113507360846912,21.092,21.092,92.14003526504165,0.0,False,True,-0.00715287341149621,10679,connected,2498,4675,3.7429943955164133,34.56942399555032,0.001498996554071451,0.11572774578476967,0.011828773113682078,0.9844165452325,0.9844165452325,1.397489539748954,0,classic,1.0,0.3,0.3,False,n/a,n/a,n/a,n/a,n/a,n/a,n/a,n/a,n/a,n/a,n/a,n/a,n/a,n/a,n/a,n/a,n/a,n/a,n/a
PM9_full_N500,S2,744720527,500,False,PD_classic,9.0,5.0,1.0,0.0,True,0.01,0.5,100,0,30,2.0,100000,0.04739999999999999,0.007800000000000001,0.8692,0.0254,0.030800000000000004,0.0106,0.008799999999999999,0.9712687404826429,0.04035114738949638,1.2585781593401253,1.236040072225841,1.2566354026549444,191.58,191.58,13.56907660159329,0.0,False,True,-0.005129070116280832,14065,fragmented,2498,3724,2.981585268214572,38.926743881690875,0.0011940669876710339,0.10625622909002248,0.013073964737443088,0.9330795325149757,0.9330795325149757,5.110663983903421,931,classic,1.0,0.3,0.3,False,n/a,n/a,n/a,n/a,n/a,n/a,n/a,n/a,n/a,n/a,n/a,n/a,n/a,n/a,n/a,n/a,n/a,n/a,n/a
PM9_full_N500,S2,744720527,500,False,PD_classic,9.0,5.0,1.0,0.0,True,0.01,0.5,100,5,30,0.1,100000,0.06600000000000002,0.05800000000000001,0.6924,0.06000000000000001,0.04479999999999999,0.0356,0.043199999999999995,0.9291862955036538,0.02666666666666667,1.705882536764026,1.804471603672204,1.7315942855206639,5.0,21.288,92.81053930925022,0.998,False,True,0.003792130368523305,10298,baseline,2498,4655,3.7269815852682147,37.43657979976443,0.0014925837345887924,0.08077171329913706,0.011936993938619469,0.9771697420356028,0.9816385693496461,1.297071129707113,0,classic,1.0,0.3,0.3,False,n/a,n/a,n/a,n/a,n/a,n/a,n/a,n/a,n/a,n/a,n/a,n/a,n/a,n/a,n/a,n/a,n/a,n/a,n/a
PM9_full_N500,S2,744720527,500,False,PD_classic,9.0,5.0,1.0,0.0,True,0.01,0.5,100,0,30,2.0,100000,0.0106,0.0102,0.8994000000000002,0.021799999999999996,0.027000000000000003,0.0202,0.0108,0.9668742793410672,0.05404014410705095,1.240416372187162,1.2255610627009212,1.2395008604325175,236.816,236.816,10.132137858969847,0.0,False,True,-4.7587390350660036e-05,12399,connected,2498,4675,3.7429943955164133,34.56942399555032,0.001498996554071451,0.11572774578476967,0.011828773113682078,0.9193010755642714,0.9193010755642714,5.399193548387097,0,classic,1.0,0.3,0.3,False,n/a,n/a,n/a,n/a,n/a,n/a,n/a,n/a,n/a,n/a,n/a,n/a,n/a,n/a,n/a,n/a,n/a,n/a,n/a
PM9_full_N500,S2,744720527,500,False,PD_classic,9.0,5.0,1.0,0.0,True,0.01,0.5,100,5,30,0.1,100000,0.09299999999999999,0.0332,0.684,0.04599999999999999,0.054000000000000006,0.06140000000000001,0.0284,0.8385652799502206,0.020632216543630514,1.8951782102985304,1.9245318846689532,1.9172327817293606,5.0,18.064,123.56916436134837,0.996,False,False,0.02056363745455238,10982,fragmented,2498,3724,2.981585268214572,38.926743881690875,0.0011940669876710339,0.10625622909002248,0.013073964737443088,0.980132934139448,0.9870720244219051,1.373913043478261,931,classic,1.0,0.3,0.3,False,n/a,n/a,n/a,n/a,n/a,n/a,n/a,n/a,n/a,n/a,n/a,n/a,n/a,n/a,n/a,n/a,n/a,n/a,n/a
PM9_full_N500,S2,744720527,500,False,PD_classic,9.0,5.0,1.0,0.0,True,0.01,0.5,100,5,30,2.0,100000,0.0062,0.007800000000000001,0.9378,0.021399999999999995,0.0108,0.009,0.006999999999999999,0.9745928532275059,0.04761089227607467,1.2399972948296605,1.2603843153462582,1.2408981049708783,5.0,235.608,10.13240534384696,1.0,False,True,0.0014310201240782991,10267,baseline,2498,4655,3.7269815852682147,37.43657979976443,0.0014925837345887924,0.08077171329913706,0.011936993938619469,0.7738062790882344,0.9220275552039818,5.591182364729459,0,classic,1.0,0.3,0.3,False,n/a,n/a,n/a,n/a,n/a,n/a,n/a,n/a,n/a,n/a,n/a,n/a,n/a,n/a,n/a,n/a,n/a,n/a,n/a
PM9_full_N500,S2,744720527,500,False,PD_classic,9.0,5.0,1.0,0.0,True,0.01,0.5,100,5,30,2.0,100000,0.015400000000000002,0.007999999999999998,0.9284000000000001,0.014400000000000001,0.017000000000000005,0.009,0.007800000000000001,0.9769455184522899,0.03611495312740126,1.2317724784962707,1.2137433429592859,1.2322668823993435,5.0,194.14,13.407778579046099,1.0,False,True,-0.00146157704630965,10726,fragmented,2498,3724,2.981585268214572,38.926743881690875,0.0011940669876710339,0.10625622909002248,0.013073964737443088,0.8095609708237973,0.9369804739058106,5.373737373737374,931,classic,1.0,0.3,0.3,False,n/a,n/a,n/a,n/a,n/a,n/a,n/a,n/a,n/a,n/a,n/a,n/a,n/a,n/a,n/a,n/a,n/a,n/a,n/a
PM9_full_N500,S2,744720527,500,False,PD_classic,9.0,5.0,1.0,0.0,True,0.01,0.5,100,5,30,0.1,100000,0.06160000000000001,0.0392,0.6758000000000001,0.0744,0.0504,0.06120000000000001,0.037399999999999996,0.8713192040946203,0.015961857379767828,1.6674510246380174,1.8614278083224551,1.7097468172678785,5.0,20.948,93.49798539459887,1.0,False,True,-0.009601929607716966,10404,connected,2498,4675,3.7429943955164133,34.56942399555032,0.001498996554071451,0.11572774578476967,0.011828773113682078,0.9718986647415463,0.9783971490899129,1.3693693693693694,0,classic,1.0,0.3,0.3,False,n/a,n/a,n/a,n/a,n/a,n/a,n/a,n/a,n/a,n/a,n/a,n/a,n/a,n/a,n/a,n/a,n/a,n/a,n/a
PM9_full_N500,S2,744720527,500,False,PD_classic,9.0,5.0,1.0,0.0,True,0.01,0.5,100,15,30,0.1,100000,0.053200000000000004,0.037599999999999995,0.661,0.0808,0.06880000000000001,0.028000000000000004,0.07060000000000001,0.8639104873077852,0.012567324955116697,1.733463622390717,1.8415965571996855,1.7717262727517389,14.71,21.108,92.24172707841394,0.868,False,True,-0.00849462277848672,10450,baseline,2498,4655,3.7269815852682147,37.43657979976443,0.0014925837345887924,0.08077171329913706,0.011936993938619469,0.9827188236731125,0.9856890675231503,1.3177570093457944,0,classic,1.0,0.3,0.3,False,n/a,n/a,n/a,n/a,n/a,n/a,n/a,n/a,n/a,n/a,n/a,n/a,n/a,n/a,n/a,n/a,n/a,n/a,n/a
PM9_full_N500,S2,744720527,500,False,PD_classic,9.0,5.0,1.0,0.0,True,0.01,0.5,100,5,30,2.0,100000,0.011399999999999999,0.008600000000000002,0.9310000000000003,0.0168,0.016999999999999998,0.012,0.0032,0.9744870304281701,0.04201825383158257,1.2451716554870473,1.3185498378156233,1.2450191978780354,5.0,233.828,10.186153712392333,1.0,False,True,0.0028703442813807875,10270,connected,2498,4675,3.7429943955164133,34.56942399555032,0.001498996554071451,0.11572774578476967,0.011828773113682078,0.7641211932806692,0.9231841444200142,5.675350701402806,0,classic,1.0,0.3,0.3,False,n/a,n/a,n/a,n/a,n/a,n/a,n/a,n/a,n/a,n/a,n/a,n/a,n/a,n/a,n/a,n/a,n/a,n/a,n/a
PM9_full_N500,S2,744720527,500,False,PD_classic,9.0,5.0,1.0,0.0,True,0.01,0.5,100,15,30,0.1,100000,0.11780000000000002,0.0374,0.572,0.06620000000000001,0.0736,0.06200000000000001,0.071,0.8297018033776278,0.029333333333333333,1.77565973008258,1.904212043871678,1.8520660997934644,14.016,17.644,122.05061846380833,0.674,False,True,-0.0007461821847280065,11012,fragmented,2498,3724,2.981585268214572,38.926743881690875,0.0011940669876710339,0.10625622909002248,0.013073964737443088,0.990452900754149,0.9906074684744193,1.295774647887324,931,classic,1.0,0.3,0.3,False,n/a,n/a,n/a,n/a,n/a,n/a,n/a,n/a,n/a,n/a,n/a,n/a,n/a,n/a,n/a,n/a,n/a,n/a,n/a
PM9_full_N500,S2,744720527,500,False,PD_classic,9.0,5.0,1.0,0.0,True,0.01,0.5,100,15,30,2.0,100000,0.0158,0.015600000000000003,0.9064000000000002,0.017599999999999998,0.016600000000000004,0.013599999999999998,0.014400000000000001,0.9629969939420331,0.060534448282130525,1.2496899184253016,1.2353775957227975,1.2500038107831635,15.0,233.024,10.120963289333089,1.0,False,True,0.0008009888039548496,11062,baseline,2498,4655,3.7269815852682147,37.43657979976443,0.0014925837345887924,0.08077171329913706,0.011936993938619469,0.8111557582371736,0.9221248174609126,5.478957915831663,0,classic,1.0,0.3,0.3,False,n/a,n/a,n/a,n/a,n/a,n/a,n/a,n/a,n/a,n/a,n/a,n/a,n/a,n/a,n/a,n/a,n/a,n/a,n/a
PM9_full_N500,S2,744720527,500,False,PD_classic,9.0,5.0,1.0,0.0,True,0.01,0.5,100,15,30,0.1,100000,0.08359999999999998,0.04359999999999999,0.6506000000000001,0.05840000000000001,0.0782,0.052000000000000005,0.0336,0.9375614666395087,0.01959531416400426,1.7243913336294718,1.84194014992953,1.7708152771591879,14.664,20.948,92.8784466348772,0.84,False,True,0.007477604310421636,10467,connected,2498,4675,3.7429943955164133,34.56942399555032,0.001498996554071451,0.11572774578476967,0.011828773113682078,0.9861683881551518,0.9871639687250727,1.3073170731707318,0,classic,1.0,0.3,0.3,False,n/a,n/a,n/a,n/a,n/a,n/a,n/a,n/a,n/a,n/a,n/a,n/a,n/a,n/a,n/a,n/a,n/a,n/a,n/a
PM9_full_N500,S2,744720527,500,False,PD_classic,9.0,5.0,1.0,0.0,True,0.01,0.5,100,15,30,2.0,100000,0.021599999999999998,0.008199999999999999,0.9114000000000001,0.016000000000000004,0.011800000000000001,0.0208,0.010199999999999997,0.972869787234953,0.038692770155696006,1.2420315891116178,1.2440097691837442,1.2425171372458244,15.0,190.728,13.63547649176122,1.0,False,True,0.0035865071460296828,11739,fragmented,2498,3724,2.981585268214572,38.926743881690875,0.0011940669876710339,0.10625622909002248,0.013073964737443088,0.8693846046798066,0.9410350955055542,5.17907444668008,931,classic,1.0,0.3,0.3,False,n/a,n/a,n/a,n/a,n/a,n/a,n/a,n/a,n/a,n/a,n/a,n/a,n/a,n/a,n/a,n/a,n/a,n/a,n/a
PM9_full_N500,S2,744720527,500,False,PD_classic,9.0,5.0,1.0,0.0,True,0.01,0.5,100,15,30,2.0,100000,0.017599999999999998,0.008000000000000002,0.9092,0.021599999999999998,0.024799999999999996,0.0128,0.006,0.968769985930838,0.056674389591873105,1.2365220836749093,1.2447332467892511,1.2364744756946024,15.0,231.54,10.251432827118494,1.0,False,True,-0.001039924159695174,10760,connected,2498,4675,3.7429943955164133,34.56942399555032,0.001498996554071451,0.11572774578476967,0.011828773113682078,0.813044710701313,0.9207948843891886,5.269076305220883,0,classic,1.0,0.3,0.3,False,n/a,n/a,n/a,n/a,n/a,n/a,n/a,n/a,n/a,n/a,n/a,n/a,n/a,n/a,n/a,n/a,n/a,n/a,n/a
PM9_full_N500,S2,744720527,500,False,weak_PD,1.6,1.0,0.0,0.0,True,0.0,0.5,100,0,30,0.1,100000,0.004999999999999999,0.0,0.9949999999999999,0.0,0.0,0.0,0.0,0.9999027237354084,0.00022675736961451248,0.12733195576251613,0.280548044141898,0.12825125229279247,21.392,21.392,93.34353333350407,0.0,False,True,0.01201256645025335,2452,baseline,2498,4655,3.7269815852682147,37.43657979976443,0.0014925837345887924,0.08077171329913706,0.011936993938619469,0.9848782127332955,0.9848782127332955,1.2822966507177034,0,classic,1.0,0.3,0.3,False,n/a,n/a,n/a,n/a,n/a,n/a,n/a,n/a,n/a,n/a,n/a,n/a,n/a,n/a,n/a,n/a,n/a,n/a,n/a
PM9_full_N500,S2,744720527,500,False,weak_PD,1.6,1.0,0.0,0.0,True,0.0,0.5,100,0,30,0.1,100000,0.0,0.0,0.994,0.004000000000000001,0.0,0.0020000000000000005,0.0,1.0,0.0,0.18224602634702836,0.0,0.18454470858110458,17.868,17.868,120.96736788402792,0.0,False,False,0.02211253645013628,3029,fragmented,2498,3724,2.981585268214572,38.926743881690875,0.0011940669876710339,0.10625622909002248,0.013073964737443088,0.9872235135751056,0.9872235135751056,1.47136563876652,931,classic,1.0,0.3,0.3,False,n/a,n/a,n/a,n/a,n/a,n/a,n/a,n/a,n/a,n/a,n/a,n/a,n/a,n/a,n/a,n/a,n/a,n/a,n/a
PM9_full_N500,S2,744720527,500,False,weak_PD,1.6,1.0,0.0,0.0,True,0.0,0.5,100,0,30,2.0,100000,0.0,0.0,1.0,0.0,0.0,0.0,0.0,1.0,0.0,0.02894772043216026,0.0,0.02894772043216026,231.9,231.9,10.250956913434775,0.0,True,True,0.0,1965,baseline,2498,4655,3.7269815852682147,37.43657979976443,0.0014925837345887924,0.08077171329913706,0.011936993938619469,0.9238787009172683,0.9238787009172683,5.507014028056112,0,classic,1.0,0.3,0.3,False,n/a,n/a,n/a,n/a,n/a,n/a,n/a,n/a,n/a,n/a,n/a,n/a,n/a,n/a,n/a,n/a,n/a,n/a,n/a
PM9_full_N500,S2,744720527,500,False,weak_PD,1.6,1.0,0.0,0.0,True,0.0,0.5,100,0,30,0.1,100000,0.006599999999999999,0.0,0.9873999999999998,0.005999999999999999,0.0,0.0,0.0,0.9998269813331417,0.00037544584193730055,0.13779354197805546,0.31908416485348334,0.1437260367657618,21.048,21.048,92.40220123980656,0.0,False,True,0.013144823779292918,2768,connected,2498,4675,3.7429943955164133,34.56942399555032,0.001498996554071451,0.11572774578476967,0.011828773113682078,0.9829871859485413,0.9829871859485413,1.4393305439330544,0,classic,1.0,0.3,0.3,False,n/a,n/a,n/a,n/a,n/a,n/a,n/a,n/a,n/a,n/a,n/a,n/a,n/a,n/a,n/a,n/a,n/a,n/a,n/a
PM9_full_N500,S2,744720527,500,False,weak_PD,1.6,1.0,0.0,0.0,True,0.0,0.5,100,0,30,2.0,100000,0.0,0.0,1.0,0.0,0.0,0.0,0.0,1.0,0.0,0.03434590139632308,0.0,0.03434590139632308,192.896,192.896,13.36259069484839,0.0,True,True,0.0,2468,fragmented,2498,3724,2.981585268214572,38.926743881690875,0.0011940669876710339,0.10625622909002248,0.013073964737443088,0.9381164307981924,0.9381164307981924,5.032388663967612,931,classic,1.0,0.3,0.3,False,n/a,n/a,n/a,n/a,n/a,n/a,n/a,n/a,n/a,n/a,n/a,n/a,n/a,n/a,n/a,n/a,n/a,n/a,n/a
PM9_full_N500,S2,744720527,500,False,weak_PD,1.6,1.0,0.0,0.0,True,0.0,0.5,100,5,30,0.1,100000,0.0020000000000000005,0.0,0.998,0.0,0.0,0.0,0.0,1.0,0.0,0.1337202318708668,0.2860493827160494,0.13402489017255717,5.0,21.044,91.73237035120988,1.0,False,True,0.010357779031115392,2535,baseline,2498,4655,3.7269815852682147,37.43657979976443,0.0014925837345887924,0.08077171329913706,0.011936993938619469,0.9837560559465526,0.9865495811240503,1.2660550458715596,0,classic,1.0,0.3,0.3,False,n/a,n/a,n/a,n/a,n/a,n/a,n/a,n/a,n/a,n/a,n/a,n/a,n/a,n/a,n/a,n/a,n/a,n/a,n/a
PM9_full_N500,S2,744720527,500,False,weak_PD,1.6,1.0,0.0,0.0,True,0.0,0.5,100,0,30,2.0,100000,0.0,0.0,1.0,0.0,0.0,0.0,0.0,1.0,0.0,0.026456729292877155,0.0,0.026456729292877155,234.476,234.476,10.127203572789522,0.0,True,True,0.0,1690,connected,2498,4675,3.7429943955164133,34.56942399555032,0.001498996554071451,0.11572774578476967,0.011828773113682078,0.9259030642951169,0.9259030642951169,5.666666666666667,0,classic,1.0,0.3,0.3,False,n/a,n/a,n/a,n/a,n/a,n/a,n/a,n/a,n/a,n/a,n/a,n/a,n/a,n/a,n/a,n/a,n/a,n/a,n/a
PM9_full_N500,S2,744720527,500,False,weak_PD,1.6,1.0,0.0,0.0,True,0.0,0.5,100,5,30,0.1,100000,0.0038000000000000004,0.0,0.9721999999999997,0.019999999999999997,0.004000000000000001,0.0,0.0,0.9942540659229033,0.00019896538002387584,0.2164895754743619,0.8918489065606362,0.23086274515929148,5.0,17.992,120.22255750573777,0.998,False,False,0.033322290089166214,3339,fragmented,2498,3724,2.981585268214572,38.926743881690875,0.0011940669876710339,0.10625622909002248,0.013073964737443088,0.9736598828784782,0.9848038762336337,1.3508771929824561,931,classic,1.0,0.3,0.3,False,n/a,n/a,n/a,n/a,n/a,n/a,n/a,n/a,n/a,n/a,n/a,n/a,n/a,n/a,n/a,n/a,n/a,n/a,n/a
PM9_full_N500,S2,744720527,500,False,weak_PD,1.6,1.0,0.0,0.0,True,0.0,0.5,100,5,30,2.0,100000,0.0,0.0,1.0,0.0,0.0,0.0,0.0,1.0,0.0,0.025876630558091904,0.0,0.025876630558091904,5.0,231.636,10.24159655930901,1.0,True,True,0.0,1748,baseline,2498,4655,3.7269815852682147,37.43657979976443,0.0014925837345887924,0.08077171329913706,0.011936993938619469,0.774912309113832,0.9215829127643301,5.727642276422764,0,classic,1.0,0.3,0.3,False,n/a,n/a,n/a,n/a,n/a,n/a,n/a,n/a,n/a,n/a,n/a,n/a,n/a,n/a,n/a,n/a,n/a,n/a,n/a
PM9_full_N500,S2,744720527,500,False,weak_PD,1.6,1.0,0.0,0.0,True,0.0,0.5,100,5,30,0.1,100000,0.008000000000000002,0.0,0.99,0.0,0.0020000000000000005,0.0,0.0,0.9997881355932204,0.0004791566842357451,0.1268617752662765,0.14555630907447697,0.1273555765919344,5.0,21.832,89.99959975997946,1.0,False,True,0.011721723686884494,2779,connected,2498,4675,3.7429943955164133,34.56942399555032,0.001498996554071451,0.11572774578476967,0.011828773113682078,0.9809383215396641,0.9838790070821294,1.2363636363636363,0,classic,1.0,0.3,0.3,False,n/a,n/a,n/a,n/a,n/a,n/a,n/a,n/a,n/a,n/a,n/a,n/a,n/a,n/a,n/a,n/a,n/a,n/a,n/a
PM9_full_N500,S2,744720527,500,False,weak_PD,1.6,1.0,0.0,0.0,True,0.0,0.5,100,5,30,2.0,100000,0.0,0.0,1.0,0.0,0.0,0.0,0.0,1.0,0.0,0.029994367139487752,0.0,0.029994367139487752,5.0,197.548,13.187268726518075,1.0,True,True,0.0,1959,fragmented,2498,3724,2.981585268214572,38.926743881690875,0.0011940669876710339,0.10625622909002248,0.013073964737443088,0.8230316700036809,0.9399453838790017,5.2439024390243905,931,classic,1.0,0.3,0.3,False,n/a,n/a,n/a,n/a,n/a,n/a,n/a,n/a,n/a,n/a,n/a,n/a,n/a,n/a,n/a,n/a,n/a,n/a,n/a
PM9_full_N500,S2,744720527,500,False,weak_PD,1.6,1.0,0.0,0.0,True,0.0,0.5,100,15,30,0.1,100000,0.004999999999999999,0.0,0.9949999999999999,0.0,0.0,0.0,0.0,0.9999027237354084,0.00022675736961451248,0.1274140461497207,0.280548044141898,0.12833285013767382,14.764,21.392,93.34353333350407,0.864,False,True,0.012018403273601376,2448,baseline,2498,4655,3.7269815852682147,37.43657979976443,0.0014925837345887924,0.08077171329913706,0.011936993938619469,0.9842641345101129,0.9848782127332955,1.2822966507177034,0,classic,1.0,0.3,0.3,False,n/a,n/a,n/a,n/a,n/a,n/a,n/a,n/a,n/a,n/a,n/a,n/a,n/a,n/a,n/a,n/a,n/a,n/a,n/a
PM9_full_N500,S2,744720527,500,False,weak_PD,1.6,1.0,0.0,0.0,True,0.0,0.5,100,5,30,2.0,100000,0.0,0.0,1.0,0.0,0.0,0.0,0.0,1.0,0.0,0.02722982375061094,0.0,0.02722982375061094,5.0,234.76,10.092316126831697,1.0,True,True,0.0,1724,connected,2498,4675,3.7429943955164133,34.56942399555032,0.001498996554071451,0.11572774578476967,0.011828773113682078,0.7808807051460709,0.9217895486025129,5.284848484848485,0,classic,1.0,0.3,0.3,False,n/a,n/a,n/a,n/a,n/a,n/a,n/a,n/a,n/a,n/a,n/a,n/a,n/a,n/a,n/a,n/a,n/a,n/a,n/a
PM9_full_N500,S2,744720527,500,False,weak_PD,1.6,1.0,0.0,0.0,True,0.0,0.5,100,15,30,0.1,100000,0.0,0.0,0.994,0.004000000000000001,0.0,0.0020000000000000005,0.0,1.0,0.0,0.18224602634702836,0.0,0.18454470858110458,14.064,17.868,120.96736788402792,0.658,False,False,0.02211253645013628,3029,fragmented,2498,3724,2.981585268214572,38.926743881690875,0.0011940669876710339,0.10625622909002248,0.013073964737443088,0.9861751575139772,0.9872235135751056,1.47136563876652,931,classic,1.0,0.3,0.3,False,n/a,n/a,n/a,n/a,n/a,n/a,n/a,n/a,n/a,n/a,n/a,n/a,n/a,n/a,n/a,n/a,n/a,n/a,n/a
PM9_full_N500,S2,744720527,500,False,weak_PD,1.6,1.0,0.0,0.0,True,0.0,0.5,100,15,30,2.0,100000,0.0,0.0,1.0,0.0,0.0,0.0,0.0,1.0,0.0,0.027507498060198535,0.0,0.027507498060198535,15.0,233.296,10.13106344639745,1.0,True,True,0.0,1740,baseline,2498,4655,3.7269815852682147,37.43657979976443,0.0014925837345887924,0.08077171329913706,0.011936993938619469,0.830805393451026,0.9261187415841656,5.694164989939638,0,classic,1.0,0.3,0.3,False,n/a,n/a,n/a,n/a,n/a,n/a,n/a,n/a,n/a,n/a,n/a,n/a,n/a,n/a,n/a,n/a,n/a,n/a,n/a
PM9_full_N500,S2,744720527,500,False,weak_PD,1.6,1.0,0.0,0.0,True,0.0,0.5,100,15,30,0.1,100000,0.006599999999999999,0.0,0.9873999999999998,0.005999999999999999,0.0,0.0,0.0,0.9998269813331417,0.00037544584193730055,0.13777704798226137,0.31908416485348334,0.1437098066739004,14.63,21.048,92.40220123980656,0.87,False,True,0.013304837219349608,2764,connected,2498,4675,3.7429943955164133,34.56942399555032,0.001498996554071451,0.11572774578476967,0.011828773113682078,0.9819073743603443,0.9829871859485413,1.4393305439330544,0,classic,1.0,0.3,0.3,False,n/a,n/a,n/a,n/a,n/a,n/a,n/a,n/a,n/a,n/a,n/a,n/a,n/a,n/a,n/a,n/a,n/a,n/a,n/a
PM9_full_N500,S2,744720527,500,False,weak_PD,1.6,1.0,0.0,0.0,True,0.0,0.5,100,15,30,2.0,100000,0.0,0.0,1.0,0.0,0.0,0.0,0.0,1.0,0.0,0.03515768178034213,0.0,0.03515768178034213,15.0,194.688,13.355994025840573,1.0,True,True,0.0,2553,fragmented,2498,3724,2.981585268214572,38.926743881690875,0.0011940669876710339,0.10625622909002248,0.013073964737443088,0.8644764850094036,0.9318883088961666,5.279022403258656,931,classic,1.0,0.3,0.3,False,n/a,n/a,n/a,n/a,n/a,n/a,n/a,n/a,n/a,n/a,n/a,n/a,n/a,n/a,n/a,n/a,n/a,n/a,n/a
PM9_full_N500,S2,744720527,500,False,weak_PD,1.6,1.0,0.0,0.0,True,0.01,0.5,100,0,30,0.1,100000,0.0814,0.06440000000000001,0.5118,0.08339999999999999,0.07720000000000002,0.101,0.0808,0.7125224857091679,0.026225974492545358,0.35528746826136975,0.39460594570223356,0.38759581068126653,21.532,21.532,92.87191991833876,0.0,False,True,0.0028743858975435904,14118,baseline,2498,4655,3.7269815852682147,37.43657979976443,0.0014925837345887924,0.08077171329913706,0.011936993938619469,0.9774869118137913,0.9774869118137913,1.4570135746606334,0,classic,1.0,0.3,0.3,False,n/a,n/a,n/a,n/a,n/a,n/a,n/a,n/a,n/a,n/a,n/a,n/a,n/a,n/a,n/a,n/a,n/a,n/a,n/a
PM9_full_N500,S2,744720527,500,False,weak_PD,1.6,1.0,0.0,0.0,True,0.0,0.5,100,15,30,2.0,100000,0.0,0.0,1.0,0.0,0.0,0.0,0.0,1.0,0.0,0.026291196385891558,0.0,0.026291196385891558,15.0,230.856,10.306431971199919,1.0,True,True,0.0,1716,connected,2498,4675,3.7429943955164133,34.56942399555032,0.001498996554071451,0.11572774578476967,0.011828773113682078,0.8195986438227698,0.9258707233175064,5.302605210420841,0,classic,1.0,0.3,0.3,False,n/a,n/a,n/a,n/a,n/a,n/a,n/a,n/a,n/a,n/a,n/a,n/a,n/a,n/a,n/a,n/a,n/a,n/a,n/a
PM9_full_N500,S2,744720527,500,False,weak_PD,1.6,1.0,0.0,0.0,True,0.01,0.5,100,0,30,0.1,100000,0.11739999999999999,0.08539999999999998,0.39960000000000007,0.11339999999999999,0.08919999999999997,0.12240000000000002,0.07260000000000003,0.6625774800955231,0.043859649122807015,0.3891284173686633,0.4795061270843358,0.4398573287345204,17.74,17.74,119.39055727395368,0.0,False,True,-0.013427852111411193,13857,fragmented,2498,3724,2.981585268214572,38.926743881690875,0.0011940669876710339,0.10625622909002248,0.013073964737443088,0.987628136376711,0.987628136376711,1.327188940092166,931,classic,1.0,0.3,0.3,False,n/a,n/a,n/a,n/a,n/a,n/a,n/a,n/a,n/a,n/a,n/a,n/a,n/a,n/a,n/a,n/a,n/a,n/a,n/a
PM9_full_N500,S2,744720527,500,False,weak_PD,1.6,1.0,0.0,0.0,True,0.01,0.5,100,0,30,2.0,100000,0.03779999999999999,0.015999999999999997,0.7687999999999999,0.06999999999999999,0.059800000000000006,0.023999999999999997,0.023599999999999996,0.935352690415146,0.08437233134073442,0.11721301746884459,0.11724219797967138,0.11744326890557451,230.628,230.628,10.237441500854342,0.0,False,True,-0.004808745634980709,19256,baseline,2498,4655,3.7269815852682147,37.43657979976443,0.0014925837345887924,0.08077171329913706,0.011936993938619469,0.9170876004058255,0.9170876004058255,5.497991967871486,0,classic,1.0,0.3,0.3,False,n/a,n/a,n/a,n/a,n/a,n/a,n/a,n/a,n/a,n/a,n/a,n/a,n/a,n/a,n/a,n/a,n/a,n/a,n/a
PM9_full_N500,S2,744720527,500,False,weak_PD,1.6,1.0,0.0,0.0,True,0.01,0.5,100,0,30,0.1,100000,0.13340000000000002,0.0394,0.4709999999999999,0.0768,0.1136,0.11400000000000002,0.0518,0.7494552266366301,0.02271788517141677,0.31922099325389985,0.359006041710929,0.3363290366966672,21.476,21.476,92.56646161369218,0.0,False,True,-0.005322414889658826,14175,connected,2498,4675,3.7429943955164133,34.56942399555032,0.001498996554071451,0.11572774578476967,0.011828773113682078,0.9821506877144376,0.9821506877144376,1.4163090128755365,0,classic,1.0,0.3,0.3,False,n/a,n/a,n/a,n/a,n/a,n/a,n/a,n/a,n/a,n/a,n/a,n/a,n/a,n/a,n/a,n/a,n/a,n/a,n/a
PM9_full_N500,S2,744720527,500,False,weak_PD,1.6,1.0,0.0,0.0,True,0.01,0.5,100,0,30,2.0,100000,0.06520000000000001,0.0192,0.7575999999999999,0.06340000000000001,0.057800000000000004,0.017799999999999996,0.019000000000000006,0.935630791935768,0.07992173389524383,0.12526717088935668,0.12481435808363096,0.12573913893167213,191.392,191.392,13.520061748926146,0.0,False,True,-0.001443231372927689,21108,fragmented,2498,3724,2.981585268214572,38.926743881690875,0.0011940669876710339,0.10625622909002248,0.013073964737443088,0.9391705002814345,0.9391705002814345,5.192771084337349,931,classic,1.0,0.3,0.3,False,n/a,n/a,n/a,n/a,n/a,n/a,n/a,n/a,n/a,n/a,n/a,n/a,n/a,n/a,n/a,n/a,n/a,n/a,n/a
PM9_full_N500,S2,744720527,500,False,weak_PD,1.6,1.0,0.0,0.0,True,0.01,0.5,100,5,30,0.1,100000,0.08479999999999999,0.06220000000000001,0.5236,0.10699999999999998,0.08199999999999999,0.08339999999999999,0.05700000000000001,0.8084316280942383,0.06895740174158625,0.3507480324932817,0.4110263186868165,0.3785807433903741,5.0,21.396,92.4935487680819,1.0,False,True,-0.00620178800715093,13711,baseline,2498,4655,3.7269815852682147,37.43657979976443,0.0014925837345887924,0.08077171329913706,0.011936993938619469,0.9733009867042686,0.9813297557481302,1.2599118942731278,0,classic,1.0,0.3,0.3,False,n/a,n/a,n/a,n/a,n/a,n/a,n/a,n/a,n/a,n/a,n/a,n/a,n/a,n/a,n/a,n/a,n/a,n/a,n/a
PM9_full_N500,S2,744720527,500,False,weak_PD,1.6,1.0,0.0,0.0,True,0.01,0.5,100,0,30,2.0,100000,0.04459999999999999,0.013600000000000001,0.7550000000000001,0.0598,0.07459999999999999,0.0218,0.030600000000000006,0.9257103719029111,0.09026963657678781,0.10766328559467955,0.10607988950664275,0.10878773945240788,232.024,232.024,10.298684544989712,0.0,False,True,-0.007614270457076701,18462,connected,2498,4675,3.7429943955164133,34.56942399555032,0.001498996554071451,0.11572774578476967,0.011828773113682078,0.9273898762649576,0.9273898762649576,5.570281124497992,0,classic,1.0,0.3,0.3,False,n/a,n/a,n/a,n/a,n/a,n/a,n/a,n/a,n/a,n/a,n/a,n/a,n/a,n/a,n/a,n/a,n/a,n/a,n/a
PM9_full_N500,S2,744720527,500,False,weak_PD,1.6,1.0,0.0,0.0,True,0.01,0.5,100,5,30,0.1,100000,0.08219999999999998,0.06520000000000001,0.40520000000000006,0.11920000000000001,0.12239999999999998,0.11919999999999997,0.08659999999999998,0.5866323112669479,0.018993946983928197,0.4007231271804196,0.46545371263798724,0.43740443713988725,4.998,17.392,120.23442878775613,0.992,False,True,-0.011485130740520398,13779,fragmented,2498,3724,2.981585268214572,38.926743881690875,0.0011940669876710339,0.10625622909002248,0.013073964737443088,0.9751950171236815,0.9886869660032525,1.3333333333333333,931,classic,1.0,0.3,0.3,False,n/a,n/a,n/a,n/a,n/a,n/a,n/a,n/a,n/a,n/a,n/a,n/a,n/a,n/a,n/a,n/a,n/a,n/a,n/a
PM9_full_N500,S2,744720527,500,False,weak_PD,1.6,1.0,0.0,0.0,True,0.01,0.5,100,5,30,2.0,100000,0.0254,0.011600000000000001,0.8735999999999999,0.027399999999999997,0.014199999999999999,0.027199999999999995,0.0206,0.9458265771203662,0.07719298245614035,0.11227172391730225,0.10983861247611294,0.11274010076126613,5.0,233.148,10.163133178326305,1.0,False,True,0.0016075552302201885,15629,baseline,2498,4655,3.7269815852682147,37.43657979976443,0.0014925837345887924,0.08077171329913706,0.011936993938619469,0.7786183123765932,0.9291049359042041,5.45271629778672,0,classic,1.0,0.3,0.3,False,n/a,n/a,n/a,n/a,n/a,n/a,n/a,n/a,n/a,n/a,n/a,n/a,n/a,n/a,n/a,n/a,n/a,n/a,n/a
PM9_full_N500,S2,744720527,500,False,weak_PD,1.6,1.0,0.0,0.0,True,0.01,0.5,100,5,30,0.1,100000,0.11100000000000002,0.06040000000000001,0.4668,0.10880000000000001,0.06460000000000002,0.11760000000000001,0.07080000000000002,0.6804557728734698,0.028534088433892397,0.3685747329874889,0.3371062657169947,0.3870312159211284,5.0,21.32,92.98912442062685,1.0,False,True,-0.0010320809283220654,14378,connected,2498,4675,3.7429943955164133,34.56942399555032,0.001498996554071451,0.11572774578476967,0.011828773113682078,0.9772235161859447,0.983909166597429,1.3472803347280335,0,classic,1.0,0.3,0.3,False,n/a,n/a,n/a,n/a,n/a,n/a,n/a,n/a,n/a,n/a,n/a,n/a,n/a,n/a,n/a,n/a,n/a,n/a,n/a
PM9_full_N500,S2,744720527,500,False,weak_PD,1.6,1.0,0.0,0.0,True,0.01,0.5,100,5,30,2.0,100000,0.04939999999999999,0.013799999999999998,0.8215999999999999,0.039400000000000004,0.0332,0.021399999999999995,0.021199999999999997,0.9122364004980582,0.09431939978563773,0.10953064641817718,0.10500112327426576,0.10911136599060314,5.0,191.484,13.578765125818235,1.0,False,True,-0.006266655466621134,16546,fragmented,2498,3724,2.981585268214572,38.926743881690875,0.0011940669876710339,0.10625622909002248,0.013073964737443088,0.8254449701795183,0.9298185676800209,5.290322580645161,931,classic,1.0,0.3,0.3,False,n/a,n/a,n/a,n/a,n/a,n/a,n/a,n/a,n/a,n/a,n/a,n/a,n/a,n/a,n/a,n/a,n/a,n/a,n/a
PM9_full_N500,S2,744720527,500,False,weak_PD,1.6,1.0,0.0,0.0,True,0.01,0.5,100,15,30,0.1,100000,0.08679999999999997,0.03540000000000001,0.5218,0.1266,0.1022,0.0774,0.0498,0.7672906884748236,0.041744402985074626,0.35634885401498684,0.35403138404092915,0.38645992302731913,14.688,21.296,93.45350700321096,0.838,False,True,-0.003565857463427107,14148,baseline,2498,4655,3.7269815852682147,37.43657979976443,0.0014925837345887924,0.08077171329913706,0.011936993938619469,0.9767576671332601,0.9767576671332601,1.3203883495145632,0,classic,1.0,0.3,0.3,False,n/a,n/a,n/a,n/a,n/a,n/a,n/a,n/a,n/a,n/a,n/a,n/a,n/a,n/a,n/a,n/a,n/a,n/a,n/a
PM9_full_N500,S2,744720527,500,False,weak_PD,1.6,1.0,0.0,0.0,True,0.01,0.5,100,5,30,2.0,100000,0.03440000000000001,0.009600000000000001,0.8712,0.030200000000000005,0.007400000000000001,0.030800000000000004,0.016399999999999998,0.9520552927711095,0.07642757660167131,0.10519512280809637,0.11224347705346344,0.10561514847980058,5.0,234.492,10.122886483011746,1.0,False,True,-0.002031262525047903,15158,connected,2498,4675,3.7429943955164133,34.56942399555032,0.001498996554071451,0.11572774578476967,0.011828773113682078,0.7727004816356945,0.9214389443769758,5.604838709677419,0,classic,1.0,0.3,0.3,False,n/a,n/a,n/a,n/a,n/a,n/a,n/a,n/a,n/a,n/a,n/a,n/a,n/a,n/a,n/a,n/a,n/a,n/a,n/a
PM9_full_N500,S2,744720527,500,False,weak_PD,1.6,1.0,0.0,0.0,True,0.01,0.5,100,15,30,0.1,100000,0.10940000000000001,0.074,0.44400000000000006,0.1254,0.09319999999999998,0.08959999999999999,0.06440000000000001,0.6829508404925484,0.02564102564102564,0.41964205293779105,0.45074504392750314,0.4345081105858328,14.152,18.08,118.1585659663391,0.706,False,True,0.006049675398702144,13819,fragmented,2498,3724,2.981585268214572,38.926743881690875,0.0011940669876710339,0.10625622909002248,0.013073964737443088,0.9867123993844705,0.987273365097597,1.320754716981132,931,classic,1.0,0.3,0.3,False,n/a,n/a,n/a,n/a,n/a,n/a,n/a,n/a,n/a,n/a,n/a,n/a,n/a,n/a,n/a,n/a,n/a,n/a,n/a
PM9_full_N500,S2,744720527,500,False,weak_PD,1.6,1.0,0.0,0.0,True,0.01,0.5,100,15,30,2.0,100000,0.047799999999999995,0.012199999999999999,0.8560000000000001,0.014399999999999996,0.0196,0.0358,0.014199999999999999,0.9447241023322119,0.08538664187199752,0.11323948605654319,0.1076662278173156,0.1132655078480739,15.0,232.388,10.227883528417614,1.0,False,True,-0.004275012300047736,16576,baseline,2498,4655,3.7269815852682147,37.43657979976443,0.0014925837345887924,0.08077171329913706,0.011936993938619469,0.8177835984547183,0.9260153261356373,5.96,0,classic,1.0,0.3,0.3,False,n/a,n/a,n/a,n/a,n/a,n/a,n/a,n/a,n/a,n/a,n/a,n/a,n/a,n/a,n/a,n/a,n/a,n/a,n/a
PM9_full_N500,S2,744720527,500,False,weak_PD,1.6,1.0,0.0,0.0,True,0.01,0.5,100,15,30,2.0,100000,0.0194,0.01,0.8546000000000001,0.048799999999999996,0.015200000000000002,0.0418,0.0102,0.9452946356382361,0.063385889472846,0.11691034650103146,0.14228699016945773,0.11711665235471179,15.0,198.54,13.10612682033179,1.0,False,True,0.004147226188904023,18135,fragmented,2498,3724,2.981585268214572,38.926743881690875,0.0011940669876710339,0.10625622909002248,0.013073964737443088,0.8582095297519748,0.9297686396473838,4.9574036511156185,931,classic,1.0,0.3,0.3,False,n/a,n/a,n/a,n/a,n/a,n/a,n/a,n/a,n/a,n/a,n/a,n/a,n/a,n/a,n/a,n/a,n/a,n/a,n/a
PM9_full_N500,S2,744720527,500,False,weak_PD,1.6,1.0,0.0,0.0,True,0.01,0.5,100,15,30,0.1,100000,0.1116,0.057800000000000004,0.4522000000000001,0.12520000000000003,0.08739999999999998,0.11220000000000001,0.0536,0.6482217303484241,0.056579783852511126,0.30794750725108544,0.36781725987312175,0.33609655166638924,14.62,21.272,92.92545225385805,0.842,False,True,-0.0066317257268988785,13984,connected,2498,4675,3.7429943955164133,34.56942399555032,0.001498996554071451,0.11572774578476967,0.011828773113682078,0.9825382973738473,0.9843347363993394,1.3674418604651162,0,classic,1.0,0.3,0.3,False,n/a,n/a,n/a,n/a,n/a,n/a,n/a,n/a,n/a,n/a,n/a,n/a,n/a,n/a,n/a,n/a,n/a,n/a,n/a
PM9_full_N500,S2,744720527,500,False,snowdrift,4.0,3.0,0.0,2.0,True,0.0,0.5,100,0,30,0.1,100000,0.0020000000000000005,0.0,0.9937999999999999,0.0,0.004200000000000001,0.0,0.0,1.0,0.0,0.45371422934922995,0.8758333333333334,0.452688542556428,20.54,20.54,93.85961362775154,0.0,False,True,0.013539020556060252,2772,baseline,2498,4655,3.7269815852682147,37.43657979976443,0.0014925837345887924,0.08077171329913706,0.011936993938619469,0.9826783246706143,0.9826783246706143,1.2734375,0,classic,1.0,0.3,0.3,False,n/a,n/a,n/a,n/a,n/a,n/a,n/a,n/a,n/a,n/a,n/a,n/a,n/a,n/a,n/a,n/a,n/a,n/a,n/a
PM9_full_N500,S2,744720527,500,False,weak_PD,1.6,1.0,0.0,0.0,True,0.01,0.5,100,15,30,2.0,100000,0.0232,0.0122,0.8699999999999999,0.024799999999999996,0.016800000000000002,0.031,0.021999999999999995,0.9571167222589494,0.06833525440474231,0.10407403075137575,0.09571295738707866,0.10370939299356649,15.0,232.62,10.227344843151544,1.0,False,True,-0.005369243876971113,15989,connected,2498,4675,3.7429943955164133,34.56942399555032,0.001498996554071451,0.11572774578476967,0.011828773113682078,0.8247633697193282,0.9250060007931841,5.596774193548387,0,classic,1.0,0.3,0.3,False,n/a,n/a,n/a,n/a,n/a,n/a,n/a,n/a,n/a,n/a,n/a,n/a,n/a,n/a,n/a,n/a,n/a,n/a,n/a
PM9_full_N500,S2,744720527,500,False,snowdrift,4.0,3.0,0.0,2.0,True,0.0,0.5,100,0,30,0.1,100000,0.0020000000000000005,0.017999999999999995,0.9601999999999998,0.005800000000000001,0.014000000000000002,0.0,0.0,0.9302170082885685,0.0008685079034219212,0.6313931989028223,1.286152273888605,0.7153292114914458,17.848,17.848,126.66121992072723,0.0,False,False,0.022866715466861136,3000,fragmented,2498,3724,2.981585268214572,38.926743881690875,0.0011940669876710339,0.10625622909002248,0.013073964737443088,0.993155675200276,0.993155675200276,1.4396551724137931,931,classic,1.0,0.3,0.3,False,n/a,n/a,n/a,n/a,n/a,n/a,n/a,n/a,n/a,n/a,n/a,n/a,n/a,n/a,n/a,n/a,n/a,n/a,n/a
PM9_full_N500,S2,744720527,500,False,snowdrift,4.0,3.0,0.0,2.0,True,0.0,0.5,100,0,30,2.0,100000,0.0,0.0,1.0,0.0,0.0,0.0,0.0,1.0,0.0,0.14750411531595323,0.0,0.14750411531595323,234.096,234.096,10.198478818925407,0.0,True,True,0.0,3054,baseline,2498,4655,3.7269815852682147,37.43657979976443,0.0014925837345887924,0.08077171329913706,0.011936993938619469,0.9193247020873547,0.9193247020873547,5.674044265593562,0,classic,1.0,0.3,0.3,False,n/a,n/a,n/a,n/a,n/a,n/a,n/a,n/a,n/a,n/a,n/a,n/a,n/a,n/a,n/a,n/a,n/a,n/a,n/a
PM9_full_N500,S2,744720527,500,False,snowdrift,4.0,3.0,0.0,2.0,True,0.0,0.5,100,0,30,0.1,100000,0.0,0.0,0.9655999999999999,0.012399999999999998,0.0020000000000000005,0.019999999999999997,0.0,0.9948294060960213,0.0018083182640144665,0.44067924454508295,0.0,0.46184268468392925,21.136,21.136,92.3485565977757,0.0,False,True,0.012288989955951766,2641,connected,2498,4675,3.7429943955164133,34.56942399555032,0.001498996554071451,0.11572774578476967,0.011828773113682078,0.9853524228448592,0.9853524228448592,1.347457627118644,0,classic,1.0,0.3,0.3,False,n/a,n/a,n/a,n/a,n/a,n/a,n/a,n/a,n/a,n/a,n/a,n/a,n/a,n/a,n/a,n/a,n/a,n/a,n/a
PM9_full_N500,S2,744720527,500,False,snowdrift,4.0,3.0,0.0,2.0,True,0.0,0.5,100,0,30,2.0,100000,0.0,0.0,1.0,0.0,0.0,0.0,0.0,1.0,0.0,0.21113177812568845,0.0,0.21113177812568845,188.396,188.396,13.771448515238747,0.0,True,True,0.010278137112545521,6521,fragmented,2498,3724,2.981585268214572,38.926743881690875,0.0011940669876710339,0.10625622909002248,0.013073964737443088,0.9400414974416312,0.9400414974416312,5.122736418511066,931,classic,1.0,0.3,0.3,False,n/a,n/a,n/a,n/a,n/a,n/a,n/a,n/a,n/a,n/a,n/a,n/a,n/a,n/a,n/a,n/a,n/a,n/a,n/a
PM9_full_N500,S2,744720527,500,False,snowdrift,4.0,3.0,0.0,2.0,True,0.0,0.5,100,5,30,0.1,100000,0.0,0.0,1.0,0.0,0.0,0.0,0.0,1.0,0.0,0.5021911964759406,0.0,0.5021911964759406,5.0,20.62,93.6731495108707,1.0,True,False,0.026281794727177447,2755,baseline,2498,4655,3.7269815852682147,37.43657979976443,0.0014925837345887924,0.08077171329913706,0.011936993938619469,0.9740253112729891,0.9856734924906762,1.38135593220339,0,classic,1.0,0.3,0.3,False,n/a,n/a,n/a,n/a,n/a,n/a,n/a,n/a,n/a,n/a,n/a,n/a,n/a,n/a,n/a,n/a,n/a,n/a,n/a
PM9_full_N500,S2,744720527,500,False,snowdrift,4.0,3.0,0.0,2.0,True,0.0,0.5,100,0,30,2.0,100000,0.0,0.0,1.0,0.0,0.0,0.0,0.0,1.0,0.0,0.19406899751934387,0.0,0.19406899751934387,230.44,230.44,10.31316911433064,0.0,True,True,0.0,4303,connected,2498,4675,3.7429943955164133,34.56942399555032,0.001498996554071451,0.11572774578476967,0.011828773113682078,0.923811465781893,0.923811465781893,5.871227364185111,0,classic,1.0,0.3,0.3,False,n/a,n/a,n/a,n/a,n/a,n/a,n/a,n/a,n/a,n/a,n/a,n/a,n/a,n/a,n/a,n/a,n/a,n/a,n/a
PM9_full_N500,S2,744720527,500,False,snowdrift,4.0,3.0,0.0,2.0,True,0.0,0.5,100,5,30,0.1,100000,0.03400000000000001,0.0,0.9466000000000001,0.0134,0.005999999999999999,0.0,0.0,0.9902384432143896,0.005272764145203813,0.701327247089974,2.383572223224918,0.7938676182009884,4.994,18.144,124.62927563150454,0.996,False,False,0.03627267949072089,3252,fragmented,2498,3724,2.981585268214572,38.926743881690875,0.0011940669876710339,0.10625622909002248,0.013073964737443088,0.9842256154917546,0.9880163377952386,1.3513513513513513,931,classic,1.0,0.3,0.3,False,n/a,n/a,n/a,n/a,n/a,n/a,n/a,n/a,n/a,n/a,n/a,n/a,n/a,n/a,n/a,n/a,n/a,n/a,n/a
PM9_full_N500,S2,744720527,500,False,snowdrift,4.0,3.0,0.0,2.0,True,0.0,0.5,100,5,30,2.0,100000,0.0,0.0,1.0,0.0,0.0,0.0,0.0,1.0,0.0,0.20546307256343968,0.0,0.20546307256343968,5.0,231.816,10.236084924709235,1.0,True,True,0.0,4305,baseline,2498,4655,3.7269815852682147,37.43657979976443,0.0014925837345887924,0.08077171329913706,0.011936993938619469,0.7880713929090168,0.932711072602279,5.476861167002012,0,classic,1.0,0.3,0.3,False,n/a,n/a,n/a,n/a,n/a,n/a,n/a,n/a,n/a,n/a,n/a,n/a,n/a,n/a,n/a,n/a,n/a,n/a,n/a
PM9_full_N500,S2,744720527,500,False,snowdrift,4.0,3.0,0.0,2.0,True,0.0,0.5,100,5,30,0.1,100000,0.0,0.0,0.9920000000000002,0.0,0.0,0.008000000000000002,0.0,1.0,0.0,0.38490547928601554,0.0,0.39866838211966416,5.0,20.908,94.6572443310034,1.0,False,True,0.0145518246072955,2537,connected,2498,4675,3.7429943955164133,34.56942399555032,0.001498996554071451,0.11572774578476967,0.011828773113682078,0.9820957789069026,0.9902486148489364,1.322314049586777,0,classic,1.0,0.3,0.3,False,n/a,n/a,n/a,n/a,n/a,n/a,n/a,n/a,n/a,n/a,n/a,n/a,n/a,n/a,n/a,n/a,n/a,n/a,n/a
PM9_full_N500,S2,744720527,500,False,snowdrift,4.0,3.0,0.0,2.0,True,0.0,0.5,100,5,30,2.0,100000,0.0,0.0,1.0,0.0,0.0,0.0,0.0,1.0,0.0,0.17626141044066962,0.0,0.17626141044066962,5.0,195.772,13.245443261227038,1.0,True,True,0.0,4017,fragmented,2498,3724,2.981585268214572,38.926743881690875,0.0011940669876710339,0.10625622909002248,0.013073964737443088,0.8135907995998302,0.9268008565234943,5.119675456389452,931,classic,1.0,0.3,0.3,False,n/a,n/a,n/a,n/a,n/a,n/a,n/a,n/a,n/a,n/a,n/a,n/a,n/a,n/a,n/a,n/a,n/a,n/a,n/a
PM9_full_N500,S2,744720527,500,False,snowdrift,4.0,3.0,0.0,2.0,True,0.0,0.5,100,15,30,0.1,100000,0.0020000000000000005,0.0,0.9937999999999999,0.0,0.004200000000000001,0.0,0.0,1.0,0.0,0.45371422934922995,0.8758333333333334,0.452688542556428,14.75,20.54,93.85961362775154,0.854,False,True,0.013539020556060252,2772,baseline,2498,4655,3.7269815852682147,37.43657979976443,0.0014925837345887924,0.08077171329913706,0.011936993938619469,0.9822518474917699,0.9826783246706143,1.2734375,0,classic,1.0,0.3,0.3,False,n/a,n/a,n/a,n/a,n/a,n/a,n/a,n/a,n/a,n/a,n/a,n/a,n/a,n/a,n/a,n/a,n/a,n/a,n/a
PM9_full_N500,S2,744720527,500,False,snowdrift,4.0,3.0,0.0,2.0,True,0.0,0.5,100,5,30,2.0,100000,0.0,0.0,1.0,0.0,0.0,0.0,0.0,1.0,0.0,0.1538160593276598,0.0,0.1538160593276598,5.0,231.168,10.317313009954836,1.0,True,True,0.0,2897,connected,2498,4675,3.7429943955164133,34.56942399555032,0.001498996554071451,0.11572774578476967,0.011828773113682078,0.7874565673085133,0.9335908304563183,5.550200803212851,0,classic,1.0,0.3,0.3,False,n/a,n/a,n/a,n/a,n/a,n/a,n/a,n/a,n/a,n/a,n/a,n/a,n/a,n/a,n/a,n/a,n/a,n/a,n/a
PM9_full_N500,S2,744720527,500,False,snowdrift,4.0,3.0,0.0,2.0,True,0.0,0.5,100,15,30,0.1,100000,0.0020000000000000005,0.017999999999999995,0.9601999999999998,0.005800000000000001,0.014000000000000002,0.0,0.0,0.9302170082885685,0.0008685079034219212,0.6313931989028223,1.286152273888605,0.7153292114914458,14.006,17.848,126.66121992072723,0.69,False,False,0.022866715466861136,3000,fragmented,2498,3724,2.981585268214572,38.926743881690875,0.0011940669876710339,0.10625622909002248,0.013073964737443088,0.9924343764119827,0.993155675200276,1.4396551724137931,931,classic,1.0,0.3,0.3,False,n/a,n/a,n/a,n/a,n/a,n/a,n/a,n/a,n/a,n/a,n/a,n/a,n/a,n/a,n/a,n/a,n/a,n/a,n/a
PM9_full_N500,S2,744720527,500,False,snowdrift,4.0,3.0,0.0,2.0,True,0.0,0.5,100,15,30,2.0,100000,0.0,0.0,1.0,0.0,0.0,0.0,0.0,1.0,0.0,0.1860000542124956,0.0,0.1860000542124956,15.0,231.704,10.263382809512313,1.0,True,True,0.0,3972,baseline,2498,4655,3.7269815852682147,37.43657979976443,0.0014925837345887924,0.08077171329913706,0.011936993938619469,0.8230298020481024,0.9191634147395298,5.509054325955734,0,classic,1.0,0.3,0.3,False,n/a,n/a,n/a,n/a,n/a,n/a,n/a,n/a,n/a,n/a,n/a,n/a,n/a,n/a,n/a,n/a,n/a,n/a,n/a
PM9_full_N500,S2,744720527,500,False,snowdrift,4.0,3.0,0.0,2.0,True,0.0,0.5,100,15,30,0.1,100000,0.0,0.0,1.0,0.0,0.0,0.0,0.0,1.0,0.0,0.4194046246516388,0.0,0.4194046246516388,14.64,21.2,93.90367647400952,0.852,True,True,0.017690701162786343,2625,connected,2498,4675,3.7429943955164133,34.56942399555032,0.001498996554071451,0.11572774578476967,0.011828773113682078,0.9816369134044114,0.9821444807724438,1.2952380952380953,0,classic,1.0,0.3,0.3,False,n/a,n/a,n/a,n/a,n/a,n/a,n/a,n/a,n/a,n/a,n/a,n/a,n/a,n/a,n/a,n/a,n/a,n/a,n/a
PM9_full_N500,S2,744720527,500,False,snowdrift,4.0,3.0,0.0,2.0,True,0.0,0.5,100,15,30,2.0,100000,0.0,0.0,1.0,0.0,0.0,0.0,0.0,1.0,0.0,0.14526288468474052,0.0,0.14526288468474052,15.0,190.8,13.685366164250807,1.0,True,True,0.0,3486,fragmented,2498,3724,2.981585268214572,38.926743881690875,0.0011940669876710339,0.10625622909002248,0.013073964737443088,0.8578058688178164,0.9332814042559533,5.059063136456212,931,classic,1.0,0.3,0.3,False,n/a,n/a,n/a,n/a,n/a,n/a,n/a,n/a,n/a,n/a,n/a,n/a,n/a,n/a,n/a,n/a,n/a,n/a,n/a
PM9_full_N500,S2,744720527,500,False,snowdrift,4.0,3.0,0.0,2.0,True,0.01,0.5,100,0,30,0.1,100000,0.10840000000000001,0.0506,0.4856,0.07139999999999999,0.1076,0.1048,0.07160000000000002,0.7194127312987583,0.020712349980642662,1.2014976892672746,1.3214948285278272,1.227040495184424,20.88,20.88,96.3286932976335,0.0,False,True,-0.0008592802371180188,14384,baseline,2498,4655,3.7269815852682147,37.43657979976443,0.0014925837345887924,0.08077171329913706,0.011936993938619469,0.9811390197284028,0.9811390197284028,1.3644859813084111,0,classic,1.0,0.3,0.3,False,n/a,n/a,n/a,n/a,n/a,n/a,n/a,n/a,n/a,n/a,n/a,n/a,n/a,n/a,n/a,n/a,n/a,n/a,n/a
PM9_full_N500,S2,744720527,500,False,snowdrift,4.0,3.0,0.0,2.0,True,0.0,0.5,100,15,30,2.0,100000,0.0,0.0,1.0,0.0,0.0,0.0,0.0,1.0,0.0,0.219718034574893,0.0,0.219718034574893,15.0,236.736,10.06964456829761,1.0,True,True,0.0010385705542814848,4571,connected,2498,4675,3.7429943955164133,34.56942399555032,0.001498996554071451,0.11572774578476967,0.011828773113682078,0.8094138084186615,0.9194080724753783,5.927710843373494,0,classic,1.0,0.3,0.3,False,n/a,n/a,n/a,n/a,n/a,n/a,n/a,n/a,n/a,n/a,n/a,n/a,n/a,n/a,n/a,n/a,n/a,n/a,n/a
PM9_full_N500,S2,744720527,500,False,snowdrift,4.0,3.0,0.0,2.0,True,0.01,0.5,100,0,30,0.1,100000,0.13480000000000003,0.07139999999999999,0.3766,0.1378,0.09799999999999999,0.1046,0.0768,0.588872730500515,0.0347051014602693,1.2391112635848804,1.1943682199539198,1.326360077810354,17.86,17.86,121.52288757816896,0.0,False,True,-0.010986879147520251,13872,fragmented,2498,3724,2.981585268214572,38.926743881690875,0.0011940669876710339,0.10625622909002248,0.013073964737443088,0.9892518073249944,0.9892518073249944,1.3162393162393162,931,classic,1.0,0.3,0.3,False,n/a,n/a,n/a,n/a,n/a,n/a,n/a,n/a,n/a,n/a,n/a,n/a,n/a,n/a,n/a,n/a,n/a,n/a,n/a
PM9_full_N500,S2,744720527,500,False,snowdrift,4.0,3.0,0.0,2.0,True,0.01,0.5,100,0,30,2.0,100000,0.12200000000000003,0.026799999999999997,0.5522000000000001,0.12119999999999997,0.08139999999999999,0.05740000000000001,0.03899999999999999,0.8183912276136189,0.16492191522224128,0.969250645959864,0.9547269616019827,0.9723559364417914,235.968,235.968,10.081085581046151,0.0,False,True,0.0084915027660096,28533,baseline,2498,4655,3.7269815852682147,37.43657979976443,0.0014925837345887924,0.08077171329913706,0.011936993938619469,0.922940483282506,0.922940483282506,5.561368209255533,0,classic,1.0,0.3,0.3,False,n/a,n/a,n/a,n/a,n/a,n/a,n/a,n/a,n/a,n/a,n/a,n/a,n/a,n/a,n/a,n/a,n/a,n/a,n/a
PM9_full_N500,S2,744720527,500,False,snowdrift,4.0,3.0,0.0,2.0,True,0.01,0.5,100,0,30,0.1,100000,0.13620000000000002,0.05800000000000001,0.45620000000000005,0.0986,0.08219999999999998,0.1028,0.06600000000000002,0.7107560137292601,0.04388325398468226,1.3236088277392286,1.3457119310787233,1.3167048299952158,21.032,21.032,92.93221102904323,0.0,False,False,0.02267333229333027,14123,connected,2498,4675,3.7429943955164133,34.56942399555032,0.001498996554071451,0.11572774578476967,0.011828773113682078,0.9805254768342578,0.9805254768342578,1.238532110091743,0,classic,1.0,0.3,0.3,False,n/a,n/a,n/a,n/a,n/a,n/a,n/a,n/a,n/a,n/a,n/a,n/a,n/a,n/a,n/a,n/a,n/a,n/a,n/a
PM9_full_N500,S2,744720527,500,False,snowdrift,4.0,3.0,0.0,2.0,True,0.01,0.5,100,0,30,2.0,100000,0.1028,0.04339999999999999,0.4760000000000001,0.09559999999999999,0.09299999999999999,0.0828,0.10639999999999998,0.7080941149913255,0.18816489361702127,1.0926497776370312,1.147194742835561,1.0896107061515736,188.428,188.428,13.747343617584438,0.0,False,True,0.015003621614483894,30488,fragmented,2498,3724,2.981585268214572,38.926743881690875,0.0011940669876710339,0.10625622909002248,0.013073964737443088,0.9359050342971403,0.9359050342971403,4.933601609657948,931,classic,1.0,0.3,0.3,False,n/a,n/a,n/a,n/a,n/a,n/a,n/a,n/a,n/a,n/a,n/a,n/a,n/a,n/a,n/a,n/a,n/a,n/a,n/a
PM9_full_N500,S2,744720527,500,False,snowdrift,4.0,3.0,0.0,2.0,True,0.01,0.5,100,5,30,0.1,100000,0.09159999999999999,0.04459999999999999,0.535,0.12120000000000002,0.06900000000000002,0.0696,0.06900000000000002,0.8090658343695566,0.035686119873817035,1.1396330850879868,1.16439812142704,1.1749733530775959,5.0,20.924,95.38065174285762,1.0,False,True,0.00796765747063208,13947,baseline,2498,4655,3.7269815852682147,37.43657979976443,0.0014925837345887924,0.08077171329913706,0.011936993938619469,0.9726047531194123,0.9795024876787185,1.3559322033898304,0,classic,1.0,0.3,0.3,False,n/a,n/a,n/a,n/a,n/a,n/a,n/a,n/a,n/a,n/a,n/a,n/a,n/a,n/a,n/a,n/a,n/a,n/a,n/a
PM9_full_N500,S2,744720527,500,False,snowdrift,4.0,3.0,0.0,2.0,True,0.01,0.5,100,0,30,2.0,100000,0.1068,0.035,0.5359999999999999,0.10740000000000001,0.07919999999999999,0.09599999999999999,0.039599999999999996,0.7827310874468758,0.14937689457729875,1.0556912375028649,1.0481107013666504,1.061711236442384,232.628,232.628,10.16414323762184,0.0,False,True,-0.008050611402444511,29398,connected,2498,4675,3.7429943955164133,34.56942399555032,0.001498996554071451,0.11572774578476967,0.011828773113682078,0.9245717612482178,0.9245717612482178,5.616935483870968,0,classic,1.0,0.3,0.3,False,n/a,n/a,n/a,n/a,n/a,n/a,n/a,n/a,n/a,n/a,n/a,n/a,n/a,n/a,n/a,n/a,n/a,n/a,n/a
PM9_full_N500,S2,744720527,500,False,snowdrift,4.0,3.0,0.0,2.0,True,0.01,0.5,100,5,30,0.1,100000,0.09379999999999998,0.057600000000000005,0.4756,0.1078,0.1116,0.09559999999999999,0.05800000000000001,0.607655422969908,0.03710868800562786,1.3514085333584624,1.547022791223761,1.4534433462265257,4.996,17.94,125.07157998683216,0.99,False,True,0.002807550430203003,14477,fragmented,2498,3724,2.981585268214572,38.926743881690875,0.0011940669876710339,0.10625622909002248,0.013073964737443088,0.9840890480611443,0.9872573279955267,1.43801652892562,931,classic,1.0,0.3,0.3,False,n/a,n/a,n/a,n/a,n/a,n/a,n/a,n/a,n/a,n/a,n/a,n/a,n/a,n/a,n/a,n/a,n/a,n/a,n/a
PM9_full_N500,S2,744720527,500,False,snowdrift,4.0,3.0,0.0,2.0,True,0.01,0.5,100,5,30,2.0,100000,0.06680000000000001,0.0418,0.7183999999999999,0.0784,0.0312,0.0382,0.0252,0.824536221202832,0.16196558453077878,0.7708727685662777,0.8027660600768719,0.7759761627539156,5.0,230.572,10.224356662498117,1.0,False,True,-0.006860072240289327,22999,baseline,2498,4655,3.7269815852682147,37.43657979976443,0.0014925837345887924,0.08077171329913706,0.011936993938619469,0.7682978188881371,0.9215569493386849,5.481927710843373,0,classic,1.0,0.3,0.3,False,n/a,n/a,n/a,n/a,n/a,n/a,n/a,n/a,n/a,n/a,n/a,n/a,n/a,n/a,n/a,n/a,n/a,n/a,n/a
PM9_full_N500,S2,744720527,500,False,snowdrift,4.0,3.0,0.0,2.0,True,0.01,0.5,100,5,30,0.1,100000,0.1304,0.036199999999999996,0.4311999999999999,0.1022,0.11120000000000001,0.11220000000000001,0.07659999999999999,0.5919836478180184,0.035608892386385996,1.1096938971722092,1.194501803906606,1.178388415874715,5.0,21.224,94.35934351040946,1.0,False,True,-0.0026570410281608167,13947,connected,2498,4675,3.7429943955164133,34.56942399555032,0.001498996554071451,0.11572774578476967,0.011828773113682078,0.9850753983719608,0.9884662350705398,1.2554112554112553,0,classic,1.0,0.3,0.3,False,n/a,n/a,n/a,n/a,n/a,n/a,n/a,n/a,n/a,n/a,n/a,n/a,n/a,n/a,n/a,n/a,n/a,n/a,n/a
PM9_full_N500,S2,744720527,500,False,snowdrift,4.0,3.0,0.0,2.0,True,0.01,0.5,100,5,30,2.0,100000,0.0838,0.03440000000000001,0.6548,0.06600000000000002,0.088,0.029000000000000005,0.04399999999999999,0.79265723791735,0.15997450605481198,0.9362294790470785,0.9887130011764175,0.9456824192199701,5.0,197.104,13.122260196527334,1.0,False,True,0.010695681182727661,26924,fragmented,2498,3724,2.981585268214572,38.926743881690875,0.0011940669876710339,0.10625622909002248,0.013073964737443088,0.8139310878658279,0.9360779152742926,5.279022403258656,931,classic,1.0,0.3,0.3,False,n/a,n/a,n/a,n/a,n/a,n/a,n/a,n/a,n/a,n/a,n/a,n/a,n/a,n/a,n/a,n/a,n/a,n/a,n/a
PM9_full_N500,S2,744720527,500,False,snowdrift,4.0,3.0,0.0,2.0,True,0.01,0.5,100,15,30,0.1,100000,0.15259999999999999,0.05720000000000001,0.369,0.09879999999999999,0.11339999999999999,0.133,0.07599999999999998,0.4986269871078335,0.02644116245831348,1.1817570656370473,1.2943855453903033,1.2548776871600307,14.678,20.812,96.1918516115242,0.834,False,True,-0.018236588146349472,14351,baseline,2498,4655,3.7269815852682147,37.43657979976443,0.0014925837345887924,0.08077171329913706,0.011936993938619469,0.9765929237874168,0.9782796729599847,1.2975609756097561,0,classic,1.0,0.3,0.3,False,n/a,n/a,n/a,n/a,n/a,n/a,n/a,n/a,n/a,n/a,n/a,n/a,n/a,n/a,n/a,n/a,n/a,n/a,n/a
PM9_full_N500,S2,744720527,500,False,snowdrift,4.0,3.0,0.0,2.0,True,0.01,0.5,100,5,30,2.0,100000,0.07359999999999998,0.023599999999999996,0.7121999999999999,0.06699999999999999,0.045399999999999996,0.047999999999999994,0.030200000000000005,0.8520099326087388,0.14278760343988317,0.8216937163280528,0.8610558196442707,0.8275083622668425,5.0,233.072,10.239694084320767,1.0,False,True,-0.00011275245100980404,23863,connected,2498,4675,3.7429943955164133,34.56942399555032,0.001498996554071451,0.11572774578476967,0.011828773113682078,0.7824550447170937,0.9305703635763758,5.658634538152611,0,classic,1.0,0.3,0.3,False,n/a,n/a,n/a,n/a,n/a,n/a,n/a,n/a,n/a,n/a,n/a,n/a,n/a,n/a,n/a,n/a,n/a,n/a,n/a
PM9_full_N500,S2,744720527,500,False,snowdrift,4.0,3.0,0.0,2.0,True,0.01,0.5,100,15,30,0.1,100000,0.13799999999999998,0.05820000000000001,0.39320000000000005,0.12700000000000003,0.10740000000000001,0.09639999999999999,0.0798,0.6293276102371631,0.03969128996692393,1.287650312165323,1.3783576418713646,1.4063831851972959,14.192,17.92,122.03299477456878,0.69,False,True,-0.0012391345565389586,14192,fragmented,2498,3724,2.981585268214572,38.926743881690875,0.0011940669876710339,0.10625622909002248,0.013073964737443088,0.9882470085808014,0.989546963957153,1.3636363636363635,931,classic,1.0,0.3,0.3,False,n/a,n/a,n/a,n/a,n/a,n/a,n/a,n/a,n/a,n/a,n/a,n/a,n/a,n/a,n/a,n/a,n/a,n/a,n/a
PM9_full_N500,S2,744720527,500,False,snowdrift,4.0,3.0,0.0,2.0,True,0.01,0.5,100,15,30,2.0,100000,0.030600000000000006,0.020999999999999998,0.7247999999999999,0.0722,0.055400000000000005,0.06680000000000001,0.029200000000000004,0.8562022313546672,0.13031358885017422,0.8626377985362936,0.8872880304644184,0.8666360312128623,15.0,236.212,9.982667136914374,1.0,False,True,0.0008055296221206857,25317,baseline,2498,4655,3.7269815852682147,37.43657979976443,0.0014925837345887924,0.08077171329913706,0.011936993938619469,0.8093773867110506,0.9218727750833307,5.504032258064516,0,classic,1.0,0.3,0.3,False,n/a,n/a,n/a,n/a,n/a,n/a,n/a,n/a,n/a,n/a,n/a,n/a,n/a,n/a,n/a,n/a,n/a,n/a,n/a
PM9_full_N500,S2,744720527,500,False,snowdrift,4.0,3.0,0.0,2.0,True,0.01,0.5,100,15,30,2.0,100000,0.10880000000000001,0.0332,0.4934,0.19159999999999996,0.05960000000000001,0.0648,0.04859999999999999,0.6671467776827981,0.15546285897641585,1.1186956282297047,1.1068052895718061,1.1205126801826282,15.0,193.432,13.528024067490406,1.0,False,True,-0.012224295297184119,29560,fragmented,2498,3724,2.981585268214572,38.926743881690875,0.0011940669876710339,0.10625622909002248,0.013073964737443088,0.8630660185395114,0.9378561953897183,5.154471544715447,931,classic,1.0,0.3,0.3,False,n/a,n/a,n/a,n/a,n/a,n/a,n/a,n/a,n/a,n/a,n/a,n/a,n/a,n/a,n/a,n/a,n/a,n/a,n/a
PM9_full_N500,S2,744720527,500,False,snowdrift,4.0,3.0,0.0,2.0,True,0.01,0.5,100,15,30,0.1,100000,0.1052,0.07020000000000001,0.43499999999999994,0.1266,0.1036,0.1058,0.0536,0.6487090798612088,0.043255295429208473,1.2554506976139739,1.1608463413972474,1.2837093174678589,14.712,21.004,92.76274250780826,0.846,False,False,0.024146294985183236,14242,connected,2498,4675,3.7429943955164133,34.56942399555032,0.001498996554071451,0.11572774578476967,0.011828773113682078,0.9859218048884371,0.9873418347838032,1.2376681614349776,0,classic,1.0,0.3,0.3,False,n/a,n/a,n/a,n/a,n/a,n/a,n/a,n/a,n/a,n/a,n/a,n/a,n/a,n/a,n/a,n/a,n/a,n/a,n/a
PM9_full_N500,S2,381425458,500,False,PD_classic,9.0,5.0,1.0,0.0,True,0.0,0.5,100,0,30,0.1,100000,0.0,0.0,1.0,0.0,0.0,0.0,0.0,1.0,0.0,1.2989148894425266,0.0,1.2989148894425266,20.556,20.556,92.01971542807217,0.0,True,True,0.0,1200,baseline,2498,4655,3.7269815852682147,37.43657979976443,0.0014925837345887924,0.08077171329913706,0.011936993938619469,0.9806343007363258,0.9806343007363258,1.2727272727272727,0,classic,1.0,0.3,0.3,False,n/a,n/a,n/a,n/a,n/a,n/a,n/a,n/a,n/a,n/a,n/a,n/a,n/a,n/a,n/a,n/a,n/a,n/a,n/a
PM9_full_N500,S2,744720527,500,False,snowdrift,4.0,3.0,0.0,2.0,True,0.01,0.5,100,15,30,2.0,100000,0.06020000000000001,0.03200000000000001,0.6834,0.06700000000000002,0.0778,0.04239999999999999,0.0372,0.8138769462938475,0.15794836956521738,0.962409718393232,0.962601094523174,0.963253421974959,15.0,233.712,10.154356492564839,1.0,False,True,0.002442489769966038,26847,connected,2498,4675,3.7429943955164133,34.56942399555032,0.001498996554071451,0.11572774578476967,0.011828773113682078,0.8163992887127679,0.9162999798478272,5.656565656565657,0,classic,1.0,0.3,0.3,False,n/a,n/a,n/a,n/a,n/a,n/a,n/a,n/a,n/a,n/a,n/a,n/a,n/a,n/a,n/a,n/a,n/a,n/a,n/a
PM9_full_N500,S2,381425458,500,False,PD_classic,9.0,5.0,1.0,0.0,True,0.0,0.5,100,0,30,0.1,100000,0.0,0.0,1.0,0.0,0.0,0.0,0.0,1.0,0.0,1.2688010995434,0.0,1.2688010995434,18.28,18.28,118.80426881801097,0.0,True,True,0.0,1114,fragmented,2498,3724,2.981585268214572,38.393379466038475,0.0011940669876710339,0.09412734935967365,0.013037719718097033,0.9890206546457758,0.9890206546457758,1.5450643776824033,931,classic,1.0,0.3,0.3,False,n/a,n/a,n/a,n/a,n/a,n/a,n/a,n/a,n/a,n/a,n/a,n/a,n/a,n/a,n/a,n/a,n/a,n/a,n/a
PM9_full_N500,S2,381425458,500,False,PD_classic,9.0,5.0,1.0,0.0,True,0.0,0.5,100,0,30,2.0,100000,0.0,0.0,1.0,0.0,0.0,0.0,0.0,1.0,0.0,1.058337426101944,0.0,1.058337426101944,230.756,230.756,10.301138954139752,0.0,True,True,0.0,930,baseline,2498,4655,3.7269815852682147,37.43657979976443,0.0014925837345887924,0.08077171329913706,0.011936993938619469,0.9209948430040745,0.9209948430040745,5.3861788617886175,0,classic,1.0,0.3,0.3,False,n/a,n/a,n/a,n/a,n/a,n/a,n/a,n/a,n/a,n/a,n/a,n/a,n/a,n/a,n/a,n/a,n/a,n/a,n/a
PM9_full_N500,S2,381425458,500,False,PD_classic,9.0,5.0,1.0,0.0,True,0.0,0.5,100,0,30,0.1,100000,0.0,0.0,1.0,0.0,0.0,0.0,0.0,1.0,0.0,1.286876126881046,0.0,1.286876126881046,20.7,20.7,94.01799886821917,0.0,True,True,0.001208817635270541,1211,connected,2498,4675,3.7429943955164133,34.56955895825154,0.001498996554071451,0.09776629271489577,0.011842829931772441,0.9814145261490443,0.9814145261490443,1.4066985645933014,0,classic,1.0,0.3,0.3,False,n/a,n/a,n/a,n/a,n/a,n/a,n/a,n/a,n/a,n/a,n/a,n/a,n/a,n/a,n/a,n/a,n/a,n/a,n/a
PM9_full_N500,S2,381425458,500,False,PD_classic,9.0,5.0,1.0,0.0,True,0.0,0.5,100,0,30,2.0,100000,0.0,0.0,1.0,0.0,0.0,0.0,0.0,1.0,0.0,1.0548750069949022,0.0,1.0548750069949022,189.9,189.9,13.72860845108746,0.0,True,True,0.0,1004,fragmented,2498,3724,2.981585268214572,38.393379466038475,0.0011940669876710339,0.09412734935967365,0.013037719718097033,0.9447070708256587,0.9447070708256587,4.94949494949495,931,classic,1.0,0.3,0.3,False,n/a,n/a,n/a,n/a,n/a,n/a,n/a,n/a,n/a,n/a,n/a,n/a,n/a,n/a,n/a,n/a,n/a,n/a,n/a
PM9_full_N500,S2,381425458,500,False,PD_classic,9.0,5.0,1.0,0.0,True,0.0,0.5,100,5,30,0.1,100000,0.0,0.0,1.0,0.0,0.0,0.0,0.0,1.0,0.0,1.2992056822990066,0.0,1.2992056822990066,5.0,20.556,92.01971542807217,1.0,True,True,0.0,1200,baseline,2498,4655,3.7269815852682147,37.43657979976443,0.0014925837345887924,0.08077171329913706,0.011936993938619469,0.974749861857916,0.9806343007363258,1.2727272727272727,0,classic,1.0,0.3,0.3,False,n/a,n/a,n/a,n/a,n/a,n/a,n/a,n/a,n/a,n/a,n/a,n/a,n/a,n/a,n/a,n/a,n/a,n/a,n/a
PM9_full_N500,S2,381425458,500,False,PD_classic,9.0,5.0,1.0,0.0,True,0.0,0.5,100,0,30,2.0,100000,0.0,0.0,1.0,0.0,0.0,0.0,0.0,1.0,0.0,1.0640463622859917,0.0,1.0640463622859917,231.708,231.708,10.307167368290477,0.0,True,True,0.0,961,connected,2498,4675,3.7429943955164133,34.56955895825154,0.001498996554071451,0.09776629271489577,0.011842829931772441,0.91648409891267,0.91648409891267,5.822937625754527,0,classic,1.0,0.3,0.3,False,n/a,n/a,n/a,n/a,n/a,n/a,n/a,n/a,n/a,n/a,n/a,n/a,n/a,n/a,n/a,n/a,n/a,n/a,n/a
PM9_full_N500,S2,381425458,500,False,PD_classic,9.0,5.0,1.0,0.0,True,0.0,0.5,100,5,30,0.1,100000,0.0,0.0,1.0,0.0,0.0,0.0,0.0,1.0,0.0,1.268348977902816,0.0,1.268348977902816,5.0,18.28,118.80426881801097,0.998,True,True,0.0,1104,fragmented,2498,3724,2.981585268214572,38.393379466038475,0.0011940669876710339,0.09412734935967365,0.013037719718097033,0.9842587534487011,0.9890206546457758,1.5450643776824033,931,classic,1.0,0.3,0.3,False,n/a,n/a,n/a,n/a,n/a,n/a,n/a,n/a,n/a,n/a,n/a,n/a,n/a,n/a,n/a,n/a,n/a,n/a,n/a
PM9_full_N500,S2,381425458,500,False,PD_classic,9.0,5.0,1.0,0.0,True,0.0,0.5,100,5,30,2.0,100000,0.0,0.0,1.0,0.0,0.0,0.0,0.0,1.0,0.0,1.0544589638324968,0.0,1.0544589638324968,5.0,229.652,10.353575404901497,1.0,True,True,0.0,819,baseline,2498,4655,3.7269815852682147,37.43657979976443,0.0014925837345887924,0.08077171329913706,0.011936993938619469,0.7758663726952612,0.9165352311973867,5.844,0,classic,1.0,0.3,0.3,False,n/a,n/a,n/a,n/a,n/a,n/a,n/a,n/a,n/a,n/a,n/a,n/a,n/a,n/a,n/a,n/a,n/a,n/a,n/a
PM9_full_N500,S2,381425458,500,False,PD_classic,9.0,5.0,1.0,0.0,True,0.0,0.5,100,5,30,0.1,100000,0.0,0.0,1.0,0.0,0.0,0.0,0.0,1.0,0.0,1.2868911392098048,0.0,1.2868911392098048,4.998,20.7,94.01799886821917,0.996,True,True,0.001208817635270541,1211,connected,2498,4675,3.7429943955164133,34.56955895825154,0.001498996554071451,0.09776629271489577,0.011842829931772441,0.9748330606681361,0.9814145261490443,1.4066985645933014,0,classic,1.0,0.3,0.3,False,n/a,n/a,n/a,n/a,n/a,n/a,n/a,n/a,n/a,n/a,n/a,n/a,n/a,n/a,n/a,n/a,n/a,n/a,n/a
PM9_full_N500,S2,1620985466,500,False,PD_classic,9.0,5.0,1.0,0.0,True,0.0,0.5,100,0,30,0.1,100000,0.0,0.0,1.0,0.0,0.0,0.0,0.0,1.0,0.0,1.355077742520699,0.0,1.355077742520699,17.916,17.916,118.95072293618799,0.0,True,True,0.001841133764535058,1319,fragmented,2498,3724,2.981585268214572,39.54702018714828,0.0011940669876710339,0.10892661645320093,0.013263972390855399,0.987627161686519,0.987627161686519,1.3417721518987342,931,classic,1.0,0.3,0.3,False,n/a,n/a,n/a,n/a,n/a,n/a,n/a,n/a,n/a,n/a,n/a,n/a,n/a,n/a,n/a,n/a,n/a,n/a,n/a
PM9_full_N500,S2,1620985466,500,False,PD_classic,9.0,5.0,1.0,0.0,True,0.0,0.5,100,0,30,0.1,100000,0.0,0.0,1.0,0.0,0.0,0.0,0.0,1.0,0.0,1.2433088138570776,0.0,1.2433088138570776,21.216,21.216,93.67863407333432,0.0,True,True,0.0,1077,baseline,2498,4655,3.7269815852682147,37.43657979976443,0.0014925837345887924,0.08077171329913706,0.011936993938619469,0.9838495156431415,0.9838495156431415,1.4205607476635513,0,classic,1.0,0.3,0.3,False,n/a,n/a,n/a,n/a,n/a,n/a,n/a,n/a,n/a,n/a,n/a,n/a,n/a,n/a,n/a,n/a,n/a,n/a,n/a
PM9_full_N500,S2,1620985466,500,False,PD_classic,9.0,5.0,1.0,0.0,True,0.0,0.5,100,0,30,2.0,100000,0.0,0.0,1.0,0.0,0.0,0.0,0.0,1.0,0.0,1.072351558562973,0.0,1.072351558562973,193.78,193.78,13.54703795382352,0.0,True,True,0.0,1087,fragmented,2498,3724,2.981585268214572,39.54702018714828,0.0011940669876710339,0.10892661645320093,0.013263972390855399,0.9379486721607512,0.9379486721607512,4.929577464788732,931,classic,1.0,0.3,0.3,False,n/a,n/a,n/a,n/a,n/a,n/a,n/a,n/a,n/a,n/a,n/a,n/a,n/a,n/a,n/a,n/a,n/a,n/a,n/a
PM9_full_N500,S2,1620985466,500,False,PD_classic,9.0,5.0,1.0,0.0,True,0.0,0.5,100,0,30,2.0,100000,0.0,0.0,1.0,0.0,0.0,0.0,0.0,1.0,0.0,1.0683987463374855,0.0,1.0683987463374855,231.168,231.168,10.236165301017248,0.0,True,True,0.0,966,baseline,2498,4655,3.7269815852682147,37.43657979976443,0.0014925837345887924,0.08077171329913706,0.011936993938619469,0.9309494097354984,0.9309494097354984,5.524193548387097,0,classic,1.0,0.3,0.3,False,n/a,n/a,n/a,n/a,n/a,n/a,n/a,n/a,n/a,n/a,n/a,n/a,n/a,n/a,n/a,n/a,n/a,n/a,n/a
PM9_full_N500,S2,1620985466,500,False,PD_classic,9.0,5.0,1.0,0.0,True,0.0,0.5,100,0,30,0.1,100000,0.0,0.0,1.0,0.0,0.0,0.0,0.0,1.0,0.0,1.2783358510196796,0.0,1.2783358510196796,21.684,21.684,91.28841330797539,0.0,True,True,0.0,1149,connected,2498,4675,3.7429943955164133,34.59230630807486,0.001498996554071451,0.09830539785535974,0.011798264561763933,0.9879220894200423,0.9879220894200423,1.3944954128440368,0,classic,1.0,0.3,0.3,False,n/a,n/a,n/a,n/a,n/a,n/a,n/a,n/a,n/a,n/a,n/a,n/a,n/a,n/a,n/a,n/a,n/a,n/a,n/a
PM9_full_N500,S2,1620985466,500,False,PD_classic,9.0,5.0,1.0,0.0,True,0.0,0.5,100,5,30,0.1,100000,0.0,0.0,1.0,0.0,0.0,0.0,0.0,1.0,0.0,1.2609673973708801,0.0,1.2609673973708801,5.0,21.004,93.89450568043407,1.0,True,True,0.0,1097,baseline,2498,4655,3.7269815852682147,37.43657979976443,0.0014925837345887924,0.08077171329913706,0.011936993938619469,0.9780033253818454,0.9813389524676916,1.3666666666666667,0,classic,1.0,0.3,0.3,False,n/a,n/a,n/a,n/a,n/a,n/a,n/a,n/a,n/a,n/a,n/a,n/a,n/a,n/a,n/a,n/a,n/a,n/a,n/a
PM9_full_N500,S2,1620985466,500,False,PD_classic,9.0,5.0,1.0,0.0,True,0.0,0.5,100,0,30,2.0,100000,0.0,0.0,1.0,0.0,0.0,0.0,0.0,1.0,0.0,1.0587782766597331,0.0,1.0587782766597331,231.7,231.7,10.319100656609962,0.0,True,True,0.0,904,connected,2498,4675,3.7429943955164133,34.59230630807486,0.001498996554071451,0.09830539785535974,0.011798264561763933,0.9284430670774357,0.9284430670774357,5.441295546558704,0,classic,1.0,0.3,0.3,False,n/a,n/a,n/a,n/a,n/a,n/a,n/a,n/a,n/a,n/a,n/a,n/a,n/a,n/a,n/a,n/a,n/a,n/a,n/a
PM9_full_N500,S2,1620985466,500,False,PD_classic,9.0,5.0,1.0,0.0,True,0.0,0.5,100,5,30,2.0,100000,0.0,0.0,1.0,0.0,0.0,0.0,0.0,1.0,0.0,1.0693207005202972,0.0,1.0693207005202972,5.0,234.008,10.255809884626272,1.0,True,True,0.0,988,baseline,2498,4655,3.7269815852682147,37.43657979976443,0.0014925837345887924,0.08077171329913706,0.011936993938619469,0.7746587278689174,0.9188671263659729,5.416498993963783,0,classic,1.0,0.3,0.3,False,n/a,n/a,n/a,n/a,n/a,n/a,n/a,n/a,n/a,n/a,n/a,n/a,n/a,n/a,n/a,n/a,n/a,n/a,n/a
PM9_full_N500,S2,1620985466,500,False,PD_classic,9.0,5.0,1.0,0.0,True,0.0,0.5,100,5,30,0.1,100000,0.0,0.0,1.0,0.0,0.0,0.0,0.0,1.0,0.0,1.3513307467300115,0.0,1.3513307467300115,5.0,17.916,118.95072293618799,1.0,True,True,0.001841133764535058,1297,fragmented,2498,3724,2.981585268214572,39.54702018714828,0.0011940669876710339,0.10892661645320093,0.013263972390855399,0.9823042938157777,0.987627161686519,1.3417721518987342,931,classic,1.0,0.3,0.3,False,n/a,n/a,n/a,n/a,n/a,n/a,n/a,n/a,n/a,n/a,n/a,n/a,n/a,n/a,n/a,n/a,n/a,n/a,n/a
PM9_full_N500,S2,1620985466,500,False,PD_classic,9.0,5.0,1.0,0.0,True,0.0,0.5,100,5,30,0.1,100000,0.0,0.0,1.0,0.0,0.0,0.0,0.0,1.0,0.0,1.2783358510196796,0.0,1.2783358510196796,5.0,21.684,91.28841330797539,1.0,True,True,0.0,1149,connected,2498,4675,3.7429943955164133,34.59230630807486,0.001498996554071451,0.09830539785535974,0.011798264561763933,0.9835921885486418,0.9879220894200423,1.3944954128440368,0,classic,1.0,0.3,0.3,False,n/a,n/a,n/a,n/a,n/a,n/a,n/a,n/a,n/a,n/a,n/a,n/a,n/a,n/a,n/a,n/a,n/a,n/a,n/a
PM9_full_N500,S2,1620985466,500,False,PD_classic,9.0,5.0,1.0,0.0,True,0.0,0.5,100,5,30,2.0,100000,0.0,0.0,1.0,0.0,0.0,0.0,0.0,1.0,0.0,1.0724884846850358,0.0,1.0724884846850358,5.0,189.6,13.605490096662678,1.0,True,True,0.0,980,fragmented,2498,3724,2.981585268214572,39.54702018714828,0.0011940669876710339,0.10892661645320093,0.013263972390855399,0.8106630148982713,0.928927821711191,5.1318458417849895,931,classic,1.0,0.3,0.3,False,n/a,n/a,n/a,n/a,n/a,n/a,n/a,n/a,n/a,n/a,n/a,n/a,n/a,n/a,n/a,n/a,n/a,n/a,n/a
PM9_full_N500,S2,1620985466,500,False,PD_classic,9.0,5.0,1.0,0.0,True,0.0,0.5,100,5,30,2.0,100000,0.0,0.0,1.0,0.0,0.0,0.0,0.0,1.0,0.0,1.0549709479754388,0.0,1.0549709479754388,5.0,231.516,10.362614892330585,1.0,True,True,0.0,860,connected,2498,4675,3.7429943955164133,34.59230630807486,0.001498996554071451,0.09830539785535974,0.011798264561763933,0.7771558179369873,0.9146816540064617,5.7991967871485945,0,classic,1.0,0.3,0.3,False,n/a,n/a,n/a,n/a,n/a,n/a,n/a,n/a,n/a,n/a,n/a,n/a,n/a,n/a,n/a,n/a,n/a,n/a,n/a
PM9_full_N500,S2,1620985466,500,False,PD_classic,9.0,5.0,1.0,0.0,True,0.0,0.5,100,15,30,0.1,100000,0.0,0.0,1.0,0.0,0.0,0.0,0.0,1.0,0.0,1.2433088138570776,0.0,1.2433088138570776,14.692,21.216,93.67863407333432,0.846,True,True,0.0,1077,baseline,2498,4655,3.7269815852682147,37.43657979976443,0.0014925837345887924,0.08077171329913706,0.011936993938619469,0.9833823262109912,0.9838495156431415,1.4205607476635513,0,classic,1.0,0.3,0.3,False,n/a,n/a,n/a,n/a,n/a,n/a,n/a,n/a,n/a,n/a,n/a,n/a,n/a,n/a,n/a,n/a,n/a,n/a,n/a
PM9_full_N500,S2,1620985466,500,False,PD_classic,9.0,5.0,1.0,0.0,True,0.0,0.5,100,15,30,0.1,100000,0.0,0.0,1.0,0.0,0.0,0.0,0.0,1.0,0.0,1.355077742520699,0.0,1.355077742520699,14.226,17.916,118.95072293618799,0.636,True,True,0.001841133764535058,1319,fragmented,2498,3724,2.981585268214572,39.54702018714828,0.0011940669876710339,0.10892661645320093,0.013263972390855399,0.9875507666259767,0.987627161686519,1.3417721518987342,931,classic,1.0,0.3,0.3,False,n/a,n/a,n/a,n/a,n/a,n/a,n/a,n/a,n/a,n/a,n/a,n/a,n/a,n/a,n/a,n/a,n/a,n/a,n/a
PM9_full_N500,S2,1620985466,500,False,PD_classic,9.0,5.0,1.0,0.0,True,0.0,0.5,100,15,30,2.0,100000,0.0,0.0,1.0,0.0,0.0,0.0,0.0,1.0,0.0,1.0684047043456015,0.0,1.0684047043456015,15.0,231.168,10.236165301017248,1.0,True,True,0.0,966,baseline,2498,4655,3.7269815852682147,37.43657979976443,0.0014925837345887924,0.08077171329913706,0.011936993938619469,0.8255518648147866,0.9309494097354984,5.524193548387097,0,classic,1.0,0.3,0.3,False,n/a,n/a,n/a,n/a,n/a,n/a,n/a,n/a,n/a,n/a,n/a,n/a,n/a,n/a,n/a,n/a,n/a,n/a,n/a
PM9_full_N500,S2,1620985466,500,False,PD_classic,9.0,5.0,1.0,0.0,True,0.0,0.5,100,15,30,2.0,100000,0.0,0.0,1.0,0.0,0.0,0.0,0.0,1.0,0.0,1.072330962375789,0.0,1.072330962375789,15.0,193.78,13.54703795382352,1.0,True,True,0.0,1085,fragmented,2498,3724,2.981585268214572,39.54702018714828,0.0011940669876710339,0.10892661645320093,0.013263972390855399,0.8671967137527377,0.9379486721607512,4.929577464788732,931,classic,1.0,0.3,0.3,False,n/a,n/a,n/a,n/a,n/a,n/a,n/a,n/a,n/a,n/a,n/a,n/a,n/a,n/a,n/a,n/a,n/a,n/a,n/a
PM9_full_N500,S2,1620985466,500,False,PD_classic,9.0,5.0,1.0,0.0,True,0.0,0.5,100,15,30,0.1,100000,0.0,0.0,1.0,0.0,0.0,0.0,0.0,1.0,0.0,1.2783358510196796,0.0,1.2783358510196796,14.772,21.684,91.28841330797539,0.874,True,True,0.0,1149,connected,2498,4675,3.7429943955164133,34.59230630807486,0.001498996554071451,0.09830539785535974,0.011798264561763933,0.986680118826945,0.9879220894200423,1.3944954128440368,0,classic,1.0,0.3,0.3,False,n/a,n/a,n/a,n/a,n/a,n/a,n/a,n/a,n/a,n/a,n/a,n/a,n/a,n/a,n/a,n/a,n/a,n/a,n/a
PM9_full_N500,S2,1620985466,500,False,PD_classic,9.0,5.0,1.0,0.0,True,0.01,0.5,100,0,30,0.1,100000,0.06580000000000001,0.024999999999999998,0.6664000000000001,0.07399999999999998,0.06200000000000001,0.05740000000000001,0.04939999999999999,0.8296386048969844,0.020724029380902412,1.7243908360025635,1.8016915194476997,1.7870637621191476,20.652,20.652,92.76949497476465,0.0,False,True,0.005736579746317886,10876,baseline,2498,4655,3.7269815852682147,37.43657979976443,0.0014925837345887924,0.08077171329913706,0.011936993938619469,0.9816607044731303,0.9816607044731303,1.2842105263157895,0,classic,1.0,0.3,0.3,False,n/a,n/a,n/a,n/a,n/a,n/a,n/a,n/a,n/a,n/a,n/a,n/a,n/a,n/a,n/a,n/a,n/a,n/a,n/a
PM9_full_N500,S2,1620985466,500,False,PD_classic,9.0,5.0,1.0,0.0,True,0.0,0.5,100,15,30,2.0,100000,0.0,0.0,1.0,0.0,0.0,0.0,0.0,1.0,0.0,1.0573137204138794,0.0,1.0573137204138794,15.0,231.976,10.283960656648697,1.0,True,True,0.0,868,connected,2498,4675,3.7429943955164133,34.59230630807486,0.001498996554071451,0.09830539785535974,0.011798264561763933,0.819737503967614,0.9205227932480263,5.564516129032258,0,classic,1.0,0.3,0.3,False,n/a,n/a,n/a,n/a,n/a,n/a,n/a,n/a,n/a,n/a,n/a,n/a,n/a,n/a,n/a,n/a,n/a,n/a,n/a
PM9_full_N500,S2,1620985466,500,False,PD_classic,9.0,5.0,1.0,0.0,True,0.01,0.5,100,0,30,0.1,100000,0.0764,0.03280000000000001,0.6232,0.07959999999999999,0.08239999999999999,0.054000000000000006,0.0516,0.8839081523326022,0.0170995670995671,1.8406342643189755,2.05582778560032,1.86359323468389,17.876,17.876,117.98987260239986,0.0,False,True,-0.008845907383634662,10998,fragmented,2498,3724,2.981585268214572,39.54702018714828,0.0011940669876710339,0.10892661645320093,0.013263972390855399,0.9916690387422654,0.9916690387422654,1.2703862660944205,931,classic,1.0,0.3,0.3,False,n/a,n/a,n/a,n/a,n/a,n/a,n/a,n/a,n/a,n/a,n/a,n/a,n/a,n/a,n/a,n/a,n/a,n/a,n/a
PM9_full_N500,S2,1620985466,500,False,PD_classic,9.0,5.0,1.0,0.0,True,0.01,0.5,100,0,30,2.0,100000,0.04539999999999999,0.006,0.8610000000000001,0.020399999999999995,0.040999999999999995,0.022399999999999996,0.0038000000000000004,0.9709197882400573,0.04440379178446699,1.2539776170429182,1.259325733653364,1.2550704824917607,231.924,231.924,10.269982707198325,0.0,False,True,-0.0072822339289364485,12727,baseline,2498,4655,3.7269815852682147,37.43657979976443,0.0014925837345887924,0.08077171329913706,0.011936993938619469,0.9250905911991395,0.9250905911991395,5.589537223340041,0,classic,1.0,0.3,0.3,False,n/a,n/a,n/a,n/a,n/a,n/a,n/a,n/a,n/a,n/a,n/a,n/a,n/a,n/a,n/a,n/a,n/a,n/a,n/a
PM9_full_N500,S2,1620985466,500,False,PD_classic,9.0,5.0,1.0,0.0,True,0.01,0.5,100,0,30,0.1,100000,0.07799999999999999,0.03700000000000001,0.5878,0.07999999999999999,0.12960000000000002,0.0534,0.03420000000000001,0.772675209535588,0.019636720667648502,1.6197328340430794,1.7890582358675657,1.6780905293949722,21.744,21.744,91.84688336368094,0.0,False,True,-0.017418828075312667,10628,connected,2498,4675,3.7429943955164133,34.59230630807486,0.001498996554071451,0.09830539785535974,0.011798264561763933,0.9836988308885535,0.9836988308885535,1.2897196261682242,0,classic,1.0,0.3,0.3,False,n/a,n/a,n/a,n/a,n/a,n/a,n/a,n/a,n/a,n/a,n/a,n/a,n/a,n/a,n/a,n/a,n/a,n/a,n/a
PM9_full_N500,S2,1620985466,500,False,PD_classic,9.0,5.0,1.0,0.0,True,0.01,0.5,100,0,30,2.0,100000,0.0538,0.009399999999999999,0.8310000000000001,0.0252,0.06160000000000001,0.012199999999999999,0.0068000000000000005,0.9681242410302205,0.042620232172470976,1.2483266191968365,1.2647335949064256,1.249246872277403,193.048,193.048,13.397741709367338,0.0,False,True,-0.007162329449315233,14154,fragmented,2498,3724,2.981585268214572,39.54702018714828,0.0011940669876710339,0.10892661645320093,0.013263972390855399,0.9330609103459692,0.9330609103459692,5.1214574898785425,931,classic,1.0,0.3,0.3,False,n/a,n/a,n/a,n/a,n/a,n/a,n/a,n/a,n/a,n/a,n/a,n/a,n/a,n/a,n/a,n/a,n/a,n/a,n/a
PM9_full_N500,S2,1620985466,500,False,PD_classic,9.0,5.0,1.0,0.0,True,0.01,0.5,100,5,30,0.1,100000,0.06860000000000002,0.045799999999999993,0.6759999999999999,0.06740000000000002,0.06800000000000002,0.0436,0.030600000000000006,0.8898134390905514,0.016682464454976304,1.695284587792174,1.8362283562143529,1.7490364401351728,5.0,20.652,92.21055568197683,1.0,False,True,0.0016214944859761129,10383,baseline,2498,4655,3.7269815852682147,37.43657979976443,0.0014925837345887924,0.08077171329913706,0.011936993938619469,0.9798080233263624,0.9868505633272072,1.3412698412698412,0,classic,1.0,0.3,0.3,False,n/a,n/a,n/a,n/a,n/a,n/a,n/a,n/a,n/a,n/a,n/a,n/a,n/a,n/a,n/a,n/a,n/a,n/a,n/a
PM9_full_N500,S2,1620985466,500,False,PD_classic,9.0,5.0,1.0,0.0,True,0.01,0.5,100,0,30,2.0,100000,0.009199999999999998,0.004600000000000001,0.9096000000000002,0.0358,0.024599999999999997,0.012399999999999998,0.0038,0.9784632057159781,0.0368610747051114,1.2403679148387328,1.223894380568784,1.2395884032000584,233.94,233.94,10.235846507862087,0.0,False,True,0.0006445081780338108,12570,connected,2498,4675,3.7429943955164133,34.59230630807486,0.001498996554071451,0.09830539785535974,0.011798264561763933,0.932026117452653,0.932026117452653,5.695390781563126,0,classic,1.0,0.3,0.3,False,n/a,n/a,n/a,n/a,n/a,n/a,n/a,n/a,n/a,n/a,n/a,n/a,n/a,n/a,n/a,n/a,n/a,n/a,n/a
PM9_full_N500,S2,1620985466,500,False,PD_classic,9.0,5.0,1.0,0.0,True,0.01,0.5,100,5,30,0.1,100000,0.09499999999999999,0.04479999999999999,0.595,0.05920000000000001,0.08339999999999999,0.05900000000000001,0.06360000000000002,0.8205794249672701,0.014529746711172197,1.8194541864198026,1.93413659782116,1.8606897513030087,5.0,18.276,119.4251422877373,0.996,False,True,-0.015517838071351554,10805,fragmented,2498,3724,2.981585268214572,39.54702018714828,0.0011940669876710339,0.10892661645320093,0.013263972390855399,0.9714210759515484,0.9818736916124101,1.3008849557522124,931,classic,1.0,0.3,0.3,False,n/a,n/a,n/a,n/a,n/a,n/a,n/a,n/a,n/a,n/a,n/a,n/a,n/a,n/a,n/a,n/a,n/a,n/a,n/a
PM9_full_N500,S2,1620985466,500,False,PD_classic,9.0,5.0,1.0,0.0,True,0.01,0.5,100,5,30,2.0,100000,0.030400000000000003,0.0084,0.907,0.0236,0.009600000000000001,0.015200000000000002,0.0058,0.9624253254269274,0.06181818181818182,1.242389402765659,1.2585691341234102,1.2438310846249352,5.0,230.144,10.295730546555104,1.0,False,True,-0.0017377221508893359,10339,baseline,2498,4655,3.7269815852682147,37.43657979976443,0.0014925837345887924,0.08077171329913706,0.011936993938619469,0.7714517934328763,0.9171923058388803,5.370741482965932,0,classic,1.0,0.3,0.3,False,n/a,n/a,n/a,n/a,n/a,n/a,n/a,n/a,n/a,n/a,n/a,n/a,n/a,n/a,n/a,n/a,n/a,n/a,n/a
PM9_full_N500,S2,1620985466,500,False,PD_classic,9.0,5.0,1.0,0.0,True,0.01,0.5,100,5,30,0.1,100000,0.06880000000000001,0.030200000000000005,0.7028,0.05940000000000001,0.059800000000000006,0.041999999999999996,0.037,0.917505094534301,0.03204500978473581,1.6602375550307438,1.7180437851099994,1.699498796476242,5.0,21.392,93.92889702387231,1.0,False,True,0.011498762795050448,10621,connected,2498,4675,3.7429943955164133,34.59230630807486,0.001498996554071451,0.09830539785535974,0.011798264561763933,0.9828389053752067,0.9890842453058185,1.3297872340425532,0,classic,1.0,0.3,0.3,False,n/a,n/a,n/a,n/a,n/a,n/a,n/a,n/a,n/a,n/a,n/a,n/a,n/a,n/a,n/a,n/a,n/a,n/a,n/a
PM9_full_N500,S2,1620985466,500,False,PD_classic,9.0,5.0,1.0,0.0,True,0.01,0.5,100,5,30,2.0,100000,0.021200000000000004,0.015000000000000003,0.8981999999999999,0.0186,0.021999999999999995,0.013600000000000001,0.0114,0.964525905677446,0.052763425708470334,1.230365777737463,1.2843042406923713,1.2324374304693024,5.0,192.808,13.47581919046963,1.0,False,True,-0.006077505910025105,10912,fragmented,2498,3724,2.981585268214572,39.54702018714828,0.0011940669876710339,0.10892661645320093,0.013263972390855399,0.8190512038175628,0.9342926211913437,5.2089249492900604,931,classic,1.0,0.3,0.3,False,n/a,n/a,n/a,n/a,n/a,n/a,n/a,n/a,n/a,n/a,n/a,n/a,n/a,n/a,n/a,n/a,n/a,n/a,n/a
PM9_full_N500,S2,1620985466,500,False,PD_classic,9.0,5.0,1.0,0.0,True,0.01,0.5,100,15,30,0.1,100000,0.1106,0.039799999999999995,0.6346,0.08179999999999998,0.06000000000000001,0.04659999999999999,0.026599999999999995,0.8910596645539428,0.015599784830554062,1.7470896429513427,1.9035943483217244,1.8106780426665763,14.756,20.716,90.95013277240366,0.86,False,True,-0.0017764679058734545,10882,baseline,2498,4655,3.7269815852682147,37.43657979976443,0.0014925837345887924,0.08077171329913706,0.011936993938619469,0.9715423981439135,0.9738657290964452,1.3362445414847162,0,classic,1.0,0.3,0.3,False,n/a,n/a,n/a,n/a,n/a,n/a,n/a,n/a,n/a,n/a,n/a,n/a,n/a,n/a,n/a,n/a,n/a,n/a,n/a
PM9_full_N500,S2,1620985466,500,False,PD_classic,9.0,5.0,1.0,0.0,True,0.01,0.5,100,5,30,2.0,100000,0.0078,0.007000000000000002,0.9441999999999998,0.013600000000000001,0.011999999999999997,0.010799999999999999,0.0046,0.9775585655937377,0.04365011170304176,1.242108179698578,1.2814327154704042,1.24141146912811,5.0,232.896,10.26923472382592,1.0,False,True,0.00024362017447630336,10385,connected,2498,4675,3.7429943955164133,34.59230630807486,0.001498996554071451,0.09830539785535974,0.011798264561763933,0.7692729687221905,0.9217234212280679,5.781376518218623,0,classic,1.0,0.3,0.3,False,n/a,n/a,n/a,n/a,n/a,n/a,n/a,n/a,n/a,n/a,n/a,n/a,n/a,n/a,n/a,n/a,n/a,n/a,n/a
PM9_full_N500,S2,1620985466,500,False,PD_classic,9.0,5.0,1.0,0.0,True,0.01,0.5,100,15,30,0.1,100000,0.0812,0.0328,0.63,0.0558,0.07999999999999999,0.07120000000000001,0.048999999999999995,0.8926058599473453,0.018725015779507678,1.8096279457483835,1.82507293753697,1.8493427169219911,14.168,17.72,117.29794009267502,0.644,False,True,0.0013097428389636655,10878,fragmented,2498,3724,2.981585268214572,39.54702018714828,0.0011940669876710339,0.10892661645320093,0.013263972390855399,0.9762489711883823,0.9787979441053263,1.330396475770925,931,classic,1.0,0.3,0.3,False,n/a,n/a,n/a,n/a,n/a,n/a,n/a,n/a,n/a,n/a,n/a,n/a,n/a,n/a,n/a,n/a,n/a,n/a,n/a
PM9_full_N500,S2,1620985466,500,False,PD_classic,9.0,5.0,1.0,0.0,True,0.01,0.5,100,15,30,2.0,100000,0.018000000000000002,0.0036000000000000003,0.917,0.016399999999999998,0.0216,0.015400000000000002,0.008000000000000002,0.9745936457877189,0.0427771176370735,1.2433328227308449,1.2874963980382983,1.24420308048445,15.0,235.12,10.07881111443932,1.0,False,True,0.00012044208176759464,10720,baseline,2498,4655,3.7269815852682147,37.43657979976443,0.0014925837345887924,0.08077171329913706,0.011936993938619469,0.8220989439377292,0.9295434782471305,5.649193548387097,0,classic,1.0,0.3,0.3,False,n/a,n/a,n/a,n/a,n/a,n/a,n/a,n/a,n/a,n/a,n/a,n/a,n/a,n/a,n/a,n/a,n/a,n/a,n/a
PM9_full_N500,S2,1620985466,500,False,PD_classic,9.0,5.0,1.0,0.0,True,0.01,0.5,100,15,30,0.1,100000,0.07999999999999999,0.054200000000000005,0.6488,0.05900000000000001,0.04939999999999999,0.049199999999999994,0.05940000000000001,0.8760825957224544,0.02744111593871484,1.6329855224984926,1.711942238398278,1.6782313257766575,14.802,21.816,91.07247663164713,0.874,False,True,-0.01533094452377846,10682,connected,2498,4675,3.7429943955164133,34.59230630807486,0.001498996554071451,0.09830539785535974,0.011798264561763933,0.9646256421374615,0.9658874072658236,1.3138075313807531,0,classic,1.0,0.3,0.3,False,n/a,n/a,n/a,n/a,n/a,n/a,n/a,n/a,n/a,n/a,n/a,n/a,n/a,n/a,n/a,n/a,n/a,n/a,n/a
PM9_full_N500,S2,1620985466,500,False,PD_classic,9.0,5.0,1.0,0.0,True,0.01,0.5,100,15,30,2.0,100000,0.013000000000000001,0.008400000000000001,0.9145999999999999,0.007600000000000001,0.031000000000000007,0.0174,0.008000000000000002,0.9689710521110154,0.04246807201107863,1.2381486761966944,1.2668827190204852,1.2384448005945496,15.0,190.84,13.545670801779695,1.0,False,True,0.000583480733923302,11636,fragmented,2498,3724,2.981585268214572,39.54702018714828,0.0011940669876710339,0.10892661645320093,0.013263972390855399,0.8598636112216987,0.9394933559300915,5.322515212981744,931,classic,1.0,0.3,0.3,False,n/a,n/a,n/a,n/a,n/a,n/a,n/a,n/a,n/a,n/a,n/a,n/a,n/a,n/a,n/a,n/a,n/a,n/a,n/a
PM9_full_N500,S2,1620985466,500,False,weak_PD,1.6,1.0,0.0,0.0,True,0.0,0.5,100,0,30,0.1,100000,0.004399999999999999,0.0,0.9956000000000002,0.0,0.0,0.0,0.0,1.0,0.0,0.14131615908161538,0.23702919818367796,0.14189043731622777,21.028,21.028,91.10307168314357,0.0,False,True,0.019648004992008982,2993,baseline,2498,4655,3.7269815852682147,37.43657979976443,0.0014925837345887924,0.08077171329913706,0.011936993938619469,0.9904336693780604,0.9904336693780604,1.285024154589372,0,classic,1.0,0.3,0.3,False,n/a,n/a,n/a,n/a,n/a,n/a,n/a,n/a,n/a,n/a,n/a,n/a,n/a,n/a,n/a,n/a,n/a,n/a,n/a
PM9_full_N500,S2,1620985466,500,False,PD_classic,9.0,5.0,1.0,0.0,True,0.01,0.5,100,15,30,2.0,100000,0.0126,0.008000000000000002,0.9319999999999998,0.009200000000000003,0.016200000000000003,0.011400000000000002,0.0106,0.9703128637298353,0.0519327731092437,1.235011843274175,1.2254723991287169,1.235276664998955,15.0,236.656,10.063643697491818,1.0,False,True,0.0014666746666979343,10834,connected,2498,4675,3.7429943955164133,34.59230630807486,0.001498996554071451,0.09830539785535974,0.011798264561763933,0.8157552864546144,0.922844315834024,5.678068410462776,0,classic,1.0,0.3,0.3,False,n/a,n/a,n/a,n/a,n/a,n/a,n/a,n/a,n/a,n/a,n/a,n/a,n/a,n/a,n/a,n/a,n/a,n/a,n/a
PM9_full_N500,S2,1620985466,500,False,weak_PD,1.6,1.0,0.0,0.0,True,0.0,0.5,100,0,30,0.1,100000,0.008000000000000002,0.0,0.9879999999999998,0.004000000000000001,0.0,0.0,0.0,1.0,0.0,0.16706004712502273,0.23007986718113477,0.16849631105236976,18.204,18.204,116.77226150922267,0.0,False,True,0.01591179484718598,2729,fragmented,2498,3724,2.981585268214572,39.54702018714828,0.0011940669876710339,0.10892661645320093,0.013263972390855399,0.9839947253983562,0.9839947253983562,1.350210970464135,931,classic,1.0,0.3,0.3,False,n/a,n/a,n/a,n/a,n/a,n/a,n/a,n/a,n/a,n/a,n/a,n/a,n/a,n/a,n/a,n/a,n/a,n/a,n/a
PM9_full_N500,S2,1620985466,500,False,weak_PD,1.6,1.0,0.0,0.0,True,0.0,0.5,100,0,30,2.0,100000,0.0,0.0,1.0,0.0,0.0,0.0,0.0,1.0,0.0,0.03277269194576242,0.0,0.03277269194576242,233.448,233.448,10.167352322307236,0.0,True,True,0.0,2214,baseline,2498,4655,3.7269815852682147,37.43657979976443,0.0014925837345887924,0.08077171329913706,0.011936993938619469,0.9172380462764811,0.9172380462764811,5.5,0,classic,1.0,0.3,0.3,False,n/a,n/a,n/a,n/a,n/a,n/a,n/a,n/a,n/a,n/a,n/a,n/a,n/a,n/a,n/a,n/a,n/a,n/a,n/a
PM9_full_N500,S2,1620985466,500,False,weak_PD,1.6,1.0,0.0,0.0,True,0.0,0.5,100,0,30,0.1,100000,0.008400000000000001,0.0,0.9916,0.0,0.0,0.0,0.0,1.0,0.0,0.12391883167405798,0.14013537984294022,0.12404856405940903,21.424,21.424,91.47749656912703,0.0,False,True,0.014731719726850341,2928,connected,2498,4675,3.7429943955164133,34.59230630807486,0.001498996554071451,0.09830539785535974,0.011798264561763933,0.9859598024682955,0.9859598024682955,1.4479638009049773,0,classic,1.0,0.3,0.3,False,n/a,n/a,n/a,n/a,n/a,n/a,n/a,n/a,n/a,n/a,n/a,n/a,n/a,n/a,n/a,n/a,n/a,n/a,n/a
PM9_full_N500,S2,1620985466,500,False,weak_PD,1.6,1.0,0.0,0.0,True,0.0,0.5,100,0,30,2.0,100000,0.0,0.0,1.0,0.0,0.0,0.0,0.0,1.0,0.0,0.028374129520560645,0.0,0.028374129520560645,195.74,195.74,13.360175178775808,0.0,True,True,0.0,1990,fragmented,2498,3724,2.981585268214572,39.54702018714828,0.0011940669876710339,0.10892661645320093,0.013263972390855399,0.9391461069438569,0.9391461069438569,5.187122736418511,931,classic,1.0,0.3,0.3,False,n/a,n/a,n/a,n/a,n/a,n/a,n/a,n/a,n/a,n/a,n/a,n/a,n/a,n/a,n/a,n/a,n/a,n/a,n/a
PM9_full_N500,S2,1620985466,500,False,weak_PD,1.6,1.0,0.0,0.0,True,0.0,0.5,100,5,30,0.1,100000,0.0,0.0,1.0,0.0,0.0,0.0,0.0,1.0,0.0,0.12231703207036883,0.0,0.12231703207036883,5.0,21.152,90.36984804203207,1.0,True,True,0.005059249037001275,2504,baseline,2498,4655,3.7269815852682147,37.43657979976443,0.0014925837345887924,0.08077171329913706,0.011936993938619469,0.9770870837536496,0.9851595857787132,1.353191489361702,0,classic,1.0,0.3,0.3,False,n/a,n/a,n/a,n/a,n/a,n/a,n/a,n/a,n/a,n/a,n/a,n/a,n/a,n/a,n/a,n/a,n/a,n/a,n/a
PM9_full_N500,S2,1620985466,500,False,weak_PD,1.6,1.0,0.0,0.0,True,0.0,0.5,100,0,30,2.0,100000,0.0,0.0,1.0,0.0,0.0,0.0,0.0,1.0,0.0,0.02829819555393853,0.0,0.02829819555393853,228.98,228.98,10.449415182774162,0.0,True,True,0.0,1964,connected,2498,4675,3.7429943955164133,34.59230630807486,0.001498996554071451,0.09830539785535974,0.011798264561763933,0.9140068281327131,0.9140068281327131,5.777327935222672,0,classic,1.0,0.3,0.3,False,n/a,n/a,n/a,n/a,n/a,n/a,n/a,n/a,n/a,n/a,n/a,n/a,n/a,n/a,n/a,n/a,n/a,n/a,n/a
PM9_full_N500,S2,1620985466,500,False,weak_PD,1.6,1.0,0.0,0.0,True,0.0,0.5,100,5,30,0.1,100000,0.0,0.0,0.994,0.005999999999999999,0.0,0.0,0.0,1.0,0.0,0.16585337166173422,0.0,0.1654284859707885,5.0,17.756,120.04031909849324,0.998,False,False,0.02282056808226574,2673,fragmented,2498,3724,2.981585268214572,39.54702018714828,0.0011940669876710339,0.10892661645320093,0.013263972390855399,0.9825286224827068,0.9849285152256149,1.2921810699588476,931,classic,1.0,0.3,0.3,False,n/a,n/a,n/a,n/a,n/a,n/a,n/a,n/a,n/a,n/a,n/a,n/a,n/a,n/a,n/a,n/a,n/a,n/a,n/a
PM9_full_N500,S2,1620985466,500,False,weak_PD,1.6,1.0,0.0,0.0,True,0.0,0.5,100,5,30,2.0,100000,0.0,0.0,1.0,0.0,0.0,0.0,0.0,1.0,0.0,0.03001696608348794,0.0,0.03001696608348794,5.0,230.716,10.414451633682852,1.0,True,True,0.0,1920,baseline,2498,4655,3.7269815852682147,37.43657979976443,0.0014925837345887924,0.08077171329913706,0.011936993938619469,0.7892628523727244,0.9266754078189522,5.618473895582329,0,classic,1.0,0.3,0.3,False,n/a,n/a,n/a,n/a,n/a,n/a,n/a,n/a,n/a,n/a,n/a,n/a,n/a,n/a,n/a,n/a,n/a,n/a,n/a
PM9_full_N500,S2,1620985466,500,False,weak_PD,1.6,1.0,0.0,0.0,True,0.0,0.5,100,5,30,0.1,100000,0.0,0.0,1.0,0.0,0.0,0.0,0.0,1.0,0.0,0.11779723399876124,0.0,0.11779723399876124,5.0,21.528,90.97513028922577,1.0,True,True,0.009775776703116334,2662,connected,2498,4675,3.7429943955164133,34.59230630807486,0.001498996554071451,0.09830539785535974,0.011798264561763933,0.9636648255920359,0.971966290936818,1.2838427947598254,0,classic,1.0,0.3,0.3,False,n/a,n/a,n/a,n/a,n/a,n/a,n/a,n/a,n/a,n/a,n/a,n/a,n/a,n/a,n/a,n/a,n/a,n/a,n/a
PM9_full_N500,S2,1620985466,500,False,weak_PD,1.6,1.0,0.0,0.0,True,0.0,0.5,100,5,30,2.0,100000,0.0,0.0,1.0,0.0,0.0,0.0,0.0,1.0,0.0,0.028019354500830682,0.0,0.028019354500830682,5.0,195.608,13.351183816364433,1.0,True,True,0.0,2002,fragmented,2498,3724,2.981585268214572,39.54702018714828,0.0011940669876710339,0.10892661645320093,0.013263972390855399,0.8157507466163226,0.929411028614817,5.213709677419355,931,classic,1.0,0.3,0.3,False,n/a,n/a,n/a,n/a,n/a,n/a,n/a,n/a,n/a,n/a,n/a,n/a,n/a,n/a,n/a,n/a,n/a,n/a,n/a
PM9_full_N500,S2,1620985466,500,False,weak_PD,1.6,1.0,0.0,0.0,True,0.0,0.5,100,15,30,0.1,100000,0.0,0.0,0.9920000000000002,0.008000000000000002,0.0,0.0,0.0,0.999668260220103,0.000721370604147881,0.1468260415038673,0.0,0.14751927274392443,14.738,20.936,91.0592707360493,0.83,False,True,0.017740650162574284,2996,baseline,2498,4655,3.7269815852682147,37.43657979976443,0.0014925837345887924,0.08077171329913706,0.011936993938619469,0.9811654251410783,0.9842126930558007,1.4308943089430894,0,classic,1.0,0.3,0.3,False,n/a,n/a,n/a,n/a,n/a,n/a,n/a,n/a,n/a,n/a,n/a,n/a,n/a,n/a,n/a,n/a,n/a,n/a,n/a
PM9_full_N500,S2,1620985466,500,False,weak_PD,1.6,1.0,0.0,0.0,True,0.0,0.5,100,5,30,2.0,100000,0.0,0.0,1.0,0.0,0.0,0.0,0.0,1.0,0.0,0.02954520530372014,0.0,0.02954520530372014,5.0,230.616,10.370353601901096,1.0,True,True,0.0,1796,connected,2498,4675,3.7429943955164133,34.59230630807486,0.001498996554071451,0.09830539785535974,0.011798264561763933,0.7818120361815328,0.9285785773404516,5.595959595959596,0,classic,1.0,0.3,0.3,False,n/a,n/a,n/a,n/a,n/a,n/a,n/a,n/a,n/a,n/a,n/a,n/a,n/a,n/a,n/a,n/a,n/a,n/a,n/a
PM9_full_N500,S2,1620985466,500,False,weak_PD,1.6,1.0,0.0,0.0,True,0.0,0.5,100,15,30,0.1,100000,0.008000000000000002,0.0,0.9879999999999998,0.004000000000000001,0.0,0.0,0.0,1.0,0.0,0.16706139423981373,0.23007986718113477,0.16849764200178324,14.254,18.204,116.77226150922267,0.682,False,True,0.016051043404177276,2727,fragmented,2498,3724,2.981585268214572,39.54702018714828,0.0011940669876710339,0.10892661645320093,0.013263972390855399,0.9833634499431729,0.9839947253983562,1.350210970464135,931,classic,1.0,0.3,0.3,False,n/a,n/a,n/a,n/a,n/a,n/a,n/a,n/a,n/a,n/a,n/a,n/a,n/a,n/a,n/a,n/a,n/a,n/a,n/a
PM9_full_N500,S2,1620985466,500,False,weak_PD,1.6,1.0,0.0,0.0,True,0.0,0.5,100,15,30,2.0,100000,0.0,0.0,1.0,0.0,0.0,0.0,0.0,1.0,0.0,0.03165013836840509,0.0,0.03165013836840509,15.0,231.752,10.29155929651164,1.0,True,True,0.0,2048,baseline,2498,4655,3.7269815852682147,37.43657979976443,0.0014925837345887924,0.08077171329913706,0.011936993938619469,0.8259512861526744,0.9249597831085027,5.504,0,classic,1.0,0.3,0.3,False,n/a,n/a,n/a,n/a,n/a,n/a,n/a,n/a,n/a,n/a,n/a,n/a,n/a,n/a,n/a,n/a,n/a,n/a,n/a
PM9_full_N500,S2,1620985466,500,False,weak_PD,1.6,1.0,0.0,0.0,True,0.0,0.5,100,15,30,0.1,100000,0.008400000000000001,0.0,0.9916,0.0,0.0,0.0,0.0,1.0,0.0,0.12391883167405798,0.14013537984294022,0.12404856405940903,14.778,21.424,91.47749656912703,0.872,False,True,0.014731719726850341,2928,connected,2498,4675,3.7429943955164133,34.59230630807486,0.001498996554071451,0.09830539785535974,0.011798264561763933,0.9838936637981686,0.9859598024682955,1.4479638009049773,0,classic,1.0,0.3,0.3,False,n/a,n/a,n/a,n/a,n/a,n/a,n/a,n/a,n/a,n/a,n/a,n/a,n/a,n/a,n/a,n/a,n/a,n/a,n/a
PM9_full_N500,S2,1620985466,500,False,weak_PD,1.6,1.0,0.0,0.0,True,0.0,0.5,100,15,30,2.0,100000,0.0,0.0,1.0,0.0,0.0,0.0,0.0,1.0,0.0,0.02830299801538427,0.0,0.02830299801538427,15.0,191.372,13.592504834422538,1.0,True,True,0.0,1932,fragmented,2498,3724,2.981585268214572,39.54702018714828,0.0011940669876710339,0.10892661645320093,0.013263972390855399,0.8504916983994707,0.9305475298405851,5.375,931,classic,1.0,0.3,0.3,False,n/a,n/a,n/a,n/a,n/a,n/a,n/a,n/a,n/a,n/a,n/a,n/a,n/a,n/a,n/a,n/a,n/a,n/a,n/a
PM9_full_N500,S2,1620985466,500,False,weak_PD,1.6,1.0,0.0,0.0,True,0.01,0.5,100,0,30,0.1,100000,0.12800000000000003,0.03959999999999999,0.49879999999999997,0.11120000000000001,0.07719999999999999,0.0794,0.06580000000000001,0.7165878053022454,0.0545822102425876,0.359901570523358,0.38598262103838193,0.38030447738456374,21.384,21.384,92.80711153865792,0.0,False,True,-0.0003384205536818485,14087,baseline,2498,4655,3.7269815852682147,37.43657979976443,0.0014925837345887924,0.08077171329913706,0.011936993938619469,0.984534301051909,0.984534301051909,1.360730593607306,0,classic,1.0,0.3,0.3,False,n/a,n/a,n/a,n/a,n/a,n/a,n/a,n/a,n/a,n/a,n/a,n/a,n/a,n/a,n/a,n/a,n/a,n/a,n/a
PM9_full_N500,S2,1620985466,500,False,weak_PD,1.6,1.0,0.0,0.0,True,0.0,0.5,100,15,30,2.0,100000,0.0,0.0,1.0,0.0,0.0,0.0,0.0,1.0,0.0,0.029868192391609632,0.0,0.029868192391609632,15.0,231.42,10.268707650403027,1.0,True,True,0.0,2054,connected,2498,4675,3.7429943955164133,34.59230630807486,0.001498996554071451,0.09830539785535974,0.011798264561763933,0.8199129719538328,0.9209291472731677,5.6546184738955825,0,classic,1.0,0.3,0.3,False,n/a,n/a,n/a,n/a,n/a,n/a,n/a,n/a,n/a,n/a,n/a,n/a,n/a,n/a,n/a,n/a,n/a,n/a,n/a
PM9_full_N500,S2,1620985466,500,False,weak_PD,1.6,1.0,0.0,0.0,True,0.01,0.5,100,0,30,0.1,100000,0.137,0.04959999999999999,0.44320000000000004,0.11039999999999998,0.09579999999999998,0.08639999999999999,0.07759999999999999,0.7042454307180608,0.02963088384693532,0.38351750091077635,0.4289868813258751,0.40030143590872125,18.476,18.476,121.06559433232334,0.0,False,True,-0.0007606302425158431,13950,fragmented,2498,3724,2.981585268214572,39.54702018714828,0.0011940669876710339,0.10892661645320093,0.013263972390855399,0.9876712115332567,0.9876712115332567,1.4385964912280702,931,classic,1.0,0.3,0.3,False,n/a,n/a,n/a,n/a,n/a,n/a,n/a,n/a,n/a,n/a,n/a,n/a,n/a,n/a,n/a,n/a,n/a,n/a,n/a
PM9_full_N500,S2,1620985466,500,False,weak_PD,1.6,1.0,0.0,0.0,True,0.01,0.5,100,0,30,2.0,100000,0.0508,0.016999999999999998,0.7382,0.0822,0.046,0.03840000000000001,0.0274,0.9162233642317782,0.10945008008542445,0.11642245445571911,0.11850747873217647,0.11630632433189665,235.4,235.4,10.038960212486735,0.0,False,False,-0.020193671174687993,18504,baseline,2498,4655,3.7269815852682147,37.43657979976443,0.0014925837345887924,0.08077171329913706,0.011936993938619469,0.9209500502264322,0.9209500502264322,5.4325955734406435,0,classic,1.0,0.3,0.3,False,n/a,n/a,n/a,n/a,n/a,n/a,n/a,n/a,n/a,n/a,n/a,n/a,n/a,n/a,n/a,n/a,n/a,n/a,n/a
PM9_full_N500,S2,1620985466,500,False,weak_PD,1.6,1.0,0.0,0.0,True,0.01,0.5,100,0,30,0.1,100000,0.1036,0.04539999999999999,0.49239999999999995,0.12179999999999999,0.08519999999999998,0.09079999999999998,0.06080000000000001,0.7307587676211151,0.05064308681672026,0.3631658421244985,0.4161007445631413,0.3745326108944089,21.716,21.716,89.114853568758,0.0,False,True,0.008535662942654334,14308,connected,2498,4675,3.7429943955164133,34.59230630807486,0.001498996554071451,0.09830539785535974,0.011798264561763933,0.9735399690012748,0.9735399690012748,1.3553719008264462,0,classic,1.0,0.3,0.3,False,n/a,n/a,n/a,n/a,n/a,n/a,n/a,n/a,n/a,n/a,n/a,n/a,n/a,n/a,n/a,n/a,n/a,n/a,n/a
PM9_full_N500,S2,1620985466,500,False,weak_PD,1.6,1.0,0.0,0.0,True,0.01,0.5,100,0,30,2.0,100000,0.08259999999999999,0.012199999999999999,0.7348,0.07319999999999999,0.047999999999999994,0.019799999999999995,0.0294,0.9196323255577216,0.07932462567696719,0.1201574975603311,0.12584612824460192,0.12138570912684343,195.716,195.716,13.216209925374518,0.0,False,False,-0.020606664826663335,21050,fragmented,2498,3724,2.981585268214572,39.54702018714828,0.0011940669876710339,0.10892661645320093,0.013263972390855399,0.9377823037284019,0.9377823037284019,5.014084507042254,931,classic,1.0,0.3,0.3,False,n/a,n/a,n/a,n/a,n/a,n/a,n/a,n/a,n/a,n/a,n/a,n/a,n/a,n/a,n/a,n/a,n/a,n/a,n/a
PM9_full_N500,S2,1620985466,500,False,weak_PD,1.6,1.0,0.0,0.0,True,0.01,0.5,100,5,30,0.1,100000,0.09819999999999998,0.07619999999999999,0.454,0.0802,0.1042,0.11999999999999997,0.06720000000000001,0.6182333522717183,0.026904130352406214,0.3276233216873998,0.37662594268066363,0.36627342289895176,5.0,21.416,93.70069330650342,1.0,False,True,-0.011428730514922792,13899,baseline,2498,4655,3.7269815852682147,37.43657979976443,0.0014925837345887924,0.08077171329913706,0.011936993938619469,0.9756612961923136,0.9805081835443294,1.3596491228070176,0,classic,1.0,0.3,0.3,False,n/a,n/a,n/a,n/a,n/a,n/a,n/a,n/a,n/a,n/a,n/a,n/a,n/a,n/a,n/a,n/a,n/a,n/a,n/a
PM9_full_N500,S2,1620985466,500,False,weak_PD,1.6,1.0,0.0,0.0,True,0.01,0.5,100,0,30,2.0,100000,0.04039999999999999,0.014400000000000001,0.8308,0.0324,0.041400000000000006,0.027600000000000003,0.012999999999999998,0.9516112777945773,0.07831529093369419,0.12141358178884949,0.12362447226458509,0.12164485564956325,233.056,233.056,10.322247747312149,0.0,False,True,-0.0016985155940631087,19061,connected,2498,4675,3.7429943955164133,34.59230630807486,0.001498996554071451,0.09830539785535974,0.011798264561763933,0.9323497413025129,0.9323497413025129,5.497975708502024,0,classic,1.0,0.3,0.3,False,n/a,n/a,n/a,n/a,n/a,n/a,n/a,n/a,n/a,n/a,n/a,n/a,n/a,n/a,n/a,n/a,n/a,n/a,n/a
PM9_full_N500,S2,1620985466,500,False,weak_PD,1.6,1.0,0.0,0.0,True,0.01,0.5,100,5,30,0.1,100000,0.09939999999999999,0.03979999999999999,0.40120000000000006,0.1166,0.1344,0.11720000000000001,0.09139999999999998,0.608772617066768,0.041563930961606196,0.35293973605999485,0.414850560295288,0.41192485729109624,5.0,17.76,121.51903452320403,0.998,False,True,-0.01486832827331108,13937,fragmented,2498,3724,2.981585268214572,39.54702018714828,0.0011940669876710339,0.10892661645320093,0.013263972390855399,0.9811505832106653,0.9876435410700724,1.4464285714285714,931,classic,1.0,0.3,0.3,False,n/a,n/a,n/a,n/a,n/a,n/a,n/a,n/a,n/a,n/a,n/a,n/a,n/a,n/a,n/a,n/a,n/a,n/a,n/a
PM9_full_N500,S2,1620985466,500,False,weak_PD,1.6,1.0,0.0,0.0,True,0.01,0.5,100,5,30,2.0,100000,0.022199999999999998,0.013800000000000002,0.8834,0.025999999999999995,0.008800000000000002,0.0252,0.0206,0.9551682563731319,0.07340533243334459,0.10610073638279914,0.10303315328696029,0.10670184524624883,5.0,234.496,10.165700630996662,1.0,False,True,0.008425857703435574,15047,baseline,2498,4655,3.7269815852682147,37.43657979976443,0.0014925837345887924,0.08077171329913706,0.011936993938619469,0.7783413655353787,0.9256317908161219,5.512096774193548,0,classic,1.0,0.3,0.3,False,n/a,n/a,n/a,n/a,n/a,n/a,n/a,n/a,n/a,n/a,n/a,n/a,n/a,n/a,n/a,n/a,n/a,n/a,n/a
PM9_full_N500,S2,1620985466,500,False,weak_PD,1.6,1.0,0.0,0.0,True,0.01,0.5,100,5,30,0.1,100000,0.1072,0.05419999999999999,0.48840000000000006,0.12040000000000002,0.07919999999999999,0.08639999999999998,0.06420000000000001,0.7112244829192043,0.04175485857225322,0.3637119195509647,0.4143393098598174,0.3965328882285552,5.0,21.488,90.78137170236275,1.0,False,True,0.006200904803620862,14627,connected,2498,4675,3.7429943955164133,34.59230630807486,0.001498996554071451,0.09830539785535974,0.011798264561763933,0.9833762430728469,0.9864883849001355,1.3973799126637554,0,classic,1.0,0.3,0.3,False,n/a,n/a,n/a,n/a,n/a,n/a,n/a,n/a,n/a,n/a,n/a,n/a,n/a,n/a,n/a,n/a,n/a,n/a,n/a
PM9_full_N500,S2,1620985466,500,False,weak_PD,1.6,1.0,0.0,0.0,True,0.01,0.5,100,5,30,2.0,100000,0.022999999999999996,0.0172,0.8452,0.03520000000000001,0.028200000000000003,0.0344,0.016800000000000002,0.9430079699418803,0.0724659606656581,0.11367875207403834,0.11218344956387286,0.11406295735272642,5.0,187.76,13.945685205847662,1.0,False,True,0.0002245352981452209,16867,fragmented,2498,3724,2.981585268214572,39.54702018714828,0.0011940669876710339,0.10892661645320093,0.013263972390855399,0.8211215240106691,0.939861478514809,5.278225806451613,931,classic,1.0,0.3,0.3,False,n/a,n/a,n/a,n/a,n/a,n/a,n/a,n/a,n/a,n/a,n/a,n/a,n/a,n/a,n/a,n/a,n/a,n/a,n/a
PM9_full_N500,S2,1620985466,500,False,weak_PD,1.6,1.0,0.0,0.0,True,0.01,0.5,100,15,30,0.1,100000,0.1352,0.0548,0.4128,0.13600000000000004,0.09399999999999999,0.09299999999999999,0.07419999999999999,0.5671841078978671,0.02620967741935484,0.36033434465207453,0.43395890429519707,0.39623456820716596,14.762,21.72,93.4361175491572,0.856,False,True,-0.011975740702960066,14293,baseline,2498,4655,3.7269815852682147,37.43657979976443,0.0014925837345887924,0.08077171329913706,0.011936993938619469,0.9732987984558201,0.9740962879694888,1.2843137254901962,0,classic,1.0,0.3,0.3,False,n/a,n/a,n/a,n/a,n/a,n/a,n/a,n/a,n/a,n/a,n/a,n/a,n/a,n/a,n/a,n/a,n/a,n/a,n/a
PM9_full_N500,S2,1620985466,500,False,weak_PD,1.6,1.0,0.0,0.0,True,0.01,0.5,100,5,30,2.0,100000,0.05299999999999999,0.0108,0.8290000000000001,0.0202,0.031000000000000007,0.0318,0.024199999999999996,0.9280491399380464,0.09064902556767387,0.11112190658613683,0.11349143721988386,0.11178704255375026,5.0,233.88,10.221321732527999,1.0,False,True,-0.00679063516253882,15244,connected,2498,4675,3.7429943955164133,34.59230630807486,0.001498996554071451,0.09830539785535974,0.011798264561763933,0.7712182253367794,0.919362759859268,5.433198380566802,0,classic,1.0,0.3,0.3,False,n/a,n/a,n/a,n/a,n/a,n/a,n/a,n/a,n/a,n/a,n/a,n/a,n/a,n/a,n/a,n/a,n/a,n/a,n/a
PM9_full_N500,S2,1620985466,500,False,weak_PD,1.6,1.0,0.0,0.0,True,0.01,0.5,100,15,30,0.1,100000,0.11500000000000002,0.0536,0.4372,0.1254,0.11240000000000001,0.07039999999999999,0.086,0.5834819122841647,0.03188775510204082,0.3637720303430915,0.4351336463480603,0.38006172650908865,14.418,18.7,116.25449406349117,0.748,False,True,0.005937566150263868,13940,fragmented,2498,3724,2.981585268214572,39.54702018714828,0.0011940669876710339,0.10892661645320093,0.013263972390855399,0.9831037453234873,0.9858397070917072,1.2266666666666666,931,classic,1.0,0.3,0.3,False,n/a,n/a,n/a,n/a,n/a,n/a,n/a,n/a,n/a,n/a,n/a,n/a,n/a,n/a,n/a,n/a,n/a,n/a,n/a
PM9_full_N500,S2,1620985466,500,False,weak_PD,1.6,1.0,0.0,0.0,True,0.01,0.5,100,15,30,2.0,100000,0.0492,0.017599999999999998,0.85,0.033800000000000004,0.009600000000000001,0.0228,0.017000000000000005,0.9469371666636904,0.07793488983886879,0.11255454163902515,0.110040229483069,0.11274016572477942,15.0,234.652,10.113003172782662,1.0,False,True,0.006267932271726523,16375,baseline,2498,4655,3.7269815852682147,37.43657979976443,0.0014925837345887924,0.08077171329913706,0.011936993938619469,0.8151383459184749,0.9160698183972246,5.846464646464646,0,classic,1.0,0.3,0.3,False,n/a,n/a,n/a,n/a,n/a,n/a,n/a,n/a,n/a,n/a,n/a,n/a,n/a,n/a,n/a,n/a,n/a,n/a,n/a
PM9_full_N500,S2,1620985466,500,False,weak_PD,1.6,1.0,0.0,0.0,True,0.01,0.5,100,15,30,0.1,100000,0.08439999999999999,0.04499999999999999,0.4508,0.1338,0.1246,0.1004,0.06100000000000001,0.6718019808504117,0.026812526812526813,0.34445324082255135,0.41075825972851754,0.38302721503533893,14.764,21.556,89.86994931606485,0.888,False,True,0.0013201492806007844,14143,connected,2498,4675,3.7429943955164133,34.59230630807486,0.001498996554071451,0.09830539785535974,0.011798264561763933,0.9841989425046453,0.9852593775428581,1.3244444444444445,0,classic,1.0,0.3,0.3,False,n/a,n/a,n/a,n/a,n/a,n/a,n/a,n/a,n/a,n/a,n/a,n/a,n/a,n/a,n/a,n/a,n/a,n/a,n/a
PM9_full_N500,S2,1620985466,500,False,weak_PD,1.6,1.0,0.0,0.0,True,0.01,0.5,100,15,30,2.0,100000,0.0384,0.0106,0.8068,0.03320000000000001,0.0568,0.027800000000000002,0.0264,0.9144878052600796,0.09605242128815726,0.11950471802610604,0.12911557030126647,0.12088185880299451,15.0,194.664,13.234508472030283,1.0,False,True,0.0021823095292395817,19001,fragmented,2498,3724,2.981585268214572,39.54702018714828,0.0011940669876710339,0.10892661645320093,0.013263972390855399,0.8640757015979218,0.9324165115951429,5.01010101010101,931,classic,1.0,0.3,0.3,False,n/a,n/a,n/a,n/a,n/a,n/a,n/a,n/a,n/a,n/a,n/a,n/a,n/a,n/a,n/a,n/a,n/a,n/a,n/a
PM9_full_N500,S2,1620985466,500,False,snowdrift,4.0,3.0,0.0,2.0,True,0.0,0.5,100,0,30,0.1,100000,0.0,0.0,1.0,0.0,0.0,0.0,0.0,1.0,0.0,0.5480340734650099,0.0,0.5480340734650099,21.528,21.528,94.02209493152378,0.0,True,False,0.02855486301944988,3548,baseline,2498,4655,3.7269815852682147,37.43657979976443,0.0014925837345887924,0.08077171329913706,0.011936993938619469,0.9901213789866469,0.9901213789866469,1.3714285714285714,0,classic,1.0,0.3,0.3,False,n/a,n/a,n/a,n/a,n/a,n/a,n/a,n/a,n/a,n/a,n/a,n/a,n/a,n/a,n/a,n/a,n/a,n/a,n/a
PM9_full_N500,S2,1620985466,500,False,weak_PD,1.6,1.0,0.0,0.0,True,0.01,0.5,100,15,30,2.0,100000,0.054200000000000005,0.0126,0.8389999999999999,0.0176,0.032400000000000005,0.029200000000000004,0.015000000000000003,0.944946390960381,0.07924275423018931,0.11284812102976775,0.11934475505160123,0.11342292310028342,15.0,233.96,10.30710973310347,1.0,False,True,0.00021751767007287755,16688,connected,2498,4675,3.7429943955164133,34.59230630807486,0.001498996554071451,0.09830539785535974,0.011798264561763933,0.8191400756321799,0.9274201844357969,5.6767676767676765,0,classic,1.0,0.3,0.3,False,n/a,n/a,n/a,n/a,n/a,n/a,n/a,n/a,n/a,n/a,n/a,n/a,n/a,n/a,n/a,n/a,n/a,n/a,n/a
PM9_full_N500,S2,1620985466,500,False,snowdrift,4.0,3.0,0.0,2.0,True,0.0,0.5,100,0,30,0.1,100000,0.0252,0.0,0.9727999999999998,0.0020000000000000005,0.0,0.0,0.0,0.9999075785582254,0.0001837897445322551,0.5144582752503452,0.5059585026686658,0.5176877653617845,18.044,18.044,121.84082236836139,0.0,False,False,0.023971459085827554,2714,fragmented,2498,3724,2.981585268214572,39.54702018714828,0.0011940669876710339,0.10892661645320093,0.013263972390855399,0.9762173869470236,0.9762173869470236,1.3076923076923077,931,classic,1.0,0.3,0.3,False,n/a,n/a,n/a,n/a,n/a,n/a,n/a,n/a,n/a,n/a,n/a,n/a,n/a,n/a,n/a,n/a,n/a,n/a,n/a
PM9_full_N500,S2,1620985466,500,False,snowdrift,4.0,3.0,0.0,2.0,True,0.0,0.5,100,0,30,2.0,100000,0.0,0.0,1.0,0.0,0.0,0.0,0.0,1.0,0.0,0.27676463767425,0.0,0.27676463767425,231.84,231.84,10.313598387003658,0.0,True,True,0.001595209580837591,6097,baseline,2498,4655,3.7269815852682147,37.43657979976443,0.0014925837345887924,0.08077171329913706,0.011936993938619469,0.9266778611142673,0.9266778611142673,5.649193548387097,0,classic,1.0,0.3,0.3,False,n/a,n/a,n/a,n/a,n/a,n/a,n/a,n/a,n/a,n/a,n/a,n/a,n/a,n/a,n/a,n/a,n/a,n/a,n/a
PM9_full_N500,S2,1620985466,500,False,snowdrift,4.0,3.0,0.0,2.0,True,0.0,0.5,100,0,30,0.1,100000,0.0,0.0,1.0,0.0,0.0,0.0,0.0,0.9998845265588916,0.00019546520719311962,0.49164137554507603,0.0,0.49164137554507603,21.596,21.596,91.5997056882287,0.0,True,True,0.019524423697696254,2908,connected,2498,4675,3.7429943955164133,34.59230630807486,0.001498996554071451,0.09830539785535974,0.011798264561763933,0.9875395170339588,0.9875395170339588,1.3076923076923077,0,classic,1.0,0.3,0.3,False,n/a,n/a,n/a,n/a,n/a,n/a,n/a,n/a,n/a,n/a,n/a,n/a,n/a,n/a,n/a,n/a,n/a,n/a,n/a
PM9_full_N500,S2,1620985466,500,False,snowdrift,4.0,3.0,0.0,2.0,True,0.0,0.5,100,0,30,2.0,100000,0.0,0.0,0.8982000000000001,0.1018,0.0,0.0,0.0,0.9656836968295079,0.034106412005457026,0.35186998983502005,0.0,0.36733850408991425,194.16,194.16,13.300679003619486,0.0,False,True,0.01725184500738186,9855,fragmented,2498,3724,2.981585268214572,39.54702018714828,0.0011940669876710339,0.10892661645320093,0.013263972390855399,0.9347769975993314,0.9347769975993314,5.146881287726358,931,classic,1.0,0.3,0.3,False,n/a,n/a,n/a,n/a,n/a,n/a,n/a,n/a,n/a,n/a,n/a,n/a,n/a,n/a,n/a,n/a,n/a,n/a,n/a
PM9_full_N500,S2,1620985466,500,False,snowdrift,4.0,3.0,0.0,2.0,True,0.0,0.5,100,5,30,0.1,100000,0.0,0.0,1.0,0.0,0.0,0.0,0.0,1.0,0.0,0.44725905155344114,0.0,0.44725905155344114,5.0,21.844,90.4964163163097,1.0,True,True,0.007540455761824512,2614,baseline,2498,4655,3.7269815852682147,37.43657979976443,0.0014925837345887924,0.08077171329913706,0.011936993938619469,0.9751881649844042,0.9813257832310068,1.3363636363636364,0,classic,1.0,0.3,0.3,False,n/a,n/a,n/a,n/a,n/a,n/a,n/a,n/a,n/a,n/a,n/a,n/a,n/a,n/a,n/a,n/a,n/a,n/a,n/a
PM9_full_N500,S2,1620985466,500,False,snowdrift,4.0,3.0,0.0,2.0,True,0.0,0.5,100,0,30,2.0,100000,0.0,0.0,1.0,0.0,0.0,0.0,0.0,1.0,0.0,0.2199377016359952,0.0,0.2199377016359952,228.9,228.9,10.352054609470809,0.0,True,True,0.0,5002,connected,2498,4675,3.7429943955164133,34.59230630807486,0.001498996554071451,0.09830539785535974,0.011798264561763933,0.918430424233197,0.918430424233197,5.698189134808853,0,classic,1.0,0.3,0.3,False,n/a,n/a,n/a,n/a,n/a,n/a,n/a,n/a,n/a,n/a,n/a,n/a,n/a,n/a,n/a,n/a,n/a,n/a,n/a
PM9_full_N500,S2,1620985466,500,False,snowdrift,4.0,3.0,0.0,2.0,True,0.0,0.5,100,5,30,2.0,100000,0.0,0.0,1.0,0.0,0.0,0.0,0.0,1.0,0.0,0.17709581302778127,0.0,0.17709581302778127,5.0,231.892,10.205851351794061,1.0,True,True,0.0,3445,baseline,2498,4655,3.7269815852682147,37.43657979976443,0.0014925837345887924,0.08077171329913706,0.011936993938619469,0.7759714455407489,0.9258629665683403,5.4222222222222225,0,classic,1.0,0.3,0.3,False,n/a,n/a,n/a,n/a,n/a,n/a,n/a,n/a,n/a,n/a,n/a,n/a,n/a,n/a,n/a,n/a,n/a,n/a,n/a
PM9_full_N500,S2,1620985466,500,False,snowdrift,4.0,3.0,0.0,2.0,True,0.0,0.5,100,5,30,0.1,100000,0.015000000000000003,0.0,0.985,0.0,0.0,0.0,0.0,0.9955779115933139,0.0001889287738522577,0.4651748033199241,1.0533911585311302,0.4745862650033034,5.0,18.2,119.07928857739627,0.998,False,True,0.017262587450353462,2409,fragmented,2498,3724,2.981585268214572,39.54702018714828,0.0011940669876710339,0.10892661645320093,0.013263972390855399,0.9760873735449657,0.9890390348008316,1.280701754385965,931,classic,1.0,0.3,0.3,False,n/a,n/a,n/a,n/a,n/a,n/a,n/a,n/a,n/a,n/a,n/a,n/a,n/a,n/a,n/a,n/a,n/a,n/a,n/a
PM9_full_N500,S2,1620985466,500,False,snowdrift,4.0,3.0,0.0,2.0,True,0.0,0.5,100,5,30,2.0,100000,0.0,0.0,1.0,0.0,0.0,0.0,0.0,1.0,0.0,0.16045567489788332,0.0,0.16045567489788332,5.0,194.308,13.298020471895471,1.0,True,True,0.0,3471,fragmented,2498,3724,2.981585268214572,39.54702018714828,0.0011940669876710339,0.10892661645320093,0.013263972390855399,0.8142223535590205,0.9347334732743361,5.182926829268292,931,classic,1.0,0.3,0.3,False,n/a,n/a,n/a,n/a,n/a,n/a,n/a,n/a,n/a,n/a,n/a,n/a,n/a,n/a,n/a,n/a,n/a,n/a,n/a
PM9_full_N500,S2,1620985466,500,False,snowdrift,4.0,3.0,0.0,2.0,True,0.0,0.5,100,5,30,0.1,100000,0.0,0.0,0.998,0.0,0.0,0.0020000000000000005,0.0,1.0,0.0,0.4557009888104471,0.0,0.45955509682231094,5.0,21.22,93.04930315617196,1.0,False,True,0.014735713342860696,2725,connected,2498,4675,3.7429943955164133,34.59230630807486,0.001498996554071451,0.09830539785535974,0.011798264561763933,0.9730802287284366,0.9834925466986328,1.3027522935779816,0,classic,1.0,0.3,0.3,False,n/a,n/a,n/a,n/a,n/a,n/a,n/a,n/a,n/a,n/a,n/a,n/a,n/a,n/a,n/a,n/a,n/a,n/a,n/a
PM9_full_N500,S2,1620985466,500,False,snowdrift,4.0,3.0,0.0,2.0,True,0.0,0.5,100,15,30,0.1,100000,0.0,0.0,1.0,0.0,0.0,0.0,0.0,1.0,0.0,0.5480340734650099,0.0,0.5480340734650099,14.708,21.528,94.02209493152378,0.86,True,False,0.02855486301944988,3548,baseline,2498,4655,3.7269815852682147,37.43657979976443,0.0014925837345887924,0.08077171329913706,0.011936993938619469,0.9886080457877195,0.9901213789866469,1.3714285714285714,0,classic,1.0,0.3,0.3,False,n/a,n/a,n/a,n/a,n/a,n/a,n/a,n/a,n/a,n/a,n/a,n/a,n/a,n/a,n/a,n/a,n/a,n/a,n/a
PM9_full_N500,S2,1620985466,500,False,snowdrift,4.0,3.0,0.0,2.0,True,0.0,0.5,100,5,30,2.0,100000,0.0,0.0,1.0,0.0,0.0,0.0,0.0,1.0,0.0,0.21399018777174572,0.0,0.21399018777174572,5.0,234.12,10.302248560767163,1.0,True,True,0.0,4119,connected,2498,4675,3.7429943955164133,34.59230630807486,0.001498996554071451,0.09830539785535974,0.011798264561763933,0.778838490480875,0.9166171527928172,5.362903225806452,0,classic,1.0,0.3,0.3,False,n/a,n/a,n/a,n/a,n/a,n/a,n/a,n/a,n/a,n/a,n/a,n/a,n/a,n/a,n/a,n/a,n/a,n/a,n/a
PM9_full_N500,S2,1620985466,500,False,snowdrift,4.0,3.0,0.0,2.0,True,0.0,0.5,100,15,30,0.1,100000,0.0252,0.0,0.9727999999999998,0.0020000000000000005,0.0,0.0,0.0,0.9999075785582254,0.0001837897445322551,0.5144623878029333,0.5059585026686658,0.5176917627629002,14.206,18.044,121.84082236836139,0.704,False,False,0.023971459085827554,2714,fragmented,2498,3724,2.981585268214572,39.54702018714828,0.0011940669876710339,0.10892661645320093,0.013263972390855399,0.9756996166876315,0.9762173869470236,1.3076923076923077,931,classic,1.0,0.3,0.3,False,n/a,n/a,n/a,n/a,n/a,n/a,n/a,n/a,n/a,n/a,n/a,n/a,n/a,n/a,n/a,n/a,n/a,n/a,n/a
PM9_full_N500,S2,1620985466,500,False,snowdrift,4.0,3.0,0.0,2.0,True,0.0,0.5,100,15,30,2.0,100000,0.0,0.0,1.0,0.0,0.0,0.0,0.0,1.0,0.0,0.22196591225425144,0.0,0.22196591225425144,15.0,238.076,10.080949547631034,1.0,True,True,0.0,4562,baseline,2498,4655,3.7269815852682147,37.43657979976443,0.0014925837345887924,0.08077171329913706,0.011936993938619469,0.8232770472097087,0.919720317263084,5.593561368209255,0,classic,1.0,0.3,0.3,False,n/a,n/a,n/a,n/a,n/a,n/a,n/a,n/a,n/a,n/a,n/a,n/a,n/a,n/a,n/a,n/a,n/a,n/a,n/a
PM9_full_N500,S2,1620985466,500,False,snowdrift,4.0,3.0,0.0,2.0,True,0.0,0.5,100,15,30,0.1,100000,0.0,0.0,0.9956000000000002,0.0020000000000000005,0.0,0.0024000000000000007,0.0,0.9998868778280542,0.0002011667672500503,0.49337571045856926,0.0,0.4946314712572136,14.754,21.248,92.57160317449389,0.858,False,True,0.01880351841406047,2961,connected,2498,4675,3.7429943955164133,34.59230630807486,0.001498996554071451,0.09830539785535974,0.011798264561763933,0.9821017634956833,0.9831915189284173,1.3187772925764192,0,classic,1.0,0.3,0.3,False,n/a,n/a,n/a,n/a,n/a,n/a,n/a,n/a,n/a,n/a,n/a,n/a,n/a,n/a,n/a,n/a,n/a,n/a,n/a
PM9_full_N500,S2,1620985466,500,False,snowdrift,4.0,3.0,0.0,2.0,True,0.0,0.5,100,15,30,2.0,100000,0.0,0.0,1.0,0.0,0.0,0.0,0.0,1.0,0.0,0.205007408062672,0.0,0.205007408062672,15.0,193.276,13.378821313959854,1.0,True,True,0.008795535982142463,4537,fragmented,2498,3724,2.981585268214572,39.54702018714828,0.0011940669876710339,0.10892661645320093,0.013263972390855399,0.854204754155267,0.9361422621091994,4.709677419354839,931,classic,1.0,0.3,0.3,False,n/a,n/a,n/a,n/a,n/a,n/a,n/a,n/a,n/a,n/a,n/a,n/a,n/a,n/a,n/a,n/a,n/a,n/a,n/a
PM9_full_N500,S2,1620985466,500,False,snowdrift,4.0,3.0,0.0,2.0,True,0.01,0.5,100,0,30,0.1,100000,0.15259999999999999,0.0498,0.3882,0.1298,0.08819999999999999,0.11280000000000001,0.07859999999999999,0.6329580935127638,0.03202146690518783,1.115337021601004,1.1803193685868145,1.1584649306881376,20.808,20.808,92.35828866201044,0.0,False,True,-0.009913546854183755,14144,baseline,2498,4655,3.7269815852682147,37.43657979976443,0.0014925837345887924,0.08077171329913706,0.011936993938619469,0.9810526093054194,0.9810526093054194,1.397489539748954,0,classic,1.0,0.3,0.3,False,n/a,n/a,n/a,n/a,n/a,n/a,n/a,n/a,n/a,n/a,n/a,n/a,n/a,n/a,n/a,n/a,n/a,n/a,n/a
PM9_full_N500,S2,1620985466,500,False,snowdrift,4.0,3.0,0.0,2.0,True,0.0,0.5,100,15,30,2.0,100000,0.0,0.0,1.0,0.0,0.0,0.0,0.0,1.0,0.0,0.19889700552586068,0.0,0.19889700552586068,15.0,234.9,10.178617097391014,1.0,True,True,0.0,3789,connected,2498,4675,3.7429943955164133,34.59230630807486,0.001498996554071451,0.09830539785535974,0.011798264561763933,0.8281377734813522,0.9210469829855594,5.430861723446894,0,classic,1.0,0.3,0.3,False,n/a,n/a,n/a,n/a,n/a,n/a,n/a,n/a,n/a,n/a,n/a,n/a,n/a,n/a,n/a,n/a,n/a,n/a,n/a
PM9_full_N500,S2,1620985466,500,False,snowdrift,4.0,3.0,0.0,2.0,True,0.01,0.5,100,0,30,0.1,100000,0.1372,0.05600000000000001,0.371,0.14099999999999996,0.09139999999999998,0.11000000000000001,0.09339999999999998,0.5370562352755498,0.03054448871181939,1.2524540186205233,1.4556092505279836,1.3473707864656363,17.992,17.992,120.71389782836602,0.0,False,True,-0.009727930111716602,13643,fragmented,2498,3724,2.981585268214572,39.54702018714828,0.0011940669876710339,0.10892661645320093,0.013263972390855399,0.97856112064739,0.97856112064739,1.33,931,classic,1.0,0.3,0.3,False,n/a,n/a,n/a,n/a,n/a,n/a,n/a,n/a,n/a,n/a,n/a,n/a,n/a,n/a,n/a,n/a,n/a,n/a,n/a
PM9_full_N500,S2,1620985466,500,False,snowdrift,4.0,3.0,0.0,2.0,True,0.01,0.5,100,0,30,2.0,100000,0.1206,0.028599999999999997,0.4735999999999999,0.17819999999999997,0.0764,0.0706,0.052000000000000005,0.7553800271738538,0.16315095583388267,0.9492478965616497,0.9469756282862694,0.9676269953259158,232.28,232.28,10.26280723091433,0.0,False,True,-0.008390635162542848,28505,baseline,2498,4655,3.7269815852682147,37.43657979976443,0.0014925837345887924,0.08077171329913706,0.011936993938619469,0.9216012432530101,0.9216012432530101,5.733333333333333,0,classic,1.0,0.3,0.3,False,n/a,n/a,n/a,n/a,n/a,n/a,n/a,n/a,n/a,n/a,n/a,n/a,n/a,n/a,n/a,n/a,n/a,n/a,n/a
PM9_full_N500,S2,1620985466,500,False,snowdrift,4.0,3.0,0.0,2.0,True,0.01,0.5,100,0,30,0.1,100000,0.13879999999999998,0.06500000000000002,0.4236,0.13040000000000002,0.11539999999999999,0.08679999999999997,0.039999999999999994,0.6327939758953024,0.04107614700936824,1.1467942225748406,1.3419708802687997,1.261005807702537,21.564,21.564,91.92756124883647,0.0,False,True,-0.016947101388404454,13926,connected,2498,4675,3.7429943955164133,34.59230630807486,0.001498996554071451,0.09830539785535974,0.011798264561763933,0.9822863373777035,0.9822863373777035,1.2403846153846154,0,classic,1.0,0.3,0.3,False,n/a,n/a,n/a,n/a,n/a,n/a,n/a,n/a,n/a,n/a,n/a,n/a,n/a,n/a,n/a,n/a,n/a,n/a,n/a
PM9_full_N500,S2,1620985466,500,False,snowdrift,4.0,3.0,0.0,2.0,True,0.01,0.5,100,0,30,2.0,100000,0.1006,0.034600000000000006,0.5232,0.11800000000000002,0.040999999999999995,0.09659999999999999,0.08599999999999998,0.7552386683317822,0.1345332519829164,1.1091645480985577,1.1242751271497267,1.1197307300869814,195.084,195.084,13.160846935791719,0.0,False,True,-0.012211402445609783,30544,fragmented,2498,3724,2.981585268214572,39.54702018714828,0.0011940669876710339,0.10892661645320093,0.013263972390855399,0.9370500345738155,0.9370500345738155,5.066666666666666,931,classic,1.0,0.3,0.3,False,n/a,n/a,n/a,n/a,n/a,n/a,n/a,n/a,n/a,n/a,n/a,n/a,n/a,n/a,n/a,n/a,n/a,n/a,n/a
PM9_full_N500,S2,1620985466,500,False,snowdrift,4.0,3.0,0.0,2.0,True,0.01,0.5,100,0,30,2.0,100000,0.10940000000000001,0.055400000000000005,0.5114,0.1034,0.1022,0.06680000000000001,0.0514,0.726956978678967,0.19325842696629214,1.0110114196857234,1.0228595496887014,1.0169905531171128,235.088,235.088,10.240284272138004,0.0,False,False,-0.02235589742359079,28785,connected,2498,4675,3.7429943955164133,34.59230630807486,0.001498996554071451,0.09830539785535974,0.011798264561763933,0.9209728270545924,0.9209728270545924,5.48995983935743,0,classic,1.0,0.3,0.3,False,n/a,n/a,n/a,n/a,n/a,n/a,n/a,n/a,n/a,n/a,n/a,n/a,n/a,n/a,n/a,n/a,n/a,n/a,n/a
PM9_full_N500,S2,1620985466,500,False,snowdrift,4.0,3.0,0.0,2.0,True,0.01,0.5,100,5,30,0.1,100000,0.12400000000000003,0.07819999999999999,0.4162,0.10740000000000001,0.1048,0.09939999999999999,0.06999999999999999,0.6421278915022809,0.03508771929824561,1.11874226646888,1.2345630307847508,1.199987171822326,5.0,21.204,91.89164975364412,1.0,False,True,-0.00731168684674519,13783,baseline,2498,4655,3.7269815852682147,37.43657979976443,0.0014925837345887924,0.08077171329913706,0.011936993938619469,0.9841333803945054,0.9884610529795526,1.346938775510204,0,classic,1.0,0.3,0.3,False,n/a,n/a,n/a,n/a,n/a,n/a,n/a,n/a,n/a,n/a,n/a,n/a,n/a,n/a,n/a,n/a,n/a,n/a,n/a
PM9_full_N500,S2,1620985466,500,False,snowdrift,4.0,3.0,0.0,2.0,True,0.01,0.5,100,5,30,0.1,100000,0.09359999999999999,0.044599999999999994,0.48200000000000004,0.1076,0.10900000000000001,0.08379999999999999,0.0794,0.7413222400852264,0.017771195853387635,1.2123872324045488,1.458809168610852,1.3238095038957636,5.0,18.088,121.38682808254458,1.0,False,True,0.012760793443175237,13877,fragmented,2498,3724,2.981585268214572,39.54702018714828,0.0011940669876710339,0.10892661645320093,0.013263972390855399,0.9783456957431128,0.9802064466022244,1.4098360655737705,931,classic,1.0,0.3,0.3,False,n/a,n/a,n/a,n/a,n/a,n/a,n/a,n/a,n/a,n/a,n/a,n/a,n/a,n/a,n/a,n/a,n/a,n/a,n/a
PM9_full_N500,S2,1620985466,500,False,snowdrift,4.0,3.0,0.0,2.0,True,0.01,0.5,100,5,30,2.0,100000,0.07339999999999999,0.03380000000000001,0.6843999999999999,0.047799999999999995,0.07999999999999999,0.04699999999999999,0.0336,0.776599143745958,0.1560072715253677,0.8954391647125877,0.9776324570531282,0.9130833616667595,5.0,233.804,10.155044699907341,1.0,False,True,-0.01279948159792749,25144,baseline,2498,4655,3.7269815852682147,37.43657979976443,0.0014925837345887924,0.08077171329913706,0.011936993938619469,0.7823793923912834,0.9244975614218575,5.661290322580645,0,classic,1.0,0.3,0.3,False,n/a,n/a,n/a,n/a,n/a,n/a,n/a,n/a,n/a,n/a,n/a,n/a,n/a,n/a,n/a,n/a,n/a,n/a,n/a
PM9_full_N500,S2,1620985466,500,False,snowdrift,4.0,3.0,0.0,2.0,True,0.01,0.5,100,5,30,0.1,100000,0.11560000000000001,0.04659999999999999,0.4454000000000001,0.1038,0.1028,0.10980000000000001,0.07599999999999998,0.6960158387034118,0.04025895205340886,1.2433381420587941,1.380437420407276,1.2748637137879903,5.0,21.084,91.8359415837641,1.0,False,True,0.01576335905343713,14064,connected,2498,4675,3.7429943955164133,34.59230630807486,0.001498996554071451,0.09830539785535974,0.011798264561763933,0.9785727715151719,0.9894004517970478,1.4536585365853658,0,classic,1.0,0.3,0.3,False,n/a,n/a,n/a,n/a,n/a,n/a,n/a,n/a,n/a,n/a,n/a,n/a,n/a,n/a,n/a,n/a,n/a,n/a,n/a
PM9_full_N500,S2,1620985466,500,False,snowdrift,4.0,3.0,0.0,2.0,True,0.01,0.5,100,5,30,2.0,100000,0.0706,0.0172,0.6896000000000001,0.0752,0.043199999999999995,0.056400000000000006,0.047799999999999995,0.8064283953880155,0.12771611692981086,0.8953068304970461,0.9781041499202391,0.9209229959059297,5.0,190.12,13.661789849824828,1.0,False,True,0.013473250693000942,26087,fragmented,2498,3724,2.981585268214572,39.54702018714828,0.0011940669876710339,0.10892661645320093,0.013263972390855399,0.8169210191618912,0.9366627016624403,5.135353535353535,931,classic,1.0,0.3,0.3,False,n/a,n/a,n/a,n/a,n/a,n/a,n/a,n/a,n/a,n/a,n/a,n/a,n/a,n/a,n/a,n/a,n/a,n/a,n/a
PM9_full_N500,S2,1620985466,500,False,snowdrift,4.0,3.0,0.0,2.0,True,0.01,0.5,100,15,30,0.1,100000,0.14579999999999999,0.0512,0.45940000000000003,0.1046,0.09439999999999998,0.06560000000000002,0.07899999999999999,0.76218638159578,0.03210313447927199,1.0977153496856518,1.1701343308788896,1.1710407098288358,14.716,20.776,91.4681356245156,0.832,False,True,-0.010022699290790572,14015,baseline,2498,4655,3.7269815852682147,37.43657979976443,0.0014925837345887924,0.08077171329913706,0.011936993938619469,0.9759224727218317,0.9796802955260764,1.2946859903381642,0,classic,1.0,0.3,0.3,False,n/a,n/a,n/a,n/a,n/a,n/a,n/a,n/a,n/a,n/a,n/a,n/a,n/a,n/a,n/a,n/a,n/a,n/a,n/a
PM9_full_N500,S2,1620985466,500,False,snowdrift,4.0,3.0,0.0,2.0,True,0.01,0.5,100,5,30,2.0,100000,0.0382,0.0236,0.7322000000000001,0.0658,0.03720000000000001,0.076,0.026999999999999996,0.8612058559288445,0.1325470867804964,0.8013530045228243,0.7783650404523808,0.7983124126988487,5.0,235.476,10.124377431692457,1.0,False,False,-0.022097013188057516,23259,connected,2498,4675,3.7429943955164133,34.59230630807486,0.001498996554071451,0.09830539785535974,0.011798264561763933,0.7789794042678911,0.9259566399670314,5.360160965794768,0,classic,1.0,0.3,0.3,False,n/a,n/a,n/a,n/a,n/a,n/a,n/a,n/a,n/a,n/a,n/a,n/a,n/a,n/a,n/a,n/a,n/a,n/a,n/a
PM9_full_N500,S2,1620985466,500,False,snowdrift,4.0,3.0,0.0,2.0,True,0.01,0.5,100,15,30,0.1,100000,0.15439999999999998,0.06680000000000001,0.4018,0.08219999999999998,0.14280000000000004,0.11800000000000002,0.034,0.688115437116461,0.01653729328383395,1.179389294362332,1.5189924065508793,1.3464798760170555,14.16,18.04,122.61859242377876,0.662,False,True,-0.012518690074760848,14030,fragmented,2498,3724,2.981585268214572,39.54702018714828,0.0011940669876710339,0.10892661645320093,0.013263972390855399,0.980936886269641,0.9815374158144006,1.4457831325301205,931,classic,1.0,0.3,0.3,False,n/a,n/a,n/a,n/a,n/a,n/a,n/a,n/a,n/a,n/a,n/a,n/a,n/a,n/a,n/a,n/a,n/a,n/a,n/a
PM9_full_N500,S2,1620985466,500,False,snowdrift,4.0,3.0,0.0,2.0,True,0.01,0.5,100,15,30,2.0,100000,0.07060000000000002,0.0192,0.6687999999999998,0.07219999999999999,0.0698,0.04079999999999999,0.058600000000000006,0.7886282303767586,0.14868421052631578,0.8865753422539366,0.9273464947141136,0.8949992462520606,15.0,231.608,10.283439673027793,1.0,False,True,-0.0049372709490819655,25788,baseline,2498,4655,3.7269815852682147,37.43657979976443,0.0014925837345887924,0.08077171329913706,0.011936993938619469,0.8153667996924915,0.9221020179681146,5.778225806451613,0,classic,1.0,0.3,0.3,False,n/a,n/a,n/a,n/a,n/a,n/a,n/a,n/a,n/a,n/a,n/a,n/a,n/a,n/a,n/a,n/a,n/a,n/a,n/a
PM9_full_N500,S2,1620985466,500,False,snowdrift,4.0,3.0,0.0,2.0,True,0.01,0.5,100,15,30,0.1,100000,0.09979999999999999,0.07959999999999999,0.45100000000000007,0.09319999999999998,0.1022,0.1036,0.07060000000000002,0.6972395012258927,0.02502120441051739,1.1732946441021381,1.1878139530132612,1.260433734516641,14.736,21.572,90.36797132749801,0.866,False,True,0.0011175788703193265,14248,connected,2498,4675,3.7429943955164133,34.59230630807486,0.001498996554071451,0.09830539785535974,0.011798264561763933,0.9827295352512695,0.9840650695584175,1.36,0,classic,1.0,0.3,0.3,False,n/a,n/a,n/a,n/a,n/a,n/a,n/a,n/a,n/a,n/a,n/a,n/a,n/a,n/a,n/a,n/a,n/a,n/a,n/a
PM9_full_N500,S2,1620985466,500,False,snowdrift,4.0,3.0,0.0,2.0,True,0.01,0.5,100,15,30,2.0,100000,0.09519999999999998,0.03560000000000001,0.5538000000000001,0.1038,0.1024,0.06359999999999999,0.045599999999999995,0.7334654270364867,0.149309327952817,0.9608488266894265,1.024438740504065,0.9823602854135453,15.0,188.74,13.627273057896915,1.0,False,False,-0.05092618770475265,28279,fragmented,2498,3724,2.981585268214572,39.54702018714828,0.0011940669876710339,0.10892661645320093,0.013263972390855399,0.8523708489470001,0.9286236188292162,5.191919191919192,931,classic,1.0,0.3,0.3,False,n/a,n/a,n/a,n/a,n/a,n/a,n/a,n/a,n/a,n/a,n/a,n/a,n/a,n/a,n/a,n/a,n/a,n/a,n/a
PM9_full_N500,S2,1669164794,500,False,PD_classic,9.0,5.0,1.0,0.0,True,0.0,0.5,100,0,30,0.1,100000,0.0,0.0,1.0,0.0,0.0,0.0,0.0,1.0,0.0,1.336864888241643,0.0,1.336864888241643,20.384,20.384,92.19232317206087,0.0,True,True,0.0,1300,baseline,2498,4655,3.7269815852682147,37.43657979976443,0.0014925837345887924,0.08077171329913706,0.011936993938619469,0.9899820838694018,0.9899820838694018,1.2977777777777777,0,classic,1.0,0.3,0.3,False,n/a,n/a,n/a,n/a,n/a,n/a,n/a,n/a,n/a,n/a,n/a,n/a,n/a,n/a,n/a,n/a,n/a,n/a,n/a
PM9_full_N500,S2,1620985466,500,False,snowdrift,4.0,3.0,0.0,2.0,True,0.01,0.5,100,15,30,2.0,100000,0.043,0.04939999999999999,0.6719999999999999,0.07819999999999999,0.0514,0.05900000000000001,0.04699999999999999,0.7820200691376669,0.18084727661089356,0.9163414022386256,0.880213043432097,0.9204057724426815,15.0,230.732,10.312314270966475,1.0,False,True,-0.008416094464373828,26118,connected,2498,4675,3.7429943955164133,34.59230630807486,0.001498996554071451,0.09830539785535974,0.011798264561763933,0.8018095486197717,0.9136535001092577,5.52,0,classic,1.0,0.3,0.3,False,n/a,n/a,n/a,n/a,n/a,n/a,n/a,n/a,n/a,n/a,n/a,n/a,n/a,n/a,n/a,n/a,n/a,n/a,n/a
PM9_full_N500,S2,1669164794,500,False,PD_classic,9.0,5.0,1.0,0.0,True,0.0,0.5,100,0,30,0.1,100000,0.0,0.0,1.0,0.0,0.0,0.0,0.0,1.0,0.0,1.4096923453030525,0.0,1.4096923453030525,18.896,18.896,119.19673005105736,0.0,True,True,0.0005113940455754499,1406,fragmented,2498,3724,2.981585268214572,38.753173668368014,0.0011940669876710339,0.11933987285489868,0.012987941491482214,0.9773330556138518,0.9773330556138518,1.4461538461538461,931,classic,1.0,0.3,0.3,False,n/a,n/a,n/a,n/a,n/a,n/a,n/a,n/a,n/a,n/a,n/a,n/a,n/a,n/a,n/a,n/a,n/a,n/a,n/a
PM9_full_N500,S2,1669164794,500,False,PD_classic,9.0,5.0,1.0,0.0,True,0.0,0.5,100,0,30,2.0,100000,0.0,0.0,1.0,0.0,0.0,0.0,0.0,1.0,0.0,1.0663864990271428,0.0,1.0663864990271428,231.896,231.896,10.220340515884544,0.0,True,True,0.0,974,baseline,2498,4655,3.7269815852682147,37.43657979976443,0.0014925837345887924,0.08077171329913706,0.011936993938619469,0.9288788383927987,0.9288788383927987,5.727454909819639,0,classic,1.0,0.3,0.3,False,n/a,n/a,n/a,n/a,n/a,n/a,n/a,n/a,n/a,n/a,n/a,n/a,n/a,n/a,n/a,n/a,n/a,n/a,n/a
PM9_full_N500,S2,1669164794,500,False,PD_classic,9.0,5.0,1.0,0.0,True,0.0,0.5,100,0,30,0.1,100000,0.0,0.0,1.0,0.0,0.0,0.0,0.0,1.0,0.0,1.3128091642044912,0.0,1.3128091642044912,20.904,20.904,95.40737128964322,0.0,True,True,0.00040093600374328255,1255,connected,2498,4675,3.7429943955164133,34.68781491296951,0.001498996554071451,0.08511316447998125,0.011836995319431038,0.983879940239957,0.983879940239957,1.3059360730593608,0,classic,1.0,0.3,0.3,False,n/a,n/a,n/a,n/a,n/a,n/a,n/a,n/a,n/a,n/a,n/a,n/a,n/a,n/a,n/a,n/a,n/a,n/a,n/a
PM9_full_N500,S2,1669164794,500,False,PD_classic,9.0,5.0,1.0,0.0,True,0.0,0.5,100,0,30,2.0,100000,0.0,0.0,1.0,0.0,0.0,0.0,0.0,1.0,0.0,1.0566753227381822,0.0,1.0566753227381822,200.776,200.776,12.931674157449484,0.0,True,True,0.0,968,fragmented,2498,3724,2.981585268214572,38.753173668368014,0.0011940669876710339,0.11933987285489868,0.012987941491482214,0.9394706033459045,0.9394706033459045,5.240404040404041,931,classic,1.0,0.3,0.3,False,n/a,n/a,n/a,n/a,n/a,n/a,n/a,n/a,n/a,n/a,n/a,n/a,n/a,n/a,n/a,n/a,n/a,n/a,n/a
PM9_full_N500,S2,1669164794,500,False,PD_classic,9.0,5.0,1.0,0.0,True,0.0,0.5,100,5,30,0.1,100000,0.0,0.0,1.0,0.0,0.0,0.0,0.0,1.0,0.0,1.336864888241643,0.0,1.336864888241643,5.0,20.384,92.19232317206087,1.0,True,True,0.0,1300,baseline,2498,4655,3.7269815852682147,37.43657979976443,0.0014925837345887924,0.08077171329913706,0.011936993938619469,0.9860190273855365,0.9899820838694018,1.2977777777777777,0,classic,1.0,0.3,0.3,False,n/a,n/a,n/a,n/a,n/a,n/a,n/a,n/a,n/a,n/a,n/a,n/a,n/a,n/a,n/a,n/a,n/a,n/a,n/a
PM9_full_N500,S2,1669164794,500,False,PD_classic,9.0,5.0,1.0,0.0,True,0.0,0.5,100,0,30,2.0,100000,0.0,0.0,1.0,0.0,0.0,0.0,0.0,1.0,0.0,1.0594699540794184,0.0,1.0594699540794184,231.964,231.964,10.295940805418176,0.0,True,True,0.0,872,connected,2498,4675,3.7429943955164133,34.68781491296951,0.001498996554071451,0.08511316447998125,0.011836995319431038,0.9272303889766216,0.9272303889766216,5.644444444444445,0,classic,1.0,0.3,0.3,False,n/a,n/a,n/a,n/a,n/a,n/a,n/a,n/a,n/a,n/a,n/a,n/a,n/a,n/a,n/a,n/a,n/a,n/a,n/a
PM9_full_N500,S2,1669164794,500,False,PD_classic,9.0,5.0,1.0,0.0,True,0.0,0.5,100,5,30,0.1,100000,0.0,0.0,1.0,0.0,0.0,0.0,0.0,1.0,0.0,1.411924929137368,0.0,1.411924929137368,4.998,18.896,119.19673005105736,0.998,True,True,0.0005113940455754499,1394,fragmented,2498,3724,2.981585268214572,38.753173668368014,0.0011940669876710339,0.11933987285489868,0.012987941491482214,0.9735863668808381,0.9773330556138518,1.4461538461538461,931,classic,1.0,0.3,0.3,False,n/a,n/a,n/a,n/a,n/a,n/a,n/a,n/a,n/a,n/a,n/a,n/a,n/a,n/a,n/a,n/a,n/a,n/a,n/a
PM9_full_N500,S2,1669164794,500,False,PD_classic,9.0,5.0,1.0,0.0,True,0.0,0.5,100,5,30,2.0,100000,0.0,0.0,1.0,0.0,0.0,0.0,0.0,1.0,0.0,1.0626925973974723,0.0,1.0626925973974723,5.0,232.632,10.149065193590468,1.0,True,True,0.0,930,baseline,2498,4655,3.7269815852682147,37.43657979976443,0.0014925837345887924,0.08077171329913706,0.011936993938619469,0.7720013274166565,0.9242012300009957,5.690140845070423,0,classic,1.0,0.3,0.3,False,n/a,n/a,n/a,n/a,n/a,n/a,n/a,n/a,n/a,n/a,n/a,n/a,n/a,n/a,n/a,n/a,n/a,n/a,n/a
PM9_full_N500,S2,1669164794,500,False,PD_classic,9.0,5.0,1.0,0.0,True,0.0,0.5,100,5,30,0.1,100000,0.0,0.0,1.0,0.0,0.0,0.0,0.0,1.0,0.0,1.3028777384679393,0.0,1.3028777384679393,5.0,21.336,92.00719612626713,1.0,True,True,0.0006053976215904864,1246,connected,2498,4675,3.7429943955164133,34.68781491296951,0.001498996554071451,0.08511316447998125,0.011836995319431038,0.9747041748773677,0.9758597769227774,1.3429951690821256,0,classic,1.0,0.3,0.3,False,n/a,n/a,n/a,n/a,n/a,n/a,n/a,n/a,n/a,n/a,n/a,n/a,n/a,n/a,n/a,n/a,n/a,n/a,n/a
PM9_full_N500,S2,1669164794,500,False,PD_classic,9.0,5.0,1.0,0.0,True,0.0,0.5,100,5,30,2.0,100000,0.0,0.0,1.0,0.0,0.0,0.0,0.0,1.0,0.0,1.0607475925844478,0.0,1.0607475925844478,5.0,197.36,13.077473681418857,1.0,True,True,0.0,981,fragmented,2498,3724,2.981585268214572,38.753173668368014,0.0011940669876710339,0.11933987285489868,0.012987941491482214,0.8186827144626081,0.9419403575534652,4.985915492957746,931,classic,1.0,0.3,0.3,False,n/a,n/a,n/a,n/a,n/a,n/a,n/a,n/a,n/a,n/a,n/a,n/a,n/a,n/a,n/a,n/a,n/a,n/a,n/a
PM9_full_N500,S2,1669164794,500,False,PD_classic,9.0,5.0,1.0,0.0,True,0.0,0.5,100,15,30,0.1,100000,0.0,0.0,1.0,0.0,0.0,0.0,0.0,1.0,0.0,1.336864888241643,0.0,1.336864888241643,14.714,20.384,92.19232317206087,0.816,True,True,0.0,1300,baseline,2498,4655,3.7269815852682147,37.43657979976443,0.0014925837345887924,0.08077171329913706,0.011936993938619469,0.989566374575202,0.9899820838694018,1.2977777777777777,0,classic,1.0,0.3,0.3,False,n/a,n/a,n/a,n/a,n/a,n/a,n/a,n/a,n/a,n/a,n/a,n/a,n/a,n/a,n/a,n/a,n/a,n/a,n/a
PM9_full_N500,S2,1669164794,500,False,PD_classic,9.0,5.0,1.0,0.0,True,0.0,0.5,100,5,30,2.0,100000,0.0,0.0,1.0,0.0,0.0,0.0,0.0,1.0,0.0,1.0568095185480348,0.0,1.0568095185480348,5.0,234.912,10.161293436354233,1.0,True,True,0.0,830,connected,2498,4675,3.7429943955164133,34.68781491296951,0.001498996554071451,0.08511316447998125,0.011836995319431038,0.7782905871644202,0.9245196673691431,5.759036144578313,0,classic,1.0,0.3,0.3,False,n/a,n/a,n/a,n/a,n/a,n/a,n/a,n/a,n/a,n/a,n/a,n/a,n/a,n/a,n/a,n/a,n/a,n/a,n/a
PM9_full_N500,S2,1669164794,500,False,PD_classic,9.0,5.0,1.0,0.0,True,0.0,0.5,100,15,30,0.1,100000,0.0,0.0,1.0,0.0,0.0,0.0,0.0,1.0,0.0,1.4096923453030525,0.0,1.4096923453030525,14.286,18.896,119.19673005105736,0.712,True,True,0.0005113940455754499,1406,fragmented,2498,3724,2.981585268214572,38.753173668368014,0.0011940669876710339,0.11933987285489868,0.012987941491482214,0.9764478750715355,0.9773330556138518,1.4461538461538461,931,classic,1.0,0.3,0.3,False,n/a,n/a,n/a,n/a,n/a,n/a,n/a,n/a,n/a,n/a,n/a,n/a,n/a,n/a,n/a,n/a,n/a,n/a,n/a
PM9_full_N500,S2,1669164794,500,False,PD_classic,9.0,5.0,1.0,0.0,True,0.0,0.5,100,15,30,2.0,100000,0.0,0.0,1.0,0.0,0.0,0.0,0.0,1.0,0.0,1.066404094984221,0.0,1.066404094984221,15.0,231.896,10.220340515884544,1.0,True,True,0.0,974,baseline,2498,4655,3.7269815852682147,37.43657979976443,0.0014925837345887924,0.08077171329913706,0.011936993938619469,0.8274724389160183,0.9288788383927987,5.727454909819639,0,classic,1.0,0.3,0.3,False,n/a,n/a,n/a,n/a,n/a,n/a,n/a,n/a,n/a,n/a,n/a,n/a,n/a,n/a,n/a,n/a,n/a,n/a,n/a
PM9_full_N500,S2,1669164794,500,False,PD_classic,9.0,5.0,1.0,0.0,True,0.0,0.5,100,15,30,0.1,100000,0.0,0.0,1.0,0.0,0.0,0.0,0.0,1.0,0.0,1.3128091642044912,0.0,1.3128091642044912,14.726,20.904,95.40737128964322,0.868,True,True,0.00040093600374328255,1255,connected,2498,4675,3.7429943955164133,34.68781491296951,0.001498996554071451,0.08511316447998125,0.011836995319431038,0.9831368489219011,0.983879940239957,1.3059360730593608,0,classic,1.0,0.3,0.3,False,n/a,n/a,n/a,n/a,n/a,n/a,n/a,n/a,n/a,n/a,n/a,n/a,n/a,n/a,n/a,n/a,n/a,n/a,n/a
PM9_full_N500,S2,1669164794,500,False,PD_classic,9.0,5.0,1.0,0.0,True,0.0,0.5,100,15,30,2.0,100000,0.0,0.0,1.0,0.0,0.0,0.0,0.0,1.0,0.0,1.056696426288226,0.0,1.056696426288226,15.0,200.776,12.931674157449484,1.0,True,True,0.0,968,fragmented,2498,3724,2.981585268214572,38.753173668368014,0.0011940669876710339,0.11933987285489868,0.012987941491482214,0.8548344710411144,0.9394706033459045,5.240404040404041,931,classic,1.0,0.3,0.3,False,n/a,n/a,n/a,n/a,n/a,n/a,n/a,n/a,n/a,n/a,n/a,n/a,n/a,n/a,n/a,n/a,n/a,n/a,n/a
PM9_full_N500,S2,1669164794,500,False,PD_classic,9.0,5.0,1.0,0.0,True,0.01,0.5,100,0,30,0.1,100000,0.1006,0.0372,0.6334000000000001,0.0802,0.06280000000000001,0.0398,0.04599999999999999,0.8276770281906533,0.017981806642690924,1.699873799094088,1.7129464247657,1.7292488573027296,20.988,20.988,92.31063050791656,0.0,False,True,-0.002340806163224653,11073,baseline,2498,4655,3.7269815852682147,37.43657979976443,0.0014925837345887924,0.08077171329913706,0.011936993938619469,0.98767593215088,0.98767593215088,1.2727272727272727,0,classic,1.0,0.3,0.3,False,n/a,n/a,n/a,n/a,n/a,n/a,n/a,n/a,n/a,n/a,n/a,n/a,n/a,n/a,n/a,n/a,n/a,n/a,n/a
PM9_full_N500,S2,1669164794,500,False,PD_classic,9.0,5.0,1.0,0.0,True,0.0,0.5,100,15,30,2.0,100000,0.0,0.0,1.0,0.0,0.0,0.0,0.0,1.0,0.0,1.0594699540794184,0.0,1.0594699540794184,15.0,231.964,10.295940805418176,1.0,True,True,0.0,872,connected,2498,4675,3.7429943955164133,34.68781491296951,0.001498996554071451,0.08511316447998125,0.011836995319431038,0.82561558716035,0.9272303889766216,5.644444444444445,0,classic,1.0,0.3,0.3,False,n/a,n/a,n/a,n/a,n/a,n/a,n/a,n/a,n/a,n/a,n/a,n/a,n/a,n/a,n/a,n/a,n/a,n/a,n/a
PM9_full_N500,S2,1669164794,500,False,PD_classic,9.0,5.0,1.0,0.0,True,0.01,0.5,100,0,30,0.1,100000,0.09279999999999998,0.04759999999999999,0.5938,0.09819999999999998,0.065,0.041199999999999994,0.06140000000000001,0.842850556976547,0.03045473508552357,1.7984811216392227,1.9468212912226501,1.8826782227115977,18.7,18.7,115.11401245609363,0.0,False,True,-0.0010102408409666597,11224,fragmented,2498,3724,2.981585268214572,38.753173668368014,0.0011940669876710339,0.11933987285489868,0.012987941491482214,0.975462973162081,0.975462973162081,1.3392070484581498,931,classic,1.0,0.3,0.3,False,n/a,n/a,n/a,n/a,n/a,n/a,n/a,n/a,n/a,n/a,n/a,n/a,n/a,n/a,n/a,n/a,n/a,n/a,n/a
PM9_full_N500,S2,1669164794,500,False,PD_classic,9.0,5.0,1.0,0.0,True,0.01,0.5,100,0,30,2.0,100000,0.045399999999999996,0.0102,0.8486,0.044199999999999996,0.022,0.0184,0.011199999999999998,0.9624406741847723,0.05485921889191644,1.2468392537457307,1.2382585055474955,1.2481188103451837,230.452,230.452,10.288978974880077,0.0,False,True,-0.005566351865406363,12589,baseline,2498,4655,3.7269815852682147,37.43657979976443,0.0014925837345887924,0.08077171329913706,0.011936993938619469,0.929354196461715,0.929354196461715,5.294354838709677,0,classic,1.0,0.3,0.3,False,n/a,n/a,n/a,n/a,n/a,n/a,n/a,n/a,n/a,n/a,n/a,n/a,n/a,n/a,n/a,n/a,n/a,n/a,n/a
PM9_full_N500,S2,1669164794,500,False,PD_classic,9.0,5.0,1.0,0.0,True,0.01,0.5,100,0,30,0.1,100000,0.06460000000000002,0.05940000000000001,0.6576000000000001,0.0548,0.0528,0.06060000000000001,0.0502,0.7937346399121706,0.017707029153997494,1.6226816860471542,1.7350029537405478,1.6902631647991662,21.604,21.604,93.32720686023421,0.0,False,True,-0.0163000684002758,10818,connected,2498,4675,3.7429943955164133,34.68781491296951,0.001498996554071451,0.08511316447998125,0.011836995319431038,0.9875121617853287,0.9875121617853287,1.4234234234234233,0,classic,1.0,0.3,0.3,False,n/a,n/a,n/a,n/a,n/a,n/a,n/a,n/a,n/a,n/a,n/a,n/a,n/a,n/a,n/a,n/a,n/a,n/a,n/a
PM9_full_N500,S2,1669164794,500,False,PD_classic,9.0,5.0,1.0,0.0,True,0.01,0.5,100,0,30,2.0,100000,0.0354,0.0073999999999999995,0.8870000000000001,0.0284,0.0196,0.0104,0.011799999999999998,0.9736078880203042,0.03773880363294707,1.233592751027533,1.2336015771156699,1.2352926323084714,203.108,203.108,12.89592894373347,0.0,False,True,-0.0036401041604115147,13123,fragmented,2498,3724,2.981585268214572,38.753173668368014,0.0011940669876710339,0.11933987285489868,0.012987941491482214,0.9344873728821939,0.9344873728821939,5.322515212981744,931,classic,1.0,0.3,0.3,False,n/a,n/a,n/a,n/a,n/a,n/a,n/a,n/a,n/a,n/a,n/a,n/a,n/a,n/a,n/a,n/a,n/a,n/a,n/a
PM9_full_N500,S2,1669164794,500,False,PD_classic,9.0,5.0,1.0,0.0,True,0.01,0.5,100,5,30,0.1,100000,0.0696,0.04559999999999999,0.6694,0.0536,0.06000000000000001,0.04019999999999999,0.06160000000000001,0.8313652165388626,0.024582967515364356,1.6769291218209437,1.7321539451295058,1.7447876759713756,5.0,21.36,91.52473650922768,1.0,False,True,0.0013495829983341907,10744,baseline,2498,4655,3.7269815852682147,37.43657979976443,0.0014925837345887924,0.08077171329913706,0.011936993938619469,0.9827199492582704,0.9873249761962386,1.3302752293577982,0,classic,1.0,0.3,0.3,False,n/a,n/a,n/a,n/a,n/a,n/a,n/a,n/a,n/a,n/a,n/a,n/a,n/a,n/a,n/a,n/a,n/a,n/a,n/a
PM9_full_N500,S2,1669164794,500,False,PD_classic,9.0,5.0,1.0,0.0,True,0.01,0.5,100,0,30,2.0,100000,0.03779999999999999,0.0118,0.867,0.032200000000000006,0.030200000000000005,0.011200000000000002,0.0098,0.9651680027189569,0.06103812880487024,1.2474041331424708,1.256165154630509,1.2486464926907934,232.104,232.104,10.288702417707407,0.0,False,True,-0.003134815739262225,12710,connected,2498,4675,3.7429943955164133,34.68781491296951,0.001498996554071451,0.08511316447998125,0.011836995319431038,0.9201665126904528,0.9201665126904528,5.818913480885312,0,classic,1.0,0.3,0.3,False,n/a,n/a,n/a,n/a,n/a,n/a,n/a,n/a,n/a,n/a,n/a,n/a,n/a,n/a,n/a,n/a,n/a,n/a,n/a
PM9_full_N500,S2,1669164794,500,False,PD_classic,9.0,5.0,1.0,0.0,True,0.01,0.5,100,5,30,0.1,100000,0.06500000000000002,0.054200000000000005,0.6194,0.07020000000000001,0.07279999999999999,0.06300000000000001,0.055400000000000005,0.8440942720109703,0.018175142280154214,1.742931227839646,2.0560230330116034,1.8318318873292865,4.998,18.956,112.52441753189058,0.998,False,True,-0.008707618830474223,10876,fragmented,2498,3724,2.981585268214572,38.753173668368014,0.0011940669876710339,0.11933987285489868,0.012987941491482214,0.9858406163194071,0.9884151637478538,1.36986301369863,931,classic,1.0,0.3,0.3,False,n/a,n/a,n/a,n/a,n/a,n/a,n/a,n/a,n/a,n/a,n/a,n/a,n/a,n/a,n/a,n/a,n/a,n/a,n/a
PM9_full_N500,S2,1669164794,500,False,PD_classic,9.0,5.0,1.0,0.0,True,0.01,0.5,100,5,30,2.0,100000,0.0078,0.009600000000000001,0.942,0.007800000000000001,0.015200000000000002,0.010400000000000001,0.007200000000000001,0.9762146452205863,0.04430047277184381,1.2457891685239981,1.2489883803645565,1.2449410629454736,5.0,230.0,10.32267639991857,1.0,False,True,-0.0008200448801795208,10323,baseline,2498,4655,3.7269815852682147,37.43657979976443,0.0014925837345887924,0.08077171329913706,0.011936993938619469,0.7785639985657007,0.91406803774192,5.4188376753507015,0,classic,1.0,0.3,0.3,False,n/a,n/a,n/a,n/a,n/a,n/a,n/a,n/a,n/a,n/a,n/a,n/a,n/a,n/a,n/a,n/a,n/a,n/a,n/a
PM9_full_N500,S2,1669164794,500,False,PD_classic,9.0,5.0,1.0,0.0,True,0.01,0.5,100,5,30,0.1,100000,0.05600000000000001,0.0384,0.705,0.05800000000000001,0.04839999999999999,0.051000000000000004,0.04319999999999999,0.9357684766838782,0.02238071815051648,1.7027430181777317,1.8230847672635413,1.7321039504974407,5.0,21.372,93.19741974083702,1.0,False,True,0.003225872103493541,10608,connected,2498,4675,3.7429943955164133,34.68781491296951,0.001498996554071451,0.08511316447998125,0.011836995319431038,0.9755987179853605,0.9839333339664351,1.2788461538461537,0,classic,1.0,0.3,0.3,False,n/a,n/a,n/a,n/a,n/a,n/a,n/a,n/a,n/a,n/a,n/a,n/a,n/a,n/a,n/a,n/a,n/a,n/a,n/a
PM9_full_N500,S2,1669164794,500,False,PD_classic,9.0,5.0,1.0,0.0,True,0.01,0.5,100,5,30,2.0,100000,0.019999999999999997,0.009400000000000002,0.9262,0.007000000000000001,0.023,0.0092,0.005200000000000001,0.9685434685219775,0.04259634888438134,1.2301633003212755,1.2190683744398392,1.2308004242238566,5.0,199.196,13.230710100115646,1.0,False,True,0.0015495325981281951,11041,fragmented,2498,3724,2.981585268214572,38.753173668368014,0.0011940669876710339,0.11933987285489868,0.012987941491482214,0.8116696675286018,0.937277704255883,5.258517034068136,931,classic,1.0,0.3,0.3,False,n/a,n/a,n/a,n/a,n/a,n/a,n/a,n/a,n/a,n/a,n/a,n/a,n/a,n/a,n/a,n/a,n/a,n/a,n/a
PM9_full_N500,S2,1669164794,500,False,PD_classic,9.0,5.0,1.0,0.0,True,0.01,0.5,100,15,30,0.1,100000,0.08679999999999999,0.04859999999999999,0.6392,0.05900000000000001,0.057600000000000005,0.06640000000000001,0.04239999999999999,0.8697557272082422,0.03473227206946455,1.6694129711578245,1.6842359882270845,1.6858735665136733,14.708,21.112,91.43336186006722,0.852,False,True,-0.002222658490629202,10899,baseline,2498,4655,3.7269815852682147,37.43657979976443,0.0014925837345887924,0.08077171329913706,0.011936993938619469,0.976499529503703,0.9772161814076271,1.2727272727272727,0,classic,1.0,0.3,0.3,False,n/a,n/a,n/a,n/a,n/a,n/a,n/a,n/a,n/a,n/a,n/a,n/a,n/a,n/a,n/a,n/a,n/a,n/a,n/a
PM9_full_N500,S2,1669164794,500,False,PD_classic,9.0,5.0,1.0,0.0,True,0.01,0.5,100,5,30,2.0,100000,0.011,0.011799999999999998,0.9394,0.0064,0.003,0.018000000000000006,0.0104,0.978200223028486,0.03800829875518672,1.2413263004024166,1.2571960523927677,1.2414578261886684,5.0,231.756,10.250903244684343,1.0,False,True,-0.0007432637730580219,10373,connected,2498,4675,3.7429943955164133,34.68781491296951,0.001498996554071451,0.08511316447998125,0.011836995319431038,0.781359228918334,0.9281190474328492,5.708502024291498,0,classic,1.0,0.3,0.3,False,n/a,n/a,n/a,n/a,n/a,n/a,n/a,n/a,n/a,n/a,n/a,n/a,n/a,n/a,n/a,n/a,n/a,n/a,n/a
PM9_full_N500,S2,1669164794,500,False,PD_classic,9.0,5.0,1.0,0.0,True,0.01,0.5,100,15,30,0.1,100000,0.1008,0.037399999999999996,0.584,0.09699999999999999,0.08699999999999998,0.0536,0.0402,0.8810786765624558,0.02064631956912029,1.813344422822611,1.83830422210133,1.8621511038082643,14.162,18.708,116.1668667332877,0.674,False,True,0.002875950703800984,11327,fragmented,2498,3724,2.981585268214572,38.753173668368014,0.0011940669876710339,0.11933987285489868,0.012987941491482214,0.9782112524608391,0.9804743359120414,1.386138613861386,931,classic,1.0,0.3,0.3,False,n/a,n/a,n/a,n/a,n/a,n/a,n/a,n/a,n/a,n/a,n/a,n/a,n/a,n/a,n/a,n/a,n/a,n/a,n/a
PM9_full_N500,S2,1669164794,500,False,PD_classic,9.0,5.0,1.0,0.0,True,0.01,0.5,100,15,30,2.0,100000,0.0174,0.007600000000000001,0.9224,0.013800000000000002,0.014400000000000001,0.010199999999999999,0.0142,0.9731425658913946,0.04109825591434985,1.239149516757502,1.254144314816603,1.2385977710669698,15.0,233.224,10.200612784695027,1.0,False,True,-0.0013488245952991136,10747,baseline,2498,4655,3.7269815852682147,37.43657979976443,0.0014925837345887924,0.08077171329913706,0.011936993938619469,0.8129165456001435,0.9201291513515535,5.550200803212851,0,classic,1.0,0.3,0.3,False,n/a,n/a,n/a,n/a,n/a,n/a,n/a,n/a,n/a,n/a,n/a,n/a,n/a,n/a,n/a,n/a,n/a,n/a,n/a
PM9_full_N500,S2,1669164794,500,False,PD_classic,9.0,5.0,1.0,0.0,True,0.01,0.5,100,15,30,0.1,100000,0.07239999999999999,0.03380000000000001,0.6284000000000001,0.0664,0.0798,0.06340000000000001,0.0558,0.8342704811964021,0.03329798515376458,1.6361586936683838,1.8389870398617667,1.6741650198240312,14.768,21.588,92.61393107305655,0.876,False,True,-0.00563713294852923,10624,connected,2498,4675,3.7429943955164133,34.68781491296951,0.001498996554071451,0.08511316447998125,0.011836995319431038,0.9822488800748626,0.9827312781998047,1.3888888888888888,0,classic,1.0,0.3,0.3,False,n/a,n/a,n/a,n/a,n/a,n/a,n/a,n/a,n/a,n/a,n/a,n/a,n/a,n/a,n/a,n/a,n/a,n/a,n/a
PM9_full_N500,S2,1669164794,500,False,PD_classic,9.0,5.0,1.0,0.0,True,0.01,0.5,100,15,30,2.0,100000,0.014599999999999998,0.010199999999999999,0.9182,0.0184,0.023199999999999995,0.0062000000000000015,0.0092,0.9730461296437541,0.0403430749682338,1.237798609446448,1.2172548606591904,1.2378463454295705,15.0,198.496,13.046471822472357,1.0,False,True,0.0017822183288762452,11682,fragmented,2498,3724,2.981585268214572,38.753173668368014,0.0011940669876710339,0.11933987285489868,0.012987941491482214,0.8567492411132476,0.9389607742856331,5.189516129032258,931,classic,1.0,0.3,0.3,False,n/a,n/a,n/a,n/a,n/a,n/a,n/a,n/a,n/a,n/a,n/a,n/a,n/a,n/a,n/a,n/a,n/a,n/a,n/a
PM9_full_N500,S2,1669164794,500,False,PD_classic,9.0,5.0,1.0,0.0,True,0.01,0.5,100,15,30,2.0,100000,0.0118,0.0082,0.9359999999999999,0.014600000000000002,0.013800000000000002,0.0128,0.0028,0.9804420806005885,0.03767715174559281,1.2335914605233704,1.1996617053427825,1.2340423880652076,15.0,231.444,10.299033643660044,1.0,False,True,0.0012760563042266818,10706,connected,2498,4675,3.7429943955164133,34.68781491296951,0.001498996554071451,0.08511316447998125,0.011836995319431038,0.8210881677692585,0.9253397540598444,5.668016194331984,0,classic,1.0,0.3,0.3,False,n/a,n/a,n/a,n/a,n/a,n/a,n/a,n/a,n/a,n/a,n/a,n/a,n/a,n/a,n/a,n/a,n/a,n/a,n/a
PM9_full_N500,S2,1669164794,500,False,weak_PD,1.6,1.0,0.0,0.0,True,0.0,0.5,100,0,30,0.1,100000,0.014000000000000002,0.0,0.978,0.0020000000000000005,0.0,0.005999999999999999,0.0,0.9998971193415638,0.00020695364238410596,0.1514497949686796,0.6432042064571566,0.1604107324058652,21.244,21.244,90.07533882840661,0.0,False,True,0.01088180672722398,2703,baseline,2498,4655,3.7269815852682147,37.43657979976443,0.0014925837345887924,0.08077171329913706,0.011936993938619469,0.9763273933984729,0.9763273933984729,1.3653846153846154,0,classic,1.0,0.3,0.3,False,n/a,n/a,n/a,n/a,n/a,n/a,n/a,n/a,n/a,n/a,n/a,n/a,n/a,n/a,n/a,n/a,n/a,n/a,n/a
PM9_full_N500,S2,1669164794,500,False,weak_PD,1.6,1.0,0.0,0.0,True,0.0,0.5,100,0,30,0.1,100000,0.0534,0.0,0.9124000000000001,0.0,0.021599999999999994,0.0126,0.0,0.9905771425077251,0.0008375209380234506,0.15681542554079492,0.27504800751606007,0.1727258722686452,18.656,18.656,119.76396292623475,0.0,False,True,0.01624774819099789,2936,fragmented,2498,3724,2.981585268214572,38.753173668368014,0.0011940669876710339,0.11933987285489868,0.012987941491482214,0.9804171902934485,0.9804171902934485,1.4285714285714286,931,classic,1.0,0.3,0.3,False,n/a,n/a,n/a,n/a,n/a,n/a,n/a,n/a,n/a,n/a,n/a,n/a,n/a,n/a,n/a,n/a,n/a,n/a,n/a
PM9_full_N500,S2,1669164794,500,False,weak_PD,1.6,1.0,0.0,0.0,True,0.0,0.5,100,0,30,2.0,100000,0.0,0.0,1.0,0.0,0.0,0.0,0.0,1.0,0.0,0.029997210860111343,0.0,0.029997210860111343,231.528,231.528,10.333167236964357,0.0,True,True,0.0,2097,baseline,2498,4655,3.7269815852682147,37.43657979976443,0.0014925837345887924,0.08077171329913706,0.011936993938619469,0.9268896323319157,0.9268896323319157,5.602409638554217,0,classic,1.0,0.3,0.3,False,n/a,n/a,n/a,n/a,n/a,n/a,n/a,n/a,n/a,n/a,n/a,n/a,n/a,n/a,n/a,n/a,n/a,n/a,n/a
PM9_full_N500,S2,1669164794,500,False,weak_PD,1.6,1.0,0.0,0.0,True,0.0,0.5,100,0,30,0.1,100000,0.0,0.0,1.0,0.0,0.0,0.0,0.0,1.0,0.0,0.1191265780963083,0.0,0.1191265780963083,21.632,21.632,93.25271235905166,0.0,True,True,0.00660758163033238,2101,connected,2498,4675,3.7429943955164133,34.68781491296951,0.001498996554071451,0.08511316447998125,0.011836995319431038,0.9846177849674846,0.9846177849674846,1.309090909090909,0,classic,1.0,0.3,0.3,False,n/a,n/a,n/a,n/a,n/a,n/a,n/a,n/a,n/a,n/a,n/a,n/a,n/a,n/a,n/a,n/a,n/a,n/a,n/a
PM9_full_N500,S2,1669164794,500,False,weak_PD,1.6,1.0,0.0,0.0,True,0.0,0.5,100,0,30,2.0,100000,0.0,0.0,1.0,0.0,0.0,0.0,0.0,1.0,0.0,0.026974681560178407,0.0,0.026974681560178407,196.828,196.828,13.234274608124723,0.0,True,True,0.0,1964,fragmented,2498,3724,2.981585268214572,38.753173668368014,0.0011940669876710339,0.11933987285489868,0.012987941491482214,0.9393335964946796,0.9393335964946796,5.144602851323829,931,classic,1.0,0.3,0.3,False,n/a,n/a,n/a,n/a,n/a,n/a,n/a,n/a,n/a,n/a,n/a,n/a,n/a,n/a,n/a,n/a,n/a,n/a,n/a
PM9_full_N500,S2,1669164794,500,False,weak_PD,1.6,1.0,0.0,0.0,True,0.0,0.5,100,5,30,0.1,100000,0.0,0.0,1.0,0.0,0.0,0.0,0.0,1.0,0.0,0.1497944502535852,0.0,0.1497944502535852,5.0,21.412,92.12613521615862,1.0,True,True,0.009767943071762033,2563,baseline,2498,4655,3.7269815852682147,37.43657979976443,0.0014925837345887924,0.08077171329913706,0.011936993938619469,0.9751919162753538,0.9873671615174915,1.3425925925925926,0,classic,1.0,0.3,0.3,False,n/a,n/a,n/a,n/a,n/a,n/a,n/a,n/a,n/a,n/a,n/a,n/a,n/a,n/a,n/a,n/a,n/a,n/a,n/a
PM9_full_N500,S2,1669164794,500,False,weak_PD,1.6,1.0,0.0,0.0,True,0.0,0.5,100,0,30,2.0,100000,0.0,0.0,1.0,0.0,0.0,0.0,0.0,1.0,0.0,0.02558257595097804,0.0,0.02558257595097804,236.016,236.016,10.042559467865292,0.0,True,True,0.0,1751,connected,2498,4675,3.7429943955164133,34.68781491296951,0.001498996554071451,0.08511316447998125,0.011836995319431038,0.9251431098652311,0.9251431098652311,5.342685370741483,0,classic,1.0,0.3,0.3,False,n/a,n/a,n/a,n/a,n/a,n/a,n/a,n/a,n/a,n/a,n/a,n/a,n/a,n/a,n/a,n/a,n/a,n/a,n/a
PM9_full_N500,S2,1669164794,500,False,weak_PD,1.6,1.0,0.0,0.0,True,0.0,0.5,100,5,30,0.1,100000,0.009600000000000001,0.0,0.9904,0.0,0.0,0.0,0.0,0.9998105381005009,0.00036975411351451286,0.16753629124474073,0.22311939401297928,0.16798095606688662,4.992,18.788,114.84179200658821,0.996,False,True,0.01826554186216525,2910,fragmented,2498,3724,2.981585268214572,38.753173668368014,0.0011940669876710339,0.11933987285489868,0.012987941491482214,0.9851164877938945,0.9894202041667798,1.4046511627906977,931,classic,1.0,0.3,0.3,False,n/a,n/a,n/a,n/a,n/a,n/a,n/a,n/a,n/a,n/a,n/a,n/a,n/a,n/a,n/a,n/a,n/a,n/a,n/a
PM9_full_N500,S2,1669164794,500,False,weak_PD,1.6,1.0,0.0,0.0,True,0.0,0.5,100,5,30,2.0,100000,0.0,0.0,1.0,0.0,0.0,0.0,0.0,1.0,0.0,0.027693376945127614,0.0,0.027693376945127614,5.0,230.588,10.340750842194458,1.0,True,True,0.0,1757,baseline,2498,4655,3.7269815852682147,37.43657979976443,0.0014925837345887924,0.08077171329913706,0.011936993938619469,0.7837223355225638,0.9236541939364841,5.763052208835341,0,classic,1.0,0.3,0.3,False,n/a,n/a,n/a,n/a,n/a,n/a,n/a,n/a,n/a,n/a,n/a,n/a,n/a,n/a,n/a,n/a,n/a,n/a,n/a
PM9_full_N500,S2,1669164794,500,False,weak_PD,1.6,1.0,0.0,0.0,True,0.0,0.5,100,5,30,0.1,100000,0.0020000000000000005,0.0,0.998,0.0,0.0,0.0,0.0,1.0,0.0,0.1247154332660421,0.4240963855421687,0.12531419517059436,5.0,21.308,93.76239544621413,1.0,False,True,0.014640720962897036,2190,connected,2498,4675,3.7429943955164133,34.68781491296951,0.001498996554071451,0.08511316447998125,0.011836995319431038,0.9832086252157534,0.9856851661645892,1.3365853658536586,0,classic,1.0,0.3,0.3,False,n/a,n/a,n/a,n/a,n/a,n/a,n/a,n/a,n/a,n/a,n/a,n/a,n/a,n/a,n/a,n/a,n/a,n/a,n/a
PM9_full_N500,S2,1669164794,500,False,weak_PD,1.6,1.0,0.0,0.0,True,0.0,0.5,100,5,30,2.0,100000,0.0,0.0,1.0,0.0,0.0,0.0,0.0,1.0,0.0,0.026865003404924013,0.0,0.026865003404924013,5.0,195.784,13.210870843963058,1.0,True,True,0.0,1764,fragmented,2498,3724,2.981585268214572,38.753173668368014,0.0011940669876710339,0.11933987285489868,0.012987941491482214,0.816880987374602,0.9377642861820091,5.274193548387097,931,classic,1.0,0.3,0.3,False,n/a,n/a,n/a,n/a,n/a,n/a,n/a,n/a,n/a,n/a,n/a,n/a,n/a,n/a,n/a,n/a,n/a,n/a,n/a
PM9_full_N500,S2,1669164794,500,False,weak_PD,1.6,1.0,0.0,0.0,True,0.0,0.5,100,15,30,0.1,100000,0.014000000000000002,0.0,0.978,0.0020000000000000005,0.0,0.005999999999999999,0.0,0.9998971193415638,0.00020695364238410596,0.1514497949686796,0.6432042064571566,0.1604107324058652,14.704,21.244,90.07533882840661,0.836,False,True,0.01088180672722398,2703,baseline,2498,4655,3.7269815852682147,37.43657979976443,0.0014925837345887924,0.08077171329913706,0.011936993938619469,0.9748839887780769,0.9763273933984729,1.3653846153846154,0,classic,1.0,0.3,0.3,False,n/a,n/a,n/a,n/a,n/a,n/a,n/a,n/a,n/a,n/a,n/a,n/a,n/a,n/a,n/a,n/a,n/a,n/a,n/a
PM9_full_N500,S2,1669164794,500,False,weak_PD,1.6,1.0,0.0,0.0,True,0.0,0.5,100,5,30,2.0,100000,0.0,0.0,1.0,0.0,0.0,0.0,0.0,1.0,0.0,0.02284261351925702,0.0,0.02284261351925702,5.0,233.156,10.243855853560136,1.0,True,True,0.0,1549,connected,2498,4675,3.7429943955164133,34.68781491296951,0.001498996554071451,0.08511316447998125,0.011836995319431038,0.7845841046929861,0.9321704658345924,5.767068273092369,0,classic,1.0,0.3,0.3,False,n/a,n/a,n/a,n/a,n/a,n/a,n/a,n/a,n/a,n/a,n/a,n/a,n/a,n/a,n/a,n/a,n/a,n/a,n/a
PM9_full_N500,S2,1669164794,500,False,weak_PD,1.6,1.0,0.0,0.0,True,0.0,0.5,100,15,30,0.1,100000,0.0534,0.0,0.9124000000000001,0.0,0.021599999999999994,0.0126,0.0,0.9905771425077251,0.0008375209380234506,0.15681659374035842,0.27504800751606007,0.17272694000304628,14.13,18.656,119.76396292623475,0.67,False,True,0.01624774819099789,2936,fragmented,2498,3724,2.981585268214572,38.753173668368014,0.0011940669876710339,0.11933987285489868,0.012987941491482214,0.9800759129772478,0.9804171902934485,1.4285714285714286,931,classic,1.0,0.3,0.3,False,n/a,n/a,n/a,n/a,n/a,n/a,n/a,n/a,n/a,n/a,n/a,n/a,n/a,n/a,n/a,n/a,n/a,n/a,n/a
PM9_full_N500,S2,1669164794,500,False,weak_PD,1.6,1.0,0.0,0.0,True,0.0,0.5,100,15,30,2.0,100000,0.0,0.0,1.0,0.0,0.0,0.0,0.0,1.0,0.0,0.031169315156085262,0.0,0.031169315156085262,15.0,232.548,10.262045669715215,1.0,True,True,0.0,2107,baseline,2498,4655,3.7269815852682147,37.43657979976443,0.0014925837345887924,0.08077171329913706,0.011936993938619469,0.8263585906038137,0.9248075100537206,5.74749498997996,0,classic,1.0,0.3,0.3,False,n/a,n/a,n/a,n/a,n/a,n/a,n/a,n/a,n/a,n/a,n/a,n/a,n/a,n/a,n/a,n/a,n/a,n/a,n/a
PM9_full_N500,S2,1669164794,500,False,weak_PD,1.6,1.0,0.0,0.0,True,0.0,0.5,100,15,30,0.1,100000,0.0,0.0,1.0,0.0,0.0,0.0,0.0,1.0,0.0,0.1191265780963083,0.0,0.1191265780963083,14.648,21.632,93.25271235905166,0.856,True,True,0.00660758163033238,2101,connected,2498,4675,3.7429943955164133,34.68781491296951,0.001498996554071451,0.08511316447998125,0.011836995319431038,0.9842354348202442,0.9846177849674846,1.309090909090909,0,classic,1.0,0.3,0.3,False,n/a,n/a,n/a,n/a,n/a,n/a,n/a,n/a,n/a,n/a,n/a,n/a,n/a,n/a,n/a,n/a,n/a,n/a,n/a
PM9_full_N500,S2,1669164794,500,False,weak_PD,1.6,1.0,0.0,0.0,True,0.0,0.5,100,15,30,2.0,100000,0.0,0.0,1.0,0.0,0.0,0.0,0.0,1.0,0.0,0.025403204968690214,0.0,0.025403204968690214,15.0,193.896,13.494492475364476,1.0,True,True,0.0,1907,fragmented,2498,3724,2.981585268214572,38.753173668368014,0.0011940669876710339,0.11933987285489868,0.012987941491482214,0.8544004745463064,0.9344796792607933,5.567676767676768,931,classic,1.0,0.3,0.3,False,n/a,n/a,n/a,n/a,n/a,n/a,n/a,n/a,n/a,n/a,n/a,n/a,n/a,n/a,n/a,n/a,n/a,n/a,n/a
PM9_full_N500,S2,1669164794,500,False,weak_PD,1.6,1.0,0.0,0.0,True,0.0,0.5,100,15,30,2.0,100000,0.0,0.0,1.0,0.0,0.0,0.0,0.0,1.0,0.0,0.02706826128708936,0.0,0.02706826128708936,15.0,230.036,10.292294563539068,1.0,True,True,0.0,1838,connected,2498,4675,3.7429943955164133,34.68781491296951,0.001498996554071451,0.08511316447998125,0.011836995319431038,0.8263018546526354,0.9292303562711288,5.328,0,classic,1.0,0.3,0.3,False,n/a,n/a,n/a,n/a,n/a,n/a,n/a,n/a,n/a,n/a,n/a,n/a,n/a,n/a,n/a,n/a,n/a,n/a,n/a
PM9_full_N500,S2,1669164794,500,False,weak_PD,1.6,1.0,0.0,0.0,True,0.01,0.5,100,0,30,0.1,100000,0.12400000000000003,0.04939999999999999,0.4766,0.09699999999999999,0.08259999999999998,0.09759999999999999,0.07279999999999999,0.7010816164284238,0.03270756725372557,0.3961478892550811,0.3888454261625046,0.4128053399313169,20.804,20.804,93.0649448280156,0.0,False,False,0.0240842403369608,14292,baseline,2498,4655,3.7269815852682147,37.43657979976443,0.0014925837345887924,0.08077171329913706,0.011936993938619469,0.9862726867345499,0.9862726867345499,1.3305084745762712,0,classic,1.0,0.3,0.3,False,n/a,n/a,n/a,n/a,n/a,n/a,n/a,n/a,n/a,n/a,n/a,n/a,n/a,n/a,n/a,n/a,n/a,n/a,n/a
PM9_full_N500,S2,1669164794,500,False,weak_PD,1.6,1.0,0.0,0.0,True,0.01,0.5,100,0,30,0.1,100000,0.1364,0.057600000000000005,0.41240000000000004,0.08839999999999998,0.1556,0.09039999999999998,0.05920000000000001,0.685950593200152,0.018558172733761598,0.38703741411729164,0.41348616174701386,0.4167893922536715,18.756,18.756,116.16337470393336,0.0,False,True,0.0036602354409443275,14279,fragmented,2498,3724,2.981585268214572,38.753173668368014,0.0011940669876710339,0.11933987285489868,0.012987941491482214,0.9867717721474261,0.9867717721474261,1.3624454148471616,931,classic,1.0,0.3,0.3,False,n/a,n/a,n/a,n/a,n/a,n/a,n/a,n/a,n/a,n/a,n/a,n/a,n/a,n/a,n/a,n/a,n/a,n/a,n/a
PM9_full_N500,S2,1669164794,500,False,weak_PD,1.6,1.0,0.0,0.0,True,0.01,0.5,100,0,30,2.0,100000,0.06200000000000001,0.016999999999999998,0.7727999999999999,0.034999999999999996,0.04659999999999999,0.0512,0.015400000000000002,0.928718004189605,0.09403456606578703,0.11938289482632647,0.12842742788870254,0.12008747223723415,231.716,231.716,10.28395011020842,0.0,False,True,0.0020331633326529644,19783,baseline,2498,4655,3.7269815852682147,37.43657979976443,0.0014925837345887924,0.08077171329913706,0.011936993938619469,0.9205707276465099,0.9205707276465099,5.393939393939394,0,classic,1.0,0.3,0.3,False,n/a,n/a,n/a,n/a,n/a,n/a,n/a,n/a,n/a,n/a,n/a,n/a,n/a,n/a,n/a,n/a,n/a,n/a,n/a
PM9_full_N500,S2,1669164794,500,False,weak_PD,1.6,1.0,0.0,0.0,True,0.01,0.5,100,0,30,0.1,100000,0.1048,0.0766,0.449,0.10400000000000001,0.07659999999999999,0.14219999999999997,0.046799999999999994,0.7189404600223313,0.04577667113579774,0.3575962362591655,0.421489886687413,0.38995066984555826,21.072,21.072,94.96931623862568,0.0,False,True,-0.008826169704678269,14226,connected,2498,4675,3.7429943955164133,34.68781491296951,0.001498996554071451,0.08511316447998125,0.011836995319431038,0.9770931612601942,0.9770931612601942,1.363265306122449,0,classic,1.0,0.3,0.3,False,n/a,n/a,n/a,n/a,n/a,n/a,n/a,n/a,n/a,n/a,n/a,n/a,n/a,n/a,n/a,n/a,n/a,n/a,n/a
PM9_full_N500,S2,1669164794,500,False,weak_PD,1.6,1.0,0.0,0.0,True,0.01,0.5,100,0,30,2.0,100000,0.1066,0.017999999999999995,0.7224000000000002,0.052599999999999994,0.04739999999999999,0.03200000000000001,0.020999999999999998,0.9121381233991324,0.08623066319497626,0.12280153496041293,0.13601675438248043,0.12603346898694898,194.212,194.212,13.48071508671577,0.0,False,True,-0.006868510674044893,21657,fragmented,2498,3724,2.981585268214572,38.753173668368014,0.0011940669876710339,0.11933987285489868,0.012987941491482214,0.9359242484165023,0.9359242484165023,5.088709677419355,931,classic,1.0,0.3,0.3,False,n/a,n/a,n/a,n/a,n/a,n/a,n/a,n/a,n/a,n/a,n/a,n/a,n/a,n/a,n/a,n/a,n/a,n/a,n/a
PM9_full_N500,S2,1669164794,500,False,weak_PD,1.6,1.0,0.0,0.0,True,0.01,0.5,100,5,30,0.1,100000,0.11779999999999999,0.0406,0.4911999999999999,0.1004,0.1032,0.10300000000000001,0.04379999999999999,0.7782071198334954,0.031203288490284007,0.37776613605904136,0.39403810905250913,0.39763391336758075,5.0,21.248,93.19106010858718,1.0,False,True,0.004723228492915436,14318,baseline,2498,4655,3.7269815852682147,37.43657979976443,0.0014925837345887924,0.08077171329913706,0.011936993938619469,0.977499756887837,0.981461686241368,1.384,0,classic,1.0,0.3,0.3,False,n/a,n/a,n/a,n/a,n/a,n/a,n/a,n/a,n/a,n/a,n/a,n/a,n/a,n/a,n/a,n/a,n/a,n/a,n/a
PM9_full_N500,S2,1669164794,500,False,weak_PD,1.6,1.0,0.0,0.0,True,0.01,0.5,100,0,30,2.0,100000,0.06559999999999999,0.022399999999999996,0.7496,0.0546,0.0508,0.030600000000000006,0.0264,0.9152642359175873,0.09777227722772278,0.1179760632830787,0.11390406069534297,0.11829140464104813,232.608,232.608,10.274697627977632,0.0,False,True,-0.008311185244736584,19121,connected,2498,4675,3.7429943955164133,34.68781491296951,0.001498996554071451,0.08511316447998125,0.011836995319431038,0.9261178274476408,0.9261178274476408,5.274193548387097,0,classic,1.0,0.3,0.3,False,n/a,n/a,n/a,n/a,n/a,n/a,n/a,n/a,n/a,n/a,n/a,n/a,n/a,n/a,n/a,n/a,n/a,n/a,n/a
PM9_full_N500,S2,1669164794,500,False,weak_PD,1.6,1.0,0.0,0.0,True,0.01,0.5,100,5,30,0.1,100000,0.11480000000000001,0.05840000000000001,0.454,0.10200000000000001,0.10700000000000001,0.11100000000000002,0.0528,0.7003816666205223,0.015645805592543277,0.3468871327339423,0.4141131240051168,0.39053490631540183,4.996,18.824,116.05744230827656,0.996,False,True,-0.017025687302744452,13979,fragmented,2498,3724,2.981585268214572,38.753173668368014,0.0011940669876710339,0.11933987285489868,0.012987941491482214,0.9872817591126839,0.9894952257643952,1.45,931,classic,1.0,0.3,0.3,False,n/a,n/a,n/a,n/a,n/a,n/a,n/a,n/a,n/a,n/a,n/a,n/a,n/a,n/a,n/a,n/a,n/a,n/a,n/a
PM9_full_N500,S2,1669164794,500,False,weak_PD,1.6,1.0,0.0,0.0,True,0.01,0.5,100,5,30,2.0,100000,0.0418,0.008600000000000002,0.8516,0.034600000000000006,0.022799999999999997,0.0252,0.0154,0.9339482749754543,0.0857238158772515,0.11013600501084868,0.11233984242485845,0.11031852359501676,5.0,230.412,10.328855256897688,1.0,False,True,3.076812307066123e-05,15840,baseline,2498,4655,3.7269815852682147,37.43657979976443,0.0014925837345887924,0.08077171329913706,0.011936993938619469,0.7832795114316283,0.9269446112741427,5.5582329317269075,0,classic,1.0,0.3,0.3,False,n/a,n/a,n/a,n/a,n/a,n/a,n/a,n/a,n/a,n/a,n/a,n/a,n/a,n/a,n/a,n/a,n/a,n/a,n/a
PM9_full_N500,S2,1669164794,500,False,weak_PD,1.6,1.0,0.0,0.0,True,0.01,0.5,100,5,30,0.1,100000,0.1086,0.06700000000000002,0.4666,0.12639999999999998,0.08399999999999999,0.08319999999999998,0.06420000000000001,0.7977984471020376,0.03720626631853786,0.3271575868029949,0.37122030370746545,0.35758130108258424,5.0,21.488,93.86905981370913,1.0,False,True,-0.0005947127788489181,14105,connected,2498,4675,3.7429943955164133,34.68781491296951,0.001498996554071451,0.08511316447998125,0.011836995319431038,0.9821808755068132,0.9881638735350005,1.3984375,0,classic,1.0,0.3,0.3,False,n/a,n/a,n/a,n/a,n/a,n/a,n/a,n/a,n/a,n/a,n/a,n/a,n/a,n/a,n/a,n/a,n/a,n/a,n/a
PM9_full_N500,S2,1669164794,500,False,weak_PD,1.6,1.0,0.0,0.0,True,0.01,0.5,100,5,30,2.0,100000,0.022199999999999994,0.007000000000000001,0.8788,0.021199999999999997,0.031200000000000006,0.021599999999999994,0.017999999999999995,0.9572951267734776,0.06779661016949153,0.10673711837551189,0.1195160339247964,0.10695935092672892,5.0,198.82,13.052805868690916,1.0,False,True,-0.0016140832563344902,16279,fragmented,2498,3724,2.981585268214572,38.753173668368014,0.0011940669876710339,0.11933987285489868,0.012987941491482214,0.8207958981624701,0.9353000165803182,5.280808080808081,931,classic,1.0,0.3,0.3,False,n/a,n/a,n/a,n/a,n/a,n/a,n/a,n/a,n/a,n/a,n/a,n/a,n/a,n/a,n/a,n/a,n/a,n/a,n/a
PM9_full_N500,S2,1669164794,500,False,weak_PD,1.6,1.0,0.0,0.0,True,0.01,0.5,100,15,30,0.1,100000,0.1316,0.06360000000000002,0.43820000000000003,0.1032,0.09779999999999998,0.101,0.06460000000000002,0.5924647871823966,0.03856282919488337,0.4090719653710665,0.42208598147126647,0.41825147255977996,14.752,21.108,92.37373193545783,0.848,False,True,0.014533920535685621,14283,baseline,2498,4655,3.7269815852682147,37.43657979976443,0.0014925837345887924,0.08077171329913706,0.011936993938619469,0.9693146759765076,0.978480281113051,1.3029045643153527,0,classic,1.0,0.3,0.3,False,n/a,n/a,n/a,n/a,n/a,n/a,n/a,n/a,n/a,n/a,n/a,n/a,n/a,n/a,n/a,n/a,n/a,n/a,n/a
PM9_full_N500,S2,1669164794,500,False,weak_PD,1.6,1.0,0.0,0.0,True,0.01,0.5,100,5,30,2.0,100000,0.038,0.0116,0.842,0.0364,0.0256,0.032799999999999996,0.013600000000000001,0.9393927283485637,0.0751958224543081,0.10776984029032595,0.10833219434153694,0.10793378591068295,5.0,232.088,10.27915045195821,1.0,False,True,-0.0010629162516657392,15295,connected,2498,4675,3.7429943955164133,34.68781491296951,0.001498996554071451,0.08511316447998125,0.011836995319431038,0.775031045444512,0.9217117872353826,5.422845691382766,0,classic,1.0,0.3,0.3,False,n/a,n/a,n/a,n/a,n/a,n/a,n/a,n/a,n/a,n/a,n/a,n/a,n/a,n/a,n/a,n/a,n/a,n/a,n/a
PM9_full_N500,S2,1669164794,500,False,weak_PD,1.6,1.0,0.0,0.0,True,0.01,0.5,100,15,30,0.1,100000,0.1026,0.06460000000000002,0.4398000000000001,0.1302,0.10459999999999998,0.08979999999999998,0.06840000000000002,0.6036771718058311,0.029411764705882353,0.3764100683627139,0.4719116646854793,0.4106259251882489,14.272,18.944,117.966847328725,0.738,False,True,-0.002554723818893994,14264,fragmented,2498,3724,2.981585268214572,38.753173668368014,0.0011940669876710339,0.11933987285489868,0.012987941491482214,0.9851626517656195,0.9857406663969305,1.390134529147982,931,classic,1.0,0.3,0.3,False,n/a,n/a,n/a,n/a,n/a,n/a,n/a,n/a,n/a,n/a,n/a,n/a,n/a,n/a,n/a,n/a,n/a,n/a,n/a
PM9_full_N500,S2,1669164794,500,False,weak_PD,1.6,1.0,0.0,0.0,True,0.01,0.5,100,15,30,2.0,100000,0.04139999999999999,0.0116,0.8583999999999999,0.024399999999999998,0.027000000000000003,0.0226,0.014600000000000002,0.9478263980049949,0.06850270176050201,0.11361671644829353,0.11860124433157727,0.11399714940390669,15.0,235.712,10.081306390453296,1.0,False,True,0.0018340297361152823,16709,baseline,2498,4655,3.7269815852682147,37.43657979976443,0.0014925837345887924,0.08077171329913706,0.011936993938619469,0.8094380656001633,0.9181505843857687,5.625754527162978,0,classic,1.0,0.3,0.3,False,n/a,n/a,n/a,n/a,n/a,n/a,n/a,n/a,n/a,n/a,n/a,n/a,n/a,n/a,n/a,n/a,n/a,n/a,n/a
PM9_full_N500,S2,1669164794,500,False,weak_PD,1.6,1.0,0.0,0.0,True,0.01,0.5,100,15,30,0.1,100000,0.09979999999999999,0.0452,0.4772,0.11999999999999997,0.08159999999999998,0.08619999999999998,0.08999999999999998,0.689964169431652,0.03305785123966942,0.3861703703446974,0.4000197053693896,0.3920647919386379,14.74,21.144,95.24039435103121,0.868,False,True,-0.004464469057873302,14359,connected,2498,4675,3.7429943955164133,34.68781491296951,0.001498996554071451,0.08511316447998125,0.011836995319431038,0.9791787986831825,0.9813999782754328,1.3708920187793427,0,classic,1.0,0.3,0.3,False,n/a,n/a,n/a,n/a,n/a,n/a,n/a,n/a,n/a,n/a,n/a,n/a,n/a,n/a,n/a,n/a,n/a,n/a,n/a
PM9_full_N500,S2,1669164794,500,False,weak_PD,1.6,1.0,0.0,0.0,True,0.01,0.5,100,15,30,2.0,100000,0.054200000000000005,0.018,0.8265999999999998,0.04139999999999999,0.020599999999999993,0.024399999999999998,0.014799999999999999,0.9281254434273183,0.07305273343009192,0.11236204675460722,0.10917532622497467,0.11220738195400555,15.0,197.408,13.178357006706793,1.0,False,True,-0.011384714338852596,17756,fragmented,2498,3724,2.981585268214572,38.753173668368014,0.0011940669876710339,0.11933987285489868,0.012987941491482214,0.859584081413896,0.93397003885968,5.1878787878787875,931,classic,1.0,0.3,0.3,False,n/a,n/a,n/a,n/a,n/a,n/a,n/a,n/a,n/a,n/a,n/a,n/a,n/a,n/a,n/a,n/a,n/a,n/a,n/a
PM9_full_N500,S2,1669164794,500,False,weak_PD,1.6,1.0,0.0,0.0,True,0.01,0.5,100,15,30,2.0,100000,0.022,0.0116,0.8654,0.03660000000000001,0.027000000000000003,0.014400000000000001,0.022999999999999996,0.9376440755003103,0.08028545941123996,0.10593480542903662,0.10241406586315338,0.10612885276048441,15.0,234.028,10.11312601540507,1.0,False,True,0.00026774507097442453,15482,connected,2498,4675,3.7429943955164133,34.68781491296951,0.001498996554071451,0.08511316447998125,0.011836995319431038,0.8198857726022841,0.9227679069280735,5.286573146292585,0,classic,1.0,0.3,0.3,False,n/a,n/a,n/a,n/a,n/a,n/a,n/a,n/a,n/a,n/a,n/a,n/a,n/a,n/a,n/a,n/a,n/a,n/a,n/a
PM9_full_N500,S2,1669164794,500,False,snowdrift,4.0,3.0,0.0,2.0,True,0.0,0.5,100,0,30,0.1,100000,0.0,0.0,0.99,0.009999999999999998,0.0,0.0,0.0,0.9674892861675188,0.0008125126955108674,0.3505930337591585,0.0,0.3580362539104608,21.676,21.676,92.46396685474289,0.0,False,True,0.003736008544001217,2525,baseline,2498,4655,3.7269815852682147,37.43657979976443,0.0014925837345887924,0.08077171329913706,0.011936993938619469,0.986544198788206,0.986544198788206,1.3215859030837005,0,classic,1.0,0.3,0.3,False,n/a,n/a,n/a,n/a,n/a,n/a,n/a,n/a,n/a,n/a,n/a,n/a,n/a,n/a,n/a,n/a,n/a,n/a,n/a
PM9_full_N500,S2,1669164794,500,False,snowdrift,4.0,3.0,0.0,2.0,True,0.0,0.5,100,0,30,0.1,100000,0.009200000000000003,0.0,0.9743999999999998,0.005599999999999999,0.0,0.010799999999999999,0.0,0.996386880584468,0.0009910802775024777,0.6006105036527709,0.4642625075044949,0.6071571133278664,18.076,18.076,115.99585232524731,0.0,False,False,0.023439732158926436,3025,fragmented,2498,3724,2.981585268214572,38.753173668368014,0.0011940669876710339,0.11933987285489868,0.012987941491482214,0.9868050482722798,0.9868050482722798,1.2875536480686696,931,classic,1.0,0.3,0.3,False,n/a,n/a,n/a,n/a,n/a,n/a,n/a,n/a,n/a,n/a,n/a,n/a,n/a,n/a,n/a,n/a,n/a,n/a,n/a
PM9_full_N500,S2,1669164794,500,False,snowdrift,4.0,3.0,0.0,2.0,True,0.0,0.5,100,0,30,2.0,100000,0.0,0.0,1.0,0.0,0.0,0.0,0.0,1.0,0.0,0.1716698970872753,0.0,0.1716698970872753,232.112,232.112,10.388892877203162,0.0,True,True,0.0,3369,baseline,2498,4655,3.7269815852682147,37.43657979976443,0.0014925837345887924,0.08077171329913706,0.011936993938619469,0.9180788717754695,0.9180788717754695,5.575150300601202,0,classic,1.0,0.3,0.3,False,n/a,n/a,n/a,n/a,n/a,n/a,n/a,n/a,n/a,n/a,n/a,n/a,n/a,n/a,n/a,n/a,n/a,n/a,n/a
PM9_full_N500,S2,1669164794,500,False,snowdrift,4.0,3.0,0.0,2.0,True,0.0,0.5,100,0,30,0.1,100000,0.0,0.0,0.9916,0.0024000000000000007,0.005999999999999999,0.0,0.0,0.9992886178861788,0.0013259668508287293,0.5979315301015614,0.0,0.6070723843700001,21.284,21.284,94.08236390336045,0.0,False,False,0.030862481849926668,3102,connected,2498,4675,3.7429943955164133,34.68781491296951,0.001498996554071451,0.08511316447998125,0.011836995319431038,0.9835688232356176,0.9835688232356176,1.2995391705069124,0,classic,1.0,0.3,0.3,False,n/a,n/a,n/a,n/a,n/a,n/a,n/a,n/a,n/a,n/a,n/a,n/a,n/a,n/a,n/a,n/a,n/a,n/a,n/a
PM9_full_N500,S2,1669164794,500,False,snowdrift,4.0,3.0,0.0,2.0,True,0.0,0.5,100,0,30,2.0,100000,0.0,0.0,1.0,0.0,0.0,0.0,0.0,1.0,0.0,0.3169018469953263,0.0,0.3169018469953263,199.46,199.46,12.950328821149625,0.0,True,True,0.00021464725858903435,8513,fragmented,2498,3724,2.981585268214572,38.753173668368014,0.0011940669876710339,0.11933987285489868,0.012987941491482214,0.9349681308112083,0.9349681308112083,5.209775967413442,931,classic,1.0,0.3,0.3,False,n/a,n/a,n/a,n/a,n/a,n/a,n/a,n/a,n/a,n/a,n/a,n/a,n/a,n/a,n/a,n/a,n/a,n/a,n/a
PM9_full_N500,S2,1669164794,500,False,snowdrift,4.0,3.0,0.0,2.0,True,0.0,0.5,100,5,30,0.1,100000,0.0020000000000000005,0.0,0.998,0.0,0.0,0.0,0.0,1.0,0.0,0.40020972391882886,0.5853314527503526,0.4005799673764919,5.0,21.82,89.93578609798979,1.0,False,True,0.00658471433884051,2651,baseline,2498,4655,3.7269815852682147,37.43657979976443,0.0014925837345887924,0.08077171329913706,0.011936993938619469,0.9808041483781019,0.9856980036037025,1.2890995260663507,0,classic,1.0,0.3,0.3,False,n/a,n/a,n/a,n/a,n/a,n/a,n/a,n/a,n/a,n/a,n/a,n/a,n/a,n/a,n/a,n/a,n/a,n/a,n/a
PM9_full_N500,S2,1669164794,500,False,snowdrift,4.0,3.0,0.0,2.0,True,0.0,0.5,100,0,30,2.0,100000,0.0,0.0,1.0,0.0,0.0,0.0,0.0,1.0,0.0,0.20706467124137587,0.0,0.20706467124137587,232.788,232.788,10.25913701504694,0.0,True,True,0.0,4753,connected,2498,4675,3.7429943955164133,34.68781491296951,0.001498996554071451,0.08511316447998125,0.011836995319431038,0.9209641296466663,0.9209641296466663,5.713709677419355,0,classic,1.0,0.3,0.3,False,n/a,n/a,n/a,n/a,n/a,n/a,n/a,n/a,n/a,n/a,n/a,n/a,n/a,n/a,n/a,n/a,n/a,n/a,n/a
PM9_full_N500,S2,1669164794,500,False,snowdrift,4.0,3.0,0.0,2.0,True,0.0,0.5,100,5,30,0.1,100000,0.041999999999999996,0.0,0.954,0.0020000000000000005,0.0,0.0020000000000000005,0.0,0.9930982678021267,0.00020048115477145148,0.6026479771679675,1.0088376987489733,0.6285946694879886,4.998,18.596,115.24542782262897,0.998,False,False,0.02667302509209451,3035,fragmented,2498,3724,2.981585268214572,38.753173668368014,0.0011940669876710339,0.11933987285489868,0.012987941491482214,0.9810457376146821,0.9858665842204523,1.3047210300429184,931,classic,1.0,0.3,0.3,False,n/a,n/a,n/a,n/a,n/a,n/a,n/a,n/a,n/a,n/a,n/a,n/a,n/a,n/a,n/a,n/a,n/a,n/a,n/a
PM9_full_N500,S2,1669164794,500,False,snowdrift,4.0,3.0,0.0,2.0,True,0.0,0.5,100,5,30,2.0,100000,0.0,0.0,1.0,0.0,0.0,0.0,0.0,1.0,0.0,0.20139859295106552,0.0,0.20139859295106552,5.0,228.168,10.441220665572665,1.0,True,True,0.0,4123,baseline,2498,4655,3.7269815852682147,37.43657979976443,0.0014925837345887924,0.08077171329913706,0.011936993938619469,0.7577761871328692,0.9233327834487043,5.633802816901408,0,classic,1.0,0.3,0.3,False,n/a,n/a,n/a,n/a,n/a,n/a,n/a,n/a,n/a,n/a,n/a,n/a,n/a,n/a,n/a,n/a,n/a,n/a,n/a
PM9_full_N500,S2,1669164794,500,False,snowdrift,4.0,3.0,0.0,2.0,True,0.0,0.5,100,5,30,0.1,100000,0.0,0.0,1.0,0.0,0.0,0.0,0.0,1.0,0.0,0.5343085831194639,0.0,0.5343085831194639,5.0,21.304,92.8793271543845,1.0,True,False,0.02189117876472092,3012,connected,2498,4675,3.7429943955164133,34.68781491296951,0.001498996554071451,0.08511316447998125,0.011836995319431038,0.9810422578978786,0.9863168275899448,1.2467532467532467,0,classic,1.0,0.3,0.3,False,n/a,n/a,n/a,n/a,n/a,n/a,n/a,n/a,n/a,n/a,n/a,n/a,n/a,n/a,n/a,n/a,n/a,n/a,n/a
PM9_full_N500,S2,1669164794,500,False,snowdrift,4.0,3.0,0.0,2.0,True,0.0,0.5,100,5,30,2.0,100000,0.0,0.0,1.0,0.0,0.0,0.0,0.0,1.0,0.0,0.20472968862069096,0.0,0.20472968862069096,5.0,200.968,12.954023182433172,1.0,True,True,0.0014701594806379227,4678,fragmented,2498,3724,2.981585268214572,38.753173668368014,0.0011940669876710339,0.11933987285489868,0.012987941491482214,0.8136253437271435,0.9351914290927096,5.474747474747475,931,classic,1.0,0.3,0.3,False,n/a,n/a,n/a,n/a,n/a,n/a,n/a,n/a,n/a,n/a,n/a,n/a,n/a,n/a,n/a,n/a,n/a,n/a,n/a
PM9_full_N500,S2,1669164794,500,False,snowdrift,4.0,3.0,0.0,2.0,True,0.0,0.5,100,15,30,0.1,100000,0.0,0.0,0.99,0.009999999999999998,0.0,0.0,0.0,0.9674892861675188,0.0008125126955108674,0.3505930337591585,0.0,0.3580362539104608,14.684,21.676,92.46396685474289,0.844,False,True,0.003736008544001217,2525,baseline,2498,4655,3.7269815852682147,37.43657979976443,0.0014925837345887924,0.08077171329913706,0.011936993938619469,0.9849982652365714,0.986544198788206,1.3215859030837005,0,classic,1.0,0.3,0.3,False,n/a,n/a,n/a,n/a,n/a,n/a,n/a,n/a,n/a,n/a,n/a,n/a,n/a,n/a,n/a,n/a,n/a,n/a,n/a
PM9_full_N500,S2,1669164794,500,False,snowdrift,4.0,3.0,0.0,2.0,True,0.0,0.5,100,5,30,2.0,100000,0.0,0.0,1.0,0.0,0.0,0.0,0.0,1.0,0.0,0.19670221481352476,0.0,0.19670221481352476,5.0,234.124,10.253507672254573,1.0,True,True,0.0,3804,connected,2498,4675,3.7429943955164133,34.68781491296951,0.001498996554071451,0.08511316447998125,0.011836995319431038,0.7703514466111652,0.9207476478530443,5.485943775100401,0,classic,1.0,0.3,0.3,False,n/a,n/a,n/a,n/a,n/a,n/a,n/a,n/a,n/a,n/a,n/a,n/a,n/a,n/a,n/a,n/a,n/a,n/a,n/a
PM9_full_N500,S2,1669164794,500,False,snowdrift,4.0,3.0,0.0,2.0,True,0.0,0.5,100,15,30,0.1,100000,0.0026000000000000003,0.0,0.9914,0.0020000000000000005,0.004000000000000001,0.0,0.0,0.9998977505112474,0.0002189621195533173,0.5706173104622874,1.7962206880256981,0.582350322699771,14.212,18.328,115.05056035336071,0.69,False,False,0.02369804039215717,2926,fragmented,2498,3724,2.981585268214572,38.753173668368014,0.0011940669876710339,0.11933987285489868,0.012987941491482214,0.9876048609655651,0.98803214348406,1.3596059113300492,931,classic,1.0,0.3,0.3,False,n/a,n/a,n/a,n/a,n/a,n/a,n/a,n/a,n/a,n/a,n/a,n/a,n/a,n/a,n/a,n/a,n/a,n/a,n/a
PM9_full_N500,S2,1669164794,500,False,snowdrift,4.0,3.0,0.0,2.0,True,0.0,0.5,100,15,30,2.0,100000,0.0,0.0,1.0,0.0,0.0,0.0,0.0,1.0,0.0,0.1877639684659011,0.0,0.1877639684659011,15.0,231.944,10.36922556089633,1.0,True,True,0.0,3935,baseline,2498,4655,3.7269815852682147,37.43657979976443,0.0014925837345887924,0.08077171329913706,0.011936993938619469,0.8175223435287576,0.9175350460159633,5.81010101010101,0,classic,1.0,0.3,0.3,False,n/a,n/a,n/a,n/a,n/a,n/a,n/a,n/a,n/a,n/a,n/a,n/a,n/a,n/a,n/a,n/a,n/a,n/a,n/a
PM9_full_N500,S2,1669164794,500,False,snowdrift,4.0,3.0,0.0,2.0,True,0.0,0.5,100,15,30,0.1,100000,0.0,0.0,0.9916,0.0024000000000000007,0.005999999999999999,0.0,0.0,0.9992886178861788,0.0013259668508287293,0.5979315301015614,0.0,0.6070723843700001,14.62,21.284,94.08236390336045,0.818,False,False,0.030862481849926668,3102,connected,2498,4675,3.7429943955164133,34.68781491296951,0.001498996554071451,0.08511316447998125,0.011836995319431038,0.9828984664258227,0.9835688232356176,1.2995391705069124,0,classic,1.0,0.3,0.3,False,n/a,n/a,n/a,n/a,n/a,n/a,n/a,n/a,n/a,n/a,n/a,n/a,n/a,n/a,n/a,n/a,n/a,n/a,n/a
PM9_full_N500,S2,1669164794,500,False,snowdrift,4.0,3.0,0.0,2.0,True,0.0,0.5,100,15,30,2.0,100000,0.0,0.0,1.0,0.0,0.0,0.0,0.0,1.0,0.0,0.18159802300772526,0.0,0.18159802300772526,15.0,197.2,13.17022421452236,1.0,True,True,0.0,4597,fragmented,2498,3724,2.981585268214572,38.753173668368014,0.0011940669876710339,0.11933987285489868,0.012987941491482214,0.8645197549440503,0.9342230609472351,5.283400809716599,931,classic,1.0,0.3,0.3,False,n/a,n/a,n/a,n/a,n/a,n/a,n/a,n/a,n/a,n/a,n/a,n/a,n/a,n/a,n/a,n/a,n/a,n/a,n/a
PM9_full_N500,S2,1669164794,500,False,snowdrift,4.0,3.0,0.0,2.0,True,0.01,0.5,100,0,30,0.1,100000,0.11600000000000002,0.0712,0.44580000000000003,0.11680000000000001,0.07799999999999999,0.11100000000000002,0.06120000000000001,0.7319808032190949,0.04584657285519746,1.1164659785592408,1.1840425350876733,1.182159791737923,21.2,21.2,91.56447186455786,0.0,False,True,0.006605133620534482,13831,baseline,2498,4655,3.7269815852682147,37.43657979976443,0.0014925837345887924,0.08077171329913706,0.011936993938619469,0.9894065732042613,0.9894065732042613,1.2753623188405796,0,classic,1.0,0.3,0.3,False,n/a,n/a,n/a,n/a,n/a,n/a,n/a,n/a,n/a,n/a,n/a,n/a,n/a,n/a,n/a,n/a,n/a,n/a,n/a
PM9_full_N500,S2,1669164794,500,False,snowdrift,4.0,3.0,0.0,2.0,True,0.0,0.5,100,15,30,2.0,100000,0.0,0.0,1.0,0.0,0.0,0.0,0.0,1.0,0.0,0.24299949308856103,0.0,0.24299949308856103,15.0,237.612,10.134515656060179,1.0,True,True,0.004631298525194833,5466,connected,2498,4675,3.7429943955164133,34.68781491296951,0.001498996554071451,0.08511316447998125,0.011836995319431038,0.8176307342873054,0.9225663016213568,5.5230460921843685,0,classic,1.0,0.3,0.3,False,n/a,n/a,n/a,n/a,n/a,n/a,n/a,n/a,n/a,n/a,n/a,n/a,n/a,n/a,n/a,n/a,n/a,n/a,n/a
PM9_full_N500,S2,1669164794,500,False,snowdrift,4.0,3.0,0.0,2.0,True,0.01,0.5,100,0,30,0.1,100000,0.11580000000000001,0.06460000000000002,0.3802,0.15019999999999997,0.1234,0.1004,0.06540000000000001,0.6269065203290682,0.022235225277940317,1.275719973324641,1.507048642530898,1.4312034961142306,18.972,18.972,115.71291988271877,0.0,False,False,-0.024976333505336585,14493,fragmented,2498,3724,2.981585268214572,38.753173668368014,0.0011940669876710339,0.11933987285489868,0.012987941491482214,0.9803457725445268,0.9803457725445268,1.3278008298755186,931,classic,1.0,0.3,0.3,False,n/a,n/a,n/a,n/a,n/a,n/a,n/a,n/a,n/a,n/a,n/a,n/a,n/a,n/a,n/a,n/a,n/a,n/a,n/a
PM9_full_N500,S2,1669164794,500,False,snowdrift,4.0,3.0,0.0,2.0,True,0.01,0.5,100,0,30,2.0,100000,0.11420000000000001,0.030600000000000006,0.5791999999999999,0.08219999999999998,0.06300000000000001,0.0788,0.052000000000000005,0.801519790212376,0.17118673346001037,0.8966907523342159,0.8919911696519169,0.8970788710550514,232.744,232.744,10.142379054831595,0.0,False,False,-0.02390411481645597,27648,baseline,2498,4655,3.7269815852682147,37.43657979976443,0.0014925837345887924,0.08077171329913706,0.011936993938619469,0.9196390799302954,0.9196390799302954,5.569416498993964,0,classic,1.0,0.3,0.3,False,n/a,n/a,n/a,n/a,n/a,n/a,n/a,n/a,n/a,n/a,n/a,n/a,n/a,n/a,n/a,n/a,n/a,n/a,n/a
PM9_full_N500,S2,1669164794,500,False,snowdrift,4.0,3.0,0.0,2.0,True,0.01,0.5,100,0,30,0.1,100000,0.125,0.06660000000000002,0.41340000000000005,0.12200000000000003,0.09379999999999998,0.1028,0.07640000000000001,0.5798992296400495,0.05238828967642527,1.1779984288843637,1.1034857271560679,1.2082149351911153,21.356,21.356,93.19447083932134,0.0,False,True,0.0016293281173143004,14118,connected,2498,4675,3.7429943955164133,34.68781491296951,0.001498996554071451,0.08511316447998125,0.011836995319431038,0.9894171749059966,0.9894171749059966,1.4410480349344978,0,classic,1.0,0.3,0.3,False,n/a,n/a,n/a,n/a,n/a,n/a,n/a,n/a,n/a,n/a,n/a,n/a,n/a,n/a,n/a,n/a,n/a,n/a,n/a
PM9_full_N500,S2,1669164794,500,False,snowdrift,4.0,3.0,0.0,2.0,True,0.01,0.5,100,0,30,2.0,100000,0.11920000000000001,0.04199999999999999,0.3946,0.1654,0.06540000000000001,0.141,0.07240000000000002,0.6264177423708998,0.17245085995085996,1.073650344877956,1.1117730592665132,1.0943548028305516,204.784,204.784,12.69098997935436,0.0,False,False,-0.02554496297984789,31243,fragmented,2498,3724,2.981585268214572,38.753173668368014,0.0011940669876710339,0.11933987285489868,0.012987941491482214,0.933485060511079,0.933485060511079,5.327935222672065,931,classic,1.0,0.3,0.3,False,n/a,n/a,n/a,n/a,n/a,n/a,n/a,n/a,n/a,n/a,n/a,n/a,n/a,n/a,n/a,n/a,n/a,n/a,n/a
PM9_full_N500,S2,1669164794,500,False,snowdrift,4.0,3.0,0.0,2.0,True,0.01,0.5,100,5,30,0.1,100000,0.1262,0.0356,0.5134000000000001,0.06460000000000002,0.11540000000000002,0.08659999999999998,0.05820000000000001,0.8133676863979898,0.03185108583247156,1.2207964346452949,1.358550209218942,1.2954072041708322,4.998,21.624,92.20551038948935,0.998,False,True,0.005271448285796439,14378,baseline,2498,4655,3.7269815852682147,37.43657979976443,0.0014925837345887924,0.08077171329913706,0.011936993938619469,0.9730897096269239,0.9822655442123883,1.3542600896860986,0,classic,1.0,0.3,0.3,False,n/a,n/a,n/a,n/a,n/a,n/a,n/a,n/a,n/a,n/a,n/a,n/a,n/a,n/a,n/a,n/a,n/a,n/a,n/a
PM9_full_N500,S2,1669164794,500,False,snowdrift,4.0,3.0,0.0,2.0,True,0.01,0.5,100,0,30,2.0,100000,0.038799999999999994,0.028600000000000004,0.6184000000000001,0.1226,0.04859999999999999,0.09939999999999999,0.043599999999999986,0.8215978452911532,0.15479156286331175,1.0038997927739888,1.0104934715572438,1.0124832557005046,232.104,232.104,10.336627980465458,0.0,False,True,-0.009710698042795467,29470,connected,2498,4675,3.7429943955164133,34.68781491296951,0.001498996554071451,0.08511316447998125,0.011836995319431038,0.9265989193613234,0.9265989193613234,5.498997995991984,0,classic,1.0,0.3,0.3,False,n/a,n/a,n/a,n/a,n/a,n/a,n/a,n/a,n/a,n/a,n/a,n/a,n/a,n/a,n/a,n/a,n/a,n/a,n/a
PM9_full_N500,S2,1669164794,500,False,snowdrift,4.0,3.0,0.0,2.0,True,0.01,0.5,100,5,30,2.0,100000,0.0616,0.0464,0.7045999999999999,0.043,0.06540000000000001,0.044599999999999994,0.0344,0.8131002786165163,0.16768665850673195,0.8074386377137154,0.82418574152158,0.8146276107763939,5.0,233.32,10.22196471229794,1.0,False,True,-0.013401730406924191,23599,baseline,2498,4655,3.7269815852682147,37.43657979976443,0.0014925837345887924,0.08077171329913706,0.011936993938619469,0.7916075307887561,0.923011299783638,5.206412825651302,0,classic,1.0,0.3,0.3,False,n/a,n/a,n/a,n/a,n/a,n/a,n/a,n/a,n/a,n/a,n/a,n/a,n/a,n/a,n/a,n/a,n/a,n/a,n/a
PM9_full_N500,S2,1669164794,500,False,snowdrift,4.0,3.0,0.0,2.0,True,0.01,0.5,100,5,30,0.1,100000,0.09359999999999999,0.07719999999999999,0.4264,0.14320000000000005,0.11920000000000001,0.08699999999999998,0.05339999999999999,0.623436011571307,0.05108760726401916,1.4617482539920768,1.5606251576771601,1.5370668765834965,5.0,18.276,119.19685232013424,0.998,False,False,0.02864110016440432,14203,fragmented,2498,3724,2.981585268214572,38.753173668368014,0.0011940669876710339,0.11933987285489868,0.012987941491482214,0.966012784783344,0.9790299859410364,1.2803347280334727,931,classic,1.0,0.3,0.3,False,n/a,n/a,n/a,n/a,n/a,n/a,n/a,n/a,n/a,n/a,n/a,n/a,n/a,n/a,n/a,n/a,n/a,n/a,n/a
PM9_full_N500,S2,1669164794,500,False,snowdrift,4.0,3.0,0.0,2.0,True,0.01,0.5,100,5,30,0.1,100000,0.1072,0.05279999999999999,0.49379999999999996,0.12200000000000003,0.07299999999999998,0.09019999999999997,0.06100000000000001,0.6199194245026407,0.03883303765030554,1.1629619654471324,1.2730797177536282,1.2269436487542933,5.0,21.64,95.07167715041233,1.0,False,True,-0.0014747578990283003,14237,connected,2498,4675,3.7429943955164133,34.68781491296951,0.001498996554071451,0.08511316447998125,0.011836995319431038,0.9841171659017431,0.9903410105772863,1.3990610328638498,0,classic,1.0,0.3,0.3,False,n/a,n/a,n/a,n/a,n/a,n/a,n/a,n/a,n/a,n/a,n/a,n/a,n/a,n/a,n/a,n/a,n/a,n/a,n/a
PM9_full_N500,S2,1669164794,500,False,snowdrift,4.0,3.0,0.0,2.0,True,0.01,0.5,100,5,30,2.0,100000,0.045799999999999993,0.04139999999999999,0.6883999999999999,0.08799999999999998,0.0452,0.041599999999999984,0.04959999999999999,0.8085758109803217,0.14615623062616243,0.9546781381236078,1.0291896411240622,0.9572638491969184,5.0,199.008,13.00190308509534,1.0,False,True,-0.004713570854285981,27338,fragmented,2498,3724,2.981585268214572,38.753173668368014,0.0011940669876710339,0.11933987285489868,0.012987941491482214,0.8218131581624735,0.9341171922418258,5.0263691683569975,931,classic,1.0,0.3,0.3,False,n/a,n/a,n/a,n/a,n/a,n/a,n/a,n/a,n/a,n/a,n/a,n/a,n/a,n/a,n/a,n/a,n/a,n/a,n/a
PM9_full_N500,S2,1669164794,500,False,snowdrift,4.0,3.0,0.0,2.0,True,0.01,0.5,100,15,30,0.1,100000,0.10540000000000001,0.06060000000000001,0.41879999999999995,0.1238,0.1162,0.10779999999999998,0.06740000000000002,0.6614852962332936,0.036051667630615,1.088509770808024,1.225222198181973,1.1640708355793992,14.71,21.296,91.66358868452019,0.846,False,True,6.072024288536607e-05,14073,baseline,2498,4655,3.7269815852682147,37.43657979976443,0.0014925837345887924,0.08077171329913706,0.011936993938619469,0.9863294877045167,0.988271578099997,1.38135593220339,0,classic,1.0,0.3,0.3,False,n/a,n/a,n/a,n/a,n/a,n/a,n/a,n/a,n/a,n/a,n/a,n/a,n/a,n/a,n/a,n/a,n/a,n/a,n/a
PM9_full_N500,S2,1669164794,500,False,snowdrift,4.0,3.0,0.0,2.0,True,0.01,0.5,100,5,30,2.0,100000,0.033400000000000006,0.03180000000000001,0.7614,0.058800000000000005,0.05700000000000001,0.03560000000000001,0.022,0.868984592595238,0.14205391103026294,0.8745671482932103,0.8412711802117796,0.8754206216833769,5.0,227.488,10.519894950252896,1.0,False,True,0.010570688682760955,24106,connected,2498,4675,3.7429943955164133,34.68781491296951,0.001498996554071451,0.08511316447998125,0.011836995319431038,0.7768924653702156,0.9249331127656676,5.623246492985972,0,classic,1.0,0.3,0.3,False,n/a,n/a,n/a,n/a,n/a,n/a,n/a,n/a,n/a,n/a,n/a,n/a,n/a,n/a,n/a,n/a,n/a,n/a,n/a
PM9_full_N500,S2,1669164794,500,False,snowdrift,4.0,3.0,0.0,2.0,True,0.01,0.5,100,15,30,0.1,100000,0.125,0.06240000000000001,0.4128,0.08679999999999999,0.09499999999999999,0.15239999999999998,0.0656,0.7169529141509245,0.026988125224901044,1.2663058242287946,1.6054190585521222,1.3998065022315824,14.314,18.72,116.11729914545964,0.728,False,True,-0.0050345097380363885,14251,fragmented,2498,3724,2.981585268214572,38.753173668368014,0.0011940669876710339,0.11933987285489868,0.012987941491482214,0.9901041560385292,0.9908063952792859,1.3445378151260505,931,classic,1.0,0.3,0.3,False,n/a,n/a,n/a,n/a,n/a,n/a,n/a,n/a,n/a,n/a,n/a,n/a,n/a,n/a,n/a,n/a,n/a,n/a,n/a
PM9_full_N500,S2,1669164794,500,False,snowdrift,4.0,3.0,0.0,2.0,True,0.01,0.5,100,15,30,2.0,100000,0.06839999999999999,0.027199999999999995,0.698,0.06660000000000002,0.05299999999999999,0.048999999999999995,0.03779999999999999,0.846708665057099,0.1487019388761091,0.8863367047168482,0.8908779956968763,0.8854897304580975,15.0,233.456,10.199304469316704,1.0,False,True,0.00021040404161543403,25533,baseline,2498,4655,3.7269815852682147,37.43657979976443,0.0014925837345887924,0.08077171329913706,0.011936993938619469,0.8138229209781529,0.9206984820967481,5.714859437751004,0,classic,1.0,0.3,0.3,False,n/a,n/a,n/a,n/a,n/a,n/a,n/a,n/a,n/a,n/a,n/a,n/a,n/a,n/a,n/a,n/a,n/a,n/a,n/a
PM9_full_N500,S2,1669164794,500,False,snowdrift,4.0,3.0,0.0,2.0,True,0.01,0.5,100,15,30,0.1,100000,0.1026,0.0568,0.44140000000000007,0.10819999999999999,0.09239999999999998,0.11180000000000001,0.08679999999999997,0.6603862322071569,0.05246043789291134,1.0835406653372628,1.2017472260294444,1.1611467359642098,14.73,21.032,94.11067720076491,0.866,False,True,0.008378452713813968,14188,connected,2498,4675,3.7429943955164133,34.68781491296951,0.001498996554071451,0.08511316447998125,0.011836995319431038,0.9772031952795944,0.9841557334386647,1.2589285714285714,0,classic,1.0,0.3,0.3,False,n/a,n/a,n/a,n/a,n/a,n/a,n/a,n/a,n/a,n/a,n/a,n/a,n/a,n/a,n/a,n/a,n/a,n/a,n/a
PM9_full_N500,S2,1669164794,500,False,snowdrift,4.0,3.0,0.0,2.0,True,0.01,0.5,100,15,30,2.0,100000,0.1318,0.032600000000000004,0.5678,0.0676,0.06100000000000001,0.06900000000000002,0.07020000000000001,0.7309005540200955,0.1359471233288268,1.0899598162998592,1.0938321799264914,1.0995726960829564,15.0,201.252,13.090866508828492,1.0,False,False,-0.02603867375469648,29868,fragmented,2498,3724,2.981585268214572,38.753173668368014,0.0011940669876710339,0.11933987285489868,0.012987941491482214,0.863786113373374,0.9387382789086971,5.198396793587174,931,classic,1.0,0.3,0.3,False,n/a,n/a,n/a,n/a,n/a,n/a,n/a,n/a,n/a,n/a,n/a,n/a,n/a,n/a,n/a,n/a,n/a,n/a,n/a
PM9_full_N500,S2,798359651,500,False,PD_classic,9.0,5.0,1.0,0.0,True,0.0,0.5,100,0,30,0.1,100000,0.0,0.0,1.0,0.0,0.0,0.0,0.0,1.0,0.0,1.3496346346984471,0.0,1.3496346346984471,20.572,20.572,92.77628322033912,0.0,True,True,0.0,1325,baseline,2498,4655,3.7269815852682147,37.43657979976443,0.0014925837345887924,0.08077171329913706,0.011936993938619469,0.9763004129909824,0.9763004129909824,1.2936170212765958,0,classic,1.0,0.3,0.3,False,n/a,n/a,n/a,n/a,n/a,n/a,n/a,n/a,n/a,n/a,n/a,n/a,n/a,n/a,n/a,n/a,n/a,n/a,n/a
PM9_full_N500,S2,1669164794,500,False,snowdrift,4.0,3.0,0.0,2.0,True,0.01,0.5,100,15,30,2.0,100000,0.038599999999999995,0.047999999999999994,0.6863999999999999,0.05720000000000001,0.07999999999999999,0.05720000000000001,0.032600000000000004,0.7919082523989404,0.15429087624209575,0.920660467263913,0.8668051006761284,0.9319123996579034,15.0,231.628,10.232648742502711,1.0,False,True,0.012441918567673172,26390,connected,2498,4675,3.7429943955164133,34.68781491296951,0.001498996554071451,0.08511316447998125,0.011836995319431038,0.8065031068323183,0.9154229287086129,5.414829659318637,0,classic,1.0,0.3,0.3,False,n/a,n/a,n/a,n/a,n/a,n/a,n/a,n/a,n/a,n/a,n/a,n/a,n/a,n/a,n/a,n/a,n/a,n/a,n/a
PM9_full_N500,S2,798359651,500,False,PD_classic,9.0,5.0,1.0,0.0,True,0.0,0.5,100,0,30,0.1,100000,0.0,0.0,1.0,0.0,0.0,0.0,0.0,1.0,0.0,1.3963190460202568,0.0,1.3963190460202568,17.716,17.716,124.81104221741082,0.0,True,True,0.0013910551642265163,1311,fragmented,2498,3724,2.981585268214572,39.06609900536579,0.0011940669876710339,0.13327563273822754,0.01309257925630318,0.9848496886648255,0.9848496886648255,1.191304347826087,931,classic,1.0,0.3,0.3,False,n/a,n/a,n/a,n/a,n/a,n/a,n/a,n/a,n/a,n/a,n/a,n/a,n/a,n/a,n/a,n/a,n/a,n/a,n/a
PM9_full_N500,S2,798359651,500,False,PD_classic,9.0,5.0,1.0,0.0,True,0.0,0.5,100,0,30,2.0,100000,0.0,0.0,1.0,0.0,0.0,0.0,0.0,1.0,0.0,1.0615307113309462,0.0,1.0615307113309462,232.176,232.176,10.16759423004456,0.0,True,True,0.0,976,baseline,2498,4655,3.7269815852682147,37.43657979976443,0.0014925837345887924,0.08077171329913706,0.011936993938619469,0.9157068522795593,0.9157068522795593,5.5,0,classic,1.0,0.3,0.3,False,n/a,n/a,n/a,n/a,n/a,n/a,n/a,n/a,n/a,n/a,n/a,n/a,n/a,n/a,n/a,n/a,n/a,n/a,n/a
PM9_full_N500,S2,798359651,500,False,PD_classic,9.0,5.0,1.0,0.0,True,0.0,0.5,100,0,30,0.1,100000,0.0,0.0,1.0,0.0,0.0,0.0,0.0,1.0,0.0,1.288801542851424,0.0,1.288801542851424,20.796,20.796,96.10176117400837,0.0,True,True,0.0,1207,connected,2498,4675,3.7429943955164133,34.81513416099319,0.001498996554071451,0.08036874546424227,0.011910535791314424,0.9800075630862457,0.9800075630862457,1.4027149321266967,0,classic,1.0,0.3,0.3,False,n/a,n/a,n/a,n/a,n/a,n/a,n/a,n/a,n/a,n/a,n/a,n/a,n/a,n/a,n/a,n/a,n/a,n/a,n/a
PM9_full_N500,S2,798359651,500,False,PD_classic,9.0,5.0,1.0,0.0,True,0.0,0.5,100,0,30,2.0,100000,0.0,0.0,1.0,0.0,0.0,0.0,0.0,1.0,0.0,1.0718208242953984,0.0,1.0718208242953984,190.016,190.016,13.766698001281927,0.0,True,True,0.0,1088,fragmented,2498,3724,2.981585268214572,39.06609900536579,0.0011940669876710339,0.13327563273822754,0.01309257925630318,0.936561769463355,0.936561769463355,5.13939393939394,931,classic,1.0,0.3,0.3,False,n/a,n/a,n/a,n/a,n/a,n/a,n/a,n/a,n/a,n/a,n/a,n/a,n/a,n/a,n/a,n/a,n/a,n/a,n/a
PM9_full_N500,S2,798359651,500,False,PD_classic,9.0,5.0,1.0,0.0,True,0.0,0.5,100,5,30,0.1,100000,0.0,0.0,1.0,0.0,0.0,0.0,0.0,1.0,0.0,1.3499259110908632,0.0,1.3499259110908632,5.0,20.572,92.77628322033912,1.0,True,True,0.0,1325,baseline,2498,4655,3.7269815852682147,37.43657979976443,0.0014925837345887924,0.08077171329913706,0.011936993938619469,0.9714863138355334,0.9763004129909824,1.2936170212765958,0,classic,1.0,0.3,0.3,False,n/a,n/a,n/a,n/a,n/a,n/a,n/a,n/a,n/a,n/a,n/a,n/a,n/a,n/a,n/a,n/a,n/a,n/a,n/a
PM9_full_N500,S2,798359651,500,False,PD_classic,9.0,5.0,1.0,0.0,True,0.0,0.5,100,0,30,2.0,100000,0.0,0.0,1.0,0.0,0.0,0.0,0.0,1.0,0.0,1.0555612831306975,0.0,1.0555612831306975,232.852,232.852,10.180956571528561,0.0,True,True,0.0,921,connected,2498,4675,3.7429943955164133,34.81513416099319,0.001498996554071451,0.08036874546424227,0.011910535791314424,0.9325607760750819,0.9325607760750819,5.490981963927855,0,classic,1.0,0.3,0.3,False,n/a,n/a,n/a,n/a,n/a,n/a,n/a,n/a,n/a,n/a,n/a,n/a,n/a,n/a,n/a,n/a,n/a,n/a,n/a
PM9_full_N500,S2,798359651,500,False,PD_classic,9.0,5.0,1.0,0.0,True,0.0,0.5,100,5,30,0.1,100000,0.0,0.0,1.0,0.0,0.0,0.0,0.0,1.0,0.0,1.3973205962831634,0.0,1.3973205962831634,5.0,17.716,124.81104221741082,0.996,True,True,0.0013910551642265163,1311,fragmented,2498,3724,2.981585268214572,39.06609900536579,0.0011940669876710339,0.13327563273822754,0.01309257925630318,0.9809900648862752,0.9848496886648255,1.191304347826087,931,classic,1.0,0.3,0.3,False,n/a,n/a,n/a,n/a,n/a,n/a,n/a,n/a,n/a,n/a,n/a,n/a,n/a,n/a,n/a,n/a,n/a,n/a,n/a
PM9_full_N500,S2,798359651,500,False,PD_classic,9.0,5.0,1.0,0.0,True,0.0,0.5,100,5,30,2.0,100000,0.0,0.0,1.0,0.0,0.0,0.0,0.0,1.0,0.0,1.0689570206993222,0.0,1.0689570206993222,5.0,231.032,10.254759469679671,1.0,True,True,0.0,1068,baseline,2498,4655,3.7269815852682147,37.43657979976443,0.0014925837345887924,0.08077171329913706,0.011936993938619469,0.7907609387317314,0.9292013889996634,5.678714859437751,0,classic,1.0,0.3,0.3,False,n/a,n/a,n/a,n/a,n/a,n/a,n/a,n/a,n/a,n/a,n/a,n/a,n/a,n/a,n/a,n/a,n/a,n/a,n/a
PM9_full_N500,S2,798359651,500,False,PD_classic,9.0,5.0,1.0,0.0,True,0.0,0.5,100,5,30,0.1,100000,0.0,0.0,1.0,0.0,0.0,0.0,0.0,1.0,0.0,1.288801542851424,0.0,1.288801542851424,5.0,20.796,96.10176117400837,1.0,True,True,0.0,1207,connected,2498,4675,3.7429943955164133,34.81513416099319,0.001498996554071451,0.08036874546424227,0.011910535791314424,0.9764864036176587,0.9800075630862457,1.4027149321266967,0,classic,1.0,0.3,0.3,False,n/a,n/a,n/a,n/a,n/a,n/a,n/a,n/a,n/a,n/a,n/a,n/a,n/a,n/a,n/a,n/a,n/a,n/a,n/a
PM9_full_N500,S2,798359651,500,False,PD_classic,9.0,5.0,1.0,0.0,True,0.0,0.5,100,5,30,2.0,100000,0.0,0.0,1.0,0.0,0.0,0.0,0.0,1.0,0.0,1.0652845894595302,0.0,1.0652845894595302,5.0,185.632,14.078522772859673,1.0,True,True,0.0,962,fragmented,2498,3724,2.981585268214572,39.06609900536579,0.0011940669876710339,0.13327563273822754,0.01309257925630318,0.8142785712203776,0.9349588118512949,5.204819277108434,931,classic,1.0,0.3,0.3,False,n/a,n/a,n/a,n/a,n/a,n/a,n/a,n/a,n/a,n/a,n/a,n/a,n/a,n/a,n/a,n/a,n/a,n/a,n/a
PM9_full_N500,S2,798359651,500,False,PD_classic,9.0,5.0,1.0,0.0,True,0.0,0.5,100,15,30,0.1,100000,0.0,0.0,1.0,0.0,0.0,0.0,0.0,1.0,0.0,1.3496346346984471,0.0,1.3496346346984471,14.632,20.572,92.77628322033912,0.828,True,True,0.0,1325,baseline,2498,4655,3.7269815852682147,37.43657979976443,0.0014925837345887924,0.08077171329913706,0.011936993938619469,0.9755743069457273,0.9763004129909824,1.2936170212765958,0,classic,1.0,0.3,0.3,False,n/a,n/a,n/a,n/a,n/a,n/a,n/a,n/a,n/a,n/a,n/a,n/a,n/a,n/a,n/a,n/a,n/a,n/a,n/a
PM9_full_N500,S2,798359651,500,False,PD_classic,9.0,5.0,1.0,0.0,True,0.0,0.5,100,5,30,2.0,100000,0.0,0.0,1.0,0.0,0.0,0.0,0.0,1.0,0.0,1.0568490308302594,0.0,1.0568490308302594,5.0,231.708,10.239794373901432,1.0,True,True,0.0,907,connected,2498,4675,3.7429943955164133,34.81513416099319,0.001498996554071451,0.08036874546424227,0.011910535791314424,0.7788376097150128,0.9117785129527116,5.429718875502008,0,classic,1.0,0.3,0.3,False,n/a,n/a,n/a,n/a,n/a,n/a,n/a,n/a,n/a,n/a,n/a,n/a,n/a,n/a,n/a,n/a,n/a,n/a,n/a
PM9_full_N500,S2,798359651,500,False,PD_classic,9.0,5.0,1.0,0.0,True,0.0,0.5,100,15,30,0.1,100000,0.0,0.0,1.0,0.0,0.0,0.0,0.0,1.0,0.0,1.3963190460202568,0.0,1.3963190460202568,14.08,17.716,124.81104221741082,0.66,True,True,0.0013910551642265163,1311,fragmented,2498,3724,2.981585268214572,39.06609900536579,0.0011940669876710339,0.13327563273822754,0.01309257925630318,0.9843062104039559,0.9848496886648255,1.191304347826087,931,classic,1.0,0.3,0.3,False,n/a,n/a,n/a,n/a,n/a,n/a,n/a,n/a,n/a,n/a,n/a,n/a,n/a,n/a,n/a,n/a,n/a,n/a,n/a
PM9_full_N500,S2,798359651,500,False,PD_classic,9.0,5.0,1.0,0.0,True,0.0,0.5,100,15,30,2.0,100000,0.0,0.0,1.0,0.0,0.0,0.0,0.0,1.0,0.0,1.0615510914822268,0.0,1.0615510914822268,15.0,229.36,10.353888047175511,1.0,True,True,0.0,979,baseline,2498,4655,3.7269815852682147,37.43657979976443,0.0014925837345887924,0.08077171329913706,0.011936993938619469,0.8151266173301305,0.9207961389241939,5.66,0,classic,1.0,0.3,0.3,False,n/a,n/a,n/a,n/a,n/a,n/a,n/a,n/a,n/a,n/a,n/a,n/a,n/a,n/a,n/a,n/a,n/a,n/a,n/a
PM9_full_N500,S2,798359651,500,False,PD_classic,9.0,5.0,1.0,0.0,True,0.0,0.5,100,15,30,0.1,100000,0.0,0.0,1.0,0.0,0.0,0.0,0.0,1.0,0.0,1.288801542851424,0.0,1.288801542851424,14.766,20.796,96.10176117400837,0.844,True,True,0.0,1207,connected,2498,4675,3.7429943955164133,34.81513416099319,0.001498996554071451,0.08036874546424227,0.011910535791314424,0.9795781571555445,0.9800075630862457,1.4027149321266967,0,classic,1.0,0.3,0.3,False,n/a,n/a,n/a,n/a,n/a,n/a,n/a,n/a,n/a,n/a,n/a,n/a,n/a,n/a,n/a,n/a,n/a,n/a,n/a
PM9_full_N500,S2,798359651,500,False,PD_classic,9.0,5.0,1.0,0.0,True,0.0,0.5,100,15,30,2.0,100000,0.0,0.0,1.0,0.0,0.0,0.0,0.0,1.0,0.0,1.068282204194234,0.0,1.068282204194234,15.0,189.708,13.824093866598899,1.0,True,True,0.0,1032,fragmented,2498,3724,2.981585268214572,39.06609900536579,0.0011940669876710339,0.13327563273822754,0.01309257925630318,0.8779191381447645,0.9408385660927289,5.2439024390243905,931,classic,1.0,0.3,0.3,False,n/a,n/a,n/a,n/a,n/a,n/a,n/a,n/a,n/a,n/a,n/a,n/a,n/a,n/a,n/a,n/a,n/a,n/a,n/a
PM9_full_N500,S2,798359651,500,False,PD_classic,9.0,5.0,1.0,0.0,True,0.01,0.5,100,0,30,0.1,100000,0.09679999999999998,0.055200000000000006,0.6382,0.058800000000000005,0.06440000000000001,0.043599999999999986,0.04299999999999999,0.9131455979934069,0.016375056078959175,1.6982523890318635,1.7190712865384918,1.7510811567324809,21.304,21.304,92.51598879663233,0.0,False,True,-0.009346933387732452,10832,baseline,2498,4655,3.7269815852682147,37.43657979976443,0.0014925837345887924,0.08077171329913706,0.011936993938619469,0.9687340550188881,0.9687340550188881,1.361904761904762,0,classic,1.0,0.3,0.3,False,n/a,n/a,n/a,n/a,n/a,n/a,n/a,n/a,n/a,n/a,n/a,n/a,n/a,n/a,n/a,n/a,n/a,n/a,n/a
PM9_full_N500,S2,798359651,500,False,PD_classic,9.0,5.0,1.0,0.0,True,0.0,0.5,100,15,30,2.0,100000,0.0,0.0,1.0,0.0,0.0,0.0,0.0,1.0,0.0,1.0556173383784653,0.0,1.0556173383784653,15.0,227.484,10.417219664301086,1.0,True,True,0.0,927,connected,2498,4675,3.7429943955164133,34.81513416099319,0.001498996554071451,0.08036874546424227,0.011910535791314424,0.8162171015625628,0.9240673159114644,5.497991967871486,0,classic,1.0,0.3,0.3,False,n/a,n/a,n/a,n/a,n/a,n/a,n/a,n/a,n/a,n/a,n/a,n/a,n/a,n/a,n/a,n/a,n/a,n/a,n/a
PM9_full_N500,S2,798359651,500,False,PD_classic,9.0,5.0,1.0,0.0,True,0.01,0.5,100,0,30,0.1,100000,0.09259999999999999,0.04359999999999999,0.5983999999999999,0.0726,0.06080000000000001,0.07199999999999998,0.06000000000000001,0.8198178643781191,0.032446808510638296,1.8278353043524251,2.009980700363008,1.9132691205055512,17.544,17.544,126.99531185741426,0.0,False,True,-0.01987159948640051,10971,fragmented,2498,3724,2.981585268214572,39.06609900536579,0.0011940669876710339,0.13327563273822754,0.01309257925630318,0.9904865753368465,0.9904865753368465,1.3305084745762712,931,classic,1.0,0.3,0.3,False,n/a,n/a,n/a,n/a,n/a,n/a,n/a,n/a,n/a,n/a,n/a,n/a,n/a,n/a,n/a,n/a,n/a,n/a,n/a
PM9_full_N500,S2,798359651,500,False,PD_classic,9.0,5.0,1.0,0.0,True,0.01,0.5,100,0,30,2.0,100000,0.04939999999999999,0.016600000000000004,0.8745999999999998,0.024799999999999996,0.0192,0.0104,0.005,0.9674020844800225,0.05636179547755653,1.2443419029597713,1.231782195051421,1.244996720302411,236.06,236.06,10.113421409353052,0.0,False,True,0.0021138228552884915,12449,baseline,2498,4655,3.7269815852682147,37.43657979976443,0.0014925837345887924,0.08077171329913706,0.011936993938619469,0.9191240608112384,0.9191240608112384,5.883299798792756,0,classic,1.0,0.3,0.3,False,n/a,n/a,n/a,n/a,n/a,n/a,n/a,n/a,n/a,n/a,n/a,n/a,n/a,n/a,n/a,n/a,n/a,n/a,n/a
PM9_full_N500,S2,798359651,500,False,PD_classic,9.0,5.0,1.0,0.0,True,0.01,0.5,100,0,30,0.1,100000,0.06620000000000001,0.0436,0.6474,0.06020000000000001,0.0784,0.054599999999999996,0.04959999999999999,0.9095359094678596,0.0388796756955961,1.7732015198957234,1.8946803789125006,1.8152356682658002,20.624,20.624,92.49053266911707,0.0,False,True,0.0037231252925033673,10794,connected,2498,4675,3.7429943955164133,34.81513416099319,0.001498996554071451,0.08036874546424227,0.011910535791314424,0.9822661687739794,0.9822661687739794,1.3333333333333333,0,classic,1.0,0.3,0.3,False,n/a,n/a,n/a,n/a,n/a,n/a,n/a,n/a,n/a,n/a,n/a,n/a,n/a,n/a,n/a,n/a,n/a,n/a,n/a
PM9_full_N500,S2,798359651,500,False,PD_classic,9.0,5.0,1.0,0.0,True,0.01,0.5,100,0,30,2.0,100000,0.038400000000000004,0.0118,0.859,0.029800000000000004,0.043,0.007200000000000001,0.0108,0.9647534662831483,0.046543778801843315,1.258191933512507,1.2609802672341415,1.257766615368541,190.284,190.284,13.73808242016587,0.0,False,True,-0.006524406897626125,13938,fragmented,2498,3724,2.981585268214572,39.06609900536579,0.0011940669876710339,0.13327563273822754,0.01309257925630318,0.9334724019169323,0.9334724019169323,5.465587044534413,931,classic,1.0,0.3,0.3,False,n/a,n/a,n/a,n/a,n/a,n/a,n/a,n/a,n/a,n/a,n/a,n/a,n/a,n/a,n/a,n/a,n/a,n/a,n/a
PM9_full_N500,S2,798359651,500,False,PD_classic,9.0,5.0,1.0,0.0,True,0.01,0.5,100,5,30,0.1,100000,0.07799999999999999,0.0508,0.6732,0.0548,0.06000000000000001,0.044599999999999994,0.038599999999999995,0.939254659729861,0.0162887959498129,1.742988794229506,1.8886862815973866,1.7929355976029802,5.0,21.16,90.98843728913806,1.0,False,True,-0.005174199896796658,10875,baseline,2498,4655,3.7269815852682147,37.43657979976443,0.0014925837345887924,0.08077171329913706,0.011936993938619469,0.9716861380478403,0.9774709626560173,1.3429951690821256,0,classic,1.0,0.3,0.3,False,n/a,n/a,n/a,n/a,n/a,n/a,n/a,n/a,n/a,n/a,n/a,n/a,n/a,n/a,n/a,n/a,n/a,n/a,n/a
PM9_full_N500,S2,798359651,500,False,PD_classic,9.0,5.0,1.0,0.0,True,0.01,0.5,100,0,30,2.0,100000,0.04639999999999999,0.0094,0.8826,0.029400000000000003,0.0176,0.0096,0.005000000000000001,0.9768295708672771,0.03522099447513812,1.243727460273678,1.2446783643541766,1.2442321003054737,234.272,234.272,10.12243996194628,0.0,False,True,-0.00546867147468004,12387,connected,2498,4675,3.7429943955164133,34.81513416099319,0.001498996554071451,0.08036874546424227,0.011910535791314424,0.9227969510261459,0.9227969510261459,5.4188376753507015,0,classic,1.0,0.3,0.3,False,n/a,n/a,n/a,n/a,n/a,n/a,n/a,n/a,n/a,n/a,n/a,n/a,n/a,n/a,n/a,n/a,n/a,n/a,n/a
PM9_full_N500,S2,798359651,500,False,PD_classic,9.0,5.0,1.0,0.0,True,0.01,0.5,100,5,30,0.1,100000,0.09399999999999999,0.036199999999999996,0.6035999999999999,0.06600000000000002,0.07919999999999999,0.08139999999999999,0.039599999999999996,0.8490422322229614,0.017090365306558428,1.8856394581219482,1.8908950527613204,1.9051524933547408,4.992,17.296,121.01599182742288,0.994,False,True,-0.004712505250023197,11005,fragmented,2498,3724,2.981585268214572,39.06609900536579,0.0011940669876710339,0.13327563273822754,0.01309257925630318,0.9803048662472192,0.984705103757857,1.25764192139738,931,classic,1.0,0.3,0.3,False,n/a,n/a,n/a,n/a,n/a,n/a,n/a,n/a,n/a,n/a,n/a,n/a,n/a,n/a,n/a,n/a,n/a,n/a,n/a
PM9_full_N500,S2,798359651,500,False,PD_classic,9.0,5.0,1.0,0.0,True,0.01,0.5,100,5,30,2.0,100000,0.022599999999999995,0.005600000000000001,0.9284000000000001,0.008600000000000002,0.016800000000000002,0.01,0.008000000000000002,0.9755640115834039,0.04308093994778068,1.24252453556552,1.2254464005110592,1.2419967643443448,5.0,231.516,10.278468751880157,1.0,False,True,-0.0016865155460629166,10528,baseline,2498,4655,3.7269815852682147,37.43657979976443,0.0014925837345887924,0.08077171329913706,0.011936993938619469,0.7835430106261811,0.9270229870175778,5.552,0,classic,1.0,0.3,0.3,False,n/a,n/a,n/a,n/a,n/a,n/a,n/a,n/a,n/a,n/a,n/a,n/a,n/a,n/a,n/a,n/a,n/a,n/a,n/a
PM9_full_N500,S2,798359651,500,False,PD_classic,9.0,5.0,1.0,0.0,True,0.01,0.5,100,5,30,0.1,100000,0.07500000000000002,0.037399999999999996,0.7010000000000001,0.04819999999999999,0.04819999999999999,0.05199999999999999,0.0382,0.9472402185312433,0.029451137884872823,1.7933478333464008,1.9856716520256719,1.816908404542345,5.0,20.536,92.02909592753555,0.998,False,True,-0.0017261157044573246,10387,connected,2498,4675,3.7429943955164133,34.81513416099319,0.001498996554071451,0.08036874546424227,0.011910535791314424,0.9747489145771467,0.9813097355208307,1.3920704845814977,0,classic,1.0,0.3,0.3,False,n/a,n/a,n/a,n/a,n/a,n/a,n/a,n/a,n/a,n/a,n/a,n/a,n/a,n/a,n/a,n/a,n/a,n/a,n/a
PM9_full_N500,S2,798359651,500,False,PD_classic,9.0,5.0,1.0,0.0,True,0.01,0.5,100,5,30,2.0,100000,0.0172,0.0066,0.924,0.018999999999999996,0.018999999999999996,0.0082,0.006000000000000001,0.9804210879823139,0.03239773066587041,1.2308554057094439,1.2193693280205051,1.2323182984052365,5.0,190.904,13.602613159824175,1.0,False,True,0.002477577910311641,10916,fragmented,2498,3724,2.981585268214572,39.06609900536579,0.0011940669876710339,0.13327563273822754,0.01309257925630318,0.8222619866834939,0.9388498962437214,5.238289205702648,931,classic,1.0,0.3,0.3,False,n/a,n/a,n/a,n/a,n/a,n/a,n/a,n/a,n/a,n/a,n/a,n/a,n/a,n/a,n/a,n/a,n/a,n/a,n/a
PM9_full_N500,S2,798359651,500,False,PD_classic,9.0,5.0,1.0,0.0,True,0.01,0.5,100,15,30,0.1,100000,0.08199999999999999,0.033400000000000006,0.6520000000000001,0.0754,0.0718,0.048999999999999995,0.03640000000000001,0.8773686397331432,0.02142099681866384,1.748120449098799,1.9957147454358608,1.799383156724034,14.772,21.376,93.46616161422523,0.87,False,True,-0.00999309277236633,11053,baseline,2498,4655,3.7269815852682147,37.43657979976443,0.0014925837345887924,0.08077171329913706,0.011936993938619469,0.9781701995483012,0.9837629267136091,1.3571428571428572,0,classic,1.0,0.3,0.3,False,n/a,n/a,n/a,n/a,n/a,n/a,n/a,n/a,n/a,n/a,n/a,n/a,n/a,n/a,n/a,n/a,n/a,n/a,n/a
PM9_full_N500,S2,798359651,500,False,PD_classic,9.0,5.0,1.0,0.0,True,0.01,0.5,100,5,30,2.0,100000,0.0158,0.009,0.9425999999999999,0.0054,0.013600000000000001,0.007200000000000001,0.0064,0.9804456958734388,0.03627629617359616,1.251221901982822,1.1984499127088555,1.2512709864373714,5.0,233.304,10.184033005522664,1.0,False,True,0.00022499609998000538,10403,connected,2498,4675,3.7429943955164133,34.81513416099319,0.001498996554071451,0.08036874546424227,0.011910535791314424,0.7731279662379317,0.9229220373445469,5.80241935483871,0,classic,1.0,0.3,0.3,False,n/a,n/a,n/a,n/a,n/a,n/a,n/a,n/a,n/a,n/a,n/a,n/a,n/a,n/a,n/a,n/a,n/a,n/a,n/a
PM9_full_N500,S2,798359651,500,False,PD_classic,9.0,5.0,1.0,0.0,True,0.01,0.5,100,15,30,0.1,100000,0.09819999999999998,0.03779999999999999,0.5589999999999999,0.09979999999999999,0.07719999999999999,0.05820000000000001,0.06980000000000001,0.8249522225674916,0.020944045014066895,1.891665935249964,1.9955714039261276,1.9315130840400112,14.248,17.572,127.03569340570262,0.696,False,False,-0.02956574706298532,10951,fragmented,2498,3724,2.981585268214572,39.06609900536579,0.0011940669876710339,0.13327563273822754,0.01309257925630318,0.98485167109562,0.9852755386516485,1.3692307692307693,931,classic,1.0,0.3,0.3,False,n/a,n/a,n/a,n/a,n/a,n/a,n/a,n/a,n/a,n/a,n/a,n/a,n/a,n/a,n/a,n/a,n/a,n/a,n/a
PM9_full_N500,S2,798359651,500,False,PD_classic,9.0,5.0,1.0,0.0,True,0.01,0.5,100,15,30,2.0,100000,0.015799999999999998,0.009200000000000003,0.9192,0.0118,0.017800000000000003,0.017400000000000006,0.008799999999999999,0.9723836263719848,0.04386566141192598,1.2488768998886821,1.2466322940602803,1.2474529708563675,15.0,233.892,10.169802023219155,1.0,False,True,-0.0019403117612463126,10890,baseline,2498,4655,3.7269815852682147,37.43657979976443,0.0014925837345887924,0.08077171329913706,0.011936993938619469,0.8261582450441944,0.9256203644698011,5.565392354124748,0,classic,1.0,0.3,0.3,False,n/a,n/a,n/a,n/a,n/a,n/a,n/a,n/a,n/a,n/a,n/a,n/a,n/a,n/a,n/a,n/a,n/a,n/a,n/a
PM9_full_N500,S2,798359651,500,False,PD_classic,9.0,5.0,1.0,0.0,True,0.01,0.5,100,15,30,0.1,100000,0.06620000000000001,0.04139999999999999,0.6479999999999999,0.07300000000000002,0.0802,0.044599999999999994,0.04659999999999999,0.7989471108921925,0.050713829107180905,1.7999850039686995,1.875340390776706,1.820355555761271,14.708,20.368,92.26852319668349,0.848,False,True,0.002030955323824225,10707,connected,2498,4675,3.7429943955164133,34.81513416099319,0.001498996554071451,0.08036874546424227,0.011910535791314424,0.991501577600632,0.9920904718626223,1.320754716981132,0,classic,1.0,0.3,0.3,False,n/a,n/a,n/a,n/a,n/a,n/a,n/a,n/a,n/a,n/a,n/a,n/a,n/a,n/a,n/a,n/a,n/a,n/a,n/a
PM9_full_N500,S2,798359651,500,False,PD_classic,9.0,5.0,1.0,0.0,True,0.01,0.5,100,15,30,2.0,100000,0.024199999999999996,0.0092,0.913,0.0176,0.018,0.011199999999999998,0.006799999999999999,0.9783292808493668,0.03708609271523179,1.2444357051338315,1.224899173987271,1.244510556017326,15.0,188.96,13.843242413370255,1.0,False,True,0.00038035352141445187,12315,fragmented,2498,3724,2.981585268214572,39.06609900536579,0.0011940669876710339,0.13327563273822754,0.01309257925630318,0.8725246290697705,0.9442531887519492,5.038854805725971,931,classic,1.0,0.3,0.3,False,n/a,n/a,n/a,n/a,n/a,n/a,n/a,n/a,n/a,n/a,n/a,n/a,n/a,n/a,n/a,n/a,n/a,n/a,n/a
PM9_full_N500,S2,798359651,500,False,weak_PD,1.6,1.0,0.0,0.0,True,0.0,0.5,100,0,30,0.1,100000,0.0020000000000000005,0.0,0.9818,0.016200000000000003,0.0,0.0,0.0,0.9978599953018558,0.0004046944556859571,0.1635518262676205,0.16699410609037327,0.16900996930072246,20.472,20.472,92.24336503776595,0.0,False,True,0.018857480229918722,3139,baseline,2498,4655,3.7269815852682147,37.43657979976443,0.0014925837345887924,0.08077171329913706,0.011936993938619469,0.9874631308369782,0.9874631308369782,1.353191489361702,0,classic,1.0,0.3,0.3,False,n/a,n/a,n/a,n/a,n/a,n/a,n/a,n/a,n/a,n/a,n/a,n/a,n/a,n/a,n/a,n/a,n/a,n/a,n/a
PM9_full_N500,S2,798359651,500,False,PD_classic,9.0,5.0,1.0,0.0,True,0.01,0.5,100,15,30,2.0,100000,0.016800000000000002,0.0092,0.9352,0.0066,0.0142,0.011199999999999998,0.0068000000000000005,0.977478265423627,0.03710834937861019,1.2447967031470053,1.2471971591396769,1.2455858222924436,15.0,235.44,10.106714085246667,1.0,False,True,0.0013316309265237062,10835,connected,2498,4675,3.7429943955164133,34.81513416099319,0.001498996554071451,0.08036874546424227,0.011910535791314424,0.8225766705615252,0.9225115412882459,5.3667334669338675,0,classic,1.0,0.3,0.3,False,n/a,n/a,n/a,n/a,n/a,n/a,n/a,n/a,n/a,n/a,n/a,n/a,n/a,n/a,n/a,n/a,n/a,n/a,n/a
PM9_full_N500,S2,798359651,500,False,weak_PD,1.6,1.0,0.0,0.0,True,0.0,0.5,100,0,30,0.1,100000,0.026000000000000002,0.0,0.9570000000000001,0.0020000000000000005,0.0,0.015,0.0,0.9622466817046373,0.0016151361329026304,0.16800978970286673,0.33453284022783597,0.17741132537227822,17.352,17.352,125.46329916458808,0.0,False,True,0.015650328201315736,2886,fragmented,2498,3724,2.981585268214572,39.06609900536579,0.0011940669876710339,0.13327563273822754,0.01309257925630318,0.9764437254363781,0.9764437254363781,1.3267326732673268,931,classic,1.0,0.3,0.3,False,n/a,n/a,n/a,n/a,n/a,n/a,n/a,n/a,n/a,n/a,n/a,n/a,n/a,n/a,n/a,n/a,n/a,n/a,n/a
PM9_full_N500,S2,798359651,500,False,weak_PD,1.6,1.0,0.0,0.0,True,0.0,0.5,100,0,30,2.0,100000,0.0,0.0,1.0,0.0,0.0,0.0,0.0,1.0,0.0,0.025487895539086088,0.0,0.025487895539086088,235.012,235.012,10.140710755210293,0.0,True,True,0.0,1828,baseline,2498,4655,3.7269815852682147,37.43657979976443,0.0014925837345887924,0.08077171329913706,0.011936993938619469,0.9205674734066792,0.9205674734066792,5.341365461847389,0,classic,1.0,0.3,0.3,False,n/a,n/a,n/a,n/a,n/a,n/a,n/a,n/a,n/a,n/a,n/a,n/a,n/a,n/a,n/a,n/a,n/a,n/a,n/a
PM9_full_N500,S2,798359651,500,False,weak_PD,1.6,1.0,0.0,0.0,True,0.0,0.5,100,0,30,2.0,100000,0.0,0.0,1.0,0.0,0.0,0.0,0.0,1.0,0.0,0.031494426929732686,0.0,0.031494426929732686,188.82,188.82,13.77643749363438,0.0,True,True,0.0,2218,fragmented,2498,3724,2.981585268214572,39.06609900536579,0.0011940669876710339,0.13327563273822754,0.01309257925630318,0.9381762408032304,0.9381762408032304,5.088709677419355,931,classic,1.0,0.3,0.3,False,n/a,n/a,n/a,n/a,n/a,n/a,n/a,n/a,n/a,n/a,n/a,n/a,n/a,n/a,n/a,n/a,n/a,n/a,n/a
PM9_full_N500,S2,798359651,500,False,weak_PD,1.6,1.0,0.0,0.0,True,0.0,0.5,100,0,30,0.1,100000,0.03579999999999999,0.0,0.9642000000000002,0.0,0.0,0.0,0.0,0.99349516232606,0.0,0.1377369688128333,0.27588163052164544,0.1427101766343505,20.084,20.084,95.73530016777023,0.0,False,True,0.011867365869451758,2875,connected,2498,4675,3.7429943955164133,34.81513416099319,0.001498996554071451,0.08036874546424227,0.011910535791314424,0.9829116394474285,0.9829116394474285,1.2535885167464116,0,classic,1.0,0.3,0.3,False,n/a,n/a,n/a,n/a,n/a,n/a,n/a,n/a,n/a,n/a,n/a,n/a,n/a,n/a,n/a,n/a,n/a,n/a,n/a
PM9_full_N500,S2,798359651,500,False,weak_PD,1.6,1.0,0.0,0.0,True,0.0,0.5,100,5,30,0.1,100000,0.0,0.0,1.0,0.0,0.0,0.0,0.0,1.0,0.0,0.12979521197515695,0.0,0.12979521197515695,5.0,21.072,94.30875345355803,1.0,True,True,0.010926398905596353,2811,baseline,2498,4655,3.7269815852682147,37.43657979976443,0.0014925837345887924,0.08077171329913706,0.011936993938619469,0.9832976920724762,0.98540836186458,1.4259259259259258,0,classic,1.0,0.3,0.3,False,n/a,n/a,n/a,n/a,n/a,n/a,n/a,n/a,n/a,n/a,n/a,n/a,n/a,n/a,n/a,n/a,n/a,n/a,n/a
PM9_full_N500,S2,798359651,500,False,weak_PD,1.6,1.0,0.0,0.0,True,0.0,0.5,100,0,30,2.0,100000,0.0,0.0,1.0,0.0,0.0,0.0,0.0,1.0,0.0,0.027275235291685875,0.0,0.027275235291685875,231.356,231.356,10.287811456304745,0.0,True,True,0.0,1827,connected,2498,4675,3.7429943955164133,34.81513416099319,0.001498996554071451,0.08036874546424227,0.011910535791314424,0.9322493910066659,0.9322493910066659,5.56312625250501,0,classic,1.0,0.3,0.3,False,n/a,n/a,n/a,n/a,n/a,n/a,n/a,n/a,n/a,n/a,n/a,n/a,n/a,n/a,n/a,n/a,n/a,n/a,n/a
PM9_full_N500,S2,798359651,500,False,weak_PD,1.6,1.0,0.0,0.0,True,0.0,0.5,100,5,30,0.1,100000,0.0,0.0,0.9958000000000002,0.0,0.0,0.004200000000000001,0.0,0.9999089253187613,0.00017220595832615808,0.1683648004669656,0.0,0.16831251421636378,4.994,17.808,120.41504373719891,0.998,False,True,0.013097601190399634,2479,fragmented,2498,3724,2.981585268214572,39.06609900536579,0.0011940669876710339,0.13327563273822754,0.01309257925630318,0.9843831756677915,0.9877694485447093,1.4273858921161826,931,classic,1.0,0.3,0.3,False,n/a,n/a,n/a,n/a,n/a,n/a,n/a,n/a,n/a,n/a,n/a,n/a,n/a,n/a,n/a,n/a,n/a,n/a,n/a
PM9_full_N500,S2,798359651,500,False,weak_PD,1.6,1.0,0.0,0.0,True,0.0,0.5,100,5,30,2.0,100000,0.0,0.0,1.0,0.0,0.0,0.0,0.0,1.0,0.0,0.023506519094453608,0.0,0.023506519094453608,5.0,232.536,10.210702546680578,1.0,True,True,0.0,1546,baseline,2498,4655,3.7269815852682147,37.43657979976443,0.0014925837345887924,0.08077171329913706,0.011936993938619469,0.7753012440313183,0.927352086162656,5.604,0,classic,1.0,0.3,0.3,False,n/a,n/a,n/a,n/a,n/a,n/a,n/a,n/a,n/a,n/a,n/a,n/a,n/a,n/a,n/a,n/a,n/a,n/a,n/a
PM9_full_N500,S2,798359651,500,False,weak_PD,1.6,1.0,0.0,0.0,True,0.0,0.5,100,5,30,0.1,100000,0.0020000000000000005,0.0,0.9960000000000002,0.0,0.0,0.0020000000000000005,0.0,1.0,0.0,0.13681350173387477,0.19459724950884089,0.13675676724544253,5.0,20.888,93.39959897687146,1.0,False,True,0.012693065172234322,2744,connected,2498,4675,3.7429943955164133,34.81513416099319,0.001498996554071451,0.08036874546424227,0.011910535791314424,0.97180142378166,0.9846251582446744,1.3004484304932735,0,classic,1.0,0.3,0.3,False,n/a,n/a,n/a,n/a,n/a,n/a,n/a,n/a,n/a,n/a,n/a,n/a,n/a,n/a,n/a,n/a,n/a,n/a,n/a
PM9_full_N500,S2,798359651,500,False,weak_PD,1.6,1.0,0.0,0.0,True,0.0,0.5,100,5,30,2.0,100000,0.0,0.0,1.0,0.0,0.0,0.0,0.0,1.0,0.0,0.037160360991093794,0.0,0.037160360991093794,5.0,187.064,13.785468339803021,1.0,True,True,0.0,2324,fragmented,2498,3724,2.981585268214572,39.06609900536579,0.0011940669876710339,0.13327563273822754,0.01309257925630318,0.8117197884893846,0.9303571134750453,5.322515212981744,931,classic,1.0,0.3,0.3,False,n/a,n/a,n/a,n/a,n/a,n/a,n/a,n/a,n/a,n/a,n/a,n/a,n/a,n/a,n/a,n/a,n/a,n/a,n/a
PM9_full_N500,S2,798359651,500,False,weak_PD,1.6,1.0,0.0,0.0,True,0.0,0.5,100,15,30,0.1,100000,0.0,0.0,0.9759999999999998,0.014000000000000002,0.0,0.009999999999999998,0.0,0.9997467163690754,0.000590434953749262,0.16174894506765908,0.0,0.1686764212505629,14.608,20.628,91.45631912224798,0.83,False,False,0.020963258253036673,3126,baseline,2498,4655,3.7269815852682147,37.43657979976443,0.0014925837345887924,0.08077171329913706,0.011936993938619469,0.986566711549552,0.9867028215264133,1.40084388185654,0,classic,1.0,0.3,0.3,False,n/a,n/a,n/a,n/a,n/a,n/a,n/a,n/a,n/a,n/a,n/a,n/a,n/a,n/a,n/a,n/a,n/a,n/a,n/a
PM9_full_N500,S2,798359651,500,False,weak_PD,1.6,1.0,0.0,0.0,True,0.0,0.5,100,5,30,2.0,100000,0.0,0.0,1.0,0.0,0.0,0.0,0.0,1.0,0.0,0.029961492253688285,0.0,0.029961492253688285,5.0,230.604,10.35796807141258,1.0,True,True,0.0,1958,connected,2498,4675,3.7429943955164133,34.81513416099319,0.001498996554071451,0.08036874546424227,0.011910535791314424,0.7753563784241084,0.9257349455879653,5.569416498993964,0,classic,1.0,0.3,0.3,False,n/a,n/a,n/a,n/a,n/a,n/a,n/a,n/a,n/a,n/a,n/a,n/a,n/a,n/a,n/a,n/a,n/a,n/a,n/a
PM9_full_N500,S2,798359651,500,False,weak_PD,1.6,1.0,0.0,0.0,True,0.0,0.5,100,15,30,0.1,100000,0.026000000000000002,0.0,0.9570000000000001,0.0020000000000000005,0.0,0.015,0.0,0.9622466817046373,0.0016151361329026304,0.16800978970286673,0.33453284022783597,0.17741132537227822,14.078,17.352,125.46329916458808,0.632,False,True,0.015650328201315736,2886,fragmented,2498,3724,2.981585268214572,39.06609900536579,0.0011940669876710339,0.13327563273822754,0.01309257925630318,0.9762890224660812,0.9764437254363781,1.3267326732673268,931,classic,1.0,0.3,0.3,False,n/a,n/a,n/a,n/a,n/a,n/a,n/a,n/a,n/a,n/a,n/a,n/a,n/a,n/a,n/a,n/a,n/a,n/a,n/a
PM9_full_N500,S2,798359651,500,False,weak_PD,1.6,1.0,0.0,0.0,True,0.0,0.5,100,15,30,2.0,100000,0.0,0.0,1.0,0.0,0.0,0.0,0.0,1.0,0.0,0.025261779422405563,0.0,0.025261779422405563,15.0,235.004,10.19499516216131,1.0,True,True,0.0,1858,baseline,2498,4655,3.7269815852682147,37.43657979976443,0.0014925837345887924,0.08077171329913706,0.011936993938619469,0.8209247822625096,0.9255375335751237,5.529175050301811,0,classic,1.0,0.3,0.3,False,n/a,n/a,n/a,n/a,n/a,n/a,n/a,n/a,n/a,n/a,n/a,n/a,n/a,n/a,n/a,n/a,n/a,n/a,n/a
PM9_full_N500,S2,798359651,500,False,weak_PD,1.6,1.0,0.0,0.0,True,0.0,0.5,100,15,30,0.1,100000,0.03579999999999999,0.0,0.9642000000000002,0.0,0.0,0.0,0.0,0.990513501672148,0.005563282336578581,0.13774128587116138,0.279149186818435,0.14283197030526326,14.694,20.084,95.73530016777023,0.826,False,True,0.011872818691263047,2877,connected,2498,4675,3.7429943955164133,34.81513416099319,0.001498996554071451,0.08036874546424227,0.011910535791314424,0.9800966243023235,0.9829116394474285,1.2535885167464116,0,classic,1.0,0.3,0.3,False,n/a,n/a,n/a,n/a,n/a,n/a,n/a,n/a,n/a,n/a,n/a,n/a,n/a,n/a,n/a,n/a,n/a,n/a,n/a
PM9_full_N500,S2,798359651,500,False,weak_PD,1.6,1.0,0.0,0.0,True,0.0,0.5,100,15,30,2.0,100000,0.0,0.0,1.0,0.0,0.0,0.0,0.0,1.0,0.0,0.03227087513707708,0.0,0.03227087513707708,15.0,186.568,14.004874761769981,1.0,True,True,0.0,2327,fragmented,2498,3724,2.981585268214572,39.06609900536579,0.0011940669876710339,0.13327563273822754,0.01309257925630318,0.860126522890163,0.9357241715751433,4.906882591093117,931,classic,1.0,0.3,0.3,False,n/a,n/a,n/a,n/a,n/a,n/a,n/a,n/a,n/a,n/a,n/a,n/a,n/a,n/a,n/a,n/a,n/a,n/a,n/a
PM9_full_N500,S2,798359651,500,False,weak_PD,1.6,1.0,0.0,0.0,True,0.01,0.5,100,0,30,0.1,100000,0.09739999999999999,0.04299999999999999,0.4788,0.08859999999999998,0.11800000000000002,0.12919999999999998,0.04499999999999999,0.6583471228481927,0.04093327875562833,0.35345974174062395,0.3799139114290778,0.3700516714089491,21.376,21.376,92.83102968087901,0.0,False,True,-0.01137049668198032,14350,baseline,2498,4655,3.7269815852682147,37.43657979976443,0.0014925837345887924,0.08077171329913706,0.011936993938619469,0.97887932609358,0.97887932609358,1.303964757709251,0,classic,1.0,0.3,0.3,False,n/a,n/a,n/a,n/a,n/a,n/a,n/a,n/a,n/a,n/a,n/a,n/a,n/a,n/a,n/a,n/a,n/a,n/a,n/a
PM9_full_N500,S2,798359651,500,False,weak_PD,1.6,1.0,0.0,0.0,True,0.0,0.5,100,15,30,2.0,100000,0.0,0.0,1.0,0.0,0.0,0.0,0.0,1.0,0.0,0.02751098967808249,0.0,0.02751098967808249,15.0,229.88,10.3178166953991,1.0,True,True,0.0,1973,connected,2498,4675,3.7429943955164133,34.81513416099319,0.001498996554071451,0.08036874546424227,0.011910535791314424,0.8204628129623007,0.9221797906717276,5.475806451612903,0,classic,1.0,0.3,0.3,False,n/a,n/a,n/a,n/a,n/a,n/a,n/a,n/a,n/a,n/a,n/a,n/a,n/a,n/a,n/a,n/a,n/a,n/a,n/a
PM9_full_N500,S2,798359651,500,False,weak_PD,1.6,1.0,0.0,0.0,True,0.01,0.5,100,0,30,0.1,100000,0.1492,0.1052,0.3692,0.09199999999999998,0.1066,0.11299999999999999,0.06480000000000001,0.6497322909178789,0.0312326741822214,0.38795080154784706,0.4131869378909601,0.4111754258708847,17.728,17.728,118.50535444321503,0.0,False,True,-0.018518051672201746,14063,fragmented,2498,3724,2.981585268214572,39.06609900536579,0.0011940669876710339,0.13327563273822754,0.01309257925630318,0.9892091446437744,0.9892091446437744,1.393939393939394,931,classic,1.0,0.3,0.3,False,n/a,n/a,n/a,n/a,n/a,n/a,n/a,n/a,n/a,n/a,n/a,n/a,n/a,n/a,n/a,n/a,n/a,n/a,n/a
PM9_full_N500,S2,798359651,500,False,weak_PD,1.6,1.0,0.0,0.0,True,0.01,0.5,100,0,30,2.0,100000,0.0524,0.0162,0.8016,0.04959999999999999,0.0316,0.0348,0.013799999999999998,0.9504313717264876,0.0708215297450425,0.1154319896731302,0.11357966660463889,0.11570192033161789,232.66,232.66,10.305072801157548,0.0,False,True,-0.00210840843363227,18765,baseline,2498,4655,3.7269815852682147,37.43657979976443,0.0014925837345887924,0.08077171329913706,0.011936993938619469,0.9278210676969644,0.9278210676969644,5.416498993963783,0,classic,1.0,0.3,0.3,False,n/a,n/a,n/a,n/a,n/a,n/a,n/a,n/a,n/a,n/a,n/a,n/a,n/a,n/a,n/a,n/a,n/a,n/a,n/a
PM9_full_N500,S2,798359651,500,False,weak_PD,1.6,1.0,0.0,0.0,True,0.01,0.5,100,0,30,0.1,100000,0.12240000000000002,0.043399999999999994,0.5037999999999999,0.10540000000000001,0.08379999999999997,0.07579999999999999,0.0654,0.7648515348602742,0.029748743718592964,0.3498591311126404,0.38380983641408895,0.36814377821571714,21.016,21.016,90.87698120387675,0.0,False,True,0.008728623714495957,13904,connected,2498,4675,3.7429943955164133,34.81513416099319,0.001498996554071451,0.08036874546424227,0.011910535791314424,0.9749976598274709,0.9749976598274709,1.3556485355648535,0,classic,1.0,0.3,0.3,False,n/a,n/a,n/a,n/a,n/a,n/a,n/a,n/a,n/a,n/a,n/a,n/a,n/a,n/a,n/a,n/a,n/a,n/a,n/a
PM9_full_N500,S2,798359651,500,False,weak_PD,1.6,1.0,0.0,0.0,True,0.01,0.5,100,0,30,2.0,100000,0.07919999999999999,0.0204,0.7476,0.05700000000000001,0.029400000000000003,0.03600000000000001,0.030400000000000003,0.9313791358250645,0.08226343319067998,0.12014251058521293,0.122278240113527,0.12025886263047401,191.3,191.3,13.640049758549619,0.0,False,True,-0.0008283681134702566,20818,fragmented,2498,3724,2.981585268214572,39.06609900536579,0.0011940669876710339,0.13327563273822754,0.01309257925630318,0.9357202996818553,0.9357202996818553,4.926829268292683,931,classic,1.0,0.3,0.3,False,n/a,n/a,n/a,n/a,n/a,n/a,n/a,n/a,n/a,n/a,n/a,n/a,n/a,n/a,n/a,n/a,n/a,n/a,n/a
PM9_full_N500,S2,798359651,500,False,weak_PD,1.6,1.0,0.0,0.0,True,0.01,0.5,100,5,30,0.1,100000,0.09439999999999998,0.05920000000000001,0.48179999999999995,0.08439999999999999,0.1036,0.1116,0.06500000000000002,0.6807648285252073,0.03786235456517452,0.38248344245058974,0.45951076902956267,0.4153138255737417,5.0,20.92,93.39480868817965,1.0,False,True,0.00780780723123039,14267,baseline,2498,4655,3.7269815852682147,37.43657979976443,0.0014925837345887924,0.08077171329913706,0.011936993938619469,0.9744894977628867,0.9790309549355587,1.350210970464135,0,classic,1.0,0.3,0.3,False,n/a,n/a,n/a,n/a,n/a,n/a,n/a,n/a,n/a,n/a,n/a,n/a,n/a,n/a,n/a,n/a,n/a,n/a,n/a
PM9_full_N500,S2,798359651,500,False,weak_PD,1.6,1.0,0.0,0.0,True,0.01,0.5,100,0,30,2.0,100000,0.1024,0.017600000000000005,0.714,0.0536,0.04459999999999999,0.056400000000000006,0.011399999999999999,0.9150833753250674,0.09821284817259701,0.11877688789731111,0.1190045861856939,0.1189775550576932,231.34,231.34,10.342566472429986,0.0,False,True,-0.007811004044013979,19376,connected,2498,4675,3.7429943955164133,34.81513416099319,0.001498996554071451,0.08036874546424227,0.011910535791314424,0.9302916669959778,0.9302916669959778,5.690763052208835,0,classic,1.0,0.3,0.3,False,n/a,n/a,n/a,n/a,n/a,n/a,n/a,n/a,n/a,n/a,n/a,n/a,n/a,n/a,n/a,n/a,n/a,n/a,n/a
PM9_full_N500,S2,798359651,500,False,weak_PD,1.6,1.0,0.0,0.0,True,0.01,0.5,100,5,30,0.1,100000,0.11000000000000001,0.06040000000000001,0.39660000000000006,0.11680000000000001,0.13199999999999998,0.12000000000000002,0.06420000000000001,0.7162171622061873,0.042866564080017586,0.3915771797484166,0.3868998467198593,0.43093042349703237,4.982,17.472,120.41086932901864,0.99,False,True,0.0180959667838697,13954,fragmented,2498,3724,2.981585268214572,39.06609900536579,0.0011940669876710339,0.13327563273822754,0.01309257925630318,0.9859911971381405,0.9890982304112341,1.2488262910798122,931,classic,1.0,0.3,0.3,False,n/a,n/a,n/a,n/a,n/a,n/a,n/a,n/a,n/a,n/a,n/a,n/a,n/a,n/a,n/a,n/a,n/a,n/a,n/a
PM9_full_N500,S2,798359651,500,False,weak_PD,1.6,1.0,0.0,0.0,True,0.01,0.5,100,5,30,2.0,100000,0.032400000000000005,0.024799999999999996,0.857,0.022199999999999998,0.0274,0.023399999999999997,0.0128,0.9207019796565588,0.08811475409836066,0.11178541953928844,0.11292653569364973,0.11150871995052668,5.0,231.7,10.263947207195091,1.0,False,True,-0.00030924603698414795,15493,baseline,2498,4655,3.7269815852682147,37.43657979976443,0.0014925837345887924,0.08077171329913706,0.011936993938619469,0.7757921406544828,0.9226536737818875,5.54,0,classic,1.0,0.3,0.3,False,n/a,n/a,n/a,n/a,n/a,n/a,n/a,n/a,n/a,n/a,n/a,n/a,n/a,n/a,n/a,n/a,n/a,n/a,n/a
PM9_full_N500,S2,798359651,500,False,weak_PD,1.6,1.0,0.0,0.0,True,0.01,0.5,100,5,30,0.1,100000,0.1302,0.0546,0.43200000000000005,0.11739999999999999,0.08179999999999998,0.11120000000000001,0.07279999999999999,0.6357492755202272,0.03129689174705252,0.4145778076500853,0.4344643607027781,0.43300362770359346,5.0,20.496,93.85382417552158,1.0,False,False,0.028674373897497787,14654,connected,2498,4675,3.7429943955164133,34.81513416099319,0.001498996554071451,0.08036874546424227,0.011910535791314424,0.9831908984339605,0.9867455902918133,1.3461538461538463,0,classic,1.0,0.3,0.3,False,n/a,n/a,n/a,n/a,n/a,n/a,n/a,n/a,n/a,n/a,n/a,n/a,n/a,n/a,n/a,n/a,n/a,n/a,n/a
PM9_full_N500,S2,798359651,500,False,weak_PD,1.6,1.0,0.0,0.0,True,0.01,0.5,100,5,30,2.0,100000,0.040799999999999996,0.017000000000000005,0.8102,0.03180000000000001,0.0262,0.05500000000000001,0.019,0.9166391589543416,0.09938631941326148,0.11071817596736966,0.10836094364353785,0.1111069144692262,5.0,186.6,13.96130882300392,1.0,False,True,0.0007373117492447997,16943,fragmented,2498,3724,2.981585268214572,39.06609900536579,0.0011940669876710339,0.13327563273822754,0.01309257925630318,0.8196806357396909,0.9346192937655321,5.376518218623482,931,classic,1.0,0.3,0.3,False,n/a,n/a,n/a,n/a,n/a,n/a,n/a,n/a,n/a,n/a,n/a,n/a,n/a,n/a,n/a,n/a,n/a,n/a,n/a
PM9_full_N500,S2,798359651,500,False,weak_PD,1.6,1.0,0.0,0.0,True,0.01,0.5,100,15,30,0.1,100000,0.11920000000000001,0.0372,0.4998,0.09179999999999998,0.1004,0.0894,0.06220000000000001,0.7140499314649021,0.030355809902960936,0.33520406498957483,0.41176208111816487,0.35784136197278665,14.786,21.252,93.66997188424673,0.866,False,True,0.001683952335808977,14087,baseline,2498,4655,3.7269815852682147,37.43657979976443,0.0014925837345887924,0.08077171329913706,0.011936993938619469,0.9811783056435988,0.9842710256298832,1.2871287128712872,0,classic,1.0,0.3,0.3,False,n/a,n/a,n/a,n/a,n/a,n/a,n/a,n/a,n/a,n/a,n/a,n/a,n/a,n/a,n/a,n/a,n/a,n/a,n/a
PM9_full_N500,S2,798359651,500,False,weak_PD,1.6,1.0,0.0,0.0,True,0.01,0.5,100,5,30,2.0,100000,0.031000000000000007,0.007600000000000001,0.8700000000000001,0.0208,0.018999999999999996,0.03200000000000001,0.0196,0.9370231865120034,0.08194753985942053,0.11513483561310818,0.1117101957009928,0.1145906069373742,5.0,234.652,10.174349548337737,1.0,False,True,-0.002775755103025905,15927,connected,2498,4675,3.7429943955164133,34.81513416099319,0.001498996554071451,0.08036874546424227,0.011910535791314424,0.7761482186680564,0.9241971511535694,5.504032258064516,0,classic,1.0,0.3,0.3,False,n/a,n/a,n/a,n/a,n/a,n/a,n/a,n/a,n/a,n/a,n/a,n/a,n/a,n/a,n/a,n/a,n/a,n/a,n/a
PM9_full_N500,S2,798359651,500,False,weak_PD,1.6,1.0,0.0,0.0,True,0.01,0.5,100,15,30,0.1,100000,0.09119999999999998,0.07239999999999999,0.38739999999999997,0.13940000000000002,0.10940000000000001,0.12240000000000002,0.0778,0.6180348396882109,0.0982961992136304,0.41362874639673863,0.44108359456865015,0.4474844819950495,14.074,17.664,120.41214390392265,0.626,False,True,0.010332204528818115,14146,fragmented,2498,3724,2.981585268214572,39.06609900536579,0.0011940669876710339,0.13327563273822754,0.01309257925630318,0.9897178300335095,0.9904103118699861,1.36986301369863,931,classic,1.0,0.3,0.3,False,n/a,n/a,n/a,n/a,n/a,n/a,n/a,n/a,n/a,n/a,n/a,n/a,n/a,n/a,n/a,n/a,n/a,n/a,n/a
PM9_full_N500,S2,798359651,500,False,weak_PD,1.6,1.0,0.0,0.0,True,0.01,0.5,100,15,30,2.0,100000,0.056400000000000006,0.022199999999999998,0.7878000000000001,0.028600000000000004,0.032400000000000005,0.0402,0.032400000000000005,0.9038352004018764,0.10650205761316872,0.110609724691642,0.11174339762765755,0.11091729802779791,15.0,231.964,10.322816573358509,1.0,False,True,0.00236825267300703,16357,baseline,2498,4655,3.7269815852682147,37.43657979976443,0.0014925837345887924,0.08077171329913706,0.011936993938619469,0.8163245389435089,0.9193451701225193,5.696969696969697,0,classic,1.0,0.3,0.3,False,n/a,n/a,n/a,n/a,n/a,n/a,n/a,n/a,n/a,n/a,n/a,n/a,n/a,n/a,n/a,n/a,n/a,n/a,n/a
PM9_full_N500,S2,798359651,500,False,weak_PD,1.6,1.0,0.0,0.0,True,0.01,0.5,100,15,30,0.1,100000,0.1256,0.0512,0.47780000000000006,0.05820000000000001,0.121,0.0996,0.06660000000000002,0.7590748695820492,0.03472537448933273,0.3621245678476223,0.3837187165224683,0.37923191569214415,14.766,20.884,92.37178802616171,0.852,False,True,-0.0019309517238026838,13963,connected,2498,4675,3.7429943955164133,34.81513416099319,0.001498996554071451,0.08036874546424227,0.011910535791314424,0.9868882044784231,0.9878771796350448,1.404040404040404,0,classic,1.0,0.3,0.3,False,n/a,n/a,n/a,n/a,n/a,n/a,n/a,n/a,n/a,n/a,n/a,n/a,n/a,n/a,n/a,n/a,n/a,n/a,n/a
PM9_full_N500,S2,798359651,500,False,weak_PD,1.6,1.0,0.0,0.0,True,0.01,0.5,100,15,30,2.0,100000,0.027599999999999996,0.0098,0.8452,0.030800000000000004,0.0392,0.0288,0.0186,0.9343768976342386,0.07457627118644068,0.11374895629204212,0.10337936053349689,0.11304710340468302,15.0,190.26,13.786931353719766,1.0,False,True,-0.002464272257088662,17937,fragmented,2498,3724,2.981585268214572,39.06609900536579,0.0011940669876710339,0.13327563273822754,0.01309257925630318,0.8761780425167023,0.9433811907919233,5.446464646464647,931,classic,1.0,0.3,0.3,False,n/a,n/a,n/a,n/a,n/a,n/a,n/a,n/a,n/a,n/a,n/a,n/a,n/a,n/a,n/a,n/a,n/a,n/a,n/a
PM9_full_N500,S2,798359651,500,False,snowdrift,4.0,3.0,0.0,2.0,True,0.0,0.5,100,0,30,0.1,100000,0.0020000000000000005,0.0,0.998,0.0,0.0,0.0,0.0,1.0,0.0,0.4626635448492232,0.1224366706875754,0.46198309110089986,20.824,20.824,92.66057966339119,0.0,False,True,0.011712306049227858,2628,baseline,2498,4655,3.7269815852682147,37.43657979976443,0.0014925837345887924,0.08077171329913706,0.011936993938619469,0.9797346276995451,0.9797346276995451,1.456221198156682,0,classic,1.0,0.3,0.3,False,n/a,n/a,n/a,n/a,n/a,n/a,n/a,n/a,n/a,n/a,n/a,n/a,n/a,n/a,n/a,n/a,n/a,n/a,n/a
PM9_full_N500,S2,798359651,500,False,weak_PD,1.6,1.0,0.0,0.0,True,0.01,0.5,100,15,30,2.0,100000,0.043,0.0104,0.8757999999999999,0.0166,0.0194,0.023799999999999995,0.011,0.9458137258425806,0.07092198581560284,0.10699571581766032,0.10846657439466637,0.10742278968420337,15.0,231.356,10.242898198985937,1.0,False,True,0.004116419665678297,16178,connected,2498,4675,3.7429943955164133,34.81513416099319,0.001498996554071451,0.08036874546424227,0.011910535791314424,0.8219868824866898,0.9253927174791942,5.622718052738337,0,classic,1.0,0.3,0.3,False,n/a,n/a,n/a,n/a,n/a,n/a,n/a,n/a,n/a,n/a,n/a,n/a,n/a,n/a,n/a,n/a,n/a,n/a,n/a
PM9_full_N500,S2,798359651,500,False,snowdrift,4.0,3.0,0.0,2.0,True,0.0,0.5,100,0,30,0.1,100000,0.0,0.0,1.0,0.0,0.0,0.0,0.0,1.0,0.0,0.5851920812843854,0.0,0.5851920812843854,18.26,18.26,121.01833584027369,0.0,True,False,0.03199849279396898,2798,fragmented,2498,3724,2.981585268214572,39.06609900536579,0.0011940669876710339,0.13327563273822754,0.01309257925630318,0.9939037860501324,0.9939037860501324,1.2272727272727273,931,classic,1.0,0.3,0.3,False,n/a,n/a,n/a,n/a,n/a,n/a,n/a,n/a,n/a,n/a,n/a,n/a,n/a,n/a,n/a,n/a,n/a,n/a,n/a
PM9_full_N500,S2,798359651,500,False,snowdrift,4.0,3.0,0.0,2.0,True,0.0,0.5,100,0,30,2.0,100000,0.0,0.0,1.0,0.0,0.0,0.0,0.0,1.0,0.0,0.18762081028449348,0.0,0.18762081028449348,234.852,234.852,10.178624637295842,0.0,True,True,0.0,4045,baseline,2498,4655,3.7269815852682147,37.43657979976443,0.0014925837345887924,0.08077171329913706,0.011936993938619469,0.9220621641186848,0.9220621641186848,5.414829659318637,0,classic,1.0,0.3,0.3,False,n/a,n/a,n/a,n/a,n/a,n/a,n/a,n/a,n/a,n/a,n/a,n/a,n/a,n/a,n/a,n/a,n/a,n/a,n/a
PM9_full_N500,S2,798359651,500,False,snowdrift,4.0,3.0,0.0,2.0,True,0.0,0.5,100,0,30,0.1,100000,0.008000000000000002,0.0,0.9892000000000001,0.0028000000000000013,0.0,0.0,0.0,0.9969724597562701,0.0002099517111064455,0.49530799698631955,0.5600792957703841,0.49756136859409383,20.884,20.884,94.2352096177941,0.0,False,False,0.021079255517021337,3172,connected,2498,4675,3.7429943955164133,34.81513416099319,0.001498996554071451,0.08036874546424227,0.011910535791314424,0.9847059950404845,0.9847059950404845,1.2695652173913043,0,classic,1.0,0.3,0.3,False,n/a,n/a,n/a,n/a,n/a,n/a,n/a,n/a,n/a,n/a,n/a,n/a,n/a,n/a,n/a,n/a,n/a,n/a,n/a
PM9_full_N500,S2,798359651,500,False,snowdrift,4.0,3.0,0.0,2.0,True,0.0,0.5,100,0,30,2.0,100000,0.0,0.0,0.46420000000000006,0.4885999999999999,0.04719999999999999,0.0,0.0,0.6972647068818225,0.10781893004115227,0.6029059553034141,0.0,0.7517249078153548,186.924,186.924,14.020695240163136,0.0,False,False,-0.0714755211020855,14032,fragmented,2498,3724,2.981585268214572,39.06609900536579,0.0011940669876710339,0.13327563273822754,0.01309257925630318,0.9389143656860337,0.9389143656860337,4.870967741935484,931,classic,1.0,0.3,0.3,False,n/a,n/a,n/a,n/a,n/a,n/a,n/a,n/a,n/a,n/a,n/a,n/a,n/a,n/a,n/a,n/a,n/a,n/a,n/a
PM9_full_N500,S2,798359651,500,False,snowdrift,4.0,3.0,0.0,2.0,True,0.0,0.5,100,0,30,2.0,100000,0.0,0.0,1.0,0.0,0.0,0.0,0.0,1.0,0.0,0.207917498846895,0.0,0.207917498846895,229.54,229.54,10.383618559527118,0.0,True,True,0.0,4727,connected,2498,4675,3.7429943955164133,34.81513416099319,0.001498996554071451,0.08036874546424227,0.011910535791314424,0.9212797770686885,0.9212797770686885,5.690140845070423,0,classic,1.0,0.3,0.3,False,n/a,n/a,n/a,n/a,n/a,n/a,n/a,n/a,n/a,n/a,n/a,n/a,n/a,n/a,n/a,n/a,n/a,n/a,n/a
PM9_full_N500,S2,798359651,500,False,snowdrift,4.0,3.0,0.0,2.0,True,0.0,0.5,100,5,30,0.1,100000,0.0,0.0,1.0,0.0,0.0,0.0,0.0,1.0,0.0,0.5147621357134651,0.0,0.5147621357134651,5.0,21.2,89.95792002136389,1.0,True,False,0.02800418561673954,2908,baseline,2498,4655,3.7269815852682147,37.43657979976443,0.0014925837345887924,0.08077171329913706,0.011936993938619469,0.9826061680451539,0.9870648271198296,1.3043478260869565,0,classic,1.0,0.3,0.3,False,n/a,n/a,n/a,n/a,n/a,n/a,n/a,n/a,n/a,n/a,n/a,n/a,n/a,n/a,n/a,n/a,n/a,n/a,n/a
PM9_full_N500,S2,798359651,500,False,snowdrift,4.0,3.0,0.0,2.0,True,0.0,0.5,100,5,30,0.1,100000,0.021999999999999995,0.0,0.9613999999999999,0.016600000000000004,0.0,0.0,0.0,0.9835886957707614,0.008274984086569064,0.6298368035288427,1.0377229524799123,0.6505254687842602,5.0,18.024,121.62827839728864,0.998,False,False,0.023662251448997737,2923,fragmented,2498,3724,2.981585268214572,39.06609900536579,0.0011940669876710339,0.13327563273822754,0.01309257925630318,0.9808279506244684,0.9849051798915356,1.3035714285714286,931,classic,1.0,0.3,0.3,False,n/a,n/a,n/a,n/a,n/a,n/a,n/a,n/a,n/a,n/a,n/a,n/a,n/a,n/a,n/a,n/a,n/a,n/a,n/a
PM9_full_N500,S2,126337246,500,False,PD_classic,9.0,5.0,1.0,0.0,True,0.0,0.5,100,0,30,0.1,100000,0.0,0.0,1.0,0.0,0.0,0.0,0.0,1.0,0.0,1.2625830336313026,0.0,1.2625830336313026,21.604,21.604,93.58255445358729,0.0,True,True,0.0,1162,baseline,2498,4655,3.7269815852682147,37.43657979976443,0.0014925837345887924,0.08077171329913706,0.011936993938619469,0.983415944328999,0.983415944328999,1.4426229508196722,0,classic,1.0,0.3,0.3,False,n/a,n/a,n/a,n/a,n/a,n/a,n/a,n/a,n/a,n/a,n/a,n/a,n/a,n/a,n/a,n/a,n/a,n/a,n/a
PM9_full_N500,S2,126337246,500,False,PD_classic,9.0,5.0,1.0,0.0,True,0.0,0.5,100,0,30,0.1,100000,0.0,0.0,1.0,0.0,0.0,0.0,0.0,1.0,0.0,1.3704172060954634,0.0,1.3704172060954634,18.072,18.072,125.86824040360764,0.0,True,True,0.002916626066505731,1277,fragmented,2498,3724,2.981585268214572,39.98779201020809,0.0011940669876710339,0.1167632815697932,0.013151812023949402,0.987551873670817,0.987551873670817,1.4183266932270917,931,classic,1.0,0.3,0.3,False,n/a,n/a,n/a,n/a,n/a,n/a,n/a,n/a,n/a,n/a,n/a,n/a,n/a,n/a,n/a,n/a,n/a,n/a,n/a
PM9_full_N500,S2,126337246,500,False,PD_classic,9.0,5.0,1.0,0.0,True,0.0,0.5,100,0,30,2.0,100000,0.0,0.0,1.0,0.0,0.0,0.0,0.0,1.0,0.0,1.0696948199708893,0.0,1.0696948199708893,192.512,192.512,13.58077613802971,0.0,True,True,0.0,1138,fragmented,2498,3724,2.981585268214572,39.98779201020809,0.0011940669876710339,0.1167632815697932,0.013151812023949402,0.9330212866737754,0.9330212866737754,5.252032520325203,931,classic,1.0,0.3,0.3,False,n/a,n/a,n/a,n/a,n/a,n/a,n/a,n/a,n/a,n/a,n/a,n/a,n/a,n/a,n/a,n/a,n/a,n/a,n/a
PM9_full_N500,S2,126337246,500,False,PD_classic,9.0,5.0,1.0,0.0,True,0.0,0.5,100,0,30,2.0,100000,0.0,0.0,1.0,0.0,0.0,0.0,0.0,1.0,0.0,1.0710725330231898,0.0,1.0710725330231898,229.388,229.388,10.374312159623852,0.0,True,True,0.0,1021,baseline,2498,4655,3.7269815852682147,37.43657979976443,0.0014925837345887924,0.08077171329913706,0.011936993938619469,0.9252136958183478,0.9252136958183478,5.564516129032258,0,classic,1.0,0.3,0.3,False,n/a,n/a,n/a,n/a,n/a,n/a,n/a,n/a,n/a,n/a,n/a,n/a,n/a,n/a,n/a,n/a,n/a,n/a,n/a
PM9_full_N500,S2,126337246,500,False,PD_classic,9.0,5.0,1.0,0.0,True,0.0,0.5,100,0,30,0.1,100000,0.0,0.0,1.0,0.0,0.0,0.0,0.0,1.0,0.0,1.2736878255152044,0.0,1.2736878255152044,20.684,20.684,94.41318822109967,0.0,True,True,0.0,1161,connected,2498,4675,3.7429943955164133,34.58332924355451,0.001498996554071451,0.0910239746931318,0.011817703934668407,0.9780225026254944,0.9780225026254944,1.3215859030837005,0,classic,1.0,0.3,0.3,False,n/a,n/a,n/a,n/a,n/a,n/a,n/a,n/a,n/a,n/a,n/a,n/a,n/a,n/a,n/a,n/a,n/a,n/a,n/a
PM9_full_N500,S2,126337246,500,False,PD_classic,9.0,5.0,1.0,0.0,True,0.0,0.5,100,5,30,0.1,100000,0.0,0.0,1.0,0.0,0.0,0.0,0.0,1.0,0.0,1.2625751200137096,0.0,1.2625751200137096,5.0,21.604,93.58255445358729,1.0,True,True,0.0,1158,baseline,2498,4655,3.7269815852682147,37.43657979976443,0.0014925837345887924,0.08077171329913706,0.011936993938619469,0.9784890326502161,0.983415944328999,1.4426229508196722,0,classic,1.0,0.3,0.3,False,n/a,n/a,n/a,n/a,n/a,n/a,n/a,n/a,n/a,n/a,n/a,n/a,n/a,n/a,n/a,n/a,n/a,n/a,n/a
PM9_full_N500,S2,126337246,500,False,PD_classic,9.0,5.0,1.0,0.0,True,0.0,0.5,100,0,30,2.0,100000,0.0,0.0,1.0,0.0,0.0,0.0,0.0,1.0,0.0,1.0737455295824225,0.0,1.0737455295824225,234.824,234.824,10.086308564274768,0.0,True,True,0.0,1098,connected,2498,4675,3.7429943955164133,34.58332924355451,0.001498996554071451,0.0910239746931318,0.011817703934668407,0.9171208498143661,0.9171208498143661,5.616161616161616,0,classic,1.0,0.3,0.3,False,n/a,n/a,n/a,n/a,n/a,n/a,n/a,n/a,n/a,n/a,n/a,n/a,n/a,n/a,n/a,n/a,n/a,n/a,n/a
PM9_full_N500,S2,126337246,500,False,PD_classic,9.0,5.0,1.0,0.0,True,0.0,0.5,100,5,30,2.0,100000,0.0,0.0,1.0,0.0,0.0,0.0,0.0,1.0,0.0,1.0709125021137857,0.0,1.0709125021137857,5.0,231.04,10.265476921523282,1.0,True,True,0.0,980,baseline,2498,4655,3.7269815852682147,37.43657979976443,0.0014925837345887924,0.08077171329913706,0.011936993938619469,0.7815723181347013,0.9227630982675025,5.7414141414141415,0,classic,1.0,0.3,0.3,False,n/a,n/a,n/a,n/a,n/a,n/a,n/a,n/a,n/a,n/a,n/a,n/a,n/a,n/a,n/a,n/a,n/a,n/a,n/a
PM9_full_N500,S2,126337246,500,False,PD_classic,9.0,5.0,1.0,0.0,True,0.0,0.5,100,5,30,0.1,100000,0.0,0.0,1.0,0.0,0.0,0.0,0.0,1.0,0.0,1.3721405524541794,0.0,1.3721405524541794,4.99,18.072,125.86824040360764,0.988,True,True,0.002916626066505731,1277,fragmented,2498,3724,2.981585268214572,39.98779201020809,0.0011940669876710339,0.1167632815697932,0.013151812023949402,0.9850323910747312,0.987551873670817,1.4183266932270917,931,classic,1.0,0.3,0.3,False,n/a,n/a,n/a,n/a,n/a,n/a,n/a,n/a,n/a,n/a,n/a,n/a,n/a,n/a,n/a,n/a,n/a,n/a,n/a
PM9_full_N500,S2,126337246,500,False,PD_classic,9.0,5.0,1.0,0.0,True,0.0,0.5,100,5,30,0.1,100000,0.0,0.0,1.0,0.0,0.0,0.0,0.0,1.0,0.0,1.2736878255152044,0.0,1.2736878255152044,5.0,20.684,94.41318822109967,1.0,True,True,0.0,1161,connected,2498,4675,3.7429943955164133,34.58332924355451,0.001498996554071451,0.0910239746931318,0.011817703934668407,0.9601211020631018,0.9780225026254944,1.3215859030837005,0,classic,1.0,0.3,0.3,False,n/a,n/a,n/a,n/a,n/a,n/a,n/a,n/a,n/a,n/a,n/a,n/a,n/a,n/a,n/a,n/a,n/a,n/a,n/a
PM9_full_N500,S2,126337246,500,False,PD_classic,9.0,5.0,1.0,0.0,True,0.0,0.5,100,5,30,2.0,100000,0.0,0.0,1.0,0.0,0.0,0.0,0.0,1.0,0.0,1.0694052502084521,0.0,1.0694052502084521,5.0,189.928,13.958187281730385,1.0,True,True,0.0,1138,fragmented,2498,3724,2.981585268214572,39.98779201020809,0.0011940669876710339,0.1167632815697932,0.013151812023949402,0.8219659625577189,0.9395121762442097,5.342741935483871,931,classic,1.0,0.3,0.3,False,n/a,n/a,n/a,n/a,n/a,n/a,n/a,n/a,n/a,n/a,n/a,n/a,n/a,n/a,n/a,n/a,n/a,n/a,n/a
PM9_full_N500,S2,126337246,500,False,PD_classic,9.0,5.0,1.0,0.0,True,0.0,0.5,100,5,30,2.0,100000,0.0,0.0,1.0,0.0,0.0,0.0,0.0,1.0,0.0,1.0672815797490638,0.0,1.0672815797490638,5.0,230.488,10.252078816412503,1.0,True,True,0.0,965,connected,2498,4675,3.7429943955164133,34.58332924355451,0.001498996554071451,0.0910239746931318,0.011817703934668407,0.7735166352191823,0.9188153326172094,5.74749498997996,0,classic,1.0,0.3,0.3,False,n/a,n/a,n/a,n/a,n/a,n/a,n/a,n/a,n/a,n/a,n/a,n/a,n/a,n/a,n/a,n/a,n/a,n/a,n/a
PM9_full_N500,S2,126337246,500,False,PD_classic,9.0,5.0,1.0,0.0,True,0.0,0.5,100,15,30,0.1,100000,0.0,0.0,1.0,0.0,0.0,0.0,0.0,1.0,0.0,1.2625830336313026,0.0,1.2625830336313026,14.752,21.604,93.58255445358729,0.874,True,True,0.0,1162,baseline,2498,4655,3.7269815852682147,37.43657979976443,0.0014925837345887924,0.08077171329913706,0.011936993938619469,0.9827104644710088,0.983415944328999,1.4426229508196722,0,classic,1.0,0.3,0.3,False,n/a,n/a,n/a,n/a,n/a,n/a,n/a,n/a,n/a,n/a,n/a,n/a,n/a,n/a,n/a,n/a,n/a,n/a,n/a
PM9_full_N500,S2,126337246,500,False,PD_classic,9.0,5.0,1.0,0.0,True,0.0,0.5,100,15,30,0.1,100000,0.0,0.0,1.0,0.0,0.0,0.0,0.0,1.0,0.0,1.3704172060954634,0.0,1.3704172060954634,14.052,18.072,125.86824040360764,0.684,True,True,0.002916626066505731,1277,fragmented,2498,3724,2.981585268214572,39.98779201020809,0.0011940669876710339,0.1167632815697932,0.013151812023949402,0.9872934655954011,0.987551873670817,1.4183266932270917,931,classic,1.0,0.3,0.3,False,n/a,n/a,n/a,n/a,n/a,n/a,n/a,n/a,n/a,n/a,n/a,n/a,n/a,n/a,n/a,n/a,n/a,n/a,n/a
PM9_full_N500,S2,126337246,500,False,PD_classic,9.0,5.0,1.0,0.0,True,0.0,0.5,100,15,30,2.0,100000,0.0,0.0,1.0,0.0,0.0,0.0,0.0,1.0,0.0,1.0714432561633243,0.0,1.0714432561633243,15.0,230.084,10.273784759032974,1.0,True,True,0.0,1021,baseline,2498,4655,3.7269815852682147,37.43657979976443,0.0014925837345887924,0.08077171329913706,0.011936993938619469,0.818401459152746,0.9191568842403723,5.624,0,classic,1.0,0.3,0.3,False,n/a,n/a,n/a,n/a,n/a,n/a,n/a,n/a,n/a,n/a,n/a,n/a,n/a,n/a,n/a,n/a,n/a,n/a,n/a
PM9_full_N500,S2,126337246,500,False,PD_classic,9.0,5.0,1.0,0.0,True,0.0,0.5,100,15,30,2.0,100000,0.0,0.0,1.0,0.0,0.0,0.0,0.0,1.0,0.0,1.0693913681506524,0.0,1.0693913681506524,15.0,192.388,13.554262458854238,1.0,True,True,0.0,1093,fragmented,2498,3724,2.981585268214572,39.98779201020809,0.0011940669876710339,0.1167632815697932,0.013151812023949402,0.8629947726109712,0.9361199600087565,5.240404040404041,931,classic,1.0,0.3,0.3,False,n/a,n/a,n/a,n/a,n/a,n/a,n/a,n/a,n/a,n/a,n/a,n/a,n/a,n/a,n/a,n/a,n/a,n/a,n/a
PM9_full_N500,S2,126337246,500,False,PD_classic,9.0,5.0,1.0,0.0,True,0.0,0.5,100,15,30,0.1,100000,0.0,0.0,1.0,0.0,0.0,0.0,0.0,1.0,0.0,1.2736878255152044,0.0,1.2736878255152044,14.78,20.684,94.41318822109967,0.85,True,True,0.0,1161,connected,2498,4675,3.7429943955164133,34.58332924355451,0.001498996554071451,0.0910239746931318,0.011817703934668407,0.9724204637692863,0.9780225026254944,1.3215859030837005,0,classic,1.0,0.3,0.3,False,n/a,n/a,n/a,n/a,n/a,n/a,n/a,n/a,n/a,n/a,n/a,n/a,n/a,n/a,n/a,n/a,n/a,n/a,n/a
PM9_full_N500,S2,126337246,500,False,PD_classic,9.0,5.0,1.0,0.0,True,0.01,0.5,100,0,30,0.1,100000,0.08759999999999998,0.038400000000000004,0.6532000000000001,0.06900000000000002,0.06860000000000002,0.04659999999999999,0.036599999999999994,0.9169999231447367,0.032354108773322746,1.666652576668049,1.710943432572043,1.6880842448853732,21.236,21.236,92.51185820651287,0.0,False,True,0.0020375409501634345,10571,baseline,2498,4655,3.7269815852682147,37.43657979976443,0.0014925837345887924,0.08077171329913706,0.011936993938619469,0.9877454556331993,0.9877454556331993,1.368421052631579,0,classic,1.0,0.3,0.3,False,n/a,n/a,n/a,n/a,n/a,n/a,n/a,n/a,n/a,n/a,n/a,n/a,n/a,n/a,n/a,n/a,n/a,n/a,n/a
PM9_full_N500,S2,126337246,500,False,PD_classic,9.0,5.0,1.0,0.0,True,0.0,0.5,100,15,30,2.0,100000,0.0,0.0,1.0,0.0,0.0,0.0,0.0,1.0,0.0,1.0726010735656257,0.0,1.0726010735656257,15.0,231.344,10.329138522744596,1.0,True,True,0.0,1091,connected,2498,4675,3.7429943955164133,34.58332924355451,0.001498996554071451,0.0910239746931318,0.011817703934668407,0.8274412276286802,0.9274155103773355,6.0285714285714285,0,classic,1.0,0.3,0.3,False,n/a,n/a,n/a,n/a,n/a,n/a,n/a,n/a,n/a,n/a,n/a,n/a,n/a,n/a,n/a,n/a,n/a,n/a,n/a
PM9_full_N500,S2,126337246,500,False,PD_classic,9.0,5.0,1.0,0.0,True,0.01,0.5,100,0,30,0.1,100000,0.1258,0.0538,0.5204,0.08339999999999999,0.1266,0.03799999999999999,0.052000000000000005,0.8668578884729709,0.03466993521274733,1.7947858424871894,1.889542653122905,1.8842140243190284,17.976,17.976,130.28286822586117,0.0,False,True,-0.017211246444982484,11360,fragmented,2498,3724,2.981585268214572,39.98779201020809,0.0011940669876710339,0.1167632815697932,0.013151812023949402,0.982317006292702,0.982317006292702,1.396694214876033,931,classic,1.0,0.3,0.3,False,n/a,n/a,n/a,n/a,n/a,n/a,n/a,n/a,n/a,n/a,n/a,n/a,n/a,n/a,n/a,n/a,n/a,n/a,n/a
PM9_full_N500,S2,126337246,500,False,PD_classic,9.0,5.0,1.0,0.0,True,0.01,0.5,100,0,30,2.0,100000,0.048999999999999995,0.0066,0.8518000000000001,0.027399999999999997,0.04479999999999999,0.0126,0.007800000000000001,0.9683505095595049,0.045400643740470946,1.2566446552224737,1.2761651590432612,1.2588337163704193,230.408,230.408,10.291980146450037,0.0,False,True,-0.011563908655634988,12777,baseline,2498,4655,3.7269815852682147,37.43657979976443,0.0014925837345887924,0.08077171329913706,0.011936993938619469,0.9214631535154877,0.9214631535154877,5.362725450901803,0,classic,1.0,0.3,0.3,False,n/a,n/a,n/a,n/a,n/a,n/a,n/a,n/a,n/a,n/a,n/a,n/a,n/a,n/a,n/a,n/a,n/a,n/a,n/a
PM9_full_N500,S2,126337246,500,False,PD_classic,9.0,5.0,1.0,0.0,True,0.01,0.5,100,0,30,0.1,100000,0.08739999999999998,0.035,0.6276,0.0808,0.08299999999999999,0.04759999999999999,0.0386,0.839587527352403,0.017992424242424244,1.8107229528128022,1.948127300023328,1.8581493898897674,21.116,21.116,92.24699680035053,0.0,False,True,-0.00556152304609255,11198,connected,2498,4675,3.7429943955164133,34.58332924355451,0.001498996554071451,0.0910239746931318,0.011817703934668407,0.985022043416358,0.985022043416358,1.2580645161290323,0,classic,1.0,0.3,0.3,False,n/a,n/a,n/a,n/a,n/a,n/a,n/a,n/a,n/a,n/a,n/a,n/a,n/a,n/a,n/a,n/a,n/a,n/a,n/a
PM9_full_N500,S2,126337246,500,False,PD_classic,9.0,5.0,1.0,0.0,True,0.01,0.5,100,0,30,2.0,100000,0.0254,0.0124,0.861,0.027800000000000002,0.04959999999999999,0.0108,0.012999999999999998,0.9662504446985484,0.05289181899910099,1.2444817536780481,1.2805879543814593,1.2446409373467904,191.168,191.168,13.78334912814633,0.0,False,True,-0.0020584978339906034,14009,fragmented,2498,3724,2.981585268214572,39.98779201020809,0.0011940669876710339,0.1167632815697932,0.013151812023949402,0.9385633854621925,0.9385633854621925,5.334685598377282,931,classic,1.0,0.3,0.3,False,n/a,n/a,n/a,n/a,n/a,n/a,n/a,n/a,n/a,n/a,n/a,n/a,n/a,n/a,n/a,n/a,n/a,n/a,n/a
PM9_full_N500,S2,126337246,500,False,PD_classic,9.0,5.0,1.0,0.0,True,0.01,0.5,100,5,30,0.1,100000,0.04379999999999999,0.03200000000000001,0.7454,0.042599999999999985,0.048999999999999995,0.04279999999999999,0.044399999999999995,0.9260439599564574,0.025060330425097456,1.736615082438849,1.7375459384832848,1.7603402531027337,5.0,20.844,94.02101525165652,1.0,False,True,0.018346402985614508,10668,baseline,2498,4655,3.7269815852682147,37.43657979976443,0.0014925837345887924,0.08077171329913706,0.011936993938619469,0.9772706693766708,0.9833759316294943,1.4273127753303965,0,classic,1.0,0.3,0.3,False,n/a,n/a,n/a,n/a,n/a,n/a,n/a,n/a,n/a,n/a,n/a,n/a,n/a,n/a,n/a,n/a,n/a,n/a,n/a
PM9_full_N500,S2,126337246,500,False,PD_classic,9.0,5.0,1.0,0.0,True,0.01,0.5,100,0,30,2.0,100000,0.027000000000000003,0.011399999999999999,0.8805999999999999,0.039799999999999995,0.021199999999999997,0.007800000000000001,0.012199999999999999,0.9724618686734425,0.04030576789437109,1.250198280500815,1.2468253396035187,1.2512146055728668,228.936,228.936,10.39187510925731,0.0,False,True,-0.0007786399145578272,12848,connected,2498,4675,3.7429943955164133,34.58332924355451,0.001498996554071451,0.0910239746931318,0.011817703934668407,0.9134402207017486,0.9134402207017486,5.609657947686117,0,classic,1.0,0.3,0.3,False,n/a,n/a,n/a,n/a,n/a,n/a,n/a,n/a,n/a,n/a,n/a,n/a,n/a,n/a,n/a,n/a,n/a,n/a,n/a
PM9_full_N500,S2,126337246,500,False,PD_classic,9.0,5.0,1.0,0.0,True,0.01,0.5,100,5,30,0.1,100000,0.06800000000000002,0.04279999999999999,0.6756,0.0568,0.05439999999999999,0.06000000000000001,0.042399999999999986,0.8909960307545293,0.013791957460950481,1.8869569749466197,1.772430886358385,1.9326262286617228,4.996,18.332,123.42849204784841,0.994,False,True,0.007057621830486222,11236,fragmented,2498,3724,2.981585268214572,39.98779201020809,0.0011940669876710339,0.1167632815697932,0.013151812023949402,0.983695350662601,0.9890177873240638,1.4375,931,classic,1.0,0.3,0.3,False,n/a,n/a,n/a,n/a,n/a,n/a,n/a,n/a,n/a,n/a,n/a,n/a,n/a,n/a,n/a,n/a,n/a,n/a,n/a
PM9_full_N500,S2,126337246,500,False,PD_classic,9.0,5.0,1.0,0.0,True,0.01,0.5,100,5,30,2.0,100000,0.0186,0.0046,0.9398,0.005200000000000001,0.011800000000000001,0.0098,0.010199999999999999,0.9804589705924555,0.03505291005291005,1.2492407052653067,1.2607132236662697,1.2503473794333846,5.0,231.36,10.275825305131297,1.0,False,True,-0.0022197304789248456,10580,baseline,2498,4655,3.7269815852682147,37.43657979976443,0.0014925837345887924,0.08077171329913706,0.011936993938619469,0.7798493762004318,0.9257095925598983,5.719438877755511,0,classic,1.0,0.3,0.3,False,n/a,n/a,n/a,n/a,n/a,n/a,n/a,n/a,n/a,n/a,n/a,n/a,n/a,n/a,n/a,n/a,n/a,n/a,n/a
PM9_full_N500,S2,126337246,500,False,PD_classic,9.0,5.0,1.0,0.0,True,0.01,0.5,100,5,30,2.0,100000,0.017800000000000003,0.009000000000000001,0.9352,0.0126,0.0108,0.007200000000000001,0.007400000000000001,0.9762282961202249,0.038491266038027515,1.2314275380128266,1.2502916430740716,1.2323804224798534,5.0,189.148,13.856262829313243,1.0,False,True,3.282253128426576e-05,11068,fragmented,2498,3724,2.981585268214572,39.98779201020809,0.0011940669876710339,0.1167632815697932,0.013151812023949402,0.8160491668109984,0.9388512271981376,5.167002012072435,931,classic,1.0,0.3,0.3,False,n/a,n/a,n/a,n/a,n/a,n/a,n/a,n/a,n/a,n/a,n/a,n/a,n/a,n/a,n/a,n/a,n/a,n/a,n/a
PM9_full_N500,S2,126337246,500,False,PD_classic,9.0,5.0,1.0,0.0,True,0.01,0.5,100,5,30,0.1,100000,0.09039999999999998,0.04079999999999999,0.6325999999999999,0.058600000000000006,0.06520000000000001,0.0538,0.058600000000000006,0.8092343082404472,0.026117843710823235,1.7675513435618828,1.8113160110739073,1.8231324567113594,5.0,21.536,92.24332615711604,1.0,False,True,-0.011281792327165648,10785,connected,2498,4675,3.7429943955164133,34.58332924355451,0.001498996554071451,0.0910239746931318,0.011817703934668407,0.9800681903391284,0.9833346596282214,1.2645739910313902,0,classic,1.0,0.3,0.3,False,n/a,n/a,n/a,n/a,n/a,n/a,n/a,n/a,n/a,n/a,n/a,n/a,n/a,n/a,n/a,n/a,n/a,n/a,n/a
PM9_full_N500,S2,126337246,500,False,PD_classic,9.0,5.0,1.0,0.0,True,0.01,0.5,100,15,30,0.1,100000,0.0986,0.04179999999999999,0.627,0.04759999999999999,0.08739999999999998,0.04619999999999999,0.0514,0.9109011351757574,0.019391802556192154,1.6920420953055144,1.833875253130658,1.7367259784418674,14.798,21.176,93.6329971333211,0.86,False,True,-0.006570112680447059,10650,baseline,2498,4655,3.7269815852682147,37.43657979976443,0.0014925837345887924,0.08077171329913706,0.011936993938619469,0.9887298286859256,0.9893492389465548,1.2293577981651376,0,classic,1.0,0.3,0.3,False,n/a,n/a,n/a,n/a,n/a,n/a,n/a,n/a,n/a,n/a,n/a,n/a,n/a,n/a,n/a,n/a,n/a,n/a,n/a
PM9_full_N500,S2,126337246,500,False,PD_classic,9.0,5.0,1.0,0.0,True,0.01,0.5,100,5,30,2.0,100000,0.020799999999999996,0.009600000000000001,0.9232000000000001,0.01,0.0086,0.0164,0.011399999999999999,0.9704592984467075,0.053705517466536075,1.246437419282794,1.2590080185149515,1.2472482158495788,5.0,231.216,10.212014205170846,1.0,False,True,-0.0018936747747020286,10317,connected,2498,4675,3.7429943955164133,34.58332924355451,0.001498996554071451,0.0910239746931318,0.011817703934668407,0.778852527918964,0.9250004154840398,5.684,0,classic,1.0,0.3,0.3,False,n/a,n/a,n/a,n/a,n/a,n/a,n/a,n/a,n/a,n/a,n/a,n/a,n/a,n/a,n/a,n/a,n/a,n/a,n/a
PM9_full_N500,S2,126337246,500,False,PD_classic,9.0,5.0,1.0,0.0,True,0.01,0.5,100,15,30,0.1,100000,0.11739999999999999,0.0252,0.588,0.0784,0.09899999999999999,0.0528,0.03919999999999999,0.9001987454553084,0.044647387113140535,1.8577368874319957,2.0107226268113587,1.9171479373232192,13.93,17.696,129.7056817731946,0.65,False,True,-0.0160919875679521,11336,fragmented,2498,3724,2.981585268214572,39.98779201020809,0.0011940669876710339,0.1167632815697932,0.013151812023949402,0.9917789004172205,0.9923972730985632,1.3333333333333333,931,classic,1.0,0.3,0.3,False,n/a,n/a,n/a,n/a,n/a,n/a,n/a,n/a,n/a,n/a,n/a,n/a,n/a,n/a,n/a,n/a,n/a,n/a,n/a
PM9_full_N500,S2,126337246,500,False,PD_classic,9.0,5.0,1.0,0.0,True,0.01,0.5,100,15,30,2.0,100000,0.008000000000000002,0.01,0.9363999999999999,0.009200000000000003,0.0128,0.0184,0.005200000000000001,0.9790229441617269,0.036553092954019185,1.2468831989751776,1.2681762671602805,1.2477014920896081,15.0,230.364,10.312771266539729,1.0,False,True,-0.001375186300743738,10817,baseline,2498,4655,3.7269815852682147,37.43657979976443,0.0014925837345887924,0.08077171329913706,0.011936993938619469,0.8250387152141647,0.9271911345223257,5.754527162977867,0,classic,1.0,0.3,0.3,False,n/a,n/a,n/a,n/a,n/a,n/a,n/a,n/a,n/a,n/a,n/a,n/a,n/a,n/a,n/a,n/a,n/a,n/a,n/a
PM9_full_N500,S2,126337246,500,False,PD_classic,9.0,5.0,1.0,0.0,True,0.01,0.5,100,15,30,0.1,100000,0.071,0.041600000000000005,0.6534,0.08279999999999998,0.06680000000000001,0.053000000000000005,0.0314,0.7769458933948032,0.037020417321067985,1.859425224465389,1.7348828222257953,1.8547372908360684,14.778,20.524,93.55024662857186,0.884,False,True,-0.0015301597206418122,11070,connected,2498,4675,3.7429943955164133,34.58332924355451,0.001498996554071451,0.0910239746931318,0.011817703934668407,0.9876590981884734,0.9877011061699899,1.4009661835748792,0,classic,1.0,0.3,0.3,False,n/a,n/a,n/a,n/a,n/a,n/a,n/a,n/a,n/a,n/a,n/a,n/a,n/a,n/a,n/a,n/a,n/a,n/a,n/a
PM9_full_N500,S2,126337246,500,False,PD_classic,9.0,5.0,1.0,0.0,True,0.01,0.5,100,15,30,2.0,100000,0.0144,0.014400000000000001,0.9172000000000002,0.018400000000000003,0.0158,0.014400000000000001,0.0054,0.9729846748562604,0.03912977791207131,1.2285733322139107,1.2531151901507087,1.2295374645559256,15.0,194.016,13.556452295304412,1.0,False,True,-0.00149202836811274,11745,fragmented,2498,3724,2.981585268214572,39.98779201020809,0.0011940669876710339,0.1167632815697932,0.013151812023949402,0.8603572010856362,0.9383741141231356,5.268686868686869,931,classic,1.0,0.3,0.3,False,n/a,n/a,n/a,n/a,n/a,n/a,n/a,n/a,n/a,n/a,n/a,n/a,n/a,n/a,n/a,n/a,n/a,n/a,n/a
PM9_full_N500,S2,126337246,500,False,weak_PD,1.6,1.0,0.0,0.0,True,0.0,0.5,100,0,30,0.1,100000,0.0,0.0,1.0,0.0,0.0,0.0,0.0,1.0,0.0,0.1475700567801247,0.0,0.1475700567801247,20.38,20.38,92.32144342619057,0.0,True,True,0.008146448585792878,2776,baseline,2498,4655,3.7269815852682147,37.43657979976443,0.0014925837345887924,0.08077171329913706,0.011936993938619469,0.9771045969675025,0.9771045969675025,1.2835820895522387,0,classic,1.0,0.3,0.3,False,n/a,n/a,n/a,n/a,n/a,n/a,n/a,n/a,n/a,n/a,n/a,n/a,n/a,n/a,n/a,n/a,n/a,n/a,n/a
PM9_full_N500,S2,126337246,500,False,PD_classic,9.0,5.0,1.0,0.0,True,0.01,0.5,100,15,30,2.0,100000,0.0134,0.008799999999999999,0.916,0.0236,0.021199999999999997,0.0104,0.0066,0.9705758900767597,0.0479394449116905,1.240488284602115,1.2250187117639975,1.2417279394482716,15.0,228.916,10.451153327517492,1.0,False,True,-0.001960308641230903,10678,connected,2498,4675,3.7429943955164133,34.58332924355451,0.001498996554071451,0.0910239746931318,0.011817703934668407,0.8280293718661336,0.9263563319085791,5.626506024096385,0,classic,1.0,0.3,0.3,False,n/a,n/a,n/a,n/a,n/a,n/a,n/a,n/a,n/a,n/a,n/a,n/a,n/a,n/a,n/a,n/a,n/a,n/a,n/a
PM9_full_N500,S2,126337246,500,False,weak_PD,1.6,1.0,0.0,0.0,True,0.0,0.5,100,0,30,0.1,100000,0.008000000000000002,0.0,0.99,0.0,0.0020000000000000005,0.0,0.0,1.0,0.0,0.14289425641754538,0.015383813486110978,0.14355105102792545,17.716,17.716,123.81473001111407,0.0,False,True,0.01648119232475758,2551,fragmented,2498,3724,2.981585268214572,39.98779201020809,0.0011940669876710339,0.1167632815697932,0.013151812023949402,0.9832685719481772,0.9832685719481772,1.3360995850622406,931,classic,1.0,0.3,0.3,False,n/a,n/a,n/a,n/a,n/a,n/a,n/a,n/a,n/a,n/a,n/a,n/a,n/a,n/a,n/a,n/a,n/a,n/a,n/a
PM9_full_N500,S2,126337246,500,False,weak_PD,1.6,1.0,0.0,0.0,True,0.0,0.5,100,0,30,2.0,100000,0.0,0.0,1.0,0.0,0.0,0.0,0.0,1.0,0.0,0.029420000576228303,0.0,0.029420000576228303,231.144,231.144,10.211621712893725,0.0,True,True,0.0,1948,baseline,2498,4655,3.7269815852682147,37.43657979976443,0.0014925837345887924,0.08077171329913706,0.011936993938619469,0.9211693971513985,0.9211693971513985,5.923847695390782,0,classic,1.0,0.3,0.3,False,n/a,n/a,n/a,n/a,n/a,n/a,n/a,n/a,n/a,n/a,n/a,n/a,n/a,n/a,n/a,n/a,n/a,n/a,n/a
PM9_full_N500,S2,126337246,500,False,weak_PD,1.6,1.0,0.0,0.0,True,0.0,0.5,100,0,30,0.1,100000,0.0,0.0,1.0,0.0,0.0,0.0,0.0,1.0,0.0,0.15481841096681778,0.0,0.15481841096681778,20.952,20.952,93.05214728124358,0.0,True,True,0.018220095280378924,2865,connected,2498,4675,3.7429943955164133,34.58332924355451,0.001498996554071451,0.0910239746931318,0.011817703934668407,0.9891951771821812,0.9891951771821812,1.3183856502242153,0,classic,1.0,0.3,0.3,False,n/a,n/a,n/a,n/a,n/a,n/a,n/a,n/a,n/a,n/a,n/a,n/a,n/a,n/a,n/a,n/a,n/a,n/a,n/a
PM9_full_N500,S2,126337246,500,False,weak_PD,1.6,1.0,0.0,0.0,True,0.0,0.5,100,0,30,2.0,100000,0.0,0.0,1.0,0.0,0.0,0.0,0.0,1.0,0.0,0.03558271850996273,0.0,0.03558271850996273,191.388,191.388,13.699550655343005,0.0,True,True,0.0,2480,fragmented,2498,3724,2.981585268214572,39.98779201020809,0.0011940669876710339,0.1167632815697932,0.013151812023949402,0.9370448257790932,0.9370448257790932,5.306451612903226,931,classic,1.0,0.3,0.3,False,n/a,n/a,n/a,n/a,n/a,n/a,n/a,n/a,n/a,n/a,n/a,n/a,n/a,n/a,n/a,n/a,n/a,n/a,n/a
PM9_full_N500,S2,126337246,500,False,weak_PD,1.6,1.0,0.0,0.0,True,0.0,0.5,100,5,30,0.1,100000,0.0,0.0,1.0,0.0,0.0,0.0,0.0,1.0,0.0,0.14613969823153983,0.0,0.14613969823153983,5.0,20.76,93.83547027682394,1.0,True,True,0.010157800631177622,2740,baseline,2498,4655,3.7269815852682147,37.43657979976443,0.0014925837345887924,0.08077171329913706,0.011936993938619469,0.9833225539537276,0.987599123518448,1.1808510638297873,0,classic,1.0,0.3,0.3,False,n/a,n/a,n/a,n/a,n/a,n/a,n/a,n/a,n/a,n/a,n/a,n/a,n/a,n/a,n/a,n/a,n/a,n/a,n/a
PM9_full_N500,S2,126337246,500,False,weak_PD,1.6,1.0,0.0,0.0,True,0.0,0.5,100,0,30,2.0,100000,0.0,0.0,1.0,0.0,0.0,0.0,0.0,1.0,0.0,0.027713835705554205,0.0,0.027713835705554205,231.868,231.868,10.255859468263692,0.0,True,True,0.0,1895,connected,2498,4675,3.7429943955164133,34.58332924355451,0.001498996554071451,0.0910239746931318,0.011817703934668407,0.9204195421713905,0.9204195421713905,5.493975903614458,0,classic,1.0,0.3,0.3,False,n/a,n/a,n/a,n/a,n/a,n/a,n/a,n/a,n/a,n/a,n/a,n/a,n/a,n/a,n/a,n/a,n/a,n/a,n/a
PM9_full_N500,S2,126337246,500,False,weak_PD,1.6,1.0,0.0,0.0,True,0.0,0.5,100,5,30,0.1,100000,0.0020000000000000005,0.0,0.986,0.004000000000000001,0.008000000000000002,0.0,0.0,1.0,0.0,0.14312919745792474,0.8065601345668629,0.15155535032951217,4.984,18.068,123.13663230657286,0.988,False,False,0.022107755631020326,2546,fragmented,2498,3724,2.981585268214572,39.98779201020809,0.0011940669876710339,0.1167632815697932,0.013151812023949402,0.9861062342674567,0.9887935838658194,1.4039215686274509,931,classic,1.0,0.3,0.3,False,n/a,n/a,n/a,n/a,n/a,n/a,n/a,n/a,n/a,n/a,n/a,n/a,n/a,n/a,n/a,n/a,n/a,n/a,n/a
PM9_full_N500,S2,126337246,500,False,weak_PD,1.6,1.0,0.0,0.0,True,0.0,0.5,100,5,30,2.0,100000,0.0,0.0,1.0,0.0,0.0,0.0,0.0,1.0,0.0,0.029934794345160873,0.0,0.029934794345160873,5.0,233.276,10.182379045664053,1.0,True,True,0.0,1955,baseline,2498,4655,3.7269815852682147,37.43657979976443,0.0014925837345887924,0.08077171329913706,0.011936993938619469,0.7758600685578845,0.9236574232700873,5.48995983935743,0,classic,1.0,0.3,0.3,False,n/a,n/a,n/a,n/a,n/a,n/a,n/a,n/a,n/a,n/a,n/a,n/a,n/a,n/a,n/a,n/a,n/a,n/a,n/a
PM9_full_N500,S2,126337246,500,False,weak_PD,1.6,1.0,0.0,0.0,True,0.0,0.5,100,5,30,0.1,100000,0.0,0.0,1.0,0.0,0.0,0.0,0.0,1.0,0.0,0.1562029005558448,0.0,0.1562029005558448,5.0,21.056,92.5967243981375,1.0,True,True,0.017678077112314308,2831,connected,2498,4675,3.7429943955164133,34.58332924355451,0.001498996554071451,0.0910239746931318,0.011817703934668407,0.9808641824420041,0.9875448359556293,1.2454545454545454,0,classic,1.0,0.3,0.3,False,n/a,n/a,n/a,n/a,n/a,n/a,n/a,n/a,n/a,n/a,n/a,n/a,n/a,n/a,n/a,n/a,n/a,n/a,n/a
PM9_full_N500,S2,126337246,500,False,weak_PD,1.6,1.0,0.0,0.0,True,0.0,0.5,100,5,30,2.0,100000,0.0,0.0,1.0,0.0,0.0,0.0,0.0,1.0,0.0,0.029710966570549127,0.0,0.029710966570549127,5.0,191.668,13.604677077092829,1.0,True,True,0.0,2075,fragmented,2498,3724,2.981585268214572,39.98779201020809,0.0011940669876710339,0.1167632815697932,0.013151812023949402,0.823577218329896,0.9401511636729235,5.104838709677419,931,classic,1.0,0.3,0.3,False,n/a,n/a,n/a,n/a,n/a,n/a,n/a,n/a,n/a,n/a,n/a,n/a,n/a,n/a,n/a,n/a,n/a,n/a,n/a
PM9_full_N500,S2,126337246,500,False,weak_PD,1.6,1.0,0.0,0.0,True,0.0,0.5,100,15,30,0.1,100000,0.0,0.0,1.0,0.0,0.0,0.0,0.0,1.0,0.0,0.1475700567801247,0.0,0.1475700567801247,14.856,20.38,92.32144342619057,0.876,True,True,0.008146448585792878,2776,baseline,2498,4655,3.7269815852682147,37.43657979976443,0.0014925837345887924,0.08077171329913706,0.011936993938619469,0.9767552430640694,0.9771045969675025,1.2835820895522387,0,classic,1.0,0.3,0.3,False,n/a,n/a,n/a,n/a,n/a,n/a,n/a,n/a,n/a,n/a,n/a,n/a,n/a,n/a,n/a,n/a,n/a,n/a,n/a
PM9_full_N500,S2,126337246,500,False,weak_PD,1.6,1.0,0.0,0.0,True,0.0,0.5,100,5,30,2.0,100000,0.0,0.0,1.0,0.0,0.0,0.0,0.0,1.0,0.0,0.02750764269053706,0.0,0.02750764269053706,5.0,229.568,10.33705671822907,1.0,True,True,0.0,1710,connected,2498,4675,3.7429943955164133,34.58332924355451,0.001498996554071451,0.0910239746931318,0.011817703934668407,0.7732820464550482,0.9185733595824553,5.770623742454728,0,classic,1.0,0.3,0.3,False,n/a,n/a,n/a,n/a,n/a,n/a,n/a,n/a,n/a,n/a,n/a,n/a,n/a,n/a,n/a,n/a,n/a,n/a,n/a
PM9_full_N500,S2,126337246,500,False,weak_PD,1.6,1.0,0.0,0.0,True,0.0,0.5,100,15,30,0.1,100000,0.008000000000000002,0.0,0.99,0.0,0.0020000000000000005,0.0,0.0,0.9999131944444445,0.0001839587932303164,0.14289425641754538,0.015505690390437607,0.14355202604316006,14.046,17.716,123.81473001111407,0.646,False,True,0.01648119232475758,2551,fragmented,2498,3724,2.981585268214572,39.98779201020809,0.0011940669876710339,0.1167632815697932,0.013151812023949402,0.9823082802500009,0.9832685719481772,1.3360995850622406,931,classic,1.0,0.3,0.3,False,n/a,n/a,n/a,n/a,n/a,n/a,n/a,n/a,n/a,n/a,n/a,n/a,n/a,n/a,n/a,n/a,n/a,n/a,n/a
PM9_full_N500,S2,126337246,500,False,weak_PD,1.6,1.0,0.0,0.0,True,0.0,0.5,100,15,30,2.0,100000,0.0,0.0,1.0,0.0,0.0,0.0,0.0,1.0,0.0,0.030473402556815538,0.0,0.030473402556815538,15.0,232.048,10.274490828582241,1.0,True,True,0.0,2000,baseline,2498,4655,3.7269815852682147,37.43657979976443,0.0014925837345887924,0.08077171329913706,0.011936993938619469,0.8233436753161885,0.9255291019204497,5.484,0,classic,1.0,0.3,0.3,False,n/a,n/a,n/a,n/a,n/a,n/a,n/a,n/a,n/a,n/a,n/a,n/a,n/a,n/a,n/a,n/a,n/a,n/a,n/a
PM9_full_N500,S2,126337246,500,False,weak_PD,1.6,1.0,0.0,0.0,True,0.0,0.5,100,15,30,0.1,100000,0.0,0.0,1.0,0.0,0.0,0.0,0.0,1.0,0.0,0.15481841096681778,0.0,0.15481841096681778,14.788,20.952,93.05214728124358,0.88,True,True,0.018220095280378924,2865,connected,2498,4675,3.7429943955164133,34.58332924355451,0.001498996554071451,0.0910239746931318,0.011817703934668407,0.9888345971071806,0.9891951771821812,1.3183856502242153,0,classic,1.0,0.3,0.3,False,n/a,n/a,n/a,n/a,n/a,n/a,n/a,n/a,n/a,n/a,n/a,n/a,n/a,n/a,n/a,n/a,n/a,n/a,n/a
PM9_full_N500,S2,126337246,500,False,weak_PD,1.6,1.0,0.0,0.0,True,0.0,0.5,100,15,30,2.0,100000,0.0,0.0,1.0,0.0,0.0,0.0,0.0,1.0,0.0,0.034663343661956274,0.0,0.034663343661956274,15.0,190.724,13.716372667286064,1.0,True,True,0.0,2258,fragmented,2498,3724,2.981585268214572,39.98779201020809,0.0011940669876710339,0.1167632815697932,0.013151812023949402,0.8563772404405747,0.9314542292642278,5.199195171026157,931,classic,1.0,0.3,0.3,False,n/a,n/a,n/a,n/a,n/a,n/a,n/a,n/a,n/a,n/a,n/a,n/a,n/a,n/a,n/a,n/a,n/a,n/a,n/a
PM9_full_N500,S2,126337246,500,False,weak_PD,1.6,1.0,0.0,0.0,True,0.01,0.5,100,0,30,0.1,100000,0.14639999999999997,0.07039999999999999,0.4702,0.08839999999999998,0.09739999999999999,0.0722,0.05500000000000001,0.7412723353361057,0.03174286284687562,0.3729261984892929,0.38670894835718356,0.3977328453139931,19.892,19.892,96.54477656721133,0.0,False,True,0.01063329053316195,13888,baseline,2498,4655,3.7269815852682147,37.43657979976443,0.0014925837345887924,0.08077171329913706,0.011936993938619469,0.9734411649932527,0.9734411649932527,1.2975206611570247,0,classic,1.0,0.3,0.3,False,n/a,n/a,n/a,n/a,n/a,n/a,n/a,n/a,n/a,n/a,n/a,n/a,n/a,n/a,n/a,n/a,n/a,n/a,n/a
PM9_full_N500,S2,126337246,500,False,weak_PD,1.6,1.0,0.0,0.0,True,0.0,0.5,100,15,30,2.0,100000,0.0,0.0,1.0,0.0,0.0,0.0,0.0,1.0,0.0,0.029171823973846236,0.0,0.029171823973846236,15.0,233.656,10.250361486036335,1.0,True,True,0.0,1976,connected,2498,4675,3.7429943955164133,34.58332924355451,0.001498996554071451,0.0910239746931318,0.011817703934668407,0.8247139832822457,0.9282159648332623,5.428571428571429,0,classic,1.0,0.3,0.3,False,n/a,n/a,n/a,n/a,n/a,n/a,n/a,n/a,n/a,n/a,n/a,n/a,n/a,n/a,n/a,n/a,n/a,n/a,n/a
PM9_full_N500,S2,126337246,500,False,weak_PD,1.6,1.0,0.0,0.0,True,0.01,0.5,100,0,30,0.1,100000,0.1316,0.06420000000000001,0.3758,0.08659999999999998,0.12079999999999998,0.15099999999999997,0.07000000000000002,0.6303175787221946,0.03542025655753398,0.4136330701679144,0.4107151577530357,0.42333554681681124,18.22,18.22,125.7227432802578,0.0,False,True,0.0003889743559007195,13970,fragmented,2498,3724,2.981585268214572,39.98779201020809,0.0011940669876710339,0.1167632815697932,0.013151812023949402,0.9813670145956829,0.9813670145956829,1.3214285714285714,931,classic,1.0,0.3,0.3,False,n/a,n/a,n/a,n/a,n/a,n/a,n/a,n/a,n/a,n/a,n/a,n/a,n/a,n/a,n/a,n/a,n/a,n/a,n/a
PM9_full_N500,S2,126337246,500,False,weak_PD,1.6,1.0,0.0,0.0,True,0.01,0.5,100,0,30,2.0,100000,0.06900000000000002,0.025399999999999995,0.758,0.04379999999999999,0.0634,0.017800000000000003,0.0226,0.9149734273168535,0.10425773028978469,0.12240998491182162,0.12221177393547847,0.12318161809201628,235.648,235.648,10.173274053267498,0.0,False,True,-0.015688497953994015,18965,baseline,2498,4655,3.7269815852682147,37.43657979976443,0.0014925837345887924,0.08077171329913706,0.011936993938619469,0.9274321894461279,0.9274321894461279,5.730382293762576,0,classic,1.0,0.3,0.3,False,n/a,n/a,n/a,n/a,n/a,n/a,n/a,n/a,n/a,n/a,n/a,n/a,n/a,n/a,n/a,n/a,n/a,n/a,n/a
PM9_full_N500,S2,126337246,500,False,weak_PD,1.6,1.0,0.0,0.0,True,0.01,0.5,100,0,30,0.1,100000,0.07060000000000001,0.026799999999999997,0.5604000000000001,0.11640000000000002,0.06620000000000001,0.07299999999999998,0.08659999999999998,0.7532397232389056,0.04643104643104643,0.35183751642675987,0.3292430494594809,0.36424892753854193,20.868,20.868,94.52699619766435,0.0,False,False,0.021581519926078974,14202,connected,2498,4675,3.7429943955164133,34.58332924355451,0.001498996554071451,0.0910239746931318,0.011817703934668407,0.962217511484735,0.962217511484735,1.3429951690821256,0,classic,1.0,0.3,0.3,False,n/a,n/a,n/a,n/a,n/a,n/a,n/a,n/a,n/a,n/a,n/a,n/a,n/a,n/a,n/a,n/a,n/a,n/a,n/a
PM9_full_N500,S2,126337246,500,False,weak_PD,1.6,1.0,0.0,0.0,True,0.01,0.5,100,0,30,2.0,100000,0.05279999999999999,0.0058,0.7678,0.04519999999999999,0.07419999999999999,0.030600000000000006,0.0236,0.939935962525238,0.06615661566156615,0.12503422954684815,0.12454430164096934,0.12595414328478152,192.824,192.824,13.685892411254011,0.0,False,True,-0.004610687242745675,20971,fragmented,2498,3724,2.981585268214572,39.98779201020809,0.0011940669876710339,0.1167632815697932,0.013151812023949402,0.9384044729007346,0.9384044729007346,5.2635814889336014,931,classic,1.0,0.3,0.3,False,n/a,n/a,n/a,n/a,n/a,n/a,n/a,n/a,n/a,n/a,n/a,n/a,n/a,n/a,n/a,n/a,n/a,n/a,n/a
PM9_full_N500,S2,126337246,500,False,weak_PD,1.6,1.0,0.0,0.0,True,0.01,0.5,100,5,30,0.1,100000,0.13340000000000002,0.044599999999999994,0.4640000000000001,0.08279999999999998,0.09239999999999998,0.086,0.09679999999999998,0.6579470532179866,0.04148566463944396,0.3858881067692927,0.4245645468530312,0.41204242585225487,5.0,20.688,93.38212142115849,1.0,False,True,0.013822480889923926,14206,baseline,2498,4655,3.7269815852682147,37.43657979976443,0.0014925837345887924,0.08077171329913706,0.011936993938619469,0.9789730017019008,0.984225222152774,1.3581395348837209,0,classic,1.0,0.3,0.3,False,n/a,n/a,n/a,n/a,n/a,n/a,n/a,n/a,n/a,n/a,n/a,n/a,n/a,n/a,n/a,n/a,n/a,n/a,n/a
PM9_full_N500,S2,126337246,500,False,weak_PD,1.6,1.0,0.0,0.0,True,0.01,0.5,100,0,30,2.0,100000,0.0372,0.014799999999999999,0.8096,0.06220000000000001,0.032799999999999996,0.0284,0.015000000000000003,0.9538522622308756,0.06803170409511229,0.11214013413551724,0.1109099728328139,0.1124618414734732,231.972,231.972,10.272377760726993,0.0,False,True,-0.009713683654735352,18928,connected,2498,4675,3.7429943955164133,34.58332924355451,0.001498996554071451,0.0910239746931318,0.011817703934668407,0.9277670679512723,0.9277670679512723,5.706827309236948,0,classic,1.0,0.3,0.3,False,n/a,n/a,n/a,n/a,n/a,n/a,n/a,n/a,n/a,n/a,n/a,n/a,n/a,n/a,n/a,n/a,n/a,n/a,n/a
PM9_full_N500,S2,126337246,500,False,weak_PD,1.6,1.0,0.0,0.0,True,0.01,0.5,100,5,30,0.1,100000,0.13899999999999998,0.04759999999999999,0.4192,0.11000000000000001,0.11600000000000002,0.11280000000000001,0.055400000000000005,0.627207750753193,0.031216361679224973,0.37539757699343573,0.43380203673985135,0.43143942360677723,4.996,17.56,122.85680632205228,0.994,False,True,0.000666780267123632,14105,fragmented,2498,3724,2.981585268214572,39.98779201020809,0.0011940669876710339,0.1167632815697932,0.013151812023949402,0.9798074476301883,0.9842324544107289,1.4368932038834952,931,classic,1.0,0.3,0.3,False,n/a,n/a,n/a,n/a,n/a,n/a,n/a,n/a,n/a,n/a,n/a,n/a,n/a,n/a,n/a,n/a,n/a,n/a,n/a
PM9_full_N500,S2,126337246,500,False,weak_PD,1.6,1.0,0.0,0.0,True,0.01,0.5,100,5,30,2.0,100000,0.033400000000000006,0.018999999999999996,0.8652,0.0226,0.018999999999999996,0.0212,0.019599999999999996,0.9385199497211619,0.09385327164573695,0.10713350987107595,0.11305469417103929,0.1074958793142578,5.0,236.34,10.116677572134897,1.0,False,True,0.013276891507566762,15187,baseline,2498,4655,3.7269815852682147,37.43657979976443,0.0014925837345887924,0.08077171329913706,0.011936993938619469,0.7763059782429799,0.9260691287039392,5.7114228456913825,0,classic,1.0,0.3,0.3,False,n/a,n/a,n/a,n/a,n/a,n/a,n/a,n/a,n/a,n/a,n/a,n/a,n/a,n/a,n/a,n/a,n/a,n/a,n/a
PM9_full_N500,S2,126337246,500,False,weak_PD,1.6,1.0,0.0,0.0,True,0.01,0.5,100,5,30,0.1,100000,0.1528,0.05700000000000001,0.4274000000000001,0.09539999999999998,0.1212,0.09579999999999998,0.0504,0.7345764273287376,0.03673181068989875,0.3353951443984448,0.3660444771138448,0.3594565608751641,5.0,21.276,91.28730839453189,1.0,False,True,-0.006362694250774074,13945,connected,2498,4675,3.7429943955164133,34.58332924355451,0.001498996554071451,0.0910239746931318,0.011817703934668407,0.9692960981672157,0.9714073316284717,1.3076923076923077,0,classic,1.0,0.3,0.3,False,n/a,n/a,n/a,n/a,n/a,n/a,n/a,n/a,n/a,n/a,n/a,n/a,n/a,n/a,n/a,n/a,n/a,n/a,n/a
PM9_full_N500,S2,126337246,500,False,weak_PD,1.6,1.0,0.0,0.0,True,0.01,0.5,100,5,30,2.0,100000,0.029000000000000005,0.0086,0.8455999999999999,0.03959999999999999,0.0294,0.029600000000000005,0.018199999999999997,0.9354772497969629,0.08422764227642277,0.1061844604141353,0.11488895598042814,0.10593700389197608,5.0,190.876,13.729981065929184,1.0,False,True,0.005519647678591447,16348,fragmented,2498,3724,2.981585268214572,39.98779201020809,0.0011940669876710339,0.1167632815697932,0.013151812023949402,0.8173180627947656,0.9331672226016863,4.9979716024340775,931,classic,1.0,0.3,0.3,False,n/a,n/a,n/a,n/a,n/a,n/a,n/a,n/a,n/a,n/a,n/a,n/a,n/a,n/a,n/a,n/a,n/a,n/a,n/a
PM9_full_N500,S2,126337246,500,False,weak_PD,1.6,1.0,0.0,0.0,True,0.01,0.5,100,15,30,0.1,100000,0.125,0.055600000000000004,0.4314,0.1086,0.11240000000000001,0.09379999999999998,0.07319999999999999,0.7078843279730296,0.0621196222455404,0.37241552309006937,0.393492651229212,0.3883353141129366,14.714,20.204,96.97273308684146,0.854,False,True,0.0035651758607056403,14318,baseline,2498,4655,3.7269815852682147,37.43657979976443,0.0014925837345887924,0.08077171329913706,0.011936993938619469,0.9875607857915839,0.988284267795042,1.3243243243243243,0,classic,1.0,0.3,0.3,False,n/a,n/a,n/a,n/a,n/a,n/a,n/a,n/a,n/a,n/a,n/a,n/a,n/a,n/a,n/a,n/a,n/a,n/a,n/a
PM9_full_N500,S2,126337246,500,False,weak_PD,1.6,1.0,0.0,0.0,True,0.01,0.5,100,5,30,2.0,100000,0.0178,0.029600000000000005,0.8594000000000002,0.030799999999999994,0.022199999999999998,0.018999999999999996,0.021199999999999997,0.9368506206202175,0.09252483010977522,0.10955592880561761,0.11556449173566935,0.1098453720787991,5.0,229.576,10.395529482552947,1.0,False,True,-0.0026605258421066643,15289,connected,2498,4675,3.7429943955164133,34.58332924355451,0.001498996554071451,0.0910239746931318,0.011817703934668407,0.7786744341672451,0.9155854823226218,5.411290322580645,0,classic,1.0,0.3,0.3,False,n/a,n/a,n/a,n/a,n/a,n/a,n/a,n/a,n/a,n/a,n/a,n/a,n/a,n/a,n/a,n/a,n/a,n/a,n/a
PM9_full_N500,S2,126337246,500,False,weak_PD,1.6,1.0,0.0,0.0,True,0.01,0.5,100,15,30,0.1,100000,0.1258,0.0774,0.4576000000000001,0.11580000000000001,0.06180000000000001,0.1018,0.059800000000000006,0.8005254632896615,0.05156281106908222,0.38723956232128226,0.37495849648514396,0.4100025967186262,13.992,17.728,128.22951228485798,0.652,False,True,0.013756250225001265,13952,fragmented,2498,3724,2.981585268214572,39.98779201020809,0.0011940669876710339,0.1167632815697932,0.013151812023949402,0.9879092492533218,0.988187739911016,1.3545454545454545,931,classic,1.0,0.3,0.3,False,n/a,n/a,n/a,n/a,n/a,n/a,n/a,n/a,n/a,n/a,n/a,n/a,n/a,n/a,n/a,n/a,n/a,n/a,n/a
PM9_full_N500,S2,126337246,500,False,weak_PD,1.6,1.0,0.0,0.0,True,0.01,0.5,100,15,30,2.0,100000,0.0262,0.014999999999999996,0.8554,0.020199999999999992,0.047799999999999995,0.021799999999999993,0.013600000000000001,0.9323418874801803,0.08689075630252101,0.11051098029182678,0.10696101218947178,0.1109861379451249,15.0,235.324,10.138639056497679,1.0,False,True,-0.0074803499214011505,16091,baseline,2498,4655,3.7269815852682147,37.43657979976443,0.0014925837345887924,0.08077171329913706,0.011936993938619469,0.823658863210807,0.9278682168545519,5.553319919517103,0,classic,1.0,0.3,0.3,False,n/a,n/a,n/a,n/a,n/a,n/a,n/a,n/a,n/a,n/a,n/a,n/a,n/a,n/a,n/a,n/a,n/a,n/a,n/a
PM9_full_N500,S2,126337246,500,False,weak_PD,1.6,1.0,0.0,0.0,True,0.01,0.5,100,15,30,0.1,100000,0.13079999999999997,0.049199999999999994,0.4312,0.10640000000000001,0.1062,0.11460000000000001,0.06160000000000001,0.6655802184288657,0.061746987951807226,0.3473816818186601,0.40458735073725305,0.385293735352112,14.7,21.06,94.13344745045599,0.836,False,True,-0.0024507266029025663,14389,connected,2498,4675,3.7429943955164133,34.58332924355451,0.001498996554071451,0.0910239746931318,0.011817703934668407,0.9832033910722909,0.9841076366819094,1.3227091633466135,0,classic,1.0,0.3,0.3,False,n/a,n/a,n/a,n/a,n/a,n/a,n/a,n/a,n/a,n/a,n/a,n/a,n/a,n/a,n/a,n/a,n/a,n/a,n/a
PM9_full_N500,S2,126337246,500,False,weak_PD,1.6,1.0,0.0,0.0,True,0.01,0.5,100,15,30,2.0,100000,0.05139999999999999,0.0076,0.8268000000000001,0.04599999999999999,0.025399999999999995,0.0258,0.016999999999999998,0.9373076081155458,0.07693493678692569,0.11798387347260689,0.1218775738166705,0.11848260370063203,15.0,188.9,14.229599646640903,1.0,False,True,0.005249953799809706,18751,fragmented,2498,3724,2.981585268214572,39.98779201020809,0.0011940669876710339,0.1167632815697932,0.013151812023949402,0.8659985186340682,0.9353664234202916,5.204040404040404,931,classic,1.0,0.3,0.3,False,n/a,n/a,n/a,n/a,n/a,n/a,n/a,n/a,n/a,n/a,n/a,n/a,n/a,n/a,n/a,n/a,n/a,n/a,n/a
PM9_full_N500,S2,126337246,500,False,snowdrift,4.0,3.0,0.0,2.0,True,0.0,0.5,100,0,30,0.1,100000,0.0,0.0,0.9978,0.0022000000000000006,0.0,0.0,0.0,0.9999084249084248,0.00018832391713747646,0.39742691119142537,0.0,0.40002444076656063,21.304,21.304,94.1109186760513,0.0,False,True,0.009087972351885012,2744,baseline,2498,4655,3.7269815852682147,37.43657979976443,0.0014925837345887924,0.08077171329913706,0.011936993938619469,0.9860262267075295,0.9860262267075295,1.452991452991453,0,classic,1.0,0.3,0.3,False,n/a,n/a,n/a,n/a,n/a,n/a,n/a,n/a,n/a,n/a,n/a,n/a,n/a,n/a,n/a,n/a,n/a,n/a,n/a
PM9_full_N500,S2,126337246,500,False,weak_PD,1.6,1.0,0.0,0.0,True,0.01,0.5,100,15,30,2.0,100000,0.046599999999999996,0.0098,0.8508000000000001,0.0396,0.026599999999999995,0.009,0.017600000000000005,0.9449456255594354,0.07536279683377309,0.11131194046358561,0.11271293232237668,0.11100792696716814,15.0,230.284,10.302864318325062,1.0,False,True,-0.0029247476989915284,16360,connected,2498,4675,3.7429943955164133,34.58332924355451,0.001498996554071451,0.0910239746931318,0.011817703934668407,0.8237826303669644,0.921037724398702,5.448,0,classic,1.0,0.3,0.3,False,n/a,n/a,n/a,n/a,n/a,n/a,n/a,n/a,n/a,n/a,n/a,n/a,n/a,n/a,n/a,n/a,n/a,n/a,n/a
PM9_full_N500,S2,126337246,500,False,snowdrift,4.0,3.0,0.0,2.0,True,0.0,0.5,100,0,30,0.1,100000,0.014000000000000002,0.0,0.9582,0.004000000000000001,0.0020000000000000005,0.021799999999999993,0.0,0.9965552744429413,0.0015831134564643799,0.630380589330401,1.9656377864725494,0.6672573212250692,18.0,18.0,121.90158574936784,0.0,False,False,0.02923135852543337,3004,fragmented,2498,3724,2.981585268214572,39.98779201020809,0.0011940669876710339,0.1167632815697932,0.013151812023949402,0.9890150093636799,0.9890150093636799,1.4336283185840708,931,classic,1.0,0.3,0.3,False,n/a,n/a,n/a,n/a,n/a,n/a,n/a,n/a,n/a,n/a,n/a,n/a,n/a,n/a,n/a,n/a,n/a,n/a,n/a
PM9_full_N500,S2,126337246,500,False,snowdrift,4.0,3.0,0.0,2.0,True,0.0,0.5,100,0,30,2.0,100000,0.0,0.0,1.0,0.0,0.0,0.0,0.0,1.0,0.0,0.17718241762132234,0.0,0.17718241762132234,233.288,233.288,10.144631147396929,0.0,True,True,0.0,4119,baseline,2498,4655,3.7269815852682147,37.43657979976443,0.0014925837345887924,0.08077171329913706,0.011936993938619469,0.9190520972890884,0.9190520972890884,5.318548387096774,0,classic,1.0,0.3,0.3,False,n/a,n/a,n/a,n/a,n/a,n/a,n/a,n/a,n/a,n/a,n/a,n/a,n/a,n/a,n/a,n/a,n/a,n/a,n/a
PM9_full_N500,S2,126337246,500,False,snowdrift,4.0,3.0,0.0,2.0,True,0.0,0.5,100,0,30,0.1,100000,0.0,0.0,0.9879999999999998,0.0020000000000000005,0.0,0.009999999999999998,0.0,0.9997821350762527,0.0,0.49599027929187656,0.0,0.49565899404773284,20.76,20.76,92.84393559330454,0.0,False,True,0.015266000263998125,2884,connected,2498,4675,3.7429943955164133,34.58332924355451,0.001498996554071451,0.0910239746931318,0.011817703934668407,0.9858401286343997,0.9858401286343997,1.3796296296296295,0,classic,1.0,0.3,0.3,False,n/a,n/a,n/a,n/a,n/a,n/a,n/a,n/a,n/a,n/a,n/a,n/a,n/a,n/a,n/a,n/a,n/a,n/a,n/a
PM9_full_N500,S2,126337246,500,False,snowdrift,4.0,3.0,0.0,2.0,True,0.0,0.5,100,0,30,2.0,100000,0.0,0.0,0.9957999999999998,0.004200000000000001,0.0,0.0,0.0,0.9996855054554125,0.0006130268199233716,0.23700249351068653,0.0,0.23757038412806072,190.444,190.444,13.855352597471775,0.0,False,True,0.016595499982002857,5972,fragmented,2498,3724,2.981585268214572,39.98779201020809,0.0011940669876710339,0.1167632815697932,0.013151812023949402,0.9379946304122835,0.9379946304122835,5.066666666666666,931,classic,1.0,0.3,0.3,False,n/a,n/a,n/a,n/a,n/a,n/a,n/a,n/a,n/a,n/a,n/a,n/a,n/a,n/a,n/a,n/a,n/a,n/a,n/a
PM9_full_N500,S2,126337246,500,False,snowdrift,4.0,3.0,0.0,2.0,True,0.0,0.5,100,5,30,0.1,100000,0.0,0.0,0.998,0.0020000000000000005,0.0,0.0,0.0,1.0,0.0,0.39635266169972816,0.0,0.3958114391758542,5.0,20.84,93.80259961489524,1.0,False,True,0.01666015624064474,2799,baseline,2498,4655,3.7269815852682147,37.43657979976443,0.0014925837345887924,0.08077171329913706,0.011936993938619469,0.9775302732261701,0.9891484945442748,1.2983870967741935,0,classic,1.0,0.3,0.3,False,n/a,n/a,n/a,n/a,n/a,n/a,n/a,n/a,n/a,n/a,n/a,n/a,n/a,n/a,n/a,n/a,n/a,n/a,n/a
PM9_full_N500,S2,126337246,500,False,snowdrift,4.0,3.0,0.0,2.0,True,0.0,0.5,100,0,30,2.0,100000,0.0,0.0,1.0,0.0,0.0,0.0,0.0,1.0,0.0,0.1769474858450486,0.0,0.1769474858450486,229.052,229.052,10.324963158241125,0.0,True,True,0.0,4047,connected,2498,4675,3.7429943955164133,34.58332924355451,0.001498996554071451,0.0910239746931318,0.011817703934668407,0.9271362191102208,0.9271362191102208,5.790744466800805,0,classic,1.0,0.3,0.3,False,n/a,n/a,n/a,n/a,n/a,n/a,n/a,n/a,n/a,n/a,n/a,n/a,n/a,n/a,n/a,n/a,n/a,n/a,n/a
PM9_full_N500,S2,126337246,500,False,snowdrift,4.0,3.0,0.0,2.0,True,0.0,0.5,100,5,30,2.0,100000,0.0,0.0,1.0,0.0,0.0,0.0,0.0,1.0,0.0,0.1616735637175439,0.0,0.1616735637175439,5.0,232.6,10.217758763159054,1.0,True,True,0.0,3196,baseline,2498,4655,3.7269815852682147,37.43657979976443,0.0014925837345887924,0.08077171329913706,0.011936993938619469,0.7842528258796184,0.9202097019867779,5.731462925851703,0,classic,1.0,0.3,0.3,False,n/a,n/a,n/a,n/a,n/a,n/a,n/a,n/a,n/a,n/a,n/a,n/a,n/a,n/a,n/a,n/a,n/a,n/a,n/a
PM9_full_N500,S2,126337246,500,False,snowdrift,4.0,3.0,0.0,2.0,True,0.0,0.5,100,5,30,0.1,100000,0.004000000000000001,0.0,0.97,0.0,0.005999999999999999,0.019999999999999997,0.0,0.9445338622664294,0.0057121096725057125,0.6677027599033208,0.8269555097331229,0.713921788971296,4.994,18.332,125.76163283010382,0.996,False,False,0.03548319153275551,3332,fragmented,2498,3724,2.981585268214572,39.98779201020809,0.0011940669876710339,0.1167632815697932,0.013151812023949402,0.9820442038785453,0.9856499801339597,1.3662551440329218,931,classic,1.0,0.3,0.3,False,n/a,n/a,n/a,n/a,n/a,n/a,n/a,n/a,n/a,n/a,n/a,n/a,n/a,n/a,n/a,n/a,n/a,n/a,n/a
PM9_full_N500,S2,126337246,500,False,snowdrift,4.0,3.0,0.0,2.0,True,0.0,0.5,100,5,30,0.1,100000,0.0,0.0,0.9960000000000002,0.004000000000000001,0.0,0.0,0.0,1.0,0.0,0.5112647226085295,0.0,0.5138044507704967,5.0,20.66,93.31846763629059,1.0,False,True,0.015746674186701875,2717,connected,2498,4675,3.7429943955164133,34.58332924355451,0.001498996554071451,0.0910239746931318,0.011817703934668407,0.9831239016590335,0.9866105727070639,1.4185022026431717,0,classic,1.0,0.3,0.3,False,n/a,n/a,n/a,n/a,n/a,n/a,n/a,n/a,n/a,n/a,n/a,n/a,n/a,n/a,n/a,n/a,n/a,n/a,n/a
PM9_full_N500,S2,126337246,500,False,snowdrift,4.0,3.0,0.0,2.0,True,0.0,0.5,100,5,30,2.0,100000,0.0,0.0,1.0,0.0,0.0,0.0,0.0,1.0,0.0,0.17398736605932147,0.0,0.17398736605932147,5.0,191.968,13.664447949421751,1.0,True,True,0.0,3699,fragmented,2498,3724,2.981585268214572,39.98779201020809,0.0011940669876710339,0.1167632815697932,0.013151812023949402,0.8188170300682459,0.9463383801579311,5.132530120481928,931,classic,1.0,0.3,0.3,False,n/a,n/a,n/a,n/a,n/a,n/a,n/a,n/a,n/a,n/a,n/a,n/a,n/a,n/a,n/a,n/a,n/a,n/a,n/a
PM9_full_N500,S2,126337246,500,False,snowdrift,4.0,3.0,0.0,2.0,True,0.0,0.5,100,15,30,0.1,100000,0.0,0.0,1.0,0.0,0.0,0.0,0.0,1.0,0.0,0.40306417783494347,0.0,0.40306417783494347,14.834,21.152,94.62510512734234,0.892,True,True,0.015184083136336205,2797,baseline,2498,4655,3.7269815852682147,37.43657979976443,0.0014925837345887924,0.08077171329913706,0.011936993938619469,0.9848968589796521,0.9861290999911677,1.3972602739726028,0,classic,1.0,0.3,0.3,False,n/a,n/a,n/a,n/a,n/a,n/a,n/a,n/a,n/a,n/a,n/a,n/a,n/a,n/a,n/a,n/a,n/a,n/a,n/a
PM9_full_N500,S2,126337246,500,False,snowdrift,4.0,3.0,0.0,2.0,True,0.0,0.5,100,5,30,2.0,100000,0.0,0.0,1.0,0.0,0.0,0.0,0.0,1.0,0.0,0.1466955746861429,0.0,0.1466955746861429,5.0,231.844,10.26050129005411,1.0,True,True,0.0,3049,connected,2498,4675,3.7429943955164133,34.58332924355451,0.001498996554071451,0.0910239746931318,0.011817703934668407,0.7754559976498547,0.9215606322855662,5.415322580645161,0,classic,1.0,0.3,0.3,False,n/a,n/a,n/a,n/a,n/a,n/a,n/a,n/a,n/a,n/a,n/a,n/a,n/a,n/a,n/a,n/a,n/a,n/a,n/a
PM9_full_N500,S2,126337246,500,False,snowdrift,4.0,3.0,0.0,2.0,True,0.0,0.5,100,15,30,0.1,100000,0.0024000000000000007,0.0,0.9613999999999999,0.017999999999999995,0.018199999999999997,0.0,0.0,0.9816931848036955,0.0005711022272986865,0.6107661081206843,0.44568923526546517,0.6585435671145125,14.172,18.112,121.79149825230488,0.696,False,False,0.03234410377641474,3034,fragmented,2498,3724,2.981585268214572,39.98779201020809,0.0011940669876710339,0.1167632815697932,0.013151812023949402,0.9845493296239355,0.984903765892182,1.3593073593073592,931,classic,1.0,0.3,0.3,False,n/a,n/a,n/a,n/a,n/a,n/a,n/a,n/a,n/a,n/a,n/a,n/a,n/a,n/a,n/a,n/a,n/a,n/a,n/a
PM9_full_N500,S2,126337246,500,False,snowdrift,4.0,3.0,0.0,2.0,True,0.0,0.5,100,15,30,2.0,100000,0.0,0.0,1.0,0.0,0.0,0.0,0.0,1.0,0.0,0.14325340729255692,0.0,0.14325340729255692,15.0,229.696,10.333071755457498,1.0,True,True,0.0,2862,baseline,2498,4655,3.7269815852682147,37.43657979976443,0.0014925837345887924,0.08077171329913706,0.011936993938619469,0.8143702754895121,0.9207265257279325,5.407258064516129,0,classic,1.0,0.3,0.3,False,n/a,n/a,n/a,n/a,n/a,n/a,n/a,n/a,n/a,n/a,n/a,n/a,n/a,n/a,n/a,n/a,n/a,n/a,n/a
PM9_full_N500,S2,126337246,500,False,snowdrift,4.0,3.0,0.0,2.0,True,0.0,0.5,100,15,30,2.0,100000,0.0,0.0,1.0,0.0,0.0,0.0,0.0,1.0,0.0,0.2719053681863486,0.0,0.2719053681863486,15.0,190.42,13.773387234338294,1.0,True,True,0.010850798603195877,6821,fragmented,2498,3724,2.981585268214572,39.98779201020809,0.0011940669876710339,0.1167632815697932,0.013151812023949402,0.8726475653995966,0.9441514911913236,5.152610441767068,931,classic,1.0,0.3,0.3,False,n/a,n/a,n/a,n/a,n/a,n/a,n/a,n/a,n/a,n/a,n/a,n/a,n/a,n/a,n/a,n/a,n/a,n/a,n/a
PM9_full_N500,S2,126337246,500,False,snowdrift,4.0,3.0,0.0,2.0,True,0.0,0.5,100,15,30,0.1,100000,0.0,0.0,0.9879999999999998,0.0020000000000000005,0.0,0.009999999999999998,0.0,0.9997821350762527,0.0,0.49599027929187656,0.0,0.49565899404773284,14.772,20.76,92.84393559330454,0.866,False,True,0.015266000263998125,2884,connected,2498,4675,3.7429943955164133,34.58332924355451,0.001498996554071451,0.0910239746931318,0.011817703934668407,0.9851493143364037,0.9858401286343997,1.3796296296296295,0,classic,1.0,0.3,0.3,False,n/a,n/a,n/a,n/a,n/a,n/a,n/a,n/a,n/a,n/a,n/a,n/a,n/a,n/a,n/a,n/a,n/a,n/a,n/a
PM9_full_N500,S2,126337246,500,False,snowdrift,4.0,3.0,0.0,2.0,True,0.01,0.5,100,0,30,0.1,100000,0.1358,0.054200000000000005,0.4508000000000001,0.09039999999999998,0.09039999999999998,0.1082,0.07020000000000001,0.6666442960502316,0.029608404966571154,1.1968234154221906,1.2937470149884072,1.2516163368368174,20.772,20.772,94.04352867263471,0.0,False,False,0.022003422413688925,14271,baseline,2498,4655,3.7269815852682147,37.43657979976443,0.0014925837345887924,0.08077171329913706,0.011936993938619469,0.9847013911409821,0.9847013911409821,1.3164556962025316,0,classic,1.0,0.3,0.3,False,n/a,n/a,n/a,n/a,n/a,n/a,n/a,n/a,n/a,n/a,n/a,n/a,n/a,n/a,n/a,n/a,n/a,n/a,n/a
PM9_full_N500,S2,126337246,500,False,snowdrift,4.0,3.0,0.0,2.0,True,0.0,0.5,100,15,30,2.0,100000,0.0,0.0,1.0,0.0,0.0,0.0,0.0,1.0,0.0,0.16223783544715048,0.0,0.16223783544715048,15.0,230.524,10.305541790721183,1.0,True,True,0.0,3344,connected,2498,4675,3.7429943955164133,34.58332924355451,0.001498996554071451,0.0910239746931318,0.011817703934668407,0.8165538571075253,0.9179820716194697,5.584,0,classic,1.0,0.3,0.3,False,n/a,n/a,n/a,n/a,n/a,n/a,n/a,n/a,n/a,n/a,n/a,n/a,n/a,n/a,n/a,n/a,n/a,n/a,n/a
PM9_full_N500,S2,126337246,500,False,snowdrift,4.0,3.0,0.0,2.0,True,0.01,0.5,100,0,30,0.1,100000,0.13479999999999998,0.058600000000000006,0.3672,0.15499999999999997,0.09759999999999999,0.1116,0.07519999999999999,0.6414285756924056,0.025794732061762034,1.1593211609772185,1.3830972076311538,1.288654997162769,18.452,18.452,122.61588031103166,0.0,False,True,-0.014248434593743869,14360,fragmented,2498,3724,2.981585268214572,39.98779201020809,0.0011940669876710339,0.1167632815697932,0.013151812023949402,0.9863190400071552,0.9863190400071552,1.316872427983539,931,classic,1.0,0.3,0.3,False,n/a,n/a,n/a,n/a,n/a,n/a,n/a,n/a,n/a,n/a,n/a,n/a,n/a,n/a,n/a,n/a,n/a,n/a,n/a
PM9_full_N500,S2,126337246,500,False,snowdrift,4.0,3.0,0.0,2.0,True,0.01,0.5,100,0,30,2.0,100000,0.08819999999999997,0.0514,0.5374,0.13079999999999997,0.05019999999999999,0.045799999999999993,0.09619999999999998,0.7663175167366421,0.19123180107966628,0.9046781569536549,0.9275611197817155,0.9170578499789831,232.312,232.312,10.252884649233238,0.0,False,False,-0.0246768411073637,27905,baseline,2498,4655,3.7269815852682147,37.43657979976443,0.0014925837345887924,0.08077171329913706,0.011936993938619469,0.9232948707082769,0.9232948707082769,5.72289156626506,0,classic,1.0,0.3,0.3,False,n/a,n/a,n/a,n/a,n/a,n/a,n/a,n/a,n/a,n/a,n/a,n/a,n/a,n/a,n/a,n/a,n/a,n/a,n/a
PM9_full_N500,S2,126337246,500,False,snowdrift,4.0,3.0,0.0,2.0,True,0.01,0.5,100,0,30,0.1,100000,0.10899999999999999,0.046,0.4490000000000001,0.1166,0.08619999999999997,0.11280000000000001,0.0804,0.6850752670875367,0.0447520184544406,1.173755507076165,1.2787574210840635,1.2046925478156654,20.792,20.792,91.96751504756382,0.0,False,True,-0.01362031368125143,13872,connected,2498,4675,3.7429943955164133,34.58332924355451,0.001498996554071451,0.0910239746931318,0.011817703934668407,0.9764453020646563,0.9764453020646563,1.2701421800947867,0,classic,1.0,0.3,0.3,False,n/a,n/a,n/a,n/a,n/a,n/a,n/a,n/a,n/a,n/a,n/a,n/a,n/a,n/a,n/a,n/a,n/a,n/a,n/a
PM9_full_N500,S2,126337246,500,False,snowdrift,4.0,3.0,0.0,2.0,True,0.01,0.5,100,0,30,2.0,100000,0.08559999999999998,0.0308,0.5298,0.1182,0.11720000000000001,0.06720000000000001,0.0512,0.7870790368773583,0.15398688824515933,0.9910250772416989,1.0308505533749857,1.0084859927336947,188.652,188.652,13.851756721746082,0.0,False,True,0.01903794175176444,29725,fragmented,2498,3724,2.981585268214572,39.98779201020809,0.0011940669876710339,0.1167632815697932,0.013151812023949402,0.938878511356271,0.938878511356271,5.212121212121212,931,classic,1.0,0.3,0.3,False,n/a,n/a,n/a,n/a,n/a,n/a,n/a,n/a,n/a,n/a,n/a,n/a,n/a,n/a,n/a,n/a,n/a,n/a,n/a
PM9_full_N500,S2,126337246,500,False,snowdrift,4.0,3.0,0.0,2.0,True,0.01,0.5,100,5,30,0.1,100000,0.10540000000000001,0.07959999999999999,0.40499999999999997,0.09059999999999999,0.13040000000000002,0.0814,0.1076,0.599160447532399,0.04417879417879418,1.2357558880059962,1.2177940898540183,1.2379766783822452,5.0,20.972,94.36230182805184,0.998,False,True,-0.0009241380965479916,14297,baseline,2498,4655,3.7269815852682147,37.43657979976443,0.0014925837345887924,0.08077171329913706,0.011936993938619469,0.971047493823966,0.9766110094552956,1.5021097046413503,0,classic,1.0,0.3,0.3,False,n/a,n/a,n/a,n/a,n/a,n/a,n/a,n/a,n/a,n/a,n/a,n/a,n/a,n/a,n/a,n/a,n/a,n/a,n/a
PM9_full_N500,S2,126337246,500,False,snowdrift,4.0,3.0,0.0,2.0,True,0.01,0.5,100,0,30,2.0,100000,0.0772,0.0484,0.5048,0.1264,0.09199999999999998,0.1012,0.049999999999999996,0.7405337099627056,0.19614040924970888,0.9127822742424991,0.9196835179528119,0.9215373026868875,235.296,235.296,10.147106417057515,0.0,False,True,-0.013417877671508488,27674,connected,2498,4675,3.7429943955164133,34.58332924355451,0.001498996554071451,0.0910239746931318,0.011817703934668407,0.9220267060628821,0.9220267060628821,5.590361445783133,0,classic,1.0,0.3,0.3,False,n/a,n/a,n/a,n/a,n/a,n/a,n/a,n/a,n/a,n/a,n/a,n/a,n/a,n/a,n/a,n/a,n/a,n/a,n/a
PM9_full_N500,S2,126337246,500,False,snowdrift,4.0,3.0,0.0,2.0,True,0.01,0.5,100,5,30,0.1,100000,0.1182,0.05960000000000001,0.44960000000000006,0.09759999999999999,0.09579999999999998,0.11320000000000001,0.06600000000000002,0.6438054407113661,0.02563642882753675,1.2473533126368603,1.529329261347952,1.3799924954463385,4.984,17.848,122.17003090789223,0.992,False,False,0.02826808107232594,14022,fragmented,2498,3724,2.981585268214572,39.98779201020809,0.0011940669876710339,0.1167632815697932,0.013151812023949402,0.9858294403145663,0.9900841163233267,1.4252873563218391,931,classic,1.0,0.3,0.3,False,n/a,n/a,n/a,n/a,n/a,n/a,n/a,n/a,n/a,n/a,n/a,n/a,n/a,n/a,n/a,n/a,n/a,n/a,n/a
PM9_full_N500,S2,126337246,500,False,snowdrift,4.0,3.0,0.0,2.0,True,0.01,0.5,100,5,30,2.0,100000,0.07899999999999999,0.031400000000000004,0.7006,0.051000000000000004,0.04479999999999999,0.04639999999999999,0.046799999999999994,0.8431147343612466,0.15286307053941908,0.8035459737876882,0.7951306620859993,0.8072391189851251,5.0,232.112,10.254639582265856,1.0,False,True,0.006996219984881038,23489,baseline,2498,4655,3.7269815852682147,37.43657979976443,0.0014925837345887924,0.08077171329913706,0.011936993938619469,0.7866596246421701,0.9289796831131498,5.424547283702213,0,classic,1.0,0.3,0.3,False,n/a,n/a,n/a,n/a,n/a,n/a,n/a,n/a,n/a,n/a,n/a,n/a,n/a,n/a,n/a,n/a,n/a,n/a,n/a
PM9_full_N500,S2,126337246,500,False,snowdrift,4.0,3.0,0.0,2.0,True,0.01,0.5,100,5,30,0.1,100000,0.1342,0.0526,0.44420000000000004,0.07239999999999999,0.10339999999999998,0.11880000000000002,0.0744,0.6322530464757631,0.020258236865538737,1.2416012631852091,1.3419320205098932,1.314234321485279,5.0,21.016,93.53618678136856,1.0,False,True,0.016765612662454677,14092,connected,2498,4675,3.7429943955164133,34.58332924355451,0.001498996554071451,0.0910239746931318,0.011817703934668407,0.9746040274668097,0.9847549029977537,1.2897196261682242,0,classic,1.0,0.3,0.3,False,n/a,n/a,n/a,n/a,n/a,n/a,n/a,n/a,n/a,n/a,n/a,n/a,n/a,n/a,n/a,n/a,n/a,n/a,n/a
PM9_full_N500,S2,126337246,500,False,snowdrift,4.0,3.0,0.0,2.0,True,0.01,0.5,100,5,30,2.0,100000,0.0632,0.03500000000000001,0.737,0.0348,0.058600000000000006,0.030400000000000003,0.040999999999999995,0.8612810295705449,0.14056033110474372,0.9449221770807561,0.9998335382838026,0.9424070738525281,5.0,191.208,13.819987287879234,1.0,False,False,0.037489436357746896,27248,fragmented,2498,3724,2.981585268214572,39.98779201020809,0.0011940669876710339,0.1167632815697932,0.013151812023949402,0.8129978515355167,0.9339183649257098,5.17102615694165,931,classic,1.0,0.3,0.3,False,n/a,n/a,n/a,n/a,n/a,n/a,n/a,n/a,n/a,n/a,n/a,n/a,n/a,n/a,n/a,n/a,n/a,n/a,n/a
PM9_full_N500,S2,126337246,500,False,snowdrift,4.0,3.0,0.0,2.0,True,0.01,0.5,100,15,30,0.1,100000,0.13040000000000002,0.049999999999999996,0.45520000000000005,0.10500000000000001,0.09439999999999998,0.09819999999999998,0.0668,0.6232014293509489,0.02625656414103526,1.1263023725946646,1.281541824306544,1.2297018417323613,14.79,21.404,92.40187167466024,0.88,False,True,0.00801711686846967,14035,baseline,2498,4655,3.7269815852682147,37.43657979976443,0.0014925837345887924,0.08077171329913706,0.011936993938619469,0.9845942930369539,0.9860948272898258,1.3529411764705883,0,classic,1.0,0.3,0.3,False,n/a,n/a,n/a,n/a,n/a,n/a,n/a,n/a,n/a,n/a,n/a,n/a,n/a,n/a,n/a,n/a,n/a,n/a,n/a
PM9_full_N500,S2,126337246,500,False,snowdrift,4.0,3.0,0.0,2.0,True,0.01,0.5,100,5,30,2.0,100000,0.028200000000000003,0.0262,0.6809999999999999,0.078,0.07120000000000001,0.056600000000000004,0.058800000000000005,0.8194484895562603,0.15437330928764653,0.8257767629290653,0.8124794515806412,0.8306697259660093,5.0,230.084,10.181456268823775,1.0,False,True,0.013553257413032947,23581,connected,2498,4675,3.7429943955164133,34.58332924355451,0.001498996554071451,0.0910239746931318,0.011817703934668407,0.7664305660508682,0.9188184946408712,5.442424242424242,0,classic,1.0,0.3,0.3,False,n/a,n/a,n/a,n/a,n/a,n/a,n/a,n/a,n/a,n/a,n/a,n/a,n/a,n/a,n/a,n/a,n/a,n/a,n/a
PM9_full_N500,S2,126337246,500,False,snowdrift,4.0,3.0,0.0,2.0,True,0.01,0.5,100,15,30,0.1,100000,0.11519999999999997,0.05499999999999999,0.35179999999999995,0.16419999999999998,0.1126,0.11280000000000001,0.08839999999999998,0.5865600286886435,0.035064442759666414,1.1839337503846632,1.3939948207358646,1.2975679524759187,14.22,18.588,120.84745206916472,0.744,False,True,-0.009783293533174316,14486,fragmented,2498,3724,2.981585268214572,39.98779201020809,0.0011940669876710339,0.1167632815697932,0.013151812023949402,0.982787567074859,0.9833294458300897,1.3212669683257918,931,classic,1.0,0.3,0.3,False,n/a,n/a,n/a,n/a,n/a,n/a,n/a,n/a,n/a,n/a,n/a,n/a,n/a,n/a,n/a,n/a,n/a,n/a,n/a
PM9_full_N500,S2,126337246,500,False,snowdrift,4.0,3.0,0.0,2.0,True,0.01,0.5,100,15,30,2.0,100000,0.06640000000000001,0.0256,0.6566000000000001,0.06800000000000002,0.0824,0.04559999999999999,0.055400000000000005,0.8107328274888046,0.1503042262785726,0.8466425471399222,0.8609582140412586,0.8621989148594837,15.0,228.412,10.363453287385125,1.0,False,False,-0.025644956979829017,24994,baseline,2498,4655,3.7269815852682147,37.43657979976443,0.0014925837345887924,0.08077171329913706,0.011936993938619469,0.8174630806766283,0.9243016173501186,5.651302605210421,0,classic,1.0,0.3,0.3,False,n/a,n/a,n/a,n/a,n/a,n/a,n/a,n/a,n/a,n/a,n/a,n/a,n/a,n/a,n/a,n/a,n/a,n/a,n/a
PM9_full_N500,S2,126337246,500,False,snowdrift,4.0,3.0,0.0,2.0,True,0.01,0.5,100,15,30,0.1,100000,0.1028,0.055600000000000004,0.3914000000000001,0.12360000000000002,0.10740000000000001,0.13979999999999998,0.0794,0.5148962254487166,0.03222819040563067,1.0933889819104057,1.1624213650605972,1.2045022968126655,14.796,20.672,94.78495623835816,0.858,False,True,-0.01840697922791508,13937,connected,2498,4675,3.7429943955164133,34.58332924355451,0.001498996554071451,0.0910239746931318,0.011817703934668407,0.9826837498783086,0.9830503067363332,1.394736842105263,0,classic,1.0,0.3,0.3,False,n/a,n/a,n/a,n/a,n/a,n/a,n/a,n/a,n/a,n/a,n/a,n/a,n/a,n/a,n/a,n/a,n/a,n/a,n/a
PM9_full_N500,S2,126337246,500,False,snowdrift,4.0,3.0,0.0,2.0,True,0.01,0.5,100,15,30,2.0,100000,0.0802,0.04939999999999999,0.5036,0.13979999999999998,0.08659999999999998,0.08220000000000001,0.05820000000000001,0.643693963944789,0.1474625944778652,1.1190584566620077,1.1633338999975948,1.1287880744367784,15.0,188.448,14.084651501364688,1.0,False,True,-0.016888982755931023,30098,fragmented,2498,3724,2.981585268214572,39.98779201020809,0.0011940669876710339,0.1167632815697932,0.013151812023949402,0.8599817275202312,0.9337285121168117,5.303643724696356,931,classic,1.0,0.3,0.3,False,n/a,n/a,n/a,n/a,n/a,n/a,n/a,n/a,n/a,n/a,n/a,n/a,n/a,n/a,n/a,n/a,n/a,n/a,n/a
PM9_full_N500,S2,317149051,500,False,PD_classic,9.0,5.0,1.0,0.0,True,0.0,0.5,100,0,30,0.1,100000,0.0,0.0,1.0,0.0,0.0,0.0,0.0,1.0,0.0,1.2985535551927534,0.0,1.2985535551927534,21.304,21.304,91.7459524644608,0.0,True,True,0.0,1212,baseline,2498,4655,3.7269815852682147,37.43657979976443,0.0014925837345887924,0.08077171329913706,0.011936993938619469,0.976346788197882,0.976346788197882,1.269406392694064,0,classic,1.0,0.3,0.3,False,n/a,n/a,n/a,n/a,n/a,n/a,n/a,n/a,n/a,n/a,n/a,n/a,n/a,n/a,n/a,n/a,n/a,n/a,n/a
PM9_full_N500,S2,126337246,500,False,snowdrift,4.0,3.0,0.0,2.0,True,0.01,0.5,100,15,30,2.0,100000,0.11539999999999999,0.020799999999999996,0.6536000000000001,0.0652,0.04399999999999999,0.07619999999999999,0.024799999999999996,0.8269503113898823,0.1477388643318599,0.9616623578226785,0.9494518812232229,0.964932257201529,15.0,234.62,10.224363451462978,1.0,False,False,-0.020423371293487005,27237,connected,2498,4675,3.7429943955164133,34.58332924355451,0.001498996554071451,0.0910239746931318,0.011817703934668407,0.8214205414684588,0.9255375742381056,5.503030303030303,0,classic,1.0,0.3,0.3,False,n/a,n/a,n/a,n/a,n/a,n/a,n/a,n/a,n/a,n/a,n/a,n/a,n/a,n/a,n/a,n/a,n/a,n/a,n/a
PM9_full_N500,S2,317149051,500,False,PD_classic,9.0,5.0,1.0,0.0,True,0.0,0.5,100,0,30,0.1,100000,0.0,0.0,1.0,0.0,0.0,0.0,0.0,1.0,0.0,1.3558123368364512,0.0,1.3558123368364512,18.724,18.724,116.20021620000999,0.0,True,True,0.0022325273301056583,1233,fragmented,2498,3724,2.981585268214572,38.36931111765476,0.0011940669876710339,0.09783556970955617,0.01308516366300479,0.988371964921742,0.988371964921742,1.4162679425837321,931,classic,1.0,0.3,0.3,False,n/a,n/a,n/a,n/a,n/a,n/a,n/a,n/a,n/a,n/a,n/a,n/a,n/a,n/a,n/a,n/a,n/a,n/a,n/a
PM9_full_N500,S2,317149051,500,False,PD_classic,9.0,5.0,1.0,0.0,True,0.0,0.5,100,0,30,2.0,100000,0.0,0.0,1.0,0.0,0.0,0.0,0.0,1.0,0.0,1.0664074923885902,0.0,1.0664074923885902,230.268,230.268,10.386671438494758,0.0,True,True,0.0,1023,baseline,2498,4655,3.7269815852682147,37.43657979976443,0.0014925837345887924,0.08077171329913706,0.011936993938619469,0.9192160412566819,0.9192160412566819,5.4509018036072145,0,classic,1.0,0.3,0.3,False,n/a,n/a,n/a,n/a,n/a,n/a,n/a,n/a,n/a,n/a,n/a,n/a,n/a,n/a,n/a,n/a,n/a,n/a,n/a
PM9_full_N500,S2,317149051,500,False,PD_classic,9.0,5.0,1.0,0.0,True,0.0,0.5,100,0,30,0.1,100000,0.0,0.0,1.0,0.0,0.0,0.0,0.0,1.0,0.0,1.3027679141845978,0.0,1.3027679141845978,21.36,21.36,92.33428746352652,0.0,True,True,0.0004451633806520578,1162,connected,2498,4675,3.7429943955164133,34.63378075513676,0.001498996554071451,0.13859184055361362,0.011792021825874915,0.9877882614074834,0.9877882614074834,1.3125,0,classic,1.0,0.3,0.3,False,n/a,n/a,n/a,n/a,n/a,n/a,n/a,n/a,n/a,n/a,n/a,n/a,n/a,n/a,n/a,n/a,n/a,n/a,n/a
PM9_full_N500,S2,317149051,500,False,PD_classic,9.0,5.0,1.0,0.0,True,0.0,0.5,100,0,30,2.0,100000,0.0,0.0,1.0,0.0,0.0,0.0,0.0,1.0,0.0,1.071851396553343,0.0,1.071851396553343,191.492,191.492,13.37248805236414,0.0,True,True,0.0,1152,fragmented,2498,3724,2.981585268214572,38.36931111765476,0.0011940669876710339,0.09783556970955617,0.01308516366300479,0.9375670124157411,0.9375670124157411,5.1595959595959595,931,classic,1.0,0.3,0.3,False,n/a,n/a,n/a,n/a,n/a,n/a,n/a,n/a,n/a,n/a,n/a,n/a,n/a,n/a,n/a,n/a,n/a,n/a,n/a
PM9_full_N500,S2,317149051,500,False,PD_classic,9.0,5.0,1.0,0.0,True,0.0,0.5,100,0,30,2.0,100000,0.0,0.0,1.0,0.0,0.0,0.0,0.0,1.0,0.0,1.0650810364127943,0.0,1.0650810364127943,234.316,234.316,10.236198102497902,0.0,True,True,0.0,959,connected,2498,4675,3.7429943955164133,34.63378075513676,0.001498996554071451,0.13859184055361362,0.011792021825874915,0.9185522042367771,0.9185522042367771,5.729292929292929,0,classic,1.0,0.3,0.3,False,n/a,n/a,n/a,n/a,n/a,n/a,n/a,n/a,n/a,n/a,n/a,n/a,n/a,n/a,n/a,n/a,n/a,n/a,n/a
PM9_full_N500,S2,317149051,500,False,PD_classic,9.0,5.0,1.0,0.0,True,0.0,0.5,100,5,30,0.1,100000,0.0,0.0,1.0,0.0,0.0,0.0,0.0,1.0,0.0,1.2985535551927534,0.0,1.2985535551927534,5.0,21.304,91.7459524644608,1.0,True,True,0.0,1212,baseline,2498,4655,3.7269815852682147,37.43657979976443,0.0014925837345887924,0.08077171329913706,0.011936993938619469,0.9703102417555681,0.976346788197882,1.269406392694064,0,classic,1.0,0.3,0.3,False,n/a,n/a,n/a,n/a,n/a,n/a,n/a,n/a,n/a,n/a,n/a,n/a,n/a,n/a,n/a,n/a,n/a,n/a,n/a
PM9_full_N500,S2,317149051,500,False,PD_classic,9.0,5.0,1.0,0.0,True,0.0,0.5,100,5,30,0.1,100000,0.0,0.0,1.0,0.0,0.0,0.0,0.0,1.0,0.0,1.3558123368364512,0.0,1.3558123368364512,4.998,18.724,116.20021620000999,0.996,True,True,0.0022325273301056583,1233,fragmented,2498,3724,2.981585268214572,38.36931111765476,0.0011940669876710339,0.09783556970955617,0.01308516366300479,0.9866351370509997,0.988371964921742,1.4162679425837321,931,classic,1.0,0.3,0.3,False,n/a,n/a,n/a,n/a,n/a,n/a,n/a,n/a,n/a,n/a,n/a,n/a,n/a,n/a,n/a,n/a,n/a,n/a,n/a
PM9_full_N500,S2,317149051,500,False,PD_classic,9.0,5.0,1.0,0.0,True,0.0,0.5,100,5,30,2.0,100000,0.0,0.0,1.0,0.0,0.0,0.0,0.0,1.0,0.0,1.0578352180578032,0.0,1.0578352180578032,5.0,234.484,10.151336688810865,1.0,True,True,0.0,908,baseline,2498,4655,3.7269815852682147,37.43657979976443,0.0014925837345887924,0.08077171329913706,0.011936993938619469,0.7784659991786952,0.9222522917226236,5.434869739478958,0,classic,1.0,0.3,0.3,False,n/a,n/a,n/a,n/a,n/a,n/a,n/a,n/a,n/a,n/a,n/a,n/a,n/a,n/a,n/a,n/a,n/a,n/a,n/a
PM9_full_N500,S2,317149051,500,False,PD_classic,9.0,5.0,1.0,0.0,True,0.0,0.5,100,5,30,0.1,100000,0.0,0.0,1.0,0.0,0.0,0.0,0.0,1.0,0.0,1.3027679141845978,0.0,1.3027679141845978,5.0,21.36,92.33428746352652,1.0,True,True,0.0004451633806520578,1162,connected,2498,4675,3.7429943955164133,34.63378075513676,0.001498996554071451,0.13859184055361362,0.011792021825874915,0.973078064509928,0.9877882614074834,1.3125,0,classic,1.0,0.3,0.3,False,n/a,n/a,n/a,n/a,n/a,n/a,n/a,n/a,n/a,n/a,n/a,n/a,n/a,n/a,n/a,n/a,n/a,n/a,n/a
PM9_full_N500,S2,317149051,500,False,PD_classic,9.0,5.0,1.0,0.0,True,0.0,0.5,100,5,30,2.0,100000,0.0,0.0,1.0,0.0,0.0,0.0,0.0,1.0,0.0,1.0676267346997887,0.0,1.0676267346997887,5.0,190.284,13.562530844861326,1.0,True,True,0.0,1060,fragmented,2498,3724,2.981585268214572,38.36931111765476,0.0011940669876710339,0.09783556970955617,0.01308516366300479,0.8290868795989965,0.936911770738333,4.997979797979798,931,classic,1.0,0.3,0.3,False,n/a,n/a,n/a,n/a,n/a,n/a,n/a,n/a,n/a,n/a,n/a,n/a,n/a,n/a,n/a,n/a,n/a,n/a,n/a
PM9_full_N500,S2,317149051,500,False,PD_classic,9.0,5.0,1.0,0.0,True,0.0,0.5,100,15,30,0.1,100000,0.0,0.0,1.0,0.0,0.0,0.0,0.0,1.0,0.0,1.2985535551927534,0.0,1.2985535551927534,14.866,21.304,91.7459524644608,0.908,True,True,0.0,1212,baseline,2498,4655,3.7269815852682147,37.43657979976443,0.0014925837345887924,0.08077171329913706,0.011936993938619469,0.975548896251052,0.976346788197882,1.269406392694064,0,classic,1.0,0.3,0.3,False,n/a,n/a,n/a,n/a,n/a,n/a,n/a,n/a,n/a,n/a,n/a,n/a,n/a,n/a,n/a,n/a,n/a,n/a,n/a
PM9_full_N500,S2,317149051,500,False,PD_classic,9.0,5.0,1.0,0.0,True,0.0,0.5,100,5,30,2.0,100000,0.0,0.0,1.0,0.0,0.0,0.0,0.0,1.0,0.0,1.067982182918469,0.0,1.067982182918469,5.0,237.736,10.002782425633827,1.0,True,True,0.0,997,connected,2498,4675,3.7429943955164133,34.63378075513676,0.001498996554071451,0.13859184055361362,0.011792021825874915,0.7761363511793742,0.9128661146550208,5.834343434343435,0,classic,1.0,0.3,0.3,False,n/a,n/a,n/a,n/a,n/a,n/a,n/a,n/a,n/a,n/a,n/a,n/a,n/a,n/a,n/a,n/a,n/a,n/a,n/a
PM9_full_N500,S2,317149051,500,False,PD_classic,9.0,5.0,1.0,0.0,True,0.0,0.5,100,15,30,0.1,100000,0.0,0.0,1.0,0.0,0.0,0.0,0.0,1.0,0.0,1.3558123368364512,0.0,1.3558123368364512,14.188,18.724,116.20021620000999,0.71,True,True,0.0022325273301056583,1233,fragmented,2498,3724,2.981585268214572,38.36931111765476,0.0011940669876710339,0.09783556970955617,0.01308516366300479,0.9879149956594989,0.988371964921742,1.4162679425837321,931,classic,1.0,0.3,0.3,False,n/a,n/a,n/a,n/a,n/a,n/a,n/a,n/a,n/a,n/a,n/a,n/a,n/a,n/a,n/a,n/a,n/a,n/a,n/a
PM9_full_N500,S2,317149051,500,False,PD_classic,9.0,5.0,1.0,0.0,True,0.0,0.5,100,15,30,2.0,100000,0.0,0.0,1.0,0.0,0.0,0.0,0.0,1.0,0.0,1.0690311489684308,0.0,1.0690311489684308,15.0,232.152,10.282345347509361,1.0,True,True,0.0,1074,baseline,2498,4655,3.7269815852682147,37.43657979976443,0.0014925837345887924,0.08077171329913706,0.011936993938619469,0.8111563217015358,0.9268761629868246,5.883534136546185,0,classic,1.0,0.3,0.3,False,n/a,n/a,n/a,n/a,n/a,n/a,n/a,n/a,n/a,n/a,n/a,n/a,n/a,n/a,n/a,n/a,n/a,n/a,n/a
PM9_full_N500,S2,317149051,500,False,PD_classic,9.0,5.0,1.0,0.0,True,0.0,0.5,100,15,30,0.1,100000,0.0,0.0,1.0,0.0,0.0,0.0,0.0,1.0,0.0,1.3027679141845978,0.0,1.3027679141845978,14.678,21.36,92.33428746352652,0.856,True,True,0.0004451633806520578,1162,connected,2498,4675,3.7429943955164133,34.63378075513676,0.001498996554071451,0.13859184055361362,0.011792021825874915,0.9855441402921757,0.9877882614074834,1.3125,0,classic,1.0,0.3,0.3,False,n/a,n/a,n/a,n/a,n/a,n/a,n/a,n/a,n/a,n/a,n/a,n/a,n/a,n/a,n/a,n/a,n/a,n/a,n/a
PM9_full_N500,S2,317149051,500,False,PD_classic,9.0,5.0,1.0,0.0,True,0.0,0.5,100,15,30,2.0,100000,0.0,0.0,1.0,0.0,0.0,0.0,0.0,1.0,0.0,1.0712611351460573,0.0,1.0712611351460573,15.0,187.5,13.844674149441328,1.0,True,True,0.0,1149,fragmented,2498,3724,2.981585268214572,38.36931111765476,0.0011940669876710339,0.09783556970955617,0.01308516366300479,0.8583127755899477,0.9299528330064383,5.108870967741935,931,classic,1.0,0.3,0.3,False,n/a,n/a,n/a,n/a,n/a,n/a,n/a,n/a,n/a,n/a,n/a,n/a,n/a,n/a,n/a,n/a,n/a,n/a,n/a
PM9_full_N500,S2,317149051,500,False,PD_classic,9.0,5.0,1.0,0.0,True,0.01,0.5,100,0,30,0.1,100000,0.0568,0.038,0.6768,0.044399999999999995,0.08919999999999997,0.04419999999999999,0.0506,0.8835412607128008,0.011365753679895658,1.7792322587158012,1.9301713463207884,1.8097355221303102,20.404,20.404,94.82128848696438,0.0,False,True,0.006836100944405975,10890,baseline,2498,4655,3.7269815852682147,37.43657979976443,0.0014925837345887924,0.08077171329913706,0.011936993938619469,0.987417630017415,0.987417630017415,1.3142857142857143,0,classic,1.0,0.3,0.3,False,n/a,n/a,n/a,n/a,n/a,n/a,n/a,n/a,n/a,n/a,n/a,n/a,n/a,n/a,n/a,n/a,n/a,n/a,n/a
PM9_full_N500,S2,317149051,500,False,PD_classic,9.0,5.0,1.0,0.0,True,0.0,0.5,100,15,30,2.0,100000,0.0,0.0,1.0,0.0,0.0,0.0,0.0,1.0,0.0,1.0645121392084698,0.0,1.0645121392084698,15.0,233.796,10.312865980415085,1.0,True,True,0.0,954,connected,2498,4675,3.7429943955164133,34.63378075513676,0.001498996554071451,0.13859184055361362,0.011792021825874915,0.8210333106221852,0.9208977521414413,5.432048681541582,0,classic,1.0,0.3,0.3,False,n/a,n/a,n/a,n/a,n/a,n/a,n/a,n/a,n/a,n/a,n/a,n/a,n/a,n/a,n/a,n/a,n/a,n/a,n/a
PM9_full_N500,S2,317149051,500,False,PD_classic,9.0,5.0,1.0,0.0,True,0.01,0.5,100,0,30,0.1,100000,0.09879999999999999,0.06080000000000001,0.5748,0.0774,0.0836,0.05920000000000001,0.04539999999999999,0.7993856927730913,0.02977129337539432,1.8734381359888725,1.8519266021791068,1.9177779757913895,18.1,18.1,114.11698742721337,0.0,False,True,-0.016704911619648675,10754,fragmented,2498,3724,2.981585268214572,38.36931111765476,0.0011940669876710339,0.09783556970955617,0.01308516366300479,0.9813497195927046,0.9813497195927046,1.3043478260869565,931,classic,1.0,0.3,0.3,False,n/a,n/a,n/a,n/a,n/a,n/a,n/a,n/a,n/a,n/a,n/a,n/a,n/a,n/a,n/a,n/a,n/a,n/a,n/a
PM9_full_N500,S2,317149051,500,False,PD_classic,9.0,5.0,1.0,0.0,True,0.01,0.5,100,0,30,2.0,100000,0.0344,0.005200000000000001,0.85,0.039599999999999996,0.0428,0.012199999999999999,0.0158,0.9714099493193757,0.04786501377410468,1.2780613909145075,1.2710423276731437,1.2769575367592025,231.308,231.308,10.244638649047838,0.0,False,True,-0.008422526490108525,13388,baseline,2498,4655,3.7269815852682147,37.43657979976443,0.0014925837345887924,0.08077171329913706,0.011936993938619469,0.923034185286999,0.923034185286999,5.571717171717172,0,classic,1.0,0.3,0.3,False,n/a,n/a,n/a,n/a,n/a,n/a,n/a,n/a,n/a,n/a,n/a,n/a,n/a,n/a,n/a,n/a,n/a,n/a,n/a
PM9_full_N500,S2,317149051,500,False,PD_classic,9.0,5.0,1.0,0.0,True,0.01,0.5,100,0,30,0.1,100000,0.0774,0.04139999999999999,0.6416,0.05940000000000001,0.06880000000000001,0.0538,0.057600000000000005,0.8711799172962582,0.025658040256580403,1.6094116315107838,1.6972284982960002,1.684852578024398,21.584,21.584,91.96445121660469,0.0,False,True,0.0026933195732819553,10789,connected,2498,4675,3.7429943955164133,34.63378075513676,0.001498996554071451,0.13859184055361362,0.011792021825874915,0.9850212436902365,0.9850212436902365,1.385321100917431,0,classic,1.0,0.3,0.3,False,n/a,n/a,n/a,n/a,n/a,n/a,n/a,n/a,n/a,n/a,n/a,n/a,n/a,n/a,n/a,n/a,n/a,n/a,n/a
PM9_full_N500,S2,317149051,500,False,PD_classic,9.0,5.0,1.0,0.0,True,0.01,0.5,100,0,30,2.0,100000,0.06980000000000001,0.014599999999999998,0.8298,0.020999999999999998,0.03280000000000001,0.018,0.014000000000000002,0.9608198350486633,0.047874789013349704,1.25542350871314,1.2597862516199572,1.2554693318230417,191.84,191.84,13.43324854281249,0.0,False,True,-0.0015546398185607392,13783,fragmented,2498,3724,2.981585268214572,38.36931111765476,0.0011940669876710339,0.09783556970955617,0.01308516366300479,0.9396475331295185,0.9396475331295185,5.171717171717172,931,classic,1.0,0.3,0.3,False,n/a,n/a,n/a,n/a,n/a,n/a,n/a,n/a,n/a,n/a,n/a,n/a,n/a,n/a,n/a,n/a,n/a,n/a,n/a
PM9_full_N500,S2,317149051,500,False,PD_classic,9.0,5.0,1.0,0.0,True,0.01,0.5,100,5,30,0.1,100000,0.04959999999999999,0.03200000000000001,0.6945999999999999,0.05960000000000001,0.07279999999999999,0.039799999999999995,0.0516,0.876317193882777,0.011406010089932002,1.8125000023483158,1.9975626871232899,1.8521351835186575,5.0,20.844,95.47616189731941,1.0,False,True,0.007421933687734751,10841,baseline,2498,4655,3.7269815852682147,37.43657979976443,0.0014925837345887924,0.08077171329913706,0.011936993938619469,0.9704976552792024,0.9728610255803211,1.2924528301886793,0,classic,1.0,0.3,0.3,False,n/a,n/a,n/a,n/a,n/a,n/a,n/a,n/a,n/a,n/a,n/a,n/a,n/a,n/a,n/a,n/a,n/a,n/a,n/a
PM9_full_N500,S2,317149051,500,False,PD_classic,9.0,5.0,1.0,0.0,True,0.01,0.5,100,0,30,2.0,100000,0.0452,0.004600000000000002,0.8747999999999999,0.0226,0.0278,0.018199999999999997,0.0068000000000000005,0.9777789580675057,0.04128360797918473,1.2603475176179868,1.274306744057734,1.2606412318936289,230.304,230.304,10.324787524166746,0.0,False,True,-0.0014481177924686064,12896,connected,2498,4675,3.7429943955164133,34.63378075513676,0.001498996554071451,0.13859184055361362,0.011792021825874915,0.926762353525258,0.926762353525258,5.402805611222445,0,classic,1.0,0.3,0.3,False,n/a,n/a,n/a,n/a,n/a,n/a,n/a,n/a,n/a,n/a,n/a,n/a,n/a,n/a,n/a,n/a,n/a,n/a,n/a
PM9_full_N500,S2,317149051,500,False,PD_classic,9.0,5.0,1.0,0.0,True,0.01,0.5,100,5,30,0.1,100000,0.1038,0.046599999999999996,0.6276,0.06240000000000001,0.06880000000000001,0.0422,0.04859999999999999,0.8443828378567592,0.016214177978883863,1.859729192188319,2.0774710923259536,1.9218613456857057,5.0,17.9,119.1533374800091,1.0,False,True,0.012615160860646006,10725,fragmented,2498,3724,2.981585268214572,38.36931111765476,0.0011940669876710339,0.09783556970955617,0.01308516366300479,0.971105617814642,0.986529345396728,1.4874371859296482,931,classic,1.0,0.3,0.3,False,n/a,n/a,n/a,n/a,n/a,n/a,n/a,n/a,n/a,n/a,n/a,n/a,n/a,n/a,n/a,n/a,n/a,n/a,n/a
PM9_full_N500,S2,317149051,500,False,PD_classic,9.0,5.0,1.0,0.0,True,0.01,0.5,100,5,30,2.0,100000,0.0118,0.012199999999999999,0.9308,0.005399999999999999,0.011,0.0128,0.016,0.9721443155415731,0.05306345733041575,1.2413608486991576,1.2406192472571873,1.2418130709765653,5.0,234.056,10.257191794039437,1.0,False,True,-0.0012428689714780831,10212,baseline,2498,4655,3.7269815852682147,37.43657979976443,0.0014925837345887924,0.08077171329913706,0.011936993938619469,0.7700043224290506,0.9199217105754921,5.399193548387097,0,classic,1.0,0.3,0.3,False,n/a,n/a,n/a,n/a,n/a,n/a,n/a,n/a,n/a,n/a,n/a,n/a,n/a,n/a,n/a,n/a,n/a,n/a,n/a
PM9_full_N500,S2,317149051,500,False,PD_classic,9.0,5.0,1.0,0.0,True,0.01,0.5,100,5,30,0.1,100000,0.04439999999999999,0.03899999999999999,0.7031999999999999,0.04359999999999999,0.07999999999999999,0.04619999999999999,0.04359999999999999,0.9024391858836891,0.022044521288091635,1.6880835464940886,1.9655444241353779,1.717417774605628,5.0,20.92,93.03577226991177,1.0,False,True,0.008337738950958,10629,connected,2498,4675,3.7429943955164133,34.63378075513676,0.001498996554071451,0.13859184055361362,0.011792021825874915,0.9835809531062765,0.9865856572115574,1.3867924528301887,0,classic,1.0,0.3,0.3,False,n/a,n/a,n/a,n/a,n/a,n/a,n/a,n/a,n/a,n/a,n/a,n/a,n/a,n/a,n/a,n/a,n/a,n/a,n/a
PM9_full_N500,S2,317149051,500,False,PD_classic,9.0,5.0,1.0,0.0,True,0.01,0.5,100,5,30,2.0,100000,0.013599999999999998,0.007400000000000001,0.915,0.020399999999999995,0.0186,0.0182,0.0068000000000000005,0.9746988888781403,0.03978073610023493,1.2244161012029833,1.244470516542312,1.2252183786363129,5.0,194.82,13.319114945585785,1.0,False,True,-0.0015629246516993393,10854,fragmented,2498,3724,2.981585268214572,38.36931111765476,0.0011940669876710339,0.09783556970955617,0.01308516366300479,0.8165039105234222,0.9431350313225074,5.262096774193548,931,classic,1.0,0.3,0.3,False,n/a,n/a,n/a,n/a,n/a,n/a,n/a,n/a,n/a,n/a,n/a,n/a,n/a,n/a,n/a,n/a,n/a,n/a,n/a
PM9_full_N500,S2,317149051,500,False,PD_classic,9.0,5.0,1.0,0.0,True,0.01,0.5,100,15,30,0.1,100000,0.0774,0.0422,0.6642,0.0632,0.045799999999999993,0.04739999999999999,0.059800000000000006,0.8789512007818058,0.02487660414610069,1.7886022761121536,1.9367793964005537,1.8212556898290553,14.744,20.7,93.51236165529191,0.838,False,True,0.004322762891054128,10873,baseline,2498,4655,3.7269815852682147,37.43657979976443,0.0014925837345887924,0.08077171329913706,0.011936993938619469,0.9876127696883046,0.9880364328565342,1.4210526315789473,0,classic,1.0,0.3,0.3,False,n/a,n/a,n/a,n/a,n/a,n/a,n/a,n/a,n/a,n/a,n/a,n/a,n/a,n/a,n/a,n/a,n/a,n/a,n/a
PM9_full_N500,S2,317149051,500,False,PD_classic,9.0,5.0,1.0,0.0,True,0.01,0.5,100,5,30,2.0,100000,0.0218,0.009999999999999998,0.9284000000000001,0.009600000000000001,0.006,0.014799999999999999,0.009400000000000002,0.97466357736284,0.04151898734177215,1.2639696180475521,1.249561082693116,1.2625079736334803,5.0,231.096,10.28958406920568,1.0,False,True,-0.0005791895167609968,10454,connected,2498,4675,3.7429943955164133,34.63378075513676,0.001498996554071451,0.13859184055361362,0.011792021825874915,0.780998156028144,0.9234083228749426,5.539078156312625,0,classic,1.0,0.3,0.3,False,n/a,n/a,n/a,n/a,n/a,n/a,n/a,n/a,n/a,n/a,n/a,n/a,n/a,n/a,n/a,n/a,n/a,n/a,n/a
PM9_full_N500,S2,317149051,500,False,PD_classic,9.0,5.0,1.0,0.0,True,0.01,0.5,100,15,30,0.1,100000,0.0752,0.024599999999999997,0.663,0.07799999999999999,0.06500000000000002,0.04839999999999999,0.045799999999999993,0.8983870966763636,0.01518100428182172,1.8297080992902608,1.8173928325852766,1.8813435343957496,14.036,18.196,116.39814254587327,0.67,False,True,0.004153677414708194,10861,fragmented,2498,3724,2.981585268214572,38.36931111765476,0.0011940669876710339,0.09783556970955617,0.01308516366300479,0.9881671818738088,0.988309287884893,1.497797356828194,931,classic,1.0,0.3,0.3,False,n/a,n/a,n/a,n/a,n/a,n/a,n/a,n/a,n/a,n/a,n/a,n/a,n/a,n/a,n/a,n/a,n/a,n/a,n/a
PM9_full_N500,S2,317149051,500,False,PD_classic,9.0,5.0,1.0,0.0,True,0.01,0.5,100,15,30,2.0,100000,0.023799999999999995,0.004000000000000001,0.9354000000000001,0.009999999999999998,0.0162,0.004200000000000001,0.0064,0.9804207368478013,0.033869016761707275,1.2576514647807255,1.2481039079313894,1.2573426327239086,15.0,234.78,10.147429361378865,1.0,False,True,-0.0012983571934251116,11000,baseline,2498,4655,3.7269815852682147,37.43657979976443,0.0014925837345887924,0.08077171329913706,0.011936993938619469,0.8193220598843074,0.9198479983297981,5.449799196787149,0,classic,1.0,0.3,0.3,False,n/a,n/a,n/a,n/a,n/a,n/a,n/a,n/a,n/a,n/a,n/a,n/a,n/a,n/a,n/a,n/a,n/a,n/a,n/a
PM9_full_N500,S2,317149051,500,False,PD_classic,9.0,5.0,1.0,0.0,True,0.01,0.5,100,15,30,0.1,100000,0.07499999999999998,0.03200000000000001,0.6442,0.06460000000000002,0.07499999999999998,0.05800000000000001,0.0512,0.8664830614402537,0.022704236772754915,1.6084010210216075,1.949836385971072,1.674891767987356,14.646,21.288,91.43019537975022,0.842,False,True,0.001337726950910001,10754,connected,2498,4675,3.7429943955164133,34.63378075513676,0.001498996554071451,0.13859184055361362,0.011792021825874915,0.9836989883909969,0.9850741102821743,1.4054054054054055,0,classic,1.0,0.3,0.3,False,n/a,n/a,n/a,n/a,n/a,n/a,n/a,n/a,n/a,n/a,n/a,n/a,n/a,n/a,n/a,n/a,n/a,n/a,n/a
PM9_full_N500,S2,317149051,500,False,PD_classic,9.0,5.0,1.0,0.0,True,0.01,0.5,100,15,30,2.0,100000,0.0284,0.004400000000000001,0.914,0.0106,0.0194,0.0092,0.014000000000000002,0.9709285965717103,0.03705509507557289,1.240304506258845,1.2259432807828732,1.2395130755240433,15.0,194.752,13.277737632919441,1.0,False,True,-0.0006226488905951962,11566,fragmented,2498,3724,2.981585268214572,38.36931111765476,0.0011940669876710339,0.09783556970955617,0.01308516366300479,0.8607854389117808,0.938132686348056,5.014028056112225,931,classic,1.0,0.3,0.3,False,n/a,n/a,n/a,n/a,n/a,n/a,n/a,n/a,n/a,n/a,n/a,n/a,n/a,n/a,n/a,n/a,n/a,n/a,n/a
PM9_full_N500,S2,317149051,500,False,weak_PD,1.6,1.0,0.0,0.0,True,0.0,0.5,100,0,30,0.1,100000,0.0,0.0,1.0,0.0,0.0,0.0,0.0,0.9998704663212437,0.00025290844714213456,0.13334383762023913,0.0,0.13334383762023913,20.388,20.388,94.81134702708708,0.0,True,True,0.01644993459973327,2813,baseline,2498,4655,3.7269815852682147,37.43657979976443,0.0014925837345887924,0.08077171329913706,0.011936993938619469,0.9800145260609875,0.9800145260609875,1.34,0,classic,1.0,0.3,0.3,False,n/a,n/a,n/a,n/a,n/a,n/a,n/a,n/a,n/a,n/a,n/a,n/a,n/a,n/a,n/a,n/a,n/a,n/a,n/a
PM9_full_N500,S2,317149051,500,False,PD_classic,9.0,5.0,1.0,0.0,True,0.01,0.5,100,15,30,2.0,100000,0.0196,0.006200000000000001,0.9326000000000001,0.016399999999999998,0.013000000000000001,0.0032,0.009000000000000003,0.9797507323220167,0.03290209231752116,1.2462423365350734,1.2706150740814062,1.24629337049649,15.0,232.284,10.24012407289905,1.0,False,True,0.0016178272713076203,10914,connected,2498,4675,3.7429943955164133,34.63378075513676,0.001498996554071451,0.13859184055361362,0.011792021825874915,0.8233486084316418,0.9223297996660242,5.9476861167002015,0,classic,1.0,0.3,0.3,False,n/a,n/a,n/a,n/a,n/a,n/a,n/a,n/a,n/a,n/a,n/a,n/a,n/a,n/a,n/a,n/a,n/a,n/a,n/a
PM9_full_N500,S2,317149051,500,False,weak_PD,1.6,1.0,0.0,0.0,True,0.0,0.5,100,0,30,0.1,100000,0.0,0.0,0.998,0.0020000000000000005,0.0,0.0,0.0,1.0,0.0,0.1479229012933309,0.0,0.14830004269917163,17.896,17.896,119.56839357792714,0.0,False,False,0.02002839691359864,2494,fragmented,2498,3724,2.981585268214572,38.36931111765476,0.0011940669876710339,0.09783556970955617,0.01308516366300479,0.9857527668999263,0.9857527668999263,1.2931726907630523,931,classic,1.0,0.3,0.3,False,n/a,n/a,n/a,n/a,n/a,n/a,n/a,n/a,n/a,n/a,n/a,n/a,n/a,n/a,n/a,n/a,n/a,n/a,n/a
PM9_full_N500,S2,317149051,500,False,weak_PD,1.6,1.0,0.0,0.0,True,0.0,0.5,100,0,30,2.0,100000,0.0,0.0,1.0,0.0,0.0,0.0,0.0,1.0,0.0,0.033350355513538446,0.0,0.033350355513538446,230.684,230.684,10.236145666928124,0.0,True,True,0.0,2041,baseline,2498,4655,3.7269815852682147,37.43657979976443,0.0014925837345887924,0.08077171329913706,0.011936993938619469,0.916944837481349,0.916944837481349,5.669354838709677,0,classic,1.0,0.3,0.3,False,n/a,n/a,n/a,n/a,n/a,n/a,n/a,n/a,n/a,n/a,n/a,n/a,n/a,n/a,n/a,n/a,n/a,n/a,n/a
PM9_full_N500,S2,317149051,500,False,weak_PD,1.6,1.0,0.0,0.0,True,0.0,0.5,100,0,30,0.1,100000,0.0,0.0,0.9658000000000001,0.0,0.0,0.034199999999999994,0.0,0.9684829506131714,0.0023815824292140776,0.15858549692825602,0.0,0.17612237037953363,20.82,20.82,95.24090799315151,0.0,False,True,0.014081029124113567,2824,connected,2498,4675,3.7429943955164133,34.63378075513676,0.001498996554071451,0.13859184055361362,0.011792021825874915,0.9836695845714345,0.9836695845714345,1.2727272727272727,0,classic,1.0,0.3,0.3,False,n/a,n/a,n/a,n/a,n/a,n/a,n/a,n/a,n/a,n/a,n/a,n/a,n/a,n/a,n/a,n/a,n/a,n/a,n/a
PM9_full_N500,S2,317149051,500,False,weak_PD,1.6,1.0,0.0,0.0,True,0.0,0.5,100,0,30,2.0,100000,0.0,0.0,1.0,0.0,0.0,0.0,0.0,1.0,0.0,0.032442043098073775,0.0,0.032442043098073775,193.388,193.388,13.457845473771672,0.0,True,True,0.0,2346,fragmented,2498,3724,2.981585268214572,38.36931111765476,0.0011940669876710339,0.09783556970955617,0.01308516366300479,0.9408598008536003,0.9408598008536003,5.22020202020202,931,classic,1.0,0.3,0.3,False,n/a,n/a,n/a,n/a,n/a,n/a,n/a,n/a,n/a,n/a,n/a,n/a,n/a,n/a,n/a,n/a,n/a,n/a,n/a
PM9_full_N500,S2,317149051,500,False,weak_PD,1.6,1.0,0.0,0.0,True,0.0,0.5,100,0,30,2.0,100000,0.0,0.0,1.0,0.0,0.0,0.0,0.0,1.0,0.0,0.030781906545107658,0.0,0.030781906545107658,231.964,231.964,10.260435496537516,0.0,True,True,0.0,1944,connected,2498,4675,3.7429943955164133,34.63378075513676,0.001498996554071451,0.13859184055361362,0.011792021825874915,0.9266664442523848,0.9266664442523848,5.791164658634538,0,classic,1.0,0.3,0.3,False,n/a,n/a,n/a,n/a,n/a,n/a,n/a,n/a,n/a,n/a,n/a,n/a,n/a,n/a,n/a,n/a,n/a,n/a,n/a
PM9_full_N500,S2,317149051,500,False,weak_PD,1.6,1.0,0.0,0.0,True,0.0,0.5,100,5,30,0.1,100000,0.0,0.0,1.0,0.0,0.0,0.0,0.0,1.0,0.0,0.12675003243971172,0.0,0.12675003243971172,5.0,20.544,93.27294664017589,1.0,True,True,0.011130668522675555,2772,baseline,2498,4655,3.7269815852682147,37.43657979976443,0.0014925837345887924,0.08077171329913706,0.011936993938619469,0.9662189516579576,0.9756928037204091,1.3272727272727274,0,classic,1.0,0.3,0.3,False,n/a,n/a,n/a,n/a,n/a,n/a,n/a,n/a,n/a,n/a,n/a,n/a,n/a,n/a,n/a,n/a,n/a,n/a,n/a
PM9_full_N500,S2,317149051,500,False,weak_PD,1.6,1.0,0.0,0.0,True,0.0,0.5,100,5,30,0.1,100000,0.0,0.0,0.998,0.0,0.0,0.0020000000000000005,0.0,1.0,0.0,0.12774182828610856,0.0,0.12814287524178122,4.998,17.916,120.79993848500354,0.996,False,True,0.01029797079188097,2312,fragmented,2498,3724,2.981585268214572,38.36931111765476,0.0011940669876710339,0.09783556970955617,0.01308516366300479,0.989639929450804,0.9928440662130514,1.3392857142857142,931,classic,1.0,0.3,0.3,False,n/a,n/a,n/a,n/a,n/a,n/a,n/a,n/a,n/a,n/a,n/a,n/a,n/a,n/a,n/a,n/a,n/a,n/a,n/a
PM9_full_N500,S2,317149051,500,False,weak_PD,1.6,1.0,0.0,0.0,True,0.0,0.5,100,5,30,2.0,100000,0.0,0.0,1.0,0.0,0.0,0.0,0.0,1.0,0.0,0.030776090155826018,0.0,0.030776090155826018,5.0,233.328,10.20626499436784,1.0,True,True,0.0,1827,baseline,2498,4655,3.7269815852682147,37.43657979976443,0.0014925837345887924,0.08077171329913706,0.011936993938619469,0.7833730114417,0.9285767585825201,5.505030181086519,0,classic,1.0,0.3,0.3,False,n/a,n/a,n/a,n/a,n/a,n/a,n/a,n/a,n/a,n/a,n/a,n/a,n/a,n/a,n/a,n/a,n/a,n/a,n/a
PM9_full_N500,S2,317149051,500,False,weak_PD,1.6,1.0,0.0,0.0,True,0.0,0.5,100,5,30,0.1,100000,0.0,0.0,0.9998000000000001,0.0,0.0,0.0002,0.0,0.9998630136986302,0.00022192632046160674,0.176175683534985,0.0,0.176175683534985,5.0,20.964,94.67692480754278,1.0,True,True,0.019944886179542518,2774,connected,2498,4675,3.7429943955164133,34.63378075513676,0.001498996554071451,0.13859184055361362,0.011792021825874915,0.9620660621918217,0.9770034717813323,1.4356435643564356,0,classic,1.0,0.3,0.3,False,n/a,n/a,n/a,n/a,n/a,n/a,n/a,n/a,n/a,n/a,n/a,n/a,n/a,n/a,n/a,n/a,n/a,n/a,n/a
PM9_full_N500,S2,317149051,500,False,weak_PD,1.6,1.0,0.0,0.0,True,0.0,0.5,100,5,30,2.0,100000,0.0,0.0,1.0,0.0,0.0,0.0,0.0,1.0,0.0,0.02721237105704886,0.0,0.02721237105704886,5.0,194.516,13.342607263911187,1.0,True,True,0.0,1850,fragmented,2498,3724,2.981585268214572,38.36931111765476,0.0011940669876710339,0.09783556970955617,0.01308516366300479,0.8203533019832374,0.9381468680011793,5.276767676767677,931,classic,1.0,0.3,0.3,False,n/a,n/a,n/a,n/a,n/a,n/a,n/a,n/a,n/a,n/a,n/a,n/a,n/a,n/a,n/a,n/a,n/a,n/a,n/a
PM9_full_N500,S2,317149051,500,False,weak_PD,1.6,1.0,0.0,0.0,True,0.0,0.5,100,15,30,0.1,100000,0.0,0.0,1.0,0.0,0.0,0.0,0.0,0.9998704663212437,0.00025290844714213456,0.13334383762023913,0.0,0.13334383762023913,14.774,20.388,94.81134702708708,0.872,True,True,0.01644993459973327,2813,baseline,2498,4655,3.7269815852682147,37.43657979976443,0.0014925837345887924,0.08077171329913706,0.011936993938619469,0.9792434184658028,0.9800145260609875,1.34,0,classic,1.0,0.3,0.3,False,n/a,n/a,n/a,n/a,n/a,n/a,n/a,n/a,n/a,n/a,n/a,n/a,n/a,n/a,n/a,n/a,n/a,n/a,n/a
PM9_full_N500,S2,317149051,500,False,weak_PD,1.6,1.0,0.0,0.0,True,0.0,0.5,100,5,30,2.0,100000,0.0,0.0,1.0,0.0,0.0,0.0,0.0,1.0,0.0,0.03174738131581623,0.0,0.03174738131581623,5.0,233.048,10.19696209021176,1.0,True,True,0.0,1927,connected,2498,4675,3.7429943955164133,34.63378075513676,0.001498996554071451,0.13859184055361362,0.011792021825874915,0.7767225638066818,0.9243847611936381,5.538152610441767,0,classic,1.0,0.3,0.3,False,n/a,n/a,n/a,n/a,n/a,n/a,n/a,n/a,n/a,n/a,n/a,n/a,n/a,n/a,n/a,n/a,n/a,n/a,n/a
PM9_full_N500,S2,317149051,500,False,weak_PD,1.6,1.0,0.0,0.0,True,0.0,0.5,100,15,30,0.1,100000,0.0,0.0,0.998,0.0020000000000000005,0.0,0.0,0.0,1.0,0.0,0.1473447056714117,0.0,0.1487656571409272,14.128,17.856,119.9507677112854,0.658,False,False,0.021700301201212864,2468,fragmented,2498,3724,2.981585268214572,38.36931111765476,0.0011940669876710339,0.09783556970955617,0.01308516366300479,0.9842339264589676,0.9843573832490911,1.3866666666666667,931,classic,1.0,0.3,0.3,False,n/a,n/a,n/a,n/a,n/a,n/a,n/a,n/a,n/a,n/a,n/a,n/a,n/a,n/a,n/a,n/a,n/a,n/a,n/a
PM9_full_N500,S2,317149051,500,False,weak_PD,1.6,1.0,0.0,0.0,True,0.0,0.5,100,15,30,2.0,100000,0.0,0.0,1.0,0.0,0.0,0.0,0.0,1.0,0.0,0.03416513379516477,0.0,0.03416513379516477,15.0,231.576,10.29802715003365,1.0,True,True,0.0,2106,baseline,2498,4655,3.7269815852682147,37.43657979976443,0.0014925837345887924,0.08077171329913706,0.011936993938619469,0.8301403182574574,0.9311462653994563,5.400402414486922,0,classic,1.0,0.3,0.3,False,n/a,n/a,n/a,n/a,n/a,n/a,n/a,n/a,n/a,n/a,n/a,n/a,n/a,n/a,n/a,n/a,n/a,n/a,n/a
PM9_full_N500,S2,317149051,500,False,weak_PD,1.6,1.0,0.0,0.0,True,0.0,0.5,100,15,30,0.1,100000,0.004000000000000001,0.0,0.9623999999999999,0.0,0.0,0.033600000000000005,0.0,0.9715102569230047,0.0006619593998234775,0.16491765504888853,0.03789987536352306,0.17856167021974262,14.748,20.46,94.87571886331227,0.868,False,True,0.010051557006230222,3027,connected,2498,4675,3.7429943955164133,34.63378075513676,0.001498996554071451,0.13859184055361362,0.011792021825874915,0.9713822085905022,0.9755666418547869,1.3142857142857143,0,classic,1.0,0.3,0.3,False,n/a,n/a,n/a,n/a,n/a,n/a,n/a,n/a,n/a,n/a,n/a,n/a,n/a,n/a,n/a,n/a,n/a,n/a,n/a
PM9_full_N500,S2,317149051,500,False,weak_PD,1.6,1.0,0.0,0.0,True,0.0,0.5,100,15,30,2.0,100000,0.0,0.0,1.0,0.0,0.0,0.0,0.0,1.0,0.0,0.030153048248177116,0.0,0.030153048248177116,15.0,192.92,13.476496788854382,1.0,True,True,0.0,2205,fragmented,2498,3724,2.981585268214572,38.36931111765476,0.0011940669876710339,0.09783556970955617,0.01308516366300479,0.871112257276111,0.9397665941998424,5.115151515151515,931,classic,1.0,0.3,0.3,False,n/a,n/a,n/a,n/a,n/a,n/a,n/a,n/a,n/a,n/a,n/a,n/a,n/a,n/a,n/a,n/a,n/a,n/a,n/a
PM9_full_N500,S2,317149051,500,False,weak_PD,1.6,1.0,0.0,0.0,True,0.01,0.5,100,0,30,0.1,100000,0.13120000000000004,0.052000000000000005,0.4438,0.1014,0.11480000000000001,0.08319999999999998,0.07359999999999998,0.6504497504836697,0.025206335043497657,0.3344134329975305,0.3745319990584109,0.3705553190896102,20.704,20.704,94.70049702118527,0.0,False,True,-0.010521661286643317,13727,baseline,2498,4655,3.7269815852682147,37.43657979976443,0.0014925837345887924,0.08077171329913706,0.011936993938619469,0.9784865512109047,0.9784865512109047,1.3209302325581396,0,classic,1.0,0.3,0.3,False,n/a,n/a,n/a,n/a,n/a,n/a,n/a,n/a,n/a,n/a,n/a,n/a,n/a,n/a,n/a,n/a,n/a,n/a,n/a
PM9_full_N500,S2,317149051,500,False,weak_PD,1.6,1.0,0.0,0.0,True,0.0,0.5,100,15,30,2.0,100000,0.0,0.0,1.0,0.0,0.0,0.0,0.0,1.0,0.0,0.03209060893430254,0.0,0.03209060893430254,15.0,233.892,10.157264289618514,1.0,True,True,0.0,1969,connected,2498,4675,3.7429943955164133,34.63378075513676,0.001498996554071451,0.13859184055361362,0.011792021825874915,0.8145004259535406,0.926127892413946,5.595190380761523,0,classic,1.0,0.3,0.3,False,n/a,n/a,n/a,n/a,n/a,n/a,n/a,n/a,n/a,n/a,n/a,n/a,n/a,n/a,n/a,n/a,n/a,n/a,n/a
PM9_full_N500,S2,317149051,500,False,weak_PD,1.6,1.0,0.0,0.0,True,0.01,0.5,100,0,30,0.1,100000,0.10779999999999998,0.06960000000000002,0.41579999999999995,0.1126,0.12679999999999997,0.1186,0.048799999999999996,0.6731691795027537,0.03728573952995229,0.389693427536339,0.4105109856232164,0.4254621602382857,18.452,18.452,117.08066329717386,0.0,False,True,-0.006595456781824015,14045,fragmented,2498,3724,2.981585268214572,38.36931111765476,0.0011940669876710339,0.09783556970955617,0.01308516366300479,0.9852958338145859,0.9852958338145859,1.3543307086614174,931,classic,1.0,0.3,0.3,False,n/a,n/a,n/a,n/a,n/a,n/a,n/a,n/a,n/a,n/a,n/a,n/a,n/a,n/a,n/a,n/a,n/a,n/a,n/a
PM9_full_N500,S2,317149051,500,False,weak_PD,1.6,1.0,0.0,0.0,True,0.01,0.5,100,0,30,2.0,100000,0.06800000000000002,0.012,0.7838,0.042199999999999994,0.047999999999999994,0.030600000000000006,0.015400000000000002,0.9449298820704841,0.07709251101321586,0.11964830496494068,0.12870323081978996,0.12043812396972783,233.892,233.892,10.15485848129191,0.0,False,True,0.003044584978340646,19636,baseline,2498,4655,3.7269815852682147,37.43657979976443,0.0014925837345887924,0.08077171329913706,0.011936993938619469,0.9209390480355482,0.9209390480355482,5.416,0,classic,1.0,0.3,0.3,False,n/a,n/a,n/a,n/a,n/a,n/a,n/a,n/a,n/a,n/a,n/a,n/a,n/a,n/a,n/a,n/a,n/a,n/a,n/a
PM9_full_N500,S2,317149051,500,False,weak_PD,1.6,1.0,0.0,0.0,True,0.01,0.5,100,0,30,0.1,100000,0.13620000000000002,0.04739999999999999,0.495,0.08759999999999998,0.0752,0.076,0.08259999999999999,0.6300987912092555,0.019866071428571427,0.3963992956413297,0.45355023483905454,0.4196183184562072,21.676,21.676,92.26763621642748,0.0,False,True,0.017153089412357832,14305,connected,2498,4675,3.7429943955164133,34.63378075513676,0.001498996554071451,0.13859184055361362,0.011792021825874915,0.9849332156669505,0.9849332156669505,1.2663755458515285,0,classic,1.0,0.3,0.3,False,n/a,n/a,n/a,n/a,n/a,n/a,n/a,n/a,n/a,n/a,n/a,n/a,n/a,n/a,n/a,n/a,n/a,n/a,n/a
PM9_full_N500,S2,317149051,500,False,weak_PD,1.6,1.0,0.0,0.0,True,0.01,0.5,100,0,30,2.0,100000,0.1052,0.0126,0.6584000000000001,0.11879999999999999,0.05920000000000001,0.033999999999999996,0.0118,0.8819649150622929,0.08445265278710544,0.13091666630647722,0.1354347838776896,0.13289932418718378,193.892,193.892,13.35500833400437,0.0,False,True,-0.018487859551440035,21669,fragmented,2498,3724,2.981585268214572,38.36931111765476,0.0011940669876710339,0.09783556970955617,0.01308516366300479,0.9342138778750528,0.9342138778750528,5.030181086519114,931,classic,1.0,0.3,0.3,False,n/a,n/a,n/a,n/a,n/a,n/a,n/a,n/a,n/a,n/a,n/a,n/a,n/a,n/a,n/a,n/a,n/a,n/a,n/a
PM9_full_N500,S2,317149051,500,False,weak_PD,1.6,1.0,0.0,0.0,True,0.01,0.5,100,5,30,0.1,100000,0.1608,0.06740000000000002,0.47139999999999993,0.07619999999999999,0.09379999999999998,0.0762,0.054200000000000005,0.734692716478021,0.023868312757201648,0.3599450999265633,0.4201472894040412,0.38857345749733635,5.0,20.548,94.10783154169363,1.0,False,True,0.0068699602798425845,13859,baseline,2498,4655,3.7269815852682147,37.43657979976443,0.0014925837345887924,0.08077171329913706,0.011936993938619469,0.9762471234998387,0.9818309949182765,1.3789954337899544,0,classic,1.0,0.3,0.3,False,n/a,n/a,n/a,n/a,n/a,n/a,n/a,n/a,n/a,n/a,n/a,n/a,n/a,n/a,n/a,n/a,n/a,n/a,n/a
PM9_full_N500,S2,317149051,500,False,weak_PD,1.6,1.0,0.0,0.0,True,0.01,0.5,100,0,30,2.0,100000,0.07000000000000002,0.0132,0.7828,0.03280000000000001,0.03200000000000001,0.049999999999999996,0.0192,0.9331867724802494,0.09006531454107941,0.11289105997736464,0.11520875807559337,0.11335491394450872,232.696,232.696,10.15551065235966,0.0,False,True,-0.003340496561988079,18674,connected,2498,4675,3.7429943955164133,34.63378075513676,0.001498996554071451,0.13859184055361362,0.011792021825874915,0.9231455789352289,0.9231455789352289,5.508,0,classic,1.0,0.3,0.3,False,n/a,n/a,n/a,n/a,n/a,n/a,n/a,n/a,n/a,n/a,n/a,n/a,n/a,n/a,n/a,n/a,n/a,n/a,n/a
PM9_full_N500,S2,317149051,500,False,weak_PD,1.6,1.0,0.0,0.0,True,0.01,0.5,100,5,30,0.1,100000,0.1048,0.06160000000000001,0.49560000000000015,0.1096,0.07759999999999999,0.11480000000000001,0.036,0.7560913427957968,0.039961941008563276,0.3559047331146319,0.4021466085505265,0.38077769509752585,5.0,17.532,121.21952874427816,1.0,False,True,0.008978176712708315,13458,fragmented,2498,3724,2.981585268214572,38.36931111765476,0.0011940669876710339,0.09783556970955617,0.01308516366300479,0.9867468677345471,0.9913711675959133,1.3482142857142858,931,classic,1.0,0.3,0.3,False,n/a,n/a,n/a,n/a,n/a,n/a,n/a,n/a,n/a,n/a,n/a,n/a,n/a,n/a,n/a,n/a,n/a,n/a,n/a
PM9_full_N500,S2,317149051,500,False,weak_PD,1.6,1.0,0.0,0.0,True,0.01,0.5,100,5,30,2.0,100000,0.028200000000000003,0.0142,0.8841999999999999,0.029400000000000003,0.0116,0.022,0.010400000000000001,0.9485753590552317,0.07178775793306745,0.1082392124721016,0.11517951756229747,0.10894220794735093,5.0,232.384,10.224402402098356,1.0,False,True,0.0016944163776706376,14901,baseline,2498,4655,3.7269815852682147,37.43657979976443,0.0014925837345887924,0.08077171329913706,0.011936993938619469,0.7766861626082264,0.9219987810034634,5.3561368209255535,0,classic,1.0,0.3,0.3,False,n/a,n/a,n/a,n/a,n/a,n/a,n/a,n/a,n/a,n/a,n/a,n/a,n/a,n/a,n/a,n/a,n/a,n/a,n/a
PM9_full_N500,S2,317149051,500,False,weak_PD,1.6,1.0,0.0,0.0,True,0.01,0.5,100,5,30,0.1,100000,0.08859999999999998,0.0522,0.5118,0.10700000000000001,0.07399999999999998,0.10800000000000001,0.05840000000000001,0.7039884528347843,0.044131817305839274,0.34757637076576103,0.3838625434365918,0.3670839548901421,5.0,20.412,92.55156678244563,1.0,False,True,0.005802762411048179,13762,connected,2498,4675,3.7429943955164133,34.63378075513676,0.001498996554071451,0.13859184055361362,0.011792021825874915,0.9804269387781052,0.9855022167985558,1.3777777777777778,0,classic,1.0,0.3,0.3,False,n/a,n/a,n/a,n/a,n/a,n/a,n/a,n/a,n/a,n/a,n/a,n/a,n/a,n/a,n/a,n/a,n/a,n/a,n/a
PM9_full_N500,S2,317149051,500,False,weak_PD,1.6,1.0,0.0,0.0,True,0.01,0.5,100,5,30,2.0,100000,0.03520000000000001,0.011999999999999999,0.85,0.018999999999999996,0.027200000000000002,0.03300000000000001,0.0236,0.9259712415402064,0.08339583020848958,0.11479428089200189,0.11916623307017304,0.11489818620639605,5.0,193.06,13.338540485332093,1.0,False,True,-0.0019921519686067757,16829,fragmented,2498,3724,2.981585268214572,38.36931111765476,0.0011940669876710339,0.09783556970955617,0.01308516366300479,0.8233559228878712,0.9364071682116805,5.195171026156942,931,classic,1.0,0.3,0.3,False,n/a,n/a,n/a,n/a,n/a,n/a,n/a,n/a,n/a,n/a,n/a,n/a,n/a,n/a,n/a,n/a,n/a,n/a,n/a
PM9_full_N500,S2,317149051,500,False,weak_PD,1.6,1.0,0.0,0.0,True,0.01,0.5,100,15,30,0.1,100000,0.11059999999999999,0.03440000000000001,0.4288,0.11560000000000001,0.13679999999999998,0.1058,0.068,0.6831585028008295,0.025995461109964927,0.31373443392635525,0.40632109785804293,0.36224192281968476,14.798,20.524,95.38181792438482,0.86,False,True,-0.0046115512462024215,13757,baseline,2498,4655,3.7269815852682147,37.43657979976443,0.0014925837345887924,0.08077171329913706,0.011936993938619469,0.967966421566028,0.9682951555444235,1.3140495867768596,0,classic,1.0,0.3,0.3,False,n/a,n/a,n/a,n/a,n/a,n/a,n/a,n/a,n/a,n/a,n/a,n/a,n/a,n/a,n/a,n/a,n/a,n/a,n/a
PM9_full_N500,S2,317149051,500,False,weak_PD,1.6,1.0,0.0,0.0,True,0.01,0.5,100,5,30,2.0,100000,0.022199999999999998,0.016400000000000005,0.8963999999999999,0.019,0.015199999999999997,0.0158,0.015000000000000003,0.957242957587812,0.06974341312209402,0.10921308316452444,0.1170400636521657,0.1096645264936452,5.0,230.596,10.30749534550959,1.0,False,True,-0.0012136560546278806,15428,connected,2498,4675,3.7429943955164133,34.63378075513676,0.001498996554071451,0.13859184055361362,0.011792021825874915,0.7844245269758737,0.9236247223317002,5.496981891348089,0,classic,1.0,0.3,0.3,False,n/a,n/a,n/a,n/a,n/a,n/a,n/a,n/a,n/a,n/a,n/a,n/a,n/a,n/a,n/a,n/a,n/a,n/a,n/a
PM9_full_N500,S2,317149051,500,False,weak_PD,1.6,1.0,0.0,0.0,True,0.01,0.5,100,15,30,0.1,100000,0.11120000000000001,0.08799999999999998,0.4282,0.09539999999999998,0.08439999999999999,0.1214,0.07140000000000002,0.66954295135365,0.0344597598932859,0.349039470525202,0.36444427205788676,0.38870119324850233,14.102,18.4,119.26400358805311,0.702,False,True,-0.009694953979808229,13901,fragmented,2498,3724,2.981585268214572,38.36931111765476,0.0011940669876710339,0.09783556970955617,0.01308516366300479,0.9848194926287469,0.9852276230465346,1.2935779816513762,931,classic,1.0,0.3,0.3,False,n/a,n/a,n/a,n/a,n/a,n/a,n/a,n/a,n/a,n/a,n/a,n/a,n/a,n/a,n/a,n/a,n/a,n/a,n/a
PM9_full_N500,S2,317149051,500,False,weak_PD,1.6,1.0,0.0,0.0,True,0.01,0.5,100,15,30,2.0,100000,0.04139999999999999,0.013600000000000001,0.8238,0.033,0.029800000000000004,0.029600000000000005,0.0288,0.9276663300252167,0.09573542210617929,0.11049799455347824,0.11206742163341506,0.11045941039003825,15.0,232.708,10.20702387395116,1.0,False,True,0.0056344161376601564,16167,baseline,2498,4655,3.7269815852682147,37.43657979976443,0.0014925837345887924,0.08077171329913706,0.011936993938619469,0.8214799487438345,0.91482401389074,5.66060606060606,0,classic,1.0,0.3,0.3,False,n/a,n/a,n/a,n/a,n/a,n/a,n/a,n/a,n/a,n/a,n/a,n/a,n/a,n/a,n/a,n/a,n/a,n/a,n/a
PM9_full_N500,S2,317149051,500,False,weak_PD,1.6,1.0,0.0,0.0,True,0.01,0.5,100,15,30,0.1,100000,0.08099999999999999,0.04519999999999999,0.4878,0.1068,0.1016,0.10300000000000001,0.0746,0.7045754373785152,0.031891761294998794,0.35693679825607266,0.3598861288017369,0.3788482872339949,14.716,20.968,93.28678912877663,0.846,False,True,0.002624093696377715,13971,connected,2498,4675,3.7429943955164133,34.63378075513676,0.001498996554071451,0.13859184055361362,0.011792021825874915,0.9846281129496604,0.9851382843351231,1.262672811059908,0,classic,1.0,0.3,0.3,False,n/a,n/a,n/a,n/a,n/a,n/a,n/a,n/a,n/a,n/a,n/a,n/a,n/a,n/a,n/a,n/a,n/a,n/a,n/a
PM9_full_N500,S2,317149051,500,False,weak_PD,1.6,1.0,0.0,0.0,True,0.01,0.5,100,15,30,2.0,100000,0.031000000000000007,0.006199999999999999,0.8266,0.04439999999999999,0.030800000000000004,0.03580000000000001,0.025199999999999993,0.930571887152554,0.07686430317848411,0.11246259974178424,0.11990182892575833,0.11405934050011968,15.0,191.828,13.417147532954449,1.0,False,True,-0.002548176592707103,17846,fragmented,2498,3724,2.981585268214572,38.36931111765476,0.0011940669876710339,0.09783556970955617,0.01308516366300479,0.8598244407872093,0.9362695871397575,5.252525252525253,931,classic,1.0,0.3,0.3,False,n/a,n/a,n/a,n/a,n/a,n/a,n/a,n/a,n/a,n/a,n/a,n/a,n/a,n/a,n/a,n/a,n/a,n/a,n/a
PM9_full_N500,S2,317149051,500,False,snowdrift,4.0,3.0,0.0,2.0,True,0.0,0.5,100,0,30,0.1,100000,0.0,0.0,0.998,0.0,0.0,0.0020000000000000005,0.0,0.9998332425431624,0.00039377830281551486,0.4566508109213104,0.0,0.45596651693305557,20.744,20.744,94.30980747675873,0.0,False,True,0.013514607658426239,3226,baseline,2498,4655,3.7269815852682147,37.43657979976443,0.0014925837345887924,0.08077171329913706,0.011936993938619469,0.9871252473437774,0.9871252473437774,1.2380952380952381,0,classic,1.0,0.3,0.3,False,n/a,n/a,n/a,n/a,n/a,n/a,n/a,n/a,n/a,n/a,n/a,n/a,n/a,n/a,n/a,n/a,n/a,n/a,n/a
PM9_full_N500,S2,317149051,500,False,weak_PD,1.6,1.0,0.0,0.0,True,0.01,0.5,100,15,30,2.0,100000,0.05820000000000001,0.021399999999999995,0.8138000000000002,0.034999999999999996,0.0196,0.033400000000000006,0.0186,0.9220864611899195,0.08524920288639033,0.11011119509641598,0.1181585754833442,0.11103436181822827,15.0,232.104,10.273146352498827,1.0,False,True,-0.0025564326257334325,16483,connected,2498,4675,3.7429943955164133,34.63378075513676,0.001498996554071451,0.13859184055361362,0.011792021825874915,0.8258753206599149,0.9276331560132569,5.4509018036072145,0,classic,1.0,0.3,0.3,False,n/a,n/a,n/a,n/a,n/a,n/a,n/a,n/a,n/a,n/a,n/a,n/a,n/a,n/a,n/a,n/a,n/a,n/a,n/a
PM9_full_N500,S2,317149051,500,False,snowdrift,4.0,3.0,0.0,2.0,True,0.0,0.5,100,0,30,0.1,100000,0.004000000000000001,0.0,0.9852000000000001,0.0,0.0,0.010799999999999999,0.0,0.9996855202796183,0.0006035003017501509,0.5029489444457586,1.55199803710373,0.508960140988425,18.576,18.576,118.0301196686281,0.0,False,False,0.02078823995296787,2663,fragmented,2498,3724,2.981585268214572,38.36931111765476,0.0011940669876710339,0.09783556970955617,0.01308516366300479,0.9875445205125112,0.9875445205125112,1.2857142857142858,931,classic,1.0,0.3,0.3,False,n/a,n/a,n/a,n/a,n/a,n/a,n/a,n/a,n/a,n/a,n/a,n/a,n/a,n/a,n/a,n/a,n/a,n/a,n/a
PM9_full_N500,S2,317149051,500,False,snowdrift,4.0,3.0,0.0,2.0,True,0.0,0.5,100,0,30,2.0,100000,0.0,0.0,1.0,0.0,0.0,0.0,0.0,1.0,0.0,0.1609380110651828,0.0,0.1609380110651828,232.308,232.308,10.223148365772548,0.0,True,True,0.0,3786,baseline,2498,4655,3.7269815852682147,37.43657979976443,0.0014925837345887924,0.08077171329913706,0.011936993938619469,0.9202512189375844,0.9202512189375844,5.458917835671342,0,classic,1.0,0.3,0.3,False,n/a,n/a,n/a,n/a,n/a,n/a,n/a,n/a,n/a,n/a,n/a,n/a,n/a,n/a,n/a,n/a,n/a,n/a,n/a
PM9_full_N500,S2,317149051,500,False,snowdrift,4.0,3.0,0.0,2.0,True,0.0,0.5,100,0,30,0.1,100000,0.0,0.0,1.0,0.0,0.0,0.0,0.0,1.0,0.0,0.4418809737109061,0.0,0.4418809737109061,20.78,20.78,91.5709170554465,0.0,True,True,0.01081196644788117,2659,connected,2498,4675,3.7429943955164133,34.63378075513676,0.001498996554071451,0.13859184055361362,0.011792021825874915,0.984126846342315,0.984126846342315,1.3212669683257918,0,classic,1.0,0.3,0.3,False,n/a,n/a,n/a,n/a,n/a,n/a,n/a,n/a,n/a,n/a,n/a,n/a,n/a,n/a,n/a,n/a,n/a,n/a,n/a
PM9_full_N500,S2,317149051,500,False,snowdrift,4.0,3.0,0.0,2.0,True,0.0,0.5,100,0,30,2.0,100000,0.0,0.0,1.0,0.0,0.0,0.0,0.0,1.0,0.0,0.23544598381095957,0.0,0.23544598381095957,196.02,196.02,13.478028083721263,0.0,True,True,0.00011255085020340082,5228,fragmented,2498,3724,2.981585268214572,38.36931111765476,0.0011940669876710339,0.09783556970955617,0.01308516366300479,0.9386581930132493,0.9386581930132493,5.275653923541247,931,classic,1.0,0.3,0.3,False,n/a,n/a,n/a,n/a,n/a,n/a,n/a,n/a,n/a,n/a,n/a,n/a,n/a,n/a,n/a,n/a,n/a,n/a,n/a
PM9_full_N500,S2,317149051,500,False,snowdrift,4.0,3.0,0.0,2.0,True,0.0,0.5,100,5,30,0.1,100000,0.0,0.0,1.0,0.0,0.0,0.0,0.0,1.0,0.0,0.4587937532670678,0.0,0.4587937532670678,5.0,20.8,94.92593130718855,1.0,True,True,0.01850037800151054,2911,baseline,2498,4655,3.7269815852682147,37.43657979976443,0.0014925837345887924,0.08077171329913706,0.011936993938619469,0.9753503517089935,0.9795365543164095,1.3456221198156681,0,classic,1.0,0.3,0.3,False,n/a,n/a,n/a,n/a,n/a,n/a,n/a,n/a,n/a,n/a,n/a,n/a,n/a,n/a,n/a,n/a,n/a,n/a,n/a
PM9_full_N500,S2,317149051,500,False,snowdrift,4.0,3.0,0.0,2.0,True,0.0,0.5,100,0,30,2.0,100000,0.0,0.0,1.0,0.0,0.0,0.0,0.0,1.0,0.0,0.17588848835227205,0.0,0.17588848835227205,231.984,231.984,10.231383720316511,0.0,True,True,0.0,3654,connected,2498,4675,3.7429943955164133,34.63378075513676,0.001498996554071451,0.13859184055361362,0.011792021825874915,0.9167081630020156,0.9167081630020156,5.294589178356714,0,classic,1.0,0.3,0.3,False,n/a,n/a,n/a,n/a,n/a,n/a,n/a,n/a,n/a,n/a,n/a,n/a,n/a,n/a,n/a,n/a,n/a,n/a,n/a
PM9_full_N500,S2,317149051,500,False,snowdrift,4.0,3.0,0.0,2.0,True,0.0,0.5,100,5,30,0.1,100000,0.009999999999999998,0.0,0.99,0.0,0.0,0.0,0.0,0.9999068901303538,0.00018989745537409798,0.5397654975356913,0.6364044977982057,0.5407318875383165,5.0,18.144,118.13450111348236,1.0,False,False,0.025963217452871275,2730,fragmented,2498,3724,2.981585268214572,38.36931111765476,0.0011940669876710339,0.09783556970955617,0.01308516366300479,0.9823833353991879,0.9845586513395599,1.2966101694915255,931,classic,1.0,0.3,0.3,False,n/a,n/a,n/a,n/a,n/a,n/a,n/a,n/a,n/a,n/a,n/a,n/a,n/a,n/a,n/a,n/a,n/a,n/a,n/a
PM9_full_N500,S2,317149051,500,False,snowdrift,4.0,3.0,0.0,2.0,True,0.0,0.5,100,5,30,2.0,100000,0.0,0.0,1.0,0.0,0.0,0.0,0.0,1.0,0.0,0.14296604911318397,0.0,0.14296604911318397,5.0,231.976,10.307344201321888,1.0,True,True,0.0,3128,baseline,2498,4655,3.7269815852682147,37.43657979976443,0.0014925837345887924,0.08077171329913706,0.011936993938619469,0.783607506453662,0.9243327230843399,5.544,0,classic,1.0,0.3,0.3,False,n/a,n/a,n/a,n/a,n/a,n/a,n/a,n/a,n/a,n/a,n/a,n/a,n/a,n/a,n/a,n/a,n/a,n/a,n/a
PM9_full_N500,S2,317149051,500,False,snowdrift,4.0,3.0,0.0,2.0,True,0.0,0.5,100,5,30,0.1,100000,0.0,0.0,1.0,0.0,0.0,0.0,0.0,1.0,0.0,0.43475450072565897,0.0,0.43475450072565897,5.0,20.708,93.08282508547735,1.0,True,True,0.009377317509272967,2740,connected,2498,4675,3.7429943955164133,34.63378075513676,0.001498996554071451,0.13859184055361362,0.011792021825874915,0.982116086189701,0.9868017878284437,1.3627450980392157,0,classic,1.0,0.3,0.3,False,n/a,n/a,n/a,n/a,n/a,n/a,n/a,n/a,n/a,n/a,n/a,n/a,n/a,n/a,n/a,n/a,n/a,n/a,n/a
PM9_full_N500,S2,317149051,500,False,snowdrift,4.0,3.0,0.0,2.0,True,0.0,0.5,100,5,30,2.0,100000,0.0,0.0,1.0,0.0,0.0,0.0,0.0,1.0,0.0,0.2619536004196794,0.0,0.2619536004196794,5.0,191.648,13.638787631993964,1.0,True,True,2.860811443245773e-05,5901,fragmented,2498,3724,2.981585268214572,38.36931111765476,0.0011940669876710339,0.09783556970955617,0.01308516366300479,0.8138489419501401,0.9336398123676074,5.275303643724697,931,classic,1.0,0.3,0.3,False,n/a,n/a,n/a,n/a,n/a,n/a,n/a,n/a,n/a,n/a,n/a,n/a,n/a,n/a,n/a,n/a,n/a,n/a,n/a
PM9_full_N500,S2,317149051,500,False,snowdrift,4.0,3.0,0.0,2.0,True,0.0,0.5,100,15,30,0.1,100000,0.0,0.0,0.998,0.0,0.0,0.0020000000000000005,0.0,0.9998332425431624,0.00039377830281551486,0.4566669765393624,0.0,0.4559826502198715,14.75,20.744,94.30980747675873,0.84,False,True,0.01351359965439349,3226,baseline,2498,4655,3.7269815852682147,37.43657979976443,0.0014925837345887924,0.08077171329913706,0.011936993938619469,0.9869391761050745,0.9871252473437774,1.2380952380952381,0,classic,1.0,0.3,0.3,False,n/a,n/a,n/a,n/a,n/a,n/a,n/a,n/a,n/a,n/a,n/a,n/a,n/a,n/a,n/a,n/a,n/a,n/a,n/a
PM9_full_N500,S2,317149051,500,False,snowdrift,4.0,3.0,0.0,2.0,True,0.0,0.5,100,5,30,2.0,100000,0.0,0.0,1.0,0.0,0.0,0.0,0.0,1.0,0.0,0.18147482520467084,0.0,0.18147482520467084,5.0,230.78,10.255941821248951,1.0,True,True,0.0,3583,connected,2498,4675,3.7429943955164133,34.63378075513676,0.001498996554071451,0.13859184055361362,0.011792021825874915,0.7812398210731135,0.9239959254236298,5.531062124248497,0,classic,1.0,0.3,0.3,False,n/a,n/a,n/a,n/a,n/a,n/a,n/a,n/a,n/a,n/a,n/a,n/a,n/a,n/a,n/a,n/a,n/a,n/a,n/a
PM9_full_N500,S2,317149051,500,False,snowdrift,4.0,3.0,0.0,2.0,True,0.0,0.5,100,15,30,0.1,100000,0.004000000000000001,0.0,0.9852000000000001,0.0,0.0,0.010799999999999999,0.0,0.9996855202796183,0.0006035003017501509,0.5029489444457586,1.55199803710373,0.508960140988425,14.31,18.576,118.0301196686281,0.704,False,False,0.02078823995296787,2663,fragmented,2498,3724,2.981585268214572,38.36931111765476,0.0011940669876710339,0.09783556970955617,0.01308516366300479,0.986056425274416,0.9875445205125112,1.2857142857142858,931,classic,1.0,0.3,0.3,False,n/a,n/a,n/a,n/a,n/a,n/a,n/a,n/a,n/a,n/a,n/a,n/a,n/a,n/a,n/a,n/a,n/a,n/a,n/a
PM9_full_N500,S2,317149051,500,False,snowdrift,4.0,3.0,0.0,2.0,True,0.0,0.5,100,15,30,2.0,100000,0.0,0.0,1.0,0.0,0.0,0.0,0.0,1.0,0.0,0.17702235212168374,0.0,0.17702235212168374,15.0,230.292,10.285080906280262,1.0,True,True,0.0,3589,baseline,2498,4655,3.7269815852682147,37.43657979976443,0.0014925837345887924,0.08077171329913706,0.011936993938619469,0.8098957107411056,0.9167754508793345,5.662650602409639,0,classic,1.0,0.3,0.3,False,n/a,n/a,n/a,n/a,n/a,n/a,n/a,n/a,n/a,n/a,n/a,n/a,n/a,n/a,n/a,n/a,n/a,n/a,n/a
PM9_full_N500,S2,317149051,500,False,snowdrift,4.0,3.0,0.0,2.0,True,0.0,0.5,100,15,30,0.1,100000,0.0,0.0,1.0,0.0,0.0,0.0,0.0,1.0,0.0,0.4418809737109061,0.0,0.4418809737109061,14.776,20.78,91.5709170554465,0.872,True,True,0.01081196644788117,2659,connected,2498,4675,3.7429943955164133,34.63378075513676,0.001498996554071451,0.13859184055361362,0.011792021825874915,0.9839041892515525,0.984126846342315,1.3212669683257918,0,classic,1.0,0.3,0.3,False,n/a,n/a,n/a,n/a,n/a,n/a,n/a,n/a,n/a,n/a,n/a,n/a,n/a,n/a,n/a,n/a,n/a,n/a,n/a
PM9_full_N500,S2,317149051,500,False,snowdrift,4.0,3.0,0.0,2.0,True,0.0,0.5,100,15,30,2.0,100000,0.0,0.0,1.0,0.0,0.0,0.0,0.0,1.0,0.0,0.2318659321266772,0.0,0.2318659321266772,15.0,190.532,13.533614444154177,1.0,True,True,0.0,4800,fragmented,2498,3724,2.981585268214572,38.36931111765476,0.0011940669876710339,0.09783556970955617,0.01308516366300479,0.8647120289085644,0.9369551836746468,5.014084507042254,931,classic,1.0,0.3,0.3,False,n/a,n/a,n/a,n/a,n/a,n/a,n/a,n/a,n/a,n/a,n/a,n/a,n/a,n/a,n/a,n/a,n/a,n/a,n/a
PM9_full_N500,S2,317149051,500,False,snowdrift,4.0,3.0,0.0,2.0,True,0.01,0.5,100,0,30,0.1,100000,0.1432,0.0742,0.429,0.09279999999999998,0.08619999999999997,0.08099999999999999,0.09359999999999999,0.6819034527722578,0.04337242752821421,1.1006123245387935,1.1347260350920183,1.1591245231522775,20.604,20.604,92.54644407155624,0.0,False,True,-0.01971349645398124,14051,baseline,2498,4655,3.7269815852682147,37.43657979976443,0.0014925837345887924,0.08077171329913706,0.011936993938619469,0.9745678040243799,0.9745678040243799,1.276190476190476,0,classic,1.0,0.3,0.3,False,n/a,n/a,n/a,n/a,n/a,n/a,n/a,n/a,n/a,n/a,n/a,n/a,n/a,n/a,n/a,n/a,n/a,n/a,n/a
PM9_full_N500,S2,317149051,500,False,snowdrift,4.0,3.0,0.0,2.0,True,0.0,0.5,100,15,30,2.0,100000,0.0,0.0,1.0,0.0,0.0,0.0,0.0,1.0,0.0,0.19827541934471166,0.0,0.19827541934471166,15.0,231.704,10.24751537924307,1.0,True,True,0.0,3848,connected,2498,4675,3.7429943955164133,34.63378075513676,0.001498996554071451,0.13859184055361362,0.011792021825874915,0.8180751554569023,0.920914687885476,5.646586345381526,0,classic,1.0,0.3,0.3,False,n/a,n/a,n/a,n/a,n/a,n/a,n/a,n/a,n/a,n/a,n/a,n/a,n/a,n/a,n/a,n/a,n/a,n/a,n/a
PM9_full_N500,S2,317149051,500,False,snowdrift,4.0,3.0,0.0,2.0,True,0.01,0.5,100,0,30,0.1,100000,0.1024,0.07139999999999999,0.392,0.11600000000000002,0.12079999999999998,0.1202,0.07719999999999999,0.49201602325615135,0.041527913809990206,1.2968590216467404,1.427698115026453,1.3451930615378611,17.788,17.788,120.32109552538569,0.0,False,True,-0.011824732098927296,13766,fragmented,2498,3724,2.981585268214572,38.36931111765476,0.0011940669876710339,0.09783556970955617,0.01308516366300479,0.9881855943372894,0.9881855943372894,1.3245614035087718,931,classic,1.0,0.3,0.3,False,n/a,n/a,n/a,n/a,n/a,n/a,n/a,n/a,n/a,n/a,n/a,n/a,n/a,n/a,n/a,n/a,n/a,n/a,n/a
PM9_full_N500,S2,317149051,500,False,snowdrift,4.0,3.0,0.0,2.0,True,0.01,0.5,100,0,30,2.0,100000,0.08859999999999998,0.039799999999999995,0.6002,0.11440000000000002,0.06260000000000002,0.039599999999999996,0.0548,0.8382444631684146,0.14648703956343792,0.9365434357122489,0.9718678578675777,0.9420800162702051,232.928,232.928,10.176629213175548,0.0,False,False,0.02072339169356824,28267,baseline,2498,4655,3.7269815852682147,37.43657979976443,0.0014925837345887924,0.08077171329913706,0.011936993938619469,0.9257761019070985,0.9257761019070985,5.655310621242485,0,classic,1.0,0.3,0.3,False,n/a,n/a,n/a,n/a,n/a,n/a,n/a,n/a,n/a,n/a,n/a,n/a,n/a,n/a,n/a,n/a,n/a,n/a,n/a
PM9_full_N500,S2,317149051,500,False,snowdrift,4.0,3.0,0.0,2.0,True,0.01,0.5,100,0,30,0.1,100000,0.11320000000000001,0.0524,0.4136,0.08959999999999999,0.11800000000000002,0.11679999999999997,0.09639999999999999,0.6428902790380662,0.0404850381380794,1.2474549002378539,1.3536838748687898,1.3556070606603228,21.428,21.428,91.30335775495489,0.0,False,True,-0.008942579770316334,14398,connected,2498,4675,3.7429943955164133,34.63378075513676,0.001498996554071451,0.13859184055361362,0.011792021825874915,0.9861129267075035,0.9861129267075035,1.3990610328638498,0,classic,1.0,0.3,0.3,False,n/a,n/a,n/a,n/a,n/a,n/a,n/a,n/a,n/a,n/a,n/a,n/a,n/a,n/a,n/a,n/a,n/a,n/a,n/a
PM9_full_N500,S2,317149051,500,False,snowdrift,4.0,3.0,0.0,2.0,True,0.01,0.5,100,0,30,2.0,100000,0.0846,0.024999999999999998,0.48760000000000014,0.144,0.129,0.09419999999999998,0.03560000000000001,0.7684919436516648,0.15433526011560694,0.948498206489417,1.0109753787710631,0.9671113027309275,193.48,193.48,13.443339391272694,0.0,False,True,0.006475552302200785,29488,fragmented,2498,3724,2.981585268214572,38.36931111765476,0.0011940669876710339,0.09783556970955617,0.01308516366300479,0.9443931850484966,0.9443931850484966,5.349397590361446,931,classic,1.0,0.3,0.3,False,n/a,n/a,n/a,n/a,n/a,n/a,n/a,n/a,n/a,n/a,n/a,n/a,n/a,n/a,n/a,n/a,n/a,n/a,n/a
PM9_full_N500,S2,317149051,500,False,snowdrift,4.0,3.0,0.0,2.0,True,0.01,0.5,100,0,30,2.0,100000,0.07299999999999998,0.011199999999999998,0.6408,0.06720000000000001,0.0802,0.08879999999999998,0.038799999999999994,0.8529064007092682,0.1174877264262739,0.9438451016016955,0.9610331904018481,0.9481069357963665,231.612,231.612,10.229377308335783,0.0,False,True,0.005602054408213971,28374,connected,2498,4675,3.7429943955164133,34.63378075513676,0.001498996554071451,0.13859184055361362,0.011792021825874915,0.917804414829203,0.917804414829203,5.703406813627255,0,classic,1.0,0.3,0.3,False,n/a,n/a,n/a,n/a,n/a,n/a,n/a,n/a,n/a,n/a,n/a,n/a,n/a,n/a,n/a,n/a,n/a,n/a,n/a
PM9_full_N500,S2,317149051,500,False,snowdrift,4.0,3.0,0.0,2.0,True,0.01,0.5,100,5,30,0.1,100000,0.13240000000000002,0.06460000000000002,0.4344,0.1002,0.11460000000000001,0.10300000000000001,0.0508,0.6259043009333358,0.017000215192597375,1.2755234168747749,1.2572824328874208,1.3412840258336929,4.998,21.264,93.53598659933236,0.998,False,True,-0.0034365257460976747,14229,baseline,2498,4655,3.7269815852682147,37.43657979976443,0.0014925837345887924,0.08077171329913706,0.011936993938619469,0.9741118855460487,0.9779345326753558,1.3448275862068966,0,classic,1.0,0.3,0.3,False,n/a,n/a,n/a,n/a,n/a,n/a,n/a,n/a,n/a,n/a,n/a,n/a,n/a,n/a,n/a,n/a,n/a,n/a,n/a
PM9_full_N500,S2,317149051,500,False,snowdrift,4.0,3.0,0.0,2.0,True,0.01,0.5,100,5,30,0.1,100000,0.1222,0.0736,0.3934,0.12600000000000003,0.1038,0.09259999999999999,0.08839999999999998,0.4874835132367278,0.03393127296304301,1.3119922989425106,1.3042836785679952,1.3986821550933817,4.994,17.9,119.75967278733836,0.994,False,True,0.003510772443093252,13627,fragmented,2498,3724,2.981585268214572,38.36931111765476,0.0011940669876710339,0.09783556970955617,0.01308516366300479,0.9857329298609326,0.987243971998829,1.3047619047619048,931,classic,1.0,0.3,0.3,False,n/a,n/a,n/a,n/a,n/a,n/a,n/a,n/a,n/a,n/a,n/a,n/a,n/a,n/a,n/a,n/a,n/a,n/a,n/a
PM9_full_N500,S2,317149051,500,False,snowdrift,4.0,3.0,0.0,2.0,True,0.01,0.5,100,5,30,2.0,100000,0.05960000000000001,0.0252,0.7226000000000001,0.03899999999999999,0.1002,0.031200000000000006,0.022199999999999994,0.8488024297627426,0.1550755180892167,0.8516935601684313,0.8931670647935318,0.8575919278881986,5.0,233.18,10.15141316544645,1.0,False,True,-0.004767782271127253,24193,baseline,2498,4655,3.7269815852682147,37.43657979976443,0.0014925837345887924,0.08077171329913706,0.011936993938619469,0.7673931202167855,0.9181983982693289,5.55241935483871,0,classic,1.0,0.3,0.3,False,n/a,n/a,n/a,n/a,n/a,n/a,n/a,n/a,n/a,n/a,n/a,n/a,n/a,n/a,n/a,n/a,n/a,n/a,n/a
PM9_full_N500,S2,317149051,500,False,snowdrift,4.0,3.0,0.0,2.0,True,0.01,0.5,100,5,30,0.1,100000,0.14479999999999998,0.05740000000000001,0.4492,0.12760000000000002,0.06460000000000002,0.08499999999999999,0.07140000000000002,0.583787805743761,0.020549338758901324,1.175552635293179,1.2529022240989358,1.2534850897113468,5.0,21.012,93.17235932873034,1.0,False,True,0.003970095880386817,14128,connected,2498,4675,3.7429943955164133,34.63378075513676,0.001498996554071451,0.13859184055361362,0.011792021825874915,0.98565503376879,0.9907226783141402,1.2935779816513762,0,classic,1.0,0.3,0.3,False,n/a,n/a,n/a,n/a,n/a,n/a,n/a,n/a,n/a,n/a,n/a,n/a,n/a,n/a,n/a,n/a,n/a,n/a,n/a
PM9_full_N500,S2,317149051,500,False,snowdrift,4.0,3.0,0.0,2.0,True,0.01,0.5,100,5,30,2.0,100000,0.07459999999999999,0.037,0.6226,0.07560000000000001,0.08139999999999999,0.06520000000000001,0.04359999999999999,0.7903512967113144,0.14506369426751592,1.0129883104085837,1.0483299727111584,1.0146068964862855,5.0,192.172,13.358151923129647,1.0,False,True,-0.0022049752198990487,27507,fragmented,2498,3724,2.981585268214572,38.36931111765476,0.0011940669876710339,0.09783556970955617,0.01308516366300479,0.8111593959762073,0.9329256332060819,5.040650406504065,931,classic,1.0,0.3,0.3,False,n/a,n/a,n/a,n/a,n/a,n/a,n/a,n/a,n/a,n/a,n/a,n/a,n/a,n/a,n/a,n/a,n/a,n/a,n/a
PM9_full_N500,S2,317149051,500,False,snowdrift,4.0,3.0,0.0,2.0,True,0.01,0.5,100,15,30,0.1,100000,0.06640000000000001,0.0516,0.5067999999999999,0.08939999999999998,0.1262,0.10300000000000001,0.056600000000000004,0.7921488818068577,0.02690336749633968,1.0679791833484507,1.2367363221725425,1.128614204212109,14.806,20.924,91.48359890348554,0.888,False,True,-0.005964974259894842,14042,baseline,2498,4655,3.7269815852682147,37.43657979976443,0.0014925837345887924,0.08077171329913706,0.011936993938619469,0.9813571981510093,0.9859734292219818,1.3583333333333334,0,classic,1.0,0.3,0.3,False,n/a,n/a,n/a,n/a,n/a,n/a,n/a,n/a,n/a,n/a,n/a,n/a,n/a,n/a,n/a,n/a,n/a,n/a,n/a
PM9_full_N500,S2,317149051,500,False,snowdrift,4.0,3.0,0.0,2.0,True,0.01,0.5,100,5,30,2.0,100000,0.05700000000000001,0.036199999999999996,0.748,0.06120000000000001,0.04019999999999999,0.020399999999999995,0.037,0.8447445521450094,0.14967105263157895,0.7822467509460919,0.8078100903559453,0.7871877652085099,5.0,232.824,10.202235792229905,1.0,False,True,0.0005507542030113189,22769,connected,2498,4675,3.7429943955164133,34.63378075513676,0.001498996554071451,0.13859184055361362,0.011792021825874915,0.7768464586294751,0.9238972254501184,5.675350701402806,0,classic,1.0,0.3,0.3,False,n/a,n/a,n/a,n/a,n/a,n/a,n/a,n/a,n/a,n/a,n/a,n/a,n/a,n/a,n/a,n/a,n/a,n/a,n/a
PM9_full_N500,S2,317149051,500,False,snowdrift,4.0,3.0,0.0,2.0,True,0.01,0.5,100,15,30,0.1,100000,0.1254,0.06780000000000001,0.36439999999999995,0.1626,0.05740000000000001,0.1282,0.09419999999999998,0.5168726185563784,0.025889328063241106,1.3162149338231686,1.3597989606993923,1.3875151094211111,13.94,17.932,120.54766192378166,0.63,False,False,-0.026587757551035696,14019,fragmented,2498,3724,2.981585268214572,38.36931111765476,0.0011940669876710339,0.09783556970955617,0.01308516366300479,0.9840315979503294,0.9848117397943008,1.3617021276595744,931,classic,1.0,0.3,0.3,False,n/a,n/a,n/a,n/a,n/a,n/a,n/a,n/a,n/a,n/a,n/a,n/a,n/a,n/a,n/a,n/a,n/a,n/a,n/a
PM9_full_N500,S2,317149051,500,False,snowdrift,4.0,3.0,0.0,2.0,True,0.01,0.5,100,15,30,2.0,100000,0.03200000000000001,0.024799999999999996,0.7183999999999999,0.07719999999999999,0.04619999999999999,0.056400000000000006,0.045,0.8312317842223976,0.15367406642574427,0.8787128400310841,0.9001051085731543,0.8818379885961273,15.0,226.844,10.489034407888855,1.0,False,True,0.008079113916453835,25428,baseline,2498,4655,3.7269815852682147,37.43657979976443,0.0014925837345887924,0.08077171329913706,0.011936993938619469,0.8174989652615271,0.9221572128551107,5.442885771543086,0,classic,1.0,0.3,0.3,False,n/a,n/a,n/a,n/a,n/a,n/a,n/a,n/a,n/a,n/a,n/a,n/a,n/a,n/a,n/a,n/a,n/a,n/a,n/a
PM9_full_N500,S2,317149051,500,False,snowdrift,4.0,3.0,0.0,2.0,True,0.01,0.5,100,15,30,0.1,100000,0.12940000000000002,0.047799999999999995,0.3982,0.1392,0.09479999999999998,0.10640000000000001,0.08419999999999998,0.5539969397579458,0.0398361028909629,1.2140545755446606,1.332141450668631,1.3074912501217952,14.792,20.824,92.61440474334921,0.872,False,True,0.007766555866224015,14142,connected,2498,4675,3.7429943955164133,34.63378075513676,0.001498996554071451,0.13859184055361362,0.011792021825874915,0.9632202753158462,0.965374615179489,1.3364485981308412,0,classic,1.0,0.3,0.3,False,n/a,n/a,n/a,n/a,n/a,n/a,n/a,n/a,n/a,n/a,n/a,n/a,n/a,n/a,n/a,n/a,n/a,n/a,n/a
PM9_full_N500,S2,317149051,500,False,snowdrift,4.0,3.0,0.0,2.0,True,0.01,0.5,100,15,30,2.0,100000,0.086,0.05800000000000001,0.582,0.09599999999999999,0.08459999999999998,0.04379999999999999,0.04959999999999999,0.7590640772952572,0.14881516587677726,1.0156929112775297,1.1284522933694425,1.0369118863651114,15.0,194.056,13.406631008954717,1.0,False,True,-0.011782021528086844,28716,fragmented,2498,3724,2.981585268214572,38.36931111765476,0.0011940669876710339,0.09783556970955617,0.01308516366300479,0.8571642577789758,0.937140804696262,5.203219315895372,931,classic,1.0,0.3,0.3,False,n/a,n/a,n/a,n/a,n/a,n/a,n/a,n/a,n/a,n/a,n/a,n/a,n/a,n/a,n/a,n/a,n/a,n/a,n/a
PM9_full_N500,S2,433399445,500,False,PD_classic,9.0,5.0,1.0,0.0,True,0.0,0.5,100,0,30,0.1,100000,0.0,0.0,1.0,0.0,0.0,0.0,0.0,1.0,0.0,1.2984972940356967,0.0,1.2984972940356967,21.032,21.032,93.04090408471508,0.0,True,True,0.0,1267,baseline,2498,4655,3.7269815852682147,37.43657979976443,0.0014925837345887924,0.08077171329913706,0.011936993938619469,0.9844562589990012,0.9844562589990012,1.390134529147982,0,classic,1.0,0.3,0.3,False,n/a,n/a,n/a,n/a,n/a,n/a,n/a,n/a,n/a,n/a,n/a,n/a,n/a,n/a,n/a,n/a,n/a,n/a,n/a
PM9_full_N500,S2,317149051,500,False,snowdrift,4.0,3.0,0.0,2.0,True,0.01,0.5,100,15,30,2.0,100000,0.033,0.023799999999999995,0.7042,0.0742,0.0688,0.05820000000000001,0.0378,0.8239939075527744,0.1197281282676891,0.8142027773513328,0.8564750349293392,0.8208337615115769,15.0,231.072,10.276093466106293,1.0,False,False,0.03304744098976469,24485,connected,2498,4675,3.7429943955164133,34.63378075513676,0.001498996554071451,0.13859184055361362,0.011792021825874915,0.8177582972758073,0.9226950637300289,5.390781563126253,0,classic,1.0,0.3,0.3,False,n/a,n/a,n/a,n/a,n/a,n/a,n/a,n/a,n/a,n/a,n/a,n/a,n/a,n/a,n/a,n/a,n/a,n/a,n/a
PM9_full_N500,S2,433399445,500,False,PD_classic,9.0,5.0,1.0,0.0,True,0.0,0.5,100,0,30,0.1,100000,0.0,0.0,1.0,0.0,0.0,0.0,0.0,1.0,0.0,1.322295148971076,0.0,1.322295148971076,18.716,18.716,116.26349141790595,0.0,True,True,0.0003357613430461046,1221,fragmented,2498,3724,2.981585268214572,39.27187213715482,0.0011940669876710339,0.08280516737807833,0.013033405581144212,0.9874332142304709,0.9874332142304709,1.347457627118644,931,classic,1.0,0.3,0.3,False,n/a,n/a,n/a,n/a,n/a,n/a,n/a,n/a,n/a,n/a,n/a,n/a,n/a,n/a,n/a,n/a,n/a,n/a,n/a
PM9_full_N500,S2,433399445,500,False,PD_classic,9.0,5.0,1.0,0.0,True,0.0,0.5,100,0,30,2.0,100000,0.0,0.0,1.0,0.0,0.0,0.0,0.0,1.0,0.0,1.059552494367557,0.0,1.059552494367557,229.896,229.896,10.452750220743315,0.0,True,True,0.0,884,baseline,2498,4655,3.7269815852682147,37.43657979976443,0.0014925837345887924,0.08077171329913706,0.011936993938619469,0.9238892827257448,0.9238892827257448,5.302605210420841,0,classic,1.0,0.3,0.3,False,n/a,n/a,n/a,n/a,n/a,n/a,n/a,n/a,n/a,n/a,n/a,n/a,n/a,n/a,n/a,n/a,n/a,n/a,n/a
PM9_full_N500,S2,433399445,500,False,PD_classic,9.0,5.0,1.0,0.0,True,0.0,0.5,100,0,30,0.1,100000,0.0,0.0,1.0,0.0,0.0,0.0,0.0,1.0,0.0,1.2943917106173954,0.0,1.2943917106173954,21.908,21.908,90.60350288714181,0.0,True,True,8.773475093900375e-05,1262,connected,2498,4675,3.7429943955164133,34.545155248004185,0.001498996554071451,0.10824194854546515,0.011816442438528205,0.9755223956850674,0.9755223956850674,1.3708920187793427,0,classic,1.0,0.3,0.3,False,n/a,n/a,n/a,n/a,n/a,n/a,n/a,n/a,n/a,n/a,n/a,n/a,n/a,n/a,n/a,n/a,n/a,n/a,n/a
PM9_full_N500,S2,433399445,500,False,PD_classic,9.0,5.0,1.0,0.0,True,0.0,0.5,100,0,30,2.0,100000,0.0,0.0,1.0,0.0,0.0,0.0,0.0,1.0,0.0,1.0582429333564451,0.0,1.0582429333564451,194.12,194.12,13.41251155649283,0.0,True,True,0.0,1008,fragmented,2498,3724,2.981585268214572,39.27187213715482,0.0011940669876710339,0.08280516737807833,0.013033405581144212,0.9359477973303026,0.9359477973303026,4.943775100401607,931,classic,1.0,0.3,0.3,False,n/a,n/a,n/a,n/a,n/a,n/a,n/a,n/a,n/a,n/a,n/a,n/a,n/a,n/a,n/a,n/a,n/a,n/a,n/a
PM9_full_N500,S2,433399445,500,False,PD_classic,9.0,5.0,1.0,0.0,True,0.0,0.5,100,5,30,0.1,100000,0.0,0.0,1.0,0.0,0.0,0.0,0.0,1.0,0.0,1.2984972940356967,0.0,1.2984972940356967,5.0,21.032,93.04090408471508,1.0,True,True,0.0,1267,baseline,2498,4655,3.7269815852682147,37.43657979976443,0.0014925837345887924,0.08077171329913706,0.011936993938619469,0.9811206914021596,0.9844562589990012,1.390134529147982,0,classic,1.0,0.3,0.3,False,n/a,n/a,n/a,n/a,n/a,n/a,n/a,n/a,n/a,n/a,n/a,n/a,n/a,n/a,n/a,n/a,n/a,n/a,n/a
PM9_full_N500,S2,433399445,500,False,PD_classic,9.0,5.0,1.0,0.0,True,0.0,0.5,100,0,30,2.0,100000,0.0,0.0,1.0,0.0,0.0,0.0,0.0,1.0,0.0,1.0661129626108632,0.0,1.0661129626108632,231.876,231.876,10.165151046920009,0.0,True,True,0.0,1040,connected,2498,4675,3.7429943955164133,34.545155248004185,0.001498996554071451,0.10824194854546515,0.011816442438528205,0.9244765976002787,0.9244765976002787,6.0,0,classic,1.0,0.3,0.3,False,n/a,n/a,n/a,n/a,n/a,n/a,n/a,n/a,n/a,n/a,n/a,n/a,n/a,n/a,n/a,n/a,n/a,n/a,n/a
PM9_full_N500,S2,433399445,500,False,PD_classic,9.0,5.0,1.0,0.0,True,0.0,0.5,100,5,30,0.1,100000,0.0,0.0,1.0,0.0,0.0,0.0,0.0,1.0,0.0,1.3235297379519575,0.0,1.3235297379519575,5.0,18.716,116.26349141790595,0.996,True,True,0.0003357613430461046,1217,fragmented,2498,3724,2.981585268214572,39.27187213715482,0.0011940669876710339,0.08280516737807833,0.013033405581144212,0.9806983463931614,0.9874332142304709,1.347457627118644,931,classic,1.0,0.3,0.3,False,n/a,n/a,n/a,n/a,n/a,n/a,n/a,n/a,n/a,n/a,n/a,n/a,n/a,n/a,n/a,n/a,n/a,n/a,n/a
PM9_full_N500,S2,433399445,500,False,PD_classic,9.0,5.0,1.0,0.0,True,0.0,0.5,100,5,30,2.0,100000,0.0,0.0,1.0,0.0,0.0,0.0,0.0,1.0,0.0,1.062415220191806,0.0,1.062415220191806,5.0,232.764,10.237305067452462,1.0,True,True,0.0,895,baseline,2498,4655,3.7269815852682147,37.43657979976443,0.0014925837345887924,0.08077171329913706,0.011936993938619469,0.7769820873468131,0.9256076066306044,5.727454909819639,0,classic,1.0,0.3,0.3,False,n/a,n/a,n/a,n/a,n/a,n/a,n/a,n/a,n/a,n/a,n/a,n/a,n/a,n/a,n/a,n/a,n/a,n/a,n/a
PM9_full_N500,S2,433399445,500,False,PD_classic,9.0,5.0,1.0,0.0,True,0.0,0.5,100,5,30,0.1,100000,0.0,0.0,1.0,0.0,0.0,0.0,0.0,1.0,0.0,1.2943917106173954,0.0,1.2943917106173954,5.0,21.908,90.60350288714181,1.0,True,True,8.773475093900375e-05,1262,connected,2498,4675,3.7429943955164133,34.545155248004185,0.001498996554071451,0.10824194854546515,0.011816442438528205,0.9716339547080305,0.9755223956850674,1.3708920187793427,0,classic,1.0,0.3,0.3,False,n/a,n/a,n/a,n/a,n/a,n/a,n/a,n/a,n/a,n/a,n/a,n/a,n/a,n/a,n/a,n/a,n/a,n/a,n/a
PM9_full_N500,S2,433399445,500,False,PD_classic,9.0,5.0,1.0,0.0,True,0.0,0.5,100,5,30,2.0,100000,0.0,0.0,1.0,0.0,0.0,0.0,0.0,1.0,0.0,1.0579742507213965,0.0,1.0579742507213965,5.0,198.352,13.00370112641865,1.0,True,True,0.0,932,fragmented,2498,3724,2.981585268214572,39.27187213715482,0.0011940669876710339,0.08280516737807833,0.013033405581144212,0.8209662019938232,0.9372661133816163,5.0263691683569975,931,classic,1.0,0.3,0.3,False,n/a,n/a,n/a,n/a,n/a,n/a,n/a,n/a,n/a,n/a,n/a,n/a,n/a,n/a,n/a,n/a,n/a,n/a,n/a
PM9_full_N500,S2,433399445,500,False,PD_classic,9.0,5.0,1.0,0.0,True,0.0,0.5,100,15,30,0.1,100000,0.0,0.0,1.0,0.0,0.0,0.0,0.0,1.0,0.0,1.2984972940356967,0.0,1.2984972940356967,14.812,21.032,93.04090408471508,0.874,True,True,0.0,1267,baseline,2498,4655,3.7269815852682147,37.43657979976443,0.0014925837345887924,0.08077171329913706,0.011936993938619469,0.983832586175811,0.9844562589990012,1.390134529147982,0,classic,1.0,0.3,0.3,False,n/a,n/a,n/a,n/a,n/a,n/a,n/a,n/a,n/a,n/a,n/a,n/a,n/a,n/a,n/a,n/a,n/a,n/a,n/a
PM9_full_N500,S2,433399445,500,False,PD_classic,9.0,5.0,1.0,0.0,True,0.0,0.5,100,5,30,2.0,100000,0.0,0.0,1.0,0.0,0.0,0.0,0.0,1.0,0.0,1.057247065506088,0.0,1.057247065506088,5.0,232.116,10.307455870844702,1.0,True,True,0.0,866,connected,2498,4675,3.7429943955164133,34.545155248004185,0.001498996554071451,0.10824194854546515,0.011816442438528205,0.779269195468872,0.9248706561264423,5.758551307847083,0,classic,1.0,0.3,0.3,False,n/a,n/a,n/a,n/a,n/a,n/a,n/a,n/a,n/a,n/a,n/a,n/a,n/a,n/a,n/a,n/a,n/a,n/a,n/a
PM9_full_N500,S2,433399445,500,False,PD_classic,9.0,5.0,1.0,0.0,True,0.0,0.5,100,15,30,0.1,100000,0.0,0.0,1.0,0.0,0.0,0.0,0.0,1.0,0.0,1.322295148971076,0.0,1.322295148971076,14.264,18.716,116.26349141790595,0.72,True,True,0.0003357613430461046,1221,fragmented,2498,3724,2.981585268214572,39.27187213715482,0.0011940669876710339,0.08280516737807833,0.013033405581144212,0.9871250330276751,0.9874332142304709,1.347457627118644,931,classic,1.0,0.3,0.3,False,n/a,n/a,n/a,n/a,n/a,n/a,n/a,n/a,n/a,n/a,n/a,n/a,n/a,n/a,n/a,n/a,n/a,n/a,n/a
PM9_full_N500,S2,433399445,500,False,PD_classic,9.0,5.0,1.0,0.0,True,0.0,0.5,100,15,30,2.0,100000,0.0,0.0,1.0,0.0,0.0,0.0,0.0,1.0,0.0,1.0599423523872424,0.0,1.0599423523872424,15.0,232.944,10.217601887353206,1.0,True,True,0.0,901,baseline,2498,4655,3.7269815852682147,37.43657979976443,0.0014925837345887924,0.08077171329913706,0.011936993938619469,0.8212364652061821,0.9186373111885312,5.789046653144016,0,classic,1.0,0.3,0.3,False,n/a,n/a,n/a,n/a,n/a,n/a,n/a,n/a,n/a,n/a,n/a,n/a,n/a,n/a,n/a,n/a,n/a,n/a,n/a
PM9_full_N500,S2,433399445,500,False,PD_classic,9.0,5.0,1.0,0.0,True,0.0,0.5,100,15,30,0.1,100000,0.0,0.0,1.0,0.0,0.0,0.0,0.0,1.0,0.0,1.2943917106173954,0.0,1.2943917106173954,14.83,21.908,90.60350288714181,0.904,True,True,8.773475093900375e-05,1262,connected,2498,4675,3.7429943955164133,34.545155248004185,0.001498996554071451,0.10824194854546515,0.011816442438528205,0.9748176432916533,0.9755223956850674,1.3708920187793427,0,classic,1.0,0.3,0.3,False,n/a,n/a,n/a,n/a,n/a,n/a,n/a,n/a,n/a,n/a,n/a,n/a,n/a,n/a,n/a,n/a,n/a,n/a,n/a
PM9_full_N500,S2,433399445,500,False,PD_classic,9.0,5.0,1.0,0.0,True,0.0,0.5,100,15,30,2.0,100000,0.0,0.0,1.0,0.0,0.0,0.0,0.0,1.0,0.0,1.0582255195703971,0.0,1.0582255195703971,15.0,199.344,12.966535796728607,1.0,True,True,0.0,996,fragmented,2498,3724,2.981585268214572,39.27187213715482,0.0011940669876710339,0.08280516737807833,0.013033405581144212,0.8622925284502038,0.9425509626821109,5.393574297188755,931,classic,1.0,0.3,0.3,False,n/a,n/a,n/a,n/a,n/a,n/a,n/a,n/a,n/a,n/a,n/a,n/a,n/a,n/a,n/a,n/a,n/a,n/a,n/a
PM9_full_N500,S2,433399445,500,False,PD_classic,9.0,5.0,1.0,0.0,True,0.01,0.5,100,0,30,0.1,100000,0.0548,0.053200000000000004,0.5943999999999999,0.06780000000000001,0.11420000000000001,0.06620000000000001,0.04939999999999999,0.8313129978385192,0.03268305041803902,1.7657660809626514,1.753957122302743,1.7936158155480455,20.724,20.724,92.69562727696058,0.0,False,True,-0.012731225324900569,10955,baseline,2498,4655,3.7269815852682147,37.43657979976443,0.0014925837345887924,0.08077171329913706,0.011936993938619469,0.9857470570864213,0.9857470570864213,1.2212389380530972,0,classic,1.0,0.3,0.3,False,n/a,n/a,n/a,n/a,n/a,n/a,n/a,n/a,n/a,n/a,n/a,n/a,n/a,n/a,n/a,n/a,n/a,n/a,n/a
PM9_full_N500,S2,433399445,500,False,PD_classic,9.0,5.0,1.0,0.0,True,0.0,0.5,100,15,30,2.0,100000,0.0,0.0,1.0,0.0,0.0,0.0,0.0,1.0,0.0,1.0633712091998802,0.0,1.0633712091998802,15.0,231.164,10.2863665596605,1.0,True,True,0.0,1020,connected,2498,4675,3.7429943955164133,34.545155248004185,0.001498996554071451,0.10824194854546515,0.011816442438528205,0.8191225239930425,0.918308957387111,5.815261044176707,0,classic,1.0,0.3,0.3,False,n/a,n/a,n/a,n/a,n/a,n/a,n/a,n/a,n/a,n/a,n/a,n/a,n/a,n/a,n/a,n/a,n/a,n/a,n/a
PM9_full_N500,S2,433399445,500,False,PD_classic,9.0,5.0,1.0,0.0,True,0.01,0.5,100,0,30,0.1,100000,0.07659999999999999,0.04079999999999999,0.579,0.08319999999999998,0.0692,0.08219999999999998,0.06899999999999999,0.7758082747087739,0.04135633085064681,1.8998974527546126,1.9240220742355805,1.9291551456527607,18.176,18.176,118.59462186979201,0.0,False,True,-0.015050978603918077,11365,fragmented,2498,3724,2.981585268214572,39.27187213715482,0.0011940669876710339,0.08280516737807833,0.013033405581144212,0.9886266069722883,0.9886266069722883,1.3302752293577982,931,classic,1.0,0.3,0.3,False,n/a,n/a,n/a,n/a,n/a,n/a,n/a,n/a,n/a,n/a,n/a,n/a,n/a,n/a,n/a,n/a,n/a,n/a,n/a
PM9_full_N500,S2,433399445,500,False,PD_classic,9.0,5.0,1.0,0.0,True,0.01,0.5,100,0,30,2.0,100000,0.018999999999999996,0.005200000000000001,0.8780000000000001,0.024199999999999996,0.04479999999999999,0.015200000000000002,0.013600000000000001,0.9723862788508061,0.043778413874389625,1.2438811612492449,1.2518004061021841,1.2444332285400834,230.532,230.532,10.257871291496935,0.0,False,True,-0.005441820167278838,12643,baseline,2498,4655,3.7269815852682147,37.43657979976443,0.0014925837345887924,0.08077171329913706,0.011936993938619469,0.9261507440175916,0.9261507440175916,5.548780487804878,0,classic,1.0,0.3,0.3,False,n/a,n/a,n/a,n/a,n/a,n/a,n/a,n/a,n/a,n/a,n/a,n/a,n/a,n/a,n/a,n/a,n/a,n/a,n/a
PM9_full_N500,S2,433399445,500,False,PD_classic,9.0,5.0,1.0,0.0,True,0.01,0.5,100,0,30,0.1,100000,0.07039999999999999,0.04719999999999999,0.6622000000000001,0.0416,0.08699999999999998,0.04379999999999999,0.047799999999999995,0.9007645454895286,0.02017894536455359,1.7797827156192823,1.7059183804740379,1.8111763701927621,21.088,21.088,93.50134296792473,0.0,False,True,0.0073908583634330885,10665,connected,2498,4675,3.7429943955164133,34.545155248004185,0.001498996554071451,0.10824194854546515,0.011816442438528205,0.9834079436692178,0.9834079436692178,1.4225941422594142,0,classic,1.0,0.3,0.3,False,n/a,n/a,n/a,n/a,n/a,n/a,n/a,n/a,n/a,n/a,n/a,n/a,n/a,n/a,n/a,n/a,n/a,n/a,n/a
PM9_full_N500,S2,433399445,500,False,PD_classic,9.0,5.0,1.0,0.0,True,0.01,0.5,100,0,30,2.0,100000,0.0412,0.0054,0.8252,0.022799999999999997,0.06460000000000002,0.0166,0.0242,0.9563846769655108,0.05119774542038516,1.2456909195751606,1.2672511318599788,1.24660842864345,195.764,195.764,13.125956588893102,0.0,False,True,-0.00607356029423898,13597,fragmented,2498,3724,2.981585268214572,39.27187213715482,0.0011940669876710339,0.08280516737807833,0.013033405581144212,0.9284659895875096,0.9284659895875096,5.194331983805668,931,classic,1.0,0.3,0.3,False,n/a,n/a,n/a,n/a,n/a,n/a,n/a,n/a,n/a,n/a,n/a,n/a,n/a,n/a,n/a,n/a,n/a,n/a,n/a
PM9_full_N500,S2,433399445,500,False,PD_classic,9.0,5.0,1.0,0.0,True,0.01,0.5,100,5,30,0.1,100000,0.05439999999999999,0.0412,0.6724,0.0798,0.06939999999999999,0.036199999999999996,0.04659999999999999,0.8602896144735942,0.02226027397260274,1.711509769978503,1.8778812544922383,1.7540435933430263,5.0,21.124,94.58051393630782,1.0,False,True,-0.002573002292008069,10877,baseline,2498,4655,3.7269815852682147,37.43657979976443,0.0014925837345887924,0.08077171329913706,0.011936993938619469,0.982065106416005,0.9847159302124024,1.4849785407725322,0,classic,1.0,0.3,0.3,False,n/a,n/a,n/a,n/a,n/a,n/a,n/a,n/a,n/a,n/a,n/a,n/a,n/a,n/a,n/a,n/a,n/a,n/a,n/a
PM9_full_N500,S2,433399445,500,False,PD_classic,9.0,5.0,1.0,0.0,True,0.01,0.5,100,0,30,2.0,100000,0.029000000000000005,0.014599999999999998,0.8771999999999999,0.027800000000000002,0.030800000000000004,0.0094,0.0112,0.97071923089596,0.04725767506036564,1.255246133137762,1.250918048030004,1.2539879083190493,233.256,233.256,10.202018768311394,0.0,False,True,-0.0023499453997801343,12924,connected,2498,4675,3.7429943955164133,34.545155248004185,0.001498996554071451,0.10824194854546515,0.011816442438528205,0.9161664982272724,0.9161664982272724,5.55959595959596,0,classic,1.0,0.3,0.3,False,n/a,n/a,n/a,n/a,n/a,n/a,n/a,n/a,n/a,n/a,n/a,n/a,n/a,n/a,n/a,n/a,n/a,n/a,n/a
PM9_full_N500,S2,433399445,500,False,PD_classic,9.0,5.0,1.0,0.0,True,0.01,0.5,100,5,30,0.1,100000,0.09099999999999998,0.045399999999999996,0.6644000000000001,0.0506,0.06040000000000001,0.0534,0.03480000000000001,0.8956700555908966,0.021527910078110116,1.7624035256585353,2.0364717617363493,1.8129722748874342,4.994,18.36,119.22646604411989,0.994,False,True,-0.004629666518662779,10968,fragmented,2498,3724,2.981585268214572,39.27187213715482,0.0011940669876710339,0.08280516737807833,0.013033405581144212,0.9872408391439925,0.9907094957450135,1.3225806451612903,931,classic,1.0,0.3,0.3,False,n/a,n/a,n/a,n/a,n/a,n/a,n/a,n/a,n/a,n/a,n/a,n/a,n/a,n/a,n/a,n/a,n/a,n/a,n/a
PM9_full_N500,S2,433399445,500,False,PD_classic,9.0,5.0,1.0,0.0,True,0.01,0.5,100,5,30,2.0,100000,0.011000000000000001,0.012199999999999999,0.9252,0.013800000000000002,0.015400000000000002,0.013600000000000001,0.0088,0.9662604063318929,0.054223149113660066,1.2386055579847624,1.2288820969680996,1.2388051599027412,5.0,234.88,10.12189035281099,1.0,False,True,-0.00021005844023449336,10395,baseline,2498,4655,3.7269815852682147,37.43657979976443,0.0014925837345887924,0.08077171329913706,0.011936993938619469,0.778855175426981,0.9191588408259884,5.379032258064516,0,classic,1.0,0.3,0.3,False,n/a,n/a,n/a,n/a,n/a,n/a,n/a,n/a,n/a,n/a,n/a,n/a,n/a,n/a,n/a,n/a,n/a,n/a,n/a
PM9_full_N500,S2,433399445,500,False,PD_classic,9.0,5.0,1.0,0.0,True,0.01,0.5,100,5,30,0.1,100000,0.06400000000000002,0.026199999999999994,0.7000000000000001,0.08119999999999998,0.047999999999999994,0.03680000000000001,0.04379999999999999,0.8829503271197744,0.014896119168953352,1.7136568097133555,1.729967006750206,1.7354036825811914,5.0,20.796,95.81673617319193,1.0,False,True,0.00583810015239951,10544,connected,2498,4675,3.7429943955164133,34.545155248004185,0.001498996554071451,0.10824194854546515,0.011816442438528205,0.9622147660676107,0.9726398856749454,1.3670886075949367,0,classic,1.0,0.3,0.3,False,n/a,n/a,n/a,n/a,n/a,n/a,n/a,n/a,n/a,n/a,n/a,n/a,n/a,n/a,n/a,n/a,n/a,n/a,n/a
PM9_full_N500,S2,433399445,500,False,PD_classic,9.0,5.0,1.0,0.0,True,0.01,0.5,100,5,30,2.0,100000,0.010400000000000001,0.007600000000000001,0.9304,0.014000000000000002,0.012199999999999999,0.0194,0.006,0.9732922082809357,0.04173673750191102,1.2469635014370763,1.2631306980267447,1.2464431767543898,5.0,195.66,13.310696801212305,1.0,False,True,-0.0007297853191412766,11281,fragmented,2498,3724,2.981585268214572,39.27187213715482,0.0011940669876710339,0.08280516737807833,0.013033405581144212,0.8158122491197456,0.9306817611498613,5.281124497991968,931,classic,1.0,0.3,0.3,False,n/a,n/a,n/a,n/a,n/a,n/a,n/a,n/a,n/a,n/a,n/a,n/a,n/a,n/a,n/a,n/a,n/a,n/a,n/a
PM9_full_N500,S2,433399445,500,False,PD_classic,9.0,5.0,1.0,0.0,True,0.01,0.5,100,15,30,0.1,100000,0.055200000000000006,0.0402,0.6088,0.07219999999999999,0.1066,0.0786,0.038400000000000004,0.859509384608252,0.02105766929887533,1.7526737307661742,1.8528798866013554,1.7914153689337338,14.734,20.688,92.32656272359876,0.858,False,True,-0.010155775023097896,10825,baseline,2498,4655,3.7269815852682147,37.43657979976443,0.0014925837345887924,0.08077171329913706,0.011936993938619469,0.969358695684592,0.9704363299938917,1.2951541850220265,0,classic,1.0,0.3,0.3,False,n/a,n/a,n/a,n/a,n/a,n/a,n/a,n/a,n/a,n/a,n/a,n/a,n/a,n/a,n/a,n/a,n/a,n/a,n/a
PM9_full_N500,S2,433399445,500,False,PD_classic,9.0,5.0,1.0,0.0,True,0.01,0.5,100,5,30,2.0,100000,0.021799999999999993,0.002,0.9304000000000002,0.014400000000000001,0.0156,0.0118,0.004000000000000001,0.9816307163605356,0.03200402144772118,1.247116919031606,1.2395315998749243,1.2469705937495492,5.0,232.584,10.222786832466626,1.0,False,True,0.0014234552938219077,10428,connected,2498,4675,3.7429943955164133,34.545155248004185,0.001498996554071451,0.10824194854546515,0.011816442438528205,0.7784133533977189,0.91483725629769,5.481927710843373,0,classic,1.0,0.3,0.3,False,n/a,n/a,n/a,n/a,n/a,n/a,n/a,n/a,n/a,n/a,n/a,n/a,n/a,n/a,n/a,n/a,n/a,n/a,n/a
PM9_full_N500,S2,433399445,500,False,PD_classic,9.0,5.0,1.0,0.0,True,0.01,0.5,100,15,30,0.1,100000,0.06200000000000001,0.04559999999999999,0.6636,0.055200000000000006,0.07519999999999999,0.055400000000000005,0.043,0.9287547482792096,0.028895391367959034,1.845693596029541,1.9344775848623759,1.8742180978522787,14.24,18.448,115.70595270938449,0.704,False,True,0.008616639266554503,11086,fragmented,2498,3724,2.981585268214572,39.27187213715482,0.0011940669876710339,0.08280516737807833,0.013033405581144212,0.986824457910416,0.9877911382888611,1.4272727272727272,931,classic,1.0,0.3,0.3,False,n/a,n/a,n/a,n/a,n/a,n/a,n/a,n/a,n/a,n/a,n/a,n/a,n/a,n/a,n/a,n/a,n/a,n/a,n/a
PM9_full_N500,S2,433399445,500,False,PD_classic,9.0,5.0,1.0,0.0,True,0.01,0.5,100,15,30,2.0,100000,0.021399999999999995,0.004200000000000001,0.9192000000000002,0.019200000000000002,0.018999999999999996,0.007999999999999998,0.009,0.9747264536056648,0.04273362154971733,1.242128984534606,1.2510248062449698,1.241784556226535,15.0,230.872,10.321240567499887,1.0,False,True,-0.0005635990543965838,11262,baseline,2498,4655,3.7269815852682147,37.43657979976443,0.0014925837345887924,0.08077171329913706,0.011936993938619469,0.8204026893726625,0.9166751274325943,5.774193548387097,0,classic,1.0,0.3,0.3,False,n/a,n/a,n/a,n/a,n/a,n/a,n/a,n/a,n/a,n/a,n/a,n/a,n/a,n/a,n/a,n/a,n/a,n/a,n/a
PM9_full_N500,S2,433399445,500,False,PD_classic,9.0,5.0,1.0,0.0,True,0.01,0.5,100,15,30,0.1,100000,0.07,0.046799999999999994,0.6474,0.0718,0.06800000000000002,0.06260000000000002,0.0334,0.8883183338248217,0.02018348623853211,1.7302875575493772,1.7997958881696572,1.7945965817354403,14.706,20.964,94.4977019413131,0.846,False,True,0.00243797775191174,10804,connected,2498,4675,3.7429943955164133,34.545155248004185,0.001498996554071451,0.10824194854546515,0.011816442438528205,0.972003116198139,0.974895734505916,1.2660550458715596,0,classic,1.0,0.3,0.3,False,n/a,n/a,n/a,n/a,n/a,n/a,n/a,n/a,n/a,n/a,n/a,n/a,n/a,n/a,n/a,n/a,n/a,n/a,n/a
PM9_full_N500,S2,433399445,500,False,PD_classic,9.0,5.0,1.0,0.0,True,0.01,0.5,100,15,30,2.0,100000,0.015400000000000002,0.013599999999999998,0.915,0.0264,0.0132,0.0098,0.0066,0.9619435352623524,0.05345911949685535,1.2274303449733368,1.2418197209032107,1.228257100879701,15.0,198.764,13.250030658990038,1.0,False,True,0.0005941463765880698,11696,fragmented,2498,3724,2.981585268214572,39.27187213715482,0.0011940669876710339,0.08280516737807833,0.013033405581144212,0.8590735294261178,0.9324477180849061,5.115151515151515,931,classic,1.0,0.3,0.3,False,n/a,n/a,n/a,n/a,n/a,n/a,n/a,n/a,n/a,n/a,n/a,n/a,n/a,n/a,n/a,n/a,n/a,n/a,n/a
PM9_full_N500,S2,433399445,500,False,weak_PD,1.6,1.0,0.0,0.0,True,0.0,0.5,100,0,30,0.1,100000,0.0046,0.0,0.9914,0.0,0.0,0.004000000000000001,0.0,0.9999011857707509,0.0002105706464518846,0.11710176947581141,0.10288881011461656,0.11781459372528255,21.128,21.128,93.14634320921523,0.0,False,True,0.01824290497160597,2552,baseline,2498,4655,3.7269815852682147,37.43657979976443,0.0014925837345887924,0.08077171329913706,0.011936993938619469,0.983600261232746,0.983600261232746,1.323943661971831,0,classic,1.0,0.3,0.3,False,n/a,n/a,n/a,n/a,n/a,n/a,n/a,n/a,n/a,n/a,n/a,n/a,n/a,n/a,n/a,n/a,n/a,n/a,n/a
PM9_full_N500,S2,433399445,500,False,PD_classic,9.0,5.0,1.0,0.0,True,0.01,0.5,100,15,30,2.0,100000,0.0184,0.0092,0.9144,0.0134,0.021599999999999994,0.0126,0.0104,0.9706549952784401,0.04849692742069424,1.2451643438278246,1.2397241704636965,1.2445390321877732,15.0,233.468,10.282188731484718,1.0,False,True,-0.0014562394249606296,11014,connected,2498,4675,3.7429943955164133,34.545155248004185,0.001498996554071451,0.10824194854546515,0.011816442438528205,0.821307197995563,0.9241795606512433,5.667334669338677,0,classic,1.0,0.3,0.3,False,n/a,n/a,n/a,n/a,n/a,n/a,n/a,n/a,n/a,n/a,n/a,n/a,n/a,n/a,n/a,n/a,n/a,n/a,n/a
PM9_full_N500,S2,433399445,500,False,weak_PD,1.6,1.0,0.0,0.0,True,0.0,0.5,100,0,30,0.1,100000,0.0020000000000000005,0.0,0.9927999999999999,0.0032000000000000006,0.0020000000000000005,0.0,0.0,0.9998123404629874,0.0003707823507601038,0.1586370100863111,0.11485889153349207,0.16052753486092255,18.148,18.148,118.1957687917337,0.0,False,False,0.03005568502273277,2734,fragmented,2498,3724,2.981585268214572,39.27187213715482,0.0011940669876710339,0.08280516737807833,0.013033405581144212,0.993246610038592,0.993246610038592,1.3893805309734513,931,classic,1.0,0.3,0.3,False,n/a,n/a,n/a,n/a,n/a,n/a,n/a,n/a,n/a,n/a,n/a,n/a,n/a,n/a,n/a,n/a,n/a,n/a,n/a
PM9_full_N500,S2,433399445,500,False,weak_PD,1.6,1.0,0.0,0.0,True,0.0,0.5,100,0,30,2.0,100000,0.0,0.0,1.0,0.0,0.0,0.0,0.0,1.0,0.0,0.025169559284583868,0.0,0.025169559284583868,233.82,233.82,10.190889207335077,0.0,True,True,0.0,1744,baseline,2498,4655,3.7269815852682147,37.43657979976443,0.0014925837345887924,0.08077171329913706,0.011936993938619469,0.92713421784332,0.92713421784332,5.774647887323944,0,classic,1.0,0.3,0.3,False,n/a,n/a,n/a,n/a,n/a,n/a,n/a,n/a,n/a,n/a,n/a,n/a,n/a,n/a,n/a,n/a,n/a,n/a,n/a
PM9_full_N500,S2,433399445,500,False,weak_PD,1.6,1.0,0.0,0.0,True,0.0,0.5,100,0,30,0.1,100000,0.005999999999999999,0.0,0.994,0.0,0.0,0.0,0.0,1.0,0.0,0.20757608298246003,0.3420076709045996,0.20838267250999293,20.588,20.588,95.63560938451724,0.0,False,False,0.023663355453417415,3480,connected,2498,4675,3.7429943955164133,34.545155248004185,0.001498996554071451,0.10824194854546515,0.011816442438528205,0.9836712842979208,0.9836712842979208,1.3133047210300428,0,classic,1.0,0.3,0.3,False,n/a,n/a,n/a,n/a,n/a,n/a,n/a,n/a,n/a,n/a,n/a,n/a,n/a,n/a,n/a,n/a,n/a,n/a,n/a
PM9_full_N500,S2,433399445,500,False,weak_PD,1.6,1.0,0.0,0.0,True,0.0,0.5,100,0,30,2.0,100000,0.0,0.0,1.0,0.0,0.0,0.0,0.0,1.0,0.0,0.028624660246040868,0.0,0.028624660246040868,194.84,194.84,13.22370990207394,0.0,True,True,0.0,2034,fragmented,2498,3724,2.981585268214572,39.27187213715482,0.0011940669876710339,0.08280516737807833,0.013033405581144212,0.9345633520954644,0.9345633520954644,5.076612903225806,931,classic,1.0,0.3,0.3,False,n/a,n/a,n/a,n/a,n/a,n/a,n/a,n/a,n/a,n/a,n/a,n/a,n/a,n/a,n/a,n/a,n/a,n/a,n/a
PM9_full_N500,S2,433399445,500,False,weak_PD,1.6,1.0,0.0,0.0,True,0.0,0.5,100,5,30,0.1,100000,0.0,0.0,1.0,0.0,0.0,0.0,0.0,1.0,0.0,0.12156952271604413,0.0,0.12156952271604413,5.0,20.356,94.5913158344152,1.0,True,True,0.004244004176018169,2277,baseline,2498,4655,3.7269815852682147,37.43657979976443,0.0014925837345887924,0.08077171329913706,0.011936993938619469,0.973308917974418,0.9815653132973302,1.3476394849785407,0,classic,1.0,0.3,0.3,False,n/a,n/a,n/a,n/a,n/a,n/a,n/a,n/a,n/a,n/a,n/a,n/a,n/a,n/a,n/a,n/a,n/a,n/a,n/a
PM9_full_N500,S2,433399445,500,False,weak_PD,1.6,1.0,0.0,0.0,True,0.0,0.5,100,0,30,2.0,100000,0.0,0.0,1.0,0.0,0.0,0.0,0.0,1.0,0.0,0.029667464297072295,0.0,0.029667464297072295,231.304,231.304,10.24424413293503,0.0,True,True,0.0,2048,connected,2498,4675,3.7429943955164133,34.545155248004185,0.001498996554071451,0.10824194854546515,0.011816442438528205,0.9258291800595357,0.9258291800595357,5.6546184738955825,0,classic,1.0,0.3,0.3,False,n/a,n/a,n/a,n/a,n/a,n/a,n/a,n/a,n/a,n/a,n/a,n/a,n/a,n/a,n/a,n/a,n/a,n/a,n/a
PM9_full_N500,S2,433399445,500,False,weak_PD,1.6,1.0,0.0,0.0,True,0.0,0.5,100,5,30,0.1,100000,0.0,0.0,0.9885999999999999,0.0054,0.005999999999999999,0.0,0.0,0.990658523652448,0.0001945903872348706,0.1529673816839471,0.0,0.15748471647047668,4.988,18.024,125.00203119469079,0.992,False,False,0.020374823899291204,2676,fragmented,2498,3724,2.981585268214572,39.27187213715482,0.0011940669876710339,0.08280516737807833,0.013033405581144212,0.9860745986710289,0.9906613053784042,1.3689320388349515,931,classic,1.0,0.3,0.3,False,n/a,n/a,n/a,n/a,n/a,n/a,n/a,n/a,n/a,n/a,n/a,n/a,n/a,n/a,n/a,n/a,n/a,n/a,n/a
PM9_full_N500,S2,433399445,500,False,weak_PD,1.6,1.0,0.0,0.0,True,0.0,0.5,100,5,30,2.0,100000,0.0,0.0,1.0,0.0,0.0,0.0,0.0,1.0,0.0,0.027329220091875873,0.0,0.027329220091875873,5.0,230.376,10.317691564122777,1.0,True,True,0.0,1735,baseline,2498,4655,3.7269815852682147,37.43657979976443,0.0014925837345887924,0.08077171329913706,0.011936993938619469,0.7734853850845104,0.9235258541786893,5.470941883767535,0,classic,1.0,0.3,0.3,False,n/a,n/a,n/a,n/a,n/a,n/a,n/a,n/a,n/a,n/a,n/a,n/a,n/a,n/a,n/a,n/a,n/a,n/a,n/a
PM9_full_N500,S2,433399445,500,False,weak_PD,1.6,1.0,0.0,0.0,True,0.0,0.5,100,5,30,0.1,100000,0.011399999999999999,0.0,0.9885999999999999,0.0,0.0,0.0,0.0,0.9998931623931624,0.00024354603019970775,0.13201195855174436,0.1569462807581569,0.13221143312939568,5.0,20.916,94.44387952342564,1.0,False,True,0.006332319729262071,2954,connected,2498,4675,3.7429943955164133,34.545155248004185,0.001498996554071451,0.10824194854546515,0.011816442438528205,0.9695036565454126,0.9761314393414516,1.2095238095238094,0,classic,1.0,0.3,0.3,False,n/a,n/a,n/a,n/a,n/a,n/a,n/a,n/a,n/a,n/a,n/a,n/a,n/a,n/a,n/a,n/a,n/a,n/a,n/a
PM9_full_N500,S2,433399445,500,False,weak_PD,1.6,1.0,0.0,0.0,True,0.0,0.5,100,5,30,2.0,100000,0.0,0.0,1.0,0.0,0.0,0.0,0.0,1.0,0.0,0.02671636528226177,0.0,0.02671636528226177,5.0,194.072,13.505576011221072,1.0,True,True,0.0,1889,fragmented,2498,3724,2.981585268214572,39.27187213715482,0.0011940669876710339,0.08280516737807833,0.013033405581144212,0.8091039752410103,0.9332393342588088,5.457142857142857,931,classic,1.0,0.3,0.3,False,n/a,n/a,n/a,n/a,n/a,n/a,n/a,n/a,n/a,n/a,n/a,n/a,n/a,n/a,n/a,n/a,n/a,n/a,n/a
PM9_full_N500,S2,433399445,500,False,weak_PD,1.6,1.0,0.0,0.0,True,0.0,0.5,100,15,30,0.1,100000,0.0046,0.0,0.9914,0.0,0.0,0.004000000000000001,0.0,0.9999011857707509,0.0002105706464518846,0.11710477609420361,0.10288881011461656,0.11781757027749085,14.818,21.128,93.14634320921523,0.888,False,True,0.018242588170339497,2552,baseline,2498,4655,3.7269815852682147,37.43657979976443,0.0014925837345887924,0.08077171329913706,0.011936993938619469,0.9824829386866595,0.983600261232746,1.323943661971831,0,classic,1.0,0.3,0.3,False,n/a,n/a,n/a,n/a,n/a,n/a,n/a,n/a,n/a,n/a,n/a,n/a,n/a,n/a,n/a,n/a,n/a,n/a,n/a
PM9_full_N500,S2,433399445,500,False,weak_PD,1.6,1.0,0.0,0.0,True,0.0,0.5,100,5,30,2.0,100000,0.0,0.0,1.0,0.0,0.0,0.0,0.0,1.0,0.0,0.02763273184510928,0.0,0.02763273184510928,5.0,234.28,10.17246028920155,1.0,True,True,0.0,1753,connected,2498,4675,3.7429943955164133,34.545155248004185,0.001498996554071451,0.10824194854546515,0.011816442438528205,0.7857540420059483,0.9250059041298856,5.494949494949495,0,classic,1.0,0.3,0.3,False,n/a,n/a,n/a,n/a,n/a,n/a,n/a,n/a,n/a,n/a,n/a,n/a,n/a,n/a,n/a,n/a,n/a,n/a,n/a
PM9_full_N500,S2,433399445,500,False,weak_PD,1.6,1.0,0.0,0.0,True,0.0,0.5,100,15,30,0.1,100000,0.0,0.0,0.9972,0.0,0.0,0.0028000000000000013,0.0,0.999890350877193,0.0002013693113169553,0.16146800741995432,0.0,0.16121008269179612,14.274,18.16,117.84070568180769,0.694,False,False,0.030657194628776318,2767,fragmented,2498,3724,2.981585268214572,39.27187213715482,0.0011940669876710339,0.08280516737807833,0.013033405581144212,0.986370181117369,0.9871028014382246,1.3666666666666667,931,classic,1.0,0.3,0.3,False,n/a,n/a,n/a,n/a,n/a,n/a,n/a,n/a,n/a,n/a,n/a,n/a,n/a,n/a,n/a,n/a,n/a,n/a,n/a
PM9_full_N500,S2,433399445,500,False,weak_PD,1.6,1.0,0.0,0.0,True,0.0,0.5,100,15,30,2.0,100000,0.0,0.0,1.0,0.0,0.0,0.0,0.0,1.0,0.0,0.02700244775521265,0.0,0.02700244775521265,15.0,229.616,10.300452357115748,1.0,True,True,0.0,1934,baseline,2498,4655,3.7269815852682147,37.43657979976443,0.0014925837345887924,0.08077171329913706,0.011936993938619469,0.8186818749411224,0.9215571235191488,5.620967741935484,0,classic,1.0,0.3,0.3,False,n/a,n/a,n/a,n/a,n/a,n/a,n/a,n/a,n/a,n/a,n/a,n/a,n/a,n/a,n/a,n/a,n/a,n/a,n/a
PM9_full_N500,S2,433399445,500,False,weak_PD,1.6,1.0,0.0,0.0,True,0.0,0.5,100,15,30,0.1,100000,0.005999999999999999,0.0,0.994,0.0,0.0,0.0,0.0,1.0,0.0,0.20775460029049103,0.3420076709045996,0.20856011871417565,14.646,20.588,95.63560938451724,0.86,False,False,0.023663355453417415,3480,connected,2498,4675,3.7429943955164133,34.545155248004185,0.001498996554071451,0.10824194854546515,0.011816442438528205,0.9832164435354639,0.9836712842979208,1.3133047210300428,0,classic,1.0,0.3,0.3,False,n/a,n/a,n/a,n/a,n/a,n/a,n/a,n/a,n/a,n/a,n/a,n/a,n/a,n/a,n/a,n/a,n/a,n/a,n/a
PM9_full_N500,S2,433399445,500,False,weak_PD,1.6,1.0,0.0,0.0,True,0.0,0.5,100,15,30,2.0,100000,0.0,0.0,1.0,0.0,0.0,0.0,0.0,1.0,0.0,0.028726235388516017,0.0,0.028726235388516017,15.0,195.44,13.376186310069375,1.0,True,True,0.0,2035,fragmented,2498,3724,2.981585268214572,39.27187213715482,0.0011940669876710339,0.08280516737807833,0.013033405581144212,0.8594649281224592,0.9367587683526353,5.03030303030303,931,classic,1.0,0.3,0.3,False,n/a,n/a,n/a,n/a,n/a,n/a,n/a,n/a,n/a,n/a,n/a,n/a,n/a,n/a,n/a,n/a,n/a,n/a,n/a
PM9_full_N500,S2,433399445,500,False,weak_PD,1.6,1.0,0.0,0.0,True,0.01,0.5,100,0,30,0.1,100000,0.1226,0.034600000000000006,0.5372,0.0718,0.09679999999999998,0.07479999999999999,0.06220000000000001,0.7754748280993874,0.029785370127025843,0.35371771453280326,0.3874854748614415,0.3682057816105425,20.588,20.588,94.12889692763522,0.0,False,False,0.030944408577633944,13824,baseline,2498,4655,3.7269815852682147,37.43657979976443,0.0014925837345887924,0.08077171329913706,0.011936993938619469,0.9857978834346093,0.9857978834346093,1.2564102564102564,0,classic,1.0,0.3,0.3,False,n/a,n/a,n/a,n/a,n/a,n/a,n/a,n/a,n/a,n/a,n/a,n/a,n/a,n/a,n/a,n/a,n/a,n/a,n/a
PM9_full_N500,S2,433399445,500,False,weak_PD,1.6,1.0,0.0,0.0,True,0.0,0.5,100,15,30,2.0,100000,0.0,0.0,1.0,0.0,0.0,0.0,0.0,1.0,0.0,0.027393170900164528,0.0,0.027393170900164528,15.0,235.816,10.020003743333772,1.0,True,True,0.0,1759,connected,2498,4675,3.7429943955164133,34.545155248004185,0.001498996554071451,0.10824194854546515,0.011816442438528205,0.8099969284993709,0.9245662850446018,5.648484848484848,0,classic,1.0,0.3,0.3,False,n/a,n/a,n/a,n/a,n/a,n/a,n/a,n/a,n/a,n/a,n/a,n/a,n/a,n/a,n/a,n/a,n/a,n/a,n/a
PM9_full_N500,S2,433399445,500,False,weak_PD,1.6,1.0,0.0,0.0,True,0.01,0.5,100,0,30,0.1,100000,0.087,0.042199999999999994,0.45360000000000006,0.14179999999999998,0.06580000000000001,0.13620000000000002,0.07339999999999999,0.642976563528092,0.04343182627269491,0.37406998107605666,0.4283404249709738,0.3884710077647832,17.428,17.428,118.09206988123316,0.0,False,True,-0.0001356101424385556,13621,fragmented,2498,3724,2.981585268214572,39.27187213715482,0.0011940669876710339,0.08280516737807833,0.013033405581144212,0.9922849281258972,0.9922849281258972,1.36,931,classic,1.0,0.3,0.3,False,n/a,n/a,n/a,n/a,n/a,n/a,n/a,n/a,n/a,n/a,n/a,n/a,n/a,n/a,n/a,n/a,n/a,n/a,n/a
PM9_full_N500,S2,433399445,500,False,weak_PD,1.6,1.0,0.0,0.0,True,0.01,0.5,100,0,30,2.0,100000,0.08539999999999998,0.0046,0.7442,0.06520000000000001,0.06120000000000001,0.020599999999999997,0.018799999999999997,0.9351679453366971,0.07985049269452939,0.11659278783733311,0.11796120920777216,0.11666568803515182,230.124,230.124,10.297845658633214,0.0,False,True,-0.012092313969259905,19280,baseline,2498,4655,3.7269815852682147,37.43657979976443,0.0014925837345887924,0.08077171329913706,0.011936993938619469,0.926860460106114,0.926860460106114,5.504,0,classic,1.0,0.3,0.3,False,n/a,n/a,n/a,n/a,n/a,n/a,n/a,n/a,n/a,n/a,n/a,n/a,n/a,n/a,n/a,n/a,n/a,n/a,n/a
PM9_full_N500,S2,433399445,500,False,weak_PD,1.6,1.0,0.0,0.0,True,0.01,0.5,100,0,30,0.1,100000,0.1436,0.045799999999999993,0.3986,0.11880000000000002,0.10600000000000001,0.1274,0.059800000000000006,0.6811870932685344,0.03782287822878229,0.38724441724261494,0.3737541672708162,0.396685210070469,21.168,21.168,94.96236314047268,0.0,False,True,-0.01301617366469063,14521,connected,2498,4675,3.7429943955164133,34.545155248004185,0.001498996554071451,0.10824194854546515,0.011816442438528205,0.9875850432999207,0.9875850432999207,1.3990147783251232,0,classic,1.0,0.3,0.3,False,n/a,n/a,n/a,n/a,n/a,n/a,n/a,n/a,n/a,n/a,n/a,n/a,n/a,n/a,n/a,n/a,n/a,n/a,n/a
PM9_full_N500,S2,433399445,500,False,weak_PD,1.6,1.0,0.0,0.0,True,0.01,0.5,100,0,30,2.0,100000,0.071,0.014600000000000002,0.7613999999999999,0.049999999999999996,0.0568,0.027600000000000003,0.0186,0.9301260985851723,0.08748964374482188,0.11995927493249624,0.12336195129113782,0.1205647364706666,198.872,198.872,13.055727770674407,0.0,False,True,-0.012339361357442135,19961,fragmented,2498,3724,2.981585268214572,39.27187213715482,0.0011940669876710339,0.08280516737807833,0.013033405581144212,0.9411925595640932,0.9411925595640932,4.8404040404040405,931,classic,1.0,0.3,0.3,False,n/a,n/a,n/a,n/a,n/a,n/a,n/a,n/a,n/a,n/a,n/a,n/a,n/a,n/a,n/a,n/a,n/a,n/a,n/a
PM9_full_N500,S2,433399445,500,False,weak_PD,1.6,1.0,0.0,0.0,True,0.01,0.5,100,5,30,0.1,100000,0.10979999999999998,0.047999999999999994,0.4849999999999999,0.10740000000000001,0.10500000000000001,0.08779999999999998,0.05700000000000001,0.6911883203602847,0.04430526559962886,0.33052302965001534,0.3859567280615685,0.3572029716844034,5.0,20.46,93.9384110033727,1.0,False,True,-0.008755542222166325,13774,baseline,2498,4655,3.7269815852682147,37.43657979976443,0.0014925837345887924,0.08077171329913706,0.011936993938619469,0.9691738574229575,0.9743411014064864,1.3669724770642202,0,classic,1.0,0.3,0.3,False,n/a,n/a,n/a,n/a,n/a,n/a,n/a,n/a,n/a,n/a,n/a,n/a,n/a,n/a,n/a,n/a,n/a,n/a,n/a
PM9_full_N500,S2,433399445,500,False,weak_PD,1.6,1.0,0.0,0.0,True,0.01,0.5,100,0,30,2.0,100000,0.04179999999999999,0.0108,0.8012,0.07719999999999999,0.032799999999999996,0.021799999999999993,0.014400000000000001,0.9428870783748085,0.0743445071357451,0.11679488173823283,0.1267183605049744,0.11715964064366556,233.472,233.472,10.213659405080303,0.0,False,True,-0.006455747422989326,19186,connected,2498,4675,3.7429943955164133,34.545155248004185,0.001498996554071451,0.10824194854546515,0.011816442438528205,0.922123890760135,0.922123890760135,5.670020120724346,0,classic,1.0,0.3,0.3,False,n/a,n/a,n/a,n/a,n/a,n/a,n/a,n/a,n/a,n/a,n/a,n/a,n/a,n/a,n/a,n/a,n/a,n/a,n/a
PM9_full_N500,S2,433399445,500,False,weak_PD,1.6,1.0,0.0,0.0,True,0.01,0.5,100,5,30,0.1,100000,0.1106,0.03480000000000001,0.47020000000000006,0.08639999999999998,0.12760000000000002,0.09599999999999999,0.0744,0.656608706593025,0.023687109805361733,0.3567897925159557,0.42984507284412893,0.3853380963115121,4.996,18.024,117.88971070163761,0.994,False,True,-0.0031287293149134146,13927,fragmented,2498,3724,2.981585268214572,39.27187213715482,0.0011940669876710339,0.08280516737807833,0.013033405581144212,0.9809375289311235,0.98964847701109,1.3388429752066116,931,classic,1.0,0.3,0.3,False,n/a,n/a,n/a,n/a,n/a,n/a,n/a,n/a,n/a,n/a,n/a,n/a,n/a,n/a,n/a,n/a,n/a,n/a,n/a
PM9_full_N500,S2,433399445,500,False,weak_PD,1.6,1.0,0.0,0.0,True,0.01,0.5,100,5,30,2.0,100000,0.04619999999999999,0.014600000000000002,0.8423999999999999,0.0372,0.0274,0.015199999999999997,0.016999999999999998,0.9306006086099332,0.08965295629820051,0.10794878493962015,0.109432167438991,0.10763307268201862,5.0,231.26,10.271464445502605,1.0,False,True,-0.0004332401329597994,15108,baseline,2498,4655,3.7269815852682147,37.43657979976443,0.0014925837345887924,0.08077171329913706,0.011936993938619469,0.7743712377732066,0.9173013675051135,5.870967741935484,0,classic,1.0,0.3,0.3,False,n/a,n/a,n/a,n/a,n/a,n/a,n/a,n/a,n/a,n/a,n/a,n/a,n/a,n/a,n/a,n/a,n/a,n/a,n/a
PM9_full_N500,S2,433399445,500,False,weak_PD,1.6,1.0,0.0,0.0,True,0.01,0.5,100,5,30,0.1,100000,0.09359999999999999,0.053200000000000004,0.5293999999999999,0.1004,0.09119999999999998,0.08759999999999998,0.04459999999999999,0.7688553985460582,0.04758364312267658,0.3293565847272236,0.3576119589453,0.3520666006146314,5.0,21.524,92.92337925948623,1.0,False,True,0.0017022788091148702,14261,connected,2498,4675,3.7429943955164133,34.545155248004185,0.001498996554071451,0.10824194854546515,0.011816442438528205,0.981672213373512,0.9851609170770534,1.296137339055794,0,classic,1.0,0.3,0.3,False,n/a,n/a,n/a,n/a,n/a,n/a,n/a,n/a,n/a,n/a,n/a,n/a,n/a,n/a,n/a,n/a,n/a,n/a,n/a
PM9_full_N500,S2,433399445,500,False,weak_PD,1.6,1.0,0.0,0.0,True,0.01,0.5,100,5,30,2.0,100000,0.04339999999999999,0.011000000000000001,0.8507999999999999,0.020999999999999998,0.0206,0.03280000000000001,0.020399999999999995,0.9395613691535685,0.06439456005243323,0.1122860635561449,0.11775406726278005,0.11258216933502688,5.0,192.772,13.377908719586374,1.0,False,True,0.0002704138816500334,16734,fragmented,2498,3724,2.981585268214572,39.27187213715482,0.0011940669876710339,0.08280516737807833,0.013033405581144212,0.8165532164869664,0.9357405992811374,4.9452332657200815,931,classic,1.0,0.3,0.3,False,n/a,n/a,n/a,n/a,n/a,n/a,n/a,n/a,n/a,n/a,n/a,n/a,n/a,n/a,n/a,n/a,n/a,n/a,n/a
PM9_full_N500,S2,433399445,500,False,weak_PD,1.6,1.0,0.0,0.0,True,0.01,0.5,100,15,30,0.1,100000,0.0812,0.0512,0.47939999999999994,0.11140000000000001,0.10500000000000001,0.11099999999999999,0.06080000000000001,0.675009108297574,0.02214983713355049,0.3599358751739718,0.426251086818224,0.38405574181311003,14.78,20.428,93.93534263316191,0.872,False,True,-0.0009408229632865431,13878,baseline,2498,4655,3.7269815852682147,37.43657979976443,0.0014925837345887924,0.08077171329913706,0.011936993938619469,0.9828416395648131,0.9850639019378672,1.4245283018867925,0,classic,1.0,0.3,0.3,False,n/a,n/a,n/a,n/a,n/a,n/a,n/a,n/a,n/a,n/a,n/a,n/a,n/a,n/a,n/a,n/a,n/a,n/a,n/a
PM9_full_N500,S2,433399445,500,False,weak_PD,1.6,1.0,0.0,0.0,True,0.01,0.5,100,5,30,2.0,100000,0.030400000000000003,0.0058,0.8503999999999999,0.0284,0.026799999999999997,0.0356,0.022599999999999995,0.9380891284628573,0.08651625510747912,0.10641574364270932,0.1155148043948579,0.1070524876951022,5.0,229.896,10.354152143964924,1.0,False,True,-0.0029733526934126045,15178,connected,2498,4675,3.7429943955164133,34.545155248004185,0.001498996554071451,0.10824194854546515,0.011816442438528205,0.7816984341704877,0.924278427341769,5.31062124248497,0,classic,1.0,0.3,0.3,False,n/a,n/a,n/a,n/a,n/a,n/a,n/a,n/a,n/a,n/a,n/a,n/a,n/a,n/a,n/a,n/a,n/a,n/a,n/a
PM9_full_N500,S2,433399445,500,False,weak_PD,1.6,1.0,0.0,0.0,True,0.01,0.5,100,15,30,0.1,100000,0.14020000000000002,0.07919999999999999,0.4590000000000001,0.09979999999999999,0.09079999999999998,0.0732,0.057800000000000004,0.7022461378761102,0.025475543478260868,0.3434838585612405,0.4250283662652624,0.3881500539743855,14.098,17.572,119.63733760217467,0.658,False,True,-0.0014764283057090114,13966,fragmented,2498,3724,2.981585268214572,39.27187213715482,0.0011940669876710339,0.08280516737807833,0.013033405581144212,0.9920175859238499,0.9921364901469522,1.452991452991453,931,classic,1.0,0.3,0.3,False,n/a,n/a,n/a,n/a,n/a,n/a,n/a,n/a,n/a,n/a,n/a,n/a,n/a,n/a,n/a,n/a,n/a,n/a,n/a
PM9_full_N500,S2,433399445,500,False,weak_PD,1.6,1.0,0.0,0.0,True,0.01,0.5,100,15,30,2.0,100000,0.035199999999999995,0.010799999999999999,0.8226000000000001,0.0258,0.0284,0.04699999999999999,0.030200000000000005,0.9224206722918454,0.09280270956816257,0.10846655300931882,0.10540182585148684,0.10918517192806196,15.0,234.592,10.051675478954106,1.0,False,True,0.0009977895911579984,16091,baseline,2498,4655,3.7269815852682147,37.43657979976443,0.0014925837345887924,0.08077171329913706,0.011936993938619469,0.813164056846513,0.9259063911519809,5.515030060120241,0,classic,1.0,0.3,0.3,False,n/a,n/a,n/a,n/a,n/a,n/a,n/a,n/a,n/a,n/a,n/a,n/a,n/a,n/a,n/a,n/a,n/a,n/a,n/a
PM9_full_N500,S2,433399445,500,False,weak_PD,1.6,1.0,0.0,0.0,True,0.01,0.5,100,15,30,0.1,100000,0.1258,0.05500000000000001,0.45499999999999996,0.1046,0.11220000000000001,0.08659999999999998,0.06080000000000001,0.7714231480308504,0.057869012707722385,0.38737258947774433,0.39538630613413556,0.39330726174989117,14.732,21.108,95.34835919152678,0.848,False,True,0.003909990039963456,14170,connected,2498,4675,3.7429943955164133,34.545155248004185,0.001498996554071451,0.10824194854546515,0.011816442438528205,0.9737977260331796,0.9747740807304606,1.528205128205128,0,classic,1.0,0.3,0.3,False,n/a,n/a,n/a,n/a,n/a,n/a,n/a,n/a,n/a,n/a,n/a,n/a,n/a,n/a,n/a,n/a,n/a,n/a,n/a
PM9_full_N500,S2,433399445,500,False,weak_PD,1.6,1.0,0.0,0.0,True,0.01,0.5,100,15,30,2.0,100000,0.05900000000000001,0.013600000000000001,0.8122,0.044,0.033400000000000006,0.012,0.025799999999999997,0.9286955719610097,0.09362889474500077,0.11789463546374337,0.11469571809553131,0.11782519755813131,15.0,197.496,13.182545052081345,1.0,False,True,-0.007966860667441938,18432,fragmented,2498,3724,2.981585268214572,39.27187213715482,0.0011940669876710339,0.08280516737807833,0.013033405581144212,0.8513356763466713,0.9382078105510915,5.337398373983739,931,classic,1.0,0.3,0.3,False,n/a,n/a,n/a,n/a,n/a,n/a,n/a,n/a,n/a,n/a,n/a,n/a,n/a,n/a,n/a,n/a,n/a,n/a,n/a
PM9_full_N500,S2,433399445,500,False,snowdrift,4.0,3.0,0.0,2.0,True,0.0,0.5,100,0,30,0.1,100000,0.0,0.0,1.0,0.0,0.0,0.0,0.0,1.0,0.0,0.49011730386607555,0.0,0.49011730386607555,20.564,20.564,95.32061266336385,0.0,True,True,0.01478499994000049,2841,baseline,2498,4655,3.7269815852682147,37.43657979976443,0.0014925837345887924,0.08077171329913706,0.011936993938619469,0.9875188736382965,0.9875188736382965,1.390557939914163,0,classic,1.0,0.3,0.3,False,n/a,n/a,n/a,n/a,n/a,n/a,n/a,n/a,n/a,n/a,n/a,n/a,n/a,n/a,n/a,n/a,n/a,n/a,n/a
PM9_full_N500,S2,433399445,500,False,weak_PD,1.6,1.0,0.0,0.0,True,0.01,0.5,100,15,30,2.0,100000,0.03720000000000001,0.008400000000000001,0.8596,0.026600000000000002,0.021599999999999998,0.027800000000000002,0.018799999999999997,0.9489689152708722,0.07226428079834825,0.11272599946661435,0.11395807487554599,0.11298275156317687,15.0,232.592,10.249515471750744,1.0,False,True,0.0064460993843964386,16448,connected,2498,4675,3.7429943955164133,34.545155248004185,0.001498996554071451,0.10824194854546515,0.011816442438528205,0.8256643745731662,0.9295787554558167,5.461847389558233,0,classic,1.0,0.3,0.3,False,n/a,n/a,n/a,n/a,n/a,n/a,n/a,n/a,n/a,n/a,n/a,n/a,n/a,n/a,n/a,n/a,n/a,n/a,n/a
PM9_full_N500,S2,433399445,500,False,snowdrift,4.0,3.0,0.0,2.0,True,0.0,0.5,100,0,30,0.1,100000,0.0,0.0,0.9881999999999997,0.0,0.004000000000000001,0.007800000000000001,0.0,0.9999080882352942,0.00019249278152069297,0.47103656929615395,0.0,0.4812252921273204,18.172,18.172,117.67884977064753,0.0,False,True,0.014033921735675955,2308,fragmented,2498,3724,2.981585268214572,39.27187213715482,0.0011940669876710339,0.08280516737807833,0.013033405581144212,0.9809761711839213,0.9809761711839213,1.4887892376681615,931,classic,1.0,0.3,0.3,False,n/a,n/a,n/a,n/a,n/a,n/a,n/a,n/a,n/a,n/a,n/a,n/a,n/a,n/a,n/a,n/a,n/a,n/a,n/a
PM9_full_N500,S2,433399445,500,False,snowdrift,4.0,3.0,0.0,2.0,True,0.0,0.5,100,0,30,2.0,100000,0.0,0.0,1.0,0.0,0.0,0.0,0.0,1.0,0.0,0.20450130096838373,0.0,0.20450130096838373,228.776,228.776,10.383893321707808,0.0,True,True,0.0,4662,baseline,2498,4655,3.7269815852682147,37.43657979976443,0.0014925837345887924,0.08077171329913706,0.011936993938619469,0.9279725800919083,0.9279725800919083,5.303643724696356,0,classic,1.0,0.3,0.3,False,n/a,n/a,n/a,n/a,n/a,n/a,n/a,n/a,n/a,n/a,n/a,n/a,n/a,n/a,n/a,n/a,n/a,n/a,n/a
PM9_full_N500,S2,433399445,500,False,snowdrift,4.0,3.0,0.0,2.0,True,0.0,0.5,100,0,30,0.1,100000,0.0,0.0,1.0,0.0,0.0,0.0,0.0,1.0,0.0,0.4247008950268164,0.0,0.4247008950268164,21.976,21.976,90.09853968290399,0.0,True,True,0.013258469033876135,2586,connected,2498,4675,3.7429943955164133,34.545155248004185,0.001498996554071451,0.10824194854546515,0.011816442438528205,0.9827778494801569,0.9827778494801569,1.3744075829383886,0,classic,1.0,0.3,0.3,False,n/a,n/a,n/a,n/a,n/a,n/a,n/a,n/a,n/a,n/a,n/a,n/a,n/a,n/a,n/a,n/a,n/a,n/a,n/a
PM9_full_N500,S2,433399445,500,False,snowdrift,4.0,3.0,0.0,2.0,True,0.0,0.5,100,0,30,2.0,100000,0.0,0.0,1.0,0.0,0.0,0.0,0.0,1.0,0.0,0.2961441598085161,0.0,0.2961441598085161,198.908,198.908,13.042257411477735,0.0,True,True,0.0,7174,fragmented,2498,3724,2.981585268214572,39.27187213715482,0.0011940669876710339,0.08280516737807833,0.013033405581144212,0.9347104099122887,0.9347104099122887,5.030181086519114,931,classic,1.0,0.3,0.3,False,n/a,n/a,n/a,n/a,n/a,n/a,n/a,n/a,n/a,n/a,n/a,n/a,n/a,n/a,n/a,n/a,n/a,n/a,n/a
PM9_full_N500,S2,433399445,500,False,snowdrift,4.0,3.0,0.0,2.0,True,0.0,0.5,100,5,30,0.1,100000,0.0,0.0,1.0,0.0,0.0,0.0,0.0,1.0,0.0,0.4692192890449141,0.0,0.4692192890449141,5.0,20.888,93.45347871376846,1.0,True,True,0.009353125412506045,2592,baseline,2498,4655,3.7269815852682147,37.43657979976443,0.0014925837345887924,0.08077171329913706,0.011936993938619469,0.9781026726149336,0.9835701105897363,1.2115384615384615,0,classic,1.0,0.3,0.3,False,n/a,n/a,n/a,n/a,n/a,n/a,n/a,n/a,n/a,n/a,n/a,n/a,n/a,n/a,n/a,n/a,n/a,n/a,n/a
PM9_full_N500,S2,433399445,500,False,snowdrift,4.0,3.0,0.0,2.0,True,0.0,0.5,100,0,30,2.0,100000,0.0,0.0,1.0,0.0,0.0,0.0,0.0,1.0,0.0,0.17215743274409406,0.0,0.17215743274409406,236.78,236.78,10.074583690597636,0.0,True,True,0.0,4096,connected,2498,4675,3.7429943955164133,34.545155248004185,0.001498996554071451,0.10824194854546515,0.011816442438528205,0.9270684315558346,0.9270684315558346,5.122244488977956,0,classic,1.0,0.3,0.3,False,n/a,n/a,n/a,n/a,n/a,n/a,n/a,n/a,n/a,n/a,n/a,n/a,n/a,n/a,n/a,n/a,n/a,n/a,n/a
PM9_full_N500,S2,433399445,500,False,snowdrift,4.0,3.0,0.0,2.0,True,0.0,0.5,100,5,30,0.1,100000,0.023199999999999995,0.0,0.9767999999999999,0.0,0.0,0.0,0.0,0.997492233819712,0.0002134016218523261,0.48015224672622897,0.9801002546150982,0.4931508949313397,5.0,18.228,119.96371519954677,1.0,False,True,0.015156790227151388,2580,fragmented,2498,3724,2.981585268214572,39.27187213715482,0.0011940669876710339,0.08280516737807833,0.013033405581144212,0.9792153089499547,0.9824914486246946,1.3063063063063063,931,classic,1.0,0.3,0.3,False,n/a,n/a,n/a,n/a,n/a,n/a,n/a,n/a,n/a,n/a,n/a,n/a,n/a,n/a,n/a,n/a,n/a,n/a,n/a
PM9_full_N500,S2,433399445,500,False,snowdrift,4.0,3.0,0.0,2.0,True,0.0,0.5,100,5,30,2.0,100000,0.0,0.0,1.0,0.0,0.0,0.0,0.0,1.0,0.0,0.16628925687509447,0.0,0.16628925687509447,5.0,232.676,10.255889790565025,1.0,True,True,0.0,3214,baseline,2498,4655,3.7269815852682147,37.43657979976443,0.0014925837345887924,0.08077171329913706,0.011936993938619469,0.7742902789438496,0.9174204989555197,5.641851106639839,0,classic,1.0,0.3,0.3,False,n/a,n/a,n/a,n/a,n/a,n/a,n/a,n/a,n/a,n/a,n/a,n/a,n/a,n/a,n/a,n/a,n/a,n/a,n/a
PM9_full_N500,S2,433399445,500,False,snowdrift,4.0,3.0,0.0,2.0,True,0.0,0.5,100,5,30,0.1,100000,0.0,0.0,1.0,0.0,0.0,0.0,0.0,1.0,0.0,0.4144302150064154,0.0,0.4144302150064154,5.0,21.636,90.67891691348632,0.998,True,True,0.00667785391142004,2512,connected,2498,4675,3.7429943955164133,34.545155248004185,0.001498996554071451,0.10824194854546515,0.011816442438528205,0.9855783935399066,0.9912277824801785,1.3256704980842913,0,classic,1.0,0.3,0.3,False,n/a,n/a,n/a,n/a,n/a,n/a,n/a,n/a,n/a,n/a,n/a,n/a,n/a,n/a,n/a,n/a,n/a,n/a,n/a
PM9_full_N500,S2,433399445,500,False,snowdrift,4.0,3.0,0.0,2.0,True,0.0,0.5,100,5,30,2.0,100000,0.0,0.0,1.0,0.0,0.0,0.0,0.0,1.0,0.0,0.1888617250971124,0.0,0.1888617250971124,5.0,199.396,13.030034806961059,1.0,True,True,0.0,3864,fragmented,2498,3724,2.981585268214572,39.27187213715482,0.0011940669876710339,0.08280516737807833,0.013033405581144212,0.8166276788274924,0.9336754081065878,5.092369477911647,931,classic,1.0,0.3,0.3,False,n/a,n/a,n/a,n/a,n/a,n/a,n/a,n/a,n/a,n/a,n/a,n/a,n/a,n/a,n/a,n/a,n/a,n/a,n/a
PM9_full_N500,S2,433399445,500,False,snowdrift,4.0,3.0,0.0,2.0,True,0.0,0.5,100,15,30,0.1,100000,0.0,0.0,1.0,0.0,0.0,0.0,0.0,1.0,0.0,0.4901298813726314,0.0,0.4901298813726314,14.772,20.564,95.32061266336385,0.866,True,True,0.014753463813855255,2835,baseline,2498,4655,3.7269815852682147,37.43657979976443,0.0014925837345887924,0.08077171329913706,0.011936993938619469,0.9872912757712137,0.9875188736382965,1.390557939914163,0,classic,1.0,0.3,0.3,False,n/a,n/a,n/a,n/a,n/a,n/a,n/a,n/a,n/a,n/a,n/a,n/a,n/a,n/a,n/a,n/a,n/a,n/a,n/a
PM9_full_N500,S2,433399445,500,False,snowdrift,4.0,3.0,0.0,2.0,True,0.0,0.5,100,5,30,2.0,100000,0.0,0.0,1.0,0.0,0.0,0.0,0.0,1.0,0.0,0.1599697711002895,0.0,0.1599697711002895,5.0,233.372,10.185693257865104,1.0,True,True,0.0,2972,connected,2498,4675,3.7429943955164133,34.545155248004185,0.001498996554071451,0.10824194854546515,0.011816442438528205,0.7793503410607583,0.9196620973032218,5.571142284569138,0,classic,1.0,0.3,0.3,False,n/a,n/a,n/a,n/a,n/a,n/a,n/a,n/a,n/a,n/a,n/a,n/a,n/a,n/a,n/a,n/a,n/a,n/a,n/a
PM9_full_N500,S2,433399445,500,False,snowdrift,4.0,3.0,0.0,2.0,True,0.0,0.5,100,15,30,0.1,100000,0.0,0.0,0.9881999999999997,0.0,0.004000000000000001,0.007800000000000001,0.0,0.9999080882352942,0.00019249278152069297,0.47103656929615395,0.0,0.4812252921273204,14.168,18.172,117.67884977064753,0.696,False,True,0.014033921735675955,2308,fragmented,2498,3724,2.981585268214572,39.27187213715482,0.0011940669876710339,0.08280516737807833,0.013033405581144212,0.9789649547250506,0.9809761711839213,1.4887892376681615,931,classic,1.0,0.3,0.3,False,n/a,n/a,n/a,n/a,n/a,n/a,n/a,n/a,n/a,n/a,n/a,n/a,n/a,n/a,n/a,n/a,n/a,n/a,n/a
PM9_full_N500,S2,433399445,500,False,snowdrift,4.0,3.0,0.0,2.0,True,0.0,0.5,100,15,30,2.0,100000,0.0,0.0,1.0,0.0,0.0,0.0,0.0,1.0,0.0,0.17962051840844656,0.0,0.17962051840844656,15.0,231.984,10.27525396842088,1.0,True,True,0.0,4372,baseline,2498,4655,3.7269815852682147,37.43657979976443,0.0014925837345887924,0.08077171329913706,0.011936993938619469,0.815618529671951,0.9223868357707294,5.78672032193159,0,classic,1.0,0.3,0.3,False,n/a,n/a,n/a,n/a,n/a,n/a,n/a,n/a,n/a,n/a,n/a,n/a,n/a,n/a,n/a,n/a,n/a,n/a,n/a
PM9_full_N500,S2,433399445,500,False,snowdrift,4.0,3.0,0.0,2.0,True,0.0,0.5,100,15,30,0.1,100000,0.0,0.0,1.0,0.0,0.0,0.0,0.0,1.0,0.0,0.4247008950268164,0.0,0.4247008950268164,14.676,21.976,90.09853968290399,0.86,True,True,0.013258469033876135,2586,connected,2498,4675,3.7429943955164133,34.545155248004185,0.001498996554071451,0.10824194854546515,0.011816442438528205,0.9815307473466452,0.9827778494801569,1.3744075829383886,0,classic,1.0,0.3,0.3,False,n/a,n/a,n/a,n/a,n/a,n/a,n/a,n/a,n/a,n/a,n/a,n/a,n/a,n/a,n/a,n/a,n/a,n/a,n/a
PM9_full_N500,S2,433399445,500,False,snowdrift,4.0,3.0,0.0,2.0,True,0.0,0.5,100,15,30,2.0,100000,0.06040000000000001,0.0,0.9232000000000001,0.016400000000000005,0.0,0.0,0.0,0.9567130875985324,0.022597121188670483,0.3874716361993072,0.7163419742435211,0.415349886039893,15.0,195.424,13.296394552741642,1.0,False,True,0.015014517658065872,9625,fragmented,2498,3724,2.981585268214572,39.27187213715482,0.0011940669876710339,0.08280516737807833,0.013033405581144212,0.8613682976349031,0.9308926157697512,5.367556468172484,931,classic,1.0,0.3,0.3,False,n/a,n/a,n/a,n/a,n/a,n/a,n/a,n/a,n/a,n/a,n/a,n/a,n/a,n/a,n/a,n/a,n/a,n/a,n/a
PM9_full_N500,S2,1823270101,500,False,PD_classic,9.0,5.0,1.0,0.0,True,0.0,0.5,100,0,30,0.1,100000,0.0,0.0,1.0,0.0,0.0,0.0,0.0,1.0,0.0,1.270272097743619,0.0,1.270272097743619,20.776,20.776,93.28552265971732,0.0,True,True,0.0,1157,baseline,2498,4655,3.7269815852682147,37.43657979976443,0.0014925837345887924,0.08077171329913706,0.011936993938619469,0.9892627865191315,0.9892627865191315,1.2466367713004485,0,classic,1.0,0.3,0.3,False,n/a,n/a,n/a,n/a,n/a,n/a,n/a,n/a,n/a,n/a,n/a,n/a,n/a,n/a,n/a,n/a,n/a,n/a,n/a
PM9_full_N500,S2,1823270101,500,False,PD_classic,9.0,5.0,1.0,0.0,True,0.0,0.5,100,0,30,0.1,100000,0.0,0.0,1.0,0.0,0.0,0.0,0.0,1.0,0.0,1.3905745662212112,0.0,1.3905745662212112,17.58,17.58,118.69392541099857,0.0,True,True,0.0011862671450707776,1329,fragmented,2498,3724,2.981585268214572,39.24618014657767,0.0011940669876710339,0.12488891773776238,0.013112611737932694,0.985113573289573,0.985113573289573,1.4430379746835442,931,classic,1.0,0.3,0.3,False,n/a,n/a,n/a,n/a,n/a,n/a,n/a,n/a,n/a,n/a,n/a,n/a,n/a,n/a,n/a,n/a,n/a,n/a,n/a
PM9_full_N500,S2,1823270101,500,False,PD_classic,9.0,5.0,1.0,0.0,True,0.0,0.5,100,0,30,2.0,100000,0.0,0.0,1.0,0.0,0.0,0.0,0.0,1.0,0.0,1.0762540679757586,0.0,1.0762540679757586,186.336,186.336,14.10238907540605,0.0,True,True,0.0,1183,fragmented,2498,3724,2.981585268214572,39.24618014657767,0.0011940669876710339,0.12488891773776238,0.013112611737932694,0.93945264151189,0.93945264151189,5.098989898989899,931,classic,1.0,0.3,0.3,False,n/a,n/a,n/a,n/a,n/a,n/a,n/a,n/a,n/a,n/a,n/a,n/a,n/a,n/a,n/a,n/a,n/a,n/a,n/a
PM9_full_N500,S2,1823270101,500,False,PD_classic,9.0,5.0,1.0,0.0,True,0.0,0.5,100,0,30,2.0,100000,0.0,0.0,1.0,0.0,0.0,0.0,0.0,1.0,0.0,1.0512270758471856,0.0,1.0512270758471856,232.18,232.18,10.314417311027483,0.0,True,True,0.0,901,baseline,2498,4655,3.7269815852682147,37.43657979976443,0.0014925837345887924,0.08077171329913706,0.011936993938619469,0.9254727593705084,0.9254727593705084,5.349494949494949,0,classic,1.0,0.3,0.3,False,n/a,n/a,n/a,n/a,n/a,n/a,n/a,n/a,n/a,n/a,n/a,n/a,n/a,n/a,n/a,n/a,n/a,n/a,n/a
PM9_full_N500,S2,1823270101,500,False,PD_classic,9.0,5.0,1.0,0.0,True,0.0,0.5,100,0,30,0.1,100000,0.0,0.0,1.0,0.0,0.0,0.0,0.0,1.0,0.0,1.2780744985682064,0.0,1.2780744985682064,20.512,20.512,92.95726334389482,0.0,True,True,0.0,1203,connected,2498,4675,3.7429943955164133,34.68666568511975,0.001498996554071451,0.07658923031325438,0.011844871063358168,0.9838342212171052,0.9838342212171052,1.1923076923076923,0,classic,1.0,0.3,0.3,False,n/a,n/a,n/a,n/a,n/a,n/a,n/a,n/a,n/a,n/a,n/a,n/a,n/a,n/a,n/a,n/a,n/a,n/a,n/a
PM9_full_N500,S2,1823270101,500,False,PD_classic,9.0,5.0,1.0,0.0,True,0.0,0.5,100,5,30,0.1,100000,0.0,0.0,1.0,0.0,0.0,0.0,0.0,1.0,0.0,1.270272097743619,0.0,1.270272097743619,5.0,20.776,93.28552265971732,1.0,True,True,0.0,1157,baseline,2498,4655,3.7269815852682147,37.43657979976443,0.0014925837345887924,0.08077171329913706,0.011936993938619469,0.9849570651124304,0.9892627865191315,1.2466367713004485,0,classic,1.0,0.3,0.3,False,n/a,n/a,n/a,n/a,n/a,n/a,n/a,n/a,n/a,n/a,n/a,n/a,n/a,n/a,n/a,n/a,n/a,n/a,n/a
PM9_full_N500,S2,1823270101,500,False,PD_classic,9.0,5.0,1.0,0.0,True,0.0,0.5,100,0,30,2.0,100000,0.0,0.0,1.0,0.0,0.0,0.0,0.0,1.0,0.0,1.060384055729727,0.0,1.060384055729727,230.152,230.152,10.338208580704668,0.0,True,True,0.0,928,connected,2498,4675,3.7429943955164133,34.68666568511975,0.001498996554071451,0.07658923031325438,0.011844871063358168,0.9260894948776168,0.9260894948776168,5.644,0,classic,1.0,0.3,0.3,False,n/a,n/a,n/a,n/a,n/a,n/a,n/a,n/a,n/a,n/a,n/a,n/a,n/a,n/a,n/a,n/a,n/a,n/a,n/a
PM9_full_N500,S2,1823270101,500,False,PD_classic,9.0,5.0,1.0,0.0,True,0.0,0.5,100,5,30,2.0,100000,0.0,0.0,1.0,0.0,0.0,0.0,0.0,1.0,0.0,1.0516192589056286,0.0,1.0516192589056286,5.0,233.76,10.18535102383019,1.0,True,True,0.0,841,baseline,2498,4655,3.7269815852682147,37.43657979976443,0.0014925837345887924,0.08077171329913706,0.011936993938619469,0.7871774715751904,0.9232336529301326,5.46,0,classic,1.0,0.3,0.3,False,n/a,n/a,n/a,n/a,n/a,n/a,n/a,n/a,n/a,n/a,n/a,n/a,n/a,n/a,n/a,n/a,n/a,n/a,n/a
PM9_full_N500,S2,1823270101,500,False,PD_classic,9.0,5.0,1.0,0.0,True,0.0,0.5,100,5,30,0.1,100000,0.0,0.0,1.0,0.0,0.0,0.0,0.0,1.0,0.0,1.3905772341371043,0.0,1.3905772341371043,5.0,17.58,118.69392541099857,0.998,True,True,0.0010440233760935045,1317,fragmented,2498,3724,2.981585268214572,39.24618014657767,0.0011940669876710339,0.12488891773776238,0.013112611737932694,0.9817632130555367,0.985113573289573,1.4430379746835442,931,classic,1.0,0.3,0.3,False,n/a,n/a,n/a,n/a,n/a,n/a,n/a,n/a,n/a,n/a,n/a,n/a,n/a,n/a,n/a,n/a,n/a,n/a,n/a
PM9_full_N500,S2,1823270101,500,False,PD_classic,9.0,5.0,1.0,0.0,True,0.0,0.5,100,5,30,0.1,100000,0.0,0.0,1.0,0.0,0.0,0.0,0.0,1.0,0.0,1.2780744985682064,0.0,1.2780744985682064,5.0,20.512,92.95726334389482,1.0,True,True,0.0,1203,connected,2498,4675,3.7429943955164133,34.68666568511975,0.001498996554071451,0.07658923031325438,0.011844871063358168,0.9798424090465443,0.9838342212171052,1.1923076923076923,0,classic,1.0,0.3,0.3,False,n/a,n/a,n/a,n/a,n/a,n/a,n/a,n/a,n/a,n/a,n/a,n/a,n/a,n/a,n/a,n/a,n/a,n/a,n/a
PM9_full_N500,S2,1823270101,500,False,PD_classic,9.0,5.0,1.0,0.0,True,0.0,0.5,100,5,30,2.0,100000,0.0,0.0,1.0,0.0,0.0,0.0,0.0,1.0,0.0,1.0693099640559824,0.0,1.0693099640559824,5.0,185.38,13.992816156955074,1.0,True,True,0.0,1057,fragmented,2498,3724,2.981585268214572,39.24618014657767,0.0011940669876710339,0.12488891773776238,0.013112611737932694,0.8269417282306432,0.9380892125207283,4.662601626016261,931,classic,1.0,0.3,0.3,False,n/a,n/a,n/a,n/a,n/a,n/a,n/a,n/a,n/a,n/a,n/a,n/a,n/a,n/a,n/a,n/a,n/a,n/a,n/a
PM9_full_N500,S2,1823270101,500,False,PD_classic,9.0,5.0,1.0,0.0,True,0.0,0.5,100,5,30,2.0,100000,0.0,0.0,1.0,0.0,0.0,0.0,0.0,1.0,0.0,1.062759026827279,0.0,1.062759026827279,5.0,231.032,10.368923901671861,1.0,True,True,0.0,975,connected,2498,4675,3.7429943955164133,34.68666568511975,0.001498996554071451,0.07658923031325438,0.011844871063358168,0.7824548208605006,0.9254361129253744,5.477911646586345,0,classic,1.0,0.3,0.3,False,n/a,n/a,n/a,n/a,n/a,n/a,n/a,n/a,n/a,n/a,n/a,n/a,n/a,n/a,n/a,n/a,n/a,n/a,n/a
PM9_full_N500,S2,1823270101,500,False,PD_classic,9.0,5.0,1.0,0.0,True,0.0,0.5,100,15,30,0.1,100000,0.0,0.0,1.0,0.0,0.0,0.0,0.0,1.0,0.0,1.270272097743619,0.0,1.270272097743619,14.756,20.776,93.28552265971732,0.856,True,True,0.0,1157,baseline,2498,4655,3.7269815852682147,37.43657979976443,0.0014925837345887924,0.08077171329913706,0.011936993938619469,0.9883425963687186,0.9892627865191315,1.2466367713004485,0,classic,1.0,0.3,0.3,False,n/a,n/a,n/a,n/a,n/a,n/a,n/a,n/a,n/a,n/a,n/a,n/a,n/a,n/a,n/a,n/a,n/a,n/a,n/a
PM9_full_N500,S2,1823270101,500,False,PD_classic,9.0,5.0,1.0,0.0,True,0.0,0.5,100,15,30,0.1,100000,0.0,0.0,1.0,0.0,0.0,0.0,0.0,1.0,0.0,1.3905745662212112,0.0,1.3905745662212112,14.158,17.58,118.69392541099857,0.656,True,True,0.0011862671450707776,1329,fragmented,2498,3724,2.981585268214572,39.24618014657767,0.0011940669876710339,0.12488891773776238,0.013112611737932694,0.9848328477608647,0.985113573289573,1.4430379746835442,931,classic,1.0,0.3,0.3,False,n/a,n/a,n/a,n/a,n/a,n/a,n/a,n/a,n/a,n/a,n/a,n/a,n/a,n/a,n/a,n/a,n/a,n/a,n/a
PM9_full_N500,S2,1823270101,500,False,PD_classic,9.0,5.0,1.0,0.0,True,0.0,0.5,100,15,30,2.0,100000,0.0,0.0,1.0,0.0,0.0,0.0,0.0,1.0,0.0,1.0511039663657276,0.0,1.0511039663657276,15.0,232.18,10.314417311027483,1.0,True,True,0.0,889,baseline,2498,4655,3.7269815852682147,37.43657979976443,0.0014925837345887924,0.08077171329913706,0.011936993938619469,0.8211712328998677,0.9254727593705084,5.349494949494949,0,classic,1.0,0.3,0.3,False,n/a,n/a,n/a,n/a,n/a,n/a,n/a,n/a,n/a,n/a,n/a,n/a,n/a,n/a,n/a,n/a,n/a,n/a,n/a
PM9_full_N500,S2,1823270101,500,False,PD_classic,9.0,5.0,1.0,0.0,True,0.0,0.5,100,15,30,2.0,100000,0.0,0.0,1.0,0.0,0.0,0.0,0.0,1.0,0.0,1.0762586252636572,0.0,1.0762586252636572,15.0,186.336,14.10238907540605,1.0,True,True,0.0,1183,fragmented,2498,3724,2.981585268214572,39.24618014657767,0.0011940669876710339,0.12488891773776238,0.013112611737932694,0.8625516057239534,0.93945264151189,5.098989898989899,931,classic,1.0,0.3,0.3,False,n/a,n/a,n/a,n/a,n/a,n/a,n/a,n/a,n/a,n/a,n/a,n/a,n/a,n/a,n/a,n/a,n/a,n/a,n/a
PM9_full_N500,S2,1823270101,500,False,PD_classic,9.0,5.0,1.0,0.0,True,0.0,0.5,100,15,30,0.1,100000,0.0,0.0,1.0,0.0,0.0,0.0,0.0,1.0,0.0,1.2780744985682064,0.0,1.2780744985682064,14.72,20.512,92.95726334389482,0.854,True,True,0.0,1203,connected,2498,4675,3.7429943955164133,34.68666568511975,0.001498996554071451,0.07658923031325438,0.011844871063358168,0.9838342212171052,0.9838342212171052,1.1923076923076923,0,classic,1.0,0.3,0.3,False,n/a,n/a,n/a,n/a,n/a,n/a,n/a,n/a,n/a,n/a,n/a,n/a,n/a,n/a,n/a,n/a,n/a,n/a,n/a
PM9_full_N500,S2,1823270101,500,False,PD_classic,9.0,5.0,1.0,0.0,True,0.01,0.5,100,0,30,0.1,100000,0.11320000000000001,0.031200000000000006,0.6460000000000001,0.055600000000000004,0.06740000000000002,0.0334,0.053200000000000004,0.8815297098634675,0.01069830772223303,1.6962831600951376,1.8040679435436708,1.7311750938285926,20.764,20.764,94.34623803918363,0.0,False,True,-0.0065668390673548046,10763,baseline,2498,4655,3.7269815852682147,37.43657979976443,0.0014925837345887924,0.08077171329913706,0.011936993938619469,0.9866504127583968,0.9866504127583968,1.385321100917431,0,classic,1.0,0.3,0.3,False,n/a,n/a,n/a,n/a,n/a,n/a,n/a,n/a,n/a,n/a,n/a,n/a,n/a,n/a,n/a,n/a,n/a,n/a,n/a
PM9_full_N500,S2,1823270101,500,False,PD_classic,9.0,5.0,1.0,0.0,True,0.0,0.5,100,15,30,2.0,100000,0.0,0.0,1.0,0.0,0.0,0.0,0.0,1.0,0.0,1.0602221652670287,0.0,1.0602221652670287,15.0,231.976,10.20799205151056,1.0,True,True,0.0,917,connected,2498,4675,3.7429943955164133,34.68666568511975,0.001498996554071451,0.07658923031325438,0.011844871063358168,0.8193895686329368,0.925660187948668,5.527054108216433,0,classic,1.0,0.3,0.3,False,n/a,n/a,n/a,n/a,n/a,n/a,n/a,n/a,n/a,n/a,n/a,n/a,n/a,n/a,n/a,n/a,n/a,n/a,n/a
PM9_full_N500,S2,1823270101,500,False,PD_classic,9.0,5.0,1.0,0.0,True,0.01,0.5,100,0,30,0.1,100000,0.1038,0.037399999999999996,0.607,0.06520000000000001,0.06400000000000002,0.06160000000000001,0.06100000000000001,0.84755553370721,0.028055342044581093,1.8744725635789337,2.020953007580743,1.93807820075065,17.18,17.18,124.79477388123419,0.0,False,True,0.016436072144294437,11277,fragmented,2498,3724,2.981585268214572,39.24618014657767,0.0011940669876710339,0.12488891773776238,0.013112611737932694,0.9886476498717829,0.9886476498717829,1.4618834080717489,931,classic,1.0,0.3,0.3,False,n/a,n/a,n/a,n/a,n/a,n/a,n/a,n/a,n/a,n/a,n/a,n/a,n/a,n/a,n/a,n/a,n/a,n/a,n/a
PM9_full_N500,S2,1823270101,500,False,PD_classic,9.0,5.0,1.0,0.0,True,0.01,0.5,100,0,30,2.0,100000,0.034,0.013599999999999998,0.8792,0.024799999999999996,0.027800000000000002,0.007800000000000001,0.0128,0.9684299807716066,0.042695473251028807,1.2425858393788394,1.2482858936220218,1.2436205686489707,235.088,235.088,10.150476631755831,0.0,False,True,-0.011806213624849371,12964,baseline,2498,4655,3.7269815852682147,37.43657979976443,0.0014925837345887924,0.08077171329913706,0.011936993938619469,0.9159547069312817,0.9159547069312817,5.595190380761523,0,classic,1.0,0.3,0.3,False,n/a,n/a,n/a,n/a,n/a,n/a,n/a,n/a,n/a,n/a,n/a,n/a,n/a,n/a,n/a,n/a,n/a,n/a,n/a
PM9_full_N500,S2,1823270101,500,False,PD_classic,9.0,5.0,1.0,0.0,True,0.01,0.5,100,0,30,0.1,100000,0.05900000000000001,0.051000000000000004,0.7067999999999999,0.0558,0.0538,0.038599999999999995,0.034999999999999996,0.9498445714232538,0.0249746192893401,1.7478981844802923,1.7710511240818394,1.755433450188482,20.396,20.396,94.44536918357667,0.0,False,True,0.01732736850947184,10596,connected,2498,4675,3.7429943955164133,34.68666568511975,0.001498996554071451,0.07658923031325438,0.011844871063358168,0.9798218690799824,0.9798218690799824,1.4051724137931034,0,classic,1.0,0.3,0.3,False,n/a,n/a,n/a,n/a,n/a,n/a,n/a,n/a,n/a,n/a,n/a,n/a,n/a,n/a,n/a,n/a,n/a,n/a,n/a
PM9_full_N500,S2,1823270101,500,False,PD_classic,9.0,5.0,1.0,0.0,True,0.01,0.5,100,0,30,2.0,100000,0.028600000000000004,0.0116,0.8868,0.023399999999999997,0.0328,0.0066,0.010199999999999999,0.978181039834832,0.03541602227033715,1.241857327636472,1.2498008715973687,1.2425710621236998,192.972,192.972,13.539447971226554,0.0,False,True,5.2253009012402264e-05,13566,fragmented,2498,3724,2.981585268214572,39.24618014657767,0.0011940669876710339,0.12488891773776238,0.013112611737932694,0.9343441178321155,0.9343441178321155,5.360655737704918,931,classic,1.0,0.3,0.3,False,n/a,n/a,n/a,n/a,n/a,n/a,n/a,n/a,n/a,n/a,n/a,n/a,n/a,n/a,n/a,n/a,n/a,n/a,n/a
PM9_full_N500,S2,1823270101,500,False,PD_classic,9.0,5.0,1.0,0.0,True,0.01,0.5,100,5,30,0.1,100000,0.04819999999999999,0.029000000000000005,0.7003999999999999,0.04759999999999999,0.0548,0.053200000000000004,0.0668,0.8942725552544324,0.02718028940164255,1.7199017569620094,1.755810237046423,1.774944695537453,5.0,21.512,92.86596396184162,1.0,False,True,0.0016648194592789357,10950,baseline,2498,4655,3.7269815852682147,37.43657979976443,0.0014925837345887924,0.08077171329913706,0.011936993938619469,0.9816009116335183,0.9870314008021447,1.3472803347280335,0,classic,1.0,0.3,0.3,False,n/a,n/a,n/a,n/a,n/a,n/a,n/a,n/a,n/a,n/a,n/a,n/a,n/a,n/a,n/a,n/a,n/a,n/a,n/a
PM9_full_N500,S2,1823270101,500,False,PD_classic,9.0,5.0,1.0,0.0,True,0.01,0.5,100,0,30,2.0,100000,0.05960000000000001,0.007400000000000001,0.8534,0.025999999999999995,0.038799999999999994,0.008400000000000001,0.0064,0.963926384504554,0.050717547292889756,1.2485408812617647,1.2381563138533198,1.2471512592253604,230.384,230.384,10.281616471121612,0.0,False,True,-0.003924591698363131,12849,connected,2498,4675,3.7429943955164133,34.68666568511975,0.001498996554071451,0.07658923031325438,0.011844871063358168,0.9119676618603945,0.9119676618603945,5.847695390781563,0,classic,1.0,0.3,0.3,False,n/a,n/a,n/a,n/a,n/a,n/a,n/a,n/a,n/a,n/a,n/a,n/a,n/a,n/a,n/a,n/a,n/a,n/a,n/a
PM9_full_N500,S2,1823270101,500,False,PD_classic,9.0,5.0,1.0,0.0,True,0.01,0.5,100,5,30,0.1,100000,0.10500000000000001,0.051000000000000004,0.6359999999999999,0.05319999999999999,0.06680000000000001,0.04559999999999999,0.0424,0.8607356527067618,0.03323836657169991,1.9797919165229207,2.1804188169983845,2.0288936099102672,4.996,16.796,124.64404071917771,0.986,False,True,0.0007015036060118606,11146,fragmented,2498,3724,2.981585268214572,39.24618014657767,0.0011940669876710339,0.12488891773776238,0.013112611737932694,0.9834719867829835,0.9866639708359509,1.4695652173913043,931,classic,1.0,0.3,0.3,False,n/a,n/a,n/a,n/a,n/a,n/a,n/a,n/a,n/a,n/a,n/a,n/a,n/a,n/a,n/a,n/a,n/a,n/a,n/a
PM9_full_N500,S2,1823270101,500,False,PD_classic,9.0,5.0,1.0,0.0,True,0.01,0.5,100,5,30,2.0,100000,0.010799999999999999,0.0058000000000000005,0.9387999999999999,0.004800000000000001,0.0188,0.0128,0.008200000000000002,0.9778676274383915,0.0366457576758006,1.238328522764286,1.2294278073366642,1.2380900691526895,5.0,234.32,10.10146899523352,1.0,False,True,-0.0004057264229042268,10256,baseline,2498,4655,3.7269815852682147,37.43657979976443,0.0014925837345887924,0.08077171329913706,0.011936993938619469,0.7846923181917335,0.9238308770065551,5.570281124497992,0,classic,1.0,0.3,0.3,False,n/a,n/a,n/a,n/a,n/a,n/a,n/a,n/a,n/a,n/a,n/a,n/a,n/a,n/a,n/a,n/a,n/a,n/a,n/a
PM9_full_N500,S2,1823270101,500,False,PD_classic,9.0,5.0,1.0,0.0,True,0.01,0.5,100,5,30,0.1,100000,0.03200000000000001,0.030800000000000004,0.7378,0.04699999999999999,0.0506,0.0524,0.04939999999999999,0.9004249239975058,0.01822871883061049,1.6480266718544065,2.019454298618917,1.6831923492071086,5.0,20.672,94.50124830839957,1.0,False,True,0.006835582542332366,10482,connected,2498,4675,3.7429943955164133,34.68666568511975,0.001498996554071451,0.07658923031325438,0.011844871063358168,0.980946991349653,0.9870322962647833,1.312,0,classic,1.0,0.3,0.3,False,n/a,n/a,n/a,n/a,n/a,n/a,n/a,n/a,n/a,n/a,n/a,n/a,n/a,n/a,n/a,n/a,n/a,n/a,n/a
PM9_full_N500,S2,1823270101,500,False,PD_classic,9.0,5.0,1.0,0.0,True,0.01,0.5,100,5,30,2.0,100000,0.014400000000000001,0.0098,0.9354000000000001,0.008199999999999999,0.017799999999999996,0.005,0.0094,0.978195990386299,0.03916240409207161,1.232396569605348,1.2045234844949007,1.231759486456542,5.0,190.68,13.666906278159233,1.0,False,True,-0.00042254569018276074,11052,fragmented,2498,3724,2.981585268214572,39.24618014657767,0.0011940669876710339,0.12488891773776238,0.013112611737932694,0.823032581114839,0.9386284144525205,5.049180327868853,931,classic,1.0,0.3,0.3,False,n/a,n/a,n/a,n/a,n/a,n/a,n/a,n/a,n/a,n/a,n/a,n/a,n/a,n/a,n/a,n/a,n/a,n/a,n/a
PM9_full_N500,S2,1823270101,500,False,PD_classic,9.0,5.0,1.0,0.0,True,0.01,0.5,100,15,30,0.1,100000,0.1042,0.03560000000000001,0.6411999999999999,0.06340000000000001,0.08219999999999998,0.04459999999999999,0.028800000000000003,0.816056614560584,0.022595356550580432,1.6622486954669653,1.7946101024354761,1.7071911708075707,14.708,21.064,94.2168894764723,0.874,False,True,-0.00018668234672828828,10479,baseline,2498,4655,3.7269815852682147,37.43657979976443,0.0014925837345887924,0.08077171329913706,0.011936993938619469,0.9891200447100107,0.9894396357540396,1.3246753246753247,0,classic,1.0,0.3,0.3,False,n/a,n/a,n/a,n/a,n/a,n/a,n/a,n/a,n/a,n/a,n/a,n/a,n/a,n/a,n/a,n/a,n/a,n/a,n/a
PM9_full_N500,S2,1823270101,500,False,PD_classic,9.0,5.0,1.0,0.0,True,0.01,0.5,100,5,30,2.0,100000,0.0202,0.010000000000000004,0.9312000000000001,0.013000000000000001,0.012,0.0108,0.002800000000000001,0.9724456325006194,0.05193548387096774,1.241959274972204,1.2714297131060714,1.2424130374891071,5.0,231.8,10.18754416646088,1.0,False,True,-0.0012647282589123032,10334,connected,2498,4675,3.7429943955164133,34.68666568511975,0.001498996554071451,0.07658923031325438,0.011844871063358168,0.788075050459169,0.925232046130578,5.802816901408451,0,classic,1.0,0.3,0.3,False,n/a,n/a,n/a,n/a,n/a,n/a,n/a,n/a,n/a,n/a,n/a,n/a,n/a,n/a,n/a,n/a,n/a,n/a,n/a
PM9_full_N500,S2,1823270101,500,False,PD_classic,9.0,5.0,1.0,0.0,True,0.01,0.5,100,15,30,0.1,100000,0.11000000000000001,0.03319999999999999,0.6536000000000001,0.056600000000000004,0.06520000000000001,0.038799999999999994,0.04259999999999999,0.8896351515629455,0.02731381410886225,1.8698236390183713,1.9153978913344276,1.9362008262175128,14.082,17.208,124.3884947803075,0.624,False,True,0.01857076548306596,11351,fragmented,2498,3724,2.981585268214572,39.24618014657767,0.0011940669876710339,0.12488891773776238,0.013112611737932694,0.9820929530496431,0.982308175615096,1.3640552995391706,931,classic,1.0,0.3,0.3,False,n/a,n/a,n/a,n/a,n/a,n/a,n/a,n/a,n/a,n/a,n/a,n/a,n/a,n/a,n/a,n/a,n/a,n/a,n/a
PM9_full_N500,S2,1823270101,500,False,PD_classic,9.0,5.0,1.0,0.0,True,0.01,0.5,100,15,30,2.0,100000,0.024599999999999993,0.008799999999999999,0.9172,0.0142,0.022600000000000002,0.0064,0.0062,0.974407486260364,0.04556564245810056,1.2318937741159952,1.2199757914223976,1.2315349380306244,15.0,233.064,10.298758581760836,1.0,False,True,0.002923067692269304,11038,baseline,2498,4655,3.7269815852682147,37.43657979976443,0.0014925837345887924,0.08077171329913706,0.011936993938619469,0.820531921716292,0.9183752961098408,5.364185110663984,0,classic,1.0,0.3,0.3,False,n/a,n/a,n/a,n/a,n/a,n/a,n/a,n/a,n/a,n/a,n/a,n/a,n/a,n/a,n/a,n/a,n/a,n/a,n/a
PM9_full_N500,S2,1823270101,500,False,PD_classic,9.0,5.0,1.0,0.0,True,0.01,0.5,100,15,30,0.1,100000,0.06620000000000001,0.0526,0.6981999999999999,0.04959999999999999,0.054000000000000006,0.0402,0.0392,0.879210022233915,0.021996980806555964,1.7458211211615398,1.8957880043385025,1.7610131825900721,14.762,20.348,93.61998406836868,0.882,False,False,0.022943525374099664,10498,connected,2498,4675,3.7429943955164133,34.68666568511975,0.001498996554071451,0.07658923031325438,0.011844871063358168,0.9891020325851878,0.9901306590461332,1.3786407766990292,0,classic,1.0,0.3,0.3,False,n/a,n/a,n/a,n/a,n/a,n/a,n/a,n/a,n/a,n/a,n/a,n/a,n/a,n/a,n/a,n/a,n/a,n/a,n/a
PM9_full_N500,S2,1823270101,500,False,PD_classic,9.0,5.0,1.0,0.0,True,0.01,0.5,100,15,30,2.0,100000,0.027200000000000002,0.0094,0.8987999999999999,0.014800000000000002,0.024399999999999995,0.015000000000000003,0.0104,0.9681330849682188,0.05259771594016407,1.2390890318061716,1.2225669618652104,1.2391995595579481,15.0,190.208,13.825445427471353,1.0,False,True,0.0021079860319419305,12031,fragmented,2498,3724,2.981585268214572,39.24618014657767,0.0011940669876710339,0.12488891773776238,0.013112611737932694,0.8548341688481086,0.9354914513447562,5.1075050709939145,931,classic,1.0,0.3,0.3,False,n/a,n/a,n/a,n/a,n/a,n/a,n/a,n/a,n/a,n/a,n/a,n/a,n/a,n/a,n/a,n/a,n/a,n/a,n/a
PM9_full_N500,S2,1823270101,500,False,weak_PD,1.6,1.0,0.0,0.0,True,0.0,0.5,100,0,30,0.1,100000,0.0,0.0,1.0,0.0,0.0,0.0,0.0,1.0,0.0,0.12226728236633057,0.0,0.12226728236633057,20.5,20.5,95.95888622569726,0.0,True,True,0.0100606770427111,2508,baseline,2498,4655,3.7269815852682147,37.43657979976443,0.0014925837345887924,0.08077171329913706,0.011936993938619469,0.9907831749183846,0.9907831749183846,1.2653061224489797,0,classic,1.0,0.3,0.3,False,n/a,n/a,n/a,n/a,n/a,n/a,n/a,n/a,n/a,n/a,n/a,n/a,n/a,n/a,n/a,n/a,n/a,n/a,n/a
PM9_full_N500,S2,1823270101,500,False,PD_classic,9.0,5.0,1.0,0.0,True,0.01,0.5,100,15,30,2.0,100000,0.009400000000000002,0.0038,0.9433999999999999,0.0162,0.0092,0.0118,0.0062,0.9793181567232514,0.03665665981987676,1.2369237911320812,1.2958158210700246,1.2372764372561278,15.0,231.66,10.289456867441743,1.0,False,True,0.004025344101378603,10811,connected,2498,4675,3.7429943955164133,34.68666568511975,0.001498996554071451,0.07658923031325438,0.011844871063358168,0.8265508919753761,0.9142049082884746,5.74,0,classic,1.0,0.3,0.3,False,n/a,n/a,n/a,n/a,n/a,n/a,n/a,n/a,n/a,n/a,n/a,n/a,n/a,n/a,n/a,n/a,n/a,n/a,n/a
PM9_full_N500,S2,1823270101,500,False,weak_PD,1.6,1.0,0.0,0.0,True,0.0,0.5,100,0,30,0.1,100000,0.0,0.0020000000000000005,0.9879999999999998,0.005999999999999999,0.0,0.004000000000000001,0.0,0.9945595023303205,0.0,0.19870266330054262,0.0,0.20181964476729078,17.552,17.552,120.34615207915473,0.0,False,False,0.031668337873347094,2803,fragmented,2498,3724,2.981585268214572,39.24618014657767,0.0011940669876710339,0.12488891773776238,0.013112611737932694,0.9842576459244398,0.9842576459244398,1.3232323232323233,931,classic,1.0,0.3,0.3,False,n/a,n/a,n/a,n/a,n/a,n/a,n/a,n/a,n/a,n/a,n/a,n/a,n/a,n/a,n/a,n/a,n/a,n/a,n/a
PM9_full_N500,S2,1823270101,500,False,weak_PD,1.6,1.0,0.0,0.0,True,0.0,0.5,100,0,30,2.0,100000,0.0,0.0,1.0,0.0,0.0,0.0,0.0,1.0,0.0,0.027629279037756974,0.0,0.027629279037756974,235.012,235.012,10.200345505887114,0.0,True,True,0.0,1926,baseline,2498,4655,3.7269815852682147,37.43657979976443,0.0014925837345887924,0.08077171329913706,0.011936993938619469,0.9347135677479862,0.9347135677479862,5.806451612903226,0,classic,1.0,0.3,0.3,False,n/a,n/a,n/a,n/a,n/a,n/a,n/a,n/a,n/a,n/a,n/a,n/a,n/a,n/a,n/a,n/a,n/a,n/a,n/a
PM9_full_N500,S2,1823270101,500,False,weak_PD,1.6,1.0,0.0,0.0,True,0.0,0.5,100,0,30,0.1,100000,0.0,0.0,0.99,0.009999999999999998,0.0,0.0,0.0,0.9889489086398455,0.0,0.1172275828294353,0.0,0.12084633759233031,20.76,20.76,93.14231965054906,0.0,False,True,0.003166275065089274,2337,connected,2498,4675,3.7429943955164133,34.68666568511975,0.001498996554071451,0.07658923031325438,0.011844871063358168,0.9757335632671075,0.9757335632671075,1.2413793103448276,0,classic,1.0,0.3,0.3,False,n/a,n/a,n/a,n/a,n/a,n/a,n/a,n/a,n/a,n/a,n/a,n/a,n/a,n/a,n/a,n/a,n/a,n/a,n/a
PM9_full_N500,S2,1823270101,500,False,weak_PD,1.6,1.0,0.0,0.0,True,0.0,0.5,100,0,30,2.0,100000,0.0,0.0,1.0,0.0,0.0,0.0,0.0,1.0,0.0,0.034925308582742454,0.0,0.034925308582742454,191.612,191.612,13.656377113176308,0.0,True,True,0.0,2584,fragmented,2498,3724,2.981585268214572,39.24618014657767,0.0011940669876710339,0.12488891773776238,0.013112611737932694,0.9344078857158464,0.9344078857158464,5.173387096774194,931,classic,1.0,0.3,0.3,False,n/a,n/a,n/a,n/a,n/a,n/a,n/a,n/a,n/a,n/a,n/a,n/a,n/a,n/a,n/a,n/a,n/a,n/a,n/a
PM9_full_N500,S2,1823270101,500,False,weak_PD,1.6,1.0,0.0,0.0,True,0.0,0.5,100,5,30,0.1,100000,0.0,0.0,0.9984000000000002,0.0,0.0,0.0016,0.0,0.9999152542372881,0.0001768972227136034,0.12212327710976048,0.0,0.12212327710976048,5.0,20.616,95.5327370577732,1.0,True,True,0.012602805611204866,2504,baseline,2498,4655,3.7269815852682147,37.43657979976443,0.0014925837345887924,0.08077171329913706,0.011936993938619469,0.9780525540787873,0.9847289282868489,1.4895397489539748,0,classic,1.0,0.3,0.3,False,n/a,n/a,n/a,n/a,n/a,n/a,n/a,n/a,n/a,n/a,n/a,n/a,n/a,n/a,n/a,n/a,n/a,n/a,n/a
PM9_full_N500,S2,1823270101,500,False,weak_PD,1.6,1.0,0.0,0.0,True,0.0,0.5,100,0,30,2.0,100000,0.0,0.0,1.0,0.0,0.0,0.0,0.0,1.0,0.0,0.023471633473885943,0.0,0.023471633473885943,232.864,232.864,10.213123874937358,0.0,True,True,0.0,1660,connected,2498,4675,3.7429943955164133,34.68666568511975,0.001498996554071451,0.07658923031325438,0.011844871063358168,0.9199249370114343,0.9199249370114343,5.551102204408818,0,classic,1.0,0.3,0.3,False,n/a,n/a,n/a,n/a,n/a,n/a,n/a,n/a,n/a,n/a,n/a,n/a,n/a,n/a,n/a,n/a,n/a,n/a,n/a
PM9_full_N500,S2,1823270101,500,False,weak_PD,1.6,1.0,0.0,0.0,True,0.0,0.5,100,5,30,0.1,100000,0.0,0.0,1.0,0.0,0.0,0.0,0.0,1.0,0.0,0.1952746200048287,0.0,0.1952746200048287,4.998,17.428,121.73994290154216,0.998,True,False,0.03127311389245484,2732,fragmented,2498,3724,2.981585268214572,39.24618014657767,0.0011940669876710339,0.12488891773776238,0.013112611737932694,0.9859073633175646,0.9894267206947958,1.3771929824561404,931,classic,1.0,0.3,0.3,False,n/a,n/a,n/a,n/a,n/a,n/a,n/a,n/a,n/a,n/a,n/a,n/a,n/a,n/a,n/a,n/a,n/a,n/a,n/a
PM9_full_N500,S2,1823270101,500,False,weak_PD,1.6,1.0,0.0,0.0,True,0.0,0.5,100,5,30,2.0,100000,0.0,0.0,1.0,0.0,0.0,0.0,0.0,1.0,0.0,0.02646331207794721,0.0,0.02646331207794721,5.0,233.672,10.211634108087527,1.0,True,True,0.0,1756,baseline,2498,4655,3.7269815852682147,37.43657979976443,0.0014925837345887924,0.08077171329913706,0.011936993938619469,0.7736465684270465,0.9273582460119615,5.353535353535354,0,classic,1.0,0.3,0.3,False,n/a,n/a,n/a,n/a,n/a,n/a,n/a,n/a,n/a,n/a,n/a,n/a,n/a,n/a,n/a,n/a,n/a,n/a,n/a
PM9_full_N500,S2,1823270101,500,False,weak_PD,1.6,1.0,0.0,0.0,True,0.0,0.5,100,5,30,0.1,100000,0.0,0.0,1.0,0.0,0.0,0.0,0.0,1.0,0.0,0.12748075118677074,0.0,0.12748075118677074,5.0,21.16,92.8970427877435,1.0,True,True,0.009894961179843254,2696,connected,2498,4675,3.7429943955164133,34.68666568511975,0.001498996554071451,0.07658923031325438,0.011844871063358168,0.9785145591726312,0.982645357944921,1.3562231759656653,0,classic,1.0,0.3,0.3,False,n/a,n/a,n/a,n/a,n/a,n/a,n/a,n/a,n/a,n/a,n/a,n/a,n/a,n/a,n/a,n/a,n/a,n/a,n/a
PM9_full_N500,S2,1823270101,500,False,weak_PD,1.6,1.0,0.0,0.0,True,0.0,0.5,100,5,30,2.0,100000,0.0,0.0,1.0,0.0,0.0,0.0,0.0,1.0,0.0,0.028772504701765702,0.0,0.028772504701765702,5.0,187.68,13.993418355439001,1.0,True,True,0.0,2018,fragmented,2498,3724,2.981585268214572,39.24618014657767,0.0011940669876710339,0.12488891773776238,0.013112611737932694,0.8301566168322613,0.9406055599420409,4.947368421052632,931,classic,1.0,0.3,0.3,False,n/a,n/a,n/a,n/a,n/a,n/a,n/a,n/a,n/a,n/a,n/a,n/a,n/a,n/a,n/a,n/a,n/a,n/a,n/a
PM9_full_N500,S2,1823270101,500,False,weak_PD,1.6,1.0,0.0,0.0,True,0.0,0.5,100,15,30,0.1,100000,0.0,0.0,0.9970000000000002,0.0,0.003,0.0,0.0,1.0,0.0,0.12445181499813911,0.0,0.12405796476043822,14.664,20.364,95.88110337040631,0.82,False,True,0.009779741518963147,2518,baseline,2498,4655,3.7269815852682147,37.43657979976443,0.0014925837345887924,0.08077171329913706,0.011936993938619469,0.9786966245414708,0.9805293666132233,1.2538860103626943,0,classic,1.0,0.3,0.3,False,n/a,n/a,n/a,n/a,n/a,n/a,n/a,n/a,n/a,n/a,n/a,n/a,n/a,n/a,n/a,n/a,n/a,n/a,n/a
PM9_full_N500,S2,1823270101,500,False,weak_PD,1.6,1.0,0.0,0.0,True,0.0,0.5,100,5,30,2.0,100000,0.0,0.0,1.0,0.0,0.0,0.0,0.0,1.0,0.0,0.023830783906283376,0.0,0.023830783906283376,5.0,232.424,10.14406398864853,1.0,True,True,0.0,1582,connected,2498,4675,3.7429943955164133,34.68666568511975,0.001498996554071451,0.07658923031325438,0.011844871063358168,0.7750407260471989,0.922484143232968,5.485943775100401,0,classic,1.0,0.3,0.3,False,n/a,n/a,n/a,n/a,n/a,n/a,n/a,n/a,n/a,n/a,n/a,n/a,n/a,n/a,n/a,n/a,n/a,n/a,n/a
PM9_full_N500,S2,1823270101,500,False,weak_PD,1.6,1.0,0.0,0.0,True,0.0,0.5,100,15,30,0.1,100000,0.0,0.0020000000000000005,0.9879999999999998,0.005999999999999999,0.0,0.004000000000000001,0.0,0.9945595023303205,0.0,0.19870266330054262,0.0,0.20181964476729078,14.15,17.552,120.34615207915473,0.64,False,False,0.031668337873347094,2803,fragmented,2498,3724,2.981585268214572,39.24618014657767,0.0011940669876710339,0.12488891773776238,0.013112611737932694,0.9826920156368125,0.9842576459244398,1.3232323232323233,931,classic,1.0,0.3,0.3,False,n/a,n/a,n/a,n/a,n/a,n/a,n/a,n/a,n/a,n/a,n/a,n/a,n/a,n/a,n/a,n/a,n/a,n/a,n/a
PM9_full_N500,S2,1823270101,500,False,weak_PD,1.6,1.0,0.0,0.0,True,0.0,0.5,100,15,30,2.0,100000,0.0,0.0,1.0,0.0,0.0,0.0,0.0,1.0,0.0,0.026995663819881163,0.0,0.026995663819881163,15.0,230.328,10.307497877376452,1.0,True,True,0.0,1774,baseline,2498,4655,3.7269815852682147,37.43657979976443,0.0014925837345887924,0.08077171329913706,0.011936993938619469,0.8197443476185634,0.921585004033835,5.488933601609658,0,classic,1.0,0.3,0.3,False,n/a,n/a,n/a,n/a,n/a,n/a,n/a,n/a,n/a,n/a,n/a,n/a,n/a,n/a,n/a,n/a,n/a,n/a,n/a
PM9_full_N500,S2,1823270101,500,False,weak_PD,1.6,1.0,0.0,0.0,True,0.0,0.5,100,15,30,0.1,100000,0.0,0.0,0.99,0.009999999999999998,0.0,0.0,0.0,0.9889489086398455,0.0,0.1172275828294353,0.0,0.12084633759233031,14.704,20.76,93.14231965054906,0.858,False,True,0.003166275065089274,2337,connected,2498,4675,3.7429943955164133,34.68666568511975,0.001498996554071451,0.07658923031325438,0.011844871063358168,0.9744228423175819,0.9757335632671075,1.2413793103448276,0,classic,1.0,0.3,0.3,False,n/a,n/a,n/a,n/a,n/a,n/a,n/a,n/a,n/a,n/a,n/a,n/a,n/a,n/a,n/a,n/a,n/a,n/a,n/a
PM9_full_N500,S2,1823270101,500,False,weak_PD,1.6,1.0,0.0,0.0,True,0.0,0.5,100,15,30,2.0,100000,0.0,0.0,1.0,0.0,0.0,0.0,0.0,1.0,0.0,0.03037301495646918,0.0,0.03037301495646918,15.0,188.66,13.952675623281682,1.0,True,True,0.0,2197,fragmented,2498,3724,2.981585268214572,39.24618014657767,0.0011940669876710339,0.12488891773776238,0.013112611737932694,0.8651857229774224,0.9363221366264067,5.511111111111111,931,classic,1.0,0.3,0.3,False,n/a,n/a,n/a,n/a,n/a,n/a,n/a,n/a,n/a,n/a,n/a,n/a,n/a,n/a,n/a,n/a,n/a,n/a,n/a
PM9_full_N500,S2,1823270101,500,False,weak_PD,1.6,1.0,0.0,0.0,True,0.01,0.5,100,0,30,0.1,100000,0.09099999999999998,0.0804,0.47220000000000006,0.1068,0.08699999999999998,0.10540000000000001,0.05720000000000001,0.6954879526677812,0.03540022547914318,0.35445863196188426,0.39341874228709395,0.38232548504771,21.268,21.268,93.45372134622252,0.0,False,True,0.008395185580743056,14521,baseline,2498,4655,3.7269815852682147,37.43657979976443,0.0014925837345887924,0.08077171329913706,0.011936993938619469,0.9833957303690726,0.9833957303690726,1.3051643192488263,0,classic,1.0,0.3,0.3,False,n/a,n/a,n/a,n/a,n/a,n/a,n/a,n/a,n/a,n/a,n/a,n/a,n/a,n/a,n/a,n/a,n/a,n/a,n/a
PM9_full_N500,S2,1823270101,500,False,weak_PD,1.6,1.0,0.0,0.0,True,0.0,0.5,100,15,30,2.0,100000,0.0,0.0,1.0,0.0,0.0,0.0,0.0,1.0,0.0,0.024347875188770067,0.0,0.024347875188770067,15.0,229.608,10.347753473437184,1.0,True,True,0.0,1709,connected,2498,4675,3.7429943955164133,34.68666568511975,0.001498996554071451,0.07658923031325438,0.011844871063358168,0.8173669983739561,0.9243112945062496,5.51004016064257,0,classic,1.0,0.3,0.3,False,n/a,n/a,n/a,n/a,n/a,n/a,n/a,n/a,n/a,n/a,n/a,n/a,n/a,n/a,n/a,n/a,n/a,n/a,n/a
PM9_full_N500,S2,1823270101,500,False,weak_PD,1.6,1.0,0.0,0.0,True,0.01,0.5,100,0,30,0.1,100000,0.11600000000000002,0.0696,0.45540000000000014,0.07519999999999999,0.12440000000000002,0.09659999999999999,0.06280000000000001,0.7394505313807616,0.027306143882373533,0.4165829361175215,0.45174129717192935,0.43790778410115644,17.804,17.804,125.98319725964565,0.0,False,True,0.014693713174854529,14512,fragmented,2498,3724,2.981585268214572,39.24618014657767,0.0011940669876710339,0.12488891773776238,0.013112611737932694,0.9918954099530476,0.9918954099530476,1.403225806451613,931,classic,1.0,0.3,0.3,False,n/a,n/a,n/a,n/a,n/a,n/a,n/a,n/a,n/a,n/a,n/a,n/a,n/a,n/a,n/a,n/a,n/a,n/a,n/a
PM9_full_N500,S2,1823270101,500,False,weak_PD,1.6,1.0,0.0,0.0,True,0.01,0.5,100,0,30,2.0,100000,0.05620000000000001,0.018999999999999996,0.7747999999999999,0.04379999999999999,0.05720000000000001,0.032600000000000004,0.016399999999999998,0.9211529845194487,0.08006902502157032,0.11812830176134659,0.11788613342584624,0.11914187043796258,230.792,230.792,10.39516186070186,0.0,False,True,-0.007916009264031562,19334,baseline,2498,4655,3.7269815852682147,37.43657979976443,0.0014925837345887924,0.08077171329913706,0.011936993938619469,0.9372439031159507,0.9372439031159507,5.329317269076305,0,classic,1.0,0.3,0.3,False,n/a,n/a,n/a,n/a,n/a,n/a,n/a,n/a,n/a,n/a,n/a,n/a,n/a,n/a,n/a,n/a,n/a,n/a,n/a
PM9_full_N500,S2,1823270101,500,False,weak_PD,1.6,1.0,0.0,0.0,True,0.01,0.5,100,0,30,0.1,100000,0.1028,0.06480000000000001,0.5052,0.1376,0.07939999999999998,0.05399999999999999,0.05620000000000001,0.7017345112154539,0.043345543345543344,0.3599136708836009,0.37489986430425937,0.3862512456444053,20.776,20.776,91.84773373867122,0.0,False,True,-0.002331772527085714,13809,connected,2498,4675,3.7429943955164133,34.68666568511975,0.001498996554071451,0.07658923031325438,0.011844871063358168,0.978797501203514,0.978797501203514,1.330316742081448,0,classic,1.0,0.3,0.3,False,n/a,n/a,n/a,n/a,n/a,n/a,n/a,n/a,n/a,n/a,n/a,n/a,n/a,n/a,n/a,n/a,n/a,n/a,n/a
PM9_full_N500,S2,1823270101,500,False,weak_PD,1.6,1.0,0.0,0.0,True,0.01,0.5,100,0,30,2.0,100000,0.07659999999999999,0.021400000000000002,0.7282,0.09379999999999998,0.03879999999999999,0.020399999999999998,0.0208,0.9140418347627174,0.09883069037321801,0.13501772413562158,0.12657644806227158,0.1342466257341986,185.308,185.308,13.986938662034374,0.0,False,True,-0.013433256933028463,22131,fragmented,2498,3724,2.981585268214572,39.24618014657767,0.0011940669876710339,0.12488891773776238,0.013112611737932694,0.9375462808287626,0.9375462808287626,5.024193548387097,931,classic,1.0,0.3,0.3,False,n/a,n/a,n/a,n/a,n/a,n/a,n/a,n/a,n/a,n/a,n/a,n/a,n/a,n/a,n/a,n/a,n/a,n/a,n/a
PM9_full_N500,S2,1823270101,500,False,weak_PD,1.6,1.0,0.0,0.0,True,0.01,0.5,100,0,30,2.0,100000,0.09559999999999999,0.014800000000000002,0.7296000000000001,0.052000000000000005,0.06440000000000001,0.0226,0.020999999999999998,0.9132583447780744,0.08942536552193131,0.11209582985871486,0.11159517755354646,0.11227292087804067,234.904,234.904,10.17365854990441,0.0,False,True,-0.018734302137210012,18855,connected,2498,4675,3.7429943955164133,34.68666568511975,0.001498996554071451,0.07658923031325438,0.011844871063358168,0.9188476627797028,0.9188476627797028,5.471774193548387,0,classic,1.0,0.3,0.3,False,n/a,n/a,n/a,n/a,n/a,n/a,n/a,n/a,n/a,n/a,n/a,n/a,n/a,n/a,n/a,n/a,n/a,n/a,n/a
PM9_full_N500,S2,1823270101,500,False,weak_PD,1.6,1.0,0.0,0.0,True,0.01,0.5,100,5,30,0.1,100000,0.11720000000000001,0.0704,0.49539999999999995,0.08859999999999998,0.07699999999999999,0.08719999999999999,0.06420000000000001,0.7157715948184862,0.0310307609282245,0.3669781988039576,0.35885307333344846,0.3826535045940605,5.0,21.256,93.55536491331888,1.0,False,True,0.018912930051718378,14108,baseline,2498,4655,3.7269815852682147,37.43657979976443,0.0014925837345887924,0.08077171329913706,0.011936993938619469,0.9719606466990233,0.9856439252315412,1.2964824120603016,0,classic,1.0,0.3,0.3,False,n/a,n/a,n/a,n/a,n/a,n/a,n/a,n/a,n/a,n/a,n/a,n/a,n/a,n/a,n/a,n/a,n/a,n/a,n/a
PM9_full_N500,S2,1823270101,500,False,weak_PD,1.6,1.0,0.0,0.0,True,0.01,0.5,100,5,30,0.1,100000,0.1206,0.053200000000000004,0.4556,0.12399999999999997,0.09099999999999998,0.0802,0.0754,0.7350911025674692,0.02201870615744349,0.41299629554780115,0.46825907034800657,0.4422575452032751,4.996,17.576,124.45673289383544,0.998,False,True,0.0037933879735544576,14218,fragmented,2498,3724,2.981585268214572,39.24618014657767,0.0011940669876710339,0.12488891773776238,0.013112611737932694,0.9813522337785155,0.983423573034024,1.4885844748858448,931,classic,1.0,0.3,0.3,False,n/a,n/a,n/a,n/a,n/a,n/a,n/a,n/a,n/a,n/a,n/a,n/a,n/a,n/a,n/a,n/a,n/a,n/a,n/a
PM9_full_N500,S2,1823270101,500,False,weak_PD,1.6,1.0,0.0,0.0,True,0.01,0.5,100,5,30,2.0,100000,0.0256,0.014199999999999999,0.8618,0.0464,0.0188,0.016999999999999998,0.0162,0.9372258536462728,0.0868899846964802,0.10835916014426487,0.11569204711313985,0.1085184007684011,5.0,231.36,10.279146529215353,1.0,False,True,0.0015714302857182132,15345,baseline,2498,4655,3.7269815852682147,37.43657979976443,0.0014925837345887924,0.08077171329913706,0.011936993938619469,0.7752495779038784,0.9179502542618373,5.642570281124498,0,classic,1.0,0.3,0.3,False,n/a,n/a,n/a,n/a,n/a,n/a,n/a,n/a,n/a,n/a,n/a,n/a,n/a,n/a,n/a,n/a,n/a,n/a,n/a
PM9_full_N500,S2,1823270101,500,False,weak_PD,1.6,1.0,0.0,0.0,True,0.01,0.5,100,5,30,0.1,100000,0.08639999999999999,0.047999999999999994,0.563,0.1028,0.08159999999999999,0.08739999999999998,0.030800000000000004,0.8108540600939781,0.0470838984692889,0.3978601039982776,0.4203130969314959,0.4146589421907431,5.0,20.756,91.4072344601849,1.0,False,False,0.021687849951400353,14127,connected,2498,4675,3.7429943955164133,34.68666568511975,0.001498996554071451,0.07658923031325438,0.011844871063358168,0.9718686384028143,0.9781667285610708,1.3195020746887967,0,classic,1.0,0.3,0.3,False,n/a,n/a,n/a,n/a,n/a,n/a,n/a,n/a,n/a,n/a,n/a,n/a,n/a,n/a,n/a,n/a,n/a,n/a,n/a
PM9_full_N500,S2,1823270101,500,False,weak_PD,1.6,1.0,0.0,0.0,True,0.01,0.5,100,5,30,2.0,100000,0.015599999999999998,0.0184,0.8720000000000001,0.026799999999999997,0.032200000000000006,0.018999999999999996,0.016,0.9448053727098392,0.08093009210327647,0.11662688618169925,0.12132113705385993,0.11713195070394601,5.0,185.184,14.162772432249602,1.0,False,True,0.003973071892287203,17145,fragmented,2498,3724,2.981585268214572,39.24618014657767,0.0011940669876710339,0.12488891773776238,0.013112611737932694,0.826969397814807,0.9396875335212138,5.151515151515151,931,classic,1.0,0.3,0.3,False,n/a,n/a,n/a,n/a,n/a,n/a,n/a,n/a,n/a,n/a,n/a,n/a,n/a,n/a,n/a,n/a,n/a,n/a,n/a
PM9_full_N500,S2,1823270101,500,False,weak_PD,1.6,1.0,0.0,0.0,True,0.01,0.5,100,15,30,0.1,100000,0.1226,0.054400000000000004,0.4629999999999999,0.1116,0.09259999999999999,0.08699999999999998,0.06880000000000001,0.7666239577134759,0.0573175391669851,0.3630780907674232,0.3744871029684943,0.3830140361257273,14.742,21.36,91.04192202546538,0.866,False,True,0.007852994611979363,14513,baseline,2498,4655,3.7269815852682147,37.43657979976443,0.0014925837345887924,0.08077171329913706,0.011936993938619469,0.978854323185878,0.9796496616834064,1.368421052631579,0,classic,1.0,0.3,0.3,False,n/a,n/a,n/a,n/a,n/a,n/a,n/a,n/a,n/a,n/a,n/a,n/a,n/a,n/a,n/a,n/a,n/a,n/a,n/a
PM9_full_N500,S2,1823270101,500,False,weak_PD,1.6,1.0,0.0,0.0,True,0.01,0.5,100,5,30,2.0,100000,0.03300000000000001,0.009999999999999998,0.8649999999999999,0.029400000000000003,0.021199999999999997,0.019,0.022399999999999996,0.9446701535185676,0.07403074866310161,0.10917544870405341,0.10714697029947018,0.1093575261556759,5.0,228.588,10.415429206365138,1.0,False,True,-0.0013327925311682936,15246,connected,2498,4675,3.7429943955164133,34.68666568511975,0.001498996554071451,0.07658923031325438,0.011844871063358168,0.7843085866505156,0.9186044628685385,5.484909456740443,0,classic,1.0,0.3,0.3,False,n/a,n/a,n/a,n/a,n/a,n/a,n/a,n/a,n/a,n/a,n/a,n/a,n/a,n/a,n/a,n/a,n/a,n/a,n/a
PM9_full_N500,S2,1823270101,500,False,weak_PD,1.6,1.0,0.0,0.0,True,0.01,0.5,100,15,30,0.1,100000,0.12720000000000004,0.054599999999999996,0.3884,0.0834,0.14080000000000004,0.14519999999999997,0.06040000000000001,0.6319019024209861,0.034383954154727794,0.40820720940935984,0.47867341804829766,0.4520571909631863,14.142,17.536,127.29047217115124,0.654,False,True,-0.005406031224123614,14629,fragmented,2498,3724,2.981585268214572,39.24618014657767,0.0011940669876710339,0.12488891773776238,0.013112611737932694,0.9869528897640427,0.9869528897640427,1.5022222222222221,931,classic,1.0,0.3,0.3,False,n/a,n/a,n/a,n/a,n/a,n/a,n/a,n/a,n/a,n/a,n/a,n/a,n/a,n/a,n/a,n/a,n/a,n/a,n/a
PM9_full_N500,S2,1823270101,500,False,weak_PD,1.6,1.0,0.0,0.0,True,0.01,0.5,100,15,30,2.0,100000,0.0188,0.006799999999999999,0.8681999999999999,0.028600000000000004,0.034999999999999996,0.0226,0.02,0.9471296693536709,0.0700487149336469,0.10970928734546076,0.11459847441525851,0.10941644234704771,15.0,234.872,10.17406185671869,1.0,False,True,0.0014424057696263745,16385,baseline,2498,4655,3.7269815852682147,37.43657979976443,0.0014925837345887924,0.08077171329913706,0.011936993938619469,0.8137662712337767,0.9215434727583854,5.665322580645161,0,classic,1.0,0.3,0.3,False,n/a,n/a,n/a,n/a,n/a,n/a,n/a,n/a,n/a,n/a,n/a,n/a,n/a,n/a,n/a,n/a,n/a,n/a,n/a
PM9_full_N500,S2,1823270101,500,False,weak_PD,1.6,1.0,0.0,0.0,True,0.01,0.5,100,15,30,2.0,100000,0.0418,0.0042,0.8927999999999999,0.020399999999999998,0.0184,0.0156,0.0068000000000000005,0.9767049018986192,0.038093720114759325,0.11240782194638867,0.10757599173633448,0.11275505541871039,15.0,186.98,13.828331598493447,1.0,False,True,0.012085939543764766,17618,fragmented,2498,3724,2.981585268214572,39.24618014657767,0.0011940669876710339,0.12488891773776238,0.013112611737932694,0.8738496528630829,0.9421254201193228,4.955645161290323,931,classic,1.0,0.3,0.3,False,n/a,n/a,n/a,n/a,n/a,n/a,n/a,n/a,n/a,n/a,n/a,n/a,n/a,n/a,n/a,n/a,n/a,n/a,n/a
PM9_full_N500,S2,1823270101,500,False,weak_PD,1.6,1.0,0.0,0.0,True,0.01,0.5,100,15,30,0.1,100000,0.12799999999999997,0.0508,0.4312,0.12660000000000002,0.10840000000000001,0.06280000000000001,0.09219999999999998,0.688319657487774,0.03829524397776405,0.35414605202864563,0.3630131650317485,0.38597005744754936,14.748,20.58,91.18848420719083,0.858,False,True,-0.007470183480728063,13708,connected,2498,4675,3.7429943955164133,34.68666568511975,0.001498996554071451,0.07658923031325438,0.011844871063358168,0.9713446117164225,0.9729266562358295,1.380952380952381,0,classic,1.0,0.3,0.3,False,n/a,n/a,n/a,n/a,n/a,n/a,n/a,n/a,n/a,n/a,n/a,n/a,n/a,n/a,n/a,n/a,n/a,n/a,n/a
PM9_full_N500,S2,1823270101,500,False,weak_PD,1.6,1.0,0.0,0.0,True,0.01,0.5,100,15,30,2.0,100000,0.0504,0.011,0.8328000000000001,0.029600000000000005,0.03599999999999999,0.0176,0.0226,0.9352714750255317,0.09000884173297967,0.11317443868305994,0.1120546194857191,0.11310197103051976,15.0,233.08,10.187740221794737,1.0,False,True,-0.002010046440185761,16354,connected,2498,4675,3.7429943955164133,34.68666568511975,0.001498996554071451,0.07658923031325438,0.011844871063358168,0.8138636788628886,0.9185694941514171,5.41010101010101,0,classic,1.0,0.3,0.3,False,n/a,n/a,n/a,n/a,n/a,n/a,n/a,n/a,n/a,n/a,n/a,n/a,n/a,n/a,n/a,n/a,n/a,n/a,n/a
PM9_full_N500,S2,1823270101,500,False,snowdrift,4.0,3.0,0.0,2.0,True,0.0,0.5,100,0,30,0.1,100000,0.0,0.0,1.0,0.0,0.0,0.0,0.0,1.0,0.0,0.33837031579168725,0.0,0.33837031579168725,21.296,21.296,93.52382658514703,0.0,True,True,0.0016278977115908465,2203,baseline,2498,4655,3.7269815852682147,37.43657979976443,0.0014925837345887924,0.08077171329913706,0.011936993938619469,0.9745071085023252,0.9745071085023252,1.322314049586777,0,classic,1.0,0.3,0.3,False,n/a,n/a,n/a,n/a,n/a,n/a,n/a,n/a,n/a,n/a,n/a,n/a,n/a,n/a,n/a,n/a,n/a,n/a,n/a
PM9_full_N500,S2,1823270101,500,False,snowdrift,4.0,3.0,0.0,2.0,True,0.0,0.5,100,0,30,0.1,100000,0.010199999999999999,0.0,0.9650000000000001,0.009999999999999998,0.0,0.014800000000000002,0.0,0.9725626818528352,0.0006318449873631002,0.6940591723353159,0.5711457645876319,0.7161809932942921,17.204,17.204,124.87017007295631,0.0,False,False,0.03927848991396661,3247,fragmented,2498,3724,2.981585268214572,39.24618014657767,0.0011940669876710339,0.12488891773776238,0.013112611737932694,0.9886529811288054,0.9886529811288054,1.2844036697247707,931,classic,1.0,0.3,0.3,False,n/a,n/a,n/a,n/a,n/a,n/a,n/a,n/a,n/a,n/a,n/a,n/a,n/a,n/a,n/a,n/a,n/a,n/a,n/a
PM9_full_N500,S2,1823270101,500,False,snowdrift,4.0,3.0,0.0,2.0,True,0.0,0.5,100,0,30,2.0,100000,0.0,0.0,1.0,0.0,0.0,0.0,0.0,1.0,0.0,0.19792252463442236,0.0,0.19792252463442236,234.576,234.576,10.186911030588751,0.0,True,True,0.0,4224,baseline,2498,4655,3.7269815852682147,37.43657979976443,0.0014925837345887924,0.08077171329913706,0.011936993938619469,0.9234036694899188,0.9234036694899188,5.6312625250501,0,classic,1.0,0.3,0.3,False,n/a,n/a,n/a,n/a,n/a,n/a,n/a,n/a,n/a,n/a,n/a,n/a,n/a,n/a,n/a,n/a,n/a,n/a,n/a
PM9_full_N500,S2,1823270101,500,False,snowdrift,4.0,3.0,0.0,2.0,True,0.0,0.5,100,0,30,0.1,100000,0.0,0.0,1.0,0.0,0.0,0.0,0.0,1.0,0.0,0.4641052373652408,0.0,0.4641052373652408,20.948,20.948,94.92088368844671,0.0,True,True,0.004375803103207286,2524,connected,2498,4675,3.7429943955164133,34.68666568511975,0.001498996554071451,0.07658923031325438,0.011844871063358168,0.9806537556759137,0.9806537556759137,1.3459715639810426,0,classic,1.0,0.3,0.3,False,n/a,n/a,n/a,n/a,n/a,n/a,n/a,n/a,n/a,n/a,n/a,n/a,n/a,n/a,n/a,n/a,n/a,n/a,n/a
PM9_full_N500,S2,1823270101,500,False,snowdrift,4.0,3.0,0.0,2.0,True,0.0,0.5,100,0,30,2.0,100000,0.0,0.0,0.7802000000000001,0.2198,0.0,0.0,0.0,0.8845128599553409,0.053339740509370494,0.528092551417341,0.0,0.6149263083427663,183.428,183.428,14.311750635176416,0.0,False,True,0.013496242784973338,11932,fragmented,2498,3724,2.981585268214572,39.24618014657767,0.0011940669876710339,0.12488891773776238,0.013112611737932694,0.9318916496593328,0.9318916496593328,5.002020202020202,931,classic,1.0,0.3,0.3,False,n/a,n/a,n/a,n/a,n/a,n/a,n/a,n/a,n/a,n/a,n/a,n/a,n/a,n/a,n/a,n/a,n/a,n/a,n/a
PM9_full_N500,S2,1823270101,500,False,snowdrift,4.0,3.0,0.0,2.0,True,0.0,0.5,100,0,30,2.0,100000,0.0,0.0,1.0,0.0,0.0,0.0,0.0,1.0,0.0,0.18332871521060215,0.0,0.18332871521060215,230.584,230.584,10.299292608602645,0.0,True,True,0.0,3801,connected,2498,4675,3.7429943955164133,34.68666568511975,0.001498996554071451,0.07658923031325438,0.011844871063358168,0.9211125873619314,0.9211125873619314,5.745967741935484,0,classic,1.0,0.3,0.3,False,n/a,n/a,n/a,n/a,n/a,n/a,n/a,n/a,n/a,n/a,n/a,n/a,n/a,n/a,n/a,n/a,n/a,n/a,n/a
PM9_full_N500,S2,1823270101,500,False,snowdrift,4.0,3.0,0.0,2.0,True,0.0,0.5,100,5,30,0.1,100000,0.0,0.0,1.0,0.0,0.0,0.0,0.0,1.0,0.0,0.33402401148387484,0.0,0.33402401148387484,5.0,20.94,94.89459887933869,0.998,True,True,0.004422180888726484,2290,baseline,2498,4655,3.7269815852682147,37.43657979976443,0.0014925837345887924,0.08077171329913706,0.011936993938619469,0.9729255076151195,0.9817153646584315,1.3270142180094786,0,classic,1.0,0.3,0.3,False,n/a,n/a,n/a,n/a,n/a,n/a,n/a,n/a,n/a,n/a,n/a,n/a,n/a,n/a,n/a,n/a,n/a,n/a,n/a
PM9_full_N500,S2,1823270101,500,False,snowdrift,4.0,3.0,0.0,2.0,True,0.0,0.5,100,5,30,0.1,100000,0.007000000000000001,0.0,0.9603999999999999,0.026000000000000002,0.0,0.004600000000000002,0.0020000000000000005,0.9587908325374478,0.0031720856463124504,0.5497574195602705,0.7563594929832647,0.6053020721268979,5.0,17.648,123.06205018459114,1.0,False,False,0.03375881343525814,2753,fragmented,2498,3724,2.981585268214572,39.24618014657767,0.0011940669876710339,0.12488891773776238,0.013112611737932694,0.974614984367837,0.9832468603815373,1.4155251141552512,931,classic,1.0,0.3,0.3,False,n/a,n/a,n/a,n/a,n/a,n/a,n/a,n/a,n/a,n/a,n/a,n/a,n/a,n/a,n/a,n/a,n/a,n/a,n/a
PM9_full_N500,S2,1823270101,500,False,snowdrift,4.0,3.0,0.0,2.0,True,0.0,0.5,100,5,30,2.0,100000,0.0,0.0,1.0,0.0,0.0,0.0,0.0,1.0,0.0,0.18176299328593953,0.0,0.18176299328593953,5.0,233.636,10.25747295391696,1.0,True,True,0.0,3470,baseline,2498,4655,3.7269815852682147,37.43657979976443,0.0014925837345887924,0.08077171329913706,0.011936993938619469,0.7893654822124158,0.9257667581020005,5.522088353413655,0,classic,1.0,0.3,0.3,False,n/a,n/a,n/a,n/a,n/a,n/a,n/a,n/a,n/a,n/a,n/a,n/a,n/a,n/a,n/a,n/a,n/a,n/a,n/a
PM9_full_N500,S2,1823270101,500,False,snowdrift,4.0,3.0,0.0,2.0,True,0.0,0.5,100,5,30,0.1,100000,0.0,0.0,1.0,0.0,0.0,0.0,0.0,1.0,0.0,0.4329966820669924,0.0,0.4329966820669924,5.0,20.808,93.59375102406335,1.0,True,True,0.010199733598936594,2592,connected,2498,4675,3.7429943955164133,34.68666568511975,0.001498996554071451,0.07658923031325438,0.011844871063358168,0.9832904135489987,0.9877888503455581,1.3953488372093024,0,classic,1.0,0.3,0.3,False,n/a,n/a,n/a,n/a,n/a,n/a,n/a,n/a,n/a,n/a,n/a,n/a,n/a,n/a,n/a,n/a,n/a,n/a,n/a
PM9_full_N500,S2,1823270101,500,False,snowdrift,4.0,3.0,0.0,2.0,True,0.0,0.5,100,5,30,2.0,100000,0.0,0.0,1.0,0.0,0.0,0.0,0.0,1.0,0.0,0.23668025480770258,0.0,0.23668025480770258,5.0,191.72,13.627696699330352,1.0,True,True,0.0026513866055464224,5047,fragmented,2498,3724,2.981585268214572,39.24618014657767,0.0011940669876710339,0.12488891773776238,0.013112611737932694,0.8181062519165335,0.9320423831053152,5.034343434343435,931,classic,1.0,0.3,0.3,False,n/a,n/a,n/a,n/a,n/a,n/a,n/a,n/a,n/a,n/a,n/a,n/a,n/a,n/a,n/a,n/a,n/a,n/a,n/a
PM9_full_N500,S2,1823270101,500,False,snowdrift,4.0,3.0,0.0,2.0,True,0.0,0.5,100,15,30,0.1,100000,0.0,0.0,1.0,0.0,0.0,0.0,0.0,1.0,0.0,0.33837031579168725,0.0,0.33837031579168725,14.736,21.296,93.52382658514703,0.872,True,True,0.0016278977115908465,2203,baseline,2498,4655,3.7269815852682147,37.43657979976443,0.0014925837345887924,0.08077171329913706,0.011936993938619469,0.9737721478581629,0.9745071085023252,1.322314049586777,0,classic,1.0,0.3,0.3,False,n/a,n/a,n/a,n/a,n/a,n/a,n/a,n/a,n/a,n/a,n/a,n/a,n/a,n/a,n/a,n/a,n/a,n/a,n/a
PM9_full_N500,S2,1823270101,500,False,snowdrift,4.0,3.0,0.0,2.0,True,0.0,0.5,100,5,30,2.0,100000,0.0,0.0,1.0,0.0,0.0,0.0,0.0,1.0,0.0,0.16158231335017667,0.0,0.16158231335017667,5.0,233.048,10.21744741127771,1.0,True,True,0.0,3234,connected,2498,4675,3.7429943955164133,34.68666568511975,0.001498996554071451,0.07658923031325438,0.011844871063358168,0.77039254225938,0.9235951337164611,5.830645161290323,0,classic,1.0,0.3,0.3,False,n/a,n/a,n/a,n/a,n/a,n/a,n/a,n/a,n/a,n/a,n/a,n/a,n/a,n/a,n/a,n/a,n/a,n/a,n/a
PM9_full_N500,S2,1823270101,500,False,snowdrift,4.0,3.0,0.0,2.0,True,0.0,0.5,100,15,30,0.1,100000,0.010199999999999999,0.0,0.9650000000000001,0.009999999999999998,0.0,0.014800000000000002,0.0,0.9725626818528352,0.0006318449873631002,0.6940630593400873,0.5713009838348185,0.7161862925593636,14.08,17.204,124.87017007295631,0.626,False,False,0.03927848991396661,3247,fragmented,2498,3724,2.981585268214572,39.24618014657767,0.0011940669876710339,0.12488891773776238,0.013112611737932694,0.9882499695686466,0.9886529811288054,1.2844036697247707,931,classic,1.0,0.3,0.3,False,n/a,n/a,n/a,n/a,n/a,n/a,n/a,n/a,n/a,n/a,n/a,n/a,n/a,n/a,n/a,n/a,n/a,n/a,n/a
PM9_full_N500,S2,1823270101,500,False,snowdrift,4.0,3.0,0.0,2.0,True,0.0,0.5,100,15,30,2.0,100000,0.0,0.0,1.0,0.0,0.0,0.0,0.0,1.0,0.0,0.1829651268393565,0.0,0.1829651268393565,15.0,230.964,10.453343030864476,1.0,True,True,0.0,3691,baseline,2498,4655,3.7269815852682147,37.43657979976443,0.0014925837345887924,0.08077171329913706,0.011936993938619469,0.8200126535389178,0.9244018803790433,5.476,0,classic,1.0,0.3,0.3,False,n/a,n/a,n/a,n/a,n/a,n/a,n/a,n/a,n/a,n/a,n/a,n/a,n/a,n/a,n/a,n/a,n/a,n/a,n/a
PM9_full_N500,S2,1823270101,500,False,snowdrift,4.0,3.0,0.0,2.0,True,0.0,0.5,100,15,30,0.1,100000,0.0,0.0,1.0,0.0,0.0,0.0,0.0,1.0,0.0,0.4641052373652408,0.0,0.4641052373652408,14.794,20.948,94.92088368844671,0.882,True,True,0.004375803103207286,2524,connected,2498,4675,3.7429943955164133,34.68666568511975,0.001498996554071451,0.07658923031325438,0.011844871063358168,0.9800796565325531,0.9806537556759137,1.3459715639810426,0,classic,1.0,0.3,0.3,False,n/a,n/a,n/a,n/a,n/a,n/a,n/a,n/a,n/a,n/a,n/a,n/a,n/a,n/a,n/a,n/a,n/a,n/a,n/a
PM9_full_N500,S2,1823270101,500,False,snowdrift,4.0,3.0,0.0,2.0,True,0.0,0.5,100,15,30,2.0,100000,0.0,0.0,1.0,0.0,0.0,0.0,0.0,1.0,0.0,0.35310463161129396,0.0,0.35310463161129396,15.0,188.164,13.955301551733644,1.0,True,True,0.0025032772131088525,7644,fragmented,2498,3724,2.981585268214572,39.24618014657767,0.0011940669876710339,0.12488891773776238,0.013112611737932694,0.8687984939196337,0.9350139686374476,5.070707070707071,931,classic,1.0,0.3,0.3,False,n/a,n/a,n/a,n/a,n/a,n/a,n/a,n/a,n/a,n/a,n/a,n/a,n/a,n/a,n/a,n/a,n/a,n/a,n/a
PM9_full_N500,S2,1823270101,500,False,snowdrift,4.0,3.0,0.0,2.0,True,0.01,0.5,100,0,30,0.1,100000,0.1546,0.07599999999999998,0.43120000000000014,0.10959999999999999,0.08319999999999998,0.1018,0.043599999999999986,0.6690533293995353,0.032014635261833985,1.2012052295784774,1.339075507176349,1.2607157712265873,21.452,21.452,94.31469860201649,0.0,False,True,-0.00012056688226514869,14607,baseline,2498,4655,3.7269815852682147,37.43657979976443,0.0014925837345887924,0.08077171329913706,0.011936993938619469,0.9843490049313904,0.9843490049313904,1.3526570048309179,0,classic,1.0,0.3,0.3,False,n/a,n/a,n/a,n/a,n/a,n/a,n/a,n/a,n/a,n/a,n/a,n/a,n/a,n/a,n/a,n/a,n/a,n/a,n/a
PM9_full_N500,S2,1823270101,500,False,snowdrift,4.0,3.0,0.0,2.0,True,0.0,0.5,100,15,30,2.0,100000,0.0,0.0,1.0,0.0,0.0,0.0,0.0,1.0,0.0,0.19973599059623615,0.0,0.19973599059623615,15.0,232.58,10.289103668447288,1.0,True,True,0.0,4055,connected,2498,4675,3.7429943955164133,34.68666568511975,0.001498996554071451,0.07658923031325438,0.011844871063358168,0.8179702274156757,0.920049727268197,5.324,0,classic,1.0,0.3,0.3,False,n/a,n/a,n/a,n/a,n/a,n/a,n/a,n/a,n/a,n/a,n/a,n/a,n/a,n/a,n/a,n/a,n/a,n/a,n/a
PM9_full_N500,S2,1823270101,500,False,snowdrift,4.0,3.0,0.0,2.0,True,0.01,0.5,100,0,30,0.1,100000,0.14759999999999998,0.09919999999999998,0.3146,0.1304,0.10980000000000001,0.12079999999999998,0.07759999999999999,0.6228368116781856,0.0271660835562873,1.1576326999551703,1.3354954920781448,1.3011785929531279,17.668,17.668,123.58494400699756,0.0,False,False,-0.04388390673562969,14076,fragmented,2498,3724,2.981585268214572,39.24618014657767,0.0011940669876710339,0.12488891773776238,0.013112611737932694,0.9876042721304208,0.9876042721304208,1.3933649289099526,931,classic,1.0,0.3,0.3,False,n/a,n/a,n/a,n/a,n/a,n/a,n/a,n/a,n/a,n/a,n/a,n/a,n/a,n/a,n/a,n/a,n/a,n/a,n/a
PM9_full_N500,S2,1823270101,500,False,snowdrift,4.0,3.0,0.0,2.0,True,0.01,0.5,100,0,30,2.0,100000,0.0504,0.0358,0.5928,0.11979999999999999,0.09499999999999999,0.05199999999999999,0.054200000000000005,0.8174308540341466,0.14864417989417988,0.9388378699260629,0.8686596243857119,0.9456306466331962,230.392,230.392,10.298287178068543,0.0,False,True,0.011446951387802622,28185,baseline,2498,4655,3.7269815852682147,37.43657979976443,0.0014925837345887924,0.08077171329913706,0.011936993938619469,0.9253496328248112,0.9253496328248112,5.557344064386318,0,classic,1.0,0.3,0.3,False,n/a,n/a,n/a,n/a,n/a,n/a,n/a,n/a,n/a,n/a,n/a,n/a,n/a,n/a,n/a,n/a,n/a,n/a,n/a
PM9_full_N500,S2,1823270101,500,False,snowdrift,4.0,3.0,0.0,2.0,True,0.01,0.5,100,0,30,0.1,100000,0.09759999999999999,0.06080000000000001,0.4236000000000001,0.09679999999999998,0.11500000000000002,0.1076,0.0986,0.6207194599404597,0.026427962489343565,1.1510340823327387,1.2480697360997883,1.2264444719848582,20.532,20.532,93.77031498799408,0.0,False,True,-0.013645206580820099,13850,connected,2498,4675,3.7429943955164133,34.68666568511975,0.001498996554071451,0.07658923031325438,0.011844871063358168,0.9887179634854499,0.9887179634854499,1.3155555555555556,0,classic,1.0,0.3,0.3,False,n/a,n/a,n/a,n/a,n/a,n/a,n/a,n/a,n/a,n/a,n/a,n/a,n/a,n/a,n/a,n/a,n/a,n/a,n/a
PM9_full_N500,S2,1823270101,500,False,snowdrift,4.0,3.0,0.0,2.0,True,0.01,0.5,100,0,30,2.0,100000,0.1072,0.06720000000000001,0.5202,0.07339999999999999,0.07059999999999998,0.058800000000000005,0.1026,0.7114635999510471,0.18911498708010335,1.0673095327186992,1.1623762807550795,1.092290257494508,187.572,187.572,13.720096038913798,0.0,False,True,-0.01891875727502434,30130,fragmented,2498,3724,2.981585268214572,39.24618014657767,0.0011940669876710339,0.12488891773776238,0.013112611737932694,0.9333996088338077,0.9333996088338077,5.221774193548387,931,classic,1.0,0.3,0.3,False,n/a,n/a,n/a,n/a,n/a,n/a,n/a,n/a,n/a,n/a,n/a,n/a,n/a,n/a,n/a,n/a,n/a,n/a,n/a
PM9_full_N500,S2,1823270101,500,False,snowdrift,4.0,3.0,0.0,2.0,True,0.01,0.5,100,5,30,0.1,100000,0.1414,0.06420000000000001,0.4534000000000001,0.08339999999999997,0.06920000000000001,0.1092,0.07919999999999999,0.6623811609796311,0.027837772978161746,1.2110063482783273,1.2564039230549784,1.264220524169984,5.0,20.872,93.53370807784346,0.994,False,True,0.006188031152126073,14074,baseline,2498,4655,3.7269815852682147,37.43657979976443,0.0014925837345887924,0.08077171329913706,0.011936993938619469,0.9806765656894229,0.9845680875199858,1.3238095238095238,0,classic,1.0,0.3,0.3,False,n/a,n/a,n/a,n/a,n/a,n/a,n/a,n/a,n/a,n/a,n/a,n/a,n/a,n/a,n/a,n/a,n/a,n/a,n/a
PM9_full_N500,S2,1823270101,500,False,snowdrift,4.0,3.0,0.0,2.0,True,0.01,0.5,100,0,30,2.0,100000,0.08179999999999998,0.03640000000000001,0.5426000000000001,0.1078,0.09319999999999998,0.059800000000000006,0.0784,0.7855545951025474,0.17757009345794392,0.9834646120553869,1.0133363947398912,0.9883900237039627,232.46,232.46,10.175506549708436,0.0,False,False,-0.02362479209916803,28330,connected,2498,4675,3.7429943955164133,34.68666568511975,0.001498996554071451,0.07658923031325438,0.011844871063358168,0.9191449491535197,0.9191449491535197,5.364,0,classic,1.0,0.3,0.3,False,n/a,n/a,n/a,n/a,n/a,n/a,n/a,n/a,n/a,n/a,n/a,n/a,n/a,n/a,n/a,n/a,n/a,n/a,n/a
PM9_full_N500,S2,1823270101,500,False,snowdrift,4.0,3.0,0.0,2.0,True,0.01,0.5,100,5,30,0.1,100000,0.09419999999999998,0.08459999999999998,0.35900000000000004,0.133,0.09779999999999998,0.14859999999999998,0.0828,0.510516993721624,0.032722513089005235,1.2977084752845802,1.3777138100663024,1.403450160071804,5.0,17.352,124.09028599512706,0.998,False,True,-0.007276512306050872,14204,fragmented,2498,3724,2.981585268214572,39.24618014657767,0.0011940669876710339,0.12488891773776238,0.013112611737932694,0.9628632901264992,0.975975269804456,1.299492385786802,931,classic,1.0,0.3,0.3,False,n/a,n/a,n/a,n/a,n/a,n/a,n/a,n/a,n/a,n/a,n/a,n/a,n/a,n/a,n/a,n/a,n/a,n/a,n/a
PM9_full_N500,S2,1823270101,500,False,snowdrift,4.0,3.0,0.0,2.0,True,0.01,0.5,100,5,30,2.0,100000,0.05700000000000001,0.022799999999999997,0.6935999999999998,0.04559999999999999,0.06940000000000002,0.07619999999999999,0.03540000000000001,0.8165644714034027,0.1459086993970715,0.8403103121196525,0.8887888186920919,0.8424778148117237,5.0,235.372,10.110718107435956,1.0,False,True,-0.009834221736886582,24596,baseline,2498,4655,3.7269815852682147,37.43657979976443,0.0014925837345887924,0.08077171329913706,0.011936993938619469,0.7766506795104785,0.9191816689378798,5.652525252525253,0,classic,1.0,0.3,0.3,False,n/a,n/a,n/a,n/a,n/a,n/a,n/a,n/a,n/a,n/a,n/a,n/a,n/a,n/a,n/a,n/a,n/a,n/a,n/a
PM9_full_N500,S2,1823270101,500,False,snowdrift,4.0,3.0,0.0,2.0,True,0.01,0.5,100,5,30,0.1,100000,0.13279999999999997,0.0546,0.47139999999999993,0.11980000000000002,0.0804,0.07559999999999999,0.06540000000000001,0.6646019367723274,0.03158878504672897,1.1705101241933304,1.3824232087093442,1.2709763582107563,5.0,20.572,93.57182391796425,1.0,False,True,-0.0064118944475752265,14006,connected,2498,4675,3.7429943955164133,34.68666568511975,0.001498996554071451,0.07658923031325438,0.011844871063358168,0.969286846827083,0.9764862185665475,1.3248945147679325,0,classic,1.0,0.3,0.3,False,n/a,n/a,n/a,n/a,n/a,n/a,n/a,n/a,n/a,n/a,n/a,n/a,n/a,n/a,n/a,n/a,n/a,n/a,n/a
PM9_full_N500,S2,1823270101,500,False,snowdrift,4.0,3.0,0.0,2.0,True,0.01,0.5,100,5,30,2.0,100000,0.0434,0.0226,0.7505999999999999,0.06799999999999999,0.0402,0.05920000000000001,0.016000000000000004,0.8658154663323234,0.11842535119242077,0.9699208674710067,0.948861425743233,0.9735662543375936,5.0,188.092,13.946675437754108,1.0,False,True,-0.001752890211555353,27502,fragmented,2498,3724,2.981585268214572,39.24618014657767,0.0011940669876710339,0.12488891773776238,0.013112611737932694,0.8010929288066428,0.9362550667636151,5.128514056224899,931,classic,1.0,0.3,0.3,False,n/a,n/a,n/a,n/a,n/a,n/a,n/a,n/a,n/a,n/a,n/a,n/a,n/a,n/a,n/a,n/a,n/a,n/a,n/a
PM9_full_N500,S2,1823270101,500,False,snowdrift,4.0,3.0,0.0,2.0,True,0.01,0.5,100,15,30,0.1,100000,0.08599999999999998,0.09739999999999999,0.4182,0.1498,0.0794,0.11460000000000001,0.0546,0.5497241180354,0.031886443118699856,1.1553992569817617,1.3830287512646708,1.2808057180034786,14.66,21.188,93.05747726362918,0.846,False,True,0.0004193776775119918,14205,baseline,2498,4655,3.7269815852682147,37.43657979976443,0.0014925837345887924,0.08077171329913706,0.011936993938619469,0.9889645398191579,0.9897372429249639,1.3854166666666667,0,classic,1.0,0.3,0.3,False,n/a,n/a,n/a,n/a,n/a,n/a,n/a,n/a,n/a,n/a,n/a,n/a,n/a,n/a,n/a,n/a,n/a,n/a,n/a
PM9_full_N500,S2,1823270101,500,False,snowdrift,4.0,3.0,0.0,2.0,True,0.01,0.5,100,5,30,2.0,100000,0.04599999999999999,0.0334,0.7654000000000001,0.055600000000000004,0.03200000000000001,0.0314,0.0362,0.8732090750090429,0.13362504207337597,0.8301684581180815,0.8469823152661913,0.8275209173076856,5.0,232.124,10.241428877597594,1.0,False,True,0.0070835707342858665,23714,connected,2498,4675,3.7429943955164133,34.68666568511975,0.001498996554071451,0.07658923031325438,0.011844871063358168,0.7829995767700755,0.9246175842637899,5.668686868686868,0,classic,1.0,0.3,0.3,False,n/a,n/a,n/a,n/a,n/a,n/a,n/a,n/a,n/a,n/a,n/a,n/a,n/a,n/a,n/a,n/a,n/a,n/a,n/a
PM9_full_N500,S2,1823270101,500,False,snowdrift,4.0,3.0,0.0,2.0,True,0.01,0.5,100,15,30,0.1,100000,0.09899999999999999,0.049199999999999994,0.4258,0.1162,0.10300000000000001,0.1014,0.10540000000000001,0.5829546766747571,0.01978916219715184,1.139925143730449,1.3793631497053873,1.3050381913045817,14.218,17.696,124.57270128660848,0.678,False,False,-0.03086785787143295,14117,fragmented,2498,3724,2.981585268214572,39.24618014657767,0.0011940669876710339,0.12488891773776238,0.013112611737932694,0.9858731592226359,0.9864046538717776,1.3865546218487395,931,classic,1.0,0.3,0.3,False,n/a,n/a,n/a,n/a,n/a,n/a,n/a,n/a,n/a,n/a,n/a,n/a,n/a,n/a,n/a,n/a,n/a,n/a,n/a
PM9_full_N500,S2,1823270101,500,False,snowdrift,4.0,3.0,0.0,2.0,True,0.01,0.5,100,15,30,2.0,100000,0.0522,0.021199999999999997,0.7507999999999999,0.06720000000000001,0.034600000000000006,0.04259999999999999,0.0314,0.8765735546513834,0.13265993265993267,0.8195157554889703,0.8447634733018243,0.8248811299852887,15.0,231.68,10.296266385780788,1.0,False,True,0.016717266869067843,24739,baseline,2498,4655,3.7269815852682147,37.43657979976443,0.0014925837345887924,0.08077171329913706,0.011936993938619469,0.817955294917517,0.9261170200375849,5.730923694779117,0,classic,1.0,0.3,0.3,False,n/a,n/a,n/a,n/a,n/a,n/a,n/a,n/a,n/a,n/a,n/a,n/a,n/a,n/a,n/a,n/a,n/a,n/a,n/a
PM9_full_N500,S2,1823270101,500,False,snowdrift,4.0,3.0,0.0,2.0,True,0.01,0.5,100,15,30,0.1,100000,0.09279999999999998,0.0632,0.48040000000000005,0.11400000000000002,0.08979999999999998,0.08679999999999999,0.073,0.6915745315727856,0.0455531453362256,1.0882111963462322,1.1920813082961597,1.181043836612945,14.758,20.66,93.97664236878651,0.872,False,True,-0.0038286297145159283,13925,connected,2498,4675,3.7429943955164133,34.68666568511975,0.001498996554071451,0.07658923031325438,0.011844871063358168,0.9896060279636147,0.9899307359058633,1.3164556962025316,0,classic,1.0,0.3,0.3,False,n/a,n/a,n/a,n/a,n/a,n/a,n/a,n/a,n/a,n/a,n/a,n/a,n/a,n/a,n/a,n/a,n/a,n/a,n/a
PM9_full_N500,S2,1823270101,500,False,snowdrift,4.0,3.0,0.0,2.0,True,0.01,0.5,100,15,30,2.0,100000,0.0738,0.028200000000000003,0.6022000000000001,0.055200000000000006,0.1618,0.04659999999999999,0.032200000000000006,0.7361827820403893,0.12739855300408934,1.081006694858023,1.0652607871364783,1.1061453854475456,15.0,191.412,13.850303139238381,1.0,False,True,-0.0003057516230086893,29505,fragmented,2498,3724,2.981585268214572,39.24618014657767,0.0011940669876710339,0.12488891773776238,0.013112611737932694,0.8703004009241323,0.9465669473251159,5.126760563380282,931,classic,1.0,0.3,0.3,False,n/a,n/a,n/a,n/a,n/a,n/a,n/a,n/a,n/a,n/a,n/a,n/a,n/a,n/a,n/a,n/a,n/a,n/a,n/a
PM9_full_N500,S2,1166802640,500,False,PD_classic,9.0,5.0,1.0,0.0,True,0.0,0.5,100,0,30,0.1,100000,0.0,0.0,1.0,0.0,0.0,0.0,0.0,1.0,0.0,1.271935253248656,0.0,1.271935253248656,21.048,21.048,92.0004928935359,0.0,True,True,0.00016035904143616575,1166,baseline,2498,4655,3.7269815852682147,37.43657979976443,0.0014925837345887924,0.08077171329913706,0.011936993938619469,0.9802440657853699,0.9802440657853699,1.3055555555555556,0,classic,1.0,0.3,0.3,False,n/a,n/a,n/a,n/a,n/a,n/a,n/a,n/a,n/a,n/a,n/a,n/a,n/a,n/a,n/a,n/a,n/a,n/a,n/a
PM9_full_N500,S2,1823270101,500,False,snowdrift,4.0,3.0,0.0,2.0,True,0.01,0.5,100,15,30,2.0,100000,0.08919999999999999,0.024799999999999996,0.626,0.06100000000000001,0.06600000000000002,0.101,0.03200000000000001,0.8168238961423576,0.15932417495657666,0.914131136957285,0.9513555052871769,0.92076544628263,15.0,231.556,10.296983390317642,1.0,False,True,-0.008636117744467316,26554,connected,2498,4675,3.7429943955164133,34.68666568511975,0.001498996554071451,0.07658923031325438,0.011844871063358168,0.8214581718886709,0.916407755345971,5.887550200803213,0,classic,1.0,0.3,0.3,False,n/a,n/a,n/a,n/a,n/a,n/a,n/a,n/a,n/a,n/a,n/a,n/a,n/a,n/a,n/a,n/a,n/a,n/a,n/a
PM9_full_N500,S2,1166802640,500,False,PD_classic,9.0,5.0,1.0,0.0,True,0.0,0.5,100,0,30,0.1,100000,0.0,0.0,1.0,0.0,0.0,0.0,0.0,1.0,0.0,1.426473134274213,0.0,1.426473134274213,18.292,18.292,120.94666732918832,0.0,True,True,0.006145224580897591,1391,fragmented,2498,3724,2.981585268214572,38.68529969899228,0.0011940669876710339,0.1739903134458361,0.013337632589256354,0.9836051823685397,0.9836051823685397,1.3577981651376148,931,classic,1.0,0.3,0.3,False,n/a,n/a,n/a,n/a,n/a,n/a,n/a,n/a,n/a,n/a,n/a,n/a,n/a,n/a,n/a,n/a,n/a,n/a,n/a
PM9_full_N500,S2,1166802640,500,False,PD_classic,9.0,5.0,1.0,0.0,True,0.0,0.5,100,0,30,2.0,100000,0.0,0.0,1.0,0.0,0.0,0.0,0.0,1.0,0.0,1.0671838735218495,0.0,1.0671838735218495,232.132,232.132,10.27362427743245,0.0,True,True,0.0,1023,baseline,2498,4655,3.7269815852682147,37.43657979976443,0.0014925837345887924,0.08077171329913706,0.011936993938619469,0.916078769929004,0.916078769929004,5.496981891348089,0,classic,1.0,0.3,0.3,False,n/a,n/a,n/a,n/a,n/a,n/a,n/a,n/a,n/a,n/a,n/a,n/a,n/a,n/a,n/a,n/a,n/a,n/a,n/a
PM9_full_N500,S2,1166802640,500,False,PD_classic,9.0,5.0,1.0,0.0,True,0.0,0.5,100,0,30,0.1,100000,0.0,0.0,1.0,0.0,0.0,0.0,0.0,1.0,0.0,1.2940152247754324,0.0,1.2940152247754324,20.904,20.904,93.52436322361156,0.0,True,True,0.0,1297,connected,2498,4675,3.7429943955164133,34.66803265279414,0.001498996554071451,0.13343219023766525,0.011794734171038289,0.9858298571105537,0.9858298571105537,1.3898305084745763,0,classic,1.0,0.3,0.3,False,n/a,n/a,n/a,n/a,n/a,n/a,n/a,n/a,n/a,n/a,n/a,n/a,n/a,n/a,n/a,n/a,n/a,n/a,n/a
PM9_full_N500,S2,1166802640,500,False,PD_classic,9.0,5.0,1.0,0.0,True,0.0,0.5,100,0,30,2.0,100000,0.0,0.0,1.0,0.0,0.0,0.0,0.0,1.0,0.0,1.061729558206666,0.0,1.061729558206666,185.06,185.06,14.001126938524333,0.0,True,True,0.0,1051,fragmented,2498,3724,2.981585268214572,38.68529969899228,0.0011940669876710339,0.1739903134458361,0.013337632589256354,0.9287565574417374,0.9287565574417374,5.212981744421906,931,classic,1.0,0.3,0.3,False,n/a,n/a,n/a,n/a,n/a,n/a,n/a,n/a,n/a,n/a,n/a,n/a,n/a,n/a,n/a,n/a,n/a,n/a,n/a
PM9_full_N500,S2,1166802640,500,False,PD_classic,9.0,5.0,1.0,0.0,True,0.0,0.5,100,5,30,0.1,100000,0.0,0.0,1.0,0.0,0.0,0.0,0.0,1.0,0.0,1.272042527491308,0.0,1.272042527491308,5.0,21.048,92.0004928935359,1.0,True,True,0.00016035904143616575,1164,baseline,2498,4655,3.7269815852682147,37.43657979976443,0.0014925837345887924,0.08077171329913706,0.011936993938619469,0.9740397828919806,0.9802440657853699,1.3055555555555556,0,classic,1.0,0.3,0.3,False,n/a,n/a,n/a,n/a,n/a,n/a,n/a,n/a,n/a,n/a,n/a,n/a,n/a,n/a,n/a,n/a,n/a,n/a,n/a
PM9_full_N500,S2,1166802640,500,False,PD_classic,9.0,5.0,1.0,0.0,True,0.0,0.5,100,0,30,2.0,100000,0.0,0.0,1.0,0.0,0.0,0.0,0.0,1.0,0.0,1.067416893245009,0.0,1.067416893245009,235.168,235.168,10.12297414713723,0.0,True,True,0.0,1004,connected,2498,4675,3.7429943955164133,34.66803265279414,0.001498996554071451,0.13343219023766525,0.011794734171038289,0.9316405460983466,0.9316405460983466,5.655310621242485,0,classic,1.0,0.3,0.3,False,n/a,n/a,n/a,n/a,n/a,n/a,n/a,n/a,n/a,n/a,n/a,n/a,n/a,n/a,n/a,n/a,n/a,n/a,n/a
PM9_full_N500,S2,1166802640,500,False,PD_classic,9.0,5.0,1.0,0.0,True,0.0,0.5,100,5,30,0.1,100000,0.0,0.0,1.0,0.0,0.0,0.0,0.0,1.0,0.0,1.426473134274213,0.0,1.426473134274213,4.99,18.292,120.94666732918832,0.99,True,True,0.006145224580897591,1391,fragmented,2498,3724,2.981585268214572,38.68529969899228,0.0011940669876710339,0.1739903134458361,0.013337632589256354,0.9803120001727219,0.9836051823685397,1.3577981651376148,931,classic,1.0,0.3,0.3,False,n/a,n/a,n/a,n/a,n/a,n/a,n/a,n/a,n/a,n/a,n/a,n/a,n/a,n/a,n/a,n/a,n/a,n/a,n/a
PM9_full_N500,S2,1166802640,500,False,PD_classic,9.0,5.0,1.0,0.0,True,0.0,0.5,100,5,30,2.0,100000,0.0,0.0,1.0,0.0,0.0,0.0,0.0,1.0,0.0,1.068240211642541,0.0,1.068240211642541,5.0,234.896,10.121556677682898,1.0,True,True,0.0,979,baseline,2498,4655,3.7269815852682147,37.43657979976443,0.0014925837345887924,0.08077171329913706,0.011936993938619469,0.7746501879781025,0.9213672750193248,5.713709677419355,0,classic,1.0,0.3,0.3,False,n/a,n/a,n/a,n/a,n/a,n/a,n/a,n/a,n/a,n/a,n/a,n/a,n/a,n/a,n/a,n/a,n/a,n/a,n/a
PM9_full_N500,S2,1166802640,500,False,PD_classic,9.0,5.0,1.0,0.0,True,0.0,0.5,100,5,30,0.1,100000,0.0,0.0,1.0,0.0,0.0,0.0,0.0,1.0,0.0,1.2942916676066485,0.0,1.2942916676066485,5.0,20.904,93.52436322361156,1.0,True,True,0.0,1297,connected,2498,4675,3.7429943955164133,34.66803265279414,0.001498996554071451,0.13343219023766525,0.011794734171038289,0.9786080649571243,0.9858298571105537,1.3898305084745763,0,classic,1.0,0.3,0.3,False,n/a,n/a,n/a,n/a,n/a,n/a,n/a,n/a,n/a,n/a,n/a,n/a,n/a,n/a,n/a,n/a,n/a,n/a,n/a
PM9_full_N500,S2,1166802640,500,False,PD_classic,9.0,5.0,1.0,0.0,True,0.0,0.5,100,5,30,2.0,100000,0.0,0.0,1.0,0.0,0.0,0.0,0.0,1.0,0.0,1.062010839694775,0.0,1.062010839694775,5.0,183.344,14.302332292880832,1.0,True,True,0.0,971,fragmented,2498,3724,2.981585268214572,38.68529969899228,0.0011940669876710339,0.1739903134458361,0.013337632589256354,0.8233942449098833,0.9325765116754525,5.174089068825911,931,classic,1.0,0.3,0.3,False,n/a,n/a,n/a,n/a,n/a,n/a,n/a,n/a,n/a,n/a,n/a,n/a,n/a,n/a,n/a,n/a,n/a,n/a,n/a
PM9_full_N500,S2,1166802640,500,False,PD_classic,9.0,5.0,1.0,0.0,True,0.0,0.5,100,15,30,0.1,100000,0.0,0.0,1.0,0.0,0.0,0.0,0.0,1.0,0.0,1.271935253248656,0.0,1.271935253248656,14.674,21.048,92.0004928935359,0.852,True,True,0.00016035904143616575,1166,baseline,2498,4655,3.7269815852682147,37.43657979976443,0.0014925837345887924,0.08077171329913706,0.011936993938619469,0.9793693907265764,0.9802440657853699,1.3055555555555556,0,classic,1.0,0.3,0.3,False,n/a,n/a,n/a,n/a,n/a,n/a,n/a,n/a,n/a,n/a,n/a,n/a,n/a,n/a,n/a,n/a,n/a,n/a,n/a
PM9_full_N500,S2,1166802640,500,False,PD_classic,9.0,5.0,1.0,0.0,True,0.0,0.5,100,5,30,2.0,100000,0.0,0.0,1.0,0.0,0.0,0.0,0.0,1.0,0.0,1.0632622881590288,0.0,1.0632622881590288,5.0,233.58,10.13691570565952,1.0,True,True,0.0,952,connected,2498,4675,3.7429943955164133,34.66803265279414,0.001498996554071451,0.13343219023766525,0.011794734171038289,0.7776867975570985,0.9139267194642502,5.484909456740443,0,classic,1.0,0.3,0.3,False,n/a,n/a,n/a,n/a,n/a,n/a,n/a,n/a,n/a,n/a,n/a,n/a,n/a,n/a,n/a,n/a,n/a,n/a,n/a
PM9_full_N500,S2,1166802640,500,False,PD_classic,9.0,5.0,1.0,0.0,True,0.0,0.5,100,15,30,0.1,100000,0.0,0.0,1.0,0.0,0.0,0.0,0.0,1.0,0.0,1.426473134274213,0.0,1.426473134274213,14.052,18.292,120.94666732918832,0.676,True,True,0.006145224580897591,1391,fragmented,2498,3724,2.981585268214572,38.68529969899228,0.0011940669876710339,0.1739903134458361,0.013337632589256354,0.982240415132476,0.9836051823685397,1.3577981651376148,931,classic,1.0,0.3,0.3,False,n/a,n/a,n/a,n/a,n/a,n/a,n/a,n/a,n/a,n/a,n/a,n/a,n/a,n/a,n/a,n/a,n/a,n/a,n/a
PM9_full_N500,S2,1166802640,500,False,PD_classic,9.0,5.0,1.0,0.0,True,0.0,0.5,100,15,30,2.0,100000,0.0,0.0,1.0,0.0,0.0,0.0,0.0,1.0,0.0,1.068882436401453,0.0,1.068882436401453,15.0,234.088,10.111044193223455,1.0,True,True,0.0,1004,baseline,2498,4655,3.7269815852682147,37.43657979976443,0.0014925837345887924,0.08077171329913706,0.011936993938619469,0.8231824359712023,0.9252466329939749,5.556,0,classic,1.0,0.3,0.3,False,n/a,n/a,n/a,n/a,n/a,n/a,n/a,n/a,n/a,n/a,n/a,n/a,n/a,n/a,n/a,n/a,n/a,n/a,n/a
PM9_full_N500,S2,1166802640,500,False,PD_classic,9.0,5.0,1.0,0.0,True,0.0,0.5,100,15,30,0.1,100000,0.0,0.0,1.0,0.0,0.0,0.0,0.0,1.0,0.0,1.2940152247754324,0.0,1.2940152247754324,14.72,20.904,93.52436322361156,0.86,True,True,0.0,1297,connected,2498,4675,3.7429943955164133,34.66803265279414,0.001498996554071451,0.13343219023766525,0.011794734171038289,0.9827640524325877,0.9858298571105537,1.3898305084745763,0,classic,1.0,0.3,0.3,False,n/a,n/a,n/a,n/a,n/a,n/a,n/a,n/a,n/a,n/a,n/a,n/a,n/a,n/a,n/a,n/a,n/a,n/a,n/a
PM9_full_N500,S2,1166802640,500,False,PD_classic,9.0,5.0,1.0,0.0,True,0.0,0.5,100,15,30,2.0,100000,0.0,0.0,1.0,0.0,0.0,0.0,0.0,1.0,0.0,1.0605101789519766,0.0,1.0605101789519766,15.0,181.624,14.293319508020057,1.0,True,True,0.0,1034,fragmented,2498,3724,2.981585268214572,38.68529969899228,0.0011940669876710339,0.1739903134458361,0.013337632589256354,0.8632843958161864,0.93883961208896,4.924949290060852,931,classic,1.0,0.3,0.3,False,n/a,n/a,n/a,n/a,n/a,n/a,n/a,n/a,n/a,n/a,n/a,n/a,n/a,n/a,n/a,n/a,n/a,n/a,n/a
PM9_full_N500,S2,1166802640,500,False,PD_classic,9.0,5.0,1.0,0.0,True,0.0,0.5,100,15,30,2.0,100000,0.0,0.0,1.0,0.0,0.0,0.0,0.0,1.0,0.0,1.0667639465502214,0.0,1.0667639465502214,15.0,233.572,10.211395185872728,1.0,True,True,0.0,998,connected,2498,4675,3.7429943955164133,34.66803265279414,0.001498996554071451,0.13343219023766525,0.011794734171038289,0.815810384773168,0.9197371867918417,5.250501002004008,0,classic,1.0,0.3,0.3,False,n/a,n/a,n/a,n/a,n/a,n/a,n/a,n/a,n/a,n/a,n/a,n/a,n/a,n/a,n/a,n/a,n/a,n/a,n/a
PM9_full_N500,S2,1166802640,500,False,PD_classic,9.0,5.0,1.0,0.0,True,0.01,0.5,100,0,30,0.1,100000,0.1076,0.029400000000000003,0.575,0.09939999999999999,0.08779999999999998,0.0498,0.051000000000000004,0.7916450190872413,0.023091423185673893,1.7102296654841314,1.8961209400510217,1.792681442933532,20.56,20.56,95.13469880546484,0.0,False,False,-0.021848343393369912,10793,baseline,2498,4655,3.7269815852682147,37.43657979976443,0.0014925837345887924,0.08077171329913706,0.011936993938619469,0.9767045404831196,0.9767045404831196,1.3655913978494623,0,classic,1.0,0.3,0.3,False,n/a,n/a,n/a,n/a,n/a,n/a,n/a,n/a,n/a,n/a,n/a,n/a,n/a,n/a,n/a,n/a,n/a,n/a,n/a
PM9_full_N500,S2,1166802640,500,False,PD_classic,9.0,5.0,1.0,0.0,True,0.01,0.5,100,0,30,0.1,100000,0.08919999999999999,0.0528,0.5771999999999999,0.08339999999999999,0.08939999999999998,0.072,0.036,0.7476140301453913,0.031636363636363636,1.7883006808128878,1.7937052766562684,1.830632332656739,17.94,17.94,121.38754639896766,0.0,False,True,0.00019178956715973347,11223,fragmented,2498,3724,2.981585268214572,38.68529969899228,0.0011940669876710339,0.1739903134458361,0.013337632589256354,0.9838158711192748,0.9838158711192748,1.3047210300429184,931,classic,1.0,0.3,0.3,False,n/a,n/a,n/a,n/a,n/a,n/a,n/a,n/a,n/a,n/a,n/a,n/a,n/a,n/a,n/a,n/a,n/a,n/a,n/a
PM9_full_N500,S2,1166802640,500,False,PD_classic,9.0,5.0,1.0,0.0,True,0.01,0.5,100,0,30,2.0,100000,0.027000000000000003,0.010799999999999999,0.8936,0.023799999999999995,0.022799999999999997,0.012599999999999997,0.0094,0.974340211235525,0.036415989159891596,1.2409378691954793,1.243870122722084,1.2417619258813917,231.416,231.416,10.167277652303595,0.0,False,True,-0.0029495157980620936,12500,baseline,2498,4655,3.7269815852682147,37.43657979976443,0.0014925837345887924,0.08077171329913706,0.011936993938619469,0.92655310018124,0.92655310018124,5.456740442655936,0,classic,1.0,0.3,0.3,False,n/a,n/a,n/a,n/a,n/a,n/a,n/a,n/a,n/a,n/a,n/a,n/a,n/a,n/a,n/a,n/a,n/a,n/a,n/a
PM9_full_N500,S2,1166802640,500,False,PD_classic,9.0,5.0,1.0,0.0,True,0.01,0.5,100,0,30,0.1,100000,0.1068,0.021199999999999997,0.6654000000000001,0.0722,0.053000000000000005,0.0534,0.028000000000000004,0.8378430077524633,0.01759588770264927,1.8100286484650085,1.8396491905475256,1.8608347219542594,21.376,21.376,91.64688170951676,0.0,False,True,0.00904519458078052,11215,connected,2498,4675,3.7429943955164133,34.66803265279414,0.001498996554071451,0.13343219023766525,0.011794734171038289,0.9841174476739852,0.9841174476739852,1.44,0,classic,1.0,0.3,0.3,False,n/a,n/a,n/a,n/a,n/a,n/a,n/a,n/a,n/a,n/a,n/a,n/a,n/a,n/a,n/a,n/a,n/a,n/a,n/a
PM9_full_N500,S2,1166802640,500,False,PD_classic,9.0,5.0,1.0,0.0,True,0.01,0.5,100,0,30,2.0,100000,0.04459999999999999,0.0086,0.8654,0.0306,0.03540000000000001,0.0086,0.0068000000000000005,0.9745244814316252,0.03566311096959083,1.2420308330854146,1.246590772281286,1.2435092584802176,186.9,186.9,14.008860051286787,0.0,False,True,0.002573117492468139,14006,fragmented,2498,3724,2.981585268214572,38.68529969899228,0.0011940669876710339,0.1739903134458361,0.013337632589256354,0.9341207905461076,0.9341207905461076,5.040160642570281,931,classic,1.0,0.3,0.3,False,n/a,n/a,n/a,n/a,n/a,n/a,n/a,n/a,n/a,n/a,n/a,n/a,n/a,n/a,n/a,n/a,n/a,n/a,n/a
PM9_full_N500,S2,1166802640,500,False,PD_classic,9.0,5.0,1.0,0.0,True,0.01,0.5,100,5,30,0.1,100000,0.07040000000000002,0.033600000000000005,0.6614,0.07479999999999999,0.06940000000000002,0.053200000000000004,0.03720000000000001,0.9024484572797349,0.03872340425531915,1.7286780849354597,1.7210679851865405,1.7305596942445796,5.0,21.064,94.41336478357908,1.0,False,True,0.002860725042897242,10812,baseline,2498,4655,3.7269815852682147,37.43657979976443,0.0014925837345887924,0.08077171329913706,0.011936993938619469,0.9718080799849048,0.9738425170523473,1.3454545454545455,0,classic,1.0,0.3,0.3,False,n/a,n/a,n/a,n/a,n/a,n/a,n/a,n/a,n/a,n/a,n/a,n/a,n/a,n/a,n/a,n/a,n/a,n/a,n/a
PM9_full_N500,S2,1166802640,500,False,PD_classic,9.0,5.0,1.0,0.0,True,0.01,0.5,100,0,30,2.0,100000,0.021799999999999996,0.022799999999999997,0.859,0.036399999999999995,0.030000000000000006,0.021399999999999995,0.0086,0.9682887896413233,0.05317879665928072,1.2554153606141107,1.2444955853775248,1.254514566873761,231.976,231.976,10.244113684570276,0.0,False,True,-0.005145102180408721,12750,connected,2498,4675,3.7429943955164133,34.66803265279414,0.001498996554071451,0.13343219023766525,0.011794734171038289,0.9199443001584917,0.9199443001584917,5.674698795180723,0,classic,1.0,0.3,0.3,False,n/a,n/a,n/a,n/a,n/a,n/a,n/a,n/a,n/a,n/a,n/a,n/a,n/a,n/a,n/a,n/a,n/a,n/a,n/a
PM9_full_N500,S2,1166802640,500,False,PD_classic,9.0,5.0,1.0,0.0,True,0.01,0.5,100,5,30,0.1,100000,0.06240000000000001,0.0332,0.6798,0.053200000000000004,0.08319999999999998,0.0434,0.04479999999999999,0.882304914609415,0.016847449803831065,1.7469596100941347,1.7272449446895177,1.7633905041325415,5.0,17.968,122.2672184632393,0.998,False,True,-0.012527166908666535,10676,fragmented,2498,3724,2.981585268214572,38.68529969899228,0.0011940669876710339,0.1739903134458361,0.013337632589256354,0.9857155102181286,0.9889291810553482,1.2293577981651376,931,classic,1.0,0.3,0.3,False,n/a,n/a,n/a,n/a,n/a,n/a,n/a,n/a,n/a,n/a,n/a,n/a,n/a,n/a,n/a,n/a,n/a,n/a,n/a
PM9_full_N500,S2,1166802640,500,False,PD_classic,9.0,5.0,1.0,0.0,True,0.01,0.5,100,5,30,2.0,100000,0.0098,0.008400000000000001,0.9384,0.013000000000000001,0.011,0.010199999999999999,0.0092,0.9689737766978206,0.04572296271300827,1.2412236623934205,1.2747299626487592,1.2424737237182977,5.0,234.632,10.04122285230368,1.0,False,True,0.002352412609646044,10126,baseline,2498,4655,3.7269815852682147,37.43657979976443,0.0014925837345887924,0.08077171329913706,0.011936993938619469,0.7764440948556708,0.9236748371978935,5.641851106639839,0,classic,1.0,0.3,0.3,False,n/a,n/a,n/a,n/a,n/a,n/a,n/a,n/a,n/a,n/a,n/a,n/a,n/a,n/a,n/a,n/a,n/a,n/a,n/a
PM9_full_N500,S2,1166802640,500,False,PD_classic,9.0,5.0,1.0,0.0,True,0.01,0.5,100,5,30,0.1,100000,0.0732,0.039799999999999995,0.6462,0.07999999999999999,0.06060000000000001,0.05519999999999999,0.04499999999999999,0.8787459993446592,0.023337515683814303,1.7730279611675397,1.819248919464692,1.8079193965915301,5.0,20.784,93.02115263753686,1.0,False,True,-0.00043669614678495337,10989,connected,2498,4675,3.7429943955164133,34.66803265279414,0.001498996554071451,0.13343219023766525,0.011794734171038289,0.9839148866663491,0.9860831910309241,1.2358490566037736,0,classic,1.0,0.3,0.3,False,n/a,n/a,n/a,n/a,n/a,n/a,n/a,n/a,n/a,n/a,n/a,n/a,n/a,n/a,n/a,n/a,n/a,n/a,n/a
PM9_full_N500,S2,1166802640,500,False,PD_classic,9.0,5.0,1.0,0.0,True,0.01,0.5,100,5,30,2.0,100000,0.026999999999999996,0.0134,0.8953999999999999,0.022399999999999996,0.021200000000000004,0.008400000000000001,0.012199999999999999,0.9614880558657728,0.05587819808507299,1.2398796254610316,1.2182247124677772,1.2401539520168985,5.0,185.32,14.002092576847183,1.0,False,True,0.0004905235620964456,11131,fragmented,2498,3724,2.981585268214572,38.68529969899228,0.0011940669876710339,0.1739903134458361,0.013337632589256354,0.8196797944253237,0.9357514563523559,5.050709939148073,931,classic,1.0,0.3,0.3,False,n/a,n/a,n/a,n/a,n/a,n/a,n/a,n/a,n/a,n/a,n/a,n/a,n/a,n/a,n/a,n/a,n/a,n/a,n/a
PM9_full_N500,S2,1166802640,500,False,PD_classic,9.0,5.0,1.0,0.0,True,0.01,0.5,100,15,30,0.1,100000,0.08499999999999999,0.06500000000000002,0.6066,0.07060000000000002,0.07040000000000002,0.047799999999999995,0.054599999999999996,0.8432022165717423,0.029990262901655306,1.736805856060154,2.010170456321854,1.7919321119228744,14.71,20.848,93.5449298657423,0.836,False,True,-0.0172853107412404,10840,baseline,2498,4655,3.7269815852682147,37.43657979976443,0.0014925837345887924,0.08077171329913706,0.011936993938619469,0.9829101428124084,0.9839037476796654,1.4285714285714286,0,classic,1.0,0.3,0.3,False,n/a,n/a,n/a,n/a,n/a,n/a,n/a,n/a,n/a,n/a,n/a,n/a,n/a,n/a,n/a,n/a,n/a,n/a,n/a
PM9_full_N500,S2,1166802640,500,False,PD_classic,9.0,5.0,1.0,0.0,True,0.01,0.5,100,5,30,2.0,100000,0.013800000000000002,0.009199999999999998,0.922,0.0114,0.011199999999999998,0.023799999999999998,0.0086,0.9667638453989227,0.051255766273705795,1.246457036295037,1.2881605059009795,1.2468480935314392,5.0,232.592,10.226132752378572,1.0,False,True,-0.0019924303697229436,10314,connected,2498,4675,3.7429943955164133,34.66803265279414,0.001498996554071451,0.13343219023766525,0.011794734171038289,0.7806661148818393,0.9194605754846292,5.385542168674699,0,classic,1.0,0.3,0.3,False,n/a,n/a,n/a,n/a,n/a,n/a,n/a,n/a,n/a,n/a,n/a,n/a,n/a,n/a,n/a,n/a,n/a,n/a,n/a
PM9_full_N500,S2,1166802640,500,False,PD_classic,9.0,5.0,1.0,0.0,True,0.01,0.5,100,15,30,0.1,100000,0.0708,0.032400000000000005,0.6148,0.06440000000000001,0.10700000000000001,0.06420000000000001,0.04639999999999999,0.8468860086424662,0.02322308233638283,1.7952897614511243,1.9537035836994716,1.829438105730537,14.106,18.092,119.82366514085382,0.672,False,True,-0.003900207600832967,11022,fragmented,2498,3724,2.981585268214572,38.68529969899228,0.0011940669876710339,0.1739903134458361,0.013337632589256354,0.9899404780308333,0.9904340436945875,1.4142259414225942,931,classic,1.0,0.3,0.3,False,n/a,n/a,n/a,n/a,n/a,n/a,n/a,n/a,n/a,n/a,n/a,n/a,n/a,n/a,n/a,n/a,n/a,n/a,n/a
PM9_full_N500,S2,1166802640,500,False,PD_classic,9.0,5.0,1.0,0.0,True,0.01,0.5,100,15,30,2.0,100000,0.015400000000000002,0.0094,0.9196000000000002,0.011999999999999999,0.0158,0.012,0.015799999999999998,0.9721122626864581,0.04758584626111208,1.2531512449147968,1.2679015884804596,1.2537867433615595,15.0,230.724,10.299121680059779,1.0,False,True,0.0013258229032938103,11384,baseline,2498,4655,3.7269815852682147,37.43657979976443,0.0014925837345887924,0.08077171329913706,0.011936993938619469,0.8272518460084113,0.9278305676181744,5.250501002004008,0,classic,1.0,0.3,0.3,False,n/a,n/a,n/a,n/a,n/a,n/a,n/a,n/a,n/a,n/a,n/a,n/a,n/a,n/a,n/a,n/a,n/a,n/a,n/a
PM9_full_N500,S2,1166802640,500,False,PD_classic,9.0,5.0,1.0,0.0,True,0.01,0.5,100,15,30,0.1,100000,0.0538,0.043199999999999995,0.6544000000000001,0.06900000000000002,0.07100000000000002,0.073,0.0356,0.8702443771215919,0.01648788239968216,1.8154724800107693,2.0074594309755898,1.8794057856700332,14.694,21.192,92.22660513003491,0.858,False,True,-0.0026796683186762044,11226,connected,2498,4675,3.7429943955164133,34.66803265279414,0.001498996554071451,0.13343219023766525,0.011794734171038289,0.9830828418684012,0.9842069434753831,1.3596491228070176,0,classic,1.0,0.3,0.3,False,n/a,n/a,n/a,n/a,n/a,n/a,n/a,n/a,n/a,n/a,n/a,n/a,n/a,n/a,n/a,n/a,n/a,n/a,n/a
PM9_full_N500,S2,1166802640,500,False,PD_classic,9.0,5.0,1.0,0.0,True,0.01,0.5,100,15,30,2.0,100000,0.029200000000000004,0.007400000000000001,0.9088,0.010199999999999999,0.022199999999999998,0.0066,0.0156,0.965652137398345,0.046796753583146264,1.247330107052652,1.2584147382954576,1.2468141640464916,15.0,183.192,14.180521743483379,1.0,False,True,-0.0038658490633955212,12271,fragmented,2498,3724,2.981585268214572,38.68529969899228,0.0011940669876710339,0.1739903134458361,0.013337632589256354,0.8654612272368195,0.9443107371589311,4.763636363636364,931,classic,1.0,0.3,0.3,False,n/a,n/a,n/a,n/a,n/a,n/a,n/a,n/a,n/a,n/a,n/a,n/a,n/a,n/a,n/a,n/a,n/a,n/a,n/a
PM9_full_N500,S2,1166802640,500,False,weak_PD,1.6,1.0,0.0,0.0,True,0.0,0.5,100,0,30,0.1,100000,0.0,0.0,1.0,0.0,0.0,0.0,0.0,1.0,0.0,0.1248528608385932,0.0,0.1248528608385932,20.396,20.396,93.89897670490355,0.0,True,True,0.011970633482543451,2646,baseline,2498,4655,3.7269815852682147,37.43657979976443,0.0014925837345887924,0.08077171329913706,0.011936993938619469,0.9812173176739342,0.9812173176739342,1.2340425531914894,0,classic,1.0,0.3,0.3,False,n/a,n/a,n/a,n/a,n/a,n/a,n/a,n/a,n/a,n/a,n/a,n/a,n/a,n/a,n/a,n/a,n/a,n/a,n/a
PM9_full_N500,S2,1166802640,500,False,PD_classic,9.0,5.0,1.0,0.0,True,0.01,0.5,100,15,30,2.0,100000,0.0164,0.0106,0.9220000000000003,0.019999999999999997,0.0126,0.0142,0.0042,0.9725395249166542,0.04218123496391339,1.2449581285002287,1.246896056278481,1.245439090311846,15.0,233.976,10.216399556350908,1.0,False,True,0.0008903555614237106,11059,connected,2498,4675,3.7429943955164133,34.66803265279414,0.001498996554071451,0.13343219023766525,0.011794734171038289,0.8082300811507224,0.9225006495935241,5.790322580645161,0,classic,1.0,0.3,0.3,False,n/a,n/a,n/a,n/a,n/a,n/a,n/a,n/a,n/a,n/a,n/a,n/a,n/a,n/a,n/a,n/a,n/a,n/a,n/a
PM9_full_N500,S2,1166802640,500,False,weak_PD,1.6,1.0,0.0,0.0,True,0.0,0.5,100,0,30,0.1,100000,0.0,0.0,0.9920000000000002,0.005999999999999999,0.0,0.0,0.0020000000000000005,0.9996343905014244,0.0007111111111111111,0.1611792318700715,0.0,0.16402693573303614,18.564,18.564,123.34818065866203,0.0,False,False,0.02572047088187474,2637,fragmented,2498,3724,2.981585268214572,38.68529969899228,0.0011940669876710339,0.1739903134458361,0.013337632589256354,0.9838189802713952,0.9838189802713952,1.4298245614035088,931,classic,1.0,0.3,0.3,False,n/a,n/a,n/a,n/a,n/a,n/a,n/a,n/a,n/a,n/a,n/a,n/a,n/a,n/a,n/a,n/a,n/a,n/a,n/a
PM9_full_N500,S2,1166802640,500,False,weak_PD,1.6,1.0,0.0,0.0,True,0.0,0.5,100,0,30,2.0,100000,0.0,0.0,1.0,0.0,0.0,0.0,0.0,1.0,0.0,0.025929555843036602,0.0,0.025929555843036602,235.544,235.544,10.170312658351037,0.0,True,True,0.0,1923,baseline,2498,4655,3.7269815852682147,37.43657979976443,0.0014925837345887924,0.08077171329913706,0.011936993938619469,0.9319706465605598,0.9319706465605598,5.545271629778672,0,classic,1.0,0.3,0.3,False,n/a,n/a,n/a,n/a,n/a,n/a,n/a,n/a,n/a,n/a,n/a,n/a,n/a,n/a,n/a,n/a,n/a,n/a,n/a
PM9_full_N500,S2,1166802640,500,False,weak_PD,1.6,1.0,0.0,0.0,True,0.0,0.5,100,0,30,0.1,100000,0.0,0.0,1.0,0.0,0.0,0.0,0.0,1.0,0.0,0.1238539677617184,0.0,0.1238539677617184,21.832,21.832,91.26299034246539,0.0,True,True,0.01143969375877064,2924,connected,2498,4675,3.7429943955164133,34.66803265279414,0.001498996554071451,0.13343219023766525,0.011794734171038289,0.9842266245377785,0.9842266245377785,1.2682926829268293,0,classic,1.0,0.3,0.3,False,n/a,n/a,n/a,n/a,n/a,n/a,n/a,n/a,n/a,n/a,n/a,n/a,n/a,n/a,n/a,n/a,n/a,n/a,n/a
PM9_full_N500,S2,1166802640,500,False,weak_PD,1.6,1.0,0.0,0.0,True,0.0,0.5,100,0,30,2.0,100000,0.0,0.0,1.0,0.0,0.0,0.0,0.0,1.0,0.0,0.03615758069097878,0.0,0.03615758069097878,190.908,190.908,13.638558760363305,0.0,True,True,0.0,2513,fragmented,2498,3724,2.981585268214572,38.68529969899228,0.0011940669876710339,0.1739903134458361,0.013337632589256354,0.9394025807554883,0.9394025807554883,5.347022587268994,931,classic,1.0,0.3,0.3,False,n/a,n/a,n/a,n/a,n/a,n/a,n/a,n/a,n/a,n/a,n/a,n/a,n/a,n/a,n/a,n/a,n/a,n/a,n/a
PM9_full_N500,S2,1166802640,500,False,weak_PD,1.6,1.0,0.0,0.0,True,0.0,0.5,100,5,30,0.1,100000,0.0,0.0,0.998,0.0,0.0020000000000000005,0.0,0.0,1.0,0.0,0.1188327279783657,0.0,0.11939950080257539,5.0,20.464,96.84175181239225,1.0,False,True,0.008972752691003439,2631,baseline,2498,4655,3.7269815852682147,37.43657979976443,0.0014925837345887924,0.08077171329913706,0.011936993938619469,0.977663279872618,0.9806248721147703,1.3916666666666666,0,classic,1.0,0.3,0.3,False,n/a,n/a,n/a,n/a,n/a,n/a,n/a,n/a,n/a,n/a,n/a,n/a,n/a,n/a,n/a,n/a,n/a,n/a,n/a
PM9_full_N500,S2,1166802640,500,False,weak_PD,1.6,1.0,0.0,0.0,True,0.0,0.5,100,0,30,2.0,100000,0.0,0.0,1.0,0.0,0.0,0.0,0.0,1.0,0.0,0.033622856011027054,0.0,0.033622856011027054,230.7,230.7,10.23625028283921,0.0,True,True,0.0,2095,connected,2498,4675,3.7429943955164133,34.66803265279414,0.001498996554071451,0.13343219023766525,0.011794734171038289,0.9232805065995721,0.9232805065995721,5.531062124248497,0,classic,1.0,0.3,0.3,False,n/a,n/a,n/a,n/a,n/a,n/a,n/a,n/a,n/a,n/a,n/a,n/a,n/a,n/a,n/a,n/a,n/a,n/a,n/a
PM9_full_N500,S2,1166802640,500,False,weak_PD,1.6,1.0,0.0,0.0,True,0.0,0.5,100,5,30,0.1,100000,0.027199999999999995,0.0,0.9667999999999999,0.0,0.004000000000000001,0.0020000000000000005,0.0,0.9822741702471051,0.0003532944709415298,0.15288786226122864,0.6085249592482355,0.16717679305413827,5.0,18.392,125.01748396492637,1.0,False,True,0.01463506654026543,2554,fragmented,2498,3724,2.981585268214572,38.68529969899228,0.0011940669876710339,0.1739903134458361,0.013337632589256354,0.9764156688010199,0.979195890423636,1.4464285714285714,931,classic,1.0,0.3,0.3,False,n/a,n/a,n/a,n/a,n/a,n/a,n/a,n/a,n/a,n/a,n/a,n/a,n/a,n/a,n/a,n/a,n/a,n/a,n/a
PM9_full_N500,S2,1166802640,500,False,weak_PD,1.6,1.0,0.0,0.0,True,0.0,0.5,100,5,30,2.0,100000,0.0,0.0,1.0,0.0,0.0,0.0,0.0,1.0,0.0,0.02701656885480893,0.0,0.02701656885480893,5.0,233.676,10.16110264098148,1.0,True,True,0.0,1722,baseline,2498,4655,3.7269815852682147,37.43657979976443,0.0014925837345887924,0.08077171329913706,0.011936993938619469,0.7824571805707988,0.9283025628930752,5.804,0,classic,1.0,0.3,0.3,False,n/a,n/a,n/a,n/a,n/a,n/a,n/a,n/a,n/a,n/a,n/a,n/a,n/a,n/a,n/a,n/a,n/a,n/a,n/a
PM9_full_N500,S2,1166802640,500,False,weak_PD,1.6,1.0,0.0,0.0,True,0.0,0.5,100,5,30,0.1,100000,0.0,0.0,1.0,0.0,0.0,0.0,0.0,1.0,0.0,0.134174863204826,0.0,0.134174863204826,5.0,21.08,91.04221206987462,1.0,True,True,0.014150322201299793,3002,connected,2498,4675,3.7429943955164133,34.66803265279414,0.001498996554071451,0.13343219023766525,0.011794734171038289,0.9804556265670816,0.9830399766066025,1.2097560975609756,0,classic,1.0,0.3,0.3,False,n/a,n/a,n/a,n/a,n/a,n/a,n/a,n/a,n/a,n/a,n/a,n/a,n/a,n/a,n/a,n/a,n/a,n/a,n/a
PM9_full_N500,S2,1166802640,500,False,weak_PD,1.6,1.0,0.0,0.0,True,0.0,0.5,100,5,30,2.0,100000,0.0,0.0,1.0,0.0,0.0,0.0,0.0,1.0,0.0,0.03217656202470038,0.0,0.03217656202470038,5.0,184.92,14.10038610318729,1.0,True,True,0.0,2113,fragmented,2498,3724,2.981585268214572,38.68529969899228,0.0011940669876710339,0.1739903134458361,0.013337632589256354,0.8150620999183966,0.9274910960633194,5.122736418511066,931,classic,1.0,0.3,0.3,False,n/a,n/a,n/a,n/a,n/a,n/a,n/a,n/a,n/a,n/a,n/a,n/a,n/a,n/a,n/a,n/a,n/a,n/a,n/a
PM9_full_N500,S2,1166802640,500,False,weak_PD,1.6,1.0,0.0,0.0,True,0.0,0.5,100,15,30,0.1,100000,0.0,0.0,1.0,0.0,0.0,0.0,0.0,1.0,0.0,0.1248528608385932,0.0,0.1248528608385932,14.736,20.396,93.89897670490355,0.83,True,True,0.011970633482543451,2646,baseline,2498,4655,3.7269815852682147,37.43657979976443,0.0014925837345887924,0.08077171329913706,0.011936993938619469,0.9794458622024268,0.9812173176739342,1.2340425531914894,0,classic,1.0,0.3,0.3,False,n/a,n/a,n/a,n/a,n/a,n/a,n/a,n/a,n/a,n/a,n/a,n/a,n/a,n/a,n/a,n/a,n/a,n/a,n/a
PM9_full_N500,S2,1166802640,500,False,weak_PD,1.6,1.0,0.0,0.0,True,0.0,0.5,100,5,30,2.0,100000,0.0,0.0,1.0,0.0,0.0,0.0,0.0,1.0,0.0,0.03152104430138632,0.0,0.03152104430138632,5.0,231.884,10.250211500048152,1.0,True,True,0.0,1912,connected,2498,4675,3.7429943955164133,34.66803265279414,0.001498996554071451,0.13343219023766525,0.011794734171038289,0.7706920084314075,0.9270019469183031,5.532,0,classic,1.0,0.3,0.3,False,n/a,n/a,n/a,n/a,n/a,n/a,n/a,n/a,n/a,n/a,n/a,n/a,n/a,n/a,n/a,n/a,n/a,n/a,n/a
PM9_full_N500,S2,1166802640,500,False,weak_PD,1.6,1.0,0.0,0.0,True,0.0,0.5,100,15,30,0.1,100000,0.0,0.0,0.9920000000000002,0.005999999999999999,0.0,0.0,0.0020000000000000005,0.9996343905014244,0.0007111111111111111,0.1611792318700715,0.0,0.16402693573303614,13.96,18.564,123.34818065866203,0.64,False,False,0.02572047088187474,2637,fragmented,2498,3724,2.981585268214572,38.68529969899228,0.0011940669876710339,0.1739903134458361,0.013337632589256354,0.9837654928944163,0.9838189802713952,1.4298245614035088,931,classic,1.0,0.3,0.3,False,n/a,n/a,n/a,n/a,n/a,n/a,n/a,n/a,n/a,n/a,n/a,n/a,n/a,n/a,n/a,n/a,n/a,n/a,n/a
PM9_full_N500,S2,1166802640,500,False,weak_PD,1.6,1.0,0.0,0.0,True,0.0,0.5,100,15,30,2.0,100000,0.0,0.0,1.0,0.0,0.0,0.0,0.0,1.0,0.0,0.02407912107004778,0.0,0.02407912107004778,15.0,230.448,10.248334786605259,1.0,True,True,0.0,1724,baseline,2498,4655,3.7269815852682147,37.43657979976443,0.0014925837345887924,0.08077171329913706,0.011936993938619469,0.8185196320901914,0.9242558493148954,5.623246492985972,0,classic,1.0,0.3,0.3,False,n/a,n/a,n/a,n/a,n/a,n/a,n/a,n/a,n/a,n/a,n/a,n/a,n/a,n/a,n/a,n/a,n/a,n/a,n/a
PM9_full_N500,S2,1166802640,500,False,weak_PD,1.6,1.0,0.0,0.0,True,0.0,0.5,100,15,30,0.1,100000,0.0,0.0,1.0,0.0,0.0,0.0,0.0,1.0,0.0,0.12385555663957343,0.0,0.12385555663957343,14.712,21.832,91.26299034246539,0.86,True,True,0.01143969375877064,2924,connected,2498,4675,3.7429943955164133,34.66803265279414,0.001498996554071451,0.13343219023766525,0.011794734171038289,0.9816477332393753,0.9842266245377785,1.2682926829268293,0,classic,1.0,0.3,0.3,False,n/a,n/a,n/a,n/a,n/a,n/a,n/a,n/a,n/a,n/a,n/a,n/a,n/a,n/a,n/a,n/a,n/a,n/a,n/a
PM9_full_N500,S2,1166802640,500,False,weak_PD,1.6,1.0,0.0,0.0,True,0.0,0.5,100,15,30,2.0,100000,0.0,0.0,1.0,0.0,0.0,0.0,0.0,1.0,0.0,0.037246130493311665,0.0,0.037246130493311665,15.0,182.28,14.1994467642311,1.0,True,True,0.0,2523,fragmented,2498,3724,2.981585268214572,38.68529969899228,0.0011940669876710339,0.1739903134458361,0.013337632589256354,0.8551023611275206,0.9303165107238884,4.877263581488934,931,classic,1.0,0.3,0.3,False,n/a,n/a,n/a,n/a,n/a,n/a,n/a,n/a,n/a,n/a,n/a,n/a,n/a,n/a,n/a,n/a,n/a,n/a,n/a
PM9_full_N500,S2,1166802640,500,False,weak_PD,1.6,1.0,0.0,0.0,True,0.01,0.5,100,0,30,0.1,100000,0.11280000000000001,0.06700000000000002,0.45520000000000005,0.11979999999999999,0.09499999999999999,0.07899999999999999,0.07120000000000001,0.6762703142466927,0.035299374441465595,0.3319224867352302,0.37322254463497256,0.3645422293314602,20.672,20.672,93.51838358322163,0.0,False,True,-0.007450445801782108,14296,baseline,2498,4655,3.7269815852682147,37.43657979976443,0.0014925837345887924,0.08077171329913706,0.011936993938619469,0.9743061447211028,0.9743061447211028,1.3047619047619048,0,classic,1.0,0.3,0.3,False,n/a,n/a,n/a,n/a,n/a,n/a,n/a,n/a,n/a,n/a,n/a,n/a,n/a,n/a,n/a,n/a,n/a,n/a,n/a
PM9_full_N500,S2,1166802640,500,False,weak_PD,1.6,1.0,0.0,0.0,True,0.0,0.5,100,15,30,2.0,100000,0.0,0.0,1.0,0.0,0.0,0.0,0.0,1.0,0.0,0.03339318527826689,0.0,0.03339318527826689,15.0,234.764,10.144913802476587,1.0,True,True,0.0,2108,connected,2498,4675,3.7429943955164133,34.66803265279414,0.001498996554071451,0.13343219023766525,0.011794734171038289,0.8192424428954075,0.9160225226821267,5.806451612903226,0,classic,1.0,0.3,0.3,False,n/a,n/a,n/a,n/a,n/a,n/a,n/a,n/a,n/a,n/a,n/a,n/a,n/a,n/a,n/a,n/a,n/a,n/a,n/a
PM9_full_N500,S2,1166802640,500,False,weak_PD,1.6,1.0,0.0,0.0,True,0.01,0.5,100,0,30,0.1,100000,0.11700000000000002,0.0526,0.4328,0.1102,0.11999999999999997,0.0828,0.08459999999999998,0.7067010949833638,0.04042400287459576,0.4090940867686115,0.4272224721065715,0.41727431704593676,18.124,18.124,122.02738874965564,0.0,False,True,0.011929737318953122,14302,fragmented,2498,3724,2.981585268214572,38.68529969899228,0.0011940669876710339,0.1739903134458361,0.013337632589256354,0.9904131678924756,0.9904131678924756,1.345132743362832,931,classic,1.0,0.3,0.3,False,n/a,n/a,n/a,n/a,n/a,n/a,n/a,n/a,n/a,n/a,n/a,n/a,n/a,n/a,n/a,n/a,n/a,n/a,n/a
PM9_full_N500,S2,1166802640,500,False,weak_PD,1.6,1.0,0.0,0.0,True,0.01,0.5,100,0,30,2.0,100000,0.05960000000000001,0.016200000000000003,0.783,0.06440000000000001,0.04259999999999999,0.02,0.0142,0.94479852615248,0.07132194393763476,0.11573106931290905,0.12194287790919722,0.11541284662380666,233.676,233.676,10.23709806230335,0.0,False,True,-0.006576957507824904,19605,baseline,2498,4655,3.7269815852682147,37.43657979976443,0.0014925837345887924,0.08077171329913706,0.011936993938619469,0.9286357340002509,0.9286357340002509,5.731462925851703,0,classic,1.0,0.3,0.3,False,n/a,n/a,n/a,n/a,n/a,n/a,n/a,n/a,n/a,n/a,n/a,n/a,n/a,n/a,n/a,n/a,n/a,n/a,n/a
PM9_full_N500,S2,1166802640,500,False,weak_PD,1.6,1.0,0.0,0.0,True,0.01,0.5,100,0,30,0.1,100000,0.10300000000000001,0.0522,0.49160000000000004,0.08819999999999997,0.09399999999999999,0.10999999999999999,0.06100000000000001,0.6507360839266078,0.03293536434746809,0.36050328999897385,0.4189367714926381,0.3851125435227275,21.296,21.296,91.07026018422671,0.0,False,True,0.001643584174339444,14098,connected,2498,4675,3.7429943955164133,34.66803265279414,0.001498996554071451,0.13343219023766525,0.011794734171038289,0.9940588693157126,0.9940588693157126,1.3116279069767443,0,classic,1.0,0.3,0.3,False,n/a,n/a,n/a,n/a,n/a,n/a,n/a,n/a,n/a,n/a,n/a,n/a,n/a,n/a,n/a,n/a,n/a,n/a,n/a
PM9_full_N500,S2,1166802640,500,False,weak_PD,1.6,1.0,0.0,0.0,True,0.01,0.5,100,0,30,2.0,100000,0.09179999999999998,0.017199999999999997,0.7120000000000001,0.07559999999999999,0.05500000000000001,0.016399999999999998,0.03200000000000001,0.9088278761354196,0.07734806629834254,0.1314839219309076,0.14204017818166692,0.1339616530186006,186.84,186.84,14.002661928271953,0.0,False,True,-0.019426128904520747,22110,fragmented,2498,3724,2.981585268214572,38.68529969899228,0.0011940669876710339,0.1739903134458361,0.013337632589256354,0.9406481556303938,0.9406481556303938,5.17907444668008,931,classic,1.0,0.3,0.3,False,n/a,n/a,n/a,n/a,n/a,n/a,n/a,n/a,n/a,n/a,n/a,n/a,n/a,n/a,n/a,n/a,n/a,n/a,n/a
PM9_full_N500,S2,1166802640,500,False,weak_PD,1.6,1.0,0.0,0.0,True,0.01,0.5,100,5,30,0.1,100000,0.11560000000000001,0.046799999999999994,0.485,0.11939999999999999,0.0788,0.10600000000000001,0.04839999999999999,0.7359750409804745,0.02753686036426713,0.36974135837543864,0.4351330362512657,0.39732156281530623,5.0,20.576,93.49399331907222,1.0,False,True,0.011167983871937869,14233,baseline,2498,4655,3.7269815852682147,37.43657979976443,0.0014925837345887924,0.08077171329913706,0.011936993938619469,0.9795194078750364,0.9867538828388889,1.339366515837104,0,classic,1.0,0.3,0.3,False,n/a,n/a,n/a,n/a,n/a,n/a,n/a,n/a,n/a,n/a,n/a,n/a,n/a,n/a,n/a,n/a,n/a,n/a,n/a
PM9_full_N500,S2,1166802640,500,False,weak_PD,1.6,1.0,0.0,0.0,True,0.01,0.5,100,0,30,2.0,100000,0.06140000000000001,0.005400000000000001,0.7978000000000001,0.0558,0.03679999999999999,0.024799999999999996,0.018000000000000006,0.9420394102584553,0.07603416513146877,0.1144810127534442,0.1100312021678475,0.11431522069419608,235.34,235.34,10.054894337431735,0.0,False,True,-0.013686909147633661,18768,connected,2498,4675,3.7429943955164133,34.66803265279414,0.001498996554071451,0.13343219023766525,0.011794734171038289,0.9282005279244206,0.9282005279244206,5.661290322580645,0,classic,1.0,0.3,0.3,False,n/a,n/a,n/a,n/a,n/a,n/a,n/a,n/a,n/a,n/a,n/a,n/a,n/a,n/a,n/a,n/a,n/a,n/a,n/a
PM9_full_N500,S2,1166802640,500,False,weak_PD,1.6,1.0,0.0,0.0,True,0.01,0.5,100,5,30,0.1,100000,0.1264,0.034199999999999994,0.42560000000000003,0.14679999999999999,0.11340000000000001,0.08219999999999998,0.07139999999999999,0.702249445106303,0.024490635933319613,0.38042176300637415,0.46927379940895586,0.40508549263719573,4.998,17.844,122.52882507217512,0.994,False,True,0.005547526190109888,14054,fragmented,2498,3724,2.981585268214572,38.68529969899228,0.0011940669876710339,0.1739903134458361,0.013337632589256354,0.9820178022545475,0.9903609219030332,1.3492822966507176,931,classic,1.0,0.3,0.3,False,n/a,n/a,n/a,n/a,n/a,n/a,n/a,n/a,n/a,n/a,n/a,n/a,n/a,n/a,n/a,n/a,n/a,n/a,n/a
PM9_full_N500,S2,1166802640,500,False,weak_PD,1.6,1.0,0.0,0.0,True,0.01,0.5,100,5,30,2.0,100000,0.0186,0.0206,0.883,0.015400000000000002,0.021599999999999998,0.021999999999999995,0.0188,0.9508725809172699,0.07359454855195911,0.10416260955693823,0.10195972778395367,0.10453601695577412,5.0,232.332,10.269068585774507,1.0,False,True,0.0029671414685574515,14704,baseline,2498,4655,3.7269815852682147,37.43657979976443,0.0014925837345887924,0.08077171329913706,0.011936993938619469,0.7789218203903663,0.9233294270970698,5.544,0,classic,1.0,0.3,0.3,False,n/a,n/a,n/a,n/a,n/a,n/a,n/a,n/a,n/a,n/a,n/a,n/a,n/a,n/a,n/a,n/a,n/a,n/a,n/a
PM9_full_N500,S2,1166802640,500,False,weak_PD,1.6,1.0,0.0,0.0,True,0.01,0.5,100,5,30,0.1,100000,0.15159999999999998,0.08399999999999998,0.4114000000000001,0.10700000000000001,0.09619999999999998,0.09379999999999998,0.05600000000000001,0.6400885917482431,0.03901065755077418,0.36795690961833605,0.39763355533622674,0.39467774866662125,5.0,21.272,91.93092883362485,1.0,False,True,-0.0047114588458339185,13962,connected,2498,4675,3.7429943955164133,34.66803265279414,0.001498996554071451,0.13343219023766525,0.011794734171038289,0.9812994604916832,0.9859589941929867,1.3425925925925926,0,classic,1.0,0.3,0.3,False,n/a,n/a,n/a,n/a,n/a,n/a,n/a,n/a,n/a,n/a,n/a,n/a,n/a,n/a,n/a,n/a,n/a,n/a,n/a
PM9_full_N500,S2,1166802640,500,False,weak_PD,1.6,1.0,0.0,0.0,True,0.01,0.5,100,5,30,2.0,100000,0.027200000000000002,0.028600000000000004,0.841,0.022799999999999997,0.0252,0.028600000000000004,0.026599999999999995,0.9215433963429017,0.09051049170059505,0.10559007392464652,0.10549102588510677,0.10647579699935428,5.0,184.956,14.181920786385104,1.0,False,True,0.004194698378786191,16350,fragmented,2498,3724,2.981585268214572,38.68529969899228,0.0011940669876710339,0.1739903134458361,0.013337632589256354,0.8257981766777398,0.9478284433994172,5.056451612903226,931,classic,1.0,0.3,0.3,False,n/a,n/a,n/a,n/a,n/a,n/a,n/a,n/a,n/a,n/a,n/a,n/a,n/a,n/a,n/a,n/a,n/a,n/a,n/a
PM9_full_N500,S2,1166802640,500,False,weak_PD,1.6,1.0,0.0,0.0,True,0.01,0.5,100,15,30,0.1,100000,0.12799999999999997,0.0502,0.47620000000000007,0.08779999999999998,0.1258,0.0754,0.056600000000000004,0.7012844586270701,0.043668122270742356,0.3396496763713971,0.4256446303104878,0.37711075770338703,14.738,20.58,95.54743499893134,0.842,False,True,0.01158427033708373,14224,baseline,2498,4655,3.7269815852682147,37.43657979976443,0.0014925837345887924,0.08077171329913706,0.011936993938619469,0.9798278904827983,0.9807430907190586,1.2977777777777777,0,classic,1.0,0.3,0.3,False,n/a,n/a,n/a,n/a,n/a,n/a,n/a,n/a,n/a,n/a,n/a,n/a,n/a,n/a,n/a,n/a,n/a,n/a,n/a
PM9_full_N500,S2,1166802640,500,False,weak_PD,1.6,1.0,0.0,0.0,True,0.01,0.5,100,5,30,2.0,100000,0.03320000000000001,0.0114,0.8474,0.025799999999999997,0.026600000000000002,0.030000000000000006,0.0256,0.9321121587776522,0.08969980226496495,0.1100458588860284,0.10387572727185422,0.11108292361856982,5.0,229.524,10.427717084018555,1.0,False,True,-0.0006303097212421809,15345,connected,2498,4675,3.7429943955164133,34.66803265279414,0.001498996554071451,0.13343219023766525,0.011794734171038289,0.7703107053643611,0.9173430593513583,5.377777777777778,0,classic,1.0,0.3,0.3,False,n/a,n/a,n/a,n/a,n/a,n/a,n/a,n/a,n/a,n/a,n/a,n/a,n/a,n/a,n/a,n/a,n/a,n/a,n/a
PM9_full_N500,S2,1166802640,500,False,weak_PD,1.6,1.0,0.0,0.0,True,0.01,0.5,100,15,30,0.1,100000,0.1274,0.0546,0.42860000000000004,0.09059999999999999,0.1042,0.08759999999999998,0.10699999999999998,0.6486376896453423,0.04919930542157052,0.4076999175191122,0.4771264467199475,0.4346562495707493,14.132,17.872,121.17229778814847,0.682,False,True,0.0030154776619135772,14277,fragmented,2498,3724,2.981585268214572,38.68529969899228,0.0011940669876710339,0.1739903134458361,0.013337632589256354,0.9807308536857386,0.9808545645333883,1.3811659192825112,931,classic,1.0,0.3,0.3,False,n/a,n/a,n/a,n/a,n/a,n/a,n/a,n/a,n/a,n/a,n/a,n/a,n/a,n/a,n/a,n/a,n/a,n/a,n/a
PM9_full_N500,S2,1166802640,500,False,weak_PD,1.6,1.0,0.0,0.0,True,0.01,0.5,100,15,30,2.0,100000,0.03680000000000001,0.0098,0.8615999999999999,0.0334,0.022999999999999996,0.026599999999999995,0.008800000000000002,0.9519934648573785,0.06467576791808874,0.10496484938141284,0.11154560063002841,0.10522270709198767,15.0,232.14,10.251628231414104,1.0,False,True,-0.002151455005822587,15989,baseline,2498,4655,3.7269815852682147,37.43657979976443,0.0014925837345887924,0.08077171329913706,0.011936993938619469,0.8242829738971756,0.925250058342617,5.465863453815261,0,classic,1.0,0.3,0.3,False,n/a,n/a,n/a,n/a,n/a,n/a,n/a,n/a,n/a,n/a,n/a,n/a,n/a,n/a,n/a,n/a,n/a,n/a,n/a
PM9_full_N500,S2,1166802640,500,False,weak_PD,1.6,1.0,0.0,0.0,True,0.01,0.5,100,15,30,0.1,100000,0.1282,0.04959999999999999,0.5022,0.09699999999999999,0.09499999999999999,0.07519999999999999,0.0528,0.774700411542194,0.05462944366338622,0.35919201837023884,0.36738519911688716,0.3724244136019567,14.756,21.612,88.9645261168294,0.878,False,True,0.016136733346931924,14371,connected,2498,4675,3.7429943955164133,34.66803265279414,0.001498996554071451,0.13343219023766525,0.011794734171038289,0.9851955238236093,0.9856924066162456,1.396551724137931,0,classic,1.0,0.3,0.3,False,n/a,n/a,n/a,n/a,n/a,n/a,n/a,n/a,n/a,n/a,n/a,n/a,n/a,n/a,n/a,n/a,n/a,n/a,n/a
PM9_full_N500,S2,1166802640,500,False,weak_PD,1.6,1.0,0.0,0.0,True,0.01,0.5,100,15,30,2.0,100000,0.030200000000000005,0.011,0.851,0.032799999999999996,0.03200000000000001,0.0198,0.023199999999999995,0.9470689150893501,0.06441297396071266,0.11551477276581847,0.1186386829256847,0.11565424762058443,15.0,183.844,14.220973721800922,1.0,False,True,0.011886364345451523,18004,fragmented,2498,3724,2.981585268214572,38.68529969899228,0.0011940669876710339,0.1739903134458361,0.013337632589256354,0.8648442734486048,0.9375189475342951,5.195121951219512,931,classic,1.0,0.3,0.3,False,n/a,n/a,n/a,n/a,n/a,n/a,n/a,n/a,n/a,n/a,n/a,n/a,n/a,n/a,n/a,n/a,n/a,n/a,n/a
PM9_full_N500,S2,1166802640,500,False,snowdrift,4.0,3.0,0.0,2.0,True,0.0,0.5,100,0,30,0.1,100000,0.0,0.0,1.0,0.0,0.0,0.0,0.0,1.0,0.0,0.42603005357238255,0.0,0.42603005357238255,20.64,20.64,92.76741762541366,0.0,True,True,0.01939195276781327,2822,baseline,2498,4655,3.7269815852682147,37.43657979976443,0.0014925837345887924,0.08077171329913706,0.011936993938619469,0.983384747331884,0.983384747331884,1.2,0,classic,1.0,0.3,0.3,False,n/a,n/a,n/a,n/a,n/a,n/a,n/a,n/a,n/a,n/a,n/a,n/a,n/a,n/a,n/a,n/a,n/a,n/a,n/a
PM9_full_N500,S2,1166802640,500,False,weak_PD,1.6,1.0,0.0,0.0,True,0.01,0.5,100,15,30,2.0,100000,0.028800000000000003,0.011,0.8558,0.03779999999999999,0.018799999999999997,0.024399999999999998,0.023399999999999997,0.941663684370587,0.07968197879858657,0.11359382486533001,0.11487091114089568,0.11378146305456727,15.0,232.276,10.226102864585169,1.0,False,True,0.007388295153179148,16469,connected,2498,4675,3.7429943955164133,34.66803265279414,0.001498996554071451,0.13343219023766525,0.011794734171038289,0.8168437963711864,0.9269201107600924,5.608870967741935,0,classic,1.0,0.3,0.3,False,n/a,n/a,n/a,n/a,n/a,n/a,n/a,n/a,n/a,n/a,n/a,n/a,n/a,n/a,n/a,n/a,n/a,n/a,n/a
PM9_full_N500,S2,1166802640,500,False,snowdrift,4.0,3.0,0.0,2.0,True,0.0,0.5,100,0,30,0.1,100000,0.008000000000000002,0.0,0.9629999999999999,0.029000000000000005,0.0,0.0,0.0,0.9835841571634198,0.00502108857200241,0.539860991452656,1.6200914793695183,0.5782526885687844,18.644,18.644,125.59244206387207,0.0,False,False,0.03123261133044972,3101,fragmented,2498,3724,2.981585268214572,38.68529969899228,0.0011940669876710339,0.1739903134458361,0.013337632589256354,0.9916514822461762,0.9916514822461762,1.3304721030042919,931,classic,1.0,0.3,0.3,False,n/a,n/a,n/a,n/a,n/a,n/a,n/a,n/a,n/a,n/a,n/a,n/a,n/a,n/a,n/a,n/a,n/a,n/a,n/a
PM9_full_N500,S2,1166802640,500,False,snowdrift,4.0,3.0,0.0,2.0,True,0.0,0.5,100,0,30,2.0,100000,0.0,0.0,1.0,0.0,0.0,0.0,0.0,1.0,0.0,0.1980443757823817,0.0,0.1980443757823817,232.776,232.776,10.253632166037068,0.0,True,True,0.0,4430,baseline,2498,4655,3.7269815852682147,37.43657979976443,0.0014925837345887924,0.08077171329913706,0.011936993938619469,0.9190121644986162,0.9190121644986162,5.629778672032193,0,classic,1.0,0.3,0.3,False,n/a,n/a,n/a,n/a,n/a,n/a,n/a,n/a,n/a,n/a,n/a,n/a,n/a,n/a,n/a,n/a,n/a,n/a,n/a
PM9_full_N500,S2,475630065,500,False,PD_classic,9.0,5.0,1.0,0.0,True,0.0,0.5,100,0,30,0.1,100000,0.0,0.0,1.0,0.0,0.0,0.0,0.0,1.0,0.0,1.3082485200810852,0.0,1.3082485200810852,17.62,17.62,121.8960187531041,0.0,True,True,0.00024869859479437916,1235,fragmented,2498,3724,2.981585268214572,38.84233902630546,0.0011940669876710339,0.1107662487752422,0.01330569014528957,0.9897307496216097,0.9897307496216097,1.346938775510204,931,classic,1.0,0.3,0.3,False,n/a,n/a,n/a,n/a,n/a,n/a,n/a,n/a,n/a,n/a,n/a,n/a,n/a,n/a,n/a,n/a,n/a,n/a,n/a
PM9_full_N500,S2,475630065,500,False,PD_classic,9.0,5.0,1.0,0.0,True,0.0,0.5,100,0,30,0.1,100000,0.0,0.0,1.0,0.0,0.0,0.0,0.0,1.0,0.0,1.2622416060269113,0.0,1.2622416060269113,21.036,21.036,97.05240575370702,0.0,True,True,0.0,1239,baseline,2498,4655,3.7269815852682147,37.43657979976443,0.0014925837345887924,0.08077171329913706,0.011936993938619469,0.9865786230189678,0.9865786230189678,1.3110047846889952,0,classic,1.0,0.3,0.3,False,n/a,n/a,n/a,n/a,n/a,n/a,n/a,n/a,n/a,n/a,n/a,n/a,n/a,n/a,n/a,n/a,n/a,n/a,n/a
PM9_full_N500,S2,475630065,500,False,PD_classic,9.0,5.0,1.0,0.0,True,0.0,0.5,100,0,30,2.0,100000,0.0,0.0,1.0,0.0,0.0,0.0,0.0,1.0,0.0,1.0697295469772186,0.0,1.0697295469772186,187.732,187.732,13.795212461121148,0.0,True,True,0.0,1069,fragmented,2498,3724,2.981585268214572,38.84233902630546,0.0011940669876710339,0.1107662487752422,0.01330569014528957,0.9385884751996898,0.9385884751996898,4.551020408163265,931,classic,1.0,0.3,0.3,False,n/a,n/a,n/a,n/a,n/a,n/a,n/a,n/a,n/a,n/a,n/a,n/a,n/a,n/a,n/a,n/a,n/a,n/a,n/a
PM9_full_N500,S2,475630065,500,False,PD_classic,9.0,5.0,1.0,0.0,True,0.0,0.5,100,0,30,2.0,100000,0.0,0.0,1.0,0.0,0.0,0.0,0.0,1.0,0.0,1.067314307662876,0.0,1.067314307662876,233.2,233.2,10.183838107328052,0.0,True,True,0.0,967,baseline,2498,4655,3.7269815852682147,37.43657979976443,0.0014925837345887924,0.08077171329913706,0.011936993938619469,0.9265599948743265,0.9265599948743265,5.439516129032258,0,classic,1.0,0.3,0.3,False,n/a,n/a,n/a,n/a,n/a,n/a,n/a,n/a,n/a,n/a,n/a,n/a,n/a,n/a,n/a,n/a,n/a,n/a,n/a
PM9_full_N500,S2,475630065,500,False,PD_classic,9.0,5.0,1.0,0.0,True,0.0,0.5,100,0,30,0.1,100000,0.0,0.0,1.0,0.0,0.0,0.0,0.0,1.0,0.0,1.2860739522099267,0.0,1.2860739522099267,20.688,20.688,94.17798752089858,0.0,True,True,0.0,1204,connected,2498,4675,3.7429943955164133,34.617765181258996,0.001498996554071451,0.08534366914141805,0.011830709163410108,0.9859800985909486,0.9859800985909486,1.3080568720379147,0,classic,1.0,0.3,0.3,False,n/a,n/a,n/a,n/a,n/a,n/a,n/a,n/a,n/a,n/a,n/a,n/a,n/a,n/a,n/a,n/a,n/a,n/a,n/a
PM9_full_N500,S2,475630065,500,False,PD_classic,9.0,5.0,1.0,0.0,True,0.0,0.5,100,5,30,0.1,100000,0.0,0.0,1.0,0.0,0.0,0.0,0.0,1.0,0.0,1.2622416060269113,0.0,1.2622416060269113,5.0,21.036,97.05240575370702,1.0,True,True,0.0,1239,baseline,2498,4655,3.7269815852682147,37.43657979976443,0.0014925837345887924,0.08077171329913706,0.011936993938619469,0.9837983572638739,0.9865786230189678,1.3110047846889952,0,classic,1.0,0.3,0.3,False,n/a,n/a,n/a,n/a,n/a,n/a,n/a,n/a,n/a,n/a,n/a,n/a,n/a,n/a,n/a,n/a,n/a,n/a,n/a
PM9_full_N500,S2,475630065,500,False,PD_classic,9.0,5.0,1.0,0.0,True,0.0,0.5,100,0,30,2.0,100000,0.0,0.0,1.0,0.0,0.0,0.0,0.0,1.0,0.0,1.0646375917989837,0.0,1.0646375917989837,233.284,233.284,10.22349185551277,0.0,True,True,0.0,972,connected,2498,4675,3.7429943955164133,34.617765181258996,0.001498996554071451,0.08534366914141805,0.011830709163410108,0.9238768569799624,0.9238768569799624,5.803212851405623,0,classic,1.0,0.3,0.3,False,n/a,n/a,n/a,n/a,n/a,n/a,n/a,n/a,n/a,n/a,n/a,n/a,n/a,n/a,n/a,n/a,n/a,n/a,n/a
PM9_full_N500,S2,475630065,500,False,PD_classic,9.0,5.0,1.0,0.0,True,0.0,0.5,100,5,30,2.0,100000,0.0,0.0,1.0,0.0,0.0,0.0,0.0,1.0,0.0,1.0670587896374768,0.0,1.0670587896374768,5.0,232.136,10.15422645884824,1.0,True,True,0.0,927,baseline,2498,4655,3.7269815852682147,37.43657979976443,0.0014925837345887924,0.08077171329913706,0.011936993938619469,0.7723602885646916,0.9186692317163603,5.497991967871486,0,classic,1.0,0.3,0.3,False,n/a,n/a,n/a,n/a,n/a,n/a,n/a,n/a,n/a,n/a,n/a,n/a,n/a,n/a,n/a,n/a,n/a,n/a,n/a
PM9_full_N500,S2,475630065,500,False,PD_classic,9.0,5.0,1.0,0.0,True,0.0,0.5,100,5,30,0.1,100000,0.0,0.0,1.0,0.0,0.0,0.0,0.0,1.0,0.0,1.3152306531878848,0.0,1.3152306531878848,5.0,17.608,118.79690456639179,1.0,True,True,0.0,1244,fragmented,2498,3724,2.981585268214572,38.84233902630546,0.0011940669876710339,0.1107662487752422,0.01330569014528957,0.9852439650826316,0.9897839779725853,1.3628318584070795,931,classic,1.0,0.3,0.3,False,n/a,n/a,n/a,n/a,n/a,n/a,n/a,n/a,n/a,n/a,n/a,n/a,n/a,n/a,n/a,n/a,n/a,n/a,n/a
PM9_full_N500,S2,475630065,500,False,PD_classic,9.0,5.0,1.0,0.0,True,0.0,0.5,100,5,30,0.1,100000,0.0,0.0,1.0,0.0,0.0,0.0,0.0,1.0,0.0,1.2864705695158913,0.0,1.2864705695158913,5.0,20.688,94.17798752089858,1.0,True,True,0.0,1200,connected,2498,4675,3.7429943955164133,34.617765181258996,0.001498996554071451,0.08534366914141805,0.011830709163410108,0.9812688732162025,0.9859800985909486,1.3080568720379147,0,classic,1.0,0.3,0.3,False,n/a,n/a,n/a,n/a,n/a,n/a,n/a,n/a,n/a,n/a,n/a,n/a,n/a,n/a,n/a,n/a,n/a,n/a,n/a
PM9_full_N500,S2,475630065,500,False,PD_classic,9.0,5.0,1.0,0.0,True,0.0,0.5,100,5,30,2.0,100000,0.0,0.0,1.0,0.0,0.0,0.0,0.0,1.0,0.0,1.0652075198390125,0.0,1.0652075198390125,5.0,184.828,14.017199580618009,1.0,True,True,0.0,1062,fragmented,2498,3724,2.981585268214572,38.84233902630546,0.0011940669876710339,0.1107662487752422,0.01330569014528957,0.8191515130017013,0.9399541301888963,5.360488798370672,931,classic,1.0,0.3,0.3,False,n/a,n/a,n/a,n/a,n/a,n/a,n/a,n/a,n/a,n/a,n/a,n/a,n/a,n/a,n/a,n/a,n/a,n/a,n/a
PM9_full_N500,S2,475630065,500,False,PD_classic,9.0,5.0,1.0,0.0,True,0.0,0.5,100,5,30,2.0,100000,0.0,0.0,1.0,0.0,0.0,0.0,0.0,1.0,0.0,1.0609371472908744,0.0,1.0609371472908744,5.0,233.828,10.150013180420997,1.0,True,True,0.0,930,connected,2498,4675,3.7429943955164133,34.617765181258996,0.001498996554071451,0.08534366914141805,0.011830709163410108,0.770976361663392,0.9174577993010316,5.509054325955734,0,classic,1.0,0.3,0.3,False,n/a,n/a,n/a,n/a,n/a,n/a,n/a,n/a,n/a,n/a,n/a,n/a,n/a,n/a,n/a,n/a,n/a,n/a,n/a
PM9_full_N500,S2,475630065,500,False,PD_classic,9.0,5.0,1.0,0.0,True,0.0,0.5,100,15,30,0.1,100000,0.0,0.0,1.0,0.0,0.0,0.0,0.0,1.0,0.0,1.2622416060269113,0.0,1.2622416060269113,14.718,21.036,97.05240575370702,0.868,True,True,0.0,1239,baseline,2498,4655,3.7269815852682147,37.43657979976443,0.0014925837345887924,0.08077171329913706,0.011936993938619469,0.985930291482309,0.9865786230189678,1.3110047846889952,0,classic,1.0,0.3,0.3,False,n/a,n/a,n/a,n/a,n/a,n/a,n/a,n/a,n/a,n/a,n/a,n/a,n/a,n/a,n/a,n/a,n/a,n/a,n/a
PM9_full_N500,S2,228033215,500,False,PD_classic,9.0,5.0,1.0,0.0,True,0.0,0.5,100,0,30,0.1,100000,0.0,0.0,1.0,0.0,0.0,0.0,0.0,1.0,0.0,1.3319345664811915,0.0,1.3319345664811915,17.992,17.992,119.9275400515381,0.0,True,True,0.0,1314,fragmented,2498,3724,2.981585268214572,38.220083267896875,0.0011940669876710339,0.09690636794923324,0.012991830162527055,0.9915181734909937,0.9915181734909937,1.3866666666666667,931,classic,1.0,0.3,0.3,False,n/a,n/a,n/a,n/a,n/a,n/a,n/a,n/a,n/a,n/a,n/a,n/a,n/a,n/a,n/a,n/a,n/a,n/a,n/a
PM9_full_N500,S2,228033215,500,False,PD_classic,9.0,5.0,1.0,0.0,True,0.0,0.5,100,0,30,0.1,100000,0.0,0.0,1.0,0.0,0.0,0.0,0.0,1.0,0.0,1.235806473789558,0.0,1.235806473789558,20.316,20.316,92.25419235894033,0.0,True,True,0.0,1071,baseline,2498,4655,3.7269815852682147,37.43657979976443,0.0014925837345887924,0.08077171329913706,0.011936993938619469,0.9877759149509839,0.9877759149509839,1.3478260869565217,0,classic,1.0,0.3,0.3,False,n/a,n/a,n/a,n/a,n/a,n/a,n/a,n/a,n/a,n/a,n/a,n/a,n/a,n/a,n/a,n/a,n/a,n/a,n/a
PM9_full_N500,S2,228033215,500,False,PD_classic,9.0,5.0,1.0,0.0,True,0.0,0.5,100,0,30,2.0,100000,0.0,0.0,1.0,0.0,0.0,0.0,0.0,1.0,0.0,1.079540826535207,0.0,1.079540826535207,193.948,193.948,13.423944067722024,0.0,True,True,0.0,1265,fragmented,2498,3724,2.981585268214572,38.220083267896875,0.0011940669876710339,0.09690636794923324,0.012991830162527055,0.9340637635993789,0.9340637635993789,5.168356997971602,931,classic,1.0,0.3,0.3,False,n/a,n/a,n/a,n/a,n/a,n/a,n/a,n/a,n/a,n/a,n/a,n/a,n/a,n/a,n/a,n/a,n/a,n/a,n/a
PM9_full_N500,S2,228033215,500,False,PD_classic,9.0,5.0,1.0,0.0,True,0.0,0.5,100,0,30,2.0,100000,0.0,0.0,1.0,0.0,0.0,0.0,0.0,1.0,0.0,1.0573067720121125,0.0,1.0573067720121125,233.772,233.772,10.20283711999936,0.0,True,True,0.0,978,baseline,2498,4655,3.7269815852682147,37.43657979976443,0.0014925837345887924,0.08077171329913706,0.011936993938619469,0.9232493345723732,0.9232493345723732,5.466933867735471,0,classic,1.0,0.3,0.3,False,n/a,n/a,n/a,n/a,n/a,n/a,n/a,n/a,n/a,n/a,n/a,n/a,n/a,n/a,n/a,n/a,n/a,n/a,n/a
PM9_full_N500,S2,228033215,500,False,PD_classic,9.0,5.0,1.0,0.0,True,0.0,0.5,100,0,30,0.1,100000,0.0,0.0,1.0,0.0,0.0,0.0,0.0,1.0,0.0,1.3221110016751496,0.0,1.3221110016751496,20.916,20.916,92.38433252680962,0.0,True,True,0.0,1284,connected,2498,4675,3.7429943955164133,34.43607266719016,0.001498996554071451,0.09208441962113664,0.01182878788680388,0.9782664032226013,0.9782664032226013,1.283720930232558,0,classic,1.0,0.3,0.3,False,n/a,n/a,n/a,n/a,n/a,n/a,n/a,n/a,n/a,n/a,n/a,n/a,n/a,n/a,n/a,n/a,n/a,n/a,n/a
PM9_full_N500,S2,228033215,500,False,PD_classic,9.0,5.0,1.0,0.0,True,0.0,0.5,100,5,30,0.1,100000,0.0,0.0,1.0,0.0,0.0,0.0,0.0,1.0,0.0,1.235806473789558,0.0,1.235806473789558,5.0,20.316,92.25419235894033,1.0,True,True,0.0,1071,baseline,2498,4655,3.7269815852682147,37.43657979976443,0.0014925837345887924,0.08077171329913706,0.011936993938619469,0.9802688420744813,0.9877759149509839,1.3478260869565217,0,classic,1.0,0.3,0.3,False,n/a,n/a,n/a,n/a,n/a,n/a,n/a,n/a,n/a,n/a,n/a,n/a,n/a,n/a,n/a,n/a,n/a,n/a,n/a
PM9_full_N500,S2,228033215,500,False,PD_classic,9.0,5.0,1.0,0.0,True,0.0,0.5,100,0,30,2.0,100000,0.0,0.0,1.0,0.0,0.0,0.0,0.0,1.0,0.0,1.061778680121305,0.0,1.061778680121305,231.548,231.548,10.279057991886228,0.0,True,True,0.0,892,connected,2498,4675,3.7429943955164133,34.43607266719016,0.001498996554071451,0.09208441962113664,0.01182878788680388,0.9256250086769757,0.9256250086769757,5.473895582329317,0,classic,1.0,0.3,0.3,False,n/a,n/a,n/a,n/a,n/a,n/a,n/a,n/a,n/a,n/a,n/a,n/a,n/a,n/a,n/a,n/a,n/a,n/a,n/a
PM9_full_N500,S2,228033215,500,False,PD_classic,9.0,5.0,1.0,0.0,True,0.0,0.5,100,5,30,2.0,100000,0.0,0.0,1.0,0.0,0.0,0.0,0.0,1.0,0.0,1.0612496803355562,0.0,1.0612496803355562,5.0,229.244,10.415981151345008,1.0,True,True,0.0,949,baseline,2498,4655,3.7269815852682147,37.43657979976443,0.0014925837345887924,0.08077171329913706,0.011936993938619469,0.7798328608946392,0.9215459588444331,5.610547667342799,0,classic,1.0,0.3,0.3,False,n/a,n/a,n/a,n/a,n/a,n/a,n/a,n/a,n/a,n/a,n/a,n/a,n/a,n/a,n/a,n/a,n/a,n/a,n/a
PM9_full_N500,S2,228033215,500,False,PD_classic,9.0,5.0,1.0,0.0,True,0.0,0.5,100,5,30,0.1,100000,0.0,0.0,1.0,0.0,0.0,0.0,0.0,1.0,0.0,1.3319345664811915,0.0,1.3319345664811915,4.994,17.992,119.9275400515381,0.994,True,True,0.0,1314,fragmented,2498,3724,2.981585268214572,38.220083267896875,0.0011940669876710339,0.09690636794923324,0.012991830162527055,0.9896987792185417,0.9915181734909937,1.3866666666666667,931,classic,1.0,0.3,0.3,False,n/a,n/a,n/a,n/a,n/a,n/a,n/a,n/a,n/a,n/a,n/a,n/a,n/a,n/a,n/a,n/a,n/a,n/a,n/a
PM9_full_N500,S2,228033215,500,False,PD_classic,9.0,5.0,1.0,0.0,True,0.0,0.5,100,5,30,0.1,100000,0.0,0.0,1.0,0.0,0.0,0.0,0.0,1.0,0.0,1.3223856462893548,0.0,1.3223856462893548,5.0,20.916,92.38433252680962,1.0,True,True,0.0,1284,connected,2498,4675,3.7429943955164133,34.43607266719016,0.001498996554071451,0.09208441962113664,0.01182878788680388,0.9706233724770532,0.9782664032226013,1.283720930232558,0,classic,1.0,0.3,0.3,False,n/a,n/a,n/a,n/a,n/a,n/a,n/a,n/a,n/a,n/a,n/a,n/a,n/a,n/a,n/a,n/a,n/a,n/a,n/a
PM9_full_N500,S2,228033215,500,False,PD_classic,9.0,5.0,1.0,0.0,True,0.0,0.5,100,5,30,2.0,100000,0.0,0.0,1.0,0.0,0.0,0.0,0.0,1.0,0.0,1.0624917404864207,0.0,1.0624917404864207,5.0,195.48,13.243995773807294,1.0,True,True,0.0,1053,fragmented,2498,3724,2.981585268214572,38.220083267896875,0.0011940669876710339,0.09690636794923324,0.012991830162527055,0.818071790822938,0.933062019976341,5.30241935483871,931,classic,1.0,0.3,0.3,False,n/a,n/a,n/a,n/a,n/a,n/a,n/a,n/a,n/a,n/a,n/a,n/a,n/a,n/a,n/a,n/a,n/a,n/a,n/a
PM9_full_N500,S2,228033215,500,False,PD_classic,9.0,5.0,1.0,0.0,True,0.0,0.5,100,5,30,2.0,100000,0.0,0.0,1.0,0.0,0.0,0.0,0.0,1.0,0.0,1.0613310427581768,0.0,1.0613310427581768,5.0,230.648,10.287288331172668,1.0,True,True,0.0,879,connected,2498,4675,3.7429943955164133,34.43607266719016,0.001498996554071451,0.09208441962113664,0.01182878788680388,0.7711840837514653,0.926628932262997,5.531062124248497,0,classic,1.0,0.3,0.3,False,n/a,n/a,n/a,n/a,n/a,n/a,n/a,n/a,n/a,n/a,n/a,n/a,n/a,n/a,n/a,n/a,n/a,n/a,n/a
PM9_full_N500,S2,228033215,500,False,PD_classic,9.0,5.0,1.0,0.0,True,0.0,0.5,100,15,30,0.1,100000,0.0,0.0,1.0,0.0,0.0,0.0,0.0,1.0,0.0,1.235806473789558,0.0,1.235806473789558,14.72,20.316,92.25419235894033,0.844,True,True,0.0,1071,baseline,2498,4655,3.7269815852682147,37.43657979976443,0.0014925837345887924,0.08077171329913706,0.011936993938619469,0.9875165709387796,0.9877759149509839,1.3478260869565217,0,classic,1.0,0.3,0.3,False,n/a,n/a,n/a,n/a,n/a,n/a,n/a,n/a,n/a,n/a,n/a,n/a,n/a,n/a,n/a,n/a,n/a,n/a,n/a
PM9_full_N500,S2,1210865934,500,False,PD_classic,9.0,5.0,1.0,0.0,True,0.0,0.5,100,5,30,0.1,100000,0.0,0.0,1.0,0.0,0.0,0.0,0.0,1.0,0.0,1.22898885808688,0.0,1.22898885808688,5.0,21.0,92.44067851523658,1.0,True,True,0.0,1024,baseline,2498,4655,3.7269815852682147,37.43657979976443,0.0014925837345887924,0.08077171329913706,0.011936993938619469,0.9849480333982996,0.9907639802952266,1.407079646017699,0,classic,1.0,0.3,0.3,False,n/a,n/a,n/a,n/a,n/a,n/a,n/a,n/a,n/a,n/a,n/a,n/a,n/a,n/a,n/a,n/a,n/a,n/a,n/a
PM9_full_N500,S2,1210865934,500,False,PD_classic,9.0,5.0,1.0,0.0,True,0.0,0.5,100,5,30,2.0,100000,0.0,0.0,1.0,0.0,0.0,0.0,0.0,1.0,0.0,1.0602754624333295,0.0,1.0602754624333295,5.0,229.284,10.371492577454726,1.0,True,True,0.0,861,connected,2498,4675,3.7429943955164133,34.6293597042272,0.001498996554071451,0.08699016997823777,0.011847088187786313,0.7728243308504578,0.9188038346647138,5.527272727272727,0,classic,1.0,0.3,0.3,False,n/a,n/a,n/a,n/a,n/a,n/a,n/a,n/a,n/a,n/a,n/a,n/a,n/a,n/a,n/a,n/a,n/a,n/a,n/a
PM9_full_N500,S2,1210865934,500,False,PD_classic,9.0,5.0,1.0,0.0,True,0.01,0.5,100,0,30,2.0,100000,0.024399999999999998,0.006999999999999999,0.8798,0.021599999999999998,0.041199999999999994,0.0184,0.0076,0.9634171659448066,0.04445941394408892,1.2605740246593455,1.2544664539181976,1.2596427146311608,232.436,232.436,10.192408995241045,0.0,False,True,-0.0021886743546981513,13077,baseline,2498,4655,3.7269815852682147,37.43657979976443,0.0014925837345887924,0.08077171329913706,0.011936993938619469,0.927631471524337,0.927631471524337,5.666666666666667,0,classic,1.0,0.3,0.3,False,n/a,n/a,n/a,n/a,n/a,n/a,n/a,n/a,n/a,n/a,n/a,n/a,n/a,n/a,n/a,n/a,n/a,n/a,n/a
PM9_full_N500,S2,1210865934,500,False,PD_classic,9.0,5.0,1.0,0.0,True,0.0,0.5,100,0,30,2.0,100000,0.0,0.0,1.0,0.0,0.0,0.0,0.0,1.0,0.0,1.0619300950956305,0.0,1.0619300950956305,231.416,231.416,10.284647182020763,0.0,True,True,0.0,980,baseline,2498,4655,3.7269815852682147,37.43657979976443,0.0014925837345887924,0.08077171329913706,0.011936993938619469,0.9207653320152356,0.9207653320152356,5.353413654618474,0,classic,1.0,0.3,0.3,False,n/a,n/a,n/a,n/a,n/a,n/a,n/a,n/a,n/a,n/a,n/a,n/a,n/a,n/a,n/a,n/a,n/a,n/a,n/a
PM9_full_N500,S2,1210865934,500,False,PD_classic,9.0,5.0,1.0,0.0,True,0.01,0.5,100,0,30,0.1,100000,0.0754,0.03320000000000001,0.6136000000000001,0.074,0.07859999999999999,0.06020000000000001,0.06500000000000002,0.8410639630625762,0.022055580061755623,1.9983000911865707,2.3994293730651766,2.07117119672646,17.564,17.564,120.56155969466744,0.0,False,True,-0.006060715442864336,11216,fragmented,2498,3724,2.981585268214572,39.5235203180212,0.0011940669876710339,0.10685881178326238,0.013234114370144347,0.9854952216979447,0.9854952216979447,1.2534562211981566,931,classic,1.0,0.3,0.3,False,n/a,n/a,n/a,n/a,n/a,n/a,n/a,n/a,n/a,n/a,n/a,n/a,n/a,n/a,n/a,n/a,n/a,n/a,n/a
PM9_full_N500,S2,1210865934,500,False,PD_classic,9.0,5.0,1.0,0.0,True,0.01,0.5,100,5,30,0.1,100000,0.08059999999999999,0.03440000000000001,0.6482,0.06060000000000001,0.0668,0.06160000000000001,0.047799999999999995,0.8772123891571868,0.014936116609681483,1.9149450370111551,1.9749448289018834,1.9450504322761928,5.0,18.112,119.84017040605872,0.998,False,True,-0.01042482569930353,11180,fragmented,2498,3724,2.981585268214572,39.5235203180212,0.0011940669876710339,0.10685881178326238,0.013234114370144347,0.9707000303781153,0.984381898740816,1.4406779661016949,931,classic,1.0,0.3,0.3,False,n/a,n/a,n/a,n/a,n/a,n/a,n/a,n/a,n/a,n/a,n/a,n/a,n/a,n/a,n/a,n/a,n/a,n/a,n/a
PM9_full_N500,S2,1210865934,500,False,PD_classic,9.0,5.0,1.0,0.0,True,0.01,0.5,100,15,30,2.0,100000,0.0262,0.008000000000000002,0.8984,0.0126,0.034999999999999996,0.0132,0.0066,0.975513169248158,0.04204753199268738,1.2330856885818458,1.1970327968320973,1.232603431682509,15.0,190.692,13.56857411010542,1.0,False,True,0.001702403609611875,12021,fragmented,2498,3724,2.981585268214572,39.5235203180212,0.0011940669876710339,0.10685881178326238,0.013234114370144347,0.8666319756357277,0.9399007060311967,5.258064516129032,931,classic,1.0,0.3,0.3,False,n/a,n/a,n/a,n/a,n/a,n/a,n/a,n/a,n/a,n/a,n/a,n/a,n/a,n/a,n/a,n/a,n/a,n/a,n/a
PM9_full_N500,S2,1210865934,500,False,PD_classic,9.0,5.0,1.0,0.0,True,0.01,0.5,100,15,30,2.0,100000,0.013599999999999998,0.0066,0.9246000000000001,0.0106,0.009600000000000001,0.0134,0.021599999999999994,0.9749795707450947,0.038865546218487396,1.2482720650507104,1.2524930586447791,1.2487181275284092,15.0,231.508,10.25134794368855,1.0,False,True,0.0027009036036085552,11152,baseline,2498,4655,3.7269815852682147,37.43657979976443,0.0014925837345887924,0.08077171329913706,0.011936993938619469,0.8211380205318465,0.930054179378831,5.472837022132797,0,classic,1.0,0.3,0.3,False,n/a,n/a,n/a,n/a,n/a,n/a,n/a,n/a,n/a,n/a,n/a,n/a,n/a,n/a,n/a,n/a,n/a,n/a,n/a
PM9_full_N500,S2,1210865934,500,False,weak_PD,1.6,1.0,0.0,0.0,True,0.0,0.5,100,0,30,0.1,100000,0.0,0.0,0.9843999999999999,0.011599999999999997,0.0,0.004000000000000001,0.0,0.9922048333807446,0.0068463842533162175,0.13943715132846987,0.0,0.14535947125801826,21.564,21.564,92.3929357852375,0.0,False,True,0.01590633242532384,2865,baseline,2498,4655,3.7269815852682147,37.43657979976443,0.0014925837345887924,0.08077171329913706,0.011936993938619469,0.9787619524658812,0.9787619524658812,1.3109243697478992,0,classic,1.0,0.3,0.3,False,n/a,n/a,n/a,n/a,n/a,n/a,n/a,n/a,n/a,n/a,n/a,n/a,n/a,n/a,n/a,n/a,n/a,n/a,n/a
PM9_full_N500,S2,1210865934,500,False,weak_PD,1.6,1.0,0.0,0.0,True,0.0,0.5,100,0,30,2.0,100000,0.0,0.0,1.0,0.0,0.0,0.0,0.0,1.0,0.0,0.028133950513697038,0.0,0.028133950513697038,188.092,188.092,13.617712625260346,0.0,True,True,0.0,2117,fragmented,2498,3724,2.981585268214572,39.5235203180212,0.0011940669876710339,0.10685881178326238,0.013234114370144347,0.9339861245281431,0.9339861245281431,5.223340040241449,931,classic,1.0,0.3,0.3,False,n/a,n/a,n/a,n/a,n/a,n/a,n/a,n/a,n/a,n/a,n/a,n/a,n/a,n/a,n/a,n/a,n/a,n/a,n/a
PM9_full_N500,S2,1210865934,500,False,weak_PD,1.6,1.0,0.0,0.0,True,0.0,0.5,100,15,30,0.1,100000,0.011999999999999999,0.0,0.9879999999999998,0.0,0.0,0.0,0.0,1.0,0.0,0.16473510226662005,0.14939094371360678,0.164550972363984,14.094,17.672,123.2532070272266,0.666,False,True,0.01577140388561408,2629,fragmented,2498,3724,2.981585268214572,39.5235203180212,0.0011940669876710339,0.10685881178326238,0.013234114370144347,0.9839390947256426,0.9841611791184153,1.2863436123348018,931,classic,1.0,0.3,0.3,False,n/a,n/a,n/a,n/a,n/a,n/a,n/a,n/a,n/a,n/a,n/a,n/a,n/a,n/a,n/a,n/a,n/a,n/a,n/a
PM9_full_N500,S2,1210865934,500,False,weak_PD,1.6,1.0,0.0,0.0,True,0.0,0.5,100,0,30,2.0,100000,0.0,0.0,1.0,0.0,0.0,0.0,0.0,1.0,0.0,0.02540380109117103,0.0,0.02540380109117103,236.556,236.556,10.001616154605705,0.0,True,True,0.0,1759,connected,2498,4675,3.7429943955164133,34.6293597042272,0.001498996554071451,0.08699016997823777,0.011847088187786313,0.9294785961216088,0.9294785961216088,5.766129032258065,0,classic,1.0,0.3,0.3,False,n/a,n/a,n/a,n/a,n/a,n/a,n/a,n/a,n/a,n/a,n/a,n/a,n/a,n/a,n/a,n/a,n/a,n/a,n/a
PM9_full_N500,S2,1210865934,500,False,weak_PD,1.6,1.0,0.0,0.0,True,0.01,0.5,100,0,30,0.1,100000,0.12400000000000003,0.06460000000000002,0.4476000000000001,0.11880000000000002,0.09579999999999998,0.09099999999999998,0.05820000000000001,0.6385985761108426,0.036944045911047343,0.3733436003752872,0.41102968740267354,0.4008777499485656,21.092,21.092,91.9551174640723,0.0,False,True,0.0021074676298736324,14226,baseline,2498,4655,3.7269815852682147,37.43657979976443,0.0014925837345887924,0.08077171329913706,0.011936993938619469,0.9875567769125406,0.9875567769125406,1.4210526315789473,0,classic,1.0,0.3,0.3,False,n/a,n/a,n/a,n/a,n/a,n/a,n/a,n/a,n/a,n/a,n/a,n/a,n/a,n/a,n/a,n/a,n/a,n/a,n/a
PM9_full_N500,S2,1210865934,500,False,weak_PD,1.6,1.0,0.0,0.0,True,0.01,0.5,100,0,30,0.1,100000,0.16719999999999996,0.07499999999999998,0.354,0.11939999999999999,0.11999999999999997,0.1024,0.06200000000000001,0.592582888992746,0.027674591381872213,0.3859616619074392,0.4119690219228047,0.40313991355522866,17.696,17.696,117.81382566030054,0.0,False,True,-0.015479764319055993,13893,fragmented,2498,3724,2.981585268214572,39.5235203180212,0.0011940669876710339,0.10685881178326238,0.013234114370144347,0.9937938574561178,0.9937938574561178,1.3025210084033614,931,classic,1.0,0.3,0.3,False,n/a,n/a,n/a,n/a,n/a,n/a,n/a,n/a,n/a,n/a,n/a,n/a,n/a,n/a,n/a,n/a,n/a,n/a,n/a
PM9_full_N500,S2,1210865934,500,False,weak_PD,1.6,1.0,0.0,0.0,True,0.01,0.5,100,5,30,2.0,100000,0.027800000000000002,0.007400000000000001,0.867,0.0268,0.0182,0.038599999999999995,0.0142,0.943887954975373,0.07224038611240853,0.1072770378944221,0.11946047076096926,0.10766048356443117,5.0,188.516,13.608545715846022,1.0,False,True,-0.0013925431701745118,16789,fragmented,2498,3724,2.981585268214572,39.5235203180212,0.0011940669876710339,0.10685881178326238,0.013234114370144347,0.8176754162427454,0.9431036322511079,5.279022403258656,931,classic,1.0,0.3,0.3,False,n/a,n/a,n/a,n/a,n/a,n/a,n/a,n/a,n/a,n/a,n/a,n/a,n/a,n/a,n/a,n/a,n/a,n/a,n/a
PM9_full_N500,S2,1210865934,500,False,weak_PD,1.6,1.0,0.0,0.0,True,0.01,0.5,100,5,30,0.1,100000,0.1102,0.05319999999999999,0.4864,0.08679999999999997,0.09679999999999998,0.08539999999999998,0.08119999999999998,0.7086038508597685,0.042445891994116414,0.3666083511477472,0.400719138464409,0.38514467903329436,5.0,21.036,92.43197169422695,1.0,False,True,0.0019408685634757187,14019,connected,2498,4675,3.7429943955164133,34.6293597042272,0.001498996554071451,0.08699016997823777,0.011847088187786313,0.9655188112310825,0.9741941578228162,1.2844036697247707,0,classic,1.0,0.3,0.3,False,n/a,n/a,n/a,n/a,n/a,n/a,n/a,n/a,n/a,n/a,n/a,n/a,n/a,n/a,n/a,n/a,n/a,n/a,n/a
PM9_full_N500,S2,1210865934,500,False,snowdrift,4.0,3.0,0.0,2.0,True,0.0,0.5,100,0,30,2.0,100000,0.0,0.0,1.0,0.0,0.0,0.0,0.0,1.0,0.0,0.1888804557562369,0.0,0.1888804557562369,230.952,230.952,10.351630408224645,0.0,True,True,0.0,4433,connected,2498,4675,3.7429943955164133,34.6293597042272,0.001498996554071451,0.08699016997823777,0.011847088187786313,0.9231512539428132,0.9231512539428132,5.548387096774194,0,classic,1.0,0.3,0.3,False,n/a,n/a,n/a,n/a,n/a,n/a,n/a,n/a,n/a,n/a,n/a,n/a,n/a,n/a,n/a,n/a,n/a,n/a,n/a
PM9_full_N500,S2,1210865934,500,False,snowdrift,4.0,3.0,0.0,2.0,True,0.0,0.5,100,5,30,0.1,100000,0.0020000000000000005,0.0,0.998,0.0,0.0,0.0,0.0,1.0,0.0,0.3477782558768796,0.7658833768494343,0.3486144661188247,5.0,21.504,92.52693421082984,1.0,False,True,0.004633852135405612,2402,baseline,2498,4655,3.7269815852682147,37.43657979976443,0.0014925837345887924,0.08077171329913706,0.011936993938619469,0.9787330919946838,0.9859462972594123,1.3333333333333333,0,classic,1.0,0.3,0.3,False,n/a,n/a,n/a,n/a,n/a,n/a,n/a,n/a,n/a,n/a,n/a,n/a,n/a,n/a,n/a,n/a,n/a,n/a,n/a
PM9_full_N500,S2,1210865934,500,False,snowdrift,4.0,3.0,0.0,2.0,True,0.0,0.5,100,5,30,0.1,100000,0.0,0.0,1.0,0.0,0.0,0.0,0.0,1.0,0.0,0.4586636776845629,0.0,0.4586636776845629,5.0,20.552,93.52614315832504,1.0,True,True,0.010804747218994003,2676,connected,2498,4675,3.7429943955164133,34.6293597042272,0.001498996554071451,0.08699016997823777,0.011847088187786313,0.9762629988293398,0.9798518391842844,1.1612903225806452,0,classic,1.0,0.3,0.3,False,n/a,n/a,n/a,n/a,n/a,n/a,n/a,n/a,n/a,n/a,n/a,n/a,n/a,n/a,n/a,n/a,n/a,n/a,n/a
PM9_full_N500,S2,1210865934,500,False,snowdrift,4.0,3.0,0.0,2.0,True,0.0,0.5,100,5,30,2.0,100000,0.0,0.0,1.0,0.0,0.0,0.0,0.0,1.0,0.0,0.15721825369399464,0.0,0.15721825369399464,5.0,187.56,13.670486500524632,1.0,True,True,0.0,3562,fragmented,2498,3724,2.981585268214572,39.5235203180212,0.0011940669876710339,0.10685881178326238,0.013234114370144347,0.8221153423033447,0.9362139587681414,4.838056680161944,931,classic,1.0,0.3,0.3,False,n/a,n/a,n/a,n/a,n/a,n/a,n/a,n/a,n/a,n/a,n/a,n/a,n/a,n/a,n/a,n/a,n/a,n/a,n/a
PM9_full_N500,S2,1210865934,500,False,snowdrift,4.0,3.0,0.0,2.0,True,0.01,0.5,100,15,30,0.1,100000,0.1234,0.025599999999999994,0.45099999999999996,0.10880000000000001,0.1106,0.11800000000000002,0.06260000000000002,0.7138503976167178,0.03096099718536389,1.1796238691218544,1.2856917351585724,1.2540074783653645,14.798,20.8,92.86497399946272,0.882,False,True,-0.0027898479593890906,13815,baseline,2498,4655,3.7269815852682147,37.43657979976443,0.0014925837345887924,0.08077171329913706,0.011936993938619469,0.9817961947505623,0.9832025034884136,1.3422222222222222,0,classic,1.0,0.3,0.3,False,n/a,n/a,n/a,n/a,n/a,n/a,n/a,n/a,n/a,n/a,n/a,n/a,n/a,n/a,n/a,n/a,n/a,n/a,n/a
PM9_full_N500,S2,1210865934,500,False,snowdrift,4.0,3.0,0.0,2.0,True,0.01,0.5,100,0,30,2.0,100000,0.14719999999999997,0.026399999999999996,0.5234,0.1364,0.06300000000000001,0.049999999999999996,0.0536,0.7775962552566509,0.15912531539108493,0.8904153885035848,0.913572320973358,0.9053150979869584,234.028,234.028,10.158439545284269,0.0,False,True,0.00415292861171225,28448,connected,2498,4675,3.7429943955164133,34.6293597042272,0.001498996554071451,0.08699016997823777,0.011847088187786313,0.9229360041057413,0.9229360041057413,5.490981963927855,0,classic,1.0,0.3,0.3,False,n/a,n/a,n/a,n/a,n/a,n/a,n/a,n/a,n/a,n/a,n/a,n/a,n/a,n/a,n/a,n/a,n/a,n/a,n/a
PM9_full_N500,S2,228033215,500,False,PD_classic,9.0,5.0,1.0,0.0,True,0.0,0.5,100,15,30,0.1,100000,0.0,0.0,1.0,0.0,0.0,0.0,0.0,1.0,0.0,1.3319345664811915,0.0,1.3319345664811915,14.228,17.992,119.9275400515381,0.696,True,True,0.0,1314,fragmented,2498,3724,2.981585268214572,38.220083267896875,0.0011940669876710339,0.09690636794923324,0.012991830162527055,0.9915181734909937,0.9915181734909937,1.3866666666666667,931,classic,1.0,0.3,0.3,False,n/a,n/a,n/a,n/a,n/a,n/a,n/a,n/a,n/a,n/a,n/a,n/a,n/a,n/a,n/a,n/a,n/a,n/a,n/a
PM9_full_N500,S2,1210865934,500,False,snowdrift,4.0,3.0,0.0,2.0,True,0.01,0.5,100,15,30,2.0,100000,0.04659999999999999,0.032200000000000006,0.7003999999999999,0.046,0.0658,0.06939999999999999,0.03959999999999999,0.8419537364236913,0.16619671587327914,0.9487196337260208,0.9723569197302278,0.9529106898690116,15.0,229.604,10.342735002858891,1.0,False,True,0.015892901971603493,26408,connected,2498,4675,3.7429943955164133,34.6293597042272,0.001498996554071451,0.08699016997823777,0.011847088187786313,0.8174173580762276,0.920745462879334,5.6392785571142285,0,classic,1.0,0.3,0.3,False,n/a,n/a,n/a,n/a,n/a,n/a,n/a,n/a,n/a,n/a,n/a,n/a,n/a,n/a,n/a,n/a,n/a,n/a,n/a
PM9_full_N500,S2,228033215,500,False,PD_classic,9.0,5.0,1.0,0.0,True,0.01,0.5,100,0,30,0.1,100000,0.08779999999999999,0.0316,0.6692000000000001,0.04599999999999999,0.0774,0.0548,0.03320000000000001,0.8689995947279276,0.015414258188824663,1.7119191899148378,1.8791563110930918,1.756337922252702,20.704,20.704,94.21079382113899,0.0,False,True,-0.0014796251184975443,11229,baseline,2498,4655,3.7269815852682147,37.43657979976443,0.0014925837345887924,0.08077171329913706,0.011936993938619469,0.9722850215758653,0.9722850215758653,1.3122171945701357,0,classic,1.0,0.3,0.3,False,n/a,n/a,n/a,n/a,n/a,n/a,n/a,n/a,n/a,n/a,n/a,n/a,n/a,n/a,n/a,n/a,n/a,n/a,n/a
PM9_full_N500,S2,228033215,500,False,PD_classic,9.0,5.0,1.0,0.0,True,0.0,0.5,100,15,30,2.0,100000,0.0,0.0,1.0,0.0,0.0,0.0,0.0,1.0,0.0,1.061778680121305,0.0,1.061778680121305,15.0,231.548,10.279057991886228,1.0,True,True,0.0,892,connected,2498,4675,3.7429943955164133,34.43607266719016,0.001498996554071451,0.09208441962113664,0.01182878788680388,0.8172109627281328,0.9256250086769757,5.473895582329317,0,classic,1.0,0.3,0.3,False,n/a,n/a,n/a,n/a,n/a,n/a,n/a,n/a,n/a,n/a,n/a,n/a,n/a,n/a,n/a,n/a,n/a,n/a,n/a
PM9_full_N500,S2,228033215,500,False,PD_classic,9.0,5.0,1.0,0.0,True,0.01,0.5,100,0,30,0.1,100000,0.1042,0.04859999999999999,0.6654,0.04479999999999999,0.054400000000000004,0.04659999999999999,0.03599999999999999,0.8696973123848313,0.015500628403854211,1.7103866272381105,1.7360304762323888,1.714194523774846,21.568,21.568,93.02627135866678,0.0,False,True,-0.003902377209505908,11103,connected,2498,4675,3.7429943955164133,34.43607266719016,0.001498996554071451,0.09208441962113664,0.01182878788680388,0.981302724323019,0.981302724323019,1.3066666666666666,0,classic,1.0,0.3,0.3,False,n/a,n/a,n/a,n/a,n/a,n/a,n/a,n/a,n/a,n/a,n/a,n/a,n/a,n/a,n/a,n/a,n/a,n/a,n/a
PM9_full_N500,S2,228033215,500,False,PD_classic,9.0,5.0,1.0,0.0,True,0.01,0.5,100,5,30,0.1,100000,0.07579999999999999,0.04839999999999999,0.6117999999999999,0.08759999999999998,0.08239999999999999,0.04619999999999999,0.047799999999999995,0.8242585503070995,0.04016681299385426,1.706369443013775,1.8244849245961672,1.7913499214808646,5.0,20.952,91.629590941128,1.0,False,True,-0.009605836823342533,10761,connected,2498,4675,3.7429943955164133,34.43607266719016,0.001498996554071451,0.09208441962113664,0.01182878788680388,0.9773680718912902,0.9820656562504592,1.4017857142857142,0,classic,1.0,0.3,0.3,False,n/a,n/a,n/a,n/a,n/a,n/a,n/a,n/a,n/a,n/a,n/a,n/a,n/a,n/a,n/a,n/a,n/a,n/a,n/a
PM9_full_N500,S2,228033215,500,False,PD_classic,9.0,5.0,1.0,0.0,True,0.01,0.5,100,15,30,2.0,100000,0.009799999999999998,0.0066,0.9219999999999999,0.018799999999999997,0.026000000000000002,0.011399999999999999,0.0054,0.9750146026063025,0.04328650767722966,1.2486204133837735,1.2001416642123164,1.2486323521112983,15.0,235.928,10.153836836338892,1.0,False,True,-5.6861027443377354e-05,11001,connected,2498,4675,3.7429943955164133,34.43607266719016,0.001498996554071451,0.09208441962113664,0.01182878788680388,0.8193890757632857,0.9245617433222466,5.73440643863179,0,classic,1.0,0.3,0.3,False,n/a,n/a,n/a,n/a,n/a,n/a,n/a,n/a,n/a,n/a,n/a,n/a,n/a,n/a,n/a,n/a,n/a,n/a,n/a
PM9_full_N500,S2,228033215,500,False,weak_PD,1.6,1.0,0.0,0.0,True,0.0,0.5,100,0,30,2.0,100000,0.0,0.0,1.0,0.0,0.0,0.0,0.0,1.0,0.0,0.02915805033438365,0.0,0.02915805033438365,232.948,232.948,10.374401986437316,0.0,True,True,0.0,2108,connected,2498,4675,3.7429943955164133,34.43607266719016,0.001498996554071451,0.09208441962113664,0.01182878788680388,0.9216491401216347,0.9216491401216347,5.800813008130081,0,classic,1.0,0.3,0.3,False,n/a,n/a,n/a,n/a,n/a,n/a,n/a,n/a,n/a,n/a,n/a,n/a,n/a,n/a,n/a,n/a,n/a,n/a,n/a
PM9_full_N500,S2,228033215,500,False,weak_PD,1.6,1.0,0.0,0.0,True,0.0,0.5,100,5,30,0.1,100000,0.023999999999999997,0.0,0.9638000000000002,0.012199999999999999,0.0,0.0,0.0,0.9807116588426934,0.0003397893306150187,0.19032693210237647,0.6166746181699665,0.20394989270935865,5.0,18.024,120.11386525125907,0.998,False,False,0.031724757299027365,3240,fragmented,2498,3724,2.981585268214572,38.220083267896875,0.0011940669876710339,0.09690636794923324,0.012991830162527055,0.9710808642875562,0.9739242374352299,1.348314606741573,931,classic,1.0,0.3,0.3,False,n/a,n/a,n/a,n/a,n/a,n/a,n/a,n/a,n/a,n/a,n/a,n/a,n/a,n/a,n/a,n/a,n/a,n/a,n/a
PM9_full_N500,S2,228033215,500,False,weak_PD,1.6,1.0,0.0,0.0,True,0.0,0.5,100,5,30,2.0,100000,0.0,0.0,1.0,0.0,0.0,0.0,0.0,1.0,0.0,0.028519146081522003,0.0,0.028519146081522003,5.0,232.428,10.258579339033995,1.0,True,True,0.0,1828,baseline,2498,4655,3.7269815852682147,37.43657979976443,0.0014925837345887924,0.08077171329913706,0.011936993938619469,0.7770892396377699,0.925251859532654,5.414829659318637,0,classic,1.0,0.3,0.3,False,n/a,n/a,n/a,n/a,n/a,n/a,n/a,n/a,n/a,n/a,n/a,n/a,n/a,n/a,n/a,n/a,n/a,n/a,n/a
PM9_full_N500,S2,228033215,500,False,weak_PD,1.6,1.0,0.0,0.0,True,0.0,0.5,100,15,30,0.1,100000,0.0,0.0,1.0,0.0,0.0,0.0,0.0,1.0,0.0,0.14092036527835908,0.0,0.14092036527835908,14.582,21.36,93.1225980665207,0.82,True,True,0.012452056208226299,2782,connected,2498,4675,3.7429943955164133,34.43607266719016,0.001498996554071451,0.09208441962113664,0.01182878788680388,0.9847915635630388,0.9858212447557633,1.4285714285714286,0,classic,1.0,0.3,0.3,False,n/a,n/a,n/a,n/a,n/a,n/a,n/a,n/a,n/a,n/a,n/a,n/a,n/a,n/a,n/a,n/a,n/a,n/a,n/a
PM9_full_N500,S2,228033215,500,False,weak_PD,1.6,1.0,0.0,0.0,True,0.01,0.5,100,0,30,0.1,100000,0.10439999999999998,0.039999999999999994,0.429,0.15719999999999998,0.07659999999999999,0.10800000000000001,0.08479999999999997,0.6240922815991967,0.06074967686342094,0.3790383514233251,0.41013577195551143,0.3932253495553366,20.756,20.756,91.39919311377179,0.0,False,True,-0.015286006744021847,14106,baseline,2498,4655,3.7269815852682147,37.43657979976443,0.0014925837345887924,0.08077171329913706,0.011936993938619469,0.984741552460696,0.984741552460696,1.395121951219512,0,classic,1.0,0.3,0.3,False,n/a,n/a,n/a,n/a,n/a,n/a,n/a,n/a,n/a,n/a,n/a,n/a,n/a,n/a,n/a,n/a,n/a,n/a,n/a
PM9_full_N500,S2,228033215,500,False,weak_PD,1.6,1.0,0.0,0.0,True,0.0,0.5,100,15,30,2.0,100000,0.0,0.0,1.0,0.0,0.0,0.0,0.0,1.0,0.0,0.028125134705973054,0.0,0.028125134705973054,15.0,196.94,13.182068231663852,1.0,True,True,0.0,2007,fragmented,2498,3724,2.981585268214572,38.220083267896875,0.0011940669876710339,0.09690636794923324,0.012991830162527055,0.8610640258519479,0.9332738043083192,5.0261569416499,931,classic,1.0,0.3,0.3,False,n/a,n/a,n/a,n/a,n/a,n/a,n/a,n/a,n/a,n/a,n/a,n/a,n/a,n/a,n/a,n/a,n/a,n/a,n/a
PM9_full_N500,S2,228033215,500,False,weak_PD,1.6,1.0,0.0,0.0,True,0.01,0.5,100,0,30,2.0,100000,0.06240000000000001,0.0132,0.8049999999999999,0.04719999999999999,0.030600000000000006,0.028599999999999997,0.012999999999999998,0.9493798847210588,0.06708595387840671,0.11968162423864963,0.12286435874896634,0.12023234611960794,193.092,193.092,13.490282308673917,0.0,False,True,-0.008340522962089284,20744,fragmented,2498,3724,2.981585268214572,38.220083267896875,0.0011940669876710339,0.09690636794923324,0.012991830162527055,0.9449642675674765,0.9449642675674765,5.125,931,classic,1.0,0.3,0.3,False,n/a,n/a,n/a,n/a,n/a,n/a,n/a,n/a,n/a,n/a,n/a,n/a,n/a,n/a,n/a,n/a,n/a,n/a,n/a
PM9_full_N500,S2,228033215,500,False,weak_PD,1.6,1.0,0.0,0.0,True,0.01,0.5,100,5,30,0.1,100000,0.08819999999999999,0.06000000000000001,0.45840000000000003,0.11939999999999999,0.1044,0.09339999999999998,0.07619999999999999,0.5916003188811789,0.07561020370710222,0.36896634530695627,0.40131019402443957,0.41173154713313337,4.998,18.428,119.8236637187126,0.998,False,True,-0.0016767427069678982,14200,fragmented,2498,3724,2.981585268214572,38.220083267896875,0.0011940669876710339,0.09690636794923324,0.012991830162527055,0.9879835933152896,0.9910132729030096,1.309090909090909,931,classic,1.0,0.3,0.3,False,n/a,n/a,n/a,n/a,n/a,n/a,n/a,n/a,n/a,n/a,n/a,n/a,n/a,n/a,n/a,n/a,n/a,n/a,n/a
PM9_full_N500,S2,228033215,500,False,weak_PD,1.6,1.0,0.0,0.0,True,0.01,0.5,100,0,30,2.0,100000,0.0776,0.008400000000000001,0.7310000000000001,0.05940000000000001,0.06300000000000001,0.0298,0.030800000000000004,0.9154314160579435,0.09784836065573771,0.111629469658255,0.10839559877218716,0.11193150571942521,238.328,238.328,10.047307314585884,0.0,False,True,-0.015527130908525099,18709,connected,2498,4675,3.7429943955164133,34.43607266719016,0.001498996554071451,0.09208441962113664,0.01182878788680388,0.9264027888128095,0.9264027888128095,5.497991967871486,0,classic,1.0,0.3,0.3,False,n/a,n/a,n/a,n/a,n/a,n/a,n/a,n/a,n/a,n/a,n/a,n/a,n/a,n/a,n/a,n/a,n/a,n/a,n/a
PM9_full_N500,S2,228033215,500,False,weak_PD,1.6,1.0,0.0,0.0,True,0.01,0.5,100,15,30,2.0,100000,0.027000000000000003,0.012799999999999997,0.8757999999999999,0.023199999999999995,0.022599999999999995,0.0256,0.012999999999999998,0.9564330859581954,0.06793865905848788,0.11327786270934075,0.11633187575855287,0.11418710005158378,15.0,231.816,10.306893688943015,1.0,False,True,0.00743475933903699,16707,baseline,2498,4655,3.7269815852682147,37.43657979976443,0.0014925837345887924,0.08077171329913706,0.011936993938619469,0.8160780151051322,0.9192911878121232,5.3199195171026155,0,classic,1.0,0.3,0.3,False,n/a,n/a,n/a,n/a,n/a,n/a,n/a,n/a,n/a,n/a,n/a,n/a,n/a,n/a,n/a,n/a,n/a,n/a,n/a
PM9_full_N500,S2,228033215,500,False,snowdrift,4.0,3.0,0.0,2.0,True,0.0,0.5,100,0,30,2.0,100000,0.0,0.0,1.0,0.0,0.0,0.0,0.0,1.0,0.0,0.16292591010555593,0.0,0.16292591010555593,231.912,231.912,10.214275251574588,0.0,True,True,0.000996061584246337,3734,baseline,2498,4655,3.7269815852682147,37.43657979976443,0.0014925837345887924,0.08077171329913706,0.011936993938619469,0.927079580207324,0.927079580207324,5.496981891348089,0,classic,1.0,0.3,0.3,False,n/a,n/a,n/a,n/a,n/a,n/a,n/a,n/a,n/a,n/a,n/a,n/a,n/a,n/a,n/a,n/a,n/a,n/a,n/a
PM9_full_N500,S2,228033215,500,False,snowdrift,4.0,3.0,0.0,2.0,True,0.0,0.5,100,0,30,0.1,100000,0.008000000000000002,0.0,0.986,0.005999999999999999,0.0,0.0,0.0,1.0,0.0,0.5170743554920559,0.6937678283387922,0.5279964378177733,21.736,21.736,91.98225963160043,0.0,False,True,0.017477993111981237,3200,connected,2498,4675,3.7429943955164133,34.43607266719016,0.001498996554071451,0.09208441962113664,0.01182878788680388,0.9867957605006245,0.9867957605006245,1.51131221719457,0,classic,1.0,0.3,0.3,False,n/a,n/a,n/a,n/a,n/a,n/a,n/a,n/a,n/a,n/a,n/a,n/a,n/a,n/a,n/a,n/a,n/a,n/a,n/a
PM9_full_N500,S2,228033215,500,False,snowdrift,4.0,3.0,0.0,2.0,True,0.0,0.5,100,5,30,0.1,100000,0.011,0.0,0.9698,0.0132,0.0,0.005999999999999999,0.0,0.9409191732326692,0.010366673065847572,0.6096846411251278,1.054963092166689,0.6310242084706854,4.998,17.556,121.89589182669293,0.998,False,False,0.0414372505489978,2935,fragmented,2498,3724,2.981585268214572,38.220083267896875,0.0011940669876710339,0.09690636794923324,0.012991830162527055,0.9835974923981975,0.9852437577181486,1.3656387665198237,931,classic,1.0,0.3,0.3,False,n/a,n/a,n/a,n/a,n/a,n/a,n/a,n/a,n/a,n/a,n/a,n/a,n/a,n/a,n/a,n/a,n/a,n/a,n/a
PM9_full_N500,S2,228033215,500,False,snowdrift,4.0,3.0,0.0,2.0,True,0.0,0.5,100,5,30,2.0,100000,0.0,0.0,1.0,0.0,0.0,0.0,0.0,1.0,0.0,0.18517280659561386,0.0,0.18517280659561386,5.0,234.82,10.142749332374501,1.0,True,True,0.0,3685,connected,2498,4675,3.7429943955164133,34.43607266719016,0.001498996554071451,0.09208441962113664,0.01182878788680388,0.7705131785042072,0.9255813872310561,5.602409638554217,0,classic,1.0,0.3,0.3,False,n/a,n/a,n/a,n/a,n/a,n/a,n/a,n/a,n/a,n/a,n/a,n/a,n/a,n/a,n/a,n/a,n/a,n/a,n/a
PM9_full_N500,S2,228033215,500,False,snowdrift,4.0,3.0,0.0,2.0,True,0.0,0.5,100,15,30,2.0,100000,0.0,0.0,1.0,0.0,0.0,0.0,0.0,1.0,0.0,0.2221852935744591,0.0,0.2221852935744591,15.0,193.076,13.523971413856758,1.0,True,True,0.0,4970,fragmented,2498,3724,2.981585268214572,38.220083267896875,0.0011940669876710339,0.09690636794923324,0.012991830162527055,0.8674383697719183,0.9384870724238644,4.816161616161616,931,classic,1.0,0.3,0.3,False,n/a,n/a,n/a,n/a,n/a,n/a,n/a,n/a,n/a,n/a,n/a,n/a,n/a,n/a,n/a,n/a,n/a,n/a,n/a
PM9_full_N500,S2,228033215,500,False,snowdrift,4.0,3.0,0.0,2.0,True,0.01,0.5,100,0,30,0.1,100000,0.1068,0.07839999999999998,0.3874,0.09899999999999999,0.11380000000000001,0.11880000000000002,0.09579999999999998,0.6121993614092496,0.029809220985691574,1.1949479868523787,1.380324514139416,1.3151724655777306,18.084,18.084,117.8964499500914,0.0,False,True,-0.0086361849447374,13780,fragmented,2498,3724,2.981585268214572,38.220083267896875,0.0011940669876710339,0.09690636794923324,0.012991830162527055,0.9886054823921863,0.9886054823921863,1.386046511627907,931,classic,1.0,0.3,0.3,False,n/a,n/a,n/a,n/a,n/a,n/a,n/a,n/a,n/a,n/a,n/a,n/a,n/a,n/a,n/a,n/a,n/a,n/a,n/a
PM9_full_N500,S2,228033215,500,False,snowdrift,4.0,3.0,0.0,2.0,True,0.01,0.5,100,0,30,0.1,100000,0.09219999999999998,0.06340000000000001,0.44600000000000006,0.08359999999999998,0.12760000000000002,0.119,0.06820000000000001,0.672189399595362,0.058733956928431585,1.244411887081847,1.2073731095929958,1.2881671205438001,21.012,21.012,91.57438346334709,0.0,False,True,-0.008166762267045774,14114,connected,2498,4675,3.7429943955164133,34.43607266719016,0.001498996554071451,0.09208441962113664,0.01182878788680388,0.9772433209694869,0.9772433209694869,1.4095238095238096,0,classic,1.0,0.3,0.3,False,n/a,n/a,n/a,n/a,n/a,n/a,n/a,n/a,n/a,n/a,n/a,n/a,n/a,n/a,n/a,n/a,n/a,n/a,n/a
PM9_full_N500,S2,228033215,500,False,snowdrift,4.0,3.0,0.0,2.0,True,0.01,0.5,100,5,30,0.1,100000,0.09479999999999998,0.0516,0.44720000000000004,0.09639999999999999,0.11739999999999999,0.1296,0.06300000000000001,0.5813596112886801,0.017001545595054096,1.2482080136058982,1.4782052182484535,1.3416782000669636,4.998,18.396,115.6320901728881,0.996,False,True,0.007541732566934479,13769,fragmented,2498,3724,2.981585268214572,38.220083267896875,0.0011940669876710339,0.09690636794923324,0.012991830162527055,0.9819577925808016,0.9894651868267625,1.291866028708134,931,classic,1.0,0.3,0.3,False,n/a,n/a,n/a,n/a,n/a,n/a,n/a,n/a,n/a,n/a,n/a,n/a,n/a,n/a,n/a,n/a,n/a,n/a,n/a
PM9_full_N500,S2,228033215,500,False,snowdrift,4.0,3.0,0.0,2.0,True,0.01,0.5,100,15,30,2.0,100000,0.06580000000000001,0.04019999999999999,0.6574000000000001,0.0804,0.029200000000000004,0.0746,0.0524,0.7759400704155622,0.1663372859025033,0.8515402279198881,0.9333372870821013,0.8660641480151173,15.0,230.224,10.269944006070114,1.0,False,True,-0.006792286369144012,25377,baseline,2498,4655,3.7269815852682147,37.43657979976443,0.0014925837345887924,0.08077171329913706,0.011936993938619469,0.8169854719750356,0.924866168967979,5.661290322580645,0,classic,1.0,0.3,0.3,False,n/a,n/a,n/a,n/a,n/a,n/a,n/a,n/a,n/a,n/a,n/a,n/a,n/a,n/a,n/a,n/a,n/a,n/a,n/a
PM9_full_N500,S2,228033215,500,False,snowdrift,4.0,3.0,0.0,2.0,True,0.01,0.5,100,15,30,2.0,100000,0.06400000000000002,0.0406,0.5858,0.1096,0.0788,0.09359999999999999,0.027600000000000003,0.76940691974158,0.13065411131663024,1.152409980142647,1.0986009084456723,1.1575996260088945,15.0,195.172,13.49722028253446,1.0,False,True,-0.002946050184200004,30547,fragmented,2498,3724,2.981585268214572,38.220083267896875,0.0011940669876710339,0.09690636794923324,0.012991830162527055,0.8550386240259653,0.9364675529058646,4.8640973630831645,931,classic,1.0,0.3,0.3,False,n/a,n/a,n/a,n/a,n/a,n/a,n/a,n/a,n/a,n/a,n/a,n/a,n/a,n/a,n/a,n/a,n/a,n/a,n/a
PM9_full_N500,S2,381425458,500,False,PD_classic,9.0,5.0,1.0,0.0,True,0.01,0.5,100,0,30,0.1,100000,0.0802,0.049999999999999996,0.6266,0.05920000000000001,0.0738,0.06440000000000001,0.045799999999999993,0.874331046454017,0.02578167855183763,1.7584843504475882,1.6924438375554012,1.8033289390609355,21.532,21.532,90.7891463411482,0.0,False,True,-0.0095518366073446,11076,baseline,2498,4655,3.7269815852682147,37.43657979976443,0.0014925837345887924,0.08077171329913706,0.011936993938619469,0.981712240294837,0.981712240294837,1.3711790393013101,0,classic,1.0,0.3,0.3,False,n/a,n/a,n/a,n/a,n/a,n/a,n/a,n/a,n/a,n/a,n/a,n/a,n/a,n/a,n/a,n/a,n/a,n/a,n/a
PM9_full_N500,S2,381425458,500,False,PD_classic,9.0,5.0,1.0,0.0,True,0.01,0.5,100,0,30,2.0,100000,0.030600000000000006,0.0066,0.8918000000000001,0.0386,0.0172,0.012400000000000001,0.0028,0.9786346970065027,0.03309900410076157,1.2373290677397453,1.2423110231414125,1.237466329477422,191.804,191.804,13.690198013747434,0.0,False,True,-0.006374819099274566,13543,fragmented,2498,3724,2.981585268214572,38.393379466038475,0.0011940669876710339,0.09412734935967365,0.013037719718097033,0.9355617943773633,0.9355617943773633,5.426829268292683,931,classic,1.0,0.3,0.3,False,n/a,n/a,n/a,n/a,n/a,n/a,n/a,n/a,n/a,n/a,n/a,n/a,n/a,n/a,n/a,n/a,n/a,n/a,n/a
PM9_full_N500,S2,381425458,500,False,PD_classic,9.0,5.0,1.0,0.0,True,0.01,0.5,100,5,30,2.0,100000,0.019399999999999994,0.007200000000000001,0.9298,0.012199999999999999,0.0038000000000000004,0.0188,0.0088,0.976590919059934,0.04236706689536878,1.2155671241575883,1.1998671133627847,1.2152221347447123,5.0,194.852,13.428628074388245,1.0,False,True,-0.0009334597338425975,10702,fragmented,2498,3724,2.981585268214572,38.393379466038475,0.0011940669876710339,0.09412734935967365,0.013037719718097033,0.8119940816940865,0.9330394604908118,4.873239436619718,931,classic,1.0,0.3,0.3,False,n/a,n/a,n/a,n/a,n/a,n/a,n/a,n/a,n/a,n/a,n/a,n/a,n/a,n/a,n/a,n/a,n/a,n/a,n/a
PM9_full_N500,S2,381425458,500,False,PD_classic,9.0,5.0,1.0,0.0,True,0.01,0.5,100,15,30,0.1,100000,0.09539999999999998,0.043,0.6348,0.08099999999999999,0.0498,0.06080000000000001,0.0352,0.8755815916229175,0.024581906105178318,1.7203168349271596,1.7585719055733833,1.7667240079808941,14.69,21.352,91.08570340366286,0.862,False,True,0.0031622718490895937,10823,baseline,2498,4655,3.7269815852682147,37.43657979976443,0.0014925837345887924,0.08077171329913706,0.011936993938619469,0.9838195643736983,0.9855463006910505,1.2372881355932204,0,classic,1.0,0.3,0.3,False,n/a,n/a,n/a,n/a,n/a,n/a,n/a,n/a,n/a,n/a,n/a,n/a,n/a,n/a,n/a,n/a,n/a,n/a,n/a
PM9_full_N500,S2,381425458,500,False,PD_classic,9.0,5.0,1.0,0.0,True,0.01,0.5,100,15,30,2.0,100000,0.016200000000000003,0.0066,0.9202,0.016600000000000004,0.014600000000000002,0.015399999999999997,0.010400000000000001,0.9802735835297731,0.030181086519114688,1.2330396786565088,1.2638785638823846,1.2344297493524243,15.0,195.628,13.079959885531315,1.0,False,True,-0.0003596174384675566,11761,fragmented,2498,3724,2.981585268214572,38.393379466038475,0.0011940669876710339,0.09412734935967365,0.013037719718097033,0.8533434053356103,0.9309859234275657,5.352459016393443,931,classic,1.0,0.3,0.3,False,n/a,n/a,n/a,n/a,n/a,n/a,n/a,n/a,n/a,n/a,n/a,n/a,n/a,n/a,n/a,n/a,n/a,n/a,n/a
PM9_full_N500,S2,381425458,500,False,weak_PD,1.6,1.0,0.0,0.0,True,0.0,0.5,100,0,30,2.0,100000,0.0,0.0,1.0,0.0,0.0,0.0,0.0,1.0,0.0,0.03905646276792231,0.0,0.03905646276792231,191.252,191.252,13.591583651503765,0.0,True,True,0.0,3056,fragmented,2498,3724,2.981585268214572,38.393379466038475,0.0011940669876710339,0.09412734935967365,0.013037719718097033,0.9345492956935683,0.9345492956935683,5.094949494949495,931,classic,1.0,0.3,0.3,False,n/a,n/a,n/a,n/a,n/a,n/a,n/a,n/a,n/a,n/a,n/a,n/a,n/a,n/a,n/a,n/a,n/a,n/a,n/a
PM9_full_N500,S2,381425458,500,False,weak_PD,1.6,1.0,0.0,0.0,True,0.0,0.5,100,0,30,0.1,100000,0.0,0.0,1.0,0.0,0.0,0.0,0.0,1.0,0.0,0.10534477620384156,0.0,0.10534477620384156,21.544,21.544,90.82762518937436,0.0,True,True,0.011375968703865294,2303,connected,2498,4675,3.7429943955164133,34.56955895825154,0.001498996554071451,0.09776629271489577,0.011842829931772441,0.989475478084381,0.989475478084381,1.2850678733031675,0,classic,1.0,0.3,0.3,False,n/a,n/a,n/a,n/a,n/a,n/a,n/a,n/a,n/a,n/a,n/a,n/a,n/a,n/a,n/a,n/a,n/a,n/a,n/a
PM9_full_N500,S2,381425458,500,False,weak_PD,1.6,1.0,0.0,0.0,True,0.0,0.5,100,5,30,2.0,100000,0.0,0.0,1.0,0.0,0.0,0.0,0.0,1.0,0.0,0.026029053397047093,0.0,0.026029053397047093,5.0,232.592,10.252973878717155,1.0,True,True,0.0,1718,baseline,2498,4655,3.7269815852682147,37.43657979976443,0.0014925837345887924,0.08077171329913706,0.011936993938619469,0.778601539969041,0.9235725133728723,5.414141414141414,0,classic,1.0,0.3,0.3,False,n/a,n/a,n/a,n/a,n/a,n/a,n/a,n/a,n/a,n/a,n/a,n/a,n/a,n/a,n/a,n/a,n/a,n/a,n/a
PM9_full_N500,S2,381425458,500,False,weak_PD,1.6,1.0,0.0,0.0,True,0.01,0.5,100,0,30,2.0,100000,0.056400000000000006,0.0254,0.7668000000000001,0.06040000000000001,0.0414,0.03380000000000001,0.0158,0.919981922409028,0.09869739478957916,0.11631411011302467,0.11625047696618493,0.11685884479496737,235.196,235.196,10.163866495539155,0.0,False,True,-0.012414251257009422,19218,baseline,2498,4655,3.7269815852682147,37.43657979976443,0.0014925837345887924,0.08077171329913706,0.011936993938619469,0.9292383069353677,0.9292383069353677,5.357429718875502,0,classic,1.0,0.3,0.3,False,n/a,n/a,n/a,n/a,n/a,n/a,n/a,n/a,n/a,n/a,n/a,n/a,n/a,n/a,n/a,n/a,n/a,n/a,n/a
PM9_full_N500,S2,381425458,500,False,weak_PD,1.6,1.0,0.0,0.0,True,0.01,0.5,100,5,30,0.1,100000,0.11579999999999999,0.05960000000000001,0.4586,0.0788,0.09919999999999998,0.11139999999999999,0.0766,0.6744469068687591,0.03276047261009667,0.37927555963588655,0.4205776753530741,0.3927757740397207,5.0,21.56,93.50368941213426,1.0,False,True,0.010237068148272958,14349,connected,2498,4675,3.7429943955164133,34.56955895825154,0.001498996554071451,0.09776629271489577,0.011842829931772441,0.9721671533891402,0.9773360496902614,1.4634146341463414,0,classic,1.0,0.3,0.3,False,n/a,n/a,n/a,n/a,n/a,n/a,n/a,n/a,n/a,n/a,n/a,n/a,n/a,n/a,n/a,n/a,n/a,n/a,n/a
PM9_full_N500,S2,381425458,500,False,weak_PD,1.6,1.0,0.0,0.0,True,0.01,0.5,100,15,30,2.0,100000,0.028599999999999997,0.011399999999999997,0.8441999999999998,0.041999999999999996,0.016999999999999998,0.0258,0.031000000000000007,0.9481009136175513,0.07735817667609383,0.11502497514018938,0.11268664622274593,0.11515613786009542,15.0,230.52,10.240976614362676,1.0,False,True,0.006230271321082355,16553,connected,2498,4675,3.7429943955164133,34.56955895825154,0.001498996554071451,0.09776629271489577,0.011842829931772441,0.8249704328802173,0.9211075300982617,5.505030181086519,0,classic,1.0,0.3,0.3,False,n/a,n/a,n/a,n/a,n/a,n/a,n/a,n/a,n/a,n/a,n/a,n/a,n/a,n/a,n/a,n/a,n/a,n/a,n/a
PM9_full_N500,S2,381425458,500,False,snowdrift,4.0,3.0,0.0,2.0,True,0.0,0.5,100,5,30,0.1,100000,0.0,0.0,1.0,0.0,0.0,0.0,0.0,1.0,0.0,0.4407110141101685,0.0,0.4407110141101685,5.0,21.032,92.86693389309478,0.998,True,True,0.00934816219263632,2452,baseline,2498,4655,3.7269815852682147,37.43657979976443,0.0014925837345887924,0.08077171329913706,0.011936993938619469,0.9772111311399324,0.9797429888805069,1.1666666666666667,0,classic,1.0,0.3,0.3,False,n/a,n/a,n/a,n/a,n/a,n/a,n/a,n/a,n/a,n/a,n/a,n/a,n/a,n/a,n/a,n/a,n/a,n/a,n/a
PM9_full_N500,S2,381425458,500,False,snowdrift,4.0,3.0,0.0,2.0,True,0.0,0.5,100,5,30,0.1,100000,0.023999999999999997,0.0,0.97,0.0,0.0,0.005999999999999999,0.0,0.9796808860443749,0.0,0.5741481991959478,1.6147771963135065,0.6069170146194163,5.0,17.476,122.39045569149623,0.998,False,False,0.020593195972767046,2746,fragmented,2498,3724,2.981585268214572,38.393379466038475,0.0011940669876710339,0.09412734935967365,0.013037719718097033,0.9826107046466197,0.990116751531687,1.271889400921659,931,classic,1.0,0.3,0.3,False,n/a,n/a,n/a,n/a,n/a,n/a,n/a,n/a,n/a,n/a,n/a,n/a,n/a,n/a,n/a,n/a,n/a,n/a,n/a
PM9_full_N500,S2,381425458,500,False,snowdrift,4.0,3.0,0.0,2.0,True,0.0,0.5,100,15,30,2.0,100000,0.0,0.0,1.0,0.0,0.0,0.0,0.0,1.0,0.0,0.17504910530773984,0.0,0.17504910530773984,15.0,231.572,10.212015168038878,1.0,True,True,0.0,3645,baseline,2498,4655,3.7269815852682147,37.43657979976443,0.0014925837345887924,0.08077171329913706,0.011936993938619469,0.8225577790863341,0.9205625781525025,5.61122244488978,0,classic,1.0,0.3,0.3,False,n/a,n/a,n/a,n/a,n/a,n/a,n/a,n/a,n/a,n/a,n/a,n/a,n/a,n/a,n/a,n/a,n/a,n/a,n/a
PM9_full_N500,S2,381425458,500,False,snowdrift,4.0,3.0,0.0,2.0,True,0.01,0.5,100,0,30,0.1,100000,0.1402,0.0548,0.3572,0.13740000000000002,0.11200000000000002,0.101,0.09739999999999999,0.6228830589105389,0.02235687421646469,1.2049082059213472,1.2273439853791122,1.3100604217791583,20.912,20.912,92.7548574280825,0.0,False,True,-0.012619480877925525,14408,connected,2498,4675,3.7429943955164133,34.56955895825154,0.001498996554071451,0.09776629271489577,0.011842829931772441,0.9810212596770153,0.9810212596770153,1.3164556962025316,0,classic,1.0,0.3,0.3,False,n/a,n/a,n/a,n/a,n/a,n/a,n/a,n/a,n/a,n/a,n/a,n/a,n/a,n/a,n/a,n/a,n/a,n/a,n/a
PM9_full_N500,S2,381425458,500,False,snowdrift,4.0,3.0,0.0,2.0,True,0.01,0.5,100,0,30,2.0,100000,0.07579999999999999,0.046,0.5512,0.13440000000000002,0.08119999999999998,0.07360000000000003,0.03779999999999999,0.7846788534359178,0.1609215312662394,1.026629036717154,1.0743693622373578,1.0354668695001685,229.828,229.828,10.371110882599023,0.0,False,True,0.0034365545462178185,30066,baseline,2498,4655,3.7269815852682147,37.43657979976443,0.0014925837345887924,0.08077171329913706,0.011936993938619469,0.9219632256503124,0.9219632256503124,5.412,0,classic,1.0,0.3,0.3,False,n/a,n/a,n/a,n/a,n/a,n/a,n/a,n/a,n/a,n/a,n/a,n/a,n/a,n/a,n/a,n/a,n/a,n/a,n/a
PM9_full_N500,S2,381425458,500,False,snowdrift,4.0,3.0,0.0,2.0,True,0.01,0.5,100,5,30,0.1,100000,0.11499999999999999,0.056400000000000006,0.46160000000000007,0.11680000000000001,0.0848,0.11960000000000001,0.045799999999999993,0.5305665480865887,0.03186326229162271,1.0996057701144566,1.2929743682430146,1.2120509068348297,5.0,21.128,95.64333812057316,1.0,False,True,0.0006827163308653234,14094,baseline,2498,4655,3.7269815852682147,37.43657979976443,0.0014925837345887924,0.08077171329913706,0.011936993938619469,0.9780051653437714,0.9835895409285026,1.3644859813084111,0,classic,1.0,0.3,0.3,False,n/a,n/a,n/a,n/a,n/a,n/a,n/a,n/a,n/a,n/a,n/a,n/a,n/a,n/a,n/a,n/a,n/a,n/a,n/a
PM9_full_N500,S2,381425458,500,False,snowdrift,4.0,3.0,0.0,2.0,True,0.01,0.5,100,15,30,0.1,100000,0.11740000000000002,0.0536,0.44000000000000006,0.1202,0.12239999999999998,0.05740000000000001,0.08899999999999998,0.7367507397353671,0.04548974061169183,1.2088718961790053,1.351284913442129,1.3274573292518543,14.708,20.684,91.56915544927047,0.854,False,False,0.031318627674511615,14078,connected,2498,4675,3.7429943955164133,34.56955895825154,0.001498996554071451,0.09776629271489577,0.011842829931772441,0.9821142834416373,0.9830432387494871,1.3103448275862069,0,classic,1.0,0.3,0.3,False,n/a,n/a,n/a,n/a,n/a,n/a,n/a,n/a,n/a,n/a,n/a,n/a,n/a,n/a,n/a,n/a,n/a,n/a,n/a
PM9_full_N500,S2,381425458,500,False,snowdrift,4.0,3.0,0.0,2.0,True,0.01,0.5,100,15,30,2.0,100000,0.0794,0.024799999999999996,0.6328,0.08799999999999998,0.06680000000000001,0.0718,0.0364,0.798704276789216,0.1420965058236273,0.9298969490680101,0.9351554012887187,0.9318281610183214,15.0,232.652,10.258183849843624,1.0,False,False,-0.024455061020246645,26454,baseline,2498,4655,3.7269815852682147,37.43657979976443,0.0014925837345887924,0.08077171329913706,0.011936993938619469,0.8188184534693975,0.9268281182901723,5.608080808080808,0,classic,1.0,0.3,0.3,False,n/a,n/a,n/a,n/a,n/a,n/a,n/a,n/a,n/a,n/a,n/a,n/a,n/a,n/a,n/a,n/a,n/a,n/a,n/a
PM9_full_N500,S2,475630065,500,False,PD_classic,9.0,5.0,1.0,0.0,True,0.01,0.5,100,0,30,0.1,100000,0.0844,0.06100000000000001,0.5963999999999999,0.07519999999999999,0.0708,0.0716,0.04059999999999999,0.8071898526883547,0.0332512315270936,1.866941850353081,1.9619488218070742,1.9245405152212312,17.368,17.368,123.64091575915653,0.0,False,True,-0.011447421789686793,11034,fragmented,2498,3724,2.981585268214572,38.84233902630546,0.0011940669876710339,0.1107662487752422,0.01330569014528957,0.9849655993619985,0.9849655993619985,1.2550607287449393,931,classic,1.0,0.3,0.3,False,n/a,n/a,n/a,n/a,n/a,n/a,n/a,n/a,n/a,n/a,n/a,n/a,n/a,n/a,n/a,n/a,n/a,n/a,n/a
PM9_full_N500,S2,475630065,500,False,PD_classic,9.0,5.0,1.0,0.0,True,0.01,0.5,100,0,30,2.0,100000,0.03540000000000001,0.010599999999999998,0.8856000000000002,0.020999999999999998,0.024799999999999996,0.009600000000000001,0.013000000000000001,0.9753923546582601,0.046103363412633304,1.2359426067356643,1.2186955801677033,1.2361088934364592,236.912,236.912,10.080532862989838,0.0,False,True,-0.006021144084575973,12394,baseline,2498,4655,3.7269815852682147,37.43657979976443,0.0014925837345887924,0.08077171329913706,0.011936993938619469,0.9245280059990335,0.9245280059990335,5.728,0,classic,1.0,0.3,0.3,False,n/a,n/a,n/a,n/a,n/a,n/a,n/a,n/a,n/a,n/a,n/a,n/a,n/a,n/a,n/a,n/a,n/a,n/a,n/a
PM9_full_N500,S2,475630065,500,False,PD_classic,9.0,5.0,1.0,0.0,True,0.01,0.5,100,5,30,0.1,100000,0.07100000000000002,0.043399999999999994,0.651,0.0504,0.06260000000000002,0.08059999999999999,0.040999999999999995,0.8680926848077162,0.012343532684283728,1.832731315629655,1.9745579767978305,1.886682708146538,5.0,17.66,121.16003363406544,0.996,False,True,0.004334916539671285,10760,fragmented,2498,3724,2.981585268214572,38.84233902630546,0.0011940669876710339,0.1107662487752422,0.01330569014528957,0.9805174448482573,0.9877370283766647,1.3482142857142858,931,classic,1.0,0.3,0.3,False,n/a,n/a,n/a,n/a,n/a,n/a,n/a,n/a,n/a,n/a,n/a,n/a,n/a,n/a,n/a,n/a,n/a,n/a,n/a
PM9_full_N500,S2,475630065,500,False,weak_PD,1.6,1.0,0.0,0.0,True,0.0,0.5,100,5,30,0.1,100000,0.0168,0.0,0.9831999999999999,0.0,0.0,0.0,0.0,1.0,0.0,0.1631941419894652,0.27732013518511844,0.16524840986698694,5.0,20.612,92.95145022710143,1.0,False,True,0.010084360337447942,3001,baseline,2498,4655,3.7269815852682147,37.43657979976443,0.0014925837345887924,0.08077171329913706,0.011936993938619469,0.9811088508685819,0.9840249908037817,1.3073593073593073,0,classic,1.0,0.3,0.3,False,n/a,n/a,n/a,n/a,n/a,n/a,n/a,n/a,n/a,n/a,n/a,n/a,n/a,n/a,n/a,n/a,n/a,n/a,n/a
PM9_full_N500,S2,475630065,500,False,PD_classic,9.0,5.0,1.0,0.0,True,0.01,0.5,100,15,30,2.0,100000,0.0158,0.004400000000000001,0.9289999999999999,0.011,0.014800000000000002,0.0204,0.0046,0.9787032984048256,0.03608975364820336,1.2387459317570095,1.2311826592166528,1.2392301130328047,15.0,232.148,10.306191409878085,1.0,False,True,0.0005081588326360629,10978,baseline,2498,4655,3.7269815852682147,37.43657979976443,0.0014925837345887924,0.08077171329913706,0.011936993938619469,0.834122891682085,0.9299197032904888,5.831663326653307,0,classic,1.0,0.3,0.3,False,n/a,n/a,n/a,n/a,n/a,n/a,n/a,n/a,n/a,n/a,n/a,n/a,n/a,n/a,n/a,n/a,n/a,n/a,n/a
PM9_full_N500,S2,475630065,500,False,weak_PD,1.6,1.0,0.0,0.0,True,0.0,0.5,100,5,30,0.1,100000,0.010599999999999998,0.0,0.9888000000000001,0.0,0.0,0.0006000000000000001,0.0,0.9998701298701299,0.00021691973969631235,0.15079635466629174,0.2558169899383457,0.15184656101901228,5.0,17.492,125.48760917272512,1.0,False,True,0.01721100644401772,2654,fragmented,2498,3724,2.981585268214572,38.84233902630546,0.0011940669876710339,0.1107662487752422,0.01330569014528957,0.9833457408965426,0.9912579003485599,1.395121951219512,931,classic,1.0,0.3,0.3,False,n/a,n/a,n/a,n/a,n/a,n/a,n/a,n/a,n/a,n/a,n/a,n/a,n/a,n/a,n/a,n/a,n/a,n/a,n/a
PM9_full_N500,S2,475630065,500,False,weak_PD,1.6,1.0,0.0,0.0,True,0.0,0.5,100,5,30,2.0,100000,0.0,0.0,1.0,0.0,0.0,0.0,0.0,1.0,0.0,0.029469474292937885,0.0,0.029469474292937885,5.0,232.844,10.171629284901108,1.0,True,True,0.0,1803,connected,2498,4675,3.7429943955164133,34.617765181258996,0.001498996554071451,0.08534366914141805,0.011830709163410108,0.7771276594644945,0.9268550555491063,5.778672032193159,0,classic,1.0,0.3,0.3,False,n/a,n/a,n/a,n/a,n/a,n/a,n/a,n/a,n/a,n/a,n/a,n/a,n/a,n/a,n/a,n/a,n/a,n/a,n/a
PM9_full_N500,S2,475630065,500,False,weak_PD,1.6,1.0,0.0,0.0,True,0.0,0.5,100,15,30,0.1,100000,0.019999999999999997,0.0,0.962,0.017999999999999995,0.0,0.0,0.0,0.9830859366429516,0.0051813471502590676,0.1819477971340221,0.19929368405731868,0.18975421937800602,14.7,20.392,94.79728865520258,0.85,False,False,0.029283534734141865,3364,baseline,2498,4655,3.7269815852682147,37.43657979976443,0.0014925837345887924,0.08077171329913706,0.011936993938619469,0.9721952288357308,0.9729654550545929,1.2897196261682242,0,classic,1.0,0.3,0.3,False,n/a,n/a,n/a,n/a,n/a,n/a,n/a,n/a,n/a,n/a,n/a,n/a,n/a,n/a,n/a,n/a,n/a,n/a,n/a
PM9_full_N500,S2,475630065,500,False,weak_PD,1.6,1.0,0.0,0.0,True,0.0,0.5,100,15,30,0.1,100000,0.0020000000000000005,0.0,0.998,0.0,0.0,0.0,0.0,1.0,0.0,0.132444662073217,0.8871419053964023,0.1339540565598634,14.73,20.96,92.67672647534938,0.852,False,True,0.0072216096864343516,2801,connected,2498,4675,3.7429943955164133,34.617765181258996,0.001498996554071451,0.08534366914141805,0.011830709163410108,0.9864543516959804,0.9873838265197059,1.3242009132420092,0,classic,1.0,0.3,0.3,False,n/a,n/a,n/a,n/a,n/a,n/a,n/a,n/a,n/a,n/a,n/a,n/a,n/a,n/a,n/a,n/a,n/a,n/a,n/a
PM9_full_N500,S2,475630065,500,False,weak_PD,1.6,1.0,0.0,0.0,True,0.01,0.5,100,0,30,2.0,100000,0.07140000000000002,0.013800000000000002,0.7518,0.0504,0.04899999999999999,0.04759999999999999,0.015999999999999997,0.9182995633497718,0.08708603469423515,0.1179047699507392,0.12175236827798144,0.11869091364030722,236.06,236.06,10.077747665705,0.0,False,True,-0.01770642602570703,19386,connected,2498,4675,3.7429943955164133,34.617765181258996,0.001498996554071451,0.08534366914141805,0.011830709163410108,0.9182362681565677,0.9182362681565677,5.449799196787149,0,classic,1.0,0.3,0.3,False,n/a,n/a,n/a,n/a,n/a,n/a,n/a,n/a,n/a,n/a,n/a,n/a,n/a,n/a,n/a,n/a,n/a,n/a,n/a
PM9_full_N500,S2,475630065,500,False,weak_PD,1.6,1.0,0.0,0.0,True,0.01,0.5,100,5,30,0.1,100000,0.12000000000000002,0.058600000000000006,0.46180000000000004,0.11420000000000001,0.09299999999999999,0.09539999999999998,0.05700000000000001,0.5654046756660129,0.028285465622280244,0.36594403750532095,0.4289130575981527,0.40673957504266095,5.0,21.224,92.53914556531751,1.0,False,True,-0.008804608018430974,14372,baseline,2498,4655,3.7269815852682147,37.43657979976443,0.0014925837345887924,0.08077171329913706,0.011936993938619469,0.9775068487793486,0.9818453058867465,1.3930348258706469,0,classic,1.0,0.3,0.3,False,n/a,n/a,n/a,n/a,n/a,n/a,n/a,n/a,n/a,n/a,n/a,n/a,n/a,n/a,n/a,n/a,n/a,n/a,n/a
PM9_full_N500,S2,475630065,500,False,weak_PD,1.6,1.0,0.0,0.0,True,0.01,0.5,100,15,30,0.1,100000,0.10400000000000001,0.06740000000000002,0.4086,0.13599999999999998,0.08359999999999998,0.129,0.07139999999999999,0.5639926417670407,0.043520154167335796,0.3541803070986573,0.4359752478995463,0.39252019774341285,14.82,20.652,92.91837169854358,0.876,False,True,0.013842266569067193,14136,connected,2498,4675,3.7429943955164133,34.617765181258996,0.001498996554071451,0.08534366914141805,0.011830709163410108,0.971326568663211,0.9723620807951584,1.4190871369294606,0,classic,1.0,0.3,0.3,False,n/a,n/a,n/a,n/a,n/a,n/a,n/a,n/a,n/a,n/a,n/a,n/a,n/a,n/a,n/a,n/a,n/a,n/a,n/a
PM9_full_N500,S2,475630065,500,False,weak_PD,1.6,1.0,0.0,0.0,True,0.01,0.5,100,15,30,2.0,100000,0.027600000000000003,0.020399999999999998,0.8395999999999999,0.04699999999999999,0.029800000000000004,0.009,0.026600000000000002,0.9316755386438264,0.09584664536741214,0.106326730302845,0.10592266838233494,0.10640159112749939,15.0,230.976,10.377445556729839,1.0,False,True,-0.001281566726265074,16178,baseline,2498,4655,3.7269815852682147,37.43657979976443,0.0014925837345887924,0.08077171329913706,0.011936993938619469,0.8212944211523627,0.9204967632582733,5.352112676056338,0,classic,1.0,0.3,0.3,False,n/a,n/a,n/a,n/a,n/a,n/a,n/a,n/a,n/a,n/a,n/a,n/a,n/a,n/a,n/a,n/a,n/a,n/a,n/a
PM9_full_N500,S2,475630065,500,False,snowdrift,4.0,3.0,0.0,2.0,True,0.0,0.5,100,0,30,2.0,100000,0.0,0.0,1.0,0.0,0.0,0.0,0.0,1.0,0.0,0.2378033897380906,0.0,0.2378033897380906,232.22,232.22,10.19122965461765,0.0,True,True,0.0006374905499621998,5464,baseline,2498,4655,3.7269815852682147,37.43657979976443,0.0014925837345887924,0.08077171329913706,0.011936993938619469,0.9205697083179769,0.9205697083179769,5.589537223340041,0,classic,1.0,0.3,0.3,False,n/a,n/a,n/a,n/a,n/a,n/a,n/a,n/a,n/a,n/a,n/a,n/a,n/a,n/a,n/a,n/a,n/a,n/a,n/a
PM9_full_N500,S2,475630065,500,False,snowdrift,4.0,3.0,0.0,2.0,True,0.0,0.5,100,15,30,0.1,100000,0.0,0.0,1.0,0.0,0.0,0.0,0.0,1.0,0.0,0.3757504749731593,0.0,0.3757504749731593,14.792,21.16,90.51181926445298,0.864,True,True,0.006420640082549344,2272,baseline,2498,4655,3.7269815852682147,37.43657979976443,0.0014925837345887924,0.08077171329913706,0.011936993938619469,0.9745847571711156,0.9753923987916989,1.376,0,classic,1.0,0.3,0.3,False,n/a,n/a,n/a,n/a,n/a,n/a,n/a,n/a,n/a,n/a,n/a,n/a,n/a,n/a,n/a,n/a,n/a,n/a,n/a
PM9_full_N500,S2,475630065,500,False,snowdrift,4.0,3.0,0.0,2.0,True,0.0,0.5,100,5,30,2.0,100000,0.0,0.0,1.0,0.0,0.0,0.0,0.0,1.0,0.0,0.2752251885645813,0.0,0.2752251885645813,5.0,181.828,14.203837339540737,1.0,True,True,0.00043766575066300263,5611,fragmented,2498,3724,2.981585268214572,38.84233902630546,0.0011940669876710339,0.1107662487752422,0.01330569014528957,0.8267603635421499,0.9349797632960014,4.850806451612903,931,classic,1.0,0.3,0.3,False,n/a,n/a,n/a,n/a,n/a,n/a,n/a,n/a,n/a,n/a,n/a,n/a,n/a,n/a,n/a,n/a,n/a,n/a,n/a
PM9_full_N500,S2,475630065,500,False,snowdrift,4.0,3.0,0.0,2.0,True,0.01,0.5,100,0,30,0.1,100000,0.1068,0.0712,0.4142,0.11880000000000002,0.1012,0.10740000000000001,0.0804,0.6570440275491015,0.046021505376344085,1.424432522621474,1.4573040808267756,1.4921852881505187,20.98,20.98,93.32216807130501,0.0,False,True,0.009329941319770406,14690,baseline,2498,4655,3.7269815852682147,37.43657979976443,0.0014925837345887924,0.08077171329913706,0.011936993938619469,0.9862124542044698,0.9862124542044698,1.194915254237288,0,classic,1.0,0.3,0.3,False,n/a,n/a,n/a,n/a,n/a,n/a,n/a,n/a,n/a,n/a,n/a,n/a,n/a,n/a,n/a,n/a,n/a,n/a,n/a
PM9_full_N500,S2,475630065,500,False,snowdrift,4.0,3.0,0.0,2.0,True,0.01,0.5,100,0,30,2.0,100000,0.0686,0.04299999999999999,0.5102,0.1424,0.06620000000000001,0.12359999999999997,0.046,0.708428228892918,0.16246315099901737,1.0428876378902605,1.0246442456567608,1.0611324503480641,232.38,232.38,10.227128544065419,0.0,False,False,-0.025614726458906202,29737,connected,2498,4675,3.7429943955164133,34.617765181258996,0.001498996554071451,0.08534366914141805,0.011830709163410108,0.9204526485435095,0.9204526485435095,5.839034205231388,0,classic,1.0,0.3,0.3,False,n/a,n/a,n/a,n/a,n/a,n/a,n/a,n/a,n/a,n/a,n/a,n/a,n/a,n/a,n/a,n/a,n/a,n/a,n/a
PM9_full_N500,S2,475630065,500,False,snowdrift,4.0,3.0,0.0,2.0,True,0.01,0.5,100,15,30,0.1,100000,0.09459999999999999,0.072,0.4318000000000001,0.12440000000000002,0.10700000000000001,0.08479999999999999,0.08539999999999998,0.5630939569472562,0.030763314747164008,1.4255201834689832,1.652392603610226,1.4907578349760784,14.78,21.076,93.84970152874563,0.858,False,True,0.006418297673191792,14620,baseline,2498,4655,3.7269815852682147,37.43657979976443,0.0014925837345887924,0.08077171329913706,0.011936993938619469,0.9763943854117564,0.9778650129038409,1.3361702127659574,0,classic,1.0,0.3,0.3,False,n/a,n/a,n/a,n/a,n/a,n/a,n/a,n/a,n/a,n/a,n/a,n/a,n/a,n/a,n/a,n/a,n/a,n/a,n/a
PM9_full_N500,S2,475630065,500,False,snowdrift,4.0,3.0,0.0,2.0,True,0.01,0.5,100,5,30,2.0,100000,0.0392,0.033999999999999996,0.7426,0.06040000000000001,0.04819999999999999,0.06180000000000001,0.013800000000000002,0.8495217036347423,0.15909890883491729,0.8660889577407503,0.8294673391887424,0.8690516027605653,5.0,230.408,10.261252677107707,1.0,False,True,-0.011724738098947635,24581,baseline,2498,4655,3.7269815852682147,37.43657979976443,0.0014925837345887924,0.08077171329913706,0.011936993938619469,0.7781903507853877,0.914683286250203,5.420523138832998,0,classic,1.0,0.3,0.3,False,n/a,n/a,n/a,n/a,n/a,n/a,n/a,n/a,n/a,n/a,n/a,n/a,n/a,n/a,n/a,n/a,n/a,n/a,n/a
PM9_full_N500,S2,475630065,500,False,snowdrift,4.0,3.0,0.0,2.0,True,0.01,0.5,100,15,30,2.0,100000,0.0642,0.029200000000000004,0.6899999999999998,0.08299999999999999,0.06599999999999999,0.04139999999999999,0.0262,0.8250164081759378,0.11362510322047895,0.8843645447662152,0.8544398596870197,0.8919030263656884,15.0,229.2,10.352891803367031,1.0,False,True,-0.009174612698448964,25319,connected,2498,4675,3.7429943955164133,34.617765181258996,0.001498996554071451,0.08534366914141805,0.011830709163410108,0.8374937558179021,0.925979611154212,5.66060606060606,0,classic,1.0,0.3,0.3,False,n/a,n/a,n/a,n/a,n/a,n/a,n/a,n/a,n/a,n/a,n/a,n/a,n/a,n/a,n/a,n/a,n/a,n/a,n/a
PM9_full_N500,S2,798359651,500,False,snowdrift,4.0,3.0,0.0,2.0,True,0.0,0.5,100,5,30,0.1,100000,0.0,0.0,1.0,0.0,0.0,0.0,0.0,1.0,0.0,0.4673145889977879,0.0,0.4673145889977879,5.0,20.78,92.29981899698932,0.998,True,True,0.009748646994592373,2784,connected,2498,4675,3.7429943955164133,34.81513416099319,0.001498996554071451,0.08036874546424227,0.011910535791314424,0.9747519903253915,0.9861914726834047,1.3588516746411483,0,classic,1.0,0.3,0.3,False,n/a,n/a,n/a,n/a,n/a,n/a,n/a,n/a,n/a,n/a,n/a,n/a,n/a,n/a,n/a,n/a,n/a,n/a,n/a
PM9_full_N500,S2,798359651,500,False,snowdrift,4.0,3.0,0.0,2.0,True,0.0,0.5,100,15,30,2.0,100000,0.0,0.0,1.0,0.0,0.0,0.0,0.0,1.0,0.0,0.24993739255363184,0.0,0.24993739255363184,15.0,187.712,13.905640044524288,1.0,True,True,0.0,4996,fragmented,2498,3724,2.981585268214572,39.06609900536579,0.0011940669876710339,0.13327563273822754,0.01309257925630318,0.8645224863461188,0.9383084512607196,5.345454545454546,931,classic,1.0,0.3,0.3,False,n/a,n/a,n/a,n/a,n/a,n/a,n/a,n/a,n/a,n/a,n/a,n/a,n/a,n/a,n/a,n/a,n/a,n/a,n/a
PM9_full_N500,S2,798359651,500,False,snowdrift,4.0,3.0,0.0,2.0,True,0.01,0.5,100,0,30,0.1,100000,0.11939999999999999,0.07339999999999999,0.41340000000000005,0.10700000000000001,0.11539999999999999,0.10900000000000001,0.06240000000000001,0.6637881620965678,0.0309929213698106,1.203849411333301,1.1207371101956198,1.2471947865259911,17.808,17.808,122.84622711718515,0.0,False,True,-0.0009612902451593327,14092,fragmented,2498,3724,2.981585268214572,39.06609900536579,0.0011940669876710339,0.13327563273822754,0.01309257925630318,0.9917298031642325,0.9917298031642325,1.3244444444444445,931,classic,1.0,0.3,0.3,False,n/a,n/a,n/a,n/a,n/a,n/a,n/a,n/a,n/a,n/a,n/a,n/a,n/a,n/a,n/a,n/a,n/a,n/a,n/a
PM9_full_N500,S2,798359651,500,False,snowdrift,4.0,3.0,0.0,2.0,True,0.0,0.5,100,15,30,2.0,100000,0.0,0.0,1.0,0.0,0.0,0.0,0.0,1.0,0.0,0.16453204396446094,0.0,0.16453204396446094,15.0,236.172,10.154660862948433,1.0,True,True,0.0,3343,connected,2498,4675,3.7429943955164133,34.81513416099319,0.001498996554071451,0.08036874546424227,0.011910535791314424,0.816949602740975,0.9155203793725402,5.790744466800805,0,classic,1.0,0.3,0.3,False,n/a,n/a,n/a,n/a,n/a,n/a,n/a,n/a,n/a,n/a,n/a,n/a,n/a,n/a,n/a,n/a,n/a,n/a,n/a
PM9_full_N500,S2,1166802640,500,False,snowdrift,4.0,3.0,0.0,2.0,True,0.0,0.5,100,15,30,2.0,100000,0.0,0.0,1.0,0.0,0.0,0.0,0.0,1.0,0.0,0.3043469124085735,0.0,0.3043469124085735,15.0,187.652,14.07151035352743,1.0,True,True,0.0,6485,fragmented,2498,3724,2.981585268214572,38.68529969899228,0.0011940669876710339,0.1739903134458361,0.013337632589256354,0.8697694465936697,0.9441522146757956,5.294354838709677,931,classic,1.0,0.3,0.3,False,n/a,n/a,n/a,n/a,n/a,n/a,n/a,n/a,n/a,n/a,n/a,n/a,n/a,n/a,n/a,n/a,n/a,n/a,n/a
PM9_full_N500,S2,1166802640,500,False,snowdrift,4.0,3.0,0.0,2.0,True,0.0,0.5,100,15,30,2.0,100000,0.0,0.0,1.0,0.0,0.0,0.0,0.0,1.0,0.0,0.19202340556508463,0.0,0.19202340556508463,15.0,231.716,10.179342139577946,1.0,True,True,0.0,3995,baseline,2498,4655,3.7269815852682147,37.43657979976443,0.0014925837345887924,0.08077171329913706,0.011936993938619469,0.8225642251764171,0.9254328891849339,5.559118236472946,0,classic,1.0,0.3,0.3,False,n/a,n/a,n/a,n/a,n/a,n/a,n/a,n/a,n/a,n/a,n/a,n/a,n/a,n/a,n/a,n/a,n/a,n/a,n/a
PM9_full_N500,S2,1166802640,500,False,snowdrift,4.0,3.0,0.0,2.0,True,0.0,0.5,100,15,30,2.0,100000,0.0,0.0,1.0,0.0,0.0,0.0,0.0,1.0,0.0,0.18189348129409058,0.0,0.18189348129409058,15.0,236.504,10.166870299136574,1.0,True,True,0.0,3915,connected,2498,4675,3.7429943955164133,34.66803265279414,0.001498996554071451,0.13343219023766525,0.011794734171038289,0.8294556995433168,0.9300660842852514,5.560975609756097,0,classic,1.0,0.3,0.3,False,n/a,n/a,n/a,n/a,n/a,n/a,n/a,n/a,n/a,n/a,n/a,n/a,n/a,n/a,n/a,n/a,n/a,n/a,n/a
PM9_full_N500,S2,1166802640,500,False,snowdrift,4.0,3.0,0.0,2.0,True,0.01,0.5,100,0,30,2.0,100000,0.055600000000000004,0.030200000000000005,0.6302,0.0668,0.08839999999999998,0.09119999999999998,0.037599999999999995,0.8308094830869074,0.1479663394109397,1.0062462768183913,1.0519784038422468,1.0012238663499398,231.372,231.372,10.283883276757521,0.0,False,True,0.012259805839223356,28810,baseline,2498,4655,3.7269815852682147,37.43657979976443,0.0014925837345887924,0.08077171329913706,0.011936993938619469,0.9271054134588834,0.9271054134588834,5.438877755511022,0,classic,1.0,0.3,0.3,False,n/a,n/a,n/a,n/a,n/a,n/a,n/a,n/a,n/a,n/a,n/a,n/a,n/a,n/a,n/a,n/a,n/a,n/a,n/a
PM9_full_N500,S2,1166802640,500,False,snowdrift,4.0,3.0,0.0,2.0,True,0.01,0.5,100,0,30,0.1,100000,0.08719999999999999,0.055600000000000004,0.39,0.18399999999999997,0.10300000000000001,0.101,0.07919999999999999,0.5336149970628767,0.06450374352082934,1.263989139543084,1.384751846137006,1.3814300350611652,18.396,18.396,122.46404296451432,0.0,False,True,-0.007315469261872836,14192,fragmented,2498,3724,2.981585268214572,38.68529969899228,0.0011940669876710339,0.1739903134458361,0.013337632589256354,0.9837752832731391,0.9837752832731391,1.3333333333333333,931,classic,1.0,0.3,0.3,False,n/a,n/a,n/a,n/a,n/a,n/a,n/a,n/a,n/a,n/a,n/a,n/a,n/a,n/a,n/a,n/a,n/a,n/a,n/a
PM9_full_N500,S2,1166802640,500,False,snowdrift,4.0,3.0,0.0,2.0,True,0.01,0.5,100,5,30,0.1,100000,0.09559999999999999,0.06060000000000001,0.4756,0.08459999999999998,0.11120000000000001,0.10500000000000001,0.06739999999999999,0.6879405346417092,0.04129077029840389,1.309004693534089,1.4837982702086974,1.3818829771399752,4.994,18.0,121.97569914037807,0.994,False,False,0.026976395905584902,14367,fragmented,2498,3724,2.981585268214572,38.68529969899228,0.0011940669876710339,0.1739903134458361,0.013337632589256354,0.9833743901783871,0.9925793411235037,1.3574660633484164,931,classic,1.0,0.3,0.3,False,n/a,n/a,n/a,n/a,n/a,n/a,n/a,n/a,n/a,n/a,n/a,n/a,n/a,n/a,n/a,n/a,n/a,n/a,n/a
PM9_full_N500,S2,1166802640,500,False,snowdrift,4.0,3.0,0.0,2.0,True,0.01,0.5,100,5,30,0.1,100000,0.1082,0.05840000000000001,0.5338,0.08879999999999999,0.07199999999999998,0.0788,0.06000000000000001,0.7876649678092912,0.05112809315866084,1.227286000397241,1.3656312769263854,1.285621171092621,5.0,20.52,95.13405097150151,1.0,False,True,0.01601822087288514,14052,baseline,2498,4655,3.7269815852682147,37.43657979976443,0.0014925837345887924,0.08077171329913706,0.011936993938619469,0.9754250238801475,0.9887614422325356,1.350210970464135,0,classic,1.0,0.3,0.3,False,n/a,n/a,n/a,n/a,n/a,n/a,n/a,n/a,n/a,n/a,n/a,n/a,n/a,n/a,n/a,n/a,n/a,n/a,n/a
PM9_full_N500,S2,1166802640,500,False,snowdrift,4.0,3.0,0.0,2.0,True,0.01,0.5,100,5,30,0.1,100000,0.13240000000000002,0.052599999999999994,0.4708,0.13140000000000002,0.10300000000000001,0.06120000000000001,0.04859999999999999,0.640370935498318,0.06077681626081707,1.1276177086139667,1.295622731148216,1.2079299640769194,5.0,20.84,91.82501797022601,1.0,False,True,-0.0004418417673646891,13885,connected,2498,4675,3.7429943955164133,34.66803265279414,0.001498996554071451,0.13343219023766525,0.011794734171038289,0.9821944651952481,0.9854285617076555,1.3783783783783783,0,classic,1.0,0.3,0.3,False,n/a,n/a,n/a,n/a,n/a,n/a,n/a,n/a,n/a,n/a,n/a,n/a,n/a,n/a,n/a,n/a,n/a,n/a,n/a
PM9_full_N500,S2,433399445,500,False,snowdrift,4.0,3.0,0.0,2.0,True,0.01,0.5,100,0,30,0.1,100000,0.1106,0.049199999999999994,0.4196000000000001,0.10400000000000001,0.087,0.13600000000000004,0.09359999999999999,0.563949824389723,0.02297270763793442,1.3174903174927965,1.3611680844832317,1.4017634174178797,18.668,18.668,116.47241544759592,0.0,False,True,0.007912236448946711,14220,fragmented,2498,3724,2.981585268214572,39.27187213715482,0.0011940669876710339,0.08280516737807833,0.013033405581144212,0.9865468755862669,0.9865468755862669,1.3476394849785407,931,classic,1.0,0.3,0.3,False,n/a,n/a,n/a,n/a,n/a,n/a,n/a,n/a,n/a,n/a,n/a,n/a,n/a,n/a,n/a,n/a,n/a,n/a,n/a
PM9_full_N500,S2,1166802640,500,False,snowdrift,4.0,3.0,0.0,2.0,True,0.01,0.5,100,15,30,0.1,100000,0.12880000000000003,0.06460000000000002,0.4098,0.12420000000000002,0.09079999999999998,0.09439999999999998,0.08739999999999999,0.5838847438002042,0.05428716387620497,1.230573847381096,1.259159941509837,1.337853619949583,14.04,17.836,124.70644591889273,0.662,False,True,-0.018422492889965152,14113,fragmented,2498,3724,2.981585268214572,38.68529969899228,0.0011940669876710339,0.1739903134458361,0.013337632589256354,0.9932134373896034,0.9936329933630558,1.4672897196261683,931,classic,1.0,0.3,0.3,False,n/a,n/a,n/a,n/a,n/a,n/a,n/a,n/a,n/a,n/a,n/a,n/a,n/a,n/a,n/a,n/a,n/a,n/a,n/a
PM9_full_N500,S2,433399445,500,False,snowdrift,4.0,3.0,0.0,2.0,True,0.01,0.5,100,5,30,0.1,100000,0.1246,0.07419999999999999,0.3924000000000001,0.131,0.11540000000000002,0.1026,0.059800000000000006,0.570273296917082,0.01977587343441002,1.2598515090261584,1.508528084726756,1.359757369829074,5.0,18.412,119.82938365385631,0.998,False,True,-0.007006175224701814,13999,fragmented,2498,3724,2.981585268214572,39.27187213715482,0.0011940669876710339,0.08280516737807833,0.013033405581144212,0.9881498430845296,0.9940982450347287,1.3504273504273505,931,classic,1.0,0.3,0.3,False,n/a,n/a,n/a,n/a,n/a,n/a,n/a,n/a,n/a,n/a,n/a,n/a,n/a,n/a,n/a,n/a,n/a,n/a,n/a
PM9_full_N500,S2,433399445,500,False,snowdrift,4.0,3.0,0.0,2.0,True,0.01,0.5,100,5,30,2.0,100000,0.04939999999999999,0.03740000000000001,0.7322,0.0346,0.045599999999999995,0.059800000000000006,0.040999999999999995,0.8477464340335958,0.17582417582417584,0.90404562283354,0.9191754730149821,0.9033587360629993,5.0,230.64,10.305421460684956,1.0,False,True,0.013158830235322041,25194,connected,2498,4675,3.7429943955164133,34.545155248004185,0.001498996554071451,0.10824194854546515,0.011816442438528205,0.7797885218096213,0.9256327722583667,5.545271629778672,0,classic,1.0,0.3,0.3,False,n/a,n/a,n/a,n/a,n/a,n/a,n/a,n/a,n/a,n/a,n/a,n/a,n/a,n/a,n/a,n/a,n/a,n/a,n/a
PM9_full_N500,S2,798359651,500,False,snowdrift,4.0,3.0,0.0,2.0,True,0.01,0.5,100,5,30,0.1,100000,0.17019999999999996,0.07120000000000001,0.3924000000000001,0.08379999999999999,0.12160000000000001,0.0836,0.07719999999999999,0.5793925088322436,0.04032114183764496,1.2134094719448771,1.4905837932814017,1.3673023025059963,5.0,18.22,119.26547270398152,1.0,False,True,-0.01988384913539581,13981,fragmented,2498,3724,2.981585268214572,39.06609900536579,0.0011940669876710339,0.13327563273822754,0.01309257925630318,0.9853116063348244,0.9876257565231491,1.3411764705882352,931,classic,1.0,0.3,0.3,False,n/a,n/a,n/a,n/a,n/a,n/a,n/a,n/a,n/a,n/a,n/a,n/a,n/a,n/a,n/a,n/a,n/a,n/a,n/a
PM9_full_N500,S2,798359651,500,False,snowdrift,4.0,3.0,0.0,2.0,True,0.01,0.5,100,5,30,0.1,100000,0.11760000000000001,0.06939999999999999,0.44700000000000006,0.13540000000000002,0.08259999999999999,0.0684,0.07959999999999999,0.716315415577599,0.039621882542236524,1.328713385377977,1.3361752327072414,1.3618365401169277,5.0,21.156,92.28018248260595,1.0,False,True,0.015365965463864786,14459,connected,2498,4675,3.7429943955164133,34.81513416099319,0.001498996554071451,0.08036874546424227,0.011910535791314424,0.9818805296337276,0.9833828352826168,1.4375,0,classic,1.0,0.3,0.3,False,n/a,n/a,n/a,n/a,n/a,n/a,n/a,n/a,n/a,n/a,n/a,n/a,n/a,n/a,n/a,n/a,n/a,n/a,n/a
PM9_full_N500,S2,1210865934,500,False,PD_classic,9.0,5.0,1.0,0.0,True,0.0,0.5,100,5,30,0.1,100000,0.0,0.0,1.0,0.0,0.0,0.0,0.0,1.0,0.0,1.3502834198735836,0.0,1.3502834198735836,5.0,17.856,118.40181695019521,0.998,True,True,0.002248069792282099,1274,fragmented,2498,3724,2.981585268214572,39.5235203180212,0.0011940669876710339,0.10685881178326238,0.013234114370144347,0.9868817909046841,0.9891724413651657,1.3706896551724137,931,classic,1.0,0.3,0.3,False,n/a,n/a,n/a,n/a,n/a,n/a,n/a,n/a,n/a,n/a,n/a,n/a,n/a,n/a,n/a,n/a,n/a,n/a,n/a
PM9_full_N500,S2,1210865934,500,False,PD_classic,9.0,5.0,1.0,0.0,True,0.0,0.5,100,0,30,0.1,100000,0.0,0.0,1.0,0.0,0.0,0.0,0.0,1.0,0.0,1.2141268316154592,0.0,1.2141268316154592,21.196,21.196,92.2325801763943,0.0,True,True,0.000216000864003456,1014,connected,2498,4675,3.7429943955164133,34.6293597042272,0.001498996554071451,0.08699016997823777,0.011847088187786313,0.9894902208738454,0.9894902208738454,1.346938775510204,0,classic,1.0,0.3,0.3,False,n/a,n/a,n/a,n/a,n/a,n/a,n/a,n/a,n/a,n/a,n/a,n/a,n/a,n/a,n/a,n/a,n/a,n/a,n/a
PM9_full_N500,S2,1210865934,500,False,PD_classic,9.0,5.0,1.0,0.0,True,0.0,0.5,100,0,30,0.1,100000,0.0,0.0,1.0,0.0,0.0,0.0,0.0,1.0,0.0,1.3433999365234348,0.0,1.3433999365234348,17.82,17.82,121.75104287908052,0.0,True,True,0.001992315169273128,1269,fragmented,2498,3724,2.981585268214572,39.5235203180212,0.0011940669876710339,0.10685881178326238,0.013234114370144347,0.9858327385854629,0.9858327385854629,1.375,931,classic,1.0,0.3,0.3,False,n/a,n/a,n/a,n/a,n/a,n/a,n/a,n/a,n/a,n/a,n/a,n/a,n/a,n/a,n/a,n/a,n/a,n/a,n/a
PM9_full_N500,S2,1210865934,500,False,PD_classic,9.0,5.0,1.0,0.0,True,0.0,0.5,100,15,30,2.0,100000,0.0,0.0,1.0,0.0,0.0,0.0,0.0,1.0,0.0,1.0631849445179085,0.0,1.0631849445179085,15.0,236.384,10.054876480220415,1.0,True,True,0.0,951,baseline,2498,4655,3.7269815852682147,37.43657979976443,0.0014925837345887924,0.08077171329913706,0.011936993938619469,0.8277871550560775,0.929817354652548,5.745454545454545,0,classic,1.0,0.3,0.3,False,n/a,n/a,n/a,n/a,n/a,n/a,n/a,n/a,n/a,n/a,n/a,n/a,n/a,n/a,n/a,n/a,n/a,n/a,n/a
PM9_full_N500,S2,1210865934,500,False,PD_classic,9.0,5.0,1.0,0.0,True,0.0,0.5,100,15,30,0.1,100000,0.0,0.0,1.0,0.0,0.0,0.0,0.0,1.0,0.0,1.3434052666874376,0.0,1.3434052666874376,14.124,17.82,121.75104287908052,0.656,True,True,0.001992315169273128,1269,fragmented,2498,3724,2.981585268214572,39.5235203180212,0.0011940669876710339,0.10685881178326238,0.013234114370144347,0.985272702743169,0.9858327385854629,1.375,931,classic,1.0,0.3,0.3,False,n/a,n/a,n/a,n/a,n/a,n/a,n/a,n/a,n/a,n/a,n/a,n/a,n/a,n/a,n/a,n/a,n/a,n/a,n/a
PM9_full_N500,S2,1210865934,500,False,PD_classic,9.0,5.0,1.0,0.0,True,0.0,0.5,100,15,30,0.1,100000,0.0,0.0,1.0,0.0,0.0,0.0,0.0,1.0,0.0,1.2141268316154592,0.0,1.2141268316154592,14.752,21.196,92.2325801763943,0.856,True,True,0.000216000864003456,1014,connected,2498,4675,3.7429943955164133,34.6293597042272,0.001498996554071451,0.08699016997823777,0.011847088187786313,0.9894902208738454,0.9894902208738454,1.346938775510204,0,classic,1.0,0.3,0.3,False,n/a,n/a,n/a,n/a,n/a,n/a,n/a,n/a,n/a,n/a,n/a,n/a,n/a,n/a,n/a,n/a,n/a,n/a,n/a
PM9_full_N500,S2,1210865934,500,False,PD_classic,9.0,5.0,1.0,0.0,True,0.01,0.5,100,5,30,0.1,100000,0.06120000000000001,0.05740000000000001,0.671,0.0716,0.0678,0.03300000000000001,0.03799999999999999,0.8443819519721225,0.013828689370485037,1.6594098783280449,1.7113036642123258,1.717101950646888,5.0,21.088,90.6973664873662,1.0,False,True,-0.008461877047506726,10512,baseline,2498,4655,3.7269815852682147,37.43657979976443,0.0014925837345887924,0.08077171329913706,0.011936993938619469,0.9813603939482576,0.985875519490992,1.319672131147541,0,classic,1.0,0.3,0.3,False,n/a,n/a,n/a,n/a,n/a,n/a,n/a,n/a,n/a,n/a,n/a,n/a,n/a,n/a,n/a,n/a,n/a,n/a,n/a
PM9_full_N500,S2,1210865934,500,False,PD_classic,9.0,5.0,1.0,0.0,True,0.01,0.5,100,0,30,2.0,100000,0.0184,0.008999999999999998,0.8538,0.06040000000000001,0.0372,0.011400000000000002,0.0098,0.9658887447554726,0.04548483838720427,1.2535929939451118,1.2430093698831224,1.2542978639567615,233.872,233.872,10.256061959431417,0.0,False,True,-0.005451276205104821,12994,connected,2498,4675,3.7429943955164133,34.6293597042272,0.001498996554071451,0.08699016997823777,0.011847088187786313,0.927632870908846,0.927632870908846,5.556,0,classic,1.0,0.3,0.3,False,n/a,n/a,n/a,n/a,n/a,n/a,n/a,n/a,n/a,n/a,n/a,n/a,n/a,n/a,n/a,n/a,n/a,n/a,n/a
PM9_full_N500,S2,1210865934,500,False,PD_classic,9.0,5.0,1.0,0.0,True,0.01,0.5,100,5,30,2.0,100000,0.0196,0.005200000000000001,0.9366,0.0156,0.007400000000000001,0.009200000000000002,0.006400000000000001,0.975143631377587,0.04004614370468029,1.2444770984141706,1.2530200094508497,1.2443913190394105,5.0,232.36,10.200940892196536,1.0,False,True,0.0008706178824737272,10446,connected,2498,4675,3.7429943955164133,34.6293597042272,0.001498996554071451,0.08699016997823777,0.011847088187786313,0.7692967803670818,0.9154948863619329,5.826961770623742,0,classic,1.0,0.3,0.3,False,n/a,n/a,n/a,n/a,n/a,n/a,n/a,n/a,n/a,n/a,n/a,n/a,n/a,n/a,n/a,n/a,n/a,n/a,n/a
PM9_full_N500,S2,1210865934,500,False,weak_PD,1.6,1.0,0.0,0.0,True,0.0,0.5,100,5,30,0.1,100000,0.0,0.0,1.0,0.0,0.0,0.0,0.0,1.0,0.0,0.13725926853455853,0.0,0.13725926853455853,5.0,21.56,91.80584408948752,1.0,True,True,0.01738042792169191,2874,baseline,2498,4655,3.7269815852682147,37.43657979976443,0.0014925837345887924,0.08077171329913706,0.011936993938619469,0.9779345963800993,0.9840559054797506,1.3153153153153154,0,classic,1.0,0.3,0.3,False,n/a,n/a,n/a,n/a,n/a,n/a,n/a,n/a,n/a,n/a,n/a,n/a,n/a,n/a,n/a,n/a,n/a,n/a,n/a
PM9_full_N500,S2,1210865934,500,False,PD_classic,9.0,5.0,1.0,0.0,True,0.01,0.5,100,15,30,2.0,100000,0.022999999999999996,0.011399999999999999,0.9046,0.017000000000000005,0.024999999999999998,0.0073999999999999995,0.0116,0.9683744071414484,0.04951340276592112,1.246387402286065,1.2636137439703894,1.2464586956232575,15.0,231.724,10.25391742808829,1.0,False,True,-0.0008491041964138559,11088,connected,2498,4675,3.7429943955164133,34.6293597042272,0.001498996554071451,0.08699016997823777,0.011847088187786313,0.8180581747818126,0.9215168070431919,5.586345381526105,0,classic,1.0,0.3,0.3,False,n/a,n/a,n/a,n/a,n/a,n/a,n/a,n/a,n/a,n/a,n/a,n/a,n/a,n/a,n/a,n/a,n/a,n/a,n/a
PM9_full_N500,S2,1210865934,500,False,weak_PD,1.6,1.0,0.0,0.0,True,0.0,0.5,100,5,30,0.1,100000,0.0,0.0,0.998,0.0020000000000000005,0.0,0.0,0.0,0.9997118772432415,0.00044732721986132855,0.1771044209790191,0.0,0.17689356274155155,5.0,18.332,118.64888906543386,0.998,False,False,0.026233890535542367,2670,fragmented,2498,3724,2.981585268214572,39.5235203180212,0.0011940669876710339,0.10685881178326238,0.013234114370144347,0.985610916809032,0.9898055096776859,1.262672811059908,931,classic,1.0,0.3,0.3,False,n/a,n/a,n/a,n/a,n/a,n/a,n/a,n/a,n/a,n/a,n/a,n/a,n/a,n/a,n/a,n/a,n/a,n/a,n/a
PM9_full_N500,S2,1210865934,500,False,weak_PD,1.6,1.0,0.0,0.0,True,0.0,0.5,100,5,30,0.1,100000,0.0,0.0,0.994,0.0,0.0,0.005999999999999999,0.0,1.0,0.0,0.14788252788374476,0.0,0.1483311260074538,5.0,21.124,93.30664746301576,1.0,False,True,0.01566583226331294,2635,connected,2498,4675,3.7429943955164133,34.6293597042272,0.001498996554071451,0.08699016997823777,0.011847088187786313,0.9762296836520775,0.9831962829513285,1.2680851063829788,0,classic,1.0,0.3,0.3,False,n/a,n/a,n/a,n/a,n/a,n/a,n/a,n/a,n/a,n/a,n/a,n/a,n/a,n/a,n/a,n/a,n/a,n/a,n/a
PM9_full_N500,S2,1210865934,500,False,weak_PD,1.6,1.0,0.0,0.0,True,0.0,0.5,100,15,30,0.1,100000,0.0,0.0,1.0,0.0,0.0,0.0,0.0,1.0,0.0,0.14386490855769044,0.0,0.14386490855769044,14.792,21.184,92.58205731501268,0.884,True,True,0.01769177636709888,2631,connected,2498,4675,3.7429943955164133,34.6293597042272,0.001498996554071451,0.08699016997823777,0.011847088187786313,0.982123871606963,0.9849064539388771,1.244019138755981,0,classic,1.0,0.3,0.3,False,n/a,n/a,n/a,n/a,n/a,n/a,n/a,n/a,n/a,n/a,n/a,n/a,n/a,n/a,n/a,n/a,n/a,n/a,n/a
PM9_full_N500,S2,1210865934,500,False,weak_PD,1.6,1.0,0.0,0.0,True,0.0,0.5,100,15,30,2.0,100000,0.0,0.0,1.0,0.0,0.0,0.0,0.0,1.0,0.0,0.023410711745370856,0.0,0.023410711745370856,15.0,233.38,10.162287162254632,1.0,True,True,0.0,1551,baseline,2498,4655,3.7269815852682147,37.43657979976443,0.0014925837345887924,0.08077171329913706,0.011936993938619469,0.8085191674289994,0.9183188952918402,5.694779116465863,0,classic,1.0,0.3,0.3,False,n/a,n/a,n/a,n/a,n/a,n/a,n/a,n/a,n/a,n/a,n/a,n/a,n/a,n/a,n/a,n/a,n/a,n/a,n/a
PM9_full_N500,S2,1210865934,500,False,weak_PD,1.6,1.0,0.0,0.0,True,0.01,0.5,100,0,30,2.0,100000,0.08919999999999997,0.011799999999999996,0.7255999999999999,0.0758,0.0354,0.044199999999999996,0.018,0.9238599631175249,0.09533213644524237,0.11853772856825828,0.12112078110181562,0.11917933023454637,232.364,232.364,10.248266484131008,0.0,False,True,-0.008617829671321981,19456,connected,2498,4675,3.7429943955164133,34.6293597042272,0.001498996554071451,0.08699016997823777,0.011847088187786313,0.9184875115166917,0.9184875115166917,5.402805611222445,0,classic,1.0,0.3,0.3,False,n/a,n/a,n/a,n/a,n/a,n/a,n/a,n/a,n/a,n/a,n/a,n/a,n/a,n/a,n/a,n/a,n/a,n/a,n/a
PM9_full_N500,S2,1210865934,500,False,weak_PD,1.6,1.0,0.0,0.0,True,0.01,0.5,100,5,30,2.0,100000,0.033400000000000006,0.0156,0.8767999999999999,0.018,0.020599999999999997,0.018000000000000006,0.017599999999999998,0.9489299957080786,0.07881028398588473,0.10482593407068222,0.0984553464273913,0.10470865156006184,5.0,235.38,10.076404448649065,1.0,False,True,-0.0012994131976571852,15269,baseline,2498,4655,3.7269815852682147,37.43657979976443,0.0014925837345887924,0.08077171329913706,0.011936993938619469,0.7766754134604729,0.9145143729330635,5.629032258064516,0,classic,1.0,0.3,0.3,False,n/a,n/a,n/a,n/a,n/a,n/a,n/a,n/a,n/a,n/a,n/a,n/a,n/a,n/a,n/a,n/a,n/a,n/a,n/a
PM9_full_N500,S2,1210865934,500,False,weak_PD,1.6,1.0,0.0,0.0,True,0.01,0.5,100,15,30,0.1,100000,0.1076,0.04859999999999999,0.42460000000000003,0.11720000000000001,0.09519999999999998,0.1296,0.07719999999999999,0.609586186795416,0.04055238930293731,0.3870989476108576,0.41550791863235526,0.40258369459170495,14.074,17.476,120.29115285721248,0.64,False,True,-0.0117488917955648,13988,fragmented,2498,3724,2.981585268214572,39.5235203180212,0.0011940669876710339,0.10685881178326238,0.013234114370144347,0.9860105411799366,0.9862111584638872,1.2592592592592593,931,classic,1.0,0.3,0.3,False,n/a,n/a,n/a,n/a,n/a,n/a,n/a,n/a,n/a,n/a,n/a,n/a,n/a,n/a,n/a,n/a,n/a,n/a,n/a
PM9_full_N500,S2,1210865934,500,False,weak_PD,1.6,1.0,0.0,0.0,True,0.01,0.5,100,15,30,2.0,100000,0.03300000000000001,0.012,0.8642,0.030400000000000003,0.0134,0.024799999999999996,0.022199999999999998,0.9522939024677474,0.07278699861687414,0.10558221707950649,0.09962537308163068,0.10550386170773808,15.0,232.344,10.19691454219985,1.0,False,True,0.0029451477805900236,16073,baseline,2498,4655,3.7269815852682147,37.43657979976443,0.0014925837345887924,0.08077171329913706,0.011936993938619469,0.8063453064512995,0.9148534054427667,5.791164658634538,0,classic,1.0,0.3,0.3,False,n/a,n/a,n/a,n/a,n/a,n/a,n/a,n/a,n/a,n/a,n/a,n/a,n/a,n/a,n/a,n/a,n/a,n/a,n/a
PM9_full_N500,S2,1210865934,500,False,weak_PD,1.6,1.0,0.0,0.0,True,0.01,0.5,100,15,30,0.1,100000,0.1596,0.06799999999999999,0.40659999999999996,0.08579999999999997,0.0794,0.11780000000000002,0.08279999999999997,0.5635158140952068,0.0596671388101983,0.3609406985879186,0.42817776572291993,0.4027060820689889,14.782,21.308,94.01323676190474,0.878,False,False,-0.025509990039959247,14255,connected,2498,4675,3.7429943955164133,34.6293597042272,0.001498996554071451,0.08699016997823777,0.011847088187786313,0.9887157109123307,0.9896949008045639,1.4416666666666667,0,classic,1.0,0.3,0.3,False,n/a,n/a,n/a,n/a,n/a,n/a,n/a,n/a,n/a,n/a,n/a,n/a,n/a,n/a,n/a,n/a,n/a,n/a,n/a
PM9_full_N500,S2,1210865934,500,False,snowdrift,4.0,3.0,0.0,2.0,True,0.0,0.5,100,0,30,0.1,100000,0.0128,0.0,0.9372,0.03799999999999999,0.0,0.011999999999999999,0.0,0.983997710460329,0.0014764817549040286,0.6609457552638255,1.965405060193575,0.7223043278926337,18.044,18.044,120.31697100248124,0.0,False,False,0.03814207576830527,3301,fragmented,2498,3724,2.981585268214572,39.5235203180212,0.0011940669876710339,0.10685881178326238,0.013234114370144347,0.9870718710093035,0.9870718710093035,1.3333333333333333,931,classic,1.0,0.3,0.3,False,n/a,n/a,n/a,n/a,n/a,n/a,n/a,n/a,n/a,n/a,n/a,n/a,n/a,n/a,n/a,n/a,n/a,n/a,n/a
PM9_full_N500,S2,1210865934,500,False,snowdrift,4.0,3.0,0.0,2.0,True,0.0,0.5,100,15,30,0.1,100000,0.0,0.0,0.9876000000000001,0.012399999999999998,0.0,0.0,0.0,0.9939226577065788,0.0007922360863537334,0.38142801689919426,0.0,0.3923891897440261,14.794,21.268,91.49594959781497,0.862,False,True,0.0003149004595791332,2459,baseline,2498,4655,3.7269815852682147,37.43657979976443,0.0014925837345887924,0.08077171329913706,0.011936993938619469,0.9789849543306572,0.9819670040147073,1.3711790393013101,0,classic,1.0,0.3,0.3,False,n/a,n/a,n/a,n/a,n/a,n/a,n/a,n/a,n/a,n/a,n/a,n/a,n/a,n/a,n/a,n/a,n/a,n/a,n/a
PM9_full_N500,S2,1210865934,500,False,snowdrift,4.0,3.0,0.0,2.0,True,0.0,0.5,100,15,30,0.1,100000,0.010199999999999999,0.0,0.9491999999999999,0.039999999999999994,0.0,0.0006000000000000001,0.0,0.9880950824802277,0.00035855145213338117,0.6596800859866115,1.793477869710517,0.7248960828288001,14.088,17.98,121.44059260246792,0.69,False,False,0.03819352237408437,3305,fragmented,2498,3724,2.981585268214572,39.5235203180212,0.0011940669876710339,0.10685881178326238,0.013234114370144347,0.9888732621201274,0.9889978106317726,1.3548387096774193,931,classic,1.0,0.3,0.3,False,n/a,n/a,n/a,n/a,n/a,n/a,n/a,n/a,n/a,n/a,n/a,n/a,n/a,n/a,n/a,n/a,n/a,n/a,n/a
PM9_full_N500,S2,1210865934,500,False,snowdrift,4.0,3.0,0.0,2.0,True,0.0,0.5,100,0,30,2.0,100000,0.0,0.0,1.0,0.0,0.0,0.0,0.0,1.0,0.0,0.17172880729246578,0.0,0.17172880729246578,232.892,232.892,10.227773621267355,0.0,True,True,0.0,3742,baseline,2498,4655,3.7269815852682147,37.43657979976443,0.0014925837345887924,0.08077171329913706,0.011936993938619469,0.9290445923034434,0.9290445923034434,5.592668024439918,0,classic,1.0,0.3,0.3,False,n/a,n/a,n/a,n/a,n/a,n/a,n/a,n/a,n/a,n/a,n/a,n/a,n/a,n/a,n/a,n/a,n/a,n/a,n/a
PM9_full_N500,S2,1210865934,500,False,snowdrift,4.0,3.0,0.0,2.0,True,0.01,0.5,100,0,30,0.1,100000,0.1024,0.0384,0.4348000000000001,0.09499999999999999,0.13079999999999997,0.127,0.07159999999999998,0.6083842887383988,0.06093924711144241,1.2492330732109242,1.2862001510860785,1.3043499738491702,20.624,20.624,93.47968230349325,0.0,False,True,-0.013763987855953255,14058,baseline,2498,4655,3.7269815852682147,37.43657979976443,0.0014925837345887924,0.08077171329913706,0.011936993938619469,0.9886092562469295,0.9886092562469295,1.3957446808510638,0,classic,1.0,0.3,0.3,False,n/a,n/a,n/a,n/a,n/a,n/a,n/a,n/a,n/a,n/a,n/a,n/a,n/a,n/a,n/a,n/a,n/a,n/a,n/a
PM9_full_N500,S2,1210865934,500,False,snowdrift,4.0,3.0,0.0,2.0,True,0.0,0.5,100,15,30,2.0,100000,0.0,0.0,1.0,0.0,0.0,0.0,0.0,1.0,0.0,0.18258118794288006,0.0,0.18258118794288006,15.0,231.668,10.262563200306735,1.0,True,True,0.0,4081,connected,2498,4675,3.7429943955164133,34.6293597042272,0.001498996554071451,0.08699016997823777,0.011847088187786313,0.8127409603887171,0.9191513142842385,5.621730382293762,0,classic,1.0,0.3,0.3,False,n/a,n/a,n/a,n/a,n/a,n/a,n/a,n/a,n/a,n/a,n/a,n/a,n/a,n/a,n/a,n/a,n/a,n/a,n/a
PM9_full_N500,S2,1210865934,500,False,snowdrift,4.0,3.0,0.0,2.0,True,0.01,0.5,100,0,30,2.0,100000,0.19459999999999997,0.06080000000000001,0.41240000000000004,0.1096,0.07499999999999998,0.09499999999999999,0.0526,0.6609578973419084,0.1671607378129117,1.0443076104789624,1.044486517516102,1.04333018532238,188.62,188.62,13.626590993243777,0.0,False,False,-0.04735898623594641,29920,fragmented,2498,3724,2.981585268214572,39.5235203180212,0.0011940669876710339,0.10685881178326238,0.013234114370144347,0.935017018450554,0.935017018450554,5.0,931,classic,1.0,0.3,0.3,False,n/a,n/a,n/a,n/a,n/a,n/a,n/a,n/a,n/a,n/a,n/a,n/a,n/a,n/a,n/a,n/a,n/a,n/a,n/a
PM9_full_N500,S2,1210865934,500,False,snowdrift,4.0,3.0,0.0,2.0,True,0.01,0.5,100,5,30,2.0,100000,0.0522,0.0186,0.7706000000000001,0.030200000000000005,0.05620000000000001,0.039999999999999994,0.03219999999999999,0.8875948815981796,0.11511299435028248,0.7927443640659753,0.8121257392411732,0.7973523868811189,5.0,230.728,10.286677011886438,1.0,False,True,0.007133356533425035,23297,baseline,2498,4655,3.7269815852682147,37.43657979976443,0.0014925837345887924,0.08077171329913706,0.011936993938619469,0.7753465829321275,0.9199561968141325,5.509054325955734,0,classic,1.0,0.3,0.3,False,n/a,n/a,n/a,n/a,n/a,n/a,n/a,n/a,n/a,n/a,n/a,n/a,n/a,n/a,n/a,n/a,n/a,n/a,n/a
PM9_full_N500,S2,1210865934,500,False,snowdrift,4.0,3.0,0.0,2.0,True,0.01,0.5,100,5,30,2.0,100000,0.0852,0.040999999999999995,0.6506,0.07579999999999999,0.05219999999999999,0.05500000000000001,0.0402,0.7953113957955665,0.14267854352242537,0.9175563852066595,0.9582139270497304,0.922698081279354,5.0,189.188,13.574943218818877,1.0,False,True,-0.015309046836186979,25980,fragmented,2498,3724,2.981585268214572,39.5235203180212,0.0011940669876710339,0.10685881178326238,0.013234114370144347,0.8188214925829294,0.9344840621200163,5.114688128772636,931,classic,1.0,0.3,0.3,False,n/a,n/a,n/a,n/a,n/a,n/a,n/a,n/a,n/a,n/a,n/a,n/a,n/a,n/a,n/a,n/a,n/a,n/a,n/a
PM9_full_N500,S2,1210865934,500,False,snowdrift,4.0,3.0,0.0,2.0,True,0.01,0.5,100,5,30,0.1,100000,0.14500000000000002,0.05419999999999999,0.45000000000000007,0.10540000000000001,0.08579999999999997,0.09159999999999999,0.06800000000000002,0.6365384434681673,0.04154002026342452,1.1166093132807584,1.199958118720853,1.1788591385955953,5.0,20.516,93.54110071501368,1.0,False,True,-0.006869528278110915,13747,connected,2498,4675,3.7429943955164133,34.6293597042272,0.001498996554071451,0.08699016997823777,0.011847088187786313,0.9682687475683133,0.9852154073830437,1.280701754385965,0,classic,1.0,0.3,0.3,False,n/a,n/a,n/a,n/a,n/a,n/a,n/a,n/a,n/a,n/a,n/a,n/a,n/a,n/a,n/a,n/a,n/a,n/a,n/a
PM9_full_N500,S2,1210865934,500,False,snowdrift,4.0,3.0,0.0,2.0,True,0.01,0.5,100,15,30,2.0,100000,0.05600000000000001,0.0316,0.6682000000000001,0.06860000000000001,0.0744,0.06300000000000001,0.0382,0.8169341829106699,0.13046887251058492,1.0214891393178607,1.002573706067188,1.029466719484334,15.0,187.912,13.703935987611233,1.0,False,False,0.025703910815642897,28397,fragmented,2498,3724,2.981585268214572,39.5235203180212,0.0011940669876710339,0.10685881178326238,0.013234114370144347,0.8648993024397271,0.934078346498428,4.862903225806452,931,classic,1.0,0.3,0.3,False,n/a,n/a,n/a,n/a,n/a,n/a,n/a,n/a,n/a,n/a,n/a,n/a,n/a,n/a,n/a,n/a,n/a,n/a,n/a
PM9_full_N500,S2,381425458,500,False,PD_classic,9.0,5.0,1.0,0.0,True,0.0,0.5,100,5,30,2.0,100000,0.0,0.0,1.0,0.0,0.0,0.0,0.0,1.0,0.0,1.0553042566657915,0.0,1.0553042566657915,5.0,189.724,13.716912169050156,1.0,True,True,0.0,973,fragmented,2498,3724,2.981585268214572,38.393379466038475,0.0011940669876710339,0.09412734935967365,0.013037719718097033,0.8238167918358784,0.9383247552856188,4.876767676767677,931,classic,1.0,0.3,0.3,False,n/a,n/a,n/a,n/a,n/a,n/a,n/a,n/a,n/a,n/a,n/a,n/a,n/a,n/a,n/a,n/a,n/a,n/a,n/a
PM9_full_N500,S2,381425458,500,False,PD_classic,9.0,5.0,1.0,0.0,True,0.0,0.5,100,15,30,0.1,100000,0.0,0.0,1.0,0.0,0.0,0.0,0.0,1.0,0.0,1.2989148894425266,0.0,1.2989148894425266,14.71,20.556,92.01971542807217,0.85,True,True,0.0,1200,baseline,2498,4655,3.7269815852682147,37.43657979976443,0.0014925837345887924,0.08077171329913706,0.011936993938619469,0.9792132698948357,0.9806343007363258,1.2727272727272727,0,classic,1.0,0.3,0.3,False,n/a,n/a,n/a,n/a,n/a,n/a,n/a,n/a,n/a,n/a,n/a,n/a,n/a,n/a,n/a,n/a,n/a,n/a,n/a
PM9_full_N500,S2,381425458,500,False,PD_classic,9.0,5.0,1.0,0.0,True,0.0,0.5,100,15,30,2.0,100000,0.0,0.0,1.0,0.0,0.0,0.0,0.0,1.0,0.0,1.0549419593197376,0.0,1.0549419593197376,15.0,194.296,13.338155924449797,1.0,True,True,0.0,994,fragmented,2498,3724,2.981585268214572,38.393379466038475,0.0011940669876710339,0.09412734935967365,0.013037719718097033,0.8594033762545301,0.9424760734145055,5.326612903225806,931,classic,1.0,0.3,0.3,False,n/a,n/a,n/a,n/a,n/a,n/a,n/a,n/a,n/a,n/a,n/a,n/a,n/a,n/a,n/a,n/a,n/a,n/a,n/a
PM9_full_N500,S2,381425458,500,False,PD_classic,9.0,5.0,1.0,0.0,True,0.01,0.5,100,0,30,0.1,100000,0.0788,0.057600000000000005,0.6289999999999999,0.07659999999999999,0.05940000000000001,0.054799999999999995,0.04379999999999999,0.8869476950607744,0.034698406294129513,1.7296414375107607,1.8459850159820492,1.7938428268705242,20.744,20.744,95.35823973804006,0.0,False,True,-0.006095208380833523,10741,connected,2498,4675,3.7429943955164133,34.56955895825154,0.001498996554071451,0.09776629271489577,0.011842829931772441,0.9890381974361913,0.9890381974361913,1.2964426877470356,0,classic,1.0,0.3,0.3,False,n/a,n/a,n/a,n/a,n/a,n/a,n/a,n/a,n/a,n/a,n/a,n/a,n/a,n/a,n/a,n/a,n/a,n/a,n/a
PM9_full_N500,S2,381425458,500,False,PD_classic,9.0,5.0,1.0,0.0,True,0.0,0.5,100,15,30,2.0,100000,0.0,0.0,1.0,0.0,0.0,0.0,0.0,1.0,0.0,1.0640846648849627,0.0,1.0640846648849627,15.0,230.948,10.30953542421902,1.0,True,True,0.0,971,connected,2498,4675,3.7429943955164133,34.56955895825154,0.001498996554071451,0.09776629271489577,0.011842829931772441,0.8066743115797937,0.9209269907697009,5.498989898989899,0,classic,1.0,0.3,0.3,False,n/a,n/a,n/a,n/a,n/a,n/a,n/a,n/a,n/a,n/a,n/a,n/a,n/a,n/a,n/a,n/a,n/a,n/a,n/a
PM9_full_N500,S2,381425458,500,False,PD_classic,9.0,5.0,1.0,0.0,True,0.01,0.5,100,5,30,2.0,100000,0.0118,0.011,0.9276000000000002,0.011999999999999999,0.017199999999999997,0.0156,0.0048000000000000004,0.9757386924194897,0.04354561101549053,1.2425194172629768,1.2449693906045525,1.2412096176743823,5.0,235.664,10.053727200228975,1.0,False,True,-0.0009495781983113284,10436,baseline,2498,4655,3.7269815852682147,37.43657979976443,0.0014925837345887924,0.08077171329913706,0.011936993938619469,0.781612752893283,0.92262014667616,5.531062124248497,0,classic,1.0,0.3,0.3,False,n/a,n/a,n/a,n/a,n/a,n/a,n/a,n/a,n/a,n/a,n/a,n/a,n/a,n/a,n/a,n/a,n/a,n/a,n/a
PM9_full_N500,S2,381425458,500,False,PD_classic,9.0,5.0,1.0,0.0,True,0.01,0.5,100,5,30,0.1,100000,0.0754,0.05519999999999999,0.5776,0.072,0.07419999999999999,0.08199999999999999,0.06360000000000002,0.8606749568662749,0.01940978411566647,1.7829780902218022,1.8102449431512353,1.80457688139437,5.0,20.828,95.85834282015196,0.998,False,True,-0.018946184584732847,10730,connected,2498,4675,3.7429943955164133,34.56955895825154,0.001498996554071451,0.09776629271489577,0.011842829931772441,0.9821948697425306,0.9856807413430043,1.3333333333333333,0,classic,1.0,0.3,0.3,False,n/a,n/a,n/a,n/a,n/a,n/a,n/a,n/a,n/a,n/a,n/a,n/a,n/a,n/a,n/a,n/a,n/a,n/a,n/a
PM9_full_N500,S2,381425458,500,False,PD_classic,9.0,5.0,1.0,0.0,True,0.01,0.5,100,15,30,0.1,100000,0.09539999999999998,0.06060000000000001,0.6016,0.0754,0.06080000000000001,0.05920000000000001,0.04699999999999999,0.8922703768929304,0.02506265664160401,1.757274820526462,1.7628273782325194,1.8098573777573026,14.724,20.912,96.13794213397993,0.868,False,True,-0.008802659210633912,10698,connected,2498,4675,3.7429943955164133,34.56955895825154,0.001498996554071451,0.09776629271489577,0.011842829931772441,0.981137347421912,0.9863600419485117,1.3971291866028708,0,classic,1.0,0.3,0.3,False,n/a,n/a,n/a,n/a,n/a,n/a,n/a,n/a,n/a,n/a,n/a,n/a,n/a,n/a,n/a,n/a,n/a,n/a,n/a
PM9_full_N500,S2,381425458,500,False,weak_PD,1.6,1.0,0.0,0.0,True,0.0,0.5,100,0,30,2.0,100000,0.0,0.0,1.0,0.0,0.0,0.0,0.0,1.0,0.0,0.029837616346841615,0.0,0.029837616346841615,234.24,234.24,10.21681873841806,0.0,True,True,0.0,2047,baseline,2498,4655,3.7269815852682147,37.43657979976443,0.0014925837345887924,0.08077171329913706,0.011936993938619469,0.9229151539488251,0.9229151539488251,5.62020202020202,0,classic,1.0,0.3,0.3,False,n/a,n/a,n/a,n/a,n/a,n/a,n/a,n/a,n/a,n/a,n/a,n/a,n/a,n/a,n/a,n/a,n/a,n/a,n/a
PM9_full_N500,S2,381425458,500,False,weak_PD,1.6,1.0,0.0,0.0,True,0.0,0.5,100,5,30,0.1,100000,0.021999999999999995,0.0,0.978,0.0,0.0,0.0,0.0,0.9790189390926842,0.002694056238423977,0.15161160110197341,0.18538841197406927,0.15235469094115947,4.998,18.0,122.89957376929011,0.998,False,True,0.014695316381270654,2630,fragmented,2498,3724,2.981585268214572,38.393379466038475,0.0011940669876710339,0.09412734935967365,0.013037719718097033,0.9892512292595071,0.9922272507236232,1.264367816091954,931,classic,1.0,0.3,0.3,False,n/a,n/a,n/a,n/a,n/a,n/a,n/a,n/a,n/a,n/a,n/a,n/a,n/a,n/a,n/a,n/a,n/a,n/a,n/a
PM9_full_N500,S2,381425458,500,False,weak_PD,1.6,1.0,0.0,0.0,True,0.0,0.5,100,15,30,0.1,100000,0.0038000000000000004,0.0,0.992,0.004200000000000001,0.0,0.0,0.0,0.9988131742093062,0.002340425531914894,0.1418649253378358,0.7289484048838124,0.14288311991918137,14.772,20.392,95.93095339641454,0.866,False,True,0.016769020676064395,2974,baseline,2498,4655,3.7269815852682147,37.43657979976443,0.0014925837345887924,0.08077171329913706,0.011936993938619469,0.9785165996901392,0.9799464471912179,1.2905982905982907,0,classic,1.0,0.3,0.3,False,n/a,n/a,n/a,n/a,n/a,n/a,n/a,n/a,n/a,n/a,n/a,n/a,n/a,n/a,n/a,n/a,n/a,n/a,n/a
PM9_full_N500,S2,381425458,500,False,weak_PD,1.6,1.0,0.0,0.0,True,0.0,0.5,100,5,30,2.0,100000,0.0,0.0,1.0,0.0,0.0,0.0,0.0,1.0,0.0,0.027432288084513937,0.0,0.027432288084513937,5.0,231.796,10.234404073713392,1.0,True,True,0.0,1942,connected,2498,4675,3.7429943955164133,34.56955895825154,0.001498996554071451,0.09776629271489577,0.011842829931772441,0.79183230525949,0.9237418317403258,5.44466800804829,0,classic,1.0,0.3,0.3,False,n/a,n/a,n/a,n/a,n/a,n/a,n/a,n/a,n/a,n/a,n/a,n/a,n/a,n/a,n/a,n/a,n/a,n/a,n/a
PM9_full_N500,S2,381425458,500,False,weak_PD,1.6,1.0,0.0,0.0,True,0.0,0.5,100,15,30,2.0,100000,0.0,0.0,1.0,0.0,0.0,0.0,0.0,1.0,0.0,0.035473512641444334,0.0,0.035473512641444334,15.0,192.116,13.576752679227736,1.0,True,True,0.0,2446,fragmented,2498,3724,2.981585268214572,38.393379466038475,0.0011940669876710339,0.09412734935967365,0.013037719718097033,0.8701425504792887,0.9461562813602651,5.163636363636364,931,classic,1.0,0.3,0.3,False,n/a,n/a,n/a,n/a,n/a,n/a,n/a,n/a,n/a,n/a,n/a,n/a,n/a,n/a,n/a,n/a,n/a,n/a,n/a
PM9_full_N500,S2,381425458,500,False,weak_PD,1.6,1.0,0.0,0.0,True,0.0,0.5,100,15,30,0.1,100000,0.0,0.0,1.0,0.0,0.0,0.0,0.0,1.0,0.0,0.10534477620384156,0.0,0.10534477620384156,14.79,21.544,90.82762518937436,0.88,True,True,0.011375968703865294,2303,connected,2498,4675,3.7429943955164133,34.56955895825154,0.001498996554071451,0.09776629271489577,0.011842829931772441,0.983705027821471,0.989475478084381,1.2850678733031675,0,classic,1.0,0.3,0.3,False,n/a,n/a,n/a,n/a,n/a,n/a,n/a,n/a,n/a,n/a,n/a,n/a,n/a,n/a,n/a,n/a,n/a,n/a,n/a
PM9_full_N500,S2,381425458,500,False,weak_PD,1.6,1.0,0.0,0.0,True,0.01,0.5,100,0,30,2.0,100000,0.04759999999999999,0.0156,0.7622,0.08219999999999997,0.0534,0.017999999999999995,0.020999999999999994,0.9301672413418981,0.06751549673312113,0.1295707130464046,0.14299991414634242,0.13083913776732442,191.16,191.16,13.53929265729869,0.0,False,True,0.006875278701118833,21642,fragmented,2498,3724,2.981585268214572,38.393379466038475,0.0011940669876710339,0.09412734935967365,0.013037719718097033,0.9261614577870704,0.9261614577870704,5.0242914979757085,931,classic,1.0,0.3,0.3,False,n/a,n/a,n/a,n/a,n/a,n/a,n/a,n/a,n/a,n/a,n/a,n/a,n/a,n/a,n/a,n/a,n/a,n/a,n/a
PM9_full_N500,S2,381425458,500,False,weak_PD,1.6,1.0,0.0,0.0,True,0.01,0.5,100,0,30,2.0,100000,0.11259999999999999,0.024799999999999996,0.6486,0.1056,0.05700000000000001,0.0464,0.005,0.8771886084047145,0.11559322033898305,0.12926455766626987,0.13380867099767538,0.13085528397979343,229.492,229.492,10.403060518591523,0.0,False,True,-0.01777419269676859,20187,connected,2498,4675,3.7429943955164133,34.56955895825154,0.001498996554071451,0.09776629271489577,0.011842829931772441,0.9256592282495698,0.9256592282495698,5.547094188376754,0,classic,1.0,0.3,0.3,False,n/a,n/a,n/a,n/a,n/a,n/a,n/a,n/a,n/a,n/a,n/a,n/a,n/a,n/a,n/a,n/a,n/a,n/a,n/a
PM9_full_N500,S2,381425458,500,False,weak_PD,1.6,1.0,0.0,0.0,True,0.01,0.5,100,5,30,0.1,100000,0.1366,0.04539999999999999,0.49380000000000007,0.086,0.06660000000000002,0.09519999999999998,0.0764,0.7244756846490439,0.019021269237420025,0.41086740610302225,0.4705605505913629,0.4343266179117028,5.0,21.348,92.58351677700142,1.0,False,False,0.020295306781226943,13884,baseline,2498,4655,3.7269815852682147,37.43657979976443,0.0014925837345887924,0.08077171329913706,0.011936993938619469,0.9786641057972238,0.9814979690836997,1.4444444444444444,0,classic,1.0,0.3,0.3,False,n/a,n/a,n/a,n/a,n/a,n/a,n/a,n/a,n/a,n/a,n/a,n/a,n/a,n/a,n/a,n/a,n/a,n/a,n/a
PM9_full_N500,S2,381425458,500,False,weak_PD,1.6,1.0,0.0,0.0,True,0.01,0.5,100,5,30,0.1,100000,0.0818,0.047799999999999995,0.4244,0.15019999999999997,0.11939999999999999,0.1042,0.07220000000000001,0.6151007695042902,0.054914881933003847,0.38089246261445003,0.42559510214584756,0.39773437278529944,5.0,18.032,118.5440988132479,1.0,False,True,0.007496535586145824,14105,fragmented,2498,3724,2.981585268214572,38.393379466038475,0.0011940669876710339,0.09412734935967365,0.013037719718097033,0.975273468305679,0.9839549076544167,1.4377880184331797,931,classic,1.0,0.3,0.3,False,n/a,n/a,n/a,n/a,n/a,n/a,n/a,n/a,n/a,n/a,n/a,n/a,n/a,n/a,n/a,n/a,n/a,n/a,n/a
PM9_full_N500,S2,381425458,500,False,weak_PD,1.6,1.0,0.0,0.0,True,0.01,0.5,100,15,30,2.0,100000,0.0368,0.022399999999999996,0.8203999999999999,0.04379999999999999,0.0256,0.04059999999999999,0.0104,0.9233518697258539,0.08948168158028026,0.1095878996221893,0.1107687570974893,0.10986668698922213,15.0,231.208,10.34132256246121,1.0,False,True,-0.004359809439234827,16126,baseline,2498,4655,3.7269815852682147,37.43657979976443,0.0014925837345887924,0.08077171329913706,0.011936993938619469,0.8274084625226685,0.9244667207611201,5.465587044534413,0,classic,1.0,0.3,0.3,False,n/a,n/a,n/a,n/a,n/a,n/a,n/a,n/a,n/a,n/a,n/a,n/a,n/a,n/a,n/a,n/a,n/a,n/a,n/a
PM9_full_N500,S2,381425458,500,False,weak_PD,1.6,1.0,0.0,0.0,True,0.01,0.5,100,15,30,2.0,100000,0.037599999999999995,0.0116,0.8038000000000001,0.073,0.0366,0.027000000000000003,0.0104,0.9272340529946085,0.08862955369815487,0.12107765760754491,0.11740602835833296,0.12103746324562013,15.0,193.416,13.475244674016544,1.0,False,True,-0.005321800487199019,19026,fragmented,2498,3724,2.981585268214572,38.393379466038475,0.0011940669876710339,0.09412734935967365,0.013037719718097033,0.8637842497749404,0.9383117988353559,5.056224899598393,931,classic,1.0,0.3,0.3,False,n/a,n/a,n/a,n/a,n/a,n/a,n/a,n/a,n/a,n/a,n/a,n/a,n/a,n/a,n/a,n/a,n/a,n/a,n/a
PM9_full_N500,S2,381425458,500,False,snowdrift,4.0,3.0,0.0,2.0,True,0.0,0.5,100,0,30,2.0,100000,0.0,0.0,1.0,0.0,0.0,0.0,0.0,1.0,0.0,0.22656018053437843,0.0,0.22656018053437843,231.556,231.556,10.256098225720025,0.0,True,True,0.0044542162168656,5716,baseline,2498,4655,3.7269815852682147,37.43657979976443,0.0014925837345887924,0.08077171329913706,0.011936993938619469,0.9246097001368481,0.9246097001368481,5.375,0,classic,1.0,0.3,0.3,False,n/a,n/a,n/a,n/a,n/a,n/a,n/a,n/a,n/a,n/a,n/a,n/a,n/a,n/a,n/a,n/a,n/a,n/a,n/a
PM9_full_N500,S2,381425458,500,False,snowdrift,4.0,3.0,0.0,2.0,True,0.0,0.5,100,0,30,2.0,100000,0.0,0.0,1.0,0.0,0.0,0.0,0.0,1.0,0.0,0.3609225669349957,0.0,0.3609225669349957,195.108,195.108,13.32001225577428,0.0,True,True,0.01028190032760424,7496,fragmented,2498,3724,2.981585268214572,38.393379466038475,0.0011940669876710339,0.09412734935967365,0.013037719718097033,0.9372195157995017,0.9372195157995017,5.3199195171026155,931,classic,1.0,0.3,0.3,False,n/a,n/a,n/a,n/a,n/a,n/a,n/a,n/a,n/a,n/a,n/a,n/a,n/a,n/a,n/a,n/a,n/a,n/a,n/a
PM9_full_N500,S2,381425458,500,False,snowdrift,4.0,3.0,0.0,2.0,True,0.0,0.5,100,0,30,0.1,100000,0.0030000000000000005,0.0,0.9969999999999999,0.0,0.0,0.0,0.0,0.9998876404494382,0.00021496130696474635,0.414442489894659,0.20020222446916078,0.414014009363808,21.544,21.544,90.78464141632885,0.0,False,True,0.009396546386200926,2693,connected,2498,4675,3.7429943955164133,34.56955895825154,0.001498996554071451,0.09776629271489577,0.011842829931772441,0.9784306075724386,0.9784306075724386,1.4337899543378996,0,classic,1.0,0.3,0.3,False,n/a,n/a,n/a,n/a,n/a,n/a,n/a,n/a,n/a,n/a,n/a,n/a,n/a,n/a,n/a,n/a,n/a,n/a,n/a
PM9_full_N500,S2,381425458,500,False,snowdrift,4.0,3.0,0.0,2.0,True,0.0,0.5,100,5,30,2.0,100000,0.0,0.0,1.0,0.0,0.0,0.0,0.0,1.0,0.0,0.16921543871820932,0.0,0.16921543871820932,5.0,230.62,10.356539828454022,1.0,True,True,0.0,3040,connected,2498,4675,3.7429943955164133,34.56955895825154,0.001498996554071451,0.09776629271489577,0.011842829931772441,0.7664493752702175,0.9178875797934017,5.573440643863179,0,classic,1.0,0.3,0.3,False,n/a,n/a,n/a,n/a,n/a,n/a,n/a,n/a,n/a,n/a,n/a,n/a,n/a,n/a,n/a,n/a,n/a,n/a,n/a
PM9_full_N500,S2,381425458,500,False,snowdrift,4.0,3.0,0.0,2.0,True,0.0,0.5,100,15,30,0.1,100000,0.0030000000000000005,0.0,0.9969999999999999,0.0,0.0,0.0,0.0,0.9998876404494382,0.00021496130696474635,0.4144476566677534,0.20020222446916078,0.41401916580335624,14.776,21.544,90.78464141632885,0.866,False,True,0.009396546386200926,2693,connected,2498,4675,3.7429943955164133,34.56955895825154,0.001498996554071451,0.09776629271489577,0.011842829931772441,0.9769102889587318,0.9784306075724386,1.4337899543378996,0,classic,1.0,0.3,0.3,False,n/a,n/a,n/a,n/a,n/a,n/a,n/a,n/a,n/a,n/a,n/a,n/a,n/a,n/a,n/a,n/a,n/a,n/a,n/a
PM9_full_N500,S2,381425458,500,False,snowdrift,4.0,3.0,0.0,2.0,True,0.0,0.5,100,15,30,2.0,100000,0.0,0.0,1.0,0.0,0.0,0.0,0.0,1.0,0.0,0.27366492376386004,0.0,0.27366492376386004,15.0,191.856,13.505336989765398,1.0,True,True,6.154584618338474e-05,5102,fragmented,2498,3724,2.981585268214572,38.393379466038475,0.0011940669876710339,0.09412734935967365,0.013037719718097033,0.8540894821455909,0.9325272021564854,5.526315789473684,931,classic,1.0,0.3,0.3,False,n/a,n/a,n/a,n/a,n/a,n/a,n/a,n/a,n/a,n/a,n/a,n/a,n/a,n/a,n/a,n/a,n/a,n/a,n/a
PM9_full_N500,S2,381425458,500,False,snowdrift,4.0,3.0,0.0,2.0,True,0.01,0.5,100,0,30,0.1,100000,0.10400000000000001,0.06180000000000001,0.3988,0.14659999999999998,0.1082,0.1092,0.07139999999999999,0.5417374395284552,0.044260271557044616,1.270833972053948,1.1880340783246512,1.396403914007714,17.66,17.66,122.11663870665902,0.0,False,True,0.003950655802627422,14020,fragmented,2498,3724,2.981585268214572,38.393379466038475,0.0011940669876710339,0.09412734935967365,0.013037719718097033,0.9895108191276237,0.9895108191276237,1.4814814814814814,931,classic,1.0,0.3,0.3,False,n/a,n/a,n/a,n/a,n/a,n/a,n/a,n/a,n/a,n/a,n/a,n/a,n/a,n/a,n/a,n/a,n/a,n/a,n/a
PM9_full_N500,S2,381425458,500,False,snowdrift,4.0,3.0,0.0,2.0,True,0.01,0.5,100,5,30,0.1,100000,0.15719999999999998,0.06440000000000001,0.45,0.11380000000000001,0.0798,0.0774,0.05740000000000001,0.6473880796143953,0.04028633261195272,1.3332378530366717,1.4751311393204019,1.3875670695953048,5.0,17.932,119.64019098417089,1.0,False,True,0.01599356797427446,14424,fragmented,2498,3724,2.981585268214572,38.393379466038475,0.0011940669876710339,0.09412734935967365,0.013037719718097033,0.9769437270643448,0.9803835145322458,1.4396551724137931,931,classic,1.0,0.3,0.3,False,n/a,n/a,n/a,n/a,n/a,n/a,n/a,n/a,n/a,n/a,n/a,n/a,n/a,n/a,n/a,n/a,n/a,n/a,n/a
PM9_full_N500,S2,381425458,500,False,snowdrift,4.0,3.0,0.0,2.0,True,0.01,0.5,100,15,30,0.1,100000,0.16419999999999998,0.08559999999999998,0.41240000000000004,0.09499999999999999,0.08879999999999998,0.08199999999999999,0.07200000000000002,0.559927552620514,0.045651389390111874,1.2704830510893912,1.419935275033536,1.3874145216280356,14.232,17.872,121.14805286123178,0.644,False,True,-0.012017030468119675,14151,fragmented,2498,3724,2.981585268214572,38.393379466038475,0.0011940669876710339,0.09412734935967365,0.013037719718097033,0.9856854833763247,0.9860510736796742,1.3692946058091287,931,classic,1.0,0.3,0.3,False,n/a,n/a,n/a,n/a,n/a,n/a,n/a,n/a,n/a,n/a,n/a,n/a,n/a,n/a,n/a,n/a,n/a,n/a,n/a
PM9_full_N500,S2,381425458,500,False,snowdrift,4.0,3.0,0.0,2.0,True,0.01,0.5,100,5,30,2.0,100000,0.06100000000000001,0.023799999999999995,0.6836,0.05920000000000001,0.07039999999999999,0.05920000000000001,0.04279999999999999,0.7998500382315045,0.1579931442817077,0.838399728927528,0.8597783346213866,0.8421445985692436,5.0,231.772,10.221262449675333,1.0,False,False,-0.025224456097826226,23544,connected,2498,4675,3.7429943955164133,34.56955895825154,0.001498996554071451,0.09776629271489577,0.011842829931772441,0.7685018377254224,0.9295673303563755,6.076458752515091,0,classic,1.0,0.3,0.3,False,n/a,n/a,n/a,n/a,n/a,n/a,n/a,n/a,n/a,n/a,n/a,n/a,n/a,n/a,n/a,n/a,n/a,n/a,n/a
PM9_full_N500,S2,475630065,500,False,PD_classic,9.0,5.0,1.0,0.0,True,0.0,0.5,100,15,30,2.0,100000,0.0,0.0,1.0,0.0,0.0,0.0,0.0,1.0,0.0,1.067314307662876,0.0,1.067314307662876,15.0,233.2,10.183838107328052,1.0,True,True,0.0,967,baseline,2498,4655,3.7269815852682147,37.43657979976443,0.0014925837345887924,0.08077171329913706,0.011936993938619469,0.8176346774238725,0.9265599948743265,5.439516129032258,0,classic,1.0,0.3,0.3,False,n/a,n/a,n/a,n/a,n/a,n/a,n/a,n/a,n/a,n/a,n/a,n/a,n/a,n/a,n/a,n/a,n/a,n/a,n/a
PM9_full_N500,S2,475630065,500,False,PD_classic,9.0,5.0,1.0,0.0,True,0.0,0.5,100,15,30,0.1,100000,0.0,0.0,1.0,0.0,0.0,0.0,0.0,1.0,0.0,1.3082485200810852,0.0,1.3082485200810852,14.124,17.62,121.8960187531041,0.65,True,True,0.00024869859479437916,1235,fragmented,2498,3724,2.981585268214572,38.84233902630546,0.0011940669876710339,0.1107662487752422,0.01330569014528957,0.9892718901773447,0.9897307496216097,1.346938775510204,931,classic,1.0,0.3,0.3,False,n/a,n/a,n/a,n/a,n/a,n/a,n/a,n/a,n/a,n/a,n/a,n/a,n/a,n/a,n/a,n/a,n/a,n/a,n/a
PM9_full_N500,S2,475630065,500,False,PD_classic,9.0,5.0,1.0,0.0,True,0.0,0.5,100,15,30,0.1,100000,0.0,0.0,1.0,0.0,0.0,0.0,0.0,1.0,0.0,1.2860739522099267,0.0,1.2860739522099267,14.75,20.688,94.17798752089858,0.85,True,True,0.0,1204,connected,2498,4675,3.7429943955164133,34.617765181258996,0.001498996554071451,0.08534366914141805,0.011830709163410108,0.9849767269651707,0.9859800985909486,1.3080568720379147,0,classic,1.0,0.3,0.3,False,n/a,n/a,n/a,n/a,n/a,n/a,n/a,n/a,n/a,n/a,n/a,n/a,n/a,n/a,n/a,n/a,n/a,n/a,n/a
PM9_full_N500,S2,475630065,500,False,PD_classic,9.0,5.0,1.0,0.0,True,0.01,0.5,100,0,30,2.0,100000,0.039400000000000004,0.0078,0.8896000000000001,0.017200000000000003,0.0226,0.016,0.007400000000000001,0.973701848749313,0.040019681810726584,1.2542812696121322,1.2547903514026066,1.2547844720535775,232.312,232.312,10.171619559023407,0.0,False,True,-0.0011885135540531176,13099,connected,2498,4675,3.7429943955164133,34.617765181258996,0.001498996554071451,0.08534366914141805,0.011830709163410108,0.924137016036548,0.924137016036548,5.708,0,classic,1.0,0.3,0.3,False,n/a,n/a,n/a,n/a,n/a,n/a,n/a,n/a,n/a,n/a,n/a,n/a,n/a,n/a,n/a,n/a,n/a,n/a,n/a
PM9_full_N500,S2,475630065,500,False,PD_classic,9.0,5.0,1.0,0.0,True,0.01,0.5,100,5,30,0.1,100000,0.09999999999999999,0.04859999999999999,0.6418,0.0828,0.039799999999999995,0.043399999999999994,0.04359999999999999,0.8409518561525273,0.04661487236403995,1.8200037221147969,1.75373477620113,1.7911134379349618,5.0,21.296,91.53595899927882,1.0,False,True,0.0029892695570782283,11124,baseline,2498,4655,3.7269815852682147,37.43657979976443,0.0014925837345887924,0.08077171329913706,0.011936993938619469,0.960646194366387,0.9630815895044441,1.2651162790697674,0,classic,1.0,0.3,0.3,False,n/a,n/a,n/a,n/a,n/a,n/a,n/a,n/a,n/a,n/a,n/a,n/a,n/a,n/a,n/a,n/a,n/a,n/a,n/a
PM9_full_N500,S2,475630065,500,False,PD_classic,9.0,5.0,1.0,0.0,True,0.01,0.5,100,5,30,2.0,100000,0.006199999999999999,0.007600000000000001,0.9346,0.013399999999999999,0.013000000000000001,0.0094,0.0158,0.9681146292530544,0.051113089937666965,1.2305837376370388,1.1454820159644419,1.2295597256733801,5.0,231.308,10.357704341561748,1.0,False,True,0.0030573914295642535,10142,connected,2498,4675,3.7429943955164133,34.617765181258996,0.001498996554071451,0.08534366914141805,0.011830709163410108,0.771416213255379,0.9185991734328249,5.479838709677419,0,classic,1.0,0.3,0.3,False,n/a,n/a,n/a,n/a,n/a,n/a,n/a,n/a,n/a,n/a,n/a,n/a,n/a,n/a,n/a,n/a,n/a,n/a,n/a
PM9_full_N500,S2,475630065,500,False,PD_classic,9.0,5.0,1.0,0.0,True,0.01,0.5,100,15,30,0.1,100000,0.08279999999999998,0.03319999999999999,0.6176,0.07139999999999999,0.06020000000000001,0.0526,0.08219999999999998,0.7816154827324585,0.02707244212098581,1.8367439914252779,2.1816436061014657,1.9131894852814733,14.164,17.596,121.35044400470328,0.652,False,True,-0.00808219552878468,11090,fragmented,2498,3724,2.981585268214572,38.84233902630546,0.0011940669876710339,0.1107662487752422,0.01330569014528957,0.9903779071006492,0.9903779071006492,1.2857142857142858,931,classic,1.0,0.3,0.3,False,n/a,n/a,n/a,n/a,n/a,n/a,n/a,n/a,n/a,n/a,n/a,n/a,n/a,n/a,n/a,n/a,n/a,n/a,n/a
PM9_full_N500,S2,475630065,500,False,weak_PD,1.6,1.0,0.0,0.0,True,0.0,0.5,100,0,30,0.1,100000,0.019999999999999997,0.0,0.962,0.017999999999999995,0.0,0.0,0.0,0.9830859366429516,0.0051813471502590676,0.1819477971340221,0.19929368405731868,0.18975421937800602,20.392,20.392,94.79728865520258,0.0,False,False,0.029283534734141865,3364,baseline,2498,4655,3.7269815852682147,37.43657979976443,0.0014925837345887924,0.08077171329913706,0.011936993938619469,0.9729654550545929,0.9729654550545929,1.2897196261682242,0,classic,1.0,0.3,0.3,False,n/a,n/a,n/a,n/a,n/a,n/a,n/a,n/a,n/a,n/a,n/a,n/a,n/a,n/a,n/a,n/a,n/a,n/a,n/a
PM9_full_N500,S2,475630065,500,False,PD_classic,9.0,5.0,1.0,0.0,True,0.01,0.5,100,15,30,2.0,100000,0.0182,0.0048000000000000004,0.8963999999999999,0.025,0.022799999999999994,0.0208,0.012000000000000002,0.9692106025225545,0.04810882548108825,1.2494496121666812,1.2455568273360933,1.2502716293944465,15.0,233.724,10.18958471752282,1.0,False,True,-0.0013489589958345185,10968,connected,2498,4675,3.7429943955164133,34.617765181258996,0.001498996554071451,0.08534366914141805,0.011830709163410108,0.8155317844683572,0.9176008726657047,5.69939879759519,0,classic,1.0,0.3,0.3,False,n/a,n/a,n/a,n/a,n/a,n/a,n/a,n/a,n/a,n/a,n/a,n/a,n/a,n/a,n/a,n/a,n/a,n/a,n/a
PM9_full_N500,S2,475630065,500,False,weak_PD,1.6,1.0,0.0,0.0,True,0.0,0.5,100,0,30,0.1,100000,0.0020000000000000005,0.0,0.998,0.0,0.0,0.0,0.0,1.0,0.0,0.132444662073217,0.8871419053964023,0.1339540565598634,20.96,20.96,92.67672647534938,0.0,False,True,0.0072216096864343516,2801,connected,2498,4675,3.7429943955164133,34.617765181258996,0.001498996554071451,0.08534366914141805,0.011830709163410108,0.9873838265197059,0.9873838265197059,1.3242009132420092,0,classic,1.0,0.3,0.3,False,n/a,n/a,n/a,n/a,n/a,n/a,n/a,n/a,n/a,n/a,n/a,n/a,n/a,n/a,n/a,n/a,n/a,n/a,n/a
PM9_full_N500,S2,475630065,500,False,weak_PD,1.6,1.0,0.0,0.0,True,0.0,0.5,100,0,30,2.0,100000,0.0,0.0,1.0,0.0,0.0,0.0,0.0,1.0,0.0,0.030048254070527143,0.0,0.030048254070527143,188.12,188.12,13.724713237527531,0.0,True,True,0.0,2366,fragmented,2498,3724,2.981585268214572,38.84233902630546,0.0011940669876710339,0.1107662487752422,0.01330569014528957,0.9397187287292073,0.9397187287292073,5.141129032258065,931,classic,1.0,0.3,0.3,False,n/a,n/a,n/a,n/a,n/a,n/a,n/a,n/a,n/a,n/a,n/a,n/a,n/a,n/a,n/a,n/a,n/a,n/a,n/a
PM9_full_N500,S2,475630065,500,False,weak_PD,1.6,1.0,0.0,0.0,True,0.0,0.5,100,15,30,0.1,100000,0.0,0.0,1.0,0.0,0.0,0.0,0.0,1.0,0.0,0.15828913761361715,0.0,0.15828913761361715,13.932,17.028,124.35129364805208,0.592,True,True,0.017880253921020814,2327,fragmented,2498,3724,2.981585268214572,38.84233902630546,0.0011940669876710339,0.1107662487752422,0.01330569014528957,0.9800563615885621,0.980755400798212,1.4112903225806452,931,classic,1.0,0.3,0.3,False,n/a,n/a,n/a,n/a,n/a,n/a,n/a,n/a,n/a,n/a,n/a,n/a,n/a,n/a,n/a,n/a,n/a,n/a,n/a
PM9_full_N500,S2,475630065,500,False,weak_PD,1.6,1.0,0.0,0.0,True,0.01,0.5,100,0,30,0.1,100000,0.1042,0.07959999999999998,0.344,0.15019999999999997,0.12940000000000002,0.11340000000000001,0.07919999999999999,0.5335154911326513,0.04645476772616137,0.4230882862307659,0.45928060012676486,0.44078949917393406,17.776,17.776,117.85597555415944,0.0,False,True,0.0018913323653283627,13706,fragmented,2498,3724,2.981585268214572,38.84233902630546,0.0011940669876710339,0.1107662487752422,0.01330569014528957,0.9896762635581587,0.9896762635581587,1.3702127659574468,931,classic,1.0,0.3,0.3,False,n/a,n/a,n/a,n/a,n/a,n/a,n/a,n/a,n/a,n/a,n/a,n/a,n/a,n/a,n/a,n/a,n/a,n/a,n/a
PM9_full_N500,S2,475630065,500,False,weak_PD,1.6,1.0,0.0,0.0,True,0.01,0.5,100,0,30,2.0,100000,0.0774,0.0174,0.7540000000000001,0.06500000000000002,0.030400000000000003,0.032200000000000006,0.023599999999999996,0.9317473557063473,0.07918406681657565,0.11014256848120021,0.10767633034100767,0.1095354583116363,233.996,233.996,10.222078554859474,0.0,False,True,-0.006751015804064315,18715,baseline,2498,4655,3.7269815852682147,37.43657979976443,0.0014925837345887924,0.08077171329913706,0.011936993938619469,0.9205719284320558,0.9205719284320558,5.629778672032193,0,classic,1.0,0.3,0.3,False,n/a,n/a,n/a,n/a,n/a,n/a,n/a,n/a,n/a,n/a,n/a,n/a,n/a,n/a,n/a,n/a,n/a,n/a,n/a
PM9_full_N500,S2,475630065,500,False,weak_PD,1.6,1.0,0.0,0.0,True,0.01,0.5,100,5,30,2.0,100000,0.029800000000000004,0.008200000000000002,0.8206,0.0354,0.045599999999999995,0.042399999999999986,0.018,0.932971863388917,0.08267518064190893,0.11420424741499952,0.11379943007209241,0.11455195983914201,5.0,191.984,13.550709772389354,1.0,False,True,0.0009885063540243176,17074,fragmented,2498,3724,2.981585268214572,38.84233902630546,0.0011940669876710339,0.1107662487752422,0.01330569014528957,0.8098613295738208,0.9331562235248541,5.082828282828283,931,classic,1.0,0.3,0.3,False,n/a,n/a,n/a,n/a,n/a,n/a,n/a,n/a,n/a,n/a,n/a,n/a,n/a,n/a,n/a,n/a,n/a,n/a,n/a
PM9_full_N500,S2,475630065,500,False,weak_PD,1.6,1.0,0.0,0.0,True,0.01,0.5,100,5,30,0.1,100000,0.1282,0.055600000000000004,0.48699999999999993,0.1126,0.0692,0.08159999999999998,0.06580000000000001,0.7171604788065585,0.07420831743609309,0.33112588858734504,0.38437432270648425,0.3600823462239388,5.0,21.328,93.09227102658815,1.0,False,True,0.005414162456651292,14215,connected,2498,4675,3.7429943955164133,34.617765181258996,0.001498996554071451,0.08534366914141805,0.011830709163410108,0.9685234529466391,0.9730632131207307,1.4248927038626609,0,classic,1.0,0.3,0.3,False,n/a,n/a,n/a,n/a,n/a,n/a,n/a,n/a,n/a,n/a,n/a,n/a,n/a,n/a,n/a,n/a,n/a,n/a,n/a
PM9_full_N500,S2,475630065,500,False,weak_PD,1.6,1.0,0.0,0.0,True,0.01,0.5,100,15,30,0.1,100000,0.1296,0.08259999999999999,0.35419999999999996,0.13440000000000002,0.09019999999999997,0.09299999999999999,0.11600000000000002,0.5067337806929413,0.042071197411003236,0.37465380826088274,0.4584408147018089,0.4181654553049378,14.236,18.084,118.4728966317481,0.684,False,False,-0.02138945195780893,13693,fragmented,2498,3724,2.981585268214572,38.84233902630546,0.0011940669876710339,0.1107662487752422,0.01330569014528957,0.9895436586066169,0.9900259458720752,1.3362068965517242,931,classic,1.0,0.3,0.3,False,n/a,n/a,n/a,n/a,n/a,n/a,n/a,n/a,n/a,n/a,n/a,n/a,n/a,n/a,n/a,n/a,n/a,n/a,n/a
PM9_full_N500,S2,475630065,500,False,snowdrift,4.0,3.0,0.0,2.0,True,0.0,0.5,100,0,30,0.1,100000,0.019999999999999997,0.0,0.978,0.0,0.0,0.0020000000000000005,0.0,1.0,0.0,0.4930040169640296,0.8308285093566389,0.5047744987779539,17.948,17.948,121.09501439402467,0.0,False,True,0.01556031824127443,2667,fragmented,2498,3724,2.981585268214572,38.84233902630546,0.0011940669876710339,0.1107662487752422,0.01330569014528957,0.9858834568736484,0.9858834568736484,1.3738317757009346,931,classic,1.0,0.3,0.3,False,n/a,n/a,n/a,n/a,n/a,n/a,n/a,n/a,n/a,n/a,n/a,n/a,n/a,n/a,n/a,n/a,n/a,n/a,n/a
PM9_full_N500,S2,475630065,500,False,snowdrift,4.0,3.0,0.0,2.0,True,0.0,0.5,100,5,30,0.1,100000,0.0,0.0,1.0,0.0,0.0,0.0,0.0,1.0,0.0,0.38165100677352215,0.0,0.38165100677352215,5.0,21.144,90.91036805699028,1.0,True,True,0.005076557906230892,2158,baseline,2498,4655,3.7269815852682147,37.43657979976443,0.0014925837345887924,0.08077171329913706,0.011936993938619469,0.9753093522051627,0.9865397188304385,1.3449781659388647,0,classic,1.0,0.3,0.3,False,n/a,n/a,n/a,n/a,n/a,n/a,n/a,n/a,n/a,n/a,n/a,n/a,n/a,n/a,n/a,n/a,n/a,n/a,n/a
PM9_full_N500,S2,475630065,500,False,snowdrift,4.0,3.0,0.0,2.0,True,0.0,0.5,100,0,30,2.0,100000,0.0,0.0,1.0,0.0,0.0,0.0,0.0,1.0,0.0,0.19876314493731947,0.0,0.19876314493731947,229.52,229.52,10.288993598326872,0.0,True,True,0.0,4208,connected,2498,4675,3.7429943955164133,34.617765181258996,0.001498996554071451,0.08534366914141805,0.011830709163410108,0.9208739789673829,0.9208739789673829,5.625754527162978,0,classic,1.0,0.3,0.3,False,n/a,n/a,n/a,n/a,n/a,n/a,n/a,n/a,n/a,n/a,n/a,n/a,n/a,n/a,n/a,n/a,n/a,n/a,n/a
PM9_full_N500,S2,475630065,500,False,snowdrift,4.0,3.0,0.0,2.0,True,0.0,0.5,100,5,30,0.1,100000,0.0,0.0,1.0,0.0,0.0,0.0,0.0,1.0,0.0,0.48343059251445775,0.0,0.48343059251445775,5.0,20.724,93.17411934535501,1.0,True,True,0.010929000516002063,2724,connected,2498,4675,3.7429943955164133,34.617765181258996,0.001498996554071451,0.08534366914141805,0.011830709163410108,0.9766210653907156,0.9824919963188172,1.3903743315508021,0,classic,1.0,0.3,0.3,False,n/a,n/a,n/a,n/a,n/a,n/a,n/a,n/a,n/a,n/a,n/a,n/a,n/a,n/a,n/a,n/a,n/a,n/a,n/a
PM9_full_N500,S2,475630065,500,False,snowdrift,4.0,3.0,0.0,2.0,True,0.0,0.5,100,15,30,0.1,100000,0.019999999999999997,0.0,0.978,0.0,0.0,0.0020000000000000005,0.0,1.0,0.0,0.4922459269787669,0.8440026233782106,0.5042965690527984,14.146,17.948,121.09501439402467,0.674,False,True,0.015579595118381938,2669,fragmented,2498,3724,2.981585268214572,38.84233902630546,0.0011940669876710339,0.1107662487752422,0.01330569014528957,0.9840646233094515,0.9858834568736484,1.3738317757009346,931,classic,1.0,0.3,0.3,False,n/a,n/a,n/a,n/a,n/a,n/a,n/a,n/a,n/a,n/a,n/a,n/a,n/a,n/a,n/a,n/a,n/a,n/a,n/a
PM9_full_N500,S2,475630065,500,False,snowdrift,4.0,3.0,0.0,2.0,True,0.0,0.5,100,15,30,2.0,100000,0.0,0.0,1.0,0.0,0.0,0.0,0.0,1.0,0.0,0.15663299648723794,0.0,0.15663299648723794,15.0,235.896,10.054610336577095,1.0,True,True,0.0,3045,connected,2498,4675,3.7429943955164133,34.617765181258996,0.001498996554071451,0.08534366914141805,0.011830709163410108,0.8080951112551215,0.9205836496151989,5.543086172344689,0,classic,1.0,0.3,0.3,False,n/a,n/a,n/a,n/a,n/a,n/a,n/a,n/a,n/a,n/a,n/a,n/a,n/a,n/a,n/a,n/a,n/a,n/a,n/a
PM9_full_N500,S2,475630065,500,False,snowdrift,4.0,3.0,0.0,2.0,True,0.01,0.5,100,0,30,2.0,100000,0.1262,0.04759999999999999,0.5626000000000001,0.07319999999999999,0.1038,0.05620000000000001,0.030400000000000003,0.7925509639858705,0.1447070249271609,1.110881885249357,1.1506557612787147,1.1337671466237003,186.924,186.924,13.94740908730768,0.0,False,False,0.03217222468889363,31116,fragmented,2498,3724,2.981585268214572,38.84233902630546,0.0011940669876710339,0.1107662487752422,0.01330569014528957,0.9358072266416347,0.9358072266416347,5.0894308943089435,931,classic,1.0,0.3,0.3,False,n/a,n/a,n/a,n/a,n/a,n/a,n/a,n/a,n/a,n/a,n/a,n/a,n/a,n/a,n/a,n/a,n/a,n/a,n/a
PM9_full_N500,S2,475630065,500,False,snowdrift,4.0,3.0,0.0,2.0,True,0.01,0.5,100,5,30,0.1,100000,0.1024,0.055200000000000006,0.4614000000000001,0.14619999999999997,0.08659999999999998,0.11000000000000001,0.0382,0.6753557706557045,0.04469606674612634,1.2595385023722092,1.279280919747768,1.3188080803813225,5.0,20.708,92.92619184251247,1.0,False,True,0.008508379633519633,14142,connected,2498,4675,3.7429943955164133,34.617765181258996,0.001498996554071451,0.08534366914141805,0.011830709163410108,0.97961742397961,0.9854186433945462,1.4410480349344978,0,classic,1.0,0.3,0.3,False,n/a,n/a,n/a,n/a,n/a,n/a,n/a,n/a,n/a,n/a,n/a,n/a,n/a,n/a,n/a,n/a,n/a,n/a,n/a
PM9_full_N500,S2,475630065,500,False,snowdrift,4.0,3.0,0.0,2.0,True,0.01,0.5,100,5,30,2.0,100000,0.042199999999999994,0.010200000000000004,0.6592,0.08559999999999998,0.0506,0.08279999999999998,0.06940000000000002,0.780140083395821,0.1442122186495177,0.9627637955544756,1.1238960078157976,0.9790873367579176,5.0,185.788,13.939682228456999,1.0,False,False,-0.03673546854187417,27330,fragmented,2498,3724,2.981585268214572,38.84233902630546,0.0011940669876710339,0.1107662487752422,0.01330569014528957,0.8144471742984088,0.9356522705370522,5.286290322580645,931,classic,1.0,0.3,0.3,False,n/a,n/a,n/a,n/a,n/a,n/a,n/a,n/a,n/a,n/a,n/a,n/a,n/a,n/a,n/a,n/a,n/a,n/a,n/a
PM9_full_N500,S2,228033215,500,False,PD_classic,9.0,5.0,1.0,0.0,True,0.01,0.5,100,0,30,0.1,100000,0.08699999999999998,0.06080000000000001,0.5793999999999999,0.06100000000000001,0.09159999999999999,0.06180000000000001,0.05840000000000001,0.8548713922181465,0.014492753623188406,1.9048337073164787,1.9551894233557015,1.9937428420592365,17.836,17.836,120.63759996282886,0.0,False,True,-0.0006234456937824089,11172,fragmented,2498,3724,2.981585268214572,38.220083267896875,0.0011940669876710339,0.09690636794923324,0.012991830162527055,0.9925387852291438,0.9925387852291438,1.3838862559241707,931,classic,1.0,0.3,0.3,False,n/a,n/a,n/a,n/a,n/a,n/a,n/a,n/a,n/a,n/a,n/a,n/a,n/a,n/a,n/a,n/a,n/a,n/a,n/a
PM9_full_N500,S2,475630065,500,False,snowdrift,4.0,3.0,0.0,2.0,True,0.01,0.5,100,15,30,2.0,100000,0.09819999999999998,0.0388,0.46180000000000004,0.1356,0.10819999999999999,0.09219999999999998,0.06520000000000001,0.656760304494993,0.14520842947238885,1.107279243852315,1.093579915825087,1.1149227928038414,15.0,186.904,13.91252054789136,1.0,False,False,-0.021253227412911486,30085,fragmented,2498,3724,2.981585268214572,38.84233902630546,0.0011940669876710339,0.1107662487752422,0.01330569014528957,0.8701513062514659,0.9409196316917139,5.069105691056911,931,classic,1.0,0.3,0.3,False,n/a,n/a,n/a,n/a,n/a,n/a,n/a,n/a,n/a,n/a,n/a,n/a,n/a,n/a,n/a,n/a,n/a,n/a,n/a
PM9_full_N500,S2,228033215,500,False,PD_classic,9.0,5.0,1.0,0.0,True,0.01,0.5,100,5,30,0.1,100000,0.09279999999999998,0.0364,0.6502,0.04399999999999999,0.0726,0.0628,0.0412,0.922006398475526,0.01842374616171955,1.827292238630264,1.9374594098840587,1.8957691606046048,5.0,18.644,118.88850189863228,0.998,False,True,0.0010428809715275482,11088,fragmented,2498,3724,2.981585268214572,38.220083267896875,0.0011940669876710339,0.09690636794923324,0.012991830162527055,0.9862539832130686,0.9897429384674722,1.5083333333333333,931,classic,1.0,0.3,0.3,False,n/a,n/a,n/a,n/a,n/a,n/a,n/a,n/a,n/a,n/a,n/a,n/a,n/a,n/a,n/a,n/a,n/a,n/a,n/a
PM9_full_N500,S2,228033215,500,False,PD_classic,9.0,5.0,1.0,0.0,True,0.01,0.5,100,5,30,2.0,100000,0.035199999999999995,0.011199999999999998,0.9069999999999998,0.008000000000000002,0.009400000000000002,0.018,0.011199999999999998,0.964388159687182,0.05563002680965148,1.2396016621956663,1.2430892270170681,1.2395438946418205,5.0,233.936,10.130358515200504,1.0,False,True,-0.002979208716836332,10262,baseline,2498,4655,3.7269815852682147,37.43657979976443,0.0014925837345887924,0.08077171329913706,0.011936993938619469,0.7917556769965249,0.9258526195633909,5.45271629778672,0,classic,1.0,0.3,0.3,False,n/a,n/a,n/a,n/a,n/a,n/a,n/a,n/a,n/a,n/a,n/a,n/a,n/a,n/a,n/a,n/a,n/a,n/a,n/a
PM9_full_N500,S2,228033215,500,False,PD_classic,9.0,5.0,1.0,0.0,True,0.01,0.5,100,15,30,0.1,100000,0.07859999999999998,0.0524,0.6386000000000001,0.038799999999999994,0.07719999999999999,0.0568,0.057600000000000005,0.8816317720393769,0.023737678535505933,1.7461608980418823,1.8473931183961074,1.7724823460991384,14.754,20.936,94.45063807983138,0.856,False,True,0.0006932763731080559,10982,baseline,2498,4655,3.7269815852682147,37.43657979976443,0.0014925837345887924,0.08077171329913706,0.011936993938619469,0.9876055523668427,0.9884042451773001,1.4222222222222223,0,classic,1.0,0.3,0.3,False,n/a,n/a,n/a,n/a,n/a,n/a,n/a,n/a,n/a,n/a,n/a,n/a,n/a,n/a,n/a,n/a,n/a,n/a,n/a
PM9_full_N500,S2,228033215,500,False,weak_PD,1.6,1.0,0.0,0.0,True,0.0,0.5,100,5,30,0.1,100000,0.0,0.0,1.0,0.0,0.0,0.0,0.0,1.0,0.0,0.13103268800975856,0.0,0.13103268800975856,5.0,21.344,93.09780911436226,1.0,True,True,0.010212732050931133,2659,connected,2498,4675,3.7429943955164133,34.43607266719016,0.001498996554071451,0.09208441962113664,0.01182878788680388,0.9780317315298374,0.9802001780037207,1.2863849765258215,0,classic,1.0,0.3,0.3,False,n/a,n/a,n/a,n/a,n/a,n/a,n/a,n/a,n/a,n/a,n/a,n/a,n/a,n/a,n/a,n/a,n/a,n/a,n/a
PM9_full_N500,S2,228033215,500,False,PD_classic,9.0,5.0,1.0,0.0,True,0.01,0.5,100,15,30,2.0,100000,0.036199999999999996,0.007200000000000001,0.8784000000000001,0.022999999999999996,0.026599999999999995,0.0222,0.006399999999999999,0.9599449663351975,0.05325633622072506,1.2405001842955685,1.2535996276880101,1.240910316864419,15.0,196.92,13.165221981611435,1.0,False,True,-0.0010688874755524656,11993,fragmented,2498,3724,2.981585268214572,38.220083267896875,0.0011940669876710339,0.09690636794923324,0.012991830162527055,0.8567340487352088,0.9372027791057835,4.979919678714859,931,classic,1.0,0.3,0.3,False,n/a,n/a,n/a,n/a,n/a,n/a,n/a,n/a,n/a,n/a,n/a,n/a,n/a,n/a,n/a,n/a,n/a,n/a,n/a
PM9_full_N500,S2,228033215,500,False,weak_PD,1.6,1.0,0.0,0.0,True,0.0,0.5,100,0,30,2.0,100000,0.0,0.0,1.0,0.0,0.0,0.0,0.0,1.0,0.0,0.02866974568408014,0.0,0.02866974568408014,192.348,192.348,13.469080597543618,0.0,True,True,0.0,2231,fragmented,2498,3724,2.981585268214572,38.220083267896875,0.0011940669876710339,0.09690636794923324,0.012991830162527055,0.9398510262527769,0.9398510262527769,5.362903225806452,931,classic,1.0,0.3,0.3,False,n/a,n/a,n/a,n/a,n/a,n/a,n/a,n/a,n/a,n/a,n/a,n/a,n/a,n/a,n/a,n/a,n/a,n/a,n/a
PM9_full_N500,S2,228033215,500,False,weak_PD,1.6,1.0,0.0,0.0,True,0.0,0.5,100,0,30,2.0,100000,0.0,0.0,1.0,0.0,0.0,0.0,0.0,1.0,0.0,0.028314196395386126,0.0,0.028314196395386126,233.828,233.828,10.23269064528018,0.0,True,True,0.0,2047,baseline,2498,4655,3.7269815852682147,37.43657979976443,0.0014925837345887924,0.08077171329913706,0.011936993938619469,0.9132852517665296,0.9132852517665296,5.615230460921843,0,classic,1.0,0.3,0.3,False,n/a,n/a,n/a,n/a,n/a,n/a,n/a,n/a,n/a,n/a,n/a,n/a,n/a,n/a,n/a,n/a,n/a,n/a,n/a
PM9_full_N500,S2,228033215,500,False,weak_PD,1.6,1.0,0.0,0.0,True,0.0,0.5,100,15,30,2.0,100000,0.0,0.0,1.0,0.0,0.0,0.0,0.0,1.0,0.0,0.03148290537822863,0.0,0.03148290537822863,15.0,230.128,10.2693839592182,1.0,True,True,0.0,2055,baseline,2498,4655,3.7269815852682147,37.43657979976443,0.0014925837345887924,0.08077171329913706,0.011936993938619469,0.8187477201362818,0.9226882942038946,5.540322580645161,0,classic,1.0,0.3,0.3,False,n/a,n/a,n/a,n/a,n/a,n/a,n/a,n/a,n/a,n/a,n/a,n/a,n/a,n/a,n/a,n/a,n/a,n/a,n/a
PM9_full_N500,S2,228033215,500,False,weak_PD,1.6,1.0,0.0,0.0,True,0.01,0.5,100,5,30,0.1,100000,0.10640000000000001,0.030400000000000003,0.4614000000000001,0.1072,0.09119999999999998,0.1342,0.06920000000000001,0.6405061352694313,0.03797672915319974,0.3401850452163016,0.4505088060291202,0.3858009549359647,4.998,21.956,92.24189932525508,0.998,False,True,0.0015413725654909944,14494,connected,2498,4675,3.7429943955164133,34.43607266719016,0.001498996554071451,0.09208441962113664,0.01182878788680388,0.9650451982047153,0.9702047302380515,1.505791505791506,0,classic,1.0,0.3,0.3,False,n/a,n/a,n/a,n/a,n/a,n/a,n/a,n/a,n/a,n/a,n/a,n/a,n/a,n/a,n/a,n/a,n/a,n/a,n/a
PM9_full_N500,S2,228033215,500,False,weak_PD,1.6,1.0,0.0,0.0,True,0.01,0.5,100,5,30,2.0,100000,0.0284,0.014400000000000001,0.8618,0.040999999999999995,0.011,0.030200000000000005,0.013199999999999998,0.9461778185120882,0.08031788975312817,0.10336659557339223,0.10507415722924543,0.10388998355997128,5.0,228.02,10.4305849323949,1.0,False,True,0.0014095544382170205,15032,baseline,2498,4655,3.7269815852682147,37.43657979976443,0.0014925837345887924,0.08077171329913706,0.011936993938619469,0.783424801513975,0.9199357319135503,5.468,0,classic,1.0,0.3,0.3,False,n/a,n/a,n/a,n/a,n/a,n/a,n/a,n/a,n/a,n/a,n/a,n/a,n/a,n/a,n/a,n/a,n/a,n/a,n/a
PM9_full_N500,S2,228033215,500,False,weak_PD,1.6,1.0,0.0,0.0,True,0.01,0.5,100,15,30,2.0,100000,0.041999999999999996,0.008799999999999999,0.7912000000000001,0.04759999999999999,0.06140000000000001,0.027800000000000002,0.0212,0.9143243201790057,0.07836349331235248,0.11496536236046621,0.11465794659697992,0.11588401493925926,15.0,192.728,13.52315843082509,1.0,False,True,-0.012201600806398465,18016,fragmented,2498,3724,2.981585268214572,38.220083267896875,0.0011940669876710339,0.09690636794923324,0.012991830162527055,0.8702533277012021,0.9419262766639788,5.130784708249497,931,classic,1.0,0.3,0.3,False,n/a,n/a,n/a,n/a,n/a,n/a,n/a,n/a,n/a,n/a,n/a,n/a,n/a,n/a,n/a,n/a,n/a,n/a,n/a
PM9_full_N500,S2,228033215,500,False,snowdrift,4.0,3.0,0.0,2.0,True,0.0,0.5,100,5,30,0.1,100000,0.0,0.0,1.0,0.0,0.0,0.0,0.0,1.0,0.0,0.361200104849292,0.0,0.361200104849292,5.0,20.888,91.08475438018218,1.0,True,True,0.005965636662558369,2309,baseline,2498,4655,3.7269815852682147,37.43657979976443,0.0014925837345887924,0.08077171329913706,0.011936993938619469,0.987919439108157,0.990262919308189,1.3484162895927603,0,classic,1.0,0.3,0.3,False,n/a,n/a,n/a,n/a,n/a,n/a,n/a,n/a,n/a,n/a,n/a,n/a,n/a,n/a,n/a,n/a,n/a,n/a,n/a
PM9_full_N500,S2,228033215,500,False,weak_PD,1.6,1.0,0.0,0.0,True,0.01,0.5,100,15,30,2.0,100000,0.0396,0.0094,0.8513999999999999,0.031,0.030800000000000004,0.023199999999999995,0.014600000000000002,0.9465671604171721,0.08316902670729522,0.10670118419257713,0.11347904735184695,0.1069054223244791,15.0,233.492,10.157566090626302,1.0,False,True,-0.0022099960399856247,15928,connected,2498,4675,3.7429943955164133,34.43607266719016,0.001498996554071451,0.09208441962113664,0.01182878788680388,0.819746831751559,0.9233274554727073,5.417670682730924,0,classic,1.0,0.3,0.3,False,n/a,n/a,n/a,n/a,n/a,n/a,n/a,n/a,n/a,n/a,n/a,n/a,n/a,n/a,n/a,n/a,n/a,n/a,n/a
PM9_full_N500,S2,228033215,500,False,snowdrift,4.0,3.0,0.0,2.0,True,0.0,0.5,100,0,30,2.0,100000,0.0,0.0,1.0,0.0,0.0,0.0,0.0,1.0,0.0,0.24699578363953073,0.0,0.24699578363953073,195.468,195.468,13.252557266183729,0.0,True,True,0.0,5612,fragmented,2498,3724,2.981585268214572,38.220083267896875,0.0011940669876710339,0.09690636794923324,0.012991830162527055,0.9272645758134966,0.9272645758134966,5.209677419354839,931,classic,1.0,0.3,0.3,False,n/a,n/a,n/a,n/a,n/a,n/a,n/a,n/a,n/a,n/a,n/a,n/a,n/a,n/a,n/a,n/a,n/a,n/a,n/a
PM9_full_N500,S2,228033215,500,False,snowdrift,4.0,3.0,0.0,2.0,True,0.0,0.5,100,15,30,2.0,100000,0.0,0.0,1.0,0.0,0.0,0.0,0.0,1.0,0.0,0.1586555631837621,0.0,0.1586555631837621,15.0,230.508,10.300430503354516,1.0,True,True,0.0,3296,baseline,2498,4655,3.7269815852682147,37.43657979976443,0.0014925837345887924,0.08077171329913706,0.011936993938619469,0.8180781199513572,0.9263173857383851,5.714285714285714,0,classic,1.0,0.3,0.3,False,n/a,n/a,n/a,n/a,n/a,n/a,n/a,n/a,n/a,n/a,n/a,n/a,n/a,n/a,n/a,n/a,n/a,n/a,n/a
PM9_full_N500,S2,228033215,500,False,snowdrift,4.0,3.0,0.0,2.0,True,0.0,0.5,100,15,30,0.1,100000,0.008000000000000002,0.0,0.986,0.005999999999999999,0.0,0.0,0.0,1.0,0.0,0.5170862074240543,0.6937678283387922,0.5280081238227238,14.688,21.736,91.98225963160043,0.868,False,True,0.017477253909024427,3198,connected,2498,4675,3.7429943955164133,34.43607266719016,0.001498996554071451,0.09208441962113664,0.01182878788680388,0.9861659943361245,0.9867957605006245,1.51131221719457,0,classic,1.0,0.3,0.3,False,n/a,n/a,n/a,n/a,n/a,n/a,n/a,n/a,n/a,n/a,n/a,n/a,n/a,n/a,n/a,n/a,n/a,n/a,n/a
PM9_full_N500,S2,228033215,500,False,snowdrift,4.0,3.0,0.0,2.0,True,0.01,0.5,100,5,30,0.1,100000,0.12080000000000002,0.056600000000000004,0.495,0.07719999999999999,0.0824,0.1032,0.06480000000000001,0.713276632985354,0.03369149517392096,1.1626440919634804,1.2623055686423592,1.2304469385032504,5.0,21.096,91.99579261151283,1.0,False,True,0.008425646502587657,14184,baseline,2498,4655,3.7269815852682147,37.43657979976443,0.0014925837345887924,0.08077171329913706,0.011936993938619469,0.980192589144317,0.9858299689598652,1.3697478991596639,0,classic,1.0,0.3,0.3,False,n/a,n/a,n/a,n/a,n/a,n/a,n/a,n/a,n/a,n/a,n/a,n/a,n/a,n/a,n/a,n/a,n/a,n/a,n/a
PM9_full_N500,S2,228033215,500,False,snowdrift,4.0,3.0,0.0,2.0,True,0.01,0.5,100,0,30,2.0,100000,0.09979999999999999,0.029000000000000005,0.4452000000000001,0.1338,0.14700000000000002,0.062,0.08319999999999998,0.7065975610268882,0.17528596745609795,0.9409651773938272,0.9854384237436242,0.965742395833771,234.024,234.024,10.195886809860522,0.0,False,False,-0.0225149124596546,28682,baseline,2498,4655,3.7269815852682147,37.43657979976443,0.0014925837345887924,0.08077171329913706,0.011936993938619469,0.9369388593854022,0.9369388593854022,5.731462925851703,0,classic,1.0,0.3,0.3,False,n/a,n/a,n/a,n/a,n/a,n/a,n/a,n/a,n/a,n/a,n/a,n/a,n/a,n/a,n/a,n/a,n/a,n/a,n/a
PM9_full_N500,S2,228033215,500,False,snowdrift,4.0,3.0,0.0,2.0,True,0.01,0.5,100,5,30,2.0,100000,0.028600000000000004,0.035199999999999995,0.7588000000000001,0.030000000000000006,0.0512,0.04839999999999999,0.047799999999999995,0.8652737775888394,0.14677474991376338,0.8302819339878544,0.8359076726755462,0.832642951700584,5.0,234.016,10.295975327874974,1.0,False,True,-0.017586579146315853,24090,connected,2498,4675,3.7429943955164133,34.43607266719016,0.001498996554071451,0.09208441962113664,0.01182878788680388,0.7790453367964651,0.9300911538641174,5.553319919517103,0,classic,1.0,0.3,0.3,False,n/a,n/a,n/a,n/a,n/a,n/a,n/a,n/a,n/a,n/a,n/a,n/a,n/a,n/a,n/a,n/a,n/a,n/a,n/a
PM9_full_N500,S2,228033215,500,False,snowdrift,4.0,3.0,0.0,2.0,True,0.01,0.5,100,15,30,0.1,100000,0.12280000000000002,0.06720000000000001,0.4302,0.13600000000000004,0.0678,0.1096,0.06639999999999999,0.6304939537080493,0.042314990512333964,1.189739345429962,1.295950806344342,1.2682101970459136,14.626,20.988,92.52683892484735,0.822,False,True,-0.009366258265028116,13952,connected,2498,4675,3.7429943955164133,34.43607266719016,0.001498996554071451,0.09208441962113664,0.01182878788680388,0.9835747671919667,0.9842241094754189,1.3777777777777778,0,classic,1.0,0.3,0.3,False,n/a,n/a,n/a,n/a,n/a,n/a,n/a,n/a,n/a,n/a,n/a,n/a,n/a,n/a,n/a,n/a,n/a,n/a,n/a
PM9_full_N500,S2,1166802640,500,False,snowdrift,4.0,3.0,0.0,2.0,True,0.0,0.5,100,0,30,0.1,100000,0.0,0.0,1.0,0.0,0.0,0.0,0.0,1.0,0.0,0.38989816847175573,0.0,0.38989816847175573,21.312,21.312,90.87321347968599,0.0,True,True,0.00916180624722865,2556,connected,2498,4675,3.7429943955164133,34.66803265279414,0.001498996554071451,0.13343219023766525,0.011794734171038289,0.9855202864639574,0.9855202864639574,1.429951690821256,0,classic,1.0,0.3,0.3,False,n/a,n/a,n/a,n/a,n/a,n/a,n/a,n/a,n/a,n/a,n/a,n/a,n/a,n/a,n/a,n/a,n/a,n/a,n/a
PM9_full_N500,S2,1166802640,500,False,snowdrift,4.0,3.0,0.0,2.0,True,0.0,0.5,100,5,30,0.1,100000,0.0,0.0,1.0,0.0,0.0,0.0,0.0,1.0,0.0,0.3654563307270561,0.0,0.3654563307270561,5.0,20.656,93.96241300838197,1.0,True,True,0.007580151920607682,2656,baseline,2498,4655,3.7269815852682147,37.43657979976443,0.0014925837345887924,0.08077171329913706,0.011936993938619469,0.9822134050422412,0.9852641765438692,1.3395348837209302,0,classic,1.0,0.3,0.3,False,n/a,n/a,n/a,n/a,n/a,n/a,n/a,n/a,n/a,n/a,n/a,n/a,n/a,n/a,n/a,n/a,n/a,n/a,n/a
PM9_full_N500,S2,1166802640,500,False,snowdrift,4.0,3.0,0.0,2.0,True,0.0,0.5,100,5,30,2.0,100000,0.0,0.0,1.0,0.0,0.0,0.0,0.0,1.0,0.0,0.27514510900124534,0.0,0.27514510900124534,5.0,181.924,14.261340829275989,1.0,True,True,0.0,5089,fragmented,2498,3724,2.981585268214572,38.68529969899228,0.0011940669876710339,0.1739903134458361,0.013337632589256354,0.8179696680401978,0.9344997938902013,5.411764705882353,931,classic,1.0,0.3,0.3,False,n/a,n/a,n/a,n/a,n/a,n/a,n/a,n/a,n/a,n/a,n/a,n/a,n/a,n/a,n/a,n/a,n/a,n/a,n/a
PM9_full_N500,S2,1166802640,500,False,snowdrift,4.0,3.0,0.0,2.0,True,0.0,0.5,100,5,30,2.0,100000,0.0,0.0,1.0,0.0,0.0,0.0,0.0,1.0,0.0,0.18873990213160735,0.0,0.18873990213160735,5.0,229.896,10.343510594309398,1.0,True,True,0.0,3789,connected,2498,4675,3.7429943955164133,34.66803265279414,0.001498996554071451,0.13343219023766525,0.011794734171038289,0.7848793688739708,0.9308934978540095,5.629778672032193,0,classic,1.0,0.3,0.3,False,n/a,n/a,n/a,n/a,n/a,n/a,n/a,n/a,n/a,n/a,n/a,n/a,n/a,n/a,n/a,n/a,n/a,n/a,n/a
PM9_full_N500,S2,1166802640,500,False,snowdrift,4.0,3.0,0.0,2.0,True,0.01,0.5,100,15,30,0.1,100000,0.135,0.08259999999999998,0.42299999999999993,0.1024,0.1044,0.08339999999999999,0.0692,0.7021217028336082,0.03186216662733066,1.1620492548733512,1.2831302440900851,1.2674714794851059,14.76,21.236,93.50605572622187,0.856,False,True,-0.0013040884163516512,14237,baseline,2498,4655,3.7269815852682147,37.43657979976443,0.0014925837345887924,0.08077171329913706,0.011936993938619469,0.9827508283557876,0.9835057862505218,1.275229357798165,0,classic,1.0,0.3,0.3,False,n/a,n/a,n/a,n/a,n/a,n/a,n/a,n/a,n/a,n/a,n/a,n/a,n/a,n/a,n/a,n/a,n/a,n/a,n/a
PM9_full_N500,S2,1166802640,500,False,snowdrift,4.0,3.0,0.0,2.0,True,0.01,0.5,100,0,30,2.0,100000,0.09079999999999999,0.030200000000000005,0.6022,0.08439999999999998,0.07479999999999999,0.0608,0.0568,0.8108377834079272,0.1525890246000344,0.9172523028613832,0.9779825939774844,0.9285718691805868,234.436,234.436,10.222577076617588,0.0,False,True,-0.0006693434773757406,28013,connected,2498,4675,3.7429943955164133,34.66803265279414,0.001498996554071451,0.13343219023766525,0.011794734171038289,0.9338974501147131,0.9338974501147131,5.490981963927855,0,classic,1.0,0.3,0.3,False,n/a,n/a,n/a,n/a,n/a,n/a,n/a,n/a,n/a,n/a,n/a,n/a,n/a,n/a,n/a,n/a,n/a,n/a,n/a
PM9_full_N500,S2,1166802640,500,False,snowdrift,4.0,3.0,0.0,2.0,True,0.01,0.5,100,15,30,0.1,100000,0.10200000000000001,0.06240000000000001,0.42300000000000004,0.14579999999999999,0.10740000000000001,0.08259999999999998,0.07680000000000001,0.6167566278724138,0.046241742545973935,1.1542049691638225,1.232168188008658,1.2520023172794028,14.682,20.976,91.63505468720169,0.854,False,True,-0.013404831219319019,13835,connected,2498,4675,3.7429943955164133,34.66803265279414,0.001498996554071451,0.13343219023766525,0.011794734171038289,0.9649047056513445,0.9651690813731546,1.361344537815126,0,classic,1.0,0.3,0.3,False,n/a,n/a,n/a,n/a,n/a,n/a,n/a,n/a,n/a,n/a,n/a,n/a,n/a,n/a,n/a,n/a,n/a,n/a,n/a
PM9_full_N500,S2,798359651,500,False,snowdrift,4.0,3.0,0.0,2.0,True,0.0,0.5,100,15,30,0.1,100000,0.0020000000000000005,0.0,0.998,0.0,0.0,0.0,0.0,1.0,0.0,0.46266899650467813,0.1224366706875754,0.46198853185304395,14.684,20.824,92.66057966339119,0.854,False,True,0.011712306049227858,2628,baseline,2498,4655,3.7269815852682147,37.43657979976443,0.0014925837345887924,0.08077171329913706,0.011936993938619469,0.9784387909198374,0.9797346276995451,1.456221198156682,0,classic,1.0,0.3,0.3,False,n/a,n/a,n/a,n/a,n/a,n/a,n/a,n/a,n/a,n/a,n/a,n/a,n/a,n/a,n/a,n/a,n/a,n/a,n/a
PM9_full_N500,S2,798359651,500,False,snowdrift,4.0,3.0,0.0,2.0,True,0.01,0.5,100,0,30,0.1,100000,0.1262,0.06620000000000001,0.4508,0.1116,0.08359999999999998,0.08159999999999999,0.07999999999999999,0.7081023954526635,0.040106443641893176,1.175537864394317,1.2342050815773247,1.2575989509105794,21.14,21.14,91.77860773412978,0.0,False,True,0.01027794511178411,13900,baseline,2498,4655,3.7269815852682147,37.43657979976443,0.0014925837345887924,0.08077171329913706,0.011936993938619469,0.9890957481863223,0.9890957481863223,1.4363636363636363,0,classic,1.0,0.3,0.3,False,n/a,n/a,n/a,n/a,n/a,n/a,n/a,n/a,n/a,n/a,n/a,n/a,n/a,n/a,n/a,n/a,n/a,n/a,n/a
PM9_full_N500,S2,798359651,500,False,snowdrift,4.0,3.0,0.0,2.0,True,0.0,0.5,100,5,30,2.0,100000,0.0,0.0,1.0,0.0,0.0,0.0,0.0,1.0,0.0,0.26528485254162903,0.0,0.26528485254162903,5.0,187.28,13.966225298283806,1.0,True,True,0.0,5296,fragmented,2498,3724,2.981585268214572,39.06609900536579,0.0011940669876710339,0.13327563273822754,0.01309257925630318,0.8166689353913444,0.9398490918121998,5.569105691056911,931,classic,1.0,0.3,0.3,False,n/a,n/a,n/a,n/a,n/a,n/a,n/a,n/a,n/a,n/a,n/a,n/a,n/a,n/a,n/a,n/a,n/a,n/a,n/a
PM9_full_N500,S2,798359651,500,False,snowdrift,4.0,3.0,0.0,2.0,True,0.01,0.5,100,0,30,2.0,100000,0.13800000000000004,0.04059999999999999,0.495,0.09919999999999998,0.12599999999999997,0.05800000000000001,0.043199999999999995,0.7480410127579041,0.15634782608695652,1.0149489506678204,1.028198347302725,1.026384122751067,234.68,234.68,10.137005346922285,0.0,False,True,-0.0101084180336736,29754,connected,2498,4675,3.7429943955164133,34.81513416099319,0.001498996554071451,0.08036874546424227,0.011910535791314424,0.922098132880952,0.922098132880952,5.54,0,classic,1.0,0.3,0.3,False,n/a,n/a,n/a,n/a,n/a,n/a,n/a,n/a,n/a,n/a,n/a,n/a,n/a,n/a,n/a,n/a,n/a,n/a,n/a
PM9_full_N500,S2,798359651,500,False,snowdrift,4.0,3.0,0.0,2.0,True,0.01,0.5,100,15,30,0.1,100000,0.1426,0.04539999999999999,0.41319999999999996,0.09719999999999998,0.08759999999999998,0.10740000000000001,0.1066,0.5740915840905368,0.06466346153846154,1.208952810856689,1.3205030032469192,1.2638477614777621,14.782,21.284,90.49961825607019,0.88,False,True,0.00678124632498768,13953,baseline,2498,4655,3.7269815852682147,37.43657979976443,0.0014925837345887924,0.08077171329913706,0.011936993938619469,0.9853562283029583,0.9866687773015248,1.224669603524229,0,classic,1.0,0.3,0.3,False,n/a,n/a,n/a,n/a,n/a,n/a,n/a,n/a,n/a,n/a,n/a,n/a,n/a,n/a,n/a,n/a,n/a,n/a,n/a
PM9_full_N500,S2,798359651,500,False,snowdrift,4.0,3.0,0.0,2.0,True,0.01,0.5,100,5,30,2.0,100000,0.0374,0.0168,0.7752000000000001,0.04279999999999999,0.0518,0.0332,0.04279999999999999,0.8844891104895188,0.13523131672597866,0.8008700243962037,0.7941526156789062,0.8057204814771434,5.0,234.164,10.046871286359611,1.0,False,True,0.0005693878775518764,23186,baseline,2498,4655,3.7269815852682147,37.43657979976443,0.0014925837345887924,0.08077171329913706,0.011936993938619469,0.7652745594263267,0.9152144587838529,5.732793522267206,0,classic,1.0,0.3,0.3,False,n/a,n/a,n/a,n/a,n/a,n/a,n/a,n/a,n/a,n/a,n/a,n/a,n/a,n/a,n/a,n/a,n/a,n/a,n/a
PM9_full_N500,S2,798359651,500,False,snowdrift,4.0,3.0,0.0,2.0,True,0.01,0.5,100,15,30,2.0,100000,0.13479999999999998,0.02319999999999999,0.5564,0.08159999999999999,0.04279999999999999,0.1202,0.040999999999999995,0.7505601757704986,0.1488357457520453,0.9930027395180498,1.0624003969492155,1.0107255775418238,15.0,192.356,13.592961209644747,1.0,False,True,-0.009541967767871804,29093,fragmented,2498,3724,2.981585268214572,39.06609900536579,0.0011940669876710339,0.13327563273822754,0.01309257925630318,0.8642576282088537,0.9336986021012945,5.096774193548387,931,classic,1.0,0.3,0.3,False,n/a,n/a,n/a,n/a,n/a,n/a,n/a,n/a,n/a,n/a,n/a,n/a,n/a,n/a,n/a,n/a,n/a,n/a,n/a
PM9_full_N500,S2,798359651,500,False,snowdrift,4.0,3.0,0.0,2.0,True,0.01,0.5,100,15,30,0.1,100000,0.11320000000000001,0.06200000000000001,0.45360000000000006,0.11600000000000002,0.08239999999999999,0.08519999999999998,0.08759999999999998,0.6714753737818531,0.04096100827097282,1.2466221382766092,1.291279232301087,1.2895783179092475,14.714,20.792,91.82742471650714,0.852,False,True,0.004129149316597266,14070,connected,2498,4675,3.7429943955164133,34.81513416099319,0.001498996554071451,0.08036874546424227,0.011910535791314424,0.9844252014222815,0.9858542245470111,1.3247863247863247,0,classic,1.0,0.3,0.3,False,n/a,n/a,n/a,n/a,n/a,n/a,n/a,n/a,n/a,n/a,n/a,n/a,n/a,n/a,n/a,n/a,n/a,n/a,n/a
PM9_full_N500,S2,433399445,500,False,snowdrift,4.0,3.0,0.0,2.0,True,0.01,0.5,100,0,30,0.1,100000,0.11579999999999999,0.1024,0.4008,0.11480000000000001,0.09039999999999998,0.1142,0.06160000000000001,0.5819219568533149,0.04224738675958188,1.419489112192955,1.4729848820130496,1.4779243313724917,20.84,20.84,92.95882517625135,0.0,False,True,-0.003378829515320991,14543,baseline,2498,4655,3.7269815852682147,37.43657979976443,0.0014925837345887924,0.08077171329913706,0.011936993938619469,0.9861729839713644,0.9861729839713644,1.3183856502242153,0,classic,1.0,0.3,0.3,False,n/a,n/a,n/a,n/a,n/a,n/a,n/a,n/a,n/a,n/a,n/a,n/a,n/a,n/a,n/a,n/a,n/a,n/a,n/a
PM9_full_N500,S2,433399445,500,False,snowdrift,4.0,3.0,0.0,2.0,True,0.01,0.5,100,0,30,0.1,100000,0.11140000000000001,0.0726,0.4316,0.12940000000000002,0.09359999999999999,0.09899999999999999,0.0624,0.6376795924073769,0.03466605038132656,1.16063368608483,1.4091250608565753,1.2403288704119368,21.556,21.556,92.42655504838338,0.0,False,True,-0.006805073620291186,14520,connected,2498,4675,3.7429943955164133,34.545155248004185,0.001498996554071451,0.10824194854546515,0.011816442438528205,0.9798975546485,0.9798975546485,1.2953367875647668,0,classic,1.0,0.3,0.3,False,n/a,n/a,n/a,n/a,n/a,n/a,n/a,n/a,n/a,n/a,n/a,n/a,n/a,n/a,n/a,n/a,n/a,n/a,n/a
PM9_full_N500,S2,433399445,500,False,snowdrift,4.0,3.0,0.0,2.0,True,0.01,0.5,100,5,30,2.0,100000,0.0822,0.026999999999999996,0.7538,0.052000000000000005,0.029000000000000005,0.0372,0.0188,0.8798532881514894,0.12607032246310804,0.8632947263248348,0.8715955503302883,0.8690889907836666,5.0,236.088,10.075158245485008,1.0,False,True,0.017956718226875473,24762,baseline,2498,4655,3.7269815852682147,37.43657979976443,0.0014925837345887924,0.08077171329913706,0.011936993938619469,0.771257855466684,0.9220421643363068,5.293172690763052,0,classic,1.0,0.3,0.3,False,n/a,n/a,n/a,n/a,n/a,n/a,n/a,n/a,n/a,n/a,n/a,n/a,n/a,n/a,n/a,n/a,n/a,n/a,n/a
PM9_full_N500,S2,433399445,500,False,snowdrift,4.0,3.0,0.0,2.0,True,0.01,0.5,100,15,30,2.0,100000,0.05920000000000001,0.05199999999999999,0.5868,0.1076,0.08659999999999998,0.06599999999999999,0.0418,0.7462655232823127,0.18300423131170662,0.8795624122469362,0.9340156469897439,0.8923010031080154,15.0,227.68,10.47568417854717,1.0,False,True,-0.009802253609007845,25668,baseline,2498,4655,3.7269815852682147,37.43657979976443,0.0014925837345887924,0.08077171329913706,0.011936993938619469,0.821212778265979,0.923259557448534,5.494908350305499,0,classic,1.0,0.3,0.3,False,n/a,n/a,n/a,n/a,n/a,n/a,n/a,n/a,n/a,n/a,n/a,n/a,n/a,n/a,n/a,n/a,n/a,n/a,n/a
PM9_full_N500,S2,433399445,500,False,snowdrift,4.0,3.0,0.0,2.0,True,0.01,0.5,100,15,30,0.1,100000,0.1282,0.06960000000000002,0.4226,0.0804,0.125,0.09159999999999999,0.08259999999999999,0.5956166043309549,0.02159644293881008,1.2793007853275002,1.39375150981121,1.385911231329425,14.286,18.748,118.42989897242052,0.722,False,True,0.015925858903437996,14184,fragmented,2498,3724,2.981585268214572,39.27187213715482,0.0011940669876710339,0.08280516737807833,0.013033405581144212,0.9914172593382783,0.9914172593382783,1.3818181818181818,931,classic,1.0,0.3,0.3,False,n/a,n/a,n/a,n/a,n/a,n/a,n/a,n/a,n/a,n/a,n/a,n/a,n/a,n/a,n/a,n/a,n/a,n/a,n/a
PM9_full_N500,S2,433399445,500,False,snowdrift,4.0,3.0,0.0,2.0,True,0.01,0.5,100,15,30,0.1,100000,0.11220000000000001,0.0556,0.4368,0.11959999999999997,0.11739999999999999,0.07799999999999999,0.0804,0.5760371452292408,0.0329191192500545,1.204671121395731,1.266806198720309,1.252970700412977,14.758,21.192,94.10288560909284,0.876,False,True,0.009728602114412302,14428,connected,2498,4675,3.7429943955164133,34.545155248004185,0.001498996554071451,0.10824194854546515,0.011816442438528205,0.9703940371439007,0.9710151124916624,1.330232558139535,0,classic,1.0,0.3,0.3,False,n/a,n/a,n/a,n/a,n/a,n/a,n/a,n/a,n/a,n/a,n/a,n/a,n/a,n/a,n/a,n/a,n/a,n/a,n/a
PM9_full_N500,S2,1210865934,500,False,PD_classic,9.0,5.0,1.0,0.0,True,0.0,0.5,100,15,30,0.1,100000,0.0,0.0,1.0,0.0,0.0,0.0,0.0,1.0,0.0,1.2294951484508474,0.0,1.2294951484508474,14.738,21.032,92.957248935067,0.872,True,True,0.0,1013,baseline,2498,4655,3.7269815852682147,37.43657979976443,0.0014925837345887924,0.08077171329913706,0.011936993938619469,0.982567277600907,0.9835835377635086,1.4146341463414633,0,classic,1.0,0.3,0.3,False,n/a,n/a,n/a,n/a,n/a,n/a,n/a,n/a,n/a,n/a,n/a,n/a,n/a,n/a,n/a,n/a,n/a,n/a,n/a
PM9_full_N500,S2,1210865934,500,False,PD_classic,9.0,5.0,1.0,0.0,True,0.0,0.5,100,5,30,2.0,100000,0.0,0.0,1.0,0.0,0.0,0.0,0.0,1.0,0.0,1.0665312470232584,0.0,1.0665312470232584,5.0,184.876,13.964838447471875,1.0,True,True,0.0,1067,fragmented,2498,3724,2.981585268214572,39.5235203180212,0.0011940669876710339,0.10685881178326238,0.013234114370144347,0.8103570240260857,0.9309288955409706,5.354969574036511,931,classic,1.0,0.3,0.3,False,n/a,n/a,n/a,n/a,n/a,n/a,n/a,n/a,n/a,n/a,n/a,n/a,n/a,n/a,n/a,n/a,n/a,n/a,n/a
PM9_full_N500,S2,1210865934,500,False,PD_classic,9.0,5.0,1.0,0.0,True,0.0,0.5,100,0,30,2.0,100000,0.0,0.0,1.0,0.0,0.0,0.0,0.0,1.0,0.0,1.0679220640074172,0.0,1.0679220640074172,187.66,187.66,13.833500095889196,0.0,True,True,0.0,1052,fragmented,2498,3724,2.981585268214572,39.5235203180212,0.0011940669876710339,0.10685881178326238,0.013234114370144347,0.9386471501864253,0.9386471501864253,5.58130081300813,931,classic,1.0,0.3,0.3,False,n/a,n/a,n/a,n/a,n/a,n/a,n/a,n/a,n/a,n/a,n/a,n/a,n/a,n/a,n/a,n/a,n/a,n/a,n/a
PM9_full_N500,S2,1210865934,500,False,PD_classic,9.0,5.0,1.0,0.0,True,0.0,0.5,100,0,30,2.0,100000,0.0,0.0,1.0,0.0,0.0,0.0,0.0,1.0,0.0,1.0740670860964217,0.0,1.0740670860964217,232.812,232.812,10.1816415572986,0.0,True,True,0.0,1043,connected,2498,4675,3.7429943955164133,34.6293597042272,0.001498996554071451,0.08699016997823777,0.011847088187786313,0.9248772269256216,0.9248772269256216,5.790744466800805,0,classic,1.0,0.3,0.3,False,n/a,n/a,n/a,n/a,n/a,n/a,n/a,n/a,n/a,n/a,n/a,n/a,n/a,n/a,n/a,n/a,n/a,n/a,n/a
PM9_full_N500,S2,1210865934,500,False,PD_classic,9.0,5.0,1.0,0.0,True,0.01,0.5,100,0,30,0.1,100000,0.0784,0.03779999999999999,0.6818000000000001,0.046,0.07519999999999999,0.04739999999999999,0.033400000000000006,0.9108592326764816,0.022148587373561214,1.779132257440146,1.9727960668186109,1.829103193536892,20.816,20.816,93.2109916547576,0.0,False,True,-0.009752592610367147,11008,connected,2498,4675,3.7429943955164133,34.6293597042272,0.001498996554071451,0.08699016997823777,0.011847088187786313,0.9844594116126022,0.9844594116126022,1.3556485355648535,0,classic,1.0,0.3,0.3,False,n/a,n/a,n/a,n/a,n/a,n/a,n/a,n/a,n/a,n/a,n/a,n/a,n/a,n/a,n/a,n/a,n/a,n/a,n/a
PM9_full_N500,S2,1210865934,500,False,PD_classic,9.0,5.0,1.0,0.0,True,0.0,0.5,100,15,30,2.0,100000,0.0,0.0,1.0,0.0,0.0,0.0,0.0,1.0,0.0,1.0679274103452128,0.0,1.0679274103452128,15.0,187.66,13.833500095889196,1.0,True,True,0.0,1052,fragmented,2498,3724,2.981585268214572,39.5235203180212,0.0011940669876710339,0.10685881178326238,0.013234114370144347,0.855663264952066,0.9386471501864253,5.58130081300813,931,classic,1.0,0.3,0.3,False,n/a,n/a,n/a,n/a,n/a,n/a,n/a,n/a,n/a,n/a,n/a,n/a,n/a,n/a,n/a,n/a,n/a,n/a,n/a
PM9_full_N500,S2,1210865934,500,False,PD_classic,9.0,5.0,1.0,0.0,True,0.0,0.5,100,15,30,2.0,100000,0.0,0.0,1.0,0.0,0.0,0.0,0.0,1.0,0.0,1.0734557417899744,0.0,1.0734557417899744,15.0,234.5,10.07768437715178,1.0,True,True,0.0,1022,connected,2498,4675,3.7429943955164133,34.6293597042272,0.001498996554071451,0.08699016997823777,0.011847088187786313,0.8155258400968949,0.9275347151379603,5.340040241448692,0,classic,1.0,0.3,0.3,False,n/a,n/a,n/a,n/a,n/a,n/a,n/a,n/a,n/a,n/a,n/a,n/a,n/a,n/a,n/a,n/a,n/a,n/a,n/a
PM9_full_N500,S2,1210865934,500,False,PD_classic,9.0,5.0,1.0,0.0,True,0.01,0.5,100,5,30,2.0,100000,0.0128,0.0098,0.9466000000000001,0.008799999999999999,0.012399999999999998,0.0068000000000000005,0.0027999999999999995,0.9792460189521506,0.035738714090287275,1.2277281441458887,1.2302985551344605,1.2278649922344964,5.0,233.752,10.191356300659784,1.0,False,True,0.0018977643910509723,10009,baseline,2498,4655,3.7269815852682147,37.43657979976443,0.0014925837345887924,0.08077171329913706,0.011936993938619469,0.7757758962311695,0.9251399731746512,5.506024096385542,0,classic,1.0,0.3,0.3,False,n/a,n/a,n/a,n/a,n/a,n/a,n/a,n/a,n/a,n/a,n/a,n/a,n/a,n/a,n/a,n/a,n/a,n/a,n/a
PM9_full_N500,S2,1210865934,500,False,PD_classic,9.0,5.0,1.0,0.0,True,0.01,0.5,100,5,30,0.1,100000,0.05740000000000001,0.0274,0.7003999999999999,0.06480000000000001,0.0504,0.0512,0.04839999999999999,0.8886372279435252,0.026425301706200582,1.8561428836834784,1.9286218759707334,1.8594904627894195,5.0,20.9,92.13354231797231,1.0,False,True,0.00313674534698505,10989,connected,2498,4675,3.7429943955164133,34.6293597042272,0.001498996554071451,0.08699016997823777,0.011847088187786313,0.9745898151910707,0.9798051709922369,1.2645739910313902,0,classic,1.0,0.3,0.3,False,n/a,n/a,n/a,n/a,n/a,n/a,n/a,n/a,n/a,n/a,n/a,n/a,n/a,n/a,n/a,n/a,n/a,n/a,n/a
PM9_full_N500,S2,1210865934,500,False,PD_classic,9.0,5.0,1.0,0.0,True,0.01,0.5,100,15,30,0.1,100000,0.05600000000000001,0.037399999999999996,0.6205999999999999,0.05700000000000001,0.08739999999999998,0.06939999999999999,0.07219999999999999,0.8127317406279969,0.017683970336565887,1.708757478370711,1.8797939947444924,1.8087261898403515,14.752,21.076,93.58014276861921,0.854,False,True,-0.0036304273217059907,10941,connected,2498,4675,3.7429943955164133,34.6293597042272,0.001498996554071451,0.08699016997823777,0.011847088187786313,0.9845531490466796,0.9874871294623205,1.4424778761061947,0,classic,1.0,0.3,0.3,False,n/a,n/a,n/a,n/a,n/a,n/a,n/a,n/a,n/a,n/a,n/a,n/a,n/a,n/a,n/a,n/a,n/a,n/a,n/a
PM9_full_N500,S2,1210865934,500,False,weak_PD,1.6,1.0,0.0,0.0,True,0.0,0.5,100,5,30,2.0,100000,0.0,0.0,1.0,0.0,0.0,0.0,0.0,1.0,0.0,0.026075256047949125,0.0,0.026075256047949125,5.0,231.204,10.280598322502014,1.0,True,True,0.0,1777,baseline,2498,4655,3.7269815852682147,37.43657979976443,0.0014925837345887924,0.08077171329913706,0.011936993938619469,0.7816343971414453,0.9206201068624111,5.412,0,classic,1.0,0.3,0.3,False,n/a,n/a,n/a,n/a,n/a,n/a,n/a,n/a,n/a,n/a,n/a,n/a,n/a,n/a,n/a,n/a,n/a,n/a,n/a
PM9_full_N500,S2,1210865934,500,False,weak_PD,1.6,1.0,0.0,0.0,True,0.0,0.5,100,5,30,2.0,100000,0.0,0.0,1.0,0.0,0.0,0.0,0.0,1.0,0.0,0.025410837420478876,0.0,0.025410837420478876,5.0,189.604,13.614041281329024,1.0,True,True,0.0,1809,fragmented,2498,3724,2.981585268214572,39.5235203180212,0.0011940669876710339,0.10685881178326238,0.013234114370144347,0.8240982610544185,0.9455966373464119,5.030549898167006,931,classic,1.0,0.3,0.3,False,n/a,n/a,n/a,n/a,n/a,n/a,n/a,n/a,n/a,n/a,n/a,n/a,n/a,n/a,n/a,n/a,n/a,n/a,n/a
PM9_full_N500,S2,1210865934,500,False,weak_PD,1.6,1.0,0.0,0.0,True,0.0,0.5,100,15,30,0.1,100000,0.0,0.0,0.9843999999999999,0.011599999999999997,0.0,0.004000000000000001,0.0,0.9922048333807446,0.0068463842533162175,0.13943715132846987,0.0,0.14535947125801826,14.78,21.564,92.3929357852375,0.88,False,True,0.01590633242532384,2865,baseline,2498,4655,3.7269815852682147,37.43657979976443,0.0014925837345887924,0.08077171329913706,0.011936993938619469,0.9785102141544414,0.9787619524658812,1.3109243697478992,0,classic,1.0,0.3,0.3,False,n/a,n/a,n/a,n/a,n/a,n/a,n/a,n/a,n/a,n/a,n/a,n/a,n/a,n/a,n/a,n/a,n/a,n/a,n/a
PM9_full_N500,S2,1210865934,500,False,weak_PD,1.6,1.0,0.0,0.0,True,0.0,0.5,100,5,30,2.0,100000,0.0,0.0,1.0,0.0,0.0,0.0,0.0,1.0,0.0,0.02633142738247059,0.0,0.02633142738247059,5.0,229.472,10.353274123894659,1.0,True,True,0.0,1697,connected,2498,4675,3.7429943955164133,34.6293597042272,0.001498996554071451,0.08699016997823777,0.011847088187786313,0.7855272882648167,0.9307296401996796,5.381526104417671,0,classic,1.0,0.3,0.3,False,n/a,n/a,n/a,n/a,n/a,n/a,n/a,n/a,n/a,n/a,n/a,n/a,n/a,n/a,n/a,n/a,n/a,n/a,n/a
PM9_full_N500,S2,1210865934,500,False,weak_PD,1.6,1.0,0.0,0.0,True,0.01,0.5,100,0,30,0.1,100000,0.1066,0.06760000000000002,0.4800000000000001,0.11100000000000002,0.06140000000000001,0.14279999999999998,0.030600000000000006,0.6954386653878546,0.025673400673400674,0.35178768049028064,0.3876518134708096,0.37463554843811775,21.024,21.024,92.89513869824737,0.0,False,True,0.01079951519806006,14084,connected,2498,4675,3.7429943955164133,34.6293597042272,0.001498996554071451,0.08699016997823777,0.011847088187786313,0.9782952434752488,0.9782952434752488,1.3394495412844036,0,classic,1.0,0.3,0.3,False,n/a,n/a,n/a,n/a,n/a,n/a,n/a,n/a,n/a,n/a,n/a,n/a,n/a,n/a,n/a,n/a,n/a,n/a,n/a
PM9_full_N500,S2,1210865934,500,False,weak_PD,1.6,1.0,0.0,0.0,True,0.0,0.5,100,15,30,2.0,100000,0.0,0.0,1.0,0.0,0.0,0.0,0.0,1.0,0.0,0.027638975039301742,0.0,0.027638975039301742,15.0,234.016,10.202218344491047,1.0,True,True,0.0,1924,connected,2498,4675,3.7429943955164133,34.6293597042272,0.001498996554071451,0.08699016997823777,0.011847088187786313,0.816150472618899,0.921631058516912,5.684848484848485,0,classic,1.0,0.3,0.3,False,n/a,n/a,n/a,n/a,n/a,n/a,n/a,n/a,n/a,n/a,n/a,n/a,n/a,n/a,n/a,n/a,n/a,n/a,n/a
PM9_full_N500,S2,1210865934,500,False,weak_PD,1.6,1.0,0.0,0.0,True,0.01,0.5,100,5,30,0.1,100000,0.09199999999999998,0.049999999999999996,0.5016,0.1092,0.08359999999999998,0.09319999999999998,0.07039999999999999,0.6947674330160182,0.035660377358490564,0.35346258539968706,0.3836848531248514,0.3676029758763745,5.0,21.112,90.89865937818446,1.0,False,True,-0.014142670970682784,14053,baseline,2498,4655,3.7269815852682147,37.43657979976443,0.0014925837345887924,0.08077171329913706,0.011936993938619469,0.9835587734093798,0.9858231425868008,1.3394495412844036,0,classic,1.0,0.3,0.3,False,n/a,n/a,n/a,n/a,n/a,n/a,n/a,n/a,n/a,n/a,n/a,n/a,n/a,n/a,n/a,n/a,n/a,n/a,n/a
PM9_full_N500,S2,1210865934,500,False,weak_PD,1.6,1.0,0.0,0.0,True,0.01,0.5,100,15,30,0.1,100000,0.10740000000000001,0.04719999999999999,0.4750000000000001,0.11800000000000002,0.08919999999999997,0.11240000000000001,0.0508,0.5865094903473864,0.029949436017113962,0.385869061498813,0.3761454962155227,0.39827636688168866,14.808,21.356,91.73304093878173,0.854,False,False,0.020394907179629083,14495,baseline,2498,4655,3.7269815852682147,37.43657979976443,0.0014925837345887924,0.08077171329913706,0.011936993938619469,0.9775413658822728,0.9792627655011404,1.4112554112554112,0,classic,1.0,0.3,0.3,False,n/a,n/a,n/a,n/a,n/a,n/a,n/a,n/a,n/a,n/a,n/a,n/a,n/a,n/a,n/a,n/a,n/a,n/a,n/a
PM9_full_N500,S2,1210865934,500,False,weak_PD,1.6,1.0,0.0,0.0,True,0.01,0.5,100,15,30,2.0,100000,0.06100000000000001,0.0236,0.7778,0.04159999999999999,0.0548,0.023799999999999995,0.0174,0.8961419714281048,0.09289875610140136,0.11891150296766333,0.1230181703992097,0.12008577905970313,15.0,189.488,13.566956750329963,1.0,False,True,-0.001902938811753782,18298,fragmented,2498,3724,2.981585268214572,39.5235203180212,0.0011940669876710339,0.10685881178326238,0.013234114370144347,0.8618033666449723,0.9380720340422105,5.191919191919192,931,classic,1.0,0.3,0.3,False,n/a,n/a,n/a,n/a,n/a,n/a,n/a,n/a,n/a,n/a,n/a,n/a,n/a,n/a,n/a,n/a,n/a,n/a,n/a
PM9_full_N500,S2,1210865934,500,False,weak_PD,1.6,1.0,0.0,0.0,True,0.01,0.5,100,15,30,2.0,100000,0.023,0.013800000000000002,0.8692,0.024799999999999996,0.0258,0.027600000000000003,0.0158,0.9416867799405602,0.07281635411387058,0.10904543422624634,0.10784007199687083,0.10883630394466949,15.0,234.7,10.215465181978486,1.0,False,True,0.00035684302737137705,16255,connected,2498,4675,3.7429943955164133,34.6293597042272,0.001498996554071451,0.08699016997823777,0.011847088187786313,0.8219802754172227,0.9230912087163462,5.632323232323232,0,classic,1.0,0.3,0.3,False,n/a,n/a,n/a,n/a,n/a,n/a,n/a,n/a,n/a,n/a,n/a,n/a,n/a,n/a,n/a,n/a,n/a,n/a,n/a
PM9_full_N500,S2,1210865934,500,False,snowdrift,4.0,3.0,0.0,2.0,True,0.0,0.5,100,0,30,0.1,100000,0.0,0.0,0.9876000000000001,0.012399999999999998,0.0,0.0,0.0,0.9939226577065788,0.0007922360863537334,0.38142801689919426,0.0,0.3923891897440261,21.268,21.268,91.49594959781497,0.0,False,True,0.0003149004595791332,2459,baseline,2498,4655,3.7269815852682147,37.43657979976443,0.0014925837345887924,0.08077171329913706,0.011936993938619469,0.9819670040147073,0.9819670040147073,1.3711790393013101,0,classic,1.0,0.3,0.3,False,n/a,n/a,n/a,n/a,n/a,n/a,n/a,n/a,n/a,n/a,n/a,n/a,n/a,n/a,n/a,n/a,n/a,n/a,n/a
PM9_full_N500,S2,1210865934,500,False,snowdrift,4.0,3.0,0.0,2.0,True,0.0,0.5,100,0,30,2.0,100000,0.0,0.0,1.0,0.0,0.0,0.0,0.0,1.0,0.0,0.2338191367517028,0.0,0.2338191367517028,191.452,191.452,13.434948698315367,0.0,True,True,0.0021559190236760946,6051,fragmented,2498,3724,2.981585268214572,39.5235203180212,0.0011940669876710339,0.10685881178326238,0.013234114370144347,0.9377597383345617,0.9377597383345617,4.855397148676171,931,classic,1.0,0.3,0.3,False,n/a,n/a,n/a,n/a,n/a,n/a,n/a,n/a,n/a,n/a,n/a,n/a,n/a,n/a,n/a,n/a,n/a,n/a,n/a
PM9_full_N500,S2,1210865934,500,False,snowdrift,4.0,3.0,0.0,2.0,True,0.0,0.5,100,15,30,2.0,100000,0.0,0.0,1.0,0.0,0.0,0.0,0.0,1.0,0.0,0.1667299795274362,0.0,0.1667299795274362,15.0,228.804,10.383645886060142,1.0,True,True,0.0,3461,baseline,2498,4655,3.7269815852682147,37.43657979976443,0.0014925837345887924,0.08077171329913706,0.011936993938619469,0.8065066104462049,0.9114258397904395,5.220883534136546,0,classic,1.0,0.3,0.3,False,n/a,n/a,n/a,n/a,n/a,n/a,n/a,n/a,n/a,n/a,n/a,n/a,n/a,n/a,n/a,n/a,n/a,n/a,n/a
PM9_full_N500,S2,1210865934,500,False,snowdrift,4.0,3.0,0.0,2.0,True,0.0,0.5,100,15,30,2.0,100000,0.0,0.0,1.0,0.0,0.0,0.0,0.0,1.0,0.0,0.17738024173413,0.0,0.17738024173413,15.0,187.74,13.654262657406925,1.0,True,True,0.0,3812,fragmented,2498,3724,2.981585268214572,39.5235203180212,0.0011940669876710339,0.10685881178326238,0.013234114370144347,0.8617628195119241,0.939616792590964,5.0,931,classic,1.0,0.3,0.3,False,n/a,n/a,n/a,n/a,n/a,n/a,n/a,n/a,n/a,n/a,n/a,n/a,n/a,n/a,n/a,n/a,n/a,n/a,n/a
PM9_full_N500,S2,1210865934,500,False,snowdrift,4.0,3.0,0.0,2.0,True,0.0,0.5,100,15,30,0.1,100000,0.0,0.0,1.0,0.0,0.0,0.0,0.0,1.0,0.0,0.44949487759039164,0.0,0.44949487759039164,14.778,20.76,93.32276945594057,0.848,True,True,0.016042316969262747,2697,connected,2498,4675,3.7429943955164133,34.6293597042272,0.001498996554071451,0.08699016997823777,0.011847088187786313,0.9707882218787934,0.9722301286403116,1.2792792792792793,0,classic,1.0,0.3,0.3,False,n/a,n/a,n/a,n/a,n/a,n/a,n/a,n/a,n/a,n/a,n/a,n/a,n/a,n/a,n/a,n/a,n/a,n/a,n/a
PM9_full_N500,S2,1210865934,500,False,snowdrift,4.0,3.0,0.0,2.0,True,0.01,0.5,100,0,30,2.0,100000,0.129,0.048999999999999995,0.4708,0.14719999999999997,0.06980000000000001,0.09399999999999999,0.0402,0.7202424516498149,0.1626314910669561,0.9785833027200385,1.0093776170779152,0.9830811570870212,234.72,234.72,10.252767449646145,0.0,False,True,-0.01939766479065953,29456,baseline,2498,4655,3.7269815852682147,37.43657979976443,0.0014925837345887924,0.08077171329913706,0.011936993938619469,0.9243617655112426,0.9243617655112426,5.509054325955734,0,classic,1.0,0.3,0.3,False,n/a,n/a,n/a,n/a,n/a,n/a,n/a,n/a,n/a,n/a,n/a,n/a,n/a,n/a,n/a,n/a,n/a,n/a,n/a
PM9_full_N500,S2,1210865934,500,False,snowdrift,4.0,3.0,0.0,2.0,True,0.01,0.5,100,0,30,0.1,100000,0.1038,0.04139999999999999,0.41559999999999997,0.10700000000000001,0.09639999999999999,0.1604,0.0754,0.6336779030709107,0.035681100167255154,1.3269030530241035,1.4422346117351648,1.4607700839809519,17.648,17.648,122.80281671338591,0.0,False,True,0.019260451441808147,13922,fragmented,2498,3724,2.981585268214572,39.5235203180212,0.0011940669876710339,0.10685881178326238,0.013234114370144347,0.9890084884979031,0.9890084884979031,1.3522267206477734,931,classic,1.0,0.3,0.3,False,n/a,n/a,n/a,n/a,n/a,n/a,n/a,n/a,n/a,n/a,n/a,n/a,n/a,n/a,n/a,n/a,n/a,n/a,n/a
PM9_full_N500,S2,1210865934,500,False,snowdrift,4.0,3.0,0.0,2.0,True,0.01,0.5,100,5,30,0.1,100000,0.05700000000000001,0.08179999999999998,0.5104,0.1018,0.09039999999999998,0.08659999999999998,0.072,0.5808454317869639,0.04634619530071136,1.246192481322291,1.2645203876900157,1.331740802751533,5.0,20.884,92.5247693352415,1.0,False,False,0.02300165360661644,13930,baseline,2498,4655,3.7269815852682147,37.43657979976443,0.0014925837345887924,0.08077171329913706,0.011936993938619469,0.9770164348511753,0.9819246925531827,1.277533039647577,0,classic,1.0,0.3,0.3,False,n/a,n/a,n/a,n/a,n/a,n/a,n/a,n/a,n/a,n/a,n/a,n/a,n/a,n/a,n/a,n/a,n/a,n/a,n/a
PM9_full_N500,S2,1210865934,500,False,snowdrift,4.0,3.0,0.0,2.0,True,0.01,0.5,100,5,30,0.1,100000,0.12119999999999997,0.06740000000000002,0.4218,0.11420000000000001,0.11900000000000002,0.09519999999999998,0.06120000000000001,0.6220582126145215,0.03571428571428571,1.2333129854690477,1.2934769001024153,1.3178529119988496,5.0,18.388,116.53723006371796,1.0,False,True,0.006318630074525058,13882,fragmented,2498,3724,2.981585268214572,39.5235203180212,0.0011940669876710339,0.10685881178326238,0.013234114370144347,0.9861504596234707,0.9885854508965296,1.3824884792626728,931,classic,1.0,0.3,0.3,False,n/a,n/a,n/a,n/a,n/a,n/a,n/a,n/a,n/a,n/a,n/a,n/a,n/a,n/a,n/a,n/a,n/a,n/a,n/a
PM9_full_N500,S2,1210865934,500,False,snowdrift,4.0,3.0,0.0,2.0,True,0.01,0.5,100,15,30,0.1,100000,0.12799999999999997,0.07819999999999999,0.39440000000000003,0.1006,0.10300000000000001,0.12240000000000002,0.07339999999999999,0.607499819098414,0.02890932982917214,1.3456007151600293,1.4101583948845178,1.444517942153588,14.128,17.764,122.12037171345911,0.688,False,False,0.021696259585042,13740,fragmented,2498,3724,2.981585268214572,39.5235203180212,0.0011940669876710339,0.10685881178326238,0.013234114370144347,0.9841166615940109,0.9856946930938361,1.3662551440329218,931,classic,1.0,0.3,0.3,False,n/a,n/a,n/a,n/a,n/a,n/a,n/a,n/a,n/a,n/a,n/a,n/a,n/a,n/a,n/a,n/a,n/a,n/a,n/a
PM9_full_N500,S2,1210865934,500,False,snowdrift,4.0,3.0,0.0,2.0,True,0.01,0.5,100,5,30,2.0,100000,0.028199999999999996,0.034199999999999994,0.76,0.06400000000000002,0.041999999999999996,0.059800000000000006,0.011799999999999998,0.8499361065846138,0.14295257181028725,0.826397899233075,0.7846879987870338,0.8283415708923455,5.0,232.808,10.247958256035954,1.0,False,True,0.0004145872583490334,23809,connected,2498,4675,3.7429943955164133,34.6293597042272,0.001498996554071451,0.08699016997823777,0.011847088187786313,0.7830063906213214,0.9257117835188795,5.526104417670683,0,classic,1.0,0.3,0.3,False,n/a,n/a,n/a,n/a,n/a,n/a,n/a,n/a,n/a,n/a,n/a,n/a,n/a,n/a,n/a,n/a,n/a,n/a,n/a
PM9_full_N500,S2,381425458,500,False,PD_classic,9.0,5.0,1.0,0.0,True,0.0,0.5,100,15,30,2.0,100000,0.0,0.0,1.0,0.0,0.0,0.0,0.0,1.0,0.0,1.0587967578961857,0.0,1.0587967578961857,15.0,234.944,10.05250718908624,1.0,True,True,0.0,926,baseline,2498,4655,3.7269815852682147,37.43657979976443,0.0014925837345887924,0.08077171329913706,0.011936993938619469,0.8127297046036799,0.9169270156620485,5.694779116465863,0,classic,1.0,0.3,0.3,False,n/a,n/a,n/a,n/a,n/a,n/a,n/a,n/a,n/a,n/a,n/a,n/a,n/a,n/a,n/a,n/a,n/a,n/a,n/a
PM9_full_N500,S2,381425458,500,False,PD_classic,9.0,5.0,1.0,0.0,True,0.0,0.5,100,15,30,0.1,100000,0.0,0.0,1.0,0.0,0.0,0.0,0.0,1.0,0.0,1.2688010995434,0.0,1.2688010995434,14.358,18.28,118.80426881801097,0.694,True,True,0.0,1114,fragmented,2498,3724,2.981585268214572,38.393379466038475,0.0011940669876710339,0.09412734935967365,0.013037719718097033,0.9880259154807954,0.9890206546457758,1.5450643776824033,931,classic,1.0,0.3,0.3,False,n/a,n/a,n/a,n/a,n/a,n/a,n/a,n/a,n/a,n/a,n/a,n/a,n/a,n/a,n/a,n/a,n/a,n/a,n/a
PM9_full_N500,S2,381425458,500,False,PD_classic,9.0,5.0,1.0,0.0,True,0.0,0.5,100,15,30,0.1,100000,0.0,0.0,1.0,0.0,0.0,0.0,0.0,1.0,0.0,1.286876126881046,0.0,1.286876126881046,14.726,20.7,94.01799886821917,0.868,True,True,0.001208817635270541,1211,connected,2498,4675,3.7429943955164133,34.56955895825154,0.001498996554071451,0.09776629271489577,0.011842829931772441,0.9805107515610592,0.9814145261490443,1.4066985645933014,0,classic,1.0,0.3,0.3,False,n/a,n/a,n/a,n/a,n/a,n/a,n/a,n/a,n/a,n/a,n/a,n/a,n/a,n/a,n/a,n/a,n/a,n/a,n/a
PM9_full_N500,S2,381425458,500,False,PD_classic,9.0,5.0,1.0,0.0,True,0.01,0.5,100,0,30,2.0,100000,0.024199999999999996,0.007000000000000001,0.8936,0.0216,0.028600000000000004,0.0188,0.0062,0.9791890759372137,0.0363931762794476,1.2481731907417855,1.2517335052661789,1.248487434299896,231.348,231.348,10.306014596272686,0.0,False,True,-0.00934599258396594,12823,connected,2498,4675,3.7429943955164133,34.56955895825154,0.001498996554071451,0.09776629271489577,0.011842829931772441,0.9219479317782469,0.9219479317782469,5.765656565656566,0,classic,1.0,0.3,0.3,False,n/a,n/a,n/a,n/a,n/a,n/a,n/a,n/a,n/a,n/a,n/a,n/a,n/a,n/a,n/a,n/a,n/a,n/a,n/a
PM9_full_N500,S2,381425458,500,False,PD_classic,9.0,5.0,1.0,0.0,True,0.01,0.5,100,5,30,0.1,100000,0.04819999999999999,0.04499999999999999,0.6718000000000001,0.073,0.04479999999999999,0.06360000000000002,0.0536,0.9027344895427676,0.02502001601281025,1.745911908778367,1.8234197219410626,1.7850881587272196,5.0,20.848,92.80909532794131,1.0,False,True,-0.011125254101014939,10701,baseline,2498,4655,3.7269815852682147,37.43657979976443,0.0014925837345887924,0.08077171329913706,0.011936993938619469,0.9822991791728148,0.9864562420624408,1.2874493927125505,0,classic,1.0,0.3,0.3,False,n/a,n/a,n/a,n/a,n/a,n/a,n/a,n/a,n/a,n/a,n/a,n/a,n/a,n/a,n/a,n/a,n/a,n/a,n/a
PM9_full_N500,S2,381425458,500,False,PD_classic,9.0,5.0,1.0,0.0,True,0.01,0.5,100,5,30,2.0,100000,0.0134,0.009,0.9425999999999999,0.006999999999999999,0.013600000000000001,0.0082,0.0062,0.9752242690818944,0.04556316711805002,1.2454751191847706,1.2102606271357432,1.2452619555440434,5.0,233.16,10.18782845784426,1.0,False,True,-0.00014729338917575396,10363,connected,2498,4675,3.7429943955164133,34.56955895825154,0.001498996554071451,0.09776629271489577,0.011842829931772441,0.7782883213799072,0.9259872986825118,5.795180722891566,0,classic,1.0,0.3,0.3,False,n/a,n/a,n/a,n/a,n/a,n/a,n/a,n/a,n/a,n/a,n/a,n/a,n/a,n/a,n/a,n/a,n/a,n/a,n/a
PM9_full_N500,S2,381425458,500,False,PD_classic,9.0,5.0,1.0,0.0,True,0.01,0.5,100,15,30,2.0,100000,0.016000000000000004,0.0106,0.8989999999999998,0.012,0.016800000000000002,0.03180000000000001,0.013800000000000002,0.9573155159626546,0.05384615384615385,1.253944244676964,1.2210370173165812,1.2536928187561887,15.0,230.972,10.378806540113382,1.0,False,True,-0.0011489805959260459,11146,connected,2498,4675,3.7429943955164133,34.56955895825154,0.001498996554071451,0.09776629271489577,0.011842829931772441,0.8042653101303022,0.9199124806799359,5.755020080321285,0,classic,1.0,0.3,0.3,False,n/a,n/a,n/a,n/a,n/a,n/a,n/a,n/a,n/a,n/a,n/a,n/a,n/a,n/a,n/a,n/a,n/a,n/a,n/a
PM9_full_N500,S2,381425458,500,False,weak_PD,1.6,1.0,0.0,0.0,True,0.0,0.5,100,0,30,0.1,100000,0.019999999999999997,0.0,0.9748000000000001,0.005200000000000001,0.0,0.0,0.0,0.993504697610927,0.0009574875526618154,0.14172066311342413,0.2558764581849411,0.1444034456827144,20.54,20.54,96.87782747351632,0.0,False,True,0.01377012228048253,2946,baseline,2498,4655,3.7269815852682147,37.43657979976443,0.0014925837345887924,0.08077171329913706,0.011936993938619469,0.9841594527776831,0.9841594527776831,1.3361344537815125,0,classic,1.0,0.3,0.3,False,n/a,n/a,n/a,n/a,n/a,n/a,n/a,n/a,n/a,n/a,n/a,n/a,n/a,n/a,n/a,n/a,n/a,n/a,n/a
PM9_full_N500,S2,381425458,500,False,weak_PD,1.6,1.0,0.0,0.0,True,0.0,0.5,100,5,30,2.0,100000,0.0,0.0,1.0,0.0,0.0,0.0,0.0,1.0,0.0,0.03420026863497483,0.0,0.03420026863497483,5.0,193.06,13.437553958235474,1.0,True,True,0.0,2371,fragmented,2498,3724,2.981585268214572,38.393379466038475,0.0011940669876710339,0.09412734935967365,0.013037719718097033,0.8201112209005826,0.9306429315317083,5.384615384615385,931,classic,1.0,0.3,0.3,False,n/a,n/a,n/a,n/a,n/a,n/a,n/a,n/a,n/a,n/a,n/a,n/a,n/a,n/a,n/a,n/a,n/a,n/a,n/a
PM9_full_N500,S2,381425458,500,False,weak_PD,1.6,1.0,0.0,0.0,True,0.0,0.5,100,5,30,0.1,100000,0.0,0.0,0.9960000000000002,0.0,0.004000000000000001,0.0,0.0,1.0,0.0,0.10074087989628643,0.0,0.10054140802300987,5.0,21.456,92.16606986277584,1.0,False,True,0.007152950211812566,2264,connected,2498,4675,3.7429943955164133,34.56955895825154,0.001498996554071451,0.09776629271489577,0.011842829931772441,0.9729419785545188,0.9901110689912618,1.2407407407407407,0,classic,1.0,0.3,0.3,False,n/a,n/a,n/a,n/a,n/a,n/a,n/a,n/a,n/a,n/a,n/a,n/a,n/a,n/a,n/a,n/a,n/a,n/a,n/a
PM9_full_N500,S2,381425458,500,False,weak_PD,1.6,1.0,0.0,0.0,True,0.0,0.5,100,15,30,0.1,100000,0.019999999999999997,0.0,0.9488000000000001,0.031200000000000006,0.0,0.0,0.0,0.9765382463574671,0.004363183045917307,0.14694716399932534,0.36705659091700726,0.16356274333399415,14.258,17.92,121.51332524936278,0.688,False,True,0.013643814575261962,2941,fragmented,2498,3724,2.981585268214572,38.393379466038475,0.0011940669876710339,0.09412734935967365,0.013037719718097033,0.9833425095506269,0.983959225063946,1.373913043478261,931,classic,1.0,0.3,0.3,False,n/a,n/a,n/a,n/a,n/a,n/a,n/a,n/a,n/a,n/a,n/a,n/a,n/a,n/a,n/a,n/a,n/a,n/a,n/a
PM9_full_N500,S2,381425458,500,False,weak_PD,1.6,1.0,0.0,0.0,True,0.0,0.5,100,15,30,2.0,100000,0.0,0.0,1.0,0.0,0.0,0.0,0.0,1.0,0.0,0.028086941362542934,0.0,0.028086941362542934,15.0,232.3,10.273273833322158,1.0,True,True,0.0,1862,baseline,2498,4655,3.7269815852682147,37.43657979976443,0.0014925837345887924,0.08077171329913706,0.011936993938619469,0.8127567527509939,0.9280891963959944,5.667334669338677,0,classic,1.0,0.3,0.3,False,n/a,n/a,n/a,n/a,n/a,n/a,n/a,n/a,n/a,n/a,n/a,n/a,n/a,n/a,n/a,n/a,n/a,n/a,n/a
PM9_full_N500,S2,381425458,500,False,weak_PD,1.6,1.0,0.0,0.0,True,0.0,0.5,100,15,30,2.0,100000,0.0,0.0,1.0,0.0,0.0,0.0,0.0,1.0,0.0,0.02796248526682862,0.0,0.02796248526682862,15.0,232.828,10.187571203022799,1.0,True,True,0.0,1748,connected,2498,4675,3.7429943955164133,34.56955895825154,0.001498996554071451,0.09776629271489577,0.011842829931772441,0.8173962283940504,0.9268997992230692,5.2716297786720325,0,classic,1.0,0.3,0.3,False,n/a,n/a,n/a,n/a,n/a,n/a,n/a,n/a,n/a,n/a,n/a,n/a,n/a,n/a,n/a,n/a,n/a,n/a,n/a
PM9_full_N500,S2,381425458,500,False,weak_PD,1.6,1.0,0.0,0.0,True,0.01,0.5,100,0,30,0.1,100000,0.09739999999999999,0.0722,0.4006000000000001,0.15719999999999998,0.09439999999999998,0.1162,0.06200000000000001,0.581025347036437,0.03121431290445375,0.3554159661988373,0.3726752725383704,0.3946153978172278,17.984,17.984,116.10547996499517,0.0,False,True,-0.0047130908523582826,14125,fragmented,2498,3724,2.981585268214572,38.393379466038475,0.0011940669876710339,0.09412734935967365,0.013037719718097033,0.9881544302322076,0.9881544302322076,1.3920704845814977,931,classic,1.0,0.3,0.3,False,n/a,n/a,n/a,n/a,n/a,n/a,n/a,n/a,n/a,n/a,n/a,n/a,n/a,n/a,n/a,n/a,n/a,n/a,n/a
PM9_full_N500,S2,381425458,500,False,weak_PD,1.6,1.0,0.0,0.0,True,0.01,0.5,100,0,30,0.1,100000,0.1136,0.06020000000000001,0.4708,0.1024,0.09139999999999998,0.10640000000000001,0.055200000000000006,0.6879453983591269,0.030363475177304963,0.364320610061572,0.36589480527475904,0.3760411114642085,21.492,21.492,93.61490537308345,0.0,False,True,-0.0036101424405688472,14271,connected,2498,4675,3.7429943955164133,34.56955895825154,0.001498996554071451,0.09776629271489577,0.011842829931772441,0.9832377213980028,0.9832377213980028,1.2818181818181817,0,classic,1.0,0.3,0.3,False,n/a,n/a,n/a,n/a,n/a,n/a,n/a,n/a,n/a,n/a,n/a,n/a,n/a,n/a,n/a,n/a,n/a,n/a,n/a
PM9_full_N500,S2,381425458,500,False,weak_PD,1.6,1.0,0.0,0.0,True,0.01,0.5,100,5,30,2.0,100000,0.0248,0.0116,0.8684000000000001,0.036199999999999996,0.019199999999999995,0.0258,0.014000000000000002,0.9534396134733383,0.07022873481057898,0.10445579868346433,0.1161525102232869,0.104873811501538,5.0,230.736,10.28708748950558,1.0,False,True,0.0006662234648942258,14495,baseline,2498,4655,3.7269815852682147,37.43657979976443,0.0014925837345887924,0.08077171329913706,0.011936993938619469,0.7725660229146901,0.9222956040504409,5.451612903225806,0,classic,1.0,0.3,0.3,False,n/a,n/a,n/a,n/a,n/a,n/a,n/a,n/a,n/a,n/a,n/a,n/a,n/a,n/a,n/a,n/a,n/a,n/a,n/a
PM9_full_N500,S2,381425458,500,False,weak_PD,1.6,1.0,0.0,0.0,True,0.01,0.5,100,15,30,0.1,100000,0.1528,0.054200000000000005,0.42700000000000005,0.13040000000000002,0.1006,0.0776,0.05740000000000001,0.6205828504891785,0.038773274917853234,0.40528237202139333,0.42296051309583693,0.4277696818234525,14.714,21.388,92.9586166051892,0.86,False,True,0.002692657170632162,14202,baseline,2498,4655,3.7269815852682147,37.43657979976443,0.0014925837345887924,0.08077171329913706,0.011936993938619469,0.98326550989128,0.9835789895151045,1.3,0,classic,1.0,0.3,0.3,False,n/a,n/a,n/a,n/a,n/a,n/a,n/a,n/a,n/a,n/a,n/a,n/a,n/a,n/a,n/a,n/a,n/a,n/a,n/a
PM9_full_N500,S2,381425458,500,False,weak_PD,1.6,1.0,0.0,0.0,True,0.01,0.5,100,5,30,2.0,100000,0.04559999999999999,0.011399999999999997,0.8097999999999999,0.0502,0.026000000000000002,0.029400000000000003,0.027600000000000003,0.9202604882495248,0.09480458326793283,0.1071945459322292,0.10559167183851767,0.10717956181737369,5.0,190.532,13.686870083604777,1.0,False,True,-0.006161919047669965,16551,fragmented,2498,3724,2.981585268214572,38.393379466038475,0.0011940669876710339,0.09412734935967365,0.013037719718097033,0.8149249033462245,0.9367231053421863,5.235772357723577,931,classic,1.0,0.3,0.3,False,n/a,n/a,n/a,n/a,n/a,n/a,n/a,n/a,n/a,n/a,n/a,n/a,n/a,n/a,n/a,n/a,n/a,n/a,n/a
PM9_full_N500,S2,381425458,500,False,weak_PD,1.6,1.0,0.0,0.0,True,0.01,0.5,100,15,30,0.1,100000,0.1052,0.045,0.4596,0.1096,0.09779999999999998,0.101,0.0818,0.6914953153952561,0.027804227766139784,0.36341765517346153,0.37848564593619277,0.39221237555852134,14.34,18.228,114.61607760036685,0.71,False,True,0.001960078240317722,13950,fragmented,2498,3724,2.981585268214572,38.393379466038475,0.0011940669876710339,0.09412734935967365,0.013037719718097033,0.986285970010136,0.987556997170089,1.3593073593073592,931,classic,1.0,0.3,0.3,False,n/a,n/a,n/a,n/a,n/a,n/a,n/a,n/a,n/a,n/a,n/a,n/a,n/a,n/a,n/a,n/a,n/a,n/a,n/a
PM9_full_N500,S2,381425458,500,False,snowdrift,4.0,3.0,0.0,2.0,True,0.0,0.5,100,0,30,0.1,100000,0.0,0.0,1.0,0.0,0.0,0.0,0.0,1.0,0.0,0.4370515639607222,0.0,0.4370515639607222,21.332,21.332,91.83081356592214,0.0,True,True,0.010851105804428347,2482,baseline,2498,4655,3.7269815852682147,37.43657979976443,0.0014925837345887924,0.08077171329913706,0.011936993938619469,0.9882931975492003,0.9882931975492003,1.3830845771144278,0,classic,1.0,0.3,0.3,False,n/a,n/a,n/a,n/a,n/a,n/a,n/a,n/a,n/a,n/a,n/a,n/a,n/a,n/a,n/a,n/a,n/a,n/a,n/a
PM9_full_N500,S2,381425458,500,False,snowdrift,4.0,3.0,0.0,2.0,True,0.0,0.5,100,0,30,0.1,100000,0.0,0.0,0.9960000000000002,0.004000000000000001,0.0,0.0,0.0,0.9983291457286432,0.003606202668589975,0.5873041919189932,0.0,0.5880989812971379,17.588,17.588,121.21470093804423,0.0,False,True,0.015553943815775994,2675,fragmented,2498,3724,2.981585268214572,38.393379466038475,0.0011940669876710339,0.09412734935967365,0.013037719718097033,0.9845153687948517,0.9845153687948517,1.4444444444444444,931,classic,1.0,0.3,0.3,False,n/a,n/a,n/a,n/a,n/a,n/a,n/a,n/a,n/a,n/a,n/a,n/a,n/a,n/a,n/a,n/a,n/a,n/a,n/a
PM9_full_N500,S2,381425458,500,False,snowdrift,4.0,3.0,0.0,2.0,True,0.0,0.5,100,0,30,2.0,100000,0.0,0.0,1.0,0.0,0.0,0.0,0.0,1.0,0.0,0.1974480991782988,0.0,0.1974480991782988,232.896,232.896,10.25258083483441,0.0,True,True,9.561638246552986e-06,4208,connected,2498,4675,3.7429943955164133,34.56955895825154,0.001498996554071451,0.09776629271489577,0.011842829931772441,0.924596413979225,0.924596413979225,5.429718875502008,0,classic,1.0,0.3,0.3,False,n/a,n/a,n/a,n/a,n/a,n/a,n/a,n/a,n/a,n/a,n/a,n/a,n/a,n/a,n/a,n/a,n/a,n/a,n/a
PM9_full_N500,S2,381425458,500,False,snowdrift,4.0,3.0,0.0,2.0,True,0.0,0.5,100,5,30,0.1,100000,0.0,0.0,0.9986,0.0,0.0014,0.0,0.0,0.999889624724062,0.00022084805653710247,0.40794742757037433,0.0,0.40794742757037433,5.0,21.308,92.25519060017022,1.0,True,True,0.006782407929619268,2760,connected,2498,4675,3.7429943955164133,34.56955895825154,0.001498996554071451,0.09776629271489577,0.011842829931772441,0.971977086419215,0.9768521811955168,1.3153153153153154,0,classic,1.0,0.3,0.3,False,n/a,n/a,n/a,n/a,n/a,n/a,n/a,n/a,n/a,n/a,n/a,n/a,n/a,n/a,n/a,n/a,n/a,n/a,n/a
PM9_full_N500,S2,381425458,500,False,snowdrift,4.0,3.0,0.0,2.0,True,0.0,0.5,100,15,30,0.1,100000,0.0,0.0,0.9833999999999999,0.016600000000000004,0.0,0.0,0.0,0.9730449792405498,0.001276595744680851,0.5792401664704729,0.0,0.5928399209162174,14.284,17.644,120.12899482833049,0.688,False,True,0.01474886539546671,2678,fragmented,2498,3724,2.981585268214572,38.393379466038475,0.0011940669876710339,0.09412734935967365,0.013037719718097033,0.984949088735381,0.9853939448967436,1.25,931,classic,1.0,0.3,0.3,False,n/a,n/a,n/a,n/a,n/a,n/a,n/a,n/a,n/a,n/a,n/a,n/a,n/a,n/a,n/a,n/a,n/a,n/a,n/a
PM9_full_N500,S2,381425458,500,False,snowdrift,4.0,3.0,0.0,2.0,True,0.0,0.5,100,15,30,2.0,100000,0.0,0.0,1.0,0.0,0.0,0.0,0.0,1.0,0.0,0.24948990549967712,0.0,0.24948990549967712,15.0,235.38,10.109027322317814,1.0,True,True,0.0,5445,connected,2498,4675,3.7429943955164133,34.56955895825154,0.001498996554071451,0.09776629271489577,0.011842829931772441,0.821792518712645,0.9264933182954022,5.682092555331992,0,classic,1.0,0.3,0.3,False,n/a,n/a,n/a,n/a,n/a,n/a,n/a,n/a,n/a,n/a,n/a,n/a,n/a,n/a,n/a,n/a,n/a,n/a,n/a
PM9_full_N500,S2,381425458,500,False,snowdrift,4.0,3.0,0.0,2.0,True,0.01,0.5,100,0,30,2.0,100000,0.1062,0.046,0.5012000000000001,0.1296,0.05800000000000001,0.08499999999999999,0.074,0.7249500518712708,0.17841863413088258,1.2048442108536601,1.230713694753506,1.2196642264597566,187.04,187.04,13.973353007048098,0.0,False,True,0.019504167616669003,31742,fragmented,2498,3724,2.981585268214572,38.393379466038475,0.0011940669876710339,0.09412734935967365,0.013037719718097033,0.9332026588695103,0.9332026588695103,4.891566265060241,931,classic,1.0,0.3,0.3,False,n/a,n/a,n/a,n/a,n/a,n/a,n/a,n/a,n/a,n/a,n/a,n/a,n/a,n/a,n/a,n/a,n/a,n/a,n/a
PM9_full_N500,S2,381425458,500,False,snowdrift,4.0,3.0,0.0,2.0,True,0.01,0.5,100,5,30,2.0,100000,0.09379999999999998,0.0214,0.6654000000000001,0.045399999999999996,0.053200000000000004,0.09079999999999998,0.03,0.8275057466031654,0.10831438778824294,0.8887894336223052,0.9401827319157539,0.8950632579202992,5.0,194.812,13.244871232894353,1.0,False,True,-0.006560887043550738,25958,fragmented,2498,3724,2.981585268214572,38.393379466038475,0.0011940669876710339,0.09412734935967365,0.013037719718097033,0.8144991948931816,0.9287526062941471,4.973737373737373,931,classic,1.0,0.3,0.3,False,n/a,n/a,n/a,n/a,n/a,n/a,n/a,n/a,n/a,n/a,n/a,n/a,n/a,n/a,n/a,n/a,n/a,n/a,n/a
PM9_full_N500,S2,381425458,500,False,snowdrift,4.0,3.0,0.0,2.0,True,0.01,0.5,100,5,30,0.1,100000,0.06120000000000001,0.04359999999999999,0.5412000000000001,0.101,0.09239999999999998,0.07699999999999999,0.08359999999999998,0.7969505064613083,0.032432432432432434,1.1373741198852974,1.200041460777206,1.1927919682160473,5.0,20.932,92.5485862969359,1.0,False,True,0.008326516506069687,14105,connected,2498,4675,3.7429943955164133,34.56955895825154,0.001498996554071451,0.09776629271489577,0.011842829931772441,0.9710818575587896,0.9742257617069855,1.3008849557522124,0,classic,1.0,0.3,0.3,False,n/a,n/a,n/a,n/a,n/a,n/a,n/a,n/a,n/a,n/a,n/a,n/a,n/a,n/a,n/a,n/a,n/a,n/a,n/a
PM9_full_N500,S2,381425458,500,False,snowdrift,4.0,3.0,0.0,2.0,True,0.01,0.5,100,15,30,2.0,100000,0.1034,0.03660000000000001,0.6384000000000001,0.05700000000000001,0.07880000000000001,0.04659999999999999,0.0392,0.7830348342294235,0.1373244869618886,1.023405092301875,1.080457798541828,1.0303190336028956,15.0,193.472,13.307025695243206,1.0,False,True,-0.009154001416007494,28367,fragmented,2498,3724,2.981585268214572,38.393379466038475,0.0011940669876710339,0.09412734935967365,0.013037719718097033,0.8517759720882493,0.9288458605350413,5.417004048582996,931,classic,1.0,0.3,0.3,False,n/a,n/a,n/a,n/a,n/a,n/a,n/a,n/a,n/a,n/a,n/a,n/a,n/a,n/a,n/a,n/a,n/a,n/a,n/a
PM9_full_N500,S2,228033215,500,False,PD_classic,9.0,5.0,1.0,0.0,True,0.01,0.5,100,5,30,0.1,100000,0.0548,0.05700000000000001,0.6887999999999999,0.054000000000000006,0.053000000000000005,0.04459999999999999,0.047799999999999995,0.9145165433229476,0.01906189762261726,1.685845150700037,1.8552545434877865,1.717138167571862,5.0,20.836,92.85260762358614,1.0,False,True,0.004384030336120246,10771,baseline,2498,4655,3.7269815852682147,37.43657979976443,0.0014925837345887924,0.08077171329913706,0.011936993938619469,0.9836632592923971,0.9893803103394673,1.3775510204081634,0,classic,1.0,0.3,0.3,False,n/a,n/a,n/a,n/a,n/a,n/a,n/a,n/a,n/a,n/a,n/a,n/a,n/a,n/a,n/a,n/a,n/a,n/a,n/a
PM9_full_N500,S2,228033215,500,False,PD_classic,9.0,5.0,1.0,0.0,True,0.0,0.5,100,15,30,2.0,100000,0.0,0.0,1.0,0.0,0.0,0.0,0.0,1.0,0.0,1.0566476680182637,0.0,1.0566476680182637,15.0,231.876,10.289163040334723,1.0,True,True,0.0,974,baseline,2498,4655,3.7269815852682147,37.43657979976443,0.0014925837345887924,0.08077171329913706,0.011936993938619469,0.8214086901183756,0.922646133724178,5.753036437246964,0,classic,1.0,0.3,0.3,False,n/a,n/a,n/a,n/a,n/a,n/a,n/a,n/a,n/a,n/a,n/a,n/a,n/a,n/a,n/a,n/a,n/a,n/a,n/a
PM9_full_N500,S2,228033215,500,False,PD_classic,9.0,5.0,1.0,0.0,True,0.01,0.5,100,0,30,2.0,100000,0.055600000000000004,0.01,0.8371999999999999,0.039400000000000004,0.0248,0.02,0.013000000000000001,0.9631350808078436,0.05043069694596711,1.2489829898470748,1.2675864775657377,1.2515465469670377,197.868,197.868,13.058911610154608,0.0,False,True,-0.002575210300847795,13753,fragmented,2498,3724,2.981585268214572,38.220083267896875,0.0011940669876710339,0.09690636794923324,0.012991830162527055,0.9370723202808099,0.9370723202808099,5.126760563380282,931,classic,1.0,0.3,0.3,False,n/a,n/a,n/a,n/a,n/a,n/a,n/a,n/a,n/a,n/a,n/a,n/a,n/a,n/a,n/a,n/a,n/a,n/a,n/a
PM9_full_N500,S2,228033215,500,False,PD_classic,9.0,5.0,1.0,0.0,True,0.01,0.5,100,5,30,2.0,100000,0.009,0.008000000000000002,0.9144,0.014600000000000002,0.028000000000000004,0.016200000000000003,0.0098,0.9760666086165048,0.04541574184736213,1.2368131728167662,1.2443966595365745,1.237249796815332,5.0,200.268,13.042194175957695,1.0,False,True,0.0016433921735657647,10913,fragmented,2498,3724,2.981585268214572,38.220083267896875,0.0011940669876710339,0.09690636794923324,0.012991830162527055,0.8161639074201196,0.9303973889984182,5.038383838383838,931,classic,1.0,0.3,0.3,False,n/a,n/a,n/a,n/a,n/a,n/a,n/a,n/a,n/a,n/a,n/a,n/a,n/a,n/a,n/a,n/a,n/a,n/a,n/a
PM9_full_N500,S2,228033215,500,False,PD_classic,9.0,5.0,1.0,0.0,True,0.01,0.5,100,15,30,0.1,100000,0.0788,0.06080000000000001,0.584,0.06100000000000001,0.09519999999999998,0.06180000000000001,0.05840000000000001,0.859852701161653,0.015050167224080268,1.905945928845121,1.9572324519464874,1.9919045288521293,14.03,17.836,120.63759996282886,0.678,False,True,-0.000490312361249445,11154,fragmented,2498,3724,2.981585268214572,38.220083267896875,0.0011940669876710339,0.09690636794923324,0.012991830162527055,0.9902284902788536,0.9925387852291438,1.3838862559241707,931,classic,1.0,0.3,0.3,False,n/a,n/a,n/a,n/a,n/a,n/a,n/a,n/a,n/a,n/a,n/a,n/a,n/a,n/a,n/a,n/a,n/a,n/a,n/a
PM9_full_N500,S2,228033215,500,False,weak_PD,1.6,1.0,0.0,0.0,True,0.0,0.5,100,0,30,0.1,100000,0.0020000000000000005,0.0,0.998,0.0,0.0,0.0,0.0,1.0,0.0,0.10891492007000779,0.22936576889661164,0.109155821767661,20.58,20.58,95.2109487726165,0.0,False,True,0.01028722834890241,2439,baseline,2498,4655,3.7269815852682147,37.43657979976443,0.0014925837345887924,0.08077171329913706,0.011936993938619469,0.9806234257441958,0.9806234257441958,1.3055555555555556,0,classic,1.0,0.3,0.3,False,n/a,n/a,n/a,n/a,n/a,n/a,n/a,n/a,n/a,n/a,n/a,n/a,n/a,n/a,n/a,n/a,n/a,n/a,n/a
PM9_full_N500,S2,228033215,500,False,PD_classic,9.0,5.0,1.0,0.0,True,0.01,0.5,100,15,30,2.0,100000,0.027600000000000003,0.0073999999999999995,0.9031999999999998,0.0186,0.019,0.015,0.0092,0.9723046832081683,0.04751286449399657,1.246257472331228,1.2575653865661167,1.2470652304448155,15.0,227.6,10.439563356873903,1.0,False,True,0.0015820863283438485,11162,baseline,2498,4655,3.7269815852682147,37.43657979976443,0.0014925837345887924,0.08077171329913706,0.011936993938619469,0.8217362314566654,0.9275088573489143,5.481927710843373,0,classic,1.0,0.3,0.3,False,n/a,n/a,n/a,n/a,n/a,n/a,n/a,n/a,n/a,n/a,n/a,n/a,n/a,n/a,n/a,n/a,n/a,n/a,n/a
PM9_full_N500,S2,228033215,500,False,weak_PD,1.6,1.0,0.0,0.0,True,0.0,0.5,100,0,30,0.1,100000,0.021999999999999995,0.0,0.974,0.0020000000000000005,0.0020000000000000005,0.0,0.0,0.994275025900383,0.00019916351324437363,0.18500578921129712,0.4833152277448045,0.1936172113833485,18.9,18.9,115.11184024274532,0.0,False,False,0.03542555290221234,3239,fragmented,2498,3724,2.981585268214572,38.220083267896875,0.0011940669876710339,0.09690636794923324,0.012991830162527055,0.9885417703197893,0.9885417703197893,1.3873873873873874,931,classic,1.0,0.3,0.3,False,n/a,n/a,n/a,n/a,n/a,n/a,n/a,n/a,n/a,n/a,n/a,n/a,n/a,n/a,n/a,n/a,n/a,n/a,n/a
PM9_full_N500,S2,228033215,500,False,weak_PD,1.6,1.0,0.0,0.0,True,0.0,0.5,100,15,30,0.1,100000,0.0020000000000000005,0.0,0.998,0.0,0.0,0.0,0.0,1.0,0.0,0.10891492007000779,0.22936576889661164,0.109155821767661,14.772,20.58,95.2109487726165,0.85,False,True,0.01028722834890241,2439,baseline,2498,4655,3.7269815852682147,37.43657979976443,0.0014925837345887924,0.08077171329913706,0.011936993938619469,0.9797631962076067,0.9806234257441958,1.3055555555555556,0,classic,1.0,0.3,0.3,False,n/a,n/a,n/a,n/a,n/a,n/a,n/a,n/a,n/a,n/a,n/a,n/a,n/a,n/a,n/a,n/a,n/a,n/a,n/a
PM9_full_N500,S2,228033215,500,False,weak_PD,1.6,1.0,0.0,0.0,True,0.01,0.5,100,5,30,0.1,100000,0.1256,0.0508,0.46160000000000007,0.08199999999999999,0.08579999999999999,0.1304,0.06380000000000001,0.72970983878038,0.02212581344902386,0.38720241687039864,0.4369639783290566,0.41764058014244704,5.0,21.056,92.65408406293685,1.0,False,True,0.0043693422773744195,14258,baseline,2498,4655,3.7269815852682147,37.43657979976443,0.0014925837345887924,0.08077171329913706,0.011936993938619469,0.9749939579510338,0.9783595462168999,1.36,0,classic,1.0,0.3,0.3,False,n/a,n/a,n/a,n/a,n/a,n/a,n/a,n/a,n/a,n/a,n/a,n/a,n/a,n/a,n/a,n/a,n/a,n/a,n/a
PM9_full_N500,S2,228033215,500,False,weak_PD,1.6,1.0,0.0,0.0,True,0.0,0.5,100,5,30,2.0,100000,0.0,0.0,1.0,0.0,0.0,0.0,0.0,1.0,0.0,0.02973446919194969,0.0,0.02973446919194969,5.0,234.724,10.151419707893647,1.0,True,True,0.0,1902,connected,2498,4675,3.7429943955164133,34.43607266719016,0.001498996554071451,0.09208441962113664,0.01182878788680388,0.7800659110889204,0.9204434120311724,6.204819277108434,0,classic,1.0,0.3,0.3,False,n/a,n/a,n/a,n/a,n/a,n/a,n/a,n/a,n/a,n/a,n/a,n/a,n/a,n/a,n/a,n/a,n/a,n/a,n/a
PM9_full_N500,S2,228033215,500,False,weak_PD,1.6,1.0,0.0,0.0,True,0.01,0.5,100,5,30,2.0,100000,0.029400000000000003,0.013199999999999998,0.8852,0.0144,0.0144,0.023799999999999995,0.019600000000000003,0.9550096236204977,0.06875,0.10697258053609328,0.10756634755819616,0.10690803428164762,5.0,233.848,10.176549672682592,1.0,False,True,-0.00178820875283611,15448,connected,2498,4675,3.7429943955164133,34.43607266719016,0.001498996554071451,0.09208441962113664,0.01182878788680388,0.7700935713171808,0.9154843317742353,5.674044265593562,0,classic,1.0,0.3,0.3,False,n/a,n/a,n/a,n/a,n/a,n/a,n/a,n/a,n/a,n/a,n/a,n/a,n/a,n/a,n/a,n/a,n/a,n/a,n/a
PM9_full_N500,S2,228033215,500,False,weak_PD,1.6,1.0,0.0,0.0,True,0.01,0.5,100,15,30,0.1,100000,0.1078,0.06960000000000002,0.40420000000000006,0.1102,0.11180000000000001,0.11280000000000001,0.0836,0.6119676540592169,0.03000419639110365,0.3963112492566457,0.4537020542521892,0.43931783548991454,14.15,18.296,116.33454760410524,0.67,False,True,0.0038586682346758686,14175,fragmented,2498,3724,2.981585268214572,38.220083267896875,0.0011940669876710339,0.09690636794923324,0.012991830162527055,0.982057731675623,0.9821842498942465,1.4230769230769231,931,classic,1.0,0.3,0.3,False,n/a,n/a,n/a,n/a,n/a,n/a,n/a,n/a,n/a,n/a,n/a,n/a,n/a,n/a,n/a,n/a,n/a,n/a,n/a
PM9_full_N500,S2,228033215,500,False,weak_PD,1.6,1.0,0.0,0.0,True,0.01,0.5,100,15,30,0.1,100000,0.08479999999999999,0.07299999999999998,0.4276000000000001,0.1182,0.11040000000000001,0.1032,0.08279999999999998,0.6306008970636567,0.04600959441779329,0.3948834642458123,0.4296556779395653,0.41257005675536534,14.62,20.884,97.1365375525668,0.828,False,True,-0.0061226548906151675,14354,connected,2498,4675,3.7429943955164133,34.43607266719016,0.001498996554071451,0.09208441962113664,0.01182878788680388,0.9812621680187276,0.9816684867221478,1.3703703703703705,0,classic,1.0,0.3,0.3,False,n/a,n/a,n/a,n/a,n/a,n/a,n/a,n/a,n/a,n/a,n/a,n/a,n/a,n/a,n/a,n/a,n/a,n/a,n/a
PM9_full_N500,S2,228033215,500,False,snowdrift,4.0,3.0,0.0,2.0,True,0.0,0.5,100,0,30,0.1,100000,0.0020000000000000005,0.0,0.9259999999999999,0.0528,0.0132,0.004000000000000001,0.0020000000000000005,0.8293526594483863,0.0,0.5480019118776625,1.9763895720609936,0.6783438577281529,17.808,17.808,119.66422911889566,0.0,False,False,0.021134695738788085,2933,fragmented,2498,3724,2.981585268214572,38.220083267896875,0.0011940669876710339,0.09690636794923324,0.012991830162527055,0.9795910460475294,0.9795910460475294,1.3272727272727274,931,classic,1.0,0.3,0.3,False,n/a,n/a,n/a,n/a,n/a,n/a,n/a,n/a,n/a,n/a,n/a,n/a,n/a,n/a,n/a,n/a,n/a,n/a,n/a
PM9_full_N500,S2,228033215,500,False,snowdrift,4.0,3.0,0.0,2.0,True,0.0,0.5,100,15,30,0.1,100000,0.0020000000000000005,0.0,0.998,0.0,0.0,0.0,0.0,1.0,0.0,0.4185750564378521,0.7917981072555205,0.4193215025394874,14.772,21.148,91.88288642453031,0.888,False,True,0.015915337261337325,2660,baseline,2498,4655,3.7269815852682147,37.43657979976443,0.0014925837345887924,0.08077171329913706,0.011936993938619469,0.9825848932106314,0.982995265661984,1.3805309734513274,0,classic,1.0,0.3,0.3,False,n/a,n/a,n/a,n/a,n/a,n/a,n/a,n/a,n/a,n/a,n/a,n/a,n/a,n/a,n/a,n/a,n/a,n/a,n/a
PM9_full_N500,S2,228033215,500,False,snowdrift,4.0,3.0,0.0,2.0,True,0.01,0.5,100,0,30,0.1,100000,0.08639999999999999,0.06280000000000001,0.5058,0.10899999999999999,0.11779999999999999,0.06820000000000001,0.049999999999999996,0.6345040092477021,0.0456989247311828,1.2411736376651699,1.3138055522359025,1.2943686442908204,21.512,21.512,92.29893795790225,0.0,False,False,0.022176280705122457,14299,baseline,2498,4655,3.7269815852682147,37.43657979976443,0.0014925837345887924,0.08077171329913706,0.011936993938619469,0.9770286567996276,0.9770286567996276,1.2533333333333334,0,classic,1.0,0.3,0.3,False,n/a,n/a,n/a,n/a,n/a,n/a,n/a,n/a,n/a,n/a,n/a,n/a,n/a,n/a,n/a,n/a,n/a,n/a,n/a
PM9_full_N500,S2,228033215,500,False,snowdrift,4.0,3.0,0.0,2.0,True,0.0,0.5,100,5,30,2.0,100000,0.0,0.0,1.0,0.0,0.0,0.0,0.0,1.0,0.0,0.19533402729902183,0.0,0.19533402729902183,5.0,232.232,10.212453937879127,1.0,True,True,0.0,3869,baseline,2498,4655,3.7269815852682147,37.43657979976443,0.0014925837345887924,0.08077171329913706,0.011936993938619469,0.7852939441816178,0.9202074732075975,5.517102615694165,0,classic,1.0,0.3,0.3,False,n/a,n/a,n/a,n/a,n/a,n/a,n/a,n/a,n/a,n/a,n/a,n/a,n/a,n/a,n/a,n/a,n/a,n/a,n/a
PM9_full_N500,S2,228033215,500,False,snowdrift,4.0,3.0,0.0,2.0,True,0.0,0.5,100,15,30,2.0,100000,0.0,0.0,1.0,0.0,0.0,0.0,0.0,1.0,0.0,0.20319790437673355,0.0,0.20319790437673355,15.0,233.708,10.240387631208717,1.0,True,True,0.0,4276,connected,2498,4675,3.7429943955164133,34.43607266719016,0.001498996554071451,0.09208441962113664,0.01182878788680388,0.8136416303692506,0.9226094079611968,5.393574297188755,0,classic,1.0,0.3,0.3,False,n/a,n/a,n/a,n/a,n/a,n/a,n/a,n/a,n/a,n/a,n/a,n/a,n/a,n/a,n/a,n/a,n/a,n/a,n/a
PM9_full_N500,S2,228033215,500,False,snowdrift,4.0,3.0,0.0,2.0,True,0.01,0.5,100,5,30,0.1,100000,0.1536,0.08719999999999999,0.3682,0.09339999999999998,0.0842,0.13360000000000002,0.0798,0.6131283224449491,0.03854692230070636,1.2731495678324,1.3123113944773042,1.3809130398916836,5.0,21.32,91.59632612251907,1.0,False,True,-0.010417808071232468,14564,connected,2498,4675,3.7429943955164133,34.43607266719016,0.001498996554071451,0.09208441962113664,0.01182878788680388,0.9817510605495918,0.9870213699735995,1.3508771929824561,0,classic,1.0,0.3,0.3,False,n/a,n/a,n/a,n/a,n/a,n/a,n/a,n/a,n/a,n/a,n/a,n/a,n/a,n/a,n/a,n/a,n/a,n/a,n/a
PM9_full_N500,S2,228033215,500,False,snowdrift,4.0,3.0,0.0,2.0,True,0.01,0.5,100,5,30,2.0,100000,0.059800000000000006,0.026799999999999997,0.7075999999999999,0.09019999999999997,0.03400000000000001,0.04859999999999999,0.03300000000000001,0.8252109745377376,0.1493783633327148,0.8089733247486267,0.7914880831402613,0.8055881035721336,5.0,232.032,10.198802144568726,1.0,False,True,0.0032377377509506377,23424,baseline,2498,4655,3.7269815852682147,37.43657979976443,0.0014925837345887924,0.08077171329913706,0.011936993938619469,0.7628684733821268,0.9170427081345615,5.365461847389558,0,classic,1.0,0.3,0.3,False,n/a,n/a,n/a,n/a,n/a,n/a,n/a,n/a,n/a,n/a,n/a,n/a,n/a,n/a,n/a,n/a,n/a,n/a,n/a
PM9_full_N500,S2,228033215,500,False,snowdrift,4.0,3.0,0.0,2.0,True,0.01,0.5,100,15,30,2.0,100000,0.048799999999999996,0.0202,0.7412000000000001,0.06260000000000002,0.05399999999999999,0.048799999999999996,0.0244,0.8976810128365094,0.11439049947607405,0.9044088095978075,0.913401045618056,0.908905755578103,15.0,232.54,10.243274808190838,1.0,False,True,0.005584649538594859,26063,connected,2498,4675,3.7429943955164133,34.43607266719016,0.001498996554071451,0.09208441962113664,0.01182878788680388,0.8284843310431955,0.930164477425811,5.362903225806452,0,classic,1.0,0.3,0.3,False,n/a,n/a,n/a,n/a,n/a,n/a,n/a,n/a,n/a,n/a,n/a,n/a,n/a,n/a,n/a,n/a,n/a,n/a,n/a
PM9_full_N500,S2,475630065,500,False,PD_classic,9.0,5.0,1.0,0.0,True,0.0,0.5,100,15,30,2.0,100000,0.0,0.0,1.0,0.0,0.0,0.0,0.0,1.0,0.0,1.071353711945197,0.0,1.071353711945197,15.0,188.136,13.774699756306681,1.0,True,True,0.0,1081,fragmented,2498,3724,2.981585268214572,38.84233902630546,0.0011940669876710339,0.1107662487752422,0.01330569014528957,0.8748970300721828,0.9454728150150746,5.075356415478615,931,classic,1.0,0.3,0.3,False,n/a,n/a,n/a,n/a,n/a,n/a,n/a,n/a,n/a,n/a,n/a,n/a,n/a,n/a,n/a,n/a,n/a,n/a,n/a
PM9_full_N500,S2,475630065,500,False,PD_classic,9.0,5.0,1.0,0.0,True,0.01,0.5,100,5,30,0.1,100000,0.054400000000000004,0.04939999999999999,0.7017999999999999,0.04959999999999999,0.044,0.057600000000000005,0.043199999999999995,0.9082273164340066,0.02018241800892684,1.6745314852374102,1.7911050190060547,1.6938085098297548,5.0,20.972,93.61789926936876,1.0,False,True,-0.0020217680870745457,10355,connected,2498,4675,3.7429943955164133,34.617765181258996,0.001498996554071451,0.08534366914141805,0.011830709163410108,0.9759587849882253,0.9820308409301263,1.4035087719298245,0,classic,1.0,0.3,0.3,False,n/a,n/a,n/a,n/a,n/a,n/a,n/a,n/a,n/a,n/a,n/a,n/a,n/a,n/a,n/a,n/a,n/a,n/a,n/a
PM9_full_N500,S2,475630065,500,False,PD_classic,9.0,5.0,1.0,0.0,True,0.01,0.5,100,0,30,0.1,100000,0.07279999999999999,0.04379999999999999,0.671,0.044399999999999995,0.04639999999999999,0.06460000000000002,0.05700000000000001,0.8987793616321719,0.02862294343024566,1.756353301386641,1.890297503737998,1.8212025858733094,20.672,20.672,95.35001915548987,0.0,False,True,0.013879793119176137,10817,connected,2498,4675,3.7429943955164133,34.617765181258996,0.001498996554071451,0.08534366914141805,0.011830709163410108,0.9819141119445493,0.9819141119445493,1.287037037037037,0,classic,1.0,0.3,0.3,False,n/a,n/a,n/a,n/a,n/a,n/a,n/a,n/a,n/a,n/a,n/a,n/a,n/a,n/a,n/a,n/a,n/a,n/a,n/a
PM9_full_N500,S2,475630065,500,False,PD_classic,9.0,5.0,1.0,0.0,True,0.01,0.5,100,5,30,2.0,100000,0.0128,0.0064,0.9400000000000001,0.012599999999999997,0.0124,0.009200000000000002,0.0066,0.9733935303845376,0.05039454806312769,1.2368315303639656,1.2321519449263851,1.2368075995266865,5.0,229.76,10.412597286745562,1.0,False,True,-0.0034991467965849892,10353,baseline,2498,4655,3.7269815852682147,37.43657979976443,0.0014925837345887924,0.08077171329913706,0.011936993938619469,0.7783515631375698,0.9183899059626572,5.557344064386318,0,classic,1.0,0.3,0.3,False,n/a,n/a,n/a,n/a,n/a,n/a,n/a,n/a,n/a,n/a,n/a,n/a,n/a,n/a,n/a,n/a,n/a,n/a,n/a
PM9_full_N500,S2,475630065,500,False,PD_classic,9.0,5.0,1.0,0.0,True,0.0,0.5,100,15,30,2.0,100000,0.0,0.0,1.0,0.0,0.0,0.0,0.0,1.0,0.0,1.064762264365574,0.0,1.064762264365574,15.0,230.692,10.287504630614059,1.0,True,True,0.0,958,connected,2498,4675,3.7429943955164133,34.617765181258996,0.001498996554071451,0.08534366914141805,0.011830709163410108,0.827512844972345,0.9238351441141679,5.360160965794768,0,classic,1.0,0.3,0.3,False,n/a,n/a,n/a,n/a,n/a,n/a,n/a,n/a,n/a,n/a,n/a,n/a,n/a,n/a,n/a,n/a,n/a,n/a,n/a
PM9_full_N500,S2,475630065,500,False,PD_classic,9.0,5.0,1.0,0.0,True,0.01,0.5,100,15,30,0.1,100000,0.07239999999999999,0.04279999999999999,0.6806,0.05539999999999999,0.0548,0.04819999999999999,0.045799999999999993,0.9093320349085848,0.019026637292209093,1.7913061636284968,1.5963153569631634,1.810909186208498,14.808,20.888,92.2262336921648,0.864,False,True,0.004274013896054852,11139,connected,2498,4675,3.7429943955164133,34.617765181258996,0.001498996554071451,0.08534366914141805,0.011830709163410108,0.9839963284842598,0.9847559175013094,1.4210526315789473,0,classic,1.0,0.3,0.3,False,n/a,n/a,n/a,n/a,n/a,n/a,n/a,n/a,n/a,n/a,n/a,n/a,n/a,n/a,n/a,n/a,n/a,n/a,n/a
PM9_full_N500,S2,475630065,500,False,PD_classic,9.0,5.0,1.0,0.0,True,0.01,0.5,100,15,30,2.0,100000,0.029000000000000005,0.0066,0.9022,0.027000000000000003,0.011199999999999998,0.0124,0.0116,0.9715504522371761,0.04207221350078493,1.230661879522457,1.2498127370302226,1.2320302152019478,15.0,188.74,13.776047115475016,1.0,False,True,-0.0012030288121156146,11853,fragmented,2498,3724,2.981585268214572,38.84233902630546,0.0011940669876710339,0.1107662487752422,0.01330569014528957,0.8637414823305717,0.9371399651682676,5.195959595959596,931,classic,1.0,0.3,0.3,False,n/a,n/a,n/a,n/a,n/a,n/a,n/a,n/a,n/a,n/a,n/a,n/a,n/a,n/a,n/a,n/a,n/a,n/a,n/a
PM9_full_N500,S2,475630065,500,False,weak_PD,1.6,1.0,0.0,0.0,True,0.0,0.5,100,0,30,0.1,100000,0.0,0.0,1.0,0.0,0.0,0.0,0.0,1.0,0.0,0.15828913761361715,0.0,0.15828913761361715,17.028,17.028,124.35129364805208,0.0,True,True,0.017880253921020814,2327,fragmented,2498,3724,2.981585268214572,38.84233902630546,0.0011940669876710339,0.1107662487752422,0.01330569014528957,0.980755400798212,0.980755400798212,1.4112903225806452,931,classic,1.0,0.3,0.3,False,n/a,n/a,n/a,n/a,n/a,n/a,n/a,n/a,n/a,n/a,n/a,n/a,n/a,n/a,n/a,n/a,n/a,n/a,n/a
PM9_full_N500,S2,475630065,500,False,weak_PD,1.6,1.0,0.0,0.0,True,0.0,0.5,100,0,30,2.0,100000,0.0,0.0,1.0,0.0,0.0,0.0,0.0,1.0,0.0,0.026580637477379605,0.0,0.026580637477379605,234.856,234.856,10.09708746220025,0.0,True,True,0.0,1752,baseline,2498,4655,3.7269815852682147,37.43657979976443,0.0014925837345887924,0.08077171329913706,0.011936993938619469,0.9256637203365088,0.9256637203365088,5.636363636363637,0,classic,1.0,0.3,0.3,False,n/a,n/a,n/a,n/a,n/a,n/a,n/a,n/a,n/a,n/a,n/a,n/a,n/a,n/a,n/a,n/a,n/a,n/a,n/a
PM9_full_N500,S2,475630065,500,False,weak_PD,1.6,1.0,0.0,0.0,True,0.01,0.5,100,0,30,0.1,100000,0.1384,0.0534,0.442,0.11800000000000002,0.09299999999999999,0.0802,0.075,0.7525119019976036,0.04047619047619048,0.3394450517957871,0.3669539366045706,0.371346324068706,20.472,20.472,95.42103981097497,0.0,False,True,0.013451189804761966,14036,baseline,2498,4655,3.7269815852682147,37.43657979976443,0.0014925837345887924,0.08077171329913706,0.011936993938619469,0.9858908316983912,0.9858908316983912,1.3388429752066116,0,classic,1.0,0.3,0.3,False,n/a,n/a,n/a,n/a,n/a,n/a,n/a,n/a,n/a,n/a,n/a,n/a,n/a,n/a,n/a,n/a,n/a,n/a,n/a
PM9_full_N500,S2,475630065,500,False,weak_PD,1.6,1.0,0.0,0.0,True,0.0,0.5,100,0,30,2.0,100000,0.0,0.0,1.0,0.0,0.0,0.0,0.0,1.0,0.0,0.029244169646654824,0.0,0.029244169646654824,234.852,234.852,10.163123491172204,0.0,True,True,0.0,2020,connected,2498,4675,3.7429943955164133,34.617765181258996,0.001498996554071451,0.08534366914141805,0.011830709163410108,0.924270344139614,0.924270344139614,5.464,0,classic,1.0,0.3,0.3,False,n/a,n/a,n/a,n/a,n/a,n/a,n/a,n/a,n/a,n/a,n/a,n/a,n/a,n/a,n/a,n/a,n/a,n/a,n/a
PM9_full_N500,S2,475630065,500,False,weak_PD,1.6,1.0,0.0,0.0,True,0.0,0.5,100,15,30,2.0,100000,0.0,0.0,1.0,0.0,0.0,0.0,0.0,1.0,0.0,0.030024721143944177,0.0,0.030024721143944177,15.0,183.336,14.031686513387893,1.0,True,True,0.0,2259,fragmented,2498,3724,2.981585268214572,38.84233902630546,0.0011940669876710339,0.1107662487752422,0.01330569014528957,0.8588101085813249,0.9427667226305262,5.004048582995951,931,classic,1.0,0.3,0.3,False,n/a,n/a,n/a,n/a,n/a,n/a,n/a,n/a,n/a,n/a,n/a,n/a,n/a,n/a,n/a,n/a,n/a,n/a,n/a
PM9_full_N500,S2,475630065,500,False,weak_PD,1.6,1.0,0.0,0.0,True,0.01,0.5,100,0,30,2.0,100000,0.08519999999999998,0.0152,0.7008,0.06539999999999999,0.06340000000000001,0.05500000000000001,0.015,0.9152537412043531,0.08437747819191119,0.12269703806912038,0.12752206430883958,0.12430599298402656,184.904,184.904,13.907145485509881,0.0,False,True,-0.017804605618425402,20336,fragmented,2498,3724,2.981585268214572,38.84233902630546,0.0011940669876710339,0.1107662487752422,0.01330569014528957,0.9369749430633921,0.9369749430633921,5.104838709677419,931,classic,1.0,0.3,0.3,False,n/a,n/a,n/a,n/a,n/a,n/a,n/a,n/a,n/a,n/a,n/a,n/a,n/a,n/a,n/a,n/a,n/a,n/a,n/a
PM9_full_N500,S2,475630065,500,False,weak_PD,1.6,1.0,0.0,0.0,True,0.01,0.5,100,5,30,0.1,100000,0.08639999999999999,0.056400000000000006,0.42780000000000007,0.12300000000000003,0.11039999999999998,0.12560000000000002,0.07040000000000002,0.6535736575367261,0.057724329324699356,0.3961987490409019,0.43269634882675023,0.43695177519114026,4.99,17.368,125.1347076303785,0.992,False,True,-0.0006578042312121641,13534,fragmented,2498,3724,2.981585268214572,38.84233902630546,0.0011940669876710339,0.1107662487752422,0.01330569014528957,0.9847174142575976,0.9881876872200878,1.360655737704918,931,classic,1.0,0.3,0.3,False,n/a,n/a,n/a,n/a,n/a,n/a,n/a,n/a,n/a,n/a,n/a,n/a,n/a,n/a,n/a,n/a,n/a,n/a,n/a
PM9_full_N500,S2,475630065,500,False,weak_PD,1.6,1.0,0.0,0.0,True,0.01,0.5,100,5,30,2.0,100000,0.03480000000000001,0.007600000000000001,0.8635999999999999,0.023799999999999995,0.028600000000000004,0.019399999999999997,0.022199999999999998,0.9439700699181929,0.07681849082256968,0.1099542100288206,0.10350066507099542,0.10983352587794866,5.0,233.116,10.170570470117632,1.0,False,True,-0.00014892539570231524,15644,connected,2498,4675,3.7429943955164133,34.617765181258996,0.001498996554071451,0.08534366914141805,0.011830709163410108,0.7819201311309125,0.9244099919923371,5.517102615694165,0,classic,1.0,0.3,0.3,False,n/a,n/a,n/a,n/a,n/a,n/a,n/a,n/a,n/a,n/a,n/a,n/a,n/a,n/a,n/a,n/a,n/a,n/a,n/a
PM9_full_N500,S2,475630065,500,False,weak_PD,1.6,1.0,0.0,0.0,True,0.01,0.5,100,15,30,2.0,100000,0.029800000000000004,0.011,0.8577999999999999,0.019799999999999995,0.04079999999999999,0.03320000000000001,0.007600000000000001,0.9577289945943448,0.06051413060833467,0.1270482233692208,0.12876617555071554,0.1274910582906413,15.0,189.86,13.647575363143298,1.0,False,True,0.015172179088714524,18906,fragmented,2498,3724,2.981585268214572,38.84233902630546,0.0011940669876710339,0.1107662487752422,0.01330569014528957,0.8572992198503802,0.9295493382928018,5.234817813765182,931,classic,1.0,0.3,0.3,False,n/a,n/a,n/a,n/a,n/a,n/a,n/a,n/a,n/a,n/a,n/a,n/a,n/a,n/a,n/a,n/a,n/a,n/a,n/a
PM9_full_N500,S2,475630065,500,False,snowdrift,4.0,3.0,0.0,2.0,True,0.0,0.5,100,0,30,2.0,100000,0.0,0.0,1.0,0.0,0.0,0.0,0.0,1.0,0.0,0.25285570728974194,0.0,0.25285570728974194,188.332,188.332,13.794331376722795,0.0,True,True,0.0020423505694000805,6119,fragmented,2498,3724,2.981585268214572,38.84233902630546,0.0011940669876710339,0.1107662487752422,0.01330569014528957,0.9373727420466068,0.9373727420466068,5.22020202020202,931,classic,1.0,0.3,0.3,False,n/a,n/a,n/a,n/a,n/a,n/a,n/a,n/a,n/a,n/a,n/a,n/a,n/a,n/a,n/a,n/a,n/a,n/a,n/a
PM9_full_N500,S2,475630065,500,False,snowdrift,4.0,3.0,0.0,2.0,True,0.0,0.5,100,0,30,0.1,100000,0.0,0.0,0.9883999999999998,0.011599999999999997,0.0,0.0,0.0,0.9974070772827062,0.00022466861379465288,0.49520276489835136,0.0,0.50162159986455,20.844,20.844,90.9755155384813,0.0,False,True,0.01540313681255018,2888,connected,2498,4675,3.7429943955164133,34.617765181258996,0.001498996554071451,0.08534366914141805,0.011830709163410108,0.9821227640193947,0.9821227640193947,1.3269230769230769,0,classic,1.0,0.3,0.3,False,n/a,n/a,n/a,n/a,n/a,n/a,n/a,n/a,n/a,n/a,n/a,n/a,n/a,n/a,n/a,n/a,n/a,n/a,n/a
PM9_full_N500,S2,475630065,500,False,snowdrift,4.0,3.0,0.0,2.0,True,0.0,0.5,100,5,30,2.0,100000,0.0,0.0,1.0,0.0,0.0,0.0,0.0,1.0,0.0,0.1696593062048187,0.0,0.1696593062048187,5.0,234.592,10.130567952944643,1.0,True,True,0.0,3339,baseline,2498,4655,3.7269815852682147,37.43657979976443,0.0014925837345887924,0.08077171329913706,0.011936993938619469,0.7782722265958821,0.9237946941569597,5.409638554216867,0,classic,1.0,0.3,0.3,False,n/a,n/a,n/a,n/a,n/a,n/a,n/a,n/a,n/a,n/a,n/a,n/a,n/a,n/a,n/a,n/a,n/a,n/a,n/a
PM9_full_N500,S2,475630065,500,False,snowdrift,4.0,3.0,0.0,2.0,True,0.0,0.5,100,5,30,2.0,100000,0.0,0.0,1.0,0.0,0.0,0.0,0.0,1.0,0.0,0.1489745113974343,0.0,0.1489745113974343,5.0,230.932,10.319170129907226,1.0,True,True,0.0,3030,connected,2498,4675,3.7429943955164133,34.617765181258996,0.001498996554071451,0.08534366914141805,0.011830709163410108,0.7784357299217486,0.9310287080886167,5.400402414486922,0,classic,1.0,0.3,0.3,False,n/a,n/a,n/a,n/a,n/a,n/a,n/a,n/a,n/a,n/a,n/a,n/a,n/a,n/a,n/a,n/a,n/a,n/a,n/a
PM9_full_N500,S2,475630065,500,False,snowdrift,4.0,3.0,0.0,2.0,True,0.0,0.5,100,15,30,2.0,100000,0.0,0.0,1.0,0.0,0.0,0.0,0.0,1.0,0.0,0.2603393856049755,0.0,0.2603393856049755,15.0,194.464,13.33560719639791,1.0,True,True,0.0,5338,fragmented,2498,3724,2.981585268214572,38.84233902630546,0.0011940669876710339,0.1107662487752422,0.01330569014528957,0.8688310684535927,0.9424863790570424,4.955284552845528,931,classic,1.0,0.3,0.3,False,n/a,n/a,n/a,n/a,n/a,n/a,n/a,n/a,n/a,n/a,n/a,n/a,n/a,n/a,n/a,n/a,n/a,n/a,n/a
PM9_full_N500,S2,475630065,500,False,snowdrift,4.0,3.0,0.0,2.0,True,0.0,0.5,100,15,30,0.1,100000,0.0,0.0,0.9883999999999998,0.011599999999999997,0.0,0.0,0.0,0.9974070772827062,0.00022466861379465288,0.49520276489835136,0.0,0.50162159986455,14.81,20.844,90.9755155384813,0.886,False,True,0.01540313681255018,2888,connected,2498,4675,3.7429943955164133,34.617765181258996,0.001498996554071451,0.08534366914141805,0.011830709163410108,0.9818488018704327,0.9821227640193947,1.3269230769230769,0,classic,1.0,0.3,0.3,False,n/a,n/a,n/a,n/a,n/a,n/a,n/a,n/a,n/a,n/a,n/a,n/a,n/a,n/a,n/a,n/a,n/a,n/a,n/a
PM9_full_N500,S2,475630065,500,False,snowdrift,4.0,3.0,0.0,2.0,True,0.01,0.5,100,0,30,0.1,100000,0.15259999999999999,0.06060000000000001,0.417,0.07719999999999999,0.1002,0.09159999999999999,0.1008,0.6040057738174991,0.032337290216946375,1.3433251452683108,1.4708988865516262,1.4548553208866037,17.872,17.872,122.16959850936607,0.0,False,True,0.004553989415953087,13904,fragmented,2498,3724,2.981585268214572,38.84233902630546,0.0011940669876710339,0.1107662487752422,0.01330569014528957,0.9883746263857137,0.9883746263857137,1.3270142180094786,931,classic,1.0,0.3,0.3,False,n/a,n/a,n/a,n/a,n/a,n/a,n/a,n/a,n/a,n/a,n/a,n/a,n/a,n/a,n/a,n/a,n/a,n/a,n/a
PM9_full_N500,S2,475630065,500,False,snowdrift,4.0,3.0,0.0,2.0,True,0.01,0.5,100,5,30,0.1,100000,0.08679999999999997,0.09939999999999999,0.38239999999999996,0.1202,0.11040000000000001,0.1338,0.06700000000000002,0.6367053411798608,0.056232795910342116,1.3671686071860043,1.4640757678419143,1.4153661336133045,5.0,17.572,123.46559692789144,1.0,False,True,0.00487741470966067,14420,fragmented,2498,3724,2.981585268214572,38.84233902630546,0.0011940669876710339,0.1107662487752422,0.01330569014528957,0.9859679912661549,0.9897682422200078,1.3217391304347825,931,classic,1.0,0.3,0.3,False,n/a,n/a,n/a,n/a,n/a,n/a,n/a,n/a,n/a,n/a,n/a,n/a,n/a,n/a,n/a,n/a,n/a,n/a,n/a
PM9_full_N500,S2,475630065,500,False,snowdrift,4.0,3.0,0.0,2.0,True,0.01,0.5,100,15,30,0.1,100000,0.17619999999999997,0.04379999999999999,0.3833999999999999,0.1186,0.09219999999999998,0.1022,0.08359999999999998,0.6729918919171408,0.03934254240251792,1.3859655192556766,1.4826195678729432,1.4556354139009722,14.096,17.752,120.56120047914074,0.662,False,True,0.0051491821967275045,13966,fragmented,2498,3724,2.981585268214572,38.84233902630546,0.0011940669876710339,0.1107662487752422,0.01330569014528957,0.99127073775668,0.9920849470193439,1.3927125506072875,931,classic,1.0,0.3,0.3,False,n/a,n/a,n/a,n/a,n/a,n/a,n/a,n/a,n/a,n/a,n/a,n/a,n/a,n/a,n/a,n/a,n/a,n/a,n/a
PM9_full_N500,S2,475630065,500,False,snowdrift,4.0,3.0,0.0,2.0,True,0.01,0.5,100,5,30,2.0,100000,0.07560000000000001,0.018399999999999996,0.7023999999999999,0.051000000000000004,0.04959999999999999,0.06960000000000002,0.0334,0.8269349448022176,0.13871290430143382,0.8528563557480506,0.8576355382728894,0.8601025770030414,5.0,229.852,10.372189071238878,1.0,False,True,-0.012819728078912315,24772,connected,2498,4675,3.7429943955164133,34.617765181258996,0.001498996554071451,0.08534366914141805,0.011830709163410108,0.7665190233517035,0.9160903267291317,5.823293172690763,0,classic,1.0,0.3,0.3,False,n/a,n/a,n/a,n/a,n/a,n/a,n/a,n/a,n/a,n/a,n/a,n/a,n/a,n/a,n/a,n/a,n/a,n/a,n/a
PM9_full_N500,S2,1166802640,500,False,snowdrift,4.0,3.0,0.0,2.0,True,0.0,0.5,100,0,30,2.0,100000,0.0,0.0,1.0,0.0,0.0,0.0,0.0,1.0,0.0,0.21156537441586074,0.0,0.21156537441586074,232.292,232.292,10.339067211320284,0.0,True,True,0.00043717614870532724,4916,connected,2498,4675,3.7429943955164133,34.66803265279414,0.001498996554071451,0.13343219023766525,0.011794734171038289,0.923774179373657,0.923774179373657,5.321285140562249,0,classic,1.0,0.3,0.3,False,n/a,n/a,n/a,n/a,n/a,n/a,n/a,n/a,n/a,n/a,n/a,n/a,n/a,n/a,n/a,n/a,n/a,n/a,n/a
PM9_full_N500,S2,1166802640,500,False,snowdrift,4.0,3.0,0.0,2.0,True,0.0,0.5,100,5,30,2.0,100000,0.0,0.0,1.0,0.0,0.0,0.0,0.0,1.0,0.0,0.21744414312032426,0.0,0.21744414312032426,5.0,230.148,10.42396657144025,1.0,True,True,0.0,4138,baseline,2498,4655,3.7269815852682147,37.43657979976443,0.0014925837345887924,0.08077171329913706,0.011936993938619469,0.7753412299635171,0.9234710641586531,6.016064257028113,0,classic,1.0,0.3,0.3,False,n/a,n/a,n/a,n/a,n/a,n/a,n/a,n/a,n/a,n/a,n/a,n/a,n/a,n/a,n/a,n/a,n/a,n/a,n/a
PM9_full_N500,S2,1166802640,500,False,snowdrift,4.0,3.0,0.0,2.0,True,0.0,0.5,100,5,30,0.1,100000,0.0,0.0,0.9970000000000001,0.0,0.0,0.0030000000000000005,0.0,0.9997887578157381,0.000449034575662326,0.5016013358911742,0.0,0.5035180083494647,5.0,17.692,127.23529053246865,0.994,False,True,0.012619068076267177,2603,fragmented,2498,3724,2.981585268214572,38.68529969899228,0.0011940669876710339,0.1739903134458361,0.013337632589256354,0.9658243568102414,0.9920126437507701,1.251231527093596,931,classic,1.0,0.3,0.3,False,n/a,n/a,n/a,n/a,n/a,n/a,n/a,n/a,n/a,n/a,n/a,n/a,n/a,n/a,n/a,n/a,n/a,n/a,n/a
PM9_full_N500,S2,1166802640,500,False,snowdrift,4.0,3.0,0.0,2.0,True,0.0,0.5,100,5,30,0.1,100000,0.0,0.0,0.994,0.005999999999999999,0.0,0.0,0.0,1.0,0.0,0.39247377564299796,0.0,0.39497870441609506,5.0,20.832,92.97908684766502,1.0,False,True,0.010375356701416552,2564,connected,2498,4675,3.7429943955164133,34.66803265279414,0.001498996554071451,0.13343219023766525,0.011794734171038289,0.9792467970157692,0.9829260219241788,1.25,0,classic,1.0,0.3,0.3,False,n/a,n/a,n/a,n/a,n/a,n/a,n/a,n/a,n/a,n/a,n/a,n/a,n/a,n/a,n/a,n/a,n/a,n/a,n/a
PM9_full_N500,S2,1166802640,500,False,snowdrift,4.0,3.0,0.0,2.0,True,0.01,0.5,100,0,30,0.1,100000,0.15619999999999998,0.06040000000000001,0.4822,0.08579999999999999,0.1058,0.057600000000000005,0.05199999999999999,0.7426424239213568,0.03622438418546885,1.129149005474955,1.2024497263645282,1.1675755461835586,21.224,21.224,90.07983791657074,0.0,False,False,0.022393692774771465,13998,connected,2498,4675,3.7429943955164133,34.66803265279414,0.001498996554071451,0.13343219023766525,0.011794734171038289,0.9853857570885485,0.9853857570885485,1.367965367965368,0,classic,1.0,0.3,0.3,False,n/a,n/a,n/a,n/a,n/a,n/a,n/a,n/a,n/a,n/a,n/a,n/a,n/a,n/a,n/a,n/a,n/a,n/a,n/a
PM9_full_N500,S2,1166802640,500,False,snowdrift,4.0,3.0,0.0,2.0,True,0.01,0.5,100,15,30,2.0,100000,0.08519999999999997,0.026199999999999994,0.7028000000000001,0.06360000000000002,0.04239999999999999,0.0632,0.016600000000000004,0.8555171524268536,0.13562354625156559,0.8876945627326687,0.9187151745898979,0.8961337763372178,15.0,234.512,10.180277756526245,1.0,False,False,-0.02615541022163539,26108,baseline,2498,4655,3.7269815852682147,37.43657979976443,0.0014925837345887924,0.08077171329913706,0.011936993938619469,0.8159552461550271,0.9200584288770045,5.357429718875502,0,classic,1.0,0.3,0.3,False,n/a,n/a,n/a,n/a,n/a,n/a,n/a,n/a,n/a,n/a,n/a,n/a,n/a,n/a,n/a,n/a,n/a,n/a,n/a
PM9_full_N500,S2,1166802640,500,False,snowdrift,4.0,3.0,0.0,2.0,True,0.01,0.5,100,15,30,2.0,100000,0.0518,0.014599999999999998,0.7323999999999999,0.033600000000000005,0.039999999999999994,0.0698,0.057800000000000004,0.8430124405733042,0.13452443510246978,0.8377262101521441,0.848860672035505,0.8435601273421901,15.0,231.856,10.230140142586922,1.0,False,True,0.011256688226754007,24580,connected,2498,4675,3.7429943955164133,34.66803265279414,0.001498996554071451,0.13343219023766525,0.011794734171038289,0.820859151373805,0.9207277479895583,5.51417004048583,0,classic,1.0,0.3,0.3,False,n/a,n/a,n/a,n/a,n/a,n/a,n/a,n/a,n/a,n/a,n/a,n/a,n/a,n/a,n/a,n/a,n/a,n/a,n/a
PM9_full_N500,S2,798359651,500,False,snowdrift,4.0,3.0,0.0,2.0,True,0.0,0.5,100,5,30,2.0,100000,0.0,0.0,1.0,0.0,0.0,0.0,0.0,1.0,0.0,0.157213322336428,0.0,0.157213322336428,5.0,232.736,10.12673113792679,1.0,True,True,0.0,2906,baseline,2498,4655,3.7269815852682147,37.43657979976443,0.0014925837345887924,0.08077171329913706,0.011936993938619469,0.7832310090383254,0.9238844904977874,5.557344064386318,0,classic,1.0,0.3,0.3,False,n/a,n/a,n/a,n/a,n/a,n/a,n/a,n/a,n/a,n/a,n/a,n/a,n/a,n/a,n/a,n/a,n/a,n/a,n/a
PM9_full_N500,S2,798359651,500,False,snowdrift,4.0,3.0,0.0,2.0,True,0.0,0.5,100,15,30,2.0,100000,0.0,0.0,1.0,0.0,0.0,0.0,0.0,1.0,0.0,0.20011795294479862,0.0,0.20011795294479862,15.0,234.344,10.110928835047917,1.0,True,True,0.0,3969,baseline,2498,4655,3.7269815852682147,37.43657979976443,0.0014925837345887924,0.08077171329913706,0.011936993938619469,0.8192578308861069,0.9246641553886598,5.192771084337349,0,classic,1.0,0.3,0.3,False,n/a,n/a,n/a,n/a,n/a,n/a,n/a,n/a,n/a,n/a,n/a,n/a,n/a,n/a,n/a,n/a,n/a,n/a,n/a
PM9_full_N500,S2,798359651,500,False,snowdrift,4.0,3.0,0.0,2.0,True,0.01,0.5,100,0,30,0.1,100000,0.09299999999999999,0.06660000000000002,0.4772,0.1262,0.1116,0.0698,0.055600000000000004,0.7077406223118495,0.042859964447955756,1.280523490660981,1.513126746380057,1.3714075936527927,20.644,20.644,93.08227767566241,0.0,False,True,0.013228008112035379,14163,connected,2498,4675,3.7429943955164133,34.81513416099319,0.001498996554071451,0.08036874546424227,0.011910535791314424,0.9836297470751829,0.9836297470751829,1.3217391304347825,0,classic,1.0,0.3,0.3,False,n/a,n/a,n/a,n/a,n/a,n/a,n/a,n/a,n/a,n/a,n/a,n/a,n/a,n/a,n/a,n/a,n/a,n/a,n/a
PM9_full_N500,S2,798359651,500,False,snowdrift,4.0,3.0,0.0,2.0,True,0.01,0.5,100,0,30,2.0,100000,0.07699999999999999,0.033800000000000004,0.5314,0.135,0.09039999999999998,0.06200000000000001,0.07039999999999999,0.7724122703995115,0.1638898333900034,0.9245980298838734,0.9328215589942547,0.9388974377360932,232.08,232.08,10.230820719175448,0.0,False,True,0.005825351301403375,28061,baseline,2498,4655,3.7269815852682147,37.43657979976443,0.0014925837345887924,0.08077171329913706,0.011936993938619469,0.9231456774499966,0.9231456774499966,5.58,0,classic,1.0,0.3,0.3,False,n/a,n/a,n/a,n/a,n/a,n/a,n/a,n/a,n/a,n/a,n/a,n/a,n/a,n/a,n/a,n/a,n/a,n/a,n/a
PM9_full_N500,S2,798359651,500,False,snowdrift,4.0,3.0,0.0,2.0,True,0.01,0.5,100,5,30,0.1,100000,0.09899999999999999,0.08359999999999998,0.41640000000000005,0.11720000000000001,0.1092,0.1038,0.0708,0.6474514936110984,0.041609955279020026,1.139574019093891,1.2772663931183734,1.2241867451180937,5.0,20.672,93.44946486620887,1.0,False,False,-0.02096576386305179,13702,baseline,2498,4655,3.7269815852682147,37.43657979976443,0.0014925837345887924,0.08077171329913706,0.011936993938619469,0.972879925930986,0.9765136398724493,1.4433962264150944,0,classic,1.0,0.3,0.3,False,n/a,n/a,n/a,n/a,n/a,n/a,n/a,n/a,n/a,n/a,n/a,n/a,n/a,n/a,n/a,n/a,n/a,n/a,n/a
PM9_full_N500,S2,798359651,500,False,snowdrift,4.0,3.0,0.0,2.0,True,0.01,0.5,100,15,30,0.1,100000,0.1062,0.054400000000000004,0.4772,0.1166,0.08239999999999999,0.08539999999999999,0.0778,0.7121682136023433,0.03750997605746209,1.242887677215244,1.235641973953914,1.3381523542130098,14.198,17.944,121.67750242486831,0.67,False,True,-0.005724781299122267,14077,fragmented,2498,3724,2.981585268214572,39.06609900536579,0.0011940669876710339,0.13327563273822754,0.01309257925630318,0.9924627132965448,0.992912576570553,1.3548387096774193,931,classic,1.0,0.3,0.3,False,n/a,n/a,n/a,n/a,n/a,n/a,n/a,n/a,n/a,n/a,n/a,n/a,n/a,n/a,n/a,n/a,n/a,n/a,n/a
PM9_full_N500,S2,798359651,500,False,snowdrift,4.0,3.0,0.0,2.0,True,0.01,0.5,100,15,30,2.0,100000,0.1336,0.0252,0.6360000000000001,0.0528,0.06720000000000001,0.0546,0.030600000000000006,0.8076999834929065,0.12599866844207724,0.8883191101971148,0.9374473149350179,0.8975356728548678,15.0,230.024,10.335762988464095,1.0,False,True,-0.014810094440371171,25557,baseline,2498,4655,3.7269815852682147,37.43657979976443,0.0014925837345887924,0.08077171329913706,0.011936993938619469,0.8249057662136784,0.9281225708086619,5.533199195171026,0,classic,1.0,0.3,0.3,False,n/a,n/a,n/a,n/a,n/a,n/a,n/a,n/a,n/a,n/a,n/a,n/a,n/a,n/a,n/a,n/a,n/a,n/a,n/a
PM9_full_N500,S2,798359651,500,False,snowdrift,4.0,3.0,0.0,2.0,True,0.01,0.5,100,15,30,2.0,100000,0.039400000000000004,0.023999999999999997,0.7095999999999999,0.0526,0.07819999999999999,0.06300000000000001,0.03320000000000001,0.843755625001549,0.15396015149020253,0.8359659263372484,0.8379308609893077,0.8434516681381284,15.0,231.432,10.186507944119425,1.0,False,True,0.003720696482783734,24751,connected,2498,4675,3.7429943955164133,34.81513416099319,0.001498996554071451,0.08036874546424227,0.011910535791314424,0.8185926874608294,0.9163777501556386,5.797979797979798,0,classic,1.0,0.3,0.3,False,n/a,n/a,n/a,n/a,n/a,n/a,n/a,n/a,n/a,n/a,n/a,n/a,n/a,n/a,n/a,n/a,n/a,n/a,n/a
PM9_full_N500,S2,433399445,500,False,snowdrift,4.0,3.0,0.0,2.0,True,0.01,0.5,100,0,30,2.0,100000,0.11560000000000001,0.038599999999999995,0.5692,0.09399999999999999,0.08299999999999999,0.06380000000000001,0.0358,0.8049948535039292,0.14623765747361253,0.8700351413128938,0.8498871015376437,0.8763538696264965,234.54,234.54,10.130888633789704,0.0,False,True,0.007442784971142082,27048,baseline,2498,4655,3.7269815852682147,37.43657979976443,0.0014925837345887924,0.08077171329913706,0.011936993938619469,0.9189947179653223,0.9189947179653223,5.582329317269076,0,classic,1.0,0.3,0.3,False,n/a,n/a,n/a,n/a,n/a,n/a,n/a,n/a,n/a,n/a,n/a,n/a,n/a,n/a,n/a,n/a,n/a,n/a,n/a
PM9_full_N500,S2,433399445,500,False,snowdrift,4.0,3.0,0.0,2.0,True,0.01,0.5,100,5,30,0.1,100000,0.09479999999999998,0.0538,0.5058,0.08779999999999999,0.11379999999999998,0.07819999999999999,0.06580000000000001,0.687989204511695,0.043478260869565216,1.3099359787095275,1.4615954288897262,1.3728046997897845,5.0,20.956,93.16383928009647,1.0,False,True,0.013448684194739892,14194,baseline,2498,4655,3.7269815852682147,37.43657979976443,0.0014925837345887924,0.08077171329913706,0.011936993938619469,0.9834814495929587,0.988992173440661,1.3627450980392157,0,classic,1.0,0.3,0.3,False,n/a,n/a,n/a,n/a,n/a,n/a,n/a,n/a,n/a,n/a,n/a,n/a,n/a,n/a,n/a,n/a,n/a,n/a,n/a
PM9_full_N500,S2,433399445,500,False,snowdrift,4.0,3.0,0.0,2.0,True,0.01,0.5,100,0,30,2.0,100000,0.06900000000000002,0.039999999999999994,0.5634,0.12179999999999999,0.0794,0.07020000000000001,0.05620000000000001,0.8139443697215629,0.16595961310028848,0.9089597173439514,0.9786826365892619,0.9170078296937881,234.268,234.268,10.143410837611281,0.0,False,True,0.01273153252613047,28247,connected,2498,4675,3.7429943955164133,34.545155248004185,0.001498996554071451,0.10824194854546515,0.011816442438528205,0.922402004138961,0.922402004138961,5.5350701402805615,0,classic,1.0,0.3,0.3,False,n/a,n/a,n/a,n/a,n/a,n/a,n/a,n/a,n/a,n/a,n/a,n/a,n/a,n/a,n/a,n/a,n/a,n/a,n/a
PM9_full_N500,S2,433399445,500,False,snowdrift,4.0,3.0,0.0,2.0,True,0.01,0.5,100,15,30,0.1,100000,0.11059999999999999,0.05820000000000001,0.5029999999999999,0.1234,0.08939999999999998,0.06360000000000002,0.0518,0.6782010246316116,0.04374088731514268,1.285771592674867,1.3789070829054446,1.3550039629747155,14.842,20.884,90.8303731056672,0.888,False,True,0.01162940971763997,14042,baseline,2498,4655,3.7269815852682147,37.43657979976443,0.0014925837345887924,0.08077171329913706,0.011936993938619469,0.9779766955121822,0.9873285473640342,1.3518518518518519,0,classic,1.0,0.3,0.3,False,n/a,n/a,n/a,n/a,n/a,n/a,n/a,n/a,n/a,n/a,n/a,n/a,n/a,n/a,n/a,n/a,n/a,n/a,n/a
PM9_full_N500,S2,433399445,500,False,snowdrift,4.0,3.0,0.0,2.0,True,0.01,0.5,100,15,30,2.0,100000,0.06480000000000001,0.03280000000000001,0.6876,0.058600000000000006,0.09459999999999999,0.036199999999999996,0.0254,0.8287789229040913,0.12921348314606743,1.1481238629408157,1.1147616501635638,1.1434883461605354,15.0,195.524,13.296717670241055,1.0,False,False,0.028650354601419136,29972,fragmented,2498,3724,2.981585268214572,39.27187213715482,0.0011940669876710339,0.08280516737807833,0.013033405581144212,0.8593353085269859,0.9287765468250858,4.9738430583501,931,classic,1.0,0.3,0.3,False,n/a,n/a,n/a,n/a,n/a,n/a,n/a,n/a,n/a,n/a,n/a,n/a,n/a,n/a,n/a,n/a,n/a,n/a,n/a
PM9_full_N500,S2,433399445,500,False,snowdrift,4.0,3.0,0.0,2.0,True,0.01,0.5,100,15,30,2.0,100000,0.041999999999999996,0.0308,0.6736000000000002,0.09719999999999998,0.06540000000000001,0.04839999999999999,0.04259999999999999,0.8298881106963879,0.1333116036505867,0.8393763632356286,0.8608813864256641,0.8435807362443019,15.0,235.4,10.107203089321475,1.0,False,True,-0.00354672458689908,24921,connected,2498,4675,3.7429943955164133,34.545155248004185,0.001498996554071451,0.10824194854546515,0.011816442438528205,0.8292376574534158,0.9254306841164671,5.57429718875502,0,classic,1.0,0.3,0.3,False,n/a,n/a,n/a,n/a,n/a,n/a,n/a,n/a,n/a,n/a,n/a,n/a,n/a,n/a,n/a,n/a,n/a,n/a,n/a
PM9_full_N500,S2,1210865934,500,False,PD_classic,9.0,5.0,1.0,0.0,True,0.01,0.5,100,0,30,0.1,100000,0.08979999999999998,0.05840000000000001,0.607,0.08099999999999999,0.059800000000000006,0.0536,0.0504,0.8326929278052801,0.029228454760369654,1.7836368623207084,1.93590720826641,1.8104329453365635,21.12,21.12,92.07745674792034,0.0,False,True,-0.0021746486985911324,11195,baseline,2498,4655,3.7269815852682147,37.43657979976443,0.0014925837345887924,0.08077171329913706,0.011936993938619469,0.9829910708440276,0.9829910708440276,1.3456221198156681,0,classic,1.0,0.3,0.3,False,n/a,n/a,n/a,n/a,n/a,n/a,n/a,n/a,n/a,n/a,n/a,n/a,n/a,n/a,n/a,n/a,n/a,n/a,n/a
PM9_full_N500,S2,1210865934,500,False,PD_classic,9.0,5.0,1.0,0.0,True,0.0,0.5,100,0,30,0.1,100000,0.0,0.0,1.0,0.0,0.0,0.0,0.0,1.0,0.0,1.2294951484508474,0.0,1.2294951484508474,21.032,21.032,92.957248935067,0.0,True,True,0.0,1013,baseline,2498,4655,3.7269815852682147,37.43657979976443,0.0014925837345887924,0.08077171329913706,0.011936993938619469,0.9835835377635086,0.9835835377635086,1.4146341463414633,0,classic,1.0,0.3,0.3,False,n/a,n/a,n/a,n/a,n/a,n/a,n/a,n/a,n/a,n/a,n/a,n/a,n/a,n/a,n/a,n/a,n/a,n/a,n/a
PM9_full_N500,S2,1210865934,500,False,PD_classic,9.0,5.0,1.0,0.0,True,0.0,0.5,100,5,30,0.1,100000,0.0,0.0,1.0,0.0,0.0,0.0,0.0,1.0,0.0,1.2141268316154592,0.0,1.2141268316154592,5.0,21.196,92.2325801763943,1.0,True,True,0.000216000864003456,1014,connected,2498,4675,3.7429943955164133,34.6293597042272,0.001498996554071451,0.08699016997823777,0.011847088187786313,0.9872221951138278,0.9894902208738454,1.346938775510204,0,classic,1.0,0.3,0.3,False,n/a,n/a,n/a,n/a,n/a,n/a,n/a,n/a,n/a,n/a,n/a,n/a,n/a,n/a,n/a,n/a,n/a,n/a,n/a
PM9_full_N500,S2,1210865934,500,False,PD_classic,9.0,5.0,1.0,0.0,True,0.0,0.5,100,5,30,2.0,100000,0.0,0.0,1.0,0.0,0.0,0.0,0.0,1.0,0.0,1.0619078307848004,0.0,1.0619078307848004,5.0,229.3,10.307625606330404,1.0,True,True,0.0,946,baseline,2498,4655,3.7269815852682147,37.43657979976443,0.0014925837345887924,0.08077171329913706,0.011936993938619469,0.7822692316909706,0.9287075490288297,5.546184738955823,0,classic,1.0,0.3,0.3,False,n/a,n/a,n/a,n/a,n/a,n/a,n/a,n/a,n/a,n/a,n/a,n/a,n/a,n/a,n/a,n/a,n/a,n/a,n/a
PM9_full_N500,S2,1210865934,500,False,PD_classic,9.0,5.0,1.0,0.0,True,0.01,0.5,100,15,30,0.1,100000,0.08559999999999998,0.025399999999999995,0.6486,0.06840000000000002,0.08199999999999998,0.0394,0.0506,0.8932318763766375,0.027707808564231738,1.7088169677387386,2.026920083516124,1.7745758784972236,14.802,20.772,91.21563318361676,0.85,False,True,-0.005588547154181293,10812,baseline,2498,4655,3.7269815852682147,37.43657979976443,0.0014925837345887924,0.08077171329913706,0.011936993938619469,0.9820692150486793,0.9836905794555116,1.2843137254901962,0,classic,1.0,0.3,0.3,False,n/a,n/a,n/a,n/a,n/a,n/a,n/a,n/a,n/a,n/a,n/a,n/a,n/a,n/a,n/a,n/a,n/a,n/a,n/a
PM9_full_N500,S2,1210865934,500,False,PD_classic,9.0,5.0,1.0,0.0,True,0.01,0.5,100,5,30,2.0,100000,0.018000000000000006,0.008200000000000002,0.9286000000000001,0.021799999999999993,0.009999999999999998,0.007400000000000001,0.005999999999999999,0.9782492039079507,0.04006034193764666,1.2265489723264154,1.2151215448349035,1.2272334738868804,5.0,186.304,13.946160046469322,1.0,False,True,0.0018649322597268417,11210,fragmented,2498,3724,2.981585268214572,39.5235203180212,0.0011940669876710339,0.10685881178326238,0.013234114370144347,0.8210442105927299,0.9399022024410557,4.939271255060729,931,classic,1.0,0.3,0.3,False,n/a,n/a,n/a,n/a,n/a,n/a,n/a,n/a,n/a,n/a,n/a,n/a,n/a,n/a,n/a,n/a,n/a,n/a,n/a
PM9_full_N500,S2,1210865934,500,False,PD_classic,9.0,5.0,1.0,0.0,True,0.01,0.5,100,0,30,2.0,100000,0.0226,0.008799999999999999,0.8756,0.044399999999999995,0.0256,0.006600000000000002,0.016399999999999998,0.9708989033548148,0.04062450215070894,1.2383097815874546,1.2053686265179187,1.2384448342353822,187.592,187.592,13.666828013286475,0.0,False,True,-0.003446548186189815,13625,fragmented,2498,3724,2.981585268214572,39.5235203180212,0.0011940669876710339,0.10685881178326238,0.013234114370144347,0.9322049694728112,0.9322049694728112,5.099391480730223,931,classic,1.0,0.3,0.3,False,n/a,n/a,n/a,n/a,n/a,n/a,n/a,n/a,n/a,n/a,n/a,n/a,n/a,n/a,n/a,n/a,n/a,n/a,n/a
PM9_full_N500,S2,1210865934,500,False,PD_classic,9.0,5.0,1.0,0.0,True,0.01,0.5,100,15,30,0.1,100000,0.07559999999999999,0.037399999999999996,0.6556,0.06960000000000002,0.053799999999999994,0.047999999999999994,0.06000000000000001,0.8876560991760283,0.046965174129353235,1.9441578167588232,2.1768864417658587,2.0186660070704963,14.218,17.668,120.56030660763199,0.676,False,True,0.004558587834347675,11373,fragmented,2498,3724,2.981585268214572,39.5235203180212,0.0011940669876710339,0.10685881178326238,0.013234114370144347,0.982204593359679,0.9831787895249123,1.3138075313807531,931,classic,1.0,0.3,0.3,False,n/a,n/a,n/a,n/a,n/a,n/a,n/a,n/a,n/a,n/a,n/a,n/a,n/a,n/a,n/a,n/a,n/a,n/a,n/a
PM9_full_N500,S2,1210865934,500,False,weak_PD,1.6,1.0,0.0,0.0,True,0.0,0.5,100,0,30,0.1,100000,0.011999999999999999,0.0,0.9879999999999998,0.0,0.0,0.0,0.0,1.0,0.0,0.16473510226662005,0.14939094371360678,0.164550972363984,17.672,17.672,123.2532070272266,0.0,False,True,0.01577140388561408,2629,fragmented,2498,3724,2.981585268214572,39.5235203180212,0.0011940669876710339,0.10685881178326238,0.013234114370144347,0.9841611791184153,0.9841611791184153,1.2863436123348018,931,classic,1.0,0.3,0.3,False,n/a,n/a,n/a,n/a,n/a,n/a,n/a,n/a,n/a,n/a,n/a,n/a,n/a,n/a,n/a,n/a,n/a,n/a,n/a
PM9_full_N500,S2,1210865934,500,False,weak_PD,1.6,1.0,0.0,0.0,True,0.0,0.5,100,0,30,0.1,100000,0.0,0.0,1.0,0.0,0.0,0.0,0.0,1.0,0.0,0.14386490855769044,0.0,0.14386490855769044,21.184,21.184,92.58205731501268,0.0,True,True,0.01769177636709888,2631,connected,2498,4675,3.7429943955164133,34.6293597042272,0.001498996554071451,0.08699016997823777,0.011847088187786313,0.9849064539388771,0.9849064539388771,1.244019138755981,0,classic,1.0,0.3,0.3,False,n/a,n/a,n/a,n/a,n/a,n/a,n/a,n/a,n/a,n/a,n/a,n/a,n/a,n/a,n/a,n/a,n/a,n/a,n/a
PM9_full_N500,S2,1210865934,500,False,weak_PD,1.6,1.0,0.0,0.0,True,0.0,0.5,100,0,30,2.0,100000,0.0,0.0,1.0,0.0,0.0,0.0,0.0,1.0,0.0,0.02303542943129623,0.0,0.02303542943129623,231.24,231.24,10.307653744029388,0.0,True,True,0.0,1577,baseline,2498,4655,3.7269815852682147,37.43657979976443,0.0014925837345887924,0.08077171329913706,0.011936993938619469,0.920252970753169,0.920252970753169,5.442885771543086,0,classic,1.0,0.3,0.3,False,n/a,n/a,n/a,n/a,n/a,n/a,n/a,n/a,n/a,n/a,n/a,n/a,n/a,n/a,n/a,n/a,n/a,n/a,n/a
PM9_full_N500,S2,1210865934,500,False,weak_PD,1.6,1.0,0.0,0.0,True,0.0,0.5,100,15,30,2.0,100000,0.0,0.0,1.0,0.0,0.0,0.0,0.0,1.0,0.0,0.0273800361588835,0.0,0.0273800361588835,15.0,188.272,13.788877538732036,1.0,True,True,0.0,2078,fragmented,2498,3724,2.981585268214572,39.5235203180212,0.0011940669876710339,0.10685881178326238,0.013234114370144347,0.8673962778219426,0.9437803459010037,4.989816700610998,931,classic,1.0,0.3,0.3,False,n/a,n/a,n/a,n/a,n/a,n/a,n/a,n/a,n/a,n/a,n/a,n/a,n/a,n/a,n/a,n/a,n/a,n/a,n/a
PM9_full_N500,S2,1210865934,500,False,weak_PD,1.6,1.0,0.0,0.0,True,0.01,0.5,100,5,30,0.1,100000,0.1604,0.044199999999999996,0.48460000000000003,0.131,0.0516,0.07719999999999999,0.051000000000000004,0.6987851012024265,0.034414163517008156,0.4034952376619073,0.4442217485996056,0.4244726412472423,5.0,17.624,120.47511625424805,0.996,False,False,0.029404639218556874,14004,fragmented,2498,3724,2.981585268214572,39.5235203180212,0.0011940669876710339,0.10685881178326238,0.013234114370144347,0.9816748570598317,0.9831873987019714,1.3244444444444445,931,classic,1.0,0.3,0.3,False,n/a,n/a,n/a,n/a,n/a,n/a,n/a,n/a,n/a,n/a,n/a,n/a,n/a,n/a,n/a,n/a,n/a,n/a,n/a
PM9_full_N500,S2,1210865934,500,False,weak_PD,1.6,1.0,0.0,0.0,True,0.01,0.5,100,0,30,2.0,100000,0.06639999999999999,0.0134,0.7940000000000002,0.030999999999999993,0.045799999999999993,0.028600000000000004,0.020799999999999996,0.9304314655037477,0.08038324131211433,0.11194543031849186,0.11438705557461222,0.11233194444570728,234.424,234.424,10.120749110250213,0.0,False,True,-0.010944024576102333,18748,baseline,2498,4655,3.7269815852682147,37.43657979976443,0.0014925837345887924,0.08077171329913706,0.011936993938619469,0.926795708447915,0.926795708447915,5.730382293762576,0,classic,1.0,0.3,0.3,False,n/a,n/a,n/a,n/a,n/a,n/a,n/a,n/a,n/a,n/a,n/a,n/a,n/a,n/a,n/a,n/a,n/a,n/a,n/a
PM9_full_N500,S2,1210865934,500,False,weak_PD,1.6,1.0,0.0,0.0,True,0.01,0.5,100,0,30,2.0,100000,0.0534,0.015000000000000003,0.7928000000000002,0.055200000000000006,0.037,0.023199999999999995,0.023399999999999997,0.9373926051611106,0.06395539521154477,0.11776962004404969,0.13641802280069318,0.11971012164324404,190.456,190.456,13.50271244736201,0.0,False,True,-0.004952074208302327,20001,fragmented,2498,3724,2.981585268214572,39.5235203180212,0.0011940669876710339,0.10685881178326238,0.013234114370144347,0.9343621881150292,0.9343621881150292,4.813008130081301,931,classic,1.0,0.3,0.3,False,n/a,n/a,n/a,n/a,n/a,n/a,n/a,n/a,n/a,n/a,n/a,n/a,n/a,n/a,n/a,n/a,n/a,n/a,n/a
PM9_full_N500,S2,1210865934,500,False,weak_PD,1.6,1.0,0.0,0.0,True,0.01,0.5,100,5,30,2.0,100000,0.040600000000000004,0.0194,0.8656,0.0214,0.020399999999999995,0.0126,0.019999999999999997,0.9354043312290887,0.091233708266381,0.10792305524058095,0.10187038265370743,0.10792093411737516,5.0,235.228,10.137219798978354,1.0,False,True,0.0022364441457765833,15250,connected,2498,4675,3.7429943955164133,34.6293597042272,0.001498996554071451,0.08699016997823777,0.011847088187786313,0.7758745862792028,0.9252153378678575,5.443548387096774,0,classic,1.0,0.3,0.3,False,n/a,n/a,n/a,n/a,n/a,n/a,n/a,n/a,n/a,n/a,n/a,n/a,n/a,n/a,n/a,n/a,n/a,n/a,n/a
PM9_full_N500,S2,1210865934,500,False,snowdrift,4.0,3.0,0.0,2.0,True,0.0,0.5,100,0,30,0.1,100000,0.0,0.0,1.0,0.0,0.0,0.0,0.0,1.0,0.0,0.44949487759039164,0.0,0.44949487759039164,20.76,20.76,93.32276945594057,0.0,True,True,0.016042316969262747,2697,connected,2498,4675,3.7429943955164133,34.6293597042272,0.001498996554071451,0.08699016997823777,0.011847088187786313,0.9722301286403116,0.9722301286403116,1.2792792792792793,0,classic,1.0,0.3,0.3,False,n/a,n/a,n/a,n/a,n/a,n/a,n/a,n/a,n/a,n/a,n/a,n/a,n/a,n/a,n/a,n/a,n/a,n/a,n/a
PM9_full_N500,S2,1210865934,500,False,snowdrift,4.0,3.0,0.0,2.0,True,0.0,0.5,100,5,30,0.1,100000,0.004000000000000001,0.0,0.9630000000000001,0.019999999999999997,0.013000000000000001,0.0,0.0,0.9927006434647059,0.0005753739930955121,0.6305293716795194,1.6703588736855417,0.6672047948793005,5.0,17.552,123.69435572454049,0.998,False,False,0.037558921435681715,2940,fragmented,2498,3724,2.981585268214572,39.5235203180212,0.0011940669876710339,0.10685881178326238,0.013234114370144347,0.9876576887564849,0.9915658776757229,1.2831858407079646,931,classic,1.0,0.3,0.3,False,n/a,n/a,n/a,n/a,n/a,n/a,n/a,n/a,n/a,n/a,n/a,n/a,n/a,n/a,n/a,n/a,n/a,n/a,n/a
PM9_full_N500,S2,1210865934,500,False,snowdrift,4.0,3.0,0.0,2.0,True,0.0,0.5,100,5,30,2.0,100000,0.0,0.0,1.0,0.0,0.0,0.0,0.0,1.0,0.0,0.17869228308428878,0.0,0.17869228308428878,5.0,233.84,10.166873984036405,1.0,True,True,0.0,3638,baseline,2498,4655,3.7269815852682147,37.43657979976443,0.0014925837345887924,0.08077171329913706,0.011936993938619469,0.7770477638794127,0.9285992327319746,5.870967741935484,0,classic,1.0,0.3,0.3,False,n/a,n/a,n/a,n/a,n/a,n/a,n/a,n/a,n/a,n/a,n/a,n/a,n/a,n/a,n/a,n/a,n/a,n/a,n/a
PM9_full_N500,S2,1210865934,500,False,snowdrift,4.0,3.0,0.0,2.0,True,0.0,0.5,100,5,30,2.0,100000,0.0,0.0,1.0,0.0,0.0,0.0,0.0,1.0,0.0,0.1628477987855463,0.0,0.1628477987855463,5.0,234.78,10.077751250594336,1.0,True,True,0.0,3107,connected,2498,4675,3.7429943955164133,34.6293597042272,0.001498996554071451,0.08699016997823777,0.011847088187786313,0.7735713763406377,0.923228384496535,5.738955823293173,0,classic,1.0,0.3,0.3,False,n/a,n/a,n/a,n/a,n/a,n/a,n/a,n/a,n/a,n/a,n/a,n/a,n/a,n/a,n/a,n/a,n/a,n/a,n/a
PM9_full_N500,S2,1210865934,500,False,snowdrift,4.0,3.0,0.0,2.0,True,0.01,0.5,100,0,30,0.1,100000,0.11700000000000002,0.05960000000000001,0.4548000000000001,0.08579999999999999,0.08519999999999998,0.14759999999999998,0.049999999999999996,0.7353274025736745,0.024472982796220014,1.0508388633583248,1.2096710780951714,1.1199443963680182,20.804,20.804,91.69484335302322,0.0,False,True,0.0010830571322314585,13610,connected,2498,4675,3.7429943955164133,34.6293597042272,0.001498996554071451,0.08699016997823777,0.011847088187786313,0.9877463368156563,0.9877463368156563,1.2261306532663316,0,classic,1.0,0.3,0.3,False,n/a,n/a,n/a,n/a,n/a,n/a,n/a,n/a,n/a,n/a,n/a,n/a,n/a,n/a,n/a,n/a,n/a,n/a,n/a
PM9_full_N500,S2,1210865934,500,False,snowdrift,4.0,3.0,0.0,2.0,True,0.01,0.5,100,15,30,2.0,100000,0.08179999999999998,0.026599999999999995,0.6988,0.049199999999999994,0.04939999999999999,0.04439999999999999,0.0498,0.8322211022422026,0.146163215590743,0.8713670825920204,0.8929949829716225,0.8846889484038785,15.0,230.988,10.288926169107654,1.0,False,True,-0.01072246528986482,25752,baseline,2498,4655,3.7269815852682147,37.43657979976443,0.0014925837345887924,0.08077171329913706,0.011936993938619469,0.8246950583490809,0.9255174197962441,5.408,0,classic,1.0,0.3,0.3,False,n/a,n/a,n/a,n/a,n/a,n/a,n/a,n/a,n/a,n/a,n/a,n/a,n/a,n/a,n/a,n/a,n/a,n/a,n/a
PM9_full_N500,S2,1210865934,500,False,snowdrift,4.0,3.0,0.0,2.0,True,0.01,0.5,100,15,30,0.1,100000,0.11939999999999999,0.1076,0.3856,0.1392,0.1038,0.09599999999999999,0.04839999999999999,0.5717338517161192,0.050809352517985615,1.0625791199610373,1.0738486590005436,1.1527271361582276,14.72,20.868,93.49522898667591,0.854,False,True,-0.016206333625329007,13842,connected,2498,4675,3.7429943955164133,34.6293597042272,0.001498996554071451,0.08699016997823777,0.011847088187786313,0.9793547016062127,0.979736922168172,1.3137254901960784,0,classic,1.0,0.3,0.3,False,n/a,n/a,n/a,n/a,n/a,n/a,n/a,n/a,n/a,n/a,n/a,n/a,n/a,n/a,n/a,n/a,n/a,n/a,n/a
PM9_full_N500,S2,381425458,500,False,PD_classic,9.0,5.0,1.0,0.0,True,0.0,0.5,100,5,30,2.0,100000,0.0,0.0,1.0,0.0,0.0,0.0,0.0,1.0,0.0,1.0630153790579306,0.0,1.0630153790579306,5.0,234.156,10.1689506058775,1.0,True,True,0.0,914,connected,2498,4675,3.7429943955164133,34.56955895825154,0.001498996554071451,0.09776629271489577,0.011842829931772441,0.788757708775941,0.923944761814287,5.779116465863454,0,classic,1.0,0.3,0.3,False,n/a,n/a,n/a,n/a,n/a,n/a,n/a,n/a,n/a,n/a,n/a,n/a,n/a,n/a,n/a,n/a,n/a,n/a,n/a
PM9_full_N500,S2,381425458,500,False,PD_classic,9.0,5.0,1.0,0.0,True,0.01,0.5,100,0,30,2.0,100000,0.030600000000000006,0.004,0.8588000000000001,0.0402,0.039,0.014600000000000002,0.0128,0.9694030085819325,0.04793331017714484,1.2413841794946527,1.256101471833848,1.2426893486916897,232.952,232.952,10.227956232500773,0.0,False,True,-0.009391947967791506,12723,baseline,2498,4655,3.7269815852682147,37.43657979976443,0.0014925837345887924,0.08077171329913706,0.011936993938619469,0.9217669967563555,0.9217669967563555,5.4787878787878785,0,classic,1.0,0.3,0.3,False,n/a,n/a,n/a,n/a,n/a,n/a,n/a,n/a,n/a,n/a,n/a,n/a,n/a,n/a,n/a,n/a,n/a,n/a,n/a
PM9_full_N500,S2,381425458,500,False,PD_classic,9.0,5.0,1.0,0.0,True,0.01,0.5,100,0,30,0.1,100000,0.09839999999999999,0.0412,0.5782,0.06620000000000001,0.09199999999999998,0.06760000000000002,0.056400000000000006,0.7578591038449229,0.013483642793987621,1.6939684011325669,1.8973263778392955,1.7728990079081235,17.924,17.924,120.28157087047819,0.0,False,False,-0.020669977079905023,11013,fragmented,2498,3724,2.981585268214572,38.393379466038475,0.0011940669876710339,0.09412734935967365,0.013037719718097033,0.9901987753583423,0.9901987753583423,1.2811059907834101,931,classic,1.0,0.3,0.3,False,n/a,n/a,n/a,n/a,n/a,n/a,n/a,n/a,n/a,n/a,n/a,n/a,n/a,n/a,n/a,n/a,n/a,n/a,n/a
PM9_full_N500,S2,381425458,500,False,PD_classic,9.0,5.0,1.0,0.0,True,0.01,0.5,100,5,30,0.1,100000,0.06180000000000001,0.06140000000000001,0.6822,0.06080000000000001,0.04179999999999999,0.038599999999999995,0.0534,0.9109342204786108,0.02422145328719723,1.7580218996651291,1.8139111705152737,1.780473350415319,4.994,17.968,119.19625869118578,0.996,False,True,0.004256465025860103,10703,fragmented,2498,3724,2.981585268214572,38.393379466038475,0.0011940669876710339,0.09412734935967365,0.013037719718097033,0.9842176096289973,0.9880985179158333,1.3153153153153154,931,classic,1.0,0.3,0.3,False,n/a,n/a,n/a,n/a,n/a,n/a,n/a,n/a,n/a,n/a,n/a,n/a,n/a,n/a,n/a,n/a,n/a,n/a,n/a
PM9_full_N500,S2,381425458,500,False,PD_classic,9.0,5.0,1.0,0.0,True,0.01,0.5,100,15,30,2.0,100000,0.029000000000000005,0.0114,0.9254,0.0066,0.008799999999999999,0.011200000000000002,0.007600000000000001,0.9688394037419525,0.03953147877013177,1.223447853878462,1.2311848873715185,1.2244361625047908,15.0,234.2,10.210801002300464,1.0,False,True,-0.0021022644090547067,10504,baseline,2498,4655,3.7269815852682147,37.43657979976443,0.0014925837345887924,0.08077171329913706,0.011936993938619469,0.8198323402352409,0.9299114885386949,5.615230460921843,0,classic,1.0,0.3,0.3,False,n/a,n/a,n/a,n/a,n/a,n/a,n/a,n/a,n/a,n/a,n/a,n/a,n/a,n/a,n/a,n/a,n/a,n/a,n/a
PM9_full_N500,S2,381425458,500,False,PD_classic,9.0,5.0,1.0,0.0,True,0.01,0.5,100,15,30,0.1,100000,0.06780000000000001,0.0394,0.655,0.0788,0.07040000000000002,0.05500000000000001,0.033600000000000005,0.8141164514254209,0.01639070078608463,1.7594873142761085,1.9091831321144128,1.7910196605433457,14.216,17.996,119.6739307887941,0.672,False,True,-0.001277563510248914,10923,fragmented,2498,3724,2.981585268214572,38.393379466038475,0.0011940669876710339,0.09412734935967365,0.013037719718097033,0.9842702727184724,0.9880312609176669,1.3784860557768925,931,classic,1.0,0.3,0.3,False,n/a,n/a,n/a,n/a,n/a,n/a,n/a,n/a,n/a,n/a,n/a,n/a,n/a,n/a,n/a,n/a,n/a,n/a,n/a
PM9_full_N500,S2,381425458,500,False,weak_PD,1.6,1.0,0.0,0.0,True,0.0,0.5,100,0,30,0.1,100000,0.019999999999999997,0.0,0.9488000000000001,0.031200000000000006,0.0,0.0,0.0,0.9765382463574671,0.004363183045917307,0.14694029346236645,0.3669307057871882,0.1635522869726057,17.92,17.92,121.51332524936278,0.0,False,True,0.013403871215490722,2941,fragmented,2498,3724,2.981585268214572,38.393379466038475,0.0011940669876710339,0.09412734935967365,0.013037719718097033,0.983959225063946,0.983959225063946,1.373913043478261,931,classic,1.0,0.3,0.3,False,n/a,n/a,n/a,n/a,n/a,n/a,n/a,n/a,n/a,n/a,n/a,n/a,n/a,n/a,n/a,n/a,n/a,n/a,n/a
PM9_full_N500,S2,381425458,500,False,weak_PD,1.6,1.0,0.0,0.0,True,0.0,0.5,100,0,30,2.0,100000,0.0,0.0,1.0,0.0,0.0,0.0,0.0,1.0,0.0,0.02826034938105979,0.0,0.02826034938105979,231.156,231.156,10.273236878691705,0.0,True,True,0.0,1886,connected,2498,4675,3.7429943955164133,34.56955895825154,0.001498996554071451,0.09776629271489577,0.011842829931772441,0.9231793535136155,0.9231793535136155,5.464,0,classic,1.0,0.3,0.3,False,n/a,n/a,n/a,n/a,n/a,n/a,n/a,n/a,n/a,n/a,n/a,n/a,n/a,n/a,n/a,n/a,n/a,n/a,n/a
PM9_full_N500,S2,381425458,500,False,weak_PD,1.6,1.0,0.0,0.0,True,0.0,0.5,100,5,30,0.1,100000,0.0,0.0,1.0,0.0,0.0,0.0,0.0,1.0,0.0,0.14276600925865054,0.0,0.14276600925865054,5.0,20.896,92.86383844222235,1.0,True,True,0.012696473185889814,2654,baseline,2498,4655,3.7269815852682147,37.43657979976443,0.0014925837345887924,0.08077171329913706,0.011936993938619469,0.9833674406186497,0.9869074016137883,1.3767441860465117,0,classic,1.0,0.3,0.3,False,n/a,n/a,n/a,n/a,n/a,n/a,n/a,n/a,n/a,n/a,n/a,n/a,n/a,n/a,n/a,n/a,n/a,n/a,n/a
PM9_full_N500,S2,381425458,500,False,weak_PD,1.6,1.0,0.0,0.0,True,0.01,0.5,100,0,30,0.1,100000,0.11640000000000002,0.043199999999999995,0.4816,0.12140000000000002,0.09039999999999998,0.06699999999999999,0.07999999999999999,0.7425304267156557,0.05046197583511016,0.4009031048577172,0.42233137531331727,0.42373939160388324,21.536,21.536,92.1280084936967,0.0,False,True,0.01154626378505624,14263,baseline,2498,4655,3.7269815852682147,37.43657979976443,0.0014925837345887924,0.08077171329913706,0.011936993938619469,0.988091579649968,0.988091579649968,1.403361344537815,0,classic,1.0,0.3,0.3,False,n/a,n/a,n/a,n/a,n/a,n/a,n/a,n/a,n/a,n/a,n/a,n/a,n/a,n/a,n/a,n/a,n/a,n/a,n/a
PM9_full_N500,S2,381425458,500,False,weak_PD,1.6,1.0,0.0,0.0,True,0.01,0.5,100,5,30,2.0,100000,0.022199999999999994,0.017400000000000002,0.881,0.025399999999999995,0.0192,0.021999999999999995,0.012799999999999997,0.9452419606762168,0.07744755244755244,0.10754383047903292,0.1076891518081574,0.10739649211775358,5.0,229.564,10.327441183897438,1.0,False,True,0.0003136044544181839,14900,connected,2498,4675,3.7429943955164133,34.56955895825154,0.001498996554071451,0.09776629271489577,0.011842829931772441,0.7815101911374106,0.9266362368905364,5.415322580645161,0,classic,1.0,0.3,0.3,False,n/a,n/a,n/a,n/a,n/a,n/a,n/a,n/a,n/a,n/a,n/a,n/a,n/a,n/a,n/a,n/a,n/a,n/a,n/a
PM9_full_N500,S2,381425458,500,False,weak_PD,1.6,1.0,0.0,0.0,True,0.01,0.5,100,15,30,0.1,100000,0.12319999999999998,0.0804,0.4646,0.09639999999999999,0.08299999999999999,0.1058,0.04659999999999999,0.7856431992720625,0.03835553514010106,0.3494072886186043,0.3787245085573765,0.3653780390542781,14.734,21.508,93.00681800489927,0.868,False,True,-0.0018452713810820454,14343,connected,2498,4675,3.7429943955164133,34.56955895825154,0.001498996554071451,0.09776629271489577,0.011842829931772441,0.9704066078947143,0.972149865967829,1.395121951219512,0,classic,1.0,0.3,0.3,False,n/a,n/a,n/a,n/a,n/a,n/a,n/a,n/a,n/a,n/a,n/a,n/a,n/a,n/a,n/a,n/a,n/a,n/a,n/a
PM9_full_N500,S2,381425458,500,False,snowdrift,4.0,3.0,0.0,2.0,True,0.0,0.5,100,5,30,2.0,100000,0.0,0.0,1.0,0.0,0.0,0.0,0.0,1.0,0.0,0.20731761812470445,0.0,0.20731761812470445,5.0,230.288,10.412419396386786,1.0,True,True,0.0,4369,baseline,2498,4655,3.7269815852682147,37.43657979976443,0.0014925837345887924,0.08077171329913706,0.011936993938619469,0.780691319749502,0.9263640477751133,5.618473895582329,0,classic,1.0,0.3,0.3,False,n/a,n/a,n/a,n/a,n/a,n/a,n/a,n/a,n/a,n/a,n/a,n/a,n/a,n/a,n/a,n/a,n/a,n/a,n/a
PM9_full_N500,S2,381425458,500,False,snowdrift,4.0,3.0,0.0,2.0,True,0.0,0.5,100,5,30,2.0,100000,0.0,0.0,1.0,0.0,0.0,0.0,0.0,1.0,0.0,0.23052892892346644,0.0,0.23052892892346644,5.0,194.64,13.526394079713285,1.0,True,True,0.007649828999320392,5405,fragmented,2498,3724,2.981585268214572,38.393379466038475,0.0011940669876710339,0.09412734935967365,0.013037719718097033,0.8235853205470007,0.9399244725623415,5.216161616161616,931,classic,1.0,0.3,0.3,False,n/a,n/a,n/a,n/a,n/a,n/a,n/a,n/a,n/a,n/a,n/a,n/a,n/a,n/a,n/a,n/a,n/a,n/a,n/a
PM9_full_N500,S2,381425458,500,False,snowdrift,4.0,3.0,0.0,2.0,True,0.0,0.5,100,15,30,0.1,100000,0.0,0.0,1.0,0.0,0.0,0.0,0.0,1.0,0.0,0.4370515639607222,0.0,0.4370515639607222,14.782,21.332,91.83081356592214,0.876,True,True,0.010851105804428347,2482,baseline,2498,4655,3.7269815852682147,37.43657979976443,0.0014925837345887924,0.08077171329913706,0.011936993938619469,0.9875997339210494,0.9882931975492003,1.3830845771144278,0,classic,1.0,0.3,0.3,False,n/a,n/a,n/a,n/a,n/a,n/a,n/a,n/a,n/a,n/a,n/a,n/a,n/a,n/a,n/a,n/a,n/a,n/a,n/a
PM9_full_N500,S2,381425458,500,False,snowdrift,4.0,3.0,0.0,2.0,True,0.01,0.5,100,0,30,0.1,100000,0.07619999999999999,0.06060000000000001,0.43200000000000005,0.12599999999999997,0.0832,0.12200000000000003,0.09999999999999999,0.6223413638091781,0.05450103364029318,1.3254909184090815,1.3542236340081601,1.39389981519212,21.216,21.216,96.30303198390156,0.0,False,True,0.0005394933579745305,14815,baseline,2498,4655,3.7269815852682147,37.43657979976443,0.0014925837345887924,0.08077171329913706,0.011936993938619469,0.9852910594310718,0.9852910594310718,1.4298642533936652,0,classic,1.0,0.3,0.3,False,n/a,n/a,n/a,n/a,n/a,n/a,n/a,n/a,n/a,n/a,n/a,n/a,n/a,n/a,n/a,n/a,n/a,n/a,n/a
PM9_full_N500,S2,381425458,500,False,snowdrift,4.0,3.0,0.0,2.0,True,0.01,0.5,100,0,30,2.0,100000,0.07859999999999999,0.026000000000000002,0.5342,0.11180000000000001,0.11180000000000001,0.1012,0.0364,0.7718990020845407,0.15842550422901758,0.9677158139253408,0.9618896192843364,0.9708151615269589,233.588,233.588,10.243094447932588,0.0,False,False,-0.02666665066660523,28479,connected,2498,4675,3.7429943955164133,34.56955895825154,0.001498996554071451,0.09776629271489577,0.011842829931772441,0.9203213358183144,0.9203213358183144,5.78672032193159,0,classic,1.0,0.3,0.3,False,n/a,n/a,n/a,n/a,n/a,n/a,n/a,n/a,n/a,n/a,n/a,n/a,n/a,n/a,n/a,n/a,n/a,n/a,n/a
PM9_full_N500,S2,381425458,500,False,snowdrift,4.0,3.0,0.0,2.0,True,0.01,0.5,100,15,30,0.1,100000,0.1264,0.0568,0.4440000000000001,0.0818,0.14000000000000004,0.09379999999999998,0.05720000000000001,0.6504518371060699,0.024741866354958113,1.2759619266493527,1.4161958018274996,1.3703935359539523,14.662,20.796,94.83686385900599,0.85,False,True,-0.004964679058711291,14327,baseline,2498,4655,3.7269815852682147,37.43657979976443,0.0014925837345887924,0.08077171329913706,0.011936993938619469,0.9741790290800806,0.976411744793297,1.3135593220338984,0,classic,1.0,0.3,0.3,False,n/a,n/a,n/a,n/a,n/a,n/a,n/a,n/a,n/a,n/a,n/a,n/a,n/a,n/a,n/a,n/a,n/a,n/a,n/a
PM9_full_N500,S2,381425458,500,False,snowdrift,4.0,3.0,0.0,2.0,True,0.01,0.5,100,5,30,2.0,100000,0.0668,0.0214,0.7048,0.0402,0.06060000000000001,0.06700000000000002,0.0392,0.8256561539888988,0.16137394685677253,0.8383152065878527,0.8801513942720487,0.8470377368914969,5.0,232.808,10.24892211083856,1.0,False,True,-0.006072715490860864,23934,baseline,2498,4655,3.7269815852682147,37.43657979976443,0.0014925837345887924,0.08077171329913706,0.011936993938619469,0.7802215522257658,0.9246344484764164,5.907630522088353,0,classic,1.0,0.3,0.3,False,n/a,n/a,n/a,n/a,n/a,n/a,n/a,n/a,n/a,n/a,n/a,n/a,n/a,n/a,n/a,n/a,n/a,n/a,n/a
PM9_full_N500,S2,381425458,500,False,snowdrift,4.0,3.0,0.0,2.0,True,0.01,0.5,100,15,30,2.0,100000,0.028800000000000003,0.023799999999999995,0.6686000000000001,0.08979999999999998,0.09519999999999998,0.07100000000000002,0.022799999999999997,0.8126333302859529,0.1493971693167919,0.8852976089217002,0.8637807312311733,0.8881195405485796,15.0,231.272,10.239816221327645,1.0,False,True,-0.0036691250764977427,24959,connected,2498,4675,3.7429943955164133,34.56955895825154,0.001498996554071451,0.09776629271489577,0.011842829931772441,0.8081343059580981,0.9170250248248816,5.665322580645161,0,classic,1.0,0.3,0.3,False,n/a,n/a,n/a,n/a,n/a,n/a,n/a,n/a,n/a,n/a,n/a,n/a,n/a,n/a,n/a,n/a,n/a,n/a,n/a
PM9_full_N500,S2,228033215,500,False,PD_classic,9.0,5.0,1.0,0.0,True,0.0,0.5,100,15,30,2.0,100000,0.0,0.0,1.0,0.0,0.0,0.0,0.0,1.0,0.0,1.0785020306055524,0.0,1.0785020306055524,15.0,192.232,13.478350231595547,1.0,True,True,0.0,1242,fragmented,2498,3724,2.981585268214572,38.220083267896875,0.0011940669876710339,0.09690636794923324,0.012991830162527055,0.8786901599578035,0.9421731227379997,4.941649899396379,931,classic,1.0,0.3,0.3,False,n/a,n/a,n/a,n/a,n/a,n/a,n/a,n/a,n/a,n/a,n/a,n/a,n/a,n/a,n/a,n/a,n/a,n/a,n/a
PM9_full_N500,S2,228033215,500,False,PD_classic,9.0,5.0,1.0,0.0,True,0.0,0.5,100,15,30,0.1,100000,0.0,0.0,1.0,0.0,0.0,0.0,0.0,1.0,0.0,1.3221110016751496,0.0,1.3221110016751496,14.696,20.916,92.38433252680962,0.862,True,True,0.0,1284,connected,2498,4675,3.7429943955164133,34.43607266719016,0.001498996554071451,0.09208441962113664,0.01182878788680388,0.9775377129148554,0.9782664032226013,1.283720930232558,0,classic,1.0,0.3,0.3,False,n/a,n/a,n/a,n/a,n/a,n/a,n/a,n/a,n/a,n/a,n/a,n/a,n/a,n/a,n/a,n/a,n/a,n/a,n/a
PM9_full_N500,S2,228033215,500,False,PD_classic,9.0,5.0,1.0,0.0,True,0.01,0.5,100,0,30,2.0,100000,0.028200000000000003,0.009999999999999998,0.869,0.0262,0.0326,0.016200000000000003,0.0178,0.9679850054794221,0.04647519582245431,1.2528237675921785,1.2703695337081193,1.253535795453866,237.264,237.264,10.041986785873158,0.0,False,True,0.0020291985167962645,13013,baseline,2498,4655,3.7269815852682147,37.43657979976443,0.0014925837345887924,0.08077171329913706,0.011936993938619469,0.9242125463538374,0.9242125463538374,5.541247484909457,0,classic,1.0,0.3,0.3,False,n/a,n/a,n/a,n/a,n/a,n/a,n/a,n/a,n/a,n/a,n/a,n/a,n/a,n/a,n/a,n/a,n/a,n/a,n/a
PM9_full_N500,S2,228033215,500,False,PD_classic,9.0,5.0,1.0,0.0,True,0.01,0.5,100,0,30,2.0,100000,0.05079999999999999,0.006,0.8368,0.032,0.04399999999999999,0.018,0.0124,0.955095695813554,0.05879328076791224,1.2482165462836,1.2633313716959997,1.2501380562006976,236.636,236.636,10.129763099204741,0.0,False,True,-0.004105427621708656,12535,connected,2498,4675,3.7429943955164133,34.43607266719016,0.001498996554071451,0.09208441962113664,0.01182878788680388,0.9255385034439467,0.9255385034439467,5.670020120724346,0,classic,1.0,0.3,0.3,False,n/a,n/a,n/a,n/a,n/a,n/a,n/a,n/a,n/a,n/a,n/a,n/a,n/a,n/a,n/a,n/a,n/a,n/a,n/a
PM9_full_N500,S2,228033215,500,False,PD_classic,9.0,5.0,1.0,0.0,True,0.01,0.5,100,15,30,0.1,100000,0.054000000000000006,0.0568,0.626,0.07279999999999999,0.08619999999999997,0.058600000000000006,0.045599999999999995,0.9028174190586954,0.017118997912317326,1.7169203092832062,1.8124010311228622,1.7359145019981634,14.75,21.516,91.69507024102674,0.858,False,True,-0.006805025620101016,10927,connected,2498,4675,3.7429943955164133,34.43607266719016,0.001498996554071451,0.09208441962113664,0.01182878788680388,0.9600175883185376,0.9633328105113109,1.4095238095238096,0,classic,1.0,0.3,0.3,False,n/a,n/a,n/a,n/a,n/a,n/a,n/a,n/a,n/a,n/a,n/a,n/a,n/a,n/a,n/a,n/a,n/a,n/a,n/a
PM9_full_N500,S2,228033215,500,False,PD_classic,9.0,5.0,1.0,0.0,True,0.01,0.5,100,5,30,2.0,100000,0.011600000000000003,0.015200000000000002,0.9178,0.008000000000000002,0.015200000000000002,0.020799999999999996,0.011399999999999999,0.9643484804729215,0.0618897898394837,1.242470551062744,1.204572469363754,1.241047513527679,5.0,233.372,10.22203719217153,1.0,False,True,-0.0010098280393143544,10280,connected,2498,4675,3.7429943955164133,34.43607266719016,0.001498996554071451,0.09208441962113664,0.01182878788680388,0.7781361108155606,0.9250154072583437,5.847389558232932,0,classic,1.0,0.3,0.3,False,n/a,n/a,n/a,n/a,n/a,n/a,n/a,n/a,n/a,n/a,n/a,n/a,n/a,n/a,n/a,n/a,n/a,n/a,n/a
PM9_full_N500,S2,228033215,500,False,weak_PD,1.6,1.0,0.0,0.0,True,0.0,0.5,100,0,30,0.1,100000,0.0,0.0,1.0,0.0,0.0,0.0,0.0,1.0,0.0,0.1416883754799962,0.0,0.1416883754799962,21.252,21.252,93.27290617344079,0.0,True,True,0.006496211584844875,2727,connected,2498,4675,3.7429943955164133,34.43607266719016,0.001498996554071451,0.09208441962113664,0.01182878788680388,0.98517173075013,0.98517173075013,1.3972602739726028,0,classic,1.0,0.3,0.3,False,n/a,n/a,n/a,n/a,n/a,n/a,n/a,n/a,n/a,n/a,n/a,n/a,n/a,n/a,n/a,n/a,n/a,n/a,n/a
PM9_full_N500,S2,228033215,500,False,weak_PD,1.6,1.0,0.0,0.0,True,0.0,0.5,100,5,30,0.1,100000,0.0,0.0,1.0,0.0,0.0,0.0,0.0,1.0,0.0,0.10824846275835893,0.0,0.10824846275835893,5.0,20.58,95.2109487726165,1.0,True,True,0.011361760647046982,2356,baseline,2498,4655,3.7269815852682147,37.43657979976443,0.0014925837345887924,0.08077171329913706,0.011936993938619469,0.9782126154964591,0.9806234257441958,1.3055555555555556,0,classic,1.0,0.3,0.3,False,n/a,n/a,n/a,n/a,n/a,n/a,n/a,n/a,n/a,n/a,n/a,n/a,n/a,n/a,n/a,n/a,n/a,n/a,n/a
PM9_full_N500,S2,228033215,500,False,weak_PD,1.6,1.0,0.0,0.0,True,0.0,0.5,100,5,30,2.0,100000,0.0,0.0,1.0,0.0,0.0,0.0,0.0,1.0,0.0,0.0352484996335933,0.0,0.0352484996335933,5.0,196.408,13.174224997179747,1.0,True,True,0.0,2434,fragmented,2498,3724,2.981585268214572,38.220083267896875,0.0011940669876710339,0.09690636794923324,0.012991830162527055,0.8253018529077167,0.9374219343456737,5.016326530612245,931,classic,1.0,0.3,0.3,False,n/a,n/a,n/a,n/a,n/a,n/a,n/a,n/a,n/a,n/a,n/a,n/a,n/a,n/a,n/a,n/a,n/a,n/a,n/a
PM9_full_N500,S2,228033215,500,False,weak_PD,1.6,1.0,0.0,0.0,True,0.0,0.5,100,15,30,0.1,100000,0.021999999999999995,0.0,0.974,0.0020000000000000005,0.0020000000000000005,0.0,0.0,0.994275025900383,0.00019916351324437363,0.18500720047458946,0.4833152277448045,0.19361858595379522,14.304,18.9,115.11184024274532,0.71,False,False,0.03542555290221234,3239,fragmented,2498,3724,2.981585268214572,38.220083267896875,0.0011940669876710339,0.09690636794923324,0.012991830162527055,0.9880079953912967,0.9885417703197893,1.3873873873873874,931,classic,1.0,0.3,0.3,False,n/a,n/a,n/a,n/a,n/a,n/a,n/a,n/a,n/a,n/a,n/a,n/a,n/a,n/a,n/a,n/a,n/a,n/a,n/a
PM9_full_N500,S2,228033215,500,False,weak_PD,1.6,1.0,0.0,0.0,True,0.0,0.5,100,15,30,2.0,100000,0.0,0.0,1.0,0.0,0.0,0.0,0.0,1.0,0.0,0.029266512061365605,0.0,0.029266512061365605,15.0,234.632,10.151176889583466,1.0,True,True,0.0,1908,connected,2498,4675,3.7429943955164133,34.43607266719016,0.001498996554071451,0.09208441962113664,0.01182878788680388,0.8158808478836005,0.9222641161638137,5.433734939759036,0,classic,1.0,0.3,0.3,False,n/a,n/a,n/a,n/a,n/a,n/a,n/a,n/a,n/a,n/a,n/a,n/a,n/a,n/a,n/a,n/a,n/a,n/a,n/a
PM9_full_N500,S2,228033215,500,False,weak_PD,1.6,1.0,0.0,0.0,True,0.01,0.5,100,0,30,2.0,100000,0.10499999999999998,0.007200000000000001,0.7676000000000001,0.06100000000000001,0.029000000000000005,0.023799999999999995,0.0064,0.9435952306782005,0.06730126920507681,0.12098578416663036,0.11945093590321428,0.12101751025644647,233.624,233.624,10.287478362747812,0.0,False,True,0.005942174168700337,19473,baseline,2498,4655,3.7269815852682147,37.43657979976443,0.0014925837345887924,0.08077171329913706,0.011936993938619469,0.9215665505231981,0.9215665505231981,5.578313253012048,0,classic,1.0,0.3,0.3,False,n/a,n/a,n/a,n/a,n/a,n/a,n/a,n/a,n/a,n/a,n/a,n/a,n/a,n/a,n/a,n/a,n/a,n/a,n/a
PM9_full_N500,S2,228033215,500,False,weak_PD,1.6,1.0,0.0,0.0,True,0.01,0.5,100,0,30,0.1,100000,0.1092,0.05720000000000001,0.39880000000000004,0.1048,0.12919999999999998,0.13079999999999997,0.06999999999999999,0.678708479667832,0.0365623822088202,0.4190518204244127,0.4321689644893804,0.4478622862990938,18.108,18.108,118.24146554750348,0.0,False,True,0.005744259777041488,13887,fragmented,2498,3724,2.981585268214572,38.220083267896875,0.0011940669876710339,0.09690636794923324,0.012991830162527055,0.9894506399896227,0.9894506399896227,1.4375,931,classic,1.0,0.3,0.3,False,n/a,n/a,n/a,n/a,n/a,n/a,n/a,n/a,n/a,n/a,n/a,n/a,n/a,n/a,n/a,n/a,n/a,n/a,n/a
PM9_full_N500,S2,228033215,500,False,weak_PD,1.6,1.0,0.0,0.0,True,0.01,0.5,100,0,30,0.1,100000,0.14679999999999999,0.09539999999999998,0.3438,0.10900000000000001,0.09319999999999998,0.12920000000000004,0.08259999999999999,0.47698303827032795,0.04192949907235621,0.4005467675046601,0.4414564867384144,0.4384065251993494,21.152,21.152,95.68929205889594,0.0,False,True,-0.015255392221571634,14236,connected,2498,4675,3.7429943955164133,34.43607266719016,0.001498996554071451,0.09208441962113664,0.01182878788680388,0.9807811083321335,0.9807811083321335,1.4162679425837321,0,classic,1.0,0.3,0.3,False,n/a,n/a,n/a,n/a,n/a,n/a,n/a,n/a,n/a,n/a,n/a,n/a,n/a,n/a,n/a,n/a,n/a,n/a,n/a
PM9_full_N500,S2,228033215,500,False,weak_PD,1.6,1.0,0.0,0.0,True,0.01,0.5,100,5,30,2.0,100000,0.045799999999999993,0.0068000000000000005,0.8542,0.034600000000000006,0.0308,0.0208,0.007000000000000001,0.9427979456640305,0.070795033059184,0.11002999363314477,0.11241341314724844,0.10971989078214364,5.0,198.08,13.205546611371744,1.0,False,True,0.0036690290761196005,16756,fragmented,2498,3724,2.981585268214572,38.220083267896875,0.0011940669876710339,0.09690636794923324,0.012991830162527055,0.8106974919171491,0.9355366606087521,5.213709677419355,931,classic,1.0,0.3,0.3,False,n/a,n/a,n/a,n/a,n/a,n/a,n/a,n/a,n/a,n/a,n/a,n/a,n/a,n/a,n/a,n/a,n/a,n/a,n/a
PM9_full_N500,S2,228033215,500,False,weak_PD,1.6,1.0,0.0,0.0,True,0.01,0.5,100,15,30,0.1,100000,0.10999999999999999,0.07579999999999999,0.4272,0.1066,0.11540000000000002,0.0834,0.08159999999999998,0.6932072648956918,0.022502628811777076,0.3599139486951879,0.42311509342319525,0.39308594150989495,14.766,20.992,89.86250568914096,0.868,False,True,-0.004097526790103865,14138,baseline,2498,4655,3.7269815852682147,37.43657979976443,0.0014925837345887924,0.08077171329913706,0.011936993938619469,0.9876229960888004,0.9880100846345522,1.308411214953271,0,classic,1.0,0.3,0.3,False,n/a,n/a,n/a,n/a,n/a,n/a,n/a,n/a,n/a,n/a,n/a,n/a,n/a,n/a,n/a,n/a,n/a,n/a,n/a
PM9_full_N500,S2,228033215,500,False,snowdrift,4.0,3.0,0.0,2.0,True,0.0,0.5,100,0,30,0.1,100000,0.0020000000000000005,0.0,0.998,0.0,0.0,0.0,0.0,1.0,0.0,0.4185750564378521,0.7917981072555205,0.4193215025394874,21.148,21.148,91.88288642453031,0.0,False,True,0.015915337261337325,2660,baseline,2498,4655,3.7269815852682147,37.43657979976443,0.0014925837345887924,0.08077171329913706,0.011936993938619469,0.982995265661984,0.982995265661984,1.3805309734513274,0,classic,1.0,0.3,0.3,False,n/a,n/a,n/a,n/a,n/a,n/a,n/a,n/a,n/a,n/a,n/a,n/a,n/a,n/a,n/a,n/a,n/a,n/a,n/a
PM9_full_N500,S2,228033215,500,False,snowdrift,4.0,3.0,0.0,2.0,True,0.0,0.5,100,0,30,2.0,100000,0.0,0.0,1.0,0.0,0.0,0.0,0.0,1.0,0.0,0.19153993891809687,0.0,0.19153993891809687,231.572,231.572,10.254529920637587,0.0,True,True,0.0,3988,connected,2498,4675,3.7429943955164133,34.43607266719016,0.001498996554071451,0.09208441962113664,0.01182878788680388,0.9222982654876601,0.9222982654876601,5.642570281124498,0,classic,1.0,0.3,0.3,False,n/a,n/a,n/a,n/a,n/a,n/a,n/a,n/a,n/a,n/a,n/a,n/a,n/a,n/a,n/a,n/a,n/a,n/a,n/a
PM9_full_N500,S2,228033215,500,False,snowdrift,4.0,3.0,0.0,2.0,True,0.0,0.5,100,5,30,0.1,100000,0.0,0.0,1.0,0.0,0.0,0.0,0.0,1.0,0.0,0.5663518570072945,0.0,0.5663518570072945,5.0,21.524,90.59464453864915,1.0,True,False,0.022358191832772458,3006,connected,2498,4675,3.7429943955164133,34.43607266719016,0.001498996554071451,0.09208441962113664,0.01182878788680388,0.9787800513386815,0.9848384225707336,1.3640552995391706,0,classic,1.0,0.3,0.3,False,n/a,n/a,n/a,n/a,n/a,n/a,n/a,n/a,n/a,n/a,n/a,n/a,n/a,n/a,n/a,n/a,n/a,n/a,n/a
PM9_full_N500,S2,228033215,500,False,snowdrift,4.0,3.0,0.0,2.0,True,0.0,0.5,100,5,30,2.0,100000,0.0,0.0,1.0,0.0,0.0,0.0,0.0,1.0,0.0,0.1973265044738339,0.0,0.1973265044738339,5.0,193.436,13.453359980800792,1.0,True,True,0.0,4096,fragmented,2498,3724,2.981585268214572,38.220083267896875,0.0011940669876710339,0.09690636794923324,0.012991830162527055,0.8230971340603209,0.9468226130251908,5.002004008016032,931,classic,1.0,0.3,0.3,False,n/a,n/a,n/a,n/a,n/a,n/a,n/a,n/a,n/a,n/a,n/a,n/a,n/a,n/a,n/a,n/a,n/a,n/a,n/a
PM9_full_N500,S2,228033215,500,False,snowdrift,4.0,3.0,0.0,2.0,True,0.0,0.5,100,15,30,0.1,100000,0.0258,0.0,0.9156000000000001,0.008000000000000002,0.013000000000000001,0.03560000000000001,0.0020000000000000005,0.9609454915263569,0.0012725344644750796,0.5760474053109977,0.6319039570804353,0.659004991986211,14.276,18.232,115.38313956158635,0.708,False,True,0.01684668498674068,3019,fragmented,2498,3724,2.981585268214572,38.220083267896875,0.0011940669876710339,0.09690636794923324,0.012991830162527055,0.9820479489305596,0.9824526011799255,1.251101321585903,931,classic,1.0,0.3,0.3,False,n/a,n/a,n/a,n/a,n/a,n/a,n/a,n/a,n/a,n/a,n/a,n/a,n/a,n/a,n/a,n/a,n/a,n/a,n/a
PM9_full_N500,S2,228033215,500,False,snowdrift,4.0,3.0,0.0,2.0,True,0.01,0.5,100,0,30,2.0,100000,0.1386,0.06960000000000001,0.44000000000000006,0.11560000000000001,0.0236,0.14240000000000003,0.0702,0.650758447226123,0.16235610704141126,1.1485777970884414,1.1888407563169212,1.1817038089140282,196.504,196.504,13.25142964949275,0.0,False,True,-0.014024523298091727,31386,fragmented,2498,3724,2.981585268214572,38.220083267896875,0.0011940669876710339,0.09690636794923324,0.012991830162527055,0.9328783456513685,0.9328783456513685,5.346855983772819,931,classic,1.0,0.3,0.3,False,n/a,n/a,n/a,n/a,n/a,n/a,n/a,n/a,n/a,n/a,n/a,n/a,n/a,n/a,n/a,n/a,n/a,n/a,n/a
PM9_full_N500,S2,228033215,500,False,snowdrift,4.0,3.0,0.0,2.0,True,0.01,0.5,100,0,30,2.0,100000,0.04519999999999999,0.022799999999999994,0.6472,0.13399999999999998,0.048999999999999995,0.0516,0.0502,0.8570323441368736,0.13658536585365855,0.9226396439174738,0.9452749134921933,0.9270235396192027,234.98,234.98,10.118260270824099,0.0,False,True,0.013224868899475233,27952,connected,2498,4675,3.7429943955164133,34.43607266719016,0.001498996554071451,0.09208441962113664,0.01182878788680388,0.923250368273437,0.923250368273437,5.118236472945892,0,classic,1.0,0.3,0.3,False,n/a,n/a,n/a,n/a,n/a,n/a,n/a,n/a,n/a,n/a,n/a,n/a,n/a,n/a,n/a,n/a,n/a,n/a,n/a
PM9_full_N500,S2,228033215,500,False,snowdrift,4.0,3.0,0.0,2.0,True,0.01,0.5,100,5,30,2.0,100000,0.051000000000000004,0.046799999999999994,0.6883999999999999,0.053000000000000005,0.06000000000000001,0.0618,0.039,0.8419291613745408,0.14267185473411154,0.9422488678937143,1.0332179452063452,0.953798799050395,5.0,197.22,13.146116841201637,1.0,False,True,9.095076380525249e-05,27079,fragmented,2498,3724,2.981585268214572,38.220083267896875,0.0011940669876710339,0.09690636794923324,0.012991830162527055,0.8088799878613876,0.9262761540960553,5.223340040241449,931,classic,1.0,0.3,0.3,False,n/a,n/a,n/a,n/a,n/a,n/a,n/a,n/a,n/a,n/a,n/a,n/a,n/a,n/a,n/a,n/a,n/a,n/a,n/a
PM9_full_N500,S2,228033215,500,False,snowdrift,4.0,3.0,0.0,2.0,True,0.01,0.5,100,15,30,0.1,100000,0.12199999999999997,0.065,0.4692000000000001,0.101,0.1096,0.0822,0.051000000000000004,0.7119320632735227,0.025330396475770924,1.281711921905966,1.4605368106692123,1.3651508641059356,14.748,21.092,96.78862357901778,0.862,False,True,0.003822744890982494,14804,baseline,2498,4655,3.7269815852682147,37.43657979976443,0.0014925837345887924,0.08077171329913706,0.011936993938619469,0.9808680747430351,0.9809501159277098,1.3472803347280335,0,classic,1.0,0.3,0.3,False,n/a,n/a,n/a,n/a,n/a,n/a,n/a,n/a,n/a,n/a,n/a,n/a,n/a,n/a,n/a,n/a,n/a,n/a,n/a
PM9_full_N500,S2,228033215,500,False,snowdrift,4.0,3.0,0.0,2.0,True,0.01,0.5,100,15,30,0.1,100000,0.08999999999999998,0.07020000000000001,0.492,0.09539999999999998,0.11200000000000002,0.09099999999999998,0.04939999999999999,0.7670017044683644,0.049413574312632186,1.201676157935597,1.2875737381582981,1.2735640634764238,13.972,17.74,119.9827670414043,0.646,False,False,0.022256431425727165,13698,fragmented,2498,3724,2.981585268214572,38.220083267896875,0.0011940669876710339,0.09690636794923324,0.012991830162527055,0.9763809147127086,0.9763809147127086,1.3333333333333333,931,classic,1.0,0.3,0.3,False,n/a,n/a,n/a,n/a,n/a,n/a,n/a,n/a,n/a,n/a,n/a,n/a,n/a,n/a,n/a,n/a,n/a,n/a,n/a
PM9_full_N500,S2,475630065,500,False,PD_classic,9.0,5.0,1.0,0.0,True,0.01,0.5,100,0,30,0.1,100000,0.09759999999999999,0.0498,0.6424,0.0528,0.067,0.0402,0.05019999999999999,0.8093426730182249,0.02881512217611803,1.754312221994521,1.8190369628416165,1.767626316218092,20.404,20.404,93.75013277238764,0.0,False,True,-0.006599133596532921,11062,baseline,2498,4655,3.7269815852682147,37.43657979976443,0.0014925837345887924,0.08077171329913706,0.011936993938619469,0.9768033651980756,0.9768033651980756,1.3333333333333333,0,classic,1.0,0.3,0.3,False,n/a,n/a,n/a,n/a,n/a,n/a,n/a,n/a,n/a,n/a,n/a,n/a,n/a,n/a,n/a,n/a,n/a,n/a,n/a
PM9_full_N500,S2,475630065,500,False,PD_classic,9.0,5.0,1.0,0.0,True,0.01,0.5,100,0,30,2.0,100000,0.027000000000000003,0.0116,0.8588000000000001,0.043399999999999994,0.031400000000000004,0.015,0.0128,0.9659729102137835,0.04429509699098824,1.2405977850393926,1.23844731793346,1.2422208424038181,188.412,188.412,13.782602481000563,0.0,False,True,-0.008489947559789508,13882,fragmented,2498,3724,2.981585268214572,38.84233902630546,0.0011940669876710339,0.1107662487752422,0.01330569014528957,0.9396573925842739,0.9396573925842739,5.016129032258065,931,classic,1.0,0.3,0.3,False,n/a,n/a,n/a,n/a,n/a,n/a,n/a,n/a,n/a,n/a,n/a,n/a,n/a,n/a,n/a,n/a,n/a,n/a,n/a
PM9_full_N500,S2,475630065,500,False,PD_classic,9.0,5.0,1.0,0.0,True,0.01,0.5,100,5,30,2.0,100000,0.023,0.012400000000000003,0.9335999999999999,0.0108,0.0078,0.0038000000000000004,0.008600000000000002,0.9735388810657841,0.04535112998634916,1.2343136999992061,1.2020363130753455,1.2339617421679605,5.0,183.56,14.046269434565735,1.0,False,True,-0.00011567086268784528,11147,fragmented,2498,3724,2.981585268214572,38.84233902630546,0.0011940669876710339,0.1107662487752422,0.01330569014528957,0.8208373425554826,0.9345690385728347,5.182186234817814,931,classic,1.0,0.3,0.3,False,n/a,n/a,n/a,n/a,n/a,n/a,n/a,n/a,n/a,n/a,n/a,n/a,n/a,n/a,n/a,n/a,n/a,n/a,n/a
PM9_full_N500,S2,475630065,500,False,PD_classic,9.0,5.0,1.0,0.0,True,0.01,0.5,100,15,30,0.1,100000,0.06780000000000001,0.04499999999999999,0.6372,0.06240000000000001,0.05960000000000001,0.06660000000000002,0.06140000000000001,0.9041190796738746,0.023482245131729668,1.7417206215316074,1.6810039606314422,1.7708539550016296,14.754,20.42,93.95538416593452,0.848,False,True,-0.0028284881139506246,11144,baseline,2498,4655,3.7269815852682147,37.43657979976443,0.0014925837345887924,0.08077171329913706,0.011936993938619469,0.9807471143831893,0.981551884170748,1.3652173913043477,0,classic,1.0,0.3,0.3,False,n/a,n/a,n/a,n/a,n/a,n/a,n/a,n/a,n/a,n/a,n/a,n/a,n/a,n/a,n/a,n/a,n/a,n/a,n/a
PM9_full_N500,S2,475630065,500,False,weak_PD,1.6,1.0,0.0,0.0,True,0.0,0.5,100,5,30,2.0,100000,0.0,0.0,1.0,0.0,0.0,0.0,0.0,1.0,0.0,0.028633529113423185,0.0,0.028633529113423185,5.0,231.064,10.282273490545933,1.0,True,True,0.0,1856,baseline,2498,4655,3.7269815852682147,37.43657979976443,0.0014925837345887924,0.08077171329913706,0.011936993938619469,0.7696892963648019,0.922465361269231,5.701612903225806,0,classic,1.0,0.3,0.3,False,n/a,n/a,n/a,n/a,n/a,n/a,n/a,n/a,n/a,n/a,n/a,n/a,n/a,n/a,n/a,n/a,n/a,n/a,n/a
PM9_full_N500,S2,475630065,500,False,weak_PD,1.6,1.0,0.0,0.0,True,0.0,0.5,100,5,30,0.1,100000,0.0,0.0,0.9960000000000002,0.0,0.0,0.004000000000000001,0.0,1.0,0.0,0.135839999032769,0.0,0.13609236003842498,5.0,20.632,94.45683542896654,1.0,False,True,0.010782955131813937,2757,connected,2498,4675,3.7429943955164133,34.617765181258996,0.001498996554071451,0.08534366914141805,0.011830709163410108,0.984573637337808,0.9863910149757514,1.2876712328767124,0,classic,1.0,0.3,0.3,False,n/a,n/a,n/a,n/a,n/a,n/a,n/a,n/a,n/a,n/a,n/a,n/a,n/a,n/a,n/a,n/a,n/a,n/a,n/a
PM9_full_N500,S2,475630065,500,False,weak_PD,1.6,1.0,0.0,0.0,True,0.0,0.5,100,5,30,2.0,100000,0.0,0.0,1.0,0.0,0.0,0.0,0.0,1.0,0.0,0.032055298292084144,0.0,0.032055298292084144,5.0,190.416,13.604380297583106,1.0,True,True,0.0,2183,fragmented,2498,3724,2.981585268214572,38.84233902630546,0.0011940669876710339,0.1107662487752422,0.01330569014528957,0.820921095830715,0.9376501584933069,5.012145748987854,931,classic,1.0,0.3,0.3,False,n/a,n/a,n/a,n/a,n/a,n/a,n/a,n/a,n/a,n/a,n/a,n/a,n/a,n/a,n/a,n/a,n/a,n/a,n/a
PM9_full_N500,S2,475630065,500,False,weak_PD,1.6,1.0,0.0,0.0,True,0.0,0.5,100,15,30,2.0,100000,0.0,0.0,1.0,0.0,0.0,0.0,0.0,1.0,0.0,0.02592437224561583,0.0,0.02592437224561583,15.0,234.416,10.194543850623761,1.0,True,True,0.0,1692,baseline,2498,4655,3.7269815852682147,37.43657979976443,0.0014925837345887924,0.08077171329913706,0.011936993938619469,0.8115537237720762,0.9217659341204241,6.028397565922921,0,classic,1.0,0.3,0.3,False,n/a,n/a,n/a,n/a,n/a,n/a,n/a,n/a,n/a,n/a,n/a,n/a,n/a,n/a,n/a,n/a,n/a,n/a,n/a
PM9_full_N500,S2,475630065,500,False,weak_PD,1.6,1.0,0.0,0.0,True,0.01,0.5,100,0,30,0.1,100000,0.12520000000000003,0.05500000000000001,0.4062,0.1092,0.139,0.09159999999999999,0.07379999999999999,0.618135138265826,0.03396053235429096,0.3509919720199548,0.4273184532898286,0.3911126095940652,20.852,20.852,92.45678466625498,0.0,False,True,0.008684713138856034,14169,connected,2498,4675,3.7429943955164133,34.617765181258996,0.001498996554071451,0.08534366914141805,0.011830709163410108,0.985622019971704,0.985622019971704,1.297029702970297,0,classic,1.0,0.3,0.3,False,n/a,n/a,n/a,n/a,n/a,n/a,n/a,n/a,n/a,n/a,n/a,n/a,n/a,n/a,n/a,n/a,n/a,n/a,n/a
PM9_full_N500,S2,475630065,500,False,weak_PD,1.6,1.0,0.0,0.0,True,0.0,0.5,100,15,30,2.0,100000,0.0,0.0,1.0,0.0,0.0,0.0,0.0,1.0,0.0,0.026710577001460612,0.0,0.026710577001460612,15.0,231.752,10.226743506520283,1.0,True,True,0.0,1793,connected,2498,4675,3.7429943955164133,34.617765181258996,0.001498996554071451,0.08534366914141805,0.011830709163410108,0.8232342043659504,0.92282536703611,5.365461847389558,0,classic,1.0,0.3,0.3,False,n/a,n/a,n/a,n/a,n/a,n/a,n/a,n/a,n/a,n/a,n/a,n/a,n/a,n/a,n/a,n/a,n/a,n/a,n/a
PM9_full_N500,S2,475630065,500,False,weak_PD,1.6,1.0,0.0,0.0,True,0.01,0.5,100,5,30,2.0,100000,0.033600000000000005,0.007400000000000001,0.8645999999999999,0.0284,0.032200000000000006,0.023399999999999997,0.0104,0.9413818155209597,0.0837092731829574,0.11036953932772843,0.11262617532954163,0.11016997335265033,5.0,229.512,10.337402858681461,1.0,False,True,-0.0026430825723288247,15621,baseline,2498,4655,3.7269815852682147,37.43657979976443,0.0014925837345887924,0.08077171329913706,0.011936993938619469,0.7737385886111973,0.91832493691466,5.717741935483871,0,classic,1.0,0.3,0.3,False,n/a,n/a,n/a,n/a,n/a,n/a,n/a,n/a,n/a,n/a,n/a,n/a,n/a,n/a,n/a,n/a,n/a,n/a,n/a
PM9_full_N500,S2,475630065,500,False,weak_PD,1.6,1.0,0.0,0.0,True,0.01,0.5,100,15,30,0.1,100000,0.101,0.05840000000000001,0.47919999999999996,0.1002,0.09759999999999999,0.1012,0.06240000000000001,0.799612652249061,0.021910604732690624,0.3602520583652463,0.3963287154505323,0.3849521022562316,14.818,20.98,92.43076060557556,0.864,False,True,0.008908317233273328,14073,baseline,2498,4655,3.7269815852682147,37.43657979976443,0.0014925837345887924,0.08077171329913706,0.011936993938619469,0.9810355960440882,0.9817931697289918,1.2941176470588236,0,classic,1.0,0.3,0.3,False,n/a,n/a,n/a,n/a,n/a,n/a,n/a,n/a,n/a,n/a,n/a,n/a,n/a,n/a,n/a,n/a,n/a,n/a,n/a
PM9_full_N500,S2,475630065,500,False,snowdrift,4.0,3.0,0.0,2.0,True,0.0,0.5,100,0,30,0.1,100000,0.0,0.0,1.0,0.0,0.0,0.0,0.0,1.0,0.0,0.37292735873568766,0.0,0.37292735873568766,21.416,21.416,90.31456993868635,0.0,True,True,0.006683018732069801,2276,baseline,2498,4655,3.7269815852682147,37.43657979976443,0.0014925837345887924,0.08077171329913706,0.011936993938619469,0.9820929868476476,0.9820929868476476,1.389121338912134,0,classic,1.0,0.3,0.3,False,n/a,n/a,n/a,n/a,n/a,n/a,n/a,n/a,n/a,n/a,n/a,n/a,n/a,n/a,n/a,n/a,n/a,n/a,n/a
PM9_full_N500,S2,475630065,500,False,weak_PD,1.6,1.0,0.0,0.0,True,0.01,0.5,100,15,30,2.0,100000,0.035199999999999995,0.007400000000000001,0.8503999999999999,0.037800000000000014,0.025599999999999994,0.0172,0.0264,0.9427431256414829,0.09042644288405549,0.10792091796608196,0.11031177625955782,0.10869198368245025,15.0,229.948,10.262232372668329,1.0,False,True,-0.0031263581054335205,15937,connected,2498,4675,3.7429943955164133,34.617765181258996,0.001498996554071451,0.08534366914141805,0.011830709163410108,0.8233518491884746,0.9267662631861103,5.456740442655936,0,classic,1.0,0.3,0.3,False,n/a,n/a,n/a,n/a,n/a,n/a,n/a,n/a,n/a,n/a,n/a,n/a,n/a,n/a,n/a,n/a,n/a,n/a,n/a
PM9_full_N500,S2,475630065,500,False,snowdrift,4.0,3.0,0.0,2.0,True,0.0,0.5,100,5,30,0.1,100000,0.005999999999999999,0.0,0.9920000000000002,0.0,0.0,0.0020000000000000005,0.0,1.0,0.0,0.4894318993538607,1.4783245930727946,0.5003863917174668,4.996,17.948,121.09501439402467,0.998,False,True,0.01729937479748967,2475,fragmented,2498,3724,2.981585268214572,38.84233902630546,0.0011940669876710339,0.1107662487752422,0.01330569014528957,0.9807808519162367,0.9858834568736484,1.3738317757009346,931,classic,1.0,0.3,0.3,False,n/a,n/a,n/a,n/a,n/a,n/a,n/a,n/a,n/a,n/a,n/a,n/a,n/a,n/a,n/a,n/a,n/a,n/a,n/a
PM9_full_N500,S2,475630065,500,False,snowdrift,4.0,3.0,0.0,2.0,True,0.0,0.5,100,15,30,2.0,100000,0.0,0.0,1.0,0.0,0.0,0.0,0.0,1.0,0.0,0.21891180779862812,0.0,0.21891180779862812,15.0,228.844,10.391020163159503,1.0,True,True,0.0,4687,baseline,2498,4655,3.7269815852682147,37.43657979976443,0.0014925837345887924,0.08077171329913706,0.011936993938619469,0.8243443450511497,0.9237218882565577,5.9318637274549095,0,classic,1.0,0.3,0.3,False,n/a,n/a,n/a,n/a,n/a,n/a,n/a,n/a,n/a,n/a,n/a,n/a,n/a,n/a,n/a,n/a,n/a,n/a,n/a
PM9_full_N500,S2,475630065,500,False,snowdrift,4.0,3.0,0.0,2.0,True,0.01,0.5,100,0,30,0.1,100000,0.1302,0.05960000000000001,0.4454000000000001,0.09219999999999998,0.11460000000000001,0.1008,0.05720000000000001,0.6904773233604489,0.03335724533715925,1.2497347303564228,1.4068673621750745,1.3129015980548866,20.872,20.872,92.94302705492247,0.0,False,False,0.030145896583586882,14117,connected,2498,4675,3.7429943955164133,34.617765181258996,0.001498996554071451,0.08534366914141805,0.011830709163410108,0.983848654698599,0.983848654698599,1.2936802973977695,0,classic,1.0,0.3,0.3,False,n/a,n/a,n/a,n/a,n/a,n/a,n/a,n/a,n/a,n/a,n/a,n/a,n/a,n/a,n/a,n/a,n/a,n/a,n/a
PM9_full_N500,S2,475630065,500,False,snowdrift,4.0,3.0,0.0,2.0,True,0.01,0.5,100,5,30,0.1,100000,0.11140000000000001,0.071,0.4032,0.11000000000000001,0.1246,0.1096,0.07020000000000001,0.6344505373018973,0.028070963395463732,1.1756502663483743,1.2899734356388461,1.2758186600790993,5.0,20.812,92.54004251497581,1.0,False,True,0.0030622874491529092,14119,baseline,2498,4655,3.7269815852682147,37.43657979976443,0.0014925837345887924,0.08077171329913706,0.011936993938619469,0.9774505305633164,0.9816084345209728,1.3832599118942732,0,classic,1.0,0.3,0.3,False,n/a,n/a,n/a,n/a,n/a,n/a,n/a,n/a,n/a,n/a,n/a,n/a,n/a,n/a,n/a,n/a,n/a,n/a,n/a
PM9_full_N500,S2,475630065,500,False,snowdrift,4.0,3.0,0.0,2.0,True,0.01,0.5,100,0,30,2.0,100000,0.1066,0.04659999999999999,0.5936,0.08579999999999997,0.0568,0.06800000000000002,0.04259999999999999,0.8128510377693274,0.15674916622783922,1.0055052582059185,0.9883792246774956,0.9984606864582017,231.86,231.86,10.301720114082112,0.0,False,False,0.020253517814068325,28773,baseline,2498,4655,3.7269815852682147,37.43657979976443,0.0014925837345887924,0.08077171329913706,0.011936993938619469,0.9162381653743806,0.9162381653743806,5.559118236472946,0,classic,1.0,0.3,0.3,False,n/a,n/a,n/a,n/a,n/a,n/a,n/a,n/a,n/a,n/a,n/a,n/a,n/a,n/a,n/a,n/a,n/a,n/a,n/a
PM9_full_N500,S2,475630065,500,False,snowdrift,4.0,3.0,0.0,2.0,True,0.01,0.5,100,15,30,2.0,100000,0.05800000000000001,0.0356,0.5808,0.12000000000000002,0.10900000000000001,0.077,0.0196,0.7434376365388446,0.1618898731978461,0.8932473570544652,0.8782100817566063,0.8918186228980456,15.0,233.136,10.181368033914469,1.0,False,True,-0.00722413449653762,25424,baseline,2498,4655,3.7269815852682147,37.43657979976443,0.0014925837345887924,0.08077171329913706,0.011936993938619469,0.8169193097771096,0.9201991684206642,5.549295774647887,0,classic,1.0,0.3,0.3,False,n/a,n/a,n/a,n/a,n/a,n/a,n/a,n/a,n/a,n/a,n/a,n/a,n/a,n/a,n/a,n/a,n/a,n/a,n/a
PM9_full_N500,S2,475630065,500,False,snowdrift,4.0,3.0,0.0,2.0,True,0.01,0.5,100,15,30,0.1,100000,0.1206,0.0522,0.4604000000000001,0.1422,0.06520000000000001,0.0808,0.07859999999999999,0.6365685597005287,0.05606060606060606,1.2941568107340329,1.5349924245766455,1.3672167002676794,14.75,20.756,92.9999893729766,0.856,False,True,0.011208467233873148,14511,connected,2498,4675,3.7429943955164133,34.617765181258996,0.001498996554071451,0.08534366914141805,0.011830709163410108,0.9876007100543219,0.989425323184406,1.257918552036199,0,classic,1.0,0.3,0.3,False,n/a,n/a,n/a,n/a,n/a,n/a,n/a,n/a,n/a,n/a,n/a,n/a,n/a,n/a,n/a,n/a,n/a,n/a,n/a
PM9_full_N500,S2,1166802640,500,False,snowdrift,4.0,3.0,0.0,2.0,True,0.0,0.5,100,15,30,0.1,100000,0.0,0.0,0.9856,0.0,0.0,0.014400000000000001,0.0,0.983944711712628,0.00020024028834601522,0.4219350446663622,0.0,0.4265283270994363,14.708,20.656,93.19936548987947,0.85,False,True,0.014427964911864776,2895,baseline,2498,4655,3.7269815852682147,37.43657979976443,0.0014925837345887924,0.08077171329913706,0.011936993938619469,0.98124134431775,0.982160369607956,1.3568281938325992,0,classic,1.0,0.3,0.3,False,n/a,n/a,n/a,n/a,n/a,n/a,n/a,n/a,n/a,n/a,n/a,n/a,n/a,n/a,n/a,n/a,n/a,n/a,n/a
PM9_full_N500,S2,1166802640,500,False,snowdrift,4.0,3.0,0.0,2.0,True,0.0,0.5,100,0,30,2.0,100000,0.0,0.0,1.0,0.0,0.0,0.0,0.0,1.0,0.0,0.3515705396068721,0.0,0.3515705396068721,187.452,187.452,13.707421878630404,0.0,True,True,0.005582825531302857,7634,fragmented,2498,3724,2.981585268214572,38.68529969899228,0.0011940669876710339,0.1739903134458361,0.013337632589256354,0.9423951118444918,0.9423951118444918,4.860082304526749,931,classic,1.0,0.3,0.3,False,n/a,n/a,n/a,n/a,n/a,n/a,n/a,n/a,n/a,n/a,n/a,n/a,n/a,n/a,n/a,n/a,n/a,n/a,n/a
PM9_full_N500,S2,1166802640,500,False,snowdrift,4.0,3.0,0.0,2.0,True,0.0,0.5,100,15,30,0.1,100000,0.029200000000000004,0.0,0.9708,0.0,0.0,0.0,0.0,1.0,0.0,0.5215577340705209,1.6022921991283472,0.5539797680222556,14.166,19.032,123.14257412137532,0.698,False,False,0.033745008580042375,3000,fragmented,2498,3724,2.981585268214572,38.68529969899228,0.0011940669876710339,0.1739903134458361,0.013337632589256354,0.9776486907140295,0.9902686988448737,1.3397129186602872,931,classic,1.0,0.3,0.3,False,n/a,n/a,n/a,n/a,n/a,n/a,n/a,n/a,n/a,n/a,n/a,n/a,n/a,n/a,n/a,n/a,n/a,n/a,n/a
PM9_full_N500,S2,1166802640,500,False,snowdrift,4.0,3.0,0.0,2.0,True,0.0,0.5,100,15,30,0.1,100000,0.0,0.0,0.9960000000000002,0.004000000000000001,0.0,0.0,0.0,1.0,0.0,0.3859532674121316,0.0,0.389392580371945,14.69,21.2,93.31063126656727,0.85,False,True,0.007406938427741992,2576,connected,2498,4675,3.7429943955164133,34.66803265279414,0.001498996554071451,0.13343219023766525,0.011794734171038289,0.9881409228701663,0.988875901479045,1.3545454545454545,0,classic,1.0,0.3,0.3,False,n/a,n/a,n/a,n/a,n/a,n/a,n/a,n/a,n/a,n/a,n/a,n/a,n/a,n/a,n/a,n/a,n/a,n/a,n/a
PM9_full_N500,S2,1166802640,500,False,snowdrift,4.0,3.0,0.0,2.0,True,0.01,0.5,100,0,30,0.1,100000,0.11380000000000001,0.04659999999999999,0.4292000000000001,0.12200000000000003,0.1142,0.1062,0.06799999999999999,0.6500228708738133,0.03102468866069478,1.1499495115594636,1.3521955627865676,1.2480568335604756,21.004,21.004,94.07590465934429,0.0,False,True,-0.003744360577439746,14200,baseline,2498,4655,3.7269815852682147,37.43657979976443,0.0014925837345887924,0.08077171329913706,0.011936993938619469,0.9833289044446606,0.9833289044446606,1.247787610619469,0,classic,1.0,0.3,0.3,False,n/a,n/a,n/a,n/a,n/a,n/a,n/a,n/a,n/a,n/a,n/a,n/a,n/a,n/a,n/a,n/a,n/a,n/a,n/a
PM9_full_N500,S2,1166802640,500,False,snowdrift,4.0,3.0,0.0,2.0,True,0.01,0.5,100,0,30,2.0,100000,0.07819999999999999,0.0528,0.5452,0.10619999999999999,0.0894,0.06360000000000002,0.06460000000000002,0.7482105901831245,0.16554709658157934,1.064584273076703,1.0553963050528072,1.0671874645426354,185.816,185.816,14.02174759199678,0.0,False,True,0.0024617378469528528,30411,fragmented,2498,3724,2.981585268214572,38.68529969899228,0.0011940669876710339,0.1739903134458361,0.013337632589256354,0.9357782539558112,0.9357782539558112,5.39714867617108,931,classic,1.0,0.3,0.3,False,n/a,n/a,n/a,n/a,n/a,n/a,n/a,n/a,n/a,n/a,n/a,n/a,n/a,n/a,n/a,n/a,n/a,n/a,n/a
PM9_full_N500,S2,1166802640,500,False,snowdrift,4.0,3.0,0.0,2.0,True,0.01,0.5,100,5,30,2.0,100000,0.045599999999999995,0.0502,0.7346,0.036,0.0336,0.06400000000000002,0.036000000000000004,0.8493808697130021,0.16169023921774053,0.8192652362059769,0.7987657538237717,0.8199577988918904,5.0,230.328,10.27841318314451,1.0,False,True,0.0013498421993724597,23389,baseline,2498,4655,3.7269815852682147,37.43657979976443,0.0014925837345887924,0.08077171329913706,0.011936993938619469,0.7745848200857206,0.9204070963321231,5.528,0,classic,1.0,0.3,0.3,False,n/a,n/a,n/a,n/a,n/a,n/a,n/a,n/a,n/a,n/a,n/a,n/a,n/a,n/a,n/a,n/a,n/a,n/a,n/a
PM9_full_N500,S2,1166802640,500,False,snowdrift,4.0,3.0,0.0,2.0,True,0.01,0.5,100,5,30,2.0,100000,0.08899999999999998,0.0364,0.6566000000000001,0.07699999999999999,0.045799999999999993,0.0622,0.03300000000000001,0.7831397939314578,0.13913595933926304,1.1849068035910955,1.266352815941438,1.2022732528552826,5.0,184.908,14.062223930230687,1.0,False,False,0.03439525758103033,29970,fragmented,2498,3724,2.981585268214572,38.68529969899228,0.0011940669876710339,0.1739903134458361,0.013337632589256354,0.8403321656283863,0.9448608985367364,4.761133603238866,931,classic,1.0,0.3,0.3,False,n/a,n/a,n/a,n/a,n/a,n/a,n/a,n/a,n/a,n/a,n/a,n/a,n/a,n/a,n/a,n/a,n/a,n/a,n/a
PM9_full_N500,S2,1166802640,500,False,snowdrift,4.0,3.0,0.0,2.0,True,0.01,0.5,100,5,30,2.0,100000,0.0394,0.036199999999999996,0.7232,0.07759999999999999,0.037399999999999996,0.045399999999999996,0.04079999999999999,0.8378173912388338,0.1579925650557621,0.8363080672429404,0.8244929895055223,0.8390304141297139,5.0,232.868,10.203153813905493,1.0,False,False,-0.021271419485676846,23558,connected,2498,4675,3.7429943955164133,34.66803265279414,0.001498996554071451,0.13343219023766525,0.011794734171038289,0.7926218517662109,0.9289242881716816,5.338709677419355,0,classic,1.0,0.3,0.3,False,n/a,n/a,n/a,n/a,n/a,n/a,n/a,n/a,n/a,n/a,n/a,n/a,n/a,n/a,n/a,n/a,n/a,n/a,n/a
PM9_full_N500,S2,1166802640,500,False,snowdrift,4.0,3.0,0.0,2.0,True,0.01,0.5,100,15,30,2.0,100000,0.071,0.047799999999999995,0.6514,0.08159999999999999,0.05740000000000001,0.0496,0.0412,0.8005805337710091,0.14959016393442623,1.0384109567594082,1.058249049167331,1.0473831277890697,15.0,186.672,14.083680291491682,1.0,False,True,-0.01045753303013615,28949,fragmented,2498,3724,2.981585268214572,38.68529969899228,0.0011940669876710339,0.1739903134458361,0.013337632589256354,0.8642218760789783,0.9355414919338115,5.1156186612576064,931,classic,1.0,0.3,0.3,False,n/a,n/a,n/a,n/a,n/a,n/a,n/a,n/a,n/a,n/a,n/a,n/a,n/a,n/a,n/a,n/a,n/a,n/a,n/a
PM9_full_N500,S2,798359651,500,False,snowdrift,4.0,3.0,0.0,2.0,True,0.0,0.5,100,5,30,2.0,100000,0.0,0.0,1.0,0.0,0.0,0.0,0.0,1.0,0.0,0.15838168702401798,0.0,0.15838168702401798,5.0,231.06,10.220749346812697,1.0,True,True,0.0,3197,connected,2498,4675,3.7429943955164133,34.81513416099319,0.001498996554071451,0.08036874546424227,0.011910535791314424,0.7709150611256362,0.920903831628777,5.793939393939394,0,classic,1.0,0.3,0.3,False,n/a,n/a,n/a,n/a,n/a,n/a,n/a,n/a,n/a,n/a,n/a,n/a,n/a,n/a,n/a,n/a,n/a,n/a,n/a
PM9_full_N500,S2,798359651,500,False,snowdrift,4.0,3.0,0.0,2.0,True,0.0,0.5,100,15,30,0.1,100000,0.0,0.0,1.0,0.0,0.0,0.0,0.0,1.0,0.0,0.5851920812843854,0.0,0.5851920812843854,14.278,18.26,121.01833584027369,0.706,True,False,0.03199849279396898,2798,fragmented,2498,3724,2.981585268214572,39.06609900536579,0.0011940669876710339,0.13327563273822754,0.01309257925630318,0.9937894732795697,0.9939037860501324,1.2272727272727273,931,classic,1.0,0.3,0.3,False,n/a,n/a,n/a,n/a,n/a,n/a,n/a,n/a,n/a,n/a,n/a,n/a,n/a,n/a,n/a,n/a,n/a,n/a,n/a
PM9_full_N500,S2,798359651,500,False,snowdrift,4.0,3.0,0.0,2.0,True,0.0,0.5,100,15,30,0.1,100000,0.0,0.0,1.0,0.0,0.0,0.0,0.0,1.0,0.0,0.4744683205747071,0.0,0.4744683205747071,14.768,20.7,93.72172711685685,0.842,True,False,0.02647859551437986,3080,connected,2498,4675,3.7429943955164133,34.81513416099319,0.001498996554071451,0.08036874546424227,0.011910535791314424,0.9873620398482014,0.988079360221246,1.29004329004329,0,classic,1.0,0.3,0.3,False,n/a,n/a,n/a,n/a,n/a,n/a,n/a,n/a,n/a,n/a,n/a,n/a,n/a,n/a,n/a,n/a,n/a,n/a,n/a
PM9_full_N500,S2,798359651,500,False,snowdrift,4.0,3.0,0.0,2.0,True,0.01,0.5,100,5,30,2.0,100000,0.059199999999999996,0.04339999999999999,0.6365999999999999,0.0692,0.06820000000000001,0.07379999999999999,0.04959999999999999,0.7614256097908637,0.14783269961977186,1.0417525108670918,1.1234847831238686,1.0740390242228637,5.0,188.044,14.014062049791605,1.0,False,True,-0.013062109848439394,28054,fragmented,2498,3724,2.981585268214572,39.06609900536579,0.0011940669876710339,0.13327563273822754,0.01309257925630318,0.8288468447327481,0.9364712203086478,5.215447154471545,931,classic,1.0,0.3,0.3,False,n/a,n/a,n/a,n/a,n/a,n/a,n/a,n/a,n/a,n/a,n/a,n/a,n/a,n/a,n/a,n/a,n/a,n/a,n/a
PM9_full_N500,S2,798359651,500,False,snowdrift,4.0,3.0,0.0,2.0,True,0.01,0.5,100,5,30,2.0,100000,0.04619999999999999,0.0142,0.8055999999999999,0.04599999999999999,0.032400000000000005,0.033600000000000005,0.022,0.9032057856211464,0.11327250817696678,0.7877672434313512,0.7907446991973648,0.7890840412001644,5.0,234.288,10.072330688662129,1.0,False,True,-0.0072732098928410364,22957,connected,2498,4675,3.7429943955164133,34.81513416099319,0.001498996554071451,0.08036874546424227,0.011910535791314424,0.7619623539226099,0.9126288100070311,5.661971830985915,0,classic,1.0,0.3,0.3,False,n/a,n/a,n/a,n/a,n/a,n/a,n/a,n/a,n/a,n/a,n/a,n/a,n/a,n/a,n/a,n/a,n/a,n/a,n/a
PM9_full_N500,S2,798359651,500,False,snowdrift,4.0,3.0,0.0,2.0,True,0.01,0.5,100,0,30,2.0,100000,0.15399999999999997,0.032600000000000004,0.4542,0.09399999999999999,0.07479999999999999,0.14540000000000003,0.04499999999999999,0.7013856646647966,0.16372920441442926,1.1742152960071002,1.2098165657313291,1.188441199561209,185.66,185.66,13.89143439495752,0.0,False,True,-0.01162528170112534,32055,fragmented,2498,3724,2.981585268214572,39.06609900536579,0.0011940669876710339,0.13327563273822754,0.01309257925630318,0.9321012238005162,0.9321012238005162,4.910931174089069,931,classic,1.0,0.3,0.3,False,n/a,n/a,n/a,n/a,n/a,n/a,n/a,n/a,n/a,n/a,n/a,n/a,n/a,n/a,n/a,n/a,n/a,n/a,n/a
PM9_full_N500,S2,433399445,500,False,snowdrift,4.0,3.0,0.0,2.0,True,0.01,0.5,100,5,30,0.1,100000,0.1026,0.06880000000000001,0.5088000000000001,0.07699999999999999,0.1072,0.0818,0.0538,0.6988937447577259,0.0412135088723526,1.2072828855689908,1.2542069911649882,1.2466318195676438,5.0,21.52,93.06577821900869,1.0,False,True,-0.0018565898263545448,14199,connected,2498,4675,3.7429943955164133,34.545155248004185,0.001498996554071451,0.10824194854546515,0.011816442438528205,0.9834657214971326,0.9871246599480551,1.2920353982300885,0,classic,1.0,0.3,0.3,False,n/a,n/a,n/a,n/a,n/a,n/a,n/a,n/a,n/a,n/a,n/a,n/a,n/a,n/a,n/a,n/a,n/a,n/a,n/a
PM9_full_N500,S2,433399445,500,False,snowdrift,4.0,3.0,0.0,2.0,True,0.0,0.5,100,15,30,2.0,100000,0.0,0.0,1.0,0.0,0.0,0.0,0.0,1.0,0.0,0.17508608342405793,0.0,0.17508608342405793,15.0,230.64,10.234779998287792,1.0,True,True,0.0,3662,connected,2498,4675,3.7429943955164133,34.545155248004185,0.001498996554071451,0.10824194854546515,0.011816442438528205,0.8163288310725356,0.9195299506540724,5.635270541082164,0,classic,1.0,0.3,0.3,False,n/a,n/a,n/a,n/a,n/a,n/a,n/a,n/a,n/a,n/a,n/a,n/a,n/a,n/a,n/a,n/a,n/a,n/a,n/a
PM9_full_N500,S2,433399445,500,False,snowdrift,4.0,3.0,0.0,2.0,True,0.01,0.5,100,5,30,2.0,100000,0.07300000000000001,0.030400000000000003,0.6836,0.052000000000000005,0.06299999999999999,0.04959999999999999,0.04839999999999999,0.8010377886059159,0.15420424789060228,0.9529586235461402,0.9460180317585576,0.9552313988853216,5.0,194.836,13.234007976797319,1.0,False,True,0.0008401089604384052,26691,fragmented,2498,3724,2.981585268214572,39.27187213715482,0.0011940669876710339,0.08280516737807833,0.013033405581144212,0.8233762877314169,0.9429145760313504,5.4325955734406435,931,classic,1.0,0.3,0.3,False,n/a,n/a,n/a,n/a,n/a,n/a,n/a,n/a,n/a,n/a,n/a,n/a,n/a,n/a,n/a,n/a,n/a,n/a,n/a
PM9_full_N500,S2,433399445,500,False,snowdrift,4.0,3.0,0.0,2.0,True,0.01,0.5,100,0,30,2.0,100000,0.06939999999999999,0.05419999999999999,0.534,0.091,0.07339999999999999,0.1274,0.0506,0.7313854340509934,0.14076946018490905,1.2343699780821447,1.3611928279343253,1.2753628983365202,199.856,199.856,12.975727511214455,0.0,False,True,-0.0022596282385103908,32119,fragmented,2498,3724,2.981585268214572,39.27187213715482,0.0011940669876710339,0.08280516737807833,0.013033405581144212,0.9300397227484462,0.9300397227484462,5.25,931,classic,1.0,0.3,0.3,False,n/a,n/a,n/a,n/a,n/a,n/a,n/a,n/a,n/a,n/a,n/a,n/a,n/a,n/a,n/a,n/a,n/a,n/a,n/a
