variant_name,prediction,seed,compat_N,well_mixed,payoff_preset,payoff_T,payoff_R,payoff_P,payoff_S,evolution_on,mutation_rate,fermi_k,evolution_interval,dunbar_limit,vision_radius,player_speed,end_cycle,share_TFT,share_ALLC,share_ALLD,share_FTFT,share_TF2T,share_GRIM,share_WSLS,d_share,exploit_last_window,payoff_ALLD,payoff_TFT,payoff_all,known_partners,distinct_partners,games_per_partner,exceeding_dunbar,fixated,stabilized,alld_trend_10k,nb_character_changes,network_variant,net_nodes,net_edges,net_mean_degree,net_avg_path,net_density,net_betw_max,net_betw_mean,enc_share_remembered,enc_share_ever,enc_distinct,net_edges_removed,payoff_mode,b,c,c_over_b,kin_on,family_size,family_r,kin_spatial_clustering,kin_strategy_correlation,kin_imitation_bias,kin_matching_prob,fitness_mode,inclusive_variant,r_hat_all,r_hat_kin,r_hat_first_window,r_hat_last_window,kin_interaction_share,coop_with_kin,coop_with_strangers,r_hat_all_pooled,p4_intervals,p4_sign_agreement,kin_matching_mode
PM7_P1P3_network,S2,2121129191,200,False,PD_classic,9.0,5.0,1.0,0.0,True,0.01,0.5,100,0,30,0.1,100000,0.09549999999999999,0.07100000000000002,0.6075000000000002,0.0925,0.071,0.027500000000000004,0.03500000000000001,0.8335122037748504,0.03482880755608028,1.929969831234067,1.8253897163668604,1.957254612347063,18.47,18.47,98.25660127963805,0.0,False,True,0.0007286909147596307,4373,baseline,1024,1888,3.6875,23.17564027370479,0.003604594330400782,0.10896384010298515,0.01845320591177862,0.9790524597495801,0.9790524597495801,1.25,0,classic,1.0,0.3,0.3,False,n/a,n/a,n/a,n/a,n/a,n/a,n/a,n/a,n/a,n/a,n/a,n/a,n/a,n/a,n/a,n/a,n/a,n/a,n/a
PM7_P1P3_network,S2,686818433,200,False,PD_classic,9.0,5.0,1.0,0.0,True,0.01,0.5,100,0,30,0.1,100000,0.07649999999999998,0.026999999999999996,0.631,0.0625,0.08499999999999999,0.07000000000000002,0.047999999999999994,0.7958518660487534,0.025102459016393443,1.7866108571119277,2.045718665069757,1.8922672638667242,19.99,19.99,95.65420498282394,0.0,False,True,-0.01232844131376562,4296,baseline,1024,1888,3.6875,23.17564027370479,0.003604594330400782,0.10896384010298515,0.01845320591177862,0.9906533517388725,0.9906533517388725,1.1868131868131868,0,classic,1.0,0.3,0.3,False,n/a,n/a,n/a,n/a,n/a,n/a,n/a,n/a,n/a,n/a,n/a,n/a,n/a,n/a,n/a,n/a,n/a,n/a,n/a
PM7_P1P3_network,S2,381425458,200,False,PD_classic,9.0,5.0,1.0,0.0,True,0.01,0.5,100,0,30,0.1,100000,0.053000000000000005,0.03300000000000001,0.6719999999999999,0.0625,0.052000000000000005,0.08149999999999999,0.04599999999999999,0.8184042810235669,0.00684931506849315,1.6584982056288184,1.699660634947949,1.705001074581655,19.77,19.77,103.85666333224273,0.0,False,True,-0.010468721874884936,4188,baseline,1024,1888,3.6875,23.17564027370479,0.003604594330400782,0.10896384010298515,0.01845320591177862,0.9906409178998397,0.9906409178998397,1.2658227848101267,0,classic,1.0,0.3,0.3,False,n/a,n/a,n/a,n/a,n/a,n/a,n/a,n/a,n/a,n/a,n/a,n/a,n/a,n/a,n/a,n/a,n/a,n/a,n/a
PM7_P1P3_network,S2,744720527,200,False,PD_classic,9.0,5.0,1.0,0.0,True,0.01,0.5,100,0,30,0.1,100000,0.139,0.024,0.6180000000000001,0.04399999999999999,0.08149999999999999,0.05149999999999999,0.041999999999999996,0.7838266578507408,0.010801591813530414,1.8338961145370631,1.9997299264342572,1.843713045260238,19.12,19.12,94.50796818059933,0.0,False,True,-0.018725786903148346,4276,baseline,1024,1888,3.6875,23.17564027370479,0.003604594330400782,0.10896384010298515,0.01845320591177862,0.989835375187522,0.989835375187522,1.3695652173913044,0,classic,1.0,0.3,0.3,False,n/a,n/a,n/a,n/a,n/a,n/a,n/a,n/a,n/a,n/a,n/a,n/a,n/a,n/a,n/a,n/a,n/a,n/a,n/a
PM7_P1P3_network,S2,1620985466,200,False,PD_classic,9.0,5.0,1.0,0.0,True,0.01,0.5,100,0,30,0.1,100000,0.12250000000000001,0.029000000000000005,0.574,0.08199999999999999,0.11499999999999999,0.04599999999999999,0.0315,0.8677101744499396,0.01588310038119441,1.8089396765908543,1.6315804855212834,1.7863928933635282,20.29,20.29,91.95944832722539,0.0,False,True,3.5616142462738796e-05,4374,baseline,1024,1888,3.6875,23.17564027370479,0.003604594330400782,0.10896384010298515,0.01845320591177862,0.9874763657653591,0.9874763657653591,1.3255813953488371,0,classic,1.0,0.3,0.3,False,n/a,n/a,n/a,n/a,n/a,n/a,n/a,n/a,n/a,n/a,n/a,n/a,n/a,n/a,n/a,n/a,n/a,n/a,n/a
PM7_P1P3_network,S2,798359651,200,False,PD_classic,9.0,5.0,1.0,0.0,True,0.01,0.5,100,0,30,0.1,100000,0.05650000000000001,0.064,0.6655,0.07299999999999998,0.060999999999999985,0.03300000000000001,0.04699999999999999,0.8566957340493018,0.04489995119570522,1.783785570820565,2.08404663995003,1.788002650286326,19.92,19.92,97.69829420101516,0.0,False,True,-0.009324277297106625,4107,baseline,1024,1888,3.6875,23.17564027370479,0.003604594330400782,0.10896384010298515,0.01845320591177862,0.9897921114877469,0.9897921114877469,1.2093023255813953,0,classic,1.0,0.3,0.3,False,n/a,n/a,n/a,n/a,n/a,n/a,n/a,n/a,n/a,n/a,n/a,n/a,n/a,n/a,n/a,n/a,n/a,n/a,n/a
PM7_P1P3_network,S2,1669164794,200,False,PD_classic,9.0,5.0,1.0,0.0,True,0.01,0.5,100,0,30,0.1,100000,0.0635,0.0675,0.6160000000000001,0.055999999999999994,0.0445,0.08849999999999998,0.06399999999999999,0.8523003661896537,0.045234248788368334,1.8143557300903541,2.157165308853549,1.9168331132601037,21.35,21.35,96.54010085354275,0.0,False,False,-0.028418153672615423,4472,baseline,1024,1888,3.6875,23.17564027370479,0.003604594330400782,0.10896384010298515,0.01845320591177862,0.9879972753380382,0.9879972753380382,1.3647058823529412,0,classic,1.0,0.3,0.3,False,n/a,n/a,n/a,n/a,n/a,n/a,n/a,n/a,n/a,n/a,n/a,n/a,n/a,n/a,n/a,n/a,n/a,n/a,n/a
PM7_P1P3_network,S2,126337246,200,False,PD_classic,9.0,5.0,1.0,0.0,True,0.01,0.5,100,0,30,0.1,100000,0.06499999999999999,0.03899999999999999,0.654,0.058499999999999996,0.042499999999999996,0.09149999999999998,0.04949999999999999,0.8752529448918175,0.020689655172413793,1.7421656946124484,2.1878770624498256,1.8266111578819022,20.27,20.27,89.95879002502869,0.0,False,True,0.008293881175526532,4216,baseline,1024,1888,3.6875,23.17564027370479,0.003604594330400782,0.10896384010298515,0.01845320591177862,0.9802156691812783,0.9802156691812783,1.3563218390804597,0,classic,1.0,0.3,0.3,False,n/a,n/a,n/a,n/a,n/a,n/a,n/a,n/a,n/a,n/a,n/a,n/a,n/a,n/a,n/a,n/a,n/a,n/a,n/a
PM7_P1P3_network,S2,317149051,200,False,PD_classic,9.0,5.0,1.0,0.0,True,0.01,0.5,100,0,30,0.1,100000,0.07849999999999999,0.0235,0.607,0.094,0.05750000000000001,0.06749999999999999,0.07200000000000002,0.7847784723257909,0.013765541740674956,2.0014098816196166,1.8897158492033042,1.9914794734272443,19.92,19.92,94.25156943988245,0.0,False,True,0.00020764883059458996,4459,baseline,1024,1888,3.6875,23.17564027370479,0.003604594330400782,0.10896384010298515,0.01845320591177862,0.9911283275427949,0.9911283275427949,1.3404255319148937,0,classic,1.0,0.3,0.3,False,n/a,n/a,n/a,n/a,n/a,n/a,n/a,n/a,n/a,n/a,n/a,n/a,n/a,n/a,n/a,n/a,n/a,n/a,n/a
PM7_P1P3_network,S2,433399445,200,False,PD_classic,9.0,5.0,1.0,0.0,True,0.01,0.5,100,0,30,0.1,100000,0.09949999999999999,0.07749999999999999,0.607,0.06599999999999999,0.0445,0.06200000000000001,0.04349999999999999,0.7824513829538517,0.013227513227513227,1.83027143616905,1.8239305590575325,1.8966157072245593,19.36,19.36,93.23419818785953,0.0,False,True,-0.005653630614528683,4217,baseline,1024,1888,3.6875,23.17564027370479,0.003604594330400782,0.10896384010298515,0.01845320591177862,0.9853691930205,0.9853691930205,1.1645569620253164,0,classic,1.0,0.3,0.3,False,n/a,n/a,n/a,n/a,n/a,n/a,n/a,n/a,n/a,n/a,n/a,n/a,n/a,n/a,n/a,n/a,n/a,n/a,n/a
PM7_P1P3_network,S2,2121129191,200,False,PD_classic,9.0,5.0,1.0,0.0,True,0.01,0.5,100,0,30,2.0,100000,0.047999999999999994,0.011999999999999999,0.8234999999999999,0.0645,0.0485,0.0005,0.003,0.9666057277301933,0.03849597135183527,1.2492676940770988,1.2553176796761336,1.2500560847295572,161.59,161.59,14.154481351262438,0.0,False,True,-0.005463261853048512,5557,baseline,1024,1888,3.6875,23.17564027370479,0.003604594330400782,0.10896384010298515,0.01845320591177862,0.9753276959883415,0.9753276959883415,5.242424242424242,0,classic,1.0,0.3,0.3,False,n/a,n/a,n/a,n/a,n/a,n/a,n/a,n/a,n/a,n/a,n/a,n/a,n/a,n/a,n/a,n/a,n/a,n/a,n/a
PM7_P1P3_network,S2,686818433,200,False,PD_classic,9.0,5.0,1.0,0.0,True,0.01,0.5,100,0,30,2.0,100000,0.07799999999999999,0.010499999999999999,0.7895,0.03350000000000001,0.044,0.03700000000000001,0.0075000000000000015,0.9608107168269496,0.05335097001763668,1.3097692282375175,1.298365086446761,1.304061013329558,162.0,162.0,13.963611959279365,0.0,False,False,-0.03274426697706681,6203,baseline,1024,1888,3.6875,23.17564027370479,0.003604594330400782,0.10896384010298515,0.01845320591177862,0.9762554749913378,0.9762554749913378,5.396984924623116,0,classic,1.0,0.3,0.3,False,n/a,n/a,n/a,n/a,n/a,n/a,n/a,n/a,n/a,n/a,n/a,n/a,n/a,n/a,n/a,n/a,n/a,n/a,n/a
PM7_P1P3_network,S2,744720527,200,False,PD_classic,9.0,5.0,1.0,0.0,True,0.01,0.5,100,0,30,2.0,100000,0.101,0.007000000000000001,0.7815000000000001,0.058499999999999996,0.027999999999999997,0.013500000000000002,0.010499999999999999,0.9710291073960114,0.04448398576512456,1.25746768865498,1.2672308295440549,1.2608393763891947,160.96,160.96,14.153293804531529,0.0,False,False,-0.025329845319382375,5680,baseline,1024,1888,3.6875,23.17564027370479,0.003604594330400782,0.10896384010298515,0.01845320591177862,0.9759761381556201,0.9759761381556201,5.4646464646464645,0,classic,1.0,0.3,0.3,False,n/a,n/a,n/a,n/a,n/a,n/a,n/a,n/a,n/a,n/a,n/a,n/a,n/a,n/a,n/a,n/a,n/a,n/a,n/a
PM7_P1P3_network,S2,381425458,200,False,PD_classic,9.0,5.0,1.0,0.0,True,0.01,0.5,100,0,30,2.0,100000,0.09049999999999998,0.013500000000000002,0.7645,0.040000000000000015,0.05700000000000001,0.026999999999999996,0.0075000000000000015,0.951235037644121,0.05982905982905983,1.2629466873712496,1.2545891440256924,1.2618254308544645,161.74,161.74,14.175334375765372,0.0,False,True,-0.007307093228372548,5604,baseline,1024,1888,3.6875,23.17564027370479,0.003604594330400782,0.10896384010298515,0.01845320591177862,0.9679603006971106,0.9679603006971106,5.366834170854271,0,classic,1.0,0.3,0.3,False,n/a,n/a,n/a,n/a,n/a,n/a,n/a,n/a,n/a,n/a,n/a,n/a,n/a,n/a,n/a,n/a,n/a,n/a,n/a
PM7_P1P3_network,S2,1620985466,200,False,PD_classic,9.0,5.0,1.0,0.0,True,0.01,0.5,100,0,30,2.0,100000,0.052500000000000005,0.013500000000000002,0.7835000000000001,0.0655,0.05249999999999999,0.0095,0.023,0.9512744878465462,0.07463295269168026,1.2518291882819885,1.2733249359409082,1.2533008263095942,160.91,160.91,14.021271367610273,0.0,False,True,-0.012470977883912635,5509,baseline,1024,1888,3.6875,23.17564027370479,0.003604594330400782,0.10896384010298515,0.01845320591177862,0.9741315988853723,0.9741315988853723,5.6,0,classic,1.0,0.3,0.3,False,n/a,n/a,n/a,n/a,n/a,n/a,n/a,n/a,n/a,n/a,n/a,n/a,n/a,n/a,n/a,n/a,n/a,n/a,n/a
PM7_P1P3_network,S2,1669164794,200,False,PD_classic,9.0,5.0,1.0,0.0,True,0.01,0.5,100,0,30,2.0,100000,0.089,0.030500000000000006,0.7365000000000002,0.042,0.071,0.022,0.009000000000000001,0.9352212197635245,0.08284818629646216,1.275622535619414,1.2889585512252346,1.277366805982307,164.32,164.32,13.770157015447898,0.0,False,False,-0.02117881271525306,5864,baseline,1024,1888,3.6875,23.17564027370479,0.003604594330400782,0.10896384010298515,0.01845320591177862,0.9620114860463463,0.9620114860463463,5.606060606060606,0,classic,1.0,0.3,0.3,False,n/a,n/a,n/a,n/a,n/a,n/a,n/a,n/a,n/a,n/a,n/a,n/a,n/a,n/a,n/a,n/a,n/a,n/a,n/a
PM7_P1P3_network,S2,798359651,200,False,PD_classic,9.0,5.0,1.0,0.0,True,0.01,0.5,100,0,30,2.0,100000,0.008000000000000002,0.0005,0.8574999999999999,0.03300000000000001,0.08199999999999999,0.012,0.007000000000000001,0.9913233856952063,0.018410417602155366,1.290651588843383,1.2656652360515022,1.2894132026822467,162.25,162.25,14.182383284838986,0.0,False,True,-0.0014168936675790647,5758,baseline,1024,1888,3.6875,23.17564027370479,0.003604594330400782,0.10896384010298515,0.01845320591177862,0.9695166708676216,0.9695166708676216,5.4646464646464645,0,classic,1.0,0.3,0.3,False,n/a,n/a,n/a,n/a,n/a,n/a,n/a,n/a,n/a,n/a,n/a,n/a,n/a,n/a,n/a,n/a,n/a,n/a,n/a
PM7_P1P3_network,S2,126337246,200,False,PD_classic,9.0,5.0,1.0,0.0,True,0.01,0.5,100,0,30,2.0,100000,0.051000000000000004,0.014000000000000002,0.7680000000000001,0.05499999999999999,0.07899999999999999,0.02,0.013000000000000001,0.9479417934377208,0.06910387873383861,1.2660428535897452,1.2927691620218391,1.268937741274362,162.78,162.78,14.084086735057587,0.0,False,True,-0.010218496873986032,6052,baseline,1024,1888,3.6875,23.17564027370479,0.003604594330400782,0.10896384010298515,0.01845320591177862,0.9673609913642942,0.9673609913642942,5.222222222222222,0,classic,1.0,0.3,0.3,False,n/a,n/a,n/a,n/a,n/a,n/a,n/a,n/a,n/a,n/a,n/a,n/a,n/a,n/a,n/a,n/a,n/a,n/a,n/a
PM7_P1P3_network,S2,317149051,200,False,PD_classic,9.0,5.0,1.0,0.0,True,0.01,0.5,100,0,30,2.0,100000,0.05600000000000001,0.008499999999999999,0.807,0.0705,0.042499999999999996,0.013000000000000001,0.0025,0.9605158817862807,0.03721754541426672,1.2563609898044323,1.2405137920361047,1.2561566625976748,162.14,162.14,14.16659727462552,0.0,False,True,-0.011387133548533095,5506,baseline,1024,1888,3.6875,23.17564027370479,0.003604594330400782,0.10896384010298515,0.01845320591177862,0.9706807253617391,0.9706807253617391,5.266331658291457,0,classic,1.0,0.3,0.3,False,n/a,n/a,n/a,n/a,n/a,n/a,n/a,n/a,n/a,n/a,n/a,n/a,n/a,n/a,n/a,n/a,n/a,n/a,n/a
PM7_P1P3_network,S2,433399445,200,False,PD_classic,9.0,5.0,1.0,0.0,True,0.01,0.5,100,0,30,2.0,100000,0.061,0.005999999999999998,0.7919999999999999,0.06450000000000002,0.053500000000000006,0.0125,0.0105,0.9723331255138781,0.04828150572831424,1.2885222776832812,1.2726976173304372,1.2889805861469985,162.71,162.71,14.074455415650709,0.0,False,False,-0.04316026064104037,6068,baseline,1024,1888,3.6875,23.17564027370479,0.003604594330400782,0.10896384010298515,0.01845320591177862,0.958854201780003,0.958854201780003,5.809045226130653,0,classic,1.0,0.3,0.3,False,n/a,n/a,n/a,n/a,n/a,n/a,n/a,n/a,n/a,n/a,n/a,n/a,n/a,n/a,n/a,n/a,n/a,n/a,n/a
PM7_P1P3_network,S2,2121129191,200,False,PD_classic,9.0,5.0,1.0,0.0,True,0.01,0.5,100,0,30,0.1,100000,0.07849999999999999,0.075,0.5485,0.06000000000000001,0.10500000000000001,0.06600000000000002,0.06699999999999999,0.8303980366713738,0.019326683291770574,1.7967951527505452,1.7370187643089037,1.8788121605993822,17.4,17.4,122.54392272279183,0.0,False,True,-0.00860381841527659,4421,fragmented,1024,1510,2.94921875,25.72581622678397,0.002882911779081134,0.12811032933427496,0.020712430825958927,0.9926910999605943,0.9926910999605943,1.2207792207792207,378,classic,1.0,0.3,0.3,False,n/a,n/a,n/a,n/a,n/a,n/a,n/a,n/a,n/a,n/a,n/a,n/a,n/a,n/a,n/a,n/a,n/a,n/a,n/a
PM7_P1P3_network,S2,686818433,200,False,PD_classic,9.0,5.0,1.0,0.0,True,0.01,0.5,100,0,30,0.1,100000,0.09099999999999998,0.025500000000000002,0.667,0.074,0.040999999999999995,0.0625,0.039,0.894630776092904,0.04131534569983136,1.847452769801138,1.9170523049646209,1.9227835615122664,16.73,16.73,119.8264026029549,0.0,False,True,-0.011420733682936196,4409,fragmented,1024,1510,2.94921875,25.385171065493648,0.002882911779081134,0.14629755769191768,0.020550349468941385,0.9863443911176821,0.9863443911176821,1.411764705882353,378,classic,1.0,0.3,0.3,False,n/a,n/a,n/a,n/a,n/a,n/a,n/a,n/a,n/a,n/a,n/a,n/a,n/a,n/a,n/a,n/a,n/a,n/a,n/a
PM7_P1P3_network,S2,744720527,200,False,PD_classic,9.0,5.0,1.0,0.0,True,0.01,0.5,100,0,30,0.1,100000,0.06899999999999999,0.05449999999999999,0.5885,0.1285,0.0625,0.041999999999999996,0.05499999999999999,0.7282509919179707,0.01788617886178862,1.7857224197197852,2.2315870074743116,1.8876504977434967,16.51,16.51,130.843181127238,0.0,False,True,-0.009878631514520198,4344,fragmented,1024,1510,2.94921875,25.893880742913,0.002882911779081134,0.1399992169640479,0.021047901237534708,0.9878016805674573,0.9878016805674573,1.2619047619047619,378,classic,1.0,0.3,0.3,False,n/a,n/a,n/a,n/a,n/a,n/a,n/a,n/a,n/a,n/a,n/a,n/a,n/a,n/a,n/a,n/a,n/a,n/a,n/a
PM7_P1P3_network,S2,381425458,200,False,PD_classic,9.0,5.0,1.0,0.0,True,0.01,0.5,100,0,30,0.1,100000,0.12449999999999999,0.049999999999999996,0.667,0.07599999999999998,0.039,0.031,0.0125,0.8996458925288653,0.02009518773135907,1.848850770623753,1.9089082875067036,1.9356771520439946,18.33,18.33,114.70130981547378,0.0,False,True,0.014323929295717915,4438,fragmented,1024,1510,2.94921875,25.210312805474096,0.002882911779081134,0.14113566741277134,0.020271512818912554,0.9875792387074205,0.9875792387074205,1.225,378,classic,1.0,0.3,0.3,False,n/a,n/a,n/a,n/a,n/a,n/a,n/a,n/a,n/a,n/a,n/a,n/a,n/a,n/a,n/a,n/a,n/a,n/a,n/a
PM7_P1P3_network,S2,1620985466,200,False,PD_classic,9.0,5.0,1.0,0.0,True,0.01,0.5,100,0,30,0.1,100000,0.1515,0.04549999999999999,0.5475000000000001,0.09149999999999998,0.047999999999999994,0.066,0.049999999999999996,0.7810438146759038,0.016095534787123573,1.9695832176888612,2.1566012133693073,2.0546002723026495,16.59,16.59,123.47052546440415,0.0,False,True,-0.010978507914028726,4377,fragmented,1024,1510,2.94921875,25.94117302052786,0.002882911779081134,0.1711051157051785,0.020626699311744757,0.9954728346411357,0.9954728346411357,1.2530120481927711,378,classic,1.0,0.3,0.3,False,n/a,n/a,n/a,n/a,n/a,n/a,n/a,n/a,n/a,n/a,n/a,n/a,n/a,n/a,n/a,n/a,n/a,n/a,n/a
PM7_P1P3_network,S2,1669164794,200,False,PD_classic,9.0,5.0,1.0,0.0,True,0.01,0.5,100,0,30,0.1,100000,0.09549999999999999,0.05750000000000001,0.558,0.09449999999999999,0.04999999999999999,0.07549999999999998,0.06899999999999999,0.7445630725432943,0.035840484603735484,1.8198410462634036,1.8834923848743088,1.8867015856455713,17.17,17.17,126.71699980535784,0.0,False,False,-0.03354239016955702,4447,fragmented,1024,1510,2.94921875,25.596852394916912,0.002882911779081134,0.11571036413234588,0.020411774597658947,0.9885367835082377,0.9885367835082377,1.3734939759036144,378,classic,1.0,0.3,0.3,False,n/a,n/a,n/a,n/a,n/a,n/a,n/a,n/a,n/a,n/a,n/a,n/a,n/a,n/a,n/a,n/a,n/a,n/a,n/a
PM7_P1P3_network,S2,798359651,200,False,PD_classic,9.0,5.0,1.0,0.0,True,0.01,0.5,100,0,30,0.1,100000,0.12500000000000003,0.04699999999999999,0.47850000000000004,0.08149999999999999,0.1065,0.09399999999999999,0.0675,0.690005249058365,0.05263157894736842,1.9879313721473375,2.0316863573922044,2.051367497328684,16.79,16.79,128.55086901200556,0.0,False,True,-0.008603746414987857,4457,fragmented,1024,1510,2.94921875,25.36996089931574,0.002882911779081134,0.14280181479220427,0.020576710433751727,0.990854097757661,0.990854097757661,1.4157303370786516,378,classic,1.0,0.3,0.3,False,n/a,n/a,n/a,n/a,n/a,n/a,n/a,n/a,n/a,n/a,n/a,n/a,n/a,n/a,n/a,n/a,n/a,n/a,n/a
PM7_P1P3_network,S2,126337246,200,False,PD_classic,9.0,5.0,1.0,0.0,True,0.01,0.5,100,0,30,0.1,100000,0.121,0.06300000000000001,0.5094999999999998,0.09349999999999999,0.0655,0.08349999999999999,0.06400000000000002,0.6390985717662228,0.040859309182813816,1.793865512107114,1.8150773541558396,1.8496836300380526,16.67,16.67,133.22595026809697,0.0,False,True,0.0008271153084626986,4551,fragmented,1024,1510,2.94921875,25.502316715542523,0.002882911779081134,0.12188790889841442,0.02046492245740339,0.9945515772031053,0.9945515772031053,1.2926829268292683,378,classic,1.0,0.3,0.3,False,n/a,n/a,n/a,n/a,n/a,n/a,n/a,n/a,n/a,n/a,n/a,n/a,n/a,n/a,n/a,n/a,n/a,n/a,n/a
PM7_P1P3_network,S2,317149051,200,False,PD_classic,9.0,5.0,1.0,0.0,True,0.01,0.5,100,0,30,0.1,100000,0.08949999999999998,0.049999999999999996,0.5415000000000001,0.039999999999999994,0.121,0.06799999999999999,0.08999999999999998,0.8579954215164424,0.0030425963488843813,1.8915627159053119,1.875822836357241,1.9366216348788847,17.22,17.22,127.09251011240195,0.0,False,True,-0.013731414925662266,4453,fragmented,1024,1510,2.94921875,25.344418377321603,0.002882911779081134,0.11735323838257146,0.020421221653079975,0.9970389875436935,0.9970389875436935,1.2,378,classic,1.0,0.3,0.3,False,n/a,n/a,n/a,n/a,n/a,n/a,n/a,n/a,n/a,n/a,n/a,n/a,n/a,n/a,n/a,n/a,n/a,n/a,n/a
PM7_P1P3_network,S2,433399445,200,False,PD_classic,9.0,5.0,1.0,0.0,True,0.01,0.5,100,0,30,0.1,100000,0.133,0.03250000000000001,0.5635000000000001,0.088,0.07849999999999999,0.047499999999999994,0.05700000000000001,0.7752088723452365,0.012114537444933921,1.996809063600957,2.3817582861945352,2.0973104891042413,16.78,16.78,124.74697391206246,0.0,False,True,-0.007480061920245117,4533,fragmented,1024,1510,2.94921875,25.717996089931574,0.002882911779081134,0.13471860670552965,0.02095950205570321,0.9945181162104795,0.9945181162104795,1.2444444444444445,378,classic,1.0,0.3,0.3,False,n/a,n/a,n/a,n/a,n/a,n/a,n/a,n/a,n/a,n/a,n/a,n/a,n/a,n/a,n/a,n/a,n/a,n/a,n/a
PM7_P1P3_network,S2,2121129191,200,False,PD_classic,9.0,5.0,1.0,0.0,True,0.01,0.5,100,0,30,2.0,100000,0.03750000000000001,0.006999999999999999,0.8634999999999999,0.03700000000000001,0.027000000000000003,0.026999999999999996,0.001,0.9780931498906629,0.03239556692242114,1.2275466964237465,1.2514190835613626,1.2272119019075787,141.96,141.96,17.864957248092576,0.0,False,True,-0.009853095412384945,5783,fragmented,1024,1510,2.94921875,25.72581622678397,0.002882911779081134,0.12811032933427496,0.020712430825958927,0.9542831829636366,0.9542831829636366,4.91,378,classic,1.0,0.3,0.3,False,n/a,n/a,n/a,n/a,n/a,n/a,n/a,n/a,n/a,n/a,n/a,n/a,n/a,n/a,n/a,n/a,n/a,n/a,n/a
PM7_P1P3_network,S2,686818433,200,False,PD_classic,9.0,5.0,1.0,0.0,True,0.01,0.5,100,0,30,2.0,100000,0.07250000000000002,0.010499999999999999,0.764,0.03,0.086,0.016000000000000004,0.020999999999999998,0.9531847834884299,0.03571428571428571,1.2774431456093107,1.2615155330568926,1.2763629729011534,144.57,144.57,17.057083505126226,0.0,False,True,-0.0103209292837175,6285,fragmented,1024,1510,2.94921875,25.385171065493648,0.002882911779081134,0.14629755769191768,0.020550349468941385,0.969605735462933,0.969605735462933,5.091836734693878,378,classic,1.0,0.3,0.3,False,n/a,n/a,n/a,n/a,n/a,n/a,n/a,n/a,n/a,n/a,n/a,n/a,n/a,n/a,n/a,n/a,n/a,n/a,n/a
PM7_P1P3_network,S2,744720527,200,False,PD_classic,9.0,5.0,1.0,0.0,True,0.01,0.5,100,0,30,2.0,100000,0.037,0.011000000000000001,0.8179999999999998,0.04599999999999999,0.07649999999999998,0.0105,0.001,0.9609531992426759,0.045504587155963304,1.2834622949481644,1.3074182002673531,1.285352579651657,143.08,143.08,17.59894203078605,0.0,False,False,-0.023759807039223393,6095,fragmented,1024,1510,2.94921875,25.893880742913,0.002882911779081134,0.1399992169640479,0.021047901237534708,0.9636262882371907,0.9636262882371907,5.401015228426396,378,classic,1.0,0.3,0.3,False,n/a,n/a,n/a,n/a,n/a,n/a,n/a,n/a,n/a,n/a,n/a,n/a,n/a,n/a,n/a,n/a,n/a,n/a,n/a
PM7_P1P3_network,S2,381425458,200,False,PD_classic,9.0,5.0,1.0,0.0,True,0.01,0.5,100,0,30,2.0,100000,0.05650000000000001,0.008,0.764,0.047499999999999994,0.09799999999999999,0.021,0.004999999999999999,0.949399225476229,0.037023324694557574,1.2844566871484717,1.286513695455919,1.2809338565842256,146.13,146.13,17.031398023482687,0.0,False,True,-0.0012103488413949994,6221,fragmented,1024,1510,2.94921875,25.210312805474096,0.002882911779081134,0.14113566741277134,0.020271512818912554,0.9680762257284571,0.9680762257284571,5.0456852791878175,378,classic,1.0,0.3,0.3,False,n/a,n/a,n/a,n/a,n/a,n/a,n/a,n/a,n/a,n/a,n/a,n/a,n/a,n/a,n/a,n/a,n/a,n/a,n/a
PM7_P1P3_network,S2,1620985466,200,False,PD_classic,9.0,5.0,1.0,0.0,True,0.01,0.5,100,0,30,2.0,100000,0.08449999999999999,0.014500000000000002,0.8055,0.024499999999999997,0.043,0.016500000000000004,0.0115,0.9565256612482818,0.05357142857142857,1.2927670633781467,1.2350627425783285,1.2871257186230034,147.16,147.16,16.527317481590483,0.0,False,False,-0.025935247740989868,5942,fragmented,1024,1510,2.94921875,25.94117302052786,0.002882911779081134,0.1711051157051785,0.020626699311744757,0.9665875009549822,0.9665875009549822,5.105527638190955,378,classic,1.0,0.3,0.3,False,n/a,n/a,n/a,n/a,n/a,n/a,n/a,n/a,n/a,n/a,n/a,n/a,n/a,n/a,n/a,n/a,n/a,n/a,n/a
PM7_P1P3_network,S2,1669164794,200,False,PD_classic,9.0,5.0,1.0,0.0,True,0.01,0.5,100,0,30,2.0,100000,0.048499999999999995,0.002,0.843,0.04499999999999999,0.029500000000000005,0.013000000000000001,0.019,0.9706759798821659,0.03956989247311828,1.2831900159866338,1.2908947104745807,1.2886325552721614,142.77,142.77,17.414450712383783,0.0,False,True,-0.006587090348363224,6222,fragmented,1024,1510,2.94921875,25.596852394916912,0.002882911779081134,0.11571036413234588,0.020411774597658947,0.9671896667890892,0.9671896667890892,5.1313131313131315,378,classic,1.0,0.3,0.3,False,n/a,n/a,n/a,n/a,n/a,n/a,n/a,n/a,n/a,n/a,n/a,n/a,n/a,n/a,n/a,n/a,n/a,n/a,n/a
PM7_P1P3_network,S2,798359651,200,False,PD_classic,9.0,5.0,1.0,0.0,True,0.01,0.5,100,0,30,2.0,100000,0.0435,0.014000000000000002,0.8464999999999998,0.048499999999999995,0.0365,0.004999999999999999,0.005999999999999999,0.9762163270051112,0.034623217922606926,1.2717437872398598,1.3307637041694995,1.2756302801619164,145.33,145.33,17.14475797786604,0.0,False,True,-0.0009410677642772827,6112,fragmented,1024,1510,2.94921875,25.36996089931574,0.002882911779081134,0.14280181479220427,0.020576710433751727,0.9741619034313544,0.9741619034313544,4.723618090452261,378,classic,1.0,0.3,0.3,False,n/a,n/a,n/a,n/a,n/a,n/a,n/a,n/a,n/a,n/a,n/a,n/a,n/a,n/a,n/a,n/a,n/a,n/a,n/a
PM7_P1P3_network,S2,126337246,200,False,PD_classic,9.0,5.0,1.0,0.0,True,0.01,0.5,100,0,30,2.0,100000,0.03450000000000001,0.0115,0.8610000000000001,0.030500000000000006,0.041,0.010499999999999999,0.011,0.9728797096429587,0.04405652535328346,1.2742798199128533,1.239942966629932,1.2728039192077027,146.95,146.95,16.90907220506025,0.0,False,True,0.004200904803615919,5930,fragmented,1024,1510,2.94921875,25.502316715542523,0.002882911779081134,0.12188790889841442,0.02046492245740339,0.9714972277872908,0.9714972277872908,4.787878787878788,378,classic,1.0,0.3,0.3,False,n/a,n/a,n/a,n/a,n/a,n/a,n/a,n/a,n/a,n/a,n/a,n/a,n/a,n/a,n/a,n/a,n/a,n/a,n/a
PM7_P1P3_network,S2,317149051,200,False,PD_classic,9.0,5.0,1.0,0.0,True,0.01,0.5,100,0,30,2.0,100000,0.0645,0.018000000000000002,0.8155000000000001,0.03849999999999999,0.0445,0.0045,0.014500000000000002,0.9629844089852865,0.050226430629888845,1.259475864703571,1.2246775438412165,1.2558649603245355,145.34,145.34,17.314639628978686,0.0,False,True,-0.008825507302030673,6209,fragmented,1024,1510,2.94921875,25.344418377321603,0.002882911779081134,0.11735323838257146,0.020421221653079975,0.9662067229930129,0.9662067229930129,4.954773869346734,378,classic,1.0,0.3,0.3,False,n/a,n/a,n/a,n/a,n/a,n/a,n/a,n/a,n/a,n/a,n/a,n/a,n/a,n/a,n/a,n/a,n/a,n/a,n/a
PM7_P1P3_network,S2,433399445,200,False,PD_classic,9.0,5.0,1.0,0.0,True,0.01,0.5,100,0,30,2.0,100000,0.09,0.018,0.7515,0.055499999999999994,0.05449999999999999,0.017500000000000005,0.013000000000000001,0.956886512382751,0.042828282828282827,1.2485551172033316,1.2352291512636382,1.2475513300061165,144.17,144.17,17.414680520988345,0.0,False,False,-0.027301717206865167,5986,fragmented,1024,1510,2.94921875,25.717996089931574,0.002882911779081134,0.13471860670552965,0.02095950205570321,0.9785708372836349,0.9785708372836349,5.09,378,classic,1.0,0.3,0.3,False,n/a,n/a,n/a,n/a,n/a,n/a,n/a,n/a,n/a,n/a,n/a,n/a,n/a,n/a,n/a,n/a,n/a,n/a,n/a
PM7_P1P3_network,S2,2121129191,200,False,PD_classic,9.0,5.0,1.0,0.0,True,0.01,0.5,100,0,30,0.1,100000,0.0675,0.022999999999999996,0.644,0.08349999999999999,0.11200000000000002,0.0115,0.058499999999999996,0.9271115074170284,0.032555282555282554,1.8065310788733946,1.8426491078949776,1.8413271166417802,19.63,19.63,99.64673957165621,0.0,False,False,-0.027504518018072802,4328,connected,1024,1908,3.7265625,22.59355816226784,0.0036427785923753664,0.11047973273294646,0.017992639075600707,0.9808066670840401,0.9808066670840401,1.1555555555555554,0,classic,1.0,0.3,0.3,False,n/a,n/a,n/a,n/a,n/a,n/a,n/a,n/a,n/a,n/a,n/a,n/a,n/a,n/a,n/a,n/a,n/a,n/a,n/a
PM7_P1P3_network,S2,686818433,200,False,PD_classic,9.0,5.0,1.0,0.0,True,0.01,0.5,100,0,30,0.1,100000,0.030500000000000006,0.03200000000000001,0.6755,0.08049999999999999,0.074,0.0615,0.04599999999999999,0.910204364950056,0.016097560975609757,1.8101736010252623,2.689363494834056,1.849594790641744,19.33,19.33,97.00018325701325,0.0,False,True,0.0022993771975047617,4197,connected,1024,1908,3.7265625,22.68184750733138,0.0036427785923753664,0.09964303509625747,0.018069511990485933,0.9923799196943411,0.9923799196943411,1.471264367816092,0,classic,1.0,0.3,0.3,False,n/a,n/a,n/a,n/a,n/a,n/a,n/a,n/a,n/a,n/a,n/a,n/a,n/a,n/a,n/a,n/a,n/a,n/a,n/a
PM7_P1P3_network,S2,744720527,200,False,PD_classic,9.0,5.0,1.0,0.0,True,0.01,0.5,100,0,30,0.1,100000,0.12150000000000001,0.03150000000000001,0.6090000000000001,0.030500000000000006,0.08549999999999999,0.08199999999999999,0.04,0.8428492211125583,0.006586826347305389,1.7172667727829887,1.9448632440639975,1.7572003692999956,19.95,19.95,97.38000989871541,0.0,False,True,-0.01407360829443391,4198,connected,1024,1908,3.7265625,22.703020527859238,0.0036427785923753664,0.12093742773809137,0.01794714488128238,0.9716393263665549,0.9716393263665549,1.388235294117647,0,classic,1.0,0.3,0.3,False,n/a,n/a,n/a,n/a,n/a,n/a,n/a,n/a,n/a,n/a,n/a,n/a,n/a,n/a,n/a,n/a,n/a,n/a,n/a
PM7_P1P3_network,S2,381425458,200,False,PD_classic,9.0,5.0,1.0,0.0,True,0.01,0.5,100,0,30,0.1,100000,0.03899999999999999,0.03650000000000001,0.614,0.0505,0.09899999999999999,0.09999999999999999,0.060999999999999985,0.7688338247458985,0.04169184290030212,1.6939407448877397,2.091174750923001,1.744526482901446,20.13,20.13,94.01223573599691,0.0,False,True,-0.008508082032332524,4272,connected,1024,1908,3.7265625,22.678748778103618,0.0036427785923753664,0.13822503935242955,0.018021477160341432,0.983518948549162,0.983518948549162,1.1898734177215189,0,classic,1.0,0.3,0.3,False,n/a,n/a,n/a,n/a,n/a,n/a,n/a,n/a,n/a,n/a,n/a,n/a,n/a,n/a,n/a,n/a,n/a,n/a,n/a
PM7_P1P3_network,S2,1620985466,200,False,PD_classic,9.0,5.0,1.0,0.0,True,0.01,0.5,100,0,30,0.1,100000,0.0685,0.09599999999999999,0.544,0.07599999999999998,0.08099999999999999,0.06450000000000002,0.07000000000000002,0.7660996252120993,0.03137254901960784,1.7012067911939552,1.657427170042279,1.8033734930114402,19.55,19.55,98.02998593185671,0.0,False,True,-0.016356089424356967,4156,connected,1024,1908,3.7265625,22.67199413489736,0.0036427785923753664,0.12368217976172854,0.0179617143068763,0.9894585737373184,0.9894585737373184,1.3131313131313131,0,classic,1.0,0.3,0.3,False,n/a,n/a,n/a,n/a,n/a,n/a,n/a,n/a,n/a,n/a,n/a,n/a,n/a,n/a,n/a,n/a,n/a,n/a,n/a
PM7_P1P3_network,S2,1669164794,200,False,PD_classic,9.0,5.0,1.0,0.0,True,0.01,0.5,100,0,30,0.1,100000,0.174,0.05399999999999999,0.5850000000000001,0.03899999999999999,0.04699999999999999,0.04599999999999999,0.05500000000000001,0.8908423996391583,0.06416275430359937,1.761235229659142,1.8246630161312523,1.7655250758470136,20.05,20.05,93.23254967673081,0.0,False,True,-0.004834003336014443,4347,connected,1024,1908,3.7265625,22.803567937438906,0.0036427785923753664,0.10968823393764451,0.01816697713236461,0.9789280909482114,0.9789280909482114,1.2173913043478262,0,classic,1.0,0.3,0.3,False,n/a,n/a,n/a,n/a,n/a,n/a,n/a,n/a,n/a,n/a,n/a,n/a,n/a,n/a,n/a,n/a,n/a,n/a,n/a
PM7_P1P3_network,S2,798359651,200,False,PD_classic,9.0,5.0,1.0,0.0,True,0.01,0.5,100,0,30,0.1,100000,0.1135,0.049999999999999996,0.5815,0.07050000000000001,0.08099999999999999,0.045,0.058499999999999996,0.8612876665245585,0.020274299344066785,1.7248476020188168,1.7836977873357527,1.7603735627587032,19.75,19.75,97.49574070218355,0.0,False,False,-0.038764955059825,4329,connected,1024,1908,3.7265625,22.631104594330402,0.0036427785923753664,0.11857835447202564,0.018059028131474114,0.9810203430307649,0.9810203430307649,1.358974358974359,0,classic,1.0,0.3,0.3,False,n/a,n/a,n/a,n/a,n/a,n/a,n/a,n/a,n/a,n/a,n/a,n/a,n/a,n/a,n/a,n/a,n/a,n/a,n/a
PM7_P1P3_network,S2,126337246,200,False,PD_classic,9.0,5.0,1.0,0.0,True,0.01,0.5,100,0,30,0.1,100000,0.1105,0.041,0.6515000000000001,0.05349999999999999,0.07649999999999998,0.022,0.045,0.8215823757726959,0.011258955987717503,1.6389063244584692,1.9069768131701157,1.708433534625126,19.91,19.91,96.1562984897497,0.0,False,False,-0.021939087756348827,4190,connected,1024,1908,3.7265625,22.548924731182797,0.0036427785923753664,0.16618649848249925,0.01789874390068063,0.9726973277152058,0.9726973277152058,1.2156862745098038,0,classic,1.0,0.3,0.3,False,n/a,n/a,n/a,n/a,n/a,n/a,n/a,n/a,n/a,n/a,n/a,n/a,n/a,n/a,n/a,n/a,n/a,n/a,n/a
PM7_P1P3_network,S2,317149051,200,False,PD_classic,9.0,5.0,1.0,0.0,True,0.01,0.5,100,0,30,0.1,100000,0.1285,0.047499999999999994,0.654,0.043,0.049999999999999996,0.027500000000000004,0.049499999999999995,0.8663490300636637,0.028649921507064365,1.7930790364027136,1.9031721324182602,1.8217702253143506,19.5,19.5,97.72108408063383,0.0,False,True,-0.01031896127585023,4201,connected,1024,1908,3.7265625,22.740224828934505,0.0036427785923753664,0.1081279941882244,0.01813791674198908,0.9840589143583759,0.9840589143583759,1.386138613861386,0,classic,1.0,0.3,0.3,False,n/a,n/a,n/a,n/a,n/a,n/a,n/a,n/a,n/a,n/a,n/a,n/a,n/a,n/a,n/a,n/a,n/a,n/a,n/a
PM7_P1P3_network,S2,433399445,200,False,PD_classic,9.0,5.0,1.0,0.0,True,0.01,0.5,100,0,30,0.1,100000,0.1035,0.04249999999999999,0.599,0.05450000000000001,0.10700000000000001,0.06250000000000001,0.031000000000000007,0.868804976843667,0.01907864122847836,1.7805052293473813,1.8608702668467896,1.8043287251951283,20.05,20.05,96.6073179396039,0.0,False,True,0.010794859179433788,4325,connected,1024,1908,3.7265625,22.742160312805474,0.0036427785923753664,0.12431349120426402,0.018135708630557842,0.9811553096625357,0.9811553096625357,1.3333333333333333,0,classic,1.0,0.3,0.3,False,n/a,n/a,n/a,n/a,n/a,n/a,n/a,n/a,n/a,n/a,n/a,n/a,n/a,n/a,n/a,n/a,n/a,n/a,n/a
PM7_P1P3_network,S2,2121129191,200,False,PD_classic,9.0,5.0,1.0,0.0,True,0.01,0.5,100,0,30,2.0,100000,0.1295,0.015999999999999997,0.6955000000000001,0.093,0.03650000000000001,0.028500000000000004,0.001,0.944088499525742,0.06481058877225011,1.2839834158897714,1.2853900027846317,1.283779646264422,163.09,163.09,13.956312621189365,0.0,False,False,-0.035075540302164504,5911,connected,1024,1908,3.7265625,22.59355816226784,0.0036427785923753664,0.11047973273294646,0.017992639075600707,0.9658796838524251,0.9658796838524251,5.1959798994974875,0,classic,1.0,0.3,0.3,False,n/a,n/a,n/a,n/a,n/a,n/a,n/a,n/a,n/a,n/a,n/a,n/a,n/a,n/a,n/a,n/a,n/a,n/a,n/a
PM7_P1P3_network,S2,686818433,200,False,PD_classic,9.0,5.0,1.0,0.0,True,0.01,0.5,100,0,30,2.0,100000,0.071,0.015000000000000003,0.779,0.0745,0.044000000000000004,0.012,0.0045,0.9527083077462072,0.05194805194805195,1.2546395410172027,1.2601306843953468,1.257463131257188,162.57,162.57,14.024133458986649,0.0,False,False,-0.023184884739534933,5549,connected,1024,1908,3.7265625,22.68184750733138,0.0036427785923753664,0.09964303509625747,0.018069511990485933,0.9632880275375841,0.9632880275375841,5.269035532994923,0,classic,1.0,0.3,0.3,False,n/a,n/a,n/a,n/a,n/a,n/a,n/a,n/a,n/a,n/a,n/a,n/a,n/a,n/a,n/a,n/a,n/a,n/a,n/a
PM7_P1P3_network,S2,744720527,200,False,PD_classic,9.0,5.0,1.0,0.0,True,0.01,0.5,100,0,30,2.0,100000,0.0635,0.0075,0.8554999999999999,0.028000000000000004,0.029000000000000005,0.009999999999999998,0.006500000000000001,0.9831374961537647,0.03324915824915825,1.248926304164654,1.2316456270614238,1.2495752772957136,159.12,159.12,14.372518672346239,0.0,False,False,-0.021352021408089294,5633,connected,1024,1908,3.7265625,22.703020527859238,0.0036427785923753664,0.12093742773809137,0.01794714488128238,0.9740577288182134,0.9740577288182134,5.678391959798995,0,classic,1.0,0.3,0.3,False,n/a,n/a,n/a,n/a,n/a,n/a,n/a,n/a,n/a,n/a,n/a,n/a,n/a,n/a,n/a,n/a,n/a,n/a,n/a
PM7_P1P3_network,S2,381425458,200,False,PD_classic,9.0,5.0,1.0,0.0,True,0.01,0.5,100,0,30,2.0,100000,0.06699999999999999,0.014000000000000002,0.8554999999999999,0.026500000000000003,0.03,0.0025,0.0045,0.9801038065252321,0.034365719134493,1.2553541435605002,1.2534074599903176,1.2562474990705137,162.25,162.25,14.170087634748947,0.0,False,True,-0.008583802335204947,5633,connected,1024,1908,3.7265625,22.678748778103618,0.0036427785923753664,0.13822503935242955,0.018021477160341432,0.9732652190536125,0.9732652190536125,5.41,0,classic,1.0,0.3,0.3,False,n/a,n/a,n/a,n/a,n/a,n/a,n/a,n/a,n/a,n/a,n/a,n/a,n/a,n/a,n/a,n/a,n/a,n/a,n/a
PM7_P1P3_network,S2,1620985466,200,False,PD_classic,9.0,5.0,1.0,0.0,True,0.01,0.5,100,0,30,2.0,100000,0.052000000000000005,0.010499999999999999,0.8275,0.054000000000000006,0.03550000000000001,0.01,0.010499999999999999,0.960764472905319,0.06654835847382432,1.2563481859987273,1.2606175964497552,1.2563793614394139,163.15,163.15,14.109224223543855,0.0,False,True,-0.012681818727278204,5434,connected,1024,1908,3.7265625,22.67199413489736,0.0036427785923753664,0.12368217976172854,0.0179617143068763,0.974903312398384,0.974903312398384,5.165829145728643,0,classic,1.0,0.3,0.3,False,n/a,n/a,n/a,n/a,n/a,n/a,n/a,n/a,n/a,n/a,n/a,n/a,n/a,n/a,n/a,n/a,n/a,n/a,n/a
PM7_P1P3_network,S2,1669164794,200,False,PD_classic,9.0,5.0,1.0,0.0,True,0.01,0.5,100,0,30,2.0,100000,0.1045,0.0025,0.7304999999999999,0.06800000000000002,0.05600000000000001,0.0185,0.019999999999999997,0.9583952650448173,0.04318618042226487,1.2543805812059365,1.246392222556746,1.2522811340875053,161.12,161.12,14.17935590007533,0.0,False,True,-0.015671270685080542,5626,connected,1024,1908,3.7265625,22.803567937438906,0.0036427785923753664,0.10968823393764451,0.01816697713236461,0.9711804024489072,0.9711804024489072,4.964824120603015,0,classic,1.0,0.3,0.3,False,n/a,n/a,n/a,n/a,n/a,n/a,n/a,n/a,n/a,n/a,n/a,n/a,n/a,n/a,n/a,n/a,n/a,n/a,n/a
PM7_P1P3_network,S2,798359651,200,False,PD_classic,9.0,5.0,1.0,0.0,True,0.01,0.5,100,0,30,2.0,100000,0.05900000000000001,0.013000000000000001,0.8115000000000002,0.033499999999999995,0.043,0.018500000000000003,0.0215,0.9563954413252915,0.06677658697444352,1.2702926745518457,1.2612222851412132,1.2714093751585758,163.24,163.24,14.13165334855897,0.0,False,True,-0.011837279349121425,5604,connected,1024,1908,3.7265625,22.631104594330402,0.0036427785923753664,0.11857835447202564,0.018059028131474114,0.9745716975450363,0.9745716975450363,5.417085427135678,0,classic,1.0,0.3,0.3,False,n/a,n/a,n/a,n/a,n/a,n/a,n/a,n/a,n/a,n/a,n/a,n/a,n/a,n/a,n/a,n/a,n/a,n/a,n/a
PM7_P1P3_network,S2,126337246,200,False,PD_classic,9.0,5.0,1.0,0.0,True,0.01,0.5,100,0,30,2.0,100000,0.10899999999999999,0.007000000000000001,0.7070000000000001,0.05500000000000001,0.088,0.008000000000000002,0.026000000000000002,0.952559296851885,0.05819881053525913,1.2974557194832066,1.298016261935134,1.2948842167566617,164.28,164.28,13.843702464595957,0.0,False,True,-0.010728786915146196,6056,connected,1024,1908,3.7265625,22.548924731182797,0.0036427785923753664,0.16618649848249925,0.01789874390068063,0.9641700844242761,0.9641700844242761,5.794871794871795,0,classic,1.0,0.3,0.3,False,n/a,n/a,n/a,n/a,n/a,n/a,n/a,n/a,n/a,n/a,n/a,n/a,n/a,n/a,n/a,n/a,n/a,n/a,n/a
PM7_P1P3_network,S2,317149051,200,False,PD_classic,9.0,5.0,1.0,0.0,True,0.01,0.5,100,0,30,2.0,100000,0.03450000000000001,0.011,0.8465,0.06100000000000001,0.025500000000000002,0.013500000000000002,0.008000000000000002,0.9742541236202239,0.041617122473246136,1.251678335642092,1.265113052581531,1.2535033289635429,163.61,163.61,14.033513676287825,0.0,False,True,-0.007179244716975572,5487,connected,1024,1908,3.7265625,22.740224828934505,0.0036427785923753664,0.1081279941882244,0.01813791674198908,0.9724832963168345,0.9724832963168345,5.698492462311558,0,classic,1.0,0.3,0.3,False,n/a,n/a,n/a,n/a,n/a,n/a,n/a,n/a,n/a,n/a,n/a,n/a,n/a,n/a,n/a,n/a,n/a,n/a,n/a
PM7_P1P3_network,S2,433399445,200,False,PD_classic,9.0,5.0,1.0,0.0,True,0.01,0.5,100,0,30,2.0,100000,0.056499999999999995,0.004,0.8390000000000001,0.041999999999999996,0.03849999999999999,0.019,0.001,0.9825461892467473,0.029359430604982206,1.255633161802886,1.2281000318031745,1.250919977379718,163.76,163.76,13.98563979090727,0.0,False,True,-0.018406105624428723,5558,connected,1024,1908,3.7265625,22.742160312805474,0.0036427785923753664,0.12431349120426402,0.018135708630557842,0.968256803340638,0.968256803340638,5.256281407035176,0,classic,1.0,0.3,0.3,False,n/a,n/a,n/a,n/a,n/a,n/a,n/a,n/a,n/a,n/a,n/a,n/a,n/a,n/a,n/a,n/a,n/a,n/a,n/a
PM7_P1P3_network,S2,2121129191,200,False,PD_classic,9.0,5.0,1.0,0.0,True,0.01,0.5,100,5,30,0.1,100000,0.07349999999999998,0.022,0.7589999999999999,0.04649999999999999,0.041499999999999995,0.03600000000000001,0.0215,0.9493146055636228,0.012403100775193798,1.7806554723772818,2.0256943741489195,1.8305607265793218,5.0,19.03,99.65169751401685,1.0,False,True,0.0053212292849164075,4206,baseline,1024,1888,3.6875,23.17564027370479,0.003604594330400782,0.10896384010298515,0.01845320591177862,0.9731550407270781,0.9773038533134006,1.3978494623655915,0,classic,1.0,0.3,0.3,False,n/a,n/a,n/a,n/a,n/a,n/a,n/a,n/a,n/a,n/a,n/a,n/a,n/a,n/a,n/a,n/a,n/a,n/a,n/a
PM7_P1P3_network,S2,686818433,200,False,PD_classic,9.0,5.0,1.0,0.0,True,0.01,0.5,100,5,30,0.1,100000,0.028999999999999998,0.042000000000000016,0.623,0.10900000000000001,0.07050000000000001,0.0675,0.05900000000000001,0.6877503190060525,0.008241758241758242,1.7212737452119513,1.8698766452130706,1.882064987817353,5.0,19.21,100.30326767721061,1.0,False,True,0.00046140184560921347,4277,baseline,1024,1888,3.6875,23.17564027370479,0.003604594330400782,0.10896384010298515,0.01845320591177862,0.9882979314999891,0.9898917545054541,1.1168831168831168,0,classic,1.0,0.3,0.3,False,n/a,n/a,n/a,n/a,n/a,n/a,n/a,n/a,n/a,n/a,n/a,n/a,n/a,n/a,n/a,n/a,n/a,n/a,n/a
PM7_P1P3_network,S2,744720527,200,False,PD_classic,9.0,5.0,1.0,0.0,True,0.01,0.5,100,5,30,0.1,100000,0.086,0.022,0.678,0.06949999999999999,0.05950000000000001,0.0435,0.041499999999999995,0.9538790526410814,0.04543559816590246,1.6876042313046857,1.9741522467172334,1.7554963508144805,5.0,19.24,94.16865492851957,1.0,False,True,0.012084840339355864,4193,baseline,1024,1888,3.6875,23.17564027370479,0.003604594330400782,0.10896384010298515,0.01845320591177862,0.9794639541571295,0.9877883531525242,1.4736842105263157,0,classic,1.0,0.3,0.3,False,n/a,n/a,n/a,n/a,n/a,n/a,n/a,n/a,n/a,n/a,n/a,n/a,n/a,n/a,n/a,n/a,n/a,n/a,n/a
PM7_P1P3_network,S2,381425458,200,False,PD_classic,9.0,5.0,1.0,0.0,True,0.01,0.5,100,5,30,0.1,100000,0.045,0.030500000000000006,0.7444999999999999,0.05449999999999999,0.038000000000000006,0.0385,0.049,0.8773752115493307,0.025405405405405406,1.7079145793055959,2.76005928244333,1.755384400955205,5.0,19.47,100.43575108543116,1.0,False,True,0.011429565718261408,4100,baseline,1024,1888,3.6875,23.17564027370479,0.003604594330400782,0.10896384010298515,0.01845320591177862,0.9869005279256973,0.9908221816306121,1.2380952380952381,0,classic,1.0,0.3,0.3,False,n/a,n/a,n/a,n/a,n/a,n/a,n/a,n/a,n/a,n/a,n/a,n/a,n/a,n/a,n/a,n/a,n/a,n/a,n/a
PM7_P1P3_network,S2,1620985466,200,False,PD_classic,9.0,5.0,1.0,0.0,True,0.01,0.5,100,5,30,0.1,100000,0.036,0.0635,0.7020000000000002,0.072,0.0445,0.03749999999999999,0.04449999999999999,0.9412436755698526,0.022587268993839837,1.7389166675263132,1.6984558669715657,1.7536953768520407,5.0,19.87,96.65851918487722,1.0,False,True,0.01925074100296218,4227,baseline,1024,1888,3.6875,23.17564027370479,0.003604594330400782,0.10896384010298515,0.01845320591177862,0.9770889257521987,0.979548172074545,1.3225806451612903,0,classic,1.0,0.3,0.3,False,n/a,n/a,n/a,n/a,n/a,n/a,n/a,n/a,n/a,n/a,n/a,n/a,n/a,n/a,n/a,n/a,n/a,n/a,n/a
PM7_P1P3_network,S2,1669164794,200,False,PD_classic,9.0,5.0,1.0,0.0,True,0.01,0.5,100,5,30,0.1,100000,0.039999999999999994,0.026500000000000003,0.7085,0.064,0.055499999999999994,0.039999999999999994,0.0655,0.9137192272094973,0.01808219178082192,1.7986077733650627,2.1394618265216128,1.8549347397368494,5.0,21.09,94.1963752600109,1.0,False,True,5.0352201406974576e-05,4288,baseline,1024,1888,3.6875,23.17564027370479,0.003604594330400782,0.10896384010298515,0.01845320591177862,0.9715399839431771,0.9853330231286522,1.4634146341463414,0,classic,1.0,0.3,0.3,False,n/a,n/a,n/a,n/a,n/a,n/a,n/a,n/a,n/a,n/a,n/a,n/a,n/a,n/a,n/a,n/a,n/a,n/a,n/a
PM7_P1P3_network,S2,798359651,200,False,PD_classic,9.0,5.0,1.0,0.0,True,0.01,0.5,100,5,30,0.1,100000,0.041499999999999995,0.09199999999999998,0.657,0.0655,0.057499999999999996,0.06150000000000001,0.024999999999999998,0.727457719733975,0.015455065827132226,1.816091461427477,1.8096141818532905,1.8535607613218992,5.0,18.77,100.83580150586336,1.0,False,True,-0.007944127776508542,4237,baseline,1024,1888,3.6875,23.17564027370479,0.003604594330400782,0.10896384010298515,0.01845320591177862,0.9871226523980289,0.989287355539406,1.3150684931506849,0,classic,1.0,0.3,0.3,False,n/a,n/a,n/a,n/a,n/a,n/a,n/a,n/a,n/a,n/a,n/a,n/a,n/a,n/a,n/a,n/a,n/a,n/a,n/a
PM7_P1P3_network,S2,126337246,200,False,PD_classic,9.0,5.0,1.0,0.0,True,0.01,0.5,100,5,30,0.1,100000,0.04649999999999999,0.033999999999999996,0.7239999999999999,0.051000000000000004,0.058499999999999996,0.03750000000000001,0.048499999999999995,0.9121862707152164,0.017804154302670624,1.752098280415818,1.4344196699833853,1.740691077934555,5.0,19.2,97.83870705957344,1.0,False,True,0.016372433489724805,4238,baseline,1024,1888,3.6875,23.17564027370479,0.003604594330400782,0.10896384010298515,0.01845320591177862,0.9773746109885035,0.9791988053137572,1.3402061855670102,0,classic,1.0,0.3,0.3,False,n/a,n/a,n/a,n/a,n/a,n/a,n/a,n/a,n/a,n/a,n/a,n/a,n/a,n/a,n/a,n/a,n/a,n/a,n/a
PM7_P1P3_network,S2,317149051,200,False,PD_classic,9.0,5.0,1.0,0.0,True,0.01,0.5,100,5,30,0.1,100000,0.033,0.041499999999999995,0.7390000000000001,0.05499999999999999,0.043,0.06200000000000001,0.026500000000000003,0.948599340263003,0.011864406779661017,1.8938991175784243,1.9919789438389297,1.92183063948693,5.0,19.04,95.70091118534422,1.0,False,True,0.005637574550300765,4209,baseline,1024,1888,3.6875,23.17564027370479,0.003604594330400782,0.10896384010298515,0.01845320591177862,0.986444547114936,0.9886992401975153,1.3012048192771084,0,classic,1.0,0.3,0.3,False,n/a,n/a,n/a,n/a,n/a,n/a,n/a,n/a,n/a,n/a,n/a,n/a,n/a,n/a,n/a,n/a,n/a,n/a,n/a
PM7_P1P3_network,S2,433399445,200,False,PD_classic,9.0,5.0,1.0,0.0,True,0.01,0.5,100,5,30,0.1,100000,0.0685,0.0245,0.5904999999999999,0.101,0.09749999999999999,0.05900000000000001,0.05900000000000001,0.71408053682171,0.024861878453038673,1.856762625111461,1.8691542994545183,1.9361251468135106,5.0,19.21,95.13047702063183,0.995,False,True,0.006114312457249463,4188,baseline,1024,1888,3.6875,23.17564027370479,0.003604594330400782,0.10896384010298515,0.01845320591177862,0.9731673287411282,0.9875301513861151,1.3535353535353536,0,classic,1.0,0.3,0.3,False,n/a,n/a,n/a,n/a,n/a,n/a,n/a,n/a,n/a,n/a,n/a,n/a,n/a,n/a,n/a,n/a,n/a,n/a,n/a
PM7_P1P3_network,S2,2121129191,200,False,PD_classic,9.0,5.0,1.0,0.0,True,0.01,0.5,100,5,30,2.0,100000,0.023,0.012,0.9030000000000001,0.0235,0.019,0.015,0.0045,0.9504045441866074,0.07420494699646643,1.25488877335764,1.2545266969249493,1.2552748847269024,5.0,160.91,14.051208076866669,1.0,False,True,0.0009466357865387516,4351,baseline,1024,1888,3.6875,23.17564027370479,0.003604594330400782,0.10896384010298515,0.01845320591177862,0.7726258353683297,0.9647391410792787,5.53,0,classic,1.0,0.3,0.3,False,n/a,n/a,n/a,n/a,n/a,n/a,n/a,n/a,n/a,n/a,n/a,n/a,n/a,n/a,n/a,n/a,n/a,n/a,n/a
PM7_P1P3_network,S2,686818433,200,False,PD_classic,9.0,5.0,1.0,0.0,True,0.01,0.5,100,5,30,2.0,100000,0.0085,0.006500000000000001,0.9284999999999999,0.0185,0.025500000000000002,0.0085,0.004,0.9724008195385441,0.05029585798816568,1.2567725892746724,1.1841507078577702,1.2560141518777193,5.0,160.79,14.31002400760372,1.0,False,True,0.00017510470041001258,4305,baseline,1024,1888,3.6875,23.17564027370479,0.003604594330400782,0.10896384010298515,0.01845320591177862,0.7765870490390351,0.974703359992074,5.38,0,classic,1.0,0.3,0.3,False,n/a,n/a,n/a,n/a,n/a,n/a,n/a,n/a,n/a,n/a,n/a,n/a,n/a,n/a,n/a,n/a,n/a,n/a,n/a
PM7_P1P3_network,S2,744720527,200,False,PD_classic,9.0,5.0,1.0,0.0,True,0.01,0.5,100,5,30,2.0,100000,0.0205,0.013499999999999998,0.937,0.007000000000000001,0.010499999999999999,0.004999999999999999,0.006499999999999999,0.9755943663748111,0.048011639185257034,1.254560915395534,1.232979084746874,1.2561978250015036,5.0,161.21,14.0433659069132,1.0,False,True,-0.002520442081769792,4152,baseline,1024,1888,3.6875,23.17564027370479,0.003604594330400782,0.10896384010298515,0.01845320591177862,0.7693078733032767,0.9757806623781625,5.161616161616162,0,classic,1.0,0.3,0.3,False,n/a,n/a,n/a,n/a,n/a,n/a,n/a,n/a,n/a,n/a,n/a,n/a,n/a,n/a,n/a,n/a,n/a,n/a,n/a
PM7_P1P3_network,S2,381425458,200,False,PD_classic,9.0,5.0,1.0,0.0,True,0.01,0.5,100,5,30,2.0,100000,0.0095,0.008,0.9480000000000001,0.004999999999999999,0.0035000000000000005,0.016000000000000004,0.009999999999999998,0.9704987507220422,0.0408905043162199,1.2676561721489772,1.241854633387662,1.2671212702773225,5.0,159.32,14.035515960983542,1.0,False,True,-0.0005491701966807868,4242,baseline,1024,1888,3.6875,23.17564027370479,0.003604594330400782,0.10896384010298515,0.01845320591177862,0.7837847938401091,0.9664120017095553,5.19,0,classic,1.0,0.3,0.3,False,n/a,n/a,n/a,n/a,n/a,n/a,n/a,n/a,n/a,n/a,n/a,n/a,n/a,n/a,n/a,n/a,n/a,n/a,n/a
PM7_P1P3_network,S2,1620985466,200,False,PD_classic,9.0,5.0,1.0,0.0,True,0.01,0.5,100,5,30,2.0,100000,0.019499999999999997,0.018500000000000006,0.9120000000000001,0.015,0.007000000000000001,0.027000000000000003,0.001,0.9742552562687491,0.0408695652173913,1.2419331333485117,1.2181467193119522,1.2420218551881559,5.0,163.36,14.035984152879767,1.0,False,True,-0.0015467101868429447,4193,baseline,1024,1888,3.6875,23.17564027370479,0.003604594330400782,0.10896384010298515,0.01845320591177862,0.8036999357006175,0.9696561075975616,5.252525252525253,0,classic,1.0,0.3,0.3,False,n/a,n/a,n/a,n/a,n/a,n/a,n/a,n/a,n/a,n/a,n/a,n/a,n/a,n/a,n/a,n/a,n/a,n/a,n/a
PM7_P1P3_network,S2,1669164794,200,False,PD_classic,9.0,5.0,1.0,0.0,True,0.01,0.5,100,5,30,2.0,100000,0.009000000000000001,0.013499999999999998,0.9185000000000001,0.009499999999999998,0.025,0.017,0.0075,0.9754418993032383,0.04461942257217848,1.2659382946859699,1.259309555446594,1.2651383901504534,5.0,165.33,13.892391053351169,1.0,False,True,0.0009320197280671935,4275,baseline,1024,1888,3.6875,23.17564027370479,0.003604594330400782,0.10896384010298515,0.01845320591177862,0.7796819412057996,0.9673728073381642,5.494949494949495,0,classic,1.0,0.3,0.3,False,n/a,n/a,n/a,n/a,n/a,n/a,n/a,n/a,n/a,n/a,n/a,n/a,n/a,n/a,n/a,n/a,n/a,n/a,n/a
PM7_P1P3_network,S2,798359651,200,False,PD_classic,9.0,5.0,1.0,0.0,True,0.01,0.5,100,5,30,2.0,100000,0.016500000000000004,0.006,0.881,0.009000000000000001,0.041,0.03450000000000001,0.012,0.9469047742479457,0.07178555202180827,1.2603922831622187,1.2419503219871204,1.2623894219642116,5.0,159.53,14.29126235824337,1.0,False,True,-0.0013052212208914753,4266,baseline,1024,1888,3.6875,23.17564027370479,0.003604594330400782,0.10896384010298515,0.01845320591177862,0.7865259092210276,0.9720263243347884,5.11,0,classic,1.0,0.3,0.3,False,n/a,n/a,n/a,n/a,n/a,n/a,n/a,n/a,n/a,n/a,n/a,n/a,n/a,n/a,n/a,n/a,n/a,n/a,n/a
PM7_P1P3_network,S2,126337246,200,False,PD_classic,9.0,5.0,1.0,0.0,True,0.01,0.5,100,5,30,2.0,100000,0.0125,0.0115,0.923,0.019,0.017000000000000005,0.003,0.014000000000000002,0.9685182974716605,0.06286223807400802,1.278511974597715,1.2479335642781566,1.277239853497726,5.0,163.27,14.061619187580654,1.0,False,True,-0.002342793371174217,4430,baseline,1024,1888,3.6875,23.17564027370479,0.003604594330400782,0.10896384010298515,0.01845320591177862,0.776406401289845,0.9674009370079855,5.326633165829146,0,classic,1.0,0.3,0.3,False,n/a,n/a,n/a,n/a,n/a,n/a,n/a,n/a,n/a,n/a,n/a,n/a,n/a,n/a,n/a,n/a,n/a,n/a,n/a
PM7_P1P3_network,S2,2121129191,200,False,PD_classic,9.0,5.0,1.0,0.0,True,0.01,0.5,100,5,30,0.1,100000,0.09749999999999999,0.03700000000000001,0.607,0.054000000000000006,0.08449999999999999,0.07599999999999998,0.04399999999999999,0.8377060090141765,0.0184460592509782,1.8931199990809338,1.9829902021423755,1.9683022138867745,5.0,17.08,121.72067326334192,1.0,False,True,-0.001621086484352163,4212,fragmented,1024,1510,2.94921875,25.72581622678397,0.002882911779081134,0.12811032933427496,0.020712430825958927,0.9764616865901012,0.9814828043461319,1.2584269662921348,378,classic,1.0,0.3,0.3,False,n/a,n/a,n/a,n/a,n/a,n/a,n/a,n/a,n/a,n/a,n/a,n/a,n/a,n/a,n/a,n/a,n/a,n/a,n/a
PM7_P1P3_network,S2,317149051,200,False,PD_classic,9.0,5.0,1.0,0.0,True,0.01,0.5,100,5,30,2.0,100000,0.013499999999999998,0.006,0.942,0.008,0.018,0.0025,0.010000000000000002,0.9717834920902966,0.04678362573099415,1.2454191695338803,1.2562230708306497,1.2468403441907627,5.0,161.9,14.096060911761919,1.0,False,True,0.0025510902043593526,4147,baseline,1024,1888,3.6875,23.17564027370479,0.003604594330400782,0.10896384010298515,0.01845320591177862,0.7785413379697157,0.97513051296726,5.363636363636363,0,classic,1.0,0.3,0.3,False,n/a,n/a,n/a,n/a,n/a,n/a,n/a,n/a,n/a,n/a,n/a,n/a,n/a,n/a,n/a,n/a,n/a,n/a,n/a
PM7_P1P3_network,S2,433399445,200,False,PD_classic,9.0,5.0,1.0,0.0,True,0.01,0.5,100,5,30,2.0,100000,0.0225,0.009000000000000001,0.9295,0.015000000000000003,0.005,0.014499999999999999,0.0045000000000000005,0.9714540144471708,0.04931748128577719,1.2708507299838292,1.3397594476706747,1.271485929548403,5.0,162.03,13.799663835033,1.0,False,True,0.0006888987555928251,4353,baseline,1024,1888,3.6875,23.17564027370479,0.003604594330400782,0.10896384010298515,0.01845320591177862,0.7766106251881938,0.9723421003784664,5.25,0,classic,1.0,0.3,0.3,False,n/a,n/a,n/a,n/a,n/a,n/a,n/a,n/a,n/a,n/a,n/a,n/a,n/a,n/a,n/a,n/a,n/a,n/a,n/a
PM7_P1P3_network,S2,686818433,200,False,PD_classic,9.0,5.0,1.0,0.0,True,0.01,0.5,100,5,30,0.1,100000,0.08049999999999999,0.030000000000000006,0.6875000000000002,0.0405,0.07399999999999998,0.04649999999999999,0.040999999999999995,0.8657131034739869,0.06732348111658457,1.6729586742271993,1.726487105580619,1.710184659405626,4.995,16.81,133.25447343067012,0.995,False,True,-0.010002784011137144,4103,fragmented,1024,1510,2.94921875,25.385171065493648,0.002882911779081134,0.14629755769191768,0.020550349468941385,0.980389943389496,0.9923710653007137,1.3617021276595744,378,classic,1.0,0.3,0.3,False,n/a,n/a,n/a,n/a,n/a,n/a,n/a,n/a,n/a,n/a,n/a,n/a,n/a,n/a,n/a,n/a,n/a,n/a,n/a
PM7_P1P3_network,S2,744720527,200,False,PD_classic,9.0,5.0,1.0,0.0,True,0.01,0.5,100,5,30,0.1,100000,0.06899999999999999,0.04150000000000001,0.6335,0.05850000000000001,0.09799999999999999,0.052000000000000005,0.047499999999999994,0.8681962075220093,0.024917724494593323,1.7744372096684529,2.101565570918823,1.8374789346930736,4.955,16.44,130.616423658723,0.97,False,True,0.013902079608320997,4355,fragmented,1024,1510,2.94921875,25.893880742913,0.002882911779081134,0.1399992169640479,0.021047901237534708,0.9858203216853129,0.9881005868638847,1.28,378,classic,1.0,0.3,0.3,False,n/a,n/a,n/a,n/a,n/a,n/a,n/a,n/a,n/a,n/a,n/a,n/a,n/a,n/a,n/a,n/a,n/a,n/a,n/a
PM7_P1P3_network,S2,381425458,200,False,PD_classic,9.0,5.0,1.0,0.0,True,0.01,0.5,100,5,30,0.1,100000,0.10049999999999999,0.04699999999999999,0.6725,0.054000000000000006,0.0635,0.024,0.0385,0.8822875781892412,0.022976501305483028,1.8736767769978595,1.8391495595774714,1.8404009210615528,4.97,18.2,118.8438405487622,0.99,False,True,0.011402805611228304,4215,fragmented,1024,1510,2.94921875,25.210312805474096,0.002882911779081134,0.14113566741277134,0.020271512818912554,0.9842425745444334,0.9863668153910236,1.3555555555555556,378,classic,1.0,0.3,0.3,False,n/a,n/a,n/a,n/a,n/a,n/a,n/a,n/a,n/a,n/a,n/a,n/a,n/a,n/a,n/a,n/a,n/a,n/a,n/a
PM7_P1P3_network,S2,1620985466,200,False,PD_classic,9.0,5.0,1.0,0.0,True,0.01,0.5,100,5,30,0.1,100000,0.0705,0.03200000000000001,0.6204999999999999,0.0675,0.053500000000000006,0.07850000000000001,0.07749999999999999,0.9259998905173863,0.02568397543271915,1.9334645111498743,1.8499435481892745,1.9499881206659753,5.0,17.11,120.22045046353168,1.0,False,True,0.008932907731629462,4449,fragmented,1024,1510,2.94921875,25.94117302052786,0.002882911779081134,0.1711051157051785,0.020626699311744757,0.9803771920583818,0.9918493575600045,1.4320987654320987,378,classic,1.0,0.3,0.3,False,n/a,n/a,n/a,n/a,n/a,n/a,n/a,n/a,n/a,n/a,n/a,n/a,n/a,n/a,n/a,n/a,n/a,n/a,n/a
PM7_P1P3_network,S2,1669164794,200,False,PD_classic,9.0,5.0,1.0,0.0,True,0.01,0.5,100,5,30,0.1,100000,0.06050000000000001,0.03350000000000001,0.6915,0.06500000000000002,0.03550000000000001,0.0715,0.0425,0.947347862067107,0.02755058114507103,1.8115237854684854,1.8601361066381599,1.8433307601345548,4.99,17.36,125.07269195548731,0.99,False,True,-0.009411349645399681,4283,fragmented,1024,1510,2.94921875,25.596852394916912,0.002882911779081134,0.11571036413234588,0.020411774597658947,0.9883093862811995,0.9923347299628261,1.4022988505747127,378,classic,1.0,0.3,0.3,False,n/a,n/a,n/a,n/a,n/a,n/a,n/a,n/a,n/a,n/a,n/a,n/a,n/a,n/a,n/a,n/a,n/a,n/a,n/a
PM7_P1P3_network,S2,798359651,200,False,PD_classic,9.0,5.0,1.0,0.0,True,0.01,0.5,100,5,30,0.1,100000,0.10500000000000001,0.03550000000000001,0.592,0.06700000000000002,0.07699999999999999,0.07349999999999998,0.049999999999999996,0.8526203413034301,0.018847006651884702,1.8674317014828838,2.000213651201401,1.9970855563609897,5.0,16.81,123.82044048227525,1.0,False,True,0.012672938691751106,4266,fragmented,1024,1510,2.94921875,25.36996089931574,0.002882911779081134,0.14280181479220427,0.020576710433751727,0.9751317295071257,0.9911962992154201,1.4102564102564104,378,classic,1.0,0.3,0.3,False,n/a,n/a,n/a,n/a,n/a,n/a,n/a,n/a,n/a,n/a,n/a,n/a,n/a,n/a,n/a,n/a,n/a,n/a,n/a
PM7_P1P3_network,S2,126337246,200,False,PD_classic,9.0,5.0,1.0,0.0,True,0.01,0.5,100,5,30,0.1,100000,0.09049999999999998,0.041,0.662,0.05249999999999999,0.05900000000000001,0.05449999999999999,0.040499999999999994,0.9127938040728611,0.023155627355950458,1.8082265804403146,1.8049517046475447,1.8273401698749805,5.0,16.87,128.7205568274943,1.0,False,True,0.0009285637142493638,4198,fragmented,1024,1510,2.94921875,25.502316715542523,0.002882911779081134,0.12188790889841442,0.02046492245740339,0.9824897647355716,0.9930232513579823,1.2808988764044944,378,classic,1.0,0.3,0.3,False,n/a,n/a,n/a,n/a,n/a,n/a,n/a,n/a,n/a,n/a,n/a,n/a,n/a,n/a,n/a,n/a,n/a,n/a,n/a
PM7_P1P3_network,S2,433399445,200,False,PD_classic,9.0,5.0,1.0,0.0,True,0.01,0.5,100,5,30,0.1,100000,0.08199999999999999,0.05450000000000001,0.55,0.06200000000000001,0.1305,0.07649999999999998,0.0445,0.7494917558589608,0.01973979362943024,1.848455630650343,2.116842060926554,1.8983493933887765,5.0,16.91,129.6329242469828,1.0,False,True,-0.018883875535501412,4383,fragmented,1024,1510,2.94921875,25.717996089931574,0.002882911779081134,0.13471860670552965,0.02095950205570321,0.9814191105375805,0.9849745125885249,1.3636363636363635,378,classic,1.0,0.3,0.3,False,n/a,n/a,n/a,n/a,n/a,n/a,n/a,n/a,n/a,n/a,n/a,n/a,n/a,n/a,n/a,n/a,n/a,n/a,n/a
PM7_P1P3_network,S2,317149051,200,False,PD_classic,9.0,5.0,1.0,0.0,True,0.01,0.5,100,5,30,0.1,100000,0.09149999999999998,0.047499999999999994,0.5645,0.08099999999999999,0.08149999999999999,0.0635,0.07050000000000001,0.8076237479170005,0.025571273122959738,1.8154546728591459,1.8455070684156323,1.846684815514715,5.0,17.11,128.03672419798318,0.995,False,True,-0.004193248772992895,4431,fragmented,1024,1510,2.94921875,25.344418377321603,0.002882911779081134,0.11735323838257146,0.020421221653079975,0.9731667918721008,0.9750882130967299,1.2307692307692308,378,classic,1.0,0.3,0.3,False,n/a,n/a,n/a,n/a,n/a,n/a,n/a,n/a,n/a,n/a,n/a,n/a,n/a,n/a,n/a,n/a,n/a,n/a,n/a
PM7_P1P3_network,S2,2121129191,200,False,PD_classic,9.0,5.0,1.0,0.0,True,0.01,0.5,100,5,30,2.0,100000,0.0105,0.014500000000000002,0.9219999999999999,0.0075,0.0095,0.0215,0.014500000000000002,0.9659408813690253,0.0610752688172043,1.232788378646452,1.208949948517652,1.2315915375465025,5.0,144.03,17.24191678512225,1.0,False,True,0.005445189780761321,4415,fragmented,1024,1510,2.94921875,25.72581622678397,0.002882911779081134,0.12811032933427496,0.020712430825958927,0.8182734988240322,0.959140627017827,4.846938775510204,378,classic,1.0,0.3,0.3,False,n/a,n/a,n/a,n/a,n/a,n/a,n/a,n/a,n/a,n/a,n/a,n/a,n/a,n/a,n/a,n/a,n/a,n/a,n/a
PM7_P1P3_network,S2,686818433,200,False,PD_classic,9.0,5.0,1.0,0.0,True,0.01,0.5,100,5,30,2.0,100000,0.015000000000000003,0.012,0.9020000000000001,0.03850000000000001,0.024999999999999998,0.005,0.0025,0.9630594487857586,0.04700352526439483,1.2435413862326148,1.2042041917108093,1.24378662190312,5.0,143.25,17.246378335607886,1.0,False,True,-0.006514130056526818,4479,fragmented,1024,1510,2.94921875,25.385171065493648,0.002882911779081134,0.14629755769191768,0.020550349468941385,0.8214335360802834,0.9787852008979341,4.99,378,classic,1.0,0.3,0.3,False,n/a,n/a,n/a,n/a,n/a,n/a,n/a,n/a,n/a,n/a,n/a,n/a,n/a,n/a,n/a,n/a,n/a,n/a,n/a
PM7_P1P3_network,S2,744720527,200,False,PD_classic,9.0,5.0,1.0,0.0,True,0.01,0.5,100,5,30,2.0,100000,0.0075,0.004999999999999999,0.9294999999999998,0.022499999999999996,0.004,0.018999999999999996,0.012500000000000002,0.9867326759014696,0.025651465798045604,1.241330010548875,1.254689291036715,1.2406568897733867,5.0,142.69,17.587386701301856,1.0,False,True,-0.0007258109032443454,4294,fragmented,1024,1510,2.94921875,25.893880742913,0.002882911779081134,0.1399992169640479,0.021047901237534708,0.8240010810550469,0.9647632902137149,4.755102040816326,378,classic,1.0,0.3,0.3,False,n/a,n/a,n/a,n/a,n/a,n/a,n/a,n/a,n/a,n/a,n/a,n/a,n/a,n/a,n/a,n/a,n/a,n/a,n/a
PM7_P1P3_network,S2,381425458,200,False,PD_classic,9.0,5.0,1.0,0.0,True,0.01,0.5,100,5,30,2.0,100000,0.010499999999999999,0.008,0.9105000000000001,0.025,0.006500000000000001,0.0235,0.016000000000000004,0.9632316512178877,0.046740467404674045,1.2422909657566583,1.264658174758087,1.244138210301563,5.0,146.81,16.9184153903432,1.0,False,True,0.0009941319765286384,4354,fragmented,1024,1510,2.94921875,25.210312805474096,0.002882911779081134,0.14113566741277134,0.020271512818912554,0.8227738556349701,0.9765366120358135,4.623115577889447,378,classic,1.0,0.3,0.3,False,n/a,n/a,n/a,n/a,n/a,n/a,n/a,n/a,n/a,n/a,n/a,n/a,n/a,n/a,n/a,n/a,n/a,n/a,n/a
PM7_P1P3_network,S2,1620985466,200,False,PD_classic,9.0,5.0,1.0,0.0,True,0.01,0.5,100,5,30,2.0,100000,0.006500000000000001,0.013000000000000001,0.9349999999999999,0.017000000000000005,0.008000000000000002,0.006,0.014500000000000002,0.970756199840352,0.04302477183833116,1.2490787653681072,1.299142145848993,1.2486394429786825,5.0,143.47,16.84307580574431,1.0,False,True,0.0027031308125269123,4295,fragmented,1024,1510,2.94921875,25.94117302052786,0.002882911779081134,0.1711051157051785,0.020626699311744757,0.8119583934960584,0.9600468397726476,4.888888888888889,378,classic,1.0,0.3,0.3,False,n/a,n/a,n/a,n/a,n/a,n/a,n/a,n/a,n/a,n/a,n/a,n/a,n/a,n/a,n/a,n/a,n/a,n/a,n/a
PM7_P1P3_network,S2,1669164794,200,False,PD_classic,9.0,5.0,1.0,0.0,True,0.01,0.5,100,5,30,2.0,100000,0.020499999999999997,0.0045,0.9405000000000001,0.016,0.008999999999999998,0.002,0.0075000000000000015,0.9792679909937425,0.027392120075046905,1.2473495428308825,1.2570738684850098,1.2496640802913512,5.0,145.56,17.01641983351923,1.0,False,True,0.001066084264327536,4282,fragmented,1024,1510,2.94921875,25.596852394916912,0.002882911779081134,0.11571036413234588,0.020411774597658947,0.8190436478215651,0.9647746434029634,5.4874371859296485,378,classic,1.0,0.3,0.3,False,n/a,n/a,n/a,n/a,n/a,n/a,n/a,n/a,n/a,n/a,n/a,n/a,n/a,n/a,n/a,n/a,n/a,n/a,n/a
PM7_P1P3_network,S2,798359651,200,False,PD_classic,9.0,5.0,1.0,0.0,True,0.01,0.5,100,5,30,2.0,100000,0.005999999999999999,0.018000000000000006,0.9329999999999998,0.009000000000000001,0.020499999999999997,0.009999999999999998,0.0034999999999999996,0.9803553663716574,0.04003079291762895,1.257151282975913,0.0,1.2562329087437605,5.0,144.15,17.36375376436579,1.0,False,True,-0.0008374113496483282,4703,fragmented,1024,1510,2.94921875,25.36996089931574,0.002882911779081134,0.14280181479220427,0.020576710433751727,0.8233028114343172,0.9666991259972072,5.21025641025641,378,classic,1.0,0.3,0.3,False,n/a,n/a,n/a,n/a,n/a,n/a,n/a,n/a,n/a,n/a,n/a,n/a,n/a,n/a,n/a,n/a,n/a,n/a,n/a
PM7_P1P3_network,S2,126337246,200,False,PD_classic,9.0,5.0,1.0,0.0,True,0.01,0.5,100,5,30,2.0,100000,0.018499999999999996,0.004,0.9235,0.0045,0.026000000000000002,0.010499999999999999,0.013000000000000001,0.9828281333683242,0.026923076923076925,1.2537760010762038,1.2803774203934726,1.2544550099218346,5.0,144.09,17.176988793923197,1.0,False,True,-0.004624074496300182,4592,fragmented,1024,1510,2.94921875,25.502316715542523,0.002882911779081134,0.12188790889841442,0.02046492245740339,0.839474950350872,0.9711030265064564,4.9543147208121825,378,classic,1.0,0.3,0.3,False,n/a,n/a,n/a,n/a,n/a,n/a,n/a,n/a,n/a,n/a,n/a,n/a,n/a,n/a,n/a,n/a,n/a,n/a,n/a
PM7_P1P3_network,S2,317149051,200,False,PD_classic,9.0,5.0,1.0,0.0,True,0.01,0.5,100,5,30,2.0,100000,0.005,0.008,0.9305,0.0115,0.0125,0.014499999999999999,0.018000000000000006,0.9799685662654486,0.03727901614142967,1.230284288339273,1.203483585965943,1.2284718069838827,5.0,147.73,16.913443473197635,1.0,False,True,0.0016645026580113646,4351,fragmented,1024,1510,2.94921875,25.344418377321603,0.002882911779081134,0.11735323838257146,0.020421221653079975,0.807165940217542,0.9790356027016315,5.456410256410257,378,classic,1.0,0.3,0.3,False,n/a,n/a,n/a,n/a,n/a,n/a,n/a,n/a,n/a,n/a,n/a,n/a,n/a,n/a,n/a,n/a,n/a,n/a,n/a
PM7_P1P3_network,S2,2121129191,200,False,PD_classic,9.0,5.0,1.0,0.0,True,0.01,0.5,100,5,30,0.1,100000,0.06450000000000002,0.05449999999999999,0.6325,0.05149999999999999,0.11300000000000002,0.037,0.04699999999999999,0.8681274074227427,0.027988614800759013,1.8396407912899013,2.069279978301806,1.9451688265331957,4.99,19.71,98.93368333636346,0.99,False,True,0.010255409021635721,4550,connected,1024,1908,3.7265625,22.59355816226784,0.0036427785923753664,0.11047973273294646,0.017992639075600707,0.9857489304582704,0.9907777358288918,1.3636363636363635,0,classic,1.0,0.3,0.3,False,n/a,n/a,n/a,n/a,n/a,n/a,n/a,n/a,n/a,n/a,n/a,n/a,n/a,n/a,n/a,n/a,n/a,n/a,n/a
PM7_P1P3_network,S2,686818433,200,False,PD_classic,9.0,5.0,1.0,0.0,True,0.01,0.5,100,5,30,0.1,100000,0.07999999999999999,0.044,0.6735,0.041999999999999996,0.05700000000000001,0.05950000000000001,0.044,0.8902420946671752,0.01132342533616419,1.883463513515785,1.7929783737199454,1.8903210169449065,5.0,19.4,92.05957197796242,1.0,False,False,0.023151524606102085,4196,connected,1024,1908,3.7265625,22.68184750733138,0.0036427785923753664,0.09964303509625747,0.018069511990485933,0.9847040593464174,0.9877076483526132,1.2328767123287672,0,classic,1.0,0.3,0.3,False,n/a,n/a,n/a,n/a,n/a,n/a,n/a,n/a,n/a,n/a,n/a,n/a,n/a,n/a,n/a,n/a,n/a,n/a,n/a
PM7_P1P3_network,S2,433399445,200,False,PD_classic,9.0,5.0,1.0,0.0,True,0.01,0.5,100,5,30,2.0,100000,0.03200000000000001,0.008000000000000002,0.9030000000000001,0.022,0.014000000000000002,0.018,0.003,0.981982083145245,0.03079416531604538,1.2307374868487329,1.2601975554786897,1.231784234925533,5.0,143.89,17.375844211090033,1.0,False,True,-0.0012954771819079951,4293,fragmented,1024,1510,2.94921875,25.717996089931574,0.002882911779081134,0.13471860670552965,0.02095950205570321,0.8100661132510121,0.9556075554168455,4.959595959595959,378,classic,1.0,0.3,0.3,False,n/a,n/a,n/a,n/a,n/a,n/a,n/a,n/a,n/a,n/a,n/a,n/a,n/a,n/a,n/a,n/a,n/a,n/a,n/a
PM7_P1P3_network,S2,744720527,200,False,PD_classic,9.0,5.0,1.0,0.0,True,0.01,0.5,100,5,30,0.1,100000,0.034999999999999996,0.016500000000000004,0.7805000000000002,0.049999999999999996,0.029500000000000005,0.033999999999999996,0.05450000000000001,0.9469367268115414,0.02663786897048236,1.723857543050422,2.144117302376201,1.763559653861944,5.0,21.33,98.87176878182534,1.0,False,False,0.03052154608618544,4302,connected,1024,1908,3.7265625,22.703020527859238,0.0036427785923753664,0.12093742773809137,0.01794714488128238,0.9898919770659651,0.9943539752743289,1.5327102803738317,0,classic,1.0,0.3,0.3,False,n/a,n/a,n/a,n/a,n/a,n/a,n/a,n/a,n/a,n/a,n/a,n/a,n/a,n/a,n/a,n/a,n/a,n/a,n/a
PM7_P1P3_network,S2,381425458,200,False,PD_classic,9.0,5.0,1.0,0.0,True,0.01,0.5,100,5,30,0.1,100000,0.06599999999999999,0.043,0.7334999999999999,0.024999999999999998,0.04499999999999999,0.039,0.048499999999999995,0.9778458139792028,0.007197480881691408,1.628529549076567,1.895074497812972,1.6651621906358751,5.0,19.78,98.33679418684638,1.0,False,True,-0.00047956991828077174,4310,connected,1024,1908,3.7265625,22.678748778103618,0.0036427785923753664,0.13822503935242955,0.018021477160341432,0.9878769437045448,0.9906885024594138,1.393939393939394,0,classic,1.0,0.3,0.3,False,n/a,n/a,n/a,n/a,n/a,n/a,n/a,n/a,n/a,n/a,n/a,n/a,n/a,n/a,n/a,n/a,n/a,n/a,n/a
PM7_P1P3_network,S2,1620985466,200,False,PD_classic,9.0,5.0,1.0,0.0,True,0.01,0.5,100,5,30,0.1,100000,0.08449999999999999,0.06050000000000001,0.6365000000000001,0.055499999999999994,0.07999999999999999,0.038500000000000006,0.0445,0.8461229282145319,0.011043622308117063,1.8553083027719228,2.0256175556804523,1.8886145772791245,5.0,19.68,95.10880404561156,1.0,False,False,-0.020072816291266265,4267,connected,1024,1908,3.7265625,22.67199413489736,0.0036427785923753664,0.12368217976172854,0.0179617143068763,0.9817118224761775,0.9900975835557243,1.3902439024390243,0,classic,1.0,0.3,0.3,False,n/a,n/a,n/a,n/a,n/a,n/a,n/a,n/a,n/a,n/a,n/a,n/a,n/a,n/a,n/a,n/a,n/a,n/a,n/a
PM7_P1P3_network,S2,1669164794,200,False,PD_classic,9.0,5.0,1.0,0.0,True,0.01,0.5,100,5,30,0.1,100000,0.0895,0.052000000000000005,0.627,0.05500000000000001,0.03949999999999999,0.061,0.076,0.8240686792700582,0.022423918846769888,1.7124914152455515,1.7601453789687669,1.791738483686252,5.0,19.4,97.31700573885284,1.0,False,True,-0.0035133260533075092,4249,connected,1024,1908,3.7265625,22.803567937438906,0.0036427785923753664,0.10968823393764451,0.01816697713236461,0.9760852880086415,0.9885171015906569,1.28,0,classic,1.0,0.3,0.3,False,n/a,n/a,n/a,n/a,n/a,n/a,n/a,n/a,n/a,n/a,n/a,n/a,n/a,n/a,n/a,n/a,n/a,n/a,n/a
PM7_P1P3_network,S2,798359651,200,False,PD_classic,9.0,5.0,1.0,0.0,True,0.01,0.5,100,5,30,0.1,100000,0.05149999999999999,0.047,0.7015,0.040999999999999995,0.048499999999999995,0.05700000000000001,0.05349999999999999,0.9470452779092525,0.01812688821752266,1.82818963375078,1.8359472886796293,1.8546228416529529,5.0,19.37,98.85794966441902,1.0,False,True,0.00011402445609635954,4409,connected,1024,1908,3.7265625,22.631104594330402,0.0036427785923753664,0.11857835447202564,0.018059028131474114,0.9856291028016695,0.989017910205578,1.3814432989690721,0,classic,1.0,0.3,0.3,False,n/a,n/a,n/a,n/a,n/a,n/a,n/a,n/a,n/a,n/a,n/a,n/a,n/a,n/a,n/a,n/a,n/a,n/a,n/a
PM7_P1P3_network,S2,317149051,200,False,PD_classic,9.0,5.0,1.0,0.0,True,0.01,0.5,100,5,30,0.1,100000,0.03550000000000001,0.03949999999999999,0.7310000000000001,0.048999999999999995,0.049999999999999996,0.06500000000000002,0.030000000000000006,0.9307767382825677,0.016019417475728156,1.7459234427565318,1.641133688904936,1.7911782841942427,5.0,19.11,100.42823376338298,1.0,False,True,0.003602798411190349,4212,connected,1024,1908,3.7265625,22.740224828934505,0.0036427785923753664,0.1081279941882244,0.01813791674198908,0.9861193296660338,0.9907502226381989,1.1910112359550562,0,classic,1.0,0.3,0.3,False,n/a,n/a,n/a,n/a,n/a,n/a,n/a,n/a,n/a,n/a,n/a,n/a,n/a,n/a,n/a,n/a,n/a,n/a,n/a
PM7_P1P3_network,S2,126337246,200,False,PD_classic,9.0,5.0,1.0,0.0,True,0.01,0.5,100,5,30,0.1,100000,0.08199999999999999,0.05500000000000001,0.6675000000000001,0.043,0.061999999999999986,0.048499999999999995,0.041999999999999996,0.9456310127369726,0.027860106698280974,1.7186487779782575,1.4247304240834218,1.69455078206082,5.0,19.2,95.5264871211894,1.0,False,True,0.016717434869742774,4251,connected,1024,1908,3.7265625,22.548924731182797,0.0036427785923753664,0.16618649848249925,0.01789874390068063,0.978249752740677,0.9842909617211804,1.3766233766233766,0,classic,1.0,0.3,0.3,False,n/a,n/a,n/a,n/a,n/a,n/a,n/a,n/a,n/a,n/a,n/a,n/a,n/a,n/a,n/a,n/a,n/a,n/a,n/a
PM7_P1P3_network,S2,433399445,200,False,PD_classic,9.0,5.0,1.0,0.0,True,0.01,0.5,100,5,30,0.1,100000,0.05950000000000001,0.046,0.6784999999999999,0.040999999999999995,0.0665,0.05700000000000001,0.051500000000000004,0.9091985822096522,0.026836158192090395,1.7307401231403,1.5636008907327823,1.7732575633904504,5.0,20.09,95.67697106183893,1.0,False,True,0.013775431101723308,4255,connected,1024,1908,3.7265625,22.742160312805474,0.0036427785923753664,0.12431349120426402,0.018135708630557842,0.9823568464433194,0.986490823530164,1.4642857142857142,0,classic,1.0,0.3,0.3,False,n/a,n/a,n/a,n/a,n/a,n/a,n/a,n/a,n/a,n/a,n/a,n/a,n/a,n/a,n/a,n/a,n/a,n/a,n/a
PM7_P1P3_network,S2,2121129191,200,False,PD_classic,9.0,5.0,1.0,0.0,True,0.01,0.5,100,5,30,2.0,100000,0.017500000000000005,0.003,0.9555,0.0045000000000000005,0.006,0.0045,0.009,0.9884745201185929,0.022005924672027083,1.25412872926966,1.2276137584833238,1.2534443299535962,5.0,162.94,13.961031643173605,1.0,False,True,0.004257305029220849,4244,connected,1024,1908,3.7265625,22.59355816226784,0.0036427785923753664,0.11047973273294646,0.017992639075600707,0.7962814992380762,0.9707127731353634,5.175879396984925,0,classic,1.0,0.3,0.3,False,n/a,n/a,n/a,n/a,n/a,n/a,n/a,n/a,n/a,n/a,n/a,n/a,n/a,n/a,n/a,n/a,n/a,n/a,n/a
PM7_P1P3_network,S2,686818433,200,False,PD_classic,9.0,5.0,1.0,0.0,True,0.01,0.5,100,5,30,2.0,100000,0.020999999999999998,0.017000000000000005,0.9215,0.0105,0.011,0.013000000000000001,0.005999999999999998,0.9673884232429076,0.05263157894736842,1.2522903058578476,1.2387381860817546,1.2524173313341018,5.0,161.61,14.050381378641681,1.0,False,True,-0.00016432865732048866,4293,connected,1024,1908,3.7265625,22.68184750733138,0.0036427785923753664,0.09964303509625747,0.018069511990485933,0.7913901208043167,0.9682748927120565,5.0954773869346734,0,classic,1.0,0.3,0.3,False,n/a,n/a,n/a,n/a,n/a,n/a,n/a,n/a,n/a,n/a,n/a,n/a,n/a,n/a,n/a,n/a,n/a,n/a,n/a
PM7_P1P3_network,S2,744720527,200,False,PD_classic,9.0,5.0,1.0,0.0,True,0.01,0.5,100,5,30,2.0,100000,0.012000000000000002,0.009000000000000001,0.9125000000000002,0.024499999999999997,0.023999999999999997,0.005499999999999999,0.012499999999999999,0.9577845778961608,0.060542797494780795,1.2424464970114533,1.192741935483871,1.2416043495404308,5.0,163.9,13.95188434769434,1.0,False,True,0.0009066516266043092,4191,connected,1024,1908,3.7265625,22.703020527859238,0.0036427785923753664,0.12093742773809137,0.01794714488128238,0.784081421868097,0.9662269747632305,5.507537688442211,0,classic,1.0,0.3,0.3,False,n/a,n/a,n/a,n/a,n/a,n/a,n/a,n/a,n/a,n/a,n/a,n/a,n/a,n/a,n/a,n/a,n/a,n/a,n/a
PM7_P1P3_network,S2,381425458,200,False,PD_classic,9.0,5.0,1.0,0.0,True,0.01,0.5,100,5,30,2.0,100000,0.025,0.0075000000000000015,0.9209999999999999,0.0165,0.020499999999999997,0.006,0.0035000000000000005,0.9728144438554679,0.04498269896193772,1.2349977234873881,1.2470652288800328,1.234860708282347,5.0,162.16,14.00703618832182,1.0,False,True,0.004030840123353902,3959,connected,1024,1908,3.7265625,22.678748778103618,0.0036427785923753664,0.13822503935242955,0.018021477160341432,0.7911364029092826,0.9710536588467151,5.380710659898477,0,classic,1.0,0.3,0.3,False,n/a,n/a,n/a,n/a,n/a,n/a,n/a,n/a,n/a,n/a,n/a,n/a,n/a,n/a,n/a,n/a,n/a,n/a,n/a
PM7_P1P3_network,S2,1620985466,200,False,PD_classic,9.0,5.0,1.0,0.0,True,0.01,0.5,100,5,30,2.0,100000,0.02,0.022499999999999996,0.9040000000000001,0.0125,0.017000000000000005,0.013499999999999998,0.010499999999999999,0.9623356332877775,0.06352545225073622,1.266069848891385,1.3421900982170858,1.2676522029574766,5.0,162.81,14.086719068537516,1.0,False,True,-0.003971031884128269,4203,connected,1024,1908,3.7265625,22.67199413489736,0.0036427785923753664,0.12368217976172854,0.0179617143068763,0.7801178350426945,0.9698047687824908,5.758793969849246,0,classic,1.0,0.3,0.3,False,n/a,n/a,n/a,n/a,n/a,n/a,n/a,n/a,n/a,n/a,n/a,n/a,n/a,n/a,n/a,n/a,n/a,n/a,n/a
PM7_P1P3_network,S2,1669164794,200,False,PD_classic,9.0,5.0,1.0,0.0,True,0.01,0.5,100,5,30,2.0,100000,0.0185,0.009,0.9085000000000001,0.028500000000000004,0.0165,0.014000000000000002,0.004999999999999999,0.9650430828661477,0.04583151462243562,1.2352705547373828,1.2125805782345034,1.2336923953116292,5.0,163.74,14.005015978351707,1.0,False,True,-0.0032524450097807718,4133,connected,1024,1908,3.7265625,22.803567937438906,0.0036427785923753664,0.10968823393764451,0.01816697713236461,0.7842955165109232,0.9684020735322442,5.4646464646464645,0,classic,1.0,0.3,0.3,False,n/a,n/a,n/a,n/a,n/a,n/a,n/a,n/a,n/a,n/a,n/a,n/a,n/a,n/a,n/a,n/a,n/a,n/a,n/a
PM7_P1P3_network,S2,798359651,200,False,PD_classic,9.0,5.0,1.0,0.0,True,0.01,0.5,100,5,30,2.0,100000,0.012999999999999998,0.002,0.9389999999999998,0.006500000000000001,0.026000000000000002,0.012,0.0015,0.9799327391431769,0.03374942209893666,1.254113510192639,1.2513985582265617,1.2554471017225055,5.0,162.12,14.112637293719542,1.0,False,True,0.0007347149388568258,4218,connected,1024,1908,3.7265625,22.631104594330402,0.0036427785923753664,0.11857835447202564,0.018059028131474114,0.7695579265542498,0.9647192570996441,5.618090452261306,0,classic,1.0,0.3,0.3,False,n/a,n/a,n/a,n/a,n/a,n/a,n/a,n/a,n/a,n/a,n/a,n/a,n/a,n/a,n/a,n/a,n/a,n/a,n/a
PM7_P1P3_network,S2,126337246,200,False,PD_classic,9.0,5.0,1.0,0.0,True,0.01,0.5,100,5,30,2.0,100000,0.008000000000000002,0.011,0.9259999999999999,0.016999999999999998,0.011,0.018,0.009000000000000001,0.9707459117109012,0.04733455882352941,1.2561547867533984,1.2014061207609594,1.2563223124097795,5.0,161.31,14.1418335043154,1.0,False,True,0.004167376669511805,4042,connected,1024,1908,3.7265625,22.548924731182797,0.0036427785923753664,0.16618649848249925,0.01789874390068063,0.7699841322167863,0.9729796330309712,5.538461538461538,0,classic,1.0,0.3,0.3,False,n/a,n/a,n/a,n/a,n/a,n/a,n/a,n/a,n/a,n/a,n/a,n/a,n/a,n/a,n/a,n/a,n/a,n/a,n/a
PM7_P1P3_network,S2,2121129191,200,False,PD_classic,9.0,5.0,1.0,0.0,True,0.01,0.5,100,15,30,0.1,100000,0.08499999999999999,0.057499999999999996,0.6565000000000001,0.044,0.06999999999999999,0.024,0.06300000000000001,0.8835672741196479,0.0070838252656434475,1.7973583374134698,2.2101925295419793,1.9396373541596705,14.575,18.6,98.09653726937475,0.76,False,True,0.010696170784687533,4287,baseline,1024,1888,3.6875,23.17564027370479,0.003604594330400782,0.10896384010298515,0.01845320591177862,0.9864226373459255,0.9876875807182344,1.164835164835165,0,classic,1.0,0.3,0.3,False,n/a,n/a,n/a,n/a,n/a,n/a,n/a,n/a,n/a,n/a,n/a,n/a,n/a,n/a,n/a,n/a,n/a,n/a,n/a
PM7_P1P3_network,S2,686818433,200,False,PD_classic,9.0,5.0,1.0,0.0,True,0.01,0.5,100,15,30,0.1,100000,0.07399999999999998,0.05800000000000001,0.666,0.0455,0.07449999999999998,0.05299999999999999,0.029000000000000005,0.9108907397277785,0.03574504737295435,1.7396475445461255,1.959114779996368,1.8166185660582141,14.54,20.33,96.60789885545118,0.78,False,True,0.0009923559694220466,4342,baseline,1024,1888,3.6875,23.17564027370479,0.003604594330400782,0.10896384010298515,0.01845320591177862,0.9908295883090477,0.991101061560449,1.5164835164835164,0,classic,1.0,0.3,0.3,False,n/a,n/a,n/a,n/a,n/a,n/a,n/a,n/a,n/a,n/a,n/a,n/a,n/a,n/a,n/a,n/a,n/a,n/a,n/a
PM7_P1P3_network,S2,317149051,200,False,PD_classic,9.0,5.0,1.0,0.0,True,0.01,0.5,100,5,30,2.0,100000,0.016499999999999997,0.0095,0.922,0.01,0.0215,0.013500000000000002,0.007000000000000001,0.9637729455597418,0.06728232189973615,1.246479988620951,1.2421520879485513,1.2477829806235274,5.0,162.45,14.107220583074373,1.0,False,True,0.0015858303433199084,4042,connected,1024,1908,3.7265625,22.740224828934505,0.0036427785923753664,0.1081279941882244,0.01813791674198908,0.7775119711988392,0.959152207049281,5.454545454545454,0,classic,1.0,0.3,0.3,False,n/a,n/a,n/a,n/a,n/a,n/a,n/a,n/a,n/a,n/a,n/a,n/a,n/a,n/a,n/a,n/a,n/a,n/a,n/a
PM7_P1P3_network,S2,433399445,200,False,PD_classic,9.0,5.0,1.0,0.0,True,0.01,0.5,100,5,30,2.0,100000,0.0045,0.0045000000000000005,0.9450000000000001,0.011999999999999999,0.008,0.013500000000000002,0.0125,0.9827204292980077,0.026243093922651933,1.2437945865252984,1.244268445185494,1.2468257012371942,5.0,164.91,14.004794406659368,1.0,False,True,0.004406129624517766,4191,connected,1024,1908,3.7265625,22.742160312805474,0.0036427785923753664,0.12431349120426402,0.018135708630557842,0.7756833716359626,0.961353242185251,5.126903553299492,0,classic,1.0,0.3,0.3,False,n/a,n/a,n/a,n/a,n/a,n/a,n/a,n/a,n/a,n/a,n/a,n/a,n/a,n/a,n/a,n/a,n/a,n/a,n/a
PM7_P1P3_network,S2,744720527,200,False,PD_classic,9.0,5.0,1.0,0.0,True,0.01,0.5,100,15,30,0.1,100000,0.077,0.04649999999999999,0.6165,0.06899999999999999,0.1135,0.04649999999999999,0.031000000000000007,0.9369556576026634,0.034657039711191336,1.8122397191208381,1.7161282866228915,1.8283226796440073,14.645,19.24,94.1941277859575,0.77,False,True,-0.015829599318399105,4279,baseline,1024,1888,3.6875,23.17564027370479,0.003604594330400782,0.10896384010298515,0.01845320591177862,0.9832066009308021,0.984132526856728,1.25,0,classic,1.0,0.3,0.3,False,n/a,n/a,n/a,n/a,n/a,n/a,n/a,n/a,n/a,n/a,n/a,n/a,n/a,n/a,n/a,n/a,n/a,n/a,n/a
PM7_P1P3_network,S2,381425458,200,False,PD_classic,9.0,5.0,1.0,0.0,True,0.01,0.5,100,15,30,0.1,100000,0.09199999999999998,0.0435,0.6085,0.05349999999999999,0.0615,0.071,0.06999999999999999,0.8374289671084224,0.06069651741293532,1.7761621689629539,2.0593115939249946,1.8000887745360585,14.36,19.34,100.81524174936489,0.765,False,False,-0.032598442393772506,4145,baseline,1024,1888,3.6875,23.17564027370479,0.003604594330400782,0.10896384010298515,0.01845320591177862,0.9566596243055908,0.9570079349987292,1.2413793103448276,0,classic,1.0,0.3,0.3,False,n/a,n/a,n/a,n/a,n/a,n/a,n/a,n/a,n/a,n/a,n/a,n/a,n/a,n/a,n/a,n/a,n/a,n/a,n/a
PM7_P1P3_network,S2,1620985466,200,False,PD_classic,9.0,5.0,1.0,0.0,True,0.01,0.5,100,15,30,0.1,100000,0.0645,0.039500000000000014,0.6665000000000001,0.057499999999999996,0.07650000000000001,0.04349999999999999,0.05199999999999999,0.8661446102809844,0.0080545229244114,1.771578274295375,1.7525280607987828,1.7811831129832387,14.715,20.19,92.8704372080154,0.87,False,True,0.004508370033479402,4355,baseline,1024,1888,3.6875,23.17564027370479,0.003604594330400782,0.10896384010298515,0.01845320591177862,0.9926603829277691,0.9937473394495084,1.275,0,classic,1.0,0.3,0.3,False,n/a,n/a,n/a,n/a,n/a,n/a,n/a,n/a,n/a,n/a,n/a,n/a,n/a,n/a,n/a,n/a,n/a,n/a,n/a
PM7_P1P3_network,S2,1669164794,200,False,PD_classic,9.0,5.0,1.0,0.0,True,0.01,0.5,100,15,30,0.1,100000,0.1155,0.043,0.6455,0.054000000000000006,0.0615,0.03899999999999999,0.041499999999999995,0.8745383682875053,0.08624229979466119,1.7847600633949054,1.8129071733645552,1.8521307689962188,14.51,21.41,95.15125036644338,0.8,False,True,-0.009540926163700626,4433,baseline,1024,1888,3.6875,23.17564027370479,0.003604594330400782,0.10896384010298515,0.01845320591177862,0.9839602991166676,0.9842320382471025,1.391304347826087,0,classic,1.0,0.3,0.3,False,n/a,n/a,n/a,n/a,n/a,n/a,n/a,n/a,n/a,n/a,n/a,n/a,n/a,n/a,n/a,n/a,n/a,n/a,n/a
PM7_P1P3_network,S2,798359651,200,False,PD_classic,9.0,5.0,1.0,0.0,True,0.01,0.5,100,15,30,0.1,100000,0.071,0.025500000000000002,0.7015,0.041000000000000016,0.0705,0.020999999999999998,0.0695,0.9096157258823038,0.020859940400170286,1.7392031835917072,1.7174842279705091,1.761650437889819,14.565,20.09,97.70476204019944,0.76,False,True,-0.008845931383721873,4103,baseline,1024,1888,3.6875,23.17564027370479,0.003604594330400782,0.10896384010298515,0.01845320591177862,0.985296555544852,0.9859902773624031,1.3548387096774193,0,classic,1.0,0.3,0.3,False,n/a,n/a,n/a,n/a,n/a,n/a,n/a,n/a,n/a,n/a,n/a,n/a,n/a,n/a,n/a,n/a,n/a,n/a,n/a
PM7_P1P3_network,S2,126337246,200,False,PD_classic,9.0,5.0,1.0,0.0,True,0.01,0.5,100,15,30,0.1,100000,0.072,0.021,0.6475,0.051000000000000004,0.07299999999999998,0.07449999999999998,0.060999999999999985,0.8927227617481286,0.016138007790762382,1.7951703875844058,1.950218931357881,1.8280592580111645,14.77,20.21,90.25325898995152,0.855,False,True,0.008399697598789663,4226,baseline,1024,1888,3.6875,23.17564027370479,0.003604594330400782,0.10896384010298515,0.01845320591177862,0.9748820969094604,0.9867868588142223,1.4761904761904763,0,classic,1.0,0.3,0.3,False,n/a,n/a,n/a,n/a,n/a,n/a,n/a,n/a,n/a,n/a,n/a,n/a,n/a,n/a,n/a,n/a,n/a,n/a,n/a
PM7_P1P3_network,S2,317149051,200,False,PD_classic,9.0,5.0,1.0,0.0,True,0.01,0.5,100,15,30,0.1,100000,0.026499999999999996,0.036000000000000004,0.647,0.07449999999999998,0.11100000000000002,0.08399999999999999,0.020999999999999998,0.9076979424430315,0.024376417233560092,1.9775294280752655,1.7757260709113247,1.9925969645996295,14.675,19.91,94.04936910332064,0.82,False,True,0.00801154404617765,4430,baseline,1024,1888,3.6875,23.17564027370479,0.003604594330400782,0.10896384010298515,0.01845320591177862,0.9816005644083224,0.9816005644083224,1.325,0,classic,1.0,0.3,0.3,False,n/a,n/a,n/a,n/a,n/a,n/a,n/a,n/a,n/a,n/a,n/a,n/a,n/a,n/a,n/a,n/a,n/a,n/a,n/a
PM7_P1P3_network,S2,433399445,200,False,PD_classic,9.0,5.0,1.0,0.0,True,0.01,0.5,100,15,30,0.1,100000,0.08899999999999998,0.043,0.656,0.05550000000000001,0.03800000000000001,0.0665,0.052000000000000005,0.9127293088724298,0.07065217391304347,1.819251895275014,1.9231467125961663,1.8835527501276248,14.43,19.23,94.15506981765793,0.77,False,True,0.0009964599858370137,4198,baseline,1024,1888,3.6875,23.17564027370479,0.003604594330400782,0.10896384010298515,0.01845320591177862,0.9772344644487225,0.9772344644487225,1.2222222222222223,0,classic,1.0,0.3,0.3,False,n/a,n/a,n/a,n/a,n/a,n/a,n/a,n/a,n/a,n/a,n/a,n/a,n/a,n/a,n/a,n/a,n/a,n/a,n/a
PM7_P1P3_network,S2,2121129191,200,False,PD_classic,9.0,5.0,1.0,0.0,True,0.01,0.5,100,15,30,2.0,100000,0.008499999999999999,0.004999999999999999,0.9245000000000001,0.0195,0.0205,0.0215,0.0005,0.9697120207123998,0.05466970387243736,1.2432114979388666,1.2482598836636103,1.2444437089305838,15.0,162.09,14.108025777425128,1.0,False,True,-0.002788403153615178,4392,baseline,1024,1888,3.6875,23.17564027370479,0.003604594330400782,0.10896384010298515,0.01845320591177862,0.8264463529767323,0.9694303200960732,5.26,0,classic,1.0,0.3,0.3,False,n/a,n/a,n/a,n/a,n/a,n/a,n/a,n/a,n/a,n/a,n/a,n/a,n/a,n/a,n/a,n/a,n/a,n/a,n/a
PM7_P1P3_network,S2,686818433,200,False,PD_classic,9.0,5.0,1.0,0.0,True,0.01,0.5,100,15,30,2.0,100000,0.0115,0.006499999999999999,0.9065,0.024499999999999997,0.0125,0.0215,0.017000000000000005,0.9721869268352128,0.041379310344827586,1.2701177065925984,1.2829050968276363,1.271974319629111,15.0,162.23,14.011010764061929,1.0,False,True,0.0014074856299417873,4496,baseline,1024,1888,3.6875,23.17564027370479,0.003604594330400782,0.10896384010298515,0.01845320591177862,0.8191486230668072,0.9679777732103961,5.279187817258883,0,classic,1.0,0.3,0.3,False,n/a,n/a,n/a,n/a,n/a,n/a,n/a,n/a,n/a,n/a,n/a,n/a,n/a,n/a,n/a,n/a,n/a,n/a,n/a
PM7_P1P3_network,S2,744720527,200,False,PD_classic,9.0,5.0,1.0,0.0,True,0.01,0.5,100,15,30,2.0,100000,0.011999999999999999,0.0045,0.9075000000000001,0.022,0.03350000000000001,0.006,0.014500000000000002,0.9669532434446427,0.052518295307791646,1.247769170798672,0.0,1.2471169560148516,15.0,162.3,14.074134839125104,1.0,False,True,0.0009788439153778589,4448,baseline,1024,1888,3.6875,23.17564027370479,0.003604594330400782,0.10896384010298515,0.01845320591177862,0.8174015574064996,0.9669507794484653,5.434343434343434,0,classic,1.0,0.3,0.3,False,n/a,n/a,n/a,n/a,n/a,n/a,n/a,n/a,n/a,n/a,n/a,n/a,n/a,n/a,n/a,n/a,n/a,n/a,n/a
PM7_P1P3_network,S2,381425458,200,False,PD_classic,9.0,5.0,1.0,0.0,True,0.01,0.5,100,15,30,2.0,100000,0.0025,0.006999999999999999,0.9425000000000001,0.006,0.029500000000000005,0.005,0.007499999999999998,0.9758107766344344,0.04195501730103806,1.2570659905333705,1.356761565836299,1.2578035414758664,15.0,161.57,14.142911283029614,1.0,False,True,0.005759207036824485,4383,baseline,1024,1888,3.6875,23.17564027370479,0.003604594330400782,0.10896384010298515,0.01845320591177862,0.8112598462250459,0.9711885378399425,5.44,0,classic,1.0,0.3,0.3,False,n/a,n/a,n/a,n/a,n/a,n/a,n/a,n/a,n/a,n/a,n/a,n/a,n/a,n/a,n/a,n/a,n/a,n/a,n/a
PM7_P1P3_network,S2,1620985466,200,False,PD_classic,9.0,5.0,1.0,0.0,True,0.01,0.5,100,15,30,2.0,100000,0.0195,0.0045,0.9255000000000001,0.015000000000000003,0.020999999999999998,0.0025,0.012,0.9807037621965741,0.03851146689744699,1.2493779922179953,1.1590967026703705,1.2470775586076777,15.0,161.05,14.139222339149988,1.0,False,True,0.00469391477565837,4498,baseline,1024,1888,3.6875,23.17564027370479,0.003604594330400782,0.10896384010298515,0.01845320591177862,0.840210297016031,0.9711755796487874,5.115577889447236,0,classic,1.0,0.3,0.3,False,n/a,n/a,n/a,n/a,n/a,n/a,n/a,n/a,n/a,n/a,n/a,n/a,n/a,n/a,n/a,n/a,n/a,n/a,n/a
PM7_P1P3_network,S2,1669164794,200,False,PD_classic,9.0,5.0,1.0,0.0,True,0.01,0.5,100,15,30,2.0,100000,0.015999999999999997,0.0085,0.9260000000000002,0.017,0.02,0.008,0.0045,0.9675326039050013,0.043824701195219126,1.2583188480918355,1.2420783662462767,1.2593531602503614,15.0,163.75,14.131702554227566,1.0,False,True,0.005357397429587521,4461,baseline,1024,1888,3.6875,23.17564027370479,0.003604594330400782,0.10896384010298515,0.01845320591177862,0.8334935516450337,0.9698202164879294,5.185929648241206,0,classic,1.0,0.3,0.3,False,n/a,n/a,n/a,n/a,n/a,n/a,n/a,n/a,n/a,n/a,n/a,n/a,n/a,n/a,n/a,n/a,n/a,n/a,n/a
PM7_P1P3_network,S2,798359651,200,False,PD_classic,9.0,5.0,1.0,0.0,True,0.01,0.5,100,15,30,2.0,100000,0.035,0.0055,0.9095000000000001,0.018499999999999996,0.0155,0.0115,0.0045,0.9825957560512109,0.03111679454390452,1.292118222492139,1.2632127451681008,1.289677337237235,15.0,162.34,14.150455456482325,1.0,False,True,-5.167220668516463e-05,4691,baseline,1024,1888,3.6875,23.17564027370479,0.003604594330400782,0.10896384010298515,0.01845320591177862,0.8344948577246754,0.9797506709061468,5.41,0,classic,1.0,0.3,0.3,False,n/a,n/a,n/a,n/a,n/a,n/a,n/a,n/a,n/a,n/a,n/a,n/a,n/a,n/a,n/a,n/a,n/a,n/a,n/a
PM7_P1P3_network,S2,126337246,200,False,PD_classic,9.0,5.0,1.0,0.0,True,0.01,0.5,100,15,30,2.0,100000,0.026500000000000003,0.011999999999999997,0.884,0.036500000000000005,0.016499999999999997,0.020999999999999998,0.0035000000000000005,0.963143049695318,0.05684302579798863,1.2356253324381583,1.2113232790735535,1.236940734993268,15.0,160.84,14.378524623824188,1.0,False,True,0.0027447709790839165,4441,baseline,1024,1888,3.6875,23.17564027370479,0.003604594330400782,0.10896384010298515,0.01845320591177862,0.8284628751680742,0.9699593993419388,5.472081218274112,0,classic,1.0,0.3,0.3,False,n/a,n/a,n/a,n/a,n/a,n/a,n/a,n/a,n/a,n/a,n/a,n/a,n/a,n/a,n/a,n/a,n/a,n/a,n/a
PM7_P1P3_network,S2,2121129191,200,False,PD_classic,9.0,5.0,1.0,0.0,True,0.01,0.5,100,15,30,0.1,100000,0.08499999999999998,0.052000000000000005,0.5919999999999999,0.07300000000000002,0.0615,0.08399999999999999,0.052500000000000005,0.9010362109739847,0.015050167224080268,1.772648282464973,1.960822033970701,1.8293263417345236,14.165,17.77,120.83548331381252,0.65,False,True,0.011008964035853944,4432,fragmented,1024,1510,2.94921875,25.72581622678397,0.002882911779081134,0.12811032933427496,0.020712430825958927,0.9897669159405545,0.9897669159405545,1.3902439024390243,378,classic,1.0,0.3,0.3,False,n/a,n/a,n/a,n/a,n/a,n/a,n/a,n/a,n/a,n/a,n/a,n/a,n/a,n/a,n/a,n/a,n/a,n/a,n/a
PM7_P1P3_network,S2,686818433,200,False,PD_classic,9.0,5.0,1.0,0.0,True,0.01,0.5,100,15,30,0.1,100000,0.0645,0.04549999999999999,0.6054999999999999,0.09299999999999999,0.05249999999999999,0.08849999999999998,0.05049999999999999,0.8729510607399151,0.023371456986573842,1.9083068081810581,2.009835836848021,1.9957754540451726,13.835,16.85,119.82978380157094,0.565,False,False,-0.03707854031416089,4590,fragmented,1024,1510,2.94921875,25.385171065493648,0.002882911779081134,0.14629755769191768,0.020550349468941385,0.9847402767094895,0.9847402767094895,1.372093023255814,378,classic,1.0,0.3,0.3,False,n/a,n/a,n/a,n/a,n/a,n/a,n/a,n/a,n/a,n/a,n/a,n/a,n/a,n/a,n/a,n/a,n/a,n/a,n/a
PM7_P1P3_network,S2,317149051,200,False,PD_classic,9.0,5.0,1.0,0.0,True,0.01,0.5,100,15,30,2.0,100000,0.015000000000000003,0.009000000000000001,0.9145,0.013000000000000001,0.028499999999999998,0.014000000000000002,0.005999999999999999,0.9731601634931456,0.04320469798657718,1.2672036194928618,1.2711141491391538,1.2675783662204565,15.0,162.97,13.916295545880052,1.0,False,True,0.0005848583394340902,4495,baseline,1024,1888,3.6875,23.17564027370479,0.003604594330400782,0.10896384010298515,0.01845320591177862,0.8237619669896654,0.9708960137124574,5.888324873096447,0,classic,1.0,0.3,0.3,False,n/a,n/a,n/a,n/a,n/a,n/a,n/a,n/a,n/a,n/a,n/a,n/a,n/a,n/a,n/a,n/a,n/a,n/a,n/a
PM7_P1P3_network,S2,433399445,200,False,PD_classic,9.0,5.0,1.0,0.0,True,0.01,0.5,100,15,30,2.0,100000,0.01,0.013500000000000002,0.937,0.004,0.011000000000000001,0.017499999999999998,0.006999999999999999,0.9742088273368438,0.05311355311355311,1.269662506846063,1.2591759819686712,1.2695327211537262,15.0,159.71,14.118460273084583,1.0,False,True,0.0031375805503159756,4567,baseline,1024,1888,3.6875,23.17564027370479,0.003604594330400782,0.10896384010298515,0.01845320591177862,0.8297688320865739,0.9694478151251739,5.13265306122449,0,classic,1.0,0.3,0.3,False,n/a,n/a,n/a,n/a,n/a,n/a,n/a,n/a,n/a,n/a,n/a,n/a,n/a,n/a,n/a,n/a,n/a,n/a,n/a
PM7_P1P3_network,S2,744720527,200,False,PD_classic,9.0,5.0,1.0,0.0,True,0.01,0.5,100,15,30,0.1,100000,0.07749999999999999,0.055499999999999994,0.5749999999999998,0.12200000000000003,0.07549999999999998,0.042499999999999996,0.05199999999999999,0.742576973094451,0.019118428040361127,1.8072535287739822,1.9508211463846934,1.8871981946658931,13.77,16.52,130.76682002491378,0.645,False,True,-0.009489253957011433,4360,fragmented,1024,1510,2.94921875,25.893880742913,0.002882911779081134,0.1399992169640479,0.021047901237534708,0.9869010696082376,0.9870948680578502,1.2790697674418605,378,classic,1.0,0.3,0.3,False,n/a,n/a,n/a,n/a,n/a,n/a,n/a,n/a,n/a,n/a,n/a,n/a,n/a,n/a,n/a,n/a,n/a,n/a,n/a
PM7_P1P3_network,S2,381425458,200,False,PD_classic,9.0,5.0,1.0,0.0,True,0.01,0.5,100,15,30,0.1,100000,0.1065,0.0645,0.6845000000000001,0.03899999999999999,0.029500000000000005,0.0385,0.0375,0.8622272007539415,0.015779092702169626,1.9527530030406033,2.0898425170513217,2.0333300693499665,13.805,17.52,119.9270560442391,0.665,False,True,0.017502166008664766,4333,fragmented,1024,1510,2.94921875,25.210312805474096,0.002882911779081134,0.14113566741277134,0.020271512818912554,0.9923010155232642,0.9925813631543265,1.3563218390804597,378,classic,1.0,0.3,0.3,False,n/a,n/a,n/a,n/a,n/a,n/a,n/a,n/a,n/a,n/a,n/a,n/a,n/a,n/a,n/a,n/a,n/a,n/a,n/a
PM7_P1P3_network,S2,1620985466,200,False,PD_classic,9.0,5.0,1.0,0.0,True,0.01,0.5,100,15,30,0.1,100000,0.11850000000000001,0.051000000000000004,0.5445,0.0645,0.09649999999999997,0.047999999999999994,0.07699999999999999,0.738628219855306,0.01552442256720939,1.9101519939615728,2.1124380680632644,2.0390855123871807,13.885,16.86,123.43145225107315,0.57,False,True,-0.01864881859527145,4477,fragmented,1024,1510,2.94921875,25.94117302052786,0.002882911779081134,0.1711051157051785,0.020626699311744757,0.9937747558615134,0.9942290968421702,1.3473684210526315,378,classic,1.0,0.3,0.3,False,n/a,n/a,n/a,n/a,n/a,n/a,n/a,n/a,n/a,n/a,n/a,n/a,n/a,n/a,n/a,n/a,n/a,n/a,n/a
PM7_P1P3_network,S2,1669164794,200,False,PD_classic,9.0,5.0,1.0,0.0,True,0.01,0.5,100,15,30,0.1,100000,0.1495,0.022,0.5455000000000001,0.055499999999999994,0.09999999999999999,0.06050000000000001,0.06700000000000002,0.812286646719337,0.029259896729776247,1.761425011281851,2.014578523414448,1.8460027445906098,14.11,17.31,126.30595052264128,0.69,False,False,-0.027161508646035316,4435,fragmented,1024,1510,2.94921875,25.596852394916912,0.002882911779081134,0.11571036413234588,0.020411774597658947,0.9604541086937964,0.9604541086937964,1.4042553191489362,378,classic,1.0,0.3,0.3,False,n/a,n/a,n/a,n/a,n/a,n/a,n/a,n/a,n/a,n/a,n/a,n/a,n/a,n/a,n/a,n/a,n/a,n/a,n/a
PM7_P1P3_network,S2,798359651,200,False,PD_classic,9.0,5.0,1.0,0.0,True,0.01,0.5,100,15,30,0.1,100000,0.149,0.048999999999999995,0.4774999999999999,0.09049999999999998,0.09349999999999999,0.08299999999999999,0.05750000000000001,0.7162326348374785,0.07711757269279393,2.0597532079374092,2.031102531043755,2.0543409543354705,13.735,16.69,129.23049708149506,0.59,False,True,-0.007574070296283383,4424,fragmented,1024,1510,2.94921875,25.36996089931574,0.002882911779081134,0.14280181479220427,0.020576710433751727,0.9944325301085213,0.9944325301085213,1.308641975308642,378,classic,1.0,0.3,0.3,False,n/a,n/a,n/a,n/a,n/a,n/a,n/a,n/a,n/a,n/a,n/a,n/a,n/a,n/a,n/a,n/a,n/a,n/a,n/a
PM7_P1P3_network,S2,126337246,200,False,PD_classic,9.0,5.0,1.0,0.0,True,0.01,0.5,100,15,30,0.1,100000,0.09149999999999998,0.0365,0.541,0.048,0.16250000000000003,0.07449999999999998,0.04599999999999999,0.9047173870820234,0.028089887640449437,1.860335949435597,1.7440968134862034,1.8701307096708266,14.095,16.91,128.00528611714893,0.665,False,True,-0.013881751527005376,4527,fragmented,1024,1510,2.94921875,25.502316715542523,0.002882911779081134,0.12188790889841442,0.02046492245740339,0.9912074676244983,0.9917110106258573,1.4257425742574257,378,classic,1.0,0.3,0.3,False,n/a,n/a,n/a,n/a,n/a,n/a,n/a,n/a,n/a,n/a,n/a,n/a,n/a,n/a,n/a,n/a,n/a,n/a,n/a
PM7_P1P3_network,S2,317149051,200,False,PD_classic,9.0,5.0,1.0,0.0,True,0.01,0.5,100,15,30,0.1,100000,0.08099999999999999,0.06699999999999999,0.5660000000000001,0.0655,0.052000000000000005,0.11200000000000002,0.056499999999999995,0.8674811783393958,0.01901901901901902,1.8656755498862363,1.9480654936276478,1.9163983619762324,14.37,17.35,123.39720449278678,0.675,False,True,-0.017220380881525724,4487,fragmented,1024,1510,2.94921875,25.344418377321603,0.002882911779081134,0.11735323838257146,0.020421221653079975,0.9888905661692561,0.9905687391543045,1.2340425531914894,378,classic,1.0,0.3,0.3,False,n/a,n/a,n/a,n/a,n/a,n/a,n/a,n/a,n/a,n/a,n/a,n/a,n/a,n/a,n/a,n/a,n/a,n/a,n/a
PM7_P1P3_network,S2,433399445,200,False,PD_classic,9.0,5.0,1.0,0.0,True,0.01,0.5,100,15,30,0.1,100000,0.08099999999999999,0.05449999999999999,0.6185,0.060999999999999985,0.0635,0.03900000000000001,0.08249999999999999,0.7455040700867326,0.03138793526238352,1.9094325157887777,1.8999348849977922,2.067891980520527,13.8,16.98,127.90728114528397,0.56,False,True,0.004930339721361083,4562,fragmented,1024,1510,2.94921875,25.717996089931574,0.002882911779081134,0.13471860670552965,0.02095950205570321,0.992930123596676,0.992930123596676,1.2,378,classic,1.0,0.3,0.3,False,n/a,n/a,n/a,n/a,n/a,n/a,n/a,n/a,n/a,n/a,n/a,n/a,n/a,n/a,n/a,n/a,n/a,n/a,n/a
PM7_P1P3_network,S2,2121129191,200,False,PD_classic,9.0,5.0,1.0,0.0,True,0.01,0.5,100,15,30,2.0,100000,0.028000000000000004,0.0035000000000000005,0.9045,0.0205,0.03400000000000001,0.0035000000000000005,0.006,0.9762363935027473,0.048847609219126245,1.2251784376316193,1.2057099612572633,1.2235269074304291,15.0,144.43,17.387234211716976,1.0,False,True,-0.0010139080556307576,4661,fragmented,1024,1510,2.94921875,25.72581622678397,0.002882911779081134,0.12811032933427496,0.020712430825958927,0.8646725710485011,0.9737325058671072,6.111111111111111,378,classic,1.0,0.3,0.3,False,n/a,n/a,n/a,n/a,n/a,n/a,n/a,n/a,n/a,n/a,n/a,n/a,n/a,n/a,n/a,n/a,n/a,n/a,n/a
PM7_P1P3_network,S2,686818433,200,False,PD_classic,9.0,5.0,1.0,0.0,True,0.01,0.5,100,15,30,2.0,100000,0.009499999999999998,0.025,0.901,0.04,0.020999999999999998,0.0035000000000000005,0.0,0.9486699170694113,0.04178498985801217,1.2361346750242683,1.2682470107632016,1.241050588795649,15.0,144.42,17.29324538433118,1.0,False,True,-0.00114914859659402,4638,fragmented,1024,1510,2.94921875,25.385171065493648,0.002882911779081134,0.14629755769191768,0.020550349468941385,0.8587986167553313,0.9681232715374182,5.07,378,classic,1.0,0.3,0.3,False,n/a,n/a,n/a,n/a,n/a,n/a,n/a,n/a,n/a,n/a,n/a,n/a,n/a,n/a,n/a,n/a,n/a,n/a,n/a
PM7_P1P3_network,S2,744720527,200,False,PD_classic,9.0,5.0,1.0,0.0,True,0.01,0.5,100,15,30,2.0,100000,0.014500000000000002,0.006999999999999999,0.9275,0.025499999999999995,0.004999999999999999,0.002,0.0185,0.9713206267746214,0.048208191126279866,1.268497382338126,1.232279173419773,1.2709305297214206,15.0,141.0,17.750872969463522,1.0,False,True,0.0067674270697097435,5114,fragmented,1024,1510,2.94921875,25.893880742913,0.002882911779081134,0.1399992169640479,0.021047901237534708,0.8551069880931856,0.9672901354764329,4.7,378,classic,1.0,0.3,0.3,False,n/a,n/a,n/a,n/a,n/a,n/a,n/a,n/a,n/a,n/a,n/a,n/a,n/a,n/a,n/a,n/a,n/a,n/a,n/a
PM7_P1P3_network,S2,381425458,200,False,PD_classic,9.0,5.0,1.0,0.0,True,0.01,0.5,100,15,30,2.0,100000,0.03550000000000001,0.006500000000000001,0.8825,0.029500000000000005,0.0085,0.016499999999999997,0.020999999999999998,0.9703572633355387,0.04321728691476591,1.2403377742658195,1.1975744703645397,1.2393626801581026,15.0,149.12,16.72148278004421,1.0,False,True,0.004142296569190671,4611,fragmented,1024,1510,2.94921875,25.210312805474096,0.002882911779081134,0.14113566741277134,0.020271512818912554,0.8521915934396841,0.9619409659411344,5.187817258883249,378,classic,1.0,0.3,0.3,False,n/a,n/a,n/a,n/a,n/a,n/a,n/a,n/a,n/a,n/a,n/a,n/a,n/a,n/a,n/a,n/a,n/a,n/a,n/a
PM7_P1P3_network,S2,1620985466,200,False,PD_classic,9.0,5.0,1.0,0.0,True,0.01,0.5,100,15,30,2.0,100000,0.0095,0.007000000000000001,0.9469999999999998,0.009999999999999998,0.0055,0.013000000000000001,0.008,0.9795383177808692,0.03392385978137957,1.2591701663200072,1.292441630391769,1.2587047810180303,15.0,146.1,16.86845885275477,1.0,False,True,0.0032447649790584513,4781,fragmented,1024,1510,2.94921875,25.94117302052786,0.002882911779081134,0.1711051157051785,0.020626699311744757,0.8547559909966134,0.9720812556608193,5.2462311557788945,378,classic,1.0,0.3,0.3,False,n/a,n/a,n/a,n/a,n/a,n/a,n/a,n/a,n/a,n/a,n/a,n/a,n/a,n/a,n/a,n/a,n/a,n/a,n/a
PM7_P1P3_network,S2,798359651,200,False,PD_classic,9.0,5.0,1.0,0.0,True,0.01,0.5,100,15,30,2.0,100000,0.0025,0.002,0.944,0.005999999999999999,0.0365,0.0055,0.0035000000000000005,0.9844017759358772,0.02913800080938891,1.2551145435360156,1.4013968775677896,1.2560858074875159,15.0,144.61,17.293471788020053,1.0,False,True,0.006198600794405008,4770,fragmented,1024,1510,2.94921875,25.36996089931574,0.002882911779081134,0.14280181479220427,0.020576710433751727,0.863064319985668,0.9605947795580686,5.135678391959799,378,classic,1.0,0.3,0.3,False,n/a,n/a,n/a,n/a,n/a,n/a,n/a,n/a,n/a,n/a,n/a,n/a,n/a,n/a,n/a,n/a,n/a,n/a,n/a
PM7_P1P3_network,S2,1669164794,200,False,PD_classic,9.0,5.0,1.0,0.0,True,0.01,0.5,100,15,30,2.0,100000,0.029500000000000005,0.0045000000000000005,0.9045000000000002,0.0155,0.033999999999999996,0.0015,0.010499999999999999,0.9856662780666747,0.024758220502901353,1.2419707728641627,1.2334514736998965,1.239877354699365,15.0,146.4,17.117248841220736,1.0,False,True,-0.0010218760875028853,4770,fragmented,1024,1510,2.94921875,25.596852394916912,0.002882911779081134,0.11571036413234588,0.020411774597658947,0.8708766350984498,0.9739529249508203,5.103092783505154,378,classic,1.0,0.3,0.3,False,n/a,n/a,n/a,n/a,n/a,n/a,n/a,n/a,n/a,n/a,n/a,n/a,n/a,n/a,n/a,n/a,n/a,n/a,n/a
PM7_P1P3_network,S2,126337246,200,False,PD_classic,9.0,5.0,1.0,0.0,True,0.01,0.5,100,15,30,2.0,100000,0.0055,0.0125,0.9055000000000002,0.027500000000000004,0.027500000000000004,0.011499999999999998,0.01,0.9701448837988111,0.05353494074376788,1.269573898960114,0.0,1.2676565682205403,15.0,146.41,17.222348393442505,1.0,False,True,-0.007559070236279846,4993,fragmented,1024,1510,2.94921875,25.502316715542523,0.002882911779081134,0.12188790889841442,0.02046492245740339,0.875595503300158,0.9710982768501647,4.558375634517766,378,classic,1.0,0.3,0.3,False,n/a,n/a,n/a,n/a,n/a,n/a,n/a,n/a,n/a,n/a,n/a,n/a,n/a,n/a,n/a,n/a,n/a,n/a,n/a
PM7_P1P3_network,S2,2121129191,200,False,PD_classic,9.0,5.0,1.0,0.0,True,0.01,0.5,100,15,30,0.1,100000,0.0505,0.020500000000000004,0.7060000000000001,0.07999999999999999,0.06799999999999999,0.06299999999999999,0.012,0.968784142671957,0.03237704918032787,1.7675203126163692,1.640438654396098,1.7953593993295849,14.675,19.53,100.38066488894563,0.77,False,True,-0.0038259753039026805,4221,connected,1024,1908,3.7265625,22.59355816226784,0.0036427785923753664,0.11047973273294646,0.017992639075600707,0.9958847647562864,0.9963692608803173,1.4186046511627908,0,classic,1.0,0.3,0.3,False,n/a,n/a,n/a,n/a,n/a,n/a,n/a,n/a,n/a,n/a,n/a,n/a,n/a,n/a,n/a,n/a,n/a,n/a,n/a
PM7_P1P3_network,S2,317149051,200,False,PD_classic,9.0,5.0,1.0,0.0,True,0.01,0.5,100,15,30,2.0,100000,0.020999999999999998,0.013000000000000001,0.9109999999999999,0.023999999999999997,0.016500000000000004,0.0,0.014499999999999999,0.9613097612586905,0.05465164789319983,1.2285971746973234,1.224562536357758,1.2324775494013545,15.0,145.78,16.95739458729197,1.0,False,True,-0.002696290785169366,4660,fragmented,1024,1510,2.94921875,25.344418377321603,0.002882911779081134,0.11735323838257146,0.020421221653079975,0.8735340284518393,0.9674851199770067,5.154639175257732,378,classic,1.0,0.3,0.3,False,n/a,n/a,n/a,n/a,n/a,n/a,n/a,n/a,n/a,n/a,n/a,n/a,n/a,n/a,n/a,n/a,n/a,n/a,n/a
PM7_P1P3_network,S2,686818433,200,False,PD_classic,9.0,5.0,1.0,0.0,True,0.01,0.5,100,15,30,0.1,100000,0.04649999999999999,0.03750000000000001,0.668,0.0735,0.07500000000000002,0.06100000000000001,0.03849999999999999,0.8878679158679159,0.026255707762557076,1.7745009062882628,1.7596937139493545,1.8431294265317566,14.65,19.48,96.21661840664575,0.805,False,True,-0.0004830979323950255,4275,connected,1024,1908,3.7265625,22.68184750733138,0.0036427785923753664,0.09964303509625747,0.018069511990485933,0.9667245862061646,0.9669714997864116,1.3111111111111111,0,classic,1.0,0.3,0.3,False,n/a,n/a,n/a,n/a,n/a,n/a,n/a,n/a,n/a,n/a,n/a,n/a,n/a,n/a,n/a,n/a,n/a,n/a,n/a
PM7_P1P3_network,S2,433399445,200,False,PD_classic,9.0,5.0,1.0,0.0,True,0.01,0.5,100,15,30,2.0,100000,0.025,0.016500000000000004,0.9085000000000001,0.014500000000000002,0.016000000000000004,0.006999999999999999,0.012499999999999999,0.9577679286605434,0.039384336803983705,1.2489392802601875,1.2476716229746256,1.249598451570013,15.0,144.14,17.223339816047652,1.0,False,True,0.0028081792327147334,4715,fragmented,1024,1510,2.94921875,25.717996089931574,0.002882911779081134,0.13471860670552965,0.02095950205570321,0.8760316424071307,0.9805812753366097,4.438775510204081,378,classic,1.0,0.3,0.3,False,n/a,n/a,n/a,n/a,n/a,n/a,n/a,n/a,n/a,n/a,n/a,n/a,n/a,n/a,n/a,n/a,n/a,n/a,n/a
PM7_P1P3_network,S2,744720527,200,False,PD_classic,9.0,5.0,1.0,0.0,True,0.01,0.5,100,15,30,0.1,100000,0.1385,0.04649999999999999,0.5754999999999999,0.035,0.08749999999999998,0.0655,0.051500000000000004,0.8774857817360623,0.03801295896328294,1.70926360525669,1.7954820538977132,1.759933790622414,14.57,19.78,98.33516971365464,0.81,False,True,-0.013908607634426877,4207,connected,1024,1908,3.7265625,22.703020527859238,0.0036427785923753664,0.12093742773809137,0.01794714488128238,0.9883644748319493,0.9896202458384129,1.305263157894737,0,classic,1.0,0.3,0.3,False,n/a,n/a,n/a,n/a,n/a,n/a,n/a,n/a,n/a,n/a,n/a,n/a,n/a,n/a,n/a,n/a,n/a,n/a,n/a
PM7_P1P3_network,S2,381425458,200,False,PD_classic,9.0,5.0,1.0,0.0,True,0.01,0.5,100,15,30,0.1,100000,0.062,0.022,0.709,0.06100000000000001,0.05700000000000001,0.05249999999999999,0.036500000000000005,0.9484909148631765,0.022643496577145865,1.7399323802326883,1.9074886902332617,1.7618923090044663,14.69,20.7,91.39072539879974,0.84,False,True,0.007231708926839736,4298,connected,1024,1908,3.7265625,22.678748778103618,0.0036427785923753664,0.13822503935242955,0.018021477160341432,0.9633784306798013,0.9706206396168331,1.3396226415094339,0,classic,1.0,0.3,0.3,False,n/a,n/a,n/a,n/a,n/a,n/a,n/a,n/a,n/a,n/a,n/a,n/a,n/a,n/a,n/a,n/a,n/a,n/a,n/a
PM7_P1P3_network,S2,1620985466,200,False,PD_classic,9.0,5.0,1.0,0.0,True,0.01,0.5,100,15,30,0.1,100000,0.1265,0.0635,0.5320000000000001,0.05800000000000001,0.1115,0.060999999999999985,0.047499999999999994,0.7708012975132391,0.019263456090651557,1.67784198857612,2.11554055331122,1.8184563477806608,14.54,19.58,99.63507457599195,0.77,False,True,-0.017401749606995497,4237,connected,1024,1908,3.7265625,22.67199413489736,0.0036427785923753664,0.12368217976172854,0.0179617143068763,0.9649788449180201,0.9871725276087944,1.2258064516129032,0,classic,1.0,0.3,0.3,False,n/a,n/a,n/a,n/a,n/a,n/a,n/a,n/a,n/a,n/a,n/a,n/a,n/a,n/a,n/a,n/a,n/a,n/a,n/a
PM7_P1P3_network,S2,1669164794,200,False,PD_classic,9.0,5.0,1.0,0.0,True,0.01,0.5,100,15,30,0.1,100000,0.174,0.05399999999999999,0.595,0.03899999999999999,0.037,0.04599999999999999,0.05500000000000001,0.8908423996391583,0.06416275430359937,1.7561446097427262,1.8095725061158716,1.7623421184066514,14.725,20.05,93.23254967673081,0.855,False,True,-0.002098232392929938,4339,connected,1024,1908,3.7265625,22.803567937438906,0.0036427785923753664,0.10968823393764451,0.01816697713236461,0.9785028657813611,0.9789280909482114,1.2173913043478262,0,classic,1.0,0.3,0.3,False,n/a,n/a,n/a,n/a,n/a,n/a,n/a,n/a,n/a,n/a,n/a,n/a,n/a,n/a,n/a,n/a,n/a,n/a,n/a
PM7_P1P3_network,S2,798359651,200,False,PD_classic,9.0,5.0,1.0,0.0,True,0.01,0.5,100,15,30,0.1,100000,0.08099999999999999,0.04699999999999999,0.5515000000000001,0.09699999999999999,0.11599999999999999,0.04549999999999999,0.061999999999999986,0.6996326774541196,0.020632133450395083,1.77396914353655,1.695681441450487,1.7979976387698966,14.76,19.76,97.60092170108837,0.835,False,False,-0.04567160668642784,4384,connected,1024,1908,3.7265625,22.631104594330402,0.0036427785923753664,0.11857835447202564,0.018059028131474114,0.9892206224745964,0.9893534371648123,1.3,0,classic,1.0,0.3,0.3,False,n/a,n/a,n/a,n/a,n/a,n/a,n/a,n/a,n/a,n/a,n/a,n/a,n/a,n/a,n/a,n/a,n/a,n/a,n/a
PM7_P1P3_network,S2,126337246,200,False,PD_classic,9.0,5.0,1.0,0.0,True,0.01,0.5,100,15,30,0.1,100000,0.11100000000000002,0.030500000000000006,0.6890000000000002,0.056499999999999995,0.05349999999999999,0.0315,0.027999999999999997,0.8832697620598997,0.023299161230195712,1.6499947133714543,1.5688385085500893,1.6668623366608015,14.53,19.82,97.3364377637563,0.79,False,True,-0.017809367237474078,4146,connected,1024,1908,3.7265625,22.548924731182797,0.0036427785923753664,0.16618649848249925,0.01789874390068063,0.9426022415598971,0.9446104874219635,1.4065934065934067,0,classic,1.0,0.3,0.3,False,n/a,n/a,n/a,n/a,n/a,n/a,n/a,n/a,n/a,n/a,n/a,n/a,n/a,n/a,n/a,n/a,n/a,n/a,n/a
PM7_P1P3_network,S2,317149051,200,False,PD_classic,9.0,5.0,1.0,0.0,True,0.01,0.5,100,15,30,0.1,100000,0.0885,0.044,0.6014999999999999,0.087,0.05900000000000001,0.07899999999999999,0.041,0.8745029045439662,0.03310562270099842,1.8210926171228634,1.7208188649641007,1.8509476142391712,14.705,19.28,98.5890766795547,0.8,False,False,-0.0229880119520555,4176,connected,1024,1908,3.7265625,22.740224828934505,0.0036427785923753664,0.1081279941882244,0.01813791674198908,0.9706140974415671,0.9709483220404976,1.2727272727272727,0,classic,1.0,0.3,0.3,False,n/a,n/a,n/a,n/a,n/a,n/a,n/a,n/a,n/a,n/a,n/a,n/a,n/a,n/a,n/a,n/a,n/a,n/a,n/a
PM7_P1P3_network,S2,433399445,200,False,PD_classic,9.0,5.0,1.0,0.0,True,0.01,0.5,100,15,30,0.1,100000,0.08549999999999999,0.04249999999999999,0.5985,0.055499999999999994,0.10800000000000001,0.0655,0.0445,0.8680547791165635,0.020131086142322098,1.7494332244305795,1.9939896489159943,1.8045680407229046,14.475,20.03,96.7009990467902,0.78,False,True,0.01078283513133796,4330,connected,1024,1908,3.7265625,22.742160312805474,0.0036427785923753664,0.12431349120426402,0.018135708630557842,0.9895989978537627,0.991290055924406,1.292929292929293,0,classic,1.0,0.3,0.3,False,n/a,n/a,n/a,n/a,n/a,n/a,n/a,n/a,n/a,n/a,n/a,n/a,n/a,n/a,n/a,n/a,n/a,n/a,n/a
PM7_P1P3_network,S2,2121129191,200,False,PD_classic,9.0,5.0,1.0,0.0,True,0.01,0.5,100,15,30,2.0,100000,0.0215,0.007000000000000001,0.9259999999999999,0.010499999999999999,0.011,0.014500000000000002,0.0095,0.9745288491856107,0.052206929283341245,1.2478543930374832,1.23016524880345,1.2485568251658077,15.0,160.53,14.148718139124874,1.0,False,True,-0.006612290449162529,4431,connected,1024,1908,3.7265625,22.59355816226784,0.0036427785923753664,0.11047973273294646,0.017992639075600707,0.819827413447711,0.965786452736543,4.994974874371859,0,classic,1.0,0.3,0.3,False,n/a,n/a,n/a,n/a,n/a,n/a,n/a,n/a,n/a,n/a,n/a,n/a,n/a,n/a,n/a,n/a,n/a,n/a,n/a
PM7_P1P3_network,S2,686818433,200,False,PD_classic,9.0,5.0,1.0,0.0,True,0.01,0.5,100,15,30,2.0,100000,0.026999999999999996,0.015500000000000003,0.8949999999999999,0.017000000000000005,0.0185,0.022,0.004999999999999999,0.9531558974959914,0.06247379454926625,1.2509153540989726,1.2229468805489565,1.2507859641645889,15.0,163.57,13.908083291122994,1.0,False,True,0.0018799515198053467,4506,connected,1024,1908,3.7265625,22.68184750733138,0.0036427785923753664,0.09964303509625747,0.018069511990485933,0.8030138423448056,0.9619647664796989,5.86,0,classic,1.0,0.3,0.3,False,n/a,n/a,n/a,n/a,n/a,n/a,n/a,n/a,n/a,n/a,n/a,n/a,n/a,n/a,n/a,n/a,n/a,n/a,n/a
PM7_P1P3_network,S2,744720527,200,False,PD_classic,9.0,5.0,1.0,0.0,True,0.01,0.5,100,15,30,2.0,100000,0.019499999999999997,0.002,0.915,0.023499999999999997,0.0075,0.0185,0.014000000000000002,0.9741617516074204,0.043400447427293064,1.2322529376648679,1.2161634608919616,1.230328871010997,15.0,162.78,14.005451706096569,1.0,False,True,0.00040951363805235495,4235,connected,1024,1908,3.7265625,22.703020527859238,0.0036427785923753664,0.12093742773809137,0.01794714488128238,0.8183217678692848,0.9665266049021195,5.226130653266332,0,classic,1.0,0.3,0.3,False,n/a,n/a,n/a,n/a,n/a,n/a,n/a,n/a,n/a,n/a,n/a,n/a,n/a,n/a,n/a,n/a,n/a,n/a,n/a
PM7_P1P3_network,S2,381425458,200,False,PD_classic,9.0,5.0,1.0,0.0,True,0.01,0.5,100,15,30,2.0,100000,0.0195,0.006499999999999999,0.9205,0.022,0.008000000000000002,0.018,0.0055,0.9632316364435736,0.04879032258064516,1.2325774922202717,1.2154903366442624,1.23548073305599,15.0,162.07,14.206864784078219,1.0,False,True,-0.004322969291876435,4303,connected,1024,1908,3.7265625,22.678748778103618,0.0036427785923753664,0.13822503935242955,0.018021477160341432,0.8363752249921782,0.9656704957416168,5.494949494949495,0,classic,1.0,0.3,0.3,False,n/a,n/a,n/a,n/a,n/a,n/a,n/a,n/a,n/a,n/a,n/a,n/a,n/a,n/a,n/a,n/a,n/a,n/a,n/a
PM7_P1P3_network,S2,1620985466,200,False,PD_classic,9.0,5.0,1.0,0.0,True,0.01,0.5,100,15,30,2.0,100000,0.024499999999999994,0.0125,0.9254999999999999,0.008,0.016500000000000004,0.013000000000000001,0.0,0.9688587133944087,0.0495458298926507,1.2710203253076635,1.2829489007870618,1.2715932553459786,15.0,162.72,14.162976278160151,1.0,False,True,-0.0004887619550500175,4752,connected,1024,1908,3.7265625,22.67199413489736,0.0036427785923753664,0.12368217976172854,0.0179617143068763,0.8248229388173507,0.9724021056318454,5.708542713567839,0,classic,1.0,0.3,0.3,False,n/a,n/a,n/a,n/a,n/a,n/a,n/a,n/a,n/a,n/a,n/a,n/a,n/a,n/a,n/a,n/a,n/a,n/a,n/a
PM7_P1P3_network,S2,1669164794,200,False,PD_classic,9.0,5.0,1.0,0.0,True,0.01,0.5,100,15,30,2.0,100000,0.011,0.013000000000000001,0.9135,0.026500000000000003,0.022499999999999996,0.01,0.0035000000000000005,0.9619116266435933,0.04047619047619048,1.236568511623296,1.370974331878645,1.2381769264986622,15.0,161.73,14.101764175352455,1.0,False,True,0.002109512438047555,4430,connected,1024,1908,3.7265625,22.803567937438906,0.0036427785923753664,0.10968823393764451,0.01816697713236461,0.8188007962906937,0.9747695380227676,4.98,0,classic,1.0,0.3,0.3,False,n/a,n/a,n/a,n/a,n/a,n/a,n/a,n/a,n/a,n/a,n/a,n/a,n/a,n/a,n/a,n/a,n/a,n/a,n/a
PM7_P1P3_network,S2,798359651,200,False,PD_classic,9.0,5.0,1.0,0.0,True,0.01,0.5,100,15,30,2.0,100000,0.020499999999999997,0.005999999999999999,0.9315,0.015500000000000003,0.006,0.009999999999999998,0.010499999999999999,0.9863249738119471,0.028011204481792718,1.2575793897899052,1.2650192223674126,1.2567890845981085,15.0,162.35,14.139070196893615,1.0,False,True,0.0006082344329424925,4485,connected,1024,1908,3.7265625,22.631104594330402,0.0036427785923753664,0.11857835447202564,0.018059028131474114,0.8278247769724013,0.9694233719773498,5.959595959595959,0,classic,1.0,0.3,0.3,False,n/a,n/a,n/a,n/a,n/a,n/a,n/a,n/a,n/a,n/a,n/a,n/a,n/a,n/a,n/a,n/a,n/a,n/a,n/a
PM7_P1P3_network,S2,126337246,200,False,PD_classic,9.0,5.0,1.0,0.0,True,0.01,0.5,100,15,30,2.0,100000,0.03250000000000001,0.0215,0.8734999999999999,0.022,0.009000000000000003,0.016000000000000004,0.025500000000000002,0.9561925630784653,0.07112436115843271,1.2648334878319472,1.2279201044810253,1.2658539585343707,15.0,163.23,13.986366892532518,1.0,False,True,-0.0028740114960393924,4462,connected,1024,1908,3.7265625,22.548924731182797,0.0036427785923753664,0.16618649848249925,0.01789874390068063,0.822678518923253,0.9736802444112889,5.756345177664975,0,classic,1.0,0.3,0.3,False,n/a,n/a,n/a,n/a,n/a,n/a,n/a,n/a,n/a,n/a,n/a,n/a,n/a,n/a,n/a,n/a,n/a,n/a,n/a
PM7_P1P3_network,S2,2121129191,200,False,PD_classic,9.0,5.0,1.0,0.0,True,0.01,0.5,100,50,30,0.1,100000,0.09549999999999999,0.07100000000000002,0.6075000000000002,0.0925,0.071,0.027500000000000004,0.03500000000000001,0.8335122037748504,0.03482880755608028,1.929969831234067,1.8253897163668604,1.957254612347063,18.47,18.47,98.25660127963805,0.0,False,True,0.0007286909147596307,4373,baseline,1024,1888,3.6875,23.17564027370479,0.003604594330400782,0.10896384010298515,0.01845320591177862,0.9790524597495801,0.9790524597495801,1.25,0,classic,1.0,0.3,0.3,False,n/a,n/a,n/a,n/a,n/a,n/a,n/a,n/a,n/a,n/a,n/a,n/a,n/a,n/a,n/a,n/a,n/a,n/a,n/a
PM7_P1P3_network,S2,686818433,200,False,PD_classic,9.0,5.0,1.0,0.0,True,0.01,0.5,100,50,30,0.1,100000,0.07649999999999998,0.026999999999999996,0.631,0.0625,0.08499999999999999,0.07000000000000002,0.047999999999999994,0.7958518660487534,0.025102459016393443,1.7866108571119277,2.045718665069757,1.8922672638667242,19.99,19.99,95.65420498282394,0.0,False,True,-0.01232844131376562,4296,baseline,1024,1888,3.6875,23.17564027370479,0.003604594330400782,0.10896384010298515,0.01845320591177862,0.9906533517388725,0.9906533517388725,1.1868131868131868,0,classic,1.0,0.3,0.3,False,n/a,n/a,n/a,n/a,n/a,n/a,n/a,n/a,n/a,n/a,n/a,n/a,n/a,n/a,n/a,n/a,n/a,n/a,n/a
PM7_P1P3_network,S2,317149051,200,False,PD_classic,9.0,5.0,1.0,0.0,True,0.01,0.5,100,15,30,2.0,100000,0.03400000000000001,0.012499999999999999,0.9095000000000001,0.010499999999999999,0.013000000000000001,0.014500000000000002,0.006,0.9702860115149431,0.047286184210526314,1.2508949202419448,1.2659118112303573,1.25017599701805,15.0,163.47,13.93199244102767,1.0,False,True,-0.005137940551758911,4279,connected,1024,1908,3.7265625,22.740224828934505,0.0036427785923753664,0.1081279941882244,0.01813791674198908,0.8335788717048404,0.970702370592426,5.545454545454546,0,classic,1.0,0.3,0.3,False,n/a,n/a,n/a,n/a,n/a,n/a,n/a,n/a,n/a,n/a,n/a,n/a,n/a,n/a,n/a,n/a,n/a,n/a,n/a
PM7_P1P3_network,S2,433399445,200,False,PD_classic,9.0,5.0,1.0,0.0,True,0.01,0.5,100,15,30,2.0,100000,0.013499999999999998,0.014500000000000002,0.909,0.023499999999999997,0.006999999999999999,0.026000000000000002,0.006499999999999999,0.9736235602203447,0.0532015065913371,1.2679208493147778,1.302680336088637,1.267533690059165,15.0,162.75,14.097428569496634,1.0,False,True,-0.004930675722701792,4700,connected,1024,1908,3.7265625,22.742160312805474,0.0036427785923753664,0.12431349120426402,0.018135708630557842,0.8309410998956513,0.9650131718927574,5.115577889447236,0,classic,1.0,0.3,0.3,False,n/a,n/a,n/a,n/a,n/a,n/a,n/a,n/a,n/a,n/a,n/a,n/a,n/a,n/a,n/a,n/a,n/a,n/a,n/a
PM7_P1P3_network,S2,744720527,200,False,PD_classic,9.0,5.0,1.0,0.0,True,0.01,0.5,100,50,30,0.1,100000,0.139,0.024,0.6180000000000001,0.04399999999999999,0.08149999999999999,0.05149999999999999,0.041999999999999996,0.7838266578507408,0.010801591813530414,1.8338961145370631,1.9997299264342572,1.843713045260238,19.12,19.12,94.50796818059933,0.0,False,True,-0.018725786903148346,4276,baseline,1024,1888,3.6875,23.17564027370479,0.003604594330400782,0.10896384010298515,0.01845320591177862,0.989835375187522,0.989835375187522,1.3695652173913044,0,classic,1.0,0.3,0.3,False,n/a,n/a,n/a,n/a,n/a,n/a,n/a,n/a,n/a,n/a,n/a,n/a,n/a,n/a,n/a,n/a,n/a,n/a,n/a
PM7_P1P3_network,S2,381425458,200,False,PD_classic,9.0,5.0,1.0,0.0,True,0.01,0.5,100,50,30,0.1,100000,0.053000000000000005,0.03300000000000001,0.6719999999999999,0.0625,0.052000000000000005,0.08149999999999999,0.04599999999999999,0.8184042810235669,0.00684931506849315,1.6584982056288184,1.699660634947949,1.705001074581655,19.77,19.77,103.85666333224273,0.0,False,True,-0.010468721874884936,4188,baseline,1024,1888,3.6875,23.17564027370479,0.003604594330400782,0.10896384010298515,0.01845320591177862,0.9906409178998397,0.9906409178998397,1.2658227848101267,0,classic,1.0,0.3,0.3,False,n/a,n/a,n/a,n/a,n/a,n/a,n/a,n/a,n/a,n/a,n/a,n/a,n/a,n/a,n/a,n/a,n/a,n/a,n/a
PM7_P1P3_network,S2,1620985466,200,False,PD_classic,9.0,5.0,1.0,0.0,True,0.01,0.5,100,50,30,0.1,100000,0.12250000000000001,0.029000000000000005,0.574,0.08199999999999999,0.11499999999999999,0.04599999999999999,0.0315,0.8677101744499396,0.01588310038119441,1.8089396765908543,1.6315804855212834,1.7863928933635282,20.29,20.29,91.95944832722539,0.0,False,True,3.5616142462738796e-05,4374,baseline,1024,1888,3.6875,23.17564027370479,0.003604594330400782,0.10896384010298515,0.01845320591177862,0.9874763657653591,0.9874763657653591,1.3255813953488371,0,classic,1.0,0.3,0.3,False,n/a,n/a,n/a,n/a,n/a,n/a,n/a,n/a,n/a,n/a,n/a,n/a,n/a,n/a,n/a,n/a,n/a,n/a,n/a
PM7_P1P3_network,S2,1669164794,200,False,PD_classic,9.0,5.0,1.0,0.0,True,0.01,0.5,100,50,30,0.1,100000,0.0635,0.0675,0.6160000000000001,0.055999999999999994,0.0445,0.08849999999999998,0.06399999999999999,0.8523003661896537,0.045234248788368334,1.8143557300903541,2.157165308853549,1.9168331132601037,21.35,21.35,96.54010085354275,0.0,False,False,-0.028418153672615423,4472,baseline,1024,1888,3.6875,23.17564027370479,0.003604594330400782,0.10896384010298515,0.01845320591177862,0.9879972753380382,0.9879972753380382,1.3647058823529412,0,classic,1.0,0.3,0.3,False,n/a,n/a,n/a,n/a,n/a,n/a,n/a,n/a,n/a,n/a,n/a,n/a,n/a,n/a,n/a,n/a,n/a,n/a,n/a
PM7_P1P3_network,S2,798359651,200,False,PD_classic,9.0,5.0,1.0,0.0,True,0.01,0.5,100,50,30,0.1,100000,0.05650000000000001,0.064,0.6655,0.07299999999999998,0.060999999999999985,0.03300000000000001,0.04699999999999999,0.8566957340493018,0.04489995119570522,1.783785570820565,2.08404663995003,1.788002650286326,19.92,19.92,97.69829420101516,0.0,False,True,-0.009324277297106625,4107,baseline,1024,1888,3.6875,23.17564027370479,0.003604594330400782,0.10896384010298515,0.01845320591177862,0.9897921114877469,0.9897921114877469,1.2093023255813953,0,classic,1.0,0.3,0.3,False,n/a,n/a,n/a,n/a,n/a,n/a,n/a,n/a,n/a,n/a,n/a,n/a,n/a,n/a,n/a,n/a,n/a,n/a,n/a
PM7_P1P3_network,S2,126337246,200,False,PD_classic,9.0,5.0,1.0,0.0,True,0.01,0.5,100,50,30,0.1,100000,0.06499999999999999,0.03899999999999999,0.654,0.058499999999999996,0.042499999999999996,0.09149999999999998,0.04949999999999999,0.8752529448918175,0.020689655172413793,1.7421656946124484,2.1878770624498256,1.8266111578819022,20.27,20.27,89.95879002502869,0.0,False,True,0.008293881175526532,4216,baseline,1024,1888,3.6875,23.17564027370479,0.003604594330400782,0.10896384010298515,0.01845320591177862,0.9802156691812783,0.9802156691812783,1.3563218390804597,0,classic,1.0,0.3,0.3,False,n/a,n/a,n/a,n/a,n/a,n/a,n/a,n/a,n/a,n/a,n/a,n/a,n/a,n/a,n/a,n/a,n/a,n/a,n/a
PM7_P1P3_network,S2,317149051,200,False,PD_classic,9.0,5.0,1.0,0.0,True,0.01,0.5,100,50,30,0.1,100000,0.07849999999999999,0.0235,0.607,0.094,0.05750000000000001,0.06749999999999999,0.07200000000000002,0.7847784723257909,0.013765541740674956,2.0014098816196166,1.8897158492033042,1.9914794734272443,19.92,19.92,94.25156943988245,0.0,False,True,0.00020764883059458996,4459,baseline,1024,1888,3.6875,23.17564027370479,0.003604594330400782,0.10896384010298515,0.01845320591177862,0.9911283275427949,0.9911283275427949,1.3404255319148937,0,classic,1.0,0.3,0.3,False,n/a,n/a,n/a,n/a,n/a,n/a,n/a,n/a,n/a,n/a,n/a,n/a,n/a,n/a,n/a,n/a,n/a,n/a,n/a
PM7_P1P3_network,S2,433399445,200,False,PD_classic,9.0,5.0,1.0,0.0,True,0.01,0.5,100,50,30,0.1,100000,0.09949999999999999,0.07749999999999999,0.607,0.06599999999999999,0.0445,0.06200000000000001,0.04349999999999999,0.7824513829538517,0.013227513227513227,1.83027143616905,1.8239305590575325,1.8966157072245593,19.36,19.36,93.23419818785953,0.0,False,True,-0.005653630614528683,4217,baseline,1024,1888,3.6875,23.17564027370479,0.003604594330400782,0.10896384010298515,0.01845320591177862,0.9853691930205,0.9853691930205,1.1645569620253164,0,classic,1.0,0.3,0.3,False,n/a,n/a,n/a,n/a,n/a,n/a,n/a,n/a,n/a,n/a,n/a,n/a,n/a,n/a,n/a,n/a,n/a,n/a,n/a
PM7_P1P3_network,S2,2121129191,200,False,PD_classic,9.0,5.0,1.0,0.0,True,0.01,0.5,100,50,30,2.0,100000,0.014000000000000002,0.009999999999999998,0.9185000000000001,0.011,0.025999999999999995,0.0055,0.015000000000000003,0.9716229064077604,0.048337028824833705,1.257731217506071,1.3054790948426163,1.2589158801102998,50.0,161.04,14.177629361678362,1.0,False,True,0.011849783399137257,4935,baseline,1024,1888,3.6875,23.17564027370479,0.003604594330400782,0.10896384010298515,0.01845320591177862,0.8772344078877216,0.9660246761336241,5.27,0,classic,1.0,0.3,0.3,False,n/a,n/a,n/a,n/a,n/a,n/a,n/a,n/a,n/a,n/a,n/a,n/a,n/a,n/a,n/a,n/a,n/a,n/a,n/a
PM7_P1P3_network,S2,686818433,200,False,PD_classic,9.0,5.0,1.0,0.0,True,0.01,0.5,100,50,30,2.0,100000,0.0225,0.015,0.9,0.007999999999999998,0.039,0.002,0.013500000000000002,0.9738447194482431,0.029540918163672655,1.2693590026209725,1.2900983514654458,1.2707730591667805,50.0,161.65,14.234604453458465,1.0,False,True,-0.000864723458894568,5000,baseline,1024,1888,3.6875,23.17564027370479,0.003604594330400782,0.10896384010298515,0.01845320591177862,0.8684302075983621,0.9658491725581986,5.678391959798995,0,classic,1.0,0.3,0.3,False,n/a,n/a,n/a,n/a,n/a,n/a,n/a,n/a,n/a,n/a,n/a,n/a,n/a,n/a,n/a,n/a,n/a,n/a,n/a
PM7_P1P3_network,S2,744720527,200,False,PD_classic,9.0,5.0,1.0,0.0,True,0.01,0.5,100,50,30,2.0,100000,0.026000000000000002,0.013000000000000001,0.9235000000000001,0.004999999999999999,0.016999999999999998,0.0095,0.006,0.9699241613704993,0.053294167016365926,1.2522168284006936,1.2724527609347842,1.252279372107013,50.0,161.37,14.353910766506498,1.0,False,True,0.001745190980760261,4894,baseline,1024,1888,3.6875,23.17564027370479,0.003604594330400782,0.10896384010298515,0.01845320591177862,0.874152973792506,0.966341825185003,5.809045226130653,0,classic,1.0,0.3,0.3,False,n/a,n/a,n/a,n/a,n/a,n/a,n/a,n/a,n/a,n/a,n/a,n/a,n/a,n/a,n/a,n/a,n/a,n/a,n/a
PM7_P1P3_network,S2,381425458,200,False,PD_classic,9.0,5.0,1.0,0.0,True,0.01,0.5,100,50,30,2.0,100000,0.028500000000000004,0.005999999999999999,0.8670000000000002,0.029000000000000005,0.031000000000000007,0.024999999999999998,0.013500000000000002,0.9648839934020981,0.04721030042918455,1.2541548289758244,1.2605883023921214,1.2549021388697559,50.0,163.02,14.17693332733142,1.0,False,True,-3.199212796448354e-05,4879,baseline,1024,1888,3.6875,23.17564027370479,0.003604594330400782,0.10896384010298515,0.01845320591177862,0.8805573604993636,0.9753808900552967,5.357142857142857,0,classic,1.0,0.3,0.3,False,n/a,n/a,n/a,n/a,n/a,n/a,n/a,n/a,n/a,n/a,n/a,n/a,n/a,n/a,n/a,n/a,n/a,n/a,n/a
PM7_P1P3_network,S2,1620985466,200,False,PD_classic,9.0,5.0,1.0,0.0,True,0.01,0.5,100,50,30,2.0,100000,0.037,0.012,0.8484999999999999,0.023499999999999997,0.03750000000000001,0.03,0.0115,0.9585755906482218,0.059484777517564404,1.2519055362124154,1.2487417630641489,1.2496032023482098,50.0,162.57,14.05308523957256,1.0,False,True,-0.004516098064387131,4871,baseline,1024,1888,3.6875,23.17564027370479,0.003604594330400782,0.10896384010298515,0.01845320591177862,0.8682287235196398,0.964392719574077,5.226130653266332,0,classic,1.0,0.3,0.3,False,n/a,n/a,n/a,n/a,n/a,n/a,n/a,n/a,n/a,n/a,n/a,n/a,n/a,n/a,n/a,n/a,n/a,n/a,n/a
PM7_P1P3_network,S2,1669164794,200,False,PD_classic,9.0,5.0,1.0,0.0,True,0.01,0.5,100,50,30,2.0,100000,0.028000000000000004,0.016499999999999997,0.8895,0.025999999999999995,0.023,0.010499999999999999,0.006500000000000001,0.9676223526959463,0.054537521815008726,1.2692864840131304,1.2571779035187631,1.2690333743800297,50.0,163.49,14.080539436537551,1.0,False,True,-0.002863259453029389,4970,baseline,1024,1888,3.6875,23.17564027370479,0.003604594330400782,0.10896384010298515,0.01845320591177862,0.8613081411256479,0.9668269293908984,5.62,0,classic,1.0,0.3,0.3,False,n/a,n/a,n/a,n/a,n/a,n/a,n/a,n/a,n/a,n/a,n/a,n/a,n/a,n/a,n/a,n/a,n/a,n/a,n/a
PM7_P1P3_network,S2,798359651,200,False,PD_classic,9.0,5.0,1.0,0.0,True,0.01,0.5,100,50,30,2.0,100000,0.007000000000000001,0.0115,0.9164999999999999,0.03200000000000001,0.019,0.0045000000000000005,0.0095,0.9756338566096974,0.03590192644483362,1.2688793458823058,1.2381345518410716,1.269564876639907,50.0,162.61,14.131189600954533,1.0,False,True,0.010819363277453475,4955,baseline,1024,1888,3.6875,23.17564027370479,0.003604594330400782,0.10896384010298515,0.01845320591177862,0.8758526480506124,0.9712287843109301,5.161616161616162,0,classic,1.0,0.3,0.3,False,n/a,n/a,n/a,n/a,n/a,n/a,n/a,n/a,n/a,n/a,n/a,n/a,n/a,n/a,n/a,n/a,n/a,n/a,n/a
PM7_P1P3_network,S2,126337246,200,False,PD_classic,9.0,5.0,1.0,0.0,True,0.01,0.5,100,50,30,2.0,100000,0.0245,0.0095,0.898,0.013999999999999999,0.028500000000000004,0.009,0.016500000000000004,0.9533143008909828,0.04568315171835708,1.2409811686656962,1.2911722556183347,1.2447744145569555,50.0,162.45,14.111844538884533,1.0,False,True,0.007675854703419913,4769,baseline,1024,1888,3.6875,23.17564027370479,0.003604594330400782,0.10896384010298515,0.01845320591177862,0.8757869489262882,0.9700161072820928,5.242424242424242,0,classic,1.0,0.3,0.3,False,n/a,n/a,n/a,n/a,n/a,n/a,n/a,n/a,n/a,n/a,n/a,n/a,n/a,n/a,n/a,n/a,n/a,n/a,n/a
PM7_P1P3_network,S2,2121129191,200,False,PD_classic,9.0,5.0,1.0,0.0,True,0.01,0.5,100,50,30,0.1,100000,0.07849999999999999,0.075,0.5485,0.06000000000000001,0.10500000000000001,0.06600000000000002,0.06699999999999999,0.8303980366713738,0.019326683291770574,1.7967951527505452,1.7370187643089037,1.8788121605993822,17.4,17.4,122.54392272279183,0.0,False,True,-0.00860381841527659,4421,fragmented,1024,1510,2.94921875,25.72581622678397,0.002882911779081134,0.12811032933427496,0.020712430825958927,0.9926910999605943,0.9926910999605943,1.2207792207792207,378,classic,1.0,0.3,0.3,False,n/a,n/a,n/a,n/a,n/a,n/a,n/a,n/a,n/a,n/a,n/a,n/a,n/a,n/a,n/a,n/a,n/a,n/a,n/a
PM7_P1P3_network,S2,686818433,200,False,PD_classic,9.0,5.0,1.0,0.0,True,0.01,0.5,100,50,30,0.1,100000,0.09099999999999998,0.025500000000000002,0.667,0.074,0.040999999999999995,0.0625,0.039,0.894630776092904,0.04131534569983136,1.847452769801138,1.9170523049646209,1.9227835615122664,16.73,16.73,119.8264026029549,0.0,False,True,-0.011420733682936196,4409,fragmented,1024,1510,2.94921875,25.385171065493648,0.002882911779081134,0.14629755769191768,0.020550349468941385,0.9863443911176821,0.9863443911176821,1.411764705882353,378,classic,1.0,0.3,0.3,False,n/a,n/a,n/a,n/a,n/a,n/a,n/a,n/a,n/a,n/a,n/a,n/a,n/a,n/a,n/a,n/a,n/a,n/a,n/a
PM7_P1P3_network,S2,317149051,200,False,PD_classic,9.0,5.0,1.0,0.0,True,0.01,0.5,100,50,30,2.0,100000,0.011999999999999999,0.008500000000000002,0.8859999999999999,0.019,0.05149999999999999,0.016000000000000004,0.007000000000000001,0.9674830249511392,0.053579082726103726,1.2550251282532028,1.2912483563556507,1.2538940779113523,50.0,164.12,13.842072059088128,1.0,False,True,0.001879255517021702,4741,baseline,1024,1888,3.6875,23.17564027370479,0.003604594330400782,0.10896384010298515,0.01845320591177862,0.8692374573501451,0.9730045140152783,5.343434343434343,0,classic,1.0,0.3,0.3,False,n/a,n/a,n/a,n/a,n/a,n/a,n/a,n/a,n/a,n/a,n/a,n/a,n/a,n/a,n/a,n/a,n/a,n/a,n/a
PM7_P1P3_network,S2,433399445,200,False,PD_classic,9.0,5.0,1.0,0.0,True,0.01,0.5,100,50,30,2.0,100000,0.015000000000000003,0.0115,0.9245000000000001,0.016000000000000004,0.023,0.0075,0.0025,0.9806785600678596,0.03504161191414805,1.2638098227235246,1.20356401114402,1.2633041180757492,50.0,163.27,14.113560109830555,1.0,False,True,0.0026589706358829098,4876,baseline,1024,1888,3.6875,23.17564027370479,0.003604594330400782,0.10896384010298515,0.01845320591177862,0.8858783248699683,0.9670492288817397,5.507537688442211,0,classic,1.0,0.3,0.3,False,n/a,n/a,n/a,n/a,n/a,n/a,n/a,n/a,n/a,n/a,n/a,n/a,n/a,n/a,n/a,n/a,n/a,n/a,n/a
PM7_P1P3_network,S2,744720527,200,False,PD_classic,9.0,5.0,1.0,0.0,True,0.01,0.5,100,50,30,0.1,100000,0.06899999999999999,0.05449999999999999,0.5885,0.1285,0.0625,0.041999999999999996,0.05499999999999999,0.7282509919179707,0.01788617886178862,1.7857224197197852,2.2315870074743116,1.8876504977434967,16.51,16.51,130.843181127238,0.0,False,True,-0.009878631514520198,4344,fragmented,1024,1510,2.94921875,25.893880742913,0.002882911779081134,0.1399992169640479,0.021047901237534708,0.9878016805674573,0.9878016805674573,1.2619047619047619,378,classic,1.0,0.3,0.3,False,n/a,n/a,n/a,n/a,n/a,n/a,n/a,n/a,n/a,n/a,n/a,n/a,n/a,n/a,n/a,n/a,n/a,n/a,n/a
PM7_P1P3_network,S2,381425458,200,False,PD_classic,9.0,5.0,1.0,0.0,True,0.01,0.5,100,50,30,0.1,100000,0.12449999999999999,0.049999999999999996,0.667,0.07599999999999998,0.039,0.031,0.0125,0.8996458925288653,0.02009518773135907,1.848850770623753,1.9089082875067036,1.9356771520439946,18.33,18.33,114.70130981547378,0.0,False,True,0.014323929295717915,4438,fragmented,1024,1510,2.94921875,25.210312805474096,0.002882911779081134,0.14113566741277134,0.020271512818912554,0.9875792387074205,0.9875792387074205,1.225,378,classic,1.0,0.3,0.3,False,n/a,n/a,n/a,n/a,n/a,n/a,n/a,n/a,n/a,n/a,n/a,n/a,n/a,n/a,n/a,n/a,n/a,n/a,n/a
PM7_P1P3_network,S2,1620985466,200,False,PD_classic,9.0,5.0,1.0,0.0,True,0.01,0.5,100,50,30,0.1,100000,0.1515,0.04549999999999999,0.5475000000000001,0.09149999999999998,0.047999999999999994,0.066,0.049999999999999996,0.7810438146759038,0.016095534787123573,1.9695832176888612,2.1566012133693073,2.0546002723026495,16.59,16.59,123.47052546440415,0.0,False,True,-0.010978507914028726,4377,fragmented,1024,1510,2.94921875,25.94117302052786,0.002882911779081134,0.1711051157051785,0.020626699311744757,0.9954728346411357,0.9954728346411357,1.2530120481927711,378,classic,1.0,0.3,0.3,False,n/a,n/a,n/a,n/a,n/a,n/a,n/a,n/a,n/a,n/a,n/a,n/a,n/a,n/a,n/a,n/a,n/a,n/a,n/a
PM7_P1P3_network,S2,1669164794,200,False,PD_classic,9.0,5.0,1.0,0.0,True,0.01,0.5,100,50,30,0.1,100000,0.09549999999999999,0.05750000000000001,0.558,0.09449999999999999,0.04999999999999999,0.07549999999999998,0.06899999999999999,0.7445630725432943,0.035840484603735484,1.8198410462634036,1.8834923848743088,1.8867015856455713,17.17,17.17,126.71699980535784,0.0,False,False,-0.03354239016955702,4447,fragmented,1024,1510,2.94921875,25.596852394916912,0.002882911779081134,0.11571036413234588,0.020411774597658947,0.9885367835082377,0.9885367835082377,1.3734939759036144,378,classic,1.0,0.3,0.3,False,n/a,n/a,n/a,n/a,n/a,n/a,n/a,n/a,n/a,n/a,n/a,n/a,n/a,n/a,n/a,n/a,n/a,n/a,n/a
PM7_P1P3_network,S2,798359651,200,False,PD_classic,9.0,5.0,1.0,0.0,True,0.01,0.5,100,50,30,0.1,100000,0.12500000000000003,0.04699999999999999,0.47850000000000004,0.08149999999999999,0.1065,0.09399999999999999,0.0675,0.690005249058365,0.05263157894736842,1.9879313721473375,2.0316863573922044,2.051367497328684,16.79,16.79,128.55086901200556,0.0,False,True,-0.008603746414987857,4457,fragmented,1024,1510,2.94921875,25.36996089931574,0.002882911779081134,0.14280181479220427,0.020576710433751727,0.990854097757661,0.990854097757661,1.4157303370786516,378,classic,1.0,0.3,0.3,False,n/a,n/a,n/a,n/a,n/a,n/a,n/a,n/a,n/a,n/a,n/a,n/a,n/a,n/a,n/a,n/a,n/a,n/a,n/a
PM7_P1P3_network,S2,126337246,200,False,PD_classic,9.0,5.0,1.0,0.0,True,0.01,0.5,100,50,30,0.1,100000,0.121,0.06300000000000001,0.5094999999999998,0.09349999999999999,0.0655,0.08349999999999999,0.06400000000000002,0.6390985717662228,0.040859309182813816,1.793865512107114,1.8150773541558396,1.8496836300380526,16.67,16.67,133.22595026809697,0.0,False,True,0.0008271153084626986,4551,fragmented,1024,1510,2.94921875,25.502316715542523,0.002882911779081134,0.12188790889841442,0.02046492245740339,0.9945515772031053,0.9945515772031053,1.2926829268292683,378,classic,1.0,0.3,0.3,False,n/a,n/a,n/a,n/a,n/a,n/a,n/a,n/a,n/a,n/a,n/a,n/a,n/a,n/a,n/a,n/a,n/a,n/a,n/a
PM7_P1P3_network,S2,317149051,200,False,PD_classic,9.0,5.0,1.0,0.0,True,0.01,0.5,100,50,30,0.1,100000,0.08949999999999998,0.049999999999999996,0.5415000000000001,0.039999999999999994,0.121,0.06799999999999999,0.08999999999999998,0.8579954215164424,0.0030425963488843813,1.8915627159053119,1.875822836357241,1.9366216348788847,17.22,17.22,127.09251011240195,0.0,False,True,-0.013731414925662266,4453,fragmented,1024,1510,2.94921875,25.344418377321603,0.002882911779081134,0.11735323838257146,0.020421221653079975,0.9970389875436935,0.9970389875436935,1.2,378,classic,1.0,0.3,0.3,False,n/a,n/a,n/a,n/a,n/a,n/a,n/a,n/a,n/a,n/a,n/a,n/a,n/a,n/a,n/a,n/a,n/a,n/a,n/a
PM7_P1P3_network,S2,433399445,200,False,PD_classic,9.0,5.0,1.0,0.0,True,0.01,0.5,100,50,30,0.1,100000,0.133,0.03250000000000001,0.5635000000000001,0.088,0.07849999999999999,0.047499999999999994,0.05700000000000001,0.7752088723452365,0.012114537444933921,1.996809063600957,2.3817582861945352,2.0973104891042413,16.78,16.78,124.74697391206246,0.0,False,True,-0.007480061920245117,4533,fragmented,1024,1510,2.94921875,25.717996089931574,0.002882911779081134,0.13471860670552965,0.02095950205570321,0.9945181162104795,0.9945181162104795,1.2444444444444445,378,classic,1.0,0.3,0.3,False,n/a,n/a,n/a,n/a,n/a,n/a,n/a,n/a,n/a,n/a,n/a,n/a,n/a,n/a,n/a,n/a,n/a,n/a,n/a
PM7_P1P3_network,S2,2121129191,200,False,PD_classic,9.0,5.0,1.0,0.0,True,0.01,0.5,100,50,30,2.0,100000,0.0315,0.0075,0.8710000000000001,0.018500000000000006,0.05449999999999999,0.0125,0.0045,0.9736952221451365,0.032586558044806514,1.238734848146228,1.2407317612235635,1.241721921667539,50.0,144.1,17.623020096471645,1.0,False,True,0.007682334729339283,5498,fragmented,1024,1510,2.94921875,25.72581622678397,0.002882911779081134,0.12811032933427496,0.020712430825958927,0.9207752859146047,0.9738918499775008,4.858585858585859,378,classic,1.0,0.3,0.3,False,n/a,n/a,n/a,n/a,n/a,n/a,n/a,n/a,n/a,n/a,n/a,n/a,n/a,n/a,n/a,n/a,n/a,n/a,n/a
PM7_P1P3_network,S2,686818433,200,False,PD_classic,9.0,5.0,1.0,0.0,True,0.01,0.5,100,50,30,2.0,100000,0.03200000000000001,0.0095,0.8859999999999999,0.016,0.04499999999999999,0.0045,0.007000000000000001,0.9718677815686776,0.03445480340494528,1.2518225812928514,1.2509315935109329,1.2543062371057154,50.0,145.08,16.665829231252427,1.0,False,True,-0.009064692258773065,5449,fragmented,1024,1510,2.94921875,25.385171065493648,0.002882911779081134,0.14629755769191768,0.020550349468941385,0.899181663381504,0.9656394961225001,4.96,378,classic,1.0,0.3,0.3,False,n/a,n/a,n/a,n/a,n/a,n/a,n/a,n/a,n/a,n/a,n/a,n/a,n/a,n/a,n/a,n/a,n/a,n/a,n/a
PM7_P1P3_network,S2,744720527,200,False,PD_classic,9.0,5.0,1.0,0.0,True,0.01,0.5,100,50,30,2.0,100000,0.03450000000000001,0.016,0.8355,0.043,0.0305,0.031000000000000007,0.0095,0.9627680410656453,0.05328218243819267,1.2482080820098227,1.2496644002701807,1.2488838069361787,50.0,140.98,17.78118843277707,1.0,False,True,-0.0023939855759386418,5294,fragmented,1024,1510,2.94921875,25.893880742913,0.002882911779081134,0.1399992169640479,0.021047901237534708,0.9117205721638493,0.9731869845081129,5.224489795918367,378,classic,1.0,0.3,0.3,False,n/a,n/a,n/a,n/a,n/a,n/a,n/a,n/a,n/a,n/a,n/a,n/a,n/a,n/a,n/a,n/a,n/a,n/a,n/a
PM7_P1P3_network,S2,381425458,200,False,PD_classic,9.0,5.0,1.0,0.0,True,0.01,0.5,100,50,30,2.0,100000,0.027499999999999997,0.030500000000000006,0.866,0.010499999999999999,0.03400000000000001,0.024999999999999994,0.006500000000000001,0.9568744578077224,0.05615384615384615,1.2616688097894897,1.2875589974771058,1.2669692583435068,50.0,147.29,16.710895003945875,1.0,False,True,-0.0013465253860967836,5235,fragmented,1024,1510,2.94921875,25.210312805474096,0.002882911779081134,0.14113566741277134,0.020271512818912554,0.9103214893457894,0.9659954304018228,5.2642487046632125,378,classic,1.0,0.3,0.3,False,n/a,n/a,n/a,n/a,n/a,n/a,n/a,n/a,n/a,n/a,n/a,n/a,n/a,n/a,n/a,n/a,n/a,n/a,n/a
PM7_P1P3_network,S2,1620985466,200,False,PD_classic,9.0,5.0,1.0,0.0,True,0.01,0.5,100,50,30,2.0,100000,0.03849999999999999,0.0015,0.9299999999999999,0.001,0.009,0.013500000000000002,0.006500000000000001,0.9912043804668362,0.017436791630340016,1.25737204324108,1.221527933662457,1.2549022973976505,50.0,143.81,16.897309540116275,1.0,False,True,-0.009988359953442744,5208,fragmented,1024,1510,2.94921875,25.94117302052786,0.002882911779081134,0.1711051157051785,0.020626699311744757,0.9022111977374918,0.9619365794926518,4.683937823834197,378,classic,1.0,0.3,0.3,False,n/a,n/a,n/a,n/a,n/a,n/a,n/a,n/a,n/a,n/a,n/a,n/a,n/a,n/a,n/a,n/a,n/a,n/a,n/a
PM7_P1P3_network,S2,1669164794,200,False,PD_classic,9.0,5.0,1.0,0.0,True,0.01,0.5,100,50,30,2.0,100000,0.03500000000000001,0.005999999999999999,0.885,0.0375,0.015499999999999996,0.0075000000000000015,0.013500000000000002,0.9788192268954562,0.04145077720207254,1.2475945890877547,1.2273855172238028,1.2481375039031628,50.0,144.2,17.278395112052646,1.0,False,True,-0.00577641510565676,5223,fragmented,1024,1510,2.94921875,25.596852394916912,0.002882911779081134,0.11571036413234588,0.020411774597658947,0.9268699621312302,0.9743790587428971,4.8040201005025125,378,classic,1.0,0.3,0.3,False,n/a,n/a,n/a,n/a,n/a,n/a,n/a,n/a,n/a,n/a,n/a,n/a,n/a,n/a,n/a,n/a,n/a,n/a,n/a
PM7_P1P3_network,S2,798359651,200,False,PD_classic,9.0,5.0,1.0,0.0,True,0.01,0.5,100,50,30,2.0,100000,0.06250000000000001,0.002,0.8699999999999999,0.030500000000000006,0.005999999999999999,0.007999999999999998,0.021,0.972554091705147,0.03971571906354515,1.2666558547375573,1.2970811233427761,1.2688381344707145,50.0,143.2,17.512351831247486,1.0,False,True,-0.003368461473848825,5575,fragmented,1024,1510,2.94921875,25.36996089931574,0.002882911779081134,0.14280181479220427,0.020576710433751727,0.9250133569603938,0.9684300023426732,4.633165829145729,378,classic,1.0,0.3,0.3,False,n/a,n/a,n/a,n/a,n/a,n/a,n/a,n/a,n/a,n/a,n/a,n/a,n/a,n/a,n/a,n/a,n/a,n/a,n/a
PM7_P1P3_network,S2,126337246,200,False,PD_classic,9.0,5.0,1.0,0.0,True,0.01,0.5,100,50,30,2.0,100000,0.040999999999999995,0.011,0.8835,0.0365,0.007000000000000001,0.016499999999999997,0.0045000000000000005,0.9792078935400355,0.0288135593220339,1.252938286395689,1.2396798147921455,1.2563460060365415,50.0,146.22,17.03091076766404,1.0,False,True,-0.00465237060948317,5509,fragmented,1024,1510,2.94921875,25.502316715542523,0.002882911779081134,0.12188790889841442,0.02046492245740339,0.9118801753804139,0.9699791441832357,4.747474747474747,378,classic,1.0,0.3,0.3,False,n/a,n/a,n/a,n/a,n/a,n/a,n/a,n/a,n/a,n/a,n/a,n/a,n/a,n/a,n/a,n/a,n/a,n/a,n/a
PM7_P1P3_network,S2,2121129191,200,False,PD_classic,9.0,5.0,1.0,0.0,True,0.01,0.5,100,50,30,0.1,100000,0.0675,0.022999999999999996,0.644,0.08349999999999999,0.11200000000000002,0.0115,0.058499999999999996,0.9271115074170284,0.032555282555282554,1.8065310788733946,1.8426491078949776,1.8413271166417802,19.63,19.63,99.64673957165621,0.0,False,False,-0.027504518018072802,4328,connected,1024,1908,3.7265625,22.59355816226784,0.0036427785923753664,0.11047973273294646,0.017992639075600707,0.9808066670840401,0.9808066670840401,1.1555555555555554,0,classic,1.0,0.3,0.3,False,n/a,n/a,n/a,n/a,n/a,n/a,n/a,n/a,n/a,n/a,n/a,n/a,n/a,n/a,n/a,n/a,n/a,n/a,n/a
PM7_P1P3_network,S2,317149051,200,False,PD_classic,9.0,5.0,1.0,0.0,True,0.01,0.5,100,50,30,2.0,100000,0.028000000000000004,0.0115,0.8949999999999999,0.012,0.0245,0.0195,0.009499999999999998,0.9653542547188472,0.057738572574178026,1.2422584645271426,1.220315844054407,1.241938136847848,50.0,145.49,17.16213059282775,1.0,False,True,-0.00038582554330217323,5398,fragmented,1024,1510,2.94921875,25.344418377321603,0.002882911779081134,0.11735323838257146,0.020421221653079975,0.9117102230103329,0.9702810858639528,4.93,378,classic,1.0,0.3,0.3,False,n/a,n/a,n/a,n/a,n/a,n/a,n/a,n/a,n/a,n/a,n/a,n/a,n/a,n/a,n/a,n/a,n/a,n/a,n/a
PM7_P1P3_network,S2,433399445,200,False,PD_classic,9.0,5.0,1.0,0.0,True,0.01,0.5,100,50,30,2.0,100000,0.01,0.001,0.9205,0.019,0.046,0.001,0.0025,0.9856742349671002,0.024302788844621514,1.2500032525100142,1.25526058216916,1.2510227589054537,50.0,144.78,17.017670429550368,1.0,False,True,0.0007843471373896482,5213,fragmented,1024,1510,2.94921875,25.717996089931574,0.002882911779081134,0.13471860670552965,0.02095950205570321,0.9102607673570364,0.9574217909776676,4.99492385786802,378,classic,1.0,0.3,0.3,False,n/a,n/a,n/a,n/a,n/a,n/a,n/a,n/a,n/a,n/a,n/a,n/a,n/a,n/a,n/a,n/a,n/a,n/a,n/a
PM7_P1P3_network,S2,686818433,200,False,PD_classic,9.0,5.0,1.0,0.0,True,0.01,0.5,100,50,30,0.1,100000,0.030500000000000006,0.03200000000000001,0.6755,0.08049999999999999,0.074,0.0615,0.04599999999999999,0.910204364950056,0.016097560975609757,1.8101736010252623,2.689363494834056,1.849594790641744,19.33,19.33,97.00018325701325,0.0,False,True,0.0022993771975047617,4197,connected,1024,1908,3.7265625,22.68184750733138,0.0036427785923753664,0.09964303509625747,0.018069511990485933,0.9923799196943411,0.9923799196943411,1.471264367816092,0,classic,1.0,0.3,0.3,False,n/a,n/a,n/a,n/a,n/a,n/a,n/a,n/a,n/a,n/a,n/a,n/a,n/a,n/a,n/a,n/a,n/a,n/a,n/a
PM7_P1P3_network,S2,744720527,200,False,PD_classic,9.0,5.0,1.0,0.0,True,0.01,0.5,100,50,30,0.1,100000,0.12150000000000001,0.03150000000000001,0.6090000000000001,0.030500000000000006,0.08549999999999999,0.08199999999999999,0.04,0.8428492211125583,0.006586826347305389,1.7172667727829887,1.9448632440639975,1.7572003692999956,19.95,19.95,97.38000989871541,0.0,False,True,-0.01407360829443391,4198,connected,1024,1908,3.7265625,22.703020527859238,0.0036427785923753664,0.12093742773809137,0.01794714488128238,0.9716393263665549,0.9716393263665549,1.388235294117647,0,classic,1.0,0.3,0.3,False,n/a,n/a,n/a,n/a,n/a,n/a,n/a,n/a,n/a,n/a,n/a,n/a,n/a,n/a,n/a,n/a,n/a,n/a,n/a
PM7_P1P3_network,S2,1620985466,200,False,PD_classic,9.0,5.0,1.0,0.0,True,0.01,0.5,100,50,30,0.1,100000,0.0685,0.09599999999999999,0.544,0.07599999999999998,0.08099999999999999,0.06450000000000002,0.07000000000000002,0.7660996252120993,0.03137254901960784,1.7012067911939552,1.657427170042279,1.8033734930114402,19.55,19.55,98.02998593185671,0.0,False,True,-0.016356089424356967,4156,connected,1024,1908,3.7265625,22.67199413489736,0.0036427785923753664,0.12368217976172854,0.0179617143068763,0.9894585737373184,0.9894585737373184,1.3131313131313131,0,classic,1.0,0.3,0.3,False,n/a,n/a,n/a,n/a,n/a,n/a,n/a,n/a,n/a,n/a,n/a,n/a,n/a,n/a,n/a,n/a,n/a,n/a,n/a
PM7_P1P3_network,S2,381425458,200,False,PD_classic,9.0,5.0,1.0,0.0,True,0.01,0.5,100,50,30,0.1,100000,0.03899999999999999,0.03650000000000001,0.614,0.0505,0.09899999999999999,0.09999999999999999,0.060999999999999985,0.7688338247458985,0.04169184290030212,1.6939407448877397,2.091174750923001,1.744526482901446,20.13,20.13,94.01223573599691,0.0,False,True,-0.008508082032332524,4272,connected,1024,1908,3.7265625,22.678748778103618,0.0036427785923753664,0.13822503935242955,0.018021477160341432,0.983518948549162,0.983518948549162,1.1898734177215189,0,classic,1.0,0.3,0.3,False,n/a,n/a,n/a,n/a,n/a,n/a,n/a,n/a,n/a,n/a,n/a,n/a,n/a,n/a,n/a,n/a,n/a,n/a,n/a
PM7_P1P3_network,S2,1669164794,200,False,PD_classic,9.0,5.0,1.0,0.0,True,0.01,0.5,100,50,30,0.1,100000,0.174,0.05399999999999999,0.5850000000000001,0.03899999999999999,0.04699999999999999,0.04599999999999999,0.05500000000000001,0.8908423996391583,0.06416275430359937,1.761235229659142,1.8246630161312523,1.7655250758470136,20.05,20.05,93.23254967673081,0.0,False,True,-0.004834003336014443,4347,connected,1024,1908,3.7265625,22.803567937438906,0.0036427785923753664,0.10968823393764451,0.01816697713236461,0.9789280909482114,0.9789280909482114,1.2173913043478262,0,classic,1.0,0.3,0.3,False,n/a,n/a,n/a,n/a,n/a,n/a,n/a,n/a,n/a,n/a,n/a,n/a,n/a,n/a,n/a,n/a,n/a,n/a,n/a
PM7_P1P3_network,S2,798359651,200,False,PD_classic,9.0,5.0,1.0,0.0,True,0.01,0.5,100,50,30,0.1,100000,0.1135,0.049999999999999996,0.5815,0.07050000000000001,0.08099999999999999,0.045,0.058499999999999996,0.8612876665245585,0.020274299344066785,1.7248476020188168,1.7836977873357527,1.7603735627587032,19.75,19.75,97.49574070218355,0.0,False,False,-0.038764955059825,4329,connected,1024,1908,3.7265625,22.631104594330402,0.0036427785923753664,0.11857835447202564,0.018059028131474114,0.9810203430307649,0.9810203430307649,1.358974358974359,0,classic,1.0,0.3,0.3,False,n/a,n/a,n/a,n/a,n/a,n/a,n/a,n/a,n/a,n/a,n/a,n/a,n/a,n/a,n/a,n/a,n/a,n/a,n/a
PM7_P1P3_network,S2,126337246,200,False,PD_classic,9.0,5.0,1.0,0.0,True,0.01,0.5,100,50,30,0.1,100000,0.1105,0.041,0.6515000000000001,0.05349999999999999,0.07649999999999998,0.022,0.045,0.8215823757726959,0.011258955987717503,1.6389063244584692,1.9069768131701157,1.708433534625126,19.91,19.91,96.1562984897497,0.0,False,False,-0.021939087756348827,4190,connected,1024,1908,3.7265625,22.548924731182797,0.0036427785923753664,0.16618649848249925,0.01789874390068063,0.9726973277152058,0.9726973277152058,1.2156862745098038,0,classic,1.0,0.3,0.3,False,n/a,n/a,n/a,n/a,n/a,n/a,n/a,n/a,n/a,n/a,n/a,n/a,n/a,n/a,n/a,n/a,n/a,n/a,n/a
PM7_P1P3_network,S2,317149051,200,False,PD_classic,9.0,5.0,1.0,0.0,True,0.01,0.5,100,50,30,0.1,100000,0.1285,0.047499999999999994,0.654,0.043,0.049999999999999996,0.027500000000000004,0.049499999999999995,0.8663490300636637,0.028649921507064365,1.7930790364027136,1.9031721324182602,1.8217702253143506,19.5,19.5,97.72108408063383,0.0,False,True,-0.01031896127585023,4201,connected,1024,1908,3.7265625,22.740224828934505,0.0036427785923753664,0.1081279941882244,0.01813791674198908,0.9840589143583759,0.9840589143583759,1.386138613861386,0,classic,1.0,0.3,0.3,False,n/a,n/a,n/a,n/a,n/a,n/a,n/a,n/a,n/a,n/a,n/a,n/a,n/a,n/a,n/a,n/a,n/a,n/a,n/a
PM7_P1P3_network,S2,433399445,200,False,PD_classic,9.0,5.0,1.0,0.0,True,0.01,0.5,100,50,30,0.1,100000,0.1035,0.04249999999999999,0.599,0.05450000000000001,0.10700000000000001,0.06250000000000001,0.031000000000000007,0.868804976843667,0.01907864122847836,1.7805052293473813,1.8608702668467896,1.8043287251951283,20.05,20.05,96.6073179396039,0.0,False,True,0.010794859179433788,4325,connected,1024,1908,3.7265625,22.742160312805474,0.0036427785923753664,0.12431349120426402,0.018135708630557842,0.9811553096625357,0.9811553096625357,1.3333333333333333,0,classic,1.0,0.3,0.3,False,n/a,n/a,n/a,n/a,n/a,n/a,n/a,n/a,n/a,n/a,n/a,n/a,n/a,n/a,n/a,n/a,n/a,n/a,n/a
PM7_P1P3_network,S2,2121129191,200,False,PD_classic,9.0,5.0,1.0,0.0,True,0.01,0.5,100,50,30,2.0,100000,0.019,0.004,0.916,0.023499999999999997,0.027500000000000004,0.0,0.009999999999999998,0.9767118432046399,0.03287671232876712,1.2483418586623405,1.2560927139411957,1.2504233449347724,50.0,162.15,14.009480680406057,1.0,False,True,0.0024918579674384615,4703,connected,1024,1908,3.7265625,22.59355816226784,0.0036427785923753664,0.11047973273294646,0.017992639075600707,0.8968232106103953,0.9785851169169271,5.5376884422110555,0,classic,1.0,0.3,0.3,False,n/a,n/a,n/a,n/a,n/a,n/a,n/a,n/a,n/a,n/a,n/a,n/a,n/a,n/a,n/a,n/a,n/a,n/a,n/a
PM7_P1P3_network,S2,686818433,200,False,PD_classic,9.0,5.0,1.0,0.0,True,0.01,0.5,100,50,30,2.0,100000,0.04649999999999999,0.015999999999999997,0.8734999999999999,0.0125,0.020499999999999997,0.024999999999999998,0.006,0.9615164611764081,0.05019120458891013,1.266599069826936,1.2792197761684008,1.2680385447868114,50.0,161.96,14.122564069286259,1.0,False,True,-0.003928767715055846,5155,connected,1024,1908,3.7265625,22.68184750733138,0.0036427785923753664,0.09964303509625747,0.018069511990485933,0.8834070486698566,0.977103540400917,5.01010101010101,0,classic,1.0,0.3,0.3,False,n/a,n/a,n/a,n/a,n/a,n/a,n/a,n/a,n/a,n/a,n/a,n/a,n/a,n/a,n/a,n/a,n/a,n/a,n/a
PM7_P1P3_network,S2,744720527,200,False,PD_classic,9.0,5.0,1.0,0.0,True,0.01,0.5,100,50,30,2.0,100000,0.031000000000000007,0.013999999999999999,0.8955,0.024499999999999997,0.014000000000000002,0.014000000000000002,0.007000000000000001,0.9650835519572253,0.04467987102717642,1.242896455854243,1.2545973779295718,1.241310563000347,50.0,161.83,14.047782092551593,1.0,False,True,0.00014817659270417355,4648,connected,1024,1908,3.7265625,22.703020527859238,0.0036427785923753664,0.12093742773809137,0.01794714488128238,0.8604625471536407,0.9630458600888627,5.35,0,classic,1.0,0.3,0.3,False,n/a,n/a,n/a,n/a,n/a,n/a,n/a,n/a,n/a,n/a,n/a,n/a,n/a,n/a,n/a,n/a,n/a,n/a,n/a
PM7_P1P3_network,S2,381425458,200,False,PD_classic,9.0,5.0,1.0,0.0,True,0.01,0.5,100,50,30,2.0,100000,0.03200000000000001,0.008,0.9055000000000002,0.013000000000000001,0.009999999999999998,0.011,0.0205,0.9685615307493917,0.05652936021034181,1.2417458852281988,1.2391672222357972,1.240803354881927,50.0,162.65,14.064482366853715,1.0,False,True,-0.00936406945627929,4500,connected,1024,1908,3.7265625,22.678748778103618,0.0036427785923753664,0.13822503935242955,0.018021477160341432,0.875393425776941,0.9674625671570742,5.649484536082475,0,classic,1.0,0.3,0.3,False,n/a,n/a,n/a,n/a,n/a,n/a,n/a,n/a,n/a,n/a,n/a,n/a,n/a,n/a,n/a,n/a,n/a,n/a,n/a
PM7_P1P3_network,S2,1620985466,200,False,PD_classic,9.0,5.0,1.0,0.0,True,0.01,0.5,100,50,30,2.0,100000,0.030000000000000006,0.0045000000000000005,0.913,0.007000000000000001,0.015,0.0125,0.018000000000000002,0.9839558370920176,0.029796839729119638,1.2653463396931544,1.2938542398512989,1.2647980246788328,50.0,163.15,13.942759079084487,1.0,False,True,0.00544950979803553,4922,connected,1024,1908,3.7265625,22.67199413489736,0.0036427785923753664,0.12368217976172854,0.0179617143068763,0.868892171749153,0.968468008573004,5.14,0,classic,1.0,0.3,0.3,False,n/a,n/a,n/a,n/a,n/a,n/a,n/a,n/a,n/a,n/a,n/a,n/a,n/a,n/a,n/a,n/a,n/a,n/a,n/a
PM7_P1P3_network,S2,1669164794,200,False,PD_classic,9.0,5.0,1.0,0.0,True,0.01,0.5,100,50,30,2.0,100000,0.03450000000000001,0.009999999999999998,0.8654999999999999,0.027500000000000004,0.03400000000000001,0.018,0.010500000000000002,0.9604405223938526,0.06008010680907877,1.2523600017713343,1.270462848403368,1.2527082723870235,50.0,161.34,14.354237517282543,1.0,False,True,-0.00039326557306192605,4882,connected,1024,1908,3.7265625,22.803567937438906,0.0036427785923753664,0.10968823393764451,0.01816697713236461,0.884345678238557,0.9742703175201547,5.292929292929293,0,classic,1.0,0.3,0.3,False,n/a,n/a,n/a,n/a,n/a,n/a,n/a,n/a,n/a,n/a,n/a,n/a,n/a,n/a,n/a,n/a,n/a,n/a,n/a
PM7_P1P3_network,S2,798359651,200,False,PD_classic,9.0,5.0,1.0,0.0,True,0.01,0.5,100,50,30,2.0,100000,0.0385,0.018,0.8855000000000001,0.022,0.0034999999999999996,0.011499999999999998,0.021,0.9524590101618328,0.07464724624487938,1.2545197824376952,1.298029736723331,1.2573515544831944,50.0,163.21,14.038229087087105,1.0,False,True,-0.004002688010748747,4856,connected,1024,1908,3.7265625,22.631104594330402,0.0036427785923753664,0.11857835447202564,0.018059028131474114,0.8753304881820476,0.9739504107779332,5.070707070707071,0,classic,1.0,0.3,0.3,False,n/a,n/a,n/a,n/a,n/a,n/a,n/a,n/a,n/a,n/a,n/a,n/a,n/a,n/a,n/a,n/a,n/a,n/a,n/a
PM7_P1P3_network,S2,126337246,200,False,PD_classic,9.0,5.0,1.0,0.0,True,0.01,0.5,100,50,30,2.0,100000,0.029500000000000005,0.010500000000000002,0.8985000000000001,0.023999999999999997,0.0005,0.023499999999999997,0.013500000000000002,0.9637666112496905,0.04780680137999014,1.2604314265372525,1.2893033584840987,1.2600968141228697,50.0,163.83,13.860794999687728,1.0,False,True,-0.006395809583233938,4762,connected,1024,1908,3.7265625,22.548924731182797,0.0036427785923753664,0.16618649848249925,0.01789874390068063,0.8891187130889002,0.9695257741422193,4.964824120603015,0,classic,1.0,0.3,0.3,False,n/a,n/a,n/a,n/a,n/a,n/a,n/a,n/a,n/a,n/a,n/a,n/a,n/a,n/a,n/a,n/a,n/a,n/a,n/a
PM7_P1P3_network,S2,2121129191,200,False,PD_classic,9.0,5.0,1.0,0.0,True,0.01,0.5,100,150,30,0.1,100000,0.09549999999999999,0.07100000000000002,0.6075000000000002,0.0925,0.071,0.027500000000000004,0.03500000000000001,0.8335122037748504,0.03482880755608028,1.929969831234067,1.8253897163668604,1.957254612347063,18.47,18.47,98.25660127963805,0.0,False,True,0.0007286909147596307,4373,baseline,1024,1888,3.6875,23.17564027370479,0.003604594330400782,0.10896384010298515,0.01845320591177862,0.9790524597495801,0.9790524597495801,1.25,0,classic,1.0,0.3,0.3,False,n/a,n/a,n/a,n/a,n/a,n/a,n/a,n/a,n/a,n/a,n/a,n/a,n/a,n/a,n/a,n/a,n/a,n/a,n/a
PM7_P1P3_network,S2,686818433,200,False,PD_classic,9.0,5.0,1.0,0.0,True,0.01,0.5,100,150,30,0.1,100000,0.07649999999999998,0.026999999999999996,0.631,0.0625,0.08499999999999999,0.07000000000000002,0.047999999999999994,0.7958518660487534,0.025102459016393443,1.7866108571119277,2.045718665069757,1.8922672638667242,19.99,19.99,95.65420498282394,0.0,False,True,-0.01232844131376562,4296,baseline,1024,1888,3.6875,23.17564027370479,0.003604594330400782,0.10896384010298515,0.01845320591177862,0.9906533517388725,0.9906533517388725,1.1868131868131868,0,classic,1.0,0.3,0.3,False,n/a,n/a,n/a,n/a,n/a,n/a,n/a,n/a,n/a,n/a,n/a,n/a,n/a,n/a,n/a,n/a,n/a,n/a,n/a
PM7_P1P3_network,S2,317149051,200,False,PD_classic,9.0,5.0,1.0,0.0,True,0.01,0.5,100,50,30,2.0,100000,0.013000000000000001,0.021,0.9045,0.025,0.012499999999999999,0.0215,0.0025,0.9639837008393952,0.050118203309692674,1.2464269463006947,1.2018476515795788,1.2480537519236052,50.0,161.91,14.236442537188411,1.0,False,True,-0.009028116112464084,4792,connected,1024,1908,3.7265625,22.740224828934505,0.0036427785923753664,0.1081279941882244,0.01813791674198908,0.8759985872404704,0.9656497365519084,5.175879396984925,0,classic,1.0,0.3,0.3,False,n/a,n/a,n/a,n/a,n/a,n/a,n/a,n/a,n/a,n/a,n/a,n/a,n/a,n/a,n/a,n/a,n/a,n/a,n/a
PM7_P1P3_network,S2,433399445,200,False,PD_classic,9.0,5.0,1.0,0.0,True,0.01,0.5,100,50,30,2.0,100000,0.012499999999999999,0.008500000000000002,0.9329999999999998,0.013500000000000002,0.0225,0.0025,0.0075000000000000015,0.9746502063813398,0.03251028806584362,1.2471433787095207,1.247978436657682,1.246813255385273,50.0,161.24,14.170754851001938,1.0,False,True,-0.003793455173823991,4659,connected,1024,1908,3.7265625,22.742160312805474,0.0036427785923753664,0.12431349120426402,0.018135708630557842,0.8812803120078869,0.9749390486702824,5.608040201005025,0,classic,1.0,0.3,0.3,False,n/a,n/a,n/a,n/a,n/a,n/a,n/a,n/a,n/a,n/a,n/a,n/a,n/a,n/a,n/a,n/a,n/a,n/a,n/a
PM7_P1P3_network,S2,744720527,200,False,PD_classic,9.0,5.0,1.0,0.0,True,0.01,0.5,100,150,30,0.1,100000,0.139,0.024,0.6180000000000001,0.04399999999999999,0.08149999999999999,0.05149999999999999,0.041999999999999996,0.7838266578507408,0.010801591813530414,1.8338961145370631,1.9997299264342572,1.843713045260238,19.12,19.12,94.50796818059933,0.0,False,True,-0.018725786903148346,4276,baseline,1024,1888,3.6875,23.17564027370479,0.003604594330400782,0.10896384010298515,0.01845320591177862,0.989835375187522,0.989835375187522,1.3695652173913044,0,classic,1.0,0.3,0.3,False,n/a,n/a,n/a,n/a,n/a,n/a,n/a,n/a,n/a,n/a,n/a,n/a,n/a,n/a,n/a,n/a,n/a,n/a,n/a
PM7_P1P3_network,S2,381425458,200,False,PD_classic,9.0,5.0,1.0,0.0,True,0.01,0.5,100,150,30,0.1,100000,0.053000000000000005,0.03300000000000001,0.6719999999999999,0.0625,0.052000000000000005,0.08149999999999999,0.04599999999999999,0.8184042810235669,0.00684931506849315,1.6584982056288184,1.699660634947949,1.705001074581655,19.77,19.77,103.85666333224273,0.0,False,True,-0.010468721874884936,4188,baseline,1024,1888,3.6875,23.17564027370479,0.003604594330400782,0.10896384010298515,0.01845320591177862,0.9906409178998397,0.9906409178998397,1.2658227848101267,0,classic,1.0,0.3,0.3,False,n/a,n/a,n/a,n/a,n/a,n/a,n/a,n/a,n/a,n/a,n/a,n/a,n/a,n/a,n/a,n/a,n/a,n/a,n/a
PM7_P1P3_network,S2,1620985466,200,False,PD_classic,9.0,5.0,1.0,0.0,True,0.01,0.5,100,150,30,0.1,100000,0.12250000000000001,0.029000000000000005,0.574,0.08199999999999999,0.11499999999999999,0.04599999999999999,0.0315,0.8677101744499396,0.01588310038119441,1.8089396765908543,1.6315804855212834,1.7863928933635282,20.29,20.29,91.95944832722539,0.0,False,True,3.5616142462738796e-05,4374,baseline,1024,1888,3.6875,23.17564027370479,0.003604594330400782,0.10896384010298515,0.01845320591177862,0.9874763657653591,0.9874763657653591,1.3255813953488371,0,classic,1.0,0.3,0.3,False,n/a,n/a,n/a,n/a,n/a,n/a,n/a,n/a,n/a,n/a,n/a,n/a,n/a,n/a,n/a,n/a,n/a,n/a,n/a
PM7_P1P3_network,S2,1669164794,200,False,PD_classic,9.0,5.0,1.0,0.0,True,0.01,0.5,100,150,30,0.1,100000,0.0635,0.0675,0.6160000000000001,0.055999999999999994,0.0445,0.08849999999999998,0.06399999999999999,0.8523003661896537,0.045234248788368334,1.8143557300903541,2.157165308853549,1.9168331132601037,21.35,21.35,96.54010085354275,0.0,False,False,-0.028418153672615423,4472,baseline,1024,1888,3.6875,23.17564027370479,0.003604594330400782,0.10896384010298515,0.01845320591177862,0.9879972753380382,0.9879972753380382,1.3647058823529412,0,classic,1.0,0.3,0.3,False,n/a,n/a,n/a,n/a,n/a,n/a,n/a,n/a,n/a,n/a,n/a,n/a,n/a,n/a,n/a,n/a,n/a,n/a,n/a
PM7_P1P3_network,S2,798359651,200,False,PD_classic,9.0,5.0,1.0,0.0,True,0.01,0.5,100,150,30,0.1,100000,0.05650000000000001,0.064,0.6655,0.07299999999999998,0.060999999999999985,0.03300000000000001,0.04699999999999999,0.8566957340493018,0.04489995119570522,1.783785570820565,2.08404663995003,1.788002650286326,19.92,19.92,97.69829420101516,0.0,False,True,-0.009324277297106625,4107,baseline,1024,1888,3.6875,23.17564027370479,0.003604594330400782,0.10896384010298515,0.01845320591177862,0.9897921114877469,0.9897921114877469,1.2093023255813953,0,classic,1.0,0.3,0.3,False,n/a,n/a,n/a,n/a,n/a,n/a,n/a,n/a,n/a,n/a,n/a,n/a,n/a,n/a,n/a,n/a,n/a,n/a,n/a
PM7_P1P3_network,S2,126337246,200,False,PD_classic,9.0,5.0,1.0,0.0,True,0.01,0.5,100,150,30,0.1,100000,0.06499999999999999,0.03899999999999999,0.654,0.058499999999999996,0.042499999999999996,0.09149999999999998,0.04949999999999999,0.8752529448918175,0.020689655172413793,1.7421656946124484,2.1878770624498256,1.8266111578819022,20.27,20.27,89.95879002502869,0.0,False,True,0.008293881175526532,4216,baseline,1024,1888,3.6875,23.17564027370479,0.003604594330400782,0.10896384010298515,0.01845320591177862,0.9802156691812783,0.9802156691812783,1.3563218390804597,0,classic,1.0,0.3,0.3,False,n/a,n/a,n/a,n/a,n/a,n/a,n/a,n/a,n/a,n/a,n/a,n/a,n/a,n/a,n/a,n/a,n/a,n/a,n/a
PM7_P1P3_network,S2,317149051,200,False,PD_classic,9.0,5.0,1.0,0.0,True,0.01,0.5,100,150,30,0.1,100000,0.07849999999999999,0.0235,0.607,0.094,0.05750000000000001,0.06749999999999999,0.07200000000000002,0.7847784723257909,0.013765541740674956,2.0014098816196166,1.8897158492033042,1.9914794734272443,19.92,19.92,94.25156943988245,0.0,False,True,0.00020764883059458996,4459,baseline,1024,1888,3.6875,23.17564027370479,0.003604594330400782,0.10896384010298515,0.01845320591177862,0.9911283275427949,0.9911283275427949,1.3404255319148937,0,classic,1.0,0.3,0.3,False,n/a,n/a,n/a,n/a,n/a,n/a,n/a,n/a,n/a,n/a,n/a,n/a,n/a,n/a,n/a,n/a,n/a,n/a,n/a
PM7_P1P3_network,S2,433399445,200,False,PD_classic,9.0,5.0,1.0,0.0,True,0.01,0.5,100,150,30,0.1,100000,0.09949999999999999,0.07749999999999999,0.607,0.06599999999999999,0.0445,0.06200000000000001,0.04349999999999999,0.7824513829538517,0.013227513227513227,1.83027143616905,1.8239305590575325,1.8966157072245593,19.36,19.36,93.23419818785953,0.0,False,True,-0.005653630614528683,4217,baseline,1024,1888,3.6875,23.17564027370479,0.003604594330400782,0.10896384010298515,0.01845320591177862,0.9853691930205,0.9853691930205,1.1645569620253164,0,classic,1.0,0.3,0.3,False,n/a,n/a,n/a,n/a,n/a,n/a,n/a,n/a,n/a,n/a,n/a,n/a,n/a,n/a,n/a,n/a,n/a,n/a,n/a
PM7_P1P3_network,S2,2121129191,200,False,PD_classic,9.0,5.0,1.0,0.0,True,0.01,0.5,100,150,30,2.0,100000,0.074,0.015000000000000003,0.7725,0.034,0.09499999999999999,0.008499999999999999,0.001,0.9643877585509173,0.05719237435008666,1.2505224539808106,1.2633991687106323,1.2527559545889144,149.705,162.54,14.130728006892843,0.92,False,True,-0.006522842091372027,5496,baseline,1024,1888,3.6875,23.17564027370479,0.003604594330400782,0.10896384010298515,0.01845320591177862,0.9604763076392993,0.9715585849860559,5.53,0,classic,1.0,0.3,0.3,False,n/a,n/a,n/a,n/a,n/a,n/a,n/a,n/a,n/a,n/a,n/a,n/a,n/a,n/a,n/a,n/a,n/a,n/a,n/a
PM7_P1P3_network,S2,686818433,200,False,PD_classic,9.0,5.0,1.0,0.0,True,0.01,0.5,100,150,30,2.0,100000,0.03500000000000001,0.007000000000000001,0.8780000000000001,0.026500000000000003,0.038,0.01,0.0055,0.9790965081094105,0.03841229193341869,1.2886601757771974,1.241211589722928,1.289103036353839,149.58,161.94,13.94743760685322,0.9,False,True,-0.00811613646454476,5840,baseline,1024,1888,3.6875,23.17564027370479,0.003604594330400782,0.10896384010298515,0.01845320591177862,0.9597686436889638,0.9728277150573211,5.28,0,classic,1.0,0.3,0.3,False,n/a,n/a,n/a,n/a,n/a,n/a,n/a,n/a,n/a,n/a,n/a,n/a,n/a,n/a,n/a,n/a,n/a,n/a,n/a
PM7_P1P3_network,S2,744720527,200,False,PD_classic,9.0,5.0,1.0,0.0,True,0.01,0.5,100,150,30,2.0,100000,0.03949999999999999,0.009999999999999998,0.8654999999999999,0.039999999999999994,0.0235,0.008000000000000002,0.013500000000000003,0.9745052394117172,0.03974082073434125,1.2587128072768166,1.2886629449104443,1.2598116220793807,149.61,161.25,14.082883118796197,0.9,False,True,-0.015110916443668704,5489,baseline,1024,1888,3.6875,23.17564027370479,0.003604594330400782,0.10896384010298515,0.01845320591177862,0.9602565975187419,0.9701953929234218,5.525252525252525,0,classic,1.0,0.3,0.3,False,n/a,n/a,n/a,n/a,n/a,n/a,n/a,n/a,n/a,n/a,n/a,n/a,n/a,n/a,n/a,n/a,n/a,n/a,n/a
PM7_P1P3_network,S2,381425458,200,False,PD_classic,9.0,5.0,1.0,0.0,True,0.01,0.5,100,150,30,2.0,100000,0.09699999999999999,0.014000000000000002,0.771,0.0235,0.07350000000000001,0.004999999999999999,0.016,0.9531441602449542,0.05610703495899871,1.2465416570695973,1.2592862711962531,1.2479507009770578,149.675,162.17,14.143510877500539,0.93,False,True,-0.0014765819063279914,5494,baseline,1024,1888,3.6875,23.17564027370479,0.003604594330400782,0.10896384010298515,0.01845320591177862,0.9553876082168081,0.9692395296430907,5.454545454545454,0,classic,1.0,0.3,0.3,False,n/a,n/a,n/a,n/a,n/a,n/a,n/a,n/a,n/a,n/a,n/a,n/a,n/a,n/a,n/a,n/a,n/a,n/a,n/a
PM7_P1P3_network,S2,1620985466,200,False,PD_classic,9.0,5.0,1.0,0.0,True,0.01,0.5,100,150,30,2.0,100000,0.06200000000000001,0.0115,0.8585,0.012499999999999999,0.03300000000000001,0.0155,0.006999999999999999,0.9782710474963254,0.041631265930331354,1.251252764214438,1.246583749777623,1.2507748064784545,149.62,160.31,14.088879514437572,0.88,False,True,-0.008055272221091448,5468,baseline,1024,1888,3.6875,23.17564027370479,0.003604594330400782,0.10896384010298515,0.01845320591177862,0.959691592104522,0.9672606625319073,5.527638190954774,0,classic,1.0,0.3,0.3,False,n/a,n/a,n/a,n/a,n/a,n/a,n/a,n/a,n/a,n/a,n/a,n/a,n/a,n/a,n/a,n/a,n/a,n/a,n/a
PM7_P1P3_network,S2,1669164794,200,False,PD_classic,9.0,5.0,1.0,0.0,True,0.01,0.5,100,150,30,2.0,100000,0.07849999999999999,0.0115,0.7929999999999999,0.027000000000000003,0.08299999999999999,0.006500000000000001,0.0005,0.9670165297071087,0.048057669203043656,1.2653867262069327,1.2674489656819117,1.2657296950675492,149.755,163.58,13.945921328119578,0.91,False,True,-0.010440137760551775,5746,baseline,1024,1888,3.6875,23.17564027370479,0.003604594330400782,0.10896384010298515,0.01845320591177862,0.9658662367728532,0.9748882353976986,5.507537688442211,0,classic,1.0,0.3,0.3,False,n/a,n/a,n/a,n/a,n/a,n/a,n/a,n/a,n/a,n/a,n/a,n/a,n/a,n/a,n/a,n/a,n/a,n/a,n/a
PM7_P1P3_network,S2,798359651,200,False,PD_classic,9.0,5.0,1.0,0.0,True,0.01,0.5,100,150,30,2.0,100000,0.0455,0.008,0.8394999999999999,0.030000000000000006,0.06500000000000002,0.003,0.009,0.9677784010110791,0.036855036855036855,1.2948319452059234,1.358393999400254,1.2966737271213447,149.545,161.42,14.23630840208751,0.935,False,True,-0.010901371605486787,5895,baseline,1024,1888,3.6875,23.17564027370479,0.003604594330400782,0.10896384010298515,0.01845320591177862,0.9609930497184476,0.9698904643805648,5.756345177664975,0,classic,1.0,0.3,0.3,False,n/a,n/a,n/a,n/a,n/a,n/a,n/a,n/a,n/a,n/a,n/a,n/a,n/a,n/a,n/a,n/a,n/a,n/a,n/a
PM7_P1P3_network,S2,126337246,200,False,PD_classic,9.0,5.0,1.0,0.0,True,0.01,0.5,100,150,30,2.0,100000,0.0365,0.015,0.8310000000000001,0.033499999999999995,0.04499999999999999,0.027500000000000004,0.0115,0.9526550669932121,0.06729900632339657,1.2610695677429309,1.3050616863667324,1.2624827042488669,149.32,162.14,14.176372182293969,0.885,False,True,0.0047811311245244984,5860,baseline,1024,1888,3.6875,23.17564027370479,0.003604594330400782,0.10896384010298515,0.01845320591177862,0.9625106659682421,0.970646028429375,5.177664974619289,0,classic,1.0,0.3,0.3,False,n/a,n/a,n/a,n/a,n/a,n/a,n/a,n/a,n/a,n/a,n/a,n/a,n/a,n/a,n/a,n/a,n/a,n/a,n/a
PM7_P1P3_network,S2,2121129191,200,False,PD_classic,9.0,5.0,1.0,0.0,True,0.01,0.5,100,150,30,0.1,100000,0.07849999999999999,0.075,0.5485,0.06000000000000001,0.10500000000000001,0.06600000000000002,0.06699999999999999,0.8303980366713738,0.019326683291770574,1.7967951527505452,1.7370187643089037,1.8788121605993822,17.4,17.4,122.54392272279183,0.0,False,True,-0.00860381841527659,4421,fragmented,1024,1510,2.94921875,25.72581622678397,0.002882911779081134,0.12811032933427496,0.020712430825958927,0.9926910999605943,0.9926910999605943,1.2207792207792207,378,classic,1.0,0.3,0.3,False,n/a,n/a,n/a,n/a,n/a,n/a,n/a,n/a,n/a,n/a,n/a,n/a,n/a,n/a,n/a,n/a,n/a,n/a,n/a
PM7_P1P3_network,S2,686818433,200,False,PD_classic,9.0,5.0,1.0,0.0,True,0.01,0.5,100,150,30,0.1,100000,0.09099999999999998,0.025500000000000002,0.667,0.074,0.040999999999999995,0.0625,0.039,0.894630776092904,0.04131534569983136,1.847452769801138,1.9170523049646209,1.9227835615122664,16.73,16.73,119.8264026029549,0.0,False,True,-0.011420733682936196,4409,fragmented,1024,1510,2.94921875,25.385171065493648,0.002882911779081134,0.14629755769191768,0.020550349468941385,0.9863443911176821,0.9863443911176821,1.411764705882353,378,classic,1.0,0.3,0.3,False,n/a,n/a,n/a,n/a,n/a,n/a,n/a,n/a,n/a,n/a,n/a,n/a,n/a,n/a,n/a,n/a,n/a,n/a,n/a
PM7_P1P3_network,S2,317149051,200,False,PD_classic,9.0,5.0,1.0,0.0,True,0.01,0.5,100,150,30,2.0,100000,0.030000000000000006,0.0035000000000000005,0.807,0.09549999999999999,0.026999999999999996,0.028000000000000004,0.009,0.95939781015813,0.05944215820759031,1.2459397776027126,1.2472071257357875,1.2482538200137574,149.755,162.5,14.199013410137267,0.935,False,True,-0.00734501338005352,5532,baseline,1024,1888,3.6875,23.17564027370479,0.003604594330400782,0.10896384010298515,0.01845320591177862,0.9592418811553582,0.9731952532522966,5.299492385786802,0,classic,1.0,0.3,0.3,False,n/a,n/a,n/a,n/a,n/a,n/a,n/a,n/a,n/a,n/a,n/a,n/a,n/a,n/a,n/a,n/a,n/a,n/a,n/a
PM7_P1P3_network,S2,433399445,200,False,PD_classic,9.0,5.0,1.0,0.0,True,0.01,0.5,100,150,30,2.0,100000,0.0645,0.005,0.7434999999999999,0.08249999999999999,0.05750000000000001,0.028999999999999998,0.018,0.9144327608628039,0.07445323406235459,1.2767146202732698,1.2671603537101266,1.2795393370557193,149.685,162.33,14.070293002470855,0.93,False,False,-0.033049284197133495,5814,baseline,1024,1888,3.6875,23.17564027370479,0.003604594330400782,0.10896384010298515,0.01845320591177862,0.9704078493501386,0.9753589698938309,5.31,0,classic,1.0,0.3,0.3,False,n/a,n/a,n/a,n/a,n/a,n/a,n/a,n/a,n/a,n/a,n/a,n/a,n/a,n/a,n/a,n/a,n/a,n/a,n/a
PM7_P1P3_network,S2,744720527,200,False,PD_classic,9.0,5.0,1.0,0.0,True,0.01,0.5,100,150,30,0.1,100000,0.06899999999999999,0.05449999999999999,0.5885,0.1285,0.0625,0.041999999999999996,0.05499999999999999,0.7282509919179707,0.01788617886178862,1.7857224197197852,2.2315870074743116,1.8876504977434967,16.51,16.51,130.843181127238,0.0,False,True,-0.009878631514520198,4344,fragmented,1024,1510,2.94921875,25.893880742913,0.002882911779081134,0.1399992169640479,0.021047901237534708,0.9878016805674573,0.9878016805674573,1.2619047619047619,378,classic,1.0,0.3,0.3,False,n/a,n/a,n/a,n/a,n/a,n/a,n/a,n/a,n/a,n/a,n/a,n/a,n/a,n/a,n/a,n/a,n/a,n/a,n/a
PM7_P1P3_network,S2,381425458,200,False,PD_classic,9.0,5.0,1.0,0.0,True,0.01,0.5,100,150,30,0.1,100000,0.12449999999999999,0.049999999999999996,0.667,0.07599999999999998,0.039,0.031,0.0125,0.8996458925288653,0.02009518773135907,1.848850770623753,1.9089082875067036,1.9356771520439946,18.33,18.33,114.70130981547378,0.0,False,True,0.014323929295717915,4438,fragmented,1024,1510,2.94921875,25.210312805474096,0.002882911779081134,0.14113566741277134,0.020271512818912554,0.9875792387074205,0.9875792387074205,1.225,378,classic,1.0,0.3,0.3,False,n/a,n/a,n/a,n/a,n/a,n/a,n/a,n/a,n/a,n/a,n/a,n/a,n/a,n/a,n/a,n/a,n/a,n/a,n/a
PM7_P1P3_network,S2,1620985466,200,False,PD_classic,9.0,5.0,1.0,0.0,True,0.01,0.5,100,150,30,0.1,100000,0.1515,0.04549999999999999,0.5475000000000001,0.09149999999999998,0.047999999999999994,0.066,0.049999999999999996,0.7810438146759038,0.016095534787123573,1.9695832176888612,2.1566012133693073,2.0546002723026495,16.59,16.59,123.47052546440415,0.0,False,True,-0.010978507914028726,4377,fragmented,1024,1510,2.94921875,25.94117302052786,0.002882911779081134,0.1711051157051785,0.020626699311744757,0.9954728346411357,0.9954728346411357,1.2530120481927711,378,classic,1.0,0.3,0.3,False,n/a,n/a,n/a,n/a,n/a,n/a,n/a,n/a,n/a,n/a,n/a,n/a,n/a,n/a,n/a,n/a,n/a,n/a,n/a
PM7_P1P3_network,S2,1669164794,200,False,PD_classic,9.0,5.0,1.0,0.0,True,0.01,0.5,100,150,30,0.1,100000,0.09549999999999999,0.05750000000000001,0.558,0.09449999999999999,0.04999999999999999,0.07549999999999998,0.06899999999999999,0.7445630725432943,0.035840484603735484,1.8198410462634036,1.8834923848743088,1.8867015856455713,17.17,17.17,126.71699980535784,0.0,False,False,-0.03354239016955702,4447,fragmented,1024,1510,2.94921875,25.596852394916912,0.002882911779081134,0.11571036413234588,0.020411774597658947,0.9885367835082377,0.9885367835082377,1.3734939759036144,378,classic,1.0,0.3,0.3,False,n/a,n/a,n/a,n/a,n/a,n/a,n/a,n/a,n/a,n/a,n/a,n/a,n/a,n/a,n/a,n/a,n/a,n/a,n/a
PM7_P1P3_network,S2,798359651,200,False,PD_classic,9.0,5.0,1.0,0.0,True,0.01,0.5,100,150,30,0.1,100000,0.12500000000000003,0.04699999999999999,0.47850000000000004,0.08149999999999999,0.1065,0.09399999999999999,0.0675,0.690005249058365,0.05263157894736842,1.9879313721473375,2.0316863573922044,2.051367497328684,16.79,16.79,128.55086901200556,0.0,False,True,-0.008603746414987857,4457,fragmented,1024,1510,2.94921875,25.36996089931574,0.002882911779081134,0.14280181479220427,0.020576710433751727,0.990854097757661,0.990854097757661,1.4157303370786516,378,classic,1.0,0.3,0.3,False,n/a,n/a,n/a,n/a,n/a,n/a,n/a,n/a,n/a,n/a,n/a,n/a,n/a,n/a,n/a,n/a,n/a,n/a,n/a
PM7_P1P3_network,S2,126337246,200,False,PD_classic,9.0,5.0,1.0,0.0,True,0.01,0.5,100,150,30,0.1,100000,0.121,0.06300000000000001,0.5094999999999998,0.09349999999999999,0.0655,0.08349999999999999,0.06400000000000002,0.6390985717662228,0.040859309182813816,1.793865512107114,1.8150773541558396,1.8496836300380526,16.67,16.67,133.22595026809697,0.0,False,True,0.0008271153084626986,4551,fragmented,1024,1510,2.94921875,25.502316715542523,0.002882911779081134,0.12188790889841442,0.02046492245740339,0.9945515772031053,0.9945515772031053,1.2926829268292683,378,classic,1.0,0.3,0.3,False,n/a,n/a,n/a,n/a,n/a,n/a,n/a,n/a,n/a,n/a,n/a,n/a,n/a,n/a,n/a,n/a,n/a,n/a,n/a
PM7_P1P3_network,S2,317149051,200,False,PD_classic,9.0,5.0,1.0,0.0,True,0.01,0.5,100,150,30,0.1,100000,0.08949999999999998,0.049999999999999996,0.5415000000000001,0.039999999999999994,0.121,0.06799999999999999,0.08999999999999998,0.8579954215164424,0.0030425963488843813,1.8915627159053119,1.875822836357241,1.9366216348788847,17.22,17.22,127.09251011240195,0.0,False,True,-0.013731414925662266,4453,fragmented,1024,1510,2.94921875,25.344418377321603,0.002882911779081134,0.11735323838257146,0.020421221653079975,0.9970389875436935,0.9970389875436935,1.2,378,classic,1.0,0.3,0.3,False,n/a,n/a,n/a,n/a,n/a,n/a,n/a,n/a,n/a,n/a,n/a,n/a,n/a,n/a,n/a,n/a,n/a,n/a,n/a
PM7_P1P3_network,S2,433399445,200,False,PD_classic,9.0,5.0,1.0,0.0,True,0.01,0.5,100,150,30,0.1,100000,0.133,0.03250000000000001,0.5635000000000001,0.088,0.07849999999999999,0.047499999999999994,0.05700000000000001,0.7752088723452365,0.012114537444933921,1.996809063600957,2.3817582861945352,2.0973104891042413,16.78,16.78,124.74697391206246,0.0,False,True,-0.007480061920245117,4533,fragmented,1024,1510,2.94921875,25.717996089931574,0.002882911779081134,0.13471860670552965,0.02095950205570321,0.9945181162104795,0.9945181162104795,1.2444444444444445,378,classic,1.0,0.3,0.3,False,n/a,n/a,n/a,n/a,n/a,n/a,n/a,n/a,n/a,n/a,n/a,n/a,n/a,n/a,n/a,n/a,n/a,n/a,n/a
PM7_P1P3_network,S2,2121129191,200,False,PD_classic,9.0,5.0,1.0,0.0,True,0.01,0.5,100,150,30,2.0,100000,0.03750000000000001,0.006999999999999999,0.8634999999999999,0.03700000000000001,0.027000000000000003,0.026999999999999996,0.001,0.9778327332239962,0.032821824381926684,1.2275601784161982,1.2514190835613626,1.2272503821784442,140.125,141.96,17.864957248092576,0.275,False,True,-0.009853095412384945,5783,fragmented,1024,1510,2.94921875,25.72581622678397,0.002882911779081134,0.12811032933427496,0.020712430825958927,0.953031913780334,0.9542831829636366,4.91,378,classic,1.0,0.3,0.3,False,n/a,n/a,n/a,n/a,n/a,n/a,n/a,n/a,n/a,n/a,n/a,n/a,n/a,n/a,n/a,n/a,n/a,n/a,n/a
PM7_P1P3_network,S2,686818433,200,False,PD_classic,9.0,5.0,1.0,0.0,True,0.01,0.5,100,150,30,2.0,100000,0.07350000000000001,0.0015,0.8210000000000001,0.052000000000000005,0.038,0.0035000000000000005,0.010499999999999999,0.9689249659085473,0.04777731616119651,1.2731584482469356,1.2551629136363192,1.2722330135698638,141.79,144.64,16.982181847115104,0.39,False,True,-0.013036684146736952,6411,fragmented,1024,1510,2.94921875,25.385171065493648,0.002882911779081134,0.14629755769191768,0.020550349468941385,0.9636866821606545,0.9645810150187256,4.824120603015075,378,classic,1.0,0.3,0.3,False,n/a,n/a,n/a,n/a,n/a,n/a,n/a,n/a,n/a,n/a,n/a,n/a,n/a,n/a,n/a,n/a,n/a,n/a,n/a
PM7_P1P3_network,S2,744720527,200,False,PD_classic,9.0,5.0,1.0,0.0,True,0.01,0.5,100,150,30,2.0,100000,0.0715,0.014000000000000002,0.826,0.0175,0.04799999999999999,0.0075000000000000015,0.015500000000000003,0.956459810646282,0.05890753302392003,1.2762208098782242,1.3071264845841033,1.2783628948085455,141.185,143.86,17.38791440980519,0.355,False,True,-0.014288097152392638,5882,fragmented,1024,1510,2.94921875,25.893880742913,0.002882911779081134,0.1399992169640479,0.021047901237534708,0.9662221849846525,0.9677015972282884,5.425641025641026,378,classic,1.0,0.3,0.3,False,n/a,n/a,n/a,n/a,n/a,n/a,n/a,n/a,n/a,n/a,n/a,n/a,n/a,n/a,n/a,n/a,n/a,n/a,n/a
PM7_P1P3_network,S2,381425458,200,False,PD_classic,9.0,5.0,1.0,0.0,True,0.01,0.5,100,150,30,2.0,100000,0.055499999999999994,0.0035000000000000005,0.7675,0.041999999999999996,0.08549999999999999,0.034999999999999996,0.011000000000000001,0.9594187060106896,0.04594594594594595,1.2823687532622354,1.2700001580560794,1.2844134233370692,143.245,146.2,17.05856753623686,0.4,False,True,-0.006302449209794642,6256,fragmented,1024,1510,2.94921875,25.210312805474096,0.002882911779081134,0.14113566741277134,0.020271512818912554,0.969373565609734,0.9713432451939606,4.822335025380711,378,classic,1.0,0.3,0.3,False,n/a,n/a,n/a,n/a,n/a,n/a,n/a,n/a,n/a,n/a,n/a,n/a,n/a,n/a,n/a,n/a,n/a,n/a,n/a
PM7_P1P3_network,S2,1620985466,200,False,PD_classic,9.0,5.0,1.0,0.0,True,0.01,0.5,100,150,30,2.0,100000,0.040499999999999994,0.0075,0.8190000000000002,0.03550000000000001,0.068,0.012,0.017500000000000005,0.9740212950214853,0.04514480408858603,1.2750434574502045,1.273998940997333,1.279502435865427,143.74,146.17,16.65683372410738,0.33,False,True,-0.019959295837183713,5890,fragmented,1024,1510,2.94921875,25.94117302052786,0.002882911779081134,0.1711051157051785,0.020626699311744757,0.9704221634460174,0.973045249601468,4.944723618090452,378,classic,1.0,0.3,0.3,False,n/a,n/a,n/a,n/a,n/a,n/a,n/a,n/a,n/a,n/a,n/a,n/a,n/a,n/a,n/a,n/a,n/a,n/a,n/a
PM7_P1P3_network,S2,1669164794,200,False,PD_classic,9.0,5.0,1.0,0.0,True,0.01,0.5,100,150,30,2.0,100000,0.048499999999999995,0.002,0.843,0.04499999999999999,0.029500000000000005,0.013000000000000001,0.019,0.9704623046684908,0.04,1.2832446669171278,1.2908947104745807,1.2886900327214834,141.29,142.77,17.414450712383783,0.275,False,True,-0.006587090348363224,6222,fragmented,1024,1510,2.94921875,25.596852394916912,0.002882911779081134,0.11571036413234588,0.020411774597658947,0.9661795657789882,0.9671896667890892,5.1313131313131315,378,classic,1.0,0.3,0.3,False,n/a,n/a,n/a,n/a,n/a,n/a,n/a,n/a,n/a,n/a,n/a,n/a,n/a,n/a,n/a,n/a,n/a,n/a,n/a
PM7_P1P3_network,S2,798359651,200,False,PD_classic,9.0,5.0,1.0,0.0,True,0.01,0.5,100,150,30,2.0,100000,0.0435,0.014000000000000002,0.8479999999999999,0.048499999999999995,0.034999999999999996,0.004999999999999999,0.005999999999999999,0.9765153208103893,0.033808553971486764,1.271918874179118,1.3307637041694995,1.2758143831074815,142.67,145.33,17.14475797786604,0.29,False,True,-0.0006960027840173617,6110,fragmented,1024,1510,2.94921875,25.36996089931574,0.002882911779081134,0.14280181479220427,0.020576710433751727,0.9727372021595079,0.9741619034313544,4.723618090452261,378,classic,1.0,0.3,0.3,False,n/a,n/a,n/a,n/a,n/a,n/a,n/a,n/a,n/a,n/a,n/a,n/a,n/a,n/a,n/a,n/a,n/a,n/a,n/a
PM7_P1P3_network,S2,126337246,200,False,PD_classic,9.0,5.0,1.0,0.0,True,0.01,0.5,100,150,30,2.0,100000,0.06500000000000002,0.013500000000000002,0.8355,0.014000000000000002,0.03949999999999999,0.018,0.014500000000000002,0.9810262814504431,0.03353893600616808,1.2755504165305604,1.3340405799256099,1.2767597263756398,143.445,146.35,17.046315061442517,0.38,False,True,-0.0018475033900157572,6046,fragmented,1024,1510,2.94921875,25.502316715542523,0.002882911779081134,0.12188790889841442,0.02046492245740339,0.9733206821378811,0.9739816524948928,5.025125628140704,378,classic,1.0,0.3,0.3,False,n/a,n/a,n/a,n/a,n/a,n/a,n/a,n/a,n/a,n/a,n/a,n/a,n/a,n/a,n/a,n/a,n/a,n/a,n/a
PM7_P1P3_network,S2,2121129191,200,False,PD_classic,9.0,5.0,1.0,0.0,True,0.01,0.5,100,150,30,0.1,100000,0.0675,0.022999999999999996,0.644,0.08349999999999999,0.11200000000000002,0.0115,0.058499999999999996,0.9271115074170284,0.032555282555282554,1.8065310788733946,1.8426491078949776,1.8413271166417802,19.63,19.63,99.64673957165621,0.0,False,False,-0.027504518018072802,4328,connected,1024,1908,3.7265625,22.59355816226784,0.0036427785923753664,0.11047973273294646,0.017992639075600707,0.9808066670840401,0.9808066670840401,1.1555555555555554,0,classic,1.0,0.3,0.3,False,n/a,n/a,n/a,n/a,n/a,n/a,n/a,n/a,n/a,n/a,n/a,n/a,n/a,n/a,n/a,n/a,n/a,n/a,n/a
PM7_P1P3_network,S2,317149051,200,False,PD_classic,9.0,5.0,1.0,0.0,True,0.01,0.5,100,150,30,2.0,100000,0.0645,0.018000000000000002,0.8155000000000001,0.03849999999999999,0.0445,0.0045,0.014500000000000002,0.9629844089852865,0.050226430629888845,1.2595283492804887,1.2249311256847566,1.25593247184748,142.615,145.34,17.314639628978686,0.39,False,True,-0.008825507302030673,6209,fragmented,1024,1510,2.94921875,25.344418377321603,0.002882911779081134,0.11735323838257146,0.020421221653079975,0.9637160016012073,0.9662067229930129,4.954773869346734,378,classic,1.0,0.3,0.3,False,n/a,n/a,n/a,n/a,n/a,n/a,n/a,n/a,n/a,n/a,n/a,n/a,n/a,n/a,n/a,n/a,n/a,n/a,n/a
PM7_P1P3_network,S2,686818433,200,False,PD_classic,9.0,5.0,1.0,0.0,True,0.01,0.5,100,150,30,0.1,100000,0.030500000000000006,0.03200000000000001,0.6755,0.08049999999999999,0.074,0.0615,0.04599999999999999,0.910204364950056,0.016097560975609757,1.8101736010252623,2.689363494834056,1.849594790641744,19.33,19.33,97.00018325701325,0.0,False,True,0.0022993771975047617,4197,connected,1024,1908,3.7265625,22.68184750733138,0.0036427785923753664,0.09964303509625747,0.018069511990485933,0.9923799196943411,0.9923799196943411,1.471264367816092,0,classic,1.0,0.3,0.3,False,n/a,n/a,n/a,n/a,n/a,n/a,n/a,n/a,n/a,n/a,n/a,n/a,n/a,n/a,n/a,n/a,n/a,n/a,n/a
PM7_P1P3_network,S2,433399445,200,False,PD_classic,9.0,5.0,1.0,0.0,True,0.01,0.5,100,150,30,2.0,100000,0.152,0.007999999999999998,0.6785,0.0305,0.09449999999999999,0.028000000000000004,0.008499999999999999,0.9430961958297646,0.055938697318007664,1.2524615230499494,1.2398646304248073,1.2484802578949472,142.38,144.67,17.379098998928164,0.36,False,False,-0.030451489805956293,5996,fragmented,1024,1510,2.94921875,25.717996089931574,0.002882911779081134,0.13471860670552965,0.02095950205570321,0.9581017642934185,0.9592616062391224,5.175879396984925,378,classic,1.0,0.3,0.3,False,n/a,n/a,n/a,n/a,n/a,n/a,n/a,n/a,n/a,n/a,n/a,n/a,n/a,n/a,n/a,n/a,n/a,n/a,n/a
PM7_P1P3_network,S2,744720527,200,False,PD_classic,9.0,5.0,1.0,0.0,True,0.01,0.5,100,150,30,0.1,100000,0.12150000000000001,0.03150000000000001,0.6090000000000001,0.030500000000000006,0.08549999999999999,0.08199999999999999,0.04,0.8428492211125583,0.006586826347305389,1.7172667727829887,1.9448632440639975,1.7572003692999956,19.95,19.95,97.38000989871541,0.0,False,True,-0.01407360829443391,4198,connected,1024,1908,3.7265625,22.703020527859238,0.0036427785923753664,0.12093742773809137,0.01794714488128238,0.9716393263665549,0.9716393263665549,1.388235294117647,0,classic,1.0,0.3,0.3,False,n/a,n/a,n/a,n/a,n/a,n/a,n/a,n/a,n/a,n/a,n/a,n/a,n/a,n/a,n/a,n/a,n/a,n/a,n/a
PM7_P1P3_network,S2,381425458,200,False,PD_classic,9.0,5.0,1.0,0.0,True,0.01,0.5,100,150,30,0.1,100000,0.03899999999999999,0.03650000000000001,0.614,0.0505,0.09899999999999999,0.09999999999999999,0.060999999999999985,0.7688338247458985,0.04169184290030212,1.6939407448877397,2.091174750923001,1.744526482901446,20.13,20.13,94.01223573599691,0.0,False,True,-0.008508082032332524,4272,connected,1024,1908,3.7265625,22.678748778103618,0.0036427785923753664,0.13822503935242955,0.018021477160341432,0.983518948549162,0.983518948549162,1.1898734177215189,0,classic,1.0,0.3,0.3,False,n/a,n/a,n/a,n/a,n/a,n/a,n/a,n/a,n/a,n/a,n/a,n/a,n/a,n/a,n/a,n/a,n/a,n/a,n/a
PM7_P1P3_network,S2,1620985466,200,False,PD_classic,9.0,5.0,1.0,0.0,True,0.01,0.5,100,150,30,0.1,100000,0.0685,0.09599999999999999,0.544,0.07599999999999998,0.08099999999999999,0.06450000000000002,0.07000000000000002,0.7660996252120993,0.03137254901960784,1.7012067911939552,1.657427170042279,1.8033734930114402,19.55,19.55,98.02998593185671,0.0,False,True,-0.016356089424356967,4156,connected,1024,1908,3.7265625,22.67199413489736,0.0036427785923753664,0.12368217976172854,0.0179617143068763,0.9894585737373184,0.9894585737373184,1.3131313131313131,0,classic,1.0,0.3,0.3,False,n/a,n/a,n/a,n/a,n/a,n/a,n/a,n/a,n/a,n/a,n/a,n/a,n/a,n/a,n/a,n/a,n/a,n/a,n/a
PM7_P1P3_network,S2,1669164794,200,False,PD_classic,9.0,5.0,1.0,0.0,True,0.01,0.5,100,150,30,0.1,100000,0.174,0.05399999999999999,0.5850000000000001,0.03899999999999999,0.04699999999999999,0.04599999999999999,0.05500000000000001,0.8908423996391583,0.06416275430359937,1.761235229659142,1.8246630161312523,1.7655250758470136,20.05,20.05,93.23254967673081,0.0,False,True,-0.004834003336014443,4347,connected,1024,1908,3.7265625,22.803567937438906,0.0036427785923753664,0.10968823393764451,0.01816697713236461,0.9789280909482114,0.9789280909482114,1.2173913043478262,0,classic,1.0,0.3,0.3,False,n/a,n/a,n/a,n/a,n/a,n/a,n/a,n/a,n/a,n/a,n/a,n/a,n/a,n/a,n/a,n/a,n/a,n/a,n/a
PM7_P1P3_network,S2,798359651,200,False,PD_classic,9.0,5.0,1.0,0.0,True,0.01,0.5,100,150,30,0.1,100000,0.1135,0.049999999999999996,0.5815,0.07050000000000001,0.08099999999999999,0.045,0.058499999999999996,0.8612876665245585,0.020274299344066785,1.7248476020188168,1.7836977873357527,1.7603735627587032,19.75,19.75,97.49574070218355,0.0,False,False,-0.038764955059825,4329,connected,1024,1908,3.7265625,22.631104594330402,0.0036427785923753664,0.11857835447202564,0.018059028131474114,0.9810203430307649,0.9810203430307649,1.358974358974359,0,classic,1.0,0.3,0.3,False,n/a,n/a,n/a,n/a,n/a,n/a,n/a,n/a,n/a,n/a,n/a,n/a,n/a,n/a,n/a,n/a,n/a,n/a,n/a
PM7_P1P3_network,S2,126337246,200,False,PD_classic,9.0,5.0,1.0,0.0,True,0.01,0.5,100,150,30,0.1,100000,0.1105,0.041,0.6515000000000001,0.05349999999999999,0.07649999999999998,0.022,0.045,0.8215823757726959,0.011258955987717503,1.6389063244584692,1.9069768131701157,1.708433534625126,19.91,19.91,96.1562984897497,0.0,False,False,-0.021939087756348827,4190,connected,1024,1908,3.7265625,22.548924731182797,0.0036427785923753664,0.16618649848249925,0.01789874390068063,0.9726973277152058,0.9726973277152058,1.2156862745098038,0,classic,1.0,0.3,0.3,False,n/a,n/a,n/a,n/a,n/a,n/a,n/a,n/a,n/a,n/a,n/a,n/a,n/a,n/a,n/a,n/a,n/a,n/a,n/a
PM7_P1P3_network,S2,317149051,200,False,PD_classic,9.0,5.0,1.0,0.0,True,0.01,0.5,100,150,30,0.1,100000,0.1285,0.047499999999999994,0.654,0.043,0.049999999999999996,0.027500000000000004,0.049499999999999995,0.8663490300636637,0.028649921507064365,1.7930790364027136,1.9031721324182602,1.8217702253143506,19.5,19.5,97.72108408063383,0.0,False,True,-0.01031896127585023,4201,connected,1024,1908,3.7265625,22.740224828934505,0.0036427785923753664,0.1081279941882244,0.01813791674198908,0.9840589143583759,0.9840589143583759,1.386138613861386,0,classic,1.0,0.3,0.3,False,n/a,n/a,n/a,n/a,n/a,n/a,n/a,n/a,n/a,n/a,n/a,n/a,n/a,n/a,n/a,n/a,n/a,n/a,n/a
PM7_P1P3_network,S2,433399445,200,False,PD_classic,9.0,5.0,1.0,0.0,True,0.01,0.5,100,150,30,0.1,100000,0.1035,0.04249999999999999,0.599,0.05450000000000001,0.10700000000000001,0.06250000000000001,0.031000000000000007,0.868804976843667,0.01907864122847836,1.7805052293473813,1.8608702668467896,1.8043287251951283,20.05,20.05,96.6073179396039,0.0,False,True,0.010794859179433788,4325,connected,1024,1908,3.7265625,22.742160312805474,0.0036427785923753664,0.12431349120426402,0.018135708630557842,0.9811553096625357,0.9811553096625357,1.3333333333333333,0,classic,1.0,0.3,0.3,False,n/a,n/a,n/a,n/a,n/a,n/a,n/a,n/a,n/a,n/a,n/a,n/a,n/a,n/a,n/a,n/a,n/a,n/a,n/a
PM7_P1P3_network,S2,2121129191,200,False,PD_classic,9.0,5.0,1.0,0.0,True,0.01,0.5,100,150,30,2.0,100000,0.0715,0.0105,0.774,0.040999999999999995,0.06849999999999999,0.024,0.010499999999999999,0.9619387185475938,0.05230914231856739,1.2946327740310986,1.2998074957130215,1.2911002921431558,149.64,161.54,14.037101235160094,0.89,False,False,-0.03640668162672907,6088,connected,1024,1908,3.7265625,22.59355816226784,0.0036427785923753664,0.11047973273294646,0.017992639075600707,0.95554144537155,0.966600318387071,5.0,0,classic,1.0,0.3,0.3,False,n/a,n/a,n/a,n/a,n/a,n/a,n/a,n/a,n/a,n/a,n/a,n/a,n/a,n/a,n/a,n/a,n/a,n/a,n/a
PM7_P1P3_network,S2,686818433,200,False,PD_classic,9.0,5.0,1.0,0.0,True,0.01,0.5,100,150,30,2.0,100000,0.044500000000000005,0.016499999999999997,0.8424999999999999,0.0055,0.05800000000000001,0.020499999999999997,0.0125,0.9632615854656932,0.052170283806343906,1.2574991457360063,1.2705703416068774,1.2564456297967146,149.675,162.43,14.068125905291051,0.935,False,True,-0.015741710966846432,5393,connected,1024,1908,3.7265625,22.68184750733138,0.0036427785923753664,0.09964303509625747,0.018069511990485933,0.9600727545472846,0.9701330844191153,5.4646464646464645,0,classic,1.0,0.3,0.3,False,n/a,n/a,n/a,n/a,n/a,n/a,n/a,n/a,n/a,n/a,n/a,n/a,n/a,n/a,n/a,n/a,n/a,n/a,n/a
PM7_P1P3_network,S2,744720527,200,False,PD_classic,9.0,5.0,1.0,0.0,True,0.01,0.5,100,150,30,2.0,100000,0.023,0.016500000000000004,0.8720000000000001,0.019499999999999997,0.06050000000000001,0.0035000000000000005,0.005,0.9720042199357358,0.048261758691206545,1.2453390822537886,1.2548585404487251,1.245993405501498,149.285,159.46,14.264301589508921,0.83,False,True,-0.010808203232815495,5396,connected,1024,1908,3.7265625,22.703020527859238,0.0036427785923753664,0.12093742773809137,0.01794714488128238,0.9568785891394574,0.9661129016724869,5.49748743718593,0,classic,1.0,0.3,0.3,False,n/a,n/a,n/a,n/a,n/a,n/a,n/a,n/a,n/a,n/a,n/a,n/a,n/a,n/a,n/a,n/a,n/a,n/a,n/a
PM7_P1P3_network,S2,381425458,200,False,PD_classic,9.0,5.0,1.0,0.0,True,0.01,0.5,100,150,30,2.0,100000,0.06499999999999999,0.0245,0.799,0.036,0.05900000000000001,0.013000000000000001,0.0034999999999999996,0.9553755041098903,0.038766152563568156,1.2661062376958192,1.2685184708903317,1.2677808661694214,149.37,161.12,14.145393213632156,0.895,False,True,-0.012641954567817906,5695,connected,1024,1908,3.7265625,22.678748778103618,0.0036427785923753664,0.13822503935242955,0.018021477160341432,0.9627363343458448,0.9720336919706045,5.62,0,classic,1.0,0.3,0.3,False,n/a,n/a,n/a,n/a,n/a,n/a,n/a,n/a,n/a,n/a,n/a,n/a,n/a,n/a,n/a,n/a,n/a,n/a,n/a
PM7_P1P3_network,S2,1620985466,200,False,PD_classic,9.0,5.0,1.0,0.0,True,0.01,0.5,100,150,30,2.0,100000,0.05800000000000001,0.009999999999999998,0.8045,0.04699999999999999,0.0485,0.0015,0.030500000000000006,0.9499891686854893,0.06587914584279873,1.2627051764059396,1.2716081901280336,1.2638696101952258,149.91,163.94,14.030563543336468,0.965,False,True,-0.009090108360431245,5437,connected,1024,1908,3.7265625,22.67199413489736,0.0036427785923753664,0.12368217976172854,0.0179617143068763,0.9571354267406588,0.9670134142626943,5.262626262626263,0,classic,1.0,0.3,0.3,False,n/a,n/a,n/a,n/a,n/a,n/a,n/a,n/a,n/a,n/a,n/a,n/a,n/a,n/a,n/a,n/a,n/a,n/a,n/a
PM7_P1P3_network,S2,1669164794,200,False,PD_classic,9.0,5.0,1.0,0.0,True,0.01,0.5,100,150,30,2.0,100000,0.06799999999999999,0.008,0.7870000000000001,0.03749999999999999,0.05199999999999999,0.035500000000000004,0.012,0.9604531839458692,0.06514948683623382,1.2503189498301432,1.2396275660105018,1.2518047984303249,149.455,162.56,14.182682930237489,0.92,False,True,-0.006510338041352531,5649,connected,1024,1908,3.7265625,22.803567937438906,0.0036427785923753664,0.10968823393764451,0.01816697713236461,0.9567359015045835,0.966076428132035,5.025125628140704,0,classic,1.0,0.3,0.3,False,n/a,n/a,n/a,n/a,n/a,n/a,n/a,n/a,n/a,n/a,n/a,n/a,n/a,n/a,n/a,n/a,n/a,n/a,n/a
PM7_P1P3_network,S2,798359651,200,False,PD_classic,9.0,5.0,1.0,0.0,True,0.01,0.5,100,150,30,2.0,100000,0.017000000000000005,0.023499999999999997,0.764,0.03150000000000001,0.13400000000000004,0.016999999999999998,0.013000000000000001,0.9484557337072628,0.05973813420621931,1.2703706420205945,1.2712017462244747,1.27173085330472,149.465,162.58,14.236663327762823,0.91,False,True,-0.015458557834231702,5694,connected,1024,1908,3.7265625,22.631104594330402,0.0036427785923753664,0.11857835447202564,0.018059028131474114,0.9601737634183852,0.9725739964393925,5.809045226130653,0,classic,1.0,0.3,0.3,False,n/a,n/a,n/a,n/a,n/a,n/a,n/a,n/a,n/a,n/a,n/a,n/a,n/a,n/a,n/a,n/a,n/a,n/a,n/a
PM7_P1P3_network,S2,126337246,200,False,PD_classic,9.0,5.0,1.0,0.0,True,0.01,0.5,100,150,30,2.0,100000,0.041999999999999996,0.017499999999999998,0.8360000000000001,0.02950000000000001,0.04399999999999999,0.023999999999999997,0.007000000000000001,0.9582538832065041,0.049868766404199474,1.2888466642046943,1.3077850413111296,1.2909787687269176,149.725,165.28,13.852978829487704,0.96,False,True,-0.001033492133970367,6038,connected,1024,1908,3.7265625,22.548924731182797,0.0036427785923753664,0.16618649848249925,0.01789874390068063,0.9646269861115243,0.9767744746234427,5.393939393939394,0,classic,1.0,0.3,0.3,False,n/a,n/a,n/a,n/a,n/a,n/a,n/a,n/a,n/a,n/a,n/a,n/a,n/a,n/a,n/a,n/a,n/a,n/a,n/a
PM7_P1P3_network,S2,433399445,200,False,PD_classic,9.0,5.0,1.0,0.0,True,0.01,0.5,100,150,30,2.0,100000,0.05449999999999999,0.0,0.817,0.024999999999999998,0.06050000000000001,0.03200000000000001,0.011,0.9661246868530735,0.052376333656644035,1.2527497870627715,1.2446667379089726,1.2525622992850198,149.54,162.26,13.967808256065204,0.9,False,True,-0.014230352921407657,5498,connected,1024,1908,3.7265625,22.742160312805474,0.0036427785923753664,0.12431349120426402,0.018135708630557842,0.9607855689767114,0.9698988942307544,5.125628140703518,0,classic,1.0,0.3,0.3,False,n/a,n/a,n/a,n/a,n/a,n/a,n/a,n/a,n/a,n/a,n/a,n/a,n/a,n/a,n/a,n/a,n/a,n/a,n/a
PM7_P1P3_network,S2,317149051,200,False,PD_classic,9.0,5.0,1.0,0.0,True,0.01,0.5,100,150,30,2.0,100000,0.08499999999999999,0.008,0.8539999999999999,0.0175,0.018500000000000003,0.009999999999999998,0.0069999999999999975,0.9771934427142774,0.02864698104892023,1.2630690943442673,1.2388847512904497,1.2605307612570018,149.7,163.62,14.100815587770965,0.94,False,True,-0.005799911199640404,5473,connected,1024,1908,3.7265625,22.740224828934505,0.0036427785923753664,0.1081279941882244,0.01813791674198908,0.9613555657372713,0.9729088490648152,5.766497461928934,0,classic,1.0,0.3,0.3,False,n/a,n/a,n/a,n/a,n/a,n/a,n/a,n/a,n/a,n/a,n/a,n/a,n/a,n/a,n/a,n/a,n/a,n/a,n/a
