variant_name,prediction,seed,compat_N,well_mixed,payoff_preset,payoff_T,payoff_R,payoff_P,payoff_S,evolution_on,mutation_rate,fermi_k,evolution_interval,dunbar_limit,vision_radius,player_speed,end_cycle,share_TFT,share_ALLC,share_ALLD,share_FTFT,share_TF2T,share_GRIM,share_WSLS,d_share,exploit_last_window,payoff_ALLD,payoff_TFT,payoff_all,known_partners,distinct_partners,games_per_partner,exceeding_dunbar,fixated,stabilized,alld_trend_10k,nb_character_changes,network_variant,net_nodes,net_edges,net_mean_degree,net_avg_path,net_density,net_betw_max,net_betw_mean,enc_share_remembered,enc_share_ever,enc_distinct,net_edges_removed,payoff_mode,b,c,c_over_b,kin_on,family_size,family_r,kin_spatial_clustering,kin_strategy_correlation,kin_imitation_bias,kin_matching_prob,fitness_mode,inclusive_variant,r_hat_all,r_hat_kin,r_hat_first_window,r_hat_last_window,kin_interaction_share,coop_with_kin,coop_with_strangers,r_hat_all_pooled,p4_intervals,p4_sign_agreement,kin_matching_mode
PM5_P4_strategy,P4,381425458,200,True,custom,1.0,0.7,0.0,-0.3,True,0.01,0.5,100,0,30,0.1,10000,0.0,0.013500000000000002,0.9865,0.0,0.0,0.0,0.0,0.9864324999999999,0.026855,0.024868154613255727,0.0,0.024874707799872043,199.0,199.0,100.50251256281408,0.0,False,True,0.0013205282112988246,733,n/a,n/a,n/a,n/a,n/a,n/a,n/a,n/a,1.0,1.0,198.99,n/a,donation,1.0,0.3,0.3,True,10,0.5,0.0,1.0,0.0,0.0,own,strip,-0.006894166862579772,0.09580800534300725,-0.010861992603853505,-0.007094564946796752,0.0449135,0.03490598595077204,0.03556693556028695,0.1358626301498521,76,0.618421052631579,strategy
PM5_P4_strategy,P4,744720527,200,True,custom,1.0,0.7,0.0,-0.3,True,0.01,0.5,100,0,30,0.1,10000,0.0,0.018,0.9819999999999999,0.0,0.0,0.0,0.0,0.9811775,0.036785,0.028779673199675226,0.0,0.02872734781099064,199.0,199.0,100.50251256281406,0.0,False,True,-0.014021608643450227,773,n/a,n/a,n/a,n/a,n/a,n/a,n/a,n/a,1.0,1.0,199.0,n/a,donation,1.0,0.3,0.3,True,10,0.5,0.0,1.0,0.0,0.0,own,strip,-0.005582903382651022,0.11351952335250061,-0.0064069094850395854,-0.002421060780646948,0.0452755,0.04115360404633853,0.04102989920128791,0.12745579093073373,79,0.5949367088607594,strategy
PM5_P4_strategy,P4,2121129191,200,True,custom,1.0,0.7,0.0,-0.3,True,0.01,0.5,100,0,30,0.1,10000,0.0,0.020999999999999998,0.9790000000000001,0.0,0.0,0.0,0.0,0.9764649999999999,0.04628,0.020992760986945597,0.0,0.02094339329117062,199.0,199.0,100.50251256281406,0.0,False,False,-0.031740696278504246,604,n/a,n/a,n/a,n/a,n/a,n/a,n/a,n/a,1.0,1.0,199.0,n/a,donation,1.0,0.3,0.3,True,10,0.5,0.0,1.0,0.0,0.0,own,strip,-0.006975832834525406,0.1116085431855926,-0.007333828615299342,-0.00872382089369672,0.0451275,0.030103595368677634,0.029910014164194695,0.1301136318220337,72,0.625,strategy
PM5_P4_strategy,P4,686818433,200,True,custom,1.0,0.7,0.0,-0.3,True,0.01,0.5,100,0,30,0.1,10000,0.0,0.006,0.994,0.0,0.0,0.0,0.0,0.9959749999999999,0.00802,0.015616561386339278,0.0,0.01553982013148185,199.0,199.0,100.50251256281405,0.0,False,True,0.007394957983207588,443,n/a,n/a,n/a,n/a,n/a,n/a,n/a,n/a,1.0,1.0,198.98,n/a,donation,1.0,0.3,0.3,True,10,0.5,0.0,1.0,0.0,0.0,own,strip,-0.005479558205149628,0.1324770504693561,-0.00510356294315038,-0.004776509578044606,0.0449105,0.022249807951369948,0.022191637537633906,0.11530982697212325,65,0.6615384615384615,strategy
PM5_P4_strategy,P4,798359651,200,True,custom,1.0,0.7,0.0,-0.3,True,0.01,0.5,100,0,30,0.1,10000,0.0,0.013000000000000001,0.9870000000000001,0.0,0.0,0.0,0.0,0.9866774999999999,0.026145,0.03127267856900315,0.0,0.03109779804931773,199.0,199.0,100.50251256281403,0.0,False,True,0.0128451380552364,719,n/a,n/a,n/a,n/a,n/a,n/a,n/a,n/a,1.0,1.0,199.0,n/a,donation,1.0,0.3,0.3,True,10,0.5,0.0,1.0,0.0,0.0,own,strip,-0.002870753938430332,0.1245002963180824,-0.0013338791246471791,-0.007464121337175395,0.045097,0.04458167949087522,0.04442100401820918,0.25988202973414665,72,0.5972222222222222,strategy
PM5_P4_strategy,P4,1620985466,200,True,custom,1.0,0.7,0.0,-0.3,True,0.01,0.5,100,0,30,0.1,10000,0.0,0.0105,0.9894999999999999,0.0,0.0,0.0,0.0,0.9879199999999999,0.02387,0.027256069052739182,0.0,0.027139718777405553,199.0,199.0,100.5025125628141,0.0,False,True,0.007466986794739353,699,n/a,n/a,n/a,n/a,n/a,n/a,n/a,n/a,1.0,1.0,198.99,n/a,donation,1.0,0.3,0.3,True,10,0.5,0.0,1.0,0.0,0.0,own,strip,-0.0031764379205945032,0.1191278758973415,-0.0018010273013674472,-0.004058339028395417,0.045262,0.03831028235606027,0.03879650752353002,0.20530788863473948,78,0.6025641025641025,strategy
PM5_P4_strategy,P4,1669164794,200,True,custom,1.0,0.7,0.0,-0.3,True,0.01,0.5,100,0,30,0.1,10000,0.0,0.019999999999999997,0.9799999999999999,0.0,0.0,0.0,0.0,0.982405,0.03449,0.030192922853557288,0.0,0.030125863353198598,199.0,199.0,100.5025125628141,0.0,False,True,-0.01985594237695078,793,n/a,n/a,n/a,n/a,n/a,n/a,n/a,n/a,1.0,1.0,199.0,n/a,donation,1.0,0.3,0.3,True,10,0.5,0.0,1.0,0.0,0.0,own,strip,-0.0032611573354457413,0.09785024594183293,-0.002461266413952359,-0.004758261578558983,0.0450125,0.043176895306859205,0.0430241233523999,0.1756423065946685,74,0.5540540540540541,strategy
PM5_P4_strategy,P4,126337246,200,True,custom,1.0,0.7,0.0,-0.3,True,0.01,0.5,100,0,30,0.1,10000,0.0,0.006500000000000001,0.9934999999999998,0.0,0.0,0.0,0.0,0.9925225,0.014835,0.02801929521237735,0.0,0.028026327803884383,199.0,199.0,100.50251256281408,0.0,False,True,-0.007322929171661512,711,n/a,n/a,n/a,n/a,n/a,n/a,n/a,n/a,1.0,1.0,198.99,n/a,donation,1.0,0.3,0.3,True,10,0.5,0.0,1.0,0.0,0.0,own,strip,-0.006045564442843137,0.09405470391618995,-0.006520492245542957,-0.005728883576788844,0.045223,0.039858036839661236,0.04005149893640086,0.1919798946363726,73,0.6027397260273972,strategy
PM5_P4_strategy,P4,317149051,200,True,custom,1.0,0.7,0.0,-0.3,True,0.01,0.5,100,0,30,0.1,10000,0.0,0.0235,0.9764999999999999,0.0,0.0,0.0,0.0,0.9769625,0.045085,0.026875584963138476,0.0,0.026918021813390487,199.0,199.0,100.50251256281403,0.0,False,True,-0.00602641056422569,707,n/a,n/a,n/a,n/a,n/a,n/a,n/a,n/a,1.0,1.0,198.99,n/a,donation,1.0,0.3,0.3,True,10,0.5,0.0,1.0,0.0,0.0,own,strip,-0.007912055639371083,0.1037242176837531,-0.009276602879721386,-0.0036740263000495624,0.045171,0.03866418719975205,0.038445103782981035,0.19230506325262747,66,0.6060606060606061,strategy
PM5_P4_strategy,P4,433399445,200,True,custom,1.0,0.7,0.0,-0.3,True,0.01,0.5,100,0,30,0.1,10000,0.0,0.014000000000000002,0.986,0.0,0.0,0.0,0.0,0.9883675000000001,0.022915,0.0283878442405092,0.0,0.028194760087230902,199.0,199.0,100.50251256281405,0.0,False,False,0.03130852340936374,737,n/a,n/a,n/a,n/a,n/a,n/a,n/a,n/a,1.0,1.0,198.98,n/a,donation,1.0,0.3,0.3,True,10,0.5,0.0,1.0,0.0,0.0,own,strip,-0.002517759807180855,0.11218348848856828,-0.0008676760074147284,-0.0037336735383822384,0.0451845,0.04011884606446901,0.04029024455509991,0.18435988988128427,70,0.6,strategy
PM5_P4_strategy,P4,2121129191,200,True,custom,1.0,0.5,0.0,-0.5,True,0.01,0.5,100,0,30,0.1,10000,0.0,0.012999999999999998,0.9869999999999999,0.0,0.0,0.0,0.0,0.98558,0.0286,0.009947132221653315,0.0,0.009876187917399182,199.0,199.0,100.50251256281406,0.0,False,True,-0.01627851140455467,443,n/a,n/a,n/a,n/a,n/a,n/a,n/a,n/a,1.0,1.0,199.0,n/a,donation,1.0,0.5,0.5,True,10,0.5,0.0,1.0,0.0,0.0,own,strip,-0.005617258866534407,0.16736389484593364,-0.004560244911269825,-0.009564173264368567,0.0451275,0.019915794138828873,0.01974504449546929,0.14330884777461098,65,0.6307692307692307,strategy
PM5_P4_strategy,P4,686818433,200,True,custom,1.0,0.5,0.0,-0.5,True,0.01,0.5,100,0,30,0.1,10000,0.0,0.0055000000000000005,0.9945,0.0,0.0,0.0,0.0,0.9965024999999998,0.006965,0.008346689843721361,0.0,0.00831843387122686,199.0,199.0,100.50251256281405,0.0,False,True,-0.004657863145243793,342,n/a,n/a,n/a,n/a,n/a,n/a,n/a,n/a,1.0,1.0,198.98,n/a,donation,1.0,0.5,0.5,True,10,0.5,0.0,1.0,0.0,0.0,own,strip,-0.0039976194159175105,0.17903843180640563,-0.0028132098277705688,-0.0046968133530625586,0.0449105,0.01638814976453168,0.016637707775030507,0.13373403919728252,57,0.6842105263157895,strategy
PM5_P4_strategy,P4,744720527,200,True,custom,1.0,0.5,0.0,-0.5,True,0.01,0.5,100,0,30,0.1,10000,0.0,0.01,0.99,0.0,0.0,0.0,0.0,0.9895150000000001,0.02074,0.01319359935413731,0.0,0.01309764239932607,199.0,199.0,100.50251256281406,0.0,False,True,-0.011692677070828331,515,n/a,n/a,n/a,n/a,n/a,n/a,n/a,n/a,1.0,1.0,199.0,n/a,donation,1.0,0.5,0.5,True,10,0.5,0.0,1.0,0.0,0.0,own,strip,-0.005763269016569313,0.17309698800890283,-0.006715453834447342,-0.004104616517426535,0.0452755,0.025996399818886594,0.026199966587219663,0.16448062718618447,69,0.5942028985507246,strategy
PM5_P4_strategy,P4,381425458,200,True,custom,1.0,0.5,0.0,-0.5,True,0.01,0.5,100,0,30,0.1,10000,0.0,0.009000000000000001,0.991,0.0,0.0,0.0,0.0,0.9899675,0.019905,0.011998159790473691,0.0,0.012017815677313259,199.0,199.0,100.50251256281408,0.0,False,True,0.008355342136861897,501,n/a,n/a,n/a,n/a,n/a,n/a,n/a,n/a,1.0,1.0,198.99,n/a,donation,1.0,0.5,0.5,True,10,0.5,0.0,1.0,0.0,0.0,own,strip,-0.006886639179928683,0.13482565973203606,-0.009319683310569826,-0.006377560717875835,0.0449135,0.02341723535239961,0.024068500601777953,0.17254386318563486,70,0.6285714285714286,strategy
PM5_P4_strategy,P4,1620985466,200,True,custom,1.0,0.5,0.0,-0.5,True,0.01,0.5,100,0,30,0.1,10000,0.0,0.01,0.99,0.0,0.0,0.0,0.0,0.9884000000000001,0.02292,0.014401582417348445,0.0,0.014174229849917048,199.0,199.0,100.5025125628141,0.0,False,True,0.004153661464600145,525,n/a,n/a,n/a,n/a,n/a,n/a,n/a,n/a,1.0,1.0,198.99,n/a,donation,1.0,0.5,0.5,True,10,0.5,0.0,1.0,0.0,0.0,own,strip,-0.0032077799688206643,0.17581926125270056,-0.0013838736639489103,-0.0031688668905647368,0.045262,0.027755070478547125,0.028381870209418708,0.22534206527233455,66,0.6363636363636364,strategy
PM5_P4_strategy,P4,1669164794,200,True,custom,1.0,0.5,0.0,-0.5,True,0.01,0.5,100,0,30,0.1,10000,0.0,0.017500000000000005,0.9824999999999999,0.0,0.0,0.0,0.0,0.9838950000000001,0.0316,0.013240589163404351,0.0,0.01330947766759359,199.0,199.0,100.5025125628141,0.0,False,True,-0.017454981992789963,517,n/a,n/a,n/a,n/a,n/a,n/a,n/a,n/a,1.0,1.0,199.0,n/a,donation,1.0,0.5,0.5,True,10,0.5,0.0,1.0,0.0,0.0,own,strip,-0.0033772987736920557,0.15771053593555806,-0.0018807772890678278,-0.004210326577619586,0.0450125,0.02643710080533185,0.026617625885155566,0.1836938609697075,65,0.6153846153846154,strategy
PM5_P4_strategy,P4,317149051,200,True,custom,1.0,0.5,0.0,-0.5,True,0.01,0.5,100,0,30,0.1,10000,0.0,0.016500000000000004,0.9834999999999999,0.0,0.0,0.0,0.0,0.9818850000000001,0.03559,0.012949806190956658,0.0,0.01301586095431041,199.0,199.0,100.50251256281403,0.0,False,True,0.0006002400960527263,497,n/a,n/a,n/a,n/a,n/a,n/a,n/a,n/a,1.0,1.0,198.99,n/a,donation,1.0,0.5,0.5,True,10,0.5,0.0,1.0,0.0,0.0,own,strip,-0.006588946975325285,0.14052592568819486,-0.007098334748884345,-0.004547347902562859,0.045171,0.02660999313718979,0.026007536427988677,0.20588806943566548,62,0.5967741935483871,strategy
PM5_P4_strategy,P4,126337246,200,True,custom,1.0,0.5,0.0,-0.5,True,0.01,0.5,100,0,30,0.1,10000,0.0,0.0045,0.9954999999999998,0.0,0.0,0.0,0.0,0.9950149999999999,0.00989,0.013120781465548884,0.0,0.013091997142259351,199.0,199.0,100.50251256281408,0.0,False,True,0.0007442977190947904,503,n/a,n/a,n/a,n/a,n/a,n/a,n/a,n/a,1.0,1.0,198.99,n/a,donation,1.0,0.5,0.5,True,10,0.5,0.0,1.0,0.0,0.0,own,strip,-0.005896156697241297,0.16349269709676384,-0.00662054419881158,-0.0049851939972000645,0.045223,0.025916016186453797,0.02620873774713886,0.20009551905395737,67,0.6865671641791045,strategy
PM5_P4_strategy,P4,798359651,200,True,custom,1.0,0.5,0.0,-0.5,True,0.01,0.5,100,0,30,0.1,10000,0.0,0.011,0.9890000000000001,0.0,0.0,0.0,0.0,0.9891374999999998,0.021445,0.014897265270719018,0.0,0.014640696620991777,199.0,199.0,100.50251256281403,0.0,False,True,0.00019207683074660376,505,n/a,n/a,n/a,n/a,n/a,n/a,n/a,n/a,1.0,1.0,199.0,n/a,donation,1.0,0.5,0.5,True,10,0.5,0.0,1.0,0.0,0.0,own,strip,-0.0020847467869638653,0.1790969059197007,-0.0003878681534103546,-0.005960126111842911,0.045097,0.029198172827460806,0.029283602627701452,0.24002846842758252,62,0.6451612903225806,strategy
PM5_P4_strategy,P4,433399445,200,True,custom,1.0,0.5,0.0,-0.5,True,0.01,0.5,100,0,30,0.1,10000,0.0,0.0125,0.9875,0.0,0.0,0.0,0.0,0.9898675000000001,0.020045,0.013879905355208121,0.0,0.01375937804696824,199.0,199.0,100.50251256281405,0.0,False,True,0.01793517406962785,531,n/a,n/a,n/a,n/a,n/a,n/a,n/a,n/a,1.0,1.0,198.98,n/a,donation,1.0,0.5,0.5,True,10,0.5,0.0,1.0,0.0,0.0,own,strip,-0.0037984924905036534,0.1677749547196953,-0.002543330874368745,-0.005329443468214554,0.0451845,0.02744303909526497,0.027527307631683817,0.21035888829759578,65,0.6153846153846154,strategy
PM5_P4_strategy,P4,2121129191,200,True,custom,1.0,0.7,0.0,-0.3,True,0.01,0.5,100,0,30,0.1,10000,0.0,0.027999999999999997,0.9719999999999999,0.0,0.0,0.0,0.0,0.9677075,0.056645,0.03839840498083375,0.0,0.03838161919785384,199.0,199.0,100.50251256281403,0.0,False,True,0.014261704681879905,1007,n/a,n/a,n/a,n/a,n/a,n/a,n/a,n/a,1.0,1.0,199.0,n/a,donation,1.0,0.3,0.3,True,10,0.5,0.0,1.0,0.0,0.1,own,strip,0.0943821326243678,0.1523605522161419,0.09534621054408149,0.09005688130417508,0.045243,0.05555555555555555,0.054801640626882024,0.19970638746733713,81,0.6049382716049383,strategy
PM5_P4_strategy,P4,686818433,200,True,custom,1.0,0.7,0.0,-0.3,True,0.01,0.5,100,0,30,0.1,10000,0.0,0.006999999999999999,0.993,0.0,0.0,0.0,0.0,0.9941675,0.010785,0.027409160589462692,0.0,0.027423366940819798,199.0,199.0,100.50251256281416,0.0,False,False,0.05075630252101556,720,n/a,n/a,n/a,n/a,n/a,n/a,n/a,n/a,1.0,1.0,199.0,n/a,donation,1.0,0.3,0.3,True,10,0.5,0.0,1.0,0.0,0.1,own,strip,0.09419249058026315,0.18949767135907716,0.09704833913363323,0.06642406821077111,0.0454255,0.03997754565167142,0.039133142567709486,0.1914625413609359,81,0.5925925925925926,strategy
PM5_P4_strategy,P4,744720527,200,True,custom,1.0,0.7,0.0,-0.3,True,0.01,0.5,100,0,30,0.1,10000,0.0,0.025500000000000002,0.9745000000000001,0.0,0.0,0.0,0.0,0.9800699999999999,0.03483,0.03676080418331554,0.0,0.036701819216060604,199.0,199.0,100.50251256281408,0.0,False,False,-0.02809123649458353,917,n/a,n/a,n/a,n/a,n/a,n/a,n/a,n/a,1.0,1.0,199.0,n/a,donation,1.0,0.3,0.3,True,10,0.5,0.0,1.0,0.0,0.1,own,strip,0.0917169295779696,0.1792234907940654,0.09313508699737447,0.09269875699729709,0.0451785,0.052065694965525634,0.05244880849457202,0.283801247078712,73,0.6164383561643836,strategy
PM5_P4_strategy,P4,381425458,200,True,custom,1.0,0.7,0.0,-0.3,True,0.01,0.5,100,0,30,0.1,10000,0.0,0.022500000000000003,0.9774999999999998,0.0,0.0,0.0,0.0,0.9761475000000001,0.042355,0.04293763317497739,0.0,0.04294724566002422,199.0,199.0,100.50251256281408,0.0,False,True,-0.014189675870340984,1007,n/a,n/a,n/a,n/a,n/a,n/a,n/a,n/a,1.0,1.0,199.0,n/a,donation,1.0,0.3,0.3,True,10,0.5,0.0,1.0,0.0,0.1,own,strip,0.09436882728705846,0.18054661284167753,0.09506783205455774,0.08840249615757105,0.0454635,0.061890307609400945,0.06132819436448999,0.2747067838253395,78,0.5897435897435898,strategy
PM5_P4_strategy,P4,1620985466,200,True,custom,1.0,0.7,0.0,-0.3,True,0.01,0.5,100,0,30,0.1,10000,0.0,0.033,0.967,0.0,0.0,0.0,0.0,0.9733575,0.046735,0.04007752321281255,0.0,0.04000957496098024,199.0,199.0,100.50251256281412,0.0,False,True,-0.013325330132052822,991,n/a,n/a,n/a,n/a,n/a,n/a,n/a,n/a,1.0,1.0,199.0,n/a,donation,1.0,0.3,0.3,True,10,0.5,0.0,1.0,0.0,0.1,own,strip,0.09364744741841037,0.1426788438025222,0.09610263108983,0.08885575521393875,0.0453325,0.05835217559146308,0.05710234191485517,0.24102622247621097,79,0.5189873417721519,strategy
PM5_P4_strategy,P4,1669164794,200,True,custom,1.0,0.7,0.0,-0.3,True,0.01,0.5,100,0,30,0.1,10000,0.0,0.020999999999999998,0.9790000000000001,0.0,0.0,0.0,0.0,0.9783375,0.038585,0.04049556810265549,0.0,0.04055372462250277,199.0,199.0,100.50251256281406,0.0,False,True,0.01106842737096269,1060,n/a,n/a,n/a,n/a,n/a,n/a,n/a,n/a,1.0,1.0,198.99,n/a,donation,1.0,0.3,0.3,True,10,0.5,0.0,1.0,0.0,0.1,own,strip,0.09658762278859256,0.16139987964916064,0.09734503952549982,0.08821881439327241,0.045332,0.05871680049413218,0.057899447766134406,0.2412769379213744,79,0.5822784810126582,strategy
PM5_P4_strategy,P4,798359651,200,True,custom,1.0,0.7,0.0,-0.3,True,0.01,0.5,100,0,30,0.1,10000,0.0,0.013000000000000001,0.9870000000000001,0.0,0.0,0.0,0.0,0.9870850000000001,0.02323,0.040329199891357546,0.0,0.04035468176489413,199.0,199.0,100.502512562814,0.0,False,False,0.039159663865553376,949,n/a,n/a,n/a,n/a,n/a,n/a,n/a,n/a,1.0,1.0,199.0,n/a,donation,1.0,0.3,0.3,True,10,0.5,0.0,1.0,0.0,0.1,own,strip,0.09524425703676755,0.1869357259354125,0.09740191252540917,0.08667662895528387,0.0452365,0.058050468095453896,0.05763102590327343,0.2506048270845464,90,0.5777777777777777,strategy
PM5_P4_strategy,P4,126337246,200,True,custom,1.0,0.7,0.0,-0.3,True,0.01,0.5,100,0,30,0.1,10000,0.0,0.019000000000000006,0.9809999999999999,0.0,0.0,0.0,0.0,0.9820749999999998,0.03154,0.034109274054885085,0.0,0.03404592137013058,199.0,199.0,100.5025125628141,0.0,False,True,0.009243697478984441,807,n/a,n/a,n/a,n/a,n/a,n/a,n/a,n/a,1.0,1.0,199.0,n/a,donation,1.0,0.3,0.3,True,10,0.5,0.0,1.0,0.0,0.1,own,strip,0.0949852242846612,0.17513633282400398,0.09938142715354491,0.10123937850133105,0.0451565,0.049068240452648015,0.048614249350809845,0.27817862359914985,70,0.5714285714285714,strategy
PM5_P4_strategy,P4,317149051,200,True,custom,1.0,0.7,0.0,-0.3,True,0.01,0.5,100,0,30,0.1,10000,0.0,0.004,0.9960000000000001,0.0,0.0,0.0,0.0,0.99468,0.00973,0.04606336751443464,0.0,0.04606336751443464,199.0,199.0,100.50251256281405,0.0,True,False,0.03195678271308523,1024,n/a,n/a,n/a,n/a,n/a,n/a,n/a,n/a,1.0,1.0,198.99,n/a,donation,1.0,0.3,0.3,True,10,0.5,0.0,1.0,0.0,0.1,own,strip,0.09393523014009737,0.14641815675755396,0.09345327600688792,0.07610890017387527,0.045383,0.06666042350659938,0.06576878475870428,0.28864844801212547,72,0.6388888888888888,strategy
PM5_P4_strategy,P4,433399445,200,True,custom,1.0,0.7,0.0,-0.3,True,0.01,0.5,100,0,30,0.1,10000,0.0,0.0075000000000000015,0.9925,0.0,0.0,0.0,0.0,0.9941324999999999,0.010735,0.0466047526031432,0.0,0.04653044326244232,199.0,199.0,100.50251256281406,0.0,False,True,0.007515006002408116,1049,n/a,n/a,n/a,n/a,n/a,n/a,n/a,n/a,1.0,1.0,198.97,n/a,donation,1.0,0.3,0.3,True,10,0.5,0.0,1.0,0.0,0.1,own,strip,0.09413302961875201,0.15842326221370084,0.09628621514924761,0.07449355868315952,0.0455,0.06717582417582417,0.06644211629125196,0.29955775032943627,73,0.6164383561643836,strategy
PM5_P4_strategy,P4,2121129191,200,True,custom,1.0,0.5,0.0,-0.5,True,0.01,0.5,100,0,30,0.1,10000,0.0,0.021,0.9789999999999999,0.0,0.0,0.0,0.0,0.982085,0.03188,0.013110574290674975,0.0,0.01317360103897306,199.0,199.0,100.502512562814,0.0,False,False,-0.03078031212484994,574,n/a,n/a,n/a,n/a,n/a,n/a,n/a,n/a,1.0,1.0,198.99,n/a,donation,1.0,0.5,0.5,True,10,0.5,0.0,1.0,0.0,0.1,own,strip,0.08821132500068068,0.25200493877729796,0.08997288222707558,0.08806725200801661,0.045222,0.028326920525407986,0.026263696901269194,0.20831362620303645,74,0.5945945945945946,strategy
PM5_P4_strategy,P4,686818433,200,True,custom,1.0,0.5,0.0,-0.5,True,0.01,0.5,100,0,30,0.1,10000,0.0,0.009499999999999998,0.9904999999999999,0.0,0.0,0.0,0.0,0.9901075,0.017855,0.01053155487656965,0.0,0.01056709646470934,199.0,199.0,100.50251256281406,0.0,False,True,0.00645858343337335,497,n/a,n/a,n/a,n/a,n/a,n/a,n/a,n/a,1.0,1.0,199.0,n/a,donation,1.0,0.5,0.5,True,10,0.5,0.0,1.0,0.0,0.1,own,strip,0.09025534782129394,0.2468644482715663,0.09594004642351307,0.08667124759051516,0.045386,0.02133367117613361,0.021125030640656853,0.18633333547146208,64,0.578125,strategy
PM5_P4_strategy,P4,381425458,200,True,custom,1.0,0.5,0.0,-0.5,True,0.01,0.5,100,0,30,0.1,10000,0.0,0.0025,0.9974999999999999,0.0,0.0,0.0,0.0,0.9975975,0.004605,0.01695939736876601,0.0,0.016992170267884438,199.0,199.0,100.50251256281403,0.0,False,True,0.010516206482607348,607,n/a,n/a,n/a,n/a,n/a,n/a,n/a,n/a,1.0,1.0,199.0,n/a,donation,1.0,0.5,0.5,True,10,0.5,0.0,1.0,0.0,0.1,own,strip,0.09476425086156756,0.24471368516441566,0.09716671874443186,0.03500761345988355,0.0452635,0.03512211826305964,0.03393973101478785,0.2767841985276281,66,0.6363636363636364,strategy
PM5_P4_strategy,P4,744720527,200,True,custom,1.0,0.5,0.0,-0.5,True,0.01,0.5,100,0,30,0.1,10000,0.0,0.006500000000000001,0.9934999999999998,0.0,0.0,0.0,0.0,0.9950825,0.009085,0.01458545533880593,0.0,0.01455986736224697,199.0,199.0,100.5025125628141,0.0,False,True,0.009411764705896664,547,n/a,n/a,n/a,n/a,n/a,n/a,n/a,n/a,1.0,1.0,198.98,n/a,donation,1.0,0.5,0.5,True,10,0.5,0.0,1.0,0.0,0.1,own,strip,0.090088489856457,0.24781545199041194,0.09447700537757102,0.060838065055054624,0.045429,0.03080081005525105,0.02905153204947563,0.26850228091544853,73,0.5616438356164384,strategy
PM5_P4_strategy,P4,1620985466,200,True,custom,1.0,0.5,0.0,-0.5,True,0.01,0.5,100,0,30,0.1,10000,0.0,0.011,0.9890000000000001,0.0,0.0,0.0,0.0,0.98984,0.01805,0.018448463768853972,0.0,0.01833721581584487,199.0,199.0,100.50251256281406,0.0,False,False,0.025306122448986747,666,n/a,n/a,n/a,n/a,n/a,n/a,n/a,n/a,1.0,1.0,199.0,n/a,donation,1.0,0.5,0.5,True,10,0.5,0.0,1.0,0.0,0.1,own,strip,0.08939962468479369,0.21274433964719888,0.09434188110848861,0.09541697143096267,0.045158,0.03879711236104345,0.03657175742164672,0.26782744073545767,64,0.609375,strategy
PM5_P4_strategy,P4,1669164794,200,True,custom,1.0,0.5,0.0,-0.5,True,0.01,0.5,100,0,30,0.1,10000,0.0,0.0205,0.9795,0.0,0.0,0.0,0.0,0.9800475000000001,0.035185,0.016748512572206914,0.0,0.0167815698660926,199.0,199.0,100.502512562814,0.0,False,False,-0.03154861944777196,646,n/a,n/a,n/a,n/a,n/a,n/a,n/a,n/a,1.0,1.0,198.99,n/a,donation,1.0,0.5,0.5,True,10,0.5,0.0,1.0,0.0,0.1,own,strip,0.09316506227722894,0.22778398774862707,0.09576663681941117,0.08865965836619451,0.045381,0.035196447852625545,0.033500276026351875,0.2530081435581091,70,0.5857142857142857,strategy
PM5_P4_strategy,P4,798359651,200,True,custom,1.0,0.5,0.0,-0.5,True,0.01,0.5,100,0,30,0.1,10000,0.0,0.017499999999999998,0.9824999999999999,0.0,0.0,0.0,0.0,0.9824974999999998,0.031275,0.016201832461234206,0.0,0.0160928522259381,199.0,199.0,100.50251256281405,0.0,False,True,-0.013181272509003602,567,n/a,n/a,n/a,n/a,n/a,n/a,n/a,n/a,1.0,1.0,199.0,n/a,donation,1.0,0.5,0.5,True,10,0.5,0.0,1.0,0.0,0.1,own,strip,0.08928267781161475,0.2385939407663205,0.09446332989738669,0.08771857540072518,0.045322,0.03383566479855258,0.03210401831821829,0.28960569134921504,61,0.6557377049180327,strategy
PM5_P4_strategy,P4,126337246,200,True,custom,1.0,0.5,0.0,-0.5,True,0.01,0.5,100,0,30,0.1,10000,0.0,0.006500000000000001,0.9934999999999998,0.0,0.0,0.0,0.0,0.994125,0.01048,0.015148785820463766,0.0,0.015195103601735434,199.0,199.0,100.50251256281406,0.0,False,True,0.006962785114052773,525,n/a,n/a,n/a,n/a,n/a,n/a,n/a,n/a,1.0,1.0,198.99,n/a,donation,1.0,0.5,0.5,True,10,0.5,0.0,1.0,0.0,0.1,own,strip,0.09389553479576171,0.21924914049030922,0.0984393247678491,0.09542906192649055,0.0451465,0.03087171763038109,0.030369056614443998,0.29499166997347637,69,0.6521739130434783,strategy
PM5_P4_strategy,P4,317149051,200,True,custom,1.0,0.5,0.0,-0.5,True,0.01,0.5,100,0,30,0.1,10000,0.0,0.016999999999999998,0.983,0.0,0.0,0.0,0.0,0.9841925,0.028415,0.016458363730297236,0.0,0.016562326839349155,199.0,199.0,100.50251256281406,0.0,False,True,-0.017214885954367442,592,n/a,n/a,n/a,n/a,n/a,n/a,n/a,n/a,1.0,1.0,199.0,n/a,donation,1.0,0.5,0.5,True,10,0.5,0.0,1.0,0.0,0.1,own,strip,0.09295013769681343,0.21502907221496034,0.09814918291784365,0.08515769658596604,0.0451605,0.032777537892627405,0.033144051958470505,0.29920537543710496,61,0.6721311475409836,strategy
PM5_P4_strategy,P4,433399445,200,True,custom,1.0,0.5,0.0,-0.5,True,0.01,0.5,100,0,30,0.1,10000,0.0,0.0165,0.9835,0.0,0.0,0.0,0.0,0.9856850000000001,0.02526,0.01505588655035906,0.0,0.01520524673168553,199.0,199.0,100.50251256281406,0.0,False,True,-0.013445378151246194,588,n/a,n/a,n/a,n/a,n/a,n/a,n/a,n/a,1.0,1.0,198.99,n/a,donation,1.0,0.5,0.5,True,10,0.5,0.0,1.0,0.0,0.1,own,strip,0.09229023353251586,0.24425080611738217,0.09518283136172513,0.1021653782405141,0.0452575,0.030939623266861845,0.030373111074452012,0.2886348567576132,63,0.6031746031746031,strategy
PM5_P4_strategy,P4,686818433,200,True,custom,1.0,0.7,0.0,-0.3,True,0.01,0.5,100,0,30,0.1,10000,0.0,0.08099999999999999,0.9189999999999999,0.0,0.0,0.0,0.0,0.9194825000000002,0.117685,0.0690867626529827,0.0,0.0690805746317368,199.0,199.0,100.50251256281413,0.0,False,False,-0.12031212484993997,1802,n/a,n/a,n/a,n/a,n/a,n/a,n/a,n/a,1.0,1.0,198.99,n/a,donation,1.0,0.3,0.3,True,10,0.5,0.0,1.0,0.0,0.2,own,strip,0.1948976146397833,0.22712923698882853,0.1957039029367203,0.20066745439201758,0.0453915,0.10021149334126433,0.09861241545617916,0.2388213759825278,88,0.5454545454545454,strategy
PM5_P4_strategy,P4,2121129191,200,True,custom,1.0,0.7,0.0,-0.3,True,0.01,0.5,100,0,30,0.1,10000,0.0,0.065,0.9349999999999999,0.0,0.0,0.0,0.0,0.943155,0.08391,0.05628198319624605,0.0,0.05608377669476955,199.0,199.0,100.50251256281408,0.0,False,True,0.0023289315726290516,1406,n/a,n/a,n/a,n/a,n/a,n/a,n/a,n/a,1.0,1.0,198.99,n/a,donation,1.0,0.3,0.3,True,10,0.5,0.0,1.0,0.0,0.2,own,strip,0.19437464794199447,0.2371179793630499,0.1960376844293231,0.1951440897226051,0.04523,0.08175989387574618,0.08004100463986091,0.29628987990580374,78,0.5641025641025641,strategy
PM5_P4_strategy,P4,744720527,200,True,custom,1.0,0.7,0.0,-0.3,True,0.01,0.5,100,0,30,0.1,10000,0.0,0.0245,0.9754999999999999,0.0,0.0,0.0,0.0,0.9721875000000001,0.042915,0.07617796121224661,0.0,0.07610781086783755,199.0,199.0,100.50251256281408,0.0,False,False,0.03567827130853057,1680,n/a,n/a,n/a,n/a,n/a,n/a,n/a,n/a,1.0,1.0,198.99,n/a,donation,1.0,0.3,0.3,True,10,0.5,0.0,1.0,0.0,0.2,own,strip,0.19552026468322878,0.22633214260716167,0.19247992372897552,0.19070912387513853,0.045263,0.10994631376621081,0.10866867001069404,0.33865674501064824,86,0.627906976744186,strategy
PM5_P4_strategy,P4,381425458,200,True,custom,1.0,0.7,0.0,-0.3,True,0.01,0.5,100,0,30,0.1,10000,0.0,0.03250000000000001,0.9674999999999999,0.0,0.0,0.0,0.0,0.9649725000000002,0.054145,0.0900146810627589,0.0,0.08999326573407546,199.0,199.0,100.50251256281408,0.0,False,False,0.07015606242496283,2091,n/a,n/a,n/a,n/a,n/a,n/a,n/a,n/a,1.0,1.0,198.99,n/a,donation,1.0,0.3,0.3,True,10,0.5,0.0,1.0,0.0,0.2,own,strip,0.19665752690438154,0.22067949944765808,0.19977554149606563,0.19771455555517298,0.04547,0.1286892456564768,0.1285546289797073,0.28477918755443743,84,0.5952380952380952,strategy
PM5_P4_strategy,P4,1620985466,200,True,custom,1.0,0.7,0.0,-0.3,True,0.01,0.5,100,0,30,0.1,10000,0.0,0.030499999999999992,0.9695,0.0,0.0,0.0,0.0,0.9700625,0.047245,0.057919441400546,0.0,0.057970613093191466,199.0,199.0,100.50251256281406,0.0,False,True,-0.009219687875157215,1391,n/a,n/a,n/a,n/a,n/a,n/a,n/a,n/a,1.0,1.0,199.0,n/a,donation,1.0,0.3,0.3,True,10,0.5,0.0,1.0,0.0,0.2,own,strip,0.19446329670176207,0.2279749221407761,0.19336820985237246,0.1856384316641566,0.0453205,0.08256197526505665,0.08282439289834966,0.31441931149754104,87,0.5747126436781609,strategy
PM5_P4_strategy,P4,1669164794,200,True,custom,1.0,0.7,0.0,-0.3,True,0.01,0.5,100,0,30,0.1,10000,0.0,0.0825,0.9174999999999999,0.0,0.0,0.0,0.0,0.9115075000000001,0.128615,0.0680753710477306,0.0,0.06826090289694894,199.0,199.0,100.50251256281405,0.0,False,False,0.07099639855943092,1711,n/a,n/a,n/a,n/a,n/a,n/a,n/a,n/a,1.0,1.0,199.0,n/a,donation,1.0,0.3,0.3,True,10,0.5,0.0,1.0,0.0,0.2,own,strip,0.19563796759759253,0.2285848709597369,0.19467691967527556,0.19739784480946596,0.0455825,0.09787199034717271,0.09749899807998072,0.2779748504761694,86,0.5813953488372093,strategy
PM5_P4_strategy,P4,798359651,200,True,custom,1.0,0.7,0.0,-0.3,True,0.01,0.5,100,0,30,0.1,10000,0.0,0.0445,0.9555,0.0,0.0,0.0,0.0,0.9554699999999998,0.06894,0.08064709038725767,0.0,0.08064163428903601,199.0,199.0,100.50251256281403,0.0,False,False,0.13147659063624736,1793,n/a,n/a,n/a,n/a,n/a,n/a,n/a,n/a,1.0,1.0,199.0,n/a,donation,1.0,0.3,0.3,True,10,0.5,0.0,1.0,0.0,0.2,own,strip,0.1948082036729756,0.2292648742133943,0.19314113266967334,0.1881726218794491,0.045271,0.11732676547900422,0.11510124862657362,0.30633126926965276,86,0.6162790697674418,strategy
PM5_P4_strategy,P4,126337246,200,True,custom,1.0,0.7,0.0,-0.3,True,0.01,0.5,100,0,30,0.1,10000,0.0,0.023000000000000003,0.9770000000000001,0.0,0.0,0.0,0.0,0.9802700000000002,0.03123,0.08473089614170679,0.0,0.08465840714452041,199.0,199.0,100.50251256281406,0.0,False,False,0.0521968787515006,1855,n/a,n/a,n/a,n/a,n/a,n/a,n/a,n/a,1.0,1.0,199.0,n/a,donation,1.0,0.3,0.3,True,10,0.5,0.0,1.0,0.0,0.2,own,strip,0.19657083322462066,0.2433861325859484,0.19597252273962829,0.18843081226498556,0.045546,0.12262328195670312,0.12086150825498138,0.32967732522243043,89,0.5730337078651685,strategy
PM5_P4_strategy,P4,317149051,200,True,custom,1.0,0.7,0.0,-0.3,True,0.01,0.5,100,0,30,0.1,10000,0.0,0.0335,0.9664999999999999,0.0,0.0,0.0,0.0,0.9676750000000002,0.05013,0.07651569335962323,0.0,0.07638655237101122,199.0,199.0,100.50251256281408,0.0,False,True,-0.00393757503000485,1664,n/a,n/a,n/a,n/a,n/a,n/a,n/a,n/a,1.0,1.0,199.0,n/a,donation,1.0,0.3,0.3,True,10,0.5,0.0,1.0,0.0,0.2,own,strip,0.19592445098975866,0.23159376593266442,0.1933451665584751,0.19627374680501072,0.0452055,0.11082169205074603,0.1090436214284854,0.3395939836303136,82,0.4878048780487805,strategy
PM5_P4_strategy,P4,433399445,200,True,custom,1.0,0.7,0.0,-0.3,True,0.01,0.5,100,0,30,0.1,10000,0.0,0.04650000000000001,0.9535,0.0,0.0,0.0,0.0,0.9495874999999998,0.076675,0.1089221781117461,0.0,0.10893034731475956,199.0,199.0,100.50251256281416,0.0,False,False,0.20434573829532526,2392,n/a,n/a,n/a,n/a,n/a,n/a,n/a,n/a,1.0,1.0,198.98,n/a,donation,1.0,0.3,0.3,True,10,0.5,0.0,1.0,0.0,0.2,own,strip,0.1960198348551965,0.21280294851465273,0.19639066807363234,0.19294659320922866,0.045164,0.15570476485696572,0.15560813584741254,0.281065622664603,87,0.632183908045977,strategy
PM5_P4_strategy,P4,2121129191,200,True,custom,1.0,0.5,0.0,-0.5,True,0.01,0.5,100,0,30,0.1,10000,0.0,0.0385,0.9614999999999998,0.0,0.0,0.0,0.0,0.9636375000000001,0.056065,0.021851927051005846,0.0,0.021750435709717766,199.0,199.0,100.5025125628141,0.0,False,True,-0.006626650660271261,873,n/a,n/a,n/a,n/a,n/a,n/a,n/a,n/a,1.0,1.0,199.0,n/a,donation,1.0,0.5,0.5,True,10,0.5,0.0,1.0,0.0,0.2,own,strip,0.1934386276787415,0.27743163492771356,0.19448788624024024,0.19606751906488362,0.045272,0.044707545502739,0.04344980978875659,0.28559349342726376,87,0.5862068965517241,strategy
PM5_P4_strategy,P4,686818433,200,True,custom,1.0,0.5,0.0,-0.5,True,0.01,0.5,100,0,30,0.1,10000,0.0,0.022,0.978,0.0,0.0,0.0,0.0,0.979565,0.03192,0.018450787840372147,0.0,0.01848834010631089,199.0,199.0,100.50251256281406,0.0,False,True,-0.016734693877543866,702,n/a,n/a,n/a,n/a,n/a,n/a,n/a,n/a,1.0,1.0,199.0,n/a,donation,1.0,0.5,0.5,True,10,0.5,0.0,1.0,0.0,0.2,own,strip,0.19242200774368862,0.3018698085598638,0.1963576912743038,0.20109748482174386,0.04542,0.03915125495376486,0.03687433216702633,0.2820284841411195,76,0.5789473684210527,strategy
PM5_P4_strategy,P4,744720527,200,True,custom,1.0,0.5,0.0,-0.5,True,0.01,0.5,100,0,30,0.1,10000,0.0,0.019999999999999997,0.9800000000000001,0.0,0.0,0.0,0.0,0.9806725000000001,0.030455,0.023936328745153175,0.0,0.024025021768046797,199.0,199.0,100.50251256281412,0.0,False,True,-0.0038655462184730843,910,n/a,n/a,n/a,n/a,n/a,n/a,n/a,n/a,1.0,1.0,198.99,n/a,donation,1.0,0.5,0.5,True,10,0.5,0.0,1.0,0.0,0.2,own,strip,0.19357309509860868,0.26393732528140285,0.19624233412335212,0.19468276171151783,0.0453345,0.04900241537901598,0.04801943717459152,0.3019931946493018,79,0.569620253164557,strategy
PM5_P4_strategy,P4,381425458,200,True,custom,1.0,0.5,0.0,-0.5,True,0.01,0.5,100,0,30,0.1,10000,0.0,0.015500000000000003,0.9845,0.0,0.0,0.0,0.0,0.9824675,0.027575,0.019487664350264694,0.0,0.019474065940195198,199.0,199.0,100.50251256281416,0.0,False,True,-0.014093637454974838,707,n/a,n/a,n/a,n/a,n/a,n/a,n/a,n/a,1.0,1.0,199.0,n/a,donation,1.0,0.5,0.5,True,10,0.5,0.0,1.0,0.0,0.2,own,strip,0.1901680006621739,0.29540238955575454,0.1943460637047873,0.19456348314621713,0.0452835,0.04050592379122638,0.03887908085803482,0.36205493257178123,70,0.6571428571428571,strategy
PM5_P4_strategy,P4,1620985466,200,True,custom,1.0,0.5,0.0,-0.5,True,0.01,0.5,100,0,30,0.1,10000,0.0,0.018500000000000006,0.9814999999999999,0.0,0.0,0.0,0.0,0.9806999999999999,0.03067,0.021168968299986386,0.0,0.021018626957687244,199.0,199.0,100.50251256281405,0.0,False,True,0.00907563025210084,763,n/a,n/a,n/a,n/a,n/a,n/a,n/a,n/a,1.0,1.0,198.98,n/a,donation,1.0,0.5,0.5,True,10,0.5,0.0,1.0,0.0,0.2,own,strip,0.19061428346030443,0.2595338882014872,0.19224339587283448,0.18818367054614027,0.0454585,0.04272578285689145,0.04201519787248643,0.3556400896178467,70,0.5571428571428572,strategy
PM5_P4_strategy,P4,1669164794,200,True,custom,1.0,0.5,0.0,-0.5,True,0.01,0.5,100,0,30,0.1,10000,0.0,0.026500000000000003,0.9734999999999999,0.0,0.0,0.0,0.0,0.9740225,0.040585,0.019970551375116306,0.0,0.01989398152052701,199.0,199.0,100.50251256281412,0.0,False,False,-0.02487394957983909,791,n/a,n/a,n/a,n/a,n/a,n/a,n/a,n/a,1.0,1.0,199.0,n/a,donation,1.0,0.5,0.5,True,10,0.5,0.0,1.0,0.0,0.2,own,strip,0.19495174000455423,0.29642988543307264,0.194924517353411,0.19666109707625443,0.0454195,0.04137540043373441,0.03971299434673137,0.2976773605296869,78,0.5512820512820513,strategy
PM5_P4_strategy,P4,798359651,200,True,custom,1.0,0.5,0.0,-0.5,True,0.01,0.5,100,0,30,0.1,10000,0.0,0.029000000000000005,0.9709999999999999,0.0,0.0,0.0,0.0,0.9718899999999999,0.04407,0.02267385886635198,0.0,0.022684438149787496,199.0,199.0,100.50251256281395,0.0,False,True,-0.004873949579846244,789,n/a,n/a,n/a,n/a,n/a,n/a,n/a,n/a,1.0,1.0,198.99,n/a,donation,1.0,0.5,0.5,True,10,0.5,0.0,1.0,0.0,0.2,own,strip,0.1932281308526501,0.27250069285864215,0.19732676043164835,0.19244865276975615,0.0451455,0.0466380923901607,0.04531763739920585,0.3425562589159763,78,0.5769230769230769,strategy
PM5_P4_strategy,P4,126337246,200,True,custom,1.0,0.5,0.0,-0.5,True,0.01,0.5,100,0,30,0.1,10000,0.0,0.0225,0.9775,0.0,0.0,0.0,0.0,0.97772,0.03513,0.01908041399624693,0.0,0.018951053672412656,199.0,199.0,100.50251256281412,0.0,False,False,-0.03673469387753671,658,n/a,n/a,n/a,n/a,n/a,n/a,n/a,n/a,1.0,1.0,198.98,n/a,donation,1.0,0.5,0.5,True,10,0.5,0.0,1.0,0.0,0.2,own,strip,0.1922708722975393,0.31054494182638803,0.1986172693272379,0.19179922608736824,0.0451315,0.04023797126175731,0.03778792577197802,0.37594282044439,61,0.639344262295082,strategy
PM5_P4_strategy,P4,317149051,200,True,custom,1.0,0.5,0.0,-0.5,True,0.01,0.5,100,0,30,0.1,10000,0.0,0.0205,0.9795,0.0,0.0,0.0,0.0,0.9797250000000002,0.0321,0.02050524137414533,0.0,0.02057005081329151,199.0,199.0,100.50251256281412,0.0,False,False,-0.029075630252093684,751,n/a,n/a,n/a,n/a,n/a,n/a,n/a,n/a,1.0,1.0,198.99,n/a,donation,1.0,0.5,0.5,True,10,0.5,0.0,1.0,0.0,0.2,own,strip,0.1926980418343805,0.2768339884392092,0.19596069997058727,0.18826250338895661,0.045503,0.04222798496802409,0.04108394264204078,0.3456264180083603,75,0.6,strategy
PM5_P4_strategy,P4,433399445,200,True,custom,1.0,0.5,0.0,-0.5,True,0.01,0.5,100,0,30,0.1,10000,0.0,0.0185,0.9814999999999999,0.0,0.0,0.0,0.0,0.9843125,0.025315,0.019469092812434936,0.0,0.019281211096927035,199.0,199.0,100.50251256281406,0.0,False,True,-0.00818727490995683,679,n/a,n/a,n/a,n/a,n/a,n/a,n/a,n/a,1.0,1.0,198.99,n/a,donation,1.0,0.5,0.5,True,10,0.5,0.0,1.0,0.0,0.2,own,strip,0.19049280743731195,0.2809246513548304,0.1942341382130654,0.17898175453974702,0.0455665,0.03960694808686206,0.03852101796510705,0.3704496533786511,71,0.5211267605633803,strategy
PM5_P4_strategy,P4,2121129191,200,True,custom,1.0,0.7,0.0,-0.3,True,0.01,0.5,100,0,30,0.1,10000,0.0,0.359,0.641,0.0,0.0,0.0,0.0,0.6488925,0.320085,0.25344215280196525,0.0,0.2529586911201706,199.0,199.0,100.5025125628141,0.0,False,False,-0.13767106842736737,4453,n/a,n/a,n/a,n/a,n/a,n/a,n/a,n/a,1.0,1.0,198.98,n/a,donation,1.0,0.3,0.3,True,10,0.5,0.0,1.0,0.0,0.3,own,strip,0.2962653715933254,0.3060940705395138,0.2973035322817421,0.29537296268762064,0.045721,0.3626889175652326,0.3613054987063532,0.3367413250329804,93,0.4731182795698925,strategy
PM5_P4_strategy,P4,686818433,200,True,custom,1.0,0.7,0.0,-0.3,True,0.01,0.5,100,0,30,0.1,10000,0.0,0.2465,0.7535000000000001,0.0,0.0,0.0,0.0,0.7508549999999999,0.26138,0.18710517160268061,0.0,0.1870472127841506,199.0,199.0,100.50251256281408,0.0,False,False,0.03195678271308166,3961,n/a,n/a,n/a,n/a,n/a,n/a,n/a,n/a,1.0,1.0,199.0,n/a,donation,1.0,0.3,0.3,True,10,0.5,0.0,1.0,0.0,0.3,own,strip,0.2973238131149347,0.31818476298579956,0.2941695143988786,0.29887146094988987,0.0453855,0.2707527734628901,0.26704130306003104,0.30405160575327883,94,0.5638297872340425,strategy
PM5_P4_strategy,P4,744720527,200,True,custom,1.0,0.7,0.0,-0.3,True,0.01,0.5,100,0,30,0.1,10000,0.0,0.6865,0.31349999999999995,0.0,0.0,0.0,0.0,0.30213500000000004,0.29215,0.4026306043358239,0.0,0.4026627338808126,199.0,199.0,100.50251256281406,0.0,False,False,-0.41791116446578275,4768,n/a,n/a,n/a,n/a,n/a,n/a,n/a,n/a,1.0,1.0,198.99,n/a,donation,1.0,0.3,0.3,True,10,0.5,0.0,1.0,0.0,0.3,own,strip,0.29795138865645493,0.31089744612365494,0.29701517429442137,0.3009523319119962,0.045651,0.5760552890407659,0.5751947138834954,0.3223188799409863,90,0.6333333333333333,strategy
PM5_P4_strategy,P4,381425458,200,True,custom,1.0,0.7,0.0,-0.3,True,0.01,0.5,100,0,30,0.1,10000,0.0,0.613,0.387,0.0,0.0,0.0,0.0,0.40044500000000005,0.33666,0.36245672910428883,0.0,0.36195669592952023,199.0,199.0,100.50251256281406,0.0,False,False,-0.3337334933973625,4886,n/a,n/a,n/a,n/a,n/a,n/a,n/a,n/a,1.0,1.0,199.0,n/a,donation,1.0,0.3,0.3,True,10,0.5,0.0,1.0,0.0,0.3,own,strip,0.2973068893551369,0.30580049472155457,0.2979325823505547,0.2971125025211674,0.0452855,0.5193052963973016,0.5169760174376737,0.3146260928692709,96,0.5729166666666666,strategy
PM5_P4_strategy,P4,1620985466,200,True,custom,1.0,0.7,0.0,-0.3,True,0.01,0.5,100,0,30,0.1,10000,0.0,0.23949999999999996,0.7605,0.0,0.0,0.0,0.0,0.763075,0.25524,0.2682723436676229,0.0,0.2681221104469577,199.0,199.0,100.50251256281406,0.0,False,False,0.47402160864345383,4636,n/a,n/a,n/a,n/a,n/a,n/a,n/a,n/a,1.0,1.0,198.99,n/a,donation,1.0,0.3,0.3,True,10,0.5,0.0,1.0,0.0,0.3,own,strip,0.2951887772397719,0.3032466910576239,0.293406028270653,0.29319999648926093,0.045107,0.38312789589199014,0.38302799371238455,0.31204950737311726,97,0.4845360824742268,strategy
PM5_P4_strategy,P4,1669164794,200,True,custom,1.0,0.7,0.0,-0.3,True,0.01,0.5,100,0,30,0.1,10000,0.0,0.38899999999999996,0.6110000000000001,0.0,0.0,0.0,0.0,0.6061325,0.335825,0.29812753216160826,0.0,0.2978744361092055,199.0,199.0,100.50251256281408,0.0,False,False,0.4729171668667467,4713,n/a,n/a,n/a,n/a,n/a,n/a,n/a,n/a,1.0,1.0,198.97,n/a,donation,1.0,0.3,0.3,True,10,0.5,0.0,1.0,0.0,0.3,own,strip,0.2961328035727801,0.31014914028638296,0.2966867861952554,0.2953729733647404,0.045578,0.4255232787748475,0.4255329403555241,0.31601611975255495,93,0.5053763440860215,strategy
PM5_P4_strategy,P4,798359651,200,True,custom,1.0,0.7,0.0,-0.3,True,0.01,0.5,100,0,30,0.1,10000,0.0,0.295,0.7049999999999998,0.0,0.0,0.0,0.0,0.703235,0.29332,0.33252587974836484,0.0,0.33239669411469164,199.0,199.0,100.502512562814,0.0,False,False,0.345810324129659,4849,n/a,n/a,n/a,n/a,n/a,n/a,n/a,n/a,1.0,1.0,198.99,n/a,donation,1.0,0.3,0.3,True,10,0.5,0.0,1.0,0.0,0.3,own,strip,0.29765059029464874,0.3056071012971151,0.2959645404673318,0.29614002012416357,0.0454305,0.47375661725052554,0.4749051797695191,0.3367222479228202,93,0.4946236559139785,strategy
PM5_P4_strategy,P4,126337246,200,True,custom,1.0,0.7,0.0,-0.3,True,0.01,0.5,100,0,30,0.1,10000,0.0,0.346,0.6539999999999999,0.0,0.0,0.0,0.0,0.6609225000000001,0.314315,0.23332326682030036,0.0,0.23341103260531076,199.0,199.0,100.5025125628141,0.0,False,False,-0.06240096038415723,4436,n/a,n/a,n/a,n/a,n/a,n/a,n/a,n/a,1.0,1.0,198.99,n/a,donation,1.0,0.3,0.3,True,10,0.5,0.0,1.0,0.0,0.3,own,strip,0.29647823047507615,0.31604498370403683,0.2962132322604081,0.29644233399167846,0.045429,0.3334158797244051,0.33344717155664694,0.31694876567009767,96,0.5,strategy
PM5_P4_strategy,P4,317149051,200,True,custom,1.0,0.7,0.0,-0.3,True,0.01,0.5,100,0,30,0.1,10000,0.0,0.6655,0.3345,0.0,0.0,0.0,0.0,0.323725,0.30669,0.5828912461693081,0.0,0.5829641769999672,199.0,199.0,100.50251256281403,0.0,False,False,0.6273709483793517,2700,n/a,n/a,n/a,n/a,n/a,n/a,n/a,n/a,1.0,1.0,199.0,n/a,donation,1.0,0.3,0.3,True,10,0.5,0.0,1.0,0.0,0.3,own,strip,0.29752602729323674,0.3185082109676762,0.29418172848859214,0.2958008973049668,0.045245,0.8308818653994916,0.8328971830469597,0.35540869891401333,87,0.4942528735632184,strategy
PM5_P4_strategy,P4,433399445,200,True,custom,1.0,0.7,0.0,-0.3,True,0.01,0.5,100,0,30,0.1,10000,0.0,0.21999999999999997,0.78,0.0,0.0,0.0,0.0,0.7784575,0.242925,0.20071953604957557,0.0,0.20088245034096508,199.0,199.0,100.5025125628141,0.0,False,False,0.09810324129652218,3951,n/a,n/a,n/a,n/a,n/a,n/a,n/a,n/a,1.0,1.0,198.99,n/a,donation,1.0,0.3,0.3,True,10,0.5,0.0,1.0,0.0,0.3,own,strip,0.29688194987366906,0.3183865340009655,0.2970518726241243,0.29520095632780186,0.045546,0.28993215650111975,0.28683231460080844,0.32517742401711164,92,0.5978260869565217,strategy
PM5_P4_strategy,P4,2121129191,200,True,custom,1.0,0.5,0.0,-0.5,True,0.01,0.5,100,0,30,0.1,10000,0.0,0.03200000000000001,0.9680000000000002,0.0,0.0,0.0,0.0,0.9770825000000001,0.031335,0.025227524760672384,0.0,0.02519756517367947,199.0,199.0,100.50251256281412,0.0,False,False,-0.04725090036014406,974,n/a,n/a,n/a,n/a,n/a,n/a,n/a,n/a,1.0,1.0,198.99,n/a,donation,1.0,0.5,0.5,True,10,0.5,0.0,1.0,0.0,0.3,own,strip,0.2933028760193676,0.3574304563603623,0.29445631689119695,0.28014555257063173,0.045392,0.053137116672541417,0.05026539689589863,0.37743984962934163,79,0.5443037974683544,strategy
PM5_P4_strategy,P4,686818433,200,True,custom,1.0,0.5,0.0,-0.5,True,0.01,0.5,100,0,30,0.1,10000,0.0,0.009000000000000001,0.991,0.0,0.0,0.0,0.0,0.9909025,0.013295,0.016685244300127314,0.0,0.01663967180420607,199.0,199.0,100.50251256281408,0.0,False,False,0.04492196878752216,703,n/a,n/a,n/a,n/a,n/a,n/a,n/a,n/a,1.0,1.0,198.99,n/a,donation,1.0,0.5,0.5,True,10,0.5,0.0,1.0,0.0,0.3,own,strip,0.29342036031176494,0.3907141368007391,0.29720148045961936,0.2587653971086679,0.045466,0.03583446971363217,0.033155445484393434,0.35218118696097195,71,0.5633802816901409,strategy
PM5_P4_strategy,P4,744720527,200,True,custom,1.0,0.5,0.0,-0.5,True,0.01,0.5,100,0,30,0.1,10000,0.0,0.024999999999999998,0.9749999999999999,0.0,0.0,0.0,0.0,0.9754149999999999,0.03342,0.02789344753263804,0.0,0.02771414716073216,199.0,199.0,100.50251256281395,0.0,False,False,0.044777911164465785,929,n/a,n/a,n/a,n/a,n/a,n/a,n/a,n/a,1.0,1.0,199.0,n/a,donation,1.0,0.5,0.5,True,10,0.5,0.0,1.0,0.0,0.3,own,strip,0.294359843083153,0.3707686878144167,0.294077165028569,0.3003679385317758,0.045393,0.05853325402595114,0.0552863639172979,0.39949885489334563,77,0.5324675324675324,strategy
PM5_P4_strategy,P4,381425458,200,True,custom,1.0,0.5,0.0,-0.5,True,0.01,0.5,100,0,30,0.1,10000,0.0,0.0055,0.9945,0.0,0.0,0.0,0.0,0.9964774999999999,0.006475,0.03394209014261158,0.0,0.03397618442999007,199.0,199.0,100.50251256281406,0.0,False,True,-0.0022328931572485945,1113,n/a,n/a,n/a,n/a,n/a,n/a,n/a,n/a,1.0,1.0,199.0,n/a,donation,1.0,0.5,0.5,True,10,0.5,0.0,1.0,0.0,0.3,own,strip,0.29316681128551747,0.3339506407081881,0.29609209393051883,0.07557154440032549,0.045349,0.06942269950825818,0.06788475579033594,0.4230594881372532,71,0.6901408450704225,strategy
PM5_P4_strategy,P4,1620985466,200,True,custom,1.0,0.5,0.0,-0.5,True,0.01,0.5,100,0,30,0.1,10000,0.0,0.018000000000000002,0.9820000000000002,0.0,0.0,0.0,0.0,0.9820175000000001,0.024615,0.027752949493503033,0.0,0.027819146201786975,199.0,199.0,100.50251256281406,0.0,False,True,0.01776710684274425,1020,n/a,n/a,n/a,n/a,n/a,n/a,n/a,n/a,1.0,1.0,198.98,n/a,donation,1.0,0.5,0.5,True,10,0.5,0.0,1.0,0.0,0.3,own,strip,0.2920949393753553,0.3840672771664909,0.2897370945563056,0.30210498879219666,0.0452915,0.05892385988540896,0.05548395138411358,0.4022767776400471,82,0.5853658536585366,strategy
PM5_P4_strategy,P4,1669164794,200,True,custom,1.0,0.5,0.0,-0.5,True,0.01,0.5,100,0,30,0.1,10000,0.0,0.006500000000000001,0.9935,0.0,0.0,0.0,0.0,0.994135,0.00884,0.02345441607669832,0.0,0.023459235277649086,199.0,199.0,100.5025125628141,0.0,False,True,0.013325330132052822,835,n/a,n/a,n/a,n/a,n/a,n/a,n/a,n/a,1.0,1.0,198.99,n/a,donation,1.0,0.5,0.5,True,10,0.5,0.0,1.0,0.0,0.3,own,strip,0.2926558740828773,0.38949199071392643,0.2936854751484555,0.2374245956662814,0.0453535,0.048860617151928736,0.04683251863386081,0.4092359312787027,78,0.5769230769230769,strategy
PM5_P4_strategy,P4,798359651,200,True,custom,1.0,0.5,0.0,-0.5,True,0.01,0.5,100,0,30,0.1,10000,0.0,0.022000000000000002,0.978,0.0,0.0,0.0,0.0,0.9773075,0.030865,0.03241196421573005,0.0,0.03231274553618193,199.0,199.0,100.50251256281406,0.0,False,False,-0.04715486194477791,1023,n/a,n/a,n/a,n/a,n/a,n/a,n/a,n/a,1.0,1.0,198.98,n/a,donation,1.0,0.5,0.5,True,10,0.5,0.0,1.0,0.0,0.3,own,strip,0.2947183317502724,0.3547425539086821,0.2954968518194647,0.30136172132407246,0.0454085,0.06511446094894127,0.06460512166722625,0.4499676040147763,73,0.6164383561643836,strategy
PM5_P4_strategy,P4,126337246,200,True,custom,1.0,0.5,0.0,-0.5,True,0.01,0.5,100,0,30,0.1,10000,0.0,0.023,0.977,0.0,0.0,0.0,0.0,0.9738049999999999,0.03562,0.037884340729554586,0.0,0.037877510942572586,199.0,199.0,100.5025125628141,0.0,False,False,0.029819927971202788,1215,n/a,n/a,n/a,n/a,n/a,n/a,n/a,n/a,1.0,1.0,198.97,n/a,donation,1.0,0.5,0.5,True,10,0.5,0.0,1.0,0.0,0.3,own,strip,0.2976614656357051,0.34301365787320504,0.29614466341066104,0.29844420400653643,0.045306,0.07700414956076458,0.07570226690436936,0.4204028783436989,86,0.6046511627906976,strategy
PM5_P4_strategy,P4,317149051,200,True,custom,1.0,0.5,0.0,-0.5,True,0.01,0.5,100,0,30,0.1,10000,0.0,0.0305,0.9695,0.0,0.0,0.0,0.0,0.9719825,0.038215,0.03190581755093714,0.0,0.03202466042125304,199.0,199.0,100.50251256281406,0.0,False,True,-0.016326530612237742,1019,n/a,n/a,n/a,n/a,n/a,n/a,n/a,n/a,1.0,1.0,198.98,n/a,donation,1.0,0.5,0.5,True,10,0.5,0.0,1.0,0.0,0.3,own,strip,0.2920216151856636,0.3790516886105558,0.2941471444538395,0.2945846926793445,0.045668,0.06719694315494439,0.06389390694223814,0.4390297652431011,80,0.6125,strategy
PM5_P4_strategy,P4,433399445,200,True,custom,1.0,0.5,0.0,-0.5,True,0.01,0.5,100,0,30,0.1,10000,0.0,0.025,0.975,0.0,0.0,0.0,0.0,0.9787350000000001,0.02941,0.027779756466429665,0.0,0.027650743944816588,199.0,199.0,100.50251256281406,0.0,False,True,-0.017671068427349484,936,n/a,n/a,n/a,n/a,n/a,n/a,n/a,n/a,1.0,1.0,199.0,n/a,donation,1.0,0.5,0.5,True,10,0.5,0.0,1.0,0.0,0.3,own,strip,0.2935703164401585,0.38642974187928714,0.2971736203919742,0.2894723134829792,0.0454385,0.05844162989535306,0.0551575252092191,0.4321160776254078,73,0.5616438356164384,strategy
PM5_P4_strategy,P4,2121129191,200,True,custom,1.0,0.7,0.0,-0.3,True,0.01,0.5,100,0,30,0.1,10000,0.0,0.8974999999999997,0.1025,0.0,0.0,0.0,0.0,0.10507499999999999,0.1127,0.6044901199027145,0.0,0.6044401720250447,199.0,199.0,100.50251256281412,0.0,False,False,0.1937334933973594,2069,n/a,n/a,n/a,n/a,n/a,n/a,n/a,n/a,1.0,1.0,198.98,n/a,donation,1.0,0.3,0.3,True,10,0.5,0.0,1.0,0.0,0.4,own,strip,0.3978380183487379,0.41916394393649353,0.3980319961744687,0.39998883217900466,0.0454225,0.8620342341350652,0.8635542949629548,0.47657745801456486,86,0.5930232558139535,strategy
PM5_P4_strategy,P4,686818433,200,True,custom,1.0,0.7,0.0,-0.3,True,0.01,0.5,100,0,30,0.1,10000,0.0,0.9744999999999999,0.025500000000000002,0.0,0.0,0.0,0.0,0.025525,0.03007,0.6006847319093681,0.0,0.6064566205721342,199.0,199.0,100.50251256281412,0.0,False,True,-0.008691476590636255,1850,n/a,n/a,n/a,n/a,n/a,n/a,n/a,n/a,1.0,1.0,198.99,n/a,donation,1.0,0.3,0.3,True,10,0.5,0.0,1.0,0.0,0.4,own,strip,0.39681214640261664,0.4297917013634998,0.40025549437682156,0.3934796001215238,0.0456275,0.863728014903293,0.8664897615972799,0.5411871660178014,86,0.6046511627906976,strategy
PM5_P4_strategy,P4,744720527,200,True,custom,1.0,0.7,0.0,-0.3,True,0.01,0.5,100,0,30,0.1,10000,0.0,0.8790000000000001,0.121,0.0,0.0,0.0,0.0,0.12298,0.12815,0.61921512281234,0.0,0.6194321260678619,199.0,199.0,100.5025125628141,0.0,False,False,0.2342857142857143,1850,n/a,n/a,n/a,n/a,n/a,n/a,n/a,n/a,1.0,1.0,199.0,n/a,donation,1.0,0.3,0.3,True,10,0.5,0.0,1.0,0.0,0.4,own,strip,0.3978348209939151,0.4332668112652324,0.39868212333011194,0.40268261715536524,0.045485,0.8830878311531274,0.8849847828478337,0.4843212729870649,94,0.5531914893617021,strategy
PM5_P4_strategy,P4,381425458,200,True,custom,1.0,0.7,0.0,-0.3,True,0.01,0.5,100,0,30,0.1,10000,0.0,0.9565000000000001,0.0435,0.0,0.0,0.0,0.0,0.0432125,0.049235,0.6194323774168665,0.0,0.620708860296748,199.0,199.0,100.50251256281412,0.0,False,False,-0.13246098439375886,1872,n/a,n/a,n/a,n/a,n/a,n/a,n/a,n/a,1.0,1.0,198.99,n/a,donation,1.0,0.3,0.3,True,10,0.5,0.0,1.0,0.0,0.4,own,strip,0.4000051154481461,0.4644029340598559,0.4003475762792611,0.39952101785059807,0.0456265,0.8809409005731318,0.8870028348440102,0.4558769181472501,86,0.5348837209302325,strategy
PM5_P4_strategy,P4,1620985466,200,True,custom,1.0,0.7,0.0,-0.3,True,0.01,0.5,100,0,30,0.1,10000,0.0,0.9650000000000001,0.03500000000000001,0.0,0.0,0.0,0.0,0.03795500000000001,0.044,0.6290099656529008,0.0,0.6284344065238943,199.0,199.0,100.50251256281408,0.0,False,False,-0.04432172869147659,1800,n/a,n/a,n/a,n/a,n/a,n/a,n/a,n/a,1.0,1.0,199.0,n/a,donation,1.0,0.3,0.3,True,10,0.5,0.0,1.0,0.0,0.4,own,strip,0.3954921717752481,0.4161269859623507,0.3961744989101443,0.39551977460031457,0.0457845,0.8969247234326028,0.8978108194637375,0.4451852241919073,94,0.648936170212766,strategy
PM5_P4_strategy,P4,798359651,200,True,custom,1.0,0.7,0.0,-0.3,True,0.01,0.5,100,0,30,0.1,10000,0.0,0.954,0.04599999999999999,0.0,0.0,0.0,0.0,0.046435000000000004,0.0527,0.643041457098165,0.0,0.641900944993089,199.0,199.0,100.50251256281408,0.0,False,False,0.032028811524609846,1434,n/a,n/a,n/a,n/a,n/a,n/a,n/a,n/a,1.0,1.0,198.97,n/a,donation,1.0,0.3,0.3,True,10,0.5,0.0,1.0,0.0,0.4,own,strip,0.39603320645472323,0.4293318987696228,0.39821270792254004,0.403939118104004,0.04543,0.9136363636363637,0.9171603444482856,0.45617107397925316,77,0.5974025974025974,strategy
PM5_P4_strategy,P4,1669164794,200,True,custom,1.0,0.7,0.0,-0.3,True,0.01,0.5,100,0,30,0.1,10000,0.0,0.9395000000000001,0.0605,0.0,0.0,0.0,0.0,0.05802499999999999,0.06462,0.6067930142377326,0.0,0.6068881776711215,199.0,199.0,100.50251256281403,0.0,False,True,4.801920768352044e-05,1957,n/a,n/a,n/a,n/a,n/a,n/a,n/a,n/a,1.0,1.0,199.0,n/a,donation,1.0,0.3,0.3,True,10,0.5,0.0,1.0,0.0,0.4,own,strip,0.3973555565662169,0.4181044063252024,0.3980869367476708,0.4079068962456823,0.0452365,0.8657665822952704,0.8670406336228815,0.5016496108101833,80,0.6,strategy
PM5_P4_strategy,P4,126337246,200,True,custom,1.0,0.7,0.0,-0.3,True,0.01,0.5,100,0,30,0.1,10000,0.0,0.938,0.062,0.0,0.0,0.0,0.0,0.055845,0.0632,0.5772667872637018,0.0,0.5789344987195559,199.0,199.0,100.50251256281406,0.0,False,False,-0.1568787515005998,2519,n/a,n/a,n/a,n/a,n/a,n/a,n/a,n/a,1.0,1.0,198.98,n/a,donation,1.0,0.3,0.3,True,10,0.5,0.0,1.0,0.0,0.4,own,strip,0.3969088768232634,0.4259200089555133,0.39688076873614464,0.3947479579662799,0.0455405,0.8243706151667197,0.8271752232546273,0.47310168178687767,88,0.6022727272727273,strategy
PM5_P4_strategy,P4,317149051,200,True,custom,1.0,0.7,0.0,-0.3,True,0.01,0.5,100,0,30,0.1,10000,0.0,0.931,0.069,0.0,0.0,0.0,0.0,0.0710925,0.077955,0.6291681318862143,0.0,0.6302922351770177,199.0,199.0,100.50251256281416,0.0,False,False,0.18521008403361322,1657,n/a,n/a,n/a,n/a,n/a,n/a,n/a,n/a,1.0,1.0,199.0,n/a,donation,1.0,0.3,0.3,True,10,0.5,0.0,1.0,0.0,0.4,own,strip,0.3961973538156841,0.4298379388152426,0.3969078710639445,0.40502515218389323,0.045519,0.8982018497770162,0.9005234258198959,0.4645746378241142,79,0.6075949367088608,strategy
PM5_P4_strategy,P4,433399445,200,True,custom,1.0,0.7,0.0,-0.3,True,0.01,0.5,100,0,30,0.1,10000,0.0,0.9825000000000002,0.017499999999999998,0.0,0.0,0.0,0.0,0.01733,0.02114,0.640052371375403,0.0,0.6384187262890684,199.0,199.0,100.50251256281408,0.0,False,False,-0.11411764705882241,1448,n/a,n/a,n/a,n/a,n/a,n/a,n/a,n/a,1.0,1.0,198.97,n/a,donation,1.0,0.3,0.3,True,10,0.5,0.0,1.0,0.0,0.4,own,strip,0.394747209835093,0.43621997752830827,0.3967691113636659,0.37633212114158515,0.045399,0.9105597039582369,0.9120936391225234,0.4757978603038394,88,0.6477272727272727,strategy
PM5_P4_strategy,P4,2121129191,200,True,custom,1.0,0.5,0.0,-0.5,True,0.01,0.5,100,0,30,0.1,10000,0.0,0.024,0.9760000000000002,0.0,0.0,0.0,0.0,0.9754525000000001,0.028665,0.05765637334100122,0.0,0.05767303214813527,199.0,199.0,100.50251256281413,0.0,False,False,0.03882352941176471,1817,n/a,n/a,n/a,n/a,n/a,n/a,n/a,n/a,1.0,1.0,198.98,n/a,donation,1.0,0.5,0.5,True,10,0.5,0.0,1.0,0.0,0.4,own,strip,0.3964157157357706,0.4188632353026163,0.39557338203607234,0.39762740691908555,0.0455795,0.11955484373457366,0.11514421578329467,0.47163986832782356,81,0.5679012345679012,strategy
PM5_P4_strategy,P4,686818433,200,True,custom,1.0,0.5,0.0,-0.5,True,0.01,0.5,100,0,30,0.1,10000,0.0,0.03950000000000001,0.9605,0.0,0.0,0.0,0.0,0.9642075,0.041405,0.04265371784673748,0.0,0.04266746566684332,199.0,199.0,100.50251256281408,0.0,False,False,0.1913085234093566,1507,n/a,n/a,n/a,n/a,n/a,n/a,n/a,n/a,1.0,1.0,199.0,n/a,donation,1.0,0.5,0.5,True,10,0.5,0.0,1.0,0.0,0.4,own,strip,0.3975000890229632,0.4099368913343513,0.39825642076108875,0.3989468799562806,0.0450515,0.08693939158518585,0.08526297491435401,0.43576291326453015,89,0.5617977528089888,strategy
PM5_P4_strategy,P4,744720527,200,True,custom,1.0,0.5,0.0,-0.5,True,0.01,0.5,100,0,30,0.1,10000,0.0,0.027500000000000004,0.9724999999999999,0.0,0.0,0.0,0.0,0.9764975,0.027825,0.05034911642483968,0.0,0.05056941787472871,199.0,199.0,100.50251256281408,0.0,False,False,0.04600240096039131,1657,n/a,n/a,n/a,n/a,n/a,n/a,n/a,n/a,1.0,1.0,198.99,n/a,donation,1.0,0.5,0.5,True,10,0.5,0.0,1.0,0.0,0.4,own,strip,0.3967897869204662,0.4367000533258509,0.3956171620004998,0.39323504338896875,0.0454455,0.1047023357648172,0.10096568608706993,0.4742050466281166,85,0.6,strategy
PM5_P4_strategy,P4,381425458,200,True,custom,1.0,0.5,0.0,-0.5,True,0.01,0.5,100,0,30,0.1,10000,0.0,0.072,0.9280000000000002,0.0,0.0,0.0,0.0,0.931305,0.07727,0.07217024027854409,0.0,0.07221487998711432,199.0,199.0,100.50251256281406,0.0,False,True,0.001128451380552221,2241,n/a,n/a,n/a,n/a,n/a,n/a,n/a,n/a,1.0,1.0,198.99,n/a,donation,1.0,0.5,0.5,True,10,0.5,0.0,1.0,0.0,0.4,own,strip,0.39710950648098653,0.4142426238681816,0.3994659581498479,0.3936471726868035,0.0453875,0.14729275681630405,0.1442959839725543,0.470795820160395,91,0.5824175824175825,strategy
PM5_P4_strategy,P4,1620985466,200,True,custom,1.0,0.5,0.0,-0.5,True,0.01,0.5,100,0,30,0.1,10000,0.0,0.008,0.992,0.0,0.0,0.0,0.0,0.9933324999999998,0.009625,0.057941708332873744,0.0,0.057919885927931875,199.0,199.0,100.5025125628141,0.0,False,False,0.22254501800721002,1801,n/a,n/a,n/a,n/a,n/a,n/a,n/a,n/a,1.0,1.0,198.99,n/a,donation,1.0,0.5,0.5,True,10,0.5,0.0,1.0,0.0,0.4,own,strip,0.39547714812308143,0.42504616400480044,0.3964753859121371,0.2703119311305618,0.045328,0.11607064066360748,0.11582904913939028,0.49811608339931973,83,0.6265060240963856,strategy
PM5_P4_strategy,P4,1669164794,200,True,custom,1.0,0.5,0.0,-0.5,True,0.01,0.5,100,0,30,0.1,10000,0.0,0.009500000000000001,0.9905000000000002,0.0,0.0,0.0,0.0,0.9922475000000001,0.010465,0.03222478863909023,0.0,0.03222976576639897,199.0,199.0,100.50251256281413,0.0,False,False,0.029075630252093684,1080,n/a,n/a,n/a,n/a,n/a,n/a,n/a,n/a,1.0,1.0,199.0,n/a,donation,1.0,0.5,0.5,True,10,0.5,0.0,1.0,0.0,0.4,own,strip,0.3956242796276226,0.44712579066509467,0.39779893253270016,0.3155504141717102,0.0455235,0.06590002965501335,0.06438503200445479,0.48708684633696864,80,0.5875,strategy
PM5_P4_strategy,P4,798359651,200,True,custom,1.0,0.5,0.0,-0.5,True,0.01,0.5,100,0,30,0.1,10000,0.0,0.06700000000000002,0.9329999999999998,0.0,0.0,0.0,0.0,0.92829,0.07956,0.0557609868796826,0.0,0.05566501207628819,199.0,199.0,100.50251256281408,0.0,False,False,-0.07995198079230977,1692,n/a,n/a,n/a,n/a,n/a,n/a,n/a,n/a,1.0,1.0,198.98,n/a,donation,1.0,0.5,0.5,True,10,0.5,0.0,1.0,0.0,0.4,own,strip,0.39804007102219835,0.44926355920242195,0.39820489412814947,0.39885549748366517,0.0453005,0.1157603116963389,0.11111271138195841,0.5092685580259274,88,0.6022727272727273,strategy
PM5_P4_strategy,P4,126337246,200,True,custom,1.0,0.5,0.0,-0.5,True,0.01,0.5,100,0,30,0.1,10000,0.0,0.017499999999999998,0.9824999999999999,0.0,0.0,0.0,0.0,0.9824825,0.021115,0.04642404600195001,0.0,0.04632344163103248,199.0,199.0,100.50251256281413,0.0,False,False,0.10165666266507319,1445,n/a,n/a,n/a,n/a,n/a,n/a,n/a,n/a,1.0,1.0,198.99,n/a,donation,1.0,0.5,0.5,True,10,0.5,0.0,1.0,0.0,0.4,own,strip,0.3951975474480572,0.4517014095596823,0.3973305839752714,0.3851652719026326,0.045555,0.09586763253210405,0.09249092404486377,0.4983119559706839,81,0.6172839506172839,strategy
PM5_P4_strategy,P4,317149051,200,True,custom,1.0,0.5,0.0,-0.5,True,0.01,0.5,100,0,30,0.1,10000,0.0,0.11750000000000001,0.8825000000000001,0.0,0.0,0.0,0.0,0.880105,0.12595,0.04989654926882103,0.0,0.04983858169712305,199.0,199.0,100.50251256281406,0.0,False,False,-0.19841536614644428,1567,n/a,n/a,n/a,n/a,n/a,n/a,n/a,n/a,1.0,1.0,198.95,n/a,donation,1.0,0.5,0.5,True,10,0.5,0.0,1.0,0.0,0.4,own,strip,0.3971001413614786,0.4205828256953988,0.3956415968843407,0.39666117009983004,0.0454945,0.10001208937344075,0.09966495740464565,0.511499301481471,85,0.5529411764705883,strategy
PM5_P4_strategy,P4,433399445,200,True,custom,1.0,0.5,0.0,-0.5,True,0.01,0.5,100,0,30,0.1,10000,0.0,0.028500000000000004,0.9715,0.0,0.0,0.0,0.0,0.9750400000000001,0.02969,0.036808217450895034,0.0,0.03669442442548026,199.0,199.0,100.502512562814,0.0,False,False,-0.02857142857142857,1191,n/a,n/a,n/a,n/a,n/a,n/a,n/a,n/a,1.0,1.0,199.0,n/a,donation,1.0,0.5,0.5,True,10,0.5,0.0,1.0,0.0,0.4,own,strip,0.3938465808712633,0.44642311592092915,0.3971009722425386,0.385122729653308,0.0452635,0.07574535773857523,0.07328278535491206,0.5169836629031705,79,0.5822784810126582,strategy
PM5_P4_strategy,P4,2121129191,200,True,custom,1.0,0.7,0.0,-0.3,True,0.01,0.5,100,0,30,0.1,10000,0.0,0.9834999999999999,0.016500000000000004,0.0,0.0,0.0,0.0,0.017069999999999995,0.01797,0.6542775861147808,0.0,0.6558885068176361,199.0,199.0,100.50251256281403,0.0,False,True,-0.011860744297719423,983,n/a,n/a,n/a,n/a,n/a,n/a,n/a,n/a,1.0,1.0,198.99,n/a,donation,1.0,0.3,0.3,True,10,0.5,0.0,1.0,0.0,0.5,own,strip,0.4906385313670535,0.5225562628309576,0.4963591663724422,0.4620154182279641,0.0453465,0.9370182924812279,0.9369813235901822,0.626857821122049,82,0.6707317073170732,strategy
PM5_P4_strategy,P4,686818433,200,True,custom,1.0,0.7,0.0,-0.3,True,0.01,0.5,100,0,30,0.1,10000,0.0,0.9855,0.014500000000000002,0.0,0.0,0.0,0.0,0.014707500000000002,0.015305,0.6569511217950417,0.0,0.6474287137446816,199.0,199.0,100.50251256281412,0.0,False,False,-0.02261704681872738,1173,n/a,n/a,n/a,n/a,n/a,n/a,n/a,n/a,1.0,1.0,198.99,n/a,donation,1.0,0.3,0.3,True,10,0.5,0.0,1.0,0.0,0.5,own,strip,0.49850588384165545,0.5494386488483087,0.4984940558797087,0.4685203320858942,0.0455995,0.9231734997094266,0.9249874659537584,0.6160336344981348,85,0.5882352941176471,strategy
PM5_P4_strategy,P4,744720527,200,True,custom,1.0,0.7,0.0,-0.3,True,0.01,0.5,100,0,30,0.1,10000,0.0,0.9804999999999999,0.019499999999999997,0.0,0.0,0.0,0.0,0.0206125,0.019685,0.6544759759411236,0.0,0.6551846585758955,199.0,199.0,100.50251256281408,0.0,False,True,-0.005762304921969123,1010,n/a,n/a,n/a,n/a,n/a,n/a,n/a,n/a,1.0,1.0,199.0,n/a,donation,1.0,0.3,0.3,True,10,0.5,0.0,1.0,0.0,0.5,own,strip,0.49382317965819944,0.5752804235377591,0.49581478177238003,0.5112245248712395,0.0455715,0.9292430576127624,0.936295385144094,0.5990683368662654,79,0.6582278481012658,strategy
PM5_P4_strategy,P4,381425458,200,True,custom,1.0,0.7,0.0,-0.3,True,0.01,0.5,100,0,30,0.1,10000,0.0,0.977,0.023,0.0,0.0,0.0,0.0,0.021402499999999998,0.020685,0.6638608764374436,0.0,0.6658508312806098,199.0,199.0,100.50251256281413,0.0,False,False,-0.02172869147659019,949,n/a,n/a,n/a,n/a,n/a,n/a,n/a,n/a,1.0,1.0,199.0,n/a,donation,1.0,0.3,0.3,True,10,0.5,0.0,1.0,0.0,0.5,own,strip,0.4963271780116007,0.5452995575657429,0.49879577228088773,0.5054766858241655,0.0453225,0.9487671686248552,0.9513330417863625,0.5600164985285129,82,0.5975609756097561,strategy
PM5_P4_strategy,P4,1669164794,200,True,custom,1.0,0.7,0.0,-0.3,True,0.01,0.5,100,0,30,0.1,10000,0.0,0.9904999999999999,0.0095,0.0,0.0,0.0,0.0,0.0086,0.00969,0.6496621717271951,0.0,0.6538236658175749,199.0,199.0,100.50251256281405,0.0,False,True,-0.018247298919567716,1109,n/a,n/a,n/a,n/a,n/a,n/a,n/a,n/a,1.0,1.0,199.0,n/a,donation,1.0,0.3,0.3,True,10,0.5,0.0,1.0,0.0,0.5,own,strip,0.49611080052813644,0.5914560878150731,0.5007984408291087,0.43096223449327037,0.0455735,0.9245833653329237,0.9344813351263822,0.5849774896855353,79,0.6455696202531646,strategy
PM5_P4_strategy,P4,1620985466,200,True,custom,1.0,0.7,0.0,-0.3,True,0.01,0.5,100,0,30,0.1,10000,0.0,0.9625,0.0375,0.0,0.0,0.0,0.0,0.03658000000000001,0.03583,0.6501917429988814,0.0,0.6527321540317884,199.0,199.0,100.50251256281418,0.0,False,True,0.010036014405762194,1139,n/a,n/a,n/a,n/a,n/a,n/a,n/a,n/a,1.0,1.0,199.0,n/a,donation,1.0,0.3,0.3,True,10,0.5,0.0,1.0,0.0,0.5,own,strip,0.4940999677419271,0.5467625235867224,0.4943750549229669,0.4891220514331829,0.0454365,0.9291483719036457,0.932633344979145,0.5720028624065494,84,0.6071428571428571,strategy
PM5_P4_strategy,P4,798359651,200,True,custom,1.0,0.7,0.0,-0.3,True,0.01,0.5,100,0,30,0.1,10000,0.0,0.9665000000000001,0.03350000000000001,0.0,0.0,0.0,0.0,0.0338575,0.032965,0.6561153172356162,0.0,0.6611379692467695,199.0,199.0,100.50251256281412,0.0,False,False,0.03827130852340914,1026,n/a,n/a,n/a,n/a,n/a,n/a,n/a,n/a,1.0,1.0,198.97,n/a,donation,1.0,0.3,0.3,True,10,0.5,0.0,1.0,0.0,0.5,own,strip,0.49281731048174465,0.5119942421136003,0.49719007015854827,0.49296230740587477,0.045517,0.9437408001406068,0.944515512586395,0.5482939305518866,79,0.6075949367088608,strategy
PM5_P4_strategy,P4,126337246,200,True,custom,1.0,0.7,0.0,-0.3,True,0.01,0.5,100,0,30,0.1,10000,0.0,0.9819999999999999,0.018,0.0,0.0,0.0,0.0,0.021155,0.02064,0.6511065285184156,0.0,0.6587485849424853,199.0,199.0,100.5025125628141,0.0,False,False,-0.07567827130852274,1055,n/a,n/a,n/a,n/a,n/a,n/a,n/a,n/a,1.0,1.0,199.0,n/a,donation,1.0,0.3,0.3,True,10,0.5,0.0,1.0,0.0,0.5,own,strip,0.4934231281317519,0.5575923974211914,0.4964391116597381,0.49917308660021026,0.045537,0.9367272767200299,0.941276927445066,0.5688453229029319,83,0.6265060240963856,strategy
PM5_P4_strategy,P4,317149051,200,True,custom,1.0,0.7,0.0,-0.3,True,0.01,0.5,100,0,30,0.1,10000,0.0,0.9485000000000001,0.051500000000000004,0.0,0.0,0.0,0.0,0.05225,0.04963,0.6537173177870315,0.0,0.6570553113958707,199.0,199.0,100.50251256281413,0.0,False,False,0.08504201680672246,1103,n/a,n/a,n/a,n/a,n/a,n/a,n/a,n/a,1.0,1.0,198.97,n/a,donation,1.0,0.3,0.3,True,10,0.5,0.0,1.0,0.0,0.5,own,strip,0.4990018478857143,0.5300173504062681,0.4977721489221058,0.4979852142838432,0.0452675,0.9362235599491909,0.938760333391814,0.5601589707443347,85,0.5176470588235295,strategy
PM5_P4_strategy,P4,433399445,200,True,custom,1.0,0.7,0.0,-0.3,True,0.01,0.5,100,0,30,0.1,10000,0.0,0.9615,0.03849999999999999,0.0,0.0,0.0,0.0,0.036085,0.03462,0.6653811528150794,0.0,0.6663524796627673,199.0,199.0,100.50251256281399,0.0,False,False,0.06472989195678226,921,n/a,n/a,n/a,n/a,n/a,n/a,n/a,n/a,1.0,1.0,198.98,n/a,donation,1.0,0.3,0.3,True,10,0.5,0.0,1.0,0.0,0.5,own,strip,0.4921578315202304,0.5363123956455039,0.4950768416908317,0.4976819188568112,0.045554,0.9489781358387848,0.9520714110593999,0.5553644392356177,76,0.6578947368421053,strategy
PM5_P4_strategy,P4,2121129191,200,True,custom,1.0,0.5,0.0,-0.5,True,0.01,0.5,100,0,30,0.1,10000,0.0,0.4265,0.5735,0.0,0.0,0.0,0.0,0.5593775,0.244435,0.2754378021370582,0.0,0.27562093999605575,199.0,199.0,100.50251256281406,0.0,False,False,0.6055702280912365,4776,n/a,n/a,n/a,n/a,n/a,n/a,n/a,n/a,1.0,1.0,198.94,n/a,donation,1.0,0.5,0.5,True,10,0.5,0.0,1.0,0.0,0.5,own,strip,0.49721964799249674,0.5088214251171582,0.4981238361971546,0.5009610281000678,0.045788,0.5513125709792959,0.5512380896488411,0.5161381121597212,90,0.5222222222222223,strategy
PM5_P4_strategy,P4,686818433,200,True,custom,1.0,0.5,0.0,-0.5,True,0.01,0.5,100,0,30,0.1,10000,0.0,0.4125,0.5875,0.0,0.0,0.0,0.0,0.5939275,0.240875,0.21928041922838445,0.0,0.21952203733912237,199.0,199.0,100.502512562814,0.0,False,False,0.19680672268907562,4864,n/a,n/a,n/a,n/a,n/a,n/a,n/a,n/a,1.0,1.0,198.98,n/a,donation,1.0,0.5,0.5,True,10,0.5,0.0,1.0,0.0,0.5,own,strip,0.4973909087976153,0.506200895981635,0.4960286783166507,0.4964658172994064,0.045656,0.44108660417031714,0.43894418574434374,0.5041519571327466,94,0.5,strategy
PM5_P4_strategy,P4,744720527,200,True,custom,1.0,0.5,0.0,-0.5,True,0.01,0.5,100,0,30,0.1,10000,0.0,0.2185,0.7815000000000001,0.0,0.0,0.0,0.0,0.7884875,0.164405,0.1400364193132625,0.0,0.14002929386619845,199.0,199.0,100.50251256281416,0.0,False,False,0.0941176470588271,3790,n/a,n/a,n/a,n/a,n/a,n/a,n/a,n/a,1.0,1.0,198.95,n/a,donation,1.0,0.5,0.5,True,10,0.5,0.0,1.0,0.0,0.5,own,strip,0.4976370235440699,0.5205167170811347,0.49661200732939875,0.4988754391690059,0.045488,0.28242063841013015,0.2799448828301792,0.549848151554817,92,0.5,strategy
PM5_P4_strategy,P4,381425458,200,True,custom,1.0,0.5,0.0,-0.5,True,0.01,0.5,100,0,30,0.1,10000,0.0,0.5610000000000002,0.43899999999999995,0.0,0.0,0.0,0.0,0.434825,0.24617,0.26292151499817756,0.0,0.26295293818211746,199.0,199.0,100.50251256281405,0.0,False,False,-0.17836734693877193,5077,n/a,n/a,n/a,n/a,n/a,n/a,n/a,n/a,1.0,1.0,198.94,n/a,donation,1.0,0.5,0.5,True,10,0.5,0.0,1.0,0.0,0.5,own,strip,0.4989040238479255,0.5036698012160176,0.5003008442243772,0.4968695915576021,0.045467,0.526997602656872,0.5258547897243993,0.5043623920557713,97,0.4536082474226804,strategy
PM5_P4_strategy,P4,1620985466,200,True,custom,1.0,0.5,0.0,-0.5,True,0.01,0.5,100,0,30,0.1,10000,0.0,0.48,0.52,0.0,0.0,0.0,0.0,0.5245225,0.251695,0.24974179547531342,0.0,0.2500229779694177,199.0,199.0,100.50251256281403,0.0,False,False,-0.16247298919568184,4961,n/a,n/a,n/a,n/a,n/a,n/a,n/a,n/a,1.0,1.0,198.92,n/a,donation,1.0,0.5,0.5,True,10,0.5,0.0,1.0,0.0,0.5,own,strip,0.49765424360370053,0.5092659251795759,0.5017882539390816,0.4945735023237706,0.045479,0.49762527760065084,0.5001613374666456,0.506637995824184,94,0.48936170212765956,strategy
PM5_P4_strategy,P4,1669164794,200,True,custom,1.0,0.5,0.0,-0.5,True,0.01,0.5,100,0,30,0.1,10000,0.0,0.5730000000000001,0.42700000000000005,0.0,0.0,0.0,0.0,0.44541250000000004,0.245895,0.23517107663164097,0.0,0.2353048789065782,199.0,199.0,100.50251256281399,0.0,False,False,-0.07843937575030012,4969,n/a,n/a,n/a,n/a,n/a,n/a,n/a,n/a,1.0,1.0,198.96,n/a,donation,1.0,0.5,0.5,True,10,0.5,0.0,1.0,0.0,0.5,own,strip,0.49847238920164183,0.5150215319474094,0.49771151064554076,0.4975475229360178,0.0456145,0.4739392079273038,0.4704542870779156,0.5061872104804006,94,0.5106382978723404,strategy
PM5_P4_strategy,P4,798359651,200,True,custom,1.0,0.5,0.0,-0.5,True,0.01,0.5,100,0,30,0.1,10000,0.0,0.4335,0.5665,0.0,0.0,0.0,0.0,0.5726825,0.244565,0.24960939060274653,0.0,0.2496615608601795,199.0,199.0,100.50251256281403,0.0,False,False,-0.08667466986795433,4878,n/a,n/a,n/a,n/a,n/a,n/a,n/a,n/a,1.0,1.0,198.98,n/a,donation,1.0,0.5,0.5,True,10,0.5,0.0,1.0,0.0,0.5,own,strip,0.4975190969292741,0.5017863214208763,0.4988681843845936,0.4980350855480078,0.0454155,0.49840362871706795,0.49936516882476095,0.5159631086707505,92,0.532608695652174,strategy
PM5_P4_strategy,P4,126337246,200,True,custom,1.0,0.5,0.0,-0.5,True,0.01,0.5,100,0,30,0.1,10000,0.0,0.1825,0.8174999999999999,0.0,0.0,0.0,0.0,0.818805,0.14886,0.15912524755455576,0.0,0.15917659604827644,199.0,199.0,100.50251256281403,0.0,False,False,0.3183433373349447,4241,n/a,n/a,n/a,n/a,n/a,n/a,n/a,n/a,1.0,1.0,198.97,n/a,donation,1.0,0.5,0.5,True,10,0.5,0.0,1.0,0.0,0.5,own,strip,0.4980424944259214,0.507468893007767,0.5007825648150273,0.49731695117665564,0.0453825,0.318928000881397,0.31832592635270146,0.5145526001318282,93,0.5053763440860215,strategy
PM5_P4_strategy,P4,317149051,200,True,custom,1.0,0.5,0.0,-0.5,True,0.01,0.5,100,0,30,0.1,10000,0.0,0.665,0.33499999999999996,0.0,0.0,0.0,0.0,0.33509,0.22409,0.2956970824626477,0.0,0.2955918632517243,199.0,199.0,100.50251256281406,0.0,False,False,-0.27932773109243697,4820,n/a,n/a,n/a,n/a,n/a,n/a,n/a,n/a,1.0,1.0,198.95,n/a,donation,1.0,0.5,0.5,True,10,0.5,0.0,1.0,0.0,0.5,own,strip,0.4978691246641803,0.5183794605880222,0.4962581392019774,0.4954859872868042,0.045695,0.5908742750848014,0.5911972587380345,0.5061148654255286,94,0.5319148936170213,strategy
PM5_P4_strategy,P4,433399445,200,True,custom,1.0,0.5,0.0,-0.5,True,0.01,0.5,100,0,30,0.1,10000,0.0,0.584,0.41600000000000004,0.0,0.0,0.0,0.0,0.410055,0.24316,0.33630253256687276,0.0,0.33573409239344804,199.0,199.0,100.5025125628141,0.0,False,False,0.31186074429772087,4340,n/a,n/a,n/a,n/a,n/a,n/a,n/a,n/a,1.0,1.0,198.97,n/a,donation,1.0,0.5,0.5,True,10,0.5,0.0,1.0,0.0,0.5,own,strip,0.4973785994037248,0.5137944327871852,0.49658094383359946,0.49538414993656404,0.0455665,0.6671951982267674,0.6716748731053551,0.5078067011029279,89,0.5280898876404494,strategy
PM5_P4_strategy,P4,2121129191,200,True,custom,1.0,0.7,0.0,-0.3,True,0.01,0.5,100,0,30,0.1,10000,0.0,0.9870000000000001,0.013000000000000001,0.0,0.0,0.0,0.0,0.010815,0.00907,0.6651735325763288,0.0,0.6650715344588974,199.0,199.0,100.50251256281408,0.0,False,False,-0.029939975990396495,795,n/a,n/a,n/a,n/a,n/a,n/a,n/a,n/a,1.0,1.0,198.98,n/a,donation,1.0,0.3,0.3,True,10,0.5,0.0,1.0,0.0,0.6,own,strip,0.592306557307799,0.6626326243968544,0.5972646178606164,0.5750864121746593,0.0454845,0.9446020072772043,0.9503606803661124,0.6898670296416496,75,0.64,strategy
PM5_P4_strategy,P4,686818433,200,True,custom,1.0,0.7,0.0,-0.3,True,0.01,0.5,100,0,30,0.1,10000,0.0,0.9714999999999998,0.028500000000000004,0.0,0.0,0.0,0.0,0.0298925,0.022845,0.6639461730507861,0.0,0.6612411870889016,199.0,199.0,100.50251256281416,0.0,False,False,0.021416566626650327,881,n/a,n/a,n/a,n/a,n/a,n/a,n/a,n/a,1.0,1.0,198.99,n/a,donation,1.0,0.3,0.3,True,10,0.5,0.0,1.0,0.0,0.6,own,strip,0.5948583677325952,0.6336853134682637,0.5969118448884745,0.6058610106723918,0.0454705,0.9436777691030448,0.9446740514567649,0.6971768124937552,84,0.6904761904761905,strategy
PM5_P4_strategy,P4,744720527,200,True,custom,1.0,0.7,0.0,-0.3,True,0.01,0.5,100,0,30,0.1,10000,0.0,0.9870000000000001,0.013000000000000001,0.0,0.0,0.0,0.0,0.0134775,0.011075,0.6638300849059503,0.0,0.6712070777802467,199.0,199.0,100.50251256281408,0.0,False,True,-0.004297719087635334,708,n/a,n/a,n/a,n/a,n/a,n/a,n/a,n/a,1.0,1.0,199.0,n/a,donation,1.0,0.3,0.3,True,10,0.5,0.0,1.0,0.0,0.6,own,strip,0.5941690137551408,0.6336094037060115,0.5990950470039358,0.5827813996658412,0.045475,0.9567124793842771,0.9589665016631309,0.6758808624628214,69,0.7101449275362319,strategy
PM5_P4_strategy,P4,381425458,200,True,custom,1.0,0.7,0.0,-0.3,True,0.01,0.5,100,0,30,0.1,10000,0.0,0.986,0.014000000000000002,0.0,0.0,0.0,0.0,0.011359999999999999,0.00932,0.6703846343991675,0.0,0.6704095453873674,199.0,199.0,100.50251256281399,0.0,False,True,-0.018871548619448227,799,n/a,n/a,n/a,n/a,n/a,n/a,n/a,n/a,1.0,1.0,199.0,n/a,donation,1.0,0.3,0.3,True,10,0.5,0.0,1.0,0.0,0.6,own,strip,0.5933475158957824,0.6506860803198388,0.5978014492005247,0.5833051941387588,0.045657,0.9536544231990713,0.9579310059381166,0.6601671100664778,78,0.6282051282051282,strategy
PM5_P4_strategy,P4,1620985466,200,True,custom,1.0,0.7,0.0,-0.3,True,0.01,0.5,100,0,30,0.1,10000,0.0,0.9860000000000001,0.014000000000000002,0.0,0.0,0.0,0.0,0.01424,0.0119,0.6683708728945935,0.0,0.675822304640142,199.0,199.0,100.50251256281406,0.0,False,True,-0.006746698679472123,649,n/a,n/a,n/a,n/a,n/a,n/a,n/a,n/a,1.0,1.0,198.99,n/a,donation,1.0,0.3,0.3,True,10,0.5,0.0,1.0,0.0,0.6,own,strip,0.5808880787765149,0.6172956447786749,0.59547695583613,0.5752022909447544,0.0455755,0.9643064804555079,0.9655137729595165,0.6451152680721177,77,0.7272727272727273,strategy
PM5_P4_strategy,P4,1669164794,200,True,custom,1.0,0.7,0.0,-0.3,True,0.01,0.5,100,0,30,0.1,10000,0.0,0.9665000000000001,0.03350000000000001,0.0,0.0,0.0,0.0,0.0318125,0.024475,0.6684842757631945,0.0,0.669900265662141,199.0,199.0,100.50251256281403,0.0,False,False,0.032172869147658614,804,n/a,n/a,n/a,n/a,n/a,n/a,n/a,n/a,1.0,1.0,198.99,n/a,donation,1.0,0.3,0.3,True,10,0.5,0.0,1.0,0.0,0.6,own,strip,0.5961122402249702,0.6203891398713393,0.6025467702195658,0.5977476605456933,0.045258,0.955582438463918,0.9570713868249223,0.6683017984026582,78,0.6923076923076923,strategy
PM5_P4_strategy,P4,798359651,200,True,custom,1.0,0.7,0.0,-0.3,True,0.01,0.5,100,0,30,0.1,10000,0.0,0.9774999999999998,0.022500000000000003,0.0,0.0,0.0,0.0,0.022677500000000003,0.017555,0.6716542958561885,0.0,0.6663689504683848,199.0,199.0,100.5025125628141,0.0,False,False,0.026770708283313772,875,n/a,n/a,n/a,n/a,n/a,n/a,n/a,n/a,1.0,1.0,198.95,n/a,donation,1.0,0.3,0.3,True,10,0.5,0.0,1.0,0.0,0.6,own,strip,0.5909778779922842,0.6291083282202318,0.5990841264357937,0.6027591381768426,0.045687,0.9477477181692823,0.9521637554974102,0.6528454340064735,86,0.6744186046511628,strategy
PM5_P4_strategy,P4,126337246,200,True,custom,1.0,0.7,0.0,-0.3,True,0.01,0.5,100,0,30,0.1,10000,0.0,0.9715000000000001,0.028500000000000004,0.0,0.0,0.0,0.0,0.0273025,0.021225,0.6722225946775477,0.0,0.6727225107868134,199.0,199.0,100.5025125628141,0.0,False,False,0.043529411764705435,730,n/a,n/a,n/a,n/a,n/a,n/a,n/a,n/a,1.0,1.0,199.0,n/a,donation,1.0,0.3,0.3,True,10,0.5,0.0,1.0,0.0,0.6,own,strip,0.5882644390806827,0.6646616460857703,0.5992374022291841,0.5993802454866204,0.045549,0.9561516169399987,0.961259928482447,0.649775888744456,75,0.6933333333333334,strategy
PM5_P4_strategy,P4,317149051,200,True,custom,1.0,0.7,0.0,-0.3,True,0.01,0.5,100,0,30,0.1,10000,0.0,0.9875,0.0125,0.0,0.0,0.0,0.0,0.013672499999999999,0.012045,0.6639022139073573,0.0,0.6752080567250813,199.0,199.0,100.50251256281398,0.0,False,True,0.0043937575030009775,666,n/a,n/a,n/a,n/a,n/a,n/a,n/a,n/a,1.0,1.0,198.99,n/a,donation,1.0,0.3,0.3,True,10,0.5,0.0,1.0,0.0,0.6,own,strip,0.5909097836606017,0.668728016585793,0.5986742489732473,0.5504536827871386,0.0453605,0.9591384574685023,0.9648375119613215,0.6450308850480015,76,0.6578947368421053,strategy
PM5_P4_strategy,P4,433399445,200,True,custom,1.0,0.7,0.0,-0.3,True,0.01,0.5,100,0,30,0.1,10000,0.0,0.9904999999999999,0.0095,0.0,0.0,0.0,0.0,0.006932499999999999,0.007165,0.6752299315780775,0.0,0.6754858509187869,199.0,199.0,100.50251256281405,0.0,False,True,0.003841536614645635,692,n/a,n/a,n/a,n/a,n/a,n/a,n/a,n/a,1.0,1.0,199.0,n/a,donation,1.0,0.3,0.3,True,10,0.5,0.0,1.0,0.0,0.6,own,strip,0.5873821212929321,0.6251407134188808,0.5970281291865494,0.4758041022864973,0.045663,0.963334647307448,0.9650511297371893,0.6372299993889293,80,0.6625,strategy
PM5_P4_strategy,P4,2121129191,200,True,custom,1.0,0.5,0.0,-0.5,True,0.01,0.5,100,0,30,0.1,10000,0.0,0.9679999999999997,0.032,0.0,0.0,0.0,0.0,0.0320725,0.025245,0.40460820743249604,0.0,0.40393885153118275,199.0,199.0,100.50251256281405,0.0,False,False,-0.11320528211284468,2607,n/a,n/a,n/a,n/a,n/a,n/a,n/a,n/a,1.0,1.0,199.0,n/a,donation,1.0,0.5,0.5,True,10,0.5,0.0,1.0,0.0,0.6,own,strip,0.5973742574341481,0.6085698830480311,0.5978857394102388,0.5926559991227706,0.045561,0.8067810188538443,0.8079308892448862,0.6731832421157977,85,0.6235294117647059,strategy
PM5_P4_strategy,P4,686818433,200,True,custom,1.0,0.5,0.0,-0.5,True,0.01,0.5,100,0,30,0.1,10000,0.0,0.9795,0.020499999999999997,0.0,0.0,0.0,0.0,0.021502500000000004,0.016595,0.40501976188975497,0.0,0.40277667199479195,199.0,199.0,100.50251256281406,0.0,False,False,-0.2815846338535419,2621,n/a,n/a,n/a,n/a,n/a,n/a,n/a,n/a,1.0,1.0,198.99,n/a,donation,1.0,0.5,0.5,True,10,0.5,0.0,1.0,0.0,0.6,own,strip,0.5997647766330664,0.6238495617280089,0.5996393561283151,0.6051265014104815,0.045736,0.8045740773132762,0.8056007037884695,0.6698335573232418,92,0.6413043478260869,strategy
PM5_P4_strategy,P4,744720527,200,True,custom,1.0,0.5,0.0,-0.5,True,0.01,0.5,100,0,30,0.1,10000,0.0,0.961,0.03900000000000001,0.0,0.0,0.0,0.0,0.03715000000000001,0.02815,0.4365529231313415,0.0,0.4397019939327592,199.0,199.0,100.50251256281403,0.0,False,True,-0.01776710684273754,1849,n/a,n/a,n/a,n/a,n/a,n/a,n/a,n/a,1.0,1.0,198.99,n/a,donation,1.0,0.5,0.5,True,10,0.5,0.0,1.0,0.0,0.6,own,strip,0.5981663705409367,0.6192730720059162,0.5962595621876957,0.6050756352759993,0.045519,0.8769689580175312,0.8795198647222942,0.650242596814189,91,0.5494505494505495,strategy
PM5_P4_strategy,P4,381425458,200,True,custom,1.0,0.5,0.0,-0.5,True,0.01,0.5,100,0,30,0.1,10000,0.0,0.914,0.086,0.0,0.0,0.0,0.0,0.09476749999999999,0.068955,0.437430167002148,0.0,0.43959500582718897,199.0,199.0,100.502512562814,0.0,False,False,0.028979591836734694,1954,n/a,n/a,n/a,n/a,n/a,n/a,n/a,n/a,1.0,1.0,198.97,n/a,donation,1.0,0.5,0.5,True,10,0.5,0.0,1.0,0.0,0.6,own,strip,0.5987894216612482,0.6164745914217902,0.6006688466761075,0.5938367009205643,0.0455625,0.8748203017832648,0.879396241241569,0.6389855083005448,84,0.6071428571428571,strategy
PM5_P4_strategy,P4,1620985466,200,True,custom,1.0,0.5,0.0,-0.5,True,0.01,0.5,100,0,30,0.1,10000,0.0,0.932,0.06799999999999999,0.0,0.0,0.0,0.0,0.061797500000000005,0.046545,0.45288021151012087,0.0,0.4523494025317988,199.0,199.0,100.50251256281408,0.0,False,False,0.11020408163265283,1720,n/a,n/a,n/a,n/a,n/a,n/a,n/a,n/a,1.0,1.0,198.97,n/a,donation,1.0,0.5,0.5,True,10,0.5,0.0,1.0,0.0,0.6,own,strip,0.597379477609798,0.6402563008346006,0.597495697043186,0.5953597007591749,0.045696,0.8982733718487395,0.9050040657903561,0.630355771331122,85,0.5529411764705883,strategy
PM5_P4_strategy,P4,1669164794,200,True,custom,1.0,0.5,0.0,-0.5,True,0.01,0.5,100,0,30,0.1,10000,0.0,0.9464999999999998,0.053500000000000006,0.0,0.0,0.0,0.0,0.058385,0.0441,0.41817581911214186,0.0,0.41963408230256827,199.0,199.0,100.50251256281413,0.0,False,False,-0.16084033613445423,2621,n/a,n/a,n/a,n/a,n/a,n/a,n/a,n/a,1.0,1.0,198.96,n/a,donation,1.0,0.5,0.5,True,10,0.5,0.0,1.0,0.0,0.6,own,strip,0.5987716534940158,0.6130861725750495,0.5984259591319384,0.5962205455649159,0.0456105,0.8353175255697701,0.8394638666917438,0.6359049052706568,89,0.6179775280898876,strategy
PM5_P4_strategy,P4,798359651,200,True,custom,1.0,0.5,0.0,-0.5,True,0.01,0.5,100,0,30,0.1,10000,0.0,0.9004999999999999,0.09949999999999999,0.0,0.0,0.0,0.0,0.0992375,0.071605,0.4351744417085598,0.0,0.4354263466648607,199.0,199.0,100.50251256281406,0.0,False,False,0.10482593037214886,2026,n/a,n/a,n/a,n/a,n/a,n/a,n/a,n/a,1.0,1.0,198.96,n/a,donation,1.0,0.5,0.5,True,10,0.5,0.0,1.0,0.0,0.6,own,strip,0.5979853057412878,0.612617150080208,0.5972660425389222,0.5987417793523171,0.045166,0.8702895983704556,0.8708762465517567,0.6433574739816758,92,0.5760869565217391,strategy
PM5_P4_strategy,P4,126337246,200,True,custom,1.0,0.5,0.0,-0.5,True,0.01,0.5,100,0,30,0.1,10000,0.0,0.9020000000000001,0.098,0.0,0.0,0.0,0.0,0.0911225,0.065495,0.45605580832728493,0.0,0.4574490853813314,199.0,199.0,100.50251256281408,0.0,False,False,0.21478991596638633,1435,n/a,n/a,n/a,n/a,n/a,n/a,n/a,n/a,1.0,1.0,198.99,n/a,donation,1.0,0.5,0.5,True,10,0.5,0.0,1.0,0.0,0.6,own,strip,0.5970685067731613,0.629881977371095,0.5967349365074016,0.5993872122937804,0.045376,0.912084582157969,0.915027539638643,0.6489537910781837,79,0.5569620253164557,strategy
PM5_P4_strategy,P4,317149051,200,True,custom,1.0,0.5,0.0,-0.5,True,0.01,0.5,100,0,30,0.1,10000,0.0,0.932,0.06799999999999999,0.0,0.0,0.0,0.0,0.0689575,0.050945,0.4581408480719956,0.0,0.45767816637719855,199.0,199.0,100.50251256281408,0.0,False,False,0.16681872749099594,1439,n/a,n/a,n/a,n/a,n/a,n/a,n/a,n/a,1.0,1.0,198.97,n/a,donation,1.0,0.5,0.5,True,10,0.5,0.0,1.0,0.0,0.6,own,strip,0.598015534348272,0.6216528773074687,0.5967962390907633,0.5996342392165989,0.045348,0.9119365793419776,0.9155137159928435,0.6452066470940458,90,0.5555555555555556,strategy
PM5_P4_strategy,P4,433399445,200,True,custom,1.0,0.5,0.0,-0.5,True,0.01,0.5,100,0,30,0.1,10000,0.0,0.984,0.016,0.0,0.0,0.0,0.0,0.019972499999999997,0.016235,0.43986909248297307,0.0,0.44677563943528653,199.0,199.0,100.50251256281408,0.0,False,False,-0.16974789915966298,1748,n/a,n/a,n/a,n/a,n/a,n/a,n/a,n/a,1.0,1.0,198.99,n/a,donation,1.0,0.5,0.5,True,10,0.5,0.0,1.0,0.0,0.6,own,strip,0.5966440854061669,0.6254220413469237,0.596935824629305,0.5819820420605308,0.0455575,0.8894638643472534,0.8937387532512435,0.6410599234231611,91,0.6263736263736264,strategy
PM5_P4_strategy,P4,2121129191,200,True,custom,1.0,0.7,0.0,-0.3,True,0.01,0.5,100,0,30,0.1,10000,0.0,0.9875,0.0125,0.0,0.0,0.0,0.0,0.01297,0.00783,0.6604386529173933,0.0,0.663891439200797,199.0,199.0,100.5025125628141,0.0,False,False,-0.025834333733493513,853,n/a,n/a,n/a,n/a,n/a,n/a,n/a,n/a,1.0,1.0,198.98,n/a,donation,1.0,0.3,0.3,True,10,0.5,0.0,1.0,0.0,0.7,own,strip,0.6924775737200146,0.708147968134415,0.6996761250000895,0.693121569841117,0.0454185,0.9478076114358687,0.9484483514503476,0.7657459379080457,78,0.7051282051282052,strategy
PM5_P4_strategy,P4,686818433,200,True,custom,1.0,0.7,0.0,-0.3,True,0.01,0.5,100,0,30,0.1,10000,0.0,0.9739999999999999,0.026000000000000002,0.0,0.0,0.0,0.0,0.026875,0.01602,0.664447965890682,0.0,0.6671932723746505,199.0,199.0,100.50251256281406,0.0,False,False,0.036686674669867726,784,n/a,n/a,n/a,n/a,n/a,n/a,n/a,n/a,1.0,1.0,199.0,n/a,donation,1.0,0.3,0.3,True,10,0.5,0.0,1.0,0.0,0.7,own,strip,0.6903079659251034,0.7059106569382233,0.6973952275943502,0.6917061062022236,0.0453865,0.9524142641534377,0.9531690050475926,0.7720617615875502,77,0.6753246753246753,strategy
PM5_P4_strategy,P4,744720527,200,True,custom,1.0,0.7,0.0,-0.3,True,0.01,0.5,100,0,30,0.1,10000,0.0,0.9865,0.013499999999999998,0.0,0.0,0.0,0.0,0.013847499999999995,0.008805,0.6754536263316681,0.0,0.6766271450515432,199.0,199.0,100.50251256281406,0.0,False,False,-0.022617046818727827,629,n/a,n/a,n/a,n/a,n/a,n/a,n/a,n/a,1.0,1.0,198.98,n/a,donation,1.0,0.3,0.3,True,10,0.5,0.0,1.0,0.0,0.7,own,strip,0.6839538507341802,0.7432024019913138,0.6988584324348583,0.6761249656095428,0.0453625,0.9616313033893634,0.9668523392387163,0.735652105160589,74,0.6891891891891891,strategy
PM5_P4_strategy,P4,381425458,200,True,custom,1.0,0.7,0.0,-0.3,True,0.01,0.5,100,0,30,0.1,10000,0.0,0.977,0.023,0.0,0.0,0.0,0.0,0.0247475,0.015225,0.6746431156927759,0.0,0.6773078884734314,199.0,199.0,100.50251256281412,0.0,False,True,0.0030492196878747027,654,n/a,n/a,n/a,n/a,n/a,n/a,n/a,n/a,1.0,1.0,198.99,n/a,donation,1.0,0.3,0.3,True,10,0.5,0.0,1.0,0.0,0.7,own,strip,0.6875402210532285,0.7054569498491192,0.6979827020505571,0.6820775336312184,0.0453635,0.966933768337981,0.9676096608499675,0.7339645440100504,83,0.7108433734939759,strategy
PM5_P4_strategy,P4,1620985466,200,True,custom,1.0,0.7,0.0,-0.3,True,0.01,0.5,100,0,30,0.1,10000,0.0,0.984,0.015999999999999997,0.0,0.0,0.0,0.0,0.014975000000000002,0.00891,0.6764570617952551,0.0,0.6797939823978605,199.0,199.0,100.50251256281408,0.0,False,True,0.0008163265306120213,549,n/a,n/a,n/a,n/a,n/a,n/a,n/a,n/a,1.0,1.0,198.98,n/a,donation,1.0,0.3,0.3,True,10,0.5,0.0,1.0,0.0,0.7,own,strip,0.6794446610984834,0.7695374652851376,0.7008761621071259,0.6966649924514776,0.045679,0.9620832329954684,0.9715672189965431,0.7296733675148139,79,0.6962025316455697,strategy
PM5_P4_strategy,P4,1669164794,200,True,custom,1.0,0.7,0.0,-0.3,True,0.01,0.5,100,0,30,0.1,10000,0.0,0.9900000000000002,0.009999999999999998,0.0,0.0,0.0,0.0,0.010655,0.00671,0.0,0.0,0.6746763849498791,199.0,199.0,100.50251256281408,0.0,True,True,-0.018079231692677406,670,n/a,n/a,n/a,n/a,n/a,n/a,n/a,n/a,1.0,1.0,198.98,n/a,donation,1.0,0.3,0.3,True,10,0.5,0.0,1.0,0.0,0.7,own,strip,0.6883936225188161,0.7315887947559812,0.6996827929444199,0.6794909188516509,0.045437,0.9585745097607676,0.9640775412413848,0.7464006637729936,73,0.7671232876712328,strategy
PM5_P4_strategy,P4,798359651,200,True,custom,1.0,0.7,0.0,-0.3,True,0.01,0.5,100,0,30,0.1,10000,0.0,0.9875,0.0125,0.0,0.0,0.0,0.0,0.01111,0.00798,0.6877144510235484,0.0,0.6793699426832884,199.0,199.0,100.50251256281399,0.0,False,True,-0.014045618247299142,596,n/a,n/a,n/a,n/a,n/a,n/a,n/a,n/a,1.0,1.0,198.98,n/a,donation,1.0,0.3,0.3,True,10,0.5,0.0,1.0,0.0,0.7,own,strip,0.6859196512848749,0.7679135450213141,0.7022220205742159,0.634553083780641,0.045981,0.9618538091820534,0.9709463333539479,0.7242001108109629,74,0.6756756756756757,strategy
PM5_P4_strategy,P4,126337246,200,True,custom,1.0,0.7,0.0,-0.3,True,0.01,0.5,100,0,30,0.1,10000,0.0,0.9829999999999999,0.016999999999999998,0.0,0.0,0.0,0.0,0.01643,0.01127,0.677737262737471,0.0,0.6781232041944432,199.0,199.0,100.50251256281399,0.0,False,True,0.007803121248499065,605,n/a,n/a,n/a,n/a,n/a,n/a,n/a,n/a,1.0,1.0,198.99,n/a,donation,1.0,0.3,0.3,True,10,0.5,0.0,1.0,0.0,0.7,own,strip,0.6872271252827551,0.7227146084011922,0.6951767072641946,0.6490339058783056,0.0457465,0.9669373613281891,0.9688321813857639,0.737512707730957,75,0.72,strategy
PM5_P4_strategy,P4,317149051,200,True,custom,1.0,0.7,0.0,-0.3,True,0.01,0.5,100,0,30,0.1,10000,0.0,0.9879999999999999,0.012,0.0,0.0,0.0,0.0,0.011285,0.00723,0.6764628579979666,0.0,0.6781310410019988,199.0,199.0,100.50251256281406,0.0,False,True,0.0015606242496995445,625,n/a,n/a,n/a,n/a,n/a,n/a,n/a,n/a,1.0,1.0,198.99,n/a,donation,1.0,0.3,0.3,True,10,0.5,0.0,1.0,0.0,0.7,own,strip,0.6889537729595695,0.7106847299838955,0.7022235694292587,0.6747618428974641,0.045548,0.9659150785984016,0.9688884302196443,0.732925897552374,76,0.6710526315789473,strategy
PM5_P4_strategy,P4,433399445,200,True,custom,1.0,0.7,0.0,-0.3,True,0.01,0.5,100,0,30,0.1,10000,0.0,0.9884999999999999,0.0115,0.0,0.0,0.0,0.0,0.012355,0.00866,0.6764178575925847,0.0,0.6809224507391187,199.0,199.0,100.50251256281406,0.0,False,True,9.603841536581105e-05,571,n/a,n/a,n/a,n/a,n/a,n/a,n/a,n/a,1.0,1.0,198.98,n/a,donation,1.0,0.3,0.3,True,10,0.5,0.0,1.0,0.0,0.7,own,strip,0.6767151430746131,0.7444489846446353,0.6987352184909755,0.6426191923542468,0.0454185,0.9685095280557482,0.9729564735960209,0.7197883712410245,80,0.725,strategy
PM5_P4_strategy,P4,2121129191,200,True,custom,1.0,0.5,0.0,-0.5,True,0.01,0.5,100,0,30,0.1,10000,0.0,0.9845,0.0155,0.0,0.0,0.0,0.0,0.013092499999999998,0.008795,0.46883086104043215,0.0,0.464044403433772,199.0,199.0,100.50251256281408,0.0,False,True,-0.017046818727491333,1060,n/a,n/a,n/a,n/a,n/a,n/a,n/a,n/a,1.0,1.0,199.0,n/a,donation,1.0,0.5,0.5,True,10,0.5,0.0,1.0,0.0,0.7,own,strip,0.6908854870044803,0.6999833287815453,0.6975254614683595,0.6585795785663733,0.045497,0.9279622832274655,0.9280882302098579,0.7770107606291176,84,0.6904761904761905,strategy
PM5_P4_strategy,P4,686818433,200,True,custom,1.0,0.5,0.0,-0.5,True,0.01,0.5,100,0,30,0.1,10000,0.0,0.9904999999999999,0.009500000000000001,0.0,0.0,0.0,0.0,0.0089575,0.005355,0.44741276764472643,0.0,0.4599465162676874,199.0,199.0,100.50251256281408,0.0,False,True,-0.01997599039615891,1227,n/a,n/a,n/a,n/a,n/a,n/a,n/a,n/a,1.0,1.0,198.99,n/a,donation,1.0,0.5,0.5,True,10,0.5,0.0,1.0,0.0,0.7,own,strip,0.6984205008072766,0.7200857901747278,0.6978847629226935,0.6975752716194445,0.045784,0.9193222523152192,0.9199146210082413,0.7714550896943256,72,0.6527777777777778,strategy
PM5_P4_strategy,P4,744720527,200,True,custom,1.0,0.5,0.0,-0.5,True,0.01,0.5,100,0,30,0.1,10000,0.0,0.9365,0.0635,0.0,0.0,0.0,0.0,0.0648225,0.036305,0.4681137537427614,0.0,0.47066988544535115,199.0,199.0,100.50251256281405,0.0,False,False,0.07539015606242452,1057,n/a,n/a,n/a,n/a,n/a,n/a,n/a,n/a,1.0,1.0,198.97,n/a,donation,1.0,0.5,0.5,True,10,0.5,0.0,1.0,0.0,0.7,own,strip,0.6971610323631228,0.7218324540863348,0.7009781900129146,0.6997562063606606,0.045532,0.9385651849248879,0.9414736795785715,0.7367746740816892,89,0.6179775280898876,strategy
PM5_P4_strategy,P4,381425458,200,True,custom,1.0,0.5,0.0,-0.5,True,0.01,0.5,100,0,30,0.1,10000,0.0,0.9845,0.0155,0.0,0.0,0.0,0.0,0.0144425,0.008725,0.4747698680313464,0.0,0.4740969096803245,199.0,199.0,100.50251256281413,0.0,False,False,-0.0382472989195676,986,n/a,n/a,n/a,n/a,n/a,n/a,n/a,n/a,1.0,1.0,199.0,n/a,donation,1.0,0.5,0.5,True,10,0.5,0.0,1.0,0.0,0.7,own,strip,0.6958110303758799,0.7366991845290589,0.698486177496192,0.6930504857764103,0.0453655,0.9437017116531284,0.9484114077167753,0.7374985531993384,79,0.6329113924050633,strategy
PM5_P4_strategy,P4,1620985466,200,True,custom,1.0,0.5,0.0,-0.5,True,0.01,0.5,100,0,30,0.1,10000,0.0,0.9535,0.04650000000000001,0.0,0.0,0.0,0.0,0.05236,0.02971,0.47028325850400865,0.0,0.47206488758108756,199.0,199.0,100.50251256281408,0.0,False,False,0.05433373349339713,1049,n/a,n/a,n/a,n/a,n/a,n/a,n/a,n/a,1.0,1.0,198.97,n/a,donation,1.0,0.5,0.5,True,10,0.5,0.0,1.0,0.0,0.7,own,strip,0.6971833367713569,0.7163235928892514,0.6984683867943209,0.697563976060341,0.045585,0.9420094329274981,0.9442357360267808,0.7322815031402876,83,0.6024096385542169,strategy
PM5_P4_strategy,P4,1669164794,200,True,custom,1.0,0.5,0.0,-0.5,True,0.01,0.5,100,0,30,0.1,10000,0.0,0.9809999999999999,0.019,0.0,0.0,0.0,0.0,0.018272500000000004,0.011435,0.47125891897039945,0.0,0.4718289770294236,199.0,199.0,100.5025125628141,0.0,False,True,-0.013109243697479326,947,n/a,n/a,n/a,n/a,n/a,n/a,n/a,n/a,1.0,1.0,199.0,n/a,donation,1.0,0.5,0.5,True,10,0.5,0.0,1.0,0.0,0.7,own,strip,0.6965918858597168,0.7256586190171582,0.6998341335335933,0.6768117317652267,0.0457155,0.941442180442082,0.943764411975674,0.7551270049153168,75,0.6266666666666667,strategy
PM5_P4_strategy,P4,798359651,200,True,custom,1.0,0.5,0.0,-0.5,True,0.01,0.5,100,0,30,0.1,10000,0.0,0.9270000000000002,0.073,0.0,0.0,0.0,0.0,0.06392999999999999,0.03605,0.4709233674086185,0.0,0.47274955113036,199.0,199.0,100.50251256281403,0.0,False,False,0.11791116446578565,1017,n/a,n/a,n/a,n/a,n/a,n/a,n/a,n/a,1.0,1.0,198.98,n/a,donation,1.0,0.5,0.5,True,10,0.5,0.0,1.0,0.0,0.7,own,strip,0.6957350103509339,0.7167957945457365,0.7007813879855282,0.697575654664031,0.045725,0.9411591033351558,0.9457069503025858,0.7355068802605329,87,0.5977011494252874,strategy
PM5_P4_strategy,P4,126337246,200,True,custom,1.0,0.5,0.0,-0.5,True,0.01,0.5,100,0,30,0.1,10000,0.0,0.9675,0.032499999999999994,0.0,0.0,0.0,0.0,0.032389999999999995,0.01922,0.46864042271076733,0.0,0.47043000581691624,199.0,199.0,100.50251256281408,0.0,False,False,0.05899159663865502,1013,n/a,n/a,n/a,n/a,n/a,n/a,n/a,n/a,1.0,1.0,198.96,n/a,donation,1.0,0.5,0.5,True,10,0.5,0.0,1.0,0.0,0.7,own,strip,0.6962985395423991,0.6958110081302786,0.7003129021773904,0.6918878120721489,0.045383,0.9415585130996188,0.9408239115791988,0.7492716541816656,81,0.654320987654321,strategy
PM5_P4_strategy,P4,317149051,200,True,custom,1.0,0.5,0.0,-0.5,True,0.01,0.5,100,0,30,0.1,10000,0.0,0.9824999999999999,0.0175,0.0,0.0,0.0,0.0,0.016895,0.01053,0.4619084310043606,0.0,0.46308955326065243,199.0,199.0,100.50251256281403,0.0,False,False,-0.0494597839135652,1196,n/a,n/a,n/a,n/a,n/a,n/a,n/a,n/a,1.0,1.0,198.99,n/a,donation,1.0,0.5,0.5,True,10,0.5,0.0,1.0,0.0,0.7,own,strip,0.6978334726672365,0.7169420900489839,0.7001638745906813,0.6811045979492903,0.045691,0.9220524829835197,0.9263755240702959,0.7481509778341895,89,0.5955056179775281,strategy
PM5_P4_strategy,P4,433399445,200,True,custom,1.0,0.5,0.0,-0.5,True,0.01,0.5,100,0,30,0.1,10000,0.0,0.9799999999999999,0.019999999999999997,0.0,0.0,0.0,0.0,0.019842500000000002,0.012055,0.4824981541790362,0.0,0.4768529517502728,199.0,199.0,100.50251256281403,0.0,False,True,-0.00043217286914765904,916,n/a,n/a,n/a,n/a,n/a,n/a,n/a,n/a,1.0,1.0,198.98,n/a,donation,1.0,0.5,0.5,True,10,0.5,0.0,1.0,0.0,0.7,own,strip,0.6932843478981103,0.7203498611294318,0.7002279798822846,0.6885220441078687,0.0455905,0.9500663515425363,0.9538835269347172,0.727698094594172,82,0.6097560975609756,strategy
PM5_P4_strategy,P4,2121129191,200,True,custom,1.0,0.7,0.0,-0.3,True,0.01,0.5,100,0,30,0.1,10000,0.0,0.986,0.014000000000000002,0.0,0.0,0.0,0.0,0.015305,0.00653,0.671605278033973,0.0,0.6774898949607507,199.0,199.0,100.50251256281412,0.0,False,True,-0.0004561824729895311,573,n/a,n/a,n/a,n/a,n/a,n/a,n/a,n/a,1.0,1.0,198.99,n/a,donation,1.0,0.3,0.3,True,10,0.5,0.0,1.0,0.0,0.8,own,strip,0.7817826306357836,0.8511396555316535,0.7992550212980905,0.7825957167510842,0.0460685,0.9566135211695627,0.9683905500552189,0.8299068814029451,74,0.7837837837837838,strategy
PM5_P4_strategy,P4,686818433,200,True,custom,1.0,0.7,0.0,-0.3,True,0.01,0.5,100,0,30,0.1,10000,0.0,0.9810000000000001,0.019,0.0,0.0,0.0,0.0,0.017392499999999998,0.007475,0.6706915577882385,0.0,0.674637045303735,199.0,199.0,100.50251256281413,0.0,False,True,0.012845138055221753,621,n/a,n/a,n/a,n/a,n/a,n/a,n/a,n/a,1.0,1.0,198.96,n/a,donation,1.0,0.3,0.3,True,10,0.5,0.0,1.0,0.0,0.8,own,strip,0.7828154065272661,0.8293385447830283,0.7990357153671263,0.7798459795846467,0.045616,0.9580629603647843,0.9640432991332629,0.8407505739412519,79,0.7468354430379747,strategy
PM5_P4_strategy,P4,744720527,200,True,custom,1.0,0.7,0.0,-0.3,True,0.01,0.5,100,0,30,0.1,10000,0.0,0.9819999999999999,0.018,0.0,0.0,0.0,0.0,0.017995,0.0071,0.6839146316169075,0.0,0.6809119512938975,199.0,199.0,100.50251256281406,0.0,False,True,0.002400960384153326,503,n/a,n/a,n/a,n/a,n/a,n/a,n/a,n/a,1.0,1.0,198.97,n/a,donation,1.0,0.3,0.3,True,10,0.5,0.0,1.0,0.0,0.8,own,strip,0.7781597137163474,0.8364367727862994,0.7997223847945999,0.7988624111240984,0.0457005,0.9664555092395051,0.973028383646853,0.8192303613565407,63,0.6984126984126984,strategy
PM5_P4_strategy,P4,381425458,200,True,custom,1.0,0.7,0.0,-0.3,True,0.01,0.5,100,0,30,0.1,10000,0.0,0.991,0.009,0.0,0.0,0.0,0.0,0.007560000000000002,0.00396,0.6908227745976875,0.0,0.6808889926298648,199.0,199.0,100.50251256281408,0.0,False,True,-0.012965186074429941,536,n/a,n/a,n/a,n/a,n/a,n/a,n/a,n/a,1.0,1.0,198.98,n/a,donation,1.0,0.3,0.3,True,10,0.5,0.0,1.0,0.0,0.8,own,strip,0.7803065600227248,0.8400502149624617,0.7987889949923171,0.7336544814600815,0.0457705,0.966184551184715,0.9730046597804826,0.8170304753891953,69,0.782608695652174,strategy
PM5_P4_strategy,P4,1620985466,200,True,custom,1.0,0.7,0.0,-0.3,True,0.01,0.5,100,0,30,0.1,10000,0.0,0.982,0.018000000000000002,0.0,0.0,0.0,0.0,0.018092499999999997,0.008355,0.6846853715502508,0.0,0.6818247045723205,199.0,199.0,100.50251256281405,0.0,False,True,-0.013469387755102376,546,n/a,n/a,n/a,n/a,n/a,n/a,n/a,n/a,1.0,1.0,198.98,n/a,donation,1.0,0.3,0.3,True,10,0.5,0.0,1.0,0.0,0.8,own,strip,0.7773805665902015,0.8343972283473678,0.7988880459693133,0.7627332962403546,0.0459795,0.9657619156363162,0.9744373941650101,0.8074740523847873,72,0.7638888888888888,strategy
PM5_P4_strategy,P4,1669164794,200,True,custom,1.0,0.7,0.0,-0.3,True,0.01,0.5,100,0,30,0.1,10000,0.0,0.9884999999999999,0.0115,0.0,0.0,0.0,0.0,0.009547499999999999,0.006135,0.684824166142066,0.0,0.6829111341582953,199.0,199.0,100.5025125628141,0.0,False,True,-0.0018247298919569506,468,n/a,n/a,n/a,n/a,n/a,n/a,n/a,n/a,1.0,1.0,199.0,n/a,donation,1.0,0.3,0.3,True,10,0.5,0.0,1.0,0.0,0.8,own,strip,0.7665998586895492,0.8327121921689373,0.794274618265048,0.6736837752840467,0.0456105,0.9705111761546136,0.9758300987175571,0.8120423071972118,61,0.8032786885245902,strategy
PM5_P4_strategy,P4,798359651,200,True,custom,1.0,0.7,0.0,-0.3,True,0.01,0.5,100,0,30,0.1,10000,0.0,0.9869999999999999,0.013000000000000001,0.0,0.0,0.0,0.0,0.0142975,0.006195,0.6701031840237996,0.0,0.6816911032233218,199.0,199.0,100.50251256281408,0.0,False,True,0.001776710684273374,549,n/a,n/a,n/a,n/a,n/a,n/a,n/a,n/a,1.0,1.0,198.97,n/a,donation,1.0,0.3,0.3,True,10,0.5,0.0,1.0,0.0,0.8,own,strip,0.7800157868274231,0.8369692548155607,0.7997543152742278,0.7794900520581006,0.045642,0.9666863853468297,0.9741912888035726,0.809412927162444,74,0.7702702702702703,strategy
PM5_P4_strategy,P4,126337246,200,True,custom,1.0,0.7,0.0,-0.3,True,0.01,0.5,100,0,30,0.1,10000,0.0,0.9855,0.014500000000000002,0.0,0.0,0.0,0.0,0.012684999999999998,0.00567,0.6878165534242001,0.0,0.6818658331062356,199.0,199.0,100.50251256281408,0.0,False,True,-0.01152460984393791,535,n/a,n/a,n/a,n/a,n/a,n/a,n/a,n/a,1.0,1.0,199.0,n/a,donation,1.0,0.3,0.3,True,10,0.5,0.0,1.0,0.0,0.8,own,strip,0.778696730484177,0.800320784783864,0.7993661252415404,0.7729126391117851,0.045148,0.9718536812261894,0.9742077829862639,0.8179188878289186,72,0.8055555555555556,strategy
PM5_P4_strategy,P4,317149051,200,True,custom,1.0,0.7,0.0,-0.3,True,0.01,0.5,100,0,30,0.1,10000,0.0,0.9864999999999998,0.013500000000000002,0.0,0.0,0.0,0.0,0.012107499999999998,0.005775,0.6723190930572417,0.0,0.6822763415348553,199.0,199.0,100.5025125628141,0.0,False,True,0.006482593037214663,513,n/a,n/a,n/a,n/a,n/a,n/a,n/a,n/a,1.0,1.0,198.97,n/a,donation,1.0,0.3,0.3,True,10,0.5,0.0,1.0,0.0,0.8,own,strip,0.776011035018541,0.8101967945963684,0.7994072962632626,0.7580372471700688,0.045536,0.9708856728742095,0.9748584022027023,0.8073235368954772,70,0.8142857142857143,strategy
PM5_P4_strategy,P4,433399445,200,True,custom,1.0,0.7,0.0,-0.3,True,0.01,0.5,100,0,30,0.1,10000,0.0,0.993,0.006999999999999999,0.0,0.0,0.0,0.0,0.006934999999999999,0.00305,0.6855904661942981,0.0,0.6831897937375707,199.0,199.0,100.50251256281405,0.0,False,True,-0.004177671068427594,480,n/a,n/a,n/a,n/a,n/a,n/a,n/a,n/a,1.0,1.0,198.99,n/a,donation,1.0,0.3,0.3,True,10,0.5,0.0,1.0,0.0,0.8,own,strip,0.7767495163287915,0.8197070952349559,0.7991230483028426,0.7776634789866564,0.045553,0.9715002305007354,0.9761964257837261,0.8123559636347276,68,0.7058823529411765,strategy
PM5_P4_strategy,P4,2121129191,200,True,custom,1.0,0.5,0.0,-0.5,True,0.01,0.5,100,0,30,0.1,10000,0.0,0.984,0.016,0.0,0.0,0.0,0.0,0.0121325,0.005675,0.4785718140994245,0.0,0.477765319332147,199.0,199.0,100.5025125628141,0.0,False,True,-0.0006242496998803992,801,n/a,n/a,n/a,n/a,n/a,n/a,n/a,n/a,1.0,1.0,198.99,n/a,donation,1.0,0.5,0.5,True,10,0.5,0.0,1.0,0.0,0.8,own,strip,0.789978826385018,0.8239943286669752,0.7973714384740899,0.7613959539176122,0.045567,0.9515767989992758,0.9557205691756258,0.8366765050537929,76,0.7236842105263158,strategy
PM5_P4_strategy,P4,686818433,200,True,custom,1.0,0.5,0.0,-0.5,True,0.01,0.5,100,0,30,0.1,10000,0.0,0.9754999999999999,0.024500000000000004,0.0,0.0,0.0,0.0,0.023912500000000003,0.009525,0.47194437731241035,0.0,0.4722241268224404,199.0,199.0,100.50251256281406,0.0,False,True,-0.0036014405762309393,831,n/a,n/a,n/a,n/a,n/a,n/a,n/a,n/a,1.0,1.0,198.96,n/a,donation,1.0,0.5,0.5,True,10,0.5,0.0,1.0,0.0,0.8,own,strip,0.7924773574770482,0.8417266812748503,0.8012362752917341,0.7948219528587497,0.045952,0.9372388579387186,0.9448028296270209,0.8480400055734506,83,0.6746987951807228,strategy
PM5_P4_strategy,P4,744720527,200,True,custom,1.0,0.5,0.0,-0.5,True,0.01,0.5,100,0,30,0.1,10000,0.0,0.9725000000000001,0.027500000000000004,0.0,0.0,0.0,0.0,0.0289325,0.010845,0.4738677590726937,0.0,0.48091996121622477,199.0,199.0,100.5025125628141,0.0,False,False,0.033469387755101596,696,n/a,n/a,n/a,n/a,n/a,n/a,n/a,n/a,1.0,1.0,198.99,n/a,donation,1.0,0.5,0.5,True,10,0.5,0.0,1.0,0.0,0.8,own,strip,0.7917395362186361,0.8321028555309593,0.8025720417756763,0.8064440785319376,0.04565,0.9571905805038335,0.9620639702415257,0.8264556271952519,77,0.6623376623376623,strategy
PM5_P4_strategy,P4,381425458,200,True,custom,1.0,0.5,0.0,-0.5,True,0.01,0.5,100,0,30,0.1,10000,0.0,0.992,0.007999999999999998,0.0,0.0,0.0,0.0,0.00751,0.00542,0.4758595852000817,0.0,0.4790483554459804,199.0,199.0,100.50251256281412,0.0,False,False,-0.03130852340936408,812,n/a,n/a,n/a,n/a,n/a,n/a,n/a,n/a,1.0,1.0,198.99,n/a,donation,1.0,0.5,0.5,True,10,0.5,0.0,1.0,0.0,0.8,own,strip,0.7931211498949945,0.8115924865280976,0.8009925548545951,0.6352297588984802,0.0454705,0.9561968748969112,0.9581856820559239,0.8230891016999462,80,0.675,strategy
PM5_P4_strategy,P4,1620985466,200,True,custom,1.0,0.5,0.0,-0.5,True,0.01,0.5,100,0,30,0.1,10000,0.0,0.9719999999999999,0.028000000000000004,0.0,0.0,0.0,0.0,0.0266075,0.010555,0.4779602227247176,0.0,0.4810224869207139,199.0,199.0,100.50251256281406,0.0,False,True,0.0096038415366142,728,n/a,n/a,n/a,n/a,n/a,n/a,n/a,n/a,1.0,1.0,198.96,n/a,donation,1.0,0.5,0.5,True,10,0.5,0.0,1.0,0.0,0.8,own,strip,0.790730155070705,0.7924063776993795,0.7987719825762997,0.7956006377773279,0.045382,0.9604523820016747,0.9621152125771775,0.8155699687594811,83,0.7108433734939759,strategy
PM5_P4_strategy,P4,1669164794,200,True,custom,1.0,0.5,0.0,-0.5,True,0.01,0.5,100,0,30,0.1,10000,0.0,0.9874999999999998,0.0125,0.0,0.0,0.0,0.0,0.013287500000000002,0.005845,0.46726414912829706,0.0,0.476762917028654,199.0,199.0,100.50251256281403,0.0,False,True,0.00458583433373327,781,n/a,n/a,n/a,n/a,n/a,n/a,n/a,n/a,1.0,1.0,199.0,n/a,donation,1.0,0.5,0.5,True,10,0.5,0.0,1.0,0.0,0.8,own,strip,0.7925513489279694,0.8209117405190319,0.7994703630205827,0.7759886347096057,0.0456525,0.9472318054871036,0.9538357359347617,0.8365540064468631,81,0.7283950617283951,strategy
PM5_P4_strategy,P4,798359651,200,True,custom,1.0,0.5,0.0,-0.5,True,0.01,0.5,100,0,30,0.1,10000,0.0,0.9734999999999999,0.026500000000000003,0.0,0.0,0.0,0.0,0.024377500000000003,0.009815,0.47925723386423225,0.0,0.48260863391786857,199.0,199.0,100.50251256281405,0.0,False,True,0.014045618247298585,661,n/a,n/a,n/a,n/a,n/a,n/a,n/a,n/a,1.0,1.0,199.0,n/a,donation,1.0,0.5,0.5,True,10,0.5,0.0,1.0,0.0,0.8,own,strip,0.7867212400900121,0.8226564427619584,0.7992253591367933,0.7927857405533751,0.0458225,0.9576245294342299,0.9655813514781055,0.8168116876886783,81,0.7160493827160493,strategy
PM5_P4_strategy,P4,126337246,200,True,custom,1.0,0.5,0.0,-0.5,True,0.01,0.5,100,0,30,0.1,10000,0.0,0.9889999999999999,0.011,0.0,0.0,0.0,0.0,0.011452500000000001,0.005005,0.4636834952433684,0.0,0.47504631024760424,199.0,199.0,100.50251256281408,0.0,False,True,-0.018559423769508025,901,n/a,n/a,n/a,n/a,n/a,n/a,n/a,n/a,1.0,1.0,199.0,n/a,donation,1.0,0.5,0.5,True,10,0.5,0.0,1.0,0.0,0.8,own,strip,0.7949016631955237,0.8405321341643259,0.7993527141098862,0.7785806178154873,0.0459585,0.9395106454736338,0.9505888894770301,0.8282720660071003,73,0.6712328767123288,strategy
PM5_P4_strategy,P4,317149051,200,True,custom,1.0,0.5,0.0,-0.5,True,0.01,0.5,100,0,30,0.1,10000,0.0,0.9855,0.014500000000000002,0.0,0.0,0.0,0.0,0.013314999999999999,0.0067,0.4703336145481763,0.0,0.47947046770722707,199.0,199.0,100.50251256281406,0.0,False,True,-0.012893157262905497,804,n/a,n/a,n/a,n/a,n/a,n/a,n/a,n/a,1.0,1.0,198.99,n/a,donation,1.0,0.5,0.5,True,10,0.5,0.0,1.0,0.0,0.8,own,strip,0.7910864777725983,0.8293592580499157,0.8009209622972667,0.7428574285101914,0.0459055,0.9509862652623324,0.9593187572090606,0.8228621234385834,79,0.6962025316455697,strategy
PM5_P4_strategy,P4,433399445,200,True,custom,1.0,0.5,0.0,-0.5,True,0.01,0.5,100,0,30,0.1,10000,0.0,0.9814999999999999,0.018500000000000003,0.0,0.0,0.0,0.0,0.0161925,0.006705,0.4803564177131829,0.0,0.48234821773763586,199.0,199.0,100.50251256281406,0.0,False,True,-0.018199279711884977,715,n/a,n/a,n/a,n/a,n/a,n/a,n/a,n/a,1.0,1.0,198.93,n/a,donation,1.0,0.5,0.5,True,10,0.5,0.0,1.0,0.0,0.8,own,strip,0.7919684401918882,0.8223464400833659,0.8021265068322299,0.7885554868895233,0.0457135,0.9589672634998414,0.9649785467991007,0.8158099333962002,77,0.6753246753246753,strategy
PM5_P4_strategy,P4,2121129191,200,True,custom,1.0,0.7,0.0,-0.3,True,0.01,0.5,100,0,30,0.1,10000,0.0,0.984,0.016000000000000004,0.0,0.0,0.0,0.0,0.017505,0.00344,0.6824011149098579,0.0,0.6815746952499435,199.0,199.0,100.50251256281408,0.0,False,True,0.006770708283313046,514,n/a,n/a,n/a,n/a,n/a,n/a,n/a,n/a,1.0,1.0,198.98,n/a,donation,1.0,0.3,0.3,True,10,0.5,0.0,1.0,0.0,0.9,own,strip,0.8723072092103643,0.9091000406589937,0.8970389606119191,0.8993190779488965,0.046094,0.9684666117065128,0.9739300832576795,0.9002981611805082,66,0.7878787878787878,strategy
PM5_P4_strategy,P4,686818433,200,True,custom,1.0,0.7,0.0,-0.3,True,0.01,0.5,100,0,30,0.1,10000,0.0,0.991,0.009,0.0,0.0,0.0,0.0,0.007485,0.00254,0.6756473825778991,0.0,0.6785801593548291,199.0,199.0,100.50251256281405,0.0,False,True,-0.000168067226890924,538,n/a,n/a,n/a,n/a,n/a,n/a,n/a,n/a,1.0,1.0,199.0,n/a,donation,1.0,0.3,0.3,True,10,0.5,0.0,1.0,0.0,0.9,own,strip,0.8748625416763282,0.9110896161181752,0.9001906360352769,0.8282690507429796,0.0459115,0.9609520490508914,0.9698080943224868,0.9115879068749329,70,0.7714285714285715,strategy
PM5_P4_strategy,P4,744720527,200,True,custom,1.0,0.7,0.0,-0.3,True,0.01,0.5,100,0,30,0.1,10000,0.0,0.984,0.016000000000000004,0.0,0.0,0.0,0.0,0.016342500000000003,0.003555,0.6846666850524674,0.0,0.6830916977792575,199.0,199.0,100.5025125628141,0.0,False,True,0.012268907563024987,495,n/a,n/a,n/a,n/a,n/a,n/a,n/a,n/a,1.0,1.0,198.98,n/a,donation,1.0,0.3,0.3,True,10,0.5,0.0,1.0,0.0,0.9,own,strip,0.8727788863829399,0.8951040725540546,0.8981492963671465,0.8890428014701328,0.0459125,0.9711189763136401,0.9760739974058983,0.8966911838173772,70,0.7,strategy
PM5_P4_strategy,P4,381425458,200,True,custom,1.0,0.7,0.0,-0.3,True,0.01,0.5,100,0,30,0.1,10000,0.0,0.9905000000000002,0.0095,0.0,0.0,0.0,0.0,0.008172500000000001,0.003705,0.6612566252440883,0.0,0.6839932043435628,199.0,199.0,100.50251256281412,0.0,False,True,0.014597839135654093,466,n/a,n/a,n/a,n/a,n/a,n/a,n/a,n/a,1.0,1.0,198.99,n/a,donation,1.0,0.3,0.3,True,10,0.5,0.0,1.0,0.0,0.9,own,strip,0.8679882800712074,0.8592737517468587,0.9028021535940705,0.7708163599354738,0.045415,0.976703732247055,0.9771599700393364,0.8912062318855126,77,0.7662337662337663,strategy
PM5_P4_strategy,P4,1620985466,200,True,custom,1.0,0.7,0.0,-0.3,True,0.01,0.5,100,0,30,0.1,10000,0.0,0.99,0.01,0.0,0.0,0.0,0.0,0.0081175,0.003595,0.6762207970004357,0.0,0.6839098889963562,199.0,199.0,100.50251256281408,0.0,False,True,-0.011140456182473212,489,n/a,n/a,n/a,n/a,n/a,n/a,n/a,n/a,1.0,1.0,198.96,n/a,donation,1.0,0.3,0.3,True,10,0.5,0.0,1.0,0.0,0.9,own,strip,0.8703495705492612,0.9017974968074738,0.8971460491989991,0.7761163141449628,0.045828,0.9698492188181898,0.977356283772737,0.8890549340856436,72,0.75,strategy
PM5_P4_strategy,P4,1669164794,200,True,custom,1.0,0.7,0.0,-0.3,True,0.01,0.5,100,0,30,0.1,10000,0.0,0.993,0.006999999999999999,0.0,0.0,0.0,0.0,0.006370000000000001,0.00378,0.6882324665058959,0.0,0.6832050693878192,199.0,199.0,100.50251256281405,0.0,False,True,-0.010132052821128675,468,n/a,n/a,n/a,n/a,n/a,n/a,n/a,n/a,1.0,1.0,198.99,n/a,donation,1.0,0.3,0.3,True,10,0.5,0.0,1.0,0.0,0.9,own,strip,0.8691128730707854,0.9147632236082418,0.8962227897203205,0.7000872186832484,0.045625,0.9674739726027397,0.9764191224623444,0.8971321189849298,68,0.8088235294117647,strategy
PM5_P4_strategy,P4,798359651,200,True,custom,1.0,0.7,0.0,-0.3,True,0.01,0.5,100,0,30,0.1,10000,0.0,0.9855,0.014499999999999999,0.0,0.0,0.0,0.0,0.0137625,0.004185,0.6759037774720118,0.0,0.6849643671733943,199.0,199.0,100.50251256281399,0.0,False,True,-0.0001440576230494433,438,n/a,n/a,n/a,n/a,n/a,n/a,n/a,n/a,1.0,1.0,198.98,n/a,donation,1.0,0.3,0.3,True,10,0.5,0.0,1.0,0.0,0.9,own,strip,0.861713437243369,0.9046461674468494,0.898382386886884,0.8440414607671178,0.0459365,0.9686632634179791,0.9789966810385262,0.8834022219080808,69,0.7681159420289855,strategy
PM5_P4_strategy,P4,126337246,200,True,custom,1.0,0.7,0.0,-0.3,True,0.01,0.5,100,0,30,0.1,10000,0.0,0.9865,0.013500000000000002,0.0,0.0,0.0,0.0,0.01334,0.00318,0.673593287237461,0.0,0.6826550090928636,199.0,199.0,100.50251256281405,0.0,False,True,0.0068667466986793045,480,n/a,n/a,n/a,n/a,n/a,n/a,n/a,n/a,1.0,1.0,198.99,n/a,donation,1.0,0.3,0.3,True,10,0.5,0.0,1.0,0.0,0.9,own,strip,0.8752919300989146,0.9025361181971164,0.9012689120771635,0.8783597431034277,0.0459495,0.9696841097291592,0.9754863605228444,0.8987324820334662,67,0.8208955223880597,strategy
PM5_P4_strategy,P4,317149051,200,True,custom,1.0,0.7,0.0,-0.3,True,0.01,0.5,100,0,30,0.1,10000,0.0,0.9940000000000001,0.006,0.0,0.0,0.0,0.0,0.0051,0.00289,0.6931215290309177,0.0,0.6868476627621843,199.0,199.0,100.50251256281412,0.0,False,True,-0.004849939975990564,411,n/a,n/a,n/a,n/a,n/a,n/a,n/a,n/a,1.0,1.0,199.0,n/a,donation,1.0,0.3,0.3,True,10,0.5,0.0,1.0,0.0,0.9,own,strip,0.8578097994248051,0.8976430520486144,0.8942033160493273,0.7133947019076817,0.0456245,0.9743613628642506,0.9815484052136711,0.8802561289962916,64,0.8125,strategy
PM5_P4_strategy,P4,433399445,200,True,custom,1.0,0.7,0.0,-0.3,True,0.01,0.5,100,0,30,0.1,10000,0.0,0.9870000000000001,0.013000000000000001,0.0,0.0,0.0,0.0,0.011527500000000001,0.002315,0.6885372309212376,0.0,0.683094776133985,199.0,199.0,100.50251256281408,0.0,False,True,0.00614645858343315,499,n/a,n/a,n/a,n/a,n/a,n/a,n/a,n/a,1.0,1.0,198.99,n/a,donation,1.0,0.3,0.3,True,10,0.5,0.0,1.0,0.0,0.9,own,strip,0.8747686304637193,0.9196333866249174,0.8989833240975481,0.8983711401563442,0.0460295,0.9659077330842177,0.9763362703563685,0.8939447349508772,76,0.7763157894736842,strategy
PM5_P4_strategy,P4,2121129191,200,True,custom,1.0,0.5,0.0,-0.5,True,0.01,0.5,100,0,30,0.1,10000,0.0,0.9930000000000001,0.007000000000000001,0.0,0.0,0.0,0.0,0.0056075,0.003215,0.4802836588057388,0.0,0.48200914052315186,199.0,199.0,100.5025125628141,0.0,False,True,-0.01133253301320545,602,n/a,n/a,n/a,n/a,n/a,n/a,n/a,n/a,1.0,1.0,199.0,n/a,donation,1.0,0.5,0.5,True,10,0.5,0.0,1.0,0.0,0.9,own,strip,0.8833735937272954,0.9010044501201956,0.8991166902414032,0.7104697656195353,0.045343,0.9631420505921532,0.9640499153098967,0.9083392608281509,71,0.7746478873239436,strategy
PM5_P4_strategy,P4,686818433,200,True,custom,1.0,0.5,0.0,-0.5,True,0.01,0.5,100,0,30,0.1,10000,0.0,0.99,0.009999999999999998,0.0,0.0,0.0,0.0,0.011112499999999999,0.002985,0.0,0.0,0.47590940460403364,199.0,199.0,100.50251256281408,0.0,True,False,-0.030012004801920882,710,n/a,n/a,n/a,n/a,n/a,n/a,n/a,n/a,1.0,1.0,198.99,n/a,donation,1.0,0.5,0.5,True,10,0.5,0.0,1.0,0.0,0.9,own,strip,0.8887212167663331,0.9028915761873554,0.8997762182192726,0.8635254593684175,0.0456385,0.9489027904072219,0.9519655287854759,0.9206221844822831,76,0.75,strategy
PM5_P4_strategy,P4,744720527,200,True,custom,1.0,0.5,0.0,-0.5,True,0.01,0.5,100,0,30,0.1,10000,0.0,0.9904999999999999,0.009499999999999998,0.0,0.0,0.0,0.0,0.008795,0.0033,0.48442497147849806,0.0,0.484060949542078,199.0,199.0,100.50251256281405,0.0,False,True,-0.002905162064826266,614,n/a,n/a,n/a,n/a,n/a,n/a,n/a,n/a,1.0,1.0,199.0,n/a,donation,1.0,0.5,0.5,True,10,0.5,0.0,1.0,0.0,0.9,own,strip,0.8824653504086488,0.9200799666933287,0.8996925729554895,0.8096616633687431,0.0456215,0.9598982935677257,0.9685255902139455,0.9013854032503115,67,0.7164179104477612,strategy
PM5_P4_strategy,P4,381425458,200,True,custom,1.0,0.5,0.0,-0.5,True,0.01,0.5,100,0,30,0.1,10000,0.0,0.9799999999999999,0.019999999999999997,0.0,0.0,0.0,0.0,0.018094999999999997,0.00397,0.48469207034941686,0.0,0.4841109059256128,199.0,199.0,100.50251256281412,0.0,False,True,0.007466986794717552,639,n/a,n/a,n/a,n/a,n/a,n/a,n/a,n/a,1.0,1.0,198.94,n/a,donation,1.0,0.5,0.5,True,10,0.5,0.0,1.0,0.0,0.9,own,strip,0.8869441907414074,0.8985289741157707,0.9013889197791619,0.8879206620574486,0.0454985,0.9644548721386419,0.9683931874386787,0.9040312721121283,79,0.7088607594936709,strategy
PM5_P4_strategy,P4,1620985466,200,True,custom,1.0,0.5,0.0,-0.5,True,0.01,0.5,100,0,30,0.1,10000,0.0,0.9865,0.013500000000000002,0.0,0.0,0.0,0.0,0.01447,0.00386,0.0,0.0,0.48683353661912093,199.0,199.0,100.502512562814,0.0,True,True,-0.0009843937575033366,548,n/a,n/a,n/a,n/a,n/a,n/a,n/a,n/a,1.0,1.0,198.99,n/a,donation,1.0,0.5,0.5,True,10,0.5,0.0,1.0,0.0,0.9,own,strip,0.8803783487894297,0.9041917998730227,0.8998037150994778,0.8641077367241247,0.0456915,0.9676526268561987,0.9739536533521392,0.8981211837159904,75,0.76,strategy
PM5_P4_strategy,P4,1669164794,200,True,custom,1.0,0.5,0.0,-0.5,True,0.01,0.5,100,0,30,0.1,10000,0.0,0.9834999999999999,0.0165,0.0,0.0,0.0,0.0,0.014582499999999998,0.003945,0.48097218774297423,0.0,0.483375131741862,199.0,199.0,100.50251256281408,0.0,False,True,-0.005618247298919791,621,n/a,n/a,n/a,n/a,n/a,n/a,n/a,n/a,1.0,1.0,198.99,n/a,donation,1.0,0.5,0.5,True,10,0.5,0.0,1.0,0.0,0.9,own,strip,0.87934146441153,0.9038294476083456,0.8979129063560051,0.8617206648857755,0.0458155,0.9597734391199485,0.9670876020308441,0.9033355120507893,67,0.746268656716418,strategy
PM5_P4_strategy,P4,798359651,200,True,custom,1.0,0.5,0.0,-0.5,True,0.01,0.5,100,0,30,0.1,10000,0.0,0.976,0.024,0.0,0.0,0.0,0.0,0.023625,0.00474,0.4825533680596611,0.0,0.48567899597793507,199.0,199.0,100.50251256281412,0.0,False,False,0.022833133253300986,582,n/a,n/a,n/a,n/a,n/a,n/a,n/a,n/a,1.0,1.0,198.97,n/a,donation,1.0,0.5,0.5,True,10,0.5,0.0,1.0,0.0,0.9,own,strip,0.8833619765716101,0.9052154853609341,0.8966570782970951,0.897003583824402,0.045822,0.9644057439657806,0.9716916026150257,0.8987577094341876,81,0.7160493827160493,strategy
PM5_P4_strategy,P4,126337246,200,True,custom,1.0,0.5,0.0,-0.5,True,0.01,0.5,100,0,30,0.1,10000,0.0,0.9865,0.013500000000000002,0.0,0.0,0.0,0.0,0.0145675,0.003975,0.47959998004888027,0.0,0.48133499752387854,199.0,199.0,100.50251256281399,0.0,False,True,-0.0199759903961588,755,n/a,n/a,n/a,n/a,n/a,n/a,n/a,n/a,1.0,1.0,198.99,n/a,donation,1.0,0.5,0.5,True,10,0.5,0.0,1.0,0.0,0.9,own,strip,0.8917661599709364,0.9168151864981695,0.9006264520831594,0.8608304214615458,0.04602,0.9547262059973924,0.9630574016226755,0.9066172737093847,87,0.6781609195402298,strategy
PM5_P4_strategy,P4,317149051,200,True,custom,1.0,0.5,0.0,-0.5,True,0.01,0.5,100,0,30,0.1,10000,0.0,0.9880000000000001,0.012,0.0,0.0,0.0,0.0,0.012285,0.00297,0.48920075644470984,0.0,0.48530322527749065,199.0,199.0,100.50251256281405,0.0,False,True,-0.009507803121248723,591,n/a,n/a,n/a,n/a,n/a,n/a,n/a,n/a,1.0,1.0,198.99,n/a,donation,1.0,0.5,0.5,True,10,0.5,0.0,1.0,0.0,0.9,own,strip,0.8800832718697469,0.9025443788812948,0.8981320276356307,0.877112662707412,0.045816,0.9655797101449275,0.9708544159197807,0.896866246814719,79,0.7721518987341772,strategy
PM5_P4_strategy,P4,433399445,200,True,custom,1.0,0.5,0.0,-0.5,True,0.01,0.5,100,0,30,0.1,10000,0.0,0.9810000000000001,0.019,0.0,0.0,0.0,0.0,0.0203575,0.004345,0.47943844294972077,0.0,0.48337114905999173,199.0,199.0,100.50251256281405,0.0,False,True,0.002040816326530165,687,n/a,n/a,n/a,n/a,n/a,n/a,n/a,n/a,1.0,1.0,198.98,n/a,donation,1.0,0.5,0.5,True,10,0.5,0.0,1.0,0.0,0.9,own,strip,0.8854315649577282,0.8945944097995265,0.8999226627685142,0.8904601398614136,0.0452605,0.9646325162117078,0.966837812827478,0.9027075790543644,72,0.7083333333333334,strategy
PM5_P4_family,P4,2121129191,200,True,custom,1.0,0.7,0.0,-0.3,True,0.01,0.5,100,0,30,0.1,10000,0.0,0.020999999999999998,0.9790000000000001,0.0,0.0,0.0,0.0,0.9764649999999999,0.04628,0.020992760986945597,0.0,0.02094339329117062,199.0,199.0,100.50251256281406,0.0,False,False,-0.031740696278504246,604,n/a,n/a,n/a,n/a,n/a,n/a,n/a,n/a,1.0,1.0,199.0,n/a,donation,1.0,0.3,0.3,True,10,0.5,0.0,1.0,0.0,0.0,own,strip,-0.006975832834525406,0.1116085431855926,-0.007333828615299342,-0.00872382089369672,0.0451275,0.030103595368677634,0.029910014164194695,0.1301136318220337,72,0.625,family
PM5_P4_family,P4,686818433,200,True,custom,1.0,0.7,0.0,-0.3,True,0.01,0.5,100,0,30,0.1,10000,0.0,0.006,0.994,0.0,0.0,0.0,0.0,0.9959749999999999,0.00802,0.015616561386339278,0.0,0.01553982013148185,199.0,199.0,100.50251256281405,0.0,False,True,0.007394957983207588,443,n/a,n/a,n/a,n/a,n/a,n/a,n/a,n/a,1.0,1.0,198.98,n/a,donation,1.0,0.3,0.3,True,10,0.5,0.0,1.0,0.0,0.0,own,strip,-0.005479558205149628,0.1324770504693561,-0.00510356294315038,-0.004776509578044606,0.0449105,0.022249807951369948,0.022191637537633906,0.11530982697212325,65,0.6615384615384615,family
PM5_P4_family,P4,744720527,200,True,custom,1.0,0.7,0.0,-0.3,True,0.01,0.5,100,0,30,0.1,10000,0.0,0.018,0.9819999999999999,0.0,0.0,0.0,0.0,0.9811775,0.036785,0.028779673199675226,0.0,0.02872734781099064,199.0,199.0,100.50251256281406,0.0,False,True,-0.014021608643450227,773,n/a,n/a,n/a,n/a,n/a,n/a,n/a,n/a,1.0,1.0,199.0,n/a,donation,1.0,0.3,0.3,True,10,0.5,0.0,1.0,0.0,0.0,own,strip,-0.005582903382651022,0.11351952335250061,-0.0064069094850395854,-0.002421060780646948,0.0452755,0.04115360404633853,0.04102989920128791,0.12745579093073373,79,0.5949367088607594,family
PM5_P4_family,P4,381425458,200,True,custom,1.0,0.7,0.0,-0.3,True,0.01,0.5,100,0,30,0.1,10000,0.0,0.013500000000000002,0.9865,0.0,0.0,0.0,0.0,0.9864324999999999,0.026855,0.024868154613255727,0.0,0.024874707799872043,199.0,199.0,100.50251256281408,0.0,False,True,0.0013205282112988246,733,n/a,n/a,n/a,n/a,n/a,n/a,n/a,n/a,1.0,1.0,198.99,n/a,donation,1.0,0.3,0.3,True,10,0.5,0.0,1.0,0.0,0.0,own,strip,-0.006894166862579772,0.09580800534300725,-0.010861992603853505,-0.007094564946796752,0.0449135,0.03490598595077204,0.03556693556028695,0.1358626301498521,76,0.618421052631579,family
PM5_P4_family,P4,1620985466,200,True,custom,1.0,0.7,0.0,-0.3,True,0.01,0.5,100,0,30,0.1,10000,0.0,0.0105,0.9894999999999999,0.0,0.0,0.0,0.0,0.9879199999999999,0.02387,0.027256069052739182,0.0,0.027139718777405553,199.0,199.0,100.5025125628141,0.0,False,True,0.007466986794739353,699,n/a,n/a,n/a,n/a,n/a,n/a,n/a,n/a,1.0,1.0,198.99,n/a,donation,1.0,0.3,0.3,True,10,0.5,0.0,1.0,0.0,0.0,own,strip,-0.0031764379205945032,0.1191278758973415,-0.0018010273013674472,-0.004058339028395417,0.045262,0.03831028235606027,0.03879650752353002,0.20530788863473948,78,0.6025641025641025,family
PM5_P4_family,P4,1669164794,200,True,custom,1.0,0.7,0.0,-0.3,True,0.01,0.5,100,0,30,0.1,10000,0.0,0.019999999999999997,0.9799999999999999,0.0,0.0,0.0,0.0,0.982405,0.03449,0.030192922853557288,0.0,0.030125863353198598,199.0,199.0,100.5025125628141,0.0,False,True,-0.01985594237695078,793,n/a,n/a,n/a,n/a,n/a,n/a,n/a,n/a,1.0,1.0,199.0,n/a,donation,1.0,0.3,0.3,True,10,0.5,0.0,1.0,0.0,0.0,own,strip,-0.0032611573354457413,0.09785024594183293,-0.002461266413952359,-0.004758261578558983,0.0450125,0.043176895306859205,0.0430241233523999,0.1756423065946685,74,0.5540540540540541,family
PM5_P4_family,P4,798359651,200,True,custom,1.0,0.7,0.0,-0.3,True,0.01,0.5,100,0,30,0.1,10000,0.0,0.013000000000000001,0.9870000000000001,0.0,0.0,0.0,0.0,0.9866774999999999,0.026145,0.03127267856900315,0.0,0.03109779804931773,199.0,199.0,100.50251256281403,0.0,False,True,0.0128451380552364,719,n/a,n/a,n/a,n/a,n/a,n/a,n/a,n/a,1.0,1.0,199.0,n/a,donation,1.0,0.3,0.3,True,10,0.5,0.0,1.0,0.0,0.0,own,strip,-0.002870753938430332,0.1245002963180824,-0.0013338791246471791,-0.007464121337175395,0.045097,0.04458167949087522,0.04442100401820918,0.25988202973414665,72,0.5972222222222222,family
PM5_P4_family,P4,126337246,200,True,custom,1.0,0.7,0.0,-0.3,True,0.01,0.5,100,0,30,0.1,10000,0.0,0.006500000000000001,0.9934999999999998,0.0,0.0,0.0,0.0,0.9925225,0.014835,0.02801929521237735,0.0,0.028026327803884383,199.0,199.0,100.50251256281408,0.0,False,True,-0.007322929171661512,711,n/a,n/a,n/a,n/a,n/a,n/a,n/a,n/a,1.0,1.0,198.99,n/a,donation,1.0,0.3,0.3,True,10,0.5,0.0,1.0,0.0,0.0,own,strip,-0.006045564442843137,0.09405470391618995,-0.006520492245542957,-0.005728883576788844,0.045223,0.039858036839661236,0.04005149893640086,0.1919798946363726,73,0.6027397260273972,family
PM5_P4_family,P4,317149051,200,True,custom,1.0,0.7,0.0,-0.3,True,0.01,0.5,100,0,30,0.1,10000,0.0,0.0235,0.9764999999999999,0.0,0.0,0.0,0.0,0.9769625,0.045085,0.026875584963138476,0.0,0.026918021813390487,199.0,199.0,100.50251256281403,0.0,False,True,-0.00602641056422569,707,n/a,n/a,n/a,n/a,n/a,n/a,n/a,n/a,1.0,1.0,198.99,n/a,donation,1.0,0.3,0.3,True,10,0.5,0.0,1.0,0.0,0.0,own,strip,-0.007912055639371083,0.1037242176837531,-0.009276602879721386,-0.0036740263000495624,0.045171,0.03866418719975205,0.038445103782981035,0.19230506325262747,66,0.6060606060606061,family
PM5_P4_family,P4,433399445,200,True,custom,1.0,0.7,0.0,-0.3,True,0.01,0.5,100,0,30,0.1,10000,0.0,0.014000000000000002,0.986,0.0,0.0,0.0,0.0,0.9883675000000001,0.022915,0.0283878442405092,0.0,0.028194760087230902,199.0,199.0,100.50251256281405,0.0,False,False,0.03130852340936374,737,n/a,n/a,n/a,n/a,n/a,n/a,n/a,n/a,1.0,1.0,198.98,n/a,donation,1.0,0.3,0.3,True,10,0.5,0.0,1.0,0.0,0.0,own,strip,-0.002517759807180855,0.11218348848856828,-0.0008676760074147284,-0.0037336735383822384,0.0451845,0.04011884606446901,0.04029024455509991,0.18435988988128427,70,0.6,family
PM5_P4_family,P4,2121129191,200,True,custom,1.0,0.7,0.0,-0.3,True,0.01,0.5,100,0,30,0.1,10000,0.0,0.022,0.9780000000000001,0.0,0.0,0.0,0.0,0.975445,0.04825,0.021943036288379077,0.0,0.02189442521749866,199.0,199.0,100.50251256281406,0.0,False,False,-0.033277310924369745,624,n/a,n/a,n/a,n/a,n/a,n/a,n/a,n/a,1.0,1.0,199.0,n/a,donation,1.0,0.3,0.3,True,10,0.5,0.0,1.0,0.0,0.0,inclusive,strip,-0.006518857112853293,0.11166492545146979,-0.006426772510375608,-0.008806151150031954,0.0451275,0.03145532103484572,0.031269096135871546,0.12944947934164702,73,0.6164383561643836,family
PM5_P4_family,P4,686818433,200,True,custom,1.0,0.7,0.0,-0.3,True,0.01,0.5,100,0,30,0.1,10000,0.0,0.006,0.994,0.0,0.0,0.0,0.0,0.9959749999999999,0.00802,0.016354123243887807,0.0,0.01628291820619473,199.0,199.0,100.50251256281405,0.0,False,True,0.010924369747920626,467,n/a,n/a,n/a,n/a,n/a,n/a,n/a,n/a,1.0,1.0,198.98,n/a,donation,1.0,0.3,0.3,True,10,0.5,0.0,1.0,0.0,0.0,inclusive,strip,-0.004981652699776331,0.12846030254377244,-0.003996463568307765,-0.004776509578044606,0.0449105,0.02329633381948542,0.023254888677972065,0.1120196223376108,66,0.6515151515151515,family
PM5_P4_family,P4,744720527,200,True,custom,1.0,0.7,0.0,-0.3,True,0.01,0.5,100,0,30,0.1,10000,0.0,0.0185,0.9814999999999998,0.0,0.0,0.0,0.0,0.9806425000000001,0.037805,0.02998042136060468,0.0,0.02989644477076612,199.0,199.0,100.50251256281406,0.0,False,True,-0.014693877551013253,803,n/a,n/a,n/a,n/a,n/a,n/a,n/a,n/a,1.0,1.0,199.0,n/a,donation,1.0,0.3,0.3,True,10,0.5,0.0,1.0,0.0,0.0,inclusive,strip,-0.005546274759356291,0.10699953849488146,-0.00592835747830897,-0.0029024648602875855,0.0452755,0.042903998851475965,0.042696610383414275,0.1236283239443718,78,0.6025641025641025,family
PM5_P4_family,P4,381425458,200,True,custom,1.0,0.7,0.0,-0.3,True,0.01,0.5,100,0,30,0.1,10000,0.0,0.013500000000000002,0.9865,0.0,0.0,0.0,0.0,0.9864324999999999,0.026855,0.02595951245350116,0.0,0.02597148031836763,199.0,199.0,100.50251256281408,0.0,False,True,0.003625450180072029,757,n/a,n/a,n/a,n/a,n/a,n/a,n/a,n/a,1.0,1.0,198.99,n/a,donation,1.0,0.3,0.3,True,10,0.5,0.0,1.0,0.0,0.0,inclusive,strip,-0.006594119265323021,0.09139120902064042,-0.011102103649945641,-0.007094564946796752,0.0449135,0.0366036937669075,0.037125171385000204,0.13087285218777917,77,0.6103896103896104,family
PM5_P4_family,P4,1620985466,200,True,custom,1.0,0.7,0.0,-0.3,True,0.01,0.5,100,0,30,0.1,10000,0.0,0.0105,0.9894999999999999,0.0,0.0,0.0,0.0,0.9879199999999999,0.02387,0.02802389567680485,0.0,0.027908701273345892,199.0,199.0,100.5025125628141,0.0,False,True,0.010228091236516064,715,n/a,n/a,n/a,n/a,n/a,n/a,n/a,n/a,1.0,1.0,198.99,n/a,donation,1.0,0.3,0.3,True,10,0.5,0.0,1.0,0.0,0.0,inclusive,strip,-0.003340105545222747,0.11404200502976869,-0.0020107917520260613,-0.004058339028395417,0.045262,0.039519906323185014,0.03989104864371168,0.20511137409493543,80,0.6,family
PM5_P4_family,P4,1669164794,200,True,custom,1.0,0.7,0.0,-0.3,True,0.01,0.5,100,0,30,0.1,10000,0.0,0.019999999999999997,0.9799999999999999,0.0,0.0,0.0,0.0,0.982405,0.03449,0.0333610362955872,0.0,0.033280821744106806,199.0,199.0,100.5025125628141,0.0,False,True,-0.01745498199279712,853,n/a,n/a,n/a,n/a,n/a,n/a,n/a,n/a,1.0,1.0,199.0,n/a,donation,1.0,0.3,0.3,True,10,0.5,0.0,1.0,0.0,0.0,inclusive,strip,-0.003572114087920873,0.08496584394223357,-0.002974936322511172,-0.004758261578558983,0.0450125,0.04775340183282421,0.04752810900666239,0.16709116644424687,71,0.5633802816901409,family
PM5_P4_family,P4,798359651,200,True,custom,1.0,0.7,0.0,-0.3,True,0.01,0.5,100,0,30,0.1,10000,0.0,0.013500000000000002,0.9865,0.0,0.0,0.0,0.0,0.986165,0.02715,0.03395033497030755,0.0,0.033798619697752254,199.0,199.0,100.50251256281403,0.0,False,True,0.013421368547426123,781,n/a,n/a,n/a,n/a,n/a,n/a,n/a,n/a,1.0,1.0,199.0,n/a,donation,1.0,0.3,0.3,True,10,0.5,0.0,1.0,0.0,0.0,inclusive,strip,-0.003430653429182539,0.1127647660217291,-0.002115775603239738,-0.007010191100769053,0.045097,0.04844557287624454,0.048280296532736834,0.24444648446045456,69,0.6086956521739131,family
PM5_P4_family,P4,126337246,200,True,custom,1.0,0.7,0.0,-0.3,True,0.01,0.5,100,0,30,0.1,10000,0.0,0.011000000000000001,0.9889999999999999,0.0,0.0,0.0,0.0,0.9874924999999999,0.024645,0.03192609610958091,0.0,0.031941706946577046,199.0,199.0,100.50251256281408,0.0,False,True,-0.017647058823522258,797,n/a,n/a,n/a,n/a,n/a,n/a,n/a,n/a,1.0,1.0,198.99,n/a,donation,1.0,0.3,0.3,True,10,0.5,0.0,1.0,0.0,0.0,inclusive,strip,-0.005897236851514276,0.07390796704395805,-0.006826563300687615,-0.00464604975960521,0.045223,0.04587820356898038,0.04562662276112642,0.1759417409211401,77,0.5974025974025974,family
PM5_P4_family,P4,317149051,200,True,custom,1.0,0.7,0.0,-0.3,True,0.01,0.5,100,0,30,0.1,10000,0.0,0.0235,0.9764999999999999,0.0,0.0,0.0,0.0,0.9769625,0.045085,0.029513131494289167,0.0,0.029465115493115583,199.0,199.0,100.50251256281403,0.0,False,True,-0.0016326530612316452,757,n/a,n/a,n/a,n/a,n/a,n/a,n/a,n/a,1.0,1.0,198.99,n/a,donation,1.0,0.3,0.3,True,10,0.5,0.0,1.0,0.0,0.0,inclusive,strip,-0.00828643904860098,0.09813730940383582,-0.009862328008326801,-0.0036740263000495624,0.045171,0.04213433397533816,0.0420905209204999,0.18262871248528786,60,0.65,family
PM5_P4_family,P4,433399445,200,True,custom,1.0,0.7,0.0,-0.3,True,0.01,0.5,100,0,30,0.1,10000,0.0,0.014000000000000002,0.986,0.0,0.0,0.0,0.0,0.9883675000000001,0.022915,0.03037628308809645,0.0,0.030190112584702434,199.0,199.0,100.50251256281405,0.0,False,False,0.037118847539015606,787,n/a,n/a,n/a,n/a,n/a,n/a,n/a,n/a,1.0,1.0,198.98,n/a,donation,1.0,0.3,0.3,True,10,0.5,0.0,1.0,0.0,0.0,inclusive,strip,-0.0034483069286691107,0.10943839372265841,-0.002479814146634753,-0.0037336735383822384,0.0451845,0.04296827451891688,0.043139486110143795,0.18062512430035746,71,0.6056338028169014,family
PM5_P4_family,P4,2121129191,200,True,custom,1.0,0.5,0.0,-0.5,True,0.01,0.5,100,0,30,0.1,10000,0.0,0.012999999999999998,0.9869999999999999,0.0,0.0,0.0,0.0,0.98558,0.0286,0.009947132221653315,0.0,0.009876187917399182,199.0,199.0,100.50251256281406,0.0,False,True,-0.01627851140455467,443,n/a,n/a,n/a,n/a,n/a,n/a,n/a,n/a,1.0,1.0,199.0,n/a,donation,1.0,0.5,0.5,True,10,0.5,0.0,1.0,0.0,0.0,own,strip,-0.005617258866534407,0.16736389484593364,-0.004560244911269825,-0.009564173264368567,0.0451275,0.019915794138828873,0.01974504449546929,0.14330884777461098,65,0.6307692307692307,family
PM5_P4_family,P4,686818433,200,True,custom,1.0,0.5,0.0,-0.5,True,0.01,0.5,100,0,30,0.1,10000,0.0,0.0055000000000000005,0.9945,0.0,0.0,0.0,0.0,0.9965024999999998,0.006965,0.008346689843721361,0.0,0.00831843387122686,199.0,199.0,100.50251256281405,0.0,False,True,-0.004657863145243793,342,n/a,n/a,n/a,n/a,n/a,n/a,n/a,n/a,1.0,1.0,198.98,n/a,donation,1.0,0.5,0.5,True,10,0.5,0.0,1.0,0.0,0.0,own,strip,-0.0039976194159175105,0.17903843180640563,-0.0028132098277705688,-0.0046968133530625586,0.0449105,0.01638814976453168,0.016637707775030507,0.13373403919728252,57,0.6842105263157895,family
PM5_P4_family,P4,744720527,200,True,custom,1.0,0.5,0.0,-0.5,True,0.01,0.5,100,0,30,0.1,10000,0.0,0.01,0.99,0.0,0.0,0.0,0.0,0.9895150000000001,0.02074,0.01319359935413731,0.0,0.01309764239932607,199.0,199.0,100.50251256281406,0.0,False,True,-0.011692677070828331,515,n/a,n/a,n/a,n/a,n/a,n/a,n/a,n/a,1.0,1.0,199.0,n/a,donation,1.0,0.5,0.5,True,10,0.5,0.0,1.0,0.0,0.0,own,strip,-0.005763269016569313,0.17309698800890283,-0.006715453834447342,-0.004104616517426535,0.0452755,0.025996399818886594,0.026199966587219663,0.16448062718618447,69,0.5942028985507246,family
PM5_P4_family,P4,381425458,200,True,custom,1.0,0.5,0.0,-0.5,True,0.01,0.5,100,0,30,0.1,10000,0.0,0.009000000000000001,0.991,0.0,0.0,0.0,0.0,0.9899675,0.019905,0.011998159790473691,0.0,0.012017815677313259,199.0,199.0,100.50251256281408,0.0,False,True,0.008355342136861897,501,n/a,n/a,n/a,n/a,n/a,n/a,n/a,n/a,1.0,1.0,198.99,n/a,donation,1.0,0.5,0.5,True,10,0.5,0.0,1.0,0.0,0.0,own,strip,-0.006886639179928683,0.13482565973203606,-0.009319683310569826,-0.006377560717875835,0.0449135,0.02341723535239961,0.024068500601777953,0.17254386318563486,70,0.6285714285714286,family
PM5_P4_family,P4,1620985466,200,True,custom,1.0,0.5,0.0,-0.5,True,0.01,0.5,100,0,30,0.1,10000,0.0,0.01,0.99,0.0,0.0,0.0,0.0,0.9884000000000001,0.02292,0.014401582417348445,0.0,0.014174229849917048,199.0,199.0,100.5025125628141,0.0,False,True,0.004153661464600145,525,n/a,n/a,n/a,n/a,n/a,n/a,n/a,n/a,1.0,1.0,198.99,n/a,donation,1.0,0.5,0.5,True,10,0.5,0.0,1.0,0.0,0.0,own,strip,-0.0032077799688206643,0.17581926125270056,-0.0013838736639489103,-0.0031688668905647368,0.045262,0.027755070478547125,0.028381870209418708,0.22534206527233455,66,0.6363636363636364,family
PM5_P4_family,P4,1669164794,200,True,custom,1.0,0.5,0.0,-0.5,True,0.01,0.5,100,0,30,0.1,10000,0.0,0.017500000000000005,0.9824999999999999,0.0,0.0,0.0,0.0,0.9838950000000001,0.0316,0.013240589163404351,0.0,0.01330947766759359,199.0,199.0,100.5025125628141,0.0,False,True,-0.017454981992789963,517,n/a,n/a,n/a,n/a,n/a,n/a,n/a,n/a,1.0,1.0,199.0,n/a,donation,1.0,0.5,0.5,True,10,0.5,0.0,1.0,0.0,0.0,own,strip,-0.0033772987736920557,0.15771053593555806,-0.0018807772890678278,-0.004210326577619586,0.0450125,0.02643710080533185,0.026617625885155566,0.1836938609697075,65,0.6153846153846154,family
PM5_P4_family,P4,798359651,200,True,custom,1.0,0.5,0.0,-0.5,True,0.01,0.5,100,0,30,0.1,10000,0.0,0.011,0.9890000000000001,0.0,0.0,0.0,0.0,0.9891374999999998,0.021445,0.014897265270719018,0.0,0.014640696620991777,199.0,199.0,100.50251256281403,0.0,False,True,0.00019207683074660376,505,n/a,n/a,n/a,n/a,n/a,n/a,n/a,n/a,1.0,1.0,199.0,n/a,donation,1.0,0.5,0.5,True,10,0.5,0.0,1.0,0.0,0.0,own,strip,-0.0020847467869638653,0.1790969059197007,-0.0003878681534103546,-0.005960126111842911,0.045097,0.029198172827460806,0.029283602627701452,0.24002846842758252,62,0.6451612903225806,family
PM5_P4_family,P4,126337246,200,True,custom,1.0,0.5,0.0,-0.5,True,0.01,0.5,100,0,30,0.1,10000,0.0,0.0045,0.9954999999999998,0.0,0.0,0.0,0.0,0.9950149999999999,0.00989,0.013120781465548884,0.0,0.013091997142259351,199.0,199.0,100.50251256281408,0.0,False,True,0.0007442977190947904,503,n/a,n/a,n/a,n/a,n/a,n/a,n/a,n/a,1.0,1.0,198.99,n/a,donation,1.0,0.5,0.5,True,10,0.5,0.0,1.0,0.0,0.0,own,strip,-0.005896156697241297,0.16349269709676384,-0.00662054419881158,-0.0049851939972000645,0.045223,0.025916016186453797,0.02620873774713886,0.20009551905395737,67,0.6865671641791045,family
PM5_P4_family,P4,317149051,200,True,custom,1.0,0.5,0.0,-0.5,True,0.01,0.5,100,0,30,0.1,10000,0.0,0.016500000000000004,0.9834999999999999,0.0,0.0,0.0,0.0,0.9818850000000001,0.03559,0.012949806190956658,0.0,0.01301586095431041,199.0,199.0,100.50251256281403,0.0,False,True,0.0006002400960527263,497,n/a,n/a,n/a,n/a,n/a,n/a,n/a,n/a,1.0,1.0,198.99,n/a,donation,1.0,0.5,0.5,True,10,0.5,0.0,1.0,0.0,0.0,own,strip,-0.006588946975325285,0.14052592568819486,-0.007098334748884345,-0.004547347902562859,0.045171,0.02660999313718979,0.026007536427988677,0.20588806943566548,62,0.5967741935483871,family
PM5_P4_family,P4,433399445,200,True,custom,1.0,0.5,0.0,-0.5,True,0.01,0.5,100,0,30,0.1,10000,0.0,0.0125,0.9875,0.0,0.0,0.0,0.0,0.9898675000000001,0.020045,0.013879905355208121,0.0,0.01375937804696824,199.0,199.0,100.50251256281405,0.0,False,True,0.01793517406962785,531,n/a,n/a,n/a,n/a,n/a,n/a,n/a,n/a,1.0,1.0,198.98,n/a,donation,1.0,0.5,0.5,True,10,0.5,0.0,1.0,0.0,0.0,own,strip,-0.0037984924905036534,0.1677749547196953,-0.002543330874368745,-0.005329443468214554,0.0451845,0.02744303909526497,0.027527307631683817,0.21035888829759578,65,0.6153846153846154,family
PM5_P4_family,P4,2121129191,200,True,custom,1.0,0.5,0.0,-0.5,True,0.01,0.5,100,0,30,0.1,10000,0.0,0.012999999999999998,0.9869999999999999,0.0,0.0,0.0,0.0,0.98558,0.0286,0.010272368647377263,0.0,0.01020279232237981,199.0,199.0,100.50251256281406,0.0,False,True,-0.01627851140455467,451,n/a,n/a,n/a,n/a,n/a,n/a,n/a,n/a,1.0,1.0,199.0,n/a,donation,1.0,0.5,0.5,True,10,0.5,0.0,1.0,0.0,0.0,inclusive,strip,-0.005629114908214901,0.1608840854194515,-0.004615479564784474,-0.009564173264368567,0.0451275,0.020541798238324745,0.02039984395822479,0.13839958990875784,68,0.6176470588235294,family
PM5_P4_family,P4,686818433,200,True,custom,1.0,0.5,0.0,-0.5,True,0.01,0.5,100,0,30,0.1,10000,0.0,0.0055000000000000005,0.9945,0.0,0.0,0.0,0.0,0.9965024999999998,0.006965,0.008623272484053124,0.0,0.008598945437383225,199.0,199.0,100.50251256281405,0.0,False,True,0.003841536614660169,354,n/a,n/a,n/a,n/a,n/a,n/a,n/a,n/a,1.0,1.0,198.98,n/a,donation,1.0,0.5,0.5,True,10,0.5,0.0,1.0,0.0,0.0,inclusive,strip,-0.004088015821077736,0.1705285528050678,-0.0028132098277705688,-0.0046968133530625586,0.0449105,0.017039445118624822,0.017196294169289895,0.1285401920114956,59,0.6610169491525424,family
PM5_P4_family,P4,744720527,200,True,custom,1.0,0.5,0.0,-0.5,True,0.01,0.5,100,0,30,0.1,10000,0.0,0.01,0.99,0.0,0.0,0.0,0.0,0.9895150000000001,0.02074,0.013877454310700683,0.0,0.01378309715358203,199.0,199.0,100.50251256281406,0.0,False,True,-0.009771908763505402,539,n/a,n/a,n/a,n/a,n/a,n/a,n/a,n/a,1.0,1.0,199.0,n/a,donation,1.0,0.5,0.5,True,10,0.5,0.0,1.0,0.0,0.0,inclusive,strip,-0.00592018759442729,0.1619825587598008,-0.006761187519488565,-0.004104616517426535,0.0452755,0.02742101136376186,0.027566591199869702,0.15538720280420404,72,0.5972222222222222,family
PM5_P4_family,P4,381425458,200,True,custom,1.0,0.5,0.0,-0.5,True,0.01,0.5,100,0,30,0.1,10000,0.0,0.009500000000000001,0.9904999999999999,0.0,0.0,0.0,0.0,0.9894125,0.021015,0.012276123119635766,0.0,0.012296654024496595,199.0,199.0,100.50251256281408,0.0,False,True,0.009075630252107995,509,n/a,n/a,n/a,n/a,n/a,n/a,n/a,n/a,1.0,1.0,198.99,n/a,donation,1.0,0.5,0.5,True,10,0.5,0.0,1.0,0.0,0.0,inclusive,strip,-0.006799031474310967,0.1307035134988674,-0.009319683310569826,-0.006335453926515687,0.0449135,0.023940463335077426,0.024629706314558943,0.1680195071058705,73,0.6301369863013698,family
PM5_P4_family,P4,1620985466,200,True,custom,1.0,0.5,0.0,-0.5,True,0.01,0.5,100,0,30,0.1,10000,0.0,0.01,0.99,0.0,0.0,0.0,0.0,0.9884000000000001,0.02292,0.01477359980140671,0.0,0.014549631902299773,199.0,199.0,100.5025125628141,0.0,False,True,0.005234093637469293,533,n/a,n/a,n/a,n/a,n/a,n/a,n/a,n/a,1.0,1.0,198.99,n/a,donation,1.0,0.5,0.5,True,10,0.5,0.0,1.0,0.0,0.0,inclusive,strip,-0.0030170993933177287,0.17182172953681157,-0.0013823839144085507,-0.0031688668905647368,0.045262,0.028500729088418542,0.029133908988644003,0.22331213830687047,66,0.6363636363636364,family
PM5_P4_family,P4,1669164794,200,True,custom,1.0,0.5,0.0,-0.5,True,0.01,0.5,100,0,30,0.1,10000,0.0,0.0185,0.9815000000000002,0.0,0.0,0.0,0.0,0.9834175,0.032505,0.013623951675321095,0.0,0.013600976003748167,199.0,199.0,100.5025125628141,0.0,False,False,-0.020024009603827227,534,n/a,n/a,n/a,n/a,n/a,n/a,n/a,n/a,1.0,1.0,199.0,n/a,donation,1.0,0.5,0.5,True,10,0.5,0.0,1.0,0.0,0.0,inclusive,strip,-0.0032766806928191325,0.15335589920518441,-0.0017465185996098102,-0.0035336587423590686,0.0450125,0.027014718133851708,0.027201141376196024,0.18294706339422967,65,0.6,family
PM5_P4_family,P4,798359651,200,True,custom,1.0,0.5,0.0,-0.5,True,0.01,0.5,100,0,30,0.1,10000,0.0,0.011,0.9890000000000001,0.0,0.0,0.0,0.0,0.9891374999999998,0.021445,0.015495819549193223,0.0,0.015258066427818255,199.0,199.0,100.50251256281403,0.0,False,True,0.012484993997613351,535,n/a,n/a,n/a,n/a,n/a,n/a,n/a,n/a,1.0,1.0,199.0,n/a,donation,1.0,0.5,0.5,True,10,0.5,0.0,1.0,0.0,0.0,inclusive,strip,-0.0014119650819583497,0.17577272326258894,0.000330340117374858,-0.005960126111842911,0.045097,0.030561899904649976,0.030512523261524992,0.23377310485723457,66,0.6212121212121212,family
PM5_P4_family,P4,126337246,200,True,custom,1.0,0.5,0.0,-0.5,True,0.01,0.5,100,0,30,0.1,10000,0.0,0.0045,0.9954999999999998,0.0,0.0,0.0,0.0,0.9944824999999999,0.010935,0.013373966860255933,0.0,0.013346901981671641,199.0,199.0,100.50251256281408,0.0,False,True,-0.0006002400960241045,509,n/a,n/a,n/a,n/a,n/a,n/a,n/a,n/a,1.0,1.0,198.99,n/a,donation,1.0,0.5,0.5,True,10,0.5,0.0,1.0,0.0,0.0,inclusive,strip,-0.005623362133668784,0.15797472485296893,-0.006392157574664226,-0.005219199663731885,0.045223,0.026468832231386685,0.02671828081321607,0.198826214168569,64,0.6875,family
PM5_P4_family,P4,317149051,200,True,custom,1.0,0.5,0.0,-0.5,True,0.01,0.5,100,0,30,0.1,10000,0.0,0.016500000000000004,0.9834999999999999,0.0,0.0,0.0,0.0,0.9818850000000001,0.03559,0.013301021769687912,0.0,0.013370312966381158,199.0,199.0,100.50251256281403,0.0,False,True,0.0023289315726433626,509,n/a,n/a,n/a,n/a,n/a,n/a,n/a,n/a,1.0,1.0,198.99,n/a,donation,1.0,0.5,0.5,True,10,0.5,0.0,1.0,0.0,0.0,inclusive,strip,-0.006076680334036288,0.13635991290723515,-0.006049201894972663,-0.004547347902562859,0.045171,0.02730180868256182,0.02671761121624919,0.20374611687049385,64,0.59375,family
PM5_P4_family,P4,433399445,200,True,custom,1.0,0.5,0.0,-0.5,True,0.01,0.5,100,0,30,0.1,10000,0.0,0.0125,0.9875,0.0,0.0,0.0,0.0,0.9898675000000001,0.020045,0.014120075370537227,0.0,0.01400742779264297,199.0,199.0,100.50251256281405,0.0,False,True,0.01858343337334934,545,n/a,n/a,n/a,n/a,n/a,n/a,n/a,n/a,1.0,1.0,198.98,n/a,donation,1.0,0.5,0.5,True,10,0.5,0.0,1.0,0.0,0.0,inclusive,strip,-0.004040310602761629,0.16328707939313788,-0.0030273250654833297,-0.005329443468214554,0.0451845,0.02790226737044783,0.02802478594032041,0.2067961422167854,67,0.5970149253731343,family
PM5_P4_family,P4,2121129191,200,True,custom,1.0,0.7,0.0,-0.3,True,0.01,0.5,100,0,30,0.1,10000,0.0,0.014999999999999996,0.985,0.0,0.0,0.0,0.0,0.983445,0.03269,0.020792061936787218,0.0,0.020877469874096007,199.0,199.0,100.50251256281412,0.0,False,True,-0.006434573829524657,591,n/a,n/a,n/a,n/a,n/a,n/a,n/a,n/a,1.0,1.0,198.99,n/a,donation,1.0,0.3,0.3,True,10,0.5,0.0,1.0,0.0,0.1,own,strip,0.006301853566309571,0.09991747742049387,0.019439709748818992,-0.006570691172511289,0.1407225,0.02995256622075361,0.029799162668637316,0.12611604275743327,69,0.5797101449275363,family
PM5_P4_family,P4,686818433,200,True,custom,1.0,0.7,0.0,-0.3,True,0.01,0.5,100,0,30,0.1,10000,0.0,0.0035000000000000005,0.9964999999999999,0.0,0.0,0.0,0.0,0.99696,0.00608,0.020006021553064558,0.0,0.020027714694628836,199.0,199.0,100.50251256281405,0.0,False,False,0.024657863145272414,572,n/a,n/a,n/a,n/a,n/a,n/a,n/a,n/a,1.0,1.0,198.98,n/a,donation,1.0,0.3,0.3,True,10,0.5,0.0,1.0,0.0,0.1,own,strip,0.00491864262208106,0.10805861370399182,0.016746169889023298,-0.006716021140374131,0.140862,0.028650381224176853,0.0286007602969488,0.11218675560572704,62,0.5967741935483871,family
PM5_P4_family,P4,744720527,200,True,custom,1.0,0.7,0.0,-0.3,True,0.01,0.5,100,0,30,0.1,10000,0.0,0.014000000000000002,0.986,0.0,0.0,0.0,0.0,0.9864049999999999,0.02686,0.025707655378669172,0.0,0.025696808368873378,199.0,199.0,100.50251256281403,0.0,False,True,-0.013397358943577431,709,n/a,n/a,n/a,n/a,n/a,n/a,n/a,n/a,1.0,1.0,198.99,n/a,donation,1.0,0.3,0.3,True,10,0.5,0.0,1.0,0.0,0.1,own,strip,0.0055935363579863225,0.09966078731322066,0.01665574370573471,-0.005179979468094941,0.1407845,0.03681690811133328,0.03669248285209008,0.16767470366718204,75,0.6266666666666667,family
PM5_P4_family,P4,381425458,200,True,custom,1.0,0.7,0.0,-0.3,True,0.01,0.5,100,0,30,0.1,10000,0.0,0.020499999999999997,0.9795,0.0,0.0,0.0,0.0,0.9785999999999999,0.04194,0.027801111412646847,0.0,0.027601325567118147,199.0,199.0,100.50251256281412,0.0,False,True,-0.009747899159663866,682,n/a,n/a,n/a,n/a,n/a,n/a,n/a,n/a,1.0,1.0,198.97,n/a,donation,1.0,0.3,0.3,True,10,0.5,0.0,1.0,0.0,0.1,own,strip,0.007815158562541278,0.10560998565803147,0.019775259123059906,-0.003015791543758967,0.1409395,0.03968192025656399,0.0393877963193512,0.18315274960295536,72,0.5972222222222222,family
PM5_P4_family,P4,1620985466,200,True,custom,1.0,0.7,0.0,-0.3,True,0.01,0.5,100,0,30,0.1,10000,0.0,0.0175,0.9825000000000002,0.0,0.0,0.0,0.0,0.9804425,0.038275,0.029905428796923903,0.0,0.02984289187605875,199.0,199.0,100.50251256281403,0.0,False,True,0.0033133253301392083,764,n/a,n/a,n/a,n/a,n/a,n/a,n/a,n/a,1.0,1.0,198.98,n/a,donation,1.0,0.3,0.3,True,10,0.5,0.0,1.0,0.0,0.1,own,strip,0.006856843689919494,0.09680227000714872,0.020615334966548382,-0.00433549855537228,0.1405335,0.0424667428050963,0.04265524019842542,0.1903699232032209,81,0.5432098765432098,family
PM5_P4_family,P4,1669164794,200,True,custom,1.0,0.7,0.0,-0.3,True,0.01,0.5,100,0,30,0.1,10000,0.0,0.0245,0.9755,0.0,0.0,0.0,0.0,0.9759525,0.046915,0.03135879243591762,0.0,0.03126281398462912,199.0,199.0,100.50251256281405,0.0,False,False,-0.03349339735892927,774,n/a,n/a,n/a,n/a,n/a,n/a,n/a,n/a,1.0,1.0,198.96,n/a,donation,1.0,0.3,0.3,True,10,0.5,0.0,1.0,0.0,0.1,own,strip,0.005500157051456902,0.09298534296443327,0.01538934216472427,-0.0052934033250606975,0.1411665,0.0451346459677048,0.04458314679154923,0.1898776557991287,78,0.6025641025641025,family
PM5_P4_family,P4,798359651,200,True,custom,1.0,0.7,0.0,-0.3,True,0.01,0.5,100,0,30,0.1,10000,0.0,0.0225,0.9774999999999998,0.0,0.0,0.0,0.0,0.9791050000000002,0.0407,0.030635042094695527,0.0,0.030673108440311292,199.0,199.0,100.50251256281403,0.0,False,True,0.002977190876364851,797,n/a,n/a,n/a,n/a,n/a,n/a,n/a,n/a,1.0,1.0,198.99,n/a,donation,1.0,0.3,0.3,True,10,0.5,0.0,1.0,0.0,0.1,own,strip,0.004652114810203879,0.09454239779350522,0.014692535984729476,-0.0024010460535181413,0.1408845,0.04383732774009916,0.04381861344603839,0.2026373732313229,78,0.6282051282051282,family
PM5_P4_family,P4,126337246,200,True,custom,1.0,0.7,0.0,-0.3,True,0.01,0.5,100,0,30,0.1,10000,0.0,0.019999999999999997,0.9800000000000001,0.0,0.0,0.0,0.0,0.97937,0.04046,0.02921354070460864,0.0,0.0292361908046131,199.0,199.0,100.50251256281412,0.0,False,True,-0.016014405762312077,744,n/a,n/a,n/a,n/a,n/a,n/a,n/a,n/a,1.0,1.0,199.0,n/a,donation,1.0,0.3,0.3,True,10,0.5,0.0,1.0,0.0,0.1,own,strip,0.0034481771158701544,0.08088505799568375,0.010509729083839311,-0.006810064771157186,0.141022,0.04196508346215484,0.04172865894120688,0.18345362624759395,69,0.5942028985507246,family
PM5_P4_family,P4,317149051,200,True,custom,1.0,0.7,0.0,-0.3,True,0.01,0.5,100,0,30,0.1,10000,0.0,0.009999999999999998,0.99,0.0,0.0,0.0,0.0,0.9890650000000001,0.02159,0.0275500791339634,0.0,0.02750934388290787,199.0,199.0,100.50251256281413,0.0,False,True,0.01507803121249215,678,n/a,n/a,n/a,n/a,n/a,n/a,n/a,n/a,1.0,1.0,198.98,n/a,donation,1.0,0.3,0.3,True,10,0.5,0.0,1.0,0.0,0.1,own,strip,0.007422099504423045,0.1029678504313082,0.01850750678531502,-0.001800038392281231,0.1406485,0.03926632704934642,0.0393011474350135,0.20808946137862225,72,0.625,family
PM5_P4_family,P4,433399445,200,True,custom,1.0,0.7,0.0,-0.3,True,0.01,0.5,100,0,30,0.1,10000,0.0,0.03400000000000001,0.9659999999999999,0.0,0.0,0.0,0.0,0.9634225000000001,0.070825,0.03579289885241433,0.0,0.03574526283884051,199.0,199.0,100.50251256281406,0.0,False,False,-0.057623049219687875,843,n/a,n/a,n/a,n/a,n/a,n/a,n/a,n/a,1.0,1.0,198.98,n/a,donation,1.0,0.3,0.3,True,10,0.5,0.0,1.0,0.0,0.1,own,strip,0.005171986761102671,0.08360045918965169,0.015852769474723943,-0.007383213984884214,0.1405475,0.051087710560486665,0.051070012595227775,0.2455343193553201,71,0.6901408450704225,family
PM5_P4_family,P4,2121129191,200,True,custom,1.0,0.7,0.0,-0.3,True,0.01,0.5,100,0,30,0.1,10000,0.0,0.015999999999999997,0.9840000000000002,0.0,0.0,0.0,0.0,0.9824225,0.034645,0.025211711949559713,0.0,0.0251511812503704,199.0,199.0,100.50251256281412,0.0,False,True,-0.005762304921961632,698,n/a,n/a,n/a,n/a,n/a,n/a,n/a,n/a,1.0,1.0,198.99,n/a,donation,1.0,0.3,0.3,True,10,0.5,0.0,1.0,0.0,0.1,inclusive,strip,0.00513778534063543,0.08189289533595075,0.017082932895102817,-0.006899868905022948,0.1407225,0.036067437687647676,0.0359022550922141,0.11464918950112418,72,0.5555555555555556,family
PM5_P4_family,P4,686818433,200,True,custom,1.0,0.7,0.0,-0.3,True,0.01,0.5,100,0,30,0.1,10000,0.0,0.0035000000000000005,0.9964999999999999,0.0,0.0,0.0,0.0,0.9964225000000001,0.007145,0.025412907490448902,0.0,0.025421324542250302,199.0,199.0,100.50251256281405,0.0,False,False,0.04564225690276826,714,n/a,n/a,n/a,n/a,n/a,n/a,n/a,n/a,1.0,1.0,198.98,n/a,donation,1.0,0.3,0.3,True,10,0.5,0.0,1.0,0.0,0.1,inclusive,strip,0.0026322226054274886,0.08229741247341461,0.015504920501668863,-0.0066723390903567145,0.140862,0.03643282077494285,0.03629219054447597,0.08808618913681644,71,0.5774647887323944,family
PM5_P4_family,P4,744720527,200,True,custom,1.0,0.7,0.0,-0.3,True,0.01,0.5,100,0,30,0.1,10000,0.0,0.014000000000000002,0.986,0.0,0.0,0.0,0.0,0.9864049999999999,0.02686,0.034880213302296084,0.0,0.034889639080816916,199.0,199.0,100.50251256281403,0.0,False,True,-0.0003601440576230492,921,n/a,n/a,n/a,n/a,n/a,n/a,n/a,n/a,1.0,1.0,198.99,n/a,donation,1.0,0.3,0.3,True,10,0.5,0.0,1.0,0.0,0.1,inclusive,strip,0.003080576253898616,0.0720411774357241,0.012889819558736089,-0.005179979468094941,0.1407845,0.049769328299635256,0.04985099779973708,0.14563294041122854,79,0.620253164556962,family
PM5_P4_family,P4,381425458,200,True,custom,1.0,0.7,0.0,-0.3,True,0.01,0.5,100,0,30,0.1,10000,0.0,0.026500000000000003,0.9734999999999999,0.0,0.0,0.0,0.0,0.9714825000000001,0.055375,0.03476766201288166,0.0,0.03459655453090132,199.0,199.0,100.50251256281412,0.0,False,True,-0.014741896758703481,861,n/a,n/a,n/a,n/a,n/a,n/a,n/a,n/a,1.0,1.0,198.97,n/a,donation,1.0,0.3,0.3,True,10,0.5,0.0,1.0,0.0,0.1,inclusive,strip,0.004826623748828849,0.08889682037971917,0.01813363496644051,-0.002729259281474227,0.1409395,0.04975539149777032,0.04937050417287257,0.15833091269261743,74,0.5945945945945946,family
PM5_P4_family,P4,1620985466,200,True,custom,1.0,0.7,0.0,-0.3,True,0.01,0.5,100,0,30,0.1,10000,0.0,0.029000000000000005,0.9709999999999999,0.0,0.0,0.0,0.0,0.9693875000000001,0.059485,0.041100836577499265,0.0,0.04089664761482057,199.0,199.0,100.50251256281403,0.0,False,False,0.05445378151260504,1045,n/a,n/a,n/a,n/a,n/a,n/a,n/a,n/a,1.0,1.0,198.98,n/a,donation,1.0,0.3,0.3,True,10,0.5,0.0,1.0,0.0,0.1,inclusive,strip,0.0032526920410726728,0.06638574478443474,0.01766719056269161,-0.005792715492785411,0.1405335,0.0582405618589162,0.058451667400649124,0.15030066839448358,86,0.5697674418604651,family
PM5_P4_family,P4,1669164794,200,True,custom,1.0,0.7,0.0,-0.3,True,0.01,0.5,100,0,30,0.1,10000,0.0,0.027499999999999997,0.9724999999999998,0.0,0.0,0.0,0.0,0.9735399999999998,0.05143,0.04388887119090336,0.0,0.04401403886916371,199.0,199.0,100.50251256281405,0.0,False,False,-0.039039615846324226,1080,n/a,n/a,n/a,n/a,n/a,n/a,n/a,n/a,1.0,1.0,198.96,n/a,donation,1.0,0.3,0.3,True,10,0.5,0.0,1.0,0.0,0.1,inclusive,strip,0.0022492648425591114,0.05588813943765056,0.01292429176223021,-0.006433995747459232,0.1411665,0.06330113730948915,0.0627976784790067,0.15805515573574658,80,0.5875,family
PM5_P4_family,P4,798359651,200,True,custom,1.0,0.7,0.0,-0.3,True,0.01,0.5,100,0,30,0.1,10000,0.0,0.0235,0.9764999999999999,0.0,0.0,0.0,0.0,0.9781300000000002,0.04254,0.040044022053473675,0.0,0.040092529193481385,199.0,199.0,100.50251256281403,0.0,False,True,0.013853541416573783,973,n/a,n/a,n/a,n/a,n/a,n/a,n/a,n/a,1.0,1.0,198.99,n/a,donation,1.0,0.3,0.3,True,10,0.5,0.0,1.0,0.0,0.1,inclusive,strip,0.003134375809767878,0.06437141886785873,0.012358401290234812,-0.0019090441815981093,0.1408845,0.05731822876185812,0.05727314895377862,0.1911358209157782,79,0.620253164556962,family
PM5_P4_family,P4,126337246,200,True,custom,1.0,0.7,0.0,-0.3,True,0.01,0.5,100,0,30,0.1,10000,0.0,0.020999999999999998,0.9789999999999999,0.0,0.0,0.0,0.0,0.9788625000000002,0.041435,0.036656766027922415,0.0,0.036667172230547364,199.0,199.0,100.50251256281412,0.0,False,True,-0.016086434573836687,895,n/a,n/a,n/a,n/a,n/a,n/a,n/a,n/a,1.0,1.0,199.0,n/a,donation,1.0,0.3,0.3,True,10,0.5,0.0,1.0,0.0,0.1,inclusive,strip,0.0032227119659133815,0.07346610586256212,0.01153780515479636,-0.006280666109593722,0.141022,0.05281622725532187,0.052301106663965785,0.18610422196144402,72,0.5694444444444444,family
PM5_P4_family,P4,317149051,200,True,custom,1.0,0.7,0.0,-0.3,True,0.01,0.5,100,0,30,0.1,10000,0.0,0.015500000000000003,0.9845,0.0,0.0,0.0,0.0,0.98315,0.03309,0.03676639005379109,0.0,0.03671146251060518,199.0,199.0,100.50251256281413,0.0,False,True,0.008475390156062424,918,n/a,n/a,n/a,n/a,n/a,n/a,n/a,n/a,1.0,1.0,198.98,n/a,donation,1.0,0.3,0.3,True,10,0.5,0.0,1.0,0.0,0.1,inclusive,strip,0.004849933156813373,0.0725719698327228,0.018604040613453686,-0.0033961959230684397,0.1406485,0.05242857193642307,0.0524450704979278,0.17045342080813514,75,0.6266666666666667,family
PM5_P4_family,P4,433399445,200,True,custom,1.0,0.7,0.0,-0.3,True,0.01,0.5,100,0,30,0.1,10000,0.0,0.039,0.961,0.0,0.0,0.0,0.0,0.9585825,0.079675,0.04183502580598559,0.0,0.041746680754053245,199.0,199.0,100.50251256281406,0.0,False,False,-0.058175270108043214,991,n/a,n/a,n/a,n/a,n/a,n/a,n/a,n/a,1.0,1.0,198.98,n/a,donation,1.0,0.3,0.3,True,10,0.5,0.0,1.0,0.0,0.1,inclusive,strip,0.003948425244368518,0.07411815905752564,0.015863141361856424,-0.0065110161754326264,0.1405475,0.05965954570518864,0.05964756632856382,0.22236934135556047,76,0.6447368421052632,family
PM5_P4_family,P4,2121129191,200,True,custom,1.0,0.5,0.0,-0.5,True,0.01,0.5,100,0,30,0.1,10000,0.0,0.009000000000000001,0.991,0.0,0.0,0.0,0.0,0.9895125,0.020815,0.010552649503597824,0.0,0.010580373448445481,199.0,199.0,100.50251256281412,0.0,False,True,-0.013157262905140599,437,n/a,n/a,n/a,n/a,n/a,n/a,n/a,n/a,1.0,1.0,198.99,n/a,donation,1.0,0.5,0.5,True,10,0.5,0.0,1.0,0.0,0.1,own,strip,0.012924869366049219,0.15657449406090065,0.03296568024842464,-0.0069617204396944425,0.1407225,0.021288351187621027,0.021129379042276797,0.1463510307648329,66,0.6363636363636364,family
PM5_P4_family,P4,686818433,200,True,custom,1.0,0.5,0.0,-0.5,True,0.01,0.5,100,0,30,0.1,10000,0.0,0.0035000000000000005,0.9964999999999999,0.0,0.0,0.0,0.0,0.99696,0.00608,0.008772462033742937,0.0,0.008864833221515774,199.0,199.0,100.50251256281405,0.0,False,False,0.021896758703481393,396,n/a,n/a,n/a,n/a,n/a,n/a,n/a,n/a,1.0,1.0,198.98,n/a,donation,1.0,0.5,0.5,True,10,0.5,0.0,1.0,0.0,0.1,own,strip,0.010219170043863792,0.15199681694859024,0.027962947806004217,-0.006716021140374131,0.140862,0.017714145759679688,0.017724160728544193,0.11898703464835102,56,0.6071428571428571,family
PM5_P4_family,P4,744720527,200,True,custom,1.0,0.5,0.0,-0.5,True,0.01,0.5,100,0,30,0.1,10000,0.0,0.0095,0.9904999999999999,0.0,0.0,0.0,0.0,0.9910075,0.017825,0.014376994041520052,0.0,0.014327404777510157,199.0,199.0,100.50251256281403,0.0,False,True,-0.0027611044417624,561,n/a,n/a,n/a,n/a,n/a,n/a,n/a,n/a,1.0,1.0,198.99,n/a,donation,1.0,0.5,0.5,True,10,0.5,0.0,1.0,0.0,0.1,own,strip,0.008912330181131481,0.13873371815817193,0.019469878099254604,-0.0032352225333666293,0.1407845,0.02866082558804414,0.028648517164785784,0.19336243783191398,76,0.6447368421052632,family
PM5_P4_family,P4,381425458,200,True,custom,1.0,0.5,0.0,-0.5,True,0.01,0.5,100,0,30,0.1,10000,0.0,0.014000000000000002,0.986,0.0,0.0,0.0,0.0,0.9847925,0.029865,0.01352720406351453,0.0,0.013528338674386313,199.0,199.0,100.50251256281412,0.0,False,True,-0.01517406962783683,509,n/a,n/a,n/a,n/a,n/a,n/a,n/a,n/a,1.0,1.0,198.97,n/a,donation,1.0,0.5,0.5,True,10,0.5,0.0,1.0,0.0,0.1,own,strip,0.013470897541337215,0.15765873182758366,0.02845824939752648,-0.0011914354081860878,0.1409395,0.027114471102849095,0.027041750842926662,0.21214472408253457,75,0.6533333333333333,family
PM5_P4_family,P4,1620985466,200,True,custom,1.0,0.5,0.0,-0.5,True,0.01,0.5,100,0,30,0.1,10000,0.0,0.010000000000000002,0.9899999999999999,0.0,0.0,0.0,0.0,0.9884774999999999,0.022835,0.013862707492491695,0.0,0.013862707492491695,199.0,199.0,100.50251256281403,0.0,True,True,0.00355342136856173,516,n/a,n/a,n/a,n/a,n/a,n/a,n/a,n/a,1.0,1.0,198.98,n/a,donation,1.0,0.5,0.5,True,10,0.5,0.0,1.0,0.0,0.1,own,strip,0.010690180758297895,0.1517904393196542,0.022949933780696406,-0.0066696382193645225,0.1405335,0.02756993884020536,0.027744536872583166,0.23349638709411613,66,0.6818181818181818,family
PM5_P4_family,P4,1669164794,200,True,custom,1.0,0.5,0.0,-0.5,True,0.01,0.5,100,0,30,0.1,10000,0.0,0.011,0.9889999999999999,0.0,0.0,0.0,0.0,0.9884674999999999,0.022855,0.014196177213709993,0.0,0.014183385335550141,199.0,199.0,100.50251256281405,0.0,False,True,-0.006074429771901608,533,n/a,n/a,n/a,n/a,n/a,n/a,n/a,n/a,1.0,1.0,198.96,n/a,donation,1.0,0.5,0.5,True,10,0.5,0.0,1.0,0.0,0.1,own,strip,0.007514533747093173,0.1287065585865224,0.017422771549442283,-0.003878135409577036,0.1411665,0.028647023196013217,0.028317770557389762,0.2058064980880491,67,0.6417910447761194,family
PM5_P4_family,P4,798359651,200,True,custom,1.0,0.5,0.0,-0.5,True,0.01,0.5,100,0,30,0.1,10000,0.0,0.0185,0.9814999999999999,0.0,0.0,0.0,0.0,0.9825200000000001,0.03422,0.01456877608259173,0.0,0.01455731880966262,199.0,199.0,100.50251256281403,0.0,False,True,-0.00989195678270593,562,n/a,n/a,n/a,n/a,n/a,n/a,n/a,n/a,1.0,1.0,198.99,n/a,donation,1.0,0.5,0.5,True,10,0.5,0.0,1.0,0.0,0.1,own,strip,0.009678640351187191,0.1520207742382942,0.021062743459489715,-0.002121498827031721,0.1408845,0.02907523538785317,0.029121520913078625,0.22566049780294367,64,0.65625,family
PM5_P4_family,P4,126337246,200,True,custom,1.0,0.5,0.0,-0.5,True,0.01,0.5,100,0,30,0.1,10000,0.0,0.017,0.983,0.0,0.0,0.0,0.0,0.98292,0.03357,0.011441155251865348,0.0,0.011342595781709534,199.0,199.0,100.50251256281412,0.0,False,False,-0.02240096038413935,464,n/a,n/a,n/a,n/a,n/a,n/a,n/a,n/a,1.0,1.0,199.0,n/a,donation,1.0,0.5,0.5,True,10,0.5,0.0,1.0,0.0,0.1,own,strip,0.011433693528229125,0.16549418823797643,0.02475130653271458,-0.007395383437354585,0.141022,0.022705677128391315,0.022676366565849183,0.21885203222817892,56,0.6071428571428571,family
PM5_P4_family,P4,317149051,200,True,custom,1.0,0.5,0.0,-0.5,True,0.01,0.5,100,0,30,0.1,10000,0.0,0.006,0.994,0.0,0.0,0.0,0.0,0.9934725,0.013025,0.012720983052663433,0.0,0.012579787442156235,199.0,199.0,100.50251256281413,0.0,False,True,0.018271308523423676,472,n/a,n/a,n/a,n/a,n/a,n/a,n/a,n/a,1.0,1.0,198.98,n/a,donation,1.0,0.5,0.5,True,10,0.5,0.0,1.0,0.0,0.1,own,strip,0.014336640352700268,0.1718448820263913,0.033060644432489544,-0.010655245137290964,0.1406485,0.025551285651819963,0.025087813310385797,0.207066026309111,62,0.6451612903225806,family
PM5_P4_family,P4,433399445,200,True,custom,1.0,0.5,0.0,-0.5,True,0.01,0.5,100,0,30,0.1,10000,0.0,0.012,0.9879999999999999,0.0,0.0,0.0,0.0,0.9854749999999999,0.02872,0.015359889265818433,0.0,0.015359889265818433,199.0,199.0,100.50251256281406,0.0,True,True,-0.01743097238894843,574,n/a,n/a,n/a,n/a,n/a,n/a,n/a,n/a,1.0,1.0,198.98,n/a,donation,1.0,0.5,0.5,True,10,0.5,0.0,1.0,0.0,0.1,own,strip,0.011495641512645703,0.14827916179591563,0.021301294981857302,-0.007150037608129125,0.1405475,0.030619541436169267,0.030743409321632085,0.2590133462442461,63,0.7142857142857143,family
PM5_P4_family,P4,2121129191,200,True,custom,1.0,0.5,0.0,-0.5,True,0.01,0.5,100,0,30,0.1,10000,0.0,0.009500000000000001,0.9904999999999999,0.0,0.0,0.0,0.0,0.9879725,0.023735,0.011416986193075,0.0,0.011449931397719871,199.0,199.0,100.50251256281412,0.0,False,True,-0.012941176470566768,469,n/a,n/a,n/a,n/a,n/a,n/a,n/a,n/a,1.0,1.0,198.99,n/a,donation,1.0,0.5,0.5,True,10,0.5,0.0,1.0,0.0,0.1,inclusive,strip,0.012058153822574273,0.14474224959277024,0.030714015391552548,-0.0048822575997673895,0.1407225,0.022984952655048057,0.022871249392658367,0.13753143600333856,70,0.6428571428571429,family
PM5_P4_family,P4,686818433,200,True,custom,1.0,0.5,0.0,-0.5,True,0.01,0.5,100,0,30,0.1,10000,0.0,0.0035000000000000005,0.9964999999999999,0.0,0.0,0.0,0.0,0.99696,0.00608,0.00988698776801423,0.0,0.009944337650174542,199.0,199.0,100.50251256281405,0.0,False,False,0.02103241296519323,432,n/a,n/a,n/a,n/a,n/a,n/a,n/a,n/a,1.0,1.0,198.98,n/a,donation,1.0,0.5,0.5,True,10,0.5,0.0,1.0,0.0,0.1,inclusive,strip,0.007378328307172111,0.1343405021270112,0.020390554436862326,-0.006716021140374131,0.140862,0.019790646164331047,0.019893777251151736,0.11005482548310012,59,0.6101694915254238,family
PM5_P4_family,P4,744720527,200,True,custom,1.0,0.5,0.0,-0.5,True,0.01,0.5,100,0,30,0.1,10000,0.0,0.0125,0.9875,0.0,0.0,0.0,0.0,0.9879299999999999,0.02387,0.015650972418649434,0.0,0.015610294589473668,199.0,199.0,100.50251256281403,0.0,False,True,-0.011980792316905305,619,n/a,n/a,n/a,n/a,n/a,n/a,n/a,n/a,1.0,1.0,198.99,n/a,donation,1.0,0.5,0.5,True,10,0.5,0.0,1.0,0.0,0.1,inclusive,strip,0.007260485701226278,0.12431416418989315,0.018393042049867567,-0.004663107828940385,0.1407845,0.03127474970611111,0.031208701425893735,0.17671392866485705,79,0.6455696202531646,family
PM5_P4_family,P4,381425458,200,True,custom,1.0,0.5,0.0,-0.5,True,0.01,0.5,100,0,30,0.1,10000,0.0,0.015500000000000003,0.9844999999999999,0.0,0.0,0.0,0.0,0.9827300000000001,0.03393,0.014875607533375133,0.0,0.014881753652955432,199.0,199.0,100.50251256281412,0.0,False,True,-0.012725090036014406,555,n/a,n/a,n/a,n/a,n/a,n/a,n/a,n/a,1.0,1.0,198.97,n/a,donation,1.0,0.5,0.5,True,10,0.5,0.0,1.0,0.0,0.1,inclusive,strip,0.011199163431197073,0.1407455699827458,0.02576100404941827,-0.0027130287914875835,0.1409395,0.02981421106219335,0.029748777880021254,0.19632761302893995,72,0.625,family
PM5_P4_family,P4,1620985466,200,True,custom,1.0,0.5,0.0,-0.5,True,0.01,0.5,100,0,30,0.1,10000,0.0,0.010000000000000002,0.9899999999999999,0.0,0.0,0.0,0.0,0.9884774999999999,0.022835,0.015451013796693574,0.0,0.015451013796693574,199.0,199.0,100.50251256281403,0.0,True,True,0.002496998799541274,564,n/a,n/a,n/a,n/a,n/a,n/a,n/a,n/a,1.0,1.0,198.98,n/a,donation,1.0,0.5,0.5,True,10,0.5,0.0,1.0,0.0,0.1,inclusive,strip,0.00931595279085301,0.13334309791881988,0.021441747421740945,-0.0066696382193645225,0.1405335,0.03071509640050237,0.030925579996428018,0.21783981656984178,73,0.6438356164383562,family
PM5_P4_family,P4,1669164794,200,True,custom,1.0,0.5,0.0,-0.5,True,0.01,0.5,100,0,30,0.1,10000,0.0,0.015500000000000003,0.9844999999999999,0.0,0.0,0.0,0.0,0.9840475,0.031505,0.01589202466972245,0.0,0.01588451869593836,199.0,199.0,100.50251256281405,0.0,False,True,-0.01450180072028096,587,n/a,n/a,n/a,n/a,n/a,n/a,n/a,n/a,1.0,1.0,198.96,n/a,donation,1.0,0.5,0.5,True,10,0.5,0.0,1.0,0.0,0.1,inclusive,strip,0.0072531041016042595,0.12064341125386266,0.017372490873223418,-0.005646812187186494,0.1411665,0.03198527979371876,0.03173548772841302,0.19632154073457672,71,0.6338028169014085,family
PM5_P4_family,P4,798359651,200,True,custom,1.0,0.5,0.0,-0.5,True,0.01,0.5,100,0,30,0.1,10000,0.0,0.0185,0.9814999999999999,0.0,0.0,0.0,0.0,0.9825200000000001,0.03422,0.01598038920201293,0.0,0.015994749693768316,199.0,199.0,100.50251256281403,0.0,False,True,-0.0061224489795846816,624,n/a,n/a,n/a,n/a,n/a,n/a,n/a,n/a,1.0,1.0,198.99,n/a,donation,1.0,0.5,0.5,True,10,0.5,0.0,1.0,0.0,0.1,inclusive,strip,0.007532214937004838,0.1319523737962617,0.018998576127874815,-0.002121498827031721,0.1408845,0.031875401481355294,0.032010247748993005,0.2067327311574656,73,0.6575342465753424,family
PM5_P4_family,P4,126337246,200,True,custom,1.0,0.5,0.0,-0.5,True,0.01,0.5,100,0,30,0.1,10000,0.0,0.018,0.982,0.0,0.0,0.0,0.0,0.9819149999999999,0.03549,0.013173920534960278,0.0,0.013145363376984914,199.0,199.0,100.50251256281412,0.0,False,False,-0.020360144057615895,526,n/a,n/a,n/a,n/a,n/a,n/a,n/a,n/a,1.0,1.0,199.0,n/a,donation,1.0,0.5,0.5,True,10,0.5,0.0,1.0,0.0,0.1,inclusive,strip,0.009185018437148662,0.14102929217476787,0.02262527445102072,-0.006391422062839262,0.141022,0.02633277077335451,0.026281813969624368,0.19655482455623835,58,0.5517241379310345,family
PM5_P4_family,P4,317149051,200,True,custom,1.0,0.5,0.0,-0.5,True,0.01,0.5,100,0,30,0.1,10000,0.0,0.006,0.994,0.0,0.0,0.0,0.0,0.9929525,0.013985,0.013684845101314345,0.0,0.013553785352693476,199.0,199.0,100.50251256281413,0.0,False,False,0.023289315726290515,512,n/a,n/a,n/a,n/a,n/a,n/a,n/a,n/a,1.0,1.0,198.98,n/a,donation,1.0,0.5,0.5,True,10,0.5,0.0,1.0,0.0,0.1,inclusive,strip,0.012263170140461159,0.154346362603298,0.030760673548878858,-0.006795772476429906,0.1406485,0.027326988912075138,0.02706197638568153,0.19353892465074995,68,0.6323529411764706,family
PM5_P4_family,P4,433399445,200,True,custom,1.0,0.5,0.0,-0.5,True,0.01,0.5,100,0,30,0.1,10000,0.0,0.0155,0.9845,0.0,0.0,0.0,0.0,0.9819725,0.035515,0.017463499251569533,0.0,0.017463499251569533,199.0,199.0,100.50251256281406,0.0,True,True,-0.019399759903954428,636,n/a,n/a,n/a,n/a,n/a,n/a,n/a,n/a,1.0,1.0,198.98,n/a,donation,1.0,0.5,0.5,True,10,0.5,0.0,1.0,0.0,0.1,inclusive,strip,0.008721092801870837,0.12561329616553737,0.019047514476740527,-0.007269417153861281,0.1405475,0.034870773226133515,0.034941430736428136,0.24041768303026845,70,0.6857142857142857,family
PM5_P4_family,P4,2121129191,200,True,custom,1.0,0.7,0.0,-0.3,True,0.01,0.5,100,0,30,0.1,10000,0.0,0.0125,0.9875,0.0,0.0,0.0,0.0,0.9875475,0.024575,0.02872651110797504,0.0,0.028682856744218665,199.0,199.0,100.50251256281405,0.0,False,True,0.003577430972396111,706,n/a,n/a,n/a,n/a,n/a,n/a,n/a,n/a,1.0,1.0,198.92,n/a,donation,1.0,0.3,0.3,True,10,0.5,0.0,1.0,0.0,0.2,own,strip,0.016658541393478277,0.10142559284796214,0.03425142715340229,-0.005151904552983819,0.2362925,0.040934435075171666,0.04099606197398873,0.18362967785081508,76,0.5921052631578947,family
PM5_P4_family,P4,686818433,200,True,custom,1.0,0.7,0.0,-0.3,True,0.01,0.5,100,0,30,0.1,10000,0.0,0.0205,0.9795,0.0,0.0,0.0,0.0,0.9766675000000001,0.045595,0.027648529258057292,0.0,0.027592144095407188,199.0,199.0,100.50251256281406,0.0,False,False,-0.04499399759903962,797,n/a,n/a,n/a,n/a,n/a,n/a,n/a,n/a,1.0,1.0,198.95,n/a,donation,1.0,0.3,0.3,True,10,0.5,0.0,1.0,0.0,0.2,own,strip,0.01183828122040523,0.07804917646870535,0.03417874083366167,-0.0041728369755489126,0.2362185,0.03944652937852031,0.039406230708651624,0.12682583590489852,85,0.5294117647058824,family
PM5_P4_family,P4,744720527,200,True,custom,1.0,0.7,0.0,-0.3,True,0.01,0.5,100,0,30,0.1,10000,0.0,0.0195,0.9805000000000001,0.0,0.0,0.0,0.0,0.9834950000000001,0.03242,0.03295705071854602,0.0,0.033118238396406714,199.0,199.0,100.50251256281406,0.0,False,True,-0.01971188475390156,807,n/a,n/a,n/a,n/a,n/a,n/a,n/a,n/a,1.0,1.0,198.96,n/a,donation,1.0,0.3,0.3,True,10,0.5,0.0,1.0,0.0,0.2,own,strip,0.01627284611235095,0.09515951631525082,0.03405787561934432,-0.0056989971750932645,0.2365335,0.047138143222841586,0.04736553601238561,0.2253238042501426,73,0.6301369863013698,family
PM5_P4_family,P4,381425458,200,True,custom,1.0,0.7,0.0,-0.3,True,0.01,0.5,100,0,30,0.1,10000,0.0,0.006500000000000001,0.9934999999999998,0.0,0.0,0.0,0.0,0.9924900000000001,0.01492,0.02621204787732339,0.0,0.026190016812987073,199.0,199.0,100.5025125628141,0.0,False,True,0.016326530612252053,645,n/a,n/a,n/a,n/a,n/a,n/a,n/a,n/a,1.0,1.0,198.95,n/a,donation,1.0,0.3,0.3,True,10,0.5,0.0,1.0,0.0,0.2,own,strip,0.018600978034768716,0.1120116142662443,0.03646635701147155,-0.005528587575373363,0.236579,0.03730360682900849,0.03745148482947155,0.22634082369454311,67,0.6716417910447762,family
PM5_P4_family,P4,1620985466,200,True,custom,1.0,0.7,0.0,-0.3,True,0.01,0.5,100,0,30,0.1,10000,0.0,0.018500000000000006,0.9814999999999999,0.0,0.0,0.0,0.0,0.9793150000000003,0.04044,0.038357054059612206,0.0,0.038374593072209924,199.0,199.0,100.50251256281405,0.0,False,True,-0.0031932773109243696,863,n/a,n/a,n/a,n/a,n/a,n/a,n/a,n/a,1.0,1.0,198.93,n/a,donation,1.0,0.3,0.3,True,10,0.5,0.0,1.0,0.0,0.2,own,strip,0.015256186988543259,0.09432297259387565,0.03370625079449865,-0.005487290245318759,0.2359445,0.05442169662780866,0.05493710862627126,0.25717169006842344,76,0.5657894736842105,family
PM5_P4_family,P4,1669164794,200,True,custom,1.0,0.7,0.0,-0.3,True,0.01,0.5,100,0,30,0.1,10000,0.0,0.013000000000000001,0.9870000000000001,0.0,0.0,0.0,0.0,0.9877775,0.024185,0.02724771727184372,0.0,0.02731718489777086,199.0,199.0,100.5025125628141,0.0,False,True,0.00206482593038646,650,n/a,n/a,n/a,n/a,n/a,n/a,n/a,n/a,1.0,1.0,198.9,n/a,donation,1.0,0.3,0.3,True,10,0.5,0.0,1.0,0.0,0.2,own,strip,0.018333651214079302,0.10884197626586156,0.03249917893223951,-0.004267477579954352,0.2365345,0.0391993556965263,0.03897916801741533,0.22534136704179772,69,0.6231884057971014,family
PM5_P4_family,P4,798359651,200,True,custom,1.0,0.7,0.0,-0.3,True,0.01,0.5,100,0,30,0.1,10000,0.0,0.024000000000000004,0.976,0.0,0.0,0.0,0.0,0.975255,0.04853,0.0357324017972515,0.0,0.03570606752095829,199.0,199.0,100.50251256281408,0.0,False,True,0.009483793517406964,875,n/a,n/a,n/a,n/a,n/a,n/a,n/a,n/a,1.0,1.0,198.97,n/a,donation,1.0,0.3,0.3,True,10,0.5,0.0,1.0,0.0,0.2,own,strip,0.013037647678929277,0.09034613022162215,0.031238308067308256,-0.01035533544465953,0.236483,0.051109382069747085,0.0509834751551046,0.2099661166441618,78,0.5512820512820513,family
PM5_P4_family,P4,126337246,200,True,custom,1.0,0.7,0.0,-0.3,True,0.01,0.5,100,0,30,0.1,10000,0.0,0.020999999999999998,0.9789999999999999,0.0,0.0,0.0,0.0,0.9770249999999999,0.04484,0.03555352338192677,0.0,0.03559929068839487,199.0,199.0,100.50251256281412,0.0,False,True,0.0038175270108186327,889,n/a,n/a,n/a,n/a,n/a,n/a,n/a,n/a,1.0,1.0,198.96,n/a,donation,1.0,0.3,0.3,True,10,0.5,0.0,1.0,0.0,0.2,own,strip,0.011119978271030003,0.08067683547695591,0.02832688788956067,-0.0033975771461746073,0.2361565,0.05136741948665398,0.05069559405820695,0.21437235511070415,83,0.5542168674698795,family
PM5_P4_family,P4,317149051,200,True,custom,1.0,0.7,0.0,-0.3,True,0.01,0.5,100,0,30,0.1,10000,0.0,0.018,0.982,0.0,0.0,0.0,0.0,0.9853925,0.028825,0.03553521641917658,0.0,0.035242745708801364,199.0,199.0,100.5025125628141,0.0,False,True,-0.004705882352934021,855,n/a,n/a,n/a,n/a,n/a,n/a,n/a,n/a,1.0,1.0,198.92,n/a,donation,1.0,0.3,0.3,True,10,0.5,0.0,1.0,0.0,0.2,own,strip,0.009473277953733013,0.07540060914925412,0.025599615590867753,-0.005994422367316631,0.2360915,0.05021993591467715,0.050394778955856624,0.21733488636441192,79,0.6329113924050633,family
PM5_P4_family,P4,433399445,200,True,custom,1.0,0.7,0.0,-0.3,True,0.01,0.5,100,0,30,0.1,10000,0.0,0.011999999999999999,0.9880000000000001,0.0,0.0,0.0,0.0,0.9873375,0.024935,0.03619078594867312,0.0,0.03618312956479746,199.0,199.0,100.50251256281408,0.0,False,False,0.021368547418974742,864,n/a,n/a,n/a,n/a,n/a,n/a,n/a,n/a,1.0,1.0,198.96,n/a,donation,1.0,0.3,0.3,True,10,0.5,0.0,1.0,0.0,0.2,own,strip,0.010602342165065698,0.07843535507981407,0.024824894459425782,-0.00236172562450168,0.236182,0.05162226587970294,0.051704070865049,0.25511752450732844,77,0.5974025974025974,family
PM5_P4_family,P4,2121129191,200,True,custom,1.0,0.7,0.0,-0.3,True,0.01,0.5,100,0,30,0.1,10000,0.0,0.022,0.978,0.0,0.0,0.0,0.0,0.9801599999999999,0.03892,0.04248979456823913,0.0,0.04258347683071185,199.0,199.0,100.50251256281405,0.0,False,True,0.00475390156063856,1012,n/a,n/a,n/a,n/a,n/a,n/a,n/a,n/a,1.0,1.0,198.92,n/a,donation,1.0,0.3,0.3,True,10,0.5,0.0,1.0,0.0,0.2,inclusive,strip,0.008950770757786015,0.06772068826005057,0.02528007832257756,-0.007327883297803587,0.2362925,0.06067797327464901,0.06089242281894573,0.16372552164217707,83,0.5662650602409639,family
PM5_P4_family,P4,686818433,200,True,custom,1.0,0.7,0.0,-0.3,True,0.01,0.5,100,0,30,0.1,10000,0.0,0.052500000000000005,0.9475000000000001,0.0,0.0,0.0,0.0,0.9421074999999999,0.108875,0.04820719121626852,0.0,0.04827022308559933,199.0,199.0,100.50251256281406,0.0,False,False,-0.12052821128450666,1308,n/a,n/a,n/a,n/a,n/a,n/a,n/a,n/a,1.0,1.0,198.95,n/a,donation,1.0,0.3,0.3,True,10,0.5,0.0,1.0,0.0,0.2,inclusive,strip,0.0017369520210058177,0.0317284527639101,0.022346237965077453,-0.005700045753809764,0.2362185,0.0688822001663714,0.06896704096655916,0.0841724954010092,84,0.5595238095238095,family
PM5_P4_family,P4,744720527,200,True,custom,1.0,0.7,0.0,-0.3,True,0.01,0.5,100,0,30,0.1,10000,0.0,0.039,0.961,0.0,0.0,0.0,0.0,0.9644449999999999,0.06883,0.04878274660823195,0.0,0.04866422990367827,199.0,199.0,100.50251256281406,0.0,False,False,-0.03279711884754617,1147,n/a,n/a,n/a,n/a,n/a,n/a,n/a,n/a,1.0,1.0,198.96,n/a,donation,1.0,0.3,0.3,True,10,0.5,0.0,1.0,0.0,0.2,inclusive,strip,0.008112746379247308,0.05657093892820812,0.02885327608269755,-0.009307681320858364,0.2365335,0.06925446078462459,0.06960554261385404,0.19576122852577144,84,0.5357142857142857,family
PM5_P4_family,P4,381425458,200,True,custom,1.0,0.7,0.0,-0.3,True,0.01,0.5,100,0,30,0.1,10000,0.0,0.027000000000000003,0.9730000000000001,0.0,0.0,0.0,0.0,0.97188,0.05449,0.03934353154917427,0.0,0.039326287034638446,199.0,199.0,100.5025125628141,0.0,False,True,-0.00974789915965671,928,n/a,n/a,n/a,n/a,n/a,n/a,n/a,n/a,1.0,1.0,198.95,n/a,donation,1.0,0.3,0.3,True,10,0.5,0.0,1.0,0.0,0.2,inclusive,strip,0.01145403755565098,0.07764599188529696,0.027199509349627216,-0.0023904040204519657,0.236579,0.05607851922613588,0.05621144820485682,0.20019889329863969,74,0.6081081081081081,family
PM5_P4_family,P4,1620985466,200,True,custom,1.0,0.7,0.0,-0.3,True,0.01,0.5,100,0,30,0.1,10000,0.0,0.042499999999999996,0.9574999999999999,0.0,0.0,0.0,0.0,0.9558925000000003,0.084355,0.05143620256027739,0.0,0.051246241311968595,199.0,199.0,100.50251256281405,0.0,False,False,-0.06057623049219688,1117,n/a,n/a,n/a,n/a,n/a,n/a,n/a,n/a,1.0,1.0,198.93,n/a,donation,1.0,0.3,0.3,True,10,0.5,0.0,1.0,0.0,0.2,inclusive,strip,0.010612951335449521,0.0737629995123513,0.0304556662427813,-0.0034360249231894665,0.2359445,0.07295253756709735,0.07328132576756531,0.24496603350368695,83,0.5662650602409639,family
PM5_P4_family,P4,1669164794,200,True,custom,1.0,0.7,0.0,-0.3,True,0.01,0.5,100,0,30,0.1,10000,0.0,0.0215,0.9785,0.0,0.0,0.0,0.0,0.9811825000000001,0.037065,0.03654740023020197,0.0,0.03643986646998015,199.0,199.0,100.5025125628141,0.0,False,True,0.009099639855949533,884,n/a,n/a,n/a,n/a,n/a,n/a,n/a,n/a,1.0,1.0,198.9,n/a,donation,1.0,0.3,0.3,True,10,0.5,0.0,1.0,0.0,0.2,inclusive,strip,0.011030580078910853,0.0775490541234114,0.025977084957645526,-0.0076398518190361345,0.2365345,0.052195345710668,0.05202756378644484,0.2011599580648091,72,0.6111111111111112,family
PM5_P4_family,P4,798359651,200,True,custom,1.0,0.7,0.0,-0.3,True,0.01,0.5,100,0,30,0.1,10000,0.0,0.030500000000000006,0.9694999999999998,0.0,0.0,0.0,0.0,0.9697625000000001,0.059135,0.06303691773280724,0.0,0.06292215364707408,199.0,199.0,100.50251256281408,0.0,False,False,0.02621848739495798,1479,n/a,n/a,n/a,n/a,n/a,n/a,n/a,n/a,1.0,1.0,198.97,n/a,donation,1.0,0.3,0.3,True,10,0.5,0.0,1.0,0.0,0.2,inclusive,strip,0.005397955381116838,0.05113542318846564,0.0255412519418823,-0.010568582545100484,0.236483,0.09021790149820494,0.08980415629252525,0.1674002966000883,83,0.6385542168674698,family
PM5_P4_family,P4,126337246,200,True,custom,1.0,0.7,0.0,-0.3,True,0.01,0.5,100,0,30,0.1,10000,0.0,0.0625,0.9375,0.0,0.0,0.0,0.0,0.9343825000000001,0.122895,0.05774176370635981,0.0,0.05784655211179538,199.0,199.0,100.50251256281412,0.0,False,False,-0.07166866746697964,1376,n/a,n/a,n/a,n/a,n/a,n/a,n/a,n/a,1.0,1.0,198.96,n/a,donation,1.0,0.3,0.3,True,10,0.5,0.0,1.0,0.0,0.2,inclusive,strip,0.004357903106546256,0.04837195884340282,0.021441308977765233,-0.003891673128741956,0.2361565,0.0834287855722794,0.08238500425807119,0.1773140945328341,86,0.5813953488372093,family
PM5_P4_family,P4,317149051,200,True,custom,1.0,0.7,0.0,-0.3,True,0.01,0.5,100,0,30,0.1,10000,0.0,0.027500000000000004,0.9724999999999999,0.0,0.0,0.0,0.0,0.9757975,0.047145,0.05189958017923982,0.0,0.05159963997971551,199.0,199.0,100.5025125628141,0.0,False,True,-0.004249699879944825,1172,n/a,n/a,n/a,n/a,n/a,n/a,n/a,n/a,1.0,1.0,198.92,n/a,donation,1.0,0.3,0.3,True,10,0.5,0.0,1.0,0.0,0.2,inclusive,strip,0.003986332865532984,0.04873659859156313,0.021956379743676056,-0.003933753479094544,0.2360915,0.07349269245186718,0.07379319643648422,0.2037572719911386,82,0.5975609756097561,family
PM5_P4_family,P4,433399445,200,True,custom,1.0,0.7,0.0,-0.3,True,0.01,0.5,100,0,30,0.1,10000,0.0,0.018500000000000006,0.9814999999999999,0.0,0.0,0.0,0.0,0.9774125,0.043985,0.05294094927500511,0.0,0.05291531316551749,199.0,199.0,100.50251256281408,0.0,False,True,0.011188475390148908,1176,n/a,n/a,n/a,n/a,n/a,n/a,n/a,n/a,1.0,1.0,198.96,n/a,donation,1.0,0.3,0.3,True,10,0.5,0.0,1.0,0.0,0.2,inclusive,strip,0.005809893905706702,0.05908110804922068,0.019086542977330204,-0.005608858569273112,0.236182,0.07563446833374263,0.07557264950551047,0.24856331347969615,84,0.5714285714285714,family
PM5_P4_family,P4,2121129191,200,True,custom,1.0,0.5,0.0,-0.5,True,0.01,0.5,100,0,30,0.1,10000,0.0,0.0085,0.9914999999999999,0.0,0.0,0.0,0.0,0.991485,0.01686,0.013071996025312269,0.0,0.013068820120056834,199.0,199.0,100.50251256281405,0.0,False,True,-0.007803121248492245,493,n/a,n/a,n/a,n/a,n/a,n/a,n/a,n/a,1.0,1.0,198.92,n/a,donation,1.0,0.5,0.5,True,10,0.5,0.0,1.0,0.0,0.2,own,strip,0.024938381205099797,0.142358021988005,0.047807963691894814,-0.0032643580161357756,0.2362925,0.0261413290730768,0.02614417168876828,0.18354337048990152,69,0.5942028985507246,family
PM5_P4_family,P4,686818433,200,True,custom,1.0,0.5,0.0,-0.5,True,0.01,0.5,100,0,30,0.1,10000,0.0,0.011000000000000001,0.9890000000000001,0.0,0.0,0.0,0.0,0.9872675000000001,0.025255,0.013454376991006246,0.0,0.013389512200141186,199.0,199.0,100.50251256281406,0.0,False,False,-0.02206482593035784,576,n/a,n/a,n/a,n/a,n/a,n/a,n/a,n/a,1.0,1.0,198.95,n/a,donation,1.0,0.5,0.5,True,10,0.5,0.0,1.0,0.0,0.2,own,strip,0.017111792027817277,0.11048733694858531,0.044481401697483165,-0.008653738861593869,0.2362185,0.02684061578580848,0.026763216967156184,0.1279434895241212,72,0.5277777777777778,family
PM5_P4_family,P4,744720527,200,True,custom,1.0,0.5,0.0,-0.5,True,0.01,0.5,100,0,30,0.1,10000,0.0,0.014000000000000002,0.9860000000000001,0.0,0.0,0.0,0.0,0.9884575000000002,0.022825,0.01542666891567419,0.0,0.015562592228345312,199.0,199.0,100.50251256281406,0.0,False,True,-0.011668667466986795,556,n/a,n/a,n/a,n/a,n/a,n/a,n/a,n/a,1.0,1.0,198.96,n/a,donation,1.0,0.5,0.5,True,10,0.5,0.0,1.0,0.0,0.2,own,strip,0.025715144222996207,0.14105174053423714,0.04727131754347935,-0.00896605584565233,0.2365335,0.03119431285631845,0.031114986708650608,0.2388305469571956,66,0.6818181818181818,family
PM5_P4_family,P4,381425458,200,True,custom,1.0,0.5,0.0,-0.5,True,0.01,0.5,100,0,30,0.1,10000,0.0,0.0045,0.9955,0.0,0.0,0.0,0.0,0.9944725,0.011025,0.013073040752741585,0.0,0.013073040752741585,199.0,199.0,100.5025125628141,0.0,True,True,0.012244897959190829,502,n/a,n/a,n/a,n/a,n/a,n/a,n/a,n/a,1.0,1.0,198.95,n/a,donation,1.0,0.5,0.5,True,10,0.5,0.0,1.0,0.0,0.2,own,strip,0.02809470569152027,0.16269195788741925,0.054869024040908695,-0.005888955219523004,0.236579,0.026061062055381078,0.026185093153057094,0.23319581439052145,64,0.640625,family
PM5_P4_family,P4,1620985466,200,True,custom,1.0,0.5,0.0,-0.5,True,0.01,0.5,100,0,30,0.1,10000,0.0,0.010000000000000002,0.9899999999999999,0.0,0.0,0.0,0.0,0.9870075,0.025625,0.01815308283493615,0.0,0.018164072508515854,199.0,199.0,100.50251256281405,0.0,False,True,-0.0018487394957911638,603,n/a,n/a,n/a,n/a,n/a,n/a,n/a,n/a,1.0,1.0,198.93,n/a,donation,1.0,0.5,0.5,True,10,0.5,0.0,1.0,0.0,0.2,own,strip,0.02128149690424469,0.13058564846501441,0.04115024493414707,-0.008647985459606175,0.2359445,0.03584635369758566,0.03646659175936827,0.2803009733960732,61,0.7049180327868853,family
PM5_P4_family,P4,1669164794,200,True,custom,1.0,0.5,0.0,-0.5,True,0.01,0.5,100,0,30,0.1,10000,0.0,0.008499999999999999,0.9915,0.0,0.0,0.0,0.0,0.9914350000000001,0.01705,0.01301311767437643,0.0,0.013110120371339991,199.0,199.0,100.5025125628141,0.0,False,True,0.0006962785114188727,460,n/a,n/a,n/a,n/a,n/a,n/a,n/a,n/a,1.0,1.0,198.9,n/a,donation,1.0,0.5,0.5,True,10,0.5,0.0,1.0,0.0,0.2,own,strip,0.02861632065746705,0.16388783673868482,0.04927418514533679,-0.007515950809348496,0.2365345,0.026378815775288594,0.02617439818826129,0.24906356556683304,70,0.6571428571428571,family
PM5_P4_family,P4,798359651,200,True,custom,1.0,0.5,0.0,-0.5,True,0.01,0.5,100,0,30,0.1,10000,0.0,0.008,0.992,0.0,0.0,0.0,0.0,0.9921074999999998,0.015755,0.015346264723480246,0.0,0.01530855430791981,199.0,199.0,100.50251256281408,0.0,False,True,0.012076830732300073,572,n/a,n/a,n/a,n/a,n/a,n/a,n/a,n/a,1.0,1.0,198.97,n/a,donation,1.0,0.5,0.5,True,10,0.5,0.0,1.0,0.0,0.2,own,strip,0.024943012367309888,0.14852149015103638,0.04926447961097745,-0.008062234454401072,0.236483,0.030596279648008526,0.030635205241009697,0.2355341144286,69,0.5797101449275363,family
PM5_P4_family,P4,126337246,200,True,custom,1.0,0.5,0.0,-0.5,True,0.01,0.5,100,0,30,0.1,10000,0.0,0.014000000000000002,0.986,0.0,0.0,0.0,0.0,0.9860774999999998,0.027385,0.014840872141666718,0.0,0.014917779784573025,199.0,199.0,100.50251256281412,0.0,False,True,0.004705882352948332,573,n/a,n/a,n/a,n/a,n/a,n/a,n/a,n/a,1.0,1.0,198.96,n/a,donation,1.0,0.5,0.5,True,10,0.5,0.0,1.0,0.0,0.2,own,strip,0.02315422367079608,0.1402991273352057,0.04299644552158614,-0.0034242792464730678,0.2361565,0.029993881176253883,0.02978522432932924,0.2240468631252919,71,0.6056338028169014,family
PM5_P4_family,P4,317149051,200,True,custom,1.0,0.5,0.0,-0.5,True,0.01,0.5,100,0,30,0.1,10000,0.0,0.013500000000000002,0.9865,0.0,0.0,0.0,0.0,0.9883425000000001,0.023165,0.014403867816850371,0.0,0.014242946569262074,199.0,199.0,100.5025125628141,0.0,False,True,-0.007803121248485089,522,n/a,n/a,n/a,n/a,n/a,n/a,n/a,n/a,1.0,1.0,198.92,n/a,donation,1.0,0.5,0.5,True,10,0.5,0.0,1.0,0.0,0.2,own,strip,0.02500767376826578,0.15962988724912805,0.04809840230039028,-0.008391946387284854,0.2360915,0.02827611328658592,0.028568866559280332,0.24593266800586372,67,0.6417910447761194,family
PM5_P4_family,P4,433399445,200,True,custom,1.0,0.5,0.0,-0.5,True,0.01,0.5,100,0,30,0.1,10000,0.0,0.007999999999999998,0.992,0.0,0.0,0.0,0.0,0.9913375,0.017095,0.019206438385079516,0.0,0.01920114965934935,199.0,199.0,100.50251256281408,0.0,False,True,0.019951980792331236,666,n/a,n/a,n/a,n/a,n/a,n/a,n/a,n/a,1.0,1.0,198.96,n/a,donation,1.0,0.5,0.5,True,10,0.5,0.0,1.0,0.0,0.2,own,strip,0.016964677429957453,0.11711116795015276,0.03298582406775267,-0.0056838418116969365,0.236182,0.03832955093952969,0.038426365966761716,0.265083223221887,67,0.6268656716417911,family
PM5_P4_family,P4,2121129191,200,True,custom,1.0,0.5,0.0,-0.5,True,0.01,0.5,100,0,30,0.1,10000,0.0,0.01,0.9899999999999999,0.0,0.0,0.0,0.0,0.9894475,0.020855,0.015830903784456417,0.0,0.0158369552111825,199.0,199.0,100.50251256281405,0.0,False,True,0.004585834333747804,595,n/a,n/a,n/a,n/a,n/a,n/a,n/a,n/a,1.0,1.0,198.92,n/a,donation,1.0,0.5,0.5,True,10,0.5,0.0,1.0,0.0,0.2,inclusive,strip,0.02092413053494872,0.12377140565812451,0.04524414046103346,-0.0031454960628132618,0.2362925,0.0315773881947163,0.03171469443471486,0.16787774979997452,75,0.6,family
PM5_P4_family,P4,686818433,200,True,custom,1.0,0.5,0.0,-0.5,True,0.01,0.5,100,0,30,0.1,10000,0.0,0.015500000000000003,0.9845,0.0,0.0,0.0,0.0,0.9822599999999999,0.03497,0.015926635146215576,0.0,0.015891081729634444,199.0,199.0,100.50251256281406,0.0,False,False,-0.02701080432172869,674,n/a,n/a,n/a,n/a,n/a,n/a,n/a,n/a,1.0,1.0,198.95,n/a,donation,1.0,0.5,0.5,True,10,0.5,0.0,1.0,0.0,0.2,inclusive,strip,0.014294751555153177,0.09428674243978591,0.03989830830402081,-0.00723651334035005,0.2362185,0.03180741559192019,0.031773484956103284,0.11414599657711358,80,0.5375,family
PM5_P4_family,P4,744720527,200,True,custom,1.0,0.5,0.0,-0.5,True,0.01,0.5,100,0,30,0.1,10000,0.0,0.018000000000000002,0.982,0.0,0.0,0.0,0.0,0.9850200000000001,0.02945,0.019474987141859825,0.0,0.019671722194392924,199.0,199.0,100.50251256281406,0.0,False,True,-0.019495798319327733,697,n/a,n/a,n/a,n/a,n/a,n/a,n/a,n/a,1.0,1.0,198.96,n/a,donation,1.0,0.5,0.5,True,10,0.5,0.0,1.0,0.0,0.2,inclusive,strip,0.02003756930834708,0.11143059824942443,0.03940906040224409,-0.00558397881068951,0.2365335,0.039247083394106964,0.03938155767148919,0.21379124763827578,71,0.647887323943662,family
PM5_P4_family,P4,381425458,200,True,custom,1.0,0.5,0.0,-0.5,True,0.01,0.5,100,0,30,0.1,10000,0.0,0.004999999999999999,0.9950000000000001,0.0,0.0,0.0,0.0,0.9934525000000001,0.013065,0.015460812131910749,0.0,0.015460812131910749,199.0,199.0,100.5025125628141,0.0,True,True,0.011332533013212437,570,n/a,n/a,n/a,n/a,n/a,n/a,n/a,n/a,1.0,1.0,198.95,n/a,donation,1.0,0.5,0.5,True,10,0.5,0.0,1.0,0.0,0.2,inclusive,strip,0.022188036146458662,0.13367569639710658,0.04236807589021695,-0.008207972353417175,0.236579,0.030825855211155682,0.030965221024834264,0.21685068270435792,72,0.6527777777777778,family
PM5_P4_family,P4,1620985466,200,True,custom,1.0,0.5,0.0,-0.5,True,0.01,0.5,100,0,30,0.1,10000,0.0,0.014500000000000002,0.9855,0.0,0.0,0.0,0.0,0.9828950000000001,0.03356,0.022377655138444707,0.0,0.022456059151271943,199.0,199.0,100.50251256281405,0.0,False,True,-0.0012965186074429772,728,n/a,n/a,n/a,n/a,n/a,n/a,n/a,n/a,1.0,1.0,198.93,n/a,donation,1.0,0.5,0.5,True,10,0.5,0.0,1.0,0.0,0.2,inclusive,strip,0.019362142497738728,0.12187817798911964,0.03950880122147434,-0.004949796978281257,0.2359445,0.04448503779490516,0.04502650658230979,0.2566900677377069,77,0.6233766233766234,family
PM5_P4_family,P4,1669164794,200,True,custom,1.0,0.5,0.0,-0.5,True,0.01,0.5,100,0,30,0.1,10000,0.0,0.009999999999999998,0.99,0.0,0.0,0.0,0.0,0.99092,0.01807,0.014892868362048296,0.0,0.01501126769547455,199.0,199.0,100.5025125628141,0.0,False,True,0.0025450180072100364,520,n/a,n/a,n/a,n/a,n/a,n/a,n/a,n/a,1.0,1.0,198.9,n/a,donation,1.0,0.5,0.5,True,10,0.5,0.0,1.0,0.0,0.2,inclusive,strip,0.023250074996487746,0.13927108449132344,0.04146863569695274,-0.007432280075986152,0.2365345,0.030214408468954845,0.029970902417987454,0.23118885999909883,70,0.6428571428571429,family
PM5_P4_family,P4,798359651,200,True,custom,1.0,0.5,0.0,-0.5,True,0.01,0.5,100,0,30,0.1,10000,0.0,0.016000000000000004,0.9840000000000002,0.0,0.0,0.0,0.0,0.9831999999999999,0.03315,0.01941084165499191,0.0,0.01941259677097538,199.0,199.0,100.50251256281408,0.0,False,True,0.016518607442991502,684,n/a,n/a,n/a,n/a,n/a,n/a,n/a,n/a,1.0,1.0,198.97,n/a,donation,1.0,0.5,0.5,True,10,0.5,0.0,1.0,0.0,0.2,inclusive,strip,0.017785003727127022,0.11332238544424061,0.0393816265031501,-0.009576956648080247,0.236483,0.03884634413467353,0.03881478735902409,0.20295634674673074,79,0.5443037974683544,family
PM5_P4_family,P4,126337246,200,True,custom,1.0,0.5,0.0,-0.5,True,0.01,0.5,100,0,30,0.1,10000,0.0,0.017499999999999998,0.9824999999999999,0.0,0.0,0.0,0.0,0.9815400000000001,0.03621,0.017815517468635633,0.0,0.017807643756989025,199.0,199.0,100.50251256281412,0.0,False,True,-0.00033613445376004633,693,n/a,n/a,n/a,n/a,n/a,n/a,n/a,n/a,1.0,1.0,198.96,n/a,donation,1.0,0.5,0.5,True,10,0.5,0.0,1.0,0.0,0.2,inclusive,strip,0.017348688445636074,0.11121198667144365,0.038720497682842386,-0.005773818064557444,0.2361565,0.03587345679665815,0.03553411137229027,0.19593692571088003,80,0.5625,family
PM5_P4_family,P4,317149051,200,True,custom,1.0,0.5,0.0,-0.5,True,0.01,0.5,100,0,30,0.1,10000,0.0,0.016499999999999997,0.9835,0.0,0.0,0.0,0.0,0.985885,0.02787,0.018473469656346265,0.0,0.01817749360106118,199.0,199.0,100.5025125628141,0.0,False,True,-0.011236494597824824,643,n/a,n/a,n/a,n/a,n/a,n/a,n/a,n/a,1.0,1.0,198.92,n/a,donation,1.0,0.5,0.5,True,10,0.5,0.0,1.0,0.0,0.2,inclusive,strip,0.020147156202832608,0.12354896614760079,0.040635470192071185,-0.00567472804089881,0.2360915,0.03624018653784655,0.036411428855681015,0.21362469295265898,77,0.6623376623376623,family
PM5_P4_family,P4,433399445,200,True,custom,1.0,0.5,0.0,-0.5,True,0.01,0.5,100,0,30,0.1,10000,0.0,0.009499999999999998,0.9905000000000002,0.0,0.0,0.0,0.0,0.98985,0.02,0.02270126862046955,0.0,0.022672956568843446,199.0,199.0,100.50251256281408,0.0,False,True,0.019807923169267706,776,n/a,n/a,n/a,n/a,n/a,n/a,n/a,n/a,1.0,1.0,198.96,n/a,donation,1.0,0.5,0.5,True,10,0.5,0.0,1.0,0.0,0.2,inclusive,strip,0.01364791719699527,0.094471794004038,0.029496806741055412,-0.0030754041121226652,0.236182,0.04524265185323183,0.04537304698239633,0.24619967262389783,71,0.6056338028169014,family
PM5_P4_family,P4,2121129191,200,True,custom,1.0,0.7,0.0,-0.3,True,0.01,0.5,100,0,30,0.1,10000,0.0,0.013000000000000001,0.9869999999999999,0.0,0.0,0.0,0.0,0.9875924999999999,0.024555,0.030260154487639895,0.0,0.030286757946959855,199.0,199.0,100.50251256281405,0.0,False,False,0.036830732292931476,829,n/a,n/a,n/a,n/a,n/a,n/a,n/a,n/a,1.0,1.0,198.86,n/a,donation,1.0,0.3,0.3,True,10,0.5,0.0,1.0,0.0,0.3,own,strip,0.017873196312162314,0.0721663271162532,0.05483374483123995,-0.00328014486172224,0.3317315,0.04332193355168261,0.043235989725686604,0.13820517588232548,79,0.5822784810126582,family
PM5_P4_family,P4,686818433,200,True,custom,1.0,0.7,0.0,-0.3,True,0.01,0.5,100,0,30,0.1,10000,0.0,0.012,0.9880000000000001,0.0,0.0,0.0,0.0,0.987595,0.02452,0.026835710964850944,0.0,0.026808621269562072,199.0,199.0,100.50251256281405,0.0,False,True,-0.003145258103234141,690,n/a,n/a,n/a,n/a,n/a,n/a,n/a,n/a,1.0,1.0,198.86,n/a,donation,1.0,0.3,0.3,True,10,0.5,0.0,1.0,0.0,0.3,own,strip,0.02450897749669703,0.09054515779171855,0.05147859783006889,-0.004840620936180132,0.3319415,0.03836820644601534,0.03827284586604317,0.16132482242151747,75,0.5466666666666666,family
PM5_P4_family,P4,744720527,200,True,custom,1.0,0.7,0.0,-0.3,True,0.01,0.5,100,0,30,0.1,10000,0.0,0.011,0.9890000000000001,0.0,0.0,0.0,0.0,0.9880099999999998,0.02374,0.026199066154307074,0.0,0.026081405762972607,199.0,199.0,100.50251256281408,0.0,False,True,-0.008403361344537815,630,n/a,n/a,n/a,n/a,n/a,n/a,n/a,n/a,1.0,1.0,198.84,n/a,donation,1.0,0.3,0.3,True,10,0.5,0.0,1.0,0.0,0.3,own,strip,0.025147771089797682,0.09625459531494795,0.04623297358301751,-0.004211714267123255,0.331785,0.03723872387238724,0.03727131237700441,0.21996601846222366,74,0.6216216216216216,family
PM5_P4_family,P4,381425458,200,True,custom,1.0,0.7,0.0,-0.3,True,0.01,0.5,100,0,30,0.1,10000,0.0,0.019999999999999997,0.9800000000000001,0.0,0.0,0.0,0.0,0.9810399999999999,0.03737,0.03881072832227787,0.0,0.03879930810718336,199.0,199.0,100.50251256281408,0.0,False,False,0.025594237695078032,942,n/a,n/a,n/a,n/a,n/a,n/a,n/a,n/a,1.0,1.0,198.79,n/a,donation,1.0,0.3,0.3,True,10,0.5,0.0,1.0,0.0,0.3,own,strip,0.023526914800024484,0.09213033985583842,0.054405064621324724,-0.009782378251778925,0.3321865,0.055471098313748454,0.05540918235405544,0.22011342060163883,78,0.6025641025641025,family
PM5_P4_family,P4,1620985466,200,True,custom,1.0,0.7,0.0,-0.3,True,0.01,0.5,100,0,30,0.1,10000,0.0,0.010499999999999999,0.9894999999999999,0.0,0.0,0.0,0.0,0.9892025,0.021425,0.04197736956683348,0.0,0.0419565168574316,199.0,199.0,100.50251256281406,0.0,False,False,0.06302521008403361,988,n/a,n/a,n/a,n/a,n/a,n/a,n/a,n/a,1.0,1.0,198.77,n/a,donation,1.0,0.3,0.3,True,10,0.5,0.0,1.0,0.0,0.3,own,strip,0.018851541067113807,0.06619970180582867,0.04374126896286515,-0.009510299687856941,0.331803,0.05977266631103396,0.060033193803623784,0.2382456033505462,69,0.6231884057971014,family
PM5_P4_family,P4,1669164794,200,True,custom,1.0,0.7,0.0,-0.3,True,0.01,0.5,100,0,30,0.1,10000,0.0,0.028999999999999998,0.9709999999999998,0.0,0.0,0.0,0.0,0.9734274999999999,0.051655,0.03750866292055784,0.0,0.03758821712705325,199.0,199.0,100.50251256281408,0.0,False,True,-0.013781512605042017,958,n/a,n/a,n/a,n/a,n/a,n/a,n/a,n/a,1.0,1.0,198.83,n/a,donation,1.0,0.3,0.3,True,10,0.5,0.0,1.0,0.0,0.3,own,strip,0.017991444884358575,0.07560171892104708,0.04329393341703464,-0.005751668517898919,0.3319155,0.053761424217910886,0.05366125093457489,0.18671795196935434,83,0.5301204819277109,family
PM5_P4_family,P4,798359651,200,True,custom,1.0,0.7,0.0,-0.3,True,0.01,0.5,100,0,30,0.1,10000,0.0,0.009,0.991,0.0,0.0,0.0,0.0,0.9888899999999999,0.02202,0.03798133804549429,0.0,0.03800332343138417,199.0,199.0,100.50251256281412,0.0,False,False,0.026386554621855896,894,n/a,n/a,n/a,n/a,n/a,n/a,n/a,n/a,1.0,1.0,198.89,n/a,donation,1.0,0.3,0.3,True,10,0.5,0.0,1.0,0.0,0.3,own,strip,0.018705508505565526,0.07851227374692007,0.04375180479023984,-0.0071499528161452905,0.331915,0.054275944142325595,0.05430895769250919,0.23346233467300387,75,0.5733333333333334,family
PM5_P4_family,P4,126337246,200,True,custom,1.0,0.7,0.0,-0.3,True,0.01,0.5,100,0,30,0.1,10000,0.0,0.0115,0.9884999999999999,0.0,0.0,0.0,0.0,0.9888049999999999,0.02215,0.03185933373157864,0.0,0.031854690760695865,199.0,199.0,100.50251256281412,0.0,False,False,0.02446578631455443,772,n/a,n/a,n/a,n/a,n/a,n/a,n/a,n/a,1.0,1.0,198.89,n/a,donation,1.0,0.3,0.3,True,10,0.5,0.0,1.0,0.0,0.3,own,strip,0.02386197725008631,0.09411254797632865,0.04904720978764365,-0.004475004166700632,0.331862,0.04568992533040842,0.045417264098135415,0.2338810854358673,74,0.5945945945945946,family
PM5_P4_family,P4,317149051,200,True,custom,1.0,0.7,0.0,-0.3,True,0.01,0.5,100,0,30,0.1,10000,0.0,0.020499999999999997,0.9795,0.0,0.0,0.0,0.0,0.9781525,0.042535,0.03643689445892059,0.0,0.03630275785386043,199.0,199.0,100.50251256281418,0.0,False,False,-0.036566626650653106,830,n/a,n/a,n/a,n/a,n/a,n/a,n/a,n/a,1.0,1.0,198.85,n/a,donation,1.0,0.3,0.3,True,10,0.5,0.0,1.0,0.0,0.3,own,strip,0.021795182542619678,0.08096665536511094,0.043770914271872775,-0.0006228133044406574,0.332352,0.05160191604082419,0.05200607206192485,0.26380721571379373,82,0.5609756097560976,family
PM5_P4_family,P4,433399445,200,True,custom,1.0,0.7,0.0,-0.3,True,0.01,0.5,100,0,30,0.1,10000,0.0,0.011000000000000001,0.9890000000000001,0.0,0.0,0.0,0.0,0.990505,0.01883,0.029866013176965172,0.0,0.02967278984884555,199.0,199.0,100.50251256281405,0.0,False,True,-0.00931572629050905,675,n/a,n/a,n/a,n/a,n/a,n/a,n/a,n/a,1.0,1.0,198.84,n/a,donation,1.0,0.3,0.3,True,10,0.5,0.0,1.0,0.0,0.3,own,strip,0.02600946556763346,0.09793927831519655,0.04210846591852349,-0.008848587926739804,0.331499,0.042450354299711314,0.04236530685817972,0.3034215886836865,62,0.6451612903225806,family
PM5_P4_family,P4,2121129191,200,True,custom,1.0,0.7,0.0,-0.3,True,0.01,0.5,100,0,30,0.1,10000,0.0,0.0235,0.9765,0.0,0.0,0.0,0.0,0.9760574999999999,0.046965,0.05734618742623836,0.0,0.0576010208419586,199.0,199.0,100.50251256281405,0.0,False,False,0.05872749099639856,1433,n/a,n/a,n/a,n/a,n/a,n/a,n/a,n/a,1.0,1.0,198.86,n/a,donation,1.0,0.3,0.3,True,10,0.5,0.0,1.0,0.0,0.3,inclusive,strip,0.007045945229773086,0.0373056286514491,0.03749408740394939,-0.006842808901387615,0.3317315,0.08210103653104996,0.08238043540882145,0.11219705455409627,88,0.5681818181818182,family
PM5_P4_family,P4,686818433,200,True,custom,1.0,0.7,0.0,-0.3,True,0.01,0.5,100,0,30,0.1,10000,0.0,0.020000000000000004,0.9799999999999999,0.0,0.0,0.0,0.0,0.979175,0.04096,0.044619771456612674,0.0,0.04455622610560408,199.0,199.0,100.50251256281405,0.0,False,True,0.01159663865545503,1121,n/a,n/a,n/a,n/a,n/a,n/a,n/a,n/a,1.0,1.0,198.86,n/a,donation,1.0,0.3,0.3,True,10,0.5,0.0,1.0,0.0,0.3,inclusive,strip,0.012899557941077897,0.05337068816298429,0.04215022037255639,-0.008860900907981585,0.3319415,0.06376274132640841,0.06360707932014936,0.1258937703359145,88,0.5681818181818182,family
PM5_P4_family,P4,744720527,200,True,custom,1.0,0.7,0.0,-0.3,True,0.01,0.5,100,0,30,0.1,10000,0.0,0.03250000000000001,0.9675,0.0,0.0,0.0,0.0,0.96835,0.06154,0.05857785957490151,0.0,0.058183919091209,199.0,199.0,100.50251256281408,0.0,False,False,0.03135654261704682,1316,n/a,n/a,n/a,n/a,n/a,n/a,n/a,n/a,1.0,1.0,198.84,n/a,donation,1.0,0.3,0.3,True,10,0.5,0.0,1.0,0.0,0.3,inclusive,strip,0.008431756777874937,0.04103216880954977,0.034768079774859365,-0.008812197486970789,0.331785,0.08315475383154754,0.08308590797871943,0.17357799314468664,86,0.627906976744186,family
PM5_P4_family,P4,381425458,200,True,custom,1.0,0.7,0.0,-0.3,True,0.01,0.5,100,0,30,0.1,10000,0.0,0.03200000000000001,0.968,0.0,0.0,0.0,0.0,0.9679075000000001,0.062345,0.07130134522037904,0.0,0.07114838687479653,199.0,199.0,100.50251256281408,0.0,False,False,0.1357022809123578,1621,n/a,n/a,n/a,n/a,n/a,n/a,n/a,n/a,1.0,1.0,198.79,n/a,donation,1.0,0.3,0.3,True,10,0.5,0.0,1.0,0.0,0.3,inclusive,strip,0.010842800345522197,0.050364835933251376,0.04360806392710581,-0.005120656063186516,0.3321865,0.10179522647669306,0.10156615582044987,0.1513107668043096,88,0.5681818181818182,family
PM5_P4_family,P4,1620985466,200,True,custom,1.0,0.7,0.0,-0.3,True,0.01,0.5,100,0,30,0.1,10000,0.0,0.03350000000000001,0.9665000000000001,0.0,0.0,0.0,0.0,0.9631074999999999,0.070355,0.07428642769057979,0.0,0.07407570092073866,199.0,199.0,100.50251256281406,0.0,False,False,0.049003601440569075,1678,n/a,n/a,n/a,n/a,n/a,n/a,n/a,n/a,1.0,1.0,198.77,n/a,donation,1.0,0.3,0.3,True,10,0.5,0.0,1.0,0.0,0.3,inclusive,strip,0.007969116359490842,0.03487047932670893,0.03600388124048516,-0.0013571036077049366,0.331803,0.10542550850956742,0.10603310101661635,0.17222327000655385,93,0.6021505376344086,family
PM5_P4_family,P4,1669164794,200,True,custom,1.0,0.7,0.0,-0.3,True,0.01,0.5,100,0,30,0.1,10000,0.0,0.038,0.962,0.0,0.0,0.0,0.0,0.9649699999999999,0.06767,0.06961293792105348,0.0,0.06966097561694942,199.0,199.0,100.50251256281408,0.0,False,False,0.02172869147659779,1622,n/a,n/a,n/a,n/a,n/a,n/a,n/a,n/a,1.0,1.0,198.83,n/a,donation,1.0,0.3,0.3,True,10,0.5,0.0,1.0,0.0,0.3,inclusive,strip,0.007655175345685835,0.03920876937537954,0.03446675797234885,-0.010077956912167058,0.3319155,0.09936640500368317,0.09958807605924101,0.17779401548038243,90,0.5666666666666667,family
PM5_P4_family,P4,798359651,200,True,custom,1.0,0.7,0.0,-0.3,True,0.01,0.5,100,0,30,0.1,10000,0.0,0.0205,0.9795,0.0,0.0,0.0,0.0,0.9764124999999998,0.045495,0.08107341266534793,0.0,0.08118149815547372,199.0,199.0,100.50251256281412,0.0,False,False,0.06141656662665066,1852,n/a,n/a,n/a,n/a,n/a,n/a,n/a,n/a,1.0,1.0,198.89,n/a,donation,1.0,0.3,0.3,True,10,0.5,0.0,1.0,0.0,0.3,inclusive,strip,0.0067722104251317986,0.03748641336901059,0.03478693921041303,0.0037783858870663023,0.331915,0.11561017127879125,0.11614727167950185,0.1562101170188788,90,0.5777777777777777,family
PM5_P4_family,P4,126337246,200,True,custom,1.0,0.7,0.0,-0.3,True,0.01,0.5,100,0,30,0.1,10000,0.0,0.0485,0.9514999999999999,0.0,0.0,0.0,0.0,0.9488749999999999,0.09631,0.06568241505001214,0.0,0.06567196358779728,199.0,199.0,100.50251256281412,0.0,False,False,-0.04175270108043217,1583,n/a,n/a,n/a,n/a,n/a,n/a,n/a,n/a,1.0,1.0,198.89,n/a,donation,1.0,0.3,0.3,True,10,0.5,0.0,1.0,0.0,0.3,inclusive,strip,0.01016871373243249,0.04633448180002491,0.04076425840811768,0.00474856409132871,0.331862,0.0939645093442455,0.09375009354354939,0.14024627277708046,94,0.5319148936170213,family
PM5_P4_family,P4,317149051,200,True,custom,1.0,0.7,0.0,-0.3,True,0.01,0.5,100,0,30,0.1,10000,0.0,0.0375,0.9624999999999998,0.0,0.0,0.0,0.0,0.9629,0.07152,0.07367480016465963,0.0,0.07332952212684087,199.0,199.0,100.50251256281418,0.0,False,False,-0.07968787515006719,1572,n/a,n/a,n/a,n/a,n/a,n/a,n/a,n/a,1.0,1.0,198.85,n/a,donation,1.0,0.3,0.3,True,10,0.5,0.0,1.0,0.0,0.3,inclusive,strip,0.0068849569536741624,0.03592031210391151,0.03502918078609138,-0.0029036739697578424,0.332352,0.10434193264972078,0.10496586524635736,0.21366249255300912,84,0.5833333333333334,family
PM5_P4_family,P4,433399445,200,True,custom,1.0,0.7,0.0,-0.3,True,0.01,0.5,100,0,30,0.1,10000,0.0,0.013000000000000001,0.9870000000000001,0.0,0.0,0.0,0.0,0.9899849999999999,0.01983,0.05839284545915018,0.0,0.05802205921653205,199.0,199.0,100.50251256281405,0.0,False,True,-0.010996398559416615,1216,n/a,n/a,n/a,n/a,n/a,n/a,n/a,n/a,1.0,1.0,198.84,n/a,donation,1.0,0.3,0.3,True,10,0.5,0.0,1.0,0.0,0.3,inclusive,strip,0.01278648501268875,0.05449562454689505,0.04096288251731551,-0.008715418210080527,0.331499,0.08324308670614392,0.08271416198330295,0.26151192517986604,68,0.6176470588235294,family
PM5_P4_family,P4,2121129191,200,True,custom,1.0,0.5,0.0,-0.5,True,0.01,0.5,100,0,30,0.1,10000,0.0,0.010499999999999999,0.9895000000000002,0.0,0.0,0.0,0.0,0.9900474999999999,0.019755,0.012801513651139892,0.0,0.012848188113300222,199.0,199.0,100.50251256281405,0.0,False,True,0.017214885954396065,546,n/a,n/a,n/a,n/a,n/a,n/a,n/a,n/a,1.0,1.0,198.86,n/a,donation,1.0,0.5,0.5,True,10,0.5,0.0,1.0,0.0,0.3,own,strip,0.03759664832082078,0.1353240199405789,0.09495775492188621,-0.003968196366116657,0.3317315,0.02566232028010605,0.025700373427746483,0.16711914522189117,73,0.547945205479452,family
PM5_P4_family,P4,686818433,200,True,custom,1.0,0.5,0.0,-0.5,True,0.01,0.5,100,0,30,0.1,10000,0.0,0.0055,0.9944999999999998,0.0,0.0,0.0,0.0,0.9935824999999999,0.012805,0.012234535103773434,0.0,0.012253188262797378,199.0,199.0,100.50251256281405,0.0,False,True,0.011092436974804228,513,n/a,n/a,n/a,n/a,n/a,n/a,n/a,n/a,1.0,1.0,198.86,n/a,donation,1.0,0.5,0.5,True,10,0.5,0.0,1.0,0.0,0.3,own,strip,0.03771932622173676,0.136206797709997,0.07947372076933196,-0.0062749652629343735,0.3319415,0.02452239325302802,0.02452367569606554,0.14980483031264086,70,0.6428571428571429,family
PM5_P4_family,P4,744720527,200,True,custom,1.0,0.5,0.0,-0.5,True,0.01,0.5,100,0,30,0.1,10000,0.0,0.01,0.99,0.0,0.0,0.0,0.0,0.9889649999999998,0.02186,0.012709748750176482,0.0,0.012617513617672271,199.0,199.0,100.50251256281408,0.0,False,True,-0.012965186074429771,456,n/a,n/a,n/a,n/a,n/a,n/a,n/a,n/a,1.0,1.0,198.84,n/a,donation,1.0,0.5,0.5,True,10,0.5,0.0,1.0,0.0,0.3,own,strip,0.03808434278102272,0.1454679474707871,0.06995567660297315,-0.004214796537686968,0.331785,0.025186491251864913,0.02526656839490284,0.2359653697356134,65,0.6,family
PM5_P4_family,P4,381425458,200,True,custom,1.0,0.5,0.0,-0.5,True,0.01,0.5,100,0,30,0.1,10000,0.0,0.014500000000000002,0.9855,0.0,0.0,0.0,0.0,0.9854825,0.028795,0.015831568845603827,0.0,0.015806463369162763,199.0,199.0,100.50251256281408,0.0,False,True,-0.0036254501800648733,584,n/a,n/a,n/a,n/a,n/a,n/a,n/a,n/a,1.0,1.0,198.79,n/a,donation,1.0,0.5,0.5,True,10,0.5,0.0,1.0,0.0,0.3,own,strip,0.04061675418082204,0.14724137018075936,0.08468326336390213,-0.011339528117212302,0.3321865,0.03159144035052598,0.03161399103192733,0.2441892358977802,70,0.5857142857142857,family
PM5_P4_family,P4,1620985466,200,True,custom,1.0,0.5,0.0,-0.5,True,0.01,0.5,100,0,30,0.1,10000,0.0,0.0085,0.9915,0.0,0.0,0.0,0.0,0.9917450000000001,0.01642,0.018966299196045113,0.0,0.01900536428137049,199.0,199.0,100.50251256281406,0.0,False,False,0.0587515006002401,656,n/a,n/a,n/a,n/a,n/a,n/a,n/a,n/a,1.0,1.0,198.77,n/a,donation,1.0,0.5,0.5,True,10,0.5,0.0,1.0,0.0,0.3,own,strip,0.030218615438742897,0.10693222872327783,0.06323234364427785,-0.010694915692148055,0.331803,0.03776864585311163,0.03814818085085686,0.26386595402721286,63,0.6031746031746031,family
PM5_P4_family,P4,1669164794,200,True,custom,1.0,0.5,0.0,-0.5,True,0.01,0.5,100,0,30,0.1,10000,0.0,0.027500000000000004,0.9724999999999999,0.0,0.0,0.0,0.0,0.9749449999999997,0.04869,0.01645629398006162,0.0,0.016261158701831303,199.0,199.0,100.50251256281408,0.0,False,True,-0.01942376950778881,635,n/a,n/a,n/a,n/a,n/a,n/a,n/a,n/a,1.0,1.0,198.83,n/a,donation,1.0,0.5,0.5,True,10,0.5,0.0,1.0,0.0,0.3,own,strip,0.027703070554341902,0.11187431246219526,0.05716375661259871,-0.005764659229055258,0.3319155,0.032538402093303866,0.03250449606299802,0.20742346201181575,75,0.56,family
PM5_P4_family,P4,798359651,200,True,custom,1.0,0.5,0.0,-0.5,True,0.01,0.5,100,0,30,0.1,10000,0.0,0.003999999999999999,0.9959999999999999,0.0,0.0,0.0,0.0,0.9949225,0.010105,0.016623145585858968,0.0,0.016631566173561835,199.0,199.0,100.50251256281412,0.0,False,False,0.023505402160871502,581,n/a,n/a,n/a,n/a,n/a,n/a,n/a,n/a,1.0,1.0,198.89,n/a,donation,1.0,0.5,0.5,True,10,0.5,0.0,1.0,0.0,0.3,own,strip,0.03589664492189825,0.13658024344210493,0.06526612714500118,-0.005277045412669273,0.331915,0.03327734510341503,0.03326223459589723,0.27385392335548275,67,0.5970149253731343,family
PM5_P4_family,P4,126337246,200,True,custom,1.0,0.5,0.0,-0.5,True,0.01,0.5,100,0,30,0.1,10000,0.0,0.006,0.994,0.0,0.0,0.0,0.0,0.9949525000000001,0.010005,0.01365033891891487,0.0,0.013669112265677774,199.0,199.0,100.50251256281412,0.0,False,True,0.017046818727505308,506,n/a,n/a,n/a,n/a,n/a,n/a,n/a,n/a,1.0,1.0,198.89,n/a,donation,1.0,0.5,0.5,True,10,0.5,0.0,1.0,0.0,0.3,own,strip,0.04497805483198631,0.1648298530511129,0.07312737404707725,-0.003089387483467165,0.331862,0.027301257751716074,0.027352133840613767,0.2783313755930308,58,0.7068965517241379,family
PM5_P4_family,P4,317149051,200,True,custom,1.0,0.5,0.0,-0.5,True,0.01,0.5,100,0,30,0.1,10000,0.0,0.011500000000000002,0.9884999999999999,0.0,0.0,0.0,0.0,0.9886225,0.022475,0.01712145919340971,0.0,0.017091662892295946,199.0,199.0,100.50251256281418,0.0,False,True,-0.0192557022808909,624,n/a,n/a,n/a,n/a,n/a,n/a,n/a,n/a,1.0,1.0,198.85,n/a,donation,1.0,0.5,0.5,True,10,0.5,0.0,1.0,0.0,0.3,own,strip,0.03402838706184479,0.12573628257932845,0.0651796995886235,-0.0033539757323718116,0.332352,0.034019653860966684,0.034283035371932516,0.24437191240512413,68,0.5882352941176471,family
PM5_P4_family,P4,433399445,200,True,custom,1.0,0.5,0.0,-0.5,True,0.01,0.5,100,0,30,0.1,10000,0.0,0.0095,0.9905000000000002,0.0,0.0,0.0,0.0,0.9909949999999998,0.01785,0.014173503137968646,0.0,0.014024729882202385,199.0,199.0,100.50251256281405,0.0,False,True,-0.008955582232878847,479,n/a,n/a,n/a,n/a,n/a,n/a,n/a,n/a,1.0,1.0,198.84,n/a,donation,1.0,0.5,0.5,True,10,0.5,0.0,1.0,0.0,0.3,own,strip,0.0421861930054146,0.14929049321032115,0.06596031281357038,-0.006800415072507256,0.331499,0.02820672158890374,0.027979389709215093,0.30997982562880666,59,0.6271186440677966,family
PM5_P4_family,P4,2121129191,200,True,custom,1.0,0.5,0.0,-0.5,True,0.01,0.5,100,0,30,0.1,10000,0.0,0.013000000000000001,0.9869999999999999,0.0,0.0,0.0,0.0,0.9875924999999999,0.024555,0.01703413714135419,0.0,0.01714629059387593,199.0,199.0,100.50251256281405,0.0,False,False,0.024465786314540123,705,n/a,n/a,n/a,n/a,n/a,n/a,n/a,n/a,1.0,1.0,198.86,n/a,donation,1.0,0.5,0.5,True,10,0.5,0.0,1.0,0.0,0.3,inclusive,strip,0.02492703243776287,0.0949605290931934,0.07543423527182579,-0.00328014486172224,0.3317315,0.03430409834459495,0.034269533877475895,0.13083240196812373,76,0.5657894736842105,family
PM5_P4_family,P4,686818433,200,True,custom,1.0,0.5,0.0,-0.5,True,0.01,0.5,100,0,30,0.1,10000,0.0,0.012,0.9880000000000001,0.0,0.0,0.0,0.0,0.987595,0.02452,0.01583783463544236,0.0,0.015840728502594215,199.0,199.0,100.50251256281405,0.0,False,True,-0.0024489795918295793,622,n/a,n/a,n/a,n/a,n/a,n/a,n/a,n/a,1.0,1.0,198.86,n/a,donation,1.0,0.5,0.5,True,10,0.5,0.0,1.0,0.0,0.3,inclusive,strip,0.02699835204925949,0.10288098964222682,0.06110352177511894,-0.004840620936180132,0.3319415,0.03172019768543553,0.03169333224560424,0.13330092102346,76,0.5657894736842105,family
PM5_P4_family,P4,744720527,200,True,custom,1.0,0.5,0.0,-0.5,True,0.01,0.5,100,0,30,0.1,10000,0.0,0.011,0.9890000000000001,0.0,0.0,0.0,0.0,0.9880099999999998,0.02374,0.015379054567304451,0.0,0.01517478907166313,199.0,199.0,100.50251256281408,0.0,False,True,-0.012797118847539016,540,n/a,n/a,n/a,n/a,n/a,n/a,n/a,n/a,1.0,1.0,198.84,n/a,donation,1.0,0.5,0.5,True,10,0.5,0.0,1.0,0.0,0.3,inclusive,strip,0.029494567924567568,0.11509245470692395,0.05830090948355899,-0.004211714267123255,0.331785,0.030363789803637898,0.030354376959511535,0.20865397568736907,74,0.5945945945945946,family
PM5_P4_family,P4,381425458,200,True,custom,1.0,0.5,0.0,-0.5,True,0.01,0.5,100,0,30,0.1,10000,0.0,0.017999999999999995,0.982,0.0,0.0,0.0,0.0,0.9820499999999999,0.03541,0.021365943815530895,0.0,0.021352446904171395,199.0,199.0,100.50251256281408,0.0,False,True,0.018463385354148813,774,n/a,n/a,n/a,n/a,n/a,n/a,n/a,n/a,1.0,1.0,198.79,n/a,donation,1.0,0.5,0.5,True,10,0.5,0.0,1.0,0.0,0.3,inclusive,strip,0.027879277668441598,0.10504288418658587,0.06747019730845502,-0.009192486694462541,0.3321865,0.0427463187095201,0.042673590755502845,0.19957116982946188,77,0.6103896103896104,family
PM5_P4_family,P4,1620985466,200,True,custom,1.0,0.5,0.0,-0.5,True,0.01,0.5,100,0,30,0.1,10000,0.0,0.010499999999999999,0.9894999999999999,0.0,0.0,0.0,0.0,0.9892025,0.021425,0.025281662069604086,0.0,0.02523905946718007,199.0,199.0,100.50251256281406,0.0,False,False,0.06300120048018493,868,n/a,n/a,n/a,n/a,n/a,n/a,n/a,n/a,1.0,1.0,198.77,n/a,donation,1.0,0.5,0.5,True,10,0.5,0.0,1.0,0.0,0.3,inclusive,strip,0.021595203868730106,0.0804454057671611,0.04759937746471812,-0.009510299687856941,0.331803,0.05029038314903723,0.050590619233549385,0.2370101322150287,68,0.6323529411764706,family
PM5_P4_family,P4,1669164794,200,True,custom,1.0,0.5,0.0,-0.5,True,0.01,0.5,100,0,30,0.1,10000,0.0,0.027999999999999997,0.9719999999999999,0.0,0.0,0.0,0.0,0.9749449999999997,0.04869,0.021756125191666295,0.0,0.02172815072427389,199.0,199.0,100.50251256281408,0.0,False,True,-0.004753901560617094,812,n/a,n/a,n/a,n/a,n/a,n/a,n/a,n/a,1.0,1.0,198.83,n/a,donation,1.0,0.5,0.5,True,10,0.5,0.0,1.0,0.0,0.3,inclusive,strip,0.018790207607594034,0.08085702610953134,0.043187762468657104,-0.005764659229055258,0.3319155,0.043540449301102235,0.04340805691495612,0.18282498427190838,78,0.5384615384615384,family
PM5_P4_family,P4,798359651,200,True,custom,1.0,0.5,0.0,-0.5,True,0.01,0.5,100,0,30,0.1,10000,0.0,0.009,0.991,0.0,0.0,0.0,0.0,0.9888899999999999,0.02202,0.023133217660110887,0.0,0.023155979817018498,199.0,199.0,100.50251256281412,0.0,False,False,0.026386554621855896,780,n/a,n/a,n/a,n/a,n/a,n/a,n/a,n/a,1.0,1.0,198.89,n/a,donation,1.0,0.5,0.5,True,10,0.5,0.0,1.0,0.0,0.3,inclusive,strip,0.024958400916636862,0.09818851646447685,0.054217019089968274,-0.0071499528161452905,0.331915,0.046327372971995844,0.04631596278916605,0.22442905262605475,82,0.573170731707317,family
PM5_P4_family,P4,126337246,200,True,custom,1.0,0.5,0.0,-0.5,True,0.01,0.5,100,0,30,0.1,10000,0.0,0.0105,0.9894999999999999,0.0,0.0,0.0,0.0,0.9897775,0.020245,0.01946260983801476,0.0,0.01954081046825356,199.0,199.0,100.50251256281412,0.0,False,False,0.028091236494619306,690,n/a,n/a,n/a,n/a,n/a,n/a,n/a,n/a,1.0,1.0,198.89,n/a,donation,1.0,0.5,0.5,True,10,0.5,0.0,1.0,0.0,0.3,inclusive,strip,0.02678381742597536,0.10463310757660287,0.05168027090907907,-0.003535554401562646,0.331862,0.03915106279116018,0.03903946490096357,0.23679465024322652,71,0.647887323943662,family
PM5_P4_family,P4,317149051,200,True,custom,1.0,0.5,0.0,-0.5,True,0.01,0.5,100,0,30,0.1,10000,0.0,0.020499999999999997,0.9795,0.0,0.0,0.0,0.0,0.9781525,0.042535,0.021931470183909063,0.0,0.02183924309213884,199.0,199.0,100.50251256281418,0.0,False,False,-0.03824729891956067,770,n/a,n/a,n/a,n/a,n/a,n/a,n/a,n/a,1.0,1.0,198.85,n/a,donation,1.0,0.5,0.5,True,10,0.5,0.0,1.0,0.0,0.3,inclusive,strip,0.02481603906439627,0.09284938142805248,0.05279366183375532,-0.0006228133044406574,0.332352,0.04347348594261506,0.04381837435295245,0.22114517516074086,77,0.5844155844155844,family
PM5_P4_family,P4,433399445,200,True,custom,1.0,0.5,0.0,-0.5,True,0.01,0.5,100,0,30,0.1,10000,0.0,0.011000000000000001,0.9890000000000001,0.0,0.0,0.0,0.0,0.990505,0.01883,0.018896732299280558,0.0,0.018842549081237135,199.0,199.0,100.50251256281405,0.0,False,True,-0.009435774309716734,637,n/a,n/a,n/a,n/a,n/a,n/a,n/a,n/a,1.0,1.0,198.84,n/a,donation,1.0,0.5,0.5,True,10,0.5,0.0,1.0,0.0,0.3,inclusive,strip,0.02644142363810841,0.09914374174953329,0.043574156583375635,-0.008848587926739804,0.331499,0.037845513862786916,0.03761213520996977,0.2694036549523157,66,0.6515151515151515,family
PM5_P4_family,P4,2121129191,200,True,custom,1.0,0.7,0.0,-0.3,True,0.01,0.5,100,0,30,0.1,10000,0.0,0.03200000000000001,0.968,0.0,0.0,0.0,0.0,0.9675900000000001,0.06302,0.027550926934844927,0.0,0.027521683719050546,199.0,199.0,100.502512562814,0.0,False,False,-0.05075630252101556,752,n/a,n/a,n/a,n/a,n/a,n/a,n/a,n/a,1.0,1.0,198.44,n/a,donation,1.0,0.3,0.3,True,10,0.5,0.0,1.0,0.0,0.4,own,strip,0.029559930830830795,0.08298750972429071,0.07401656342371515,-0.00695928383624068,0.427,0.03912704918032787,0.03944938917975567,0.15970800720828685,71,0.5774647887323944,family
PM5_P4_family,P4,686818433,200,True,custom,1.0,0.7,0.0,-0.3,True,0.01,0.5,100,0,30,0.1,10000,0.0,0.0085,0.9914999999999999,0.0,0.0,0.0,0.0,0.9925675,0.014835,0.023834232730380454,0.0,0.023901581836836355,199.0,199.0,100.50251256281412,0.0,False,True,0.014885954381759856,655,n/a,n/a,n/a,n/a,n/a,n/a,n/a,n/a,1.0,1.0,198.52,n/a,donation,1.0,0.3,0.3,True,10,0.5,0.0,1.0,0.0,0.4,own,strip,0.03999994087242203,0.10511821636468874,0.09731009164590831,-0.009652140042699233,0.42706,0.03430314241558563,0.03403497748455336,0.13363763155612088,74,0.5135135135135135,family
PM5_P4_family,P4,744720527,200,True,custom,1.0,0.7,0.0,-0.3,True,0.01,0.5,100,0,30,0.1,10000,0.0,0.008,0.992,0.0,0.0,0.0,0.0,0.9931149999999999,0.01373,0.033235742422910254,0.0,0.0331377880224473,199.0,199.0,100.5025125628141,0.0,False,False,0.02192076830733724,755,n/a,n/a,n/a,n/a,n/a,n/a,n/a,n/a,1.0,1.0,198.51,n/a,donation,1.0,0.3,0.3,True,10,0.5,0.0,1.0,0.0,0.4,own,strip,0.033218421869410444,0.09241474429199938,0.06361911721511578,-0.006483092605131208,0.4272245,0.047109891871837874,0.047509015312282035,0.24335163268212426,71,0.6056338028169014,family
PM5_P4_family,P4,381425458,200,True,custom,1.0,0.7,0.0,-0.3,True,0.01,0.5,100,0,30,0.1,10000,0.0,0.030000000000000006,0.97,0.0,0.0,0.0,0.0,0.9661674999999998,0.065695,0.03774231828392454,0.0,0.0377736868016026,199.0,199.0,100.50251256281412,0.0,False,False,-0.023409363745491043,884,n/a,n/a,n/a,n/a,n/a,n/a,n/a,n/a,1.0,1.0,198.58,n/a,donation,1.0,0.3,0.3,True,10,0.5,0.0,1.0,0.0,0.4,own,strip,0.026844071335331003,0.0736379983864538,0.05616523820847729,-0.008159189463951519,0.4280425,0.05410093623880806,0.053850592045737666,0.2565329580779882,87,0.5632183908045977,family
PM5_P4_family,P4,1620985466,200,True,custom,1.0,0.7,0.0,-0.3,True,0.01,0.5,100,0,30,0.1,10000,0.0,0.006999999999999999,0.993,0.0,0.0,0.0,0.0,0.9935550000000001,0.01273,0.03765570490412858,0.0,0.03761281487156667,199.0,199.0,100.502512562814,0.0,False,True,0.00453781512605042,838,n/a,n/a,n/a,n/a,n/a,n/a,n/a,n/a,1.0,1.0,198.54,n/a,donation,1.0,0.3,0.3,True,10,0.5,0.0,1.0,0.0,0.4,own,strip,0.03356191813520882,0.09189365106102705,0.06093230226055467,0.000550874688746772,0.427241,0.05366701697636697,0.05377479882463654,0.29980586898349104,71,0.6619718309859155,family
PM5_P4_family,P4,1669164794,200,True,custom,1.0,0.7,0.0,-0.3,True,0.01,0.5,100,0,30,0.1,10000,0.0,0.009,0.9910000000000002,0.0,0.0,0.0,0.0,0.9913825,0.016995,0.037859064713488925,0.0,0.03790399375073689,199.0,199.0,100.50251256281406,0.0,False,False,0.02043217286916197,932,n/a,n/a,n/a,n/a,n/a,n/a,n/a,n/a,1.0,1.0,198.57,n/a,donation,1.0,0.3,0.3,True,10,0.5,0.0,1.0,0.0,0.4,own,strip,0.02522799914713145,0.07085207481320441,0.05585419784628982,0.002315902462980148,0.4278295,0.05405891833078364,0.05421723070308588,0.22254833046941128,77,0.5584415584415584,family
PM5_P4_family,P4,798359651,200,True,custom,1.0,0.7,0.0,-0.3,True,0.01,0.5,100,0,30,0.1,10000,0.0,0.008000000000000002,0.992,0.0,0.0,0.0,0.0,0.9910375,0.017785,0.033903024902133976,0.0,0.033903024902133976,199.0,199.0,100.50251256281405,0.0,True,True,-0.001032412965178919,790,n/a,n/a,n/a,n/a,n/a,n/a,n/a,n/a,1.0,1.0,198.5,n/a,donation,1.0,0.3,0.3,True,10,0.5,0.0,1.0,0.0,0.4,own,strip,0.03276996795406223,0.09079415703653287,0.05962342858821822,-0.006657901497930022,0.427423,0.04845375658305707,0.048412702571007916,0.2793767535668306,77,0.6103896103896104,family
PM5_P4_family,P4,126337246,200,True,custom,1.0,0.7,0.0,-0.3,True,0.01,0.5,100,0,30,0.1,10000,0.0,0.0095,0.9905000000000002,0.0,0.0,0.0,0.0,0.9896475,0.020595,0.0363296073593023,0.0,0.0363296073593023,199.0,199.0,100.50251256281403,0.0,True,True,-0.010924369747899159,778,n/a,n/a,n/a,n/a,n/a,n/a,n/a,n/a,1.0,1.0,198.56,n/a,donation,1.0,0.3,0.3,True,10,0.5,0.0,1.0,0.0,0.4,own,strip,0.03408366631649693,0.09931227600526946,0.0599577812685702,-0.007289946130590984,0.4271565,0.052114388988579126,0.051732715829017874,0.3147666397908674,70,0.6428571428571429,family
PM5_P4_family,P4,317149051,200,True,custom,1.0,0.7,0.0,-0.3,True,0.01,0.5,100,0,30,0.1,10000,0.0,0.005,0.9950000000000001,0.0,0.0,0.0,0.0,0.9950175,0.009945,0.03538199635190858,0.0,0.03529516061890397,199.0,199.0,100.50251256281406,0.0,False,True,0.01003601440576946,772,n/a,n/a,n/a,n/a,n/a,n/a,n/a,n/a,1.0,1.0,198.59,n/a,donation,1.0,0.3,0.3,True,10,0.5,0.0,1.0,0.0,0.4,own,strip,0.034803672593171464,0.09525634354753501,0.06130125519334527,-0.011379789624105243,0.4276555,0.05046526935816329,0.050379622762165094,0.2980337365456848,62,0.6612903225806451,family
PM5_P4_family,P4,433399445,200,True,custom,1.0,0.7,0.0,-0.3,True,0.01,0.5,100,0,30,0.1,10000,0.0,0.0115,0.9884999999999999,0.0,0.0,0.0,0.0,0.9870149999999999,0.02543,0.0318881959760819,0.0,0.03191623990787852,199.0,199.0,100.50251256281408,0.0,False,True,0.005354141656669821,768,n/a,n/a,n/a,n/a,n/a,n/a,n/a,n/a,1.0,1.0,198.59,n/a,donation,1.0,0.3,0.3,True,10,0.5,0.0,1.0,0.0,0.4,own,strip,0.028680323201513026,0.08193881309438149,0.05077068031226767,0.0011795645148792876,0.426682,0.045566135904490934,0.045617789778098716,0.2936689776230558,69,0.6376811594202898,family
PM5_P4_family,P4,686818433,200,True,custom,1.0,0.7,0.0,-0.3,True,0.01,0.5,100,0,30,0.1,10000,0.0,0.009500000000000001,0.9904999999999999,0.0,0.0,0.0,0.0,0.991555,0.01683,0.04593899174371115,0.0,0.04610330223966425,199.0,199.0,100.50251256281412,0.0,False,False,0.03082833133255448,1189,n/a,n/a,n/a,n/a,n/a,n/a,n/a,n/a,1.0,1.0,198.52,n/a,donation,1.0,0.3,0.3,True,10,0.5,0.0,1.0,0.0,0.4,inclusive,strip,0.017865011237935227,0.05207453387894146,0.05962783105233349,-0.011530683480554471,0.42706,0.06587189153748887,0.06586248123712779,0.10487246867072189,78,0.5512820512820513,family
PM5_P4_family,P4,744720527,200,True,custom,1.0,0.7,0.0,-0.3,True,0.01,0.5,100,0,30,0.1,10000,0.0,0.023,0.9770000000000001,0.0,0.0,0.0,0.0,0.9810675,0.037115,0.07648777487316143,0.0,0.07675925182136942,199.0,199.0,100.5025125628141,0.0,False,False,0.02424969987993767,1501,n/a,n/a,n/a,n/a,n/a,n/a,n/a,n/a,1.0,1.0,198.51,n/a,donation,1.0,0.3,0.3,True,10,0.5,0.0,1.0,0.0,0.4,inclusive,strip,0.014302561601798162,0.044164427108181616,0.04895614968822367,-0.003882729118964528,0.4272245,0.10950097665279028,0.1097773036730796,0.2468333211814451,80,0.5875,family
PM5_P4_family,P4,2121129191,200,True,custom,1.0,0.7,0.0,-0.3,True,0.01,0.5,100,0,30,0.1,10000,0.0,0.1125,0.8875,0.0,0.0,0.0,0.0,0.8813749999999999,0.2081,0.07917811902975995,0.0,0.07933572086452673,199.0,199.0,100.502512562814,0.0,False,False,-0.2145978391356614,1906,n/a,n/a,n/a,n/a,n/a,n/a,n/a,n/a,1.0,1.0,198.44,n/a,donation,1.0,0.3,0.3,True,10,0.5,0.0,1.0,0.0,0.4,inclusive,strip,0.00971277659339079,0.031707603407250394,0.05277460647373168,-0.0008415461435938826,0.427,0.11318735362997658,0.11346116928446771,0.09389882197662104,85,0.5882352941176471,family
PM5_P4_family,P4,381425458,200,True,custom,1.0,0.7,0.0,-0.3,True,0.01,0.5,100,0,30,0.1,10000,0.0,0.11699999999999999,0.883,0.0,0.0,0.0,0.0,0.8839499999999999,0.20401,0.12867120569422158,0.0,0.12792802299915632,199.0,199.0,100.50251256281412,0.0,False,False,0.09582232893156548,2721,n/a,n/a,n/a,n/a,n/a,n/a,n/a,n/a,1.0,1.0,198.58,n/a,donation,1.0,0.3,0.3,True,10,0.5,0.0,1.0,0.0,0.4,inclusive,strip,0.0024273209311894152,0.014709811498652582,0.04164099444429661,0.0033210219508309903,0.4280425,0.18282004707476476,0.18270326029468972,0.12493262447804944,88,0.5909090909090909,family
PM5_P4_family,P4,1620985466,200,True,custom,1.0,0.7,0.0,-0.3,True,0.01,0.5,100,0,30,0.1,10000,0.0,0.013000000000000001,0.9869999999999999,0.0,0.0,0.0,0.0,0.9849650000000001,0.02941,0.10016476264253321,0.0,0.10002033188809746,199.0,199.0,100.502512562814,0.0,False,True,0.019879951980792315,1972,n/a,n/a,n/a,n/a,n/a,n/a,n/a,n/a,1.0,1.0,198.54,n/a,donation,1.0,0.3,0.3,True,10,0.5,0.0,1.0,0.0,0.4,inclusive,strip,0.0038028678557473655,0.016001708694202334,0.03927702008439577,-0.0002082548537435197,0.427241,0.1430030123513427,0.1428074460637022,0.21290102801187397,82,0.6585365853658537,family
PM5_P4_family,P4,1669164794,200,True,custom,1.0,0.7,0.0,-0.3,True,0.01,0.5,100,0,30,0.1,10000,0.0,0.053500000000000006,0.9465,0.0,0.0,0.0,0.0,0.94514,0.10394,0.1395360359198341,0.0,0.13975684439352354,199.0,199.0,100.50251256281406,0.0,False,False,-0.02256902761104442,2666,n/a,n/a,n/a,n/a,n/a,n/a,n/a,n/a,1.0,1.0,198.57,n/a,donation,1.0,0.3,0.3,True,10,0.5,0.0,1.0,0.0,0.4,inclusive,strip,0.005864359244290564,0.02321428842426765,0.04427147739971671,-0.004452192790334683,0.4278295,0.1997366941737304,0.19958954542396015,0.1920152350456046,90,0.6222222222222222,family
PM5_P4_family,P4,126337246,200,True,custom,1.0,0.7,0.0,-0.3,True,0.01,0.5,100,0,30,0.1,10000,0.0,0.05500000000000001,0.945,0.0,0.0,0.0,0.0,0.9348625,0.119755,0.15604081504116468,0.0,0.15632052483852174,199.0,199.0,100.50251256281403,0.0,False,False,0.03913565426169037,3154,n/a,n/a,n/a,n/a,n/a,n/a,n/a,n/a,1.0,1.0,198.56,n/a,donation,1.0,0.3,0.3,True,10,0.5,0.0,1.0,0.0,0.4,inclusive,strip,0.008520313234810874,0.029602225411639625,0.053616143096407574,-0.0024898852287519677,0.4271565,0.22355740811622907,0.2231146028540081,0.13844873177461167,91,0.5824175824175825,family
PM5_P4_family,P4,798359651,200,True,custom,1.0,0.7,0.0,-0.3,True,0.01,0.5,100,0,30,0.1,10000,0.0,0.023499999999999993,0.9765,0.0,0.0,0.0,0.0,0.9760100000000002,0.04697,0.07954122769292797,0.0,0.07968570008047368,199.0,199.0,100.50251256281405,0.0,False,True,-0.003745498199265401,1689,n/a,n/a,n/a,n/a,n/a,n/a,n/a,n/a,1.0,1.0,198.5,n/a,donation,1.0,0.3,0.3,True,10,0.5,0.0,1.0,0.0,0.4,inclusive,strip,0.009934880388941556,0.030198088376523997,0.04952104512448968,-0.0040161661993254995,0.427423,0.11373861490841625,0.11389996454625317,0.21340096958184326,88,0.6136363636363636,family
PM5_P4_family,P4,317149051,200,True,custom,1.0,0.7,0.0,-0.3,True,0.01,0.5,100,0,30,0.1,10000,0.0,0.026000000000000006,0.9739999999999999,0.0,0.0,0.0,0.0,0.9725050000000002,0.05353,0.08852680391140857,0.0,0.08850449051152046,199.0,199.0,100.50251256281406,0.0,False,False,-0.027106842737101993,1675,n/a,n/a,n/a,n/a,n/a,n/a,n/a,n/a,1.0,1.0,198.59,n/a,donation,1.0,0.3,0.3,True,10,0.5,0.0,1.0,0.0,0.4,inclusive,strip,0.006782490801066288,0.027675943383964945,0.03727447128205298,-0.005104585962417003,0.4276555,0.1264066520832773,0.12645093994962825,0.2799982213245263,82,0.6341463414634146,family
PM5_P4_family,P4,433399445,200,True,custom,1.0,0.7,0.0,-0.3,True,0.01,0.5,100,0,30,0.1,10000,0.0,0.036,0.9640000000000002,0.0,0.0,0.0,0.0,0.9674224999999999,0.062395,0.07363590858417952,0.0,0.07310807028251023,199.0,199.0,100.50251256281408,0.0,False,False,0.028955582232900314,1629,n/a,n/a,n/a,n/a,n/a,n/a,n/a,n/a,1.0,1.0,198.59,n/a,donation,1.0,0.3,0.3,True,10,0.5,0.0,1.0,0.0,0.4,inclusive,strip,0.0097750180805492,0.03272969819795346,0.0411883890280661,-0.0032460081271247524,0.426682,0.10436636652120314,0.1044812826389543,0.20395797440103222,86,0.5581395348837209,family
PM5_P4_family,P4,686818433,200,True,custom,1.0,0.5,0.0,-0.5,True,0.01,0.5,100,0,30,0.1,10000,0.0,0.0045,0.9954999999999998,0.0,0.0,0.0,0.0,0.9965025000000001,0.006995,0.011019820689902326,0.0,0.01102648116662646,199.0,199.0,100.50251256281412,0.0,False,True,0.013925570228098393,441,n/a,n/a,n/a,n/a,n/a,n/a,n/a,n/a,1.0,1.0,198.52,n/a,donation,1.0,0.5,0.5,True,10,0.5,0.0,1.0,0.0,0.4,own,strip,0.06362981100969355,0.16626695696265695,0.13109686706460033,-0.008001089707539724,0.42706,0.02220121294431696,0.02193423395119908,0.17687842594200148,61,0.6065573770491803,family
PM5_P4_family,P4,2121129191,200,True,custom,1.0,0.5,0.0,-0.5,True,0.01,0.5,100,0,30,0.1,10000,0.0,0.016500000000000004,0.9834999999999999,0.0,0.0,0.0,0.0,0.98306,0.03333,0.01190096205868096,0.0,0.012003888487226989,199.0,199.0,100.502512562814,0.0,False,True,-0.014405762304914813,523,n/a,n/a,n/a,n/a,n/a,n/a,n/a,n/a,1.0,1.0,198.44,n/a,donation,1.0,0.5,0.5,True,10,0.5,0.0,1.0,0.0,0.4,own,strip,0.04795077535798772,0.13037158462599185,0.11787114018426226,-0.0040637696173421245,0.427,0.023872365339578455,0.024091186736474694,0.17898272612888355,73,0.547945205479452,family
PM5_P4_family,P4,744720527,200,True,custom,1.0,0.5,0.0,-0.5,True,0.01,0.5,100,0,30,0.1,10000,0.0,0.008,0.992,0.0,0.0,0.0,0.0,0.9931149999999999,0.01373,0.01571057196651415,0.0,0.015543345823206127,199.0,199.0,100.5025125628141,0.0,False,True,0.016662665066033568,553,n/a,n/a,n/a,n/a,n/a,n/a,n/a,n/a,1.0,1.0,198.51,n/a,donation,1.0,0.5,0.5,True,10,0.5,0.0,1.0,0.0,0.4,own,strip,0.04894441914993008,0.13306372393010632,0.0817384222824673,-0.006483092605131208,0.4272245,0.030873112380025023,0.03124740845235175,0.2523007321427765,63,0.6031746031746031,family
PM5_P4_family,P4,381425458,200,True,custom,1.0,0.5,0.0,-0.5,True,0.01,0.5,100,0,30,0.1,10000,0.0,0.015000000000000003,0.985,0.0,0.0,0.0,0.0,0.983295,0.03289,0.018071163442774367,0.0,0.018012137516783114,199.0,199.0,100.50251256281412,0.0,False,True,-0.002713085234086482,661,n/a,n/a,n/a,n/a,n/a,n/a,n/a,n/a,1.0,1.0,198.58,n/a,donation,1.0,0.5,0.5,True,10,0.5,0.0,1.0,0.0,0.4,own,strip,0.04249268768234589,0.11283508999698783,0.07891809790897822,-0.0045868445702714825,0.4280425,0.036082865603298736,0.03596289934129721,0.24222771515731975,73,0.6164383561643836,family
PM5_P4_family,P4,1620985466,200,True,custom,1.0,0.5,0.0,-0.5,True,0.01,0.5,100,0,30,0.1,10000,0.0,0.005999999999999999,0.994,0.0,0.0,0.0,0.0,0.9940650000000002,0.01174,0.01685223485289964,0.0,0.01686299382688647,199.0,199.0,100.502512562814,0.0,False,True,0.003529411764720193,557,n/a,n/a,n/a,n/a,n/a,n/a,n/a,n/a,1.0,1.0,198.54,n/a,donation,1.0,0.5,0.5,True,10,0.5,0.0,1.0,0.0,0.4,own,strip,0.05053160146216126,0.13418642368022277,0.08096540127476906,-0.0006549005049429071,0.427241,0.033685320463157795,0.03374761461626967,0.3124517318071368,63,0.7301587301587301,family
PM5_P4_family,P4,1669164794,200,True,custom,1.0,0.5,0.0,-0.5,True,0.01,0.5,100,0,30,0.1,10000,0.0,0.0075,0.9925,0.0,0.0,0.0,0.0,0.992905,0.01398,0.014186773546577313,0.0,0.014300555196582625,199.0,199.0,100.50251256281406,0.0,False,True,0.009531812725111503,570,n/a,n/a,n/a,n/a,n/a,n/a,n/a,n/a,1.0,1.0,198.57,n/a,donation,1.0,0.5,0.5,True,10,0.5,0.0,1.0,0.0,0.4,own,strip,0.04295488896492291,0.11895519324211065,0.08045394107549757,0.0048003079851178495,0.4278295,0.02854524991848388,0.028653172437236803,0.2537957836351224,65,0.6461538461538462,family
PM5_P4_family,P4,798359651,200,True,custom,1.0,0.5,0.0,-0.5,True,0.01,0.5,100,0,30,0.1,10000,0.0,0.006499999999999999,0.9935,0.0,0.0,0.0,0.0,0.9925274999999999,0.014905,0.01661410299572991,0.0,0.01661410299572991,199.0,199.0,100.50251256281405,0.0,True,True,-0.0024489795918295793,580,n/a,n/a,n/a,n/a,n/a,n/a,n/a,n/a,1.0,1.0,198.5,n/a,donation,1.0,0.5,0.5,True,10,0.5,0.0,1.0,0.0,0.4,own,strip,0.04602486513000161,0.12504317636214962,0.08364138023205121,-0.009726338842802976,0.427423,0.03332003659138605,0.03315361951318338,0.2864529241221599,66,0.6515151515151515,family
PM5_P4_family,P4,317149051,200,True,custom,1.0,0.5,0.0,-0.5,True,0.01,0.5,100,0,30,0.1,10000,0.0,0.005,0.9950000000000001,0.0,0.0,0.0,0.0,0.9960475000000001,0.007895,0.014658610343283914,0.0,0.014592670992341017,199.0,199.0,100.50251256281406,0.0,False,True,-2.4009603834381195e-05,472,n/a,n/a,n/a,n/a,n/a,n/a,n/a,n/a,1.0,1.0,198.59,n/a,donation,1.0,0.5,0.5,True,10,0.5,0.0,1.0,0.0,0.4,own,strip,0.06859955854800878,0.18403703939411437,0.09883428227805074,-0.0074852035181523675,0.4276555,0.029278239143422684,0.029102664566532918,0.3559278883099123,54,0.7222222222222222,family
PM5_P4_family,P4,126337246,200,True,custom,1.0,0.5,0.0,-0.5,True,0.01,0.5,100,0,30,0.1,10000,0.0,0.0075000000000000015,0.9925,0.0,0.0,0.0,0.0,0.992585,0.01479,0.01585017899921096,0.0,0.01585017899921096,199.0,199.0,100.50251256281403,0.0,True,True,-0.0038415366146387028,546,n/a,n/a,n/a,n/a,n/a,n/a,n/a,n/a,1.0,1.0,198.56,n/a,donation,1.0,0.5,0.5,True,10,0.5,0.0,1.0,0.0,0.4,own,strip,0.05107182436466733,0.13836253414862512,0.08033645348187606,-0.008919764820052443,0.4271565,0.03172900330440951,0.03168186424389908,0.30030583582562675,60,0.6166666666666667,family
PM5_P4_family,P4,433399445,200,True,custom,1.0,0.5,0.0,-0.5,True,0.01,0.5,100,0,30,0.1,10000,0.0,0.009,0.991,0.0,0.0,0.0,0.0,0.98902,0.02172,0.015255401391769532,0.0,0.015280245730425423,199.0,199.0,100.50251256281408,0.0,False,True,-0.003985594237687923,547,n/a,n/a,n/a,n/a,n/a,n/a,n/a,n/a,1.0,1.0,198.59,n/a,donation,1.0,0.5,0.5,True,10,0.5,0.0,1.0,0.0,0.4,own,strip,0.05063294762950621,0.13766710380944636,0.08761847333299237,-0.006524824982502247,0.426682,0.03053972279121219,0.030573346729040426,0.2968642607892359,66,0.6666666666666666,family
PM5_P4_family,P4,2121129191,200,True,custom,1.0,0.5,0.0,-0.5,True,0.01,0.5,100,0,30,0.1,10000,0.0,0.03200000000000001,0.968,0.0,0.0,0.0,0.0,0.9675900000000001,0.06302,0.017145648886637988,0.0,0.017182889721293525,199.0,199.0,100.502512562814,0.0,False,False,-0.05222088835534214,688,n/a,n/a,n/a,n/a,n/a,n/a,n/a,n/a,1.0,1.0,198.44,n/a,donation,1.0,0.5,0.5,True,10,0.5,0.0,1.0,0.0,0.4,inclusive,strip,0.03274196502295569,0.09066901249930388,0.09971085874287298,-0.00695928383624068,0.427,0.0342248243559719,0.034454624781849914,0.1335186107164543,72,0.5416666666666666,family
PM5_P4_family,P4,686818433,200,True,custom,1.0,0.5,0.0,-0.5,True,0.01,0.5,100,0,30,0.1,10000,0.0,0.006500000000000001,0.9934999999999998,0.0,0.0,0.0,0.0,0.9945700000000001,0.01083,0.01719881778559439,0.0,0.01729663197489202,199.0,199.0,100.50251256281412,0.0,False,True,0.01891956782713085,653,n/a,n/a,n/a,n/a,n/a,n/a,n/a,n/a,1.0,1.0,198.52,n/a,donation,1.0,0.5,0.5,True,10,0.5,0.0,1.0,0.0,0.4,inclusive,strip,0.039435842873485005,0.1045836150078369,0.09547670141732109,-0.0113674007103712,0.42706,0.03476853369549946,0.03446085104897546,0.12932460702810833,70,0.5428571428571428,family
PM5_P4_family,P4,744720527,200,True,custom,1.0,0.5,0.0,-0.5,True,0.01,0.5,100,0,30,0.1,10000,0.0,0.008,0.992,0.0,0.0,0.0,0.0,0.9931149999999999,0.01373,0.02305326009417465,0.0,0.02288007460708376,199.0,199.0,100.5025125628141,0.0,False,False,0.03901560624251131,753,n/a,n/a,n/a,n/a,n/a,n/a,n/a,n/a,1.0,1.0,198.51,n/a,donation,1.0,0.5,0.5,True,10,0.5,0.0,1.0,0.0,0.4,inclusive,strip,0.02989923550065626,0.08626094886581882,0.05999522224111867,-0.006483092605131208,0.4272245,0.04553343733798038,0.045926370803220457,0.21617389777939502,78,0.6025641025641025,family
PM5_P4_family,P4,381425458,200,True,custom,1.0,0.5,0.0,-0.5,True,0.01,0.5,100,0,30,0.1,10000,0.0,0.041,0.959,0.0,0.0,0.0,0.0,0.9556525,0.085385,0.027398846954710246,0.0,0.027347423462274447,199.0,199.0,100.50251256281412,0.0,False,True,0.007082833133246146,961,n/a,n/a,n/a,n/a,n/a,n/a,n/a,n/a,1.0,1.0,198.58,n/a,donation,1.0,0.5,0.5,True,10,0.5,0.0,1.0,0.0,0.4,inclusive,strip,0.020229088534042206,0.05851960186605234,0.055713817385215636,-0.010184165721679565,0.4280425,0.05475916526980382,0.05461376063780963,0.18413954465279306,84,0.5833333333333334,family
PM5_P4_family,P4,1620985466,200,True,custom,1.0,0.5,0.0,-0.5,True,0.01,0.5,100,0,30,0.1,10000,0.0,0.006999999999999999,0.993,0.0,0.0,0.0,0.0,0.9930450000000001,0.01374,0.026052102331800067,0.0,0.0260594203433267,199.0,199.0,100.502512562814,0.0,False,True,0.003937575030012005,856,n/a,n/a,n/a,n/a,n/a,n/a,n/a,n/a,1.0,1.0,198.54,n/a,donation,1.0,0.5,0.5,True,10,0.5,0.0,1.0,0.0,0.4,inclusive,strip,0.02777451319602096,0.07680783118315339,0.05427530551230679,6.553427848487721e-05,0.427241,0.05211578476784765,0.052104375487770596,0.2541838597169116,73,0.6712328767123288,family
PM5_P4_family,P4,798359651,200,True,custom,1.0,0.5,0.0,-0.5,True,0.01,0.5,100,0,30,0.1,10000,0.0,0.008000000000000002,0.992,0.0,0.0,0.0,0.0,0.9910375,0.017785,0.02324990738349937,0.0,0.02324990738349937,199.0,199.0,100.50251256281405,0.0,True,True,-0.001032412965178919,778,n/a,n/a,n/a,n/a,n/a,n/a,n/a,n/a,1.0,1.0,198.5,n/a,donation,1.0,0.5,0.5,True,10,0.5,0.0,1.0,0.0,0.4,inclusive,strip,0.029606165383041467,0.08556854635132295,0.0600751196433964,-0.006657901497930022,0.427423,0.04652182966288665,0.04647715503766306,0.24342522318793883,76,0.618421052631579,family
PM5_P4_family,P4,1669164794,200,True,custom,1.0,0.5,0.0,-0.5,True,0.01,0.5,100,0,30,0.1,10000,0.0,0.009,0.9910000000000002,0.0,0.0,0.0,0.0,0.9913825,0.016995,0.02375801552520239,0.0,0.02384900027431466,199.0,199.0,100.50251256281406,0.0,False,True,0.017406962785114045,864,n/a,n/a,n/a,n/a,n/a,n/a,n/a,n/a,1.0,1.0,198.57,n/a,donation,1.0,0.5,0.5,True,10,0.5,0.0,1.0,0.0,0.4,inclusive,strip,0.027102525275351026,0.07728146134196931,0.05857926252348169,0.002315902462980148,0.4278295,0.04757853303710941,0.04780131097286561,0.20024455244460462,76,0.5394736842105263,family
PM5_P4_family,P4,126337246,200,True,custom,1.0,0.5,0.0,-0.5,True,0.01,0.5,100,0,30,0.1,10000,0.0,0.0095,0.9905000000000002,0.0,0.0,0.0,0.0,0.9896475,0.020595,0.025172636278934176,0.0,0.025172636278934176,199.0,199.0,100.50251256281403,0.0,True,True,-0.0016326530612244899,842,n/a,n/a,n/a,n/a,n/a,n/a,n/a,n/a,1.0,1.0,198.56,n/a,donation,1.0,0.5,0.5,True,10,0.5,0.0,1.0,0.0,0.4,inclusive,strip,0.03563925901542626,0.09789807604212898,0.06479931468914035,-0.007289946130590984,0.4271565,0.05042180090903451,0.050272456613368224,0.2576906827081767,75,0.6,family
PM5_P4_family,P4,317149051,200,True,custom,1.0,0.5,0.0,-0.5,True,0.01,0.5,100,0,30,0.1,10000,0.0,0.005,0.9950000000000001,0.0,0.0,0.0,0.0,0.9950175,0.009945,0.021669041870867562,0.0,0.021460914106372995,199.0,199.0,100.50251256281406,0.0,False,True,0.009243697478998752,676,n/a,n/a,n/a,n/a,n/a,n/a,n/a,n/a,1.0,1.0,198.59,n/a,donation,1.0,0.5,0.5,True,10,0.5,0.0,1.0,0.0,0.4,inclusive,strip,0.042303728325569716,0.11601429340821888,0.0703490707188273,-0.011379789624105243,0.4276555,0.042960396861492486,0.042873217092153415,0.2950432985850827,65,0.6307692307692307,family
PM5_P4_family,P4,433399445,200,True,custom,1.0,0.5,0.0,-0.5,True,0.01,0.5,100,0,30,0.1,10000,0.0,0.0115,0.9884999999999999,0.0,0.0,0.0,0.0,0.9870149999999999,0.02543,0.02056267762092971,0.0,0.02069391165578831,199.0,199.0,100.50251256281408,0.0,False,True,0.009387755102040816,716,n/a,n/a,n/a,n/a,n/a,n/a,n/a,n/a,1.0,1.0,198.59,n/a,donation,1.0,0.5,0.5,True,10,0.5,0.0,1.0,0.0,0.4,inclusive,strip,0.03345687677220791,0.09221470149444985,0.06210206307606366,0.0011795645148792876,0.426682,0.041399684073853596,0.041376687981190194,0.2567108310475862,72,0.6388888888888888,family
PM5_P4_family,P4,2121129191,200,True,custom,1.0,0.7,0.0,-0.3,True,0.01,0.5,100,0,30,0.1,10000,0.0,0.021,0.9789999999999999,0.0,0.0,0.0,0.0,0.9764950000000001,0.04454,0.027225252103097872,0.0,0.02719520915094319,199.0,199.0,100.50251256281412,0.0,False,True,0.01020408163265306,717,n/a,n/a,n/a,n/a,n/a,n/a,n/a,n/a,1.0,1.0,197.67,n/a,donation,1.0,0.3,0.3,True,10,0.5,0.0,1.0,0.0,0.5,own,strip,0.04805813422199563,0.10273322998884411,0.08575693058404121,0.020396988629083197,0.522196,0.03882354518226873,0.038896179186444654,0.2196362188497562,78,0.5897435897435898,family
PM5_P4_family,P4,686818433,200,True,custom,1.0,0.7,0.0,-0.3,True,0.01,0.5,100,0,30,0.1,10000,0.0,0.006500000000000001,0.9935000000000003,0.0,0.0,0.0,0.0,0.9920275000000001,0.015905,0.027447391357293342,0.0,0.027447391357293342,199.0,199.0,100.50251256281398,0.0,True,False,0.0286194477791188,704,n/a,n/a,n/a,n/a,n/a,n/a,n/a,n/a,1.0,1.0,197.8,n/a,donation,1.0,0.3,0.3,True,10,0.5,0.0,1.0,0.0,0.5,own,strip,0.04286606436281405,0.09152498580094912,0.09524072419958213,-0.009984086400534909,0.522733,0.03921600511159617,0.03921442295402783,0.1852745025551807,83,0.6024096385542169,family
PM5_P4_family,P4,744720527,200,True,custom,1.0,0.7,0.0,-0.3,True,0.01,0.5,100,0,30,0.1,10000,0.0,0.0095,0.9905000000000002,0.0,0.0,0.0,0.0,0.99046,0.019,0.028612966800768556,0.0,0.02864560170024886,199.0,199.0,100.50251256281406,0.0,False,True,0.013997599039615847,688,n/a,n/a,n/a,n/a,n/a,n/a,n/a,n/a,1.0,1.0,197.93,n/a,donation,1.0,0.3,0.3,True,10,0.5,0.0,1.0,0.0,0.5,own,strip,0.04570932896547748,0.10111290969301001,0.08911586631112968,-0.009373239116841445,0.522672,0.040961157284109345,0.04088593168638756,0.253949782355551,72,0.625,family
PM5_P4_family,P4,381425458,200,True,custom,1.0,0.7,0.0,-0.3,True,0.01,0.5,100,0,30,0.1,10000,0.0,0.0115,0.9885000000000002,0.0,0.0,0.0,0.0,0.9899875,0.019875,0.03456953751884956,0.0,0.03444238753187336,199.0,199.0,100.50251256281406,0.0,False,True,-0.010108043217279759,788,n/a,n/a,n/a,n/a,n/a,n/a,n/a,n/a,1.0,1.0,197.97,n/a,donation,1.0,0.3,0.3,True,10,0.5,0.0,1.0,0.0,0.5,own,strip,0.044656756784534686,0.09352353908559115,0.08081723924812716,-0.0066615479720793635,0.5234405,0.04925965797449758,0.049149686450485196,0.27693487789211013,69,0.6086956521739131,family
PM5_P4_family,P4,1620985466,200,True,custom,1.0,0.7,0.0,-0.3,True,0.01,0.5,100,0,30,0.1,10000,0.0,0.0055,0.9945,0.0,0.0,0.0,0.0,0.9943575000000001,0.011255,0.04100847654443419,0.0,0.041021250741290836,199.0,199.0,100.50251256281406,0.0,False,True,0.0027611044417910216,878,n/a,n/a,n/a,n/a,n/a,n/a,n/a,n/a,1.0,1.0,197.7,n/a,donation,1.0,0.3,0.3,True,10,0.5,0.0,1.0,0.0,0.5,own,strip,0.030189414519190806,0.06520650506460662,0.0542539916288478,-0.005313142483051782,0.5228155,0.05847426099647007,0.0587482409843572,0.28929350449485763,73,0.6712328767123288,family
PM5_P4_family,P4,1669164794,200,True,custom,1.0,0.7,0.0,-0.3,True,0.01,0.5,100,0,30,0.1,10000,0.0,0.014500000000000002,0.9855,0.0,0.0,0.0,0.0,0.9877549999999999,0.02402,0.03517868909886587,0.0,0.03524520850746777,199.0,199.0,100.5025125628141,0.0,False,True,0.003841536614653014,856,n/a,n/a,n/a,n/a,n/a,n/a,n/a,n/a,1.0,1.0,197.65,n/a,donation,1.0,0.3,0.3,True,10,0.5,0.0,1.0,0.0,0.5,own,strip,0.05052974030297497,0.1044147816082976,0.10303907638685732,0.0010127534737785187,0.523099,0.05036618307433201,0.05032700707274675,0.256890897614788,74,0.581081081081081,family
PM5_P4_family,P4,798359651,200,True,custom,1.0,0.7,0.0,-0.3,True,0.01,0.5,100,0,30,0.1,10000,0.0,0.0075,0.9925,0.0,0.0,0.0,0.0,0.992955,0.01402,0.045637083895240724,0.0,0.04574577518471323,199.0,199.0,100.50251256281403,0.0,False,True,-0.009411764705875198,980,n/a,n/a,n/a,n/a,n/a,n/a,n/a,n/a,1.0,1.0,197.77,n/a,donation,1.0,0.3,0.3,True,10,0.5,0.0,1.0,0.0,0.5,own,strip,0.027823549241948957,0.06194732791148944,0.060106264885203105,-0.008111178412399266,0.522664,0.06549858034989975,0.06519883268808555,0.32620828493015186,80,0.6125,family
PM5_P4_family,P4,126337246,200,True,custom,1.0,0.7,0.0,-0.3,True,0.01,0.5,100,0,30,0.1,10000,0.0,0.0125,0.9875,0.0,0.0,0.0,0.0,0.9877500000000001,0.02423,0.03010771279997867,0.0,0.030003512165635047,199.0,199.0,100.50251256281403,0.0,False,True,0.0035774309723889557,685,n/a,n/a,n/a,n/a,n/a,n/a,n/a,n/a,1.0,1.0,197.75,n/a,donation,1.0,0.3,0.3,True,10,0.5,0.0,1.0,0.0,0.5,own,strip,0.049877189535228905,0.10374989270687339,0.08544705888148775,-0.007483810534540536,0.5227435,0.042905841966471125,0.04280716972948509,0.30024533942636744,64,0.671875,family
PM5_P4_family,P4,317149051,200,True,custom,1.0,0.7,0.0,-0.3,True,0.01,0.5,100,0,30,0.1,10000,0.0,0.013000000000000001,0.9870000000000001,0.0,0.0,0.0,0.0,0.9879849999999998,0.02377,0.03794457007245797,0.0,0.03790919653340846,199.0,199.0,100.50251256281403,0.0,False,False,0.030156062424977145,873,n/a,n/a,n/a,n/a,n/a,n/a,n/a,n/a,1.0,1.0,197.79,n/a,donation,1.0,0.3,0.3,True,10,0.5,0.0,1.0,0.0,0.5,own,strip,0.04034396637165164,0.08417710090062458,0.07844375777898825,-0.005377245605984368,0.522719,0.05414476994331562,0.05416201357271712,0.2724585958354481,80,0.575,family
PM5_P4_family,P4,433399445,200,True,custom,1.0,0.7,0.0,-0.3,True,0.01,0.5,100,0,30,0.1,10000,0.0,0.0075000000000000015,0.9925,0.0,0.0,0.0,0.0,0.99189,0.01588,0.039700962519876266,0.0,0.03971928496814209,199.0,199.0,100.5025125628141,0.0,False,False,0.06969987995198795,899,n/a,n/a,n/a,n/a,n/a,n/a,n/a,n/a,1.0,1.0,197.88,n/a,donation,1.0,0.3,0.3,True,10,0.5,0.0,1.0,0.0,0.5,own,strip,0.035340241021733464,0.07365131527022088,0.08575570242786576,0.0034077117729587048,0.5222335,0.05690414345307224,0.05659302190505194,0.2557857268765378,76,0.5526315789473685,family
PM5_P4_family,P4,2121129191,200,True,custom,1.0,0.7,0.0,-0.3,True,0.01,0.5,100,0,30,0.1,10000,0.0,0.08349999999999999,0.9165000000000001,0.0,0.0,0.0,0.0,0.9183899999999999,0.14814,0.08585927240026824,0.0,0.08569320298121148,199.0,199.0,100.50251256281412,0.0,False,True,-0.011188475390163218,2105,n/a,n/a,n/a,n/a,n/a,n/a,n/a,n/a,1.0,1.0,197.67,n/a,donation,1.0,0.3,0.3,True,10,0.5,0.0,1.0,0.0,0.5,inclusive,strip,0.011063357197634733,0.028745099641747193,0.056875625115748125,0.008096955971486821,0.522196,0.12233385548721169,0.12251990355878142,0.09335068691565375,93,0.6021505376344086,family
PM5_P4_family,P4,686818433,200,True,custom,1.0,0.7,0.0,-0.3,True,0.01,0.5,100,0,30,0.1,10000,0.0,0.06300000000000001,0.937,0.0,0.0,0.0,0.0,0.9288325000000001,0.130655,0.11539484396654548,0.0,0.11538336406970194,199.0,199.0,100.50251256281398,0.0,False,False,0.1278991596638727,2668,n/a,n/a,n/a,n/a,n/a,n/a,n/a,n/a,1.0,1.0,197.8,n/a,donation,1.0,0.3,0.3,True,10,0.5,0.0,1.0,0.0,0.5,inclusive,strip,0.007360747165812582,0.020351455891763473,0.058974796409076755,-0.0023070908690003347,0.522733,0.16496614906654067,0.16470602409133672,0.0704559990340868,95,0.5789473684210527,family
PM5_P4_family,P4,744720527,200,True,custom,1.0,0.7,0.0,-0.3,True,0.01,0.5,100,0,30,0.1,10000,0.0,0.048499999999999995,0.9515,0.0,0.0,0.0,0.0,0.9526475,0.090615,0.11863005584625305,0.0,0.11833608420848024,199.0,199.0,100.50251256281406,0.0,False,False,0.16998799519808638,2534,n/a,n/a,n/a,n/a,n/a,n/a,n/a,n/a,1.0,1.0,197.93,n/a,donation,1.0,0.3,0.3,True,10,0.5,0.0,1.0,0.0,0.5,inclusive,strip,0.008552367674390798,0.021540931899934796,0.06612723378980626,-0.009499183725661064,0.522672,0.16892716655952492,0.16918607330808166,0.1159218568512862,92,0.6086956521739131,family
PM5_P4_family,P4,381425458,200,True,custom,1.0,0.7,0.0,-0.3,True,0.01,0.5,100,0,30,0.1,10000,0.0,0.2495,0.7505,0.0,0.0,0.0,0.0,0.7528750000000001,0.36812,0.23305476831789762,0.0,0.23296478261732526,199.0,199.0,100.50251256281406,0.0,False,False,-0.11798319327730736,4131,n/a,n/a,n/a,n/a,n/a,n/a,n/a,n/a,1.0,1.0,197.97,n/a,donation,1.0,0.3,0.3,True,10,0.5,0.0,1.0,0.0,0.5,inclusive,strip,0.0024488038579868663,0.01098669049288678,0.06593370403378301,0.008997973735748852,0.5234405,0.3332288961209536,0.33232628874253894,0.07499419640727671,94,0.5531914893617021,family
PM5_P4_family,P4,1620985466,200,True,custom,1.0,0.7,0.0,-0.3,True,0.01,0.5,100,0,30,0.1,10000,0.0,0.027000000000000003,0.9730000000000001,0.0,0.0,0.0,0.0,0.97423,0.05061,0.15538183418637339,0.0,0.15582646962900498,199.0,199.0,100.50251256281406,0.0,False,False,0.27354141656662667,2599,n/a,n/a,n/a,n/a,n/a,n/a,n/a,n/a,1.0,1.0,197.7,n/a,donation,1.0,0.3,0.3,True,10,0.5,0.0,1.0,0.0,0.5,inclusive,strip,0.005069768090992222,0.012758486827077324,0.06122508983085079,-0.011439493587574035,0.5228155,0.22263064121090517,0.22258528933777186,0.2661202346164609,83,0.6144578313253012,family
PM5_P4_family,P4,1669164794,200,True,custom,1.0,0.7,0.0,-0.3,True,0.01,0.5,100,0,30,0.1,10000,0.0,0.122,0.8780000000000001,0.0,0.0,0.0,0.0,0.8804950000000001,0.20927,0.1663130347559616,0.0,0.16627078308972953,199.0,199.0,100.5025125628141,0.0,False,False,0.14204081632653417,3385,n/a,n/a,n/a,n/a,n/a,n/a,n/a,n/a,1.0,1.0,197.65,n/a,donation,1.0,0.3,0.3,True,10,0.5,0.0,1.0,0.0,0.5,inclusive,strip,0.008990264921148945,0.022092798845835575,0.07219120171869092,0.0036256383273216984,0.523099,0.2372466779710915,0.23781350846402083,0.08390088514842399,96,0.53125,family
PM5_P4_family,P4,798359651,200,True,custom,1.0,0.7,0.0,-0.3,True,0.01,0.5,100,0,30,0.1,10000,0.0,0.1995,0.8004999999999999,0.0,0.0,0.0,0.0,0.7869875,0.337945,0.19221995676632425,0.0,0.19185906940633274,199.0,199.0,100.50251256281403,0.0,False,False,-0.47226890756303236,3304,n/a,n/a,n/a,n/a,n/a,n/a,n/a,n/a,1.0,1.0,197.77,n/a,donation,1.0,0.3,0.3,True,10,0.5,0.0,1.0,0.0,0.5,inclusive,strip,0.006210422740202981,0.016738800370826083,0.060620966187455286,-0.016809237051110697,0.522664,0.27381836131817,0.2743528667437612,0.200154672842364,91,0.6153846153846154,family
PM5_P4_family,P4,126337246,200,True,custom,1.0,0.7,0.0,-0.3,True,0.01,0.5,100,0,30,0.1,10000,0.0,0.033,0.967,0.0,0.0,0.0,0.0,0.9707275,0.056825,0.12026469137112743,0.0,0.11946082177027445,199.0,199.0,100.50251256281403,0.0,False,False,0.15663865546217057,2397,n/a,n/a,n/a,n/a,n/a,n/a,n/a,n/a,1.0,1.0,197.75,n/a,donation,1.0,0.3,0.3,True,10,0.5,0.0,1.0,0.0,0.5,inclusive,strip,0.008836614931431484,0.02266356895124836,0.05605644581530852,-0.005979561544671126,0.5227435,0.17085673949078276,0.1704424140896981,0.17610903851592657,89,0.5617977528089888,family
PM5_P4_family,P4,317149051,200,True,custom,1.0,0.7,0.0,-0.3,True,0.01,0.5,100,0,30,0.1,10000,0.0,0.213,0.787,0.0,0.0,0.0,0.0,0.7841925,0.337185,0.2180970222103409,0.0,0.2190997833260296,199.0,199.0,100.50251256281403,0.0,False,False,0.19939975990396158,4312,n/a,n/a,n/a,n/a,n/a,n/a,n/a,n/a,1.0,1.0,197.79,n/a,donation,1.0,0.3,0.3,True,10,0.5,0.0,1.0,0.0,0.5,inclusive,strip,0.0024402736641256123,0.011190927764225868,0.061088323022995106,0.0009673111751044845,0.522719,0.3132596098477385,0.31268110400372107,0.04587995156708539,94,0.5106382978723404,family
PM5_P4_family,P4,433399445,200,True,custom,1.0,0.7,0.0,-0.3,True,0.01,0.5,100,0,30,0.1,10000,0.0,0.2955,0.7045,0.0,0.0,0.0,0.0,0.6873525,0.423285,0.255407481120895,0.0,0.25515523928068107,199.0,199.0,100.5025125628141,0.0,False,False,-0.28897959183672756,4475,n/a,n/a,n/a,n/a,n/a,n/a,n/a,n/a,1.0,1.0,197.88,n/a,donation,1.0,0.3,0.3,True,10,0.5,0.0,1.0,0.0,0.5,inclusive,strip,0.0022924341670336433,0.009252655489644265,0.06928426743862805,0.0028727096835028144,0.5222335,0.3651446144301352,0.36387231000917813,0.057196091545210506,96,0.53125,family
PM5_P4_family,P4,2121129191,200,True,custom,1.0,0.5,0.0,-0.5,True,0.01,0.5,100,0,30,0.1,10000,0.0,0.015500000000000003,0.9844999999999999,0.0,0.0,0.0,0.0,0.9819600000000002,0.03429,0.013317760075415347,0.0,0.013247425395505757,199.0,199.0,100.50251256281412,0.0,False,True,-0.0006242496998727966,533,n/a,n/a,n/a,n/a,n/a,n/a,n/a,n/a,1.0,1.0,197.67,n/a,donation,1.0,0.5,0.5,True,10,0.5,0.0,1.0,0.0,0.5,own,strip,0.07158598226623597,0.15069689316394935,0.12582633840757104,0.01921781061556425,0.522196,0.02652165087438433,0.026479476940335367,0.23516920818361703,62,0.6129032258064516,family
PM5_P4_family,P4,686818433,200,True,custom,1.0,0.5,0.0,-0.5,True,0.01,0.5,100,0,30,0.1,10000,0.0,0.0045,0.9955,0.0,0.0,0.0,0.0,0.9945075000000001,0.010985,0.012251330846345108,0.0,0.012251330846345108,199.0,199.0,100.50251256281398,0.0,True,True,0.010684273709483794,506,n/a,n/a,n/a,n/a,n/a,n/a,n/a,n/a,1.0,1.0,197.8,n/a,donation,1.0,0.5,0.5,True,10,0.5,0.0,1.0,0.0,0.5,own,strip,0.06674539434609143,0.13933577120991883,0.14629893921450557,-0.007722065942612017,0.522733,0.02457564377990293,0.024433388438756504,0.19583580760630875,75,0.6,family
PM5_P4_family,P4,744720527,200,True,custom,1.0,0.5,0.0,-0.5,True,0.01,0.5,100,0,30,0.1,10000,0.0,0.005,0.9950000000000001,0.0,0.0,0.0,0.0,0.9950474999999999,0.009855,0.014373017169141708,0.0,0.014390039552406997,199.0,199.0,100.50251256281406,0.0,False,True,0.006890756302528164,530,n/a,n/a,n/a,n/a,n/a,n/a,n/a,n/a,1.0,1.0,197.93,n/a,donation,1.0,0.5,0.5,True,10,0.5,0.0,1.0,0.0,0.5,own,strip,0.06475096318172001,0.13597126333690543,0.11517707058707861,-0.004927522661568134,0.522672,0.028753214252915788,0.028822947742432877,0.2654832456046,66,0.6363636363636364,family
PM5_P4_family,P4,381425458,200,True,custom,1.0,0.5,0.0,-0.5,True,0.01,0.5,100,0,30,0.1,10000,0.0,0.0085,0.9914999999999999,0.0,0.0,0.0,0.0,0.9919825,0.015945,0.018003003502243597,0.0,0.017988727641575143,199.0,199.0,100.50251256281406,0.0,False,True,0.0008163265306122449,605,n/a,n/a,n/a,n/a,n/a,n/a,n/a,n/a,1.0,1.0,197.97,n/a,donation,1.0,0.5,0.5,True,10,0.5,0.0,1.0,0.0,0.5,own,strip,0.05868213141231102,0.12500344189173784,0.09711849515358717,-0.005742770721200591,0.5234405,0.0360055249832598,0.03595406239934363,0.28159096220896745,65,0.6,family
PM5_P4_family,P4,1620985466,200,True,custom,1.0,0.5,0.0,-0.5,True,0.01,0.5,100,0,30,0.1,10000,0.0,0.005,0.9950000000000001,0.0,0.0,0.0,0.0,0.9948499999999999,0.01028,0.016889619050616228,0.0,0.01681440702236214,199.0,199.0,100.50251256281406,0.0,False,True,-0.0016566626650517157,554,n/a,n/a,n/a,n/a,n/a,n/a,n/a,n/a,1.0,1.0,197.7,n/a,donation,1.0,0.5,0.5,True,10,0.5,0.0,1.0,0.0,0.5,own,strip,0.05568039272148326,0.11817638363062832,0.08878988419405998,-0.005251043235206865,0.5228155,0.03341188239445846,0.03387578599053406,0.3211582977384997,64,0.6875,family
PM5_P4_family,P4,1669164794,200,True,custom,1.0,0.5,0.0,-0.5,True,0.01,0.5,100,0,30,0.1,10000,0.0,0.012,0.9880000000000001,0.0,0.0,0.0,0.0,0.9892724999999999,0.021035,0.016570618778713096,0.0,0.01675743404969155,199.0,199.0,100.5025125628141,0.0,False,True,-0.000648259303728644,592,n/a,n/a,n/a,n/a,n/a,n/a,n/a,n/a,1.0,1.0,197.65,n/a,donation,1.0,0.5,0.5,True,10,0.5,0.0,1.0,0.0,0.5,own,strip,0.07345489827206203,0.1474744131754454,0.1278434252678015,0.003783037419461338,0.523099,0.03352520268629839,0.03350066365975328,0.2998994059018811,68,0.5882352941176471,family
PM5_P4_family,P4,798359651,200,True,custom,1.0,0.5,0.0,-0.5,True,0.01,0.5,100,0,30,0.1,10000,0.0,0.0075,0.9925,0.0,0.0,0.0,0.0,0.992955,0.01402,0.019161557454113808,0.0,0.019169897897215574,199.0,199.0,100.50251256281403,0.0,False,True,-0.0012965186074429772,572,n/a,n/a,n/a,n/a,n/a,n/a,n/a,n/a,1.0,1.0,197.77,n/a,donation,1.0,0.5,0.5,True,10,0.5,0.0,1.0,0.0,0.5,own,strip,0.059436805698870145,0.12519602886653947,0.08789695132709889,-0.008111178412399266,0.522664,0.03841569344741555,0.03824873883386126,0.38709692379758226,60,0.6666666666666666,family
PM5_P4_family,P4,126337246,200,True,custom,1.0,0.5,0.0,-0.5,True,0.01,0.5,100,0,30,0.1,10000,0.0,0.008,0.992,0.0,0.0,0.0,0.0,0.9917449999999999,0.01646,0.014368507075086221,0.0,0.014368507075086221,199.0,199.0,100.50251256281403,0.0,True,True,0.007178871548626603,494,n/a,n/a,n/a,n/a,n/a,n/a,n/a,n/a,1.0,1.0,197.75,n/a,donation,1.0,0.5,0.5,True,10,0.5,0.0,1.0,0.0,0.5,own,strip,0.08940468379306482,0.18286985018919055,0.1342796129779332,-0.010004164886554779,0.5227435,0.02877175899843805,0.028683213324491127,0.3313352010921908,57,0.6842105263157895,family
PM5_P4_family,P4,317149051,200,True,custom,1.0,0.5,0.0,-0.5,True,0.01,0.5,100,0,30,0.1,10000,0.0,0.0075,0.9925,0.0,0.0,0.0,0.0,0.9934925,0.012975,0.016298480532479235,0.0,0.01622526355682574,199.0,199.0,100.50251256281403,0.0,False,False,0.020816326530612245,560,n/a,n/a,n/a,n/a,n/a,n/a,n/a,n/a,1.0,1.0,197.79,n/a,donation,1.0,0.5,0.5,True,10,0.5,0.0,1.0,0.0,0.5,own,strip,0.06861843608295437,0.14189228841508614,0.1279837926196831,-0.007447551169188014,0.522719,0.0323897734729367,0.032495008181762944,0.302066178494989,71,0.5774647887323944,family
PM5_P4_family,P4,433399445,200,True,custom,1.0,0.5,0.0,-0.5,True,0.01,0.5,100,0,30,0.1,10000,0.0,0.0075000000000000015,0.9925,0.0,0.0,0.0,0.0,0.99238,0.01491,0.01778237808384569,0.0,0.017772132257864885,199.0,199.0,100.5025125628141,0.0,False,False,0.02617046818728922,589,n/a,n/a,n/a,n/a,n/a,n/a,n/a,n/a,1.0,1.0,197.88,n/a,donation,1.0,0.5,0.5,True,10,0.5,0.0,1.0,0.0,0.5,own,strip,0.06503014632967814,0.13401980976430333,0.11886954097178588,0.003938185245518715,0.5222335,0.03570625017353349,0.03538862603384708,0.32290042651597267,67,0.6119402985074627,family
PM5_P4_family,P4,2121129191,200,True,custom,1.0,0.5,0.0,-0.5,True,0.01,0.5,100,0,30,0.1,10000,0.0,0.025,0.975,0.0,0.0,0.0,0.0,0.9734924999999999,0.050455,0.01999183149334143,0.0,0.019825414021211615,199.0,199.0,100.50251256281412,0.0,False,True,-7.202881153176526e-05,751,n/a,n/a,n/a,n/a,n/a,n/a,n/a,n/a,1.0,1.0,197.67,n/a,donation,1.0,0.5,0.5,True,10,0.5,0.0,1.0,0.0,0.5,inclusive,strip,0.04449989222455249,0.09497308022994924,0.08534535003325311,0.01594685619582876,0.522196,0.03962927712966013,0.039694100509832485,0.19010436024944935,79,0.569620253164557,family
PM5_P4_family,P4,686818433,200,True,custom,1.0,0.5,0.0,-0.5,True,0.01,0.5,100,0,30,0.1,10000,0.0,0.007000000000000001,0.993,0.0,0.0,0.0,0.0,0.99154,0.01688,0.021554603288289138,0.0,0.021554603288289138,199.0,199.0,100.50251256281398,0.0,True,False,0.02372148859544533,820,n/a,n/a,n/a,n/a,n/a,n/a,n/a,n/a,1.0,1.0,197.8,n/a,donation,1.0,0.5,0.5,True,10,0.5,0.0,1.0,0.0,0.5,inclusive,strip,0.03474432108952649,0.07566718099820945,0.09320022992837346,-0.010331220301600328,0.522733,0.04305878909500644,0.043181803895932465,0.13609068100327132,84,0.5476190476190477,family
PM5_P4_family,P4,744720527,200,True,custom,1.0,0.5,0.0,-0.5,True,0.01,0.5,100,0,30,0.1,10000,0.0,0.009999999999999998,0.99,0.0,0.0,0.0,0.0,0.98996,0.01999,0.02096552626627762,0.0,0.020904028832769893,199.0,199.0,100.50251256281406,0.0,False,True,0.013637454981992796,730,n/a,n/a,n/a,n/a,n/a,n/a,n/a,n/a,1.0,1.0,197.93,n/a,donation,1.0,0.5,0.5,True,10,0.5,0.0,1.0,0.0,0.5,inclusive,strip,0.040930886692189444,0.08952539345326613,0.08434303626825723,-0.009174845713686973,0.522672,0.04171114963112621,0.04192662068849931,0.2182443721426203,76,0.618421052631579,family
PM5_P4_family,P4,381425458,200,True,custom,1.0,0.5,0.0,-0.5,True,0.01,0.5,100,0,30,0.1,10000,0.0,0.0205,0.9795000000000001,0.0,0.0,0.0,0.0,0.9818999999999999,0.03557,0.03212453279665026,0.0,0.03187188274825092,199.0,199.0,100.50251256281406,0.0,False,True,-0.011236494597839135,1040,n/a,n/a,n/a,n/a,n/a,n/a,n/a,n/a,1.0,1.0,197.97,n/a,donation,1.0,0.5,0.5,True,10,0.5,0.0,1.0,0.0,0.5,inclusive,strip,0.03285167512522405,0.06949745072654417,0.07250227088330888,-0.005346368109226122,0.5234405,0.0639824392648257,0.06349469478627538,0.23760936150161,79,0.569620253164557,family
PM5_P4_family,P4,1620985466,200,True,custom,1.0,0.5,0.0,-0.5,True,0.01,0.5,100,0,30,0.1,10000,0.0,0.009,0.991,0.0,0.0,0.0,0.0,0.9903299999999999,0.01926,0.03232143819614982,0.0,0.0324313148744972,199.0,199.0,100.50251256281406,0.0,False,True,-0.004969987995183768,1001,n/a,n/a,n/a,n/a,n/a,n/a,n/a,n/a,1.0,1.0,197.7,n/a,donation,1.0,0.5,0.5,True,10,0.5,0.0,1.0,0.0,0.5,inclusive,strip,0.02770605786767485,0.05995915426900439,0.05605094870888302,-0.007873422401399719,0.5228155,0.064733161124718,0.06503302181860475,0.26384998726131165,83,0.6144578313253012,family
PM5_P4_family,P4,1669164794,200,True,custom,1.0,0.5,0.0,-0.5,True,0.01,0.5,100,0,30,0.1,10000,0.0,0.019,0.9810000000000001,0.0,0.0,0.0,0.0,0.9843175000000001,0.030675,0.029100406899410184,0.0,0.02920776039718325,199.0,199.0,100.5025125628141,0.0,False,True,-0.00595438175270108,981,n/a,n/a,n/a,n/a,n/a,n/a,n/a,n/a,1.0,1.0,197.65,n/a,donation,1.0,0.5,0.5,True,10,0.5,0.0,1.0,0.0,0.5,inclusive,strip,0.03963050816967357,0.08268221175045228,0.09432329291167513,-0.002255913059731492,0.523099,0.05837279367767861,0.05844818945651194,0.22939213780972023,78,0.5641025641025641,family
PM5_P4_family,P4,798359651,200,True,custom,1.0,0.5,0.0,-0.5,True,0.01,0.5,100,0,30,0.1,10000,0.0,0.0075,0.9925,0.0,0.0,0.0,0.0,0.992955,0.01402,0.04013222912038651,0.0,0.04021231380069849,199.0,199.0,100.50251256281403,0.0,False,True,-0.017575030011997648,1178,n/a,n/a,n/a,n/a,n/a,n/a,n/a,n/a,1.0,1.0,197.77,n/a,donation,1.0,0.5,0.5,True,10,0.5,0.0,1.0,0.0,0.5,inclusive,strip,0.0262535223728554,0.0556279988798881,0.06162017620156406,-0.008111178412399266,0.522664,0.08044891172914148,0.0804391455913654,0.2905415569274137,81,0.6172839506172839,family
PM5_P4_family,P4,126337246,200,True,custom,1.0,0.5,0.0,-0.5,True,0.01,0.5,100,0,30,0.1,10000,0.0,0.013000000000000001,0.9869999999999999,0.0,0.0,0.0,0.0,0.9872599999999998,0.02519,0.02284373312670779,0.0,0.02266981222286482,199.0,199.0,100.50251256281403,0.0,False,True,-0.0076110444177671065,751,n/a,n/a,n/a,n/a,n/a,n/a,n/a,n/a,1.0,1.0,197.75,n/a,donation,1.0,0.5,0.5,True,10,0.5,0.0,1.0,0.0,0.5,inclusive,strip,0.05460233930044201,0.11361997797512462,0.10244104520839308,-0.007798445591921505,0.5227435,0.04539319953284929,0.045267062889662056,0.2562257922465943,72,0.6388888888888888,family
PM5_P4_family,P4,317149051,200,True,custom,1.0,0.5,0.0,-0.5,True,0.01,0.5,100,0,30,0.1,10000,0.0,0.013000000000000001,0.9870000000000001,0.0,0.0,0.0,0.0,0.9874974999999999,0.024745,0.025377647717736793,0.0,0.02525410453600516,199.0,199.0,100.50251256281403,0.0,False,False,0.03339735894358459,835,n/a,n/a,n/a,n/a,n/a,n/a,n/a,n/a,1.0,1.0,197.79,n/a,donation,1.0,0.5,0.5,True,10,0.5,0.0,1.0,0.0,0.5,inclusive,strip,0.04081820704427397,0.08525982942545396,0.08955195557268421,-0.005750820803883584,0.522719,0.05049797309835686,0.05050850547161945,0.23432478832850642,87,0.5517241379310345,family
PM5_P4_family,P4,433399445,200,True,custom,1.0,0.5,0.0,-0.5,True,0.01,0.5,100,0,30,0.1,10000,0.0,0.008,0.992,0.0,0.0,0.0,0.0,0.9913575,0.016935,0.030509414590751193,0.0,0.03056852565289731,199.0,199.0,100.5025125628141,0.0,False,False,0.09334933973589436,993,n/a,n/a,n/a,n/a,n/a,n/a,n/a,n/a,1.0,1.0,197.88,n/a,donation,1.0,0.5,0.5,True,10,0.5,0.0,1.0,0.0,0.5,inclusive,strip,0.029518893693331123,0.060622439571484776,0.0828949489945438,0.002790691868131273,0.5222335,0.0613269734706793,0.061006788881179407,0.2188291935215348,78,0.5769230769230769,family
PM5_P4_family,P4,2121129191,200,True,custom,1.0,0.7,0.0,-0.3,True,0.01,0.5,100,0,30,0.1,10000,0.0,0.024,0.976,0.0,0.0,0.0,0.0,0.9774525000000001,0.044215,0.030299677647976034,0.0,0.0301167561407751,199.0,199.0,100.50251256281408,0.0,False,True,-0.010756302521008404,785,n/a,n/a,n/a,n/a,n/a,n/a,n/a,n/a,1.0,1.0,195.45,n/a,donation,1.0,0.3,0.3,True,10,0.5,0.0,1.0,0.0,0.6,own,strip,0.05124053781472423,0.08929405766685494,0.10688866067746214,-0.007431625327645619,0.6179525,0.04293088870099239,0.04320339748329723,0.19939030699939772,78,0.5769230769230769,family
PM5_P4_family,P4,686818433,200,True,custom,1.0,0.7,0.0,-0.3,True,0.01,0.5,100,0,30,0.1,10000,0.0,0.0125,0.9874999999999998,0.0,0.0,0.0,0.0,0.9866399999999999,0.02647,0.03014941460763628,0.0,0.030102988057079887,199.0,199.0,100.50251256281408,0.0,False,True,0.003937575030012005,753,n/a,n/a,n/a,n/a,n/a,n/a,n/a,n/a,1.0,1.0,195.51,n/a,donation,1.0,0.3,0.3,True,10,0.5,0.0,1.0,0.0,0.6,own,strip,0.05643971340154648,0.09821344737715265,0.09612202697517731,-0.009942429179957175,0.6180495,0.042960151250021235,0.04308280785075553,0.25589319236213054,67,0.6716417910447762,family
PM5_P4_family,P4,744720527,200,True,custom,1.0,0.7,0.0,-0.3,True,0.01,0.5,100,0,30,0.1,10000,0.0,0.015,0.985,0.0,0.0,0.0,0.0,0.9849650000000001,0.02948,0.043330477451286764,0.0,0.043500040295124144,199.0,199.0,100.5025125628141,0.0,False,True,0.014165666266506602,973,n/a,n/a,n/a,n/a,n/a,n/a,n/a,n/a,1.0,1.0,195.39,n/a,donation,1.0,0.3,0.3,True,10,0.5,0.0,1.0,0.0,0.6,own,strip,0.03943760648099889,0.07065059692910157,0.08939558732238191,-0.0001720190698673332,0.618341,0.06213400049487257,0.062155615352972156,0.2472751318369886,91,0.5164835164835165,family
PM5_P4_family,P4,381425458,200,True,custom,1.0,0.7,0.0,-0.3,True,0.01,0.5,100,0,30,0.1,10000,0.0,0.0235,0.9765,0.0,0.0,0.0,0.0,0.9759324999999999,0.047255,0.039001483456968196,0.0,0.0389333210645277,199.0,199.0,100.50251256281408,0.0,False,True,-0.01601440576229061,833,n/a,n/a,n/a,n/a,n/a,n/a,n/a,n/a,1.0,1.0,195.5,n/a,donation,1.0,0.3,0.3,True,10,0.5,0.0,1.0,0.0,0.6,own,strip,0.05398580891148562,0.09313333581622245,0.09902214573879488,-0.008062524280770094,0.618357,0.05559652433788249,0.055663931999276814,0.3266834760827917,73,0.6438356164383562,family
PM5_P4_family,P4,1620985466,200,True,custom,1.0,0.7,0.0,-0.3,True,0.01,0.5,100,0,30,0.1,10000,0.0,0.010000000000000002,0.9899999999999999,0.0,0.0,0.0,0.0,0.9896974999999999,0.020555,0.0457711846115759,0.0,0.0458297410806872,199.0,199.0,100.50251256281408,0.0,False,True,0.01500600240096754,971,n/a,n/a,n/a,n/a,n/a,n/a,n/a,n/a,1.0,1.0,195.5,n/a,donation,1.0,0.3,0.3,True,10,0.5,0.0,1.0,0.0,0.6,own,strip,0.03882506958829959,0.06831361114934485,0.07987051218674322,-0.01207658352241709,0.618235,0.06529070660832854,0.06576493392532055,0.3353744037456188,75,0.6,family
PM5_P4_family,P4,1669164794,200,True,custom,1.0,0.7,0.0,-0.3,True,0.01,0.5,100,0,30,0.1,10000,0.0,0.013000000000000001,0.9869999999999999,0.0,0.0,0.0,0.0,0.9858925,0.027805,0.043870462967910306,0.0,0.0438114508980694,199.0,199.0,100.50251256281403,0.0,False,True,-0.005618247298905257,943,n/a,n/a,n/a,n/a,n/a,n/a,n/a,n/a,1.0,1.0,195.73,n/a,donation,1.0,0.3,0.3,True,10,0.5,0.0,1.0,0.0,0.6,own,strip,0.04628274118228934,0.08097386385565182,0.0925246388781992,-0.005667977089776723,0.6185695,0.06273587689014735,0.062346220346825965,0.30418970402788276,73,0.6164383561643836,family
PM5_P4_family,P4,798359651,200,True,custom,1.0,0.7,0.0,-0.3,True,0.01,0.5,100,0,30,0.1,10000,0.0,0.029500000000000005,0.9705,0.0,0.0,0.0,0.0,0.9694825,0.059005,0.03989759935763103,0.0,0.0398852242177699,199.0,199.0,100.50251256281412,0.0,False,False,-0.02957983193277311,875,n/a,n/a,n/a,n/a,n/a,n/a,n/a,n/a,1.0,1.0,195.89,n/a,donation,1.0,0.3,0.3,True,10,0.5,0.0,1.0,0.0,0.6,own,strip,0.045850332651918436,0.07916642011324296,0.09046112188666519,-0.004398746906812413,0.6178055,0.05699609343069947,0.056955947822378394,0.3110174471685938,78,0.5897435897435898,family
PM5_P4_family,P4,126337246,200,True,custom,1.0,0.7,0.0,-0.3,True,0.01,0.5,100,0,30,0.1,10000,0.0,0.018499999999999996,0.9814999999999999,0.0,0.0,0.0,0.0,0.9815724999999998,0.036275,0.03878189628369614,0.0,0.038819909377746535,199.0,199.0,100.5025125628141,0.0,False,True,-0.012677070828317021,857,n/a,n/a,n/a,n/a,n/a,n/a,n/a,n/a,1.0,1.0,195.76,n/a,donation,1.0,0.3,0.3,True,10,0.5,0.0,1.0,0.0,0.6,own,strip,0.04697074562628445,0.08080699991038465,0.08880879510791657,-0.004887823544662294,0.6180465,0.05559614041985514,0.05526588969599702,0.31406016562977684,67,0.6567164179104478,family
PM5_P4_family,P4,317149051,200,True,custom,1.0,0.7,0.0,-0.3,True,0.01,0.5,100,0,30,0.1,10000,0.0,0.006999999999999999,0.993,0.0,0.0,0.0,0.0,0.9916525,0.016625,0.04564325556900344,0.0,0.04564325556900344,199.0,199.0,100.50251256281408,0.0,True,True,0.016686674669889413,996,n/a,n/a,n/a,n/a,n/a,n/a,n/a,n/a,1.0,1.0,195.63,n/a,donation,1.0,0.3,0.3,True,10,0.5,0.0,1.0,0.0,0.6,own,strip,0.043124228200980406,0.07573869711320609,0.09053565187657373,-0.009004699329382852,0.618403,0.06521192490980801,0.06519443287027937,0.2908572599223974,85,0.6235294117647059,family
PM5_P4_family,P4,433399445,200,True,custom,1.0,0.7,0.0,-0.3,True,0.01,0.5,100,0,30,0.1,10000,0.0,0.0415,0.9585000000000001,0.0,0.0,0.0,0.0,0.9568725,0.082955,0.04787588181464493,0.0,0.04792973141063295,199.0,199.0,100.50251256281412,0.0,False,False,-0.04777911164465786,1032,n/a,n/a,n/a,n/a,n/a,n/a,n/a,n/a,1.0,1.0,195.42,n/a,donation,1.0,0.3,0.3,True,10,0.5,0.0,1.0,0.0,0.6,own,strip,0.04541014158936471,0.0770984922039877,0.09641195571787867,-0.008614736158268509,0.6175555,0.06860031203673192,0.06826742180891607,0.3360058580414839,87,0.5287356321839081,family
PM5_P4_family,P4,2121129191,200,True,custom,1.0,0.7,0.0,-0.3,True,0.01,0.5,100,0,30,0.1,10000,0.0,0.659,0.341,0.0,0.0,0.0,0.0,0.34095250000000005,0.452595,0.40191256358272753,0.0,0.40065713256177565,199.0,199.0,100.50251256281408,0.0,False,False,0.07111644657863145,4522,n/a,n/a,n/a,n/a,n/a,n/a,n/a,n/a,1.0,1.0,195.45,n/a,donation,1.0,0.3,0.3,True,10,0.5,0.0,1.0,0.0,0.6,inclusive,strip,0.0021018944316294444,0.008220360175500903,0.07585580988438954,-0.007836790590141324,0.6179525,0.572522564436587,0.5721690365726775,0.07970275319115008,93,0.44086021505376344,family
PM5_P4_family,P4,686818433,200,True,custom,1.0,0.7,0.0,-0.3,True,0.01,0.5,100,0,30,0.1,10000,0.0,0.6060000000000001,0.394,0.0,0.0,0.0,0.0,0.3948275,0.476815,0.48131480789758163,0.0,0.4811657865244009,199.0,199.0,100.50251256281408,0.0,False,False,0.4909003601440558,4239,n/a,n/a,n/a,n/a,n/a,n/a,n/a,n/a,1.0,1.0,195.51,n/a,donation,1.0,0.3,0.3,True,10,0.5,0.0,1.0,0.0,0.6,inclusive,strip,-0.002263334431074027,0.0003601658905723247,0.06514446511888482,-0.0014438607724880374,0.6180495,0.6871541033525632,0.6877180419975887,0.036311943318925045,94,0.46808510638297873,family
PM5_P4_family,P4,744720527,200,True,custom,1.0,0.7,0.0,-0.3,True,0.01,0.5,100,0,30,0.1,10000,0.0,0.9594999999999999,0.0405,0.0,0.0,0.0,0.0,0.0371925,0.069545,0.621830448532815,0.0,0.6080887730311578,199.0,199.0,100.5025125628141,0.0,False,False,-0.044609843937574584,2010,n/a,n/a,n/a,n/a,n/a,n/a,n/a,n/a,1.0,1.0,195.39,n/a,donation,1.0,0.3,0.3,True,10,0.5,0.0,1.0,0.0,0.6,inclusive,strip,0.016941940455932225,0.03159749759424442,0.09263983268467552,0.025966591645003933,0.618341,0.8688919220947665,0.8684113305332771,0.1377333214015151,89,0.4943820224719101,family
PM5_P4_family,P4,381425458,200,True,custom,1.0,0.7,0.0,-0.3,True,0.01,0.5,100,0,30,0.1,10000,0.0,0.4625,0.5374999999999999,0.0,0.0,0.0,0.0,0.51752,0.48862,0.4400288339230025,0.0,0.4379363880261985,199.0,199.0,100.50251256281408,0.0,False,False,0.1500360144057623,4636,n/a,n/a,n/a,n/a,n/a,n/a,n/a,n/a,1.0,1.0,195.5,n/a,donation,1.0,0.3,0.3,True,10,0.5,0.0,1.0,0.0,0.6,inclusive,strip,0.00616820505612751,0.012824248032996019,0.09691223801549873,0.008114910888349963,0.618357,0.6256515249281563,0.6255970894265059,0.034453808198880276,96,0.5,family
PM5_P4_family,P4,1620985466,200,True,custom,1.0,0.7,0.0,-0.3,True,0.01,0.5,100,0,30,0.1,10000,0.0,0.667,0.3329999999999999,0.0,0.0,0.0,0.0,0.3302650000000001,0.44688,0.44797825515233625,0.0,0.44165163766547233,199.0,199.0,100.50251256281408,0.0,False,False,-0.43063625450180254,4720,n/a,n/a,n/a,n/a,n/a,n/a,n/a,n/a,1.0,1.0,195.5,n/a,donation,1.0,0.3,0.3,True,10,0.5,0.0,1.0,0.0,0.6,inclusive,strip,0.005957031838316049,0.012326008571503035,0.09888393072338428,-0.012917631707594086,0.618235,0.6309384780868117,0.6308311395753933,0.039936490102135194,92,0.5108695652173914,family
PM5_P4_family,P4,1669164794,200,True,custom,1.0,0.7,0.0,-0.3,True,0.01,0.5,100,0,30,0.1,10000,0.0,0.9285,0.0715,0.0,0.0,0.0,0.0,0.0667825,0.126235,0.4646606093417432,0.0,0.4629400317193148,199.0,199.0,100.50251256281403,0.0,False,False,-1.0778151260504165,4212,n/a,n/a,n/a,n/a,n/a,n/a,n/a,n/a,1.0,1.0,195.73,n/a,donation,1.0,0.3,0.3,True,10,0.5,0.0,1.0,0.0,0.6,inclusive,strip,0.005507822906168424,0.012783702252359662,0.09321245722645288,-0.016215237204804687,0.6185695,0.6614592216396056,0.6611676308003687,0.07728297732757244,93,0.5053763440860215,family
PM5_P4_family,P4,798359651,200,True,custom,1.0,0.7,0.0,-0.3,True,0.01,0.5,100,0,30,0.1,10000,0.0,0.35300000000000004,0.647,0.0,0.0,0.0,0.0,0.6459500000000001,0.4546,0.38700728928244077,0.0,0.38537943906928634,199.0,199.0,100.50251256281412,0.0,False,False,0.5224489795918331,4638,n/a,n/a,n/a,n/a,n/a,n/a,n/a,n/a,1.0,1.0,195.89,n/a,donation,1.0,0.3,0.3,True,10,0.5,0.0,1.0,0.0,0.6,inclusive,strip,0.0030497458642408048,0.008162234216200177,0.08563616560211655,0.0034107499800284835,0.6178055,0.5504038083183138,0.5507666907817879,0.044985492510021305,91,0.5164835164835165,family
PM5_P4_family,P4,126337246,200,True,custom,1.0,0.7,0.0,-0.3,True,0.01,0.5,100,0,30,0.1,10000,0.0,0.5465,0.4535,0.0,0.0,0.0,0.0,0.46222250000000004,0.495025,0.3111739696722868,0.0,0.3135813975665679,199.0,199.0,100.5025125628141,0.0,False,False,-0.534525810324126,4849,n/a,n/a,n/a,n/a,n/a,n/a,n/a,n/a,1.0,1.0,195.76,n/a,donation,1.0,0.3,0.3,True,10,0.5,0.0,1.0,0.0,0.6,inclusive,strip,0.007128348587455244,0.014524539572908338,0.08013485649177152,-0.0007680742082147323,0.6180465,0.4479056187519871,0.44813373879281115,0.05209762888113054,91,0.4945054945054945,family
PM5_P4_family,P4,317149051,200,True,custom,1.0,0.7,0.0,-0.3,True,0.01,0.5,100,0,30,0.1,10000,0.0,0.46749999999999997,0.5325,0.0,0.0,0.0,0.0,0.5447225,0.488835,0.3528372555880823,0.0,0.35236168898880316,199.0,199.0,100.50251256281408,0.0,False,False,0.155678271308527,4918,n/a,n/a,n/a,n/a,n/a,n/a,n/a,n/a,1.0,1.0,195.63,n/a,donation,1.0,0.3,0.3,True,10,0.5,0.0,1.0,0.0,0.6,inclusive,strip,0.004393287760881597,0.012457173755260087,0.09323349233183105,0.000950989313872463,0.618403,0.5033881627353036,0.5033438418016913,0.022350554779165675,95,0.5473684210526316,family
PM5_P4_family,P4,433399445,200,True,custom,1.0,0.7,0.0,-0.3,True,0.01,0.5,100,0,30,0.1,10000,0.0,0.835,0.16499999999999998,0.0,0.0,0.0,0.0,0.15562749999999997,0.264885,0.5555202013428814,0.0,0.5531385613985413,199.0,199.0,100.50251256281412,0.0,False,False,-0.13152460984393669,3372,n/a,n/a,n/a,n/a,n/a,n/a,n/a,n/a,1.0,1.0,195.42,n/a,donation,1.0,0.3,0.3,True,10,0.5,0.0,1.0,0.0,0.6,inclusive,strip,0.009986325578547698,0.019224524935727984,0.09604947196164643,-0.014682987339201784,0.6175555,0.7900119908251161,0.7904604458947638,0.030456774368861957,87,0.45977011494252873,family
PM5_P4_family,P4,2121129191,200,True,custom,1.0,0.5,0.0,-0.5,True,0.01,0.5,100,0,30,0.1,10000,0.0,0.016999999999999998,0.983,0.0,0.0,0.0,0.0,0.9843375,0.030945,0.013252026229077576,0.0,0.013265471998268365,199.0,199.0,100.50251256281408,0.0,False,True,-0.002112845138040911,526,n/a,n/a,n/a,n/a,n/a,n/a,n/a,n/a,1.0,1.0,195.45,n/a,donation,1.0,0.5,0.5,True,10,0.5,0.0,1.0,0.0,0.6,own,strip,0.08244957354479102,0.1415908872466414,0.1575633657878054,-0.007082114996597844,0.6179525,0.02647371764010988,0.02664262951596333,0.22126761787599447,62,0.6129032258064516,family
PM5_P4_family,P4,686818433,200,True,custom,1.0,0.5,0.0,-0.5,True,0.01,0.5,100,0,30,0.1,10000,0.0,0.009500000000000001,0.9904999999999999,0.0,0.0,0.0,0.0,0.9891424999999998,0.021495,0.013092076224849676,0.0,0.013092076224849676,199.0,199.0,100.50251256281408,0.0,True,True,-0.005954381752693925,520,n/a,n/a,n/a,n/a,n/a,n/a,n/a,n/a,1.0,1.0,195.51,n/a,donation,1.0,0.5,0.5,True,10,0.5,0.0,1.0,0.0,0.6,own,strip,0.07778974191026179,0.13252522836501063,0.1284215619961196,-0.005574676542046222,0.6180495,0.026200571313462758,0.026171585061415027,0.22893269106621733,65,0.676923076923077,family
PM5_P4_family,P4,744720527,200,True,custom,1.0,0.5,0.0,-0.5,True,0.01,0.5,100,0,30,0.1,10000,0.0,0.0125,0.9875,0.0,0.0,0.0,0.0,0.9874649999999999,0.02464,0.0170388516081289,0.0,0.017073180472131983,199.0,199.0,100.5025125628141,0.0,False,True,-0.007803121248492245,616,n/a,n/a,n/a,n/a,n/a,n/a,n/a,n/a,1.0,1.0,195.39,n/a,donation,1.0,0.5,0.5,True,10,0.5,0.0,1.0,0.0,0.6,own,strip,0.07611105738783096,0.13185993510384475,0.12904753937392882,0.00016424858615200533,0.618341,0.03413933412146372,0.03412732308159902,0.280313609395513,70,0.5857142857142857,family
PM5_P4_family,P4,381425458,200,True,custom,1.0,0.5,0.0,-0.5,True,0.01,0.5,100,0,30,0.1,10000,0.0,0.013000000000000001,0.9869999999999999,0.0,0.0,0.0,0.0,0.9855275000000001,0.028795,0.015575426689440041,0.0,0.015538459103227055,199.0,199.0,100.50251256281408,0.0,False,True,-0.0011284513805450654,513,n/a,n/a,n/a,n/a,n/a,n/a,n/a,n/a,1.0,1.0,195.5,n/a,donation,1.0,0.5,0.5,True,10,0.5,0.0,1.0,0.0,0.6,own,strip,0.0973770733247434,0.16440712546673986,0.16521103988833655,-0.01203360055234998,0.618357,0.0310023174315161,0.03120586516718504,0.3401415345435492,58,0.6379310344827587,family
PM5_P4_family,P4,1620985466,200,True,custom,1.0,0.5,0.0,-0.5,True,0.01,0.5,100,0,30,0.1,10000,0.0,0.008,0.992,0.0,0.0,0.0,0.0,0.9917025,0.016575,0.01895232712828492,0.0,0.018919303674393387,199.0,199.0,100.50251256281408,0.0,False,True,0.013109243697486147,639,n/a,n/a,n/a,n/a,n/a,n/a,n/a,n/a,1.0,1.0,195.5,n/a,donation,1.0,0.5,0.5,True,10,0.5,0.0,1.0,0.0,0.6,own,strip,0.07305068389019752,0.1230512056817322,0.1260639861769873,-0.010868999176492446,0.618235,0.03767256787467549,0.03810000916794363,0.33879206195309547,69,0.5942028985507246,family
PM5_P4_family,P4,1669164794,200,True,custom,1.0,0.5,0.0,-0.5,True,0.01,0.5,100,0,30,0.1,10000,0.0,0.008,0.992,0.0,0.0,0.0,0.0,0.9925374999999999,0.014755,0.018497899593641516,0.0,0.018216782696749683,199.0,199.0,100.50251256281403,0.0,False,True,-0.002112845138055222,615,n/a,n/a,n/a,n/a,n/a,n/a,n/a,n/a,1.0,1.0,195.73,n/a,donation,1.0,0.5,0.5,True,10,0.5,0.0,1.0,0.0,0.6,own,strip,0.07049683931949587,0.11888912601013618,0.10975806425096478,0.0011322053060544388,0.6185695,0.03652136097883908,0.03628052816961412,0.3022127857231371,66,0.6666666666666666,family
PM5_P4_family,P4,798359651,200,True,custom,1.0,0.5,0.0,-0.5,True,0.01,0.5,100,0,30,0.1,10000,0.0,0.019000000000000003,0.9809999999999999,0.0,0.0,0.0,0.0,0.9798824999999999,0.039735,0.01791984285525148,0.0,0.01797301445227602,199.0,199.0,100.50251256281412,0.0,False,False,-0.021728691476583482,597,n/a,n/a,n/a,n/a,n/a,n/a,n/a,n/a,1.0,1.0,195.89,n/a,donation,1.0,0.5,0.5,True,10,0.5,0.0,1.0,0.0,0.6,own,strip,0.06332865003799788,0.1077924231251492,0.11451683390315934,-0.012285328230126197,0.6178055,0.03597410511884404,0.035900568951149216,0.3214902183981629,66,0.5757575757575758,family
PM5_P4_family,P4,126337246,200,True,custom,1.0,0.5,0.0,-0.5,True,0.01,0.5,100,0,30,0.1,10000,0.0,0.0155,0.9845,0.0,0.0,0.0,0.0,0.9845025,0.030745,0.017632096088428886,0.0,0.017635074911968286,199.0,199.0,100.5025125628141,0.0,False,True,-0.007490996398545113,603,n/a,n/a,n/a,n/a,n/a,n/a,n/a,n/a,1.0,1.0,195.76,n/a,donation,1.0,0.5,0.5,True,10,0.5,0.0,1.0,0.0,0.6,own,strip,0.06639985555154876,0.1163702750363475,0.10883299894334449,-0.009649015650294525,0.6180465,0.03532177595051505,0.035206510740181725,0.31901116178830147,65,0.676923076923077,family
PM5_P4_family,P4,317149051,200,True,custom,1.0,0.5,0.0,-0.5,True,0.01,0.5,100,0,30,0.1,10000,0.0,0.006999999999999999,0.993,0.0,0.0,0.0,0.0,0.9916525,0.016625,0.020047503286360017,0.0,0.020047503286360017,199.0,199.0,100.50251256281408,0.0,True,True,0.006074429771923074,636,n/a,n/a,n/a,n/a,n/a,n/a,n/a,n/a,1.0,1.0,195.63,n/a,donation,1.0,0.5,0.5,True,10,0.5,0.0,1.0,0.0,0.6,own,strip,0.07090794859681392,0.1203451259605687,0.11291807972983199,-0.009004699329382852,0.618403,0.040112596478348264,0.040059277195575435,0.32390948043808965,68,0.6176470588235294,family
PM5_P4_family,P4,433399445,200,True,custom,1.0,0.5,0.0,-0.5,True,0.01,0.5,100,0,30,0.1,10000,0.0,0.0215,0.9785,0.0,0.0,0.0,0.0,0.9744575000000001,0.050045,0.0230079466505256,0.0,0.0230079466505256,199.0,199.0,100.50251256281412,0.0,True,False,-0.028499399759896807,764,n/a,n/a,n/a,n/a,n/a,n/a,n/a,n/a,1.0,1.0,195.42,n/a,donation,1.0,0.5,0.5,True,10,0.5,0.0,1.0,0.0,0.6,own,strip,0.06675782688168656,0.11354677564574668,0.11810196927803256,-0.0071453815289008755,0.6175555,0.04611124020432172,0.045885742898642806,0.34335761033278533,78,0.5897435897435898,family
PM5_P4_family,P4,2121129191,200,True,custom,1.0,0.5,0.0,-0.5,True,0.01,0.5,100,0,30,0.1,10000,0.0,0.030000000000000006,0.97,0.0,0.0,0.0,0.0,0.972495,0.05353,0.02719109998728927,0.0,0.026767405404117133,199.0,199.0,100.50251256281408,0.0,False,False,-0.02206482593037215,1023,n/a,n/a,n/a,n/a,n/a,n/a,n/a,n/a,1.0,1.0,195.45,n/a,donation,1.0,0.5,0.5,True,10,0.5,0.0,1.0,0.0,0.6,inclusive,strip,0.0342091296531402,0.061277163858687186,0.09830777431194976,-0.007259849355567971,0.6179525,0.05353324082352608,0.0535901949364935,0.1312245760702372,84,0.5476190476190477,family
PM5_P4_family,P4,686818433,200,True,custom,1.0,0.5,0.0,-0.5,True,0.01,0.5,100,0,30,0.1,10000,0.0,0.018000000000000002,0.9819999999999999,0.0,0.0,0.0,0.0,0.9810175000000001,0.037325,0.026709019940862014,0.0,0.026615665747965037,199.0,199.0,100.50251256281408,0.0,False,True,-0.0003361344537815126,909,n/a,n/a,n/a,n/a,n/a,n/a,n/a,n/a,1.0,1.0,195.51,n/a,donation,1.0,0.5,0.5,True,10,0.5,0.0,1.0,0.0,0.6,inclusive,strip,0.03879886206401225,0.06794666646104242,0.08357138694959702,-0.009036748614879945,0.6180495,0.05318303792819184,0.053343954255852526,0.20001227101072358,78,0.6410256410256411,family
PM5_P4_family,P4,744720527,200,True,custom,1.0,0.5,0.0,-0.5,True,0.01,0.5,100,0,30,0.1,10000,0.0,0.016999999999999998,0.983,0.0,0.0,0.0,0.0,0.9829399999999999,0.03352,0.04054515289410789,0.0,0.04037861934404634,199.0,199.0,100.5025125628141,0.0,False,False,0.06849939975991112,1249,n/a,n/a,n/a,n/a,n/a,n/a,n/a,n/a,1.0,1.0,195.39,n/a,donation,1.0,0.5,0.5,True,10,0.5,0.0,1.0,0.0,0.6,inclusive,strip,0.03581176391287932,0.06325090922940549,0.08973658082976846,-0.0023280579215841112,0.618341,0.08077824371988919,0.08071603185042145,0.19337989814304163,94,0.5425531914893617,family
PM5_P4_family,P4,381425458,200,True,custom,1.0,0.5,0.0,-0.5,True,0.01,0.5,100,0,30,0.1,10000,0.0,0.028499999999999998,0.9715,0.0,0.0,0.0,0.0,0.9709524999999999,0.056605,0.03232413017966945,0.0,0.032232444447519375,199.0,199.0,100.50251256281408,0.0,False,False,-0.0327971188475247,1051,n/a,n/a,n/a,n/a,n/a,n/a,n/a,n/a,1.0,1.0,195.5,n/a,donation,1.0,0.5,0.5,True,10,0.5,0.0,1.0,0.0,0.6,inclusive,strip,0.04065957273292644,0.07027758665135542,0.10240127175311602,-0.008654194632157722,0.618357,0.06445467585876767,0.06447190175111295,0.22986515240483257,84,0.6071428571428571,family
PM5_P4_family,P4,1620985466,200,True,custom,1.0,0.5,0.0,-0.5,True,0.01,0.5,100,0,30,0.1,10000,0.0,0.0105,0.9894999999999999,0.0,0.0,0.0,0.0,0.9892099999999999,0.02153,0.03994819424297761,0.0,0.0402187364631816,199.0,199.0,100.50251256281408,0.0,False,True,0.006218487394957983,1233,n/a,n/a,n/a,n/a,n/a,n/a,n/a,n/a,1.0,1.0,195.5,n/a,donation,1.0,0.5,0.5,True,10,0.5,0.0,1.0,0.0,0.6,inclusive,strip,0.027935333140270007,0.04915621490068619,0.06896545405128343,-0.012178296076584428,0.618235,0.08019846822001342,0.08081149398189987,0.25560191007817107,81,0.6296296296296297,family
PM5_P4_family,P4,1669164794,200,True,custom,1.0,0.5,0.0,-0.5,True,0.01,0.5,100,0,30,0.1,10000,0.0,0.03450000000000001,0.9654999999999999,0.0,0.0,0.0,0.0,0.9624099999999999,0.07102,0.04181173711865739,0.0,0.041495473049630034,199.0,199.0,100.50251256281403,0.0,False,False,-0.03627851140456898,1306,n/a,n/a,n/a,n/a,n/a,n/a,n/a,n/a,1.0,1.0,195.73,n/a,donation,1.0,0.5,0.5,True,10,0.5,0.0,1.0,0.0,0.6,inclusive,strip,0.03408058458675882,0.06127557615203988,0.09284227490273482,0.008274983144375182,0.6185695,0.08315435856439737,0.08270903873707006,0.23132744524721957,84,0.5833333333333334,family
PM5_P4_family,P4,798359651,200,True,custom,1.0,0.5,0.0,-0.5,True,0.01,0.5,100,0,30,0.1,10000,0.0,0.037000000000000005,0.9629999999999999,0.0,0.0,0.0,0.0,0.9617899999999999,0.07374,0.032164690326496645,0.0,0.032210217280262764,199.0,199.0,100.50251256281412,0.0,False,False,-0.030492196878758655,1005,n/a,n/a,n/a,n/a,n/a,n/a,n/a,n/a,1.0,1.0,195.89,n/a,donation,1.0,0.5,0.5,True,10,0.5,0.0,1.0,0.0,0.6,inclusive,strip,0.03307876273645025,0.058940678768531256,0.07571665139580677,-0.010838068275428794,0.6178055,0.06432566560187632,0.06457575920113974,0.25634821793096846,79,0.5569620253164557,family
PM5_P4_family,P4,126337246,200,True,custom,1.0,0.5,0.0,-0.5,True,0.01,0.5,100,0,30,0.1,10000,0.0,0.020499999999999997,0.9795,0.0,0.0,0.0,0.0,0.9801575,0.038895,0.03541340172075508,0.0,0.03546459560287715,199.0,199.0,100.5025125628141,0.0,False,True,-0.007130852340929219,1124,n/a,n/a,n/a,n/a,n/a,n/a,n/a,n/a,1.0,1.0,195.76,n/a,donation,1.0,0.5,0.5,True,10,0.5,0.0,1.0,0.0,0.6,inclusive,strip,0.02837605382643993,0.05060255226294377,0.07454790334048823,-0.002664158841929729,0.6180465,0.07109092924237902,0.07076646764593073,0.24706530704161214,75,0.6,family
PM5_P4_family,P4,317149051,200,True,custom,1.0,0.5,0.0,-0.5,True,0.01,0.5,100,0,30,0.1,10000,0.0,0.010500000000000002,0.9894999999999999,0.0,0.0,0.0,0.0,0.9885925,0.022485,0.040514454105032,0.0,0.04056753952546953,199.0,199.0,100.50251256281408,0.0,False,False,0.020408163265320432,1223,n/a,n/a,n/a,n/a,n/a,n/a,n/a,n/a,1.0,1.0,195.63,n/a,donation,1.0,0.5,0.5,True,10,0.5,0.0,1.0,0.0,0.6,inclusive,strip,0.03287756559616443,0.05912063222496903,0.08121154089432171,-0.004533888987780488,0.618403,0.08109840993656241,0.08116153952992293,0.2609298641052278,84,0.6071428571428571,family
PM5_P4_family,P4,433399445,200,True,custom,1.0,0.5,0.0,-0.5,True,0.01,0.5,100,0,30,0.1,10000,0.0,0.058499999999999996,0.9415000000000001,0.0,0.0,0.0,0.0,0.942795,0.10815,0.051052382164771384,0.0,0.05126539804017849,199.0,199.0,100.50251256281412,0.0,False,False,-0.06283313325330847,1495,n/a,n/a,n/a,n/a,n/a,n/a,n/a,n/a,1.0,1.0,195.42,n/a,donation,1.0,0.5,0.5,True,10,0.5,0.0,1.0,0.0,0.6,inclusive,strip,0.026096684328837466,0.04571903395847134,0.08538961427939155,-0.0100387272803188,0.6175555,0.10273692000152213,0.10221090903385982,0.27746487590679353,85,0.5529411764705883,family
PM5_P4_family,P4,2121129191,200,True,custom,1.0,0.7,0.0,-0.3,True,0.01,0.5,100,0,30,0.1,10000,0.0,0.020499999999999997,0.9795,0.0,0.0,0.0,0.0,0.9795375,0.039985,0.03164707829783793,0.0,0.03139289787255793,199.0,199.0,100.50251256281406,0.0,False,False,-0.040048019207683076,797,n/a,n/a,n/a,n/a,n/a,n/a,n/a,n/a,1.0,1.0,189.51,n/a,donation,1.0,0.3,0.3,True,10,0.5,0.0,1.0,0.0,0.7,own,strip,0.06813070537613125,0.09898837481238346,0.13964654109798272,-0.005423146465827789,0.713246,0.04479029675595797,0.04498542304553729,0.25722650716030354,68,0.5588235294117647,family
PM5_P4_family,P4,686818433,200,True,custom,1.0,0.7,0.0,-0.3,True,0.01,0.5,100,0,30,0.1,10000,0.0,0.025,0.9749999999999999,0.0,0.0,0.0,0.0,0.9753700000000001,0.04835,0.031480772962147505,0.0,0.03136977700289525,199.0,199.0,100.50251256281403,0.0,False,False,-0.0297719087635054,825,n/a,n/a,n/a,n/a,n/a,n/a,n/a,n/a,1.0,1.0,189.7,n/a,donation,1.0,0.3,0.3,True,10,0.5,0.0,1.0,0.0,0.7,own,strip,0.053719727286440956,0.07840436969463123,0.11001075719219043,-0.010072686115280245,0.713571,0.044769896758696755,0.044933473915001625,0.21402341164704558,79,0.5443037974683544,family
PM5_P4_family,P4,744720527,200,True,custom,1.0,0.7,0.0,-0.3,True,0.01,0.5,100,0,30,0.1,10000,0.0,0.020999999999999998,0.9789999999999999,0.0,0.0,0.0,0.0,0.9783899999999999,0.04207,0.041368253458432654,0.0,0.04108184903847274,199.0,199.0,100.50251256281405,0.0,False,False,-0.024393757503001202,931,n/a,n/a,n/a,n/a,n/a,n/a,n/a,n/a,1.0,1.0,189.81,n/a,donation,1.0,0.3,0.3,True,10,0.5,0.0,1.0,0.0,0.7,own,strip,0.05208556629167633,0.0770197534766209,0.11430080383202441,0.0030794584060318737,0.7138875,0.05858696223144403,0.05895408274717113,0.28783784504553434,75,0.6,family
PM5_P4_family,P4,381425458,200,True,custom,1.0,0.7,0.0,-0.3,True,0.01,0.5,100,0,30,0.1,10000,0.0,0.0075,0.9924999999999999,0.0,0.0,0.0,0.0,0.9919925,0.015925,0.03859315930979594,0.0,0.0384590395600363,199.0,199.0,100.50251256281403,0.0,False,False,0.03226890756304668,837,n/a,n/a,n/a,n/a,n/a,n/a,n/a,n/a,1.0,1.0,189.65,n/a,donation,1.0,0.3,0.3,True,10,0.5,0.0,1.0,0.0,0.7,own,strip,0.05202518737995443,0.07673727844027524,0.09494894951996571,-0.013791584105450878,0.714068,0.0549811082417921,0.054857448624148396,0.3158771876266549,66,0.6060606060606061,family
PM5_P4_family,P4,1620985466,200,True,custom,1.0,0.7,0.0,-0.3,True,0.01,0.5,100,0,30,0.1,10000,0.0,0.022,0.978,0.0,0.0,0.0,0.0,0.9804125000000001,0.037565,0.04402536213270751,0.0,0.04401277038578483,199.0,199.0,100.5025125628141,0.0,False,False,-0.03421368547419683,831,n/a,n/a,n/a,n/a,n/a,n/a,n/a,n/a,1.0,1.0,189.72,n/a,donation,1.0,0.3,0.3,True,10,0.5,0.0,1.0,0.0,0.7,own,strip,0.057591326990699736,0.08469416245651785,0.10099925500315098,0.00936043301510801,0.7136155,0.06288050077387612,0.06291890797162555,0.3753155875372176,72,0.6388888888888888,family
PM5_P4_family,P4,1669164794,200,True,custom,1.0,0.7,0.0,-0.3,True,0.01,0.5,100,0,30,0.1,10000,0.0,0.034,0.966,0.0,0.0,0.0,0.0,0.9658925,0.065355,0.034030555452762734,0.0,0.03389990158324348,199.0,199.0,100.50251256281412,0.0,False,False,-0.03195678271307808,792,n/a,n/a,n/a,n/a,n/a,n/a,n/a,n/a,1.0,1.0,189.74,n/a,donation,1.0,0.3,0.3,True,10,0.5,0.0,1.0,0.0,0.7,own,strip,0.06395790937668434,0.09368216337167819,0.11731512218110267,0.0056905616260558185,0.7137525,0.048397728904627305,0.04854103529288466,0.29485720946951904,77,0.6233766233766234,family
PM5_P4_family,P4,798359651,200,True,custom,1.0,0.7,0.0,-0.3,True,0.01,0.5,100,0,30,0.1,10000,0.0,0.014000000000000002,0.986,0.0,0.0,0.0,0.0,0.9876925000000002,0.024215,0.03702002517564464,0.0,0.03710103697597473,199.0,199.0,100.5025125628141,0.0,False,True,-0.01858343337334934,793,n/a,n/a,n/a,n/a,n/a,n/a,n/a,n/a,1.0,1.0,189.57,n/a,donation,1.0,0.3,0.3,True,10,0.5,0.0,1.0,0.0,0.7,own,strip,0.06569628472100948,0.09664033617080958,0.11248161197738393,0.0012647570259712248,0.7139645,0.053014890796391136,0.05295059529324157,0.33657277456286233,77,0.5844155844155844,family
PM5_P4_family,P4,126337246,200,True,custom,1.0,0.7,0.0,-0.3,True,0.01,0.5,100,0,30,0.1,10000,0.0,0.0115,0.9884999999999999,0.0,0.0,0.0,0.0,0.9880525,0.023635,0.04910148831209631,0.0,0.04894289326447097,199.0,199.0,100.50251256281405,0.0,False,True,0.01159663865546934,961,n/a,n/a,n/a,n/a,n/a,n/a,n/a,n/a,1.0,1.0,190.0,n/a,donation,1.0,0.3,0.3,True,10,0.5,0.0,1.0,0.0,0.7,own,strip,0.04124073807675928,0.06186722038736395,0.09196687570963959,-0.006794462223650615,0.7137435,0.0698286569334782,0.07012591853809433,0.3073481935418723,79,0.5822784810126582,family
PM5_P4_family,P4,317149051,200,True,custom,1.0,0.7,0.0,-0.3,True,0.01,0.5,100,0,30,0.1,10000,0.0,0.013500000000000002,0.9865,0.0,0.0,0.0,0.0,0.9869299999999999,0.02563,0.037257725666904634,0.0,0.037300310375098865,199.0,199.0,100.50251256281406,0.0,False,True,-0.010348139255702282,830,n/a,n/a,n/a,n/a,n/a,n/a,n/a,n/a,1.0,1.0,189.84,n/a,donation,1.0,0.3,0.3,True,10,0.5,0.0,1.0,0.0,0.7,own,strip,0.05761837999188972,0.08391020670332754,0.11352168302472361,0.0023758770750365236,0.713603,0.05331255614115972,0.05323554366840435,0.307451559710828,74,0.6216216216216216,family
PM5_P4_family,P4,433399445,200,True,custom,1.0,0.7,0.0,-0.3,True,0.01,0.5,100,0,30,0.1,10000,0.0,0.020999999999999998,0.9790000000000001,0.0,0.0,0.0,0.0,0.9806000000000001,0.03796,0.04209025667539163,0.0,0.04209674439692185,199.0,199.0,100.50251256281413,0.0,False,True,-0.011932773109236542,842,n/a,n/a,n/a,n/a,n/a,n/a,n/a,n/a,1.0,1.0,189.87,n/a,donation,1.0,0.3,0.3,True,10,0.5,0.0,1.0,0.0,0.7,own,strip,0.05217754873915725,0.0759448815811036,0.09798292834307516,-0.0009247611369919914,0.713405,0.060177949411624534,0.06002023761754392,0.3360956667467206,73,0.5753424657534246,family
PM5_P4_family,P4,2121129191,200,True,custom,1.0,0.7,0.0,-0.3,True,0.01,0.5,100,0,30,0.1,10000,0.0,0.905,0.095,0.0,0.0,0.0,0.0,0.09328499999999999,0.17001,0.5684366896610688,0.0,0.5676044398063379,199.0,199.0,100.50251256281406,0.0,False,False,0.03764705882352941,2734,n/a,n/a,n/a,n/a,n/a,n/a,n/a,n/a,1.0,1.0,189.51,n/a,donation,1.0,0.3,0.3,True,10,0.5,0.0,1.0,0.0,0.7,inclusive,strip,0.015140891228879528,0.023397798008327968,0.10373494863361296,-0.01256520700159793,0.713246,0.810905704343242,0.8107088305655719,0.15698352381207378,91,0.4835164835164835,family
PM5_P4_family,P4,686818433,200,True,custom,1.0,0.7,0.0,-0.3,True,0.01,0.5,100,0,30,0.1,10000,0.0,0.85,0.15,0.0,0.0,0.0,0.0,0.1473625,0.251135,0.5435473358948383,0.0,0.5357414075564256,199.0,199.0,100.50251256281403,0.0,False,False,-0.16549819927971277,3408,n/a,n/a,n/a,n/a,n/a,n/a,n/a,n/a,1.0,1.0,189.7,n/a,donation,1.0,0.3,0.3,True,10,0.5,0.0,1.0,0.0,0.7,inclusive,strip,0.010036869483912962,0.016630963719368664,0.09468351534145943,-0.0016756109271816404,0.713571,0.7657048142371257,0.7645681826909985,0.09155900668982397,91,0.42857142857142855,family
PM5_P4_family,P4,744720527,200,True,custom,1.0,0.7,0.0,-0.3,True,0.01,0.5,100,0,30,0.1,10000,0.0,0.9365000000000002,0.0635,0.0,0.0,0.0,0.0,0.07338749999999998,0.134875,0.6037784646803243,0.0,0.6020092620436535,199.0,199.0,100.50251256281405,0.0,False,False,0.06828331332533058,2354,n/a,n/a,n/a,n/a,n/a,n/a,n/a,n/a,1.0,1.0,189.81,n/a,donation,1.0,0.3,0.3,True,10,0.5,0.0,1.0,0.0,0.7,inclusive,strip,0.018474866761518674,0.028953593951637345,0.11197128367561418,-0.005430728317759312,0.7138875,0.8600318677662797,0.8599973786535017,0.07744506879878062,89,0.47191011235955055,family
PM5_P4_family,P4,381425458,200,True,custom,1.0,0.7,0.0,-0.3,True,0.01,0.5,100,0,30,0.1,10000,0.0,0.8915000000000001,0.1085,0.0,0.0,0.0,0.0,0.0990675,0.178775,0.5500553197241529,0.0,0.5509882390091384,199.0,199.0,100.50251256281403,0.0,False,False,-0.29222088835534216,3214,n/a,n/a,n/a,n/a,n/a,n/a,n/a,n/a,1.0,1.0,189.65,n/a,donation,1.0,0.3,0.3,True,10,0.5,0.0,1.0,0.0,0.7,inclusive,strip,0.010005324606783968,0.016484535569634588,0.09068120060342631,-0.0069028938251883614,0.714068,0.7872723606155156,0.7868243148720675,0.07370972167316113,84,0.4642857142857143,family
PM5_P4_family,P4,1620985466,200,True,custom,1.0,0.7,0.0,-0.3,True,0.01,0.5,100,0,30,0.1,10000,0.0,0.9095000000000001,0.0905,0.0,0.0,0.0,0.0,0.10144,0.1794,0.56435851892946,0.0,0.5616260353586189,199.0,199.0,100.5025125628141,0.0,False,False,-0.0375750300120048,3086,n/a,n/a,n/a,n/a,n/a,n/a,n/a,n/a,1.0,1.0,189.72,n/a,donation,1.0,0.3,0.3,True,10,0.5,0.0,1.0,0.0,0.7,inclusive,strip,0.014968049113411777,0.023634784188279065,0.10316741937064611,0.005807465685176558,0.7136155,0.802522156539481,0.8017892029771164,0.05657717710295123,95,0.4421052631578947,family
PM5_P4_family,P4,1669164794,200,True,custom,1.0,0.7,0.0,-0.3,True,0.01,0.5,100,0,30,0.1,10000,0.0,0.8860000000000001,0.11399999999999996,0.0,0.0,0.0,0.0,0.12017250000000002,0.207975,0.623589638199452,0.0,0.6188177330649919,199.0,199.0,100.50251256281412,0.0,False,False,0.262280912364946,1886,n/a,n/a,n/a,n/a,n/a,n/a,n/a,n/a,1.0,1.0,189.74,n/a,donation,1.0,0.3,0.3,True,10,0.5,0.0,1.0,0.0,0.7,inclusive,strip,0.02006827349729791,0.03183569299111637,0.09966479855987376,0.005081633162625295,0.7137525,0.8840729104276343,0.8839937466702766,0.1139516049989521,93,0.45161290322580644,family
PM5_P4_family,P4,798359651,200,True,custom,1.0,0.7,0.0,-0.3,True,0.01,0.5,100,0,30,0.1,10000,0.0,0.913,0.087,0.0,0.0,0.0,0.0,0.09203750000000001,0.166975,0.6116071135155469,0.0,0.6060269631132118,199.0,199.0,100.5025125628141,0.0,False,False,0.06376950780312035,2163,n/a,n/a,n/a,n/a,n/a,n/a,n/a,n/a,1.0,1.0,189.57,n/a,donation,1.0,0.3,0.3,True,10,0.5,0.0,1.0,0.0,0.7,inclusive,strip,0.01778333772704516,0.02824836502024684,0.099205454258023,-0.0018504736248113778,0.7139645,0.8659128009866037,0.8653025585984956,0.10430358279900309,95,0.49473684210526314,family
PM5_P4_family,P4,126337246,200,True,custom,1.0,0.7,0.0,-0.3,True,0.01,0.5,100,0,30,0.1,10000,0.0,0.8469999999999999,0.153,0.0,0.0,0.0,0.0,0.1428725,0.246215,0.6070743641918253,0.0,0.6042909834341303,199.0,199.0,100.50251256281405,0.0,False,False,0.2529651860744293,2236,n/a,n/a,n/a,n/a,n/a,n/a,n/a,n/a,1.0,1.0,190.0,n/a,donation,1.0,0.3,0.3,True,10,0.5,0.0,1.0,0.0,0.7,inclusive,strip,0.01662963273265593,0.024841450602494677,0.09648658180222934,-0.015280962468332413,0.7137435,0.8632831682530209,0.8631734126561318,0.08624374656884676,90,0.45555555555555555,family
PM5_P4_family,P4,317149051,200,True,custom,1.0,0.7,0.0,-0.3,True,0.01,0.5,100,0,30,0.1,10000,0.0,0.9640000000000001,0.036,0.0,0.0,0.0,0.0,0.034030000000000005,0.0666,0.5874787608591906,0.0,0.570389740998538,199.0,199.0,100.50251256281406,0.0,False,False,-0.2987274909963999,2882,n/a,n/a,n/a,n/a,n/a,n/a,n/a,n/a,1.0,1.0,189.84,n/a,donation,1.0,0.3,0.3,True,10,0.5,0.0,1.0,0.0,0.7,inclusive,strip,0.013006727960923517,0.02080095152860512,0.09365955716604421,-0.014079504198563214,0.713603,0.814675316667671,0.8152564447253289,0.08824491374281225,89,0.449438202247191,family
PM5_P4_family,P4,433399445,200,True,custom,1.0,0.7,0.0,-0.3,True,0.01,0.5,100,0,30,0.1,10000,0.0,0.8135000000000001,0.18650000000000003,0.0,0.0,0.0,0.0,0.17991249999999998,0.291825,0.5759749679148551,0.0,0.5662838212971315,199.0,199.0,100.50251256281413,0.0,False,False,0.028715486194476898,3055,n/a,n/a,n/a,n/a,n/a,n/a,n/a,n/a,1.0,1.0,189.87,n/a,donation,1.0,0.3,0.3,True,10,0.5,0.0,1.0,0.0,0.7,inclusive,strip,0.012826615570730336,0.020071364405279846,0.10049148386862261,0.0049940073605391315,0.713405,0.8086872113315718,0.8097027163767686,0.06857583402238653,91,0.45054945054945056,family
PM5_P4_family,P4,2121129191,200,True,custom,1.0,0.5,0.0,-0.5,True,0.01,0.5,100,0,30,0.1,10000,0.0,0.015999999999999997,0.984,0.0,0.0,0.0,0.0,0.9850775,0.029215,0.014938042096019035,0.0,0.014797301909690115,199.0,199.0,100.50251256281406,0.0,False,False,-0.024201680672261753,554,n/a,n/a,n/a,n/a,n/a,n/a,n/a,n/a,1.0,1.0,189.51,n/a,donation,1.0,0.5,0.5,True,10,0.5,0.0,1.0,0.0,0.7,own,strip,0.08684671349298005,0.12534470836964626,0.15824632086739104,0.0005363158392479073,0.713246,0.02958271059353996,0.029625567559650432,0.272175179009716,62,0.6129032258064516,family
PM5_P4_family,P4,686818433,200,True,custom,1.0,0.5,0.0,-0.5,True,0.01,0.5,100,0,30,0.1,10000,0.0,0.014499999999999999,0.9855,0.0,0.0,0.0,0.0,0.9854424999999999,0.028545,0.01495413303501415,0.0,0.014830625548929976,199.0,199.0,100.50251256281403,0.0,False,True,-0.012004801920768308,590,n/a,n/a,n/a,n/a,n/a,n/a,n/a,n/a,1.0,1.0,189.7,n/a,donation,1.0,0.5,0.5,True,10,0.5,0.0,1.0,0.0,0.7,own,strip,0.07791709329733146,0.1134581386763722,0.1450573914993329,0.0017143575599763842,0.713571,0.029647014803011892,0.0297316263367187,0.23645057099325098,69,0.5942028985507246,family
PM5_P4_family,P4,744720527,200,True,custom,1.0,0.5,0.0,-0.5,True,0.01,0.5,100,0,30,0.1,10000,0.0,0.015500000000000003,0.9845,0.0,0.0,0.0,0.0,0.9834400000000001,0.03242,0.019052260368464045,0.0,0.019022390765112918,199.0,199.0,100.50251256281405,0.0,False,False,-0.025546218487394957,644,n/a,n/a,n/a,n/a,n/a,n/a,n/a,n/a,1.0,1.0,189.81,n/a,donation,1.0,0.5,0.5,True,10,0.5,0.0,1.0,0.0,0.7,own,strip,0.07404440913028396,0.10735577729735964,0.13714583193563132,0.0023119466497238178,0.7138875,0.037983225648298924,0.03819913495565556,0.2995028245444977,71,0.6338028169014085,family
PM5_P4_family,P4,381425458,200,True,custom,1.0,0.5,0.0,-0.5,True,0.01,0.5,100,0,30,0.1,10000,0.0,0.0045000000000000005,0.9955,0.0,0.0,0.0,0.0,0.9964525,0.007095,0.016805246407595738,0.0,0.01677869169085366,199.0,199.0,100.50251256281403,0.0,False,False,0.03375750300122195,554,n/a,n/a,n/a,n/a,n/a,n/a,n/a,n/a,1.0,1.0,189.65,n/a,donation,1.0,0.5,0.5,True,10,0.5,0.0,1.0,0.0,0.7,own,strip,0.09367451981770916,0.1363320079073463,0.14794188109370196,-0.008125731395129322,0.714068,0.03353287081902564,0.03365660366800498,0.3536581220944629,64,0.671875,family
PM5_P4_family,P4,1620985466,200,True,custom,1.0,0.5,0.0,-0.5,True,0.01,0.5,100,0,30,0.1,10000,0.0,0.012,0.9880000000000001,0.0,0.0,0.0,0.0,0.9890575,0.021295,0.019270650895553368,0.0,0.019344017786105915,199.0,199.0,100.5025125628141,0.0,False,True,-0.012941176470573924,563,n/a,n/a,n/a,n/a,n/a,n/a,n/a,n/a,1.0,1.0,189.72,n/a,donation,1.0,0.5,0.5,True,10,0.5,0.0,1.0,0.0,0.7,own,strip,0.08461350909594209,0.12530445744313454,0.12587454884042484,0.009108045489525375,0.7136155,0.03864826366579762,0.03881582278370512,0.38936956771702935,63,0.6507936507936508,family
PM5_P4_family,P4,1669164794,200,True,custom,1.0,0.5,0.0,-0.5,True,0.01,0.5,100,0,30,0.1,10000,0.0,0.015000000000000003,0.985,0.0,0.0,0.0,0.0,0.9838324999999999,0.032065,0.016076806304722517,0.0,0.016016526816825763,199.0,199.0,100.50251256281412,0.0,False,True,-0.018079231692669916,569,n/a,n/a,n/a,n/a,n/a,n/a,n/a,n/a,1.0,1.0,189.74,n/a,donation,1.0,0.5,0.5,True,10,0.5,0.0,1.0,0.0,0.7,own,strip,0.08985094217993699,0.13130474211436688,0.15248704198712648,-0.0101526444527831,0.7137525,0.03201249732925629,0.03213041161931545,0.3063428761981354,67,0.6567164179104478,family
PM5_P4_family,P4,798359651,200,True,custom,1.0,0.5,0.0,-0.5,True,0.01,0.5,100,0,30,0.1,10000,0.0,0.010499999999999999,0.9894999999999999,0.0,0.0,0.0,0.0,0.9901275000000002,0.019705,0.01755937794959213,0.0,0.01750678185973421,199.0,199.0,100.5025125628141,0.0,False,True,-0.014597839135647106,589,n/a,n/a,n/a,n/a,n/a,n/a,n/a,n/a,1.0,1.0,189.57,n/a,donation,1.0,0.5,0.5,True,10,0.5,0.0,1.0,0.0,0.7,own,strip,0.1054673091225686,0.15389064849530854,0.16687102747387947,-0.010891885529665569,0.7139645,0.03493801162382724,0.03517045961078258,0.36015330112443816,70,0.6285714285714286,family
PM5_P4_family,P4,126337246,200,True,custom,1.0,0.5,0.0,-0.5,True,0.01,0.5,100,0,30,0.1,10000,0.0,0.009499999999999998,0.9905000000000002,0.0,0.0,0.0,0.0,0.9900174999999999,0.019745,0.019229225579840026,0.0,0.019122968443539726,199.0,199.0,100.50251256281405,0.0,False,True,0.008403361344552126,620,n/a,n/a,n/a,n/a,n/a,n/a,n/a,n/a,1.0,1.0,190.0,n/a,donation,1.0,0.5,0.5,True,10,0.5,0.0,1.0,0.0,0.7,own,strip,0.08567800136455198,0.12347073559014267,0.1425365072870869,-0.0030844338320871584,0.7137435,0.03825709095774602,0.03825240649557303,0.3379107938668554,69,0.6231884057971014,family
PM5_P4_family,P4,317149051,200,True,custom,1.0,0.5,0.0,-0.5,True,0.01,0.5,100,0,30,0.1,10000,0.0,0.009499999999999998,0.9905000000000002,0.0,0.0,0.0,0.0,0.9915125,0.016575,0.01705464666445067,0.0,0.017103720072787255,199.0,199.0,100.50251256281406,0.0,False,True,-0.008523409363738342,576,n/a,n/a,n/a,n/a,n/a,n/a,n/a,n/a,1.0,1.0,189.84,n/a,donation,1.0,0.5,0.5,True,10,0.5,0.0,1.0,0.0,0.7,own,strip,0.0795294964193213,0.11548626899046435,0.13986979865266924,0.010889399077341816,0.713603,0.03418006931024673,0.03425838957810312,0.31977987004777675,64,0.640625,family
PM5_P4_family,P4,433399445,200,True,custom,1.0,0.5,0.0,-0.5,True,0.01,0.5,100,0,30,0.1,10000,0.0,0.014500000000000002,0.9855,0.0,0.0,0.0,0.0,0.9866375,0.026455,0.01913014085087369,0.0,0.01920427799610527,199.0,199.0,100.50251256281413,0.0,False,True,-0.00825930372148144,601,n/a,n/a,n/a,n/a,n/a,n/a,n/a,n/a,1.0,1.0,189.87,n/a,donation,1.0,0.5,0.5,True,10,0.5,0.0,1.0,0.0,0.7,own,strip,0.0760686270000245,0.10983219448460202,0.12518770778293975,-0.005308741719544692,0.713405,0.038364603556184776,0.03847240879987439,0.3400283977824319,67,0.5970149253731343,family
PM5_P4_family,P4,2121129191,200,True,custom,1.0,0.5,0.0,-0.5,True,0.01,0.5,100,0,30,0.1,10000,0.0,0.049,0.951,0.0,0.0,0.0,0.0,0.9531975000000001,0.088585,0.04708046316589327,0.0,0.046473600143238154,199.0,199.0,100.50251256281406,0.0,False,False,-0.11495798319328446,1552,n/a,n/a,n/a,n/a,n/a,n/a,n/a,n/a,1.0,1.0,189.51,n/a,donation,1.0,0.5,0.5,True,10,0.5,0.0,1.0,0.0,0.7,inclusive,strip,0.026854374802919828,0.040263623726794685,0.10870950238468678,-0.0016876588251381734,0.713246,0.0928606679883238,0.09305101236600012,0.15562937915876016,82,0.6219512195121951,family
PM5_P4_family,P4,686818433,200,True,custom,1.0,0.5,0.0,-0.5,True,0.01,0.5,100,0,30,0.1,10000,0.0,0.0445,0.9555,0.0,0.0,0.0,0.0,0.9588524999999999,0.079725,0.04111691680936607,0.0,0.04061951323379532,199.0,199.0,100.50251256281403,0.0,False,False,-0.02060024009604557,1398,n/a,n/a,n/a,n/a,n/a,n/a,n/a,n/a,1.0,1.0,189.7,n/a,donation,1.0,0.5,0.5,True,10,0.5,0.0,1.0,0.0,0.7,inclusive,strip,0.027449898384377426,0.041663253093702626,0.09829516300548106,-0.016968239445679028,0.713571,0.08131146024712327,0.08109601332267333,0.1376787953725607,88,0.5340909090909091,family
PM5_P4_family,P4,744720527,200,True,custom,1.0,0.5,0.0,-0.5,True,0.01,0.5,100,0,30,0.1,10000,0.0,0.03899999999999999,0.961,0.0,0.0,0.0,0.0,0.960445,0.07578,0.041571328885774465,0.0,0.0409011056102346,199.0,199.0,100.50251256281405,0.0,False,False,-0.06424969987995198,1306,n/a,n/a,n/a,n/a,n/a,n/a,n/a,n/a,1.0,1.0,189.81,n/a,donation,1.0,0.5,0.5,True,10,0.5,0.0,1.0,0.0,0.7,inclusive,strip,0.03128515796762887,0.04676463186581684,0.08371563431839807,0.0003088910967929347,0.7138875,0.08181331092083836,0.08175368080737472,0.24031321022608787,81,0.5679012345679012,family
PM5_P4_family,P4,381425458,200,True,custom,1.0,0.5,0.0,-0.5,True,0.01,0.5,100,0,30,0.1,10000,0.0,0.024999999999999998,0.975,0.0,0.0,0.0,0.0,0.9739550000000001,0.05173,0.03849999785529859,0.0,0.03840650726840521,199.0,199.0,100.50251256281403,0.0,False,True,-0.014141656662665066,1177,n/a,n/a,n/a,n/a,n/a,n/a,n/a,n/a,1.0,1.0,189.65,n/a,donation,1.0,0.5,0.5,True,10,0.5,0.0,1.0,0.0,0.7,inclusive,strip,0.03492845852458993,0.05254159639422478,0.09285825524543695,-0.021464159874878642,0.714068,0.07681236240806198,0.07681022061189374,0.25465408067913275,79,0.620253164556962,family
PM5_P4_family,P4,1620985466,200,True,custom,1.0,0.5,0.0,-0.5,True,0.01,0.5,100,0,30,0.1,10000,0.0,0.0235,0.9765,0.0,0.0,0.0,0.0,0.9788700000000002,0.0403,0.041725167382997926,0.0,0.04191915658284562,199.0,199.0,100.5025125628141,0.0,False,False,-0.042785114045625405,1132,n/a,n/a,n/a,n/a,n/a,n/a,n/a,n/a,1.0,1.0,189.72,n/a,donation,1.0,0.5,0.5,True,10,0.5,0.0,1.0,0.0,0.7,inclusive,strip,0.03592858073501525,0.053207429377898095,0.07928127236667706,0.013821825476244224,0.7136155,0.08395557551650713,0.08360525796612596,0.2978747783320531,79,0.6329113924050633,family
PM5_P4_family,P4,1669164794,200,True,custom,1.0,0.5,0.0,-0.5,True,0.01,0.5,100,0,30,0.1,10000,0.0,0.0475,0.9524999999999999,0.0,0.0,0.0,0.0,0.9555024999999999,0.084215,0.042248541483851224,0.0,0.04210195730744499,199.0,199.0,100.50251256281412,0.0,False,False,0.028091236494604994,1388,n/a,n/a,n/a,n/a,n/a,n/a,n/a,n/a,1.0,1.0,189.74,n/a,donation,1.0,0.5,0.5,True,10,0.5,0.0,1.0,0.0,0.7,inclusive,strip,0.025652884482252496,0.03970967081850441,0.0918733630020139,0.003309404222988943,0.7137525,0.08422037050658317,0.08421907614913668,0.1819984328287997,90,0.6111111111111112,family
PM5_P4_family,P4,798359651,200,True,custom,1.0,0.5,0.0,-0.5,True,0.01,0.5,100,0,30,0.1,10000,0.0,0.0225,0.9775000000000003,0.0,0.0,0.0,0.0,0.9792825000000001,0.040725,0.05098956899035053,0.0,0.050575711567426074,199.0,199.0,100.5025125628141,0.0,False,True,-0.019615846338521103,1540,n/a,n/a,n/a,n/a,n/a,n/a,n/a,n/a,1.0,1.0,189.57,n/a,donation,1.0,0.5,0.5,True,10,0.5,0.0,1.0,0.0,0.7,inclusive,strip,0.028566312652822435,0.04274812372348856,0.10039478344267548,-0.005202168046446511,0.7139645,0.10105194305879354,0.10127326852785756,0.22869388861649637,82,0.5975609756097561,family
PM5_P4_family,P4,126337246,200,True,custom,1.0,0.5,0.0,-0.5,True,0.01,0.5,100,0,30,0.1,10000,0.0,0.015500000000000003,0.9844999999999999,0.0,0.0,0.0,0.0,0.9840875,0.031365,0.055955964903761,0.0,0.0556575283133581,199.0,199.0,100.50251256281405,0.0,False,False,0.03394957983193993,1595,n/a,n/a,n/a,n/a,n/a,n/a,n/a,n/a,1.0,1.0,190.0,n/a,donation,1.0,0.5,0.5,True,10,0.5,0.0,1.0,0.0,0.7,inclusive,strip,0.02976936728374985,0.044813756236255345,0.09435375662165749,-0.0034293473627461752,0.7137435,0.11124444565869952,0.11138175028339968,0.23597070988670507,80,0.625,family
PM5_P4_family,P4,317149051,200,True,custom,1.0,0.5,0.0,-0.5,True,0.01,0.5,100,0,30,0.1,10000,0.0,0.0295,0.9705,0.0,0.0,0.0,0.0,0.9696800000000001,0.05908,0.042755793156911526,0.0,0.042449204272235,199.0,199.0,100.50251256281406,0.0,False,False,-0.05505402160864346,1369,n/a,n/a,n/a,n/a,n/a,n/a,n/a,n/a,1.0,1.0,189.84,n/a,donation,1.0,0.5,0.5,True,10,0.5,0.0,1.0,0.0,0.7,inclusive,strip,0.027397069046478182,0.04223852296951231,0.08345998460946125,-0.008203634198670007,0.713603,0.08488543349733675,0.085015729913372,0.19972270581659177,81,0.6296296296296297,family
PM5_P4_family,P4,433399445,200,True,custom,1.0,0.5,0.0,-0.5,True,0.01,0.5,100,0,30,0.1,10000,0.0,0.027000000000000003,0.9730000000000001,0.0,0.0,0.0,0.0,0.9755275000000001,0.047845,0.03868906456752006,0.0,0.03893279729731591,199.0,199.0,100.50251256281413,0.0,False,False,0.02979591836734694,1162,n/a,n/a,n/a,n/a,n/a,n/a,n/a,n/a,1.0,1.0,189.87,n/a,donation,1.0,0.5,0.5,True,10,0.5,0.0,1.0,0.0,0.7,inclusive,strip,0.03171389699133855,0.0469162887378124,0.0785091438197963,-0.005498917432359373,0.713405,0.07786145317176078,0.07783370261169943,0.26448970059254606,86,0.6162790697674418,family
PM5_P4_family,P4,2121129191,200,True,custom,1.0,0.7,0.0,-0.3,True,0.01,0.5,100,0,30,0.1,10000,0.0,0.015000000000000003,0.9850000000000001,0.0,0.0,0.0,0.0,0.9868075,0.026165,0.032353178436623345,0.0,0.032035496409124564,199.0,199.0,100.50251256281405,0.0,False,False,0.02825930372149575,784,n/a,n/a,n/a,n/a,n/a,n/a,n/a,n/a,1.0,1.0,173.64,n/a,donation,1.0,0.3,0.3,True,10,0.5,0.0,1.0,0.0,0.8,own,strip,0.08311961976920507,0.10529672530884596,0.18183584727156218,-0.006809571834605159,0.808702,0.045748619392557456,0.04584600989032818,0.24722266696040215,84,0.5833333333333334,family
PM5_P4_family,P4,686818433,200,True,custom,1.0,0.7,0.0,-0.3,True,0.01,0.5,100,0,30,0.1,10000,0.0,0.015000000000000003,0.985,0.0,0.0,0.0,0.0,0.9855099999999999,0.02896,0.032090429750179505,0.0,0.032042314588798256,199.0,199.0,100.5025125628141,0.0,False,True,-0.0035534213685402636,775,n/a,n/a,n/a,n/a,n/a,n/a,n/a,n/a,1.0,1.0,173.19,n/a,donation,1.0,0.3,0.3,True,10,0.5,0.0,1.0,0.0,0.8,own,strip,0.0652511762629435,0.08222911220134216,0.117047465105083,-0.016361685922936166,0.808759,0.04568109906659462,0.04619955971784293,0.2666778923462564,74,0.6216216216216216,family
PM5_P4_family,P4,744720527,200,True,custom,1.0,0.7,0.0,-0.3,True,0.01,0.5,100,0,30,0.1,10000,0.0,0.0085,0.9915,0.0,0.0,0.0,0.0,0.993015,0.01382,0.03990457249729847,0.0,0.040043348040309165,199.0,199.0,100.50251256281408,0.0,False,True,-0.015582232893164419,923,n/a,n/a,n/a,n/a,n/a,n/a,n/a,n/a,1.0,1.0,174.04,n/a,donation,1.0,0.3,0.3,True,10,0.5,0.0,1.0,0.0,0.8,own,strip,0.06269698777967189,0.07915564891340261,0.12621714124351288,-0.0014612312128871254,0.809127,0.05733154375023945,0.056722270829294874,0.30875789829142,74,0.6621621621621622,family
PM5_P4_family,P4,381425458,200,True,custom,1.0,0.7,0.0,-0.3,True,0.01,0.5,100,0,30,0.1,10000,0.0,0.0235,0.9765,0.0,0.0,0.0,0.0,0.9735074999999999,0.051545,0.04464452828565924,0.0,0.04460843558635807,199.0,199.0,100.50251256281412,0.0,False,False,-0.025306122448965282,938,n/a,n/a,n/a,n/a,n/a,n/a,n/a,n/a,1.0,1.0,173.08,n/a,donation,1.0,0.3,0.3,True,10,0.5,0.0,1.0,0.0,0.8,own,strip,0.05640198200956394,0.07135825983086361,0.11407308306080631,-0.006026500308196255,0.8093385,0.06364673125027415,0.06402577342567849,0.3563239172138014,77,0.5974025974025974,family
PM5_P4_family,P4,1620985466,200,True,custom,1.0,0.7,0.0,-0.3,True,0.01,0.5,100,0,30,0.1,10000,0.0,0.011,0.9890000000000001,0.0,0.0,0.0,0.0,0.9886125,0.022705,0.05148218288205462,0.0,0.05148218288205462,199.0,199.0,100.50251256281412,0.0,True,True,0.005690276110458489,1010,n/a,n/a,n/a,n/a,n/a,n/a,n/a,n/a,1.0,1.0,173.46,n/a,donation,1.0,0.3,0.3,True,10,0.5,0.0,1.0,0.0,0.8,own,strip,0.06157640807544797,0.07810135119075329,0.12360103835823819,-0.013650853454787353,0.8090325,0.07366391337801634,0.07302682393601005,0.39711629826628075,78,0.5897435897435898,family
PM5_P4_family,P4,1669164794,200,True,custom,1.0,0.7,0.0,-0.3,True,0.01,0.5,100,0,30,0.1,10000,0.0,0.03300000000000001,0.967,0.0,0.0,0.0,0.0,0.9612149999999999,0.07376,0.052776952311742835,0.0,0.05282275148940779,199.0,199.0,100.502512562814,0.0,False,False,-0.04794717887155577,1216,n/a,n/a,n/a,n/a,n/a,n/a,n/a,n/a,1.0,1.0,173.81,n/a,donation,1.0,0.3,0.3,True,10,0.5,0.0,1.0,0.0,0.8,own,strip,0.05453577436886661,0.06887709578407752,0.1344125688585198,0.0011453312349892072,0.8092025,0.0754393986672063,0.07553165004782557,0.28533280310062925,81,0.5802469135802469,family
PM5_P4_family,P4,798359651,200,True,custom,1.0,0.7,0.0,-0.3,True,0.01,0.5,100,0,30,0.1,10000,0.0,0.0095,0.9904999999999999,0.0,0.0,0.0,0.0,0.9910325,0.017905,0.05522717428087742,0.0,0.05492569638667783,199.0,199.0,100.50251256281413,0.0,False,True,-0.01337334933972874,1002,n/a,n/a,n/a,n/a,n/a,n/a,n/a,n/a,1.0,1.0,173.35,n/a,donation,1.0,0.3,0.3,True,10,0.5,0.0,1.0,0.0,0.8,own,strip,0.04802582575986819,0.061364739872153455,0.10664113959786191,-0.012538047138565994,0.809393,0.07850574442823202,0.07830641057253931,0.3633398967865694,77,0.6753246753246753,family
PM5_P4_family,P4,126337246,200,True,custom,1.0,0.7,0.0,-0.3,True,0.01,0.5,100,0,30,0.1,10000,0.0,0.007000000000000001,0.993,0.0,0.0,0.0,0.0,0.9929125000000001,0.014145,0.04865748944862692,0.0,0.04855471321740096,199.0,199.0,100.50251256281413,0.0,False,False,0.03663865546219203,982,n/a,n/a,n/a,n/a,n/a,n/a,n/a,n/a,1.0,1.0,172.05,n/a,donation,1.0,0.3,0.3,True,10,0.5,0.0,1.0,0.0,0.8,own,strip,0.05937961225439794,0.0752451193283036,0.11245124276197292,-0.011955644256383093,0.8092895,0.06931759277736829,0.06954520070997663,0.3635249092547826,78,0.6282051282051282,family
PM5_P4_family,P4,317149051,200,True,custom,1.0,0.7,0.0,-0.3,True,0.01,0.5,100,0,30,0.1,10000,0.0,0.015000000000000003,0.985,0.0,0.0,0.0,0.0,0.98349,0.03238,0.04471611678094103,0.0,0.044664028235173396,199.0,199.0,100.50251256281403,0.0,False,False,-0.028907563025202927,867,n/a,n/a,n/a,n/a,n/a,n/a,n/a,n/a,1.0,1.0,174.1,n/a,donation,1.0,0.3,0.3,True,10,0.5,0.0,1.0,0.0,0.8,own,strip,0.05705937821057279,0.0729299435393155,0.10663786886122704,-0.001976931740081706,0.8091155,0.06386387357552785,0.06357771322448916,0.368911183062934,75,0.6133333333333333,family
PM5_P4_family,P4,433399445,200,True,custom,1.0,0.7,0.0,-0.3,True,0.01,0.5,100,0,30,0.1,10000,0.0,0.0035000000000000005,0.9965000000000002,0.0,0.0,0.0,0.0,0.995935,0.00812,0.038304848482320145,0.0,0.0383951139756516,199.0,199.0,100.50251256281418,0.0,False,True,0.003361344537829437,806,n/a,n/a,n/a,n/a,n/a,n/a,n/a,n/a,1.0,1.0,173.84,n/a,donation,1.0,0.3,0.3,True,10,0.5,0.0,1.0,0.0,0.8,own,strip,0.07616169422309169,0.0964539656325818,0.13868795878729773,-0.007948611999212386,0.8087675,0.05479325022333365,0.05505732550690913,0.36514574469938993,71,0.6197183098591549,family
PM5_P4_family,P4,2121129191,200,True,custom,1.0,0.7,0.0,-0.3,True,0.01,0.5,100,0,30,0.1,10000,0.0,0.9914999999999999,0.0085,0.0,0.0,0.0,0.0,0.009085,0.01811,0.6156986888679512,0.0,0.6307839751033932,199.0,199.0,100.50251256281405,0.0,False,False,-0.12965186074429705,1537,n/a,n/a,n/a,n/a,n/a,n/a,n/a,n/a,1.0,1.0,173.64,n/a,donation,1.0,0.3,0.3,True,10,0.5,0.0,1.0,0.0,0.8,inclusive,strip,0.041416639899916,0.05290462120710691,0.12090647144388757,-0.012552746673727612,0.808702,0.9011115961132778,0.9011868916559505,0.21353393586645525,82,0.4024390243902439,family
PM5_P4_family,P4,686818433,200,True,custom,1.0,0.7,0.0,-0.3,True,0.01,0.5,100,0,30,0.1,10000,0.0,0.9345000000000001,0.0655,0.0,0.0,0.0,0.0,0.06281,0.11717,0.6226361955581177,0.0,0.626147665601165,199.0,199.0,100.5025125628141,0.0,False,False,0.09505402160864301,1652,n/a,n/a,n/a,n/a,n/a,n/a,n/a,n/a,1.0,1.0,173.19,n/a,donation,1.0,0.3,0.3,True,10,0.5,0.0,1.0,0.0,0.8,inclusive,strip,0.028489726176895467,0.03698969541543954,0.09965048225623754,0.0013257726384175272,0.808759,0.8945075108901416,0.8945335989667488,0.20541448161270873,91,0.45054945054945056,family
PM5_P4_family,P4,744720527,200,True,custom,1.0,0.7,0.0,-0.3,True,0.01,0.5,100,0,30,0.1,10000,0.0,0.9590000000000002,0.040999999999999995,0.0,0.0,0.0,0.0,0.038192500000000004,0.073545,0.652637707974342,0.0,0.652008005918399,199.0,199.0,100.50251256281408,0.0,False,False,0.07764705882352942,1167,n/a,n/a,n/a,n/a,n/a,n/a,n/a,n/a,1.0,1.0,174.04,n/a,donation,1.0,0.3,0.3,True,10,0.5,0.0,1.0,0.0,0.8,inclusive,strip,0.044333049219458714,0.05595555946368775,0.1240925423146546,-0.006057440110508896,0.809127,0.9314072450925504,0.9315762313161107,0.1697614312078669,78,0.44871794871794873,family
PM5_P4_family,P4,381425458,200,True,custom,1.0,0.7,0.0,-0.3,True,0.01,0.5,100,0,30,0.1,10000,0.0,0.9739999999999999,0.026000000000000002,0.0,0.0,0.0,0.0,0.021910000000000002,0.04268,0.6374587585465252,0.0,0.6403597951271683,199.0,199.0,100.50251256281412,0.0,False,False,-0.23464585834333643,1540,n/a,n/a,n/a,n/a,n/a,n/a,n/a,n/a,1.0,1.0,173.08,n/a,donation,1.0,0.3,0.3,True,10,0.5,0.0,1.0,0.0,0.8,inclusive,strip,0.032761461835133454,0.04147952861049633,0.13340468618208018,-0.0053499611024598725,0.8093385,0.9148298270748272,0.9146497850903302,0.11437844984764356,88,0.45454545454545453,family
PM5_P4_family,P4,1620985466,200,True,custom,1.0,0.7,0.0,-0.3,True,0.01,0.5,100,0,30,0.1,10000,0.0,0.9890000000000001,0.011,0.0,0.0,0.0,0.0,0.009447500000000001,0.018735,0.6356497444758592,0.0,0.6388277558789776,199.0,199.0,100.50251256281412,0.0,False,False,-0.18247298919567737,1586,n/a,n/a,n/a,n/a,n/a,n/a,n/a,n/a,1.0,1.0,173.46,n/a,donation,1.0,0.3,0.3,True,10,0.5,0.0,1.0,0.0,0.8,inclusive,strip,0.029840301073910128,0.03873673116946238,0.1310380459182737,-0.005013082771885336,0.8090325,0.9125900381010652,0.9126998049406313,0.10877025007980348,78,0.4358974358974359,family
PM5_P4_family,P4,1669164794,200,True,custom,1.0,0.7,0.0,-0.3,True,0.01,0.5,100,0,30,0.1,10000,0.0,0.9895000000000002,0.0105,0.0,0.0,0.0,0.0,0.008942500000000003,0.017875,0.6518081561683146,0.0,0.6457163763769845,199.0,199.0,100.502512562814,0.0,False,False,-0.05735894357743064,1340,n/a,n/a,n/a,n/a,n/a,n/a,n/a,n/a,1.0,1.0,173.81,n/a,donation,1.0,0.3,0.3,True,10,0.5,0.0,1.0,0.0,0.8,inclusive,strip,0.03605364738402752,0.04603241566492863,0.13226066729955258,-0.012322277001912383,0.8092025,0.9224718163871218,0.9223129233873609,0.1401835815382306,78,0.4358974358974359,family
PM5_P4_family,P4,798359651,200,True,custom,1.0,0.7,0.0,-0.3,True,0.01,0.5,100,0,30,0.1,10000,0.0,0.893,0.10700000000000001,0.0,0.0,0.0,0.0,0.11385750000000001,0.200985,0.6239726378775543,0.0,0.6256385167936583,199.0,199.0,100.50251256281413,0.0,False,False,0.02309723889555867,1956,n/a,n/a,n/a,n/a,n/a,n/a,n/a,n/a,1.0,1.0,173.35,n/a,donation,1.0,0.3,0.3,True,10,0.5,0.0,1.0,0.0,0.8,inclusive,strip,0.025561516298357102,0.03301966968325129,0.13854290674825734,-0.005713676264929654,0.809393,0.8937098541746716,0.8939939246722314,0.07456470608769315,92,0.4673913043478261,family
PM5_P4_family,P4,126337246,200,True,custom,1.0,0.7,0.0,-0.3,True,0.01,0.5,100,0,30,0.1,10000,0.0,0.985,0.015000000000000003,0.0,0.0,0.0,0.0,0.014435,0.02834,0.6323193815184157,0.0,0.6301701834390987,199.0,199.0,100.50251256281413,0.0,False,False,-0.13860744297719022,1655,n/a,n/a,n/a,n/a,n/a,n/a,n/a,n/a,1.0,1.0,172.05,n/a,donation,1.0,0.3,0.3,True,10,0.5,0.0,1.0,0.0,0.8,inclusive,strip,0.026998889572793953,0.03536517324694739,0.12021852971010764,0.000523843298993502,0.8092895,0.900319972024844,0.8999320960303706,0.14624365650757565,80,0.3625,family
PM5_P4_family,P4,317149051,200,True,custom,1.0,0.7,0.0,-0.3,True,0.01,0.5,100,0,30,0.1,10000,0.0,0.9684999999999999,0.0315,0.0,0.0,0.0,0.0,0.03568,0.06862,0.6435416623018404,0.0,0.647236966928377,199.0,199.0,100.50251256281403,0.0,False,False,-0.03476590636254502,1401,n/a,n/a,n/a,n/a,n/a,n/a,n/a,n/a,1.0,1.0,174.1,n/a,donation,1.0,0.3,0.3,True,10,0.5,0.0,1.0,0.0,0.8,inclusive,strip,0.034409323261457625,0.04542779819719035,0.12899290971197586,-0.004011976698216307,0.8091155,0.9247273720500967,0.9242355979663095,0.11140468895354562,90,0.4888888888888889,family
PM5_P4_family,P4,433399445,200,True,custom,1.0,0.7,0.0,-0.3,True,0.01,0.5,100,0,30,0.1,10000,0.0,0.9650000000000001,0.03500000000000001,0.0,0.0,0.0,0.0,0.033804999999999995,0.06615,0.6243321752630013,0.0,0.6249082672313805,199.0,199.0,100.50251256281418,0.0,False,False,0.07253301320528234,1752,n/a,n/a,n/a,n/a,n/a,n/a,n/a,n/a,1.0,1.0,173.84,n/a,donation,1.0,0.3,0.3,True,10,0.5,0.0,1.0,0.0,0.8,inclusive,strip,0.02839549675547548,0.03655330093093443,0.11518534180232562,-0.015437337713033307,0.8087675,0.8926394173850952,0.8930751833501105,0.16550363732361337,78,0.4358974358974359,family
PM5_P4_family,P4,2121129191,200,True,custom,1.0,0.5,0.0,-0.5,True,0.01,0.5,100,0,30,0.1,10000,0.0,0.014000000000000002,0.986,0.0,0.0,0.0,0.0,0.9873350000000001,0.02512,0.015738495584688674,0.0,0.015575186279799268,199.0,199.0,100.50251256281405,0.0,False,True,0.003817527010811477,597,n/a,n/a,n/a,n/a,n/a,n/a,n/a,n/a,1.0,1.0,173.64,n/a,donation,1.0,0.5,0.5,True,10,0.5,0.0,1.0,0.0,0.8,own,strip,0.10638133889339495,0.13530413504291008,0.2165759626343918,-0.005958975395142497,0.808702,0.0311171482202344,0.03131240263881483,0.266711654069856,79,0.5949367088607594,family
PM5_P4_family,P4,686818433,200,True,custom,1.0,0.5,0.0,-0.5,True,0.01,0.5,100,0,30,0.1,10000,0.0,0.012499999999999999,0.9875,0.0,0.0,0.0,0.0,0.98751,0.02496,0.014317016891134522,0.0,0.014356484785147797,199.0,199.0,100.5025125628141,0.0,False,True,-0.006602641056415413,578,n/a,n/a,n/a,n/a,n/a,n/a,n/a,n/a,1.0,1.0,173.19,n/a,donation,1.0,0.5,0.5,True,10,0.5,0.0,1.0,0.0,0.8,own,strip,0.09869635269350577,0.12426678058426549,0.18156972093192442,-0.015667536450679198,0.808759,0.028678506205185972,0.0289020136895331,0.24799274200212418,69,0.5797101449275363,family
PM5_P4_family,P4,744720527,200,True,custom,1.0,0.5,0.0,-0.5,True,0.01,0.5,100,0,30,0.1,10000,0.0,0.0055000000000000005,0.9945000000000002,0.0,0.0,0.0,0.0,0.99552,0.00894,0.017717590827338578,0.0,0.0178145092728849,199.0,199.0,100.50251256281408,0.0,False,True,-0.0030972388955510678,580,n/a,n/a,n/a,n/a,n/a,n/a,n/a,n/a,1.0,1.0,174.04,n/a,donation,1.0,0.5,0.5,True,10,0.5,0.0,1.0,0.0,0.8,own,strip,0.10755082103521942,0.13471161555784128,0.17163007333113955,-0.007292504786047803,0.809127,0.035723069431621984,0.035245948877001984,0.367825736187281,66,0.6818181818181818,family
PM5_P4_family,P4,381425458,200,True,custom,1.0,0.5,0.0,-0.5,True,0.01,0.5,100,0,30,0.1,10000,0.0,0.0125,0.9874999999999998,0.0,0.0,0.0,0.0,0.9854549999999997,0.02871,0.02085246875081931,0.0,0.02075544301933252,199.0,199.0,100.50251256281412,0.0,False,True,-0.014573829531798414,651,n/a,n/a,n/a,n/a,n/a,n/a,n/a,n/a,1.0,1.0,173.08,n/a,donation,1.0,0.5,0.5,True,10,0.5,0.0,1.0,0.0,0.8,own,strip,0.08852211312052113,0.11297390416557249,0.1571853001350239,-0.004822588439787361,0.8093385,0.041398623690828994,0.04191590856045924,0.35457944217124654,74,0.6081081081081081,family
PM5_P4_family,P4,1620985466,200,True,custom,1.0,0.5,0.0,-0.5,True,0.01,0.5,100,0,30,0.1,10000,0.0,0.009000000000000001,0.991,0.0,0.0,0.0,0.0,0.9905624999999999,0.018815,0.022889084385992926,0.0,0.022889084385992926,199.0,199.0,100.50251256281412,0.0,True,True,0.004417767106864204,668,n/a,n/a,n/a,n/a,n/a,n/a,n/a,n/a,1.0,1.0,173.46,n/a,donation,1.0,0.5,0.5,True,10,0.5,0.0,1.0,0.0,0.8,own,strip,0.11067758687904301,0.13877776239595407,0.1752562450523485,-0.013522956305060525,0.8090325,0.04583962943392262,0.045451451163156034,0.4217217602739751,72,0.6666666666666666,family
PM5_P4_family,P4,1669164794,200,True,custom,1.0,0.5,0.0,-0.5,True,0.01,0.5,100,0,30,0.1,10000,0.0,0.015000000000000003,0.9850000000000001,0.0,0.0,0.0,0.0,0.9841374999999999,0.030865,0.022544649721604023,0.0,0.022534366402706354,199.0,199.0,100.502512562814,0.0,False,True,-0.004369747899159664,762,n/a,n/a,n/a,n/a,n/a,n/a,n/a,n/a,1.0,1.0,173.81,n/a,donation,1.0,0.5,0.5,True,10,0.5,0.0,1.0,0.0,0.8,own,strip,0.08840836656602051,0.11061726321544388,0.15452035081602228,0.007039208113688043,0.8092025,0.045084821166518886,0.04499665876125211,0.34021697086692326,73,0.6164383561643836,family
PM5_P4_family,P4,798359651,200,True,custom,1.0,0.5,0.0,-0.5,True,0.01,0.5,100,0,30,0.1,10000,0.0,0.0055,0.9945,0.0,0.0,0.0,0.0,0.9940125,0.011965,0.018986142949682146,0.0,0.018986142949682146,199.0,199.0,100.50251256281413,0.0,True,True,0.002496998799541274,586,n/a,n/a,n/a,n/a,n/a,n/a,n/a,n/a,1.0,1.0,173.35,n/a,donation,1.0,0.5,0.5,True,10,0.5,0.0,1.0,0.0,0.8,own,strip,0.0942970250759152,0.1188156555013964,0.14417171957339273,-0.012867941183694066,0.809393,0.038067415952448315,0.037619289952625035,0.3766038809981513,65,0.676923076923077,family
PM5_P4_family,P4,126337246,200,True,custom,1.0,0.5,0.0,-0.5,True,0.01,0.5,100,0,30,0.1,10000,0.0,0.0055000000000000005,0.9945,0.0,0.0,0.0,0.0,0.9960525,0.007895,0.023102239298167678,0.0,0.022980907238853297,199.0,199.0,100.50251256281413,0.0,False,False,0.027490996398559425,704,n/a,n/a,n/a,n/a,n/a,n/a,n/a,n/a,1.0,1.0,172.05,n/a,donation,1.0,0.5,0.5,True,10,0.5,0.0,1.0,0.0,0.8,own,strip,0.09066763604722257,0.11344434870321252,0.14107911392868364,-0.011239763458915192,0.8092895,0.04589704920179985,0.046191740884744155,0.37422945261082025,70,0.6571428571428571,family
PM5_P4_family,P4,317149051,200,True,custom,1.0,0.5,0.0,-0.5,True,0.01,0.5,100,0,30,0.1,10000,0.0,0.0085,0.9914999999999999,0.0,0.0,0.0,0.0,0.9898525000000001,0.019905,0.022086603928420257,0.0,0.022070016064271593,199.0,199.0,100.50251256281403,0.0,False,True,-0.01697478991594492,637,n/a,n/a,n/a,n/a,n/a,n/a,n/a,n/a,1.0,1.0,174.1,n/a,donation,1.0,0.5,0.5,True,10,0.5,0.0,1.0,0.0,0.8,own,strip,0.09314386391768639,0.11841365333215424,0.13804177113783322,0.0015864330117257488,0.8091155,0.044157787114447816,0.04409603713240205,0.3907998107144474,69,0.6521739130434783,family
PM5_P4_family,P4,433399445,200,True,custom,1.0,0.5,0.0,-0.5,True,0.01,0.5,100,0,30,0.1,10000,0.0,0.003,0.9970000000000001,0.0,0.0,0.0,0.0,0.9974399999999999,0.00512,0.019694014073174594,0.0,0.019706930149862998,199.0,199.0,100.50251256281418,0.0,False,True,-0.00031212484992566516,636,n/a,n/a,n/a,n/a,n/a,n/a,n/a,n/a,1.0,1.0,173.84,n/a,donation,1.0,0.5,0.5,True,10,0.5,0.0,1.0,0.0,0.8,own,strip,0.1031315674365578,0.13035558934757838,0.16836316440655982,-0.0051520422525084255,0.8087675,0.03930734110853861,0.03980364216333521,0.3809662390612054,63,0.6825396825396826,family
PM5_P4_family,P4,2121129191,200,True,custom,1.0,0.5,0.0,-0.5,True,0.01,0.5,100,0,30,0.1,10000,0.0,0.047,0.953,0.0,0.0,0.0,0.0,0.9532550000000001,0.08994,0.058347656112029044,0.0,0.05786383283711144,199.0,199.0,100.50251256281405,0.0,False,False,0.044825930372134545,1887,n/a,n/a,n/a,n/a,n/a,n/a,n/a,n/a,1.0,1.0,173.64,n/a,donation,1.0,0.5,0.5,True,10,0.5,0.0,1.0,0.0,0.8,inclusive,strip,0.026023195021030527,0.03403748041386051,0.11762285225244815,-0.011666162089638415,0.808702,0.11570516704546298,0.11593822204100408,0.11323202484220046,89,0.5617977528089888,family
PM5_P4_family,P4,686818433,200,True,custom,1.0,0.5,0.0,-0.5,True,0.01,0.5,100,0,30,0.1,10000,0.0,0.04950000000000001,0.9504999999999999,0.0,0.0,0.0,0.0,0.9449024999999999,0.103955,0.05050970259346314,0.0,0.05044583473157855,199.0,199.0,100.5025125628141,0.0,False,True,-0.005546218487387802,1644,n/a,n/a,n/a,n/a,n/a,n/a,n/a,n/a,1.0,1.0,173.19,n/a,donation,1.0,0.5,0.5,True,10,0.5,0.0,1.0,0.0,0.8,inclusive,strip,0.026274583178727634,0.03410308077791933,0.10039163704951326,-0.004921822250391385,0.808759,0.1008733751340016,0.10098775890107246,0.13902985305877114,90,0.6222222222222222,family
PM5_P4_family,P4,744720527,200,True,custom,1.0,0.5,0.0,-0.5,True,0.01,0.5,100,0,30,0.1,10000,0.0,0.05450000000000001,0.9454999999999998,0.0,0.0,0.0,0.0,0.9421350000000001,0.10749,0.06632530516385886,0.0,0.06631326713919337,199.0,199.0,100.50251256281408,0.0,False,False,-0.08722689075630252,2013,n/a,n/a,n/a,n/a,n/a,n/a,n/a,n/a,1.0,1.0,174.04,n/a,donation,1.0,0.5,0.5,True,10,0.5,0.0,1.0,0.0,0.8,inclusive,strip,0.02602232992237291,0.03315357162364209,0.11569263277768853,0.011009573186271465,0.809127,0.13277180220163212,0.13223321265972662,0.1855898098104938,91,0.6153846153846154,family
PM5_P4_family,P4,381425458,200,True,custom,1.0,0.5,0.0,-0.5,True,0.01,0.5,100,0,30,0.1,10000,0.0,0.046,0.954,0.0,0.0,0.0,0.0,0.95244,0.09102,0.05317862727224295,0.0,0.053196840016588774,199.0,199.0,100.50251256281412,0.0,False,True,-0.0030492196878751502,1582,n/a,n/a,n/a,n/a,n/a,n/a,n/a,n/a,1.0,1.0,173.08,n/a,donation,1.0,0.5,0.5,True,10,0.5,0.0,1.0,0.0,0.8,inclusive,strip,0.02815281325356721,0.03750805209701113,0.09631983678520917,-0.00968855068426866,0.8093385,0.10631892588824082,0.10667596761800363,0.2558389780544966,80,0.5,family
PM5_P4_family,P4,1620985466,200,True,custom,1.0,0.5,0.0,-0.5,True,0.01,0.5,100,0,30,0.1,10000,0.0,0.034,0.966,0.0,0.0,0.0,0.0,0.9670850000000002,0.06397,0.08487218991238982,0.0,0.08487762892329778,199.0,199.0,100.50251256281412,0.0,False,False,0.10230492196878035,2298,n/a,n/a,n/a,n/a,n/a,n/a,n/a,n/a,1.0,1.0,173.46,n/a,donation,1.0,0.5,0.5,True,10,0.5,0.0,1.0,0.0,0.8,inclusive,strip,0.024680543678869404,0.03265352851650312,0.12881106100049303,-0.00942820858648085,0.8090325,0.1699026306112548,0.16918454710880124,0.2442841694110368,83,0.6265060240963856,family
PM5_P4_family,P4,1669164794,200,True,custom,1.0,0.5,0.0,-0.5,True,0.01,0.5,100,0,30,0.1,10000,0.0,0.11950000000000001,0.8805,0.0,0.0,0.0,0.0,0.8813825,0.209005,0.09821336457763472,0.0,0.0972596748532601,199.0,199.0,100.502512562814,0.0,False,False,-0.14554621848739496,2713,n/a,n/a,n/a,n/a,n/a,n/a,n/a,n/a,1.0,1.0,173.81,n/a,donation,1.0,0.5,0.5,True,10,0.5,0.0,1.0,0.0,0.8,inclusive,strip,0.012920633434144457,0.01791484827401891,0.11276735214101401,-0.0002797922638712415,0.8092025,0.19455451509356433,0.19419541660661171,0.18616732531831812,89,0.5168539325842697,family
PM5_P4_family,P4,798359651,200,True,custom,1.0,0.5,0.0,-0.5,True,0.01,0.5,100,0,30,0.1,10000,0.0,0.07100000000000001,0.9289999999999999,0.0,0.0,0.0,0.0,0.9264024999999998,0.136205,0.08201650781285273,0.0,0.08145747342202128,199.0,199.0,100.50251256281413,0.0,False,False,-0.0917406962785114,2125,n/a,n/a,n/a,n/a,n/a,n/a,n/a,n/a,1.0,1.0,173.35,n/a,donation,1.0,0.5,0.5,True,10,0.5,0.0,1.0,0.0,0.8,inclusive,strip,0.024208737883137422,0.03145924080733104,0.10457501376318327,-0.003253511066647936,0.809393,0.16301784176537232,0.16263568494336514,0.25600426462829323,92,0.5978260869565217,family
PM5_P4_family,P4,126337246,200,True,custom,1.0,0.5,0.0,-0.5,True,0.01,0.5,100,0,30,0.1,10000,0.0,0.043,0.9569999999999999,0.0,0.0,0.0,0.0,0.9546999999999999,0.0875,0.07124322088291975,0.0,0.0711486125611559,199.0,199.0,100.50251256281413,0.0,False,False,0.08050420168068657,2007,n/a,n/a,n/a,n/a,n/a,n/a,n/a,n/a,1.0,1.0,172.05,n/a,donation,1.0,0.5,0.5,True,10,0.5,0.0,1.0,0.0,0.8,inclusive,strip,0.022600133912959744,0.029118495004375005,0.10067282725124771,-0.015510047436099135,0.8092895,0.14226275022720547,0.14253934628664913,0.24751231622817987,89,0.5842696629213483,family
PM5_P4_family,P4,317149051,200,True,custom,1.0,0.5,0.0,-0.5,True,0.01,0.5,100,0,30,0.1,10000,0.0,0.0405,0.9594999999999999,0.0,0.0,0.0,0.0,0.954115,0.08601,0.07047000591487967,0.0,0.07051974244248593,199.0,199.0,100.50251256281403,0.0,False,False,-0.06434573829531097,1769,n/a,n/a,n/a,n/a,n/a,n/a,n/a,n/a,1.0,1.0,174.1,n/a,donation,1.0,0.5,0.5,True,10,0.5,0.0,1.0,0.0,0.8,inclusive,strip,0.024045905925491284,0.03136435652011632,0.1005130676869958,0.009400388362038187,0.8091155,0.1410873972875319,0.14089672026801547,0.3070688492355846,79,0.6329113924050633,family
PM5_P4_family,P4,433399445,200,True,custom,1.0,0.5,0.0,-0.5,True,0.01,0.5,100,0,30,0.1,10000,0.0,0.020499999999999997,0.9794999999999998,0.0,0.0,0.0,0.0,0.9787549999999999,0.04085,0.07583656698552599,0.0,0.07567664739737064,199.0,199.0,100.50251256281418,0.0,False,False,0.03217286914767337,2169,n/a,n/a,n/a,n/a,n/a,n/a,n/a,n/a,1.0,1.0,173.84,n/a,donation,1.0,0.5,0.5,True,10,0.5,0.0,1.0,0.0,0.8,inclusive,strip,0.02849891551771416,0.03586812079317844,0.13831572997217043,0.016005418594396255,0.8087675,0.15132624641816098,0.1515119030499523,0.2161488857554744,88,0.5454545454545454,family
PM5_P4_family,P4,2121129191,200,True,custom,1.0,0.7,0.0,-0.3,True,0.01,0.5,100,0,30,0.1,10000,0.0,0.0195,0.9804999999999999,0.0,0.0,0.0,0.0,0.9809524999999999,0.037365,0.035671812379383744,0.0,0.03547105635835101,198.98,198.98,100.51266382417136,0.0,False,True,0.008427370948386506,813,n/a,n/a,n/a,n/a,n/a,n/a,n/a,n/a,0.9999900432352362,0.9999900432352362,129.84,n/a,donation,1.0,0.3,0.3,True,10,0.5,0.0,1.0,0.0,0.9,own,strip,0.06487684944423104,0.07209069863654896,0.12442839717922116,-0.0011297608016256184,0.90436,0.050692202220354726,0.0505672312839816,0.28858872774026584,67,0.6716417910447762,family
PM5_P4_family,P4,686818433,200,True,custom,1.0,0.7,0.0,-0.3,True,0.01,0.5,100,0,30,0.1,10000,0.0,0.013000000000000001,0.9869999999999999,0.0,0.0,0.0,0.0,0.9879824999999999,0.024015,0.03191251628986174,0.0,0.03169982105596822,198.98,198.98,100.51271509060453,0.0,False,False,-0.027827130852340936,791,n/a,n/a,n/a,n/a,n/a,n/a,n/a,n/a,1.0,1.0,129.39,n/a,donation,1.0,0.3,0.3,True,10,0.5,0.0,1.0,0.0,0.9,own,strip,0.08145181071805686,0.09056933394511815,0.15457688962483984,-0.014870295619641356,0.9043925,0.04529670469403495,0.04526580027717491,0.2505762806494181,72,0.5555555555555556,family
PM5_P4_family,P4,744720527,200,True,custom,1.0,0.7,0.0,-0.3,True,0.01,0.5,100,0,30,0.1,10000,0.0,0.026500000000000003,0.9734999999999999,0.0,0.0,0.0,0.0,0.9740675,0.050485,0.04187381529849985,0.0,0.042153080031686115,198.99,198.99,100.50760304045473,0.0,False,False,-0.05224489795917652,866,n/a,n/a,n/a,n/a,n/a,n/a,n/a,n/a,1.0,1.0,129.68,n/a,donation,1.0,0.3,0.3,True,10,0.5,0.0,1.0,0.0,0.9,own,strip,0.08404694288067083,0.09380169699309843,0.15312820841647856,-0.006572310572956745,0.904748,0.06020875426085496,0.06022445722924453,0.3678931642628706,77,0.5844155844155844,family
PM5_P4_family,P4,381425458,200,True,custom,1.0,0.7,0.0,-0.3,True,0.01,0.5,100,0,30,0.1,10000,0.0,0.010499999999999999,0.9894999999999999,0.0,0.0,0.0,0.0,0.9910874999999999,0.017825,0.04721126838447538,0.0,0.047275999846507155,198.99,198.99,100.50759428455409,0.0,False,False,0.02749099639856658,941,n/a,n/a,n/a,n/a,n/a,n/a,n/a,n/a,1.0,1.0,129.98,n/a,donation,1.0,0.3,0.3,True,10,0.5,0.0,1.0,0.0,0.9,own,strip,0.06329627069069742,0.0706149576195603,0.12325564948778488,-0.01344659563211482,0.90418,0.06751199982304408,0.06788770611563348,0.38222855243225257,70,0.6,family
PM5_P4_family,P4,1620985466,200,True,custom,1.0,0.7,0.0,-0.3,True,0.01,0.5,100,0,30,0.1,10000,0.0,0.014499999999999999,0.9855,0.0,0.0,0.0,0.0,0.9870899999999999,0.02579,0.046304701191526715,0.0,0.04635640767679437,198.99,198.99,100.50756179889349,0.0,False,True,0.010804321728698631,884,n/a,n/a,n/a,n/a,n/a,n/a,n/a,n/a,1.0,1.0,128.45,n/a,donation,1.0,0.3,0.3,True,10,0.5,0.0,1.0,0.0,0.9,own,strip,0.07087151368392121,0.07903338728214741,0.1363005029350455,-0.016798645146360553,0.904465,0.06618332384337702,0.06654105825090281,0.3980050313413888,74,0.5945945945945946,family
PM5_P4_family,P4,1669164794,200,True,custom,1.0,0.7,0.0,-0.3,True,0.01,0.5,100,0,30,0.1,10000,0.0,0.009499999999999998,0.9905000000000002,0.0,0.0,0.0,0.0,0.9850949999999999,0.02946,0.04815049869491108,0.0,0.04815049869491108,199.0,199.0,100.5025125628141,0.0,True,True,-0.007707082833140409,942,n/a,n/a,n/a,n/a,n/a,n/a,n/a,n/a,0.9999901611221831,0.9999901611221831,130.38,n/a,donation,1.0,0.3,0.3,True,10,0.5,0.0,1.0,0.0,0.9,own,strip,0.05813207420166576,0.06564586745123609,0.12308931405005462,-0.018400027184989183,0.9045125,0.06865936070535233,0.06996203691582668,0.3608880095294649,84,0.6071428571428571,family
PM5_P4_family,P4,798359651,200,True,custom,1.0,0.7,0.0,-0.3,True,0.01,0.5,100,0,30,0.1,10000,0.0,0.014499999999999999,0.9855,0.0,0.0,0.0,0.0,0.9875550000000001,0.02458,0.0521172599543146,0.0,0.05197030022670771,199.0,199.0,100.50251256281408,0.0,False,True,0.001464585834340889,973,n/a,n/a,n/a,n/a,n/a,n/a,n/a,n/a,0.9999850797111349,0.9999850797111349,128.68,n/a,donation,1.0,0.3,0.3,True,10,0.5,0.0,1.0,0.0,0.9,own,strip,0.06196185918468436,0.06884707247226503,0.12648034302660782,-0.002793757706771417,0.9044795,0.07424518742547509,0.0742170528839359,0.389754639363142,77,0.5974025974025974,family
PM5_P4_family,P4,126337246,200,True,custom,1.0,0.7,0.0,-0.3,True,0.01,0.5,100,0,30,0.1,10000,0.0,0.043000000000000003,0.9569999999999999,0.0,0.0,0.0,0.0,0.9551300000000001,0.08625,0.047690051151908205,0.0,0.04735600398005655,198.99,198.99,100.50760164458667,0.0,False,False,-0.0451140456182473,979,n/a,n/a,n/a,n/a,n/a,n/a,n/a,n/a,0.9999949479481701,0.9999949479481701,129.54,n/a,donation,1.0,0.3,0.3,True,10,0.5,0.0,1.0,0.0,0.9,own,strip,0.06938800539564095,0.07867316282519347,0.13652233337573472,-0.007879193461414991,0.9043975,0.06758947254940444,0.06819643837765749,0.35756057215255976,74,0.6081081081081081,family
PM5_P4_family,P4,317149051,200,True,custom,1.0,0.7,0.0,-0.3,True,0.01,0.5,100,0,30,0.1,10000,0.0,0.01,0.99,0.0,0.0,0.0,0.0,0.9908874999999998,0.018225,0.050385609092546864,0.0,0.05039997918818693,198.99,198.99,100.50758451347652,0.0,False,True,0.014669867947178871,1043,n/a,n/a,n/a,n/a,n/a,n/a,n/a,n/a,0.9999949818813941,0.9999949818813941,128.83,n/a,donation,1.0,0.3,0.3,True,10,0.5,0.0,1.0,0.0,0.9,own,strip,0.06117746037111788,0.06808473478148064,0.13066896112363857,-0.010838427315389029,0.9044755,0.07192511018816983,0.07280854649854226,0.3583605387061674,83,0.5903614457831325,family
PM5_P4_family,P4,433399445,200,True,custom,1.0,0.7,0.0,-0.3,True,0.01,0.5,100,0,30,0.1,10000,0.0,0.039,0.961,0.0,0.0,0.0,0.0,0.9630799999999999,0.07037,0.04412776648761721,0.0,0.044001125136196195,198.99,198.99,100.50761433429781,0.0,False,False,-0.03212484993997599,888,n/a,n/a,n/a,n/a,n/a,n/a,n/a,n/a,0.999994993734336,0.999994993734336,130.44,n/a,donation,1.0,0.3,0.3,True,10,0.5,0.0,1.0,0.0,0.9,own,strip,0.06414560692726733,0.07167199966551635,0.1207917197538093,0.004942531189066737,0.9042735,0.06288639443708126,0.06255582310018647,0.37586189351011434,75,0.5733333333333334,family
PM5_P4_family,P4,2121129191,200,True,custom,1.0,0.7,0.0,-0.3,True,0.01,0.5,100,0,30,0.1,10000,0.0,0.9674999999999999,0.0325,0.0,0.0,0.0,0.0,0.030372500000000004,0.058805,0.6443165513832869,0.0,0.6438968962489082,198.98,198.98,100.51266382417136,0.0,False,False,-0.02732292917166889,1345,n/a,n/a,n/a,n/a,n/a,n/a,n/a,n/a,0.9999900432352362,0.9999900432352362,129.84,n/a,donation,1.0,0.3,0.3,True,10,0.5,0.0,1.0,0.0,0.9,inclusive,strip,0.03839183608413443,0.043252906249632635,0.1218340277083052,8.008243927853341e-05,0.90436,0.9199066190455129,0.9193538268506901,0.19549003860114136,86,0.3953488372093023,family
PM5_P4_family,P4,686818433,200,True,custom,1.0,0.7,0.0,-0.3,True,0.01,0.5,100,0,30,0.1,10000,0.0,0.9764999999999999,0.0235,0.0,0.0,0.0,0.0,0.022595,0.04451,0.6403391349214987,0.0,0.6463448564245754,198.98,198.98,100.51271509060453,0.0,False,False,-0.04883553421368525,1240,n/a,n/a,n/a,n/a,n/a,n/a,n/a,n/a,1.0,1.0,129.39,n/a,donation,1.0,0.3,0.3,True,10,0.5,0.0,1.0,0.0,0.9,inclusive,strip,0.04216496961127883,0.04730128429617717,0.12291313903951846,-0.011719880382024246,0.9043925,0.9233643025566886,0.9232774625421646,0.22622249187074042,84,0.42857142857142855,family
PM5_P4_family,P4,744720527,200,True,custom,1.0,0.7,0.0,-0.3,True,0.01,0.5,100,0,30,0.1,10000,0.0,0.9715,0.028500000000000004,0.0,0.0,0.0,0.0,0.0278025,0.053095,0.660916302626443,0.0,0.6535560784077846,198.99,198.99,100.50760304045473,0.0,False,False,-0.039759903961583964,1172,n/a,n/a,n/a,n/a,n/a,n/a,n/a,n/a,1.0,1.0,129.68,n/a,donation,1.0,0.3,0.3,True,10,0.5,0.0,1.0,0.0,0.9,inclusive,strip,0.06879299983402327,0.07712324807828169,0.18049192766709238,0.014492064033542725,0.904748,0.9336107954922255,0.9339226472934952,0.1843958956180265,80,0.4625,family
PM5_P4_family,P4,381425458,200,True,custom,1.0,0.7,0.0,-0.3,True,0.01,0.5,100,0,30,0.1,10000,0.0,0.9734999999999999,0.026500000000000003,0.0,0.0,0.0,0.0,0.0262075,0.050765,0.6794626909799203,0.0,0.6681732697058829,198.99,198.99,100.50759428455409,0.0,False,False,0.029843937575029674,831,n/a,n/a,n/a,n/a,n/a,n/a,n/a,n/a,1.0,1.0,129.98,n/a,donation,1.0,0.3,0.3,True,10,0.5,0.0,1.0,0.0,0.9,inclusive,strip,0.07038401076021367,0.0787120553350404,0.17775168696188248,0.0027833546273170933,0.90418,0.9545297949523325,0.9546362972239616,0.18850540834925902,74,0.4189189189189189,family
PM5_P4_family,P4,1620985466,200,True,custom,1.0,0.7,0.0,-0.3,True,0.01,0.5,100,0,30,0.1,10000,0.0,0.9825000000000003,0.0175,0.0,0.0,0.0,0.0,0.01685,0.03366,0.6596722309570673,0.0,0.6625430242281237,198.99,198.99,100.50756179889349,0.0,False,False,-0.05971188475390145,982,n/a,n/a,n/a,n/a,n/a,n/a,n/a,n/a,1.0,1.0,128.45,n/a,donation,1.0,0.3,0.3,True,10,0.5,0.0,1.0,0.0,0.9,inclusive,strip,0.06449867261526813,0.07193995005633841,0.187169441675514,-0.01934537176886282,0.904465,0.9464807925127009,0.94657978751243,0.15155466269305531,83,0.4578313253012048,family
PM5_P4_family,P4,1669164794,200,True,custom,1.0,0.7,0.0,-0.3,True,0.01,0.5,100,0,30,0.1,10000,0.0,0.9844999999999999,0.0155,0.0,0.0,0.0,0.0,0.018092499999999997,0.035555,0.0,0.0,0.6694749722352016,199.0,199.0,100.5025125628141,0.0,True,False,-0.022665066026410788,802,n/a,n/a,n/a,n/a,n/a,n/a,n/a,n/a,0.9999901611221831,0.9999901611221831,130.38,n/a,donation,1.0,0.3,0.3,True,10,0.5,0.0,1.0,0.0,0.9,inclusive,strip,0.0676487510680012,0.07623409250801534,0.18537482222097396,-0.00307114896436456,0.9045125,0.9564044167438261,0.9563293624820003,0.17086415635766125,78,0.44871794871794873,family
PM5_P4_family,P4,798359651,200,True,custom,1.0,0.7,0.0,-0.3,True,0.01,0.5,100,0,30,0.1,10000,0.0,0.9039999999999999,0.096,0.0,0.0,0.0,0.0,0.0898475,0.162855,0.6572616918853262,0.0,0.6550953801648655,199.0,199.0,100.50251256281408,0.0,False,True,-0.010204081632652615,1232,n/a,n/a,n/a,n/a,n/a,n/a,n/a,n/a,0.9999850797111349,0.9999850797111349,128.68,n/a,donation,1.0,0.3,0.3,True,10,0.5,0.0,1.0,0.0,0.9,inclusive,strip,0.04404589264986562,0.05038260638255419,0.2104916558407958,-0.011292823420837688,0.9044795,0.9358553731731897,0.9358593181568354,0.10630584963198542,91,0.4945054945054945,family
PM5_P4_family,P4,126337246,200,True,custom,1.0,0.7,0.0,-0.3,True,0.01,0.5,100,0,30,0.1,10000,0.0,0.9465,0.05349999999999999,0.0,0.0,0.0,0.0,0.05684750000000001,0.107535,0.6654738696832536,0.0,0.6593784757212575,198.99,198.99,100.50760164458667,0.0,False,False,0.06773109243697412,1089,n/a,n/a,n/a,n/a,n/a,n/a,n/a,n/a,0.9999949479481701,0.9999949479481701,129.54,n/a,donation,1.0,0.3,0.3,True,10,0.5,0.0,1.0,0.0,0.9,inclusive,strip,0.05472671767847249,0.061515340047586964,0.15995990857038983,-0.0065063225469271894,0.9043975,0.9419182383852233,0.9424831986611228,0.14710395592784747,86,0.45348837209302323,family
PM5_P4_family,P4,317149051,200,True,custom,1.0,0.7,0.0,-0.3,True,0.01,0.5,100,0,30,0.1,10000,0.0,0.9730000000000001,0.026999999999999996,0.0,0.0,0.0,0.0,0.029862499999999993,0.059145,0.6528166764920391,0.0,0.6567901585053564,198.99,198.99,100.50758451347652,0.0,False,False,0.05102040816326553,1138,n/a,n/a,n/a,n/a,n/a,n/a,n/a,n/a,0.9999949818813941,0.9999949818813941,128.83,n/a,donation,1.0,0.3,0.3,True,10,0.5,0.0,1.0,0.0,0.9,inclusive,strip,0.05097487983836422,0.0567877218801184,0.1671151922609953,-0.027422293160307126,0.9044755,0.9382617329048714,0.9385419447366906,0.1358593656661053,80,0.4375,family
PM5_P4_family,P4,433399445,200,True,custom,1.0,0.7,0.0,-0.3,True,0.01,0.5,100,0,30,0.1,10000,0.0,0.968,0.03200000000000001,0.0,0.0,0.0,0.0,0.034257499999999996,0.067125,0.6461122856110288,0.0,0.6554384346906065,198.99,198.99,100.50761433429781,0.0,False,False,0.030900360144057847,1167,n/a,n/a,n/a,n/a,n/a,n/a,n/a,n/a,0.999994993734336,0.999994993734336,130.44,n/a,donation,1.0,0.3,0.3,True,10,0.5,0.0,1.0,0.0,0.9,inclusive,strip,0.038193944031565764,0.04364989900428185,0.14927979611817224,-0.02026722462959631,0.9042735,0.936318492137611,0.9365875697951977,0.12083890826721916,81,0.4444444444444444,family
PM5_P4_family,P4,2121129191,200,True,custom,1.0,0.5,0.0,-0.5,True,0.01,0.5,100,0,30,0.1,10000,0.0,0.008,0.992,0.0,0.0,0.0,0.0,0.9915625,0.016385,0.016287044629532815,0.0,0.016186019667914397,198.98,198.98,100.51266382417136,0.0,False,True,0.012124849939983145,545,n/a,n/a,n/a,n/a,n/a,n/a,n/a,n/a,0.9999900432352362,0.9999900432352362,129.84,n/a,donation,1.0,0.5,0.5,True,10,0.5,0.0,1.0,0.0,0.9,own,strip,0.11116835112081709,0.12343930047880064,0.17731402299000415,0.01833834293070864,0.90436,0.032375105046662835,0.032494249268088665,0.3313785922897919,66,0.6515151515151515,family
PM5_P4_family,P4,686818433,200,True,custom,1.0,0.5,0.0,-0.5,True,0.01,0.5,100,0,30,0.1,10000,0.0,0.0075000000000000015,0.9925,0.0,0.0,0.0,0.0,0.9934900000000001,0.013,0.01371263282379034,0.0,0.013620722609748748,198.98,198.98,100.51271509060453,0.0,False,True,-0.010228091236494598,530,n/a,n/a,n/a,n/a,n/a,n/a,n/a,n/a,1.0,1.0,129.39,n/a,donation,1.0,0.5,0.5,True,10,0.5,0.0,1.0,0.0,0.9,own,strip,0.11824405998194863,0.13170777602233824,0.2077793006146346,-0.008829254232480084,0.9043925,0.02722186440068886,0.027500457600083676,0.2742403217852881,64,0.625,family
PM5_P4_family,P4,744720527,200,True,custom,1.0,0.5,0.0,-0.5,True,0.01,0.5,100,0,30,0.1,10000,0.0,0.0125,0.9875000000000002,0.0,0.0,0.0,0.0,0.9855449999999999,0.02821,0.020058827299911704,0.0,0.02016135329089098,198.99,198.99,100.50760304045473,0.0,False,False,-0.021752701080425017,646,n/a,n/a,n/a,n/a,n/a,n/a,n/a,n/a,1.0,1.0,129.68,n/a,donation,1.0,0.5,0.5,True,10,0.5,0.0,1.0,0.0,0.9,own,strip,0.1269362057732717,0.14126041542511336,0.20029740775994392,-0.0008918350722912396,0.904748,0.04031619854368288,0.04033511107378323,0.3982160690634522,62,0.6612903225806451,family
PM5_P4_family,P4,381425458,200,True,custom,1.0,0.5,0.0,-0.5,True,0.01,0.5,100,0,30,0.1,10000,0.0,0.009000000000000001,0.991,0.0,0.0,0.0,0.0,0.99207,0.01586,0.018754393187874394,0.0,0.018825184332842224,198.99,198.99,100.50759428455409,0.0,False,True,0.0016086434573901085,598,n/a,n/a,n/a,n/a,n/a,n/a,n/a,n/a,1.0,1.0,129.98,n/a,donation,1.0,0.5,0.5,True,10,0.5,0.0,1.0,0.0,0.9,own,strip,0.11398799995488645,0.12722987584144413,0.17200466964356267,-0.011258669223761099,0.90418,0.037663407728549626,0.037661761636401586,0.40426511002760795,66,0.6515151515151515,family
PM5_P4_family,P4,1620985466,200,True,custom,1.0,0.5,0.0,-0.5,True,0.01,0.5,100,0,30,0.1,10000,0.0,0.012,0.9880000000000001,0.0,0.0,0.0,0.0,0.9895949999999999,0.02079,0.020488997823621884,0.0,0.020419051970141298,198.99,198.99,100.50756179889349,0.0,False,True,-0.0050660264105570705,641,n/a,n/a,n/a,n/a,n/a,n/a,n/a,n/a,1.0,1.0,128.45,n/a,donation,1.0,0.5,0.5,True,10,0.5,0.0,1.0,0.0,0.9,own,strip,0.09652019571068386,0.10794343105156948,0.16211267626530143,-0.01564947791879597,0.904465,0.04079704576738735,0.04108965300675145,0.37591805802569633,69,0.6231884057971014,family
PM5_P4_family,P4,1669164794,200,True,custom,1.0,0.5,0.0,-0.5,True,0.01,0.5,100,0,30,0.1,10000,0.0,0.0055,0.9945,0.0,0.0,0.0,0.0,0.991005,0.01796,0.018921148119393286,0.0,0.018921148119393286,199.0,199.0,100.5025125628141,0.0,True,True,-0.010060024009603841,574,n/a,n/a,n/a,n/a,n/a,n/a,n/a,n/a,0.9999901611221831,0.9999901611221831,130.38,n/a,donation,1.0,0.5,0.5,True,10,0.5,0.0,1.0,0.0,0.9,own,strip,0.10533688064010824,0.11795508015216241,0.16842058968958687,-0.017758382063379884,0.9045125,0.03777172786445737,0.0384683859143867,0.38709462100035874,60,0.6833333333333333,family
PM5_P4_family,P4,798359651,200,True,custom,1.0,0.5,0.0,-0.5,True,0.01,0.5,100,0,30,0.1,10000,0.0,0.006500000000000001,0.9934999999999998,0.0,0.0,0.0,0.0,0.9951099999999998,0.00977,0.025077396589005523,0.0,0.02506047386337959,199.0,199.0,100.50251256281408,0.0,False,True,-0.0072268907562953654,657,n/a,n/a,n/a,n/a,n/a,n/a,n/a,n/a,0.9999850797111349,0.9999850797111349,128.68,n/a,donation,1.0,0.5,0.5,True,10,0.5,0.0,1.0,0.0,0.9,own,strip,0.0988335271390623,0.1098408534089564,0.14982675481360583,-0.006797791516394109,0.9044795,0.05011584010472321,0.05014892091226491,0.4489895876275083,72,0.5833333333333334,family
PM5_P4_family,P4,126337246,200,True,custom,1.0,0.5,0.0,-0.5,True,0.01,0.5,100,0,30,0.1,10000,0.0,0.0205,0.9795,0.0,0.0,0.0,0.0,0.9774075,0.044545,0.021368354840345657,0.0,0.02133574148810715,198.99,198.99,100.50760164458667,0.0,False,True,-0.017815126050427323,653,n/a,n/a,n/a,n/a,n/a,n/a,n/a,n/a,0.9999949479481701,0.9999949479481701,129.54,n/a,donation,1.0,0.5,0.5,True,10,0.5,0.0,1.0,0.0,0.9,own,strip,0.10563327635110589,0.11826782345420388,0.16987027167622298,-0.012623539055901883,0.9043975,0.04259741982922332,0.04333830182265108,0.3808643252753284,68,0.6029411764705882,family
PM5_P4_family,P4,317149051,200,True,custom,1.0,0.5,0.0,-0.5,True,0.01,0.5,100,0,30,0.1,10000,0.0,0.0055,0.9944999999999998,0.0,0.0,0.0,0.0,0.9944325,0.011135,0.02214603082508234,0.0,0.02210573727801058,198.99,198.99,100.50758451347652,0.0,False,True,0.008067226890770614,689,n/a,n/a,n/a,n/a,n/a,n/a,n/a,n/a,0.9999949818813941,0.9999949818813941,128.83,n/a,donation,1.0,0.5,0.5,True,10,0.5,0.0,1.0,0.0,0.9,own,strip,0.1113795909231875,0.1242505503378864,0.1896638925539071,-0.0070146119199351945,0.9044755,0.04414105191351231,0.04506435521777136,0.3903026587659076,70,0.6428571428571429,family
PM5_P4_family,P4,433399445,200,True,custom,1.0,0.5,0.0,-0.5,True,0.01,0.5,100,0,30,0.1,10000,0.0,0.022000000000000002,0.978,0.0,0.0,0.0,0.0,0.977955,0.04219,0.020426439249842127,0.0,0.020426823896781486,198.99,198.99,100.50761433429781,0.0,False,False,-0.02547418967584888,588,n/a,n/a,n/a,n/a,n/a,n/a,n/a,n/a,0.999994993734336,0.999994993734336,130.44,n/a,donation,1.0,0.5,0.5,True,10,0.5,0.0,1.0,0.0,0.9,own,strip,0.11514511320778677,0.12815718318513072,0.17612398528332543,0.014258491575189875,0.9042735,0.04085876673373708,0.0408037481784041,0.42860047122393646,62,0.6451612903225806,family
PM5_P4_family,P4,2121129191,200,True,custom,1.0,0.5,0.0,-0.5,True,0.01,0.5,100,0,30,0.1,10000,0.0,0.20950000000000002,0.7905,0.0,0.0,0.0,0.0,0.7788925,0.336905,0.1544251652659328,0.0,0.15390216190451023,198.98,198.98,100.51266382417136,0.0,False,False,0.056086434573833104,4206,n/a,n/a,n/a,n/a,n/a,n/a,n/a,n/a,0.9999900432352362,0.9999900432352362,129.84,n/a,donation,1.0,0.5,0.5,True,10,0.5,0.0,1.0,0.0,0.9,inclusive,strip,0.011661374404092538,0.013388489589642035,0.09932172047201765,0.017085541822797028,0.90436,0.30776460701490554,0.3079621497281472,0.04797316114164043,90,0.5222222222222223,family
PM5_P4_family,P4,686818433,200,True,custom,1.0,0.5,0.0,-0.5,True,0.01,0.5,100,0,30,0.1,10000,0.0,0.1825,0.8175000000000001,0.0,0.0,0.0,0.0,0.8240275,0.289145,0.13841498650730308,0.0,0.13749738527633698,198.98,198.98,100.51271509060453,0.0,False,False,-0.05267707082832776,3722,n/a,n/a,n/a,n/a,n/a,n/a,n/a,n/a,1.0,1.0,129.39,n/a,donation,1.0,0.5,0.5,True,10,0.5,0.0,1.0,0.0,0.9,inclusive,strip,0.009479714810286309,0.011416502359060304,0.09821198522088855,-0.0018936173118315456,0.9043925,0.2751183805703829,0.2743639358836911,0.1025676533720392,92,0.5217391304347826,family
PM5_P4_family,P4,744720527,200,True,custom,1.0,0.5,0.0,-0.5,True,0.01,0.5,100,0,30,0.1,10000,0.0,0.1045,0.8955,0.0,0.0,0.0,0.0,0.8969425000000001,0.188115,0.09979778578992642,0.0,0.0985078445308818,198.99,198.99,100.50760304045473,0.0,False,False,0.06929171668668183,2795,n/a,n/a,n/a,n/a,n/a,n/a,n/a,n/a,1.0,1.0,129.68,n/a,donation,1.0,0.5,0.5,True,10,0.5,0.0,1.0,0.0,0.9,inclusive,strip,0.019098717587212856,0.0219082653504239,0.13664489701580038,-0.020289429409984086,0.904748,0.19699214587929456,0.19731606685423927,0.16257670514053787,94,0.6170212765957447,family
PM5_P4_family,P4,381425458,200,True,custom,1.0,0.5,0.0,-0.5,True,0.01,0.5,100,0,30,0.1,10000,0.0,0.052500000000000005,0.9475,0.0,0.0,0.0,0.0,0.9468475,0.102675,0.16988578359918782,0.0,0.16962514878830215,198.99,198.99,100.50759428455409,0.0,False,False,0.8571668667467058,3971,n/a,n/a,n/a,n/a,n/a,n/a,n/a,n/a,1.0,1.0,129.98,n/a,donation,1.0,0.5,0.5,True,10,0.5,0.0,1.0,0.0,0.9,inclusive,strip,0.009328469372830215,0.011191379765499155,0.11408184148453082,-0.023422455740906643,0.90418,0.3391335242982592,0.3405969526194949,0.1446948572347536,89,0.5730337078651685,family
PM5_P4_family,P4,1620985466,200,True,custom,1.0,0.5,0.0,-0.5,True,0.01,0.5,100,0,30,0.1,10000,0.0,0.0905,0.9095000000000001,0.0,0.0,0.0,0.0,0.9190950000000001,0.14787,0.14847732348375053,0.0,0.14855320721707524,198.99,198.99,100.50756179889349,0.0,False,False,0.4096998799519951,3569,n/a,n/a,n/a,n/a,n/a,n/a,n/a,n/a,1.0,1.0,128.45,n/a,donation,1.0,0.5,0.5,True,10,0.5,0.0,1.0,0.0,0.9,inclusive,strip,0.02004845524069738,0.022999930970425405,0.11071716742947071,-0.0028508461554014445,0.904465,0.29702006158336697,0.2978672737740095,0.17330675627806888,93,0.5806451612903226,family
PM5_P4_family,P4,1669164794,200,True,custom,1.0,0.5,0.0,-0.5,True,0.01,0.5,100,0,30,0.1,10000,0.0,0.12250000000000001,0.8774999999999998,0.0,0.0,0.0,0.0,0.8756325,0.217355,0.11846571953478605,0.0,0.11868337238208276,199.0,199.0,100.5025125628141,0.0,False,False,0.15085234093637456,3089,n/a,n/a,n/a,n/a,n/a,n/a,n/a,n/a,0.9999901611221831,0.9999901611221831,130.38,n/a,donation,1.0,0.5,0.5,True,10,0.5,0.0,1.0,0.0,0.9,inclusive,strip,0.014349672222168626,0.017068938366508943,0.12065073955286765,-0.0015819510098587259,0.9045125,0.237309047691436,0.23825893441549942,0.16927016698030242,93,0.5483870967741935,family
PM5_P4_family,P4,798359651,200,True,custom,1.0,0.5,0.0,-0.5,True,0.01,0.5,100,0,30,0.1,10000,0.0,0.06549999999999999,0.9344999999999999,0.0,0.0,0.0,0.0,0.9364424999999998,0.117885,0.14023539198558277,0.0,0.14040735024432496,199.0,199.0,100.50251256281408,0.0,False,False,0.3353661464585834,3084,n/a,n/a,n/a,n/a,n/a,n/a,n/a,n/a,0.9999850797111349,0.9999850797111349,128.68,n/a,donation,1.0,0.5,0.5,True,10,0.5,0.0,1.0,0.0,0.9,inclusive,strip,0.01479753870090523,0.01655373992347097,0.1346315428502229,0.00834257100938002,0.9044795,0.2807764023396882,0.28119880025753635,0.2635957359097985,92,0.5760869565217391,family
PM5_P4_family,P4,126337246,200,True,custom,1.0,0.5,0.0,-0.5,True,0.01,0.5,100,0,30,0.1,10000,0.0,0.1385,0.8615,0.0,0.0,0.0,0.0,0.86707,0.22866,0.08270838539846011,0.0,0.08181979306795388,198.99,198.99,100.50760164458667,0.0,False,False,-0.046314525810316975,2247,n/a,n/a,n/a,n/a,n/a,n/a,n/a,n/a,0.9999949479481701,0.9999949479481701,129.54,n/a,donation,1.0,0.5,0.5,True,10,0.5,0.0,1.0,0.0,0.9,inclusive,strip,0.02443465954448496,0.028138771361293714,0.12106159498573453,0.0022278929863015673,0.9043975,0.1635428558791903,0.16434978164796946,0.21801478685747422,83,0.5421686746987951,family
PM5_P4_family,P4,317149051,200,True,custom,1.0,0.5,0.0,-0.5,True,0.01,0.5,100,0,30,0.1,10000,0.0,0.04599999999999999,0.9540000000000001,0.0,0.0,0.0,0.0,0.9533799999999999,0.08982,0.09089326549121537,0.0,0.09022229703083434,198.99,198.99,100.50758451347652,0.0,False,True,0.011884753901560624,2483,n/a,n/a,n/a,n/a,n/a,n/a,n/a,n/a,0.9999949818813941,0.9999949818813941,128.83,n/a,donation,1.0,0.5,0.5,True,10,0.5,0.0,1.0,0.0,0.9,inclusive,strip,0.014148597950661097,0.015779249401244824,0.10425441137122772,-0.0113583412345,0.9044755,0.18024976906505483,0.1821391370800161,0.20549037327314565,84,0.5595238095238095,family
PM5_P4_family,P4,433399445,200,True,custom,1.0,0.5,0.0,-0.5,True,0.01,0.5,100,0,30,0.1,10000,0.0,0.14950000000000002,0.8504999999999999,0.0,0.0,0.0,0.0,0.8534749999999999,0.25022,0.0953810867725236,0.0,0.09415876903588874,198.99,198.99,100.50761433429781,0.0,False,False,-0.1455222088835534,2636,n/a,n/a,n/a,n/a,n/a,n/a,n/a,n/a,0.999994993734336,0.999994993734336,130.44,n/a,donation,1.0,0.5,0.5,True,10,0.5,0.0,1.0,0.0,0.9,inclusive,strip,0.022862063531879983,0.025753213367730326,0.11696504007710723,-0.0053597553893259065,0.9042735,0.18831581374440365,0.18810883088799862,0.1824064639595271,87,0.6091954022988506,family
