variant_name,prediction,seed,compat_N,well_mixed,payoff_preset,payoff_T,payoff_R,payoff_P,payoff_S,evolution_on,mutation_rate,fermi_k,evolution_interval,dunbar_limit,vision_radius,player_speed,end_cycle,share_TFT,share_ALLC,share_ALLD,share_FTFT,share_TF2T,share_GRIM,share_WSLS,d_share,exploit_last_window,payoff_ALLD,payoff_TFT,payoff_all,known_partners,distinct_partners,games_per_partner,exceeding_dunbar,fixated,stabilized,alld_trend_10k,nb_character_changes,network_variant,net_nodes,net_edges,net_mean_degree,net_avg_path,net_density,net_betw_max,net_betw_mean,enc_share_remembered,enc_share_ever,enc_distinct
PM2_P12_wellmixed,P1P2,744720527,200,True,PD_classic,9.0,5.0,1.0,0.0,True,0.0,0.5,100,0,30,0.1,100000,0.0,0.0,1.0,0.0,0.0,0.0,0.0,1.0,0.0,1.0193771021381008,0.0,1.0193771021381008,199.0,199.0,919.4647738693467,0.0,True,True,0.0,5798,n/a,n/a,n/a,n/a,n/a,n/a,n/a,n/a,1.0,1.0,199.0
PM2_P12_wellmixed,P1P2,2121129191,200,True,PD_classic,9.0,5.0,1.0,0.0,True,0.0,0.5,100,0,30,0.1,100000,0.0,0.0,0.0,1.0,0.0,0.0,0.0,0.0,0.0,0.0,0.0,4.622716145382184,199.0,199.0,919.4377889447235,0.0,True,True,0.0,4841,n/a,n/a,n/a,n/a,n/a,n/a,n/a,n/a,1.0,1.0,199.0
PM2_P12_wellmixed,P1P2,686818433,200,True,PD_classic,9.0,5.0,1.0,0.0,True,0.0,0.5,100,0,30,0.1,100000,0.0,0.0,0.0,1.0,0.0,0.0,0.0,0.0,0.0,0.0,0.0,4.4882522957243065,199.0,199.0,919.4123115577884,0.0,True,True,0.0,5266,n/a,n/a,n/a,n/a,n/a,n/a,n/a,n/a,1.0,1.0,199.0
PM2_P12_wellmixed,P1P2,381425458,200,True,PD_classic,9.0,5.0,1.0,0.0,True,0.0,0.5,100,0,30,0.1,100000,0.0,0.0,0.0,0.0,0.0,1.0,0.0,0.007060925264761838,0.0,0.0,0.0,4.793892090394325,199.0,199.0,919.6502512562816,0.0,True,True,0.0,8256,n/a,n/a,n/a,n/a,n/a,n/a,n/a,n/a,1.0,1.0,199.0
PM2_P12_wellmixed,P1P2,1669164794,200,True,PD_classic,9.0,5.0,1.0,0.0,True,0.0,0.5,100,0,30,0.1,100000,0.0,0.0,0.0,1.0,0.0,0.0,0.0,0.0,0.0,0.0,0.0,4.770468702173358,199.0,199.0,919.4090452261303,0.0,True,True,0.0,2279,n/a,n/a,n/a,n/a,n/a,n/a,n/a,n/a,1.0,1.0,198.99
PM2_P12_wellmixed,P1P2,1620985466,200,True,PD_classic,9.0,5.0,1.0,0.0,True,0.0,0.5,100,0,30,0.1,100000,0.0,0.0,1.0,0.0,0.0,0.0,0.0,1.0,0.0,1.0129667081782652,0.0,1.0129667081782652,199.0,199.0,919.5610552763823,0.0,True,True,0.0,895,n/a,n/a,n/a,n/a,n/a,n/a,n/a,n/a,1.0,1.0,198.98
PM2_P12_wellmixed,P1P2,126337246,200,True,PD_classic,9.0,5.0,1.0,0.0,True,0.0,0.5,100,0,30,0.1,100000,0.0,0.0,1.0,0.0,0.0,0.0,0.0,1.0,0.0,1.0200725435268718,0.0,1.0200725435268718,199.0,199.0,919.4807537688436,0.0,True,True,0.0,1500,n/a,n/a,n/a,n/a,n/a,n/a,n/a,n/a,1.0,1.0,198.99
PM2_P12_wellmixed,P1P2,798359651,200,True,PD_classic,9.0,5.0,1.0,0.0,True,0.0,0.5,100,0,30,0.1,100000,0.0,0.0,0.0,0.0,0.0,1.0,0.0,0.028682291933477343,0.0,0.0,0.0,4.747659624517607,199.0,199.0,919.4215577889441,0.0,True,True,0.0,7022,n/a,n/a,n/a,n/a,n/a,n/a,n/a,n/a,1.0,1.0,199.0
PM2_P12_wellmixed,P1P2,317149051,200,True,PD_classic,9.0,5.0,1.0,0.0,True,0.0,0.5,100,0,30,0.1,100000,0.0,0.0,1.0,0.0,0.0,0.0,0.0,1.0,0.0,1.014583397202724,0.0,1.014583397202724,199.0,199.0,919.518944723618,0.0,True,True,0.0,663,n/a,n/a,n/a,n/a,n/a,n/a,n/a,n/a,1.0,1.0,199.0
PM2_P12_wellmixed,P1P2,433399445,200,True,PD_classic,9.0,5.0,1.0,0.0,True,0.0,0.5,100,0,30,0.1,100000,1.0,0.0,0.0,0.0,0.0,0.0,0.0,1.0,0.0,0.0,1.031101194304667,1.031101194304667,199.0,199.0,919.4644723618095,0.0,True,True,0.0,6654,n/a,n/a,n/a,n/a,n/a,n/a,n/a,n/a,1.0,1.0,199.0
PM2_P12_wellmixed,P1P2,2121129191,200,True,snowdrift,4.0,3.0,0.0,2.0,True,0.0,0.5,100,0,30,0.1,100000,0.0,0.5545000000000001,0.0,0.0,0.4455,0.0,0.0,0.0,0.0,0.0,0.0,2.997492049196008,199.0,199.0,919.5645226130654,0.0,False,True,0.0,47775,n/a,n/a,n/a,n/a,n/a,n/a,n/a,n/a,1.0,1.0,199.0
PM2_P12_wellmixed,P1P2,686818433,200,True,snowdrift,4.0,3.0,0.0,2.0,True,0.0,0.5,100,0,30,0.1,100000,0.0,1.0,0.0,0.0,0.0,0.0,0.0,0.0,0.0,0.0,0.0,2.998516961194363,199.0,199.0,919.4862311557789,0.0,True,True,0.0,28521,n/a,n/a,n/a,n/a,n/a,n/a,n/a,n/a,1.0,1.0,198.99
PM2_P12_wellmixed,P1P2,744720527,200,True,snowdrift,4.0,3.0,0.0,2.0,True,0.0,0.5,100,0,30,0.1,100000,0.0,1.0,0.0,0.0,0.0,0.0,0.0,0.0,0.0,0.0,0.0,2.9978212382657214,199.0,199.0,919.5165326633166,0.0,True,True,0.0,31684,n/a,n/a,n/a,n/a,n/a,n/a,n/a,n/a,1.0,1.0,199.0
PM2_P12_wellmixed,P1P2,381425458,200,True,snowdrift,4.0,3.0,0.0,2.0,True,0.0,0.5,100,0,30,0.1,100000,0.0,0.0,0.0,0.0,1.0,0.0,0.0,0.0,0.0,0.0,0.0,2.9981132771717265,199.0,199.0,919.6050753768848,0.0,True,True,0.0,31321,n/a,n/a,n/a,n/a,n/a,n/a,n/a,n/a,1.0,1.0,198.98
PM2_P12_wellmixed,P1P2,1620985466,200,True,snowdrift,4.0,3.0,0.0,2.0,True,0.0,0.5,100,0,30,0.1,100000,0.0,0.0,0.0,0.0,0.0,0.0,1.0,0.0,0.0,0.0,0.0,2.9983148682316894,199.0,199.0,919.547638190955,0.0,True,True,0.0,12317,n/a,n/a,n/a,n/a,n/a,n/a,n/a,n/a,1.0,1.0,199.0
PM2_P12_wellmixed,P1P2,1669164794,200,True,snowdrift,4.0,3.0,0.0,2.0,True,0.0,0.5,100,0,30,0.1,100000,1.0,0.0,0.0,0.0,0.0,0.0,0.0,0.0,0.0,0.0,2.997771514511177,2.997771514511177,199.0,199.0,919.4992462311552,0.0,True,True,0.0,31167,n/a,n/a,n/a,n/a,n/a,n/a,n/a,n/a,1.0,1.0,199.0
PM2_P12_wellmixed,P1P2,798359651,200,True,snowdrift,4.0,3.0,0.0,2.0,True,0.0,0.5,100,0,30,0.1,100000,0.0,0.0,0.0,0.0,0.0,0.0,1.0,0.0,0.0,0.0,0.0,2.9977870047283255,199.0,199.0,919.4275879396987,0.0,True,True,0.0,14388,n/a,n/a,n/a,n/a,n/a,n/a,n/a,n/a,1.0,1.0,198.98
PM2_P12_wellmixed,P1P2,126337246,200,True,snowdrift,4.0,3.0,0.0,2.0,True,0.0,0.5,100,0,30,0.1,100000,0.0,0.0,0.0,1.0,0.0,0.0,0.0,0.0,0.0,0.0,0.0,2.9982630410574225,199.0,199.0,919.5439698492457,0.0,True,True,0.0,13389,n/a,n/a,n/a,n/a,n/a,n/a,n/a,n/a,1.0,1.0,198.99
PM2_P12_wellmixed,P1P2,317149051,200,True,snowdrift,4.0,3.0,0.0,2.0,True,0.0,0.5,100,0,30,0.1,100000,0.0,0.0,0.0,0.0,1.0,0.0,0.0,0.0,0.0,0.0,0.0,2.9983330104830674,199.0,199.0,919.5681407035181,0.0,True,True,0.0,30635,n/a,n/a,n/a,n/a,n/a,n/a,n/a,n/a,1.0,1.0,199.0
PM2_P12_wellmixed,P1P2,433399445,200,True,snowdrift,4.0,3.0,0.0,2.0,True,0.0,0.5,100,0,30,0.1,100000,0.0,0.0,0.0,0.0,0.0,1.0,0.0,0.0,0.0,0.0,0.0,2.9979042969972713,199.0,199.0,919.5717085427133,0.0,True,True,0.0,22453,n/a,n/a,n/a,n/a,n/a,n/a,n/a,n/a,1.0,1.0,198.99
PM2_P12_wellmixed,P1P2,2121129191,200,True,PD_classic,9.0,5.0,1.0,0.0,True,0.01,0.5,100,0,30,0.1,100000,0.0045,0.0005,0.975,0.006500000000000001,0.0025,0.006,0.005,0.9910278833355752,0.017618664961105552,1.5046434230107473,0.0,1.504676309619898,199.0,199.0,919.6674371859303,0.0,False,False,-0.05691118764475168,35932,n/a,n/a,n/a,n/a,n/a,n/a,n/a,n/a,1.0,1.0,199.0
PM2_P12_wellmixed,P1P2,686818433,200,True,PD_classic,9.0,5.0,1.0,0.0,True,0.01,0.5,100,0,30,0.1,100000,0.096,0.005,0.7849999999999999,0.025500000000000002,0.071,0.016,0.0015,0.9820516004009443,0.032381181513965136,1.3712832259997174,1.3726246251721566,1.3712747916784138,199.0,199.0,919.6109547738697,0.0,False,False,-0.03941727766911068,34940,n/a,n/a,n/a,n/a,n/a,n/a,n/a,n/a,1.0,1.0,198.99
PM2_P12_wellmixed,P1P2,744720527,200,True,PD_classic,9.0,5.0,1.0,0.0,True,0.01,0.5,100,0,30,0.1,100000,0.1405,0.0015,0.8220000000000001,0.0105,0.005,0.0165,0.004,0.9870543703610236,0.025050171430446265,1.3498579683778724,1.3462656569333915,1.349613433982257,199.0,199.0,919.4558793969845,0.0,False,False,-0.0328437713750833,39070,n/a,n/a,n/a,n/a,n/a,n/a,n/a,n/a,1.0,1.0,198.99
PM2_P12_wellmixed,P1P2,381425458,200,True,PD_classic,9.0,5.0,1.0,0.0,True,0.01,0.5,100,0,30,0.1,100000,0.005999999999999999,0.002,0.7244999999999999,0.132,0.08049999999999999,0.045,0.01,0.9545521603534336,0.07986259025024303,1.495402233767666,1.5075526884071837,1.4955137001222192,199.0,199.0,919.5759296482407,0.0,False,True,0.01350672602690484,40443,n/a,n/a,n/a,n/a,n/a,n/a,n/a,n/a,1.0,1.0,198.99
PM2_P12_wellmixed,P1P2,1620985466,200,True,PD_classic,9.0,5.0,1.0,0.0,True,0.01,0.5,100,0,30,0.1,100000,0.003,0.031000000000000007,0.002,0.321,0.0725,0.38700000000000007,0.18350000000000002,0.02251071799730819,0.017597488885364772,1.7055750637301124,0.0,1.7112491527918083,199.0,199.0,919.6025628140701,0.0,False,False,-0.04372157488629845,46410,n/a,n/a,n/a,n/a,n/a,n/a,n/a,n/a,1.0,1.0,199.0
PM2_P12_wellmixed,P1P2,1669164794,200,True,PD_classic,9.0,5.0,1.0,0.0,True,0.01,0.5,100,0,30,0.1,100000,0.0755,0.0035000000000000005,0.8239999999999998,0.039,0.045,0.008,0.004999999999999999,0.9819308287972041,0.03328159839111616,1.7666993331667207,1.7782377700820506,1.7669038236934056,199.0,199.0,919.4580402010045,0.0,False,False,0.22864541058164234,36380,n/a,n/a,n/a,n/a,n/a,n/a,n/a,n/a,1.0,1.0,199.0
PM2_P12_wellmixed,P1P2,798359651,200,True,PD_classic,9.0,5.0,1.0,0.0,True,0.01,0.5,100,0,30,0.1,100000,0.0005,0.0045,0.9480000000000001,0.004999999999999999,0.03250000000000001,0.0075,0.002,0.9894575880010376,0.02046684524134915,1.3201505919860919,0.0,1.3202709176632335,199.0,199.0,919.5800000000002,0.0,False,True,0.00015180060720279502,38521,n/a,n/a,n/a,n/a,n/a,n/a,n/a,n/a,1.0,1.0,199.0
PM2_P12_wellmixed,P1P2,126337246,200,True,PD_classic,9.0,5.0,1.0,0.0,True,0.01,0.5,100,0,30,0.1,100000,0.03950000000000001,0.003,0.8335000000000001,0.0355,0.0675,0.0055,0.0155,0.9807071098300945,0.036176684195294025,1.6047568022920038,1.6032006288272782,1.6051261469128448,199.0,199.0,919.4444221105528,0.0,False,False,0.11683796335185379,42312,n/a,n/a,n/a,n/a,n/a,n/a,n/a,n/a,1.0,1.0,198.99
PM2_P12_wellmixed,P1P2,317149051,200,True,PD_classic,9.0,5.0,1.0,0.0,True,0.01,0.5,100,0,30,0.1,100000,0.026999999999999996,0.002,0.7585,0.183,0.0185,0.006999999999999999,0.004,0.9760157355378881,0.04459500068296681,1.6102996574787025,1.5980662698858914,1.6096938303807067,199.0,199.0,919.5551256281406,0.0,False,False,0.12201989607958394,45467,n/a,n/a,n/a,n/a,n/a,n/a,n/a,n/a,1.0,1.0,198.99
PM2_P12_wellmixed,P1P2,433399445,200,True,PD_classic,9.0,5.0,1.0,0.0,True,0.01,0.5,100,0,30,0.1,100000,0.09349999999999999,0.003,0.8474999999999999,0.0035000000000000005,0.009499999999999998,0.0095,0.0335,0.9622334357273161,0.06989176707486566,1.1986588625597088,1.2009245510717104,1.198733007988619,199.0,199.0,919.5356783919598,0.0,False,False,0.020584882339532654,29260,n/a,n/a,n/a,n/a,n/a,n/a,n/a,n/a,1.0,1.0,199.0
PM2_P12_wellmixed,P1P2,2121129191,200,True,snowdrift,4.0,3.0,0.0,2.0,True,0.01,0.5,100,0,30,0.1,100000,0.0045,0.654,0.3235,0.001,0.0,0.0,0.016999999999999998,0.33487475468838435,0.4418241834036753,2.710425682037013,0.0,2.710695429819487,199.0,199.0,919.4870351758796,0.0,False,True,-0.0012856131424520206,54520,n/a,n/a,n/a,n/a,n/a,n/a,n/a,n/a,1.0,1.0,198.99
PM2_P12_wellmixed,P1P2,686818433,200,True,snowdrift,4.0,3.0,0.0,2.0,True,0.01,0.5,100,0,30,0.1,100000,0.004,0.6395,0.3415,0.0005,0.0085,0.0025,0.0034999999999999996,0.3470081445844119,0.447651318486132,2.773848439782754,2.770097705349766,2.7730897443142557,199.0,199.0,919.6190954773866,0.0,False,True,-0.0012541490165957003,59421,n/a,n/a,n/a,n/a,n/a,n/a,n/a,n/a,1.0,1.0,199.0
PM2_P12_wellmixed,P1P2,744720527,200,True,snowdrift,4.0,3.0,0.0,2.0,True,0.01,0.5,100,0,30,0.1,100000,0.001,0.6465,0.316,0.008,0.009000000000000003,0.006,0.013500000000000002,0.33450679590618826,0.43532375004780716,2.712344301871084,0.0,2.712304619803642,199.0,199.0,919.5814572864322,0.0,False,True,0.0025166020664082658,53763,n/a,n/a,n/a,n/a,n/a,n/a,n/a,n/a,1.0,1.0,199.0
PM2_P12_wellmixed,P1P2,381425458,200,True,snowdrift,4.0,3.0,0.0,2.0,True,0.01,0.5,100,0,30,0.1,100000,0.0035000000000000005,0.6285,0.32949999999999996,0.003,0.003999999999999999,0.004999999999999999,0.026500000000000003,0.34628555861131755,0.44675263698106615,2.6897793371469896,2.6915603644988533,2.6894134844779325,199.0,199.0,919.5898492462314,0.0,False,True,-0.0014051336205346654,52909,n/a,n/a,n/a,n/a,n/a,n/a,n/a,n/a,1.0,1.0,198.97
PM2_P12_wellmixed,P1P2,1620985466,200,True,snowdrift,4.0,3.0,0.0,2.0,True,0.01,0.5,100,0,30,0.1,100000,0.0,0.64,0.3345,0.0055,0.011,0.008,0.001,0.33981711945696624,0.43954411660304615,2.750353452294893,0.0,2.749630551279093,199.0,199.0,919.623417085427,0.0,False,True,0.002027408109631889,56780,n/a,n/a,n/a,n/a,n/a,n/a,n/a,n/a,1.0,1.0,198.98
PM2_P12_wellmixed,P1P2,1669164794,200,True,snowdrift,4.0,3.0,0.0,2.0,True,0.01,0.5,100,0,30,0.1,100000,0.01,0.6275000000000001,0.305,0.010499999999999999,0.0075,0.006499999999999999,0.032999999999999995,0.3238838484676971,0.4209129192770492,2.6859986160961973,0.0,2.6862265572519575,199.0,199.0,919.5007537688443,0.0,False,True,0.0024556898227596573,52540,n/a,n/a,n/a,n/a,n/a,n/a,n/a,n/a,1.0,1.0,198.99
PM2_P12_wellmixed,P1P2,798359651,200,True,snowdrift,4.0,3.0,0.0,2.0,True,0.01,0.5,100,0,30,0.1,100000,0.0055,0.6315,0.30200000000000005,0.0015,0.0015,0.0015,0.056499999999999995,0.33324223376880735,0.4341695189563354,2.6968468589682395,0.0,2.6967272335367842,199.0,199.0,919.5945226130647,0.0,False,True,-0.004910707642830937,53936,n/a,n/a,n/a,n/a,n/a,n/a,n/a,n/a,1.0,1.0,198.99
PM2_P12_wellmixed,P1P2,126337246,200,True,snowdrift,4.0,3.0,0.0,2.0,True,0.01,0.5,100,0,30,0.1,100000,0.0015,0.6330000000000001,0.3295,0.0015,0.0005,0.002,0.03200000000000001,0.3396488304420166,0.4472478819349549,2.6751887121009967,2.676409311380029,2.6754353437529774,199.0,199.0,919.4801507537695,0.0,False,True,0.0020250801003207676,51823,n/a,n/a,n/a,n/a,n/a,n/a,n/a,n/a,1.0,1.0,199.0
PM2_P3_wellmixed,P3,2121129191,200,True,PD_classic,9.0,5.0,1.0,0.0,False,0.0,0.5,100,0,30,0.1,20000,0.7999999999999999,0.0,0.19999999999999998,0.0,0.0,0.0,0.0,0.36207241412499475,0.0,1.0349384264245334,4.193989504662989,3.5621792890152983,199.0,199.0,183.9064824120603,0.0,False,True,7.153272700316907e-15,0,n/a,n/a,n/a,n/a,n/a,n/a,n/a,n/a,1.0,1.0,198.99
PM2_P3_wellmixed,P3,686818433,200,True,PD_classic,9.0,5.0,1.0,0.0,False,0.0,0.5,100,0,30,0.1,20000,0.7999999999999999,0.0,0.19999999999999998,0.0,0.0,0.0,0.0,0.3614222381441597,0.0,1.0349735041459869,4.195094469911871,3.563070276758693,199.0,199.0,183.91708542713567,0.0,False,True,7.153272700316907e-15,0,n/a,n/a,n/a,n/a,n/a,n/a,n/a,n/a,1.0,1.0,198.98
PM2_P12_wellmixed,P1P2,317149051,200,True,snowdrift,4.0,3.0,0.0,2.0,True,0.01,0.5,100,0,30,0.1,100000,0.0055,0.6359999999999999,0.326,0.0045,0.0045000000000000005,0.0034999999999999996,0.019999999999999997,0.3407333674865355,0.4367641598042856,2.671208951988502,2.672396982324264,2.670758035370483,199.0,199.0,919.5685929648238,0.0,False,True,0.001963303853215596,51021,n/a,n/a,n/a,n/a,n/a,n/a,n/a,n/a,1.0,1.0,199.0
PM2_P3_wellmixed,P3,744720527,200,True,PD_classic,9.0,5.0,1.0,0.0,False,0.0,0.5,100,0,30,0.1,20000,0.7999999999999999,0.0,0.19999999999999998,0.0,0.0,0.0,0.0,0.3594330322308847,0.0,1.0349672165922408,4.194137953257734,3.5623038059246355,199.0,199.0,183.93974874371867,0.0,False,True,7.153272700316907e-15,0,n/a,n/a,n/a,n/a,n/a,n/a,n/a,n/a,1.0,1.0,199.0
PM2_P3_wellmixed,P3,381425458,200,True,PD_classic,9.0,5.0,1.0,0.0,False,0.0,0.5,100,0,30,0.1,20000,0.7999999999999999,0.0,0.19999999999999998,0.0,0.0,0.0,0.0,0.36116978252670157,0.0,1.034970584946025,4.19468189291722,3.56273963132298,199.0,199.0,183.9241708542713,0.0,False,True,7.153272700316907e-15,0,n/a,n/a,n/a,n/a,n/a,n/a,n/a,n/a,1.0,1.0,198.99
PM2_P3_wellmixed,P3,1620985466,200,True,PD_classic,9.0,5.0,1.0,0.0,False,0.0,0.5,100,0,30,0.1,20000,0.7999999999999999,0.0,0.19999999999999998,0.0,0.0,0.0,0.0,0.36048265787510253,0.0,1.034975293844974,4.194869954229349,3.5628910221524746,199.0,199.0,183.89462311557784,0.0,False,True,7.153272700316907e-15,0,n/a,n/a,n/a,n/a,n/a,n/a,n/a,n/a,1.0,1.0,198.99
PM2_P3_wellmixed,P3,1669164794,200,True,PD_classic,9.0,5.0,1.0,0.0,False,0.0,0.5,100,0,30,0.1,20000,0.7999999999999999,0.0,0.19999999999999998,0.0,0.0,0.0,0.0,0.3612903687546457,0.0,1.0350015137093023,4.195023715079586,3.5630192748055274,199.0,199.0,183.90085427135685,0.0,False,True,7.153272700316907e-15,0,n/a,n/a,n/a,n/a,n/a,n/a,n/a,n/a,1.0,1.0,199.0
PM2_P12_wellmixed,P1P2,433399445,200,True,snowdrift,4.0,3.0,0.0,2.0,True,0.01,0.5,100,0,30,0.1,100000,0.003,0.6615,0.3075,0.0045000000000000005,0.0034999999999999996,0.005,0.015000000000000003,0.31736818592496774,0.4259930359228494,2.679882740936607,0.0,2.6794992680158116,199.0,199.0,919.5953768844222,0.0,False,True,-0.00041400165600717333,51684,n/a,n/a,n/a,n/a,n/a,n/a,n/a,n/a,1.0,1.0,198.99
PM2_P3_wellmixed,P3,798359651,200,True,PD_classic,9.0,5.0,1.0,0.0,False,0.0,0.5,100,0,30,0.1,20000,0.7999999999999999,0.0,0.19999999999999998,0.0,0.0,0.0,0.0,0.3614905863138341,0.0,1.0349990017224227,4.195284995103068,3.563227796426938,199.0,199.0,183.87201005025128,0.0,False,True,7.153272700316907e-15,0,n/a,n/a,n/a,n/a,n/a,n/a,n/a,n/a,1.0,1.0,198.99
PM2_P3_wellmixed,P3,126337246,200,True,PD_classic,9.0,5.0,1.0,0.0,False,0.0,0.5,100,0,30,0.1,20000,0.7999999999999999,0.0,0.19999999999999998,0.0,0.0,0.0,0.0,0.36116408550291396,0.0,1.0349690049235765,4.194672926156731,3.562732141910101,199.0,199.0,183.89396984924628,0.0,False,True,7.153272700316907e-15,0,n/a,n/a,n/a,n/a,n/a,n/a,n/a,n/a,1.0,1.0,198.99
PM2_P3_wellmixed,P3,317149051,200,True,PD_classic,9.0,5.0,1.0,0.0,False,0.0,0.5,100,0,30,0.1,20000,0.7999999999999999,0.0,0.19999999999999998,0.0,0.0,0.0,0.0,0.36145533448210043,0.0,1.0349705022556377,4.195154504243359,3.5631177038458133,199.0,199.0,183.9088442211055,0.0,False,True,7.153272700316907e-15,0,n/a,n/a,n/a,n/a,n/a,n/a,n/a,n/a,1.0,1.0,198.98
PM2_P3_wellmixed,P3,433399445,200,True,PD_classic,9.0,5.0,1.0,0.0,False,0.0,0.5,100,0,30,0.1,20000,0.7999999999999999,0.0,0.19999999999999998,0.0,0.0,0.0,0.0,0.3590852844168685,0.0,1.0349656345606804,4.193756903322854,3.561998649570418,199.0,199.0,183.93211055276387,0.0,False,True,7.153272700316907e-15,0,n/a,n/a,n/a,n/a,n/a,n/a,n/a,n/a,1.0,1.0,198.99
PM2_P3_wellmixed,P3,2121129191,200,True,snowdrift,4.0,3.0,0.0,2.0,False,0.0,0.5,100,0,30,0.1,20000,0.7999999999999999,0.0,0.19999999999999998,0.0,0.0,0.0,0.0,0.36207241412499475,0.0,0.017469213212266545,2.398498642488833,1.92229275663352,199.0,199.0,183.9064824120603,0.0,False,True,7.153272700316907e-15,0,n/a,n/a,n/a,n/a,n/a,n/a,n/a,n/a,1.0,1.0,198.99
PM2_P3_wellmixed,P3,686818433,200,True,snowdrift,4.0,3.0,0.0,2.0,False,0.0,0.5,100,0,30,0.1,20000,0.7999999999999999,0.0,0.19999999999999998,0.0,0.0,0.0,0.0,0.3614222381441597,0.0,0.017486752072993474,2.399326399488678,1.9229584700055407,199.0,199.0,183.91708542713567,0.0,False,True,7.153272700316907e-15,0,n/a,n/a,n/a,n/a,n/a,n/a,n/a,n/a,1.0,1.0,198.98
PM2_P3_wellmixed,P3,744720527,200,True,snowdrift,4.0,3.0,0.0,2.0,False,0.0,0.5,100,0,30,0.1,20000,0.7999999999999999,0.0,0.19999999999999998,0.0,0.0,0.0,0.0,0.3594330322308847,0.0,0.01748360829612036,2.3986086857956397,1.922383670295736,199.0,199.0,183.93974874371867,0.0,False,True,7.153272700316907e-15,0,n/a,n/a,n/a,n/a,n/a,n/a,n/a,n/a,1.0,1.0,199.0
PM2_P3_wellmixed,P3,381425458,200,True,snowdrift,4.0,3.0,0.0,2.0,False,0.0,0.5,100,0,30,0.1,20000,0.7999999999999999,0.0,0.19999999999999998,0.0,0.0,0.0,0.0,0.36116978252670157,0.0,0.017485292473012438,2.399016888645404,1.9227105694109248,199.0,199.0,183.9241708542713,0.0,False,True,7.153272700316907e-15,0,n/a,n/a,n/a,n/a,n/a,n/a,n/a,n/a,1.0,1.0,198.99
PM2_P3_wellmixed,P3,1620985466,200,True,snowdrift,4.0,3.0,0.0,2.0,False,0.0,0.5,100,0,30,0.1,20000,0.7999999999999999,0.0,0.19999999999999998,0.0,0.0,0.0,0.0,0.36048265787510253,0.0,0.017487646922487058,2.3991584263241466,1.922824270443815,199.0,199.0,183.89462311557784,0.0,False,True,7.153272700316907e-15,0,n/a,n/a,n/a,n/a,n/a,n/a,n/a,n/a,1.0,1.0,198.99
PM2_P3_wellmixed,P3,1669164794,200,True,snowdrift,4.0,3.0,0.0,2.0,False,0.0,0.5,100,0,30,0.1,20000,0.7999999999999999,0.0,0.19999999999999998,0.0,0.0,0.0,0.0,0.3612903687546457,0.0,0.017500756854651116,2.399273063833954,1.9229186024380927,199.0,199.0,183.90085427135685,0.0,False,True,7.153272700316907e-15,0,n/a,n/a,n/a,n/a,n/a,n/a,n/a,n/a,1.0,1.0,199.0
PM2_P3_wellmixed,P3,798359651,200,True,snowdrift,4.0,3.0,0.0,2.0,False,0.0,0.5,100,0,30,0.1,20000,0.7999999999999999,0.0,0.19999999999999998,0.0,0.0,0.0,0.0,0.3614905863138341,0.0,0.017499500861211322,2.3994696662167145,1.9230756331456131,199.0,199.0,183.87201005025128,0.0,False,True,7.153272700316907e-15,0,n/a,n/a,n/a,n/a,n/a,n/a,n/a,n/a,1.0,1.0,198.99
PM2_P3_wellmixed,P3,126337246,200,True,snowdrift,4.0,3.0,0.0,2.0,False,0.0,0.5,100,0,30,0.1,20000,0.7999999999999999,0.0,0.19999999999999998,0.0,0.0,0.0,0.0,0.36116408550291396,0.0,0.01748450246178817,2.3990108163463653,1.9227055535694504,199.0,199.0,183.89396984924628,0.0,False,True,7.153272700316907e-15,0,n/a,n/a,n/a,n/a,n/a,n/a,n/a,n/a,1.0,1.0,198.99
PM2_P3_wellmixed,P3,317149051,200,True,snowdrift,4.0,3.0,0.0,2.0,False,0.0,0.5,100,0,30,0.1,20000,0.7999999999999999,0.0,0.19999999999999998,0.0,0.0,0.0,0.0,0.36145533448210043,0.0,0.017485251127818926,2.399371655812356,1.9229943748754477,199.0,199.0,183.9088442211055,0.0,False,True,7.153272700316907e-15,0,n/a,n/a,n/a,n/a,n/a,n/a,n/a,n/a,1.0,1.0,198.98
PM2_P3_wellmixed,P3,433399445,200,True,snowdrift,4.0,3.0,0.0,2.0,False,0.0,0.5,100,0,30,0.1,20000,0.7999999999999999,0.0,0.19999999999999998,0.0,0.0,0.0,0.0,0.3590852844168685,0.0,0.017482817280340197,2.39832308094912,1.922155028215363,199.0,199.0,183.93211055276387,0.0,False,True,7.153272700316907e-15,0,n/a,n/a,n/a,n/a,n/a,n/a,n/a,n/a,1.0,1.0,198.99
PM2_P3_wellmixed,P3,2121129191,200,True,PD_classic,9.0,5.0,1.0,0.0,False,0.0,0.5,100,5,30,0.1,20000,0.7999999999999999,0.0,0.19999999999999998,0.0,0.0,0.0,0.0,0.201043318123351,0.32205834152736806,7.430785857919415,3.9938534780976416,4.681239954061995,5.0,199.0,183.9064824120603,1.0,False,True,7.153272700316907e-15,0,n/a,n/a,n/a,n/a,n/a,n/a,n/a,n/a,0.0,1.0,198.99
PM2_P3_wellmixed,P3,686818433,200,True,PD_classic,9.0,5.0,1.0,0.0,False,0.0,0.5,100,5,30,0.1,20000,0.7999999999999999,0.0,0.19999999999999998,0.0,0.0,0.0,0.0,0.20026448111751863,0.32231576532033807,7.430500630857477,3.995234245142008,4.682287522285104,5.0,199.0,183.91708542713567,1.0,False,True,7.153272700316907e-15,0,n/a,n/a,n/a,n/a,n/a,n/a,n/a,n/a,0.0,1.0,198.98
PM2_P3_wellmixed,P3,744720527,200,True,PD_classic,9.0,5.0,1.0,0.0,False,0.0,0.5,100,5,30,0.1,20000,0.7999999999999999,0.0,0.19999999999999998,0.0,0.0,0.0,0.0,0.19922379852645186,0.3204233822468126,7.437715793145046,3.994038451050503,4.682773919469411,5.0,199.0,183.93974874371867,1.0,False,True,7.153272700316907e-15,0,n/a,n/a,n/a,n/a,n/a,n/a,n/a,n/a,0.0,1.0,199.0
PM2_P3_wellmixed,P3,381425458,200,True,PD_classic,9.0,5.0,1.0,0.0,False,0.0,0.5,100,5,30,0.1,20000,0.7999999999999999,0.0,0.19999999999999998,0.0,0.0,0.0,0.0,0.20052310085367792,0.32129288997972,7.433488132332451,3.9947184883999287,4.682472417186435,5.0,199.0,183.9241708542713,1.0,False,True,7.153272700316907e-15,0,n/a,n/a,n/a,n/a,n/a,n/a,n/a,n/a,0.0,1.0,198.99
PM2_P3_wellmixed,P3,1620985466,200,True,PD_classic,9.0,5.0,1.0,0.0,False,0.0,0.5,100,5,30,0.1,20000,0.7999999999999999,0.0,0.19999999999999998,0.0,0.0,0.0,0.0,0.19950127527792144,0.32196164377572156,7.431732947697586,3.9949537885376594,4.6823096203696455,5.0,199.0,183.89462311557784,1.0,False,True,7.153272700316907e-15,0,n/a,n/a,n/a,n/a,n/a,n/a,n/a,n/a,0.0,1.0,198.99
PM2_P3_wellmixed,P3,1669164794,200,True,PD_classic,9.0,5.0,1.0,0.0,False,0.0,0.5,100,5,30,0.1,20000,0.7999999999999999,0.0,0.19999999999999998,0.0,0.0,0.0,0.0,0.2005414246525697,0.3214976663861229,7.436810515251901,3.995145679087784,4.683478646320608,5.0,199.0,183.90085427135685,1.0,False,True,7.153272700316907e-15,0,n/a,n/a,n/a,n/a,n/a,n/a,n/a,n/a,0.0,1.0,199.0
PM2_P3_wellmixed,P3,798359651,200,True,PD_classic,9.0,5.0,1.0,0.0,False,0.0,0.5,100,5,30,0.1,20000,0.7999999999999999,0.0,0.19999999999999998,0.0,0.0,0.0,0.0,0.20030785893728753,0.32236403206579395,7.432836261910814,3.995472571101299,4.6829453092632045,5.0,199.0,183.87201005025128,1.0,False,True,7.153272700316907e-15,0,n/a,n/a,n/a,n/a,n/a,n/a,n/a,n/a,0.0,1.0,198.99
PM2_P3_wellmixed,P3,126337246,200,True,PD_classic,9.0,5.0,1.0,0.0,False,0.0,0.5,100,5,30,0.1,20000,0.7999999999999999,0.0,0.19999999999999998,0.0,0.0,0.0,0.0,0.19977259190051466,0.3227827359819975,7.431812224822452,3.994707576663556,4.682128506295335,5.0,199.0,183.89396984924628,1.0,False,True,7.153272700316907e-15,0,n/a,n/a,n/a,n/a,n/a,n/a,n/a,n/a,0.0,1.0,198.99
PM2_P3_wellmixed,P3,317149051,200,True,PD_classic,9.0,5.0,1.0,0.0,False,0.0,0.5,100,5,30,0.1,20000,0.7999999999999999,0.0,0.19999999999999998,0.0,0.0,0.0,0.0,0.20045582380905427,0.3219991582721623,7.428944335264938,3.9953093928632137,4.6820363813435595,5.0,199.0,183.9088442211055,1.0,False,True,7.153272700316907e-15,0,n/a,n/a,n/a,n/a,n/a,n/a,n/a,n/a,0.0,1.0,198.98
PM2_P3_wellmixed,P3,433399445,200,True,PD_classic,9.0,5.0,1.0,0.0,False,0.0,0.5,100,5,30,0.1,20000,0.7999999999999999,0.0,0.19999999999999998,0.0,0.0,0.0,0.0,0.1992610947157061,0.31964857451946715,7.440046990191266,3.9935622216340123,4.682859175345463,5.0,199.0,183.93211055276387,1.0,False,True,7.153272700316907e-15,0,n/a,n/a,n/a,n/a,n/a,n/a,n/a,n/a,0.0,1.0,198.99
PM2_P3_wellmixed,P3,2121129191,200,True,snowdrift,4.0,3.0,0.0,2.0,False,0.0,0.5,100,5,30,0.1,20000,0.7999999999999999,0.0,0.19999999999999998,0.0,0.0,0.0,0.0,0.201043318123351,0.32205834152736806,3.2153929289597074,2.798770695619527,2.882095142287563,5.0,199.0,183.9064824120603,1.0,False,True,7.153272700316907e-15,0,n/a,n/a,n/a,n/a,n/a,n/a,n/a,n/a,0.0,1.0,198.99
PM2_P3_wellmixed,P3,686818433,200,True,snowdrift,4.0,3.0,0.0,2.0,False,0.0,0.5,100,5,30,0.1,20000,0.7999999999999999,0.0,0.19999999999999998,0.0,0.0,0.0,0.0,0.20026448111751863,0.32231576532033807,3.2152503154287393,2.799046849028403,2.8822875423084713,5.0,199.0,183.91708542713567,1.0,False,True,7.153272700316907e-15,0,n/a,n/a,n/a,n/a,n/a,n/a,n/a,n/a,0.0,1.0,198.98
PM2_P3_wellmixed,P3,744720527,200,True,snowdrift,4.0,3.0,0.0,2.0,False,0.0,0.5,100,5,30,0.1,20000,0.7999999999999999,0.0,0.19999999999999998,0.0,0.0,0.0,0.0,0.19922379852645186,0.3204233822468126,3.2188578965725227,2.798807690210102,2.8828177314825862,5.0,199.0,183.93974874371867,1.0,False,True,7.153272700316907e-15,0,n/a,n/a,n/a,n/a,n/a,n/a,n/a,n/a,0.0,1.0,199.0
PM2_P3_wellmixed,P3,381425458,200,True,snowdrift,4.0,3.0,0.0,2.0,False,0.0,0.5,100,5,30,0.1,20000,0.7999999999999999,0.0,0.19999999999999998,0.0,0.0,0.0,0.0,0.20052310085367792,0.32129288997972,3.2167440661662248,2.798943697679984,2.882503771377233,5.0,199.0,183.9241708542713,1.0,False,True,7.153272700316907e-15,0,n/a,n/a,n/a,n/a,n/a,n/a,n/a,n/a,0.0,1.0,198.99
PM2_P3_wellmixed,P3,1620985466,200,True,snowdrift,4.0,3.0,0.0,2.0,False,0.0,0.5,100,5,30,0.1,20000,0.7999999999999999,0.0,0.19999999999999998,0.0,0.0,0.0,0.0,0.19950127527792144,0.32196164377572156,3.215866473848794,2.7989907577075344,2.8823659009357856,5.0,199.0,183.89462311557784,1.0,False,True,7.153272700316907e-15,0,n/a,n/a,n/a,n/a,n/a,n/a,n/a,n/a,0.0,1.0,198.99
PM2_P3_wellmixed,P3,1669164794,200,True,snowdrift,4.0,3.0,0.0,2.0,False,0.0,0.5,100,5,30,0.1,20000,0.7999999999999999,0.0,0.19999999999999998,0.0,0.0,0.0,0.0,0.2005414246525697,0.3214976663861229,3.2184052576259505,2.7990291358175567,2.882904360179236,5.0,199.0,183.90085427135685,1.0,False,True,7.153272700316907e-15,0,n/a,n/a,n/a,n/a,n/a,n/a,n/a,n/a,0.0,1.0,199.0
PM2_P3_wellmixed,P3,798359651,200,True,snowdrift,4.0,3.0,0.0,2.0,False,0.0,0.5,100,5,30,0.1,20000,0.7999999999999999,0.0,0.19999999999999998,0.0,0.0,0.0,0.0,0.20030785893728753,0.32236403206579395,3.2164181309554083,2.799094514220258,2.8825592375672886,5.0,199.0,183.87201005025128,1.0,False,True,7.153272700316907e-15,0,n/a,n/a,n/a,n/a,n/a,n/a,n/a,n/a,0.0,1.0,198.99
PM2_P3_wellmixed,P3,126337246,200,True,snowdrift,4.0,3.0,0.0,2.0,False,0.0,0.5,100,5,30,0.1,20000,0.7999999999999999,0.0,0.19999999999999998,0.0,0.0,0.0,0.0,0.19977259190051466,0.3227827359819975,3.2159061124112256,2.798941515332711,2.8823344347484148,5.0,199.0,183.89396984924628,1.0,False,True,7.153272700316907e-15,0,n/a,n/a,n/a,n/a,n/a,n/a,n/a,n/a,0.0,1.0,198.99
PM2_P3_wellmixed,P3,317149051,200,True,snowdrift,4.0,3.0,0.0,2.0,False,0.0,0.5,100,5,30,0.1,20000,0.7999999999999999,0.0,0.19999999999999998,0.0,0.0,0.0,0.0,0.20045582380905427,0.3219991582721623,3.2144721676324703,2.799061878572642,2.8821439363846086,5.0,199.0,183.9088442211055,1.0,False,True,7.153272700316907e-15,0,n/a,n/a,n/a,n/a,n/a,n/a,n/a,n/a,0.0,1.0,198.98
PM2_P3_wellmixed,P3,433399445,200,True,snowdrift,4.0,3.0,0.0,2.0,False,0.0,0.5,100,5,30,0.1,20000,0.7999999999999999,0.0,0.19999999999999998,0.0,0.0,0.0,0.0,0.1992610947157061,0.31964857451946715,3.2200234950956337,2.798712444326803,2.8829746544805688,5.0,199.0,183.93211055276387,1.0,False,True,7.153272700316907e-15,0,n/a,n/a,n/a,n/a,n/a,n/a,n/a,n/a,0.0,1.0,198.99
PM2_P3_wellmixed,P3,2121129191,200,True,PD_classic,9.0,5.0,1.0,0.0,False,0.0,0.5,100,15,30,0.1,20000,0.7999999999999999,0.0,0.19999999999999998,0.0,0.0,0.0,0.0,0.20133015780995356,0.32148475909537855,7.418111018198603,3.994250173209343,4.679022342207196,15.0,199.0,183.9064824120603,1.0,False,True,7.153272700316907e-15,0,n/a,n/a,n/a,n/a,n/a,n/a,n/a,n/a,0.00182034669650141,1.0,198.99
PM2_P3_wellmixed,P3,686818433,200,True,PD_classic,9.0,5.0,1.0,0.0,False,0.0,0.5,100,15,30,0.1,20000,0.7999999999999999,0.0,0.19999999999999998,0.0,0.0,0.0,0.0,0.20062235506274181,0.32160007867089885,7.417391590999954,3.99564399084568,4.6799935108765345,15.0,199.0,183.91708542713567,1.0,False,True,7.153272700316907e-15,0,n/a,n/a,n/a,n/a,n/a,n/a,n/a,n/a,0.002001068895136692,1.0,198.98
PM2_P3_wellmixed,P3,744720527,200,True,PD_classic,9.0,5.0,1.0,0.0,False,0.0,0.5,100,15,30,0.1,20000,0.7999999999999999,0.0,0.19999999999999998,0.0,0.0,0.0,0.0,0.19955185225560154,0.3197673147155947,7.424983421373863,3.9944363386973065,4.680545755232617,15.0,199.0,183.93974874371867,1.0,False,True,7.153272700316907e-15,0,n/a,n/a,n/a,n/a,n/a,n/a,n/a,n/a,0.0019051084414279684,1.0,199.0
PM2_P3_wellmixed,P3,381425458,200,True,PD_classic,9.0,5.0,1.0,0.0,False,0.0,0.5,100,15,30,0.1,20000,0.7999999999999999,0.0,0.19999999999999998,0.0,0.0,0.0,0.0,0.2008401197594043,0.3206587988345842,7.420844504681426,3.995113634946473,4.680259808893462,15.0,199.0,183.9241708542713,1.0,False,True,7.153272700316907e-15,0,n/a,n/a,n/a,n/a,n/a,n/a,n/a,n/a,0.002097990395304747,1.0,198.99
PM2_P3_wellmixed,P3,1620985466,200,True,PD_classic,9.0,5.0,1.0,0.0,False,0.0,0.5,100,15,30,0.1,20000,0.7999999999999999,0.0,0.19999999999999998,0.0,0.0,0.0,0.0,0.1998647252229163,0.32123474468352564,7.418818600688614,3.995357403714991,4.680049643109715,15.0,199.0,183.89462311557784,1.0,False,True,7.153272700316907e-15,0,n/a,n/a,n/a,n/a,n/a,n/a,n/a,n/a,0.0019939535751658157,1.0,198.99
PM2_P3_wellmixed,P3,1669164794,200,True,PD_classic,9.0,5.0,1.0,0.0,False,0.0,0.5,100,15,30,0.1,20000,0.7999999999999999,0.0,0.19999999999999998,0.0,0.0,0.0,0.0,0.2008256313718752,0.3209292920460383,7.4237292254283185,3.995554119972535,4.681189141063691,15.0,199.0,183.90085427135685,1.0,False,True,7.153272700316907e-15,0,n/a,n/a,n/a,n/a,n/a,n/a,n/a,n/a,0.002043242532146706,1.0,199.0
PM2_P3_wellmixed,P3,798359651,200,True,PD_classic,9.0,5.0,1.0,0.0,False,0.0,0.5,100,15,30,0.1,20000,0.7999999999999999,0.0,0.19999999999999998,0.0,0.0,0.0,0.0,0.20065522892585447,0.3216695648369916,7.419854351088824,3.9958780815714805,4.680673335474948,15.0,199.0,183.87201005025128,1.0,False,True,7.153272700316907e-15,0,n/a,n/a,n/a,n/a,n/a,n/a,n/a,n/a,0.002012702553146915,1.0,198.99
PM2_P3_wellmixed,P3,126337246,200,True,PD_classic,9.0,5.0,1.0,0.0,False,0.0,0.5,100,15,30,0.1,20000,0.7999999999999999,0.0,0.19999999999999998,0.0,0.0,0.0,0.0,0.2001276772451764,0.3220726871524857,7.418973037338988,3.995109022856349,4.679881825752877,15.0,199.0,183.89396984924628,1.0,False,True,7.153272700316907e-15,0,n/a,n/a,n/a,n/a,n/a,n/a,n/a,n/a,0.0020171304386331483,1.0,198.99
PM2_P3_wellmixed,P3,317149051,200,True,PD_classic,9.0,5.0,1.0,0.0,False,0.0,0.5,100,15,30,0.1,20000,0.7999999999999999,0.0,0.19999999999999998,0.0,0.0,0.0,0.0,0.20079205034584802,0.3213268691550474,7.415988729453922,3.995714364743496,4.679769237685582,15.0,199.0,183.9088442211055,1.0,False,True,7.153272700316907e-15,0,n/a,n/a,n/a,n/a,n/a,n/a,n/a,n/a,0.002006500389997011,1.0,198.98
PM2_P3_wellmixed,P3,433399445,200,True,PD_classic,9.0,5.0,1.0,0.0,False,0.0,0.5,100,15,30,0.1,20000,0.7999999999999999,0.0,0.19999999999999998,0.0,0.0,0.0,0.0,0.19956705117421386,0.3190366396031165,7.427409777805762,3.993957210183372,4.68064772370785,15.0,199.0,183.93211055276387,1.0,False,True,7.153272700316907e-15,0,n/a,n/a,n/a,n/a,n/a,n/a,n/a,n/a,0.0018294882066684274,1.0,198.99
PM2_P3_wellmixed,P3,2121129191,200,True,snowdrift,4.0,3.0,0.0,2.0,False,0.0,0.5,100,15,30,0.1,20000,0.7999999999999999,0.0,0.19999999999999998,0.0,0.0,0.0,0.0,0.20133015780995356,0.32148475909537855,3.2090555090993007,2.7979773053961297,2.8801929461367646,15.0,199.0,183.9064824120603,1.0,False,True,7.153272700316907e-15,0,n/a,n/a,n/a,n/a,n/a,n/a,n/a,n/a,0.00182034669650141,1.0,198.99
PM2_P3_wellmixed,P3,686818433,200,True,snowdrift,4.0,3.0,0.0,2.0,False,0.0,0.5,100,15,30,0.1,20000,0.7999999999999999,0.0,0.19999999999999998,0.0,0.0,0.0,0.0,0.20062235506274181,0.32160007867089885,3.2086957954999775,2.7982273576210566,2.8803210451968413,15.0,199.0,183.91708542713567,1.0,False,True,7.153272700316907e-15,0,n/a,n/a,n/a,n/a,n/a,n/a,n/a,n/a,0.002001068895136692,1.0,198.98
PM2_P3_wellmixed,P3,744720527,200,True,snowdrift,4.0,3.0,0.0,2.0,False,0.0,0.5,100,15,30,0.1,20000,0.7999999999999999,0.0,0.19999999999999998,0.0,0.0,0.0,0.0,0.19955185225560154,0.3197673147155947,3.212491710686933,2.798011914916496,2.8809078740705836,15.0,199.0,183.93974874371867,1.0,False,True,7.153272700316907e-15,0,n/a,n/a,n/a,n/a,n/a,n/a,n/a,n/a,0.0019051084414279684,1.0,199.0
PM2_P3_wellmixed,P3,381425458,200,True,snowdrift,4.0,3.0,0.0,2.0,False,0.0,0.5,100,15,30,0.1,20000,0.7999999999999999,0.0,0.19999999999999998,0.0,0.0,0.0,0.0,0.2008401197594043,0.3206587988345842,3.2104222523407135,2.798153404586898,2.880607174137662,15.0,199.0,183.9241708542713,1.0,False,True,7.153272700316907e-15,0,n/a,n/a,n/a,n/a,n/a,n/a,n/a,n/a,0.002097990395304747,1.0,198.99
PM2_P3_wellmixed,P3,1620985466,200,True,snowdrift,4.0,3.0,0.0,2.0,False,0.0,0.5,100,15,30,0.1,20000,0.7999999999999999,0.0,0.19999999999999998,0.0,0.0,0.0,0.0,0.1998647252229163,0.32123474468352564,3.2094093003443067,2.7981835273528675,2.880428681951154,15.0,199.0,183.89462311557784,1.0,False,True,7.153272700316907e-15,0,n/a,n/a,n/a,n/a,n/a,n/a,n/a,n/a,0.0019939535751658157,1.0,198.99
PM2_P3_wellmixed,P3,1669164794,200,True,snowdrift,4.0,3.0,0.0,2.0,False,0.0,0.5,100,15,30,0.1,20000,0.7999999999999999,0.0,0.19999999999999998,0.0,0.0,0.0,0.0,0.2008256313718752,0.3209292920460383,3.2118646127141584,2.7982122540480527,2.8809427257812743,15.0,199.0,183.90085427135685,1.0,False,True,7.153272700316907e-15,0,n/a,n/a,n/a,n/a,n/a,n/a,n/a,n/a,0.002043242532146706,1.0,199.0
PM2_P3_wellmixed,P3,798359651,200,True,snowdrift,4.0,3.0,0.0,2.0,False,0.0,0.5,100,15,30,0.1,20000,0.7999999999999999,0.0,0.19999999999999998,0.0,0.0,0.0,0.0,0.20065522892585447,0.3216695648369916,3.209927175544412,2.798283493279899,2.8806122297328023,15.0,199.0,183.87201005025128,1.0,False,True,7.153272700316907e-15,0,n/a,n/a,n/a,n/a,n/a,n/a,n/a,n/a,0.002012702553146915,1.0,198.99
PM2_P3_wellmixed,P3,126337246,200,True,snowdrift,4.0,3.0,0.0,2.0,False,0.0,0.5,100,15,30,0.1,20000,0.7999999999999999,0.0,0.19999999999999998,0.0,0.0,0.0,0.0,0.2001276772451764,0.3220726871524857,3.209486518669494,2.7981386229471275,2.8804082020916013,15.0,199.0,183.89396984924628,1.0,False,True,7.153272700316907e-15,0,n/a,n/a,n/a,n/a,n/a,n/a,n/a,n/a,0.0020171304386331483,1.0,198.99
PM2_P3_wellmixed,P3,317149051,200,True,snowdrift,4.0,3.0,0.0,2.0,False,0.0,0.5,100,15,30,0.1,20000,0.7999999999999999,0.0,0.19999999999999998,0.0,0.0,0.0,0.0,0.20079205034584802,0.3213268691550474,3.20799436472696,2.79825193481208,2.880200420795055,15.0,199.0,183.9088442211055,1.0,False,True,7.153272700316907e-15,0,n/a,n/a,n/a,n/a,n/a,n/a,n/a,n/a,0.002006500389997011,1.0,198.98
PM2_P3_wellmixed,P3,433399445,200,True,snowdrift,4.0,3.0,0.0,2.0,False,0.0,0.5,100,15,30,0.1,20000,0.7999999999999999,0.0,0.19999999999999998,0.0,0.0,0.0,0.0,0.19956705117421386,0.3190366396031165,3.2137048889028814,2.7979224672280774,2.881078951563039,15.0,199.0,183.93211055276387,1.0,False,True,7.153272700316907e-15,0,n/a,n/a,n/a,n/a,n/a,n/a,n/a,n/a,0.0018294882066684274,1.0,198.99
PM2_P3_wellmixed,P3,2121129191,200,True,PD_classic,9.0,5.0,1.0,0.0,False,0.0,0.5,100,50,30,0.1,20000,0.7999999999999999,0.0,0.19999999999999998,0.0,0.0,0.0,0.0,0.23058323088427662,0.2629793510324484,6.269697732910044,4.030186296836082,4.478088584050875,50.0,199.0,183.9064824120603,1.0,False,True,7.153272700316907e-15,0,n/a,n/a,n/a,n/a,n/a,n/a,n/a,n/a,0.18201008879422112,1.0,198.99
PM2_P3_wellmixed,P3,686818433,200,True,PD_classic,9.0,5.0,1.0,0.0,False,0.0,0.5,100,50,30,0.1,20000,0.7999999999999999,0.0,0.19999999999999998,0.0,0.0,0.0,0.0,0.22955580821121094,0.26373326194677693,6.26933534303806,4.0315207433896125,4.479083663319302,50.0,199.0,183.91708542713567,1.0,False,True,7.153272700316907e-15,0,n/a,n/a,n/a,n/a,n/a,n/a,n/a,n/a,0.1812071401959204,1.0,198.98
PM2_P3_wellmixed,P3,744720527,200,True,PD_classic,9.0,5.0,1.0,0.0,False,0.0,0.5,100,50,30,0.1,20000,0.7999999999999999,0.0,0.19999999999999998,0.0,0.0,0.0,0.0,0.22797751622161852,0.2629135959061386,6.273474435203537,4.030423732322694,4.479033872898863,50.0,199.0,183.93974874371867,1.0,False,True,7.153272700316907e-15,0,n/a,n/a,n/a,n/a,n/a,n/a,n/a,n/a,0.18040777376801104,1.0,199.0
PM2_P3_wellmixed,P3,381425458,200,True,PD_classic,9.0,5.0,1.0,0.0,False,0.0,0.5,100,50,30,0.1,20000,0.7999999999999999,0.0,0.19999999999999998,0.0,0.0,0.0,0.0,0.22965876289324907,0.26302210026292916,6.274717406721378,4.030931729677666,4.479688865086409,50.0,199.0,183.9241708542713,1.0,False,True,7.153272700316907e-15,0,n/a,n/a,n/a,n/a,n/a,n/a,n/a,n/a,0.1808091636358897,1.0,198.99
PM2_P3_wellmixed,P3,1620985466,200,True,PD_classic,9.0,5.0,1.0,0.0,False,0.0,0.5,100,50,30,0.1,20000,0.7999999999999999,0.0,0.19999999999999998,0.0,0.0,0.0,0.0,0.22868655594552098,0.2635911001317163,6.272995363861647,4.031168223638848,4.479533651683408,50.0,199.0,183.89462311557784,1.0,False,True,7.153272700316907e-15,0,n/a,n/a,n/a,n/a,n/a,n/a,n/a,n/a,0.1815219961500575,1.0,198.99
PM2_P3_wellmixed,P3,1669164794,200,True,PD_classic,9.0,5.0,1.0,0.0,False,0.0,0.5,100,50,30,0.1,20000,0.7999999999999999,0.0,0.19999999999999998,0.0,0.0,0.0,0.0,0.2298325918546924,0.2629168533922111,6.276941156539503,4.031359691689308,4.480475984659346,50.0,199.0,183.90085427135685,1.0,False,True,7.153272700316907e-15,0,n/a,n/a,n/a,n/a,n/a,n/a,n/a,n/a,0.18108742972439099,1.0,199.0
PM2_P3_wellmixed,P3,798359651,200,True,PD_classic,9.0,5.0,1.0,0.0,False,0.0,0.5,100,50,30,0.1,20000,0.7999999999999999,0.0,0.19999999999999998,0.0,0.0,0.0,0.0,0.22966996814237223,0.2636405393877752,6.278281764174742,4.031531653749841,4.480881675834821,50.0,199.0,183.87201005025128,1.0,False,True,7.153272700316907e-15,0,n/a,n/a,n/a,n/a,n/a,n/a,n/a,n/a,0.18080097929533093,1.0,198.99
PM2_P3_wellmixed,P3,126337246,200,True,PD_classic,9.0,5.0,1.0,0.0,False,0.0,0.5,100,50,30,0.1,20000,0.7999999999999999,0.0,0.19999999999999998,0.0,0.0,0.0,0.0,0.22898286908967397,0.26436210305539476,6.270901423844622,4.030997595936875,4.478978361518424,50.0,199.0,183.89396984924628,1.0,False,True,7.153272700316907e-15,0,n/a,n/a,n/a,n/a,n/a,n/a,n/a,n/a,0.17997575966571877,1.0,198.99
PM2_P3_wellmixed,P3,317149051,200,True,PD_classic,9.0,5.0,1.0,0.0,False,0.0,0.5,100,50,30,0.1,20000,0.7999999999999999,0.0,0.19999999999999998,0.0,0.0,0.0,0.0,0.22979397584155023,0.26332416906704853,6.267489048737231,4.031612031064002,4.478787434598647,50.0,199.0,183.9088442211055,1.0,False,True,7.153272700316907e-15,0,n/a,n/a,n/a,n/a,n/a,n/a,n/a,n/a,0.18144620480724263,1.0,198.98
PM2_P3_wellmixed,P3,433399445,200,True,PD_classic,9.0,5.0,1.0,0.0,False,0.0,0.5,100,50,30,0.1,20000,0.7999999999999999,0.0,0.19999999999999998,0.0,0.0,0.0,0.0,0.2278879582352019,0.26239441390840645,6.274889873172613,4.029980081448455,4.478962039793288,50.0,199.0,183.93211055276387,1.0,False,True,7.153272700316907e-15,0,n/a,n/a,n/a,n/a,n/a,n/a,n/a,n/a,0.1817509397888736,1.0,198.99
PM2_P3_wellmixed,P3,2121129191,200,True,snowdrift,4.0,3.0,0.0,2.0,False,0.0,0.5,100,50,30,0.1,20000,0.7999999999999999,0.0,0.19999999999999998,0.0,0.0,0.0,0.0,0.23058323088427662,0.2629793510324484,2.634848866455022,2.7261050581426507,2.707853819805125,50.0,199.0,183.9064824120603,1.0,False,True,7.153272700316907e-15,0,n/a,n/a,n/a,n/a,n/a,n/a,n/a,n/a,0.18201008879422112,1.0,198.99
PM2_P3_wellmixed,P3,686818433,200,True,snowdrift,4.0,3.0,0.0,2.0,False,0.0,0.5,100,50,30,0.1,20000,0.7999999999999999,0.0,0.19999999999999998,0.0,0.0,0.0,0.0,0.22955580821121094,0.26373326194677693,2.63466767151903,2.7264738525331857,2.7081126163303546,50.0,199.0,183.91708542713567,1.0,False,True,7.153272700316907e-15,0,n/a,n/a,n/a,n/a,n/a,n/a,n/a,n/a,0.1812071401959204,1.0,198.98
PM2_P3_wellmixed,P3,744720527,200,True,snowdrift,4.0,3.0,0.0,2.0,False,0.0,0.5,100,50,30,0.1,20000,0.7999999999999999,0.0,0.19999999999999998,0.0,0.0,0.0,0.0,0.22797751622161852,0.2629135959061386,2.636737217601768,2.726037127665721,2.7081771456529307,50.0,199.0,183.93974874371867,1.0,False,True,7.153272700316907e-15,0,n/a,n/a,n/a,n/a,n/a,n/a,n/a,n/a,0.18040777376801104,1.0,199.0
PM2_P3_wellmixed,P3,381425458,200,True,snowdrift,4.0,3.0,0.0,2.0,False,0.0,0.5,100,50,30,0.1,20000,0.7999999999999999,0.0,0.19999999999999998,0.0,0.0,0.0,0.0,0.22965876289324907,0.26302210026292916,2.6373587033606896,2.7265172151245114,2.708685512771748,50.0,199.0,183.9241708542713,1.0,False,True,7.153272700316907e-15,0,n/a,n/a,n/a,n/a,n/a,n/a,n/a,n/a,0.1808091636358897,1.0,198.99
PM2_P3_wellmixed,P3,1620985466,200,True,snowdrift,4.0,3.0,0.0,2.0,False,0.0,0.5,100,50,30,0.1,20000,0.7999999999999999,0.0,0.19999999999999998,0.0,0.0,0.0,0.0,0.22868655594552098,0.2635911001317163,2.6364976819308237,2.726561887505151,2.708549046390285,50.0,199.0,183.89462311557784,1.0,False,True,7.153272700316907e-15,0,n/a,n/a,n/a,n/a,n/a,n/a,n/a,n/a,0.1815219961500575,1.0,198.99
PM2_P3_wellmixed,P3,1669164794,200,True,snowdrift,4.0,3.0,0.0,2.0,False,0.0,0.5,100,50,30,0.1,20000,0.7999999999999999,0.0,0.19999999999999998,0.0,0.0,0.0,0.0,0.2298325918546924,0.2629168533922111,2.638470578269751,2.7266011106145105,2.7089750041455596,50.0,199.0,183.90085427135685,1.0,False,True,7.153272700316907e-15,0,n/a,n/a,n/a,n/a,n/a,n/a,n/a,n/a,0.18108742972439099,1.0,199.0
PM2_P3_wellmixed,P3,798359651,200,True,snowdrift,4.0,3.0,0.0,2.0,False,0.0,0.5,100,50,30,0.1,20000,0.7999999999999999,0.0,0.19999999999999998,0.0,0.0,0.0,0.0,0.22966996814237223,0.2636405393877752,2.6391408820873714,2.7269763489231726,2.709409255556013,50.0,199.0,183.87201005025128,1.0,False,True,7.153272700316907e-15,0,n/a,n/a,n/a,n/a,n/a,n/a,n/a,n/a,0.18080097929533093,1.0,198.99
PM2_P3_wellmixed,P3,126337246,200,True,snowdrift,4.0,3.0,0.0,2.0,False,0.0,0.5,100,50,30,0.1,20000,0.7999999999999999,0.0,0.19999999999999998,0.0,0.0,0.0,0.0,0.22898286908967397,0.26436210305539476,2.635450711922311,2.7263614767860775,2.708179323813323,50.0,199.0,183.89396984924628,1.0,False,True,7.153272700316907e-15,0,n/a,n/a,n/a,n/a,n/a,n/a,n/a,n/a,0.17997575966571877,1.0,198.99
PM2_P3_wellmixed,P3,317149051,200,True,snowdrift,4.0,3.0,0.0,2.0,False,0.0,0.5,100,50,30,0.1,20000,0.7999999999999999,0.0,0.19999999999999998,0.0,0.0,0.0,0.0,0.22979397584155023,0.26332416906704853,2.633744524368615,2.7264566021710714,2.70791418661058,50.0,199.0,183.9088442211055,1.0,False,True,7.153272700316907e-15,0,n/a,n/a,n/a,n/a,n/a,n/a,n/a,n/a,0.18144620480724263,1.0,198.98
PM2_P3_wellmixed,P3,433399445,200,True,snowdrift,4.0,3.0,0.0,2.0,False,0.0,0.5,100,50,30,0.1,20000,0.7999999999999999,0.0,0.19999999999999998,0.0,0.0,0.0,0.0,0.2278879582352019,0.26239441390840645,2.6374449365863075,2.7258767246979168,2.7081903670755945,50.0,199.0,183.93211055276387,1.0,False,True,7.153272700316907e-15,0,n/a,n/a,n/a,n/a,n/a,n/a,n/a,n/a,0.1817509397888736,1.0,198.99
PM2_P3_wellmixed,P3,2121129191,200,True,PD_classic,9.0,5.0,1.0,0.0,False,0.0,0.5,100,150,30,0.1,20000,0.7999999999999999,0.0,0.19999999999999998,0.0,0.0,0.0,0.0,0.3186363047327123,0.08687315634218289,2.7463534270141388,4.140437491326529,3.861620678464051,150.0,199.0,183.9064824120603,1.0,False,True,7.153272700316907e-15,0,n/a,n/a,n/a,n/a,n/a,n/a,n/a,n/a,0.7305750710187057,1.0,198.99
PM2_P3_wellmixed,P3,686818433,200,True,PD_classic,9.0,5.0,1.0,0.0,False,0.0,0.5,100,150,30,0.1,20000,0.7999999999999999,0.0,0.19999999999999998,0.0,0.0,0.0,0.0,0.3182565890324468,0.08633038499571134,2.749763107651347,4.141508048657774,3.8631590604564883,150.0,199.0,183.91708542713567,1.0,False,True,7.153272700316907e-15,0,n/a,n/a,n/a,n/a,n/a,n/a,n/a,n/a,0.7323625350464624,1.0,198.98
PM2_P3_wellmixed,P3,744720527,200,True,PD_classic,9.0,5.0,1.0,0.0,False,0.0,0.5,100,150,30,0.1,20000,0.7999999999999999,0.0,0.19999999999999998,0.0,0.0,0.0,0.0,0.31647450461655763,0.08591751044240821,2.746629870860319,4.140645493238184,3.8618423687626113,150.0,199.0,183.93974874371867,1.0,False,True,7.153272700316907e-15,0,n/a,n/a,n/a,n/a,n/a,n/a,n/a,n/a,0.7320655451278371,1.0,199.0
PM2_P3_wellmixed,P3,381425458,200,True,PD_classic,9.0,5.0,1.0,0.0,False,0.0,0.5,100,150,30,0.1,20000,0.7999999999999999,0.0,0.19999999999999998,0.0,0.0,0.0,0.0,0.31824376748414485,0.0858537545301986,2.746871245848878,4.14118273704037,3.862320438802072,150.0,199.0,183.9241708542713,1.0,False,True,7.153272700316907e-15,0,n/a,n/a,n/a,n/a,n/a,n/a,n/a,n/a,0.731338162934263,1.0,198.99
PM2_P3_wellmixed,P3,1620985466,200,True,PD_classic,9.0,5.0,1.0,0.0,False,0.0,0.5,100,150,30,0.1,20000,0.7999999999999999,0.0,0.19999999999999998,0.0,0.0,0.0,0.0,0.316819209857301,0.08732626838426182,2.752512278098988,4.141193047621297,3.863456893716833,150.0,199.0,183.89462311557784,1.0,False,True,7.153272700316907e-15,0,n/a,n/a,n/a,n/a,n/a,n/a,n/a,n/a,0.7304909424607229,1.0,198.99
PM2_P3_wellmixed,P3,1669164794,200,True,PD_classic,9.0,5.0,1.0,0.0,False,0.0,0.5,100,150,30,0.1,20000,0.7999999999999999,0.0,0.19999999999999998,0.0,0.0,0.0,0.0,0.31805356777748817,0.08647487676114068,2.7503230295585426,4.141468379575269,3.863239309571923,150.0,199.0,183.90085427135685,1.0,False,True,7.153272700316907e-15,0,n/a,n/a,n/a,n/a,n/a,n/a,n/a,n/a,0.7304147965667626,1.0,199.0
PM2_P3_wellmixed,P3,798359651,200,True,PD_classic,9.0,5.0,1.0,0.0,False,0.0,0.5,100,150,30,0.1,20000,0.7999999999999999,0.0,0.19999999999999998,0.0,0.0,0.0,0.0,0.3184194683672876,0.08614127760097116,2.7479365072100648,4.1417887451147815,3.863018297533839,150.0,199.0,183.87201005025128,1.0,False,True,7.153272700316907e-15,0,n/a,n/a,n/a,n/a,n/a,n/a,n/a,n/a,0.7317620792957686,1.0,198.99
PM2_P3_wellmixed,P3,126337246,200,True,PD_classic,9.0,5.0,1.0,0.0,False,0.0,0.5,100,150,30,0.1,20000,0.7999999999999999,0.0,0.19999999999999998,0.0,0.0,0.0,0.0,0.3181434864210418,0.08604153239461237,2.7476483554926676,4.1411353315741675,3.8624379363578663,150.0,199.0,183.89396984924628,1.0,False,True,7.153272700316907e-15,0,n/a,n/a,n/a,n/a,n/a,n/a,n/a,n/a,0.7310859161643839,1.0,198.99
PM2_P3_wellmixed,P3,317149051,200,True,PD_classic,9.0,5.0,1.0,0.0,False,0.0,0.5,100,150,30,0.1,20000,0.7999999999999999,0.0,0.19999999999999998,0.0,0.0,0.0,0.0,0.3184264808055383,0.08605847275589346,2.74622499517057,4.141670043446024,3.8625810337909328,150.0,199.0,183.9088442211055,1.0,False,True,7.153272700316907e-15,0,n/a,n/a,n/a,n/a,n/a,n/a,n/a,n/a,0.7300421539785427,1.0,198.98
PM2_P3_wellmixed,P3,433399445,200,True,PD_classic,9.0,5.0,1.0,0.0,False,0.0,0.5,100,150,30,0.1,20000,0.7999999999999999,0.0,0.19999999999999998,0.0,0.0,0.0,0.0,0.3157118908377388,0.0867472380973195,2.7484113783018427,4.140202944288886,3.861844631091476,150.0,199.0,183.93211055276387,1.0,False,True,7.153272700316907e-15,0,n/a,n/a,n/a,n/a,n/a,n/a,n/a,n/a,0.7310426840830446,1.0,198.99
PM2_P3_wellmixed,P3,2121129191,200,True,snowdrift,4.0,3.0,0.0,2.0,False,0.0,0.5,100,150,30,0.1,20000,0.7999999999999999,0.0,0.19999999999999998,0.0,0.0,0.0,0.0,0.3186363047327123,0.08687315634218289,0.8731767135070688,2.5056026691617515,2.179117478030815,150.0,199.0,183.9064824120603,1.0,False,True,7.153272700316907e-15,0,n/a,n/a,n/a,n/a,n/a,n/a,n/a,n/a,0.7305750710187057,1.0,198.99
PM2_P3_wellmixed,P3,686818433,200,True,snowdrift,4.0,3.0,0.0,2.0,False,0.0,0.5,100,150,30,0.1,20000,0.7999999999999999,0.0,0.19999999999999998,0.0,0.0,0.0,0.0,0.3182565890324468,0.08633038499571134,0.8748815538256735,2.5064992419968757,2.1801757043626355,150.0,199.0,183.91708542713567,1.0,False,True,7.153272700316907e-15,0,n/a,n/a,n/a,n/a,n/a,n/a,n/a,n/a,0.7323625350464624,1.0,198.98
PM2_P3_wellmixed,P3,744720527,200,True,snowdrift,4.0,3.0,0.0,2.0,False,0.0,0.5,100,150,30,0.1,20000,0.7999999999999999,0.0,0.19999999999999998,0.0,0.0,0.0,0.0,0.31647450461655763,0.08591751044240821,0.8733149354301597,2.505593605834746,2.1791378717538286,150.0,199.0,183.93974874371867,1.0,False,True,7.153272700316907e-15,0,n/a,n/a,n/a,n/a,n/a,n/a,n/a,n/a,0.7320655451278371,1.0,199.0
PM2_P3_wellmixed,P3,381425458,200,True,snowdrift,4.0,3.0,0.0,2.0,False,0.0,0.5,100,150,30,0.1,20000,0.7999999999999999,0.0,0.19999999999999998,0.0,0.0,0.0,0.0,0.31824376748414485,0.0858537545301986,0.8734356229244391,2.5060152003991005,2.1794992849041686,150.0,199.0,183.9241708542713,1.0,False,True,7.153272700316907e-15,0,n/a,n/a,n/a,n/a,n/a,n/a,n/a,n/a,0.731338162934263,1.0,198.99
PM2_P3_wellmixed,P3,1620985466,200,True,snowdrift,4.0,3.0,0.0,2.0,False,0.0,0.5,100,150,30,0.1,20000,0.7999999999999999,0.0,0.19999999999999998,0.0,0.0,0.0,0.0,0.316819209857301,0.08732626838426182,0.8762561390494942,2.506512239540257,2.1804610194421037,150.0,199.0,183.89462311557784,1.0,False,True,7.153272700316907e-15,0,n/a,n/a,n/a,n/a,n/a,n/a,n/a,n/a,0.7304909424607229,1.0,198.99
PM2_P3_wellmixed,P3,1669164794,200,True,snowdrift,4.0,3.0,0.0,2.0,False,0.0,0.5,100,150,30,0.1,20000,0.7999999999999999,0.0,0.19999999999999998,0.0,0.0,0.0,0.0,0.31805356777748817,0.08647487676114068,0.8751615147792712,2.5063837348425895,2.180139290829926,150.0,199.0,183.90085427135685,1.0,False,True,7.153272700316907e-15,0,n/a,n/a,n/a,n/a,n/a,n/a,n/a,n/a,0.7304147965667626,1.0,199.0
PM2_P3_wellmixed,P3,798359651,200,True,snowdrift,4.0,3.0,0.0,2.0,False,0.0,0.5,100,150,30,0.1,20000,0.7999999999999999,0.0,0.19999999999999998,0.0,0.0,0.0,0.0,0.3184194683672876,0.08614127760097116,0.8739682536050325,2.50646216619329,2.1799633836756387,150.0,199.0,183.87201005025128,1.0,False,True,7.153272700316907e-15,0,n/a,n/a,n/a,n/a,n/a,n/a,n/a,n/a,0.7317620792957686,1.0,198.99
PM2_P3_wellmixed,P3,126337246,200,True,snowdrift,4.0,3.0,0.0,2.0,False,0.0,0.5,100,150,30,0.1,20000,0.7999999999999999,0.0,0.19999999999999998,0.0,0.0,0.0,0.0,0.3181434864210418,0.08604153239461237,0.873824177746333,2.506086005511493,2.179633639958461,150.0,199.0,183.89396984924628,1.0,False,True,7.153272700316907e-15,0,n/a,n/a,n/a,n/a,n/a,n/a,n/a,n/a,0.7310859161643839,1.0,198.99
PM2_P3_wellmixed,P3,317149051,200,True,snowdrift,4.0,3.0,0.0,2.0,False,0.0,0.5,100,150,30,0.1,20000,0.7999999999999999,0.0,0.19999999999999998,0.0,0.0,0.0,0.0,0.3184264808055383,0.08605847275589346,0.8731124975852851,2.5063405774070184,2.1796949614426713,150.0,199.0,183.9088442211055,1.0,False,True,7.153272700316907e-15,0,n/a,n/a,n/a,n/a,n/a,n/a,n/a,n/a,0.7300421539785427,1.0,198.98
PM2_P3_wellmixed,P3,433399445,200,True,snowdrift,4.0,3.0,0.0,2.0,False,0.0,0.5,100,150,30,0.1,20000,0.7999999999999999,0.0,0.19999999999999998,0.0,0.0,0.0,0.0,0.3157118908377388,0.0867472380973195,0.8742056891509213,2.5054309990170616,2.1791859370438327,150.0,199.0,183.93211055276387,1.0,False,True,7.153272700316907e-15,0,n/a,n/a,n/a,n/a,n/a,n/a,n/a,n/a,0.7310426840830446,1.0,198.99
PM2_P12_space,P1P2,686818433,200,False,PD_classic,9.0,5.0,1.0,0.0,True,0.0,0.5,100,0,30,0.1,100000,0.0,0.0,1.0,0.0,0.0,0.0,0.0,1.0,0.0,1.323675926493993,0.0,1.323675926493993,19.95,19.95,98.260926900683,0.0,True,True,0.0,472,baseline,1024,1888,3.6875,23.17564027370479,0.003604594330400782,0.10896384010298515,0.01845320591177862,0.993027281129799,0.993027281129799,1.4864864864864864
PM2_P12_space,P1P2,2121129191,200,False,PD_classic,9.0,5.0,1.0,0.0,True,0.0,0.5,100,0,30,0.1,100000,0.0,0.0,1.0,0.0,0.0,0.0,0.0,1.0,0.0,1.319327915028796,0.0,1.319327915028796,19.36,19.36,99.97703011837307,0.0,True,True,0.0016158304633218533,555,baseline,1024,1888,3.6875,23.17564027370479,0.003604594330400782,0.10896384010298515,0.01845320591177862,0.9858835762037368,0.9858835762037368,1.3012048192771084
PM2_P12_space,P1P2,744720527,200,False,PD_classic,9.0,5.0,1.0,0.0,True,0.0,0.5,100,0,30,0.1,100000,0.0,0.0,1.0,0.0,0.0,0.0,0.0,1.0,0.0,1.2226424887603016,0.0,1.2226424887603016,19.83,19.83,92.82767715503394,0.0,True,True,0.0012320449281775154,367,baseline,1024,1888,3.6875,23.17564027370479,0.003604594330400782,0.10896384010298515,0.01845320591177862,0.9896270173647106,0.9896270173647106,1.2941176470588236
PM2_P12_space,P1P2,381425458,200,False,PD_classic,9.0,5.0,1.0,0.0,True,0.0,0.5,100,0,30,0.1,100000,0.0,0.0,1.0,0.0,0.0,0.0,0.0,1.0,0.0,1.2916239397463174,0.0,1.2916239397463174,19.47,19.47,97.99573307597697,0.0,True,True,0.0,436,baseline,1024,1888,3.6875,23.17564027370479,0.003604594330400782,0.10896384010298515,0.01845320591177862,0.9907879923149142,0.9907879923149142,1.2842105263157895
PM2_P12_space,P1P2,1620985466,200,False,PD_classic,9.0,5.0,1.0,0.0,True,0.0,0.5,100,0,30,0.1,100000,0.0,0.0,1.0,0.0,0.0,0.0,0.0,1.0,0.0,1.2675660636780726,0.0,1.2675660636780726,19.99,19.99,93.62162090086477,0.0,True,True,0.0,478,baseline,1024,1888,3.6875,23.17564027370479,0.003604594330400782,0.10896384010298515,0.01845320591177862,0.9873499401586752,0.9873499401586752,1.3707865168539326
PM2_P12_space,P1P2,1669164794,200,False,PD_classic,9.0,5.0,1.0,0.0,True,0.0,0.5,100,0,30,0.1,100000,0.0,0.0,1.0,0.0,0.0,0.0,0.0,1.0,0.0,1.2741284091510015,0.0,1.2741284091510015,20.3,20.3,96.6046530262247,0.0,True,True,0.0,490,baseline,1024,1888,3.6875,23.17564027370479,0.003604594330400782,0.10896384010298515,0.01845320591177862,0.9902104515002903,0.9902104515002903,1.3814432989690721
PM2_P12_space,P1P2,798359651,200,False,PD_classic,9.0,5.0,1.0,0.0,True,0.0,0.5,100,0,30,0.1,100000,0.0,0.0,1.0,0.0,0.0,0.0,0.0,1.0,0.0,1.3201557177556378,0.0,1.3201557177556378,19.99,19.99,106.05460064180286,0.0,True,True,0.0,485,baseline,1024,1888,3.6875,23.17564027370479,0.003604594330400782,0.10896384010298515,0.01845320591177862,0.9890074794160141,0.9890074794160141,1.3846153846153846
PM2_P12_space,P1P2,126337246,200,False,PD_classic,9.0,5.0,1.0,0.0,True,0.0,0.5,100,0,30,0.1,100000,0.0,0.0,1.0,0.0,0.0,0.0,0.0,1.0,0.0,1.4386894399652241,0.0,1.4386894399652241,18.4,18.4,99.73012952370519,0.0,True,True,0.0,568,baseline,1024,1888,3.6875,23.17564027370479,0.003604594330400782,0.10896384010298515,0.01845320591177862,0.9922020670773701,0.9922020670773701,1.3670886075949367
PM2_P12_space,P1P2,317149051,200,False,PD_classic,9.0,5.0,1.0,0.0,True,0.0,0.5,100,0,30,0.1,100000,0.0,0.0,1.0,0.0,0.0,0.0,0.0,1.0,0.0,1.250780164694015,0.0,1.250780164694015,18.81,18.81,100.51015109463513,0.0,True,True,0.0001405445621782487,400,baseline,1024,1888,3.6875,23.17564027370479,0.003604594330400782,0.10896384010298515,0.01845320591177862,0.9927916344702389,0.9927916344702389,1.2391304347826086
PM2_P12_space,P1P2,433399445,200,False,PD_classic,9.0,5.0,1.0,0.0,True,0.0,0.5,100,0,30,0.1,100000,0.0,0.0,1.0,0.0,0.0,0.0,0.0,1.0,0.0,1.2841457473676188,0.0,1.2841457473676188,19.74,19.74,103.3808519268772,0.0,True,True,0.0,490,baseline,1024,1888,3.6875,23.17564027370479,0.003604594330400782,0.10896384010298515,0.01845320591177862,0.9567597877041469,0.9567597877041469,1.4186046511627908
PM2_P12_space,P1P2,2121129191,200,False,snowdrift,4.0,3.0,0.0,2.0,True,0.0,0.5,100,0,30,0.1,100000,0.004999999999999999,0.0,0.9949999999999999,0.0,0.0,0.0,0.0,1.0,0.0,0.4882758463973801,1.6601092896174863,0.49413501361348056,20.49,20.49,94.58380849750341,0.0,False,True,0.018581258325007663,1051,baseline,1024,1888,3.6875,23.17564027370479,0.003604594330400782,0.10896384010298515,0.01845320591177862,0.9794835186036159,0.9794835186036159,1.2470588235294118
PM2_P12_space,P1P2,686818433,200,False,snowdrift,4.0,3.0,0.0,2.0,True,0.0,0.5,100,0,30,0.1,100000,0.0025,0.0,0.9924999999999999,0.0,0.0,0.004999999999999999,0.0,0.9996124031007753,0.0005750431282346176,0.6824158778896621,0.0,0.6817258543884372,19.45,19.45,97.97832172019567,0.0,False,False,0.04918241272964176,1415,baseline,1024,1888,3.6875,23.17564027370479,0.003604594330400782,0.10896384010298515,0.01845320591177862,0.9738461631957419,0.9738461631957419,1.2359550561797752
PM2_P12_space,P1P2,744720527,200,False,snowdrift,4.0,3.0,0.0,2.0,True,0.0,0.5,100,0,30,0.1,100000,0.0,0.0,1.0,0.0,0.0,0.0,0.0,1.0,0.0,0.4000484269525797,0.0,0.4000484269525797,19.94,19.94,96.00165006761523,0.0,True,True,0.012294625178501445,790,baseline,1024,1888,3.6875,23.17564027370479,0.003604594330400782,0.10896384010298515,0.01845320591177862,0.9908537495768912,0.9908537495768912,1.2380952380952381
PM2_P12_space,P1P2,1620985466,200,False,snowdrift,4.0,3.0,0.0,2.0,True,0.0,0.5,100,0,30,0.1,100000,0.0,0.0,0.9800000000000002,0.0,0.0,0.019999999999999997,0.0,1.0,0.0,0.5859076985284726,0.0,0.6125825904849913,19.9,19.9,94.94315837037858,0.0,False,False,0.03826884907539447,1223,baseline,1024,1888,3.6875,23.17564027370479,0.003604594330400782,0.10896384010298515,0.01845320591177862,0.9880592908673119,0.9880592908673119,1.1956521739130435
PM2_P12_space,P1P2,381425458,200,False,snowdrift,4.0,3.0,0.0,2.0,True,0.0,0.5,100,0,30,0.1,100000,0.0,0.0,0.9600000000000002,0.024999999999999998,0.0,0.015000000000000003,0.0,1.0,0.0,0.4604430903116326,0.0,0.48408511024326123,20.22,20.22,97.98387499860881,0.0,False,True,0.018156144624590947,1020,baseline,1024,1888,3.6875,23.17564027370479,0.003604594330400782,0.10896384010298515,0.01845320591177862,0.9759213294080288,0.9759213294080288,1.4509803921568627
PM2_P12_space,P1P2,1669164794,200,False,snowdrift,4.0,3.0,0.0,2.0,True,0.0,0.5,100,0,30,0.1,100000,0.0,0.0,1.0,0.0,0.0,0.0,0.0,1.0,0.0,0.39901041686871325,0.0,0.39901041686871325,20.51,20.51,98.10715872118212,0.0,True,True,0.00727646910586324,964,baseline,1024,1888,3.6875,23.17564027370479,0.003604594330400782,0.10896384010298515,0.01845320591177862,0.9802015450516788,0.9802015450516788,1.402061855670103
PM2_P12_space,P1P2,798359651,200,False,snowdrift,4.0,3.0,0.0,2.0,True,0.0,0.5,100,0,30,0.1,100000,0.0,0.0,1.0,0.0,0.0,0.0,0.0,1.0,0.0,0.5996226390453779,0.0,0.5996226390453779,19.43,19.43,97.34170879641165,0.0,True,False,0.02372335089339625,1120,baseline,1024,1888,3.6875,23.17564027370479,0.003604594330400782,0.10896384010298515,0.01845320591177862,0.9798552030072373,0.9798552030072373,1.3707865168539326
PM2_P12_space,P1P2,126337246,200,False,snowdrift,4.0,3.0,0.0,2.0,True,0.0,0.5,100,0,30,0.1,100000,0.0,0.0,1.0,0.0,0.0,0.0,0.0,1.0,0.0,0.5526744245269556,0.0,0.5526744245269556,19.73,19.73,96.95026507406277,0.0,True,False,0.022460465841853846,1144,baseline,1024,1888,3.6875,23.17564027370479,0.003604594330400782,0.10896384010298515,0.01845320591177862,0.9872595648234128,0.9872595648234128,1.3535353535353536
PM2_P12_space,P1P2,317149051,200,False,snowdrift,4.0,3.0,0.0,2.0,True,0.0,0.5,100,0,30,0.1,100000,0.0,0.0,1.0,0.0,0.0,0.0,0.0,1.0,0.0,0.3838597893067722,0.0,0.3838597893067722,20.33,20.33,99.74050152278609,0.0,True,True,0.0032677810711257494,986,baseline,1024,1888,3.6875,23.17564027370479,0.003604594330400782,0.10896384010298515,0.01845320591177862,0.9889825417021647,0.9889825417021647,1.308641975308642
PM2_P12_space,P1P2,433399445,200,False,snowdrift,4.0,3.0,0.0,2.0,True,0.0,0.5,100,0,30,0.1,100000,0.0,0.0,1.0,0.0,0.0,0.0,0.0,1.0,0.0,0.3677594618545218,0.0,0.3677594618545218,20.24,20.24,94.8606505762287,0.0,True,True,0.007375757503027083,1003,baseline,1024,1888,3.6875,23.17564027370479,0.003604594330400782,0.10896384010298515,0.01845320591177862,0.9884340251020565,0.9884340251020565,1.391304347826087
PM2_P12_space,P1P2,2121129191,200,False,PD_classic,9.0,5.0,1.0,0.0,True,0.01,0.5,100,0,30,0.1,100000,0.09549999999999999,0.07100000000000002,0.6075000000000002,0.0925,0.071,0.027500000000000004,0.03500000000000001,0.8335122037748504,0.03482880755608028,1.929969831234067,1.8253897163668604,1.957254612347063,18.47,18.47,98.25660127963805,0.0,False,True,0.0007286909147596307,4373,baseline,1024,1888,3.6875,23.17564027370479,0.003604594330400782,0.10896384010298515,0.01845320591177862,0.9790524597495801,0.9790524597495801,1.25
PM2_P12_space,P1P2,686818433,200,False,PD_classic,9.0,5.0,1.0,0.0,True,0.01,0.5,100,0,30,0.1,100000,0.07649999999999998,0.026999999999999996,0.631,0.0625,0.08499999999999999,0.07000000000000002,0.047999999999999994,0.7958518660487534,0.025102459016393443,1.7866108571119277,2.045718665069757,1.8922672638667242,19.99,19.99,95.65420498282394,0.0,False,True,-0.01232844131376562,4296,baseline,1024,1888,3.6875,23.17564027370479,0.003604594330400782,0.10896384010298515,0.01845320591177862,0.9906533517388725,0.9906533517388725,1.1868131868131868
PM2_P12_space,P1P2,744720527,200,False,PD_classic,9.0,5.0,1.0,0.0,True,0.01,0.5,100,0,30,0.1,100000,0.139,0.024,0.6180000000000001,0.04399999999999999,0.08149999999999999,0.05149999999999999,0.041999999999999996,0.7838266578507408,0.010801591813530414,1.8338961145370631,1.9997299264342572,1.843713045260238,19.12,19.12,94.50796818059933,0.0,False,True,-0.018725786903148346,4276,baseline,1024,1888,3.6875,23.17564027370479,0.003604594330400782,0.10896384010298515,0.01845320591177862,0.989835375187522,0.989835375187522,1.3695652173913044
PM2_P12_space,P1P2,381425458,200,False,PD_classic,9.0,5.0,1.0,0.0,True,0.01,0.5,100,0,30,0.1,100000,0.053000000000000005,0.03300000000000001,0.6719999999999999,0.0625,0.052000000000000005,0.08149999999999999,0.04599999999999999,0.8184042810235669,0.00684931506849315,1.6584982056288184,1.699660634947949,1.705001074581655,19.77,19.77,103.85666333224273,0.0,False,True,-0.010468721874884936,4188,baseline,1024,1888,3.6875,23.17564027370479,0.003604594330400782,0.10896384010298515,0.01845320591177862,0.9906409178998397,0.9906409178998397,1.2658227848101267
PM2_P12_space,P1P2,1620985466,200,False,PD_classic,9.0,5.0,1.0,0.0,True,0.01,0.5,100,0,30,0.1,100000,0.12250000000000001,0.029000000000000005,0.574,0.08199999999999999,0.11499999999999999,0.04599999999999999,0.0315,0.8677101744499396,0.01588310038119441,1.8089396765908543,1.6315804855212834,1.7863928933635282,20.29,20.29,91.95944832722539,0.0,False,True,3.5616142462738796e-05,4374,baseline,1024,1888,3.6875,23.17564027370479,0.003604594330400782,0.10896384010298515,0.01845320591177862,0.9874763657653591,0.9874763657653591,1.3255813953488371
PM2_P12_space,P1P2,1669164794,200,False,PD_classic,9.0,5.0,1.0,0.0,True,0.01,0.5,100,0,30,0.1,100000,0.0635,0.0675,0.6160000000000001,0.055999999999999994,0.0445,0.08849999999999998,0.06399999999999999,0.8523003661896537,0.045234248788368334,1.8143557300903541,2.157165308853549,1.9168331132601037,21.35,21.35,96.54010085354275,0.0,False,False,-0.028418153672615423,4472,baseline,1024,1888,3.6875,23.17564027370479,0.003604594330400782,0.10896384010298515,0.01845320591177862,0.9879972753380382,0.9879972753380382,1.3647058823529412
PM2_P12_space,P1P2,798359651,200,False,PD_classic,9.0,5.0,1.0,0.0,True,0.01,0.5,100,0,30,0.1,100000,0.05650000000000001,0.064,0.6655,0.07299999999999998,0.060999999999999985,0.03300000000000001,0.04699999999999999,0.8566957340493018,0.04489995119570522,1.783785570820565,2.08404663995003,1.788002650286326,19.92,19.92,97.69829420101516,0.0,False,True,-0.009324277297106625,4107,baseline,1024,1888,3.6875,23.17564027370479,0.003604594330400782,0.10896384010298515,0.01845320591177862,0.9897921114877469,0.9897921114877469,1.2093023255813953
PM2_P12_space,P1P2,126337246,200,False,PD_classic,9.0,5.0,1.0,0.0,True,0.01,0.5,100,0,30,0.1,100000,0.06499999999999999,0.03899999999999999,0.654,0.058499999999999996,0.042499999999999996,0.09149999999999998,0.04949999999999999,0.8752529448918175,0.020689655172413793,1.7421656946124484,2.1878770624498256,1.8266111578819022,20.27,20.27,89.95879002502869,0.0,False,True,0.008293881175526532,4216,baseline,1024,1888,3.6875,23.17564027370479,0.003604594330400782,0.10896384010298515,0.01845320591177862,0.9802156691812783,0.9802156691812783,1.3563218390804597
PM2_P12_space,P1P2,317149051,200,False,PD_classic,9.0,5.0,1.0,0.0,True,0.01,0.5,100,0,30,0.1,100000,0.07849999999999999,0.0235,0.607,0.094,0.05750000000000001,0.06749999999999999,0.07200000000000002,0.7847784723257909,0.013765541740674956,2.0014098816196166,1.8897158492033042,1.9914794734272443,19.92,19.92,94.25156943988245,0.0,False,True,0.00020764883059458996,4459,baseline,1024,1888,3.6875,23.17564027370479,0.003604594330400782,0.10896384010298515,0.01845320591177862,0.9911283275427949,0.9911283275427949,1.3404255319148937
PM2_P12_space,P1P2,433399445,200,False,PD_classic,9.0,5.0,1.0,0.0,True,0.01,0.5,100,0,30,0.1,100000,0.09949999999999999,0.07749999999999999,0.607,0.06599999999999999,0.0445,0.06200000000000001,0.04349999999999999,0.7824513829538517,0.013227513227513227,1.83027143616905,1.8239305590575325,1.8966157072245593,19.36,19.36,93.23419818785953,0.0,False,True,-0.005653630614528683,4217,baseline,1024,1888,3.6875,23.17564027370479,0.003604594330400782,0.10896384010298515,0.01845320591177862,0.9853691930205,0.9853691930205,1.1645569620253164
PM2_P12_space,P1P2,2121129191,200,False,snowdrift,4.0,3.0,0.0,2.0,True,0.01,0.5,100,0,30,0.1,100000,0.1065,0.0605,0.47450000000000003,0.0655,0.08549999999999999,0.08499999999999999,0.12250000000000001,0.7299711898232324,0.0304,1.056060660891188,1.2621361850730803,1.185941050541541,20.11,20.11,94.10179246277941,0.0,False,True,-0.011879279517117338,5406,baseline,1024,1888,3.6875,23.17564027370479,0.003604594330400782,0.10896384010298515,0.01845320591177862,0.9848718737655803,0.9848718737655803,1.3333333333333333
PM2_P12_space,P1P2,686818433,200,False,snowdrift,4.0,3.0,0.0,2.0,True,0.01,0.5,100,0,30,0.1,100000,0.1705,0.03899999999999999,0.326,0.14250000000000002,0.078,0.1625,0.08149999999999999,0.4643745522774235,0.037187681580476466,1.3448044263559111,1.601578381030357,1.4375472723386276,19.15,19.15,97.13399106962646,0.0,False,False,-0.03639984159936805,5516,baseline,1024,1888,3.6875,23.17564027370479,0.003604594330400782,0.10896384010298515,0.01845320591177862,0.9871859217128777,0.9871859217128777,1.1666666666666667
PM2_P12_space,P1P2,744720527,200,False,snowdrift,4.0,3.0,0.0,2.0,True,0.01,0.5,100,0,30,0.1,100000,0.1255,0.063,0.4165,0.08449999999999999,0.132,0.1355,0.043000000000000003,0.6581618133451748,0.04395604395604396,1.00964085766101,0.9574427717240267,1.0486455183663033,20.14,20.14,90.98206861262629,0.0,False,False,-0.036521570086281444,5308,baseline,1024,1888,3.6875,23.17564027370479,0.003604594330400782,0.10896384010298515,0.01845320591177862,0.9751658353414435,0.9751658353414435,1.1891891891891893
PM2_P12_space,P1P2,381425458,200,False,snowdrift,4.0,3.0,0.0,2.0,True,0.01,0.5,100,0,30,0.1,100000,0.151,0.04699999999999999,0.3325,0.09899999999999999,0.17500000000000002,0.11949999999999998,0.076,0.5903629929326311,0.01910067648229208,1.100781247153567,1.0678428370934214,1.1982531590713745,19.56,19.56,99.71915265237085,0.0,False,True,-0.01670116280465067,5483,baseline,1024,1888,3.6875,23.17564027370479,0.003604594330400782,0.10896384010298515,0.01845320591177862,0.9939902932641868,0.9939902932641868,1.4081632653061225
PM2_P12_space,P1P2,1620985466,200,False,snowdrift,4.0,3.0,0.0,2.0,True,0.01,0.5,100,0,30,0.1,100000,0.14250000000000002,0.041999999999999996,0.305,0.11599999999999999,0.10200000000000001,0.22500000000000003,0.0675,0.47150063993642843,0.08910295003010235,1.2482422720111221,1.5879399341757579,1.3769618717512755,19.88,19.88,95.73724526313066,0.0,False,True,-0.013521222084890538,5692,baseline,1024,1888,3.6875,23.17564027370479,0.003604594330400782,0.10896384010298515,0.01845320591177862,0.9898231632087917,0.9898231632087917,1.3658536585365855
PM2_P12_space,P1P2,1669164794,200,False,snowdrift,4.0,3.0,0.0,2.0,True,0.01,0.5,100,0,30,0.1,100000,0.127,0.051000000000000004,0.40199999999999997,0.1255,0.09949999999999999,0.123,0.072,0.5598188927744141,0.03231017770597738,1.2649382310429784,1.5900898689042064,1.4190793064313363,19.7,19.7,99.14148808702339,0.0,False,True,0.00016807267229123848,5621,baseline,1024,1888,3.6875,23.17564027370479,0.003604594330400782,0.10896384010298515,0.01845320591177862,0.9839665060835951,0.9839665060835951,1.4945054945054945
PM2_P12_space,P1P2,798359651,200,False,snowdrift,4.0,3.0,0.0,2.0,True,0.01,0.5,100,0,30,0.1,100000,0.11850000000000001,0.04,0.477,0.0685,0.08049999999999999,0.10600000000000001,0.1095,0.7733266667075271,0.023911710606989576,1.2350763370479312,1.4056687663192982,1.3514194900752272,21.34,21.34,92.1534141912909,0.0,False,True,0.0011648926595706382,5728,baseline,1024,1888,3.6875,23.17564027370479,0.003604594330400782,0.10896384010298515,0.01845320591177862,0.9884122982481742,0.9884122982481742,1.2533333333333334
PM2_P12_space,P1P2,126337246,200,False,snowdrift,4.0,3.0,0.0,2.0,True,0.01,0.5,100,0,30,0.1,100000,0.156,0.07799999999999999,0.41000000000000003,0.122,0.119,0.07450000000000001,0.040499999999999994,0.705119199643095,0.04328018223234624,1.1527188527421506,1.4115622371469159,1.3237324323490043,19.58,19.58,96.92638532481922,0.0,False,False,-0.02245297781190777,5598,baseline,1024,1888,3.6875,23.17564027370479,0.003604594330400782,0.10896384010298515,0.01845320591177862,0.9820933808783749,0.9820933808783749,1.1777777777777778
PM2_P3_space,P3,2121129191,200,False,PD_classic,9.0,5.0,1.0,0.0,False,0.0,0.5,100,0,30,0.1,20000,0.7999999999999999,0.0,0.19999999999999998,0.0,0.0,0.0,0.0,0.2713648009701576,0.00424929178470255,1.1061673539326498,4.1747919068015875,3.5548677547068523,5.79,5.79,69.17668581418583,0.0,False,True,7.153272700316907e-15,0,baseline,1024,1888,3.6875,23.17564027370479,0.003604594330400782,0.10896384010298515,0.01845320591177862,0.9539798174902823,0.9539798174902823,1.2911392405063291
PM2_P3_space,P3,686818433,200,False,PD_classic,9.0,5.0,1.0,0.0,False,0.0,0.5,100,0,30,0.1,20000,0.7999999999999999,0.0,0.19999999999999998,0.0,0.0,0.0,0.0,0.39771745313566864,0.0034587116299178555,1.1025740675754823,4.150490363058402,3.5470957664907163,5.35,5.35,78.08247851978815,0.0,False,True,7.153272700316907e-15,0,baseline,1024,1888,3.6875,23.17564027370479,0.003604594330400782,0.10896384010298515,0.01845320591177862,0.9900670161644302,0.9900670161644302,1.4782608695652173
PM2_P3_space,P3,744720527,200,False,PD_classic,9.0,5.0,1.0,0.0,False,0.0,0.5,100,0,30,0.1,20000,0.7999999999999999,0.0,0.19999999999999998,0.0,0.0,0.0,0.0,0.3910768686099555,0.003929273084479371,1.0996757964761203,4.26329335115991,3.6305698402231545,5.08,5.08,72.14434722222224,0.0,False,True,7.153272700316907e-15,0,baseline,1024,1888,3.6875,23.17564027370479,0.003604594330400782,0.10896384010298515,0.01845320591177862,0.9838758354841317,0.9838758354841317,1.2112676056338028
PM2_P12_space,P1P2,317149051,200,False,snowdrift,4.0,3.0,0.0,2.0,True,0.01,0.5,100,0,30,0.1,100000,0.127,0.07150000000000001,0.4085000000000001,0.1045,0.127,0.11400000000000002,0.047499999999999994,0.5669219589145527,0.011889035667107,1.0433238064790635,1.2069658679039341,1.118903185147028,19.2,19.2,104.62379328790857,0.0,False,False,-0.024612914451654692,5397,baseline,1024,1888,3.6875,23.17564027370479,0.003604594330400782,0.10896384010298515,0.01845320591177862,0.9876972706212954,0.9876972706212954,1.3176470588235294
PM2_P3_space,P3,381425458,200,False,PD_classic,9.0,5.0,1.0,0.0,False,0.0,0.5,100,0,30,0.1,20000,0.7999999999999999,0.0,0.19999999999999998,0.0,0.0,0.0,0.0,0.5253180625940104,0.0037672666387609877,1.0825664875393273,4.0508326817965985,3.4571794429451455,5.08,5.08,72.98361742424242,0.0,False,True,7.153272700316907e-15,0,baseline,1024,1888,3.6875,23.17564027370479,0.003604594330400782,0.10896384010298515,0.01845320591177862,0.9847858110716947,0.9847858110716947,1.4157303370786516
PM2_P3_space,P3,1620985466,200,False,PD_classic,9.0,5.0,1.0,0.0,False,0.0,0.5,100,0,30,0.1,20000,0.7999999999999999,0.0,0.19999999999999998,0.0,0.0,0.0,0.0,0.429200541195462,0.004634994206257242,1.1147645671676836,4.159407592020341,3.5504789870498086,5.09,5.09,70.94230826118324,0.0,False,True,7.153272700316907e-15,0,baseline,1024,1888,3.6875,23.17564027370479,0.003604594330400782,0.10896384010298515,0.01845320591177862,0.984782062248966,0.984782062248966,1.2127659574468086
PM2_P12_space,P1P2,433399445,200,False,snowdrift,4.0,3.0,0.0,2.0,True,0.01,0.5,100,0,30,0.1,100000,0.11850000000000001,0.030000000000000006,0.43600000000000005,0.13399999999999998,0.08049999999999999,0.1325,0.0685,0.679108904997016,0.01953125,1.2143459865244621,1.1839966045674708,1.3527256114338935,20.69,20.69,92.66815203421903,0.0,False,True,0.004983955935824109,5654,baseline,1024,1888,3.6875,23.17564027370479,0.003604594330400782,0.10896384010298515,0.01845320591177862,0.9571143057762072,0.9571143057762072,1.2527472527472527
PM2_P3_space,P3,1669164794,200,False,PD_classic,9.0,5.0,1.0,0.0,False,0.0,0.5,100,0,30,0.1,20000,0.7999999999999999,0.0,0.19999999999999998,0.0,0.0,0.0,0.0,0.34970556526767366,0.005239030779305829,1.1156635111418083,4.177850562035757,3.5529144292002584,5.19,5.19,74.75163000265043,0.0,False,True,7.153272700316907e-15,0,baseline,1024,1888,3.6875,23.17564027370479,0.003604594330400782,0.10896384010298515,0.01845320591177862,0.9650189116777751,0.9650189116777751,1.15
PM2_P3_space,P3,126337246,200,False,PD_classic,9.0,5.0,1.0,0.0,False,0.0,0.5,100,0,30,0.1,20000,0.7999999999999999,0.0,0.19999999999999998,0.0,0.0,0.0,0.0,0.32661941731949257,0.0021447721179624667,1.0999909989342564,4.245541897367939,3.6164317176812033,5.26,5.26,72.77444949494951,0.0,False,True,7.153272700316907e-15,0,baseline,1024,1888,3.6875,23.17564027370479,0.003604594330400782,0.10896384010298515,0.01845320591177862,0.9910167342056413,0.9910167342056413,1.2307692307692308
PM2_P3_space,P3,798359651,200,False,PD_classic,9.0,5.0,1.0,0.0,False,0.0,0.5,100,0,30,0.1,20000,0.7999999999999999,0.0,0.19999999999999998,0.0,0.0,0.0,0.0,0.30983266561423684,0.003970223325062035,1.085021133060343,4.04444441766011,3.4495854659817646,5.18,5.18,80.12560529922338,0.0,False,True,7.153272700316907e-15,0,baseline,1024,1888,3.6875,23.17564027370479,0.003604594330400782,0.10896384010298515,0.01845320591177862,0.9748892969944735,0.9748892969944735,1.1428571428571428
PM2_P3_space,P3,317149051,200,False,PD_classic,9.0,5.0,1.0,0.0,False,0.0,0.5,100,0,30,0.1,20000,0.7999999999999999,0.0,0.19999999999999998,0.0,0.0,0.0,0.0,0.3242541054131106,0.00510677808727948,1.1170259084557796,4.25201475745766,3.615468798269463,5.17,5.17,69.63075296108292,0.0,False,True,7.153272700316907e-15,0,baseline,1024,1888,3.6875,23.17564027370479,0.003604594330400782,0.10896384010298515,0.01845320591177862,0.9827280964752174,0.9827280964752174,1.5116279069767442
PM2_P3_space,P3,433399445,200,False,PD_classic,9.0,5.0,1.0,0.0,False,0.0,0.5,100,0,30,0.1,20000,0.7999999999999999,0.0,0.19999999999999998,0.0,0.0,0.0,0.0,0.36084985869661074,0.00449162923642303,1.0945113621902196,4.22281402217091,3.597153490174772,5.42,5.42,72.02998389110888,0.0,False,True,7.153272700316907e-15,0,baseline,1024,1888,3.6875,23.17564027370479,0.003604594330400782,0.10896384010298515,0.01845320591177862,0.9820960763650022,0.9820960763650022,1.4747474747474747
PM2_P3_space,P3,2121129191,200,False,snowdrift,4.0,3.0,0.0,2.0,False,0.0,0.5,100,0,30,0.1,20000,0.7999999999999999,0.0,0.19999999999999998,0.0,0.0,0.0,0.0,0.2713648009701576,0.00424929178470255,0.05308367696632511,2.390746203818971,1.9184911478891435,5.79,5.79,69.17668581418583,0.0,False,True,7.153272700316907e-15,0,baseline,1024,1888,3.6875,23.17564027370479,0.003604594330400782,0.10896384010298515,0.01845320591177862,0.9539798174902823,0.9539798174902823,1.2911392405063291
PM2_P3_space,P3,686818433,200,False,snowdrift,4.0,3.0,0.0,2.0,False,0.0,0.5,100,0,30,0.1,20000,0.7999999999999999,0.0,0.19999999999999998,0.0,0.0,0.0,0.0,0.39771745313566864,0.0034587116299178555,0.05128703378774131,2.3724614681440914,1.912939625809585,5.35,5.35,78.08247851978815,0.0,False,True,7.153272700316907e-15,0,baseline,1024,1888,3.6875,23.17564027370479,0.003604594330400782,0.10896384010298515,0.01845320591177862,0.9900670161644302,0.9900670161644302,1.4782608695652173
PM2_P3_space,P3,744720527,200,False,snowdrift,4.0,3.0,0.0,2.0,False,0.0,0.5,100,0,30,0.1,20000,0.7999999999999999,0.0,0.19999999999999998,0.0,0.0,0.0,0.0,0.3910768686099555,0.003929273084479371,0.04983789823806009,2.4548092086310973,1.973814946552491,5.08,5.08,72.14434722222224,0.0,False,True,7.153272700316907e-15,0,baseline,1024,1888,3.6875,23.17564027370479,0.003604594330400782,0.10896384010298515,0.01845320591177862,0.9838758354841317,0.9838758354841317,1.2112676056338028
PM2_P3_space,P3,381425458,200,False,snowdrift,4.0,3.0,0.0,2.0,False,0.0,0.5,100,0,30,0.1,20000,0.7999999999999999,0.0,0.19999999999999998,0.0,0.0,0.0,0.0,0.5253180625940104,0.0037672666387609877,0.04128324376966363,2.298022330389947,1.846674513065891,5.08,5.08,72.98361742424242,0.0,False,True,7.153272700316907e-15,0,baseline,1024,1888,3.6875,23.17564027370479,0.003604594330400782,0.10896384010298515,0.01845320591177862,0.9847858110716947,0.9847858110716947,1.4157303370786516
PM2_P3_space,P3,1620985466,200,False,snowdrift,4.0,3.0,0.0,2.0,False,0.0,0.5,100,0,30,0.1,20000,0.7999999999999999,0.0,0.19999999999999998,0.0,0.0,0.0,0.0,0.429200541195462,0.004634994206257242,0.057382283583841835,2.3795056066771396,1.9150809420584791,5.09,5.09,70.94230826118324,0.0,False,True,7.153272700316907e-15,0,baseline,1024,1888,3.6875,23.17564027370479,0.003604594330400782,0.10896384010298515,0.01845320591177862,0.984782062248966,0.984782062248966,1.2127659574468086
PM2_P3_space,P3,1669164794,200,False,snowdrift,4.0,3.0,0.0,2.0,False,0.0,0.5,100,0,30,0.1,20000,0.7999999999999999,0.0,0.19999999999999998,0.0,0.0,0.0,0.0,0.34970556526767366,0.005239030779305829,0.057831755570904475,2.3929172935150347,1.9163692245468449,5.19,5.19,74.75163000265043,0.0,False,True,7.153272700316907e-15,0,baseline,1024,1888,3.6875,23.17564027370479,0.003604594330400782,0.10896384010298515,0.01845320591177862,0.9650189116777751,0.9650189116777751,1.15
PM2_P3_space,P3,798359651,200,False,snowdrift,4.0,3.0,0.0,2.0,False,0.0,0.5,100,0,30,0.1,20000,0.7999999999999999,0.0,0.19999999999999998,0.0,0.0,0.0,0.0,0.30983266561423684,0.003970223325062035,0.04251056653017152,2.2932480248455196,1.8408384854856503,5.18,5.18,80.12560529922338,0.0,False,True,7.153272700316907e-15,0,baseline,1024,1888,3.6875,23.17564027370479,0.003604594330400782,0.10896384010298515,0.01845320591177862,0.9748892969944735,0.9748892969944735,1.1428571428571428
PM2_P3_space,P3,126337246,200,False,snowdrift,4.0,3.0,0.0,2.0,False,0.0,0.5,100,0,30,0.1,20000,0.7999999999999999,0.0,0.19999999999999998,0.0,0.0,0.0,0.0,0.32661941731949257,0.0021447721179624667,0.049995499467128265,2.441655375329395,1.9633234001569422,5.26,5.26,72.77444949494951,0.0,False,True,7.153272700316907e-15,0,baseline,1024,1888,3.6875,23.17564027370479,0.003604594330400782,0.10896384010298515,0.01845320591177862,0.9910167342056413,0.9910167342056413,1.2307692307692308
PM2_P3_space,P3,317149051,200,False,snowdrift,4.0,3.0,0.0,2.0,False,0.0,0.5,100,0,30,0.1,20000,0.7999999999999999,0.0,0.19999999999999998,0.0,0.0,0.0,0.0,0.3242541054131106,0.00510677808727948,0.05851295422788971,2.448296648282904,1.9630613804544752,5.17,5.17,69.63075296108292,0.0,False,True,7.153272700316907e-15,0,baseline,1024,1888,3.6875,23.17564027370479,0.003604594330400782,0.10896384010298515,0.01845320591177862,0.9827280964752174,0.9827280964752174,1.5116279069767442
PM2_P3_space,P3,433399445,200,False,snowdrift,4.0,3.0,0.0,2.0,False,0.0,0.5,100,0,30,0.1,20000,0.7999999999999999,0.0,0.19999999999999998,0.0,0.0,0.0,0.0,0.36084985869661074,0.00449162923642303,0.04725568109510958,2.4255765761795702,1.949912397162678,5.42,5.42,72.02998389110888,0.0,False,True,7.153272700316907e-15,0,baseline,1024,1888,3.6875,23.17564027370479,0.003604594330400782,0.10896384010298515,0.01845320591177862,0.9820960763650022,0.9820960763650022,1.4747474747474747
PM2_P3_space,P3,2121129191,200,False,PD_classic,9.0,5.0,1.0,0.0,False,0.0,0.5,100,5,30,0.1,20000,0.7999999999999999,0.0,0.19999999999999998,0.0,0.0,0.0,0.0,0.2713648009701576,0.00424929178470255,1.1069426271176632,4.174755922537658,3.5549956608366484,4.23,5.79,69.17668581418583,0.53,False,True,7.153272700316907e-15,0,baseline,1024,1888,3.6875,23.17564027370479,0.003604594330400782,0.10896384010298515,0.01845320591177862,0.9539798174902823,0.9539798174902823,1.2911392405063291
PM2_P3_space,P3,686818433,200,False,PD_classic,9.0,5.0,1.0,0.0,False,0.0,0.5,100,5,30,0.1,20000,0.7999999999999999,0.0,0.19999999999999998,0.0,0.0,0.0,0.0,0.39771745313566864,0.0034587116299178555,1.104937150810647,4.150427106127312,3.5475128510138605,4.24,5.35,78.08247851978815,0.45,False,True,7.153272700316907e-15,0,baseline,1024,1888,3.6875,23.17564027370479,0.003604594330400782,0.10896384010298515,0.01845320591177862,0.9896848359920578,0.9900670161644302,1.4782608695652173
PM2_P3_space,P3,744720527,200,False,PD_classic,9.0,5.0,1.0,0.0,False,0.0,0.5,100,5,30,0.1,20000,0.7999999999999999,0.0,0.19999999999999998,0.0,0.0,0.0,0.0,0.3910768686099555,0.003929273084479371,1.1000194390878042,4.263285937162283,3.630632637547389,4.175,5.08,72.14434722222224,0.435,False,True,7.153272700316907e-15,0,baseline,1024,1888,3.6875,23.17564027370479,0.003604594330400782,0.10896384010298515,0.01845320591177862,0.9830693838712284,0.9838758354841317,1.2112676056338028
PM2_P3_space,P3,381425458,200,False,PD_classic,9.0,5.0,1.0,0.0,False,0.0,0.5,100,5,30,0.1,20000,0.7999999999999999,0.0,0.19999999999999998,0.0,0.0,0.0,0.0,0.5253180625940104,0.0037672666387609877,1.0832114518939688,4.050812756695773,3.457292495735413,4.095,5.08,72.98361742424242,0.405,False,True,7.153272700316907e-15,0,baseline,1024,1888,3.6875,23.17564027370479,0.003604594330400782,0.10896384010298515,0.01845320591177862,0.9841907361000782,0.9847858110716947,1.4157303370786516
PM2_P3_space,P3,1620985466,200,False,PD_classic,9.0,5.0,1.0,0.0,False,0.0,0.5,100,5,30,0.1,20000,0.7999999999999999,0.0,0.19999999999999998,0.0,0.0,0.0,0.0,0.429200541195462,0.004634994206257242,1.1147645671676836,4.159407592020341,3.5504789870498086,4.175,5.09,70.94230826118324,0.385,False,True,7.153272700316907e-15,0,baseline,1024,1888,3.6875,23.17564027370479,0.003604594330400782,0.10896384010298515,0.01845320591177862,0.9841165186870601,0.984782062248966,1.2127659574468086
PM2_P3_space,P3,1669164794,200,False,PD_classic,9.0,5.0,1.0,0.0,False,0.0,0.5,100,5,30,0.1,20000,0.7999999999999999,0.0,0.19999999999999998,0.0,0.0,0.0,0.0,0.34970556526767366,0.005239030779305829,1.1160541663522738,4.177838444348782,3.5529845100637805,4.13,5.19,74.75163000265043,0.38,False,True,7.153272700316907e-15,0,baseline,1024,1888,3.6875,23.17564027370479,0.003604594330400782,0.10896384010298515,0.01845320591177862,0.9650189116777751,0.9650189116777751,1.15
PM2_P3_space,P3,798359651,200,False,PD_classic,9.0,5.0,1.0,0.0,False,0.0,0.5,100,5,30,0.1,20000,0.7999999999999999,0.0,0.19999999999999998,0.0,0.0,0.0,0.0,0.3092825359946552,0.004962779156327543,1.086437852693702,4.04441474192234,3.4498465229819093,4.225,5.18,80.12560529922338,0.41,False,True,7.153272700316907e-15,0,baseline,1024,1888,3.6875,23.17564027370479,0.003604594330400782,0.10896384010298515,0.01845320591177862,0.973021096000447,0.9748892969944735,1.1428571428571428
PM2_P3_space,P3,126337246,200,False,PD_classic,9.0,5.0,1.0,0.0,False,0.0,0.5,100,5,30,0.1,20000,0.7999999999999999,0.0,0.19999999999999998,0.0,0.0,0.0,0.0,0.32661941731949257,0.0021447721179624667,1.1006687819242913,4.245522603201721,3.6165518389462354,4.225,5.26,72.77444949494951,0.42,False,True,7.153272700316907e-15,0,baseline,1024,1888,3.6875,23.17564027370479,0.003604594330400782,0.10896384010298515,0.01845320591177862,0.9901034780927753,0.9910167342056413,1.2307692307692308
PM2_P3_space,P3,317149051,200,False,PD_classic,9.0,5.0,1.0,0.0,False,0.0,0.5,100,5,30,0.1,20000,0.7999999999999999,0.0,0.19999999999999998,0.0,0.0,0.0,0.0,0.32397938013838534,0.005571030640668524,1.1185939406384482,4.251985451071011,3.6157638245872437,4.165,5.17,69.63075296108292,0.445,False,True,7.153272700316907e-15,0,baseline,1024,1888,3.6875,23.17564027370479,0.003604594330400782,0.10896384010298515,0.01845320591177862,0.9824272474534381,0.9827280964752174,1.5116279069767442
PM2_P3_space,P3,433399445,200,False,PD_classic,9.0,5.0,1.0,0.0,False,0.0,0.5,100,5,30,0.1,20000,0.7999999999999999,0.0,0.19999999999999998,0.0,0.0,0.0,0.0,0.3604140771380508,0.005308289097590854,1.095344983733978,4.222782834933783,3.5972952646938214,4.185,5.42,72.02998389110888,0.44,False,True,7.153272700316907e-15,0,baseline,1024,1888,3.6875,23.17564027370479,0.003604594330400782,0.10896384010298515,0.01845320591177862,0.9798981015562843,0.9820960763650022,1.4747474747474747
PM2_P3_space,P3,2121129191,200,False,snowdrift,4.0,3.0,0.0,2.0,False,0.0,0.5,100,5,30,0.1,20000,0.7999999999999999,0.0,0.19999999999999998,0.0,0.0,0.0,0.0,0.2713648009701576,0.00424929178470255,0.05347131355883173,2.3908181723468314,1.918626887743195,4.23,5.79,69.17668581418583,0.53,False,True,7.153272700316907e-15,0,baseline,1024,1888,3.6875,23.17564027370479,0.003604594330400782,0.10896384010298515,0.01845320591177862,0.9539798174902823,0.9539798174902823,1.2911392405063291
PM2_P3_space,P3,686818433,200,False,snowdrift,4.0,3.0,0.0,2.0,False,0.0,0.5,100,5,30,0.1,20000,0.7999999999999999,0.0,0.19999999999999998,0.0,0.0,0.0,0.0,0.39771745313566864,0.0034587116299178555,0.052468575405323535,2.3725879820062676,1.9132750030345071,4.24,5.35,78.08247851978815,0.45,False,True,7.153272700316907e-15,0,baseline,1024,1888,3.6875,23.17564027370479,0.003604594330400782,0.10896384010298515,0.01845320591177862,0.9896848359920578,0.9900670161644302,1.4782608695652173
PM2_P3_space,P3,744720527,200,False,snowdrift,4.0,3.0,0.0,2.0,False,0.0,0.5,100,5,30,0.1,20000,0.7999999999999999,0.0,0.19999999999999998,0.0,0.0,0.0,0.0,0.3910768686099555,0.003929273084479371,0.050009719543902015,2.4548240366263516,1.973861173209863,4.175,5.08,72.14434722222224,0.435,False,True,7.153272700316907e-15,0,baseline,1024,1888,3.6875,23.17564027370479,0.003604594330400782,0.10896384010298515,0.01845320591177862,0.9830693838712284,0.9838758354841317,1.2112676056338028
PM2_P3_space,P3,381425458,200,False,snowdrift,4.0,3.0,0.0,2.0,False,0.0,0.5,100,5,30,0.1,20000,0.7999999999999999,0.0,0.19999999999999998,0.0,0.0,0.0,0.0,0.5253180625940104,0.0037672666387609877,0.041605725946984515,2.298062180591599,1.8467708896626762,4.095,5.08,72.98361742424242,0.405,False,True,7.153272700316907e-15,0,baseline,1024,1888,3.6875,23.17564027370479,0.003604594330400782,0.10896384010298515,0.01845320591177862,0.9841907361000782,0.9847858110716947,1.4157303370786516
PM2_P3_space,P3,1620985466,200,False,snowdrift,4.0,3.0,0.0,2.0,False,0.0,0.5,100,5,30,0.1,20000,0.7999999999999999,0.0,0.19999999999999998,0.0,0.0,0.0,0.0,0.429200541195462,0.004634994206257242,0.057382283583841835,2.3795056066771396,1.9150809420584791,4.175,5.09,70.94230826118324,0.385,False,True,7.153272700316907e-15,0,baseline,1024,1888,3.6875,23.17564027370479,0.003604594330400782,0.10896384010298515,0.01845320591177862,0.9841165186870601,0.984782062248966,1.2127659574468086
PM2_P3_space,P3,1669164794,200,False,snowdrift,4.0,3.0,0.0,2.0,False,0.0,0.5,100,5,30,0.1,20000,0.7999999999999999,0.0,0.19999999999999998,0.0,0.0,0.0,0.0,0.34970556526767366,0.005239030779305829,0.05802708317613711,2.392941528888986,1.9164283767026904,4.13,5.19,74.75163000265043,0.38,False,True,7.153272700316907e-15,0,baseline,1024,1888,3.6875,23.17564027370479,0.003604594330400782,0.10896384010298515,0.01845320591177862,0.9650189116777751,0.9650189116777751,1.15
PM2_P3_space,P3,798359651,200,False,snowdrift,4.0,3.0,0.0,2.0,False,0.0,0.5,100,5,30,0.1,20000,0.7999999999999999,0.0,0.19999999999999998,0.0,0.0,0.0,0.0,0.3092825359946552,0.004962779156327543,0.043218926346851004,2.293307376321061,1.841028290899109,4.225,5.18,80.12560529922338,0.41,False,True,7.153272700316907e-15,0,baseline,1024,1888,3.6875,23.17564027370479,0.003604594330400782,0.10896384010298515,0.01845320591177862,0.973021096000447,0.9748892969944735,1.1428571428571428
PM2_P3_space,P3,126337246,200,False,snowdrift,4.0,3.0,0.0,2.0,False,0.0,0.5,100,5,30,0.1,20000,0.7999999999999999,0.0,0.19999999999999998,0.0,0.0,0.0,0.0,0.32661941731949257,0.0021447721179624667,0.05033439096214583,2.4416939636618347,1.963422049121897,4.225,5.26,72.77444949494951,0.42,False,True,7.153272700316907e-15,0,baseline,1024,1888,3.6875,23.17564027370479,0.003604594330400782,0.10896384010298515,0.01845320591177862,0.9901034780927753,0.9910167342056413,1.2307692307692308
PM2_P3_space,P3,317149051,200,False,snowdrift,4.0,3.0,0.0,2.0,False,0.0,0.5,100,5,30,0.1,20000,0.7999999999999999,0.0,0.19999999999999998,0.0,0.0,0.0,0.0,0.32397938013838534,0.005571030640668524,0.059296970319224145,2.448355261056201,1.9632672832415874,4.165,5.17,69.63075296108292,0.445,False,True,7.153272700316907e-15,0,baseline,1024,1888,3.6875,23.17564027370479,0.003604594330400782,0.10896384010298515,0.01845320591177862,0.9824272474534381,0.9827280964752174,1.5116279069767442
PM2_P3_space,P3,433399445,200,False,snowdrift,4.0,3.0,0.0,2.0,False,0.0,0.5,100,5,30,0.1,20000,0.7999999999999999,0.0,0.19999999999999998,0.0,0.0,0.0,0.0,0.3604140771380508,0.005308289097590854,0.04767249186698884,2.4256389506538234,1.950045658896456,4.185,5.42,72.02998389110888,0.44,False,True,7.153272700316907e-15,0,baseline,1024,1888,3.6875,23.17564027370479,0.003604594330400782,0.10896384010298515,0.01845320591177862,0.9798981015562843,0.9820960763650022,1.4747474747474747
PM2_P3_space,P3,2121129191,200,False,PD_classic,9.0,5.0,1.0,0.0,False,0.0,0.5,100,15,30,0.1,20000,0.7999999999999999,0.0,0.19999999999999998,0.0,0.0,0.0,0.0,0.2713648009701576,0.00424929178470255,1.1061673539326498,4.1747919068015875,3.5548677547068523,5.79,5.79,69.17668581418583,0.0,False,True,7.153272700316907e-15,0,baseline,1024,1888,3.6875,23.17564027370479,0.003604594330400782,0.10896384010298515,0.01845320591177862,0.9539798174902823,0.9539798174902823,1.2911392405063291
PM2_P3_space,P3,686818433,200,False,PD_classic,9.0,5.0,1.0,0.0,False,0.0,0.5,100,15,30,0.1,20000,0.7999999999999999,0.0,0.19999999999999998,0.0,0.0,0.0,0.0,0.39771745313566864,0.0034587116299178555,1.1025740675754823,4.150490363058402,3.5470957664907163,5.35,5.35,78.08247851978815,0.0,False,True,7.153272700316907e-15,0,baseline,1024,1888,3.6875,23.17564027370479,0.003604594330400782,0.10896384010298515,0.01845320591177862,0.9900670161644302,0.9900670161644302,1.4782608695652173
PM2_P3_space,P3,744720527,200,False,PD_classic,9.0,5.0,1.0,0.0,False,0.0,0.5,100,15,30,0.1,20000,0.7999999999999999,0.0,0.19999999999999998,0.0,0.0,0.0,0.0,0.3910768686099555,0.003929273084479371,1.0996757964761203,4.26329335115991,3.6305698402231545,5.08,5.08,72.14434722222224,0.0,False,True,7.153272700316907e-15,0,baseline,1024,1888,3.6875,23.17564027370479,0.003604594330400782,0.10896384010298515,0.01845320591177862,0.9838758354841317,0.9838758354841317,1.2112676056338028
PM2_P3_space,P3,381425458,200,False,PD_classic,9.0,5.0,1.0,0.0,False,0.0,0.5,100,15,30,0.1,20000,0.7999999999999999,0.0,0.19999999999999998,0.0,0.0,0.0,0.0,0.5253180625940104,0.0037672666387609877,1.0825664875393273,4.0508326817965985,3.4571794429451455,5.08,5.08,72.98361742424242,0.0,False,True,7.153272700316907e-15,0,baseline,1024,1888,3.6875,23.17564027370479,0.003604594330400782,0.10896384010298515,0.01845320591177862,0.9847858110716947,0.9847858110716947,1.4157303370786516
PM2_P3_space,P3,1620985466,200,False,PD_classic,9.0,5.0,1.0,0.0,False,0.0,0.5,100,15,30,0.1,20000,0.7999999999999999,0.0,0.19999999999999998,0.0,0.0,0.0,0.0,0.429200541195462,0.004634994206257242,1.1147645671676836,4.159407592020341,3.5504789870498086,5.09,5.09,70.94230826118324,0.0,False,True,7.153272700316907e-15,0,baseline,1024,1888,3.6875,23.17564027370479,0.003604594330400782,0.10896384010298515,0.01845320591177862,0.984782062248966,0.984782062248966,1.2127659574468086
PM2_P3_space,P3,1669164794,200,False,PD_classic,9.0,5.0,1.0,0.0,False,0.0,0.5,100,15,30,0.1,20000,0.7999999999999999,0.0,0.19999999999999998,0.0,0.0,0.0,0.0,0.34970556526767366,0.005239030779305829,1.1156635111418083,4.177850562035757,3.5529144292002584,5.19,5.19,74.75163000265043,0.0,False,True,7.153272700316907e-15,0,baseline,1024,1888,3.6875,23.17564027370479,0.003604594330400782,0.10896384010298515,0.01845320591177862,0.9650189116777751,0.9650189116777751,1.15
PM2_P3_space,P3,798359651,200,False,PD_classic,9.0,5.0,1.0,0.0,False,0.0,0.5,100,15,30,0.1,20000,0.7999999999999999,0.0,0.19999999999999998,0.0,0.0,0.0,0.0,0.30983266561423684,0.003970223325062035,1.085021133060343,4.04444441766011,3.4495854659817646,5.18,5.18,80.12560529922338,0.0,False,True,7.153272700316907e-15,0,baseline,1024,1888,3.6875,23.17564027370479,0.003604594330400782,0.10896384010298515,0.01845320591177862,0.9748892969944735,0.9748892969944735,1.1428571428571428
PM2_P3_space,P3,126337246,200,False,PD_classic,9.0,5.0,1.0,0.0,False,0.0,0.5,100,15,30,0.1,20000,0.7999999999999999,0.0,0.19999999999999998,0.0,0.0,0.0,0.0,0.32661941731949257,0.0021447721179624667,1.0999909989342564,4.245541897367939,3.6164317176812033,5.26,5.26,72.77444949494951,0.0,False,True,7.153272700316907e-15,0,baseline,1024,1888,3.6875,23.17564027370479,0.003604594330400782,0.10896384010298515,0.01845320591177862,0.9910167342056413,0.9910167342056413,1.2307692307692308
PM2_P3_space,P3,317149051,200,False,PD_classic,9.0,5.0,1.0,0.0,False,0.0,0.5,100,15,30,0.1,20000,0.7999999999999999,0.0,0.19999999999999998,0.0,0.0,0.0,0.0,0.3242541054131106,0.00510677808727948,1.1170259084557796,4.25201475745766,3.615468798269463,5.17,5.17,69.63075296108292,0.0,False,True,7.153272700316907e-15,0,baseline,1024,1888,3.6875,23.17564027370479,0.003604594330400782,0.10896384010298515,0.01845320591177862,0.9827280964752174,0.9827280964752174,1.5116279069767442
PM2_P3_space,P3,433399445,200,False,PD_classic,9.0,5.0,1.0,0.0,False,0.0,0.5,100,15,30,0.1,20000,0.7999999999999999,0.0,0.19999999999999998,0.0,0.0,0.0,0.0,0.36084985869661074,0.00449162923642303,1.0945113621902196,4.22281402217091,3.597153490174772,5.42,5.42,72.02998389110888,0.0,False,True,7.153272700316907e-15,0,baseline,1024,1888,3.6875,23.17564027370479,0.003604594330400782,0.10896384010298515,0.01845320591177862,0.9820960763650022,0.9820960763650022,1.4747474747474747
PM2_P3_space,P3,2121129191,200,False,snowdrift,4.0,3.0,0.0,2.0,False,0.0,0.5,100,15,30,0.1,20000,0.7999999999999999,0.0,0.19999999999999998,0.0,0.0,0.0,0.0,0.2713648009701576,0.00424929178470255,0.05308367696632511,2.390746203818971,1.9184911478891435,5.79,5.79,69.17668581418583,0.0,False,True,7.153272700316907e-15,0,baseline,1024,1888,3.6875,23.17564027370479,0.003604594330400782,0.10896384010298515,0.01845320591177862,0.9539798174902823,0.9539798174902823,1.2911392405063291
PM2_P3_space,P3,686818433,200,False,snowdrift,4.0,3.0,0.0,2.0,False,0.0,0.5,100,15,30,0.1,20000,0.7999999999999999,0.0,0.19999999999999998,0.0,0.0,0.0,0.0,0.39771745313566864,0.0034587116299178555,0.05128703378774131,2.3724614681440914,1.912939625809585,5.35,5.35,78.08247851978815,0.0,False,True,7.153272700316907e-15,0,baseline,1024,1888,3.6875,23.17564027370479,0.003604594330400782,0.10896384010298515,0.01845320591177862,0.9900670161644302,0.9900670161644302,1.4782608695652173
PM2_P3_space,P3,744720527,200,False,snowdrift,4.0,3.0,0.0,2.0,False,0.0,0.5,100,15,30,0.1,20000,0.7999999999999999,0.0,0.19999999999999998,0.0,0.0,0.0,0.0,0.3910768686099555,0.003929273084479371,0.04983789823806009,2.4548092086310973,1.973814946552491,5.08,5.08,72.14434722222224,0.0,False,True,7.153272700316907e-15,0,baseline,1024,1888,3.6875,23.17564027370479,0.003604594330400782,0.10896384010298515,0.01845320591177862,0.9838758354841317,0.9838758354841317,1.2112676056338028
PM2_P3_space,P3,381425458,200,False,snowdrift,4.0,3.0,0.0,2.0,False,0.0,0.5,100,15,30,0.1,20000,0.7999999999999999,0.0,0.19999999999999998,0.0,0.0,0.0,0.0,0.5253180625940104,0.0037672666387609877,0.04128324376966363,2.298022330389947,1.846674513065891,5.08,5.08,72.98361742424242,0.0,False,True,7.153272700316907e-15,0,baseline,1024,1888,3.6875,23.17564027370479,0.003604594330400782,0.10896384010298515,0.01845320591177862,0.9847858110716947,0.9847858110716947,1.4157303370786516
PM2_P3_space,P3,1620985466,200,False,snowdrift,4.0,3.0,0.0,2.0,False,0.0,0.5,100,15,30,0.1,20000,0.7999999999999999,0.0,0.19999999999999998,0.0,0.0,0.0,0.0,0.429200541195462,0.004634994206257242,0.057382283583841835,2.3795056066771396,1.9150809420584791,5.09,5.09,70.94230826118324,0.0,False,True,7.153272700316907e-15,0,baseline,1024,1888,3.6875,23.17564027370479,0.003604594330400782,0.10896384010298515,0.01845320591177862,0.984782062248966,0.984782062248966,1.2127659574468086
PM2_P3_space,P3,1669164794,200,False,snowdrift,4.0,3.0,0.0,2.0,False,0.0,0.5,100,15,30,0.1,20000,0.7999999999999999,0.0,0.19999999999999998,0.0,0.0,0.0,0.0,0.34970556526767366,0.005239030779305829,0.057831755570904475,2.3929172935150347,1.9163692245468449,5.19,5.19,74.75163000265043,0.0,False,True,7.153272700316907e-15,0,baseline,1024,1888,3.6875,23.17564027370479,0.003604594330400782,0.10896384010298515,0.01845320591177862,0.9650189116777751,0.9650189116777751,1.15
PM2_P3_space,P3,798359651,200,False,snowdrift,4.0,3.0,0.0,2.0,False,0.0,0.5,100,15,30,0.1,20000,0.7999999999999999,0.0,0.19999999999999998,0.0,0.0,0.0,0.0,0.30983266561423684,0.003970223325062035,0.04251056653017152,2.2932480248455196,1.8408384854856503,5.18,5.18,80.12560529922338,0.0,False,True,7.153272700316907e-15,0,baseline,1024,1888,3.6875,23.17564027370479,0.003604594330400782,0.10896384010298515,0.01845320591177862,0.9748892969944735,0.9748892969944735,1.1428571428571428
PM2_P3_space,P3,317149051,200,False,snowdrift,4.0,3.0,0.0,2.0,False,0.0,0.5,100,15,30,0.1,20000,0.7999999999999999,0.0,0.19999999999999998,0.0,0.0,0.0,0.0,0.3242541054131106,0.00510677808727948,0.05851295422788971,2.448296648282904,1.9630613804544752,5.17,5.17,69.63075296108292,0.0,False,True,7.153272700316907e-15,0,baseline,1024,1888,3.6875,23.17564027370479,0.003604594330400782,0.10896384010298515,0.01845320591177862,0.9827280964752174,0.9827280964752174,1.5116279069767442
PM2_P3_space,P3,126337246,200,False,snowdrift,4.0,3.0,0.0,2.0,False,0.0,0.5,100,15,30,0.1,20000,0.7999999999999999,0.0,0.19999999999999998,0.0,0.0,0.0,0.0,0.32661941731949257,0.0021447721179624667,0.049995499467128265,2.441655375329395,1.9633234001569422,5.26,5.26,72.77444949494951,0.0,False,True,7.153272700316907e-15,0,baseline,1024,1888,3.6875,23.17564027370479,0.003604594330400782,0.10896384010298515,0.01845320591177862,0.9910167342056413,0.9910167342056413,1.2307692307692308
PM2_P3_space,P3,433399445,200,False,snowdrift,4.0,3.0,0.0,2.0,False,0.0,0.5,100,15,30,0.1,20000,0.7999999999999999,0.0,0.19999999999999998,0.0,0.0,0.0,0.0,0.36084985869661074,0.00449162923642303,0.04725568109510958,2.4255765761795702,1.949912397162678,5.42,5.42,72.02998389110888,0.0,False,True,7.153272700316907e-15,0,baseline,1024,1888,3.6875,23.17564027370479,0.003604594330400782,0.10896384010298515,0.01845320591177862,0.9820960763650022,0.9820960763650022,1.4747474747474747
PM2_P3_space,P3,2121129191,200,False,PD_classic,9.0,5.0,1.0,0.0,False,0.0,0.5,100,50,30,0.1,20000,0.7999999999999999,0.0,0.19999999999999998,0.0,0.0,0.0,0.0,0.2713648009701576,0.00424929178470255,1.1061673539326498,4.1747919068015875,3.5548677547068523,5.79,5.79,69.17668581418583,0.0,False,True,7.153272700316907e-15,0,baseline,1024,1888,3.6875,23.17564027370479,0.003604594330400782,0.10896384010298515,0.01845320591177862,0.9539798174902823,0.9539798174902823,1.2911392405063291
PM2_P3_space,P3,686818433,200,False,PD_classic,9.0,5.0,1.0,0.0,False,0.0,0.5,100,50,30,0.1,20000,0.7999999999999999,0.0,0.19999999999999998,0.0,0.0,0.0,0.0,0.39771745313566864,0.0034587116299178555,1.1025740675754823,4.150490363058402,3.5470957664907163,5.35,5.35,78.08247851978815,0.0,False,True,7.153272700316907e-15,0,baseline,1024,1888,3.6875,23.17564027370479,0.003604594330400782,0.10896384010298515,0.01845320591177862,0.9900670161644302,0.9900670161644302,1.4782608695652173
PM2_P3_space,P3,744720527,200,False,PD_classic,9.0,5.0,1.0,0.0,False,0.0,0.5,100,50,30,0.1,20000,0.7999999999999999,0.0,0.19999999999999998,0.0,0.0,0.0,0.0,0.3910768686099555,0.003929273084479371,1.0996757964761203,4.26329335115991,3.6305698402231545,5.08,5.08,72.14434722222224,0.0,False,True,7.153272700316907e-15,0,baseline,1024,1888,3.6875,23.17564027370479,0.003604594330400782,0.10896384010298515,0.01845320591177862,0.9838758354841317,0.9838758354841317,1.2112676056338028
PM2_P3_space,P3,381425458,200,False,PD_classic,9.0,5.0,1.0,0.0,False,0.0,0.5,100,50,30,0.1,20000,0.7999999999999999,0.0,0.19999999999999998,0.0,0.0,0.0,0.0,0.5253180625940104,0.0037672666387609877,1.0825664875393273,4.0508326817965985,3.4571794429451455,5.08,5.08,72.98361742424242,0.0,False,True,7.153272700316907e-15,0,baseline,1024,1888,3.6875,23.17564027370479,0.003604594330400782,0.10896384010298515,0.01845320591177862,0.9847858110716947,0.9847858110716947,1.4157303370786516
PM2_P3_space,P3,1620985466,200,False,PD_classic,9.0,5.0,1.0,0.0,False,0.0,0.5,100,50,30,0.1,20000,0.7999999999999999,0.0,0.19999999999999998,0.0,0.0,0.0,0.0,0.429200541195462,0.004634994206257242,1.1147645671676836,4.159407592020341,3.5504789870498086,5.09,5.09,70.94230826118324,0.0,False,True,7.153272700316907e-15,0,baseline,1024,1888,3.6875,23.17564027370479,0.003604594330400782,0.10896384010298515,0.01845320591177862,0.984782062248966,0.984782062248966,1.2127659574468086
PM2_P3_space,P3,1669164794,200,False,PD_classic,9.0,5.0,1.0,0.0,False,0.0,0.5,100,50,30,0.1,20000,0.7999999999999999,0.0,0.19999999999999998,0.0,0.0,0.0,0.0,0.34970556526767366,0.005239030779305829,1.1156635111418083,4.177850562035757,3.5529144292002584,5.19,5.19,74.75163000265043,0.0,False,True,7.153272700316907e-15,0,baseline,1024,1888,3.6875,23.17564027370479,0.003604594330400782,0.10896384010298515,0.01845320591177862,0.9650189116777751,0.9650189116777751,1.15
PM2_P3_space,P3,798359651,200,False,PD_classic,9.0,5.0,1.0,0.0,False,0.0,0.5,100,50,30,0.1,20000,0.7999999999999999,0.0,0.19999999999999998,0.0,0.0,0.0,0.0,0.30983266561423684,0.003970223325062035,1.085021133060343,4.04444441766011,3.4495854659817646,5.18,5.18,80.12560529922338,0.0,False,True,7.153272700316907e-15,0,baseline,1024,1888,3.6875,23.17564027370479,0.003604594330400782,0.10896384010298515,0.01845320591177862,0.9748892969944735,0.9748892969944735,1.1428571428571428
PM2_P3_space,P3,126337246,200,False,PD_classic,9.0,5.0,1.0,0.0,False,0.0,0.5,100,50,30,0.1,20000,0.7999999999999999,0.0,0.19999999999999998,0.0,0.0,0.0,0.0,0.32661941731949257,0.0021447721179624667,1.0999909989342564,4.245541897367939,3.6164317176812033,5.26,5.26,72.77444949494951,0.0,False,True,7.153272700316907e-15,0,baseline,1024,1888,3.6875,23.17564027370479,0.003604594330400782,0.10896384010298515,0.01845320591177862,0.9910167342056413,0.9910167342056413,1.2307692307692308
PM2_P3_space,P3,317149051,200,False,PD_classic,9.0,5.0,1.0,0.0,False,0.0,0.5,100,50,30,0.1,20000,0.7999999999999999,0.0,0.19999999999999998,0.0,0.0,0.0,0.0,0.3242541054131106,0.00510677808727948,1.1170259084557796,4.25201475745766,3.615468798269463,5.17,5.17,69.63075296108292,0.0,False,True,7.153272700316907e-15,0,baseline,1024,1888,3.6875,23.17564027370479,0.003604594330400782,0.10896384010298515,0.01845320591177862,0.9827280964752174,0.9827280964752174,1.5116279069767442
PM2_P3_space,P3,433399445,200,False,PD_classic,9.0,5.0,1.0,0.0,False,0.0,0.5,100,50,30,0.1,20000,0.7999999999999999,0.0,0.19999999999999998,0.0,0.0,0.0,0.0,0.36084985869661074,0.00449162923642303,1.0945113621902196,4.22281402217091,3.597153490174772,5.42,5.42,72.02998389110888,0.0,False,True,7.153272700316907e-15,0,baseline,1024,1888,3.6875,23.17564027370479,0.003604594330400782,0.10896384010298515,0.01845320591177862,0.9820960763650022,0.9820960763650022,1.4747474747474747
PM2_P3_space,P3,686818433,200,False,snowdrift,4.0,3.0,0.0,2.0,False,0.0,0.5,100,50,30,0.1,20000,0.7999999999999999,0.0,0.19999999999999998,0.0,0.0,0.0,0.0,0.39771745313566864,0.0034587116299178555,0.05128703378774131,2.3724614681440914,1.912939625809585,5.35,5.35,78.08247851978815,0.0,False,True,7.153272700316907e-15,0,baseline,1024,1888,3.6875,23.17564027370479,0.003604594330400782,0.10896384010298515,0.01845320591177862,0.9900670161644302,0.9900670161644302,1.4782608695652173
PM2_P3_space,P3,2121129191,200,False,snowdrift,4.0,3.0,0.0,2.0,False,0.0,0.5,100,50,30,0.1,20000,0.7999999999999999,0.0,0.19999999999999998,0.0,0.0,0.0,0.0,0.2713648009701576,0.00424929178470255,0.05308367696632511,2.390746203818971,1.9184911478891435,5.79,5.79,69.17668581418583,0.0,False,True,7.153272700316907e-15,0,baseline,1024,1888,3.6875,23.17564027370479,0.003604594330400782,0.10896384010298515,0.01845320591177862,0.9539798174902823,0.9539798174902823,1.2911392405063291
PM2_P3_space,P3,744720527,200,False,snowdrift,4.0,3.0,0.0,2.0,False,0.0,0.5,100,50,30,0.1,20000,0.7999999999999999,0.0,0.19999999999999998,0.0,0.0,0.0,0.0,0.3910768686099555,0.003929273084479371,0.04983789823806009,2.4548092086310973,1.973814946552491,5.08,5.08,72.14434722222224,0.0,False,True,7.153272700316907e-15,0,baseline,1024,1888,3.6875,23.17564027370479,0.003604594330400782,0.10896384010298515,0.01845320591177862,0.9838758354841317,0.9838758354841317,1.2112676056338028
PM2_P3_space,P3,381425458,200,False,snowdrift,4.0,3.0,0.0,2.0,False,0.0,0.5,100,50,30,0.1,20000,0.7999999999999999,0.0,0.19999999999999998,0.0,0.0,0.0,0.0,0.5253180625940104,0.0037672666387609877,0.04128324376966363,2.298022330389947,1.846674513065891,5.08,5.08,72.98361742424242,0.0,False,True,7.153272700316907e-15,0,baseline,1024,1888,3.6875,23.17564027370479,0.003604594330400782,0.10896384010298515,0.01845320591177862,0.9847858110716947,0.9847858110716947,1.4157303370786516
PM2_P3_space,P3,1620985466,200,False,snowdrift,4.0,3.0,0.0,2.0,False,0.0,0.5,100,50,30,0.1,20000,0.7999999999999999,0.0,0.19999999999999998,0.0,0.0,0.0,0.0,0.429200541195462,0.004634994206257242,0.057382283583841835,2.3795056066771396,1.9150809420584791,5.09,5.09,70.94230826118324,0.0,False,True,7.153272700316907e-15,0,baseline,1024,1888,3.6875,23.17564027370479,0.003604594330400782,0.10896384010298515,0.01845320591177862,0.984782062248966,0.984782062248966,1.2127659574468086
PM2_P3_space,P3,1669164794,200,False,snowdrift,4.0,3.0,0.0,2.0,False,0.0,0.5,100,50,30,0.1,20000,0.7999999999999999,0.0,0.19999999999999998,0.0,0.0,0.0,0.0,0.34970556526767366,0.005239030779305829,0.057831755570904475,2.3929172935150347,1.9163692245468449,5.19,5.19,74.75163000265043,0.0,False,True,7.153272700316907e-15,0,baseline,1024,1888,3.6875,23.17564027370479,0.003604594330400782,0.10896384010298515,0.01845320591177862,0.9650189116777751,0.9650189116777751,1.15
PM2_P3_space,P3,798359651,200,False,snowdrift,4.0,3.0,0.0,2.0,False,0.0,0.5,100,50,30,0.1,20000,0.7999999999999999,0.0,0.19999999999999998,0.0,0.0,0.0,0.0,0.30983266561423684,0.003970223325062035,0.04251056653017152,2.2932480248455196,1.8408384854856503,5.18,5.18,80.12560529922338,0.0,False,True,7.153272700316907e-15,0,baseline,1024,1888,3.6875,23.17564027370479,0.003604594330400782,0.10896384010298515,0.01845320591177862,0.9748892969944735,0.9748892969944735,1.1428571428571428
PM2_P3_space,P3,126337246,200,False,snowdrift,4.0,3.0,0.0,2.0,False,0.0,0.5,100,50,30,0.1,20000,0.7999999999999999,0.0,0.19999999999999998,0.0,0.0,0.0,0.0,0.32661941731949257,0.0021447721179624667,0.049995499467128265,2.441655375329395,1.9633234001569422,5.26,5.26,72.77444949494951,0.0,False,True,7.153272700316907e-15,0,baseline,1024,1888,3.6875,23.17564027370479,0.003604594330400782,0.10896384010298515,0.01845320591177862,0.9910167342056413,0.9910167342056413,1.2307692307692308
PM2_P3_space,P3,317149051,200,False,snowdrift,4.0,3.0,0.0,2.0,False,0.0,0.5,100,50,30,0.1,20000,0.7999999999999999,0.0,0.19999999999999998,0.0,0.0,0.0,0.0,0.3242541054131106,0.00510677808727948,0.05851295422788971,2.448296648282904,1.9630613804544752,5.17,5.17,69.63075296108292,0.0,False,True,7.153272700316907e-15,0,baseline,1024,1888,3.6875,23.17564027370479,0.003604594330400782,0.10896384010298515,0.01845320591177862,0.9827280964752174,0.9827280964752174,1.5116279069767442
PM2_P3_space,P3,433399445,200,False,snowdrift,4.0,3.0,0.0,2.0,False,0.0,0.5,100,50,30,0.1,20000,0.7999999999999999,0.0,0.19999999999999998,0.0,0.0,0.0,0.0,0.36084985869661074,0.00449162923642303,0.04725568109510958,2.4255765761795702,1.949912397162678,5.42,5.42,72.02998389110888,0.0,False,True,7.153272700316907e-15,0,baseline,1024,1888,3.6875,23.17564027370479,0.003604594330400782,0.10896384010298515,0.01845320591177862,0.9820960763650022,0.9820960763650022,1.4747474747474747
PM2_P3_space,P3,2121129191,200,False,PD_classic,9.0,5.0,1.0,0.0,False,0.0,0.5,100,150,30,0.1,20000,0.7999999999999999,0.0,0.19999999999999998,0.0,0.0,0.0,0.0,0.2713648009701576,0.00424929178470255,1.1061673539326498,4.1747919068015875,3.5548677547068523,5.79,5.79,69.17668581418583,0.0,False,True,7.153272700316907e-15,0,baseline,1024,1888,3.6875,23.17564027370479,0.003604594330400782,0.10896384010298515,0.01845320591177862,0.9539798174902823,0.9539798174902823,1.2911392405063291
PM2_P3_space,P3,686818433,200,False,PD_classic,9.0,5.0,1.0,0.0,False,0.0,0.5,100,150,30,0.1,20000,0.7999999999999999,0.0,0.19999999999999998,0.0,0.0,0.0,0.0,0.39771745313566864,0.0034587116299178555,1.1025740675754823,4.150490363058402,3.5470957664907163,5.35,5.35,78.08247851978815,0.0,False,True,7.153272700316907e-15,0,baseline,1024,1888,3.6875,23.17564027370479,0.003604594330400782,0.10896384010298515,0.01845320591177862,0.9900670161644302,0.9900670161644302,1.4782608695652173
PM2_P3_space,P3,744720527,200,False,PD_classic,9.0,5.0,1.0,0.0,False,0.0,0.5,100,150,30,0.1,20000,0.7999999999999999,0.0,0.19999999999999998,0.0,0.0,0.0,0.0,0.3910768686099555,0.003929273084479371,1.0996757964761203,4.26329335115991,3.6305698402231545,5.08,5.08,72.14434722222224,0.0,False,True,7.153272700316907e-15,0,baseline,1024,1888,3.6875,23.17564027370479,0.003604594330400782,0.10896384010298515,0.01845320591177862,0.9838758354841317,0.9838758354841317,1.2112676056338028
PM2_P3_space,P3,381425458,200,False,PD_classic,9.0,5.0,1.0,0.0,False,0.0,0.5,100,150,30,0.1,20000,0.7999999999999999,0.0,0.19999999999999998,0.0,0.0,0.0,0.0,0.5253180625940104,0.0037672666387609877,1.0825664875393273,4.0508326817965985,3.4571794429451455,5.08,5.08,72.98361742424242,0.0,False,True,7.153272700316907e-15,0,baseline,1024,1888,3.6875,23.17564027370479,0.003604594330400782,0.10896384010298515,0.01845320591177862,0.9847858110716947,0.9847858110716947,1.4157303370786516
PM2_P3_space,P3,1620985466,200,False,PD_classic,9.0,5.0,1.0,0.0,False,0.0,0.5,100,150,30,0.1,20000,0.7999999999999999,0.0,0.19999999999999998,0.0,0.0,0.0,0.0,0.429200541195462,0.004634994206257242,1.1147645671676836,4.159407592020341,3.5504789870498086,5.09,5.09,70.94230826118324,0.0,False,True,7.153272700316907e-15,0,baseline,1024,1888,3.6875,23.17564027370479,0.003604594330400782,0.10896384010298515,0.01845320591177862,0.984782062248966,0.984782062248966,1.2127659574468086
PM2_P3_space,P3,1669164794,200,False,PD_classic,9.0,5.0,1.0,0.0,False,0.0,0.5,100,150,30,0.1,20000,0.7999999999999999,0.0,0.19999999999999998,0.0,0.0,0.0,0.0,0.34970556526767366,0.005239030779305829,1.1156635111418083,4.177850562035757,3.5529144292002584,5.19,5.19,74.75163000265043,0.0,False,True,7.153272700316907e-15,0,baseline,1024,1888,3.6875,23.17564027370479,0.003604594330400782,0.10896384010298515,0.01845320591177862,0.9650189116777751,0.9650189116777751,1.15
PM2_P3_space,P3,798359651,200,False,PD_classic,9.0,5.0,1.0,0.0,False,0.0,0.5,100,150,30,0.1,20000,0.7999999999999999,0.0,0.19999999999999998,0.0,0.0,0.0,0.0,0.30983266561423684,0.003970223325062035,1.085021133060343,4.04444441766011,3.4495854659817646,5.18,5.18,80.12560529922338,0.0,False,True,7.153272700316907e-15,0,baseline,1024,1888,3.6875,23.17564027370479,0.003604594330400782,0.10896384010298515,0.01845320591177862,0.9748892969944735,0.9748892969944735,1.1428571428571428
PM2_P3_space,P3,126337246,200,False,PD_classic,9.0,5.0,1.0,0.0,False,0.0,0.5,100,150,30,0.1,20000,0.7999999999999999,0.0,0.19999999999999998,0.0,0.0,0.0,0.0,0.32661941731949257,0.0021447721179624667,1.0999909989342564,4.245541897367939,3.6164317176812033,5.26,5.26,72.77444949494951,0.0,False,True,7.153272700316907e-15,0,baseline,1024,1888,3.6875,23.17564027370479,0.003604594330400782,0.10896384010298515,0.01845320591177862,0.9910167342056413,0.9910167342056413,1.2307692307692308
PM2_P3_space,P3,317149051,200,False,PD_classic,9.0,5.0,1.0,0.0,False,0.0,0.5,100,150,30,0.1,20000,0.7999999999999999,0.0,0.19999999999999998,0.0,0.0,0.0,0.0,0.3242541054131106,0.00510677808727948,1.1170259084557796,4.25201475745766,3.615468798269463,5.17,5.17,69.63075296108292,0.0,False,True,7.153272700316907e-15,0,baseline,1024,1888,3.6875,23.17564027370479,0.003604594330400782,0.10896384010298515,0.01845320591177862,0.9827280964752174,0.9827280964752174,1.5116279069767442
PM2_P3_space,P3,433399445,200,False,PD_classic,9.0,5.0,1.0,0.0,False,0.0,0.5,100,150,30,0.1,20000,0.7999999999999999,0.0,0.19999999999999998,0.0,0.0,0.0,0.0,0.36084985869661074,0.00449162923642303,1.0945113621902196,4.22281402217091,3.597153490174772,5.42,5.42,72.02998389110888,0.0,False,True,7.153272700316907e-15,0,baseline,1024,1888,3.6875,23.17564027370479,0.003604594330400782,0.10896384010298515,0.01845320591177862,0.9820960763650022,0.9820960763650022,1.4747474747474747
PM2_P3_space,P3,2121129191,200,False,snowdrift,4.0,3.0,0.0,2.0,False,0.0,0.5,100,150,30,0.1,20000,0.7999999999999999,0.0,0.19999999999999998,0.0,0.0,0.0,0.0,0.2713648009701576,0.00424929178470255,0.05308367696632511,2.390746203818971,1.9184911478891435,5.79,5.79,69.17668581418583,0.0,False,True,7.153272700316907e-15,0,baseline,1024,1888,3.6875,23.17564027370479,0.003604594330400782,0.10896384010298515,0.01845320591177862,0.9539798174902823,0.9539798174902823,1.2911392405063291
PM2_P3_space,P3,686818433,200,False,snowdrift,4.0,3.0,0.0,2.0,False,0.0,0.5,100,150,30,0.1,20000,0.7999999999999999,0.0,0.19999999999999998,0.0,0.0,0.0,0.0,0.39771745313566864,0.0034587116299178555,0.05128703378774131,2.3724614681440914,1.912939625809585,5.35,5.35,78.08247851978815,0.0,False,True,7.153272700316907e-15,0,baseline,1024,1888,3.6875,23.17564027370479,0.003604594330400782,0.10896384010298515,0.01845320591177862,0.9900670161644302,0.9900670161644302,1.4782608695652173
PM2_P3_space,P3,744720527,200,False,snowdrift,4.0,3.0,0.0,2.0,False,0.0,0.5,100,150,30,0.1,20000,0.7999999999999999,0.0,0.19999999999999998,0.0,0.0,0.0,0.0,0.3910768686099555,0.003929273084479371,0.04983789823806009,2.4548092086310973,1.973814946552491,5.08,5.08,72.14434722222224,0.0,False,True,7.153272700316907e-15,0,baseline,1024,1888,3.6875,23.17564027370479,0.003604594330400782,0.10896384010298515,0.01845320591177862,0.9838758354841317,0.9838758354841317,1.2112676056338028
PM2_P3_space,P3,381425458,200,False,snowdrift,4.0,3.0,0.0,2.0,False,0.0,0.5,100,150,30,0.1,20000,0.7999999999999999,0.0,0.19999999999999998,0.0,0.0,0.0,0.0,0.5253180625940104,0.0037672666387609877,0.04128324376966363,2.298022330389947,1.846674513065891,5.08,5.08,72.98361742424242,0.0,False,True,7.153272700316907e-15,0,baseline,1024,1888,3.6875,23.17564027370479,0.003604594330400782,0.10896384010298515,0.01845320591177862,0.9847858110716947,0.9847858110716947,1.4157303370786516
PM2_P3_space,P3,1620985466,200,False,snowdrift,4.0,3.0,0.0,2.0,False,0.0,0.5,100,150,30,0.1,20000,0.7999999999999999,0.0,0.19999999999999998,0.0,0.0,0.0,0.0,0.429200541195462,0.004634994206257242,0.057382283583841835,2.3795056066771396,1.9150809420584791,5.09,5.09,70.94230826118324,0.0,False,True,7.153272700316907e-15,0,baseline,1024,1888,3.6875,23.17564027370479,0.003604594330400782,0.10896384010298515,0.01845320591177862,0.984782062248966,0.984782062248966,1.2127659574468086
PM2_P3_space,P3,1669164794,200,False,snowdrift,4.0,3.0,0.0,2.0,False,0.0,0.5,100,150,30,0.1,20000,0.7999999999999999,0.0,0.19999999999999998,0.0,0.0,0.0,0.0,0.34970556526767366,0.005239030779305829,0.057831755570904475,2.3929172935150347,1.9163692245468449,5.19,5.19,74.75163000265043,0.0,False,True,7.153272700316907e-15,0,baseline,1024,1888,3.6875,23.17564027370479,0.003604594330400782,0.10896384010298515,0.01845320591177862,0.9650189116777751,0.9650189116777751,1.15
PM2_P3_space,P3,798359651,200,False,snowdrift,4.0,3.0,0.0,2.0,False,0.0,0.5,100,150,30,0.1,20000,0.7999999999999999,0.0,0.19999999999999998,0.0,0.0,0.0,0.0,0.30983266561423684,0.003970223325062035,0.04251056653017152,2.2932480248455196,1.8408384854856503,5.18,5.18,80.12560529922338,0.0,False,True,7.153272700316907e-15,0,baseline,1024,1888,3.6875,23.17564027370479,0.003604594330400782,0.10896384010298515,0.01845320591177862,0.9748892969944735,0.9748892969944735,1.1428571428571428
PM2_P3_space,P3,126337246,200,False,snowdrift,4.0,3.0,0.0,2.0,False,0.0,0.5,100,150,30,0.1,20000,0.7999999999999999,0.0,0.19999999999999998,0.0,0.0,0.0,0.0,0.32661941731949257,0.0021447721179624667,0.049995499467128265,2.441655375329395,1.9633234001569422,5.26,5.26,72.77444949494951,0.0,False,True,7.153272700316907e-15,0,baseline,1024,1888,3.6875,23.17564027370479,0.003604594330400782,0.10896384010298515,0.01845320591177862,0.9910167342056413,0.9910167342056413,1.2307692307692308
PM2_P3_space,P3,317149051,200,False,snowdrift,4.0,3.0,0.0,2.0,False,0.0,0.5,100,150,30,0.1,20000,0.7999999999999999,0.0,0.19999999999999998,0.0,0.0,0.0,0.0,0.3242541054131106,0.00510677808727948,0.05851295422788971,2.448296648282904,1.9630613804544752,5.17,5.17,69.63075296108292,0.0,False,True,7.153272700316907e-15,0,baseline,1024,1888,3.6875,23.17564027370479,0.003604594330400782,0.10896384010298515,0.01845320591177862,0.9827280964752174,0.9827280964752174,1.5116279069767442
PM2_P3_space,P3,433399445,200,False,snowdrift,4.0,3.0,0.0,2.0,False,0.0,0.5,100,150,30,0.1,20000,0.7999999999999999,0.0,0.19999999999999998,0.0,0.0,0.0,0.0,0.36084985869661074,0.00449162923642303,0.04725568109510958,2.4255765761795702,1.949912397162678,5.42,5.42,72.02998389110888,0.0,False,True,7.153272700316907e-15,0,baseline,1024,1888,3.6875,23.17564027370479,0.003604594330400782,0.10896384010298515,0.01845320591177862,0.9820960763650022,0.9820960763650022,1.4747474747474747
PM3_P1_network,P1P2,2121129191,200,False,PD_classic,9.0,5.0,1.0,0.0,True,0.01,0.5,100,0,30,0.1,100000,0.09549999999999999,0.07100000000000002,0.6075000000000002,0.0925,0.071,0.027500000000000004,0.03500000000000001,0.8335122037748504,0.03482880755608028,1.929969831234067,1.8253897163668604,1.957254612347063,18.47,18.47,98.25660127963805,0.0,False,True,0.0007286909147596307,4373,baseline,1024,1888,3.6875,23.17564027370479,0.003604594330400782,0.10896384010298515,0.01845320591177862,0.9790524597495801,0.9790524597495801,1.25
PM3_P1_network,P1P2,686818433,200,False,PD_classic,9.0,5.0,1.0,0.0,True,0.01,0.5,100,0,30,0.1,100000,0.07649999999999998,0.026999999999999996,0.631,0.0625,0.08499999999999999,0.07000000000000002,0.047999999999999994,0.7958518660487534,0.025102459016393443,1.7866108571119277,2.045718665069757,1.8922672638667242,19.99,19.99,95.65420498282394,0.0,False,True,-0.01232844131376562,4296,baseline,1024,1888,3.6875,23.17564027370479,0.003604594330400782,0.10896384010298515,0.01845320591177862,0.9906533517388725,0.9906533517388725,1.1868131868131868
PM3_P1_network,P1P2,744720527,200,False,PD_classic,9.0,5.0,1.0,0.0,True,0.01,0.5,100,0,30,0.1,100000,0.139,0.024,0.6180000000000001,0.04399999999999999,0.08149999999999999,0.05149999999999999,0.041999999999999996,0.7838266578507408,0.010801591813530414,1.8338961145370631,1.9997299264342572,1.843713045260238,19.12,19.12,94.50796818059933,0.0,False,True,-0.018725786903148346,4276,baseline,1024,1888,3.6875,23.17564027370479,0.003604594330400782,0.10896384010298515,0.01845320591177862,0.989835375187522,0.989835375187522,1.3695652173913044
PM3_P1_network,P1P2,381425458,200,False,PD_classic,9.0,5.0,1.0,0.0,True,0.01,0.5,100,0,30,0.1,100000,0.053000000000000005,0.03300000000000001,0.6719999999999999,0.0625,0.052000000000000005,0.08149999999999999,0.04599999999999999,0.8184042810235669,0.00684931506849315,1.6584982056288184,1.699660634947949,1.705001074581655,19.77,19.77,103.85666333224273,0.0,False,True,-0.010468721874884936,4188,baseline,1024,1888,3.6875,23.17564027370479,0.003604594330400782,0.10896384010298515,0.01845320591177862,0.9906409178998397,0.9906409178998397,1.2658227848101267
PM3_P1_network,P1P2,1620985466,200,False,PD_classic,9.0,5.0,1.0,0.0,True,0.01,0.5,100,0,30,0.1,100000,0.12250000000000001,0.029000000000000005,0.574,0.08199999999999999,0.11499999999999999,0.04599999999999999,0.0315,0.8677101744499396,0.01588310038119441,1.8089396765908543,1.6315804855212834,1.7863928933635282,20.29,20.29,91.95944832722539,0.0,False,True,3.5616142462738796e-05,4374,baseline,1024,1888,3.6875,23.17564027370479,0.003604594330400782,0.10896384010298515,0.01845320591177862,0.9874763657653591,0.9874763657653591,1.3255813953488371
PM3_P1_network,P1P2,1669164794,200,False,PD_classic,9.0,5.0,1.0,0.0,True,0.01,0.5,100,0,30,0.1,100000,0.0635,0.0675,0.6160000000000001,0.055999999999999994,0.0445,0.08849999999999998,0.06399999999999999,0.8523003661896537,0.045234248788368334,1.8143557300903541,2.157165308853549,1.9168331132601037,21.35,21.35,96.54010085354275,0.0,False,False,-0.028418153672615423,4472,baseline,1024,1888,3.6875,23.17564027370479,0.003604594330400782,0.10896384010298515,0.01845320591177862,0.9879972753380382,0.9879972753380382,1.3647058823529412
PM3_P1_network,P1P2,798359651,200,False,PD_classic,9.0,5.0,1.0,0.0,True,0.01,0.5,100,0,30,0.1,100000,0.05650000000000001,0.064,0.6655,0.07299999999999998,0.060999999999999985,0.03300000000000001,0.04699999999999999,0.8566957340493018,0.04489995119570522,1.783785570820565,2.08404663995003,1.788002650286326,19.92,19.92,97.69829420101516,0.0,False,True,-0.009324277297106625,4107,baseline,1024,1888,3.6875,23.17564027370479,0.003604594330400782,0.10896384010298515,0.01845320591177862,0.9897921114877469,0.9897921114877469,1.2093023255813953
PM3_P1_network,P1P2,126337246,200,False,PD_classic,9.0,5.0,1.0,0.0,True,0.01,0.5,100,0,30,0.1,100000,0.06499999999999999,0.03899999999999999,0.654,0.058499999999999996,0.042499999999999996,0.09149999999999998,0.04949999999999999,0.8752529448918175,0.020689655172413793,1.7421656946124484,2.1878770624498256,1.8266111578819022,20.27,20.27,89.95879002502869,0.0,False,True,0.008293881175526532,4216,baseline,1024,1888,3.6875,23.17564027370479,0.003604594330400782,0.10896384010298515,0.01845320591177862,0.9802156691812783,0.9802156691812783,1.3563218390804597
PM3_P1_network,P1P2,317149051,200,False,PD_classic,9.0,5.0,1.0,0.0,True,0.01,0.5,100,0,30,0.1,100000,0.07849999999999999,0.0235,0.607,0.094,0.05750000000000001,0.06749999999999999,0.07200000000000002,0.7847784723257909,0.013765541740674956,2.0014098816196166,1.8897158492033042,1.9914794734272443,19.92,19.92,94.25156943988245,0.0,False,True,0.00020764883059458996,4459,baseline,1024,1888,3.6875,23.17564027370479,0.003604594330400782,0.10896384010298515,0.01845320591177862,0.9911283275427949,0.9911283275427949,1.3404255319148937
PM3_P1_network,P1P2,433399445,200,False,PD_classic,9.0,5.0,1.0,0.0,True,0.01,0.5,100,0,30,0.1,100000,0.09949999999999999,0.07749999999999999,0.607,0.06599999999999999,0.0445,0.06200000000000001,0.04349999999999999,0.7824513829538517,0.013227513227513227,1.83027143616905,1.8239305590575325,1.8966157072245593,19.36,19.36,93.23419818785953,0.0,False,True,-0.005653630614528683,4217,baseline,1024,1888,3.6875,23.17564027370479,0.003604594330400782,0.10896384010298515,0.01845320591177862,0.9853691930205,0.9853691930205,1.1645569620253164
PM3_P1_network,P1P2,2121129191,200,False,PD_classic,9.0,5.0,1.0,0.0,True,0.01,0.5,100,0,30,0.1,100000,0.07849999999999999,0.075,0.5485,0.06000000000000001,0.10500000000000001,0.06600000000000002,0.06699999999999999,0.8303980366713738,0.019326683291770574,1.7967951527505452,1.7370187643089037,1.8788121605993822,17.4,17.4,122.54392272279183,0.0,False,True,-0.00860381841527659,4421,fragmented,1024,1510,2.94921875,25.72581622678397,0.002882911779081134,0.12811032933427496,0.020712430825958927,0.9926910999605943,0.9926910999605943,1.2207792207792207
PM3_P1_network,P1P2,686818433,200,False,PD_classic,9.0,5.0,1.0,0.0,True,0.01,0.5,100,0,30,0.1,100000,0.09099999999999998,0.025500000000000002,0.667,0.074,0.040999999999999995,0.0625,0.039,0.894630776092904,0.04131534569983136,1.847452769801138,1.9170523049646209,1.9227835615122664,16.73,16.73,119.8264026029549,0.0,False,True,-0.011420733682936196,4409,fragmented,1024,1510,2.94921875,25.385171065493648,0.002882911779081134,0.14629755769191768,0.020550349468941385,0.9863443911176821,0.9863443911176821,1.411764705882353
PM3_P1_network,P1P2,744720527,200,False,PD_classic,9.0,5.0,1.0,0.0,True,0.01,0.5,100,0,30,0.1,100000,0.06899999999999999,0.05449999999999999,0.5885,0.1285,0.0625,0.041999999999999996,0.05499999999999999,0.7282509919179707,0.01788617886178862,1.7857224197197852,2.2315870074743116,1.8876504977434967,16.51,16.51,130.843181127238,0.0,False,True,-0.009878631514520198,4344,fragmented,1024,1510,2.94921875,25.893880742913,0.002882911779081134,0.1399992169640479,0.021047901237534708,0.9878016805674573,0.9878016805674573,1.2619047619047619
PM3_P1_network,P1P2,381425458,200,False,PD_classic,9.0,5.0,1.0,0.0,True,0.01,0.5,100,0,30,0.1,100000,0.12449999999999999,0.049999999999999996,0.667,0.07599999999999998,0.039,0.031,0.0125,0.8996458925288653,0.02009518773135907,1.848850770623753,1.9089082875067036,1.9356771520439946,18.33,18.33,114.70130981547378,0.0,False,True,0.014323929295717915,4438,fragmented,1024,1510,2.94921875,25.210312805474096,0.002882911779081134,0.14113566741277134,0.020271512818912554,0.9875792387074205,0.9875792387074205,1.225
PM3_P1_network,P1P2,1620985466,200,False,PD_classic,9.0,5.0,1.0,0.0,True,0.01,0.5,100,0,30,0.1,100000,0.1515,0.04549999999999999,0.5475000000000001,0.09149999999999998,0.047999999999999994,0.066,0.049999999999999996,0.7810438146759038,0.016095534787123573,1.9695832176888612,2.1566012133693073,2.0546002723026495,16.59,16.59,123.47052546440415,0.0,False,True,-0.010978507914028726,4377,fragmented,1024,1510,2.94921875,25.94117302052786,0.002882911779081134,0.1711051157051785,0.020626699311744757,0.9954728346411357,0.9954728346411357,1.2530120481927711
PM3_P1_network,P1P2,1669164794,200,False,PD_classic,9.0,5.0,1.0,0.0,True,0.01,0.5,100,0,30,0.1,100000,0.09549999999999999,0.05750000000000001,0.558,0.09449999999999999,0.04999999999999999,0.07549999999999998,0.06899999999999999,0.7445630725432943,0.035840484603735484,1.8198410462634036,1.8834923848743088,1.8867015856455713,17.17,17.17,126.71699980535784,0.0,False,False,-0.03354239016955702,4447,fragmented,1024,1510,2.94921875,25.596852394916912,0.002882911779081134,0.11571036413234588,0.020411774597658947,0.9885367835082377,0.9885367835082377,1.3734939759036144
PM3_P1_network,P1P2,798359651,200,False,PD_classic,9.0,5.0,1.0,0.0,True,0.01,0.5,100,0,30,0.1,100000,0.12500000000000003,0.04699999999999999,0.47850000000000004,0.08149999999999999,0.1065,0.09399999999999999,0.0675,0.690005249058365,0.05263157894736842,1.9879313721473375,2.0316863573922044,2.051367497328684,16.79,16.79,128.55086901200556,0.0,False,True,-0.008603746414987857,4457,fragmented,1024,1510,2.94921875,25.36996089931574,0.002882911779081134,0.14280181479220427,0.020576710433751727,0.990854097757661,0.990854097757661,1.4157303370786516
PM3_P1_network,P1P2,126337246,200,False,PD_classic,9.0,5.0,1.0,0.0,True,0.01,0.5,100,0,30,0.1,100000,0.121,0.06300000000000001,0.5094999999999998,0.09349999999999999,0.0655,0.08349999999999999,0.06400000000000002,0.6390985717662228,0.040859309182813816,1.793865512107114,1.8150773541558396,1.8496836300380526,16.67,16.67,133.22595026809697,0.0,False,True,0.0008271153084626986,4551,fragmented,1024,1510,2.94921875,25.502316715542523,0.002882911779081134,0.12188790889841442,0.02046492245740339,0.9945515772031053,0.9945515772031053,1.2926829268292683
PM3_P1_network,P1P2,317149051,200,False,PD_classic,9.0,5.0,1.0,0.0,True,0.01,0.5,100,0,30,0.1,100000,0.08949999999999998,0.049999999999999996,0.5415000000000001,0.039999999999999994,0.121,0.06799999999999999,0.08999999999999998,0.8579954215164424,0.0030425963488843813,1.8915627159053119,1.875822836357241,1.9366216348788847,17.22,17.22,127.09251011240195,0.0,False,True,-0.013731414925662266,4453,fragmented,1024,1510,2.94921875,25.344418377321603,0.002882911779081134,0.11735323838257146,0.020421221653079975,0.9970389875436935,0.9970389875436935,1.2
PM3_P1_network,P1P2,433399445,200,False,PD_classic,9.0,5.0,1.0,0.0,True,0.01,0.5,100,0,30,0.1,100000,0.133,0.03250000000000001,0.5635000000000001,0.088,0.07849999999999999,0.047499999999999994,0.05700000000000001,0.7752088723452365,0.012114537444933921,1.996809063600957,2.3817582861945352,2.0973104891042413,16.78,16.78,124.74697391206246,0.0,False,True,-0.007480061920245117,4533,fragmented,1024,1510,2.94921875,25.717996089931574,0.002882911779081134,0.13471860670552965,0.02095950205570321,0.9945181162104795,0.9945181162104795,1.2444444444444445
PM3_P1_network,P1P2,686818433,200,False,PD_classic,9.0,5.0,1.0,0.0,True,0.01,0.5,100,0,30,0.1,100000,0.030500000000000006,0.03200000000000001,0.6755,0.08049999999999999,0.074,0.0615,0.04599999999999999,0.910204364950056,0.016097560975609757,1.8101736010252623,2.689363494834056,1.849594790641744,19.33,19.33,97.00018325701325,0.0,False,True,0.0022993771975047617,4197,connected,1024,1908,3.7265625,22.68184750733138,0.0036427785923753664,0.09964303509625747,0.018069511990485933,0.9923799196943411,0.9923799196943411,1.471264367816092
PM3_P1_network,P1P2,2121129191,200,False,PD_classic,9.0,5.0,1.0,0.0,True,0.01,0.5,100,0,30,0.1,100000,0.0675,0.022999999999999996,0.644,0.08349999999999999,0.11200000000000002,0.0115,0.058499999999999996,0.9271115074170284,0.032555282555282554,1.8065310788733946,1.8426491078949776,1.8413271166417802,19.63,19.63,99.64673957165621,0.0,False,False,-0.027504518018072802,4328,connected,1024,1908,3.7265625,22.59355816226784,0.0036427785923753664,0.11047973273294646,0.017992639075600707,0.9808066670840401,0.9808066670840401,1.1555555555555554
PM3_P1_network,P1P2,744720527,200,False,PD_classic,9.0,5.0,1.0,0.0,True,0.01,0.5,100,0,30,0.1,100000,0.12150000000000001,0.03150000000000001,0.6090000000000001,0.030500000000000006,0.08549999999999999,0.08199999999999999,0.04,0.8428492211125583,0.006586826347305389,1.7172667727829887,1.9448632440639975,1.7572003692999956,19.95,19.95,97.38000989871541,0.0,False,True,-0.01407360829443391,4198,connected,1024,1908,3.7265625,22.703020527859238,0.0036427785923753664,0.12093742773809137,0.01794714488128238,0.9716393263665549,0.9716393263665549,1.388235294117647
PM3_P1_network,P1P2,381425458,200,False,PD_classic,9.0,5.0,1.0,0.0,True,0.01,0.5,100,0,30,0.1,100000,0.03899999999999999,0.03650000000000001,0.614,0.0505,0.09899999999999999,0.09999999999999999,0.060999999999999985,0.7688338247458985,0.04169184290030212,1.6939407448877397,2.091174750923001,1.744526482901446,20.13,20.13,94.01223573599691,0.0,False,True,-0.008508082032332524,4272,connected,1024,1908,3.7265625,22.678748778103618,0.0036427785923753664,0.13822503935242955,0.018021477160341432,0.983518948549162,0.983518948549162,1.1898734177215189
PM3_P1_network,P1P2,1620985466,200,False,PD_classic,9.0,5.0,1.0,0.0,True,0.01,0.5,100,0,30,0.1,100000,0.0685,0.09599999999999999,0.544,0.07599999999999998,0.08099999999999999,0.06450000000000002,0.07000000000000002,0.7660996252120993,0.03137254901960784,1.7012067911939552,1.657427170042279,1.8033734930114402,19.55,19.55,98.02998593185671,0.0,False,True,-0.016356089424356967,4156,connected,1024,1908,3.7265625,22.67199413489736,0.0036427785923753664,0.12368217976172854,0.0179617143068763,0.9894585737373184,0.9894585737373184,1.3131313131313131
PM3_P1_network,P1P2,798359651,200,False,PD_classic,9.0,5.0,1.0,0.0,True,0.01,0.5,100,0,30,0.1,100000,0.1135,0.049999999999999996,0.5815,0.07050000000000001,0.08099999999999999,0.045,0.058499999999999996,0.8612876665245585,0.020274299344066785,1.7248476020188168,1.7836977873357527,1.7603735627587032,19.75,19.75,97.49574070218355,0.0,False,False,-0.038764955059825,4329,connected,1024,1908,3.7265625,22.631104594330402,0.0036427785923753664,0.11857835447202564,0.018059028131474114,0.9810203430307649,0.9810203430307649,1.358974358974359
PM3_P1_network,P1P2,1669164794,200,False,PD_classic,9.0,5.0,1.0,0.0,True,0.01,0.5,100,0,30,0.1,100000,0.174,0.05399999999999999,0.5850000000000001,0.03899999999999999,0.04699999999999999,0.04599999999999999,0.05500000000000001,0.8908423996391583,0.06416275430359937,1.761235229659142,1.8246630161312523,1.7655250758470136,20.05,20.05,93.23254967673081,0.0,False,True,-0.004834003336014443,4347,connected,1024,1908,3.7265625,22.803567937438906,0.0036427785923753664,0.10968823393764451,0.01816697713236461,0.9789280909482114,0.9789280909482114,1.2173913043478262
PM3_P3_network,P3,2121129191,200,False,PD_classic,9.0,5.0,1.0,0.0,False,0.0,0.5,100,0,30,0.1,20000,0.7999999999999999,0.0,0.19999999999999998,0.0,0.0,0.0,0.0,0.2713648009701576,0.00424929178470255,1.1061673539326498,4.1747919068015875,3.5548677547068523,5.79,5.79,69.17668581418583,0.0,False,True,7.153272700316907e-15,0,baseline,1024,1888,3.6875,23.17564027370479,0.003604594330400782,0.10896384010298515,0.01845320591177862,0.9539798174902823,0.9539798174902823,1.2911392405063291
PM3_P1_network,P1P2,126337246,200,False,PD_classic,9.0,5.0,1.0,0.0,True,0.01,0.5,100,0,30,0.1,100000,0.1105,0.041,0.6515000000000001,0.05349999999999999,0.07649999999999998,0.022,0.045,0.8215823757726959,0.011258955987717503,1.6389063244584692,1.9069768131701157,1.708433534625126,19.91,19.91,96.1562984897497,0.0,False,False,-0.021939087756348827,4190,connected,1024,1908,3.7265625,22.548924731182797,0.0036427785923753664,0.16618649848249925,0.01789874390068063,0.9726973277152058,0.9726973277152058,1.2156862745098038
PM3_P3_network,P3,686818433,200,False,PD_classic,9.0,5.0,1.0,0.0,False,0.0,0.5,100,0,30,0.1,20000,0.7999999999999999,0.0,0.19999999999999998,0.0,0.0,0.0,0.0,0.39771745313566864,0.0034587116299178555,1.1025740675754823,4.150490363058402,3.5470957664907163,5.35,5.35,78.08247851978815,0.0,False,True,7.153272700316907e-15,0,baseline,1024,1888,3.6875,23.17564027370479,0.003604594330400782,0.10896384010298515,0.01845320591177862,0.9900670161644302,0.9900670161644302,1.4782608695652173
PM3_P3_network,P3,744720527,200,False,PD_classic,9.0,5.0,1.0,0.0,False,0.0,0.5,100,0,30,0.1,20000,0.7999999999999999,0.0,0.19999999999999998,0.0,0.0,0.0,0.0,0.3910768686099555,0.003929273084479371,1.0996757964761203,4.26329335115991,3.6305698402231545,5.08,5.08,72.14434722222224,0.0,False,True,7.153272700316907e-15,0,baseline,1024,1888,3.6875,23.17564027370479,0.003604594330400782,0.10896384010298515,0.01845320591177862,0.9838758354841317,0.9838758354841317,1.2112676056338028
PM3_P3_network,P3,381425458,200,False,PD_classic,9.0,5.0,1.0,0.0,False,0.0,0.5,100,0,30,0.1,20000,0.7999999999999999,0.0,0.19999999999999998,0.0,0.0,0.0,0.0,0.5253180625940104,0.0037672666387609877,1.0825664875393273,4.0508326817965985,3.4571794429451455,5.08,5.08,72.98361742424242,0.0,False,True,7.153272700316907e-15,0,baseline,1024,1888,3.6875,23.17564027370479,0.003604594330400782,0.10896384010298515,0.01845320591177862,0.9847858110716947,0.9847858110716947,1.4157303370786516
PM3_P3_network,P3,1620985466,200,False,PD_classic,9.0,5.0,1.0,0.0,False,0.0,0.5,100,0,30,0.1,20000,0.7999999999999999,0.0,0.19999999999999998,0.0,0.0,0.0,0.0,0.429200541195462,0.004634994206257242,1.1147645671676836,4.159407592020341,3.5504789870498086,5.09,5.09,70.94230826118324,0.0,False,True,7.153272700316907e-15,0,baseline,1024,1888,3.6875,23.17564027370479,0.003604594330400782,0.10896384010298515,0.01845320591177862,0.984782062248966,0.984782062248966,1.2127659574468086
PM3_P3_network,P3,1669164794,200,False,PD_classic,9.0,5.0,1.0,0.0,False,0.0,0.5,100,0,30,0.1,20000,0.7999999999999999,0.0,0.19999999999999998,0.0,0.0,0.0,0.0,0.34970556526767366,0.005239030779305829,1.1156635111418083,4.177850562035757,3.5529144292002584,5.19,5.19,74.75163000265043,0.0,False,True,7.153272700316907e-15,0,baseline,1024,1888,3.6875,23.17564027370479,0.003604594330400782,0.10896384010298515,0.01845320591177862,0.9650189116777751,0.9650189116777751,1.15
PM3_P1_network,P1P2,317149051,200,False,PD_classic,9.0,5.0,1.0,0.0,True,0.01,0.5,100,0,30,0.1,100000,0.1285,0.047499999999999994,0.654,0.043,0.049999999999999996,0.027500000000000004,0.049499999999999995,0.8663490300636637,0.028649921507064365,1.7930790364027136,1.9031721324182602,1.8217702253143506,19.5,19.5,97.72108408063383,0.0,False,True,-0.01031896127585023,4201,connected,1024,1908,3.7265625,22.740224828934505,0.0036427785923753664,0.1081279941882244,0.01813791674198908,0.9840589143583759,0.9840589143583759,1.386138613861386
PM3_P3_network,P3,798359651,200,False,PD_classic,9.0,5.0,1.0,0.0,False,0.0,0.5,100,0,30,0.1,20000,0.7999999999999999,0.0,0.19999999999999998,0.0,0.0,0.0,0.0,0.30983266561423684,0.003970223325062035,1.085021133060343,4.04444441766011,3.4495854659817646,5.18,5.18,80.12560529922338,0.0,False,True,7.153272700316907e-15,0,baseline,1024,1888,3.6875,23.17564027370479,0.003604594330400782,0.10896384010298515,0.01845320591177862,0.9748892969944735,0.9748892969944735,1.1428571428571428
PM3_P1_network,P1P2,433399445,200,False,PD_classic,9.0,5.0,1.0,0.0,True,0.01,0.5,100,0,30,0.1,100000,0.1035,0.04249999999999999,0.599,0.05450000000000001,0.10700000000000001,0.06250000000000001,0.031000000000000007,0.868804976843667,0.01907864122847836,1.7805052293473813,1.8608702668467896,1.8043287251951283,20.05,20.05,96.6073179396039,0.0,False,True,0.010794859179433788,4325,connected,1024,1908,3.7265625,22.742160312805474,0.0036427785923753664,0.12431349120426402,0.018135708630557842,0.9811553096625357,0.9811553096625357,1.3333333333333333
PM3_P3_network,P3,126337246,200,False,PD_classic,9.0,5.0,1.0,0.0,False,0.0,0.5,100,0,30,0.1,20000,0.7999999999999999,0.0,0.19999999999999998,0.0,0.0,0.0,0.0,0.32661941731949257,0.0021447721179624667,1.0999909989342564,4.245541897367939,3.6164317176812033,5.26,5.26,72.77444949494951,0.0,False,True,7.153272700316907e-15,0,baseline,1024,1888,3.6875,23.17564027370479,0.003604594330400782,0.10896384010298515,0.01845320591177862,0.9910167342056413,0.9910167342056413,1.2307692307692308
PM3_P3_network,P3,317149051,200,False,PD_classic,9.0,5.0,1.0,0.0,False,0.0,0.5,100,0,30,0.1,20000,0.7999999999999999,0.0,0.19999999999999998,0.0,0.0,0.0,0.0,0.3242541054131106,0.00510677808727948,1.1170259084557796,4.25201475745766,3.615468798269463,5.17,5.17,69.63075296108292,0.0,False,True,7.153272700316907e-15,0,baseline,1024,1888,3.6875,23.17564027370479,0.003604594330400782,0.10896384010298515,0.01845320591177862,0.9827280964752174,0.9827280964752174,1.5116279069767442
PM3_P3_network,P3,433399445,200,False,PD_classic,9.0,5.0,1.0,0.0,False,0.0,0.5,100,0,30,0.1,20000,0.7999999999999999,0.0,0.19999999999999998,0.0,0.0,0.0,0.0,0.36084985869661074,0.00449162923642303,1.0945113621902196,4.22281402217091,3.597153490174772,5.42,5.42,72.02998389110888,0.0,False,True,7.153272700316907e-15,0,baseline,1024,1888,3.6875,23.17564027370479,0.003604594330400782,0.10896384010298515,0.01845320591177862,0.9820960763650022,0.9820960763650022,1.4747474747474747
PM3_P3_network,P3,2121129191,200,False,PD_classic,9.0,5.0,1.0,0.0,False,0.0,0.5,100,0,30,0.1,20000,0.7999999999999999,0.0,0.19999999999999998,0.0,0.0,0.0,0.0,0.4080160606995939,0.002763957987838585,1.0839997025607775,4.114012816894719,3.4892678448671024,4.82,4.82,97.3978330804362,0.0,False,True,7.153272700316907e-15,0,fragmented,1024,1510,2.94921875,25.72581622678397,0.002882911779081134,0.12811032933427496,0.020712430825958927,0.9835778775490108,0.9835778775490108,1.3563218390804597
PM3_P3_network,P3,686818433,200,False,PD_classic,9.0,5.0,1.0,0.0,False,0.0,0.5,100,0,30,0.1,20000,0.7999999999999999,0.0,0.19999999999999998,0.0,0.0,0.0,0.0,0.2848635843939643,0.002406159769008662,1.0865567272558676,4.261819111425,3.6300066982484887,4.42,4.42,93.79498688669611,0.0,False,True,7.153272700316907e-15,0,fragmented,1024,1510,2.94921875,25.385171065493648,0.002882911779081134,0.14629755769191768,0.020550349468941385,0.9694230457451761,0.9694230457451761,1.264367816091954
PM3_P3_network,P3,744720527,200,False,PD_classic,9.0,5.0,1.0,0.0,False,0.0,0.5,100,0,30,0.1,20000,0.7999999999999999,0.0,0.19999999999999998,0.0,0.0,0.0,0.0,0.3148927600625754,0.003203416978109984,1.0878052723215137,4.231248359383502,3.5929858036348756,4.55,4.55,95.33018656470432,0.0,False,True,7.153272700316907e-15,0,fragmented,1024,1510,2.94921875,25.893880742913,0.002882911779081134,0.1399992169640479,0.021047901237534708,0.9828744676676322,0.9828744676676322,1.1914893617021276
PM3_P3_network,P3,381425458,200,False,PD_classic,9.0,5.0,1.0,0.0,False,0.0,0.5,100,0,30,0.1,20000,0.7999999999999999,0.0,0.19999999999999998,0.0,0.0,0.0,0.0,0.538280945743062,0.005359535506922733,1.0858391721364524,4.202318748418732,3.575890692884607,4.73,4.73,93.51612608497025,0.0,False,True,7.153272700316907e-15,0,fragmented,1024,1510,2.94921875,25.210312805474096,0.002882911779081134,0.14113566741277134,0.020271512818912554,0.9810581426609418,0.9810581426609418,1.2815533980582525
PM3_P3_network,P3,1620985466,200,False,PD_classic,9.0,5.0,1.0,0.0,False,0.0,0.5,100,0,30,0.1,20000,0.7999999999999999,0.0,0.19999999999999998,0.0,0.0,0.0,0.0,0.3697122293539904,0.004584819154355578,1.0913394341285607,4.2320104591828605,3.600719800880489,4.87,4.87,94.16119885139987,0.0,False,True,7.153272700316907e-15,0,fragmented,1024,1510,2.94921875,25.94117302052786,0.002882911779081134,0.1711051157051785,0.020626699311744757,0.9864114235836902,0.9864114235836902,1.3793103448275863
PM3_P3_network,P3,1669164794,200,False,PD_classic,9.0,5.0,1.0,0.0,False,0.0,0.5,100,0,30,0.1,20000,0.7999999999999999,0.0,0.19999999999999998,0.0,0.0,0.0,0.0,0.3886984426905548,0.003560528992878942,1.0930818359034076,4.188745679496761,3.5665016908347806,4.61,4.61,86.80873614102255,0.0,False,True,7.153272700316907e-15,0,fragmented,1024,1510,2.94921875,25.596852394916912,0.002882911779081134,0.11571036413234588,0.020411774597658947,0.9537275193168037,0.9537275193168037,1.4634146341463414
PM3_P3_network,P3,798359651,200,False,PD_classic,9.0,5.0,1.0,0.0,False,0.0,0.5,100,0,30,0.1,20000,0.7999999999999999,0.0,0.19999999999999998,0.0,0.0,0.0,0.0,0.40310368301443955,0.004430379746835443,1.0895654881903452,4.321842636299241,3.6688573538529994,4.89,4.89,89.03480931246084,0.0,False,True,7.153272700316907e-15,0,fragmented,1024,1510,2.94921875,25.36996089931574,0.002882911779081134,0.14280181479220427,0.020576710433751727,0.9822970359991481,0.9822970359991481,1.2857142857142858
PM3_P3_network,P3,126337246,200,False,PD_classic,9.0,5.0,1.0,0.0,False,0.0,0.5,100,0,30,0.1,20000,0.7999999999999999,0.0,0.19999999999999998,0.0,0.0,0.0,0.0,0.29298961966419523,0.002175805047867711,1.0827112427810326,4.274410689916548,3.6360708004894464,4.77,4.77,91.03274693362185,0.0,False,True,7.153272700316907e-15,0,fragmented,1024,1510,2.94921875,25.502316715542523,0.002882911779081134,0.12188790889841442,0.02046492245740339,0.9886275685648442,0.9886275685648442,1.4782608695652173
PM3_P3_network,P3,317149051,200,False,PD_classic,9.0,5.0,1.0,0.0,False,0.0,0.5,100,0,30,0.1,20000,0.7999999999999999,0.0,0.19999999999999998,0.0,0.0,0.0,0.0,0.37029710196362864,0.0033291718684977114,1.100628965472893,4.216508781247782,3.6027748781406084,4.58,4.58,83.96546197909834,0.0,False,True,7.153272700316907e-15,0,fragmented,1024,1510,2.94921875,25.344418377321603,0.002882911779081134,0.11735323838257146,0.020421221653079975,0.988401096358425,0.988401096358425,1.3877551020408163
PM3_P3_network,P3,433399445,200,False,PD_classic,9.0,5.0,1.0,0.0,False,0.0,0.5,100,0,30,0.1,20000,0.7999999999999999,0.0,0.19999999999999998,0.0,0.0,0.0,0.0,0.3334894767229427,0.001918649270913277,1.086083731796181,4.092012301457287,3.496929995788337,4.67,4.67,90.9200185319475,0.0,False,True,7.153272700316907e-15,0,fragmented,1024,1510,2.94921875,25.717996089931574,0.002882911779081134,0.13471860670552965,0.02095950205570321,0.9790637492661233,0.9790637492661233,1.36
PM3_P3_network,P3,2121129191,200,False,PD_classic,9.0,5.0,1.0,0.0,False,0.0,0.5,100,0,30,0.1,20000,0.7999999999999999,0.0,0.19999999999999998,0.0,0.0,0.0,0.0,0.43083031764936414,0.0038797284190106693,1.0987695631289716,4.181883587863105,3.5746035526882003,5.35,5.35,67.88073143186782,0.0,False,True,7.153272700316907e-15,0,connected,1024,1908,3.7265625,22.59355816226784,0.0036427785923753664,0.11047973273294646,0.017992639075600707,0.9646143167346826,0.9646143167346826,1.3932584269662922
PM3_P3_network,P3,686818433,200,False,PD_classic,9.0,5.0,1.0,0.0,False,0.0,0.5,100,0,30,0.1,20000,0.7999999999999999,0.0,0.19999999999999998,0.0,0.0,0.0,0.0,0.3841075511933926,0.002807411566535654,1.1082711180245046,4.270783200284166,3.63189187053474,4.89,4.89,72.86591091288064,0.0,False,True,7.153272700316907e-15,0,connected,1024,1908,3.7265625,22.68184750733138,0.0036427785923753664,0.09964303509625747,0.018069511990485933,0.9882376577853746,0.9882376577853746,1.2592592592592593
PM3_P3_network,P3,744720527,200,False,PD_classic,9.0,5.0,1.0,0.0,False,0.0,0.5,100,0,30,0.1,20000,0.7999999999999999,0.0,0.19999999999999998,0.0,0.0,0.0,0.0,0.42863834575195964,0.002874743326488706,1.1129535956451038,4.18367906754685,3.5664478169133345,5.43,5.43,75.26687314639584,0.0,False,True,7.153272700316907e-15,0,connected,1024,1908,3.7265625,22.703020527859238,0.0036427785923753664,0.12093742773809137,0.01794714488128238,0.9604298614721402,0.9604298614721402,1.4606741573033708
PM3_P3_network,P3,381425458,200,False,PD_classic,9.0,5.0,1.0,0.0,False,0.0,0.5,100,0,30,0.1,20000,0.7999999999999999,0.0,0.19999999999999998,0.0,0.0,0.0,0.0,0.30368452212868824,0.0029955067398901645,1.1117395084197554,4.374945928741958,3.715712308474846,5.12,5.12,71.76264065620124,0.0,False,True,7.153272700316907e-15,0,connected,1024,1908,3.7265625,22.678748778103618,0.0036427785923753664,0.13822503935242955,0.018021477160341432,0.988359841194765,0.988359841194765,1.2857142857142858
PM3_P3_network,P3,1620985466,200,False,PD_classic,9.0,5.0,1.0,0.0,False,0.0,0.5,100,0,30,0.1,20000,0.7999999999999999,0.0,0.19999999999999998,0.0,0.0,0.0,0.0,0.2969090249154501,0.004342431761786601,1.1163269872264854,4.263189963344777,3.6306546917632136,5.28,5.28,71.22278256361169,0.0,False,True,7.153272700316907e-15,0,connected,1024,1908,3.7265625,22.67199413489736,0.0036427785923753664,0.12368217976172854,0.0179617143068763,0.9787525412997808,0.9787525412997808,1.3670886075949367
PM3_P3_network,P3,798359651,200,False,PD_classic,9.0,5.0,1.0,0.0,False,0.0,0.5,100,0,30,0.1,20000,0.7999999999999999,0.0,0.19999999999999998,0.0,0.0,0.0,0.0,0.34234213915598677,0.005927682276229994,1.1042809328266314,4.168340256081486,3.552448934824232,5.27,5.27,68.88586384302467,0.0,False,True,7.153272700316907e-15,0,connected,1024,1908,3.7265625,22.631104594330402,0.0036427785923753664,0.11857835447202564,0.018059028131474114,0.9806014824980434,0.9806014824980434,1.1627906976744187
PM3_P3_network,P3,1669164794,200,False,PD_classic,9.0,5.0,1.0,0.0,False,0.0,0.5,100,0,30,0.1,20000,0.7999999999999999,0.0,0.19999999999999998,0.0,0.0,0.0,0.0,0.41530330554447425,0.00473186119873817,1.0997911108298024,4.249229215296205,3.6129790931817807,5.28,5.28,80.45541143760838,0.0,False,True,7.153272700316907e-15,0,connected,1024,1908,3.7265625,22.803567937438906,0.0036427785923753664,0.10968823393764451,0.01816697713236461,0.9767199417627497,0.9767199417627497,1.4505494505494505
PM3_P3_network,P3,126337246,200,False,PD_classic,9.0,5.0,1.0,0.0,False,0.0,0.5,100,0,30,0.1,20000,0.7999999999999999,0.0,0.19999999999999998,0.0,0.0,0.0,0.0,0.4135074145385348,0.0026553372278279343,1.1135161660393837,4.206800610987228,3.588143721997661,5.16,5.16,71.38683080808083,0.0,False,True,7.153272700316907e-15,0,connected,1024,1908,3.7265625,22.548924731182797,0.0036427785923753664,0.16618649848249925,0.01789874390068063,0.9595303460446032,0.9595303460446032,1.2941176470588236
PM3_P3_network,P3,317149051,200,False,PD_classic,9.0,5.0,1.0,0.0,False,0.0,0.5,100,0,30,0.1,20000,0.7999999999999999,0.0,0.19999999999999998,0.0,0.0,0.0,0.0,0.21680214280547377,0.0023228803716608595,1.1142608019713485,4.179546985912421,3.557153852117282,5.06,5.06,70.64802502911641,0.0,False,True,7.153272700316907e-15,0,connected,1024,1908,3.7265625,22.740224828934505,0.0036427785923753664,0.1081279941882244,0.01813791674198908,0.9852259912600573,0.9852259912600573,1.3
PM3_P3_network,P3,433399445,200,False,PD_classic,9.0,5.0,1.0,0.0,False,0.0,0.5,100,0,30,0.1,20000,0.7999999999999999,0.0,0.19999999999999998,0.0,0.0,0.0,0.0,0.2877332010248697,0.002581311306143521,1.0962838189046737,4.252315329009906,3.621109026988861,5.2,5.2,76.12435723998225,0.0,False,True,7.153272700316907e-15,0,connected,1024,1908,3.7265625,22.742160312805474,0.0036427785923753664,0.12431349120426402,0.018135708630557842,0.973004524598356,0.973004524598356,1.1954022988505748
PM3_P3_network,P3,2121129191,200,False,PD_classic,9.0,5.0,1.0,0.0,False,0.0,0.5,100,5,30,0.1,20000,0.7999999999999999,0.0,0.19999999999999998,0.0,0.0,0.0,0.0,0.2713648009701576,0.00424929178470255,1.1069426271176632,4.174755922537658,3.5549956608366484,4.23,5.79,69.17668581418583,0.53,False,True,7.153272700316907e-15,0,baseline,1024,1888,3.6875,23.17564027370479,0.003604594330400782,0.10896384010298515,0.01845320591177862,0.9539798174902823,0.9539798174902823,1.2911392405063291
PM3_P3_network,P3,686818433,200,False,PD_classic,9.0,5.0,1.0,0.0,False,0.0,0.5,100,5,30,0.1,20000,0.7999999999999999,0.0,0.19999999999999998,0.0,0.0,0.0,0.0,0.39771745313566864,0.0034587116299178555,1.104937150810647,4.150427106127312,3.5475128510138605,4.24,5.35,78.08247851978815,0.45,False,True,7.153272700316907e-15,0,baseline,1024,1888,3.6875,23.17564027370479,0.003604594330400782,0.10896384010298515,0.01845320591177862,0.9896848359920578,0.9900670161644302,1.4782608695652173
PM3_P3_network,P3,744720527,200,False,PD_classic,9.0,5.0,1.0,0.0,False,0.0,0.5,100,5,30,0.1,20000,0.7999999999999999,0.0,0.19999999999999998,0.0,0.0,0.0,0.0,0.3910768686099555,0.003929273084479371,1.1000194390878042,4.263285937162283,3.630632637547389,4.175,5.08,72.14434722222224,0.435,False,True,7.153272700316907e-15,0,baseline,1024,1888,3.6875,23.17564027370479,0.003604594330400782,0.10896384010298515,0.01845320591177862,0.9830693838712284,0.9838758354841317,1.2112676056338028
PM3_P3_network,P3,381425458,200,False,PD_classic,9.0,5.0,1.0,0.0,False,0.0,0.5,100,5,30,0.1,20000,0.7999999999999999,0.0,0.19999999999999998,0.0,0.0,0.0,0.0,0.5253180625940104,0.0037672666387609877,1.0832114518939688,4.050812756695773,3.457292495735413,4.095,5.08,72.98361742424242,0.405,False,True,7.153272700316907e-15,0,baseline,1024,1888,3.6875,23.17564027370479,0.003604594330400782,0.10896384010298515,0.01845320591177862,0.9841907361000782,0.9847858110716947,1.4157303370786516
PM3_P3_network,P3,1620985466,200,False,PD_classic,9.0,5.0,1.0,0.0,False,0.0,0.5,100,5,30,0.1,20000,0.7999999999999999,0.0,0.19999999999999998,0.0,0.0,0.0,0.0,0.429200541195462,0.004634994206257242,1.1147645671676836,4.159407592020341,3.5504789870498086,4.175,5.09,70.94230826118324,0.385,False,True,7.153272700316907e-15,0,baseline,1024,1888,3.6875,23.17564027370479,0.003604594330400782,0.10896384010298515,0.01845320591177862,0.9841165186870601,0.984782062248966,1.2127659574468086
PM3_P3_network,P3,1669164794,200,False,PD_classic,9.0,5.0,1.0,0.0,False,0.0,0.5,100,5,30,0.1,20000,0.7999999999999999,0.0,0.19999999999999998,0.0,0.0,0.0,0.0,0.34970556526767366,0.005239030779305829,1.1160541663522738,4.177838444348782,3.5529845100637805,4.13,5.19,74.75163000265043,0.38,False,True,7.153272700316907e-15,0,baseline,1024,1888,3.6875,23.17564027370479,0.003604594330400782,0.10896384010298515,0.01845320591177862,0.9650189116777751,0.9650189116777751,1.15
PM3_P3_network,P3,798359651,200,False,PD_classic,9.0,5.0,1.0,0.0,False,0.0,0.5,100,5,30,0.1,20000,0.7999999999999999,0.0,0.19999999999999998,0.0,0.0,0.0,0.0,0.3092825359946552,0.004962779156327543,1.086437852693702,4.04441474192234,3.4498465229819093,4.225,5.18,80.12560529922338,0.41,False,True,7.153272700316907e-15,0,baseline,1024,1888,3.6875,23.17564027370479,0.003604594330400782,0.10896384010298515,0.01845320591177862,0.973021096000447,0.9748892969944735,1.1428571428571428
PM3_P3_network,P3,126337246,200,False,PD_classic,9.0,5.0,1.0,0.0,False,0.0,0.5,100,5,30,0.1,20000,0.7999999999999999,0.0,0.19999999999999998,0.0,0.0,0.0,0.0,0.32661941731949257,0.0021447721179624667,1.1006687819242913,4.245522603201721,3.6165518389462354,4.225,5.26,72.77444949494951,0.42,False,True,7.153272700316907e-15,0,baseline,1024,1888,3.6875,23.17564027370479,0.003604594330400782,0.10896384010298515,0.01845320591177862,0.9901034780927753,0.9910167342056413,1.2307692307692308
PM3_P3_network,P3,317149051,200,False,PD_classic,9.0,5.0,1.0,0.0,False,0.0,0.5,100,5,30,0.1,20000,0.7999999999999999,0.0,0.19999999999999998,0.0,0.0,0.0,0.0,0.32397938013838534,0.005571030640668524,1.1185939406384482,4.251985451071011,3.6157638245872437,4.165,5.17,69.63075296108292,0.445,False,True,7.153272700316907e-15,0,baseline,1024,1888,3.6875,23.17564027370479,0.003604594330400782,0.10896384010298515,0.01845320591177862,0.9824272474534381,0.9827280964752174,1.5116279069767442
PM3_P3_network,P3,433399445,200,False,PD_classic,9.0,5.0,1.0,0.0,False,0.0,0.5,100,5,30,0.1,20000,0.7999999999999999,0.0,0.19999999999999998,0.0,0.0,0.0,0.0,0.3604140771380508,0.005308289097590854,1.095344983733978,4.222782834933783,3.5972952646938214,4.185,5.42,72.02998389110888,0.44,False,True,7.153272700316907e-15,0,baseline,1024,1888,3.6875,23.17564027370479,0.003604594330400782,0.10896384010298515,0.01845320591177862,0.9798981015562843,0.9820960763650022,1.4747474747474747
PM3_P3_network,P3,2121129191,200,False,PD_classic,9.0,5.0,1.0,0.0,False,0.0,0.5,100,5,30,0.1,20000,0.7999999999999999,0.0,0.19999999999999998,0.0,0.0,0.0,0.0,0.4080160606995939,0.002763957987838585,1.0862448057876795,4.11393781374056,3.4896712141626476,3.865,4.82,97.3978330804362,0.38,False,True,7.153272700316907e-15,0,fragmented,1024,1510,2.94921875,25.72581622678397,0.002882911779081134,0.12811032933427496,0.020712430825958927,0.9835778775490108,0.9835778775490108,1.3563218390804597
PM3_P3_network,P3,686818433,200,False,PD_classic,9.0,5.0,1.0,0.0,False,0.0,0.5,100,5,30,0.1,20000,0.7999999999999999,0.0,0.19999999999999998,0.0,0.0,0.0,0.0,0.28459620471481994,0.0028873917228103944,1.0888570575240046,4.261792384752476,3.630443008416198,3.82,4.42,93.79498688669611,0.29,False,True,7.153272700316907e-15,0,fragmented,1024,1510,2.94921875,25.385171065493648,0.002882911779081134,0.14629755769191768,0.020550349468941385,0.9690004629189422,0.9694230457451761,1.264367816091954
PM3_P3_network,P3,381425458,200,False,PD_classic,9.0,5.0,1.0,0.0,False,0.0,0.5,100,5,30,0.1,20000,0.7999999999999999,0.0,0.19999999999999998,0.0,0.0,0.0,0.0,0.538280945743062,0.005359535506922733,1.0865441156079665,4.202289491311916,3.576009013783485,4.015,4.73,93.51612608497025,0.365,False,True,7.153272700316907e-15,0,fragmented,1024,1510,2.94921875,25.210312805474096,0.002882911779081134,0.14113566741277134,0.020271512818912554,0.9801185873837731,0.9810581426609418,1.2815533980582525
PM3_P3_network,P3,744720527,200,False,PD_classic,9.0,5.0,1.0,0.0,False,0.0,0.5,100,5,30,0.1,20000,0.7999999999999999,0.0,0.19999999999999998,0.0,0.0,0.0,0.0,0.3148927600625754,0.003203416978109984,1.0879992587424643,4.231241583397597,3.593019791589448,3.73,4.55,95.33018656470432,0.305,False,True,7.153272700316907e-15,0,fragmented,1024,1510,2.94921875,25.893880742913,0.002882911779081134,0.1399992169640479,0.021047901237534708,0.9828744676676322,0.9828744676676322,1.1914893617021276
PM3_P3_network,P3,1620985466,200,False,PD_classic,9.0,5.0,1.0,0.0,False,0.0,0.5,100,5,30,0.1,20000,0.7999999999999999,0.0,0.19999999999999998,0.0,0.0,0.0,0.0,0.3697122293539904,0.004584819154355578,1.092145593475902,4.231991064340202,3.600866346578534,4.1,4.87,94.16119885139987,0.37,False,True,7.153272700316907e-15,0,fragmented,1024,1510,2.94921875,25.94117302052786,0.002882911779081134,0.1711051157051785,0.020626699311744757,0.9862097700245048,0.9864114235836902,1.3793103448275863
PM3_P3_network,P3,1669164794,200,False,PD_classic,9.0,5.0,1.0,0.0,False,0.0,0.5,100,5,30,0.1,20000,0.7999999999999999,0.0,0.19999999999999998,0.0,0.0,0.0,0.0,0.3886984426905548,0.003560528992878942,1.0936151692367408,4.188737134241087,3.566602065898505,3.995,4.61,86.80873614102255,0.37,False,True,7.153272700316907e-15,0,fragmented,1024,1510,2.94921875,25.596852394916912,0.002882911779081134,0.11571036413234588,0.020411774597658947,0.9532584761648335,0.9537275193168037,1.4634146341463414
PM3_P3_network,P3,798359651,200,False,PD_classic,9.0,5.0,1.0,0.0,False,0.0,0.5,100,5,30,0.1,20000,0.7999999999999999,0.0,0.19999999999999998,0.0,0.0,0.0,0.0,0.40310368301443955,0.004430379746835443,1.091198293890921,4.321798111563971,3.669151683751233,3.895,4.89,89.03480931246084,0.37,False,True,7.153272700316907e-15,0,fragmented,1024,1510,2.94921875,25.36996089931574,0.002882911779081134,0.14280181479220427,0.020576710433751727,0.9821500636299535,0.9822970359991481,1.2857142857142858
PM3_P3_network,P3,126337246,200,False,PD_classic,9.0,5.0,1.0,0.0,False,0.0,0.5,100,5,30,0.1,20000,0.7999999999999999,0.0,0.19999999999999998,0.0,0.0,0.0,0.0,0.29298961966419523,0.002175805047867711,1.0831408883234601,4.274392868519698,3.636142472480451,3.975,4.77,91.03274693362185,0.37,False,True,7.153272700316907e-15,0,fragmented,1024,1510,2.94921875,25.502316715542523,0.002882911779081134,0.12188790889841442,0.02046492245740339,0.9886275685648442,0.9886275685648442,1.4782608695652173
PM3_P3_network,P3,317149051,200,False,PD_classic,9.0,5.0,1.0,0.0,False,0.0,0.5,100,5,30,0.1,20000,0.7999999999999999,0.0,0.19999999999999998,0.0,0.0,0.0,0.0,0.37029710196362864,0.0033291718684977114,1.1012019492861005,4.216500484007445,3.602881075653241,3.835,4.58,83.96546197909834,0.285,False,True,7.153272700316907e-15,0,fragmented,1024,1510,2.94921875,25.344418377321603,0.002882911779081134,0.11735323838257146,0.020421221653079975,0.9882668321264163,0.988401096358425,1.3877551020408163
PM3_P3_network,P3,433399445,200,False,PD_classic,9.0,5.0,1.0,0.0,False,0.0,0.5,100,5,30,0.1,20000,0.7999999999999999,0.0,0.19999999999999998,0.0,0.0,0.0,0.0,0.33308787029723985,0.002686108979278588,1.0872511908380913,4.091985446048936,3.497139578266078,3.92,4.67,90.9200185319475,0.345,False,True,7.153272700316907e-15,0,fragmented,1024,1510,2.94921875,25.717996089931574,0.002882911779081134,0.13471860670552965,0.02095950205570321,0.9771761283398475,0.9790637492661233,1.36
PM3_P3_network,P3,2121129191,200,False,PD_classic,9.0,5.0,1.0,0.0,False,0.0,0.5,100,5,30,0.1,20000,0.7999999999999999,0.0,0.19999999999999998,0.0,0.0,0.0,0.0,0.43060095985119895,0.004364694471387003,1.0990305404891858,4.181869611622714,3.5746437339752006,4.14,5.35,67.88073143186782,0.435,False,True,7.153272700316907e-15,0,connected,1024,1908,3.7265625,22.59355816226784,0.0036427785923753664,0.11047973273294646,0.017992639075600707,0.9640598970891716,0.9646143167346826,1.3932584269662922
PM3_P3_network,P3,686818433,200,False,PD_classic,9.0,5.0,1.0,0.0,False,0.0,0.5,100,5,30,0.1,20000,0.7999999999999999,0.0,0.19999999999999998,0.0,0.0,0.0,0.0,0.3841075511933926,0.002807411566535654,1.1082711180245046,4.270783200284166,3.63189187053474,4.06,4.89,72.86591091288064,0.345,False,True,7.153272700316907e-15,0,connected,1024,1908,3.7265625,22.68184750733138,0.0036427785923753664,0.09964303509625747,0.018069511990485933,0.9879039907850411,0.9882376577853746,1.2592592592592593
PM3_P3_network,P3,744720527,200,False,PD_classic,9.0,5.0,1.0,0.0,False,0.0,0.5,100,5,30,0.1,20000,0.7999999999999999,0.0,0.19999999999999998,0.0,0.0,0.0,0.0,0.42845316056677446,0.0032854209445585215,1.1141706295555618,4.1836524966598,3.5666712168398544,4.185,5.43,75.26687314639584,0.455,False,True,7.153272700316907e-15,0,connected,1024,1908,3.7265625,22.703020527859238,0.0036427785923753664,0.12093742773809137,0.01794714488128238,0.9599073316769907,0.9604298614721402,1.4606741573033708
PM3_P3_network,P3,381425458,200,False,PD_classic,9.0,5.0,1.0,0.0,False,0.0,0.5,100,5,30,0.1,20000,0.7999999999999999,0.0,0.19999999999999998,0.0,0.0,0.0,0.0,0.30343452212868827,0.003494757863205192,1.112312579027309,4.374926239053866,3.71581236834143,4.16,5.12,71.76264065620124,0.41,False,True,7.153272700316907e-15,0,connected,1024,1908,3.7265625,22.678748778103618,0.0036427785923753664,0.13822503935242955,0.018021477160341432,0.9881393826409732,0.988359841194765,1.2857142857142858
PM3_P3_network,P3,1620985466,200,False,PD_classic,9.0,5.0,1.0,0.0,False,0.0,0.5,100,5,30,0.1,20000,0.7999999999999999,0.0,0.19999999999999998,0.0,0.0,0.0,0.0,0.2969090249154501,0.004342431761786601,1.1172899501894484,4.26316424569308,3.6308277038833077,4.21,5.28,71.22278256361169,0.415,False,True,7.153272700316907e-15,0,connected,1024,1908,3.7265625,22.67199413489736,0.0036427785923753664,0.12368217976172854,0.0179617143068763,0.9787525412997808,0.9787525412997808,1.3670886075949367
PM3_P3_network,P3,1669164794,200,False,PD_classic,9.0,5.0,1.0,0.0,False,0.0,0.5,100,5,30,0.1,20000,0.7999999999999999,0.0,0.19999999999999998,0.0,0.0,0.0,0.0,0.4148992651404339,0.005520504731861199,1.102240337545208,4.249167689613506,3.6134247902057703,4.22,5.28,80.45541143760838,0.465,False,True,7.153272700316907e-15,0,connected,1024,1908,3.7265625,22.803567937438906,0.0036427785923753664,0.10968823393764451,0.01816697713236461,0.9752833894698177,0.9767199417627497,1.4505494505494505
PM3_P3_network,P3,798359651,200,False,PD_classic,9.0,5.0,1.0,0.0,False,0.0,0.5,100,5,30,0.1,20000,0.7999999999999999,0.0,0.19999999999999998,0.0,0.0,0.0,0.0,0.34234213915598677,0.005927682276229994,1.1061858863915288,4.168289335356757,3.552791154660231,4.305,5.27,68.88586384302467,0.43,False,True,7.153272700316907e-15,0,connected,1024,1908,3.7265625,22.631104594330402,0.0036427785923753664,0.11857835447202564,0.018059028131474114,0.9802138855988185,0.9806014824980434,1.1627906976744187
PM3_P3_network,P3,126337246,200,False,PD_classic,9.0,5.0,1.0,0.0,False,0.0,0.5,100,5,30,0.1,20000,0.7999999999999999,0.0,0.19999999999999998,0.0,0.0,0.0,0.0,0.4135074145385348,0.0026553372278279343,1.1142334345237854,4.206780325370906,3.5882709472014835,4.25,5.16,71.38683080808083,0.425,False,True,7.153272700316907e-15,0,connected,1024,1908,3.7265625,22.548924731182797,0.0036427785923753664,0.16618649848249925,0.01789874390068063,0.9577674596524847,0.9595303460446032,1.2941176470588236
PM3_P3_network,P3,317149051,200,False,PD_classic,9.0,5.0,1.0,0.0,False,0.0,0.5,100,5,30,0.1,20000,0.7999999999999999,0.0,0.19999999999999998,0.0,0.0,0.0,0.0,0.21680214280547377,0.0023228803716608595,1.1144830241935706,4.17953842485496,3.5571921506089943,4.12,5.06,70.64802502911641,0.395,False,True,7.153272700316907e-15,0,connected,1024,1908,3.7265625,22.740224828934505,0.0036427785923753664,0.1081279941882244,0.01813791674198908,0.9845012013440908,0.9852259912600573,1.3
PM3_P3_network,P3,433399445,200,False,PD_classic,9.0,5.0,1.0,0.0,False,0.0,0.5,100,5,30,0.1,20000,0.7999999999999999,0.0,0.19999999999999998,0.0,0.0,0.0,0.0,0.2877332010248697,0.002581311306143521,1.0967500193708744,4.252307148381634,3.6211957225794835,4.195,5.2,76.12435723998225,0.445,False,True,7.153272700316907e-15,0,connected,1024,1908,3.7265625,22.742160312805474,0.0036427785923753664,0.12431349120426402,0.018135708630557842,0.9725940155671572,0.973004524598356,1.1954022988505748
PM3_P3_network,P3,2121129191,200,False,PD_classic,9.0,5.0,1.0,0.0,False,0.0,0.5,100,15,30,0.1,20000,0.7999999999999999,0.0,0.19999999999999998,0.0,0.0,0.0,0.0,0.2713648009701576,0.00424929178470255,1.1061673539326498,4.1747919068015875,3.5548677547068523,5.79,5.79,69.17668581418583,0.0,False,True,7.153272700316907e-15,0,baseline,1024,1888,3.6875,23.17564027370479,0.003604594330400782,0.10896384010298515,0.01845320591177862,0.9539798174902823,0.9539798174902823,1.2911392405063291
PM3_P3_network,P3,686818433,200,False,PD_classic,9.0,5.0,1.0,0.0,False,0.0,0.5,100,15,30,0.1,20000,0.7999999999999999,0.0,0.19999999999999998,0.0,0.0,0.0,0.0,0.39771745313566864,0.0034587116299178555,1.1025740675754823,4.150490363058402,3.5470957664907163,5.35,5.35,78.08247851978815,0.0,False,True,7.153272700316907e-15,0,baseline,1024,1888,3.6875,23.17564027370479,0.003604594330400782,0.10896384010298515,0.01845320591177862,0.9900670161644302,0.9900670161644302,1.4782608695652173
PM3_P3_network,P3,744720527,200,False,PD_classic,9.0,5.0,1.0,0.0,False,0.0,0.5,100,15,30,0.1,20000,0.7999999999999999,0.0,0.19999999999999998,0.0,0.0,0.0,0.0,0.3910768686099555,0.003929273084479371,1.0996757964761203,4.26329335115991,3.6305698402231545,5.08,5.08,72.14434722222224,0.0,False,True,7.153272700316907e-15,0,baseline,1024,1888,3.6875,23.17564027370479,0.003604594330400782,0.10896384010298515,0.01845320591177862,0.9838758354841317,0.9838758354841317,1.2112676056338028
PM3_P3_network,P3,381425458,200,False,PD_classic,9.0,5.0,1.0,0.0,False,0.0,0.5,100,15,30,0.1,20000,0.7999999999999999,0.0,0.19999999999999998,0.0,0.0,0.0,0.0,0.5253180625940104,0.0037672666387609877,1.0825664875393273,4.0508326817965985,3.4571794429451455,5.08,5.08,72.98361742424242,0.0,False,True,7.153272700316907e-15,0,baseline,1024,1888,3.6875,23.17564027370479,0.003604594330400782,0.10896384010298515,0.01845320591177862,0.9847858110716947,0.9847858110716947,1.4157303370786516
PM3_P3_network,P3,1620985466,200,False,PD_classic,9.0,5.0,1.0,0.0,False,0.0,0.5,100,15,30,0.1,20000,0.7999999999999999,0.0,0.19999999999999998,0.0,0.0,0.0,0.0,0.429200541195462,0.004634994206257242,1.1147645671676836,4.159407592020341,3.5504789870498086,5.09,5.09,70.94230826118324,0.0,False,True,7.153272700316907e-15,0,baseline,1024,1888,3.6875,23.17564027370479,0.003604594330400782,0.10896384010298515,0.01845320591177862,0.984782062248966,0.984782062248966,1.2127659574468086
PM3_P3_network,P3,1669164794,200,False,PD_classic,9.0,5.0,1.0,0.0,False,0.0,0.5,100,15,30,0.1,20000,0.7999999999999999,0.0,0.19999999999999998,0.0,0.0,0.0,0.0,0.34970556526767366,0.005239030779305829,1.1156635111418083,4.177850562035757,3.5529144292002584,5.19,5.19,74.75163000265043,0.0,False,True,7.153272700316907e-15,0,baseline,1024,1888,3.6875,23.17564027370479,0.003604594330400782,0.10896384010298515,0.01845320591177862,0.9650189116777751,0.9650189116777751,1.15
PM3_P3_network,P3,798359651,200,False,PD_classic,9.0,5.0,1.0,0.0,False,0.0,0.5,100,15,30,0.1,20000,0.7999999999999999,0.0,0.19999999999999998,0.0,0.0,0.0,0.0,0.30983266561423684,0.003970223325062035,1.085021133060343,4.04444441766011,3.4495854659817646,5.18,5.18,80.12560529922338,0.0,False,True,7.153272700316907e-15,0,baseline,1024,1888,3.6875,23.17564027370479,0.003604594330400782,0.10896384010298515,0.01845320591177862,0.9748892969944735,0.9748892969944735,1.1428571428571428
PM3_P3_network,P3,126337246,200,False,PD_classic,9.0,5.0,1.0,0.0,False,0.0,0.5,100,15,30,0.1,20000,0.7999999999999999,0.0,0.19999999999999998,0.0,0.0,0.0,0.0,0.32661941731949257,0.0021447721179624667,1.0999909989342564,4.245541897367939,3.6164317176812033,5.26,5.26,72.77444949494951,0.0,False,True,7.153272700316907e-15,0,baseline,1024,1888,3.6875,23.17564027370479,0.003604594330400782,0.10896384010298515,0.01845320591177862,0.9910167342056413,0.9910167342056413,1.2307692307692308
PM3_P3_network,P3,317149051,200,False,PD_classic,9.0,5.0,1.0,0.0,False,0.0,0.5,100,15,30,0.1,20000,0.7999999999999999,0.0,0.19999999999999998,0.0,0.0,0.0,0.0,0.3242541054131106,0.00510677808727948,1.1170259084557796,4.25201475745766,3.615468798269463,5.17,5.17,69.63075296108292,0.0,False,True,7.153272700316907e-15,0,baseline,1024,1888,3.6875,23.17564027370479,0.003604594330400782,0.10896384010298515,0.01845320591177862,0.9827280964752174,0.9827280964752174,1.5116279069767442
PM3_P3_network,P3,433399445,200,False,PD_classic,9.0,5.0,1.0,0.0,False,0.0,0.5,100,15,30,0.1,20000,0.7999999999999999,0.0,0.19999999999999998,0.0,0.0,0.0,0.0,0.36084985869661074,0.00449162923642303,1.0945113621902196,4.22281402217091,3.597153490174772,5.42,5.42,72.02998389110888,0.0,False,True,7.153272700316907e-15,0,baseline,1024,1888,3.6875,23.17564027370479,0.003604594330400782,0.10896384010298515,0.01845320591177862,0.9820960763650022,0.9820960763650022,1.4747474747474747
PM3_P3_network,P3,2121129191,200,False,PD_classic,9.0,5.0,1.0,0.0,False,0.0,0.5,100,15,30,0.1,20000,0.7999999999999999,0.0,0.19999999999999998,0.0,0.0,0.0,0.0,0.4080160606995939,0.002763957987838585,1.0839997025607775,4.114012816894719,3.4892678448671024,4.82,4.82,97.3978330804362,0.0,False,True,7.153272700316907e-15,0,fragmented,1024,1510,2.94921875,25.72581622678397,0.002882911779081134,0.12811032933427496,0.020712430825958927,0.9835778775490108,0.9835778775490108,1.3563218390804597
PM3_P3_network,P3,686818433,200,False,PD_classic,9.0,5.0,1.0,0.0,False,0.0,0.5,100,15,30,0.1,20000,0.7999999999999999,0.0,0.19999999999999998,0.0,0.0,0.0,0.0,0.2848635843939643,0.002406159769008662,1.0865567272558676,4.261819111425,3.6300066982484887,4.42,4.42,93.79498688669611,0.0,False,True,7.153272700316907e-15,0,fragmented,1024,1510,2.94921875,25.385171065493648,0.002882911779081134,0.14629755769191768,0.020550349468941385,0.9694230457451761,0.9694230457451761,1.264367816091954
PM3_P3_network,P3,744720527,200,False,PD_classic,9.0,5.0,1.0,0.0,False,0.0,0.5,100,15,30,0.1,20000,0.7999999999999999,0.0,0.19999999999999998,0.0,0.0,0.0,0.0,0.3148927600625754,0.003203416978109984,1.0878052723215137,4.231248359383502,3.5929858036348756,4.55,4.55,95.33018656470432,0.0,False,True,7.153272700316907e-15,0,fragmented,1024,1510,2.94921875,25.893880742913,0.002882911779081134,0.1399992169640479,0.021047901237534708,0.9828744676676322,0.9828744676676322,1.1914893617021276
PM3_P3_network,P3,381425458,200,False,PD_classic,9.0,5.0,1.0,0.0,False,0.0,0.5,100,15,30,0.1,20000,0.7999999999999999,0.0,0.19999999999999998,0.0,0.0,0.0,0.0,0.538280945743062,0.005359535506922733,1.0858391721364524,4.202318748418732,3.575890692884607,4.73,4.73,93.51612608497025,0.0,False,True,7.153272700316907e-15,0,fragmented,1024,1510,2.94921875,25.210312805474096,0.002882911779081134,0.14113566741277134,0.020271512818912554,0.9810581426609418,0.9810581426609418,1.2815533980582525
PM3_P3_network,P3,1620985466,200,False,PD_classic,9.0,5.0,1.0,0.0,False,0.0,0.5,100,15,30,0.1,20000,0.7999999999999999,0.0,0.19999999999999998,0.0,0.0,0.0,0.0,0.3697122293539904,0.004584819154355578,1.0913394341285607,4.2320104591828605,3.600719800880489,4.87,4.87,94.16119885139987,0.0,False,True,7.153272700316907e-15,0,fragmented,1024,1510,2.94921875,25.94117302052786,0.002882911779081134,0.1711051157051785,0.020626699311744757,0.9864114235836902,0.9864114235836902,1.3793103448275863
PM3_P3_network,P3,1669164794,200,False,PD_classic,9.0,5.0,1.0,0.0,False,0.0,0.5,100,15,30,0.1,20000,0.7999999999999999,0.0,0.19999999999999998,0.0,0.0,0.0,0.0,0.3886984426905548,0.003560528992878942,1.0930818359034076,4.188745679496761,3.5665016908347806,4.61,4.61,86.80873614102255,0.0,False,True,7.153272700316907e-15,0,fragmented,1024,1510,2.94921875,25.596852394916912,0.002882911779081134,0.11571036413234588,0.020411774597658947,0.9537275193168037,0.9537275193168037,1.4634146341463414
PM3_P3_network,P3,798359651,200,False,PD_classic,9.0,5.0,1.0,0.0,False,0.0,0.5,100,15,30,0.1,20000,0.7999999999999999,0.0,0.19999999999999998,0.0,0.0,0.0,0.0,0.40310368301443955,0.004430379746835443,1.0895654881903452,4.321842636299241,3.6688573538529994,4.89,4.89,89.03480931246084,0.0,False,True,7.153272700316907e-15,0,fragmented,1024,1510,2.94921875,25.36996089931574,0.002882911779081134,0.14280181479220427,0.020576710433751727,0.9822970359991481,0.9822970359991481,1.2857142857142858
PM3_P3_network,P3,126337246,200,False,PD_classic,9.0,5.0,1.0,0.0,False,0.0,0.5,100,15,30,0.1,20000,0.7999999999999999,0.0,0.19999999999999998,0.0,0.0,0.0,0.0,0.29298961966419523,0.002175805047867711,1.0827112427810326,4.274410689916548,3.6360708004894464,4.77,4.77,91.03274693362185,0.0,False,True,7.153272700316907e-15,0,fragmented,1024,1510,2.94921875,25.502316715542523,0.002882911779081134,0.12188790889841442,0.02046492245740339,0.9886275685648442,0.9886275685648442,1.4782608695652173
PM3_P3_network,P3,317149051,200,False,PD_classic,9.0,5.0,1.0,0.0,False,0.0,0.5,100,15,30,0.1,20000,0.7999999999999999,0.0,0.19999999999999998,0.0,0.0,0.0,0.0,0.37029710196362864,0.0033291718684977114,1.100628965472893,4.216508781247782,3.6027748781406084,4.58,4.58,83.96546197909834,0.0,False,True,7.153272700316907e-15,0,fragmented,1024,1510,2.94921875,25.344418377321603,0.002882911779081134,0.11735323838257146,0.020421221653079975,0.988401096358425,0.988401096358425,1.3877551020408163
PM3_P3_network,P3,433399445,200,False,PD_classic,9.0,5.0,1.0,0.0,False,0.0,0.5,100,15,30,0.1,20000,0.7999999999999999,0.0,0.19999999999999998,0.0,0.0,0.0,0.0,0.3334894767229427,0.001918649270913277,1.086083731796181,4.092012301457287,3.496929995788337,4.67,4.67,90.9200185319475,0.0,False,True,7.153272700316907e-15,0,fragmented,1024,1510,2.94921875,25.717996089931574,0.002882911779081134,0.13471860670552965,0.02095950205570321,0.9790637492661233,0.9790637492661233,1.36
PM3_P3_network,P3,2121129191,200,False,PD_classic,9.0,5.0,1.0,0.0,False,0.0,0.5,100,15,30,0.1,20000,0.7999999999999999,0.0,0.19999999999999998,0.0,0.0,0.0,0.0,0.43083031764936414,0.0038797284190106693,1.0987695631289716,4.181883587863105,3.5746035526882003,5.345,5.35,67.88073143186782,0.005,False,True,7.153272700316907e-15,0,connected,1024,1908,3.7265625,22.59355816226784,0.0036427785923753664,0.11047973273294646,0.017992639075600707,0.9646143167346826,0.9646143167346826,1.3932584269662922
PM3_P3_network,P3,686818433,200,False,PD_classic,9.0,5.0,1.0,0.0,False,0.0,0.5,100,15,30,0.1,20000,0.7999999999999999,0.0,0.19999999999999998,0.0,0.0,0.0,0.0,0.3841075511933926,0.002807411566535654,1.1082711180245046,4.270783200284166,3.63189187053474,4.89,4.89,72.86591091288064,0.0,False,True,7.153272700316907e-15,0,connected,1024,1908,3.7265625,22.68184750733138,0.0036427785923753664,0.09964303509625747,0.018069511990485933,0.9882376577853746,0.9882376577853746,1.2592592592592593
PM3_P3_network,P3,744720527,200,False,PD_classic,9.0,5.0,1.0,0.0,False,0.0,0.5,100,15,30,0.1,20000,0.7999999999999999,0.0,0.19999999999999998,0.0,0.0,0.0,0.0,0.42863834575195964,0.002874743326488706,1.1129535956451038,4.18367906754685,3.5664478169133345,5.43,5.43,75.26687314639584,0.0,False,True,7.153272700316907e-15,0,connected,1024,1908,3.7265625,22.703020527859238,0.0036427785923753664,0.12093742773809137,0.01794714488128238,0.9604298614721402,0.9604298614721402,1.4606741573033708
PM3_P3_network,P3,381425458,200,False,PD_classic,9.0,5.0,1.0,0.0,False,0.0,0.5,100,15,30,0.1,20000,0.7999999999999999,0.0,0.19999999999999998,0.0,0.0,0.0,0.0,0.30368452212868824,0.0029955067398901645,1.1117395084197554,4.374945928741958,3.715712308474846,5.12,5.12,71.76264065620124,0.0,False,True,7.153272700316907e-15,0,connected,1024,1908,3.7265625,22.678748778103618,0.0036427785923753664,0.13822503935242955,0.018021477160341432,0.988359841194765,0.988359841194765,1.2857142857142858
PM3_P3_network,P3,1620985466,200,False,PD_classic,9.0,5.0,1.0,0.0,False,0.0,0.5,100,15,30,0.1,20000,0.7999999999999999,0.0,0.19999999999999998,0.0,0.0,0.0,0.0,0.2969090249154501,0.004342431761786601,1.1163269872264854,4.263189963344777,3.6306546917632136,5.28,5.28,71.22278256361169,0.0,False,True,7.153272700316907e-15,0,connected,1024,1908,3.7265625,22.67199413489736,0.0036427785923753664,0.12368217976172854,0.0179617143068763,0.9787525412997808,0.9787525412997808,1.3670886075949367
PM3_P3_network,P3,1669164794,200,False,PD_classic,9.0,5.0,1.0,0.0,False,0.0,0.5,100,15,30,0.1,20000,0.7999999999999999,0.0,0.19999999999999998,0.0,0.0,0.0,0.0,0.41530330554447425,0.00473186119873817,1.0997911108298024,4.249229215296205,3.6129790931817807,5.28,5.28,80.45541143760838,0.0,False,True,7.153272700316907e-15,0,connected,1024,1908,3.7265625,22.803567937438906,0.0036427785923753664,0.10968823393764451,0.01816697713236461,0.9767199417627497,0.9767199417627497,1.4505494505494505
PM3_P3_network,P3,798359651,200,False,PD_classic,9.0,5.0,1.0,0.0,False,0.0,0.5,100,15,30,0.1,20000,0.7999999999999999,0.0,0.19999999999999998,0.0,0.0,0.0,0.0,0.34234213915598677,0.005927682276229994,1.1042809328266314,4.168340256081486,3.552448934824232,5.27,5.27,68.88586384302467,0.0,False,True,7.153272700316907e-15,0,connected,1024,1908,3.7265625,22.631104594330402,0.0036427785923753664,0.11857835447202564,0.018059028131474114,0.9806014824980434,0.9806014824980434,1.1627906976744187
PM3_P3_network,P3,126337246,200,False,PD_classic,9.0,5.0,1.0,0.0,False,0.0,0.5,100,15,30,0.1,20000,0.7999999999999999,0.0,0.19999999999999998,0.0,0.0,0.0,0.0,0.4135074145385348,0.0026553372278279343,1.1135161660393837,4.206800610987228,3.588143721997661,5.16,5.16,71.38683080808083,0.0,False,True,7.153272700316907e-15,0,connected,1024,1908,3.7265625,22.548924731182797,0.0036427785923753664,0.16618649848249925,0.01789874390068063,0.9595303460446032,0.9595303460446032,1.2941176470588236
PM3_P3_network,P3,317149051,200,False,PD_classic,9.0,5.0,1.0,0.0,False,0.0,0.5,100,15,30,0.1,20000,0.7999999999999999,0.0,0.19999999999999998,0.0,0.0,0.0,0.0,0.21680214280547377,0.0023228803716608595,1.1142608019713485,4.179546985912421,3.557153852117282,5.06,5.06,70.64802502911641,0.0,False,True,7.153272700316907e-15,0,connected,1024,1908,3.7265625,22.740224828934505,0.0036427785923753664,0.1081279941882244,0.01813791674198908,0.9852259912600573,0.9852259912600573,1.3
PM3_P3_network,P3,433399445,200,False,PD_classic,9.0,5.0,1.0,0.0,False,0.0,0.5,100,15,30,0.1,20000,0.7999999999999999,0.0,0.19999999999999998,0.0,0.0,0.0,0.0,0.2877332010248697,0.002581311306143521,1.0962838189046737,4.252315329009906,3.621109026988861,5.2,5.2,76.12435723998225,0.0,False,True,7.153272700316907e-15,0,connected,1024,1908,3.7265625,22.742160312805474,0.0036427785923753664,0.12431349120426402,0.018135708630557842,0.973004524598356,0.973004524598356,1.1954022988505748
PM3_P3_network,P3,2121129191,200,False,PD_classic,9.0,5.0,1.0,0.0,False,0.0,0.5,100,50,30,0.1,20000,0.7999999999999999,0.0,0.19999999999999998,0.0,0.0,0.0,0.0,0.2713648009701576,0.00424929178470255,1.1061673539326498,4.1747919068015875,3.5548677547068523,5.79,5.79,69.17668581418583,0.0,False,True,7.153272700316907e-15,0,baseline,1024,1888,3.6875,23.17564027370479,0.003604594330400782,0.10896384010298515,0.01845320591177862,0.9539798174902823,0.9539798174902823,1.2911392405063291
PM3_P3_network,P3,686818433,200,False,PD_classic,9.0,5.0,1.0,0.0,False,0.0,0.5,100,50,30,0.1,20000,0.7999999999999999,0.0,0.19999999999999998,0.0,0.0,0.0,0.0,0.39771745313566864,0.0034587116299178555,1.1025740675754823,4.150490363058402,3.5470957664907163,5.35,5.35,78.08247851978815,0.0,False,True,7.153272700316907e-15,0,baseline,1024,1888,3.6875,23.17564027370479,0.003604594330400782,0.10896384010298515,0.01845320591177862,0.9900670161644302,0.9900670161644302,1.4782608695652173
PM3_P3_network,P3,744720527,200,False,PD_classic,9.0,5.0,1.0,0.0,False,0.0,0.5,100,50,30,0.1,20000,0.7999999999999999,0.0,0.19999999999999998,0.0,0.0,0.0,0.0,0.3910768686099555,0.003929273084479371,1.0996757964761203,4.26329335115991,3.6305698402231545,5.08,5.08,72.14434722222224,0.0,False,True,7.153272700316907e-15,0,baseline,1024,1888,3.6875,23.17564027370479,0.003604594330400782,0.10896384010298515,0.01845320591177862,0.9838758354841317,0.9838758354841317,1.2112676056338028
PM3_P3_network,P3,381425458,200,False,PD_classic,9.0,5.0,1.0,0.0,False,0.0,0.5,100,50,30,0.1,20000,0.7999999999999999,0.0,0.19999999999999998,0.0,0.0,0.0,0.0,0.5253180625940104,0.0037672666387609877,1.0825664875393273,4.0508326817965985,3.4571794429451455,5.08,5.08,72.98361742424242,0.0,False,True,7.153272700316907e-15,0,baseline,1024,1888,3.6875,23.17564027370479,0.003604594330400782,0.10896384010298515,0.01845320591177862,0.9847858110716947,0.9847858110716947,1.4157303370786516
PM3_P3_network,P3,1620985466,200,False,PD_classic,9.0,5.0,1.0,0.0,False,0.0,0.5,100,50,30,0.1,20000,0.7999999999999999,0.0,0.19999999999999998,0.0,0.0,0.0,0.0,0.429200541195462,0.004634994206257242,1.1147645671676836,4.159407592020341,3.5504789870498086,5.09,5.09,70.94230826118324,0.0,False,True,7.153272700316907e-15,0,baseline,1024,1888,3.6875,23.17564027370479,0.003604594330400782,0.10896384010298515,0.01845320591177862,0.984782062248966,0.984782062248966,1.2127659574468086
PM3_P3_network,P3,1669164794,200,False,PD_classic,9.0,5.0,1.0,0.0,False,0.0,0.5,100,50,30,0.1,20000,0.7999999999999999,0.0,0.19999999999999998,0.0,0.0,0.0,0.0,0.34970556526767366,0.005239030779305829,1.1156635111418083,4.177850562035757,3.5529144292002584,5.19,5.19,74.75163000265043,0.0,False,True,7.153272700316907e-15,0,baseline,1024,1888,3.6875,23.17564027370479,0.003604594330400782,0.10896384010298515,0.01845320591177862,0.9650189116777751,0.9650189116777751,1.15
PM3_P3_network,P3,798359651,200,False,PD_classic,9.0,5.0,1.0,0.0,False,0.0,0.5,100,50,30,0.1,20000,0.7999999999999999,0.0,0.19999999999999998,0.0,0.0,0.0,0.0,0.30983266561423684,0.003970223325062035,1.085021133060343,4.04444441766011,3.4495854659817646,5.18,5.18,80.12560529922338,0.0,False,True,7.153272700316907e-15,0,baseline,1024,1888,3.6875,23.17564027370479,0.003604594330400782,0.10896384010298515,0.01845320591177862,0.9748892969944735,0.9748892969944735,1.1428571428571428
PM3_P3_network,P3,126337246,200,False,PD_classic,9.0,5.0,1.0,0.0,False,0.0,0.5,100,50,30,0.1,20000,0.7999999999999999,0.0,0.19999999999999998,0.0,0.0,0.0,0.0,0.32661941731949257,0.0021447721179624667,1.0999909989342564,4.245541897367939,3.6164317176812033,5.26,5.26,72.77444949494951,0.0,False,True,7.153272700316907e-15,0,baseline,1024,1888,3.6875,23.17564027370479,0.003604594330400782,0.10896384010298515,0.01845320591177862,0.9910167342056413,0.9910167342056413,1.2307692307692308
PM3_P3_network,P3,317149051,200,False,PD_classic,9.0,5.0,1.0,0.0,False,0.0,0.5,100,50,30,0.1,20000,0.7999999999999999,0.0,0.19999999999999998,0.0,0.0,0.0,0.0,0.3242541054131106,0.00510677808727948,1.1170259084557796,4.25201475745766,3.615468798269463,5.17,5.17,69.63075296108292,0.0,False,True,7.153272700316907e-15,0,baseline,1024,1888,3.6875,23.17564027370479,0.003604594330400782,0.10896384010298515,0.01845320591177862,0.9827280964752174,0.9827280964752174,1.5116279069767442
PM3_P3_network,P3,433399445,200,False,PD_classic,9.0,5.0,1.0,0.0,False,0.0,0.5,100,50,30,0.1,20000,0.7999999999999999,0.0,0.19999999999999998,0.0,0.0,0.0,0.0,0.36084985869661074,0.00449162923642303,1.0945113621902196,4.22281402217091,3.597153490174772,5.42,5.42,72.02998389110888,0.0,False,True,7.153272700316907e-15,0,baseline,1024,1888,3.6875,23.17564027370479,0.003604594330400782,0.10896384010298515,0.01845320591177862,0.9820960763650022,0.9820960763650022,1.4747474747474747
PM3_P3_network,P3,2121129191,200,False,PD_classic,9.0,5.0,1.0,0.0,False,0.0,0.5,100,50,30,0.1,20000,0.7999999999999999,0.0,0.19999999999999998,0.0,0.0,0.0,0.0,0.4080160606995939,0.002763957987838585,1.0839997025607775,4.114012816894719,3.4892678448671024,4.82,4.82,97.3978330804362,0.0,False,True,7.153272700316907e-15,0,fragmented,1024,1510,2.94921875,25.72581622678397,0.002882911779081134,0.12811032933427496,0.020712430825958927,0.9835778775490108,0.9835778775490108,1.3563218390804597
PM3_P3_network,P3,686818433,200,False,PD_classic,9.0,5.0,1.0,0.0,False,0.0,0.5,100,50,30,0.1,20000,0.7999999999999999,0.0,0.19999999999999998,0.0,0.0,0.0,0.0,0.2848635843939643,0.002406159769008662,1.0865567272558676,4.261819111425,3.6300066982484887,4.42,4.42,93.79498688669611,0.0,False,True,7.153272700316907e-15,0,fragmented,1024,1510,2.94921875,25.385171065493648,0.002882911779081134,0.14629755769191768,0.020550349468941385,0.9694230457451761,0.9694230457451761,1.264367816091954
PM3_P3_network,P3,744720527,200,False,PD_classic,9.0,5.0,1.0,0.0,False,0.0,0.5,100,50,30,0.1,20000,0.7999999999999999,0.0,0.19999999999999998,0.0,0.0,0.0,0.0,0.3148927600625754,0.003203416978109984,1.0878052723215137,4.231248359383502,3.5929858036348756,4.55,4.55,95.33018656470432,0.0,False,True,7.153272700316907e-15,0,fragmented,1024,1510,2.94921875,25.893880742913,0.002882911779081134,0.1399992169640479,0.021047901237534708,0.9828744676676322,0.9828744676676322,1.1914893617021276
PM3_P3_network,P3,381425458,200,False,PD_classic,9.0,5.0,1.0,0.0,False,0.0,0.5,100,50,30,0.1,20000,0.7999999999999999,0.0,0.19999999999999998,0.0,0.0,0.0,0.0,0.538280945743062,0.005359535506922733,1.0858391721364524,4.202318748418732,3.575890692884607,4.73,4.73,93.51612608497025,0.0,False,True,7.153272700316907e-15,0,fragmented,1024,1510,2.94921875,25.210312805474096,0.002882911779081134,0.14113566741277134,0.020271512818912554,0.9810581426609418,0.9810581426609418,1.2815533980582525
PM3_P3_network,P3,1620985466,200,False,PD_classic,9.0,5.0,1.0,0.0,False,0.0,0.5,100,50,30,0.1,20000,0.7999999999999999,0.0,0.19999999999999998,0.0,0.0,0.0,0.0,0.3697122293539904,0.004584819154355578,1.0913394341285607,4.2320104591828605,3.600719800880489,4.87,4.87,94.16119885139987,0.0,False,True,7.153272700316907e-15,0,fragmented,1024,1510,2.94921875,25.94117302052786,0.002882911779081134,0.1711051157051785,0.020626699311744757,0.9864114235836902,0.9864114235836902,1.3793103448275863
PM3_P3_network,P3,1669164794,200,False,PD_classic,9.0,5.0,1.0,0.0,False,0.0,0.5,100,50,30,0.1,20000,0.7999999999999999,0.0,0.19999999999999998,0.0,0.0,0.0,0.0,0.3886984426905548,0.003560528992878942,1.0930818359034076,4.188745679496761,3.5665016908347806,4.61,4.61,86.80873614102255,0.0,False,True,7.153272700316907e-15,0,fragmented,1024,1510,2.94921875,25.596852394916912,0.002882911779081134,0.11571036413234588,0.020411774597658947,0.9537275193168037,0.9537275193168037,1.4634146341463414
PM3_P3_network,P3,798359651,200,False,PD_classic,9.0,5.0,1.0,0.0,False,0.0,0.5,100,50,30,0.1,20000,0.7999999999999999,0.0,0.19999999999999998,0.0,0.0,0.0,0.0,0.40310368301443955,0.004430379746835443,1.0895654881903452,4.321842636299241,3.6688573538529994,4.89,4.89,89.03480931246084,0.0,False,True,7.153272700316907e-15,0,fragmented,1024,1510,2.94921875,25.36996089931574,0.002882911779081134,0.14280181479220427,0.020576710433751727,0.9822970359991481,0.9822970359991481,1.2857142857142858
PM3_P3_network,P3,317149051,200,False,PD_classic,9.0,5.0,1.0,0.0,False,0.0,0.5,100,50,30,0.1,20000,0.7999999999999999,0.0,0.19999999999999998,0.0,0.0,0.0,0.0,0.37029710196362864,0.0033291718684977114,1.100628965472893,4.216508781247782,3.6027748781406084,4.58,4.58,83.96546197909834,0.0,False,True,7.153272700316907e-15,0,fragmented,1024,1510,2.94921875,25.344418377321603,0.002882911779081134,0.11735323838257146,0.020421221653079975,0.988401096358425,0.988401096358425,1.3877551020408163
PM3_P3_network,P3,126337246,200,False,PD_classic,9.0,5.0,1.0,0.0,False,0.0,0.5,100,50,30,0.1,20000,0.7999999999999999,0.0,0.19999999999999998,0.0,0.0,0.0,0.0,0.29298961966419523,0.002175805047867711,1.0827112427810326,4.274410689916548,3.6360708004894464,4.77,4.77,91.03274693362185,0.0,False,True,7.153272700316907e-15,0,fragmented,1024,1510,2.94921875,25.502316715542523,0.002882911779081134,0.12188790889841442,0.02046492245740339,0.9886275685648442,0.9886275685648442,1.4782608695652173
PM3_P3_network,P3,433399445,200,False,PD_classic,9.0,5.0,1.0,0.0,False,0.0,0.5,100,50,30,0.1,20000,0.7999999999999999,0.0,0.19999999999999998,0.0,0.0,0.0,0.0,0.3334894767229427,0.001918649270913277,1.086083731796181,4.092012301457287,3.496929995788337,4.67,4.67,90.9200185319475,0.0,False,True,7.153272700316907e-15,0,fragmented,1024,1510,2.94921875,25.717996089931574,0.002882911779081134,0.13471860670552965,0.02095950205570321,0.9790637492661233,0.9790637492661233,1.36
PM3_P3_network,P3,2121129191,200,False,PD_classic,9.0,5.0,1.0,0.0,False,0.0,0.5,100,50,30,0.1,20000,0.7999999999999999,0.0,0.19999999999999998,0.0,0.0,0.0,0.0,0.43083031764936414,0.0038797284190106693,1.0987695631289716,4.181883587863105,3.5746035526882003,5.35,5.35,67.88073143186782,0.0,False,True,7.153272700316907e-15,0,connected,1024,1908,3.7265625,22.59355816226784,0.0036427785923753664,0.11047973273294646,0.017992639075600707,0.9646143167346826,0.9646143167346826,1.3932584269662922
PM3_P3_network,P3,686818433,200,False,PD_classic,9.0,5.0,1.0,0.0,False,0.0,0.5,100,50,30,0.1,20000,0.7999999999999999,0.0,0.19999999999999998,0.0,0.0,0.0,0.0,0.3841075511933926,0.002807411566535654,1.1082711180245046,4.270783200284166,3.63189187053474,4.89,4.89,72.86591091288064,0.0,False,True,7.153272700316907e-15,0,connected,1024,1908,3.7265625,22.68184750733138,0.0036427785923753664,0.09964303509625747,0.018069511990485933,0.9882376577853746,0.9882376577853746,1.2592592592592593
PM3_P3_network,P3,744720527,200,False,PD_classic,9.0,5.0,1.0,0.0,False,0.0,0.5,100,50,30,0.1,20000,0.7999999999999999,0.0,0.19999999999999998,0.0,0.0,0.0,0.0,0.42863834575195964,0.002874743326488706,1.1129535956451038,4.18367906754685,3.5664478169133345,5.43,5.43,75.26687314639584,0.0,False,True,7.153272700316907e-15,0,connected,1024,1908,3.7265625,22.703020527859238,0.0036427785923753664,0.12093742773809137,0.01794714488128238,0.9604298614721402,0.9604298614721402,1.4606741573033708
PM3_P3_network,P3,381425458,200,False,PD_classic,9.0,5.0,1.0,0.0,False,0.0,0.5,100,50,30,0.1,20000,0.7999999999999999,0.0,0.19999999999999998,0.0,0.0,0.0,0.0,0.30368452212868824,0.0029955067398901645,1.1117395084197554,4.374945928741958,3.715712308474846,5.12,5.12,71.76264065620124,0.0,False,True,7.153272700316907e-15,0,connected,1024,1908,3.7265625,22.678748778103618,0.0036427785923753664,0.13822503935242955,0.018021477160341432,0.988359841194765,0.988359841194765,1.2857142857142858
PM3_P3_network,P3,1620985466,200,False,PD_classic,9.0,5.0,1.0,0.0,False,0.0,0.5,100,50,30,0.1,20000,0.7999999999999999,0.0,0.19999999999999998,0.0,0.0,0.0,0.0,0.2969090249154501,0.004342431761786601,1.1163269872264854,4.263189963344777,3.6306546917632136,5.28,5.28,71.22278256361169,0.0,False,True,7.153272700316907e-15,0,connected,1024,1908,3.7265625,22.67199413489736,0.0036427785923753664,0.12368217976172854,0.0179617143068763,0.9787525412997808,0.9787525412997808,1.3670886075949367
PM3_P3_network,P3,1669164794,200,False,PD_classic,9.0,5.0,1.0,0.0,False,0.0,0.5,100,50,30,0.1,20000,0.7999999999999999,0.0,0.19999999999999998,0.0,0.0,0.0,0.0,0.41530330554447425,0.00473186119873817,1.0997911108298024,4.249229215296205,3.6129790931817807,5.28,5.28,80.45541143760838,0.0,False,True,7.153272700316907e-15,0,connected,1024,1908,3.7265625,22.803567937438906,0.0036427785923753664,0.10968823393764451,0.01816697713236461,0.9767199417627497,0.9767199417627497,1.4505494505494505
PM3_P3_network,P3,798359651,200,False,PD_classic,9.0,5.0,1.0,0.0,False,0.0,0.5,100,50,30,0.1,20000,0.7999999999999999,0.0,0.19999999999999998,0.0,0.0,0.0,0.0,0.34234213915598677,0.005927682276229994,1.1042809328266314,4.168340256081486,3.552448934824232,5.27,5.27,68.88586384302467,0.0,False,True,7.153272700316907e-15,0,connected,1024,1908,3.7265625,22.631104594330402,0.0036427785923753664,0.11857835447202564,0.018059028131474114,0.9806014824980434,0.9806014824980434,1.1627906976744187
PM3_P3_network,P3,126337246,200,False,PD_classic,9.0,5.0,1.0,0.0,False,0.0,0.5,100,50,30,0.1,20000,0.7999999999999999,0.0,0.19999999999999998,0.0,0.0,0.0,0.0,0.4135074145385348,0.0026553372278279343,1.1135161660393837,4.206800610987228,3.588143721997661,5.16,5.16,71.38683080808083,0.0,False,True,7.153272700316907e-15,0,connected,1024,1908,3.7265625,22.548924731182797,0.0036427785923753664,0.16618649848249925,0.01789874390068063,0.9595303460446032,0.9595303460446032,1.2941176470588236
PM3_P3_network,P3,317149051,200,False,PD_classic,9.0,5.0,1.0,0.0,False,0.0,0.5,100,50,30,0.1,20000,0.7999999999999999,0.0,0.19999999999999998,0.0,0.0,0.0,0.0,0.21680214280547377,0.0023228803716608595,1.1142608019713485,4.179546985912421,3.557153852117282,5.06,5.06,70.64802502911641,0.0,False,True,7.153272700316907e-15,0,connected,1024,1908,3.7265625,22.740224828934505,0.0036427785923753664,0.1081279941882244,0.01813791674198908,0.9852259912600573,0.9852259912600573,1.3
PM3_P3_network,P3,433399445,200,False,PD_classic,9.0,5.0,1.0,0.0,False,0.0,0.5,100,50,30,0.1,20000,0.7999999999999999,0.0,0.19999999999999998,0.0,0.0,0.0,0.0,0.2877332010248697,0.002581311306143521,1.0962838189046737,4.252315329009906,3.621109026988861,5.2,5.2,76.12435723998225,0.0,False,True,7.153272700316907e-15,0,connected,1024,1908,3.7265625,22.742160312805474,0.0036427785923753664,0.12431349120426402,0.018135708630557842,0.973004524598356,0.973004524598356,1.1954022988505748
PM3_P3_network,P3,2121129191,200,False,PD_classic,9.0,5.0,1.0,0.0,False,0.0,0.5,100,150,30,0.1,20000,0.7999999999999999,0.0,0.19999999999999998,0.0,0.0,0.0,0.0,0.2713648009701576,0.00424929178470255,1.1061673539326498,4.1747919068015875,3.5548677547068523,5.79,5.79,69.17668581418583,0.0,False,True,7.153272700316907e-15,0,baseline,1024,1888,3.6875,23.17564027370479,0.003604594330400782,0.10896384010298515,0.01845320591177862,0.9539798174902823,0.9539798174902823,1.2911392405063291
PM3_P3_network,P3,686818433,200,False,PD_classic,9.0,5.0,1.0,0.0,False,0.0,0.5,100,150,30,0.1,20000,0.7999999999999999,0.0,0.19999999999999998,0.0,0.0,0.0,0.0,0.39771745313566864,0.0034587116299178555,1.1025740675754823,4.150490363058402,3.5470957664907163,5.35,5.35,78.08247851978815,0.0,False,True,7.153272700316907e-15,0,baseline,1024,1888,3.6875,23.17564027370479,0.003604594330400782,0.10896384010298515,0.01845320591177862,0.9900670161644302,0.9900670161644302,1.4782608695652173
PM3_P3_network,P3,744720527,200,False,PD_classic,9.0,5.0,1.0,0.0,False,0.0,0.5,100,150,30,0.1,20000,0.7999999999999999,0.0,0.19999999999999998,0.0,0.0,0.0,0.0,0.3910768686099555,0.003929273084479371,1.0996757964761203,4.26329335115991,3.6305698402231545,5.08,5.08,72.14434722222224,0.0,False,True,7.153272700316907e-15,0,baseline,1024,1888,3.6875,23.17564027370479,0.003604594330400782,0.10896384010298515,0.01845320591177862,0.9838758354841317,0.9838758354841317,1.2112676056338028
PM3_P3_network,P3,381425458,200,False,PD_classic,9.0,5.0,1.0,0.0,False,0.0,0.5,100,150,30,0.1,20000,0.7999999999999999,0.0,0.19999999999999998,0.0,0.0,0.0,0.0,0.5253180625940104,0.0037672666387609877,1.0825664875393273,4.0508326817965985,3.4571794429451455,5.08,5.08,72.98361742424242,0.0,False,True,7.153272700316907e-15,0,baseline,1024,1888,3.6875,23.17564027370479,0.003604594330400782,0.10896384010298515,0.01845320591177862,0.9847858110716947,0.9847858110716947,1.4157303370786516
PM3_P3_network,P3,1620985466,200,False,PD_classic,9.0,5.0,1.0,0.0,False,0.0,0.5,100,150,30,0.1,20000,0.7999999999999999,0.0,0.19999999999999998,0.0,0.0,0.0,0.0,0.429200541195462,0.004634994206257242,1.1147645671676836,4.159407592020341,3.5504789870498086,5.09,5.09,70.94230826118324,0.0,False,True,7.153272700316907e-15,0,baseline,1024,1888,3.6875,23.17564027370479,0.003604594330400782,0.10896384010298515,0.01845320591177862,0.984782062248966,0.984782062248966,1.2127659574468086
PM3_P3_network,P3,1669164794,200,False,PD_classic,9.0,5.0,1.0,0.0,False,0.0,0.5,100,150,30,0.1,20000,0.7999999999999999,0.0,0.19999999999999998,0.0,0.0,0.0,0.0,0.34970556526767366,0.005239030779305829,1.1156635111418083,4.177850562035757,3.5529144292002584,5.19,5.19,74.75163000265043,0.0,False,True,7.153272700316907e-15,0,baseline,1024,1888,3.6875,23.17564027370479,0.003604594330400782,0.10896384010298515,0.01845320591177862,0.9650189116777751,0.9650189116777751,1.15
PM3_P3_network,P3,798359651,200,False,PD_classic,9.0,5.0,1.0,0.0,False,0.0,0.5,100,150,30,0.1,20000,0.7999999999999999,0.0,0.19999999999999998,0.0,0.0,0.0,0.0,0.30983266561423684,0.003970223325062035,1.085021133060343,4.04444441766011,3.4495854659817646,5.18,5.18,80.12560529922338,0.0,False,True,7.153272700316907e-15,0,baseline,1024,1888,3.6875,23.17564027370479,0.003604594330400782,0.10896384010298515,0.01845320591177862,0.9748892969944735,0.9748892969944735,1.1428571428571428
PM3_P3_network,P3,126337246,200,False,PD_classic,9.0,5.0,1.0,0.0,False,0.0,0.5,100,150,30,0.1,20000,0.7999999999999999,0.0,0.19999999999999998,0.0,0.0,0.0,0.0,0.32661941731949257,0.0021447721179624667,1.0999909989342564,4.245541897367939,3.6164317176812033,5.26,5.26,72.77444949494951,0.0,False,True,7.153272700316907e-15,0,baseline,1024,1888,3.6875,23.17564027370479,0.003604594330400782,0.10896384010298515,0.01845320591177862,0.9910167342056413,0.9910167342056413,1.2307692307692308
PM3_P3_network,P3,317149051,200,False,PD_classic,9.0,5.0,1.0,0.0,False,0.0,0.5,100,150,30,0.1,20000,0.7999999999999999,0.0,0.19999999999999998,0.0,0.0,0.0,0.0,0.3242541054131106,0.00510677808727948,1.1170259084557796,4.25201475745766,3.615468798269463,5.17,5.17,69.63075296108292,0.0,False,True,7.153272700316907e-15,0,baseline,1024,1888,3.6875,23.17564027370479,0.003604594330400782,0.10896384010298515,0.01845320591177862,0.9827280964752174,0.9827280964752174,1.5116279069767442
PM3_P3_network,P3,433399445,200,False,PD_classic,9.0,5.0,1.0,0.0,False,0.0,0.5,100,150,30,0.1,20000,0.7999999999999999,0.0,0.19999999999999998,0.0,0.0,0.0,0.0,0.36084985869661074,0.00449162923642303,1.0945113621902196,4.22281402217091,3.597153490174772,5.42,5.42,72.02998389110888,0.0,False,True,7.153272700316907e-15,0,baseline,1024,1888,3.6875,23.17564027370479,0.003604594330400782,0.10896384010298515,0.01845320591177862,0.9820960763650022,0.9820960763650022,1.4747474747474747
PM3_P3_network,P3,2121129191,200,False,PD_classic,9.0,5.0,1.0,0.0,False,0.0,0.5,100,150,30,0.1,20000,0.7999999999999999,0.0,0.19999999999999998,0.0,0.0,0.0,0.0,0.4080160606995939,0.002763957987838585,1.0839997025607775,4.114012816894719,3.4892678448671024,4.82,4.82,97.3978330804362,0.0,False,True,7.153272700316907e-15,0,fragmented,1024,1510,2.94921875,25.72581622678397,0.002882911779081134,0.12811032933427496,0.020712430825958927,0.9835778775490108,0.9835778775490108,1.3563218390804597
PM3_P3_network,P3,686818433,200,False,PD_classic,9.0,5.0,1.0,0.0,False,0.0,0.5,100,150,30,0.1,20000,0.7999999999999999,0.0,0.19999999999999998,0.0,0.0,0.0,0.0,0.2848635843939643,0.002406159769008662,1.0865567272558676,4.261819111425,3.6300066982484887,4.42,4.42,93.79498688669611,0.0,False,True,7.153272700316907e-15,0,fragmented,1024,1510,2.94921875,25.385171065493648,0.002882911779081134,0.14629755769191768,0.020550349468941385,0.9694230457451761,0.9694230457451761,1.264367816091954
PM3_P3_network,P3,744720527,200,False,PD_classic,9.0,5.0,1.0,0.0,False,0.0,0.5,100,150,30,0.1,20000,0.7999999999999999,0.0,0.19999999999999998,0.0,0.0,0.0,0.0,0.3148927600625754,0.003203416978109984,1.0878052723215137,4.231248359383502,3.5929858036348756,4.55,4.55,95.33018656470432,0.0,False,True,7.153272700316907e-15,0,fragmented,1024,1510,2.94921875,25.893880742913,0.002882911779081134,0.1399992169640479,0.021047901237534708,0.9828744676676322,0.9828744676676322,1.1914893617021276
PM3_P3_network,P3,381425458,200,False,PD_classic,9.0,5.0,1.0,0.0,False,0.0,0.5,100,150,30,0.1,20000,0.7999999999999999,0.0,0.19999999999999998,0.0,0.0,0.0,0.0,0.538280945743062,0.005359535506922733,1.0858391721364524,4.202318748418732,3.575890692884607,4.73,4.73,93.51612608497025,0.0,False,True,7.153272700316907e-15,0,fragmented,1024,1510,2.94921875,25.210312805474096,0.002882911779081134,0.14113566741277134,0.020271512818912554,0.9810581426609418,0.9810581426609418,1.2815533980582525
PM3_P3_network,P3,1620985466,200,False,PD_classic,9.0,5.0,1.0,0.0,False,0.0,0.5,100,150,30,0.1,20000,0.7999999999999999,0.0,0.19999999999999998,0.0,0.0,0.0,0.0,0.3697122293539904,0.004584819154355578,1.0913394341285607,4.2320104591828605,3.600719800880489,4.87,4.87,94.16119885139987,0.0,False,True,7.153272700316907e-15,0,fragmented,1024,1510,2.94921875,25.94117302052786,0.002882911779081134,0.1711051157051785,0.020626699311744757,0.9864114235836902,0.9864114235836902,1.3793103448275863
PM3_P3_network,P3,1669164794,200,False,PD_classic,9.0,5.0,1.0,0.0,False,0.0,0.5,100,150,30,0.1,20000,0.7999999999999999,0.0,0.19999999999999998,0.0,0.0,0.0,0.0,0.3886984426905548,0.003560528992878942,1.0930818359034076,4.188745679496761,3.5665016908347806,4.61,4.61,86.80873614102255,0.0,False,True,7.153272700316907e-15,0,fragmented,1024,1510,2.94921875,25.596852394916912,0.002882911779081134,0.11571036413234588,0.020411774597658947,0.9537275193168037,0.9537275193168037,1.4634146341463414
PM3_P3_network,P3,126337246,200,False,PD_classic,9.0,5.0,1.0,0.0,False,0.0,0.5,100,150,30,0.1,20000,0.7999999999999999,0.0,0.19999999999999998,0.0,0.0,0.0,0.0,0.29298961966419523,0.002175805047867711,1.0827112427810326,4.274410689916548,3.6360708004894464,4.77,4.77,91.03274693362185,0.0,False,True,7.153272700316907e-15,0,fragmented,1024,1510,2.94921875,25.502316715542523,0.002882911779081134,0.12188790889841442,0.02046492245740339,0.9886275685648442,0.9886275685648442,1.4782608695652173
PM3_P3_network,P3,798359651,200,False,PD_classic,9.0,5.0,1.0,0.0,False,0.0,0.5,100,150,30,0.1,20000,0.7999999999999999,0.0,0.19999999999999998,0.0,0.0,0.0,0.0,0.40310368301443955,0.004430379746835443,1.0895654881903452,4.321842636299241,3.6688573538529994,4.89,4.89,89.03480931246084,0.0,False,True,7.153272700316907e-15,0,fragmented,1024,1510,2.94921875,25.36996089931574,0.002882911779081134,0.14280181479220427,0.020576710433751727,0.9822970359991481,0.9822970359991481,1.2857142857142858
PM3_P3_network,P3,317149051,200,False,PD_classic,9.0,5.0,1.0,0.0,False,0.0,0.5,100,150,30,0.1,20000,0.7999999999999999,0.0,0.19999999999999998,0.0,0.0,0.0,0.0,0.37029710196362864,0.0033291718684977114,1.100628965472893,4.216508781247782,3.6027748781406084,4.58,4.58,83.96546197909834,0.0,False,True,7.153272700316907e-15,0,fragmented,1024,1510,2.94921875,25.344418377321603,0.002882911779081134,0.11735323838257146,0.020421221653079975,0.988401096358425,0.988401096358425,1.3877551020408163
PM3_P3_network,P3,433399445,200,False,PD_classic,9.0,5.0,1.0,0.0,False,0.0,0.5,100,150,30,0.1,20000,0.7999999999999999,0.0,0.19999999999999998,0.0,0.0,0.0,0.0,0.3334894767229427,0.001918649270913277,1.086083731796181,4.092012301457287,3.496929995788337,4.67,4.67,90.9200185319475,0.0,False,True,7.153272700316907e-15,0,fragmented,1024,1510,2.94921875,25.717996089931574,0.002882911779081134,0.13471860670552965,0.02095950205570321,0.9790637492661233,0.9790637492661233,1.36
PM3_P3_network,P3,2121129191,200,False,PD_classic,9.0,5.0,1.0,0.0,False,0.0,0.5,100,150,30,0.1,20000,0.7999999999999999,0.0,0.19999999999999998,0.0,0.0,0.0,0.0,0.43083031764936414,0.0038797284190106693,1.0987695631289716,4.181883587863105,3.5746035526882003,5.35,5.35,67.88073143186782,0.0,False,True,7.153272700316907e-15,0,connected,1024,1908,3.7265625,22.59355816226784,0.0036427785923753664,0.11047973273294646,0.017992639075600707,0.9646143167346826,0.9646143167346826,1.3932584269662922
PM3_P3_network,P3,686818433,200,False,PD_classic,9.0,5.0,1.0,0.0,False,0.0,0.5,100,150,30,0.1,20000,0.7999999999999999,0.0,0.19999999999999998,0.0,0.0,0.0,0.0,0.3841075511933926,0.002807411566535654,1.1082711180245046,4.270783200284166,3.63189187053474,4.89,4.89,72.86591091288064,0.0,False,True,7.153272700316907e-15,0,connected,1024,1908,3.7265625,22.68184750733138,0.0036427785923753664,0.09964303509625747,0.018069511990485933,0.9882376577853746,0.9882376577853746,1.2592592592592593
PM3_P3_network,P3,744720527,200,False,PD_classic,9.0,5.0,1.0,0.0,False,0.0,0.5,100,150,30,0.1,20000,0.7999999999999999,0.0,0.19999999999999998,0.0,0.0,0.0,0.0,0.42863834575195964,0.002874743326488706,1.1129535956451038,4.18367906754685,3.5664478169133345,5.43,5.43,75.26687314639584,0.0,False,True,7.153272700316907e-15,0,connected,1024,1908,3.7265625,22.703020527859238,0.0036427785923753664,0.12093742773809137,0.01794714488128238,0.9604298614721402,0.9604298614721402,1.4606741573033708
PM3_P3_network,P3,381425458,200,False,PD_classic,9.0,5.0,1.0,0.0,False,0.0,0.5,100,150,30,0.1,20000,0.7999999999999999,0.0,0.19999999999999998,0.0,0.0,0.0,0.0,0.30368452212868824,0.0029955067398901645,1.1117395084197554,4.374945928741958,3.715712308474846,5.12,5.12,71.76264065620124,0.0,False,True,7.153272700316907e-15,0,connected,1024,1908,3.7265625,22.678748778103618,0.0036427785923753664,0.13822503935242955,0.018021477160341432,0.988359841194765,0.988359841194765,1.2857142857142858
PM3_P3_network,P3,1620985466,200,False,PD_classic,9.0,5.0,1.0,0.0,False,0.0,0.5,100,150,30,0.1,20000,0.7999999999999999,0.0,0.19999999999999998,0.0,0.0,0.0,0.0,0.2969090249154501,0.004342431761786601,1.1163269872264854,4.263189963344777,3.6306546917632136,5.28,5.28,71.22278256361169,0.0,False,True,7.153272700316907e-15,0,connected,1024,1908,3.7265625,22.67199413489736,0.0036427785923753664,0.12368217976172854,0.0179617143068763,0.9787525412997808,0.9787525412997808,1.3670886075949367
PM3_P3_network,P3,1669164794,200,False,PD_classic,9.0,5.0,1.0,0.0,False,0.0,0.5,100,150,30,0.1,20000,0.7999999999999999,0.0,0.19999999999999998,0.0,0.0,0.0,0.0,0.41530330554447425,0.00473186119873817,1.0997911108298024,4.249229215296205,3.6129790931817807,5.28,5.28,80.45541143760838,0.0,False,True,7.153272700316907e-15,0,connected,1024,1908,3.7265625,22.803567937438906,0.0036427785923753664,0.10968823393764451,0.01816697713236461,0.9767199417627497,0.9767199417627497,1.4505494505494505
PM3_P3_network,P3,798359651,200,False,PD_classic,9.0,5.0,1.0,0.0,False,0.0,0.5,100,150,30,0.1,20000,0.7999999999999999,0.0,0.19999999999999998,0.0,0.0,0.0,0.0,0.34234213915598677,0.005927682276229994,1.1042809328266314,4.168340256081486,3.552448934824232,5.27,5.27,68.88586384302467,0.0,False,True,7.153272700316907e-15,0,connected,1024,1908,3.7265625,22.631104594330402,0.0036427785923753664,0.11857835447202564,0.018059028131474114,0.9806014824980434,0.9806014824980434,1.1627906976744187
PM3_P3_network,P3,126337246,200,False,PD_classic,9.0,5.0,1.0,0.0,False,0.0,0.5,100,150,30,0.1,20000,0.7999999999999999,0.0,0.19999999999999998,0.0,0.0,0.0,0.0,0.4135074145385348,0.0026553372278279343,1.1135161660393837,4.206800610987228,3.588143721997661,5.16,5.16,71.38683080808083,0.0,False,True,7.153272700316907e-15,0,connected,1024,1908,3.7265625,22.548924731182797,0.0036427785923753664,0.16618649848249925,0.01789874390068063,0.9595303460446032,0.9595303460446032,1.2941176470588236
PM3_P3_network,P3,317149051,200,False,PD_classic,9.0,5.0,1.0,0.0,False,0.0,0.5,100,150,30,0.1,20000,0.7999999999999999,0.0,0.19999999999999998,0.0,0.0,0.0,0.0,0.21680214280547377,0.0023228803716608595,1.1142608019713485,4.179546985912421,3.557153852117282,5.06,5.06,70.64802502911641,0.0,False,True,7.153272700316907e-15,0,connected,1024,1908,3.7265625,22.740224828934505,0.0036427785923753664,0.1081279941882244,0.01813791674198908,0.9852259912600573,0.9852259912600573,1.3
PM3_P3_network,P3,433399445,200,False,PD_classic,9.0,5.0,1.0,0.0,False,0.0,0.5,100,150,30,0.1,20000,0.7999999999999999,0.0,0.19999999999999998,0.0,0.0,0.0,0.0,0.2877332010248697,0.002581311306143521,1.0962838189046737,4.252315329009906,3.621109026988861,5.2,5.2,76.12435723998225,0.0,False,True,7.153272700316907e-15,0,connected,1024,1908,3.7265625,22.742160312805474,0.0036427785923753664,0.12431349120426402,0.018135708630557842,0.973004524598356,0.973004524598356,1.1954022988505748
PM4_heatmap,heatmap,2121129191,200,False,PD_classic,9.0,5.0,1.0,0.0,True,0.01,0.5,100,0,30,0.1,20000,0.060999999999999985,0.06549999999999999,0.5555000000000001,0.10049999999999999,0.09299999999999999,0.08349999999999999,0.040999999999999995,0.7771774847402397,0.031203007518796993,2.1586139556210484,3.0600441279247277,2.8101559502031885,4.99,4.99,72.59988095238094,0.0,False,False,0.06127212721272484,945,baseline,1024,1888,3.6875,23.17564027370479,0.003604594330400782,0.10896384010298515,0.01845320591177862,0.9682497562981801,0.9682497562981801,1.4680851063829787
PM4_heatmap,heatmap,2121129191,200,False,PD_classic,9.0,5.0,1.0,0.0,True,0.01,0.5,100,0,30,0.1,20000,0.03849999999999999,0.05950000000000001,0.6345,0.08149999999999999,0.087,0.07799999999999999,0.020999999999999998,0.7532723450200127,0.015549076773566569,2.31955351013676,3.8763202696715746,2.801621487456079,4.91,4.91,81.86925253257746,0.0,False,False,0.28690969096909513,1004,fragmented,1024,1510,2.94921875,25.72581622678397,0.002882911779081134,0.12811032933427496,0.020712430825958927,0.9914043661652097,0.9914043661652097,1.2093023255813953
PM4_heatmap,heatmap,2121129191,200,False,PD_classic,9.0,5.0,1.0,0.0,True,0.01,0.5,100,0,30,0.1,20000,0.06749999999999999,0.0605,0.567,0.09199999999999998,0.06699999999999999,0.0695,0.07649999999999998,0.7931276255474187,0.05402363534046145,2.433762466490643,3.9550521781411416,3.0322416691259444,5.07,5.07,78.45071749238416,0.0,False,False,0.2008340834083426,1048,connected,1024,1908,3.7265625,22.59355816226784,0.0036427785923753664,0.11047973273294646,0.017992639075600707,0.9839348356580218,0.9839348356580218,1.4246575342465753
