variant_name,seed,network_variant,col,row,total_games,share_repeat_remembered,share_repeat_ever,last_window_share_remembered,last_window_share_ever
PM4_heatmap,2121129191,baseline,3,0,170,0.9941176470588236,0.9941176470588236,-1.0,-1.0
PM4_heatmap,2121129191,baseline,4,0,76,1.0,1.0,-1.0,-1.0
PM4_heatmap,2121129191,baseline,5,0,57,1.0,1.0,-1.0,-1.0
PM4_heatmap,2121129191,baseline,7,0,7,1.0,1.0,-1.0,-1.0
PM4_heatmap,2121129191,baseline,8,0,63,1.0,1.0,-1.0,-1.0
PM4_heatmap,2121129191,baseline,22,0,68,1.0,1.0,1.0,1.0
PM4_heatmap,2121129191,baseline,23,0,16,1.0,1.0,1.0,1.0
PM4_heatmap,2121129191,baseline,29,0,1,1.0,1.0,-1.0,-1.0
PM4_heatmap,2121129191,baseline,30,0,110,0.8909090909090909,0.8909090909090909,-1.0,-1.0
PM4_heatmap,2121129191,baseline,31,0,6,1.0,1.0,-1.0,-1.0
PM4_heatmap,2121129191,baseline,32,0,92,1.0,1.0,-1.0,-1.0
PM4_heatmap,2121129191,baseline,33,0,87,1.0,1.0,-1.0,-1.0
PM4_heatmap,2121129191,baseline,34,0,210,1.0,1.0,1.0,1.0
PM4_heatmap,2121129191,baseline,35,0,167,1.0,1.0,1.0,1.0
PM4_heatmap,2121129191,baseline,37,0,6,0.8333333333333334,0.8333333333333334,-1.0,-1.0
PM4_heatmap,2121129191,baseline,38,0,73,0.9863013698630136,0.9863013698630136,-1.0,-1.0
PM4_heatmap,2121129191,baseline,39,0,5,1.0,1.0,-1.0,-1.0
PM4_heatmap,2121129191,baseline,42,0,19,1.0,1.0,-1.0,-1.0
PM4_heatmap,2121129191,baseline,43,0,49,1.0,1.0,-1.0,-1.0
PM4_heatmap,2121129191,baseline,2,1,60,1.0,1.0,-1.0,-1.0
PM4_heatmap,2121129191,baseline,3,1,123,0.991869918699187,0.991869918699187,-1.0,-1.0
PM4_heatmap,2121129191,baseline,5,1,19,1.0,1.0,-1.0,-1.0
PM4_heatmap,2121129191,baseline,8,1,22,0.9545454545454546,0.9545454545454546,-1.0,-1.0
PM4_heatmap,2121129191,baseline,9,1,16,1.0,1.0,-1.0,-1.0
PM4_heatmap,2121129191,baseline,19,1,5,1.0,1.0,-1.0,-1.0
PM4_heatmap,2121129191,baseline,21,1,1,1.0,1.0,-1.0,-1.0
PM4_heatmap,2121129191,baseline,22,1,2,1.0,1.0,-1.0,-1.0
PM4_heatmap,2121129191,baseline,26,1,13,1.0,1.0,-1.0,-1.0
PM4_heatmap,2121129191,baseline,27,1,142,1.0,1.0,-1.0,-1.0
PM4_heatmap,2121129191,baseline,30,1,267,0.9850187265917603,0.9850187265917603,-1.0,-1.0
PM4_heatmap,2121129191,baseline,32,1,31,1.0,1.0,-1.0,-1.0
PM4_heatmap,2121129191,baseline,33,1,13,1.0,1.0,-1.0,-1.0
PM4_heatmap,2121129191,baseline,35,1,216,0.9907407407407407,0.9907407407407407,1.0,1.0
PM4_heatmap,2121129191,baseline,38,1,56,0.9642857142857143,0.9642857142857143,-1.0,-1.0
PM4_heatmap,2121129191,baseline,39,1,96,0.9583333333333334,0.9583333333333334,-1.0,-1.0
PM4_heatmap,2121129191,baseline,40,1,4,1.0,1.0,-1.0,-1.0
PM4_heatmap,2121129191,baseline,43,1,4,1.0,1.0,-1.0,-1.0
PM4_heatmap,2121129191,baseline,2,2,18,0.9444444444444444,0.9444444444444444,-1.0,-1.0
PM4_heatmap,2121129191,baseline,3,2,148,0.9797297297297297,0.9797297297297297,0.9782608695652174,0.9782608695652174
PM4_heatmap,2121129191,baseline,4,2,119,0.9747899159663865,0.9747899159663865,0.9583333333333334,0.9583333333333334
PM4_heatmap,2121129191,baseline,5,2,25,1.0,1.0,-1.0,-1.0
PM4_heatmap,2121129191,baseline,7,2,6,0.8333333333333334,0.8333333333333334,-1.0,-1.0
PM4_heatmap,2121129191,baseline,8,2,123,1.0,1.0,-1.0,-1.0
PM4_heatmap,2121129191,baseline,9,2,24,1.0,1.0,-1.0,-1.0
PM4_heatmap,2121129191,baseline,10,2,77,1.0,1.0,-1.0,-1.0
PM4_heatmap,2121129191,baseline,11,2,105,0.9809523809523809,0.9809523809523809,-1.0,-1.0
PM4_heatmap,2121129191,baseline,17,2,7,0.8571428571428571,0.8571428571428571,-1.0,-1.0
PM4_heatmap,2121129191,baseline,18,2,11,0.9090909090909091,0.9090909090909091,-1.0,-1.0
PM4_heatmap,2121129191,baseline,19,2,95,0.9894736842105263,0.9894736842105263,-1.0,-1.0
PM4_heatmap,2121129191,baseline,20,2,25,0.92,0.92,-1.0,-1.0
PM4_heatmap,2121129191,baseline,21,2,24,0.9583333333333334,0.9583333333333334,-1.0,-1.0
PM4_heatmap,2121129191,baseline,22,2,3,1.0,1.0,-1.0,-1.0
PM4_heatmap,2121129191,baseline,27,2,61,1.0,1.0,-1.0,-1.0
PM4_heatmap,2121129191,baseline,28,2,27,0.9629629629629629,0.9629629629629629,-1.0,-1.0
PM4_heatmap,2121129191,baseline,29,2,195,0.9948717948717949,0.9948717948717949,-1.0,-1.0
PM4_heatmap,2121129191,baseline,30,2,310,1.0,1.0,-1.0,-1.0
PM4_heatmap,2121129191,baseline,31,2,84,1.0,1.0,-1.0,-1.0
PM4_heatmap,2121129191,baseline,32,2,46,1.0,1.0,-1.0,-1.0
PM4_heatmap,2121129191,baseline,33,2,18,1.0,1.0,-1.0,-1.0
PM4_heatmap,2121129191,baseline,35,2,74,0.972972972972973,0.972972972972973,1.0,1.0
PM4_heatmap,2121129191,baseline,36,2,10,1.0,1.0,-1.0,-1.0
PM4_heatmap,2121129191,baseline,37,2,98,0.9795918367346939,0.9795918367346939,-1.0,-1.0
PM4_heatmap,2121129191,baseline,39,2,55,1.0,1.0,-1.0,-1.0
PM4_heatmap,2121129191,baseline,40,2,112,1.0,1.0,-1.0,-1.0
PM4_heatmap,2121129191,baseline,3,3,51,0.9803921568627451,0.9803921568627451,-1.0,-1.0
PM4_heatmap,2121129191,baseline,4,3,14,1.0,1.0,-1.0,-1.0
PM4_heatmap,2121129191,baseline,8,3,3,1.0,1.0,-1.0,-1.0
PM4_heatmap,2121129191,baseline,11,3,102,0.9803921568627451,0.9803921568627451,-1.0,-1.0
PM4_heatmap,2121129191,baseline,12,3,88,0.9886363636363636,0.9886363636363636,-1.0,-1.0
PM4_heatmap,2121129191,baseline,22,3,38,0.9736842105263158,0.9736842105263158,-1.0,-1.0
PM4_heatmap,2121129191,baseline,23,3,21,0.9523809523809523,0.9523809523809523,-1.0,-1.0
PM4_heatmap,2121129191,baseline,25,3,78,0.9743589743589743,0.9743589743589743,-1.0,-1.0
PM4_heatmap,2121129191,baseline,26,3,41,0.9512195121951219,0.9512195121951219,-1.0,-1.0
PM4_heatmap,2121129191,baseline,28,3,122,0.9672131147540983,0.9672131147540983,-1.0,-1.0
PM4_heatmap,2121129191,baseline,30,3,24,0.9583333333333334,0.9583333333333334,-1.0,-1.0
PM4_heatmap,2121129191,baseline,31,3,18,1.0,1.0,-1.0,-1.0
PM4_heatmap,2121129191,baseline,35,3,2,1.0,1.0,-1.0,-1.0
PM4_heatmap,2121129191,baseline,36,3,22,0.9545454545454546,0.9545454545454546,-1.0,-1.0
PM4_heatmap,2121129191,baseline,39,3,102,1.0,1.0,-1.0,-1.0
PM4_heatmap,2121129191,baseline,41,3,5,1.0,1.0,-1.0,-1.0
PM4_heatmap,2121129191,baseline,42,3,90,0.9888888888888889,0.9888888888888889,-1.0,-1.0
PM4_heatmap,2121129191,baseline,43,3,33,1.0,1.0,-1.0,-1.0
PM4_heatmap,2121129191,baseline,3,4,3,0.6666666666666666,0.6666666666666666,-1.0,-1.0
PM4_heatmap,2121129191,baseline,5,4,2,0.5,0.5,-1.0,-1.0
PM4_heatmap,2121129191,baseline,6,4,48,0.9791666666666666,0.9791666666666666,-1.0,-1.0
PM4_heatmap,2121129191,baseline,7,4,14,0.9285714285714286,0.9285714285714286,-1.0,-1.0
PM4_heatmap,2121129191,baseline,11,4,18,0.9444444444444444,0.9444444444444444,-1.0,-1.0
PM4_heatmap,2121129191,baseline,21,4,36,1.0,1.0,-1.0,-1.0
PM4_heatmap,2121129191,baseline,22,4,10,1.0,1.0,-1.0,-1.0
PM4_heatmap,2121129191,baseline,25,4,93,1.0,1.0,-1.0,-1.0
PM4_heatmap,2121129191,baseline,28,4,147,0.9795918367346939,0.9795918367346939,-1.0,-1.0
PM4_heatmap,2121129191,baseline,30,4,63,0.9841269841269841,0.9841269841269841,-1.0,-1.0
PM4_heatmap,2121129191,baseline,31,4,35,0.9714285714285714,0.9714285714285714,-1.0,-1.0
PM4_heatmap,2121129191,baseline,35,4,2,1.0,1.0,-1.0,-1.0
PM4_heatmap,2121129191,baseline,36,4,18,0.9444444444444444,0.9444444444444444,-1.0,-1.0
PM4_heatmap,2121129191,baseline,39,4,7,1.0,1.0,-1.0,-1.0
PM4_heatmap,2121129191,baseline,40,4,60,0.9666666666666667,0.9666666666666667,-1.0,-1.0
PM4_heatmap,2121129191,baseline,41,4,31,0.967741935483871,0.967741935483871,-1.0,-1.0
PM4_heatmap,2121129191,baseline,45,4,2,1.0,1.0,-1.0,-1.0
PM4_heatmap,2121129191,baseline,46,4,5,0.8,0.8,-1.0,-1.0
PM4_heatmap,2121129191,baseline,3,5,117,0.9829059829059829,0.9829059829059829,-1.0,-1.0
PM4_heatmap,2121129191,baseline,5,5,16,0.9375,0.9375,-1.0,-1.0
PM4_heatmap,2121129191,baseline,6,5,14,1.0,1.0,-1.0,-1.0
PM4_heatmap,2121129191,baseline,10,5,10,0.9,0.9,-1.0,-1.0
PM4_heatmap,2121129191,baseline,11,5,32,0.96875,0.96875,0.96875,0.96875
PM4_heatmap,2121129191,baseline,12,5,42,0.9761904761904762,0.9761904761904762,0.9761904761904762,0.9761904761904762
PM4_heatmap,2121129191,baseline,21,5,44,1.0,1.0,-1.0,-1.0
PM4_heatmap,2121129191,baseline,22,5,146,1.0,1.0,1.0,1.0
PM4_heatmap,2121129191,baseline,23,5,18,1.0,1.0,-1.0,-1.0
PM4_heatmap,2121129191,baseline,25,5,76,1.0,1.0,-1.0,-1.0
PM4_heatmap,2121129191,baseline,26,5,60,0.9666666666666667,0.9666666666666667,-1.0,-1.0
PM4_heatmap,2121129191,baseline,28,5,102,1.0,1.0,1.0,1.0
PM4_heatmap,2121129191,baseline,29,5,2,0.5,0.5,-1.0,-1.0
PM4_heatmap,2121129191,baseline,30,5,41,1.0,1.0,-1.0,-1.0
PM4_heatmap,2121129191,baseline,31,5,44,0.9772727272727273,0.9772727272727273,-1.0,-1.0
PM4_heatmap,2121129191,baseline,33,5,25,0.96,0.96,-1.0,-1.0
PM4_heatmap,2121129191,baseline,34,5,97,0.9896907216494846,0.9896907216494846,-1.0,-1.0
PM4_heatmap,2121129191,baseline,35,5,30,1.0,1.0,-1.0,-1.0
PM4_heatmap,2121129191,baseline,36,5,32,1.0,1.0,-1.0,-1.0
PM4_heatmap,2121129191,baseline,37,5,6,1.0,1.0,-1.0,-1.0
PM4_heatmap,2121129191,baseline,38,5,56,0.9821428571428571,0.9821428571428571,-1.0,-1.0
PM4_heatmap,2121129191,baseline,39,5,4,0.75,0.75,-1.0,-1.0
PM4_heatmap,2121129191,baseline,40,5,3,0.6666666666666666,0.6666666666666666,-1.0,-1.0
PM4_heatmap,2121129191,baseline,41,5,179,0.994413407821229,0.994413407821229,1.0,1.0
PM4_heatmap,2121129191,baseline,42,5,27,0.9259259259259259,0.9259259259259259,0.8571428571428571,0.8571428571428571
PM4_heatmap,2121129191,baseline,43,5,143,0.993006993006993,0.993006993006993,0.9824561403508771,0.9824561403508771
PM4_heatmap,2121129191,baseline,46,5,7,0.8571428571428571,0.8571428571428571,-1.0,-1.0
PM4_heatmap,2121129191,baseline,3,6,128,0.9921875,0.9921875,-1.0,-1.0
PM4_heatmap,2121129191,baseline,5,6,14,1.0,1.0,-1.0,-1.0
PM4_heatmap,2121129191,baseline,9,6,2,0.5,0.5,-1.0,-1.0
PM4_heatmap,2121129191,baseline,10,6,8,1.0,1.0,-1.0,-1.0
PM4_heatmap,2121129191,baseline,18,6,15,1.0,1.0,-1.0,-1.0
PM4_heatmap,2121129191,baseline,19,6,16,0.875,0.875,-1.0,-1.0
PM4_heatmap,2121129191,baseline,22,6,68,0.9705882352941176,0.9705882352941176,-1.0,-1.0
PM4_heatmap,2121129191,baseline,25,6,84,1.0,1.0,-1.0,-1.0
PM4_heatmap,2121129191,baseline,26,6,8,0.875,0.875,-1.0,-1.0
PM4_heatmap,2121129191,baseline,27,6,65,0.9846153846153847,0.9846153846153847,-1.0,-1.0
PM4_heatmap,2121129191,baseline,28,6,69,1.0,1.0,1.0,1.0
PM4_heatmap,2121129191,baseline,29,6,247,0.9878542510121457,0.9878542510121457,0.9867549668874173,0.9867549668874173
PM4_heatmap,2121129191,baseline,30,6,41,1.0,1.0,-1.0,-1.0
PM4_heatmap,2121129191,baseline,31,6,65,1.0,1.0,-1.0,-1.0
PM4_heatmap,2121129191,baseline,33,6,89,1.0,1.0,-1.0,-1.0
PM4_heatmap,2121129191,baseline,34,6,111,0.990990990990991,0.990990990990991,-1.0,-1.0
PM4_heatmap,2121129191,baseline,35,6,4,1.0,1.0,-1.0,-1.0
PM4_heatmap,2121129191,baseline,36,6,24,1.0,1.0,-1.0,-1.0
PM4_heatmap,2121129191,baseline,38,6,21,0.9523809523809523,0.9523809523809523,-1.0,-1.0
PM4_heatmap,2121129191,baseline,41,6,180,0.9944444444444445,0.9944444444444445,0.9900990099009901,0.9900990099009901
PM4_heatmap,2121129191,baseline,42,6,18,1.0,1.0,-1.0,-1.0
PM4_heatmap,2121129191,baseline,43,6,279,0.982078853046595,0.982078853046595,0.96,0.96
PM4_heatmap,2121129191,baseline,44,6,51,1.0,1.0,1.0,1.0
PM4_heatmap,2121129191,baseline,45,6,38,0.9736842105263158,0.9736842105263158,1.0,1.0
PM4_heatmap,2121129191,baseline,46,6,220,0.990909090909091,0.990909090909091,0.9836065573770492,0.9836065573770492
PM4_heatmap,2121129191,baseline,47,6,195,1.0,1.0,-1.0,-1.0
PM4_heatmap,2121129191,baseline,48,6,200,0.995,0.995,-1.0,-1.0
PM4_heatmap,2121129191,baseline,3,7,78,0.9871794871794872,0.9871794871794872,-1.0,-1.0
PM4_heatmap,2121129191,baseline,4,7,71,0.9577464788732394,0.9577464788732394,-1.0,-1.0
PM4_heatmap,2121129191,baseline,5,7,78,0.9871794871794872,0.9871794871794872,-1.0,-1.0
PM4_heatmap,2121129191,baseline,6,7,46,1.0,1.0,-1.0,-1.0
PM4_heatmap,2121129191,baseline,19,7,15,1.0,1.0,-1.0,-1.0
PM4_heatmap,2121129191,baseline,25,7,26,1.0,1.0,-1.0,-1.0
PM4_heatmap,2121129191,baseline,28,7,165,0.9878787878787879,0.9878787878787879,0.975609756097561,0.975609756097561
PM4_heatmap,2121129191,baseline,29,7,288,0.9965277777777778,0.9965277777777778,1.0,1.0
PM4_heatmap,2121129191,baseline,30,7,16,1.0,1.0,-1.0,-1.0
PM4_heatmap,2121129191,baseline,34,7,56,0.9821428571428571,0.9821428571428571,-1.0,-1.0
PM4_heatmap,2121129191,baseline,35,7,146,0.9931506849315068,0.9931506849315068,-1.0,-1.0
PM4_heatmap,2121129191,baseline,36,7,31,0.967741935483871,0.967741935483871,-1.0,-1.0
PM4_heatmap,2121129191,baseline,37,7,7,0.8571428571428571,0.8571428571428571,-1.0,-1.0
PM4_heatmap,2121129191,baseline,38,7,49,0.9795918367346939,0.9795918367346939,-1.0,-1.0
PM4_heatmap,2121129191,baseline,41,7,141,0.9858156028368794,0.9858156028368794,1.0,1.0
PM4_heatmap,2121129191,baseline,42,7,405,0.9851851851851852,0.9851851851851852,1.0,1.0
PM4_heatmap,2121129191,baseline,43,7,150,0.9733333333333334,0.9733333333333334,-1.0,-1.0
PM4_heatmap,2121129191,baseline,44,7,208,0.9951923076923077,0.9951923076923077,1.0,1.0
PM4_heatmap,2121129191,baseline,45,7,56,0.9821428571428571,0.9821428571428571,0.0,0.0
PM4_heatmap,2121129191,baseline,47,7,19,1.0,1.0,-1.0,-1.0
PM4_heatmap,2121129191,baseline,48,7,282,0.9964539007092199,0.9964539007092199,-1.0,-1.0
PM4_heatmap,2121129191,baseline,49,7,53,0.9811320754716981,0.9811320754716981,-1.0,-1.0
PM4_heatmap,2121129191,baseline,3,8,22,1.0,1.0,-1.0,-1.0
PM4_heatmap,2121129191,baseline,4,8,38,1.0,1.0,-1.0,-1.0
PM4_heatmap,2121129191,baseline,5,8,1,0.0,0.0,-1.0,-1.0
PM4_heatmap,2121129191,baseline,6,8,100,0.99,0.99,-1.0,-1.0
PM4_heatmap,2121129191,baseline,7,8,103,0.9902912621359223,0.9902912621359223,-1.0,-1.0
PM4_heatmap,2121129191,baseline,8,8,85,0.9882352941176471,0.9882352941176471,-1.0,-1.0
PM4_heatmap,2121129191,baseline,9,8,14,0.9285714285714286,0.9285714285714286,-1.0,-1.0
PM4_heatmap,2121129191,baseline,25,8,138,0.9927536231884058,0.9927536231884058,-1.0,-1.0
PM4_heatmap,2121129191,baseline,26,8,157,1.0,1.0,-1.0,-1.0
PM4_heatmap,2121129191,baseline,27,8,98,1.0,1.0,-1.0,-1.0
PM4_heatmap,2121129191,baseline,35,8,140,0.9857142857142858,0.9857142857142858,-1.0,-1.0
PM4_heatmap,2121129191,baseline,36,8,35,0.9714285714285714,0.9714285714285714,-1.0,-1.0
PM4_heatmap,2121129191,baseline,37,8,12,0.9166666666666666,0.9166666666666666,-1.0,-1.0
PM4_heatmap,2121129191,baseline,38,8,45,0.9777777777777777,0.9777777777777777,-1.0,-1.0
PM4_heatmap,2121129191,baseline,39,8,136,0.9852941176470589,0.9852941176470589,-1.0,-1.0
PM4_heatmap,2121129191,baseline,40,8,42,1.0,1.0,-1.0,-1.0
PM4_heatmap,2121129191,baseline,41,8,60,1.0,1.0,-1.0,-1.0
PM4_heatmap,2121129191,baseline,42,8,43,1.0,1.0,-1.0,-1.0
PM4_heatmap,2121129191,baseline,43,8,180,1.0,1.0,-1.0,-1.0
PM4_heatmap,2121129191,baseline,44,8,131,1.0,1.0,-1.0,-1.0
PM4_heatmap,2121129191,baseline,48,8,11,1.0,1.0,-1.0,-1.0
PM4_heatmap,2121129191,baseline,49,8,111,0.990990990990991,0.990990990990991,-1.0,-1.0
PM4_heatmap,2121129191,baseline,2,9,12,0.9166666666666666,0.9166666666666666,-1.0,-1.0
PM4_heatmap,2121129191,baseline,3,9,40,1.0,1.0,-1.0,-1.0
PM4_heatmap,2121129191,baseline,4,9,19,0.9473684210526315,0.9473684210526315,-1.0,-1.0
PM4_heatmap,2121129191,baseline,7,9,9,1.0,1.0,-1.0,-1.0
PM4_heatmap,2121129191,baseline,8,9,42,1.0,1.0,-1.0,-1.0
PM4_heatmap,2121129191,baseline,11,9,50,0.98,0.98,-1.0,-1.0
PM4_heatmap,2121129191,baseline,12,9,21,1.0,1.0,-1.0,-1.0
PM4_heatmap,2121129191,baseline,13,9,121,0.9834710743801653,0.9834710743801653,-1.0,-1.0
PM4_heatmap,2121129191,baseline,16,9,9,1.0,1.0,-1.0,-1.0
PM4_heatmap,2121129191,baseline,25,9,250,0.98,0.98,-1.0,-1.0
PM4_heatmap,2121129191,baseline,26,9,190,0.9947368421052631,0.9947368421052631,-1.0,-1.0
PM4_heatmap,2121129191,baseline,27,9,60,0.9833333333333333,0.9833333333333333,-1.0,-1.0
PM4_heatmap,2121129191,baseline,28,9,32,0.96875,0.96875,-1.0,-1.0
PM4_heatmap,2121129191,baseline,30,9,56,1.0,1.0,-1.0,-1.0
PM4_heatmap,2121129191,baseline,34,9,23,1.0,1.0,-1.0,-1.0
PM4_heatmap,2121129191,baseline,35,9,99,0.98989898989899,0.98989898989899,-1.0,-1.0
PM4_heatmap,2121129191,baseline,36,9,25,1.0,1.0,-1.0,-1.0
PM4_heatmap,2121129191,baseline,38,9,12,0.9166666666666666,0.9166666666666666,-1.0,-1.0
PM4_heatmap,2121129191,baseline,39,9,254,0.9921259842519685,0.9921259842519685,-1.0,-1.0
PM4_heatmap,2121129191,baseline,40,9,23,1.0,1.0,-1.0,-1.0
PM4_heatmap,2121129191,baseline,2,10,21,0.9523809523809523,0.9523809523809523,-1.0,-1.0
PM4_heatmap,2121129191,baseline,3,10,36,0.9722222222222222,0.9722222222222222,-1.0,-1.0
PM4_heatmap,2121129191,baseline,8,10,41,1.0,1.0,-1.0,-1.0
PM4_heatmap,2121129191,baseline,10,10,9,1.0,1.0,-1.0,-1.0
PM4_heatmap,2121129191,baseline,11,10,25,0.96,0.96,-1.0,-1.0
PM4_heatmap,2121129191,baseline,13,10,29,1.0,1.0,-1.0,-1.0
PM4_heatmap,2121129191,baseline,14,10,75,1.0,1.0,-1.0,-1.0
PM4_heatmap,2121129191,baseline,15,10,21,1.0,1.0,-1.0,-1.0
PM4_heatmap,2121129191,baseline,16,10,460,0.9847826086956522,0.9847826086956522,-1.0,-1.0
PM4_heatmap,2121129191,baseline,17,10,379,0.9841688654353562,0.9841688654353562,-1.0,-1.0
PM4_heatmap,2121129191,baseline,18,10,110,0.9818181818181818,0.9818181818181818,-1.0,-1.0
PM4_heatmap,2121129191,baseline,19,10,8,0.875,0.875,-1.0,-1.0
PM4_heatmap,2121129191,baseline,24,10,5,1.0,1.0,-1.0,-1.0
PM4_heatmap,2121129191,baseline,25,10,10,1.0,1.0,-1.0,-1.0
PM4_heatmap,2121129191,baseline,26,10,124,0.967741935483871,0.967741935483871,-1.0,-1.0
PM4_heatmap,2121129191,baseline,27,10,177,0.9830508474576272,0.9830508474576272,-1.0,-1.0
PM4_heatmap,2121129191,baseline,28,10,56,0.9821428571428571,0.9821428571428571,-1.0,-1.0
PM4_heatmap,2121129191,baseline,30,10,21,1.0,1.0,-1.0,-1.0
PM4_heatmap,2121129191,baseline,31,10,1,1.0,1.0,-1.0,-1.0
PM4_heatmap,2121129191,baseline,34,10,143,0.993006993006993,0.993006993006993,-1.0,-1.0
PM4_heatmap,2121129191,baseline,35,10,78,1.0,1.0,-1.0,-1.0
PM4_heatmap,2121129191,baseline,36,10,78,1.0,1.0,-1.0,-1.0
PM4_heatmap,2121129191,baseline,37,10,85,0.9882352941176471,0.9882352941176471,-1.0,-1.0
PM4_heatmap,2121129191,baseline,38,10,22,1.0,1.0,-1.0,-1.0
PM4_heatmap,2121129191,baseline,5,11,16,1.0,1.0,-1.0,-1.0
PM4_heatmap,2121129191,baseline,6,11,11,0.9090909090909091,0.9090909090909091,-1.0,-1.0
PM4_heatmap,2121129191,baseline,9,11,4,0.75,0.75,-1.0,-1.0
PM4_heatmap,2121129191,baseline,10,11,80,1.0,1.0,-1.0,-1.0
PM4_heatmap,2121129191,baseline,14,11,4,0.75,0.75,-1.0,-1.0
PM4_heatmap,2121129191,baseline,15,11,58,0.9827586206896551,0.9827586206896551,-1.0,-1.0
PM4_heatmap,2121129191,baseline,16,11,26,0.9230769230769231,0.9230769230769231,-1.0,-1.0
PM4_heatmap,2121129191,baseline,17,11,320,0.984375,0.984375,-1.0,-1.0
PM4_heatmap,2121129191,baseline,18,11,415,0.9927710843373494,0.9927710843373494,-1.0,-1.0
PM4_heatmap,2121129191,baseline,19,11,378,0.9920634920634921,0.9920634920634921,1.0,1.0
PM4_heatmap,2121129191,baseline,20,11,197,1.0,1.0,1.0,1.0
PM4_heatmap,2121129191,baseline,21,11,52,0.9807692307692307,0.9807692307692307,1.0,1.0
PM4_heatmap,2121129191,baseline,24,11,62,0.967741935483871,0.967741935483871,-1.0,-1.0
PM4_heatmap,2121129191,baseline,25,11,97,0.9896907216494846,0.9896907216494846,-1.0,-1.0
PM4_heatmap,2121129191,baseline,26,11,61,0.9672131147540983,0.9672131147540983,-1.0,-1.0
PM4_heatmap,2121129191,baseline,27,11,81,0.9876543209876543,0.9876543209876543,-1.0,-1.0
PM4_heatmap,2121129191,baseline,30,11,13,0.9230769230769231,0.9230769230769231,-1.0,-1.0
PM4_heatmap,2121129191,baseline,31,11,47,0.9787234042553191,0.9787234042553191,-1.0,-1.0
PM4_heatmap,2121129191,baseline,34,11,56,1.0,1.0,-1.0,-1.0
PM4_heatmap,2121129191,baseline,35,11,38,1.0,1.0,-1.0,-1.0
PM4_heatmap,2121129191,baseline,42,11,40,0.95,0.95,-1.0,-1.0
PM4_heatmap,2121129191,baseline,45,11,39,0.9743589743589743,0.9743589743589743,-1.0,-1.0
PM4_heatmap,2121129191,baseline,46,11,91,0.989010989010989,0.989010989010989,-1.0,-1.0
PM4_heatmap,2121129191,baseline,47,11,102,1.0,1.0,-1.0,-1.0
PM4_heatmap,2121129191,baseline,49,11,1,0.0,0.0,-1.0,-1.0
PM4_heatmap,2121129191,baseline,2,12,43,0.9767441860465116,0.9767441860465116,-1.0,-1.0
PM4_heatmap,2121129191,baseline,5,12,23,0.9565217391304348,0.9565217391304348,-1.0,-1.0
PM4_heatmap,2121129191,baseline,6,12,103,0.9805825242718447,0.9805825242718447,-1.0,-1.0
PM4_heatmap,2121129191,baseline,7,12,16,0.9375,0.9375,-1.0,-1.0
PM4_heatmap,2121129191,baseline,10,12,5,0.8,0.8,-1.0,-1.0
PM4_heatmap,2121129191,baseline,13,12,41,0.975609756097561,0.975609756097561,-1.0,-1.0
PM4_heatmap,2121129191,baseline,16,12,28,1.0,1.0,-1.0,-1.0
PM4_heatmap,2121129191,baseline,18,12,9,0.8888888888888888,0.8888888888888888,-1.0,-1.0
PM4_heatmap,2121129191,baseline,19,12,30,0.9666666666666667,0.9666666666666667,-1.0,-1.0
PM4_heatmap,2121129191,baseline,21,12,17,0.9411764705882353,0.9411764705882353,-1.0,-1.0
PM4_heatmap,2121129191,baseline,23,12,51,0.9803921568627451,0.9803921568627451,-1.0,-1.0
PM4_heatmap,2121129191,baseline,25,12,24,0.9583333333333334,0.9583333333333334,-1.0,-1.0
PM4_heatmap,2121129191,baseline,26,12,54,0.9814814814814815,0.9814814814814815,-1.0,-1.0
PM4_heatmap,2121129191,baseline,27,12,36,0.9722222222222222,0.9722222222222222,-1.0,-1.0
PM4_heatmap,2121129191,baseline,43,12,87,0.9770114942528736,0.9770114942528736,-1.0,-1.0
PM4_heatmap,2121129191,baseline,47,12,31,0.967741935483871,0.967741935483871,-1.0,-1.0
PM4_heatmap,2121129191,baseline,49,12,61,0.9836065573770492,0.9836065573770492,-1.0,-1.0
PM4_heatmap,2121129191,baseline,1,13,25,0.96,0.96,-1.0,-1.0
PM4_heatmap,2121129191,baseline,2,13,122,1.0,1.0,-1.0,-1.0
PM4_heatmap,2121129191,baseline,6,13,30,0.9666666666666667,0.9666666666666667,-1.0,-1.0
PM4_heatmap,2121129191,baseline,7,13,9,1.0,1.0,-1.0,-1.0
PM4_heatmap,2121129191,baseline,12,13,8,1.0,1.0,-1.0,-1.0
PM4_heatmap,2121129191,baseline,13,13,151,0.9933774834437086,0.9933774834437086,-1.0,-1.0
PM4_heatmap,2121129191,baseline,14,13,56,0.9642857142857143,0.9642857142857143,-1.0,-1.0
PM4_heatmap,2121129191,baseline,15,13,24,0.9583333333333334,0.9583333333333334,-1.0,-1.0
PM4_heatmap,2121129191,baseline,16,13,54,0.9814814814814815,0.9814814814814815,-1.0,-1.0
PM4_heatmap,2121129191,baseline,17,13,61,0.9836065573770492,0.9836065573770492,-1.0,-1.0
PM4_heatmap,2121129191,baseline,18,13,104,0.9807692307692307,0.9807692307692307,-1.0,-1.0
PM4_heatmap,2121129191,baseline,19,13,64,1.0,1.0,-1.0,-1.0
PM4_heatmap,2121129191,baseline,20,13,33,0.9393939393939394,0.9393939393939394,-1.0,-1.0
PM4_heatmap,2121129191,baseline,21,13,4,1.0,1.0,-1.0,-1.0
PM4_heatmap,2121129191,baseline,23,13,9,0.8888888888888888,0.8888888888888888,-1.0,-1.0
PM4_heatmap,2121129191,baseline,26,13,6,1.0,1.0,-1.0,-1.0
PM4_heatmap,2121129191,baseline,27,13,8,1.0,1.0,-1.0,-1.0
PM4_heatmap,2121129191,baseline,38,13,7,0.8571428571428571,0.8571428571428571,-1.0,-1.0
PM4_heatmap,2121129191,baseline,39,13,86,0.9651162790697675,0.9651162790697675,-1.0,-1.0
PM4_heatmap,2121129191,baseline,40,13,37,0.972972972972973,0.972972972972973,-1.0,-1.0
PM4_heatmap,2121129191,baseline,41,13,34,0.9705882352941176,0.9705882352941176,-1.0,-1.0
PM4_heatmap,2121129191,baseline,43,13,13,1.0,1.0,-1.0,-1.0
PM4_heatmap,2121129191,baseline,45,13,63,0.9682539682539683,0.9682539682539683,-1.0,-1.0
PM4_heatmap,2121129191,baseline,46,13,22,1.0,1.0,-1.0,-1.0
PM4_heatmap,2121129191,baseline,47,13,126,0.9761904761904762,0.9761904761904762,-1.0,-1.0
PM4_heatmap,2121129191,baseline,48,13,65,0.9692307692307692,0.9692307692307692,-1.0,-1.0
PM4_heatmap,2121129191,baseline,49,13,13,1.0,1.0,-1.0,-1.0
PM4_heatmap,2121129191,baseline,4,14,23,1.0,1.0,-1.0,-1.0
PM4_heatmap,2121129191,baseline,5,14,60,1.0,1.0,-1.0,-1.0
PM4_heatmap,2121129191,baseline,17,14,14,0.9285714285714286,0.9285714285714286,-1.0,-1.0
PM4_heatmap,2121129191,baseline,18,14,15,1.0,1.0,-1.0,-1.0
PM4_heatmap,2121129191,baseline,21,14,7,0.8571428571428571,0.8571428571428571,-1.0,-1.0
PM4_heatmap,2121129191,baseline,25,14,2,1.0,1.0,-1.0,-1.0
PM4_heatmap,2121129191,baseline,26,14,15,0.9333333333333333,0.9333333333333333,-1.0,-1.0
PM4_heatmap,2121129191,baseline,29,14,15,0.9333333333333333,0.9333333333333333,-1.0,-1.0
PM4_heatmap,2121129191,baseline,30,14,59,1.0,1.0,-1.0,-1.0
PM4_heatmap,2121129191,baseline,39,14,90,1.0,1.0,-1.0,-1.0
PM4_heatmap,2121129191,baseline,40,14,156,0.9807692307692307,0.9807692307692307,-1.0,-1.0
PM4_heatmap,2121129191,baseline,41,14,98,0.9693877551020408,0.9693877551020408,-1.0,-1.0
PM4_heatmap,2121129191,baseline,42,14,51,0.9803921568627451,0.9803921568627451,-1.0,-1.0
PM4_heatmap,2121129191,baseline,46,14,49,1.0,1.0,-1.0,-1.0
PM4_heatmap,2121129191,baseline,47,14,131,0.9694656488549618,0.9694656488549618,-1.0,-1.0
PM4_heatmap,2121129191,baseline,48,14,60,0.9666666666666667,0.9666666666666667,-1.0,-1.0
PM4_heatmap,2121129191,baseline,49,14,3,1.0,1.0,-1.0,-1.0
PM4_heatmap,2121129191,baseline,0,15,46,0.9782608695652174,0.9782608695652174,-1.0,-1.0
PM4_heatmap,2121129191,baseline,5,15,137,1.0,1.0,-1.0,-1.0
PM4_heatmap,2121129191,baseline,6,15,9,1.0,1.0,-1.0,-1.0
PM4_heatmap,2121129191,baseline,24,15,17,1.0,1.0,-1.0,-1.0
PM4_heatmap,2121129191,baseline,25,15,13,0.9230769230769231,0.9230769230769231,-1.0,-1.0
PM4_heatmap,2121129191,baseline,30,15,6,0.8333333333333334,0.8333333333333334,-1.0,-1.0
PM4_heatmap,2121129191,baseline,39,15,5,1.0,1.0,-1.0,-1.0
PM4_heatmap,2121129191,baseline,40,15,31,1.0,1.0,-1.0,-1.0
PM4_heatmap,2121129191,baseline,41,15,86,0.9534883720930233,0.9534883720930233,-1.0,-1.0
PM4_heatmap,2121129191,baseline,42,15,34,0.9705882352941176,0.9705882352941176,-1.0,-1.0
PM4_heatmap,2121129191,baseline,43,15,18,1.0,1.0,-1.0,-1.0
PM4_heatmap,2121129191,baseline,44,15,3,0.6666666666666666,0.6666666666666666,-1.0,-1.0
PM4_heatmap,2121129191,baseline,46,15,4,0.75,0.75,-1.0,-1.0
PM4_heatmap,2121129191,baseline,47,15,13,1.0,1.0,-1.0,-1.0
PM4_heatmap,2121129191,baseline,0,16,18,1.0,1.0,-1.0,-1.0
PM4_heatmap,2121129191,baseline,1,16,4,0.75,0.75,-1.0,-1.0
PM4_heatmap,2121129191,baseline,5,16,12,1.0,1.0,-1.0,-1.0
PM4_heatmap,2121129191,baseline,6,16,99,0.9797979797979798,0.9797979797979798,-1.0,-1.0
PM4_heatmap,2121129191,baseline,20,16,7,1.0,1.0,1.0,1.0
PM4_heatmap,2121129191,baseline,21,16,121,1.0,1.0,1.0,1.0
PM4_heatmap,2121129191,baseline,22,16,69,1.0,1.0,-1.0,-1.0
PM4_heatmap,2121129191,baseline,24,16,80,1.0,1.0,-1.0,-1.0
PM4_heatmap,2121129191,baseline,36,16,10,0.9,0.9,-1.0,-1.0
PM4_heatmap,2121129191,baseline,40,16,8,0.875,0.875,-1.0,-1.0
PM4_heatmap,2121129191,baseline,41,16,101,0.9900990099009901,0.9900990099009901,-1.0,-1.0
PM4_heatmap,2121129191,baseline,42,16,70,0.9714285714285714,0.9714285714285714,-1.0,-1.0
PM4_heatmap,2121129191,baseline,43,16,3,1.0,1.0,-1.0,-1.0
PM4_heatmap,2121129191,baseline,44,16,50,1.0,1.0,-1.0,-1.0
PM4_heatmap,2121129191,baseline,45,16,43,0.9534883720930233,0.9534883720930233,-1.0,-1.0
PM4_heatmap,2121129191,baseline,46,16,155,1.0,1.0,-1.0,-1.0
PM4_heatmap,2121129191,baseline,2,17,52,0.9615384615384616,0.9615384615384616,-1.0,-1.0
PM4_heatmap,2121129191,baseline,19,17,104,0.9711538461538461,0.9711538461538461,-1.0,-1.0
PM4_heatmap,2121129191,baseline,20,17,69,1.0,1.0,-1.0,-1.0
PM4_heatmap,2121129191,baseline,21,17,20,1.0,1.0,-1.0,-1.0
PM4_heatmap,2121129191,baseline,22,17,42,0.9761904761904762,0.9761904761904762,1.0,1.0
PM4_heatmap,2121129191,baseline,24,17,190,0.9842105263157894,0.9842105263157894,-1.0,-1.0
PM4_heatmap,2121129191,baseline,25,17,1,0.0,0.0,-1.0,-1.0
PM4_heatmap,2121129191,baseline,28,17,15,1.0,1.0,-1.0,-1.0
PM4_heatmap,2121129191,baseline,29,17,56,0.9821428571428571,0.9821428571428571,-1.0,-1.0
PM4_heatmap,2121129191,baseline,31,17,43,0.9534883720930233,0.9534883720930233,0.9534883720930233,0.9534883720930233
PM4_heatmap,2121129191,baseline,36,17,52,0.9807692307692307,0.9807692307692307,-1.0,-1.0
PM4_heatmap,2121129191,baseline,39,17,23,0.9565217391304348,0.9565217391304348,0.9565217391304348,0.9565217391304348
PM4_heatmap,2121129191,baseline,41,17,200,1.0,1.0,-1.0,-1.0
PM4_heatmap,2121129191,baseline,42,17,78,1.0,1.0,-1.0,-1.0
PM4_heatmap,2121129191,baseline,43,17,69,1.0,1.0,-1.0,-1.0
PM4_heatmap,2121129191,baseline,46,17,298,0.9932885906040269,0.9932885906040269,-1.0,-1.0
PM4_heatmap,2121129191,baseline,47,17,48,0.9375,0.9375,-1.0,-1.0
PM4_heatmap,2121129191,baseline,48,17,24,1.0,1.0,1.0,1.0
PM4_heatmap,2121129191,baseline,49,17,63,1.0,1.0,1.0,1.0
PM4_heatmap,2121129191,baseline,19,18,281,0.9822064056939501,0.9822064056939501,-1.0,-1.0
PM4_heatmap,2121129191,baseline,20,18,120,1.0,1.0,-1.0,-1.0
PM4_heatmap,2121129191,baseline,21,18,271,0.992619926199262,0.992619926199262,-1.0,-1.0
PM4_heatmap,2121129191,baseline,22,18,71,0.9859154929577465,0.9859154929577465,1.0,1.0
PM4_heatmap,2121129191,baseline,24,18,20,0.9,0.9,-1.0,-1.0
PM4_heatmap,2121129191,baseline,29,18,15,0.9333333333333333,0.9333333333333333,-1.0,-1.0
PM4_heatmap,2121129191,baseline,31,18,21,1.0,1.0,1.0,1.0
PM4_heatmap,2121129191,baseline,39,18,34,1.0,1.0,1.0,1.0
PM4_heatmap,2121129191,baseline,40,18,14,0.9285714285714286,0.9285714285714286,0.6666666666666666,0.6666666666666666
PM4_heatmap,2121129191,baseline,41,18,329,1.0,1.0,-1.0,-1.0
PM4_heatmap,2121129191,baseline,42,18,15,1.0,1.0,-1.0,-1.0
PM4_heatmap,2121129191,baseline,43,18,12,1.0,1.0,-1.0,-1.0
PM4_heatmap,2121129191,baseline,44,18,112,1.0,1.0,-1.0,-1.0
PM4_heatmap,2121129191,baseline,45,18,50,0.98,0.98,-1.0,-1.0
PM4_heatmap,2121129191,baseline,46,18,142,0.9929577464788732,0.9929577464788732,-1.0,-1.0
PM4_heatmap,2121129191,baseline,47,18,18,0.9444444444444444,0.9444444444444444,-1.0,-1.0
PM4_heatmap,2121129191,baseline,49,18,158,1.0,1.0,1.0,1.0
PM4_heatmap,2121129191,baseline,6,19,69,1.0,1.0,-1.0,-1.0
PM4_heatmap,2121129191,baseline,11,19,64,1.0,1.0,-1.0,-1.0
PM4_heatmap,2121129191,baseline,15,19,16,0.9375,0.9375,-1.0,-1.0
PM4_heatmap,2121129191,baseline,16,19,35,0.9714285714285714,0.9714285714285714,-1.0,-1.0
PM4_heatmap,2121129191,baseline,18,19,28,0.9642857142857143,0.9642857142857143,-1.0,-1.0
PM4_heatmap,2121129191,baseline,19,19,695,0.9884892086330935,0.9884892086330935,-1.0,-1.0
PM4_heatmap,2121129191,baseline,20,19,789,0.991128010139417,0.991128010139417,1.0,1.0
PM4_heatmap,2121129191,baseline,21,19,187,0.983957219251337,0.983957219251337,-1.0,-1.0
PM4_heatmap,2121129191,baseline,22,19,153,0.9803921568627451,0.9803921568627451,-1.0,-1.0
PM4_heatmap,2121129191,baseline,28,19,14,0.9285714285714286,0.9285714285714286,-1.0,-1.0
PM4_heatmap,2121129191,baseline,29,19,37,1.0,1.0,-1.0,-1.0
PM4_heatmap,2121129191,baseline,36,19,147,0.9795918367346939,0.9795918367346939,-1.0,-1.0
PM4_heatmap,2121129191,baseline,37,19,135,0.9777777777777777,0.9777777777777777,-1.0,-1.0
PM4_heatmap,2121129191,baseline,38,19,48,0.9791666666666666,0.9791666666666666,-1.0,-1.0
PM4_heatmap,2121129191,baseline,39,19,38,0.9736842105263158,0.9736842105263158,-1.0,-1.0
PM4_heatmap,2121129191,baseline,40,19,37,0.972972972972973,0.972972972972973,-1.0,-1.0
PM4_heatmap,2121129191,baseline,41,19,494,0.9898785425101214,0.9898785425101214,1.0,1.0
PM4_heatmap,2121129191,baseline,42,19,179,0.9832402234636871,0.9832402234636871,-1.0,-1.0
PM4_heatmap,2121129191,baseline,43,19,15,0.9333333333333333,0.9333333333333333,-1.0,-1.0
PM4_heatmap,2121129191,baseline,44,19,209,0.9856459330143541,0.9856459330143541,-1.0,-1.0
PM4_heatmap,2121129191,baseline,45,19,11,1.0,1.0,-1.0,-1.0
PM4_heatmap,2121129191,baseline,47,19,165,0.9636363636363636,0.9636363636363636,-1.0,-1.0
PM4_heatmap,2121129191,baseline,48,19,65,0.9846153846153847,0.9846153846153847,1.0,1.0
PM4_heatmap,2121129191,baseline,49,19,187,1.0,1.0,1.0,1.0
PM4_heatmap,2121129191,baseline,5,20,45,1.0,1.0,1.0,1.0
PM4_heatmap,2121129191,baseline,6,20,78,1.0,1.0,-1.0,-1.0
PM4_heatmap,2121129191,baseline,8,20,19,0.9473684210526315,0.9473684210526315,-1.0,-1.0
PM4_heatmap,2121129191,baseline,11,20,251,0.9920318725099602,0.9920318725099602,-1.0,-1.0
PM4_heatmap,2121129191,baseline,12,20,16,1.0,1.0,-1.0,-1.0
PM4_heatmap,2121129191,baseline,14,20,18,1.0,1.0,-1.0,-1.0
PM4_heatmap,2121129191,baseline,15,20,78,0.9743589743589743,0.9743589743589743,-1.0,-1.0
PM4_heatmap,2121129191,baseline,16,20,129,0.9844961240310077,0.9844961240310077,-1.0,-1.0
PM4_heatmap,2121129191,baseline,19,20,213,0.9859154929577465,0.9859154929577465,-1.0,-1.0
PM4_heatmap,2121129191,baseline,20,20,384,0.9895833333333334,0.9895833333333334,1.0,1.0
PM4_heatmap,2121129191,baseline,26,20,59,1.0,1.0,1.0,1.0
PM4_heatmap,2121129191,baseline,27,20,8,1.0,1.0,1.0,1.0
PM4_heatmap,2121129191,baseline,29,20,15,0.9333333333333333,0.9333333333333333,-1.0,-1.0
PM4_heatmap,2121129191,baseline,36,20,46,0.9782608695652174,0.9782608695652174,-1.0,-1.0
PM4_heatmap,2121129191,baseline,37,20,90,0.9888888888888889,0.9888888888888889,-1.0,-1.0
PM4_heatmap,2121129191,baseline,38,20,39,1.0,1.0,-1.0,-1.0
PM4_heatmap,2121129191,baseline,41,20,241,0.991701244813278,0.991701244813278,1.0,1.0
PM4_heatmap,2121129191,baseline,42,20,172,1.0,1.0,-1.0,-1.0
PM4_heatmap,2121129191,baseline,44,20,34,0.9411764705882353,0.9411764705882353,-1.0,-1.0
PM4_heatmap,2121129191,baseline,47,20,59,0.9830508474576272,0.9830508474576272,-1.0,-1.0
PM4_heatmap,2121129191,baseline,49,20,266,0.9774436090225563,0.9774436090225563,-1.0,-1.0
PM4_heatmap,2121129191,baseline,5,21,170,0.9941176470588236,0.9941176470588236,0.987012987012987,0.987012987012987
PM4_heatmap,2121129191,baseline,6,21,168,0.9940476190476191,0.9940476190476191,0.9913793103448276,0.9913793103448276
PM4_heatmap,2121129191,baseline,7,21,37,1.0,1.0,1.0,1.0
PM4_heatmap,2121129191,baseline,8,21,35,0.9714285714285714,0.9714285714285714,1.0,1.0
PM4_heatmap,2121129191,baseline,9,21,2,1.0,1.0,-1.0,-1.0
PM4_heatmap,2121129191,baseline,10,21,60,1.0,1.0,-1.0,-1.0
PM4_heatmap,2121129191,baseline,11,21,89,0.9775280898876404,0.9775280898876404,-1.0,-1.0
PM4_heatmap,2121129191,baseline,12,21,42,0.9285714285714286,0.9285714285714286,-1.0,-1.0
PM4_heatmap,2121129191,baseline,14,21,7,1.0,1.0,-1.0,-1.0
PM4_heatmap,2121129191,baseline,15,21,15,1.0,1.0,-1.0,-1.0
PM4_heatmap,2121129191,baseline,16,21,36,1.0,1.0,-1.0,-1.0
PM4_heatmap,2121129191,baseline,19,21,72,0.9861111111111112,0.9861111111111112,-1.0,-1.0
PM4_heatmap,2121129191,baseline,20,21,134,1.0,1.0,1.0,1.0
PM4_heatmap,2121129191,baseline,22,21,52,0.9807692307692307,0.9807692307692307,-1.0,-1.0
PM4_heatmap,2121129191,baseline,23,21,14,0.9285714285714286,0.9285714285714286,-1.0,-1.0
PM4_heatmap,2121129191,baseline,26,21,19,1.0,1.0,-1.0,-1.0
PM4_heatmap,2121129191,baseline,27,21,10,1.0,1.0,1.0,1.0
PM4_heatmap,2121129191,baseline,37,21,2,1.0,1.0,-1.0,-1.0
PM4_heatmap,2121129191,baseline,38,21,23,1.0,1.0,-1.0,-1.0
PM4_heatmap,2121129191,baseline,39,21,243,0.9958847736625515,0.9958847736625515,-1.0,-1.0
PM4_heatmap,2121129191,baseline,40,21,84,1.0,1.0,-1.0,-1.0
PM4_heatmap,2121129191,baseline,41,21,58,0.9655172413793104,0.9655172413793104,-1.0,-1.0
PM4_heatmap,2121129191,baseline,42,21,100,0.99,0.99,-1.0,-1.0
PM4_heatmap,2121129191,baseline,43,21,21,0.9047619047619048,0.9047619047619048,-1.0,-1.0
PM4_heatmap,2121129191,baseline,44,21,71,1.0,1.0,-1.0,-1.0
PM4_heatmap,2121129191,baseline,46,21,122,0.9672131147540983,0.9672131147540983,-1.0,-1.0
PM4_heatmap,2121129191,baseline,47,21,343,0.9912536443148688,0.9912536443148688,-1.0,-1.0
PM4_heatmap,2121129191,baseline,48,21,260,0.9961538461538462,0.9961538461538462,-1.0,-1.0
PM4_heatmap,2121129191,baseline,49,21,348,0.9827586206896551,0.9827586206896551,-1.0,-1.0
PM4_heatmap,2121129191,baseline,6,22,37,0.972972972972973,0.972972972972973,-1.0,-1.0
PM4_heatmap,2121129191,baseline,7,22,59,0.9830508474576272,0.9830508474576272,1.0,1.0
PM4_heatmap,2121129191,baseline,8,22,138,1.0,1.0,-1.0,-1.0
PM4_heatmap,2121129191,baseline,9,22,9,0.8888888888888888,0.8888888888888888,-1.0,-1.0
PM4_heatmap,2121129191,baseline,11,22,33,0.9696969696969697,0.9696969696969697,-1.0,-1.0
PM4_heatmap,2121129191,baseline,12,22,38,1.0,1.0,-1.0,-1.0
PM4_heatmap,2121129191,baseline,13,22,58,0.9655172413793104,0.9655172413793104,-1.0,-1.0
PM4_heatmap,2121129191,baseline,16,22,64,1.0,1.0,-1.0,-1.0
PM4_heatmap,2121129191,baseline,17,22,2,1.0,1.0,-1.0,-1.0
PM4_heatmap,2121129191,baseline,18,22,37,0.918918918918919,0.918918918918919,-1.0,-1.0
PM4_heatmap,2121129191,baseline,19,22,73,0.9726027397260274,0.9726027397260274,-1.0,-1.0
PM4_heatmap,2121129191,baseline,20,22,8,1.0,1.0,-1.0,-1.0
PM4_heatmap,2121129191,baseline,23,22,18,0.9444444444444444,0.9444444444444444,-1.0,-1.0
PM4_heatmap,2121129191,baseline,24,22,96,0.9791666666666666,0.9791666666666666,-1.0,-1.0
PM4_heatmap,2121129191,baseline,25,22,11,1.0,1.0,-1.0,-1.0
PM4_heatmap,2121129191,baseline,26,22,23,1.0,1.0,-1.0,-1.0
PM4_heatmap,2121129191,baseline,37,22,94,0.9893617021276596,0.9893617021276596,-1.0,-1.0
PM4_heatmap,2121129191,baseline,39,22,52,0.9615384615384616,0.9615384615384616,-1.0,-1.0
PM4_heatmap,2121129191,baseline,40,22,248,0.9919354838709677,0.9919354838709677,-1.0,-1.0
PM4_heatmap,2121129191,baseline,41,22,44,1.0,1.0,-1.0,-1.0
PM4_heatmap,2121129191,baseline,42,22,50,0.98,0.98,-1.0,-1.0
PM4_heatmap,2121129191,baseline,44,22,142,1.0,1.0,-1.0,-1.0
PM4_heatmap,2121129191,baseline,45,22,233,0.9914163090128756,0.9914163090128756,-1.0,-1.0
PM4_heatmap,2121129191,baseline,46,22,87,0.9885057471264368,0.9885057471264368,-1.0,-1.0
PM4_heatmap,2121129191,baseline,47,22,86,1.0,1.0,-1.0,-1.0
PM4_heatmap,2121129191,baseline,48,22,132,0.9924242424242424,0.9924242424242424,-1.0,-1.0
PM4_heatmap,2121129191,baseline,49,22,182,0.9945054945054945,0.9945054945054945,-1.0,-1.0
PM4_heatmap,2121129191,baseline,3,23,9,0.8888888888888888,0.8888888888888888,-1.0,-1.0
PM4_heatmap,2121129191,baseline,6,23,5,1.0,1.0,-1.0,-1.0
PM4_heatmap,2121129191,baseline,8,23,43,0.9302325581395349,0.9302325581395349,-1.0,-1.0
PM4_heatmap,2121129191,baseline,11,23,27,0.9629629629629629,0.9629629629629629,-1.0,-1.0
PM4_heatmap,2121129191,baseline,13,23,152,0.9802631578947368,0.9802631578947368,-1.0,-1.0
PM4_heatmap,2121129191,baseline,16,23,16,0.9375,0.9375,-1.0,-1.0
PM4_heatmap,2121129191,baseline,18,23,56,0.9821428571428571,0.9821428571428571,-1.0,-1.0
PM4_heatmap,2121129191,baseline,19,23,10,1.0,1.0,-1.0,-1.0
PM4_heatmap,2121129191,baseline,21,23,15,1.0,1.0,-1.0,-1.0
PM4_heatmap,2121129191,baseline,24,23,74,0.9864864864864865,0.9864864864864865,-1.0,-1.0
PM4_heatmap,2121129191,baseline,25,23,14,1.0,1.0,-1.0,-1.0
PM4_heatmap,2121129191,baseline,27,23,27,0.9629629629629629,0.9629629629629629,-1.0,-1.0
PM4_heatmap,2121129191,baseline,28,23,10,0.9,0.9,-1.0,-1.0
PM4_heatmap,2121129191,baseline,29,23,20,1.0,1.0,-1.0,-1.0
PM4_heatmap,2121129191,baseline,37,23,179,0.9888268156424581,0.9888268156424581,-1.0,-1.0
PM4_heatmap,2121129191,baseline,38,23,66,0.9848484848484849,0.9848484848484849,-1.0,-1.0
PM4_heatmap,2121129191,baseline,39,23,15,1.0,1.0,-1.0,-1.0
PM4_heatmap,2121129191,baseline,40,23,23,0.9130434782608695,0.9130434782608695,-1.0,-1.0
PM4_heatmap,2121129191,baseline,41,23,51,0.9803921568627451,0.9803921568627451,-1.0,-1.0
PM4_heatmap,2121129191,baseline,42,23,40,0.95,0.95,-1.0,-1.0
PM4_heatmap,2121129191,baseline,46,23,1,0.0,0.0,0.0,0.0
PM4_heatmap,2121129191,baseline,47,23,59,0.9830508474576272,0.9830508474576272,0.9830508474576272,0.9830508474576272
PM4_heatmap,2121129191,baseline,49,23,185,0.9891891891891892,0.9891891891891892,-1.0,-1.0
PM4_heatmap,2121129191,baseline,3,24,3,1.0,1.0,-1.0,-1.0
PM4_heatmap,2121129191,baseline,4,24,47,0.9574468085106383,0.9574468085106383,-1.0,-1.0
PM4_heatmap,2121129191,baseline,5,24,12,1.0,1.0,-1.0,-1.0
PM4_heatmap,2121129191,baseline,7,24,4,0.75,0.75,-1.0,-1.0
PM4_heatmap,2121129191,baseline,8,24,62,0.9838709677419355,0.9838709677419355,-1.0,-1.0
PM4_heatmap,2121129191,baseline,10,24,62,1.0,1.0,-1.0,-1.0
PM4_heatmap,2121129191,baseline,11,24,153,0.9869281045751634,0.9869281045751634,-1.0,-1.0
PM4_heatmap,2121129191,baseline,12,24,140,0.9857142857142858,0.9857142857142858,-1.0,-1.0
PM4_heatmap,2121129191,baseline,13,24,85,0.9764705882352941,0.9764705882352941,-1.0,-1.0
PM4_heatmap,2121129191,baseline,14,24,41,0.9512195121951219,0.9512195121951219,0.9166666666666666,0.9166666666666666
PM4_heatmap,2121129191,baseline,15,24,255,0.9921568627450981,0.9921568627450981,0.9852941176470589,0.9852941176470589
PM4_heatmap,2121129191,baseline,16,24,118,0.9915254237288136,0.9915254237288136,-1.0,-1.0
PM4_heatmap,2121129191,baseline,17,24,14,1.0,1.0,-1.0,-1.0
PM4_heatmap,2121129191,baseline,18,24,162,0.9938271604938271,0.9938271604938271,-1.0,-1.0
PM4_heatmap,2121129191,baseline,19,24,63,0.9841269841269841,0.9841269841269841,-1.0,-1.0
PM4_heatmap,2121129191,baseline,20,24,17,0.9411764705882353,0.9411764705882353,-1.0,-1.0
PM4_heatmap,2121129191,baseline,21,24,30,0.9666666666666667,0.9666666666666667,-1.0,-1.0
PM4_heatmap,2121129191,baseline,23,24,33,1.0,1.0,-1.0,-1.0
PM4_heatmap,2121129191,baseline,24,24,3,1.0,1.0,-1.0,-1.0
PM4_heatmap,2121129191,baseline,27,24,24,1.0,1.0,-1.0,-1.0
PM4_heatmap,2121129191,baseline,28,24,31,0.9354838709677419,0.9354838709677419,-1.0,-1.0
PM4_heatmap,2121129191,baseline,29,24,34,1.0,1.0,-1.0,-1.0
PM4_heatmap,2121129191,baseline,33,24,2,0.5,0.5,-1.0,-1.0
PM4_heatmap,2121129191,baseline,37,24,8,1.0,1.0,-1.0,-1.0
PM4_heatmap,2121129191,baseline,38,24,66,1.0,1.0,-1.0,-1.0
PM4_heatmap,2121129191,baseline,39,24,111,0.990990990990991,0.990990990990991,-1.0,-1.0
PM4_heatmap,2121129191,baseline,41,24,7,0.8571428571428571,0.8571428571428571,-1.0,-1.0
PM4_heatmap,2121129191,baseline,42,24,189,0.9947089947089947,0.9947089947089947,1.0,1.0
PM4_heatmap,2121129191,baseline,49,24,43,0.9767441860465116,0.9767441860465116,-1.0,-1.0
PM4_heatmap,2121129191,baseline,2,25,98,0.9897959183673469,0.9897959183673469,-1.0,-1.0
PM4_heatmap,2121129191,baseline,3,25,73,0.9863013698630136,0.9863013698630136,-1.0,-1.0
PM4_heatmap,2121129191,baseline,5,25,7,0.8571428571428571,0.8571428571428571,-1.0,-1.0
PM4_heatmap,2121129191,baseline,10,25,5,1.0,1.0,-1.0,-1.0
PM4_heatmap,2121129191,baseline,11,25,119,1.0,1.0,-1.0,-1.0
PM4_heatmap,2121129191,baseline,12,25,6,1.0,1.0,-1.0,-1.0
PM4_heatmap,2121129191,baseline,14,25,56,0.9821428571428571,0.9821428571428571,-1.0,-1.0
PM4_heatmap,2121129191,baseline,15,25,8,1.0,1.0,-1.0,-1.0
PM4_heatmap,2121129191,baseline,16,25,25,1.0,1.0,-1.0,-1.0
PM4_heatmap,2121129191,baseline,17,25,34,1.0,1.0,-1.0,-1.0
PM4_heatmap,2121129191,baseline,18,25,195,0.9897435897435898,0.9897435897435898,-1.0,-1.0
PM4_heatmap,2121129191,baseline,19,25,40,0.975,0.975,-1.0,-1.0
PM4_heatmap,2121129191,baseline,22,25,9,0.8888888888888888,0.8888888888888888,0.8888888888888888,0.8888888888888888
PM4_heatmap,2121129191,baseline,23,25,53,0.9811320754716981,0.9811320754716981,0.9811320754716981,0.9811320754716981
PM4_heatmap,2121129191,baseline,28,25,1,1.0,1.0,-1.0,-1.0
PM4_heatmap,2121129191,baseline,33,25,169,0.9881656804733728,0.9881656804733728,-1.0,-1.0
PM4_heatmap,2121129191,baseline,34,25,11,0.8181818181818182,0.8181818181818182,-1.0,-1.0
PM4_heatmap,2121129191,baseline,38,25,54,1.0,1.0,1.0,1.0
PM4_heatmap,2121129191,baseline,39,25,127,1.0,1.0,-1.0,-1.0
PM4_heatmap,2121129191,baseline,40,25,25,1.0,1.0,-1.0,-1.0
PM4_heatmap,2121129191,baseline,42,25,87,1.0,1.0,1.0,1.0
PM4_heatmap,2121129191,baseline,0,26,5,0.8,0.8,-1.0,-1.0
PM4_heatmap,2121129191,baseline,2,26,77,1.0,1.0,-1.0,-1.0
PM4_heatmap,2121129191,baseline,14,26,4,1.0,1.0,-1.0,-1.0
PM4_heatmap,2121129191,baseline,15,26,22,0.9090909090909091,0.9090909090909091,-1.0,-1.0
PM4_heatmap,2121129191,baseline,16,26,155,0.9741935483870968,0.9741935483870968,-1.0,-1.0
PM4_heatmap,2121129191,baseline,17,26,115,1.0,1.0,-1.0,-1.0
PM4_heatmap,2121129191,baseline,18,26,24,0.9583333333333334,0.9583333333333334,-1.0,-1.0
PM4_heatmap,2121129191,baseline,22,26,23,1.0,1.0,-1.0,-1.0
PM4_heatmap,2121129191,baseline,24,26,60,1.0,1.0,-1.0,-1.0
PM4_heatmap,2121129191,baseline,28,26,58,1.0,1.0,-1.0,-1.0
PM4_heatmap,2121129191,baseline,29,26,1,1.0,1.0,-1.0,-1.0
PM4_heatmap,2121129191,baseline,31,26,59,1.0,1.0,-1.0,-1.0
PM4_heatmap,2121129191,baseline,33,26,52,0.9807692307692307,0.9807692307692307,-1.0,-1.0
PM4_heatmap,2121129191,baseline,37,26,2,1.0,1.0,1.0,1.0
PM4_heatmap,2121129191,baseline,38,26,53,1.0,1.0,1.0,1.0
PM4_heatmap,2121129191,baseline,42,26,6,1.0,1.0,-1.0,-1.0
PM4_heatmap,2121129191,baseline,0,27,49,0.9795918367346939,0.9795918367346939,-1.0,-1.0
PM4_heatmap,2121129191,baseline,1,27,37,1.0,1.0,-1.0,-1.0
PM4_heatmap,2121129191,baseline,2,27,61,1.0,1.0,-1.0,-1.0
PM4_heatmap,2121129191,baseline,15,27,9,0.8888888888888888,0.8888888888888888,-1.0,-1.0
PM4_heatmap,2121129191,baseline,16,27,41,0.926829268292683,0.926829268292683,-1.0,-1.0
PM4_heatmap,2121129191,baseline,17,27,51,0.9803921568627451,0.9803921568627451,-1.0,-1.0
PM4_heatmap,2121129191,baseline,21,27,151,0.9933774834437086,0.9933774834437086,-1.0,-1.0
PM4_heatmap,2121129191,baseline,22,27,33,0.9696969696969697,0.9696969696969697,-1.0,-1.0
PM4_heatmap,2121129191,baseline,23,27,10,0.9,0.9,-1.0,-1.0
PM4_heatmap,2121129191,baseline,24,27,66,1.0,1.0,-1.0,-1.0
PM4_heatmap,2121129191,baseline,25,27,30,0.9666666666666667,0.9666666666666667,-1.0,-1.0
PM4_heatmap,2121129191,baseline,30,27,16,0.875,0.875,-1.0,-1.0
PM4_heatmap,2121129191,baseline,31,27,1,1.0,1.0,-1.0,-1.0
PM4_heatmap,2121129191,baseline,38,27,55,0.9818181818181818,0.9818181818181818,-1.0,-1.0
PM4_heatmap,2121129191,baseline,39,27,11,0.9090909090909091,0.9090909090909091,-1.0,-1.0
PM4_heatmap,2121129191,baseline,16,28,52,0.9615384615384616,0.9615384615384616,-1.0,-1.0
PM4_heatmap,2121129191,baseline,17,28,46,1.0,1.0,-1.0,-1.0
PM4_heatmap,2121129191,baseline,20,28,80,0.9875,0.9875,-1.0,-1.0
PM4_heatmap,2121129191,baseline,21,28,269,0.9851301115241635,0.9851301115241635,-1.0,-1.0
PM4_heatmap,2121129191,baseline,24,28,3,1.0,1.0,-1.0,-1.0
PM4_heatmap,2121129191,baseline,25,28,86,0.9767441860465116,0.9767441860465116,-1.0,-1.0
PM4_heatmap,2121129191,baseline,26,28,56,1.0,1.0,-1.0,-1.0
PM4_heatmap,2121129191,baseline,27,28,25,0.96,0.96,-1.0,-1.0
PM4_heatmap,2121129191,baseline,28,28,61,0.9672131147540983,0.9672131147540983,-1.0,-1.0
PM4_heatmap,2121129191,baseline,29,28,14,0.9285714285714286,0.9285714285714286,-1.0,-1.0
PM4_heatmap,2121129191,baseline,30,28,115,0.991304347826087,0.991304347826087,-1.0,-1.0
PM4_heatmap,2121129191,baseline,31,28,77,1.0,1.0,-1.0,-1.0
PM4_heatmap,2121129191,baseline,32,28,13,0.9230769230769231,0.9230769230769231,-1.0,-1.0
PM4_heatmap,2121129191,baseline,33,28,12,1.0,1.0,-1.0,-1.0
PM4_heatmap,2121129191,baseline,42,28,29,1.0,1.0,-1.0,-1.0
PM4_heatmap,2121129191,baseline,14,29,24,0.9166666666666666,0.9166666666666666,-1.0,-1.0
PM4_heatmap,2121129191,baseline,15,29,76,1.0,1.0,-1.0,-1.0
PM4_heatmap,2121129191,baseline,16,29,299,0.9933110367892977,0.9933110367892977,-1.0,-1.0
PM4_heatmap,2121129191,baseline,17,29,334,1.0,1.0,-1.0,-1.0
PM4_heatmap,2121129191,baseline,18,29,3,1.0,1.0,-1.0,-1.0
PM4_heatmap,2121129191,baseline,19,29,60,0.9666666666666667,0.9666666666666667,-1.0,-1.0
PM4_heatmap,2121129191,baseline,21,29,178,0.9887640449438202,0.9887640449438202,-1.0,-1.0
PM4_heatmap,2121129191,baseline,22,29,16,0.9375,0.9375,-1.0,-1.0
PM4_heatmap,2121129191,baseline,23,29,42,0.9761904761904762,0.9761904761904762,-1.0,-1.0
PM4_heatmap,2121129191,baseline,25,29,37,0.9459459459459459,0.9459459459459459,-1.0,-1.0
PM4_heatmap,2121129191,baseline,27,29,14,0.9285714285714286,0.9285714285714286,-1.0,-1.0
PM4_heatmap,2121129191,baseline,31,29,58,0.9827586206896551,0.9827586206896551,-1.0,-1.0
PM4_heatmap,2121129191,baseline,33,29,25,0.96,0.96,-1.0,-1.0
PM4_heatmap,2121129191,baseline,39,29,42,0.9761904761904762,0.9761904761904762,-1.0,-1.0
PM4_heatmap,2121129191,baseline,42,29,33,1.0,1.0,-1.0,-1.0
PM4_heatmap,2121129191,baseline,5,30,70,1.0,1.0,-1.0,-1.0
PM4_heatmap,2121129191,baseline,6,30,10,1.0,1.0,-1.0,-1.0
PM4_heatmap,2121129191,baseline,20,30,18,0.9444444444444444,0.9444444444444444,-1.0,-1.0
PM4_heatmap,2121129191,baseline,21,30,90,0.9888888888888889,0.9888888888888889,-1.0,-1.0
PM4_heatmap,2121129191,baseline,22,30,26,1.0,1.0,-1.0,-1.0
PM4_heatmap,2121129191,baseline,23,30,43,0.9767441860465116,0.9767441860465116,-1.0,-1.0
PM4_heatmap,2121129191,baseline,24,30,72,0.9722222222222222,0.9722222222222222,-1.0,-1.0
PM4_heatmap,2121129191,baseline,25,30,44,0.9772727272727273,0.9772727272727273,-1.0,-1.0
PM4_heatmap,2121129191,baseline,31,30,33,0.9696969696969697,0.9696969696969697,-1.0,-1.0
PM4_heatmap,2121129191,baseline,38,30,31,0.967741935483871,0.967741935483871,-1.0,-1.0
PM4_heatmap,2121129191,baseline,39,30,28,0.9642857142857143,0.9642857142857143,-1.0,-1.0
PM4_heatmap,2121129191,baseline,42,30,56,0.9821428571428571,0.9821428571428571,-1.0,-1.0
PM4_heatmap,2121129191,baseline,5,31,72,1.0,1.0,-1.0,-1.0
PM4_heatmap,2121129191,baseline,6,31,69,1.0,1.0,-1.0,-1.0
PM4_heatmap,2121129191,baseline,18,31,15,1.0,1.0,-1.0,-1.0
PM4_heatmap,2121129191,baseline,19,31,23,1.0,1.0,-1.0,-1.0
PM4_heatmap,2121129191,baseline,23,31,1,1.0,1.0,-1.0,-1.0
PM4_heatmap,2121129191,baseline,24,31,24,0.9583333333333334,0.9583333333333334,-1.0,-1.0
PM4_heatmap,2121129191,baseline,25,31,12,1.0,1.0,-1.0,-1.0
PM4_heatmap,2121129191,baseline,26,31,17,1.0,1.0,-1.0,-1.0
PM4_heatmap,2121129191,baseline,27,31,7,0.8571428571428571,0.8571428571428571,-1.0,-1.0
PM4_heatmap,2121129191,baseline,28,31,23,1.0,1.0,-1.0,-1.0
PM4_heatmap,2121129191,baseline,29,31,29,0.9310344827586207,0.9310344827586207,-1.0,-1.0
PM4_heatmap,2121129191,baseline,30,31,26,1.0,1.0,-1.0,-1.0
PM4_heatmap,2121129191,baseline,32,31,1,0.0,0.0,-1.0,-1.0
PM4_heatmap,2121129191,baseline,33,31,56,0.9821428571428571,0.9821428571428571,0.9821428571428571,0.9821428571428571
PM4_heatmap,2121129191,baseline,36,31,10,1.0,1.0,-1.0,-1.0
PM4_heatmap,2121129191,baseline,37,31,65,1.0,1.0,-1.0,-1.0
PM4_heatmap,2121129191,baseline,38,31,52,0.9615384615384616,0.9615384615384616,-1.0,-1.0
PM4_heatmap,2121129191,baseline,42,31,2,0.5,0.5,-1.0,-1.0
PM4_heatmap,2121129191,baseline,5,32,3,1.0,1.0,-1.0,-1.0
PM4_heatmap,2121129191,baseline,19,32,49,1.0,1.0,-1.0,-1.0
PM4_heatmap,2121129191,baseline,20,32,68,0.9705882352941176,0.9705882352941176,-1.0,-1.0
PM4_heatmap,2121129191,baseline,21,32,66,0.9848484848484849,0.9848484848484849,-1.0,-1.0
PM4_heatmap,2121129191,baseline,23,32,36,1.0,1.0,-1.0,-1.0
PM4_heatmap,2121129191,baseline,24,32,57,0.9649122807017544,0.9649122807017544,-1.0,-1.0
PM4_heatmap,2121129191,baseline,26,32,5,1.0,1.0,-1.0,-1.0
PM4_heatmap,2121129191,baseline,27,32,17,0.9411764705882353,0.9411764705882353,-1.0,-1.0
PM4_heatmap,2121129191,baseline,28,32,8,0.875,0.875,-1.0,-1.0
PM4_heatmap,2121129191,baseline,29,32,16,1.0,1.0,-1.0,-1.0
PM4_heatmap,2121129191,baseline,30,32,29,0.9655172413793104,0.9655172413793104,-1.0,-1.0
PM4_heatmap,2121129191,baseline,32,32,17,1.0,1.0,-1.0,-1.0
PM4_heatmap,2121129191,baseline,33,32,58,0.9655172413793104,0.9655172413793104,0.9696969696969697,0.9696969696969697
PM4_heatmap,2121129191,baseline,34,32,7,1.0,1.0,1.0,1.0
PM4_heatmap,2121129191,baseline,38,32,259,0.9922779922779923,0.9922779922779923,-1.0,-1.0
PM4_heatmap,2121129191,baseline,41,32,46,0.9782608695652174,0.9782608695652174,-1.0,-1.0
PM4_heatmap,2121129191,baseline,3,33,63,0.9841269841269841,0.9841269841269841,-1.0,-1.0
PM4_heatmap,2121129191,baseline,20,33,38,1.0,1.0,-1.0,-1.0
PM4_heatmap,2121129191,baseline,21,33,77,0.987012987012987,0.987012987012987,-1.0,-1.0
PM4_heatmap,2121129191,baseline,28,33,65,1.0,1.0,-1.0,-1.0
PM4_heatmap,2121129191,baseline,29,33,32,1.0,1.0,-1.0,-1.0
PM4_heatmap,2121129191,baseline,32,33,19,0.9473684210526315,0.9473684210526315,-1.0,-1.0
PM4_heatmap,2121129191,baseline,33,33,117,1.0,1.0,-1.0,-1.0
PM4_heatmap,2121129191,baseline,34,33,1,1.0,1.0,-1.0,-1.0
PM4_heatmap,2121129191,baseline,36,33,125,1.0,1.0,-1.0,-1.0
PM4_heatmap,2121129191,baseline,37,33,118,1.0,1.0,-1.0,-1.0
PM4_heatmap,2121129191,baseline,38,33,222,0.9954954954954955,0.9954954954954955,-1.0,-1.0
PM4_heatmap,2121129191,baseline,39,33,124,0.9838709677419355,0.9838709677419355,-1.0,-1.0
PM4_heatmap,2121129191,baseline,40,33,7,0.8571428571428571,0.8571428571428571,-1.0,-1.0
PM4_heatmap,2121129191,baseline,41,33,56,0.9464285714285714,0.9464285714285714,-1.0,-1.0
PM4_heatmap,2121129191,baseline,42,33,40,0.975,0.975,-1.0,-1.0
PM4_heatmap,2121129191,baseline,47,33,43,0.9767441860465116,0.9767441860465116,-1.0,-1.0
PM4_heatmap,2121129191,baseline,48,33,7,1.0,1.0,-1.0,-1.0
PM4_heatmap,2121129191,baseline,3,34,3,0.6666666666666666,0.6666666666666666,-1.0,-1.0
PM4_heatmap,2121129191,baseline,21,34,6,1.0,1.0,-1.0,-1.0
PM4_heatmap,2121129191,baseline,32,34,55,0.9818181818181818,0.9818181818181818,-1.0,-1.0
PM4_heatmap,2121129191,baseline,33,34,94,0.9893617021276596,0.9893617021276596,-1.0,-1.0
PM4_heatmap,2121129191,baseline,35,34,21,0.9523809523809523,0.9523809523809523,1.0,1.0
PM4_heatmap,2121129191,baseline,36,34,73,0.9863013698630136,0.9863013698630136,0.0,0.0
PM4_heatmap,2121129191,baseline,37,34,11,0.9090909090909091,0.9090909090909091,0.9090909090909091,0.9090909090909091
PM4_heatmap,2121129191,baseline,38,34,14,1.0,1.0,-1.0,-1.0
PM4_heatmap,2121129191,baseline,39,34,103,0.9902912621359223,0.9902912621359223,-1.0,-1.0
PM4_heatmap,2121129191,baseline,41,34,14,1.0,1.0,-1.0,-1.0
PM4_heatmap,2121129191,baseline,42,34,32,0.96875,0.96875,-1.0,-1.0
PM4_heatmap,2121129191,baseline,43,34,12,1.0,1.0,-1.0,-1.0
PM4_heatmap,2121129191,baseline,44,34,20,1.0,1.0,-1.0,-1.0
PM4_heatmap,2121129191,baseline,45,34,76,1.0,1.0,-1.0,-1.0
PM4_heatmap,2121129191,baseline,47,34,14,0.9285714285714286,0.9285714285714286,-1.0,-1.0
PM4_heatmap,2121129191,baseline,4,35,2,1.0,1.0,-1.0,-1.0
PM4_heatmap,2121129191,baseline,5,35,6,1.0,1.0,-1.0,-1.0
PM4_heatmap,2121129191,baseline,21,35,56,1.0,1.0,-1.0,-1.0
PM4_heatmap,2121129191,baseline,33,35,41,0.975609756097561,0.975609756097561,-1.0,-1.0
PM4_heatmap,2121129191,baseline,34,35,3,1.0,1.0,1.0,1.0
PM4_heatmap,2121129191,baseline,35,35,31,0.967741935483871,0.967741935483871,1.0,1.0
PM4_heatmap,2121129191,baseline,36,35,26,1.0,1.0,1.0,1.0
PM4_heatmap,2121129191,baseline,37,35,26,1.0,1.0,1.0,1.0
PM4_heatmap,2121129191,baseline,38,35,43,0.9767441860465116,0.9767441860465116,-1.0,-1.0
PM4_heatmap,2121129191,baseline,39,35,78,1.0,1.0,-1.0,-1.0
PM4_heatmap,2121129191,baseline,41,35,60,0.9666666666666667,0.9666666666666667,-1.0,-1.0
PM4_heatmap,2121129191,baseline,42,35,28,1.0,1.0,-1.0,-1.0
PM4_heatmap,2121129191,baseline,43,35,91,0.978021978021978,0.978021978021978,-1.0,-1.0
PM4_heatmap,2121129191,baseline,44,35,304,0.9868421052631579,0.9868421052631579,-1.0,-1.0
PM4_heatmap,2121129191,baseline,45,35,82,0.9878048780487805,0.9878048780487805,-1.0,-1.0
PM4_heatmap,2121129191,baseline,48,35,12,0.9166666666666666,0.9166666666666666,-1.0,-1.0
PM4_heatmap,2121129191,baseline,4,36,79,0.9873417721518988,0.9873417721518988,-1.0,-1.0
PM4_heatmap,2121129191,baseline,5,36,126,0.9920634920634921,0.9920634920634921,-1.0,-1.0
PM4_heatmap,2121129191,baseline,16,36,15,0.8666666666666667,0.8666666666666667,-1.0,-1.0
PM4_heatmap,2121129191,baseline,17,36,5,1.0,1.0,-1.0,-1.0
PM4_heatmap,2121129191,baseline,21,36,6,1.0,1.0,-1.0,-1.0
PM4_heatmap,2121129191,baseline,22,36,173,0.976878612716763,0.976878612716763,-1.0,-1.0
PM4_heatmap,2121129191,baseline,23,36,55,0.9818181818181818,0.9818181818181818,-1.0,-1.0
PM4_heatmap,2121129191,baseline,27,36,41,0.9512195121951219,0.9512195121951219,-1.0,-1.0
PM4_heatmap,2121129191,baseline,33,36,84,1.0,1.0,-1.0,-1.0
PM4_heatmap,2121129191,baseline,34,36,234,0.9957264957264957,0.9957264957264957,1.0,1.0
PM4_heatmap,2121129191,baseline,35,36,36,0.9722222222222222,0.9722222222222222,1.0,1.0
PM4_heatmap,2121129191,baseline,37,36,82,1.0,1.0,-1.0,-1.0
PM4_heatmap,2121129191,baseline,38,36,29,0.9310344827586207,0.9310344827586207,-1.0,-1.0
PM4_heatmap,2121129191,baseline,44,36,140,1.0,1.0,-1.0,-1.0
PM4_heatmap,2121129191,baseline,45,36,225,0.9866666666666667,0.9866666666666667,-1.0,-1.0
PM4_heatmap,2121129191,baseline,48,36,26,1.0,1.0,-1.0,-1.0
PM4_heatmap,2121129191,baseline,49,36,70,0.9857142857142858,0.9857142857142858,-1.0,-1.0
PM4_heatmap,2121129191,baseline,5,37,68,0.9852941176470589,0.9852941176470589,-1.0,-1.0
PM4_heatmap,2121129191,baseline,7,37,4,1.0,1.0,-1.0,-1.0
PM4_heatmap,2121129191,baseline,16,37,16,1.0,1.0,-1.0,-1.0
PM4_heatmap,2121129191,baseline,21,37,4,1.0,1.0,-1.0,-1.0
PM4_heatmap,2121129191,baseline,22,37,220,0.9818181818181818,0.9818181818181818,-1.0,-1.0
PM4_heatmap,2121129191,baseline,23,37,126,1.0,1.0,-1.0,-1.0
PM4_heatmap,2121129191,baseline,24,37,15,0.9333333333333333,0.9333333333333333,-1.0,-1.0
PM4_heatmap,2121129191,baseline,27,37,332,0.9909638554216867,0.9909638554216867,1.0,1.0
PM4_heatmap,2121129191,baseline,28,37,79,0.9873417721518988,0.9873417721518988,1.0,1.0
PM4_heatmap,2121129191,baseline,34,37,1,1.0,1.0,1.0,1.0
PM4_heatmap,2121129191,baseline,35,37,13,0.9230769230769231,0.9230769230769231,1.0,1.0
PM4_heatmap,2121129191,baseline,36,37,7,1.0,1.0,-1.0,-1.0
PM4_heatmap,2121129191,baseline,38,37,16,0.9375,0.9375,-1.0,-1.0
PM4_heatmap,2121129191,baseline,44,37,74,0.972972972972973,0.972972972972973,-1.0,-1.0
PM4_heatmap,2121129191,baseline,45,37,163,0.9938650306748467,0.9938650306748467,1.0,1.0
PM4_heatmap,2121129191,baseline,46,37,94,1.0,1.0,1.0,1.0
PM4_heatmap,2121129191,baseline,49,37,16,1.0,1.0,-1.0,-1.0
PM4_heatmap,2121129191,baseline,4,38,9,0.8888888888888888,0.8888888888888888,-1.0,-1.0
PM4_heatmap,2121129191,baseline,5,38,155,1.0,1.0,-1.0,-1.0
PM4_heatmap,2121129191,baseline,6,38,5,1.0,1.0,-1.0,-1.0
PM4_heatmap,2121129191,baseline,7,38,104,1.0,1.0,-1.0,-1.0
PM4_heatmap,2121129191,baseline,8,38,20,0.9,0.9,-1.0,-1.0
PM4_heatmap,2121129191,baseline,18,38,29,0.9655172413793104,0.9655172413793104,-1.0,-1.0
PM4_heatmap,2121129191,baseline,19,38,121,0.9752066115702479,0.9752066115702479,-1.0,-1.0
PM4_heatmap,2121129191,baseline,23,38,36,0.9444444444444444,0.9444444444444444,-1.0,-1.0
PM4_heatmap,2121129191,baseline,24,38,178,0.9943820224719101,0.9943820224719101,-1.0,-1.0
PM4_heatmap,2121129191,baseline,26,38,7,1.0,1.0,1.0,1.0
PM4_heatmap,2121129191,baseline,27,38,86,1.0,1.0,1.0,1.0
PM4_heatmap,2121129191,baseline,28,38,35,1.0,1.0,1.0,1.0
PM4_heatmap,2121129191,baseline,33,38,437,0.9908466819221968,0.9908466819221968,-1.0,-1.0
PM4_heatmap,2121129191,baseline,34,38,48,0.9583333333333334,0.9583333333333334,-1.0,-1.0
PM4_heatmap,2121129191,baseline,35,38,59,0.9661016949152542,0.9661016949152542,1.0,1.0
PM4_heatmap,2121129191,baseline,36,38,60,0.9833333333333333,0.9833333333333333,-1.0,-1.0
PM4_heatmap,2121129191,baseline,37,38,13,1.0,1.0,-1.0,-1.0
PM4_heatmap,2121129191,baseline,42,38,344,0.9854651162790697,0.9854651162790697,1.0,1.0
PM4_heatmap,2121129191,baseline,43,38,152,0.9802631578947368,0.9802631578947368,-1.0,-1.0
PM4_heatmap,2121129191,baseline,44,38,69,0.9855072463768116,0.9855072463768116,-1.0,-1.0
PM4_heatmap,2121129191,baseline,45,38,113,1.0,1.0,-1.0,-1.0
PM4_heatmap,2121129191,baseline,46,38,145,1.0,1.0,1.0,1.0
PM4_heatmap,2121129191,baseline,48,38,62,0.967741935483871,0.967741935483871,-1.0,-1.0
PM4_heatmap,2121129191,baseline,3,39,36,1.0,1.0,-1.0,-1.0
PM4_heatmap,2121129191,baseline,4,39,82,0.9878048780487805,0.9878048780487805,-1.0,-1.0
PM4_heatmap,2121129191,baseline,5,39,48,0.9791666666666666,0.9791666666666666,-1.0,-1.0
PM4_heatmap,2121129191,baseline,9,39,10,0.9,0.9,-1.0,-1.0
PM4_heatmap,2121129191,baseline,10,39,24,0.9583333333333334,0.9583333333333334,-1.0,-1.0
PM4_heatmap,2121129191,baseline,20,39,38,0.9736842105263158,0.9736842105263158,1.0,1.0
PM4_heatmap,2121129191,baseline,21,39,8,0.875,0.875,-1.0,-1.0
PM4_heatmap,2121129191,baseline,24,39,106,0.9905660377358491,0.9905660377358491,-1.0,-1.0
PM4_heatmap,2121129191,baseline,33,39,125,0.976,0.976,-1.0,-1.0
PM4_heatmap,2121129191,baseline,34,39,338,0.9911242603550295,0.9911242603550295,-1.0,-1.0
PM4_heatmap,2121129191,baseline,36,39,31,0.967741935483871,0.967741935483871,-1.0,-1.0
PM4_heatmap,2121129191,baseline,41,39,3,1.0,1.0,1.0,1.0
PM4_heatmap,2121129191,baseline,42,39,378,1.0,1.0,1.0,1.0
PM4_heatmap,2121129191,baseline,45,39,102,0.9901960784313726,0.9901960784313726,-1.0,-1.0
PM4_heatmap,2121129191,baseline,46,39,29,0.9655172413793104,0.9655172413793104,-1.0,-1.0
PM4_heatmap,2121129191,baseline,47,39,30,1.0,1.0,-1.0,-1.0
PM4_heatmap,2121129191,baseline,48,39,126,0.9920634920634921,0.9920634920634921,-1.0,-1.0
PM4_heatmap,2121129191,baseline,49,39,80,0.9875,0.9875,-1.0,-1.0
PM4_heatmap,2121129191,baseline,0,40,4,0.5,0.5,0.5,0.5
PM4_heatmap,2121129191,baseline,3,40,52,0.9807692307692307,0.9807692307692307,-1.0,-1.0
PM4_heatmap,2121129191,baseline,4,40,66,0.9696969696969697,0.9696969696969697,-1.0,-1.0
PM4_heatmap,2121129191,baseline,5,40,36,1.0,1.0,-1.0,-1.0
PM4_heatmap,2121129191,baseline,7,40,15,1.0,1.0,-1.0,-1.0
PM4_heatmap,2121129191,baseline,10,40,10,1.0,1.0,-1.0,-1.0
PM4_heatmap,2121129191,baseline,11,40,3,1.0,1.0,-1.0,-1.0
PM4_heatmap,2121129191,baseline,20,40,4,1.0,1.0,-1.0,-1.0
PM4_heatmap,2121129191,baseline,21,40,30,1.0,1.0,-1.0,-1.0
PM4_heatmap,2121129191,baseline,24,40,37,1.0,1.0,-1.0,-1.0
PM4_heatmap,2121129191,baseline,32,40,28,0.9642857142857143,0.9642857142857143,-1.0,-1.0
PM4_heatmap,2121129191,baseline,33,40,16,1.0,1.0,-1.0,-1.0
PM4_heatmap,2121129191,baseline,34,40,38,1.0,1.0,-1.0,-1.0
PM4_heatmap,2121129191,baseline,35,40,85,0.9882352941176471,0.9882352941176471,-1.0,-1.0
PM4_heatmap,2121129191,baseline,36,40,15,0.9333333333333333,0.9333333333333333,-1.0,-1.0
PM4_heatmap,2121129191,baseline,42,40,102,0.9901960784313726,0.9901960784313726,1.0,1.0
PM4_heatmap,2121129191,baseline,43,40,25,0.96,0.96,1.0,1.0
PM4_heatmap,2121129191,baseline,47,40,73,1.0,1.0,-1.0,-1.0
PM4_heatmap,2121129191,baseline,49,40,141,0.9787234042553191,0.9787234042553191,-1.0,-1.0
PM4_heatmap,2121129191,baseline,4,41,112,0.9910714285714286,0.9910714285714286,1.0,1.0
PM4_heatmap,2121129191,baseline,5,41,145,0.9793103448275862,0.9793103448275862,1.0,1.0
PM4_heatmap,2121129191,baseline,7,41,42,0.9761904761904762,0.9761904761904762,-1.0,-1.0
PM4_heatmap,2121129191,baseline,8,41,55,0.9818181818181818,0.9818181818181818,-1.0,-1.0
PM4_heatmap,2121129191,baseline,11,41,57,1.0,1.0,-1.0,-1.0
PM4_heatmap,2121129191,baseline,22,41,7,0.8571428571428571,0.8571428571428571,-1.0,-1.0
PM4_heatmap,2121129191,baseline,27,41,66,0.9696969696969697,0.9696969696969697,0.9696969696969697,0.9696969696969697
PM4_heatmap,2121129191,baseline,28,41,77,1.0,1.0,-1.0,-1.0
PM4_heatmap,2121129191,baseline,29,41,9,1.0,1.0,-1.0,-1.0
PM4_heatmap,2121129191,baseline,31,41,28,0.9642857142857143,0.9642857142857143,-1.0,-1.0
PM4_heatmap,2121129191,baseline,33,41,202,1.0,1.0,-1.0,-1.0
PM4_heatmap,2121129191,baseline,34,41,48,0.9791666666666666,0.9791666666666666,-1.0,-1.0
PM4_heatmap,2121129191,baseline,35,41,279,0.985663082437276,0.985663082437276,-1.0,-1.0
PM4_heatmap,2121129191,baseline,42,41,5,1.0,1.0,-1.0,-1.0
PM4_heatmap,2121129191,baseline,47,41,39,1.0,1.0,-1.0,-1.0
PM4_heatmap,2121129191,baseline,48,41,2,1.0,1.0,-1.0,-1.0
PM4_heatmap,2121129191,baseline,49,41,118,0.9915254237288136,0.9915254237288136,-1.0,-1.0
PM4_heatmap,2121129191,baseline,4,42,12,0.9166666666666666,0.9166666666666666,1.0,1.0
PM4_heatmap,2121129191,baseline,5,42,170,0.9823529411764705,0.9823529411764705,1.0,1.0
PM4_heatmap,2121129191,baseline,6,42,36,0.9444444444444444,0.9444444444444444,-1.0,-1.0
PM4_heatmap,2121129191,baseline,7,42,65,0.9692307692307692,0.9692307692307692,-1.0,-1.0
PM4_heatmap,2121129191,baseline,10,42,17,1.0,1.0,-1.0,-1.0
PM4_heatmap,2121129191,baseline,19,42,53,0.9811320754716981,0.9811320754716981,-1.0,-1.0
PM4_heatmap,2121129191,baseline,21,42,38,0.9736842105263158,0.9736842105263158,1.0,1.0
PM4_heatmap,2121129191,baseline,22,42,120,1.0,1.0,-1.0,-1.0
PM4_heatmap,2121129191,baseline,23,42,1,0.0,0.0,-1.0,-1.0
PM4_heatmap,2121129191,baseline,24,42,14,1.0,1.0,-1.0,-1.0
PM4_heatmap,2121129191,baseline,30,42,6,1.0,1.0,-1.0,-1.0
PM4_heatmap,2121129191,baseline,31,42,28,1.0,1.0,-1.0,-1.0
PM4_heatmap,2121129191,baseline,33,42,44,0.9772727272727273,0.9772727272727273,-1.0,-1.0
PM4_heatmap,2121129191,baseline,34,42,212,0.9811320754716981,0.9811320754716981,-1.0,-1.0
PM4_heatmap,2121129191,baseline,35,42,568,0.9894366197183099,0.9894366197183099,-1.0,-1.0
PM4_heatmap,2121129191,baseline,36,42,36,0.9722222222222222,0.9722222222222222,-1.0,-1.0
PM4_heatmap,2121129191,baseline,41,42,1,1.0,1.0,1.0,1.0
PM4_heatmap,2121129191,baseline,42,42,16,1.0,1.0,-1.0,-1.0
PM4_heatmap,2121129191,baseline,43,42,82,0.975609756097561,0.975609756097561,-1.0,-1.0
PM4_heatmap,2121129191,baseline,44,42,168,0.9940476190476191,0.9940476190476191,-1.0,-1.0
PM4_heatmap,2121129191,baseline,45,42,86,1.0,1.0,-1.0,-1.0
PM4_heatmap,2121129191,baseline,46,42,48,0.9791666666666666,0.9791666666666666,-1.0,-1.0
PM4_heatmap,2121129191,baseline,47,42,27,1.0,1.0,-1.0,-1.0
PM4_heatmap,2121129191,baseline,49,42,97,1.0,1.0,-1.0,-1.0
PM4_heatmap,2121129191,baseline,3,43,8,1.0,1.0,-1.0,-1.0
PM4_heatmap,2121129191,baseline,5,43,24,1.0,1.0,1.0,1.0
PM4_heatmap,2121129191,baseline,6,43,26,1.0,1.0,1.0,1.0
PM4_heatmap,2121129191,baseline,7,43,215,0.9953488372093023,0.9953488372093023,1.0,1.0
PM4_heatmap,2121129191,baseline,8,43,18,1.0,1.0,-1.0,-1.0
PM4_heatmap,2121129191,baseline,10,43,123,0.983739837398374,0.983739837398374,-1.0,-1.0
PM4_heatmap,2121129191,baseline,16,43,105,1.0,1.0,-1.0,-1.0
PM4_heatmap,2121129191,baseline,17,43,266,0.981203007518797,0.981203007518797,-1.0,-1.0
PM4_heatmap,2121129191,baseline,18,43,194,0.9742268041237113,0.9742268041237113,-1.0,-1.0
PM4_heatmap,2121129191,baseline,19,43,23,0.9565217391304348,0.9565217391304348,-1.0,-1.0
PM4_heatmap,2121129191,baseline,20,43,45,1.0,1.0,1.0,1.0
PM4_heatmap,2121129191,baseline,21,43,97,0.9896907216494846,0.9896907216494846,0.9864864864864865,0.9864864864864865
PM4_heatmap,2121129191,baseline,22,43,86,1.0,1.0,-1.0,-1.0
PM4_heatmap,2121129191,baseline,24,43,63,0.9841269841269841,0.9841269841269841,-1.0,-1.0
PM4_heatmap,2121129191,baseline,27,43,63,1.0,1.0,-1.0,-1.0
PM4_heatmap,2121129191,baseline,28,43,21,0.9047619047619048,0.9047619047619048,-1.0,-1.0
PM4_heatmap,2121129191,baseline,31,43,22,1.0,1.0,-1.0,-1.0
PM4_heatmap,2121129191,baseline,33,43,252,0.9920634920634921,0.9920634920634921,-1.0,-1.0
PM4_heatmap,2121129191,baseline,34,43,215,1.0,1.0,-1.0,-1.0
PM4_heatmap,2121129191,baseline,35,43,86,0.9767441860465116,0.9767441860465116,-1.0,-1.0
PM4_heatmap,2121129191,baseline,36,43,25,1.0,1.0,-1.0,-1.0
PM4_heatmap,2121129191,baseline,40,43,4,1.0,1.0,1.0,1.0
PM4_heatmap,2121129191,baseline,41,43,174,1.0,1.0,1.0,1.0
PM4_heatmap,2121129191,baseline,42,43,298,0.9865771812080537,0.9865771812080537,-1.0,-1.0
PM4_heatmap,2121129191,baseline,43,43,82,0.9878048780487805,0.9878048780487805,-1.0,-1.0
PM4_heatmap,2121129191,baseline,44,43,105,0.9904761904761905,0.9904761904761905,-1.0,-1.0
PM4_heatmap,2121129191,baseline,45,43,125,0.992,0.992,-1.0,-1.0
PM4_heatmap,2121129191,baseline,46,43,7,1.0,1.0,-1.0,-1.0
PM4_heatmap,2121129191,baseline,47,43,7,0.8571428571428571,0.8571428571428571,-1.0,-1.0
PM4_heatmap,2121129191,baseline,49,43,139,0.9928057553956835,0.9928057553956835,-1.0,-1.0
PM4_heatmap,2121129191,baseline,3,44,102,1.0,1.0,-1.0,-1.0
PM4_heatmap,2121129191,baseline,4,44,88,1.0,1.0,-1.0,-1.0
PM4_heatmap,2121129191,baseline,5,44,75,1.0,1.0,-1.0,-1.0
PM4_heatmap,2121129191,baseline,6,44,23,0.9565217391304348,0.9565217391304348,-1.0,-1.0
PM4_heatmap,2121129191,baseline,7,44,193,0.9948186528497409,0.9948186528497409,-1.0,-1.0
PM4_heatmap,2121129191,baseline,8,44,164,0.9939024390243902,0.9939024390243902,-1.0,-1.0
PM4_heatmap,2121129191,baseline,9,44,141,0.9929078014184397,0.9929078014184397,-1.0,-1.0
PM4_heatmap,2121129191,baseline,10,44,87,0.9655172413793104,0.9655172413793104,-1.0,-1.0
PM4_heatmap,2121129191,baseline,11,44,57,0.9824561403508771,0.9824561403508771,-1.0,-1.0
PM4_heatmap,2121129191,baseline,12,44,1,0.0,0.0,-1.0,-1.0
PM4_heatmap,2121129191,baseline,13,44,137,1.0,1.0,-1.0,-1.0
PM4_heatmap,2121129191,baseline,14,44,137,1.0,1.0,-1.0,-1.0
PM4_heatmap,2121129191,baseline,15,44,87,0.9885057471264368,0.9885057471264368,-1.0,-1.0
PM4_heatmap,2121129191,baseline,16,44,255,0.984313725490196,0.984313725490196,-1.0,-1.0
PM4_heatmap,2121129191,baseline,17,44,33,0.9696969696969697,0.9696969696969697,-1.0,-1.0
PM4_heatmap,2121129191,baseline,18,44,136,0.9705882352941176,0.9705882352941176,-1.0,-1.0
PM4_heatmap,2121129191,baseline,21,44,45,0.9777777777777777,0.9777777777777777,0.6666666666666666,0.6666666666666666
PM4_heatmap,2121129191,baseline,22,44,107,0.9906542056074766,0.9906542056074766,-1.0,-1.0
PM4_heatmap,2121129191,baseline,23,44,45,0.9777777777777777,0.9777777777777777,-1.0,-1.0
PM4_heatmap,2121129191,baseline,35,44,28,0.9285714285714286,0.9285714285714286,-1.0,-1.0
PM4_heatmap,2121129191,baseline,36,44,59,0.9830508474576272,0.9830508474576272,-1.0,-1.0
PM4_heatmap,2121129191,baseline,37,44,3,1.0,1.0,1.0,1.0
PM4_heatmap,2121129191,baseline,39,44,26,0.9615384615384616,0.9615384615384616,-1.0,-1.0
PM4_heatmap,2121129191,baseline,40,44,186,0.9838709677419355,0.9838709677419355,-1.0,-1.0
PM4_heatmap,2121129191,baseline,41,44,38,0.9473684210526315,0.9473684210526315,-1.0,-1.0
PM4_heatmap,2121129191,baseline,43,44,20,0.95,0.95,-1.0,-1.0
PM4_heatmap,2121129191,baseline,44,44,465,0.9956989247311828,0.9956989247311828,1.0,1.0
PM4_heatmap,2121129191,baseline,45,44,132,0.9848484848484849,0.9848484848484849,-1.0,-1.0
PM4_heatmap,2121129191,baseline,47,44,67,1.0,1.0,-1.0,-1.0
PM4_heatmap,2121129191,baseline,48,44,16,0.9375,0.9375,-1.0,-1.0
PM4_heatmap,2121129191,baseline,49,44,139,0.9712230215827338,0.9712230215827338,-1.0,-1.0
PM4_heatmap,2121129191,baseline,1,45,8,0.875,0.875,-1.0,-1.0
PM4_heatmap,2121129191,baseline,3,45,32,1.0,1.0,-1.0,-1.0
PM4_heatmap,2121129191,baseline,5,45,4,0.75,0.75,-1.0,-1.0
PM4_heatmap,2121129191,baseline,7,45,17,1.0,1.0,-1.0,-1.0
PM4_heatmap,2121129191,baseline,8,45,6,1.0,1.0,-1.0,-1.0
PM4_heatmap,2121129191,baseline,11,45,85,0.9764705882352941,0.9764705882352941,-1.0,-1.0
PM4_heatmap,2121129191,baseline,16,45,75,0.9733333333333334,0.9733333333333334,-1.0,-1.0
PM4_heatmap,2121129191,baseline,17,45,7,1.0,1.0,-1.0,-1.0
PM4_heatmap,2121129191,baseline,18,45,23,0.9565217391304348,0.9565217391304348,-1.0,-1.0
PM4_heatmap,2121129191,baseline,31,45,115,0.9826086956521739,0.9826086956521739,-1.0,-1.0
PM4_heatmap,2121129191,baseline,32,45,26,1.0,1.0,-1.0,-1.0
PM4_heatmap,2121129191,baseline,35,45,13,0.9230769230769231,0.9230769230769231,-1.0,-1.0
PM4_heatmap,2121129191,baseline,37,45,56,1.0,1.0,1.0,1.0
PM4_heatmap,2121129191,baseline,38,45,37,0.972972972972973,0.972972972972973,1.0,1.0
PM4_heatmap,2121129191,baseline,40,45,63,0.9682539682539683,0.9682539682539683,-1.0,-1.0
PM4_heatmap,2121129191,baseline,41,45,101,0.9900990099009901,0.9900990099009901,-1.0,-1.0
PM4_heatmap,2121129191,baseline,42,45,137,1.0,1.0,1.0,1.0
PM4_heatmap,2121129191,baseline,43,45,198,0.98989898989899,0.98989898989899,1.0,1.0
PM4_heatmap,2121129191,baseline,44,45,572,0.9965034965034965,0.9965034965034965,0.9964912280701754,0.9964912280701754
PM4_heatmap,2121129191,baseline,49,45,149,0.9664429530201343,0.9664429530201343,-1.0,-1.0
PM4_heatmap,2121129191,baseline,0,46,4,1.0,1.0,-1.0,-1.0
PM4_heatmap,2121129191,baseline,1,46,15,1.0,1.0,-1.0,-1.0
PM4_heatmap,2121129191,baseline,2,46,39,0.9743589743589743,0.9743589743589743,-1.0,-1.0
PM4_heatmap,2121129191,baseline,3,46,35,1.0,1.0,-1.0,-1.0
PM4_heatmap,2121129191,baseline,11,46,11,1.0,1.0,-1.0,-1.0
PM4_heatmap,2121129191,baseline,18,46,20,1.0,1.0,-1.0,-1.0
PM4_heatmap,2121129191,baseline,19,46,165,0.9818181818181818,0.9818181818181818,-1.0,-1.0
PM4_heatmap,2121129191,baseline,20,46,10,1.0,1.0,-1.0,-1.0
PM4_heatmap,2121129191,baseline,31,46,102,0.9803921568627451,0.9803921568627451,-1.0,-1.0
PM4_heatmap,2121129191,baseline,32,46,72,1.0,1.0,-1.0,-1.0
PM4_heatmap,2121129191,baseline,35,46,1,0.0,0.0,0.0,0.0
PM4_heatmap,2121129191,baseline,37,46,9,1.0,1.0,-1.0,-1.0
PM4_heatmap,2121129191,baseline,38,46,159,0.9874213836477987,0.9874213836477987,-1.0,-1.0
PM4_heatmap,2121129191,baseline,39,46,156,0.9871794871794872,0.9871794871794872,-1.0,-1.0
PM4_heatmap,2121129191,baseline,40,46,163,0.9754601226993865,0.9754601226993865,-1.0,-1.0
PM4_heatmap,2121129191,baseline,41,46,259,0.9961389961389961,0.9961389961389961,-1.0,-1.0
PM4_heatmap,2121129191,baseline,42,46,270,0.9962962962962963,0.9962962962962963,-1.0,-1.0
PM4_heatmap,2121129191,baseline,44,46,409,0.9951100244498777,0.9951100244498777,0.9952830188679245,0.9952830188679245
PM4_heatmap,2121129191,baseline,48,46,17,1.0,1.0,-1.0,-1.0
PM4_heatmap,2121129191,baseline,49,46,81,0.9629629629629629,0.9629629629629629,-1.0,-1.0
PM4_heatmap,2121129191,baseline,0,47,142,0.9859154929577465,0.9859154929577465,-1.0,-1.0
PM4_heatmap,2121129191,baseline,1,47,10,1.0,1.0,-1.0,-1.0
PM4_heatmap,2121129191,baseline,2,47,49,1.0,1.0,-1.0,-1.0
PM4_heatmap,2121129191,baseline,9,47,62,0.967741935483871,0.967741935483871,-1.0,-1.0
PM4_heatmap,2121129191,baseline,11,47,73,0.958904109589041,0.958904109589041,-1.0,-1.0
PM4_heatmap,2121129191,baseline,12,47,15,1.0,1.0,-1.0,-1.0
PM4_heatmap,2121129191,baseline,19,47,81,1.0,1.0,-1.0,-1.0
PM4_heatmap,2121129191,baseline,20,47,17,1.0,1.0,-1.0,-1.0
PM4_heatmap,2121129191,baseline,31,47,3,0.6666666666666666,0.6666666666666666,-1.0,-1.0
PM4_heatmap,2121129191,baseline,32,47,113,0.9911504424778761,0.9911504424778761,0.9714285714285714,0.9714285714285714
PM4_heatmap,2121129191,baseline,33,47,25,0.96,0.96,0.96,0.96
PM4_heatmap,2121129191,baseline,34,47,1,0.0,0.0,0.0,0.0
PM4_heatmap,2121129191,baseline,38,47,24,0.9583333333333334,0.9583333333333334,-1.0,-1.0
PM4_heatmap,2121129191,baseline,40,47,98,0.9693877551020408,0.9693877551020408,-1.0,-1.0
PM4_heatmap,2121129191,baseline,41,47,111,0.9819819819819819,0.9819819819819819,-1.0,-1.0
PM4_heatmap,2121129191,baseline,42,47,276,0.9818840579710145,0.9818840579710145,-1.0,-1.0
PM4_heatmap,2121129191,baseline,43,47,245,0.9918367346938776,0.9918367346938776,1.0,1.0
PM4_heatmap,2121129191,baseline,44,47,272,0.9852941176470589,0.9852941176470589,1.0,1.0
PM4_heatmap,2121129191,baseline,45,47,111,0.972972972972973,0.972972972972973,-1.0,-1.0
PM4_heatmap,2121129191,baseline,46,47,19,0.9473684210526315,0.9473684210526315,-1.0,-1.0
PM4_heatmap,2121129191,baseline,47,47,168,1.0,1.0,-1.0,-1.0
PM4_heatmap,2121129191,baseline,48,47,119,0.9915966386554622,0.9915966386554622,-1.0,-1.0
PM4_heatmap,2121129191,baseline,49,47,102,0.9705882352941176,0.9705882352941176,-1.0,-1.0
PM4_heatmap,2121129191,baseline,0,48,99,1.0,1.0,-1.0,-1.0
PM4_heatmap,2121129191,baseline,1,48,6,1.0,1.0,-1.0,-1.0
PM4_heatmap,2121129191,baseline,2,48,18,1.0,1.0,-1.0,-1.0
PM4_heatmap,2121129191,baseline,11,48,72,0.9861111111111112,0.9861111111111112,-1.0,-1.0
PM4_heatmap,2121129191,baseline,19,48,70,0.9714285714285714,0.9714285714285714,-1.0,-1.0
PM4_heatmap,2121129191,baseline,32,48,12,0.9166666666666666,0.9166666666666666,-1.0,-1.0
PM4_heatmap,2121129191,baseline,36,48,60,0.9666666666666667,0.9666666666666667,-1.0,-1.0
PM4_heatmap,2121129191,baseline,40,48,70,0.9857142857142858,0.9857142857142858,-1.0,-1.0
PM4_heatmap,2121129191,baseline,43,48,47,0.9361702127659575,0.9361702127659575,-1.0,-1.0
PM4_heatmap,2121129191,baseline,44,48,17,0.9411764705882353,0.9411764705882353,-1.0,-1.0
PM4_heatmap,2121129191,baseline,47,48,84,1.0,1.0,-1.0,-1.0
PM4_heatmap,2121129191,baseline,49,48,98,0.9795918367346939,0.9795918367346939,-1.0,-1.0
PM4_heatmap,2121129191,baseline,35,49,56,1.0,1.0,-1.0,-1.0
PM4_heatmap,2121129191,baseline,36,49,4,1.0,1.0,-1.0,-1.0
PM4_heatmap,2121129191,baseline,39,49,52,0.9807692307692307,0.9807692307692307,-1.0,-1.0
PM4_heatmap,2121129191,baseline,40,49,82,0.9878048780487805,0.9878048780487805,-1.0,-1.0
PM4_heatmap,2121129191,baseline,42,49,3,0.6666666666666666,0.6666666666666666,-1.0,-1.0
PM4_heatmap,2121129191,baseline,43,49,44,1.0,1.0,-1.0,-1.0
PM4_heatmap,2121129191,baseline,44,49,151,0.9801324503311258,0.9801324503311258,-1.0,-1.0
PM4_heatmap,2121129191,baseline,45,49,134,0.9850746268656716,0.9850746268656716,-1.0,-1.0
PM4_heatmap,2121129191,baseline,46,49,161,1.0,1.0,-1.0,-1.0
PM4_heatmap,2121129191,baseline,47,49,238,0.9957983193277311,0.9957983193277311,-1.0,-1.0
PM4_heatmap,2121129191,baseline,48,49,43,0.9534883720930233,0.9534883720930233,-1.0,-1.0
PM4_heatmap,2121129191,baseline,49,49,32,1.0,1.0,-1.0,-1.0
PM4_heatmap,2121129191,fragmented,7,0,14,1.0,1.0,-1.0,-1.0
PM4_heatmap,2121129191,fragmented,8,0,115,1.0,1.0,-1.0,-1.0
PM4_heatmap,2121129191,fragmented,9,0,87,0.9885057471264368,0.9885057471264368,-1.0,-1.0
PM4_heatmap,2121129191,fragmented,10,0,297,0.9966329966329966,0.9966329966329966,-1.0,-1.0
PM4_heatmap,2121129191,fragmented,11,0,67,0.9850746268656716,0.9850746268656716,1.0,1.0
PM4_heatmap,2121129191,fragmented,12,0,152,0.993421052631579,0.993421052631579,1.0,1.0
PM4_heatmap,2121129191,fragmented,13,0,270,1.0,1.0,1.0,1.0
PM4_heatmap,2121129191,fragmented,14,0,170,1.0,1.0,1.0,1.0
PM4_heatmap,2121129191,fragmented,15,0,29,1.0,1.0,-1.0,-1.0
PM4_heatmap,2121129191,fragmented,36,0,42,0.9761904761904762,0.9761904761904762,-1.0,-1.0
PM4_heatmap,2121129191,fragmented,40,0,10,0.9,0.9,-1.0,-1.0
PM4_heatmap,2121129191,fragmented,41,0,43,1.0,1.0,-1.0,-1.0
PM4_heatmap,2121129191,fragmented,42,0,5,1.0,1.0,-1.0,-1.0
PM4_heatmap,2121129191,fragmented,47,0,163,1.0,1.0,-1.0,-1.0
PM4_heatmap,2121129191,fragmented,8,1,114,1.0,1.0,-1.0,-1.0
PM4_heatmap,2121129191,fragmented,9,1,171,0.9824561403508771,0.9824561403508771,-1.0,-1.0
PM4_heatmap,2121129191,fragmented,11,1,76,0.9605263157894737,0.9605263157894737,1.0,1.0
PM4_heatmap,2121129191,fragmented,36,1,20,0.95,0.95,-1.0,-1.0
PM4_heatmap,2121129191,fragmented,41,1,30,0.9666666666666667,0.9666666666666667,-1.0,-1.0
PM4_heatmap,2121129191,fragmented,47,1,379,0.9973614775725593,0.9973614775725593,-1.0,-1.0
PM4_heatmap,2121129191,fragmented,7,2,10,0.9,0.9,-1.0,-1.0
PM4_heatmap,2121129191,fragmented,8,2,49,0.9795918367346939,0.9795918367346939,-1.0,-1.0
PM4_heatmap,2121129191,fragmented,9,2,153,0.9803921568627451,0.9803921568627451,-1.0,-1.0
PM4_heatmap,2121129191,fragmented,10,2,102,0.9803921568627451,0.9803921568627451,-1.0,-1.0
PM4_heatmap,2121129191,fragmented,11,2,87,1.0,1.0,-1.0,-1.0
PM4_heatmap,2121129191,fragmented,12,2,53,0.9811320754716981,0.9811320754716981,-1.0,-1.0
PM4_heatmap,2121129191,fragmented,13,2,63,0.9682539682539683,0.9682539682539683,-1.0,-1.0
PM4_heatmap,2121129191,fragmented,17,2,8,1.0,1.0,-1.0,-1.0
PM4_heatmap,2121129191,fragmented,18,2,51,0.9803921568627451,0.9803921568627451,-1.0,-1.0
PM4_heatmap,2121129191,fragmented,36,2,30,1.0,1.0,-1.0,-1.0
PM4_heatmap,2121129191,fragmented,37,2,11,1.0,1.0,-1.0,-1.0
PM4_heatmap,2121129191,fragmented,41,2,56,1.0,1.0,-1.0,-1.0
PM4_heatmap,2121129191,fragmented,43,2,77,0.987012987012987,0.987012987012987,1.0,1.0
PM4_heatmap,2121129191,fragmented,44,2,136,0.9852941176470589,0.9852941176470589,-1.0,-1.0
PM4_heatmap,2121129191,fragmented,47,2,173,0.9826589595375722,0.9826589595375722,-1.0,-1.0
PM4_heatmap,2121129191,fragmented,48,2,98,0.9795918367346939,0.9795918367346939,-1.0,-1.0
PM4_heatmap,2121129191,fragmented,49,2,20,1.0,1.0,-1.0,-1.0
PM4_heatmap,2121129191,fragmented,5,3,40,0.975,0.975,-1.0,-1.0
PM4_heatmap,2121129191,fragmented,6,3,45,0.9777777777777777,0.9777777777777777,-1.0,-1.0
PM4_heatmap,2121129191,fragmented,7,3,44,1.0,1.0,-1.0,-1.0
PM4_heatmap,2121129191,fragmented,8,3,232,0.9698275862068966,0.9698275862068966,-1.0,-1.0
PM4_heatmap,2121129191,fragmented,9,3,166,0.9698795180722891,0.9698795180722891,-1.0,-1.0
PM4_heatmap,2121129191,fragmented,10,3,287,0.9790940766550522,0.9790940766550522,-1.0,-1.0
PM4_heatmap,2121129191,fragmented,11,3,28,0.9285714285714286,0.9285714285714286,-1.0,-1.0
PM4_heatmap,2121129191,fragmented,12,3,164,0.9878048780487805,0.9878048780487805,-1.0,-1.0
PM4_heatmap,2121129191,fragmented,13,3,286,0.993006993006993,0.993006993006993,-1.0,-1.0
PM4_heatmap,2121129191,fragmented,14,3,44,1.0,1.0,-1.0,-1.0
PM4_heatmap,2121129191,fragmented,17,3,19,0.9473684210526315,0.9473684210526315,-1.0,-1.0
PM4_heatmap,2121129191,fragmented,34,3,160,0.9625,0.9625,-1.0,-1.0
PM4_heatmap,2121129191,fragmented,35,3,43,1.0,1.0,-1.0,-1.0
PM4_heatmap,2121129191,fragmented,36,3,19,1.0,1.0,-1.0,-1.0
PM4_heatmap,2121129191,fragmented,39,3,16,1.0,1.0,-1.0,-1.0
PM4_heatmap,2121129191,fragmented,43,3,3,1.0,1.0,1.0,1.0
PM4_heatmap,2121129191,fragmented,44,3,164,0.9817073170731707,0.9817073170731707,-1.0,-1.0
PM4_heatmap,2121129191,fragmented,45,3,12,1.0,1.0,-1.0,-1.0
PM4_heatmap,2121129191,fragmented,47,3,81,0.9753086419753086,0.9753086419753086,-1.0,-1.0
PM4_heatmap,2121129191,fragmented,48,3,28,1.0,1.0,-1.0,-1.0
PM4_heatmap,2121129191,fragmented,49,3,42,1.0,1.0,-1.0,-1.0
PM4_heatmap,2121129191,fragmented,6,4,143,0.993006993006993,0.993006993006993,-1.0,-1.0
PM4_heatmap,2121129191,fragmented,7,4,62,0.9838709677419355,0.9838709677419355,-1.0,-1.0
PM4_heatmap,2121129191,fragmented,9,4,14,1.0,1.0,-1.0,-1.0
PM4_heatmap,2121129191,fragmented,10,4,152,0.9802631578947368,0.9802631578947368,-1.0,-1.0
PM4_heatmap,2121129191,fragmented,11,4,83,1.0,1.0,-1.0,-1.0
PM4_heatmap,2121129191,fragmented,14,4,82,1.0,1.0,-1.0,-1.0
PM4_heatmap,2121129191,fragmented,33,4,17,1.0,1.0,-1.0,-1.0
PM4_heatmap,2121129191,fragmented,34,4,36,1.0,1.0,-1.0,-1.0
PM4_heatmap,2121129191,fragmented,35,4,41,1.0,1.0,-1.0,-1.0
PM4_heatmap,2121129191,fragmented,39,4,69,0.9855072463768116,0.9855072463768116,-1.0,-1.0
PM4_heatmap,2121129191,fragmented,40,4,212,0.9905660377358491,0.9905660377358491,-1.0,-1.0
PM4_heatmap,2121129191,fragmented,41,4,29,0.9655172413793104,0.9655172413793104,-1.0,-1.0
PM4_heatmap,2121129191,fragmented,47,4,56,0.9821428571428571,0.9821428571428571,-1.0,-1.0
PM4_heatmap,2121129191,fragmented,6,5,79,1.0,1.0,-1.0,-1.0
PM4_heatmap,2121129191,fragmented,9,5,6,0.8333333333333334,0.8333333333333334,-1.0,-1.0
PM4_heatmap,2121129191,fragmented,11,5,67,1.0,1.0,-1.0,-1.0
PM4_heatmap,2121129191,fragmented,12,5,24,0.9583333333333334,0.9583333333333334,-1.0,-1.0
PM4_heatmap,2121129191,fragmented,13,5,147,0.9931972789115646,0.9931972789115646,-1.0,-1.0
PM4_heatmap,2121129191,fragmented,14,5,54,1.0,1.0,-1.0,-1.0
PM4_heatmap,2121129191,fragmented,18,5,40,0.975,0.975,-1.0,-1.0
PM4_heatmap,2121129191,fragmented,19,5,22,0.9545454545454546,0.9545454545454546,-1.0,-1.0
PM4_heatmap,2121129191,fragmented,23,5,63,1.0,1.0,1.0,1.0
PM4_heatmap,2121129191,fragmented,24,5,37,1.0,1.0,1.0,1.0
PM4_heatmap,2121129191,fragmented,26,5,47,0.9787234042553191,0.9787234042553191,-1.0,-1.0
PM4_heatmap,2121129191,fragmented,27,5,15,0.8666666666666667,0.8666666666666667,-1.0,-1.0
PM4_heatmap,2121129191,fragmented,34,5,83,0.9759036144578314,0.9759036144578314,-1.0,-1.0
PM4_heatmap,2121129191,fragmented,35,5,129,0.9922480620155039,0.9922480620155039,-1.0,-1.0
PM4_heatmap,2121129191,fragmented,36,5,76,1.0,1.0,-1.0,-1.0
PM4_heatmap,2121129191,fragmented,37,5,21,1.0,1.0,-1.0,-1.0
PM4_heatmap,2121129191,fragmented,41,5,80,1.0,1.0,-1.0,-1.0
PM4_heatmap,2121129191,fragmented,42,5,80,1.0,1.0,-1.0,-1.0
PM4_heatmap,2121129191,fragmented,43,5,40,0.975,0.975,-1.0,-1.0
PM4_heatmap,2121129191,fragmented,46,5,11,0.9090909090909091,0.9090909090909091,-1.0,-1.0
PM4_heatmap,2121129191,fragmented,47,5,47,0.9574468085106383,0.9574468085106383,-1.0,-1.0
PM4_heatmap,2121129191,fragmented,48,5,10,1.0,1.0,-1.0,-1.0
PM4_heatmap,2121129191,fragmented,6,6,3,1.0,1.0,-1.0,-1.0
PM4_heatmap,2121129191,fragmented,12,6,114,0.9736842105263158,0.9736842105263158,-1.0,-1.0
PM4_heatmap,2121129191,fragmented,13,6,81,1.0,1.0,-1.0,-1.0
PM4_heatmap,2121129191,fragmented,14,6,60,0.9833333333333333,0.9833333333333333,-1.0,-1.0
PM4_heatmap,2121129191,fragmented,19,6,499,0.9859719438877755,0.9859719438877755,-1.0,-1.0
PM4_heatmap,2121129191,fragmented,20,6,158,1.0,1.0,-1.0,-1.0
PM4_heatmap,2121129191,fragmented,21,6,176,0.9772727272727273,0.9772727272727273,-1.0,-1.0
PM4_heatmap,2121129191,fragmented,23,6,23,1.0,1.0,1.0,1.0
PM4_heatmap,2121129191,fragmented,24,6,115,0.991304347826087,0.991304347826087,1.0,1.0
PM4_heatmap,2121129191,fragmented,25,6,2,1.0,1.0,-1.0,-1.0
PM4_heatmap,2121129191,fragmented,26,6,77,0.987012987012987,0.987012987012987,-1.0,-1.0
PM4_heatmap,2121129191,fragmented,27,6,122,0.9754098360655737,0.9754098360655737,-1.0,-1.0
PM4_heatmap,2121129191,fragmented,33,6,157,0.9936305732484076,0.9936305732484076,-1.0,-1.0
PM4_heatmap,2121129191,fragmented,34,6,96,0.9895833333333334,0.9895833333333334,-1.0,-1.0
PM4_heatmap,2121129191,fragmented,35,6,85,0.9882352941176471,0.9882352941176471,-1.0,-1.0
PM4_heatmap,2121129191,fragmented,36,6,121,0.9917355371900827,0.9917355371900827,-1.0,-1.0
PM4_heatmap,2121129191,fragmented,39,6,20,1.0,1.0,-1.0,-1.0
PM4_heatmap,2121129191,fragmented,41,6,34,0.9705882352941176,0.9705882352941176,-1.0,-1.0
PM4_heatmap,2121129191,fragmented,42,6,24,1.0,1.0,1.0,1.0
PM4_heatmap,2121129191,fragmented,43,6,215,0.986046511627907,0.986046511627907,1.0,1.0
PM4_heatmap,2121129191,fragmented,44,6,42,1.0,1.0,-1.0,-1.0
PM4_heatmap,2121129191,fragmented,3,7,17,0.9411764705882353,0.9411764705882353,0.9411764705882353,0.9411764705882353
PM4_heatmap,2121129191,fragmented,4,7,17,0.9411764705882353,0.9411764705882353,0.9411764705882353,0.9411764705882353
PM4_heatmap,2121129191,fragmented,6,7,1,1.0,1.0,-1.0,-1.0
PM4_heatmap,2121129191,fragmented,9,7,4,1.0,1.0,-1.0,-1.0
PM4_heatmap,2121129191,fragmented,10,7,89,0.9887640449438202,0.9887640449438202,-1.0,-1.0
PM4_heatmap,2121129191,fragmented,11,7,245,0.9795918367346939,0.9795918367346939,-1.0,-1.0
PM4_heatmap,2121129191,fragmented,12,7,92,0.9782608695652174,0.9782608695652174,-1.0,-1.0
PM4_heatmap,2121129191,fragmented,13,7,77,1.0,1.0,-1.0,-1.0
PM4_heatmap,2121129191,fragmented,14,7,23,0.9565217391304348,0.9565217391304348,-1.0,-1.0
PM4_heatmap,2121129191,fragmented,19,7,189,0.9894179894179894,0.9894179894179894,-1.0,-1.0
PM4_heatmap,2121129191,fragmented,24,7,34,0.9705882352941176,0.9705882352941176,1.0,1.0
PM4_heatmap,2121129191,fragmented,25,7,13,0.9230769230769231,0.9230769230769231,-1.0,-1.0
PM4_heatmap,2121129191,fragmented,33,7,137,0.9927007299270073,0.9927007299270073,-1.0,-1.0
PM4_heatmap,2121129191,fragmented,34,7,21,1.0,1.0,-1.0,-1.0
PM4_heatmap,2121129191,fragmented,35,7,90,0.9888888888888889,0.9888888888888889,-1.0,-1.0
PM4_heatmap,2121129191,fragmented,36,7,99,0.98989898989899,0.98989898989899,-1.0,-1.0
PM4_heatmap,2121129191,fragmented,37,7,58,0.9827586206896551,0.9827586206896551,-1.0,-1.0
PM4_heatmap,2121129191,fragmented,39,7,42,1.0,1.0,-1.0,-1.0
PM4_heatmap,2121129191,fragmented,41,7,125,0.984,0.984,1.0,1.0
PM4_heatmap,2121129191,fragmented,42,7,479,0.9916492693110647,0.9916492693110647,0.993006993006993,0.993006993006993
PM4_heatmap,2121129191,fragmented,43,7,271,0.985239852398524,0.985239852398524,0.984375,0.984375
PM4_heatmap,2121129191,fragmented,44,7,82,0.9878048780487805,0.9878048780487805,1.0,1.0
PM4_heatmap,2121129191,fragmented,45,7,54,1.0,1.0,-1.0,-1.0
PM4_heatmap,2121129191,fragmented,49,7,3,1.0,1.0,-1.0,-1.0
PM4_heatmap,2121129191,fragmented,6,8,55,1.0,1.0,-1.0,-1.0
PM4_heatmap,2121129191,fragmented,9,8,82,1.0,1.0,-1.0,-1.0
PM4_heatmap,2121129191,fragmented,10,8,122,0.9918032786885246,0.9918032786885246,-1.0,-1.0
PM4_heatmap,2121129191,fragmented,11,8,154,0.9935064935064936,0.9935064935064936,-1.0,-1.0
PM4_heatmap,2121129191,fragmented,18,8,49,0.9795918367346939,0.9795918367346939,-1.0,-1.0
PM4_heatmap,2121129191,fragmented,19,8,285,0.9929824561403509,0.9929824561403509,-1.0,-1.0
PM4_heatmap,2121129191,fragmented,20,8,414,0.9951690821256038,0.9951690821256038,-1.0,-1.0
PM4_heatmap,2121129191,fragmented,21,8,397,0.9949622166246851,0.9949622166246851,-1.0,-1.0
PM4_heatmap,2121129191,fragmented,22,8,391,0.9923273657289002,0.9923273657289002,-1.0,-1.0
PM4_heatmap,2121129191,fragmented,23,8,107,0.9719626168224299,0.9719626168224299,-1.0,-1.0
PM4_heatmap,2121129191,fragmented,25,8,44,1.0,1.0,1.0,1.0
PM4_heatmap,2121129191,fragmented,26,8,303,0.9966996699669967,0.9966996699669967,1.0,1.0
PM4_heatmap,2121129191,fragmented,27,8,65,0.9846153846153847,0.9846153846153847,1.0,1.0
PM4_heatmap,2121129191,fragmented,33,8,235,0.9957446808510638,0.9957446808510638,1.0,1.0
PM4_heatmap,2121129191,fragmented,34,8,11,1.0,1.0,1.0,1.0
PM4_heatmap,2121129191,fragmented,35,8,74,0.9864864864864865,0.9864864864864865,-1.0,-1.0
PM4_heatmap,2121129191,fragmented,36,8,100,1.0,1.0,1.0,1.0
PM4_heatmap,2121129191,fragmented,37,8,358,0.994413407821229,0.994413407821229,1.0,1.0
PM4_heatmap,2121129191,fragmented,38,8,298,0.9932885906040269,0.9932885906040269,1.0,1.0
PM4_heatmap,2121129191,fragmented,39,8,149,0.9798657718120806,0.9798657718120806,-1.0,-1.0
PM4_heatmap,2121129191,fragmented,49,8,89,1.0,1.0,-1.0,-1.0
PM4_heatmap,2121129191,fragmented,3,9,33,0.9696969696969697,0.9696969696969697,-1.0,-1.0
PM4_heatmap,2121129191,fragmented,4,9,112,0.9732142857142857,0.9732142857142857,-1.0,-1.0
PM4_heatmap,2121129191,fragmented,5,9,103,1.0,1.0,-1.0,-1.0
PM4_heatmap,2121129191,fragmented,6,9,9,1.0,1.0,-1.0,-1.0
PM4_heatmap,2121129191,fragmented,11,9,2,0.5,0.5,-1.0,-1.0
PM4_heatmap,2121129191,fragmented,16,9,10,1.0,1.0,-1.0,-1.0
PM4_heatmap,2121129191,fragmented,19,9,17,1.0,1.0,-1.0,-1.0
PM4_heatmap,2121129191,fragmented,21,9,326,0.9969325153374233,0.9969325153374233,-1.0,-1.0
PM4_heatmap,2121129191,fragmented,22,9,3,1.0,1.0,-1.0,-1.0
PM4_heatmap,2121129191,fragmented,23,9,69,0.9855072463768116,0.9855072463768116,-1.0,-1.0
PM4_heatmap,2121129191,fragmented,25,9,58,0.9655172413793104,0.9655172413793104,-1.0,-1.0
PM4_heatmap,2121129191,fragmented,26,9,33,1.0,1.0,-1.0,-1.0
PM4_heatmap,2121129191,fragmented,28,9,46,0.9782608695652174,0.9782608695652174,-1.0,-1.0
PM4_heatmap,2121129191,fragmented,29,9,85,1.0,1.0,-1.0,-1.0
PM4_heatmap,2121129191,fragmented,30,9,185,0.9945945945945946,0.9945945945945946,-1.0,-1.0
PM4_heatmap,2121129191,fragmented,33,9,34,0.9705882352941176,0.9705882352941176,1.0,1.0
PM4_heatmap,2121129191,fragmented,34,9,3,1.0,1.0,-1.0,-1.0
PM4_heatmap,2121129191,fragmented,36,9,99,1.0,1.0,-1.0,-1.0
PM4_heatmap,2121129191,fragmented,38,9,159,1.0,1.0,1.0,1.0
PM4_heatmap,2121129191,fragmented,46,9,1,1.0,1.0,-1.0,-1.0
PM4_heatmap,2121129191,fragmented,49,9,76,1.0,1.0,-1.0,-1.0
PM4_heatmap,2121129191,fragmented,3,10,86,0.9767441860465116,0.9767441860465116,-1.0,-1.0
PM4_heatmap,2121129191,fragmented,5,10,118,1.0,1.0,-1.0,-1.0
PM4_heatmap,2121129191,fragmented,15,10,14,0.9285714285714286,0.9285714285714286,-1.0,-1.0
PM4_heatmap,2121129191,fragmented,16,10,27,0.9629629629629629,0.9629629629629629,-1.0,-1.0
PM4_heatmap,2121129191,fragmented,17,10,104,0.9903846153846154,0.9903846153846154,-1.0,-1.0
PM4_heatmap,2121129191,fragmented,18,10,78,0.9743589743589743,0.9743589743589743,-1.0,-1.0
PM4_heatmap,2121129191,fragmented,21,10,24,1.0,1.0,-1.0,-1.0
PM4_heatmap,2121129191,fragmented,25,10,32,0.96875,0.96875,-1.0,-1.0
PM4_heatmap,2121129191,fragmented,26,10,51,0.9803921568627451,0.9803921568627451,-1.0,-1.0
PM4_heatmap,2121129191,fragmented,27,10,1,0.0,0.0,-1.0,-1.0
PM4_heatmap,2121129191,fragmented,28,10,12,1.0,1.0,-1.0,-1.0
PM4_heatmap,2121129191,fragmented,30,10,33,0.9696969696969697,0.9696969696969697,-1.0,-1.0
PM4_heatmap,2121129191,fragmented,31,10,30,0.9666666666666667,0.9666666666666667,-1.0,-1.0
PM4_heatmap,2121129191,fragmented,33,10,72,0.9861111111111112,0.9861111111111112,-1.0,-1.0
PM4_heatmap,2121129191,fragmented,34,10,358,0.9804469273743017,0.9804469273743017,-1.0,-1.0
PM4_heatmap,2121129191,fragmented,36,10,92,0.9891304347826086,0.9891304347826086,-1.0,-1.0
PM4_heatmap,2121129191,fragmented,37,10,40,0.975,0.975,-1.0,-1.0
PM4_heatmap,2121129191,fragmented,38,10,21,0.9523809523809523,0.9523809523809523,-1.0,-1.0
PM4_heatmap,2121129191,fragmented,40,10,60,0.9666666666666667,0.9666666666666667,-1.0,-1.0
PM4_heatmap,2121129191,fragmented,45,10,103,1.0,1.0,-1.0,-1.0
PM4_heatmap,2121129191,fragmented,46,10,54,1.0,1.0,-1.0,-1.0
PM4_heatmap,2121129191,fragmented,48,10,48,1.0,1.0,-1.0,-1.0
PM4_heatmap,2121129191,fragmented,49,10,120,0.9833333333333333,0.9833333333333333,-1.0,-1.0
PM4_heatmap,2121129191,fragmented,2,11,71,0.971830985915493,0.971830985915493,-1.0,-1.0
PM4_heatmap,2121129191,fragmented,3,11,285,0.9789473684210527,0.9789473684210527,1.0,1.0
PM4_heatmap,2121129191,fragmented,4,11,589,0.9830220713073005,0.9830220713073005,-1.0,-1.0
PM4_heatmap,2121129191,fragmented,5,11,297,0.9865319865319865,0.9865319865319865,-1.0,-1.0
PM4_heatmap,2121129191,fragmented,6,11,95,0.968421052631579,0.968421052631579,-1.0,-1.0
PM4_heatmap,2121129191,fragmented,7,11,30,0.9666666666666667,0.9666666666666667,-1.0,-1.0
PM4_heatmap,2121129191,fragmented,8,11,33,0.9393939393939394,0.9393939393939394,-1.0,-1.0
PM4_heatmap,2121129191,fragmented,9,11,62,0.967741935483871,0.967741935483871,-1.0,-1.0
PM4_heatmap,2121129191,fragmented,10,11,78,0.9871794871794872,0.9871794871794872,-1.0,-1.0
PM4_heatmap,2121129191,fragmented,14,11,111,0.990990990990991,0.990990990990991,0.9861111111111112,0.9861111111111112
PM4_heatmap,2121129191,fragmented,15,11,97,0.979381443298969,0.979381443298969,0.9545454545454546,0.9545454545454546
PM4_heatmap,2121129191,fragmented,16,11,17,0.9411764705882353,0.9411764705882353,0.9411764705882353,0.9411764705882353
PM4_heatmap,2121129191,fragmented,18,11,82,0.9878048780487805,0.9878048780487805,-1.0,-1.0
PM4_heatmap,2121129191,fragmented,19,11,372,0.9946236559139785,0.9946236559139785,-1.0,-1.0
PM4_heatmap,2121129191,fragmented,22,11,2,1.0,1.0,-1.0,-1.0
PM4_heatmap,2121129191,fragmented,23,11,12,1.0,1.0,-1.0,-1.0
PM4_heatmap,2121129191,fragmented,25,11,58,0.9655172413793104,0.9655172413793104,-1.0,-1.0
PM4_heatmap,2121129191,fragmented,26,11,4,0.75,0.75,-1.0,-1.0
PM4_heatmap,2121129191,fragmented,27,11,60,0.9833333333333333,0.9833333333333333,-1.0,-1.0
PM4_heatmap,2121129191,fragmented,28,11,28,1.0,1.0,-1.0,-1.0
PM4_heatmap,2121129191,fragmented,29,11,36,0.9722222222222222,0.9722222222222222,-1.0,-1.0
PM4_heatmap,2121129191,fragmented,31,11,75,0.9733333333333334,0.9733333333333334,-1.0,-1.0
PM4_heatmap,2121129191,fragmented,32,11,41,0.975609756097561,0.975609756097561,-1.0,-1.0
PM4_heatmap,2121129191,fragmented,34,11,68,0.9705882352941176,0.9705882352941176,-1.0,-1.0
PM4_heatmap,2121129191,fragmented,35,11,16,0.9375,0.9375,-1.0,-1.0
PM4_heatmap,2121129191,fragmented,36,11,59,0.9830508474576272,0.9830508474576272,-1.0,-1.0
PM4_heatmap,2121129191,fragmented,45,11,122,0.9836065573770492,0.9836065573770492,-1.0,-1.0
PM4_heatmap,2121129191,fragmented,46,11,69,0.9855072463768116,0.9855072463768116,-1.0,-1.0
PM4_heatmap,2121129191,fragmented,47,11,73,0.958904109589041,0.958904109589041,-1.0,-1.0
PM4_heatmap,2121129191,fragmented,2,12,40,0.95,0.95,-1.0,-1.0
PM4_heatmap,2121129191,fragmented,3,12,235,0.9957446808510638,0.9957446808510638,1.0,1.0
PM4_heatmap,2121129191,fragmented,4,12,5,1.0,1.0,-1.0,-1.0
PM4_heatmap,2121129191,fragmented,5,12,47,0.9787234042553191,0.9787234042553191,-1.0,-1.0
PM4_heatmap,2121129191,fragmented,6,12,58,0.9827586206896551,0.9827586206896551,-1.0,-1.0
PM4_heatmap,2121129191,fragmented,7,12,107,0.9813084112149533,0.9813084112149533,-1.0,-1.0
PM4_heatmap,2121129191,fragmented,8,12,91,0.989010989010989,0.989010989010989,-1.0,-1.0
PM4_heatmap,2121129191,fragmented,10,12,84,0.9880952380952381,0.9880952380952381,-1.0,-1.0
PM4_heatmap,2121129191,fragmented,14,12,17,1.0,1.0,1.0,1.0
PM4_heatmap,2121129191,fragmented,18,12,11,1.0,1.0,-1.0,-1.0
PM4_heatmap,2121129191,fragmented,19,12,40,0.95,0.95,-1.0,-1.0
PM4_heatmap,2121129191,fragmented,23,12,70,0.9857142857142858,0.9857142857142858,-1.0,-1.0
PM4_heatmap,2121129191,fragmented,25,12,13,1.0,1.0,-1.0,-1.0
PM4_heatmap,2121129191,fragmented,27,12,20,0.95,0.95,0.95,0.95
PM4_heatmap,2121129191,fragmented,28,12,44,0.9545454545454546,0.9545454545454546,-1.0,-1.0
PM4_heatmap,2121129191,fragmented,30,12,26,0.9615384615384616,0.9615384615384616,-1.0,-1.0
PM4_heatmap,2121129191,fragmented,36,12,10,1.0,1.0,-1.0,-1.0
PM4_heatmap,2121129191,fragmented,38,12,6,1.0,1.0,-1.0,-1.0
PM4_heatmap,2121129191,fragmented,47,12,14,1.0,1.0,-1.0,-1.0
PM4_heatmap,2121129191,fragmented,1,13,18,0.9444444444444444,0.9444444444444444,-1.0,-1.0
PM4_heatmap,2121129191,fragmented,2,13,129,0.9922480620155039,0.9922480620155039,-1.0,-1.0
PM4_heatmap,2121129191,fragmented,3,13,1,1.0,1.0,-1.0,-1.0
PM4_heatmap,2121129191,fragmented,6,13,49,1.0,1.0,-1.0,-1.0
PM4_heatmap,2121129191,fragmented,7,13,59,1.0,1.0,-1.0,-1.0
PM4_heatmap,2121129191,fragmented,8,13,298,0.9865771812080537,0.9865771812080537,-1.0,-1.0
PM4_heatmap,2121129191,fragmented,9,13,288,0.9791666666666666,0.9791666666666666,-1.0,-1.0
PM4_heatmap,2121129191,fragmented,10,13,223,0.9865470852017937,0.9865470852017937,-1.0,-1.0
PM4_heatmap,2121129191,fragmented,11,13,9,1.0,1.0,-1.0,-1.0
PM4_heatmap,2121129191,fragmented,18,13,282,0.9929078014184397,0.9929078014184397,-1.0,-1.0
PM4_heatmap,2121129191,fragmented,21,13,83,0.9759036144578314,0.9759036144578314,-1.0,-1.0
PM4_heatmap,2121129191,fragmented,22,13,201,0.9900497512437811,0.9900497512437811,-1.0,-1.0
PM4_heatmap,2121129191,fragmented,23,13,348,0.9913793103448276,0.9913793103448276,-1.0,-1.0
PM4_heatmap,2121129191,fragmented,25,13,8,1.0,1.0,-1.0,-1.0
PM4_heatmap,2121129191,fragmented,26,13,279,0.989247311827957,0.989247311827957,0.9863013698630136,0.9863013698630136
PM4_heatmap,2121129191,fragmented,27,13,20,0.95,0.95,1.0,1.0
PM4_heatmap,2121129191,fragmented,28,13,159,0.9874213836477987,0.9874213836477987,-1.0,-1.0
PM4_heatmap,2121129191,fragmented,29,13,125,0.992,0.992,-1.0,-1.0
PM4_heatmap,2121129191,fragmented,30,13,70,0.9571428571428572,0.9571428571428572,-1.0,-1.0
PM4_heatmap,2121129191,fragmented,32,13,57,0.9824561403508771,0.9824561403508771,-1.0,-1.0
PM4_heatmap,2121129191,fragmented,33,13,189,0.9947089947089947,0.9947089947089947,-1.0,-1.0
PM4_heatmap,2121129191,fragmented,38,13,64,1.0,1.0,-1.0,-1.0
PM4_heatmap,2121129191,fragmented,39,13,71,0.9859154929577465,0.9859154929577465,-1.0,-1.0
PM4_heatmap,2121129191,fragmented,40,13,1,0.0,0.0,-1.0,-1.0
PM4_heatmap,2121129191,fragmented,46,13,46,0.9565217391304348,0.9565217391304348,-1.0,-1.0
PM4_heatmap,2121129191,fragmented,2,14,136,0.9852941176470589,0.9852941176470589,-1.0,-1.0
PM4_heatmap,2121129191,fragmented,3,14,28,1.0,1.0,-1.0,-1.0
PM4_heatmap,2121129191,fragmented,4,14,6,1.0,1.0,-1.0,-1.0
PM4_heatmap,2121129191,fragmented,7,14,24,0.9166666666666666,0.9166666666666666,-1.0,-1.0
PM4_heatmap,2121129191,fragmented,8,14,70,0.9714285714285714,0.9714285714285714,-1.0,-1.0
PM4_heatmap,2121129191,fragmented,10,14,57,0.9649122807017544,0.9649122807017544,-1.0,-1.0
PM4_heatmap,2121129191,fragmented,11,14,83,1.0,1.0,-1.0,-1.0
PM4_heatmap,2121129191,fragmented,12,14,61,1.0,1.0,-1.0,-1.0
PM4_heatmap,2121129191,fragmented,13,14,164,1.0,1.0,-1.0,-1.0
PM4_heatmap,2121129191,fragmented,14,14,202,0.9900990099009901,0.9900990099009901,-1.0,-1.0
PM4_heatmap,2121129191,fragmented,15,14,156,0.9935897435897436,0.9935897435897436,-1.0,-1.0
PM4_heatmap,2121129191,fragmented,17,14,218,0.9908256880733946,0.9908256880733946,-1.0,-1.0
PM4_heatmap,2121129191,fragmented,18,14,75,1.0,1.0,-1.0,-1.0
PM4_heatmap,2121129191,fragmented,19,14,34,0.9705882352941176,0.9705882352941176,-1.0,-1.0
PM4_heatmap,2121129191,fragmented,20,14,22,0.9545454545454546,0.9545454545454546,-1.0,-1.0
PM4_heatmap,2121129191,fragmented,21,14,25,0.96,0.96,-1.0,-1.0
PM4_heatmap,2121129191,fragmented,22,14,25,0.96,0.96,-1.0,-1.0
PM4_heatmap,2121129191,fragmented,23,14,58,0.9827586206896551,0.9827586206896551,-1.0,-1.0
PM4_heatmap,2121129191,fragmented,24,14,113,0.9911504424778761,0.9911504424778761,-1.0,-1.0
PM4_heatmap,2121129191,fragmented,25,14,31,0.967741935483871,0.967741935483871,-1.0,-1.0
PM4_heatmap,2121129191,fragmented,26,14,121,0.9834710743801653,0.9834710743801653,1.0,1.0
PM4_heatmap,2121129191,fragmented,33,14,501,0.9920159680638723,0.9920159680638723,-1.0,-1.0
PM4_heatmap,2121129191,fragmented,35,14,14,1.0,1.0,-1.0,-1.0
PM4_heatmap,2121129191,fragmented,40,14,25,1.0,1.0,1.0,1.0
PM4_heatmap,2121129191,fragmented,41,14,22,1.0,1.0,1.0,1.0
PM4_heatmap,2121129191,fragmented,45,14,20,1.0,1.0,-1.0,-1.0
PM4_heatmap,2121129191,fragmented,46,14,70,1.0,1.0,-1.0,-1.0
PM4_heatmap,2121129191,fragmented,2,15,23,1.0,1.0,-1.0,-1.0
PM4_heatmap,2121129191,fragmented,3,15,74,0.9864864864864865,0.9864864864864865,-1.0,-1.0
PM4_heatmap,2121129191,fragmented,4,15,6,1.0,1.0,-1.0,-1.0
PM4_heatmap,2121129191,fragmented,6,15,5,1.0,1.0,-1.0,-1.0
PM4_heatmap,2121129191,fragmented,8,15,98,0.9795918367346939,0.9795918367346939,-1.0,-1.0
PM4_heatmap,2121129191,fragmented,9,15,73,0.9726027397260274,0.9726027397260274,-1.0,-1.0
PM4_heatmap,2121129191,fragmented,10,15,44,1.0,1.0,-1.0,-1.0
PM4_heatmap,2121129191,fragmented,11,15,57,1.0,1.0,1.0,1.0
PM4_heatmap,2121129191,fragmented,13,15,146,0.9931506849315068,0.9931506849315068,-1.0,-1.0
PM4_heatmap,2121129191,fragmented,15,15,234,0.9829059829059829,0.9829059829059829,-1.0,-1.0
PM4_heatmap,2121129191,fragmented,17,15,165,0.9939393939393939,0.9939393939393939,-1.0,-1.0
PM4_heatmap,2121129191,fragmented,18,15,59,0.9830508474576272,0.9830508474576272,-1.0,-1.0
PM4_heatmap,2121129191,fragmented,19,15,71,0.9859154929577465,0.9859154929577465,-1.0,-1.0
PM4_heatmap,2121129191,fragmented,20,15,10,0.9,0.9,-1.0,-1.0
PM4_heatmap,2121129191,fragmented,24,15,102,1.0,1.0,-1.0,-1.0
PM4_heatmap,2121129191,fragmented,25,15,268,0.9850746268656716,0.9850746268656716,-1.0,-1.0
PM4_heatmap,2121129191,fragmented,27,15,33,1.0,1.0,-1.0,-1.0
PM4_heatmap,2121129191,fragmented,32,15,47,0.9787234042553191,0.9787234042553191,-1.0,-1.0
PM4_heatmap,2121129191,fragmented,33,15,321,0.9844236760124611,0.9844236760124611,-1.0,-1.0
PM4_heatmap,2121129191,fragmented,34,15,11,1.0,1.0,-1.0,-1.0
PM4_heatmap,2121129191,fragmented,35,15,3,1.0,1.0,-1.0,-1.0
PM4_heatmap,2121129191,fragmented,36,15,170,0.9882352941176471,0.9882352941176471,-1.0,-1.0
PM4_heatmap,2121129191,fragmented,41,15,66,1.0,1.0,1.0,1.0
PM4_heatmap,2121129191,fragmented,42,15,20,1.0,1.0,1.0,1.0
PM4_heatmap,2121129191,fragmented,43,15,8,0.875,0.875,-1.0,-1.0
PM4_heatmap,2121129191,fragmented,46,15,106,0.9905660377358491,0.9905660377358491,-1.0,-1.0
PM4_heatmap,2121129191,fragmented,1,16,64,0.96875,0.96875,-1.0,-1.0
PM4_heatmap,2121129191,fragmented,2,16,91,0.978021978021978,0.978021978021978,-1.0,-1.0
PM4_heatmap,2121129191,fragmented,3,16,62,0.9838709677419355,0.9838709677419355,-1.0,-1.0
PM4_heatmap,2121129191,fragmented,5,16,43,0.9767441860465116,0.9767441860465116,-1.0,-1.0
PM4_heatmap,2121129191,fragmented,6,16,28,0.9285714285714286,0.9285714285714286,-1.0,-1.0
PM4_heatmap,2121129191,fragmented,7,16,14,0.9285714285714286,0.9285714285714286,-1.0,-1.0
PM4_heatmap,2121129191,fragmented,8,16,36,0.9444444444444444,0.9444444444444444,-1.0,-1.0
PM4_heatmap,2121129191,fragmented,10,16,48,0.9791666666666666,0.9791666666666666,-1.0,-1.0
PM4_heatmap,2121129191,fragmented,11,16,98,0.9897959183673469,0.9897959183673469,1.0,1.0
PM4_heatmap,2121129191,fragmented,12,16,65,1.0,1.0,-1.0,-1.0
PM4_heatmap,2121129191,fragmented,13,16,87,0.9770114942528736,0.9770114942528736,-1.0,-1.0
PM4_heatmap,2121129191,fragmented,14,16,23,0.9565217391304348,0.9565217391304348,-1.0,-1.0
PM4_heatmap,2121129191,fragmented,15,16,43,0.9534883720930233,0.9534883720930233,-1.0,-1.0
PM4_heatmap,2121129191,fragmented,18,16,100,0.98,0.98,-1.0,-1.0
PM4_heatmap,2121129191,fragmented,20,16,31,0.967741935483871,0.967741935483871,1.0,1.0
PM4_heatmap,2121129191,fragmented,24,16,21,1.0,1.0,-1.0,-1.0
PM4_heatmap,2121129191,fragmented,25,16,288,0.9861111111111112,0.9861111111111112,-1.0,-1.0
PM4_heatmap,2121129191,fragmented,26,16,74,1.0,1.0,-1.0,-1.0
PM4_heatmap,2121129191,fragmented,27,16,165,1.0,1.0,-1.0,-1.0
PM4_heatmap,2121129191,fragmented,33,16,78,1.0,1.0,-1.0,-1.0
PM4_heatmap,2121129191,fragmented,35,16,6,0.8333333333333334,0.8333333333333334,-1.0,-1.0
PM4_heatmap,2121129191,fragmented,36,16,146,0.9931506849315068,0.9931506849315068,-1.0,-1.0
PM4_heatmap,2121129191,fragmented,38,16,12,1.0,1.0,-1.0,-1.0
PM4_heatmap,2121129191,fragmented,39,16,42,0.9761904761904762,0.9761904761904762,-1.0,-1.0
PM4_heatmap,2121129191,fragmented,40,16,100,0.97,0.97,-1.0,-1.0
PM4_heatmap,2121129191,fragmented,41,16,141,0.9716312056737588,0.9716312056737588,1.0,1.0
PM4_heatmap,2121129191,fragmented,42,16,77,0.987012987012987,0.987012987012987,1.0,1.0
PM4_heatmap,2121129191,fragmented,43,16,58,0.9827586206896551,0.9827586206896551,-1.0,-1.0
PM4_heatmap,2121129191,fragmented,44,16,55,1.0,1.0,-1.0,-1.0
PM4_heatmap,2121129191,fragmented,45,16,14,0.9285714285714286,0.9285714285714286,-1.0,-1.0
PM4_heatmap,2121129191,fragmented,46,16,94,0.9787234042553191,0.9787234042553191,-1.0,-1.0
PM4_heatmap,2121129191,fragmented,3,17,4,0.75,0.75,-1.0,-1.0
PM4_heatmap,2121129191,fragmented,11,17,144,0.9791666666666666,0.9791666666666666,1.0,1.0
PM4_heatmap,2121129191,fragmented,13,17,5,0.8,0.8,-1.0,-1.0
PM4_heatmap,2121129191,fragmented,20,17,29,0.9655172413793104,0.9655172413793104,1.0,1.0
PM4_heatmap,2121129191,fragmented,24,17,102,1.0,1.0,-1.0,-1.0
PM4_heatmap,2121129191,fragmented,25,17,175,0.9828571428571429,0.9828571428571429,-1.0,-1.0
PM4_heatmap,2121129191,fragmented,26,17,4,1.0,1.0,-1.0,-1.0
PM4_heatmap,2121129191,fragmented,27,17,94,1.0,1.0,-1.0,-1.0
PM4_heatmap,2121129191,fragmented,28,17,47,0.9787234042553191,0.9787234042553191,0.9787234042553191,0.9787234042553191
PM4_heatmap,2121129191,fragmented,29,17,61,0.9836065573770492,0.9836065573770492,0.9836065573770492,0.9836065573770492
PM4_heatmap,2121129191,fragmented,33,17,103,1.0,1.0,-1.0,-1.0
PM4_heatmap,2121129191,fragmented,34,17,8,1.0,1.0,-1.0,-1.0
PM4_heatmap,2121129191,fragmented,36,17,23,1.0,1.0,-1.0,-1.0
PM4_heatmap,2121129191,fragmented,37,17,37,1.0,1.0,-1.0,-1.0
PM4_heatmap,2121129191,fragmented,38,17,28,0.9285714285714286,0.9285714285714286,-1.0,-1.0
PM4_heatmap,2121129191,fragmented,39,17,78,0.9871794871794872,0.9871794871794872,-1.0,-1.0
PM4_heatmap,2121129191,fragmented,40,17,79,0.9873417721518988,0.9873417721518988,-1.0,-1.0
PM4_heatmap,2121129191,fragmented,41,17,48,0.9791666666666666,0.9791666666666666,-1.0,-1.0
PM4_heatmap,2121129191,fragmented,42,17,6,1.0,1.0,-1.0,-1.0
PM4_heatmap,2121129191,fragmented,43,17,30,1.0,1.0,-1.0,-1.0
PM4_heatmap,2121129191,fragmented,44,17,86,0.9883720930232558,0.9883720930232558,-1.0,-1.0
PM4_heatmap,2121129191,fragmented,46,17,15,0.9333333333333333,0.9333333333333333,-1.0,-1.0
PM4_heatmap,2121129191,fragmented,47,17,39,0.9743589743589743,0.9743589743589743,-1.0,-1.0
PM4_heatmap,2121129191,fragmented,11,18,97,0.9896907216494846,0.9896907216494846,1.0,1.0
PM4_heatmap,2121129191,fragmented,19,18,6,1.0,1.0,-1.0,-1.0
PM4_heatmap,2121129191,fragmented,22,18,42,0.9523809523809523,0.9523809523809523,-1.0,-1.0
PM4_heatmap,2121129191,fragmented,25,18,143,0.9790209790209791,0.9790209790209791,-1.0,-1.0
PM4_heatmap,2121129191,fragmented,26,18,16,1.0,1.0,-1.0,-1.0
PM4_heatmap,2121129191,fragmented,27,18,99,1.0,1.0,1.0,1.0
PM4_heatmap,2121129191,fragmented,29,18,62,0.967741935483871,0.967741935483871,-1.0,-1.0
PM4_heatmap,2121129191,fragmented,33,18,4,1.0,1.0,-1.0,-1.0
PM4_heatmap,2121129191,fragmented,39,18,33,1.0,1.0,-1.0,-1.0
PM4_heatmap,2121129191,fragmented,40,18,22,1.0,1.0,-1.0,-1.0
PM4_heatmap,2121129191,fragmented,42,18,20,1.0,1.0,-1.0,-1.0
PM4_heatmap,2121129191,fragmented,44,18,122,0.9754098360655737,0.9754098360655737,-1.0,-1.0
PM4_heatmap,2121129191,fragmented,45,18,11,0.9090909090909091,0.9090909090909091,-1.0,-1.0
PM4_heatmap,2121129191,fragmented,47,18,33,0.9696969696969697,0.9696969696969697,-1.0,-1.0
PM4_heatmap,2121129191,fragmented,8,19,56,0.9821428571428571,0.9821428571428571,-1.0,-1.0
PM4_heatmap,2121129191,fragmented,9,19,14,0.9285714285714286,0.9285714285714286,-1.0,-1.0
PM4_heatmap,2121129191,fragmented,11,19,132,1.0,1.0,1.0,1.0
PM4_heatmap,2121129191,fragmented,14,19,91,0.978021978021978,0.978021978021978,1.0,1.0
PM4_heatmap,2121129191,fragmented,15,19,65,1.0,1.0,1.0,1.0
PM4_heatmap,2121129191,fragmented,16,19,24,1.0,1.0,-1.0,-1.0
PM4_heatmap,2121129191,fragmented,17,19,62,1.0,1.0,-1.0,-1.0
PM4_heatmap,2121129191,fragmented,19,19,54,1.0,1.0,-1.0,-1.0
PM4_heatmap,2121129191,fragmented,20,19,2,1.0,1.0,-1.0,-1.0
PM4_heatmap,2121129191,fragmented,26,19,4,0.75,0.75,-1.0,-1.0
PM4_heatmap,2121129191,fragmented,27,19,57,0.9824561403508771,0.9824561403508771,-1.0,-1.0
PM4_heatmap,2121129191,fragmented,28,19,8,0.875,0.875,-1.0,-1.0
PM4_heatmap,2121129191,fragmented,29,19,61,0.9672131147540983,0.9672131147540983,-1.0,-1.0
PM4_heatmap,2121129191,fragmented,44,19,78,1.0,1.0,-1.0,-1.0
PM4_heatmap,2121129191,fragmented,47,19,17,1.0,1.0,-1.0,-1.0
PM4_heatmap,2121129191,fragmented,48,19,36,0.9722222222222222,0.9722222222222222,-1.0,-1.0
PM4_heatmap,2121129191,fragmented,49,19,13,1.0,1.0,-1.0,-1.0
PM4_heatmap,2121129191,fragmented,3,20,24,0.9583333333333334,0.9583333333333334,-1.0,-1.0
PM4_heatmap,2121129191,fragmented,4,20,22,0.9545454545454546,0.9545454545454546,-1.0,-1.0
PM4_heatmap,2121129191,fragmented,11,20,110,1.0,1.0,1.0,1.0
PM4_heatmap,2121129191,fragmented,12,20,2,1.0,1.0,-1.0,-1.0
PM4_heatmap,2121129191,fragmented,14,20,8,1.0,1.0,-1.0,-1.0
PM4_heatmap,2121129191,fragmented,15,20,10,1.0,1.0,1.0,1.0
PM4_heatmap,2121129191,fragmented,16,20,68,0.9852941176470589,0.9852941176470589,-1.0,-1.0
PM4_heatmap,2121129191,fragmented,20,20,2,1.0,1.0,-1.0,-1.0
PM4_heatmap,2121129191,fragmented,26,20,44,1.0,1.0,-1.0,-1.0
PM4_heatmap,2121129191,fragmented,27,20,113,0.9823008849557522,0.9823008849557522,-1.0,-1.0
PM4_heatmap,2121129191,fragmented,29,20,116,0.9913793103448276,0.9913793103448276,-1.0,-1.0
PM4_heatmap,2121129191,fragmented,30,20,49,1.0,1.0,-1.0,-1.0
PM4_heatmap,2121129191,fragmented,42,20,13,1.0,1.0,-1.0,-1.0
PM4_heatmap,2121129191,fragmented,44,20,92,1.0,1.0,-1.0,-1.0
PM4_heatmap,2121129191,fragmented,49,20,102,0.9901960784313726,0.9901960784313726,-1.0,-1.0
PM4_heatmap,2121129191,fragmented,11,21,24,1.0,1.0,1.0,1.0
PM4_heatmap,2121129191,fragmented,12,21,15,1.0,1.0,1.0,1.0
PM4_heatmap,2121129191,fragmented,13,21,48,0.9791666666666666,0.9791666666666666,-1.0,-1.0
PM4_heatmap,2121129191,fragmented,14,21,55,0.9818181818181818,0.9818181818181818,1.0,1.0
PM4_heatmap,2121129191,fragmented,15,21,92,1.0,1.0,1.0,1.0
PM4_heatmap,2121129191,fragmented,16,21,213,0.9953051643192489,0.9953051643192489,-1.0,-1.0
PM4_heatmap,2121129191,fragmented,17,21,94,0.9787234042553191,0.9787234042553191,-1.0,-1.0
PM4_heatmap,2121129191,fragmented,19,21,2,1.0,1.0,-1.0,-1.0
PM4_heatmap,2121129191,fragmented,20,21,97,1.0,1.0,-1.0,-1.0
PM4_heatmap,2121129191,fragmented,26,21,12,0.9166666666666666,0.9166666666666666,-1.0,-1.0
PM4_heatmap,2121129191,fragmented,27,21,101,0.9900990099009901,0.9900990099009901,-1.0,-1.0
PM4_heatmap,2121129191,fragmented,28,21,20,1.0,1.0,-1.0,-1.0
PM4_heatmap,2121129191,fragmented,42,21,10,0.8,0.8,-1.0,-1.0
PM4_heatmap,2121129191,fragmented,43,21,16,1.0,1.0,-1.0,-1.0
PM4_heatmap,2121129191,fragmented,44,21,65,1.0,1.0,-1.0,-1.0
PM4_heatmap,2121129191,fragmented,11,22,69,1.0,1.0,-1.0,-1.0
PM4_heatmap,2121129191,fragmented,12,22,86,0.9883720930232558,0.9883720930232558,-1.0,-1.0
PM4_heatmap,2121129191,fragmented,13,22,133,0.9774436090225563,0.9774436090225563,-1.0,-1.0
PM4_heatmap,2121129191,fragmented,14,22,36,0.9722222222222222,0.9722222222222222,-1.0,-1.0
PM4_heatmap,2121129191,fragmented,16,22,213,0.9906103286384976,0.9906103286384976,-1.0,-1.0
PM4_heatmap,2121129191,fragmented,17,22,174,1.0,1.0,-1.0,-1.0
PM4_heatmap,2121129191,fragmented,18,22,203,0.9901477832512315,0.9901477832512315,-1.0,-1.0
PM4_heatmap,2121129191,fragmented,19,22,154,0.974025974025974,0.974025974025974,-1.0,-1.0
PM4_heatmap,2121129191,fragmented,20,22,297,0.9932659932659933,0.9932659932659933,-1.0,-1.0
PM4_heatmap,2121129191,fragmented,27,22,60,0.9833333333333333,0.9833333333333333,-1.0,-1.0
PM4_heatmap,2121129191,fragmented,28,22,189,0.9894179894179894,0.9894179894179894,-1.0,-1.0
PM4_heatmap,2121129191,fragmented,29,22,90,0.9666666666666667,0.9666666666666667,-1.0,-1.0
PM4_heatmap,2121129191,fragmented,30,22,38,0.9473684210526315,0.9473684210526315,-1.0,-1.0
PM4_heatmap,2121129191,fragmented,36,22,6,1.0,1.0,-1.0,-1.0
PM4_heatmap,2121129191,fragmented,37,22,56,0.9821428571428571,0.9821428571428571,0.9285714285714286,0.9285714285714286
PM4_heatmap,2121129191,fragmented,38,22,2,1.0,1.0,1.0,1.0
PM4_heatmap,2121129191,fragmented,41,22,28,0.9642857142857143,0.9642857142857143,-1.0,-1.0
PM4_heatmap,2121129191,fragmented,42,22,34,0.9705882352941176,0.9705882352941176,-1.0,-1.0
PM4_heatmap,2121129191,fragmented,5,23,15,1.0,1.0,1.0,1.0
PM4_heatmap,2121129191,fragmented,11,23,33,0.9393939393939394,0.9393939393939394,-1.0,-1.0
PM4_heatmap,2121129191,fragmented,13,23,13,1.0,1.0,-1.0,-1.0
PM4_heatmap,2121129191,fragmented,16,23,91,1.0,1.0,-1.0,-1.0
PM4_heatmap,2121129191,fragmented,18,23,242,0.987603305785124,0.987603305785124,-1.0,-1.0
PM4_heatmap,2121129191,fragmented,19,23,61,0.9344262295081968,0.9344262295081968,-1.0,-1.0
PM4_heatmap,2121129191,fragmented,20,23,21,1.0,1.0,-1.0,-1.0
PM4_heatmap,2121129191,fragmented,21,23,90,0.9777777777777777,0.9777777777777777,-1.0,-1.0
PM4_heatmap,2121129191,fragmented,30,23,27,1.0,1.0,-1.0,-1.0
PM4_heatmap,2121129191,fragmented,37,23,150,0.9933333333333333,0.9933333333333333,0.9375,0.9375
PM4_heatmap,2121129191,fragmented,38,23,94,0.9787234042553191,0.9787234042553191,-1.0,-1.0
PM4_heatmap,2121129191,fragmented,40,23,46,0.9565217391304348,0.9565217391304348,-1.0,-1.0
PM4_heatmap,2121129191,fragmented,41,23,57,0.9649122807017544,0.9649122807017544,-1.0,-1.0
PM4_heatmap,2121129191,fragmented,4,24,31,0.967741935483871,0.967741935483871,1.0,1.0
PM4_heatmap,2121129191,fragmented,5,24,111,1.0,1.0,1.0,1.0
PM4_heatmap,2121129191,fragmented,11,24,38,1.0,1.0,-1.0,-1.0
PM4_heatmap,2121129191,fragmented,12,24,45,0.9555555555555556,0.9555555555555556,-1.0,-1.0
PM4_heatmap,2121129191,fragmented,13,24,107,1.0,1.0,-1.0,-1.0
PM4_heatmap,2121129191,fragmented,16,24,178,0.9887640449438202,0.9887640449438202,-1.0,-1.0
PM4_heatmap,2121129191,fragmented,17,24,113,0.9823008849557522,0.9823008849557522,-1.0,-1.0
PM4_heatmap,2121129191,fragmented,18,24,93,0.989247311827957,0.989247311827957,-1.0,-1.0
PM4_heatmap,2121129191,fragmented,19,24,26,1.0,1.0,-1.0,-1.0
PM4_heatmap,2121129191,fragmented,20,24,11,1.0,1.0,-1.0,-1.0
PM4_heatmap,2121129191,fragmented,21,24,121,0.9917355371900827,0.9917355371900827,-1.0,-1.0
PM4_heatmap,2121129191,fragmented,30,24,5,1.0,1.0,1.0,1.0
PM4_heatmap,2121129191,fragmented,31,24,55,1.0,1.0,1.0,1.0
PM4_heatmap,2121129191,fragmented,37,24,5,1.0,1.0,-1.0,-1.0
PM4_heatmap,2121129191,fragmented,38,24,538,0.9888475836431226,0.9888475836431226,-1.0,-1.0
PM4_heatmap,2121129191,fragmented,39,24,515,0.9844660194174757,0.9844660194174757,-1.0,-1.0
PM4_heatmap,2121129191,fragmented,40,24,42,1.0,1.0,-1.0,-1.0
PM4_heatmap,2121129191,fragmented,41,24,20,1.0,1.0,-1.0,-1.0
PM4_heatmap,2121129191,fragmented,42,24,55,0.9454545454545454,0.9454545454545454,-1.0,-1.0
PM4_heatmap,2121129191,fragmented,2,25,15,0.9333333333333333,0.9333333333333333,-1.0,-1.0
PM4_heatmap,2121129191,fragmented,3,25,99,0.98989898989899,0.98989898989899,-1.0,-1.0
PM4_heatmap,2121129191,fragmented,4,25,147,0.9931972789115646,0.9931972789115646,-1.0,-1.0
PM4_heatmap,2121129191,fragmented,5,25,251,0.9800796812749004,0.9800796812749004,-1.0,-1.0
PM4_heatmap,2121129191,fragmented,10,25,20,0.9,0.9,-1.0,-1.0
PM4_heatmap,2121129191,fragmented,11,25,9,0.8888888888888888,0.8888888888888888,-1.0,-1.0
PM4_heatmap,2121129191,fragmented,13,25,164,1.0,1.0,-1.0,-1.0
PM4_heatmap,2121129191,fragmented,14,25,34,0.9411764705882353,0.9411764705882353,-1.0,-1.0
PM4_heatmap,2121129191,fragmented,15,25,9,1.0,1.0,-1.0,-1.0
PM4_heatmap,2121129191,fragmented,17,25,17,0.9411764705882353,0.9411764705882353,-1.0,-1.0
PM4_heatmap,2121129191,fragmented,18,25,53,0.9622641509433962,0.9622641509433962,-1.0,-1.0
PM4_heatmap,2121129191,fragmented,19,25,248,0.9919354838709677,0.9919354838709677,-1.0,-1.0
PM4_heatmap,2121129191,fragmented,20,25,190,1.0,1.0,-1.0,-1.0
PM4_heatmap,2121129191,fragmented,22,25,65,1.0,1.0,-1.0,-1.0
PM4_heatmap,2121129191,fragmented,23,25,103,0.9902912621359223,0.9902912621359223,-1.0,-1.0
PM4_heatmap,2121129191,fragmented,24,25,53,0.9811320754716981,0.9811320754716981,-1.0,-1.0
PM4_heatmap,2121129191,fragmented,25,25,85,0.9882352941176471,0.9882352941176471,-1.0,-1.0
PM4_heatmap,2121129191,fragmented,26,25,99,0.98989898989899,0.98989898989899,-1.0,-1.0
PM4_heatmap,2121129191,fragmented,31,25,64,0.9375,0.9375,-1.0,-1.0
PM4_heatmap,2121129191,fragmented,36,25,114,0.9912280701754386,0.9912280701754386,-1.0,-1.0
PM4_heatmap,2121129191,fragmented,37,25,8,1.0,1.0,-1.0,-1.0
PM4_heatmap,2121129191,fragmented,38,25,508,0.9862204724409449,0.9862204724409449,-1.0,-1.0
PM4_heatmap,2121129191,fragmented,39,25,630,0.9904761904761905,0.9904761904761905,-1.0,-1.0
PM4_heatmap,2121129191,fragmented,40,25,374,0.9866310160427807,0.9866310160427807,-1.0,-1.0
PM4_heatmap,2121129191,fragmented,41,25,180,1.0,1.0,1.0,1.0
PM4_heatmap,2121129191,fragmented,42,25,473,0.985200845665962,0.985200845665962,1.0,1.0
PM4_heatmap,2121129191,fragmented,43,25,113,0.9646017699115044,0.9646017699115044,-1.0,-1.0
PM4_heatmap,2121129191,fragmented,44,25,69,1.0,1.0,-1.0,-1.0
PM4_heatmap,2121129191,fragmented,45,25,106,0.9905660377358491,0.9905660377358491,-1.0,-1.0
PM4_heatmap,2121129191,fragmented,46,25,17,0.8235294117647058,0.8235294117647058,-1.0,-1.0
PM4_heatmap,2121129191,fragmented,4,26,35,0.9714285714285714,0.9714285714285714,-1.0,-1.0
PM4_heatmap,2121129191,fragmented,5,26,25,0.96,0.96,-1.0,-1.0
PM4_heatmap,2121129191,fragmented,7,26,500,0.984,0.984,-1.0,-1.0
PM4_heatmap,2121129191,fragmented,8,26,149,1.0,1.0,-1.0,-1.0
PM4_heatmap,2121129191,fragmented,10,26,16,1.0,1.0,-1.0,-1.0
PM4_heatmap,2121129191,fragmented,12,26,69,0.9855072463768116,0.9855072463768116,-1.0,-1.0
PM4_heatmap,2121129191,fragmented,13,26,21,1.0,1.0,-1.0,-1.0
PM4_heatmap,2121129191,fragmented,14,26,22,0.9545454545454546,0.9545454545454546,-1.0,-1.0
PM4_heatmap,2121129191,fragmented,15,26,13,1.0,1.0,-1.0,-1.0
PM4_heatmap,2121129191,fragmented,19,26,126,0.9841269841269841,0.9841269841269841,1.0,1.0
PM4_heatmap,2121129191,fragmented,22,26,249,0.9919678714859438,0.9919678714859438,-1.0,-1.0
PM4_heatmap,2121129191,fragmented,24,26,182,0.9725274725274725,0.9725274725274725,-1.0,-1.0
PM4_heatmap,2121129191,fragmented,25,26,93,0.978494623655914,0.978494623655914,-1.0,-1.0
PM4_heatmap,2121129191,fragmented,26,26,96,0.9895833333333334,0.9895833333333334,-1.0,-1.0
PM4_heatmap,2121129191,fragmented,27,26,70,1.0,1.0,-1.0,-1.0
PM4_heatmap,2121129191,fragmented,30,26,19,0.9473684210526315,0.9473684210526315,1.0,1.0
PM4_heatmap,2121129191,fragmented,31,26,129,0.9767441860465116,0.9767441860465116,1.0,1.0
PM4_heatmap,2121129191,fragmented,36,26,158,1.0,1.0,-1.0,-1.0
PM4_heatmap,2121129191,fragmented,37,26,304,0.993421052631579,0.993421052631579,-1.0,-1.0
PM4_heatmap,2121129191,fragmented,38,26,444,0.990990990990991,0.990990990990991,-1.0,-1.0
PM4_heatmap,2121129191,fragmented,41,26,25,0.92,0.92,1.0,1.0
PM4_heatmap,2121129191,fragmented,42,26,173,0.9826589595375722,0.9826589595375722,-1.0,-1.0
PM4_heatmap,2121129191,fragmented,43,26,28,1.0,1.0,-1.0,-1.0
PM4_heatmap,2121129191,fragmented,44,26,146,1.0,1.0,-1.0,-1.0
PM4_heatmap,2121129191,fragmented,3,27,74,0.9864864864864865,0.9864864864864865,0.9642857142857143,0.9642857142857143
PM4_heatmap,2121129191,fragmented,4,27,227,0.9911894273127754,0.9911894273127754,-1.0,-1.0
PM4_heatmap,2121129191,fragmented,5,27,92,0.9891304347826086,0.9891304347826086,-1.0,-1.0
PM4_heatmap,2121129191,fragmented,6,27,9,1.0,1.0,-1.0,-1.0
PM4_heatmap,2121129191,fragmented,7,27,136,0.9852941176470589,0.9852941176470589,-1.0,-1.0
PM4_heatmap,2121129191,fragmented,12,27,31,0.967741935483871,0.967741935483871,-1.0,-1.0
PM4_heatmap,2121129191,fragmented,14,27,48,0.9791666666666666,0.9791666666666666,-1.0,-1.0
PM4_heatmap,2121129191,fragmented,19,27,143,1.0,1.0,1.0,1.0
PM4_heatmap,2121129191,fragmented,22,27,38,1.0,1.0,-1.0,-1.0
PM4_heatmap,2121129191,fragmented,24,27,154,1.0,1.0,-1.0,-1.0
PM4_heatmap,2121129191,fragmented,25,27,171,0.9766081871345029,0.9766081871345029,-1.0,-1.0
PM4_heatmap,2121129191,fragmented,26,27,29,1.0,1.0,-1.0,-1.0
PM4_heatmap,2121129191,fragmented,27,27,163,1.0,1.0,-1.0,-1.0
PM4_heatmap,2121129191,fragmented,28,27,78,1.0,1.0,-1.0,-1.0
PM4_heatmap,2121129191,fragmented,29,27,103,1.0,1.0,-1.0,-1.0
PM4_heatmap,2121129191,fragmented,30,27,157,0.9936305732484076,0.9936305732484076,-1.0,-1.0
PM4_heatmap,2121129191,fragmented,31,27,102,0.9901960784313726,0.9901960784313726,-1.0,-1.0
PM4_heatmap,2121129191,fragmented,32,27,77,0.974025974025974,0.974025974025974,-1.0,-1.0
PM4_heatmap,2121129191,fragmented,36,27,72,1.0,1.0,-1.0,-1.0
PM4_heatmap,2121129191,fragmented,37,27,66,0.9696969696969697,0.9696969696969697,-1.0,-1.0
PM4_heatmap,2121129191,fragmented,38,27,200,0.98,0.98,-1.0,-1.0
PM4_heatmap,2121129191,fragmented,39,27,21,1.0,1.0,1.0,1.0
PM4_heatmap,2121129191,fragmented,40,27,61,1.0,1.0,1.0,1.0
PM4_heatmap,2121129191,fragmented,41,27,54,0.9814814814814815,0.9814814814814815,-1.0,-1.0
PM4_heatmap,2121129191,fragmented,42,27,62,1.0,1.0,-1.0,-1.0
PM4_heatmap,2121129191,fragmented,43,27,167,1.0,1.0,-1.0,-1.0
PM4_heatmap,2121129191,fragmented,44,27,127,0.9921259842519685,0.9921259842519685,-1.0,-1.0
PM4_heatmap,2121129191,fragmented,45,27,188,0.9840425531914894,0.9840425531914894,-1.0,-1.0
PM4_heatmap,2121129191,fragmented,46,27,39,0.9743589743589743,0.9743589743589743,-1.0,-1.0
PM4_heatmap,2121129191,fragmented,2,28,72,0.9722222222222222,0.9722222222222222,-1.0,-1.0
PM4_heatmap,2121129191,fragmented,3,28,50,0.98,0.98,0.9705882352941176,0.9705882352941176
PM4_heatmap,2121129191,fragmented,7,28,77,1.0,1.0,-1.0,-1.0
PM4_heatmap,2121129191,fragmented,19,28,81,1.0,1.0,1.0,1.0
PM4_heatmap,2121129191,fragmented,24,28,21,1.0,1.0,-1.0,-1.0
PM4_heatmap,2121129191,fragmented,25,28,2,1.0,1.0,-1.0,-1.0
PM4_heatmap,2121129191,fragmented,27,28,39,0.9743589743589743,0.9743589743589743,-1.0,-1.0
PM4_heatmap,2121129191,fragmented,28,28,59,0.9830508474576272,0.9830508474576272,-1.0,-1.0
PM4_heatmap,2121129191,fragmented,30,28,13,1.0,1.0,-1.0,-1.0
PM4_heatmap,2121129191,fragmented,31,28,57,1.0,1.0,-1.0,-1.0
PM4_heatmap,2121129191,fragmented,41,28,8,0.875,0.875,-1.0,-1.0
PM4_heatmap,2121129191,fragmented,46,28,15,0.9333333333333333,0.9333333333333333,-1.0,-1.0
PM4_heatmap,2121129191,fragmented,2,29,8,1.0,1.0,-1.0,-1.0
PM4_heatmap,2121129191,fragmented,3,29,2,1.0,1.0,-1.0,-1.0
PM4_heatmap,2121129191,fragmented,7,29,77,1.0,1.0,-1.0,-1.0
PM4_heatmap,2121129191,fragmented,19,29,19,1.0,1.0,1.0,1.0
PM4_heatmap,2121129191,fragmented,25,29,10,0.9,0.9,-1.0,-1.0
PM4_heatmap,2121129191,fragmented,27,29,22,1.0,1.0,-1.0,-1.0
PM4_heatmap,2121129191,fragmented,31,29,78,1.0,1.0,-1.0,-1.0
PM4_heatmap,2121129191,fragmented,46,29,4,1.0,1.0,-1.0,-1.0
PM4_heatmap,2121129191,fragmented,47,29,312,0.9903846153846154,0.9903846153846154,-1.0,-1.0
PM4_heatmap,2121129191,fragmented,48,29,43,0.9534883720930233,0.9534883720930233,-1.0,-1.0
PM4_heatmap,2121129191,fragmented,49,29,65,0.9846153846153847,0.9846153846153847,-1.0,-1.0
PM4_heatmap,2121129191,fragmented,7,30,80,1.0,1.0,-1.0,-1.0
PM4_heatmap,2121129191,fragmented,25,30,49,0.9795918367346939,0.9795918367346939,-1.0,-1.0
PM4_heatmap,2121129191,fragmented,26,30,19,1.0,1.0,-1.0,-1.0
PM4_heatmap,2121129191,fragmented,31,30,79,1.0,1.0,-1.0,-1.0
PM4_heatmap,2121129191,fragmented,45,30,90,0.9777777777777777,0.9777777777777777,-1.0,-1.0
PM4_heatmap,2121129191,fragmented,46,30,58,1.0,1.0,-1.0,-1.0
PM4_heatmap,2121129191,fragmented,47,30,60,1.0,1.0,-1.0,-1.0
PM4_heatmap,2121129191,fragmented,6,31,107,0.9906542056074766,0.9906542056074766,-1.0,-1.0
PM4_heatmap,2121129191,fragmented,7,31,35,0.9714285714285714,0.9714285714285714,-1.0,-1.0
PM4_heatmap,2121129191,fragmented,16,31,23,0.9565217391304348,0.9565217391304348,-1.0,-1.0
PM4_heatmap,2121129191,fragmented,27,31,77,0.987012987012987,0.987012987012987,-1.0,-1.0
PM4_heatmap,2121129191,fragmented,28,31,158,1.0,1.0,-1.0,-1.0
PM4_heatmap,2121129191,fragmented,29,31,41,1.0,1.0,-1.0,-1.0
PM4_heatmap,2121129191,fragmented,31,31,20,1.0,1.0,-1.0,-1.0
PM4_heatmap,2121129191,fragmented,32,31,58,1.0,1.0,-1.0,-1.0
PM4_heatmap,2121129191,fragmented,46,31,55,0.9818181818181818,0.9818181818181818,-1.0,-1.0
PM4_heatmap,2121129191,fragmented,47,31,6,0.6666666666666666,0.6666666666666666,-1.0,-1.0
PM4_heatmap,2121129191,fragmented,6,32,38,1.0,1.0,-1.0,-1.0
PM4_heatmap,2121129191,fragmented,7,32,2,1.0,1.0,-1.0,-1.0
PM4_heatmap,2121129191,fragmented,15,32,8,1.0,1.0,-1.0,-1.0
PM4_heatmap,2121129191,fragmented,16,32,15,0.9333333333333333,0.9333333333333333,-1.0,-1.0
PM4_heatmap,2121129191,fragmented,27,32,8,0.875,0.875,-1.0,-1.0
PM4_heatmap,2121129191,fragmented,28,32,7,1.0,1.0,-1.0,-1.0
PM4_heatmap,2121129191,fragmented,29,32,25,1.0,1.0,-1.0,-1.0
PM4_heatmap,2121129191,fragmented,32,32,78,1.0,1.0,-1.0,-1.0
PM4_heatmap,2121129191,fragmented,47,32,92,0.9891304347826086,0.9891304347826086,-1.0,-1.0
PM4_heatmap,2121129191,fragmented,3,33,45,0.9777777777777777,0.9777777777777777,-1.0,-1.0
PM4_heatmap,2121129191,fragmented,4,33,18,1.0,1.0,-1.0,-1.0
PM4_heatmap,2121129191,fragmented,32,33,77,0.987012987012987,0.987012987012987,-1.0,-1.0
PM4_heatmap,2121129191,fragmented,46,33,127,1.0,1.0,-1.0,-1.0
PM4_heatmap,2121129191,fragmented,47,33,159,0.9874213836477987,0.9874213836477987,-1.0,-1.0
PM4_heatmap,2121129191,fragmented,3,34,11,0.9090909090909091,0.9090909090909091,-1.0,-1.0
PM4_heatmap,2121129191,fragmented,32,34,26,0.9615384615384616,0.9615384615384616,-1.0,-1.0
PM4_heatmap,2121129191,fragmented,47,34,63,0.9682539682539683,0.9682539682539683,-1.0,-1.0
PM4_heatmap,2121129191,fragmented,48,34,4,1.0,1.0,-1.0,-1.0
PM4_heatmap,2121129191,fragmented,27,35,5,0.8,0.8,-1.0,-1.0
PM4_heatmap,2121129191,fragmented,28,35,45,0.9777777777777777,0.9777777777777777,-1.0,-1.0
PM4_heatmap,2121129191,fragmented,32,35,16,0.9375,0.9375,-1.0,-1.0
PM4_heatmap,2121129191,fragmented,48,35,55,1.0,1.0,1.0,1.0
PM4_heatmap,2121129191,fragmented,17,36,14,0.9285714285714286,0.9285714285714286,-1.0,-1.0
PM4_heatmap,2121129191,fragmented,18,36,126,0.9920634920634921,0.9920634920634921,-1.0,-1.0
PM4_heatmap,2121129191,fragmented,19,36,98,1.0,1.0,-1.0,-1.0
PM4_heatmap,2121129191,fragmented,28,36,38,0.9736842105263158,0.9736842105263158,-1.0,-1.0
PM4_heatmap,2121129191,fragmented,29,36,108,0.9722222222222222,0.9722222222222222,-1.0,-1.0
PM4_heatmap,2121129191,fragmented,30,36,19,0.9473684210526315,0.9473684210526315,-1.0,-1.0
PM4_heatmap,2121129191,fragmented,31,36,32,0.96875,0.96875,-1.0,-1.0
PM4_heatmap,2121129191,fragmented,32,36,14,1.0,1.0,-1.0,-1.0
PM4_heatmap,2121129191,fragmented,43,36,3,1.0,1.0,-1.0,-1.0
PM4_heatmap,2121129191,fragmented,44,36,197,1.0,1.0,-1.0,-1.0
PM4_heatmap,2121129191,fragmented,45,36,14,1.0,1.0,-1.0,-1.0
PM4_heatmap,2121129191,fragmented,48,36,5,1.0,1.0,1.0,1.0
PM4_heatmap,2121129191,fragmented,18,37,44,1.0,1.0,-1.0,-1.0
PM4_heatmap,2121129191,fragmented,19,37,77,0.974025974025974,0.974025974025974,-1.0,-1.0
PM4_heatmap,2121129191,fragmented,21,37,24,0.9583333333333334,0.9583333333333334,-1.0,-1.0
PM4_heatmap,2121129191,fragmented,28,37,14,0.9285714285714286,0.9285714285714286,-1.0,-1.0
PM4_heatmap,2121129191,fragmented,29,37,13,1.0,1.0,-1.0,-1.0
PM4_heatmap,2121129191,fragmented,44,37,10,1.0,1.0,-1.0,-1.0
PM4_heatmap,2121129191,fragmented,45,37,20,1.0,1.0,-1.0,-1.0
PM4_heatmap,2121129191,fragmented,46,37,34,1.0,1.0,-1.0,-1.0
PM4_heatmap,2121129191,fragmented,47,37,16,1.0,1.0,-1.0,-1.0
PM4_heatmap,2121129191,fragmented,49,37,15,1.0,1.0,-1.0,-1.0
PM4_heatmap,2121129191,fragmented,17,38,1,0.0,0.0,-1.0,-1.0
PM4_heatmap,2121129191,fragmented,18,38,47,0.9787234042553191,0.9787234042553191,-1.0,-1.0
PM4_heatmap,2121129191,fragmented,19,38,201,1.0,1.0,1.0,1.0
PM4_heatmap,2121129191,fragmented,20,38,24,0.9166666666666666,0.9166666666666666,1.0,1.0
PM4_heatmap,2121129191,fragmented,21,38,27,0.9629629629629629,0.9629629629629629,-1.0,-1.0
PM4_heatmap,2121129191,fragmented,33,38,3,0.6666666666666666,0.6666666666666666,-1.0,-1.0
PM4_heatmap,2121129191,fragmented,36,38,58,0.9827586206896551,0.9827586206896551,-1.0,-1.0
PM4_heatmap,2121129191,fragmented,40,38,16,0.9375,0.9375,-1.0,-1.0
PM4_heatmap,2121129191,fragmented,41,38,36,0.9722222222222222,0.9722222222222222,-1.0,-1.0
PM4_heatmap,2121129191,fragmented,44,38,86,1.0,1.0,-1.0,-1.0
PM4_heatmap,2121129191,fragmented,45,38,83,1.0,1.0,-1.0,-1.0
PM4_heatmap,2121129191,fragmented,46,38,12,0.9166666666666666,0.9166666666666666,-1.0,-1.0
PM4_heatmap,2121129191,fragmented,47,38,89,0.9887640449438202,0.9887640449438202,-1.0,-1.0
PM4_heatmap,2121129191,fragmented,48,38,128,0.9921875,0.9921875,-1.0,-1.0
PM4_heatmap,2121129191,fragmented,49,38,47,1.0,1.0,-1.0,-1.0
PM4_heatmap,2121129191,fragmented,3,39,18,1.0,1.0,-1.0,-1.0
PM4_heatmap,2121129191,fragmented,17,39,59,0.9830508474576272,0.9830508474576272,-1.0,-1.0
PM4_heatmap,2121129191,fragmented,19,39,37,1.0,1.0,1.0,1.0
PM4_heatmap,2121129191,fragmented,20,39,12,1.0,1.0,1.0,1.0
PM4_heatmap,2121129191,fragmented,21,39,37,0.972972972972973,0.972972972972973,-1.0,-1.0
PM4_heatmap,2121129191,fragmented,26,39,21,1.0,1.0,-1.0,-1.0
PM4_heatmap,2121129191,fragmented,32,39,1,1.0,1.0,-1.0,-1.0
PM4_heatmap,2121129191,fragmented,33,39,64,0.984375,0.984375,-1.0,-1.0
PM4_heatmap,2121129191,fragmented,34,39,60,0.9666666666666667,0.9666666666666667,-1.0,-1.0
PM4_heatmap,2121129191,fragmented,36,39,4,0.75,0.75,-1.0,-1.0
PM4_heatmap,2121129191,fragmented,40,39,20,1.0,1.0,-1.0,-1.0
PM4_heatmap,2121129191,fragmented,41,39,18,1.0,1.0,-1.0,-1.0
PM4_heatmap,2121129191,fragmented,44,39,59,1.0,1.0,-1.0,-1.0
PM4_heatmap,2121129191,fragmented,45,39,116,0.9827586206896551,0.9827586206896551,-1.0,-1.0
PM4_heatmap,2121129191,fragmented,46,39,16,1.0,1.0,-1.0,-1.0
PM4_heatmap,2121129191,fragmented,47,39,110,0.9818181818181818,0.9818181818181818,1.0,1.0
PM4_heatmap,2121129191,fragmented,3,40,85,1.0,1.0,-1.0,-1.0
PM4_heatmap,2121129191,fragmented,4,40,27,1.0,1.0,-1.0,-1.0
PM4_heatmap,2121129191,fragmented,16,40,19,0.9473684210526315,0.9473684210526315,0.9473684210526315,0.9473684210526315
PM4_heatmap,2121129191,fragmented,17,40,41,0.975609756097561,0.975609756097561,0.975609756097561,0.975609756097561
PM4_heatmap,2121129191,fragmented,22,40,11,1.0,1.0,-1.0,-1.0
PM4_heatmap,2121129191,fragmented,26,40,81,1.0,1.0,-1.0,-1.0
PM4_heatmap,2121129191,fragmented,33,40,20,1.0,1.0,-1.0,-1.0
PM4_heatmap,2121129191,fragmented,35,40,52,0.9615384615384616,0.9615384615384616,-1.0,-1.0
PM4_heatmap,2121129191,fragmented,38,40,5,1.0,1.0,-1.0,-1.0
PM4_heatmap,2121129191,fragmented,41,40,22,1.0,1.0,-1.0,-1.0
PM4_heatmap,2121129191,fragmented,42,40,8,0.875,0.875,-1.0,-1.0
PM4_heatmap,2121129191,fragmented,43,40,57,0.9824561403508771,0.9824561403508771,1.0,1.0
PM4_heatmap,2121129191,fragmented,44,40,104,0.9807692307692307,0.9807692307692307,1.0,1.0
PM4_heatmap,2121129191,fragmented,45,40,38,0.9736842105263158,0.9736842105263158,-1.0,-1.0
PM4_heatmap,2121129191,fragmented,46,40,15,1.0,1.0,-1.0,-1.0
PM4_heatmap,2121129191,fragmented,3,41,2,1.0,1.0,-1.0,-1.0
PM4_heatmap,2121129191,fragmented,5,41,74,0.9864864864864865,0.9864864864864865,-1.0,-1.0
PM4_heatmap,2121129191,fragmented,13,41,8,1.0,1.0,-1.0,-1.0
PM4_heatmap,2121129191,fragmented,14,41,93,0.978494623655914,0.978494623655914,-1.0,-1.0
PM4_heatmap,2121129191,fragmented,15,41,7,0.8571428571428571,0.8571428571428571,-1.0,-1.0
PM4_heatmap,2121129191,fragmented,20,41,8,0.875,0.875,-1.0,-1.0
PM4_heatmap,2121129191,fragmented,21,41,127,1.0,1.0,-1.0,-1.0
PM4_heatmap,2121129191,fragmented,22,41,80,1.0,1.0,-1.0,-1.0
PM4_heatmap,2121129191,fragmented,23,41,7,1.0,1.0,-1.0,-1.0
PM4_heatmap,2121129191,fragmented,25,41,31,1.0,1.0,-1.0,-1.0
PM4_heatmap,2121129191,fragmented,26,41,46,1.0,1.0,-1.0,-1.0
PM4_heatmap,2121129191,fragmented,27,41,4,0.75,0.75,-1.0,-1.0
PM4_heatmap,2121129191,fragmented,28,41,116,0.9741379310344828,0.9741379310344828,0.9795918367346939,0.9795918367346939
PM4_heatmap,2121129191,fragmented,33,41,59,1.0,1.0,-1.0,-1.0
PM4_heatmap,2121129191,fragmented,34,41,82,0.9878048780487805,0.9878048780487805,-1.0,-1.0
PM4_heatmap,2121129191,fragmented,35,41,167,0.9700598802395209,0.9700598802395209,-1.0,-1.0
PM4_heatmap,2121129191,fragmented,37,41,10,1.0,1.0,-1.0,-1.0
PM4_heatmap,2121129191,fragmented,38,41,83,1.0,1.0,-1.0,-1.0
PM4_heatmap,2121129191,fragmented,41,41,57,0.9824561403508771,0.9824561403508771,-1.0,-1.0
PM4_heatmap,2121129191,fragmented,42,41,53,0.9622641509433962,0.9622641509433962,-1.0,-1.0
PM4_heatmap,2121129191,fragmented,43,41,30,0.9666666666666667,0.9666666666666667,-1.0,-1.0
PM4_heatmap,2121129191,fragmented,44,41,278,0.9964028776978417,0.9964028776978417,1.0,1.0
PM4_heatmap,2121129191,fragmented,45,41,374,0.9973262032085561,0.9973262032085561,1.0,1.0
PM4_heatmap,2121129191,fragmented,46,41,66,1.0,1.0,-1.0,-1.0
PM4_heatmap,2121129191,fragmented,5,42,133,0.9774436090225563,0.9774436090225563,-1.0,-1.0
PM4_heatmap,2121129191,fragmented,6,42,32,1.0,1.0,-1.0,-1.0
PM4_heatmap,2121129191,fragmented,7,42,44,1.0,1.0,-1.0,-1.0
PM4_heatmap,2121129191,fragmented,12,42,32,1.0,1.0,-1.0,-1.0
PM4_heatmap,2121129191,fragmented,14,42,8,0.875,0.875,-1.0,-1.0
PM4_heatmap,2121129191,fragmented,19,42,30,0.9333333333333333,0.9333333333333333,-1.0,-1.0
PM4_heatmap,2121129191,fragmented,21,42,91,0.9560439560439561,0.9560439560439561,-1.0,-1.0
PM4_heatmap,2121129191,fragmented,22,42,365,0.9753424657534246,0.9753424657534246,-1.0,-1.0
PM4_heatmap,2121129191,fragmented,23,42,257,0.9883268482490273,0.9883268482490273,-1.0,-1.0
PM4_heatmap,2121129191,fragmented,24,42,50,1.0,1.0,-1.0,-1.0
PM4_heatmap,2121129191,fragmented,26,42,208,0.9951923076923077,0.9951923076923077,-1.0,-1.0
PM4_heatmap,2121129191,fragmented,28,42,164,0.9817073170731707,0.9817073170731707,1.0,1.0
PM4_heatmap,2121129191,fragmented,35,42,20,0.95,0.95,-1.0,-1.0
PM4_heatmap,2121129191,fragmented,36,42,132,0.9772727272727273,0.9772727272727273,-1.0,-1.0
PM4_heatmap,2121129191,fragmented,38,42,6,1.0,1.0,-1.0,-1.0
PM4_heatmap,2121129191,fragmented,41,42,7,1.0,1.0,-1.0,-1.0
PM4_heatmap,2121129191,fragmented,42,42,4,1.0,1.0,-1.0,-1.0
PM4_heatmap,2121129191,fragmented,43,42,108,0.9907407407407407,0.9907407407407407,-1.0,-1.0
PM4_heatmap,2121129191,fragmented,44,42,330,0.9939393939393939,0.9939393939393939,-1.0,-1.0
PM4_heatmap,2121129191,fragmented,45,42,236,0.9915254237288136,0.9915254237288136,-1.0,-1.0
PM4_heatmap,2121129191,fragmented,46,42,180,0.9888888888888889,0.9888888888888889,-1.0,-1.0
PM4_heatmap,2121129191,fragmented,6,43,30,1.0,1.0,-1.0,-1.0
PM4_heatmap,2121129191,fragmented,7,43,390,0.9948717948717949,0.9948717948717949,-1.0,-1.0
PM4_heatmap,2121129191,fragmented,8,43,53,0.9811320754716981,0.9811320754716981,-1.0,-1.0
PM4_heatmap,2121129191,fragmented,9,43,1,0.0,0.0,-1.0,-1.0
PM4_heatmap,2121129191,fragmented,11,43,27,1.0,1.0,-1.0,-1.0
PM4_heatmap,2121129191,fragmented,12,43,63,0.9841269841269841,0.9841269841269841,-1.0,-1.0
PM4_heatmap,2121129191,fragmented,19,43,22,1.0,1.0,-1.0,-1.0
PM4_heatmap,2121129191,fragmented,22,43,230,0.9956521739130435,0.9956521739130435,-1.0,-1.0
PM4_heatmap,2121129191,fragmented,23,43,5,0.8,0.8,-1.0,-1.0
PM4_heatmap,2121129191,fragmented,24,43,294,0.9829931972789115,0.9829931972789115,-1.0,-1.0
PM4_heatmap,2121129191,fragmented,25,43,244,0.9713114754098361,0.9713114754098361,-1.0,-1.0
PM4_heatmap,2121129191,fragmented,26,43,379,0.9841688654353562,0.9841688654353562,-1.0,-1.0
PM4_heatmap,2121129191,fragmented,27,43,275,0.9927272727272727,0.9927272727272727,-1.0,-1.0
PM4_heatmap,2121129191,fragmented,28,43,222,0.9864864864864865,0.9864864864864865,0.9230769230769231,0.9230769230769231
PM4_heatmap,2121129191,fragmented,29,43,14,0.9285714285714286,0.9285714285714286,-1.0,-1.0
PM4_heatmap,2121129191,fragmented,31,43,6,1.0,1.0,1.0,1.0
PM4_heatmap,2121129191,fragmented,32,43,37,1.0,1.0,1.0,1.0
PM4_heatmap,2121129191,fragmented,35,43,20,0.95,0.95,-1.0,-1.0
PM4_heatmap,2121129191,fragmented,36,43,34,0.9705882352941176,0.9705882352941176,-1.0,-1.0
PM4_heatmap,2121129191,fragmented,41,43,23,0.9130434782608695,0.9130434782608695,-1.0,-1.0
PM4_heatmap,2121129191,fragmented,42,43,5,1.0,1.0,-1.0,-1.0
PM4_heatmap,2121129191,fragmented,43,43,22,0.9545454545454546,0.9545454545454546,-1.0,-1.0
PM4_heatmap,2121129191,fragmented,45,43,46,0.9782608695652174,0.9782608695652174,-1.0,-1.0
PM4_heatmap,2121129191,fragmented,46,43,16,0.9375,0.9375,-1.0,-1.0
PM4_heatmap,2121129191,fragmented,2,44,19,1.0,1.0,-1.0,-1.0
PM4_heatmap,2121129191,fragmented,5,44,21,0.9523809523809523,0.9523809523809523,-1.0,-1.0
PM4_heatmap,2121129191,fragmented,6,44,27,0.9629629629629629,0.9629629629629629,-1.0,-1.0
PM4_heatmap,2121129191,fragmented,7,44,67,1.0,1.0,-1.0,-1.0
PM4_heatmap,2121129191,fragmented,8,44,40,0.975,0.975,-1.0,-1.0
PM4_heatmap,2121129191,fragmented,9,44,22,0.9545454545454546,0.9545454545454546,-1.0,-1.0
PM4_heatmap,2121129191,fragmented,11,44,82,1.0,1.0,-1.0,-1.0
PM4_heatmap,2121129191,fragmented,12,44,4,0.75,0.75,-1.0,-1.0
PM4_heatmap,2121129191,fragmented,14,44,14,0.9285714285714286,0.9285714285714286,-1.0,-1.0
PM4_heatmap,2121129191,fragmented,15,44,15,0.9333333333333333,0.9333333333333333,-1.0,-1.0
PM4_heatmap,2121129191,fragmented,16,44,5,1.0,1.0,-1.0,-1.0
PM4_heatmap,2121129191,fragmented,22,44,137,0.9927007299270073,0.9927007299270073,-1.0,-1.0
PM4_heatmap,2121129191,fragmented,23,44,240,0.9916666666666667,0.9916666666666667,-1.0,-1.0
PM4_heatmap,2121129191,fragmented,24,44,269,0.9925650557620818,0.9925650557620818,-1.0,-1.0
PM4_heatmap,2121129191,fragmented,25,44,18,0.9444444444444444,0.9444444444444444,-1.0,-1.0
PM4_heatmap,2121129191,fragmented,27,44,80,0.9625,0.9625,-1.0,-1.0
PM4_heatmap,2121129191,fragmented,28,44,460,0.9826086956521739,0.9826086956521739,0.961038961038961,0.961038961038961
PM4_heatmap,2121129191,fragmented,29,44,42,1.0,1.0,1.0,1.0
PM4_heatmap,2121129191,fragmented,30,44,152,0.9868421052631579,0.9868421052631579,1.0,1.0
PM4_heatmap,2121129191,fragmented,31,44,164,0.9878048780487805,0.9878048780487805,1.0,1.0
PM4_heatmap,2121129191,fragmented,32,44,201,0.9950248756218906,0.9950248756218906,-1.0,-1.0
PM4_heatmap,2121129191,fragmented,34,44,45,0.9777777777777777,0.9777777777777777,-1.0,-1.0
PM4_heatmap,2121129191,fragmented,35,44,20,0.95,0.95,-1.0,-1.0
PM4_heatmap,2121129191,fragmented,36,44,78,0.9871794871794872,0.9871794871794872,-1.0,-1.0
PM4_heatmap,2121129191,fragmented,37,44,44,0.9772727272727273,0.9772727272727273,-1.0,-1.0
PM4_heatmap,2121129191,fragmented,0,45,70,0.9857142857142858,0.9857142857142858,1.0,1.0
PM4_heatmap,2121129191,fragmented,1,45,34,1.0,1.0,1.0,1.0
PM4_heatmap,2121129191,fragmented,2,45,161,1.0,1.0,-1.0,-1.0
PM4_heatmap,2121129191,fragmented,5,45,16,1.0,1.0,-1.0,-1.0
PM4_heatmap,2121129191,fragmented,6,45,30,1.0,1.0,-1.0,-1.0
PM4_heatmap,2121129191,fragmented,7,45,69,0.9420289855072463,0.9420289855072463,-1.0,-1.0
PM4_heatmap,2121129191,fragmented,11,45,60,0.9666666666666667,0.9666666666666667,-1.0,-1.0
PM4_heatmap,2121129191,fragmented,14,45,30,0.9666666666666667,0.9666666666666667,-1.0,-1.0
PM4_heatmap,2121129191,fragmented,15,45,73,0.9726027397260274,0.9726027397260274,-1.0,-1.0
PM4_heatmap,2121129191,fragmented,16,45,61,1.0,1.0,-1.0,-1.0
PM4_heatmap,2121129191,fragmented,18,45,49,0.9795918367346939,0.9795918367346939,-1.0,-1.0
PM4_heatmap,2121129191,fragmented,24,45,86,0.9883720930232558,0.9883720930232558,-1.0,-1.0
PM4_heatmap,2121129191,fragmented,25,45,54,0.9814814814814815,0.9814814814814815,-1.0,-1.0
PM4_heatmap,2121129191,fragmented,26,45,34,0.9705882352941176,0.9705882352941176,-1.0,-1.0
PM4_heatmap,2121129191,fragmented,28,45,12,0.8333333333333334,0.8333333333333334,-1.0,-1.0
PM4_heatmap,2121129191,fragmented,31,45,92,0.9891304347826086,0.9891304347826086,-1.0,-1.0
PM4_heatmap,2121129191,fragmented,32,45,18,1.0,1.0,-1.0,-1.0
PM4_heatmap,2121129191,fragmented,33,45,40,0.95,0.95,-1.0,-1.0
PM4_heatmap,2121129191,fragmented,34,45,139,0.9784172661870504,0.9784172661870504,-1.0,-1.0
PM4_heatmap,2121129191,fragmented,35,45,245,0.9877551020408163,0.9877551020408163,-1.0,-1.0
PM4_heatmap,2121129191,fragmented,47,45,115,0.9826086956521739,0.9826086956521739,-1.0,-1.0
PM4_heatmap,2121129191,fragmented,48,45,19,1.0,1.0,-1.0,-1.0
PM4_heatmap,2121129191,fragmented,0,46,109,0.9908256880733946,0.9908256880733946,1.0,1.0
PM4_heatmap,2121129191,fragmented,7,46,21,1.0,1.0,-1.0,-1.0
PM4_heatmap,2121129191,fragmented,8,46,8,1.0,1.0,-1.0,-1.0
PM4_heatmap,2121129191,fragmented,11,46,41,1.0,1.0,-1.0,-1.0
PM4_heatmap,2121129191,fragmented,13,46,32,1.0,1.0,-1.0,-1.0
PM4_heatmap,2121129191,fragmented,14,46,66,0.9848484848484849,0.9848484848484849,-1.0,-1.0
PM4_heatmap,2121129191,fragmented,18,46,13,0.9230769230769231,0.9230769230769231,-1.0,-1.0
PM4_heatmap,2121129191,fragmented,26,46,28,0.9642857142857143,0.9642857142857143,-1.0,-1.0
PM4_heatmap,2121129191,fragmented,31,46,6,1.0,1.0,-1.0,-1.0
PM4_heatmap,2121129191,fragmented,32,46,5,0.8,0.8,-1.0,-1.0
PM4_heatmap,2121129191,fragmented,33,46,41,0.975609756097561,0.975609756097561,1.0,1.0
PM4_heatmap,2121129191,fragmented,35,46,163,0.9877300613496932,0.9877300613496932,1.0,1.0
PM4_heatmap,2121129191,fragmented,46,46,168,0.9880952380952381,0.9880952380952381,1.0,1.0
PM4_heatmap,2121129191,fragmented,48,46,6,1.0,1.0,-1.0,-1.0
PM4_heatmap,2121129191,fragmented,0,47,51,1.0,1.0,-1.0,-1.0
PM4_heatmap,2121129191,fragmented,2,47,48,1.0,1.0,-1.0,-1.0
PM4_heatmap,2121129191,fragmented,3,47,29,1.0,1.0,-1.0,-1.0
PM4_heatmap,2121129191,fragmented,4,47,155,1.0,1.0,-1.0,-1.0
PM4_heatmap,2121129191,fragmented,5,47,180,0.9944444444444445,0.9944444444444445,-1.0,-1.0
PM4_heatmap,2121129191,fragmented,8,47,145,1.0,1.0,-1.0,-1.0
PM4_heatmap,2121129191,fragmented,9,47,202,1.0,1.0,-1.0,-1.0
PM4_heatmap,2121129191,fragmented,10,47,103,1.0,1.0,-1.0,-1.0
PM4_heatmap,2121129191,fragmented,11,47,103,0.9805825242718447,0.9805825242718447,-1.0,-1.0
PM4_heatmap,2121129191,fragmented,12,47,140,1.0,1.0,-1.0,-1.0
PM4_heatmap,2121129191,fragmented,13,47,14,1.0,1.0,-1.0,-1.0
PM4_heatmap,2121129191,fragmented,14,47,7,0.8571428571428571,0.8571428571428571,-1.0,-1.0
PM4_heatmap,2121129191,fragmented,15,47,101,1.0,1.0,-1.0,-1.0
PM4_heatmap,2121129191,fragmented,16,47,74,1.0,1.0,-1.0,-1.0
PM4_heatmap,2121129191,fragmented,24,47,17,1.0,1.0,-1.0,-1.0
PM4_heatmap,2121129191,fragmented,25,47,39,0.9743589743589743,0.9743589743589743,1.0,1.0
PM4_heatmap,2121129191,fragmented,26,47,15,0.9333333333333333,0.9333333333333333,-1.0,-1.0
PM4_heatmap,2121129191,fragmented,28,47,64,1.0,1.0,-1.0,-1.0
PM4_heatmap,2121129191,fragmented,29,47,318,0.9968553459119497,0.9968553459119497,-1.0,-1.0
PM4_heatmap,2121129191,fragmented,30,47,265,0.9924528301886792,0.9924528301886792,-1.0,-1.0
PM4_heatmap,2121129191,fragmented,31,47,86,0.9767441860465116,0.9767441860465116,-1.0,-1.0
PM4_heatmap,2121129191,fragmented,32,47,327,0.9938837920489296,0.9938837920489296,-1.0,-1.0
PM4_heatmap,2121129191,fragmented,33,47,264,0.9924242424242424,0.9924242424242424,1.0,1.0
PM4_heatmap,2121129191,fragmented,34,47,425,0.9858823529411764,0.9858823529411764,0.98989898989899,0.98989898989899
PM4_heatmap,2121129191,fragmented,35,47,147,1.0,1.0,1.0,1.0
PM4_heatmap,2121129191,fragmented,44,47,218,1.0,1.0,-1.0,-1.0
PM4_heatmap,2121129191,fragmented,45,47,320,1.0,1.0,-1.0,-1.0
PM4_heatmap,2121129191,fragmented,46,47,630,0.9936507936507937,0.9936507936507937,1.0,1.0
PM4_heatmap,2121129191,fragmented,2,48,19,1.0,1.0,-1.0,-1.0
PM4_heatmap,2121129191,fragmented,4,48,19,1.0,1.0,-1.0,-1.0
PM4_heatmap,2121129191,fragmented,5,48,121,1.0,1.0,-1.0,-1.0
PM4_heatmap,2121129191,fragmented,6,48,5,0.8,0.8,-1.0,-1.0
PM4_heatmap,2121129191,fragmented,8,48,19,0.8947368421052632,0.8947368421052632,-1.0,-1.0
PM4_heatmap,2121129191,fragmented,9,48,132,1.0,1.0,-1.0,-1.0
PM4_heatmap,2121129191,fragmented,10,48,21,1.0,1.0,-1.0,-1.0
PM4_heatmap,2121129191,fragmented,12,48,2,1.0,1.0,-1.0,-1.0
PM4_heatmap,2121129191,fragmented,13,48,20,0.95,0.95,-1.0,-1.0
PM4_heatmap,2121129191,fragmented,15,48,44,0.9318181818181818,0.9318181818181818,-1.0,-1.0
PM4_heatmap,2121129191,fragmented,24,48,80,0.9875,0.9875,-1.0,-1.0
PM4_heatmap,2121129191,fragmented,25,48,115,0.991304347826087,0.991304347826087,1.0,1.0
PM4_heatmap,2121129191,fragmented,30,48,139,0.9856115107913669,0.9856115107913669,-1.0,-1.0
PM4_heatmap,2121129191,fragmented,32,48,101,0.9900990099009901,0.9900990099009901,-1.0,-1.0
PM4_heatmap,2121129191,fragmented,33,48,41,1.0,1.0,-1.0,-1.0
PM4_heatmap,2121129191,fragmented,44,48,47,0.9574468085106383,0.9574468085106383,-1.0,-1.0
PM4_heatmap,2121129191,fragmented,46,48,498,1.0,1.0,1.0,1.0
PM4_heatmap,2121129191,fragmented,9,49,86,1.0,1.0,-1.0,-1.0
PM4_heatmap,2121129191,fragmented,13,49,86,0.9883720930232558,0.9883720930232558,-1.0,-1.0
PM4_heatmap,2121129191,fragmented,14,49,42,1.0,1.0,-1.0,-1.0
PM4_heatmap,2121129191,fragmented,15,49,158,0.9873417721518988,0.9873417721518988,-1.0,-1.0
PM4_heatmap,2121129191,fragmented,25,49,98,1.0,1.0,-1.0,-1.0
PM4_heatmap,2121129191,fragmented,27,49,20,0.95,0.95,-1.0,-1.0
PM4_heatmap,2121129191,fragmented,28,49,42,0.9761904761904762,0.9761904761904762,-1.0,-1.0
PM4_heatmap,2121129191,fragmented,29,49,5,1.0,1.0,-1.0,-1.0
PM4_heatmap,2121129191,fragmented,30,49,16,1.0,1.0,-1.0,-1.0
PM4_heatmap,2121129191,fragmented,31,49,22,1.0,1.0,-1.0,-1.0
PM4_heatmap,2121129191,fragmented,32,49,56,0.9642857142857143,0.9642857142857143,-1.0,-1.0
PM4_heatmap,2121129191,fragmented,33,49,24,1.0,1.0,-1.0,-1.0
PM4_heatmap,2121129191,fragmented,41,49,60,0.9666666666666667,0.9666666666666667,-1.0,-1.0
PM4_heatmap,2121129191,fragmented,42,49,77,1.0,1.0,-1.0,-1.0
PM4_heatmap,2121129191,fragmented,43,49,159,0.9748427672955975,0.9748427672955975,-1.0,-1.0
PM4_heatmap,2121129191,fragmented,44,49,121,0.9834710743801653,0.9834710743801653,-1.0,-1.0
PM4_heatmap,2121129191,fragmented,45,49,52,1.0,1.0,1.0,1.0
PM4_heatmap,2121129191,fragmented,46,49,300,1.0,1.0,1.0,1.0
PM4_heatmap,2121129191,connected,8,0,26,1.0,1.0,-1.0,-1.0
PM4_heatmap,2121129191,connected,9,0,36,1.0,1.0,-1.0,-1.0
PM4_heatmap,2121129191,connected,14,0,9,1.0,1.0,-1.0,-1.0
PM4_heatmap,2121129191,connected,15,0,152,1.0,1.0,-1.0,-1.0
PM4_heatmap,2121129191,connected,16,0,193,0.9948186528497409,0.9948186528497409,-1.0,-1.0
PM4_heatmap,2121129191,connected,17,0,133,0.9924812030075187,0.9924812030075187,-1.0,-1.0
PM4_heatmap,2121129191,connected,29,0,8,0.875,0.875,-1.0,-1.0
PM4_heatmap,2121129191,connected,30,0,13,1.0,1.0,-1.0,-1.0
PM4_heatmap,2121129191,connected,31,0,14,1.0,1.0,-1.0,-1.0
PM4_heatmap,2121129191,connected,32,0,130,1.0,1.0,-1.0,-1.0
PM4_heatmap,2121129191,connected,33,0,31,1.0,1.0,-1.0,-1.0
PM4_heatmap,2121129191,connected,38,0,62,1.0,1.0,-1.0,-1.0
PM4_heatmap,2121129191,connected,39,0,57,0.9824561403508771,0.9824561403508771,-1.0,-1.0
PM4_heatmap,2121129191,connected,13,1,27,0.9629629629629629,0.9629629629629629,-1.0,-1.0
PM4_heatmap,2121129191,connected,14,1,21,1.0,1.0,-1.0,-1.0
PM4_heatmap,2121129191,connected,15,1,24,1.0,1.0,-1.0,-1.0
PM4_heatmap,2121129191,connected,30,1,21,0.9523809523809523,0.9523809523809523,-1.0,-1.0
PM4_heatmap,2121129191,connected,32,1,257,0.9922178988326849,0.9922178988326849,-1.0,-1.0
PM4_heatmap,2121129191,connected,33,1,39,1.0,1.0,-1.0,-1.0
PM4_heatmap,2121129191,connected,38,1,104,1.0,1.0,-1.0,-1.0
PM4_heatmap,2121129191,connected,39,1,137,0.9927007299270073,0.9927007299270073,-1.0,-1.0
PM4_heatmap,2121129191,connected,40,1,2,1.0,1.0,-1.0,-1.0
PM4_heatmap,2121129191,connected,47,1,25,1.0,1.0,1.0,1.0
PM4_heatmap,2121129191,connected,9,2,49,1.0,1.0,-1.0,-1.0
PM4_heatmap,2121129191,connected,10,2,95,1.0,1.0,-1.0,-1.0
PM4_heatmap,2121129191,connected,11,2,105,0.9809523809523809,0.9809523809523809,-1.0,-1.0
PM4_heatmap,2121129191,connected,12,2,1,0.0,0.0,-1.0,-1.0
PM4_heatmap,2121129191,connected,13,2,88,1.0,1.0,-1.0,-1.0
PM4_heatmap,2121129191,connected,22,2,9,1.0,1.0,-1.0,-1.0
PM4_heatmap,2121129191,connected,31,2,87,0.9770114942528736,0.9770114942528736,-1.0,-1.0
PM4_heatmap,2121129191,connected,32,2,176,0.9829545454545454,0.9829545454545454,-1.0,-1.0
PM4_heatmap,2121129191,connected,33,2,38,0.9736842105263158,0.9736842105263158,-1.0,-1.0
PM4_heatmap,2121129191,connected,34,2,2,0.5,0.5,-1.0,-1.0
PM4_heatmap,2121129191,connected,35,2,95,1.0,1.0,-1.0,-1.0
PM4_heatmap,2121129191,connected,39,2,83,1.0,1.0,-1.0,-1.0
PM4_heatmap,2121129191,connected,40,2,95,1.0,1.0,-1.0,-1.0
PM4_heatmap,2121129191,connected,47,2,17,1.0,1.0,1.0,1.0
PM4_heatmap,2121129191,connected,48,2,8,1.0,1.0,1.0,1.0
PM4_heatmap,2121129191,connected,49,2,29,1.0,1.0,-1.0,-1.0
PM4_heatmap,2121129191,connected,9,3,101,0.9900990099009901,0.9900990099009901,-1.0,-1.0
PM4_heatmap,2121129191,connected,10,3,195,0.9897435897435898,0.9897435897435898,-1.0,-1.0
PM4_heatmap,2121129191,connected,11,3,45,0.9555555555555556,0.9555555555555556,-1.0,-1.0
PM4_heatmap,2121129191,connected,12,3,69,0.9710144927536232,0.9710144927536232,-1.0,-1.0
PM4_heatmap,2121129191,connected,13,3,199,0.9949748743718593,0.9949748743718593,-1.0,-1.0
PM4_heatmap,2121129191,connected,22,3,49,1.0,1.0,-1.0,-1.0
PM4_heatmap,2121129191,connected,23,3,1,0.0,0.0,-1.0,-1.0
PM4_heatmap,2121129191,connected,25,3,81,0.9876543209876543,0.9876543209876543,-1.0,-1.0
PM4_heatmap,2121129191,connected,26,3,97,0.9896907216494846,0.9896907216494846,-1.0,-1.0
PM4_heatmap,2121129191,connected,27,3,235,0.9872340425531915,0.9872340425531915,0.9761904761904762,0.9761904761904762
PM4_heatmap,2121129191,connected,28,3,99,0.9797979797979798,0.9797979797979798,1.0,1.0
PM4_heatmap,2121129191,connected,29,3,32,1.0,1.0,-1.0,-1.0
PM4_heatmap,2121129191,connected,31,3,1,0.0,0.0,-1.0,-1.0
PM4_heatmap,2121129191,connected,33,3,136,1.0,1.0,-1.0,-1.0
PM4_heatmap,2121129191,connected,34,3,361,0.9806094182825484,0.9806094182825484,-1.0,-1.0
PM4_heatmap,2121129191,connected,35,3,205,0.9804878048780488,0.9804878048780488,-1.0,-1.0
PM4_heatmap,2121129191,connected,36,3,23,0.9565217391304348,0.9565217391304348,-1.0,-1.0
PM4_heatmap,2121129191,connected,42,3,20,0.95,0.95,-1.0,-1.0
PM4_heatmap,2121129191,connected,43,3,34,0.9705882352941176,0.9705882352941176,-1.0,-1.0
PM4_heatmap,2121129191,connected,47,3,71,0.9577464788732394,0.9577464788732394,-1.0,-1.0
PM4_heatmap,2121129191,connected,48,3,177,1.0,1.0,-1.0,-1.0
PM4_heatmap,2121129191,connected,49,3,31,1.0,1.0,-1.0,-1.0
PM4_heatmap,2121129191,connected,6,4,12,1.0,1.0,-1.0,-1.0
PM4_heatmap,2121129191,connected,8,4,13,0.9230769230769231,0.9230769230769231,-1.0,-1.0
PM4_heatmap,2121129191,connected,9,4,7,0.8571428571428571,0.8571428571428571,-1.0,-1.0
PM4_heatmap,2121129191,connected,10,4,19,0.9473684210526315,0.9473684210526315,-1.0,-1.0
PM4_heatmap,2121129191,connected,11,4,35,0.9714285714285714,0.9714285714285714,-1.0,-1.0
PM4_heatmap,2121129191,connected,21,4,23,0.9565217391304348,0.9565217391304348,-1.0,-1.0
PM4_heatmap,2121129191,connected,22,4,13,0.9230769230769231,0.9230769230769231,-1.0,-1.0
PM4_heatmap,2121129191,connected,25,4,33,0.9696969696969697,0.9696969696969697,-1.0,-1.0
PM4_heatmap,2121129191,connected,27,4,92,0.9456521739130435,0.9456521739130435,0.95,0.95
PM4_heatmap,2121129191,connected,29,4,14,0.9285714285714286,0.9285714285714286,-1.0,-1.0
PM4_heatmap,2121129191,connected,30,4,123,0.967479674796748,0.967479674796748,-1.0,-1.0
PM4_heatmap,2121129191,connected,31,4,107,0.9813084112149533,0.9813084112149533,-1.0,-1.0
PM4_heatmap,2121129191,connected,33,4,237,0.9915611814345991,0.9915611814345991,-1.0,-1.0
PM4_heatmap,2121129191,connected,34,4,85,1.0,1.0,-1.0,-1.0
PM4_heatmap,2121129191,connected,35,4,78,0.9615384615384616,0.9615384615384616,-1.0,-1.0
PM4_heatmap,2121129191,connected,36,4,379,0.9920844327176781,0.9920844327176781,-1.0,-1.0
PM4_heatmap,2121129191,connected,39,4,5,1.0,1.0,-1.0,-1.0
PM4_heatmap,2121129191,connected,42,4,6,1.0,1.0,-1.0,-1.0
PM4_heatmap,2121129191,connected,43,4,12,1.0,1.0,-1.0,-1.0
PM4_heatmap,2121129191,connected,47,4,8,0.875,0.875,-1.0,-1.0
PM4_heatmap,2121129191,connected,48,4,18,1.0,1.0,-1.0,-1.0
PM4_heatmap,2121129191,connected,49,4,60,1.0,1.0,-1.0,-1.0
PM4_heatmap,2121129191,connected,0,5,39,1.0,1.0,-1.0,-1.0
PM4_heatmap,2121129191,connected,1,5,94,1.0,1.0,-1.0,-1.0
PM4_heatmap,2121129191,connected,2,5,77,1.0,1.0,-1.0,-1.0
PM4_heatmap,2121129191,connected,3,5,2,1.0,1.0,-1.0,-1.0
PM4_heatmap,2121129191,connected,6,5,155,0.9870967741935484,0.9870967741935484,-1.0,-1.0
PM4_heatmap,2121129191,connected,7,5,140,0.9928571428571429,0.9928571428571429,-1.0,-1.0
PM4_heatmap,2121129191,connected,8,5,262,0.9847328244274809,0.9847328244274809,0.9666666666666667,0.9666666666666667
PM4_heatmap,2121129191,connected,9,5,258,0.9844961240310077,0.9844961240310077,0.9,0.9
PM4_heatmap,2121129191,connected,10,5,74,0.9594594594594594,0.9594594594594594,-1.0,-1.0
PM4_heatmap,2121129191,connected,11,5,157,0.9936305732484076,0.9936305732484076,-1.0,-1.0
PM4_heatmap,2121129191,connected,12,5,32,1.0,1.0,-1.0,-1.0
PM4_heatmap,2121129191,connected,13,5,71,0.971830985915493,0.971830985915493,-1.0,-1.0
PM4_heatmap,2121129191,connected,16,5,86,0.9883720930232558,0.9883720930232558,-1.0,-1.0
PM4_heatmap,2121129191,connected,17,5,12,0.9166666666666666,0.9166666666666666,-1.0,-1.0
PM4_heatmap,2121129191,connected,19,5,47,0.9787234042553191,0.9787234042553191,-1.0,-1.0
PM4_heatmap,2121129191,connected,20,5,19,0.9473684210526315,0.9473684210526315,-1.0,-1.0
PM4_heatmap,2121129191,connected,21,5,45,0.9777777777777777,0.9777777777777777,-1.0,-1.0
PM4_heatmap,2121129191,connected,24,5,2,1.0,1.0,-1.0,-1.0
PM4_heatmap,2121129191,connected,25,5,54,0.9814814814814815,0.9814814814814815,-1.0,-1.0
PM4_heatmap,2121129191,connected,27,5,45,0.9777777777777777,0.9777777777777777,-1.0,-1.0
PM4_heatmap,2121129191,connected,29,5,7,1.0,1.0,-1.0,-1.0
PM4_heatmap,2121129191,connected,30,5,63,0.9523809523809523,0.9523809523809523,-1.0,-1.0
PM4_heatmap,2121129191,connected,31,5,113,0.9823008849557522,0.9823008849557522,-1.0,-1.0
PM4_heatmap,2121129191,connected,32,5,22,0.9090909090909091,0.9090909090909091,-1.0,-1.0
PM4_heatmap,2121129191,connected,33,5,294,1.0,1.0,-1.0,-1.0
PM4_heatmap,2121129191,connected,34,5,266,1.0,1.0,-1.0,-1.0
PM4_heatmap,2121129191,connected,35,5,129,1.0,1.0,-1.0,-1.0
PM4_heatmap,2121129191,connected,36,5,18,0.9444444444444444,0.9444444444444444,-1.0,-1.0
PM4_heatmap,2121129191,connected,37,5,13,1.0,1.0,-1.0,-1.0
PM4_heatmap,2121129191,connected,38,5,110,0.990909090909091,0.990909090909091,-1.0,-1.0
PM4_heatmap,2121129191,connected,39,5,41,0.9512195121951219,0.9512195121951219,-1.0,-1.0
PM4_heatmap,2121129191,connected,40,5,22,0.9545454545454546,0.9545454545454546,-1.0,-1.0
PM4_heatmap,2121129191,connected,49,5,42,1.0,1.0,-1.0,-1.0
PM4_heatmap,2121129191,connected,0,6,18,1.0,1.0,-1.0,-1.0
PM4_heatmap,2121129191,connected,6,6,89,1.0,1.0,-1.0,-1.0
PM4_heatmap,2121129191,connected,8,6,131,0.9923664122137404,0.9923664122137404,-1.0,-1.0
PM4_heatmap,2121129191,connected,11,6,18,1.0,1.0,-1.0,-1.0
PM4_heatmap,2121129191,connected,12,6,71,0.9859154929577465,0.9859154929577465,-1.0,-1.0
PM4_heatmap,2121129191,connected,13,6,5,1.0,1.0,-1.0,-1.0
PM4_heatmap,2121129191,connected,19,6,31,0.9354838709677419,0.9354838709677419,-1.0,-1.0
PM4_heatmap,2121129191,connected,29,6,5,1.0,1.0,-1.0,-1.0
PM4_heatmap,2121129191,connected,32,6,62,0.967741935483871,0.967741935483871,-1.0,-1.0
PM4_heatmap,2121129191,connected,33,6,79,0.9873417721518988,0.9873417721518988,-1.0,-1.0
PM4_heatmap,2121129191,connected,36,6,40,0.95,0.95,-1.0,-1.0
PM4_heatmap,2121129191,connected,38,6,9,1.0,1.0,-1.0,-1.0
PM4_heatmap,2121129191,connected,47,6,23,1.0,1.0,-1.0,-1.0
PM4_heatmap,2121129191,connected,48,6,67,1.0,1.0,-1.0,-1.0
PM4_heatmap,2121129191,connected,0,7,60,0.9833333333333333,0.9833333333333333,-1.0,-1.0
PM4_heatmap,2121129191,connected,1,7,22,0.9545454545454546,0.9545454545454546,-1.0,-1.0
PM4_heatmap,2121129191,connected,5,7,15,1.0,1.0,-1.0,-1.0
PM4_heatmap,2121129191,connected,6,7,70,1.0,1.0,-1.0,-1.0
PM4_heatmap,2121129191,connected,8,7,15,1.0,1.0,-1.0,-1.0
PM4_heatmap,2121129191,connected,9,7,76,0.9736842105263158,0.9736842105263158,0.95,0.95
PM4_heatmap,2121129191,connected,10,7,44,0.9545454545454546,0.9545454545454546,0.9736842105263158,0.9736842105263158
PM4_heatmap,2121129191,connected,11,7,108,0.9629629629629629,0.9629629629629629,-1.0,-1.0
PM4_heatmap,2121129191,connected,12,7,26,1.0,1.0,-1.0,-1.0
PM4_heatmap,2121129191,connected,17,7,10,0.9,0.9,0.9,0.9
PM4_heatmap,2121129191,connected,19,7,15,1.0,1.0,-1.0,-1.0
PM4_heatmap,2121129191,connected,29,7,9,1.0,1.0,-1.0,-1.0
PM4_heatmap,2121129191,connected,30,7,6,1.0,1.0,-1.0,-1.0
PM4_heatmap,2121129191,connected,32,7,16,1.0,1.0,-1.0,-1.0
PM4_heatmap,2121129191,connected,33,7,23,0.9565217391304348,0.9565217391304348,-1.0,-1.0
PM4_heatmap,2121129191,connected,34,7,7,1.0,1.0,1.0,1.0
PM4_heatmap,2121129191,connected,35,7,90,0.9777777777777777,0.9777777777777777,0.9777777777777777,0.9777777777777777
PM4_heatmap,2121129191,connected,36,7,218,0.9862385321100917,0.9862385321100917,-1.0,-1.0
PM4_heatmap,2121129191,connected,37,7,45,0.9777777777777777,0.9777777777777777,-1.0,-1.0
PM4_heatmap,2121129191,connected,38,7,115,0.991304347826087,0.991304347826087,-1.0,-1.0
PM4_heatmap,2121129191,connected,47,7,6,1.0,1.0,-1.0,-1.0
PM4_heatmap,2121129191,connected,48,7,141,1.0,1.0,-1.0,-1.0
PM4_heatmap,2121129191,connected,49,7,44,1.0,1.0,-1.0,-1.0
PM4_heatmap,2121129191,connected,11,8,60,0.9833333333333333,0.9833333333333333,-1.0,-1.0
PM4_heatmap,2121129191,connected,12,8,2,1.0,1.0,-1.0,-1.0
PM4_heatmap,2121129191,connected,16,8,4,1.0,1.0,1.0,1.0
PM4_heatmap,2121129191,connected,17,8,46,0.9782608695652174,0.9782608695652174,0.9782608695652174,0.9782608695652174
PM4_heatmap,2121129191,connected,23,8,49,1.0,1.0,-1.0,-1.0
PM4_heatmap,2121129191,connected,24,8,77,1.0,1.0,-1.0,-1.0
PM4_heatmap,2121129191,connected,25,8,80,1.0,1.0,-1.0,-1.0
PM4_heatmap,2121129191,connected,28,8,19,0.9473684210526315,0.9473684210526315,-1.0,-1.0
PM4_heatmap,2121129191,connected,29,8,41,0.975609756097561,0.975609756097561,-1.0,-1.0
PM4_heatmap,2121129191,connected,30,8,17,0.9411764705882353,0.9411764705882353,-1.0,-1.0
PM4_heatmap,2121129191,connected,31,8,96,0.96875,0.96875,-1.0,-1.0
PM4_heatmap,2121129191,connected,32,8,147,0.9863945578231292,0.9863945578231292,-1.0,-1.0
PM4_heatmap,2121129191,connected,33,8,40,1.0,1.0,-1.0,-1.0
PM4_heatmap,2121129191,connected,34,8,19,1.0,1.0,-1.0,-1.0
PM4_heatmap,2121129191,connected,35,8,99,0.9797979797979798,0.9797979797979798,1.0,1.0
PM4_heatmap,2121129191,connected,36,8,96,0.9895833333333334,0.9895833333333334,-1.0,-1.0
PM4_heatmap,2121129191,connected,37,8,105,0.9809523809523809,0.9809523809523809,-1.0,-1.0
PM4_heatmap,2121129191,connected,38,8,124,0.9838709677419355,0.9838709677419355,-1.0,-1.0
PM4_heatmap,2121129191,connected,39,8,182,1.0,1.0,-1.0,-1.0
PM4_heatmap,2121129191,connected,40,8,15,0.9333333333333333,0.9333333333333333,-1.0,-1.0
PM4_heatmap,2121129191,connected,42,8,32,1.0,1.0,-1.0,-1.0
PM4_heatmap,2121129191,connected,43,8,58,1.0,1.0,-1.0,-1.0
PM4_heatmap,2121129191,connected,46,8,109,0.9724770642201835,0.9724770642201835,-1.0,-1.0
PM4_heatmap,2121129191,connected,47,8,311,0.9903536977491961,0.9903536977491961,-1.0,-1.0
PM4_heatmap,2121129191,connected,48,8,37,1.0,1.0,-1.0,-1.0
PM4_heatmap,2121129191,connected,49,8,176,0.9943181818181818,0.9943181818181818,-1.0,-1.0
PM4_heatmap,2121129191,connected,3,9,29,1.0,1.0,1.0,1.0
PM4_heatmap,2121129191,connected,8,9,45,0.9555555555555556,0.9555555555555556,-1.0,-1.0
PM4_heatmap,2121129191,connected,11,9,62,1.0,1.0,-1.0,-1.0
PM4_heatmap,2121129191,connected,12,9,13,1.0,1.0,-1.0,-1.0
PM4_heatmap,2121129191,connected,26,9,30,1.0,1.0,-1.0,-1.0
PM4_heatmap,2121129191,connected,33,9,83,1.0,1.0,-1.0,-1.0
PM4_heatmap,2121129191,connected,34,9,29,1.0,1.0,1.0,1.0
PM4_heatmap,2121129191,connected,35,9,106,0.9811320754716981,0.9811320754716981,1.0,1.0
PM4_heatmap,2121129191,connected,36,9,37,0.918918918918919,0.918918918918919,-1.0,-1.0
PM4_heatmap,2121129191,connected,38,9,6,1.0,1.0,-1.0,-1.0
PM4_heatmap,2121129191,connected,39,9,11,0.9090909090909091,0.9090909090909091,-1.0,-1.0
PM4_heatmap,2121129191,connected,43,9,77,1.0,1.0,-1.0,-1.0
PM4_heatmap,2121129191,connected,46,9,3,1.0,1.0,-1.0,-1.0
PM4_heatmap,2121129191,connected,47,9,524,0.9961832061068703,0.9961832061068703,-1.0,-1.0
PM4_heatmap,2121129191,connected,49,9,128,0.9921875,0.9921875,-1.0,-1.0
PM4_heatmap,2121129191,connected,0,10,64,1.0,1.0,-1.0,-1.0
PM4_heatmap,2121129191,connected,1,10,60,1.0,1.0,-1.0,-1.0
PM4_heatmap,2121129191,connected,2,10,58,1.0,1.0,-1.0,-1.0
PM4_heatmap,2121129191,connected,3,10,85,1.0,1.0,1.0,1.0
PM4_heatmap,2121129191,connected,8,10,15,1.0,1.0,-1.0,-1.0
PM4_heatmap,2121129191,connected,11,10,42,1.0,1.0,-1.0,-1.0
PM4_heatmap,2121129191,connected,12,10,5,0.8,0.8,-1.0,-1.0
PM4_heatmap,2121129191,connected,14,10,14,1.0,1.0,-1.0,-1.0
PM4_heatmap,2121129191,connected,17,10,6,1.0,1.0,-1.0,-1.0
PM4_heatmap,2121129191,connected,18,10,57,0.9824561403508771,0.9824561403508771,-1.0,-1.0
PM4_heatmap,2121129191,connected,21,10,1,1.0,1.0,-1.0,-1.0
PM4_heatmap,2121129191,connected,26,10,254,0.984251968503937,0.984251968503937,-1.0,-1.0
PM4_heatmap,2121129191,connected,27,10,67,0.9850746268656716,0.9850746268656716,-1.0,-1.0
PM4_heatmap,2121129191,connected,33,10,51,1.0,1.0,-1.0,-1.0
PM4_heatmap,2121129191,connected,34,10,575,0.9791304347826087,0.9791304347826087,1.0,1.0
PM4_heatmap,2121129191,connected,35,10,37,1.0,1.0,-1.0,-1.0
PM4_heatmap,2121129191,connected,36,10,183,0.9836065573770492,0.9836065573770492,-1.0,-1.0
PM4_heatmap,2121129191,connected,37,10,214,0.9953271028037384,0.9953271028037384,-1.0,-1.0
PM4_heatmap,2121129191,connected,38,10,21,1.0,1.0,-1.0,-1.0
PM4_heatmap,2121129191,connected,40,10,10,1.0,1.0,-1.0,-1.0
PM4_heatmap,2121129191,connected,41,10,6,1.0,1.0,-1.0,-1.0
PM4_heatmap,2121129191,connected,43,10,88,0.9886363636363636,0.9886363636363636,-1.0,-1.0
PM4_heatmap,2121129191,connected,44,10,79,0.9873417721518988,0.9873417721518988,-1.0,-1.0
PM4_heatmap,2121129191,connected,45,10,97,1.0,1.0,-1.0,-1.0
PM4_heatmap,2121129191,connected,46,10,79,1.0,1.0,-1.0,-1.0
PM4_heatmap,2121129191,connected,47,10,63,1.0,1.0,-1.0,-1.0
PM4_heatmap,2121129191,connected,48,10,85,1.0,1.0,-1.0,-1.0
PM4_heatmap,2121129191,connected,49,10,385,0.9896103896103896,0.9896103896103896,-1.0,-1.0
PM4_heatmap,2121129191,connected,1,11,62,0.967741935483871,0.967741935483871,-1.0,-1.0
PM4_heatmap,2121129191,connected,2,11,187,0.9893048128342246,0.9893048128342246,-1.0,-1.0
PM4_heatmap,2121129191,connected,4,11,111,0.9819819819819819,0.9819819819819819,-1.0,-1.0
PM4_heatmap,2121129191,connected,12,11,54,0.9814814814814815,0.9814814814814815,1.0,1.0
PM4_heatmap,2121129191,connected,13,11,210,1.0,1.0,1.0,1.0
PM4_heatmap,2121129191,connected,14,11,46,0.9782608695652174,0.9782608695652174,1.0,1.0
PM4_heatmap,2121129191,connected,15,11,92,0.9891304347826086,0.9891304347826086,-1.0,-1.0
PM4_heatmap,2121129191,connected,16,11,106,0.9905660377358491,0.9905660377358491,-1.0,-1.0
PM4_heatmap,2121129191,connected,17,11,77,0.987012987012987,0.987012987012987,-1.0,-1.0
PM4_heatmap,2121129191,connected,18,11,211,0.990521327014218,0.990521327014218,-1.0,-1.0
PM4_heatmap,2121129191,connected,19,11,203,0.9704433497536946,0.9704433497536946,-1.0,-1.0
PM4_heatmap,2121129191,connected,20,11,50,0.96,0.96,-1.0,-1.0
PM4_heatmap,2121129191,connected,21,11,40,0.975,0.975,-1.0,-1.0
PM4_heatmap,2121129191,connected,22,11,2,1.0,1.0,-1.0,-1.0
PM4_heatmap,2121129191,connected,26,11,63,0.9841269841269841,0.9841269841269841,-1.0,-1.0
PM4_heatmap,2121129191,connected,27,11,82,1.0,1.0,-1.0,-1.0
PM4_heatmap,2121129191,connected,32,11,32,1.0,1.0,-1.0,-1.0
PM4_heatmap,2121129191,connected,33,11,20,0.9,0.9,-1.0,-1.0
PM4_heatmap,2121129191,connected,34,11,186,0.9838709677419355,0.9838709677419355,-1.0,-1.0
PM4_heatmap,2121129191,connected,35,11,151,0.9867549668874173,0.9867549668874173,-1.0,-1.0
PM4_heatmap,2121129191,connected,36,11,11,1.0,1.0,-1.0,-1.0
PM4_heatmap,2121129191,connected,40,11,36,1.0,1.0,-1.0,-1.0
PM4_heatmap,2121129191,connected,41,11,46,1.0,1.0,-1.0,-1.0
PM4_heatmap,2121129191,connected,44,11,23,0.9565217391304348,0.9565217391304348,-1.0,-1.0
PM4_heatmap,2121129191,connected,45,11,162,0.9753086419753086,0.9753086419753086,-1.0,-1.0
PM4_heatmap,2121129191,connected,46,11,78,1.0,1.0,-1.0,-1.0
PM4_heatmap,2121129191,connected,47,11,267,0.9925093632958801,0.9925093632958801,-1.0,-1.0
PM4_heatmap,2121129191,connected,48,11,446,0.9932735426008968,0.9932735426008968,-1.0,-1.0
PM4_heatmap,2121129191,connected,49,11,318,1.0,1.0,1.0,1.0
PM4_heatmap,2121129191,connected,2,12,21,0.9047619047619048,0.9047619047619048,-1.0,-1.0
PM4_heatmap,2121129191,connected,3,12,154,1.0,1.0,-1.0,-1.0
PM4_heatmap,2121129191,connected,4,12,4,1.0,1.0,-1.0,-1.0
PM4_heatmap,2121129191,connected,14,12,96,0.96875,0.96875,-1.0,-1.0
PM4_heatmap,2121129191,connected,15,12,195,0.9948717948717949,0.9948717948717949,-1.0,-1.0
PM4_heatmap,2121129191,connected,16,12,140,0.9928571428571429,0.9928571428571429,-1.0,-1.0
PM4_heatmap,2121129191,connected,18,12,24,1.0,1.0,-1.0,-1.0
PM4_heatmap,2121129191,connected,19,12,36,0.9722222222222222,0.9722222222222222,-1.0,-1.0
PM4_heatmap,2121129191,connected,21,12,96,0.9791666666666666,0.9791666666666666,-1.0,-1.0
PM4_heatmap,2121129191,connected,22,12,17,1.0,1.0,-1.0,-1.0
PM4_heatmap,2121129191,connected,25,12,24,1.0,1.0,-1.0,-1.0
PM4_heatmap,2121129191,connected,26,12,48,1.0,1.0,-1.0,-1.0
PM4_heatmap,2121129191,connected,27,12,66,0.9848484848484849,0.9848484848484849,-1.0,-1.0
PM4_heatmap,2121129191,connected,28,12,71,0.971830985915493,0.971830985915493,-1.0,-1.0
PM4_heatmap,2121129191,connected,32,12,6,1.0,1.0,-1.0,-1.0
PM4_heatmap,2121129191,connected,41,12,88,1.0,1.0,-1.0,-1.0
PM4_heatmap,2121129191,connected,44,12,37,0.972972972972973,0.972972972972973,-1.0,-1.0
PM4_heatmap,2121129191,connected,47,12,331,0.9879154078549849,0.9879154078549849,-1.0,-1.0
PM4_heatmap,2121129191,connected,48,12,292,0.9897260273972602,0.9897260273972602,1.0,1.0
PM4_heatmap,2121129191,connected,49,12,186,0.9946236559139785,0.9946236559139785,1.0,1.0
PM4_heatmap,2121129191,connected,0,13,14,1.0,1.0,-1.0,-1.0
PM4_heatmap,2121129191,connected,1,13,3,1.0,1.0,-1.0,-1.0
PM4_heatmap,2121129191,connected,2,13,79,0.9746835443037974,0.9746835443037974,-1.0,-1.0
PM4_heatmap,2121129191,connected,3,13,133,0.9849624060150376,0.9849624060150376,-1.0,-1.0
PM4_heatmap,2121129191,connected,4,13,30,0.9333333333333333,0.9333333333333333,-1.0,-1.0
PM4_heatmap,2121129191,connected,8,13,38,0.9736842105263158,0.9736842105263158,-1.0,-1.0
PM4_heatmap,2121129191,connected,14,13,131,0.9847328244274809,0.9847328244274809,-1.0,-1.0
PM4_heatmap,2121129191,connected,15,13,86,1.0,1.0,-1.0,-1.0
PM4_heatmap,2121129191,connected,16,13,8,1.0,1.0,-1.0,-1.0
PM4_heatmap,2121129191,connected,18,13,28,0.9642857142857143,0.9642857142857143,-1.0,-1.0
PM4_heatmap,2121129191,connected,19,13,51,0.9607843137254902,0.9607843137254902,-1.0,-1.0
PM4_heatmap,2121129191,connected,20,13,62,0.9838709677419355,0.9838709677419355,-1.0,-1.0
PM4_heatmap,2121129191,connected,21,13,569,0.9912126537785588,0.9912126537785588,-1.0,-1.0
PM4_heatmap,2121129191,connected,22,13,199,0.9899497487437185,0.9899497487437185,-1.0,-1.0
PM4_heatmap,2121129191,connected,23,13,6,0.8333333333333334,0.8333333333333334,-1.0,-1.0
PM4_heatmap,2121129191,connected,25,13,26,1.0,1.0,-1.0,-1.0
PM4_heatmap,2121129191,connected,26,13,81,0.9753086419753086,0.9753086419753086,-1.0,-1.0
PM4_heatmap,2121129191,connected,27,13,139,0.9928057553956835,0.9928057553956835,-1.0,-1.0
PM4_heatmap,2121129191,connected,28,13,85,0.9764705882352941,0.9764705882352941,-1.0,-1.0
PM4_heatmap,2121129191,connected,39,13,76,1.0,1.0,-1.0,-1.0
PM4_heatmap,2121129191,connected,40,13,178,1.0,1.0,-1.0,-1.0
PM4_heatmap,2121129191,connected,41,13,388,0.9922680412371134,0.9922680412371134,-1.0,-1.0
PM4_heatmap,2121129191,connected,42,13,202,0.995049504950495,0.995049504950495,-1.0,-1.0
PM4_heatmap,2121129191,connected,43,13,88,1.0,1.0,-1.0,-1.0
PM4_heatmap,2121129191,connected,44,13,60,1.0,1.0,-1.0,-1.0
PM4_heatmap,2121129191,connected,45,13,107,1.0,1.0,-1.0,-1.0
PM4_heatmap,2121129191,connected,46,13,384,0.9973958333333334,0.9973958333333334,-1.0,-1.0
PM4_heatmap,2121129191,connected,47,13,552,0.9963768115942029,0.9963768115942029,-1.0,-1.0
PM4_heatmap,2121129191,connected,48,13,412,0.9975728155339806,0.9975728155339806,-1.0,-1.0
PM4_heatmap,2121129191,connected,49,13,274,1.0,1.0,-1.0,-1.0
PM4_heatmap,2121129191,connected,0,14,62,1.0,1.0,-1.0,-1.0
PM4_heatmap,2121129191,connected,1,14,18,1.0,1.0,-1.0,-1.0
PM4_heatmap,2121129191,connected,3,14,121,1.0,1.0,-1.0,-1.0
PM4_heatmap,2121129191,connected,4,14,18,1.0,1.0,-1.0,-1.0
PM4_heatmap,2121129191,connected,6,14,33,0.9090909090909091,0.9090909090909091,-1.0,-1.0
PM4_heatmap,2121129191,connected,7,14,76,0.9736842105263158,0.9736842105263158,-1.0,-1.0
PM4_heatmap,2121129191,connected,8,14,130,0.9923076923076923,0.9923076923076923,-1.0,-1.0
PM4_heatmap,2121129191,connected,9,14,36,1.0,1.0,-1.0,-1.0
PM4_heatmap,2121129191,connected,10,14,100,0.96,0.96,-1.0,-1.0
PM4_heatmap,2121129191,connected,14,14,64,1.0,1.0,-1.0,-1.0
PM4_heatmap,2121129191,connected,15,14,206,0.9854368932038835,0.9854368932038835,-1.0,-1.0
PM4_heatmap,2121129191,connected,16,14,10,1.0,1.0,-1.0,-1.0
PM4_heatmap,2121129191,connected,19,14,10,0.9,0.9,0.9,0.9
PM4_heatmap,2121129191,connected,20,14,11,1.0,1.0,-1.0,-1.0
PM4_heatmap,2121129191,connected,21,14,96,0.9791666666666666,0.9791666666666666,-1.0,-1.0
PM4_heatmap,2121129191,connected,22,14,399,0.9849624060150376,0.9849624060150376,-1.0,-1.0
PM4_heatmap,2121129191,connected,23,14,19,0.9473684210526315,0.9473684210526315,-1.0,-1.0
PM4_heatmap,2121129191,connected,24,14,11,0.9090909090909091,0.9090909090909091,-1.0,-1.0
PM4_heatmap,2121129191,connected,25,14,40,1.0,1.0,1.0,1.0
PM4_heatmap,2121129191,connected,26,14,224,0.9910714285714286,0.9910714285714286,1.0,1.0
PM4_heatmap,2121129191,connected,27,14,111,0.9819819819819819,0.9819819819819819,0.9819819819819819,0.9819819819819819
PM4_heatmap,2121129191,connected,41,14,75,0.9866666666666667,0.9866666666666667,-1.0,-1.0
PM4_heatmap,2121129191,connected,42,14,2,1.0,1.0,-1.0,-1.0
PM4_heatmap,2121129191,connected,46,14,146,0.9794520547945206,0.9794520547945206,-1.0,-1.0
PM4_heatmap,2121129191,connected,47,14,748,0.9906417112299465,0.9906417112299465,-1.0,-1.0
PM4_heatmap,2121129191,connected,48,14,96,0.9895833333333334,0.9895833333333334,-1.0,-1.0
PM4_heatmap,2121129191,connected,49,14,69,1.0,1.0,-1.0,-1.0
PM4_heatmap,2121129191,connected,3,15,102,0.9803921568627451,0.9803921568627451,-1.0,-1.0
PM4_heatmap,2121129191,connected,4,15,5,1.0,1.0,-1.0,-1.0
PM4_heatmap,2121129191,connected,5,15,57,0.9824561403508771,0.9824561403508771,-1.0,-1.0
PM4_heatmap,2121129191,connected,6,15,31,1.0,1.0,-1.0,-1.0
PM4_heatmap,2121129191,connected,7,15,71,0.9859154929577465,0.9859154929577465,-1.0,-1.0
PM4_heatmap,2121129191,connected,8,15,3,1.0,1.0,-1.0,-1.0
PM4_heatmap,2121129191,connected,9,15,80,0.9875,0.9875,-1.0,-1.0
PM4_heatmap,2121129191,connected,10,15,67,0.9701492537313433,0.9701492537313433,-1.0,-1.0
PM4_heatmap,2121129191,connected,11,15,11,0.9090909090909091,0.9090909090909091,-1.0,-1.0
PM4_heatmap,2121129191,connected,15,15,23,0.9130434782608695,0.9130434782608695,-1.0,-1.0
PM4_heatmap,2121129191,connected,16,15,28,0.9642857142857143,0.9642857142857143,-1.0,-1.0
PM4_heatmap,2121129191,connected,17,15,7,0.8571428571428571,0.8571428571428571,0.8571428571428571,0.8571428571428571
PM4_heatmap,2121129191,connected,18,15,33,0.9696969696969697,0.9696969696969697,0.9696969696969697,0.9696969696969697
PM4_heatmap,2121129191,connected,19,15,105,0.9714285714285714,0.9714285714285714,0.9801980198019802,0.9801980198019802
PM4_heatmap,2121129191,connected,20,15,22,0.9545454545454546,0.9545454545454546,-1.0,-1.0
PM4_heatmap,2121129191,connected,21,15,4,1.0,1.0,-1.0,-1.0
PM4_heatmap,2121129191,connected,22,15,128,0.9765625,0.9765625,-1.0,-1.0
PM4_heatmap,2121129191,connected,23,15,9,1.0,1.0,-1.0,-1.0
PM4_heatmap,2121129191,connected,24,15,70,0.9714285714285714,0.9714285714285714,-1.0,-1.0
PM4_heatmap,2121129191,connected,25,15,116,0.9827586206896551,0.9827586206896551,1.0,1.0
PM4_heatmap,2121129191,connected,41,15,37,0.972972972972973,0.972972972972973,-1.0,-1.0
PM4_heatmap,2121129191,connected,46,15,3,0.6666666666666666,0.6666666666666666,-1.0,-1.0
PM4_heatmap,2121129191,connected,47,15,24,1.0,1.0,-1.0,-1.0
PM4_heatmap,2121129191,connected,49,15,62,0.967741935483871,0.967741935483871,-1.0,-1.0
PM4_heatmap,2121129191,connected,4,16,6,0.8333333333333334,0.8333333333333334,-1.0,-1.0
PM4_heatmap,2121129191,connected,5,16,156,0.9807692307692307,0.9807692307692307,1.0,1.0
PM4_heatmap,2121129191,connected,6,16,23,1.0,1.0,1.0,1.0
PM4_heatmap,2121129191,connected,9,16,28,0.9642857142857143,0.9642857142857143,-1.0,-1.0
PM4_heatmap,2121129191,connected,10,16,53,0.9622641509433962,0.9622641509433962,-1.0,-1.0
PM4_heatmap,2121129191,connected,11,16,226,0.9867256637168141,0.9867256637168141,-1.0,-1.0
PM4_heatmap,2121129191,connected,12,16,19,1.0,1.0,-1.0,-1.0
PM4_heatmap,2121129191,connected,18,16,59,0.9830508474576272,0.9830508474576272,0.9830508474576272,0.9830508474576272
PM4_heatmap,2121129191,connected,19,16,163,0.9815950920245399,0.9815950920245399,0.9874213836477987,0.9874213836477987
PM4_heatmap,2121129191,connected,20,16,431,1.0,1.0,1.0,1.0
PM4_heatmap,2121129191,connected,21,16,494,0.9919028340080972,0.9919028340080972,-1.0,-1.0
PM4_heatmap,2121129191,connected,22,16,376,0.9946808510638298,0.9946808510638298,-1.0,-1.0
PM4_heatmap,2121129191,connected,23,16,112,0.9910714285714286,0.9910714285714286,-1.0,-1.0
PM4_heatmap,2121129191,connected,24,16,325,0.9969230769230769,0.9969230769230769,-1.0,-1.0
PM4_heatmap,2121129191,connected,25,16,164,0.9878048780487805,0.9878048780487805,-1.0,-1.0
PM4_heatmap,2121129191,connected,28,16,2,0.5,0.5,-1.0,-1.0
PM4_heatmap,2121129191,connected,38,16,36,1.0,1.0,-1.0,-1.0
PM4_heatmap,2121129191,connected,46,16,77,0.987012987012987,0.987012987012987,-1.0,-1.0
PM4_heatmap,2121129191,connected,47,16,74,0.972972972972973,0.972972972972973,-1.0,-1.0
PM4_heatmap,2121129191,connected,3,17,77,0.961038961038961,0.961038961038961,-1.0,-1.0
PM4_heatmap,2121129191,connected,4,17,145,0.9862068965517241,0.9862068965517241,-1.0,-1.0
PM4_heatmap,2121129191,connected,8,17,5,1.0,1.0,-1.0,-1.0
PM4_heatmap,2121129191,connected,9,17,55,1.0,1.0,-1.0,-1.0
PM4_heatmap,2121129191,connected,10,17,12,1.0,1.0,-1.0,-1.0
PM4_heatmap,2121129191,connected,11,17,65,0.9384615384615385,0.9384615384615385,-1.0,-1.0
PM4_heatmap,2121129191,connected,17,17,54,0.9814814814814815,0.9814814814814815,-1.0,-1.0
PM4_heatmap,2121129191,connected,18,17,39,1.0,1.0,1.0,1.0
PM4_heatmap,2121129191,connected,19,17,56,1.0,1.0,-1.0,-1.0
PM4_heatmap,2121129191,connected,20,17,173,0.9653179190751445,0.9653179190751445,-1.0,-1.0
PM4_heatmap,2121129191,connected,21,17,19,1.0,1.0,-1.0,-1.0
PM4_heatmap,2121129191,connected,22,17,56,0.9821428571428571,0.9821428571428571,-1.0,-1.0
PM4_heatmap,2121129191,connected,24,17,166,1.0,1.0,-1.0,-1.0
PM4_heatmap,2121129191,connected,26,17,13,0.9230769230769231,0.9230769230769231,-1.0,-1.0
PM4_heatmap,2121129191,connected,28,17,28,1.0,1.0,-1.0,-1.0
PM4_heatmap,2121129191,connected,29,17,10,0.9,0.9,-1.0,-1.0
PM4_heatmap,2121129191,connected,30,17,24,1.0,1.0,-1.0,-1.0
PM4_heatmap,2121129191,connected,31,17,39,0.9230769230769231,0.9230769230769231,-1.0,-1.0
PM4_heatmap,2121129191,connected,32,17,22,1.0,1.0,-1.0,-1.0
PM4_heatmap,2121129191,connected,38,17,47,1.0,1.0,-1.0,-1.0
PM4_heatmap,2121129191,connected,39,17,40,1.0,1.0,-1.0,-1.0
PM4_heatmap,2121129191,connected,40,17,6,0.8333333333333334,0.8333333333333334,-1.0,-1.0
PM4_heatmap,2121129191,connected,41,17,28,0.9285714285714286,0.9285714285714286,-1.0,-1.0
PM4_heatmap,2121129191,connected,47,17,41,0.975609756097561,0.975609756097561,-1.0,-1.0
PM4_heatmap,2121129191,connected,48,17,2,0.5,0.5,-1.0,-1.0
PM4_heatmap,2121129191,connected,4,18,38,0.9210526315789473,0.9210526315789473,-1.0,-1.0
PM4_heatmap,2121129191,connected,9,18,2,0.5,0.5,-1.0,-1.0
PM4_heatmap,2121129191,connected,10,18,2,1.0,1.0,-1.0,-1.0
PM4_heatmap,2121129191,connected,11,18,31,1.0,1.0,-1.0,-1.0
PM4_heatmap,2121129191,connected,16,18,11,0.9090909090909091,0.9090909090909091,-1.0,-1.0
PM4_heatmap,2121129191,connected,17,18,12,0.9166666666666666,0.9166666666666666,-1.0,-1.0
PM4_heatmap,2121129191,connected,18,18,5,0.8,0.8,-1.0,-1.0
PM4_heatmap,2121129191,connected,19,18,22,0.9545454545454546,0.9545454545454546,-1.0,-1.0
PM4_heatmap,2121129191,connected,20,18,410,0.9951219512195122,0.9951219512195122,-1.0,-1.0
PM4_heatmap,2121129191,connected,22,18,39,0.9230769230769231,0.9230769230769231,-1.0,-1.0
PM4_heatmap,2121129191,connected,24,18,22,1.0,1.0,-1.0,-1.0
PM4_heatmap,2121129191,connected,26,18,23,1.0,1.0,-1.0,-1.0
PM4_heatmap,2121129191,connected,27,18,26,0.9615384615384616,0.9615384615384616,-1.0,-1.0
PM4_heatmap,2121129191,connected,30,18,34,0.9705882352941176,0.9705882352941176,-1.0,-1.0
PM4_heatmap,2121129191,connected,39,18,17,1.0,1.0,-1.0,-1.0
PM4_heatmap,2121129191,connected,40,18,43,0.9767441860465116,0.9767441860465116,-1.0,-1.0
PM4_heatmap,2121129191,connected,41,18,47,1.0,1.0,-1.0,-1.0
PM4_heatmap,2121129191,connected,42,18,16,1.0,1.0,-1.0,-1.0
PM4_heatmap,2121129191,connected,43,18,2,1.0,1.0,-1.0,-1.0
PM4_heatmap,2121129191,connected,44,18,60,1.0,1.0,-1.0,-1.0
PM4_heatmap,2121129191,connected,47,18,23,1.0,1.0,-1.0,-1.0
PM4_heatmap,2121129191,connected,3,19,38,1.0,1.0,-1.0,-1.0
PM4_heatmap,2121129191,connected,4,19,82,0.9878048780487805,0.9878048780487805,-1.0,-1.0
PM4_heatmap,2121129191,connected,5,19,60,0.9833333333333333,0.9833333333333333,-1.0,-1.0
PM4_heatmap,2121129191,connected,6,19,4,0.75,0.75,-1.0,-1.0
PM4_heatmap,2121129191,connected,9,19,18,0.9444444444444444,0.9444444444444444,-1.0,-1.0
PM4_heatmap,2121129191,connected,10,19,64,0.96875,0.96875,-1.0,-1.0
PM4_heatmap,2121129191,connected,14,19,27,0.9629629629629629,0.9629629629629629,-1.0,-1.0
PM4_heatmap,2121129191,connected,15,19,44,0.9545454545454546,0.9545454545454546,-1.0,-1.0
PM4_heatmap,2121129191,connected,16,19,70,0.9857142857142858,0.9857142857142858,-1.0,-1.0
PM4_heatmap,2121129191,connected,17,19,18,0.8888888888888888,0.8888888888888888,-1.0,-1.0
PM4_heatmap,2121129191,connected,18,19,196,0.9897959183673469,0.9897959183673469,-1.0,-1.0
PM4_heatmap,2121129191,connected,19,19,96,0.9791666666666666,0.9791666666666666,-1.0,-1.0
PM4_heatmap,2121129191,connected,20,19,182,0.9945054945054945,0.9945054945054945,-1.0,-1.0
PM4_heatmap,2121129191,connected,21,19,29,0.9655172413793104,0.9655172413793104,-1.0,-1.0
PM4_heatmap,2121129191,connected,22,19,150,0.98,0.98,-1.0,-1.0
PM4_heatmap,2121129191,connected,23,19,15,1.0,1.0,-1.0,-1.0
PM4_heatmap,2121129191,connected,24,19,64,0.96875,0.96875,-1.0,-1.0
PM4_heatmap,2121129191,connected,27,19,31,1.0,1.0,-1.0,-1.0
PM4_heatmap,2121129191,connected,28,19,110,0.9818181818181818,0.9818181818181818,-1.0,-1.0
PM4_heatmap,2121129191,connected,29,19,50,1.0,1.0,-1.0,-1.0
PM4_heatmap,2121129191,connected,30,19,33,1.0,1.0,-1.0,-1.0
PM4_heatmap,2121129191,connected,36,19,8,1.0,1.0,-1.0,-1.0
PM4_heatmap,2121129191,connected,37,19,70,1.0,1.0,-1.0,-1.0
PM4_heatmap,2121129191,connected,38,19,50,0.98,0.98,-1.0,-1.0
PM4_heatmap,2121129191,connected,39,19,104,1.0,1.0,-1.0,-1.0
PM4_heatmap,2121129191,connected,40,19,34,0.9411764705882353,0.9411764705882353,-1.0,-1.0
PM4_heatmap,2121129191,connected,41,19,41,0.975609756097561,0.975609756097561,-1.0,-1.0
PM4_heatmap,2121129191,connected,42,19,128,1.0,1.0,-1.0,-1.0
PM4_heatmap,2121129191,connected,43,19,169,1.0,1.0,-1.0,-1.0
PM4_heatmap,2121129191,connected,44,19,311,0.9807073954983923,0.9807073954983923,-1.0,-1.0
PM4_heatmap,2121129191,connected,45,19,29,0.9655172413793104,0.9655172413793104,-1.0,-1.0
PM4_heatmap,2121129191,connected,47,19,23,1.0,1.0,-1.0,-1.0
PM4_heatmap,2121129191,connected,48,19,37,1.0,1.0,-1.0,-1.0
PM4_heatmap,2121129191,connected,3,20,9,0.8888888888888888,0.8888888888888888,-1.0,-1.0
PM4_heatmap,2121129191,connected,6,20,9,0.8888888888888888,0.8888888888888888,-1.0,-1.0
PM4_heatmap,2121129191,connected,9,20,14,0.8571428571428571,0.8571428571428571,-1.0,-1.0
PM4_heatmap,2121129191,connected,11,20,62,0.9838709677419355,0.9838709677419355,0.9838709677419355,0.9838709677419355
PM4_heatmap,2121129191,connected,12,20,35,0.9714285714285714,0.9714285714285714,0.9411764705882353,0.9411764705882353
PM4_heatmap,2121129191,connected,13,20,51,1.0,1.0,-1.0,-1.0
PM4_heatmap,2121129191,connected,14,20,34,1.0,1.0,-1.0,-1.0
PM4_heatmap,2121129191,connected,15,20,26,0.9615384615384616,0.9615384615384616,-1.0,-1.0
PM4_heatmap,2121129191,connected,16,20,18,1.0,1.0,-1.0,-1.0
PM4_heatmap,2121129191,connected,18,20,67,0.9850746268656716,0.9850746268656716,-1.0,-1.0
PM4_heatmap,2121129191,connected,19,20,123,0.975609756097561,0.975609756097561,-1.0,-1.0
PM4_heatmap,2121129191,connected,20,20,2,0.5,0.5,-1.0,-1.0
PM4_heatmap,2121129191,connected,24,20,16,1.0,1.0,-1.0,-1.0
PM4_heatmap,2121129191,connected,25,20,5,0.8,0.8,-1.0,-1.0
PM4_heatmap,2121129191,connected,26,20,13,0.9230769230769231,0.9230769230769231,-1.0,-1.0
PM4_heatmap,2121129191,connected,27,20,103,1.0,1.0,-1.0,-1.0
PM4_heatmap,2121129191,connected,29,20,24,1.0,1.0,-1.0,-1.0
PM4_heatmap,2121129191,connected,30,20,45,0.9777777777777777,0.9777777777777777,-1.0,-1.0
PM4_heatmap,2121129191,connected,31,20,15,0.9333333333333333,0.9333333333333333,-1.0,-1.0
PM4_heatmap,2121129191,connected,37,20,5,1.0,1.0,-1.0,-1.0
PM4_heatmap,2121129191,connected,38,20,55,0.9636363636363636,0.9636363636363636,-1.0,-1.0
PM4_heatmap,2121129191,connected,41,20,23,0.9565217391304348,0.9565217391304348,-1.0,-1.0
PM4_heatmap,2121129191,connected,42,20,66,0.9696969696969697,0.9696969696969697,-1.0,-1.0
PM4_heatmap,2121129191,connected,44,20,46,0.9782608695652174,0.9782608695652174,-1.0,-1.0
PM4_heatmap,2121129191,connected,3,21,55,0.9818181818181818,0.9818181818181818,-1.0,-1.0
PM4_heatmap,2121129191,connected,6,21,40,1.0,1.0,-1.0,-1.0
PM4_heatmap,2121129191,connected,7,21,167,0.9820359281437125,0.9820359281437125,-1.0,-1.0
PM4_heatmap,2121129191,connected,9,21,18,0.9444444444444444,0.9444444444444444,-1.0,-1.0
PM4_heatmap,2121129191,connected,10,21,44,0.9772727272727273,0.9772727272727273,-1.0,-1.0
PM4_heatmap,2121129191,connected,11,21,24,1.0,1.0,1.0,1.0
PM4_heatmap,2121129191,connected,12,21,57,1.0,1.0,1.0,1.0
PM4_heatmap,2121129191,connected,13,21,15,1.0,1.0,-1.0,-1.0
PM4_heatmap,2121129191,connected,14,21,54,1.0,1.0,-1.0,-1.0
PM4_heatmap,2121129191,connected,15,21,112,1.0,1.0,-1.0,-1.0
PM4_heatmap,2121129191,connected,16,21,355,0.9887323943661972,0.9887323943661972,-1.0,-1.0
PM4_heatmap,2121129191,connected,17,21,26,1.0,1.0,-1.0,-1.0
PM4_heatmap,2121129191,connected,18,21,98,1.0,1.0,-1.0,-1.0
PM4_heatmap,2121129191,connected,19,21,70,0.9571428571428572,0.9571428571428572,-1.0,-1.0
PM4_heatmap,2121129191,connected,22,21,27,1.0,1.0,-1.0,-1.0
PM4_heatmap,2121129191,connected,24,21,21,0.9523809523809523,0.9523809523809523,-1.0,-1.0
PM4_heatmap,2121129191,connected,25,21,93,0.978494623655914,0.978494623655914,-1.0,-1.0
PM4_heatmap,2121129191,connected,26,21,20,0.95,0.95,-1.0,-1.0
PM4_heatmap,2121129191,connected,32,21,1,0.0,0.0,-1.0,-1.0
PM4_heatmap,2121129191,connected,33,21,66,0.9545454545454546,0.9545454545454546,-1.0,-1.0
PM4_heatmap,2121129191,connected,37,21,1,1.0,1.0,-1.0,-1.0
PM4_heatmap,2121129191,connected,38,21,95,0.9789473684210527,0.9789473684210527,-1.0,-1.0
PM4_heatmap,2121129191,connected,39,21,4,1.0,1.0,-1.0,-1.0
PM4_heatmap,2121129191,connected,42,21,10,0.8,0.8,-1.0,-1.0
PM4_heatmap,2121129191,connected,43,21,15,1.0,1.0,-1.0,-1.0
PM4_heatmap,2121129191,connected,46,21,6,0.8333333333333334,0.8333333333333334,-1.0,-1.0
PM4_heatmap,2121129191,connected,47,21,181,0.9834254143646409,0.9834254143646409,-1.0,-1.0
PM4_heatmap,2121129191,connected,48,21,83,1.0,1.0,-1.0,-1.0
PM4_heatmap,2121129191,connected,49,21,2,1.0,1.0,-1.0,-1.0
PM4_heatmap,2121129191,connected,3,22,52,1.0,1.0,-1.0,-1.0
PM4_heatmap,2121129191,connected,6,22,99,0.98989898989899,0.98989898989899,-1.0,-1.0
PM4_heatmap,2121129191,connected,7,22,93,0.989247311827957,0.989247311827957,-1.0,-1.0
PM4_heatmap,2121129191,connected,8,22,152,0.993421052631579,0.993421052631579,-1.0,-1.0
PM4_heatmap,2121129191,connected,9,22,29,0.9655172413793104,0.9655172413793104,-1.0,-1.0
PM4_heatmap,2121129191,connected,10,22,84,1.0,1.0,-1.0,-1.0
PM4_heatmap,2121129191,connected,11,22,74,1.0,1.0,-1.0,-1.0
PM4_heatmap,2121129191,connected,12,22,8,1.0,1.0,-1.0,-1.0
PM4_heatmap,2121129191,connected,16,22,218,0.9724770642201835,0.9724770642201835,-1.0,-1.0
PM4_heatmap,2121129191,connected,17,22,7,0.8571428571428571,0.8571428571428571,-1.0,-1.0
PM4_heatmap,2121129191,connected,19,22,116,0.9741379310344828,0.9741379310344828,-1.0,-1.0
PM4_heatmap,2121129191,connected,20,22,34,1.0,1.0,-1.0,-1.0
PM4_heatmap,2121129191,connected,21,22,87,0.9885057471264368,0.9885057471264368,-1.0,-1.0
PM4_heatmap,2121129191,connected,22,22,204,0.9803921568627451,0.9803921568627451,-1.0,-1.0
PM4_heatmap,2121129191,connected,23,22,47,0.9148936170212766,0.9148936170212766,-1.0,-1.0
PM4_heatmap,2121129191,connected,24,22,90,0.9888888888888889,0.9888888888888889,-1.0,-1.0
PM4_heatmap,2121129191,connected,31,22,18,1.0,1.0,-1.0,-1.0
PM4_heatmap,2121129191,connected,32,22,51,0.9803921568627451,0.9803921568627451,-1.0,-1.0
PM4_heatmap,2121129191,connected,33,22,86,0.9883720930232558,0.9883720930232558,-1.0,-1.0
PM4_heatmap,2121129191,connected,34,22,71,0.9859154929577465,0.9859154929577465,-1.0,-1.0
PM4_heatmap,2121129191,connected,35,22,40,0.975,0.975,-1.0,-1.0
PM4_heatmap,2121129191,connected,37,22,89,0.9887640449438202,0.9887640449438202,-1.0,-1.0
PM4_heatmap,2121129191,connected,38,22,32,0.96875,0.96875,-1.0,-1.0
PM4_heatmap,2121129191,connected,40,22,92,0.9782608695652174,0.9782608695652174,1.0,1.0
PM4_heatmap,2121129191,connected,41,22,107,0.9906542056074766,0.9906542056074766,-1.0,-1.0
PM4_heatmap,2121129191,connected,42,22,570,0.987719298245614,0.987719298245614,-1.0,-1.0
PM4_heatmap,2121129191,connected,44,22,84,1.0,1.0,-1.0,-1.0
PM4_heatmap,2121129191,connected,45,22,16,1.0,1.0,-1.0,-1.0
PM4_heatmap,2121129191,connected,6,23,144,0.9930555555555556,0.9930555555555556,-1.0,-1.0
PM4_heatmap,2121129191,connected,7,23,13,1.0,1.0,-1.0,-1.0
PM4_heatmap,2121129191,connected,8,23,65,0.9692307692307692,0.9692307692307692,-1.0,-1.0
PM4_heatmap,2121129191,connected,10,23,13,1.0,1.0,1.0,1.0
PM4_heatmap,2121129191,connected,11,23,2,1.0,1.0,-1.0,-1.0
PM4_heatmap,2121129191,connected,16,23,57,0.9649122807017544,0.9649122807017544,-1.0,-1.0
PM4_heatmap,2121129191,connected,18,23,8,1.0,1.0,-1.0,-1.0
PM4_heatmap,2121129191,connected,19,23,38,0.9473684210526315,0.9473684210526315,-1.0,-1.0
PM4_heatmap,2121129191,connected,24,23,40,0.95,0.95,-1.0,-1.0
PM4_heatmap,2121129191,connected,33,23,125,0.992,0.992,-1.0,-1.0
PM4_heatmap,2121129191,connected,35,23,70,1.0,1.0,-1.0,-1.0
PM4_heatmap,2121129191,connected,37,23,41,0.975609756097561,0.975609756097561,-1.0,-1.0
PM4_heatmap,2121129191,connected,38,23,86,1.0,1.0,-1.0,-1.0
PM4_heatmap,2121129191,connected,39,23,14,0.9285714285714286,0.9285714285714286,-1.0,-1.0
PM4_heatmap,2121129191,connected,40,23,76,0.9868421052631579,0.9868421052631579,-1.0,-1.0
PM4_heatmap,2121129191,connected,41,23,10,0.9,0.9,-1.0,-1.0
PM4_heatmap,2121129191,connected,42,23,125,0.976,0.976,-1.0,-1.0
PM4_heatmap,2121129191,connected,4,24,2,1.0,1.0,-1.0,-1.0
PM4_heatmap,2121129191,connected,5,24,66,0.9696969696969697,0.9696969696969697,-1.0,-1.0
PM4_heatmap,2121129191,connected,6,24,14,1.0,1.0,-1.0,-1.0
PM4_heatmap,2121129191,connected,7,24,15,1.0,1.0,-1.0,-1.0
PM4_heatmap,2121129191,connected,8,24,26,0.9615384615384616,0.9615384615384616,-1.0,-1.0
PM4_heatmap,2121129191,connected,10,24,80,1.0,1.0,1.0,1.0
PM4_heatmap,2121129191,connected,11,24,16,1.0,1.0,1.0,1.0
PM4_heatmap,2121129191,connected,16,24,88,0.9886363636363636,0.9886363636363636,-1.0,-1.0
PM4_heatmap,2121129191,connected,17,24,120,1.0,1.0,-1.0,-1.0
PM4_heatmap,2121129191,connected,18,24,153,0.9869281045751634,0.9869281045751634,-1.0,-1.0
PM4_heatmap,2121129191,connected,32,24,21,1.0,1.0,1.0,1.0
PM4_heatmap,2121129191,connected,33,24,420,0.9857142857142858,0.9857142857142858,1.0,1.0
PM4_heatmap,2121129191,connected,34,24,126,0.9920634920634921,0.9920634920634921,-1.0,-1.0
PM4_heatmap,2121129191,connected,35,24,151,1.0,1.0,-1.0,-1.0
PM4_heatmap,2121129191,connected,36,24,34,1.0,1.0,-1.0,-1.0
PM4_heatmap,2121129191,connected,37,24,130,0.9692307692307692,0.9692307692307692,-1.0,-1.0
PM4_heatmap,2121129191,connected,38,24,295,0.9898305084745763,0.9898305084745763,-1.0,-1.0
PM4_heatmap,2121129191,connected,39,24,56,1.0,1.0,-1.0,-1.0
PM4_heatmap,2121129191,connected,41,24,20,1.0,1.0,-1.0,-1.0
PM4_heatmap,2121129191,connected,42,24,78,0.9743589743589743,0.9743589743589743,-1.0,-1.0
PM4_heatmap,2121129191,connected,10,25,20,0.9,0.9,-1.0,-1.0
PM4_heatmap,2121129191,connected,11,25,136,0.9926470588235294,0.9926470588235294,1.0,1.0
PM4_heatmap,2121129191,connected,17,25,85,1.0,1.0,-1.0,-1.0
PM4_heatmap,2121129191,connected,18,25,159,0.9874213836477987,0.9874213836477987,-1.0,-1.0
PM4_heatmap,2121129191,connected,31,25,66,0.9696969696969697,0.9696969696969697,-1.0,-1.0
PM4_heatmap,2121129191,connected,32,25,54,0.9814814814814815,0.9814814814814815,0.9333333333333333,0.9333333333333333
PM4_heatmap,2121129191,connected,33,25,233,0.9871244635193133,0.9871244635193133,0.9791666666666666,0.9791666666666666
PM4_heatmap,2121129191,connected,34,25,11,1.0,1.0,-1.0,-1.0
PM4_heatmap,2121129191,connected,35,25,478,0.9811715481171548,0.9811715481171548,-1.0,-1.0
PM4_heatmap,2121129191,connected,36,25,272,0.9595588235294118,0.9595588235294118,-1.0,-1.0
PM4_heatmap,2121129191,connected,37,25,8,1.0,1.0,-1.0,-1.0
PM4_heatmap,2121129191,connected,39,25,35,0.9714285714285714,0.9714285714285714,-1.0,-1.0
PM4_heatmap,2121129191,connected,40,25,151,0.9933774834437086,0.9933774834437086,-1.0,-1.0
PM4_heatmap,2121129191,connected,41,25,93,0.989247311827957,0.989247311827957,-1.0,-1.0
PM4_heatmap,2121129191,connected,42,25,39,0.9743589743589743,0.9743589743589743,-1.0,-1.0
PM4_heatmap,2121129191,connected,46,25,16,0.875,0.875,-1.0,-1.0
PM4_heatmap,2121129191,connected,7,26,64,0.96875,0.96875,-1.0,-1.0
PM4_heatmap,2121129191,connected,8,26,72,0.9722222222222222,0.9722222222222222,-1.0,-1.0
PM4_heatmap,2121129191,connected,10,26,16,1.0,1.0,-1.0,-1.0
PM4_heatmap,2121129191,connected,11,26,280,0.9857142857142858,0.9857142857142858,1.0,1.0
PM4_heatmap,2121129191,connected,17,26,42,0.9761904761904762,0.9761904761904762,-1.0,-1.0
PM4_heatmap,2121129191,connected,18,26,31,1.0,1.0,-1.0,-1.0
PM4_heatmap,2121129191,connected,30,26,6,1.0,1.0,1.0,1.0
PM4_heatmap,2121129191,connected,31,26,17,1.0,1.0,-1.0,-1.0
PM4_heatmap,2121129191,connected,33,26,132,1.0,1.0,-1.0,-1.0
PM4_heatmap,2121129191,connected,35,26,60,0.9833333333333333,0.9833333333333333,-1.0,-1.0
PM4_heatmap,2121129191,connected,36,26,42,1.0,1.0,-1.0,-1.0
PM4_heatmap,2121129191,connected,37,26,189,0.9841269841269841,0.9841269841269841,-1.0,-1.0
PM4_heatmap,2121129191,connected,38,26,240,0.9875,0.9875,-1.0,-1.0
PM4_heatmap,2121129191,connected,40,26,154,0.987012987012987,0.987012987012987,-1.0,-1.0
PM4_heatmap,2121129191,connected,41,26,22,0.9545454545454546,0.9545454545454546,-1.0,-1.0
PM4_heatmap,2121129191,connected,44,26,4,0.75,0.75,-1.0,-1.0
PM4_heatmap,2121129191,connected,46,26,78,1.0,1.0,-1.0,-1.0
PM4_heatmap,2121129191,connected,3,27,2,1.0,1.0,-1.0,-1.0
PM4_heatmap,2121129191,connected,7,27,26,1.0,1.0,-1.0,-1.0
PM4_heatmap,2121129191,connected,8,27,94,0.9787234042553191,0.9787234042553191,1.0,1.0
PM4_heatmap,2121129191,connected,11,27,118,0.9915254237288136,0.9915254237288136,-1.0,-1.0
PM4_heatmap,2121129191,connected,12,27,87,1.0,1.0,-1.0,-1.0
PM4_heatmap,2121129191,connected,13,27,30,1.0,1.0,-1.0,-1.0
PM4_heatmap,2121129191,connected,17,27,81,0.9876543209876543,0.9876543209876543,-1.0,-1.0
PM4_heatmap,2121129191,connected,29,27,27,0.9629629629629629,0.9629629629629629,0.875,0.875
PM4_heatmap,2121129191,connected,30,27,260,0.9923076923076923,0.9923076923076923,0.9893048128342246,0.9893048128342246
PM4_heatmap,2121129191,connected,32,27,22,1.0,1.0,-1.0,-1.0
PM4_heatmap,2121129191,connected,33,27,107,1.0,1.0,1.0,1.0
PM4_heatmap,2121129191,connected,35,27,24,1.0,1.0,-1.0,-1.0
PM4_heatmap,2121129191,connected,36,27,7,1.0,1.0,-1.0,-1.0
PM4_heatmap,2121129191,connected,38,27,227,0.9823788546255506,0.9823788546255506,-1.0,-1.0
PM4_heatmap,2121129191,connected,39,27,16,1.0,1.0,-1.0,-1.0
PM4_heatmap,2121129191,connected,40,27,184,0.9891304347826086,0.9891304347826086,-1.0,-1.0
PM4_heatmap,2121129191,connected,41,27,91,1.0,1.0,-1.0,-1.0
PM4_heatmap,2121129191,connected,42,27,5,0.8,0.8,-1.0,-1.0
PM4_heatmap,2121129191,connected,43,27,27,1.0,1.0,-1.0,-1.0
PM4_heatmap,2121129191,connected,44,27,131,0.9847328244274809,0.9847328244274809,-1.0,-1.0
PM4_heatmap,2121129191,connected,45,27,31,0.967741935483871,0.967741935483871,-1.0,-1.0
PM4_heatmap,2121129191,connected,46,27,71,1.0,1.0,-1.0,-1.0
PM4_heatmap,2121129191,connected,3,28,63,0.9841269841269841,0.9841269841269841,-1.0,-1.0
PM4_heatmap,2121129191,connected,4,28,69,0.9855072463768116,0.9855072463768116,-1.0,-1.0
PM4_heatmap,2121129191,connected,7,28,19,0.9473684210526315,0.9473684210526315,-1.0,-1.0
PM4_heatmap,2121129191,connected,8,28,124,0.9919354838709677,0.9919354838709677,1.0,1.0
PM4_heatmap,2121129191,connected,16,28,9,1.0,1.0,-1.0,-1.0
PM4_heatmap,2121129191,connected,27,28,134,0.9850746268656716,0.9850746268656716,-1.0,-1.0
PM4_heatmap,2121129191,connected,28,28,161,1.0,1.0,-1.0,-1.0
PM4_heatmap,2121129191,connected,29,28,8,1.0,1.0,-1.0,-1.0
PM4_heatmap,2121129191,connected,30,28,149,0.9932885906040269,0.9932885906040269,0.9846153846153847,0.9846153846153847
PM4_heatmap,2121129191,connected,31,28,165,1.0,1.0,1.0,1.0
PM4_heatmap,2121129191,connected,32,28,19,1.0,1.0,1.0,1.0
PM4_heatmap,2121129191,connected,33,28,206,0.9902912621359223,0.9902912621359223,1.0,1.0
PM4_heatmap,2121129191,connected,34,28,2,1.0,1.0,-1.0,-1.0
PM4_heatmap,2121129191,connected,37,28,19,1.0,1.0,-1.0,-1.0
PM4_heatmap,2121129191,connected,38,28,208,0.9903846153846154,0.9903846153846154,-1.0,-1.0
PM4_heatmap,2121129191,connected,39,28,43,0.9534883720930233,0.9534883720930233,-1.0,-1.0
PM4_heatmap,2121129191,connected,42,28,57,0.9824561403508771,0.9824561403508771,-1.0,-1.0
PM4_heatmap,2121129191,connected,45,28,88,1.0,1.0,-1.0,-1.0
PM4_heatmap,2121129191,connected,46,28,6,1.0,1.0,-1.0,-1.0
PM4_heatmap,2121129191,connected,49,28,55,0.9818181818181818,0.9818181818181818,-1.0,-1.0
PM4_heatmap,2121129191,connected,5,29,10,1.0,1.0,-1.0,-1.0
PM4_heatmap,2121129191,connected,7,29,20,0.95,0.95,-1.0,-1.0
PM4_heatmap,2121129191,connected,8,29,1,1.0,1.0,1.0,1.0
PM4_heatmap,2121129191,connected,15,29,12,1.0,1.0,-1.0,-1.0
PM4_heatmap,2121129191,connected,16,29,47,0.9574468085106383,0.9574468085106383,-1.0,-1.0
PM4_heatmap,2121129191,connected,27,29,7,1.0,1.0,-1.0,-1.0
PM4_heatmap,2121129191,connected,28,29,33,1.0,1.0,-1.0,-1.0
PM4_heatmap,2121129191,connected,31,29,3,1.0,1.0,1.0,1.0
PM4_heatmap,2121129191,connected,33,29,111,0.9819819819819819,0.9819819819819819,1.0,1.0
PM4_heatmap,2121129191,connected,34,29,25,1.0,1.0,1.0,1.0
PM4_heatmap,2121129191,connected,38,29,96,1.0,1.0,-1.0,-1.0
PM4_heatmap,2121129191,connected,39,29,54,0.9444444444444444,0.9444444444444444,-1.0,-1.0
PM4_heatmap,2121129191,connected,47,29,238,0.9915966386554622,0.9915966386554622,-1.0,-1.0
PM4_heatmap,2121129191,connected,48,29,16,1.0,1.0,-1.0,-1.0
PM4_heatmap,2121129191,connected,49,29,55,0.9454545454545454,0.9454545454545454,-1.0,-1.0
PM4_heatmap,2121129191,connected,5,30,64,0.96875,0.96875,-1.0,-1.0
PM4_heatmap,2121129191,connected,6,30,9,1.0,1.0,-1.0,-1.0
PM4_heatmap,2121129191,connected,7,30,55,0.9818181818181818,0.9818181818181818,-1.0,-1.0
PM4_heatmap,2121129191,connected,23,30,5,0.8,0.8,-1.0,-1.0
PM4_heatmap,2121129191,connected,24,30,33,0.9696969696969697,0.9696969696969697,-1.0,-1.0
PM4_heatmap,2121129191,connected,25,30,2,1.0,1.0,-1.0,-1.0
PM4_heatmap,2121129191,connected,26,30,14,1.0,1.0,-1.0,-1.0
PM4_heatmap,2121129191,connected,27,30,160,0.9875,0.9875,-1.0,-1.0
PM4_heatmap,2121129191,connected,28,30,182,0.9945054945054945,0.9945054945054945,-1.0,-1.0
PM4_heatmap,2121129191,connected,29,30,12,1.0,1.0,-1.0,-1.0
PM4_heatmap,2121129191,connected,34,30,21,0.9523809523809523,0.9523809523809523,-1.0,-1.0
PM4_heatmap,2121129191,connected,35,30,7,0.8571428571428571,0.8571428571428571,-1.0,-1.0
PM4_heatmap,2121129191,connected,36,30,43,1.0,1.0,-1.0,-1.0
PM4_heatmap,2121129191,connected,37,30,15,1.0,1.0,-1.0,-1.0
PM4_heatmap,2121129191,connected,43,30,1,1.0,1.0,1.0,1.0
PM4_heatmap,2121129191,connected,44,30,1,1.0,1.0,1.0,1.0
PM4_heatmap,2121129191,connected,47,30,285,0.9929824561403509,0.9929824561403509,-1.0,-1.0
PM4_heatmap,2121129191,connected,27,31,23,0.9130434782608695,0.9130434782608695,-1.0,-1.0
PM4_heatmap,2121129191,connected,28,31,54,0.9629629629629629,0.9629629629629629,-1.0,-1.0
PM4_heatmap,2121129191,connected,29,31,34,0.9705882352941176,0.9705882352941176,-1.0,-1.0
PM4_heatmap,2121129191,connected,35,31,16,1.0,1.0,-1.0,-1.0
PM4_heatmap,2121129191,connected,46,31,174,0.9827586206896551,0.9827586206896551,-1.0,-1.0
PM4_heatmap,2121129191,connected,47,31,61,0.9672131147540983,0.9672131147540983,-1.0,-1.0
PM4_heatmap,2121129191,connected,48,31,76,0.9868421052631579,0.9868421052631579,-1.0,-1.0
PM4_heatmap,2121129191,connected,49,31,31,0.967741935483871,0.967741935483871,-1.0,-1.0
PM4_heatmap,2121129191,connected,19,32,37,1.0,1.0,-1.0,-1.0
PM4_heatmap,2121129191,connected,20,32,50,0.98,0.98,-1.0,-1.0
PM4_heatmap,2121129191,connected,46,32,24,1.0,1.0,-1.0,-1.0
PM4_heatmap,2121129191,connected,48,32,37,0.972972972972973,0.972972972972973,-1.0,-1.0
PM4_heatmap,2121129191,connected,49,32,32,0.96875,0.96875,-1.0,-1.0
PM4_heatmap,2121129191,connected,20,33,30,1.0,1.0,-1.0,-1.0
PM4_heatmap,2121129191,connected,21,33,3,0.6666666666666666,0.6666666666666666,-1.0,-1.0
PM4_heatmap,2121129191,connected,46,33,86,0.9651162790697675,0.9651162790697675,-1.0,-1.0
PM4_heatmap,2121129191,connected,47,33,110,0.9727272727272728,0.9727272727272728,-1.0,-1.0
PM4_heatmap,2121129191,connected,49,33,30,0.9666666666666667,0.9666666666666667,-1.0,-1.0
PM4_heatmap,2121129191,connected,35,34,107,1.0,1.0,-1.0,-1.0
PM4_heatmap,2121129191,connected,44,34,9,1.0,1.0,-1.0,-1.0
PM4_heatmap,2121129191,connected,45,34,62,1.0,1.0,-1.0,-1.0
PM4_heatmap,2121129191,connected,46,34,90,1.0,1.0,-1.0,-1.0
PM4_heatmap,2121129191,connected,47,34,27,0.9629629629629629,0.9629629629629629,-1.0,-1.0
PM4_heatmap,2121129191,connected,48,34,28,1.0,1.0,-1.0,-1.0
PM4_heatmap,2121129191,connected,2,35,5,0.8,0.8,0.8,0.8
PM4_heatmap,2121129191,connected,3,35,51,0.9803921568627451,0.9803921568627451,0.9803921568627451,0.9803921568627451
PM4_heatmap,2121129191,connected,27,35,92,0.9891304347826086,0.9891304347826086,-1.0,-1.0
PM4_heatmap,2121129191,connected,28,35,4,0.75,0.75,-1.0,-1.0
PM4_heatmap,2121129191,connected,34,35,10,1.0,1.0,-1.0,-1.0
PM4_heatmap,2121129191,connected,35,35,91,1.0,1.0,-1.0,-1.0
PM4_heatmap,2121129191,connected,38,35,54,1.0,1.0,1.0,1.0
PM4_heatmap,2121129191,connected,44,35,60,0.9666666666666667,0.9666666666666667,-1.0,-1.0
PM4_heatmap,2121129191,connected,46,35,17,1.0,1.0,-1.0,-1.0
PM4_heatmap,2121129191,connected,47,35,297,1.0,1.0,-1.0,-1.0
PM4_heatmap,2121129191,connected,48,35,221,0.995475113122172,0.995475113122172,-1.0,-1.0
PM4_heatmap,2121129191,connected,28,36,54,0.9629629629629629,0.9629629629629629,-1.0,-1.0
PM4_heatmap,2121129191,connected,29,36,46,1.0,1.0,-1.0,-1.0
PM4_heatmap,2121129191,connected,33,36,117,0.9914529914529915,0.9914529914529915,-1.0,-1.0
PM4_heatmap,2121129191,connected,34,36,101,0.9900990099009901,0.9900990099009901,-1.0,-1.0
PM4_heatmap,2121129191,connected,35,36,98,0.9897959183673469,0.9897959183673469,-1.0,-1.0
PM4_heatmap,2121129191,connected,36,36,21,0.9523809523809523,0.9523809523809523,-1.0,-1.0
PM4_heatmap,2121129191,connected,37,36,55,0.9818181818181818,0.9818181818181818,-1.0,-1.0
PM4_heatmap,2121129191,connected,38,36,10,1.0,1.0,1.0,1.0
PM4_heatmap,2121129191,connected,43,36,100,0.99,0.99,-1.0,-1.0
PM4_heatmap,2121129191,connected,44,36,231,0.987012987012987,0.987012987012987,1.0,1.0
PM4_heatmap,2121129191,connected,45,36,19,1.0,1.0,1.0,1.0
PM4_heatmap,2121129191,connected,48,36,142,1.0,1.0,-1.0,-1.0
PM4_heatmap,2121129191,connected,49,36,55,1.0,1.0,-1.0,-1.0
PM4_heatmap,2121129191,connected,27,37,31,1.0,1.0,-1.0,-1.0
PM4_heatmap,2121129191,connected,33,37,16,0.9375,0.9375,-1.0,-1.0
PM4_heatmap,2121129191,connected,34,37,8,1.0,1.0,-1.0,-1.0
PM4_heatmap,2121129191,connected,35,37,7,1.0,1.0,-1.0,-1.0
PM4_heatmap,2121129191,connected,40,37,46,0.9782608695652174,0.9782608695652174,-1.0,-1.0
PM4_heatmap,2121129191,connected,42,37,49,0.9795918367346939,0.9795918367346939,-1.0,-1.0
PM4_heatmap,2121129191,connected,44,37,13,1.0,1.0,1.0,1.0
PM4_heatmap,2121129191,connected,45,37,10,1.0,1.0,1.0,1.0
PM4_heatmap,2121129191,connected,49,37,81,0.9876543209876543,0.9876543209876543,-1.0,-1.0
PM4_heatmap,2121129191,connected,5,38,24,0.9583333333333334,0.9583333333333334,-1.0,-1.0
PM4_heatmap,2121129191,connected,6,38,38,0.9736842105263158,0.9736842105263158,-1.0,-1.0
PM4_heatmap,2121129191,connected,23,38,3,0.6666666666666666,0.6666666666666666,-1.0,-1.0
PM4_heatmap,2121129191,connected,24,38,68,1.0,1.0,-1.0,-1.0
PM4_heatmap,2121129191,connected,27,38,102,1.0,1.0,-1.0,-1.0
PM4_heatmap,2121129191,connected,28,38,17,1.0,1.0,-1.0,-1.0
PM4_heatmap,2121129191,connected,33,38,111,0.9819819819819819,0.9819819819819819,-1.0,-1.0
PM4_heatmap,2121129191,connected,34,38,31,1.0,1.0,-1.0,-1.0
PM4_heatmap,2121129191,connected,35,38,15,1.0,1.0,-1.0,-1.0
PM4_heatmap,2121129191,connected,39,38,104,0.9903846153846154,0.9903846153846154,-1.0,-1.0
PM4_heatmap,2121129191,connected,40,38,66,0.9696969696969697,0.9696969696969697,-1.0,-1.0
PM4_heatmap,2121129191,connected,41,38,196,0.9948979591836735,0.9948979591836735,-1.0,-1.0
PM4_heatmap,2121129191,connected,42,38,264,0.9772727272727273,0.9772727272727273,-1.0,-1.0
PM4_heatmap,2121129191,connected,43,38,12,1.0,1.0,-1.0,-1.0
PM4_heatmap,2121129191,connected,44,38,47,1.0,1.0,-1.0,-1.0
PM4_heatmap,2121129191,connected,45,38,13,1.0,1.0,-1.0,-1.0
PM4_heatmap,2121129191,connected,48,38,19,0.9473684210526315,0.9473684210526315,-1.0,-1.0
PM4_heatmap,2121129191,connected,49,38,37,1.0,1.0,-1.0,-1.0
PM4_heatmap,2121129191,connected,9,39,62,0.967741935483871,0.967741935483871,-1.0,-1.0
PM4_heatmap,2121129191,connected,19,39,21,0.9047619047619048,0.9047619047619048,0.9047619047619048,0.9047619047619048
PM4_heatmap,2121129191,connected,20,39,33,0.9090909090909091,0.9090909090909091,0.9090909090909091,0.9090909090909091
PM4_heatmap,2121129191,connected,21,39,27,1.0,1.0,1.0,1.0
PM4_heatmap,2121129191,connected,24,39,183,0.9781420765027322,0.9781420765027322,-1.0,-1.0
PM4_heatmap,2121129191,connected,25,39,6,1.0,1.0,-1.0,-1.0
PM4_heatmap,2121129191,connected,26,39,9,1.0,1.0,-1.0,-1.0
PM4_heatmap,2121129191,connected,31,39,28,1.0,1.0,-1.0,-1.0
PM4_heatmap,2121129191,connected,32,39,4,1.0,1.0,-1.0,-1.0
PM4_heatmap,2121129191,connected,33,39,145,0.9862068965517241,0.9862068965517241,-1.0,-1.0
PM4_heatmap,2121129191,connected,34,39,39,1.0,1.0,-1.0,-1.0
PM4_heatmap,2121129191,connected,39,39,61,0.9672131147540983,0.9672131147540983,-1.0,-1.0
PM4_heatmap,2121129191,connected,40,39,135,0.9925925925925926,0.9925925925925926,-1.0,-1.0
PM4_heatmap,2121129191,connected,41,39,59,1.0,1.0,-1.0,-1.0
PM4_heatmap,2121129191,connected,46,39,1,1.0,1.0,-1.0,-1.0
PM4_heatmap,2121129191,connected,47,39,41,0.975609756097561,0.975609756097561,-1.0,-1.0
PM4_heatmap,2121129191,connected,48,39,22,0.9545454545454546,0.9545454545454546,-1.0,-1.0
PM4_heatmap,2121129191,connected,19,40,60,0.9666666666666667,0.9666666666666667,0.9666666666666667,0.9666666666666667
PM4_heatmap,2121129191,connected,20,40,54,0.9629629629629629,0.9629629629629629,0.96875,0.96875
PM4_heatmap,2121129191,connected,21,40,32,0.9375,0.9375,0.75,0.75
PM4_heatmap,2121129191,connected,22,40,12,0.9166666666666666,0.9166666666666666,-1.0,-1.0
PM4_heatmap,2121129191,connected,24,40,198,0.9848484848484849,0.9848484848484849,-1.0,-1.0
PM4_heatmap,2121129191,connected,25,40,37,1.0,1.0,-1.0,-1.0
PM4_heatmap,2121129191,connected,26,40,46,1.0,1.0,-1.0,-1.0
PM4_heatmap,2121129191,connected,32,40,115,0.9826086956521739,0.9826086956521739,-1.0,-1.0
PM4_heatmap,2121129191,connected,33,40,157,0.9872611464968153,0.9872611464968153,-1.0,-1.0
PM4_heatmap,2121129191,connected,35,40,37,0.972972972972973,0.972972972972973,-1.0,-1.0
PM4_heatmap,2121129191,connected,38,40,26,0.9615384615384616,0.9615384615384616,-1.0,-1.0
PM4_heatmap,2121129191,connected,39,40,38,0.9736842105263158,0.9736842105263158,-1.0,-1.0
PM4_heatmap,2121129191,connected,41,40,6,1.0,1.0,-1.0,-1.0
PM4_heatmap,2121129191,connected,0,41,34,1.0,1.0,-1.0,-1.0
PM4_heatmap,2121129191,connected,1,41,25,1.0,1.0,-1.0,-1.0
PM4_heatmap,2121129191,connected,2,41,59,1.0,1.0,-1.0,-1.0
PM4_heatmap,2121129191,connected,3,41,42,1.0,1.0,-1.0,-1.0
PM4_heatmap,2121129191,connected,4,41,96,1.0,1.0,-1.0,-1.0
PM4_heatmap,2121129191,connected,5,41,60,0.9833333333333333,0.9833333333333333,-1.0,-1.0
PM4_heatmap,2121129191,connected,8,41,50,1.0,1.0,-1.0,-1.0
PM4_heatmap,2121129191,connected,9,41,99,1.0,1.0,-1.0,-1.0
PM4_heatmap,2121129191,connected,10,41,46,0.9782608695652174,0.9782608695652174,-1.0,-1.0
PM4_heatmap,2121129191,connected,11,41,66,0.9696969696969697,0.9696969696969697,-1.0,-1.0
PM4_heatmap,2121129191,connected,16,41,32,0.96875,0.96875,-1.0,-1.0
PM4_heatmap,2121129191,connected,17,41,8,0.875,0.875,-1.0,-1.0
PM4_heatmap,2121129191,connected,19,41,3,0.6666666666666666,0.6666666666666666,0.6666666666666666,0.6666666666666666
PM4_heatmap,2121129191,connected,21,41,66,0.9696969696969697,0.9696969696969697,-1.0,-1.0
PM4_heatmap,2121129191,connected,22,41,124,0.9919354838709677,0.9919354838709677,0.9285714285714286,0.9285714285714286
PM4_heatmap,2121129191,connected,23,41,124,0.9838709677419355,0.9838709677419355,0.9767441860465116,0.9767441860465116
PM4_heatmap,2121129191,connected,24,41,37,1.0,1.0,-1.0,-1.0
PM4_heatmap,2121129191,connected,27,41,4,0.75,0.75,-1.0,-1.0
PM4_heatmap,2121129191,connected,28,41,18,0.9444444444444444,0.9444444444444444,-1.0,-1.0
PM4_heatmap,2121129191,connected,31,41,63,0.9841269841269841,0.9841269841269841,-1.0,-1.0
PM4_heatmap,2121129191,connected,32,41,196,0.9948979591836735,0.9948979591836735,-1.0,-1.0
PM4_heatmap,2121129191,connected,33,41,454,0.9889867841409692,0.9889867841409692,-1.0,-1.0
PM4_heatmap,2121129191,connected,34,41,44,0.9545454545454546,0.9545454545454546,-1.0,-1.0
PM4_heatmap,2121129191,connected,35,41,51,1.0,1.0,-1.0,-1.0
PM4_heatmap,2121129191,connected,36,41,159,0.9874213836477987,0.9874213836477987,-1.0,-1.0
PM4_heatmap,2121129191,connected,38,41,105,0.9904761904761905,0.9904761904761905,-1.0,-1.0
PM4_heatmap,2121129191,connected,40,41,27,0.9629629629629629,0.9629629629629629,1.0,1.0
PM4_heatmap,2121129191,connected,41,41,33,0.9696969696969697,0.9696969696969697,1.0,1.0
PM4_heatmap,2121129191,connected,42,41,62,0.967741935483871,0.967741935483871,-1.0,-1.0
PM4_heatmap,2121129191,connected,43,41,3,1.0,1.0,-1.0,-1.0
PM4_heatmap,2121129191,connected,0,42,7,0.8571428571428571,0.8571428571428571,-1.0,-1.0
PM4_heatmap,2121129191,connected,1,42,16,0.9375,0.9375,-1.0,-1.0
PM4_heatmap,2121129191,connected,2,42,147,1.0,1.0,-1.0,-1.0
PM4_heatmap,2121129191,connected,3,42,14,0.9285714285714286,0.9285714285714286,-1.0,-1.0
PM4_heatmap,2121129191,connected,5,42,65,0.9538461538461539,0.9538461538461539,-1.0,-1.0
PM4_heatmap,2121129191,connected,6,42,65,0.9846153846153847,0.9846153846153847,-1.0,-1.0
PM4_heatmap,2121129191,connected,7,42,2,1.0,1.0,-1.0,-1.0
PM4_heatmap,2121129191,connected,10,42,66,0.9848484848484849,0.9848484848484849,-1.0,-1.0
PM4_heatmap,2121129191,connected,21,42,77,1.0,1.0,-1.0,-1.0
PM4_heatmap,2121129191,connected,22,42,224,0.9910714285714286,0.9910714285714286,-1.0,-1.0
PM4_heatmap,2121129191,connected,23,42,131,0.9847328244274809,0.9847328244274809,1.0,1.0
PM4_heatmap,2121129191,connected,24,42,3,1.0,1.0,-1.0,-1.0
PM4_heatmap,2121129191,connected,30,42,1,0.0,0.0,-1.0,-1.0
PM4_heatmap,2121129191,connected,31,42,76,0.9736842105263158,0.9736842105263158,-1.0,-1.0
PM4_heatmap,2121129191,connected,33,42,76,1.0,1.0,-1.0,-1.0
PM4_heatmap,2121129191,connected,34,42,38,1.0,1.0,-1.0,-1.0
PM4_heatmap,2121129191,connected,35,42,40,0.975,0.975,-1.0,-1.0
PM4_heatmap,2121129191,connected,36,42,158,0.9873417721518988,0.9873417721518988,-1.0,-1.0
PM4_heatmap,2121129191,connected,37,42,33,1.0,1.0,-1.0,-1.0
PM4_heatmap,2121129191,connected,38,42,13,1.0,1.0,-1.0,-1.0
PM4_heatmap,2121129191,connected,41,42,7,1.0,1.0,-1.0,-1.0
PM4_heatmap,2121129191,connected,42,42,1,0.0,0.0,-1.0,-1.0
PM4_heatmap,2121129191,connected,43,42,87,0.9885057471264368,0.9885057471264368,-1.0,-1.0
PM4_heatmap,2121129191,connected,0,43,5,1.0,1.0,1.0,1.0
PM4_heatmap,2121129191,connected,2,43,33,0.9696969696969697,0.9696969696969697,-1.0,-1.0
PM4_heatmap,2121129191,connected,6,43,24,0.9583333333333334,0.9583333333333334,-1.0,-1.0
PM4_heatmap,2121129191,connected,7,43,11,1.0,1.0,-1.0,-1.0
PM4_heatmap,2121129191,connected,9,43,31,0.967741935483871,0.967741935483871,-1.0,-1.0
PM4_heatmap,2121129191,connected,10,43,50,0.98,0.98,-1.0,-1.0
PM4_heatmap,2121129191,connected,16,43,89,1.0,1.0,-1.0,-1.0
PM4_heatmap,2121129191,connected,17,43,127,0.9921259842519685,0.9921259842519685,0.972972972972973,0.972972972972973
PM4_heatmap,2121129191,connected,18,43,110,0.9818181818181818,0.9818181818181818,1.0,1.0
PM4_heatmap,2121129191,connected,19,43,57,0.9824561403508771,0.9824561403508771,-1.0,-1.0
PM4_heatmap,2121129191,connected,20,43,50,0.98,0.98,-1.0,-1.0
PM4_heatmap,2121129191,connected,21,43,111,0.990990990990991,0.990990990990991,-1.0,-1.0
PM4_heatmap,2121129191,connected,22,43,74,0.9864864864864865,0.9864864864864865,-1.0,-1.0
PM4_heatmap,2121129191,connected,23,43,4,1.0,1.0,-1.0,-1.0
PM4_heatmap,2121129191,connected,24,43,94,0.9680851063829787,0.9680851063829787,-1.0,-1.0
PM4_heatmap,2121129191,connected,25,43,69,0.9710144927536232,0.9710144927536232,-1.0,-1.0
PM4_heatmap,2121129191,connected,26,43,26,0.9615384615384616,0.9615384615384616,-1.0,-1.0
PM4_heatmap,2121129191,connected,28,43,64,0.96875,0.96875,-1.0,-1.0
PM4_heatmap,2121129191,connected,31,43,31,0.967741935483871,0.967741935483871,-1.0,-1.0
PM4_heatmap,2121129191,connected,33,43,52,1.0,1.0,-1.0,-1.0
PM4_heatmap,2121129191,connected,34,43,40,1.0,1.0,-1.0,-1.0
PM4_heatmap,2121129191,connected,35,43,16,0.9375,0.9375,-1.0,-1.0
PM4_heatmap,2121129191,connected,36,43,46,1.0,1.0,-1.0,-1.0
PM4_heatmap,2121129191,connected,37,43,148,0.9864864864864865,0.9864864864864865,-1.0,-1.0
PM4_heatmap,2121129191,connected,38,43,38,1.0,1.0,-1.0,-1.0
PM4_heatmap,2121129191,connected,41,43,23,0.9130434782608695,0.9130434782608695,-1.0,-1.0
PM4_heatmap,2121129191,connected,43,43,11,1.0,1.0,-1.0,-1.0
PM4_heatmap,2121129191,connected,0,44,61,1.0,1.0,1.0,1.0
PM4_heatmap,2121129191,connected,1,44,7,1.0,1.0,-1.0,-1.0
PM4_heatmap,2121129191,connected,2,44,34,0.9705882352941176,0.9705882352941176,-1.0,-1.0
PM4_heatmap,2121129191,connected,3,44,14,0.9285714285714286,0.9285714285714286,-1.0,-1.0
PM4_heatmap,2121129191,connected,4,44,39,0.9743589743589743,0.9743589743589743,-1.0,-1.0
PM4_heatmap,2121129191,connected,5,44,77,0.987012987012987,0.987012987012987,-1.0,-1.0
PM4_heatmap,2121129191,connected,6,44,89,0.9887640449438202,0.9887640449438202,-1.0,-1.0
PM4_heatmap,2121129191,connected,7,44,57,1.0,1.0,-1.0,-1.0
PM4_heatmap,2121129191,connected,14,44,22,0.9545454545454546,0.9545454545454546,-1.0,-1.0
PM4_heatmap,2121129191,connected,15,44,40,0.975,0.975,-1.0,-1.0
PM4_heatmap,2121129191,connected,16,44,41,1.0,1.0,1.0,1.0
PM4_heatmap,2121129191,connected,17,44,32,0.96875,0.96875,0.9230769230769231,0.9230769230769231
PM4_heatmap,2121129191,connected,18,44,409,0.9853300733496333,0.9853300733496333,0.972972972972973,0.972972972972973
PM4_heatmap,2121129191,connected,19,44,299,0.9866220735785953,0.9866220735785953,-1.0,-1.0
PM4_heatmap,2121129191,connected,22,44,177,0.9943502824858758,0.9943502824858758,-1.0,-1.0
PM4_heatmap,2121129191,connected,23,44,128,1.0,1.0,-1.0,-1.0
PM4_heatmap,2121129191,connected,24,44,103,1.0,1.0,-1.0,-1.0
PM4_heatmap,2121129191,connected,26,44,9,1.0,1.0,-1.0,-1.0
PM4_heatmap,2121129191,connected,27,44,38,0.9473684210526315,0.9473684210526315,-1.0,-1.0
PM4_heatmap,2121129191,connected,28,44,37,0.9459459459459459,0.9459459459459459,-1.0,-1.0
PM4_heatmap,2121129191,connected,35,44,1,1.0,1.0,-1.0,-1.0
PM4_heatmap,2121129191,connected,36,44,198,0.9848484848484849,0.9848484848484849,-1.0,-1.0
PM4_heatmap,2121129191,connected,37,44,128,0.9765625,0.9765625,-1.0,-1.0
PM4_heatmap,2121129191,connected,38,44,3,1.0,1.0,-1.0,-1.0
PM4_heatmap,2121129191,connected,43,44,8,1.0,1.0,-1.0,-1.0
PM4_heatmap,2121129191,connected,44,44,28,1.0,1.0,-1.0,-1.0
PM4_heatmap,2121129191,connected,1,45,7,0.8571428571428571,0.8571428571428571,-1.0,-1.0
PM4_heatmap,2121129191,connected,2,45,3,1.0,1.0,-1.0,-1.0
PM4_heatmap,2121129191,connected,3,45,76,0.9736842105263158,0.9736842105263158,-1.0,-1.0
PM4_heatmap,2121129191,connected,5,45,135,0.9925925925925926,0.9925925925925926,-1.0,-1.0
PM4_heatmap,2121129191,connected,6,45,4,1.0,1.0,-1.0,-1.0
PM4_heatmap,2121129191,connected,7,45,253,0.9881422924901185,0.9881422924901185,-1.0,-1.0
PM4_heatmap,2121129191,connected,15,45,46,0.9565217391304348,0.9565217391304348,-1.0,-1.0
PM4_heatmap,2121129191,connected,16,45,14,0.9285714285714286,0.9285714285714286,0.9285714285714286,0.9285714285714286
PM4_heatmap,2121129191,connected,18,45,350,0.9885714285714285,0.9885714285714285,-1.0,-1.0
PM4_heatmap,2121129191,connected,19,45,22,0.9545454545454546,0.9545454545454546,-1.0,-1.0
PM4_heatmap,2121129191,connected,20,45,29,0.9655172413793104,0.9655172413793104,-1.0,-1.0
PM4_heatmap,2121129191,connected,21,45,25,0.96,0.96,-1.0,-1.0
PM4_heatmap,2121129191,connected,22,45,60,0.9666666666666667,0.9666666666666667,-1.0,-1.0
PM4_heatmap,2121129191,connected,23,45,16,1.0,1.0,-1.0,-1.0
PM4_heatmap,2121129191,connected,24,45,51,0.9803921568627451,0.9803921568627451,-1.0,-1.0
PM4_heatmap,2121129191,connected,27,45,30,1.0,1.0,-1.0,-1.0
PM4_heatmap,2121129191,connected,34,45,23,1.0,1.0,-1.0,-1.0
PM4_heatmap,2121129191,connected,35,45,31,1.0,1.0,-1.0,-1.0
PM4_heatmap,2121129191,connected,37,45,37,1.0,1.0,-1.0,-1.0
PM4_heatmap,2121129191,connected,38,45,4,1.0,1.0,-1.0,-1.0
PM4_heatmap,2121129191,connected,42,45,36,0.9722222222222222,0.9722222222222222,-1.0,-1.0
PM4_heatmap,2121129191,connected,44,45,2,1.0,1.0,-1.0,-1.0
PM4_heatmap,2121129191,connected,0,46,31,0.967741935483871,0.967741935483871,-1.0,-1.0
PM4_heatmap,2121129191,connected,1,46,16,1.0,1.0,-1.0,-1.0
PM4_heatmap,2121129191,connected,2,46,39,0.9743589743589743,0.9743589743589743,-1.0,-1.0
PM4_heatmap,2121129191,connected,3,46,19,1.0,1.0,-1.0,-1.0
PM4_heatmap,2121129191,connected,4,46,99,0.9797979797979798,0.9797979797979798,-1.0,-1.0
PM4_heatmap,2121129191,connected,5,46,213,0.9906103286384976,0.9906103286384976,0.967741935483871,0.967741935483871
PM4_heatmap,2121129191,connected,6,46,29,0.9655172413793104,0.9655172413793104,0.9655172413793104,0.9655172413793104
PM4_heatmap,2121129191,connected,7,46,112,1.0,1.0,-1.0,-1.0
PM4_heatmap,2121129191,connected,8,46,156,1.0,1.0,-1.0,-1.0
PM4_heatmap,2121129191,connected,18,46,81,1.0,1.0,-1.0,-1.0
PM4_heatmap,2121129191,connected,19,46,422,0.9834123222748815,0.9834123222748815,-1.0,-1.0
PM4_heatmap,2121129191,connected,20,46,117,0.9914529914529915,0.9914529914529915,-1.0,-1.0
PM4_heatmap,2121129191,connected,22,46,187,1.0,1.0,-1.0,-1.0
PM4_heatmap,2121129191,connected,24,46,1,0.0,0.0,-1.0,-1.0
PM4_heatmap,2121129191,connected,27,46,2,0.5,0.5,-1.0,-1.0
PM4_heatmap,2121129191,connected,32,46,12,0.9166666666666666,0.9166666666666666,-1.0,-1.0
PM4_heatmap,2121129191,connected,33,46,2,0.5,0.5,-1.0,-1.0
PM4_heatmap,2121129191,connected,42,46,26,0.9615384615384616,0.9615384615384616,-1.0,-1.0
PM4_heatmap,2121129191,connected,0,47,31,0.967741935483871,0.967741935483871,-1.0,-1.0
PM4_heatmap,2121129191,connected,1,47,27,1.0,1.0,-1.0,-1.0
PM4_heatmap,2121129191,connected,2,47,259,0.9961389961389961,0.9961389961389961,-1.0,-1.0
PM4_heatmap,2121129191,connected,6,47,6,0.8333333333333334,0.8333333333333334,-1.0,-1.0
PM4_heatmap,2121129191,connected,7,47,39,0.9743589743589743,0.9743589743589743,-1.0,-1.0
PM4_heatmap,2121129191,connected,8,47,237,0.9873417721518988,0.9873417721518988,-1.0,-1.0
PM4_heatmap,2121129191,connected,9,47,111,0.9819819819819819,0.9819819819819819,-1.0,-1.0
PM4_heatmap,2121129191,connected,10,47,46,1.0,1.0,-1.0,-1.0
PM4_heatmap,2121129191,connected,11,47,25,0.92,0.92,-1.0,-1.0
PM4_heatmap,2121129191,connected,12,47,9,1.0,1.0,-1.0,-1.0
PM4_heatmap,2121129191,connected,19,47,113,1.0,1.0,-1.0,-1.0
PM4_heatmap,2121129191,connected,20,47,619,0.9935379644588045,0.9935379644588045,-1.0,-1.0
PM4_heatmap,2121129191,connected,21,47,35,0.9714285714285714,0.9714285714285714,-1.0,-1.0
PM4_heatmap,2121129191,connected,22,47,113,1.0,1.0,-1.0,-1.0
PM4_heatmap,2121129191,connected,26,47,22,1.0,1.0,-1.0,-1.0
PM4_heatmap,2121129191,connected,27,47,58,0.9827586206896551,0.9827586206896551,-1.0,-1.0
PM4_heatmap,2121129191,connected,29,47,11,1.0,1.0,-1.0,-1.0
PM4_heatmap,2121129191,connected,30,47,53,1.0,1.0,-1.0,-1.0
PM4_heatmap,2121129191,connected,31,47,1,1.0,1.0,-1.0,-1.0
PM4_heatmap,2121129191,connected,32,47,64,0.984375,0.984375,-1.0,-1.0
PM4_heatmap,2121129191,connected,33,47,47,1.0,1.0,-1.0,-1.0
PM4_heatmap,2121129191,connected,34,47,21,0.9523809523809523,0.9523809523809523,-1.0,-1.0
PM4_heatmap,2121129191,connected,36,47,149,1.0,1.0,-1.0,-1.0
PM4_heatmap,2121129191,connected,37,47,293,1.0,1.0,-1.0,-1.0
PM4_heatmap,2121129191,connected,38,47,146,0.9863013698630136,0.9863013698630136,-1.0,-1.0
PM4_heatmap,2121129191,connected,43,47,3,1.0,1.0,-1.0,-1.0
PM4_heatmap,2121129191,connected,44,47,76,1.0,1.0,-1.0,-1.0
PM4_heatmap,2121129191,connected,45,47,2,1.0,1.0,-1.0,-1.0
PM4_heatmap,2121129191,connected,46,47,15,1.0,1.0,-1.0,-1.0
PM4_heatmap,2121129191,connected,47,47,227,0.9911894273127754,0.9911894273127754,-1.0,-1.0
PM4_heatmap,2121129191,connected,48,47,48,0.9791666666666666,0.9791666666666666,-1.0,-1.0
PM4_heatmap,2121129191,connected,49,47,42,1.0,1.0,-1.0,-1.0
PM4_heatmap,2121129191,connected,0,48,36,0.9722222222222222,0.9722222222222222,-1.0,-1.0
PM4_heatmap,2121129191,connected,1,48,64,0.984375,0.984375,-1.0,-1.0
PM4_heatmap,2121129191,connected,2,48,66,0.9848484848484849,0.9848484848484849,-1.0,-1.0
PM4_heatmap,2121129191,connected,6,48,1,1.0,1.0,-1.0,-1.0
PM4_heatmap,2121129191,connected,7,48,22,1.0,1.0,-1.0,-1.0
PM4_heatmap,2121129191,connected,8,48,203,0.9852216748768473,0.9852216748768473,-1.0,-1.0
PM4_heatmap,2121129191,connected,11,48,60,0.9666666666666667,0.9666666666666667,-1.0,-1.0
PM4_heatmap,2121129191,connected,12,48,9,1.0,1.0,-1.0,-1.0
PM4_heatmap,2121129191,connected,13,48,24,1.0,1.0,-1.0,-1.0
PM4_heatmap,2121129191,connected,15,48,17,0.9411764705882353,0.9411764705882353,-1.0,-1.0
PM4_heatmap,2121129191,connected,16,48,3,1.0,1.0,-1.0,-1.0
PM4_heatmap,2121129191,connected,20,48,74,1.0,1.0,-1.0,-1.0
PM4_heatmap,2121129191,connected,21,48,5,1.0,1.0,-1.0,-1.0
PM4_heatmap,2121129191,connected,22,48,69,1.0,1.0,-1.0,-1.0
PM4_heatmap,2121129191,connected,23,48,90,1.0,1.0,-1.0,-1.0
PM4_heatmap,2121129191,connected,24,48,126,0.9841269841269841,0.9841269841269841,-1.0,-1.0
PM4_heatmap,2121129191,connected,30,48,9,1.0,1.0,-1.0,-1.0
PM4_heatmap,2121129191,connected,32,48,14,1.0,1.0,-1.0,-1.0
PM4_heatmap,2121129191,connected,36,48,106,1.0,1.0,-1.0,-1.0
PM4_heatmap,2121129191,connected,37,48,6,1.0,1.0,-1.0,-1.0
PM4_heatmap,2121129191,connected,38,48,36,1.0,1.0,-1.0,-1.0
PM4_heatmap,2121129191,connected,43,48,71,0.9577464788732394,0.9577464788732394,-1.0,-1.0
PM4_heatmap,2121129191,connected,44,48,5,1.0,1.0,-1.0,-1.0
PM4_heatmap,2121129191,connected,46,48,45,0.9777777777777777,0.9777777777777777,-1.0,-1.0
PM4_heatmap,2121129191,connected,47,48,125,0.992,0.992,-1.0,-1.0
PM4_heatmap,2121129191,connected,8,49,10,1.0,1.0,-1.0,-1.0
PM4_heatmap,2121129191,connected,9,49,15,1.0,1.0,-1.0,-1.0
PM4_heatmap,2121129191,connected,13,49,75,1.0,1.0,-1.0,-1.0
PM4_heatmap,2121129191,connected,14,49,86,1.0,1.0,-1.0,-1.0
PM4_heatmap,2121129191,connected,15,49,212,0.9952830188679245,0.9952830188679245,-1.0,-1.0
PM4_heatmap,2121129191,connected,16,49,60,1.0,1.0,-1.0,-1.0
PM4_heatmap,2121129191,connected,21,49,28,1.0,1.0,-1.0,-1.0
PM4_heatmap,2121129191,connected,22,49,72,1.0,1.0,-1.0,-1.0
PM4_heatmap,2121129191,connected,24,49,1,1.0,1.0,-1.0,-1.0
PM4_heatmap,2121129191,connected,27,49,20,0.95,0.95,-1.0,-1.0
PM4_heatmap,2121129191,connected,28,49,42,0.9761904761904762,0.9761904761904762,-1.0,-1.0
PM4_heatmap,2121129191,connected,31,49,7,1.0,1.0,-1.0,-1.0
PM4_heatmap,2121129191,connected,32,49,25,0.92,0.92,-1.0,-1.0
PM4_heatmap,2121129191,connected,37,49,48,1.0,1.0,-1.0,-1.0
PM4_heatmap,2121129191,connected,38,49,175,1.0,1.0,-1.0,-1.0
PM4_heatmap,2121129191,connected,39,49,156,1.0,1.0,-1.0,-1.0
PM4_heatmap,2121129191,connected,40,49,1,1.0,1.0,-1.0,-1.0
PM4_heatmap,2121129191,connected,42,49,6,0.8333333333333334,0.8333333333333334,-1.0,-1.0
PM4_heatmap,2121129191,connected,43,49,137,1.0,1.0,-1.0,-1.0
PM4_heatmap,2121129191,connected,46,49,1,0.0,0.0,-1.0,-1.0
PM4_heatmap,2121129191,connected,47,49,63,1.0,1.0,-1.0,-1.0
PM4_heatmap,2121129191,connected,48,49,22,1.0,1.0,-1.0,-1.0
