variant_name,prediction,seed,compat_N,well_mixed,payoff_preset,payoff_T,payoff_R,payoff_P,payoff_S,evolution_on,mutation_rate,fermi_k,evolution_interval,dunbar_limit,vision_radius,player_speed,end_cycle,share_TFT,share_ALLC,share_ALLD,share_FTFT,share_TF2T,share_GRIM,share_WSLS,d_share,exploit_last_window,payoff_ALLD,payoff_TFT,payoff_all,known_partners,distinct_partners,games_per_partner,exceeding_dunbar,fixated,stabilized,alld_trend_10k,nb_character_changes,network_variant,net_nodes,net_edges,net_mean_degree,net_avg_path,net_density,net_betw_max,net_betw_mean,enc_share_remembered,enc_share_ever,enc_distinct,net_edges_removed
PM2_P3_space_speed2,P3,744720527,200,False,PD_classic,9.0,5.0,1.0,0.0,False,0.0,0.5,100,0,30,2.0,20000,0.7999999999999999,0.0,0.19999999999999998,0.0,0.0,0.0,0.0,0.3004661283115091,0.02483598875351453,1.8415791995736994,4.208695189366754,3.735271991408143,59.69,59.69,7.675009932856031,0.0,False,True,7.153272700316907e-15,0,baseline,1024,1888,3.6875,23.17564027370479,0.003604594330400782,0.10896384010298515,0.01845320591177862,0.9002729235638575,0.9002729235638575,4.95,0
PM2_P3_space_speed2,P3,686818433,200,False,PD_classic,9.0,5.0,1.0,0.0,False,0.0,0.5,100,0,30,2.0,20000,0.7999999999999999,0.0,0.19999999999999998,0.0,0.0,0.0,0.0,0.3438922332263158,0.03130841121495327,1.8422888580027872,4.183713849280748,3.7154288510251567,58.12,58.12,7.9571889332514845,0.0,False,True,7.153272700316907e-15,0,baseline,1024,1888,3.6875,23.17564027370479,0.003604594330400782,0.10896384010298515,0.01845320591177862,0.88096038299388,0.88096038299388,4.959595959595959,0
PM2_P3_space_speed2,P3,381425458,200,False,PD_classic,9.0,5.0,1.0,0.0,False,0.0,0.5,100,0,30,2.0,20000,0.7999999999999999,0.0,0.19999999999999998,0.0,0.0,0.0,0.0,0.3352873764488215,0.029333333333333333,1.8401597505238574,4.13112503999141,3.6729319820979005,59.82,59.82,7.639340066873482,0.0,False,True,7.153272700316907e-15,0,baseline,1024,1888,3.6875,23.17564027370479,0.003604594330400782,0.10896384010298515,0.01845320591177862,0.8871108335177108,0.8871108335177108,5.04,0
PM2_P3_space_speed2,P3,2121129191,200,False,PD_classic,9.0,5.0,1.0,0.0,False,0.0,0.5,100,0,30,2.0,20000,0.7999999999999999,0.0,0.19999999999999998,0.0,0.0,0.0,0.0,0.330676121868205,0.03234880450070324,1.8644711202874484,4.163066414032478,3.703347355283472,59.79,59.79,7.607308421874097,0.0,False,True,7.153272700316907e-15,0,baseline,1024,1888,3.6875,23.17564027370479,0.003604594330400782,0.10896384010298515,0.01845320591177862,0.8909339839111361,0.8909339839111361,4.914572864321608,0
PM2_P3_space_speed2,P3,1620985466,200,False,PD_classic,9.0,5.0,1.0,0.0,False,0.0,0.5,100,0,30,2.0,20000,0.7999999999999999,0.0,0.19999999999999998,0.0,0.0,0.0,0.0,0.32844442174114763,0.0343558282208589,1.8337050631198468,4.219282457839268,3.742166978895383,60.31,60.31,7.75273901526763,0.0,False,True,7.153272700316907e-15,0,baseline,1024,1888,3.6875,23.17564027370479,0.003604594330400782,0.10896384010298515,0.01845320591177862,0.8855764972351424,0.8855764972351424,5.5353535353535355,0
PM2_P3_space_speed2,P3,1669164794,200,False,PD_classic,9.0,5.0,1.0,0.0,False,0.0,0.5,100,0,30,2.0,20000,0.7999999999999999,0.0,0.19999999999999998,0.0,0.0,0.0,0.0,0.32613773756816067,0.038284132841328415,1.8870424942342339,4.187563212605689,3.7274590689313976,60.8,60.8,7.732397994770569,0.0,False,True,7.153272700316907e-15,0,baseline,1024,1888,3.6875,23.17564027370479,0.003604594330400782,0.10896384010298515,0.01845320591177862,0.8792223090903118,0.8792223090903118,5.155778894472362,0
PM2_P3_space_speed2,P3,798359651,200,False,PD_classic,9.0,5.0,1.0,0.0,False,0.0,0.5,100,0,30,2.0,20000,0.7999999999999999,0.0,0.19999999999999998,0.0,0.0,0.0,0.0,0.33392718869401844,0.038461538461538464,1.8380377596431603,4.174047446443306,3.7068455090832746,58.98,58.98,7.975829209149472,0.0,False,True,7.153272700316907e-15,0,baseline,1024,1888,3.6875,23.17564027370479,0.003604594330400782,0.10896384010298515,0.01845320591177862,0.8828677283309379,0.8828677283309379,5.256281407035176,0
PM2_P3_space_speed2,P3,126337246,200,False,PD_classic,9.0,5.0,1.0,0.0,False,0.0,0.5,100,0,30,2.0,20000,0.7999999999999999,0.0,0.19999999999999998,0.0,0.0,0.0,0.0,0.36920335707143903,0.03553530751708428,1.8784623703681405,4.140288003068903,3.687922876528749,60.84,60.84,7.557054129484097,0.0,False,True,7.153272700316907e-15,0,baseline,1024,1888,3.6875,23.17564027370479,0.003604594330400782,0.10896384010298515,0.01845320591177862,0.8763475377711294,0.8763475377711294,5.206030150753769,0
PM2_P3_space_speed2,P3,317149051,200,False,PD_classic,9.0,5.0,1.0,0.0,False,0.0,0.5,100,0,30,2.0,20000,0.7999999999999999,0.0,0.19999999999999998,0.0,0.0,0.0,0.0,0.36776607451580445,0.0350177304964539,1.8628641039149219,4.1781986158997295,3.7151317135027675,59.16,59.16,7.631280732365219,0.0,False,True,7.153272700316907e-15,0,baseline,1024,1888,3.6875,23.17564027370479,0.003604594330400782,0.10896384010298515,0.01845320591177862,0.8780457058869127,0.8780457058869127,5.29,0
PM2_P3_space_speed2,P3,433399445,200,False,PD_classic,9.0,5.0,1.0,0.0,False,0.0,0.5,100,0,30,2.0,20000,0.7999999999999999,0.0,0.19999999999999998,0.0,0.0,0.0,0.0,0.3392729824227969,0.032642258491398325,1.8607436971737974,4.176391737246295,3.713262129231795,61.69,61.69,7.392911666578775,0.0,False,True,7.153272700316907e-15,0,baseline,1024,1888,3.6875,23.17564027370479,0.003604594330400782,0.10896384010298515,0.01845320591177862,0.8762422517029371,0.8762422517029371,5.266331658291457,0
PM2_P3_space_speed2,P3,2121129191,200,False,snowdrift,4.0,3.0,0.0,2.0,False,0.0,0.5,100,0,30,2.0,20000,0.7999999999999999,0.0,0.19999999999999998,0.0,0.0,0.0,0.0,0.330676121868205,0.03234880450070324,0.4322355601437242,2.447495643284732,2.0444436266565305,59.79,59.79,7.607308421874097,0.0,False,True,7.153272700316907e-15,0,baseline,1024,1888,3.6875,23.17564027370479,0.003604594330400782,0.10896384010298515,0.01845320591177862,0.8909339839111361,0.8909339839111361,4.914572864321608,0
PM2_P3_space_speed2,P3,686818433,200,False,snowdrift,4.0,3.0,0.0,2.0,False,0.0,0.5,100,0,30,2.0,20000,0.7999999999999999,0.0,0.19999999999999998,0.0,0.0,0.0,0.0,0.3438922332263158,0.03130841121495327,0.42114442900139365,2.458520640133796,2.0510453979073158,58.12,58.12,7.9571889332514845,0.0,False,True,7.153272700316907e-15,0,baseline,1024,1888,3.6875,23.17564027370479,0.003604594330400782,0.10896384010298515,0.01845320591177862,0.88096038299388,0.88096038299388,4.959595959595959,0
PM2_P3_space_speed2,P3,744720527,200,False,snowdrift,4.0,3.0,0.0,2.0,False,0.0,0.5,100,0,30,2.0,20000,0.7999999999999999,0.0,0.19999999999999998,0.0,0.0,0.0,0.0,0.3004661283115091,0.02483598875351453,0.42078959978684966,2.4758855616627695,2.0648663692875857,59.69,59.69,7.675009932856031,0.0,False,True,7.153272700316907e-15,0,baseline,1024,1888,3.6875,23.17564027370479,0.003604594330400782,0.10896384010298515,0.01845320591177862,0.9002729235638575,0.9002729235638575,4.95,0
PM2_P3_space_speed2,P3,381425458,200,False,snowdrift,4.0,3.0,0.0,2.0,False,0.0,0.5,100,0,30,2.0,20000,0.7999999999999999,0.0,0.19999999999999998,0.0,0.0,0.0,0.0,0.3352873764488215,0.029333333333333333,0.42007987526192836,2.4240306220273977,2.0232404726743045,59.82,59.82,7.639340066873482,0.0,False,True,7.153272700316907e-15,0,baseline,1024,1888,3.6875,23.17564027370479,0.003604594330400782,0.10896384010298515,0.01845320591177862,0.8871108335177108,0.8871108335177108,5.04,0
PM2_P3_space_speed2,P3,1620985466,200,False,snowdrift,4.0,3.0,0.0,2.0,False,0.0,0.5,100,0,30,2.0,20000,0.7999999999999999,0.0,0.19999999999999998,0.0,0.0,0.0,0.0,0.32844442174114763,0.0343558282208589,0.41685253155992374,2.486058266126005,2.0722171192127883,60.31,60.31,7.75273901526763,0.0,False,True,7.153272700316907e-15,0,baseline,1024,1888,3.6875,23.17564027370479,0.003604594330400782,0.10896384010298515,0.01845320591177862,0.8855764972351424,0.8855764972351424,5.5353535353535355,0
PM2_P3_space_speed2,P3,1669164794,200,False,snowdrift,4.0,3.0,0.0,2.0,False,0.0,0.5,100,0,30,2.0,20000,0.7999999999999999,0.0,0.19999999999999998,0.0,0.0,0.0,0.0,0.32613773756816067,0.038284132841328415,0.44352124711711677,2.4652098477738287,2.0608721276424857,60.8,60.8,7.732397994770569,0.0,False,True,7.153272700316907e-15,0,baseline,1024,1888,3.6875,23.17564027370479,0.003604594330400782,0.10896384010298515,0.01845320591177862,0.8792223090903118,0.8792223090903118,5.155778894472362,0
PM2_P3_space_speed2,P3,798359651,200,False,snowdrift,4.0,3.0,0.0,2.0,False,0.0,0.5,100,0,30,2.0,20000,0.7999999999999999,0.0,0.19999999999999998,0.0,0.0,0.0,0.0,0.33392718869401844,0.038461538461538464,0.4190188798215804,2.4527126212209063,2.0459738729410395,58.98,58.98,7.975829209149472,0.0,False,True,7.153272700316907e-15,0,baseline,1024,1888,3.6875,23.17564027370479,0.003604594330400782,0.10896384010298515,0.01845320591177862,0.8828677283309379,0.8828677283309379,5.256281407035176,0
PM2_P3_space_speed2,P3,126337246,200,False,snowdrift,4.0,3.0,0.0,2.0,False,0.0,0.5,100,0,30,2.0,20000,0.7999999999999999,0.0,0.19999999999999998,0.0,0.0,0.0,0.0,0.36920335707143903,0.03553530751708428,0.4392311851840701,2.43086991521013,2.032542169204917,60.84,60.84,7.557054129484097,0.0,False,True,7.153272700316907e-15,0,baseline,1024,1888,3.6875,23.17564027370479,0.003604594330400782,0.10896384010298515,0.01845320591177862,0.8763475377711294,0.8763475377711294,5.206030150753769,0
PM2_P3_space_speed2,P3,317149051,200,False,snowdrift,4.0,3.0,0.0,2.0,False,0.0,0.5,100,0,30,2.0,20000,0.7999999999999999,0.0,0.19999999999999998,0.0,0.0,0.0,0.0,0.36776607451580445,0.0350177304964539,0.43143205195746104,2.4567106417827658,2.0516549238177046,59.16,59.16,7.631280732365219,0.0,False,True,7.153272700316907e-15,0,baseline,1024,1888,3.6875,23.17564027370479,0.003604594330400782,0.10896384010298515,0.01845320591177862,0.8780457058869127,0.8780457058869127,5.29,0
PM2_P3_space_speed2,P3,433399445,200,False,snowdrift,4.0,3.0,0.0,2.0,False,0.0,0.5,100,0,30,2.0,20000,0.7999999999999999,0.0,0.19999999999999998,0.0,0.0,0.0,0.0,0.3392729824227969,0.032642258491398325,0.4303718485868988,2.458866014563121,2.0531671813678765,61.69,61.69,7.392911666578775,0.0,False,True,7.153272700316907e-15,0,baseline,1024,1888,3.6875,23.17564027370479,0.003604594330400782,0.10896384010298515,0.01845320591177862,0.8762422517029371,0.8762422517029371,5.266331658291457,0
PM2_P3_space_speed2,P3,686818433,200,False,PD_classic,9.0,5.0,1.0,0.0,False,0.0,0.5,100,5,30,2.0,20000,0.7999999999999999,0.0,0.19999999999999998,0.0,0.0,0.0,0.0,0.3278739116108791,0.06355140186915888,2.2537138000474712,4.171124314584179,3.7876422116768373,5.0,58.12,7.9571889332514845,1.0,False,True,7.153272700316907e-15,0,baseline,1024,1888,3.6875,23.17564027370479,0.003604594330400782,0.10896384010298515,0.01845320591177862,0.7844855941918737,0.88096038299388,4.959595959595959,0
PM2_P3_space_speed2,P3,2121129191,200,False,PD_classic,9.0,5.0,1.0,0.0,False,0.0,0.5,100,5,30,2.0,20000,0.7999999999999999,0.0,0.19999999999999998,0.0,0.0,0.0,0.0,0.3159484379927092,0.061415846225972806,2.2794807565092134,4.150037859871165,3.775926439198774,5.0,59.79,7.607308421874097,1.0,False,True,7.153272700316907e-15,0,baseline,1024,1888,3.6875,23.17564027370479,0.003604594330400782,0.10896384010298515,0.01845320591177862,0.7856428841882229,0.8909339839111361,4.914572864321608,0
PM2_P3_space_speed2,P3,744720527,200,False,PD_classic,9.0,5.0,1.0,0.0,False,0.0,0.5,100,5,30,2.0,20000,0.7999999999999999,0.0,0.19999999999999998,0.0,0.0,0.0,0.0,0.28605394466082873,0.05388940955951265,2.248373074217499,4.196487486736498,3.806864604232698,5.0,59.69,7.675009932856031,1.0,False,True,7.153272700316907e-15,0,baseline,1024,1888,3.6875,23.17564027370479,0.003604594330400782,0.10896384010298515,0.01845320591177862,0.7995353009153666,0.9002729235638575,4.95,0
PM2_P3_space_speed2,P3,381425458,200,False,PD_classic,9.0,5.0,1.0,0.0,False,0.0,0.5,100,5,30,2.0,20000,0.7999999999999999,0.0,0.19999999999999998,0.0,0.0,0.0,0.0,0.32162591645663385,0.05688888888888889,2.259864790395215,4.117632931425027,3.7460793032190636,5.0,59.82,7.639340066873482,1.0,False,True,7.153272700316907e-15,0,baseline,1024,1888,3.6875,23.17564027370479,0.003604594330400782,0.10896384010298515,0.01845320591177862,0.7874913939075335,0.8871108335177108,5.04,0
PM2_P3_space_speed2,P3,1669164794,200,False,PD_classic,9.0,5.0,1.0,0.0,False,0.0,0.5,100,5,30,2.0,20000,0.7999999999999999,0.0,0.19999999999999998,0.0,0.0,0.0,0.0,0.3097582100015721,0.07103321033210332,2.297676464501036,4.17501881963549,3.799550348608599,5.0,60.8,7.732397994770569,1.0,False,True,7.153272700316907e-15,0,baseline,1024,1888,3.6875,23.17564027370479,0.003604594330400782,0.10896384010298515,0.01845320591177862,0.7771768183677936,0.8792223090903118,5.155778894472362,0
PM2_P3_space_speed2,P3,1620985466,200,False,PD_classic,9.0,5.0,1.0,0.0,False,0.0,0.5,100,5,30,2.0,20000,0.7999999999999999,0.0,0.19999999999999998,0.0,0.0,0.0,0.0,0.3162231816571942,0.05848670756646217,2.2492021115419325,4.20650641283088,3.8150455525730878,5.0,60.31,7.75273901526763,1.0,False,True,7.153272700316907e-15,0,baseline,1024,1888,3.6875,23.17564027370479,0.003604594330400782,0.10896384010298515,0.01845320591177862,0.800687254860152,0.8855764972351424,5.5353535353535355,0
PM2_P3_space_speed2,P3,798359651,200,False,PD_classic,9.0,5.0,1.0,0.0,False,0.0,0.5,100,5,30,2.0,20000,0.7999999999999999,0.0,0.19999999999999998,0.0,0.0,0.0,0.0,0.32259310557513177,0.06135531135531135,2.2463148830766264,4.161446437712013,3.778420126784936,5.0,58.98,7.975829209149472,1.0,False,True,7.153272700316907e-15,0,baseline,1024,1888,3.6875,23.17564027370479,0.003604594330400782,0.10896384010298515,0.01845320591177862,0.7857640919626697,0.8828677283309379,5.256281407035176,0
PM2_P3_space_speed2,P3,126337246,200,False,PD_classic,9.0,5.0,1.0,0.0,False,0.0,0.5,100,5,30,2.0,20000,0.7999999999999999,0.0,0.19999999999999998,0.0,0.0,0.0,0.0,0.35335013274234944,0.0674259681093394,2.309555266915999,4.126991593100389,3.763504327863511,5.0,60.84,7.557054129484097,1.0,False,True,7.153272700316907e-15,0,baseline,1024,1888,3.6875,23.17564027370479,0.003604594330400782,0.10896384010298515,0.01845320591177862,0.7773599878605466,0.8763475377711294,5.206030150753769,0
PM2_P3_space_speed2,P3,317149051,200,False,PD_classic,9.0,5.0,1.0,0.0,False,0.0,0.5,100,5,30,2.0,20000,0.7999999999999999,0.0,0.19999999999999998,0.0,0.0,0.0,0.0,0.3504575064425935,0.06959219858156028,2.2914763238143414,4.165046293632763,3.7903322996690787,5.0,59.16,7.631280732365219,1.0,False,True,7.153272700316907e-15,0,baseline,1024,1888,3.6875,23.17564027370479,0.003604594330400782,0.10896384010298515,0.01845320591177862,0.7814420601721441,0.8780457058869127,5.29,0
PM2_P3_space_speed2,P3,433399445,200,False,PD_classic,9.0,5.0,1.0,0.0,False,0.0,0.5,100,5,30,2.0,20000,0.7999999999999999,0.0,0.19999999999999998,0.0,0.0,0.0,0.0,0.3244401691283628,0.06219673577415086,2.270807121812578,4.163310187134799,3.7848095740703536,5.0,61.69,7.392911666578775,1.0,False,True,7.153272700316907e-15,0,baseline,1024,1888,3.6875,23.17564027370479,0.003604594330400782,0.10896384010298515,0.01845320591177862,0.7806821222946566,0.8762422517029371,5.266331658291457,0
PM2_P3_space_speed2,P3,2121129191,200,False,snowdrift,4.0,3.0,0.0,2.0,False,0.0,0.5,100,5,30,2.0,20000,0.7999999999999999,0.0,0.19999999999999998,0.0,0.0,0.0,0.0,0.3159484379927092,0.061415846225972806,0.6397403782546068,2.473552751607359,2.1067902769368088,5.0,59.79,7.607308421874097,1.0,False,True,7.153272700316907e-15,0,baseline,1024,1888,3.6875,23.17564027370479,0.003604594330400782,0.10896384010298515,0.01845320591177862,0.7856428841882229,0.8909339839111361,4.914572864321608,0
PM2_P3_space_speed2,P3,686818433,200,False,snowdrift,4.0,3.0,0.0,2.0,False,0.0,0.5,100,5,30,2.0,20000,0.7999999999999999,0.0,0.19999999999999998,0.0,0.0,0.0,0.0,0.3278739116108791,0.06355140186915888,0.6268569000237356,2.483699709526935,2.1123311476262954,5.0,58.12,7.9571889332514845,1.0,False,True,7.153272700316907e-15,0,baseline,1024,1888,3.6875,23.17564027370479,0.003604594330400782,0.10896384010298515,0.01845320591177862,0.7844855941918737,0.88096038299388,4.959595959595959,0
PM2_P3_space_speed2,P3,744720527,200,False,snowdrift,4.0,3.0,0.0,2.0,False,0.0,0.5,100,5,30,2.0,20000,0.7999999999999999,0.0,0.19999999999999998,0.0,0.0,0.0,0.0,0.28605394466082873,0.05388940955951265,0.6241865371087498,2.5003009669232763,2.125078080960371,5.0,59.69,7.675009932856031,1.0,False,True,7.153272700316907e-15,0,baseline,1024,1888,3.6875,23.17564027370479,0.003604594330400782,0.10896384010298515,0.01845320591177862,0.7995353009153666,0.9002729235638575,4.95,0
PM2_P3_space_speed2,P3,381425458,200,False,snowdrift,4.0,3.0,0.0,2.0,False,0.0,0.5,100,5,30,2.0,20000,0.7999999999999999,0.0,0.19999999999999998,0.0,0.0,0.0,0.0,0.32162591645663385,0.05688888888888889,0.6299323951976074,2.451014839160168,2.0867983503676553,5.0,59.82,7.639340066873482,1.0,False,True,7.153272700316907e-15,0,baseline,1024,1888,3.6875,23.17564027370479,0.003604594330400782,0.10896384010298515,0.01845320591177862,0.7874913939075335,0.8871108335177108,5.04,0
PM2_P3_space_speed2,P3,1620985466,200,False,snowdrift,4.0,3.0,0.0,2.0,False,0.0,0.5,100,5,30,2.0,20000,0.7999999999999999,0.0,0.19999999999999998,0.0,0.0,0.0,0.0,0.3162231816571942,0.05848670756646217,0.6246010557709667,2.511610356142788,2.134208496068422,5.0,60.31,7.75273901526763,1.0,False,True,7.153272700316907e-15,0,baseline,1024,1888,3.6875,23.17564027370479,0.003604594330400782,0.10896384010298515,0.01845320591177862,0.800687254860152,0.8855764972351424,5.5353535353535355,0
PM2_P3_space_speed2,P3,1669164794,200,False,snowdrift,4.0,3.0,0.0,2.0,False,0.0,0.5,100,5,30,2.0,20000,0.7999999999999999,0.0,0.19999999999999998,0.0,0.0,0.0,0.0,0.3097582100015721,0.07103321033210332,0.6488382322505174,2.490298633714234,2.122006553421491,5.0,60.8,7.732397994770569,1.0,False,True,7.153272700316907e-15,0,baseline,1024,1888,3.6875,23.17564027370479,0.003604594330400782,0.10896384010298515,0.01845320591177862,0.7771768183677936,0.8792223090903118,5.155778894472362,0
PM2_P3_space_speed2,P3,126337246,200,False,snowdrift,4.0,3.0,0.0,2.0,False,0.0,0.5,100,5,30,2.0,20000,0.7999999999999999,0.0,0.19999999999999998,0.0,0.0,0.0,0.0,0.35335013274234944,0.0674259681093394,0.6547776334579999,2.4574627351471636,2.0969257148093305,5.0,60.84,7.557054129484097,1.0,False,True,7.153272700316907e-15,0,baseline,1024,1888,3.6875,23.17564027370479,0.003604594330400782,0.10896384010298515,0.01845320591177862,0.7773599878605466,0.8763475377711294,5.206030150753769,0
PM2_P3_space_speed2,P3,798359651,200,False,snowdrift,4.0,3.0,0.0,2.0,False,0.0,0.5,100,5,30,2.0,20000,0.7999999999999999,0.0,0.19999999999999998,0.0,0.0,0.0,0.0,0.32259310557513177,0.06135531135531135,0.6231574415383132,2.4779146386834885,2.106963199254454,5.0,58.98,7.975829209149472,1.0,False,True,7.153272700316907e-15,0,baseline,1024,1888,3.6875,23.17564027370479,0.003604594330400782,0.10896384010298515,0.01845320591177862,0.7857640919626697,0.8828677283309379,5.256281407035176,0
PM2_P3_space_speed2,P3,317149051,200,False,snowdrift,4.0,3.0,0.0,2.0,False,0.0,0.5,100,5,30,2.0,20000,0.7999999999999999,0.0,0.19999999999999998,0.0,0.0,0.0,0.0,0.3504575064425935,0.06959219858156028,0.6457381619071706,2.4830152863166894,2.1155598614347855,5.0,59.16,7.631280732365219,1.0,False,True,7.153272700316907e-15,0,baseline,1024,1888,3.6875,23.17564027370479,0.003604594330400782,0.10896384010298515,0.01845320591177862,0.7814420601721441,0.8780457058869127,5.29,0
PM2_P3_space_speed2,P3,433399445,200,False,snowdrift,4.0,3.0,0.0,2.0,False,0.0,0.5,100,5,30,2.0,20000,0.7999999999999999,0.0,0.19999999999999998,0.0,0.0,0.0,0.0,0.3244401691283628,0.06219673577415086,0.6354035609062886,2.4850291147861125,2.115104004010147,5.0,61.69,7.392911666578775,1.0,False,True,7.153272700316907e-15,0,baseline,1024,1888,3.6875,23.17564027370479,0.003604594330400782,0.10896384010298515,0.01845320591177862,0.7806821222946566,0.8762422517029371,5.266331658291457,0
PM2_P3_space_speed2,P3,2121129191,200,False,PD_classic,9.0,5.0,1.0,0.0,False,0.0,0.5,100,15,30,2.0,20000,0.7999999999999999,0.0,0.19999999999999998,0.0,0.0,0.0,0.0,0.32205722487905536,0.04922644163150492,2.032377463821287,4.157855019221317,3.732759508141311,15.0,59.79,7.607308421874097,1.0,False,True,7.153272700316907e-15,0,baseline,1024,1888,3.6875,23.17564027370479,0.003604594330400782,0.10896384010298515,0.01845320591177862,0.8363480980487278,0.8909339839111361,4.914572864321608,0
PM2_P3_space_speed2,P3,686818433,200,False,PD_classic,9.0,5.0,1.0,0.0,False,0.0,0.5,100,15,30,2.0,20000,0.7999999999999999,0.0,0.19999999999999998,0.0,0.0,0.0,0.0,0.3362805698807618,0.04719626168224299,2.0054364548042254,4.178735907434661,3.744076016908574,15.0,58.12,7.9571889332514845,1.0,False,True,7.153272700316907e-15,0,baseline,1024,1888,3.6875,23.17564027370479,0.003604594330400782,0.10896384010298515,0.01845320591177862,0.827458056815063,0.88096038299388,4.959595959595959,0
PM2_P3_space_speed2,P3,744720527,200,False,PD_classic,9.0,5.0,1.0,0.0,False,0.0,0.5,100,15,30,2.0,20000,0.7999999999999999,0.0,0.19999999999999998,0.0,0.0,0.0,0.0,0.29424702704513483,0.03748828491096532,2.0073246446346618,4.203732824890768,3.764451188839548,15.0,59.69,7.675009932856031,1.0,False,True,7.153272700316907e-15,0,baseline,1024,1888,3.6875,23.17564027370479,0.003604594330400782,0.10896384010298515,0.01845320591177862,0.8493779605854883,0.9002729235638575,4.95,0
PM2_P3_space_speed2,P3,381425458,200,False,PD_classic,9.0,5.0,1.0,0.0,False,0.0,0.5,100,15,30,2.0,20000,0.7999999999999999,0.0,0.19999999999999998,0.0,0.0,0.0,0.0,0.3275604315075756,0.04488888888888889,2.0264086515058186,4.125129115957725,3.7053850230673437,15.0,59.82,7.639340066873482,1.0,False,True,7.153272700316907e-15,0,baseline,1024,1888,3.6875,23.17564027370479,0.003604594330400782,0.10896384010298515,0.01845320591177862,0.8299746327265121,0.8871108335177108,5.04,0
PM2_P3_space_speed2,P3,1620985466,200,False,PD_classic,9.0,5.0,1.0,0.0,False,0.0,0.5,100,15,30,2.0,20000,0.7999999999999999,0.0,0.19999999999999998,0.0,0.0,0.0,0.0,0.3222798272013275,0.04621676891615542,2.0018633828927297,4.214142651223493,3.77168679755734,15.0,60.31,7.75273901526763,1.0,False,True,7.153272700316907e-15,0,baseline,1024,1888,3.6875,23.17564027370479,0.003604594330400782,0.10896384010298515,0.01845320591177862,0.8424160743341581,0.8855764972351424,5.5353535353535355,0
PM2_P3_space_speed2,P3,1669164794,200,False,PD_classic,9.0,5.0,1.0,0.0,False,0.0,0.5,100,15,30,2.0,20000,0.7999999999999999,0.0,0.19999999999999998,0.0,0.0,0.0,0.0,0.3180037352420736,0.0544280442804428,2.053131778274448,4.182510819121455,3.7566350109520537,15.0,60.8,7.732397994770569,1.0,False,True,7.153272700316907e-15,0,baseline,1024,1888,3.6875,23.17564027370479,0.003604594330400782,0.10896384010298515,0.01845320591177862,0.8301502708777907,0.8792223090903118,5.155778894472362,0
PM2_P3_space_speed2,P3,798359651,200,False,PD_classic,9.0,5.0,1.0,0.0,False,0.0,0.5,100,15,30,2.0,20000,0.7999999999999999,0.0,0.19999999999999998,0.0,0.0,0.0,0.0,0.3297790427965865,0.046703296703296704,1.9986983618167131,4.169094407355651,3.7350151982478645,15.0,58.98,7.975829209149472,1.0,False,True,7.153272700316907e-15,0,baseline,1024,1888,3.6875,23.17564027370479,0.003604594330400782,0.10896384010298515,0.01845320591177862,0.8327513849244865,0.8828677283309379,5.256281407035176,0
PM2_P3_space_speed2,P3,126337246,200,False,PD_classic,9.0,5.0,1.0,0.0,False,0.0,0.5,100,15,30,2.0,20000,0.7999999999999999,0.0,0.19999999999999998,0.0,0.0,0.0,0.0,0.3602018886709484,0.05375854214123007,2.063668588710046,4.134496557605816,3.720330963826659,15.0,60.84,7.557054129484097,1.0,False,True,7.153272700316907e-15,0,baseline,1024,1888,3.6875,23.17564027370479,0.003604594330400782,0.10896384010298515,0.01845320591177862,0.8224270703881101,0.8763475377711294,5.206030150753769,0
PM2_P3_space_speed2,P3,317149051,200,False,PD_classic,9.0,5.0,1.0,0.0,False,0.0,0.5,100,15,30,2.0,20000,0.7999999999999999,0.0,0.19999999999999998,0.0,0.0,0.0,0.0,0.3575955406858534,0.05540780141843971,2.0344142940087058,4.172996502824446,3.7452800610612984,15.0,59.16,7.631280732365219,1.0,False,True,7.153272700316907e-15,0,baseline,1024,1888,3.6875,23.17564027370479,0.003604594330400782,0.10896384010298515,0.01845320591177862,0.8291055973898236,0.8780457058869127,5.29,0
PM2_P3_space_speed2,P3,433399445,200,False,PD_classic,9.0,5.0,1.0,0.0,False,0.0,0.5,100,15,30,2.0,20000,0.7999999999999999,0.0,0.19999999999999998,0.0,0.0,0.0,0.0,0.3312443478864128,0.04808116453462726,2.038243642165106,4.1707287614967115,3.744231737630392,15.0,61.69,7.392911666578775,1.0,False,True,7.153272700316907e-15,0,baseline,1024,1888,3.6875,23.17564027370479,0.003604594330400782,0.10896384010298515,0.01845320591177862,0.8218240300512364,0.8762422517029371,5.266331658291457,0
PM2_P3_space_speed2,P3,2121129191,200,False,snowdrift,4.0,3.0,0.0,2.0,False,0.0,0.5,100,15,30,2.0,20000,0.7999999999999999,0.0,0.19999999999999998,0.0,0.0,0.0,0.0,0.32205722487905536,0.04922644163150492,0.5161887319106438,2.457918432907057,2.0695724927077745,15.0,59.79,7.607308421874097,1.0,False,True,7.153272700316907e-15,0,baseline,1024,1888,3.6875,23.17564027370479,0.003604594330400782,0.10896384010298515,0.01845320591177862,0.8363480980487278,0.8909339839111361,4.914572864321608,0
PM2_P3_space_speed2,P3,686818433,200,False,snowdrift,4.0,3.0,0.0,2.0,False,0.0,0.5,100,15,30,2.0,20000,0.7999999999999999,0.0,0.19999999999999998,0.0,0.0,0.0,0.0,0.3362805698807618,0.04719626168224299,0.5027182274021125,2.468476523825967,2.075324864541196,15.0,58.12,7.9571889332514845,1.0,False,True,7.153272700316907e-15,0,baseline,1024,1888,3.6875,23.17564027370479,0.003604594330400782,0.10896384010298515,0.01845320591177862,0.827458056815063,0.88096038299388,4.959595959595959,0
PM2_P3_space_speed2,P3,744720527,200,False,snowdrift,4.0,3.0,0.0,2.0,False,0.0,0.5,100,15,30,2.0,20000,0.7999999999999999,0.0,0.19999999999999998,0.0,0.0,0.0,0.0,0.29424702704513483,0.03748828491096532,0.5036623223173308,2.4858102906147423,2.089380696955261,15.0,59.69,7.675009932856031,1.0,False,True,7.153272700316907e-15,0,baseline,1024,1888,3.6875,23.17564027370479,0.003604594330400782,0.10896384010298515,0.01845320591177862,0.8493779605854883,0.9002729235638575,4.95,0
PM2_P3_space_speed2,P3,381425458,200,False,snowdrift,4.0,3.0,0.0,2.0,False,0.0,0.5,100,15,30,2.0,20000,0.7999999999999999,0.0,0.19999999999999998,0.0,0.0,0.0,0.0,0.3275604315075756,0.04488888888888889,0.5132043257529095,2.4360224700947715,2.0514588412263994,15.0,59.82,7.639340066873482,1.0,False,True,7.153272700316907e-15,0,baseline,1024,1888,3.6875,23.17564027370479,0.003604594330400782,0.10896384010298515,0.01845320591177862,0.8299746327265121,0.8871108335177108,5.04,0
PM2_P3_space_speed2,P3,1620985466,200,False,snowdrift,4.0,3.0,0.0,2.0,False,0.0,0.5,100,15,30,2.0,20000,0.7999999999999999,0.0,0.19999999999999998,0.0,0.0,0.0,0.0,0.3222798272013275,0.04621676891615542,0.500931691446365,2.4963378793575584,2.0972566417753193,15.0,60.31,7.75273901526763,1.0,False,True,7.153272700316907e-15,0,baseline,1024,1888,3.6875,23.17564027370479,0.003604594330400782,0.10896384010298515,0.01845320591177862,0.8424160743341581,0.8855764972351424,5.5353535353535355,0
PM2_P3_space_speed2,P3,1669164794,200,False,snowdrift,4.0,3.0,0.0,2.0,False,0.0,0.5,100,15,30,2.0,20000,0.7999999999999999,0.0,0.19999999999999998,0.0,0.0,0.0,0.0,0.3180037352420736,0.0544280442804428,0.5265658891372244,2.4753146347423023,2.085564885621287,15.0,60.8,7.732397994770569,1.0,False,True,7.153272700316907e-15,0,baseline,1024,1888,3.6875,23.17564027370479,0.003604594330400782,0.10896384010298515,0.01845320591177862,0.8301502708777907,0.8792223090903118,5.155778894472362,0
PM2_P3_space_speed2,P3,798359651,200,False,snowdrift,4.0,3.0,0.0,2.0,False,0.0,0.5,100,15,30,2.0,20000,0.7999999999999999,0.0,0.19999999999999998,0.0,0.0,0.0,0.0,0.3297790427965865,0.046703296703296704,0.49934918090835645,2.4626186993962147,2.069964795698643,15.0,58.98,7.975829209149472,1.0,False,True,7.153272700316907e-15,0,baseline,1024,1888,3.6875,23.17564027370479,0.003604594330400782,0.10896384010298515,0.01845320591177862,0.8327513849244865,0.8828677283309379,5.256281407035176,0
PM2_P3_space_speed2,P3,126337246,200,False,snowdrift,4.0,3.0,0.0,2.0,False,0.0,0.5,100,15,30,2.0,20000,0.7999999999999999,0.0,0.19999999999999998,0.0,0.0,0.0,0.0,0.3602018886709484,0.05375854214123007,0.5318342943550229,2.442452806136308,2.06032910378005,15.0,60.84,7.557054129484097,1.0,False,True,7.153272700316907e-15,0,baseline,1024,1888,3.6875,23.17564027370479,0.003604594330400782,0.10896384010298515,0.01845320591177862,0.8224270703881101,0.8763475377711294,5.206030150753769,0
PM2_P3_space_speed2,P3,317149051,200,False,snowdrift,4.0,3.0,0.0,2.0,False,0.0,0.5,100,15,30,2.0,20000,0.7999999999999999,0.0,0.19999999999999998,0.0,0.0,0.0,0.0,0.3575955406858534,0.05540780141843971,0.5172071470043527,2.4671148679333297,2.077133323747534,15.0,59.16,7.631280732365219,1.0,False,True,7.153272700316907e-15,0,baseline,1024,1888,3.6875,23.17564027370479,0.003604594330400782,0.10896384010298515,0.01845320591177862,0.8291055973898236,0.8780457058869127,5.29,0
PM2_P3_space_speed2,P3,433399445,200,False,snowdrift,4.0,3.0,0.0,2.0,False,0.0,0.5,100,15,30,2.0,20000,0.7999999999999999,0.0,0.19999999999999998,0.0,0.0,0.0,0.0,0.3312443478864128,0.04808116453462726,0.519121821082553,2.470191966062289,2.079977937066342,15.0,61.69,7.392911666578775,1.0,False,True,7.153272700316907e-15,0,baseline,1024,1888,3.6875,23.17564027370479,0.003604594330400782,0.10896384010298515,0.01845320591177862,0.8218240300512364,0.8762422517029371,5.266331658291457,0
PM2_P3_space_speed2,P3,2121129191,200,False,PD_classic,9.0,5.0,1.0,0.0,False,0.0,0.5,100,50,30,2.0,20000,0.7999999999999999,0.0,0.19999999999999998,0.0,0.0,0.0,0.0,0.32893378049036437,0.03563056727613689,1.8784700138309076,4.162649838794792,3.705813873802014,48.97,59.79,7.607308421874097,0.79,False,True,7.153272700316907e-15,0,baseline,1024,1888,3.6875,23.17564027370479,0.003604594330400782,0.10896384010298515,0.01845320591177862,0.8828938819240696,0.8909339839111361,4.914572864321608,0
PM2_P3_space_speed2,P3,686818433,200,False,PD_classic,9.0,5.0,1.0,0.0,False,0.0,0.5,100,50,30,2.0,20000,0.7999999999999999,0.0,0.19999999999999998,0.0,0.0,0.0,0.0,0.3432671073712203,0.03271028037383177,1.849135404386199,4.18350882504686,3.7166341409147297,48.985,58.12,7.9571889332514845,0.805,False,True,7.153272700316907e-15,0,baseline,1024,1888,3.6875,23.17564027370479,0.003604594330400782,0.10896384010298515,0.01845320591177862,0.8749506045574809,0.88096038299388,4.959595959595959,0
PM2_P3_space_speed2,P3,744720527,200,False,PD_classic,9.0,5.0,1.0,0.0,False,0.0,0.5,100,50,30,2.0,20000,0.7999999999999999,0.0,0.19999999999999998,0.0,0.0,0.0,0.0,0.29956599505785986,0.026710402999062792,1.8504810430125995,4.208431984343854,3.7368417960776026,48.95,59.69,7.675009932856031,0.815,False,True,7.153272700316907e-15,0,baseline,1024,1888,3.6875,23.17564027370479,0.003604594330400782,0.10896384010298515,0.01845320591177862,0.89366703670128,0.9002729235638575,4.95,0
PM2_P3_space_speed2,P3,381425458,200,False,PD_classic,9.0,5.0,1.0,0.0,False,0.0,0.5,100,50,30,2.0,20000,0.7999999999999999,0.0,0.19999999999999998,0.0,0.0,0.0,0.0,0.33427744073312327,0.03155555555555556,1.8488414385367893,4.130862580669639,3.67445835224307,49.07,59.82,7.639340066873482,0.825,False,True,7.153272700316907e-15,0,baseline,1024,1888,3.6875,23.17564027370479,0.003604594330400782,0.10896384010298515,0.01845320591177862,0.877545735497066,0.8871108335177108,5.04,0
PM2_P3_space_speed2,P3,1620985466,200,False,PD_classic,9.0,5.0,1.0,0.0,False,0.0,0.5,100,50,30,2.0,20000,0.7999999999999999,0.0,0.19999999999999998,0.0,0.0,0.0,0.0,0.3273083064451833,0.03640081799591002,1.842768043158739,4.219014792666946,3.743765442765303,49.25,60.31,7.75273901526763,0.845,False,True,7.153272700316907e-15,0,baseline,1024,1888,3.6875,23.17564027370479,0.003604594330400782,0.10896384010298515,0.01845320591177862,0.8786134771527765,0.8855764972351424,5.5353535353535355,0
PM2_P3_space_speed2,P3,1669164794,200,False,PD_classic,9.0,5.0,1.0,0.0,False,0.0,0.5,100,50,30,2.0,20000,0.7999999999999999,0.0,0.19999999999999998,0.0,0.0,0.0,0.0,0.3245665441377553,0.04151291512915129,1.897991431944133,4.187240360461501,3.7293905747580265,49.02,60.8,7.732397994770569,0.815,False,True,7.153272700316907e-15,0,baseline,1024,1888,3.6875,23.17564027370479,0.003604594330400782,0.10896384010298515,0.01845320591177862,0.8685826153670325,0.8792223090903118,5.155778894472362,0
PM2_P3_space_speed2,P3,798359651,200,False,PD_classic,9.0,5.0,1.0,0.0,False,0.0,0.5,100,50,30,2.0,20000,0.7999999999999999,0.0,0.19999999999999998,0.0,0.0,0.0,0.0,0.33306570938985713,0.040293040293040296,1.8453862689827225,4.173846395424867,3.7081543701364366,48.895,58.98,7.975829209149472,0.805,False,True,7.153272700316907e-15,0,baseline,1024,1888,3.6875,23.17564027370479,0.003604594330400782,0.10896384010298515,0.01845320591177862,0.8710982809408884,0.8828677283309379,5.256281407035176,0
PM2_P3_space_speed2,P3,126337246,200,False,PD_classic,9.0,5.0,1.0,0.0,False,0.0,0.5,100,50,30,2.0,20000,0.7999999999999999,0.0,0.19999999999999998,0.0,0.0,0.0,0.0,0.3673230246675437,0.03917995444191344,1.8931249627804483,4.139856966173389,3.6905105654948,49.26,60.84,7.557054129484097,0.855,False,True,7.153272700316907e-15,0,baseline,1024,1888,3.6875,23.17564027370479,0.003604594330400782,0.10896384010298515,0.01845320591177862,0.8701826922902492,0.8763475377711294,5.206030150753769,0
PM2_P3_space_speed2,P3,317149051,200,False,PD_classic,9.0,5.0,1.0,0.0,False,0.0,0.5,100,50,30,2.0,20000,0.7999999999999999,0.0,0.19999999999999998,0.0,0.0,0.0,0.0,0.3666729590318673,0.03723404255319149,1.8731190526469441,4.177913847292054,3.7169548883630315,49.245,59.16,7.631280732365219,0.83,False,True,7.153272700316907e-15,0,baseline,1024,1888,3.6875,23.17564027370479,0.003604594330400782,0.10896384010298515,0.01845320591177862,0.869567147794193,0.8780457058869127,5.29,0
PM2_P3_space_speed2,P3,433399445,200,False,PD_classic,9.0,5.0,1.0,0.0,False,0.0,0.5,100,50,30,2.0,20000,0.7999999999999999,0.0,0.19999999999999998,0.0,0.0,0.0,0.0,0.3383387981865307,0.03440670489633877,1.870743692936418,4.176074090889922,3.7150080112992208,49.42,61.69,7.392911666578775,0.885,False,True,7.153272700316907e-15,0,baseline,1024,1888,3.6875,23.17564027370479,0.003604594330400782,0.10896384010298515,0.01845320591177862,0.8678974065611255,0.8762422517029371,5.266331658291457,0
PM2_P3_space_speed2,P3,2121129191,200,False,snowdrift,4.0,3.0,0.0,2.0,False,0.0,0.5,100,50,30,2.0,20000,0.7999999999999999,0.0,0.19999999999999998,0.0,0.0,0.0,0.0,0.32893378049036437,0.03563056727613689,0.4392350069154536,2.448328793760106,2.0465100363911746,48.97,59.79,7.607308421874097,0.79,False,True,7.153272700316907e-15,0,baseline,1024,1888,3.6875,23.17564027370479,0.003604594330400782,0.10896384010298515,0.01845320591177862,0.8828938819240696,0.8909339839111361,4.914572864321608,0
PM2_P3_space_speed2,P3,686818433,200,False,snowdrift,4.0,3.0,0.0,2.0,False,0.0,0.5,100,50,30,2.0,20000,0.7999999999999999,0.0,0.19999999999999998,0.0,0.0,0.0,0.0,0.3432671073712203,0.03271028037383177,0.42456770219309936,2.458930688601573,2.05205809131988,48.985,58.12,7.9571889332514845,0.805,False,True,7.153272700316907e-15,0,baseline,1024,1888,3.6875,23.17564027370479,0.003604594330400782,0.10896384010298515,0.01845320591177862,0.8749506045574809,0.88096038299388,4.959595959595959,0
PM2_P3_space_speed2,P3,744720527,200,False,snowdrift,4.0,3.0,0.0,2.0,False,0.0,0.5,100,50,30,2.0,20000,0.7999999999999999,0.0,0.19999999999999998,0.0,0.0,0.0,0.0,0.29956599505785986,0.026710402999062792,0.4252405215062995,2.4764119717085715,2.066177681668117,48.95,59.69,7.675009932856031,0.815,False,True,7.153272700316907e-15,0,baseline,1024,1888,3.6875,23.17564027370479,0.003604594330400782,0.10896384010298515,0.01845320591177862,0.89366703670128,0.9002729235638575,4.95,0
PM2_P3_space_speed2,P3,381425458,200,False,snowdrift,4.0,3.0,0.0,2.0,False,0.0,0.5,100,50,30,2.0,20000,0.7999999999999999,0.0,0.19999999999999998,0.0,0.0,0.0,0.0,0.33427744073312327,0.03155555555555556,0.42442071926839464,2.424555540670939,2.02452857639043,49.07,59.82,7.639340066873482,0.825,False,True,7.153272700316907e-15,0,baseline,1024,1888,3.6875,23.17564027370479,0.003604594330400782,0.10896384010298515,0.01845320591177862,0.877545735497066,0.8871108335177108,5.04,0
PM2_P3_space_speed2,P3,1620985466,200,False,snowdrift,4.0,3.0,0.0,2.0,False,0.0,0.5,100,50,30,2.0,20000,0.7999999999999999,0.0,0.19999999999999998,0.0,0.0,0.0,0.0,0.3273083064451833,0.03640081799591002,0.42138402157936933,2.486593596470649,2.073551681492392,49.25,60.31,7.75273901526763,0.845,False,True,7.153272700316907e-15,0,baseline,1024,1888,3.6875,23.17564027370479,0.003604594330400782,0.10896384010298515,0.01845320591177862,0.8786134771527765,0.8855764972351424,5.5353535353535355,0
PM2_P3_space_speed2,P3,1669164794,200,False,snowdrift,4.0,3.0,0.0,2.0,False,0.0,0.5,100,50,30,2.0,20000,0.7999999999999999,0.0,0.19999999999999998,0.0,0.0,0.0,0.0,0.3245665441377553,0.04151291512915129,0.44899571597206644,2.465855552062205,2.062483584844177,49.02,60.8,7.732397994770569,0.815,False,True,7.153272700316907e-15,0,baseline,1024,1888,3.6875,23.17564027370479,0.003604594330400782,0.10896384010298515,0.01845320591177862,0.8685826153670325,0.8792223090903118,5.155778894472362,0
PM2_P3_space_speed2,P3,798359651,200,False,snowdrift,4.0,3.0,0.0,2.0,False,0.0,0.5,100,50,30,2.0,20000,0.7999999999999999,0.0,0.19999999999999998,0.0,0.0,0.0,0.0,0.33306570938985713,0.040293040293040296,0.42269313449136087,2.4531147232577886,2.0470304055045023,48.895,58.98,7.975829209149472,0.805,False,True,7.153272700316907e-15,0,baseline,1024,1888,3.6875,23.17564027370479,0.003604594330400782,0.10896384010298515,0.01845320591177862,0.8710982809408884,0.8828677283309379,5.256281407035176,0
PM2_P3_space_speed2,P3,126337246,200,False,snowdrift,4.0,3.0,0.0,2.0,False,0.0,0.5,100,50,30,2.0,20000,0.7999999999999999,0.0,0.19999999999999998,0.0,0.0,0.0,0.0,0.3673230246675437,0.03917995444191344,0.4465624813902241,2.43173198900116,2.0346980874789726,49.26,60.84,7.557054129484097,0.855,False,True,7.153272700316907e-15,0,baseline,1024,1888,3.6875,23.17564027370479,0.003604594330400782,0.10896384010298515,0.01845320591177862,0.8701826922902492,0.8763475377711294,5.206030150753769,0
PM2_P3_space_speed2,P3,317149051,200,False,snowdrift,4.0,3.0,0.0,2.0,False,0.0,0.5,100,50,30,2.0,20000,0.7999999999999999,0.0,0.19999999999999998,0.0,0.0,0.0,0.0,0.3666729590318673,0.03723404255319149,0.43655952632347195,2.4572801789981176,2.0531360484631884,49.245,59.16,7.631280732365219,0.83,False,True,7.153272700316907e-15,0,baseline,1024,1888,3.6875,23.17564027370479,0.003604594330400782,0.10896384010298515,0.01845320591177862,0.869567147794193,0.8780457058869127,5.29,0
PM2_P3_space_speed2,P3,433399445,200,False,snowdrift,4.0,3.0,0.0,2.0,False,0.0,0.5,100,50,30,2.0,20000,0.7999999999999999,0.0,0.19999999999999998,0.0,0.0,0.0,0.0,0.3383387981865307,0.03440670489633877,0.4353718464682091,2.4595013072758634,2.054675415114332,49.42,61.69,7.392911666578775,0.885,False,True,7.153272700316907e-15,0,baseline,1024,1888,3.6875,23.17564027370479,0.003604594330400782,0.10896384010298515,0.01845320591177862,0.8678974065611255,0.8762422517029371,5.266331658291457,0
PM2_P3_space_speed2,P3,2121129191,200,False,PD_classic,9.0,5.0,1.0,0.0,False,0.0,0.5,100,150,30,2.0,20000,0.7999999999999999,0.0,0.19999999999999998,0.0,0.0,0.0,0.0,0.330676121868205,0.03234880450070324,1.8644711202874484,4.163066414032478,3.703347355283472,59.79,59.79,7.607308421874097,0.0,False,True,7.153272700316907e-15,0,baseline,1024,1888,3.6875,23.17564027370479,0.003604594330400782,0.10896384010298515,0.01845320591177862,0.8909339839111361,0.8909339839111361,4.914572864321608,0
PM2_P3_space_speed2,P3,686818433,200,False,PD_classic,9.0,5.0,1.0,0.0,False,0.0,0.5,100,150,30,2.0,20000,0.7999999999999999,0.0,0.19999999999999998,0.0,0.0,0.0,0.0,0.3438922332263158,0.03130841121495327,1.8422888580027872,4.183713849280748,3.7154288510251567,58.12,58.12,7.9571889332514845,0.0,False,True,7.153272700316907e-15,0,baseline,1024,1888,3.6875,23.17564027370479,0.003604594330400782,0.10896384010298515,0.01845320591177862,0.88096038299388,0.88096038299388,4.959595959595959,0
PM2_P3_space_speed2,P3,744720527,200,False,PD_classic,9.0,5.0,1.0,0.0,False,0.0,0.5,100,150,30,2.0,20000,0.7999999999999999,0.0,0.19999999999999998,0.0,0.0,0.0,0.0,0.3004661283115091,0.02483598875351453,1.8415791995736994,4.208695189366754,3.735271991408143,59.69,59.69,7.675009932856031,0.0,False,True,7.153272700316907e-15,0,baseline,1024,1888,3.6875,23.17564027370479,0.003604594330400782,0.10896384010298515,0.01845320591177862,0.9002729235638575,0.9002729235638575,4.95,0
PM2_P3_space_speed2,P3,381425458,200,False,PD_classic,9.0,5.0,1.0,0.0,False,0.0,0.5,100,150,30,2.0,20000,0.7999999999999999,0.0,0.19999999999999998,0.0,0.0,0.0,0.0,0.3352873764488215,0.029333333333333333,1.8401597505238574,4.13112503999141,3.6729319820979005,59.82,59.82,7.639340066873482,0.0,False,True,7.153272700316907e-15,0,baseline,1024,1888,3.6875,23.17564027370479,0.003604594330400782,0.10896384010298515,0.01845320591177862,0.8871108335177108,0.8871108335177108,5.04,0
PM2_P3_space_speed2,P3,1620985466,200,False,PD_classic,9.0,5.0,1.0,0.0,False,0.0,0.5,100,150,30,2.0,20000,0.7999999999999999,0.0,0.19999999999999998,0.0,0.0,0.0,0.0,0.32844442174114763,0.0343558282208589,1.8337050631198468,4.219282457839268,3.742166978895383,60.31,60.31,7.75273901526763,0.0,False,True,7.153272700316907e-15,0,baseline,1024,1888,3.6875,23.17564027370479,0.003604594330400782,0.10896384010298515,0.01845320591177862,0.8855764972351424,0.8855764972351424,5.5353535353535355,0
PM2_P3_space_speed2,P3,1669164794,200,False,PD_classic,9.0,5.0,1.0,0.0,False,0.0,0.5,100,150,30,2.0,20000,0.7999999999999999,0.0,0.19999999999999998,0.0,0.0,0.0,0.0,0.32613773756816067,0.038284132841328415,1.8870424942342339,4.187563212605689,3.7274590689313976,60.8,60.8,7.732397994770569,0.0,False,True,7.153272700316907e-15,0,baseline,1024,1888,3.6875,23.17564027370479,0.003604594330400782,0.10896384010298515,0.01845320591177862,0.8792223090903118,0.8792223090903118,5.155778894472362,0
PM2_P3_space_speed2,P3,798359651,200,False,PD_classic,9.0,5.0,1.0,0.0,False,0.0,0.5,100,150,30,2.0,20000,0.7999999999999999,0.0,0.19999999999999998,0.0,0.0,0.0,0.0,0.33392718869401844,0.038461538461538464,1.8380377596431603,4.174047446443306,3.7068455090832746,58.98,58.98,7.975829209149472,0.0,False,True,7.153272700316907e-15,0,baseline,1024,1888,3.6875,23.17564027370479,0.003604594330400782,0.10896384010298515,0.01845320591177862,0.8828677283309379,0.8828677283309379,5.256281407035176,0
PM2_P3_space_speed2,P3,126337246,200,False,PD_classic,9.0,5.0,1.0,0.0,False,0.0,0.5,100,150,30,2.0,20000,0.7999999999999999,0.0,0.19999999999999998,0.0,0.0,0.0,0.0,0.36920335707143903,0.03553530751708428,1.8784623703681405,4.140288003068903,3.687922876528749,60.84,60.84,7.557054129484097,0.0,False,True,7.153272700316907e-15,0,baseline,1024,1888,3.6875,23.17564027370479,0.003604594330400782,0.10896384010298515,0.01845320591177862,0.8763475377711294,0.8763475377711294,5.206030150753769,0
PM2_P3_space_speed2,P3,317149051,200,False,PD_classic,9.0,5.0,1.0,0.0,False,0.0,0.5,100,150,30,2.0,20000,0.7999999999999999,0.0,0.19999999999999998,0.0,0.0,0.0,0.0,0.36776607451580445,0.0350177304964539,1.8628641039149219,4.1781986158997295,3.7151317135027675,59.16,59.16,7.631280732365219,0.0,False,True,7.153272700316907e-15,0,baseline,1024,1888,3.6875,23.17564027370479,0.003604594330400782,0.10896384010298515,0.01845320591177862,0.8780457058869127,0.8780457058869127,5.29,0
PM2_P3_space_speed2,P3,433399445,200,False,PD_classic,9.0,5.0,1.0,0.0,False,0.0,0.5,100,150,30,2.0,20000,0.7999999999999999,0.0,0.19999999999999998,0.0,0.0,0.0,0.0,0.3392729824227969,0.032642258491398325,1.8607436971737974,4.176391737246295,3.713262129231795,61.69,61.69,7.392911666578775,0.0,False,True,7.153272700316907e-15,0,baseline,1024,1888,3.6875,23.17564027370479,0.003604594330400782,0.10896384010298515,0.01845320591177862,0.8762422517029371,0.8762422517029371,5.266331658291457,0
PM2_P3_space_speed2,P3,2121129191,200,False,snowdrift,4.0,3.0,0.0,2.0,False,0.0,0.5,100,150,30,2.0,20000,0.7999999999999999,0.0,0.19999999999999998,0.0,0.0,0.0,0.0,0.330676121868205,0.03234880450070324,0.4322355601437242,2.447495643284732,2.0444436266565305,59.79,59.79,7.607308421874097,0.0,False,True,7.153272700316907e-15,0,baseline,1024,1888,3.6875,23.17564027370479,0.003604594330400782,0.10896384010298515,0.01845320591177862,0.8909339839111361,0.8909339839111361,4.914572864321608,0
PM2_P3_space_speed2,P3,686818433,200,False,snowdrift,4.0,3.0,0.0,2.0,False,0.0,0.5,100,150,30,2.0,20000,0.7999999999999999,0.0,0.19999999999999998,0.0,0.0,0.0,0.0,0.3438922332263158,0.03130841121495327,0.42114442900139365,2.458520640133796,2.0510453979073158,58.12,58.12,7.9571889332514845,0.0,False,True,7.153272700316907e-15,0,baseline,1024,1888,3.6875,23.17564027370479,0.003604594330400782,0.10896384010298515,0.01845320591177862,0.88096038299388,0.88096038299388,4.959595959595959,0
PM2_P3_space_speed2,P3,744720527,200,False,snowdrift,4.0,3.0,0.0,2.0,False,0.0,0.5,100,150,30,2.0,20000,0.7999999999999999,0.0,0.19999999999999998,0.0,0.0,0.0,0.0,0.3004661283115091,0.02483598875351453,0.42078959978684966,2.4758855616627695,2.0648663692875857,59.69,59.69,7.675009932856031,0.0,False,True,7.153272700316907e-15,0,baseline,1024,1888,3.6875,23.17564027370479,0.003604594330400782,0.10896384010298515,0.01845320591177862,0.9002729235638575,0.9002729235638575,4.95,0
PM2_P3_space_speed2,P3,381425458,200,False,snowdrift,4.0,3.0,0.0,2.0,False,0.0,0.5,100,150,30,2.0,20000,0.7999999999999999,0.0,0.19999999999999998,0.0,0.0,0.0,0.0,0.3352873764488215,0.029333333333333333,0.42007987526192836,2.4240306220273977,2.0232404726743045,59.82,59.82,7.639340066873482,0.0,False,True,7.153272700316907e-15,0,baseline,1024,1888,3.6875,23.17564027370479,0.003604594330400782,0.10896384010298515,0.01845320591177862,0.8871108335177108,0.8871108335177108,5.04,0
PM2_P3_space_speed2,P3,1620985466,200,False,snowdrift,4.0,3.0,0.0,2.0,False,0.0,0.5,100,150,30,2.0,20000,0.7999999999999999,0.0,0.19999999999999998,0.0,0.0,0.0,0.0,0.32844442174114763,0.0343558282208589,0.41685253155992374,2.486058266126005,2.0722171192127883,60.31,60.31,7.75273901526763,0.0,False,True,7.153272700316907e-15,0,baseline,1024,1888,3.6875,23.17564027370479,0.003604594330400782,0.10896384010298515,0.01845320591177862,0.8855764972351424,0.8855764972351424,5.5353535353535355,0
PM2_P3_space_speed2,P3,1669164794,200,False,snowdrift,4.0,3.0,0.0,2.0,False,0.0,0.5,100,150,30,2.0,20000,0.7999999999999999,0.0,0.19999999999999998,0.0,0.0,0.0,0.0,0.32613773756816067,0.038284132841328415,0.44352124711711677,2.4652098477738287,2.0608721276424857,60.8,60.8,7.732397994770569,0.0,False,True,7.153272700316907e-15,0,baseline,1024,1888,3.6875,23.17564027370479,0.003604594330400782,0.10896384010298515,0.01845320591177862,0.8792223090903118,0.8792223090903118,5.155778894472362,0
PM2_P3_space_speed2,P3,798359651,200,False,snowdrift,4.0,3.0,0.0,2.0,False,0.0,0.5,100,150,30,2.0,20000,0.7999999999999999,0.0,0.19999999999999998,0.0,0.0,0.0,0.0,0.33392718869401844,0.038461538461538464,0.4190188798215804,2.4527126212209063,2.0459738729410395,58.98,58.98,7.975829209149472,0.0,False,True,7.153272700316907e-15,0,baseline,1024,1888,3.6875,23.17564027370479,0.003604594330400782,0.10896384010298515,0.01845320591177862,0.8828677283309379,0.8828677283309379,5.256281407035176,0
PM2_P3_space_speed2,P3,126337246,200,False,snowdrift,4.0,3.0,0.0,2.0,False,0.0,0.5,100,150,30,2.0,20000,0.7999999999999999,0.0,0.19999999999999998,0.0,0.0,0.0,0.0,0.36920335707143903,0.03553530751708428,0.4392311851840701,2.43086991521013,2.032542169204917,60.84,60.84,7.557054129484097,0.0,False,True,7.153272700316907e-15,0,baseline,1024,1888,3.6875,23.17564027370479,0.003604594330400782,0.10896384010298515,0.01845320591177862,0.8763475377711294,0.8763475377711294,5.206030150753769,0
PM2_P3_space_speed2,P3,317149051,200,False,snowdrift,4.0,3.0,0.0,2.0,False,0.0,0.5,100,150,30,2.0,20000,0.7999999999999999,0.0,0.19999999999999998,0.0,0.0,0.0,0.0,0.36776607451580445,0.0350177304964539,0.43143205195746104,2.4567106417827658,2.0516549238177046,59.16,59.16,7.631280732365219,0.0,False,True,7.153272700316907e-15,0,baseline,1024,1888,3.6875,23.17564027370479,0.003604594330400782,0.10896384010298515,0.01845320591177862,0.8780457058869127,0.8780457058869127,5.29,0
PM2_P3_space_speed2,P3,433399445,200,False,snowdrift,4.0,3.0,0.0,2.0,False,0.0,0.5,100,150,30,2.0,20000,0.7999999999999999,0.0,0.19999999999999998,0.0,0.0,0.0,0.0,0.3392729824227969,0.032642258491398325,0.4303718485868988,2.458866014563121,2.0531671813678765,61.69,61.69,7.392911666578775,0.0,False,True,7.153272700316907e-15,0,baseline,1024,1888,3.6875,23.17564027370479,0.003604594330400782,0.10896384010298515,0.01845320591177862,0.8762422517029371,0.8762422517029371,5.266331658291457,0
PM3_P3_network_speed2,P3,2121129191,200,False,PD_classic,9.0,5.0,1.0,0.0,False,0.0,0.5,100,0,30,2.0,20000,0.7999999999999999,0.0,0.19999999999999998,0.0,0.0,0.0,0.0,0.330676121868205,0.03234880450070324,1.8644711202874484,4.163066414032478,3.703347355283472,59.79,59.79,7.607308421874097,0.0,False,True,7.153272700316907e-15,0,baseline,1024,1888,3.6875,23.17564027370479,0.003604594330400782,0.10896384010298515,0.01845320591177862,0.8909339839111361,0.8909339839111361,4.914572864321608,0
PM3_P3_network_speed2,P3,686818433,200,False,PD_classic,9.0,5.0,1.0,0.0,False,0.0,0.5,100,0,30,2.0,20000,0.7999999999999999,0.0,0.19999999999999998,0.0,0.0,0.0,0.0,0.3438922332263158,0.03130841121495327,1.8422888580027872,4.183713849280748,3.7154288510251567,58.12,58.12,7.9571889332514845,0.0,False,True,7.153272700316907e-15,0,baseline,1024,1888,3.6875,23.17564027370479,0.003604594330400782,0.10896384010298515,0.01845320591177862,0.88096038299388,0.88096038299388,4.959595959595959,0
PM3_P3_network_speed2,P3,744720527,200,False,PD_classic,9.0,5.0,1.0,0.0,False,0.0,0.5,100,0,30,2.0,20000,0.7999999999999999,0.0,0.19999999999999998,0.0,0.0,0.0,0.0,0.3004661283115091,0.02483598875351453,1.8415791995736994,4.208695189366754,3.735271991408143,59.69,59.69,7.675009932856031,0.0,False,True,7.153272700316907e-15,0,baseline,1024,1888,3.6875,23.17564027370479,0.003604594330400782,0.10896384010298515,0.01845320591177862,0.9002729235638575,0.9002729235638575,4.95,0
PM3_P3_network_speed2,P3,381425458,200,False,PD_classic,9.0,5.0,1.0,0.0,False,0.0,0.5,100,0,30,2.0,20000,0.7999999999999999,0.0,0.19999999999999998,0.0,0.0,0.0,0.0,0.3352873764488215,0.029333333333333333,1.8401597505238574,4.13112503999141,3.6729319820979005,59.82,59.82,7.639340066873482,0.0,False,True,7.153272700316907e-15,0,baseline,1024,1888,3.6875,23.17564027370479,0.003604594330400782,0.10896384010298515,0.01845320591177862,0.8871108335177108,0.8871108335177108,5.04,0
PM3_P3_network_speed2,P3,1620985466,200,False,PD_classic,9.0,5.0,1.0,0.0,False,0.0,0.5,100,0,30,2.0,20000,0.7999999999999999,0.0,0.19999999999999998,0.0,0.0,0.0,0.0,0.32844442174114763,0.0343558282208589,1.8337050631198468,4.219282457839268,3.742166978895383,60.31,60.31,7.75273901526763,0.0,False,True,7.153272700316907e-15,0,baseline,1024,1888,3.6875,23.17564027370479,0.003604594330400782,0.10896384010298515,0.01845320591177862,0.8855764972351424,0.8855764972351424,5.5353535353535355,0
PM3_P3_network_speed2,P3,798359651,200,False,PD_classic,9.0,5.0,1.0,0.0,False,0.0,0.5,100,0,30,2.0,20000,0.7999999999999999,0.0,0.19999999999999998,0.0,0.0,0.0,0.0,0.33392718869401844,0.038461538461538464,1.8380377596431603,4.174047446443306,3.7068455090832746,58.98,58.98,7.975829209149472,0.0,False,True,7.153272700316907e-15,0,baseline,1024,1888,3.6875,23.17564027370479,0.003604594330400782,0.10896384010298515,0.01845320591177862,0.8828677283309379,0.8828677283309379,5.256281407035176,0
PM3_P3_network_speed2,P3,1669164794,200,False,PD_classic,9.0,5.0,1.0,0.0,False,0.0,0.5,100,0,30,2.0,20000,0.7999999999999999,0.0,0.19999999999999998,0.0,0.0,0.0,0.0,0.32613773756816067,0.038284132841328415,1.8870424942342339,4.187563212605689,3.7274590689313976,60.8,60.8,7.732397994770569,0.0,False,True,7.153272700316907e-15,0,baseline,1024,1888,3.6875,23.17564027370479,0.003604594330400782,0.10896384010298515,0.01845320591177862,0.8792223090903118,0.8792223090903118,5.155778894472362,0
PM3_P3_network_speed2,P3,126337246,200,False,PD_classic,9.0,5.0,1.0,0.0,False,0.0,0.5,100,0,30,2.0,20000,0.7999999999999999,0.0,0.19999999999999998,0.0,0.0,0.0,0.0,0.36920335707143903,0.03553530751708428,1.8784623703681405,4.140288003068903,3.687922876528749,60.84,60.84,7.557054129484097,0.0,False,True,7.153272700316907e-15,0,baseline,1024,1888,3.6875,23.17564027370479,0.003604594330400782,0.10896384010298515,0.01845320591177862,0.8763475377711294,0.8763475377711294,5.206030150753769,0
PM3_P3_network_speed2,P3,317149051,200,False,PD_classic,9.0,5.0,1.0,0.0,False,0.0,0.5,100,0,30,2.0,20000,0.7999999999999999,0.0,0.19999999999999998,0.0,0.0,0.0,0.0,0.36776607451580445,0.0350177304964539,1.8628641039149219,4.1781986158997295,3.7151317135027675,59.16,59.16,7.631280732365219,0.0,False,True,7.153272700316907e-15,0,baseline,1024,1888,3.6875,23.17564027370479,0.003604594330400782,0.10896384010298515,0.01845320591177862,0.8780457058869127,0.8780457058869127,5.29,0
PM3_P3_network_speed2,P3,433399445,200,False,PD_classic,9.0,5.0,1.0,0.0,False,0.0,0.5,100,0,30,2.0,20000,0.7999999999999999,0.0,0.19999999999999998,0.0,0.0,0.0,0.0,0.3392729824227969,0.032642258491398325,1.8607436971737974,4.176391737246295,3.713262129231795,61.69,61.69,7.392911666578775,0.0,False,True,7.153272700316907e-15,0,baseline,1024,1888,3.6875,23.17564027370479,0.003604594330400782,0.10896384010298515,0.01845320591177862,0.8762422517029371,0.8762422517029371,5.266331658291457,0
PM3_P3_network_speed2,P3,2121129191,200,False,PD_classic,9.0,5.0,1.0,0.0,False,0.0,0.5,100,0,30,2.0,20000,0.7999999999999999,0.0,0.19999999999999998,0.0,0.0,0.0,0.0,0.3661868158078693,0.022701475595913734,1.6271899325948156,4.15825722736267,3.6520437684090967,48.46,48.46,10.86788487900463,0.0,False,True,7.153272700316907e-15,0,fragmented,1024,1510,2.94921875,25.72581622678397,0.002882911779081134,0.12811032933427496,0.020712430825958927,0.9176101654036023,0.9176101654036023,5.065989847715736,378
PM3_P3_network_speed2,P3,686818433,200,False,PD_classic,9.0,5.0,1.0,0.0,False,0.0,0.5,100,0,30,2.0,20000,0.7999999999999999,0.0,0.19999999999999998,0.0,0.0,0.0,0.0,0.33298796687381044,0.02386634844868735,1.6760199986000857,4.213227338806623,3.7057858707653177,51.88,51.88,9.761693975055577,0.0,False,True,7.153272700316907e-15,0,fragmented,1024,1510,2.94921875,25.385171065493648,0.002882911779081134,0.14629755769191768,0.020550349468941385,0.908802430902468,0.908802430902468,4.893401015228426,378
PM3_P3_network_speed2,P3,744720527,200,False,PD_classic,9.0,5.0,1.0,0.0,False,0.0,0.5,100,0,30,2.0,20000,0.7999999999999999,0.0,0.19999999999999998,0.0,0.0,0.0,0.0,0.34786968176847294,0.02244811520542143,1.6392187268531642,4.168173457401763,3.662382511292042,46.55,46.55,11.110212373742943,0.0,False,True,7.153272700316907e-15,0,fragmented,1024,1510,2.94921875,25.893880742913,0.002882911779081134,0.1399992169640479,0.021047901237534708,0.9133631152012265,0.9133631152012265,4.591836734693878,378
PM3_P3_network_speed2,P3,1620985466,200,False,PD_classic,9.0,5.0,1.0,0.0,False,0.0,0.5,100,0,30,2.0,20000,0.7999999999999999,0.0,0.19999999999999998,0.0,0.0,0.0,0.0,0.36538282734485084,0.027642276422764227,1.6866130862610709,4.145561153809764,3.6537715403000246,51.82,51.82,9.731167876594077,0.0,False,True,7.153272700316907e-15,0,fragmented,1024,1510,2.94921875,25.94117302052786,0.002882911779081134,0.1711051157051785,0.020626699311744757,0.912343043599344,0.912343043599344,4.818181818181818,378
PM3_P3_network_speed2,P3,381425458,200,False,PD_classic,9.0,5.0,1.0,0.0,False,0.0,0.5,100,0,30,2.0,20000,0.7999999999999999,0.0,0.19999999999999998,0.0,0.0,0.0,0.0,0.3692592689806095,0.01990049751243781,1.696133991769264,4.226180657628033,3.7201713244562797,48.35,48.35,10.343922040346845,0.0,False,True,7.153272700316907e-15,0,fragmented,1024,1510,2.94921875,25.210312805474096,0.002882911779081134,0.14113566741277134,0.020271512818912554,0.9142615836752598,0.9142615836752598,4.779487179487179,378
PM3_P3_network_speed2,P3,1669164794,200,False,PD_classic,9.0,5.0,1.0,0.0,False,0.0,0.5,100,0,30,2.0,20000,0.7999999999999999,0.0,0.19999999999999998,0.0,0.0,0.0,0.0,0.3571568499683641,0.02497883149872989,1.6735258075617112,4.171159266733595,3.6716325748992173,50.14,50.14,10.141074361859877,0.0,False,True,7.153272700316907e-15,0,fragmented,1024,1510,2.94921875,25.596852394916912,0.002882911779081134,0.11571036413234588,0.020411774597658947,0.9116783675100111,0.9116783675100111,5.040404040404041,378
PM3_P3_network_speed2,P3,798359651,200,False,PD_classic,9.0,5.0,1.0,0.0,False,0.0,0.5,100,0,30,2.0,20000,0.7999999999999999,0.0,0.19999999999999998,0.0,0.0,0.0,0.0,0.3404685175274961,0.022956101490132903,1.6467116095140044,4.165726308961644,3.661923369072117,49.23,49.23,10.507800498524084,0.0,False,True,7.153272700316907e-15,0,fragmented,1024,1510,2.94921875,25.36996089931574,0.002882911779081134,0.14280181479220427,0.020576710433751727,0.9031936885733244,0.9031936885733244,5.279187817258883,378
PM3_P3_network_speed2,P3,126337246,200,False,PD_classic,9.0,5.0,1.0,0.0,False,0.0,0.5,100,0,30,2.0,20000,0.7999999999999999,0.0,0.19999999999999998,0.0,0.0,0.0,0.0,0.365390604987289,0.02150132025650698,1.612090149121938,4.204470074510378,3.6859940894326884,47.62,47.62,10.559927986765496,0.0,False,True,7.153272700316907e-15,0,fragmented,1024,1510,2.94921875,25.502316715542523,0.002882911779081134,0.12188790889841442,0.02046492245740339,0.9135109560040648,0.9135109560040648,5.279187817258883,378
PM3_P3_network_speed2,P3,317149051,200,False,PD_classic,9.0,5.0,1.0,0.0,False,0.0,0.5,100,0,30,2.0,20000,0.7999999999999999,0.0,0.19999999999999998,0.0,0.0,0.0,0.0,0.3454320067955477,0.022979397781299524,1.604635345689562,4.179635983052374,3.664635855579813,49.02,49.02,10.475278083507952,0.0,False,True,7.153272700316907e-15,0,fragmented,1024,1510,2.94921875,25.344418377321603,0.002882911779081134,0.11735323838257146,0.020421221653079975,0.9123504442224011,0.9123504442224011,4.773869346733668,378
PM3_P3_network_speed2,P3,433399445,200,False,PD_classic,9.0,5.0,1.0,0.0,False,0.0,0.5,100,0,30,2.0,20000,0.7999999999999999,0.0,0.19999999999999998,0.0,0.0,0.0,0.0,0.3768611974610315,0.01998262380538662,1.6612661386773846,4.218512384405179,3.707063135259621,48.97,48.97,10.296433055973017,0.0,False,True,7.153272700316907e-15,0,fragmented,1024,1510,2.94921875,25.717996089931574,0.002882911779081134,0.13471860670552965,0.02095950205570321,0.9243772359324363,0.9243772359324363,4.581632653061225,378
PM3_P3_network_speed2,P3,2121129191,200,False,PD_classic,9.0,5.0,1.0,0.0,False,0.0,0.5,100,0,30,2.0,20000,0.7999999999999999,0.0,0.19999999999999998,0.0,0.0,0.0,0.0,0.33447524489526886,0.028297779712668697,1.828453600723902,4.147144132512521,3.683406026154798,62.12,62.12,7.6977919348932815,0.0,False,True,7.153272700316907e-15,0,connected,1024,1908,3.7265625,22.59355816226784,0.0036427785923753664,0.11047973273294646,0.017992639075600707,0.8859111727664817,0.8859111727664817,5.42,0
PM3_P3_network_speed2,P3,686818433,200,False,PD_classic,9.0,5.0,1.0,0.0,False,0.0,0.5,100,0,30,2.0,20000,0.7999999999999999,0.0,0.19999999999999998,0.0,0.0,0.0,0.0,0.3550322014266775,0.03270824247710423,1.9127997195178,4.189402758980613,3.734082151088051,61.18,61.18,7.486690358575259,0.0,False,True,7.153272700316907e-15,0,connected,1024,1908,3.7265625,22.68184750733138,0.0036427785923753664,0.09964303509625747,0.018069511990485933,0.8858606322868182,0.8858606322868182,5.53,0
PM3_P3_network_speed2,P3,744720527,200,False,PD_classic,9.0,5.0,1.0,0.0,False,0.0,0.5,100,0,30,2.0,20000,0.7999999999999999,0.0,0.19999999999999998,0.0,0.0,0.0,0.0,0.3379541345000371,0.030866807610993658,1.8605190419761253,4.167259572083157,3.7059114660617523,62.06,62.06,7.836917313729948,0.0,False,True,7.153272700316907e-15,0,connected,1024,1908,3.7265625,22.703020527859238,0.0036427785923753664,0.12093742773809137,0.01794714488128238,0.8868945302954874,0.8868945302954874,5.49748743718593,0
PM3_P3_network_speed2,P3,381425458,200,False,PD_classic,9.0,5.0,1.0,0.0,False,0.0,0.5,100,0,30,2.0,20000,0.7999999999999999,0.0,0.19999999999999998,0.0,0.0,0.0,0.0,0.3569037472755979,0.03718459495351926,1.824446725121251,4.183247813452411,3.7114875957861786,58.98,58.98,7.846350472046239,0.0,False,True,7.153272700316907e-15,0,connected,1024,1908,3.7265625,22.678748778103618,0.0036427785923753664,0.13822503935242955,0.018021477160341432,0.8806402129388765,0.8806402129388765,5.24,0
PM3_P3_network_speed2,P3,1620985466,200,False,PD_classic,9.0,5.0,1.0,0.0,False,0.0,0.5,100,0,30,2.0,20000,0.7999999999999999,0.0,0.19999999999999998,0.0,0.0,0.0,0.0,0.33634589013138544,0.03451776649746193,1.8910406968004492,4.189314682263914,3.7296598851712215,60.18,60.18,7.5672786416750855,0.0,False,True,7.153272700316907e-15,0,connected,1024,1908,3.7265625,22.67199413489736,0.0036427785923753664,0.12368217976172854,0.0179617143068763,0.8764388775341653,0.8764388775341653,4.97979797979798,0
PM3_P3_network_speed2,P3,1669164794,200,False,PD_classic,9.0,5.0,1.0,0.0,False,0.0,0.5,100,0,30,2.0,20000,0.7999999999999999,0.0,0.19999999999999998,0.0,0.0,0.0,0.0,0.3420579174222826,0.03296213808463252,1.8736492142780659,4.1815175771808635,3.719943904600303,59.49,59.49,7.699382694573046,0.0,False,True,7.153272700316907e-15,0,connected,1024,1908,3.7265625,22.803567937438906,0.0036427785923753664,0.10968823393764451,0.01816697713236461,0.8870421136116862,0.8870421136116862,5.04,0
PM3_P3_network_speed2,P3,798359651,200,False,PD_classic,9.0,5.0,1.0,0.0,False,0.0,0.5,100,0,30,2.0,20000,0.7999999999999999,0.0,0.19999999999999998,0.0,0.0,0.0,0.0,0.3178766963296198,0.03038309114927345,1.7889054240228557,4.1472440341960475,3.675576312161412,58.51,58.51,7.989785257626518,0.0,False,True,7.153272700316907e-15,0,connected,1024,1908,3.7265625,22.631104594330402,0.0036427785923753664,0.11857835447202564,0.018059028131474114,0.8862643457697171,0.8862643457697171,5.434343434343434,0
PM3_P3_network_speed2,P3,317149051,200,False,PD_classic,9.0,5.0,1.0,0.0,False,0.0,0.5,100,0,30,2.0,20000,0.7999999999999999,0.0,0.19999999999999998,0.0,0.0,0.0,0.0,0.3569594298543124,0.033771929824561404,1.8595522447551618,4.1498942357241555,3.6918258375303563,61.1,61.1,7.692521922876538,0.0,False,True,7.153272700316907e-15,0,connected,1024,1908,3.7265625,22.740224828934505,0.0036427785923753664,0.1081279941882244,0.01813791674198908,0.8756885916873223,0.8756885916873223,5.242424242424242,0
PM3_P3_network_speed2,P3,126337246,200,False,PD_classic,9.0,5.0,1.0,0.0,False,0.0,0.5,100,0,30,2.0,20000,0.7999999999999999,0.0,0.19999999999999998,0.0,0.0,0.0,0.0,0.3104991948477163,0.030775899436497615,1.8625619978417054,4.160470833922267,3.700889066706156,60.23,60.23,7.565448382234106,0.0,False,True,7.153272700316907e-15,0,connected,1024,1908,3.7265625,22.548924731182797,0.0036427785923753664,0.16618649848249925,0.01789874390068063,0.8816427907442971,0.8816427907442971,5.507537688442211,0
PM3_P3_network_speed2,P3,433399445,200,False,PD_classic,9.0,5.0,1.0,0.0,False,0.0,0.5,100,0,30,2.0,20000,0.7999999999999999,0.0,0.19999999999999998,0.0,0.0,0.0,0.0,0.33386553820997233,0.0379746835443038,1.8636417774822613,4.173173611098685,3.7112672443754007,60.21,60.21,7.739687479525027,0.0,False,True,7.153272700316907e-15,0,connected,1024,1908,3.7265625,22.742160312805474,0.0036427785923753664,0.12431349120426402,0.018135708630557842,0.876823278123192,0.876823278123192,5.28,0
PM3_P3_network_speed2,P3,2121129191,200,False,PD_classic,9.0,5.0,1.0,0.0,False,0.0,0.5,100,5,30,2.0,20000,0.7999999999999999,0.0,0.19999999999999998,0.0,0.0,0.0,0.0,0.3159484379927092,0.061415846225972806,2.2794807565092134,4.150037859871165,3.775926439198774,5.0,59.79,7.607308421874097,1.0,False,True,7.153272700316907e-15,0,baseline,1024,1888,3.6875,23.17564027370479,0.003604594330400782,0.10896384010298515,0.01845320591177862,0.7856428841882229,0.8909339839111361,4.914572864321608,0
PM3_P3_network_speed2,P3,686818433,200,False,PD_classic,9.0,5.0,1.0,0.0,False,0.0,0.5,100,5,30,2.0,20000,0.7999999999999999,0.0,0.19999999999999998,0.0,0.0,0.0,0.0,0.3278739116108791,0.06355140186915888,2.2537138000474712,4.171124314584179,3.7876422116768373,5.0,58.12,7.9571889332514845,1.0,False,True,7.153272700316907e-15,0,baseline,1024,1888,3.6875,23.17564027370479,0.003604594330400782,0.10896384010298515,0.01845320591177862,0.7844855941918737,0.88096038299388,4.959595959595959,0
PM3_P3_network_speed2,P3,744720527,200,False,PD_classic,9.0,5.0,1.0,0.0,False,0.0,0.5,100,5,30,2.0,20000,0.7999999999999999,0.0,0.19999999999999998,0.0,0.0,0.0,0.0,0.28605394466082873,0.05388940955951265,2.248373074217499,4.196487486736498,3.806864604232698,5.0,59.69,7.675009932856031,1.0,False,True,7.153272700316907e-15,0,baseline,1024,1888,3.6875,23.17564027370479,0.003604594330400782,0.10896384010298515,0.01845320591177862,0.7995353009153666,0.9002729235638575,4.95,0
PM3_P3_network_speed2,P3,381425458,200,False,PD_classic,9.0,5.0,1.0,0.0,False,0.0,0.5,100,5,30,2.0,20000,0.7999999999999999,0.0,0.19999999999999998,0.0,0.0,0.0,0.0,0.32162591645663385,0.05688888888888889,2.259864790395215,4.117632931425027,3.7460793032190636,5.0,59.82,7.639340066873482,1.0,False,True,7.153272700316907e-15,0,baseline,1024,1888,3.6875,23.17564027370479,0.003604594330400782,0.10896384010298515,0.01845320591177862,0.7874913939075335,0.8871108335177108,5.04,0
PM3_P3_network_speed2,P3,1620985466,200,False,PD_classic,9.0,5.0,1.0,0.0,False,0.0,0.5,100,5,30,2.0,20000,0.7999999999999999,0.0,0.19999999999999998,0.0,0.0,0.0,0.0,0.3162231816571942,0.05848670756646217,2.2492021115419325,4.20650641283088,3.8150455525730878,5.0,60.31,7.75273901526763,1.0,False,True,7.153272700316907e-15,0,baseline,1024,1888,3.6875,23.17564027370479,0.003604594330400782,0.10896384010298515,0.01845320591177862,0.800687254860152,0.8855764972351424,5.5353535353535355,0
PM3_P3_network_speed2,P3,1669164794,200,False,PD_classic,9.0,5.0,1.0,0.0,False,0.0,0.5,100,5,30,2.0,20000,0.7999999999999999,0.0,0.19999999999999998,0.0,0.0,0.0,0.0,0.3097582100015721,0.07103321033210332,2.297676464501036,4.17501881963549,3.799550348608599,5.0,60.8,7.732397994770569,1.0,False,True,7.153272700316907e-15,0,baseline,1024,1888,3.6875,23.17564027370479,0.003604594330400782,0.10896384010298515,0.01845320591177862,0.7771768183677936,0.8792223090903118,5.155778894472362,0
PM3_P3_network_speed2,P3,798359651,200,False,PD_classic,9.0,5.0,1.0,0.0,False,0.0,0.5,100,5,30,2.0,20000,0.7999999999999999,0.0,0.19999999999999998,0.0,0.0,0.0,0.0,0.32259310557513177,0.06135531135531135,2.2463148830766264,4.161446437712013,3.778420126784936,5.0,58.98,7.975829209149472,1.0,False,True,7.153272700316907e-15,0,baseline,1024,1888,3.6875,23.17564027370479,0.003604594330400782,0.10896384010298515,0.01845320591177862,0.7857640919626697,0.8828677283309379,5.256281407035176,0
PM3_P3_network_speed2,P3,126337246,200,False,PD_classic,9.0,5.0,1.0,0.0,False,0.0,0.5,100,5,30,2.0,20000,0.7999999999999999,0.0,0.19999999999999998,0.0,0.0,0.0,0.0,0.35335013274234944,0.0674259681093394,2.309555266915999,4.126991593100389,3.763504327863511,5.0,60.84,7.557054129484097,1.0,False,True,7.153272700316907e-15,0,baseline,1024,1888,3.6875,23.17564027370479,0.003604594330400782,0.10896384010298515,0.01845320591177862,0.7773599878605466,0.8763475377711294,5.206030150753769,0
PM3_P3_network_speed2,P3,317149051,200,False,PD_classic,9.0,5.0,1.0,0.0,False,0.0,0.5,100,5,30,2.0,20000,0.7999999999999999,0.0,0.19999999999999998,0.0,0.0,0.0,0.0,0.3504575064425935,0.06959219858156028,2.2914763238143414,4.165046293632763,3.7903322996690787,5.0,59.16,7.631280732365219,1.0,False,True,7.153272700316907e-15,0,baseline,1024,1888,3.6875,23.17564027370479,0.003604594330400782,0.10896384010298515,0.01845320591177862,0.7814420601721441,0.8780457058869127,5.29,0
PM3_P3_network_speed2,P3,433399445,200,False,PD_classic,9.0,5.0,1.0,0.0,False,0.0,0.5,100,5,30,2.0,20000,0.7999999999999999,0.0,0.19999999999999998,0.0,0.0,0.0,0.0,0.3244401691283628,0.06219673577415086,2.270807121812578,4.163310187134799,3.7848095740703536,5.0,61.69,7.392911666578775,1.0,False,True,7.153272700316907e-15,0,baseline,1024,1888,3.6875,23.17564027370479,0.003604594330400782,0.10896384010298515,0.01845320591177862,0.7806821222946566,0.8762422517029371,5.266331658291457,0
PM3_P3_network_speed2,P3,686818433,200,False,PD_classic,9.0,5.0,1.0,0.0,False,0.0,0.5,100,5,30,2.0,20000,0.7999999999999999,0.0,0.19999999999999998,0.0,0.0,0.0,0.0,0.32059656192358754,0.04892601431980907,2.0443774432017405,4.202078240498525,3.7705380810391698,5.0,51.88,9.761693975055577,1.0,False,True,7.153272700316907e-15,0,fragmented,1024,1510,2.94921875,25.385171065493648,0.002882911779081134,0.14629755769191768,0.020550349468941385,0.8267438546415025,0.908802430902468,4.893401015228426,378
PM3_P3_network_speed2,P3,2121129191,200,False,PD_classic,9.0,5.0,1.0,0.0,False,0.0,0.5,100,5,30,2.0,20000,0.7999999999999999,0.0,0.19999999999999998,0.0,0.0,0.0,0.0,0.3540751324201845,0.04691638289822172,2.0157937564564024,4.145915512175005,3.7198911610312853,5.0,48.46,10.86788487900463,1.0,False,True,7.153272700316907e-15,0,fragmented,1024,1510,2.94921875,25.72581622678397,0.002882911779081134,0.12811032933427496,0.020712430825958927,0.8262444200529487,0.9176101654036023,5.065989847715736,378
PM3_P3_network_speed2,P3,744720527,200,False,PD_classic,9.0,5.0,1.0,0.0,False,0.0,0.5,100,5,30,2.0,20000,0.7999999999999999,0.0,0.19999999999999998,0.0,0.0,0.0,0.0,0.33755230158561184,0.043202033036848796,2.0310902166980553,4.156098388096477,3.7310967538167934,5.0,46.55,11.110212373742943,1.0,False,True,7.153272700316907e-15,0,fragmented,1024,1510,2.94921875,25.893880742913,0.002882911779081134,0.1399992169640479,0.021047901237534708,0.8182357407588057,0.9133631152012265,4.591836734693878,378
PM3_P3_network_speed2,P3,381425458,200,False,PD_classic,9.0,5.0,1.0,0.0,False,0.0,0.5,100,5,30,2.0,20000,0.7999999999999999,0.0,0.19999999999999998,0.0,0.0,0.0,0.0,0.35684348551156575,0.04477611940298507,2.057828905618445,4.215851701131409,3.784247142028816,5.0,48.35,10.343922040346845,1.0,False,True,7.153272700316907e-15,0,fragmented,1024,1510,2.94921875,25.210312805474096,0.002882911779081134,0.14113566741277134,0.020271512818912554,0.8435504664543674,0.9142615836752598,4.779487179487179,378
PM3_P3_network_speed2,P3,1620985466,200,False,PD_classic,9.0,5.0,1.0,0.0,False,0.0,0.5,100,5,30,2.0,20000,0.7999999999999999,0.0,0.19999999999999998,0.0,0.0,0.0,0.0,0.35492871894486244,0.048373983739837395,2.0895237927434436,4.132996974132303,3.7243023378545304,5.0,51.82,9.731167876594077,1.0,False,True,7.153272700316907e-15,0,fragmented,1024,1510,2.94921875,25.94117302052786,0.002882911779081134,0.1711051157051785,0.020626699311744757,0.8312392781228205,0.912343043599344,4.818181818181818,378
PM3_P3_network_speed2,P3,1669164794,200,False,PD_classic,9.0,5.0,1.0,0.0,False,0.0,0.5,100,5,30,2.0,20000,0.7999999999999999,0.0,0.19999999999999998,0.0,0.0,0.0,0.0,0.34137969716460403,0.056731583403895,2.0296169576059984,4.160157893137297,3.7340497060310387,5.0,50.14,10.141074361859877,1.0,False,True,7.153272700316907e-15,0,fragmented,1024,1510,2.94921875,25.596852394916912,0.002882911779081134,0.11571036413234588,0.020411774597658947,0.8161862352775264,0.9116783675100111,5.040404040404041,378
PM3_P3_network_speed2,P3,798359651,200,False,PD_classic,9.0,5.0,1.0,0.0,False,0.0,0.5,100,5,30,2.0,20000,0.7999999999999999,0.0,0.19999999999999998,0.0,0.0,0.0,0.0,0.32728815241059517,0.049134111961337094,2.024532639761934,4.1540652821509845,3.7281587536731746,5.0,49.23,10.507800498524084,1.0,False,True,7.153272700316907e-15,0,fragmented,1024,1510,2.94921875,25.36996089931574,0.002882911779081134,0.14280181479220427,0.020576710433751727,0.8096206269585584,0.9031936885733244,5.279187817258883,378
PM3_P3_network_speed2,P3,126337246,200,False,PD_classic,9.0,5.0,1.0,0.0,False,0.0,0.5,100,5,30,2.0,20000,0.7999999999999999,0.0,0.19999999999999998,0.0,0.0,0.0,0.0,0.35172341518195865,0.04903809883062995,1.9720606304237085,4.193448599744249,3.7491710058801426,5.0,47.62,10.559927986765496,1.0,False,True,7.153272700316907e-15,0,fragmented,1024,1510,2.94921875,25.502316715542523,0.002882911779081134,0.12188790889841442,0.02046492245740339,0.8262636063587958,0.9135109560040648,5.279187817258883,378
PM3_P3_network_speed2,P3,317149051,200,False,PD_classic,9.0,5.0,1.0,0.0,False,0.0,0.5,100,5,30,2.0,20000,0.7999999999999999,0.0,0.19999999999999998,0.0,0.0,0.0,0.0,0.33431694089094444,0.045166402535657686,1.9616731648288999,4.1682722763307245,3.7269524540303616,5.0,49.02,10.475278083507952,1.0,False,True,7.153272700316907e-15,0,fragmented,1024,1510,2.94921875,25.344418377321603,0.002882911779081134,0.11735323838257146,0.020421221653079975,0.829014169545399,0.9123504442224011,4.773869346733668,378
PM3_P3_network_speed2,P3,433399445,200,False,PD_classic,9.0,5.0,1.0,0.0,False,0.0,0.5,100,5,30,2.0,20000,0.7999999999999999,0.0,0.19999999999999998,0.0,0.0,0.0,0.0,0.36204852485766664,0.04995655951346655,2.0239132375959543,4.207756091812102,3.7709875209688706,5.0,48.97,10.296433055973017,1.0,False,True,7.153272700316907e-15,0,fragmented,1024,1510,2.94921875,25.717996089931574,0.002882911779081134,0.13471860670552965,0.02095950205570321,0.8344644337722584,0.9243772359324363,4.581632653061225,378
PM3_P3_network_speed2,P3,2121129191,200,False,PD_classic,9.0,5.0,1.0,0.0,False,0.0,0.5,100,5,30,2.0,20000,0.7999999999999999,0.0,0.19999999999999998,0.0,0.0,0.0,0.0,0.3190585025465137,0.05920766216804527,2.249264715348589,4.133720313925451,3.756829194210078,5.0,62.12,7.6977919348932815,1.0,False,True,7.153272700316907e-15,0,connected,1024,1908,3.7265625,22.59355816226784,0.0036427785923753664,0.11047973273294646,0.017992639075600707,0.775023834354748,0.8859111727664817,5.42,0
PM3_P3_network_speed2,P3,686818433,200,False,PD_classic,9.0,5.0,1.0,0.0,False,0.0,0.5,100,5,30,2.0,20000,0.7999999999999999,0.0,0.19999999999999998,0.0,0.0,0.0,0.0,0.3386586525752567,0.06454426515481901,2.3653128707520534,4.175988178210155,3.8138531167185366,5.0,61.18,7.486690358575259,1.0,False,True,7.153272700316907e-15,0,connected,1024,1908,3.7265625,22.68184750733138,0.0036427785923753664,0.09964303509625747,0.018069511990485933,0.7719469079342332,0.8858606322868182,5.53,0
PM3_P3_network_speed2,P3,744720527,200,False,PD_classic,9.0,5.0,1.0,0.0,False,0.0,0.5,100,5,30,2.0,20000,0.7999999999999999,0.0,0.19999999999999998,0.0,0.0,0.0,0.0,0.3220465200364043,0.06215644820295983,2.3087709770147584,4.1534825252737875,3.7845402156219814,5.0,62.06,7.836917313729948,1.0,False,True,7.153272700316907e-15,0,connected,1024,1908,3.7265625,22.703020527859238,0.0036427785923753664,0.12093742773809137,0.01794714488128238,0.7839738795013079,0.8868945302954874,5.49748743718593,0
PM3_P3_network_speed2,P3,381425458,200,False,PD_classic,9.0,5.0,1.0,0.0,False,0.0,0.5,100,5,30,2.0,20000,0.7999999999999999,0.0,0.19999999999999998,0.0,0.0,0.0,0.0,0.34144904893108835,0.06772908366533864,2.2819876650011275,4.169151658992946,3.791718860194583,5.0,58.98,7.846350472046239,1.0,False,True,7.153272700316907e-15,0,connected,1024,1908,3.7265625,22.678748778103618,0.0036427785923753664,0.13822503935242955,0.018021477160341432,0.7838866923587122,0.8806402129388765,5.24,0
PM3_P3_network_speed2,P3,1620985466,200,False,PD_classic,9.0,5.0,1.0,0.0,False,0.0,0.5,100,5,30,2.0,20000,0.7999999999999999,0.0,0.19999999999999998,0.0,0.0,0.0,0.0,0.3185876032121635,0.0700507614213198,2.2923758249841466,4.176996346509772,3.800072242204647,5.0,60.18,7.5672786416750855,1.0,False,True,7.153272700316907e-15,0,connected,1024,1908,3.7265625,22.67199413489736,0.0036427785923753664,0.12368217976172854,0.0179617143068763,0.7686559002815897,0.8764388775341653,4.97979797979798,0
PM3_P3_network_speed2,P3,1669164794,200,False,PD_classic,9.0,5.0,1.0,0.0,False,0.0,0.5,100,5,30,2.0,20000,0.7999999999999999,0.0,0.19999999999999998,0.0,0.0,0.0,0.0,0.32853504892535546,0.05968819599109131,2.323055402967875,4.1675931587772626,3.798685607615385,5.0,59.49,7.699382694573046,1.0,False,True,7.153272700316907e-15,0,connected,1024,1908,3.7265625,22.803567937438906,0.0036427785923753664,0.10968823393764451,0.01816697713236461,0.7922999148626699,0.8870421136116862,5.04,0
PM3_P3_network_speed2,P3,798359651,200,False,PD_classic,9.0,5.0,1.0,0.0,False,0.0,0.5,100,5,30,2.0,20000,0.7999999999999999,0.0,0.19999999999999998,0.0,0.0,0.0,0.0,0.30149028281373835,0.06252752091589608,2.2399312436256977,4.132871272617842,3.7542832668194124,5.0,58.51,7.989785257626518,1.0,False,True,7.153272700316907e-15,0,connected,1024,1908,3.7265625,22.631104594330402,0.0036427785923753664,0.11857835447202564,0.018059028131474114,0.7798579621378693,0.8862643457697171,5.434343434343434,0
PM3_P3_network_speed2,P3,126337246,200,False,PD_classic,9.0,5.0,1.0,0.0,False,0.0,0.5,100,5,30,2.0,20000,0.7999999999999999,0.0,0.19999999999999998,0.0,0.0,0.0,0.0,0.2932800210002223,0.06501950585175553,2.2861663793997624,4.147245938570066,3.7750300267360064,5.0,60.23,7.565448382234106,1.0,False,True,7.153272700316907e-15,0,connected,1024,1908,3.7265625,22.548924731182797,0.0036427785923753664,0.16618649848249925,0.01789874390068063,0.7688107528170078,0.8816427907442971,5.507537688442211,0
PM3_P3_network_speed2,P3,317149051,200,False,PD_classic,9.0,5.0,1.0,0.0,False,0.0,0.5,100,5,30,2.0,20000,0.7999999999999999,0.0,0.19999999999999998,0.0,0.0,0.0,0.0,0.34343926202599284,0.06096491228070176,2.2664320869481824,4.1368848490740895,3.7627942966489067,5.0,61.1,7.692521922876538,1.0,False,True,7.153272700316907e-15,0,connected,1024,1908,3.7265625,22.740224828934505,0.0036427785923753664,0.1081279941882244,0.01813791674198908,0.7736915250258529,0.8756885916873223,5.242424242424242,0
PM3_P3_network_speed2,P3,433399445,200,False,PD_classic,9.0,5.0,1.0,0.0,False,0.0,0.5,100,5,30,2.0,20000,0.7999999999999999,0.0,0.19999999999999998,0.0,0.0,0.0,0.0,0.3169094758855442,0.07205452775073028,2.299305393561707,4.159649009330058,3.787580286176387,5.0,60.21,7.739687479525027,1.0,False,True,7.153272700316907e-15,0,connected,1024,1908,3.7265625,22.742160312805474,0.0036427785923753664,0.12431349120426402,0.018135708630557842,0.7722607075920951,0.876823278123192,5.28,0
PM3_P3_network_speed2,P3,2121129191,200,False,PD_classic,9.0,5.0,1.0,0.0,False,0.0,0.5,100,15,30,2.0,20000,0.7999999999999999,0.0,0.19999999999999998,0.0,0.0,0.0,0.0,0.32205722487905536,0.04922644163150492,2.032377463821287,4.157855019221317,3.732759508141311,15.0,59.79,7.607308421874097,1.0,False,True,7.153272700316907e-15,0,baseline,1024,1888,3.6875,23.17564027370479,0.003604594330400782,0.10896384010298515,0.01845320591177862,0.8363480980487278,0.8909339839111361,4.914572864321608,0
PM3_P3_network_speed2,P3,686818433,200,False,PD_classic,9.0,5.0,1.0,0.0,False,0.0,0.5,100,15,30,2.0,20000,0.7999999999999999,0.0,0.19999999999999998,0.0,0.0,0.0,0.0,0.3362805698807618,0.04719626168224299,2.0054364548042254,4.178735907434661,3.744076016908574,15.0,58.12,7.9571889332514845,1.0,False,True,7.153272700316907e-15,0,baseline,1024,1888,3.6875,23.17564027370479,0.003604594330400782,0.10896384010298515,0.01845320591177862,0.827458056815063,0.88096038299388,4.959595959595959,0
PM3_P3_network_speed2,P3,744720527,200,False,PD_classic,9.0,5.0,1.0,0.0,False,0.0,0.5,100,15,30,2.0,20000,0.7999999999999999,0.0,0.19999999999999998,0.0,0.0,0.0,0.0,0.29424702704513483,0.03748828491096532,2.0073246446346618,4.203732824890768,3.764451188839548,15.0,59.69,7.675009932856031,1.0,False,True,7.153272700316907e-15,0,baseline,1024,1888,3.6875,23.17564027370479,0.003604594330400782,0.10896384010298515,0.01845320591177862,0.8493779605854883,0.9002729235638575,4.95,0
PM3_P3_network_speed2,P3,381425458,200,False,PD_classic,9.0,5.0,1.0,0.0,False,0.0,0.5,100,15,30,2.0,20000,0.7999999999999999,0.0,0.19999999999999998,0.0,0.0,0.0,0.0,0.3275604315075756,0.04488888888888889,2.0264086515058186,4.125129115957725,3.7053850230673437,15.0,59.82,7.639340066873482,1.0,False,True,7.153272700316907e-15,0,baseline,1024,1888,3.6875,23.17564027370479,0.003604594330400782,0.10896384010298515,0.01845320591177862,0.8299746327265121,0.8871108335177108,5.04,0
PM3_P3_network_speed2,P3,1620985466,200,False,PD_classic,9.0,5.0,1.0,0.0,False,0.0,0.5,100,15,30,2.0,20000,0.7999999999999999,0.0,0.19999999999999998,0.0,0.0,0.0,0.0,0.3222798272013275,0.04621676891615542,2.0018633828927297,4.214142651223493,3.77168679755734,15.0,60.31,7.75273901526763,1.0,False,True,7.153272700316907e-15,0,baseline,1024,1888,3.6875,23.17564027370479,0.003604594330400782,0.10896384010298515,0.01845320591177862,0.8424160743341581,0.8855764972351424,5.5353535353535355,0
PM3_P3_network_speed2,P3,1669164794,200,False,PD_classic,9.0,5.0,1.0,0.0,False,0.0,0.5,100,15,30,2.0,20000,0.7999999999999999,0.0,0.19999999999999998,0.0,0.0,0.0,0.0,0.3180037352420736,0.0544280442804428,2.053131778274448,4.182510819121455,3.7566350109520537,15.0,60.8,7.732397994770569,1.0,False,True,7.153272700316907e-15,0,baseline,1024,1888,3.6875,23.17564027370479,0.003604594330400782,0.10896384010298515,0.01845320591177862,0.8301502708777907,0.8792223090903118,5.155778894472362,0
PM3_P3_network_speed2,P3,798359651,200,False,PD_classic,9.0,5.0,1.0,0.0,False,0.0,0.5,100,15,30,2.0,20000,0.7999999999999999,0.0,0.19999999999999998,0.0,0.0,0.0,0.0,0.3297790427965865,0.046703296703296704,1.9986983618167131,4.169094407355651,3.7350151982478645,15.0,58.98,7.975829209149472,1.0,False,True,7.153272700316907e-15,0,baseline,1024,1888,3.6875,23.17564027370479,0.003604594330400782,0.10896384010298515,0.01845320591177862,0.8327513849244865,0.8828677283309379,5.256281407035176,0
PM3_P3_network_speed2,P3,126337246,200,False,PD_classic,9.0,5.0,1.0,0.0,False,0.0,0.5,100,15,30,2.0,20000,0.7999999999999999,0.0,0.19999999999999998,0.0,0.0,0.0,0.0,0.3602018886709484,0.05375854214123007,2.063668588710046,4.134496557605816,3.720330963826659,15.0,60.84,7.557054129484097,1.0,False,True,7.153272700316907e-15,0,baseline,1024,1888,3.6875,23.17564027370479,0.003604594330400782,0.10896384010298515,0.01845320591177862,0.8224270703881101,0.8763475377711294,5.206030150753769,0
PM3_P3_network_speed2,P3,317149051,200,False,PD_classic,9.0,5.0,1.0,0.0,False,0.0,0.5,100,15,30,2.0,20000,0.7999999999999999,0.0,0.19999999999999998,0.0,0.0,0.0,0.0,0.3575955406858534,0.05540780141843971,2.0344142940087058,4.172996502824446,3.7452800610612984,15.0,59.16,7.631280732365219,1.0,False,True,7.153272700316907e-15,0,baseline,1024,1888,3.6875,23.17564027370479,0.003604594330400782,0.10896384010298515,0.01845320591177862,0.8291055973898236,0.8780457058869127,5.29,0
PM3_P3_network_speed2,P3,2121129191,200,False,PD_classic,9.0,5.0,1.0,0.0,False,0.0,0.5,100,15,30,2.0,20000,0.7999999999999999,0.0,0.19999999999999998,0.0,0.0,0.0,0.0,0.36130002412551904,0.03253878168747635,1.7585664931163436,4.154055427662083,3.6749576407529347,15.0,48.46,10.86788487900463,1.0,False,True,7.153272700316907e-15,0,fragmented,1024,1510,2.94921875,25.72581622678397,0.002882911779081134,0.12811032933427496,0.020712430825958927,0.8770908839438475,0.9176101654036023,5.065989847715736,378
PM3_P3_network_speed2,P3,433399445,200,False,PD_classic,9.0,5.0,1.0,0.0,False,0.0,0.5,100,15,30,2.0,20000,0.7999999999999999,0.0,0.19999999999999998,0.0,0.0,0.0,0.0,0.3312443478864128,0.04808116453462726,2.038243642165106,4.1707287614967115,3.744231737630392,15.0,61.69,7.392911666578775,1.0,False,True,7.153272700316907e-15,0,baseline,1024,1888,3.6875,23.17564027370479,0.003604594330400782,0.10896384010298515,0.01845320591177862,0.8218240300512364,0.8762422517029371,5.266331658291457,0
PM3_P3_network_speed2,P3,686818433,200,False,PD_classic,9.0,5.0,1.0,0.0,False,0.0,0.5,100,15,30,2.0,20000,0.7999999999999999,0.0,0.19999999999999998,0.0,0.0,0.0,0.0,0.32849044676062833,0.0330151153540175,1.7871650588769061,4.209787748888437,3.725263210886131,15.0,51.88,9.761693975055577,1.0,False,True,7.153272700316907e-15,0,fragmented,1024,1510,2.94921875,25.385171065493648,0.002882911779081134,0.14629755769191768,0.020550349468941385,0.8712480535120557,0.908802430902468,4.893401015228426,378
PM3_P3_network_speed2,P3,744720527,200,False,PD_classic,9.0,5.0,1.0,0.0,False,0.0,0.5,100,15,30,2.0,20000,0.7999999999999999,0.0,0.19999999999999998,0.0,0.0,0.0,0.0,0.3442661759992379,0.02964845404489623,1.7577942663641357,4.164634113497997,3.683266144071224,14.99,46.55,11.110212373742943,0.99,False,True,7.153272700316907e-15,0,fragmented,1024,1510,2.94921875,25.893880742913,0.002882911779081134,0.1399992169640479,0.021047901237534708,0.8753960466373988,0.9133631152012265,4.591836734693878,378
PM3_P3_network_speed2,P3,381425458,200,False,PD_classic,9.0,5.0,1.0,0.0,False,0.0,0.5,100,15,30,2.0,20000,0.7999999999999999,0.0,0.19999999999999998,0.0,0.0,0.0,0.0,0.3637280596438631,0.030998851894374284,1.8069803190900215,4.222967486729795,3.7397700532018394,15.0,48.35,10.343922040346845,1.0,False,True,7.153272700316907e-15,0,fragmented,1024,1510,2.94921875,25.210312805474096,0.002882911779081134,0.14113566741277134,0.020271512818912554,0.8812042927389315,0.9142615836752598,4.779487179487179,378
PM3_P3_network_speed2,P3,1620985466,200,False,PD_classic,9.0,5.0,1.0,0.0,False,0.0,0.5,100,15,30,2.0,20000,0.7999999999999999,0.0,0.19999999999999998,0.0,0.0,0.0,0.0,0.36096930032560687,0.036585365853658534,1.819554809532856,4.141432383144317,3.677056868422024,15.0,51.82,9.731167876594077,1.0,False,True,7.153272700316907e-15,0,fragmented,1024,1510,2.94921875,25.94117302052786,0.002882911779081134,0.1711051157051785,0.020626699311744757,0.8714088498086533,0.912343043599344,4.818181818181818,378
PM3_P3_network_speed2,P3,1669164794,200,False,PD_classic,9.0,5.0,1.0,0.0,False,0.0,0.5,100,15,30,2.0,20000,0.7999999999999999,0.0,0.19999999999999998,0.0,0.0,0.0,0.0,0.35041508888668293,0.03852667231160034,1.7782430493336705,4.167950972297784,3.6900093877049613,15.0,50.14,10.141074361859877,1.0,False,True,7.153272700316907e-15,0,fragmented,1024,1510,2.94921875,25.596852394916912,0.002882911779081134,0.11571036413234588,0.020411774597658947,0.863926561283957,0.9116783675100111,5.040404040404041,378
PM3_P3_network_speed2,P3,798359651,200,False,PD_classic,9.0,5.0,1.0,0.0,False,0.0,0.5,100,15,30,2.0,20000,0.7999999999999999,0.0,0.19999999999999998,0.0,0.0,0.0,0.0,0.33388822634344384,0.03584373741441804,1.7567521244148332,4.162392037830603,3.6812640551474494,15.0,49.23,10.507800498524084,1.0,False,True,7.153272700316907e-15,0,fragmented,1024,1510,2.94921875,25.36996089931574,0.002882911779081134,0.14280181479220427,0.020576710433751727,0.8553829200377652,0.9031936885733244,5.279187817258883,378
PM3_P3_network_speed2,P3,126337246,200,False,PD_classic,9.0,5.0,1.0,0.0,False,0.0,0.5,100,15,30,2.0,20000,0.7999999999999999,0.0,0.19999999999999998,0.0,0.0,0.0,0.0,0.35899839558448327,0.034326669181440964,1.7238585200916818,4.201095647903449,3.7056482223410963,15.0,47.62,10.559927986765496,1.0,False,True,7.153272700316907e-15,0,fragmented,1024,1510,2.94921875,25.502316715542523,0.002882911779081134,0.12188790889841442,0.02046492245740339,0.8814182828041103,0.9135109560040648,5.279187817258883,378
PM3_P3_network_speed2,P3,317149051,200,False,PD_classic,9.0,5.0,1.0,0.0,False,0.0,0.5,100,15,30,2.0,20000,0.7999999999999999,0.0,0.19999999999999998,0.0,0.0,0.0,0.0,0.34211704137144217,0.029318541996830427,1.7056609864195902,4.176363653944936,3.6822231204398665,15.0,49.02,10.475278083507952,1.0,False,True,7.153272700316907e-15,0,fragmented,1024,1510,2.94921875,25.344418377321603,0.002882911779081134,0.11735323838257146,0.020421221653079975,0.8730030530652949,0.9123504442224011,4.773869346733668,378
PM3_P3_network_speed2,P3,433399445,200,False,PD_classic,9.0,5.0,1.0,0.0,False,0.0,0.5,100,15,30,2.0,20000,0.7999999999999999,0.0,0.19999999999999998,0.0,0.0,0.0,0.0,0.36951134649224,0.03475238922675934,1.7751650064192062,4.215129921006313,3.7271369380888912,15.0,48.97,10.296433055973017,1.0,False,True,7.153272700316907e-15,0,fragmented,1024,1510,2.94921875,25.717996089931574,0.002882911779081134,0.13471860670552965,0.02095950205570321,0.8831577235609568,0.9243772359324363,4.581632653061225,378
PM3_P3_network_speed2,P3,2121129191,200,False,PD_classic,9.0,5.0,1.0,0.0,False,0.0,0.5,100,15,30,2.0,20000,0.7999999999999999,0.0,0.19999999999999998,0.0,0.0,0.0,0.0,0.32614474560492124,0.045276447540269917,2.001601408621343,4.141665925462127,3.7136530220939705,15.0,62.12,7.6977919348932815,1.0,False,True,7.153272700316907e-15,0,connected,1024,1908,3.7265625,22.59355816226784,0.0036427785923753664,0.11047973273294646,0.017992639075600707,0.8221613402700038,0.8859111727664817,5.42,0
PM3_P3_network_speed2,P3,686818433,200,False,PD_classic,9.0,5.0,1.0,0.0,False,0.0,0.5,100,15,30,2.0,20000,0.7999999999999999,0.0,0.19999999999999998,0.0,0.0,0.0,0.0,0.34617193400608853,0.04971652856519843,2.091822766055296,4.1840808360236315,3.7656292220299634,15.0,61.18,7.486690358575259,1.0,False,True,7.153272700316907e-15,0,connected,1024,1908,3.7265625,22.68184750733138,0.0036427785923753664,0.09964303509625747,0.018069511990485933,0.8222482235315816,0.8858606322868182,5.53,0
PM3_P3_network_speed2,P3,744720527,200,False,PD_classic,9.0,5.0,1.0,0.0,False,0.0,0.5,100,15,30,2.0,20000,0.7999999999999999,0.0,0.19999999999999998,0.0,0.0,0.0,0.0,0.32964718221453804,0.047357293868921777,2.0493861080779743,4.1615587848019295,3.7391242494571384,15.0,62.06,7.836917313729948,1.0,False,True,7.153272700316907e-15,0,connected,1024,1908,3.7265625,22.703020527859238,0.0036427785923753664,0.12093742773809137,0.01794714488128238,0.8278566795470556,0.8868945302954874,5.49748743718593,0
PM3_P3_network_speed2,P3,381425458,200,False,PD_classic,9.0,5.0,1.0,0.0,False,0.0,0.5,100,15,30,2.0,20000,0.7999999999999999,0.0,0.19999999999999998,0.0,0.0,0.0,0.0,0.34881547773402044,0.05312084993359894,2.00049242300017,4.177784585186915,3.7423261527495657,15.0,58.98,7.846350472046239,1.0,False,True,7.153272700316907e-15,0,connected,1024,1908,3.7265625,22.678748778103618,0.0036427785923753664,0.13822503935242955,0.018021477160341432,0.8279990037814191,0.8806402129388765,5.24,0
PM3_P3_network_speed2,P3,1620985466,200,False,PD_classic,9.0,5.0,1.0,0.0,False,0.0,0.5,100,15,30,2.0,20000,0.7999999999999999,0.0,0.19999999999999998,0.0,0.0,0.0,0.0,0.32474458993612176,0.05736040609137056,2.0507566352590194,4.184372062584376,3.757648977119304,15.0,60.18,7.5672786416750855,1.0,False,True,7.153272700316907e-15,0,connected,1024,1908,3.7265625,22.67199413489736,0.0036427785923753664,0.12368217976172854,0.0179617143068763,0.8149813705292903,0.8764388775341653,4.97979797979798,0
PM3_P3_network_speed2,P3,1669164794,200,False,PD_classic,9.0,5.0,1.0,0.0,False,0.0,0.5,100,15,30,2.0,20000,0.7999999999999999,0.0,0.19999999999999998,0.0,0.0,0.0,0.0,0.3352613737957016,0.046325167037861915,2.057843873202413,4.1758905606185195,3.7522812231352995,15.0,59.49,7.699382694573046,1.0,False,True,7.153272700316907e-15,0,connected,1024,1908,3.7265625,22.803567937438906,0.0036427785923753664,0.10968823393764451,0.01816697713236461,0.8284470919272026,0.8870421136116862,5.04,0
PM3_P3_network_speed2,P3,798359651,200,False,PD_classic,9.0,5.0,1.0,0.0,False,0.0,0.5,100,15,30,2.0,20000,0.7999999999999999,0.0,0.19999999999999998,0.0,0.0,0.0,0.0,0.3100535671390491,0.04579480405107882,1.9650337025109816,4.141660953158931,3.706335503029342,15.0,58.51,7.989785257626518,1.0,False,True,7.153272700316907e-15,0,connected,1024,1908,3.7265625,22.631104594330402,0.0036427785923753664,0.11857835447202564,0.018059028131474114,0.8309927244160742,0.8862643457697171,5.434343434343434,0
PM3_P3_network_speed2,P3,126337246,200,False,PD_classic,9.0,5.0,1.0,0.0,False,0.0,0.5,100,15,30,2.0,20000,0.7999999999999999,0.0,0.19999999999999998,0.0,0.0,0.0,0.0,0.29972851978711806,0.05201560468140442,2.0353919701142638,4.155081551614699,3.731143635314613,15.0,60.23,7.565448382234106,1.0,False,True,7.153272700316907e-15,0,connected,1024,1908,3.7265625,22.548924731182797,0.0036427785923753664,0.16618649848249925,0.01789874390068063,0.8192842226545771,0.8816427907442971,5.507537688442211,0
PM3_P3_network_speed2,P3,317149051,200,False,PD_classic,9.0,5.0,1.0,0.0,False,0.0,0.5,100,15,30,2.0,20000,0.7999999999999999,0.0,0.19999999999999998,0.0,0.0,0.0,0.0,0.34949141497621083,0.04868421052631579,2.0282234962317527,4.144593383799591,3.7213194062860233,15.0,61.1,7.692521922876538,1.0,False,True,7.153272700316907e-15,0,connected,1024,1908,3.7265625,22.740224828934505,0.0036427785923753664,0.1081279941882244,0.01813791674198908,0.820256063873829,0.8756885916873223,5.242424242424242,0
PM3_P3_network_speed2,P3,433399445,200,False,PD_classic,9.0,5.0,1.0,0.0,False,0.0,0.5,100,15,30,2.0,20000,0.7999999999999999,0.0,0.19999999999999998,0.0,0.0,0.0,0.0,0.32443566179725647,0.056962025316455694,2.0262581592059274,4.1681049018825425,3.73973555334722,15.0,60.21,7.739687479525027,1.0,False,True,7.153272700316907e-15,0,connected,1024,1908,3.7265625,22.742160312805474,0.0036427785923753664,0.12431349120426402,0.018135708630557842,0.8232195640035854,0.876823278123192,5.28,0
PM3_P3_network_speed2,P3,2121129191,200,False,PD_classic,9.0,5.0,1.0,0.0,False,0.0,0.5,100,50,30,2.0,20000,0.7999999999999999,0.0,0.19999999999999998,0.0,0.0,0.0,0.0,0.32893378049036437,0.03563056727613689,1.8784700138309076,4.162649838794792,3.705813873802014,48.97,59.79,7.607308421874097,0.79,False,True,7.153272700316907e-15,0,baseline,1024,1888,3.6875,23.17564027370479,0.003604594330400782,0.10896384010298515,0.01845320591177862,0.8828938819240696,0.8909339839111361,4.914572864321608,0
PM3_P3_network_speed2,P3,686818433,200,False,PD_classic,9.0,5.0,1.0,0.0,False,0.0,0.5,100,50,30,2.0,20000,0.7999999999999999,0.0,0.19999999999999998,0.0,0.0,0.0,0.0,0.3432671073712203,0.03271028037383177,1.849135404386199,4.18350882504686,3.7166341409147297,48.985,58.12,7.9571889332514845,0.805,False,True,7.153272700316907e-15,0,baseline,1024,1888,3.6875,23.17564027370479,0.003604594330400782,0.10896384010298515,0.01845320591177862,0.8749506045574809,0.88096038299388,4.959595959595959,0
PM3_P3_network_speed2,P3,744720527,200,False,PD_classic,9.0,5.0,1.0,0.0,False,0.0,0.5,100,50,30,2.0,20000,0.7999999999999999,0.0,0.19999999999999998,0.0,0.0,0.0,0.0,0.29956599505785986,0.026710402999062792,1.8504810430125995,4.208431984343854,3.7368417960776026,48.95,59.69,7.675009932856031,0.815,False,True,7.153272700316907e-15,0,baseline,1024,1888,3.6875,23.17564027370479,0.003604594330400782,0.10896384010298515,0.01845320591177862,0.89366703670128,0.9002729235638575,4.95,0
PM3_P3_network_speed2,P3,381425458,200,False,PD_classic,9.0,5.0,1.0,0.0,False,0.0,0.5,100,50,30,2.0,20000,0.7999999999999999,0.0,0.19999999999999998,0.0,0.0,0.0,0.0,0.33427744073312327,0.03155555555555556,1.8488414385367893,4.130862580669639,3.67445835224307,49.07,59.82,7.639340066873482,0.825,False,True,7.153272700316907e-15,0,baseline,1024,1888,3.6875,23.17564027370479,0.003604594330400782,0.10896384010298515,0.01845320591177862,0.877545735497066,0.8871108335177108,5.04,0
PM3_P3_network_speed2,P3,1620985466,200,False,PD_classic,9.0,5.0,1.0,0.0,False,0.0,0.5,100,50,30,2.0,20000,0.7999999999999999,0.0,0.19999999999999998,0.0,0.0,0.0,0.0,0.3273083064451833,0.03640081799591002,1.842768043158739,4.219014792666946,3.743765442765303,49.25,60.31,7.75273901526763,0.845,False,True,7.153272700316907e-15,0,baseline,1024,1888,3.6875,23.17564027370479,0.003604594330400782,0.10896384010298515,0.01845320591177862,0.8786134771527765,0.8855764972351424,5.5353535353535355,0
PM3_P3_network_speed2,P3,1669164794,200,False,PD_classic,9.0,5.0,1.0,0.0,False,0.0,0.5,100,50,30,2.0,20000,0.7999999999999999,0.0,0.19999999999999998,0.0,0.0,0.0,0.0,0.3245665441377553,0.04151291512915129,1.897991431944133,4.187240360461501,3.7293905747580265,49.02,60.8,7.732397994770569,0.815,False,True,7.153272700316907e-15,0,baseline,1024,1888,3.6875,23.17564027370479,0.003604594330400782,0.10896384010298515,0.01845320591177862,0.8685826153670325,0.8792223090903118,5.155778894472362,0
PM3_P3_network_speed2,P3,798359651,200,False,PD_classic,9.0,5.0,1.0,0.0,False,0.0,0.5,100,50,30,2.0,20000,0.7999999999999999,0.0,0.19999999999999998,0.0,0.0,0.0,0.0,0.33306570938985713,0.040293040293040296,1.8453862689827225,4.173846395424867,3.7081543701364366,48.895,58.98,7.975829209149472,0.805,False,True,7.153272700316907e-15,0,baseline,1024,1888,3.6875,23.17564027370479,0.003604594330400782,0.10896384010298515,0.01845320591177862,0.8710982809408884,0.8828677283309379,5.256281407035176,0
PM3_P3_network_speed2,P3,126337246,200,False,PD_classic,9.0,5.0,1.0,0.0,False,0.0,0.5,100,50,30,2.0,20000,0.7999999999999999,0.0,0.19999999999999998,0.0,0.0,0.0,0.0,0.3673230246675437,0.03917995444191344,1.8931249627804483,4.139856966173389,3.6905105654948,49.26,60.84,7.557054129484097,0.855,False,True,7.153272700316907e-15,0,baseline,1024,1888,3.6875,23.17564027370479,0.003604594330400782,0.10896384010298515,0.01845320591177862,0.8701826922902492,0.8763475377711294,5.206030150753769,0
PM3_P3_network_speed2,P3,317149051,200,False,PD_classic,9.0,5.0,1.0,0.0,False,0.0,0.5,100,50,30,2.0,20000,0.7999999999999999,0.0,0.19999999999999998,0.0,0.0,0.0,0.0,0.3666729590318673,0.03723404255319149,1.8731190526469441,4.177913847292054,3.7169548883630315,49.245,59.16,7.631280732365219,0.83,False,True,7.153272700316907e-15,0,baseline,1024,1888,3.6875,23.17564027370479,0.003604594330400782,0.10896384010298515,0.01845320591177862,0.869567147794193,0.8780457058869127,5.29,0
PM3_P3_network_speed2,P3,433399445,200,False,PD_classic,9.0,5.0,1.0,0.0,False,0.0,0.5,100,50,30,2.0,20000,0.7999999999999999,0.0,0.19999999999999998,0.0,0.0,0.0,0.0,0.3383387981865307,0.03440670489633877,1.870743692936418,4.176074090889922,3.7150080112992208,49.42,61.69,7.392911666578775,0.885,False,True,7.153272700316907e-15,0,baseline,1024,1888,3.6875,23.17564027370479,0.003604594330400782,0.10896384010298515,0.01845320591177862,0.8678974065611255,0.8762422517029371,5.266331658291457,0
PM3_P3_network_speed2,P3,2121129191,200,False,PD_classic,9.0,5.0,1.0,0.0,False,0.0,0.5,100,50,30,2.0,20000,0.7999999999999999,0.0,0.19999999999999998,0.0,0.0,0.0,0.0,0.36580919163992265,0.02345819144911086,1.6291207600262088,4.1581984880882565,3.6523829424758443,45.165,48.46,10.86788487900463,0.45,False,True,7.153272700316907e-15,0,fragmented,1024,1510,2.94921875,25.72581622678397,0.002882911779081134,0.12811032933427496,0.020712430825958927,0.9164335248268465,0.9176101654036023,5.065989847715736,378
PM3_P3_network_speed2,P3,686818433,200,False,PD_classic,9.0,5.0,1.0,0.0,False,0.0,0.5,100,50,30,2.0,20000,0.7999999999999999,0.0,0.19999999999999998,0.0,0.0,0.0,0.0,0.3327992876285274,0.02426412092283214,1.67706046886413,4.213196957409566,3.7059696597004805,46.12,51.88,9.761693975055577,0.555,False,True,7.153272700316907e-15,0,fragmented,1024,1510,2.94921875,25.385171065493648,0.002882911779081134,0.14629755769191768,0.020550349468941385,0.9065251972341029,0.908802430902468,4.893401015228426,378
PM3_P3_network_speed2,P3,744720527,200,False,PD_classic,9.0,5.0,1.0,0.0,False,0.0,0.5,100,50,30,2.0,20000,0.7999999999999999,0.0,0.19999999999999998,0.0,0.0,0.0,0.0,0.34786968176847294,0.02244811520542143,1.6395897843670786,4.168163520994769,3.66244877366923,44.015,46.55,11.110212373742943,0.37,False,True,7.153272700316907e-15,0,fragmented,1024,1510,2.94921875,25.893880742913,0.002882911779081134,0.1399992169640479,0.021047901237534708,0.9116212431277215,0.9133631152012265,4.591836734693878,378
PM3_P3_network_speed2,P3,381425458,200,False,PD_classic,9.0,5.0,1.0,0.0,False,0.0,0.5,100,50,30,2.0,20000,0.7999999999999999,0.0,0.19999999999999998,0.0,0.0,0.0,0.0,0.3690838303841183,0.020283199387677,1.6976600358836609,4.226131619372085,3.7204373026744,44.7,48.35,10.343922040346845,0.43,False,True,7.153272700316907e-15,0,fragmented,1024,1510,2.94921875,25.210312805474096,0.002882911779081134,0.14113566741277134,0.020271512818912554,0.9125815616495239,0.9142615836752598,4.779487179487179,378
PM3_P3_network_speed2,P3,1620985466,200,False,PD_classic,9.0,5.0,1.0,0.0,False,0.0,0.5,100,50,30,2.0,20000,0.7999999999999999,0.0,0.19999999999999998,0.0,0.0,0.0,0.0,0.3652150421099515,0.02804878048780488,1.689725602256602,4.145472938518742,3.654323471266314,46.3,51.82,9.731167876594077,0.545,False,True,7.153272700316907e-15,0,fragmented,1024,1510,2.94921875,25.94117302052786,0.002882911779081134,0.1711051157051785,0.020626699311744757,0.9094662062551473,0.912343043599344,4.818181818181818,378
PM3_P3_network_speed2,P3,1669164794,200,False,PD_classic,9.0,5.0,1.0,0.0,False,0.0,0.5,100,50,30,2.0,20000,0.7999999999999999,0.0,0.19999999999999998,0.0,0.0,0.0,0.0,0.35600086674871056,0.0275190516511431,1.6760759766069022,4.171080012963004,3.672079205691785,46.06,50.14,10.141074361859877,0.52,False,True,7.153272700316907e-15,0,fragmented,1024,1510,2.94921875,25.596852394916912,0.002882911779081134,0.11571036413234588,0.020411774597658947,0.906534130459923,0.9116783675100111,5.040404040404041,378
PM3_P3_network_speed2,P3,798359651,200,False,PD_classic,9.0,5.0,1.0,0.0,False,0.0,0.5,100,50,30,2.0,20000,0.7999999999999999,0.0,0.19999999999999998,0.0,0.0,0.0,0.0,0.3404685175274961,0.022956101490132903,1.647171379628947,4.165716924577259,3.6620078155875975,45.285,49.23,10.507800498524084,0.45,False,True,7.153272700316907e-15,0,fragmented,1024,1510,2.94921875,25.36996089931574,0.002882911779081134,0.14280181479220427,0.020576710433751727,0.9020760502952322,0.9031936885733244,5.279187817258883,378
PM3_P3_network_speed2,P3,126337246,200,False,PD_classic,9.0,5.0,1.0,0.0,False,0.0,0.5,100,50,30,2.0,20000,0.7999999999999999,0.0,0.19999999999999998,0.0,0.0,0.0,0.0,0.36521577981246384,0.02187853640135798,1.6141414007938424,4.204410836099438,3.686356949038317,45.7,47.62,10.559927986765496,0.33,False,True,7.153272700316907e-15,0,fragmented,1024,1510,2.94921875,25.502316715542523,0.002882911779081134,0.12188790889841442,0.02046492245740339,0.9127686880017203,0.9135109560040648,5.279187817258883,378
PM3_P3_network_speed2,P3,433399445,200,False,PD_classic,9.0,5.0,1.0,0.0,False,0.0,0.5,100,50,30,2.0,20000,0.7999999999999999,0.0,0.19999999999999998,0.0,0.0,0.0,0.0,0.3768611974610315,0.01998262380538662,1.6624667325155928,4.218477107236577,3.70727503229238,45.43,48.97,10.296433055973017,0.47,False,True,7.153272700316907e-15,0,fragmented,1024,1510,2.94921875,25.717996089931574,0.002882911779081134,0.13471860670552965,0.02095950205570321,0.9224508408310623,0.9243772359324363,4.581632653061225,378
PM3_P3_network_speed2,P3,317149051,200,False,PD_classic,9.0,5.0,1.0,0.0,False,0.0,0.5,100,50,30,2.0,20000,0.7999999999999999,0.0,0.19999999999999998,0.0,0.0,0.0,0.0,0.34517293943803473,0.023375594294770204,1.6051184374770018,4.179624300809384,3.6647231281429082,45.525,49.02,10.475278083507952,0.445,False,True,7.153272700316907e-15,0,fragmented,1024,1510,2.94921875,25.344418377321603,0.002882911779081134,0.11735323838257146,0.020421221653079975,0.9104944590390164,0.9123504442224011,4.773869346733668,378
PM3_P3_network_speed2,P3,2121129191,200,False,PD_classic,9.0,5.0,1.0,0.0,False,0.0,0.5,100,50,30,2.0,20000,0.7999999999999999,0.0,0.19999999999999998,0.0,0.0,0.0,0.0,0.33302184923651346,0.03134523291249456,1.8436615014309325,4.1466905268238206,3.686084721745243,49.01,62.12,7.6977919348932815,0.83,False,True,7.153272700316907e-15,0,connected,1024,1908,3.7265625,22.59355816226784,0.0036427785923753664,0.11047973273294646,0.017992639075600707,0.8691350745757673,0.8859111727664817,5.42,0
PM3_P3_network_speed2,P3,686818433,200,False,PD_classic,9.0,5.0,1.0,0.0,False,0.0,0.5,100,50,30,2.0,20000,0.7999999999999999,0.0,0.19999999999999998,0.0,0.0,0.0,0.0,0.3535971101667793,0.03532490187527257,1.9261924269784225,4.189030939696257,3.736463237152689,49.265,61.18,7.486690358575259,0.835,False,True,7.153272700316907e-15,0,connected,1024,1908,3.7265625,22.68184750733138,0.0036427785923753664,0.09964303509625747,0.018069511990485933,0.8774540154752988,0.8858606322868182,5.53,0
PM3_P3_network_speed2,P3,744720527,200,False,PD_classic,9.0,5.0,1.0,0.0,False,0.0,0.5,100,50,30,2.0,20000,0.7999999999999999,0.0,0.19999999999999998,0.0,0.0,0.0,0.0,0.33616419873655673,0.034249471458773786,1.875539735581647,4.1668061394293145,3.7085528586597816,48.4,62.06,7.836917313729948,0.765,False,True,7.153272700316907e-15,0,connected,1024,1908,3.7265625,22.703020527859238,0.0036427785923753664,0.12093742773809137,0.01794714488128238,0.8798636119808345,0.8868945302954874,5.49748743718593,0
PM3_P3_network_speed2,P3,381425458,200,False,PD_classic,9.0,5.0,1.0,0.0,False,0.0,0.5,100,50,30,2.0,20000,0.7999999999999999,0.0,0.19999999999999998,0.0,0.0,0.0,0.0,0.35622517977239226,0.03851261620185923,1.834347337265429,4.18294829521658,3.7132281036263475,48.93,58.98,7.846350472046239,0.765,False,True,7.153272700316907e-15,0,connected,1024,1908,3.7265625,22.678748778103618,0.0036427785923753664,0.13822503935242955,0.018021477160341432,0.8751500353606283,0.8806402129388765,5.24,0
PM3_P3_network_speed2,P3,1620985466,200,False,PD_classic,9.0,5.0,1.0,0.0,False,0.0,0.5,100,50,30,2.0,20000,0.7999999999999999,0.0,0.19999999999999998,0.0,0.0,0.0,0.0,0.3342378172437864,0.03857868020304569,1.9003674418539849,4.18904364613582,3.7313084052794543,49.0,60.18,7.5672786416750855,0.815,False,True,7.153272700316907e-15,0,connected,1024,1908,3.7265625,22.67199413489736,0.0036427785923753664,0.12368217976172854,0.0179617143068763,0.8668164810436944,0.8764388775341653,4.97979797979798,0
PM3_P3_network_speed2,P3,1669164794,200,False,PD_classic,9.0,5.0,1.0,0.0,False,0.0,0.5,100,50,30,2.0,20000,0.7999999999999999,0.0,0.19999999999999998,0.0,0.0,0.0,0.0,0.3409476146040849,0.03518930957683741,1.88205577203582,4.181276188540595,3.72143210523964,48.815,59.49,7.699382694573046,0.81,False,True,7.153272700316907e-15,0,connected,1024,1908,3.7265625,22.803567937438906,0.0036427785923753664,0.10968823393764451,0.01816697713236461,0.8793778566135673,0.8870421136116862,5.04,0
PM3_P3_network_speed2,P3,798359651,200,False,PD_classic,9.0,5.0,1.0,0.0,False,0.0,0.5,100,50,30,2.0,20000,0.7999999999999999,0.0,0.19999999999999998,0.0,0.0,0.0,0.0,0.31692471551587964,0.032144429766622636,1.7952594135247375,4.147056729146931,3.6766972660224937,48.775,58.51,7.989785257626518,0.79,False,True,7.153272700316907e-15,0,connected,1024,1908,3.7265625,22.631104594330402,0.0036427785923753664,0.11857835447202564,0.018059028131474114,0.8787383240843765,0.8862643457697171,5.434343434343434,0
PM3_P3_network_speed2,P3,126337246,200,False,PD_classic,9.0,5.0,1.0,0.0,False,0.0,0.5,100,50,30,2.0,20000,0.7999999999999999,0.0,0.19999999999999998,0.0,0.0,0.0,0.0,0.3091293669507668,0.03337667967056784,1.8729140314480788,4.160167852176063,3.7027170880304676,49.345,60.23,7.565448382234106,0.845,False,True,7.153272700316907e-15,0,connected,1024,1908,3.7265625,22.548924731182797,0.0036427785923753664,0.16618649848249925,0.01789874390068063,0.8735233909621243,0.8816427907442971,5.507537688442211,0
PM3_P3_network_speed2,P3,317149051,200,False,PD_classic,9.0,5.0,1.0,0.0,False,0.0,0.5,100,50,30,2.0,20000,0.7999999999999999,0.0,0.19999999999999998,0.0,0.0,0.0,0.0,0.3552702580331509,0.03728070175438596,1.8659244637477896,4.149711760558838,3.692954301196628,49.11,61.1,7.692521922876538,0.825,False,True,7.153272700316907e-15,0,connected,1024,1908,3.7265625,22.740224828934505,0.0036427785923753664,0.1081279941882244,0.01813791674198908,0.8673813275011134,0.8756885916873223,5.242424242424242,0
PM3_P3_network_speed2,P3,433399445,200,False,PD_classic,9.0,5.0,1.0,0.0,False,0.0,0.5,100,50,30,2.0,20000,0.7999999999999999,0.0,0.19999999999999998,0.0,0.0,0.0,0.0,0.3326135047515565,0.04040895813047712,1.8720768664574796,4.172925469114702,3.712755748583258,49.31,60.21,7.739687479525027,0.84,False,True,7.153272700316907e-15,0,connected,1024,1908,3.7265625,22.742160312805474,0.0036427785923753664,0.12431349120426402,0.018135708630557842,0.8669759073131332,0.876823278123192,5.28,0
PM3_P3_network_speed2,P3,2121129191,200,False,PD_classic,9.0,5.0,1.0,0.0,False,0.0,0.5,100,150,30,2.0,20000,0.7999999999999999,0.0,0.19999999999999998,0.0,0.0,0.0,0.0,0.330676121868205,0.03234880450070324,1.8644711202874484,4.163066414032478,3.703347355283472,59.79,59.79,7.607308421874097,0.0,False,True,7.153272700316907e-15,0,baseline,1024,1888,3.6875,23.17564027370479,0.003604594330400782,0.10896384010298515,0.01845320591177862,0.8909339839111361,0.8909339839111361,4.914572864321608,0
PM3_P3_network_speed2,P3,686818433,200,False,PD_classic,9.0,5.0,1.0,0.0,False,0.0,0.5,100,150,30,2.0,20000,0.7999999999999999,0.0,0.19999999999999998,0.0,0.0,0.0,0.0,0.3438922332263158,0.03130841121495327,1.8422888580027872,4.183713849280748,3.7154288510251567,58.12,58.12,7.9571889332514845,0.0,False,True,7.153272700316907e-15,0,baseline,1024,1888,3.6875,23.17564027370479,0.003604594330400782,0.10896384010298515,0.01845320591177862,0.88096038299388,0.88096038299388,4.959595959595959,0
PM3_P3_network_speed2,P3,744720527,200,False,PD_classic,9.0,5.0,1.0,0.0,False,0.0,0.5,100,150,30,2.0,20000,0.7999999999999999,0.0,0.19999999999999998,0.0,0.0,0.0,0.0,0.3004661283115091,0.02483598875351453,1.8415791995736994,4.208695189366754,3.735271991408143,59.69,59.69,7.675009932856031,0.0,False,True,7.153272700316907e-15,0,baseline,1024,1888,3.6875,23.17564027370479,0.003604594330400782,0.10896384010298515,0.01845320591177862,0.9002729235638575,0.9002729235638575,4.95,0
PM3_P3_network_speed2,P3,381425458,200,False,PD_classic,9.0,5.0,1.0,0.0,False,0.0,0.5,100,150,30,2.0,20000,0.7999999999999999,0.0,0.19999999999999998,0.0,0.0,0.0,0.0,0.3352873764488215,0.029333333333333333,1.8401597505238574,4.13112503999141,3.6729319820979005,59.82,59.82,7.639340066873482,0.0,False,True,7.153272700316907e-15,0,baseline,1024,1888,3.6875,23.17564027370479,0.003604594330400782,0.10896384010298515,0.01845320591177862,0.8871108335177108,0.8871108335177108,5.04,0
PM3_P3_network_speed2,P3,1620985466,200,False,PD_classic,9.0,5.0,1.0,0.0,False,0.0,0.5,100,150,30,2.0,20000,0.7999999999999999,0.0,0.19999999999999998,0.0,0.0,0.0,0.0,0.32844442174114763,0.0343558282208589,1.8337050631198468,4.219282457839268,3.742166978895383,60.31,60.31,7.75273901526763,0.0,False,True,7.153272700316907e-15,0,baseline,1024,1888,3.6875,23.17564027370479,0.003604594330400782,0.10896384010298515,0.01845320591177862,0.8855764972351424,0.8855764972351424,5.5353535353535355,0
PM3_P3_network_speed2,P3,1669164794,200,False,PD_classic,9.0,5.0,1.0,0.0,False,0.0,0.5,100,150,30,2.0,20000,0.7999999999999999,0.0,0.19999999999999998,0.0,0.0,0.0,0.0,0.32613773756816067,0.038284132841328415,1.8870424942342339,4.187563212605689,3.7274590689313976,60.8,60.8,7.732397994770569,0.0,False,True,7.153272700316907e-15,0,baseline,1024,1888,3.6875,23.17564027370479,0.003604594330400782,0.10896384010298515,0.01845320591177862,0.8792223090903118,0.8792223090903118,5.155778894472362,0
PM3_P3_network_speed2,P3,798359651,200,False,PD_classic,9.0,5.0,1.0,0.0,False,0.0,0.5,100,150,30,2.0,20000,0.7999999999999999,0.0,0.19999999999999998,0.0,0.0,0.0,0.0,0.33392718869401844,0.038461538461538464,1.8380377596431603,4.174047446443306,3.7068455090832746,58.98,58.98,7.975829209149472,0.0,False,True,7.153272700316907e-15,0,baseline,1024,1888,3.6875,23.17564027370479,0.003604594330400782,0.10896384010298515,0.01845320591177862,0.8828677283309379,0.8828677283309379,5.256281407035176,0
PM3_P3_network_speed2,P3,126337246,200,False,PD_classic,9.0,5.0,1.0,0.0,False,0.0,0.5,100,150,30,2.0,20000,0.7999999999999999,0.0,0.19999999999999998,0.0,0.0,0.0,0.0,0.36920335707143903,0.03553530751708428,1.8784623703681405,4.140288003068903,3.687922876528749,60.84,60.84,7.557054129484097,0.0,False,True,7.153272700316907e-15,0,baseline,1024,1888,3.6875,23.17564027370479,0.003604594330400782,0.10896384010298515,0.01845320591177862,0.8763475377711294,0.8763475377711294,5.206030150753769,0
PM3_P3_network_speed2,P3,317149051,200,False,PD_classic,9.0,5.0,1.0,0.0,False,0.0,0.5,100,150,30,2.0,20000,0.7999999999999999,0.0,0.19999999999999998,0.0,0.0,0.0,0.0,0.36776607451580445,0.0350177304964539,1.8628641039149219,4.1781986158997295,3.7151317135027675,59.16,59.16,7.631280732365219,0.0,False,True,7.153272700316907e-15,0,baseline,1024,1888,3.6875,23.17564027370479,0.003604594330400782,0.10896384010298515,0.01845320591177862,0.8780457058869127,0.8780457058869127,5.29,0
PM3_P3_network_speed2,P3,433399445,200,False,PD_classic,9.0,5.0,1.0,0.0,False,0.0,0.5,100,150,30,2.0,20000,0.7999999999999999,0.0,0.19999999999999998,0.0,0.0,0.0,0.0,0.3392729824227969,0.032642258491398325,1.8607436971737974,4.176391737246295,3.713262129231795,61.69,61.69,7.392911666578775,0.0,False,True,7.153272700316907e-15,0,baseline,1024,1888,3.6875,23.17564027370479,0.003604594330400782,0.10896384010298515,0.01845320591177862,0.8762422517029371,0.8762422517029371,5.266331658291457,0
PM3_P3_network_speed2,P3,2121129191,200,False,PD_classic,9.0,5.0,1.0,0.0,False,0.0,0.5,100,150,30,2.0,20000,0.7999999999999999,0.0,0.19999999999999998,0.0,0.0,0.0,0.0,0.3661868158078693,0.022701475595913734,1.6271899325948156,4.15825722736267,3.6520437684090967,48.46,48.46,10.86788487900463,0.0,False,True,7.153272700316907e-15,0,fragmented,1024,1510,2.94921875,25.72581622678397,0.002882911779081134,0.12811032933427496,0.020712430825958927,0.9176101654036023,0.9176101654036023,5.065989847715736,378
PM3_P3_network_speed2,P3,686818433,200,False,PD_classic,9.0,5.0,1.0,0.0,False,0.0,0.5,100,150,30,2.0,20000,0.7999999999999999,0.0,0.19999999999999998,0.0,0.0,0.0,0.0,0.33298796687381044,0.02386634844868735,1.6760199986000857,4.213227338806623,3.7057858707653177,51.88,51.88,9.761693975055577,0.0,False,True,7.153272700316907e-15,0,fragmented,1024,1510,2.94921875,25.385171065493648,0.002882911779081134,0.14629755769191768,0.020550349468941385,0.908802430902468,0.908802430902468,4.893401015228426,378
PM3_P3_network_speed2,P3,744720527,200,False,PD_classic,9.0,5.0,1.0,0.0,False,0.0,0.5,100,150,30,2.0,20000,0.7999999999999999,0.0,0.19999999999999998,0.0,0.0,0.0,0.0,0.34786968176847294,0.02244811520542143,1.6392187268531642,4.168173457401763,3.662382511292042,46.55,46.55,11.110212373742943,0.0,False,True,7.153272700316907e-15,0,fragmented,1024,1510,2.94921875,25.893880742913,0.002882911779081134,0.1399992169640479,0.021047901237534708,0.9133631152012265,0.9133631152012265,4.591836734693878,378
PM3_P3_network_speed2,P3,381425458,200,False,PD_classic,9.0,5.0,1.0,0.0,False,0.0,0.5,100,150,30,2.0,20000,0.7999999999999999,0.0,0.19999999999999998,0.0,0.0,0.0,0.0,0.3692592689806095,0.01990049751243781,1.696133991769264,4.226180657628033,3.7201713244562797,48.35,48.35,10.343922040346845,0.0,False,True,7.153272700316907e-15,0,fragmented,1024,1510,2.94921875,25.210312805474096,0.002882911779081134,0.14113566741277134,0.020271512818912554,0.9142615836752598,0.9142615836752598,4.779487179487179,378
PM3_P3_network_speed2,P3,1620985466,200,False,PD_classic,9.0,5.0,1.0,0.0,False,0.0,0.5,100,150,30,2.0,20000,0.7999999999999999,0.0,0.19999999999999998,0.0,0.0,0.0,0.0,0.36538282734485084,0.027642276422764227,1.6866130862610709,4.145561153809764,3.6537715403000246,51.82,51.82,9.731167876594077,0.0,False,True,7.153272700316907e-15,0,fragmented,1024,1510,2.94921875,25.94117302052786,0.002882911779081134,0.1711051157051785,0.020626699311744757,0.912343043599344,0.912343043599344,4.818181818181818,378
PM3_P3_network_speed2,P3,1669164794,200,False,PD_classic,9.0,5.0,1.0,0.0,False,0.0,0.5,100,150,30,2.0,20000,0.7999999999999999,0.0,0.19999999999999998,0.0,0.0,0.0,0.0,0.3571568499683641,0.02497883149872989,1.6735258075617112,4.171159266733595,3.6716325748992173,50.14,50.14,10.141074361859877,0.0,False,True,7.153272700316907e-15,0,fragmented,1024,1510,2.94921875,25.596852394916912,0.002882911779081134,0.11571036413234588,0.020411774597658947,0.9116783675100111,0.9116783675100111,5.040404040404041,378
PM3_P3_network_speed2,P3,798359651,200,False,PD_classic,9.0,5.0,1.0,0.0,False,0.0,0.5,100,150,30,2.0,20000,0.7999999999999999,0.0,0.19999999999999998,0.0,0.0,0.0,0.0,0.3404685175274961,0.022956101490132903,1.6467116095140044,4.165726308961644,3.661923369072117,49.23,49.23,10.507800498524084,0.0,False,True,7.153272700316907e-15,0,fragmented,1024,1510,2.94921875,25.36996089931574,0.002882911779081134,0.14280181479220427,0.020576710433751727,0.9031936885733244,0.9031936885733244,5.279187817258883,378
PM3_P3_network_speed2,P3,126337246,200,False,PD_classic,9.0,5.0,1.0,0.0,False,0.0,0.5,100,150,30,2.0,20000,0.7999999999999999,0.0,0.19999999999999998,0.0,0.0,0.0,0.0,0.365390604987289,0.02150132025650698,1.612090149121938,4.204470074510378,3.6859940894326884,47.62,47.62,10.559927986765496,0.0,False,True,7.153272700316907e-15,0,fragmented,1024,1510,2.94921875,25.502316715542523,0.002882911779081134,0.12188790889841442,0.02046492245740339,0.9135109560040648,0.9135109560040648,5.279187817258883,378
PM3_P3_network_speed2,P3,317149051,200,False,PD_classic,9.0,5.0,1.0,0.0,False,0.0,0.5,100,150,30,2.0,20000,0.7999999999999999,0.0,0.19999999999999998,0.0,0.0,0.0,0.0,0.3454320067955477,0.022979397781299524,1.604635345689562,4.179635983052374,3.664635855579813,49.02,49.02,10.475278083507952,0.0,False,True,7.153272700316907e-15,0,fragmented,1024,1510,2.94921875,25.344418377321603,0.002882911779081134,0.11735323838257146,0.020421221653079975,0.9123504442224011,0.9123504442224011,4.773869346733668,378
PM3_P3_network_speed2,P3,433399445,200,False,PD_classic,9.0,5.0,1.0,0.0,False,0.0,0.5,100,150,30,2.0,20000,0.7999999999999999,0.0,0.19999999999999998,0.0,0.0,0.0,0.0,0.3768611974610315,0.01998262380538662,1.6612661386773846,4.218512384405179,3.707063135259621,48.97,48.97,10.296433055973017,0.0,False,True,7.153272700316907e-15,0,fragmented,1024,1510,2.94921875,25.717996089931574,0.002882911779081134,0.13471860670552965,0.02095950205570321,0.9243772359324363,0.9243772359324363,4.581632653061225,378
PM3_P3_network_speed2,P3,2121129191,200,False,PD_classic,9.0,5.0,1.0,0.0,False,0.0,0.5,100,150,30,2.0,20000,0.7999999999999999,0.0,0.19999999999999998,0.0,0.0,0.0,0.0,0.33447524489526886,0.028297779712668697,1.828453600723902,4.147144132512521,3.683406026154798,62.12,62.12,7.6977919348932815,0.0,False,True,7.153272700316907e-15,0,connected,1024,1908,3.7265625,22.59355816226784,0.0036427785923753664,0.11047973273294646,0.017992639075600707,0.8859111727664817,0.8859111727664817,5.42,0
PM3_P3_network_speed2,P3,686818433,200,False,PD_classic,9.0,5.0,1.0,0.0,False,0.0,0.5,100,150,30,2.0,20000,0.7999999999999999,0.0,0.19999999999999998,0.0,0.0,0.0,0.0,0.3550322014266775,0.03270824247710423,1.9127997195178,4.189402758980613,3.734082151088051,61.18,61.18,7.486690358575259,0.0,False,True,7.153272700316907e-15,0,connected,1024,1908,3.7265625,22.68184750733138,0.0036427785923753664,0.09964303509625747,0.018069511990485933,0.8858606322868182,0.8858606322868182,5.53,0
PM3_P3_network_speed2,P3,744720527,200,False,PD_classic,9.0,5.0,1.0,0.0,False,0.0,0.5,100,150,30,2.0,20000,0.7999999999999999,0.0,0.19999999999999998,0.0,0.0,0.0,0.0,0.3379541345000371,0.030866807610993658,1.8605190419761253,4.167259572083157,3.7059114660617523,62.06,62.06,7.836917313729948,0.0,False,True,7.153272700316907e-15,0,connected,1024,1908,3.7265625,22.703020527859238,0.0036427785923753664,0.12093742773809137,0.01794714488128238,0.8868945302954874,0.8868945302954874,5.49748743718593,0
PM3_P3_network_speed2,P3,381425458,200,False,PD_classic,9.0,5.0,1.0,0.0,False,0.0,0.5,100,150,30,2.0,20000,0.7999999999999999,0.0,0.19999999999999998,0.0,0.0,0.0,0.0,0.3569037472755979,0.03718459495351926,1.824446725121251,4.183247813452411,3.7114875957861786,58.98,58.98,7.846350472046239,0.0,False,True,7.153272700316907e-15,0,connected,1024,1908,3.7265625,22.678748778103618,0.0036427785923753664,0.13822503935242955,0.018021477160341432,0.8806402129388765,0.8806402129388765,5.24,0
PM3_P3_network_speed2,P3,1620985466,200,False,PD_classic,9.0,5.0,1.0,0.0,False,0.0,0.5,100,150,30,2.0,20000,0.7999999999999999,0.0,0.19999999999999998,0.0,0.0,0.0,0.0,0.33634589013138544,0.03451776649746193,1.8910406968004492,4.189314682263914,3.7296598851712215,60.18,60.18,7.5672786416750855,0.0,False,True,7.153272700316907e-15,0,connected,1024,1908,3.7265625,22.67199413489736,0.0036427785923753664,0.12368217976172854,0.0179617143068763,0.8764388775341653,0.8764388775341653,4.97979797979798,0
PM3_P3_network_speed2,P3,1669164794,200,False,PD_classic,9.0,5.0,1.0,0.0,False,0.0,0.5,100,150,30,2.0,20000,0.7999999999999999,0.0,0.19999999999999998,0.0,0.0,0.0,0.0,0.3420579174222826,0.03296213808463252,1.8736492142780659,4.1815175771808635,3.719943904600303,59.49,59.49,7.699382694573046,0.0,False,True,7.153272700316907e-15,0,connected,1024,1908,3.7265625,22.803567937438906,0.0036427785923753664,0.10968823393764451,0.01816697713236461,0.8870421136116862,0.8870421136116862,5.04,0
PM3_P3_network_speed2,P3,798359651,200,False,PD_classic,9.0,5.0,1.0,0.0,False,0.0,0.5,100,150,30,2.0,20000,0.7999999999999999,0.0,0.19999999999999998,0.0,0.0,0.0,0.0,0.3178766963296198,0.03038309114927345,1.7889054240228557,4.1472440341960475,3.675576312161412,58.51,58.51,7.989785257626518,0.0,False,True,7.153272700316907e-15,0,connected,1024,1908,3.7265625,22.631104594330402,0.0036427785923753664,0.11857835447202564,0.018059028131474114,0.8862643457697171,0.8862643457697171,5.434343434343434,0
PM3_P3_network_speed2,P3,126337246,200,False,PD_classic,9.0,5.0,1.0,0.0,False,0.0,0.5,100,150,30,2.0,20000,0.7999999999999999,0.0,0.19999999999999998,0.0,0.0,0.0,0.0,0.3104991948477163,0.030775899436497615,1.8625619978417054,4.160470833922267,3.700889066706156,60.23,60.23,7.565448382234106,0.0,False,True,7.153272700316907e-15,0,connected,1024,1908,3.7265625,22.548924731182797,0.0036427785923753664,0.16618649848249925,0.01789874390068063,0.8816427907442971,0.8816427907442971,5.507537688442211,0
PM3_P3_network_speed2,P3,317149051,200,False,PD_classic,9.0,5.0,1.0,0.0,False,0.0,0.5,100,150,30,2.0,20000,0.7999999999999999,0.0,0.19999999999999998,0.0,0.0,0.0,0.0,0.3569594298543124,0.033771929824561404,1.8595522447551618,4.1498942357241555,3.6918258375303563,61.1,61.1,7.692521922876538,0.0,False,True,7.153272700316907e-15,0,connected,1024,1908,3.7265625,22.740224828934505,0.0036427785923753664,0.1081279941882244,0.01813791674198908,0.8756885916873223,0.8756885916873223,5.242424242424242,0
PM3_P3_network_speed2,P3,433399445,200,False,PD_classic,9.0,5.0,1.0,0.0,False,0.0,0.5,100,150,30,2.0,20000,0.7999999999999999,0.0,0.19999999999999998,0.0,0.0,0.0,0.0,0.33386553820997233,0.0379746835443038,1.8636417774822613,4.173173611098685,3.7112672443754007,60.21,60.21,7.739687479525027,0.0,False,True,7.153272700316907e-15,0,connected,1024,1908,3.7265625,22.742160312805474,0.0036427785923753664,0.12431349120426402,0.018135708630557842,0.876823278123192,0.876823278123192,5.28,0
PM4_heatmap_speed2,heatmap,2121129191,200,False,PD_classic,9.0,5.0,1.0,0.0,True,0.01,0.5,100,0,30,2.0,20000,0.006999999999999999,0.016500000000000004,0.9065,0.0045,0.025,0.018,0.0225,0.9711167983547048,0.05287569573283859,1.4860546673563433,0.0,1.4981979207256546,60.64,60.64,7.697820686890754,0.0,False,True,-0.004179417941801333,1147,baseline,1024,1888,3.6875,23.17564027370479,0.003604594330400782,0.10896384010298515,0.01845320591177862,0.8879296458136284,0.8879296458136284,5.306532663316583,0
PM4_heatmap_speed2,heatmap,2121129191,200,False,PD_classic,9.0,5.0,1.0,0.0,True,0.01,0.5,100,0,30,2.0,20000,0.030000000000000006,0.0015,0.8965,0.005999999999999999,0.048999999999999995,0.012999999999999998,0.004,0.9823224560120712,0.03228476821192053,1.453390508943312,1.5870537189690619,1.45939715679719,49.61,49.61,10.552679283023663,0.0,False,True,-0.0036063606360707597,1305,fragmented,1024,1510,2.94921875,25.72581622678397,0.002882911779081134,0.12811032933427496,0.020712430825958927,0.8987312901340146,0.8987312901340146,4.836734693877551,378
PM4_heatmap_speed2,heatmap,2121129191,200,False,PD_classic,9.0,5.0,1.0,0.0,True,0.01,0.5,100,0,30,2.0,20000,0.025999999999999995,0.006500000000000001,0.917,0.0335,0.009999999999999998,0.002,0.005,0.9805883406976366,0.03399311531841653,1.5115414248644985,1.596571184121503,1.513692486278427,59.56,59.56,7.645428040197349,0.0,False,True,-0.015043504350445774,1136,connected,1024,1908,3.7265625,22.59355816226784,0.0036427785923753664,0.11047973273294646,0.017992639075600707,0.8705201655317263,0.8705201655317263,5.517587939698492,0
