variant_name,seed,network_variant,col,row,total_games,share_repeat_remembered,share_repeat_ever,last_window_share_remembered,last_window_share_ever
PM4_heatmap_speed2,2121129191,baseline,0,0,13,0.9230769230769231,0.9230769230769231,-1.0,-1.0
PM4_heatmap_speed2,2121129191,baseline,3,0,27,0.9629629629629629,0.9629629629629629,1.0,1.0
PM4_heatmap_speed2,2121129191,baseline,4,0,12,1.0,1.0,-1.0,-1.0
PM4_heatmap_speed2,2121129191,baseline,5,0,3,1.0,1.0,-1.0,-1.0
PM4_heatmap_speed2,2121129191,baseline,6,0,2,1.0,1.0,-1.0,-1.0
PM4_heatmap_speed2,2121129191,baseline,7,0,20,0.9,0.9,1.0,1.0
PM4_heatmap_speed2,2121129191,baseline,8,0,61,0.9508196721311475,0.9508196721311475,-1.0,-1.0
PM4_heatmap_speed2,2121129191,baseline,9,0,45,0.8888888888888888,0.8888888888888888,-1.0,-1.0
PM4_heatmap_speed2,2121129191,baseline,10,0,34,0.9411764705882353,0.9411764705882353,-1.0,-1.0
PM4_heatmap_speed2,2121129191,baseline,11,0,29,1.0,1.0,-1.0,-1.0
PM4_heatmap_speed2,2121129191,baseline,12,0,26,0.9230769230769231,0.9230769230769231,-1.0,-1.0
PM4_heatmap_speed2,2121129191,baseline,13,0,38,0.9210526315789473,0.9210526315789473,-1.0,-1.0
PM4_heatmap_speed2,2121129191,baseline,14,0,24,0.9583333333333334,0.9583333333333334,-1.0,-1.0
PM4_heatmap_speed2,2121129191,baseline,15,0,28,1.0,1.0,-1.0,-1.0
PM4_heatmap_speed2,2121129191,baseline,16,0,22,0.9545454545454546,0.9545454545454546,-1.0,-1.0
PM4_heatmap_speed2,2121129191,baseline,17,0,14,0.9285714285714286,0.9285714285714286,-1.0,-1.0
PM4_heatmap_speed2,2121129191,baseline,18,0,10,1.0,1.0,-1.0,-1.0
PM4_heatmap_speed2,2121129191,baseline,19,0,7,1.0,1.0,-1.0,-1.0
PM4_heatmap_speed2,2121129191,baseline,21,0,25,1.0,1.0,-1.0,-1.0
PM4_heatmap_speed2,2121129191,baseline,22,0,28,0.8928571428571429,0.8928571428571429,-1.0,-1.0
PM4_heatmap_speed2,2121129191,baseline,23,0,14,0.9285714285714286,0.9285714285714286,-1.0,-1.0
PM4_heatmap_speed2,2121129191,baseline,24,0,26,0.7692307692307693,0.7692307692307693,-1.0,-1.0
PM4_heatmap_speed2,2121129191,baseline,25,0,58,0.9482758620689655,0.9482758620689655,-1.0,-1.0
PM4_heatmap_speed2,2121129191,baseline,26,0,54,0.9814814814814815,0.9814814814814815,-1.0,-1.0
PM4_heatmap_speed2,2121129191,baseline,27,0,31,1.0,1.0,-1.0,-1.0
PM4_heatmap_speed2,2121129191,baseline,29,0,32,0.96875,0.96875,-1.0,-1.0
PM4_heatmap_speed2,2121129191,baseline,30,0,56,0.8571428571428571,0.8571428571428571,-1.0,-1.0
PM4_heatmap_speed2,2121129191,baseline,31,0,57,0.9122807017543859,0.9122807017543859,1.0,1.0
PM4_heatmap_speed2,2121129191,baseline,32,0,34,0.8823529411764706,0.8823529411764706,-1.0,-1.0
PM4_heatmap_speed2,2121129191,baseline,33,0,18,0.9444444444444444,0.9444444444444444,-1.0,-1.0
PM4_heatmap_speed2,2121129191,baseline,34,0,26,0.9230769230769231,0.9230769230769231,0.8,0.8
PM4_heatmap_speed2,2121129191,baseline,35,0,31,0.9032258064516129,0.9032258064516129,0.6666666666666666,0.6666666666666666
PM4_heatmap_speed2,2121129191,baseline,36,0,31,0.967741935483871,0.967741935483871,-1.0,-1.0
PM4_heatmap_speed2,2121129191,baseline,37,0,19,0.8947368421052632,0.8947368421052632,-1.0,-1.0
PM4_heatmap_speed2,2121129191,baseline,38,0,44,0.8863636363636364,0.8863636363636364,1.0,1.0
PM4_heatmap_speed2,2121129191,baseline,39,0,38,0.868421052631579,0.868421052631579,1.0,1.0
PM4_heatmap_speed2,2121129191,baseline,40,0,38,0.9210526315789473,0.9210526315789473,0.9333333333333333,0.9333333333333333
PM4_heatmap_speed2,2121129191,baseline,41,0,45,0.8888888888888888,0.8888888888888888,0.875,0.875
PM4_heatmap_speed2,2121129191,baseline,42,0,43,0.9534883720930233,0.9534883720930233,-1.0,-1.0
PM4_heatmap_speed2,2121129191,baseline,43,0,34,0.9117647058823529,0.9117647058823529,-1.0,-1.0
PM4_heatmap_speed2,2121129191,baseline,44,0,93,0.9354838709677419,0.9354838709677419,-1.0,-1.0
PM4_heatmap_speed2,2121129191,baseline,46,0,36,1.0,1.0,1.0,1.0
PM4_heatmap_speed2,2121129191,baseline,47,0,87,1.0,1.0,1.0,1.0
PM4_heatmap_speed2,2121129191,baseline,48,0,73,0.9452054794520548,0.9452054794520548,0.9666666666666667,0.9666666666666667
PM4_heatmap_speed2,2121129191,baseline,49,0,32,0.96875,0.96875,1.0,1.0
PM4_heatmap_speed2,2121129191,baseline,0,1,35,0.9714285714285714,0.9714285714285714,-1.0,-1.0
PM4_heatmap_speed2,2121129191,baseline,2,1,23,0.9565217391304348,0.9565217391304348,1.0,1.0
PM4_heatmap_speed2,2121129191,baseline,3,1,33,0.9393939393939394,0.9393939393939394,1.0,1.0
PM4_heatmap_speed2,2121129191,baseline,5,1,7,1.0,1.0,1.0,1.0
PM4_heatmap_speed2,2121129191,baseline,6,1,1,1.0,1.0,-1.0,-1.0
PM4_heatmap_speed2,2121129191,baseline,7,1,36,1.0,1.0,1.0,1.0
PM4_heatmap_speed2,2121129191,baseline,8,1,42,0.9761904761904762,0.9761904761904762,-1.0,-1.0
PM4_heatmap_speed2,2121129191,baseline,9,1,21,0.8095238095238095,0.8095238095238095,-1.0,-1.0
PM4_heatmap_speed2,2121129191,baseline,11,1,11,0.9090909090909091,0.9090909090909091,0.5,0.5
PM4_heatmap_speed2,2121129191,baseline,13,1,3,1.0,1.0,-1.0,-1.0
PM4_heatmap_speed2,2121129191,baseline,14,1,9,1.0,1.0,-1.0,-1.0
PM4_heatmap_speed2,2121129191,baseline,16,1,19,0.8421052631578947,0.8421052631578947,-1.0,-1.0
PM4_heatmap_speed2,2121129191,baseline,17,1,23,0.7391304347826086,0.7391304347826086,-1.0,-1.0
PM4_heatmap_speed2,2121129191,baseline,19,1,11,0.9090909090909091,0.9090909090909091,-1.0,-1.0
PM4_heatmap_speed2,2121129191,baseline,21,1,22,1.0,1.0,-1.0,-1.0
PM4_heatmap_speed2,2121129191,baseline,22,1,15,0.9333333333333333,0.9333333333333333,-1.0,-1.0
PM4_heatmap_speed2,2121129191,baseline,24,1,31,0.9032258064516129,0.9032258064516129,-1.0,-1.0
PM4_heatmap_speed2,2121129191,baseline,25,1,14,1.0,1.0,-1.0,-1.0
PM4_heatmap_speed2,2121129191,baseline,26,1,134,0.9253731343283582,0.9253731343283582,-1.0,-1.0
PM4_heatmap_speed2,2121129191,baseline,27,1,101,0.9603960396039604,0.9603960396039604,-1.0,-1.0
PM4_heatmap_speed2,2121129191,baseline,30,1,83,0.7590361445783133,0.7590361445783133,-1.0,-1.0
PM4_heatmap_speed2,2121129191,baseline,32,1,58,0.9137931034482759,0.9137931034482759,1.0,1.0
PM4_heatmap_speed2,2121129191,baseline,33,1,21,0.8095238095238095,0.8095238095238095,-1.0,-1.0
PM4_heatmap_speed2,2121129191,baseline,35,1,16,0.9375,0.9375,-1.0,-1.0
PM4_heatmap_speed2,2121129191,baseline,36,1,24,0.8333333333333334,0.8333333333333334,-1.0,-1.0
PM4_heatmap_speed2,2121129191,baseline,37,1,7,1.0,1.0,1.0,1.0
PM4_heatmap_speed2,2121129191,baseline,38,1,34,0.8529411764705882,0.8529411764705882,1.0,1.0
PM4_heatmap_speed2,2121129191,baseline,39,1,26,0.9230769230769231,0.9230769230769231,0.0,0.0
PM4_heatmap_speed2,2121129191,baseline,41,1,47,0.8723404255319149,0.8723404255319149,0.6666666666666666,0.6666666666666666
PM4_heatmap_speed2,2121129191,baseline,43,1,31,0.9354838709677419,0.9354838709677419,-1.0,-1.0
PM4_heatmap_speed2,2121129191,baseline,44,1,97,0.9072164948453608,0.9072164948453608,-1.0,-1.0
PM4_heatmap_speed2,2121129191,baseline,45,1,49,0.9795918367346939,0.9795918367346939,-1.0,-1.0
PM4_heatmap_speed2,2121129191,baseline,47,1,88,0.9886363636363636,0.9886363636363636,0.9545454545454546,0.9545454545454546
PM4_heatmap_speed2,2121129191,baseline,49,1,54,0.9259259259259259,0.9259259259259259,1.0,1.0
PM4_heatmap_speed2,2121129191,baseline,0,2,19,1.0,1.0,-1.0,-1.0
PM4_heatmap_speed2,2121129191,baseline,1,2,6,1.0,1.0,-1.0,-1.0
PM4_heatmap_speed2,2121129191,baseline,2,2,12,0.9166666666666666,0.9166666666666666,1.0,1.0
PM4_heatmap_speed2,2121129191,baseline,3,2,22,0.9545454545454546,0.9545454545454546,1.0,1.0
PM4_heatmap_speed2,2121129191,baseline,4,2,18,0.9444444444444444,0.9444444444444444,1.0,1.0
PM4_heatmap_speed2,2121129191,baseline,5,2,36,0.9722222222222222,0.9722222222222222,1.0,1.0
PM4_heatmap_speed2,2121129191,baseline,6,2,51,0.9803921568627451,0.9803921568627451,1.0,1.0
PM4_heatmap_speed2,2121129191,baseline,7,2,30,0.8666666666666667,0.8666666666666667,1.0,1.0
PM4_heatmap_speed2,2121129191,baseline,8,2,41,0.8780487804878049,0.8780487804878049,1.0,1.0
PM4_heatmap_speed2,2121129191,baseline,9,2,43,0.9534883720930233,0.9534883720930233,-1.0,-1.0
PM4_heatmap_speed2,2121129191,baseline,10,2,36,0.8888888888888888,0.8888888888888888,-1.0,-1.0
PM4_heatmap_speed2,2121129191,baseline,11,2,52,0.75,0.75,0.5,0.5
PM4_heatmap_speed2,2121129191,baseline,12,2,22,0.8181818181818182,0.8181818181818182,-1.0,-1.0
PM4_heatmap_speed2,2121129191,baseline,13,2,17,0.8823529411764706,0.8823529411764706,-1.0,-1.0
PM4_heatmap_speed2,2121129191,baseline,14,2,14,0.9285714285714286,0.9285714285714286,-1.0,-1.0
PM4_heatmap_speed2,2121129191,baseline,15,2,9,0.8888888888888888,0.8888888888888888,-1.0,-1.0
PM4_heatmap_speed2,2121129191,baseline,16,2,35,0.8571428571428571,0.8571428571428571,-1.0,-1.0
PM4_heatmap_speed2,2121129191,baseline,17,2,42,0.8809523809523809,0.8809523809523809,-1.0,-1.0
PM4_heatmap_speed2,2121129191,baseline,18,2,26,0.9230769230769231,0.9230769230769231,-1.0,-1.0
PM4_heatmap_speed2,2121129191,baseline,19,2,31,0.8709677419354839,0.8709677419354839,-1.0,-1.0
PM4_heatmap_speed2,2121129191,baseline,20,2,14,0.6428571428571429,0.6428571428571429,-1.0,-1.0
PM4_heatmap_speed2,2121129191,baseline,21,2,70,0.9285714285714286,0.9285714285714286,0.0,0.0
PM4_heatmap_speed2,2121129191,baseline,22,2,82,0.9512195121951219,0.9512195121951219,0.8,0.8
PM4_heatmap_speed2,2121129191,baseline,23,2,25,0.88,0.88,-1.0,-1.0
PM4_heatmap_speed2,2121129191,baseline,24,2,67,0.8805970149253731,0.8805970149253731,-1.0,-1.0
PM4_heatmap_speed2,2121129191,baseline,25,2,51,0.9019607843137255,0.9019607843137255,-1.0,-1.0
PM4_heatmap_speed2,2121129191,baseline,26,2,39,0.8974358974358975,0.8974358974358975,-1.0,-1.0
PM4_heatmap_speed2,2121129191,baseline,27,2,16,0.8125,0.8125,-1.0,-1.0
PM4_heatmap_speed2,2121129191,baseline,28,2,73,0.863013698630137,0.863013698630137,-1.0,-1.0
PM4_heatmap_speed2,2121129191,baseline,29,2,53,0.9056603773584906,0.9056603773584906,-1.0,-1.0
PM4_heatmap_speed2,2121129191,baseline,30,2,134,0.8955223880597015,0.8955223880597015,-1.0,-1.0
PM4_heatmap_speed2,2121129191,baseline,31,2,48,0.9583333333333334,0.9583333333333334,1.0,1.0
PM4_heatmap_speed2,2121129191,baseline,32,2,54,0.9074074074074074,0.9074074074074074,1.0,1.0
PM4_heatmap_speed2,2121129191,baseline,33,2,53,0.8113207547169812,0.8113207547169812,-1.0,-1.0
PM4_heatmap_speed2,2121129191,baseline,34,2,28,0.8214285714285714,0.8214285714285714,0.5,0.5
PM4_heatmap_speed2,2121129191,baseline,35,2,23,0.5652173913043478,0.5652173913043478,0.5,0.5
PM4_heatmap_speed2,2121129191,baseline,36,2,17,0.8823529411764706,0.8823529411764706,-1.0,-1.0
PM4_heatmap_speed2,2121129191,baseline,37,2,50,0.84,0.84,1.0,1.0
PM4_heatmap_speed2,2121129191,baseline,39,2,11,0.9090909090909091,0.9090909090909091,-1.0,-1.0
PM4_heatmap_speed2,2121129191,baseline,40,2,51,0.8235294117647058,0.8235294117647058,0.5,0.5
PM4_heatmap_speed2,2121129191,baseline,41,2,87,0.8505747126436781,0.8505747126436781,0.6666666666666666,0.6666666666666666
PM4_heatmap_speed2,2121129191,baseline,42,2,42,0.9523809523809523,0.9523809523809523,-1.0,-1.0
PM4_heatmap_speed2,2121129191,baseline,43,2,112,0.9285714285714286,0.9285714285714286,-1.0,-1.0
PM4_heatmap_speed2,2121129191,baseline,44,2,140,0.9357142857142857,0.9357142857142857,1.0,1.0
PM4_heatmap_speed2,2121129191,baseline,45,2,71,0.9577464788732394,0.9577464788732394,-1.0,-1.0
PM4_heatmap_speed2,2121129191,baseline,46,2,22,0.9545454545454546,0.9545454545454546,-1.0,-1.0
PM4_heatmap_speed2,2121129191,baseline,47,2,90,0.9777777777777777,0.9777777777777777,1.0,1.0
PM4_heatmap_speed2,2121129191,baseline,48,2,42,0.9285714285714286,0.9285714285714286,0.8,0.8
PM4_heatmap_speed2,2121129191,baseline,49,2,64,0.953125,0.953125,0.9230769230769231,0.9230769230769231
PM4_heatmap_speed2,2121129191,baseline,0,3,34,0.9411764705882353,0.9411764705882353,-1.0,-1.0
PM4_heatmap_speed2,2121129191,baseline,1,3,9,0.8888888888888888,0.8888888888888888,-1.0,-1.0
PM4_heatmap_speed2,2121129191,baseline,2,3,6,0.5,0.5,-1.0,-1.0
PM4_heatmap_speed2,2121129191,baseline,5,3,38,0.9736842105263158,0.9736842105263158,1.0,1.0
PM4_heatmap_speed2,2121129191,baseline,6,3,37,0.918918918918919,0.918918918918919,1.0,1.0
PM4_heatmap_speed2,2121129191,baseline,7,3,53,0.8490566037735849,0.8490566037735849,0.7777777777777778,0.7777777777777778
PM4_heatmap_speed2,2121129191,baseline,8,3,39,0.9230769230769231,0.9230769230769231,1.0,1.0
PM4_heatmap_speed2,2121129191,baseline,9,3,24,0.9166666666666666,0.9166666666666666,-1.0,-1.0
PM4_heatmap_speed2,2121129191,baseline,10,3,79,0.8987341772151899,0.8987341772151899,-1.0,-1.0
PM4_heatmap_speed2,2121129191,baseline,11,3,46,0.8043478260869565,0.8043478260869565,-1.0,-1.0
PM4_heatmap_speed2,2121129191,baseline,12,3,19,0.8421052631578947,0.8421052631578947,-1.0,-1.0
PM4_heatmap_speed2,2121129191,baseline,13,3,7,0.7142857142857143,0.7142857142857143,-1.0,-1.0
PM4_heatmap_speed2,2121129191,baseline,14,3,3,0.6666666666666666,0.6666666666666666,-1.0,-1.0
PM4_heatmap_speed2,2121129191,baseline,16,3,16,0.8125,0.8125,-1.0,-1.0
PM4_heatmap_speed2,2121129191,baseline,17,3,4,0.75,0.75,-1.0,-1.0
PM4_heatmap_speed2,2121129191,baseline,19,3,8,0.875,0.875,-1.0,-1.0
PM4_heatmap_speed2,2121129191,baseline,21,3,98,0.9081632653061225,0.9081632653061225,1.0,1.0
PM4_heatmap_speed2,2121129191,baseline,22,3,71,0.8732394366197183,0.8732394366197183,1.0,1.0
PM4_heatmap_speed2,2121129191,baseline,23,3,29,0.8620689655172413,0.8620689655172413,1.0,1.0
PM4_heatmap_speed2,2121129191,baseline,24,3,36,0.8611111111111112,0.8611111111111112,0.6,0.6
PM4_heatmap_speed2,2121129191,baseline,25,3,85,0.8588235294117647,0.8588235294117647,1.0,1.0
PM4_heatmap_speed2,2121129191,baseline,26,3,24,0.875,0.875,1.0,1.0
PM4_heatmap_speed2,2121129191,baseline,27,3,14,1.0,1.0,1.0,1.0
PM4_heatmap_speed2,2121129191,baseline,28,3,120,0.8666666666666667,0.8666666666666667,-1.0,-1.0
PM4_heatmap_speed2,2121129191,baseline,29,3,20,0.9,0.9,-1.0,-1.0
PM4_heatmap_speed2,2121129191,baseline,30,3,66,0.8787878787878788,0.8787878787878788,-1.0,-1.0
PM4_heatmap_speed2,2121129191,baseline,31,3,95,0.8631578947368421,0.8631578947368421,-1.0,-1.0
PM4_heatmap_speed2,2121129191,baseline,32,3,42,0.8809523809523809,0.8809523809523809,-1.0,-1.0
PM4_heatmap_speed2,2121129191,baseline,33,3,38,0.8157894736842105,0.8157894736842105,1.0,1.0
PM4_heatmap_speed2,2121129191,baseline,34,3,43,0.8604651162790697,0.8604651162790697,1.0,1.0
PM4_heatmap_speed2,2121129191,baseline,35,3,9,0.8888888888888888,0.8888888888888888,-1.0,-1.0
PM4_heatmap_speed2,2121129191,baseline,36,3,24,0.875,0.875,-1.0,-1.0
PM4_heatmap_speed2,2121129191,baseline,39,3,37,0.918918918918919,0.918918918918919,-1.0,-1.0
PM4_heatmap_speed2,2121129191,baseline,40,3,16,1.0,1.0,-1.0,-1.0
PM4_heatmap_speed2,2121129191,baseline,41,3,28,0.8571428571428571,0.8571428571428571,1.0,1.0
PM4_heatmap_speed2,2121129191,baseline,42,3,53,0.9433962264150944,0.9433962264150944,1.0,1.0
PM4_heatmap_speed2,2121129191,baseline,43,3,90,0.9222222222222223,0.9222222222222223,1.0,1.0
PM4_heatmap_speed2,2121129191,baseline,44,3,322,0.9285714285714286,0.9285714285714286,1.0,1.0
PM4_heatmap_speed2,2121129191,baseline,45,3,58,0.9137931034482759,0.9137931034482759,-1.0,-1.0
PM4_heatmap_speed2,2121129191,baseline,46,3,5,1.0,1.0,-1.0,-1.0
PM4_heatmap_speed2,2121129191,baseline,47,3,75,0.9866666666666667,0.9866666666666667,1.0,1.0
PM4_heatmap_speed2,2121129191,baseline,48,3,35,0.9714285714285714,0.9714285714285714,0.6666666666666666,0.6666666666666666
PM4_heatmap_speed2,2121129191,baseline,49,3,20,1.0,1.0,1.0,1.0
PM4_heatmap_speed2,2121129191,baseline,0,4,56,0.9464285714285714,0.9464285714285714,-1.0,-1.0
PM4_heatmap_speed2,2121129191,baseline,3,4,2,1.0,1.0,-1.0,-1.0
PM4_heatmap_speed2,2121129191,baseline,5,4,16,1.0,1.0,1.0,1.0
PM4_heatmap_speed2,2121129191,baseline,6,4,14,0.8571428571428571,0.8571428571428571,1.0,1.0
PM4_heatmap_speed2,2121129191,baseline,7,4,8,0.875,0.875,-1.0,-1.0
PM4_heatmap_speed2,2121129191,baseline,8,4,28,0.7857142857142857,0.7857142857142857,1.0,1.0
PM4_heatmap_speed2,2121129191,baseline,9,4,3,0.6666666666666666,0.6666666666666666,-1.0,-1.0
PM4_heatmap_speed2,2121129191,baseline,10,4,24,0.9166666666666666,0.9166666666666666,-1.0,-1.0
PM4_heatmap_speed2,2121129191,baseline,11,4,25,0.8,0.8,-1.0,-1.0
PM4_heatmap_speed2,2121129191,baseline,14,4,4,0.5,0.5,-1.0,-1.0
PM4_heatmap_speed2,2121129191,baseline,15,4,3,0.3333333333333333,0.3333333333333333,-1.0,-1.0
PM4_heatmap_speed2,2121129191,baseline,16,4,38,0.8421052631578947,0.8421052631578947,-1.0,-1.0
PM4_heatmap_speed2,2121129191,baseline,17,4,28,0.7857142857142857,0.7857142857142857,-1.0,-1.0
PM4_heatmap_speed2,2121129191,baseline,18,4,20,0.9,0.9,-1.0,-1.0
PM4_heatmap_speed2,2121129191,baseline,19,4,14,0.7142857142857143,0.7142857142857143,-1.0,-1.0
PM4_heatmap_speed2,2121129191,baseline,20,4,27,0.8148148148148148,0.8148148148148148,1.0,1.0
PM4_heatmap_speed2,2121129191,baseline,21,4,79,0.9367088607594937,0.9367088607594937,1.0,1.0
PM4_heatmap_speed2,2121129191,baseline,22,4,34,0.7352941176470589,0.7352941176470589,0.7,0.7
PM4_heatmap_speed2,2121129191,baseline,25,4,30,0.8333333333333334,0.8333333333333334,1.0,1.0
PM4_heatmap_speed2,2121129191,baseline,27,4,14,0.8571428571428571,0.8571428571428571,0.5,0.5
PM4_heatmap_speed2,2121129191,baseline,28,4,56,0.9107142857142857,0.9107142857142857,-1.0,-1.0
PM4_heatmap_speed2,2121129191,baseline,29,4,33,0.9393939393939394,0.9393939393939394,-1.0,-1.0
PM4_heatmap_speed2,2121129191,baseline,30,4,180,0.8833333333333333,0.8833333333333333,-1.0,-1.0
PM4_heatmap_speed2,2121129191,baseline,31,4,107,0.8504672897196262,0.8504672897196262,1.0,1.0
PM4_heatmap_speed2,2121129191,baseline,32,4,59,0.847457627118644,0.847457627118644,-1.0,-1.0
PM4_heatmap_speed2,2121129191,baseline,33,4,83,0.8192771084337349,0.8192771084337349,1.0,1.0
PM4_heatmap_speed2,2121129191,baseline,34,4,15,0.8666666666666667,0.8666666666666667,1.0,1.0
PM4_heatmap_speed2,2121129191,baseline,35,4,30,0.8666666666666667,0.8666666666666667,-1.0,-1.0
PM4_heatmap_speed2,2121129191,baseline,36,4,16,0.875,0.875,-1.0,-1.0
PM4_heatmap_speed2,2121129191,baseline,38,4,26,1.0,1.0,-1.0,-1.0
PM4_heatmap_speed2,2121129191,baseline,39,4,47,0.9148936170212766,0.9148936170212766,-1.0,-1.0
PM4_heatmap_speed2,2121129191,baseline,40,4,59,0.864406779661017,0.864406779661017,-1.0,-1.0
PM4_heatmap_speed2,2121129191,baseline,41,4,75,0.92,0.92,-1.0,-1.0
PM4_heatmap_speed2,2121129191,baseline,42,4,13,1.0,1.0,-1.0,-1.0
PM4_heatmap_speed2,2121129191,baseline,43,4,33,0.9393939393939394,0.9393939393939394,1.0,1.0
PM4_heatmap_speed2,2121129191,baseline,44,4,75,0.9733333333333334,0.9733333333333334,-1.0,-1.0
PM4_heatmap_speed2,2121129191,baseline,45,4,19,0.9473684210526315,0.9473684210526315,-1.0,-1.0
PM4_heatmap_speed2,2121129191,baseline,46,4,19,0.7894736842105263,0.7894736842105263,-1.0,-1.0
PM4_heatmap_speed2,2121129191,baseline,47,4,65,0.9384615384615385,0.9384615384615385,0.0,0.0
PM4_heatmap_speed2,2121129191,baseline,0,5,31,0.9032258064516129,0.9032258064516129,-1.0,-1.0
PM4_heatmap_speed2,2121129191,baseline,1,5,40,0.95,0.95,1.0,1.0
PM4_heatmap_speed2,2121129191,baseline,2,5,10,1.0,1.0,-1.0,-1.0
PM4_heatmap_speed2,2121129191,baseline,3,5,21,1.0,1.0,1.0,1.0
PM4_heatmap_speed2,2121129191,baseline,4,5,14,1.0,1.0,1.0,1.0
PM4_heatmap_speed2,2121129191,baseline,5,5,22,0.9545454545454546,0.9545454545454546,1.0,1.0
PM4_heatmap_speed2,2121129191,baseline,6,5,63,0.8412698412698413,0.8412698412698413,1.0,1.0
PM4_heatmap_speed2,2121129191,baseline,7,5,26,0.7307692307692307,0.7307692307692307,-1.0,-1.0
PM4_heatmap_speed2,2121129191,baseline,8,5,69,0.855072463768116,0.855072463768116,0.8571428571428571,0.8571428571428571
PM4_heatmap_speed2,2121129191,baseline,9,5,90,0.9111111111111111,0.9111111111111111,0.5,0.5
PM4_heatmap_speed2,2121129191,baseline,10,5,53,0.9056603773584906,0.9056603773584906,-1.0,-1.0
PM4_heatmap_speed2,2121129191,baseline,11,5,66,0.8939393939393939,0.8939393939393939,0.5,0.5
PM4_heatmap_speed2,2121129191,baseline,12,5,77,0.8051948051948052,0.8051948051948052,0.9,0.9
PM4_heatmap_speed2,2121129191,baseline,13,5,49,0.7346938775510204,0.7346938775510204,1.0,1.0
PM4_heatmap_speed2,2121129191,baseline,14,5,42,0.8571428571428571,0.8571428571428571,-1.0,-1.0
PM4_heatmap_speed2,2121129191,baseline,15,5,30,0.8,0.8,-1.0,-1.0
PM4_heatmap_speed2,2121129191,baseline,16,5,54,0.8333333333333334,0.8333333333333334,-1.0,-1.0
PM4_heatmap_speed2,2121129191,baseline,17,5,47,0.723404255319149,0.723404255319149,-1.0,-1.0
PM4_heatmap_speed2,2121129191,baseline,18,5,54,0.7962962962962963,0.7962962962962963,-1.0,-1.0
PM4_heatmap_speed2,2121129191,baseline,19,5,70,0.9714285714285714,0.9714285714285714,-1.0,-1.0
PM4_heatmap_speed2,2121129191,baseline,20,5,46,0.9347826086956522,0.9347826086956522,1.0,1.0
PM4_heatmap_speed2,2121129191,baseline,21,5,44,0.8409090909090909,0.8409090909090909,1.0,1.0
PM4_heatmap_speed2,2121129191,baseline,22,5,65,0.8923076923076924,0.8923076923076924,0.75,0.75
PM4_heatmap_speed2,2121129191,baseline,23,5,51,0.803921568627451,0.803921568627451,0.8888888888888888,0.8888888888888888
PM4_heatmap_speed2,2121129191,baseline,24,5,18,0.8333333333333334,0.8333333333333334,1.0,1.0
PM4_heatmap_speed2,2121129191,baseline,25,5,32,0.9375,0.9375,-1.0,-1.0
PM4_heatmap_speed2,2121129191,baseline,26,5,17,1.0,1.0,-1.0,-1.0
PM4_heatmap_speed2,2121129191,baseline,27,5,39,0.8461538461538461,0.8461538461538461,0.88,0.88
PM4_heatmap_speed2,2121129191,baseline,28,5,54,0.9074074074074074,0.9074074074074074,-1.0,-1.0
PM4_heatmap_speed2,2121129191,baseline,29,5,24,0.75,0.75,-1.0,-1.0
PM4_heatmap_speed2,2121129191,baseline,30,5,80,0.9125,0.9125,1.0,1.0
PM4_heatmap_speed2,2121129191,baseline,31,5,114,0.9210526315789473,0.9210526315789473,1.0,1.0
PM4_heatmap_speed2,2121129191,baseline,32,5,34,0.8529411764705882,0.8529411764705882,-1.0,-1.0
PM4_heatmap_speed2,2121129191,baseline,33,5,172,0.9186046511627907,0.9186046511627907,1.0,1.0
PM4_heatmap_speed2,2121129191,baseline,34,5,47,0.8085106382978723,0.8085106382978723,-1.0,-1.0
PM4_heatmap_speed2,2121129191,baseline,35,5,71,0.9295774647887324,0.9295774647887324,-1.0,-1.0
PM4_heatmap_speed2,2121129191,baseline,36,5,48,0.875,0.875,-1.0,-1.0
PM4_heatmap_speed2,2121129191,baseline,37,5,23,0.9130434782608695,0.9130434782608695,-1.0,-1.0
PM4_heatmap_speed2,2121129191,baseline,38,5,64,0.96875,0.96875,-1.0,-1.0
PM4_heatmap_speed2,2121129191,baseline,39,5,32,0.875,0.875,-1.0,-1.0
PM4_heatmap_speed2,2121129191,baseline,40,5,18,0.8333333333333334,0.8333333333333334,-1.0,-1.0
PM4_heatmap_speed2,2121129191,baseline,41,5,88,0.8295454545454546,0.8295454545454546,1.0,1.0
PM4_heatmap_speed2,2121129191,baseline,42,5,46,0.9565217391304348,0.9565217391304348,0.6666666666666666,0.6666666666666666
PM4_heatmap_speed2,2121129191,baseline,43,5,131,0.9236641221374046,0.9236641221374046,0.8333333333333334,0.8333333333333334
PM4_heatmap_speed2,2121129191,baseline,44,5,43,0.9534883720930233,0.9534883720930233,-1.0,-1.0
PM4_heatmap_speed2,2121129191,baseline,45,5,30,0.9,0.9,-1.0,-1.0
PM4_heatmap_speed2,2121129191,baseline,46,5,37,0.7297297297297297,0.7297297297297297,-1.0,-1.0
PM4_heatmap_speed2,2121129191,baseline,47,5,92,0.9239130434782609,0.9239130434782609,-1.0,-1.0
PM4_heatmap_speed2,2121129191,baseline,48,5,43,0.9534883720930233,0.9534883720930233,-1.0,-1.0
PM4_heatmap_speed2,2121129191,baseline,49,5,13,1.0,1.0,-1.0,-1.0
PM4_heatmap_speed2,2121129191,baseline,0,6,10,0.9,0.9,-1.0,-1.0
PM4_heatmap_speed2,2121129191,baseline,1,6,11,0.8181818181818182,0.8181818181818182,-1.0,-1.0
PM4_heatmap_speed2,2121129191,baseline,2,6,5,0.8,0.8,-1.0,-1.0
PM4_heatmap_speed2,2121129191,baseline,3,6,20,0.95,0.95,1.0,1.0
PM4_heatmap_speed2,2121129191,baseline,5,6,27,0.8888888888888888,0.8888888888888888,1.0,1.0
PM4_heatmap_speed2,2121129191,baseline,6,6,20,0.9,0.9,1.0,1.0
PM4_heatmap_speed2,2121129191,baseline,8,6,13,0.9230769230769231,0.9230769230769231,-1.0,-1.0
PM4_heatmap_speed2,2121129191,baseline,9,6,2,0.5,0.5,-1.0,-1.0
PM4_heatmap_speed2,2121129191,baseline,10,6,36,0.8611111111111112,0.8611111111111112,-1.0,-1.0
PM4_heatmap_speed2,2121129191,baseline,11,6,3,1.0,1.0,-1.0,-1.0
PM4_heatmap_speed2,2121129191,baseline,12,6,16,0.875,0.875,1.0,1.0
PM4_heatmap_speed2,2121129191,baseline,13,6,15,0.8,0.8,-1.0,-1.0
PM4_heatmap_speed2,2121129191,baseline,14,6,50,0.86,0.86,-1.0,-1.0
PM4_heatmap_speed2,2121129191,baseline,15,6,1,1.0,1.0,-1.0,-1.0
PM4_heatmap_speed2,2121129191,baseline,16,6,20,0.9,0.9,-1.0,-1.0
PM4_heatmap_speed2,2121129191,baseline,17,6,30,0.7333333333333333,0.7333333333333333,-1.0,-1.0
PM4_heatmap_speed2,2121129191,baseline,18,6,30,0.9,0.9,1.0,1.0
PM4_heatmap_speed2,2121129191,baseline,19,6,104,0.9134615384615384,0.9134615384615384,-1.0,-1.0
PM4_heatmap_speed2,2121129191,baseline,20,6,41,0.8536585365853658,0.8536585365853658,-1.0,-1.0
PM4_heatmap_speed2,2121129191,baseline,21,6,35,0.8285714285714286,0.8285714285714286,-1.0,-1.0
PM4_heatmap_speed2,2121129191,baseline,22,6,48,0.8333333333333334,0.8333333333333334,-1.0,-1.0
PM4_heatmap_speed2,2121129191,baseline,23,6,1,1.0,1.0,-1.0,-1.0
PM4_heatmap_speed2,2121129191,baseline,25,6,27,0.8148148148148148,0.8148148148148148,1.0,1.0
PM4_heatmap_speed2,2121129191,baseline,26,6,23,0.8260869565217391,0.8260869565217391,0.75,0.75
PM4_heatmap_speed2,2121129191,baseline,27,6,72,0.8194444444444444,0.8194444444444444,1.0,1.0
PM4_heatmap_speed2,2121129191,baseline,28,6,19,0.8947368421052632,0.8947368421052632,1.0,1.0
PM4_heatmap_speed2,2121129191,baseline,29,6,79,0.8481012658227848,0.8481012658227848,0.875,0.875
PM4_heatmap_speed2,2121129191,baseline,30,6,44,0.8636363636363636,0.8636363636363636,-1.0,-1.0
PM4_heatmap_speed2,2121129191,baseline,31,6,44,0.9318181818181818,0.9318181818181818,1.0,1.0
PM4_heatmap_speed2,2121129191,baseline,32,6,18,0.8888888888888888,0.8888888888888888,-1.0,-1.0
PM4_heatmap_speed2,2121129191,baseline,33,6,92,0.9021739130434783,0.9021739130434783,-1.0,-1.0
PM4_heatmap_speed2,2121129191,baseline,34,6,26,0.9615384615384616,0.9615384615384616,-1.0,-1.0
PM4_heatmap_speed2,2121129191,baseline,35,6,21,0.6666666666666666,0.6666666666666666,-1.0,-1.0
PM4_heatmap_speed2,2121129191,baseline,36,6,26,0.7692307692307693,0.7692307692307693,-1.0,-1.0
PM4_heatmap_speed2,2121129191,baseline,37,6,11,1.0,1.0,-1.0,-1.0
PM4_heatmap_speed2,2121129191,baseline,38,6,70,0.9,0.9,-1.0,-1.0
PM4_heatmap_speed2,2121129191,baseline,39,6,21,0.9047619047619048,0.9047619047619048,-1.0,-1.0
PM4_heatmap_speed2,2121129191,baseline,41,6,26,0.8076923076923077,0.8076923076923077,-1.0,-1.0
PM4_heatmap_speed2,2121129191,baseline,42,6,8,0.875,0.875,-1.0,-1.0
PM4_heatmap_speed2,2121129191,baseline,43,6,133,0.8796992481203008,0.8796992481203008,0.9285714285714286,0.9285714285714286
PM4_heatmap_speed2,2121129191,baseline,44,6,13,1.0,1.0,-1.0,-1.0
PM4_heatmap_speed2,2121129191,baseline,45,6,7,0.8571428571428571,0.8571428571428571,1.0,1.0
PM4_heatmap_speed2,2121129191,baseline,46,6,25,0.84,0.84,1.0,1.0
PM4_heatmap_speed2,2121129191,baseline,47,6,56,0.9464285714285714,0.9464285714285714,0.8333333333333334,0.8333333333333334
PM4_heatmap_speed2,2121129191,baseline,48,6,71,0.9436619718309859,0.9436619718309859,1.0,1.0
PM4_heatmap_speed2,2121129191,baseline,49,6,11,1.0,1.0,-1.0,-1.0
PM4_heatmap_speed2,2121129191,baseline,0,7,13,0.9230769230769231,0.9230769230769231,-1.0,-1.0
PM4_heatmap_speed2,2121129191,baseline,1,7,9,0.7777777777777778,0.7777777777777778,-1.0,-1.0
PM4_heatmap_speed2,2121129191,baseline,2,7,13,1.0,1.0,-1.0,-1.0
PM4_heatmap_speed2,2121129191,baseline,3,7,33,0.9393939393939394,0.9393939393939394,1.0,1.0
PM4_heatmap_speed2,2121129191,baseline,4,7,43,0.9069767441860465,0.9069767441860465,1.0,1.0
PM4_heatmap_speed2,2121129191,baseline,5,7,45,0.9111111111111111,0.9111111111111111,1.0,1.0
PM4_heatmap_speed2,2121129191,baseline,6,7,24,0.8333333333333334,0.8333333333333334,-1.0,-1.0
PM4_heatmap_speed2,2121129191,baseline,8,7,9,0.8888888888888888,0.8888888888888888,-1.0,-1.0
PM4_heatmap_speed2,2121129191,baseline,9,7,26,0.8461538461538461,0.8461538461538461,0.5,0.5
PM4_heatmap_speed2,2121129191,baseline,10,7,35,0.8571428571428571,0.8571428571428571,-1.0,-1.0
PM4_heatmap_speed2,2121129191,baseline,11,7,45,0.8666666666666667,0.8666666666666667,1.0,1.0
PM4_heatmap_speed2,2121129191,baseline,12,7,3,0.6666666666666666,0.6666666666666666,-1.0,-1.0
PM4_heatmap_speed2,2121129191,baseline,13,7,48,0.9166666666666666,0.9166666666666666,-1.0,-1.0
PM4_heatmap_speed2,2121129191,baseline,14,7,11,0.8181818181818182,0.8181818181818182,-1.0,-1.0
PM4_heatmap_speed2,2121129191,baseline,15,7,12,0.6666666666666666,0.6666666666666666,-1.0,-1.0
PM4_heatmap_speed2,2121129191,baseline,16,7,56,0.7142857142857143,0.7142857142857143,-1.0,-1.0
PM4_heatmap_speed2,2121129191,baseline,17,7,90,0.8444444444444444,0.8444444444444444,0.875,0.875
PM4_heatmap_speed2,2121129191,baseline,18,7,17,0.7647058823529411,0.7647058823529411,0.6666666666666666,0.6666666666666666
PM4_heatmap_speed2,2121129191,baseline,19,7,29,0.8275862068965517,0.8275862068965517,-1.0,-1.0
PM4_heatmap_speed2,2121129191,baseline,22,7,52,0.8653846153846154,0.8653846153846154,-1.0,-1.0
PM4_heatmap_speed2,2121129191,baseline,23,7,28,0.9642857142857143,0.9642857142857143,1.0,1.0
PM4_heatmap_speed2,2121129191,baseline,24,7,2,1.0,1.0,-1.0,-1.0
PM4_heatmap_speed2,2121129191,baseline,25,7,33,0.8484848484848485,0.8484848484848485,0.0,0.0
PM4_heatmap_speed2,2121129191,baseline,27,7,10,1.0,1.0,1.0,1.0
PM4_heatmap_speed2,2121129191,baseline,28,7,22,0.9090909090909091,0.9090909090909091,1.0,1.0
PM4_heatmap_speed2,2121129191,baseline,29,7,79,0.8607594936708861,0.8607594936708861,0.875,0.875
PM4_heatmap_speed2,2121129191,baseline,30,7,12,0.8333333333333334,0.8333333333333334,-1.0,-1.0
PM4_heatmap_speed2,2121129191,baseline,31,7,8,0.875,0.875,-1.0,-1.0
PM4_heatmap_speed2,2121129191,baseline,32,7,18,0.7222222222222222,0.7222222222222222,-1.0,-1.0
PM4_heatmap_speed2,2121129191,baseline,33,7,33,0.7878787878787878,0.7878787878787878,-1.0,-1.0
PM4_heatmap_speed2,2121129191,baseline,34,7,11,0.7272727272727273,0.7272727272727273,-1.0,-1.0
PM4_heatmap_speed2,2121129191,baseline,35,7,31,0.8709677419354839,0.8709677419354839,-1.0,-1.0
PM4_heatmap_speed2,2121129191,baseline,36,7,129,0.9224806201550387,0.9224806201550387,-1.0,-1.0
PM4_heatmap_speed2,2121129191,baseline,37,7,66,0.7878787878787878,0.7878787878787878,-1.0,-1.0
PM4_heatmap_speed2,2121129191,baseline,38,7,30,0.9,0.9,-1.0,-1.0
PM4_heatmap_speed2,2121129191,baseline,39,7,5,0.8,0.8,-1.0,-1.0
PM4_heatmap_speed2,2121129191,baseline,41,7,35,0.9142857142857143,0.9142857142857143,-1.0,-1.0
PM4_heatmap_speed2,2121129191,baseline,42,7,99,0.8484848484848485,0.8484848484848485,1.0,1.0
PM4_heatmap_speed2,2121129191,baseline,43,7,62,0.8548387096774194,0.8548387096774194,1.0,1.0
PM4_heatmap_speed2,2121129191,baseline,44,7,76,0.9078947368421053,0.9078947368421053,1.0,1.0
PM4_heatmap_speed2,2121129191,baseline,45,7,12,0.75,0.75,-1.0,-1.0
PM4_heatmap_speed2,2121129191,baseline,47,7,57,0.9824561403508771,0.9824561403508771,-1.0,-1.0
PM4_heatmap_speed2,2121129191,baseline,48,7,84,0.9166666666666666,0.9166666666666666,0.75,0.75
PM4_heatmap_speed2,2121129191,baseline,49,7,36,0.9166666666666666,0.9166666666666666,1.0,1.0
PM4_heatmap_speed2,2121129191,baseline,0,8,22,0.9090909090909091,0.9090909090909091,-1.0,-1.0
PM4_heatmap_speed2,2121129191,baseline,2,8,16,0.8125,0.8125,-1.0,-1.0
PM4_heatmap_speed2,2121129191,baseline,3,8,4,1.0,1.0,-1.0,-1.0
PM4_heatmap_speed2,2121129191,baseline,4,8,17,0.9411764705882353,0.9411764705882353,-1.0,-1.0
PM4_heatmap_speed2,2121129191,baseline,5,8,44,0.8863636363636364,0.8863636363636364,-1.0,-1.0
PM4_heatmap_speed2,2121129191,baseline,6,8,23,0.9130434782608695,0.9130434782608695,1.0,1.0
PM4_heatmap_speed2,2121129191,baseline,7,8,14,0.8571428571428571,0.8571428571428571,1.0,1.0
PM4_heatmap_speed2,2121129191,baseline,8,8,17,0.9411764705882353,0.9411764705882353,0.75,0.75
PM4_heatmap_speed2,2121129191,baseline,9,8,14,0.9285714285714286,0.9285714285714286,0.5,0.5
PM4_heatmap_speed2,2121129191,baseline,10,8,28,0.9285714285714286,0.9285714285714286,-1.0,-1.0
PM4_heatmap_speed2,2121129191,baseline,11,8,79,0.8481012658227848,0.8481012658227848,-1.0,-1.0
PM4_heatmap_speed2,2121129191,baseline,12,8,34,0.8235294117647058,0.8235294117647058,-1.0,-1.0
PM4_heatmap_speed2,2121129191,baseline,13,8,82,0.8170731707317073,0.8170731707317073,-1.0,-1.0
PM4_heatmap_speed2,2121129191,baseline,14,8,10,1.0,1.0,-1.0,-1.0
PM4_heatmap_speed2,2121129191,baseline,16,8,21,0.8571428571428571,0.8571428571428571,1.0,1.0
PM4_heatmap_speed2,2121129191,baseline,17,8,48,0.8958333333333334,0.8958333333333334,1.0,1.0
PM4_heatmap_speed2,2121129191,baseline,18,8,43,0.9534883720930233,0.9534883720930233,-1.0,-1.0
PM4_heatmap_speed2,2121129191,baseline,19,8,102,0.9019607843137255,0.9019607843137255,-1.0,-1.0
PM4_heatmap_speed2,2121129191,baseline,20,8,33,0.8181818181818182,0.8181818181818182,1.0,1.0
PM4_heatmap_speed2,2121129191,baseline,21,8,31,0.7741935483870968,0.7741935483870968,1.0,1.0
PM4_heatmap_speed2,2121129191,baseline,22,8,80,0.825,0.825,1.0,1.0
PM4_heatmap_speed2,2121129191,baseline,23,8,164,0.8475609756097561,0.8475609756097561,1.0,1.0
PM4_heatmap_speed2,2121129191,baseline,24,8,79,0.8860759493670886,0.8860759493670886,0.9333333333333333,0.9333333333333333
PM4_heatmap_speed2,2121129191,baseline,25,8,76,0.868421052631579,0.868421052631579,0.85,0.85
PM4_heatmap_speed2,2121129191,baseline,26,8,23,0.8695652173913043,0.8695652173913043,1.0,1.0
PM4_heatmap_speed2,2121129191,baseline,27,8,59,0.9491525423728814,0.9491525423728814,1.0,1.0
PM4_heatmap_speed2,2121129191,baseline,28,8,21,0.7619047619047619,0.7619047619047619,1.0,1.0
PM4_heatmap_speed2,2121129191,baseline,29,8,25,0.88,0.88,1.0,1.0
PM4_heatmap_speed2,2121129191,baseline,30,8,18,0.7222222222222222,0.7222222222222222,-1.0,-1.0
PM4_heatmap_speed2,2121129191,baseline,31,8,30,0.7,0.7,-1.0,-1.0
PM4_heatmap_speed2,2121129191,baseline,32,8,44,0.8636363636363636,0.8636363636363636,-1.0,-1.0
PM4_heatmap_speed2,2121129191,baseline,33,8,56,0.8392857142857143,0.8392857142857143,-1.0,-1.0
PM4_heatmap_speed2,2121129191,baseline,34,8,37,0.8108108108108109,0.8108108108108109,1.0,1.0
PM4_heatmap_speed2,2121129191,baseline,35,8,78,0.782051282051282,0.782051282051282,1.0,1.0
PM4_heatmap_speed2,2121129191,baseline,36,8,45,0.8444444444444444,0.8444444444444444,-1.0,-1.0
PM4_heatmap_speed2,2121129191,baseline,37,8,91,0.8241758241758241,0.8241758241758241,1.0,1.0
PM4_heatmap_speed2,2121129191,baseline,38,8,134,0.917910447761194,0.917910447761194,1.0,1.0
PM4_heatmap_speed2,2121129191,baseline,39,8,127,0.905511811023622,0.905511811023622,-1.0,-1.0
PM4_heatmap_speed2,2121129191,baseline,40,8,71,0.8450704225352113,0.8450704225352113,-1.0,-1.0
PM4_heatmap_speed2,2121129191,baseline,41,8,72,0.8333333333333334,0.8333333333333334,-1.0,-1.0
PM4_heatmap_speed2,2121129191,baseline,42,8,58,0.8620689655172413,0.8620689655172413,1.0,1.0
PM4_heatmap_speed2,2121129191,baseline,43,8,46,0.8260869565217391,0.8260869565217391,1.0,1.0
PM4_heatmap_speed2,2121129191,baseline,44,8,48,0.8958333333333334,0.8958333333333334,1.0,1.0
PM4_heatmap_speed2,2121129191,baseline,45,8,17,0.8235294117647058,0.8235294117647058,-1.0,-1.0
PM4_heatmap_speed2,2121129191,baseline,46,8,87,0.9080459770114943,0.9080459770114943,0.0,0.0
PM4_heatmap_speed2,2121129191,baseline,47,8,122,0.9508196721311475,0.9508196721311475,0.8333333333333334,0.8333333333333334
PM4_heatmap_speed2,2121129191,baseline,48,8,49,0.9795918367346939,0.9795918367346939,1.0,1.0
PM4_heatmap_speed2,2121129191,baseline,49,8,80,0.9375,0.9375,1.0,1.0
PM4_heatmap_speed2,2121129191,baseline,0,9,23,1.0,1.0,-1.0,-1.0
PM4_heatmap_speed2,2121129191,baseline,2,9,11,0.8181818181818182,0.8181818181818182,-1.0,-1.0
PM4_heatmap_speed2,2121129191,baseline,3,9,13,0.9230769230769231,0.9230769230769231,-1.0,-1.0
PM4_heatmap_speed2,2121129191,baseline,4,9,9,1.0,1.0,-1.0,-1.0
PM4_heatmap_speed2,2121129191,baseline,5,9,12,0.9166666666666666,0.9166666666666666,1.0,1.0
PM4_heatmap_speed2,2121129191,baseline,6,9,5,0.6,0.6,1.0,1.0
PM4_heatmap_speed2,2121129191,baseline,7,9,9,1.0,1.0,-1.0,-1.0
PM4_heatmap_speed2,2121129191,baseline,8,9,30,0.8,0.8,-1.0,-1.0
PM4_heatmap_speed2,2121129191,baseline,11,9,49,0.8163265306122449,0.8163265306122449,-1.0,-1.0
PM4_heatmap_speed2,2121129191,baseline,12,9,36,0.8333333333333334,0.8333333333333334,-1.0,-1.0
PM4_heatmap_speed2,2121129191,baseline,13,9,64,0.90625,0.90625,-1.0,-1.0
PM4_heatmap_speed2,2121129191,baseline,16,9,8,0.5,0.5,-1.0,-1.0
PM4_heatmap_speed2,2121129191,baseline,19,9,10,0.7,0.7,-1.0,-1.0
PM4_heatmap_speed2,2121129191,baseline,21,9,7,0.7142857142857143,0.7142857142857143,-1.0,-1.0
PM4_heatmap_speed2,2121129191,baseline,22,9,14,0.8571428571428571,0.8571428571428571,1.0,1.0
PM4_heatmap_speed2,2121129191,baseline,23,9,53,0.8867924528301887,0.8867924528301887,1.0,1.0
PM4_heatmap_speed2,2121129191,baseline,24,9,57,0.8070175438596491,0.8070175438596491,1.0,1.0
PM4_heatmap_speed2,2121129191,baseline,25,9,123,0.8536585365853658,0.8536585365853658,0.85,0.85
PM4_heatmap_speed2,2121129191,baseline,26,9,59,0.9152542372881356,0.9152542372881356,0.9285714285714286,0.9285714285714286
PM4_heatmap_speed2,2121129191,baseline,27,9,36,0.8055555555555556,0.8055555555555556,1.0,1.0
PM4_heatmap_speed2,2121129191,baseline,28,9,33,0.7878787878787878,0.7878787878787878,0.8333333333333334,0.8333333333333334
PM4_heatmap_speed2,2121129191,baseline,29,9,18,0.7777777777777778,0.7777777777777778,-1.0,-1.0
PM4_heatmap_speed2,2121129191,baseline,30,9,41,0.7804878048780488,0.7804878048780488,-1.0,-1.0
PM4_heatmap_speed2,2121129191,baseline,33,9,70,0.8571428571428571,0.8571428571428571,-1.0,-1.0
PM4_heatmap_speed2,2121129191,baseline,34,9,16,0.9375,0.9375,1.0,1.0
PM4_heatmap_speed2,2121129191,baseline,35,9,47,0.851063829787234,0.851063829787234,1.0,1.0
PM4_heatmap_speed2,2121129191,baseline,36,9,34,0.7058823529411765,0.7058823529411765,1.0,1.0
PM4_heatmap_speed2,2121129191,baseline,38,9,34,0.7352941176470589,0.7352941176470589,0.0,0.0
PM4_heatmap_speed2,2121129191,baseline,39,9,54,0.9074074074074074,0.9074074074074074,-1.0,-1.0
PM4_heatmap_speed2,2121129191,baseline,40,9,4,0.75,0.75,-1.0,-1.0
PM4_heatmap_speed2,2121129191,baseline,43,9,13,0.6923076923076923,0.6923076923076923,-1.0,-1.0
PM4_heatmap_speed2,2121129191,baseline,46,9,32,0.9375,0.9375,-1.0,-1.0
PM4_heatmap_speed2,2121129191,baseline,47,9,50,0.88,0.88,0.5,0.5
PM4_heatmap_speed2,2121129191,baseline,49,9,19,0.8947368421052632,0.8947368421052632,1.0,1.0
PM4_heatmap_speed2,2121129191,baseline,0,10,10,0.8,0.8,-1.0,-1.0
PM4_heatmap_speed2,2121129191,baseline,1,10,24,0.875,0.875,-1.0,-1.0
PM4_heatmap_speed2,2121129191,baseline,2,10,35,0.8857142857142857,0.8857142857142857,-1.0,-1.0
PM4_heatmap_speed2,2121129191,baseline,3,10,38,0.9210526315789473,0.9210526315789473,-1.0,-1.0
PM4_heatmap_speed2,2121129191,baseline,5,10,14,1.0,1.0,1.0,1.0
PM4_heatmap_speed2,2121129191,baseline,6,10,2,1.0,1.0,-1.0,-1.0
PM4_heatmap_speed2,2121129191,baseline,7,10,45,0.8888888888888888,0.8888888888888888,0.8636363636363636,0.8636363636363636
PM4_heatmap_speed2,2121129191,baseline,8,10,23,0.7391304347826086,0.7391304347826086,-1.0,-1.0
PM4_heatmap_speed2,2121129191,baseline,9,10,8,0.75,0.75,-1.0,-1.0
PM4_heatmap_speed2,2121129191,baseline,10,10,40,0.95,0.95,1.0,1.0
PM4_heatmap_speed2,2121129191,baseline,11,10,24,0.875,0.875,-1.0,-1.0
PM4_heatmap_speed2,2121129191,baseline,13,10,28,0.8214285714285714,0.8214285714285714,-1.0,-1.0
PM4_heatmap_speed2,2121129191,baseline,14,10,43,0.9534883720930233,0.9534883720930233,-1.0,-1.0
PM4_heatmap_speed2,2121129191,baseline,15,10,23,0.782608695652174,0.782608695652174,-1.0,-1.0
PM4_heatmap_speed2,2121129191,baseline,16,10,78,0.8846153846153846,0.8846153846153846,0.8,0.8
PM4_heatmap_speed2,2121129191,baseline,17,10,35,0.8571428571428571,0.8571428571428571,1.0,1.0
PM4_heatmap_speed2,2121129191,baseline,18,10,29,0.8620689655172413,0.8620689655172413,-1.0,-1.0
PM4_heatmap_speed2,2121129191,baseline,19,10,12,0.9166666666666666,0.9166666666666666,-1.0,-1.0
PM4_heatmap_speed2,2121129191,baseline,21,10,14,0.7857142857142857,0.7857142857142857,-1.0,-1.0
PM4_heatmap_speed2,2121129191,baseline,22,10,5,1.0,1.0,-1.0,-1.0
PM4_heatmap_speed2,2121129191,baseline,23,10,18,0.6666666666666666,0.6666666666666666,0.6666666666666666,0.6666666666666666
PM4_heatmap_speed2,2121129191,baseline,24,10,56,0.8392857142857143,0.8392857142857143,0.6666666666666666,0.6666666666666666
PM4_heatmap_speed2,2121129191,baseline,25,10,44,0.7954545454545454,0.7954545454545454,1.0,1.0
PM4_heatmap_speed2,2121129191,baseline,26,10,76,0.881578947368421,0.881578947368421,0.9166666666666666,0.9166666666666666
PM4_heatmap_speed2,2121129191,baseline,27,10,88,0.7613636363636364,0.7613636363636364,0.9047619047619048,0.9047619047619048
PM4_heatmap_speed2,2121129191,baseline,28,10,30,0.8666666666666667,0.8666666666666667,0.75,0.75
PM4_heatmap_speed2,2121129191,baseline,29,10,13,0.6923076923076923,0.6923076923076923,1.0,1.0
PM4_heatmap_speed2,2121129191,baseline,30,10,33,0.8484848484848485,0.8484848484848485,-1.0,-1.0
PM4_heatmap_speed2,2121129191,baseline,31,10,41,0.8536585365853658,0.8536585365853658,-1.0,-1.0
PM4_heatmap_speed2,2121129191,baseline,33,10,78,0.9358974358974359,0.9358974358974359,-1.0,-1.0
PM4_heatmap_speed2,2121129191,baseline,34,10,176,0.8409090909090909,0.8409090909090909,0.8666666666666667,0.8666666666666667
PM4_heatmap_speed2,2121129191,baseline,35,10,47,0.8297872340425532,0.8297872340425532,1.0,1.0
PM4_heatmap_speed2,2121129191,baseline,36,10,73,0.7397260273972602,0.7397260273972602,0.5,0.5
PM4_heatmap_speed2,2121129191,baseline,37,10,24,0.75,0.75,1.0,1.0
PM4_heatmap_speed2,2121129191,baseline,38,10,36,0.7777777777777778,0.7777777777777778,0.8333333333333334,0.8333333333333334
PM4_heatmap_speed2,2121129191,baseline,40,10,34,0.8823529411764706,0.8823529411764706,-1.0,-1.0
PM4_heatmap_speed2,2121129191,baseline,41,10,12,0.8333333333333334,0.8333333333333334,-1.0,-1.0
PM4_heatmap_speed2,2121129191,baseline,42,10,41,0.926829268292683,0.926829268292683,-1.0,-1.0
PM4_heatmap_speed2,2121129191,baseline,43,10,80,0.8875,0.8875,-1.0,-1.0
PM4_heatmap_speed2,2121129191,baseline,44,10,57,0.9298245614035088,0.9298245614035088,-1.0,-1.0
PM4_heatmap_speed2,2121129191,baseline,45,10,35,0.8857142857142857,0.8857142857142857,-1.0,-1.0
PM4_heatmap_speed2,2121129191,baseline,46,10,18,1.0,1.0,-1.0,-1.0
PM4_heatmap_speed2,2121129191,baseline,47,10,37,0.918918918918919,0.918918918918919,0.5,0.5
PM4_heatmap_speed2,2121129191,baseline,48,10,60,0.9833333333333333,0.9833333333333333,0.0,0.0
PM4_heatmap_speed2,2121129191,baseline,49,10,72,0.9027777777777778,0.9027777777777778,0.9090909090909091,0.9090909090909091
PM4_heatmap_speed2,2121129191,baseline,1,11,20,0.95,0.95,-1.0,-1.0
PM4_heatmap_speed2,2121129191,baseline,2,11,37,0.918918918918919,0.918918918918919,-1.0,-1.0
PM4_heatmap_speed2,2121129191,baseline,3,11,7,0.5714285714285714,0.5714285714285714,-1.0,-1.0
PM4_heatmap_speed2,2121129191,baseline,4,11,55,0.8727272727272727,0.8727272727272727,-1.0,-1.0
PM4_heatmap_speed2,2121129191,baseline,5,11,78,0.8846153846153846,0.8846153846153846,1.0,1.0
PM4_heatmap_speed2,2121129191,baseline,6,11,27,0.7777777777777778,0.7777777777777778,1.0,1.0
PM4_heatmap_speed2,2121129191,baseline,7,11,50,0.9,0.9,0.8333333333333334,0.8333333333333334
PM4_heatmap_speed2,2121129191,baseline,8,11,22,0.8181818181818182,0.8181818181818182,-1.0,-1.0
PM4_heatmap_speed2,2121129191,baseline,9,11,35,0.7714285714285715,0.7714285714285715,-1.0,-1.0
PM4_heatmap_speed2,2121129191,baseline,10,11,66,0.9242424242424242,0.9242424242424242,1.0,1.0
PM4_heatmap_speed2,2121129191,baseline,11,11,64,0.890625,0.890625,1.0,1.0
PM4_heatmap_speed2,2121129191,baseline,12,11,7,0.7142857142857143,0.7142857142857143,-1.0,-1.0
PM4_heatmap_speed2,2121129191,baseline,13,11,52,0.8076923076923077,0.8076923076923077,-1.0,-1.0
PM4_heatmap_speed2,2121129191,baseline,14,11,84,0.7738095238095238,0.7738095238095238,-1.0,-1.0
PM4_heatmap_speed2,2121129191,baseline,15,11,48,0.8541666666666666,0.8541666666666666,-1.0,-1.0
PM4_heatmap_speed2,2121129191,baseline,16,11,68,0.8823529411764706,0.8823529411764706,0.75,0.75
PM4_heatmap_speed2,2121129191,baseline,17,11,66,0.8636363636363636,0.8636363636363636,-1.0,-1.0
PM4_heatmap_speed2,2121129191,baseline,18,11,75,0.8266666666666667,0.8266666666666667,-1.0,-1.0
PM4_heatmap_speed2,2121129191,baseline,19,11,87,0.9080459770114943,0.9080459770114943,-1.0,-1.0
PM4_heatmap_speed2,2121129191,baseline,20,11,23,0.782608695652174,0.782608695652174,-1.0,-1.0
PM4_heatmap_speed2,2121129191,baseline,21,11,37,0.8918918918918919,0.8918918918918919,-1.0,-1.0
PM4_heatmap_speed2,2121129191,baseline,22,11,16,0.8125,0.8125,-1.0,-1.0
PM4_heatmap_speed2,2121129191,baseline,23,11,42,0.9047619047619048,0.9047619047619048,1.0,1.0
PM4_heatmap_speed2,2121129191,baseline,24,11,22,0.9545454545454546,0.9545454545454546,1.0,1.0
PM4_heatmap_speed2,2121129191,baseline,25,11,111,0.9009009009009009,0.9009009009009009,0.8,0.8
PM4_heatmap_speed2,2121129191,baseline,26,11,43,0.9302325581395349,0.9302325581395349,0.875,0.875
PM4_heatmap_speed2,2121129191,baseline,27,11,47,0.8297872340425532,0.8297872340425532,0.8888888888888888,0.8888888888888888
PM4_heatmap_speed2,2121129191,baseline,28,11,113,0.8672566371681416,0.8672566371681416,-1.0,-1.0
PM4_heatmap_speed2,2121129191,baseline,29,11,26,0.8461538461538461,0.8461538461538461,1.0,1.0
PM4_heatmap_speed2,2121129191,baseline,30,11,74,0.8243243243243243,0.8243243243243243,1.0,1.0
PM4_heatmap_speed2,2121129191,baseline,31,11,35,0.8,0.8,-1.0,-1.0
PM4_heatmap_speed2,2121129191,baseline,32,11,72,0.8611111111111112,0.8611111111111112,-1.0,-1.0
PM4_heatmap_speed2,2121129191,baseline,33,11,100,0.9,0.9,-1.0,-1.0
PM4_heatmap_speed2,2121129191,baseline,34,11,51,0.9215686274509803,0.9215686274509803,1.0,1.0
PM4_heatmap_speed2,2121129191,baseline,35,11,60,0.8333333333333334,0.8333333333333334,1.0,1.0
PM4_heatmap_speed2,2121129191,baseline,36,11,48,0.8958333333333334,0.8958333333333334,1.0,1.0
PM4_heatmap_speed2,2121129191,baseline,37,11,65,0.9692307692307692,0.9692307692307692,1.0,1.0
PM4_heatmap_speed2,2121129191,baseline,38,11,51,0.8627450980392157,0.8627450980392157,1.0,1.0
PM4_heatmap_speed2,2121129191,baseline,39,11,15,0.8,0.8,-1.0,-1.0
PM4_heatmap_speed2,2121129191,baseline,40,11,93,0.9247311827956989,0.9247311827956989,-1.0,-1.0
PM4_heatmap_speed2,2121129191,baseline,41,11,96,0.90625,0.90625,-1.0,-1.0
PM4_heatmap_speed2,2121129191,baseline,42,11,36,0.8333333333333334,0.8333333333333334,-1.0,-1.0
PM4_heatmap_speed2,2121129191,baseline,43,11,99,0.797979797979798,0.797979797979798,-1.0,-1.0
PM4_heatmap_speed2,2121129191,baseline,44,11,133,0.9097744360902256,0.9097744360902256,-1.0,-1.0
PM4_heatmap_speed2,2121129191,baseline,45,11,55,0.9636363636363636,0.9636363636363636,-1.0,-1.0
PM4_heatmap_speed2,2121129191,baseline,46,11,27,0.9259259259259259,0.9259259259259259,0.0,0.0
PM4_heatmap_speed2,2121129191,baseline,47,11,48,0.9375,0.9375,0.8888888888888888,0.8888888888888888
PM4_heatmap_speed2,2121129191,baseline,48,11,42,0.8809523809523809,0.8809523809523809,1.0,1.0
PM4_heatmap_speed2,2121129191,baseline,49,11,89,0.9325842696629213,0.9325842696629213,1.0,1.0
PM4_heatmap_speed2,2121129191,baseline,1,12,7,1.0,1.0,-1.0,-1.0
PM4_heatmap_speed2,2121129191,baseline,2,12,13,0.8461538461538461,0.8461538461538461,-1.0,-1.0
PM4_heatmap_speed2,2121129191,baseline,3,12,21,0.8095238095238095,0.8095238095238095,-1.0,-1.0
PM4_heatmap_speed2,2121129191,baseline,5,12,56,0.8928571428571429,0.8928571428571429,1.0,1.0
PM4_heatmap_speed2,2121129191,baseline,6,12,21,0.8095238095238095,0.8095238095238095,1.0,1.0
PM4_heatmap_speed2,2121129191,baseline,7,12,22,0.8636363636363636,0.8636363636363636,1.0,1.0
PM4_heatmap_speed2,2121129191,baseline,8,12,26,0.7307692307692307,0.7307692307692307,-1.0,-1.0
PM4_heatmap_speed2,2121129191,baseline,10,12,22,0.8636363636363636,0.8636363636363636,0.8571428571428571,0.8571428571428571
PM4_heatmap_speed2,2121129191,baseline,11,12,22,0.6818181818181818,0.6818181818181818,1.0,1.0
PM4_heatmap_speed2,2121129191,baseline,13,12,31,0.8064516129032258,0.8064516129032258,-1.0,-1.0
PM4_heatmap_speed2,2121129191,baseline,14,12,49,0.7959183673469388,0.7959183673469388,-1.0,-1.0
PM4_heatmap_speed2,2121129191,baseline,15,12,22,0.9090909090909091,0.9090909090909091,-1.0,-1.0
PM4_heatmap_speed2,2121129191,baseline,16,12,27,1.0,1.0,-1.0,-1.0
PM4_heatmap_speed2,2121129191,baseline,18,12,22,0.5909090909090909,0.5909090909090909,-1.0,-1.0
PM4_heatmap_speed2,2121129191,baseline,19,12,31,0.7741935483870968,0.7741935483870968,1.0,1.0
PM4_heatmap_speed2,2121129191,baseline,21,12,12,0.6666666666666666,0.6666666666666666,-1.0,-1.0
PM4_heatmap_speed2,2121129191,baseline,23,12,16,0.75,0.75,-1.0,-1.0
PM4_heatmap_speed2,2121129191,baseline,25,12,21,0.8571428571428571,0.8571428571428571,-1.0,-1.0
PM4_heatmap_speed2,2121129191,baseline,26,12,80,0.8625,0.8625,0.8,0.8
PM4_heatmap_speed2,2121129191,baseline,27,12,31,0.8387096774193549,0.8387096774193549,1.0,1.0
PM4_heatmap_speed2,2121129191,baseline,28,12,52,0.7884615384615384,0.7884615384615384,1.0,1.0
PM4_heatmap_speed2,2121129191,baseline,30,12,40,0.925,0.925,1.0,1.0
PM4_heatmap_speed2,2121129191,baseline,31,12,18,0.8333333333333334,0.8333333333333334,-1.0,-1.0
PM4_heatmap_speed2,2121129191,baseline,32,12,48,0.7916666666666666,0.7916666666666666,-1.0,-1.0
PM4_heatmap_speed2,2121129191,baseline,33,12,41,0.926829268292683,0.926829268292683,-1.0,-1.0
PM4_heatmap_speed2,2121129191,baseline,35,12,29,0.8620689655172413,0.8620689655172413,1.0,1.0
PM4_heatmap_speed2,2121129191,baseline,36,12,38,0.7631578947368421,0.7631578947368421,1.0,1.0
PM4_heatmap_speed2,2121129191,baseline,37,12,33,0.9090909090909091,0.9090909090909091,-1.0,-1.0
PM4_heatmap_speed2,2121129191,baseline,38,12,16,0.9375,0.9375,-1.0,-1.0
PM4_heatmap_speed2,2121129191,baseline,39,12,12,1.0,1.0,-1.0,-1.0
PM4_heatmap_speed2,2121129191,baseline,41,12,46,0.8043478260869565,0.8043478260869565,-1.0,-1.0
PM4_heatmap_speed2,2121129191,baseline,43,12,43,0.7906976744186046,0.7906976744186046,-1.0,-1.0
PM4_heatmap_speed2,2121129191,baseline,44,12,57,0.8947368421052632,0.8947368421052632,-1.0,-1.0
PM4_heatmap_speed2,2121129191,baseline,47,12,68,0.9117647058823529,0.9117647058823529,1.0,1.0
PM4_heatmap_speed2,2121129191,baseline,49,12,45,0.8888888888888888,0.8888888888888888,1.0,1.0
PM4_heatmap_speed2,2121129191,baseline,1,13,3,1.0,1.0,-1.0,-1.0
PM4_heatmap_speed2,2121129191,baseline,2,13,6,0.8333333333333334,0.8333333333333334,-1.0,-1.0
PM4_heatmap_speed2,2121129191,baseline,3,13,7,0.8571428571428571,0.8571428571428571,-1.0,-1.0
PM4_heatmap_speed2,2121129191,baseline,4,13,28,0.7857142857142857,0.7857142857142857,-1.0,-1.0
PM4_heatmap_speed2,2121129191,baseline,5,13,48,0.9166666666666666,0.9166666666666666,-1.0,-1.0
PM4_heatmap_speed2,2121129191,baseline,6,13,16,0.9375,0.9375,1.0,1.0
PM4_heatmap_speed2,2121129191,baseline,7,13,26,0.9615384615384616,0.9615384615384616,1.0,1.0
PM4_heatmap_speed2,2121129191,baseline,8,13,48,0.8333333333333334,0.8333333333333334,-1.0,-1.0
PM4_heatmap_speed2,2121129191,baseline,9,13,26,0.7692307692307693,0.7692307692307693,-1.0,-1.0
PM4_heatmap_speed2,2121129191,baseline,10,13,48,0.8125,0.8125,0.5,0.5
PM4_heatmap_speed2,2121129191,baseline,11,13,30,0.8666666666666667,0.8666666666666667,0.5,0.5
PM4_heatmap_speed2,2121129191,baseline,12,13,34,0.8235294117647058,0.8235294117647058,0.8,0.8
PM4_heatmap_speed2,2121129191,baseline,13,13,83,0.8313253012048193,0.8313253012048193,1.0,1.0
PM4_heatmap_speed2,2121129191,baseline,14,13,124,0.8306451612903226,0.8306451612903226,1.0,1.0
PM4_heatmap_speed2,2121129191,baseline,15,13,31,0.9032258064516129,0.9032258064516129,-1.0,-1.0
PM4_heatmap_speed2,2121129191,baseline,16,13,26,0.9615384615384616,0.9615384615384616,-1.0,-1.0
PM4_heatmap_speed2,2121129191,baseline,17,13,27,0.9259259259259259,0.9259259259259259,-1.0,-1.0
PM4_heatmap_speed2,2121129191,baseline,18,13,94,0.8936170212765957,0.8936170212765957,-1.0,-1.0
PM4_heatmap_speed2,2121129191,baseline,19,13,71,0.8450704225352113,0.8450704225352113,0.3333333333333333,0.3333333333333333
PM4_heatmap_speed2,2121129191,baseline,20,13,26,0.6153846153846154,0.6153846153846154,-1.0,-1.0
PM4_heatmap_speed2,2121129191,baseline,21,13,79,0.8860759493670886,0.8860759493670886,-1.0,-1.0
PM4_heatmap_speed2,2121129191,baseline,22,13,23,0.8695652173913043,0.8695652173913043,-1.0,-1.0
PM4_heatmap_speed2,2121129191,baseline,23,13,16,0.875,0.875,-1.0,-1.0
PM4_heatmap_speed2,2121129191,baseline,24,13,2,0.5,0.5,-1.0,-1.0
PM4_heatmap_speed2,2121129191,baseline,25,13,26,0.7692307692307693,0.7692307692307693,-1.0,-1.0
PM4_heatmap_speed2,2121129191,baseline,26,13,58,0.7758620689655172,0.7758620689655172,0.0,0.0
PM4_heatmap_speed2,2121129191,baseline,27,13,106,0.8679245283018868,0.8679245283018868,1.0,1.0
PM4_heatmap_speed2,2121129191,baseline,28,13,76,0.8157894736842105,0.8157894736842105,1.0,1.0
PM4_heatmap_speed2,2121129191,baseline,29,13,16,0.75,0.75,-1.0,-1.0
PM4_heatmap_speed2,2121129191,baseline,30,13,99,0.898989898989899,0.898989898989899,0.6666666666666666,0.6666666666666666
PM4_heatmap_speed2,2121129191,baseline,31,13,19,0.7894736842105263,0.7894736842105263,-1.0,-1.0
PM4_heatmap_speed2,2121129191,baseline,32,13,25,0.84,0.84,-1.0,-1.0
PM4_heatmap_speed2,2121129191,baseline,33,13,30,0.9,0.9,-1.0,-1.0
PM4_heatmap_speed2,2121129191,baseline,35,13,35,0.8571428571428571,0.8571428571428571,1.0,1.0
PM4_heatmap_speed2,2121129191,baseline,36,13,47,0.8723404255319149,0.8723404255319149,1.0,1.0
PM4_heatmap_speed2,2121129191,baseline,37,13,29,0.8620689655172413,0.8620689655172413,1.0,1.0
PM4_heatmap_speed2,2121129191,baseline,38,13,63,0.8888888888888888,0.8888888888888888,1.0,1.0
PM4_heatmap_speed2,2121129191,baseline,39,13,91,0.8791208791208791,0.8791208791208791,1.0,1.0
PM4_heatmap_speed2,2121129191,baseline,40,13,48,0.8541666666666666,0.8541666666666666,-1.0,-1.0
PM4_heatmap_speed2,2121129191,baseline,41,13,51,0.7647058823529411,0.7647058823529411,-1.0,-1.0
PM4_heatmap_speed2,2121129191,baseline,42,13,26,0.6538461538461539,0.6538461538461539,-1.0,-1.0
PM4_heatmap_speed2,2121129191,baseline,43,13,55,0.9090909090909091,0.9090909090909091,-1.0,-1.0
PM4_heatmap_speed2,2121129191,baseline,44,13,60,0.95,0.95,-1.0,-1.0
PM4_heatmap_speed2,2121129191,baseline,45,13,60,0.9166666666666666,0.9166666666666666,-1.0,-1.0
PM4_heatmap_speed2,2121129191,baseline,46,13,92,0.8913043478260869,0.8913043478260869,-1.0,-1.0
PM4_heatmap_speed2,2121129191,baseline,47,13,95,0.8842105263157894,0.8842105263157894,1.0,1.0
PM4_heatmap_speed2,2121129191,baseline,48,13,40,0.85,0.85,1.0,1.0
PM4_heatmap_speed2,2121129191,baseline,49,13,24,0.7916666666666666,0.7916666666666666,0.0,0.0
PM4_heatmap_speed2,2121129191,baseline,1,14,2,0.5,0.5,-1.0,-1.0
PM4_heatmap_speed2,2121129191,baseline,2,14,11,0.6363636363636364,0.6363636363636364,-1.0,-1.0
PM4_heatmap_speed2,2121129191,baseline,3,14,12,0.75,0.75,-1.0,-1.0
PM4_heatmap_speed2,2121129191,baseline,4,14,9,0.6666666666666666,0.6666666666666666,-1.0,-1.0
PM4_heatmap_speed2,2121129191,baseline,5,14,29,0.9655172413793104,0.9655172413793104,-1.0,-1.0
PM4_heatmap_speed2,2121129191,baseline,6,14,7,0.8571428571428571,0.8571428571428571,-1.0,-1.0
PM4_heatmap_speed2,2121129191,baseline,7,14,18,0.9444444444444444,0.9444444444444444,-1.0,-1.0
PM4_heatmap_speed2,2121129191,baseline,8,14,62,0.9193548387096774,0.9193548387096774,1.0,1.0
PM4_heatmap_speed2,2121129191,baseline,9,14,35,0.7428571428571429,0.7428571428571429,1.0,1.0
PM4_heatmap_speed2,2121129191,baseline,10,14,70,0.7857142857142857,0.7857142857142857,0.6666666666666666,0.6666666666666666
PM4_heatmap_speed2,2121129191,baseline,11,14,9,0.7777777777777778,0.7777777777777778,-1.0,-1.0
PM4_heatmap_speed2,2121129191,baseline,12,14,25,0.88,0.88,-1.0,-1.0
PM4_heatmap_speed2,2121129191,baseline,13,14,32,0.84375,0.84375,-1.0,-1.0
PM4_heatmap_speed2,2121129191,baseline,14,14,52,0.9230769230769231,0.9230769230769231,-1.0,-1.0
PM4_heatmap_speed2,2121129191,baseline,15,14,64,0.875,0.875,-1.0,-1.0
PM4_heatmap_speed2,2121129191,baseline,17,14,43,0.8837209302325582,0.8837209302325582,-1.0,-1.0
PM4_heatmap_speed2,2121129191,baseline,18,14,5,0.8,0.8,-1.0,-1.0
PM4_heatmap_speed2,2121129191,baseline,19,14,27,0.7407407407407407,0.7407407407407407,-1.0,-1.0
PM4_heatmap_speed2,2121129191,baseline,20,14,18,0.7777777777777778,0.7777777777777778,-1.0,-1.0
PM4_heatmap_speed2,2121129191,baseline,21,14,42,0.8571428571428571,0.8571428571428571,-1.0,-1.0
PM4_heatmap_speed2,2121129191,baseline,22,14,68,0.8676470588235294,0.8676470588235294,-1.0,-1.0
PM4_heatmap_speed2,2121129191,baseline,23,14,9,0.7777777777777778,0.7777777777777778,-1.0,-1.0
PM4_heatmap_speed2,2121129191,baseline,24,14,5,0.8,0.8,-1.0,-1.0
PM4_heatmap_speed2,2121129191,baseline,25,14,1,1.0,1.0,-1.0,-1.0
PM4_heatmap_speed2,2121129191,baseline,26,14,67,0.8059701492537313,0.8059701492537313,1.0,1.0
PM4_heatmap_speed2,2121129191,baseline,27,14,91,0.8681318681318682,0.8681318681318682,-1.0,-1.0
PM4_heatmap_speed2,2121129191,baseline,28,14,23,0.9565217391304348,0.9565217391304348,-1.0,-1.0
PM4_heatmap_speed2,2121129191,baseline,29,14,52,0.8269230769230769,0.8269230769230769,-1.0,-1.0
PM4_heatmap_speed2,2121129191,baseline,30,14,100,0.84,0.84,0.0,0.0
PM4_heatmap_speed2,2121129191,baseline,31,14,4,1.0,1.0,-1.0,-1.0
PM4_heatmap_speed2,2121129191,baseline,33,14,16,0.875,0.875,-1.0,-1.0
PM4_heatmap_speed2,2121129191,baseline,35,14,40,0.75,0.75,-1.0,-1.0
PM4_heatmap_speed2,2121129191,baseline,36,14,55,0.7636363636363637,0.7636363636363637,-1.0,-1.0
PM4_heatmap_speed2,2121129191,baseline,37,14,17,0.5882352941176471,0.5882352941176471,-1.0,-1.0
PM4_heatmap_speed2,2121129191,baseline,38,14,45,0.8222222222222222,0.8222222222222222,-1.0,-1.0
PM4_heatmap_speed2,2121129191,baseline,39,14,45,0.8666666666666667,0.8666666666666667,-1.0,-1.0
PM4_heatmap_speed2,2121129191,baseline,40,14,122,0.860655737704918,0.860655737704918,1.0,1.0
PM4_heatmap_speed2,2121129191,baseline,41,14,85,0.7411764705882353,0.7411764705882353,1.0,1.0
PM4_heatmap_speed2,2121129191,baseline,42,14,17,0.7647058823529411,0.7647058823529411,1.0,1.0
PM4_heatmap_speed2,2121129191,baseline,43,14,24,0.875,0.875,1.0,1.0
PM4_heatmap_speed2,2121129191,baseline,44,14,15,0.7333333333333333,0.7333333333333333,-1.0,-1.0
PM4_heatmap_speed2,2121129191,baseline,45,14,31,0.7096774193548387,0.7096774193548387,1.0,1.0
PM4_heatmap_speed2,2121129191,baseline,46,14,108,0.8518518518518519,0.8518518518518519,0.5,0.5
PM4_heatmap_speed2,2121129191,baseline,47,14,166,0.8975903614457831,0.8975903614457831,1.0,1.0
PM4_heatmap_speed2,2121129191,baseline,48,14,23,0.9130434782608695,0.9130434782608695,1.0,1.0
PM4_heatmap_speed2,2121129191,baseline,49,14,17,0.8823529411764706,0.8823529411764706,0.8333333333333334,0.8333333333333334
PM4_heatmap_speed2,2121129191,baseline,2,15,5,0.6,0.6,-1.0,-1.0
PM4_heatmap_speed2,2121129191,baseline,3,15,45,0.8666666666666667,0.8666666666666667,-1.0,-1.0
PM4_heatmap_speed2,2121129191,baseline,4,15,3,1.0,1.0,-1.0,-1.0
PM4_heatmap_speed2,2121129191,baseline,5,15,17,0.9411764705882353,0.9411764705882353,1.0,1.0
PM4_heatmap_speed2,2121129191,baseline,6,15,16,0.9375,0.9375,1.0,1.0
PM4_heatmap_speed2,2121129191,baseline,7,15,25,0.88,0.88,-1.0,-1.0
PM4_heatmap_speed2,2121129191,baseline,8,15,8,0.75,0.75,-1.0,-1.0
PM4_heatmap_speed2,2121129191,baseline,9,15,27,0.8518518518518519,0.8518518518518519,1.0,1.0
PM4_heatmap_speed2,2121129191,baseline,10,15,28,0.8214285714285714,0.8214285714285714,0.6666666666666666,0.6666666666666666
PM4_heatmap_speed2,2121129191,baseline,11,15,30,0.8333333333333334,0.8333333333333334,1.0,1.0
PM4_heatmap_speed2,2121129191,baseline,13,15,35,0.8,0.8,1.0,1.0
PM4_heatmap_speed2,2121129191,baseline,15,15,26,0.8076923076923077,0.8076923076923077,-1.0,-1.0
PM4_heatmap_speed2,2121129191,baseline,16,15,11,0.8181818181818182,0.8181818181818182,-1.0,-1.0
PM4_heatmap_speed2,2121129191,baseline,17,15,63,0.7936507936507936,0.7936507936507936,-1.0,-1.0
PM4_heatmap_speed2,2121129191,baseline,18,15,28,0.75,0.75,-1.0,-1.0
PM4_heatmap_speed2,2121129191,baseline,19,15,63,0.8571428571428571,0.8571428571428571,-1.0,-1.0
PM4_heatmap_speed2,2121129191,baseline,20,15,20,0.85,0.85,-1.0,-1.0
PM4_heatmap_speed2,2121129191,baseline,21,15,9,0.7777777777777778,0.7777777777777778,-1.0,-1.0
PM4_heatmap_speed2,2121129191,baseline,22,15,32,0.90625,0.90625,-1.0,-1.0
PM4_heatmap_speed2,2121129191,baseline,23,15,2,0.5,0.5,-1.0,-1.0
PM4_heatmap_speed2,2121129191,baseline,24,15,21,0.7619047619047619,0.7619047619047619,-1.0,-1.0
PM4_heatmap_speed2,2121129191,baseline,25,15,21,0.6666666666666666,0.6666666666666666,1.0,1.0
PM4_heatmap_speed2,2121129191,baseline,27,15,51,0.8431372549019608,0.8431372549019608,-1.0,-1.0
PM4_heatmap_speed2,2121129191,baseline,28,15,4,0.75,0.75,-1.0,-1.0
PM4_heatmap_speed2,2121129191,baseline,29,15,20,0.75,0.75,-1.0,-1.0
PM4_heatmap_speed2,2121129191,baseline,30,15,47,0.7659574468085106,0.7659574468085106,0.0,0.0
PM4_heatmap_speed2,2121129191,baseline,31,15,22,1.0,1.0,-1.0,-1.0
PM4_heatmap_speed2,2121129191,baseline,32,15,35,0.8857142857142857,0.8857142857142857,-1.0,-1.0
PM4_heatmap_speed2,2121129191,baseline,33,15,102,0.8725490196078431,0.8725490196078431,-1.0,-1.0
PM4_heatmap_speed2,2121129191,baseline,34,15,28,0.8214285714285714,0.8214285714285714,-1.0,-1.0
PM4_heatmap_speed2,2121129191,baseline,35,15,102,0.8333333333333334,0.8333333333333334,-1.0,-1.0
PM4_heatmap_speed2,2121129191,baseline,36,15,46,0.8695652173913043,0.8695652173913043,-1.0,-1.0
PM4_heatmap_speed2,2121129191,baseline,38,15,14,0.7857142857142857,0.7857142857142857,-1.0,-1.0
PM4_heatmap_speed2,2121129191,baseline,39,15,11,0.6363636363636364,0.6363636363636364,-1.0,-1.0
PM4_heatmap_speed2,2121129191,baseline,40,15,18,0.7777777777777778,0.7777777777777778,-1.0,-1.0
PM4_heatmap_speed2,2121129191,baseline,41,15,60,0.75,0.75,-1.0,-1.0
PM4_heatmap_speed2,2121129191,baseline,42,15,9,0.4444444444444444,0.4444444444444444,-1.0,-1.0
PM4_heatmap_speed2,2121129191,baseline,43,15,11,0.6363636363636364,0.6363636363636364,1.0,1.0
PM4_heatmap_speed2,2121129191,baseline,44,15,27,0.8148148148148148,0.8148148148148148,-1.0,-1.0
PM4_heatmap_speed2,2121129191,baseline,46,15,45,0.9111111111111111,0.9111111111111111,-1.0,-1.0
PM4_heatmap_speed2,2121129191,baseline,47,15,22,0.8181818181818182,0.8181818181818182,-1.0,-1.0
PM4_heatmap_speed2,2121129191,baseline,49,15,15,0.9333333333333333,0.9333333333333333,-1.0,-1.0
PM4_heatmap_speed2,2121129191,baseline,1,16,2,0.5,0.5,-1.0,-1.0
PM4_heatmap_speed2,2121129191,baseline,2,16,25,0.88,0.88,-1.0,-1.0
PM4_heatmap_speed2,2121129191,baseline,3,16,37,0.918918918918919,0.918918918918919,-1.0,-1.0
PM4_heatmap_speed2,2121129191,baseline,4,16,27,0.8888888888888888,0.8888888888888888,-1.0,-1.0
PM4_heatmap_speed2,2121129191,baseline,5,16,40,0.8,0.8,0.625,0.625
PM4_heatmap_speed2,2121129191,baseline,6,16,37,0.918918918918919,0.918918918918919,0.8333333333333334,0.8333333333333334
PM4_heatmap_speed2,2121129191,baseline,7,16,3,0.6666666666666666,0.6666666666666666,-1.0,-1.0
PM4_heatmap_speed2,2121129191,baseline,8,16,10,0.7,0.7,-1.0,-1.0
PM4_heatmap_speed2,2121129191,baseline,9,16,7,0.7142857142857143,0.7142857142857143,-1.0,-1.0
PM4_heatmap_speed2,2121129191,baseline,10,16,47,0.8085106382978723,0.8085106382978723,1.0,1.0
PM4_heatmap_speed2,2121129191,baseline,11,16,56,0.8214285714285714,0.8214285714285714,1.0,1.0
PM4_heatmap_speed2,2121129191,baseline,12,16,30,0.8,0.8,1.0,1.0
PM4_heatmap_speed2,2121129191,baseline,13,16,43,0.7674418604651163,0.7674418604651163,0.8333333333333334,0.8333333333333334
PM4_heatmap_speed2,2121129191,baseline,14,16,12,0.75,0.75,0.6666666666666666,0.6666666666666666
PM4_heatmap_speed2,2121129191,baseline,15,16,29,0.7931034482758621,0.7931034482758621,-1.0,-1.0
PM4_heatmap_speed2,2121129191,baseline,16,16,8,0.875,0.875,-1.0,-1.0
PM4_heatmap_speed2,2121129191,baseline,17,16,19,1.0,1.0,-1.0,-1.0
PM4_heatmap_speed2,2121129191,baseline,18,16,65,0.8923076923076924,0.8923076923076924,-1.0,-1.0
PM4_heatmap_speed2,2121129191,baseline,19,16,48,0.8541666666666666,0.8541666666666666,-1.0,-1.0
PM4_heatmap_speed2,2121129191,baseline,20,16,122,0.860655737704918,0.860655737704918,-1.0,-1.0
PM4_heatmap_speed2,2121129191,baseline,21,16,50,0.9,0.9,-1.0,-1.0
PM4_heatmap_speed2,2121129191,baseline,22,16,66,0.8787878787878788,0.8787878787878788,-1.0,-1.0
PM4_heatmap_speed2,2121129191,baseline,23,16,24,0.7083333333333334,0.7083333333333334,-1.0,-1.0
PM4_heatmap_speed2,2121129191,baseline,24,16,61,0.7540983606557377,0.7540983606557377,-1.0,-1.0
PM4_heatmap_speed2,2121129191,baseline,25,16,91,0.8461538461538461,0.8461538461538461,0.8333333333333334,0.8333333333333334
PM4_heatmap_speed2,2121129191,baseline,26,16,36,0.8611111111111112,0.8611111111111112,1.0,1.0
PM4_heatmap_speed2,2121129191,baseline,27,16,51,0.9411764705882353,0.9411764705882353,-1.0,-1.0
PM4_heatmap_speed2,2121129191,baseline,28,16,40,0.925,0.925,-1.0,-1.0
PM4_heatmap_speed2,2121129191,baseline,29,16,20,0.75,0.75,-1.0,-1.0
PM4_heatmap_speed2,2121129191,baseline,30,16,77,0.8311688311688312,0.8311688311688312,0.625,0.625
PM4_heatmap_speed2,2121129191,baseline,31,16,30,0.7333333333333333,0.7333333333333333,0.6666666666666666,0.6666666666666666
PM4_heatmap_speed2,2121129191,baseline,32,16,78,0.8205128205128205,0.8205128205128205,0.8,0.8
PM4_heatmap_speed2,2121129191,baseline,33,16,203,0.8571428571428571,0.8571428571428571,1.0,1.0
PM4_heatmap_speed2,2121129191,baseline,34,16,27,0.8148148148148148,0.8148148148148148,-1.0,-1.0
PM4_heatmap_speed2,2121129191,baseline,35,16,30,0.9,0.9,-1.0,-1.0
PM4_heatmap_speed2,2121129191,baseline,36,16,55,0.9272727272727272,0.9272727272727272,-1.0,-1.0
PM4_heatmap_speed2,2121129191,baseline,38,16,43,0.9069767441860465,0.9069767441860465,-1.0,-1.0
PM4_heatmap_speed2,2121129191,baseline,39,16,45,0.9111111111111111,0.9111111111111111,-1.0,-1.0
PM4_heatmap_speed2,2121129191,baseline,40,16,43,0.9767441860465116,0.9767441860465116,-1.0,-1.0
PM4_heatmap_speed2,2121129191,baseline,41,16,73,0.821917808219178,0.821917808219178,-1.0,-1.0
PM4_heatmap_speed2,2121129191,baseline,42,16,40,0.775,0.775,-1.0,-1.0
PM4_heatmap_speed2,2121129191,baseline,43,16,51,0.8235294117647058,0.8235294117647058,-1.0,-1.0
PM4_heatmap_speed2,2121129191,baseline,44,16,48,0.7916666666666666,0.7916666666666666,-1.0,-1.0
PM4_heatmap_speed2,2121129191,baseline,45,16,43,0.8604651162790697,0.8604651162790697,-1.0,-1.0
PM4_heatmap_speed2,2121129191,baseline,46,16,45,0.8666666666666667,0.8666666666666667,-1.0,-1.0
PM4_heatmap_speed2,2121129191,baseline,47,16,33,0.9393939393939394,0.9393939393939394,-1.0,-1.0
PM4_heatmap_speed2,2121129191,baseline,48,16,25,0.96,0.96,-1.0,-1.0
PM4_heatmap_speed2,2121129191,baseline,49,16,3,1.0,1.0,-1.0,-1.0
PM4_heatmap_speed2,2121129191,baseline,0,17,22,0.9090909090909091,0.9090909090909091,-1.0,-1.0
PM4_heatmap_speed2,2121129191,baseline,1,17,15,0.8666666666666667,0.8666666666666667,-1.0,-1.0
PM4_heatmap_speed2,2121129191,baseline,2,17,10,0.9,0.9,1.0,1.0
PM4_heatmap_speed2,2121129191,baseline,3,17,9,0.8888888888888888,0.8888888888888888,1.0,1.0
PM4_heatmap_speed2,2121129191,baseline,4,17,23,0.9565217391304348,0.9565217391304348,1.0,1.0
PM4_heatmap_speed2,2121129191,baseline,5,17,8,1.0,1.0,-1.0,-1.0
PM4_heatmap_speed2,2121129191,baseline,7,17,2,0.0,0.0,0.0,0.0
PM4_heatmap_speed2,2121129191,baseline,8,17,10,1.0,1.0,-1.0,-1.0
PM4_heatmap_speed2,2121129191,baseline,9,17,34,0.9705882352941176,0.9705882352941176,1.0,1.0
PM4_heatmap_speed2,2121129191,baseline,10,17,18,0.7777777777777778,0.7777777777777778,0.6666666666666666,0.6666666666666666
PM4_heatmap_speed2,2121129191,baseline,11,17,10,0.6,0.6,-1.0,-1.0
PM4_heatmap_speed2,2121129191,baseline,13,17,51,0.8627450980392157,0.8627450980392157,0.8,0.8
PM4_heatmap_speed2,2121129191,baseline,14,17,28,0.8571428571428571,0.8571428571428571,1.0,1.0
PM4_heatmap_speed2,2121129191,baseline,15,17,34,0.7647058823529411,0.7647058823529411,-1.0,-1.0
PM4_heatmap_speed2,2121129191,baseline,16,17,24,0.8333333333333334,0.8333333333333334,-1.0,-1.0
PM4_heatmap_speed2,2121129191,baseline,17,17,44,0.8863636363636364,0.8863636363636364,-1.0,-1.0
PM4_heatmap_speed2,2121129191,baseline,18,17,14,0.8571428571428571,0.8571428571428571,-1.0,-1.0
PM4_heatmap_speed2,2121129191,baseline,19,17,26,0.8846153846153846,0.8846153846153846,-1.0,-1.0
PM4_heatmap_speed2,2121129191,baseline,20,17,51,0.8627450980392157,0.8627450980392157,-1.0,-1.0
PM4_heatmap_speed2,2121129191,baseline,21,17,15,0.8,0.8,-1.0,-1.0
PM4_heatmap_speed2,2121129191,baseline,22,17,66,0.803030303030303,0.803030303030303,-1.0,-1.0
PM4_heatmap_speed2,2121129191,baseline,24,17,53,0.8490566037735849,0.8490566037735849,1.0,1.0
PM4_heatmap_speed2,2121129191,baseline,25,17,48,0.9375,0.9375,1.0,1.0
PM4_heatmap_speed2,2121129191,baseline,26,17,40,0.725,0.725,0.8,0.8
PM4_heatmap_speed2,2121129191,baseline,27,17,25,0.88,0.88,-1.0,-1.0
PM4_heatmap_speed2,2121129191,baseline,28,17,18,0.7222222222222222,0.7222222222222222,-1.0,-1.0
PM4_heatmap_speed2,2121129191,baseline,29,17,46,0.8260869565217391,0.8260869565217391,-1.0,-1.0
PM4_heatmap_speed2,2121129191,baseline,30,17,65,0.8769230769230769,0.8769230769230769,1.0,1.0
PM4_heatmap_speed2,2121129191,baseline,31,17,34,0.9411764705882353,0.9411764705882353,1.0,1.0
PM4_heatmap_speed2,2121129191,baseline,32,17,60,0.9166666666666666,0.9166666666666666,1.0,1.0
PM4_heatmap_speed2,2121129191,baseline,33,17,106,0.8679245283018868,0.8679245283018868,1.0,1.0
PM4_heatmap_speed2,2121129191,baseline,34,17,88,0.8636363636363636,0.8636363636363636,-1.0,-1.0
PM4_heatmap_speed2,2121129191,baseline,35,17,33,0.7878787878787878,0.7878787878787878,-1.0,-1.0
PM4_heatmap_speed2,2121129191,baseline,36,17,90,0.8777777777777778,0.8777777777777778,-1.0,-1.0
PM4_heatmap_speed2,2121129191,baseline,37,17,30,0.9,0.9,-1.0,-1.0
PM4_heatmap_speed2,2121129191,baseline,38,17,50,0.96,0.96,-1.0,-1.0
PM4_heatmap_speed2,2121129191,baseline,39,17,89,0.8539325842696629,0.8539325842696629,-1.0,-1.0
PM4_heatmap_speed2,2121129191,baseline,40,17,46,0.8260869565217391,0.8260869565217391,-1.0,-1.0
PM4_heatmap_speed2,2121129191,baseline,41,17,40,0.775,0.775,-1.0,-1.0
PM4_heatmap_speed2,2121129191,baseline,42,17,46,0.9347826086956522,0.9347826086956522,1.0,1.0
PM4_heatmap_speed2,2121129191,baseline,43,17,27,0.9259259259259259,0.9259259259259259,1.0,1.0
PM4_heatmap_speed2,2121129191,baseline,44,17,13,0.7692307692307693,0.7692307692307693,1.0,1.0
PM4_heatmap_speed2,2121129191,baseline,46,17,38,0.9210526315789473,0.9210526315789473,-1.0,-1.0
PM4_heatmap_speed2,2121129191,baseline,47,17,29,0.896551724137931,0.896551724137931,1.0,1.0
PM4_heatmap_speed2,2121129191,baseline,48,17,13,0.9230769230769231,0.9230769230769231,1.0,1.0
PM4_heatmap_speed2,2121129191,baseline,49,17,17,0.8823529411764706,0.8823529411764706,1.0,1.0
PM4_heatmap_speed2,2121129191,baseline,0,18,20,0.9,0.9,-1.0,-1.0
PM4_heatmap_speed2,2121129191,baseline,1,18,24,0.8333333333333334,0.8333333333333334,-1.0,-1.0
PM4_heatmap_speed2,2121129191,baseline,2,18,29,0.7241379310344828,0.7241379310344828,0.7272727272727273,0.7272727272727273
PM4_heatmap_speed2,2121129191,baseline,4,18,22,0.8181818181818182,0.8181818181818182,-1.0,-1.0
PM4_heatmap_speed2,2121129191,baseline,5,18,15,0.8666666666666667,0.8666666666666667,-1.0,-1.0
PM4_heatmap_speed2,2121129191,baseline,6,18,9,0.8888888888888888,0.8888888888888888,-1.0,-1.0
PM4_heatmap_speed2,2121129191,baseline,7,18,18,0.8333333333333334,0.8333333333333334,0.6666666666666666,0.6666666666666666
PM4_heatmap_speed2,2121129191,baseline,8,18,31,0.9032258064516129,0.9032258064516129,-1.0,-1.0
PM4_heatmap_speed2,2121129191,baseline,9,18,15,0.9333333333333333,0.9333333333333333,0.0,0.0
PM4_heatmap_speed2,2121129191,baseline,11,18,33,0.9090909090909091,0.9090909090909091,-1.0,-1.0
PM4_heatmap_speed2,2121129191,baseline,13,18,48,0.8333333333333334,0.8333333333333334,0.0,0.0
PM4_heatmap_speed2,2121129191,baseline,14,18,21,0.7619047619047619,0.7619047619047619,0.5,0.5
PM4_heatmap_speed2,2121129191,baseline,16,18,15,0.6666666666666666,0.6666666666666666,-1.0,-1.0
PM4_heatmap_speed2,2121129191,baseline,17,18,11,0.8181818181818182,0.8181818181818182,-1.0,-1.0
PM4_heatmap_speed2,2121129191,baseline,18,18,20,0.9,0.9,-1.0,-1.0
PM4_heatmap_speed2,2121129191,baseline,19,18,25,0.92,0.92,0.0,0.0
PM4_heatmap_speed2,2121129191,baseline,20,18,71,0.6901408450704225,0.6901408450704225,-1.0,-1.0
PM4_heatmap_speed2,2121129191,baseline,21,18,41,0.8292682926829268,0.8292682926829268,-1.0,-1.0
PM4_heatmap_speed2,2121129191,baseline,22,18,118,0.8983050847457628,0.8983050847457628,-1.0,-1.0
PM4_heatmap_speed2,2121129191,baseline,24,18,30,0.8666666666666667,0.8666666666666667,-1.0,-1.0
PM4_heatmap_speed2,2121129191,baseline,25,18,42,0.7857142857142857,0.7857142857142857,1.0,1.0
PM4_heatmap_speed2,2121129191,baseline,26,18,31,0.7419354838709677,0.7419354838709677,1.0,1.0
PM4_heatmap_speed2,2121129191,baseline,27,18,110,0.8272727272727273,0.8272727272727273,1.0,1.0
PM4_heatmap_speed2,2121129191,baseline,28,18,2,1.0,1.0,-1.0,-1.0
PM4_heatmap_speed2,2121129191,baseline,29,18,31,0.7741935483870968,0.7741935483870968,-1.0,-1.0
PM4_heatmap_speed2,2121129191,baseline,30,18,29,0.9655172413793104,0.9655172413793104,-1.0,-1.0
PM4_heatmap_speed2,2121129191,baseline,31,18,36,0.9722222222222222,0.9722222222222222,1.0,1.0
PM4_heatmap_speed2,2121129191,baseline,33,18,19,0.8421052631578947,0.8421052631578947,-1.0,-1.0
PM4_heatmap_speed2,2121129191,baseline,35,18,29,0.9310344827586207,0.9310344827586207,-1.0,-1.0
PM4_heatmap_speed2,2121129191,baseline,36,18,36,0.8055555555555556,0.8055555555555556,-1.0,-1.0
PM4_heatmap_speed2,2121129191,baseline,39,18,13,0.9230769230769231,0.9230769230769231,-1.0,-1.0
PM4_heatmap_speed2,2121129191,baseline,40,18,128,0.8203125,0.8203125,-1.0,-1.0
PM4_heatmap_speed2,2121129191,baseline,41,18,47,0.8936170212765957,0.8936170212765957,-1.0,-1.0
PM4_heatmap_speed2,2121129191,baseline,42,18,35,1.0,1.0,1.0,1.0
PM4_heatmap_speed2,2121129191,baseline,43,18,3,0.3333333333333333,0.3333333333333333,-1.0,-1.0
PM4_heatmap_speed2,2121129191,baseline,44,18,63,0.8571428571428571,0.8571428571428571,1.0,1.0
PM4_heatmap_speed2,2121129191,baseline,45,18,21,0.9523809523809523,0.9523809523809523,-1.0,-1.0
PM4_heatmap_speed2,2121129191,baseline,46,18,13,0.9230769230769231,0.9230769230769231,-1.0,-1.0
PM4_heatmap_speed2,2121129191,baseline,47,18,12,1.0,1.0,-1.0,-1.0
PM4_heatmap_speed2,2121129191,baseline,49,18,15,0.9333333333333333,0.9333333333333333,1.0,1.0
PM4_heatmap_speed2,2121129191,baseline,0,19,22,0.9545454545454546,0.9545454545454546,-1.0,-1.0
PM4_heatmap_speed2,2121129191,baseline,1,19,27,0.8888888888888888,0.8888888888888888,0.5,0.5
PM4_heatmap_speed2,2121129191,baseline,2,19,64,0.90625,0.90625,0.7142857142857143,0.7142857142857143
PM4_heatmap_speed2,2121129191,baseline,3,19,54,0.8888888888888888,0.8888888888888888,-1.0,-1.0
PM4_heatmap_speed2,2121129191,baseline,4,19,43,0.8604651162790697,0.8604651162790697,-1.0,-1.0
PM4_heatmap_speed2,2121129191,baseline,5,19,53,0.8679245283018868,0.8679245283018868,-1.0,-1.0
PM4_heatmap_speed2,2121129191,baseline,6,19,38,0.7368421052631579,0.7368421052631579,-1.0,-1.0
PM4_heatmap_speed2,2121129191,baseline,7,19,26,0.8076923076923077,0.8076923076923077,-1.0,-1.0
PM4_heatmap_speed2,2121129191,baseline,8,19,125,0.904,0.904,-1.0,-1.0
PM4_heatmap_speed2,2121129191,baseline,9,19,42,0.8333333333333334,0.8333333333333334,-1.0,-1.0
PM4_heatmap_speed2,2121129191,baseline,10,19,25,0.88,0.88,-1.0,-1.0
PM4_heatmap_speed2,2121129191,baseline,11,19,46,0.8478260869565217,0.8478260869565217,-1.0,-1.0
PM4_heatmap_speed2,2121129191,baseline,13,19,49,0.9591836734693877,0.9591836734693877,-1.0,-1.0
PM4_heatmap_speed2,2121129191,baseline,14,19,66,0.8636363636363636,0.8636363636363636,-1.0,-1.0
PM4_heatmap_speed2,2121129191,baseline,15,19,39,0.7948717948717948,0.7948717948717948,0.0,0.0
PM4_heatmap_speed2,2121129191,baseline,16,19,60,0.85,0.85,0.0,0.0
PM4_heatmap_speed2,2121129191,baseline,17,19,26,0.8846153846153846,0.8846153846153846,-1.0,-1.0
PM4_heatmap_speed2,2121129191,baseline,18,19,67,0.8208955223880597,0.8208955223880597,-1.0,-1.0
PM4_heatmap_speed2,2121129191,baseline,19,19,50,0.88,0.88,0.6666666666666666,0.6666666666666666
PM4_heatmap_speed2,2121129191,baseline,20,19,72,0.9305555555555556,0.9305555555555556,-1.0,-1.0
PM4_heatmap_speed2,2121129191,baseline,21,19,48,0.75,0.75,-1.0,-1.0
PM4_heatmap_speed2,2121129191,baseline,22,19,134,0.835820895522388,0.835820895522388,-1.0,-1.0
PM4_heatmap_speed2,2121129191,baseline,23,19,53,0.8113207547169812,0.8113207547169812,-1.0,-1.0
PM4_heatmap_speed2,2121129191,baseline,24,19,125,0.888,0.888,-1.0,-1.0
PM4_heatmap_speed2,2121129191,baseline,25,19,66,0.8787878787878788,0.8787878787878788,-1.0,-1.0
PM4_heatmap_speed2,2121129191,baseline,26,19,37,0.918918918918919,0.918918918918919,-1.0,-1.0
PM4_heatmap_speed2,2121129191,baseline,27,19,108,0.7870370370370371,0.7870370370370371,-1.0,-1.0
PM4_heatmap_speed2,2121129191,baseline,28,19,82,0.7804878048780488,0.7804878048780488,1.0,1.0
PM4_heatmap_speed2,2121129191,baseline,29,19,110,0.8272727272727273,0.8272727272727273,0.75,0.75
PM4_heatmap_speed2,2121129191,baseline,30,19,48,0.8541666666666666,0.8541666666666666,-1.0,-1.0
PM4_heatmap_speed2,2121129191,baseline,31,19,103,0.8155339805825242,0.8155339805825242,-1.0,-1.0
PM4_heatmap_speed2,2121129191,baseline,32,19,62,0.8548387096774194,0.8548387096774194,-1.0,-1.0
PM4_heatmap_speed2,2121129191,baseline,33,19,63,0.8412698412698413,0.8412698412698413,-1.0,-1.0
PM4_heatmap_speed2,2121129191,baseline,34,19,16,0.8125,0.8125,0.0,0.0
PM4_heatmap_speed2,2121129191,baseline,35,19,63,0.9047619047619048,0.9047619047619048,1.0,1.0
PM4_heatmap_speed2,2121129191,baseline,36,19,102,0.8333333333333334,0.8333333333333334,-1.0,-1.0
PM4_heatmap_speed2,2121129191,baseline,37,19,58,0.8275862068965517,0.8275862068965517,-1.0,-1.0
PM4_heatmap_speed2,2121129191,baseline,38,19,35,0.9142857142857143,0.9142857142857143,-1.0,-1.0
PM4_heatmap_speed2,2121129191,baseline,39,19,13,0.8461538461538461,0.8461538461538461,-1.0,-1.0
PM4_heatmap_speed2,2121129191,baseline,40,19,13,0.9230769230769231,0.9230769230769231,-1.0,-1.0
PM4_heatmap_speed2,2121129191,baseline,41,19,59,0.864406779661017,0.864406779661017,-1.0,-1.0
PM4_heatmap_speed2,2121129191,baseline,42,19,71,0.9154929577464789,0.9154929577464789,1.0,1.0
PM4_heatmap_speed2,2121129191,baseline,43,19,27,0.7777777777777778,0.7777777777777778,-1.0,-1.0
PM4_heatmap_speed2,2121129191,baseline,44,19,108,0.8148148148148148,0.8148148148148148,1.0,1.0
PM4_heatmap_speed2,2121129191,baseline,45,19,34,0.8823529411764706,0.8823529411764706,-1.0,-1.0
PM4_heatmap_speed2,2121129191,baseline,47,19,28,0.8214285714285714,0.8214285714285714,-1.0,-1.0
PM4_heatmap_speed2,2121129191,baseline,48,19,13,0.9230769230769231,0.9230769230769231,-1.0,-1.0
PM4_heatmap_speed2,2121129191,baseline,49,19,19,0.7894736842105263,0.7894736842105263,-1.0,-1.0
PM4_heatmap_speed2,2121129191,baseline,1,20,19,1.0,1.0,1.0,1.0
PM4_heatmap_speed2,2121129191,baseline,2,20,16,0.8125,0.8125,0.3333333333333333,0.3333333333333333
PM4_heatmap_speed2,2121129191,baseline,3,20,39,0.8974358974358975,0.8974358974358975,-1.0,-1.0
PM4_heatmap_speed2,2121129191,baseline,4,20,20,0.85,0.85,-1.0,-1.0
PM4_heatmap_speed2,2121129191,baseline,5,20,25,0.92,0.92,-1.0,-1.0
PM4_heatmap_speed2,2121129191,baseline,6,20,28,0.7857142857142857,0.7857142857142857,-1.0,-1.0
PM4_heatmap_speed2,2121129191,baseline,8,20,52,0.8846153846153846,0.8846153846153846,-1.0,-1.0
PM4_heatmap_speed2,2121129191,baseline,9,20,41,0.7804878048780488,0.7804878048780488,-1.0,-1.0
PM4_heatmap_speed2,2121129191,baseline,11,20,46,0.8043478260869565,0.8043478260869565,-1.0,-1.0
PM4_heatmap_speed2,2121129191,baseline,12,20,20,0.8,0.8,-1.0,-1.0
PM4_heatmap_speed2,2121129191,baseline,13,20,41,0.9024390243902439,0.9024390243902439,-1.0,-1.0
PM4_heatmap_speed2,2121129191,baseline,14,20,23,0.7391304347826086,0.7391304347826086,1.0,1.0
PM4_heatmap_speed2,2121129191,baseline,15,20,32,0.6875,0.6875,1.0,1.0
PM4_heatmap_speed2,2121129191,baseline,16,20,57,0.7894736842105263,0.7894736842105263,1.0,1.0
PM4_heatmap_speed2,2121129191,baseline,18,20,34,0.7941176470588235,0.7941176470588235,-1.0,-1.0
PM4_heatmap_speed2,2121129191,baseline,19,20,75,0.7733333333333333,0.7733333333333333,-1.0,-1.0
PM4_heatmap_speed2,2121129191,baseline,20,20,29,0.7586206896551724,0.7586206896551724,-1.0,-1.0
PM4_heatmap_speed2,2121129191,baseline,22,20,22,0.7727272727272727,0.7727272727272727,-1.0,-1.0
PM4_heatmap_speed2,2121129191,baseline,23,20,7,0.7142857142857143,0.7142857142857143,-1.0,-1.0
PM4_heatmap_speed2,2121129191,baseline,24,20,63,0.8253968253968254,0.8253968253968254,-1.0,-1.0
PM4_heatmap_speed2,2121129191,baseline,25,20,28,0.6785714285714286,0.6785714285714286,-1.0,-1.0
PM4_heatmap_speed2,2121129191,baseline,26,20,13,0.7692307692307693,0.7692307692307693,-1.0,-1.0
PM4_heatmap_speed2,2121129191,baseline,27,20,111,0.8378378378378378,0.8378378378378378,-1.0,-1.0
PM4_heatmap_speed2,2121129191,baseline,28,20,114,0.8245614035087719,0.8245614035087719,0.8,0.8
PM4_heatmap_speed2,2121129191,baseline,29,20,114,0.8421052631578947,0.8421052631578947,1.0,1.0
PM4_heatmap_speed2,2121129191,baseline,30,20,70,0.9142857142857143,0.9142857142857143,1.0,1.0
PM4_heatmap_speed2,2121129191,baseline,31,20,22,0.6818181818181818,0.6818181818181818,1.0,1.0
PM4_heatmap_speed2,2121129191,baseline,32,20,35,0.8,0.8,1.0,1.0
PM4_heatmap_speed2,2121129191,baseline,33,20,28,0.7857142857142857,0.7857142857142857,-1.0,-1.0
PM4_heatmap_speed2,2121129191,baseline,34,20,10,0.8,0.8,-1.0,-1.0
PM4_heatmap_speed2,2121129191,baseline,35,20,35,0.8,0.8,0.5,0.5
PM4_heatmap_speed2,2121129191,baseline,36,20,37,0.7027027027027027,0.7027027027027027,-1.0,-1.0
PM4_heatmap_speed2,2121129191,baseline,37,20,50,0.86,0.86,1.0,1.0
PM4_heatmap_speed2,2121129191,baseline,38,20,41,0.9024390243902439,0.9024390243902439,1.0,1.0
PM4_heatmap_speed2,2121129191,baseline,41,20,40,0.775,0.775,-1.0,-1.0
PM4_heatmap_speed2,2121129191,baseline,42,20,92,0.8152173913043478,0.8152173913043478,1.0,1.0
PM4_heatmap_speed2,2121129191,baseline,44,20,71,0.8028169014084507,0.8028169014084507,-1.0,-1.0
PM4_heatmap_speed2,2121129191,baseline,45,20,1,1.0,1.0,-1.0,-1.0
PM4_heatmap_speed2,2121129191,baseline,46,20,19,1.0,1.0,-1.0,-1.0
PM4_heatmap_speed2,2121129191,baseline,47,20,23,0.7391304347826086,0.7391304347826086,-1.0,-1.0
PM4_heatmap_speed2,2121129191,baseline,49,20,10,0.8,0.8,1.0,1.0
PM4_heatmap_speed2,2121129191,baseline,1,21,10,1.0,1.0,1.0,1.0
PM4_heatmap_speed2,2121129191,baseline,2,21,18,1.0,1.0,1.0,1.0
PM4_heatmap_speed2,2121129191,baseline,3,21,29,0.896551724137931,0.896551724137931,-1.0,-1.0
PM4_heatmap_speed2,2121129191,baseline,4,21,8,0.875,0.875,1.0,1.0
PM4_heatmap_speed2,2121129191,baseline,5,21,34,0.7647058823529411,0.7647058823529411,1.0,1.0
PM4_heatmap_speed2,2121129191,baseline,6,21,74,0.918918918918919,0.918918918918919,1.0,1.0
PM4_heatmap_speed2,2121129191,baseline,7,21,49,0.8571428571428571,0.8571428571428571,1.0,1.0
PM4_heatmap_speed2,2121129191,baseline,8,21,62,0.9354838709677419,0.9354838709677419,1.0,1.0
PM4_heatmap_speed2,2121129191,baseline,9,21,70,0.8714285714285714,0.8714285714285714,-1.0,-1.0
PM4_heatmap_speed2,2121129191,baseline,10,21,17,0.9411764705882353,0.9411764705882353,-1.0,-1.0
PM4_heatmap_speed2,2121129191,baseline,11,21,71,0.8309859154929577,0.8309859154929577,1.0,1.0
PM4_heatmap_speed2,2121129191,baseline,12,21,49,0.8163265306122449,0.8163265306122449,1.0,1.0
PM4_heatmap_speed2,2121129191,baseline,13,21,55,0.8909090909090909,0.8909090909090909,-1.0,-1.0
PM4_heatmap_speed2,2121129191,baseline,14,21,62,0.9354838709677419,0.9354838709677419,1.0,1.0
PM4_heatmap_speed2,2121129191,baseline,15,21,20,0.85,0.85,1.0,1.0
PM4_heatmap_speed2,2121129191,baseline,16,21,124,0.8145161290322581,0.8145161290322581,0.6666666666666666,0.6666666666666666
PM4_heatmap_speed2,2121129191,baseline,17,21,33,0.7575757575757576,0.7575757575757576,-1.0,-1.0
PM4_heatmap_speed2,2121129191,baseline,18,21,46,0.8695652173913043,0.8695652173913043,-1.0,-1.0
PM4_heatmap_speed2,2121129191,baseline,19,21,53,0.7735849056603774,0.7735849056603774,-1.0,-1.0
PM4_heatmap_speed2,2121129191,baseline,20,21,74,0.7972972972972973,0.7972972972972973,0.6666666666666666,0.6666666666666666
PM4_heatmap_speed2,2121129191,baseline,22,21,41,0.926829268292683,0.926829268292683,-1.0,-1.0
PM4_heatmap_speed2,2121129191,baseline,23,21,21,0.8095238095238095,0.8095238095238095,-1.0,-1.0
PM4_heatmap_speed2,2121129191,baseline,24,21,35,0.8571428571428571,0.8571428571428571,-1.0,-1.0
PM4_heatmap_speed2,2121129191,baseline,25,21,32,0.6875,0.6875,-1.0,-1.0
PM4_heatmap_speed2,2121129191,baseline,26,21,8,0.75,0.75,-1.0,-1.0
PM4_heatmap_speed2,2121129191,baseline,27,21,40,0.75,0.75,0.6666666666666666,0.6666666666666666
PM4_heatmap_speed2,2121129191,baseline,28,21,22,0.9090909090909091,0.9090909090909091,1.0,1.0
PM4_heatmap_speed2,2121129191,baseline,30,21,69,0.8840579710144928,0.8840579710144928,-1.0,-1.0
PM4_heatmap_speed2,2121129191,baseline,31,21,51,0.8431372549019608,0.8431372549019608,0.8,0.8
PM4_heatmap_speed2,2121129191,baseline,32,21,75,0.84,0.84,0.6666666666666666,0.6666666666666666
PM4_heatmap_speed2,2121129191,baseline,33,21,25,0.88,0.88,0.75,0.75
PM4_heatmap_speed2,2121129191,baseline,34,21,13,0.8461538461538461,0.8461538461538461,1.0,1.0
PM4_heatmap_speed2,2121129191,baseline,35,21,49,0.8367346938775511,0.8367346938775511,0.875,0.875
PM4_heatmap_speed2,2121129191,baseline,36,21,44,0.8181818181818182,0.8181818181818182,-1.0,-1.0
PM4_heatmap_speed2,2121129191,baseline,37,21,30,0.9,0.9,-1.0,-1.0
PM4_heatmap_speed2,2121129191,baseline,38,21,65,0.9076923076923077,0.9076923076923077,1.0,1.0
PM4_heatmap_speed2,2121129191,baseline,39,21,26,0.9230769230769231,0.9230769230769231,-1.0,-1.0
PM4_heatmap_speed2,2121129191,baseline,40,21,34,0.9411764705882353,0.9411764705882353,-1.0,-1.0
PM4_heatmap_speed2,2121129191,baseline,41,21,24,0.875,0.875,-1.0,-1.0
PM4_heatmap_speed2,2121129191,baseline,42,21,92,0.8913043478260869,0.8913043478260869,0.8,0.8
PM4_heatmap_speed2,2121129191,baseline,43,21,67,0.8656716417910447,0.8656716417910447,0.5,0.5
PM4_heatmap_speed2,2121129191,baseline,44,21,74,0.8783783783783784,0.8783783783783784,-1.0,-1.0
PM4_heatmap_speed2,2121129191,baseline,46,21,25,0.88,0.88,-1.0,-1.0
PM4_heatmap_speed2,2121129191,baseline,47,21,41,0.8536585365853658,0.8536585365853658,-1.0,-1.0
PM4_heatmap_speed2,2121129191,baseline,48,21,18,0.8888888888888888,0.8888888888888888,1.0,1.0
PM4_heatmap_speed2,2121129191,baseline,49,21,11,0.8181818181818182,0.8181818181818182,1.0,1.0
PM4_heatmap_speed2,2121129191,baseline,0,22,28,0.8928571428571429,0.8928571428571429,0.3333333333333333,0.3333333333333333
PM4_heatmap_speed2,2121129191,baseline,1,22,19,0.8947368421052632,0.8947368421052632,1.0,1.0
PM4_heatmap_speed2,2121129191,baseline,2,22,24,0.8333333333333334,0.8333333333333334,1.0,1.0
PM4_heatmap_speed2,2121129191,baseline,3,22,61,0.9180327868852459,0.9180327868852459,1.0,1.0
PM4_heatmap_speed2,2121129191,baseline,4,22,15,0.8,0.8,1.0,1.0
PM4_heatmap_speed2,2121129191,baseline,5,22,17,0.7647058823529411,0.7647058823529411,-1.0,-1.0
PM4_heatmap_speed2,2121129191,baseline,6,22,26,0.8846153846153846,0.8846153846153846,0.8,0.8
PM4_heatmap_speed2,2121129191,baseline,7,22,26,0.7692307692307693,0.7692307692307693,0.9090909090909091,0.9090909090909091
PM4_heatmap_speed2,2121129191,baseline,8,22,83,0.8554216867469879,0.8554216867469879,0.7777777777777778,0.7777777777777778
PM4_heatmap_speed2,2121129191,baseline,9,22,19,0.7894736842105263,0.7894736842105263,0.7142857142857143,0.7142857142857143
PM4_heatmap_speed2,2121129191,baseline,10,22,33,0.9090909090909091,0.9090909090909091,0.7,0.7
PM4_heatmap_speed2,2121129191,baseline,11,22,58,0.9310344827586207,0.9310344827586207,1.0,1.0
PM4_heatmap_speed2,2121129191,baseline,12,22,88,0.9090909090909091,0.9090909090909091,1.0,1.0
PM4_heatmap_speed2,2121129191,baseline,13,22,110,0.9181818181818182,0.9181818181818182,0.7777777777777778,0.7777777777777778
PM4_heatmap_speed2,2121129191,baseline,14,22,42,0.7857142857142857,0.7857142857142857,1.0,1.0
PM4_heatmap_speed2,2121129191,baseline,16,22,81,0.8271604938271605,0.8271604938271605,0.5,0.5
PM4_heatmap_speed2,2121129191,baseline,17,22,29,0.7586206896551724,0.7586206896551724,1.0,1.0
PM4_heatmap_speed2,2121129191,baseline,18,22,43,0.8837209302325582,0.8837209302325582,1.0,1.0
PM4_heatmap_speed2,2121129191,baseline,19,22,75,0.84,0.84,-1.0,-1.0
PM4_heatmap_speed2,2121129191,baseline,20,22,104,0.7980769230769231,0.7980769230769231,1.0,1.0
PM4_heatmap_speed2,2121129191,baseline,21,22,43,0.9069767441860465,0.9069767441860465,0.6,0.6
PM4_heatmap_speed2,2121129191,baseline,22,22,42,0.9047619047619048,0.9047619047619048,-1.0,-1.0
PM4_heatmap_speed2,2121129191,baseline,23,22,30,0.8,0.8,0.0,0.0
PM4_heatmap_speed2,2121129191,baseline,24,22,66,0.8939393939393939,0.8939393939393939,1.0,1.0
PM4_heatmap_speed2,2121129191,baseline,25,22,65,0.8461538461538461,0.8461538461538461,1.0,1.0
PM4_heatmap_speed2,2121129191,baseline,26,22,24,0.7916666666666666,0.7916666666666666,-1.0,-1.0
PM4_heatmap_speed2,2121129191,baseline,27,22,54,0.7777777777777778,0.7777777777777778,0.0,0.0
PM4_heatmap_speed2,2121129191,baseline,28,22,65,0.8769230769230769,0.8769230769230769,1.0,1.0
PM4_heatmap_speed2,2121129191,baseline,29,22,42,0.8095238095238095,0.8095238095238095,0.875,0.875
PM4_heatmap_speed2,2121129191,baseline,30,22,41,0.8536585365853658,0.8536585365853658,0.75,0.75
PM4_heatmap_speed2,2121129191,baseline,31,22,25,0.8,0.8,1.0,1.0
PM4_heatmap_speed2,2121129191,baseline,32,22,42,0.8809523809523809,0.8809523809523809,0.75,0.75
PM4_heatmap_speed2,2121129191,baseline,33,22,25,0.88,0.88,-1.0,-1.0
PM4_heatmap_speed2,2121129191,baseline,34,22,9,1.0,1.0,1.0,1.0
PM4_heatmap_speed2,2121129191,baseline,35,22,33,0.9696969696969697,0.9696969696969697,0.9444444444444444,0.9444444444444444
PM4_heatmap_speed2,2121129191,baseline,36,22,15,0.8666666666666667,0.8666666666666667,-1.0,-1.0
PM4_heatmap_speed2,2121129191,baseline,37,22,71,0.971830985915493,0.971830985915493,1.0,1.0
PM4_heatmap_speed2,2121129191,baseline,38,22,83,0.9036144578313253,0.9036144578313253,1.0,1.0
PM4_heatmap_speed2,2121129191,baseline,39,22,24,0.8333333333333334,0.8333333333333334,1.0,1.0
PM4_heatmap_speed2,2121129191,baseline,40,22,49,0.8367346938775511,0.8367346938775511,1.0,1.0
PM4_heatmap_speed2,2121129191,baseline,41,22,46,0.8695652173913043,0.8695652173913043,1.0,1.0
PM4_heatmap_speed2,2121129191,baseline,42,22,126,0.9365079365079365,0.9365079365079365,1.0,1.0
PM4_heatmap_speed2,2121129191,baseline,43,22,56,0.8392857142857143,0.8392857142857143,-1.0,-1.0
PM4_heatmap_speed2,2121129191,baseline,44,22,131,0.8702290076335878,0.8702290076335878,-1.0,-1.0
PM4_heatmap_speed2,2121129191,baseline,45,22,49,0.8571428571428571,0.8571428571428571,-1.0,-1.0
PM4_heatmap_speed2,2121129191,baseline,46,22,18,0.8333333333333334,0.8333333333333334,-1.0,-1.0
PM4_heatmap_speed2,2121129191,baseline,47,22,16,0.875,0.875,1.0,1.0
PM4_heatmap_speed2,2121129191,baseline,48,22,21,0.8571428571428571,0.8571428571428571,1.0,1.0
PM4_heatmap_speed2,2121129191,baseline,49,22,22,1.0,1.0,-1.0,-1.0
PM4_heatmap_speed2,2121129191,baseline,0,23,20,0.9,0.9,-1.0,-1.0
PM4_heatmap_speed2,2121129191,baseline,2,23,7,1.0,1.0,1.0,1.0
PM4_heatmap_speed2,2121129191,baseline,3,23,11,0.8181818181818182,0.8181818181818182,-1.0,-1.0
PM4_heatmap_speed2,2121129191,baseline,5,23,6,0.8333333333333334,0.8333333333333334,-1.0,-1.0
PM4_heatmap_speed2,2121129191,baseline,6,23,17,0.9411764705882353,0.9411764705882353,0.5,0.5
PM4_heatmap_speed2,2121129191,baseline,8,23,13,0.6923076923076923,0.6923076923076923,-1.0,-1.0
PM4_heatmap_speed2,2121129191,baseline,10,23,9,1.0,1.0,1.0,1.0
PM4_heatmap_speed2,2121129191,baseline,11,23,23,0.782608695652174,0.782608695652174,0.8,0.8
PM4_heatmap_speed2,2121129191,baseline,13,23,24,0.875,0.875,1.0,1.0
PM4_heatmap_speed2,2121129191,baseline,14,23,1,1.0,1.0,-1.0,-1.0
PM4_heatmap_speed2,2121129191,baseline,16,23,38,0.7631578947368421,0.7631578947368421,0.0,0.0
PM4_heatmap_speed2,2121129191,baseline,18,23,92,0.8586956521739131,0.8586956521739131,-1.0,-1.0
PM4_heatmap_speed2,2121129191,baseline,19,23,37,0.8108108108108109,0.8108108108108109,-1.0,-1.0
PM4_heatmap_speed2,2121129191,baseline,20,23,11,0.9090909090909091,0.9090909090909091,1.0,1.0
PM4_heatmap_speed2,2121129191,baseline,21,23,34,0.7941176470588235,0.7941176470588235,0.8,0.8
PM4_heatmap_speed2,2121129191,baseline,22,23,30,0.7333333333333333,0.7333333333333333,0.0,0.0
PM4_heatmap_speed2,2121129191,baseline,24,23,21,0.9047619047619048,0.9047619047619048,1.0,1.0
PM4_heatmap_speed2,2121129191,baseline,25,23,81,0.8395061728395061,0.8395061728395061,1.0,1.0
PM4_heatmap_speed2,2121129191,baseline,26,23,60,0.8833333333333333,0.8833333333333333,-1.0,-1.0
PM4_heatmap_speed2,2121129191,baseline,27,23,21,0.9523809523809523,0.9523809523809523,-1.0,-1.0
PM4_heatmap_speed2,2121129191,baseline,28,23,37,0.6756756756756757,0.6756756756756757,0.6666666666666666,0.6666666666666666
PM4_heatmap_speed2,2121129191,baseline,29,23,11,0.7272727272727273,0.7272727272727273,1.0,1.0
PM4_heatmap_speed2,2121129191,baseline,30,23,50,0.88,0.88,0.4,0.4
PM4_heatmap_speed2,2121129191,baseline,32,23,18,0.8333333333333334,0.8333333333333334,0.8,0.8
PM4_heatmap_speed2,2121129191,baseline,33,23,30,0.8,0.8,-1.0,-1.0
PM4_heatmap_speed2,2121129191,baseline,35,23,15,0.8666666666666667,0.8666666666666667,-1.0,-1.0
PM4_heatmap_speed2,2121129191,baseline,37,23,49,0.7959183673469388,0.7959183673469388,0.5,0.5
PM4_heatmap_speed2,2121129191,baseline,38,23,77,0.8441558441558441,0.8441558441558441,0.7647058823529411,0.7647058823529411
PM4_heatmap_speed2,2121129191,baseline,39,23,16,0.875,0.875,-1.0,-1.0
PM4_heatmap_speed2,2121129191,baseline,40,23,39,0.7435897435897436,0.7435897435897436,1.0,1.0
PM4_heatmap_speed2,2121129191,baseline,41,23,62,0.8387096774193549,0.8387096774193549,1.0,1.0
PM4_heatmap_speed2,2121129191,baseline,42,23,59,0.8135593220338984,0.8135593220338984,1.0,1.0
PM4_heatmap_speed2,2121129191,baseline,45,23,9,0.7777777777777778,0.7777777777777778,-1.0,-1.0
PM4_heatmap_speed2,2121129191,baseline,46,23,12,0.8333333333333334,0.8333333333333334,-1.0,-1.0
PM4_heatmap_speed2,2121129191,baseline,47,23,6,0.8333333333333334,0.8333333333333334,-1.0,-1.0
PM4_heatmap_speed2,2121129191,baseline,48,23,1,1.0,1.0,-1.0,-1.0
PM4_heatmap_speed2,2121129191,baseline,49,23,11,0.9090909090909091,0.9090909090909091,-1.0,-1.0
PM4_heatmap_speed2,2121129191,baseline,0,24,15,1.0,1.0,-1.0,-1.0
PM4_heatmap_speed2,2121129191,baseline,1,24,13,0.7692307692307693,0.7692307692307693,-1.0,-1.0
PM4_heatmap_speed2,2121129191,baseline,2,24,22,0.9090909090909091,0.9090909090909091,1.0,1.0
PM4_heatmap_speed2,2121129191,baseline,3,24,40,0.9,0.9,-1.0,-1.0
PM4_heatmap_speed2,2121129191,baseline,4,24,29,0.8620689655172413,0.8620689655172413,1.0,1.0
PM4_heatmap_speed2,2121129191,baseline,5,24,32,0.875,0.875,-1.0,-1.0
PM4_heatmap_speed2,2121129191,baseline,6,24,12,1.0,1.0,-1.0,-1.0
PM4_heatmap_speed2,2121129191,baseline,7,24,7,1.0,1.0,1.0,1.0
PM4_heatmap_speed2,2121129191,baseline,8,24,19,0.8947368421052632,0.8947368421052632,-1.0,-1.0
PM4_heatmap_speed2,2121129191,baseline,9,24,16,0.75,0.75,1.0,1.0
PM4_heatmap_speed2,2121129191,baseline,10,24,22,1.0,1.0,1.0,1.0
PM4_heatmap_speed2,2121129191,baseline,11,24,40,0.8,0.8,0.6666666666666666,0.6666666666666666
PM4_heatmap_speed2,2121129191,baseline,12,24,47,0.8297872340425532,0.8297872340425532,0.7777777777777778,0.7777777777777778
PM4_heatmap_speed2,2121129191,baseline,13,24,44,0.8636363636363636,0.8636363636363636,0.9375,0.9375
PM4_heatmap_speed2,2121129191,baseline,14,24,23,0.8260869565217391,0.8260869565217391,1.0,1.0
PM4_heatmap_speed2,2121129191,baseline,15,24,37,0.8918918918918919,0.8918918918918919,1.0,1.0
PM4_heatmap_speed2,2121129191,baseline,16,24,101,0.8613861386138614,0.8613861386138614,0.8,0.8
PM4_heatmap_speed2,2121129191,baseline,17,24,60,0.8,0.8,1.0,1.0
PM4_heatmap_speed2,2121129191,baseline,18,24,102,0.7941176470588235,0.7941176470588235,-1.0,-1.0
PM4_heatmap_speed2,2121129191,baseline,19,24,97,0.865979381443299,0.865979381443299,1.0,1.0
PM4_heatmap_speed2,2121129191,baseline,20,24,64,0.828125,0.828125,1.0,1.0
PM4_heatmap_speed2,2121129191,baseline,21,24,116,0.8362068965517241,0.8362068965517241,0.75,0.75
PM4_heatmap_speed2,2121129191,baseline,22,24,47,0.9148936170212766,0.9148936170212766,-1.0,-1.0
PM4_heatmap_speed2,2121129191,baseline,23,24,59,0.9661016949152542,0.9661016949152542,1.0,1.0
PM4_heatmap_speed2,2121129191,baseline,24,24,35,0.8571428571428571,0.8571428571428571,1.0,1.0
PM4_heatmap_speed2,2121129191,baseline,25,24,53,0.8867924528301887,0.8867924528301887,1.0,1.0
PM4_heatmap_speed2,2121129191,baseline,27,24,73,0.8356164383561644,0.8356164383561644,-1.0,-1.0
PM4_heatmap_speed2,2121129191,baseline,28,24,32,0.78125,0.78125,1.0,1.0
PM4_heatmap_speed2,2121129191,baseline,29,24,31,0.8387096774193549,0.8387096774193549,1.0,1.0
PM4_heatmap_speed2,2121129191,baseline,30,24,32,0.875,0.875,0.6666666666666666,0.6666666666666666
PM4_heatmap_speed2,2121129191,baseline,31,24,11,0.9090909090909091,0.9090909090909091,-1.0,-1.0
PM4_heatmap_speed2,2121129191,baseline,32,24,29,0.7931034482758621,0.7931034482758621,0.8333333333333334,0.8333333333333334
PM4_heatmap_speed2,2121129191,baseline,33,24,27,0.7777777777777778,0.7777777777777778,-1.0,-1.0
PM4_heatmap_speed2,2121129191,baseline,34,24,6,0.6666666666666666,0.6666666666666666,0.0,0.0
PM4_heatmap_speed2,2121129191,baseline,35,24,15,0.6,0.6,0.0,0.0
PM4_heatmap_speed2,2121129191,baseline,36,24,11,0.9090909090909091,0.9090909090909091,-1.0,-1.0
PM4_heatmap_speed2,2121129191,baseline,37,24,43,0.9534883720930233,0.9534883720930233,0.8333333333333334,0.8333333333333334
PM4_heatmap_speed2,2121129191,baseline,38,24,131,0.8854961832061069,0.8854961832061069,0.9642857142857143,0.9642857142857143
PM4_heatmap_speed2,2121129191,baseline,39,24,133,0.8120300751879699,0.8120300751879699,0.8,0.8
PM4_heatmap_speed2,2121129191,baseline,40,24,14,0.7142857142857143,0.7142857142857143,-1.0,-1.0
PM4_heatmap_speed2,2121129191,baseline,41,24,29,0.7931034482758621,0.7931034482758621,1.0,1.0
PM4_heatmap_speed2,2121129191,baseline,42,24,36,0.8333333333333334,0.8333333333333334,1.0,1.0
PM4_heatmap_speed2,2121129191,baseline,44,24,3,1.0,1.0,-1.0,-1.0
PM4_heatmap_speed2,2121129191,baseline,45,24,12,0.75,0.75,-1.0,-1.0
PM4_heatmap_speed2,2121129191,baseline,46,24,3,1.0,1.0,-1.0,-1.0
PM4_heatmap_speed2,2121129191,baseline,47,24,2,1.0,1.0,-1.0,-1.0
PM4_heatmap_speed2,2121129191,baseline,49,24,2,1.0,1.0,-1.0,-1.0
PM4_heatmap_speed2,2121129191,baseline,0,25,23,0.9130434782608695,0.9130434782608695,-1.0,-1.0
PM4_heatmap_speed2,2121129191,baseline,2,25,63,0.9206349206349206,0.9206349206349206,-1.0,-1.0
PM4_heatmap_speed2,2121129191,baseline,3,25,80,0.8625,0.8625,-1.0,-1.0
PM4_heatmap_speed2,2121129191,baseline,4,25,16,0.8125,0.8125,1.0,1.0
PM4_heatmap_speed2,2121129191,baseline,5,25,13,0.7692307692307693,0.7692307692307693,1.0,1.0
PM4_heatmap_speed2,2121129191,baseline,7,25,17,0.7647058823529411,0.7647058823529411,-1.0,-1.0
PM4_heatmap_speed2,2121129191,baseline,8,25,26,0.7692307692307693,0.7692307692307693,-1.0,-1.0
PM4_heatmap_speed2,2121129191,baseline,9,25,14,0.8571428571428571,0.8571428571428571,-1.0,-1.0
PM4_heatmap_speed2,2121129191,baseline,10,25,22,0.8636363636363636,0.8636363636363636,0.8,0.8
PM4_heatmap_speed2,2121129191,baseline,11,25,76,0.9342105263157895,0.9342105263157895,0.9230769230769231,0.9230769230769231
PM4_heatmap_speed2,2121129191,baseline,12,25,29,0.7586206896551724,0.7586206896551724,0.6,0.6
PM4_heatmap_speed2,2121129191,baseline,13,25,75,0.8266666666666667,0.8266666666666667,0.6666666666666666,0.6666666666666666
PM4_heatmap_speed2,2121129191,baseline,14,25,98,0.9387755102040817,0.9387755102040817,1.0,1.0
PM4_heatmap_speed2,2121129191,baseline,15,25,12,1.0,1.0,1.0,1.0
PM4_heatmap_speed2,2121129191,baseline,16,25,28,0.9285714285714286,0.9285714285714286,-1.0,-1.0
PM4_heatmap_speed2,2121129191,baseline,17,25,21,0.9523809523809523,0.9523809523809523,-1.0,-1.0
PM4_heatmap_speed2,2121129191,baseline,18,25,76,0.8289473684210527,0.8289473684210527,-1.0,-1.0
PM4_heatmap_speed2,2121129191,baseline,19,25,65,0.9230769230769231,0.9230769230769231,-1.0,-1.0
PM4_heatmap_speed2,2121129191,baseline,20,25,83,0.9156626506024096,0.9156626506024096,-1.0,-1.0
PM4_heatmap_speed2,2121129191,baseline,21,25,49,0.8163265306122449,0.8163265306122449,-1.0,-1.0
PM4_heatmap_speed2,2121129191,baseline,22,25,60,0.8166666666666667,0.8166666666666667,-1.0,-1.0
PM4_heatmap_speed2,2121129191,baseline,23,25,18,0.9444444444444444,0.9444444444444444,-1.0,-1.0
PM4_heatmap_speed2,2121129191,baseline,24,25,44,0.8863636363636364,0.8863636363636364,1.0,1.0
PM4_heatmap_speed2,2121129191,baseline,25,25,101,0.8514851485148515,0.8514851485148515,0.875,0.875
PM4_heatmap_speed2,2121129191,baseline,26,25,43,0.8372093023255814,0.8372093023255814,0.0,0.0
PM4_heatmap_speed2,2121129191,baseline,27,25,51,0.8823529411764706,0.8823529411764706,-1.0,-1.0
PM4_heatmap_speed2,2121129191,baseline,28,25,40,0.9,0.9,1.0,1.0
PM4_heatmap_speed2,2121129191,baseline,30,25,43,0.8837209302325582,0.8837209302325582,1.0,1.0
PM4_heatmap_speed2,2121129191,baseline,31,25,29,0.896551724137931,0.896551724137931,0.8888888888888888,0.8888888888888888
PM4_heatmap_speed2,2121129191,baseline,32,25,20,0.8,0.8,1.0,1.0
PM4_heatmap_speed2,2121129191,baseline,33,25,54,0.8703703703703703,0.8703703703703703,0.7777777777777778,0.7777777777777778
PM4_heatmap_speed2,2121129191,baseline,34,25,18,0.6666666666666666,0.6666666666666666,0.5,0.5
PM4_heatmap_speed2,2121129191,baseline,35,25,54,0.8148148148148148,0.8148148148148148,0.8461538461538461,0.8461538461538461
PM4_heatmap_speed2,2121129191,baseline,36,25,63,0.8253968253968254,0.8253968253968254,0.75,0.75
PM4_heatmap_speed2,2121129191,baseline,38,25,42,0.8571428571428571,0.8571428571428571,1.0,1.0
PM4_heatmap_speed2,2121129191,baseline,39,25,77,0.8311688311688312,0.8311688311688312,0.9090909090909091,0.9090909090909091
PM4_heatmap_speed2,2121129191,baseline,40,25,83,0.891566265060241,0.891566265060241,0.9,0.9
PM4_heatmap_speed2,2121129191,baseline,41,25,78,0.8333333333333334,0.8333333333333334,1.0,1.0
PM4_heatmap_speed2,2121129191,baseline,42,25,68,0.7941176470588235,0.7941176470588235,1.0,1.0
PM4_heatmap_speed2,2121129191,baseline,43,25,18,0.8888888888888888,0.8888888888888888,-1.0,-1.0
PM4_heatmap_speed2,2121129191,baseline,44,25,19,0.8947368421052632,0.8947368421052632,-1.0,-1.0
PM4_heatmap_speed2,2121129191,baseline,45,25,31,0.8387096774193549,0.8387096774193549,-1.0,-1.0
PM4_heatmap_speed2,2121129191,baseline,46,25,17,0.8235294117647058,0.8235294117647058,-1.0,-1.0
PM4_heatmap_speed2,2121129191,baseline,0,26,26,0.9615384615384616,0.9615384615384616,-1.0,-1.0
PM4_heatmap_speed2,2121129191,baseline,2,26,30,0.8666666666666667,0.8666666666666667,-1.0,-1.0
PM4_heatmap_speed2,2121129191,baseline,3,26,34,0.8529411764705882,0.8529411764705882,-1.0,-1.0
PM4_heatmap_speed2,2121129191,baseline,4,26,51,0.8431372549019608,0.8431372549019608,-1.0,-1.0
PM4_heatmap_speed2,2121129191,baseline,5,26,5,0.6,0.6,-1.0,-1.0
PM4_heatmap_speed2,2121129191,baseline,7,26,36,0.9166666666666666,0.9166666666666666,-1.0,-1.0
PM4_heatmap_speed2,2121129191,baseline,8,26,19,0.7894736842105263,0.7894736842105263,-1.0,-1.0
PM4_heatmap_speed2,2121129191,baseline,9,26,1,1.0,1.0,-1.0,-1.0
PM4_heatmap_speed2,2121129191,baseline,10,26,11,0.7272727272727273,0.7272727272727273,-1.0,-1.0
PM4_heatmap_speed2,2121129191,baseline,11,26,12,0.9166666666666666,0.9166666666666666,0.6666666666666666,0.6666666666666666
PM4_heatmap_speed2,2121129191,baseline,12,26,30,0.8333333333333334,0.8333333333333334,1.0,1.0
PM4_heatmap_speed2,2121129191,baseline,13,26,7,0.8571428571428571,0.8571428571428571,-1.0,-1.0
PM4_heatmap_speed2,2121129191,baseline,14,26,69,0.8695652173913043,0.8695652173913043,0.9,0.9
PM4_heatmap_speed2,2121129191,baseline,15,26,143,0.8881118881118881,0.8881118881118881,0.8888888888888888,0.8888888888888888
PM4_heatmap_speed2,2121129191,baseline,16,26,172,0.8313953488372093,0.8313953488372093,0.6,0.6
PM4_heatmap_speed2,2121129191,baseline,17,26,110,0.8272727272727273,0.8272727272727273,-1.0,-1.0
PM4_heatmap_speed2,2121129191,baseline,18,26,13,1.0,1.0,-1.0,-1.0
PM4_heatmap_speed2,2121129191,baseline,19,26,19,0.7368421052631579,0.7368421052631579,-1.0,-1.0
PM4_heatmap_speed2,2121129191,baseline,20,26,23,0.8260869565217391,0.8260869565217391,-1.0,-1.0
PM4_heatmap_speed2,2121129191,baseline,22,26,25,0.92,0.92,-1.0,-1.0
PM4_heatmap_speed2,2121129191,baseline,24,26,32,0.84375,0.84375,1.0,1.0
PM4_heatmap_speed2,2121129191,baseline,25,26,36,0.8611111111111112,0.8611111111111112,1.0,1.0
PM4_heatmap_speed2,2121129191,baseline,26,26,35,0.8285714285714286,0.8285714285714286,1.0,1.0
PM4_heatmap_speed2,2121129191,baseline,27,26,23,0.9130434782608695,0.9130434782608695,-1.0,-1.0
PM4_heatmap_speed2,2121129191,baseline,28,26,7,0.7142857142857143,0.7142857142857143,1.0,1.0
PM4_heatmap_speed2,2121129191,baseline,29,26,3,1.0,1.0,1.0,1.0
PM4_heatmap_speed2,2121129191,baseline,30,26,66,0.8636363636363636,0.8636363636363636,1.0,1.0
PM4_heatmap_speed2,2121129191,baseline,31,26,42,0.8571428571428571,0.8571428571428571,0.8571428571428571,0.8571428571428571
PM4_heatmap_speed2,2121129191,baseline,33,26,30,0.8666666666666667,0.8666666666666667,0.8,0.8
PM4_heatmap_speed2,2121129191,baseline,35,26,20,0.65,0.65,0.5714285714285714,0.5714285714285714
PM4_heatmap_speed2,2121129191,baseline,36,26,36,0.8611111111111112,0.8611111111111112,0.6666666666666666,0.6666666666666666
PM4_heatmap_speed2,2121129191,baseline,37,26,45,0.7777777777777778,0.7777777777777778,-1.0,-1.0
PM4_heatmap_speed2,2121129191,baseline,38,26,65,0.8615384615384616,0.8615384615384616,1.0,1.0
PM4_heatmap_speed2,2121129191,baseline,40,26,39,0.7948717948717948,0.7948717948717948,1.0,1.0
PM4_heatmap_speed2,2121129191,baseline,41,26,56,0.8214285714285714,0.8214285714285714,0.6666666666666666,0.6666666666666666
PM4_heatmap_speed2,2121129191,baseline,42,26,42,0.7857142857142857,0.7857142857142857,-1.0,-1.0
PM4_heatmap_speed2,2121129191,baseline,43,26,3,1.0,1.0,-1.0,-1.0
PM4_heatmap_speed2,2121129191,baseline,44,26,27,0.8148148148148148,0.8148148148148148,-1.0,-1.0
PM4_heatmap_speed2,2121129191,baseline,46,26,59,0.847457627118644,0.847457627118644,-1.0,-1.0
PM4_heatmap_speed2,2121129191,baseline,0,27,24,0.9583333333333334,0.9583333333333334,-1.0,-1.0
PM4_heatmap_speed2,2121129191,baseline,1,27,26,0.8461538461538461,0.8461538461538461,-1.0,-1.0
PM4_heatmap_speed2,2121129191,baseline,2,27,98,0.8979591836734694,0.8979591836734694,-1.0,-1.0
PM4_heatmap_speed2,2121129191,baseline,3,27,63,0.873015873015873,0.873015873015873,-1.0,-1.0
PM4_heatmap_speed2,2121129191,baseline,4,27,61,0.8688524590163934,0.8688524590163934,1.0,1.0
PM4_heatmap_speed2,2121129191,baseline,5,27,33,0.9090909090909091,0.9090909090909091,1.0,1.0
PM4_heatmap_speed2,2121129191,baseline,6,27,9,0.7777777777777778,0.7777777777777778,-1.0,-1.0
PM4_heatmap_speed2,2121129191,baseline,7,27,48,0.875,0.875,-1.0,-1.0
PM4_heatmap_speed2,2121129191,baseline,8,27,22,0.9545454545454546,0.9545454545454546,1.0,1.0
PM4_heatmap_speed2,2121129191,baseline,9,27,40,0.825,0.825,1.0,1.0
PM4_heatmap_speed2,2121129191,baseline,10,27,8,0.625,0.625,-1.0,-1.0
PM4_heatmap_speed2,2121129191,baseline,11,27,37,0.8648648648648649,0.8648648648648649,1.0,1.0
PM4_heatmap_speed2,2121129191,baseline,12,27,59,0.7627118644067796,0.7627118644067796,1.0,1.0
PM4_heatmap_speed2,2121129191,baseline,13,27,47,0.7659574468085106,0.7659574468085106,1.0,1.0
PM4_heatmap_speed2,2121129191,baseline,14,27,81,0.8888888888888888,0.8888888888888888,0.6666666666666666,0.6666666666666666
PM4_heatmap_speed2,2121129191,baseline,15,27,58,0.8620689655172413,0.8620689655172413,0.6666666666666666,0.6666666666666666
PM4_heatmap_speed2,2121129191,baseline,16,27,160,0.86875,0.86875,0.8,0.8
PM4_heatmap_speed2,2121129191,baseline,17,27,124,0.8306451612903226,0.8306451612903226,1.0,1.0
PM4_heatmap_speed2,2121129191,baseline,18,27,64,0.875,0.875,-1.0,-1.0
PM4_heatmap_speed2,2121129191,baseline,19,27,76,0.9210526315789473,0.9210526315789473,-1.0,-1.0
PM4_heatmap_speed2,2121129191,baseline,20,27,17,0.7647058823529411,0.7647058823529411,-1.0,-1.0
PM4_heatmap_speed2,2121129191,baseline,21,27,33,0.8181818181818182,0.8181818181818182,0.5,0.5
PM4_heatmap_speed2,2121129191,baseline,22,27,69,0.8985507246376812,0.8985507246376812,-1.0,-1.0
PM4_heatmap_speed2,2121129191,baseline,23,27,29,0.7586206896551724,0.7586206896551724,-1.0,-1.0
PM4_heatmap_speed2,2121129191,baseline,24,27,135,0.8148148148148148,0.8148148148148148,1.0,1.0
PM4_heatmap_speed2,2121129191,baseline,25,27,129,0.8449612403100775,0.8449612403100775,0.9411764705882353,0.9411764705882353
PM4_heatmap_speed2,2121129191,baseline,26,27,142,0.8450704225352113,0.8450704225352113,0.8636363636363636,0.8636363636363636
PM4_heatmap_speed2,2121129191,baseline,27,27,146,0.863013698630137,0.863013698630137,1.0,1.0
PM4_heatmap_speed2,2121129191,baseline,28,27,42,0.8095238095238095,0.8095238095238095,0.5,0.5
PM4_heatmap_speed2,2121129191,baseline,29,27,70,0.8571428571428571,0.8571428571428571,0.8181818181818182,0.8181818181818182
PM4_heatmap_speed2,2121129191,baseline,30,27,155,0.8903225806451613,0.8903225806451613,0.9459459459459459,0.9459459459459459
PM4_heatmap_speed2,2121129191,baseline,31,27,65,0.9384615384615385,0.9384615384615385,0.9285714285714286,0.9285714285714286
PM4_heatmap_speed2,2121129191,baseline,32,27,26,0.8076923076923077,0.8076923076923077,1.0,1.0
PM4_heatmap_speed2,2121129191,baseline,33,27,25,0.96,0.96,1.0,1.0
PM4_heatmap_speed2,2121129191,baseline,35,27,38,0.8421052631578947,0.8421052631578947,0.5,0.5
PM4_heatmap_speed2,2121129191,baseline,36,27,70,0.8714285714285714,0.8714285714285714,0.75,0.75
PM4_heatmap_speed2,2121129191,baseline,37,27,28,0.7857142857142857,0.7857142857142857,1.0,1.0
PM4_heatmap_speed2,2121129191,baseline,38,27,102,0.8235294117647058,0.8235294117647058,1.0,1.0
PM4_heatmap_speed2,2121129191,baseline,39,27,37,0.8648648648648649,0.8648648648648649,1.0,1.0
PM4_heatmap_speed2,2121129191,baseline,40,27,88,0.8295454545454546,0.8295454545454546,1.0,1.0
PM4_heatmap_speed2,2121129191,baseline,41,27,86,0.872093023255814,0.872093023255814,0.0,0.0
PM4_heatmap_speed2,2121129191,baseline,42,27,40,0.725,0.725,-1.0,-1.0
PM4_heatmap_speed2,2121129191,baseline,43,27,37,0.8648648648648649,0.8648648648648649,-1.0,-1.0
PM4_heatmap_speed2,2121129191,baseline,44,27,167,0.9041916167664671,0.9041916167664671,1.0,1.0
PM4_heatmap_speed2,2121129191,baseline,45,27,60,0.8833333333333333,0.8833333333333333,1.0,1.0
PM4_heatmap_speed2,2121129191,baseline,46,27,188,0.925531914893617,0.925531914893617,1.0,1.0
PM4_heatmap_speed2,2121129191,baseline,47,27,68,0.9411764705882353,0.9411764705882353,-1.0,-1.0
PM4_heatmap_speed2,2121129191,baseline,48,27,23,0.9130434782608695,0.9130434782608695,-1.0,-1.0
PM4_heatmap_speed2,2121129191,baseline,49,27,37,0.9459459459459459,0.9459459459459459,-1.0,-1.0
PM4_heatmap_speed2,2121129191,baseline,0,28,11,0.9090909090909091,0.9090909090909091,-1.0,-1.0
PM4_heatmap_speed2,2121129191,baseline,1,28,7,0.7142857142857143,0.7142857142857143,0.0,0.0
PM4_heatmap_speed2,2121129191,baseline,2,28,48,0.8333333333333334,0.8333333333333334,1.0,1.0
PM4_heatmap_speed2,2121129191,baseline,3,28,17,0.7647058823529411,0.7647058823529411,-1.0,-1.0
PM4_heatmap_speed2,2121129191,baseline,4,28,11,0.8181818181818182,0.8181818181818182,-1.0,-1.0
PM4_heatmap_speed2,2121129191,baseline,7,28,27,0.7407407407407407,0.7407407407407407,-1.0,-1.0
PM4_heatmap_speed2,2121129191,baseline,8,28,44,0.8863636363636364,0.8863636363636364,-1.0,-1.0
PM4_heatmap_speed2,2121129191,baseline,9,28,20,0.85,0.85,-1.0,-1.0
PM4_heatmap_speed2,2121129191,baseline,10,28,1,1.0,1.0,-1.0,-1.0
PM4_heatmap_speed2,2121129191,baseline,11,28,20,0.8,0.8,1.0,1.0
PM4_heatmap_speed2,2121129191,baseline,13,28,33,0.9393939393939394,0.9393939393939394,1.0,1.0
PM4_heatmap_speed2,2121129191,baseline,14,28,35,0.9142857142857143,0.9142857142857143,0.6666666666666666,0.6666666666666666
PM4_heatmap_speed2,2121129191,baseline,16,28,47,0.9148936170212766,0.9148936170212766,-1.0,-1.0
PM4_heatmap_speed2,2121129191,baseline,17,28,36,0.8055555555555556,0.8055555555555556,-1.0,-1.0
PM4_heatmap_speed2,2121129191,baseline,18,28,30,0.9666666666666667,0.9666666666666667,1.0,1.0
PM4_heatmap_speed2,2121129191,baseline,19,28,94,0.851063829787234,0.851063829787234,-1.0,-1.0
PM4_heatmap_speed2,2121129191,baseline,20,28,20,0.8,0.8,-1.0,-1.0
PM4_heatmap_speed2,2121129191,baseline,21,28,97,0.7731958762886598,0.7731958762886598,0.5,0.5
PM4_heatmap_speed2,2121129191,baseline,22,28,118,0.8983050847457628,0.8983050847457628,-1.0,-1.0
PM4_heatmap_speed2,2121129191,baseline,23,28,41,0.8536585365853658,0.8536585365853658,-1.0,-1.0
PM4_heatmap_speed2,2121129191,baseline,24,28,40,0.875,0.875,-1.0,-1.0
PM4_heatmap_speed2,2121129191,baseline,25,28,102,0.8627450980392157,0.8627450980392157,0.8571428571428571,0.8571428571428571
PM4_heatmap_speed2,2121129191,baseline,26,28,87,0.8620689655172413,0.8620689655172413,0.7857142857142857,0.7857142857142857
PM4_heatmap_speed2,2121129191,baseline,27,28,144,0.9097222222222222,0.9097222222222222,0.8571428571428571,0.8571428571428571
PM4_heatmap_speed2,2121129191,baseline,28,28,68,0.7647058823529411,0.7647058823529411,0.8181818181818182,0.8181818181818182
PM4_heatmap_speed2,2121129191,baseline,29,28,21,0.9523809523809523,0.9523809523809523,1.0,1.0
PM4_heatmap_speed2,2121129191,baseline,30,28,77,0.8571428571428571,0.8571428571428571,0.9230769230769231,0.9230769230769231
PM4_heatmap_speed2,2121129191,baseline,31,28,60,0.9,0.9,0.9166666666666666,0.9166666666666666
PM4_heatmap_speed2,2121129191,baseline,32,28,22,0.7727272727272727,0.7727272727272727,1.0,1.0
PM4_heatmap_speed2,2121129191,baseline,33,28,51,0.8235294117647058,0.8235294117647058,-1.0,-1.0
PM4_heatmap_speed2,2121129191,baseline,35,28,36,0.9166666666666666,0.9166666666666666,1.0,1.0
PM4_heatmap_speed2,2121129191,baseline,36,28,84,0.8809523809523809,0.8809523809523809,1.0,1.0
PM4_heatmap_speed2,2121129191,baseline,37,28,59,0.7627118644067796,0.7627118644067796,0.9230769230769231,0.9230769230769231
PM4_heatmap_speed2,2121129191,baseline,38,28,20,0.7,0.7,1.0,1.0
PM4_heatmap_speed2,2121129191,baseline,39,28,33,0.9090909090909091,0.9090909090909091,1.0,1.0
PM4_heatmap_speed2,2121129191,baseline,40,28,2,1.0,1.0,-1.0,-1.0
PM4_heatmap_speed2,2121129191,baseline,41,28,23,0.9130434782608695,0.9130434782608695,-1.0,-1.0
PM4_heatmap_speed2,2121129191,baseline,42,28,34,0.7647058823529411,0.7647058823529411,-1.0,-1.0
PM4_heatmap_speed2,2121129191,baseline,44,28,35,0.9142857142857143,0.9142857142857143,-1.0,-1.0
PM4_heatmap_speed2,2121129191,baseline,45,28,97,0.8865979381443299,0.8865979381443299,1.0,1.0
PM4_heatmap_speed2,2121129191,baseline,46,28,119,0.8823529411764706,0.8823529411764706,1.0,1.0
PM4_heatmap_speed2,2121129191,baseline,47,28,76,0.9473684210526315,0.9473684210526315,-1.0,-1.0
PM4_heatmap_speed2,2121129191,baseline,49,28,32,0.96875,0.96875,-1.0,-1.0
PM4_heatmap_speed2,2121129191,baseline,0,29,13,0.9230769230769231,0.9230769230769231,0.0,0.0
PM4_heatmap_speed2,2121129191,baseline,1,29,9,0.8888888888888888,0.8888888888888888,1.0,1.0
PM4_heatmap_speed2,2121129191,baseline,2,29,6,0.6666666666666666,0.6666666666666666,-1.0,-1.0
PM4_heatmap_speed2,2121129191,baseline,3,29,26,0.5769230769230769,0.5769230769230769,0.6666666666666666,0.6666666666666666
PM4_heatmap_speed2,2121129191,baseline,5,29,19,1.0,1.0,-1.0,-1.0
PM4_heatmap_speed2,2121129191,baseline,6,29,25,0.76,0.76,-1.0,-1.0
PM4_heatmap_speed2,2121129191,baseline,7,29,53,0.8867924528301887,0.8867924528301887,-1.0,-1.0
PM4_heatmap_speed2,2121129191,baseline,8,29,9,0.8888888888888888,0.8888888888888888,-1.0,-1.0
PM4_heatmap_speed2,2121129191,baseline,10,29,17,0.7647058823529411,0.7647058823529411,-1.0,-1.0
PM4_heatmap_speed2,2121129191,baseline,11,29,20,0.9,0.9,1.0,1.0
PM4_heatmap_speed2,2121129191,baseline,12,29,27,0.9259259259259259,0.9259259259259259,1.0,1.0
PM4_heatmap_speed2,2121129191,baseline,13,29,60,0.75,0.75,0.6,0.6
PM4_heatmap_speed2,2121129191,baseline,14,29,76,0.8026315789473685,0.8026315789473685,1.0,1.0
PM4_heatmap_speed2,2121129191,baseline,15,29,52,0.8653846153846154,0.8653846153846154,1.0,1.0
PM4_heatmap_speed2,2121129191,baseline,16,29,50,0.88,0.88,-1.0,-1.0
PM4_heatmap_speed2,2121129191,baseline,17,29,104,0.8461538461538461,0.8461538461538461,1.0,1.0
PM4_heatmap_speed2,2121129191,baseline,18,29,4,1.0,1.0,1.0,1.0
PM4_heatmap_speed2,2121129191,baseline,19,29,34,0.7941176470588235,0.7941176470588235,-1.0,-1.0
PM4_heatmap_speed2,2121129191,baseline,21,29,53,0.9245283018867925,0.9245283018867925,-1.0,-1.0
PM4_heatmap_speed2,2121129191,baseline,22,29,85,0.8470588235294118,0.8470588235294118,-1.0,-1.0
PM4_heatmap_speed2,2121129191,baseline,23,29,43,0.8837209302325582,0.8837209302325582,-1.0,-1.0
PM4_heatmap_speed2,2121129191,baseline,25,29,31,0.7741935483870968,0.7741935483870968,0.0,0.0
PM4_heatmap_speed2,2121129191,baseline,27,29,50,0.82,0.82,0.5,0.5
PM4_heatmap_speed2,2121129191,baseline,28,29,27,0.7037037037037037,0.7037037037037037,-1.0,-1.0
PM4_heatmap_speed2,2121129191,baseline,31,29,32,0.875,0.875,0.8461538461538461,0.8461538461538461
PM4_heatmap_speed2,2121129191,baseline,33,29,62,0.8064516129032258,0.8064516129032258,0.0,0.0
PM4_heatmap_speed2,2121129191,baseline,34,29,41,0.7560975609756098,0.7560975609756098,1.0,1.0
PM4_heatmap_speed2,2121129191,baseline,35,29,43,0.9534883720930233,0.9534883720930233,1.0,1.0
PM4_heatmap_speed2,2121129191,baseline,36,29,17,0.7058823529411765,0.7058823529411765,-1.0,-1.0
PM4_heatmap_speed2,2121129191,baseline,37,29,1,1.0,1.0,-1.0,-1.0
PM4_heatmap_speed2,2121129191,baseline,38,29,44,0.8409090909090909,0.8409090909090909,1.0,1.0
PM4_heatmap_speed2,2121129191,baseline,39,29,47,0.7872340425531915,0.7872340425531915,1.0,1.0
PM4_heatmap_speed2,2121129191,baseline,41,29,20,0.9,0.9,-1.0,-1.0
PM4_heatmap_speed2,2121129191,baseline,42,29,15,0.7333333333333333,0.7333333333333333,-1.0,-1.0
PM4_heatmap_speed2,2121129191,baseline,44,29,48,0.8958333333333334,0.8958333333333334,-1.0,-1.0
PM4_heatmap_speed2,2121129191,baseline,45,29,133,0.8947368421052632,0.8947368421052632,-1.0,-1.0
PM4_heatmap_speed2,2121129191,baseline,46,29,48,0.8541666666666666,0.8541666666666666,-1.0,-1.0
PM4_heatmap_speed2,2121129191,baseline,47,29,100,0.88,0.88,-1.0,-1.0
PM4_heatmap_speed2,2121129191,baseline,48,29,37,0.8648648648648649,0.8648648648648649,-1.0,-1.0
PM4_heatmap_speed2,2121129191,baseline,49,29,47,0.9148936170212766,0.9148936170212766,-1.0,-1.0
PM4_heatmap_speed2,2121129191,baseline,0,30,13,0.9230769230769231,0.9230769230769231,-1.0,-1.0
PM4_heatmap_speed2,2121129191,baseline,1,30,26,0.8846153846153846,0.8846153846153846,-1.0,-1.0
PM4_heatmap_speed2,2121129191,baseline,2,30,14,0.9285714285714286,0.9285714285714286,-1.0,-1.0
PM4_heatmap_speed2,2121129191,baseline,3,30,18,0.8888888888888888,0.8888888888888888,1.0,1.0
PM4_heatmap_speed2,2121129191,baseline,4,30,24,0.9166666666666666,0.9166666666666666,1.0,1.0
PM4_heatmap_speed2,2121129191,baseline,5,30,21,1.0,1.0,1.0,1.0
PM4_heatmap_speed2,2121129191,baseline,6,30,15,0.9333333333333333,0.9333333333333333,-1.0,-1.0
PM4_heatmap_speed2,2121129191,baseline,7,30,39,0.9230769230769231,0.9230769230769231,-1.0,-1.0
PM4_heatmap_speed2,2121129191,baseline,8,30,34,0.7647058823529411,0.7647058823529411,-1.0,-1.0
PM4_heatmap_speed2,2121129191,baseline,9,30,31,0.7419354838709677,0.7419354838709677,-1.0,-1.0
PM4_heatmap_speed2,2121129191,baseline,10,30,47,0.8085106382978723,0.8085106382978723,-1.0,-1.0
PM4_heatmap_speed2,2121129191,baseline,11,30,37,0.8108108108108109,0.8108108108108109,1.0,1.0
PM4_heatmap_speed2,2121129191,baseline,12,30,36,0.8888888888888888,0.8888888888888888,-1.0,-1.0
PM4_heatmap_speed2,2121129191,baseline,13,30,21,0.8571428571428571,0.8571428571428571,-1.0,-1.0
PM4_heatmap_speed2,2121129191,baseline,14,30,11,0.8181818181818182,0.8181818181818182,-1.0,-1.0
PM4_heatmap_speed2,2121129191,baseline,15,30,45,0.8222222222222222,0.8222222222222222,-1.0,-1.0
PM4_heatmap_speed2,2121129191,baseline,16,30,50,0.82,0.82,-1.0,-1.0
PM4_heatmap_speed2,2121129191,baseline,17,30,199,0.8894472361809045,0.8894472361809045,1.0,1.0
PM4_heatmap_speed2,2121129191,baseline,18,30,101,0.7920792079207921,0.7920792079207921,1.0,1.0
PM4_heatmap_speed2,2121129191,baseline,19,30,93,0.8064516129032258,0.8064516129032258,-1.0,-1.0
PM4_heatmap_speed2,2121129191,baseline,20,30,25,0.84,0.84,-1.0,-1.0
PM4_heatmap_speed2,2121129191,baseline,21,30,74,0.918918918918919,0.918918918918919,-1.0,-1.0
PM4_heatmap_speed2,2121129191,baseline,22,30,47,0.9574468085106383,0.9574468085106383,1.0,1.0
PM4_heatmap_speed2,2121129191,baseline,23,30,106,0.8490566037735849,0.8490566037735849,1.0,1.0
PM4_heatmap_speed2,2121129191,baseline,24,30,93,0.8064516129032258,0.8064516129032258,1.0,1.0
PM4_heatmap_speed2,2121129191,baseline,25,30,94,0.8829787234042553,0.8829787234042553,-1.0,-1.0
PM4_heatmap_speed2,2121129191,baseline,26,30,39,0.7948717948717948,0.7948717948717948,-1.0,-1.0
PM4_heatmap_speed2,2121129191,baseline,27,30,92,0.8478260869565217,0.8478260869565217,-1.0,-1.0
PM4_heatmap_speed2,2121129191,baseline,28,30,92,0.8695652173913043,0.8695652173913043,-1.0,-1.0
PM4_heatmap_speed2,2121129191,baseline,29,30,39,0.8205128205128205,0.8205128205128205,-1.0,-1.0
PM4_heatmap_speed2,2121129191,baseline,30,30,47,0.9148936170212766,0.9148936170212766,-1.0,-1.0
PM4_heatmap_speed2,2121129191,baseline,31,30,55,0.8545454545454545,0.8545454545454545,0.8888888888888888,0.8888888888888888
PM4_heatmap_speed2,2121129191,baseline,32,30,27,0.8148148148148148,0.8148148148148148,1.0,1.0
PM4_heatmap_speed2,2121129191,baseline,33,30,63,0.7777777777777778,0.7777777777777778,0.6666666666666666,0.6666666666666666
PM4_heatmap_speed2,2121129191,baseline,34,30,68,0.8235294117647058,0.8235294117647058,0.9090909090909091,0.9090909090909091
PM4_heatmap_speed2,2121129191,baseline,35,30,66,0.8484848484848485,0.8484848484848485,0.8,0.8
PM4_heatmap_speed2,2121129191,baseline,36,30,51,0.8235294117647058,0.8235294117647058,1.0,1.0
PM4_heatmap_speed2,2121129191,baseline,37,30,29,0.7931034482758621,0.7931034482758621,-1.0,-1.0
PM4_heatmap_speed2,2121129191,baseline,38,30,68,0.8823529411764706,0.8823529411764706,1.0,1.0
PM4_heatmap_speed2,2121129191,baseline,39,30,47,0.8723404255319149,0.8723404255319149,-1.0,-1.0
PM4_heatmap_speed2,2121129191,baseline,40,30,18,0.9444444444444444,0.9444444444444444,-1.0,-1.0
PM4_heatmap_speed2,2121129191,baseline,41,30,31,0.9032258064516129,0.9032258064516129,-1.0,-1.0
PM4_heatmap_speed2,2121129191,baseline,42,30,32,0.8125,0.8125,-1.0,-1.0
PM4_heatmap_speed2,2121129191,baseline,43,30,23,0.782608695652174,0.782608695652174,-1.0,-1.0
PM4_heatmap_speed2,2121129191,baseline,44,30,103,0.8932038834951457,0.8932038834951457,-1.0,-1.0
PM4_heatmap_speed2,2121129191,baseline,45,30,107,0.794392523364486,0.794392523364486,-1.0,-1.0
PM4_heatmap_speed2,2121129191,baseline,46,30,83,0.891566265060241,0.891566265060241,-1.0,-1.0
PM4_heatmap_speed2,2121129191,baseline,47,30,119,0.9411764705882353,0.9411764705882353,-1.0,-1.0
PM4_heatmap_speed2,2121129191,baseline,48,30,47,0.8936170212765957,0.8936170212765957,-1.0,-1.0
PM4_heatmap_speed2,2121129191,baseline,49,30,66,0.9545454545454546,0.9545454545454546,-1.0,-1.0
PM4_heatmap_speed2,2121129191,baseline,0,31,8,0.625,0.625,-1.0,-1.0
PM4_heatmap_speed2,2121129191,baseline,1,31,13,0.9230769230769231,0.9230769230769231,-1.0,-1.0
PM4_heatmap_speed2,2121129191,baseline,2,31,15,0.8666666666666667,0.8666666666666667,-1.0,-1.0
PM4_heatmap_speed2,2121129191,baseline,3,31,16,0.9375,0.9375,1.0,1.0
PM4_heatmap_speed2,2121129191,baseline,4,31,8,1.0,1.0,-1.0,-1.0
PM4_heatmap_speed2,2121129191,baseline,5,31,4,1.0,1.0,1.0,1.0
PM4_heatmap_speed2,2121129191,baseline,6,31,43,0.9767441860465116,0.9767441860465116,1.0,1.0
PM4_heatmap_speed2,2121129191,baseline,7,31,5,0.8,0.8,-1.0,-1.0
PM4_heatmap_speed2,2121129191,baseline,8,31,34,0.8823529411764706,0.8823529411764706,-1.0,-1.0
PM4_heatmap_speed2,2121129191,baseline,9,31,59,0.864406779661017,0.864406779661017,-1.0,-1.0
PM4_heatmap_speed2,2121129191,baseline,10,31,13,0.8461538461538461,0.8461538461538461,-1.0,-1.0
PM4_heatmap_speed2,2121129191,baseline,11,31,15,0.9333333333333333,0.9333333333333333,-1.0,-1.0
PM4_heatmap_speed2,2121129191,baseline,12,31,25,0.8,0.8,-1.0,-1.0
PM4_heatmap_speed2,2121129191,baseline,14,31,38,0.7631578947368421,0.7631578947368421,-1.0,-1.0
PM4_heatmap_speed2,2121129191,baseline,15,31,1,1.0,1.0,-1.0,-1.0
PM4_heatmap_speed2,2121129191,baseline,16,31,34,0.8823529411764706,0.8823529411764706,-1.0,-1.0
PM4_heatmap_speed2,2121129191,baseline,17,31,132,0.8863636363636364,0.8863636363636364,1.0,1.0
PM4_heatmap_speed2,2121129191,baseline,18,31,162,0.8333333333333334,0.8333333333333334,1.0,1.0
PM4_heatmap_speed2,2121129191,baseline,19,31,215,0.813953488372093,0.813953488372093,1.0,1.0
PM4_heatmap_speed2,2121129191,baseline,20,31,78,0.8205128205128205,0.8205128205128205,1.0,1.0
PM4_heatmap_speed2,2121129191,baseline,21,31,34,0.8235294117647058,0.8235294117647058,-1.0,-1.0
PM4_heatmap_speed2,2121129191,baseline,22,31,46,0.8043478260869565,0.8043478260869565,0.75,0.75
PM4_heatmap_speed2,2121129191,baseline,23,31,97,0.865979381443299,0.865979381443299,1.0,1.0
PM4_heatmap_speed2,2121129191,baseline,24,31,76,0.7631578947368421,0.7631578947368421,-1.0,-1.0
PM4_heatmap_speed2,2121129191,baseline,25,31,28,0.9642857142857143,0.9642857142857143,-1.0,-1.0
PM4_heatmap_speed2,2121129191,baseline,26,31,22,0.8181818181818182,0.8181818181818182,-1.0,-1.0
PM4_heatmap_speed2,2121129191,baseline,27,31,80,0.85,0.85,-1.0,-1.0
PM4_heatmap_speed2,2121129191,baseline,28,31,62,0.7903225806451613,0.7903225806451613,1.0,1.0
PM4_heatmap_speed2,2121129191,baseline,29,31,147,0.8571428571428571,0.8571428571428571,1.0,1.0
PM4_heatmap_speed2,2121129191,baseline,30,31,46,0.8043478260869565,0.8043478260869565,1.0,1.0
PM4_heatmap_speed2,2121129191,baseline,31,31,2,1.0,1.0,1.0,1.0
PM4_heatmap_speed2,2121129191,baseline,32,31,19,0.7368421052631579,0.7368421052631579,1.0,1.0
PM4_heatmap_speed2,2121129191,baseline,33,31,40,0.85,0.85,1.0,1.0
PM4_heatmap_speed2,2121129191,baseline,35,31,22,0.7727272727272727,0.7727272727272727,0.0,0.0
PM4_heatmap_speed2,2121129191,baseline,36,31,55,0.9090909090909091,0.9090909090909091,-1.0,-1.0
PM4_heatmap_speed2,2121129191,baseline,37,31,9,0.5555555555555556,0.5555555555555556,-1.0,-1.0
PM4_heatmap_speed2,2121129191,baseline,38,31,20,0.85,0.85,1.0,1.0
PM4_heatmap_speed2,2121129191,baseline,40,31,11,1.0,1.0,-1.0,-1.0
PM4_heatmap_speed2,2121129191,baseline,41,31,22,0.7727272727272727,0.7727272727272727,-1.0,-1.0
PM4_heatmap_speed2,2121129191,baseline,42,31,3,0.6666666666666666,0.6666666666666666,-1.0,-1.0
PM4_heatmap_speed2,2121129191,baseline,43,31,10,0.9,0.9,-1.0,-1.0
PM4_heatmap_speed2,2121129191,baseline,44,31,32,0.8125,0.8125,-1.0,-1.0
PM4_heatmap_speed2,2121129191,baseline,45,31,70,0.9,0.9,-1.0,-1.0
PM4_heatmap_speed2,2121129191,baseline,46,31,129,0.8527131782945736,0.8527131782945736,-1.0,-1.0
PM4_heatmap_speed2,2121129191,baseline,47,31,149,0.8791946308724832,0.8791946308724832,-1.0,-1.0
PM4_heatmap_speed2,2121129191,baseline,48,31,42,0.9523809523809523,0.9523809523809523,-1.0,-1.0
PM4_heatmap_speed2,2121129191,baseline,49,31,41,0.8292682926829268,0.8292682926829268,-1.0,-1.0
PM4_heatmap_speed2,2121129191,baseline,0,32,16,0.875,0.875,-1.0,-1.0
PM4_heatmap_speed2,2121129191,baseline,1,32,25,0.84,0.84,-1.0,-1.0
PM4_heatmap_speed2,2121129191,baseline,2,32,10,0.8,0.8,-1.0,-1.0
PM4_heatmap_speed2,2121129191,baseline,3,32,3,1.0,1.0,1.0,1.0
PM4_heatmap_speed2,2121129191,baseline,5,32,18,1.0,1.0,1.0,1.0
PM4_heatmap_speed2,2121129191,baseline,6,32,45,0.9111111111111111,0.9111111111111111,1.0,1.0
PM4_heatmap_speed2,2121129191,baseline,7,32,18,0.7777777777777778,0.7777777777777778,-1.0,-1.0
PM4_heatmap_speed2,2121129191,baseline,8,32,30,0.8,0.8,-1.0,-1.0
PM4_heatmap_speed2,2121129191,baseline,9,32,6,0.6666666666666666,0.6666666666666666,-1.0,-1.0
PM4_heatmap_speed2,2121129191,baseline,10,32,17,0.8235294117647058,0.8235294117647058,-1.0,-1.0
PM4_heatmap_speed2,2121129191,baseline,11,32,64,0.921875,0.921875,-1.0,-1.0
PM4_heatmap_speed2,2121129191,baseline,12,32,98,0.8877551020408163,0.8877551020408163,1.0,1.0
PM4_heatmap_speed2,2121129191,baseline,13,32,22,0.6818181818181818,0.6818181818181818,1.0,1.0
PM4_heatmap_speed2,2121129191,baseline,14,32,17,0.9411764705882353,0.9411764705882353,-1.0,-1.0
PM4_heatmap_speed2,2121129191,baseline,15,32,33,0.7878787878787878,0.7878787878787878,-1.0,-1.0
PM4_heatmap_speed2,2121129191,baseline,16,32,115,0.8,0.8,-1.0,-1.0
PM4_heatmap_speed2,2121129191,baseline,19,32,187,0.8181818181818182,0.8181818181818182,0.6666666666666666,0.6666666666666666
PM4_heatmap_speed2,2121129191,baseline,20,32,60,0.8333333333333334,0.8333333333333334,0.8,0.8
PM4_heatmap_speed2,2121129191,baseline,21,32,33,0.696969696969697,0.696969696969697,0.0,0.0
PM4_heatmap_speed2,2121129191,baseline,22,32,30,0.7,0.7,0.75,0.75
PM4_heatmap_speed2,2121129191,baseline,23,32,61,0.8360655737704918,0.8360655737704918,1.0,1.0
PM4_heatmap_speed2,2121129191,baseline,24,32,87,0.8160919540229885,0.8160919540229885,1.0,1.0
PM4_heatmap_speed2,2121129191,baseline,25,32,68,0.8676470588235294,0.8676470588235294,-1.0,-1.0
PM4_heatmap_speed2,2121129191,baseline,26,32,3,1.0,1.0,-1.0,-1.0
PM4_heatmap_speed2,2121129191,baseline,27,32,39,0.7435897435897436,0.7435897435897436,0.5,0.5
PM4_heatmap_speed2,2121129191,baseline,28,32,15,0.6,0.6,-1.0,-1.0
PM4_heatmap_speed2,2121129191,baseline,29,32,12,0.75,0.75,-1.0,-1.0
PM4_heatmap_speed2,2121129191,baseline,30,32,61,0.7868852459016393,0.7868852459016393,1.0,1.0
PM4_heatmap_speed2,2121129191,baseline,31,32,26,0.7692307692307693,0.7692307692307693,-1.0,-1.0
PM4_heatmap_speed2,2121129191,baseline,32,32,108,0.8425925925925926,0.8425925925925926,1.0,1.0
PM4_heatmap_speed2,2121129191,baseline,33,32,34,0.9411764705882353,0.9411764705882353,1.0,1.0
PM4_heatmap_speed2,2121129191,baseline,34,32,59,0.8135593220338984,0.8135593220338984,1.0,1.0
PM4_heatmap_speed2,2121129191,baseline,35,32,45,0.8222222222222222,0.8222222222222222,0.0,0.0
PM4_heatmap_speed2,2121129191,baseline,36,32,22,0.7727272727272727,0.7727272727272727,-1.0,-1.0
PM4_heatmap_speed2,2121129191,baseline,38,32,41,0.926829268292683,0.926829268292683,-1.0,-1.0
PM4_heatmap_speed2,2121129191,baseline,39,32,18,0.7222222222222222,0.7222222222222222,-1.0,-1.0
PM4_heatmap_speed2,2121129191,baseline,40,32,5,1.0,1.0,-1.0,-1.0
PM4_heatmap_speed2,2121129191,baseline,41,32,34,0.7058823529411765,0.7058823529411765,-1.0,-1.0
PM4_heatmap_speed2,2121129191,baseline,42,32,34,0.8529411764705882,0.8529411764705882,-1.0,-1.0
PM4_heatmap_speed2,2121129191,baseline,43,32,32,0.96875,0.96875,-1.0,-1.0
PM4_heatmap_speed2,2121129191,baseline,44,32,79,0.8607594936708861,0.8607594936708861,-1.0,-1.0
PM4_heatmap_speed2,2121129191,baseline,45,32,26,0.9230769230769231,0.9230769230769231,-1.0,-1.0
PM4_heatmap_speed2,2121129191,baseline,46,32,27,0.7037037037037037,0.7037037037037037,-1.0,-1.0
PM4_heatmap_speed2,2121129191,baseline,47,32,32,0.84375,0.84375,-1.0,-1.0
PM4_heatmap_speed2,2121129191,baseline,48,32,3,1.0,1.0,-1.0,-1.0
PM4_heatmap_speed2,2121129191,baseline,49,32,10,0.9,0.9,-1.0,-1.0
PM4_heatmap_speed2,2121129191,baseline,0,33,3,0.6666666666666666,0.6666666666666666,-1.0,-1.0
PM4_heatmap_speed2,2121129191,baseline,1,33,16,0.875,0.875,-1.0,-1.0
PM4_heatmap_speed2,2121129191,baseline,2,33,30,0.9,0.9,-1.0,-1.0
PM4_heatmap_speed2,2121129191,baseline,3,33,32,0.96875,0.96875,1.0,1.0
PM4_heatmap_speed2,2121129191,baseline,4,33,23,0.8695652173913043,0.8695652173913043,1.0,1.0
PM4_heatmap_speed2,2121129191,baseline,5,33,32,0.90625,0.90625,1.0,1.0
PM4_heatmap_speed2,2121129191,baseline,6,33,30,0.9333333333333333,0.9333333333333333,-1.0,-1.0
PM4_heatmap_speed2,2121129191,baseline,7,33,11,0.9090909090909091,0.9090909090909091,-1.0,-1.0
PM4_heatmap_speed2,2121129191,baseline,8,33,64,0.859375,0.859375,-1.0,-1.0
PM4_heatmap_speed2,2121129191,baseline,9,33,26,0.7692307692307693,0.7692307692307693,-1.0,-1.0
PM4_heatmap_speed2,2121129191,baseline,10,33,9,0.7777777777777778,0.7777777777777778,-1.0,-1.0
PM4_heatmap_speed2,2121129191,baseline,11,33,82,0.9146341463414634,0.9146341463414634,-1.0,-1.0
PM4_heatmap_speed2,2121129191,baseline,12,33,53,0.8679245283018868,0.8679245283018868,1.0,1.0
PM4_heatmap_speed2,2121129191,baseline,13,33,65,0.8615384615384616,0.8615384615384616,1.0,1.0
PM4_heatmap_speed2,2121129191,baseline,14,33,26,0.9615384615384616,0.9615384615384616,-1.0,-1.0
PM4_heatmap_speed2,2121129191,baseline,15,33,33,0.8484848484848485,0.8484848484848485,-1.0,-1.0
PM4_heatmap_speed2,2121129191,baseline,16,33,72,0.8472222222222222,0.8472222222222222,-1.0,-1.0
PM4_heatmap_speed2,2121129191,baseline,17,33,74,0.8648648648648649,0.8648648648648649,-1.0,-1.0
PM4_heatmap_speed2,2121129191,baseline,18,33,59,0.8813559322033898,0.8813559322033898,0.6666666666666666,0.6666666666666666
PM4_heatmap_speed2,2121129191,baseline,19,33,123,0.9024390243902439,0.9024390243902439,0.9090909090909091,0.9090909090909091
PM4_heatmap_speed2,2121129191,baseline,20,33,92,0.8478260869565217,0.8478260869565217,0.9230769230769231,0.9230769230769231
PM4_heatmap_speed2,2121129191,baseline,21,33,166,0.8373493975903614,0.8373493975903614,0.8947368421052632,0.8947368421052632
PM4_heatmap_speed2,2121129191,baseline,22,33,66,0.7272727272727273,0.7272727272727273,0.8333333333333334,0.8333333333333334
PM4_heatmap_speed2,2121129191,baseline,23,33,34,0.8529411764705882,0.8529411764705882,0.75,0.75
PM4_heatmap_speed2,2121129191,baseline,24,33,56,0.875,0.875,1.0,1.0
PM4_heatmap_speed2,2121129191,baseline,25,33,48,0.8125,0.8125,-1.0,-1.0
PM4_heatmap_speed2,2121129191,baseline,26,33,35,0.8,0.8,-1.0,-1.0
PM4_heatmap_speed2,2121129191,baseline,27,33,60,0.9,0.9,-1.0,-1.0
PM4_heatmap_speed2,2121129191,baseline,28,33,47,0.8936170212765957,0.8936170212765957,-1.0,-1.0
PM4_heatmap_speed2,2121129191,baseline,29,33,36,0.8055555555555556,0.8055555555555556,-1.0,-1.0
PM4_heatmap_speed2,2121129191,baseline,30,33,97,0.9484536082474226,0.9484536082474226,1.0,1.0
PM4_heatmap_speed2,2121129191,baseline,31,33,30,0.9333333333333333,0.9333333333333333,-1.0,-1.0
PM4_heatmap_speed2,2121129191,baseline,32,33,84,0.8928571428571429,0.8928571428571429,-1.0,-1.0
PM4_heatmap_speed2,2121129191,baseline,33,33,59,0.864406779661017,0.864406779661017,-1.0,-1.0
PM4_heatmap_speed2,2121129191,baseline,34,33,19,0.7368421052631579,0.7368421052631579,-1.0,-1.0
PM4_heatmap_speed2,2121129191,baseline,35,33,70,0.7857142857142857,0.7857142857142857,0.7777777777777778,0.7777777777777778
PM4_heatmap_speed2,2121129191,baseline,36,33,85,0.8470588235294118,0.8470588235294118,1.0,1.0
PM4_heatmap_speed2,2121129191,baseline,37,33,43,0.7209302325581395,0.7209302325581395,1.0,1.0
PM4_heatmap_speed2,2121129191,baseline,38,33,35,0.9428571428571428,0.9428571428571428,1.0,1.0
PM4_heatmap_speed2,2121129191,baseline,39,33,40,0.875,0.875,1.0,1.0
PM4_heatmap_speed2,2121129191,baseline,40,33,12,0.6666666666666666,0.6666666666666666,1.0,1.0
PM4_heatmap_speed2,2121129191,baseline,41,33,66,0.8787878787878788,0.8787878787878788,-1.0,-1.0
PM4_heatmap_speed2,2121129191,baseline,42,33,62,0.7903225806451613,0.7903225806451613,-1.0,-1.0
PM4_heatmap_speed2,2121129191,baseline,43,33,39,0.7692307692307693,0.7692307692307693,-1.0,-1.0
PM4_heatmap_speed2,2121129191,baseline,44,33,66,0.8181818181818182,0.8181818181818182,-1.0,-1.0
PM4_heatmap_speed2,2121129191,baseline,45,33,29,0.9310344827586207,0.9310344827586207,-1.0,-1.0
PM4_heatmap_speed2,2121129191,baseline,46,33,88,0.8295454545454546,0.8295454545454546,-1.0,-1.0
PM4_heatmap_speed2,2121129191,baseline,47,33,83,0.9518072289156626,0.9518072289156626,-1.0,-1.0
PM4_heatmap_speed2,2121129191,baseline,48,33,19,0.9473684210526315,0.9473684210526315,-1.0,-1.0
PM4_heatmap_speed2,2121129191,baseline,49,33,14,0.9285714285714286,0.9285714285714286,-1.0,-1.0
PM4_heatmap_speed2,2121129191,baseline,1,34,7,1.0,1.0,-1.0,-1.0
PM4_heatmap_speed2,2121129191,baseline,2,34,19,0.8421052631578947,0.8421052631578947,0.5,0.5
PM4_heatmap_speed2,2121129191,baseline,3,34,17,0.8235294117647058,0.8235294117647058,1.0,1.0
PM4_heatmap_speed2,2121129191,baseline,4,34,28,0.9285714285714286,0.9285714285714286,1.0,1.0
PM4_heatmap_speed2,2121129191,baseline,5,34,43,0.9534883720930233,0.9534883720930233,-1.0,-1.0
PM4_heatmap_speed2,2121129191,baseline,6,34,30,0.8666666666666667,0.8666666666666667,-1.0,-1.0
PM4_heatmap_speed2,2121129191,baseline,8,34,15,0.7333333333333333,0.7333333333333333,-1.0,-1.0
PM4_heatmap_speed2,2121129191,baseline,13,34,33,0.696969696969697,0.696969696969697,-1.0,-1.0
PM4_heatmap_speed2,2121129191,baseline,16,34,16,0.75,0.75,0.5,0.5
PM4_heatmap_speed2,2121129191,baseline,17,34,74,0.918918918918919,0.918918918918919,1.0,1.0
PM4_heatmap_speed2,2121129191,baseline,18,34,8,1.0,1.0,-1.0,-1.0
PM4_heatmap_speed2,2121129191,baseline,19,34,48,0.8958333333333334,0.8958333333333334,1.0,1.0
PM4_heatmap_speed2,2121129191,baseline,21,34,124,0.8629032258064516,0.8629032258064516,1.0,1.0
PM4_heatmap_speed2,2121129191,baseline,22,34,40,0.85,0.85,0.75,0.75
PM4_heatmap_speed2,2121129191,baseline,23,34,87,0.7931034482758621,0.7931034482758621,0.8333333333333334,0.8333333333333334
PM4_heatmap_speed2,2121129191,baseline,24,34,27,0.7037037037037037,0.7037037037037037,0.8333333333333334,0.8333333333333334
PM4_heatmap_speed2,2121129191,baseline,25,34,18,0.7777777777777778,0.7777777777777778,1.0,1.0
PM4_heatmap_speed2,2121129191,baseline,27,34,33,0.8787878787878788,0.8787878787878788,-1.0,-1.0
PM4_heatmap_speed2,2121129191,baseline,28,34,14,0.8571428571428571,0.8571428571428571,-1.0,-1.0
PM4_heatmap_speed2,2121129191,baseline,29,34,2,0.5,0.5,-1.0,-1.0
PM4_heatmap_speed2,2121129191,baseline,30,34,33,0.9090909090909091,0.9090909090909091,-1.0,-1.0
PM4_heatmap_speed2,2121129191,baseline,31,34,34,0.8823529411764706,0.8823529411764706,-1.0,-1.0
PM4_heatmap_speed2,2121129191,baseline,32,34,20,0.7,0.7,1.0,1.0
PM4_heatmap_speed2,2121129191,baseline,33,34,28,0.6428571428571429,0.6428571428571429,-1.0,-1.0
PM4_heatmap_speed2,2121129191,baseline,35,34,59,0.7966101694915254,0.7966101694915254,-1.0,-1.0
PM4_heatmap_speed2,2121129191,baseline,36,34,76,0.8552631578947368,0.8552631578947368,1.0,1.0
PM4_heatmap_speed2,2121129191,baseline,37,34,20,0.75,0.75,1.0,1.0
PM4_heatmap_speed2,2121129191,baseline,38,34,11,0.9090909090909091,0.9090909090909091,-1.0,-1.0
PM4_heatmap_speed2,2121129191,baseline,39,34,36,0.9444444444444444,0.9444444444444444,1.0,1.0
PM4_heatmap_speed2,2121129191,baseline,41,34,20,0.65,0.65,-1.0,-1.0
PM4_heatmap_speed2,2121129191,baseline,42,34,19,0.8421052631578947,0.8421052631578947,-1.0,-1.0
PM4_heatmap_speed2,2121129191,baseline,43,34,34,0.8823529411764706,0.8823529411764706,-1.0,-1.0
PM4_heatmap_speed2,2121129191,baseline,44,34,50,0.9,0.9,-1.0,-1.0
PM4_heatmap_speed2,2121129191,baseline,45,34,61,0.9508196721311475,0.9508196721311475,-1.0,-1.0
PM4_heatmap_speed2,2121129191,baseline,46,34,37,0.9459459459459459,0.9459459459459459,-1.0,-1.0
PM4_heatmap_speed2,2121129191,baseline,47,34,56,0.875,0.875,1.0,1.0
PM4_heatmap_speed2,2121129191,baseline,48,34,6,0.8333333333333334,0.8333333333333334,1.0,1.0
PM4_heatmap_speed2,2121129191,baseline,1,35,11,0.8181818181818182,0.8181818181818182,1.0,1.0
PM4_heatmap_speed2,2121129191,baseline,2,35,41,0.9512195121951219,0.9512195121951219,0.0,0.0
PM4_heatmap_speed2,2121129191,baseline,3,35,48,0.9166666666666666,0.9166666666666666,1.0,1.0
PM4_heatmap_speed2,2121129191,baseline,4,35,78,0.9230769230769231,0.9230769230769231,1.0,1.0
PM4_heatmap_speed2,2121129191,baseline,5,35,29,0.896551724137931,0.896551724137931,-1.0,-1.0
PM4_heatmap_speed2,2121129191,baseline,6,35,12,0.6666666666666666,0.6666666666666666,-1.0,-1.0
PM4_heatmap_speed2,2121129191,baseline,7,35,5,1.0,1.0,-1.0,-1.0
PM4_heatmap_speed2,2121129191,baseline,8,35,18,0.8888888888888888,0.8888888888888888,1.0,1.0
PM4_heatmap_speed2,2121129191,baseline,9,35,12,0.8333333333333334,0.8333333333333334,-1.0,-1.0
PM4_heatmap_speed2,2121129191,baseline,10,35,41,0.7317073170731707,0.7317073170731707,-1.0,-1.0
PM4_heatmap_speed2,2121129191,baseline,11,35,21,0.9523809523809523,0.9523809523809523,1.0,1.0
PM4_heatmap_speed2,2121129191,baseline,12,35,17,0.7058823529411765,0.7058823529411765,-1.0,-1.0
PM4_heatmap_speed2,2121129191,baseline,13,35,51,0.9215686274509803,0.9215686274509803,1.0,1.0
PM4_heatmap_speed2,2121129191,baseline,14,35,18,0.8888888888888888,0.8888888888888888,-1.0,-1.0
PM4_heatmap_speed2,2121129191,baseline,15,35,27,0.8148148148148148,0.8148148148148148,-1.0,-1.0
PM4_heatmap_speed2,2121129191,baseline,16,35,38,0.8421052631578947,0.8421052631578947,0.5,0.5
PM4_heatmap_speed2,2121129191,baseline,17,35,36,0.8333333333333334,0.8333333333333334,1.0,1.0
PM4_heatmap_speed2,2121129191,baseline,18,35,56,0.7857142857142857,0.7857142857142857,1.0,1.0
PM4_heatmap_speed2,2121129191,baseline,19,35,126,0.8888888888888888,0.8888888888888888,0.875,0.875
PM4_heatmap_speed2,2121129191,baseline,20,35,124,0.8951612903225806,0.8951612903225806,1.0,1.0
PM4_heatmap_speed2,2121129191,baseline,21,35,160,0.8875,0.8875,0.9,0.9
PM4_heatmap_speed2,2121129191,baseline,22,35,29,0.7931034482758621,0.7931034482758621,1.0,1.0
PM4_heatmap_speed2,2121129191,baseline,23,35,65,0.9230769230769231,0.9230769230769231,1.0,1.0
PM4_heatmap_speed2,2121129191,baseline,24,35,123,0.8455284552845529,0.8455284552845529,0.8333333333333334,0.8333333333333334
PM4_heatmap_speed2,2121129191,baseline,25,35,40,0.9,0.9,0.9,0.9
PM4_heatmap_speed2,2121129191,baseline,26,35,20,0.75,0.75,1.0,1.0
PM4_heatmap_speed2,2121129191,baseline,27,35,82,0.8902439024390244,0.8902439024390244,1.0,1.0
PM4_heatmap_speed2,2121129191,baseline,28,35,65,0.9230769230769231,0.9230769230769231,0.8,0.8
PM4_heatmap_speed2,2121129191,baseline,29,35,58,0.8793103448275862,0.8793103448275862,0.8,0.8
PM4_heatmap_speed2,2121129191,baseline,30,35,45,0.9111111111111111,0.9111111111111111,0.5,0.5
PM4_heatmap_speed2,2121129191,baseline,31,35,48,0.8958333333333334,0.8958333333333334,0.5,0.5
PM4_heatmap_speed2,2121129191,baseline,32,35,85,0.8470588235294118,0.8470588235294118,1.0,1.0
PM4_heatmap_speed2,2121129191,baseline,33,35,59,0.7966101694915254,0.7966101694915254,-1.0,-1.0
PM4_heatmap_speed2,2121129191,baseline,34,35,5,0.8,0.8,-1.0,-1.0
PM4_heatmap_speed2,2121129191,baseline,35,35,21,0.8095238095238095,0.8095238095238095,-1.0,-1.0
PM4_heatmap_speed2,2121129191,baseline,36,35,56,0.8214285714285714,0.8214285714285714,1.0,1.0
PM4_heatmap_speed2,2121129191,baseline,37,35,69,0.8840579710144928,0.8840579710144928,0.75,0.75
PM4_heatmap_speed2,2121129191,baseline,38,35,57,0.8596491228070176,0.8596491228070176,1.0,1.0
PM4_heatmap_speed2,2121129191,baseline,39,35,82,0.8048780487804879,0.8048780487804879,1.0,1.0
PM4_heatmap_speed2,2121129191,baseline,40,35,12,0.6666666666666666,0.6666666666666666,-1.0,-1.0
PM4_heatmap_speed2,2121129191,baseline,41,35,53,0.8679245283018868,0.8679245283018868,-1.0,-1.0
PM4_heatmap_speed2,2121129191,baseline,42,35,30,0.8666666666666667,0.8666666666666667,-1.0,-1.0
PM4_heatmap_speed2,2121129191,baseline,43,35,22,0.9090909090909091,0.9090909090909091,-1.0,-1.0
PM4_heatmap_speed2,2121129191,baseline,44,35,45,0.8888888888888888,0.8888888888888888,-1.0,-1.0
PM4_heatmap_speed2,2121129191,baseline,45,35,29,0.8275862068965517,0.8275862068965517,-1.0,-1.0
PM4_heatmap_speed2,2121129191,baseline,46,35,7,0.7142857142857143,0.7142857142857143,-1.0,-1.0
PM4_heatmap_speed2,2121129191,baseline,47,35,139,0.9424460431654677,0.9424460431654677,1.0,1.0
PM4_heatmap_speed2,2121129191,baseline,48,35,56,0.9285714285714286,0.9285714285714286,1.0,1.0
PM4_heatmap_speed2,2121129191,baseline,0,36,3,1.0,1.0,-1.0,-1.0
PM4_heatmap_speed2,2121129191,baseline,1,36,47,0.9148936170212766,0.9148936170212766,-1.0,-1.0
PM4_heatmap_speed2,2121129191,baseline,2,36,28,0.9285714285714286,0.9285714285714286,-1.0,-1.0
PM4_heatmap_speed2,2121129191,baseline,3,36,13,0.8461538461538461,0.8461538461538461,1.0,1.0
PM4_heatmap_speed2,2121129191,baseline,4,36,69,0.8985507246376812,0.8985507246376812,1.0,1.0
PM4_heatmap_speed2,2121129191,baseline,5,36,104,0.8557692307692307,0.8557692307692307,-1.0,-1.0
PM4_heatmap_speed2,2121129191,baseline,6,36,26,1.0,1.0,1.0,1.0
PM4_heatmap_speed2,2121129191,baseline,7,36,21,0.9523809523809523,0.9523809523809523,1.0,1.0
PM4_heatmap_speed2,2121129191,baseline,8,36,82,0.9390243902439024,0.9390243902439024,1.0,1.0
PM4_heatmap_speed2,2121129191,baseline,9,36,33,0.8181818181818182,0.8181818181818182,-1.0,-1.0
PM4_heatmap_speed2,2121129191,baseline,10,36,38,0.8421052631578947,0.8421052631578947,-1.0,-1.0
PM4_heatmap_speed2,2121129191,baseline,11,36,16,0.8125,0.8125,-1.0,-1.0
PM4_heatmap_speed2,2121129191,baseline,12,36,26,0.8846153846153846,0.8846153846153846,1.0,1.0
PM4_heatmap_speed2,2121129191,baseline,13,36,68,0.8382352941176471,0.8382352941176471,-1.0,-1.0
PM4_heatmap_speed2,2121129191,baseline,14,36,22,0.8636363636363636,0.8636363636363636,-1.0,-1.0
PM4_heatmap_speed2,2121129191,baseline,15,36,11,0.9090909090909091,0.9090909090909091,-1.0,-1.0
PM4_heatmap_speed2,2121129191,baseline,16,36,15,0.7333333333333333,0.7333333333333333,-1.0,-1.0
PM4_heatmap_speed2,2121129191,baseline,17,36,19,0.8421052631578947,0.8421052631578947,1.0,1.0
PM4_heatmap_speed2,2121129191,baseline,18,36,98,0.9081632653061225,0.9081632653061225,1.0,1.0
PM4_heatmap_speed2,2121129191,baseline,19,36,81,0.8148148148148148,0.8148148148148148,0.42857142857142855,0.42857142857142855
PM4_heatmap_speed2,2121129191,baseline,20,36,89,0.8089887640449438,0.8089887640449438,0.7222222222222222,0.7222222222222222
PM4_heatmap_speed2,2121129191,baseline,21,36,4,0.75,0.75,-1.0,-1.0
PM4_heatmap_speed2,2121129191,baseline,22,36,121,0.8429752066115702,0.8429752066115702,0.9230769230769231,0.9230769230769231
PM4_heatmap_speed2,2121129191,baseline,23,36,38,0.7894736842105263,0.7894736842105263,1.0,1.0
PM4_heatmap_speed2,2121129191,baseline,24,36,50,0.84,0.84,0.0,0.0
PM4_heatmap_speed2,2121129191,baseline,25,36,62,0.7741935483870968,0.7741935483870968,0.5454545454545454,0.5454545454545454
PM4_heatmap_speed2,2121129191,baseline,26,36,25,0.76,0.76,-1.0,-1.0
PM4_heatmap_speed2,2121129191,baseline,27,36,66,0.8333333333333334,0.8333333333333334,1.0,1.0
PM4_heatmap_speed2,2121129191,baseline,28,36,67,0.9104477611940298,0.9104477611940298,0.0,0.0
PM4_heatmap_speed2,2121129191,baseline,29,36,134,0.8582089552238806,0.8582089552238806,0.75,0.75
PM4_heatmap_speed2,2121129191,baseline,30,36,52,0.8653846153846154,0.8653846153846154,0.8666666666666667,0.8666666666666667
PM4_heatmap_speed2,2121129191,baseline,31,36,58,0.896551724137931,0.896551724137931,1.0,1.0
PM4_heatmap_speed2,2121129191,baseline,32,36,44,0.8181818181818182,0.8181818181818182,0.8333333333333334,0.8333333333333334
PM4_heatmap_speed2,2121129191,baseline,33,36,85,0.8588235294117647,0.8588235294117647,0.875,0.875
PM4_heatmap_speed2,2121129191,baseline,34,36,80,0.95,0.95,-1.0,-1.0
PM4_heatmap_speed2,2121129191,baseline,35,36,32,0.84375,0.84375,-1.0,-1.0
PM4_heatmap_speed2,2121129191,baseline,36,36,88,0.8522727272727273,0.8522727272727273,-1.0,-1.0
PM4_heatmap_speed2,2121129191,baseline,37,36,55,0.9090909090909091,0.9090909090909091,-1.0,-1.0
PM4_heatmap_speed2,2121129191,baseline,38,36,68,0.8676470588235294,0.8676470588235294,1.0,1.0
PM4_heatmap_speed2,2121129191,baseline,39,36,25,0.76,0.76,-1.0,-1.0
PM4_heatmap_speed2,2121129191,baseline,40,36,38,0.8421052631578947,0.8421052631578947,-1.0,-1.0
PM4_heatmap_speed2,2121129191,baseline,41,36,53,0.8679245283018868,0.8679245283018868,-1.0,-1.0
PM4_heatmap_speed2,2121129191,baseline,42,36,11,0.9090909090909091,0.9090909090909091,-1.0,-1.0
PM4_heatmap_speed2,2121129191,baseline,43,36,10,1.0,1.0,-1.0,-1.0
PM4_heatmap_speed2,2121129191,baseline,44,36,76,0.9605263157894737,0.9605263157894737,-1.0,-1.0
PM4_heatmap_speed2,2121129191,baseline,45,36,53,0.8490566037735849,0.8490566037735849,-1.0,-1.0
PM4_heatmap_speed2,2121129191,baseline,47,36,14,1.0,1.0,-1.0,-1.0
PM4_heatmap_speed2,2121129191,baseline,48,36,28,1.0,1.0,1.0,1.0
PM4_heatmap_speed2,2121129191,baseline,49,36,8,1.0,1.0,1.0,1.0
PM4_heatmap_speed2,2121129191,baseline,0,37,15,0.8666666666666667,0.8666666666666667,-1.0,-1.0
PM4_heatmap_speed2,2121129191,baseline,2,37,23,0.9130434782608695,0.9130434782608695,-1.0,-1.0
PM4_heatmap_speed2,2121129191,baseline,5,37,17,0.8823529411764706,0.8823529411764706,1.0,1.0
PM4_heatmap_speed2,2121129191,baseline,7,37,6,1.0,1.0,1.0,1.0
PM4_heatmap_speed2,2121129191,baseline,8,37,30,1.0,1.0,1.0,1.0
PM4_heatmap_speed2,2121129191,baseline,9,37,69,0.8695652173913043,0.8695652173913043,-1.0,-1.0
PM4_heatmap_speed2,2121129191,baseline,10,37,7,0.7142857142857143,0.7142857142857143,-1.0,-1.0
PM4_heatmap_speed2,2121129191,baseline,11,37,7,0.7142857142857143,0.7142857142857143,-1.0,-1.0
PM4_heatmap_speed2,2121129191,baseline,13,37,54,0.9074074074074074,0.9074074074074074,-1.0,-1.0
PM4_heatmap_speed2,2121129191,baseline,14,37,12,0.8333333333333334,0.8333333333333334,-1.0,-1.0
PM4_heatmap_speed2,2121129191,baseline,16,37,14,0.9285714285714286,0.9285714285714286,-1.0,-1.0
PM4_heatmap_speed2,2121129191,baseline,18,37,76,0.7763157894736842,0.7763157894736842,0.8,0.8
PM4_heatmap_speed2,2121129191,baseline,19,37,73,0.8082191780821918,0.8082191780821918,-1.0,-1.0
PM4_heatmap_speed2,2121129191,baseline,20,37,17,0.8823529411764706,0.8823529411764706,1.0,1.0
PM4_heatmap_speed2,2121129191,baseline,21,37,98,0.8571428571428571,0.8571428571428571,0.8,0.8
PM4_heatmap_speed2,2121129191,baseline,22,37,138,0.8260869565217391,0.8260869565217391,0.8571428571428571,0.8571428571428571
PM4_heatmap_speed2,2121129191,baseline,23,37,72,0.9305555555555556,0.9305555555555556,0.6666666666666666,0.6666666666666666
PM4_heatmap_speed2,2121129191,baseline,24,37,22,0.9090909090909091,0.9090909090909091,-1.0,-1.0
PM4_heatmap_speed2,2121129191,baseline,25,37,18,0.7222222222222222,0.7222222222222222,1.0,1.0
PM4_heatmap_speed2,2121129191,baseline,26,37,6,0.8333333333333334,0.8333333333333334,-1.0,-1.0
PM4_heatmap_speed2,2121129191,baseline,27,37,120,0.8583333333333333,0.8583333333333333,0.75,0.75
PM4_heatmap_speed2,2121129191,baseline,28,37,65,0.8615384615384616,0.8615384615384616,0.8571428571428571,0.8571428571428571
PM4_heatmap_speed2,2121129191,baseline,29,37,25,0.84,0.84,1.0,1.0
PM4_heatmap_speed2,2121129191,baseline,30,37,36,0.8888888888888888,0.8888888888888888,0.8333333333333334,0.8333333333333334
PM4_heatmap_speed2,2121129191,baseline,31,37,13,0.6923076923076923,0.6923076923076923,1.0,1.0
PM4_heatmap_speed2,2121129191,baseline,32,37,6,0.6666666666666666,0.6666666666666666,-1.0,-1.0
PM4_heatmap_speed2,2121129191,baseline,33,37,43,0.6976744186046512,0.6976744186046512,1.0,1.0
PM4_heatmap_speed2,2121129191,baseline,34,37,29,1.0,1.0,-1.0,-1.0
PM4_heatmap_speed2,2121129191,baseline,35,37,12,0.9166666666666666,0.9166666666666666,-1.0,-1.0
PM4_heatmap_speed2,2121129191,baseline,36,37,29,0.6896551724137931,0.6896551724137931,-1.0,-1.0
PM4_heatmap_speed2,2121129191,baseline,38,37,9,1.0,1.0,1.0,1.0
PM4_heatmap_speed2,2121129191,baseline,40,37,4,1.0,1.0,-1.0,-1.0
PM4_heatmap_speed2,2121129191,baseline,41,37,1,1.0,1.0,-1.0,-1.0
PM4_heatmap_speed2,2121129191,baseline,42,37,12,0.6666666666666666,0.6666666666666666,-1.0,-1.0
PM4_heatmap_speed2,2121129191,baseline,44,37,26,0.8461538461538461,0.8461538461538461,-1.0,-1.0
PM4_heatmap_speed2,2121129191,baseline,45,37,50,0.9,0.9,-1.0,-1.0
PM4_heatmap_speed2,2121129191,baseline,46,37,30,0.7666666666666667,0.7666666666666667,-1.0,-1.0
PM4_heatmap_speed2,2121129191,baseline,47,37,5,0.8,0.8,-1.0,-1.0
PM4_heatmap_speed2,2121129191,baseline,49,37,12,1.0,1.0,-1.0,-1.0
PM4_heatmap_speed2,2121129191,baseline,0,38,11,0.9090909090909091,0.9090909090909091,-1.0,-1.0
PM4_heatmap_speed2,2121129191,baseline,1,38,1,1.0,1.0,-1.0,-1.0
PM4_heatmap_speed2,2121129191,baseline,2,38,6,1.0,1.0,-1.0,-1.0
PM4_heatmap_speed2,2121129191,baseline,3,38,10,1.0,1.0,-1.0,-1.0
PM4_heatmap_speed2,2121129191,baseline,4,38,2,1.0,1.0,-1.0,-1.0
PM4_heatmap_speed2,2121129191,baseline,5,38,25,0.92,0.92,1.0,1.0
PM4_heatmap_speed2,2121129191,baseline,6,38,16,0.9375,0.9375,1.0,1.0
PM4_heatmap_speed2,2121129191,baseline,7,38,18,0.8888888888888888,0.8888888888888888,1.0,1.0
PM4_heatmap_speed2,2121129191,baseline,8,38,33,0.8787878787878788,0.8787878787878788,1.0,1.0
PM4_heatmap_speed2,2121129191,baseline,9,38,49,0.8571428571428571,0.8571428571428571,-1.0,-1.0
PM4_heatmap_speed2,2121129191,baseline,10,38,29,0.9310344827586207,0.9310344827586207,-1.0,-1.0
PM4_heatmap_speed2,2121129191,baseline,11,38,73,0.8904109589041096,0.8904109589041096,1.0,1.0
PM4_heatmap_speed2,2121129191,baseline,12,38,28,0.75,0.75,1.0,1.0
PM4_heatmap_speed2,2121129191,baseline,13,38,111,0.8468468468468469,0.8468468468468469,0.75,0.75
PM4_heatmap_speed2,2121129191,baseline,14,38,47,0.8723404255319149,0.8723404255319149,1.0,1.0
PM4_heatmap_speed2,2121129191,baseline,15,38,24,0.6666666666666666,0.6666666666666666,-1.0,-1.0
PM4_heatmap_speed2,2121129191,baseline,16,38,14,0.8571428571428571,0.8571428571428571,-1.0,-1.0
PM4_heatmap_speed2,2121129191,baseline,17,38,1,1.0,1.0,-1.0,-1.0
PM4_heatmap_speed2,2121129191,baseline,18,38,52,0.8269230769230769,0.8269230769230769,-1.0,-1.0
PM4_heatmap_speed2,2121129191,baseline,19,38,237,0.8354430379746836,0.8354430379746836,-1.0,-1.0
PM4_heatmap_speed2,2121129191,baseline,20,38,36,0.8055555555555556,0.8055555555555556,-1.0,-1.0
PM4_heatmap_speed2,2121129191,baseline,21,38,50,0.78,0.78,-1.0,-1.0
PM4_heatmap_speed2,2121129191,baseline,22,38,87,0.8390804597701149,0.8390804597701149,-1.0,-1.0
PM4_heatmap_speed2,2121129191,baseline,23,38,55,0.8909090909090909,0.8909090909090909,1.0,1.0
PM4_heatmap_speed2,2121129191,baseline,24,38,107,0.8691588785046729,0.8691588785046729,1.0,1.0
PM4_heatmap_speed2,2121129191,baseline,25,38,34,0.6764705882352942,0.6764705882352942,1.0,1.0
PM4_heatmap_speed2,2121129191,baseline,26,38,78,0.7948717948717948,0.7948717948717948,0.8,0.8
PM4_heatmap_speed2,2121129191,baseline,27,38,83,0.8433734939759037,0.8433734939759037,1.0,1.0
PM4_heatmap_speed2,2121129191,baseline,28,38,24,0.875,0.875,1.0,1.0
PM4_heatmap_speed2,2121129191,baseline,30,38,7,0.8571428571428571,0.8571428571428571,1.0,1.0
PM4_heatmap_speed2,2121129191,baseline,32,38,36,0.8333333333333334,0.8333333333333334,-1.0,-1.0
PM4_heatmap_speed2,2121129191,baseline,33,38,157,0.9044585987261147,0.9044585987261147,1.0,1.0
PM4_heatmap_speed2,2121129191,baseline,34,38,56,0.8571428571428571,0.8571428571428571,1.0,1.0
PM4_heatmap_speed2,2121129191,baseline,35,38,102,0.8725490196078431,0.8725490196078431,0.8571428571428571,0.8571428571428571
PM4_heatmap_speed2,2121129191,baseline,36,38,69,0.9130434782608695,0.9130434782608695,0.6666666666666666,0.6666666666666666
PM4_heatmap_speed2,2121129191,baseline,37,38,15,0.8,0.8,0.0,0.0
PM4_heatmap_speed2,2121129191,baseline,38,38,32,0.875,0.875,1.0,1.0
PM4_heatmap_speed2,2121129191,baseline,39,38,40,0.9,0.9,-1.0,-1.0
PM4_heatmap_speed2,2121129191,baseline,40,38,20,0.95,0.95,-1.0,-1.0
PM4_heatmap_speed2,2121129191,baseline,41,38,28,0.8214285714285714,0.8214285714285714,0.5,0.5
PM4_heatmap_speed2,2121129191,baseline,42,38,52,0.8461538461538461,0.8461538461538461,-1.0,-1.0
PM4_heatmap_speed2,2121129191,baseline,43,38,19,0.8421052631578947,0.8421052631578947,1.0,1.0
PM4_heatmap_speed2,2121129191,baseline,44,38,62,0.8225806451612904,0.8225806451612904,1.0,1.0
PM4_heatmap_speed2,2121129191,baseline,45,38,108,0.8703703703703703,0.8703703703703703,0.6666666666666666,0.6666666666666666
PM4_heatmap_speed2,2121129191,baseline,46,38,78,0.9102564102564102,0.9102564102564102,0.6666666666666666,0.6666666666666666
PM4_heatmap_speed2,2121129191,baseline,47,38,41,0.975609756097561,0.975609756097561,1.0,1.0
PM4_heatmap_speed2,2121129191,baseline,48,38,12,0.75,0.75,-1.0,-1.0
PM4_heatmap_speed2,2121129191,baseline,49,38,3,1.0,1.0,-1.0,-1.0
PM4_heatmap_speed2,2121129191,baseline,0,39,13,0.8461538461538461,0.8461538461538461,-1.0,-1.0
PM4_heatmap_speed2,2121129191,baseline,1,39,13,0.8461538461538461,0.8461538461538461,-1.0,-1.0
PM4_heatmap_speed2,2121129191,baseline,2,39,17,0.8823529411764706,0.8823529411764706,-1.0,-1.0
PM4_heatmap_speed2,2121129191,baseline,3,39,34,1.0,1.0,1.0,1.0
PM4_heatmap_speed2,2121129191,baseline,4,39,19,0.9473684210526315,0.9473684210526315,0.6666666666666666,0.6666666666666666
PM4_heatmap_speed2,2121129191,baseline,5,39,43,0.9767441860465116,0.9767441860465116,0.8,0.8
PM4_heatmap_speed2,2121129191,baseline,6,39,7,1.0,1.0,1.0,1.0
PM4_heatmap_speed2,2121129191,baseline,7,39,16,0.6875,0.6875,0.6666666666666666,0.6666666666666666
PM4_heatmap_speed2,2121129191,baseline,8,39,12,0.6666666666666666,0.6666666666666666,-1.0,-1.0
PM4_heatmap_speed2,2121129191,baseline,9,39,13,0.9230769230769231,0.9230769230769231,-1.0,-1.0
PM4_heatmap_speed2,2121129191,baseline,10,39,62,0.8548387096774194,0.8548387096774194,0.0,0.0
PM4_heatmap_speed2,2121129191,baseline,11,39,55,0.8545454545454545,0.8545454545454545,-1.0,-1.0
PM4_heatmap_speed2,2121129191,baseline,12,39,24,0.75,0.75,-1.0,-1.0
PM4_heatmap_speed2,2121129191,baseline,13,39,23,0.8260869565217391,0.8260869565217391,0.0,0.0
PM4_heatmap_speed2,2121129191,baseline,14,39,10,0.9,0.9,-1.0,-1.0
PM4_heatmap_speed2,2121129191,baseline,15,39,17,0.8235294117647058,0.8235294117647058,-1.0,-1.0
PM4_heatmap_speed2,2121129191,baseline,16,39,10,0.9,0.9,-1.0,-1.0
PM4_heatmap_speed2,2121129191,baseline,17,39,17,0.8823529411764706,0.8823529411764706,-1.0,-1.0
PM4_heatmap_speed2,2121129191,baseline,19,39,62,0.8548387096774194,0.8548387096774194,-1.0,-1.0
PM4_heatmap_speed2,2121129191,baseline,20,39,127,0.8661417322834646,0.8661417322834646,-1.0,-1.0
PM4_heatmap_speed2,2121129191,baseline,21,39,50,0.86,0.86,-1.0,-1.0
PM4_heatmap_speed2,2121129191,baseline,22,39,40,0.775,0.775,-1.0,-1.0
PM4_heatmap_speed2,2121129191,baseline,24,39,65,0.8923076923076924,0.8923076923076924,1.0,1.0
PM4_heatmap_speed2,2121129191,baseline,26,39,48,0.875,0.875,0.8823529411764706,0.8823529411764706
PM4_heatmap_speed2,2121129191,baseline,27,39,5,0.8,0.8,-1.0,-1.0
PM4_heatmap_speed2,2121129191,baseline,28,39,7,0.7142857142857143,0.7142857142857143,-1.0,-1.0
PM4_heatmap_speed2,2121129191,baseline,29,39,13,0.7692307692307693,0.7692307692307693,-1.0,-1.0
PM4_heatmap_speed2,2121129191,baseline,31,39,15,0.9333333333333333,0.9333333333333333,-1.0,-1.0
PM4_heatmap_speed2,2121129191,baseline,32,39,21,0.9523809523809523,0.9523809523809523,-1.0,-1.0
PM4_heatmap_speed2,2121129191,baseline,33,39,76,0.868421052631579,0.868421052631579,0.8333333333333334,0.8333333333333334
PM4_heatmap_speed2,2121129191,baseline,34,39,133,0.8195488721804511,0.8195488721804511,0.6666666666666666,0.6666666666666666
PM4_heatmap_speed2,2121129191,baseline,35,39,64,0.765625,0.765625,1.0,1.0
PM4_heatmap_speed2,2121129191,baseline,36,39,69,0.927536231884058,0.927536231884058,-1.0,-1.0
PM4_heatmap_speed2,2121129191,baseline,37,39,2,1.0,1.0,-1.0,-1.0
PM4_heatmap_speed2,2121129191,baseline,38,39,19,0.8947368421052632,0.8947368421052632,-1.0,-1.0
PM4_heatmap_speed2,2121129191,baseline,39,39,24,1.0,1.0,-1.0,-1.0
PM4_heatmap_speed2,2121129191,baseline,40,39,25,0.96,0.96,-1.0,-1.0
PM4_heatmap_speed2,2121129191,baseline,41,39,46,0.9130434782608695,0.9130434782608695,0.0,0.0
PM4_heatmap_speed2,2121129191,baseline,42,39,55,0.8181818181818182,0.8181818181818182,0.5,0.5
PM4_heatmap_speed2,2121129191,baseline,44,39,25,0.88,0.88,0.75,0.75
PM4_heatmap_speed2,2121129191,baseline,45,39,114,0.868421052631579,0.868421052631579,0.5,0.5
PM4_heatmap_speed2,2121129191,baseline,46,39,28,0.8928571428571429,0.8928571428571429,-1.0,-1.0
PM4_heatmap_speed2,2121129191,baseline,47,39,74,0.972972972972973,0.972972972972973,1.0,1.0
PM4_heatmap_speed2,2121129191,baseline,48,39,20,0.9,0.9,1.0,1.0
PM4_heatmap_speed2,2121129191,baseline,49,39,10,1.0,1.0,-1.0,-1.0
PM4_heatmap_speed2,2121129191,baseline,0,40,5,0.4,0.4,-1.0,-1.0
PM4_heatmap_speed2,2121129191,baseline,1,40,2,0.5,0.5,-1.0,-1.0
PM4_heatmap_speed2,2121129191,baseline,2,40,13,0.8461538461538461,0.8461538461538461,-1.0,-1.0
PM4_heatmap_speed2,2121129191,baseline,3,40,10,1.0,1.0,1.0,1.0
PM4_heatmap_speed2,2121129191,baseline,4,40,11,1.0,1.0,1.0,1.0
PM4_heatmap_speed2,2121129191,baseline,5,40,12,0.9166666666666666,0.9166666666666666,-1.0,-1.0
PM4_heatmap_speed2,2121129191,baseline,7,40,24,0.7916666666666666,0.7916666666666666,0.9,0.9
PM4_heatmap_speed2,2121129191,baseline,8,40,7,0.8571428571428571,0.8571428571428571,-1.0,-1.0
PM4_heatmap_speed2,2121129191,baseline,10,40,21,0.8571428571428571,0.8571428571428571,0.0,0.0
PM4_heatmap_speed2,2121129191,baseline,11,40,10,1.0,1.0,-1.0,-1.0
PM4_heatmap_speed2,2121129191,baseline,13,40,12,0.6666666666666666,0.6666666666666666,-1.0,-1.0
PM4_heatmap_speed2,2121129191,baseline,14,40,21,0.8571428571428571,0.8571428571428571,-1.0,-1.0
PM4_heatmap_speed2,2121129191,baseline,16,40,48,0.8541666666666666,0.8541666666666666,-1.0,-1.0
PM4_heatmap_speed2,2121129191,baseline,17,40,58,0.8620689655172413,0.8620689655172413,-1.0,-1.0
PM4_heatmap_speed2,2121129191,baseline,19,40,22,0.8636363636363636,0.8636363636363636,-1.0,-1.0
PM4_heatmap_speed2,2121129191,baseline,20,40,5,1.0,1.0,-1.0,-1.0
PM4_heatmap_speed2,2121129191,baseline,21,40,115,0.8695652173913043,0.8695652173913043,-1.0,-1.0
PM4_heatmap_speed2,2121129191,baseline,22,40,75,0.8533333333333334,0.8533333333333334,1.0,1.0
PM4_heatmap_speed2,2121129191,baseline,23,40,21,0.9523809523809523,0.9523809523809523,1.0,1.0
PM4_heatmap_speed2,2121129191,baseline,24,40,40,0.875,0.875,1.0,1.0
PM4_heatmap_speed2,2121129191,baseline,25,40,40,0.85,0.85,1.0,1.0
PM4_heatmap_speed2,2121129191,baseline,26,40,202,0.8465346534653465,0.8465346534653465,0.9333333333333333,0.9333333333333333
PM4_heatmap_speed2,2121129191,baseline,27,40,42,0.8809523809523809,0.8809523809523809,-1.0,-1.0
PM4_heatmap_speed2,2121129191,baseline,28,40,5,1.0,1.0,-1.0,-1.0
PM4_heatmap_speed2,2121129191,baseline,29,40,2,1.0,1.0,-1.0,-1.0
PM4_heatmap_speed2,2121129191,baseline,30,40,6,0.8333333333333334,0.8333333333333334,-1.0,-1.0
PM4_heatmap_speed2,2121129191,baseline,31,40,2,1.0,1.0,-1.0,-1.0
PM4_heatmap_speed2,2121129191,baseline,32,40,10,1.0,1.0,-1.0,-1.0
PM4_heatmap_speed2,2121129191,baseline,33,40,16,0.625,0.625,0.6666666666666666,0.6666666666666666
PM4_heatmap_speed2,2121129191,baseline,34,40,17,0.9411764705882353,0.9411764705882353,-1.0,-1.0
PM4_heatmap_speed2,2121129191,baseline,35,40,46,0.8913043478260869,0.8913043478260869,1.0,1.0
PM4_heatmap_speed2,2121129191,baseline,36,40,50,0.8,0.8,0.5,0.5
PM4_heatmap_speed2,2121129191,baseline,37,40,3,0.6666666666666666,0.6666666666666666,-1.0,-1.0
PM4_heatmap_speed2,2121129191,baseline,38,40,44,0.8409090909090909,0.8409090909090909,-1.0,-1.0
PM4_heatmap_speed2,2121129191,baseline,39,40,30,0.9,0.9,-1.0,-1.0
PM4_heatmap_speed2,2121129191,baseline,41,40,15,0.8666666666666667,0.8666666666666667,-1.0,-1.0
PM4_heatmap_speed2,2121129191,baseline,42,40,33,0.696969696969697,0.696969696969697,0.6666666666666666,0.6666666666666666
PM4_heatmap_speed2,2121129191,baseline,43,40,24,0.7083333333333334,0.7083333333333334,0.5,0.5
PM4_heatmap_speed2,2121129191,baseline,44,40,10,0.8,0.8,-1.0,-1.0
PM4_heatmap_speed2,2121129191,baseline,45,40,17,0.8823529411764706,0.8823529411764706,-1.0,-1.0
PM4_heatmap_speed2,2121129191,baseline,46,40,8,1.0,1.0,-1.0,-1.0
PM4_heatmap_speed2,2121129191,baseline,47,40,30,0.8333333333333334,0.8333333333333334,-1.0,-1.0
PM4_heatmap_speed2,2121129191,baseline,49,40,16,1.0,1.0,-1.0,-1.0
PM4_heatmap_speed2,2121129191,baseline,0,41,8,0.75,0.75,1.0,1.0
PM4_heatmap_speed2,2121129191,baseline,1,41,12,0.9166666666666666,0.9166666666666666,1.0,1.0
PM4_heatmap_speed2,2121129191,baseline,2,41,25,0.96,0.96,-1.0,-1.0
PM4_heatmap_speed2,2121129191,baseline,3,41,8,1.0,1.0,-1.0,-1.0
PM4_heatmap_speed2,2121129191,baseline,4,41,26,0.9230769230769231,0.9230769230769231,1.0,1.0
PM4_heatmap_speed2,2121129191,baseline,5,41,47,0.8723404255319149,0.8723404255319149,1.0,1.0
PM4_heatmap_speed2,2121129191,baseline,7,41,29,0.8275862068965517,0.8275862068965517,1.0,1.0
PM4_heatmap_speed2,2121129191,baseline,8,41,30,0.7666666666666667,0.7666666666666667,-1.0,-1.0
PM4_heatmap_speed2,2121129191,baseline,9,41,7,0.8571428571428571,0.8571428571428571,-1.0,-1.0
PM4_heatmap_speed2,2121129191,baseline,10,41,45,0.8222222222222222,0.8222222222222222,-1.0,-1.0
PM4_heatmap_speed2,2121129191,baseline,11,41,40,0.9,0.9,-1.0,-1.0
PM4_heatmap_speed2,2121129191,baseline,12,41,30,0.7666666666666667,0.7666666666666667,-1.0,-1.0
PM4_heatmap_speed2,2121129191,baseline,13,41,47,0.9148936170212766,0.9148936170212766,-1.0,-1.0
PM4_heatmap_speed2,2121129191,baseline,14,41,94,0.8723404255319149,0.8723404255319149,-1.0,-1.0
PM4_heatmap_speed2,2121129191,baseline,15,41,50,0.88,0.88,-1.0,-1.0
PM4_heatmap_speed2,2121129191,baseline,16,41,71,0.9436619718309859,0.9436619718309859,-1.0,-1.0
PM4_heatmap_speed2,2121129191,baseline,17,41,44,0.9090909090909091,0.9090909090909091,-1.0,-1.0
PM4_heatmap_speed2,2121129191,baseline,18,41,43,0.813953488372093,0.813953488372093,-1.0,-1.0
PM4_heatmap_speed2,2121129191,baseline,19,41,89,0.8202247191011236,0.8202247191011236,-1.0,-1.0
PM4_heatmap_speed2,2121129191,baseline,20,41,82,0.8902439024390244,0.8902439024390244,-1.0,-1.0
PM4_heatmap_speed2,2121129191,baseline,21,41,145,0.896551724137931,0.896551724137931,-1.0,-1.0
PM4_heatmap_speed2,2121129191,baseline,22,41,95,0.8631578947368421,0.8631578947368421,1.0,1.0
PM4_heatmap_speed2,2121129191,baseline,23,41,106,0.8301886792452831,0.8301886792452831,0.0,0.0
PM4_heatmap_speed2,2121129191,baseline,24,41,60,0.85,0.85,-1.0,-1.0
PM4_heatmap_speed2,2121129191,baseline,25,41,61,0.9016393442622951,0.9016393442622951,1.0,1.0
PM4_heatmap_speed2,2121129191,baseline,26,41,75,0.88,0.88,0.6,0.6
PM4_heatmap_speed2,2121129191,baseline,27,41,81,0.8888888888888888,0.8888888888888888,1.0,1.0
PM4_heatmap_speed2,2121129191,baseline,28,41,22,0.8181818181818182,0.8181818181818182,-1.0,-1.0
PM4_heatmap_speed2,2121129191,baseline,29,41,6,0.6666666666666666,0.6666666666666666,-1.0,-1.0
PM4_heatmap_speed2,2121129191,baseline,30,41,9,0.8888888888888888,0.8888888888888888,-1.0,-1.0
PM4_heatmap_speed2,2121129191,baseline,31,41,12,0.9166666666666666,0.9166666666666666,-1.0,-1.0
PM4_heatmap_speed2,2121129191,baseline,32,41,16,0.6875,0.6875,1.0,1.0
PM4_heatmap_speed2,2121129191,baseline,33,41,64,0.8125,0.8125,1.0,1.0
PM4_heatmap_speed2,2121129191,baseline,34,41,36,0.7777777777777778,0.7777777777777778,0.0,0.0
PM4_heatmap_speed2,2121129191,baseline,35,41,80,0.9125,0.9125,0.7777777777777778,0.7777777777777778
PM4_heatmap_speed2,2121129191,baseline,36,41,77,0.8701298701298701,0.8701298701298701,0.8333333333333334,0.8333333333333334
PM4_heatmap_speed2,2121129191,baseline,37,41,41,0.9024390243902439,0.9024390243902439,0.0,0.0
PM4_heatmap_speed2,2121129191,baseline,38,41,64,0.875,0.875,-1.0,-1.0
PM4_heatmap_speed2,2121129191,baseline,39,41,45,0.8666666666666667,0.8666666666666667,-1.0,-1.0
PM4_heatmap_speed2,2121129191,baseline,40,41,9,0.8888888888888888,0.8888888888888888,-1.0,-1.0
PM4_heatmap_speed2,2121129191,baseline,41,41,39,0.8717948717948718,0.8717948717948718,-1.0,-1.0
PM4_heatmap_speed2,2121129191,baseline,42,41,46,0.8695652173913043,0.8695652173913043,-1.0,-1.0
PM4_heatmap_speed2,2121129191,baseline,43,41,36,0.9444444444444444,0.9444444444444444,-1.0,-1.0
PM4_heatmap_speed2,2121129191,baseline,44,41,49,0.8367346938775511,0.8367346938775511,1.0,1.0
PM4_heatmap_speed2,2121129191,baseline,45,41,33,0.696969696969697,0.696969696969697,1.0,1.0
PM4_heatmap_speed2,2121129191,baseline,46,41,59,0.847457627118644,0.847457627118644,1.0,1.0
PM4_heatmap_speed2,2121129191,baseline,47,41,17,0.8823529411764706,0.8823529411764706,-1.0,-1.0
PM4_heatmap_speed2,2121129191,baseline,48,41,8,0.75,0.75,-1.0,-1.0
PM4_heatmap_speed2,2121129191,baseline,49,41,30,0.9666666666666667,0.9666666666666667,-1.0,-1.0
PM4_heatmap_speed2,2121129191,baseline,0,42,3,1.0,1.0,-1.0,-1.0
PM4_heatmap_speed2,2121129191,baseline,1,42,5,1.0,1.0,-1.0,-1.0
PM4_heatmap_speed2,2121129191,baseline,2,42,26,0.9615384615384616,0.9615384615384616,-1.0,-1.0
PM4_heatmap_speed2,2121129191,baseline,3,42,11,0.6363636363636364,0.6363636363636364,-1.0,-1.0
PM4_heatmap_speed2,2121129191,baseline,4,42,3,1.0,1.0,-1.0,-1.0
PM4_heatmap_speed2,2121129191,baseline,5,42,55,0.8545454545454545,0.8545454545454545,-1.0,-1.0
PM4_heatmap_speed2,2121129191,baseline,6,42,41,0.9512195121951219,0.9512195121951219,1.0,1.0
PM4_heatmap_speed2,2121129191,baseline,7,42,34,0.9117647058823529,0.9117647058823529,-1.0,-1.0
PM4_heatmap_speed2,2121129191,baseline,8,42,12,0.5833333333333334,0.5833333333333334,-1.0,-1.0
PM4_heatmap_speed2,2121129191,baseline,10,42,18,0.8888888888888888,0.8888888888888888,0.0,0.0
PM4_heatmap_speed2,2121129191,baseline,11,42,45,0.8888888888888888,0.8888888888888888,-1.0,-1.0
PM4_heatmap_speed2,2121129191,baseline,12,42,34,0.9411764705882353,0.9411764705882353,-1.0,-1.0
PM4_heatmap_speed2,2121129191,baseline,13,42,5,0.8,0.8,-1.0,-1.0
PM4_heatmap_speed2,2121129191,baseline,14,42,13,0.6153846153846154,0.6153846153846154,-1.0,-1.0
PM4_heatmap_speed2,2121129191,baseline,15,42,8,0.875,0.875,-1.0,-1.0
PM4_heatmap_speed2,2121129191,baseline,16,42,5,1.0,1.0,-1.0,-1.0
PM4_heatmap_speed2,2121129191,baseline,17,42,37,0.8918918918918919,0.8918918918918919,1.0,1.0
PM4_heatmap_speed2,2121129191,baseline,18,42,2,1.0,1.0,-1.0,-1.0
PM4_heatmap_speed2,2121129191,baseline,19,42,46,0.8695652173913043,0.8695652173913043,-1.0,-1.0
PM4_heatmap_speed2,2121129191,baseline,20,42,19,0.7368421052631579,0.7368421052631579,-1.0,-1.0
PM4_heatmap_speed2,2121129191,baseline,21,42,105,0.8095238095238095,0.8095238095238095,-1.0,-1.0
PM4_heatmap_speed2,2121129191,baseline,22,42,161,0.8944099378881988,0.8944099378881988,1.0,1.0
PM4_heatmap_speed2,2121129191,baseline,23,42,132,0.8409090909090909,0.8409090909090909,0.5,0.5
PM4_heatmap_speed2,2121129191,baseline,24,42,19,0.8421052631578947,0.8421052631578947,-1.0,-1.0
PM4_heatmap_speed2,2121129191,baseline,26,42,47,0.8936170212765957,0.8936170212765957,1.0,1.0
PM4_heatmap_speed2,2121129191,baseline,28,42,6,0.8333333333333334,0.8333333333333334,-1.0,-1.0
PM4_heatmap_speed2,2121129191,baseline,30,42,5,1.0,1.0,-1.0,-1.0
PM4_heatmap_speed2,2121129191,baseline,31,42,7,0.5714285714285714,0.5714285714285714,-1.0,-1.0
PM4_heatmap_speed2,2121129191,baseline,33,42,34,0.9117647058823529,0.9117647058823529,0.6666666666666666,0.6666666666666666
PM4_heatmap_speed2,2121129191,baseline,34,42,23,0.782608695652174,0.782608695652174,0.5,0.5
PM4_heatmap_speed2,2121129191,baseline,35,42,60,0.8166666666666667,0.8166666666666667,0.5,0.5
PM4_heatmap_speed2,2121129191,baseline,36,42,56,0.7857142857142857,0.7857142857142857,0.5,0.5
PM4_heatmap_speed2,2121129191,baseline,37,42,8,0.875,0.875,-1.0,-1.0
PM4_heatmap_speed2,2121129191,baseline,38,42,17,0.8823529411764706,0.8823529411764706,-1.0,-1.0
PM4_heatmap_speed2,2121129191,baseline,39,42,4,1.0,1.0,1.0,1.0
PM4_heatmap_speed2,2121129191,baseline,40,42,3,0.6666666666666666,0.6666666666666666,1.0,1.0
PM4_heatmap_speed2,2121129191,baseline,41,42,26,0.9230769230769231,0.9230769230769231,-1.0,-1.0
PM4_heatmap_speed2,2121129191,baseline,42,42,7,1.0,1.0,-1.0,-1.0
PM4_heatmap_speed2,2121129191,baseline,43,42,73,0.8767123287671232,0.8767123287671232,-1.0,-1.0
PM4_heatmap_speed2,2121129191,baseline,44,42,132,0.8560606060606061,0.8560606060606061,-1.0,-1.0
PM4_heatmap_speed2,2121129191,baseline,45,42,51,0.8235294117647058,0.8235294117647058,-1.0,-1.0
PM4_heatmap_speed2,2121129191,baseline,46,42,107,0.9158878504672897,0.9158878504672897,-1.0,-1.0
PM4_heatmap_speed2,2121129191,baseline,47,42,61,0.9508196721311475,0.9508196721311475,-1.0,-1.0
PM4_heatmap_speed2,2121129191,baseline,48,42,35,0.9142857142857143,0.9142857142857143,-1.0,-1.0
PM4_heatmap_speed2,2121129191,baseline,49,42,44,0.9318181818181818,0.9318181818181818,-1.0,-1.0
PM4_heatmap_speed2,2121129191,baseline,0,43,1,1.0,1.0,1.0,1.0
PM4_heatmap_speed2,2121129191,baseline,1,43,1,1.0,1.0,-1.0,-1.0
PM4_heatmap_speed2,2121129191,baseline,2,43,7,1.0,1.0,-1.0,-1.0
PM4_heatmap_speed2,2121129191,baseline,3,43,35,0.8285714285714286,0.8285714285714286,-1.0,-1.0
PM4_heatmap_speed2,2121129191,baseline,4,43,10,0.7,0.7,-1.0,-1.0
PM4_heatmap_speed2,2121129191,baseline,5,43,14,0.8571428571428571,0.8571428571428571,-1.0,-1.0
PM4_heatmap_speed2,2121129191,baseline,6,43,17,0.8823529411764706,0.8823529411764706,1.0,1.0
PM4_heatmap_speed2,2121129191,baseline,7,43,73,0.9452054794520548,0.9452054794520548,1.0,1.0
PM4_heatmap_speed2,2121129191,baseline,8,43,15,0.6666666666666666,0.6666666666666666,-1.0,-1.0
PM4_heatmap_speed2,2121129191,baseline,9,43,18,0.8888888888888888,0.8888888888888888,0.0,0.0
PM4_heatmap_speed2,2121129191,baseline,10,43,34,0.9705882352941176,0.9705882352941176,-1.0,-1.0
PM4_heatmap_speed2,2121129191,baseline,11,43,15,0.9333333333333333,0.9333333333333333,-1.0,-1.0
PM4_heatmap_speed2,2121129191,baseline,12,43,32,0.96875,0.96875,-1.0,-1.0
PM4_heatmap_speed2,2121129191,baseline,13,43,30,0.8666666666666667,0.8666666666666667,-1.0,-1.0
PM4_heatmap_speed2,2121129191,baseline,14,43,26,0.8461538461538461,0.8461538461538461,-1.0,-1.0
PM4_heatmap_speed2,2121129191,baseline,15,43,45,0.9555555555555556,0.9555555555555556,-1.0,-1.0
PM4_heatmap_speed2,2121129191,baseline,16,43,32,0.8125,0.8125,-1.0,-1.0
PM4_heatmap_speed2,2121129191,baseline,17,43,55,0.8909090909090909,0.8909090909090909,1.0,1.0
PM4_heatmap_speed2,2121129191,baseline,18,43,31,0.7419354838709677,0.7419354838709677,-1.0,-1.0
PM4_heatmap_speed2,2121129191,baseline,19,43,21,0.6666666666666666,0.6666666666666666,-1.0,-1.0
PM4_heatmap_speed2,2121129191,baseline,20,43,88,0.8863636363636364,0.8863636363636364,-1.0,-1.0
PM4_heatmap_speed2,2121129191,baseline,21,43,93,0.8709677419354839,0.8709677419354839,-1.0,-1.0
PM4_heatmap_speed2,2121129191,baseline,22,43,55,0.8727272727272727,0.8727272727272727,-1.0,-1.0
PM4_heatmap_speed2,2121129191,baseline,23,43,1,1.0,1.0,-1.0,-1.0
PM4_heatmap_speed2,2121129191,baseline,24,43,60,0.8166666666666667,0.8166666666666667,0.5,0.5
PM4_heatmap_speed2,2121129191,baseline,25,43,68,0.8676470588235294,0.8676470588235294,-1.0,-1.0
PM4_heatmap_speed2,2121129191,baseline,26,43,28,0.9285714285714286,0.9285714285714286,-1.0,-1.0
PM4_heatmap_speed2,2121129191,baseline,27,43,11,0.8181818181818182,0.8181818181818182,-1.0,-1.0
PM4_heatmap_speed2,2121129191,baseline,28,43,46,0.782608695652174,0.782608695652174,1.0,1.0
PM4_heatmap_speed2,2121129191,baseline,29,43,7,1.0,1.0,-1.0,-1.0
PM4_heatmap_speed2,2121129191,baseline,31,43,9,0.7777777777777778,0.7777777777777778,-1.0,-1.0
PM4_heatmap_speed2,2121129191,baseline,32,43,4,1.0,1.0,-1.0,-1.0
PM4_heatmap_speed2,2121129191,baseline,33,43,23,1.0,1.0,1.0,1.0
PM4_heatmap_speed2,2121129191,baseline,34,43,23,0.8695652173913043,0.8695652173913043,0.75,0.75
PM4_heatmap_speed2,2121129191,baseline,35,43,18,0.6666666666666666,0.6666666666666666,-1.0,-1.0
PM4_heatmap_speed2,2121129191,baseline,36,43,13,0.8461538461538461,0.8461538461538461,-1.0,-1.0
PM4_heatmap_speed2,2121129191,baseline,37,43,28,0.8571428571428571,0.8571428571428571,-1.0,-1.0
PM4_heatmap_speed2,2121129191,baseline,38,43,29,0.9310344827586207,0.9310344827586207,-1.0,-1.0
PM4_heatmap_speed2,2121129191,baseline,40,43,38,0.9210526315789473,0.9210526315789473,1.0,1.0
PM4_heatmap_speed2,2121129191,baseline,41,43,65,0.9384615384615385,0.9384615384615385,-1.0,-1.0
PM4_heatmap_speed2,2121129191,baseline,42,43,87,0.9310344827586207,0.9310344827586207,-1.0,-1.0
PM4_heatmap_speed2,2121129191,baseline,43,43,27,0.8518518518518519,0.8518518518518519,-1.0,-1.0
PM4_heatmap_speed2,2121129191,baseline,44,43,92,0.8260869565217391,0.8260869565217391,-1.0,-1.0
PM4_heatmap_speed2,2121129191,baseline,45,43,65,0.8307692307692308,0.8307692307692308,-1.0,-1.0
PM4_heatmap_speed2,2121129191,baseline,46,43,5,1.0,1.0,-1.0,-1.0
PM4_heatmap_speed2,2121129191,baseline,47,43,30,0.8333333333333334,0.8333333333333334,-1.0,-1.0
PM4_heatmap_speed2,2121129191,baseline,49,43,24,0.875,0.875,-1.0,-1.0
PM4_heatmap_speed2,2121129191,baseline,0,44,2,1.0,1.0,1.0,1.0
PM4_heatmap_speed2,2121129191,baseline,1,44,2,1.0,1.0,1.0,1.0
PM4_heatmap_speed2,2121129191,baseline,2,44,13,1.0,1.0,1.0,1.0
PM4_heatmap_speed2,2121129191,baseline,3,44,22,0.9545454545454546,0.9545454545454546,-1.0,-1.0
PM4_heatmap_speed2,2121129191,baseline,4,44,7,0.8571428571428571,0.8571428571428571,-1.0,-1.0
PM4_heatmap_speed2,2121129191,baseline,5,44,32,0.9375,0.9375,0.0,0.0
PM4_heatmap_speed2,2121129191,baseline,6,44,25,0.88,0.88,-1.0,-1.0
PM4_heatmap_speed2,2121129191,baseline,7,44,38,0.8421052631578947,0.8421052631578947,-1.0,-1.0
PM4_heatmap_speed2,2121129191,baseline,8,44,28,0.8928571428571429,0.8928571428571429,-1.0,-1.0
PM4_heatmap_speed2,2121129191,baseline,9,44,20,0.8,0.8,-1.0,-1.0
PM4_heatmap_speed2,2121129191,baseline,10,44,31,0.8709677419354839,0.8709677419354839,-1.0,-1.0
PM4_heatmap_speed2,2121129191,baseline,11,44,52,0.8846153846153846,0.8846153846153846,-1.0,-1.0
PM4_heatmap_speed2,2121129191,baseline,12,44,16,0.875,0.875,-1.0,-1.0
PM4_heatmap_speed2,2121129191,baseline,13,44,37,0.8648648648648649,0.8648648648648649,-1.0,-1.0
PM4_heatmap_speed2,2121129191,baseline,14,44,60,0.8333333333333334,0.8333333333333334,0.7142857142857143,0.7142857142857143
PM4_heatmap_speed2,2121129191,baseline,15,44,31,0.8387096774193549,0.8387096774193549,1.0,1.0
PM4_heatmap_speed2,2121129191,baseline,16,44,33,0.7878787878787878,0.7878787878787878,1.0,1.0
PM4_heatmap_speed2,2121129191,baseline,17,44,14,0.8571428571428571,0.8571428571428571,-1.0,-1.0
PM4_heatmap_speed2,2121129191,baseline,18,44,59,0.847457627118644,0.847457627118644,-1.0,-1.0
PM4_heatmap_speed2,2121129191,baseline,19,44,18,0.8888888888888888,0.8888888888888888,-1.0,-1.0
PM4_heatmap_speed2,2121129191,baseline,21,44,56,0.9464285714285714,0.9464285714285714,-1.0,-1.0
PM4_heatmap_speed2,2121129191,baseline,22,44,107,0.9252336448598131,0.9252336448598131,-1.0,-1.0
PM4_heatmap_speed2,2121129191,baseline,23,44,21,0.9523809523809523,0.9523809523809523,-1.0,-1.0
PM4_heatmap_speed2,2121129191,baseline,24,44,58,0.8793103448275862,0.8793103448275862,-1.0,-1.0
PM4_heatmap_speed2,2121129191,baseline,25,44,45,0.8,0.8,-1.0,-1.0
PM4_heatmap_speed2,2121129191,baseline,26,44,16,0.75,0.75,-1.0,-1.0
PM4_heatmap_speed2,2121129191,baseline,27,44,16,0.9375,0.9375,-1.0,-1.0
PM4_heatmap_speed2,2121129191,baseline,28,44,52,0.8846153846153846,0.8846153846153846,-1.0,-1.0
PM4_heatmap_speed2,2121129191,baseline,29,44,12,0.8333333333333334,0.8333333333333334,1.0,1.0
PM4_heatmap_speed2,2121129191,baseline,30,44,9,1.0,1.0,1.0,1.0
PM4_heatmap_speed2,2121129191,baseline,31,44,11,0.8181818181818182,0.8181818181818182,-1.0,-1.0
PM4_heatmap_speed2,2121129191,baseline,32,44,36,0.8055555555555556,0.8055555555555556,-1.0,-1.0
PM4_heatmap_speed2,2121129191,baseline,33,44,35,0.8,0.8,-1.0,-1.0
PM4_heatmap_speed2,2121129191,baseline,34,44,42,0.9047619047619048,0.9047619047619048,-1.0,-1.0
PM4_heatmap_speed2,2121129191,baseline,35,44,12,0.75,0.75,-1.0,-1.0
PM4_heatmap_speed2,2121129191,baseline,36,44,49,0.9387755102040817,0.9387755102040817,1.0,1.0
PM4_heatmap_speed2,2121129191,baseline,37,44,54,0.9074074074074074,0.9074074074074074,0.875,0.875
PM4_heatmap_speed2,2121129191,baseline,38,44,18,0.6666666666666666,0.6666666666666666,1.0,1.0
PM4_heatmap_speed2,2121129191,baseline,39,44,18,0.8888888888888888,0.8888888888888888,1.0,1.0
PM4_heatmap_speed2,2121129191,baseline,40,44,57,0.9298245614035088,0.9298245614035088,1.0,1.0
PM4_heatmap_speed2,2121129191,baseline,41,44,97,0.9175257731958762,0.9175257731958762,-1.0,-1.0
PM4_heatmap_speed2,2121129191,baseline,42,44,88,0.9204545454545454,0.9204545454545454,-1.0,-1.0
PM4_heatmap_speed2,2121129191,baseline,43,44,71,0.9436619718309859,0.9436619718309859,-1.0,-1.0
PM4_heatmap_speed2,2121129191,baseline,44,44,134,0.8805970149253731,0.8805970149253731,-1.0,-1.0
PM4_heatmap_speed2,2121129191,baseline,45,44,92,0.9347826086956522,0.9347826086956522,-1.0,-1.0
PM4_heatmap_speed2,2121129191,baseline,46,44,47,0.9787234042553191,0.9787234042553191,-1.0,-1.0
PM4_heatmap_speed2,2121129191,baseline,47,44,95,0.8947368421052632,0.8947368421052632,-1.0,-1.0
PM4_heatmap_speed2,2121129191,baseline,48,44,56,0.9464285714285714,0.9464285714285714,-1.0,-1.0
PM4_heatmap_speed2,2121129191,baseline,49,44,38,0.8947368421052632,0.8947368421052632,-1.0,-1.0
PM4_heatmap_speed2,2121129191,baseline,0,45,1,1.0,1.0,-1.0,-1.0
PM4_heatmap_speed2,2121129191,baseline,1,45,5,0.8,0.8,-1.0,-1.0
PM4_heatmap_speed2,2121129191,baseline,2,45,3,0.6666666666666666,0.6666666666666666,1.0,1.0
PM4_heatmap_speed2,2121129191,baseline,3,45,5,1.0,1.0,-1.0,-1.0
PM4_heatmap_speed2,2121129191,baseline,5,45,22,0.8181818181818182,0.8181818181818182,0.6,0.6
PM4_heatmap_speed2,2121129191,baseline,6,45,2,1.0,1.0,1.0,1.0
PM4_heatmap_speed2,2121129191,baseline,7,45,23,0.8695652173913043,0.8695652173913043,1.0,1.0
PM4_heatmap_speed2,2121129191,baseline,8,45,12,0.75,0.75,-1.0,-1.0
PM4_heatmap_speed2,2121129191,baseline,10,45,42,0.9047619047619048,0.9047619047619048,-1.0,-1.0
PM4_heatmap_speed2,2121129191,baseline,11,45,70,0.9142857142857143,0.9142857142857143,-1.0,-1.0
PM4_heatmap_speed2,2121129191,baseline,12,45,42,0.8333333333333334,0.8333333333333334,-1.0,-1.0
PM4_heatmap_speed2,2121129191,baseline,13,45,28,0.8214285714285714,0.8214285714285714,-1.0,-1.0
PM4_heatmap_speed2,2121129191,baseline,14,45,43,0.9069767441860465,0.9069767441860465,1.0,1.0
PM4_heatmap_speed2,2121129191,baseline,15,45,41,0.7560975609756098,0.7560975609756098,1.0,1.0
PM4_heatmap_speed2,2121129191,baseline,16,45,31,0.8709677419354839,0.8709677419354839,1.0,1.0
PM4_heatmap_speed2,2121129191,baseline,17,45,16,0.6875,0.6875,-1.0,-1.0
PM4_heatmap_speed2,2121129191,baseline,18,45,56,0.9464285714285714,0.9464285714285714,-1.0,-1.0
PM4_heatmap_speed2,2121129191,baseline,19,45,18,0.6666666666666666,0.6666666666666666,-1.0,-1.0
PM4_heatmap_speed2,2121129191,baseline,20,45,3,1.0,1.0,-1.0,-1.0
PM4_heatmap_speed2,2121129191,baseline,21,45,18,0.8888888888888888,0.8888888888888888,-1.0,-1.0
PM4_heatmap_speed2,2121129191,baseline,22,45,32,0.96875,0.96875,-1.0,-1.0
PM4_heatmap_speed2,2121129191,baseline,23,45,31,0.8064516129032258,0.8064516129032258,-1.0,-1.0
PM4_heatmap_speed2,2121129191,baseline,24,45,78,0.8333333333333334,0.8333333333333334,-1.0,-1.0
PM4_heatmap_speed2,2121129191,baseline,25,45,46,0.9347826086956522,0.9347826086956522,-1.0,-1.0
PM4_heatmap_speed2,2121129191,baseline,26,45,16,0.875,0.875,-1.0,-1.0
PM4_heatmap_speed2,2121129191,baseline,27,45,8,0.875,0.875,-1.0,-1.0
PM4_heatmap_speed2,2121129191,baseline,28,45,10,0.7,0.7,-1.0,-1.0
PM4_heatmap_speed2,2121129191,baseline,30,45,10,0.6,0.6,-1.0,-1.0
PM4_heatmap_speed2,2121129191,baseline,31,45,34,0.9117647058823529,0.9117647058823529,-1.0,-1.0
PM4_heatmap_speed2,2121129191,baseline,32,45,19,0.9473684210526315,0.9473684210526315,-1.0,-1.0
PM4_heatmap_speed2,2121129191,baseline,33,45,37,0.8108108108108109,0.8108108108108109,-1.0,-1.0
PM4_heatmap_speed2,2121129191,baseline,34,45,36,0.9166666666666666,0.9166666666666666,-1.0,-1.0
PM4_heatmap_speed2,2121129191,baseline,35,45,20,0.95,0.95,-1.0,-1.0
PM4_heatmap_speed2,2121129191,baseline,36,45,10,1.0,1.0,1.0,1.0
PM4_heatmap_speed2,2121129191,baseline,37,45,65,0.8307692307692308,0.8307692307692308,0.8333333333333334,0.8333333333333334
PM4_heatmap_speed2,2121129191,baseline,38,45,36,0.9722222222222222,0.9722222222222222,1.0,1.0
PM4_heatmap_speed2,2121129191,baseline,40,45,43,0.8604651162790697,0.8604651162790697,1.0,1.0
PM4_heatmap_speed2,2121129191,baseline,41,45,62,0.8870967741935484,0.8870967741935484,1.0,1.0
PM4_heatmap_speed2,2121129191,baseline,42,45,92,0.8695652173913043,0.8695652173913043,1.0,1.0
PM4_heatmap_speed2,2121129191,baseline,43,45,49,0.7755102040816326,0.7755102040816326,1.0,1.0
PM4_heatmap_speed2,2121129191,baseline,44,45,76,0.881578947368421,0.881578947368421,-1.0,-1.0
PM4_heatmap_speed2,2121129191,baseline,45,45,17,0.9411764705882353,0.9411764705882353,-1.0,-1.0
PM4_heatmap_speed2,2121129191,baseline,46,45,18,0.9444444444444444,0.9444444444444444,-1.0,-1.0
PM4_heatmap_speed2,2121129191,baseline,47,45,53,0.9622641509433962,0.9622641509433962,1.0,1.0
PM4_heatmap_speed2,2121129191,baseline,48,45,22,0.9545454545454546,0.9545454545454546,-1.0,-1.0
PM4_heatmap_speed2,2121129191,baseline,49,45,31,1.0,1.0,-1.0,-1.0
PM4_heatmap_speed2,2121129191,baseline,1,46,1,1.0,1.0,-1.0,-1.0
PM4_heatmap_speed2,2121129191,baseline,2,46,8,0.875,0.875,-1.0,-1.0
PM4_heatmap_speed2,2121129191,baseline,3,46,1,1.0,1.0,-1.0,-1.0
PM4_heatmap_speed2,2121129191,baseline,4,46,10,0.9,0.9,-1.0,-1.0
PM4_heatmap_speed2,2121129191,baseline,5,46,48,0.9166666666666666,0.9166666666666666,0.8,0.8
PM4_heatmap_speed2,2121129191,baseline,6,46,2,1.0,1.0,-1.0,-1.0
PM4_heatmap_speed2,2121129191,baseline,7,46,9,1.0,1.0,1.0,1.0
PM4_heatmap_speed2,2121129191,baseline,8,46,29,0.8620689655172413,0.8620689655172413,-1.0,-1.0
PM4_heatmap_speed2,2121129191,baseline,11,46,14,0.7857142857142857,0.7857142857142857,-1.0,-1.0
PM4_heatmap_speed2,2121129191,baseline,13,46,44,0.8863636363636364,0.8863636363636364,-1.0,-1.0
PM4_heatmap_speed2,2121129191,baseline,14,46,23,0.9130434782608695,0.9130434782608695,1.0,1.0
PM4_heatmap_speed2,2121129191,baseline,16,46,6,0.5,0.5,-1.0,-1.0
PM4_heatmap_speed2,2121129191,baseline,18,46,20,0.95,0.95,-1.0,-1.0
PM4_heatmap_speed2,2121129191,baseline,19,46,88,0.8977272727272727,0.8977272727272727,-1.0,-1.0
PM4_heatmap_speed2,2121129191,baseline,20,46,20,0.85,0.85,-1.0,-1.0
PM4_heatmap_speed2,2121129191,baseline,22,46,14,0.9285714285714286,0.9285714285714286,-1.0,-1.0
PM4_heatmap_speed2,2121129191,baseline,24,46,40,0.975,0.975,-1.0,-1.0
PM4_heatmap_speed2,2121129191,baseline,25,46,21,0.8571428571428571,0.8571428571428571,-1.0,-1.0
PM4_heatmap_speed2,2121129191,baseline,26,46,40,0.85,0.85,-1.0,-1.0
PM4_heatmap_speed2,2121129191,baseline,27,46,30,0.9,0.9,-1.0,-1.0
PM4_heatmap_speed2,2121129191,baseline,28,46,13,1.0,1.0,-1.0,-1.0
PM4_heatmap_speed2,2121129191,baseline,29,46,2,1.0,1.0,-1.0,-1.0
PM4_heatmap_speed2,2121129191,baseline,30,46,13,0.6923076923076923,0.6923076923076923,-1.0,-1.0
PM4_heatmap_speed2,2121129191,baseline,31,46,19,0.8421052631578947,0.8421052631578947,-1.0,-1.0
PM4_heatmap_speed2,2121129191,baseline,32,46,29,0.8275862068965517,0.8275862068965517,-1.0,-1.0
PM4_heatmap_speed2,2121129191,baseline,33,46,18,0.8333333333333334,0.8333333333333334,-1.0,-1.0
PM4_heatmap_speed2,2121129191,baseline,35,46,4,0.75,0.75,-1.0,-1.0
PM4_heatmap_speed2,2121129191,baseline,36,46,14,0.8571428571428571,0.8571428571428571,-1.0,-1.0
PM4_heatmap_speed2,2121129191,baseline,37,46,3,1.0,1.0,-1.0,-1.0
PM4_heatmap_speed2,2121129191,baseline,38,46,130,0.9384615384615385,0.9384615384615385,1.0,1.0
PM4_heatmap_speed2,2121129191,baseline,39,46,57,0.9122807017543859,0.9122807017543859,1.0,1.0
PM4_heatmap_speed2,2121129191,baseline,40,46,125,0.88,0.88,0.8,0.8
PM4_heatmap_speed2,2121129191,baseline,41,46,135,0.9259259259259259,0.9259259259259259,0.75,0.75
PM4_heatmap_speed2,2121129191,baseline,42,46,73,0.9178082191780822,0.9178082191780822,1.0,1.0
PM4_heatmap_speed2,2121129191,baseline,43,46,2,1.0,1.0,-1.0,-1.0
PM4_heatmap_speed2,2121129191,baseline,44,46,96,0.8854166666666666,0.8854166666666666,1.0,1.0
PM4_heatmap_speed2,2121129191,baseline,46,46,88,0.875,0.875,1.0,1.0
PM4_heatmap_speed2,2121129191,baseline,47,46,9,1.0,1.0,-1.0,-1.0
PM4_heatmap_speed2,2121129191,baseline,48,46,30,1.0,1.0,-1.0,-1.0
PM4_heatmap_speed2,2121129191,baseline,49,46,57,1.0,1.0,1.0,1.0
PM4_heatmap_speed2,2121129191,baseline,0,47,9,1.0,1.0,-1.0,-1.0
PM4_heatmap_speed2,2121129191,baseline,1,47,4,1.0,1.0,-1.0,-1.0
PM4_heatmap_speed2,2121129191,baseline,2,47,18,0.8333333333333334,0.8333333333333334,-1.0,-1.0
PM4_heatmap_speed2,2121129191,baseline,3,47,13,0.9230769230769231,0.9230769230769231,-1.0,-1.0
PM4_heatmap_speed2,2121129191,baseline,4,47,8,0.875,0.875,-1.0,-1.0
PM4_heatmap_speed2,2121129191,baseline,5,47,48,0.9583333333333334,0.9583333333333334,1.0,1.0
PM4_heatmap_speed2,2121129191,baseline,6,47,25,0.96,0.96,1.0,1.0
PM4_heatmap_speed2,2121129191,baseline,7,47,15,0.8666666666666667,0.8666666666666667,1.0,1.0
PM4_heatmap_speed2,2121129191,baseline,8,47,46,0.9347826086956522,0.9347826086956522,1.0,1.0
PM4_heatmap_speed2,2121129191,baseline,9,47,24,0.9583333333333334,0.9583333333333334,1.0,1.0
PM4_heatmap_speed2,2121129191,baseline,10,47,35,0.9714285714285714,0.9714285714285714,-1.0,-1.0
PM4_heatmap_speed2,2121129191,baseline,11,47,12,0.8333333333333334,0.8333333333333334,-1.0,-1.0
PM4_heatmap_speed2,2121129191,baseline,12,47,37,0.8108108108108109,0.8108108108108109,-1.0,-1.0
PM4_heatmap_speed2,2121129191,baseline,13,47,30,0.8666666666666667,0.8666666666666667,-1.0,-1.0
PM4_heatmap_speed2,2121129191,baseline,14,47,15,0.9333333333333333,0.9333333333333333,-1.0,-1.0
PM4_heatmap_speed2,2121129191,baseline,15,47,19,0.9473684210526315,0.9473684210526315,-1.0,-1.0
PM4_heatmap_speed2,2121129191,baseline,16,47,11,0.8181818181818182,0.8181818181818182,-1.0,-1.0
PM4_heatmap_speed2,2121129191,baseline,17,47,5,0.8,0.8,-1.0,-1.0
PM4_heatmap_speed2,2121129191,baseline,18,47,5,0.8,0.8,-1.0,-1.0
PM4_heatmap_speed2,2121129191,baseline,19,47,50,0.92,0.92,-1.0,-1.0
PM4_heatmap_speed2,2121129191,baseline,20,47,81,0.9012345679012346,0.9012345679012346,-1.0,-1.0
PM4_heatmap_speed2,2121129191,baseline,21,47,17,0.8823529411764706,0.8823529411764706,-1.0,-1.0
PM4_heatmap_speed2,2121129191,baseline,22,47,30,0.9,0.9,-1.0,-1.0
PM4_heatmap_speed2,2121129191,baseline,24,47,55,0.9636363636363636,0.9636363636363636,-1.0,-1.0
PM4_heatmap_speed2,2121129191,baseline,25,47,29,0.9310344827586207,0.9310344827586207,-1.0,-1.0
PM4_heatmap_speed2,2121129191,baseline,26,47,23,0.9130434782608695,0.9130434782608695,-1.0,-1.0
PM4_heatmap_speed2,2121129191,baseline,27,47,57,0.8947368421052632,0.8947368421052632,-1.0,-1.0
PM4_heatmap_speed2,2121129191,baseline,28,47,22,0.9545454545454546,0.9545454545454546,-1.0,-1.0
PM4_heatmap_speed2,2121129191,baseline,29,47,8,0.875,0.875,-1.0,-1.0
PM4_heatmap_speed2,2121129191,baseline,30,47,20,0.85,0.85,-1.0,-1.0
PM4_heatmap_speed2,2121129191,baseline,31,47,3,1.0,1.0,-1.0,-1.0
PM4_heatmap_speed2,2121129191,baseline,32,47,25,0.88,0.88,-1.0,-1.0
PM4_heatmap_speed2,2121129191,baseline,33,47,20,0.8,0.8,-1.0,-1.0
PM4_heatmap_speed2,2121129191,baseline,34,47,8,0.625,0.625,-1.0,-1.0
PM4_heatmap_speed2,2121129191,baseline,35,47,3,0.6666666666666666,0.6666666666666666,-1.0,-1.0
PM4_heatmap_speed2,2121129191,baseline,36,47,50,0.92,0.92,-1.0,-1.0
PM4_heatmap_speed2,2121129191,baseline,37,47,51,0.8823529411764706,0.8823529411764706,-1.0,-1.0
PM4_heatmap_speed2,2121129191,baseline,38,47,73,0.9452054794520548,0.9452054794520548,1.0,1.0
PM4_heatmap_speed2,2121129191,baseline,40,47,49,0.9183673469387755,0.9183673469387755,0.6666666666666666,0.6666666666666666
PM4_heatmap_speed2,2121129191,baseline,41,47,41,0.9024390243902439,0.9024390243902439,-1.0,-1.0
PM4_heatmap_speed2,2121129191,baseline,42,47,41,0.7804878048780488,0.7804878048780488,-1.0,-1.0
PM4_heatmap_speed2,2121129191,baseline,43,47,115,0.8869565217391304,0.8869565217391304,-1.0,-1.0
PM4_heatmap_speed2,2121129191,baseline,44,47,143,0.8811188811188811,0.8811188811188811,1.0,1.0
PM4_heatmap_speed2,2121129191,baseline,45,47,58,0.8620689655172413,0.8620689655172413,1.0,1.0
PM4_heatmap_speed2,2121129191,baseline,46,47,82,0.9390243902439024,0.9390243902439024,-1.0,-1.0
PM4_heatmap_speed2,2121129191,baseline,47,47,69,0.9710144927536232,0.9710144927536232,-1.0,-1.0
PM4_heatmap_speed2,2121129191,baseline,48,47,44,0.9772727272727273,0.9772727272727273,1.0,1.0
PM4_heatmap_speed2,2121129191,baseline,49,47,43,0.9767441860465116,0.9767441860465116,1.0,1.0
PM4_heatmap_speed2,2121129191,baseline,0,48,17,1.0,1.0,1.0,1.0
PM4_heatmap_speed2,2121129191,baseline,1,48,30,1.0,1.0,1.0,1.0
PM4_heatmap_speed2,2121129191,baseline,2,48,14,1.0,1.0,1.0,1.0
PM4_heatmap_speed2,2121129191,baseline,3,48,25,0.92,0.92,-1.0,-1.0
PM4_heatmap_speed2,2121129191,baseline,4,48,36,1.0,1.0,-1.0,-1.0
PM4_heatmap_speed2,2121129191,baseline,5,48,35,0.9428571428571428,0.9428571428571428,1.0,1.0
PM4_heatmap_speed2,2121129191,baseline,6,48,17,0.9411764705882353,0.9411764705882353,1.0,1.0
PM4_heatmap_speed2,2121129191,baseline,7,48,26,0.9615384615384616,0.9615384615384616,1.0,1.0
PM4_heatmap_speed2,2121129191,baseline,8,48,23,0.9565217391304348,0.9565217391304348,-1.0,-1.0
PM4_heatmap_speed2,2121129191,baseline,9,48,26,0.9615384615384616,0.9615384615384616,-1.0,-1.0
PM4_heatmap_speed2,2121129191,baseline,10,48,5,1.0,1.0,-1.0,-1.0
PM4_heatmap_speed2,2121129191,baseline,11,48,14,0.8571428571428571,0.8571428571428571,-1.0,-1.0
PM4_heatmap_speed2,2121129191,baseline,12,48,10,0.9,0.9,-1.0,-1.0
PM4_heatmap_speed2,2121129191,baseline,13,48,17,0.9411764705882353,0.9411764705882353,-1.0,-1.0
PM4_heatmap_speed2,2121129191,baseline,15,48,5,0.8,0.8,-1.0,-1.0
PM4_heatmap_speed2,2121129191,baseline,16,48,8,0.875,0.875,-1.0,-1.0
PM4_heatmap_speed2,2121129191,baseline,17,48,1,1.0,1.0,-1.0,-1.0
PM4_heatmap_speed2,2121129191,baseline,18,48,4,0.75,0.75,-1.0,-1.0
PM4_heatmap_speed2,2121129191,baseline,19,48,33,0.7272727272727273,0.7272727272727273,-1.0,-1.0
PM4_heatmap_speed2,2121129191,baseline,20,48,15,1.0,1.0,-1.0,-1.0
PM4_heatmap_speed2,2121129191,baseline,21,48,7,0.7142857142857143,0.7142857142857143,-1.0,-1.0
PM4_heatmap_speed2,2121129191,baseline,22,48,26,0.8846153846153846,0.8846153846153846,-1.0,-1.0
PM4_heatmap_speed2,2121129191,baseline,23,48,24,0.8333333333333334,0.8333333333333334,-1.0,-1.0
PM4_heatmap_speed2,2121129191,baseline,24,48,42,0.9047619047619048,0.9047619047619048,-1.0,-1.0
PM4_heatmap_speed2,2121129191,baseline,25,48,13,0.8461538461538461,0.8461538461538461,-1.0,-1.0
PM4_heatmap_speed2,2121129191,baseline,27,48,17,0.8823529411764706,0.8823529411764706,-1.0,-1.0
PM4_heatmap_speed2,2121129191,baseline,30,48,32,0.9375,0.9375,-1.0,-1.0
PM4_heatmap_speed2,2121129191,baseline,32,48,16,1.0,1.0,-1.0,-1.0
PM4_heatmap_speed2,2121129191,baseline,33,48,4,0.75,0.75,-1.0,-1.0
PM4_heatmap_speed2,2121129191,baseline,36,48,85,0.9176470588235294,0.9176470588235294,-1.0,-1.0
PM4_heatmap_speed2,2121129191,baseline,37,48,12,0.9166666666666666,0.9166666666666666,-1.0,-1.0
PM4_heatmap_speed2,2121129191,baseline,38,48,41,0.9512195121951219,0.9512195121951219,1.0,1.0
PM4_heatmap_speed2,2121129191,baseline,40,48,43,0.9302325581395349,0.9302325581395349,1.0,1.0
PM4_heatmap_speed2,2121129191,baseline,43,48,57,0.8421052631578947,0.8421052631578947,-1.0,-1.0
PM4_heatmap_speed2,2121129191,baseline,44,48,63,0.8412698412698413,0.8412698412698413,-1.0,-1.0
PM4_heatmap_speed2,2121129191,baseline,46,48,33,0.9090909090909091,0.9090909090909091,-1.0,-1.0
PM4_heatmap_speed2,2121129191,baseline,47,48,45,0.9333333333333333,0.9333333333333333,-1.0,-1.0
PM4_heatmap_speed2,2121129191,baseline,49,48,21,0.9523809523809523,0.9523809523809523,-1.0,-1.0
PM4_heatmap_speed2,2121129191,baseline,2,49,21,1.0,1.0,1.0,1.0
PM4_heatmap_speed2,2121129191,baseline,3,49,3,1.0,1.0,-1.0,-1.0
PM4_heatmap_speed2,2121129191,baseline,5,49,11,0.9090909090909091,0.9090909090909091,1.0,1.0
PM4_heatmap_speed2,2121129191,baseline,6,49,31,0.967741935483871,0.967741935483871,1.0,1.0
PM4_heatmap_speed2,2121129191,baseline,7,49,51,1.0,1.0,1.0,1.0
PM4_heatmap_speed2,2121129191,baseline,8,49,12,1.0,1.0,-1.0,-1.0
PM4_heatmap_speed2,2121129191,baseline,9,49,35,0.9142857142857143,0.9142857142857143,-1.0,-1.0
PM4_heatmap_speed2,2121129191,baseline,10,49,11,1.0,1.0,-1.0,-1.0
PM4_heatmap_speed2,2121129191,baseline,11,49,5,0.8,0.8,-1.0,-1.0
PM4_heatmap_speed2,2121129191,baseline,13,49,6,0.6666666666666666,0.6666666666666666,-1.0,-1.0
PM4_heatmap_speed2,2121129191,baseline,14,49,10,1.0,1.0,-1.0,-1.0
PM4_heatmap_speed2,2121129191,baseline,15,49,9,1.0,1.0,-1.0,-1.0
PM4_heatmap_speed2,2121129191,baseline,16,49,6,0.8333333333333334,0.8333333333333334,-1.0,-1.0
PM4_heatmap_speed2,2121129191,baseline,21,49,38,0.9736842105263158,0.9736842105263158,-1.0,-1.0
PM4_heatmap_speed2,2121129191,baseline,22,49,18,0.9444444444444444,0.9444444444444444,-1.0,-1.0
PM4_heatmap_speed2,2121129191,baseline,24,49,11,0.6363636363636364,0.6363636363636364,-1.0,-1.0
PM4_heatmap_speed2,2121129191,baseline,25,49,24,0.8333333333333334,0.8333333333333334,-1.0,-1.0
PM4_heatmap_speed2,2121129191,baseline,26,49,11,0.9090909090909091,0.9090909090909091,-1.0,-1.0
PM4_heatmap_speed2,2121129191,baseline,27,49,6,0.8333333333333334,0.8333333333333334,-1.0,-1.0
PM4_heatmap_speed2,2121129191,baseline,28,49,2,0.5,0.5,-1.0,-1.0
PM4_heatmap_speed2,2121129191,baseline,29,49,7,0.7142857142857143,0.7142857142857143,-1.0,-1.0
PM4_heatmap_speed2,2121129191,baseline,30,49,18,0.9444444444444444,0.9444444444444444,-1.0,-1.0
PM4_heatmap_speed2,2121129191,baseline,31,49,25,1.0,1.0,-1.0,-1.0
PM4_heatmap_speed2,2121129191,baseline,32,49,14,1.0,1.0,-1.0,-1.0
PM4_heatmap_speed2,2121129191,baseline,35,49,20,1.0,1.0,-1.0,-1.0
PM4_heatmap_speed2,2121129191,baseline,36,49,2,1.0,1.0,-1.0,-1.0
PM4_heatmap_speed2,2121129191,baseline,37,49,38,0.9736842105263158,0.9736842105263158,1.0,1.0
PM4_heatmap_speed2,2121129191,baseline,38,49,44,0.9545454545454546,0.9545454545454546,-1.0,-1.0
PM4_heatmap_speed2,2121129191,baseline,39,49,58,0.9310344827586207,0.9310344827586207,-1.0,-1.0
PM4_heatmap_speed2,2121129191,baseline,40,49,100,0.94,0.94,-1.0,-1.0
PM4_heatmap_speed2,2121129191,baseline,41,49,53,0.9245283018867925,0.9245283018867925,-1.0,-1.0
PM4_heatmap_speed2,2121129191,baseline,42,49,66,0.9393939393939394,0.9393939393939394,-1.0,-1.0
PM4_heatmap_speed2,2121129191,baseline,43,49,75,0.9733333333333334,0.9733333333333334,-1.0,-1.0
PM4_heatmap_speed2,2121129191,baseline,44,49,90,0.9222222222222223,0.9222222222222223,-1.0,-1.0
PM4_heatmap_speed2,2121129191,baseline,45,49,42,0.8809523809523809,0.8809523809523809,-1.0,-1.0
PM4_heatmap_speed2,2121129191,baseline,46,49,57,0.9298245614035088,0.9298245614035088,-1.0,-1.0
PM4_heatmap_speed2,2121129191,baseline,47,49,46,0.9782608695652174,0.9782608695652174,-1.0,-1.0
PM4_heatmap_speed2,2121129191,baseline,48,49,36,0.9166666666666666,0.9166666666666666,1.0,1.0
PM4_heatmap_speed2,2121129191,baseline,49,49,9,0.8888888888888888,0.8888888888888888,1.0,1.0
PM4_heatmap_speed2,2121129191,fragmented,0,0,13,1.0,1.0,1.0,1.0
PM4_heatmap_speed2,2121129191,fragmented,8,0,8,1.0,1.0,1.0,1.0
PM4_heatmap_speed2,2121129191,fragmented,9,0,12,0.8333333333333334,0.8333333333333334,-1.0,-1.0
PM4_heatmap_speed2,2121129191,fragmented,10,0,24,0.875,0.875,-1.0,-1.0
PM4_heatmap_speed2,2121129191,fragmented,11,0,23,1.0,1.0,-1.0,-1.0
PM4_heatmap_speed2,2121129191,fragmented,12,0,9,1.0,1.0,-1.0,-1.0
PM4_heatmap_speed2,2121129191,fragmented,13,0,15,1.0,1.0,-1.0,-1.0
PM4_heatmap_speed2,2121129191,fragmented,14,0,16,1.0,1.0,-1.0,-1.0
PM4_heatmap_speed2,2121129191,fragmented,15,0,4,1.0,1.0,-1.0,-1.0
PM4_heatmap_speed2,2121129191,fragmented,16,0,89,0.9887640449438202,0.9887640449438202,-1.0,-1.0
PM4_heatmap_speed2,2121129191,fragmented,17,0,54,1.0,1.0,-1.0,-1.0
PM4_heatmap_speed2,2121129191,fragmented,19,0,9,1.0,1.0,-1.0,-1.0
PM4_heatmap_speed2,2121129191,fragmented,21,0,45,1.0,1.0,1.0,1.0
PM4_heatmap_speed2,2121129191,fragmented,22,0,17,1.0,1.0,-1.0,-1.0
PM4_heatmap_speed2,2121129191,fragmented,24,0,13,1.0,1.0,-1.0,-1.0
PM4_heatmap_speed2,2121129191,fragmented,25,0,66,1.0,1.0,1.0,1.0
PM4_heatmap_speed2,2121129191,fragmented,26,0,76,1.0,1.0,1.0,1.0
PM4_heatmap_speed2,2121129191,fragmented,27,0,35,1.0,1.0,-1.0,-1.0
PM4_heatmap_speed2,2121129191,fragmented,29,0,27,0.9629629629629629,0.9629629629629629,-1.0,-1.0
PM4_heatmap_speed2,2121129191,fragmented,30,0,20,0.95,0.95,-1.0,-1.0
PM4_heatmap_speed2,2121129191,fragmented,31,0,4,1.0,1.0,-1.0,-1.0
PM4_heatmap_speed2,2121129191,fragmented,32,0,14,0.9285714285714286,0.9285714285714286,-1.0,-1.0
PM4_heatmap_speed2,2121129191,fragmented,33,0,25,0.96,0.96,-1.0,-1.0
PM4_heatmap_speed2,2121129191,fragmented,34,0,24,1.0,1.0,-1.0,-1.0
PM4_heatmap_speed2,2121129191,fragmented,35,0,43,0.9767441860465116,0.9767441860465116,-1.0,-1.0
PM4_heatmap_speed2,2121129191,fragmented,36,0,59,0.9152542372881356,0.9152542372881356,-1.0,-1.0
PM4_heatmap_speed2,2121129191,fragmented,37,0,40,0.95,0.95,-1.0,-1.0
PM4_heatmap_speed2,2121129191,fragmented,38,0,137,0.9051094890510949,0.9051094890510949,1.0,1.0
PM4_heatmap_speed2,2121129191,fragmented,39,0,95,0.9052631578947369,0.9052631578947369,1.0,1.0
PM4_heatmap_speed2,2121129191,fragmented,40,0,55,0.8727272727272727,0.8727272727272727,-1.0,-1.0
PM4_heatmap_speed2,2121129191,fragmented,41,0,85,0.9294117647058824,0.9294117647058824,-1.0,-1.0
PM4_heatmap_speed2,2121129191,fragmented,42,0,61,0.9344262295081968,0.9344262295081968,-1.0,-1.0
PM4_heatmap_speed2,2121129191,fragmented,43,0,45,1.0,1.0,-1.0,-1.0
PM4_heatmap_speed2,2121129191,fragmented,44,0,95,0.9894736842105263,0.9894736842105263,-1.0,-1.0
PM4_heatmap_speed2,2121129191,fragmented,46,0,5,1.0,1.0,-1.0,-1.0
PM4_heatmap_speed2,2121129191,fragmented,47,0,29,1.0,1.0,1.0,1.0
PM4_heatmap_speed2,2121129191,fragmented,48,0,24,1.0,1.0,1.0,1.0
PM4_heatmap_speed2,2121129191,fragmented,49,0,2,1.0,1.0,-1.0,-1.0
PM4_heatmap_speed2,2121129191,fragmented,0,1,39,0.9743589743589743,0.9743589743589743,1.0,1.0
PM4_heatmap_speed2,2121129191,fragmented,2,1,1,1.0,1.0,-1.0,-1.0
PM4_heatmap_speed2,2121129191,fragmented,5,1,3,0.6666666666666666,0.6666666666666666,-1.0,-1.0
PM4_heatmap_speed2,2121129191,fragmented,8,1,19,1.0,1.0,1.0,1.0
PM4_heatmap_speed2,2121129191,fragmented,9,1,21,0.8571428571428571,0.8571428571428571,-1.0,-1.0
PM4_heatmap_speed2,2121129191,fragmented,11,1,23,0.9565217391304348,0.9565217391304348,-1.0,-1.0
PM4_heatmap_speed2,2121129191,fragmented,16,1,74,0.972972972972973,0.972972972972973,-1.0,-1.0
PM4_heatmap_speed2,2121129191,fragmented,17,1,63,0.9682539682539683,0.9682539682539683,-1.0,-1.0
PM4_heatmap_speed2,2121129191,fragmented,19,1,49,0.9387755102040817,0.9387755102040817,-1.0,-1.0
PM4_heatmap_speed2,2121129191,fragmented,21,1,117,0.9914529914529915,0.9914529914529915,1.0,1.0
PM4_heatmap_speed2,2121129191,fragmented,22,1,98,0.9489795918367347,0.9489795918367347,-1.0,-1.0
PM4_heatmap_speed2,2121129191,fragmented,24,1,30,1.0,1.0,-1.0,-1.0
PM4_heatmap_speed2,2121129191,fragmented,25,1,14,0.9285714285714286,0.9285714285714286,1.0,1.0
PM4_heatmap_speed2,2121129191,fragmented,26,1,150,0.9466666666666667,0.9466666666666667,1.0,1.0
PM4_heatmap_speed2,2121129191,fragmented,27,1,122,0.9590163934426229,0.9590163934426229,-1.0,-1.0
PM4_heatmap_speed2,2121129191,fragmented,33,1,32,1.0,1.0,-1.0,-1.0
PM4_heatmap_speed2,2121129191,fragmented,35,1,48,0.8958333333333334,0.8958333333333334,-1.0,-1.0
PM4_heatmap_speed2,2121129191,fragmented,36,1,59,0.9322033898305084,0.9322033898305084,-1.0,-1.0
PM4_heatmap_speed2,2121129191,fragmented,37,1,13,1.0,1.0,1.0,1.0
PM4_heatmap_speed2,2121129191,fragmented,38,1,112,0.9285714285714286,0.9285714285714286,1.0,1.0
PM4_heatmap_speed2,2121129191,fragmented,39,1,116,0.9568965517241379,0.9568965517241379,1.0,1.0
PM4_heatmap_speed2,2121129191,fragmented,40,1,2,0.5,0.5,-1.0,-1.0
PM4_heatmap_speed2,2121129191,fragmented,41,1,44,0.8636363636363636,0.8636363636363636,-1.0,-1.0
PM4_heatmap_speed2,2121129191,fragmented,44,1,62,0.9838709677419355,0.9838709677419355,-1.0,-1.0
PM4_heatmap_speed2,2121129191,fragmented,45,1,53,0.9811320754716981,0.9811320754716981,-1.0,-1.0
PM4_heatmap_speed2,2121129191,fragmented,47,1,77,0.987012987012987,0.987012987012987,1.0,1.0
PM4_heatmap_speed2,2121129191,fragmented,0,2,7,0.8571428571428571,0.8571428571428571,1.0,1.0
PM4_heatmap_speed2,2121129191,fragmented,1,2,6,0.8333333333333334,0.8333333333333334,1.0,1.0
PM4_heatmap_speed2,2121129191,fragmented,2,2,8,1.0,1.0,-1.0,-1.0
PM4_heatmap_speed2,2121129191,fragmented,3,2,9,1.0,1.0,-1.0,-1.0
PM4_heatmap_speed2,2121129191,fragmented,4,2,4,1.0,1.0,-1.0,-1.0
PM4_heatmap_speed2,2121129191,fragmented,5,2,10,0.8,0.8,-1.0,-1.0
PM4_heatmap_speed2,2121129191,fragmented,7,2,2,1.0,1.0,1.0,1.0
PM4_heatmap_speed2,2121129191,fragmented,8,2,10,0.9,0.9,1.0,1.0
PM4_heatmap_speed2,2121129191,fragmented,9,2,14,1.0,1.0,-1.0,-1.0
PM4_heatmap_speed2,2121129191,fragmented,10,2,26,0.9615384615384616,0.9615384615384616,-1.0,-1.0
PM4_heatmap_speed2,2121129191,fragmented,11,2,40,0.9,0.9,-1.0,-1.0
PM4_heatmap_speed2,2121129191,fragmented,12,2,14,0.9285714285714286,0.9285714285714286,-1.0,-1.0
PM4_heatmap_speed2,2121129191,fragmented,13,2,55,0.9636363636363636,0.9636363636363636,-1.0,-1.0
PM4_heatmap_speed2,2121129191,fragmented,14,2,4,0.75,0.75,-1.0,-1.0
PM4_heatmap_speed2,2121129191,fragmented,16,2,160,0.98125,0.98125,1.0,1.0
PM4_heatmap_speed2,2121129191,fragmented,17,2,210,0.9761904761904762,0.9761904761904762,1.0,1.0
PM4_heatmap_speed2,2121129191,fragmented,18,2,170,0.9588235294117647,0.9588235294117647,1.0,1.0
PM4_heatmap_speed2,2121129191,fragmented,19,2,183,0.9453551912568307,0.9453551912568307,1.0,1.0
PM4_heatmap_speed2,2121129191,fragmented,20,2,63,0.9206349206349206,0.9206349206349206,1.0,1.0
PM4_heatmap_speed2,2121129191,fragmented,21,2,321,0.9501557632398754,0.9501557632398754,1.0,1.0
PM4_heatmap_speed2,2121129191,fragmented,22,2,263,0.9581749049429658,0.9581749049429658,1.0,1.0
PM4_heatmap_speed2,2121129191,fragmented,23,2,71,0.971830985915493,0.971830985915493,1.0,1.0
PM4_heatmap_speed2,2121129191,fragmented,24,2,148,0.972972972972973,0.972972972972973,1.0,1.0
PM4_heatmap_speed2,2121129191,fragmented,25,2,114,0.9385964912280702,0.9385964912280702,-1.0,-1.0
PM4_heatmap_speed2,2121129191,fragmented,26,2,64,0.9375,0.9375,-1.0,-1.0
PM4_heatmap_speed2,2121129191,fragmented,27,2,26,1.0,1.0,-1.0,-1.0
PM4_heatmap_speed2,2121129191,fragmented,28,2,81,0.9629629629629629,0.9629629629629629,-1.0,-1.0
PM4_heatmap_speed2,2121129191,fragmented,29,2,61,0.9344262295081968,0.9344262295081968,-1.0,-1.0
PM4_heatmap_speed2,2121129191,fragmented,30,2,50,0.98,0.98,-1.0,-1.0
PM4_heatmap_speed2,2121129191,fragmented,32,2,19,1.0,1.0,-1.0,-1.0
PM4_heatmap_speed2,2121129191,fragmented,33,2,55,1.0,1.0,-1.0,-1.0
PM4_heatmap_speed2,2121129191,fragmented,34,2,47,0.9787234042553191,0.9787234042553191,-1.0,-1.0
PM4_heatmap_speed2,2121129191,fragmented,35,2,109,0.9174311926605505,0.9174311926605505,-1.0,-1.0
PM4_heatmap_speed2,2121129191,fragmented,36,2,85,0.8941176470588236,0.8941176470588236,0.6666666666666666,0.6666666666666666
PM4_heatmap_speed2,2121129191,fragmented,37,2,90,0.9444444444444444,0.9444444444444444,1.0,1.0
PM4_heatmap_speed2,2121129191,fragmented,39,2,39,1.0,1.0,-1.0,-1.0
PM4_heatmap_speed2,2121129191,fragmented,40,2,37,0.9459459459459459,0.9459459459459459,-1.0,-1.0
PM4_heatmap_speed2,2121129191,fragmented,41,2,64,0.875,0.875,-1.0,-1.0
PM4_heatmap_speed2,2121129191,fragmented,42,2,36,1.0,1.0,-1.0,-1.0
PM4_heatmap_speed2,2121129191,fragmented,43,2,46,0.9565217391304348,0.9565217391304348,-1.0,-1.0
PM4_heatmap_speed2,2121129191,fragmented,44,2,135,0.9555555555555556,0.9555555555555556,1.0,1.0
PM4_heatmap_speed2,2121129191,fragmented,45,2,83,0.9879518072289156,0.9879518072289156,-1.0,-1.0
PM4_heatmap_speed2,2121129191,fragmented,46,2,23,1.0,1.0,-1.0,-1.0
PM4_heatmap_speed2,2121129191,fragmented,47,2,109,0.9541284403669725,0.9541284403669725,1.0,1.0
PM4_heatmap_speed2,2121129191,fragmented,48,2,65,1.0,1.0,1.0,1.0
PM4_heatmap_speed2,2121129191,fragmented,49,2,81,1.0,1.0,1.0,1.0
PM4_heatmap_speed2,2121129191,fragmented,0,3,23,0.9130434782608695,0.9130434782608695,1.0,1.0
PM4_heatmap_speed2,2121129191,fragmented,1,3,11,0.7272727272727273,0.7272727272727273,-1.0,-1.0
PM4_heatmap_speed2,2121129191,fragmented,2,3,5,1.0,1.0,-1.0,-1.0
PM4_heatmap_speed2,2121129191,fragmented,3,3,3,1.0,1.0,-1.0,-1.0
PM4_heatmap_speed2,2121129191,fragmented,4,3,1,1.0,1.0,-1.0,-1.0
PM4_heatmap_speed2,2121129191,fragmented,5,3,3,0.6666666666666666,0.6666666666666666,-1.0,-1.0
PM4_heatmap_speed2,2121129191,fragmented,7,3,1,1.0,1.0,-1.0,-1.0
PM4_heatmap_speed2,2121129191,fragmented,8,3,7,0.8571428571428571,0.8571428571428571,1.0,1.0
PM4_heatmap_speed2,2121129191,fragmented,9,3,10,0.7,0.7,-1.0,-1.0
PM4_heatmap_speed2,2121129191,fragmented,10,3,23,0.9130434782608695,0.9130434782608695,-1.0,-1.0
PM4_heatmap_speed2,2121129191,fragmented,11,3,12,0.6666666666666666,0.6666666666666666,-1.0,-1.0
PM4_heatmap_speed2,2121129191,fragmented,12,3,17,0.7647058823529411,0.7647058823529411,-1.0,-1.0
PM4_heatmap_speed2,2121129191,fragmented,13,3,59,0.9152542372881356,0.9152542372881356,-1.0,-1.0
PM4_heatmap_speed2,2121129191,fragmented,14,3,10,1.0,1.0,-1.0,-1.0
PM4_heatmap_speed2,2121129191,fragmented,16,3,79,1.0,1.0,-1.0,-1.0
PM4_heatmap_speed2,2121129191,fragmented,17,3,96,0.9166666666666666,0.9166666666666666,1.0,1.0
PM4_heatmap_speed2,2121129191,fragmented,19,3,68,0.9264705882352942,0.9264705882352942,1.0,1.0
PM4_heatmap_speed2,2121129191,fragmented,21,3,127,0.9606299212598425,0.9606299212598425,1.0,1.0
PM4_heatmap_speed2,2121129191,fragmented,22,3,34,0.9411764705882353,0.9411764705882353,-1.0,-1.0
PM4_heatmap_speed2,2121129191,fragmented,23,3,68,0.9264705882352942,0.9264705882352942,-1.0,-1.0
PM4_heatmap_speed2,2121129191,fragmented,24,3,120,0.9416666666666667,0.9416666666666667,1.0,1.0
PM4_heatmap_speed2,2121129191,fragmented,25,3,178,0.9101123595505618,0.9101123595505618,0.0,0.0
PM4_heatmap_speed2,2121129191,fragmented,26,3,77,0.8831168831168831,0.8831168831168831,-1.0,-1.0
PM4_heatmap_speed2,2121129191,fragmented,27,3,80,0.9375,0.9375,-1.0,-1.0
PM4_heatmap_speed2,2121129191,fragmented,28,3,143,0.9230769230769231,0.9230769230769231,-1.0,-1.0
PM4_heatmap_speed2,2121129191,fragmented,29,3,26,0.8846153846153846,0.8846153846153846,-1.0,-1.0
PM4_heatmap_speed2,2121129191,fragmented,30,3,56,0.9107142857142857,0.9107142857142857,-1.0,-1.0
PM4_heatmap_speed2,2121129191,fragmented,31,3,53,1.0,1.0,-1.0,-1.0
PM4_heatmap_speed2,2121129191,fragmented,32,3,84,0.9404761904761905,0.9404761904761905,-1.0,-1.0
PM4_heatmap_speed2,2121129191,fragmented,33,3,26,1.0,1.0,-1.0,-1.0
PM4_heatmap_speed2,2121129191,fragmented,34,3,141,0.8297872340425532,0.8297872340425532,-1.0,-1.0
PM4_heatmap_speed2,2121129191,fragmented,35,3,65,0.8769230769230769,0.8769230769230769,-1.0,-1.0
PM4_heatmap_speed2,2121129191,fragmented,36,3,48,0.9166666666666666,0.9166666666666666,0.8333333333333334,0.8333333333333334
PM4_heatmap_speed2,2121129191,fragmented,39,3,21,0.9523809523809523,0.9523809523809523,-1.0,-1.0
PM4_heatmap_speed2,2121129191,fragmented,40,3,20,0.95,0.95,-1.0,-1.0
PM4_heatmap_speed2,2121129191,fragmented,41,3,22,0.7727272727272727,0.7727272727272727,-1.0,-1.0
PM4_heatmap_speed2,2121129191,fragmented,42,3,22,0.8636363636363636,0.8636363636363636,-1.0,-1.0
PM4_heatmap_speed2,2121129191,fragmented,43,3,53,0.8679245283018868,0.8679245283018868,-1.0,-1.0
PM4_heatmap_speed2,2121129191,fragmented,44,3,100,0.95,0.95,1.0,1.0
PM4_heatmap_speed2,2121129191,fragmented,45,3,12,1.0,1.0,1.0,1.0
PM4_heatmap_speed2,2121129191,fragmented,47,3,57,0.9298245614035088,0.9298245614035088,1.0,1.0
PM4_heatmap_speed2,2121129191,fragmented,48,3,71,0.9859154929577465,0.9859154929577465,1.0,1.0
PM4_heatmap_speed2,2121129191,fragmented,49,3,53,0.9811320754716981,0.9811320754716981,1.0,1.0
PM4_heatmap_speed2,2121129191,fragmented,0,4,22,0.8636363636363636,0.8636363636363636,1.0,1.0
PM4_heatmap_speed2,2121129191,fragmented,2,4,2,1.0,1.0,-1.0,-1.0
PM4_heatmap_speed2,2121129191,fragmented,6,4,4,1.0,1.0,-1.0,-1.0
PM4_heatmap_speed2,2121129191,fragmented,7,4,4,1.0,1.0,-1.0,-1.0
PM4_heatmap_speed2,2121129191,fragmented,9,4,3,1.0,1.0,-1.0,-1.0
PM4_heatmap_speed2,2121129191,fragmented,10,4,29,0.896551724137931,0.896551724137931,-1.0,-1.0
PM4_heatmap_speed2,2121129191,fragmented,11,4,16,0.875,0.875,-1.0,-1.0
PM4_heatmap_speed2,2121129191,fragmented,14,4,14,1.0,1.0,-1.0,-1.0
PM4_heatmap_speed2,2121129191,fragmented,16,4,86,0.9883720930232558,0.9883720930232558,-1.0,-1.0
PM4_heatmap_speed2,2121129191,fragmented,17,4,205,0.9463414634146341,0.9463414634146341,1.0,1.0
PM4_heatmap_speed2,2121129191,fragmented,19,4,43,0.9534883720930233,0.9534883720930233,1.0,1.0
PM4_heatmap_speed2,2121129191,fragmented,20,4,73,0.9863013698630136,0.9863013698630136,1.0,1.0
PM4_heatmap_speed2,2121129191,fragmented,21,4,15,0.8666666666666667,0.8666666666666667,1.0,1.0
PM4_heatmap_speed2,2121129191,fragmented,25,4,78,0.8717948717948718,0.8717948717948718,0.0,0.0
PM4_heatmap_speed2,2121129191,fragmented,27,4,66,0.9545454545454546,0.9545454545454546,1.0,1.0
PM4_heatmap_speed2,2121129191,fragmented,28,4,65,0.9230769230769231,0.9230769230769231,-1.0,-1.0
PM4_heatmap_speed2,2121129191,fragmented,29,4,33,0.8787878787878788,0.8787878787878788,-1.0,-1.0
PM4_heatmap_speed2,2121129191,fragmented,30,4,168,0.9166666666666666,0.9166666666666666,-1.0,-1.0
PM4_heatmap_speed2,2121129191,fragmented,31,4,54,0.8333333333333334,0.8333333333333334,-1.0,-1.0
PM4_heatmap_speed2,2121129191,fragmented,32,4,91,0.9560439560439561,0.9560439560439561,1.0,1.0
PM4_heatmap_speed2,2121129191,fragmented,33,4,76,0.9078947368421053,0.9078947368421053,1.0,1.0
PM4_heatmap_speed2,2121129191,fragmented,34,4,23,0.9130434782608695,0.9130434782608695,-1.0,-1.0
PM4_heatmap_speed2,2121129191,fragmented,35,4,89,0.8651685393258427,0.8651685393258427,-1.0,-1.0
PM4_heatmap_speed2,2121129191,fragmented,36,4,53,0.8113207547169812,0.8113207547169812,-1.0,-1.0
PM4_heatmap_speed2,2121129191,fragmented,38,4,136,0.9779411764705882,0.9779411764705882,-1.0,-1.0
PM4_heatmap_speed2,2121129191,fragmented,39,4,135,0.9481481481481482,0.9481481481481482,-1.0,-1.0
PM4_heatmap_speed2,2121129191,fragmented,40,4,67,0.9253731343283582,0.9253731343283582,-1.0,-1.0
PM4_heatmap_speed2,2121129191,fragmented,41,4,41,0.926829268292683,0.926829268292683,-1.0,-1.0
PM4_heatmap_speed2,2121129191,fragmented,42,4,5,1.0,1.0,-1.0,-1.0
PM4_heatmap_speed2,2121129191,fragmented,43,4,17,0.9411764705882353,0.9411764705882353,-1.0,-1.0
PM4_heatmap_speed2,2121129191,fragmented,47,4,45,0.9111111111111111,0.9111111111111111,1.0,1.0
PM4_heatmap_speed2,2121129191,fragmented,0,5,32,0.9375,0.9375,1.0,1.0
PM4_heatmap_speed2,2121129191,fragmented,1,5,30,0.9666666666666667,0.9666666666666667,1.0,1.0
PM4_heatmap_speed2,2121129191,fragmented,2,5,26,0.9230769230769231,0.9230769230769231,-1.0,-1.0
PM4_heatmap_speed2,2121129191,fragmented,3,5,3,1.0,1.0,-1.0,-1.0
PM4_heatmap_speed2,2121129191,fragmented,5,5,4,1.0,1.0,1.0,1.0
PM4_heatmap_speed2,2121129191,fragmented,6,5,13,1.0,1.0,1.0,1.0
PM4_heatmap_speed2,2121129191,fragmented,8,5,3,1.0,1.0,-1.0,-1.0
PM4_heatmap_speed2,2121129191,fragmented,9,5,78,0.9871794871794872,0.9871794871794872,-1.0,-1.0
PM4_heatmap_speed2,2121129191,fragmented,10,5,28,0.9285714285714286,0.9285714285714286,-1.0,-1.0
PM4_heatmap_speed2,2121129191,fragmented,11,5,46,0.9782608695652174,0.9782608695652174,-1.0,-1.0
PM4_heatmap_speed2,2121129191,fragmented,12,5,16,0.8125,0.8125,-1.0,-1.0
PM4_heatmap_speed2,2121129191,fragmented,13,5,18,0.9444444444444444,0.9444444444444444,-1.0,-1.0
PM4_heatmap_speed2,2121129191,fragmented,14,5,11,1.0,1.0,-1.0,-1.0
PM4_heatmap_speed2,2121129191,fragmented,16,5,117,0.9401709401709402,0.9401709401709402,-1.0,-1.0
PM4_heatmap_speed2,2121129191,fragmented,17,5,167,0.9520958083832335,0.9520958083832335,1.0,1.0
PM4_heatmap_speed2,2121129191,fragmented,18,5,173,0.930635838150289,0.930635838150289,1.0,1.0
PM4_heatmap_speed2,2121129191,fragmented,19,5,205,0.9073170731707317,0.9073170731707317,-1.0,-1.0
PM4_heatmap_speed2,2121129191,fragmented,21,5,27,1.0,1.0,-1.0,-1.0
PM4_heatmap_speed2,2121129191,fragmented,22,5,121,0.9338842975206612,0.9338842975206612,1.0,1.0
PM4_heatmap_speed2,2121129191,fragmented,23,5,115,0.9043478260869565,0.9043478260869565,1.0,1.0
PM4_heatmap_speed2,2121129191,fragmented,24,5,124,0.9193548387096774,0.9193548387096774,1.0,1.0
PM4_heatmap_speed2,2121129191,fragmented,25,5,237,0.9409282700421941,0.9409282700421941,1.0,1.0
PM4_heatmap_speed2,2121129191,fragmented,26,5,69,0.8695652173913043,0.8695652173913043,0.5,0.5
PM4_heatmap_speed2,2121129191,fragmented,27,5,88,0.8863636363636364,0.8863636363636364,0.875,0.875
PM4_heatmap_speed2,2121129191,fragmented,28,5,59,0.8983050847457628,0.8983050847457628,-1.0,-1.0
PM4_heatmap_speed2,2121129191,fragmented,29,5,62,0.8709677419354839,0.8709677419354839,-1.0,-1.0
PM4_heatmap_speed2,2121129191,fragmented,30,5,89,0.9325842696629213,0.9325842696629213,-1.0,-1.0
PM4_heatmap_speed2,2121129191,fragmented,31,5,94,0.851063829787234,0.851063829787234,-1.0,-1.0
PM4_heatmap_speed2,2121129191,fragmented,33,5,114,0.868421052631579,0.868421052631579,1.0,1.0
PM4_heatmap_speed2,2121129191,fragmented,34,5,60,0.9166666666666666,0.9166666666666666,-1.0,-1.0
PM4_heatmap_speed2,2121129191,fragmented,35,5,115,0.9217391304347826,0.9217391304347826,-1.0,-1.0
PM4_heatmap_speed2,2121129191,fragmented,36,5,30,0.9,0.9,-1.0,-1.0
PM4_heatmap_speed2,2121129191,fragmented,37,5,28,0.8214285714285714,0.8214285714285714,-1.0,-1.0
PM4_heatmap_speed2,2121129191,fragmented,38,5,62,0.8870967741935484,0.8870967741935484,-1.0,-1.0
PM4_heatmap_speed2,2121129191,fragmented,39,5,17,1.0,1.0,-1.0,-1.0
PM4_heatmap_speed2,2121129191,fragmented,41,5,93,0.946236559139785,0.946236559139785,-1.0,-1.0
PM4_heatmap_speed2,2121129191,fragmented,42,5,75,0.92,0.92,-1.0,-1.0
PM4_heatmap_speed2,2121129191,fragmented,43,5,144,0.9513888888888888,0.9513888888888888,-1.0,-1.0
PM4_heatmap_speed2,2121129191,fragmented,44,5,16,0.9375,0.9375,-1.0,-1.0
PM4_heatmap_speed2,2121129191,fragmented,45,5,4,1.0,1.0,-1.0,-1.0
PM4_heatmap_speed2,2121129191,fragmented,46,5,12,0.75,0.75,-1.0,-1.0
PM4_heatmap_speed2,2121129191,fragmented,47,5,44,0.8636363636363636,0.8636363636363636,1.0,1.0
PM4_heatmap_speed2,2121129191,fragmented,48,5,42,0.8809523809523809,0.8809523809523809,1.0,1.0
PM4_heatmap_speed2,2121129191,fragmented,49,5,16,0.9375,0.9375,1.0,1.0
PM4_heatmap_speed2,2121129191,fragmented,0,6,12,0.9166666666666666,0.9166666666666666,-1.0,-1.0
PM4_heatmap_speed2,2121129191,fragmented,2,6,12,0.8333333333333334,0.8333333333333334,-1.0,-1.0
PM4_heatmap_speed2,2121129191,fragmented,6,6,6,1.0,1.0,1.0,1.0
PM4_heatmap_speed2,2121129191,fragmented,9,6,5,1.0,1.0,-1.0,-1.0
PM4_heatmap_speed2,2121129191,fragmented,10,6,40,0.925,0.925,-1.0,-1.0
PM4_heatmap_speed2,2121129191,fragmented,11,6,4,0.5,0.5,-1.0,-1.0
PM4_heatmap_speed2,2121129191,fragmented,12,6,33,0.8787878787878788,0.8787878787878788,-1.0,-1.0
PM4_heatmap_speed2,2121129191,fragmented,13,6,11,1.0,1.0,-1.0,-1.0
PM4_heatmap_speed2,2121129191,fragmented,14,6,26,0.9615384615384616,0.9615384615384616,-1.0,-1.0
PM4_heatmap_speed2,2121129191,fragmented,16,6,31,0.9032258064516129,0.9032258064516129,1.0,1.0
PM4_heatmap_speed2,2121129191,fragmented,19,6,215,0.9162790697674419,0.9162790697674419,-1.0,-1.0
PM4_heatmap_speed2,2121129191,fragmented,20,6,57,0.9298245614035088,0.9298245614035088,-1.0,-1.0
PM4_heatmap_speed2,2121129191,fragmented,21,6,63,0.8412698412698413,0.8412698412698413,-1.0,-1.0
PM4_heatmap_speed2,2121129191,fragmented,22,6,97,0.9072164948453608,0.9072164948453608,1.0,1.0
PM4_heatmap_speed2,2121129191,fragmented,23,6,13,1.0,1.0,1.0,1.0
PM4_heatmap_speed2,2121129191,fragmented,24,6,67,0.9701492537313433,0.9701492537313433,0.8,0.8
PM4_heatmap_speed2,2121129191,fragmented,25,6,188,0.925531914893617,0.925531914893617,0.9523809523809523,0.9523809523809523
PM4_heatmap_speed2,2121129191,fragmented,26,6,71,0.9436619718309859,0.9436619718309859,1.0,1.0
PM4_heatmap_speed2,2121129191,fragmented,27,6,104,0.9807692307692307,0.9807692307692307,1.0,1.0
PM4_heatmap_speed2,2121129191,fragmented,28,6,45,0.9111111111111111,0.9111111111111111,1.0,1.0
PM4_heatmap_speed2,2121129191,fragmented,29,6,35,0.9142857142857143,0.9142857142857143,1.0,1.0
PM4_heatmap_speed2,2121129191,fragmented,30,6,18,1.0,1.0,-1.0,-1.0
PM4_heatmap_speed2,2121129191,fragmented,31,6,54,0.8518518518518519,0.8518518518518519,0.75,0.75
PM4_heatmap_speed2,2121129191,fragmented,32,6,50,0.8,0.8,1.0,1.0
PM4_heatmap_speed2,2121129191,fragmented,33,6,131,0.9236641221374046,0.9236641221374046,-1.0,-1.0
PM4_heatmap_speed2,2121129191,fragmented,34,6,28,0.9285714285714286,0.9285714285714286,-1.0,-1.0
PM4_heatmap_speed2,2121129191,fragmented,35,6,72,0.9444444444444444,0.9444444444444444,-1.0,-1.0
PM4_heatmap_speed2,2121129191,fragmented,36,6,23,1.0,1.0,-1.0,-1.0
PM4_heatmap_speed2,2121129191,fragmented,38,6,4,1.0,1.0,-1.0,-1.0
PM4_heatmap_speed2,2121129191,fragmented,39,6,3,1.0,1.0,-1.0,-1.0
PM4_heatmap_speed2,2121129191,fragmented,41,6,34,0.8823529411764706,0.8823529411764706,1.0,1.0
PM4_heatmap_speed2,2121129191,fragmented,42,6,9,1.0,1.0,-1.0,-1.0
PM4_heatmap_speed2,2121129191,fragmented,43,6,151,0.9337748344370861,0.9337748344370861,-1.0,-1.0
PM4_heatmap_speed2,2121129191,fragmented,44,6,29,0.9655172413793104,0.9655172413793104,-1.0,-1.0
PM4_heatmap_speed2,2121129191,fragmented,45,6,13,0.8461538461538461,0.8461538461538461,-1.0,-1.0
PM4_heatmap_speed2,2121129191,fragmented,46,6,60,0.9,0.9,-1.0,-1.0
PM4_heatmap_speed2,2121129191,fragmented,47,6,80,0.925,0.925,1.0,1.0
PM4_heatmap_speed2,2121129191,fragmented,48,6,56,0.875,0.875,0.875,0.875
PM4_heatmap_speed2,2121129191,fragmented,49,6,15,0.9333333333333333,0.9333333333333333,1.0,1.0
PM4_heatmap_speed2,2121129191,fragmented,0,7,13,0.9230769230769231,0.9230769230769231,-1.0,-1.0
PM4_heatmap_speed2,2121129191,fragmented,2,7,51,0.9607843137254902,0.9607843137254902,-1.0,-1.0
PM4_heatmap_speed2,2121129191,fragmented,3,7,61,0.9836065573770492,0.9836065573770492,-1.0,-1.0
PM4_heatmap_speed2,2121129191,fragmented,4,7,29,0.9655172413793104,0.9655172413793104,1.0,1.0
PM4_heatmap_speed2,2121129191,fragmented,5,7,7,1.0,1.0,-1.0,-1.0
PM4_heatmap_speed2,2121129191,fragmented,6,7,15,1.0,1.0,-1.0,-1.0
PM4_heatmap_speed2,2121129191,fragmented,9,7,13,0.8461538461538461,0.8461538461538461,-1.0,-1.0
PM4_heatmap_speed2,2121129191,fragmented,10,7,63,0.9206349206349206,0.9206349206349206,-1.0,-1.0
PM4_heatmap_speed2,2121129191,fragmented,11,7,52,0.8846153846153846,0.8846153846153846,-1.0,-1.0
PM4_heatmap_speed2,2121129191,fragmented,12,7,19,0.9473684210526315,0.9473684210526315,-1.0,-1.0
PM4_heatmap_speed2,2121129191,fragmented,13,7,8,1.0,1.0,-1.0,-1.0
PM4_heatmap_speed2,2121129191,fragmented,14,7,11,0.9090909090909091,0.9090909090909091,-1.0,-1.0
PM4_heatmap_speed2,2121129191,fragmented,16,7,25,0.84,0.84,-1.0,-1.0
PM4_heatmap_speed2,2121129191,fragmented,17,7,53,1.0,1.0,-1.0,-1.0
PM4_heatmap_speed2,2121129191,fragmented,19,7,78,0.8333333333333334,0.8333333333333334,-1.0,-1.0
PM4_heatmap_speed2,2121129191,fragmented,24,7,87,0.9655172413793104,0.9655172413793104,0.8888888888888888,0.8888888888888888
PM4_heatmap_speed2,2121129191,fragmented,25,7,151,0.9139072847682119,0.9139072847682119,0.9166666666666666,0.9166666666666666
PM4_heatmap_speed2,2121129191,fragmented,28,7,35,0.9714285714285714,0.9714285714285714,1.0,1.0
PM4_heatmap_speed2,2121129191,fragmented,29,7,22,0.9090909090909091,0.9090909090909091,1.0,1.0
PM4_heatmap_speed2,2121129191,fragmented,30,7,52,1.0,1.0,-1.0,-1.0
PM4_heatmap_speed2,2121129191,fragmented,31,7,12,0.8333333333333334,0.8333333333333334,1.0,1.0
PM4_heatmap_speed2,2121129191,fragmented,32,7,36,0.9166666666666666,0.9166666666666666,0.8,0.8
PM4_heatmap_speed2,2121129191,fragmented,33,7,40,0.95,0.95,-1.0,-1.0
PM4_heatmap_speed2,2121129191,fragmented,34,7,21,0.7619047619047619,0.7619047619047619,-1.0,-1.0
PM4_heatmap_speed2,2121129191,fragmented,35,7,119,0.865546218487395,0.865546218487395,0.5,0.5
PM4_heatmap_speed2,2121129191,fragmented,36,7,73,0.958904109589041,0.958904109589041,0.5,0.5
PM4_heatmap_speed2,2121129191,fragmented,37,7,31,0.967741935483871,0.967741935483871,0.5,0.5
PM4_heatmap_speed2,2121129191,fragmented,38,7,20,0.9,0.9,-1.0,-1.0
PM4_heatmap_speed2,2121129191,fragmented,39,7,7,1.0,1.0,-1.0,-1.0
PM4_heatmap_speed2,2121129191,fragmented,41,7,45,0.8888888888888888,0.8888888888888888,1.0,1.0
PM4_heatmap_speed2,2121129191,fragmented,42,7,53,0.9433962264150944,0.9433962264150944,1.0,1.0
PM4_heatmap_speed2,2121129191,fragmented,43,7,60,0.9166666666666666,0.9166666666666666,-1.0,-1.0
PM4_heatmap_speed2,2121129191,fragmented,44,7,74,0.9459459459459459,0.9459459459459459,-1.0,-1.0
PM4_heatmap_speed2,2121129191,fragmented,45,7,28,0.8928571428571429,0.8928571428571429,-1.0,-1.0
PM4_heatmap_speed2,2121129191,fragmented,47,7,73,0.9863013698630136,0.9863013698630136,1.0,1.0
PM4_heatmap_speed2,2121129191,fragmented,48,7,120,0.95,0.95,1.0,1.0
PM4_heatmap_speed2,2121129191,fragmented,49,7,80,0.95,0.95,0.9285714285714286,0.9285714285714286
PM4_heatmap_speed2,2121129191,fragmented,0,8,26,0.9230769230769231,0.9230769230769231,-1.0,-1.0
PM4_heatmap_speed2,2121129191,fragmented,2,8,26,0.8461538461538461,0.8461538461538461,-1.0,-1.0
PM4_heatmap_speed2,2121129191,fragmented,3,8,43,0.9302325581395349,0.9302325581395349,1.0,1.0
PM4_heatmap_speed2,2121129191,fragmented,4,8,59,0.847457627118644,0.847457627118644,1.0,1.0
PM4_heatmap_speed2,2121129191,fragmented,5,8,34,1.0,1.0,1.0,1.0
PM4_heatmap_speed2,2121129191,fragmented,6,8,29,0.9655172413793104,0.9655172413793104,-1.0,-1.0
PM4_heatmap_speed2,2121129191,fragmented,7,8,11,0.7272727272727273,0.7272727272727273,-1.0,-1.0
PM4_heatmap_speed2,2121129191,fragmented,8,8,30,0.7333333333333333,0.7333333333333333,1.0,1.0
PM4_heatmap_speed2,2121129191,fragmented,9,8,22,0.8181818181818182,0.8181818181818182,1.0,1.0
PM4_heatmap_speed2,2121129191,fragmented,10,8,25,0.88,0.88,1.0,1.0
PM4_heatmap_speed2,2121129191,fragmented,11,8,52,0.9423076923076923,0.9423076923076923,1.0,1.0
PM4_heatmap_speed2,2121129191,fragmented,12,8,18,0.7777777777777778,0.7777777777777778,-1.0,-1.0
PM4_heatmap_speed2,2121129191,fragmented,13,8,20,0.95,0.95,-1.0,-1.0
PM4_heatmap_speed2,2121129191,fragmented,14,8,10,1.0,1.0,-1.0,-1.0
PM4_heatmap_speed2,2121129191,fragmented,16,8,12,0.9166666666666666,0.9166666666666666,-1.0,-1.0
PM4_heatmap_speed2,2121129191,fragmented,17,8,76,1.0,1.0,-1.0,-1.0
PM4_heatmap_speed2,2121129191,fragmented,18,8,76,0.9605263157894737,0.9605263157894737,-1.0,-1.0
PM4_heatmap_speed2,2121129191,fragmented,19,8,185,0.8918918918918919,0.8918918918918919,1.0,1.0
PM4_heatmap_speed2,2121129191,fragmented,20,8,59,0.8983050847457628,0.8983050847457628,-1.0,-1.0
PM4_heatmap_speed2,2121129191,fragmented,21,8,54,0.9259259259259259,0.9259259259259259,-1.0,-1.0
PM4_heatmap_speed2,2121129191,fragmented,22,8,107,0.9065420560747663,0.9065420560747663,-1.0,-1.0
PM4_heatmap_speed2,2121129191,fragmented,23,8,69,0.8985507246376812,0.8985507246376812,-1.0,-1.0
PM4_heatmap_speed2,2121129191,fragmented,24,8,9,0.8888888888888888,0.8888888888888888,-1.0,-1.0
PM4_heatmap_speed2,2121129191,fragmented,25,8,78,0.9487179487179487,0.9487179487179487,1.0,1.0
PM4_heatmap_speed2,2121129191,fragmented,26,8,57,0.9473684210526315,0.9473684210526315,1.0,1.0
PM4_heatmap_speed2,2121129191,fragmented,27,8,19,1.0,1.0,1.0,1.0
PM4_heatmap_speed2,2121129191,fragmented,29,8,25,0.96,0.96,-1.0,-1.0
PM4_heatmap_speed2,2121129191,fragmented,30,8,60,0.9166666666666666,0.9166666666666666,-1.0,-1.0
PM4_heatmap_speed2,2121129191,fragmented,32,8,59,0.9491525423728814,0.9491525423728814,1.0,1.0
PM4_heatmap_speed2,2121129191,fragmented,33,8,104,0.8942307692307693,0.8942307692307693,-1.0,-1.0
PM4_heatmap_speed2,2121129191,fragmented,34,8,47,0.8936170212765957,0.8936170212765957,1.0,1.0
PM4_heatmap_speed2,2121129191,fragmented,35,8,98,0.9285714285714286,0.9285714285714286,0.5,0.5
PM4_heatmap_speed2,2121129191,fragmented,36,8,21,1.0,1.0,-1.0,-1.0
PM4_heatmap_speed2,2121129191,fragmented,37,8,68,0.9117647058823529,0.9117647058823529,-1.0,-1.0
PM4_heatmap_speed2,2121129191,fragmented,38,8,128,0.8828125,0.8828125,-1.0,-1.0
PM4_heatmap_speed2,2121129191,fragmented,39,8,40,0.875,0.875,-1.0,-1.0
PM4_heatmap_speed2,2121129191,fragmented,40,8,36,0.8611111111111112,0.8611111111111112,-1.0,-1.0
PM4_heatmap_speed2,2121129191,fragmented,41,8,59,0.847457627118644,0.847457627118644,-1.0,-1.0
PM4_heatmap_speed2,2121129191,fragmented,42,8,42,0.9047619047619048,0.9047619047619048,-1.0,-1.0
PM4_heatmap_speed2,2121129191,fragmented,43,8,48,0.8958333333333334,0.8958333333333334,-1.0,-1.0
PM4_heatmap_speed2,2121129191,fragmented,46,8,58,1.0,1.0,-1.0,-1.0
PM4_heatmap_speed2,2121129191,fragmented,47,8,145,0.9793103448275862,0.9793103448275862,1.0,1.0
PM4_heatmap_speed2,2121129191,fragmented,48,8,71,0.9436619718309859,0.9436619718309859,1.0,1.0
PM4_heatmap_speed2,2121129191,fragmented,49,8,124,0.9596774193548387,0.9596774193548387,0.9523809523809523,0.9523809523809523
PM4_heatmap_speed2,2121129191,fragmented,0,9,46,0.8913043478260869,0.8913043478260869,-1.0,-1.0
PM4_heatmap_speed2,2121129191,fragmented,2,9,19,0.8421052631578947,0.8421052631578947,-1.0,-1.0
PM4_heatmap_speed2,2121129191,fragmented,3,9,36,0.8611111111111112,0.8611111111111112,1.0,1.0
PM4_heatmap_speed2,2121129191,fragmented,4,9,26,0.9230769230769231,0.9230769230769231,-1.0,-1.0
PM4_heatmap_speed2,2121129191,fragmented,5,9,49,0.9387755102040817,0.9387755102040817,-1.0,-1.0
PM4_heatmap_speed2,2121129191,fragmented,6,9,22,0.8636363636363636,0.8636363636363636,-1.0,-1.0
PM4_heatmap_speed2,2121129191,fragmented,7,9,8,1.0,1.0,1.0,1.0
PM4_heatmap_speed2,2121129191,fragmented,8,9,25,0.8,0.8,1.0,1.0
PM4_heatmap_speed2,2121129191,fragmented,11,9,55,0.9636363636363636,0.9636363636363636,1.0,1.0
PM4_heatmap_speed2,2121129191,fragmented,12,9,31,0.8387096774193549,0.8387096774193549,-1.0,-1.0
PM4_heatmap_speed2,2121129191,fragmented,13,9,39,0.8461538461538461,0.8461538461538461,-1.0,-1.0
PM4_heatmap_speed2,2121129191,fragmented,16,9,11,0.9090909090909091,0.9090909090909091,-1.0,-1.0
PM4_heatmap_speed2,2121129191,fragmented,19,9,88,0.8863636363636364,0.8863636363636364,-1.0,-1.0
PM4_heatmap_speed2,2121129191,fragmented,21,9,21,0.8571428571428571,0.8571428571428571,-1.0,-1.0
PM4_heatmap_speed2,2121129191,fragmented,22,9,36,0.8888888888888888,0.8888888888888888,-1.0,-1.0
PM4_heatmap_speed2,2121129191,fragmented,23,9,74,0.9324324324324325,0.9324324324324325,-1.0,-1.0
PM4_heatmap_speed2,2121129191,fragmented,24,9,28,0.9642857142857143,0.9642857142857143,-1.0,-1.0
PM4_heatmap_speed2,2121129191,fragmented,25,9,24,0.875,0.875,1.0,1.0
PM4_heatmap_speed2,2121129191,fragmented,26,9,31,0.9354838709677419,0.9354838709677419,1.0,1.0
PM4_heatmap_speed2,2121129191,fragmented,28,9,176,0.9261363636363636,0.9261363636363636,-1.0,-1.0
PM4_heatmap_speed2,2121129191,fragmented,29,9,66,0.8484848484848485,0.8484848484848485,-1.0,-1.0
PM4_heatmap_speed2,2121129191,fragmented,30,9,106,0.9339622641509434,0.9339622641509434,-1.0,-1.0
PM4_heatmap_speed2,2121129191,fragmented,33,9,150,0.9533333333333334,0.9533333333333334,1.0,1.0
PM4_heatmap_speed2,2121129191,fragmented,34,9,28,0.9285714285714286,0.9285714285714286,-1.0,-1.0
PM4_heatmap_speed2,2121129191,fragmented,35,9,63,0.9047619047619048,0.9047619047619048,-1.0,-1.0
PM4_heatmap_speed2,2121129191,fragmented,36,9,16,0.875,0.875,-1.0,-1.0
PM4_heatmap_speed2,2121129191,fragmented,38,9,31,0.7419354838709677,0.7419354838709677,0.0,0.0
PM4_heatmap_speed2,2121129191,fragmented,39,9,12,0.9166666666666666,0.9166666666666666,-1.0,-1.0
PM4_heatmap_speed2,2121129191,fragmented,43,9,43,0.8837209302325582,0.8837209302325582,-1.0,-1.0
PM4_heatmap_speed2,2121129191,fragmented,46,9,1,1.0,1.0,-1.0,-1.0
PM4_heatmap_speed2,2121129191,fragmented,49,9,26,0.9615384615384616,0.9615384615384616,1.0,1.0
PM4_heatmap_speed2,2121129191,fragmented,0,10,21,0.8095238095238095,0.8095238095238095,-1.0,-1.0
PM4_heatmap_speed2,2121129191,fragmented,1,10,22,0.9545454545454546,0.9545454545454546,-1.0,-1.0
PM4_heatmap_speed2,2121129191,fragmented,2,10,22,0.9545454545454546,0.9545454545454546,-1.0,-1.0
PM4_heatmap_speed2,2121129191,fragmented,3,10,46,0.9782608695652174,0.9782608695652174,1.0,1.0
PM4_heatmap_speed2,2121129191,fragmented,5,10,33,1.0,1.0,1.0,1.0
PM4_heatmap_speed2,2121129191,fragmented,6,10,3,1.0,1.0,-1.0,-1.0
PM4_heatmap_speed2,2121129191,fragmented,7,10,12,0.8333333333333334,0.8333333333333334,1.0,1.0
PM4_heatmap_speed2,2121129191,fragmented,8,10,31,0.9354838709677419,0.9354838709677419,1.0,1.0
PM4_heatmap_speed2,2121129191,fragmented,10,10,12,0.9166666666666666,0.9166666666666666,1.0,1.0
PM4_heatmap_speed2,2121129191,fragmented,11,10,42,0.8333333333333334,0.8333333333333334,0.6,0.6
PM4_heatmap_speed2,2121129191,fragmented,13,10,3,0.6666666666666666,0.6666666666666666,-1.0,-1.0
PM4_heatmap_speed2,2121129191,fragmented,14,10,11,0.6363636363636364,0.6363636363636364,-1.0,-1.0
PM4_heatmap_speed2,2121129191,fragmented,15,10,12,0.75,0.75,-1.0,-1.0
PM4_heatmap_speed2,2121129191,fragmented,16,10,89,0.8876404494382022,0.8876404494382022,1.0,1.0
PM4_heatmap_speed2,2121129191,fragmented,17,10,45,0.8,0.8,1.0,1.0
PM4_heatmap_speed2,2121129191,fragmented,18,10,48,0.75,0.75,-1.0,-1.0
PM4_heatmap_speed2,2121129191,fragmented,19,10,59,0.9322033898305084,0.9322033898305084,-1.0,-1.0
PM4_heatmap_speed2,2121129191,fragmented,21,10,1,1.0,1.0,-1.0,-1.0
PM4_heatmap_speed2,2121129191,fragmented,22,10,38,0.9736842105263158,0.9736842105263158,-1.0,-1.0
PM4_heatmap_speed2,2121129191,fragmented,23,10,82,0.9512195121951219,0.9512195121951219,-1.0,-1.0
PM4_heatmap_speed2,2121129191,fragmented,24,10,92,0.967391304347826,0.967391304347826,-1.0,-1.0
PM4_heatmap_speed2,2121129191,fragmented,25,10,23,0.8695652173913043,0.8695652173913043,0.875,0.875
PM4_heatmap_speed2,2121129191,fragmented,26,10,117,0.9145299145299145,0.9145299145299145,0.8181818181818182,0.8181818181818182
PM4_heatmap_speed2,2121129191,fragmented,27,10,169,0.8698224852071006,0.8698224852071006,0.9090909090909091,0.9090909090909091
PM4_heatmap_speed2,2121129191,fragmented,28,10,103,0.941747572815534,0.941747572815534,1.0,1.0
PM4_heatmap_speed2,2121129191,fragmented,30,10,68,0.9411764705882353,0.9411764705882353,-1.0,-1.0
PM4_heatmap_speed2,2121129191,fragmented,31,10,37,0.972972972972973,0.972972972972973,-1.0,-1.0
PM4_heatmap_speed2,2121129191,fragmented,33,10,159,0.89937106918239,0.89937106918239,1.0,1.0
PM4_heatmap_speed2,2121129191,fragmented,34,10,357,0.8795518207282913,0.8795518207282913,1.0,1.0
PM4_heatmap_speed2,2121129191,fragmented,36,10,65,0.8923076923076924,0.8923076923076924,1.0,1.0
PM4_heatmap_speed2,2121129191,fragmented,37,10,44,0.8636363636363636,0.8636363636363636,0.0,0.0
PM4_heatmap_speed2,2121129191,fragmented,38,10,18,0.8888888888888888,0.8888888888888888,1.0,1.0
PM4_heatmap_speed2,2121129191,fragmented,40,10,2,0.5,0.5,-1.0,-1.0
PM4_heatmap_speed2,2121129191,fragmented,43,10,90,0.9444444444444444,0.9444444444444444,-1.0,-1.0
PM4_heatmap_speed2,2121129191,fragmented,44,10,49,0.9387755102040817,0.9387755102040817,-1.0,-1.0
PM4_heatmap_speed2,2121129191,fragmented,45,10,50,0.92,0.92,-1.0,-1.0
PM4_heatmap_speed2,2121129191,fragmented,46,10,8,1.0,1.0,-1.0,-1.0
PM4_heatmap_speed2,2121129191,fragmented,47,10,45,0.9777777777777777,0.9777777777777777,-1.0,-1.0
PM4_heatmap_speed2,2121129191,fragmented,48,10,78,0.9743589743589743,0.9743589743589743,1.0,1.0
PM4_heatmap_speed2,2121129191,fragmented,49,10,84,0.9404761904761905,0.9404761904761905,1.0,1.0
PM4_heatmap_speed2,2121129191,fragmented,1,11,87,0.8850574712643678,0.8850574712643678,1.0,1.0
PM4_heatmap_speed2,2121129191,fragmented,2,11,32,0.9375,0.9375,1.0,1.0
PM4_heatmap_speed2,2121129191,fragmented,3,11,38,0.868421052631579,0.868421052631579,1.0,1.0
PM4_heatmap_speed2,2121129191,fragmented,4,11,72,0.8611111111111112,0.8611111111111112,1.0,1.0
PM4_heatmap_speed2,2121129191,fragmented,5,11,80,0.8875,0.8875,-1.0,-1.0
PM4_heatmap_speed2,2121129191,fragmented,6,11,43,0.9069767441860465,0.9069767441860465,-1.0,-1.0
PM4_heatmap_speed2,2121129191,fragmented,7,11,6,1.0,1.0,-1.0,-1.0
PM4_heatmap_speed2,2121129191,fragmented,8,11,41,0.9512195121951219,0.9512195121951219,1.0,1.0
PM4_heatmap_speed2,2121129191,fragmented,9,11,36,0.8055555555555556,0.8055555555555556,1.0,1.0
PM4_heatmap_speed2,2121129191,fragmented,10,11,87,0.9425287356321839,0.9425287356321839,1.0,1.0
PM4_heatmap_speed2,2121129191,fragmented,11,11,76,0.9342105263157895,0.9342105263157895,-1.0,-1.0
PM4_heatmap_speed2,2121129191,fragmented,13,11,9,1.0,1.0,-1.0,-1.0
PM4_heatmap_speed2,2121129191,fragmented,14,11,78,0.9743589743589743,0.9743589743589743,-1.0,-1.0
PM4_heatmap_speed2,2121129191,fragmented,15,11,63,0.9365079365079365,0.9365079365079365,-1.0,-1.0
PM4_heatmap_speed2,2121129191,fragmented,16,11,55,0.8363636363636363,0.8363636363636363,1.0,1.0
PM4_heatmap_speed2,2121129191,fragmented,17,11,45,0.8444444444444444,0.8444444444444444,-1.0,-1.0
PM4_heatmap_speed2,2121129191,fragmented,18,11,117,0.8547008547008547,0.8547008547008547,1.0,1.0
PM4_heatmap_speed2,2121129191,fragmented,19,11,117,0.9401709401709402,0.9401709401709402,1.0,1.0
PM4_heatmap_speed2,2121129191,fragmented,21,11,34,0.8235294117647058,0.8235294117647058,1.0,1.0
PM4_heatmap_speed2,2121129191,fragmented,22,11,18,0.8333333333333334,0.8333333333333334,0.8333333333333334,0.8333333333333334
PM4_heatmap_speed2,2121129191,fragmented,23,11,26,0.9230769230769231,0.9230769230769231,-1.0,-1.0
PM4_heatmap_speed2,2121129191,fragmented,24,11,4,1.0,1.0,-1.0,-1.0
PM4_heatmap_speed2,2121129191,fragmented,25,11,8,1.0,1.0,1.0,1.0
PM4_heatmap_speed2,2121129191,fragmented,26,11,30,0.9666666666666667,0.9666666666666667,1.0,1.0
PM4_heatmap_speed2,2121129191,fragmented,27,11,132,0.9090909090909091,0.9090909090909091,0.95,0.95
PM4_heatmap_speed2,2121129191,fragmented,28,11,229,0.9301310043668122,0.9301310043668122,0.96875,0.96875
PM4_heatmap_speed2,2121129191,fragmented,29,11,66,0.8939393939393939,0.8939393939393939,0.5,0.5
PM4_heatmap_speed2,2121129191,fragmented,30,11,139,0.920863309352518,0.920863309352518,0.8,0.8
PM4_heatmap_speed2,2121129191,fragmented,31,11,91,0.9340659340659341,0.9340659340659341,1.0,1.0
PM4_heatmap_speed2,2121129191,fragmented,32,11,125,0.96,0.96,1.0,1.0
PM4_heatmap_speed2,2121129191,fragmented,33,11,132,0.9242424242424242,0.9242424242424242,1.0,1.0
PM4_heatmap_speed2,2121129191,fragmented,34,11,55,0.9272727272727272,0.9272727272727272,1.0,1.0
PM4_heatmap_speed2,2121129191,fragmented,35,11,72,0.9583333333333334,0.9583333333333334,1.0,1.0
PM4_heatmap_speed2,2121129191,fragmented,36,11,36,0.9444444444444444,0.9444444444444444,1.0,1.0
PM4_heatmap_speed2,2121129191,fragmented,37,11,18,0.8333333333333334,0.8333333333333334,1.0,1.0
PM4_heatmap_speed2,2121129191,fragmented,38,11,5,0.8,0.8,-1.0,-1.0
PM4_heatmap_speed2,2121129191,fragmented,40,11,1,1.0,1.0,-1.0,-1.0
PM4_heatmap_speed2,2121129191,fragmented,41,11,4,0.75,0.75,-1.0,-1.0
PM4_heatmap_speed2,2121129191,fragmented,43,11,112,0.9553571428571429,0.9553571428571429,-1.0,-1.0
PM4_heatmap_speed2,2121129191,fragmented,44,11,138,0.9347826086956522,0.9347826086956522,-1.0,-1.0
PM4_heatmap_speed2,2121129191,fragmented,45,11,88,0.8863636363636364,0.8863636363636364,-1.0,-1.0
PM4_heatmap_speed2,2121129191,fragmented,46,11,40,0.9,0.9,-1.0,-1.0
PM4_heatmap_speed2,2121129191,fragmented,47,11,42,0.9523809523809523,0.9523809523809523,-1.0,-1.0
PM4_heatmap_speed2,2121129191,fragmented,49,11,51,0.9607843137254902,0.9607843137254902,-1.0,-1.0
PM4_heatmap_speed2,2121129191,fragmented,1,12,39,0.9230769230769231,0.9230769230769231,1.0,1.0
PM4_heatmap_speed2,2121129191,fragmented,2,12,36,0.9444444444444444,0.9444444444444444,1.0,1.0
PM4_heatmap_speed2,2121129191,fragmented,3,12,54,0.8703703703703703,0.8703703703703703,1.0,1.0
PM4_heatmap_speed2,2121129191,fragmented,5,12,14,0.8571428571428571,0.8571428571428571,-1.0,-1.0
PM4_heatmap_speed2,2121129191,fragmented,6,12,17,1.0,1.0,-1.0,-1.0
PM4_heatmap_speed2,2121129191,fragmented,7,12,29,0.896551724137931,0.896551724137931,-1.0,-1.0
PM4_heatmap_speed2,2121129191,fragmented,8,12,40,0.9,0.9,1.0,1.0
PM4_heatmap_speed2,2121129191,fragmented,10,12,37,0.9459459459459459,0.9459459459459459,0.75,0.75
PM4_heatmap_speed2,2121129191,fragmented,14,12,54,0.8703703703703703,0.8703703703703703,-1.0,-1.0
PM4_heatmap_speed2,2121129191,fragmented,15,12,55,0.9636363636363636,0.9636363636363636,-1.0,-1.0
PM4_heatmap_speed2,2121129191,fragmented,16,12,49,0.8571428571428571,0.8571428571428571,-1.0,-1.0
PM4_heatmap_speed2,2121129191,fragmented,18,12,37,0.8378378378378378,0.8378378378378378,0.8,0.8
PM4_heatmap_speed2,2121129191,fragmented,19,12,27,0.7037037037037037,0.7037037037037037,-1.0,-1.0
PM4_heatmap_speed2,2121129191,fragmented,21,12,20,0.9,0.9,1.0,1.0
PM4_heatmap_speed2,2121129191,fragmented,23,12,29,0.8275862068965517,0.8275862068965517,0.9,0.9
PM4_heatmap_speed2,2121129191,fragmented,25,12,6,0.8333333333333334,0.8333333333333334,-1.0,-1.0
PM4_heatmap_speed2,2121129191,fragmented,27,12,38,0.8421052631578947,0.8421052631578947,-1.0,-1.0
PM4_heatmap_speed2,2121129191,fragmented,28,12,43,0.8837209302325582,0.8837209302325582,0.9090909090909091,0.9090909090909091
PM4_heatmap_speed2,2121129191,fragmented,30,12,74,0.9324324324324325,0.9324324324324325,1.0,1.0
PM4_heatmap_speed2,2121129191,fragmented,31,12,23,0.9130434782608695,0.9130434782608695,1.0,1.0
PM4_heatmap_speed2,2121129191,fragmented,32,12,6,1.0,1.0,-1.0,-1.0
PM4_heatmap_speed2,2121129191,fragmented,35,12,44,0.9090909090909091,0.9090909090909091,1.0,1.0
PM4_heatmap_speed2,2121129191,fragmented,36,12,21,0.8095238095238095,0.8095238095238095,1.0,1.0
PM4_heatmap_speed2,2121129191,fragmented,37,12,9,0.8888888888888888,0.8888888888888888,-1.0,-1.0
PM4_heatmap_speed2,2121129191,fragmented,38,12,4,1.0,1.0,-1.0,-1.0
PM4_heatmap_speed2,2121129191,fragmented,41,12,1,0.0,0.0,-1.0,-1.0
PM4_heatmap_speed2,2121129191,fragmented,43,12,37,0.8648648648648649,0.8648648648648649,-1.0,-1.0
PM4_heatmap_speed2,2121129191,fragmented,44,12,76,0.9342105263157895,0.9342105263157895,-1.0,-1.0
PM4_heatmap_speed2,2121129191,fragmented,47,12,76,0.9736842105263158,0.9736842105263158,-1.0,-1.0
PM4_heatmap_speed2,2121129191,fragmented,49,12,44,0.8409090909090909,0.8409090909090909,-1.0,-1.0
PM4_heatmap_speed2,2121129191,fragmented,1,13,36,0.9444444444444444,0.9444444444444444,-1.0,-1.0
PM4_heatmap_speed2,2121129191,fragmented,2,13,73,0.9178082191780822,0.9178082191780822,0.0,0.0
PM4_heatmap_speed2,2121129191,fragmented,3,13,15,1.0,1.0,-1.0,-1.0
PM4_heatmap_speed2,2121129191,fragmented,4,13,25,0.96,0.96,-1.0,-1.0
PM4_heatmap_speed2,2121129191,fragmented,5,13,26,0.9230769230769231,0.9230769230769231,0.0,0.0
PM4_heatmap_speed2,2121129191,fragmented,6,13,9,1.0,1.0,-1.0,-1.0
PM4_heatmap_speed2,2121129191,fragmented,7,13,30,0.9333333333333333,0.9333333333333333,-1.0,-1.0
PM4_heatmap_speed2,2121129191,fragmented,8,13,110,0.8545454545454545,0.8545454545454545,-1.0,-1.0
PM4_heatmap_speed2,2121129191,fragmented,9,13,97,0.865979381443299,0.865979381443299,0.8571428571428571,0.8571428571428571
PM4_heatmap_speed2,2121129191,fragmented,10,13,119,0.8907563025210085,0.8907563025210085,0.75,0.75
PM4_heatmap_speed2,2121129191,fragmented,11,13,36,0.9444444444444444,0.9444444444444444,-1.0,-1.0
PM4_heatmap_speed2,2121129191,fragmented,13,13,1,1.0,1.0,-1.0,-1.0
PM4_heatmap_speed2,2121129191,fragmented,14,13,26,0.8846153846153846,0.8846153846153846,-1.0,-1.0
PM4_heatmap_speed2,2121129191,fragmented,15,13,46,0.8913043478260869,0.8913043478260869,-1.0,-1.0
PM4_heatmap_speed2,2121129191,fragmented,16,13,1,1.0,1.0,-1.0,-1.0
PM4_heatmap_speed2,2121129191,fragmented,18,13,50,0.78,0.78,0.75,0.75
PM4_heatmap_speed2,2121129191,fragmented,19,13,65,0.8307692307692308,0.8307692307692308,0.6666666666666666,0.6666666666666666
PM4_heatmap_speed2,2121129191,fragmented,20,13,19,0.6842105263157895,0.6842105263157895,0.0,0.0
PM4_heatmap_speed2,2121129191,fragmented,21,13,44,0.9090909090909091,0.9090909090909091,-1.0,-1.0
PM4_heatmap_speed2,2121129191,fragmented,22,13,9,0.8888888888888888,0.8888888888888888,-1.0,-1.0
PM4_heatmap_speed2,2121129191,fragmented,23,13,35,0.9428571428571428,0.9428571428571428,1.0,1.0
PM4_heatmap_speed2,2121129191,fragmented,25,13,1,1.0,1.0,-1.0,-1.0
PM4_heatmap_speed2,2121129191,fragmented,26,13,36,0.8333333333333334,0.8333333333333334,-1.0,-1.0
PM4_heatmap_speed2,2121129191,fragmented,27,13,30,0.9333333333333333,0.9333333333333333,-1.0,-1.0
PM4_heatmap_speed2,2121129191,fragmented,28,13,34,0.9117647058823529,0.9117647058823529,0.8,0.8
PM4_heatmap_speed2,2121129191,fragmented,29,13,38,0.8157894736842105,0.8157894736842105,0.8333333333333334,0.8333333333333334
PM4_heatmap_speed2,2121129191,fragmented,30,13,145,0.8620689655172413,0.8620689655172413,0.8823529411764706,0.8823529411764706
PM4_heatmap_speed2,2121129191,fragmented,31,13,31,0.9354838709677419,0.9354838709677419,1.0,1.0
PM4_heatmap_speed2,2121129191,fragmented,32,13,33,0.9696969696969697,0.9696969696969697,1.0,1.0
PM4_heatmap_speed2,2121129191,fragmented,33,13,27,0.9259259259259259,0.9259259259259259,1.0,1.0
PM4_heatmap_speed2,2121129191,fragmented,35,13,97,0.865979381443299,0.865979381443299,0.8571428571428571,0.8571428571428571
PM4_heatmap_speed2,2121129191,fragmented,36,13,38,0.7894736842105263,0.7894736842105263,0.75,0.75
PM4_heatmap_speed2,2121129191,fragmented,38,13,2,1.0,1.0,-1.0,-1.0
PM4_heatmap_speed2,2121129191,fragmented,39,13,6,0.8333333333333334,0.8333333333333334,-1.0,-1.0
PM4_heatmap_speed2,2121129191,fragmented,40,13,9,0.6666666666666666,0.6666666666666666,-1.0,-1.0
PM4_heatmap_speed2,2121129191,fragmented,41,13,10,0.9,0.9,-1.0,-1.0
PM4_heatmap_speed2,2121129191,fragmented,42,13,9,0.7777777777777778,0.7777777777777778,-1.0,-1.0
PM4_heatmap_speed2,2121129191,fragmented,43,13,78,0.8717948717948718,0.8717948717948718,-1.0,-1.0
PM4_heatmap_speed2,2121129191,fragmented,44,13,105,0.9619047619047619,0.9619047619047619,-1.0,-1.0
PM4_heatmap_speed2,2121129191,fragmented,45,13,58,0.9655172413793104,0.9655172413793104,-1.0,-1.0
PM4_heatmap_speed2,2121129191,fragmented,46,13,188,0.9095744680851063,0.9095744680851063,-1.0,-1.0
PM4_heatmap_speed2,2121129191,fragmented,47,13,159,0.8867924528301887,0.8867924528301887,-1.0,-1.0
PM4_heatmap_speed2,2121129191,fragmented,49,13,38,0.7894736842105263,0.7894736842105263,-1.0,-1.0
PM4_heatmap_speed2,2121129191,fragmented,0,14,9,1.0,1.0,-1.0,-1.0
PM4_heatmap_speed2,2121129191,fragmented,1,14,20,1.0,1.0,-1.0,-1.0
PM4_heatmap_speed2,2121129191,fragmented,2,14,95,0.9789473684210527,0.9789473684210527,0.6666666666666666,0.6666666666666666
PM4_heatmap_speed2,2121129191,fragmented,3,14,39,0.9230769230769231,0.9230769230769231,-1.0,-1.0
PM4_heatmap_speed2,2121129191,fragmented,4,14,59,0.864406779661017,0.864406779661017,-1.0,-1.0
PM4_heatmap_speed2,2121129191,fragmented,5,14,195,0.9025641025641026,0.9025641025641026,0.8,0.8
PM4_heatmap_speed2,2121129191,fragmented,6,14,49,0.8163265306122449,0.8163265306122449,-1.0,-1.0
PM4_heatmap_speed2,2121129191,fragmented,7,14,61,0.9344262295081968,0.9344262295081968,-1.0,-1.0
PM4_heatmap_speed2,2121129191,fragmented,8,14,131,0.9007633587786259,0.9007633587786259,-1.0,-1.0
PM4_heatmap_speed2,2121129191,fragmented,9,14,31,0.8387096774193549,0.8387096774193549,0.5,0.5
PM4_heatmap_speed2,2121129191,fragmented,10,14,179,0.8770949720670391,0.8770949720670391,0.5,0.5
PM4_heatmap_speed2,2121129191,fragmented,11,14,41,0.926829268292683,0.926829268292683,-1.0,-1.0
PM4_heatmap_speed2,2121129191,fragmented,12,14,5,1.0,1.0,1.0,1.0
PM4_heatmap_speed2,2121129191,fragmented,13,14,20,0.95,0.95,1.0,1.0
PM4_heatmap_speed2,2121129191,fragmented,14,14,31,0.8709677419354839,0.8709677419354839,-1.0,-1.0
PM4_heatmap_speed2,2121129191,fragmented,15,14,20,0.75,0.75,-1.0,-1.0
PM4_heatmap_speed2,2121129191,fragmented,17,14,24,0.875,0.875,-1.0,-1.0
PM4_heatmap_speed2,2121129191,fragmented,18,14,6,1.0,1.0,-1.0,-1.0
PM4_heatmap_speed2,2121129191,fragmented,19,14,17,0.7647058823529411,0.7647058823529411,-1.0,-1.0
PM4_heatmap_speed2,2121129191,fragmented,20,14,19,0.8421052631578947,0.8421052631578947,-1.0,-1.0
PM4_heatmap_speed2,2121129191,fragmented,21,14,29,0.6551724137931034,0.6551724137931034,0.0,0.0
PM4_heatmap_speed2,2121129191,fragmented,22,14,50,0.86,0.86,0.6666666666666666,0.6666666666666666
PM4_heatmap_speed2,2121129191,fragmented,23,14,5,0.8,0.8,1.0,1.0
PM4_heatmap_speed2,2121129191,fragmented,24,14,16,0.875,0.875,1.0,1.0
PM4_heatmap_speed2,2121129191,fragmented,25,14,1,1.0,1.0,-1.0,-1.0
PM4_heatmap_speed2,2121129191,fragmented,26,14,9,0.5555555555555556,0.5555555555555556,-1.0,-1.0
PM4_heatmap_speed2,2121129191,fragmented,29,14,20,0.85,0.85,0.5,0.5
PM4_heatmap_speed2,2121129191,fragmented,30,14,79,0.8607594936708861,0.8607594936708861,0.8620689655172413,0.8620689655172413
PM4_heatmap_speed2,2121129191,fragmented,31,14,20,0.9,0.9,0.8888888888888888,0.8888888888888888
PM4_heatmap_speed2,2121129191,fragmented,33,14,42,0.8095238095238095,0.8095238095238095,0.8,0.8
PM4_heatmap_speed2,2121129191,fragmented,35,14,46,0.8913043478260869,0.8913043478260869,-1.0,-1.0
PM4_heatmap_speed2,2121129191,fragmented,36,14,36,0.7777777777777778,0.7777777777777778,0.8,0.8
PM4_heatmap_speed2,2121129191,fragmented,37,14,17,0.7647058823529411,0.7647058823529411,0.8333333333333334,0.8333333333333334
PM4_heatmap_speed2,2121129191,fragmented,38,14,10,0.9,0.9,0.8,0.8
PM4_heatmap_speed2,2121129191,fragmented,39,14,3,0.6666666666666666,0.6666666666666666,-1.0,-1.0
PM4_heatmap_speed2,2121129191,fragmented,40,14,33,0.8484848484848485,0.8484848484848485,-1.0,-1.0
PM4_heatmap_speed2,2121129191,fragmented,41,14,64,0.921875,0.921875,-1.0,-1.0
PM4_heatmap_speed2,2121129191,fragmented,42,14,24,0.9583333333333334,0.9583333333333334,-1.0,-1.0
PM4_heatmap_speed2,2121129191,fragmented,43,14,14,1.0,1.0,-1.0,-1.0
PM4_heatmap_speed2,2121129191,fragmented,44,14,7,1.0,1.0,-1.0,-1.0
PM4_heatmap_speed2,2121129191,fragmented,45,14,11,1.0,1.0,-1.0,-1.0
PM4_heatmap_speed2,2121129191,fragmented,46,14,20,1.0,1.0,-1.0,-1.0
PM4_heatmap_speed2,2121129191,fragmented,47,14,212,0.8962264150943396,0.8962264150943396,-1.0,-1.0
PM4_heatmap_speed2,2121129191,fragmented,48,14,80,0.85,0.85,-1.0,-1.0
PM4_heatmap_speed2,2121129191,fragmented,49,14,75,0.8933333333333333,0.8933333333333333,-1.0,-1.0
PM4_heatmap_speed2,2121129191,fragmented,0,15,29,0.896551724137931,0.896551724137931,-1.0,-1.0
PM4_heatmap_speed2,2121129191,fragmented,2,15,73,0.8767123287671232,0.8767123287671232,0.4,0.4
PM4_heatmap_speed2,2121129191,fragmented,3,15,58,0.896551724137931,0.896551724137931,-1.0,-1.0
PM4_heatmap_speed2,2121129191,fragmented,4,15,7,1.0,1.0,-1.0,-1.0
PM4_heatmap_speed2,2121129191,fragmented,5,15,149,0.8590604026845637,0.8590604026845637,1.0,1.0
PM4_heatmap_speed2,2121129191,fragmented,6,15,57,0.8245614035087719,0.8245614035087719,-1.0,-1.0
PM4_heatmap_speed2,2121129191,fragmented,7,15,17,0.9411764705882353,0.9411764705882353,-1.0,-1.0
PM4_heatmap_speed2,2121129191,fragmented,8,15,57,0.8771929824561403,0.8771929824561403,-1.0,-1.0
PM4_heatmap_speed2,2121129191,fragmented,9,15,78,0.8974358974358975,0.8974358974358975,-1.0,-1.0
PM4_heatmap_speed2,2121129191,fragmented,10,15,99,0.8686868686868687,0.8686868686868687,0.0,0.0
PM4_heatmap_speed2,2121129191,fragmented,11,15,98,0.9183673469387755,0.9183673469387755,-1.0,-1.0
PM4_heatmap_speed2,2121129191,fragmented,13,15,12,0.75,0.75,1.0,1.0
PM4_heatmap_speed2,2121129191,fragmented,15,15,10,0.8,0.8,-1.0,-1.0
PM4_heatmap_speed2,2121129191,fragmented,17,15,26,0.9230769230769231,0.9230769230769231,-1.0,-1.0
PM4_heatmap_speed2,2121129191,fragmented,18,15,20,0.8,0.8,-1.0,-1.0
PM4_heatmap_speed2,2121129191,fragmented,19,15,42,0.7857142857142857,0.7857142857142857,-1.0,-1.0
PM4_heatmap_speed2,2121129191,fragmented,20,15,6,0.5,0.5,-1.0,-1.0
PM4_heatmap_speed2,2121129191,fragmented,21,15,4,1.0,1.0,-1.0,-1.0
PM4_heatmap_speed2,2121129191,fragmented,22,15,27,0.8518518518518519,0.8518518518518519,-1.0,-1.0
PM4_heatmap_speed2,2121129191,fragmented,24,15,49,0.8775510204081632,0.8775510204081632,1.0,1.0
PM4_heatmap_speed2,2121129191,fragmented,25,15,12,0.6666666666666666,0.6666666666666666,-1.0,-1.0
PM4_heatmap_speed2,2121129191,fragmented,27,15,6,0.8333333333333334,0.8333333333333334,1.0,1.0
PM4_heatmap_speed2,2121129191,fragmented,31,15,113,0.8849557522123894,0.8849557522123894,0.8846153846153846,0.8846153846153846
PM4_heatmap_speed2,2121129191,fragmented,32,15,52,0.8269230769230769,0.8269230769230769,0.5,0.5
PM4_heatmap_speed2,2121129191,fragmented,33,15,78,0.8333333333333334,0.8333333333333334,0.9,0.9
PM4_heatmap_speed2,2121129191,fragmented,34,15,28,0.7142857142857143,0.7142857142857143,1.0,1.0
PM4_heatmap_speed2,2121129191,fragmented,35,15,23,0.8695652173913043,0.8695652173913043,-1.0,-1.0
PM4_heatmap_speed2,2121129191,fragmented,36,15,38,0.7894736842105263,0.7894736842105263,1.0,1.0
PM4_heatmap_speed2,2121129191,fragmented,38,15,26,0.7692307692307693,0.7692307692307693,0.8,0.8
PM4_heatmap_speed2,2121129191,fragmented,41,15,178,0.9213483146067416,0.9213483146067416,-1.0,-1.0
PM4_heatmap_speed2,2121129191,fragmented,42,15,44,0.9545454545454546,0.9545454545454546,-1.0,-1.0
PM4_heatmap_speed2,2121129191,fragmented,43,15,72,0.9305555555555556,0.9305555555555556,-1.0,-1.0
PM4_heatmap_speed2,2121129191,fragmented,44,15,40,0.95,0.95,-1.0,-1.0
PM4_heatmap_speed2,2121129191,fragmented,46,15,35,0.9428571428571428,0.9428571428571428,-1.0,-1.0
PM4_heatmap_speed2,2121129191,fragmented,47,15,42,0.8809523809523809,0.8809523809523809,-1.0,-1.0
PM4_heatmap_speed2,2121129191,fragmented,49,15,42,0.9047619047619048,0.9047619047619048,-1.0,-1.0
PM4_heatmap_speed2,2121129191,fragmented,0,16,6,0.8333333333333334,0.8333333333333334,-1.0,-1.0
PM4_heatmap_speed2,2121129191,fragmented,1,16,17,0.7058823529411765,0.7058823529411765,-1.0,-1.0
PM4_heatmap_speed2,2121129191,fragmented,2,16,167,0.8682634730538922,0.8682634730538922,1.0,1.0
PM4_heatmap_speed2,2121129191,fragmented,3,16,117,0.8547008547008547,0.8547008547008547,0.5,0.5
PM4_heatmap_speed2,2121129191,fragmented,4,16,82,0.9146341463414634,0.9146341463414634,-1.0,-1.0
PM4_heatmap_speed2,2121129191,fragmented,5,16,113,0.8584070796460177,0.8584070796460177,-1.0,-1.0
PM4_heatmap_speed2,2121129191,fragmented,6,16,153,0.9281045751633987,0.9281045751633987,-1.0,-1.0
PM4_heatmap_speed2,2121129191,fragmented,7,16,38,1.0,1.0,-1.0,-1.0
PM4_heatmap_speed2,2121129191,fragmented,8,16,37,0.972972972972973,0.972972972972973,-1.0,-1.0
PM4_heatmap_speed2,2121129191,fragmented,9,16,36,0.8611111111111112,0.8611111111111112,-1.0,-1.0
PM4_heatmap_speed2,2121129191,fragmented,10,16,129,0.8914728682170543,0.8914728682170543,0.6666666666666666,0.6666666666666666
PM4_heatmap_speed2,2121129191,fragmented,11,16,157,0.89171974522293,0.89171974522293,1.0,1.0
PM4_heatmap_speed2,2121129191,fragmented,12,16,65,0.8,0.8,-1.0,-1.0
PM4_heatmap_speed2,2121129191,fragmented,13,16,54,0.8703703703703703,0.8703703703703703,-1.0,-1.0
PM4_heatmap_speed2,2121129191,fragmented,14,16,19,0.7894736842105263,0.7894736842105263,-1.0,-1.0
PM4_heatmap_speed2,2121129191,fragmented,15,16,56,0.8928571428571429,0.8928571428571429,-1.0,-1.0
PM4_heatmap_speed2,2121129191,fragmented,16,16,3,1.0,1.0,-1.0,-1.0
PM4_heatmap_speed2,2121129191,fragmented,18,16,33,0.9696969696969697,0.9696969696969697,-1.0,-1.0
PM4_heatmap_speed2,2121129191,fragmented,19,16,32,0.90625,0.90625,-1.0,-1.0
PM4_heatmap_speed2,2121129191,fragmented,20,16,48,0.8333333333333334,0.8333333333333334,1.0,1.0
PM4_heatmap_speed2,2121129191,fragmented,22,16,10,0.8,0.8,-1.0,-1.0
PM4_heatmap_speed2,2121129191,fragmented,23,16,37,0.8918918918918919,0.8918918918918919,-1.0,-1.0
PM4_heatmap_speed2,2121129191,fragmented,24,16,89,0.8876404494382022,0.8876404494382022,1.0,1.0
PM4_heatmap_speed2,2121129191,fragmented,25,16,104,0.8653846153846154,0.8653846153846154,-1.0,-1.0
PM4_heatmap_speed2,2121129191,fragmented,26,16,59,0.847457627118644,0.847457627118644,-1.0,-1.0
PM4_heatmap_speed2,2121129191,fragmented,27,16,51,0.8627450980392157,0.8627450980392157,1.0,1.0
PM4_heatmap_speed2,2121129191,fragmented,28,16,4,0.5,0.5,-1.0,-1.0
PM4_heatmap_speed2,2121129191,fragmented,29,16,37,0.7567567567567568,0.7567567567567568,-1.0,-1.0
PM4_heatmap_speed2,2121129191,fragmented,30,16,39,0.8974358974358975,0.8974358974358975,0.75,0.75
PM4_heatmap_speed2,2121129191,fragmented,31,16,80,0.9125,0.9125,1.0,1.0
PM4_heatmap_speed2,2121129191,fragmented,32,16,55,0.8545454545454545,0.8545454545454545,1.0,1.0
PM4_heatmap_speed2,2121129191,fragmented,33,16,92,0.9239130434782609,0.9239130434782609,0.8181818181818182,0.8181818181818182
PM4_heatmap_speed2,2121129191,fragmented,34,16,41,0.8536585365853658,0.8536585365853658,0.6666666666666666,0.6666666666666666
PM4_heatmap_speed2,2121129191,fragmented,35,16,32,0.75,0.75,1.0,1.0
PM4_heatmap_speed2,2121129191,fragmented,36,16,98,0.8571428571428571,0.8571428571428571,1.0,1.0
PM4_heatmap_speed2,2121129191,fragmented,38,16,118,0.923728813559322,0.923728813559322,0.8947368421052632,0.8947368421052632
PM4_heatmap_speed2,2121129191,fragmented,39,16,62,0.8387096774193549,0.8387096774193549,1.0,1.0
PM4_heatmap_speed2,2121129191,fragmented,40,16,108,0.8888888888888888,0.8888888888888888,-1.0,-1.0
PM4_heatmap_speed2,2121129191,fragmented,41,16,185,0.8918918918918919,0.8918918918918919,1.0,1.0
PM4_heatmap_speed2,2121129191,fragmented,42,16,127,0.9606299212598425,0.9606299212598425,1.0,1.0
PM4_heatmap_speed2,2121129191,fragmented,43,16,82,0.926829268292683,0.926829268292683,-1.0,-1.0
PM4_heatmap_speed2,2121129191,fragmented,44,16,86,0.8604651162790697,0.8604651162790697,1.0,1.0
PM4_heatmap_speed2,2121129191,fragmented,45,16,40,0.95,0.95,1.0,1.0
PM4_heatmap_speed2,2121129191,fragmented,46,16,86,0.8604651162790697,0.8604651162790697,1.0,1.0
PM4_heatmap_speed2,2121129191,fragmented,47,16,77,0.9090909090909091,0.9090909090909091,-1.0,-1.0
PM4_heatmap_speed2,2121129191,fragmented,48,16,59,0.9491525423728814,0.9491525423728814,1.0,1.0
PM4_heatmap_speed2,2121129191,fragmented,49,16,9,1.0,1.0,1.0,1.0
PM4_heatmap_speed2,2121129191,fragmented,0,17,39,0.9743589743589743,0.9743589743589743,-1.0,-1.0
PM4_heatmap_speed2,2121129191,fragmented,1,17,40,0.875,0.875,-1.0,-1.0
PM4_heatmap_speed2,2121129191,fragmented,2,17,58,0.8620689655172413,0.8620689655172413,0.5,0.5
PM4_heatmap_speed2,2121129191,fragmented,3,17,27,0.8148148148148148,0.8148148148148148,1.0,1.0
PM4_heatmap_speed2,2121129191,fragmented,4,17,45,0.9555555555555556,0.9555555555555556,-1.0,-1.0
PM4_heatmap_speed2,2121129191,fragmented,5,17,28,0.9642857142857143,0.9642857142857143,-1.0,-1.0
PM4_heatmap_speed2,2121129191,fragmented,8,17,7,1.0,1.0,-1.0,-1.0
PM4_heatmap_speed2,2121129191,fragmented,9,17,120,0.9,0.9,-1.0,-1.0
PM4_heatmap_speed2,2121129191,fragmented,10,17,108,0.9259259259259259,0.9259259259259259,1.0,1.0
PM4_heatmap_speed2,2121129191,fragmented,11,17,186,0.9301075268817204,0.9301075268817204,1.0,1.0
PM4_heatmap_speed2,2121129191,fragmented,13,17,20,0.9,0.9,-1.0,-1.0
PM4_heatmap_speed2,2121129191,fragmented,14,17,26,0.8076923076923077,0.8076923076923077,-1.0,-1.0
PM4_heatmap_speed2,2121129191,fragmented,15,17,54,0.7962962962962963,0.7962962962962963,-1.0,-1.0
PM4_heatmap_speed2,2121129191,fragmented,16,17,9,0.6666666666666666,0.6666666666666666,-1.0,-1.0
PM4_heatmap_speed2,2121129191,fragmented,17,17,9,0.7777777777777778,0.7777777777777778,-1.0,-1.0
PM4_heatmap_speed2,2121129191,fragmented,18,17,4,1.0,1.0,-1.0,-1.0
PM4_heatmap_speed2,2121129191,fragmented,19,17,18,0.8888888888888888,0.8888888888888888,-1.0,-1.0
PM4_heatmap_speed2,2121129191,fragmented,20,17,41,0.8048780487804879,0.8048780487804879,-1.0,-1.0
PM4_heatmap_speed2,2121129191,fragmented,24,17,38,0.8947368421052632,0.8947368421052632,1.0,1.0
PM4_heatmap_speed2,2121129191,fragmented,25,17,42,0.9523809523809523,0.9523809523809523,1.0,1.0
PM4_heatmap_speed2,2121129191,fragmented,26,17,45,0.8666666666666667,0.8666666666666667,-1.0,-1.0
PM4_heatmap_speed2,2121129191,fragmented,27,17,51,0.9019607843137255,0.9019607843137255,1.0,1.0
PM4_heatmap_speed2,2121129191,fragmented,28,17,25,0.92,0.92,0.0,0.0
PM4_heatmap_speed2,2121129191,fragmented,29,17,64,0.859375,0.859375,0.5,0.5
PM4_heatmap_speed2,2121129191,fragmented,30,17,96,0.875,0.875,0.75,0.75
PM4_heatmap_speed2,2121129191,fragmented,31,17,19,0.8947368421052632,0.8947368421052632,-1.0,-1.0
PM4_heatmap_speed2,2121129191,fragmented,32,17,21,0.8095238095238095,0.8095238095238095,1.0,1.0
PM4_heatmap_speed2,2121129191,fragmented,33,17,89,0.9775280898876404,0.9775280898876404,0.9285714285714286,0.9285714285714286
PM4_heatmap_speed2,2121129191,fragmented,34,17,56,0.9821428571428571,0.9821428571428571,-1.0,-1.0
PM4_heatmap_speed2,2121129191,fragmented,35,17,7,1.0,1.0,-1.0,-1.0
PM4_heatmap_speed2,2121129191,fragmented,36,17,162,0.9135802469135802,0.9135802469135802,1.0,1.0
PM4_heatmap_speed2,2121129191,fragmented,37,17,73,0.9041095890410958,0.9041095890410958,-1.0,-1.0
PM4_heatmap_speed2,2121129191,fragmented,38,17,160,0.93125,0.93125,1.0,1.0
PM4_heatmap_speed2,2121129191,fragmented,39,17,290,0.9275862068965517,0.9275862068965517,0.8421052631578947,0.8421052631578947
PM4_heatmap_speed2,2121129191,fragmented,40,17,107,0.9345794392523364,0.9345794392523364,0.9166666666666666,0.9166666666666666
PM4_heatmap_speed2,2121129191,fragmented,41,17,70,0.7857142857142857,0.7857142857142857,-1.0,-1.0
PM4_heatmap_speed2,2121129191,fragmented,42,17,42,0.8809523809523809,0.8809523809523809,-1.0,-1.0
PM4_heatmap_speed2,2121129191,fragmented,43,17,37,0.8648648648648649,0.8648648648648649,-1.0,-1.0
PM4_heatmap_speed2,2121129191,fragmented,44,17,35,0.7142857142857143,0.7142857142857143,-1.0,-1.0
PM4_heatmap_speed2,2121129191,fragmented,46,17,55,0.8909090909090909,0.8909090909090909,0.75,0.75
PM4_heatmap_speed2,2121129191,fragmented,47,17,95,0.9157894736842105,0.9157894736842105,0.9,0.9
PM4_heatmap_speed2,2121129191,fragmented,48,17,37,0.972972972972973,0.972972972972973,1.0,1.0
PM4_heatmap_speed2,2121129191,fragmented,49,17,43,0.9302325581395349,0.9302325581395349,1.0,1.0
PM4_heatmap_speed2,2121129191,fragmented,0,18,14,1.0,1.0,-1.0,-1.0
PM4_heatmap_speed2,2121129191,fragmented,1,18,64,0.921875,0.921875,1.0,1.0
PM4_heatmap_speed2,2121129191,fragmented,2,18,66,0.8939393939393939,0.8939393939393939,1.0,1.0
PM4_heatmap_speed2,2121129191,fragmented,4,18,34,0.8823529411764706,0.8823529411764706,-1.0,-1.0
PM4_heatmap_speed2,2121129191,fragmented,5,18,20,0.95,0.95,-1.0,-1.0
PM4_heatmap_speed2,2121129191,fragmented,6,18,8,1.0,1.0,-1.0,-1.0
PM4_heatmap_speed2,2121129191,fragmented,7,18,11,1.0,1.0,-1.0,-1.0
PM4_heatmap_speed2,2121129191,fragmented,9,18,43,0.7906976744186046,0.7906976744186046,-1.0,-1.0
PM4_heatmap_speed2,2121129191,fragmented,10,18,2,1.0,1.0,-1.0,-1.0
PM4_heatmap_speed2,2121129191,fragmented,11,18,71,0.8591549295774648,0.8591549295774648,1.0,1.0
PM4_heatmap_speed2,2121129191,fragmented,14,18,20,0.85,0.85,-1.0,-1.0
PM4_heatmap_speed2,2121129191,fragmented,19,18,22,0.8181818181818182,0.8181818181818182,-1.0,-1.0
PM4_heatmap_speed2,2121129191,fragmented,20,18,56,0.8928571428571429,0.8928571428571429,0.9090909090909091,0.9090909090909091
PM4_heatmap_speed2,2121129191,fragmented,21,18,32,0.90625,0.90625,0.6666666666666666,0.6666666666666666
PM4_heatmap_speed2,2121129191,fragmented,22,18,32,0.875,0.875,0.6666666666666666,0.6666666666666666
PM4_heatmap_speed2,2121129191,fragmented,25,18,66,0.9393939393939394,0.9393939393939394,1.0,1.0
PM4_heatmap_speed2,2121129191,fragmented,26,18,59,0.8813559322033898,0.8813559322033898,1.0,1.0
PM4_heatmap_speed2,2121129191,fragmented,27,18,143,0.8811188811188811,0.8811188811188811,1.0,1.0
PM4_heatmap_speed2,2121129191,fragmented,28,18,4,1.0,1.0,-1.0,-1.0
PM4_heatmap_speed2,2121129191,fragmented,29,18,37,0.8918918918918919,0.8918918918918919,1.0,1.0
PM4_heatmap_speed2,2121129191,fragmented,30,18,48,0.875,0.875,1.0,1.0
PM4_heatmap_speed2,2121129191,fragmented,31,18,28,0.9285714285714286,0.9285714285714286,-1.0,-1.0
PM4_heatmap_speed2,2121129191,fragmented,33,18,7,1.0,1.0,1.0,1.0
PM4_heatmap_speed2,2121129191,fragmented,35,18,29,1.0,1.0,-1.0,-1.0
PM4_heatmap_speed2,2121129191,fragmented,36,18,69,0.8695652173913043,0.8695652173913043,1.0,1.0
PM4_heatmap_speed2,2121129191,fragmented,39,18,46,0.9347826086956522,0.9347826086956522,1.0,1.0
PM4_heatmap_speed2,2121129191,fragmented,40,18,127,0.9291338582677166,0.9291338582677166,0.9230769230769231,0.9230769230769231
PM4_heatmap_speed2,2121129191,fragmented,41,18,48,0.8541666666666666,0.8541666666666666,-1.0,-1.0
PM4_heatmap_speed2,2121129191,fragmented,42,18,61,0.8852459016393442,0.8852459016393442,-1.0,-1.0
PM4_heatmap_speed2,2121129191,fragmented,43,18,7,0.7142857142857143,0.7142857142857143,-1.0,-1.0
PM4_heatmap_speed2,2121129191,fragmented,44,18,63,0.9206349206349206,0.9206349206349206,1.0,1.0
PM4_heatmap_speed2,2121129191,fragmented,45,18,21,0.7142857142857143,0.7142857142857143,1.0,1.0
PM4_heatmap_speed2,2121129191,fragmented,46,18,22,0.8636363636363636,0.8636363636363636,0.6666666666666666,0.6666666666666666
PM4_heatmap_speed2,2121129191,fragmented,47,18,28,0.9285714285714286,0.9285714285714286,1.0,1.0
PM4_heatmap_speed2,2121129191,fragmented,49,18,19,0.8947368421052632,0.8947368421052632,1.0,1.0
PM4_heatmap_speed2,2121129191,fragmented,0,19,22,1.0,1.0,1.0,1.0
PM4_heatmap_speed2,2121129191,fragmented,1,19,43,0.8837209302325582,0.8837209302325582,1.0,1.0
PM4_heatmap_speed2,2121129191,fragmented,2,19,196,0.9540816326530612,0.9540816326530612,1.0,1.0
PM4_heatmap_speed2,2121129191,fragmented,3,19,113,0.8672566371681416,0.8672566371681416,-1.0,-1.0
PM4_heatmap_speed2,2121129191,fragmented,4,19,41,0.9024390243902439,0.9024390243902439,-1.0,-1.0
PM4_heatmap_speed2,2121129191,fragmented,5,19,1,1.0,1.0,-1.0,-1.0
PM4_heatmap_speed2,2121129191,fragmented,6,19,6,1.0,1.0,-1.0,-1.0
PM4_heatmap_speed2,2121129191,fragmented,7,19,13,0.9230769230769231,0.9230769230769231,-1.0,-1.0
PM4_heatmap_speed2,2121129191,fragmented,8,19,23,0.8695652173913043,0.8695652173913043,-1.0,-1.0
PM4_heatmap_speed2,2121129191,fragmented,9,19,24,0.9583333333333334,0.9583333333333334,-1.0,-1.0
PM4_heatmap_speed2,2121129191,fragmented,10,19,34,0.8823529411764706,0.8823529411764706,-1.0,-1.0
PM4_heatmap_speed2,2121129191,fragmented,11,19,44,0.9545454545454546,0.9545454545454546,1.0,1.0
PM4_heatmap_speed2,2121129191,fragmented,14,19,79,0.9113924050632911,0.9113924050632911,0.75,0.75
PM4_heatmap_speed2,2121129191,fragmented,15,19,78,0.8846153846153846,0.8846153846153846,0.75,0.75
PM4_heatmap_speed2,2121129191,fragmented,16,19,31,0.9032258064516129,0.9032258064516129,1.0,1.0
PM4_heatmap_speed2,2121129191,fragmented,17,19,7,1.0,1.0,1.0,1.0
PM4_heatmap_speed2,2121129191,fragmented,18,19,17,0.8823529411764706,0.8823529411764706,1.0,1.0
PM4_heatmap_speed2,2121129191,fragmented,19,19,66,0.9090909090909091,0.9090909090909091,1.0,1.0
PM4_heatmap_speed2,2121129191,fragmented,20,19,57,0.9649122807017544,0.9649122807017544,1.0,1.0
PM4_heatmap_speed2,2121129191,fragmented,22,19,6,0.6666666666666666,0.6666666666666666,0.0,0.0
PM4_heatmap_speed2,2121129191,fragmented,23,19,1,1.0,1.0,-1.0,-1.0
PM4_heatmap_speed2,2121129191,fragmented,25,19,23,0.9130434782608695,0.9130434782608695,-1.0,-1.0
PM4_heatmap_speed2,2121129191,fragmented,26,19,16,1.0,1.0,-1.0,-1.0
PM4_heatmap_speed2,2121129191,fragmented,27,19,90,0.8444444444444444,0.8444444444444444,1.0,1.0
PM4_heatmap_speed2,2121129191,fragmented,28,19,75,0.88,0.88,1.0,1.0
PM4_heatmap_speed2,2121129191,fragmented,29,19,151,0.8344370860927153,0.8344370860927153,1.0,1.0
PM4_heatmap_speed2,2121129191,fragmented,30,19,59,0.847457627118644,0.847457627118644,0.8333333333333334,0.8333333333333334
PM4_heatmap_speed2,2121129191,fragmented,31,19,79,0.9113924050632911,0.9113924050632911,0.8333333333333334,0.8333333333333334
PM4_heatmap_speed2,2121129191,fragmented,33,19,53,0.9433962264150944,0.9433962264150944,1.0,1.0
PM4_heatmap_speed2,2121129191,fragmented,34,19,61,0.8360655737704918,0.8360655737704918,1.0,1.0
PM4_heatmap_speed2,2121129191,fragmented,35,19,136,0.8602941176470589,0.8602941176470589,0.8,0.8
PM4_heatmap_speed2,2121129191,fragmented,36,19,181,0.8176795580110497,0.8176795580110497,0.8571428571428571,0.8571428571428571
PM4_heatmap_speed2,2121129191,fragmented,37,19,83,0.8433734939759037,0.8433734939759037,0.875,0.875
PM4_heatmap_speed2,2121129191,fragmented,38,19,33,0.8787878787878788,0.8787878787878788,0.9,0.9
PM4_heatmap_speed2,2121129191,fragmented,39,19,47,0.9148936170212766,0.9148936170212766,0.7857142857142857,0.7857142857142857
PM4_heatmap_speed2,2121129191,fragmented,40,19,16,0.9375,0.9375,0.8333333333333334,0.8333333333333334
PM4_heatmap_speed2,2121129191,fragmented,41,19,98,0.8877551020408163,0.8877551020408163,0.625,0.625
PM4_heatmap_speed2,2121129191,fragmented,42,19,132,0.9015151515151515,0.9015151515151515,0.0,0.0
PM4_heatmap_speed2,2121129191,fragmented,43,19,41,0.8536585365853658,0.8536585365853658,-1.0,-1.0
PM4_heatmap_speed2,2121129191,fragmented,44,19,72,0.7916666666666666,0.7916666666666666,-1.0,-1.0
PM4_heatmap_speed2,2121129191,fragmented,45,19,12,1.0,1.0,-1.0,-1.0
PM4_heatmap_speed2,2121129191,fragmented,47,19,64,0.96875,0.96875,-1.0,-1.0
PM4_heatmap_speed2,2121129191,fragmented,48,19,61,0.9836065573770492,0.9836065573770492,-1.0,-1.0
PM4_heatmap_speed2,2121129191,fragmented,49,19,62,0.967741935483871,0.967741935483871,-1.0,-1.0
PM4_heatmap_speed2,2121129191,fragmented,1,20,39,0.8974358974358975,0.8974358974358975,-1.0,-1.0
PM4_heatmap_speed2,2121129191,fragmented,2,20,50,0.84,0.84,1.0,1.0
PM4_heatmap_speed2,2121129191,fragmented,3,20,30,0.9,0.9,-1.0,-1.0
PM4_heatmap_speed2,2121129191,fragmented,4,20,24,0.875,0.875,-1.0,-1.0
PM4_heatmap_speed2,2121129191,fragmented,8,20,27,0.9629629629629629,0.9629629629629629,-1.0,-1.0
PM4_heatmap_speed2,2121129191,fragmented,9,20,25,0.92,0.92,-1.0,-1.0
PM4_heatmap_speed2,2121129191,fragmented,11,20,66,0.8787878787878788,0.8787878787878788,1.0,1.0
PM4_heatmap_speed2,2121129191,fragmented,12,20,37,0.8378378378378378,0.8378378378378378,1.0,1.0
PM4_heatmap_speed2,2121129191,fragmented,13,20,14,0.9285714285714286,0.9285714285714286,-1.0,-1.0
PM4_heatmap_speed2,2121129191,fragmented,14,20,75,0.8666666666666667,0.8666666666666667,1.0,1.0
PM4_heatmap_speed2,2121129191,fragmented,15,20,36,0.8611111111111112,0.8611111111111112,0.875,0.875
PM4_heatmap_speed2,2121129191,fragmented,16,20,47,0.8723404255319149,0.8723404255319149,0.875,0.875
PM4_heatmap_speed2,2121129191,fragmented,18,20,9,0.7777777777777778,0.7777777777777778,1.0,1.0
PM4_heatmap_speed2,2121129191,fragmented,19,20,59,0.8813559322033898,0.8813559322033898,0.9090909090909091,0.9090909090909091
PM4_heatmap_speed2,2121129191,fragmented,20,20,32,0.9375,0.9375,1.0,1.0
PM4_heatmap_speed2,2121129191,fragmented,23,20,4,0.75,0.75,-1.0,-1.0
PM4_heatmap_speed2,2121129191,fragmented,24,20,20,1.0,1.0,-1.0,-1.0
PM4_heatmap_speed2,2121129191,fragmented,25,20,2,1.0,1.0,-1.0,-1.0
PM4_heatmap_speed2,2121129191,fragmented,26,20,10,0.8,0.8,0.5,0.5
PM4_heatmap_speed2,2121129191,fragmented,27,20,50,0.9,0.9,1.0,1.0
PM4_heatmap_speed2,2121129191,fragmented,28,20,256,0.8359375,0.8359375,0.8235294117647058,0.8235294117647058
PM4_heatmap_speed2,2121129191,fragmented,29,20,214,0.8644859813084113,0.8644859813084113,0.9,0.9
PM4_heatmap_speed2,2121129191,fragmented,30,20,92,0.9130434782608695,0.9130434782608695,0.8,0.8
PM4_heatmap_speed2,2121129191,fragmented,31,20,30,0.8666666666666667,0.8666666666666667,0.0,0.0
PM4_heatmap_speed2,2121129191,fragmented,32,20,32,0.90625,0.90625,1.0,1.0
PM4_heatmap_speed2,2121129191,fragmented,33,20,102,0.8725490196078431,0.8725490196078431,0.8461538461538461,0.8461538461538461
PM4_heatmap_speed2,2121129191,fragmented,34,20,22,0.7727272727272727,0.7727272727272727,-1.0,-1.0
PM4_heatmap_speed2,2121129191,fragmented,35,20,51,0.8431372549019608,0.8431372549019608,1.0,1.0
PM4_heatmap_speed2,2121129191,fragmented,36,20,66,0.8333333333333334,0.8333333333333334,1.0,1.0
PM4_heatmap_speed2,2121129191,fragmented,37,20,64,0.953125,0.953125,1.0,1.0
PM4_heatmap_speed2,2121129191,fragmented,41,20,124,0.9112903225806451,0.9112903225806451,1.0,1.0
PM4_heatmap_speed2,2121129191,fragmented,42,20,178,0.9157303370786517,0.9157303370786517,1.0,1.0
PM4_heatmap_speed2,2121129191,fragmented,44,20,76,0.881578947368421,0.881578947368421,-1.0,-1.0
PM4_heatmap_speed2,2121129191,fragmented,45,20,1,1.0,1.0,-1.0,-1.0
PM4_heatmap_speed2,2121129191,fragmented,46,20,22,1.0,1.0,-1.0,-1.0
PM4_heatmap_speed2,2121129191,fragmented,47,20,60,0.9666666666666667,0.9666666666666667,-1.0,-1.0
PM4_heatmap_speed2,2121129191,fragmented,49,20,26,0.8076923076923077,0.8076923076923077,-1.0,-1.0
PM4_heatmap_speed2,2121129191,fragmented,0,21,8,0.875,0.875,-1.0,-1.0
PM4_heatmap_speed2,2121129191,fragmented,1,21,20,0.8,0.8,-1.0,-1.0
PM4_heatmap_speed2,2121129191,fragmented,2,21,23,0.782608695652174,0.782608695652174,-1.0,-1.0
PM4_heatmap_speed2,2121129191,fragmented,3,21,43,0.9069767441860465,0.9069767441860465,-1.0,-1.0
PM4_heatmap_speed2,2121129191,fragmented,4,21,8,0.875,0.875,-1.0,-1.0
PM4_heatmap_speed2,2121129191,fragmented,5,21,21,0.8095238095238095,0.8095238095238095,-1.0,-1.0
PM4_heatmap_speed2,2121129191,fragmented,6,21,13,0.7692307692307693,0.7692307692307693,-1.0,-1.0
PM4_heatmap_speed2,2121129191,fragmented,8,21,37,0.8918918918918919,0.8918918918918919,-1.0,-1.0
PM4_heatmap_speed2,2121129191,fragmented,9,21,13,0.9230769230769231,0.9230769230769231,-1.0,-1.0
PM4_heatmap_speed2,2121129191,fragmented,10,21,1,0.0,0.0,-1.0,-1.0
PM4_heatmap_speed2,2121129191,fragmented,11,21,22,0.8636363636363636,0.8636363636363636,1.0,1.0
PM4_heatmap_speed2,2121129191,fragmented,12,21,24,0.8333333333333334,0.8333333333333334,-1.0,-1.0
PM4_heatmap_speed2,2121129191,fragmented,13,21,32,0.875,0.875,1.0,1.0
PM4_heatmap_speed2,2121129191,fragmented,14,21,64,0.84375,0.84375,1.0,1.0
PM4_heatmap_speed2,2121129191,fragmented,15,21,31,0.8387096774193549,0.8387096774193549,1.0,1.0
PM4_heatmap_speed2,2121129191,fragmented,16,21,69,0.782608695652174,0.782608695652174,0.75,0.75
PM4_heatmap_speed2,2121129191,fragmented,17,21,14,0.7142857142857143,0.7142857142857143,-1.0,-1.0
PM4_heatmap_speed2,2121129191,fragmented,18,21,28,0.9285714285714286,0.9285714285714286,0.8888888888888888,0.8888888888888888
PM4_heatmap_speed2,2121129191,fragmented,19,21,44,0.9090909090909091,0.9090909090909091,0.9523809523809523,0.9523809523809523
PM4_heatmap_speed2,2121129191,fragmented,20,21,49,0.9387755102040817,0.9387755102040817,0.9166666666666666,0.9166666666666666
PM4_heatmap_speed2,2121129191,fragmented,23,21,3,0.6666666666666666,0.6666666666666666,-1.0,-1.0
PM4_heatmap_speed2,2121129191,fragmented,25,21,29,0.9310344827586207,0.9310344827586207,-1.0,-1.0
PM4_heatmap_speed2,2121129191,fragmented,26,21,6,0.6666666666666666,0.6666666666666666,-1.0,-1.0
PM4_heatmap_speed2,2121129191,fragmented,27,21,36,0.8888888888888888,0.8888888888888888,0.8181818181818182,0.8181818181818182
PM4_heatmap_speed2,2121129191,fragmented,28,21,65,0.8153846153846154,0.8153846153846154,0.5,0.5
PM4_heatmap_speed2,2121129191,fragmented,30,21,45,0.9777777777777777,0.9777777777777777,1.0,1.0
PM4_heatmap_speed2,2121129191,fragmented,31,21,91,0.9230769230769231,0.9230769230769231,0.0,0.0
PM4_heatmap_speed2,2121129191,fragmented,32,21,129,0.8682170542635659,0.8682170542635659,1.0,1.0
PM4_heatmap_speed2,2121129191,fragmented,33,21,67,0.8805970149253731,0.8805970149253731,1.0,1.0
PM4_heatmap_speed2,2121129191,fragmented,34,21,17,0.7647058823529411,0.7647058823529411,-1.0,-1.0
PM4_heatmap_speed2,2121129191,fragmented,35,21,32,0.84375,0.84375,0.5,0.5
PM4_heatmap_speed2,2121129191,fragmented,36,21,73,0.958904109589041,0.958904109589041,1.0,1.0
PM4_heatmap_speed2,2121129191,fragmented,37,21,55,0.9090909090909091,0.9090909090909091,1.0,1.0
PM4_heatmap_speed2,2121129191,fragmented,38,21,21,0.9523809523809523,0.9523809523809523,-1.0,-1.0
PM4_heatmap_speed2,2121129191,fragmented,39,21,50,0.84,0.84,0.5,0.5
PM4_heatmap_speed2,2121129191,fragmented,40,21,61,0.8852459016393442,0.8852459016393442,-1.0,-1.0
PM4_heatmap_speed2,2121129191,fragmented,41,21,67,0.9552238805970149,0.9552238805970149,1.0,1.0
PM4_heatmap_speed2,2121129191,fragmented,42,21,155,0.8387096774193549,0.8387096774193549,1.0,1.0
PM4_heatmap_speed2,2121129191,fragmented,43,21,78,0.8717948717948718,0.8717948717948718,0.6666666666666666,0.6666666666666666
PM4_heatmap_speed2,2121129191,fragmented,44,21,35,0.9142857142857143,0.9142857142857143,0.0,0.0
PM4_heatmap_speed2,2121129191,fragmented,46,21,44,1.0,1.0,-1.0,-1.0
PM4_heatmap_speed2,2121129191,fragmented,47,21,161,0.9751552795031055,0.9751552795031055,-1.0,-1.0
PM4_heatmap_speed2,2121129191,fragmented,48,21,45,0.9111111111111111,0.9111111111111111,-1.0,-1.0
PM4_heatmap_speed2,2121129191,fragmented,49,21,4,1.0,1.0,-1.0,-1.0
PM4_heatmap_speed2,2121129191,fragmented,0,22,19,1.0,1.0,-1.0,-1.0
PM4_heatmap_speed2,2121129191,fragmented,2,22,12,1.0,1.0,1.0,1.0
PM4_heatmap_speed2,2121129191,fragmented,3,22,43,0.8372093023255814,0.8372093023255814,1.0,1.0
PM4_heatmap_speed2,2121129191,fragmented,6,22,20,0.95,0.95,-1.0,-1.0
PM4_heatmap_speed2,2121129191,fragmented,7,22,37,0.9459459459459459,0.9459459459459459,-1.0,-1.0
PM4_heatmap_speed2,2121129191,fragmented,8,22,64,0.921875,0.921875,-1.0,-1.0
PM4_heatmap_speed2,2121129191,fragmented,10,22,10,0.7,0.7,-1.0,-1.0
PM4_heatmap_speed2,2121129191,fragmented,11,22,37,0.8918918918918919,0.8918918918918919,1.0,1.0
PM4_heatmap_speed2,2121129191,fragmented,12,22,64,0.890625,0.890625,0.8333333333333334,0.8333333333333334
PM4_heatmap_speed2,2121129191,fragmented,13,22,96,0.90625,0.90625,0.8333333333333334,0.8333333333333334
PM4_heatmap_speed2,2121129191,fragmented,14,22,60,0.8,0.8,-1.0,-1.0
PM4_heatmap_speed2,2121129191,fragmented,16,22,23,0.6956521739130435,0.6956521739130435,-1.0,-1.0
PM4_heatmap_speed2,2121129191,fragmented,17,22,9,0.5555555555555556,0.5555555555555556,0.0,0.0
PM4_heatmap_speed2,2121129191,fragmented,18,22,58,0.8793103448275862,0.8793103448275862,0.9285714285714286,0.9285714285714286
PM4_heatmap_speed2,2121129191,fragmented,19,22,111,0.8648648648648649,0.8648648648648649,0.9423076923076923,0.9423076923076923
PM4_heatmap_speed2,2121129191,fragmented,20,22,81,0.8148148148148148,0.8148148148148148,0.8936170212765957,0.8936170212765957
PM4_heatmap_speed2,2121129191,fragmented,22,22,3,1.0,1.0,-1.0,-1.0
PM4_heatmap_speed2,2121129191,fragmented,23,22,15,0.8666666666666667,0.8666666666666667,-1.0,-1.0
PM4_heatmap_speed2,2121129191,fragmented,24,22,26,0.8461538461538461,0.8461538461538461,-1.0,-1.0
PM4_heatmap_speed2,2121129191,fragmented,25,22,38,0.9473684210526315,0.9473684210526315,-1.0,-1.0
PM4_heatmap_speed2,2121129191,fragmented,27,22,77,0.8571428571428571,0.8571428571428571,0.8,0.8
PM4_heatmap_speed2,2121129191,fragmented,28,22,139,0.8489208633093526,0.8489208633093526,0.9230769230769231,0.9230769230769231
PM4_heatmap_speed2,2121129191,fragmented,29,22,55,0.8727272727272727,0.8727272727272727,1.0,1.0
PM4_heatmap_speed2,2121129191,fragmented,30,22,34,0.8823529411764706,0.8823529411764706,0.5,0.5
PM4_heatmap_speed2,2121129191,fragmented,31,22,106,0.9056603773584906,0.9056603773584906,1.0,1.0
PM4_heatmap_speed2,2121129191,fragmented,32,22,96,0.875,0.875,1.0,1.0
PM4_heatmap_speed2,2121129191,fragmented,33,22,3,1.0,1.0,-1.0,-1.0
PM4_heatmap_speed2,2121129191,fragmented,35,22,14,0.8571428571428571,0.8571428571428571,0.5,0.5
PM4_heatmap_speed2,2121129191,fragmented,36,22,28,0.8928571428571429,0.8928571428571429,-1.0,-1.0
PM4_heatmap_speed2,2121129191,fragmented,37,22,110,0.9,0.9,0.0,0.0
PM4_heatmap_speed2,2121129191,fragmented,38,22,87,0.8735632183908046,0.8735632183908046,1.0,1.0
PM4_heatmap_speed2,2121129191,fragmented,39,22,59,0.8983050847457628,0.8983050847457628,0.8421052631578947,0.8421052631578947
PM4_heatmap_speed2,2121129191,fragmented,40,22,117,0.8888888888888888,0.8888888888888888,0.8666666666666667,0.8666666666666667
PM4_heatmap_speed2,2121129191,fragmented,41,22,96,0.8854166666666666,0.8854166666666666,-1.0,-1.0
PM4_heatmap_speed2,2121129191,fragmented,42,22,141,0.8156028368794326,0.8156028368794326,0.5,0.5
PM4_heatmap_speed2,2121129191,fragmented,43,22,57,0.7894736842105263,0.7894736842105263,-1.0,-1.0
PM4_heatmap_speed2,2121129191,fragmented,44,22,43,0.8837209302325582,0.8837209302325582,-1.0,-1.0
PM4_heatmap_speed2,2121129191,fragmented,45,22,42,0.8809523809523809,0.8809523809523809,-1.0,-1.0
PM4_heatmap_speed2,2121129191,fragmented,47,22,21,0.9523809523809523,0.9523809523809523,-1.0,-1.0
PM4_heatmap_speed2,2121129191,fragmented,48,22,47,0.9787234042553191,0.9787234042553191,-1.0,-1.0
PM4_heatmap_speed2,2121129191,fragmented,49,22,15,1.0,1.0,-1.0,-1.0
PM4_heatmap_speed2,2121129191,fragmented,0,23,25,1.0,1.0,-1.0,-1.0
PM4_heatmap_speed2,2121129191,fragmented,2,23,26,0.9230769230769231,0.9230769230769231,1.0,1.0
PM4_heatmap_speed2,2121129191,fragmented,3,23,81,0.9259259259259259,0.9259259259259259,1.0,1.0
PM4_heatmap_speed2,2121129191,fragmented,5,23,12,0.8333333333333334,0.8333333333333334,-1.0,-1.0
PM4_heatmap_speed2,2121129191,fragmented,6,23,47,0.9574468085106383,0.9574468085106383,1.0,1.0
PM4_heatmap_speed2,2121129191,fragmented,7,23,5,0.6,0.6,1.0,1.0
PM4_heatmap_speed2,2121129191,fragmented,8,23,50,0.82,0.82,-1.0,-1.0
PM4_heatmap_speed2,2121129191,fragmented,10,23,6,0.8333333333333334,0.8333333333333334,-1.0,-1.0
PM4_heatmap_speed2,2121129191,fragmented,11,23,19,0.7894736842105263,0.7894736842105263,1.0,1.0
PM4_heatmap_speed2,2121129191,fragmented,13,23,27,0.8518518518518519,0.8518518518518519,-1.0,-1.0
PM4_heatmap_speed2,2121129191,fragmented,14,23,2,1.0,1.0,-1.0,-1.0
PM4_heatmap_speed2,2121129191,fragmented,16,23,21,0.8095238095238095,0.8095238095238095,-1.0,-1.0
PM4_heatmap_speed2,2121129191,fragmented,18,23,100,0.9,0.9,0.8947368421052632,0.8947368421052632
PM4_heatmap_speed2,2121129191,fragmented,19,23,81,0.9135802469135802,0.9135802469135802,0.8461538461538461,0.8461538461538461
PM4_heatmap_speed2,2121129191,fragmented,20,23,6,0.8333333333333334,0.8333333333333334,0.6666666666666666,0.6666666666666666
PM4_heatmap_speed2,2121129191,fragmented,21,23,23,0.782608695652174,0.782608695652174,0.875,0.875
PM4_heatmap_speed2,2121129191,fragmented,22,23,3,0.6666666666666666,0.6666666666666666,-1.0,-1.0
PM4_heatmap_speed2,2121129191,fragmented,24,23,31,0.7741935483870968,0.7741935483870968,-1.0,-1.0
PM4_heatmap_speed2,2121129191,fragmented,25,23,20,1.0,1.0,-1.0,-1.0
PM4_heatmap_speed2,2121129191,fragmented,27,23,19,0.9473684210526315,0.9473684210526315,-1.0,-1.0
PM4_heatmap_speed2,2121129191,fragmented,28,23,55,0.8545454545454545,0.8545454545454545,1.0,1.0
PM4_heatmap_speed2,2121129191,fragmented,29,23,24,0.9583333333333334,0.9583333333333334,1.0,1.0
PM4_heatmap_speed2,2121129191,fragmented,30,23,40,0.675,0.675,0.5,0.5
PM4_heatmap_speed2,2121129191,fragmented,35,23,18,0.9444444444444444,0.9444444444444444,-1.0,-1.0
PM4_heatmap_speed2,2121129191,fragmented,37,23,82,0.8536585365853658,0.8536585365853658,-1.0,-1.0
PM4_heatmap_speed2,2121129191,fragmented,38,23,87,0.7931034482758621,0.7931034482758621,0.6666666666666666,0.6666666666666666
PM4_heatmap_speed2,2121129191,fragmented,39,23,17,0.9411764705882353,0.9411764705882353,1.0,1.0
PM4_heatmap_speed2,2121129191,fragmented,40,23,65,0.9230769230769231,0.9230769230769231,0.9375,0.9375
PM4_heatmap_speed2,2121129191,fragmented,41,23,102,0.9215686274509803,0.9215686274509803,1.0,1.0
PM4_heatmap_speed2,2121129191,fragmented,42,23,65,0.9076923076923077,0.9076923076923077,-1.0,-1.0
PM4_heatmap_speed2,2121129191,fragmented,45,23,47,0.8723404255319149,0.8723404255319149,-1.0,-1.0
PM4_heatmap_speed2,2121129191,fragmented,46,23,56,0.9107142857142857,0.9107142857142857,-1.0,-1.0
PM4_heatmap_speed2,2121129191,fragmented,47,23,48,0.9583333333333334,0.9583333333333334,-1.0,-1.0
PM4_heatmap_speed2,2121129191,fragmented,48,23,1,1.0,1.0,-1.0,-1.0
PM4_heatmap_speed2,2121129191,fragmented,49,23,31,1.0,1.0,-1.0,-1.0
PM4_heatmap_speed2,2121129191,fragmented,0,24,16,1.0,1.0,-1.0,-1.0
PM4_heatmap_speed2,2121129191,fragmented,1,24,27,0.9259259259259259,0.9259259259259259,1.0,1.0
PM4_heatmap_speed2,2121129191,fragmented,2,24,80,0.8375,0.8375,1.0,1.0
PM4_heatmap_speed2,2121129191,fragmented,3,24,33,0.8484848484848485,0.8484848484848485,1.0,1.0
PM4_heatmap_speed2,2121129191,fragmented,4,24,56,0.9642857142857143,0.9642857142857143,1.0,1.0
PM4_heatmap_speed2,2121129191,fragmented,5,24,97,0.9381443298969072,0.9381443298969072,1.0,1.0
PM4_heatmap_speed2,2121129191,fragmented,6,24,19,1.0,1.0,1.0,1.0
PM4_heatmap_speed2,2121129191,fragmented,7,24,48,0.9791666666666666,0.9791666666666666,1.0,1.0
PM4_heatmap_speed2,2121129191,fragmented,8,24,93,0.8817204301075269,0.8817204301075269,1.0,1.0
PM4_heatmap_speed2,2121129191,fragmented,10,24,11,0.9090909090909091,0.9090909090909091,1.0,1.0
PM4_heatmap_speed2,2121129191,fragmented,11,24,58,0.9827586206896551,0.9827586206896551,1.0,1.0
PM4_heatmap_speed2,2121129191,fragmented,12,24,100,0.91,0.91,0.8333333333333334,0.8333333333333334
PM4_heatmap_speed2,2121129191,fragmented,13,24,37,0.8918918918918919,0.8918918918918919,0.75,0.75
PM4_heatmap_speed2,2121129191,fragmented,14,24,8,0.875,0.875,-1.0,-1.0
PM4_heatmap_speed2,2121129191,fragmented,15,24,20,0.9,0.9,-1.0,-1.0
PM4_heatmap_speed2,2121129191,fragmented,16,24,50,0.86,0.86,0.0,0.0
PM4_heatmap_speed2,2121129191,fragmented,17,24,12,0.75,0.75,-1.0,-1.0
PM4_heatmap_speed2,2121129191,fragmented,18,24,58,0.8793103448275862,0.8793103448275862,1.0,1.0
PM4_heatmap_speed2,2121129191,fragmented,19,24,71,0.9154929577464789,0.9154929577464789,0.9565217391304348,0.9565217391304348
PM4_heatmap_speed2,2121129191,fragmented,21,24,31,0.6774193548387096,0.6774193548387096,0.6,0.6
PM4_heatmap_speed2,2121129191,fragmented,22,24,23,0.9565217391304348,0.9565217391304348,1.0,1.0
PM4_heatmap_speed2,2121129191,fragmented,23,24,41,0.8536585365853658,0.8536585365853658,-1.0,-1.0
PM4_heatmap_speed2,2121129191,fragmented,24,24,24,0.9583333333333334,0.9583333333333334,-1.0,-1.0
PM4_heatmap_speed2,2121129191,fragmented,25,24,4,1.0,1.0,-1.0,-1.0
PM4_heatmap_speed2,2121129191,fragmented,27,24,58,0.7413793103448276,0.7413793103448276,1.0,1.0
PM4_heatmap_speed2,2121129191,fragmented,28,24,106,0.8584905660377359,0.8584905660377359,1.0,1.0
PM4_heatmap_speed2,2121129191,fragmented,29,24,127,0.8976377952755905,0.8976377952755905,1.0,1.0
PM4_heatmap_speed2,2121129191,fragmented,30,24,82,0.9024390243902439,0.9024390243902439,1.0,1.0
PM4_heatmap_speed2,2121129191,fragmented,31,24,18,0.8333333333333334,0.8333333333333334,1.0,1.0
PM4_heatmap_speed2,2121129191,fragmented,32,24,42,0.9523809523809523,0.9523809523809523,1.0,1.0
PM4_heatmap_speed2,2121129191,fragmented,33,24,7,1.0,1.0,-1.0,-1.0
PM4_heatmap_speed2,2121129191,fragmented,35,24,40,0.9,0.9,-1.0,-1.0
PM4_heatmap_speed2,2121129191,fragmented,36,24,15,1.0,1.0,-1.0,-1.0
PM4_heatmap_speed2,2121129191,fragmented,37,24,27,0.8888888888888888,0.8888888888888888,-1.0,-1.0
PM4_heatmap_speed2,2121129191,fragmented,38,24,153,0.9084967320261438,0.9084967320261438,1.0,1.0
PM4_heatmap_speed2,2121129191,fragmented,39,24,221,0.8597285067873304,0.8597285067873304,0.9444444444444444,0.9444444444444444
PM4_heatmap_speed2,2121129191,fragmented,40,24,22,0.9545454545454546,0.9545454545454546,1.0,1.0
PM4_heatmap_speed2,2121129191,fragmented,41,24,25,0.96,0.96,-1.0,-1.0
PM4_heatmap_speed2,2121129191,fragmented,42,24,143,0.9090909090909091,0.9090909090909091,1.0,1.0
PM4_heatmap_speed2,2121129191,fragmented,44,24,6,1.0,1.0,1.0,1.0
PM4_heatmap_speed2,2121129191,fragmented,45,24,17,0.9411764705882353,0.9411764705882353,-1.0,-1.0
PM4_heatmap_speed2,2121129191,fragmented,46,24,6,0.6666666666666666,0.6666666666666666,-1.0,-1.0
PM4_heatmap_speed2,2121129191,fragmented,47,24,58,0.9655172413793104,0.9655172413793104,-1.0,-1.0
PM4_heatmap_speed2,2121129191,fragmented,49,24,12,1.0,1.0,-1.0,-1.0
PM4_heatmap_speed2,2121129191,fragmented,0,25,8,1.0,1.0,-1.0,-1.0
PM4_heatmap_speed2,2121129191,fragmented,2,25,49,0.9387755102040817,0.9387755102040817,-1.0,-1.0
PM4_heatmap_speed2,2121129191,fragmented,3,25,72,0.9444444444444444,0.9444444444444444,1.0,1.0
PM4_heatmap_speed2,2121129191,fragmented,4,25,61,0.9180327868852459,0.9180327868852459,1.0,1.0
PM4_heatmap_speed2,2121129191,fragmented,5,25,89,0.8651685393258427,0.8651685393258427,1.0,1.0
PM4_heatmap_speed2,2121129191,fragmented,6,25,30,0.9333333333333333,0.9333333333333333,1.0,1.0
PM4_heatmap_speed2,2121129191,fragmented,7,25,54,0.8333333333333334,0.8333333333333334,1.0,1.0
PM4_heatmap_speed2,2121129191,fragmented,8,25,90,0.8888888888888888,0.8888888888888888,-1.0,-1.0
PM4_heatmap_speed2,2121129191,fragmented,9,25,28,0.8571428571428571,0.8571428571428571,-1.0,-1.0
PM4_heatmap_speed2,2121129191,fragmented,10,25,37,0.8648648648648649,0.8648648648648649,-1.0,-1.0
PM4_heatmap_speed2,2121129191,fragmented,11,25,65,0.8307692307692308,0.8307692307692308,-1.0,-1.0
PM4_heatmap_speed2,2121129191,fragmented,12,25,28,0.75,0.75,1.0,1.0
PM4_heatmap_speed2,2121129191,fragmented,13,25,62,0.9193548387096774,0.9193548387096774,1.0,1.0
PM4_heatmap_speed2,2121129191,fragmented,14,25,79,0.9113924050632911,0.9113924050632911,1.0,1.0
PM4_heatmap_speed2,2121129191,fragmented,15,25,5,1.0,1.0,-1.0,-1.0
PM4_heatmap_speed2,2121129191,fragmented,16,25,25,0.68,0.68,-1.0,-1.0
PM4_heatmap_speed2,2121129191,fragmented,17,25,14,0.9285714285714286,0.9285714285714286,-1.0,-1.0
PM4_heatmap_speed2,2121129191,fragmented,18,25,19,0.7894736842105263,0.7894736842105263,-1.0,-1.0
PM4_heatmap_speed2,2121129191,fragmented,19,25,44,0.9772727272727273,0.9772727272727273,1.0,1.0
PM4_heatmap_speed2,2121129191,fragmented,20,25,35,0.9714285714285714,0.9714285714285714,1.0,1.0
PM4_heatmap_speed2,2121129191,fragmented,21,25,36,0.8611111111111112,0.8611111111111112,0.5,0.5
PM4_heatmap_speed2,2121129191,fragmented,22,25,65,0.9076923076923077,0.9076923076923077,0.8333333333333334,0.8333333333333334
PM4_heatmap_speed2,2121129191,fragmented,23,25,23,0.9565217391304348,0.9565217391304348,-1.0,-1.0
PM4_heatmap_speed2,2121129191,fragmented,24,25,51,0.9215686274509803,0.9215686274509803,-1.0,-1.0
PM4_heatmap_speed2,2121129191,fragmented,25,25,142,0.9014084507042254,0.9014084507042254,0.9285714285714286,0.9285714285714286
PM4_heatmap_speed2,2121129191,fragmented,26,25,72,0.7916666666666666,0.7916666666666666,0.9473684210526315,0.9473684210526315
PM4_heatmap_speed2,2121129191,fragmented,27,25,134,0.8582089552238806,0.8582089552238806,1.0,1.0
PM4_heatmap_speed2,2121129191,fragmented,28,25,68,0.8823529411764706,0.8823529411764706,-1.0,-1.0
PM4_heatmap_speed2,2121129191,fragmented,30,25,82,0.9024390243902439,0.9024390243902439,1.0,1.0
PM4_heatmap_speed2,2121129191,fragmented,31,25,54,0.8333333333333334,0.8333333333333334,1.0,1.0
PM4_heatmap_speed2,2121129191,fragmented,32,25,25,0.88,0.88,1.0,1.0
PM4_heatmap_speed2,2121129191,fragmented,33,25,37,0.8648648648648649,0.8648648648648649,-1.0,-1.0
PM4_heatmap_speed2,2121129191,fragmented,34,25,32,0.84375,0.84375,-1.0,-1.0
PM4_heatmap_speed2,2121129191,fragmented,35,25,64,0.828125,0.828125,0.0,0.0
PM4_heatmap_speed2,2121129191,fragmented,36,25,94,0.9148936170212766,0.9148936170212766,-1.0,-1.0
PM4_heatmap_speed2,2121129191,fragmented,37,25,4,1.0,1.0,-1.0,-1.0
PM4_heatmap_speed2,2121129191,fragmented,38,25,74,0.8783783783783784,0.8783783783783784,-1.0,-1.0
PM4_heatmap_speed2,2121129191,fragmented,39,25,181,0.8895027624309392,0.8895027624309392,0.7777777777777778,0.7777777777777778
PM4_heatmap_speed2,2121129191,fragmented,40,25,106,0.9056603773584906,0.9056603773584906,1.0,1.0
PM4_heatmap_speed2,2121129191,fragmented,41,25,44,0.8636363636363636,0.8636363636363636,1.0,1.0
PM4_heatmap_speed2,2121129191,fragmented,42,25,90,0.8777777777777778,0.8777777777777778,0.8,0.8
PM4_heatmap_speed2,2121129191,fragmented,43,25,30,0.9333333333333333,0.9333333333333333,1.0,1.0
PM4_heatmap_speed2,2121129191,fragmented,44,25,30,0.9666666666666667,0.9666666666666667,1.0,1.0
PM4_heatmap_speed2,2121129191,fragmented,45,25,12,0.8333333333333334,0.8333333333333334,-1.0,-1.0
PM4_heatmap_speed2,2121129191,fragmented,46,25,9,0.6666666666666666,0.6666666666666666,-1.0,-1.0
PM4_heatmap_speed2,2121129191,fragmented,47,25,36,0.9722222222222222,0.9722222222222222,-1.0,-1.0
PM4_heatmap_speed2,2121129191,fragmented,48,25,53,1.0,1.0,-1.0,-1.0
PM4_heatmap_speed2,2121129191,fragmented,49,25,9,1.0,1.0,-1.0,-1.0
PM4_heatmap_speed2,2121129191,fragmented,2,26,10,0.8,0.8,-1.0,-1.0
PM4_heatmap_speed2,2121129191,fragmented,3,26,27,0.9629629629629629,0.9629629629629629,1.0,1.0
PM4_heatmap_speed2,2121129191,fragmented,4,26,68,0.8823529411764706,0.8823529411764706,0.5,0.5
PM4_heatmap_speed2,2121129191,fragmented,5,26,29,0.896551724137931,0.896551724137931,-1.0,-1.0
PM4_heatmap_speed2,2121129191,fragmented,7,26,152,0.8486842105263158,0.8486842105263158,0.75,0.75
PM4_heatmap_speed2,2121129191,fragmented,8,26,88,0.8636363636363636,0.8636363636363636,1.0,1.0
PM4_heatmap_speed2,2121129191,fragmented,10,26,39,0.7692307692307693,0.7692307692307693,-1.0,-1.0
PM4_heatmap_speed2,2121129191,fragmented,12,26,25,0.92,0.92,1.0,1.0
PM4_heatmap_speed2,2121129191,fragmented,13,26,8,0.75,0.75,1.0,1.0
PM4_heatmap_speed2,2121129191,fragmented,14,26,36,0.9722222222222222,0.9722222222222222,-1.0,-1.0
PM4_heatmap_speed2,2121129191,fragmented,15,26,61,0.8852459016393442,0.8852459016393442,-1.0,-1.0
PM4_heatmap_speed2,2121129191,fragmented,16,26,88,0.8181818181818182,0.8181818181818182,-1.0,-1.0
PM4_heatmap_speed2,2121129191,fragmented,17,26,64,0.875,0.875,-1.0,-1.0
PM4_heatmap_speed2,2121129191,fragmented,19,26,69,0.8695652173913043,0.8695652173913043,1.0,1.0
PM4_heatmap_speed2,2121129191,fragmented,22,26,32,0.6875,0.6875,0.0,0.0
PM4_heatmap_speed2,2121129191,fragmented,24,26,47,0.7872340425531915,0.7872340425531915,-1.0,-1.0
PM4_heatmap_speed2,2121129191,fragmented,25,26,75,0.8933333333333333,0.8933333333333333,1.0,1.0
PM4_heatmap_speed2,2121129191,fragmented,26,26,56,0.75,0.75,0.6666666666666666,0.6666666666666666
PM4_heatmap_speed2,2121129191,fragmented,27,26,60,0.8,0.8,-1.0,-1.0
PM4_heatmap_speed2,2121129191,fragmented,30,26,98,0.8571428571428571,0.8571428571428571,0.8333333333333334,0.8333333333333334
PM4_heatmap_speed2,2121129191,fragmented,31,26,53,0.8679245283018868,0.8679245283018868,1.0,1.0
PM4_heatmap_speed2,2121129191,fragmented,33,26,23,0.8695652173913043,0.8695652173913043,0.0,0.0
PM4_heatmap_speed2,2121129191,fragmented,35,26,40,0.8,0.8,0.6666666666666666,0.6666666666666666
PM4_heatmap_speed2,2121129191,fragmented,36,26,76,0.8947368421052632,0.8947368421052632,-1.0,-1.0
PM4_heatmap_speed2,2121129191,fragmented,37,26,107,0.897196261682243,0.897196261682243,1.0,1.0
PM4_heatmap_speed2,2121129191,fragmented,38,26,123,0.8861788617886179,0.8861788617886179,1.0,1.0
PM4_heatmap_speed2,2121129191,fragmented,41,26,87,0.8850574712643678,0.8850574712643678,1.0,1.0
PM4_heatmap_speed2,2121129191,fragmented,42,26,42,0.8571428571428571,0.8571428571428571,1.0,1.0
PM4_heatmap_speed2,2121129191,fragmented,43,26,3,0.6666666666666666,0.6666666666666666,1.0,1.0
PM4_heatmap_speed2,2121129191,fragmented,44,26,22,0.9090909090909091,0.9090909090909091,1.0,1.0
PM4_heatmap_speed2,2121129191,fragmented,0,27,1,1.0,1.0,-1.0,-1.0
PM4_heatmap_speed2,2121129191,fragmented,1,27,9,1.0,1.0,-1.0,-1.0
PM4_heatmap_speed2,2121129191,fragmented,2,27,16,0.875,0.875,-1.0,-1.0
PM4_heatmap_speed2,2121129191,fragmented,3,27,5,1.0,1.0,-1.0,-1.0
PM4_heatmap_speed2,2121129191,fragmented,4,27,76,0.8947368421052632,0.8947368421052632,1.0,1.0
PM4_heatmap_speed2,2121129191,fragmented,5,27,109,0.8715596330275229,0.8715596330275229,0.0,0.0
PM4_heatmap_speed2,2121129191,fragmented,6,27,53,0.9433962264150944,0.9433962264150944,-1.0,-1.0
PM4_heatmap_speed2,2121129191,fragmented,7,27,124,0.8225806451612904,0.8225806451612904,0.8888888888888888,0.8888888888888888
PM4_heatmap_speed2,2121129191,fragmented,8,27,11,0.8181818181818182,0.8181818181818182,-1.0,-1.0
PM4_heatmap_speed2,2121129191,fragmented,9,27,46,0.8913043478260869,0.8913043478260869,-1.0,-1.0
PM4_heatmap_speed2,2121129191,fragmented,11,27,66,0.8939393939393939,0.8939393939393939,1.0,1.0
PM4_heatmap_speed2,2121129191,fragmented,12,27,59,0.9152542372881356,0.9152542372881356,1.0,1.0
PM4_heatmap_speed2,2121129191,fragmented,13,27,9,1.0,1.0,-1.0,-1.0
PM4_heatmap_speed2,2121129191,fragmented,14,27,56,0.9642857142857143,0.9642857142857143,-1.0,-1.0
PM4_heatmap_speed2,2121129191,fragmented,15,27,15,0.8666666666666667,0.8666666666666667,-1.0,-1.0
PM4_heatmap_speed2,2121129191,fragmented,16,27,27,0.8888888888888888,0.8888888888888888,-1.0,-1.0
PM4_heatmap_speed2,2121129191,fragmented,17,27,44,0.8636363636363636,0.8636363636363636,0.8,0.8
PM4_heatmap_speed2,2121129191,fragmented,18,27,35,0.8285714285714286,0.8285714285714286,0.8333333333333334,0.8333333333333334
PM4_heatmap_speed2,2121129191,fragmented,19,27,57,0.8947368421052632,0.8947368421052632,1.0,1.0
PM4_heatmap_speed2,2121129191,fragmented,21,27,51,0.8823529411764706,0.8823529411764706,-1.0,-1.0
PM4_heatmap_speed2,2121129191,fragmented,22,27,102,0.8823529411764706,0.8823529411764706,-1.0,-1.0
PM4_heatmap_speed2,2121129191,fragmented,23,27,41,0.8048780487804879,0.8048780487804879,-1.0,-1.0
PM4_heatmap_speed2,2121129191,fragmented,24,27,172,0.8662790697674418,0.8662790697674418,-1.0,-1.0
PM4_heatmap_speed2,2121129191,fragmented,25,27,139,0.9136690647482014,0.9136690647482014,1.0,1.0
PM4_heatmap_speed2,2121129191,fragmented,26,27,62,0.8064516129032258,0.8064516129032258,-1.0,-1.0
PM4_heatmap_speed2,2121129191,fragmented,27,27,129,0.8682170542635659,0.8682170542635659,-1.0,-1.0
PM4_heatmap_speed2,2121129191,fragmented,28,27,25,0.88,0.88,-1.0,-1.0
PM4_heatmap_speed2,2121129191,fragmented,29,27,31,0.7741935483870968,0.7741935483870968,0.5,0.5
PM4_heatmap_speed2,2121129191,fragmented,30,27,133,0.9172932330827067,0.9172932330827067,1.0,1.0
PM4_heatmap_speed2,2121129191,fragmented,31,27,74,0.8378378378378378,0.8378378378378378,1.0,1.0
PM4_heatmap_speed2,2121129191,fragmented,32,27,28,0.8214285714285714,0.8214285714285714,0.8333333333333334,0.8333333333333334
PM4_heatmap_speed2,2121129191,fragmented,33,27,40,0.775,0.775,0.6666666666666666,0.6666666666666666
PM4_heatmap_speed2,2121129191,fragmented,35,27,108,0.9074074074074074,0.9074074074074074,0.6666666666666666,0.6666666666666666
PM4_heatmap_speed2,2121129191,fragmented,36,27,203,0.9359605911330049,0.9359605911330049,1.0,1.0
PM4_heatmap_speed2,2121129191,fragmented,37,27,74,0.8513513513513513,0.8513513513513513,-1.0,-1.0
PM4_heatmap_speed2,2121129191,fragmented,38,27,153,0.8431372549019608,0.8431372549019608,0.7142857142857143,0.7142857142857143
PM4_heatmap_speed2,2121129191,fragmented,39,27,61,0.7540983606557377,0.7540983606557377,0.25,0.25
PM4_heatmap_speed2,2121129191,fragmented,40,27,118,0.8135593220338984,0.8135593220338984,0.8,0.8
PM4_heatmap_speed2,2121129191,fragmented,41,27,168,0.8928571428571429,0.8928571428571429,1.0,1.0
PM4_heatmap_speed2,2121129191,fragmented,42,27,45,0.9111111111111111,0.9111111111111111,1.0,1.0
PM4_heatmap_speed2,2121129191,fragmented,43,27,52,0.9615384615384616,0.9615384615384616,-1.0,-1.0
PM4_heatmap_speed2,2121129191,fragmented,44,27,71,0.971830985915493,0.971830985915493,-1.0,-1.0
PM4_heatmap_speed2,2121129191,fragmented,45,27,48,0.9583333333333334,0.9583333333333334,-1.0,-1.0
PM4_heatmap_speed2,2121129191,fragmented,46,27,123,0.967479674796748,0.967479674796748,-1.0,-1.0
PM4_heatmap_speed2,2121129191,fragmented,47,27,49,0.9795918367346939,0.9795918367346939,-1.0,-1.0
PM4_heatmap_speed2,2121129191,fragmented,48,27,38,0.9210526315789473,0.9210526315789473,-1.0,-1.0
PM4_heatmap_speed2,2121129191,fragmented,49,27,20,1.0,1.0,-1.0,-1.0
PM4_heatmap_speed2,2121129191,fragmented,0,28,8,1.0,1.0,-1.0,-1.0
PM4_heatmap_speed2,2121129191,fragmented,1,28,9,1.0,1.0,-1.0,-1.0
PM4_heatmap_speed2,2121129191,fragmented,2,28,26,0.9230769230769231,0.9230769230769231,-1.0,-1.0
PM4_heatmap_speed2,2121129191,fragmented,3,28,12,0.9166666666666666,0.9166666666666666,-1.0,-1.0
PM4_heatmap_speed2,2121129191,fragmented,4,28,19,0.9473684210526315,0.9473684210526315,-1.0,-1.0
PM4_heatmap_speed2,2121129191,fragmented,5,28,1,1.0,1.0,-1.0,-1.0
PM4_heatmap_speed2,2121129191,fragmented,7,28,44,0.7727272727272727,0.7727272727272727,1.0,1.0
PM4_heatmap_speed2,2121129191,fragmented,8,28,25,0.8,0.8,-1.0,-1.0
PM4_heatmap_speed2,2121129191,fragmented,9,28,12,0.8333333333333334,0.8333333333333334,1.0,1.0
PM4_heatmap_speed2,2121129191,fragmented,10,28,2,1.0,1.0,-1.0,-1.0
PM4_heatmap_speed2,2121129191,fragmented,11,28,51,0.9411764705882353,0.9411764705882353,1.0,1.0
PM4_heatmap_speed2,2121129191,fragmented,13,28,40,0.825,0.825,1.0,1.0
PM4_heatmap_speed2,2121129191,fragmented,14,28,39,0.9743589743589743,0.9743589743589743,-1.0,-1.0
PM4_heatmap_speed2,2121129191,fragmented,17,28,44,0.9772727272727273,0.9772727272727273,1.0,1.0
PM4_heatmap_speed2,2121129191,fragmented,18,28,49,0.9387755102040817,0.9387755102040817,-1.0,-1.0
PM4_heatmap_speed2,2121129191,fragmented,19,28,49,0.7959183673469388,0.7959183673469388,0.0,0.0
PM4_heatmap_speed2,2121129191,fragmented,21,28,54,0.8888888888888888,0.8888888888888888,1.0,1.0
PM4_heatmap_speed2,2121129191,fragmented,22,28,99,0.8585858585858586,0.8585858585858586,0.8571428571428571,0.8571428571428571
PM4_heatmap_speed2,2121129191,fragmented,24,28,9,0.7777777777777778,0.7777777777777778,-1.0,-1.0
PM4_heatmap_speed2,2121129191,fragmented,25,28,139,0.8633093525179856,0.8633093525179856,1.0,1.0
PM4_heatmap_speed2,2121129191,fragmented,26,28,49,0.8775510204081632,0.8775510204081632,-1.0,-1.0
PM4_heatmap_speed2,2121129191,fragmented,27,28,157,0.8598726114649682,0.8598726114649682,-1.0,-1.0
PM4_heatmap_speed2,2121129191,fragmented,28,28,89,0.9213483146067416,0.9213483146067416,-1.0,-1.0
PM4_heatmap_speed2,2121129191,fragmented,29,28,39,0.9487179487179487,0.9487179487179487,-1.0,-1.0
PM4_heatmap_speed2,2121129191,fragmented,30,28,88,0.8522727272727273,0.8522727272727273,0.5,0.5
PM4_heatmap_speed2,2121129191,fragmented,31,28,62,0.8225806451612904,0.8225806451612904,-1.0,-1.0
PM4_heatmap_speed2,2121129191,fragmented,33,28,42,0.9047619047619048,0.9047619047619048,1.0,1.0
PM4_heatmap_speed2,2121129191,fragmented,34,28,1,1.0,1.0,-1.0,-1.0
PM4_heatmap_speed2,2121129191,fragmented,35,28,19,0.631578947368421,0.631578947368421,0.0,0.0
PM4_heatmap_speed2,2121129191,fragmented,36,28,68,0.8676470588235294,0.8676470588235294,-1.0,-1.0
PM4_heatmap_speed2,2121129191,fragmented,37,28,70,0.9428571428571428,0.9428571428571428,-1.0,-1.0
PM4_heatmap_speed2,2121129191,fragmented,38,28,35,0.8857142857142857,0.8857142857142857,-1.0,-1.0
PM4_heatmap_speed2,2121129191,fragmented,39,28,13,0.7692307692307693,0.7692307692307693,-1.0,-1.0
PM4_heatmap_speed2,2121129191,fragmented,40,28,2,0.5,0.5,1.0,1.0
PM4_heatmap_speed2,2121129191,fragmented,41,28,26,0.9230769230769231,0.9230769230769231,-1.0,-1.0
PM4_heatmap_speed2,2121129191,fragmented,42,28,57,0.9122807017543859,0.9122807017543859,0.0,0.0
PM4_heatmap_speed2,2121129191,fragmented,44,28,44,0.9318181818181818,0.9318181818181818,1.0,1.0
PM4_heatmap_speed2,2121129191,fragmented,45,28,16,0.875,0.875,-1.0,-1.0
PM4_heatmap_speed2,2121129191,fragmented,46,28,61,0.9180327868852459,0.9180327868852459,-1.0,-1.0
PM4_heatmap_speed2,2121129191,fragmented,49,28,29,0.896551724137931,0.896551724137931,-1.0,-1.0
PM4_heatmap_speed2,2121129191,fragmented,0,29,54,0.9629629629629629,0.9629629629629629,-1.0,-1.0
PM4_heatmap_speed2,2121129191,fragmented,1,29,9,1.0,1.0,-1.0,-1.0
PM4_heatmap_speed2,2121129191,fragmented,2,29,5,0.8,0.8,-1.0,-1.0
PM4_heatmap_speed2,2121129191,fragmented,3,29,19,1.0,1.0,-1.0,-1.0
PM4_heatmap_speed2,2121129191,fragmented,5,29,36,0.8888888888888888,0.8888888888888888,-1.0,-1.0
PM4_heatmap_speed2,2121129191,fragmented,6,29,22,0.7727272727272727,0.7727272727272727,1.0,1.0
PM4_heatmap_speed2,2121129191,fragmented,7,29,38,0.7368421052631579,0.7368421052631579,-1.0,-1.0
PM4_heatmap_speed2,2121129191,fragmented,8,29,35,0.9142857142857143,0.9142857142857143,0.0,0.0
PM4_heatmap_speed2,2121129191,fragmented,10,29,21,0.9047619047619048,0.9047619047619048,1.0,1.0
PM4_heatmap_speed2,2121129191,fragmented,11,29,35,0.9142857142857143,0.9142857142857143,1.0,1.0
PM4_heatmap_speed2,2121129191,fragmented,13,29,63,0.8571428571428571,0.8571428571428571,-1.0,-1.0
PM4_heatmap_speed2,2121129191,fragmented,14,29,22,0.9090909090909091,0.9090909090909091,-1.0,-1.0
PM4_heatmap_speed2,2121129191,fragmented,18,29,4,1.0,1.0,-1.0,-1.0
PM4_heatmap_speed2,2121129191,fragmented,19,29,24,0.6666666666666666,0.6666666666666666,0.6666666666666666,0.6666666666666666
PM4_heatmap_speed2,2121129191,fragmented,21,29,24,0.8333333333333334,0.8333333333333334,-1.0,-1.0
PM4_heatmap_speed2,2121129191,fragmented,22,29,149,0.912751677852349,0.912751677852349,0.9696969696969697,0.9696969696969697
PM4_heatmap_speed2,2121129191,fragmented,23,29,46,0.9347826086956522,0.9347826086956522,1.0,1.0
PM4_heatmap_speed2,2121129191,fragmented,25,29,52,0.7692307692307693,0.7692307692307693,-1.0,-1.0
PM4_heatmap_speed2,2121129191,fragmented,27,29,41,0.8292682926829268,0.8292682926829268,-1.0,-1.0
PM4_heatmap_speed2,2121129191,fragmented,28,29,43,0.8372093023255814,0.8372093023255814,-1.0,-1.0
PM4_heatmap_speed2,2121129191,fragmented,31,29,39,0.8717948717948718,0.8717948717948718,-1.0,-1.0
PM4_heatmap_speed2,2121129191,fragmented,33,29,32,0.90625,0.90625,1.0,1.0
PM4_heatmap_speed2,2121129191,fragmented,34,29,26,0.9615384615384616,0.9615384615384616,1.0,1.0
PM4_heatmap_speed2,2121129191,fragmented,35,29,24,0.6666666666666666,0.6666666666666666,-1.0,-1.0
PM4_heatmap_speed2,2121129191,fragmented,36,29,24,0.9166666666666666,0.9166666666666666,-1.0,-1.0
PM4_heatmap_speed2,2121129191,fragmented,37,29,2,1.0,1.0,-1.0,-1.0
PM4_heatmap_speed2,2121129191,fragmented,38,29,40,0.8,0.8,-1.0,-1.0
PM4_heatmap_speed2,2121129191,fragmented,39,29,41,0.8536585365853658,0.8536585365853658,-1.0,-1.0
PM4_heatmap_speed2,2121129191,fragmented,41,29,59,0.9830508474576272,0.9830508474576272,-1.0,-1.0
PM4_heatmap_speed2,2121129191,fragmented,42,29,88,0.8522727272727273,0.8522727272727273,0.625,0.625
PM4_heatmap_speed2,2121129191,fragmented,44,29,67,0.8955223880597015,0.8955223880597015,0.7,0.7
PM4_heatmap_speed2,2121129191,fragmented,45,29,104,0.9423076923076923,0.9423076923076923,1.0,1.0
PM4_heatmap_speed2,2121129191,fragmented,46,29,76,0.9342105263157895,0.9342105263157895,1.0,1.0
PM4_heatmap_speed2,2121129191,fragmented,47,29,95,0.8631578947368421,0.8631578947368421,0.6666666666666666,0.6666666666666666
PM4_heatmap_speed2,2121129191,fragmented,48,29,19,0.7368421052631579,0.7368421052631579,-1.0,-1.0
PM4_heatmap_speed2,2121129191,fragmented,49,29,40,0.925,0.925,-1.0,-1.0
PM4_heatmap_speed2,2121129191,fragmented,0,30,34,0.8823529411764706,0.8823529411764706,-1.0,-1.0
PM4_heatmap_speed2,2121129191,fragmented,3,30,12,0.8333333333333334,0.8333333333333334,1.0,1.0
PM4_heatmap_speed2,2121129191,fragmented,4,30,29,0.9655172413793104,0.9655172413793104,-1.0,-1.0
PM4_heatmap_speed2,2121129191,fragmented,5,30,26,0.7692307692307693,0.7692307692307693,1.0,1.0
PM4_heatmap_speed2,2121129191,fragmented,6,30,44,0.8636363636363636,0.8636363636363636,1.0,1.0
PM4_heatmap_speed2,2121129191,fragmented,7,30,98,0.9183673469387755,0.9183673469387755,1.0,1.0
PM4_heatmap_speed2,2121129191,fragmented,8,30,44,0.9090909090909091,0.9090909090909091,0.8,0.8
PM4_heatmap_speed2,2121129191,fragmented,9,30,4,0.75,0.75,-1.0,-1.0
PM4_heatmap_speed2,2121129191,fragmented,10,30,30,0.9333333333333333,0.9333333333333333,-1.0,-1.0
PM4_heatmap_speed2,2121129191,fragmented,11,30,44,0.9545454545454546,0.9545454545454546,1.0,1.0
PM4_heatmap_speed2,2121129191,fragmented,12,30,15,0.8666666666666667,0.8666666666666667,0.5,0.5
PM4_heatmap_speed2,2121129191,fragmented,13,30,24,0.875,0.875,1.0,1.0
PM4_heatmap_speed2,2121129191,fragmented,14,30,7,1.0,1.0,-1.0,-1.0
PM4_heatmap_speed2,2121129191,fragmented,15,30,8,1.0,1.0,-1.0,-1.0
PM4_heatmap_speed2,2121129191,fragmented,16,30,16,0.9375,0.9375,0.0,0.0
PM4_heatmap_speed2,2121129191,fragmented,17,30,98,0.9285714285714286,0.9285714285714286,0.6666666666666666,0.6666666666666666
PM4_heatmap_speed2,2121129191,fragmented,18,30,71,0.9014084507042254,0.9014084507042254,1.0,1.0
PM4_heatmap_speed2,2121129191,fragmented,19,30,38,0.9473684210526315,0.9473684210526315,-1.0,-1.0
PM4_heatmap_speed2,2121129191,fragmented,20,30,56,0.875,0.875,0.75,0.75
PM4_heatmap_speed2,2121129191,fragmented,21,30,92,0.9239130434782609,0.9239130434782609,1.0,1.0
PM4_heatmap_speed2,2121129191,fragmented,22,30,108,0.8796296296296297,0.8796296296296297,0.9655172413793104,0.9655172413793104
PM4_heatmap_speed2,2121129191,fragmented,23,30,145,0.8827586206896552,0.8827586206896552,0.9,0.9
PM4_heatmap_speed2,2121129191,fragmented,24,30,102,0.8333333333333334,0.8333333333333334,0.875,0.875
PM4_heatmap_speed2,2121129191,fragmented,25,30,92,0.782608695652174,0.782608695652174,1.0,1.0
PM4_heatmap_speed2,2121129191,fragmented,26,30,47,0.8085106382978723,0.8085106382978723,1.0,1.0
PM4_heatmap_speed2,2121129191,fragmented,27,30,84,0.8809523809523809,0.8809523809523809,1.0,1.0
PM4_heatmap_speed2,2121129191,fragmented,28,30,112,0.8392857142857143,0.8392857142857143,-1.0,-1.0
PM4_heatmap_speed2,2121129191,fragmented,29,30,46,0.8695652173913043,0.8695652173913043,-1.0,-1.0
PM4_heatmap_speed2,2121129191,fragmented,30,30,16,1.0,1.0,-1.0,-1.0
PM4_heatmap_speed2,2121129191,fragmented,31,30,44,0.9772727272727273,0.9772727272727273,-1.0,-1.0
PM4_heatmap_speed2,2121129191,fragmented,33,30,31,0.967741935483871,0.967741935483871,1.0,1.0
PM4_heatmap_speed2,2121129191,fragmented,34,30,52,0.8653846153846154,0.8653846153846154,0.875,0.875
PM4_heatmap_speed2,2121129191,fragmented,35,30,50,0.88,0.88,0.8333333333333334,0.8333333333333334
PM4_heatmap_speed2,2121129191,fragmented,36,30,29,0.896551724137931,0.896551724137931,0.6666666666666666,0.6666666666666666
PM4_heatmap_speed2,2121129191,fragmented,38,30,49,0.8163265306122449,0.8163265306122449,-1.0,-1.0
PM4_heatmap_speed2,2121129191,fragmented,39,30,74,0.8513513513513513,0.8513513513513513,-1.0,-1.0
PM4_heatmap_speed2,2121129191,fragmented,40,30,48,0.8541666666666666,0.8541666666666666,1.0,1.0
PM4_heatmap_speed2,2121129191,fragmented,41,30,74,0.972972972972973,0.972972972972973,1.0,1.0
PM4_heatmap_speed2,2121129191,fragmented,42,30,75,0.8933333333333333,0.8933333333333333,1.0,1.0
PM4_heatmap_speed2,2121129191,fragmented,43,30,71,0.8450704225352113,0.8450704225352113,0.7777777777777778,0.7777777777777778
PM4_heatmap_speed2,2121129191,fragmented,44,30,222,0.8963963963963963,0.8963963963963963,0.896551724137931,0.896551724137931
PM4_heatmap_speed2,2121129191,fragmented,45,30,113,0.8584070796460177,0.8584070796460177,0.8823529411764706,0.8823529411764706
PM4_heatmap_speed2,2121129191,fragmented,46,30,46,0.9130434782608695,0.9130434782608695,-1.0,-1.0
PM4_heatmap_speed2,2121129191,fragmented,47,30,125,0.944,0.944,0.0,0.0
PM4_heatmap_speed2,2121129191,fragmented,48,30,69,0.8695652173913043,0.8695652173913043,-1.0,-1.0
PM4_heatmap_speed2,2121129191,fragmented,49,30,76,0.9342105263157895,0.9342105263157895,1.0,1.0
PM4_heatmap_speed2,2121129191,fragmented,0,31,19,0.8947368421052632,0.8947368421052632,-1.0,-1.0
PM4_heatmap_speed2,2121129191,fragmented,1,31,6,1.0,1.0,-1.0,-1.0
PM4_heatmap_speed2,2121129191,fragmented,2,31,6,1.0,1.0,-1.0,-1.0
PM4_heatmap_speed2,2121129191,fragmented,3,31,44,0.8636363636363636,0.8636363636363636,0.875,0.875
PM4_heatmap_speed2,2121129191,fragmented,4,31,30,0.8666666666666667,0.8666666666666667,0.8333333333333334,0.8333333333333334
PM4_heatmap_speed2,2121129191,fragmented,5,31,18,0.8333333333333334,0.8333333333333334,0.8,0.8
PM4_heatmap_speed2,2121129191,fragmented,6,31,33,0.7272727272727273,0.7272727272727273,0.0,0.0
PM4_heatmap_speed2,2121129191,fragmented,7,31,11,0.9090909090909091,0.9090909090909091,-1.0,-1.0
PM4_heatmap_speed2,2121129191,fragmented,8,31,1,1.0,1.0,-1.0,-1.0
PM4_heatmap_speed2,2121129191,fragmented,9,31,29,0.8620689655172413,0.8620689655172413,-1.0,-1.0
PM4_heatmap_speed2,2121129191,fragmented,10,31,5,1.0,1.0,-1.0,-1.0
PM4_heatmap_speed2,2121129191,fragmented,11,31,8,0.75,0.75,-1.0,-1.0
PM4_heatmap_speed2,2121129191,fragmented,12,31,10,0.8,0.8,0.0,0.0
PM4_heatmap_speed2,2121129191,fragmented,14,31,52,0.8653846153846154,0.8653846153846154,-1.0,-1.0
PM4_heatmap_speed2,2121129191,fragmented,15,31,2,1.0,1.0,-1.0,-1.0
PM4_heatmap_speed2,2121129191,fragmented,16,31,32,0.875,0.875,-1.0,-1.0
PM4_heatmap_speed2,2121129191,fragmented,17,31,53,0.7924528301886793,0.7924528301886793,1.0,1.0
PM4_heatmap_speed2,2121129191,fragmented,18,31,123,0.8943089430894309,0.8943089430894309,-1.0,-1.0
PM4_heatmap_speed2,2121129191,fragmented,19,31,96,0.8541666666666666,0.8541666666666666,1.0,1.0
PM4_heatmap_speed2,2121129191,fragmented,20,31,58,0.8793103448275862,0.8793103448275862,1.0,1.0
PM4_heatmap_speed2,2121129191,fragmented,21,31,31,0.8709677419354839,0.8709677419354839,-1.0,-1.0
PM4_heatmap_speed2,2121129191,fragmented,22,31,38,0.868421052631579,0.868421052631579,-1.0,-1.0
PM4_heatmap_speed2,2121129191,fragmented,23,31,33,0.9696969696969697,0.9696969696969697,-1.0,-1.0
PM4_heatmap_speed2,2121129191,fragmented,24,31,43,0.813953488372093,0.813953488372093,-1.0,-1.0
PM4_heatmap_speed2,2121129191,fragmented,25,31,47,0.7659574468085106,0.7659574468085106,0.5,0.5
PM4_heatmap_speed2,2121129191,fragmented,26,31,35,0.7714285714285715,0.7714285714285715,1.0,1.0
PM4_heatmap_speed2,2121129191,fragmented,27,31,102,0.8725490196078431,0.8725490196078431,1.0,1.0
PM4_heatmap_speed2,2121129191,fragmented,28,31,43,0.8837209302325582,0.8837209302325582,-1.0,-1.0
PM4_heatmap_speed2,2121129191,fragmented,29,31,189,0.8835978835978836,0.8835978835978836,-1.0,-1.0
PM4_heatmap_speed2,2121129191,fragmented,30,31,75,0.8533333333333334,0.8533333333333334,-1.0,-1.0
PM4_heatmap_speed2,2121129191,fragmented,31,31,13,0.9230769230769231,0.9230769230769231,-1.0,-1.0
PM4_heatmap_speed2,2121129191,fragmented,32,31,52,0.8846153846153846,0.8846153846153846,-1.0,-1.0
PM4_heatmap_speed2,2121129191,fragmented,33,31,18,0.7777777777777778,0.7777777777777778,-1.0,-1.0
PM4_heatmap_speed2,2121129191,fragmented,35,31,16,0.75,0.75,1.0,1.0
PM4_heatmap_speed2,2121129191,fragmented,36,31,69,0.8405797101449275,0.8405797101449275,0.5,0.5
PM4_heatmap_speed2,2121129191,fragmented,37,31,36,0.8888888888888888,0.8888888888888888,1.0,1.0
PM4_heatmap_speed2,2121129191,fragmented,38,31,24,0.6666666666666666,0.6666666666666666,-1.0,-1.0
PM4_heatmap_speed2,2121129191,fragmented,40,31,69,0.8405797101449275,0.8405797101449275,0.8,0.8
PM4_heatmap_speed2,2121129191,fragmented,41,31,125,0.856,0.856,0.8,0.8
PM4_heatmap_speed2,2121129191,fragmented,42,31,6,0.8333333333333334,0.8333333333333334,-1.0,-1.0
PM4_heatmap_speed2,2121129191,fragmented,43,31,41,0.7804878048780488,0.7804878048780488,1.0,1.0
PM4_heatmap_speed2,2121129191,fragmented,44,31,60,0.9,0.9,1.0,1.0
PM4_heatmap_speed2,2121129191,fragmented,45,31,99,0.8787878787878788,0.8787878787878788,1.0,1.0
PM4_heatmap_speed2,2121129191,fragmented,46,31,72,0.875,0.875,-1.0,-1.0
PM4_heatmap_speed2,2121129191,fragmented,47,31,119,0.8991596638655462,0.8991596638655462,-1.0,-1.0
PM4_heatmap_speed2,2121129191,fragmented,48,31,14,1.0,1.0,1.0,1.0
PM4_heatmap_speed2,2121129191,fragmented,49,31,55,0.9272727272727272,0.9272727272727272,1.0,1.0
PM4_heatmap_speed2,2121129191,fragmented,0,32,5,1.0,1.0,-1.0,-1.0
PM4_heatmap_speed2,2121129191,fragmented,1,32,12,0.9166666666666666,0.9166666666666666,-1.0,-1.0
PM4_heatmap_speed2,2121129191,fragmented,2,32,11,0.8181818181818182,0.8181818181818182,-1.0,-1.0
PM4_heatmap_speed2,2121129191,fragmented,3,32,13,0.6923076923076923,0.6923076923076923,0.3333333333333333,0.3333333333333333
PM4_heatmap_speed2,2121129191,fragmented,5,32,41,0.9512195121951219,0.9512195121951219,1.0,1.0
PM4_heatmap_speed2,2121129191,fragmented,6,32,58,0.7931034482758621,0.7931034482758621,0.6666666666666666,0.6666666666666666
PM4_heatmap_speed2,2121129191,fragmented,7,32,80,0.8625,0.8625,1.0,1.0
PM4_heatmap_speed2,2121129191,fragmented,8,32,5,0.8,0.8,-1.0,-1.0
PM4_heatmap_speed2,2121129191,fragmented,10,32,7,1.0,1.0,-1.0,-1.0
PM4_heatmap_speed2,2121129191,fragmented,11,32,26,0.9230769230769231,0.9230769230769231,1.0,1.0
PM4_heatmap_speed2,2121129191,fragmented,12,32,16,0.875,0.875,1.0,1.0
PM4_heatmap_speed2,2121129191,fragmented,14,32,73,0.9041095890410958,0.9041095890410958,-1.0,-1.0
PM4_heatmap_speed2,2121129191,fragmented,15,32,33,0.8484848484848485,0.8484848484848485,-1.0,-1.0
PM4_heatmap_speed2,2121129191,fragmented,16,32,63,0.873015873015873,0.873015873015873,-1.0,-1.0
PM4_heatmap_speed2,2121129191,fragmented,17,32,1,1.0,1.0,-1.0,-1.0
PM4_heatmap_speed2,2121129191,fragmented,19,32,119,0.865546218487395,0.865546218487395,1.0,1.0
PM4_heatmap_speed2,2121129191,fragmented,20,32,28,0.8571428571428571,0.8571428571428571,-1.0,-1.0
PM4_heatmap_speed2,2121129191,fragmented,22,32,30,0.7666666666666667,0.7666666666666667,-1.0,-1.0
PM4_heatmap_speed2,2121129191,fragmented,23,32,45,0.8444444444444444,0.8444444444444444,-1.0,-1.0
PM4_heatmap_speed2,2121129191,fragmented,24,32,89,0.8876404494382022,0.8876404494382022,0.0,0.0
PM4_heatmap_speed2,2121129191,fragmented,25,32,98,0.8571428571428571,0.8571428571428571,0.8,0.8
PM4_heatmap_speed2,2121129191,fragmented,26,32,3,1.0,1.0,-1.0,-1.0
PM4_heatmap_speed2,2121129191,fragmented,27,32,54,0.9259259259259259,0.9259259259259259,1.0,1.0
PM4_heatmap_speed2,2121129191,fragmented,28,32,54,0.9259259259259259,0.9259259259259259,-1.0,-1.0
PM4_heatmap_speed2,2121129191,fragmented,29,32,38,0.8947368421052632,0.8947368421052632,-1.0,-1.0
PM4_heatmap_speed2,2121129191,fragmented,30,32,84,0.8333333333333334,0.8333333333333334,-1.0,-1.0
PM4_heatmap_speed2,2121129191,fragmented,31,32,25,0.72,0.72,-1.0,-1.0
PM4_heatmap_speed2,2121129191,fragmented,32,32,163,0.8650306748466258,0.8650306748466258,-1.0,-1.0
PM4_heatmap_speed2,2121129191,fragmented,33,32,7,0.8571428571428571,0.8571428571428571,-1.0,-1.0
PM4_heatmap_speed2,2121129191,fragmented,34,32,42,0.8571428571428571,0.8571428571428571,-1.0,-1.0
PM4_heatmap_speed2,2121129191,fragmented,35,32,27,0.8888888888888888,0.8888888888888888,1.0,1.0
PM4_heatmap_speed2,2121129191,fragmented,36,32,81,0.8765432098765432,0.8765432098765432,1.0,1.0
PM4_heatmap_speed2,2121129191,fragmented,38,32,55,0.7818181818181819,0.7818181818181819,1.0,1.0
PM4_heatmap_speed2,2121129191,fragmented,39,32,54,0.7777777777777778,0.7777777777777778,-1.0,-1.0
PM4_heatmap_speed2,2121129191,fragmented,40,32,42,0.8571428571428571,0.8571428571428571,0.0,0.0
PM4_heatmap_speed2,2121129191,fragmented,41,32,38,0.7105263157894737,0.7105263157894737,-1.0,-1.0
PM4_heatmap_speed2,2121129191,fragmented,42,32,60,0.7833333333333333,0.7833333333333333,0.3333333333333333,0.3333333333333333
PM4_heatmap_speed2,2121129191,fragmented,43,32,58,0.896551724137931,0.896551724137931,1.0,1.0
PM4_heatmap_speed2,2121129191,fragmented,44,32,95,0.9263157894736842,0.9263157894736842,1.0,1.0
PM4_heatmap_speed2,2121129191,fragmented,45,32,51,0.8627450980392157,0.8627450980392157,1.0,1.0
PM4_heatmap_speed2,2121129191,fragmented,47,32,32,0.84375,0.84375,-1.0,-1.0
PM4_heatmap_speed2,2121129191,fragmented,48,32,11,1.0,1.0,-1.0,-1.0
PM4_heatmap_speed2,2121129191,fragmented,49,32,39,1.0,1.0,1.0,1.0
PM4_heatmap_speed2,2121129191,fragmented,1,33,27,0.9259259259259259,0.9259259259259259,-1.0,-1.0
PM4_heatmap_speed2,2121129191,fragmented,2,33,39,0.8974358974358975,0.8974358974358975,-1.0,-1.0
PM4_heatmap_speed2,2121129191,fragmented,3,33,33,0.9393939393939394,0.9393939393939394,-1.0,-1.0
PM4_heatmap_speed2,2121129191,fragmented,4,33,29,1.0,1.0,1.0,1.0
PM4_heatmap_speed2,2121129191,fragmented,5,33,17,0.8823529411764706,0.8823529411764706,1.0,1.0
PM4_heatmap_speed2,2121129191,fragmented,6,33,18,0.8333333333333334,0.8333333333333334,-1.0,-1.0
PM4_heatmap_speed2,2121129191,fragmented,7,33,15,0.8,0.8,-1.0,-1.0
PM4_heatmap_speed2,2121129191,fragmented,8,33,59,0.9152542372881356,0.9152542372881356,1.0,1.0
PM4_heatmap_speed2,2121129191,fragmented,9,33,8,0.875,0.875,-1.0,-1.0
PM4_heatmap_speed2,2121129191,fragmented,10,33,2,0.5,0.5,-1.0,-1.0
PM4_heatmap_speed2,2121129191,fragmented,11,33,15,0.9333333333333333,0.9333333333333333,1.0,1.0
PM4_heatmap_speed2,2121129191,fragmented,13,33,20,1.0,1.0,-1.0,-1.0
PM4_heatmap_speed2,2121129191,fragmented,14,33,64,0.984375,0.984375,-1.0,-1.0
PM4_heatmap_speed2,2121129191,fragmented,15,33,57,0.8596491228070176,0.8596491228070176,1.0,1.0
PM4_heatmap_speed2,2121129191,fragmented,16,33,107,0.8411214953271028,0.8411214953271028,1.0,1.0
PM4_heatmap_speed2,2121129191,fragmented,17,33,51,0.9607843137254902,0.9607843137254902,-1.0,-1.0
PM4_heatmap_speed2,2121129191,fragmented,18,33,30,0.8333333333333334,0.8333333333333334,-1.0,-1.0
PM4_heatmap_speed2,2121129191,fragmented,19,33,52,0.8461538461538461,0.8461538461538461,-1.0,-1.0
PM4_heatmap_speed2,2121129191,fragmented,20,33,11,0.9090909090909091,0.9090909090909091,-1.0,-1.0
PM4_heatmap_speed2,2121129191,fragmented,21,33,38,0.868421052631579,0.868421052631579,-1.0,-1.0
PM4_heatmap_speed2,2121129191,fragmented,22,33,22,0.8636363636363636,0.8636363636363636,-1.0,-1.0
PM4_heatmap_speed2,2121129191,fragmented,23,33,43,0.8837209302325582,0.8837209302325582,-1.0,-1.0
PM4_heatmap_speed2,2121129191,fragmented,24,33,23,1.0,1.0,-1.0,-1.0
PM4_heatmap_speed2,2121129191,fragmented,25,33,36,0.9722222222222222,0.9722222222222222,-1.0,-1.0
PM4_heatmap_speed2,2121129191,fragmented,26,33,10,0.9,0.9,-1.0,-1.0
PM4_heatmap_speed2,2121129191,fragmented,27,33,95,0.8631578947368421,0.8631578947368421,1.0,1.0
PM4_heatmap_speed2,2121129191,fragmented,28,33,114,0.8508771929824561,0.8508771929824561,0.875,0.875
PM4_heatmap_speed2,2121129191,fragmented,29,33,59,0.847457627118644,0.847457627118644,0.0,0.0
PM4_heatmap_speed2,2121129191,fragmented,30,33,132,0.9015151515151515,0.9015151515151515,-1.0,-1.0
PM4_heatmap_speed2,2121129191,fragmented,31,33,37,0.8378378378378378,0.8378378378378378,-1.0,-1.0
PM4_heatmap_speed2,2121129191,fragmented,32,33,117,0.8888888888888888,0.8888888888888888,-1.0,-1.0
PM4_heatmap_speed2,2121129191,fragmented,33,33,50,0.92,0.92,-1.0,-1.0
PM4_heatmap_speed2,2121129191,fragmented,34,33,17,0.8235294117647058,0.8235294117647058,-1.0,-1.0
PM4_heatmap_speed2,2121129191,fragmented,35,33,53,0.8679245283018868,0.8679245283018868,-1.0,-1.0
PM4_heatmap_speed2,2121129191,fragmented,36,33,126,0.9047619047619048,0.9047619047619048,-1.0,-1.0
PM4_heatmap_speed2,2121129191,fragmented,37,33,61,0.7868852459016393,0.7868852459016393,-1.0,-1.0
PM4_heatmap_speed2,2121129191,fragmented,38,33,54,0.7222222222222222,0.7222222222222222,0.0,0.0
PM4_heatmap_speed2,2121129191,fragmented,39,33,41,0.8780487804878049,0.8780487804878049,0.5,0.5
PM4_heatmap_speed2,2121129191,fragmented,40,33,16,0.6875,0.6875,0.0,0.0
PM4_heatmap_speed2,2121129191,fragmented,41,33,80,0.7625,0.7625,0.6666666666666666,0.6666666666666666
PM4_heatmap_speed2,2121129191,fragmented,42,33,76,0.7763157894736842,0.7763157894736842,1.0,1.0
PM4_heatmap_speed2,2121129191,fragmented,43,33,21,0.7619047619047619,0.7619047619047619,0.0,0.0
PM4_heatmap_speed2,2121129191,fragmented,44,33,9,1.0,1.0,-1.0,-1.0
PM4_heatmap_speed2,2121129191,fragmented,46,33,13,0.6923076923076923,0.6923076923076923,-1.0,-1.0
PM4_heatmap_speed2,2121129191,fragmented,47,33,84,0.9285714285714286,0.9285714285714286,-1.0,-1.0
PM4_heatmap_speed2,2121129191,fragmented,48,33,35,0.8857142857142857,0.8857142857142857,1.0,1.0
PM4_heatmap_speed2,2121129191,fragmented,49,33,57,0.9824561403508771,0.9824561403508771,1.0,1.0
PM4_heatmap_speed2,2121129191,fragmented,1,34,12,0.9166666666666666,0.9166666666666666,-1.0,-1.0
PM4_heatmap_speed2,2121129191,fragmented,2,34,20,0.95,0.95,-1.0,-1.0
PM4_heatmap_speed2,2121129191,fragmented,3,34,15,0.8666666666666667,0.8666666666666667,-1.0,-1.0
PM4_heatmap_speed2,2121129191,fragmented,4,34,7,0.8571428571428571,0.8571428571428571,-1.0,-1.0
PM4_heatmap_speed2,2121129191,fragmented,5,34,22,1.0,1.0,1.0,1.0
PM4_heatmap_speed2,2121129191,fragmented,6,34,62,0.9032258064516129,0.9032258064516129,-1.0,-1.0
PM4_heatmap_speed2,2121129191,fragmented,8,34,26,0.8461538461538461,0.8461538461538461,1.0,1.0
PM4_heatmap_speed2,2121129191,fragmented,13,34,24,0.9166666666666666,0.9166666666666666,1.0,1.0
PM4_heatmap_speed2,2121129191,fragmented,16,34,23,0.8695652173913043,0.8695652173913043,-1.0,-1.0
PM4_heatmap_speed2,2121129191,fragmented,17,34,74,0.9054054054054054,0.9054054054054054,0.5,0.5
PM4_heatmap_speed2,2121129191,fragmented,18,34,8,1.0,1.0,-1.0,-1.0
PM4_heatmap_speed2,2121129191,fragmented,19,34,60,0.8,0.8,-1.0,-1.0
PM4_heatmap_speed2,2121129191,fragmented,21,34,203,0.9113300492610837,0.9113300492610837,-1.0,-1.0
PM4_heatmap_speed2,2121129191,fragmented,22,34,71,0.8591549295774648,0.8591549295774648,-1.0,-1.0
PM4_heatmap_speed2,2121129191,fragmented,23,34,41,0.9024390243902439,0.9024390243902439,-1.0,-1.0
PM4_heatmap_speed2,2121129191,fragmented,25,34,36,1.0,1.0,-1.0,-1.0
PM4_heatmap_speed2,2121129191,fragmented,27,34,39,0.7948717948717948,0.7948717948717948,-1.0,-1.0
PM4_heatmap_speed2,2121129191,fragmented,28,34,17,0.8235294117647058,0.8235294117647058,1.0,1.0
PM4_heatmap_speed2,2121129191,fragmented,29,34,3,1.0,1.0,-1.0,-1.0
PM4_heatmap_speed2,2121129191,fragmented,30,34,52,0.8653846153846154,0.8653846153846154,-1.0,-1.0
PM4_heatmap_speed2,2121129191,fragmented,31,34,47,0.8723404255319149,0.8723404255319149,-1.0,-1.0
PM4_heatmap_speed2,2121129191,fragmented,32,34,29,0.896551724137931,0.896551724137931,-1.0,-1.0
PM4_heatmap_speed2,2121129191,fragmented,35,34,48,0.8333333333333334,0.8333333333333334,-1.0,-1.0
PM4_heatmap_speed2,2121129191,fragmented,36,34,91,0.967032967032967,0.967032967032967,-1.0,-1.0
PM4_heatmap_speed2,2121129191,fragmented,37,34,26,0.7692307692307693,0.7692307692307693,-1.0,-1.0
PM4_heatmap_speed2,2121129191,fragmented,38,34,8,0.875,0.875,-1.0,-1.0
PM4_heatmap_speed2,2121129191,fragmented,39,34,25,0.8,0.8,1.0,1.0
PM4_heatmap_speed2,2121129191,fragmented,41,34,30,0.9333333333333333,0.9333333333333333,-1.0,-1.0
PM4_heatmap_speed2,2121129191,fragmented,42,34,7,1.0,1.0,-1.0,-1.0
PM4_heatmap_speed2,2121129191,fragmented,43,34,36,0.9444444444444444,0.9444444444444444,-1.0,-1.0
PM4_heatmap_speed2,2121129191,fragmented,44,34,16,0.875,0.875,-1.0,-1.0
PM4_heatmap_speed2,2121129191,fragmented,45,34,49,0.8775510204081632,0.8775510204081632,-1.0,-1.0
PM4_heatmap_speed2,2121129191,fragmented,46,34,40,0.725,0.725,-1.0,-1.0
PM4_heatmap_speed2,2121129191,fragmented,47,34,49,0.9387755102040817,0.9387755102040817,-1.0,-1.0
PM4_heatmap_speed2,2121129191,fragmented,48,34,7,0.8571428571428571,0.8571428571428571,-1.0,-1.0
PM4_heatmap_speed2,2121129191,fragmented,1,35,11,1.0,1.0,-1.0,-1.0
PM4_heatmap_speed2,2121129191,fragmented,2,35,45,0.9555555555555556,0.9555555555555556,0.5,0.5
PM4_heatmap_speed2,2121129191,fragmented,3,35,26,0.6923076923076923,0.6923076923076923,0.6666666666666666,0.6666666666666666
PM4_heatmap_speed2,2121129191,fragmented,4,35,26,0.7692307692307693,0.7692307692307693,1.0,1.0
PM4_heatmap_speed2,2121129191,fragmented,5,35,30,0.9333333333333333,0.9333333333333333,1.0,1.0
PM4_heatmap_speed2,2121129191,fragmented,6,35,17,1.0,1.0,-1.0,-1.0
PM4_heatmap_speed2,2121129191,fragmented,7,35,32,0.90625,0.90625,-1.0,-1.0
PM4_heatmap_speed2,2121129191,fragmented,8,35,79,0.8354430379746836,0.8354430379746836,0.6,0.6
PM4_heatmap_speed2,2121129191,fragmented,9,35,21,0.8095238095238095,0.8095238095238095,1.0,1.0
PM4_heatmap_speed2,2121129191,fragmented,10,35,62,0.8870967741935484,0.8870967741935484,1.0,1.0
PM4_heatmap_speed2,2121129191,fragmented,11,35,52,0.9423076923076923,0.9423076923076923,-1.0,-1.0
PM4_heatmap_speed2,2121129191,fragmented,12,35,29,0.8275862068965517,0.8275862068965517,-1.0,-1.0
PM4_heatmap_speed2,2121129191,fragmented,13,35,41,0.9512195121951219,0.9512195121951219,1.0,1.0
PM4_heatmap_speed2,2121129191,fragmented,14,35,8,1.0,1.0,1.0,1.0
PM4_heatmap_speed2,2121129191,fragmented,15,35,23,1.0,1.0,1.0,1.0
PM4_heatmap_speed2,2121129191,fragmented,16,35,49,0.8775510204081632,0.8775510204081632,-1.0,-1.0
PM4_heatmap_speed2,2121129191,fragmented,17,35,54,0.8333333333333334,0.8333333333333334,1.0,1.0
PM4_heatmap_speed2,2121129191,fragmented,18,35,67,0.9253731343283582,0.9253731343283582,0.5,0.5
PM4_heatmap_speed2,2121129191,fragmented,19,35,204,0.8774509803921569,0.8774509803921569,-1.0,-1.0
PM4_heatmap_speed2,2121129191,fragmented,20,35,149,0.9060402684563759,0.9060402684563759,-1.0,-1.0
PM4_heatmap_speed2,2121129191,fragmented,21,35,207,0.8743961352657005,0.8743961352657005,-1.0,-1.0
PM4_heatmap_speed2,2121129191,fragmented,22,35,40,0.975,0.975,-1.0,-1.0
PM4_heatmap_speed2,2121129191,fragmented,23,35,67,0.9402985074626866,0.9402985074626866,-1.0,-1.0
PM4_heatmap_speed2,2121129191,fragmented,24,35,117,0.9145299145299145,0.9145299145299145,-1.0,-1.0
PM4_heatmap_speed2,2121129191,fragmented,25,35,52,0.9230769230769231,0.9230769230769231,-1.0,-1.0
PM4_heatmap_speed2,2121129191,fragmented,27,35,145,0.8758620689655172,0.8758620689655172,1.0,1.0
PM4_heatmap_speed2,2121129191,fragmented,28,35,67,0.8955223880597015,0.8955223880597015,1.0,1.0
PM4_heatmap_speed2,2121129191,fragmented,29,35,26,0.8461538461538461,0.8461538461538461,-1.0,-1.0
PM4_heatmap_speed2,2121129191,fragmented,30,35,71,0.8450704225352113,0.8450704225352113,-1.0,-1.0
PM4_heatmap_speed2,2121129191,fragmented,31,35,64,0.8125,0.8125,-1.0,-1.0
PM4_heatmap_speed2,2121129191,fragmented,32,35,48,0.8958333333333334,0.8958333333333334,-1.0,-1.0
PM4_heatmap_speed2,2121129191,fragmented,33,35,10,0.9,0.9,-1.0,-1.0
PM4_heatmap_speed2,2121129191,fragmented,34,35,31,0.8387096774193549,0.8387096774193549,-1.0,-1.0
PM4_heatmap_speed2,2121129191,fragmented,35,35,47,0.9148936170212766,0.9148936170212766,-1.0,-1.0
PM4_heatmap_speed2,2121129191,fragmented,36,35,51,0.8823529411764706,0.8823529411764706,-1.0,-1.0
PM4_heatmap_speed2,2121129191,fragmented,37,35,48,0.875,0.875,-1.0,-1.0
PM4_heatmap_speed2,2121129191,fragmented,38,35,29,0.7241379310344828,0.7241379310344828,-1.0,-1.0
PM4_heatmap_speed2,2121129191,fragmented,39,35,54,0.7592592592592593,0.7592592592592593,-1.0,-1.0
PM4_heatmap_speed2,2121129191,fragmented,40,35,9,0.6666666666666666,0.6666666666666666,-1.0,-1.0
PM4_heatmap_speed2,2121129191,fragmented,41,35,48,0.9375,0.9375,-1.0,-1.0
PM4_heatmap_speed2,2121129191,fragmented,42,35,36,0.8611111111111112,0.8611111111111112,-1.0,-1.0
PM4_heatmap_speed2,2121129191,fragmented,43,35,33,0.7878787878787878,0.7878787878787878,-1.0,-1.0
PM4_heatmap_speed2,2121129191,fragmented,44,35,57,0.8070175438596491,0.8070175438596491,0.5,0.5
PM4_heatmap_speed2,2121129191,fragmented,45,35,32,0.875,0.875,-1.0,-1.0
PM4_heatmap_speed2,2121129191,fragmented,46,35,6,1.0,1.0,-1.0,-1.0
PM4_heatmap_speed2,2121129191,fragmented,47,35,79,0.8734177215189873,0.8734177215189873,-1.0,-1.0
PM4_heatmap_speed2,2121129191,fragmented,48,35,43,0.9302325581395349,0.9302325581395349,-1.0,-1.0
PM4_heatmap_speed2,2121129191,fragmented,2,36,7,1.0,1.0,-1.0,-1.0
PM4_heatmap_speed2,2121129191,fragmented,3,36,11,1.0,1.0,1.0,1.0
PM4_heatmap_speed2,2121129191,fragmented,4,36,69,0.9710144927536232,0.9710144927536232,1.0,1.0
PM4_heatmap_speed2,2121129191,fragmented,5,36,126,0.9285714285714286,0.9285714285714286,1.0,1.0
PM4_heatmap_speed2,2121129191,fragmented,6,36,40,0.975,0.975,1.0,1.0
PM4_heatmap_speed2,2121129191,fragmented,7,36,63,0.8095238095238095,0.8095238095238095,1.0,1.0
PM4_heatmap_speed2,2121129191,fragmented,8,36,56,0.875,0.875,1.0,1.0
PM4_heatmap_speed2,2121129191,fragmented,9,36,15,0.8,0.8,-1.0,-1.0
PM4_heatmap_speed2,2121129191,fragmented,10,36,21,0.9047619047619048,0.9047619047619048,-1.0,-1.0
PM4_heatmap_speed2,2121129191,fragmented,11,36,24,0.875,0.875,-1.0,-1.0
PM4_heatmap_speed2,2121129191,fragmented,13,36,18,0.8888888888888888,0.8888888888888888,-1.0,-1.0
PM4_heatmap_speed2,2121129191,fragmented,14,36,23,0.9130434782608695,0.9130434782608695,-1.0,-1.0
PM4_heatmap_speed2,2121129191,fragmented,15,36,5,1.0,1.0,-1.0,-1.0
PM4_heatmap_speed2,2121129191,fragmented,16,36,39,0.8461538461538461,0.8461538461538461,-1.0,-1.0
PM4_heatmap_speed2,2121129191,fragmented,17,36,48,0.7708333333333334,0.7708333333333334,1.0,1.0
PM4_heatmap_speed2,2121129191,fragmented,18,36,237,0.8565400843881856,0.8565400843881856,0.7804878048780488,0.7804878048780488
PM4_heatmap_speed2,2121129191,fragmented,19,36,157,0.8853503184713376,0.8853503184713376,0.0,0.0
PM4_heatmap_speed2,2121129191,fragmented,20,36,162,0.9074074074074074,0.9074074074074074,1.0,1.0
PM4_heatmap_speed2,2121129191,fragmented,21,36,5,1.0,1.0,-1.0,-1.0
PM4_heatmap_speed2,2121129191,fragmented,22,36,156,0.8717948717948718,0.8717948717948718,-1.0,-1.0
PM4_heatmap_speed2,2121129191,fragmented,23,36,70,0.9,0.9,-1.0,-1.0
PM4_heatmap_speed2,2121129191,fragmented,24,36,28,0.8571428571428571,0.8571428571428571,-1.0,-1.0
PM4_heatmap_speed2,2121129191,fragmented,25,36,3,0.6666666666666666,0.6666666666666666,-1.0,-1.0
PM4_heatmap_speed2,2121129191,fragmented,26,36,55,0.8545454545454545,0.8545454545454545,1.0,1.0
PM4_heatmap_speed2,2121129191,fragmented,27,36,166,0.891566265060241,0.891566265060241,1.0,1.0
PM4_heatmap_speed2,2121129191,fragmented,28,36,95,0.9157894736842105,0.9157894736842105,1.0,1.0
PM4_heatmap_speed2,2121129191,fragmented,29,36,168,0.9107142857142857,0.9107142857142857,1.0,1.0
PM4_heatmap_speed2,2121129191,fragmented,30,36,113,0.8849557522123894,0.8849557522123894,0.0,0.0
PM4_heatmap_speed2,2121129191,fragmented,31,36,84,0.9166666666666666,0.9166666666666666,-1.0,-1.0
PM4_heatmap_speed2,2121129191,fragmented,32,36,43,0.8604651162790697,0.8604651162790697,-1.0,-1.0
PM4_heatmap_speed2,2121129191,fragmented,33,36,41,0.9024390243902439,0.9024390243902439,-1.0,-1.0
PM4_heatmap_speed2,2121129191,fragmented,34,36,21,0.8571428571428571,0.8571428571428571,-1.0,-1.0
PM4_heatmap_speed2,2121129191,fragmented,35,36,11,0.9090909090909091,0.9090909090909091,-1.0,-1.0
PM4_heatmap_speed2,2121129191,fragmented,36,36,68,0.8823529411764706,0.8823529411764706,-1.0,-1.0
PM4_heatmap_speed2,2121129191,fragmented,37,36,36,0.8333333333333334,0.8333333333333334,-1.0,-1.0
PM4_heatmap_speed2,2121129191,fragmented,38,36,28,0.7857142857142857,0.7857142857142857,-1.0,-1.0
PM4_heatmap_speed2,2121129191,fragmented,39,36,4,0.5,0.5,-1.0,-1.0
PM4_heatmap_speed2,2121129191,fragmented,40,36,8,0.875,0.875,-1.0,-1.0
PM4_heatmap_speed2,2121129191,fragmented,41,36,28,1.0,1.0,-1.0,-1.0
PM4_heatmap_speed2,2121129191,fragmented,42,36,20,0.9,0.9,-1.0,-1.0
PM4_heatmap_speed2,2121129191,fragmented,43,36,20,0.85,0.85,-1.0,-1.0
PM4_heatmap_speed2,2121129191,fragmented,44,36,132,0.9090909090909091,0.9090909090909091,0.5,0.5
PM4_heatmap_speed2,2121129191,fragmented,45,36,74,0.9324324324324325,0.9324324324324325,-1.0,-1.0
PM4_heatmap_speed2,2121129191,fragmented,47,36,1,0.0,0.0,-1.0,-1.0
PM4_heatmap_speed2,2121129191,fragmented,48,36,12,1.0,1.0,-1.0,-1.0
PM4_heatmap_speed2,2121129191,fragmented,49,36,1,1.0,1.0,-1.0,-1.0
PM4_heatmap_speed2,2121129191,fragmented,5,37,25,0.84,0.84,1.0,1.0
PM4_heatmap_speed2,2121129191,fragmented,7,37,26,0.8846153846153846,0.8846153846153846,-1.0,-1.0
PM4_heatmap_speed2,2121129191,fragmented,8,37,7,0.7142857142857143,0.7142857142857143,1.0,1.0
PM4_heatmap_speed2,2121129191,fragmented,9,37,77,0.948051948051948,0.948051948051948,1.0,1.0
PM4_heatmap_speed2,2121129191,fragmented,10,37,6,0.8333333333333334,0.8333333333333334,-1.0,-1.0
PM4_heatmap_speed2,2121129191,fragmented,11,37,27,0.8888888888888888,0.8888888888888888,-1.0,-1.0
PM4_heatmap_speed2,2121129191,fragmented,14,37,13,0.7692307692307693,0.7692307692307693,-1.0,-1.0
PM4_heatmap_speed2,2121129191,fragmented,16,37,66,0.9090909090909091,0.9090909090909091,-1.0,-1.0
PM4_heatmap_speed2,2121129191,fragmented,18,37,154,0.8636363636363636,0.8636363636363636,0.8823529411764706,0.8823529411764706
PM4_heatmap_speed2,2121129191,fragmented,19,37,108,0.9351851851851852,0.9351851851851852,1.0,1.0
PM4_heatmap_speed2,2121129191,fragmented,20,37,27,0.8888888888888888,0.8888888888888888,0.6666666666666666,0.6666666666666666
PM4_heatmap_speed2,2121129191,fragmented,21,37,93,0.8494623655913979,0.8494623655913979,0.8571428571428571,0.8571428571428571
PM4_heatmap_speed2,2121129191,fragmented,22,37,160,0.88125,0.88125,-1.0,-1.0
PM4_heatmap_speed2,2121129191,fragmented,23,37,6,1.0,1.0,-1.0,-1.0
PM4_heatmap_speed2,2121129191,fragmented,25,37,37,0.8918918918918919,0.8918918918918919,-1.0,-1.0
PM4_heatmap_speed2,2121129191,fragmented,26,37,4,1.0,1.0,1.0,1.0
PM4_heatmap_speed2,2121129191,fragmented,27,37,140,0.9285714285714286,0.9285714285714286,1.0,1.0
PM4_heatmap_speed2,2121129191,fragmented,28,37,71,0.9014084507042254,0.9014084507042254,1.0,1.0
PM4_heatmap_speed2,2121129191,fragmented,29,37,41,0.9512195121951219,0.9512195121951219,1.0,1.0
PM4_heatmap_speed2,2121129191,fragmented,30,37,102,0.9019607843137255,0.9019607843137255,0.0,0.0
PM4_heatmap_speed2,2121129191,fragmented,31,37,14,1.0,1.0,-1.0,-1.0
PM4_heatmap_speed2,2121129191,fragmented,32,37,5,1.0,1.0,-1.0,-1.0
PM4_heatmap_speed2,2121129191,fragmented,33,37,20,0.85,0.85,-1.0,-1.0
PM4_heatmap_speed2,2121129191,fragmented,36,37,33,0.8484848484848485,0.8484848484848485,-1.0,-1.0
PM4_heatmap_speed2,2121129191,fragmented,38,37,26,0.7307692307692307,0.7307692307692307,-1.0,-1.0
PM4_heatmap_speed2,2121129191,fragmented,40,37,32,0.8125,0.8125,-1.0,-1.0
PM4_heatmap_speed2,2121129191,fragmented,42,37,17,0.9411764705882353,0.9411764705882353,-1.0,-1.0
PM4_heatmap_speed2,2121129191,fragmented,44,37,57,0.8771929824561403,0.8771929824561403,-1.0,-1.0
PM4_heatmap_speed2,2121129191,fragmented,45,37,81,0.8271604938271605,0.8271604938271605,-1.0,-1.0
PM4_heatmap_speed2,2121129191,fragmented,46,37,39,0.9230769230769231,0.9230769230769231,-1.0,-1.0
PM4_heatmap_speed2,2121129191,fragmented,47,37,4,1.0,1.0,-1.0,-1.0
PM4_heatmap_speed2,2121129191,fragmented,0,38,24,1.0,1.0,-1.0,-1.0
PM4_heatmap_speed2,2121129191,fragmented,1,38,9,1.0,1.0,-1.0,-1.0
PM4_heatmap_speed2,2121129191,fragmented,2,38,15,0.9333333333333333,0.9333333333333333,-1.0,-1.0
PM4_heatmap_speed2,2121129191,fragmented,3,38,107,0.9719626168224299,0.9719626168224299,-1.0,-1.0
PM4_heatmap_speed2,2121129191,fragmented,5,38,46,0.9565217391304348,0.9565217391304348,-1.0,-1.0
PM4_heatmap_speed2,2121129191,fragmented,6,38,30,0.8666666666666667,0.8666666666666667,0.5,0.5
PM4_heatmap_speed2,2121129191,fragmented,7,38,11,0.9090909090909091,0.9090909090909091,-1.0,-1.0
PM4_heatmap_speed2,2121129191,fragmented,8,38,8,1.0,1.0,-1.0,-1.0
PM4_heatmap_speed2,2121129191,fragmented,9,38,60,0.9333333333333333,0.9333333333333333,1.0,1.0
PM4_heatmap_speed2,2121129191,fragmented,10,38,67,0.8656716417910447,0.8656716417910447,-1.0,-1.0
PM4_heatmap_speed2,2121129191,fragmented,11,38,76,0.9078947368421053,0.9078947368421053,1.0,1.0
PM4_heatmap_speed2,2121129191,fragmented,13,38,6,1.0,1.0,-1.0,-1.0
PM4_heatmap_speed2,2121129191,fragmented,14,38,13,1.0,1.0,-1.0,-1.0
PM4_heatmap_speed2,2121129191,fragmented,15,38,47,0.9361702127659575,0.9361702127659575,-1.0,-1.0
PM4_heatmap_speed2,2121129191,fragmented,16,38,49,0.8571428571428571,0.8571428571428571,-1.0,-1.0
PM4_heatmap_speed2,2121129191,fragmented,18,38,105,0.9238095238095239,0.9238095238095239,1.0,1.0
PM4_heatmap_speed2,2121129191,fragmented,19,38,305,0.898360655737705,0.898360655737705,0.9375,0.9375
PM4_heatmap_speed2,2121129191,fragmented,20,38,43,0.8604651162790697,0.8604651162790697,0.75,0.75
PM4_heatmap_speed2,2121129191,fragmented,21,38,65,0.8461538461538461,0.8461538461538461,0.75,0.75
PM4_heatmap_speed2,2121129191,fragmented,22,38,41,0.926829268292683,0.926829268292683,-1.0,-1.0
PM4_heatmap_speed2,2121129191,fragmented,24,38,38,0.8947368421052632,0.8947368421052632,1.0,1.0
PM4_heatmap_speed2,2121129191,fragmented,25,38,41,0.8780487804878049,0.8780487804878049,0.9411764705882353,0.9411764705882353
PM4_heatmap_speed2,2121129191,fragmented,26,38,84,0.8452380952380952,0.8452380952380952,0.8888888888888888,0.8888888888888888
PM4_heatmap_speed2,2121129191,fragmented,27,38,31,0.9032258064516129,0.9032258064516129,-1.0,-1.0
PM4_heatmap_speed2,2121129191,fragmented,28,38,52,0.9615384615384616,0.9615384615384616,1.0,1.0
PM4_heatmap_speed2,2121129191,fragmented,30,38,16,0.9375,0.9375,-1.0,-1.0
PM4_heatmap_speed2,2121129191,fragmented,32,38,43,0.9069767441860465,0.9069767441860465,-1.0,-1.0
PM4_heatmap_speed2,2121129191,fragmented,33,38,40,0.975,0.975,-1.0,-1.0
PM4_heatmap_speed2,2121129191,fragmented,35,38,1,0.0,0.0,0.0,0.0
PM4_heatmap_speed2,2121129191,fragmented,36,38,5,1.0,1.0,-1.0,-1.0
PM4_heatmap_speed2,2121129191,fragmented,38,38,30,0.8333333333333334,0.8333333333333334,1.0,1.0
PM4_heatmap_speed2,2121129191,fragmented,39,38,46,0.8043478260869565,0.8043478260869565,-1.0,-1.0
PM4_heatmap_speed2,2121129191,fragmented,40,38,19,0.6842105263157895,0.6842105263157895,-1.0,-1.0
PM4_heatmap_speed2,2121129191,fragmented,41,38,20,0.85,0.85,-1.0,-1.0
PM4_heatmap_speed2,2121129191,fragmented,42,38,10,0.7,0.7,-1.0,-1.0
PM4_heatmap_speed2,2121129191,fragmented,43,38,6,1.0,1.0,-1.0,-1.0
PM4_heatmap_speed2,2121129191,fragmented,44,38,65,0.8923076923076924,0.8923076923076924,1.0,1.0
PM4_heatmap_speed2,2121129191,fragmented,45,38,62,0.7580645161290323,0.7580645161290323,1.0,1.0
PM4_heatmap_speed2,2121129191,fragmented,46,38,98,0.9285714285714286,0.9285714285714286,1.0,1.0
PM4_heatmap_speed2,2121129191,fragmented,47,38,39,1.0,1.0,-1.0,-1.0
PM4_heatmap_speed2,2121129191,fragmented,48,38,12,0.9166666666666666,0.9166666666666666,-1.0,-1.0
PM4_heatmap_speed2,2121129191,fragmented,49,38,5,0.8,0.8,-1.0,-1.0
PM4_heatmap_speed2,2121129191,fragmented,0,39,23,0.9565217391304348,0.9565217391304348,-1.0,-1.0
PM4_heatmap_speed2,2121129191,fragmented,1,39,43,0.9534883720930233,0.9534883720930233,-1.0,-1.0
PM4_heatmap_speed2,2121129191,fragmented,2,39,2,1.0,1.0,-1.0,-1.0
PM4_heatmap_speed2,2121129191,fragmented,3,39,142,0.9577464788732394,0.9577464788732394,0.6666666666666666,0.6666666666666666
PM4_heatmap_speed2,2121129191,fragmented,4,39,54,0.9444444444444444,0.9444444444444444,-1.0,-1.0
PM4_heatmap_speed2,2121129191,fragmented,5,39,44,0.9090909090909091,0.9090909090909091,-1.0,-1.0
PM4_heatmap_speed2,2121129191,fragmented,7,39,10,1.0,1.0,1.0,1.0
PM4_heatmap_speed2,2121129191,fragmented,8,39,7,0.7142857142857143,0.7142857142857143,1.0,1.0
PM4_heatmap_speed2,2121129191,fragmented,9,39,10,0.9,0.9,-1.0,-1.0
PM4_heatmap_speed2,2121129191,fragmented,10,39,98,0.9183673469387755,0.9183673469387755,0.8333333333333334,0.8333333333333334
PM4_heatmap_speed2,2121129191,fragmented,11,39,71,0.8591549295774648,0.8591549295774648,1.0,1.0
PM4_heatmap_speed2,2121129191,fragmented,13,39,16,1.0,1.0,-1.0,-1.0
PM4_heatmap_speed2,2121129191,fragmented,14,39,3,1.0,1.0,-1.0,-1.0
PM4_heatmap_speed2,2121129191,fragmented,15,39,30,0.9666666666666667,0.9666666666666667,-1.0,-1.0
PM4_heatmap_speed2,2121129191,fragmented,16,39,70,0.9571428571428572,0.9571428571428572,-1.0,-1.0
PM4_heatmap_speed2,2121129191,fragmented,17,39,32,0.9375,0.9375,-1.0,-1.0
PM4_heatmap_speed2,2121129191,fragmented,19,39,53,0.9245283018867925,0.9245283018867925,1.0,1.0
PM4_heatmap_speed2,2121129191,fragmented,20,39,60,0.8666666666666667,0.8666666666666667,1.0,1.0
PM4_heatmap_speed2,2121129191,fragmented,21,39,51,0.9803921568627451,0.9803921568627451,1.0,1.0
PM4_heatmap_speed2,2121129191,fragmented,22,39,45,0.8888888888888888,0.8888888888888888,1.0,1.0
PM4_heatmap_speed2,2121129191,fragmented,24,39,55,0.8181818181818182,0.8181818181818182,1.0,1.0
PM4_heatmap_speed2,2121129191,fragmented,25,39,1,1.0,1.0,-1.0,-1.0
PM4_heatmap_speed2,2121129191,fragmented,26,39,33,0.7878787878787878,0.7878787878787878,0.8333333333333334,0.8333333333333334
PM4_heatmap_speed2,2121129191,fragmented,27,39,21,1.0,1.0,-1.0,-1.0
PM4_heatmap_speed2,2121129191,fragmented,28,39,72,0.9444444444444444,0.9444444444444444,0.75,0.75
PM4_heatmap_speed2,2121129191,fragmented,29,39,107,0.8691588785046729,0.8691588785046729,1.0,1.0
PM4_heatmap_speed2,2121129191,fragmented,31,39,22,0.9090909090909091,0.9090909090909091,-1.0,-1.0
PM4_heatmap_speed2,2121129191,fragmented,32,39,70,0.8857142857142857,0.8857142857142857,-1.0,-1.0
PM4_heatmap_speed2,2121129191,fragmented,33,39,55,0.7818181818181819,0.7818181818181819,0.5,0.5
PM4_heatmap_speed2,2121129191,fragmented,34,39,91,0.8791208791208791,0.8791208791208791,0.7894736842105263,0.7894736842105263
PM4_heatmap_speed2,2121129191,fragmented,35,39,16,0.8125,0.8125,-1.0,-1.0
PM4_heatmap_speed2,2121129191,fragmented,36,39,1,0.0,0.0,-1.0,-1.0
PM4_heatmap_speed2,2121129191,fragmented,37,39,2,1.0,1.0,-1.0,-1.0
PM4_heatmap_speed2,2121129191,fragmented,38,39,17,0.9411764705882353,0.9411764705882353,-1.0,-1.0
PM4_heatmap_speed2,2121129191,fragmented,39,39,7,0.7142857142857143,0.7142857142857143,-1.0,-1.0
PM4_heatmap_speed2,2121129191,fragmented,40,39,15,0.9333333333333333,0.9333333333333333,1.0,1.0
PM4_heatmap_speed2,2121129191,fragmented,41,39,58,0.896551724137931,0.896551724137931,1.0,1.0
PM4_heatmap_speed2,2121129191,fragmented,42,39,13,0.9230769230769231,0.9230769230769231,-1.0,-1.0
PM4_heatmap_speed2,2121129191,fragmented,44,39,48,0.875,0.875,-1.0,-1.0
PM4_heatmap_speed2,2121129191,fragmented,45,39,110,0.8363636363636363,0.8363636363636363,1.0,1.0
PM4_heatmap_speed2,2121129191,fragmented,46,39,34,0.8823529411764706,0.8823529411764706,1.0,1.0
PM4_heatmap_speed2,2121129191,fragmented,47,39,87,0.9425287356321839,0.9425287356321839,1.0,1.0
PM4_heatmap_speed2,2121129191,fragmented,48,39,13,1.0,1.0,-1.0,-1.0
PM4_heatmap_speed2,2121129191,fragmented,49,39,5,1.0,1.0,-1.0,-1.0
PM4_heatmap_speed2,2121129191,fragmented,0,40,22,0.9090909090909091,0.9090909090909091,-1.0,-1.0
PM4_heatmap_speed2,2121129191,fragmented,1,40,12,0.9166666666666666,0.9166666666666666,-1.0,-1.0
PM4_heatmap_speed2,2121129191,fragmented,2,40,20,0.95,0.95,-1.0,-1.0
PM4_heatmap_speed2,2121129191,fragmented,3,40,150,0.96,0.96,0.0,0.0
PM4_heatmap_speed2,2121129191,fragmented,4,40,86,0.9186046511627907,0.9186046511627907,-1.0,-1.0
PM4_heatmap_speed2,2121129191,fragmented,5,40,42,0.8571428571428571,0.8571428571428571,-1.0,-1.0
PM4_heatmap_speed2,2121129191,fragmented,8,40,9,1.0,1.0,1.0,1.0
PM4_heatmap_speed2,2121129191,fragmented,10,40,54,0.8888888888888888,0.8888888888888888,0.8,0.8
PM4_heatmap_speed2,2121129191,fragmented,11,40,24,0.7916666666666666,0.7916666666666666,1.0,1.0
PM4_heatmap_speed2,2121129191,fragmented,13,40,6,1.0,1.0,1.0,1.0
PM4_heatmap_speed2,2121129191,fragmented,16,40,60,0.8333333333333334,0.8333333333333334,-1.0,-1.0
PM4_heatmap_speed2,2121129191,fragmented,17,40,16,0.8125,0.8125,-1.0,-1.0
PM4_heatmap_speed2,2121129191,fragmented,19,40,46,0.9565217391304348,0.9565217391304348,1.0,1.0
PM4_heatmap_speed2,2121129191,fragmented,21,40,139,0.8705035971223022,0.8705035971223022,0.896551724137931,0.896551724137931
PM4_heatmap_speed2,2121129191,fragmented,22,40,93,0.8387096774193549,0.8387096774193549,0.85,0.85
PM4_heatmap_speed2,2121129191,fragmented,23,40,20,0.8,0.8,1.0,1.0
PM4_heatmap_speed2,2121129191,fragmented,24,40,4,0.75,0.75,-1.0,-1.0
PM4_heatmap_speed2,2121129191,fragmented,25,40,22,0.7727272727272727,0.7727272727272727,0.5,0.5
PM4_heatmap_speed2,2121129191,fragmented,26,40,110,0.7909090909090909,0.7909090909090909,0.7931034482758621,0.7931034482758621
PM4_heatmap_speed2,2121129191,fragmented,27,40,33,0.8181818181818182,0.8181818181818182,0.6666666666666666,0.6666666666666666
PM4_heatmap_speed2,2121129191,fragmented,28,40,46,0.717391304347826,0.717391304347826,0.75,0.75
PM4_heatmap_speed2,2121129191,fragmented,29,40,12,0.8333333333333334,0.8333333333333334,0.0,0.0
PM4_heatmap_speed2,2121129191,fragmented,30,40,16,0.8125,0.8125,-1.0,-1.0
PM4_heatmap_speed2,2121129191,fragmented,31,40,2,1.0,1.0,-1.0,-1.0
PM4_heatmap_speed2,2121129191,fragmented,32,40,39,0.8717948717948718,0.8717948717948718,1.0,1.0
PM4_heatmap_speed2,2121129191,fragmented,33,40,19,0.8947368421052632,0.8947368421052632,1.0,1.0
PM4_heatmap_speed2,2121129191,fragmented,34,40,3,1.0,1.0,1.0,1.0
PM4_heatmap_speed2,2121129191,fragmented,35,40,21,0.9047619047619048,0.9047619047619048,1.0,1.0
PM4_heatmap_speed2,2121129191,fragmented,37,40,1,1.0,1.0,-1.0,-1.0
PM4_heatmap_speed2,2121129191,fragmented,38,40,16,0.8125,0.8125,-1.0,-1.0
PM4_heatmap_speed2,2121129191,fragmented,39,40,10,0.8,0.8,-1.0,-1.0
PM4_heatmap_speed2,2121129191,fragmented,41,40,27,0.8148148148148148,0.8148148148148148,1.0,1.0
PM4_heatmap_speed2,2121129191,fragmented,42,40,7,0.8571428571428571,0.8571428571428571,-1.0,-1.0
PM4_heatmap_speed2,2121129191,fragmented,43,40,19,0.9473684210526315,0.9473684210526315,-1.0,-1.0
PM4_heatmap_speed2,2121129191,fragmented,44,40,28,0.8928571428571429,0.8928571428571429,-1.0,-1.0
PM4_heatmap_speed2,2121129191,fragmented,45,40,18,0.8888888888888888,0.8888888888888888,1.0,1.0
PM4_heatmap_speed2,2121129191,fragmented,46,40,8,1.0,1.0,-1.0,-1.0
PM4_heatmap_speed2,2121129191,fragmented,47,40,50,0.98,0.98,1.0,1.0
PM4_heatmap_speed2,2121129191,fragmented,49,40,12,1.0,1.0,1.0,1.0
PM4_heatmap_speed2,2121129191,fragmented,0,41,46,0.9782608695652174,0.9782608695652174,-1.0,-1.0
PM4_heatmap_speed2,2121129191,fragmented,1,41,33,1.0,1.0,-1.0,-1.0
PM4_heatmap_speed2,2121129191,fragmented,2,41,19,1.0,1.0,-1.0,-1.0
PM4_heatmap_speed2,2121129191,fragmented,3,41,98,0.9489795918367347,0.9489795918367347,-1.0,-1.0
PM4_heatmap_speed2,2121129191,fragmented,4,41,129,0.9457364341085271,0.9457364341085271,-1.0,-1.0
PM4_heatmap_speed2,2121129191,fragmented,5,41,170,0.9352941176470588,0.9352941176470588,-1.0,-1.0
PM4_heatmap_speed2,2121129191,fragmented,7,41,13,0.9230769230769231,0.9230769230769231,-1.0,-1.0
PM4_heatmap_speed2,2121129191,fragmented,8,41,4,0.75,0.75,-1.0,-1.0
PM4_heatmap_speed2,2121129191,fragmented,9,41,7,0.8571428571428571,0.8571428571428571,0.5,0.5
PM4_heatmap_speed2,2121129191,fragmented,10,41,57,0.9122807017543859,0.9122807017543859,1.0,1.0
PM4_heatmap_speed2,2121129191,fragmented,11,41,136,0.9558823529411765,0.9558823529411765,1.0,1.0
PM4_heatmap_speed2,2121129191,fragmented,12,41,23,0.9130434782608695,0.9130434782608695,1.0,1.0
PM4_heatmap_speed2,2121129191,fragmented,13,41,9,0.8888888888888888,0.8888888888888888,1.0,1.0
PM4_heatmap_speed2,2121129191,fragmented,14,41,21,0.9523809523809523,0.9523809523809523,1.0,1.0
PM4_heatmap_speed2,2121129191,fragmented,15,41,9,0.7777777777777778,0.7777777777777778,0.75,0.75
PM4_heatmap_speed2,2121129191,fragmented,16,41,39,0.7692307692307693,0.7692307692307693,0.75,0.75
PM4_heatmap_speed2,2121129191,fragmented,17,41,3,1.0,1.0,-1.0,-1.0
PM4_heatmap_speed2,2121129191,fragmented,19,41,23,0.8260869565217391,0.8260869565217391,0.5,0.5
PM4_heatmap_speed2,2121129191,fragmented,20,41,80,0.8625,0.8625,0.8571428571428571,0.8571428571428571
PM4_heatmap_speed2,2121129191,fragmented,21,41,145,0.8758620689655172,0.8758620689655172,0.8947368421052632,0.8947368421052632
PM4_heatmap_speed2,2121129191,fragmented,22,41,181,0.9281767955801105,0.9281767955801105,1.0,1.0
PM4_heatmap_speed2,2121129191,fragmented,23,41,75,0.92,0.92,-1.0,-1.0
PM4_heatmap_speed2,2121129191,fragmented,25,41,7,1.0,1.0,1.0,1.0
PM4_heatmap_speed2,2121129191,fragmented,26,41,30,0.8,0.8,0.9230769230769231,0.9230769230769231
PM4_heatmap_speed2,2121129191,fragmented,27,41,79,0.9113924050632911,0.9113924050632911,1.0,1.0
PM4_heatmap_speed2,2121129191,fragmented,28,41,93,0.8494623655913979,0.8494623655913979,0.9,0.9
PM4_heatmap_speed2,2121129191,fragmented,29,41,18,0.7777777777777778,0.7777777777777778,1.0,1.0
PM4_heatmap_speed2,2121129191,fragmented,30,41,41,0.8780487804878049,0.8780487804878049,1.0,1.0
PM4_heatmap_speed2,2121129191,fragmented,31,41,25,0.76,0.76,1.0,1.0
PM4_heatmap_speed2,2121129191,fragmented,32,41,38,0.7894736842105263,0.7894736842105263,1.0,1.0
PM4_heatmap_speed2,2121129191,fragmented,33,41,62,0.9193548387096774,0.9193548387096774,1.0,1.0
PM4_heatmap_speed2,2121129191,fragmented,34,41,38,0.9210526315789473,0.9210526315789473,1.0,1.0
PM4_heatmap_speed2,2121129191,fragmented,35,41,69,0.9420289855072463,0.9420289855072463,0.9,0.9
PM4_heatmap_speed2,2121129191,fragmented,36,41,12,1.0,1.0,-1.0,-1.0
PM4_heatmap_speed2,2121129191,fragmented,37,41,4,0.75,0.75,-1.0,-1.0
PM4_heatmap_speed2,2121129191,fragmented,38,41,51,0.9215686274509803,0.9215686274509803,-1.0,-1.0
PM4_heatmap_speed2,2121129191,fragmented,39,41,60,0.8166666666666667,0.8166666666666667,0.5,0.5
PM4_heatmap_speed2,2121129191,fragmented,40,41,17,0.9411764705882353,0.9411764705882353,1.0,1.0
PM4_heatmap_speed2,2121129191,fragmented,41,41,58,0.9482758620689655,0.9482758620689655,1.0,1.0
PM4_heatmap_speed2,2121129191,fragmented,42,41,15,0.8666666666666667,0.8666666666666667,-1.0,-1.0
PM4_heatmap_speed2,2121129191,fragmented,43,41,5,1.0,1.0,-1.0,-1.0
PM4_heatmap_speed2,2121129191,fragmented,44,41,45,0.8666666666666667,0.8666666666666667,-1.0,-1.0
PM4_heatmap_speed2,2121129191,fragmented,45,41,14,0.8571428571428571,0.8571428571428571,-1.0,-1.0
PM4_heatmap_speed2,2121129191,fragmented,46,41,20,1.0,1.0,-1.0,-1.0
PM4_heatmap_speed2,2121129191,fragmented,47,41,6,1.0,1.0,1.0,1.0
PM4_heatmap_speed2,2121129191,fragmented,48,41,16,0.9375,0.9375,1.0,1.0
PM4_heatmap_speed2,2121129191,fragmented,49,41,16,0.9375,0.9375,1.0,1.0
PM4_heatmap_speed2,2121129191,fragmented,0,42,15,1.0,1.0,-1.0,-1.0
PM4_heatmap_speed2,2121129191,fragmented,1,42,5,1.0,1.0,-1.0,-1.0
PM4_heatmap_speed2,2121129191,fragmented,2,42,23,0.9130434782608695,0.9130434782608695,-1.0,-1.0
PM4_heatmap_speed2,2121129191,fragmented,3,42,37,0.9459459459459459,0.9459459459459459,-1.0,-1.0
PM4_heatmap_speed2,2121129191,fragmented,4,42,12,0.8333333333333334,0.8333333333333334,-1.0,-1.0
PM4_heatmap_speed2,2121129191,fragmented,5,42,150,0.9133333333333333,0.9133333333333333,-1.0,-1.0
PM4_heatmap_speed2,2121129191,fragmented,6,42,79,0.9493670886075949,0.9493670886075949,-1.0,-1.0
PM4_heatmap_speed2,2121129191,fragmented,7,42,24,0.8333333333333334,0.8333333333333334,-1.0,-1.0
PM4_heatmap_speed2,2121129191,fragmented,10,42,19,0.7894736842105263,0.7894736842105263,1.0,1.0
PM4_heatmap_speed2,2121129191,fragmented,11,42,36,0.9722222222222222,0.9722222222222222,1.0,1.0
PM4_heatmap_speed2,2121129191,fragmented,12,42,29,0.9655172413793104,0.9655172413793104,-1.0,-1.0
PM4_heatmap_speed2,2121129191,fragmented,13,42,7,0.8571428571428571,0.8571428571428571,1.0,1.0
PM4_heatmap_speed2,2121129191,fragmented,14,42,21,0.9523809523809523,0.9523809523809523,1.0,1.0
PM4_heatmap_speed2,2121129191,fragmented,15,42,19,0.7894736842105263,0.7894736842105263,-1.0,-1.0
PM4_heatmap_speed2,2121129191,fragmented,16,42,1,1.0,1.0,-1.0,-1.0
PM4_heatmap_speed2,2121129191,fragmented,17,42,14,0.9285714285714286,0.9285714285714286,1.0,1.0
PM4_heatmap_speed2,2121129191,fragmented,18,42,1,0.0,0.0,0.0,0.0
PM4_heatmap_speed2,2121129191,fragmented,19,42,32,0.84375,0.84375,0.6666666666666666,0.6666666666666666
PM4_heatmap_speed2,2121129191,fragmented,20,42,8,0.875,0.875,-1.0,-1.0
PM4_heatmap_speed2,2121129191,fragmented,21,42,136,0.8529411764705882,0.8529411764705882,0.8333333333333334,0.8333333333333334
PM4_heatmap_speed2,2121129191,fragmented,22,42,198,0.8787878787878788,0.8787878787878788,0.9,0.9
PM4_heatmap_speed2,2121129191,fragmented,23,42,202,0.8762376237623762,0.8762376237623762,0.3333333333333333,0.3333333333333333
PM4_heatmap_speed2,2121129191,fragmented,24,42,21,0.8571428571428571,0.8571428571428571,-1.0,-1.0
PM4_heatmap_speed2,2121129191,fragmented,26,42,29,0.8275862068965517,0.8275862068965517,0.8333333333333334,0.8333333333333334
PM4_heatmap_speed2,2121129191,fragmented,28,42,35,0.8,0.8,-1.0,-1.0
PM4_heatmap_speed2,2121129191,fragmented,29,42,5,1.0,1.0,-1.0,-1.0
PM4_heatmap_speed2,2121129191,fragmented,30,42,21,0.9523809523809523,0.9523809523809523,1.0,1.0
PM4_heatmap_speed2,2121129191,fragmented,31,42,31,0.7419354838709677,0.7419354838709677,1.0,1.0
PM4_heatmap_speed2,2121129191,fragmented,33,42,22,0.9545454545454546,0.9545454545454546,1.0,1.0
PM4_heatmap_speed2,2121129191,fragmented,34,42,9,0.8888888888888888,0.8888888888888888,1.0,1.0
PM4_heatmap_speed2,2121129191,fragmented,35,42,46,0.8478260869565217,0.8478260869565217,0.75,0.75
PM4_heatmap_speed2,2121129191,fragmented,36,42,66,0.8939393939393939,0.8939393939393939,-1.0,-1.0
PM4_heatmap_speed2,2121129191,fragmented,37,42,13,0.9230769230769231,0.9230769230769231,-1.0,-1.0
PM4_heatmap_speed2,2121129191,fragmented,38,42,13,0.9230769230769231,0.9230769230769231,-1.0,-1.0
PM4_heatmap_speed2,2121129191,fragmented,39,42,4,1.0,1.0,-1.0,-1.0
PM4_heatmap_speed2,2121129191,fragmented,40,42,8,1.0,1.0,-1.0,-1.0
PM4_heatmap_speed2,2121129191,fragmented,41,42,26,0.8461538461538461,0.8461538461538461,-1.0,-1.0
PM4_heatmap_speed2,2121129191,fragmented,42,42,3,1.0,1.0,-1.0,-1.0
PM4_heatmap_speed2,2121129191,fragmented,43,42,34,0.8823529411764706,0.8823529411764706,1.0,1.0
PM4_heatmap_speed2,2121129191,fragmented,44,42,38,0.868421052631579,0.868421052631579,1.0,1.0
PM4_heatmap_speed2,2121129191,fragmented,45,42,16,0.75,0.75,1.0,1.0
PM4_heatmap_speed2,2121129191,fragmented,46,42,16,1.0,1.0,1.0,1.0
PM4_heatmap_speed2,2121129191,fragmented,47,42,6,0.8333333333333334,0.8333333333333334,-1.0,-1.0
PM4_heatmap_speed2,2121129191,fragmented,48,42,9,0.7777777777777778,0.7777777777777778,1.0,1.0
PM4_heatmap_speed2,2121129191,fragmented,49,42,9,0.7777777777777778,0.7777777777777778,1.0,1.0
PM4_heatmap_speed2,2121129191,fragmented,0,43,37,0.972972972972973,0.972972972972973,-1.0,-1.0
PM4_heatmap_speed2,2121129191,fragmented,1,43,21,0.9523809523809523,0.9523809523809523,-1.0,-1.0
PM4_heatmap_speed2,2121129191,fragmented,3,43,128,0.875,0.875,-1.0,-1.0
PM4_heatmap_speed2,2121129191,fragmented,4,43,44,0.8863636363636364,0.8863636363636364,-1.0,-1.0
PM4_heatmap_speed2,2121129191,fragmented,6,43,40,0.9,0.9,-1.0,-1.0
PM4_heatmap_speed2,2121129191,fragmented,7,43,205,0.9024390243902439,0.9024390243902439,1.0,1.0
PM4_heatmap_speed2,2121129191,fragmented,8,43,17,1.0,1.0,-1.0,-1.0
PM4_heatmap_speed2,2121129191,fragmented,9,43,23,0.8695652173913043,0.8695652173913043,1.0,1.0
PM4_heatmap_speed2,2121129191,fragmented,10,43,42,0.7857142857142857,0.7857142857142857,1.0,1.0
PM4_heatmap_speed2,2121129191,fragmented,11,43,5,0.8,0.8,-1.0,-1.0
PM4_heatmap_speed2,2121129191,fragmented,12,43,10,0.8,0.8,-1.0,-1.0
PM4_heatmap_speed2,2121129191,fragmented,13,43,25,0.96,0.96,1.0,1.0
PM4_heatmap_speed2,2121129191,fragmented,14,43,69,0.8840579710144928,0.8840579710144928,-1.0,-1.0
PM4_heatmap_speed2,2121129191,fragmented,15,43,120,0.8916666666666667,0.8916666666666667,-1.0,-1.0
PM4_heatmap_speed2,2121129191,fragmented,16,43,98,0.8673469387755102,0.8673469387755102,1.0,1.0
PM4_heatmap_speed2,2121129191,fragmented,17,43,34,0.8823529411764706,0.8823529411764706,1.0,1.0
PM4_heatmap_speed2,2121129191,fragmented,18,43,17,0.9411764705882353,0.9411764705882353,-1.0,-1.0
PM4_heatmap_speed2,2121129191,fragmented,19,43,36,0.9444444444444444,0.9444444444444444,-1.0,-1.0
PM4_heatmap_speed2,2121129191,fragmented,20,43,48,0.9166666666666666,0.9166666666666666,1.0,1.0
PM4_heatmap_speed2,2121129191,fragmented,21,43,123,0.943089430894309,0.943089430894309,0.9166666666666666,0.9166666666666666
PM4_heatmap_speed2,2121129191,fragmented,22,43,76,0.8289473684210527,0.8289473684210527,0.9166666666666666,0.9166666666666666
PM4_heatmap_speed2,2121129191,fragmented,23,43,1,1.0,1.0,-1.0,-1.0
PM4_heatmap_speed2,2121129191,fragmented,24,43,126,0.8571428571428571,0.8571428571428571,0.5,0.5
PM4_heatmap_speed2,2121129191,fragmented,25,43,77,0.8961038961038961,0.8961038961038961,0.75,0.75
PM4_heatmap_speed2,2121129191,fragmented,26,43,47,0.8936170212765957,0.8936170212765957,-1.0,-1.0
PM4_heatmap_speed2,2121129191,fragmented,27,43,72,0.9027777777777778,0.9027777777777778,0.6666666666666666,0.6666666666666666
PM4_heatmap_speed2,2121129191,fragmented,28,43,97,0.9072164948453608,0.9072164948453608,0.6666666666666666,0.6666666666666666
PM4_heatmap_speed2,2121129191,fragmented,29,43,29,0.9655172413793104,0.9655172413793104,-1.0,-1.0
PM4_heatmap_speed2,2121129191,fragmented,31,43,26,1.0,1.0,1.0,1.0
PM4_heatmap_speed2,2121129191,fragmented,32,43,11,0.9090909090909091,0.9090909090909091,1.0,1.0
PM4_heatmap_speed2,2121129191,fragmented,33,43,9,1.0,1.0,1.0,1.0
PM4_heatmap_speed2,2121129191,fragmented,34,43,4,0.75,0.75,1.0,1.0
PM4_heatmap_speed2,2121129191,fragmented,35,43,13,0.8461538461538461,0.8461538461538461,-1.0,-1.0
PM4_heatmap_speed2,2121129191,fragmented,36,43,41,0.9512195121951219,0.9512195121951219,-1.0,-1.0
PM4_heatmap_speed2,2121129191,fragmented,37,43,29,0.9655172413793104,0.9655172413793104,-1.0,-1.0
PM4_heatmap_speed2,2121129191,fragmented,38,43,42,0.8571428571428571,0.8571428571428571,0.6666666666666666,0.6666666666666666
PM4_heatmap_speed2,2121129191,fragmented,40,43,45,0.9555555555555556,0.9555555555555556,1.0,1.0
PM4_heatmap_speed2,2121129191,fragmented,41,43,42,0.8809523809523809,0.8809523809523809,1.0,1.0
PM4_heatmap_speed2,2121129191,fragmented,42,43,25,0.88,0.88,-1.0,-1.0
PM4_heatmap_speed2,2121129191,fragmented,43,43,17,0.9411764705882353,0.9411764705882353,-1.0,-1.0
PM4_heatmap_speed2,2121129191,fragmented,44,43,5,1.0,1.0,-1.0,-1.0
PM4_heatmap_speed2,2121129191,fragmented,45,43,10,0.8,0.8,1.0,1.0
PM4_heatmap_speed2,2121129191,fragmented,47,43,32,0.9375,0.9375,1.0,1.0
PM4_heatmap_speed2,2121129191,fragmented,49,43,3,1.0,1.0,1.0,1.0
PM4_heatmap_speed2,2121129191,fragmented,0,44,119,0.9747899159663865,0.9747899159663865,-1.0,-1.0
PM4_heatmap_speed2,2121129191,fragmented,1,44,44,0.9090909090909091,0.9090909090909091,-1.0,-1.0
PM4_heatmap_speed2,2121129191,fragmented,2,44,65,0.9538461538461539,0.9538461538461539,-1.0,-1.0
PM4_heatmap_speed2,2121129191,fragmented,3,44,130,0.9076923076923077,0.9076923076923077,-1.0,-1.0
PM4_heatmap_speed2,2121129191,fragmented,4,44,54,0.8888888888888888,0.8888888888888888,-1.0,-1.0
PM4_heatmap_speed2,2121129191,fragmented,5,44,53,0.9245283018867925,0.9245283018867925,-1.0,-1.0
PM4_heatmap_speed2,2121129191,fragmented,6,44,59,0.9322033898305084,0.9322033898305084,-1.0,-1.0
PM4_heatmap_speed2,2121129191,fragmented,7,44,121,0.9173553719008265,0.9173553719008265,1.0,1.0
PM4_heatmap_speed2,2121129191,fragmented,8,44,23,0.782608695652174,0.782608695652174,-1.0,-1.0
PM4_heatmap_speed2,2121129191,fragmented,9,44,29,0.8275862068965517,0.8275862068965517,-1.0,-1.0
PM4_heatmap_speed2,2121129191,fragmented,10,44,90,0.9333333333333333,0.9333333333333333,-1.0,-1.0
PM4_heatmap_speed2,2121129191,fragmented,11,44,90,0.9,0.9,-1.0,-1.0
PM4_heatmap_speed2,2121129191,fragmented,12,44,25,0.84,0.84,1.0,1.0
PM4_heatmap_speed2,2121129191,fragmented,13,44,17,1.0,1.0,1.0,1.0
PM4_heatmap_speed2,2121129191,fragmented,14,44,72,0.9305555555555556,0.9305555555555556,1.0,1.0
PM4_heatmap_speed2,2121129191,fragmented,15,44,60,0.8833333333333333,0.8833333333333333,-1.0,-1.0
PM4_heatmap_speed2,2121129191,fragmented,16,44,94,0.925531914893617,0.925531914893617,1.0,1.0
PM4_heatmap_speed2,2121129191,fragmented,18,44,1,0.0,0.0,-1.0,-1.0
PM4_heatmap_speed2,2121129191,fragmented,19,44,35,0.9142857142857143,0.9142857142857143,1.0,1.0
PM4_heatmap_speed2,2121129191,fragmented,21,44,33,0.9090909090909091,0.9090909090909091,0.8,0.8
PM4_heatmap_speed2,2121129191,fragmented,22,44,181,0.9447513812154696,0.9447513812154696,0.9090909090909091,0.9090909090909091
PM4_heatmap_speed2,2121129191,fragmented,23,44,61,0.9016393442622951,0.9016393442622951,1.0,1.0
PM4_heatmap_speed2,2121129191,fragmented,24,44,90,0.8666666666666667,0.8666666666666667,0.8,0.8
PM4_heatmap_speed2,2121129191,fragmented,25,44,45,0.8444444444444444,0.8444444444444444,-1.0,-1.0
PM4_heatmap_speed2,2121129191,fragmented,27,44,5,0.6,0.6,-1.0,-1.0
PM4_heatmap_speed2,2121129191,fragmented,28,44,64,0.9375,0.9375,-1.0,-1.0
PM4_heatmap_speed2,2121129191,fragmented,29,44,20,0.85,0.85,-1.0,-1.0
PM4_heatmap_speed2,2121129191,fragmented,30,44,10,1.0,1.0,-1.0,-1.0
PM4_heatmap_speed2,2121129191,fragmented,31,44,6,0.6666666666666666,0.6666666666666666,-1.0,-1.0
PM4_heatmap_speed2,2121129191,fragmented,32,44,47,0.9148936170212766,0.9148936170212766,1.0,1.0
PM4_heatmap_speed2,2121129191,fragmented,33,44,7,0.8571428571428571,0.8571428571428571,-1.0,-1.0
PM4_heatmap_speed2,2121129191,fragmented,34,44,12,1.0,1.0,-1.0,-1.0
PM4_heatmap_speed2,2121129191,fragmented,35,44,19,0.6842105263157895,0.6842105263157895,-1.0,-1.0
PM4_heatmap_speed2,2121129191,fragmented,36,44,69,0.8985507246376812,0.8985507246376812,-1.0,-1.0
PM4_heatmap_speed2,2121129191,fragmented,37,44,35,0.8285714285714286,0.8285714285714286,0.0,0.0
PM4_heatmap_speed2,2121129191,fragmented,38,44,2,1.0,1.0,-1.0,-1.0
PM4_heatmap_speed2,2121129191,fragmented,40,44,29,0.8620689655172413,0.8620689655172413,-1.0,-1.0
PM4_heatmap_speed2,2121129191,fragmented,41,44,20,0.8,0.8,-1.0,-1.0
PM4_heatmap_speed2,2121129191,fragmented,42,44,3,0.6666666666666666,0.6666666666666666,-1.0,-1.0
PM4_heatmap_speed2,2121129191,fragmented,43,44,2,0.5,0.5,-1.0,-1.0
PM4_heatmap_speed2,2121129191,fragmented,44,44,7,0.7142857142857143,0.7142857142857143,-1.0,-1.0
PM4_heatmap_speed2,2121129191,fragmented,45,44,18,0.9444444444444444,0.9444444444444444,1.0,1.0
PM4_heatmap_speed2,2121129191,fragmented,46,44,17,0.8823529411764706,0.8823529411764706,1.0,1.0
PM4_heatmap_speed2,2121129191,fragmented,47,44,71,0.9154929577464789,0.9154929577464789,1.0,1.0
PM4_heatmap_speed2,2121129191,fragmented,48,44,25,0.92,0.92,1.0,1.0
PM4_heatmap_speed2,2121129191,fragmented,49,44,6,0.8333333333333334,0.8333333333333334,-1.0,-1.0
PM4_heatmap_speed2,2121129191,fragmented,0,45,98,0.9795918367346939,0.9795918367346939,-1.0,-1.0
PM4_heatmap_speed2,2121129191,fragmented,1,45,52,1.0,1.0,-1.0,-1.0
PM4_heatmap_speed2,2121129191,fragmented,2,45,45,0.9111111111111111,0.9111111111111111,-1.0,-1.0
PM4_heatmap_speed2,2121129191,fragmented,3,45,37,0.9459459459459459,0.9459459459459459,-1.0,-1.0
PM4_heatmap_speed2,2121129191,fragmented,5,45,53,0.9245283018867925,0.9245283018867925,-1.0,-1.0
PM4_heatmap_speed2,2121129191,fragmented,6,45,25,0.96,0.96,-1.0,-1.0
PM4_heatmap_speed2,2121129191,fragmented,7,45,62,0.8387096774193549,0.8387096774193549,-1.0,-1.0
PM4_heatmap_speed2,2121129191,fragmented,10,45,21,1.0,1.0,-1.0,-1.0
PM4_heatmap_speed2,2121129191,fragmented,11,45,57,1.0,1.0,-1.0,-1.0
PM4_heatmap_speed2,2121129191,fragmented,13,45,25,0.92,0.92,1.0,1.0
PM4_heatmap_speed2,2121129191,fragmented,14,45,32,0.96875,0.96875,-1.0,-1.0
PM4_heatmap_speed2,2121129191,fragmented,15,45,53,0.9245283018867925,0.9245283018867925,1.0,1.0
PM4_heatmap_speed2,2121129191,fragmented,16,45,145,0.9379310344827586,0.9379310344827586,0.9545454545454546,0.9545454545454546
PM4_heatmap_speed2,2121129191,fragmented,17,45,37,0.8918918918918919,0.8918918918918919,0.0,0.0
PM4_heatmap_speed2,2121129191,fragmented,18,45,11,0.9090909090909091,0.9090909090909091,-1.0,-1.0
PM4_heatmap_speed2,2121129191,fragmented,19,45,48,0.9583333333333334,0.9583333333333334,1.0,1.0
PM4_heatmap_speed2,2121129191,fragmented,20,45,4,1.0,1.0,-1.0,-1.0
PM4_heatmap_speed2,2121129191,fragmented,21,45,31,0.8387096774193549,0.8387096774193549,-1.0,-1.0
PM4_heatmap_speed2,2121129191,fragmented,22,45,35,0.8,0.8,-1.0,-1.0
PM4_heatmap_speed2,2121129191,fragmented,23,45,31,0.9032258064516129,0.9032258064516129,-1.0,-1.0
PM4_heatmap_speed2,2121129191,fragmented,24,45,127,0.9133858267716536,0.9133858267716536,0.9375,0.9375
PM4_heatmap_speed2,2121129191,fragmented,25,45,197,0.9086294416243654,0.9086294416243654,0.9444444444444444,0.9444444444444444
PM4_heatmap_speed2,2121129191,fragmented,26,45,61,0.9836065573770492,0.9836065573770492,1.0,1.0
PM4_heatmap_speed2,2121129191,fragmented,28,45,21,0.8571428571428571,0.8571428571428571,-1.0,-1.0
PM4_heatmap_speed2,2121129191,fragmented,30,45,2,1.0,1.0,-1.0,-1.0
PM4_heatmap_speed2,2121129191,fragmented,31,45,42,0.9285714285714286,0.9285714285714286,-1.0,-1.0
PM4_heatmap_speed2,2121129191,fragmented,32,45,9,0.8888888888888888,0.8888888888888888,1.0,1.0
PM4_heatmap_speed2,2121129191,fragmented,33,45,7,0.8571428571428571,0.8571428571428571,-1.0,-1.0
PM4_heatmap_speed2,2121129191,fragmented,34,45,9,0.6666666666666666,0.6666666666666666,-1.0,-1.0
PM4_heatmap_speed2,2121129191,fragmented,35,45,18,0.8888888888888888,0.8888888888888888,-1.0,-1.0
PM4_heatmap_speed2,2121129191,fragmented,37,45,36,0.9444444444444444,0.9444444444444444,-1.0,-1.0
PM4_heatmap_speed2,2121129191,fragmented,38,45,8,1.0,1.0,-1.0,-1.0
PM4_heatmap_speed2,2121129191,fragmented,41,45,14,0.8571428571428571,0.8571428571428571,1.0,1.0
PM4_heatmap_speed2,2121129191,fragmented,42,45,14,1.0,1.0,1.0,1.0
PM4_heatmap_speed2,2121129191,fragmented,43,45,6,1.0,1.0,1.0,1.0
PM4_heatmap_speed2,2121129191,fragmented,44,45,4,1.0,1.0,-1.0,-1.0
PM4_heatmap_speed2,2121129191,fragmented,45,45,5,0.8,0.8,-1.0,-1.0
PM4_heatmap_speed2,2121129191,fragmented,46,45,3,1.0,1.0,-1.0,-1.0
PM4_heatmap_speed2,2121129191,fragmented,47,45,46,0.8695652173913043,0.8695652173913043,-1.0,-1.0
PM4_heatmap_speed2,2121129191,fragmented,48,45,8,0.875,0.875,-1.0,-1.0
PM4_heatmap_speed2,2121129191,fragmented,0,46,32,0.96875,0.96875,-1.0,-1.0
PM4_heatmap_speed2,2121129191,fragmented,1,46,28,0.9285714285714286,0.9285714285714286,-1.0,-1.0
PM4_heatmap_speed2,2121129191,fragmented,2,46,15,1.0,1.0,-1.0,-1.0
PM4_heatmap_speed2,2121129191,fragmented,3,46,70,0.9142857142857143,0.9142857142857143,-1.0,-1.0
PM4_heatmap_speed2,2121129191,fragmented,4,46,35,0.8285714285714286,0.8285714285714286,-1.0,-1.0
PM4_heatmap_speed2,2121129191,fragmented,5,46,91,0.9230769230769231,0.9230769230769231,-1.0,-1.0
PM4_heatmap_speed2,2121129191,fragmented,6,46,29,0.8620689655172413,0.8620689655172413,-1.0,-1.0
PM4_heatmap_speed2,2121129191,fragmented,7,46,27,0.8888888888888888,0.8888888888888888,-1.0,-1.0
PM4_heatmap_speed2,2121129191,fragmented,8,46,5,1.0,1.0,-1.0,-1.0
PM4_heatmap_speed2,2121129191,fragmented,11,46,50,0.98,0.98,-1.0,-1.0
PM4_heatmap_speed2,2121129191,fragmented,13,46,100,0.93,0.93,-1.0,-1.0
PM4_heatmap_speed2,2121129191,fragmented,14,46,29,0.9655172413793104,0.9655172413793104,-1.0,-1.0
PM4_heatmap_speed2,2121129191,fragmented,16,46,37,0.8918918918918919,0.8918918918918919,-1.0,-1.0
PM4_heatmap_speed2,2121129191,fragmented,18,46,1,1.0,1.0,-1.0,-1.0
PM4_heatmap_speed2,2121129191,fragmented,19,46,200,0.95,0.95,0.9230769230769231,0.9230769230769231
PM4_heatmap_speed2,2121129191,fragmented,20,46,53,0.9245283018867925,0.9245283018867925,0.8,0.8
PM4_heatmap_speed2,2121129191,fragmented,25,46,115,0.8869565217391304,0.8869565217391304,0.6666666666666666,0.6666666666666666
PM4_heatmap_speed2,2121129191,fragmented,26,46,163,0.9263803680981595,0.9263803680981595,1.0,1.0
PM4_heatmap_speed2,2121129191,fragmented,27,46,64,0.90625,0.90625,1.0,1.0
PM4_heatmap_speed2,2121129191,fragmented,28,46,1,1.0,1.0,-1.0,-1.0
PM4_heatmap_speed2,2121129191,fragmented,29,46,4,0.5,0.5,-1.0,-1.0
PM4_heatmap_speed2,2121129191,fragmented,30,46,7,0.7142857142857143,0.7142857142857143,-1.0,-1.0
PM4_heatmap_speed2,2121129191,fragmented,31,46,16,0.8125,0.8125,-1.0,-1.0
PM4_heatmap_speed2,2121129191,fragmented,32,46,7,1.0,1.0,-1.0,-1.0
PM4_heatmap_speed2,2121129191,fragmented,33,46,10,0.8,0.8,-1.0,-1.0
PM4_heatmap_speed2,2121129191,fragmented,35,46,20,0.8,0.8,-1.0,-1.0
PM4_heatmap_speed2,2121129191,fragmented,36,46,14,1.0,1.0,-1.0,-1.0
PM4_heatmap_speed2,2121129191,fragmented,37,46,3,1.0,1.0,-1.0,-1.0
PM4_heatmap_speed2,2121129191,fragmented,38,46,17,1.0,1.0,-1.0,-1.0
PM4_heatmap_speed2,2121129191,fragmented,39,46,2,0.5,0.5,-1.0,-1.0
PM4_heatmap_speed2,2121129191,fragmented,40,46,13,0.8461538461538461,0.8461538461538461,1.0,1.0
PM4_heatmap_speed2,2121129191,fragmented,41,46,23,0.8695652173913043,0.8695652173913043,1.0,1.0
PM4_heatmap_speed2,2121129191,fragmented,42,46,6,1.0,1.0,1.0,1.0
PM4_heatmap_speed2,2121129191,fragmented,43,46,1,1.0,1.0,-1.0,-1.0
PM4_heatmap_speed2,2121129191,fragmented,44,46,2,1.0,1.0,-1.0,-1.0
PM4_heatmap_speed2,2121129191,fragmented,46,46,33,0.9393939393939394,0.9393939393939394,-1.0,-1.0
PM4_heatmap_speed2,2121129191,fragmented,47,46,3,1.0,1.0,-1.0,-1.0
PM4_heatmap_speed2,2121129191,fragmented,48,46,10,1.0,1.0,-1.0,-1.0
PM4_heatmap_speed2,2121129191,fragmented,49,46,10,1.0,1.0,-1.0,-1.0
PM4_heatmap_speed2,2121129191,fragmented,0,47,65,1.0,1.0,-1.0,-1.0
PM4_heatmap_speed2,2121129191,fragmented,1,47,50,0.96,0.96,-1.0,-1.0
PM4_heatmap_speed2,2121129191,fragmented,2,47,55,0.9454545454545454,0.9454545454545454,-1.0,-1.0
PM4_heatmap_speed2,2121129191,fragmented,3,47,99,0.9090909090909091,0.9090909090909091,-1.0,-1.0
PM4_heatmap_speed2,2121129191,fragmented,4,47,53,0.9622641509433962,0.9622641509433962,-1.0,-1.0
PM4_heatmap_speed2,2121129191,fragmented,5,47,131,0.916030534351145,0.916030534351145,-1.0,-1.0
PM4_heatmap_speed2,2121129191,fragmented,6,47,56,0.9464285714285714,0.9464285714285714,-1.0,-1.0
PM4_heatmap_speed2,2121129191,fragmented,7,47,11,1.0,1.0,-1.0,-1.0
PM4_heatmap_speed2,2121129191,fragmented,8,47,27,0.9629629629629629,0.9629629629629629,-1.0,-1.0
PM4_heatmap_speed2,2121129191,fragmented,9,47,48,0.9791666666666666,0.9791666666666666,-1.0,-1.0
PM4_heatmap_speed2,2121129191,fragmented,10,47,11,1.0,1.0,-1.0,-1.0
PM4_heatmap_speed2,2121129191,fragmented,11,47,100,0.96,0.96,-1.0,-1.0
PM4_heatmap_speed2,2121129191,fragmented,12,47,115,0.9391304347826087,0.9391304347826087,1.0,1.0
PM4_heatmap_speed2,2121129191,fragmented,13,47,93,0.8924731182795699,0.8924731182795699,1.0,1.0
PM4_heatmap_speed2,2121129191,fragmented,14,47,70,0.9285714285714286,0.9285714285714286,-1.0,-1.0
PM4_heatmap_speed2,2121129191,fragmented,15,47,79,0.9113924050632911,0.9113924050632911,1.0,1.0
PM4_heatmap_speed2,2121129191,fragmented,16,47,53,0.8867924528301887,0.8867924528301887,-1.0,-1.0
PM4_heatmap_speed2,2121129191,fragmented,19,47,139,0.9784172661870504,0.9784172661870504,1.0,1.0
PM4_heatmap_speed2,2121129191,fragmented,20,47,264,0.9621212121212122,0.9621212121212122,1.0,1.0
PM4_heatmap_speed2,2121129191,fragmented,21,47,79,0.9620253164556962,0.9620253164556962,-1.0,-1.0
PM4_heatmap_speed2,2121129191,fragmented,22,47,38,0.9736842105263158,0.9736842105263158,1.0,1.0
PM4_heatmap_speed2,2121129191,fragmented,24,47,54,0.9074074074074074,0.9074074074074074,-1.0,-1.0
PM4_heatmap_speed2,2121129191,fragmented,25,47,160,0.925,0.925,-1.0,-1.0
PM4_heatmap_speed2,2121129191,fragmented,26,47,104,0.9519230769230769,0.9519230769230769,1.0,1.0
PM4_heatmap_speed2,2121129191,fragmented,27,47,100,0.93,0.93,1.0,1.0
PM4_heatmap_speed2,2121129191,fragmented,28,47,2,1.0,1.0,-1.0,-1.0
PM4_heatmap_speed2,2121129191,fragmented,29,47,10,1.0,1.0,-1.0,-1.0
PM4_heatmap_speed2,2121129191,fragmented,30,47,6,1.0,1.0,-1.0,-1.0
PM4_heatmap_speed2,2121129191,fragmented,31,47,4,0.75,0.75,-1.0,-1.0
PM4_heatmap_speed2,2121129191,fragmented,32,47,41,0.8536585365853658,0.8536585365853658,-1.0,-1.0
PM4_heatmap_speed2,2121129191,fragmented,33,47,35,0.8857142857142857,0.8857142857142857,-1.0,-1.0
PM4_heatmap_speed2,2121129191,fragmented,34,47,9,0.7777777777777778,0.7777777777777778,-1.0,-1.0
PM4_heatmap_speed2,2121129191,fragmented,35,47,5,1.0,1.0,-1.0,-1.0
PM4_heatmap_speed2,2121129191,fragmented,36,47,35,0.9428571428571428,0.9428571428571428,-1.0,-1.0
PM4_heatmap_speed2,2121129191,fragmented,37,47,34,1.0,1.0,1.0,1.0
PM4_heatmap_speed2,2121129191,fragmented,38,47,11,1.0,1.0,-1.0,-1.0
PM4_heatmap_speed2,2121129191,fragmented,40,47,15,0.8666666666666667,0.8666666666666667,1.0,1.0
PM4_heatmap_speed2,2121129191,fragmented,41,47,14,1.0,1.0,1.0,1.0
PM4_heatmap_speed2,2121129191,fragmented,42,47,6,1.0,1.0,-1.0,-1.0
PM4_heatmap_speed2,2121129191,fragmented,43,47,5,1.0,1.0,-1.0,-1.0
PM4_heatmap_speed2,2121129191,fragmented,44,47,11,0.9090909090909091,0.9090909090909091,-1.0,-1.0
PM4_heatmap_speed2,2121129191,fragmented,45,47,24,0.9166666666666666,0.9166666666666666,-1.0,-1.0
PM4_heatmap_speed2,2121129191,fragmented,46,47,36,0.9722222222222222,0.9722222222222222,-1.0,-1.0
PM4_heatmap_speed2,2121129191,fragmented,47,47,3,1.0,1.0,-1.0,-1.0
PM4_heatmap_speed2,2121129191,fragmented,48,47,1,1.0,1.0,-1.0,-1.0
PM4_heatmap_speed2,2121129191,fragmented,49,47,9,1.0,1.0,-1.0,-1.0
PM4_heatmap_speed2,2121129191,fragmented,0,48,30,1.0,1.0,-1.0,-1.0
PM4_heatmap_speed2,2121129191,fragmented,2,48,43,0.9302325581395349,0.9302325581395349,-1.0,-1.0
PM4_heatmap_speed2,2121129191,fragmented,3,48,39,0.9487179487179487,0.9487179487179487,-1.0,-1.0
PM4_heatmap_speed2,2121129191,fragmented,4,48,63,0.9047619047619048,0.9047619047619048,-1.0,-1.0
PM4_heatmap_speed2,2121129191,fragmented,5,48,90,0.9777777777777777,0.9777777777777777,-1.0,-1.0
PM4_heatmap_speed2,2121129191,fragmented,6,48,60,0.9666666666666667,0.9666666666666667,-1.0,-1.0
PM4_heatmap_speed2,2121129191,fragmented,7,48,48,0.9583333333333334,0.9583333333333334,-1.0,-1.0
PM4_heatmap_speed2,2121129191,fragmented,8,48,33,0.9393939393939394,0.9393939393939394,-1.0,-1.0
PM4_heatmap_speed2,2121129191,fragmented,9,48,7,1.0,1.0,-1.0,-1.0
PM4_heatmap_speed2,2121129191,fragmented,11,48,105,0.9904761904761905,0.9904761904761905,-1.0,-1.0
PM4_heatmap_speed2,2121129191,fragmented,12,48,50,0.92,0.92,-1.0,-1.0
PM4_heatmap_speed2,2121129191,fragmented,13,48,51,0.9803921568627451,0.9803921568627451,1.0,1.0
PM4_heatmap_speed2,2121129191,fragmented,15,48,54,0.9259259259259259,0.9259259259259259,1.0,1.0
PM4_heatmap_speed2,2121129191,fragmented,16,48,41,0.926829268292683,0.926829268292683,-1.0,-1.0
PM4_heatmap_speed2,2121129191,fragmented,18,48,27,1.0,1.0,1.0,1.0
PM4_heatmap_speed2,2121129191,fragmented,19,48,128,0.984375,0.984375,1.0,1.0
PM4_heatmap_speed2,2121129191,fragmented,20,48,68,0.9852941176470589,0.9852941176470589,1.0,1.0
PM4_heatmap_speed2,2121129191,fragmented,21,48,33,0.9696969696969697,0.9696969696969697,-1.0,-1.0
PM4_heatmap_speed2,2121129191,fragmented,22,48,45,0.9777777777777777,0.9777777777777777,1.0,1.0
PM4_heatmap_speed2,2121129191,fragmented,23,48,25,0.96,0.96,1.0,1.0
PM4_heatmap_speed2,2121129191,fragmented,24,48,79,0.9620253164556962,0.9620253164556962,1.0,1.0
PM4_heatmap_speed2,2121129191,fragmented,25,48,75,0.9466666666666667,0.9466666666666667,1.0,1.0
PM4_heatmap_speed2,2121129191,fragmented,27,48,49,0.9183673469387755,0.9183673469387755,1.0,1.0
PM4_heatmap_speed2,2121129191,fragmented,30,48,10,0.8,0.8,-1.0,-1.0
PM4_heatmap_speed2,2121129191,fragmented,32,48,7,0.7142857142857143,0.7142857142857143,-1.0,-1.0
PM4_heatmap_speed2,2121129191,fragmented,36,48,45,0.9333333333333333,0.9333333333333333,1.0,1.0
PM4_heatmap_speed2,2121129191,fragmented,37,48,6,0.8333333333333334,0.8333333333333334,-1.0,-1.0
PM4_heatmap_speed2,2121129191,fragmented,38,48,20,0.9,0.9,-1.0,-1.0
PM4_heatmap_speed2,2121129191,fragmented,40,48,27,0.8518518518518519,0.8518518518518519,0.8333333333333334,0.8333333333333334
PM4_heatmap_speed2,2121129191,fragmented,43,48,7,0.7142857142857143,0.7142857142857143,-1.0,-1.0
PM4_heatmap_speed2,2121129191,fragmented,44,48,6,0.8333333333333334,0.8333333333333334,-1.0,-1.0
PM4_heatmap_speed2,2121129191,fragmented,46,48,26,1.0,1.0,-1.0,-1.0
PM4_heatmap_speed2,2121129191,fragmented,49,48,5,1.0,1.0,-1.0,-1.0
PM4_heatmap_speed2,2121129191,fragmented,2,49,9,1.0,1.0,-1.0,-1.0
PM4_heatmap_speed2,2121129191,fragmented,5,49,12,1.0,1.0,-1.0,-1.0
PM4_heatmap_speed2,2121129191,fragmented,6,49,80,0.9625,0.9625,-1.0,-1.0
PM4_heatmap_speed2,2121129191,fragmented,7,49,103,1.0,1.0,-1.0,-1.0
PM4_heatmap_speed2,2121129191,fragmented,8,49,29,1.0,1.0,-1.0,-1.0
PM4_heatmap_speed2,2121129191,fragmented,9,49,2,1.0,1.0,-1.0,-1.0
PM4_heatmap_speed2,2121129191,fragmented,13,49,28,0.9642857142857143,0.9642857142857143,-1.0,-1.0
PM4_heatmap_speed2,2121129191,fragmented,14,49,42,0.9047619047619048,0.9047619047619048,-1.0,-1.0
PM4_heatmap_speed2,2121129191,fragmented,15,49,60,0.9166666666666666,0.9166666666666666,-1.0,-1.0
PM4_heatmap_speed2,2121129191,fragmented,16,49,10,1.0,1.0,-1.0,-1.0
PM4_heatmap_speed2,2121129191,fragmented,21,49,21,1.0,1.0,-1.0,-1.0
PM4_heatmap_speed2,2121129191,fragmented,24,49,17,0.8823529411764706,0.8823529411764706,1.0,1.0
PM4_heatmap_speed2,2121129191,fragmented,25,49,49,0.9795918367346939,0.9795918367346939,-1.0,-1.0
PM4_heatmap_speed2,2121129191,fragmented,27,49,40,0.85,0.85,-1.0,-1.0
PM4_heatmap_speed2,2121129191,fragmented,28,49,23,0.8695652173913043,0.8695652173913043,-1.0,-1.0
PM4_heatmap_speed2,2121129191,fragmented,29,49,17,0.8235294117647058,0.8235294117647058,-1.0,-1.0
PM4_heatmap_speed2,2121129191,fragmented,30,49,26,0.8461538461538461,0.8461538461538461,-1.0,-1.0
PM4_heatmap_speed2,2121129191,fragmented,31,49,17,0.9411764705882353,0.9411764705882353,-1.0,-1.0
PM4_heatmap_speed2,2121129191,fragmented,32,49,4,0.5,0.5,-1.0,-1.0
PM4_heatmap_speed2,2121129191,fragmented,35,49,8,1.0,1.0,-1.0,-1.0
PM4_heatmap_speed2,2121129191,fragmented,36,49,1,1.0,1.0,-1.0,-1.0
PM4_heatmap_speed2,2121129191,fragmented,37,49,8,0.875,0.875,-1.0,-1.0
PM4_heatmap_speed2,2121129191,fragmented,38,49,19,0.8947368421052632,0.8947368421052632,-1.0,-1.0
PM4_heatmap_speed2,2121129191,fragmented,39,49,24,0.875,0.875,-1.0,-1.0
PM4_heatmap_speed2,2121129191,fragmented,40,49,45,0.8444444444444444,0.8444444444444444,0.6666666666666666,0.6666666666666666
PM4_heatmap_speed2,2121129191,fragmented,41,49,17,0.9411764705882353,0.9411764705882353,-1.0,-1.0
PM4_heatmap_speed2,2121129191,fragmented,42,49,12,1.0,1.0,-1.0,-1.0
PM4_heatmap_speed2,2121129191,fragmented,43,49,32,0.90625,0.90625,-1.0,-1.0
PM4_heatmap_speed2,2121129191,fragmented,44,49,35,0.9428571428571428,0.9428571428571428,-1.0,-1.0
PM4_heatmap_speed2,2121129191,fragmented,45,49,29,0.9655172413793104,0.9655172413793104,-1.0,-1.0
PM4_heatmap_speed2,2121129191,fragmented,46,49,15,1.0,1.0,-1.0,-1.0
PM4_heatmap_speed2,2121129191,connected,3,0,44,0.9318181818181818,0.9318181818181818,0.6666666666666666,0.6666666666666666
PM4_heatmap_speed2,2121129191,connected,4,0,21,0.8571428571428571,0.8571428571428571,-1.0,-1.0
PM4_heatmap_speed2,2121129191,connected,5,0,16,1.0,1.0,-1.0,-1.0
PM4_heatmap_speed2,2121129191,connected,6,0,10,0.8,0.8,-1.0,-1.0
PM4_heatmap_speed2,2121129191,connected,7,0,16,0.9375,0.9375,-1.0,-1.0
PM4_heatmap_speed2,2121129191,connected,8,0,52,0.9615384615384616,0.9615384615384616,1.0,1.0
PM4_heatmap_speed2,2121129191,connected,9,0,48,0.9583333333333334,0.9583333333333334,1.0,1.0
PM4_heatmap_speed2,2121129191,connected,10,0,31,0.9354838709677419,0.9354838709677419,1.0,1.0
PM4_heatmap_speed2,2121129191,connected,11,0,35,0.8857142857142857,0.8857142857142857,-1.0,-1.0
PM4_heatmap_speed2,2121129191,connected,12,0,20,0.9,0.9,-1.0,-1.0
PM4_heatmap_speed2,2121129191,connected,13,0,47,0.9148936170212766,0.9148936170212766,-1.0,-1.0
PM4_heatmap_speed2,2121129191,connected,14,0,58,0.9137931034482759,0.9137931034482759,-1.0,-1.0
PM4_heatmap_speed2,2121129191,connected,15,0,76,0.9473684210526315,0.9473684210526315,-1.0,-1.0
PM4_heatmap_speed2,2121129191,connected,16,0,77,0.948051948051948,0.948051948051948,-1.0,-1.0
PM4_heatmap_speed2,2121129191,connected,17,0,58,0.9482758620689655,0.9482758620689655,-1.0,-1.0
PM4_heatmap_speed2,2121129191,connected,18,0,17,0.9411764705882353,0.9411764705882353,-1.0,-1.0
PM4_heatmap_speed2,2121129191,connected,19,0,12,0.9166666666666666,0.9166666666666666,-1.0,-1.0
PM4_heatmap_speed2,2121129191,connected,21,0,9,1.0,1.0,-1.0,-1.0
PM4_heatmap_speed2,2121129191,connected,22,0,29,0.9655172413793104,0.9655172413793104,-1.0,-1.0
PM4_heatmap_speed2,2121129191,connected,23,0,29,0.9310344827586207,0.9310344827586207,-1.0,-1.0
PM4_heatmap_speed2,2121129191,connected,24,0,27,0.8888888888888888,0.8888888888888888,-1.0,-1.0
PM4_heatmap_speed2,2121129191,connected,25,0,56,0.875,0.875,-1.0,-1.0
PM4_heatmap_speed2,2121129191,connected,26,0,56,0.875,0.875,-1.0,-1.0
PM4_heatmap_speed2,2121129191,connected,27,0,28,0.9642857142857143,0.9642857142857143,-1.0,-1.0
PM4_heatmap_speed2,2121129191,connected,29,0,9,0.8888888888888888,0.8888888888888888,-1.0,-1.0
PM4_heatmap_speed2,2121129191,connected,30,0,29,0.9655172413793104,0.9655172413793104,-1.0,-1.0
PM4_heatmap_speed2,2121129191,connected,31,0,45,0.9555555555555556,0.9555555555555556,-1.0,-1.0
PM4_heatmap_speed2,2121129191,connected,32,0,31,0.9354838709677419,0.9354838709677419,-1.0,-1.0
PM4_heatmap_speed2,2121129191,connected,33,0,26,0.8846153846153846,0.8846153846153846,-1.0,-1.0
PM4_heatmap_speed2,2121129191,connected,34,0,13,1.0,1.0,-1.0,-1.0
PM4_heatmap_speed2,2121129191,connected,35,0,22,0.9545454545454546,0.9545454545454546,-1.0,-1.0
PM4_heatmap_speed2,2121129191,connected,36,0,30,0.9333333333333333,0.9333333333333333,-1.0,-1.0
PM4_heatmap_speed2,2121129191,connected,37,0,19,0.7894736842105263,0.7894736842105263,-1.0,-1.0
PM4_heatmap_speed2,2121129191,connected,38,0,30,0.8333333333333334,0.8333333333333334,1.0,1.0
PM4_heatmap_speed2,2121129191,connected,39,0,24,0.9583333333333334,0.9583333333333334,1.0,1.0
PM4_heatmap_speed2,2121129191,connected,40,0,7,0.7142857142857143,0.7142857142857143,1.0,1.0
PM4_heatmap_speed2,2121129191,connected,41,0,20,0.9,0.9,1.0,1.0
PM4_heatmap_speed2,2121129191,connected,42,0,26,0.9615384615384616,0.9615384615384616,1.0,1.0
PM4_heatmap_speed2,2121129191,connected,43,0,16,0.9375,0.9375,1.0,1.0
PM4_heatmap_speed2,2121129191,connected,44,0,27,0.9259259259259259,0.9259259259259259,1.0,1.0
PM4_heatmap_speed2,2121129191,connected,46,0,5,1.0,1.0,-1.0,-1.0
PM4_heatmap_speed2,2121129191,connected,47,0,28,1.0,1.0,-1.0,-1.0
PM4_heatmap_speed2,2121129191,connected,48,0,57,1.0,1.0,-1.0,-1.0
PM4_heatmap_speed2,2121129191,connected,49,0,35,1.0,1.0,-1.0,-1.0
PM4_heatmap_speed2,2121129191,connected,2,1,50,0.98,0.98,1.0,1.0
PM4_heatmap_speed2,2121129191,connected,3,1,82,0.9390243902439024,0.9390243902439024,0.5,0.5
PM4_heatmap_speed2,2121129191,connected,5,1,16,0.8125,0.8125,-1.0,-1.0
PM4_heatmap_speed2,2121129191,connected,6,1,13,0.6923076923076923,0.6923076923076923,-1.0,-1.0
PM4_heatmap_speed2,2121129191,connected,7,1,46,0.8695652173913043,0.8695652173913043,-1.0,-1.0
PM4_heatmap_speed2,2121129191,connected,8,1,33,0.9090909090909091,0.9090909090909091,-1.0,-1.0
PM4_heatmap_speed2,2121129191,connected,9,1,30,0.9333333333333333,0.9333333333333333,1.0,1.0
PM4_heatmap_speed2,2121129191,connected,11,1,28,0.8928571428571429,0.8928571428571429,-1.0,-1.0
PM4_heatmap_speed2,2121129191,connected,13,1,26,0.9230769230769231,0.9230769230769231,-1.0,-1.0
PM4_heatmap_speed2,2121129191,connected,14,1,16,0.875,0.875,-1.0,-1.0
PM4_heatmap_speed2,2121129191,connected,15,1,3,1.0,1.0,-1.0,-1.0
PM4_heatmap_speed2,2121129191,connected,16,1,21,0.7619047619047619,0.7619047619047619,-1.0,-1.0
PM4_heatmap_speed2,2121129191,connected,17,1,37,0.8648648648648649,0.8648648648648649,-1.0,-1.0
PM4_heatmap_speed2,2121129191,connected,19,1,6,0.8333333333333334,0.8333333333333334,-1.0,-1.0
PM4_heatmap_speed2,2121129191,connected,21,1,17,0.8235294117647058,0.8235294117647058,-1.0,-1.0
PM4_heatmap_speed2,2121129191,connected,22,1,21,0.9523809523809523,0.9523809523809523,1.0,1.0
PM4_heatmap_speed2,2121129191,connected,24,1,27,0.8888888888888888,0.8888888888888888,-1.0,-1.0
PM4_heatmap_speed2,2121129191,connected,25,1,7,0.8571428571428571,0.8571428571428571,-1.0,-1.0
PM4_heatmap_speed2,2121129191,connected,26,1,71,0.8309859154929577,0.8309859154929577,0.0,0.0
PM4_heatmap_speed2,2121129191,connected,27,1,63,0.9365079365079365,0.9365079365079365,-1.0,-1.0
PM4_heatmap_speed2,2121129191,connected,30,1,26,0.7692307692307693,0.7692307692307693,-1.0,-1.0
PM4_heatmap_speed2,2121129191,connected,32,1,69,0.855072463768116,0.855072463768116,-1.0,-1.0
PM4_heatmap_speed2,2121129191,connected,33,1,51,0.9411764705882353,0.9411764705882353,-1.0,-1.0
PM4_heatmap_speed2,2121129191,connected,35,1,8,0.875,0.875,-1.0,-1.0
PM4_heatmap_speed2,2121129191,connected,36,1,18,0.8888888888888888,0.8888888888888888,1.0,1.0
PM4_heatmap_speed2,2121129191,connected,37,1,2,1.0,1.0,-1.0,-1.0
PM4_heatmap_speed2,2121129191,connected,38,1,14,1.0,1.0,1.0,1.0
PM4_heatmap_speed2,2121129191,connected,39,1,23,0.9130434782608695,0.9130434782608695,1.0,1.0
PM4_heatmap_speed2,2121129191,connected,40,1,2,1.0,1.0,1.0,1.0
PM4_heatmap_speed2,2121129191,connected,41,1,16,0.875,0.875,0.8181818181818182,0.8181818181818182
PM4_heatmap_speed2,2121129191,connected,43,1,13,1.0,1.0,1.0,1.0
PM4_heatmap_speed2,2121129191,connected,44,1,12,1.0,1.0,1.0,1.0
PM4_heatmap_speed2,2121129191,connected,45,1,7,1.0,1.0,1.0,1.0
PM4_heatmap_speed2,2121129191,connected,47,1,31,1.0,1.0,-1.0,-1.0
PM4_heatmap_speed2,2121129191,connected,49,1,47,1.0,1.0,-1.0,-1.0
PM4_heatmap_speed2,2121129191,connected,0,2,2,1.0,1.0,-1.0,-1.0
PM4_heatmap_speed2,2121129191,connected,2,2,32,1.0,1.0,1.0,1.0
PM4_heatmap_speed2,2121129191,connected,3,2,107,0.9252336448598131,0.9252336448598131,0.8571428571428571,0.8571428571428571
PM4_heatmap_speed2,2121129191,connected,4,2,44,0.8863636363636364,0.8863636363636364,-1.0,-1.0
PM4_heatmap_speed2,2121129191,connected,5,2,37,0.9459459459459459,0.9459459459459459,-1.0,-1.0
PM4_heatmap_speed2,2121129191,connected,6,2,29,0.9655172413793104,0.9655172413793104,-1.0,-1.0
PM4_heatmap_speed2,2121129191,connected,7,2,26,0.8076923076923077,0.8076923076923077,-1.0,-1.0
PM4_heatmap_speed2,2121129191,connected,8,2,59,0.9491525423728814,0.9491525423728814,-1.0,-1.0
PM4_heatmap_speed2,2121129191,connected,9,2,90,0.8777777777777778,0.8777777777777778,0.6666666666666666,0.6666666666666666
PM4_heatmap_speed2,2121129191,connected,10,2,47,0.8297872340425532,0.8297872340425532,1.0,1.0
PM4_heatmap_speed2,2121129191,connected,11,2,35,0.8571428571428571,0.8571428571428571,-1.0,-1.0
PM4_heatmap_speed2,2121129191,connected,12,2,14,0.6428571428571429,0.6428571428571429,-1.0,-1.0
PM4_heatmap_speed2,2121129191,connected,13,2,32,0.8125,0.8125,-1.0,-1.0
PM4_heatmap_speed2,2121129191,connected,14,2,15,0.8,0.8,-1.0,-1.0
PM4_heatmap_speed2,2121129191,connected,15,2,13,0.6923076923076923,0.6923076923076923,-1.0,-1.0
PM4_heatmap_speed2,2121129191,connected,16,2,49,0.8979591836734694,0.8979591836734694,-1.0,-1.0
PM4_heatmap_speed2,2121129191,connected,17,2,54,0.9444444444444444,0.9444444444444444,-1.0,-1.0
PM4_heatmap_speed2,2121129191,connected,18,2,48,0.8125,0.8125,-1.0,-1.0
PM4_heatmap_speed2,2121129191,connected,19,2,55,0.9090909090909091,0.9090909090909091,-1.0,-1.0
PM4_heatmap_speed2,2121129191,connected,20,2,30,0.8333333333333334,0.8333333333333334,-1.0,-1.0
PM4_heatmap_speed2,2121129191,connected,21,2,65,0.8615384615384616,0.8615384615384616,1.0,1.0
PM4_heatmap_speed2,2121129191,connected,22,2,74,0.8783783783783784,0.8783783783783784,1.0,1.0
PM4_heatmap_speed2,2121129191,connected,23,2,27,0.8148148148148148,0.8148148148148148,-1.0,-1.0
PM4_heatmap_speed2,2121129191,connected,24,2,67,0.8805970149253731,0.8805970149253731,-1.0,-1.0
PM4_heatmap_speed2,2121129191,connected,25,2,41,0.8292682926829268,0.8292682926829268,-1.0,-1.0
PM4_heatmap_speed2,2121129191,connected,26,2,34,0.8529411764705882,0.8529411764705882,0.0,0.0
PM4_heatmap_speed2,2121129191,connected,27,2,15,0.9333333333333333,0.9333333333333333,-1.0,-1.0
PM4_heatmap_speed2,2121129191,connected,28,2,32,0.78125,0.78125,1.0,1.0
PM4_heatmap_speed2,2121129191,connected,29,2,27,0.8518518518518519,0.8518518518518519,1.0,1.0
PM4_heatmap_speed2,2121129191,connected,30,2,35,0.9428571428571428,0.9428571428571428,1.0,1.0
PM4_heatmap_speed2,2121129191,connected,31,2,8,1.0,1.0,-1.0,-1.0
PM4_heatmap_speed2,2121129191,connected,32,2,52,0.9615384615384616,0.9615384615384616,-1.0,-1.0
PM4_heatmap_speed2,2121129191,connected,33,2,42,0.9285714285714286,0.9285714285714286,-1.0,-1.0
PM4_heatmap_speed2,2121129191,connected,34,2,9,0.6666666666666666,0.6666666666666666,-1.0,-1.0
PM4_heatmap_speed2,2121129191,connected,35,2,22,0.7727272727272727,0.7727272727272727,1.0,1.0
PM4_heatmap_speed2,2121129191,connected,36,2,31,0.7419354838709677,0.7419354838709677,0.5,0.5
PM4_heatmap_speed2,2121129191,connected,37,2,56,0.9464285714285714,0.9464285714285714,1.0,1.0
PM4_heatmap_speed2,2121129191,connected,39,2,6,0.8333333333333334,0.8333333333333334,0.6666666666666666,0.6666666666666666
PM4_heatmap_speed2,2121129191,connected,40,2,26,0.8076923076923077,0.8076923076923077,0.7333333333333333,0.7333333333333333
PM4_heatmap_speed2,2121129191,connected,41,2,19,0.8947368421052632,0.8947368421052632,0.8571428571428571,0.8571428571428571
PM4_heatmap_speed2,2121129191,connected,42,2,12,0.75,0.75,1.0,1.0
PM4_heatmap_speed2,2121129191,connected,43,2,36,0.8055555555555556,0.8055555555555556,0.9,0.9
PM4_heatmap_speed2,2121129191,connected,44,2,27,0.8148148148148148,0.8148148148148148,0.5,0.5
PM4_heatmap_speed2,2121129191,connected,45,2,27,0.9259259259259259,0.9259259259259259,1.0,1.0
PM4_heatmap_speed2,2121129191,connected,46,2,3,1.0,1.0,-1.0,-1.0
PM4_heatmap_speed2,2121129191,connected,47,2,56,0.9821428571428571,0.9821428571428571,-1.0,-1.0
PM4_heatmap_speed2,2121129191,connected,48,2,46,0.9782608695652174,0.9782608695652174,-1.0,-1.0
PM4_heatmap_speed2,2121129191,connected,49,2,48,1.0,1.0,-1.0,-1.0
PM4_heatmap_speed2,2121129191,connected,0,3,10,1.0,1.0,1.0,1.0
PM4_heatmap_speed2,2121129191,connected,1,3,6,1.0,1.0,1.0,1.0
PM4_heatmap_speed2,2121129191,connected,2,3,8,0.875,0.875,-1.0,-1.0
PM4_heatmap_speed2,2121129191,connected,3,3,7,0.7142857142857143,0.7142857142857143,0.75,0.75
PM4_heatmap_speed2,2121129191,connected,5,3,38,0.9473684210526315,0.9473684210526315,1.0,1.0
PM4_heatmap_speed2,2121129191,connected,6,3,26,0.9230769230769231,0.9230769230769231,1.0,1.0
PM4_heatmap_speed2,2121129191,connected,7,3,50,0.94,0.94,1.0,1.0
PM4_heatmap_speed2,2121129191,connected,8,3,65,0.9076923076923077,0.9076923076923077,1.0,1.0
PM4_heatmap_speed2,2121129191,connected,9,3,41,0.8536585365853658,0.8536585365853658,1.0,1.0
PM4_heatmap_speed2,2121129191,connected,10,3,59,0.8305084745762712,0.8305084745762712,1.0,1.0
PM4_heatmap_speed2,2121129191,connected,11,3,20,0.75,0.75,-1.0,-1.0
PM4_heatmap_speed2,2121129191,connected,12,3,23,0.9130434782608695,0.9130434782608695,-1.0,-1.0
PM4_heatmap_speed2,2121129191,connected,13,3,27,0.9259259259259259,0.9259259259259259,-1.0,-1.0
PM4_heatmap_speed2,2121129191,connected,14,3,4,0.5,0.5,-1.0,-1.0
PM4_heatmap_speed2,2121129191,connected,16,3,23,1.0,1.0,-1.0,-1.0
PM4_heatmap_speed2,2121129191,connected,17,3,38,0.868421052631579,0.868421052631579,-1.0,-1.0
PM4_heatmap_speed2,2121129191,connected,19,3,24,0.75,0.75,-1.0,-1.0
PM4_heatmap_speed2,2121129191,connected,21,3,62,0.8064516129032258,0.8064516129032258,-1.0,-1.0
PM4_heatmap_speed2,2121129191,connected,22,3,102,0.8725490196078431,0.8725490196078431,-1.0,-1.0
PM4_heatmap_speed2,2121129191,connected,23,3,36,0.75,0.75,-1.0,-1.0
PM4_heatmap_speed2,2121129191,connected,24,3,21,0.7619047619047619,0.7619047619047619,-1.0,-1.0
PM4_heatmap_speed2,2121129191,connected,25,3,30,0.9,0.9,1.0,1.0
PM4_heatmap_speed2,2121129191,connected,26,3,35,0.9714285714285714,0.9714285714285714,-1.0,-1.0
PM4_heatmap_speed2,2121129191,connected,27,3,46,0.8695652173913043,0.8695652173913043,1.0,1.0
PM4_heatmap_speed2,2121129191,connected,28,3,87,0.8735632183908046,0.8735632183908046,0.8333333333333334,0.8333333333333334
PM4_heatmap_speed2,2121129191,connected,29,3,17,1.0,1.0,1.0,1.0
PM4_heatmap_speed2,2121129191,connected,30,3,23,0.9565217391304348,0.9565217391304348,-1.0,-1.0
PM4_heatmap_speed2,2121129191,connected,31,3,54,0.8888888888888888,0.8888888888888888,1.0,1.0
PM4_heatmap_speed2,2121129191,connected,32,3,32,0.90625,0.90625,1.0,1.0
PM4_heatmap_speed2,2121129191,connected,33,3,33,0.8181818181818182,0.8181818181818182,-1.0,-1.0
PM4_heatmap_speed2,2121129191,connected,34,3,68,0.7794117647058824,0.7794117647058824,1.0,1.0
PM4_heatmap_speed2,2121129191,connected,35,3,18,0.7777777777777778,0.7777777777777778,1.0,1.0
PM4_heatmap_speed2,2121129191,connected,36,3,18,0.8333333333333334,0.8333333333333334,0.0,0.0
PM4_heatmap_speed2,2121129191,connected,39,3,16,0.8125,0.8125,-1.0,-1.0
PM4_heatmap_speed2,2121129191,connected,40,3,5,1.0,1.0,-1.0,-1.0
PM4_heatmap_speed2,2121129191,connected,41,3,3,0.6666666666666666,0.6666666666666666,1.0,1.0
PM4_heatmap_speed2,2121129191,connected,42,3,14,0.8571428571428571,0.8571428571428571,0.8333333333333334,0.8333333333333334
PM4_heatmap_speed2,2121129191,connected,43,3,33,0.9696969696969697,0.9696969696969697,1.0,1.0
PM4_heatmap_speed2,2121129191,connected,44,3,68,0.8382352941176471,0.8382352941176471,0.6,0.6
PM4_heatmap_speed2,2121129191,connected,45,3,16,0.625,0.625,0.0,0.0
PM4_heatmap_speed2,2121129191,connected,46,3,2,1.0,1.0,-1.0,-1.0
PM4_heatmap_speed2,2121129191,connected,47,3,20,0.8,0.8,-1.0,-1.0
PM4_heatmap_speed2,2121129191,connected,48,3,17,0.8823529411764706,0.8823529411764706,-1.0,-1.0
PM4_heatmap_speed2,2121129191,connected,49,3,15,0.9333333333333333,0.9333333333333333,-1.0,-1.0
PM4_heatmap_speed2,2121129191,connected,0,4,11,1.0,1.0,1.0,1.0
PM4_heatmap_speed2,2121129191,connected,2,4,20,0.95,0.95,-1.0,-1.0
PM4_heatmap_speed2,2121129191,connected,3,4,8,1.0,1.0,1.0,1.0
PM4_heatmap_speed2,2121129191,connected,5,4,26,1.0,1.0,1.0,1.0
PM4_heatmap_speed2,2121129191,connected,6,4,17,0.9411764705882353,0.9411764705882353,-1.0,-1.0
PM4_heatmap_speed2,2121129191,connected,7,4,12,1.0,1.0,1.0,1.0
PM4_heatmap_speed2,2121129191,connected,8,4,16,0.9375,0.9375,1.0,1.0
PM4_heatmap_speed2,2121129191,connected,9,4,2,0.5,0.5,-1.0,-1.0
PM4_heatmap_speed2,2121129191,connected,10,4,16,0.6875,0.6875,0.0,0.0
PM4_heatmap_speed2,2121129191,connected,11,4,7,0.7142857142857143,0.7142857142857143,-1.0,-1.0
PM4_heatmap_speed2,2121129191,connected,14,4,6,0.5,0.5,-1.0,-1.0
PM4_heatmap_speed2,2121129191,connected,15,4,5,0.4,0.4,-1.0,-1.0
PM4_heatmap_speed2,2121129191,connected,16,4,35,0.8,0.8,-1.0,-1.0
PM4_heatmap_speed2,2121129191,connected,17,4,87,0.7931034482758621,0.7931034482758621,-1.0,-1.0
PM4_heatmap_speed2,2121129191,connected,18,4,42,0.8571428571428571,0.8571428571428571,-1.0,-1.0
PM4_heatmap_speed2,2121129191,connected,19,4,31,0.8064516129032258,0.8064516129032258,-1.0,-1.0
PM4_heatmap_speed2,2121129191,connected,20,4,23,0.6956521739130435,0.6956521739130435,-1.0,-1.0
PM4_heatmap_speed2,2121129191,connected,21,4,64,0.84375,0.84375,-1.0,-1.0
PM4_heatmap_speed2,2121129191,connected,22,4,48,0.7916666666666666,0.7916666666666666,0.6666666666666666,0.6666666666666666
PM4_heatmap_speed2,2121129191,connected,25,4,11,0.8181818181818182,0.8181818181818182,-1.0,-1.0
PM4_heatmap_speed2,2121129191,connected,27,4,27,0.8518518518518519,0.8518518518518519,0.0,0.0
PM4_heatmap_speed2,2121129191,connected,28,4,50,0.84,0.84,1.0,1.0
PM4_heatmap_speed2,2121129191,connected,29,4,26,0.7692307692307693,0.7692307692307693,-1.0,-1.0
PM4_heatmap_speed2,2121129191,connected,30,4,87,0.8045977011494253,0.8045977011494253,1.0,1.0
PM4_heatmap_speed2,2121129191,connected,31,4,73,0.821917808219178,0.821917808219178,1.0,1.0
PM4_heatmap_speed2,2121129191,connected,32,4,40,0.85,0.85,1.0,1.0
PM4_heatmap_speed2,2121129191,connected,33,4,67,0.8656716417910447,0.8656716417910447,0.875,0.875
PM4_heatmap_speed2,2121129191,connected,34,4,13,0.8461538461538461,0.8461538461538461,1.0,1.0
PM4_heatmap_speed2,2121129191,connected,35,4,11,1.0,1.0,-1.0,-1.0
PM4_heatmap_speed2,2121129191,connected,36,4,34,0.9117647058823529,0.9117647058823529,0.6666666666666666,0.6666666666666666
PM4_heatmap_speed2,2121129191,connected,38,4,18,0.9444444444444444,0.9444444444444444,-1.0,-1.0
PM4_heatmap_speed2,2121129191,connected,39,4,42,0.8333333333333334,0.8333333333333334,-1.0,-1.0
PM4_heatmap_speed2,2121129191,connected,40,4,15,0.7333333333333333,0.7333333333333333,0.0,0.0
PM4_heatmap_speed2,2121129191,connected,41,4,29,0.7586206896551724,0.7586206896551724,0.5,0.5
PM4_heatmap_speed2,2121129191,connected,42,4,3,1.0,1.0,-1.0,-1.0
PM4_heatmap_speed2,2121129191,connected,43,4,7,0.8571428571428571,0.8571428571428571,-1.0,-1.0
PM4_heatmap_speed2,2121129191,connected,44,4,27,0.7777777777777778,0.7777777777777778,-1.0,-1.0
PM4_heatmap_speed2,2121129191,connected,45,4,15,0.9333333333333333,0.9333333333333333,1.0,1.0
PM4_heatmap_speed2,2121129191,connected,46,4,11,0.7272727272727273,0.7272727272727273,-1.0,-1.0
PM4_heatmap_speed2,2121129191,connected,47,4,15,0.9333333333333333,0.9333333333333333,1.0,1.0
PM4_heatmap_speed2,2121129191,connected,48,4,10,0.7,0.7,-1.0,-1.0
PM4_heatmap_speed2,2121129191,connected,49,4,6,0.8333333333333334,0.8333333333333334,-1.0,-1.0
PM4_heatmap_speed2,2121129191,connected,0,5,32,0.90625,0.90625,-1.0,-1.0
PM4_heatmap_speed2,2121129191,connected,1,5,38,0.8421052631578947,0.8421052631578947,-1.0,-1.0
PM4_heatmap_speed2,2121129191,connected,2,5,96,0.84375,0.84375,0.8571428571428571,0.8571428571428571
PM4_heatmap_speed2,2121129191,connected,3,5,51,0.9411764705882353,0.9411764705882353,1.0,1.0
PM4_heatmap_speed2,2121129191,connected,4,5,28,0.6785714285714286,0.6785714285714286,-1.0,-1.0
PM4_heatmap_speed2,2121129191,connected,5,5,83,0.8313253012048193,0.8313253012048193,-1.0,-1.0
PM4_heatmap_speed2,2121129191,connected,6,5,86,0.9069767441860465,0.9069767441860465,-1.0,-1.0
PM4_heatmap_speed2,2121129191,connected,7,5,30,0.9333333333333333,0.9333333333333333,-1.0,-1.0
PM4_heatmap_speed2,2121129191,connected,8,5,66,0.9696969696969697,0.9696969696969697,1.0,1.0
PM4_heatmap_speed2,2121129191,connected,9,5,67,0.8805970149253731,0.8805970149253731,0.6666666666666666,0.6666666666666666
PM4_heatmap_speed2,2121129191,connected,10,5,28,0.7857142857142857,0.7857142857142857,1.0,1.0
PM4_heatmap_speed2,2121129191,connected,11,5,65,0.8,0.8,0.8333333333333334,0.8333333333333334
PM4_heatmap_speed2,2121129191,connected,12,5,18,0.8333333333333334,0.8333333333333334,0.6666666666666666,0.6666666666666666
PM4_heatmap_speed2,2121129191,connected,13,5,35,0.7714285714285715,0.7714285714285715,0.5,0.5
PM4_heatmap_speed2,2121129191,connected,14,5,41,0.9024390243902439,0.9024390243902439,1.0,1.0
PM4_heatmap_speed2,2121129191,connected,15,5,20,0.7,0.7,1.0,1.0
PM4_heatmap_speed2,2121129191,connected,16,5,50,0.92,0.92,1.0,1.0
PM4_heatmap_speed2,2121129191,connected,17,5,57,0.7543859649122807,0.7543859649122807,-1.0,-1.0
PM4_heatmap_speed2,2121129191,connected,18,5,45,0.7555555555555555,0.7555555555555555,-1.0,-1.0
PM4_heatmap_speed2,2121129191,connected,19,5,34,0.8529411764705882,0.8529411764705882,1.0,1.0
PM4_heatmap_speed2,2121129191,connected,20,5,17,0.9411764705882353,0.9411764705882353,1.0,1.0
PM4_heatmap_speed2,2121129191,connected,21,5,52,0.8461538461538461,0.8461538461538461,-1.0,-1.0
PM4_heatmap_speed2,2121129191,connected,22,5,94,0.8617021276595744,0.8617021276595744,0.0,0.0
PM4_heatmap_speed2,2121129191,connected,23,5,29,0.9310344827586207,0.9310344827586207,-1.0,-1.0
PM4_heatmap_speed2,2121129191,connected,24,5,20,0.9,0.9,-1.0,-1.0
PM4_heatmap_speed2,2121129191,connected,25,5,49,0.9183673469387755,0.9183673469387755,1.0,1.0
PM4_heatmap_speed2,2121129191,connected,26,5,25,0.84,0.84,0.5,0.5
PM4_heatmap_speed2,2121129191,connected,27,5,21,0.9047619047619048,0.9047619047619048,0.6666666666666666,0.6666666666666666
PM4_heatmap_speed2,2121129191,connected,28,5,43,0.8837209302325582,0.8837209302325582,0.0,0.0
PM4_heatmap_speed2,2121129191,connected,29,5,33,0.7575757575757576,0.7575757575757576,0.6666666666666666,0.6666666666666666
PM4_heatmap_speed2,2121129191,connected,30,5,30,0.8666666666666667,0.8666666666666667,1.0,1.0
PM4_heatmap_speed2,2121129191,connected,31,5,49,0.9183673469387755,0.9183673469387755,0.8571428571428571,0.8571428571428571
PM4_heatmap_speed2,2121129191,connected,32,5,36,0.8888888888888888,0.8888888888888888,0.0,0.0
PM4_heatmap_speed2,2121129191,connected,33,5,115,0.9043478260869565,0.9043478260869565,0.9090909090909091,0.9090909090909091
PM4_heatmap_speed2,2121129191,connected,34,5,30,0.8333333333333334,0.8333333333333334,1.0,1.0
PM4_heatmap_speed2,2121129191,connected,35,5,40,0.875,0.875,1.0,1.0
PM4_heatmap_speed2,2121129191,connected,36,5,39,0.8974358974358975,0.8974358974358975,1.0,1.0
PM4_heatmap_speed2,2121129191,connected,37,5,8,0.875,0.875,1.0,1.0
PM4_heatmap_speed2,2121129191,connected,38,5,30,0.9333333333333333,0.9333333333333333,1.0,1.0
PM4_heatmap_speed2,2121129191,connected,39,5,16,0.75,0.75,-1.0,-1.0
PM4_heatmap_speed2,2121129191,connected,40,5,9,0.8888888888888888,0.8888888888888888,-1.0,-1.0
PM4_heatmap_speed2,2121129191,connected,41,5,45,0.8666666666666667,0.8666666666666667,0.3333333333333333,0.3333333333333333
PM4_heatmap_speed2,2121129191,connected,42,5,26,0.8461538461538461,0.8461538461538461,0.0,0.0
PM4_heatmap_speed2,2121129191,connected,43,5,69,0.927536231884058,0.927536231884058,-1.0,-1.0
PM4_heatmap_speed2,2121129191,connected,44,5,14,1.0,1.0,-1.0,-1.0
PM4_heatmap_speed2,2121129191,connected,45,5,54,0.9629629629629629,0.9629629629629629,1.0,1.0
PM4_heatmap_speed2,2121129191,connected,46,5,34,0.9411764705882353,0.9411764705882353,-1.0,-1.0
PM4_heatmap_speed2,2121129191,connected,47,5,31,0.967741935483871,0.967741935483871,1.0,1.0
PM4_heatmap_speed2,2121129191,connected,48,5,20,0.9,0.9,1.0,1.0
PM4_heatmap_speed2,2121129191,connected,49,5,34,0.8235294117647058,0.8235294117647058,-1.0,-1.0
PM4_heatmap_speed2,2121129191,connected,0,6,24,0.7916666666666666,0.7916666666666666,-1.0,-1.0
PM4_heatmap_speed2,2121129191,connected,1,6,27,0.7777777777777778,0.7777777777777778,-1.0,-1.0
PM4_heatmap_speed2,2121129191,connected,2,6,61,0.8852459016393442,0.8852459016393442,0.0,0.0
PM4_heatmap_speed2,2121129191,connected,3,6,18,0.8888888888888888,0.8888888888888888,1.0,1.0
PM4_heatmap_speed2,2121129191,connected,5,6,49,0.8979591836734694,0.8979591836734694,-1.0,-1.0
PM4_heatmap_speed2,2121129191,connected,6,6,41,0.9024390243902439,0.9024390243902439,-1.0,-1.0
PM4_heatmap_speed2,2121129191,connected,8,6,12,0.9166666666666666,0.9166666666666666,-1.0,-1.0
PM4_heatmap_speed2,2121129191,connected,9,6,2,0.5,0.5,-1.0,-1.0
PM4_heatmap_speed2,2121129191,connected,10,6,18,0.7777777777777778,0.7777777777777778,-1.0,-1.0
PM4_heatmap_speed2,2121129191,connected,11,6,4,0.5,0.5,-1.0,-1.0
PM4_heatmap_speed2,2121129191,connected,12,6,13,0.6923076923076923,0.6923076923076923,-1.0,-1.0
PM4_heatmap_speed2,2121129191,connected,13,6,15,0.8,0.8,0.0,0.0
PM4_heatmap_speed2,2121129191,connected,14,6,37,0.7837837837837838,0.7837837837837838,-1.0,-1.0
PM4_heatmap_speed2,2121129191,connected,15,6,1,1.0,1.0,-1.0,-1.0
PM4_heatmap_speed2,2121129191,connected,16,6,20,0.8,0.8,-1.0,-1.0
PM4_heatmap_speed2,2121129191,connected,17,6,22,0.6818181818181818,0.6818181818181818,-1.0,-1.0
PM4_heatmap_speed2,2121129191,connected,18,6,17,0.7647058823529411,0.7647058823529411,-1.0,-1.0
PM4_heatmap_speed2,2121129191,connected,19,6,62,0.7903225806451613,0.7903225806451613,-1.0,-1.0
PM4_heatmap_speed2,2121129191,connected,20,6,5,0.8,0.8,-1.0,-1.0
PM4_heatmap_speed2,2121129191,connected,21,6,12,0.75,0.75,-1.0,-1.0
PM4_heatmap_speed2,2121129191,connected,22,6,78,0.7564102564102564,0.7564102564102564,-1.0,-1.0
PM4_heatmap_speed2,2121129191,connected,23,6,3,0.6666666666666666,0.6666666666666666,-1.0,-1.0
PM4_heatmap_speed2,2121129191,connected,24,6,10,0.8,0.8,-1.0,-1.0
PM4_heatmap_speed2,2121129191,connected,25,6,61,0.9180327868852459,0.9180327868852459,1.0,1.0
PM4_heatmap_speed2,2121129191,connected,26,6,22,0.8181818181818182,0.8181818181818182,-1.0,-1.0
PM4_heatmap_speed2,2121129191,connected,27,6,38,0.8157894736842105,0.8157894736842105,-1.0,-1.0
PM4_heatmap_speed2,2121129191,connected,28,6,19,0.6842105263157895,0.6842105263157895,-1.0,-1.0
PM4_heatmap_speed2,2121129191,connected,29,6,63,0.9047619047619048,0.9047619047619048,1.0,1.0
PM4_heatmap_speed2,2121129191,connected,30,6,15,0.8,0.8,1.0,1.0
PM4_heatmap_speed2,2121129191,connected,31,6,30,0.9333333333333333,0.9333333333333333,0.5,0.5
PM4_heatmap_speed2,2121129191,connected,32,6,62,0.9516129032258065,0.9516129032258065,1.0,1.0
PM4_heatmap_speed2,2121129191,connected,33,6,113,0.8495575221238938,0.8495575221238938,0.6666666666666666,0.6666666666666666
PM4_heatmap_speed2,2121129191,connected,34,6,14,0.8571428571428571,0.8571428571428571,-1.0,-1.0
PM4_heatmap_speed2,2121129191,connected,35,6,11,0.7272727272727273,0.7272727272727273,-1.0,-1.0
PM4_heatmap_speed2,2121129191,connected,36,6,21,0.8571428571428571,0.8571428571428571,1.0,1.0
PM4_heatmap_speed2,2121129191,connected,37,6,1,0.0,0.0,-1.0,-1.0
PM4_heatmap_speed2,2121129191,connected,38,6,34,0.8529411764705882,0.8529411764705882,-1.0,-1.0
PM4_heatmap_speed2,2121129191,connected,39,6,18,0.9444444444444444,0.9444444444444444,-1.0,-1.0
PM4_heatmap_speed2,2121129191,connected,41,6,33,0.9090909090909091,0.9090909090909091,-1.0,-1.0
PM4_heatmap_speed2,2121129191,connected,42,6,7,0.8571428571428571,0.8571428571428571,-1.0,-1.0
PM4_heatmap_speed2,2121129191,connected,43,6,67,0.9104477611940298,0.9104477611940298,-1.0,-1.0
PM4_heatmap_speed2,2121129191,connected,44,6,17,0.9411764705882353,0.9411764705882353,-1.0,-1.0
PM4_heatmap_speed2,2121129191,connected,45,6,12,0.8333333333333334,0.8333333333333334,1.0,1.0
PM4_heatmap_speed2,2121129191,connected,46,6,80,0.9625,0.9625,1.0,1.0
PM4_heatmap_speed2,2121129191,connected,47,6,89,0.9213483146067416,0.9213483146067416,-1.0,-1.0
PM4_heatmap_speed2,2121129191,connected,48,6,102,0.8627450980392157,0.8627450980392157,-1.0,-1.0
PM4_heatmap_speed2,2121129191,connected,49,6,18,0.8888888888888888,0.8888888888888888,-1.0,-1.0
PM4_heatmap_speed2,2121129191,connected,0,7,24,0.9166666666666666,0.9166666666666666,1.0,1.0
PM4_heatmap_speed2,2121129191,connected,1,7,28,0.8928571428571429,0.8928571428571429,1.0,1.0
PM4_heatmap_speed2,2121129191,connected,2,7,46,0.8913043478260869,0.8913043478260869,-1.0,-1.0
PM4_heatmap_speed2,2121129191,connected,3,7,105,0.8952380952380953,0.8952380952380953,-1.0,-1.0
PM4_heatmap_speed2,2121129191,connected,4,7,89,0.8876404494382022,0.8876404494382022,-1.0,-1.0
PM4_heatmap_speed2,2121129191,connected,5,7,121,0.9338842975206612,0.9338842975206612,-1.0,-1.0
PM4_heatmap_speed2,2121129191,connected,6,7,67,0.8805970149253731,0.8805970149253731,-1.0,-1.0
PM4_heatmap_speed2,2121129191,connected,8,7,4,1.0,1.0,-1.0,-1.0
PM4_heatmap_speed2,2121129191,connected,9,7,18,1.0,1.0,-1.0,-1.0
PM4_heatmap_speed2,2121129191,connected,10,7,23,0.8260869565217391,0.8260869565217391,-1.0,-1.0
PM4_heatmap_speed2,2121129191,connected,11,7,27,0.8148148148148148,0.8148148148148148,1.0,1.0
PM4_heatmap_speed2,2121129191,connected,12,7,8,0.875,0.875,-1.0,-1.0
PM4_heatmap_speed2,2121129191,connected,13,7,15,0.7333333333333333,0.7333333333333333,-1.0,-1.0
PM4_heatmap_speed2,2121129191,connected,14,7,9,0.8888888888888888,0.8888888888888888,-1.0,-1.0
PM4_heatmap_speed2,2121129191,connected,15,7,31,0.8709677419354839,0.8709677419354839,-1.0,-1.0
PM4_heatmap_speed2,2121129191,connected,16,7,58,0.8793103448275862,0.8793103448275862,-1.0,-1.0
PM4_heatmap_speed2,2121129191,connected,17,7,56,0.8571428571428571,0.8571428571428571,1.0,1.0
PM4_heatmap_speed2,2121129191,connected,18,7,11,0.8181818181818182,0.8181818181818182,1.0,1.0
PM4_heatmap_speed2,2121129191,connected,19,7,48,0.875,0.875,-1.0,-1.0
PM4_heatmap_speed2,2121129191,connected,22,7,76,0.881578947368421,0.881578947368421,0.8,0.8
PM4_heatmap_speed2,2121129191,connected,23,7,31,0.8709677419354839,0.8709677419354839,-1.0,-1.0
PM4_heatmap_speed2,2121129191,connected,24,7,6,0.8333333333333334,0.8333333333333334,0.0,0.0
PM4_heatmap_speed2,2121129191,connected,25,7,28,0.7857142857142857,0.7857142857142857,0.6666666666666666,0.6666666666666666
PM4_heatmap_speed2,2121129191,connected,27,7,21,0.6666666666666666,0.6666666666666666,-1.0,-1.0
PM4_heatmap_speed2,2121129191,connected,28,7,32,0.84375,0.84375,-1.0,-1.0
PM4_heatmap_speed2,2121129191,connected,29,7,59,0.9322033898305084,0.9322033898305084,1.0,1.0
PM4_heatmap_speed2,2121129191,connected,30,7,7,0.8571428571428571,0.8571428571428571,-1.0,-1.0
PM4_heatmap_speed2,2121129191,connected,31,7,7,1.0,1.0,1.0,1.0
PM4_heatmap_speed2,2121129191,connected,32,7,19,0.8421052631578947,0.8421052631578947,1.0,1.0
PM4_heatmap_speed2,2121129191,connected,33,7,32,0.90625,0.90625,1.0,1.0
PM4_heatmap_speed2,2121129191,connected,34,7,5,1.0,1.0,-1.0,-1.0
PM4_heatmap_speed2,2121129191,connected,35,7,33,0.8484848484848485,0.8484848484848485,-1.0,-1.0
PM4_heatmap_speed2,2121129191,connected,36,7,49,0.9387755102040817,0.9387755102040817,0.8571428571428571,0.8571428571428571
PM4_heatmap_speed2,2121129191,connected,37,7,25,0.84,0.84,0.0,0.0
PM4_heatmap_speed2,2121129191,connected,38,7,34,0.8529411764705882,0.8529411764705882,-1.0,-1.0
PM4_heatmap_speed2,2121129191,connected,39,7,4,1.0,1.0,-1.0,-1.0
PM4_heatmap_speed2,2121129191,connected,41,7,32,0.78125,0.78125,-1.0,-1.0
PM4_heatmap_speed2,2121129191,connected,42,7,63,0.9047619047619048,0.9047619047619048,-1.0,-1.0
PM4_heatmap_speed2,2121129191,connected,43,7,28,0.9285714285714286,0.9285714285714286,-1.0,-1.0
PM4_heatmap_speed2,2121129191,connected,44,7,85,0.8823529411764706,0.8823529411764706,-1.0,-1.0
PM4_heatmap_speed2,2121129191,connected,45,7,20,0.65,0.65,-1.0,-1.0
PM4_heatmap_speed2,2121129191,connected,47,7,52,0.8653846153846154,0.8653846153846154,0.6,0.6
PM4_heatmap_speed2,2121129191,connected,48,7,223,0.9417040358744395,0.9417040358744395,-1.0,-1.0
PM4_heatmap_speed2,2121129191,connected,49,7,100,0.92,0.92,-1.0,-1.0
PM4_heatmap_speed2,2121129191,connected,0,8,12,1.0,1.0,-1.0,-1.0
PM4_heatmap_speed2,2121129191,connected,2,8,38,0.8421052631578947,0.8421052631578947,-1.0,-1.0
PM4_heatmap_speed2,2121129191,connected,3,8,38,0.9473684210526315,0.9473684210526315,-1.0,-1.0
PM4_heatmap_speed2,2121129191,connected,4,8,67,0.835820895522388,0.835820895522388,1.0,1.0
PM4_heatmap_speed2,2121129191,connected,5,8,128,0.953125,0.953125,-1.0,-1.0
PM4_heatmap_speed2,2121129191,connected,6,8,88,0.9090909090909091,0.9090909090909091,-1.0,-1.0
PM4_heatmap_speed2,2121129191,connected,7,8,29,0.7931034482758621,0.7931034482758621,-1.0,-1.0
PM4_heatmap_speed2,2121129191,connected,8,8,43,0.8837209302325582,0.8837209302325582,-1.0,-1.0
PM4_heatmap_speed2,2121129191,connected,9,8,36,0.9444444444444444,0.9444444444444444,-1.0,-1.0
PM4_heatmap_speed2,2121129191,connected,10,8,18,0.7777777777777778,0.7777777777777778,-1.0,-1.0
PM4_heatmap_speed2,2121129191,connected,11,8,88,0.8068181818181818,0.8068181818181818,1.0,1.0
PM4_heatmap_speed2,2121129191,connected,12,8,44,0.8181818181818182,0.8181818181818182,1.0,1.0
PM4_heatmap_speed2,2121129191,connected,13,8,46,0.8913043478260869,0.8913043478260869,1.0,1.0
PM4_heatmap_speed2,2121129191,connected,14,8,14,1.0,1.0,-1.0,-1.0
PM4_heatmap_speed2,2121129191,connected,16,8,24,0.8333333333333334,0.8333333333333334,1.0,1.0
PM4_heatmap_speed2,2121129191,connected,17,8,17,0.9411764705882353,0.9411764705882353,1.0,1.0
PM4_heatmap_speed2,2121129191,connected,18,8,27,0.7777777777777778,0.7777777777777778,1.0,1.0
PM4_heatmap_speed2,2121129191,connected,19,8,87,0.9425287356321839,0.9425287356321839,1.0,1.0
PM4_heatmap_speed2,2121129191,connected,20,8,68,0.9117647058823529,0.9117647058823529,1.0,1.0
PM4_heatmap_speed2,2121129191,connected,21,8,45,0.8,0.8,1.0,1.0
PM4_heatmap_speed2,2121129191,connected,22,8,99,0.8282828282828283,0.8282828282828283,0.0,0.0
PM4_heatmap_speed2,2121129191,connected,23,8,162,0.8518518518518519,0.8518518518518519,0.6,0.6
PM4_heatmap_speed2,2121129191,connected,24,8,77,0.7922077922077922,0.7922077922077922,1.0,1.0
PM4_heatmap_speed2,2121129191,connected,25,8,62,0.8225806451612904,0.8225806451612904,0.75,0.75
PM4_heatmap_speed2,2121129191,connected,26,8,22,0.7272727272727273,0.7272727272727273,-1.0,-1.0
PM4_heatmap_speed2,2121129191,connected,27,8,47,0.851063829787234,0.851063829787234,-1.0,-1.0
PM4_heatmap_speed2,2121129191,connected,28,8,17,0.7058823529411765,0.7058823529411765,-1.0,-1.0
PM4_heatmap_speed2,2121129191,connected,29,8,25,0.92,0.92,1.0,1.0
PM4_heatmap_speed2,2121129191,connected,30,8,18,0.8333333333333334,0.8333333333333334,-1.0,-1.0
PM4_heatmap_speed2,2121129191,connected,31,8,18,0.6666666666666666,0.6666666666666666,-1.0,-1.0
PM4_heatmap_speed2,2121129191,connected,32,8,49,0.8979591836734694,0.8979591836734694,-1.0,-1.0
PM4_heatmap_speed2,2121129191,connected,33,8,77,0.8051948051948052,0.8051948051948052,1.0,1.0
PM4_heatmap_speed2,2121129191,connected,34,8,36,0.8055555555555556,0.8055555555555556,1.0,1.0
PM4_heatmap_speed2,2121129191,connected,35,8,55,0.8,0.8,-1.0,-1.0
PM4_heatmap_speed2,2121129191,connected,36,8,42,0.8333333333333334,0.8333333333333334,1.0,1.0
PM4_heatmap_speed2,2121129191,connected,37,8,39,0.8461538461538461,0.8461538461538461,1.0,1.0
PM4_heatmap_speed2,2121129191,connected,38,8,87,0.8850574712643678,0.8850574712643678,1.0,1.0
PM4_heatmap_speed2,2121129191,connected,39,8,43,0.8372093023255814,0.8372093023255814,1.0,1.0
PM4_heatmap_speed2,2121129191,connected,40,8,18,0.7777777777777778,0.7777777777777778,1.0,1.0
PM4_heatmap_speed2,2121129191,connected,41,8,27,0.8888888888888888,0.8888888888888888,-1.0,-1.0
PM4_heatmap_speed2,2121129191,connected,42,8,29,0.7241379310344828,0.7241379310344828,1.0,1.0
PM4_heatmap_speed2,2121129191,connected,43,8,42,0.9285714285714286,0.9285714285714286,1.0,1.0
PM4_heatmap_speed2,2121129191,connected,44,8,43,0.8604651162790697,0.8604651162790697,1.0,1.0
PM4_heatmap_speed2,2121129191,connected,45,8,49,0.8979591836734694,0.8979591836734694,1.0,1.0
PM4_heatmap_speed2,2121129191,connected,46,8,98,0.8877551020408163,0.8877551020408163,1.0,1.0
PM4_heatmap_speed2,2121129191,connected,47,8,122,0.9098360655737705,0.9098360655737705,1.0,1.0
PM4_heatmap_speed2,2121129191,connected,48,8,59,0.8983050847457628,0.8983050847457628,-1.0,-1.0
PM4_heatmap_speed2,2121129191,connected,49,8,136,0.9411764705882353,0.9411764705882353,-1.0,-1.0
PM4_heatmap_speed2,2121129191,connected,0,9,10,1.0,1.0,-1.0,-1.0
PM4_heatmap_speed2,2121129191,connected,2,9,26,0.9230769230769231,0.9230769230769231,-1.0,-1.0
PM4_heatmap_speed2,2121129191,connected,3,9,46,0.9347826086956522,0.9347826086956522,1.0,1.0
PM4_heatmap_speed2,2121129191,connected,4,9,32,0.90625,0.90625,1.0,1.0
PM4_heatmap_speed2,2121129191,connected,5,9,32,0.90625,0.90625,1.0,1.0
PM4_heatmap_speed2,2121129191,connected,6,9,11,0.8181818181818182,0.8181818181818182,1.0,1.0
PM4_heatmap_speed2,2121129191,connected,7,9,1,1.0,1.0,-1.0,-1.0
PM4_heatmap_speed2,2121129191,connected,8,9,28,0.7857142857142857,0.7857142857142857,-1.0,-1.0
PM4_heatmap_speed2,2121129191,connected,11,9,92,0.8260869565217391,0.8260869565217391,1.0,1.0
PM4_heatmap_speed2,2121129191,connected,12,9,36,0.8055555555555556,0.8055555555555556,1.0,1.0
PM4_heatmap_speed2,2121129191,connected,13,9,65,0.8153846153846154,0.8153846153846154,1.0,1.0
PM4_heatmap_speed2,2121129191,connected,16,9,14,0.8571428571428571,0.8571428571428571,-1.0,-1.0
PM4_heatmap_speed2,2121129191,connected,19,9,44,0.9318181818181818,0.9318181818181818,-1.0,-1.0
PM4_heatmap_speed2,2121129191,connected,21,9,66,0.9393939393939394,0.9393939393939394,0.6666666666666666,0.6666666666666666
PM4_heatmap_speed2,2121129191,connected,22,9,24,0.9583333333333334,0.9583333333333334,-1.0,-1.0
PM4_heatmap_speed2,2121129191,connected,23,9,48,0.7916666666666666,0.7916666666666666,1.0,1.0
PM4_heatmap_speed2,2121129191,connected,24,9,40,0.875,0.875,1.0,1.0
PM4_heatmap_speed2,2121129191,connected,25,9,106,0.8301886792452831,0.8301886792452831,0.0,0.0
PM4_heatmap_speed2,2121129191,connected,26,9,48,0.75,0.75,-1.0,-1.0
PM4_heatmap_speed2,2121129191,connected,27,9,37,0.7567567567567568,0.7567567567567568,-1.0,-1.0
PM4_heatmap_speed2,2121129191,connected,28,9,59,0.9661016949152542,0.9661016949152542,1.0,1.0
PM4_heatmap_speed2,2121129191,connected,29,9,29,0.7586206896551724,0.7586206896551724,0.875,0.875
PM4_heatmap_speed2,2121129191,connected,30,9,54,0.9074074074074074,0.9074074074074074,0.75,0.75
PM4_heatmap_speed2,2121129191,connected,33,9,63,0.8412698412698413,0.8412698412698413,1.0,1.0
PM4_heatmap_speed2,2121129191,connected,34,9,7,0.7142857142857143,0.7142857142857143,0.6666666666666666,0.6666666666666666
PM4_heatmap_speed2,2121129191,connected,35,9,27,0.8888888888888888,0.8888888888888888,1.0,1.0
PM4_heatmap_speed2,2121129191,connected,36,9,38,0.8157894736842105,0.8157894736842105,1.0,1.0
PM4_heatmap_speed2,2121129191,connected,38,9,11,0.9090909090909091,0.9090909090909091,1.0,1.0
PM4_heatmap_speed2,2121129191,connected,39,9,38,0.8947368421052632,0.8947368421052632,-1.0,-1.0
PM4_heatmap_speed2,2121129191,connected,40,9,5,0.8,0.8,-1.0,-1.0
PM4_heatmap_speed2,2121129191,connected,43,9,27,0.8518518518518519,0.8518518518518519,-1.0,-1.0
PM4_heatmap_speed2,2121129191,connected,46,9,59,0.8813559322033898,0.8813559322033898,1.0,1.0
PM4_heatmap_speed2,2121129191,connected,47,9,67,0.9104477611940298,0.9104477611940298,1.0,1.0
PM4_heatmap_speed2,2121129191,connected,49,9,35,0.8857142857142857,0.8857142857142857,-1.0,-1.0
PM4_heatmap_speed2,2121129191,connected,0,10,7,1.0,1.0,-1.0,-1.0
PM4_heatmap_speed2,2121129191,connected,1,10,14,1.0,1.0,-1.0,-1.0
PM4_heatmap_speed2,2121129191,connected,2,10,45,0.9555555555555556,0.9555555555555556,-1.0,-1.0
PM4_heatmap_speed2,2121129191,connected,3,10,37,0.918918918918919,0.918918918918919,-1.0,-1.0
PM4_heatmap_speed2,2121129191,connected,5,10,32,0.875,0.875,1.0,1.0
PM4_heatmap_speed2,2121129191,connected,6,10,1,1.0,1.0,-1.0,-1.0
PM4_heatmap_speed2,2121129191,connected,7,10,4,0.5,0.5,-1.0,-1.0
PM4_heatmap_speed2,2121129191,connected,8,10,16,0.8125,0.8125,-1.0,-1.0
PM4_heatmap_speed2,2121129191,connected,9,10,6,0.6666666666666666,0.6666666666666666,-1.0,-1.0
PM4_heatmap_speed2,2121129191,connected,10,10,30,0.8333333333333334,0.8333333333333334,-1.0,-1.0
PM4_heatmap_speed2,2121129191,connected,11,10,45,0.8222222222222222,0.8222222222222222,1.0,1.0
PM4_heatmap_speed2,2121129191,connected,12,10,32,0.875,0.875,1.0,1.0
PM4_heatmap_speed2,2121129191,connected,13,10,45,0.8888888888888888,0.8888888888888888,1.0,1.0
PM4_heatmap_speed2,2121129191,connected,14,10,78,0.9230769230769231,0.9230769230769231,-1.0,-1.0
PM4_heatmap_speed2,2121129191,connected,15,10,20,0.8,0.8,-1.0,-1.0
PM4_heatmap_speed2,2121129191,connected,16,10,80,0.925,0.925,-1.0,-1.0
PM4_heatmap_speed2,2121129191,connected,17,10,50,0.88,0.88,-1.0,-1.0
PM4_heatmap_speed2,2121129191,connected,18,10,49,0.8775510204081632,0.8775510204081632,-1.0,-1.0
PM4_heatmap_speed2,2121129191,connected,19,10,15,0.8666666666666667,0.8666666666666667,-1.0,-1.0
PM4_heatmap_speed2,2121129191,connected,21,10,41,0.926829268292683,0.926829268292683,0.0,0.0
PM4_heatmap_speed2,2121129191,connected,22,10,22,0.9545454545454546,0.9545454545454546,-1.0,-1.0
PM4_heatmap_speed2,2121129191,connected,23,10,20,0.8,0.8,1.0,1.0
PM4_heatmap_speed2,2121129191,connected,24,10,58,0.8448275862068966,0.8448275862068966,1.0,1.0
PM4_heatmap_speed2,2121129191,connected,25,10,30,0.8333333333333334,0.8333333333333334,-1.0,-1.0
PM4_heatmap_speed2,2121129191,connected,26,10,73,0.8356164383561644,0.8356164383561644,-1.0,-1.0
PM4_heatmap_speed2,2121129191,connected,27,10,109,0.8532110091743119,0.8532110091743119,-1.0,-1.0
PM4_heatmap_speed2,2121129191,connected,28,10,46,0.8695652173913043,0.8695652173913043,1.0,1.0
PM4_heatmap_speed2,2121129191,connected,29,10,16,0.8125,0.8125,1.0,1.0
PM4_heatmap_speed2,2121129191,connected,30,10,30,0.9333333333333333,0.9333333333333333,-1.0,-1.0
PM4_heatmap_speed2,2121129191,connected,31,10,66,0.8787878787878788,0.8787878787878788,1.0,1.0
PM4_heatmap_speed2,2121129191,connected,33,10,53,0.8113207547169812,0.8113207547169812,1.0,1.0
PM4_heatmap_speed2,2121129191,connected,34,10,132,0.8106060606060606,0.8106060606060606,1.0,1.0
PM4_heatmap_speed2,2121129191,connected,35,10,44,0.8409090909090909,0.8409090909090909,0.8333333333333334,0.8333333333333334
PM4_heatmap_speed2,2121129191,connected,36,10,73,0.8767123287671232,0.8767123287671232,0.9,0.9
PM4_heatmap_speed2,2121129191,connected,37,10,17,0.8235294117647058,0.8235294117647058,0.5,0.5
PM4_heatmap_speed2,2121129191,connected,38,10,19,0.8947368421052632,0.8947368421052632,0.8571428571428571,0.8571428571428571
PM4_heatmap_speed2,2121129191,connected,40,10,36,0.7777777777777778,0.7777777777777778,-1.0,-1.0
PM4_heatmap_speed2,2121129191,connected,41,10,60,0.8833333333333333,0.8833333333333333,-1.0,-1.0
PM4_heatmap_speed2,2121129191,connected,42,10,48,0.8958333333333334,0.8958333333333334,-1.0,-1.0
PM4_heatmap_speed2,2121129191,connected,43,10,95,0.9157894736842105,0.9157894736842105,-1.0,-1.0
PM4_heatmap_speed2,2121129191,connected,44,10,66,0.9393939393939394,0.9393939393939394,-1.0,-1.0
PM4_heatmap_speed2,2121129191,connected,45,10,72,0.9166666666666666,0.9166666666666666,-1.0,-1.0
PM4_heatmap_speed2,2121129191,connected,46,10,34,0.9705882352941176,0.9705882352941176,-1.0,-1.0
PM4_heatmap_speed2,2121129191,connected,47,10,45,0.8888888888888888,0.8888888888888888,1.0,1.0
PM4_heatmap_speed2,2121129191,connected,48,10,58,0.9827586206896551,0.9827586206896551,1.0,1.0
PM4_heatmap_speed2,2121129191,connected,49,10,73,0.9178082191780822,0.9178082191780822,-1.0,-1.0
PM4_heatmap_speed2,2121129191,connected,1,11,11,1.0,1.0,1.0,1.0
PM4_heatmap_speed2,2121129191,connected,2,11,27,0.8888888888888888,0.8888888888888888,1.0,1.0
PM4_heatmap_speed2,2121129191,connected,3,11,9,1.0,1.0,-1.0,-1.0
PM4_heatmap_speed2,2121129191,connected,4,11,31,0.8064516129032258,0.8064516129032258,-1.0,-1.0
PM4_heatmap_speed2,2121129191,connected,5,11,61,0.9508196721311475,0.9508196721311475,1.0,1.0
PM4_heatmap_speed2,2121129191,connected,6,11,17,0.7647058823529411,0.7647058823529411,0.5,0.5
PM4_heatmap_speed2,2121129191,connected,7,11,37,0.8648648648648649,0.8648648648648649,0.5,0.5
PM4_heatmap_speed2,2121129191,connected,8,11,25,0.88,0.88,1.0,1.0
PM4_heatmap_speed2,2121129191,connected,9,11,10,0.8,0.8,1.0,1.0
PM4_heatmap_speed2,2121129191,connected,10,11,62,0.8870967741935484,0.8870967741935484,1.0,1.0
PM4_heatmap_speed2,2121129191,connected,11,11,39,0.9230769230769231,0.9230769230769231,1.0,1.0
PM4_heatmap_speed2,2121129191,connected,12,11,23,0.8260869565217391,0.8260869565217391,1.0,1.0
PM4_heatmap_speed2,2121129191,connected,13,11,67,0.8656716417910447,0.8656716417910447,-1.0,-1.0
PM4_heatmap_speed2,2121129191,connected,14,11,81,0.8395061728395061,0.8395061728395061,1.0,1.0
PM4_heatmap_speed2,2121129191,connected,15,11,67,0.8955223880597015,0.8955223880597015,1.0,1.0
PM4_heatmap_speed2,2121129191,connected,16,11,59,0.9322033898305084,0.9322033898305084,-1.0,-1.0
PM4_heatmap_speed2,2121129191,connected,17,11,51,0.9019607843137255,0.9019607843137255,-1.0,-1.0
PM4_heatmap_speed2,2121129191,connected,18,11,119,0.8907563025210085,0.8907563025210085,-1.0,-1.0
PM4_heatmap_speed2,2121129191,connected,19,11,85,0.9058823529411765,0.9058823529411765,-1.0,-1.0
PM4_heatmap_speed2,2121129191,connected,20,11,45,0.8666666666666667,0.8666666666666667,1.0,1.0
PM4_heatmap_speed2,2121129191,connected,21,11,45,0.8222222222222222,0.8222222222222222,0.75,0.75
PM4_heatmap_speed2,2121129191,connected,22,11,47,0.9148936170212766,0.9148936170212766,1.0,1.0
PM4_heatmap_speed2,2121129191,connected,23,11,55,0.7454545454545455,0.7454545454545455,1.0,1.0
PM4_heatmap_speed2,2121129191,connected,24,11,23,0.8695652173913043,0.8695652173913043,1.0,1.0
PM4_heatmap_speed2,2121129191,connected,25,11,100,0.89,0.89,1.0,1.0
PM4_heatmap_speed2,2121129191,connected,26,11,93,0.8817204301075269,0.8817204301075269,1.0,1.0
PM4_heatmap_speed2,2121129191,connected,27,11,83,0.9036144578313253,0.9036144578313253,0.6666666666666666,0.6666666666666666
PM4_heatmap_speed2,2121129191,connected,28,11,110,0.8818181818181818,0.8818181818181818,0.6,0.6
PM4_heatmap_speed2,2121129191,connected,29,11,25,0.68,0.68,0.0,0.0
PM4_heatmap_speed2,2121129191,connected,30,11,65,0.8769230769230769,0.8769230769230769,1.0,1.0
PM4_heatmap_speed2,2121129191,connected,31,11,38,0.868421052631579,0.868421052631579,1.0,1.0
PM4_heatmap_speed2,2121129191,connected,32,11,54,0.7407407407407407,0.7407407407407407,-1.0,-1.0
PM4_heatmap_speed2,2121129191,connected,33,11,75,0.84,0.84,-1.0,-1.0
PM4_heatmap_speed2,2121129191,connected,34,11,75,0.8933333333333333,0.8933333333333333,1.0,1.0
PM4_heatmap_speed2,2121129191,connected,35,11,45,0.8666666666666667,0.8666666666666667,1.0,1.0
PM4_heatmap_speed2,2121129191,connected,36,11,16,0.75,0.75,1.0,1.0
PM4_heatmap_speed2,2121129191,connected,37,11,27,0.7407407407407407,0.7407407407407407,0.75,0.75
PM4_heatmap_speed2,2121129191,connected,38,11,22,0.9090909090909091,0.9090909090909091,0.9230769230769231,0.9230769230769231
PM4_heatmap_speed2,2121129191,connected,39,11,9,0.7777777777777778,0.7777777777777778,1.0,1.0
PM4_heatmap_speed2,2121129191,connected,40,11,108,0.9074074074074074,0.9074074074074074,-1.0,-1.0
PM4_heatmap_speed2,2121129191,connected,41,11,150,0.92,0.92,-1.0,-1.0
PM4_heatmap_speed2,2121129191,connected,42,11,40,0.95,0.95,-1.0,-1.0
PM4_heatmap_speed2,2121129191,connected,43,11,114,0.9298245614035088,0.9298245614035088,-1.0,-1.0
PM4_heatmap_speed2,2121129191,connected,44,11,167,0.8982035928143712,0.8982035928143712,-1.0,-1.0
PM4_heatmap_speed2,2121129191,connected,45,11,73,0.8493150684931506,0.8493150684931506,-1.0,-1.0
PM4_heatmap_speed2,2121129191,connected,46,11,33,0.9090909090909091,0.9090909090909091,-1.0,-1.0
PM4_heatmap_speed2,2121129191,connected,47,11,61,0.8524590163934426,0.8524590163934426,-1.0,-1.0
PM4_heatmap_speed2,2121129191,connected,48,11,69,0.8695652173913043,0.8695652173913043,-1.0,-1.0
PM4_heatmap_speed2,2121129191,connected,49,11,85,0.9058823529411765,0.9058823529411765,-1.0,-1.0
PM4_heatmap_speed2,2121129191,connected,1,12,5,1.0,1.0,-1.0,-1.0
PM4_heatmap_speed2,2121129191,connected,2,12,9,0.5555555555555556,0.5555555555555556,-1.0,-1.0
PM4_heatmap_speed2,2121129191,connected,3,12,19,0.7894736842105263,0.7894736842105263,-1.0,-1.0
PM4_heatmap_speed2,2121129191,connected,4,12,1,1.0,1.0,-1.0,-1.0
PM4_heatmap_speed2,2121129191,connected,5,12,49,0.9387755102040817,0.9387755102040817,1.0,1.0
PM4_heatmap_speed2,2121129191,connected,6,12,13,0.6923076923076923,0.6923076923076923,1.0,1.0
PM4_heatmap_speed2,2121129191,connected,7,12,24,0.7916666666666666,0.7916666666666666,0.0,0.0
PM4_heatmap_speed2,2121129191,connected,8,12,27,0.9259259259259259,0.9259259259259259,-1.0,-1.0
PM4_heatmap_speed2,2121129191,connected,10,12,31,0.8387096774193549,0.8387096774193549,-1.0,-1.0
PM4_heatmap_speed2,2121129191,connected,11,12,38,0.8421052631578947,0.8421052631578947,-1.0,-1.0
PM4_heatmap_speed2,2121129191,connected,13,12,14,0.6428571428571429,0.6428571428571429,-1.0,-1.0
PM4_heatmap_speed2,2121129191,connected,14,12,28,0.9642857142857143,0.9642857142857143,1.0,1.0
PM4_heatmap_speed2,2121129191,connected,15,12,49,0.7346938775510204,0.7346938775510204,1.0,1.0
PM4_heatmap_speed2,2121129191,connected,16,12,26,0.9230769230769231,0.9230769230769231,-1.0,-1.0
PM4_heatmap_speed2,2121129191,connected,18,12,35,0.9142857142857143,0.9142857142857143,1.0,1.0
PM4_heatmap_speed2,2121129191,connected,19,12,19,0.7368421052631579,0.7368421052631579,-1.0,-1.0
PM4_heatmap_speed2,2121129191,connected,21,12,32,0.875,0.875,0.8,0.8
PM4_heatmap_speed2,2121129191,connected,22,12,23,0.8260869565217391,0.8260869565217391,1.0,1.0
PM4_heatmap_speed2,2121129191,connected,23,12,26,0.8076923076923077,0.8076923076923077,-1.0,-1.0
PM4_heatmap_speed2,2121129191,connected,25,12,31,0.7741935483870968,0.7741935483870968,1.0,1.0
PM4_heatmap_speed2,2121129191,connected,26,12,59,0.8983050847457628,0.8983050847457628,1.0,1.0
PM4_heatmap_speed2,2121129191,connected,27,12,32,0.78125,0.78125,-1.0,-1.0
PM4_heatmap_speed2,2121129191,connected,28,12,43,0.8837209302325582,0.8837209302325582,1.0,1.0
PM4_heatmap_speed2,2121129191,connected,30,12,24,0.7916666666666666,0.7916666666666666,1.0,1.0
PM4_heatmap_speed2,2121129191,connected,31,12,9,1.0,1.0,-1.0,-1.0
PM4_heatmap_speed2,2121129191,connected,32,12,18,0.8333333333333334,0.8333333333333334,-1.0,-1.0
PM4_heatmap_speed2,2121129191,connected,33,12,38,0.8947368421052632,0.8947368421052632,-1.0,-1.0
PM4_heatmap_speed2,2121129191,connected,35,12,21,0.9047619047619048,0.9047619047619048,1.0,1.0
PM4_heatmap_speed2,2121129191,connected,36,12,19,0.631578947368421,0.631578947368421,1.0,1.0
PM4_heatmap_speed2,2121129191,connected,37,12,15,0.6,0.6,0.0,0.0
PM4_heatmap_speed2,2121129191,connected,38,12,22,0.8181818181818182,0.8181818181818182,-1.0,-1.0
PM4_heatmap_speed2,2121129191,connected,39,12,8,0.875,0.875,-1.0,-1.0
PM4_heatmap_speed2,2121129191,connected,41,12,61,0.8360655737704918,0.8360655737704918,-1.0,-1.0
PM4_heatmap_speed2,2121129191,connected,43,12,72,0.8611111111111112,0.8611111111111112,-1.0,-1.0
PM4_heatmap_speed2,2121129191,connected,44,12,55,0.9272727272727272,0.9272727272727272,-1.0,-1.0
PM4_heatmap_speed2,2121129191,connected,47,12,95,0.8842105263157894,0.8842105263157894,-1.0,-1.0
PM4_heatmap_speed2,2121129191,connected,48,12,70,0.9142857142857143,0.9142857142857143,-1.0,-1.0
PM4_heatmap_speed2,2121129191,connected,49,12,128,0.9140625,0.9140625,-1.0,-1.0
PM4_heatmap_speed2,2121129191,connected,0,13,2,1.0,1.0,-1.0,-1.0
PM4_heatmap_speed2,2121129191,connected,1,13,6,1.0,1.0,-1.0,-1.0
PM4_heatmap_speed2,2121129191,connected,2,13,15,0.5333333333333333,0.5333333333333333,-1.0,-1.0
PM4_heatmap_speed2,2121129191,connected,3,13,24,0.7916666666666666,0.7916666666666666,1.0,1.0
PM4_heatmap_speed2,2121129191,connected,4,13,35,0.7428571428571429,0.7428571428571429,-1.0,-1.0
PM4_heatmap_speed2,2121129191,connected,5,13,43,0.7906976744186046,0.7906976744186046,-1.0,-1.0
PM4_heatmap_speed2,2121129191,connected,6,13,19,0.6842105263157895,0.6842105263157895,-1.0,-1.0
PM4_heatmap_speed2,2121129191,connected,7,13,42,0.7380952380952381,0.7380952380952381,0.6666666666666666,0.6666666666666666
PM4_heatmap_speed2,2121129191,connected,8,13,93,0.8494623655913979,0.8494623655913979,0.875,0.875
PM4_heatmap_speed2,2121129191,connected,9,13,75,0.7866666666666666,0.7866666666666666,0.8888888888888888,0.8888888888888888
PM4_heatmap_speed2,2121129191,connected,10,13,75,0.8,0.8,0.9411764705882353,0.9411764705882353
PM4_heatmap_speed2,2121129191,connected,11,13,60,0.85,0.85,0.875,0.875
PM4_heatmap_speed2,2121129191,connected,12,13,44,0.8181818181818182,0.8181818181818182,0.8421052631578947,0.8421052631578947
PM4_heatmap_speed2,2121129191,connected,13,13,55,0.7636363636363637,0.7636363636363637,0.9230769230769231,0.9230769230769231
PM4_heatmap_speed2,2121129191,connected,14,13,56,0.8035714285714286,0.8035714285714286,0.9,0.9
PM4_heatmap_speed2,2121129191,connected,15,13,39,0.8717948717948718,0.8717948717948718,1.0,1.0
PM4_heatmap_speed2,2121129191,connected,16,13,36,0.8888888888888888,0.8888888888888888,1.0,1.0
PM4_heatmap_speed2,2121129191,connected,17,13,31,0.9354838709677419,0.9354838709677419,1.0,1.0
PM4_heatmap_speed2,2121129191,connected,18,13,99,0.9191919191919192,0.9191919191919192,1.0,1.0
PM4_heatmap_speed2,2121129191,connected,19,13,53,0.8679245283018868,0.8679245283018868,1.0,1.0
PM4_heatmap_speed2,2121129191,connected,20,13,33,0.8787878787878788,0.8787878787878788,1.0,1.0
PM4_heatmap_speed2,2121129191,connected,21,13,135,0.9037037037037037,0.9037037037037037,0.0,0.0
PM4_heatmap_speed2,2121129191,connected,22,13,26,0.7307692307692307,0.7307692307692307,-1.0,-1.0
PM4_heatmap_speed2,2121129191,connected,23,13,11,0.7272727272727273,0.7272727272727273,-1.0,-1.0
PM4_heatmap_speed2,2121129191,connected,24,13,9,0.6666666666666666,0.6666666666666666,-1.0,-1.0
PM4_heatmap_speed2,2121129191,connected,25,13,11,0.8181818181818182,0.8181818181818182,-1.0,-1.0
PM4_heatmap_speed2,2121129191,connected,26,13,73,0.8493150684931506,0.8493150684931506,1.0,1.0
PM4_heatmap_speed2,2121129191,connected,27,13,95,0.8421052631578947,0.8421052631578947,1.0,1.0
PM4_heatmap_speed2,2121129191,connected,28,13,48,0.9375,0.9375,1.0,1.0
PM4_heatmap_speed2,2121129191,connected,29,13,46,0.8478260869565217,0.8478260869565217,-1.0,-1.0
PM4_heatmap_speed2,2121129191,connected,30,13,81,0.7901234567901234,0.7901234567901234,0.8,0.8
PM4_heatmap_speed2,2121129191,connected,31,13,9,0.8888888888888888,0.8888888888888888,-1.0,-1.0
PM4_heatmap_speed2,2121129191,connected,32,13,25,0.8,0.8,-1.0,-1.0
PM4_heatmap_speed2,2121129191,connected,33,13,39,0.9230769230769231,0.9230769230769231,-1.0,-1.0
PM4_heatmap_speed2,2121129191,connected,35,13,30,0.9333333333333333,0.9333333333333333,-1.0,-1.0
PM4_heatmap_speed2,2121129191,connected,36,13,49,0.8571428571428571,0.8571428571428571,-1.0,-1.0
PM4_heatmap_speed2,2121129191,connected,37,13,32,0.8125,0.8125,-1.0,-1.0
PM4_heatmap_speed2,2121129191,connected,38,13,101,0.8316831683168316,0.8316831683168316,-1.0,-1.0
PM4_heatmap_speed2,2121129191,connected,39,13,154,0.8701298701298701,0.8701298701298701,-1.0,-1.0
PM4_heatmap_speed2,2121129191,connected,40,13,84,0.9166666666666666,0.9166666666666666,-1.0,-1.0
PM4_heatmap_speed2,2121129191,connected,41,13,96,0.8645833333333334,0.8645833333333334,0.6666666666666666,0.6666666666666666
PM4_heatmap_speed2,2121129191,connected,42,13,41,0.7804878048780488,0.7804878048780488,0.0,0.0
PM4_heatmap_speed2,2121129191,connected,43,13,77,0.8181818181818182,0.8181818181818182,-1.0,-1.0
PM4_heatmap_speed2,2121129191,connected,44,13,89,0.8876404494382022,0.8876404494382022,-1.0,-1.0
PM4_heatmap_speed2,2121129191,connected,45,13,84,0.9047619047619048,0.9047619047619048,-1.0,-1.0
PM4_heatmap_speed2,2121129191,connected,46,13,136,0.8823529411764706,0.8823529411764706,-1.0,-1.0
PM4_heatmap_speed2,2121129191,connected,47,13,161,0.8571428571428571,0.8571428571428571,-1.0,-1.0
PM4_heatmap_speed2,2121129191,connected,48,13,102,0.8921568627450981,0.8921568627450981,-1.0,-1.0
PM4_heatmap_speed2,2121129191,connected,49,13,92,0.9565217391304348,0.9565217391304348,-1.0,-1.0
PM4_heatmap_speed2,2121129191,connected,0,14,5,1.0,1.0,-1.0,-1.0
PM4_heatmap_speed2,2121129191,connected,1,14,10,0.9,0.9,-1.0,-1.0
PM4_heatmap_speed2,2121129191,connected,2,14,26,0.7692307692307693,0.7692307692307693,-1.0,-1.0
PM4_heatmap_speed2,2121129191,connected,3,14,33,0.9090909090909091,0.9090909090909091,1.0,1.0
PM4_heatmap_speed2,2121129191,connected,4,14,23,0.8695652173913043,0.8695652173913043,1.0,1.0
PM4_heatmap_speed2,2121129191,connected,5,14,56,0.8035714285714286,0.8035714285714286,-1.0,-1.0
PM4_heatmap_speed2,2121129191,connected,6,14,28,0.8928571428571429,0.8928571428571429,-1.0,-1.0
PM4_heatmap_speed2,2121129191,connected,7,14,49,0.8367346938775511,0.8367346938775511,1.0,1.0
PM4_heatmap_speed2,2121129191,connected,8,14,69,0.8405797101449275,0.8405797101449275,-1.0,-1.0
PM4_heatmap_speed2,2121129191,connected,9,14,51,0.8431372549019608,0.8431372549019608,1.0,1.0
PM4_heatmap_speed2,2121129191,connected,10,14,114,0.8508771929824561,0.8508771929824561,-1.0,-1.0
PM4_heatmap_speed2,2121129191,connected,11,14,45,0.9555555555555556,0.9555555555555556,-1.0,-1.0
PM4_heatmap_speed2,2121129191,connected,12,14,102,0.9019607843137255,0.9019607843137255,-1.0,-1.0
PM4_heatmap_speed2,2121129191,connected,13,14,80,0.9,0.9,1.0,1.0
PM4_heatmap_speed2,2121129191,connected,14,14,66,0.8787878787878788,0.8787878787878788,0.8,0.8
PM4_heatmap_speed2,2121129191,connected,15,14,49,0.8163265306122449,0.8163265306122449,0.5,0.5
PM4_heatmap_speed2,2121129191,connected,16,14,3,0.3333333333333333,0.3333333333333333,-1.0,-1.0
PM4_heatmap_speed2,2121129191,connected,17,14,26,0.8461538461538461,0.8461538461538461,1.0,1.0
PM4_heatmap_speed2,2121129191,connected,18,14,6,1.0,1.0,-1.0,-1.0
PM4_heatmap_speed2,2121129191,connected,19,14,11,0.8181818181818182,0.8181818181818182,-1.0,-1.0
PM4_heatmap_speed2,2121129191,connected,20,14,57,0.8596491228070176,0.8596491228070176,1.0,1.0
PM4_heatmap_speed2,2121129191,connected,21,14,113,0.8495575221238938,0.8495575221238938,0.8571428571428571,0.8571428571428571
PM4_heatmap_speed2,2121129191,connected,22,14,124,0.8145161290322581,0.8145161290322581,0.7142857142857143,0.7142857142857143
PM4_heatmap_speed2,2121129191,connected,23,14,19,0.6842105263157895,0.6842105263157895,1.0,1.0
PM4_heatmap_speed2,2121129191,connected,24,14,17,0.8235294117647058,0.8235294117647058,-1.0,-1.0
PM4_heatmap_speed2,2121129191,connected,25,14,5,1.0,1.0,-1.0,-1.0
PM4_heatmap_speed2,2121129191,connected,26,14,76,0.8552631578947368,0.8552631578947368,1.0,1.0
PM4_heatmap_speed2,2121129191,connected,27,14,64,0.890625,0.890625,1.0,1.0
PM4_heatmap_speed2,2121129191,connected,28,14,16,0.9375,0.9375,1.0,1.0
PM4_heatmap_speed2,2121129191,connected,29,14,25,0.96,0.96,-1.0,-1.0
PM4_heatmap_speed2,2121129191,connected,30,14,40,0.875,0.875,0.5,0.5
PM4_heatmap_speed2,2121129191,connected,31,14,11,0.9090909090909091,0.9090909090909091,1.0,1.0
PM4_heatmap_speed2,2121129191,connected,33,14,11,0.6363636363636364,0.6363636363636364,-1.0,-1.0
PM4_heatmap_speed2,2121129191,connected,35,14,21,0.7619047619047619,0.7619047619047619,-1.0,-1.0
PM4_heatmap_speed2,2121129191,connected,36,14,60,0.9,0.9,1.0,1.0
PM4_heatmap_speed2,2121129191,connected,37,14,20,0.7,0.7,-1.0,-1.0
PM4_heatmap_speed2,2121129191,connected,38,14,63,0.8888888888888888,0.8888888888888888,-1.0,-1.0
PM4_heatmap_speed2,2121129191,connected,39,14,46,0.8260869565217391,0.8260869565217391,-1.0,-1.0
PM4_heatmap_speed2,2121129191,connected,40,14,164,0.8902439024390244,0.8902439024390244,0.0,0.0
PM4_heatmap_speed2,2121129191,connected,41,14,168,0.9047619047619048,0.9047619047619048,0.75,0.75
PM4_heatmap_speed2,2121129191,connected,42,14,48,0.875,0.875,0.5,0.5
PM4_heatmap_speed2,2121129191,connected,43,14,34,0.8823529411764706,0.8823529411764706,-1.0,-1.0
PM4_heatmap_speed2,2121129191,connected,44,14,17,0.9411764705882353,0.9411764705882353,-1.0,-1.0
PM4_heatmap_speed2,2121129191,connected,45,14,48,0.8125,0.8125,-1.0,-1.0
PM4_heatmap_speed2,2121129191,connected,46,14,148,0.8378378378378378,0.8378378378378378,-1.0,-1.0
PM4_heatmap_speed2,2121129191,connected,47,14,211,0.909952606635071,0.909952606635071,-1.0,-1.0
PM4_heatmap_speed2,2121129191,connected,48,14,63,0.8571428571428571,0.8571428571428571,-1.0,-1.0
PM4_heatmap_speed2,2121129191,connected,49,14,94,0.8723404255319149,0.8723404255319149,-1.0,-1.0
PM4_heatmap_speed2,2121129191,connected,0,15,6,1.0,1.0,-1.0,-1.0
PM4_heatmap_speed2,2121129191,connected,2,15,38,0.868421052631579,0.868421052631579,-1.0,-1.0
PM4_heatmap_speed2,2121129191,connected,3,15,41,0.8536585365853658,0.8536585365853658,1.0,1.0
PM4_heatmap_speed2,2121129191,connected,4,15,4,1.0,1.0,1.0,1.0
PM4_heatmap_speed2,2121129191,connected,5,15,32,0.875,0.875,-1.0,-1.0
PM4_heatmap_speed2,2121129191,connected,6,15,44,0.8863636363636364,0.8863636363636364,1.0,1.0
PM4_heatmap_speed2,2121129191,connected,7,15,45,0.9111111111111111,0.9111111111111111,-1.0,-1.0
PM4_heatmap_speed2,2121129191,connected,8,15,18,0.9444444444444444,0.9444444444444444,-1.0,-1.0
PM4_heatmap_speed2,2121129191,connected,9,15,25,0.68,0.68,-1.0,-1.0
PM4_heatmap_speed2,2121129191,connected,10,15,64,0.84375,0.84375,-1.0,-1.0
PM4_heatmap_speed2,2121129191,connected,11,15,57,0.8070175438596491,0.8070175438596491,-1.0,-1.0
PM4_heatmap_speed2,2121129191,connected,13,15,37,0.8918918918918919,0.8918918918918919,1.0,1.0
PM4_heatmap_speed2,2121129191,connected,15,15,15,0.8666666666666667,0.8666666666666667,-1.0,-1.0
PM4_heatmap_speed2,2121129191,connected,16,15,7,0.7142857142857143,0.7142857142857143,-1.0,-1.0
PM4_heatmap_speed2,2121129191,connected,17,15,60,0.8333333333333334,0.8333333333333334,0.8333333333333334,0.8333333333333334
PM4_heatmap_speed2,2121129191,connected,18,15,24,0.6666666666666666,0.6666666666666666,1.0,1.0
PM4_heatmap_speed2,2121129191,connected,19,15,83,0.9036144578313253,0.9036144578313253,-1.0,-1.0
PM4_heatmap_speed2,2121129191,connected,20,15,36,0.8055555555555556,0.8055555555555556,1.0,1.0
PM4_heatmap_speed2,2121129191,connected,21,15,27,0.8888888888888888,0.8888888888888888,0.5,0.5
PM4_heatmap_speed2,2121129191,connected,22,15,41,0.8292682926829268,0.8292682926829268,1.0,1.0
PM4_heatmap_speed2,2121129191,connected,23,15,4,0.75,0.75,1.0,1.0
PM4_heatmap_speed2,2121129191,connected,24,15,30,0.9,0.9,-1.0,-1.0
PM4_heatmap_speed2,2121129191,connected,25,15,27,0.8518518518518519,0.8518518518518519,-1.0,-1.0
PM4_heatmap_speed2,2121129191,connected,27,15,34,0.6764705882352942,0.6764705882352942,-1.0,-1.0
PM4_heatmap_speed2,2121129191,connected,28,15,3,1.0,1.0,-1.0,-1.0
PM4_heatmap_speed2,2121129191,connected,29,15,13,1.0,1.0,-1.0,-1.0
PM4_heatmap_speed2,2121129191,connected,30,15,12,0.9166666666666666,0.9166666666666666,-1.0,-1.0
PM4_heatmap_speed2,2121129191,connected,31,15,20,0.85,0.85,1.0,1.0
PM4_heatmap_speed2,2121129191,connected,32,15,28,0.8928571428571429,0.8928571428571429,-1.0,-1.0
PM4_heatmap_speed2,2121129191,connected,33,15,37,0.8648648648648649,0.8648648648648649,-1.0,-1.0
PM4_heatmap_speed2,2121129191,connected,34,15,10,0.8,0.8,-1.0,-1.0
PM4_heatmap_speed2,2121129191,connected,35,15,68,0.7794117647058824,0.7794117647058824,1.0,1.0
PM4_heatmap_speed2,2121129191,connected,36,15,32,0.8125,0.8125,1.0,1.0
PM4_heatmap_speed2,2121129191,connected,38,15,30,0.8666666666666667,0.8666666666666667,-1.0,-1.0
PM4_heatmap_speed2,2121129191,connected,39,15,12,0.8333333333333334,0.8333333333333334,-1.0,-1.0
PM4_heatmap_speed2,2121129191,connected,40,15,18,0.7777777777777778,0.7777777777777778,-1.0,-1.0
PM4_heatmap_speed2,2121129191,connected,41,15,99,0.8888888888888888,0.8888888888888888,0.0,0.0
PM4_heatmap_speed2,2121129191,connected,42,15,23,0.8260869565217391,0.8260869565217391,0.5,0.5
PM4_heatmap_speed2,2121129191,connected,43,15,55,0.8727272727272727,0.8727272727272727,0.6666666666666666,0.6666666666666666
PM4_heatmap_speed2,2121129191,connected,44,15,39,0.7435897435897436,0.7435897435897436,1.0,1.0
PM4_heatmap_speed2,2121129191,connected,46,15,45,0.7333333333333333,0.7333333333333333,0.0,0.0
PM4_heatmap_speed2,2121129191,connected,47,15,58,0.8448275862068966,0.8448275862068966,-1.0,-1.0
PM4_heatmap_speed2,2121129191,connected,49,15,71,0.9014084507042254,0.9014084507042254,-1.0,-1.0
PM4_heatmap_speed2,2121129191,connected,0,16,1,1.0,1.0,-1.0,-1.0
PM4_heatmap_speed2,2121129191,connected,1,16,19,0.8947368421052632,0.8947368421052632,-1.0,-1.0
PM4_heatmap_speed2,2121129191,connected,2,16,94,0.9361702127659575,0.9361702127659575,-1.0,-1.0
PM4_heatmap_speed2,2121129191,connected,3,16,104,0.9134615384615384,0.9134615384615384,-1.0,-1.0
PM4_heatmap_speed2,2121129191,connected,4,16,91,0.8351648351648352,0.8351648351648352,-1.0,-1.0
PM4_heatmap_speed2,2121129191,connected,5,16,110,0.9454545454545454,0.9454545454545454,-1.0,-1.0
PM4_heatmap_speed2,2121129191,connected,6,16,61,0.819672131147541,0.819672131147541,0.7142857142857143,0.7142857142857143
PM4_heatmap_speed2,2121129191,connected,7,16,16,0.8125,0.8125,-1.0,-1.0
PM4_heatmap_speed2,2121129191,connected,8,16,36,0.9444444444444444,0.9444444444444444,-1.0,-1.0
PM4_heatmap_speed2,2121129191,connected,9,16,24,0.875,0.875,-1.0,-1.0
PM4_heatmap_speed2,2121129191,connected,10,16,98,0.9285714285714286,0.9285714285714286,-1.0,-1.0
PM4_heatmap_speed2,2121129191,connected,11,16,104,0.8461538461538461,0.8461538461538461,0.6666666666666666,0.6666666666666666
PM4_heatmap_speed2,2121129191,connected,12,16,33,0.9090909090909091,0.9090909090909091,-1.0,-1.0
PM4_heatmap_speed2,2121129191,connected,13,16,50,0.86,0.86,-1.0,-1.0
PM4_heatmap_speed2,2121129191,connected,14,16,28,0.8214285714285714,0.8214285714285714,1.0,1.0
PM4_heatmap_speed2,2121129191,connected,15,16,59,0.864406779661017,0.864406779661017,0.5,0.5
PM4_heatmap_speed2,2121129191,connected,16,16,21,0.8571428571428571,0.8571428571428571,-1.0,-1.0
PM4_heatmap_speed2,2121129191,connected,17,16,36,0.8611111111111112,0.8611111111111112,-1.0,-1.0
PM4_heatmap_speed2,2121129191,connected,18,16,70,0.8571428571428571,0.8571428571428571,1.0,1.0
PM4_heatmap_speed2,2121129191,connected,19,16,57,0.9122807017543859,0.9122807017543859,1.0,1.0
PM4_heatmap_speed2,2121129191,connected,20,16,164,0.8597560975609756,0.8597560975609756,0.8888888888888888,0.8888888888888888
PM4_heatmap_speed2,2121129191,connected,21,16,121,0.8181818181818182,0.8181818181818182,0.8333333333333334,0.8333333333333334
PM4_heatmap_speed2,2121129191,connected,22,16,70,0.8428571428571429,0.8428571428571429,0.9285714285714286,0.9285714285714286
PM4_heatmap_speed2,2121129191,connected,23,16,29,0.9310344827586207,0.9310344827586207,0.875,0.875
PM4_heatmap_speed2,2121129191,connected,24,16,61,0.8524590163934426,0.8524590163934426,0.8571428571428571,0.8571428571428571
PM4_heatmap_speed2,2121129191,connected,25,16,77,0.8441558441558441,0.8441558441558441,0.8333333333333334,0.8333333333333334
PM4_heatmap_speed2,2121129191,connected,26,16,13,0.6923076923076923,0.6923076923076923,1.0,1.0
PM4_heatmap_speed2,2121129191,connected,27,16,17,0.8823529411764706,0.8823529411764706,-1.0,-1.0
PM4_heatmap_speed2,2121129191,connected,28,16,28,0.7857142857142857,0.7857142857142857,-1.0,-1.0
PM4_heatmap_speed2,2121129191,connected,29,16,14,0.6428571428571429,0.6428571428571429,-1.0,-1.0
PM4_heatmap_speed2,2121129191,connected,30,16,28,0.8571428571428571,0.8571428571428571,-1.0,-1.0
PM4_heatmap_speed2,2121129191,connected,31,16,18,0.7777777777777778,0.7777777777777778,-1.0,-1.0
PM4_heatmap_speed2,2121129191,connected,32,16,33,0.8787878787878788,0.8787878787878788,1.0,1.0
PM4_heatmap_speed2,2121129191,connected,33,16,62,0.8387096774193549,0.8387096774193549,0.6666666666666666,0.6666666666666666
PM4_heatmap_speed2,2121129191,connected,34,16,25,0.88,0.88,1.0,1.0
PM4_heatmap_speed2,2121129191,connected,35,16,55,0.8363636363636363,0.8363636363636363,1.0,1.0
PM4_heatmap_speed2,2121129191,connected,36,16,58,0.896551724137931,0.896551724137931,1.0,1.0
PM4_heatmap_speed2,2121129191,connected,38,16,45,0.9111111111111111,0.9111111111111111,-1.0,-1.0
PM4_heatmap_speed2,2121129191,connected,39,16,40,0.875,0.875,-1.0,-1.0
PM4_heatmap_speed2,2121129191,connected,40,16,44,0.8863636363636364,0.8863636363636364,-1.0,-1.0
PM4_heatmap_speed2,2121129191,connected,41,16,100,0.9,0.9,1.0,1.0
PM4_heatmap_speed2,2121129191,connected,42,16,102,0.9117647058823529,0.9117647058823529,0.875,0.875
PM4_heatmap_speed2,2121129191,connected,43,16,116,0.9224137931034483,0.9224137931034483,0.8333333333333334,0.8333333333333334
PM4_heatmap_speed2,2121129191,connected,44,16,121,0.8760330578512396,0.8760330578512396,0.8333333333333334,0.8333333333333334
PM4_heatmap_speed2,2121129191,connected,45,16,38,0.8157894736842105,0.8157894736842105,1.0,1.0
PM4_heatmap_speed2,2121129191,connected,46,16,106,0.839622641509434,0.839622641509434,0.875,0.875
PM4_heatmap_speed2,2121129191,connected,47,16,111,0.8738738738738738,0.8738738738738738,1.0,1.0
PM4_heatmap_speed2,2121129191,connected,48,16,83,0.8795180722891566,0.8795180722891566,-1.0,-1.0
PM4_heatmap_speed2,2121129191,connected,49,16,17,0.7647058823529411,0.7647058823529411,-1.0,-1.0
PM4_heatmap_speed2,2121129191,connected,0,17,37,0.972972972972973,0.972972972972973,-1.0,-1.0
PM4_heatmap_speed2,2121129191,connected,1,17,43,0.9069767441860465,0.9069767441860465,-1.0,-1.0
PM4_heatmap_speed2,2121129191,connected,2,17,63,0.9047619047619048,0.9047619047619048,0.6666666666666666,0.6666666666666666
PM4_heatmap_speed2,2121129191,connected,3,17,75,0.8133333333333334,0.8133333333333334,-1.0,-1.0
PM4_heatmap_speed2,2121129191,connected,4,17,92,0.9021739130434783,0.9021739130434783,1.0,1.0
PM4_heatmap_speed2,2121129191,connected,5,17,22,0.9090909090909091,0.9090909090909091,-1.0,-1.0
PM4_heatmap_speed2,2121129191,connected,6,17,7,1.0,1.0,-1.0,-1.0
PM4_heatmap_speed2,2121129191,connected,7,17,16,0.8125,0.8125,-1.0,-1.0
PM4_heatmap_speed2,2121129191,connected,8,17,2,1.0,1.0,-1.0,-1.0
PM4_heatmap_speed2,2121129191,connected,9,17,23,0.8260869565217391,0.8260869565217391,-1.0,-1.0
PM4_heatmap_speed2,2121129191,connected,10,17,15,0.8666666666666667,0.8666666666666667,-1.0,-1.0
PM4_heatmap_speed2,2121129191,connected,11,17,26,0.8461538461538461,0.8461538461538461,0.0,0.0
PM4_heatmap_speed2,2121129191,connected,13,17,23,0.6956521739130435,0.6956521739130435,-1.0,-1.0
PM4_heatmap_speed2,2121129191,connected,14,17,23,0.9130434782608695,0.9130434782608695,-1.0,-1.0
PM4_heatmap_speed2,2121129191,connected,15,17,70,0.8571428571428571,0.8571428571428571,0.0,0.0
PM4_heatmap_speed2,2121129191,connected,16,17,27,0.8518518518518519,0.8518518518518519,-1.0,-1.0
PM4_heatmap_speed2,2121129191,connected,17,17,74,0.8648648648648649,0.8648648648648649,-1.0,-1.0
PM4_heatmap_speed2,2121129191,connected,18,17,25,0.92,0.92,1.0,1.0
PM4_heatmap_speed2,2121129191,connected,19,17,11,0.8181818181818182,0.8181818181818182,-1.0,-1.0
PM4_heatmap_speed2,2121129191,connected,20,17,63,0.8253968253968254,0.8253968253968254,0.6666666666666666,0.6666666666666666
PM4_heatmap_speed2,2121129191,connected,21,17,38,0.7894736842105263,0.7894736842105263,0.0,0.0
PM4_heatmap_speed2,2121129191,connected,22,17,49,0.8775510204081632,0.8775510204081632,1.0,1.0
PM4_heatmap_speed2,2121129191,connected,24,17,54,0.8703703703703703,0.8703703703703703,-1.0,-1.0
PM4_heatmap_speed2,2121129191,connected,25,17,28,0.8571428571428571,0.8571428571428571,1.0,1.0
PM4_heatmap_speed2,2121129191,connected,26,17,17,0.9411764705882353,0.9411764705882353,-1.0,-1.0
PM4_heatmap_speed2,2121129191,connected,27,17,13,0.9230769230769231,0.9230769230769231,-1.0,-1.0
PM4_heatmap_speed2,2121129191,connected,28,17,17,0.7647058823529411,0.7647058823529411,-1.0,-1.0
PM4_heatmap_speed2,2121129191,connected,29,17,36,0.8055555555555556,0.8055555555555556,-1.0,-1.0
PM4_heatmap_speed2,2121129191,connected,30,17,9,0.6666666666666666,0.6666666666666666,-1.0,-1.0
PM4_heatmap_speed2,2121129191,connected,31,17,13,0.9230769230769231,0.9230769230769231,-1.0,-1.0
PM4_heatmap_speed2,2121129191,connected,32,17,43,0.7906976744186046,0.7906976744186046,-1.0,-1.0
PM4_heatmap_speed2,2121129191,connected,33,17,53,0.8301886792452831,0.8301886792452831,0.875,0.875
PM4_heatmap_speed2,2121129191,connected,34,17,61,0.8688524590163934,0.8688524590163934,-1.0,-1.0
PM4_heatmap_speed2,2121129191,connected,35,17,17,0.8823529411764706,0.8823529411764706,-1.0,-1.0
PM4_heatmap_speed2,2121129191,connected,36,17,25,0.92,0.92,-1.0,-1.0
PM4_heatmap_speed2,2121129191,connected,37,17,10,0.8,0.8,-1.0,-1.0
PM4_heatmap_speed2,2121129191,connected,38,17,65,0.9076923076923077,0.9076923076923077,0.6666666666666666,0.6666666666666666
PM4_heatmap_speed2,2121129191,connected,39,17,93,0.9032258064516129,0.9032258064516129,0.0,0.0
PM4_heatmap_speed2,2121129191,connected,40,17,43,0.7906976744186046,0.7906976744186046,-1.0,-1.0
PM4_heatmap_speed2,2121129191,connected,41,17,25,1.0,1.0,-1.0,-1.0
PM4_heatmap_speed2,2121129191,connected,42,17,25,0.96,0.96,-1.0,-1.0
PM4_heatmap_speed2,2121129191,connected,43,17,44,0.9090909090909091,0.9090909090909091,-1.0,-1.0
PM4_heatmap_speed2,2121129191,connected,44,17,41,0.926829268292683,0.926829268292683,1.0,1.0
PM4_heatmap_speed2,2121129191,connected,46,17,71,0.9154929577464789,0.9154929577464789,1.0,1.0
PM4_heatmap_speed2,2121129191,connected,47,17,146,0.8904109589041096,0.8904109589041096,-1.0,-1.0
PM4_heatmap_speed2,2121129191,connected,48,17,44,0.9545454545454546,0.9545454545454546,-1.0,-1.0
PM4_heatmap_speed2,2121129191,connected,49,17,75,0.8933333333333333,0.8933333333333333,-1.0,-1.0
PM4_heatmap_speed2,2121129191,connected,0,18,28,1.0,1.0,-1.0,-1.0
PM4_heatmap_speed2,2121129191,connected,1,18,58,0.8793103448275862,0.8793103448275862,-1.0,-1.0
PM4_heatmap_speed2,2121129191,connected,2,18,56,0.8035714285714286,0.8035714285714286,0.0,0.0
PM4_heatmap_speed2,2121129191,connected,4,18,39,0.8461538461538461,0.8461538461538461,1.0,1.0
PM4_heatmap_speed2,2121129191,connected,5,18,33,0.9090909090909091,0.9090909090909091,-1.0,-1.0
PM4_heatmap_speed2,2121129191,connected,6,18,24,0.7916666666666666,0.7916666666666666,-1.0,-1.0
PM4_heatmap_speed2,2121129191,connected,7,18,66,0.8787878787878788,0.8787878787878788,-1.0,-1.0
PM4_heatmap_speed2,2121129191,connected,8,18,11,0.7272727272727273,0.7272727272727273,-1.0,-1.0
PM4_heatmap_speed2,2121129191,connected,9,18,16,0.875,0.875,-1.0,-1.0
PM4_heatmap_speed2,2121129191,connected,10,18,1,1.0,1.0,-1.0,-1.0
PM4_heatmap_speed2,2121129191,connected,11,18,13,0.9230769230769231,0.9230769230769231,-1.0,-1.0
PM4_heatmap_speed2,2121129191,connected,13,18,23,0.8695652173913043,0.8695652173913043,-1.0,-1.0
PM4_heatmap_speed2,2121129191,connected,14,18,28,0.75,0.75,-1.0,-1.0
PM4_heatmap_speed2,2121129191,connected,16,18,13,0.7692307692307693,0.7692307692307693,-1.0,-1.0
PM4_heatmap_speed2,2121129191,connected,17,18,15,0.9333333333333333,0.9333333333333333,-1.0,-1.0
PM4_heatmap_speed2,2121129191,connected,18,18,30,0.8666666666666667,0.8666666666666667,-1.0,-1.0
PM4_heatmap_speed2,2121129191,connected,19,18,32,0.875,0.875,1.0,1.0
PM4_heatmap_speed2,2121129191,connected,20,18,48,0.75,0.75,0.8,0.8
PM4_heatmap_speed2,2121129191,connected,21,18,51,0.9019607843137255,0.9019607843137255,0.7142857142857143,0.7142857142857143
PM4_heatmap_speed2,2121129191,connected,22,18,91,0.8021978021978022,0.8021978021978022,1.0,1.0
PM4_heatmap_speed2,2121129191,connected,24,18,35,0.8285714285714286,0.8285714285714286,-1.0,-1.0
PM4_heatmap_speed2,2121129191,connected,25,18,56,0.8214285714285714,0.8214285714285714,1.0,1.0
PM4_heatmap_speed2,2121129191,connected,26,18,20,0.8,0.8,1.0,1.0
PM4_heatmap_speed2,2121129191,connected,27,18,81,0.8641975308641975,0.8641975308641975,-1.0,-1.0
PM4_heatmap_speed2,2121129191,connected,28,18,5,0.8,0.8,-1.0,-1.0
PM4_heatmap_speed2,2121129191,connected,29,18,16,0.8125,0.8125,-1.0,-1.0
PM4_heatmap_speed2,2121129191,connected,30,18,7,0.7142857142857143,0.7142857142857143,-1.0,-1.0
PM4_heatmap_speed2,2121129191,connected,31,18,15,0.8666666666666667,0.8666666666666667,-1.0,-1.0
PM4_heatmap_speed2,2121129191,connected,33,18,11,0.7272727272727273,0.7272727272727273,-1.0,-1.0
PM4_heatmap_speed2,2121129191,connected,35,18,12,1.0,1.0,1.0,1.0
PM4_heatmap_speed2,2121129191,connected,36,18,9,0.7777777777777778,0.7777777777777778,-1.0,-1.0
PM4_heatmap_speed2,2121129191,connected,39,18,17,0.9411764705882353,0.9411764705882353,-1.0,-1.0
PM4_heatmap_speed2,2121129191,connected,40,18,192,0.8697916666666666,0.8697916666666666,-1.0,-1.0
PM4_heatmap_speed2,2121129191,connected,41,18,36,0.8611111111111112,0.8611111111111112,-1.0,-1.0
PM4_heatmap_speed2,2121129191,connected,42,18,35,0.9428571428571428,0.9428571428571428,-1.0,-1.0
PM4_heatmap_speed2,2121129191,connected,43,18,8,0.75,0.75,-1.0,-1.0
PM4_heatmap_speed2,2121129191,connected,44,18,105,0.8952380952380953,0.8952380952380953,1.0,1.0
PM4_heatmap_speed2,2121129191,connected,45,18,42,0.9523809523809523,0.9523809523809523,1.0,1.0
PM4_heatmap_speed2,2121129191,connected,46,18,44,0.9090909090909091,0.9090909090909091,-1.0,-1.0
PM4_heatmap_speed2,2121129191,connected,47,18,37,0.7837837837837838,0.7837837837837838,-1.0,-1.0
PM4_heatmap_speed2,2121129191,connected,49,18,29,0.8620689655172413,0.8620689655172413,-1.0,-1.0
PM4_heatmap_speed2,2121129191,connected,0,19,33,0.9696969696969697,0.9696969696969697,-1.0,-1.0
PM4_heatmap_speed2,2121129191,connected,1,19,53,0.8679245283018868,0.8679245283018868,-1.0,-1.0
PM4_heatmap_speed2,2121129191,connected,2,19,110,0.8727272727272727,0.8727272727272727,-1.0,-1.0
PM4_heatmap_speed2,2121129191,connected,3,19,49,0.8775510204081632,0.8775510204081632,-1.0,-1.0
PM4_heatmap_speed2,2121129191,connected,4,19,25,0.76,0.76,-1.0,-1.0
PM4_heatmap_speed2,2121129191,connected,5,19,39,0.9230769230769231,0.9230769230769231,-1.0,-1.0
PM4_heatmap_speed2,2121129191,connected,6,19,65,0.9384615384615385,0.9384615384615385,1.0,1.0
PM4_heatmap_speed2,2121129191,connected,7,19,30,0.9,0.9,1.0,1.0
PM4_heatmap_speed2,2121129191,connected,8,19,60,0.9,0.9,1.0,1.0
PM4_heatmap_speed2,2121129191,connected,9,19,22,0.7727272727272727,0.7727272727272727,1.0,1.0
PM4_heatmap_speed2,2121129191,connected,10,19,69,0.855072463768116,0.855072463768116,-1.0,-1.0
PM4_heatmap_speed2,2121129191,connected,11,19,35,0.9142857142857143,0.9142857142857143,-1.0,-1.0
PM4_heatmap_speed2,2121129191,connected,13,19,25,0.88,0.88,-1.0,-1.0
PM4_heatmap_speed2,2121129191,connected,14,19,63,0.7619047619047619,0.7619047619047619,1.0,1.0
PM4_heatmap_speed2,2121129191,connected,15,19,67,0.7611940298507462,0.7611940298507462,0.8,0.8
PM4_heatmap_speed2,2121129191,connected,16,19,61,0.8360655737704918,0.8360655737704918,0.75,0.75
PM4_heatmap_speed2,2121129191,connected,17,19,45,0.8222222222222222,0.8222222222222222,1.0,1.0
PM4_heatmap_speed2,2121129191,connected,18,19,137,0.8686131386861314,0.8686131386861314,1.0,1.0
PM4_heatmap_speed2,2121129191,connected,19,19,85,0.8235294117647058,0.8235294117647058,1.0,1.0
PM4_heatmap_speed2,2121129191,connected,20,19,60,0.7666666666666667,0.7666666666666667,0.6666666666666666,0.6666666666666666
PM4_heatmap_speed2,2121129191,connected,21,19,21,0.7142857142857143,0.7142857142857143,-1.0,-1.0
PM4_heatmap_speed2,2121129191,connected,22,19,74,0.8108108108108109,0.8108108108108109,-1.0,-1.0
PM4_heatmap_speed2,2121129191,connected,23,19,29,0.7931034482758621,0.7931034482758621,-1.0,-1.0
PM4_heatmap_speed2,2121129191,connected,24,19,57,0.8421052631578947,0.8421052631578947,-1.0,-1.0
PM4_heatmap_speed2,2121129191,connected,25,19,41,0.8536585365853658,0.8536585365853658,-1.0,-1.0
PM4_heatmap_speed2,2121129191,connected,26,19,21,0.7619047619047619,0.7619047619047619,-1.0,-1.0
PM4_heatmap_speed2,2121129191,connected,27,19,62,0.8387096774193549,0.8387096774193549,-1.0,-1.0
PM4_heatmap_speed2,2121129191,connected,28,19,60,0.75,0.75,-1.0,-1.0
PM4_heatmap_speed2,2121129191,connected,29,19,66,0.8484848484848485,0.8484848484848485,-1.0,-1.0
PM4_heatmap_speed2,2121129191,connected,30,19,10,0.9,0.9,-1.0,-1.0
PM4_heatmap_speed2,2121129191,connected,31,19,26,0.9615384615384616,0.9615384615384616,-1.0,-1.0
PM4_heatmap_speed2,2121129191,connected,32,19,11,0.7272727272727273,0.7272727272727273,-1.0,-1.0
PM4_heatmap_speed2,2121129191,connected,33,19,31,0.8709677419354839,0.8709677419354839,-1.0,-1.0
PM4_heatmap_speed2,2121129191,connected,34,19,14,0.9285714285714286,0.9285714285714286,-1.0,-1.0
PM4_heatmap_speed2,2121129191,connected,35,19,37,0.918918918918919,0.918918918918919,1.0,1.0
PM4_heatmap_speed2,2121129191,connected,36,19,46,0.8043478260869565,0.8043478260869565,-1.0,-1.0
PM4_heatmap_speed2,2121129191,connected,37,19,23,1.0,1.0,-1.0,-1.0
PM4_heatmap_speed2,2121129191,connected,38,19,12,0.8333333333333334,0.8333333333333334,-1.0,-1.0
PM4_heatmap_speed2,2121129191,connected,39,19,20,0.9,0.9,-1.0,-1.0
PM4_heatmap_speed2,2121129191,connected,40,19,34,0.8823529411764706,0.8823529411764706,-1.0,-1.0
PM4_heatmap_speed2,2121129191,connected,41,19,108,0.9166666666666666,0.9166666666666666,-1.0,-1.0
PM4_heatmap_speed2,2121129191,connected,42,19,96,0.84375,0.84375,1.0,1.0
PM4_heatmap_speed2,2121129191,connected,43,19,18,0.8333333333333334,0.8333333333333334,-1.0,-1.0
PM4_heatmap_speed2,2121129191,connected,44,19,101,0.8712871287128713,0.8712871287128713,-1.0,-1.0
PM4_heatmap_speed2,2121129191,connected,45,19,59,0.9322033898305084,0.9322033898305084,-1.0,-1.0
PM4_heatmap_speed2,2121129191,connected,47,19,52,0.8461538461538461,0.8461538461538461,0.3333333333333333,0.3333333333333333
PM4_heatmap_speed2,2121129191,connected,48,19,10,1.0,1.0,-1.0,-1.0
PM4_heatmap_speed2,2121129191,connected,49,19,20,1.0,1.0,1.0,1.0
PM4_heatmap_speed2,2121129191,connected,1,20,19,0.9473684210526315,0.9473684210526315,-1.0,-1.0
PM4_heatmap_speed2,2121129191,connected,2,20,18,0.9444444444444444,0.9444444444444444,-1.0,-1.0
PM4_heatmap_speed2,2121129191,connected,3,20,23,0.9130434782608695,0.9130434782608695,-1.0,-1.0
PM4_heatmap_speed2,2121129191,connected,4,20,13,0.9230769230769231,0.9230769230769231,-1.0,-1.0
PM4_heatmap_speed2,2121129191,connected,5,20,26,0.9230769230769231,0.9230769230769231,-1.0,-1.0
PM4_heatmap_speed2,2121129191,connected,6,20,30,0.8666666666666667,0.8666666666666667,1.0,1.0
PM4_heatmap_speed2,2121129191,connected,8,20,41,0.9024390243902439,0.9024390243902439,1.0,1.0
PM4_heatmap_speed2,2121129191,connected,9,20,62,0.7741935483870968,0.7741935483870968,1.0,1.0
PM4_heatmap_speed2,2121129191,connected,11,20,58,0.8448275862068966,0.8448275862068966,0.0,0.0
PM4_heatmap_speed2,2121129191,connected,12,20,27,0.7037037037037037,0.7037037037037037,-1.0,-1.0
PM4_heatmap_speed2,2121129191,connected,13,20,26,0.7692307692307693,0.7692307692307693,0.0,0.0
PM4_heatmap_speed2,2121129191,connected,14,20,14,0.7142857142857143,0.7142857142857143,-1.0,-1.0
PM4_heatmap_speed2,2121129191,connected,15,20,34,0.8235294117647058,0.8235294117647058,-1.0,-1.0
PM4_heatmap_speed2,2121129191,connected,16,20,66,0.803030303030303,0.803030303030303,0.5,0.5
PM4_heatmap_speed2,2121129191,connected,18,20,36,0.8611111111111112,0.8611111111111112,1.0,1.0
PM4_heatmap_speed2,2121129191,connected,19,20,66,0.8939393939393939,0.8939393939393939,-1.0,-1.0
PM4_heatmap_speed2,2121129191,connected,20,20,12,0.75,0.75,0.0,0.0
PM4_heatmap_speed2,2121129191,connected,22,20,25,0.76,0.76,-1.0,-1.0
PM4_heatmap_speed2,2121129191,connected,23,20,4,0.5,0.5,0.0,0.0
PM4_heatmap_speed2,2121129191,connected,24,20,56,0.8214285714285714,0.8214285714285714,-1.0,-1.0
PM4_heatmap_speed2,2121129191,connected,25,20,48,0.8125,0.8125,-1.0,-1.0
PM4_heatmap_speed2,2121129191,connected,26,20,15,0.8666666666666667,0.8666666666666667,-1.0,-1.0
PM4_heatmap_speed2,2121129191,connected,27,20,45,0.8222222222222222,0.8222222222222222,-1.0,-1.0
PM4_heatmap_speed2,2121129191,connected,28,20,56,0.8035714285714286,0.8035714285714286,-1.0,-1.0
PM4_heatmap_speed2,2121129191,connected,29,20,44,0.8181818181818182,0.8181818181818182,-1.0,-1.0
PM4_heatmap_speed2,2121129191,connected,30,20,40,0.85,0.85,-1.0,-1.0
PM4_heatmap_speed2,2121129191,connected,31,20,10,0.9,0.9,-1.0,-1.0
PM4_heatmap_speed2,2121129191,connected,32,20,10,0.7,0.7,1.0,1.0
PM4_heatmap_speed2,2121129191,connected,33,20,14,0.8571428571428571,0.8571428571428571,-1.0,-1.0
PM4_heatmap_speed2,2121129191,connected,34,20,1,1.0,1.0,-1.0,-1.0
PM4_heatmap_speed2,2121129191,connected,35,20,8,0.75,0.75,-1.0,-1.0
PM4_heatmap_speed2,2121129191,connected,36,20,19,0.7894736842105263,0.7894736842105263,-1.0,-1.0
PM4_heatmap_speed2,2121129191,connected,37,20,34,0.9117647058823529,0.9117647058823529,-1.0,-1.0
PM4_heatmap_speed2,2121129191,connected,38,20,10,1.0,1.0,-1.0,-1.0
PM4_heatmap_speed2,2121129191,connected,41,20,64,0.828125,0.828125,1.0,1.0
PM4_heatmap_speed2,2121129191,connected,42,20,95,0.8842105263157894,0.8842105263157894,1.0,1.0
PM4_heatmap_speed2,2121129191,connected,44,20,39,0.9743589743589743,0.9743589743589743,-1.0,-1.0
PM4_heatmap_speed2,2121129191,connected,46,20,25,0.92,0.92,-1.0,-1.0
PM4_heatmap_speed2,2121129191,connected,47,20,51,0.9019607843137255,0.9019607843137255,1.0,1.0
PM4_heatmap_speed2,2121129191,connected,49,20,33,0.9696969696969697,0.9696969696969697,1.0,1.0
PM4_heatmap_speed2,2121129191,connected,0,21,3,1.0,1.0,-1.0,-1.0
PM4_heatmap_speed2,2121129191,connected,1,21,8,0.75,0.75,-1.0,-1.0
PM4_heatmap_speed2,2121129191,connected,2,21,6,0.6666666666666666,0.6666666666666666,-1.0,-1.0
PM4_heatmap_speed2,2121129191,connected,3,21,12,1.0,1.0,-1.0,-1.0
PM4_heatmap_speed2,2121129191,connected,4,21,7,0.8571428571428571,0.8571428571428571,-1.0,-1.0
PM4_heatmap_speed2,2121129191,connected,5,21,15,0.9333333333333333,0.9333333333333333,-1.0,-1.0
PM4_heatmap_speed2,2121129191,connected,6,21,51,0.9411764705882353,0.9411764705882353,1.0,1.0
PM4_heatmap_speed2,2121129191,connected,7,21,42,0.9523809523809523,0.9523809523809523,1.0,1.0
PM4_heatmap_speed2,2121129191,connected,8,21,55,0.8,0.8,1.0,1.0
PM4_heatmap_speed2,2121129191,connected,9,21,119,0.8823529411764706,0.8823529411764706,0.8333333333333334,0.8333333333333334
PM4_heatmap_speed2,2121129191,connected,10,21,81,0.8518518518518519,0.8518518518518519,0.8333333333333334,0.8333333333333334
PM4_heatmap_speed2,2121129191,connected,11,21,94,0.8191489361702128,0.8191489361702128,0.6666666666666666,0.6666666666666666
PM4_heatmap_speed2,2121129191,connected,12,21,37,0.7837837837837838,0.7837837837837838,1.0,1.0
PM4_heatmap_speed2,2121129191,connected,13,21,53,0.8301886792452831,0.8301886792452831,0.6,0.6
PM4_heatmap_speed2,2121129191,connected,14,21,41,0.8048780487804879,0.8048780487804879,1.0,1.0
PM4_heatmap_speed2,2121129191,connected,15,21,45,0.6888888888888889,0.6888888888888889,0.4,0.4
PM4_heatmap_speed2,2121129191,connected,16,21,83,0.7469879518072289,0.7469879518072289,1.0,1.0
PM4_heatmap_speed2,2121129191,connected,17,21,12,0.9166666666666666,0.9166666666666666,-1.0,-1.0
PM4_heatmap_speed2,2121129191,connected,18,21,40,0.875,0.875,-1.0,-1.0
PM4_heatmap_speed2,2121129191,connected,19,21,30,0.9,0.9,-1.0,-1.0
PM4_heatmap_speed2,2121129191,connected,20,21,19,0.9473684210526315,0.9473684210526315,-1.0,-1.0
PM4_heatmap_speed2,2121129191,connected,22,21,29,0.8620689655172413,0.8620689655172413,-1.0,-1.0
PM4_heatmap_speed2,2121129191,connected,23,21,29,0.7931034482758621,0.7931034482758621,0.6666666666666666,0.6666666666666666
PM4_heatmap_speed2,2121129191,connected,24,21,31,0.7096774193548387,0.7096774193548387,-1.0,-1.0
PM4_heatmap_speed2,2121129191,connected,25,21,63,0.8095238095238095,0.8095238095238095,-1.0,-1.0
PM4_heatmap_speed2,2121129191,connected,26,21,14,0.7857142857142857,0.7857142857142857,-1.0,-1.0
PM4_heatmap_speed2,2121129191,connected,27,21,10,0.9,0.9,-1.0,-1.0
PM4_heatmap_speed2,2121129191,connected,28,21,20,1.0,1.0,-1.0,-1.0
PM4_heatmap_speed2,2121129191,connected,30,21,22,0.8181818181818182,0.8181818181818182,1.0,1.0
PM4_heatmap_speed2,2121129191,connected,31,21,17,0.8235294117647058,0.8235294117647058,1.0,1.0
PM4_heatmap_speed2,2121129191,connected,32,21,19,0.9473684210526315,0.9473684210526315,1.0,1.0
PM4_heatmap_speed2,2121129191,connected,33,21,5,0.6,0.6,-1.0,-1.0
PM4_heatmap_speed2,2121129191,connected,34,21,2,0.5,0.5,-1.0,-1.0
PM4_heatmap_speed2,2121129191,connected,35,21,6,1.0,1.0,-1.0,-1.0
PM4_heatmap_speed2,2121129191,connected,36,21,35,0.9714285714285714,0.9714285714285714,-1.0,-1.0
PM4_heatmap_speed2,2121129191,connected,37,21,21,0.8095238095238095,0.8095238095238095,-1.0,-1.0
PM4_heatmap_speed2,2121129191,connected,38,21,32,0.96875,0.96875,-1.0,-1.0
PM4_heatmap_speed2,2121129191,connected,39,21,20,0.85,0.85,-1.0,-1.0
PM4_heatmap_speed2,2121129191,connected,40,21,16,0.625,0.625,-1.0,-1.0
PM4_heatmap_speed2,2121129191,connected,41,21,27,0.9629629629629629,0.9629629629629629,-1.0,-1.0
PM4_heatmap_speed2,2121129191,connected,42,21,116,0.853448275862069,0.853448275862069,0.8,0.8
PM4_heatmap_speed2,2121129191,connected,43,21,31,0.8709677419354839,0.8709677419354839,-1.0,-1.0
PM4_heatmap_speed2,2121129191,connected,44,21,25,0.8,0.8,-1.0,-1.0
PM4_heatmap_speed2,2121129191,connected,46,21,45,0.8222222222222222,0.8222222222222222,1.0,1.0
PM4_heatmap_speed2,2121129191,connected,47,21,100,0.95,0.95,1.0,1.0
PM4_heatmap_speed2,2121129191,connected,48,21,45,0.9111111111111111,0.9111111111111111,1.0,1.0
PM4_heatmap_speed2,2121129191,connected,49,21,21,0.9047619047619048,0.9047619047619048,1.0,1.0
PM4_heatmap_speed2,2121129191,connected,0,22,26,0.9230769230769231,0.9230769230769231,-1.0,-1.0
PM4_heatmap_speed2,2121129191,connected,1,22,15,0.8666666666666667,0.8666666666666667,-1.0,-1.0
PM4_heatmap_speed2,2121129191,connected,2,22,44,0.8409090909090909,0.8409090909090909,0.75,0.75
PM4_heatmap_speed2,2121129191,connected,3,22,66,0.8787878787878788,0.8787878787878788,0.0,0.0
PM4_heatmap_speed2,2121129191,connected,4,22,37,0.9459459459459459,0.9459459459459459,-1.0,-1.0
PM4_heatmap_speed2,2121129191,connected,5,22,50,0.92,0.92,-1.0,-1.0
PM4_heatmap_speed2,2121129191,connected,6,22,45,0.9111111111111111,0.9111111111111111,-1.0,-1.0
PM4_heatmap_speed2,2121129191,connected,7,22,24,0.75,0.75,-1.0,-1.0
PM4_heatmap_speed2,2121129191,connected,8,22,43,0.7906976744186046,0.7906976744186046,-1.0,-1.0
PM4_heatmap_speed2,2121129191,connected,9,22,11,0.7272727272727273,0.7272727272727273,-1.0,-1.0
PM4_heatmap_speed2,2121129191,connected,10,22,94,0.851063829787234,0.851063829787234,0.8333333333333334,0.8333333333333334
PM4_heatmap_speed2,2121129191,connected,11,22,145,0.8758620689655172,0.8758620689655172,0.9090909090909091,0.9090909090909091
PM4_heatmap_speed2,2121129191,connected,12,22,63,0.8571428571428571,0.8571428571428571,0.8461538461538461,0.8461538461538461
PM4_heatmap_speed2,2121129191,connected,13,22,134,0.8880597014925373,0.8880597014925373,0.8125,0.8125
PM4_heatmap_speed2,2121129191,connected,14,22,39,0.8717948717948718,0.8717948717948718,-1.0,-1.0
PM4_heatmap_speed2,2121129191,connected,16,22,52,0.8269230769230769,0.8269230769230769,-1.0,-1.0
PM4_heatmap_speed2,2121129191,connected,17,22,20,0.85,0.85,-1.0,-1.0
PM4_heatmap_speed2,2121129191,connected,18,22,57,0.8771929824561403,0.8771929824561403,-1.0,-1.0
PM4_heatmap_speed2,2121129191,connected,19,22,65,0.8153846153846154,0.8153846153846154,0.6666666666666666,0.6666666666666666
PM4_heatmap_speed2,2121129191,connected,20,22,74,0.8243243243243243,0.8243243243243243,-1.0,-1.0
PM4_heatmap_speed2,2121129191,connected,21,22,27,0.9629629629629629,0.9629629629629629,-1.0,-1.0
PM4_heatmap_speed2,2121129191,connected,22,22,49,0.8367346938775511,0.8367346938775511,-1.0,-1.0
PM4_heatmap_speed2,2121129191,connected,23,22,24,0.6666666666666666,0.6666666666666666,-1.0,-1.0
PM4_heatmap_speed2,2121129191,connected,24,22,42,0.8571428571428571,0.8571428571428571,-1.0,-1.0
PM4_heatmap_speed2,2121129191,connected,25,22,84,0.7738095238095238,0.7738095238095238,-1.0,-1.0
PM4_heatmap_speed2,2121129191,connected,26,22,21,0.8571428571428571,0.8571428571428571,-1.0,-1.0
PM4_heatmap_speed2,2121129191,connected,27,22,32,0.84375,0.84375,-1.0,-1.0
PM4_heatmap_speed2,2121129191,connected,28,22,39,0.8974358974358975,0.8974358974358975,-1.0,-1.0
PM4_heatmap_speed2,2121129191,connected,29,22,13,0.6153846153846154,0.6153846153846154,-1.0,-1.0
PM4_heatmap_speed2,2121129191,connected,30,22,28,0.8214285714285714,0.8214285714285714,1.0,1.0
PM4_heatmap_speed2,2121129191,connected,31,22,31,0.8709677419354839,0.8709677419354839,0.8888888888888888,0.8888888888888888
PM4_heatmap_speed2,2121129191,connected,32,22,19,0.9473684210526315,0.9473684210526315,1.0,1.0
PM4_heatmap_speed2,2121129191,connected,33,22,5,0.8,0.8,-1.0,-1.0
PM4_heatmap_speed2,2121129191,connected,35,22,5,1.0,1.0,-1.0,-1.0
PM4_heatmap_speed2,2121129191,connected,36,22,34,0.8823529411764706,0.8823529411764706,-1.0,-1.0
PM4_heatmap_speed2,2121129191,connected,37,22,62,0.8387096774193549,0.8387096774193549,-1.0,-1.0
PM4_heatmap_speed2,2121129191,connected,38,22,42,0.8571428571428571,0.8571428571428571,-1.0,-1.0
PM4_heatmap_speed2,2121129191,connected,39,22,26,0.8846153846153846,0.8846153846153846,-1.0,-1.0
PM4_heatmap_speed2,2121129191,connected,40,22,64,0.875,0.875,-1.0,-1.0
PM4_heatmap_speed2,2121129191,connected,41,22,62,0.8548387096774194,0.8548387096774194,-1.0,-1.0
PM4_heatmap_speed2,2121129191,connected,42,22,66,0.9545454545454546,0.9545454545454546,1.0,1.0
PM4_heatmap_speed2,2121129191,connected,43,22,25,0.92,0.92,1.0,1.0
PM4_heatmap_speed2,2121129191,connected,44,22,60,0.8666666666666667,0.8666666666666667,-1.0,-1.0
PM4_heatmap_speed2,2121129191,connected,45,22,71,0.9295774647887324,0.9295774647887324,1.0,1.0
PM4_heatmap_speed2,2121129191,connected,46,22,45,0.8444444444444444,0.8444444444444444,1.0,1.0
PM4_heatmap_speed2,2121129191,connected,47,22,39,0.9487179487179487,0.9487179487179487,1.0,1.0
PM4_heatmap_speed2,2121129191,connected,48,22,50,0.94,0.94,1.0,1.0
PM4_heatmap_speed2,2121129191,connected,49,22,30,0.8666666666666667,0.8666666666666667,1.0,1.0
PM4_heatmap_speed2,2121129191,connected,0,23,7,0.8571428571428571,0.8571428571428571,-1.0,-1.0
PM4_heatmap_speed2,2121129191,connected,2,23,19,0.8421052631578947,0.8421052631578947,1.0,1.0
PM4_heatmap_speed2,2121129191,connected,3,23,18,0.7777777777777778,0.7777777777777778,-1.0,-1.0
PM4_heatmap_speed2,2121129191,connected,5,23,34,0.8529411764705882,0.8529411764705882,-1.0,-1.0
PM4_heatmap_speed2,2121129191,connected,6,23,23,0.8695652173913043,0.8695652173913043,-1.0,-1.0
PM4_heatmap_speed2,2121129191,connected,7,23,1,0.0,0.0,-1.0,-1.0
PM4_heatmap_speed2,2121129191,connected,8,23,20,0.7,0.7,-1.0,-1.0
PM4_heatmap_speed2,2121129191,connected,9,23,2,0.5,0.5,-1.0,-1.0
PM4_heatmap_speed2,2121129191,connected,10,23,21,0.8571428571428571,0.8571428571428571,-1.0,-1.0
PM4_heatmap_speed2,2121129191,connected,11,23,46,0.8695652173913043,0.8695652173913043,-1.0,-1.0
PM4_heatmap_speed2,2121129191,connected,13,23,65,0.8461538461538461,0.8461538461538461,0.9375,0.9375
PM4_heatmap_speed2,2121129191,connected,14,23,25,0.76,0.76,1.0,1.0
PM4_heatmap_speed2,2121129191,connected,16,23,16,0.9375,0.9375,-1.0,-1.0
PM4_heatmap_speed2,2121129191,connected,18,23,127,0.8582677165354331,0.8582677165354331,-1.0,-1.0
PM4_heatmap_speed2,2121129191,connected,19,23,55,0.8727272727272727,0.8727272727272727,0.0,0.0
PM4_heatmap_speed2,2121129191,connected,20,23,8,0.625,0.625,-1.0,-1.0
PM4_heatmap_speed2,2121129191,connected,21,23,30,0.8333333333333334,0.8333333333333334,-1.0,-1.0
PM4_heatmap_speed2,2121129191,connected,22,23,34,0.8235294117647058,0.8235294117647058,1.0,1.0
PM4_heatmap_speed2,2121129191,connected,24,23,12,0.5833333333333334,0.5833333333333334,-1.0,-1.0
PM4_heatmap_speed2,2121129191,connected,25,23,58,0.8448275862068966,0.8448275862068966,-1.0,-1.0
PM4_heatmap_speed2,2121129191,connected,26,23,8,0.875,0.875,-1.0,-1.0
PM4_heatmap_speed2,2121129191,connected,27,23,8,1.0,1.0,-1.0,-1.0
PM4_heatmap_speed2,2121129191,connected,28,23,5,0.6,0.6,-1.0,-1.0
PM4_heatmap_speed2,2121129191,connected,29,23,2,1.0,1.0,-1.0,-1.0
PM4_heatmap_speed2,2121129191,connected,30,23,28,0.6428571428571429,0.6428571428571429,0.875,0.875
PM4_heatmap_speed2,2121129191,connected,32,23,10,0.7,0.7,1.0,1.0
PM4_heatmap_speed2,2121129191,connected,33,23,10,0.9,0.9,-1.0,-1.0
PM4_heatmap_speed2,2121129191,connected,35,23,9,0.6666666666666666,0.6666666666666666,-1.0,-1.0
PM4_heatmap_speed2,2121129191,connected,37,23,59,0.8305084745762712,0.8305084745762712,-1.0,-1.0
PM4_heatmap_speed2,2121129191,connected,38,23,76,0.881578947368421,0.881578947368421,-1.0,-1.0
PM4_heatmap_speed2,2121129191,connected,39,23,8,0.875,0.875,-1.0,-1.0
PM4_heatmap_speed2,2121129191,connected,40,23,31,0.8387096774193549,0.8387096774193549,-1.0,-1.0
PM4_heatmap_speed2,2121129191,connected,41,23,48,0.7708333333333334,0.7708333333333334,-1.0,-1.0
PM4_heatmap_speed2,2121129191,connected,42,23,17,0.8235294117647058,0.8235294117647058,-1.0,-1.0
PM4_heatmap_speed2,2121129191,connected,45,23,17,0.7647058823529411,0.7647058823529411,-1.0,-1.0
PM4_heatmap_speed2,2121129191,connected,46,23,12,0.75,0.75,-1.0,-1.0
PM4_heatmap_speed2,2121129191,connected,47,23,11,0.8181818181818182,0.8181818181818182,-1.0,-1.0
PM4_heatmap_speed2,2121129191,connected,48,23,1,1.0,1.0,-1.0,-1.0
PM4_heatmap_speed2,2121129191,connected,49,23,13,0.9230769230769231,0.9230769230769231,-1.0,-1.0
PM4_heatmap_speed2,2121129191,connected,0,24,7,0.7142857142857143,0.7142857142857143,-1.0,-1.0
PM4_heatmap_speed2,2121129191,connected,1,24,12,0.8333333333333334,0.8333333333333334,-1.0,-1.0
PM4_heatmap_speed2,2121129191,connected,2,24,45,0.9111111111111111,0.9111111111111111,1.0,1.0
PM4_heatmap_speed2,2121129191,connected,3,24,47,0.8723404255319149,0.8723404255319149,-1.0,-1.0
PM4_heatmap_speed2,2121129191,connected,4,24,46,0.8478260869565217,0.8478260869565217,-1.0,-1.0
PM4_heatmap_speed2,2121129191,connected,5,24,55,0.9090909090909091,0.9090909090909091,-1.0,-1.0
PM4_heatmap_speed2,2121129191,connected,6,24,3,0.6666666666666666,0.6666666666666666,-1.0,-1.0
PM4_heatmap_speed2,2121129191,connected,7,24,19,0.7894736842105263,0.7894736842105263,-1.0,-1.0
PM4_heatmap_speed2,2121129191,connected,8,24,63,0.8888888888888888,0.8888888888888888,-1.0,-1.0
PM4_heatmap_speed2,2121129191,connected,9,24,17,0.8823529411764706,0.8823529411764706,-1.0,-1.0
PM4_heatmap_speed2,2121129191,connected,10,24,55,0.8727272727272727,0.8727272727272727,-1.0,-1.0
PM4_heatmap_speed2,2121129191,connected,11,24,70,0.8857142857142857,0.8857142857142857,-1.0,-1.0
PM4_heatmap_speed2,2121129191,connected,12,24,57,0.8245614035087719,0.8245614035087719,0.0,0.0
PM4_heatmap_speed2,2121129191,connected,13,24,67,0.8208955223880597,0.8208955223880597,1.0,1.0
PM4_heatmap_speed2,2121129191,connected,14,24,44,0.8636363636363636,0.8636363636363636,1.0,1.0
PM4_heatmap_speed2,2121129191,connected,15,24,31,0.8709677419354839,0.8709677419354839,1.0,1.0
PM4_heatmap_speed2,2121129191,connected,16,24,50,0.92,0.92,-1.0,-1.0
PM4_heatmap_speed2,2121129191,connected,17,24,18,0.7777777777777778,0.7777777777777778,1.0,1.0
PM4_heatmap_speed2,2121129191,connected,18,24,42,0.7619047619047619,0.7619047619047619,-1.0,-1.0
PM4_heatmap_speed2,2121129191,connected,19,24,92,0.8586956521739131,0.8586956521739131,-1.0,-1.0
PM4_heatmap_speed2,2121129191,connected,20,24,25,0.76,0.76,-1.0,-1.0
PM4_heatmap_speed2,2121129191,connected,21,24,102,0.9215686274509803,0.9215686274509803,1.0,1.0
PM4_heatmap_speed2,2121129191,connected,22,24,93,0.8709677419354839,0.8709677419354839,1.0,1.0
PM4_heatmap_speed2,2121129191,connected,23,24,52,0.8461538461538461,0.8461538461538461,1.0,1.0
PM4_heatmap_speed2,2121129191,connected,24,24,48,0.8333333333333334,0.8333333333333334,-1.0,-1.0
PM4_heatmap_speed2,2121129191,connected,25,24,32,0.90625,0.90625,-1.0,-1.0
PM4_heatmap_speed2,2121129191,connected,27,24,17,1.0,1.0,-1.0,-1.0
PM4_heatmap_speed2,2121129191,connected,28,24,15,0.7333333333333333,0.7333333333333333,-1.0,-1.0
PM4_heatmap_speed2,2121129191,connected,29,24,21,0.7142857142857143,0.7142857142857143,0.0,0.0
PM4_heatmap_speed2,2121129191,connected,30,24,33,0.8484848484848485,0.8484848484848485,0.7777777777777778,0.7777777777777778
PM4_heatmap_speed2,2121129191,connected,31,24,23,0.7391304347826086,0.7391304347826086,0.6666666666666666,0.6666666666666666
PM4_heatmap_speed2,2121129191,connected,32,24,43,0.9069767441860465,0.9069767441860465,1.0,1.0
PM4_heatmap_speed2,2121129191,connected,33,24,24,0.8333333333333334,0.8333333333333334,-1.0,-1.0
PM4_heatmap_speed2,2121129191,connected,34,24,13,0.6923076923076923,0.6923076923076923,-1.0,-1.0
PM4_heatmap_speed2,2121129191,connected,35,24,5,0.6,0.6,-1.0,-1.0
PM4_heatmap_speed2,2121129191,connected,36,24,6,1.0,1.0,-1.0,-1.0
PM4_heatmap_speed2,2121129191,connected,37,24,28,0.75,0.75,-1.0,-1.0
PM4_heatmap_speed2,2121129191,connected,38,24,95,0.9157894736842105,0.9157894736842105,1.0,1.0
PM4_heatmap_speed2,2121129191,connected,39,24,62,0.7741935483870968,0.7741935483870968,1.0,1.0
PM4_heatmap_speed2,2121129191,connected,40,24,4,0.75,0.75,-1.0,-1.0
PM4_heatmap_speed2,2121129191,connected,41,24,33,0.8181818181818182,0.8181818181818182,-1.0,-1.0
PM4_heatmap_speed2,2121129191,connected,42,24,37,0.918918918918919,0.918918918918919,-1.0,-1.0
PM4_heatmap_speed2,2121129191,connected,44,24,3,0.6666666666666666,0.6666666666666666,-1.0,-1.0
PM4_heatmap_speed2,2121129191,connected,45,24,4,0.75,0.75,-1.0,-1.0
PM4_heatmap_speed2,2121129191,connected,46,24,1,1.0,1.0,-1.0,-1.0
PM4_heatmap_speed2,2121129191,connected,47,24,12,1.0,1.0,-1.0,-1.0
PM4_heatmap_speed2,2121129191,connected,49,24,6,1.0,1.0,-1.0,-1.0
PM4_heatmap_speed2,2121129191,connected,0,25,7,0.8571428571428571,0.8571428571428571,-1.0,-1.0
PM4_heatmap_speed2,2121129191,connected,2,25,21,0.8095238095238095,0.8095238095238095,-1.0,-1.0
PM4_heatmap_speed2,2121129191,connected,3,25,85,0.9058823529411765,0.9058823529411765,-1.0,-1.0
PM4_heatmap_speed2,2121129191,connected,4,25,29,0.7586206896551724,0.7586206896551724,-1.0,-1.0
PM4_heatmap_speed2,2121129191,connected,5,25,50,0.86,0.86,-1.0,-1.0
PM4_heatmap_speed2,2121129191,connected,6,25,24,0.9166666666666666,0.9166666666666666,-1.0,-1.0
PM4_heatmap_speed2,2121129191,connected,7,25,40,0.925,0.925,-1.0,-1.0
PM4_heatmap_speed2,2121129191,connected,8,25,76,0.7894736842105263,0.7894736842105263,-1.0,-1.0
PM4_heatmap_speed2,2121129191,connected,9,25,24,0.75,0.75,-1.0,-1.0
PM4_heatmap_speed2,2121129191,connected,10,25,25,0.76,0.76,-1.0,-1.0
PM4_heatmap_speed2,2121129191,connected,11,25,81,0.8024691358024691,0.8024691358024691,-1.0,-1.0
PM4_heatmap_speed2,2121129191,connected,12,25,22,0.6818181818181818,0.6818181818181818,0.6666666666666666,0.6666666666666666
PM4_heatmap_speed2,2121129191,connected,13,25,35,0.7714285714285715,0.7714285714285715,1.0,1.0
PM4_heatmap_speed2,2121129191,connected,14,25,78,0.8461538461538461,0.8461538461538461,-1.0,-1.0
PM4_heatmap_speed2,2121129191,connected,15,25,12,0.8333333333333334,0.8333333333333334,-1.0,-1.0
PM4_heatmap_speed2,2121129191,connected,16,25,49,0.8571428571428571,0.8571428571428571,-1.0,-1.0
PM4_heatmap_speed2,2121129191,connected,17,25,2,1.0,1.0,-1.0,-1.0
PM4_heatmap_speed2,2121129191,connected,18,25,26,0.8076923076923077,0.8076923076923077,0.75,0.75
PM4_heatmap_speed2,2121129191,connected,19,25,33,0.8181818181818182,0.8181818181818182,0.8571428571428571,0.8571428571428571
PM4_heatmap_speed2,2121129191,connected,20,25,77,0.8571428571428571,0.8571428571428571,1.0,1.0
PM4_heatmap_speed2,2121129191,connected,21,25,29,0.896551724137931,0.896551724137931,1.0,1.0
PM4_heatmap_speed2,2121129191,connected,22,25,67,0.8656716417910447,0.8656716417910447,0.8,0.8
PM4_heatmap_speed2,2121129191,connected,23,25,19,0.6842105263157895,0.6842105263157895,0.5,0.5
PM4_heatmap_speed2,2121129191,connected,24,25,24,0.7083333333333334,0.7083333333333334,-1.0,-1.0
PM4_heatmap_speed2,2121129191,connected,25,25,57,0.8245614035087719,0.8245614035087719,0.6666666666666666,0.6666666666666666
PM4_heatmap_speed2,2121129191,connected,26,25,25,0.76,0.76,-1.0,-1.0
PM4_heatmap_speed2,2121129191,connected,27,25,40,0.875,0.875,-1.0,-1.0
PM4_heatmap_speed2,2121129191,connected,28,25,29,0.7586206896551724,0.7586206896551724,1.0,1.0
PM4_heatmap_speed2,2121129191,connected,30,25,16,0.875,0.875,-1.0,-1.0
PM4_heatmap_speed2,2121129191,connected,31,25,25,0.76,0.76,-1.0,-1.0
PM4_heatmap_speed2,2121129191,connected,32,25,32,0.875,0.875,1.0,1.0
PM4_heatmap_speed2,2121129191,connected,33,25,28,0.9642857142857143,0.9642857142857143,-1.0,-1.0
PM4_heatmap_speed2,2121129191,connected,34,25,6,0.8333333333333334,0.8333333333333334,-1.0,-1.0
PM4_heatmap_speed2,2121129191,connected,35,25,13,0.7692307692307693,0.7692307692307693,1.0,1.0
PM4_heatmap_speed2,2121129191,connected,36,25,34,0.8529411764705882,0.8529411764705882,1.0,1.0
PM4_heatmap_speed2,2121129191,connected,37,25,1,0.0,0.0,-1.0,-1.0
PM4_heatmap_speed2,2121129191,connected,38,25,41,0.926829268292683,0.926829268292683,0.75,0.75
PM4_heatmap_speed2,2121129191,connected,39,25,83,0.9036144578313253,0.9036144578313253,0.5,0.5
PM4_heatmap_speed2,2121129191,connected,40,25,39,0.9230769230769231,0.9230769230769231,-1.0,-1.0
PM4_heatmap_speed2,2121129191,connected,41,25,59,0.8813559322033898,0.8813559322033898,-1.0,-1.0
PM4_heatmap_speed2,2121129191,connected,42,25,35,0.8,0.8,-1.0,-1.0
PM4_heatmap_speed2,2121129191,connected,43,25,8,0.75,0.75,-1.0,-1.0
PM4_heatmap_speed2,2121129191,connected,44,25,10,0.7,0.7,-1.0,-1.0
PM4_heatmap_speed2,2121129191,connected,45,25,12,0.75,0.75,-1.0,-1.0
PM4_heatmap_speed2,2121129191,connected,46,25,4,0.0,0.0,-1.0,-1.0
PM4_heatmap_speed2,2121129191,connected,47,25,19,1.0,1.0,-1.0,-1.0
PM4_heatmap_speed2,2121129191,connected,48,25,14,1.0,1.0,-1.0,-1.0
PM4_heatmap_speed2,2121129191,connected,49,25,3,1.0,1.0,-1.0,-1.0
PM4_heatmap_speed2,2121129191,connected,0,26,10,1.0,1.0,-1.0,-1.0
PM4_heatmap_speed2,2121129191,connected,2,26,7,0.8571428571428571,0.8571428571428571,-1.0,-1.0
PM4_heatmap_speed2,2121129191,connected,3,26,25,0.88,0.88,-1.0,-1.0
PM4_heatmap_speed2,2121129191,connected,4,26,56,0.8928571428571429,0.8928571428571429,1.0,1.0
PM4_heatmap_speed2,2121129191,connected,5,26,41,0.7560975609756098,0.7560975609756098,0.75,0.75
PM4_heatmap_speed2,2121129191,connected,7,26,97,0.8762886597938144,0.8762886597938144,-1.0,-1.0
PM4_heatmap_speed2,2121129191,connected,8,26,64,0.84375,0.84375,-1.0,-1.0
PM4_heatmap_speed2,2121129191,connected,10,26,43,0.813953488372093,0.813953488372093,-1.0,-1.0
PM4_heatmap_speed2,2121129191,connected,11,26,35,0.8857142857142857,0.8857142857142857,0.6,0.6
PM4_heatmap_speed2,2121129191,connected,12,26,22,0.8636363636363636,0.8636363636363636,1.0,1.0
PM4_heatmap_speed2,2121129191,connected,13,26,6,1.0,1.0,1.0,1.0
PM4_heatmap_speed2,2121129191,connected,14,26,54,0.7962962962962963,0.7962962962962963,-1.0,-1.0
PM4_heatmap_speed2,2121129191,connected,15,26,71,0.8169014084507042,0.8169014084507042,-1.0,-1.0
PM4_heatmap_speed2,2121129191,connected,16,26,121,0.8264462809917356,0.8264462809917356,1.0,1.0
PM4_heatmap_speed2,2121129191,connected,17,26,32,0.71875,0.71875,1.0,1.0
PM4_heatmap_speed2,2121129191,connected,18,26,5,0.8,0.8,-1.0,-1.0
PM4_heatmap_speed2,2121129191,connected,19,26,23,0.8260869565217391,0.8260869565217391,1.0,1.0
PM4_heatmap_speed2,2121129191,connected,20,26,22,0.8636363636363636,0.8636363636363636,1.0,1.0
PM4_heatmap_speed2,2121129191,connected,22,26,37,0.8378378378378378,0.8378378378378378,1.0,1.0
PM4_heatmap_speed2,2121129191,connected,24,26,31,0.7419354838709677,0.7419354838709677,-1.0,-1.0
PM4_heatmap_speed2,2121129191,connected,25,26,23,0.7391304347826086,0.7391304347826086,0.6666666666666666,0.6666666666666666
PM4_heatmap_speed2,2121129191,connected,26,26,26,0.8461538461538461,0.8461538461538461,-1.0,-1.0
PM4_heatmap_speed2,2121129191,connected,27,26,52,0.7115384615384616,0.7115384615384616,-1.0,-1.0
PM4_heatmap_speed2,2121129191,connected,28,26,4,0.75,0.75,1.0,1.0
PM4_heatmap_speed2,2121129191,connected,29,26,5,1.0,1.0,-1.0,-1.0
PM4_heatmap_speed2,2121129191,connected,30,26,35,0.8571428571428571,0.8571428571428571,0.6666666666666666,0.6666666666666666
PM4_heatmap_speed2,2121129191,connected,31,26,33,0.9393939393939394,0.9393939393939394,-1.0,-1.0
PM4_heatmap_speed2,2121129191,connected,33,26,11,0.9090909090909091,0.9090909090909091,-1.0,-1.0
PM4_heatmap_speed2,2121129191,connected,35,26,12,0.8333333333333334,0.8333333333333334,0.8333333333333334,0.8333333333333334
PM4_heatmap_speed2,2121129191,connected,36,26,9,0.8888888888888888,0.8888888888888888,-1.0,-1.0
PM4_heatmap_speed2,2121129191,connected,37,26,29,0.7241379310344828,0.7241379310344828,-1.0,-1.0
PM4_heatmap_speed2,2121129191,connected,38,26,54,0.8333333333333334,0.8333333333333334,0.5,0.5
PM4_heatmap_speed2,2121129191,connected,40,26,24,0.7916666666666666,0.7916666666666666,-1.0,-1.0
PM4_heatmap_speed2,2121129191,connected,41,26,21,0.9523809523809523,0.9523809523809523,1.0,1.0
PM4_heatmap_speed2,2121129191,connected,42,26,15,0.8666666666666667,0.8666666666666667,0.0,0.0
PM4_heatmap_speed2,2121129191,connected,43,26,1,1.0,1.0,-1.0,-1.0
PM4_heatmap_speed2,2121129191,connected,44,26,12,0.8333333333333334,0.8333333333333334,-1.0,-1.0
PM4_heatmap_speed2,2121129191,connected,46,26,24,0.8333333333333334,0.8333333333333334,-1.0,-1.0
PM4_heatmap_speed2,2121129191,connected,0,27,13,0.9230769230769231,0.9230769230769231,0.0,0.0
PM4_heatmap_speed2,2121129191,connected,1,27,8,1.0,1.0,-1.0,-1.0
PM4_heatmap_speed2,2121129191,connected,2,27,27,0.9629629629629629,0.9629629629629629,-1.0,-1.0
PM4_heatmap_speed2,2121129191,connected,3,27,34,0.8529411764705882,0.8529411764705882,0.6666666666666666,0.6666666666666666
PM4_heatmap_speed2,2121129191,connected,4,27,71,0.8732394366197183,0.8732394366197183,1.0,1.0
PM4_heatmap_speed2,2121129191,connected,5,27,90,0.9222222222222223,0.9222222222222223,0.875,0.875
PM4_heatmap_speed2,2121129191,connected,6,27,54,0.8333333333333334,0.8333333333333334,1.0,1.0
PM4_heatmap_speed2,2121129191,connected,7,27,86,0.8837209302325582,0.8837209302325582,-1.0,-1.0
PM4_heatmap_speed2,2121129191,connected,8,27,90,0.8333333333333334,0.8333333333333334,-1.0,-1.0
PM4_heatmap_speed2,2121129191,connected,9,27,107,0.8317757009345794,0.8317757009345794,-1.0,-1.0
PM4_heatmap_speed2,2121129191,connected,10,27,21,0.8571428571428571,0.8571428571428571,-1.0,-1.0
PM4_heatmap_speed2,2121129191,connected,11,27,65,0.8,0.8,1.0,1.0
PM4_heatmap_speed2,2121129191,connected,12,27,57,0.8596491228070176,0.8596491228070176,1.0,1.0
PM4_heatmap_speed2,2121129191,connected,13,27,46,0.8260869565217391,0.8260869565217391,-1.0,-1.0
PM4_heatmap_speed2,2121129191,connected,14,27,73,0.8082191780821918,0.8082191780821918,-1.0,-1.0
PM4_heatmap_speed2,2121129191,connected,15,27,34,0.7647058823529411,0.7647058823529411,-1.0,-1.0
PM4_heatmap_speed2,2121129191,connected,16,27,88,0.8181818181818182,0.8181818181818182,-1.0,-1.0
PM4_heatmap_speed2,2121129191,connected,17,27,59,0.864406779661017,0.864406779661017,-1.0,-1.0
PM4_heatmap_speed2,2121129191,connected,18,27,29,0.8275862068965517,0.8275862068965517,-1.0,-1.0
PM4_heatmap_speed2,2121129191,connected,19,27,42,0.9047619047619048,0.9047619047619048,-1.0,-1.0
PM4_heatmap_speed2,2121129191,connected,20,27,14,0.9285714285714286,0.9285714285714286,-1.0,-1.0
PM4_heatmap_speed2,2121129191,connected,21,27,46,0.8260869565217391,0.8260869565217391,-1.0,-1.0
PM4_heatmap_speed2,2121129191,connected,22,27,72,0.8888888888888888,0.8888888888888888,1.0,1.0
PM4_heatmap_speed2,2121129191,connected,23,27,35,0.8,0.8,-1.0,-1.0
PM4_heatmap_speed2,2121129191,connected,24,27,95,0.8736842105263158,0.8736842105263158,-1.0,-1.0
PM4_heatmap_speed2,2121129191,connected,25,27,108,0.8703703703703703,0.8703703703703703,1.0,1.0
PM4_heatmap_speed2,2121129191,connected,26,27,99,0.8686868686868687,0.8686868686868687,1.0,1.0
PM4_heatmap_speed2,2121129191,connected,27,27,87,0.8160919540229885,0.8160919540229885,1.0,1.0
PM4_heatmap_speed2,2121129191,connected,28,27,27,0.7037037037037037,0.7037037037037037,1.0,1.0
PM4_heatmap_speed2,2121129191,connected,29,27,49,0.8367346938775511,0.8367346938775511,1.0,1.0
PM4_heatmap_speed2,2121129191,connected,30,27,58,0.7758620689655172,0.7758620689655172,0.0,0.0
PM4_heatmap_speed2,2121129191,connected,31,27,43,0.9069767441860465,0.9069767441860465,-1.0,-1.0
PM4_heatmap_speed2,2121129191,connected,32,27,37,0.9459459459459459,0.9459459459459459,-1.0,-1.0
PM4_heatmap_speed2,2121129191,connected,33,27,30,0.7666666666666667,0.7666666666666667,-1.0,-1.0
PM4_heatmap_speed2,2121129191,connected,35,27,20,0.9,0.9,0.75,0.75
PM4_heatmap_speed2,2121129191,connected,36,27,30,0.6666666666666666,0.6666666666666666,1.0,1.0
PM4_heatmap_speed2,2121129191,connected,37,27,17,0.7058823529411765,0.7058823529411765,-1.0,-1.0
PM4_heatmap_speed2,2121129191,connected,38,27,57,0.8771929824561403,0.8771929824561403,-1.0,-1.0
PM4_heatmap_speed2,2121129191,connected,39,27,21,0.7619047619047619,0.7619047619047619,-1.0,-1.0
PM4_heatmap_speed2,2121129191,connected,40,27,46,0.7391304347826086,0.7391304347826086,0.0,0.0
PM4_heatmap_speed2,2121129191,connected,41,27,77,0.8311688311688312,0.8311688311688312,0.75,0.75
PM4_heatmap_speed2,2121129191,connected,42,27,43,0.8372093023255814,0.8372093023255814,1.0,1.0
PM4_heatmap_speed2,2121129191,connected,43,27,20,0.9,0.9,-1.0,-1.0
PM4_heatmap_speed2,2121129191,connected,44,27,51,0.9803921568627451,0.9803921568627451,-1.0,-1.0
PM4_heatmap_speed2,2121129191,connected,45,27,27,0.9629629629629629,0.9629629629629629,-1.0,-1.0
PM4_heatmap_speed2,2121129191,connected,46,27,69,0.8695652173913043,0.8695652173913043,-1.0,-1.0
PM4_heatmap_speed2,2121129191,connected,47,27,30,0.7666666666666667,0.7666666666666667,-1.0,-1.0
PM4_heatmap_speed2,2121129191,connected,48,27,5,1.0,1.0,-1.0,-1.0
PM4_heatmap_speed2,2121129191,connected,0,28,6,0.8333333333333334,0.8333333333333334,0.6666666666666666,0.6666666666666666
PM4_heatmap_speed2,2121129191,connected,1,28,4,1.0,1.0,1.0,1.0
PM4_heatmap_speed2,2121129191,connected,2,28,52,0.8461538461538461,0.8461538461538461,1.0,1.0
PM4_heatmap_speed2,2121129191,connected,3,28,58,0.8793103448275862,0.8793103448275862,0.8,0.8
PM4_heatmap_speed2,2121129191,connected,4,28,39,0.8461538461538461,0.8461538461538461,-1.0,-1.0
PM4_heatmap_speed2,2121129191,connected,5,28,5,1.0,1.0,-1.0,-1.0
PM4_heatmap_speed2,2121129191,connected,7,28,31,0.8387096774193549,0.8387096774193549,1.0,1.0
PM4_heatmap_speed2,2121129191,connected,8,28,83,0.891566265060241,0.891566265060241,-1.0,-1.0
PM4_heatmap_speed2,2121129191,connected,9,28,22,0.8636363636363636,0.8636363636363636,-1.0,-1.0
PM4_heatmap_speed2,2121129191,connected,10,28,1,1.0,1.0,-1.0,-1.0
PM4_heatmap_speed2,2121129191,connected,11,28,34,0.8235294117647058,0.8235294117647058,-1.0,-1.0
PM4_heatmap_speed2,2121129191,connected,13,28,22,0.9090909090909091,0.9090909090909091,0.5,0.5
PM4_heatmap_speed2,2121129191,connected,14,28,35,0.9142857142857143,0.9142857142857143,-1.0,-1.0
PM4_heatmap_speed2,2121129191,connected,16,28,19,0.8947368421052632,0.8947368421052632,-1.0,-1.0
PM4_heatmap_speed2,2121129191,connected,17,28,38,0.7368421052631579,0.7368421052631579,-1.0,-1.0
PM4_heatmap_speed2,2121129191,connected,18,28,36,0.7777777777777778,0.7777777777777778,-1.0,-1.0
PM4_heatmap_speed2,2121129191,connected,19,28,55,0.8727272727272727,0.8727272727272727,-1.0,-1.0
PM4_heatmap_speed2,2121129191,connected,20,28,12,0.6666666666666666,0.6666666666666666,1.0,1.0
PM4_heatmap_speed2,2121129191,connected,21,28,66,0.8484848484848485,0.8484848484848485,0.5,0.5
PM4_heatmap_speed2,2121129191,connected,22,28,68,0.8823529411764706,0.8823529411764706,-1.0,-1.0
PM4_heatmap_speed2,2121129191,connected,23,28,10,0.7,0.7,1.0,1.0
PM4_heatmap_speed2,2121129191,connected,24,28,11,1.0,1.0,-1.0,-1.0
PM4_heatmap_speed2,2121129191,connected,25,28,89,0.8539325842696629,0.8539325842696629,-1.0,-1.0
PM4_heatmap_speed2,2121129191,connected,26,28,88,0.8863636363636364,0.8863636363636364,1.0,1.0
PM4_heatmap_speed2,2121129191,connected,27,28,32,0.875,0.875,1.0,1.0
PM4_heatmap_speed2,2121129191,connected,28,28,31,0.8709677419354839,0.8709677419354839,-1.0,-1.0
PM4_heatmap_speed2,2121129191,connected,29,28,14,0.9285714285714286,0.9285714285714286,-1.0,-1.0
PM4_heatmap_speed2,2121129191,connected,30,28,29,0.896551724137931,0.896551724137931,-1.0,-1.0
PM4_heatmap_speed2,2121129191,connected,31,28,29,0.896551724137931,0.896551724137931,-1.0,-1.0
PM4_heatmap_speed2,2121129191,connected,32,28,23,0.782608695652174,0.782608695652174,-1.0,-1.0
PM4_heatmap_speed2,2121129191,connected,33,28,66,0.7424242424242424,0.7424242424242424,-1.0,-1.0
PM4_heatmap_speed2,2121129191,connected,35,28,18,0.8888888888888888,0.8888888888888888,-1.0,-1.0
PM4_heatmap_speed2,2121129191,connected,36,28,66,0.7575757575757576,0.7575757575757576,1.0,1.0
PM4_heatmap_speed2,2121129191,connected,37,28,41,0.8292682926829268,0.8292682926829268,1.0,1.0
PM4_heatmap_speed2,2121129191,connected,38,28,38,0.631578947368421,0.631578947368421,-1.0,-1.0
PM4_heatmap_speed2,2121129191,connected,39,28,7,0.7142857142857143,0.7142857142857143,-1.0,-1.0
PM4_heatmap_speed2,2121129191,connected,40,28,1,1.0,1.0,-1.0,-1.0
PM4_heatmap_speed2,2121129191,connected,41,28,18,0.8888888888888888,0.8888888888888888,1.0,1.0
PM4_heatmap_speed2,2121129191,connected,42,28,52,0.9038461538461539,0.9038461538461539,-1.0,-1.0
PM4_heatmap_speed2,2121129191,connected,44,28,14,0.8571428571428571,0.8571428571428571,-1.0,-1.0
PM4_heatmap_speed2,2121129191,connected,45,28,29,0.8620689655172413,0.8620689655172413,-1.0,-1.0
PM4_heatmap_speed2,2121129191,connected,46,28,33,0.8484848484848485,0.8484848484848485,-1.0,-1.0
PM4_heatmap_speed2,2121129191,connected,47,28,37,0.8648648648648649,0.8648648648648649,-1.0,-1.0
PM4_heatmap_speed2,2121129191,connected,49,28,3,1.0,1.0,-1.0,-1.0
PM4_heatmap_speed2,2121129191,connected,0,29,17,0.9411764705882353,0.9411764705882353,1.0,1.0
PM4_heatmap_speed2,2121129191,connected,1,29,5,1.0,1.0,1.0,1.0
PM4_heatmap_speed2,2121129191,connected,2,29,4,0.75,0.75,1.0,1.0
PM4_heatmap_speed2,2121129191,connected,3,29,18,0.7222222222222222,0.7222222222222222,1.0,1.0
PM4_heatmap_speed2,2121129191,connected,5,29,76,0.9078947368421053,0.9078947368421053,-1.0,-1.0
PM4_heatmap_speed2,2121129191,connected,6,29,64,0.84375,0.84375,1.0,1.0
PM4_heatmap_speed2,2121129191,connected,7,29,50,0.92,0.92,1.0,1.0
PM4_heatmap_speed2,2121129191,connected,8,29,4,0.5,0.5,-1.0,-1.0
PM4_heatmap_speed2,2121129191,connected,10,29,51,0.9411764705882353,0.9411764705882353,1.0,1.0
PM4_heatmap_speed2,2121129191,connected,11,29,68,0.9117647058823529,0.9117647058823529,1.0,1.0
PM4_heatmap_speed2,2121129191,connected,12,29,17,0.7058823529411765,0.7058823529411765,-1.0,-1.0
PM4_heatmap_speed2,2121129191,connected,13,29,84,0.8452380952380952,0.8452380952380952,0.6666666666666666,0.6666666666666666
PM4_heatmap_speed2,2121129191,connected,14,29,79,0.8607594936708861,0.8607594936708861,-1.0,-1.0
PM4_heatmap_speed2,2121129191,connected,15,29,33,0.8181818181818182,0.8181818181818182,-1.0,-1.0
PM4_heatmap_speed2,2121129191,connected,16,29,24,0.875,0.875,-1.0,-1.0
PM4_heatmap_speed2,2121129191,connected,17,29,53,0.7547169811320755,0.7547169811320755,-1.0,-1.0
PM4_heatmap_speed2,2121129191,connected,18,29,9,0.7777777777777778,0.7777777777777778,-1.0,-1.0
PM4_heatmap_speed2,2121129191,connected,19,29,37,0.7837837837837838,0.7837837837837838,-1.0,-1.0
PM4_heatmap_speed2,2121129191,connected,21,29,27,0.8148148148148148,0.8148148148148148,1.0,1.0
PM4_heatmap_speed2,2121129191,connected,22,29,77,0.8571428571428571,0.8571428571428571,-1.0,-1.0
PM4_heatmap_speed2,2121129191,connected,23,29,30,0.7333333333333333,0.7333333333333333,0.0,0.0
PM4_heatmap_speed2,2121129191,connected,25,29,29,0.6896551724137931,0.6896551724137931,-1.0,-1.0
PM4_heatmap_speed2,2121129191,connected,27,29,13,0.6923076923076923,0.6923076923076923,-1.0,-1.0
PM4_heatmap_speed2,2121129191,connected,28,29,9,0.4444444444444444,0.4444444444444444,1.0,1.0
PM4_heatmap_speed2,2121129191,connected,31,29,19,0.8421052631578947,0.8421052631578947,-1.0,-1.0
PM4_heatmap_speed2,2121129191,connected,33,29,67,0.8656716417910447,0.8656716417910447,1.0,1.0
PM4_heatmap_speed2,2121129191,connected,34,29,32,0.78125,0.78125,-1.0,-1.0
PM4_heatmap_speed2,2121129191,connected,35,29,23,0.782608695652174,0.782608695652174,-1.0,-1.0
PM4_heatmap_speed2,2121129191,connected,36,29,7,0.8571428571428571,0.8571428571428571,-1.0,-1.0
PM4_heatmap_speed2,2121129191,connected,37,29,1,1.0,1.0,-1.0,-1.0
PM4_heatmap_speed2,2121129191,connected,38,29,35,0.8285714285714286,0.8285714285714286,-1.0,-1.0
PM4_heatmap_speed2,2121129191,connected,39,29,49,0.7959183673469388,0.7959183673469388,-1.0,-1.0
PM4_heatmap_speed2,2121129191,connected,41,29,13,0.9230769230769231,0.9230769230769231,-1.0,-1.0
PM4_heatmap_speed2,2121129191,connected,42,29,24,0.9583333333333334,0.9583333333333334,-1.0,-1.0
PM4_heatmap_speed2,2121129191,connected,44,29,11,0.7272727272727273,0.7272727272727273,-1.0,-1.0
PM4_heatmap_speed2,2121129191,connected,45,29,66,0.8939393939393939,0.8939393939393939,-1.0,-1.0
PM4_heatmap_speed2,2121129191,connected,46,29,26,0.8461538461538461,0.8461538461538461,-1.0,-1.0
PM4_heatmap_speed2,2121129191,connected,47,29,53,0.9622641509433962,0.9622641509433962,-1.0,-1.0
PM4_heatmap_speed2,2121129191,connected,48,29,27,0.8888888888888888,0.8888888888888888,-1.0,-1.0
PM4_heatmap_speed2,2121129191,connected,49,29,16,0.875,0.875,-1.0,-1.0
PM4_heatmap_speed2,2121129191,connected,0,30,25,0.92,0.92,1.0,1.0
PM4_heatmap_speed2,2121129191,connected,1,30,5,0.8,0.8,-1.0,-1.0
PM4_heatmap_speed2,2121129191,connected,2,30,14,1.0,1.0,1.0,1.0
PM4_heatmap_speed2,2121129191,connected,3,30,22,0.7727272727272727,0.7727272727272727,1.0,1.0
PM4_heatmap_speed2,2121129191,connected,4,30,33,0.9696969696969697,0.9696969696969697,1.0,1.0
PM4_heatmap_speed2,2121129191,connected,5,30,81,0.8518518518518519,0.8518518518518519,1.0,1.0
PM4_heatmap_speed2,2121129191,connected,6,30,58,0.8448275862068966,0.8448275862068966,1.0,1.0
PM4_heatmap_speed2,2121129191,connected,7,30,80,0.9125,0.9125,1.0,1.0
PM4_heatmap_speed2,2121129191,connected,8,30,44,0.9545454545454546,0.9545454545454546,-1.0,-1.0
PM4_heatmap_speed2,2121129191,connected,9,30,27,0.9259259259259259,0.9259259259259259,1.0,1.0
PM4_heatmap_speed2,2121129191,connected,10,30,35,0.9714285714285714,0.9714285714285714,0.875,0.875
PM4_heatmap_speed2,2121129191,connected,11,30,95,0.9263157894736842,0.9263157894736842,0.7142857142857143,0.7142857142857143
PM4_heatmap_speed2,2121129191,connected,12,30,67,0.8507462686567164,0.8507462686567164,1.0,1.0
PM4_heatmap_speed2,2121129191,connected,13,30,37,0.8648648648648649,0.8648648648648649,1.0,1.0
PM4_heatmap_speed2,2121129191,connected,14,30,4,1.0,1.0,-1.0,-1.0
PM4_heatmap_speed2,2121129191,connected,15,30,24,0.8333333333333334,0.8333333333333334,0.0,0.0
PM4_heatmap_speed2,2121129191,connected,16,30,34,0.8529411764705882,0.8529411764705882,0.0,0.0
PM4_heatmap_speed2,2121129191,connected,17,30,92,0.8804347826086957,0.8804347826086957,-1.0,-1.0
PM4_heatmap_speed2,2121129191,connected,18,30,60,0.8166666666666667,0.8166666666666667,-1.0,-1.0
PM4_heatmap_speed2,2121129191,connected,19,30,56,0.8035714285714286,0.8035714285714286,-1.0,-1.0
PM4_heatmap_speed2,2121129191,connected,20,30,26,0.8076923076923077,0.8076923076923077,1.0,1.0
PM4_heatmap_speed2,2121129191,connected,21,30,103,0.8155339805825242,0.8155339805825242,0.9,0.9
PM4_heatmap_speed2,2121129191,connected,22,30,84,0.8452380952380952,0.8452380952380952,1.0,1.0
PM4_heatmap_speed2,2121129191,connected,23,30,80,0.9125,0.9125,0.5,0.5
PM4_heatmap_speed2,2121129191,connected,24,30,70,0.7857142857142857,0.7857142857142857,0.7222222222222222,0.7222222222222222
PM4_heatmap_speed2,2121129191,connected,25,30,77,0.8181818181818182,0.8181818181818182,1.0,1.0
PM4_heatmap_speed2,2121129191,connected,26,30,18,0.8333333333333334,0.8333333333333334,-1.0,-1.0
PM4_heatmap_speed2,2121129191,connected,27,30,44,0.8636363636363636,0.8636363636363636,1.0,1.0
PM4_heatmap_speed2,2121129191,connected,28,30,61,0.8688524590163934,0.8688524590163934,1.0,1.0
PM4_heatmap_speed2,2121129191,connected,29,30,22,0.6818181818181818,0.6818181818181818,1.0,1.0
PM4_heatmap_speed2,2121129191,connected,30,30,30,0.8333333333333334,0.8333333333333334,0.875,0.875
PM4_heatmap_speed2,2121129191,connected,31,30,22,0.8636363636363636,0.8636363636363636,0.0,0.0
PM4_heatmap_speed2,2121129191,connected,32,30,19,0.9473684210526315,0.9473684210526315,1.0,1.0
PM4_heatmap_speed2,2121129191,connected,33,30,43,0.8604651162790697,0.8604651162790697,1.0,1.0
PM4_heatmap_speed2,2121129191,connected,34,30,55,0.7818181818181819,0.7818181818181819,1.0,1.0
PM4_heatmap_speed2,2121129191,connected,35,30,79,0.8734177215189873,0.8734177215189873,1.0,1.0
PM4_heatmap_speed2,2121129191,connected,36,30,39,0.8205128205128205,0.8205128205128205,-1.0,-1.0
PM4_heatmap_speed2,2121129191,connected,37,30,10,0.8,0.8,-1.0,-1.0
PM4_heatmap_speed2,2121129191,connected,38,30,40,0.925,0.925,-1.0,-1.0
PM4_heatmap_speed2,2121129191,connected,39,30,59,0.8813559322033898,0.8813559322033898,1.0,1.0
PM4_heatmap_speed2,2121129191,connected,40,30,27,0.7777777777777778,0.7777777777777778,1.0,1.0
PM4_heatmap_speed2,2121129191,connected,41,30,39,0.6923076923076923,0.6923076923076923,0.2,0.2
PM4_heatmap_speed2,2121129191,connected,42,30,25,0.88,0.88,-1.0,-1.0
PM4_heatmap_speed2,2121129191,connected,43,30,18,0.7222222222222222,0.7222222222222222,-1.0,-1.0
PM4_heatmap_speed2,2121129191,connected,44,30,57,0.9122807017543859,0.9122807017543859,-1.0,-1.0
PM4_heatmap_speed2,2121129191,connected,45,30,82,0.9024390243902439,0.9024390243902439,-1.0,-1.0
PM4_heatmap_speed2,2121129191,connected,46,30,59,0.8983050847457628,0.8983050847457628,-1.0,-1.0
PM4_heatmap_speed2,2121129191,connected,47,30,37,0.8918918918918919,0.8918918918918919,-1.0,-1.0
PM4_heatmap_speed2,2121129191,connected,48,30,8,1.0,1.0,-1.0,-1.0
PM4_heatmap_speed2,2121129191,connected,49,30,20,0.9,0.9,-1.0,-1.0
PM4_heatmap_speed2,2121129191,connected,0,31,25,0.96,0.96,1.0,1.0
PM4_heatmap_speed2,2121129191,connected,1,31,10,1.0,1.0,1.0,1.0
PM4_heatmap_speed2,2121129191,connected,2,31,12,0.8333333333333334,0.8333333333333334,0.6,0.6
PM4_heatmap_speed2,2121129191,connected,3,31,14,0.9285714285714286,0.9285714285714286,1.0,1.0
PM4_heatmap_speed2,2121129191,connected,4,31,15,0.9333333333333333,0.9333333333333333,1.0,1.0
PM4_heatmap_speed2,2121129191,connected,5,31,34,0.9117647058823529,0.9117647058823529,1.0,1.0
PM4_heatmap_speed2,2121129191,connected,6,31,80,0.8625,0.8625,-1.0,-1.0
PM4_heatmap_speed2,2121129191,connected,7,31,8,0.875,0.875,-1.0,-1.0
PM4_heatmap_speed2,2121129191,connected,8,31,5,1.0,1.0,1.0,1.0
PM4_heatmap_speed2,2121129191,connected,9,31,44,0.9318181818181818,0.9318181818181818,0.9,0.9
PM4_heatmap_speed2,2121129191,connected,10,31,12,0.9166666666666666,0.9166666666666666,0.8,0.8
PM4_heatmap_speed2,2121129191,connected,11,31,44,0.8636363636363636,0.8636363636363636,0.875,0.875
PM4_heatmap_speed2,2121129191,connected,12,31,32,0.84375,0.84375,0.9166666666666666,0.9166666666666666
PM4_heatmap_speed2,2121129191,connected,14,31,36,0.8055555555555556,0.8055555555555556,-1.0,-1.0
PM4_heatmap_speed2,2121129191,connected,15,31,1,1.0,1.0,-1.0,-1.0
PM4_heatmap_speed2,2121129191,connected,16,31,28,0.9285714285714286,0.9285714285714286,1.0,1.0
PM4_heatmap_speed2,2121129191,connected,17,31,52,0.7692307692307693,0.7692307692307693,1.0,1.0
PM4_heatmap_speed2,2121129191,connected,18,31,94,0.7978723404255319,0.7978723404255319,0.0,0.0
PM4_heatmap_speed2,2121129191,connected,19,31,109,0.7706422018348624,0.7706422018348624,0.5,0.5
PM4_heatmap_speed2,2121129191,connected,20,31,62,0.7580645161290323,0.7580645161290323,0.8571428571428571,0.8571428571428571
PM4_heatmap_speed2,2121129191,connected,21,31,16,0.6875,0.6875,0.6666666666666666,0.6666666666666666
PM4_heatmap_speed2,2121129191,connected,22,31,25,0.84,0.84,1.0,1.0
PM4_heatmap_speed2,2121129191,connected,23,31,55,0.8181818181818182,0.8181818181818182,-1.0,-1.0
PM4_heatmap_speed2,2121129191,connected,24,31,34,0.7058823529411765,0.7058823529411765,0.5,0.5
PM4_heatmap_speed2,2121129191,connected,25,31,23,0.782608695652174,0.782608695652174,-1.0,-1.0
PM4_heatmap_speed2,2121129191,connected,26,31,36,0.8888888888888888,0.8888888888888888,-1.0,-1.0
PM4_heatmap_speed2,2121129191,connected,27,31,82,0.9024390243902439,0.9024390243902439,1.0,1.0
PM4_heatmap_speed2,2121129191,connected,28,31,20,0.9,0.9,-1.0,-1.0
PM4_heatmap_speed2,2121129191,connected,29,31,69,0.7971014492753623,0.7971014492753623,0.8,0.8
PM4_heatmap_speed2,2121129191,connected,30,31,41,0.9024390243902439,0.9024390243902439,1.0,1.0
PM4_heatmap_speed2,2121129191,connected,31,31,3,1.0,1.0,-1.0,-1.0
PM4_heatmap_speed2,2121129191,connected,32,31,17,0.8235294117647058,0.8235294117647058,-1.0,-1.0
PM4_heatmap_speed2,2121129191,connected,33,31,12,0.75,0.75,-1.0,-1.0
PM4_heatmap_speed2,2121129191,connected,35,31,42,0.7857142857142857,0.7857142857142857,1.0,1.0
PM4_heatmap_speed2,2121129191,connected,36,31,55,0.8181818181818182,0.8181818181818182,-1.0,-1.0
PM4_heatmap_speed2,2121129191,connected,37,31,26,0.7692307692307693,0.7692307692307693,-1.0,-1.0
PM4_heatmap_speed2,2121129191,connected,38,31,25,0.88,0.88,-1.0,-1.0
PM4_heatmap_speed2,2121129191,connected,40,31,26,0.8461538461538461,0.8461538461538461,1.0,1.0
PM4_heatmap_speed2,2121129191,connected,41,31,37,0.8378378378378378,0.8378378378378378,-1.0,-1.0
PM4_heatmap_speed2,2121129191,connected,42,31,17,0.8823529411764706,0.8823529411764706,-1.0,-1.0
PM4_heatmap_speed2,2121129191,connected,43,31,19,0.9473684210526315,0.9473684210526315,-1.0,-1.0
PM4_heatmap_speed2,2121129191,connected,44,31,13,1.0,1.0,-1.0,-1.0
PM4_heatmap_speed2,2121129191,connected,45,31,59,0.8813559322033898,0.8813559322033898,-1.0,-1.0
PM4_heatmap_speed2,2121129191,connected,46,31,120,0.8666666666666667,0.8666666666666667,-1.0,-1.0
PM4_heatmap_speed2,2121129191,connected,47,31,71,0.8732394366197183,0.8732394366197183,1.0,1.0
PM4_heatmap_speed2,2121129191,connected,48,31,32,0.90625,0.90625,0.8,0.8
PM4_heatmap_speed2,2121129191,connected,49,31,14,0.8571428571428571,0.8571428571428571,-1.0,-1.0
PM4_heatmap_speed2,2121129191,connected,0,32,14,0.9285714285714286,0.9285714285714286,1.0,1.0
PM4_heatmap_speed2,2121129191,connected,1,32,21,1.0,1.0,1.0,1.0
PM4_heatmap_speed2,2121129191,connected,2,32,17,0.7058823529411765,0.7058823529411765,0.5,0.5
PM4_heatmap_speed2,2121129191,connected,3,32,9,0.6666666666666666,0.6666666666666666,-1.0,-1.0
PM4_heatmap_speed2,2121129191,connected,5,32,49,0.8163265306122449,0.8163265306122449,-1.0,-1.0
PM4_heatmap_speed2,2121129191,connected,6,32,89,0.8764044943820225,0.8764044943820225,1.0,1.0
PM4_heatmap_speed2,2121129191,connected,7,32,73,0.8493150684931506,0.8493150684931506,0.0,0.0
PM4_heatmap_speed2,2121129191,connected,8,32,35,0.8,0.8,0.6666666666666666,0.6666666666666666
PM4_heatmap_speed2,2121129191,connected,9,32,21,0.8571428571428571,0.8571428571428571,0.7777777777777778,0.7777777777777778
PM4_heatmap_speed2,2121129191,connected,10,32,13,0.8461538461538461,0.8461538461538461,0.6666666666666666,0.6666666666666666
PM4_heatmap_speed2,2121129191,connected,11,32,66,0.8636363636363636,0.8636363636363636,0.875,0.875
PM4_heatmap_speed2,2121129191,connected,12,32,91,0.8681318681318682,0.8681318681318682,0.8421052631578947,0.8421052631578947
PM4_heatmap_speed2,2121129191,connected,13,32,9,0.7777777777777778,0.7777777777777778,1.0,1.0
PM4_heatmap_speed2,2121129191,connected,14,32,35,0.8857142857142857,0.8857142857142857,-1.0,-1.0
PM4_heatmap_speed2,2121129191,connected,15,32,37,0.8648648648648649,0.8648648648648649,-1.0,-1.0
PM4_heatmap_speed2,2121129191,connected,16,32,99,0.7878787878787878,0.7878787878787878,1.0,1.0
PM4_heatmap_speed2,2121129191,connected,17,32,1,1.0,1.0,-1.0,-1.0
PM4_heatmap_speed2,2121129191,connected,19,32,69,0.855072463768116,0.855072463768116,1.0,1.0
PM4_heatmap_speed2,2121129191,connected,20,32,29,0.7241379310344828,0.7241379310344828,0.0,0.0
PM4_heatmap_speed2,2121129191,connected,21,32,25,0.76,0.76,0.0,0.0
PM4_heatmap_speed2,2121129191,connected,22,32,28,0.8571428571428571,0.8571428571428571,1.0,1.0
PM4_heatmap_speed2,2121129191,connected,23,32,37,0.7837837837837838,0.7837837837837838,-1.0,-1.0
PM4_heatmap_speed2,2121129191,connected,24,32,40,0.725,0.725,-1.0,-1.0
PM4_heatmap_speed2,2121129191,connected,25,32,80,0.8625,0.8625,-1.0,-1.0
PM4_heatmap_speed2,2121129191,connected,26,32,39,0.8461538461538461,0.8461538461538461,-1.0,-1.0
PM4_heatmap_speed2,2121129191,connected,27,32,39,0.8461538461538461,0.8461538461538461,-1.0,-1.0
PM4_heatmap_speed2,2121129191,connected,28,32,8,0.625,0.625,1.0,1.0
PM4_heatmap_speed2,2121129191,connected,29,32,5,1.0,1.0,1.0,1.0
PM4_heatmap_speed2,2121129191,connected,30,32,22,0.8181818181818182,0.8181818181818182,0.6666666666666666,0.6666666666666666
PM4_heatmap_speed2,2121129191,connected,31,32,12,0.9166666666666666,0.9166666666666666,-1.0,-1.0
PM4_heatmap_speed2,2121129191,connected,32,32,58,0.7931034482758621,0.7931034482758621,-1.0,-1.0
PM4_heatmap_speed2,2121129191,connected,33,32,6,0.8333333333333334,0.8333333333333334,-1.0,-1.0
PM4_heatmap_speed2,2121129191,connected,34,32,39,0.8974358974358975,0.8974358974358975,1.0,1.0
PM4_heatmap_speed2,2121129191,connected,35,32,60,0.8833333333333333,0.8833333333333333,1.0,1.0
PM4_heatmap_speed2,2121129191,connected,36,32,57,0.7894736842105263,0.7894736842105263,-1.0,-1.0
PM4_heatmap_speed2,2121129191,connected,38,32,56,0.875,0.875,1.0,1.0
PM4_heatmap_speed2,2121129191,connected,39,32,36,0.8888888888888888,0.8888888888888888,1.0,1.0
PM4_heatmap_speed2,2121129191,connected,40,32,11,0.8181818181818182,0.8181818181818182,1.0,1.0
PM4_heatmap_speed2,2121129191,connected,41,32,24,0.7916666666666666,0.7916666666666666,-1.0,-1.0
PM4_heatmap_speed2,2121129191,connected,42,32,55,0.8363636363636363,0.8363636363636363,-1.0,-1.0
PM4_heatmap_speed2,2121129191,connected,43,32,31,0.8387096774193549,0.8387096774193549,-1.0,-1.0
PM4_heatmap_speed2,2121129191,connected,44,32,40,0.775,0.775,0.8571428571428571,0.8571428571428571
PM4_heatmap_speed2,2121129191,connected,45,32,22,0.8636363636363636,0.8636363636363636,-1.0,-1.0
PM4_heatmap_speed2,2121129191,connected,46,32,4,1.0,1.0,-1.0,-1.0
PM4_heatmap_speed2,2121129191,connected,47,32,17,0.6470588235294118,0.6470588235294118,-1.0,-1.0
PM4_heatmap_speed2,2121129191,connected,48,32,39,0.8974358974358975,0.8974358974358975,1.0,1.0
PM4_heatmap_speed2,2121129191,connected,49,32,18,0.8333333333333334,0.8333333333333334,0.0,0.0
PM4_heatmap_speed2,2121129191,connected,0,33,2,1.0,1.0,-1.0,-1.0
PM4_heatmap_speed2,2121129191,connected,1,33,33,0.8787878787878788,0.8787878787878788,-1.0,-1.0
PM4_heatmap_speed2,2121129191,connected,2,33,63,0.8412698412698413,0.8412698412698413,0.9166666666666666,0.9166666666666666
PM4_heatmap_speed2,2121129191,connected,3,33,56,0.8928571428571429,0.8928571428571429,1.0,1.0
PM4_heatmap_speed2,2121129191,connected,4,33,24,0.875,0.875,1.0,1.0
PM4_heatmap_speed2,2121129191,connected,5,33,48,0.875,0.875,1.0,1.0
PM4_heatmap_speed2,2121129191,connected,6,33,83,0.9036144578313253,0.9036144578313253,1.0,1.0
PM4_heatmap_speed2,2121129191,connected,7,33,43,0.9534883720930233,0.9534883720930233,0.9230769230769231,0.9230769230769231
PM4_heatmap_speed2,2121129191,connected,8,33,110,0.8909090909090909,0.8909090909090909,0.8461538461538461,0.8461538461538461
PM4_heatmap_speed2,2121129191,connected,9,33,51,0.8823529411764706,0.8823529411764706,0.7857142857142857,0.7857142857142857
PM4_heatmap_speed2,2121129191,connected,10,33,14,0.6428571428571429,0.6428571428571429,0.75,0.75
PM4_heatmap_speed2,2121129191,connected,11,33,55,0.8545454545454545,0.8545454545454545,0.9523809523809523,0.9523809523809523
PM4_heatmap_speed2,2121129191,connected,12,33,13,0.9230769230769231,0.9230769230769231,1.0,1.0
PM4_heatmap_speed2,2121129191,connected,13,33,47,0.8936170212765957,0.8936170212765957,1.0,1.0
PM4_heatmap_speed2,2121129191,connected,14,33,40,0.9,0.9,-1.0,-1.0
PM4_heatmap_speed2,2121129191,connected,15,33,24,0.75,0.75,-1.0,-1.0
PM4_heatmap_speed2,2121129191,connected,16,33,68,0.8676470588235294,0.8676470588235294,-1.0,-1.0
PM4_heatmap_speed2,2121129191,connected,17,33,42,0.9047619047619048,0.9047619047619048,1.0,1.0
PM4_heatmap_speed2,2121129191,connected,18,33,10,0.7,0.7,0.8,0.8
PM4_heatmap_speed2,2121129191,connected,19,33,39,0.8717948717948718,0.8717948717948718,0.8571428571428571,0.8571428571428571
PM4_heatmap_speed2,2121129191,connected,20,33,64,0.90625,0.90625,1.0,1.0
PM4_heatmap_speed2,2121129191,connected,21,33,86,0.9069767441860465,0.9069767441860465,1.0,1.0
PM4_heatmap_speed2,2121129191,connected,22,33,42,0.8333333333333334,0.8333333333333334,-1.0,-1.0
PM4_heatmap_speed2,2121129191,connected,23,33,17,0.9411764705882353,0.9411764705882353,-1.0,-1.0
PM4_heatmap_speed2,2121129191,connected,24,33,35,0.8571428571428571,0.8571428571428571,-1.0,-1.0
PM4_heatmap_speed2,2121129191,connected,25,33,53,0.9433962264150944,0.9433962264150944,-1.0,-1.0
PM4_heatmap_speed2,2121129191,connected,26,33,58,0.896551724137931,0.896551724137931,-1.0,-1.0
PM4_heatmap_speed2,2121129191,connected,27,33,25,0.84,0.84,-1.0,-1.0
PM4_heatmap_speed2,2121129191,connected,28,33,30,0.9,0.9,1.0,1.0
PM4_heatmap_speed2,2121129191,connected,29,33,9,0.7777777777777778,0.7777777777777778,-1.0,-1.0
PM4_heatmap_speed2,2121129191,connected,30,33,49,0.9183673469387755,0.9183673469387755,-1.0,-1.0
PM4_heatmap_speed2,2121129191,connected,31,33,7,0.8571428571428571,0.8571428571428571,-1.0,-1.0
PM4_heatmap_speed2,2121129191,connected,32,33,34,0.7941176470588235,0.7941176470588235,-1.0,-1.0
PM4_heatmap_speed2,2121129191,connected,33,33,27,0.7407407407407407,0.7407407407407407,-1.0,-1.0
PM4_heatmap_speed2,2121129191,connected,34,33,22,0.7727272727272727,0.7727272727272727,-1.0,-1.0
PM4_heatmap_speed2,2121129191,connected,35,33,56,0.9464285714285714,0.9464285714285714,-1.0,-1.0
PM4_heatmap_speed2,2121129191,connected,36,33,77,0.8831168831168831,0.8831168831168831,-1.0,-1.0
PM4_heatmap_speed2,2121129191,connected,37,33,53,0.8113207547169812,0.8113207547169812,-1.0,-1.0
PM4_heatmap_speed2,2121129191,connected,38,33,48,0.875,0.875,-1.0,-1.0
PM4_heatmap_speed2,2121129191,connected,39,33,31,0.9032258064516129,0.9032258064516129,1.0,1.0
PM4_heatmap_speed2,2121129191,connected,40,33,5,0.8,0.8,-1.0,-1.0
PM4_heatmap_speed2,2121129191,connected,41,33,71,0.8169014084507042,0.8169014084507042,1.0,1.0
PM4_heatmap_speed2,2121129191,connected,42,33,74,0.7972972972972973,0.7972972972972973,1.0,1.0
PM4_heatmap_speed2,2121129191,connected,43,33,10,0.9,0.9,1.0,1.0
PM4_heatmap_speed2,2121129191,connected,44,33,28,0.9285714285714286,0.9285714285714286,0.9,0.9
PM4_heatmap_speed2,2121129191,connected,45,33,7,0.8571428571428571,0.8571428571428571,1.0,1.0
PM4_heatmap_speed2,2121129191,connected,46,33,17,0.6470588235294118,0.6470588235294118,1.0,1.0
PM4_heatmap_speed2,2121129191,connected,47,33,52,0.9423076923076923,0.9423076923076923,-1.0,-1.0
PM4_heatmap_speed2,2121129191,connected,48,33,19,0.9473684210526315,0.9473684210526315,-1.0,-1.0
PM4_heatmap_speed2,2121129191,connected,49,33,16,0.9375,0.9375,-1.0,-1.0
PM4_heatmap_speed2,2121129191,connected,1,34,22,0.8636363636363636,0.8636363636363636,0.6666666666666666,0.6666666666666666
PM4_heatmap_speed2,2121129191,connected,2,34,32,0.9375,0.9375,1.0,1.0
PM4_heatmap_speed2,2121129191,connected,3,34,17,0.8235294117647058,0.8235294117647058,-1.0,-1.0
PM4_heatmap_speed2,2121129191,connected,4,34,36,1.0,1.0,-1.0,-1.0
PM4_heatmap_speed2,2121129191,connected,5,34,34,0.7647058823529411,0.7647058823529411,-1.0,-1.0
PM4_heatmap_speed2,2121129191,connected,6,34,41,0.926829268292683,0.926829268292683,1.0,1.0
PM4_heatmap_speed2,2121129191,connected,8,34,29,0.8620689655172413,0.8620689655172413,1.0,1.0
PM4_heatmap_speed2,2121129191,connected,9,34,30,0.8333333333333334,0.8333333333333334,1.0,1.0
PM4_heatmap_speed2,2121129191,connected,13,34,27,0.7407407407407407,0.7407407407407407,0.3333333333333333,0.3333333333333333
PM4_heatmap_speed2,2121129191,connected,16,34,31,0.8064516129032258,0.8064516129032258,-1.0,-1.0
PM4_heatmap_speed2,2121129191,connected,17,34,22,0.8181818181818182,0.8181818181818182,-1.0,-1.0
PM4_heatmap_speed2,2121129191,connected,19,34,22,0.9090909090909091,0.9090909090909091,-1.0,-1.0
PM4_heatmap_speed2,2121129191,connected,21,34,63,0.9047619047619048,0.9047619047619048,0.0,0.0
PM4_heatmap_speed2,2121129191,connected,22,34,29,0.8620689655172413,0.8620689655172413,-1.0,-1.0
PM4_heatmap_speed2,2121129191,connected,23,34,39,0.8974358974358975,0.8974358974358975,-1.0,-1.0
PM4_heatmap_speed2,2121129191,connected,24,34,13,0.6153846153846154,0.6153846153846154,-1.0,-1.0
PM4_heatmap_speed2,2121129191,connected,25,34,23,0.9565217391304348,0.9565217391304348,-1.0,-1.0
PM4_heatmap_speed2,2121129191,connected,27,34,17,1.0,1.0,-1.0,-1.0
PM4_heatmap_speed2,2121129191,connected,28,34,8,0.625,0.625,-1.0,-1.0
PM4_heatmap_speed2,2121129191,connected,29,34,3,1.0,1.0,-1.0,-1.0
PM4_heatmap_speed2,2121129191,connected,30,34,13,0.9230769230769231,0.9230769230769231,-1.0,-1.0
PM4_heatmap_speed2,2121129191,connected,31,34,30,0.9666666666666667,0.9666666666666667,-1.0,-1.0
PM4_heatmap_speed2,2121129191,connected,32,34,9,0.7777777777777778,0.7777777777777778,-1.0,-1.0
PM4_heatmap_speed2,2121129191,connected,33,34,7,0.8571428571428571,0.8571428571428571,-1.0,-1.0
PM4_heatmap_speed2,2121129191,connected,35,34,38,0.8157894736842105,0.8157894736842105,-1.0,-1.0
PM4_heatmap_speed2,2121129191,connected,36,34,61,0.8032786885245902,0.8032786885245902,-1.0,-1.0
PM4_heatmap_speed2,2121129191,connected,37,34,45,0.8666666666666667,0.8666666666666667,-1.0,-1.0
PM4_heatmap_speed2,2121129191,connected,38,34,23,0.8260869565217391,0.8260869565217391,-1.0,-1.0
PM4_heatmap_speed2,2121129191,connected,39,34,58,0.8448275862068966,0.8448275862068966,1.0,1.0
PM4_heatmap_speed2,2121129191,connected,41,34,23,0.9130434782608695,0.9130434782608695,-1.0,-1.0
PM4_heatmap_speed2,2121129191,connected,42,34,22,0.8181818181818182,0.8181818181818182,1.0,1.0
PM4_heatmap_speed2,2121129191,connected,43,34,17,0.8235294117647058,0.8235294117647058,0.8,0.8
PM4_heatmap_speed2,2121129191,connected,44,34,20,0.95,0.95,1.0,1.0
PM4_heatmap_speed2,2121129191,connected,45,34,41,0.8780487804878049,0.8780487804878049,1.0,1.0
PM4_heatmap_speed2,2121129191,connected,46,34,28,0.9642857142857143,0.9642857142857143,1.0,1.0
PM4_heatmap_speed2,2121129191,connected,47,34,27,0.8888888888888888,0.8888888888888888,1.0,1.0
PM4_heatmap_speed2,2121129191,connected,48,34,10,1.0,1.0,-1.0,-1.0
PM4_heatmap_speed2,2121129191,connected,1,35,20,0.95,0.95,1.0,1.0
PM4_heatmap_speed2,2121129191,connected,2,35,32,0.8125,0.8125,1.0,1.0
PM4_heatmap_speed2,2121129191,connected,3,35,37,0.8648648648648649,0.8648648648648649,0.0,0.0
PM4_heatmap_speed2,2121129191,connected,4,35,53,0.8301886792452831,0.8301886792452831,-1.0,-1.0
PM4_heatmap_speed2,2121129191,connected,5,35,15,0.8666666666666667,0.8666666666666667,-1.0,-1.0
PM4_heatmap_speed2,2121129191,connected,6,35,22,0.7272727272727273,0.7272727272727273,-1.0,-1.0
PM4_heatmap_speed2,2121129191,connected,7,35,24,0.8333333333333334,0.8333333333333334,-1.0,-1.0
PM4_heatmap_speed2,2121129191,connected,8,35,57,0.8596491228070176,0.8596491228070176,0.9166666666666666,0.9166666666666666
PM4_heatmap_speed2,2121129191,connected,9,35,28,0.7857142857142857,0.7857142857142857,0.8,0.8
PM4_heatmap_speed2,2121129191,connected,10,35,56,0.8571428571428571,0.8571428571428571,0.7777777777777778,0.7777777777777778
PM4_heatmap_speed2,2121129191,connected,11,35,59,0.8813559322033898,0.8813559322033898,0.8181818181818182,0.8181818181818182
PM4_heatmap_speed2,2121129191,connected,12,35,34,0.8235294117647058,0.8235294117647058,0.8,0.8
PM4_heatmap_speed2,2121129191,connected,13,35,60,0.8833333333333333,0.8833333333333333,-1.0,-1.0
PM4_heatmap_speed2,2121129191,connected,14,35,15,0.8,0.8,-1.0,-1.0
PM4_heatmap_speed2,2121129191,connected,15,35,52,0.9615384615384616,0.9615384615384616,-1.0,-1.0
PM4_heatmap_speed2,2121129191,connected,16,35,42,0.9047619047619048,0.9047619047619048,-1.0,-1.0
PM4_heatmap_speed2,2121129191,connected,17,35,24,0.8333333333333334,0.8333333333333334,0.75,0.75
PM4_heatmap_speed2,2121129191,connected,18,35,10,0.7,0.7,0.5,0.5
PM4_heatmap_speed2,2121129191,connected,19,35,29,0.8620689655172413,0.8620689655172413,1.0,1.0
PM4_heatmap_speed2,2121129191,connected,20,35,38,0.868421052631579,0.868421052631579,0.0,0.0
PM4_heatmap_speed2,2121129191,connected,21,35,75,0.8533333333333334,0.8533333333333334,-1.0,-1.0
PM4_heatmap_speed2,2121129191,connected,22,35,16,0.875,0.875,-1.0,-1.0
PM4_heatmap_speed2,2121129191,connected,23,35,50,0.88,0.88,-1.0,-1.0
PM4_heatmap_speed2,2121129191,connected,24,35,56,0.8392857142857143,0.8392857142857143,-1.0,-1.0
PM4_heatmap_speed2,2121129191,connected,25,35,30,0.9,0.9,-1.0,-1.0
PM4_heatmap_speed2,2121129191,connected,26,35,9,0.5555555555555556,0.5555555555555556,-1.0,-1.0
PM4_heatmap_speed2,2121129191,connected,27,35,27,0.8148148148148148,0.8148148148148148,-1.0,-1.0
PM4_heatmap_speed2,2121129191,connected,28,35,26,0.7692307692307693,0.7692307692307693,-1.0,-1.0
PM4_heatmap_speed2,2121129191,connected,29,35,34,0.7058823529411765,0.7058823529411765,-1.0,-1.0
PM4_heatmap_speed2,2121129191,connected,30,35,27,0.8148148148148148,0.8148148148148148,-1.0,-1.0
PM4_heatmap_speed2,2121129191,connected,31,35,27,0.8148148148148148,0.8148148148148148,1.0,1.0
PM4_heatmap_speed2,2121129191,connected,32,35,49,0.7551020408163265,0.7551020408163265,-1.0,-1.0
PM4_heatmap_speed2,2121129191,connected,33,35,65,0.8153846153846154,0.8153846153846154,1.0,1.0
PM4_heatmap_speed2,2121129191,connected,34,35,27,0.8518518518518519,0.8518518518518519,-1.0,-1.0
PM4_heatmap_speed2,2121129191,connected,35,35,30,0.8,0.8,-1.0,-1.0
PM4_heatmap_speed2,2121129191,connected,36,35,54,0.8703703703703703,0.8703703703703703,-1.0,-1.0
PM4_heatmap_speed2,2121129191,connected,37,35,54,0.9444444444444444,0.9444444444444444,-1.0,-1.0
PM4_heatmap_speed2,2121129191,connected,38,35,67,0.8208955223880597,0.8208955223880597,-1.0,-1.0
PM4_heatmap_speed2,2121129191,connected,39,35,134,0.8805970149253731,0.8805970149253731,1.0,1.0
PM4_heatmap_speed2,2121129191,connected,40,35,43,0.8372093023255814,0.8372093023255814,-1.0,-1.0
PM4_heatmap_speed2,2121129191,connected,41,35,76,0.8947368421052632,0.8947368421052632,-1.0,-1.0
PM4_heatmap_speed2,2121129191,connected,42,35,24,0.9166666666666666,0.9166666666666666,-1.0,-1.0
PM4_heatmap_speed2,2121129191,connected,43,35,22,0.8181818181818182,0.8181818181818182,0.75,0.75
PM4_heatmap_speed2,2121129191,connected,44,35,34,0.7941176470588235,0.7941176470588235,1.0,1.0
PM4_heatmap_speed2,2121129191,connected,45,35,21,0.9523809523809523,0.9523809523809523,-1.0,-1.0
PM4_heatmap_speed2,2121129191,connected,46,35,3,1.0,1.0,1.0,1.0
PM4_heatmap_speed2,2121129191,connected,47,35,130,0.9461538461538461,0.9461538461538461,0.9393939393939394,0.9393939393939394
PM4_heatmap_speed2,2121129191,connected,48,35,81,0.9012345679012346,0.9012345679012346,1.0,1.0
PM4_heatmap_speed2,2121129191,connected,0,36,3,1.0,1.0,1.0,1.0
PM4_heatmap_speed2,2121129191,connected,1,36,27,0.8518518518518519,0.8518518518518519,1.0,1.0
PM4_heatmap_speed2,2121129191,connected,2,36,16,0.875,0.875,-1.0,-1.0
PM4_heatmap_speed2,2121129191,connected,3,36,8,0.875,0.875,0.5,0.5
PM4_heatmap_speed2,2121129191,connected,4,36,35,0.8285714285714286,0.8285714285714286,1.0,1.0
PM4_heatmap_speed2,2121129191,connected,5,36,79,0.8734177215189873,0.8734177215189873,-1.0,-1.0
PM4_heatmap_speed2,2121129191,connected,6,36,17,0.8823529411764706,0.8823529411764706,-1.0,-1.0
PM4_heatmap_speed2,2121129191,connected,7,36,77,0.8571428571428571,0.8571428571428571,0.6666666666666666,0.6666666666666666
PM4_heatmap_speed2,2121129191,connected,8,36,146,0.8904109589041096,0.8904109589041096,0.9090909090909091,0.9090909090909091
PM4_heatmap_speed2,2121129191,connected,9,36,39,0.8205128205128205,0.8205128205128205,1.0,1.0
PM4_heatmap_speed2,2121129191,connected,10,36,36,0.9166666666666666,0.9166666666666666,1.0,1.0
PM4_heatmap_speed2,2121129191,connected,11,36,36,0.7777777777777778,0.7777777777777778,0.9,0.9
PM4_heatmap_speed2,2121129191,connected,12,36,32,0.78125,0.78125,1.0,1.0
PM4_heatmap_speed2,2121129191,connected,13,36,126,0.8095238095238095,0.8095238095238095,-1.0,-1.0
PM4_heatmap_speed2,2121129191,connected,14,36,61,0.8360655737704918,0.8360655737704918,-1.0,-1.0
PM4_heatmap_speed2,2121129191,connected,15,36,15,0.8,0.8,-1.0,-1.0
PM4_heatmap_speed2,2121129191,connected,16,36,25,0.84,0.84,-1.0,-1.0
PM4_heatmap_speed2,2121129191,connected,17,36,24,0.8333333333333334,0.8333333333333334,1.0,1.0
PM4_heatmap_speed2,2121129191,connected,18,36,87,0.896551724137931,0.896551724137931,1.0,1.0
PM4_heatmap_speed2,2121129191,connected,19,36,53,0.9056603773584906,0.9056603773584906,1.0,1.0
PM4_heatmap_speed2,2121129191,connected,20,36,72,0.8888888888888888,0.8888888888888888,-1.0,-1.0
PM4_heatmap_speed2,2121129191,connected,21,36,1,1.0,1.0,-1.0,-1.0
PM4_heatmap_speed2,2121129191,connected,22,36,62,0.7258064516129032,0.7258064516129032,-1.0,-1.0
PM4_heatmap_speed2,2121129191,connected,23,36,15,0.8666666666666667,0.8666666666666667,-1.0,-1.0
PM4_heatmap_speed2,2121129191,connected,24,36,32,0.875,0.875,-1.0,-1.0
PM4_heatmap_speed2,2121129191,connected,25,36,54,0.8703703703703703,0.8703703703703703,-1.0,-1.0
PM4_heatmap_speed2,2121129191,connected,26,36,6,0.6666666666666666,0.6666666666666666,-1.0,-1.0
PM4_heatmap_speed2,2121129191,connected,27,36,25,0.72,0.72,-1.0,-1.0
PM4_heatmap_speed2,2121129191,connected,28,36,22,0.8636363636363636,0.8636363636363636,-1.0,-1.0
PM4_heatmap_speed2,2121129191,connected,29,36,28,0.75,0.75,-1.0,-1.0
PM4_heatmap_speed2,2121129191,connected,30,36,25,1.0,1.0,-1.0,-1.0
PM4_heatmap_speed2,2121129191,connected,31,36,36,0.9166666666666666,0.9166666666666666,-1.0,-1.0
PM4_heatmap_speed2,2121129191,connected,32,36,26,0.8461538461538461,0.8461538461538461,0.5,0.5
PM4_heatmap_speed2,2121129191,connected,33,36,45,0.9111111111111111,0.9111111111111111,0.6666666666666666,0.6666666666666666
PM4_heatmap_speed2,2121129191,connected,34,36,61,0.8360655737704918,0.8360655737704918,-1.0,-1.0
PM4_heatmap_speed2,2121129191,connected,35,36,23,0.8260869565217391,0.8260869565217391,-1.0,-1.0
PM4_heatmap_speed2,2121129191,connected,36,36,55,0.8545454545454545,0.8545454545454545,-1.0,-1.0
PM4_heatmap_speed2,2121129191,connected,37,36,33,0.9090909090909091,0.9090909090909091,-1.0,-1.0
PM4_heatmap_speed2,2121129191,connected,38,36,71,0.8873239436619719,0.8873239436619719,-1.0,-1.0
PM4_heatmap_speed2,2121129191,connected,39,36,30,0.8333333333333334,0.8333333333333334,-1.0,-1.0
PM4_heatmap_speed2,2121129191,connected,40,36,66,0.8333333333333334,0.8333333333333334,-1.0,-1.0
PM4_heatmap_speed2,2121129191,connected,41,36,58,0.8275862068965517,0.8275862068965517,-1.0,-1.0
PM4_heatmap_speed2,2121129191,connected,42,36,19,0.8421052631578947,0.8421052631578947,-1.0,-1.0
PM4_heatmap_speed2,2121129191,connected,43,36,3,0.3333333333333333,0.3333333333333333,-1.0,-1.0
PM4_heatmap_speed2,2121129191,connected,44,36,77,0.8961038961038961,0.8961038961038961,-1.0,-1.0
PM4_heatmap_speed2,2121129191,connected,45,36,57,0.9824561403508771,0.9824561403508771,-1.0,-1.0
PM4_heatmap_speed2,2121129191,connected,47,36,11,1.0,1.0,1.0,1.0
PM4_heatmap_speed2,2121129191,connected,48,36,27,0.9629629629629629,0.9629629629629629,1.0,1.0
PM4_heatmap_speed2,2121129191,connected,49,36,18,0.9444444444444444,0.9444444444444444,-1.0,-1.0
PM4_heatmap_speed2,2121129191,connected,0,37,27,0.7407407407407407,0.7407407407407407,1.0,1.0
PM4_heatmap_speed2,2121129191,connected,2,37,5,0.8,0.8,-1.0,-1.0
PM4_heatmap_speed2,2121129191,connected,5,37,40,0.825,0.825,1.0,1.0
PM4_heatmap_speed2,2121129191,connected,7,37,34,0.9705882352941176,0.9705882352941176,-1.0,-1.0
PM4_heatmap_speed2,2121129191,connected,8,37,51,0.8235294117647058,0.8235294117647058,0.9090909090909091,0.9090909090909091
PM4_heatmap_speed2,2121129191,connected,9,37,90,0.8333333333333334,0.8333333333333334,0.9411764705882353,0.9411764705882353
PM4_heatmap_speed2,2121129191,connected,10,37,6,0.8333333333333334,0.8333333333333334,1.0,1.0
PM4_heatmap_speed2,2121129191,connected,11,37,50,0.8,0.8,1.0,1.0
PM4_heatmap_speed2,2121129191,connected,13,37,26,0.6923076923076923,0.6923076923076923,-1.0,-1.0
PM4_heatmap_speed2,2121129191,connected,14,37,18,0.8333333333333334,0.8333333333333334,-1.0,-1.0
PM4_heatmap_speed2,2121129191,connected,16,37,37,0.8378378378378378,0.8378378378378378,-1.0,-1.0
PM4_heatmap_speed2,2121129191,connected,18,37,80,0.8375,0.8375,0.9285714285714286,0.9285714285714286
PM4_heatmap_speed2,2121129191,connected,19,37,43,0.8372093023255814,0.8372093023255814,1.0,1.0
PM4_heatmap_speed2,2121129191,connected,20,37,11,0.7272727272727273,0.7272727272727273,-1.0,-1.0
PM4_heatmap_speed2,2121129191,connected,21,37,63,0.8253968253968254,0.8253968253968254,-1.0,-1.0
PM4_heatmap_speed2,2121129191,connected,22,37,107,0.8411214953271028,0.8411214953271028,-1.0,-1.0
PM4_heatmap_speed2,2121129191,connected,23,37,49,0.9183673469387755,0.9183673469387755,-1.0,-1.0
PM4_heatmap_speed2,2121129191,connected,24,37,18,0.6666666666666666,0.6666666666666666,-1.0,-1.0
PM4_heatmap_speed2,2121129191,connected,25,37,25,0.88,0.88,-1.0,-1.0
PM4_heatmap_speed2,2121129191,connected,26,37,6,1.0,1.0,-1.0,-1.0
PM4_heatmap_speed2,2121129191,connected,27,37,44,0.8409090909090909,0.8409090909090909,-1.0,-1.0
PM4_heatmap_speed2,2121129191,connected,28,37,29,0.7931034482758621,0.7931034482758621,-1.0,-1.0
PM4_heatmap_speed2,2121129191,connected,29,37,4,0.75,0.75,-1.0,-1.0
PM4_heatmap_speed2,2121129191,connected,30,37,3,1.0,1.0,-1.0,-1.0
PM4_heatmap_speed2,2121129191,connected,31,37,19,0.8947368421052632,0.8947368421052632,-1.0,-1.0
PM4_heatmap_speed2,2121129191,connected,32,37,7,1.0,1.0,1.0,1.0
PM4_heatmap_speed2,2121129191,connected,33,37,12,0.8333333333333334,0.8333333333333334,0.0,0.0
PM4_heatmap_speed2,2121129191,connected,34,37,6,0.8333333333333334,0.8333333333333334,-1.0,-1.0
PM4_heatmap_speed2,2121129191,connected,35,37,1,0.0,0.0,-1.0,-1.0
PM4_heatmap_speed2,2121129191,connected,36,37,14,0.8571428571428571,0.8571428571428571,-1.0,-1.0
PM4_heatmap_speed2,2121129191,connected,38,37,40,0.875,0.875,-1.0,-1.0
PM4_heatmap_speed2,2121129191,connected,40,37,20,0.9,0.9,1.0,1.0
PM4_heatmap_speed2,2121129191,connected,42,37,24,0.6666666666666666,0.6666666666666666,-1.0,-1.0
PM4_heatmap_speed2,2121129191,connected,44,37,45,0.9333333333333333,0.9333333333333333,-1.0,-1.0
PM4_heatmap_speed2,2121129191,connected,45,37,30,0.8666666666666667,0.8666666666666667,-1.0,-1.0
PM4_heatmap_speed2,2121129191,connected,46,37,20,1.0,1.0,-1.0,-1.0
PM4_heatmap_speed2,2121129191,connected,47,37,5,1.0,1.0,-1.0,-1.0
PM4_heatmap_speed2,2121129191,connected,49,37,26,0.8846153846153846,0.8846153846153846,-1.0,-1.0
PM4_heatmap_speed2,2121129191,connected,0,38,35,0.9142857142857143,0.9142857142857143,1.0,1.0
PM4_heatmap_speed2,2121129191,connected,1,38,7,1.0,1.0,1.0,1.0
PM4_heatmap_speed2,2121129191,connected,2,38,11,0.9090909090909091,0.9090909090909091,-1.0,-1.0
PM4_heatmap_speed2,2121129191,connected,3,38,66,0.8484848484848485,0.8484848484848485,1.0,1.0
PM4_heatmap_speed2,2121129191,connected,4,38,30,0.7666666666666667,0.7666666666666667,1.0,1.0
PM4_heatmap_speed2,2121129191,connected,5,38,69,0.8405797101449275,0.8405797101449275,1.0,1.0
PM4_heatmap_speed2,2121129191,connected,6,38,32,0.875,0.875,1.0,1.0
PM4_heatmap_speed2,2121129191,connected,7,38,41,0.8780487804878049,0.8780487804878049,0.5,0.5
PM4_heatmap_speed2,2121129191,connected,8,38,76,0.868421052631579,0.868421052631579,0.8571428571428571,0.8571428571428571
PM4_heatmap_speed2,2121129191,connected,9,38,95,0.9157894736842105,0.9157894736842105,0.8125,0.8125
PM4_heatmap_speed2,2121129191,connected,10,38,74,0.8243243243243243,0.8243243243243243,0.8461538461538461,0.8461538461538461
PM4_heatmap_speed2,2121129191,connected,11,38,93,0.8709677419354839,0.8709677419354839,0.9032258064516129,0.9032258064516129
PM4_heatmap_speed2,2121129191,connected,12,38,32,0.75,0.75,0.8,0.8
PM4_heatmap_speed2,2121129191,connected,13,38,63,0.8571428571428571,0.8571428571428571,-1.0,-1.0
PM4_heatmap_speed2,2121129191,connected,14,38,26,0.9230769230769231,0.9230769230769231,-1.0,-1.0
PM4_heatmap_speed2,2121129191,connected,15,38,10,0.6,0.6,-1.0,-1.0
PM4_heatmap_speed2,2121129191,connected,16,38,25,0.76,0.76,-1.0,-1.0
PM4_heatmap_speed2,2121129191,connected,18,38,69,0.855072463768116,0.855072463768116,0.9473684210526315,0.9473684210526315
PM4_heatmap_speed2,2121129191,connected,19,38,118,0.8559322033898306,0.8559322033898306,1.0,1.0
PM4_heatmap_speed2,2121129191,connected,20,38,23,0.782608695652174,0.782608695652174,-1.0,-1.0
PM4_heatmap_speed2,2121129191,connected,21,38,45,0.7777777777777778,0.7777777777777778,-1.0,-1.0
PM4_heatmap_speed2,2121129191,connected,22,38,54,0.8518518518518519,0.8518518518518519,-1.0,-1.0
PM4_heatmap_speed2,2121129191,connected,23,38,20,0.8,0.8,-1.0,-1.0
PM4_heatmap_speed2,2121129191,connected,24,38,74,0.8513513513513513,0.8513513513513513,-1.0,-1.0
PM4_heatmap_speed2,2121129191,connected,25,38,33,0.8181818181818182,0.8181818181818182,-1.0,-1.0
PM4_heatmap_speed2,2121129191,connected,26,38,47,0.851063829787234,0.851063829787234,-1.0,-1.0
PM4_heatmap_speed2,2121129191,connected,27,38,31,0.9354838709677419,0.9354838709677419,-1.0,-1.0
PM4_heatmap_speed2,2121129191,connected,28,38,29,0.7586206896551724,0.7586206896551724,-1.0,-1.0
PM4_heatmap_speed2,2121129191,connected,32,38,45,0.8222222222222222,0.8222222222222222,0.8823529411764706,0.8823529411764706
PM4_heatmap_speed2,2121129191,connected,33,38,119,0.8823529411764706,0.8823529411764706,0.8297872340425532,0.8297872340425532
PM4_heatmap_speed2,2121129191,connected,34,38,47,0.8297872340425532,0.8297872340425532,0.7777777777777778,0.7777777777777778
PM4_heatmap_speed2,2121129191,connected,35,38,70,0.9,0.9,0.9166666666666666,0.9166666666666666
PM4_heatmap_speed2,2121129191,connected,36,38,51,0.8627450980392157,0.8627450980392157,0.6,0.6
PM4_heatmap_speed2,2121129191,connected,37,38,35,0.7714285714285715,0.7714285714285715,-1.0,-1.0
PM4_heatmap_speed2,2121129191,connected,38,38,76,0.8947368421052632,0.8947368421052632,-1.0,-1.0
PM4_heatmap_speed2,2121129191,connected,39,38,41,0.8048780487804879,0.8048780487804879,1.0,1.0
PM4_heatmap_speed2,2121129191,connected,40,38,44,0.8636363636363636,0.8636363636363636,1.0,1.0
PM4_heatmap_speed2,2121129191,connected,41,38,36,0.9166666666666666,0.9166666666666666,-1.0,-1.0
PM4_heatmap_speed2,2121129191,connected,42,38,46,0.8913043478260869,0.8913043478260869,-1.0,-1.0
PM4_heatmap_speed2,2121129191,connected,43,38,19,0.7368421052631579,0.7368421052631579,-1.0,-1.0
PM4_heatmap_speed2,2121129191,connected,44,38,95,0.8947368421052632,0.8947368421052632,-1.0,-1.0
PM4_heatmap_speed2,2121129191,connected,45,38,161,0.9192546583850931,0.9192546583850931,1.0,1.0
PM4_heatmap_speed2,2121129191,connected,46,38,75,0.8533333333333334,0.8533333333333334,1.0,1.0
PM4_heatmap_speed2,2121129191,connected,47,38,36,0.8888888888888888,0.8888888888888888,-1.0,-1.0
PM4_heatmap_speed2,2121129191,connected,48,38,8,0.75,0.75,-1.0,-1.0
PM4_heatmap_speed2,2121129191,connected,49,38,4,1.0,1.0,-1.0,-1.0
PM4_heatmap_speed2,2121129191,connected,0,39,30,0.9,0.9,0.8571428571428571,0.8571428571428571
PM4_heatmap_speed2,2121129191,connected,1,39,61,0.9508196721311475,0.9508196721311475,1.0,1.0
PM4_heatmap_speed2,2121129191,connected,2,39,25,0.88,0.88,0.8,0.8
PM4_heatmap_speed2,2121129191,connected,3,39,100,0.89,0.89,0.75,0.75
PM4_heatmap_speed2,2121129191,connected,4,39,72,0.7916666666666666,0.7916666666666666,1.0,1.0
PM4_heatmap_speed2,2121129191,connected,5,39,102,0.9215686274509803,0.9215686274509803,-1.0,-1.0
PM4_heatmap_speed2,2121129191,connected,6,39,44,0.9318181818181818,0.9318181818181818,-1.0,-1.0
PM4_heatmap_speed2,2121129191,connected,7,39,57,0.8245614035087719,0.8245614035087719,0.7142857142857143,0.7142857142857143
PM4_heatmap_speed2,2121129191,connected,8,39,49,0.8163265306122449,0.8163265306122449,1.0,1.0
PM4_heatmap_speed2,2121129191,connected,9,39,42,0.8571428571428571,0.8571428571428571,-1.0,-1.0
PM4_heatmap_speed2,2121129191,connected,10,39,133,0.924812030075188,0.924812030075188,1.0,1.0
PM4_heatmap_speed2,2121129191,connected,11,39,98,0.8469387755102041,0.8469387755102041,0.9,0.9
PM4_heatmap_speed2,2121129191,connected,12,39,41,0.926829268292683,0.926829268292683,1.0,1.0
PM4_heatmap_speed2,2121129191,connected,13,39,46,0.8260869565217391,0.8260869565217391,1.0,1.0
PM4_heatmap_speed2,2121129191,connected,14,39,8,0.75,0.75,-1.0,-1.0
PM4_heatmap_speed2,2121129191,connected,15,39,32,0.90625,0.90625,-1.0,-1.0
PM4_heatmap_speed2,2121129191,connected,16,39,34,0.9117647058823529,0.9117647058823529,-1.0,-1.0
PM4_heatmap_speed2,2121129191,connected,17,39,29,0.9310344827586207,0.9310344827586207,1.0,1.0
PM4_heatmap_speed2,2121129191,connected,19,39,27,0.8888888888888888,0.8888888888888888,-1.0,-1.0
PM4_heatmap_speed2,2121129191,connected,20,39,68,0.8676470588235294,0.8676470588235294,1.0,1.0
PM4_heatmap_speed2,2121129191,connected,21,39,30,0.8666666666666667,0.8666666666666667,-1.0,-1.0
PM4_heatmap_speed2,2121129191,connected,22,39,42,0.8095238095238095,0.8095238095238095,1.0,1.0
PM4_heatmap_speed2,2121129191,connected,24,39,68,0.8970588235294118,0.8970588235294118,-1.0,-1.0
PM4_heatmap_speed2,2121129191,connected,26,39,18,0.7777777777777778,0.7777777777777778,-1.0,-1.0
PM4_heatmap_speed2,2121129191,connected,27,39,17,0.8823529411764706,0.8823529411764706,-1.0,-1.0
PM4_heatmap_speed2,2121129191,connected,28,39,35,0.7714285714285715,0.7714285714285715,-1.0,-1.0
PM4_heatmap_speed2,2121129191,connected,29,39,44,0.8409090909090909,0.8409090909090909,-1.0,-1.0
PM4_heatmap_speed2,2121129191,connected,31,39,37,0.8648648648648649,0.8648648648648649,1.0,1.0
PM4_heatmap_speed2,2121129191,connected,32,39,87,0.8735632183908046,0.8735632183908046,0.8888888888888888,0.8888888888888888
PM4_heatmap_speed2,2121129191,connected,33,39,106,0.839622641509434,0.839622641509434,0.9285714285714286,0.9285714285714286
PM4_heatmap_speed2,2121129191,connected,34,39,126,0.873015873015873,0.873015873015873,0.9384615384615385,0.9384615384615385
PM4_heatmap_speed2,2121129191,connected,35,39,44,0.7954545454545454,0.7954545454545454,1.0,1.0
PM4_heatmap_speed2,2121129191,connected,36,39,18,0.7222222222222222,0.7222222222222222,-1.0,-1.0
PM4_heatmap_speed2,2121129191,connected,37,39,3,1.0,1.0,-1.0,-1.0
PM4_heatmap_speed2,2121129191,connected,38,39,21,0.8571428571428571,0.8571428571428571,-1.0,-1.0
PM4_heatmap_speed2,2121129191,connected,39,39,26,0.8846153846153846,0.8846153846153846,-1.0,-1.0
PM4_heatmap_speed2,2121129191,connected,40,39,31,0.9032258064516129,0.9032258064516129,-1.0,-1.0
PM4_heatmap_speed2,2121129191,connected,41,39,51,0.8431372549019608,0.8431372549019608,-1.0,-1.0
PM4_heatmap_speed2,2121129191,connected,42,39,56,0.8214285714285714,0.8214285714285714,-1.0,-1.0
PM4_heatmap_speed2,2121129191,connected,44,39,69,0.8985507246376812,0.8985507246376812,-1.0,-1.0
PM4_heatmap_speed2,2121129191,connected,45,39,207,0.8888888888888888,0.8888888888888888,1.0,1.0
PM4_heatmap_speed2,2121129191,connected,46,39,22,0.9090909090909091,0.9090909090909091,-1.0,-1.0
PM4_heatmap_speed2,2121129191,connected,47,39,52,0.8846153846153846,0.8846153846153846,-1.0,-1.0
PM4_heatmap_speed2,2121129191,connected,48,39,12,0.75,0.75,-1.0,-1.0
PM4_heatmap_speed2,2121129191,connected,49,39,8,1.0,1.0,-1.0,-1.0
PM4_heatmap_speed2,2121129191,connected,0,40,49,0.9591836734693877,0.9591836734693877,1.0,1.0
PM4_heatmap_speed2,2121129191,connected,1,40,27,0.8148148148148148,0.8148148148148148,0.7,0.7
PM4_heatmap_speed2,2121129191,connected,2,40,45,0.8888888888888888,0.8888888888888888,0.9285714285714286,0.9285714285714286
PM4_heatmap_speed2,2121129191,connected,3,40,78,0.8717948717948718,0.8717948717948718,1.0,1.0
PM4_heatmap_speed2,2121129191,connected,4,40,40,0.875,0.875,1.0,1.0
PM4_heatmap_speed2,2121129191,connected,5,40,35,0.8857142857142857,0.8857142857142857,-1.0,-1.0
PM4_heatmap_speed2,2121129191,connected,7,40,61,0.8688524590163934,0.8688524590163934,0.7777777777777778,0.7777777777777778
PM4_heatmap_speed2,2121129191,connected,8,40,32,0.875,0.875,1.0,1.0
PM4_heatmap_speed2,2121129191,connected,10,40,87,0.8390804597701149,0.8390804597701149,0.8,0.8
PM4_heatmap_speed2,2121129191,connected,11,40,36,0.8611111111111112,0.8611111111111112,-1.0,-1.0
PM4_heatmap_speed2,2121129191,connected,13,40,43,0.9302325581395349,0.9302325581395349,-1.0,-1.0
PM4_heatmap_speed2,2121129191,connected,14,40,17,0.8235294117647058,0.8235294117647058,-1.0,-1.0
PM4_heatmap_speed2,2121129191,connected,16,40,72,0.875,0.875,-1.0,-1.0
PM4_heatmap_speed2,2121129191,connected,17,40,48,0.8541666666666666,0.8541666666666666,-1.0,-1.0
PM4_heatmap_speed2,2121129191,connected,19,40,41,0.8536585365853658,0.8536585365853658,1.0,1.0
PM4_heatmap_speed2,2121129191,connected,20,40,46,0.7608695652173914,0.7608695652173914,1.0,1.0
PM4_heatmap_speed2,2121129191,connected,21,40,89,0.8202247191011236,0.8202247191011236,1.0,1.0
PM4_heatmap_speed2,2121129191,connected,22,40,65,0.7692307692307693,0.7692307692307693,1.0,1.0
PM4_heatmap_speed2,2121129191,connected,23,40,36,0.8055555555555556,0.8055555555555556,-1.0,-1.0
PM4_heatmap_speed2,2121129191,connected,24,40,48,0.7916666666666666,0.7916666666666666,-1.0,-1.0
PM4_heatmap_speed2,2121129191,connected,25,40,28,0.7857142857142857,0.7857142857142857,-1.0,-1.0
PM4_heatmap_speed2,2121129191,connected,26,40,102,0.8823529411764706,0.8823529411764706,-1.0,-1.0
PM4_heatmap_speed2,2121129191,connected,27,40,34,0.9411764705882353,0.9411764705882353,-1.0,-1.0
PM4_heatmap_speed2,2121129191,connected,28,40,20,0.9,0.9,-1.0,-1.0
PM4_heatmap_speed2,2121129191,connected,29,40,5,0.8,0.8,-1.0,-1.0
PM4_heatmap_speed2,2121129191,connected,30,40,40,0.85,0.85,-1.0,-1.0
PM4_heatmap_speed2,2121129191,connected,31,40,8,1.0,1.0,-1.0,-1.0
PM4_heatmap_speed2,2121129191,connected,32,40,58,0.9137931034482759,0.9137931034482759,0.9444444444444444,0.9444444444444444
PM4_heatmap_speed2,2121129191,connected,33,40,23,0.7391304347826086,0.7391304347826086,0.8888888888888888,0.8888888888888888
PM4_heatmap_speed2,2121129191,connected,34,40,8,1.0,1.0,1.0,1.0
PM4_heatmap_speed2,2121129191,connected,35,40,19,0.7894736842105263,0.7894736842105263,0.9090909090909091,0.9090909090909091
PM4_heatmap_speed2,2121129191,connected,36,40,23,0.782608695652174,0.782608695652174,0.0,0.0
PM4_heatmap_speed2,2121129191,connected,37,40,1,1.0,1.0,-1.0,-1.0
PM4_heatmap_speed2,2121129191,connected,38,40,19,0.9473684210526315,0.9473684210526315,-1.0,-1.0
PM4_heatmap_speed2,2121129191,connected,39,40,56,0.8035714285714286,0.8035714285714286,-1.0,-1.0
PM4_heatmap_speed2,2121129191,connected,41,40,32,0.9375,0.9375,-1.0,-1.0
PM4_heatmap_speed2,2121129191,connected,42,40,39,0.9487179487179487,0.9487179487179487,-1.0,-1.0
PM4_heatmap_speed2,2121129191,connected,43,40,32,0.84375,0.84375,-1.0,-1.0
PM4_heatmap_speed2,2121129191,connected,44,40,46,0.8695652173913043,0.8695652173913043,1.0,1.0
PM4_heatmap_speed2,2121129191,connected,45,40,12,0.5833333333333334,0.5833333333333334,-1.0,-1.0
PM4_heatmap_speed2,2121129191,connected,46,40,9,0.8888888888888888,0.8888888888888888,-1.0,-1.0
PM4_heatmap_speed2,2121129191,connected,47,40,56,0.8928571428571429,0.8928571428571429,-1.0,-1.0
PM4_heatmap_speed2,2121129191,connected,49,40,35,0.9714285714285714,0.9714285714285714,-1.0,-1.0
PM4_heatmap_speed2,2121129191,connected,0,41,91,0.9560439560439561,0.9560439560439561,1.0,1.0
PM4_heatmap_speed2,2121129191,connected,1,41,42,0.8571428571428571,0.8571428571428571,0.6,0.6
PM4_heatmap_speed2,2121129191,connected,2,41,87,0.9310344827586207,0.9310344827586207,0.7272727272727273,0.7272727272727273
PM4_heatmap_speed2,2121129191,connected,3,41,89,0.9438202247191011,0.9438202247191011,0.6666666666666666,0.6666666666666666
PM4_heatmap_speed2,2121129191,connected,4,41,92,0.9130434782608695,0.9130434782608695,1.0,1.0
PM4_heatmap_speed2,2121129191,connected,5,41,130,0.9076923076923077,0.9076923076923077,1.0,1.0
PM4_heatmap_speed2,2121129191,connected,7,41,74,0.8783783783783784,0.8783783783783784,1.0,1.0
PM4_heatmap_speed2,2121129191,connected,8,41,47,0.9148936170212766,0.9148936170212766,1.0,1.0
PM4_heatmap_speed2,2121129191,connected,9,41,24,0.9166666666666666,0.9166666666666666,0.6666666666666666,0.6666666666666666
PM4_heatmap_speed2,2121129191,connected,10,41,65,0.8923076923076924,0.8923076923076924,0.7142857142857143,0.7142857142857143
PM4_heatmap_speed2,2121129191,connected,11,41,148,0.8986486486486487,0.8986486486486487,1.0,1.0
PM4_heatmap_speed2,2121129191,connected,12,41,63,0.9206349206349206,0.9206349206349206,-1.0,-1.0
PM4_heatmap_speed2,2121129191,connected,13,41,48,0.875,0.875,-1.0,-1.0
PM4_heatmap_speed2,2121129191,connected,14,41,67,0.835820895522388,0.835820895522388,-1.0,-1.0
PM4_heatmap_speed2,2121129191,connected,15,41,24,0.9583333333333334,0.9583333333333334,-1.0,-1.0
PM4_heatmap_speed2,2121129191,connected,16,41,74,0.7837837837837838,0.7837837837837838,-1.0,-1.0
PM4_heatmap_speed2,2121129191,connected,17,41,50,0.84,0.84,-1.0,-1.0
PM4_heatmap_speed2,2121129191,connected,18,41,46,0.782608695652174,0.782608695652174,-1.0,-1.0
PM4_heatmap_speed2,2121129191,connected,19,41,87,0.8275862068965517,0.8275862068965517,-1.0,-1.0
PM4_heatmap_speed2,2121129191,connected,20,41,30,0.8666666666666667,0.8666666666666667,-1.0,-1.0
PM4_heatmap_speed2,2121129191,connected,21,41,60,0.7833333333333333,0.7833333333333333,0.5,0.5
PM4_heatmap_speed2,2121129191,connected,22,41,72,0.875,0.875,0.6666666666666666,0.6666666666666666
PM4_heatmap_speed2,2121129191,connected,23,41,50,0.86,0.86,-1.0,-1.0
PM4_heatmap_speed2,2121129191,connected,24,41,28,0.9285714285714286,0.9285714285714286,-1.0,-1.0
PM4_heatmap_speed2,2121129191,connected,25,41,47,0.8936170212765957,0.8936170212765957,-1.0,-1.0
PM4_heatmap_speed2,2121129191,connected,26,41,52,0.8653846153846154,0.8653846153846154,-1.0,-1.0
PM4_heatmap_speed2,2121129191,connected,27,41,40,0.95,0.95,-1.0,-1.0
PM4_heatmap_speed2,2121129191,connected,28,41,29,0.7931034482758621,0.7931034482758621,-1.0,-1.0
PM4_heatmap_speed2,2121129191,connected,29,41,2,0.5,0.5,-1.0,-1.0
PM4_heatmap_speed2,2121129191,connected,30,41,18,0.8333333333333334,0.8333333333333334,-1.0,-1.0
PM4_heatmap_speed2,2121129191,connected,31,41,39,0.8717948717948718,0.8717948717948718,0.75,0.75
PM4_heatmap_speed2,2121129191,connected,32,41,38,0.7894736842105263,0.7894736842105263,0.7142857142857143,0.7142857142857143
PM4_heatmap_speed2,2121129191,connected,33,41,43,0.7906976744186046,0.7906976744186046,0.8181818181818182,0.8181818181818182
PM4_heatmap_speed2,2121129191,connected,34,41,25,0.88,0.88,0.9375,0.9375
PM4_heatmap_speed2,2121129191,connected,35,41,34,0.8823529411764706,0.8823529411764706,0.95,0.95
PM4_heatmap_speed2,2121129191,connected,36,41,39,0.8461538461538461,0.8461538461538461,1.0,1.0
PM4_heatmap_speed2,2121129191,connected,37,41,19,0.7894736842105263,0.7894736842105263,0.5,0.5
PM4_heatmap_speed2,2121129191,connected,38,41,51,0.8823529411764706,0.8823529411764706,0.8333333333333334,0.8333333333333334
PM4_heatmap_speed2,2121129191,connected,39,41,58,0.8793103448275862,0.8793103448275862,1.0,1.0
PM4_heatmap_speed2,2121129191,connected,40,41,29,0.896551724137931,0.896551724137931,-1.0,-1.0
PM4_heatmap_speed2,2121129191,connected,41,41,66,0.9090909090909091,0.9090909090909091,-1.0,-1.0
PM4_heatmap_speed2,2121129191,connected,42,41,34,0.8529411764705882,0.8529411764705882,-1.0,-1.0
PM4_heatmap_speed2,2121129191,connected,43,41,19,0.9473684210526315,0.9473684210526315,-1.0,-1.0
PM4_heatmap_speed2,2121129191,connected,44,41,80,0.9,0.9,1.0,1.0
PM4_heatmap_speed2,2121129191,connected,45,41,37,0.8378378378378378,0.8378378378378378,-1.0,-1.0
PM4_heatmap_speed2,2121129191,connected,46,41,62,0.8548387096774194,0.8548387096774194,-1.0,-1.0
PM4_heatmap_speed2,2121129191,connected,47,41,25,0.84,0.84,-1.0,-1.0
PM4_heatmap_speed2,2121129191,connected,48,41,17,0.8235294117647058,0.8235294117647058,-1.0,-1.0
PM4_heatmap_speed2,2121129191,connected,49,41,47,0.9148936170212766,0.9148936170212766,-1.0,-1.0
PM4_heatmap_speed2,2121129191,connected,0,42,32,0.9375,0.9375,1.0,1.0
PM4_heatmap_speed2,2121129191,connected,1,42,25,1.0,1.0,1.0,1.0
PM4_heatmap_speed2,2121129191,connected,2,42,85,0.9411764705882353,0.9411764705882353,1.0,1.0
PM4_heatmap_speed2,2121129191,connected,3,42,45,0.9555555555555556,0.9555555555555556,-1.0,-1.0
PM4_heatmap_speed2,2121129191,connected,4,42,6,0.8333333333333334,0.8333333333333334,-1.0,-1.0
PM4_heatmap_speed2,2121129191,connected,5,42,173,0.8670520231213873,0.8670520231213873,1.0,1.0
PM4_heatmap_speed2,2121129191,connected,6,42,116,0.9051724137931034,0.9051724137931034,-1.0,-1.0
PM4_heatmap_speed2,2121129191,connected,7,42,59,0.8813559322033898,0.8813559322033898,-1.0,-1.0
PM4_heatmap_speed2,2121129191,connected,8,42,13,1.0,1.0,-1.0,-1.0
PM4_heatmap_speed2,2121129191,connected,10,42,33,0.8787878787878788,0.8787878787878788,1.0,1.0
PM4_heatmap_speed2,2121129191,connected,11,42,66,0.8636363636363636,0.8636363636363636,1.0,1.0
PM4_heatmap_speed2,2121129191,connected,12,42,64,0.9375,0.9375,1.0,1.0
PM4_heatmap_speed2,2121129191,connected,13,42,8,0.75,0.75,-1.0,-1.0
PM4_heatmap_speed2,2121129191,connected,14,42,27,0.8518518518518519,0.8518518518518519,-1.0,-1.0
PM4_heatmap_speed2,2121129191,connected,15,42,30,0.8,0.8,-1.0,-1.0
PM4_heatmap_speed2,2121129191,connected,16,42,1,1.0,1.0,-1.0,-1.0
PM4_heatmap_speed2,2121129191,connected,17,42,14,0.7142857142857143,0.7142857142857143,-1.0,-1.0
PM4_heatmap_speed2,2121129191,connected,19,42,34,0.8823529411764706,0.8823529411764706,-1.0,-1.0
PM4_heatmap_speed2,2121129191,connected,20,42,20,0.7,0.7,-1.0,-1.0
PM4_heatmap_speed2,2121129191,connected,21,42,68,0.8676470588235294,0.8676470588235294,-1.0,-1.0
PM4_heatmap_speed2,2121129191,connected,22,42,112,0.8928571428571429,0.8928571428571429,0.6666666666666666,0.6666666666666666
PM4_heatmap_speed2,2121129191,connected,23,42,107,0.8317757009345794,0.8317757009345794,0.6,0.6
PM4_heatmap_speed2,2121129191,connected,24,42,17,0.6470588235294118,0.6470588235294118,0.0,0.0
PM4_heatmap_speed2,2121129191,connected,26,42,43,0.8604651162790697,0.8604651162790697,-1.0,-1.0
PM4_heatmap_speed2,2121129191,connected,28,42,15,0.7333333333333333,0.7333333333333333,-1.0,-1.0
PM4_heatmap_speed2,2121129191,connected,29,42,2,1.0,1.0,-1.0,-1.0
PM4_heatmap_speed2,2121129191,connected,30,42,10,1.0,1.0,-1.0,-1.0
PM4_heatmap_speed2,2121129191,connected,31,42,42,0.9523809523809523,0.9523809523809523,-1.0,-1.0
PM4_heatmap_speed2,2121129191,connected,33,42,6,1.0,1.0,-1.0,-1.0
PM4_heatmap_speed2,2121129191,connected,34,42,10,0.9,0.9,0.8,0.8
PM4_heatmap_speed2,2121129191,connected,35,42,61,0.8032786885245902,0.8032786885245902,0.7894736842105263,0.7894736842105263
PM4_heatmap_speed2,2121129191,connected,36,42,39,0.8205128205128205,0.8205128205128205,0.8571428571428571,0.8571428571428571
PM4_heatmap_speed2,2121129191,connected,37,42,4,1.0,1.0,-1.0,-1.0
PM4_heatmap_speed2,2121129191,connected,38,42,33,0.8787878787878788,0.8787878787878788,1.0,1.0
PM4_heatmap_speed2,2121129191,connected,39,42,12,0.75,0.75,-1.0,-1.0
PM4_heatmap_speed2,2121129191,connected,40,42,16,0.75,0.75,-1.0,-1.0
PM4_heatmap_speed2,2121129191,connected,41,42,33,0.8484848484848485,0.8484848484848485,-1.0,-1.0
PM4_heatmap_speed2,2121129191,connected,43,42,28,0.8571428571428571,0.8571428571428571,-1.0,-1.0
PM4_heatmap_speed2,2121129191,connected,44,42,88,0.8636363636363636,0.8636363636363636,-1.0,-1.0
PM4_heatmap_speed2,2121129191,connected,45,42,47,0.851063829787234,0.851063829787234,-1.0,-1.0
PM4_heatmap_speed2,2121129191,connected,46,42,58,0.9310344827586207,0.9310344827586207,-1.0,-1.0
PM4_heatmap_speed2,2121129191,connected,47,42,42,0.9285714285714286,0.9285714285714286,-1.0,-1.0
PM4_heatmap_speed2,2121129191,connected,48,42,26,0.8461538461538461,0.8461538461538461,-1.0,-1.0
PM4_heatmap_speed2,2121129191,connected,49,42,48,0.9166666666666666,0.9166666666666666,-1.0,-1.0
PM4_heatmap_speed2,2121129191,connected,0,43,10,1.0,1.0,-1.0,-1.0
PM4_heatmap_speed2,2121129191,connected,1,43,27,1.0,1.0,1.0,1.0
PM4_heatmap_speed2,2121129191,connected,2,43,45,0.9777777777777777,0.9777777777777777,1.0,1.0
PM4_heatmap_speed2,2121129191,connected,3,43,62,0.8870967741935484,0.8870967741935484,-1.0,-1.0
PM4_heatmap_speed2,2121129191,connected,4,43,11,1.0,1.0,-1.0,-1.0
PM4_heatmap_speed2,2121129191,connected,5,43,42,0.9285714285714286,0.9285714285714286,-1.0,-1.0
PM4_heatmap_speed2,2121129191,connected,6,43,72,0.9305555555555556,0.9305555555555556,-1.0,-1.0
PM4_heatmap_speed2,2121129191,connected,7,43,199,0.8994974874371859,0.8994974874371859,1.0,1.0
PM4_heatmap_speed2,2121129191,connected,8,43,21,0.9047619047619048,0.9047619047619048,-1.0,-1.0
PM4_heatmap_speed2,2121129191,connected,9,43,16,0.8125,0.8125,0.0,0.0
PM4_heatmap_speed2,2121129191,connected,10,43,65,0.8615384615384616,0.8615384615384616,0.8571428571428571,0.8571428571428571
PM4_heatmap_speed2,2121129191,connected,11,43,22,0.8181818181818182,0.8181818181818182,1.0,1.0
PM4_heatmap_speed2,2121129191,connected,12,43,35,0.9142857142857143,0.9142857142857143,1.0,1.0
PM4_heatmap_speed2,2121129191,connected,13,43,65,0.8,0.8,-1.0,-1.0
PM4_heatmap_speed2,2121129191,connected,14,43,47,0.8936170212765957,0.8936170212765957,-1.0,-1.0
PM4_heatmap_speed2,2121129191,connected,15,43,99,0.8888888888888888,0.8888888888888888,-1.0,-1.0
PM4_heatmap_speed2,2121129191,connected,16,43,87,0.8620689655172413,0.8620689655172413,-1.0,-1.0
PM4_heatmap_speed2,2121129191,connected,17,43,26,0.7692307692307693,0.7692307692307693,-1.0,-1.0
PM4_heatmap_speed2,2121129191,connected,18,43,7,0.7142857142857143,0.7142857142857143,-1.0,-1.0
PM4_heatmap_speed2,2121129191,connected,19,43,15,0.8,0.8,-1.0,-1.0
PM4_heatmap_speed2,2121129191,connected,20,43,64,0.84375,0.84375,0.5,0.5
PM4_heatmap_speed2,2121129191,connected,21,43,80,0.9125,0.9125,0.8,0.8
PM4_heatmap_speed2,2121129191,connected,22,43,71,0.9154929577464789,0.9154929577464789,-1.0,-1.0
PM4_heatmap_speed2,2121129191,connected,24,43,95,0.7578947368421053,0.7578947368421053,-1.0,-1.0
PM4_heatmap_speed2,2121129191,connected,25,43,53,0.8867924528301887,0.8867924528301887,-1.0,-1.0
PM4_heatmap_speed2,2121129191,connected,26,43,51,0.8235294117647058,0.8235294117647058,-1.0,-1.0
PM4_heatmap_speed2,2121129191,connected,27,43,38,0.9210526315789473,0.9210526315789473,-1.0,-1.0
PM4_heatmap_speed2,2121129191,connected,28,43,68,0.7941176470588235,0.7941176470588235,-1.0,-1.0
PM4_heatmap_speed2,2121129191,connected,29,43,13,1.0,1.0,-1.0,-1.0
PM4_heatmap_speed2,2121129191,connected,31,43,32,0.875,0.875,-1.0,-1.0
PM4_heatmap_speed2,2121129191,connected,32,43,11,0.8181818181818182,0.8181818181818182,-1.0,-1.0
PM4_heatmap_speed2,2121129191,connected,33,43,8,1.0,1.0,-1.0,-1.0
PM4_heatmap_speed2,2121129191,connected,34,43,8,1.0,1.0,1.0,1.0
PM4_heatmap_speed2,2121129191,connected,35,43,27,0.8888888888888888,0.8888888888888888,0.9230769230769231,0.9230769230769231
PM4_heatmap_speed2,2121129191,connected,36,43,26,0.7692307692307693,0.7692307692307693,0.8,0.8
PM4_heatmap_speed2,2121129191,connected,37,43,15,0.8666666666666667,0.8666666666666667,1.0,1.0
PM4_heatmap_speed2,2121129191,connected,38,43,42,0.8809523809523809,0.8809523809523809,1.0,1.0
PM4_heatmap_speed2,2121129191,connected,40,43,52,0.9038461538461539,0.9038461538461539,-1.0,-1.0
PM4_heatmap_speed2,2121129191,connected,41,43,75,0.8266666666666667,0.8266666666666667,-1.0,-1.0
PM4_heatmap_speed2,2121129191,connected,42,43,32,0.875,0.875,-1.0,-1.0
PM4_heatmap_speed2,2121129191,connected,43,43,12,1.0,1.0,-1.0,-1.0
PM4_heatmap_speed2,2121129191,connected,44,43,76,0.8552631578947368,0.8552631578947368,-1.0,-1.0
PM4_heatmap_speed2,2121129191,connected,45,43,71,0.8591549295774648,0.8591549295774648,1.0,1.0
PM4_heatmap_speed2,2121129191,connected,46,43,6,1.0,1.0,-1.0,-1.0
PM4_heatmap_speed2,2121129191,connected,47,43,26,0.8461538461538461,0.8461538461538461,1.0,1.0
PM4_heatmap_speed2,2121129191,connected,49,43,20,0.85,0.85,-1.0,-1.0
PM4_heatmap_speed2,2121129191,connected,0,44,28,1.0,1.0,1.0,1.0
PM4_heatmap_speed2,2121129191,connected,1,44,22,0.9545454545454546,0.9545454545454546,0.8,0.8
PM4_heatmap_speed2,2121129191,connected,2,44,65,0.8923076923076924,0.8923076923076924,0.8421052631578947,0.8421052631578947
PM4_heatmap_speed2,2121129191,connected,3,44,64,0.890625,0.890625,0.5,0.5
PM4_heatmap_speed2,2121129191,connected,4,44,20,0.8,0.8,-1.0,-1.0
PM4_heatmap_speed2,2121129191,connected,5,44,81,0.9259259259259259,0.9259259259259259,-1.0,-1.0
PM4_heatmap_speed2,2121129191,connected,6,44,24,0.7916666666666666,0.7916666666666666,-1.0,-1.0
PM4_heatmap_speed2,2121129191,connected,7,44,131,0.9541984732824428,0.9541984732824428,1.0,1.0
PM4_heatmap_speed2,2121129191,connected,8,44,103,0.9320388349514563,0.9320388349514563,1.0,1.0
PM4_heatmap_speed2,2121129191,connected,9,44,55,0.8909090909090909,0.8909090909090909,1.0,1.0
PM4_heatmap_speed2,2121129191,connected,10,44,69,0.9420289855072463,0.9420289855072463,1.0,1.0
PM4_heatmap_speed2,2121129191,connected,11,44,95,0.9157894736842105,0.9157894736842105,1.0,1.0
PM4_heatmap_speed2,2121129191,connected,12,44,28,0.9642857142857143,0.9642857142857143,1.0,1.0
PM4_heatmap_speed2,2121129191,connected,13,44,87,0.8850574712643678,0.8850574712643678,-1.0,-1.0
PM4_heatmap_speed2,2121129191,connected,14,44,89,0.898876404494382,0.898876404494382,1.0,1.0
PM4_heatmap_speed2,2121129191,connected,15,44,27,0.8888888888888888,0.8888888888888888,-1.0,-1.0
PM4_heatmap_speed2,2121129191,connected,16,44,77,0.922077922077922,0.922077922077922,1.0,1.0
PM4_heatmap_speed2,2121129191,connected,17,44,21,0.8095238095238095,0.8095238095238095,-1.0,-1.0
PM4_heatmap_speed2,2121129191,connected,18,44,11,0.8181818181818182,0.8181818181818182,-1.0,-1.0
PM4_heatmap_speed2,2121129191,connected,19,44,20,0.85,0.85,-1.0,-1.0
PM4_heatmap_speed2,2121129191,connected,21,44,22,1.0,1.0,1.0,1.0
PM4_heatmap_speed2,2121129191,connected,22,44,82,0.9146341463414634,0.9146341463414634,1.0,1.0
PM4_heatmap_speed2,2121129191,connected,23,44,37,0.8378378378378378,0.8378378378378378,0.5,0.5
PM4_heatmap_speed2,2121129191,connected,24,44,84,0.8690476190476191,0.8690476190476191,0.6666666666666666,0.6666666666666666
PM4_heatmap_speed2,2121129191,connected,25,44,105,0.8666666666666667,0.8666666666666667,0.5,0.5
PM4_heatmap_speed2,2121129191,connected,26,44,53,0.8113207547169812,0.8113207547169812,0.5,0.5
PM4_heatmap_speed2,2121129191,connected,27,44,41,0.7804878048780488,0.7804878048780488,0.875,0.875
PM4_heatmap_speed2,2121129191,connected,28,44,39,0.8974358974358975,0.8974358974358975,-1.0,-1.0
PM4_heatmap_speed2,2121129191,connected,29,44,14,0.8571428571428571,0.8571428571428571,-1.0,-1.0
PM4_heatmap_speed2,2121129191,connected,30,44,10,0.9,0.9,-1.0,-1.0
PM4_heatmap_speed2,2121129191,connected,31,44,14,0.9285714285714286,0.9285714285714286,-1.0,-1.0
PM4_heatmap_speed2,2121129191,connected,32,44,46,0.9347826086956522,0.9347826086956522,1.0,1.0
PM4_heatmap_speed2,2121129191,connected,33,44,52,0.9807692307692307,0.9807692307692307,0.9523809523809523,0.9523809523809523
PM4_heatmap_speed2,2121129191,connected,34,44,72,0.9166666666666666,0.9166666666666666,0.9666666666666667,0.9666666666666667
PM4_heatmap_speed2,2121129191,connected,35,44,48,0.875,0.875,1.0,1.0
PM4_heatmap_speed2,2121129191,connected,36,44,93,0.8494623655913979,0.8494623655913979,0.9523809523809523,0.9523809523809523
PM4_heatmap_speed2,2121129191,connected,37,44,52,0.8076923076923077,0.8076923076923077,-1.0,-1.0
PM4_heatmap_speed2,2121129191,connected,38,44,42,0.8333333333333334,0.8333333333333334,1.0,1.0
PM4_heatmap_speed2,2121129191,connected,39,44,29,0.7931034482758621,0.7931034482758621,-1.0,-1.0
PM4_heatmap_speed2,2121129191,connected,40,44,99,0.8686868686868687,0.8686868686868687,-1.0,-1.0
PM4_heatmap_speed2,2121129191,connected,41,44,72,0.8472222222222222,0.8472222222222222,-1.0,-1.0
PM4_heatmap_speed2,2121129191,connected,42,44,59,0.9152542372881356,0.9152542372881356,-1.0,-1.0
PM4_heatmap_speed2,2121129191,connected,43,44,31,0.9032258064516129,0.9032258064516129,-1.0,-1.0
PM4_heatmap_speed2,2121129191,connected,44,44,28,0.7857142857142857,0.7857142857142857,-1.0,-1.0
PM4_heatmap_speed2,2121129191,connected,45,44,77,0.8831168831168831,0.8831168831168831,0.7142857142857143,0.7142857142857143
PM4_heatmap_speed2,2121129191,connected,46,44,10,0.9,0.9,-1.0,-1.0
PM4_heatmap_speed2,2121129191,connected,47,44,54,0.8888888888888888,0.8888888888888888,1.0,1.0
PM4_heatmap_speed2,2121129191,connected,48,44,46,0.8913043478260869,0.8913043478260869,1.0,1.0
PM4_heatmap_speed2,2121129191,connected,49,44,18,0.9444444444444444,0.9444444444444444,-1.0,-1.0
PM4_heatmap_speed2,2121129191,connected,0,45,11,0.9090909090909091,0.9090909090909091,1.0,1.0
PM4_heatmap_speed2,2121129191,connected,1,45,9,1.0,1.0,1.0,1.0
PM4_heatmap_speed2,2121129191,connected,2,45,35,0.9428571428571428,0.9428571428571428,0.9,0.9
PM4_heatmap_speed2,2121129191,connected,3,45,38,0.8947368421052632,0.8947368421052632,1.0,1.0
PM4_heatmap_speed2,2121129191,connected,5,45,46,0.9347826086956522,0.9347826086956522,-1.0,-1.0
PM4_heatmap_speed2,2121129191,connected,6,45,19,0.9473684210526315,0.9473684210526315,1.0,1.0
PM4_heatmap_speed2,2121129191,connected,7,45,128,0.8984375,0.8984375,0.9444444444444444,0.9444444444444444
PM4_heatmap_speed2,2121129191,connected,8,45,41,0.8780487804878049,0.8780487804878049,1.0,1.0
PM4_heatmap_speed2,2121129191,connected,10,45,72,0.9305555555555556,0.9305555555555556,1.0,1.0
PM4_heatmap_speed2,2121129191,connected,11,45,81,0.9012345679012346,0.9012345679012346,0.8461538461538461,0.8461538461538461
PM4_heatmap_speed2,2121129191,connected,12,45,39,0.8717948717948718,0.8717948717948718,1.0,1.0
PM4_heatmap_speed2,2121129191,connected,13,45,67,0.8805970149253731,0.8805970149253731,1.0,1.0
PM4_heatmap_speed2,2121129191,connected,14,45,101,0.8811881188118812,0.8811881188118812,1.0,1.0
PM4_heatmap_speed2,2121129191,connected,15,45,69,0.8985507246376812,0.8985507246376812,1.0,1.0
PM4_heatmap_speed2,2121129191,connected,16,45,93,0.8924731182795699,0.8924731182795699,1.0,1.0
PM4_heatmap_speed2,2121129191,connected,17,45,21,0.8095238095238095,0.8095238095238095,1.0,1.0
PM4_heatmap_speed2,2121129191,connected,18,45,20,0.8,0.8,-1.0,-1.0
PM4_heatmap_speed2,2121129191,connected,19,45,23,0.9130434782608695,0.9130434782608695,-1.0,-1.0
PM4_heatmap_speed2,2121129191,connected,20,45,7,1.0,1.0,-1.0,-1.0
PM4_heatmap_speed2,2121129191,connected,21,45,32,0.9375,0.9375,-1.0,-1.0
PM4_heatmap_speed2,2121129191,connected,22,45,38,0.868421052631579,0.868421052631579,-1.0,-1.0
PM4_heatmap_speed2,2121129191,connected,23,45,19,0.8947368421052632,0.8947368421052632,1.0,1.0
PM4_heatmap_speed2,2121129191,connected,24,45,89,0.8426966292134831,0.8426966292134831,0.75,0.75
PM4_heatmap_speed2,2121129191,connected,25,45,115,0.8695652173913043,0.8695652173913043,0.0,0.0
PM4_heatmap_speed2,2121129191,connected,26,45,24,0.875,0.875,-1.0,-1.0
PM4_heatmap_speed2,2121129191,connected,27,45,23,0.8695652173913043,0.8695652173913043,0.75,0.75
PM4_heatmap_speed2,2121129191,connected,28,45,19,0.7894736842105263,0.7894736842105263,-1.0,-1.0
PM4_heatmap_speed2,2121129191,connected,30,45,14,1.0,1.0,-1.0,-1.0
PM4_heatmap_speed2,2121129191,connected,31,45,49,0.9387755102040817,0.9387755102040817,1.0,1.0
PM4_heatmap_speed2,2121129191,connected,32,45,22,0.9090909090909091,0.9090909090909091,-1.0,-1.0
PM4_heatmap_speed2,2121129191,connected,33,45,42,0.9047619047619048,0.9047619047619048,0.75,0.75
PM4_heatmap_speed2,2121129191,connected,34,45,14,0.8571428571428571,0.8571428571428571,0.8333333333333334,0.8333333333333334
PM4_heatmap_speed2,2121129191,connected,35,45,20,0.9,0.9,1.0,1.0
PM4_heatmap_speed2,2121129191,connected,36,45,22,0.6818181818181818,0.6818181818181818,0.5,0.5
PM4_heatmap_speed2,2121129191,connected,37,45,45,0.8,0.8,0.0,0.0
PM4_heatmap_speed2,2121129191,connected,38,45,16,0.8125,0.8125,1.0,1.0
PM4_heatmap_speed2,2121129191,connected,40,45,30,0.7666666666666667,0.7666666666666667,-1.0,-1.0
PM4_heatmap_speed2,2121129191,connected,41,45,45,0.8444444444444444,0.8444444444444444,-1.0,-1.0
PM4_heatmap_speed2,2121129191,connected,42,45,58,0.9310344827586207,0.9310344827586207,-1.0,-1.0
PM4_heatmap_speed2,2121129191,connected,43,45,11,1.0,1.0,-1.0,-1.0
PM4_heatmap_speed2,2121129191,connected,44,45,12,0.5833333333333334,0.5833333333333334,-1.0,-1.0
PM4_heatmap_speed2,2121129191,connected,45,45,15,0.8666666666666667,0.8666666666666667,1.0,1.0
PM4_heatmap_speed2,2121129191,connected,46,45,10,0.9,0.9,0.75,0.75
PM4_heatmap_speed2,2121129191,connected,47,45,38,1.0,1.0,-1.0,-1.0
PM4_heatmap_speed2,2121129191,connected,48,45,4,1.0,1.0,-1.0,-1.0
PM4_heatmap_speed2,2121129191,connected,49,45,15,0.9333333333333333,0.9333333333333333,-1.0,-1.0
PM4_heatmap_speed2,2121129191,connected,0,46,13,0.9230769230769231,0.9230769230769231,1.0,1.0
PM4_heatmap_speed2,2121129191,connected,1,46,7,0.8571428571428571,0.8571428571428571,1.0,1.0
PM4_heatmap_speed2,2121129191,connected,2,46,24,0.875,0.875,1.0,1.0
PM4_heatmap_speed2,2121129191,connected,3,46,35,0.9714285714285714,0.9714285714285714,1.0,1.0
PM4_heatmap_speed2,2121129191,connected,4,46,21,0.9047619047619048,0.9047619047619048,1.0,1.0
PM4_heatmap_speed2,2121129191,connected,5,46,66,0.9393939393939394,0.9393939393939394,-1.0,-1.0
PM4_heatmap_speed2,2121129191,connected,6,46,12,0.75,0.75,-1.0,-1.0
PM4_heatmap_speed2,2121129191,connected,7,46,57,0.8947368421052632,0.8947368421052632,0.875,0.875
PM4_heatmap_speed2,2121129191,connected,8,46,63,0.9047619047619048,0.9047619047619048,0.9090909090909091,0.9090909090909091
PM4_heatmap_speed2,2121129191,connected,10,46,25,0.96,0.96,-1.0,-1.0
PM4_heatmap_speed2,2121129191,connected,11,46,39,0.8717948717948718,0.8717948717948718,-1.0,-1.0
PM4_heatmap_speed2,2121129191,connected,13,46,50,0.86,0.86,1.0,1.0
PM4_heatmap_speed2,2121129191,connected,14,46,33,0.8181818181818182,0.8181818181818182,-1.0,-1.0
PM4_heatmap_speed2,2121129191,connected,16,46,18,0.9444444444444444,0.9444444444444444,-1.0,-1.0
PM4_heatmap_speed2,2121129191,connected,18,46,19,0.8947368421052632,0.8947368421052632,-1.0,-1.0
PM4_heatmap_speed2,2121129191,connected,19,46,103,0.8640776699029126,0.8640776699029126,-1.0,-1.0
PM4_heatmap_speed2,2121129191,connected,20,46,28,0.8571428571428571,0.8571428571428571,-1.0,-1.0
PM4_heatmap_speed2,2121129191,connected,22,46,16,0.6875,0.6875,-1.0,-1.0
PM4_heatmap_speed2,2121129191,connected,24,46,44,0.9545454545454546,0.9545454545454546,-1.0,-1.0
PM4_heatmap_speed2,2121129191,connected,25,46,36,0.8055555555555556,0.8055555555555556,-1.0,-1.0
PM4_heatmap_speed2,2121129191,connected,26,46,54,0.8888888888888888,0.8888888888888888,-1.0,-1.0
PM4_heatmap_speed2,2121129191,connected,27,46,63,0.9047619047619048,0.9047619047619048,0.8,0.8
PM4_heatmap_speed2,2121129191,connected,28,46,40,0.875,0.875,-1.0,-1.0
PM4_heatmap_speed2,2121129191,connected,29,46,17,1.0,1.0,-1.0,-1.0
PM4_heatmap_speed2,2121129191,connected,30,46,46,1.0,1.0,-1.0,-1.0
PM4_heatmap_speed2,2121129191,connected,31,46,20,0.95,0.95,1.0,1.0
PM4_heatmap_speed2,2121129191,connected,32,46,26,0.9230769230769231,0.9230769230769231,1.0,1.0
PM4_heatmap_speed2,2121129191,connected,33,46,28,0.8928571428571429,0.8928571428571429,1.0,1.0
PM4_heatmap_speed2,2121129191,connected,35,46,15,0.8666666666666667,0.8666666666666667,0.9,0.9
PM4_heatmap_speed2,2121129191,connected,36,46,5,1.0,1.0,-1.0,-1.0
PM4_heatmap_speed2,2121129191,connected,37,46,4,1.0,1.0,-1.0,-1.0
PM4_heatmap_speed2,2121129191,connected,38,46,69,0.7681159420289855,0.7681159420289855,0.5,0.5
PM4_heatmap_speed2,2121129191,connected,39,46,42,0.8809523809523809,0.8809523809523809,-1.0,-1.0
PM4_heatmap_speed2,2121129191,connected,40,46,113,0.8672566371681416,0.8672566371681416,-1.0,-1.0
PM4_heatmap_speed2,2121129191,connected,41,46,90,0.8888888888888888,0.8888888888888888,-1.0,-1.0
PM4_heatmap_speed2,2121129191,connected,42,46,32,0.78125,0.78125,-1.0,-1.0
PM4_heatmap_speed2,2121129191,connected,44,46,10,0.6,0.6,-1.0,-1.0
PM4_heatmap_speed2,2121129191,connected,46,46,36,0.8611111111111112,0.8611111111111112,0.9,0.9
PM4_heatmap_speed2,2121129191,connected,47,46,3,1.0,1.0,-1.0,-1.0
PM4_heatmap_speed2,2121129191,connected,48,46,6,0.8333333333333334,0.8333333333333334,-1.0,-1.0
PM4_heatmap_speed2,2121129191,connected,49,46,29,0.9310344827586207,0.9310344827586207,-1.0,-1.0
PM4_heatmap_speed2,2121129191,connected,0,47,12,0.9166666666666666,0.9166666666666666,1.0,1.0
PM4_heatmap_speed2,2121129191,connected,1,47,17,0.8235294117647058,0.8235294117647058,-1.0,-1.0
PM4_heatmap_speed2,2121129191,connected,2,47,59,0.9152542372881356,0.9152542372881356,1.0,1.0
PM4_heatmap_speed2,2121129191,connected,3,47,38,0.9736842105263158,0.9736842105263158,1.0,1.0
PM4_heatmap_speed2,2121129191,connected,4,47,30,1.0,1.0,1.0,1.0
PM4_heatmap_speed2,2121129191,connected,5,47,70,0.9714285714285714,0.9714285714285714,1.0,1.0
PM4_heatmap_speed2,2121129191,connected,6,47,61,0.9672131147540983,0.9672131147540983,0.8888888888888888,0.8888888888888888
PM4_heatmap_speed2,2121129191,connected,7,47,47,0.9361702127659575,0.9361702127659575,0.9090909090909091,0.9090909090909091
PM4_heatmap_speed2,2121129191,connected,8,47,64,0.953125,0.953125,1.0,1.0
PM4_heatmap_speed2,2121129191,connected,9,47,35,0.9142857142857143,0.9142857142857143,-1.0,-1.0
PM4_heatmap_speed2,2121129191,connected,10,47,32,0.90625,0.90625,-1.0,-1.0
PM4_heatmap_speed2,2121129191,connected,11,47,59,0.8813559322033898,0.8813559322033898,-1.0,-1.0
PM4_heatmap_speed2,2121129191,connected,12,47,33,0.8181818181818182,0.8181818181818182,-1.0,-1.0
PM4_heatmap_speed2,2121129191,connected,13,47,38,0.8947368421052632,0.8947368421052632,-1.0,-1.0
PM4_heatmap_speed2,2121129191,connected,14,47,31,0.8709677419354839,0.8709677419354839,-1.0,-1.0
PM4_heatmap_speed2,2121129191,connected,15,47,45,0.9111111111111111,0.9111111111111111,-1.0,-1.0
PM4_heatmap_speed2,2121129191,connected,16,47,35,1.0,1.0,-1.0,-1.0
PM4_heatmap_speed2,2121129191,connected,17,47,11,0.9090909090909091,0.9090909090909091,-1.0,-1.0
PM4_heatmap_speed2,2121129191,connected,18,47,17,1.0,1.0,-1.0,-1.0
PM4_heatmap_speed2,2121129191,connected,19,47,131,0.9083969465648855,0.9083969465648855,-1.0,-1.0
PM4_heatmap_speed2,2121129191,connected,20,47,128,0.90625,0.90625,-1.0,-1.0
PM4_heatmap_speed2,2121129191,connected,21,47,33,0.8787878787878788,0.8787878787878788,1.0,1.0
PM4_heatmap_speed2,2121129191,connected,22,47,34,0.9117647058823529,0.9117647058823529,1.0,1.0
PM4_heatmap_speed2,2121129191,connected,24,47,52,0.9423076923076923,0.9423076923076923,1.0,1.0
PM4_heatmap_speed2,2121129191,connected,25,47,88,0.8295454545454546,0.8295454545454546,1.0,1.0
PM4_heatmap_speed2,2121129191,connected,26,47,57,0.8070175438596491,0.8070175438596491,-1.0,-1.0
PM4_heatmap_speed2,2121129191,connected,27,47,104,0.875,0.875,-1.0,-1.0
PM4_heatmap_speed2,2121129191,connected,28,47,78,0.8205128205128205,0.8205128205128205,-1.0,-1.0
PM4_heatmap_speed2,2121129191,connected,29,47,21,0.8095238095238095,0.8095238095238095,-1.0,-1.0
PM4_heatmap_speed2,2121129191,connected,30,47,59,0.9491525423728814,0.9491525423728814,1.0,1.0
PM4_heatmap_speed2,2121129191,connected,31,47,19,0.8947368421052632,0.8947368421052632,-1.0,-1.0
PM4_heatmap_speed2,2121129191,connected,32,47,51,0.803921568627451,0.803921568627451,0.7272727272727273,0.7272727272727273
PM4_heatmap_speed2,2121129191,connected,33,47,74,0.8918918918918919,0.8918918918918919,0.9565217391304348,0.9565217391304348
PM4_heatmap_speed2,2121129191,connected,34,47,16,0.8125,0.8125,0.8888888888888888,0.8888888888888888
PM4_heatmap_speed2,2121129191,connected,35,47,9,1.0,1.0,1.0,1.0
PM4_heatmap_speed2,2121129191,connected,36,47,10,0.9,0.9,-1.0,-1.0
PM4_heatmap_speed2,2121129191,connected,37,47,10,0.9,0.9,-1.0,-1.0
PM4_heatmap_speed2,2121129191,connected,38,47,22,0.9545454545454546,0.9545454545454546,1.0,1.0
PM4_heatmap_speed2,2121129191,connected,40,47,33,0.7878787878787878,0.7878787878787878,-1.0,-1.0
PM4_heatmap_speed2,2121129191,connected,41,47,23,0.8260869565217391,0.8260869565217391,-1.0,-1.0
PM4_heatmap_speed2,2121129191,connected,42,47,11,0.9090909090909091,0.9090909090909091,-1.0,-1.0
PM4_heatmap_speed2,2121129191,connected,43,47,21,0.8571428571428571,0.8571428571428571,-1.0,-1.0
PM4_heatmap_speed2,2121129191,connected,44,47,17,0.7647058823529411,0.7647058823529411,-1.0,-1.0
PM4_heatmap_speed2,2121129191,connected,45,47,2,0.5,0.5,-1.0,-1.0
PM4_heatmap_speed2,2121129191,connected,46,47,16,0.75,0.75,0.0,0.0
PM4_heatmap_speed2,2121129191,connected,47,47,58,0.9655172413793104,0.9655172413793104,0.9444444444444444,0.9444444444444444
PM4_heatmap_speed2,2121129191,connected,48,47,15,0.8,0.8,0.75,0.75
PM4_heatmap_speed2,2121129191,connected,49,47,24,0.9166666666666666,0.9166666666666666,1.0,1.0
PM4_heatmap_speed2,2121129191,connected,0,48,15,0.9333333333333333,0.9333333333333333,-1.0,-1.0
PM4_heatmap_speed2,2121129191,connected,1,48,46,0.9782608695652174,0.9782608695652174,1.0,1.0
PM4_heatmap_speed2,2121129191,connected,2,48,23,0.9565217391304348,0.9565217391304348,1.0,1.0
PM4_heatmap_speed2,2121129191,connected,3,48,22,0.9090909090909091,0.9090909090909091,1.0,1.0
PM4_heatmap_speed2,2121129191,connected,4,48,31,0.967741935483871,0.967741935483871,1.0,1.0
PM4_heatmap_speed2,2121129191,connected,5,48,67,0.9850746268656716,0.9850746268656716,1.0,1.0
PM4_heatmap_speed2,2121129191,connected,6,48,55,0.9272727272727272,0.9272727272727272,0.5,0.5
PM4_heatmap_speed2,2121129191,connected,7,48,33,0.9090909090909091,0.9090909090909091,-1.0,-1.0
PM4_heatmap_speed2,2121129191,connected,8,48,51,0.9019607843137255,0.9019607843137255,-1.0,-1.0
PM4_heatmap_speed2,2121129191,connected,9,48,12,0.9166666666666666,0.9166666666666666,-1.0,-1.0
PM4_heatmap_speed2,2121129191,connected,11,48,30,0.9333333333333333,0.9333333333333333,-1.0,-1.0
PM4_heatmap_speed2,2121129191,connected,12,48,26,0.8461538461538461,0.8461538461538461,-1.0,-1.0
PM4_heatmap_speed2,2121129191,connected,13,48,17,0.8823529411764706,0.8823529411764706,-1.0,-1.0
PM4_heatmap_speed2,2121129191,connected,15,48,19,0.8947368421052632,0.8947368421052632,-1.0,-1.0
PM4_heatmap_speed2,2121129191,connected,16,48,17,0.8235294117647058,0.8235294117647058,-1.0,-1.0
PM4_heatmap_speed2,2121129191,connected,17,48,5,1.0,1.0,-1.0,-1.0
PM4_heatmap_speed2,2121129191,connected,18,48,12,1.0,1.0,-1.0,-1.0
PM4_heatmap_speed2,2121129191,connected,19,48,50,0.96,0.96,-1.0,-1.0
PM4_heatmap_speed2,2121129191,connected,20,48,24,0.8333333333333334,0.8333333333333334,-1.0,-1.0
PM4_heatmap_speed2,2121129191,connected,21,48,13,0.8461538461538461,0.8461538461538461,-1.0,-1.0
PM4_heatmap_speed2,2121129191,connected,22,48,52,0.8461538461538461,0.8461538461538461,0.875,0.875
PM4_heatmap_speed2,2121129191,connected,23,48,34,0.9411764705882353,0.9411764705882353,0.6666666666666666,0.6666666666666666
PM4_heatmap_speed2,2121129191,connected,24,48,35,0.9714285714285714,0.9714285714285714,1.0,1.0
PM4_heatmap_speed2,2121129191,connected,25,48,41,0.9024390243902439,0.9024390243902439,1.0,1.0
PM4_heatmap_speed2,2121129191,connected,27,48,17,0.6470588235294118,0.6470588235294118,-1.0,-1.0
PM4_heatmap_speed2,2121129191,connected,30,48,22,0.9545454545454546,0.9545454545454546,1.0,1.0
PM4_heatmap_speed2,2121129191,connected,32,48,25,0.96,0.96,1.0,1.0
PM4_heatmap_speed2,2121129191,connected,33,48,8,1.0,1.0,-1.0,-1.0
PM4_heatmap_speed2,2121129191,connected,34,48,1,0.0,0.0,-1.0,-1.0
PM4_heatmap_speed2,2121129191,connected,36,48,16,1.0,1.0,-1.0,-1.0
PM4_heatmap_speed2,2121129191,connected,37,48,3,1.0,1.0,-1.0,-1.0
PM4_heatmap_speed2,2121129191,connected,38,48,19,0.7894736842105263,0.7894736842105263,0.6666666666666666,0.6666666666666666
PM4_heatmap_speed2,2121129191,connected,40,48,11,0.8181818181818182,0.8181818181818182,-1.0,-1.0
PM4_heatmap_speed2,2121129191,connected,43,48,9,1.0,1.0,-1.0,-1.0
PM4_heatmap_speed2,2121129191,connected,44,48,12,0.9166666666666666,0.9166666666666666,-1.0,-1.0
PM4_heatmap_speed2,2121129191,connected,46,48,9,1.0,1.0,1.0,1.0
PM4_heatmap_speed2,2121129191,connected,47,48,32,0.96875,0.96875,1.0,1.0
PM4_heatmap_speed2,2121129191,connected,49,48,23,0.9565217391304348,0.9565217391304348,1.0,1.0
PM4_heatmap_speed2,2121129191,connected,2,49,4,1.0,1.0,-1.0,-1.0
PM4_heatmap_speed2,2121129191,connected,3,49,2,1.0,1.0,-1.0,-1.0
PM4_heatmap_speed2,2121129191,connected,5,49,9,0.8888888888888888,0.8888888888888888,1.0,1.0
PM4_heatmap_speed2,2121129191,connected,6,49,49,0.9387755102040817,0.9387755102040817,1.0,1.0
PM4_heatmap_speed2,2121129191,connected,7,49,47,0.9361702127659575,0.9361702127659575,0.0,0.0
PM4_heatmap_speed2,2121129191,connected,8,49,18,0.9444444444444444,0.9444444444444444,-1.0,-1.0
PM4_heatmap_speed2,2121129191,connected,9,49,61,0.9016393442622951,0.9016393442622951,-1.0,-1.0
PM4_heatmap_speed2,2121129191,connected,10,49,31,0.9354838709677419,0.9354838709677419,-1.0,-1.0
PM4_heatmap_speed2,2121129191,connected,11,49,9,1.0,1.0,-1.0,-1.0
PM4_heatmap_speed2,2121129191,connected,13,49,19,1.0,1.0,-1.0,-1.0
PM4_heatmap_speed2,2121129191,connected,14,49,21,0.8571428571428571,0.8571428571428571,-1.0,-1.0
PM4_heatmap_speed2,2121129191,connected,15,49,32,0.875,0.875,-1.0,-1.0
PM4_heatmap_speed2,2121129191,connected,16,49,12,0.6666666666666666,0.6666666666666666,-1.0,-1.0
PM4_heatmap_speed2,2121129191,connected,21,49,25,0.8,0.8,-1.0,-1.0
PM4_heatmap_speed2,2121129191,connected,22,49,9,1.0,1.0,1.0,1.0
PM4_heatmap_speed2,2121129191,connected,24,49,5,1.0,1.0,1.0,1.0
PM4_heatmap_speed2,2121129191,connected,25,49,42,0.8809523809523809,0.8809523809523809,0.5,0.5
PM4_heatmap_speed2,2121129191,connected,26,49,8,1.0,1.0,-1.0,-1.0
PM4_heatmap_speed2,2121129191,connected,27,49,17,0.7647058823529411,0.7647058823529411,-1.0,-1.0
PM4_heatmap_speed2,2121129191,connected,28,49,7,0.5714285714285714,0.5714285714285714,-1.0,-1.0
PM4_heatmap_speed2,2121129191,connected,29,49,9,0.7777777777777778,0.7777777777777778,-1.0,-1.0
PM4_heatmap_speed2,2121129191,connected,30,49,24,0.875,0.875,-1.0,-1.0
PM4_heatmap_speed2,2121129191,connected,31,49,16,0.9375,0.9375,-1.0,-1.0
PM4_heatmap_speed2,2121129191,connected,32,49,11,0.8181818181818182,0.8181818181818182,-1.0,-1.0
PM4_heatmap_speed2,2121129191,connected,33,49,4,1.0,1.0,-1.0,-1.0
PM4_heatmap_speed2,2121129191,connected,35,49,3,1.0,1.0,-1.0,-1.0
PM4_heatmap_speed2,2121129191,connected,37,49,18,0.8888888888888888,0.8888888888888888,1.0,1.0
PM4_heatmap_speed2,2121129191,connected,38,49,20,0.85,0.85,0.6666666666666666,0.6666666666666666
PM4_heatmap_speed2,2121129191,connected,39,49,24,0.9166666666666666,0.9166666666666666,-1.0,-1.0
PM4_heatmap_speed2,2121129191,connected,40,49,31,0.9032258064516129,0.9032258064516129,-1.0,-1.0
PM4_heatmap_speed2,2121129191,connected,41,49,14,0.8571428571428571,0.8571428571428571,-1.0,-1.0
PM4_heatmap_speed2,2121129191,connected,42,49,14,0.7857142857142857,0.7857142857142857,-1.0,-1.0
PM4_heatmap_speed2,2121129191,connected,43,49,5,0.8,0.8,-1.0,-1.0
PM4_heatmap_speed2,2121129191,connected,44,49,4,1.0,1.0,-1.0,-1.0
PM4_heatmap_speed2,2121129191,connected,45,49,8,0.875,0.875,1.0,1.0
PM4_heatmap_speed2,2121129191,connected,46,49,21,0.9523809523809523,0.9523809523809523,1.0,1.0
PM4_heatmap_speed2,2121129191,connected,47,49,23,0.8695652173913043,0.8695652173913043,0.875,0.875
PM4_heatmap_speed2,2121129191,connected,48,49,22,0.9545454545454546,0.9545454545454546,0.8571428571428571,0.8571428571428571
PM4_heatmap_speed2,2121129191,connected,49,49,12,1.0,1.0,1.0,1.0
